2026.09.26-05.29.48 --- S08 trace open 2026.09.26-05.29.48 ---
2026.09.26-05.29.48 S09AUTO config flow=1 boost=0 shotDir=C:\Users\ren\AppData\Local\Temp\s09-pending-20260926-102946-166640\host
2026.09.26-05.29.48 LOGIN ok user=s09-gd034-host
2026.09.26-05.29.51 HEROES loaded 84
2026.09.26-05.29.51 createGame -> room=cmuhya9jn000dwiscmby432sz code=<redacted> status=LOBBY
2026.09.26-05.29.54 game -> room=cmuhya9jn000dwiscmby432sz code=<redacted> status=LOBBY
2026.09.26-05.29.54 selectHero -> room=cmuhya9jn000dwiscmby432sz code=<redacted> status=LOBBY
2026.09.26-05.29.57 game -> room=cmuhya9jn000dwiscmby432sz code=<redacted> status=LOBBY
2026.09.26-05.29.57 toggleReady -> room=cmuhya9jn000dwiscmby432sz code=<redacted> status=LOBBY
2026.09.26-05.30.00 game -> room=cmuhya9jn000dwiscmby432sz code=<redacted> status=LOBBY
2026.09.26-05.30.03 game -> room=cmuhya9jn000dwiscmby432sz code=<redacted> status=LOBBY
2026.09.26-05.30.06 game -> room=cmuhya9jn000dwiscmby432sz code=<redacted> status=LOBBY
2026.09.26-05.30.06 startGame -> room=cmuhya9jn000dwiscmby432sz code=<redacted> status=IN_PROGRESS
2026.09.26-05.30.06 S09AUTO drive mode=0 plan=[attack+scheme] phase= turn=
2026.09.26-05.30.06 SNAPSHOT applied seq=1 phase=ACTION_MANEUVER
2026.09.26-05.30.06 HANDLE_APPLIED #1 seq=1 decision=2 fightersValid=1 boardValid=1
2026.09.26-05.30.06 MODE seq=1 mode=0 combat=0 pending=0
2026.09.26-05.30.06 HUD seq=1 phase=ACTION_MANEUVER turn=you hand=5 oppHand=5(hidden) oppDeck=25 deck=25 discard=0
2026.09.26-05.30.06 CAMERA dist=1931 loc=(0,1107,1582) pitch=-55 yaw=-90
2026.09.26-05.30.06 BOARD 5x6 cells | control points: (0,0)=(-200,-250,0) (4,5)=(200,250,0) | neighbor pair (dist 100 uu)
2026.09.26-05.30.06 FIGHTERS synced n=6 alive=6 own=4 enemy=2
2026.09.26-05.30.06 STATE seq=1 -> apply
2026.09.26-05.30.06 S09AUTO own turn #0 (turnCount=1)
2026.09.26-05.30.06 S09AUTO attack (attacker=f-0-hero target-set card-set)
2026.09.26-05.30.06 ATTACK sent
2026.09.26-05.30.06 SNAPSHOT applied seq=1 phase=ACTION_MANEUVER
2026.09.26-05.30.06 HANDLE_APPLIED #2 seq=1 decision=1 fightersValid=1 boardValid=1
2026.09.26-05.30.06 MODE seq=1 mode=3 combat=0 pending=0
2026.09.26-05.30.06 HUD seq=1 phase=ACTION_MANEUVER turn=you hand=5 oppHand=5(hidden) oppDeck=25 deck=25 discard=0
2026.09.26-05.30.06 FIGHTERS synced n=6 alive=6 own=4 enemy=2
2026.09.26-05.30.06 STATE seq=1 -> merge
2026.09.26-05.30.06 SUBSCRIBED gameStateUpdated since=1
2026.09.26-05.30.06 SNAPSHOT applied seq=2 phase=COMBAT
2026.09.26-05.30.06 HANDLE_APPLIED #3 seq=2 decision=2 fightersValid=1 boardValid=1
2026.09.26-05.30.06 closed mode=
2026.09.26-05.30.06 MODE seq=2 mode=0 combat=1 pending=0
2026.09.26-05.30.06 HUD seq=2 phase=COMBAT turn=you hand=4 oppHand=5(hidden) oppDeck=25 deck=25 discard=1
2026.09.26-05.30.06 FIGHTERS synced n=6 alive=6 own=4 enemy=2
2026.09.26-05.30.06 ATTACK done seq=2 (apply) phase=COMBAT
2026.09.26-05.30.06 SNAPSHOT applied seq=2 phase=COMBAT
2026.09.26-05.30.06 HANDLE_APPLIED #4 seq=2 decision=1 fightersValid=1 boardValid=1
2026.09.26-05.30.06 MODE seq=2 mode=0 combat=1 pending=0
2026.09.26-05.30.06 HUD seq=2 phase=COMBAT turn=you hand=4 oppHand=5(hidden) oppDeck=25 deck=25 discard=1
2026.09.26-05.30.06 FIGHTERS synced n=6 alive=6 own=4 enemy=2
2026.09.26-05.30.06 WS seq=2 phase=COMBAT (merge)
2026.09.26-05.30.07 SNAPSHOT applied seq=3 phase=COMBAT_RESOLVE
2026.09.26-05.30.07 HANDLE_APPLIED #5 seq=3 decision=2 fightersValid=1 boardValid=1
2026.09.26-05.30.07 closed mode=
2026.09.26-05.30.07 MODE seq=3 mode=5 combat=1 pending=0
2026.09.26-05.30.07 HUD seq=3 phase=COMBAT_RESOLVE turn=you hand=4 oppHand=4(hidden) oppDeck=25~ deck=25~ discard=1
2026.09.26-05.30.07 FIGHTERS synced n=6 alive=6 own=4 enemy=2
2026.09.26-05.30.07 WS seq=3 phase=COMBAT_RESOLVE (apply)
2026.09.26-05.30.07 S09AUTO drive mode=5 plan=[attack+scheme] phase=COMBAT_RESOLVE turn=cmuhntivg0000wib0anhqyswc
2026.09.26-05.30.07 SNAPSHOT applied seq=4 phase=COMBAT_RESOLVE
2026.09.26-05.30.07 HANDLE_APPLIED #6 seq=4 decision=2 fightersValid=1 boardValid=1
2026.09.26-05.30.07 closed mode=
2026.09.26-05.30.07 MODE seq=4 mode=6 combat=1 pending=1
2026.09.26-05.30.07 HUD seq=4 phase=COMBAT_RESOLVE turn=you hand=4 oppHand=4(hidden) oppDeck=25~ deck=25~ discard=1
2026.09.26-05.30.07 FIGHTERS synced n=6 alive=6 own=4 enemy=2
2026.09.26-05.30.07 WS seq=4 phase=COMBAT_RESOLVE (apply)
2026.09.26-05.30.07 S09AUTO drive mode=6 plan=[attack+scheme] phase=COMBAT_RESOLVE turn=cmuhntivg0000wib0anhqyswc
2026.09.26-05.30.07 S09AUTO pending-open shot (type=BOOST_CHOICE stage=0 mode=)
2026.09.26-05.30.07 SHOT ctx viewport=1280x720 viewTarget=CameraActor_2147482375 cam=(0,1107,1582) rot=(-55,-90,0)
2026.09.26-05.30.07 SHOT fighter f-0-hero pos=(2,2) world=(0,-50,0) screen=(640,318) projected=1 alive=1
2026.09.26-05.30.07 SHOT fighter f-0-sk0 pos=(3,2) world=(100,-50,0) screen=(744,318) projected=1 alive=1
2026.09.26-05.30.07 SHOT fighter f-0-sk1 pos=(2,1) world=(0,-150,0) screen=(640,236) projected=1 alive=1
2026.09.26-05.30.07 SHOT fighter f-0-sk2 pos=(1,2) world=(-100,-50,0) screen=(536,318) projected=1 alive=1
2026.09.26-05.30.07 SHOT fighter f-1-hero pos=(2,3) world=(0,50,0) screen=(640,404) projected=1 alive=1
2026.09.26-05.30.07 SHOT fighter f-1-sk0 pos=(3,3) world=(100,50,0) screen=(747,404) projected=1 alive=1
2026.09.26-05.30.07 SHOT requested: FScreenshotRequest(bShowUI) -> C:\Users\ren\AppData\Local\Temp\s09-pending-20260926-102946-166640\host/s09-pending-BOOST_CHOICE.png
2026.09.26-05.30.07 S09AUTO boost choice - holding 4s for the other seat's reveal capture
2026.09.26-05.30.11 S09AUTO pending picked (type=BOOST_CHOICE stage=0)
2026.09.26-05.30.11 PEND-RESOLVE sent type=BOOST_CHOICE stage=0 id=cmuhgvgkf00smwi9gaeymh3ur-during-0-boost-3
2026.09.26-05.30.11 SNAPSHOT applied seq=5 phase=ACTION_MANEUVER
2026.09.26-05.30.11 HANDLE_APPLIED #7 seq=5 decision=2 fightersValid=1 boardValid=1
2026.09.26-05.30.11 COMBAT-RESULT seq=5 damage=2 role=attacked
2026.09.26-05.30.11 S09AUTO combat-result shot
2026.09.26-05.30.11 SHOT ctx viewport=1280x720 viewTarget=CameraActor_2147482375 cam=(0,1107,1582) rot=(-55,-90,0)
2026.09.26-05.30.11 SHOT fighter f-0-hero pos=(2,2) world=(0,-50,0) screen=(640,318) projected=1 alive=1
2026.09.26-05.30.11 SHOT fighter f-0-sk0 pos=(3,2) world=(100,-50,0) screen=(744,318) projected=1 alive=1
2026.09.26-05.30.11 SHOT fighter f-0-sk1 pos=(2,1) world=(0,-150,0) screen=(640,236) projected=1 alive=1
2026.09.26-05.30.11 SHOT fighter f-0-sk2 pos=(1,2) world=(-100,-50,0) screen=(536,318) projected=1 alive=1
2026.09.26-05.30.11 SHOT fighter f-1-hero pos=(2,3) world=(0,50,0) screen=(640,404) projected=1 alive=1
2026.09.26-05.30.11 SHOT fighter f-1-sk0 pos=(3,3) world=(100,50,0) screen=(747,404) projected=1 alive=1
2026.09.26-05.30.11 SHOT requested: FScreenshotRequest(bShowUI) -> C:\Users\ren\AppData\Local\Temp\s09-pending-20260926-102946-166640\host/s09-combat-result.png
2026.09.26-05.30.11 closed mode=
2026.09.26-05.30.11 MODE seq=5 mode=0 combat=0 pending=0
2026.09.26-05.30.11 HUD seq=5 phase=ACTION_MANEUVER turn=you hand=3 oppHand=4(hidden) oppDeck=25~ deck=25~ discard=2
2026.09.26-05.30.11 FIGHTERS synced n=6 alive=6 own=4 enemy=2
2026.09.26-05.30.11 CUE damage f-1-hero -2 seq=5
2026.09.26-05.30.11 WS seq=5 phase=ACTION_MANEUVER (apply)
2026.09.26-05.30.11 SNAPSHOT applied seq=5 phase=ACTION_MANEUVER
2026.09.26-05.30.11 HANDLE_APPLIED #8 seq=5 decision=1 fightersValid=1 boardValid=1
2026.09.26-05.30.11 MODE seq=5 mode=0 combat=0 pending=0
2026.09.26-05.30.11 HUD seq=5 phase=ACTION_MANEUVER turn=you hand=3 oppHand=4(hidden) oppDeck=25 deck=25 discard=2
2026.09.26-05.30.11 FIGHTERS synced n=6 alive=6 own=4 enemy=2
2026.09.26-05.30.11 PEND resolve done seq=5 (merge) phase=ACTION_MANEUVER
2026.09.26-05.30.11 S09AUTO drive mode=0 plan=[attack+scheme] phase=ACTION_MANEUVER turn=cmuhntivg0000wib0anhqyswc
2026.09.26-05.30.11 S09AUTO attack deferred - no may-boost card in hand (turn#0 elapsed=24s)
2026.09.26-05.30.11 SNAPSHOT applied seq=6 phase=ACTION_MANEUVER
2026.09.26-05.30.11 HANDLE_APPLIED #9 seq=6 decision=2 fightersValid=1 boardValid=1
2026.09.26-05.30.11 MANEUVER-DRAFT mode=maneuver:1:5
2026.09.26-05.30.11 DRAFT-OPEN draw committed (resume instead of begin)
2026.09.26-05.30.11 MODE seq=6 mode=1 combat=0 pending=0
2026.09.26-05.30.11 HUD seq=6 phase=ACTION_MANEUVER turn=you hand=4 oppHand=4(hidden) oppDeck=25~ deck=25~ discard=2
2026.09.26-05.30.11 FIGHTERS synced n=6 alive=6 own=4 enemy=2
2026.09.26-05.30.11 WS seq=6 phase=ACTION_MANEUVER (apply)
2026.09.26-05.30.11 SNAPSHOT applied seq=6 phase=ACTION_MANEUVER
2026.09.26-05.30.11 HANDLE_APPLIED #10 seq=6 decision=1 fightersValid=1 boardValid=1
2026.09.26-05.30.11 MODE seq=6 mode=1 combat=0 pending=0
2026.09.26-05.30.11 HUD seq=6 phase=ACTION_MANEUVER turn=you hand=4 oppHand=4(hidden) oppDeck=25 deck=24 discard=2
2026.09.26-05.30.11 FIGHTERS synced n=6 alive=6 own=4 enemy=2
2026.09.26-05.30.11 MANEUVER begin seq=6 (merge) pending=maneuver:1:5
2026.09.26-05.30.11 S09AUTO drive mode=1 plan=[attack+scheme] phase=ACTION_MANEUVER turn=cmuhntivg0000wib0anhqyswc
2026.09.26-05.30.12 S09AUTO draft-open shot (maneuver marker live)
2026.09.26-05.30.12 SHOT ctx viewport=1280x720 viewTarget=CameraActor_2147482375 cam=(0,1107,1582) rot=(-55,-90,0)
2026.09.26-05.30.12 SHOT fighter f-0-hero pos=(2,2) world=(0,-50,0) screen=(640,318) projected=1 alive=1
2026.09.26-05.30.12 SHOT fighter f-0-sk0 pos=(3,2) world=(100,-50,0) screen=(744,318) projected=1 alive=1
2026.09.26-05.30.12 SHOT fighter f-0-sk1 pos=(2,1) world=(0,-150,0) screen=(640,236) projected=1 alive=1
2026.09.26-05.30.12 SHOT fighter f-0-sk2 pos=(1,2) world=(-100,-50,0) screen=(536,318) projected=1 alive=1
2026.09.26-05.30.12 SHOT fighter f-1-hero pos=(2,3) world=(0,50,0) screen=(640,404) projected=1 alive=1
2026.09.26-05.30.12 SHOT fighter f-1-sk0 pos=(3,3) world=(100,50,0) screen=(747,404) projected=1 alive=1
2026.09.26-05.30.12 SHOT requested: FScreenshotRequest(bShowUI) -> C:\Users\ren\AppData\Local\Temp\s09-pending-20260926-102946-166640\host/s09-maneuver-draft-open.png
2026.09.26-05.30.12 S09AUTO approach: no improving legal step
2026.09.26-05.30.12 MANEUVER-CONFIRM moves=0 boost=none
2026.09.26-05.30.12 SNAPSHOT applied seq=7 phase=ACTION_MANEUVER
2026.09.26-05.30.12 HANDLE_APPLIED #11 seq=7 decision=2 fightersValid=1 boardValid=1
2026.09.26-05.30.12 closed mode=
2026.09.26-05.30.12 MODE seq=7 mode=0 combat=0 pending=0
2026.09.26-05.30.12 HUD seq=7 phase=ACTION_MANEUVER turn=opp hand=4 oppHand=4(hidden) oppDeck=25 deck=24 discard=2
2026.09.26-05.30.12 FIGHTERS synced n=6 alive=6 own=4 enemy=2
2026.09.26-05.30.12 MANEUVER done seq=7 (apply) fighters=6 boost=no
2026.09.26-05.30.12 SNAPSHOT applied seq=7 phase=ACTION_MANEUVER
2026.09.26-05.30.12 HANDLE_APPLIED #12 seq=7 decision=1 fightersValid=1 boardValid=1
2026.09.26-05.30.12 MODE seq=7 mode=0 combat=0 pending=0
2026.09.26-05.30.12 HUD seq=7 phase=ACTION_MANEUVER turn=opp hand=4 oppHand=4(hidden) oppDeck=25 deck=24 discard=2
2026.09.26-05.30.12 FIGHTERS synced n=6 alive=6 own=4 enemy=2
2026.09.26-05.30.12 WS seq=7 phase=ACTION_MANEUVER (merge)
2026.09.26-05.30.13 SNAPSHOT applied seq=8 phase=ACTION_MANEUVER
2026.09.26-05.30.13 HANDLE_APPLIED #13 seq=8 decision=2 fightersValid=1 boardValid=1
2026.09.26-05.30.13 MODE seq=8 mode=0 combat=0 pending=1
2026.09.26-05.30.13 HUD seq=8 phase=ACTION_MANEUVER turn=opp hand=4 oppHand=3(hidden) oppDeck=25~ deck=24~ discard=2
2026.09.26-05.30.13 FIGHTERS synced n=6 alive=6 own=4 enemy=2
2026.09.26-05.30.13 WS seq=8 phase=ACTION_MANEUVER (apply)
2026.09.26-05.30.13 SHOT ctx viewport=1280x720 viewTarget=CameraActor_2147482375 cam=(0,1107,1582) rot=(-55,-90,0)
2026.09.26-05.30.13 SHOT fighter f-0-hero pos=(2,2) world=(0,-50,0) screen=(640,318) projected=1 alive=1
2026.09.26-05.30.13 SHOT fighter f-0-sk0 pos=(3,2) world=(100,-50,0) screen=(744,318) projected=1 alive=1
2026.09.26-05.30.13 SHOT fighter f-0-sk1 pos=(2,1) world=(0,-150,0) screen=(640,236) projected=1 alive=1
2026.09.26-05.30.13 SHOT fighter f-0-sk2 pos=(1,2) world=(-100,-50,0) screen=(536,318) projected=1 alive=1
2026.09.26-05.30.13 SHOT fighter f-1-hero pos=(2,3) world=(0,50,0) screen=(640,404) projected=1 alive=1
2026.09.26-05.30.13 SHOT fighter f-1-sk0 pos=(3,3) world=(100,50,0) screen=(747,404) projected=1 alive=1
2026.09.26-05.30.13 SHOT requested: FScreenshotRequest(bShowUI) -> C:\Users\ren\AppData\Local\Temp\s09-pending-20260926-102946-166640\host/s09-hud-after-first-maneuver.png
2026.09.26-05.30.14 S09AUTO drive mode=0 plan=[attack+scheme] phase=ACTION_MANEUVER turn=cmuhntiwu0001wib0z281rpa8
2026.09.26-05.30.14 SNAPSHOT applied seq=9 phase=ACTION_MANEUVER
2026.09.26-05.30.14 HANDLE_APPLIED #14 seq=9 decision=2 fightersValid=1 boardValid=1
2026.09.26-05.30.14 MODE seq=9 mode=0 combat=0 pending=1
2026.09.26-05.30.14 HUD seq=9 phase=ACTION_MANEUVER turn=opp hand=4 oppHand=3(hidden) oppDeck=25~ deck=24~ discard=2
2026.09.26-05.30.14 FIGHTERS synced n=6 alive=6 own=4 enemy=2
2026.09.26-05.30.14 WS seq=9 phase=ACTION_MANEUVER (apply)
2026.09.26-05.30.14 SNAPSHOT applied seq=10 phase=ACTION_MANEUVER
2026.09.26-05.30.14 HANDLE_APPLIED #15 seq=10 decision=2 fightersValid=1 boardValid=1
2026.09.26-05.30.14 MODE seq=10 mode=0 combat=0 pending=1
2026.09.26-05.30.14 HUD seq=10 phase=ACTION_MANEUVER turn=opp hand=4 oppHand=3(hidden) oppDeck=25~ deck=24~ discard=2
2026.09.26-05.30.14 FIGHTERS synced n=6 alive=6 own=4 enemy=2
2026.09.26-05.30.14 WS seq=10 phase=ACTION_MANEUVER (apply)
2026.09.26-05.30.14 SNAPSHOT applied seq=11 phase=ACTION_MANEUVER
2026.09.26-05.30.14 HANDLE_APPLIED #16 seq=11 decision=2 fightersValid=1 boardValid=1
2026.09.26-05.30.14 MODE seq=11 mode=0 combat=0 pending=1
2026.09.26-05.30.14 HUD seq=11 phase=ACTION_MANEUVER turn=opp hand=4 oppHand=3(hidden) oppDeck=25~ deck=24~ discard=2
2026.09.26-05.30.14 FIGHTERS synced n=6 alive=6 own=4 enemy=2
2026.09.26-05.30.14 WS seq=11 phase=ACTION_MANEUVER (apply)
2026.09.26-05.30.14 SNAPSHOT applied seq=12 phase=ACTION_MANEUVER
2026.09.26-05.30.14 HANDLE_APPLIED #17 seq=12 decision=2 fightersValid=1 boardValid=1
2026.09.26-05.30.14 MODE seq=12 mode=0 combat=0 pending=1
2026.09.26-05.30.14 HUD seq=12 phase=ACTION_MANEUVER turn=opp hand=4 oppHand=3(hidden) oppDeck=25~ deck=24~ discard=2
2026.09.26-05.30.14 FIGHTERS synced n=6 alive=6 own=4 enemy=2
2026.09.26-05.30.14 WS seq=12 phase=ACTION_MANEUVER (apply)
2026.09.26-05.30.14 SNAPSHOT applied seq=13 phase=ACTION_MANEUVER
2026.09.26-05.30.14 HANDLE_APPLIED #18 seq=13 decision=2 fightersValid=1 boardValid=1
2026.09.26-05.30.14 MODE seq=13 mode=0 combat=0 pending=1
2026.09.26-05.30.14 HUD seq=13 phase=ACTION_MANEUVER turn=opp hand=4 oppHand=3(hidden) oppDeck=25~ deck=24~ discard=2
2026.09.26-05.30.14 FIGHTERS synced n=6 alive=6 own=4 enemy=2
2026.09.26-05.30.14 WS seq=13 phase=ACTION_MANEUVER (apply)
2026.09.26-05.30.14 SNAPSHOT applied seq=14 phase=ACTION_MANEUVER
2026.09.26-05.30.14 HANDLE_APPLIED #19 seq=14 decision=2 fightersValid=1 boardValid=1
2026.09.26-05.30.14 MODE seq=14 mode=0 combat=0 pending=0
2026.09.26-05.30.14 HUD seq=14 phase=ACTION_MANEUVER turn=opp hand=4 oppHand=3(hidden) oppDeck=25~ deck=24~ discard=2
2026.09.26-05.30.14 FIGHTERS synced n=6 alive=6 own=4 enemy=2
2026.09.26-05.30.14 WS seq=14 phase=ACTION_MANEUVER (apply)
2026.09.26-05.30.14 SNAPSHOT applied seq=15 phase=ACTION_MANEUVER
2026.09.26-05.30.14 HANDLE_APPLIED #20 seq=15 decision=2 fightersValid=1 boardValid=1
2026.09.26-05.30.14 MODE seq=15 mode=0 combat=0 pending=0
2026.09.26-05.30.14 HUD seq=15 phase=ACTION_MANEUVER turn=opp hand=4 oppHand=4(hidden) oppDeck=25~ deck=24~ discard=2
2026.09.26-05.30.14 FIGHTERS synced n=6 alive=6 own=4 enemy=2
2026.09.26-05.30.14 WS seq=15 phase=ACTION_MANEUVER (apply)
2026.09.26-05.30.15 SNAPSHOT applied seq=16 phase=ACTION_MANEUVER
2026.09.26-05.30.15 HANDLE_APPLIED #21 seq=16 decision=2 fightersValid=1 boardValid=1
2026.09.26-05.30.15 MODE seq=16 mode=0 combat=0 pending=0
2026.09.26-05.30.15 HUD seq=16 phase=ACTION_MANEUVER turn=you hand=4 oppHand=4(hidden) oppDeck=25~ deck=24~ discard=2
2026.09.26-05.30.15 FIGHTERS synced n=6 alive=6 own=4 enemy=2
2026.09.26-05.30.15 CUE move f-1-hero (2,3)->(1,3) seq=16
2026.09.26-05.30.15 WS seq=16 phase=ACTION_MANEUVER (apply)
2026.09.26-05.30.15 S09AUTO own turn #1 (turnCount=3)
2026.09.26-05.30.15 S09AUTO attack deferred - no may-boost card in hand (turn#1 elapsed=28s)
2026.09.26-05.30.15 SNAPSHOT applied seq=17 phase=ACTION_MANEUVER
2026.09.26-05.30.15 HANDLE_APPLIED #22 seq=17 decision=2 fightersValid=1 boardValid=1
2026.09.26-05.30.15 MANEUVER-DRAFT mode=maneuver:3:16
2026.09.26-05.30.15 DRAFT-OPEN draw committed (resume instead of begin)
2026.09.26-05.30.15 MODE seq=17 mode=1 combat=0 pending=0
2026.09.26-05.30.15 HUD seq=17 phase=ACTION_MANEUVER turn=you hand=5 oppHand=4(hidden) oppDeck=25~ deck=24~ discard=2
2026.09.26-05.30.15 FIGHTERS synced n=6 alive=6 own=4 enemy=2
2026.09.26-05.30.15 WS seq=17 phase=ACTION_MANEUVER (apply)
2026.09.26-05.30.15 SNAPSHOT applied seq=17 phase=ACTION_MANEUVER
2026.09.26-05.30.15 HANDLE_APPLIED #23 seq=17 decision=1 fightersValid=1 boardValid=1
2026.09.26-05.30.15 MODE seq=17 mode=1 combat=0 pending=0
2026.09.26-05.30.15 HUD seq=17 phase=ACTION_MANEUVER turn=you hand=5 oppHand=4(hidden) oppDeck=24 deck=23 discard=2
2026.09.26-05.30.15 FIGHTERS synced n=6 alive=6 own=4 enemy=2
2026.09.26-05.30.15 MANEUVER begin seq=17 (merge) pending=maneuver:3:16
2026.09.26-05.30.15 S09AUTO drive mode=1 plan=[attack+scheme] phase=ACTION_MANEUVER turn=cmuhntivg0000wib0anhqyswc
2026.09.26-05.30.15 S09AUTO zero-move confirm (draw only, no movement)
2026.09.26-05.30.15 MANEUVER-CONFIRM moves=0 boost=none
2026.09.26-05.30.15 SNAPSHOT applied seq=18 phase=ACTION_MANEUVER
2026.09.26-05.30.15 HANDLE_APPLIED #24 seq=18 decision=2 fightersValid=1 boardValid=1
2026.09.26-05.30.15 closed mode=
2026.09.26-05.30.15 MODE seq=18 mode=0 combat=0 pending=0
2026.09.26-05.30.15 HUD seq=18 phase=ACTION_MANEUVER turn=you hand=5 oppHand=4(hidden) oppDeck=24~ deck=23~ discard=2
2026.09.26-05.30.15 FIGHTERS synced n=6 alive=6 own=4 enemy=2
2026.09.26-05.30.15 WS seq=18 phase=ACTION_MANEUVER (apply)
2026.09.26-05.30.15 SNAPSHOT applied seq=18 phase=ACTION_MANEUVER
2026.09.26-05.30.15 HANDLE_APPLIED #25 seq=18 decision=1 fightersValid=1 boardValid=1
2026.09.26-05.30.15 MODE seq=18 mode=0 combat=0 pending=0
2026.09.26-05.30.15 HUD seq=18 phase=ACTION_MANEUVER turn=you hand=5 oppHand=4(hidden) oppDeck=24 deck=23 discard=2
2026.09.26-05.30.15 FIGHTERS synced n=6 alive=6 own=4 enemy=2
2026.09.26-05.30.15 MANEUVER done seq=18 (merge) fighters=6 boost=no
2026.09.26-05.30.17 S09AUTO drive mode=0 plan=[attack+scheme] phase=ACTION_MANEUVER turn=cmuhntivg0000wib0anhqyswc
2026.09.26-05.30.17 S09AUTO attack deferred - no may-boost card in hand (turn#1 elapsed=29s)
2026.09.26-05.30.17 SNAPSHOT applied seq=19 phase=ACTION_MANEUVER
2026.09.26-05.30.17 HANDLE_APPLIED #26 seq=19 decision=2 fightersValid=1 boardValid=1
2026.09.26-05.30.17 MANEUVER-DRAFT mode=maneuver:3:18
2026.09.26-05.30.17 DRAFT-OPEN draw committed (resume instead of begin)
2026.09.26-05.30.17 MODE seq=19 mode=1 combat=0 pending=0
2026.09.26-05.30.17 HUD seq=19 phase=ACTION_MANEUVER turn=you hand=6 oppHand=4(hidden) oppDeck=24~ deck=23~ discard=2
2026.09.26-05.30.17 FIGHTERS synced n=6 alive=6 own=4 enemy=2
2026.09.26-05.30.17 WS seq=19 phase=ACTION_MANEUVER (apply)
2026.09.26-05.30.17 SNAPSHOT applied seq=19 phase=ACTION_MANEUVER
2026.09.26-05.30.17 HANDLE_APPLIED #27 seq=19 decision=1 fightersValid=1 boardValid=1
2026.09.26-05.30.17 MODE seq=19 mode=1 combat=0 pending=0
2026.09.26-05.30.17 HUD seq=19 phase=ACTION_MANEUVER turn=you hand=6 oppHand=4(hidden) oppDeck=24 deck=22 discard=2
2026.09.26-05.30.17 FIGHTERS synced n=6 alive=6 own=4 enemy=2
2026.09.26-05.30.17 MANEUVER begin seq=19 (merge) pending=maneuver:3:18
2026.09.26-05.30.17 S09AUTO drive mode=1 plan=[attack+scheme] phase=ACTION_MANEUVER turn=cmuhntivg0000wib0anhqyswc
2026.09.26-05.30.17 MANEUVER-CONFIRM moves=1 boost=none
2026.09.26-05.30.17 SNAPSHOT applied seq=20 phase=ACTION_MANEUVER
2026.09.26-05.30.17 HANDLE_APPLIED #28 seq=20 decision=2 fightersValid=1 boardValid=1
2026.09.26-05.30.17 closed mode=
2026.09.26-05.30.17 MODE seq=20 mode=0 combat=0 pending=0
2026.09.26-05.30.17 HUD seq=20 phase=ACTION_MANEUVER turn=opp hand=6 oppHand=4(hidden) oppDeck=24~ deck=22~ discard=2
2026.09.26-05.30.17 FIGHTERS synced n=6 alive=6 own=4 enemy=2
2026.09.26-05.30.17 CUE move f-0-hero (2,2)->(2,3) seq=20
2026.09.26-05.30.17 WS seq=20 phase=ACTION_MANEUVER (apply)
2026.09.26-05.30.17 SNAPSHOT applied seq=20 phase=ACTION_MANEUVER
2026.09.26-05.30.17 HANDLE_APPLIED #29 seq=20 decision=1 fightersValid=1 boardValid=1
2026.09.26-05.30.17 MODE seq=20 mode=0 combat=0 pending=0
2026.09.26-05.30.17 HUD seq=20 phase=ACTION_MANEUVER turn=opp hand=6 oppHand=4(hidden) oppDeck=24 deck=22 discard=2
2026.09.26-05.30.17 FIGHTERS synced n=6 alive=6 own=4 enemy=2
2026.09.26-05.30.17 MANEUVER done seq=20 (merge) fighters=6 boost=no
2026.09.26-05.30.17 SNAPSHOT applied seq=21 phase=ACTION_MANEUVER
2026.09.26-05.30.17 HANDLE_APPLIED #30 seq=21 decision=2 fightersValid=1 boardValid=1
2026.09.26-05.30.17 MODE seq=21 mode=0 combat=0 pending=0
2026.09.26-05.30.17 HUD seq=21 phase=ACTION_MANEUVER turn=opp hand=6 oppHand=5(hidden) oppDeck=24~ deck=22~ discard=2
2026.09.26-05.30.17 FIGHTERS synced n=6 alive=6 own=4 enemy=2
2026.09.26-05.30.17 WS seq=21 phase=ACTION_MANEUVER (apply)
2026.09.26-05.30.17 SNAPSHOT applied seq=22 phase=ACTION_MANEUVER
2026.09.26-05.30.17 HANDLE_APPLIED #31 seq=22 decision=2 fightersValid=1 boardValid=1
2026.09.26-05.30.17 MODE seq=22 mode=0 combat=0 pending=0
2026.09.26-05.30.17 HUD seq=22 phase=ACTION_MANEUVER turn=opp hand=6 oppHand=5(hidden) oppDeck=24~ deck=22~ discard=2
2026.09.26-05.30.17 FIGHTERS synced n=6 alive=6 own=4 enemy=2
2026.09.26-05.30.17 WS seq=22 phase=ACTION_MANEUVER (apply)
2026.09.26-05.30.18 S09AUTO drive mode=0 plan=[attack+scheme] phase=ACTION_MANEUVER turn=cmuhntiwu0001wib0z281rpa8
2026.09.26-05.30.18 SNAPSHOT applied seq=23 phase=ACTION_MANEUVER
2026.09.26-05.30.18 HANDLE_APPLIED #32 seq=23 decision=2 fightersValid=1 boardValid=1
2026.09.26-05.30.18 MODE seq=23 mode=0 combat=0 pending=0
2026.09.26-05.30.18 HUD seq=23 phase=ACTION_MANEUVER turn=opp hand=6 oppHand=6(hidden) oppDeck=24~ deck=22~ discard=2
2026.09.26-05.30.18 FIGHTERS synced n=6 alive=6 own=4 enemy=2
2026.09.26-05.30.18 WS seq=23 phase=ACTION_MANEUVER (apply)
2026.09.26-05.30.18 SNAPSHOT applied seq=24 phase=ACTION_MANEUVER
2026.09.26-05.30.18 HANDLE_APPLIED #33 seq=24 decision=2 fightersValid=1 boardValid=1
2026.09.26-05.30.18 closed mode=
2026.09.26-05.30.18 MODE seq=24 mode=6 combat=0 pending=1
2026.09.26-05.30.18 HUD seq=24 phase=ACTION_MANEUVER turn=you hand=6 oppHand=6(hidden) oppDeck=24~ deck=22~ discard=2
2026.09.26-05.30.18 FIGHTERS synced n=6 alive=6 own=4 enemy=2
2026.09.26-05.30.18 CUE move f-1-hero (1,3)->(0,3) seq=24
2026.09.26-05.30.18 WS seq=24 phase=ACTION_MANEUVER (apply)
2026.09.26-05.30.18 S09AUTO drive mode=6 plan=[attack+scheme] phase=ACTION_MANEUVER turn=cmuhntivg0000wib0anhqyswc
2026.09.26-05.30.18 S09AUTO own turn #2 (turnCount=5)
2026.09.26-05.30.18 S09AUTO pending-open shot (type=TARGET_FIGHTER stage=0 mode=)
2026.09.26-05.30.18 SHOT ctx viewport=1280x720 viewTarget=CameraActor_2147482375 cam=(0,1107,1582) rot=(-55,-90,0)
2026.09.26-05.30.18 SHOT fighter f-0-hero pos=(2,3) world=(0,50,0) screen=(640,404) projected=1 alive=1
2026.09.26-05.30.18 SHOT fighter f-0-sk0 pos=(3,2) world=(100,-50,0) screen=(744,318) projected=1 alive=1
2026.09.26-05.30.18 SHOT fighter f-0-sk1 pos=(2,1) world=(0,-150,0) screen=(640,236) projected=1 alive=1
2026.09.26-05.30.18 SHOT fighter f-0-sk2 pos=(1,2) world=(-100,-50,0) screen=(536,318) projected=1 alive=1
2026.09.26-05.30.18 SHOT fighter f-1-hero pos=(0,3) world=(-200,50,0) screen=(427,404) projected=1 alive=1
2026.09.26-05.30.18 SHOT fighter f-1-sk0 pos=(3,3) world=(100,50,0) screen=(747,404) projected=1 alive=1
2026.09.26-05.30.18 SHOT requested: FScreenshotRequest(bShowUI) -> C:\Users\ren\AppData\Local\Temp\s09-pending-20260926-102946-166640\host/s09-pending-TARGET_FIGHTER.png
2026.09.26-05.30.18 S09AUTO pending picked (type=TARGET_FIGHTER stage=0)
2026.09.26-05.30.18 PEND-RESOLVE sent type=TARGET_FIGHTER stage=0 id=ability-medusa-target-p0
2026.09.26-05.30.18 SNAPSHOT applied seq=25 phase=ACTION_MANEUVER
2026.09.26-05.30.18 HANDLE_APPLIED #34 seq=25 decision=2 fightersValid=1 boardValid=1
2026.09.26-05.30.18 closed mode=
2026.09.26-05.30.18 MODE seq=25 mode=0 combat=0 pending=0
2026.09.26-05.30.18 HUD seq=25 phase=ACTION_MANEUVER turn=you hand=6 oppHand=6(hidden) oppDeck=24~ deck=22~ discard=2
2026.09.26-05.30.18 FIGHTERS synced n=6 alive=6 own=4 enemy=2
2026.09.26-05.30.18 CUE damage f-1-hero -1 seq=25
2026.09.26-05.30.18 WS seq=25 phase=ACTION_MANEUVER (apply)
2026.09.26-05.30.18 SNAPSHOT applied seq=25 phase=ACTION_MANEUVER
2026.09.26-05.30.18 HANDLE_APPLIED #35 seq=25 decision=1 fightersValid=1 boardValid=1
2026.09.26-05.30.18 MODE seq=25 mode=0 combat=0 pending=0
2026.09.26-05.30.18 HUD seq=25 phase=ACTION_MANEUVER turn=you hand=6 oppHand=6(hidden) oppDeck=22 deck=22 discard=2
2026.09.26-05.30.18 FIGHTERS synced n=6 alive=6 own=4 enemy=2
2026.09.26-05.30.18 PEND resolve done seq=25 (merge) phase=ACTION_MANEUVER
2026.09.26-05.30.18 S09AUTO drive mode=0 plan=[attack+scheme] phase=ACTION_MANEUVER turn=cmuhntivg0000wib0anhqyswc
2026.09.26-05.30.18 S09AUTO attack deferred - no may-boost card in hand (turn#2 elapsed=31s)
2026.09.26-05.30.18 S09AUTO scheme
2026.09.26-05.30.18 SNAPSHOT applied seq=26 phase=ACTION_MANEUVER
2026.09.26-05.30.18 HANDLE_APPLIED #36 seq=26 decision=2 fightersValid=1 boardValid=1
2026.09.26-05.30.18 closed mode=
2026.09.26-05.30.18 MODE seq=26 mode=6 combat=0 pending=1
2026.09.26-05.30.18 HUD seq=26 phase=ACTION_MANEUVER turn=you hand=5 oppHand=6(hidden) oppDeck=22~ deck=22~ discard=3
2026.09.26-05.30.18 FIGHTERS synced n=6 alive=6 own=4 enemy=2
2026.09.26-05.30.18 WS seq=26 phase=ACTION_MANEUVER (apply)
2026.09.26-05.30.18 SNAPSHOT applied seq=26 phase=ACTION_MANEUVER
2026.09.26-05.30.18 HANDLE_APPLIED #37 seq=26 decision=1 fightersValid=1 boardValid=1
2026.09.26-05.30.18 MODE seq=26 mode=6 combat=0 pending=1
2026.09.26-05.30.18 HUD seq=26 phase=ACTION_MANEUVER turn=you hand=5 oppHand=6(hidden) oppDeck=22 deck=22 discard=3
2026.09.26-05.30.18 FIGHTERS synced n=6 alive=6 own=4 enemy=2
2026.09.26-05.30.18 SCHEME done seq=26 (merge) phase=ACTION_MANEUVER
2026.09.26-05.30.19 S09AUTO drive mode=6 plan=[attack+scheme] phase=ACTION_MANEUVER turn=cmuhntivg0000wib0anhqyswc
2026.09.26-05.30.19 S09AUTO pending-open shot (type=MOVE stage=0 mode=)
2026.09.26-05.30.19 SHOT ctx viewport=1280x720 viewTarget=CameraActor_2147482375 cam=(0,1107,1582) rot=(-55,-90,0)
2026.09.26-05.30.19 SHOT fighter f-0-hero pos=(2,3) world=(0,50,0) screen=(640,404) projected=1 alive=1
2026.09.26-05.30.19 SHOT fighter f-0-sk0 pos=(3,2) world=(100,-50,0) screen=(744,318) projected=1 alive=1
2026.09.26-05.30.19 SHOT fighter f-0-sk1 pos=(2,1) world=(0,-150,0) screen=(640,236) projected=1 alive=1
2026.09.26-05.30.19 SHOT fighter f-0-sk2 pos=(1,2) world=(-100,-50,0) screen=(536,318) projected=1 alive=1
2026.09.26-05.30.19 SHOT fighter f-1-hero pos=(0,3) world=(-200,50,0) screen=(427,404) projected=1 alive=1
2026.09.26-05.30.19 SHOT fighter f-1-sk0 pos=(3,3) world=(100,50,0) screen=(747,404) projected=1 alive=1
2026.09.26-05.30.19 SHOT requested: FScreenshotRequest(bShowUI) -> C:\Users\ren\AppData\Local\Temp\s09-pending-20260926-102946-166640\host/s09-pending-MOVE.png
2026.09.26-05.30.20 S09AUTO pending picked (type=MOVE stage=0)
2026.09.26-05.30.20 PEND-RESOLVE sent type=MOVE stage=0 id=cmuhgvgkh00sqwi9gondxt3f1-fullText-0-p0
2026.09.26-05.30.20 SNAPSHOT applied seq=27 phase=ACTION_MANEUVER
2026.09.26-05.30.20 HANDLE_APPLIED #38 seq=27 decision=2 fightersValid=1 boardValid=1
2026.09.26-05.30.20 MODE seq=27 mode=6 combat=0 pending=1
2026.09.26-05.30.20 HUD seq=27 phase=ACTION_MANEUVER turn=you hand=5 oppHand=6(hidden) oppDeck=22~ deck=22~ discard=3
2026.09.26-05.30.20 FIGHTERS synced n=6 alive=6 own=4 enemy=2
2026.09.26-05.30.20 WS seq=27 phase=ACTION_MANEUVER (apply)
2026.09.26-05.30.20 SNAPSHOT applied seq=27 phase=ACTION_MANEUVER
2026.09.26-05.30.20 HANDLE_APPLIED #39 seq=27 decision=1 fightersValid=1 boardValid=1
2026.09.26-05.30.20 MODE seq=27 mode=6 combat=0 pending=1
2026.09.26-05.30.20 HUD seq=27 phase=ACTION_MANEUVER turn=you hand=5 oppHand=6(hidden) oppDeck=22 deck=22 discard=3
2026.09.26-05.30.20 FIGHTERS synced n=6 alive=6 own=4 enemy=2
2026.09.26-05.30.20 PEND resolve done seq=27 (merge) phase=ACTION_MANEUVER
2026.09.26-05.30.20 S09AUTO pending picked (type=MOVE stage=0)
2026.09.26-05.30.20 PEND-RESOLVE sent type=MOVE stage=0 id=cmuhgvgkh00sqwi9gondxt3f1-fullText-0-p1
2026.09.26-05.30.20 SNAPSHOT applied seq=28 phase=ACTION_MANEUVER
2026.09.26-05.30.20 HANDLE_APPLIED #40 seq=28 decision=2 fightersValid=1 boardValid=1
2026.09.26-05.30.20 MODE seq=28 mode=6 combat=0 pending=1
2026.09.26-05.30.20 HUD seq=28 phase=ACTION_MANEUVER turn=you hand=5 oppHand=6(hidden) oppDeck=22~ deck=22~ discard=3
2026.09.26-05.30.20 FIGHTERS synced n=6 alive=6 own=4 enemy=2
2026.09.26-05.30.20 WS seq=28 phase=ACTION_MANEUVER (apply)
2026.09.26-05.30.20 SNAPSHOT applied seq=28 phase=ACTION_MANEUVER
2026.09.26-05.30.20 HANDLE_APPLIED #41 seq=28 decision=1 fightersValid=1 boardValid=1
2026.09.26-05.30.20 MODE seq=28 mode=6 combat=0 pending=1
2026.09.26-05.30.20 HUD seq=28 phase=ACTION_MANEUVER turn=you hand=5 oppHand=6(hidden) oppDeck=22 deck=22 discard=3
2026.09.26-05.30.20 FIGHTERS synced n=6 alive=6 own=4 enemy=2
2026.09.26-05.30.20 PEND resolve done seq=28 (merge) phase=ACTION_MANEUVER
2026.09.26-05.30.20 S09AUTO pending picked (type=MOVE stage=0)
2026.09.26-05.30.20 PEND-RESOLVE sent type=MOVE stage=0 id=cmuhgvgkh00sqwi9gondxt3f1-fullText-0-p2
2026.09.26-05.30.20 SNAPSHOT applied seq=29 phase=ACTION_MANEUVER
2026.09.26-05.30.20 HANDLE_APPLIED #42 seq=29 decision=2 fightersValid=1 boardValid=1
2026.09.26-05.30.20 MODE seq=29 mode=6 combat=0 pending=1
2026.09.26-05.30.20 HUD seq=29 phase=ACTION_MANEUVER turn=you hand=5 oppHand=6(hidden) oppDeck=22~ deck=22~ discard=3
2026.09.26-05.30.20 FIGHTERS synced n=6 alive=6 own=4 enemy=2
2026.09.26-05.30.20 WS seq=29 phase=ACTION_MANEUVER (apply)
2026.09.26-05.30.20 SNAPSHOT applied seq=29 phase=ACTION_MANEUVER
2026.09.26-05.30.20 HANDLE_APPLIED #43 seq=29 decision=1 fightersValid=1 boardValid=1
2026.09.26-05.30.20 MODE seq=29 mode=6 combat=0 pending=1
2026.09.26-05.30.20 HUD seq=29 phase=ACTION_MANEUVER turn=you hand=5 oppHand=6(hidden) oppDeck=22 deck=22 discard=3
2026.09.26-05.30.20 FIGHTERS synced n=6 alive=6 own=4 enemy=2
2026.09.26-05.30.20 PEND resolve done seq=29 (merge) phase=ACTION_MANEUVER
2026.09.26-05.30.20 S09AUTO pending picked (type=MOVE stage=0)
2026.09.26-05.30.20 PEND-RESOLVE sent type=MOVE stage=0 id=cmuhgvgkh00sqwi9gondxt3f1-fullText-0-p3
2026.09.26-05.30.20 SNAPSHOT applied seq=30 phase=ACTION_MANEUVER
2026.09.26-05.30.20 HANDLE_APPLIED #44 seq=30 decision=2 fightersValid=1 boardValid=1
2026.09.26-05.30.20 closed mode=
2026.09.26-05.30.20 MODE seq=30 mode=0 combat=0 pending=0
2026.09.26-05.30.20 HUD seq=30 phase=ACTION_MANEUVER turn=you hand=5 oppHand=6(hidden) oppDeck=22~ deck=22~ discard=3
2026.09.26-05.30.20 FIGHTERS synced n=6 alive=6 own=4 enemy=2
2026.09.26-05.30.20 WS seq=30 phase=ACTION_MANEUVER (apply)
2026.09.26-05.30.20 SNAPSHOT applied seq=30 phase=ACTION_MANEUVER
2026.09.26-05.30.20 HANDLE_APPLIED #45 seq=30 decision=1 fightersValid=1 boardValid=1
2026.09.26-05.30.20 MODE seq=30 mode=0 combat=0 pending=0
2026.09.26-05.30.20 HUD seq=30 phase=ACTION_MANEUVER turn=you hand=5 oppHand=6(hidden) oppDeck=22 deck=22 discard=3
2026.09.26-05.30.20 FIGHTERS synced n=6 alive=6 own=4 enemy=2
2026.09.26-05.30.20 PEND resolve done seq=30 (merge) phase=ACTION_MANEUVER
2026.09.26-05.30.20 S09AUTO drive mode=0 plan=[attack+scheme] phase=ACTION_MANEUVER turn=cmuhntivg0000wib0anhqyswc
2026.09.26-05.30.20 S09AUTO attack deferred - no may-boost card in hand (turn#2 elapsed=32s)
2026.09.26-05.30.20 SNAPSHOT applied seq=31 phase=ACTION_MANEUVER
2026.09.26-05.30.20 HANDLE_APPLIED #46 seq=31 decision=2 fightersValid=1 boardValid=1
2026.09.26-05.30.20 MANEUVER-DRAFT mode=maneuver:5:30
2026.09.26-05.30.20 DRAFT-OPEN draw committed (resume instead of begin)
2026.09.26-05.30.20 MODE seq=31 mode=1 combat=0 pending=0
2026.09.26-05.30.20 HUD seq=31 phase=ACTION_MANEUVER turn=you hand=6 oppHand=6(hidden) oppDeck=22~ deck=22~ discard=3
2026.09.26-05.30.20 FIGHTERS synced n=6 alive=6 own=4 enemy=2
2026.09.26-05.30.20 WS seq=31 phase=ACTION_MANEUVER (apply)
2026.09.26-05.30.20 SNAPSHOT applied seq=31 phase=ACTION_MANEUVER
2026.09.26-05.30.20 HANDLE_APPLIED #47 seq=31 decision=1 fightersValid=1 boardValid=1
2026.09.26-05.30.20 MODE seq=31 mode=1 combat=0 pending=0
2026.09.26-05.30.20 HUD seq=31 phase=ACTION_MANEUVER turn=you hand=6 oppHand=6(hidden) oppDeck=22 deck=21 discard=3
2026.09.26-05.30.20 FIGHTERS synced n=6 alive=6 own=4 enemy=2
2026.09.26-05.30.20 MANEUVER begin seq=31 (merge) pending=maneuver:5:30
2026.09.26-05.30.20 S09AUTO drive mode=1 plan=[attack+scheme] phase=ACTION_MANEUVER turn=cmuhntivg0000wib0anhqyswc
2026.09.26-05.30.20 MANEUVER-CONFIRM moves=1 boost=none
2026.09.26-05.30.20 SNAPSHOT applied seq=32 phase=ACTION_MANEUVER
2026.09.26-05.30.20 HANDLE_APPLIED #48 seq=32 decision=2 fightersValid=1 boardValid=1
2026.09.26-05.30.20 closed mode=
2026.09.26-05.30.20 MODE seq=32 mode=0 combat=0 pending=0
2026.09.26-05.30.20 HUD seq=32 phase=ACTION_MANEUVER turn=opp hand=6 oppHand=6(hidden) oppDeck=22~ deck=21~ discard=3
2026.09.26-05.30.20 FIGHTERS synced n=6 alive=6 own=4 enemy=2
2026.09.26-05.30.20 CUE move f-0-hero (2,3)->(1,3) seq=32
2026.09.26-05.30.20 WS seq=32 phase=ACTION_MANEUVER (apply)
2026.09.26-05.30.20 SNAPSHOT applied seq=32 phase=ACTION_MANEUVER
2026.09.26-05.30.20 HANDLE_APPLIED #49 seq=32 decision=1 fightersValid=1 boardValid=1
2026.09.26-05.30.20 MODE seq=32 mode=0 combat=0 pending=0
2026.09.26-05.30.20 HUD seq=32 phase=ACTION_MANEUVER turn=opp hand=6 oppHand=6(hidden) oppDeck=22 deck=21 discard=3
2026.09.26-05.30.20 FIGHTERS synced n=6 alive=6 own=4 enemy=2
2026.09.26-05.30.20 MANEUVER done seq=32 (merge) fighters=6 boost=no
2026.09.26-05.30.20 SNAPSHOT applied seq=33 phase=ACTION_MANEUVER
2026.09.26-05.30.20 HANDLE_APPLIED #50 seq=33 decision=2 fightersValid=1 boardValid=1
2026.09.26-05.30.20 MODE seq=33 mode=0 combat=0 pending=0
2026.09.26-05.30.20 HUD seq=33 phase=ACTION_MANEUVER turn=opp hand=6 oppHand=7(hidden) oppDeck=22~ deck=21~ discard=3
2026.09.26-05.30.20 FIGHTERS synced n=6 alive=6 own=4 enemy=2
2026.09.26-05.30.20 WS seq=33 phase=ACTION_MANEUVER (apply)
2026.09.26-05.30.20 SNAPSHOT applied seq=34 phase=ACTION_MANEUVER
2026.09.26-05.30.20 HANDLE_APPLIED #51 seq=34 decision=2 fightersValid=1 boardValid=1
2026.09.26-05.30.20 MODE seq=34 mode=0 combat=0 pending=0
2026.09.26-05.30.20 HUD seq=34 phase=ACTION_MANEUVER turn=opp hand=6 oppHand=7(hidden) oppDeck=22~ deck=21~ discard=3
2026.09.26-05.30.20 FIGHTERS synced n=6 alive=6 own=4 enemy=2
2026.09.26-05.30.20 CUE move f-1-hero (0,3)->(0,4) seq=34
2026.09.26-05.30.20 CUE move f-1-sk0 (3,3)->(4,3) seq=34
2026.09.26-05.30.20 WS seq=34 phase=ACTION_MANEUVER (apply)
2026.09.26-05.30.21 S09AUTO drive mode=0 plan=[attack+scheme] phase=ACTION_MANEUVER turn=cmuhntiwu0001wib0z281rpa8
2026.09.26-05.30.21 SNAPSHOT applied seq=35 phase=ACTION_MANEUVER
2026.09.26-05.30.21 HANDLE_APPLIED #52 seq=35 decision=2 fightersValid=1 boardValid=1
2026.09.26-05.30.21 MODE seq=35 mode=0 combat=0 pending=0
2026.09.26-05.30.21 HUD seq=35 phase=ACTION_MANEUVER turn=opp hand=6 oppHand=8(hidden) oppDeck=22~ deck=21~ discard=3
2026.09.26-05.30.21 FIGHTERS synced n=6 alive=6 own=4 enemy=2
2026.09.26-05.30.21 WS seq=35 phase=ACTION_MANEUVER (apply)
2026.09.26-05.30.21 SNAPSHOT applied seq=36 phase=TURN_END
2026.09.26-05.30.21 HANDLE_APPLIED #53 seq=36 decision=2 fightersValid=1 boardValid=1
2026.09.26-05.30.21 MODE seq=36 mode=0 combat=0 pending=0
2026.09.26-05.30.21 HUD seq=36 phase=TURN_END turn=opp hand=6 oppHand=8(hidden) oppDeck=22~ deck=21~ discard=3 pendingDiscard=1
2026.09.26-05.30.21 FIGHTERS synced n=6 alive=6 own=4 enemy=2
2026.09.26-05.30.21 CUE move f-1-hero (0,4)->(1,4) seq=36
2026.09.26-05.30.21 WS seq=36 phase=TURN_END (apply)
2026.09.26-05.30.22 SNAPSHOT applied seq=37 phase=ACTION_MANEUVER
2026.09.26-05.30.22 HANDLE_APPLIED #54 seq=37 decision=2 fightersValid=1 boardValid=1
2026.09.26-05.30.22 closed mode=
2026.09.26-05.30.22 MODE seq=37 mode=6 combat=0 pending=1
2026.09.26-05.30.22 HUD seq=37 phase=ACTION_MANEUVER turn=you hand=6 oppHand=7(hidden) oppDeck=22~ deck=21~ discard=3
2026.09.26-05.30.22 FIGHTERS synced n=6 alive=6 own=4 enemy=2
2026.09.26-05.30.22 WS seq=37 phase=ACTION_MANEUVER (apply)
2026.09.26-05.30.22 S09AUTO drive mode=6 plan=[attack+scheme] phase=ACTION_MANEUVER turn=cmuhntivg0000wib0anhqyswc
2026.09.26-05.30.22 S09AUTO own turn #3 (turnCount=7)
2026.09.26-05.30.22 S09AUTO pending picked (type=TARGET_FIGHTER stage=0)
2026.09.26-05.30.22 PEND-RESOLVE sent type=TARGET_FIGHTER stage=0 id=ability-medusa-target-p0
2026.09.26-05.30.22 SNAPSHOT applied seq=38 phase=ACTION_MANEUVER
2026.09.26-05.30.22 HANDLE_APPLIED #55 seq=38 decision=2 fightersValid=1 boardValid=1
2026.09.26-05.30.22 closed mode=
2026.09.26-05.30.22 MODE seq=38 mode=0 combat=0 pending=0
2026.09.26-05.30.22 HUD seq=38 phase=ACTION_MANEUVER turn=you hand=6 oppHand=7(hidden) oppDeck=22~ deck=21~ discard=3
2026.09.26-05.30.22 FIGHTERS synced n=6 alive=6 own=4 enemy=2
2026.09.26-05.30.22 CUE damage f-1-hero -1 seq=38
2026.09.26-05.30.22 WS seq=38 phase=ACTION_MANEUVER (apply)
2026.09.26-05.30.22 SNAPSHOT applied seq=38 phase=ACTION_MANEUVER
2026.09.26-05.30.23 HANDLE_APPLIED #56 seq=38 decision=1 fightersValid=1 boardValid=1
2026.09.26-05.30.23 MODE seq=38 mode=0 combat=0 pending=0
2026.09.26-05.30.23 HUD seq=38 phase=ACTION_MANEUVER turn=you hand=6 oppHand=7(hidden) oppDeck=20 deck=21 discard=3
2026.09.26-05.30.23 FIGHTERS synced n=6 alive=6 own=4 enemy=2
2026.09.26-05.30.23 PEND resolve done seq=38 (merge) phase=ACTION_MANEUVER
2026.09.26-05.30.23 S09AUTO drive mode=0 plan=[attack+scheme] phase=ACTION_MANEUVER turn=cmuhntivg0000wib0anhqyswc
2026.09.26-05.30.23 S09AUTO attack deferred - no may-boost card in hand (turn#3 elapsed=35s)
2026.09.26-05.30.23 SNAPSHOT applied seq=39 phase=ACTION_MANEUVER
2026.09.26-05.30.23 HANDLE_APPLIED #57 seq=39 decision=2 fightersValid=1 boardValid=1
2026.09.26-05.30.23 MANEUVER-DRAFT mode=maneuver:7:38
2026.09.26-05.30.23 DRAFT-OPEN draw committed (resume instead of begin)
2026.09.26-05.30.23 MODE seq=39 mode=1 combat=0 pending=0
2026.09.26-05.30.23 HUD seq=39 phase=ACTION_MANEUVER turn=you hand=7 oppHand=7(hidden) oppDeck=20~ deck=21~ discard=3
2026.09.26-05.30.23 FIGHTERS synced n=6 alive=6 own=4 enemy=2
2026.09.26-05.30.23 WS seq=39 phase=ACTION_MANEUVER (apply)
2026.09.26-05.30.23 SNAPSHOT applied seq=39 phase=ACTION_MANEUVER
2026.09.26-05.30.23 HANDLE_APPLIED #58 seq=39 decision=1 fightersValid=1 boardValid=1
2026.09.26-05.30.23 MODE seq=39 mode=1 combat=0 pending=0
2026.09.26-05.30.23 HUD seq=39 phase=ACTION_MANEUVER turn=you hand=7 oppHand=7(hidden) oppDeck=20 deck=20 discard=3
2026.09.26-05.30.23 FIGHTERS synced n=6 alive=6 own=4 enemy=2
2026.09.26-05.30.23 MANEUVER begin seq=39 (merge) pending=maneuver:7:38
2026.09.26-05.30.23 S09AUTO drive mode=1 plan=[attack+scheme] phase=ACTION_MANEUVER turn=cmuhntivg0000wib0anhqyswc
2026.09.26-05.30.23 MANEUVER-CONFIRM moves=1 boost=none
2026.09.26-05.30.23 SNAPSHOT applied seq=40 phase=ACTION_MANEUVER
2026.09.26-05.30.23 HANDLE_APPLIED #59 seq=40 decision=2 fightersValid=1 boardValid=1
2026.09.26-05.30.23 closed mode=
2026.09.26-05.30.23 MODE seq=40 mode=0 combat=0 pending=0
2026.09.26-05.30.23 HUD seq=40 phase=ACTION_MANEUVER turn=you hand=7 oppHand=7(hidden) oppDeck=20~ deck=20~ discard=3
2026.09.26-05.30.23 FIGHTERS synced n=6 alive=6 own=4 enemy=2
2026.09.26-05.30.23 CUE move f-0-hero (1,3)->(2,3) seq=40
2026.09.26-05.30.23 WS seq=40 phase=ACTION_MANEUVER (apply)
2026.09.26-05.30.23 SNAPSHOT applied seq=40 phase=ACTION_MANEUVER
2026.09.26-05.30.23 HANDLE_APPLIED #60 seq=40 decision=1 fightersValid=1 boardValid=1
2026.09.26-05.30.23 MODE seq=40 mode=0 combat=0 pending=0
2026.09.26-05.30.23 HUD seq=40 phase=ACTION_MANEUVER turn=you hand=7 oppHand=7(hidden) oppDeck=20 deck=20 discard=3
2026.09.26-05.30.23 FIGHTERS synced n=6 alive=6 own=4 enemy=2
2026.09.26-05.30.23 MANEUVER done seq=40 (merge) fighters=6 boost=no
2026.09.26-05.30.24 S09AUTO drive mode=0 plan=[attack+scheme] phase=ACTION_MANEUVER turn=cmuhntivg0000wib0anhqyswc
2026.09.26-05.30.24 S09AUTO attack deferred - no may-boost card in hand (turn#3 elapsed=36s)
2026.09.26-05.30.24 SNAPSHOT applied seq=41 phase=ACTION_MANEUVER
2026.09.26-05.30.24 HANDLE_APPLIED #61 seq=41 decision=2 fightersValid=1 boardValid=1
2026.09.26-05.30.24 MANEUVER-DRAFT mode=maneuver:7:40
2026.09.26-05.30.24 DRAFT-OPEN draw committed (resume instead of begin)
2026.09.26-05.30.24 MODE seq=41 mode=1 combat=0 pending=0
2026.09.26-05.30.24 HUD seq=41 phase=ACTION_MANEUVER turn=you hand=8 oppHand=7(hidden) oppDeck=20~ deck=20~ discard=3
2026.09.26-05.30.24 FIGHTERS synced n=6 alive=6 own=4 enemy=2
2026.09.26-05.30.24 WS seq=41 phase=ACTION_MANEUVER (apply)
2026.09.26-05.30.24 SNAPSHOT applied seq=41 phase=ACTION_MANEUVER
2026.09.26-05.30.24 HANDLE_APPLIED #62 seq=41 decision=1 fightersValid=1 boardValid=1
2026.09.26-05.30.24 MODE seq=41 mode=1 combat=0 pending=0
2026.09.26-05.30.24 HUD seq=41 phase=ACTION_MANEUVER turn=you hand=8 oppHand=7(hidden) oppDeck=20 deck=19 discard=3
2026.09.26-05.30.24 FIGHTERS synced n=6 alive=6 own=4 enemy=2
2026.09.26-05.30.24 MANEUVER begin seq=41 (merge) pending=maneuver:7:40
2026.09.26-05.30.24 S09AUTO drive mode=1 plan=[attack+scheme] phase=ACTION_MANEUVER turn=cmuhntivg0000wib0anhqyswc
2026.09.26-05.30.24 MANEUVER-CONFIRM moves=1 boost=none
2026.09.26-05.30.24 SNAPSHOT applied seq=42 phase=TURN_END
2026.09.26-05.30.24 HANDLE_APPLIED #63 seq=42 decision=2 fightersValid=1 boardValid=1
2026.09.26-05.30.24 DISCARD-DRAFT count=1 pending=discard:7:42
2026.09.26-05.30.24 MODE seq=42 mode=2 combat=0 pending=0
2026.09.26-05.30.24 HUD seq=42 phase=TURN_END turn=you hand=8 oppHand=7(hidden) oppDeck=20~ deck=19~ discard=3 pendingDiscard=1
2026.09.26-05.30.24 FIGHTERS synced n=6 alive=6 own=4 enemy=2
2026.09.26-05.30.24 CUE move f-0-hero (2,3)->(1,3) seq=42
2026.09.26-05.30.24 WS seq=42 phase=TURN_END (apply)
2026.09.26-05.30.24 SNAPSHOT applied seq=42 phase=TURN_END
2026.09.26-05.30.24 HANDLE_APPLIED #64 seq=42 decision=1 fightersValid=1 boardValid=1
2026.09.26-05.30.24 MODE seq=42 mode=2 combat=0 pending=0
2026.09.26-05.30.24 HUD seq=42 phase=TURN_END turn=you hand=8 oppHand=7(hidden) oppDeck=20 deck=19 discard=3 pendingDiscard=1
2026.09.26-05.30.24 FIGHTERS synced n=6 alive=6 own=4 enemy=2
2026.09.26-05.30.24 MANEUVER done seq=42 (merge) fighters=6 boost=no
2026.09.26-05.30.25 SHOT ctx viewport=1280x720 viewTarget=CameraActor_2147482375 cam=(0,1107,1582) rot=(-55,-90,0)
2026.09.26-05.30.25 SHOT fighter f-0-hero pos=(1,3) world=(-100,50,0) screen=(533,404) projected=1 alive=1
2026.09.26-05.30.25 SHOT fighter f-0-sk0 pos=(3,2) world=(100,-50,0) screen=(744,318) projected=1 alive=1
2026.09.26-05.30.25 SHOT fighter f-0-sk1 pos=(2,1) world=(0,-150,0) screen=(640,236) projected=1 alive=1
2026.09.26-05.30.25 SHOT fighter f-0-sk2 pos=(1,2) world=(-100,-50,0) screen=(536,318) projected=1 alive=1
2026.09.26-05.30.25 SHOT fighter f-1-hero pos=(1,4) world=(-100,150,0) screen=(530,495) projected=1 alive=1
2026.09.26-05.30.25 SHOT fighter f-1-sk0 pos=(4,3) world=(200,50,0) screen=(853,404) projected=1 alive=1
2026.09.26-05.30.25 SHOT requested: FScreenshotRequest(bShowUI) -> C:\Users\ren\AppData\Local\Temp\s09-pending-20260926-102946-166640\host/s09-discard-open.png
2026.09.26-05.30.25 S09AUTO drive mode=2 plan=[attack+scheme] phase=TURN_END turn=cmuhntivg0000wib0anhqyswc
2026.09.26-05.30.25 S09AUTO discard picks=1
2026.09.26-05.30.25 DISCARD-CONFIRM pending=discard:7:42 count=1 ids=cmuhgvgkn00t4wi9g8rrkx4it::0
2026.09.26-05.30.25 SNAPSHOT applied seq=43 phase=ACTION_MANEUVER
2026.09.26-05.30.25 HANDLE_APPLIED #65 seq=43 decision=2 fightersValid=1 boardValid=1
2026.09.26-05.30.25 closed mode=
2026.09.26-05.30.25 MODE seq=43 mode=0 combat=0 pending=0
2026.09.26-05.30.25 HUD seq=43 phase=ACTION_MANEUVER turn=opp hand=7 oppHand=7(hidden) oppDeck=20~ deck=19~ discard=4
2026.09.26-05.30.25 FIGHTERS synced n=6 alive=6 own=4 enemy=2
2026.09.26-05.30.25 WS seq=43 phase=ACTION_MANEUVER (apply)
2026.09.26-05.30.25 SNAPSHOT applied seq=43 phase=ACTION_MANEUVER
2026.09.26-05.30.25 HANDLE_APPLIED #66 seq=43 decision=1 fightersValid=1 boardValid=1
2026.09.26-05.30.25 MODE seq=43 mode=0 combat=0 pending=0
2026.09.26-05.30.25 HUD seq=43 phase=ACTION_MANEUVER turn=opp hand=7 oppHand=7(hidden) oppDeck=20 deck=19 discard=4
2026.09.26-05.30.25 FIGHTERS synced n=6 alive=6 own=4 enemy=2
2026.09.26-05.30.25 DISCARD done seq=43 phase=ACTION_MANEUVER count=1
2026.09.26-05.30.25 SNAPSHOT applied seq=44 phase=ACTION_MANEUVER
2026.09.26-05.30.25 HANDLE_APPLIED #67 seq=44 decision=2 fightersValid=1 boardValid=1
2026.09.26-05.30.25 MODE seq=44 mode=0 combat=0 pending=1
2026.09.26-05.30.25 HUD seq=44 phase=ACTION_MANEUVER turn=opp hand=7 oppHand=6(hidden) oppDeck=20~ deck=19~ discard=4
2026.09.26-05.30.25 FIGHTERS synced n=6 alive=6 own=4 enemy=2
2026.09.26-05.30.25 WS seq=44 phase=ACTION_MANEUVER (apply)
2026.09.26-05.30.26 S09AUTO drive mode=0 plan=[attack+scheme] phase=ACTION_MANEUVER turn=cmuhntiwu0001wib0z281rpa8
2026.09.26-05.30.26 SNAPSHOT applied seq=45 phase=ACTION_MANEUVER
2026.09.26-05.30.26 HANDLE_APPLIED #68 seq=45 decision=2 fightersValid=1 boardValid=1
2026.09.26-05.30.26 MODE seq=45 mode=0 combat=0 pending=1
2026.09.26-05.30.26 HUD seq=45 phase=ACTION_MANEUVER turn=opp hand=7 oppHand=6(hidden) oppDeck=20~ deck=19~ discard=4
2026.09.26-05.30.26 FIGHTERS synced n=6 alive=6 own=4 enemy=2
2026.09.26-05.30.26 WS seq=45 phase=ACTION_MANEUVER (apply)
2026.09.26-05.30.27 SNAPSHOT applied seq=46 phase=ACTION_MANEUVER
2026.09.26-05.30.27 HANDLE_APPLIED #69 seq=46 decision=2 fightersValid=1 boardValid=1
2026.09.26-05.30.27 MODE seq=46 mode=0 combat=0 pending=0
2026.09.26-05.30.27 HUD seq=46 phase=ACTION_MANEUVER turn=opp hand=7 oppHand=6(hidden) oppDeck=20~ deck=19~ discard=4
2026.09.26-05.30.27 FIGHTERS synced n=6 alive=6 own=4 enemy=2
2026.09.26-05.30.27 CUE damage f-0-hero -2 seq=46
2026.09.26-05.30.27 WS seq=46 phase=ACTION_MANEUVER (apply)
2026.09.26-05.30.27 SNAPSHOT applied seq=47 phase=ACTION_MANEUVER
2026.09.26-05.30.27 HANDLE_APPLIED #70 seq=47 decision=2 fightersValid=1 boardValid=1
2026.09.26-05.30.27 MODE seq=47 mode=0 combat=0 pending=0
2026.09.26-05.30.27 HUD seq=47 phase=ACTION_MANEUVER turn=opp hand=7 oppHand=7(hidden) oppDeck=20~ deck=19~ discard=4
2026.09.26-05.30.27 FIGHTERS synced n=6 alive=6 own=4 enemy=2
2026.09.26-05.30.27 WS seq=47 phase=ACTION_MANEUVER (apply)
2026.09.26-05.30.27 SNAPSHOT applied seq=48 phase=ACTION_MANEUVER
2026.09.26-05.30.27 HANDLE_APPLIED #71 seq=48 decision=2 fightersValid=1 boardValid=1
2026.09.26-05.30.27 closed mode=
2026.09.26-05.30.27 MODE seq=48 mode=6 combat=0 pending=1
2026.09.26-05.30.27 HUD seq=48 phase=ACTION_MANEUVER turn=you hand=7 oppHand=7(hidden) oppDeck=20~ deck=19~ discard=4
2026.09.26-05.30.27 FIGHTERS synced n=6 alive=6 own=4 enemy=2
2026.09.26-05.30.27 CUE move f-1-hero (1,4)->(2,4) seq=48
2026.09.26-05.30.27 WS seq=48 phase=ACTION_MANEUVER (apply)
2026.09.26-05.30.27 S09AUTO drive mode=6 plan=[attack+scheme] phase=ACTION_MANEUVER turn=cmuhntivg0000wib0anhqyswc
2026.09.26-05.30.27 S09AUTO own turn #4 (turnCount=9)
2026.09.26-05.30.27 S09AUTO pending picked (type=TARGET_FIGHTER stage=0)
2026.09.26-05.30.27 PEND-RESOLVE sent type=TARGET_FIGHTER stage=0 id=ability-medusa-target-p0
2026.09.26-05.30.27 SNAPSHOT applied seq=49 phase=ACTION_MANEUVER
2026.09.26-05.30.27 HANDLE_APPLIED #72 seq=49 decision=2 fightersValid=1 boardValid=1
2026.09.26-05.30.27 closed mode=
2026.09.26-05.30.27 MODE seq=49 mode=0 combat=0 pending=0
2026.09.26-05.30.27 HUD seq=49 phase=ACTION_MANEUVER turn=you hand=7 oppHand=7(hidden) oppDeck=20~ deck=19~ discard=4
2026.09.26-05.30.27 FIGHTERS synced n=6 alive=6 own=4 enemy=2
2026.09.26-05.30.27 CUE damage f-1-hero -1 seq=49
2026.09.26-05.30.27 WS seq=49 phase=ACTION_MANEUVER (apply)
2026.09.26-05.30.27 SNAPSHOT applied seq=49 phase=ACTION_MANEUVER
2026.09.26-05.30.27 HANDLE_APPLIED #73 seq=49 decision=1 fightersValid=1 boardValid=1
2026.09.26-05.30.27 MODE seq=49 mode=0 combat=0 pending=0
2026.09.26-05.30.27 HUD seq=49 phase=ACTION_MANEUVER turn=you hand=7 oppHand=7(hidden) oppDeck=19 deck=19 discard=4
2026.09.26-05.30.27 FIGHTERS synced n=6 alive=6 own=4 enemy=2
2026.09.26-05.30.27 PEND resolve done seq=49 (merge) phase=ACTION_MANEUVER
2026.09.26-05.30.27 S09AUTO drive mode=0 plan=[attack+scheme] phase=ACTION_MANEUVER turn=cmuhntivg0000wib0anhqyswc
2026.09.26-05.30.27 S09AUTO attack deferred - no may-boost card in hand (turn#4 elapsed=39s)
2026.09.26-05.30.27 SNAPSHOT applied seq=50 phase=ACTION_MANEUVER
2026.09.26-05.30.27 HANDLE_APPLIED #74 seq=50 decision=2 fightersValid=1 boardValid=1
2026.09.26-05.30.27 MANEUVER-DRAFT mode=maneuver:9:49
2026.09.26-05.30.27 DRAFT-OPEN draw committed (resume instead of begin)
2026.09.26-05.30.27 MODE seq=50 mode=1 combat=0 pending=0
2026.09.26-05.30.27 HUD seq=50 phase=ACTION_MANEUVER turn=you hand=8 oppHand=7(hidden) oppDeck=19~ deck=19~ discard=4
2026.09.26-05.30.27 FIGHTERS synced n=6 alive=6 own=4 enemy=2
2026.09.26-05.30.27 WS seq=50 phase=ACTION_MANEUVER (apply)
2026.09.26-05.30.27 SNAPSHOT applied seq=50 phase=ACTION_MANEUVER
2026.09.26-05.30.27 HANDLE_APPLIED #75 seq=50 decision=1 fightersValid=1 boardValid=1
2026.09.26-05.30.27 MODE seq=50 mode=1 combat=0 pending=0
2026.09.26-05.30.27 HUD seq=50 phase=ACTION_MANEUVER turn=you hand=8 oppHand=7(hidden) oppDeck=19 deck=18 discard=4
2026.09.26-05.30.27 FIGHTERS synced n=6 alive=6 own=4 enemy=2
2026.09.26-05.30.27 MANEUVER begin seq=50 (merge) pending=maneuver:9:49
2026.09.26-05.30.27 S09AUTO drive mode=1 plan=[attack+scheme] phase=ACTION_MANEUVER turn=cmuhntivg0000wib0anhqyswc
2026.09.26-05.30.27 MANEUVER-CONFIRM moves=1 boost=none
2026.09.26-05.30.27 SNAPSHOT applied seq=51 phase=ACTION_MANEUVER
2026.09.26-05.30.27 HANDLE_APPLIED #76 seq=51 decision=2 fightersValid=1 boardValid=1
2026.09.26-05.30.27 closed mode=
2026.09.26-05.30.27 MODE seq=51 mode=0 combat=0 pending=0
2026.09.26-05.30.27 HUD seq=51 phase=ACTION_MANEUVER turn=you hand=8 oppHand=7(hidden) oppDeck=19~ deck=18~ discard=4
2026.09.26-05.30.27 FIGHTERS synced n=6 alive=6 own=4 enemy=2
2026.09.26-05.30.27 CUE move f-0-hero (1,3)->(2,3) seq=51
2026.09.26-05.30.27 WS seq=51 phase=ACTION_MANEUVER (apply)
2026.09.26-05.30.27 SNAPSHOT applied seq=51 phase=ACTION_MANEUVER
2026.09.26-05.30.27 HANDLE_APPLIED #77 seq=51 decision=1 fightersValid=1 boardValid=1
2026.09.26-05.30.27 MODE seq=51 mode=0 combat=0 pending=0
2026.09.26-05.30.27 HUD seq=51 phase=ACTION_MANEUVER turn=you hand=8 oppHand=7(hidden) oppDeck=19 deck=18 discard=4
2026.09.26-05.30.27 FIGHTERS synced n=6 alive=6 own=4 enemy=2
2026.09.26-05.30.27 MANEUVER done seq=51 (merge) fighters=6 boost=no
2026.09.26-05.30.28 S09AUTO drive mode=0 plan=[attack+scheme] phase=ACTION_MANEUVER turn=cmuhntivg0000wib0anhqyswc
2026.09.26-05.30.28 S09AUTO attack (attacker=f-0-hero target-set card-set)
2026.09.26-05.30.28 ATTACK sent
2026.09.26-05.30.28 SNAPSHOT applied seq=52 phase=COMBAT
2026.09.26-05.30.28 HANDLE_APPLIED #78 seq=52 decision=2 fightersValid=1 boardValid=1
2026.09.26-05.30.28 closed mode=
2026.09.26-05.30.28 MODE seq=52 mode=0 combat=1 pending=0
2026.09.26-05.30.28 HUD seq=52 phase=COMBAT turn=you hand=7 oppHand=7(hidden) oppDeck=19~ deck=18~ discard=5
2026.09.26-05.30.28 FIGHTERS synced n=6 alive=6 own=4 enemy=2
2026.09.26-05.30.28 WS seq=52 phase=COMBAT (apply)
2026.09.26-05.30.28 SNAPSHOT applied seq=52 phase=COMBAT
2026.09.26-05.30.28 HANDLE_APPLIED #79 seq=52 decision=1 fightersValid=1 boardValid=1
2026.09.26-05.30.28 MODE seq=52 mode=0 combat=1 pending=0
2026.09.26-05.30.28 HUD seq=52 phase=COMBAT turn=you hand=7 oppHand=7(hidden) oppDeck=19 deck=18 discard=5
2026.09.26-05.30.28 FIGHTERS synced n=6 alive=6 own=4 enemy=2
2026.09.26-05.30.28 ATTACK done seq=52 (merge) phase=COMBAT
2026.09.26-05.30.28 ENDTURN sent
2026.09.26-05.30.28 ENDTURN failed: Invalid phase. Current: COMBAT, Required: ACTION_MANEUVER or ACTION_ATTACK
2026.09.26-05.30.28 ENDTURN sent
2026.09.26-05.30.28 SNAPSHOT applied seq=53 phase=COMBAT_RESOLVE
2026.09.26-05.30.28 HANDLE_APPLIED #80 seq=53 decision=2 fightersValid=1 boardValid=1
2026.09.26-05.30.28 closed mode=
2026.09.26-05.30.28 MODE seq=53 mode=5 combat=1 pending=0
2026.09.26-05.30.28 HUD seq=53 phase=COMBAT_RESOLVE turn=you hand=7 oppHand=6(hidden) oppDeck=19~ deck=18~ discard=5
2026.09.26-05.30.28 FIGHTERS synced n=6 alive=6 own=4 enemy=2
2026.09.26-05.30.28 WS seq=53 phase=COMBAT_RESOLVE (apply)
2026.09.26-05.30.28 ENDTURN failed: Invalid phase. Current: COMBAT_RESOLVE, Required: ACTION_MANEUVER or ACTION_ATTACK
2026.09.26-05.30.28 S09AUTO drive mode=5 plan=[attack+scheme] phase=COMBAT_RESOLVE turn=cmuhntivg0000wib0anhqyswc
2026.09.26-05.30.28 SNAPSHOT applied seq=54 phase=COMBAT_RESOLVE
2026.09.26-05.30.28 HANDLE_APPLIED #81 seq=54 decision=2 fightersValid=1 boardValid=1
2026.09.26-05.30.28 closed mode=
2026.09.26-05.30.28 MODE seq=54 mode=6 combat=1 pending=1
2026.09.26-05.30.28 HUD seq=54 phase=COMBAT_RESOLVE turn=you hand=7 oppHand=6(hidden) oppDeck=19~ deck=18~ discard=5
2026.09.26-05.30.28 FIGHTERS synced n=6 alive=6 own=4 enemy=2
2026.09.26-05.30.28 WS seq=54 phase=COMBAT_RESOLVE (apply)
2026.09.26-05.30.28 S09AUTO drive mode=6 plan=[attack+scheme] phase=COMBAT_RESOLVE turn=cmuhntivg0000wib0anhqyswc
2026.09.26-05.30.28 S09AUTO boost choice - holding 4s for the other seat's reveal capture
2026.09.26-05.30.32 S09AUTO pending picked (type=BOOST_CHOICE stage=0)
2026.09.26-05.30.32 PEND-RESOLVE sent type=BOOST_CHOICE stage=0 id=cmuhgvgkf00smwi9gaeymh3ur-during-0-boost-53
2026.09.26-05.30.32 SNAPSHOT applied seq=55 phase=ACTION_MANEUVER
2026.09.26-05.30.32 HANDLE_APPLIED #82 seq=55 decision=2 fightersValid=1 boardValid=1
2026.09.26-05.30.32 COMBAT-RESULT seq=55 damage=3 role=attacked
2026.09.26-05.30.32 closed mode=
2026.09.26-05.30.32 MODE seq=55 mode=0 combat=0 pending=0
2026.09.26-05.30.32 HUD seq=55 phase=ACTION_MANEUVER turn=opp hand=6 oppHand=6(hidden) oppDeck=19~ deck=18~ discard=6
2026.09.26-05.30.32 FIGHTERS synced n=6 alive=6 own=4 enemy=2
2026.09.26-05.30.32 CUE damage f-1-hero -3 seq=55
2026.09.26-05.30.32 WS seq=55 phase=ACTION_MANEUVER (apply)
2026.09.26-05.30.32 SNAPSHOT applied seq=55 phase=ACTION_MANEUVER
2026.09.26-05.30.32 HANDLE_APPLIED #83 seq=55 decision=1 fightersValid=1 boardValid=1
2026.09.26-05.30.32 MODE seq=55 mode=0 combat=0 pending=0
2026.09.26-05.30.32 HUD seq=55 phase=ACTION_MANEUVER turn=opp hand=6 oppHand=6(hidden) oppDeck=19 deck=18 discard=6
2026.09.26-05.30.32 FIGHTERS synced n=6 alive=6 own=4 enemy=2
2026.09.26-05.30.32 PEND resolve done seq=55 (merge) phase=ACTION_MANEUVER
2026.09.26-05.30.32 S09AUTO drive mode=0 plan=[attack+scheme] phase=ACTION_MANEUVER turn=cmuhntiwu0001wib0z281rpa8
2026.09.26-05.30.32 SNAPSHOT applied seq=56 phase=ACTION_MANEUVER
2026.09.26-05.30.32 HANDLE_APPLIED #84 seq=56 decision=2 fightersValid=1 boardValid=1
2026.09.26-05.30.32 MODE seq=56 mode=0 combat=0 pending=0
2026.09.26-05.30.32 HUD seq=56 phase=ACTION_MANEUVER turn=opp hand=6 oppHand=7(hidden) oppDeck=19~ deck=18~ discard=6
2026.09.26-05.30.32 FIGHTERS synced n=6 alive=6 own=4 enemy=2
2026.09.26-05.30.32 WS seq=56 phase=ACTION_MANEUVER (apply)
2026.09.26-05.30.33 SNAPSHOT applied seq=57 phase=ACTION_MANEUVER
2026.09.26-05.30.33 HANDLE_APPLIED #85 seq=57 decision=2 fightersValid=1 boardValid=1
2026.09.26-05.30.33 MODE seq=57 mode=0 combat=0 pending=0
2026.09.26-05.30.33 HUD seq=57 phase=ACTION_MANEUVER turn=opp hand=6 oppHand=7(hidden) oppDeck=19~ deck=18~ discard=6
2026.09.26-05.30.33 FIGHTERS synced n=6 alive=6 own=4 enemy=2
2026.09.26-05.30.33 CUE move f-1-hero (2,4)->(3,4) seq=57
2026.09.26-05.30.33 WS seq=57 phase=ACTION_MANEUVER (apply)
2026.09.26-05.30.34 SNAPSHOT applied seq=58 phase=ACTION_MANEUVER
2026.09.26-05.30.34 HANDLE_APPLIED #86 seq=58 decision=2 fightersValid=1 boardValid=1
2026.09.26-05.30.34 MODE seq=58 mode=0 combat=0 pending=0
2026.09.26-05.30.34 HUD seq=58 phase=ACTION_MANEUVER turn=opp hand=6 oppHand=8(hidden) oppDeck=19~ deck=18~ discard=6
2026.09.26-05.30.34 FIGHTERS synced n=6 alive=6 own=4 enemy=2
2026.09.26-05.30.34 WS seq=58 phase=ACTION_MANEUVER (apply)
2026.09.26-05.30.34 SNAPSHOT applied seq=59 phase=TURN_END
2026.09.26-05.30.34 HANDLE_APPLIED #87 seq=59 decision=2 fightersValid=1 boardValid=1
2026.09.26-05.30.34 MODE seq=59 mode=0 combat=0 pending=0
2026.09.26-05.30.34 HUD seq=59 phase=TURN_END turn=opp hand=6 oppHand=8(hidden) oppDeck=19~ deck=18~ discard=6 pendingDiscard=1
2026.09.26-05.30.34 FIGHTERS synced n=6 alive=6 own=4 enemy=2
2026.09.26-05.30.34 CUE move f-1-hero (3,4)->(4,4) seq=59
2026.09.26-05.30.34 WS seq=59 phase=TURN_END (apply)
2026.09.26-05.30.35 SNAPSHOT applied seq=60 phase=ACTION_MANEUVER
2026.09.26-05.30.35 HANDLE_APPLIED #88 seq=60 decision=2 fightersValid=1 boardValid=1
2026.09.26-05.30.35 closed mode=
2026.09.26-05.30.35 MODE seq=60 mode=6 combat=0 pending=1
2026.09.26-05.30.35 HUD seq=60 phase=ACTION_MANEUVER turn=you hand=6 oppHand=7(hidden) oppDeck=19~ deck=18~ discard=6
2026.09.26-05.30.35 FIGHTERS synced n=6 alive=6 own=4 enemy=2
2026.09.26-05.30.35 WS seq=60 phase=ACTION_MANEUVER (apply)
2026.09.26-05.30.35 S09AUTO drive mode=6 plan=[attack+scheme] phase=ACTION_MANEUVER turn=cmuhntivg0000wib0anhqyswc
2026.09.26-05.30.35 S09AUTO own turn #5 (turnCount=11)
2026.09.26-05.30.35 S09AUTO pending picked (type=TARGET_FIGHTER stage=0)
2026.09.26-05.30.35 PEND-RESOLVE sent type=TARGET_FIGHTER stage=0 id=ability-medusa-target-p0
2026.09.26-05.30.35 SNAPSHOT applied seq=61 phase=ACTION_MANEUVER
2026.09.26-05.30.35 HANDLE_APPLIED #89 seq=61 decision=2 fightersValid=1 boardValid=1
2026.09.26-05.30.35 closed mode=
2026.09.26-05.30.35 MODE seq=61 mode=0 combat=0 pending=0
2026.09.26-05.30.35 HUD seq=61 phase=ACTION_MANEUVER turn=you hand=6 oppHand=7(hidden) oppDeck=19~ deck=18~ discard=6
2026.09.26-05.30.35 FIGHTERS synced n=6 alive=6 own=4 enemy=2
2026.09.26-05.30.35 CUE damage f-1-hero -1 seq=61
2026.09.26-05.30.35 WS seq=61 phase=ACTION_MANEUVER (apply)
2026.09.26-05.30.35 SNAPSHOT applied seq=61 phase=ACTION_MANEUVER
2026.09.26-05.30.35 HANDLE_APPLIED #90 seq=61 decision=1 fightersValid=1 boardValid=1
2026.09.26-05.30.35 MODE seq=61 mode=0 combat=0 pending=0
2026.09.26-05.30.35 HUD seq=61 phase=ACTION_MANEUVER turn=you hand=6 oppHand=7(hidden) oppDeck=17 deck=18 discard=6
2026.09.26-05.30.35 FIGHTERS synced n=6 alive=6 own=4 enemy=2
2026.09.26-05.30.35 PEND resolve done seq=61 (merge) phase=ACTION_MANEUVER
2026.09.26-05.30.35 S09AUTO drive mode=0 plan=[attack+scheme] phase=ACTION_MANEUVER turn=cmuhntivg0000wib0anhqyswc
2026.09.26-05.30.35 S09AUTO attack deferred - no may-boost card in hand (turn#5 elapsed=48s)
2026.09.26-05.30.35 SNAPSHOT applied seq=62 phase=ACTION_MANEUVER
2026.09.26-05.30.35 HANDLE_APPLIED #91 seq=62 decision=2 fightersValid=1 boardValid=1
2026.09.26-05.30.35 MANEUVER-DRAFT mode=maneuver:11:61
2026.09.26-05.30.35 DRAFT-OPEN draw committed (resume instead of begin)
2026.09.26-05.30.35 MODE seq=62 mode=1 combat=0 pending=0
2026.09.26-05.30.35 HUD seq=62 phase=ACTION_MANEUVER turn=you hand=7 oppHand=7(hidden) oppDeck=17~ deck=18~ discard=6
2026.09.26-05.30.35 FIGHTERS synced n=6 alive=6 own=4 enemy=2
2026.09.26-05.30.35 WS seq=62 phase=ACTION_MANEUVER (apply)
2026.09.26-05.30.35 SNAPSHOT applied seq=62 phase=ACTION_MANEUVER
2026.09.26-05.30.35 HANDLE_APPLIED #92 seq=62 decision=1 fightersValid=1 boardValid=1
2026.09.26-05.30.35 MODE seq=62 mode=1 combat=0 pending=0
2026.09.26-05.30.35 HUD seq=62 phase=ACTION_MANEUVER turn=you hand=7 oppHand=7(hidden) oppDeck=17 deck=17 discard=6
2026.09.26-05.30.35 FIGHTERS synced n=6 alive=6 own=4 enemy=2
2026.09.26-05.30.35 MANEUVER begin seq=62 (merge) pending=maneuver:11:61
2026.09.26-05.30.35 S09AUTO drive mode=1 plan=[attack+scheme] phase=ACTION_MANEUVER turn=cmuhntivg0000wib0anhqyswc
2026.09.26-05.30.35 MANEUVER-CONFIRM moves=1 boost=none
2026.09.26-05.30.35 SNAPSHOT applied seq=63 phase=ACTION_MANEUVER
2026.09.26-05.30.35 HANDLE_APPLIED #93 seq=63 decision=2 fightersValid=1 boardValid=1
2026.09.26-05.30.35 closed mode=
2026.09.26-05.30.35 MODE seq=63 mode=0 combat=0 pending=0
2026.09.26-05.30.35 HUD seq=63 phase=ACTION_MANEUVER turn=you hand=7 oppHand=7(hidden) oppDeck=17~ deck=17~ discard=6
2026.09.26-05.30.35 FIGHTERS synced n=6 alive=6 own=4 enemy=2
2026.09.26-05.30.35 CUE move f-0-hero (2,3)->(3,3) seq=63
2026.09.26-05.30.35 WS seq=63 phase=ACTION_MANEUVER (apply)
2026.09.26-05.30.35 SNAPSHOT applied seq=63 phase=ACTION_MANEUVER
2026.09.26-05.30.35 HANDLE_APPLIED #94 seq=63 decision=1 fightersValid=1 boardValid=1
2026.09.26-05.30.35 MODE seq=63 mode=0 combat=0 pending=0
2026.09.26-05.30.35 HUD seq=63 phase=ACTION_MANEUVER turn=you hand=7 oppHand=7(hidden) oppDeck=17 deck=17 discard=6
2026.09.26-05.30.35 FIGHTERS synced n=6 alive=6 own=4 enemy=2
2026.09.26-05.30.35 MANEUVER done seq=63 (merge) fighters=6 boost=no
2026.09.26-05.30.36 S09AUTO drive mode=0 plan=[attack+scheme] phase=ACTION_MANEUVER turn=cmuhntivg0000wib0anhqyswc
2026.09.26-05.30.36 S09AUTO attack (attacker=f-0-hero target-set card-set)
2026.09.26-05.30.36 ATTACK sent
2026.09.26-05.30.36 SNAPSHOT applied seq=64 phase=COMBAT
2026.09.26-05.30.36 HANDLE_APPLIED #95 seq=64 decision=2 fightersValid=1 boardValid=1
2026.09.26-05.30.36 closed mode=
2026.09.26-05.30.36 MODE seq=64 mode=0 combat=1 pending=0
2026.09.26-05.30.36 HUD seq=64 phase=COMBAT turn=you hand=6 oppHand=7(hidden) oppDeck=17~ deck=17~ discard=7
2026.09.26-05.30.36 FIGHTERS synced n=6 alive=6 own=4 enemy=2
2026.09.26-05.30.36 WS seq=64 phase=COMBAT (apply)
2026.09.26-05.30.36 SNAPSHOT applied seq=64 phase=COMBAT
2026.09.26-05.30.36 HANDLE_APPLIED #96 seq=64 decision=1 fightersValid=1 boardValid=1
2026.09.26-05.30.36 MODE seq=64 mode=0 combat=1 pending=0
2026.09.26-05.30.36 HUD seq=64 phase=COMBAT turn=you hand=6 oppHand=7(hidden) oppDeck=17 deck=17 discard=7
2026.09.26-05.30.36 FIGHTERS synced n=6 alive=6 own=4 enemy=2
2026.09.26-05.30.36 ATTACK done seq=64 (merge) phase=COMBAT
2026.09.26-05.30.36 ENDTURN sent
2026.09.26-05.30.36 ENDTURN failed: Invalid phase. Current: COMBAT, Required: ACTION_MANEUVER or ACTION_ATTACK
2026.09.26-05.30.36 ENDTURN sent
2026.09.26-05.30.37 ENDTURN failed: Invalid phase. Current: COMBAT_RESOLVE, Required: ACTION_MANEUVER or ACTION_ATTACK
2026.09.26-05.30.37 SNAPSHOT applied seq=65 phase=COMBAT_RESOLVE
2026.09.26-05.30.37 HANDLE_APPLIED #97 seq=65 decision=2 fightersValid=1 boardValid=1
2026.09.26-05.30.37 closed mode=
2026.09.26-05.30.37 MODE seq=65 mode=5 combat=1 pending=0
2026.09.26-05.30.37 HUD seq=65 phase=COMBAT_RESOLVE turn=you hand=6 oppHand=6(hidden) oppDeck=17~ deck=17~ discard=7
2026.09.26-05.30.37 FIGHTERS synced n=6 alive=6 own=4 enemy=2
2026.09.26-05.30.37 WS seq=65 phase=COMBAT_RESOLVE (apply)
2026.09.26-05.30.37 S09AUTO drive mode=5 plan=[attack+scheme] phase=COMBAT_RESOLVE turn=cmuhntivg0000wib0anhqyswc
2026.09.26-05.30.37 SNAPSHOT applied seq=66 phase=COMBAT_RESOLVE
2026.09.26-05.30.37 HANDLE_APPLIED #98 seq=66 decision=2 fightersValid=1 boardValid=1
2026.09.26-05.30.37 closed mode=
2026.09.26-05.30.37 MODE seq=66 mode=6 combat=1 pending=1
2026.09.26-05.30.37 HUD seq=66 phase=COMBAT_RESOLVE turn=you hand=6 oppHand=6(hidden) oppDeck=17~ deck=17~ discard=7
2026.09.26-05.30.37 FIGHTERS synced n=6 alive=6 own=4 enemy=2
2026.09.26-05.30.37 WS seq=66 phase=COMBAT_RESOLVE (apply)
2026.09.26-05.30.37 S09AUTO drive mode=6 plan=[attack+scheme] phase=COMBAT_RESOLVE turn=cmuhntivg0000wib0anhqyswc
2026.09.26-05.30.37 S09AUTO boost choice - holding 4s for the other seat's reveal capture
2026.09.26-05.30.41 S09AUTO pending picked (type=BOOST_CHOICE stage=0)
2026.09.26-05.30.41 PEND-RESOLVE sent type=BOOST_CHOICE stage=0 id=cmuhgvgkf00smwi9gaeymh3ur-during-0-boost-65
2026.09.26-05.30.41 SNAPSHOT applied seq=67 phase=ACTION_MANEUVER
2026.09.26-05.30.41 HANDLE_APPLIED #99 seq=67 decision=2 fightersValid=1 boardValid=1
2026.09.26-05.30.41 COMBAT-RESULT seq=67 damage=3 role=attacked
2026.09.26-05.30.41 closed mode=
2026.09.26-05.30.41 MODE seq=67 mode=0 combat=0 pending=0
2026.09.26-05.30.41 HUD seq=67 phase=ACTION_MANEUVER turn=opp hand=5 oppHand=6(hidden) oppDeck=17~ deck=17~ discard=8
2026.09.26-05.30.41 FIGHTERS synced n=6 alive=6 own=4 enemy=2
2026.09.26-05.30.41 CUE damage f-1-sk0 -3 seq=67
2026.09.26-05.30.41 WS seq=67 phase=ACTION_MANEUVER (apply)
2026.09.26-05.30.41 SNAPSHOT applied seq=67 phase=ACTION_MANEUVER
2026.09.26-05.30.41 HANDLE_APPLIED #100 seq=67 decision=1 fightersValid=1 boardValid=1
2026.09.26-05.30.41 MODE seq=67 mode=0 combat=0 pending=0
2026.09.26-05.30.41 HUD seq=67 phase=ACTION_MANEUVER turn=opp hand=5 oppHand=6(hidden) oppDeck=17 deck=17 discard=8
2026.09.26-05.30.41 FIGHTERS synced n=6 alive=6 own=4 enemy=2
2026.09.26-05.30.41 PEND resolve done seq=67 (merge) phase=ACTION_MANEUVER
2026.09.26-05.30.41 S09AUTO drive mode=0 plan=[attack+scheme] phase=ACTION_MANEUVER turn=cmuhntiwu0001wib0z281rpa8
2026.09.26-05.30.41 SNAPSHOT applied seq=68 phase=ACTION_MANEUVER
2026.09.26-05.30.41 HANDLE_APPLIED #101 seq=68 decision=2 fightersValid=1 boardValid=1
2026.09.26-05.30.41 MODE seq=68 mode=0 combat=0 pending=0
2026.09.26-05.30.41 HUD seq=68 phase=ACTION_MANEUVER turn=opp hand=5 oppHand=7(hidden) oppDeck=17~ deck=17~ discard=8
2026.09.26-05.30.41 FIGHTERS synced n=6 alive=6 own=4 enemy=2
2026.09.26-05.30.41 WS seq=68 phase=ACTION_MANEUVER (apply)
2026.09.26-05.30.41 SNAPSHOT applied seq=69 phase=ACTION_MANEUVER
2026.09.26-05.30.41 HANDLE_APPLIED #102 seq=69 decision=2 fightersValid=1 boardValid=1
2026.09.26-05.30.41 MODE seq=69 mode=0 combat=0 pending=0
2026.09.26-05.30.41 HUD seq=69 phase=ACTION_MANEUVER turn=opp hand=5 oppHand=7(hidden) oppDeck=17~ deck=17~ discard=8
2026.09.26-05.30.41 FIGHTERS synced n=6 alive=6 own=4 enemy=2
2026.09.26-05.30.41 CUE move f-1-hero (4,4)->(3,4) seq=69
2026.09.26-05.30.41 WS seq=69 phase=ACTION_MANEUVER (apply)
2026.09.26-05.30.42 SNAPSHOT applied seq=70 phase=ACTION_MANEUVER
2026.09.26-05.30.42 HANDLE_APPLIED #103 seq=70 decision=2 fightersValid=1 boardValid=1
2026.09.26-05.30.42 MODE seq=70 mode=0 combat=0 pending=0
2026.09.26-05.30.42 HUD seq=70 phase=ACTION_MANEUVER turn=opp hand=5 oppHand=8(hidden) oppDeck=17~ deck=17~ discard=8
2026.09.26-05.30.42 FIGHTERS synced n=6 alive=6 own=4 enemy=2
2026.09.26-05.30.42 WS seq=70 phase=ACTION_MANEUVER (apply)
2026.09.26-05.30.42 SNAPSHOT applied seq=71 phase=TURN_END
2026.09.26-05.30.42 HANDLE_APPLIED #104 seq=71 decision=2 fightersValid=1 boardValid=1
2026.09.26-05.30.42 MODE seq=71 mode=0 combat=0 pending=0
2026.09.26-05.30.42 HUD seq=71 phase=TURN_END turn=opp hand=5 oppHand=8(hidden) oppDeck=17~ deck=17~ discard=8 pendingDiscard=1
2026.09.26-05.30.42 FIGHTERS synced n=6 alive=6 own=4 enemy=2
2026.09.26-05.30.42 CUE move f-1-hero (3,4)->(4,4) seq=71
2026.09.26-05.30.42 WS seq=71 phase=TURN_END (apply)
2026.09.26-05.30.43 SNAPSHOT applied seq=72 phase=ACTION_MANEUVER
2026.09.26-05.30.43 HANDLE_APPLIED #105 seq=72 decision=2 fightersValid=1 boardValid=1
2026.09.26-05.30.43 closed mode=
2026.09.26-05.30.43 MODE seq=72 mode=6 combat=0 pending=1
2026.09.26-05.30.43 HUD seq=72 phase=ACTION_MANEUVER turn=you hand=5 oppHand=7(hidden) oppDeck=17~ deck=17~ discard=8
2026.09.26-05.30.43 FIGHTERS synced n=6 alive=6 own=4 enemy=2
2026.09.26-05.30.43 WS seq=72 phase=ACTION_MANEUVER (apply)
2026.09.26-05.30.43 S09AUTO drive mode=6 plan=[attack+scheme] phase=ACTION_MANEUVER turn=cmuhntivg0000wib0anhqyswc
2026.09.26-05.30.43 S09AUTO own turn #6 (turnCount=13)
2026.09.26-05.30.43 S09AUTO pending picked (type=TARGET_FIGHTER stage=0)
2026.09.26-05.30.43 PEND-RESOLVE sent type=TARGET_FIGHTER stage=0 id=ability-medusa-target-p0
2026.09.26-05.30.43 SNAPSHOT applied seq=73 phase=ACTION_MANEUVER
2026.09.26-05.30.43 HANDLE_APPLIED #106 seq=73 decision=2 fightersValid=1 boardValid=1
2026.09.26-05.30.43 closed mode=
2026.09.26-05.30.43 MODE seq=73 mode=0 combat=0 pending=0
2026.09.26-05.30.43 HUD seq=73 phase=ACTION_MANEUVER turn=you hand=5 oppHand=7(hidden) oppDeck=17~ deck=17~ discard=8
2026.09.26-05.30.43 FIGHTERS synced n=6 alive=6 own=4 enemy=2
2026.09.26-05.30.43 CUE damage f-1-hero -1 seq=73
2026.09.26-05.30.43 WS seq=73 phase=ACTION_MANEUVER (apply)
2026.09.26-05.30.43 SNAPSHOT applied seq=73 phase=ACTION_MANEUVER
2026.09.26-05.30.43 HANDLE_APPLIED #107 seq=73 decision=1 fightersValid=1 boardValid=1
2026.09.26-05.30.43 MODE seq=73 mode=0 combat=0 pending=0
2026.09.26-05.30.43 HUD seq=73 phase=ACTION_MANEUVER turn=you hand=5 oppHand=7(hidden) oppDeck=15 deck=17 discard=8
2026.09.26-05.30.43 FIGHTERS synced n=6 alive=6 own=4 enemy=2
2026.09.26-05.30.43 PEND resolve done seq=73 (merge) phase=ACTION_MANEUVER
2026.09.26-05.30.43 S09AUTO drive mode=0 plan=[attack+scheme] phase=ACTION_MANEUVER turn=cmuhntivg0000wib0anhqyswc
2026.09.26-05.30.43 S09AUTO attack deferred - no may-boost card in hand (turn#6 elapsed=56s)
2026.09.26-05.30.43 SNAPSHOT applied seq=74 phase=ACTION_MANEUVER
2026.09.26-05.30.43 HANDLE_APPLIED #108 seq=74 decision=2 fightersValid=1 boardValid=1
2026.09.26-05.30.43 MANEUVER-DRAFT mode=maneuver:13:73
2026.09.26-05.30.43 DRAFT-OPEN draw committed (resume instead of begin)
2026.09.26-05.30.43 MODE seq=74 mode=1 combat=0 pending=0
2026.09.26-05.30.43 HUD seq=74 phase=ACTION_MANEUVER turn=you hand=6 oppHand=7(hidden) oppDeck=15~ deck=17~ discard=8
2026.09.26-05.30.43 FIGHTERS synced n=6 alive=6 own=4 enemy=2
2026.09.26-05.30.43 WS seq=74 phase=ACTION_MANEUVER (apply)
2026.09.26-05.30.43 SNAPSHOT applied seq=74 phase=ACTION_MANEUVER
2026.09.26-05.30.43 HANDLE_APPLIED #109 seq=74 decision=1 fightersValid=1 boardValid=1
2026.09.26-05.30.43 MODE seq=74 mode=1 combat=0 pending=0
2026.09.26-05.30.43 HUD seq=74 phase=ACTION_MANEUVER turn=you hand=6 oppHand=7(hidden) oppDeck=15 deck=16 discard=8
2026.09.26-05.30.43 FIGHTERS synced n=6 alive=6 own=4 enemy=2
2026.09.26-05.30.43 MANEUVER begin seq=74 (merge) pending=maneuver:13:73
2026.09.26-05.30.43 S09AUTO drive mode=1 plan=[attack+scheme] phase=ACTION_MANEUVER turn=cmuhntivg0000wib0anhqyswc
2026.09.26-05.30.43 MANEUVER-CONFIRM moves=1 boost=none
2026.09.26-05.30.43 SNAPSHOT applied seq=75 phase=ACTION_MANEUVER
2026.09.26-05.30.43 HANDLE_APPLIED #110 seq=75 decision=2 fightersValid=1 boardValid=1
2026.09.26-05.30.43 closed mode=
2026.09.26-05.30.43 MODE seq=75 mode=0 combat=0 pending=0
2026.09.26-05.30.43 HUD seq=75 phase=ACTION_MANEUVER turn=you hand=6 oppHand=7(hidden) oppDeck=15~ deck=16~ discard=8
2026.09.26-05.30.43 FIGHTERS synced n=6 alive=6 own=4 enemy=2
2026.09.26-05.30.43 CUE move f-0-hero (3,3)->(2,3) seq=75
2026.09.26-05.30.43 WS seq=75 phase=ACTION_MANEUVER (apply)
2026.09.26-05.30.43 SNAPSHOT applied seq=75 phase=ACTION_MANEUVER
2026.09.26-05.30.43 HANDLE_APPLIED #111 seq=75 decision=1 fightersValid=1 boardValid=1
2026.09.26-05.30.43 MODE seq=75 mode=0 combat=0 pending=0
2026.09.26-05.30.43 HUD seq=75 phase=ACTION_MANEUVER turn=you hand=6 oppHand=7(hidden) oppDeck=15 deck=16 discard=8
2026.09.26-05.30.43 FIGHTERS synced n=6 alive=6 own=4 enemy=2
2026.09.26-05.30.43 MANEUVER done seq=75 (merge) fighters=6 boost=no
2026.09.26-05.30.45 S09AUTO drive mode=0 plan=[attack+scheme] phase=ACTION_MANEUVER turn=cmuhntivg0000wib0anhqyswc
2026.09.26-05.30.45 S09AUTO attack deferred - no may-boost card in hand (turn#6 elapsed=57s)
2026.09.26-05.30.45 SNAPSHOT applied seq=76 phase=ACTION_MANEUVER
2026.09.26-05.30.45 HANDLE_APPLIED #112 seq=76 decision=2 fightersValid=1 boardValid=1
2026.09.26-05.30.45 MANEUVER-DRAFT mode=maneuver:13:75
2026.09.26-05.30.45 DRAFT-OPEN draw committed (resume instead of begin)
2026.09.26-05.30.45 MODE seq=76 mode=1 combat=0 pending=0
2026.09.26-05.30.45 HUD seq=76 phase=ACTION_MANEUVER turn=you hand=7 oppHand=7(hidden) oppDeck=15~ deck=16~ discard=8
2026.09.26-05.30.45 FIGHTERS synced n=6 alive=6 own=4 enemy=2
2026.09.26-05.30.45 WS seq=76 phase=ACTION_MANEUVER (apply)
2026.09.26-05.30.45 SNAPSHOT applied seq=76 phase=ACTION_MANEUVER
2026.09.26-05.30.45 HANDLE_APPLIED #113 seq=76 decision=1 fightersValid=1 boardValid=1
2026.09.26-05.30.45 MODE seq=76 mode=1 combat=0 pending=0
2026.09.26-05.30.45 HUD seq=76 phase=ACTION_MANEUVER turn=you hand=7 oppHand=7(hidden) oppDeck=15 deck=15 discard=8
2026.09.26-05.30.45 FIGHTERS synced n=6 alive=6 own=4 enemy=2
2026.09.26-05.30.45 MANEUVER begin seq=76 (merge) pending=maneuver:13:75
2026.09.26-05.30.45 S09AUTO drive mode=1 plan=[attack+scheme] phase=ACTION_MANEUVER turn=cmuhntivg0000wib0anhqyswc
2026.09.26-05.30.45 MANEUVER-CONFIRM moves=1 boost=none
2026.09.26-05.30.45 SNAPSHOT applied seq=77 phase=ACTION_MANEUVER
2026.09.26-05.30.45 HANDLE_APPLIED #114 seq=77 decision=2 fightersValid=1 boardValid=1
2026.09.26-05.30.45 closed mode=
2026.09.26-05.30.45 MODE seq=77 mode=0 combat=0 pending=0
2026.09.26-05.30.45 HUD seq=77 phase=ACTION_MANEUVER turn=opp hand=7 oppHand=7(hidden) oppDeck=15~ deck=15~ discard=8
2026.09.26-05.30.45 FIGHTERS synced n=6 alive=6 own=4 enemy=2
2026.09.26-05.30.45 CUE move f-0-hero (2,3)->(3,3) seq=77
2026.09.26-05.30.45 WS seq=77 phase=ACTION_MANEUVER (apply)
2026.09.26-05.30.45 SNAPSHOT applied seq=77 phase=ACTION_MANEUVER
2026.09.26-05.30.45 HANDLE_APPLIED #115 seq=77 decision=1 fightersValid=1 boardValid=1
2026.09.26-05.30.45 MODE seq=77 mode=0 combat=0 pending=0
2026.09.26-05.30.45 HUD seq=77 phase=ACTION_MANEUVER turn=opp hand=7 oppHand=7(hidden) oppDeck=15 deck=15 discard=8
2026.09.26-05.30.45 FIGHTERS synced n=6 alive=6 own=4 enemy=2
2026.09.26-05.30.45 MANEUVER done seq=77 (merge) fighters=6 boost=no
2026.09.26-05.30.45 SNAPSHOT applied seq=78 phase=ACTION_MANEUVER
2026.09.26-05.30.45 HANDLE_APPLIED #116 seq=78 decision=2 fightersValid=1 boardValid=1
2026.09.26-05.30.45 MODE seq=78 mode=0 combat=0 pending=0
2026.09.26-05.30.45 HUD seq=78 phase=ACTION_MANEUVER turn=opp hand=7 oppHand=8(hidden) oppDeck=15~ deck=15~ discard=8
2026.09.26-05.30.45 FIGHTERS synced n=6 alive=6 own=4 enemy=2
2026.09.26-05.30.45 WS seq=78 phase=ACTION_MANEUVER (apply)
2026.09.26-05.30.45 SNAPSHOT applied seq=79 phase=ACTION_MANEUVER
2026.09.26-05.30.45 HANDLE_APPLIED #117 seq=79 decision=2 fightersValid=1 boardValid=1
2026.09.26-05.30.45 MODE seq=79 mode=0 combat=0 pending=0
2026.09.26-05.30.45 HUD seq=79 phase=ACTION_MANEUVER turn=opp hand=7 oppHand=8(hidden) oppDeck=15~ deck=15~ discard=8
2026.09.26-05.30.45 FIGHTERS synced n=6 alive=6 own=4 enemy=2
2026.09.26-05.30.45 CUE move f-1-hero (4,4)->(3,4) seq=79
2026.09.26-05.30.45 WS seq=79 phase=ACTION_MANEUVER (apply)
2026.09.26-05.30.46 S09AUTO drive mode=0 plan=[attack+scheme] phase=ACTION_MANEUVER turn=cmuhntiwu0001wib0z281rpa8
2026.09.26-05.30.46 SNAPSHOT applied seq=80 phase=ACTION_MANEUVER
2026.09.26-05.30.46 HANDLE_APPLIED #118 seq=80 decision=2 fightersValid=1 boardValid=1
2026.09.26-05.30.46 MODE seq=80 mode=0 combat=0 pending=0
2026.09.26-05.30.46 HUD seq=80 phase=ACTION_MANEUVER turn=opp hand=7 oppHand=9(hidden) oppDeck=15~ deck=15~ discard=8
2026.09.26-05.30.46 FIGHTERS synced n=6 alive=6 own=4 enemy=2
2026.09.26-05.30.46 WS seq=80 phase=ACTION_MANEUVER (apply)
2026.09.26-05.30.46 SNAPSHOT applied seq=81 phase=TURN_END
2026.09.26-05.30.46 HANDLE_APPLIED #119 seq=81 decision=2 fightersValid=1 boardValid=1
2026.09.26-05.30.46 MODE seq=81 mode=0 combat=0 pending=0
2026.09.26-05.30.46 HUD seq=81 phase=TURN_END turn=opp hand=7 oppHand=9(hidden) oppDeck=15~ deck=15~ discard=8 pendingDiscard=2
2026.09.26-05.30.46 FIGHTERS synced n=6 alive=6 own=4 enemy=2
2026.09.26-05.30.46 CUE move f-1-hero (3,4)->(4,4) seq=81
2026.09.26-05.30.46 WS seq=81 phase=TURN_END (apply)
2026.09.26-05.30.47 SNAPSHOT applied seq=82 phase=ACTION_MANEUVER
2026.09.26-05.30.47 HANDLE_APPLIED #120 seq=82 decision=2 fightersValid=1 boardValid=1
2026.09.26-05.30.47 closed mode=
2026.09.26-05.30.47 MODE seq=82 mode=6 combat=0 pending=1
2026.09.26-05.30.47 HUD seq=82 phase=ACTION_MANEUVER turn=you hand=7 oppHand=7(hidden) oppDeck=15~ deck=15~ discard=8
2026.09.26-05.30.47 FIGHTERS synced n=6 alive=6 own=4 enemy=2
2026.09.26-05.30.47 WS seq=82 phase=ACTION_MANEUVER (apply)
2026.09.26-05.30.47 S09AUTO drive mode=6 plan=[attack+scheme] phase=ACTION_MANEUVER turn=cmuhntivg0000wib0anhqyswc
2026.09.26-05.30.47 S09AUTO own turn #7 (turnCount=15)
2026.09.26-05.30.47 S09AUTO pending picked (type=TARGET_FIGHTER stage=0)
2026.09.26-05.30.47 PEND-RESOLVE sent type=TARGET_FIGHTER stage=0 id=ability-medusa-target-p0
2026.09.26-05.30.47 SNAPSHOT applied seq=83 phase=ACTION_MANEUVER
2026.09.26-05.30.47 HANDLE_APPLIED #121 seq=83 decision=2 fightersValid=1 boardValid=1
2026.09.26-05.30.47 closed mode=
2026.09.26-05.30.47 MODE seq=83 mode=0 combat=0 pending=0
2026.09.26-05.30.47 HUD seq=83 phase=ACTION_MANEUVER turn=you hand=7 oppHand=7(hidden) oppDeck=15~ deck=15~ discard=8
2026.09.26-05.30.47 FIGHTERS synced n=6 alive=6 own=4 enemy=2
2026.09.26-05.30.47 CUE damage f-1-hero -1 seq=83
2026.09.26-05.30.47 WS seq=83 phase=ACTION_MANEUVER (apply)
2026.09.26-05.30.47 SNAPSHOT applied seq=83 phase=ACTION_MANEUVER
2026.09.26-05.30.47 HANDLE_APPLIED #122 seq=83 decision=1 fightersValid=1 boardValid=1
2026.09.26-05.30.47 MODE seq=83 mode=0 combat=0 pending=0
2026.09.26-05.30.47 HUD seq=83 phase=ACTION_MANEUVER turn=you hand=7 oppHand=7(hidden) oppDeck=13 deck=15 discard=8
2026.09.26-05.30.47 FIGHTERS synced n=6 alive=6 own=4 enemy=2
2026.09.26-05.30.47 PEND resolve done seq=83 (merge) phase=ACTION_MANEUVER
2026.09.26-05.30.47 S09AUTO drive mode=0 plan=[attack+scheme] phase=ACTION_MANEUVER turn=cmuhntivg0000wib0anhqyswc
2026.09.26-05.30.47 S09AUTO attack deferred - no may-boost card in hand (turn#7 elapsed=60s)
2026.09.26-05.30.47 SNAPSHOT applied seq=84 phase=ACTION_MANEUVER
2026.09.26-05.30.47 HANDLE_APPLIED #123 seq=84 decision=2 fightersValid=1 boardValid=1
2026.09.26-05.30.47 MANEUVER-DRAFT mode=maneuver:15:83
2026.09.26-05.30.47 DRAFT-OPEN draw committed (resume instead of begin)
2026.09.26-05.30.47 MODE seq=84 mode=1 combat=0 pending=0
2026.09.26-05.30.47 HUD seq=84 phase=ACTION_MANEUVER turn=you hand=8 oppHand=7(hidden) oppDeck=13 deck=14 discard=8
2026.09.26-05.30.47 FIGHTERS synced n=6 alive=6 own=4 enemy=2
2026.09.26-05.30.47 MANEUVER begin seq=84 (apply) pending=maneuver:15:83
2026.09.26-05.30.47 SNAPSHOT applied seq=84 phase=ACTION_MANEUVER
2026.09.26-05.30.47 HANDLE_APPLIED #124 seq=84 decision=1 fightersValid=1 boardValid=1
2026.09.26-05.30.47 MODE seq=84 mode=1 combat=0 pending=0
2026.09.26-05.30.47 HUD seq=84 phase=ACTION_MANEUVER turn=you hand=8 oppHand=7(hidden) oppDeck=13 deck=14 discard=8
2026.09.26-05.30.47 FIGHTERS synced n=6 alive=6 own=4 enemy=2
2026.09.26-05.30.47 WS seq=84 phase=ACTION_MANEUVER (merge)
2026.09.26-05.30.47 S09AUTO drive mode=1 plan=[attack+scheme] phase=ACTION_MANEUVER turn=cmuhntivg0000wib0anhqyswc
2026.09.26-05.30.47 MANEUVER-CONFIRM moves=1 boost=none
2026.09.26-05.30.47 SNAPSHOT applied seq=85 phase=ACTION_MANEUVER
2026.09.26-05.30.47 HANDLE_APPLIED #125 seq=85 decision=2 fightersValid=1 boardValid=1
2026.09.26-05.30.47 closed mode=
2026.09.26-05.30.47 MODE seq=85 mode=0 combat=0 pending=0
2026.09.26-05.30.47 HUD seq=85 phase=ACTION_MANEUVER turn=you hand=8 oppHand=7(hidden) oppDeck=13~ deck=14~ discard=8
2026.09.26-05.30.47 FIGHTERS synced n=6 alive=6 own=4 enemy=2
2026.09.26-05.30.47 CUE move f-0-hero (3,3)->(2,3) seq=85
2026.09.26-05.30.47 WS seq=85 phase=ACTION_MANEUVER (apply)
2026.09.26-05.30.47 SNAPSHOT applied seq=85 phase=ACTION_MANEUVER
2026.09.26-05.30.47 HANDLE_APPLIED #126 seq=85 decision=1 fightersValid=1 boardValid=1
2026.09.26-05.30.47 MODE seq=85 mode=0 combat=0 pending=0
2026.09.26-05.30.47 HUD seq=85 phase=ACTION_MANEUVER turn=you hand=8 oppHand=7(hidden) oppDeck=13 deck=14 discard=8
2026.09.26-05.30.47 FIGHTERS synced n=6 alive=6 own=4 enemy=2
2026.09.26-05.30.47 MANEUVER done seq=85 (merge) fighters=6 boost=no
2026.09.26-05.30.49 S09AUTO drive mode=0 plan=[attack+scheme] phase=ACTION_MANEUVER turn=cmuhntivg0000wib0anhqyswc
2026.09.26-05.30.49 S09AUTO attack deferred - no may-boost card in hand (turn#7 elapsed=61s)
2026.09.26-05.30.49 S09AUTO scheme
2026.09.26-05.30.49 SNAPSHOT applied seq=86 phase=ACTION_MANEUVER
2026.09.26-05.30.49 HANDLE_APPLIED #127 seq=86 decision=2 fightersValid=1 boardValid=1
2026.09.26-05.30.49 closed mode=
2026.09.26-05.30.49 MODE seq=86 mode=6 combat=0 pending=1
2026.09.26-05.30.49 HUD seq=86 phase=ACTION_MANEUVER turn=you hand=7 oppHand=7(hidden) oppDeck=13~ deck=14~ discard=9
2026.09.26-05.30.49 FIGHTERS synced n=6 alive=6 own=4 enemy=2
2026.09.26-05.30.49 WS seq=86 phase=ACTION_MANEUVER (apply)
2026.09.26-05.30.49 SNAPSHOT applied seq=86 phase=ACTION_MANEUVER
2026.09.26-05.30.49 HANDLE_APPLIED #128 seq=86 decision=1 fightersValid=1 boardValid=1
2026.09.26-05.30.49 MODE seq=86 mode=6 combat=0 pending=1
2026.09.26-05.30.49 HUD seq=86 phase=ACTION_MANEUVER turn=you hand=7 oppHand=7(hidden) oppDeck=13 deck=14 discard=9
2026.09.26-05.30.49 FIGHTERS synced n=6 alive=6 own=4 enemy=2
2026.09.26-05.30.49 SCHEME done seq=86 (merge) phase=ACTION_MANEUVER
2026.09.26-05.30.50 S09AUTO drive mode=6 plan=[attack+scheme] phase=ACTION_MANEUVER turn=cmuhntivg0000wib0anhqyswc
2026.09.26-05.30.50 S09AUTO pending picked (type=TARGET_FIGHTER stage=0)
2026.09.26-05.30.50 PEND-RESOLVE sent type=TARGET_FIGHTER stage=0 id=cmuhgvgkg00sowi9giqzfy1hf-fullText-0-p0
2026.09.26-05.30.50 SNAPSHOT applied seq=87 phase=ACTION_MANEUVER
2026.09.26-05.30.50 HANDLE_APPLIED #129 seq=87 decision=2 fightersValid=1 boardValid=1
2026.09.26-05.30.50 closed mode=
2026.09.26-05.30.50 MODE seq=87 mode=0 combat=0 pending=0
2026.09.26-05.30.50 HUD seq=87 phase=ACTION_MANEUVER turn=opp hand=7 oppHand=7(hidden) oppDeck=13~ deck=14~ discard=9
2026.09.26-05.30.50 FIGHTERS synced n=6 alive=6 own=4 enemy=2
2026.09.26-05.30.50 CUE damage f-0-hero -2 seq=87
2026.09.26-05.30.50 WS seq=87 phase=ACTION_MANEUVER (apply)
2026.09.26-05.30.50 SNAPSHOT applied seq=87 phase=ACTION_MANEUVER
2026.09.26-05.30.50 HANDLE_APPLIED #130 seq=87 decision=1 fightersValid=1 boardValid=1
2026.09.26-05.30.50 MODE seq=87 mode=0 combat=0 pending=0
2026.09.26-05.30.50 HUD seq=87 phase=ACTION_MANEUVER turn=opp hand=7 oppHand=7(hidden) oppDeck=13 deck=14 discard=9
2026.09.26-05.30.50 FIGHTERS synced n=6 alive=6 own=4 enemy=2
2026.09.26-05.30.50 PEND resolve done seq=87 (merge) phase=ACTION_MANEUVER
2026.09.26-05.30.50 S09AUTO drive mode=0 plan=[attack+scheme] phase=ACTION_MANEUVER turn=cmuhntiwu0001wib0z281rpa8
2026.09.26-05.30.50 SNAPSHOT applied seq=88 phase=ACTION_MANEUVER
2026.09.26-05.30.50 HANDLE_APPLIED #131 seq=88 decision=2 fightersValid=1 boardValid=1
2026.09.26-05.30.50 MODE seq=88 mode=0 combat=0 pending=0
2026.09.26-05.30.50 HUD seq=88 phase=ACTION_MANEUVER turn=opp hand=7 oppHand=8(hidden) oppDeck=13~ deck=14~ discard=9
2026.09.26-05.30.50 FIGHTERS synced n=6 alive=6 own=4 enemy=2
2026.09.26-05.30.50 WS seq=88 phase=ACTION_MANEUVER (apply)
2026.09.26-05.30.50 SNAPSHOT applied seq=89 phase=ACTION_MANEUVER
2026.09.26-05.30.50 HANDLE_APPLIED #132 seq=89 decision=2 fightersValid=1 boardValid=1
2026.09.26-05.30.50 MODE seq=89 mode=0 combat=0 pending=0
2026.09.26-05.30.50 HUD seq=89 phase=ACTION_MANEUVER turn=opp hand=7 oppHand=8(hidden) oppDeck=13~ deck=14~ discard=9
2026.09.26-05.30.50 FIGHTERS synced n=6 alive=6 own=4 enemy=2
2026.09.26-05.30.50 CUE move f-1-hero (4,4)->(3,4) seq=89
2026.09.26-05.30.50 WS seq=89 phase=ACTION_MANEUVER (apply)
2026.09.26-05.30.51 SNAPSHOT applied seq=90 phase=ACTION_MANEUVER
2026.09.26-05.30.51 HANDLE_APPLIED #133 seq=90 decision=2 fightersValid=1 boardValid=1
2026.09.26-05.30.51 MODE seq=90 mode=0 combat=0 pending=0
2026.09.26-05.30.51 HUD seq=90 phase=ACTION_MANEUVER turn=opp hand=7 oppHand=9(hidden) oppDeck=13~ deck=14~ discard=9
2026.09.26-05.30.51 FIGHTERS synced n=6 alive=6 own=4 enemy=2
2026.09.26-05.30.51 WS seq=90 phase=ACTION_MANEUVER (apply)
2026.09.26-05.30.51 SNAPSHOT applied seq=91 phase=TURN_END
2026.09.26-05.30.51 HANDLE_APPLIED #134 seq=91 decision=2 fightersValid=1 boardValid=1
2026.09.26-05.30.51 MODE seq=91 mode=0 combat=0 pending=0
2026.09.26-05.30.51 HUD seq=91 phase=TURN_END turn=opp hand=7 oppHand=9(hidden) oppDeck=13~ deck=14~ discard=9 pendingDiscard=2
2026.09.26-05.30.51 FIGHTERS synced n=6 alive=6 own=4 enemy=2
2026.09.26-05.30.51 CUE move f-1-hero (3,4)->(4,4) seq=91
2026.09.26-05.30.51 WS seq=91 phase=TURN_END (apply)
2026.09.26-05.30.52 SNAPSHOT applied seq=92 phase=ACTION_MANEUVER
2026.09.26-05.30.52 HANDLE_APPLIED #135 seq=92 decision=2 fightersValid=1 boardValid=1
2026.09.26-05.30.52 closed mode=
2026.09.26-05.30.52 MODE seq=92 mode=6 combat=0 pending=1
2026.09.26-05.30.52 HUD seq=92 phase=ACTION_MANEUVER turn=you hand=7 oppHand=7(hidden) oppDeck=13~ deck=14~ discard=9
2026.09.26-05.30.52 FIGHTERS synced n=6 alive=6 own=4 enemy=2
2026.09.26-05.30.52 WS seq=92 phase=ACTION_MANEUVER (apply)
2026.09.26-05.30.52 S09AUTO drive mode=6 plan=[attack+scheme] phase=ACTION_MANEUVER turn=cmuhntivg0000wib0anhqyswc
2026.09.26-05.30.52 S09AUTO own turn #8 (turnCount=17)
2026.09.26-05.30.52 S09AUTO pending picked (type=TARGET_FIGHTER stage=0)
2026.09.26-05.30.52 PEND-RESOLVE sent type=TARGET_FIGHTER stage=0 id=ability-medusa-target-p0
2026.09.26-05.30.52 SNAPSHOT applied seq=93 phase=ACTION_MANEUVER
2026.09.26-05.30.52 HANDLE_APPLIED #136 seq=93 decision=2 fightersValid=1 boardValid=1
2026.09.26-05.30.52 closed mode=
2026.09.26-05.30.52 MODE seq=93 mode=0 combat=0 pending=0
2026.09.26-05.30.52 HUD seq=93 phase=ACTION_MANEUVER turn=you hand=7 oppHand=7(hidden) oppDeck=13~ deck=14~ discard=9
2026.09.26-05.30.52 FIGHTERS synced n=6 alive=6 own=4 enemy=2
2026.09.26-05.30.52 CUE damage f-1-hero -1 seq=93
2026.09.26-05.30.52 WS seq=93 phase=ACTION_MANEUVER (apply)
2026.09.26-05.30.52 SNAPSHOT applied seq=93 phase=ACTION_MANEUVER
2026.09.26-05.30.52 HANDLE_APPLIED #137 seq=93 decision=1 fightersValid=1 boardValid=1
2026.09.26-05.30.52 MODE seq=93 mode=0 combat=0 pending=0
2026.09.26-05.30.52 HUD seq=93 phase=ACTION_MANEUVER turn=you hand=7 oppHand=7(hidden) oppDeck=11 deck=14 discard=9
2026.09.26-05.30.52 FIGHTERS synced n=6 alive=6 own=4 enemy=2
2026.09.26-05.30.52 PEND resolve done seq=93 (merge) phase=ACTION_MANEUVER
2026.09.26-05.30.52 S09AUTO drive mode=0 plan=[attack+scheme] phase=ACTION_MANEUVER turn=cmuhntivg0000wib0anhqyswc
2026.09.26-05.30.53 SNAPSHOT applied seq=94 phase=ACTION_MANEUVER
2026.09.26-05.30.53 HANDLE_APPLIED #138 seq=94 decision=2 fightersValid=1 boardValid=1
2026.09.26-05.30.53 MANEUVER-DRAFT mode=maneuver:17:93
2026.09.26-05.30.53 DRAFT-OPEN draw committed (resume instead of begin)
2026.09.26-05.30.53 MODE seq=94 mode=1 combat=0 pending=0
2026.09.26-05.30.53 HUD seq=94 phase=ACTION_MANEUVER turn=you hand=8 oppHand=7(hidden) oppDeck=11~ deck=14~ discard=9
2026.09.26-05.30.53 FIGHTERS synced n=6 alive=6 own=4 enemy=2
2026.09.26-05.30.53 WS seq=94 phase=ACTION_MANEUVER (apply)
2026.09.26-05.30.53 SNAPSHOT applied seq=94 phase=ACTION_MANEUVER
2026.09.26-05.30.53 HANDLE_APPLIED #139 seq=94 decision=1 fightersValid=1 boardValid=1
2026.09.26-05.30.53 MODE seq=94 mode=1 combat=0 pending=0
2026.09.26-05.30.53 HUD seq=94 phase=ACTION_MANEUVER turn=you hand=8 oppHand=7(hidden) oppDeck=11 deck=13 discard=9
2026.09.26-05.30.53 FIGHTERS synced n=6 alive=6 own=4 enemy=2
2026.09.26-05.30.53 MANEUVER begin seq=94 (merge) pending=maneuver:17:93
2026.09.26-05.30.53 S09AUTO drive mode=1 plan=[attack+scheme] phase=ACTION_MANEUVER turn=cmuhntivg0000wib0anhqyswc
2026.09.26-05.30.53 MANEUVER-CONFIRM moves=1 boost=none
2026.09.26-05.30.53 SNAPSHOT applied seq=95 phase=ACTION_MANEUVER
2026.09.26-05.30.53 HANDLE_APPLIED #140 seq=95 decision=2 fightersValid=1 boardValid=1
2026.09.26-05.30.53 closed mode=
2026.09.26-05.30.53 MODE seq=95 mode=0 combat=0 pending=0
2026.09.26-05.30.53 HUD seq=95 phase=ACTION_MANEUVER turn=you hand=8 oppHand=7(hidden) oppDeck=11~ deck=13~ discard=9
2026.09.26-05.30.53 FIGHTERS synced n=6 alive=6 own=4 enemy=2
2026.09.26-05.30.53 CUE move f-0-hero (2,3)->(3,3) seq=95
2026.09.26-05.30.53 WS seq=95 phase=ACTION_MANEUVER (apply)
2026.09.26-05.30.53 SNAPSHOT applied seq=95 phase=ACTION_MANEUVER
2026.09.26-05.30.53 HANDLE_APPLIED #141 seq=95 decision=1 fightersValid=1 boardValid=1
2026.09.26-05.30.53 MODE seq=95 mode=0 combat=0 pending=0
2026.09.26-05.30.53 HUD seq=95 phase=ACTION_MANEUVER turn=you hand=8 oppHand=7(hidden) oppDeck=11 deck=13 discard=9
2026.09.26-05.30.53 FIGHTERS synced n=6 alive=6 own=4 enemy=2
2026.09.26-05.30.53 MANEUVER done seq=95 (merge) fighters=6 boost=no
2026.09.26-05.30.54 S09AUTO drive mode=0 plan=[attack+scheme] phase=ACTION_MANEUVER turn=cmuhntivg0000wib0anhqyswc
2026.09.26-05.30.54 S09AUTO attack (attacker=f-0-hero target-set card-set)
2026.09.26-05.30.54 ATTACK sent
2026.09.26-05.30.54 SNAPSHOT applied seq=96 phase=COMBAT
2026.09.26-05.30.54 HANDLE_APPLIED #142 seq=96 decision=2 fightersValid=1 boardValid=1
2026.09.26-05.30.54 closed mode=
2026.09.26-05.30.54 MODE seq=96 mode=0 combat=1 pending=0
2026.09.26-05.30.54 HUD seq=96 phase=COMBAT turn=you hand=7 oppHand=7(hidden) oppDeck=11~ deck=13~ discard=10
2026.09.26-05.30.54 FIGHTERS synced n=6 alive=6 own=4 enemy=2
2026.09.26-05.30.54 WS seq=96 phase=COMBAT (apply)
2026.09.26-05.30.54 SNAPSHOT applied seq=96 phase=COMBAT
2026.09.26-05.30.54 HANDLE_APPLIED #143 seq=96 decision=1 fightersValid=1 boardValid=1
2026.09.26-05.30.54 MODE seq=96 mode=0 combat=1 pending=0
2026.09.26-05.30.54 HUD seq=96 phase=COMBAT turn=you hand=7 oppHand=7(hidden) oppDeck=11 deck=13 discard=10
2026.09.26-05.30.54 FIGHTERS synced n=6 alive=6 own=4 enemy=2
2026.09.26-05.30.54 ATTACK done seq=96 (merge) phase=COMBAT
2026.09.26-05.30.54 ENDTURN sent
2026.09.26-05.30.54 ENDTURN failed: Invalid phase. Current: COMBAT, Required: ACTION_MANEUVER or ACTION_ATTACK
2026.09.26-05.30.54 ENDTURN sent
2026.09.26-05.30.54 SNAPSHOT applied seq=97 phase=COMBAT_RESOLVE
2026.09.26-05.30.54 HANDLE_APPLIED #144 seq=97 decision=2 fightersValid=1 boardValid=1
2026.09.26-05.30.54 closed mode=
2026.09.26-05.30.54 MODE seq=97 mode=5 combat=1 pending=0
2026.09.26-05.30.54 HUD seq=97 phase=COMBAT_RESOLVE turn=you hand=7 oppHand=6(hidden) oppDeck=11~ deck=13~ discard=10
2026.09.26-05.30.54 FIGHTERS synced n=6 alive=6 own=4 enemy=2
2026.09.26-05.30.54 WS seq=97 phase=COMBAT_RESOLVE (apply)
2026.09.26-05.30.54 ENDTURN failed: Invalid phase. Current: COMBAT_RESOLVE, Required: ACTION_MANEUVER or ACTION_ATTACK
2026.09.26-05.30.54 S09AUTO drive mode=5 plan=[attack+scheme] phase=COMBAT_RESOLVE turn=cmuhntivg0000wib0anhqyswc
2026.09.26-05.30.54 SNAPSHOT applied seq=98 phase=ACTION_MANEUVER
2026.09.26-05.30.54 HANDLE_APPLIED #145 seq=98 decision=2 fightersValid=1 boardValid=1
2026.09.26-05.30.54 COMBAT-RESULT seq=98 damage=0 role=attacked
2026.09.26-05.30.54 closed mode=
2026.09.26-05.30.54 MODE seq=98 mode=0 combat=0 pending=0
2026.09.26-05.30.54 HUD seq=98 phase=ACTION_MANEUVER turn=opp hand=7 oppHand=6(hidden) oppDeck=11~ deck=13~ discard=10
2026.09.26-05.30.54 FIGHTERS synced n=6 alive=6 own=4 enemy=2
2026.09.26-05.30.54 WS seq=98 phase=ACTION_MANEUVER (apply)
2026.09.26-05.30.54 S09AUTO drive mode=0 plan=[attack+scheme] phase=ACTION_MANEUVER turn=cmuhntiwu0001wib0z281rpa8
2026.09.26-05.30.54 SNAPSHOT applied seq=99 phase=ACTION_MANEUVER
2026.09.26-05.30.54 HANDLE_APPLIED #146 seq=99 decision=2 fightersValid=1 boardValid=1
2026.09.26-05.30.54 MODE seq=99 mode=0 combat=0 pending=0
2026.09.26-05.30.54 HUD seq=99 phase=ACTION_MANEUVER turn=opp hand=7 oppHand=7(hidden) oppDeck=11~ deck=13~ discard=10
2026.09.26-05.30.54 FIGHTERS synced n=6 alive=6 own=4 enemy=2
2026.09.26-05.30.54 WS seq=99 phase=ACTION_MANEUVER (apply)
2026.09.26-05.30.54 SNAPSHOT applied seq=100 phase=ACTION_MANEUVER
2026.09.26-05.30.54 HANDLE_APPLIED #147 seq=100 decision=2 fightersValid=1 boardValid=1
2026.09.26-05.30.54 MODE seq=100 mode=0 combat=0 pending=0
2026.09.26-05.30.54 HUD seq=100 phase=ACTION_MANEUVER turn=opp hand=7 oppHand=7(hidden) oppDeck=11~ deck=13~ discard=10
2026.09.26-05.30.54 FIGHTERS synced n=6 alive=6 own=4 enemy=2
2026.09.26-05.30.54 CUE move f-1-hero (4,4)->(3,4) seq=100
2026.09.26-05.30.54 WS seq=100 phase=ACTION_MANEUVER (apply)
2026.09.26-05.30.55 SNAPSHOT applied seq=101 phase=ACTION_MANEUVER
2026.09.26-05.30.55 HANDLE_APPLIED #148 seq=101 decision=2 fightersValid=1 boardValid=1
2026.09.26-05.30.55 closed mode=
2026.09.26-05.30.55 MODE seq=101 mode=6 combat=0 pending=1
2026.09.26-05.30.55 HUD seq=101 phase=ACTION_MANEUVER turn=you hand=7 oppHand=7(hidden) oppDeck=11~ deck=13~ discard=10
2026.09.26-05.30.55 FIGHTERS synced n=6 alive=6 own=4 enemy=2
2026.09.26-05.30.55 WS seq=101 phase=ACTION_MANEUVER (apply)
2026.09.26-05.30.55 S09AUTO drive mode=6 plan=[attack+scheme] phase=ACTION_MANEUVER turn=cmuhntivg0000wib0anhqyswc
2026.09.26-05.30.55 S09AUTO own turn #9 (turnCount=19)
2026.09.26-05.30.55 S09AUTO pending picked (type=TARGET_FIGHTER stage=0)
2026.09.26-05.30.55 PEND-RESOLVE sent type=TARGET_FIGHTER stage=0 id=ability-medusa-target-p0
2026.09.26-05.30.55 SNAPSHOT applied seq=102 phase=ACTION_MANEUVER
2026.09.26-05.30.55 HANDLE_APPLIED #149 seq=102 decision=2 fightersValid=1 boardValid=1
2026.09.26-05.30.55 closed mode=
2026.09.26-05.30.55 MODE seq=102 mode=0 combat=0 pending=0
2026.09.26-05.30.55 HUD seq=102 phase=ACTION_MANEUVER turn=you hand=7 oppHand=7(hidden) oppDeck=11~ deck=13~ discard=10
2026.09.26-05.30.55 FIGHTERS synced n=6 alive=6 own=4 enemy=2
2026.09.26-05.30.55 CUE damage f-1-hero -1 seq=102
2026.09.26-05.30.55 WS seq=102 phase=ACTION_MANEUVER (apply)
2026.09.26-05.30.55 SNAPSHOT applied seq=102 phase=ACTION_MANEUVER
2026.09.26-05.30.55 HANDLE_APPLIED #150 seq=102 decision=1 fightersValid=1 boardValid=1
2026.09.26-05.30.55 MODE seq=102 mode=0 combat=0 pending=0
2026.09.26-05.30.55 HUD seq=102 phase=ACTION_MANEUVER turn=you hand=7 oppHand=7(hidden) oppDeck=10 deck=13 discard=10
2026.09.26-05.30.55 FIGHTERS synced n=6 alive=6 own=4 enemy=2
2026.09.26-05.30.55 PEND resolve done seq=102 (merge) phase=ACTION_MANEUVER
2026.09.26-05.30.55 S09AUTO drive mode=0 plan=[attack+scheme] phase=ACTION_MANEUVER turn=cmuhntivg0000wib0anhqyswc
2026.09.26-05.30.55 S09AUTO attack (attacker=f-0-hero target-set card-set)
2026.09.26-05.30.55 ATTACK sent
2026.09.26-05.30.55 SNAPSHOT applied seq=103 phase=COMBAT
2026.09.26-05.30.55 HANDLE_APPLIED #151 seq=103 decision=2 fightersValid=1 boardValid=1
2026.09.26-05.30.55 closed mode=
2026.09.26-05.30.55 MODE seq=103 mode=0 combat=1 pending=0
2026.09.26-05.30.55 HUD seq=103 phase=COMBAT turn=you hand=6 oppHand=7(hidden) oppDeck=10~ deck=13~ discard=11
2026.09.26-05.30.55 FIGHTERS synced n=6 alive=6 own=4 enemy=2
2026.09.26-05.30.55 WS seq=103 phase=COMBAT (apply)
2026.09.26-05.30.55 SNAPSHOT applied seq=103 phase=COMBAT
2026.09.26-05.30.55 HANDLE_APPLIED #152 seq=103 decision=1 fightersValid=1 boardValid=1
2026.09.26-05.30.55 MODE seq=103 mode=0 combat=1 pending=0
2026.09.26-05.30.55 HUD seq=103 phase=COMBAT turn=you hand=6 oppHand=7(hidden) oppDeck=10 deck=13 discard=11
2026.09.26-05.30.55 FIGHTERS synced n=6 alive=6 own=4 enemy=2
2026.09.26-05.30.55 ATTACK done seq=103 (merge) phase=COMBAT
2026.09.26-05.30.56 SNAPSHOT applied seq=104 phase=COMBAT_RESOLVE
2026.09.26-05.30.56 HANDLE_APPLIED #153 seq=104 decision=2 fightersValid=1 boardValid=1
2026.09.26-05.30.56 closed mode=
2026.09.26-05.30.56 MODE seq=104 mode=5 combat=1 pending=0
2026.09.26-05.30.56 HUD seq=104 phase=COMBAT_RESOLVE turn=you hand=6 oppHand=6(hidden) oppDeck=10~ deck=13~ discard=11
2026.09.26-05.30.56 FIGHTERS synced n=6 alive=6 own=4 enemy=2
2026.09.26-05.30.56 WS seq=104 phase=COMBAT_RESOLVE (apply)
2026.09.26-05.30.56 S09AUTO drive mode=5 plan=[attack+scheme] phase=COMBAT_RESOLVE turn=cmuhntivg0000wib0anhqyswc
2026.09.26-05.30.57 SNAPSHOT applied seq=105 phase=ACTION_MANEUVER
2026.09.26-05.30.57 HANDLE_APPLIED #154 seq=105 decision=2 fightersValid=1 boardValid=1
2026.09.26-05.30.57 COMBAT-RESULT seq=105 damage=0 role=attacked
2026.09.26-05.30.57 closed mode=
2026.09.26-05.30.57 MODE seq=105 mode=0 combat=0 pending=0
2026.09.26-05.30.57 HUD seq=105 phase=ACTION_MANEUVER turn=you hand=6 oppHand=6(hidden) oppDeck=10~ deck=13~ discard=11
2026.09.26-05.30.57 FIGHTERS synced n=6 alive=6 own=4 enemy=2
2026.09.26-05.30.57 WS seq=105 phase=ACTION_MANEUVER (apply)
2026.09.26-05.30.57 S09AUTO drive mode=0 plan=[attack+scheme] phase=ACTION_MANEUVER turn=cmuhntivg0000wib0anhqyswc
2026.09.26-05.30.57 S09AUTO attack (attacker=f-0-hero target-set card-set)
2026.09.26-05.30.57 ATTACK sent
2026.09.26-05.30.57 SNAPSHOT applied seq=106 phase=COMBAT
2026.09.26-05.30.57 HANDLE_APPLIED #155 seq=106 decision=2 fightersValid=1 boardValid=1
2026.09.26-05.30.57 closed mode=
2026.09.26-05.30.57 MODE seq=106 mode=0 combat=1 pending=0
2026.09.26-05.30.57 HUD seq=106 phase=COMBAT turn=you hand=5 oppHand=6(hidden) oppDeck=10~ deck=13~ discard=12
2026.09.26-05.30.57 FIGHTERS synced n=6 alive=6 own=4 enemy=2
2026.09.26-05.30.57 WS seq=106 phase=COMBAT (apply)
2026.09.26-05.30.57 SNAPSHOT applied seq=106 phase=COMBAT
2026.09.26-05.30.57 HANDLE_APPLIED #156 seq=106 decision=1 fightersValid=1 boardValid=1
2026.09.26-05.30.57 MODE seq=106 mode=0 combat=1 pending=0
2026.09.26-05.30.57 HUD seq=106 phase=COMBAT turn=you hand=5 oppHand=6(hidden) oppDeck=10 deck=13 discard=12
2026.09.26-05.30.57 FIGHTERS synced n=6 alive=6 own=4 enemy=2
2026.09.26-05.30.57 ATTACK done seq=106 (merge) phase=COMBAT
2026.09.26-05.30.57 ENDTURN sent
2026.09.26-05.30.57 ENDTURN failed: Invalid phase. Current: COMBAT, Required: ACTION_MANEUVER or ACTION_ATTACK
2026.09.26-05.30.57 ENDTURN sent
2026.09.26-05.30.57 ENDTURN failed: Invalid phase. Current: COMBAT_RESOLVE, Required: ACTION_MANEUVER or ACTION_ATTACK
2026.09.26-05.30.57 SNAPSHOT applied seq=107 phase=COMBAT_RESOLVE
2026.09.26-05.30.57 HANDLE_APPLIED #157 seq=107 decision=2 fightersValid=1 boardValid=1
2026.09.26-05.30.57 closed mode=
2026.09.26-05.30.57 MODE seq=107 mode=5 combat=1 pending=0
2026.09.26-05.30.57 HUD seq=107 phase=COMBAT_RESOLVE turn=you hand=5 oppHand=5(hidden) oppDeck=10~ deck=13~ discard=12
2026.09.26-05.30.57 FIGHTERS synced n=6 alive=6 own=4 enemy=2
2026.09.26-05.30.57 WS seq=107 phase=COMBAT_RESOLVE (apply)
2026.09.26-05.30.57 S09AUTO drive mode=5 plan=[attack+scheme] phase=COMBAT_RESOLVE turn=cmuhntivg0000wib0anhqyswc
2026.09.26-05.30.57 SNAPSHOT applied seq=108 phase=ACTION_MANEUVER
2026.09.26-05.30.57 HANDLE_APPLIED #158 seq=108 decision=2 fightersValid=1 boardValid=1
2026.09.26-05.30.57 COMBAT-RESULT seq=108 damage=0 role=attacked
2026.09.26-05.30.57 closed mode=
2026.09.26-05.30.57 MODE seq=108 mode=0 combat=0 pending=0
2026.09.26-05.30.57 HUD seq=108 phase=ACTION_MANEUVER turn=opp hand=5 oppHand=5(hidden) oppDeck=10~ deck=13~ discard=12
2026.09.26-05.30.57 FIGHTERS synced n=6 alive=6 own=4 enemy=2
2026.09.26-05.30.57 WS seq=108 phase=ACTION_MANEUVER (apply)
2026.09.26-05.30.57 S09AUTO drive mode=0 plan=[attack+scheme] phase=ACTION_MANEUVER turn=cmuhntiwu0001wib0z281rpa8
2026.09.26-05.30.57 SNAPSHOT applied seq=109 phase=ACTION_MANEUVER
2026.09.26-05.30.57 HANDLE_APPLIED #159 seq=109 decision=2 fightersValid=1 boardValid=1
2026.09.26-05.30.57 MODE seq=109 mode=0 combat=0 pending=0
2026.09.26-05.30.57 HUD seq=109 phase=ACTION_MANEUVER turn=opp hand=5 oppHand=6(hidden) oppDeck=10~ deck=13~ discard=12
2026.09.26-05.30.57 FIGHTERS synced n=6 alive=6 own=4 enemy=2
2026.09.26-05.30.57 WS seq=109 phase=ACTION_MANEUVER (apply)
2026.09.26-05.30.57 SNAPSHOT applied seq=110 phase=ACTION_MANEUVER
2026.09.26-05.30.57 HANDLE_APPLIED #160 seq=110 decision=2 fightersValid=1 boardValid=1
2026.09.26-05.30.57 MODE seq=110 mode=0 combat=0 pending=0
2026.09.26-05.30.57 HUD seq=110 phase=ACTION_MANEUVER turn=opp hand=5 oppHand=6(hidden) oppDeck=10~ deck=13~ discard=12
2026.09.26-05.30.57 FIGHTERS synced n=6 alive=6 own=4 enemy=2
2026.09.26-05.30.57 CUE move f-1-hero (3,4)->(4,4) seq=110
2026.09.26-05.30.57 WS seq=110 phase=ACTION_MANEUVER (apply)
2026.09.26-05.30.58 SNAPSHOT applied seq=111 phase=ACTION_MANEUVER
2026.09.26-05.30.58 HANDLE_APPLIED #161 seq=111 decision=2 fightersValid=1 boardValid=1
2026.09.26-05.30.58 MODE seq=111 mode=0 combat=0 pending=0
2026.09.26-05.30.58 HUD seq=111 phase=ACTION_MANEUVER turn=opp hand=5 oppHand=7(hidden) oppDeck=10~ deck=13~ discard=12
2026.09.26-05.30.58 FIGHTERS synced n=6 alive=6 own=4 enemy=2
2026.09.26-05.30.58 WS seq=111 phase=ACTION_MANEUVER (apply)
2026.09.26-05.30.58 SNAPSHOT applied seq=112 phase=ACTION_MANEUVER
2026.09.26-05.30.58 HANDLE_APPLIED #162 seq=112 decision=2 fightersValid=1 boardValid=1
2026.09.26-05.30.58 closed mode=
2026.09.26-05.30.58 MODE seq=112 mode=6 combat=0 pending=1
2026.09.26-05.30.58 HUD seq=112 phase=ACTION_MANEUVER turn=you hand=5 oppHand=7(hidden) oppDeck=10~ deck=13~ discard=12
2026.09.26-05.30.58 FIGHTERS synced n=6 alive=6 own=4 enemy=2
2026.09.26-05.30.58 CUE move f-1-hero (4,4)->(3,4) seq=112
2026.09.26-05.30.58 WS seq=112 phase=ACTION_MANEUVER (apply)
2026.09.26-05.30.58 S09AUTO drive mode=6 plan=[attack+scheme] phase=ACTION_MANEUVER turn=cmuhntivg0000wib0anhqyswc
2026.09.26-05.30.58 S09AUTO own turn #10 (turnCount=21)
2026.09.26-05.30.58 S09AUTO pending picked (type=TARGET_FIGHTER stage=0)
2026.09.26-05.30.58 PEND-RESOLVE sent type=TARGET_FIGHTER stage=0 id=ability-medusa-target-p0
2026.09.26-05.30.58 SNAPSHOT applied seq=113 phase=ACTION_MANEUVER
2026.09.26-05.30.58 HANDLE_APPLIED #163 seq=113 decision=2 fightersValid=1 boardValid=1
2026.09.26-05.30.58 closed mode=
2026.09.26-05.30.58 MODE seq=113 mode=0 combat=0 pending=0
2026.09.26-05.30.58 HUD seq=113 phase=ACTION_MANEUVER turn=you hand=5 oppHand=7(hidden) oppDeck=10~ deck=13~ discard=12
2026.09.26-05.30.58 FIGHTERS synced n=6 alive=6 own=4 enemy=2
2026.09.26-05.30.58 CUE damage f-1-hero -1 seq=113
2026.09.26-05.30.58 WS seq=113 phase=ACTION_MANEUVER (apply)
2026.09.26-05.30.58 SNAPSHOT applied seq=113 phase=ACTION_MANEUVER
2026.09.26-05.30.58 HANDLE_APPLIED #164 seq=113 decision=1 fightersValid=1 boardValid=1
2026.09.26-05.30.58 MODE seq=113 mode=0 combat=0 pending=0
2026.09.26-05.30.58 HUD seq=113 phase=ACTION_MANEUVER turn=you hand=5 oppHand=7(hidden) oppDeck=8 deck=13 discard=12
2026.09.26-05.30.58 FIGHTERS synced n=6 alive=6 own=4 enemy=2
2026.09.26-05.30.58 PEND resolve done seq=113 (merge) phase=ACTION_MANEUVER
2026.09.26-05.30.58 S09AUTO drive mode=0 plan=[attack+scheme] phase=ACTION_MANEUVER turn=cmuhntivg0000wib0anhqyswc
2026.09.26-05.30.58 S09AUTO attack (attacker=f-0-hero target-set card-set)
2026.09.26-05.30.58 ATTACK sent
2026.09.26-05.30.58 SNAPSHOT applied seq=114 phase=COMBAT
2026.09.26-05.30.58 HANDLE_APPLIED #165 seq=114 decision=2 fightersValid=1 boardValid=1
2026.09.26-05.30.58 closed mode=
2026.09.26-05.30.58 MODE seq=114 mode=0 combat=1 pending=0
2026.09.26-05.30.58 HUD seq=114 phase=COMBAT turn=you hand=4 oppHand=7(hidden) oppDeck=8~ deck=13~ discard=13
2026.09.26-05.30.58 FIGHTERS synced n=6 alive=6 own=4 enemy=2
2026.09.26-05.30.58 WS seq=114 phase=COMBAT (apply)
2026.09.26-05.30.58 SNAPSHOT applied seq=114 phase=COMBAT
2026.09.26-05.30.58 HANDLE_APPLIED #166 seq=114 decision=1 fightersValid=1 boardValid=1
2026.09.26-05.30.58 MODE seq=114 mode=0 combat=1 pending=0
2026.09.26-05.30.58 HUD seq=114 phase=COMBAT turn=you hand=4 oppHand=7(hidden) oppDeck=8 deck=13 discard=13
2026.09.26-05.30.58 FIGHTERS synced n=6 alive=6 own=4 enemy=2
2026.09.26-05.30.58 ATTACK done seq=114 (merge) phase=COMBAT
2026.09.26-05.30.59 SNAPSHOT applied seq=115 phase=COMBAT_RESOLVE
2026.09.26-05.30.59 HANDLE_APPLIED #167 seq=115 decision=2 fightersValid=1 boardValid=1
2026.09.26-05.30.59 closed mode=
2026.09.26-05.30.59 MODE seq=115 mode=5 combat=1 pending=0
2026.09.26-05.30.59 HUD seq=115 phase=COMBAT_RESOLVE turn=you hand=4 oppHand=6(hidden) oppDeck=8~ deck=13~ discard=13
2026.09.26-05.30.59 FIGHTERS synced n=6 alive=6 own=4 enemy=2
2026.09.26-05.30.59 WS seq=115 phase=COMBAT_RESOLVE (apply)
2026.09.26-05.30.59 S09AUTO drive mode=5 plan=[attack+scheme] phase=COMBAT_RESOLVE turn=cmuhntivg0000wib0anhqyswc
2026.09.26-05.30.59 SNAPSHOT applied seq=116 phase=ACTION_MANEUVER
2026.09.26-05.30.59 HANDLE_APPLIED #168 seq=116 decision=2 fightersValid=1 boardValid=1
2026.09.26-05.30.59 COMBAT-RESULT seq=116 damage=1 role=attacked
2026.09.26-05.30.59 closed mode=
2026.09.26-05.30.59 MODE seq=116 mode=0 combat=0 pending=0
2026.09.26-05.30.59 HUD seq=116 phase=ACTION_MANEUVER turn=you hand=4 oppHand=6(hidden) oppDeck=8~ deck=13~ discard=13
2026.09.26-05.30.59 FIGHTERS synced n=6 alive=6 own=4 enemy=2
2026.09.26-05.30.59 CUE damage f-1-hero -1 seq=116
2026.09.26-05.30.59 WS seq=116 phase=ACTION_MANEUVER (apply)
2026.09.26-05.30.59 S09AUTO drive mode=0 plan=[attack+scheme] phase=ACTION_MANEUVER turn=cmuhntivg0000wib0anhqyswc
2026.09.26-05.30.59 S09AUTO attack (attacker=f-0-hero target-set card-set)
2026.09.26-05.30.59 ATTACK sent
2026.09.26-05.30.59 SNAPSHOT applied seq=117 phase=COMBAT
2026.09.26-05.30.59 HANDLE_APPLIED #169 seq=117 decision=2 fightersValid=1 boardValid=1
2026.09.26-05.30.59 closed mode=
2026.09.26-05.30.59 MODE seq=117 mode=0 combat=1 pending=0
2026.09.26-05.30.59 HUD seq=117 phase=COMBAT turn=you hand=3 oppHand=6(hidden) oppDeck=8~ deck=13~ discard=14
2026.09.26-05.30.59 FIGHTERS synced n=6 alive=6 own=4 enemy=2
2026.09.26-05.30.59 WS seq=117 phase=COMBAT (apply)
2026.09.26-05.30.59 SNAPSHOT applied seq=117 phase=COMBAT
2026.09.26-05.30.59 HANDLE_APPLIED #170 seq=117 decision=1 fightersValid=1 boardValid=1
2026.09.26-05.30.59 MODE seq=117 mode=0 combat=1 pending=0
2026.09.26-05.30.59 HUD seq=117 phase=COMBAT turn=you hand=3 oppHand=6(hidden) oppDeck=8 deck=13 discard=14
2026.09.26-05.30.59 FIGHTERS synced n=6 alive=6 own=4 enemy=2
2026.09.26-05.30.59 ATTACK done seq=117 (merge) phase=COMBAT
2026.09.26-05.30.59 ENDTURN sent
2026.09.26-05.30.59 ENDTURN failed: Invalid phase. Current: COMBAT, Required: ACTION_MANEUVER or ACTION_ATTACK
2026.09.26-05.30.59 ENDTURN sent
2026.09.26-05.30.59 ENDTURN failed: Invalid phase. Current: COMBAT_RESOLVE, Required: ACTION_MANEUVER or ACTION_ATTACK
2026.09.26-05.31.00 SNAPSHOT applied seq=118 phase=COMBAT_RESOLVE
2026.09.26-05.31.00 HANDLE_APPLIED #171 seq=118 decision=2 fightersValid=1 boardValid=1
2026.09.26-05.31.00 closed mode=
2026.09.26-05.31.00 MODE seq=118 mode=5 combat=1 pending=0
2026.09.26-05.31.00 HUD seq=118 phase=COMBAT_RESOLVE turn=you hand=3 oppHand=5(hidden) oppDeck=8~ deck=13~ discard=14
2026.09.26-05.31.00 FIGHTERS synced n=6 alive=6 own=4 enemy=2
2026.09.26-05.31.00 WS seq=118 phase=COMBAT_RESOLVE (apply)
2026.09.26-05.31.00 S09AUTO drive mode=5 plan=[attack+scheme] phase=COMBAT_RESOLVE turn=cmuhntivg0000wib0anhqyswc
2026.09.26-05.31.00 SNAPSHOT applied seq=119 phase=ACTION_MANEUVER
2026.09.26-05.31.00 HANDLE_APPLIED #172 seq=119 decision=2 fightersValid=1 boardValid=1
2026.09.26-05.31.00 COMBAT-RESULT seq=119 damage=0 role=attacked
2026.09.26-05.31.00 closed mode=
2026.09.26-05.31.00 MODE seq=119 mode=0 combat=0 pending=0
2026.09.26-05.31.00 HUD seq=119 phase=ACTION_MANEUVER turn=opp hand=3 oppHand=5(hidden) oppDeck=8~ deck=13~ discard=14
2026.09.26-05.31.00 FIGHTERS synced n=6 alive=6 own=4 enemy=2
2026.09.26-05.31.00 WS seq=119 phase=ACTION_MANEUVER (apply)
2026.09.26-05.31.00 S09AUTO drive mode=0 plan=[attack+scheme] phase=ACTION_MANEUVER turn=cmuhntiwu0001wib0z281rpa8
2026.09.26-05.31.00 SNAPSHOT applied seq=120 phase=ACTION_MANEUVER
2026.09.26-05.31.00 HANDLE_APPLIED #173 seq=120 decision=2 fightersValid=1 boardValid=1
2026.09.26-05.31.00 MODE seq=120 mode=0 combat=0 pending=1
2026.09.26-05.31.00 HUD seq=120 phase=ACTION_MANEUVER turn=opp hand=3 oppHand=4(hidden) oppDeck=8~ deck=13~ discard=14
2026.09.26-05.31.00 FIGHTERS synced n=6 alive=6 own=4 enemy=2
2026.09.26-05.31.00 WS seq=120 phase=ACTION_MANEUVER (apply)
2026.09.26-05.31.01 SNAPSHOT applied seq=121 phase=ACTION_MANEUVER
2026.09.26-05.31.01 HANDLE_APPLIED #174 seq=121 decision=2 fightersValid=1 boardValid=1
2026.09.26-05.31.01 MODE seq=121 mode=0 combat=0 pending=1
2026.09.26-05.31.01 HUD seq=121 phase=ACTION_MANEUVER turn=opp hand=3 oppHand=6(hidden) oppDeck=8~ deck=13~ discard=14
2026.09.26-05.31.01 FIGHTERS synced n=6 alive=6 own=4 enemy=2
2026.09.26-05.31.01 WS seq=121 phase=ACTION_MANEUVER (apply)
2026.09.26-05.31.01 SNAPSHOT applied seq=122 phase=ACTION_MANEUVER
2026.09.26-05.31.01 HANDLE_APPLIED #175 seq=122 decision=2 fightersValid=1 boardValid=1
2026.09.26-05.31.01 MODE seq=122 mode=0 combat=0 pending=0
2026.09.26-05.31.01 HUD seq=122 phase=ACTION_MANEUVER turn=opp hand=3 oppHand=6(hidden) oppDeck=8~ deck=13~ discard=14
2026.09.26-05.31.01 FIGHTERS synced n=6 alive=6 own=4 enemy=2
2026.09.26-05.31.01 WS seq=122 phase=ACTION_MANEUVER (apply)
2026.09.26-05.31.01 SNAPSHOT applied seq=123 phase=ACTION_MANEUVER
2026.09.26-05.31.01 HANDLE_APPLIED #176 seq=123 decision=2 fightersValid=1 boardValid=1
2026.09.26-05.31.01 MODE seq=123 mode=0 combat=0 pending=1
2026.09.26-05.31.01 HUD seq=123 phase=ACTION_MANEUVER turn=opp hand=3 oppHand=5(hidden) oppDeck=8~ deck=13~ discard=14
2026.09.26-05.31.01 FIGHTERS synced n=6 alive=6 own=4 enemy=2
2026.09.26-05.31.01 WS seq=123 phase=ACTION_MANEUVER (apply)
2026.09.26-05.31.02 SNAPSHOT applied seq=124 phase=ACTION_MANEUVER
2026.09.26-05.31.02 HANDLE_APPLIED #177 seq=124 decision=2 fightersValid=1 boardValid=1
2026.09.26-05.31.02 MODE seq=124 mode=0 combat=0 pending=1
2026.09.26-05.31.02 HUD seq=124 phase=ACTION_MANEUVER turn=opp hand=3 oppHand=5(hidden) oppDeck=8~ deck=13~ discard=14
2026.09.26-05.31.02 FIGHTERS synced n=6 alive=6 own=4 enemy=2
2026.09.26-05.31.02 WS seq=124 phase=ACTION_MANEUVER (apply)
2026.09.26-05.31.02 SNAPSHOT applied seq=125 phase=ACTION_MANEUVER
2026.09.26-05.31.02 HANDLE_APPLIED #178 seq=125 decision=2 fightersValid=1 boardValid=1
2026.09.26-05.31.02 MODE seq=125 mode=0 combat=0 pending=1
2026.09.26-05.31.02 HUD seq=125 phase=ACTION_MANEUVER turn=opp hand=3 oppHand=5(hidden) oppDeck=8~ deck=13~ discard=14
2026.09.26-05.31.02 FIGHTERS synced n=6 alive=6 own=4 enemy=2
2026.09.26-05.31.02 WS seq=125 phase=ACTION_MANEUVER (apply)
2026.09.26-05.31.02 SNAPSHOT applied seq=126 phase=ACTION_MANEUVER
2026.09.26-05.31.03 HANDLE_APPLIED #179 seq=126 decision=2 fightersValid=1 boardValid=1
2026.09.26-05.31.03 MODE seq=126 mode=0 combat=0 pending=1
2026.09.26-05.31.03 HUD seq=126 phase=ACTION_MANEUVER turn=opp hand=3 oppHand=5(hidden) oppDeck=8~ deck=13~ discard=14
2026.09.26-05.31.03 FIGHTERS synced n=6 alive=6 own=4 enemy=2
2026.09.26-05.31.03 WS seq=126 phase=ACTION_MANEUVER (apply)
2026.09.26-05.31.03 SNAPSHOT applied seq=127 phase=ACTION_MANEUVER
2026.09.26-05.31.03 HANDLE_APPLIED #180 seq=127 decision=2 fightersValid=1 boardValid=1
2026.09.26-05.31.03 MODE seq=127 mode=0 combat=0 pending=1
2026.09.26-05.31.03 HUD seq=127 phase=ACTION_MANEUVER turn=opp hand=3 oppHand=5(hidden) oppDeck=8~ deck=13~ discard=14
2026.09.26-05.31.03 FIGHTERS synced n=6 alive=6 own=4 enemy=2
2026.09.26-05.31.03 WS seq=127 phase=ACTION_MANEUVER (apply)
2026.09.26-05.31.03 SNAPSHOT applied seq=128 phase=ACTION_MANEUVER
2026.09.26-05.31.03 HANDLE_APPLIED #181 seq=128 decision=2 fightersValid=1 boardValid=1
2026.09.26-05.31.03 MODE seq=128 mode=0 combat=0 pending=1
2026.09.26-05.31.03 HUD seq=128 phase=ACTION_MANEUVER turn=opp hand=3 oppHand=5(hidden) oppDeck=8~ deck=13~ discard=14
2026.09.26-05.31.03 FIGHTERS synced n=6 alive=6 own=4 enemy=2
2026.09.26-05.31.03 WS seq=128 phase=ACTION_MANEUVER (apply)
2026.09.26-05.31.03 SNAPSHOT applied seq=129 phase=ACTION_MANEUVER
2026.09.26-05.31.03 HANDLE_APPLIED #182 seq=129 decision=2 fightersValid=1 boardValid=1
2026.09.26-05.31.03 closed mode=
2026.09.26-05.31.03 MODE seq=129 mode=6 combat=0 pending=1
2026.09.26-05.31.03 HUD seq=129 phase=ACTION_MANEUVER turn=you hand=3 oppHand=5(hidden) oppDeck=8~ deck=13~ discard=14
2026.09.26-05.31.03 FIGHTERS synced n=6 alive=6 own=4 enemy=2
2026.09.26-05.31.03 WS seq=129 phase=ACTION_MANEUVER (apply)
2026.09.26-05.31.03 S09AUTO drive mode=6 plan=[attack+scheme] phase=ACTION_MANEUVER turn=cmuhntivg0000wib0anhqyswc
2026.09.26-05.31.03 S09AUTO own turn #11 (turnCount=23)
2026.09.26-05.31.03 S09AUTO pending head ability-medusa-target-p0 stayed open after 3 auto-answers (type=TARGET_FIGHTER) - holding (bounded)
2026.09.26-05.34.18 --- S08 trace close ---
