id,area,title,priority,depends_on,purpose,trigger,timing,keyframes,states,readability,palette_tokens,type_tokens,references,do,dont,tool,prompt,deliverable,ue_target,budget,acceptance,status
IC-01,icon,state-boost — диск BOOST «+N»,P1,—,"Игрок видит, что карта или ход идёт с BOOST и сколько он даёт: число «+N» в диске или рядом.","BOOST в руке и в слоте (04 §2.6, §2.8); V-02, V-04b у клетки (03-ux-spec §4.2, MS-T-08, MS-T-10); вскрытие BOOST в бою (reveal)",appear 180; leave 120; tap 150; reveal 240 мс (icon-motion.json); reduced — только opacity ≤ 100 мс или статика (02 §11.2),"appear 180 мс — 0: scale 0,8, opacity 0,15; 72: scale 1,04; 120: opacity 1; 180: scale 1 (reduced — opacity 100 мс) | leave 120 мс — 0: opacity тек., scale тек.; 120: opacity 0, scale 0,92 (reduced — opacity 100 мс) | tap 150 мс — 0: scale тек.; 50: scale 0,94; 150: scale тек. (reduced — статично) | reveal 240 мс — 0: scale_x тек.; 80: scale_x 0,05; 160: scale_x 1,06; 240: scale_x 1 (reduced — opacity 100 мс)",покой; появление; уход; смена числа (tap); вскрытие (reveal); reduced,"HUD ≥ 24 su (18 px при 720p, ВР-62); у клетки clamp 16–32 px, при < 24 px «+N» стоит рядом текстом (STYLE №1); в сером — тёмный диск с одним тонким светлым кольцом; кольцо к navy 17,2 : 1",card.navy; card.glyph; mark.keyline,"font.card; type.numeral.icon (cap 11 u, 13 u при трёх знаках)","art/imagegen/hud-icons-v3/STYLE-v3.md §4 №1; art/imagegen/hud-icons-v3/STYLE-v3.md §1–§4, §7; art/imagegen/hud-icons-v3/sheets/sheet-sizes.png; art/imagegen/hud-icons-v3/sheets/sheet-context-panel.png; docs/unreal/contracts/hud/ICON-MOTION.md; docs/game-design/evidence/ART-011/hud-icons-v3-2026-10-03/README.md; docs/game-design/visual/02-visual-design.md §5; art/imagegen/hud-icons-v3/sheets/motion/frames-state-boost.png","Использовать принятую форму: navy-диск, белое кольцо 1,75 u, keyline. «+N» — runtime-текст font.card по центру; при ≤ 20 px число не рисуется, вызывающий код ставит его рядом. Вскрытие BOOST в бою — анимация reveal 240 мс.","Не перерисовывать и не менять hex: форма принята (ВР-42). Не уменьшать мастер — каждый размер из вектора (И-9). Не запекать цифры и буквы (И-7). Не ставить 16 px в HUD (ВР-42). Без мазка, брызг, блика, градиента (ВР-09, ДНК 1). Не использовать форму для другого смысла (И-10).",draw_icons.py,—,"Есть: art/imagegen/hud-icons-v3/masters/state-boost.png (1024); sizes/state-boost-{16,21,24,32,48,64,96}.png; sheets/motion/frames-state-boost.png. Новых файлов нет; размеры 18 и 36 px добавит IC-33.","/Game/S08/UI/IconsV3/T_IV3_state_boost_{24,32,48,64}; сейчас только галерея -S08IconGallery; носители по 04: UUmCardWidget BoostChip (04 §4.3), UUmHudSourceSlot, чип «+N»/«+k» у клетки (MS-T-10); откат -S08IconLegacy","1 слой × 4 текстуры (24/32/48/64, BGRA без сжатия) ≈ 31 КБ; после IC-33 ещё 18 и 36 px ≈ +6,5 КБ; анимируемых значков в кадре ≤ 3 (STYLE §7)","Художественно принято по делегированию (ART-011, 2026-10-03, акт 30529834; ВР-42). Что ещё проверить — лист IC-34: 18/24/32/48 px ×4 nearest на panel.bg = card.navy (ВР-61; прежние листы — на tag.background) и на card.cream, цвет, серый, дейтеранопия; в сером отличается от loader-spinner, action-attack-token и пипсов действий; «+2» cap 11 u влезает в кольцо при 32 px в UMG (хинтинг Roboto Bold Condensed не проверен, STYLE §6). Кадр в контексте — K1 packaged -Bench на Marmoreal original и Sarpedon original, шесть фигур v2, когда блок HUD с этим значком перенесён на UMG (04 §5).",сделано (496b38e2; импорт UE 1730044f)
IC-02,icon,state-enemy — враг на пути (пешка),P1,—,"При наведении игрок видит, что клетка занята врагом и путь через неё закрыт.","V-07 при наведении на клетку врага в зоне досягаемости (02 §7.2, 03-ux-spec §4.2, MS-T-08)",appear 180; leave 120; tap 150 мс (icon-motion.json); reduced — только opacity ≤ 100 мс или статика (02 §11.2),"appear 180 мс — 0: scale 0,8, opacity 0,15, glyph.ty -2; 72: scale 1,04; 120: opacity 1; 140: glyph.ty 0; 180: scale 1 (reduced — opacity 100 мс) | leave 120 мс — 0: opacity тек., scale тек.; 120: opacity 0, scale 0,92 (reduced — opacity 100 мс) | tap 150 мс — 0: scale тек.; 50: scale 0,94; 150: scale тек. (reduced — статично)",скрыт; появление с посадкой сверху; покой; уход; reduced,"у клетки clamp 16–32 px (02 §5.3), при < 24 px не показывается (не старший канал); глиф к navy 17,2 : 1; в сером — шар над трапецией с широким основанием",card.navy; card.cream; card.glyph; mark.keyline,—,"art/imagegen/hud-icons-v3/STYLE-v3.md §4 №2; art/imagegen/hud-icons-v3/STYLE-v3.md §1–§4, §7; art/imagegen/hud-icons-v3/sheets/sheet-sizes.png; art/imagegen/hud-icons-v3/sheets/sheet-context-panel.png; docs/unreal/contracts/hud/ICON-MOTION.md; docs/game-design/evidence/ART-011/hud-icons-v3-2026-10-03/README.md; docs/game-design/visual/02-visual-design.md §5; art/imagegen/hud-icons-v3/sheets/motion/frames-state-enemy.png","Использовать как есть: плашка shape.state_badge, пешка 10,8 × 19,2 u; слои _body, _glyph — глиф садится сверху (appear, удар 140 мс).","Не перерисовывать и не менять hex: форма принята (ВР-42). Не уменьшать мастер — каждый размер из вектора (И-9). Не запекать цифры и буквы (И-7). Не ставить 16 px в HUD (ВР-42). Без мазка, брызг, блика, градиента (ВР-09, ДНК 1). Не использовать форму для другого смысла (И-10).",draw_icons.py,—,"Есть: art/imagegen/hud-icons-v3/masters/state-enemy.png (1024); sizes/state-enemy-{16,21,24,32,48,64,96}.png; layers/state-enemy_{body,glyph}[-px].png; sheets/motion/frames-state-enemy.png. Новых файлов нет; размеры 18 и 36 px добавит IC-33.","/Game/S08/UI/IconsV3/T_IV3_state_enemy_{24,32,48,64}; слои: body, glyph; сейчас только галерея; носитель — V-07 у клетки (MS-T-08); откат -S08IconLegacy","полная текстура + слои (body, glyph), каждая × 4 размера ≈ 31 КБ (BGRA без сжатия); после IC-33 ещё 18 и 36 px; анимируемых значков в кадре ≤ 3 (STYLE §7)","Художественно принято по делегированию (ART-011, 2026-10-03, акт 30529834; ВР-42). Что ещё проверить — лист IC-34: 18/24/32/48 px ×4 nearest на panel.bg = card.navy (ВР-61; прежние листы — на tag.background) и на card.cream, цвет, серый, дейтеранопия; пешка при 24 px читается фигуркой, а не «person» Material; в сером отличается от якоря (IC-08), часов (IC-03), креста стрелок (IC-04). Кадр в контексте — K1 packaged -Bench на Marmoreal original и Sarpedon original, шесть фигур v2, когда блок HUD с этим значком перенесён на UMG (04 §5).",сделано (496b38e2; импорт UE 1730044f)
IC-03,icon,state-sent — ход отправлен (песочные часы),P1,—,"Игрок видит, что команда ушла на сервер и ответа ещё нет; повторно жать не нужно.","V-10: команда отправлена (MS-S-05, MS-S-09); кнопка «Отправлено…» (04 §3.1); тот же глиф — курсор «занято» (IC-61)",appear 180; leave 120; cycle 1500 мс (icon-motion.json); reduced — только opacity ≤ 100 мс или статика (02 §11.2),"appear 180 мс — 0: scale 0,8, opacity 0,15; 72: scale 1,04; 120: opacity 1; 180: scale 1 (reduced — opacity 100 мс) | leave 120 мс — 0: opacity тек., scale тек.; 120: opacity 0, scale 0,92 (reduced — opacity 100 мс) | cycle 1500 мс — 0: glyph.frame 0, glyph.rotate 0; 92: glyph.frame 1; 183: glyph.frame 2; 275: glyph.frame 3; 367: glyph.frame 4; 458: glyph.frame 5; 550: glyph.frame 6; 650: glyph.rotate 0; 950: glyph.frame 7, glyph.rotate 180, glyph.rotate 0; 1060: glyph.frame 8; 1170: glyph.frame 9; 1280: glyph.frame 10; 1390: glyph.frame 11; 1500: glyph.frame 0, glyph.rotate 0 (reduced — статично)","появление; цикл песка с переворотом; уход; reduced — статичный кадр 0,55 / 0,45",HUD 32 su (24 px при 720p); у кнопки 24 su; в сером — две колбы между планками; воздух колбы ≥ 2 px при 24 px,card.navy; card.cream; card.glyph; mark.keyline,—,"art/imagegen/hud-icons-v3/STYLE-v3.md §4 №3; art/imagegen/hud-icons-v3/STYLE-v3.md §1–§4, §7; art/imagegen/hud-icons-v3/sheets/sheet-sizes.png; art/imagegen/hud-icons-v3/sheets/sheet-context-panel.png; docs/unreal/contracts/hud/ICON-MOTION.md; docs/game-design/evidence/ART-011/hud-icons-v3-2026-10-03/README.md; docs/game-design/visual/02-visual-design.md §5; art/imagegen/hud-icons-v3/sheets/motion/frames-state-sent.png","Использовать как есть: слои _body и флипбук _glyph f00–f11 (12 кадров), поворот 180° на 650–950 мс; материал песка не нужен — флипбук уже в UE.","Не перерисовывать и не менять hex: форма принята (ВР-42). Не уменьшать мастер — каждый размер из вектора (И-9). Не запекать цифры и буквы (И-7). Не ставить 16 px в HUD (ВР-42). Без мазка, брызг, блика, градиента (ВР-09, ДНК 1). Не использовать форму для другого смысла (И-10).",draw_icons.py,—,"Есть: art/imagegen/hud-icons-v3/masters/state-sent.png (1024); sizes/state-sent-{16,21,24,32,48,64,96}.png; layers/state-sent_body[-px].png; sheets/motion/frames-state-sent.png. Новых файлов нет; размеры 18 и 36 px добавит IC-33. Флипбук: layers/state-sent_glyph_f00…f11[-px].png.","/Game/S08/UI/IconsV3/T_IV3_state_sent_{24,32,48,64}; слои: body, glyph_f00…f11; сейчас только галерея; носители: кнопка «Отправлено…» (UUmButton, 04 §3.1), часики у кнопки V-10; откат -S08IconLegacy","полная текстура + слои (body, glyph_f00…f11), каждая × 4 размера ≈ 31 КБ (BGRA без сжатия); после IC-33 ещё 18 и 36 px; анимируемых значков в кадре ≤ 3 (STYLE §7)","Художественно принято по делегированию (ART-011, 2026-10-03, акт 30529834; ВР-42). Что ещё проверить — лист IC-34: 18/24/32/48 px ×4 nearest на panel.bg = card.navy (ВР-61; прежние листы — на tag.background) и на card.cream, цвет, серый, дейтеранопия; флипбук на 24 и 32 px без рывка при повороте 650–950 мс; планки на пиксельных рядах; часы при 24 px не читаются как «X». Кадр в контексте — K1 packaged -Bench на Marmoreal original и Sarpedon original, шесть фигур v2, когда блок HUD с этим значком перенесён на UMG (04 §5).",сделано (496b38e2; импорт UE 1730044f)
IC-04,icon,state-pending-move — выбор цели MOVE,P1,—,"Игрок видит, что эффект карты ждёт выбора, куда сдвинуть бойца.","отложенный MOVE: компакт PENDING (04 §2.8, ES09PendingPresent); V-11 у клетки (02 §7.2, MS-T-12)",appear 180; leave 120; cycle 1200 мс (icon-motion.json); reduced — только opacity ≤ 100 мс или статика (02 §11.2),"appear 180 мс — 0: scale 0,8, opacity 0,15; 72: scale 1,04; 120: opacity 1; 180: scale 1 (reduced — opacity 100 мс) | leave 120 мс — 0: opacity тек., scale тек.; 120: opacity 0, scale 0,92 (reduced — opacity 100 мс) | cycle 1200 мс — 0: glyph.scale 1; 180: glyph.scale 1; 480: glyph.scale 0,86; 520: glyph.scale 0,86; 760: glyph.scale 1; 1200: glyph.scale 1 (reduced — статично)",появление; цикл «щелчок стрелок»; уход; reduced — статично,"тело state.pending 91 против 19 у остальных плашек в сером — второй канал; белый к бирюзе 4,75 : 1; на синих зонах держит keyline (STYLE §3.5)",state.pending; card.cream; card.glyph; mark.keyline,—,"art/imagegen/hud-icons-v3/STYLE-v3.md §4 №4; art/imagegen/hud-icons-v3/STYLE-v3.md §1–§4, §7; art/imagegen/hud-icons-v3/sheets/sheet-sizes.png; art/imagegen/hud-icons-v3/sheets/sheet-context-panel.png; docs/unreal/contracts/hud/ICON-MOTION.md; docs/game-design/evidence/ART-011/hud-icons-v3-2026-10-03/README.md; docs/game-design/visual/02-visual-design.md §5; art/imagegen/hud-icons-v3/sheets/motion/frames-state-pending-move.png","Использовать как есть: четыре стрелки одним путём, ступица при detail 2; слои _body, _glyph.","Не перерисовывать и не менять hex: форма принята (ВР-42). Не уменьшать мастер — каждый размер из вектора (И-9). Не запекать цифры и буквы (И-7). Не ставить 16 px в HUD (ВР-42). Без мазка, брызг, блика, градиента (ВР-09, ДНК 1). Не использовать форму для другого смысла (И-10).",draw_icons.py,—,"Есть: art/imagegen/hud-icons-v3/masters/state-pending-move.png (1024); sizes/state-pending-move-{16,21,24,32,48,64,96}.png; layers/state-pending-move_{body,glyph}[-px].png; sheets/motion/frames-state-pending-move.png. Новых файлов нет; размеры 18 и 36 px добавит IC-33.","/Game/S08/UI/IconsV3/T_IV3_state_pending_move_{24,32,48,64}; слои: body, glyph; сейчас только галерея; носители: строка PENDING (UUmHudPending), V-11 у клетки (MS-T-12); откат -S08IconLegacy","полная текстура + слои (body, glyph), каждая × 4 размера ≈ 31 КБ (BGRA без сжатия); после IC-33 ещё 18 и 36 px; анимируемых значков в кадре ≤ 3 (STYLE §7)","Художественно принято по делегированию (ART-011, 2026-10-03, акт 30529834; ВР-42). Что ещё проверить — лист IC-34: 18/24/32/48 px ×4 nearest на panel.bg = card.navy (ВР-61; прежние листы — на tag.background) и на card.cream, цвет, серый, дейтеранопия; крест стрелок при 24 px не путается с «+» лечения (IC-49) и с X отказа (IC-40); бирюза тела держится на синей зоне Marmoreal (#4E84A1) keyline и глифом. Кадр в контексте — K1 packaged -Bench на Marmoreal original и Sarpedon original, шесть фигур v2, когда блок HUD с этим значком перенесён на UMG (04 §5).",сделано (496b38e2; импорт UE 1730044f)
IC-05,icon,state-pending-place — выбор места PLACE,P1,—,"Игрок видит, что эффект карты ждёт выбора пространства, куда поставить бойца.","отложенный PLACE: компакт PENDING (04 §2.8); V-12 у клетки (02 §7.2, MS-T-12)",appear 180; leave 120; cycle 1200 мс (icon-motion.json); reduced — только opacity ≤ 100 мс или статика (02 §11.2),"appear 180 мс — 0: scale 0,8, opacity 0,15; 72: scale 1,04; 120: opacity 1; 180: scale 1 (reduced — opacity 100 мс) | leave 120 мс — 0: opacity тек., scale тек.; 120: opacity 0, scale 0,92 (reduced — opacity 100 мс) | cycle 1200 мс — 0: arrow.ty 0; 300: arrow.ty -2,4; 600: arrow.ty 0; 1200: arrow.ty 0 (reduced — статично)",появление; цикл «тук» стрелки; уход; reduced — статично,как IC-04: тело state.pending; стрелка над эллипсом-клеткой; 16 и 24 px — стрелка над сплошным эллипсом,state.pending; card.cream; card.glyph; mark.keyline,—,"art/imagegen/hud-icons-v3/STYLE-v3.md §4 №5; art/imagegen/hud-icons-v3/STYLE-v3.md §1–§4, §7; art/imagegen/hud-icons-v3/sheets/sheet-sizes.png; art/imagegen/hud-icons-v3/sheets/sheet-context-panel.png; docs/unreal/contracts/hud/ICON-MOTION.md; docs/game-design/evidence/ART-011/hud-icons-v3-2026-10-03/README.md; docs/game-design/visual/02-visual-design.md §5; art/imagegen/hud-icons-v3/sheets/motion/frames-state-pending-place.png","Использовать как есть: слои _body, _space, _arrow; «тук» стрелки при 300 мс.","Не перерисовывать и не менять hex: форма принята (ВР-42). Не уменьшать мастер — каждый размер из вектора (И-9). Не запекать цифры и буквы (И-7). Не ставить 16 px в HUD (ВР-42). Без мазка, брызг, блика, градиента (ВР-09, ДНК 1). Не использовать форму для другого смысла (И-10).",draw_icons.py,—,"Есть: art/imagegen/hud-icons-v3/masters/state-pending-place.png (1024); sizes/state-pending-place-{16,21,24,32,48,64,96}.png; layers/state-pending-place_{body,space,arrow}[-px].png; sheets/motion/frames-state-pending-place.png. Новых файлов нет; размеры 18 и 36 px добавит IC-33.","/Game/S08/UI/IconsV3/T_IV3_state_pending_place_{24,32,48,64}; слои: body, space, arrow; сейчас только галерея; носители: строка PENDING, V-12 у клетки (MS-T-12); откат -S08IconLegacy","полная текстура + слои (body, space, arrow), каждая × 4 размера ≈ 31 КБ (BGRA без сжатия); после IC-33 ещё 18 и 36 px; анимируемых значков в кадре ≤ 3 (STYLE §7)","Художественно принято по делегированию (ART-011, 2026-10-03, акт 30529834; ВР-42). Что ещё проверить — лист IC-34: 18/24/32/48 px ×4 nearest на panel.bg = card.navy (ВР-61; прежние листы — на tag.background) и на card.cream, цвет, серый, дейтеранопия; стрелка над эллипсом не читается «скачать» (STYLE §10); в сером отличается от card-drop (IC-48: тело 19, стопка). Кадр в контексте — K1 packaged -Bench на Marmoreal original и Sarpedon original, шесть фигур v2, когда блок HUD с этим значком перенесён на UMG (04 §5).",сделано (496b38e2; импорт UE 1730044f)
IC-06,icon,state-hint — подсказка с рангом (плашка 2 : 1),P1,—,Игрок видит предложенную клетку и её ранг 1–3.,"V-13 подсказка (MS-R-36, MS-T-22); правый верхний якорь клетки (03-ux-spec §4.2a)",appear 260; leave 120; tap 150 мс (icon-motion.json); reduced — только opacity ≤ 100 мс или статика (02 §11.2),"appear 260 мс — 0: scale_x 0,5, opacity 0,15, glyph.scale 1; 120: opacity 1; 200: scale_x 1, glyph.scale 1; 230: glyph.scale 1,12; 260: glyph.scale 1 (reduced — opacity 100 мс) | leave 120 мс — 0: opacity тек., scale тек.; 120: opacity 0, scale 0,92 (reduced — opacity 100 мс) | tap 150 мс — 0: scale тек.; 50: scale 0,94; 150: scale тек. (reduced — статично)","появление (плашка растёт слева, каскад по рангу 0 / 60 / 120 мс); смена ранга (tap); уход; reduced","высота 24–32 px; ранг cap 14 u = 10,5 px при 24 px; лампа одним путём; в сером — круглая голова с цоколем против миндалины глаза",card.navy; card.cream; card.glyph; mark.keyline,font.card; type.numeral.icon (cap 14 u),"art/imagegen/hud-icons-v3/STYLE-v3.md §4 №6; art/imagegen/hud-icons-v3/STYLE-v3.md §1–§4, §7; art/imagegen/hud-icons-v3/sheets/sheet-sizes.png; art/imagegen/hud-icons-v3/sheets/sheet-context-panel.png; docs/unreal/contracts/hud/ICON-MOTION.md; docs/game-design/evidence/ART-011/hud-icons-v3-2026-10-03/README.md; docs/game-design/visual/02-visual-design.md §5; art/imagegen/hud-icons-v3/sheets/motion/frames-state-hint.png","Использовать как есть: плашка 2048 × 1024, слои _body (годится для 9-slice, угол 72 px при 1024) и _glyph; ранг — runtime-текст.","Не перерисовывать и не менять hex: форма принята (ВР-42). Не уменьшать мастер — каждый размер из вектора (И-9). Не запекать цифры и буквы (И-7). Не ставить 16 px в HUD (ВР-42). Без мазка, брызг, блика, градиента (ВР-09, ДНК 1). Не использовать форму для другого смысла (И-10).",draw_icons.py,—,"Есть: art/imagegen/hud-icons-v3/masters/state-hint.png (2048 × 1024); sizes/state-hint-{16,21,24,32,48,64,96}.png; layers/state-hint_{body,glyph}[-px].png; sheets/motion/frames-state-hint.png. Новых файлов нет; размеры 18 и 36 px добавит IC-33.","/Game/S08/UI/IconsV3/T_IV3_state_hint_{24,32,48,64}; слои: body, glyph; сейчас только галерея (текстуры шириной 48/64/96/128); носитель — V-13 (MS-T-22); откат -S08IconLegacy","полная текстура + слои (body, glyph), каждая × 4 размера ≈ 31 КБ (BGRA без сжатия); после IC-33 ещё 18 и 36 px; анимируемых значков в кадре ≤ 3 (STYLE §7)","Художественно принято по делегированию (ART-011, 2026-10-03, акт 30529834; ВР-42). Что ещё проверить — лист IC-34: 18/24/32/48 px ×4 nearest на panel.bg = card.navy (ВР-61; прежние листы — на tag.background) и на card.cream, цвет, серый, дейтеранопия; ранг «1»…«3» font.card читается при высоте 24 px; лампа не путается с глазом (IC-07). Кадр в контексте — K1 packaged -Bench на Marmoreal original и Sarpedon original, шесть фигур v2, когда блок HUD с этим значком перенесён на UMG (04 §5).",сделано (496b38e2; импорт UE 1730044f)
IC-07,icon,state-threat — угроза: глаз + число,P1,—,"Игрок видит, сколько врагов угрожают клетке.","V-16 угроза (MS-R-37, MS-T-22); левый верхний якорь клетки (03-ux-spec §4.2a)",appear 200; leave 120; tap 150; rise 220 мс (icon-motion.json); reduced — только opacity ≤ 100 мс или статика (02 §11.2),"appear 200 мс — 0: scale_x 0,5, opacity 0,15; 120: opacity 1; 200: scale_x 1 (reduced — opacity 100 мс) | leave 120 мс — 0: opacity тек., scale тек.; 120: opacity 0, scale 0,92 (reduced — opacity 100 мс) | tap 150 мс — 0: scale тек.; 50: scale 0,94; 150: scale тек. (reduced — статично) | rise 220 мс — 0: glyph.scale 1, scale 1; 60: glyph.scale 1,18, scale 1,04; 220: glyph.scale 1, scale 1 (reduced — статично)",появление; рост числа (rise); смена числа (tap); уход; reduced,"как IC-06; глаз 16,5 × 9,5 u, зрачок при detail ≥ 1",card.navy; card.cream; card.glyph; mark.keyline,font.card; type.numeral.icon (cap 14 u),"art/imagegen/hud-icons-v3/STYLE-v3.md §4 №7; art/imagegen/hud-icons-v3/STYLE-v3.md §1–§4, §7; art/imagegen/hud-icons-v3/sheets/sheet-sizes.png; art/imagegen/hud-icons-v3/sheets/sheet-context-panel.png; docs/unreal/contracts/hud/ICON-MOTION.md; docs/game-design/evidence/ART-011/hud-icons-v3-2026-10-03/README.md; docs/game-design/visual/02-visual-design.md §5; art/imagegen/hud-icons-v3/sheets/motion/frames-state-threat.png","Использовать как есть: плашка 2 : 1, слои _body, _glyph; глаз не моргает; число — runtime-текст.","Не перерисовывать и не менять hex: форма принята (ВР-42). Не уменьшать мастер — каждый размер из вектора (И-9). Не запекать цифры и буквы (И-7). Не ставить 16 px в HUD (ВР-42). Без мазка, брызг, блика, градиента (ВР-09, ДНК 1). Не использовать форму для другого смысла (И-10).",draw_icons.py,—,"Есть: art/imagegen/hud-icons-v3/masters/state-threat.png (2048 × 1024); sizes/state-threat-{16,21,24,32,48,64,96}.png; layers/state-threat_{body,glyph}[-px].png; sheets/motion/frames-state-threat.png. Новых файлов нет; размеры 18 и 36 px добавит IC-33.","/Game/S08/UI/IconsV3/T_IV3_state_threat_{24,32,48,64}; слои: body, glyph; сейчас только галерея; носитель — V-16 (MS-T-22); контуры V-16 цветом соперника — не красные (02 §7.2); откат -S08IconLegacy","полная текстура + слои (body, glyph), каждая × 4 размера ≈ 31 КБ (BGRA без сжатия); после IC-33 ещё 18 и 36 px; анимируемых значков в кадре ≤ 3 (STYLE §7)","Художественно принято по делегированию (ART-011, 2026-10-03, акт 30529834; ВР-42). Что ещё проверить — лист IC-34: 18/24/32/48 px ×4 nearest на panel.bg = card.navy (ВР-61; прежние листы — на tag.background) и на card.cream, цвет, серый, дейтеранопия; глаз при 24 px — миндалина, не «ноль»; число читается при высоте 24 px. Кадр в контексте — K1 packaged -Bench на Marmoreal original и Sarpedon original, шесть фигур v2, когда блок HUD с этим значком перенесён на UMG (04 §5).",сделано (496b38e2; импорт UE 1730044f)
IC-08,icon,state-immobilized — не может двигаться (якорь),P1,—,"Игрок видит, что боец не может ходить в этом манёвре.","статус «не может двигаться» (MS-R-05, MS-T-04, MS-AT-14)",appear 260; leave 120; tap 150 мс (icon-motion.json); reduced — только opacity ≤ 100 мс или статика (02 §11.2),"appear 260 мс — 0: scale 0,9, opacity 0,15, glyph.ty -3; 100: scale 1, opacity 1; 160: scale 1, glyph.ty 0; 200: scale 0,95; 260: scale 1 (reduced — opacity 100 мс) | leave 120 мс — 0: opacity тек., scale тек.; 120: opacity 0, scale 0,92 (reduced — opacity 100 мс) | tap 150 мс — 0: scale тек.; 50: scale 0,94; 150: scale тек. (reduced — статично)",появление «бросили якорь»; покой; уход; reduced,32 su в панели (24 px при 720p); в сером — единственный силуэт с дугой-рогами в наборе,card.navy; card.cream; card.glyph; mark.keyline,—,"art/imagegen/hud-icons-v3/STYLE-v3.md §4 №8; art/imagegen/hud-icons-v3/STYLE-v3.md §1–§4, §7; art/imagegen/hud-icons-v3/sheets/sheet-sizes.png; art/imagegen/hud-icons-v3/sheets/sheet-context-panel.png; docs/unreal/contracts/hud/ICON-MOTION.md; docs/game-design/evidence/ART-011/hud-icons-v3-2026-10-03/README.md; docs/game-design/visual/02-visual-design.md §5; art/imagegen/hud-icons-v3/sheets/motion/frames-state-immobilized.png","Использовать как есть: слои _body, _glyph; appear 260 мс с ударом 160.","Не перерисовывать и не менять hex: форма принята (ВР-42). Не уменьшать мастер — каждый размер из вектора (И-9). Не запекать цифры и буквы (И-7). Не ставить 16 px в HUD (ВР-42). Без мазка, брызг, блика, градиента (ВР-09, ДНК 1). Не использовать форму для другого смысла (И-10).",draw_icons.py,—,"Есть: art/imagegen/hud-icons-v3/masters/state-immobilized.png (1024); sizes/state-immobilized-{16,21,24,32,48,64,96}.png; layers/state-immobilized_{body,glyph}[-px].png; sheets/motion/frames-state-immobilized.png. Новых файлов нет; размеры 18 и 36 px добавит IC-33.","/Game/S08/UI/IconsV3/T_IV3_state_immobilized_{24,32,48,64}; слои: body, glyph; сейчас только галерея; носитель — MS-T-04 (подбор хода); откат -S08IconLegacy","полная текстура + слои (body, glyph), каждая × 4 размера ≈ 31 КБ (BGRA без сжатия); после IC-33 ещё 18 и 36 px; анимируемых значков в кадре ≤ 3 (STYLE §7)","Художественно принято по делегированию (ART-011, 2026-10-03, акт 30529834; ВР-42). Что ещё проверить — лист IC-34: 18/24/32/48 px ×4 nearest на panel.bg = card.navy (ВР-61; прежние листы — на tag.background) и на card.cream, цвет, серый, дейтеранопия; якорь при 24 px не читается «ложкой» или «булавкой»; отличается от пешки и часов в сером. Кадр в контексте — K1 packaged -Bench на Marmoreal original и Sarpedon original, шесть фигур v2, когда блок HUD с этим значком перенесён на UMG (04 §5).",сделано (496b38e2; импорт UE 1730044f)
IC-09,icon,action-attack — диск «Атака»,P1,—,"Игрок узнаёт действие «Атака» по красному диску со звездой: кнопка, слот трекера, тип карты.","кнопка «АТАКА» ACTIONS (04 §2.14, ВР-39); заполнение слота трекера DE (AB-7); диск типа в ленте карты боя и в строках панели колоды (04 §2.7, §2.9)",appear 180; leave 120; hover_in 150; hover_out 150; press 80; release 80; select 200; spend 150; restore 150; tap 150 мс (icon-motion.json); reduced — только opacity ≤ 100 мс или статика (02 §11.2),"appear 180 мс — 0: scale 0,8, opacity 0,15; 72: scale 1,04; 120: opacity 1; 180: scale 1 (reduced — opacity 100 мс) | leave 120 мс — 0: opacity тек., scale тек.; 120: opacity 0, scale 0,92 (reduced — opacity 100 мс) | hover_in 150 мс — 0: scale тек.; 150: scale 1,06 (reduced — статично) | hover_out 150 мс — 0: scale тек.; 150: scale 1 (reduced — статично) | press 80 мс — 0: scale тек.; 80: scale 0,96 (reduced — статично) | release 80 мс — 0: scale тек.; 80: scale 1,06 (reduced — статично) | select 200 мс — 0: glyph.scale тек.; 70: glyph.scale 1,12; 200: glyph.scale тек. (reduced — статично) | spend 150 мс — 0: opacity тек.; 150: opacity 0,4 (reduced — opacity 100 мс) | restore 150 мс — 0: opacity тек.; 150: opacity 1 (reduced — opacity 100 мс) | tap 150 мс — 0: scale тек.; 50: scale 0,94; 150: scale тек. (reduced — статично)","normal; hover 1,06; pressed 0,96; disabled 0,4; selected (импульс глифа 1,1 → 1,0); потрачено / возврат; reduced","кнопка 48 su (36 px при 720p), трекер 32 su, строка колоды 24 su; белый на красном 4,4 : 1; в сером тело 99 = защита 101 — различие глифом (И-8)",card.type.attack; card.cream; card.glyph; mark.keyline,type.tag (подпись «АТАКА» под диском — текст рядом),"art/imagegen/hud-icons-v3/STYLE-v3.md §4 №9; art/imagegen/hud-icons-v3/STYLE-v3.md §1–§4, §7; art/imagegen/hud-icons-v3/sheets/sheet-sizes.png; art/imagegen/hud-icons-v3/sheets/sheet-context-panel.png; docs/unreal/contracts/hud/ICON-MOTION.md; docs/game-design/evidence/ART-011/hud-icons-v3-2026-10-03/README.md; docs/game-design/visual/02-visual-design.md §5; art/imagegen/hud-icons-v3/sheets/motion/frames-action-attack.png","Использовать как есть: слои _body, _glyph; звезда 14 лучей при detail 2, 11 при detail 1.","Не перерисовывать и не менять hex: форма принята (ВР-42). Не уменьшать мастер — каждый размер из вектора (И-9). Не запекать цифры и буквы (И-7). Не ставить 16 px в HUD (ВР-42). Без мазка, брызг, блика, градиента (ВР-09, ДНК 1). Не использовать форму для другого смысла (И-10).",draw_icons.py,—,"Есть: art/imagegen/hud-icons-v3/masters/action-attack.png (1024); sizes/action-attack-{16,21,24,32,48,64,96}.png; layers/action-attack_{body,glyph}[-px].png; sheets/motion/frames-action-attack.png. Новых файлов нет; размеры 18 и 36 px добавит IC-33.","/Game/S08/UI/IconsV3/T_IV3_action_attack_{24,32,48,64}; слои: body, glyph; в HUD: заполнение трекера DE (S08TurnPortraitWidget.cpp:250, слои action-<тип>); кнопка — UUmHudActions (04 §2.14); откат трекера -S08TrackerLegacy","полная текстура + слои (body, glyph), каждая × 4 размера ≈ 31 КБ (BGRA без сжатия); после IC-33 ещё 18 и 36 px; анимируемых значков в кадре ≤ 3 (STYLE §7)","Художественно принято по делегированию (ART-011, 2026-10-03, акт 30529834; ВР-42). Что ещё проверить — лист IC-34: 18/24/32/48 px ×4 nearest на panel.bg = card.navy (ВР-61; прежние листы — на tag.background) и на card.cream, цвет, серый, дейтеранопия; звезда при 24–32 px — взрыв, не пятно и не «избранное»; отличается от щита и ботинок в сером. Кадр в контексте — K1 packaged -Bench на Marmoreal original и Sarpedon original, шесть фигур v2, когда блок HUD с этим значком перенесён на UMG (04 §5).","сделано (496b38e2, правка 444c1cc6; импорт UE 1730044f)"
IC-10,icon,action-attack-token — жетон цели,P1,—,"Игрок видит, кого бьют: тёмный жетон со звездой у цели атаки.",CUE-008 объявление атаки: цель боя (04 §2.15); экранный жетон над целью,appear 220; leave 120; cycle 1000 мс (icon-motion.json); reduced — только opacity ≤ 100 мс или статика (02 §11.2),"appear 220 мс — 0: scale 1,25, opacity 0,15; 80: opacity 1; 140: scale 0,96; 220: scale 1 (reduced — opacity 100 мс) | leave 120 мс — 0: opacity тек., scale тек.; 120: opacity 0, scale 0,92 (reduced — opacity 100 мс) | cycle 1000 мс — 0: scale 1; 500: scale 1,05; 1000: scale 1 (reduced — статично)",появление 220 мс; пульс 1 Гц; уход; reduced — без пульса,"экранный жетон по ArtHud.IconSize (24–48 px); тело тёмное, ободок 0,5 u без keyline (D-5); на дугах board.target cream (ВР-30) и белых пространствах Marmoreal (ΔE 12, 02 §7.5) держит тёмное тело",icon.token.body; icon.token.rim; card.glyph,—,"art/imagegen/hud-icons-v3/STYLE-v3.md §4 №10; art/imagegen/hud-icons-v3/STYLE-v3.md §1–§4, §7; art/imagegen/hud-icons-v3/sheets/sheet-sizes.png; art/imagegen/hud-icons-v3/sheets/sheet-context-panel.png; docs/unreal/contracts/hud/ICON-MOTION.md; docs/game-design/evidence/ART-011/hud-icons-v3-2026-10-03/README.md; docs/game-design/visual/02-visual-design.md §5; art/imagegen/hud-icons-v3/sheets/motion/frames-action-attack-token.png","Использовать как есть. ВР-61: icon.token.body станет алиасом card.navy (ΔE76 4,9) — перерисовать жетон движком с телом card.navy только вместе с переводом токена в алиас (G-TOKENS), прежний мастер сохранить вариантом для отката. Мировой запасной спрайт POT 1024 — строка IC-35.","Не перерисовывать и не менять hex: форма принята (ВР-42). Не уменьшать мастер — каждый размер из вектора (И-9). Не запекать цифры и буквы (И-7). Не ставить 16 px в HUD (ВР-42). Без мазка, брызг, блика, градиента (ВР-09, ДНК 1). Не использовать форму для другого смысла (И-10).",draw_icons.py,—,"Есть: art/imagegen/hud-icons-v3/masters/action-attack-token.png (1024); sizes/action-attack-token-{16,21,24,32,48,64,96}.png; sheets/motion/frames-action-attack-token.png. Новых файлов нет; размеры 18 и 36 px добавит IC-33.","/Game/S08/UI/IconsV3/T_IV3_action_attack_token_{24,32,48,64}; в HUD по умолчанию с f5d6d740: анимированный жетон US08AnimatedIconWidget (S08FlowGameMode.cpp:7312); мировой спрайт-фолбэк ещё mvp-v1 T_UI_Action_AttackConcept (S08FighterActor.cpp:171) → IC-35; откат -S08IconLegacy","1 слой × 4 текстуры (24/32/48/64, BGRA без сжатия) ≈ 31 КБ; после IC-33 ещё 18 и 36 px ≈ +6,5 КБ; анимируемых значков в кадре ≤ 3 (STYLE §7)","Художественно принято по делегированию (ART-011, 2026-10-03, акт 30529834; ВР-42). Что ещё проверить — лист IC-34: 18/24/32/48 px ×4 nearest на panel.bg = card.navy (ВР-61; прежние листы — на tag.background) и на card.cream, цвет, серый, дейтеранопия; пульс 1 Гц выключен при reduced motion; жетон читается на белых пространствах Marmoreal и на красной палубе Sarpedon в кадре боя K1. Кадр в контексте — K1 packaged -Bench на Marmoreal original и Sarpedon original, шесть фигур v2, когда блок HUD с этим значком перенесён на UMG (04 §5).",сделано (496b38e2; по умолчанию f5d6d740)
IC-11,icon,action-attack-token-glyphmask — маска звезды жетона,P4,—,"Вход анализа контраста жетона (qa010 icon), не значок для игрока.",гейт qa010 icon и замеры t53 / t5cb3 (HUD-AND-ICONS §4),— (не анимируется),—,—,"белая звезда R 9 на прозрачном 1024, поля 224 px по вертикали",card.glyph,—,"art/imagegen/hud-icons-v3/STYLE-v3.md §4 №10; art/imagegen/hud-icons-v3/STYLE-v3.md §1–§4, §7; art/imagegen/hud-icons-v3/sheets/sheet-sizes.png; art/imagegen/hud-icons-v3/sheets/sheet-context-panel.png; docs/unreal/contracts/hud/ICON-MOTION.md; docs/game-design/evidence/ART-011/hud-icons-v3-2026-10-03/README.md; docs/game-design/visual/02-visual-design.md §5","Использовать как есть. Анализ ещё читает маску mvp-v1 (t53_readability.py:1509, 1540; t5cb3_target_arcs.py:362) — перевод на эту маску в IC-35.","Не перерисовывать и не менять hex: форма принята (ВР-42). Не уменьшать мастер — каждый размер из вектора (И-9). Не запекать цифры и буквы (И-7). Не ставить 16 px в HUD (ВР-42). Без мазка, брызг, блика, градиента (ВР-09, ДНК 1). Не использовать форму для другого смысла (И-10).",draw_icons.py,—,"Есть: art/imagegen/hud-icons-v3/masters/action-attack-token-glyphmask.png (1024); sizes/action-attack-token-glyphmask-{16,21,24,32,48,64,96}.png. Новых файлов нет; размеры 18 и 36 px добавит IC-33.","/Game/S08/UI/IconsV3/T_IV3_action_attack_token_glyphmask_{24,32,48,64}; в UE не импортируется (не нужна рантайму)","1 слой × 4 текстуры (24/32/48/64, BGRA без сжатия) ≈ 31 КБ; после IC-33 ещё 18 и 36 px ≈ +6,5 КБ; анимируемых значков в кадре ≤ 3 (STYLE §7)","Технически: маска совпадает со звездой IC-10 по альфе (тот же вектор, тот же центр). Художественной приёмки не требует (не видна игроку). После IC-35 qa010 icon считает контраст по маске v3.",сделано (496b38e2; в UE не импортируется)
IC-12,icon,action-defense — диск «Защита»,P1,—,"Игрок узнаёт защиту по синему диску со щитом: слот защиты, тип карты, трекер.","слот защиты в бою (CUE-009, 04 §2.7: щит — не выбрано); диск типа в ленте карты и строках колоды; трекер DE",appear 180; leave 120; hover_in 150; hover_out 150; press 80; release 80; select 200; spend 150; restore 150; tap 150 мс (icon-motion.json); reduced — только opacity ≤ 100 мс или статика (02 §11.2),"appear 180 мс — 0: scale 0,8, opacity 0,15; 72: scale 1,04; 120: opacity 1; 180: scale 1 (reduced — opacity 100 мс) | leave 120 мс — 0: opacity тек., scale тек.; 120: opacity 0, scale 0,92 (reduced — opacity 100 мс) | hover_in 150 мс — 0: scale тек.; 150: scale 1,06 (reduced — статично) | hover_out 150 мс — 0: scale тек.; 150: scale 1 (reduced — статично) | press 80 мс — 0: scale тек.; 80: scale 0,96 (reduced — статично) | release 80 мс — 0: scale тек.; 80: scale 1,06 (reduced — статично) | select 200 мс — 0: glyph.scale тек.; 70: glyph.scale 1,12; 200: glyph.scale тек. (reduced — статично) | spend 150 мс — 0: opacity тек.; 150: opacity 0,4 (reduced — opacity 100 мс) | restore 150 мс — 0: opacity тек.; 150: opacity 1 (reduced — opacity 100 мс) | tap 150 мс — 0: scale тек.; 50: scale 0,94; 150: scale тек. (reduced — статично)",как IC-09,"как IC-09; белый на синем 4,6 : 1; щит 11 × 13 u, масса 23,2 %",card.type.defense; card.cream; card.glyph; mark.keyline,—,"art/imagegen/hud-icons-v3/STYLE-v3.md §4 №11; art/imagegen/hud-icons-v3/STYLE-v3.md §1–§4, §7; art/imagegen/hud-icons-v3/sheets/sheet-sizes.png; art/imagegen/hud-icons-v3/sheets/sheet-context-panel.png; docs/unreal/contracts/hud/ICON-MOTION.md; docs/game-design/evidence/ART-011/hud-icons-v3-2026-10-03/README.md; docs/game-design/visual/02-visual-design.md §5; art/imagegen/hud-icons-v3/sheets/motion/frames-action-defense.png","Использовать как есть: слои _body, _glyph.","Не перерисовывать и не менять hex: форма принята (ВР-42). Не уменьшать мастер — каждый размер из вектора (И-9). Не запекать цифры и буквы (И-7). Не ставить 16 px в HUD (ВР-42). Без мазка, брызг, блика, градиента (ВР-09, ДНК 1). Не использовать форму для другого смысла (И-10).",draw_icons.py,—,"Есть: art/imagegen/hud-icons-v3/masters/action-defense.png (1024); sizes/action-defense-{16,21,24,32,48,64,96}.png; layers/action-defense_{body,glyph}[-px].png; sheets/motion/frames-action-defense.png. Новых файлов нет; размеры 18 и 36 px добавит IC-33.","/Game/S08/UI/IconsV3/T_IV3_action_defense_{24,32,48,64}; слои: body, glyph; трекер DE (слои action-defense_*); слот защиты — UUmHudCombatEdge (04 §2.7); откат -S08TrackerLegacy","полная текстура + слои (body, glyph), каждая × 4 размера ≈ 31 КБ (BGRA без сжатия); после IC-33 ещё 18 и 36 px; анимируемых значков в кадре ≤ 3 (STYLE §7)","Художественно принято по делегированию (ART-011, 2026-10-03, акт 30529834; ВР-42). Что ещё проверить — лист IC-34: 18/24/32/48 px ×4 nearest на panel.bg = card.navy (ВР-61; прежние листы — на tag.background) и на card.cream, цвет, серый, дейтеранопия; щит отличается от звезды и ботинок в сером при 24 px. Кадр в контексте — K1 packaged -Bench на Marmoreal original и Sarpedon original, шесть фигур v2, когда блок HUD с этим значком перенесён на UMG (04 §5).",сделано (496b38e2; импорт UE 1730044f)
IC-13,icon,action-maneuver — диск «Манёвр» (два ботинка),P1,—,Игрок узнаёт манёвр по фиолетовому диску с отпечатками ботинок.,кнопка «МАНЁВР» ACTIONS (04 §2.14); трекер DE; диск типа «универсальная» в строках колоды,appear 180; leave 120; hover_in 150; hover_out 150; press 80; release 80; select 200; spend 150; restore 150; tap 150 мс (icon-motion.json); reduced — только opacity ≤ 100 мс или статика (02 §11.2),"appear 180 мс — 0: scale 0,8, opacity 0,15; 72: scale 1,04; 120: opacity 1; 180: scale 1 (reduced — opacity 100 мс) | leave 120 мс — 0: opacity тек., scale тек.; 120: opacity 0, scale 0,92 (reduced — opacity 100 мс) | hover_in 150 мс — 0: scale тек.; 150: scale 1,06 (reduced — статично) | hover_out 150 мс — 0: scale тек.; 150: scale 1 (reduced — статично) | press 80 мс — 0: scale тек.; 80: scale 0,96 (reduced — статично) | release 80 мс — 0: scale тек.; 80: scale 1,06 (reduced — статично) | select 200 мс — 0: glyph.scale тек.; 70: glyph.scale 1,12; 200: glyph.scale тек. (reduced — статично) | spend 150 мс — 0: opacity тек.; 150: opacity 0,4 (reduced — opacity 100 мс) | restore 150 мс — 0: opacity тек.; 150: opacity 1 (reduced — opacity 100 мс) | tap 150 мс — 0: scale тек.; 50: scale 0,94; 150: scale тек. (reduced — статично)",как IC-09,"как IC-09; белый на фиолетовом 6,4 : 1; фиолетовый — только манёвр (И-4)",card.type.versatile; card.cream; card.glyph; mark.keyline,type.tag (подпись «МАНЁВР»),"art/imagegen/hud-icons-v3/STYLE-v3.md §4 №12; art/imagegen/hud-icons-v3/STYLE-v3.md §1–§4, §7; art/imagegen/hud-icons-v3/sheets/sheet-sizes.png; art/imagegen/hud-icons-v3/sheets/sheet-context-panel.png; docs/unreal/contracts/hud/ICON-MOTION.md; docs/game-design/evidence/ART-011/hud-icons-v3-2026-10-03/README.md; docs/game-design/visual/02-visual-design.md §5; art/imagegen/hud-icons-v3/sheets/motion/frames-action-maneuver.png","Использовать как есть: контур стопы BOOT_FOOT, диагональный зазор BOOT_CUT 1 px; слои _body, _glyph.","Не перерисовывать и не менять hex: форма принята (ВР-42). Не уменьшать мастер — каждый размер из вектора (И-9). Не запекать цифры и буквы (И-7). Не ставить 16 px в HUD (ВР-42). Без мазка, брызг, блика, градиента (ВР-09, ДНК 1). Не использовать форму для другого смысла (И-10).",draw_icons.py,—,"Есть: art/imagegen/hud-icons-v3/masters/action-maneuver.png (1024); sizes/action-maneuver-{16,21,24,32,48,64,96}.png; layers/action-maneuver_{body,glyph}[-px].png; sheets/motion/frames-action-maneuver.png. Новых файлов нет; размеры 18 и 36 px добавит IC-33.","/Game/S08/UI/IconsV3/T_IV3_action_maneuver_{24,32,48,64}; слои: body, glyph; трекер DE; кнопка — UUmHudActions; откат -S08TrackerLegacy","полная текстура + слои (body, glyph), каждая × 4 размера ≈ 31 КБ (BGRA без сжатия); после IC-33 ещё 18 и 36 px; анимируемых значков в кадре ≤ 3 (STYLE §7)","Художественно принято по делегированию (ART-011, 2026-10-03, акт 30529834; ВР-42). Что ещё проверить — лист IC-34: 18/24/32/48 px ×4 nearest на panel.bg = card.navy (ВР-61; прежние листы — на tag.background) и на card.cream, цвет, серый, дейтеранопия; пара отпечатков при 24–32 px не читается «!!» (О-1). Кадр в контексте — K1 packaged -Bench на Marmoreal original и Sarpedon original, шесть фигур v2, когда блок HUD с этим значком перенесён на UMG (04 §5).","сделано (496b38e2, правка 444c1cc6; импорт UE 1730044f)"
IC-14,icon,action-scheme — диск «Схема» (молния),P1,—,Игрок узнаёт схему по светлому жёлтому диску с тёмной молнией.,кнопка «СХЕМА» ACTIONS (04 §2.14); трекер DE; лента слота схемы (IC-50) того же языка,appear 180; leave 120; hover_in 150; hover_out 150; press 80; release 80; select 200; spend 150; restore 150; tap 150 мс (icon-motion.json); reduced — только opacity ≤ 100 мс или статика (02 §11.2),"appear 180 мс — 0: scale 0,8, opacity 0,15; 72: scale 1,04; 120: opacity 1; 180: scale 1 (reduced — opacity 100 мс) | leave 120 мс — 0: opacity тек., scale тек.; 120: opacity 0, scale 0,92 (reduced — opacity 100 мс) | hover_in 150 мс — 0: scale тек.; 150: scale 1,06 (reduced — статично) | hover_out 150 мс — 0: scale тек.; 150: scale 1 (reduced — статично) | press 80 мс — 0: scale тек.; 80: scale 0,96 (reduced — статично) | release 80 мс — 0: scale тек.; 80: scale 1,06 (reduced — статично) | select 200 мс — 0: glyph.scale тек.; 70: glyph.scale 1,12; 200: glyph.scale тек. (reduced — статично) | spend 150 мс — 0: opacity тек.; 150: opacity 0,4 (reduced — opacity 100 мс) | restore 150 мс — 0: opacity тек.; 150: opacity 1 (reduced — opacity 100 мс) | tap 150 мс — 0: scale тек.; 50: scale 0,94; 150: scale тек. (reduced — статично)",как IC-09,"как IC-09; молния navy на жёлтом 11,2 : 1; в сером — единственный светлый диск (200)",card.type.scheme; card.cream; card.navy; mark.keyline,type.tag (подпись «СХЕМА»),"art/imagegen/hud-icons-v3/STYLE-v3.md §4 №13; art/imagegen/hud-icons-v3/STYLE-v3.md §1–§4, §7; art/imagegen/hud-icons-v3/sheets/sheet-sizes.png; art/imagegen/hud-icons-v3/sheets/sheet-context-panel.png; docs/unreal/contracts/hud/ICON-MOTION.md; docs/game-design/evidence/ART-011/hud-icons-v3-2026-10-03/README.md; docs/game-design/visual/02-visual-design.md §5; art/imagegen/hud-icons-v3/sheets/motion/frames-action-scheme.png","Использовать как есть: молния 7 вершин цветом card.navy; слои _body, _glyph.","Не перерисовывать и не менять hex: форма принята (ВР-42). Не уменьшать мастер — каждый размер из вектора (И-9). Не запекать цифры и буквы (И-7). Не ставить 16 px в HUD (ВР-42). Без мазка, брызг, блика, градиента (ВР-09, ДНК 1). Не использовать форму для другого смысла (И-10).",draw_icons.py,—,"Есть: art/imagegen/hud-icons-v3/masters/action-scheme.png (1024); sizes/action-scheme-{16,21,24,32,48,64,96}.png; layers/action-scheme_{body,glyph}[-px].png; sheets/motion/frames-action-scheme.png. Новых файлов нет; размеры 18 и 36 px добавит IC-33.","/Game/S08/UI/IconsV3/T_IV3_action_scheme_{24,32,48,64}; слои: body, glyph; трекер DE; кнопка — UUmHudActions; откат -S08TrackerLegacy","полная текстура + слои (body, glyph), каждая × 4 размера ≈ 31 КБ (BGRA без сжатия); после IC-33 ещё 18 и 36 px; анимируемых значков в кадре ≤ 3 (STYLE §7)","Художественно принято по делегированию (ART-011, 2026-10-03, акт 30529834; ВР-42). Что ещё проверить — лист IC-34: 18/24/32/48 px ×4 nearest на panel.bg = card.navy (ВР-61; прежние листы — на tag.background) и на card.cream, цвет, серый, дейтеранопия; молния читается при 24 px; диск не путается с state-warning (IC-47: треугольник). Кадр в контексте — K1 packaged -Bench на Marmoreal original и Sarpedon original, шесть фигур v2, когда блок HUD с этим значком перенесён на UMG (04 §5).",сделано (496b38e2; импорт UE 1730044f)
IC-15,icon,marker-status — лента порядка (основа лент),P1,—,Лента с цифрой значит порядок хода (И-10); форма — основа badge-order (IC-38) и лент слота (IC-50…IC-52).,"носитель в 04 не назначен; геометрия — источник IC-38, IC-50…IC-52",appear 220; leave 120; tap 150 мс (icon-motion.json); reduced — только opacity ≤ 100 мс или статика (02 §11.2),"appear 220 мс — 0: scale_y 0,1, opacity 0,15; 100: opacity 1; 220: scale_y 1 (reduced — opacity 100 мс) | leave 120 мс — 0: opacity тек., scale тек.; 120: opacity 0, scale 0,92 (reduced — opacity 100 мс) | tap 150 мс — 0: scale тек.; 50: scale 0,94; 150: scale тек. (reduced — статично)","появление (scaleY, опора сверху); смена номера (tap); уход; reduced","цифра cap 9 u: при 32 px 9 px, при 24 px 6,75 px — мелко, поэтому у клетки своя лента IC-38; в сером блок P1 194 / P2 124",card.navy; card.cream; card.glyph; mark.keyline; team.p1.screen; team.p2.screen,font.card; type.numeral.icon (cap 9 u),"art/imagegen/hud-icons-v3/STYLE-v3.md §4 №14; art/imagegen/hud-icons-v3/STYLE-v3.md §1–§4, §7; art/imagegen/hud-icons-v3/sheets/sheet-sizes.png; art/imagegen/hud-icons-v3/sheets/sheet-context-panel.png; docs/unreal/contracts/hud/ICON-MOTION.md; docs/game-design/evidence/ART-011/hud-icons-v3-2026-10-03/README.md; docs/game-design/visual/02-visual-design.md §5; art/imagegen/hud-icons-v3/sheets/motion/frames-marker-status.png","Использовать как есть: слои _body и _team (белая маска, UMG красит team.pX.screen, И-5).","Не перерисовывать и не менять hex: форма принята (ВР-42). Не уменьшать мастер — каждый размер из вектора (И-9). Не запекать цифры и буквы (И-7). Не ставить 16 px в HUD (ВР-42). Без мазка, брызг, блика, градиента (ВР-09, ДНК 1). Не использовать форму для другого смысла (И-10).",draw_icons.py,—,"Есть: art/imagegen/hud-icons-v3/masters/marker-status.png (1024); sizes/marker-status-{16,21,24,32,48,64,96}.png; layers/marker-status_{body,team}[-px].png; sheets/motion/frames-marker-status.png. Новых файлов нет; размеры 18 и 36 px добавит IC-33.","/Game/S08/UI/IconsV3/T_IV3_marker_status_{24,32,48,64}; слои: body, team; сейчас только галерея; откат -S08IconLegacy","полная текстура + слои (body, team), каждая × 4 размера ≈ 31 КБ (BGRA без сжатия); после IC-33 ещё 18 и 36 px; анимируемых значков в кадре ≤ 3 (STYLE §7)","Художественно принято по делегированию (ART-011, 2026-10-03, акт 30529834; ВР-42). Что ещё проверить — лист IC-34: 18/24/32/48 px ×4 nearest на panel.bg = card.navy (ВР-61; прежние листы — на tag.background) и на card.cream, цвет, серый, дейтеранопия; P1/P2 различимы в сером; блок команды белый в мастере. Кадр в контексте — K1 packaged -Bench на Marmoreal original и Sarpedon original, шесть фигур v2, когда блок HUD с этим значком перенесён на UMG (04 §5).",сделано (496b38e2; импорт UE 1730044f)
IC-16,icon,loader-spinner — загрузка,P1,—,"Игрок видит, что идёт ожидание дольше 300 мс.","BOOT, LOGIN «Вход…», загрузка партии (04 §1.1, §1.2, §1.5); скан карты грузится (04 §3.3)",appear 150; leave 120; cycle 1000 мс (icon-motion.json); reduced — только opacity ≤ 100 мс или статика (02 §11.2),"appear 150 мс — 0: opacity 0,15; 150: opacity 1 (reduced — opacity 100 мс) | leave 120 мс — 0: opacity тек., scale тек.; 120: opacity 0, scale 0,92 (reduced — opacity 100 мс) | cycle 1000 мс — 0: rotate 0; 125: rotate 45; 250: rotate 90; 375: rotate 135; 500: rotate 180; 625: rotate 225; 750: rotate 270; 875: rotate 315; 1000: rotate 360 (reduced — opacity 2000 мс)",появление; цикл 8 ступеней; уход; reduced — ступени по 250 мс,32 и 48 su только на панелях и модалях (хвосты на пёстрых зонах теряются); хвостовые бруски text.secondary сплошным тоном,card.glyph; text.secondary; mark.keyline,—,"art/imagegen/hud-icons-v3/STYLE-v3.md §4 №15; art/imagegen/hud-icons-v3/STYLE-v3.md §1–§4, §7; art/imagegen/hud-icons-v3/sheets/sheet-sizes.png; art/imagegen/hud-icons-v3/sheets/sheet-context-panel.png; docs/unreal/contracts/hud/ICON-MOTION.md; docs/game-design/evidence/ART-011/hud-icons-v3-2026-10-03/README.md; docs/game-design/visual/02-visual-design.md §5; art/imagegen/hud-icons-v3/sheets/motion/frames-loader-spinner.png","Использовать как есть: одна текстура, поворот ступенями Constant по 125 мс.","Не перерисовывать и не менять hex: форма принята (ВР-42). Не уменьшать мастер — каждый размер из вектора (И-9). Не запекать цифры и буквы (И-7). Не ставить 16 px в HUD (ВР-42). Без мазка, брызг, блика, градиента (ВР-09, ДНК 1). Не использовать форму для другого смысла (И-10).",draw_icons.py,—,"Есть: art/imagegen/hud-icons-v3/masters/loader-spinner.png (1024); sizes/loader-spinner-{16,21,24,32,48,64,96}.png; sheets/motion/frames-loader-spinner.png. Новых файлов нет; размеры 18 и 36 px добавит IC-33.","/Game/S08/UI/IconsV3/T_IV3_loader_spinner_{24,32,48,64}; сейчас только галерея; носители — экраны BOOT, LOGIN, LOADING, UUmCardWidget при загрузке скана; откат -S08SlateHud=<экран>","1 слой × 4 текстуры (24/32/48/64, BGRA без сжатия) ≈ 31 КБ; после IC-33 ещё 18 и 36 px ≈ +6,5 КБ; анимируемых значков в кадре ≤ 3 (STYLE §7)","Художественно принято по делегированию (ART-011, 2026-10-03, акт 30529834; ВР-42). Что ещё проверить — лист IC-34: 18/24/32/48 px ×4 nearest на panel.bg = card.navy (ВР-61; прежние листы — на tag.background) и на card.cream, цвет, серый, дейтеранопия; ступени 125 мс (reduced 250) на 32 и 48 px без мерцания; на panel.bg хвосты видны. Кадр в контексте — K1 packaged -Bench на Marmoreal original и Sarpedon original, шесть фигур v2, когда блок HUD с этим значком перенесён на UMG (04 §5).",сделано (496b38e2; импорт UE 1730044f)
IC-17,icon,resource-action-full — очко действия (откат трекера),P1,—,Прежний трекер v3: светлый ромб «есть». Живёт только в откате.,"только с -S08TrackerLegacy (AB-7 выбрал трекер DE, IC-31)",appear 180; leave 120; tap 150; spend 150; gain 180 мс (icon-motion.json); reduced — только opacity ≤ 100 мс или статика (02 §11.2),"appear 180 мс — 0: scale 0,8, opacity 0,15; 72: scale 1,04; 120: opacity 1; 180: scale 1 (reduced — opacity 100 мс) | leave 120 мс — 0: opacity тек., scale тек.; 120: opacity 0, scale 0,92 (reduced — opacity 100 мс) | tap 150 мс — 0: scale тек.; 50: scale 0,94; 150: scale тек. (reduced — статично) | spend 150 мс — 0: under.opacity 1, icon.scale 1, icon.opacity 1; 150: under.opacity 1, icon.scale 0,9, icon.opacity 0 (reduced — opacity 100 мс) | gain 180 мс — 0: under.opacity 1, icon.scale 0,6, icon.opacity 0; 100: icon.opacity 1; 120: icon.scale 1,08; 180: under.opacity 0, icon.scale 1 (reduced — opacity 100 мс)",появление; трата (spend); возврат (gain); смена (tap); reduced,32 su; светлый сплошной ромб против полого приглушённого в сером,card.glyph; card.navy; mark.keyline,—,"art/imagegen/hud-icons-v3/STYLE-v3.md §4 №16; art/imagegen/hud-icons-v3/STYLE-v3.md §1–§4, §7; art/imagegen/hud-icons-v3/sheets/sheet-sizes.png; art/imagegen/hud-icons-v3/sheets/sheet-context-panel.png; docs/unreal/contracts/hud/ICON-MOTION.md; docs/game-design/evidence/ART-011/hud-icons-v3-2026-10-03/README.md; docs/game-design/visual/02-visual-design.md §5; art/imagegen/hud-icons-v3/sheets/motion/frames-resource-action-full.png",Использовать как есть. ВР-IC02 (по делегированию): экспорт -light не делаем — светлых панелей нет (ВР-61).,"Не перерисовывать и не менять hex: форма принята (ВР-42). Не уменьшать мастер — каждый размер из вектора (И-9). Не запекать цифры и буквы (И-7). Не ставить 16 px в HUD (ВР-42). Без мазка, брызг, блика, градиента (ВР-09, ДНК 1). Не использовать форму для другого смысла (И-10).",draw_icons.py,—,"Есть: art/imagegen/hud-icons-v3/masters/resource-action-full.png (1024); sizes/resource-action-full-{16,21,24,32,48,64,96}.png; sheets/motion/frames-resource-action-full.png. Новых файлов нет; размеры 18 и 36 px добавит IC-33.","/Game/S08/UI/IconsV3/T_IV3_resource_action_full_{24,32,48,64}; S08TurnPortraitWidget.h:53 TrackerV3Icon, только при -S08TrackerLegacy","1 слой × 4 текстуры (24/32/48/64, BGRA без сжатия) ≈ 31 КБ; после IC-33 ещё 18 и 36 px ≈ +6,5 КБ; анимируемых значков в кадре ≤ 3 (STYLE §7)","Художественно принято по делегированию (ART-011, 2026-10-03, акт 30529834; ВР-42). Что ещё проверить — лист IC-34: 18/24/32/48 px ×4 nearest на panel.bg = card.navy (ВР-61; прежние листы — на tag.background) и на card.cream, цвет, серый, дейтеранопия; в откате -S08TrackerLegacy трата и возврат видны на panel.bg = card.navy. Кадр в контексте — K1 packaged -Bench на Marmoreal original и Sarpedon original, шесть фигур v2, когда блок HUD с этим значком перенесён на UMG (04 §5).",сделано (496b38e2; импорт UE 1730044f)
IC-18,icon,resource-action-empty — потраченное действие (откат трекера),P1,—,Пустой ромб под светлым: «действие потрачено». Только откат трекера.,только с -S08TrackerLegacy,appear 150; leave 120 мс (icon-motion.json); reduced — только opacity ≤ 100 мс или статика (02 §11.2),"appear 150 мс — 0: opacity 0,15; 150: opacity 1 (reduced — opacity 100 мс) | leave 120 мс — 0: opacity тек., scale тек.; 120: opacity 0, scale 0,92 (reduced — opacity 100 мс)",появление; уход; reduced,"контур text.secondary W 2,25 u, при 16 px полый",text.secondary; mark.keyline,—,"art/imagegen/hud-icons-v3/STYLE-v3.md §4 №17; art/imagegen/hud-icons-v3/STYLE-v3.md §1–§4, §7; art/imagegen/hud-icons-v3/sheets/sheet-sizes.png; art/imagegen/hud-icons-v3/sheets/sheet-context-panel.png; docs/unreal/contracts/hud/ICON-MOTION.md; docs/game-design/evidence/ART-011/hud-icons-v3-2026-10-03/README.md; docs/game-design/visual/02-visual-design.md §5; art/imagegen/hud-icons-v3/sheets/motion/frames-resource-action-empty.png",Использовать как есть. ВР-IC02: без -light.,"Не перерисовывать и не менять hex: форма принята (ВР-42). Не уменьшать мастер — каждый размер из вектора (И-9). Не запекать цифры и буквы (И-7). Не ставить 16 px в HUD (ВР-42). Без мазка, брызг, блика, градиента (ВР-09, ДНК 1). Не использовать форму для другого смысла (И-10).",draw_icons.py,—,"Есть: art/imagegen/hud-icons-v3/masters/resource-action-empty.png (1024); sizes/resource-action-empty-{16,21,24,32,48,64,96}.png; sheets/motion/frames-resource-action-empty.png. Новых файлов нет; размеры 18 и 36 px добавит IC-33.","/Game/S08/UI/IconsV3/T_IV3_resource_action_empty_{24,32,48,64}; подложка resource-action-full в контракте; только -S08TrackerLegacy","1 слой × 4 текстуры (24/32/48/64, BGRA без сжатия) ≈ 31 КБ; после IC-33 ещё 18 и 36 px ≈ +6,5 КБ; анимируемых значков в кадре ≤ 3 (STYLE §7)","Художественно принято по делегированию (ART-011, 2026-10-03, акт 30529834; ВР-42). Что ещё проверить — лист IC-34: 18/24/32/48 px ×4 nearest на panel.bg = card.navy (ВР-61; прежние листы — на tag.background) и на card.cream, цвет, серый, дейтеранопия; пустой ромб отличим от полного в сером на card.navy. Кадр в контексте — K1 packaged -Bench на Marmoreal original и Sarpedon original, шесть фигур v2, когда блок HUD с этим значком перенесён на UMG (04 §5).",сделано (496b38e2; импорт UE 1730044f)
IC-19,icon,"resource-card — стопка карт (счётчик, добор)",P1,—,"Игрок видит колоду и добор: стопка «тапает», когда карта приходит в руку.","CUE-005 добор: «тап» стопки (02 §9.2, 350 мс); фишки DECKS класса S (04 §2.9)",appear 180; leave 120; tap 150; draw 180 мс (icon-motion.json); reduced — только opacity ≤ 100 мс или статика (02 §11.2),"appear 180 мс — 0: scale 0,8, opacity 0,15; 72: scale 1,04; 120: opacity 1; 180: scale 1 (reduced — opacity 100 мс) | leave 120 мс — 0: opacity тек., scale тек.; 120: opacity 0, scale 0,92 (reduced — opacity 100 мс) | tap 150 мс — 0: scale тек.; 50: scale 0,94; 150: scale тек. (reduced — статично) | draw 180 мс — 0: ty -3, scale 1,1; 180: ty 0, scale 1 (reduced — статично)",появление; добор (draw); смена числа (tap); уход; reduced,24 su (18 px при 720p); три скошенные плашки с зазором 1 px; в сером три полосы против ромба и сердца,card.glyph; mark.keyline,"font.card (число рядом, runtime)","art/imagegen/hud-icons-v3/STYLE-v3.md §4 №18; art/imagegen/hud-icons-v3/STYLE-v3.md §1–§4, §7; art/imagegen/hud-icons-v3/sheets/sheet-sizes.png; art/imagegen/hud-icons-v3/sheets/sheet-context-panel.png; docs/unreal/contracts/hud/ICON-MOTION.md; docs/game-design/evidence/ART-011/hud-icons-v3-2026-10-03/README.md; docs/game-design/visual/02-visual-design.md §5; art/imagegen/hud-icons-v3/sheets/motion/frames-resource-card.png",Использовать как есть.,"Не перерисовывать и не менять hex: форма принята (ВР-42). Не уменьшать мастер — каждый размер из вектора (И-9). Не запекать цифры и буквы (И-7). Не ставить 16 px в HUD (ВР-42). Без мазка, брызг, блика, градиента (ВР-09, ДНК 1). Не использовать форму для другого смысла (И-10).",draw_icons.py,—,"Есть: art/imagegen/hud-icons-v3/masters/resource-card.png (1024); sizes/resource-card-{16,21,24,32,48,64,96}.png; sheets/motion/frames-resource-card.png. Новых файлов нет; размеры 18 и 36 px добавит IC-33.","/Game/S08/UI/IconsV3/T_IV3_resource_card_{24,32,48,64}; сейчас только галерея; носители — UUmHudDecks (класс S), UUmHudDeckPanel; откат -S08SlateHud=decks","1 слой × 4 текстуры (24/32/48/64, BGRA без сжатия) ≈ 31 КБ; после IC-33 ещё 18 и 36 px ≈ +6,5 КБ; анимируемых значков в кадре ≤ 3 (STYLE §7)","Художественно принято по делегированию (ART-011, 2026-10-03, акт 30529834; ВР-42). Что ещё проверить — лист IC-34: 18/24/32/48 px ×4 nearest на panel.bg = card.navy (ВР-61; прежние листы — на tag.background) и на card.cream, цвет, серый, дейтеранопия; стопка не читается «≡» рядом с ui-menu (IC-53) — лист IC-34 ставит их рядом при 18 и 24 px. Кадр в контексте — K1 packaged -Bench на Marmoreal original и Sarpedon original, шесть фигур v2, когда блок HUD с этим значком перенесён на UMG (04 §5).",сделано (496b38e2; импорт UE 1730044f)
IC-20,icon,resource-connection-online — связь в порядке,P1,—,"Игрок видит, что связь жива; значок тихий и не отвлекает.",CONN online (04 §2.1); CUE-018 восстановление — кроссфейд к online 150 мс,appear 150; leave 120 мс (icon-motion.json); reduced — только opacity ≤ 100 мс или статика (02 §11.2),"appear 150 мс — 0: opacity 0,15; 150: opacity 1 (reduced — opacity 100 мс) | leave 120 мс — 0: opacity тек., scale тек.; 120: opacity 0, scale 0,92 (reduced — opacity 100 мс)",online (тон text.secondary в чипе CONN); появление; уход; reduced,24 su в чипе 44 su (18 px при 720p); три столбика 6 / 11 / 16 u,card.glyph; text.secondary; mark.keyline,—,"art/imagegen/hud-icons-v3/STYLE-v3.md §4 №19; art/imagegen/hud-icons-v3/STYLE-v3.md §1–§4, §7; art/imagegen/hud-icons-v3/sheets/sheet-sizes.png; art/imagegen/hud-icons-v3/sheets/sheet-context-panel.png; docs/unreal/contracts/hud/ICON-MOTION.md; docs/game-design/evidence/ART-011/hud-icons-v3-2026-10-03/README.md; docs/game-design/visual/02-visual-design.md §5; art/imagegen/hud-icons-v3/sheets/motion/frames-resource-connection-online.png","ВР-IC01 (по делегированию): связь — три значка v3 (STYLE §1.6), отдельного resource-connection-syncing нет; «● / ◐ / ●» брифа — список состояний, не форма. В чипе CONN online тонируется ColorAndOpacity = text.secondary (04 §2.1), отдельной текстуры нет.","Не перерисовывать и не менять hex: форма принята (ВР-42). Не уменьшать мастер — каждый размер из вектора (И-9). Не запекать цифры и буквы (И-7). Не ставить 16 px в HUD (ВР-42). Без мазка, брызг, блика, градиента (ВР-09, ДНК 1). Не использовать форму для другого смысла (И-10).",draw_icons.py,—,"Есть: art/imagegen/hud-icons-v3/masters/resource-connection-online.png (1024); sizes/resource-connection-online-{16,21,24,32,48,64,96}.png; sheets/motion/frames-resource-connection-online.png. Новых файлов нет; размеры 18 и 36 px добавит IC-33.","/Game/S08/UI/IconsV3/T_IV3_resource_connection_online_{24,32,48,64}; сейчас только галерея; носитель — UUmConnectionBadge (WBP_UmConnectionBadge, 04 §4.3); откат -S08SlateHud=top","1 слой × 4 текстуры (24/32/48/64, BGRA без сжатия) ≈ 31 КБ; после IC-33 ещё 18 и 36 px ≈ +6,5 КБ; анимируемых значков в кадре ≤ 3 (STYLE §7)","Художественно принято по делегированию (ART-011, 2026-10-03, акт 30529834; ВР-42). Что ещё проверить — лист IC-34: 18/24/32/48 px ×4 nearest на panel.bg = card.navy (ВР-61; прежние листы — на tag.background) и на card.cream, цвет, серый, дейтеранопия; тон text.secondary на panel.bg 8,7 : 1; online отличается от reconnecting и lost в сером при 18 и 24 px. Кадр в контексте — K1 packaged -Bench на Marmoreal original и Sarpedon original, шесть фигур v2, когда блок HUD с этим значком перенесён на UMG (04 §5).",сделано (496b38e2; импорт UE 1730044f)
IC-21,icon,resource-connection-reconnecting — синхронизация / переподключение,P1,—,"Игрок видит, что команда в полёте или клиент догоняет разрыв: стрелка ↻ над столбиками.",CONN syncing (04 §2.1: команда в полёте или разрыв seq); RECONNECT — значок 48 su после lost (04 §1.9),appear 150; leave 120; cycle 1200 мс (icon-motion.json); reduced — только opacity ≤ 100 мс или статика (02 §11.2),"appear 150 мс — 0: opacity 0,15; 150: opacity 1 (reduced — opacity 100 мс) | leave 120 мс — 0: opacity тек., scale тек.; 120: opacity 0, scale 0,92 (reduced — opacity 100 мс) | cycle 1200 мс — 0: sign.rotate 0; 1200: sign.rotate 360 (reduced — статично)",появление; цикл — стрелка 360° за 1200 мс; уход; reduced — статично,"24 su (18 px при 720p): ≤ 24 px дуга 270° без головки, головка от 32 px; столбики text.secondary",card.glyph; text.secondary; mark.keyline,—,"art/imagegen/hud-icons-v3/STYLE-v3.md §4 №20; art/imagegen/hud-icons-v3/STYLE-v3.md §1–§4, §7; art/imagegen/hud-icons-v3/sheets/sheet-sizes.png; art/imagegen/hud-icons-v3/sheets/sheet-context-panel.png; docs/unreal/contracts/hud/ICON-MOTION.md; docs/game-design/evidence/ART-011/hud-icons-v3-2026-10-03/README.md; docs/game-design/visual/02-visual-design.md §5; art/imagegen/hud-icons-v3/sheets/motion/frames-resource-connection-reconnecting.png",ВР-IC01: это и есть состояние syncing чипа CONN; слои _bars (стоят) и _sign (вращается).,"Не перерисовывать и не менять hex: форма принята (ВР-42). Не уменьшать мастер — каждый размер из вектора (И-9). Не запекать цифры и буквы (И-7). Не ставить 16 px в HUD (ВР-42). Без мазка, брызг, блика, градиента (ВР-09, ДНК 1). Не использовать форму для другого смысла (И-10).",draw_icons.py,—,"Есть: art/imagegen/hud-icons-v3/masters/resource-connection-reconnecting.png (1024); sizes/resource-connection-reconnecting-{16,21,24,32,48,64,96}.png; layers/resource-connection-reconnecting_{bars,sign}[-px].png; sheets/motion/frames-resource-connection-reconnecting.png. Новых файлов нет; размеры 18 и 36 px добавит IC-33.","/Game/S08/UI/IconsV3/T_IV3_resource_connection_reconnecting_{24,32,48,64}; слои: bars, sign; сейчас только галерея; UUmConnectionBadge, UUmReconnectOverlay (04 §1.9); откат -S08SlateHud=top","полная текстура + слои (bars, sign), каждая × 4 размера ≈ 31 КБ (BGRA без сжатия); после IC-33 ещё 18 и 36 px; анимируемых значков в кадре ≤ 3 (STYLE §7)","Художественно принято по делегированию (ART-011, 2026-10-03, акт 30529834; ВР-42). Что ещё проверить — лист IC-34: 18/24/32/48 px ×4 nearest на panel.bg = card.navy (ВР-61; прежние листы — на tag.background) и на card.cream, цвет, серый, дейтеранопия; при 18 px (detail 0) дуга без головки не читается крючком «?»; зазор знака и столбиков ≥ 1 px во всех фазах поворота. Кадр в контексте — K1 packaged -Bench на Marmoreal original и Sarpedon original, шесть фигур v2, когда блок HUD с этим значком перенесён на UMG (04 §5).","сделано (496b38e2, правка 444c1cc6; импорт UE 1730044f)"
IC-22,icon,resource-connection-lost — связи нет,P1,—,Игрок видит потерю связи: красный X над погасшими столбиками.,"CUE-017 разрыв связи (CONN lost, 04 §2.1); RECONNECT и ABORTED — значок 48 su (04 §1.9, §1.11)",appear 180; appear_from_online 180; leave 120 мс (icon-motion.json); reduced — только opacity ≤ 100 мс или статика (02 §11.2),"appear 180 мс — 0: bars.opacity 0,15, sign.scale 0; 110: sign.scale 1,08; 150: bars.opacity 1; 180: sign.scale 1 (reduced — opacity 100 мс) | appear_from_online 180 мс — 0: from.opacity 1, from.tx 0, bars.opacity 0, bars.tx -3,75, sign.scale 0; 110: sign.scale 1,08; 150: from.opacity 0, from.tx 3,75, bars.opacity 1, bars.tx 0; 180: sign.scale 1 (reduced — opacity 100 мс) | leave 120 мс — 0: opacity тек., scale тек.; 120: opacity 0, scale 0,92 (reduced — opacity 100 мс)","появление из online (столбики гаснут 150, X штампуется 180); покой без мигания; уход; reduced","X state.error на navy 4,3 : 1 (только знак, И-3); 24 su в чипе, 48 su в модалях (72 px при 150 %)",text.secondary; state.error; mark.keyline,—,"art/imagegen/hud-icons-v3/STYLE-v3.md §4 №21; art/imagegen/hud-icons-v3/STYLE-v3.md §1–§4, §7; art/imagegen/hud-icons-v3/sheets/sheet-sizes.png; art/imagegen/hud-icons-v3/sheets/sheet-context-panel.png; docs/unreal/contracts/hud/ICON-MOTION.md; docs/game-design/evidence/ART-011/hud-icons-v3-2026-10-03/README.md; docs/game-design/visual/02-visual-design.md §5; art/imagegen/hud-icons-v3/sheets/motion/frames-resource-connection-lost.png","Использовать как есть: слои _bars, _sign; анимация appear_from_online.","Не перерисовывать и не менять hex: форма принята (ВР-42). Не уменьшать мастер — каждый размер из вектора (И-9). Не запекать цифры и буквы (И-7). Не ставить 16 px в HUD (ВР-42). Без мазка, брызг, блика, градиента (ВР-09, ДНК 1). Не использовать форму для другого смысла (И-10).",draw_icons.py,—,"Есть: art/imagegen/hud-icons-v3/masters/resource-connection-lost.png (1024); sizes/resource-connection-lost-{16,21,24,32,48,64,96}.png; layers/resource-connection-lost_{bars,sign}[-px].png; sheets/motion/frames-resource-connection-lost.png. Новых файлов нет; размеры 18 и 36 px добавит IC-33.","/Game/S08/UI/IconsV3/T_IV3_resource_connection_lost_{24,32,48,64}; слои: bars, sign; сейчас только галерея; UUmConnectionBadge, UUmReconnectOverlay, экран ABORTED; откат -S08SlateHud=top","полная текстура + слои (bars, sign), каждая × 4 размера ≈ 31 КБ (BGRA без сжатия); после IC-33 ещё 18 и 36 px; анимируемых значков в кадре ≤ 3 (STYLE §7)","Художественно принято по делегированию (ART-011, 2026-10-03, акт 30529834; ВР-42). Что ещё проверить — лист IC-34: 18/24/32/48 px ×4 nearest на panel.bg = card.navy (ВР-61; прежние листы — на tag.background) и на card.cream, цвет, серый, дейтеранопия; reconnecting от lost в сером при 18 px — кольцо против креста (граница 16 px, STYLE §6); X не мигает. Кадр в контексте — K1 packaged -Bench на Marmoreal original и Sarpedon original, шесть фигур v2, когда блок HUD с этим значком перенесён на UMG (04 §5).","сделано (496b38e2, правка 444c1cc6; импорт UE 1730044f)"
IC-23,icon,resource-hp-full — своё сердце HP (+ слой ореола),P1,—,Игрок видит своё здоровье: белое сердце с красной кромкой; при уроне сердце бьётся и вспыхивает ореол.,PANEL-LOC: HP героя (04 §2.2); CUE-011 урон — HP в кадр контакт + 80; CUE-012 лечение; CUE-014 Medusa — вспышка сердца цели,appear 180; leave 120; tap 150; damage 1000; deplete 200; heal 180 мс (icon-motion.json); reduced — только opacity ≤ 100 мс или статика (02 §11.2),"appear 180 мс — 0: scale 0,8, opacity 0,15; 72: scale 1,04; 120: opacity 1; 180: scale 1 (reduced — opacity 100 мс) | leave 120 мс — 0: opacity тек., scale тек.; 120: opacity 0, scale 0,92 (reduced — opacity 100 мс) | tap 150 мс — 0: scale тек.; 50: scale 0,94; 150: scale тек. (reduced — статично) | damage 1000 мс — 0: scale 1, tx 0, glow.opacity 0; 40: tx -0,8; 60: scale 1,15; 80: tx 0,8; 120: tx -0,5; 160: tx 0,3; 200: scale 1, tx 0, glow.opacity 0; 320: glow.opacity 1; 560: glow.opacity 0,45; 760: glow.opacity 0,85; 1000: glow.opacity 0 (reduced — статично) | deplete 200 мс — 0: under.opacity 1, icon.scale 1, icon.opacity 1; 60: icon.scale 1,15, icon.opacity 1; 200: under.opacity 1, icon.scale 0, icon.opacity 0 (reduced — opacity 100 мс) | heal 180 мс — 0: under.opacity 1, icon.scale 0, icon.opacity 0; 80: icon.opacity 1; 120: icon.scale 1,1; 180: under.opacity 0, icon.scale 1 (reduced — opacity 100 мс)",покой; урон (damage 1000 мс с ореолом glow); обнулено (deplete); лечение (heal); смена числа (tap); reduced — смена без пульса и ореола,"24 su (18 px при 720p); цифра в сердце не рисуется — HP текстом рядом (04 §2.2); кромка card.type.attack 1,6 u — красный игры, не ошибка",card.glyph; card.type.attack; card.navy; mark.keyline,"font.card (HP рядом, type.button)","art/imagegen/hud-icons-v3/STYLE-v3.md §4 №22; art/imagegen/hud-icons-v3/STYLE-v3.md §1–§4, §7; art/imagegen/hud-icons-v3/sheets/sheet-sizes.png; art/imagegen/hud-icons-v3/sheets/sheet-context-panel.png; docs/unreal/contracts/hud/ICON-MOTION.md; docs/game-design/evidence/ART-011/hud-icons-v3-2026-10-03/README.md; docs/game-design/visual/02-visual-design.md §5; art/imagegen/hud-icons-v3/sheets/motion/frames-resource-hp-full.png","Использовать как есть: слои under (= resource-hp-empty), glow, icon. Ореол glow — принят лично (AB-6, 2026-10-05), по умолчанию с 99ce5a1b. ВР-IC02: без -light.","Не перерисовывать и не менять hex: форма принята (ВР-42). Не уменьшать мастер — каждый размер из вектора (И-9). Не запекать цифры и буквы (И-7). Не ставить 16 px в HUD (ВР-42). Без мазка, брызг, блика, градиента (ВР-09, ДНК 1). Не использовать форму для другого смысла (И-10).",draw_icons.py,—,"Есть: art/imagegen/hud-icons-v3/masters/resource-hp-full.png (1024); sizes/resource-hp-full-{16,21,24,32,48,64,96}.png; layers/resource-hp-full_glow[-px].png; sheets/motion/frames-resource-hp-full.png. Новых файлов нет; размеры 18 и 36 px добавит IC-33.","/Game/S08/UI/IconsV3/T_IV3_resource_hp_full_{24,32,48,64}; слои: glow; S08TurnPortraitWidget.cpp:158, 337 (HeartIcon, 24 su); откат ореола -S08HeartGlowLegacy, всего вида -S08IconLegacy","полная текстура + слои (glow), каждая × 4 размера ≈ 31 КБ (BGRA без сжатия); после IC-33 ещё 18 и 36 px; анимируемых значков в кадре ≤ 3 (STYLE §7)","Художественно принято по делегированию (ART-011, 2026-10-03, акт 30529834; ВР-42). Что ещё проверить — лист IC-34: 18/24/32/48 px ×4 nearest на panel.bg = card.navy (ВР-61; прежние листы — на tag.background) и на card.cream, цвет, серый, дейтеранопия; ореол не читается вторым красным контуром на panel.bg (опись §3, осмотр); своё белое сердце против чужого тёмного (IC-25) и пустого (IC-24) в сером при 18 и 24 px. Ореол — лично (AB-6), форма — по делегированию. Кадр в контексте — K1 packaged -Bench на Marmoreal original и Sarpedon original, шесть фигур v2, когда блок HUD с этим значком перенесён на UMG (04 §5).","сделано (496b38e2; слой glow 30ade784, по умолчанию 99ce5a1b)"
IC-24,icon,resource-hp-empty — пустое сердце,P1,—,Подложка сердца при уроне и пустое состояние: полый приглушённый контур.,"подложка resource-hp-full (урон, обнуление); сердце помощника при 0 HP до штампа",appear 150; leave 120 мс (icon-motion.json); reduced — только opacity ≤ 100 мс или статика (02 §11.2),"appear 150 мс — 0: opacity 0,15; 150: opacity 1 (reduced — opacity 100 мс) | leave 120 мс — 0: opacity тек., scale тек.; 120: opacity 0, scale 0,92 (reduced — opacity 100 мс)",появление; уход; reduced,"контур text.secondary W ≥ 2 px; отличие от чужого сердца при 24 px — 15,2 (STYLE §4 №23)",text.secondary; mark.keyline,—,"art/imagegen/hud-icons-v3/STYLE-v3.md §4 №23; art/imagegen/hud-icons-v3/STYLE-v3.md §1–§4, §7; art/imagegen/hud-icons-v3/sheets/sheet-sizes.png; art/imagegen/hud-icons-v3/sheets/sheet-context-panel.png; docs/unreal/contracts/hud/ICON-MOTION.md; docs/game-design/evidence/ART-011/hud-icons-v3-2026-10-03/README.md; docs/game-design/visual/02-visual-design.md §5; art/imagegen/hud-icons-v3/sheets/motion/frames-resource-hp-empty.png",Использовать как есть. ВР-IC02: без -light.,"Не перерисовывать и не менять hex: форма принята (ВР-42). Не уменьшать мастер — каждый размер из вектора (И-9). Не запекать цифры и буквы (И-7). Не ставить 16 px в HUD (ВР-42). Без мазка, брызг, блика, градиента (ВР-09, ДНК 1). Не использовать форму для другого смысла (И-10).",draw_icons.py,—,"Есть: art/imagegen/hud-icons-v3/masters/resource-hp-empty.png (1024); sizes/resource-hp-empty-{16,21,24,32,48,64,96}.png; sheets/motion/frames-resource-hp-empty.png. Новых файлов нет; размеры 18 и 36 px добавит IC-33.","/Game/S08/UI/IconsV3/T_IV3_resource_hp_empty_{24,32,48,64}; слой under в контракте resource-hp-full; отдельно не подключён","1 слой × 4 текстуры (24/32/48/64, BGRA без сжатия) ≈ 31 КБ; после IC-33 ещё 18 и 36 px ≈ +6,5 КБ; анимируемых значков в кадре ≤ 3 (STYLE §7)","Художественно принято по делегированию (ART-011, 2026-10-03, акт 30529834; ВР-42). Что ещё проверить — лист IC-34: 18/24/32/48 px ×4 nearest на panel.bg = card.navy (ВР-61; прежние листы — на tag.background) и на card.cream, цвет, серый, дейтеранопия; полое сердце отличается от чужого (IC-25) и павшего (IC-29) в сером на card.navy. Кадр в контексте — K1 packaged -Bench на Marmoreal original и Sarpedon original, шесть фигур v2, когда блок HUD с этим значком перенесён на UMG (04 §5).",сделано (496b38e2; импорт UE 1730044f)
IC-25,icon,resource-hp-full-enemy — чужое сердце HP,P1,—,"Игрок отличает HP соперника: тёмное сердце с белой цифрой (своё светлое, чужое тёмное).",PANEL-OPP: HP героя соперника (04 §2.3),как resource-hp-full: appear 180; leave 120; tap 150; damage 1000; deplete 200; heal 180 мс (icon-motion.json); reduced — только opacity ≤ 100 мс или статика (02 §11.2),как resource-hp-full (вариант того же id),как IC-23 (вариант того же id в контракте),как IC-23; тёмное тело card.navy с красной кромкой,card.navy; card.type.attack; mark.keyline,font.card (HP рядом),"art/imagegen/hud-icons-v3/STYLE-v3.md §4 №22; art/imagegen/hud-icons-v3/STYLE-v3.md §1–§4, §7; art/imagegen/hud-icons-v3/sheets/sheet-sizes.png; art/imagegen/hud-icons-v3/sheets/sheet-context-panel.png; docs/unreal/contracts/hud/ICON-MOTION.md; docs/game-design/evidence/ART-011/hud-icons-v3-2026-10-03/README.md; docs/game-design/visual/02-visual-design.md §5",Использовать как есть (вариант resource-hp-full в контракте). ВР-IC02: без -light.,"Не перерисовывать и не менять hex: форма принята (ВР-42). Не уменьшать мастер — каждый размер из вектора (И-9). Не запекать цифры и буквы (И-7). Не ставить 16 px в HUD (ВР-42). Без мазка, брызг, блика, градиента (ВР-09, ДНК 1). Не использовать форму для другого смысла (И-10).",draw_icons.py,—,"Есть: art/imagegen/hud-icons-v3/masters/resource-hp-full-enemy.png (1024); sizes/resource-hp-full-enemy-{16,21,24,32,48,64,96}.png. Новых файлов нет; размеры 18 и 36 px добавит IC-33.","/Game/S08/UI/IconsV3/T_IV3_resource_hp_full_enemy_{24,32,48,64}; сейчас только галерея (T_IV3_resource_hp_full_enemy); носитель — UUmHudPlayerPanel OPP (04 §2.3); откат -S08IconLegacy","1 слой × 4 текстуры (24/32/48/64, BGRA без сжатия) ≈ 31 КБ; после IC-33 ещё 18 и 36 px ≈ +6,5 КБ; анимируемых значков в кадре ≤ 3 (STYLE §7)","Художественно принято по делегированию (ART-011, 2026-10-03, акт 30529834; ВР-42). Что ещё проверить — лист IC-34: 18/24/32/48 px ×4 nearest на panel.bg = card.navy (ВР-61; прежние листы — на tag.background) и на card.cream, цвет, серый, дейтеранопия; на panel.bg = card.navy тёмное тело держится только красной кромкой — проверить при 18 и 24 px (ВР-61 сменил фон панели). Кадр в контексте — K1 packaged -Bench на Marmoreal original и Sarpedon original, шесть фигур v2, когда блок HUD с этим значком перенесён на UMG (04 §5).",сделано (496b38e2; импорт UE 1730044f)
IC-26,icon,marker-status-p1 — превью ленты P1,P1,—,Превью ленты с блоком цвета P1 для листов и галереи.,листы и галерея; в игре блок красит UMG (И-5),как marker-status: appear 220; leave 120; tap 150 мс (icon-motion.json); reduced — только opacity ≤ 100 мс или статика (02 §11.2),как marker-status (вариант того же id),как IC-15,как IC-15; блок team.p1.screen 194 в сером,card.navy; card.cream; team.p1.screen; mark.keyline,—,"art/imagegen/hud-icons-v3/STYLE-v3.md §4 №14; art/imagegen/hud-icons-v3/STYLE-v3.md §1–§4, §7; art/imagegen/hud-icons-v3/sheets/sheet-sizes.png; art/imagegen/hud-icons-v3/sheets/sheet-context-panel.png; docs/unreal/contracts/hud/ICON-MOTION.md; docs/game-design/evidence/ART-011/hud-icons-v3-2026-10-03/README.md; docs/game-design/visual/02-visual-design.md §5",Использовать только как превью; в игре — marker-status + тон.,"Не перерисовывать и не менять hex: форма принята (ВР-42). Не уменьшать мастер — каждый размер из вектора (И-9). Не запекать цифры и буквы (И-7). Не ставить 16 px в HUD (ВР-42). Без мазка, брызг, блика, градиента (ВР-09, ДНК 1). Не использовать форму для другого смысла (И-10).",draw_icons.py,—,"Есть: art/imagegen/hud-icons-v3/masters/marker-status-p1.png (1024); sizes/marker-status-p1-{16,21,24,32,48,64,96}.png. Новых файлов нет; размеры 18 и 36 px добавит IC-33.","/Game/S08/UI/IconsV3/T_IV3_marker_status_p1_{24,32,48,64}; T_IV3_marker_status_p1 — только галерея","1 слой × 4 текстуры (24/32/48/64, BGRA без сжатия) ≈ 31 КБ; после IC-33 ещё 18 и 36 px ≈ +6,5 КБ; анимируемых значков в кадре ≤ 3 (STYLE §7)","Художественно принято по делегированию (ART-011, 2026-10-03, акт 30529834; ВР-42). Что ещё проверить — лист IC-34: 18/24/32/48 px ×4 nearest на panel.bg = card.navy (ВР-61; прежние листы — на tag.background) и на card.cream, цвет, серый, дейтеранопия; совпадает с IC-15, умноженным на team.p1.screen. Кадр в контексте — K1 packaged -Bench на Marmoreal original и Sarpedon original, шесть фигур v2, когда блок HUD с этим значком перенесён на UMG (04 §5).",сделано (496b38e2; импорт UE 1730044f)
IC-27,icon,marker-status-p2 — превью ленты P2,P1,—,Превью ленты с блоком цвета P2 для листов и галереи.,листы и галерея; в игре блок красит UMG (И-5),как marker-status: appear 220; leave 120; tap 150 мс (icon-motion.json); reduced — только opacity ≤ 100 мс или статика (02 §11.2),как marker-status (вариант того же id),как IC-15,"как IC-15; блок team.p2.screen 124 в сером, 4,7 : 1 к navy",card.navy; card.cream; team.p2.screen; mark.keyline,—,"art/imagegen/hud-icons-v3/STYLE-v3.md §4 №14; art/imagegen/hud-icons-v3/STYLE-v3.md §1–§4, §7; art/imagegen/hud-icons-v3/sheets/sheet-sizes.png; art/imagegen/hud-icons-v3/sheets/sheet-context-panel.png; docs/unreal/contracts/hud/ICON-MOTION.md; docs/game-design/evidence/ART-011/hud-icons-v3-2026-10-03/README.md; docs/game-design/visual/02-visual-design.md §5",Использовать только как превью; в игре — marker-status + тон.,"Не перерисовывать и не менять hex: форма принята (ВР-42). Не уменьшать мастер — каждый размер из вектора (И-9). Не запекать цифры и буквы (И-7). Не ставить 16 px в HUD (ВР-42). Без мазка, брызг, блика, градиента (ВР-09, ДНК 1). Не использовать форму для другого смысла (И-10).",draw_icons.py,—,"Есть: art/imagegen/hud-icons-v3/masters/marker-status-p2.png (1024); sizes/marker-status-p2-{16,21,24,32,48,64,96}.png. Новых файлов нет; размеры 18 и 36 px добавит IC-33.","/Game/S08/UI/IconsV3/T_IV3_marker_status_p2_{24,32,48,64}; T_IV3_marker_status_p2 — только галерея","1 слой × 4 текстуры (24/32/48/64, BGRA без сжатия) ≈ 31 КБ; после IC-33 ещё 18 и 36 px ≈ +6,5 КБ; анимируемых значков в кадре ≤ 3 (STYLE §7)","Художественно принято по делегированию (ART-011, 2026-10-03, акт 30529834; ВР-42). Что ещё проверить — лист IC-34: 18/24/32/48 px ×4 nearest на panel.bg = card.navy (ВР-61; прежние листы — на tag.background) и на card.cream, цвет, серый, дейтеранопия; совпадает с IC-15, умноженным на team.p2.screen. Кадр в контексте — K1 packaged -Bench на Marmoreal original и Sarpedon original, шесть фигур v2, когда блок HUD с этим значком перенесён на UMG (04 §5).",сделано (496b38e2; импорт UE 1730044f)
IC-28,icon,marker-turn-ring — тёплое кольцо хода у портрета,P1,—,"Игрок видит, чей сейчас ход: обод вокруг портрета активного игрока вспыхивает и тлеет весь ход.","CUE-015 начало хода, у обеих сторон (F-07, SD-34); PANEL-LOC / PANEL-OPP (04 §2.2, §2.3)",appear 1000; leave 120 мс (icon-motion.json); reduced — только opacity ≤ 100 мс или статика (02 §11.2),"appear 1000 мс — 0: flash.opacity 0,15, rim.opacity 0, flash.frame 0; 120: flash.opacity 1; 142,857: flash.frame 1; 285,714: flash.frame 2; 428,571: flash.frame 3; 571,429: flash.frame 4; 714,286: flash.frame 5; 857,143: flash.frame 6; 1000: flash.opacity 0, rim.opacity 0,35, flash.frame 6 (reduced — opacity 100 мс) | leave 120 мс — 0: opacity тек.; 120: opacity 0 (reduced — opacity 100 мс)","вспышка 1000 мс (жёлтый → оранжевый → красный, 7 кадров flash); тлеет весь ход (rim, opacity 0,35); ход соперника — кольца нет; reduced — статичный обод","окно кольца 104 su вокруг портрета 80 su; тлеющий обод 0,35 на panel.bg — 1,8 : 1 по hex, 0,55 — 2,75 : 1 (02 §6.4); второй канал — статус «ВАШ ХОД» / «ЖДЁТ» текстом всегда",turn.flash.yellow; turn.flash.orange; card.type.attack; mark.keyline,—,"art/imagegen/hud-icons-v3/STYLE-v3.md §11; art/imagegen/hud-icons-v3/sheets/de012/sheet-de012.png; art/imagegen/hud-icons-de012-codex/README.md; art/imagegen/hud-icons-v3/sheets/motion/frames-marker-turn-ring.png; docs/game-design/de-footage/task/01-decisions.md (AB-5…AB-8, F-07, F-09, F-12); docs/game-design/evidence/DE-FOOTAGE/2026-10-05/I/README.md; docs/game-design/visual/02-visual-design.md §5.2, §6.4; DE: структура/тайминг кольца хода — вспышка обода ~1,0 с, затем тлеет весь ход","Использовать как есть: слои _rim и флипбук _flash f00–f06. ВР-43: если на кадре 720p (карточка блока PANEL-LOC) обод не читается — opacity 0,55, лёгкий режим.","Не перерисовывать и не менять hex: форма принята (лично AB-5…AB-8). Не уменьшать мастер — каждый размер из вектора (И-9). Не запекать цифры и буквы (И-7). Не ставить 16 px в HUD (ВР-42). Без мазка, брызг, блика, градиента (ВР-09, ДНК 1). Не использовать форму для другого смысла (И-10).",draw_icons.py,—,"Есть: art/imagegen/hud-icons-v3/masters/marker-turn-ring.png (1024); sizes/marker-turn-ring-{16,21,24,32,48,64,96}.png; layers/marker-turn-ring_rim[-px].png; sheets/motion/frames-marker-turn-ring.png. Новых файлов нет; размеры 18 и 36 px добавит IC-33. Флипбук: layers/marker-turn-ring_flash_f00…f06[-px].png.","/Game/S08/UI/IconsV3/T_IV3_marker_turn_ring_{24,32,48,64}; слои: rim, flash_f00…f06; S08TurnPortraitWidget.h:46 DefaultRingIcon, по умолчанию с 99ce5a1b; откат -S08TurnRingLegacy; другой вариант — -S08TurnRingIcon=<id>","полная + слои (rim, flash_f00…f06) × 4 размера; ≤ 3 анимируемых значка в кадре","Художественно принято лично (2026-10-05, ответ AB-5…AB-8 на лист DE-028: «приемку DE012 я одобряю»); по умолчанию с 99ce5a1b; живая приёмка прогона I на Marmoreal и Sarpedon original, G-ICON 0,384 ≤ 0,45. Что ещё проверить — лист IC-34: 18/24/32/48 px ×4 nearest на panel.bg = card.navy (ВР-61) и на card.cream, цвет, серый, дейтеранопия; три тона вспышки различимы в цвете, в сером жёлтый — самый светлый (STYLE §11); обод на 720p — решение 0,35 / 0,55 по ВР-43 записать в лист. Кадр в контексте — K1 packaged -Bench на Marmoreal original и Sarpedon original, шесть фигур v2, когда блок HUD с этим значком перенесён на UMG (04 §5).",сделано (30ade784; по умолчанию 99ce5a1b)
IC-29,icon,resource-hp-fallen — сердце павшего бойца,P1,—,"Игрок видит, что боец пал: почерневшее сердце, на котором штампуется малый красный X.","CUE-013 смерть: метка +1100 мс от контакта (F-09, SD-38, DE-019); сердце портрета героя и рядом с мини-портретом павшего помощника (04 §2.2)",appear 200; leave 120 мс (icon-motion.json); reduced — только opacity ≤ 100 мс или статика (02 §11.2),"appear 200 мс — 0: cross.scale 0; 120: cross.scale 1,08; 200: cross.scale 1 (reduced — opacity 100 мс) | leave 120 мс — 0: opacity тек., scale тек.; 120: opacity 0, scale 0,92 (reduced — opacity 100 мс)","почерневшее сердце (кадр 0); штамп креста (удар 120, к 200 мс встаёт); покой; reduced","24 su (18 px при 720p); 16 px — нижняя граница, в HUD не используется (ВР-42); X state.error только знаком",text.secondary; card.navy; state.error; mark.keyline,—,"art/imagegen/hud-icons-v3/STYLE-v3.md §11; art/imagegen/hud-icons-v3/sheets/de012/sheet-de012.png; art/imagegen/hud-icons-de012-codex/README.md; art/imagegen/hud-icons-v3/sheets/motion/frames-resource-hp-fallen.png; docs/game-design/de-footage/task/01-decisions.md (AB-5…AB-8, F-07, F-09, F-12); docs/game-design/evidence/DE-FOOTAGE/2026-10-05/I/README.md; docs/game-design/visual/02-visual-design.md §5.2, §6.4; DE: структура/тайминг креста на сердце павшего — +1083 мс от контакта","Использовать как есть: слои _heart (внешний силуэт = пустому сердцу, поле то же) и _cross.","Не перерисовывать и не менять hex: форма принята (лично AB-5…AB-8). Не уменьшать мастер — каждый размер из вектора (И-9). Не запекать цифры и буквы (И-7). Не ставить 16 px в HUD (ВР-42). Без мазка, брызг, блика, градиента (ВР-09, ДНК 1). Не использовать форму для другого смысла (И-10).",draw_icons.py,—,"Есть: art/imagegen/hud-icons-v3/masters/resource-hp-fallen.png (1024); sizes/resource-hp-fallen-{16,21,24,32,48,64,96}.png; layers/resource-hp-fallen_{heart,cross}[-px].png; sheets/motion/frames-resource-hp-fallen.png. Новых файлов нет; размеры 18 и 36 px добавит IC-33.","/Game/S08/UI/IconsV3/T_IV3_resource_hp_fallen_{24,32,48,64}; слои: heart, cross; S08TurnPortraitWidget.h:54 FallenHeartIcon, по умолчанию с 99ce5a1b; откат -S08CrossLegacy","полная + слои (heart, cross) × 4 размера; ≤ 3 анимируемых значка в кадре","Художественно принято лично (2026-10-05, ответ AB-5…AB-8 на лист DE-028: «приемку DE012 я одобряю»); по умолчанию с 99ce5a1b; живая приёмка прогона I на Marmoreal и Sarpedon original, G-ICON 0,384 ≤ 0,45. Что ещё проверить — лист IC-34: 18/24/32/48 px ×4 nearest на panel.bg = card.navy (ВР-61) и на card.cream, цвет, серый, дейтеранопия; на 18 и 24 px читается «тёмное сердце с крестом» и отличается от пустого сердца (IC-24) тёмной серединой. Кадр в контексте — K1 packaged -Bench на Marmoreal original и Sarpedon original, шесть фигур v2, когда блок HUD с этим значком перенесён на UMG (04 §5).",сделано (30ade784; по умолчанию 99ce5a1b)
IC-30,icon,marker-x-stamp — штамп «нет защиты»,P1,—,"Игрок видит, что защиты нет: компактный красный X-штамп в панели защиты боя.","CUE-009: защиты нет — штамп 200 мс (SD-04, SD-37); панель защиты боя (04 §2.7)",appear 200; leave 120 мс (icon-motion.json); reduced — только opacity ≤ 100 мс или статика (02 §11.2),"appear 200 мс — 0: opacity 0,15, sign.scale 0; 120: sign.scale 1,08; 150: opacity 1; 200: sign.scale 1 (reduced — opacity 100 мс) | leave 120 мс — 0: opacity тек., scale тек.; 120: opacity 0, scale 0,92 (reduced — opacity 100 мс)",появление-штамп (удар 120); покой; уход; reduced,"64 su в панели боя (48 px при 720p, 96 px при 150 %); X state.error 4,3 : 1 на navy; второй канал — текст «НЕТ ЗАЩИТЫ»",state.error; mark.keyline,—,"art/imagegen/hud-icons-v3/STYLE-v3.md §11; art/imagegen/hud-icons-v3/sheets/de012/sheet-de012.png; art/imagegen/hud-icons-de012-codex/README.md; art/imagegen/hud-icons-v3/sheets/motion/frames-marker-x-stamp.png; docs/game-design/de-footage/task/01-decisions.md (AB-5…AB-8, F-07, F-09, F-12); docs/game-design/evidence/DE-FOOTAGE/2026-10-05/I/README.md; docs/game-design/visual/02-visual-design.md §5.2, §6.4; DE: структура/тайминг штампа «нет защиты» — 200 мс","Использовать как есть. Для 150 % нужен экспорт 96 px — уже есть в sizes/, импорт 72/96 — IC-33.","Не перерисовывать и не менять hex: форма принята (лично AB-5…AB-8). Не уменьшать мастер — каждый размер из вектора (И-9). Не запекать цифры и буквы (И-7). Не ставить 16 px в HUD (ВР-42). Без мазка, брызг, блика, градиента (ВР-09, ДНК 1). Не использовать форму для другого смысла (И-10).",draw_icons.py,—,"Есть: art/imagegen/hud-icons-v3/masters/marker-x-stamp.png (1024); sizes/marker-x-stamp-{16,21,24,32,48,64,96}.png; sheets/motion/frames-marker-x-stamp.png. Новых файлов нет; размеры 18 и 36 px добавит IC-33.","/Game/S08/UI/IconsV3/T_IV3_marker_x_stamp_{24,32,48,64}; S08TurnPortraitWidget.h:55 NoDefenseStampIcon, по умолчанию с 99ce5a1b; носитель по 04 — UUmHudCombatEdge Stamp; откат -S08CrossLegacy","1 слой × 4 текстуры (24/32/48/64, BGRA без сжатия) ≈ 31 КБ; после IC-33 ещё 18 и 36 px ≈ +6,5 КБ; анимируемых значков в кадре ≤ 3 (STYLE §7)","Художественно принято лично (2026-10-05, ответ AB-5…AB-8 на лист DE-028: «приемку DE012 я одобряю»); по умолчанию с 99ce5a1b; живая приёмка прогона I на Marmoreal и Sarpedon original, G-ICON 0,384 ≤ 0,45. Что ещё проверить — лист IC-34: 18/24/32/48 px ×4 nearest на panel.bg = card.navy (ВР-61) и на card.cream, цвет, серый, дейтеранопия; чистый X на всех размерах, в сером читается формой; не путается с badge-refuse (IC-40: X на плашке) и ui-close (IC-54: белый, тонкий). Кадр в контексте — K1 packaged -Bench на Marmoreal original и Sarpedon original, шесть фигур v2, когда блок HUD с этим значком перенесён на UMG (04 §5).",сделано (30ade784; по умолчанию 99ce5a1b)
IC-31,icon,marker-action-slot-de — слот трекера DE,P1,—,"Игрок видит, сколько действий осталось: слот заполняется диском типа в момент выбора действия.","трекер портрета (F-12, AB-7): выбор действия — fill 300 мс; отмена — unfill 150; новый ход — сброс за 1 кадр; трекер соперника виден только в его ход (появление 150 мс)",appear 180; leave 120; slot_pulse 770; fill 300; unfill 150 мс (icon-motion.json); reduced — только opacity ≤ 100 мс или статика (02 §11.2),"appear 180 мс — 0: scale 0,8, opacity 0,15; 72: scale 1,04; 120: opacity 1; 180: scale 1 (reduced — opacity 100 мс) | leave 120 мс — 0: opacity тек., scale тек.; 120: opacity 0, scale 0,92 (reduced — opacity 100 мс) | slot_pulse 770 мс — 0: ring.scale 1, ring.opacity 0,6; 385: ring.scale 1,06, ring.opacity 1; 770: ring.scale 1, ring.opacity 0,6 (reduced — статично) | fill 300 мс — 0: body.opacity 0,4, glyph.opacity 0,4, glyph.scale 0,8, ring.opacity тек.; 150: ring.opacity 0; 200: glyph.scale 1,04; 300: body.opacity 1, glyph.opacity 1, glyph.scale 1 (reduced — opacity 100 мс) | unfill 150 мс — 0: body.opacity тек., glyph.opacity тек., ring.opacity тек.; 150: body.opacity 0, glyph.opacity 0, ring.opacity 0,6 (reduced — opacity 100 мс)","пустой слот с серым призраком и пульсом 770 мс; заполнен типом (атака, защита, манёвр, схема); сброс; reduced — без fill, сразу итог","32 su (24 px при 720p); оранжевый обод 1,5 u, серый призрак opacity 0,35; заполненный слот закрыт диском действия целиком",turn.flash.orange; card.navy; text.secondary; mark.keyline,—,"art/imagegen/hud-icons-v3/STYLE-v3.md §11; art/imagegen/hud-icons-v3/sheets/de012/sheet-de012.png; art/imagegen/hud-icons-de012-codex/README.md; art/imagegen/hud-icons-v3/sheets/motion/frames-marker-action-slot-de.png; docs/game-design/de-footage/task/01-decisions.md (AB-5…AB-8, F-07, F-09, F-12); docs/game-design/evidence/DE-FOOTAGE/2026-10-05/I/README.md; docs/game-design/visual/02-visual-design.md §5.2, §6.4; DE: структура/тайминг трекера — заливка типом 300 мс, пульс призрака 770 мс",Использовать как есть: слой _ring + слои _body/_glyph принятых action-<тип>.,"Не перерисовывать и не менять hex: форма принята (лично AB-5…AB-8). Не уменьшать мастер — каждый размер из вектора (И-9). Не запекать цифры и буквы (И-7). Не ставить 16 px в HUD (ВР-42). Без мазка, брызг, блика, градиента (ВР-09, ДНК 1). Не использовать форму для другого смысла (И-10).",draw_icons.py,—,"Есть: art/imagegen/hud-icons-v3/masters/marker-action-slot-de.png (1024); sizes/marker-action-slot-de-{16,21,24,32,48,64,96}.png; layers/marker-action-slot-de_ring[-px].png; sheets/motion/frames-marker-action-slot-de.png. Новых файлов нет; размеры 18 и 36 px добавит IC-33.","/Game/S08/UI/IconsV3/T_IV3_marker_action_slot_de_{24,32,48,64}; слои: ring; S08TurnPortraitWidget.h:52 TrackerDeIcon, по умолчанию с 99ce5a1b; откат -S08TrackerLegacy (IC-17)",полная + слои (ring) × 4 размера; ≤ 3 анимируемых значка в кадре,"Художественно принято лично (2026-10-05, ответ AB-5…AB-8 на лист DE-028: «приемку DE012 я одобряю»); по умолчанию с 99ce5a1b; живая приёмка прогона I на Marmoreal и Sarpedon original, G-ICON 0,384 ≤ 0,45. Что ещё проверить — лист IC-34: 18/24/32/48 px ×4 nearest на panel.bg = card.navy (ВР-61) и на card.cream, цвет, серый, дейтеранопия; на panel.bg = card.navy обод светлее призрака в сером; fill 300 мс без рывка; трекер соперника скрывается за 1 кадр. Кадр в контексте — K1 packaged -Bench на Marmoreal original и Sarpedon original, шесть фигур v2, когда блок HUD с этим значком перенесён на UMG (04 §5).",сделано (30ade784; по умолчанию 99ce5a1b)
IC-32,icon,marker-turn-ring-team — кандидат кольца цветом команды (отклонён),P1,—,"Вариант кольца хода цветом команды. Пользователь выбрал тёплое кольцо (AB-5), вариант остаётся только в галерее.",только галерея -S08IconGallery и опция -S08TurnRingIcon=marker-turn-ring-team,appear 1000; leave 120 мс (icon-motion.json); reduced — только opacity ≤ 100 мс или статика (02 §11.2),"appear 1000 мс — 0: flash.opacity 0,15, rim.opacity 0; 120: flash.opacity 1; 1000: flash.opacity 0, rim.opacity 0,35 (reduced — opacity 100 мс) | leave 120 мс — 0: opacity тек.; 120: opacity 0 (reduced — opacity 100 мс)",только галерея,"как IC-28; rim и flash белые, игра умножает на team.pX.screen",card.glyph; team.p1.screen; team.p2.screen; mark.keyline,—,art/imagegen/hud-icons-v3/STYLE-v3.md §11; art/imagegen/hud-icons-v3/sheets/de012/sheet-de012.png; docs/game-design/de-footage/task/01-decisions.md (AB-5); docs/unreal/contracts/hud/ICON-MOTION.md,Ничего не делать: остаётся в списке candidates контракта и в Content. Не удалять без отдельного решения (опись §3: из контракта и Content не удалён).,"Не включать в HUD по умолчанию и не ставить в листы принятого набора (AB-5 — тёплое кольцо, лично).",draw_icons.py,—,"Есть: art/imagegen/hud-icons-v3/masters/marker-turn-ring-team.png (1024); sizes/marker-turn-ring-team-{16,21,24,32,48,64,96}.png; layers/marker-turn-ring-team_{rim,flash}[-px].png; sheets/motion/frames-marker-turn-ring-team.png. Новых файлов нет; размеры 18 и 36 px добавит IC-33.","/Game/S08/UI/IconsV3/T_IV3_marker_turn_ring_team_{24,32,48,64}; слои: rim, flash; только -S08IconGallery и -S08TurnRingIcon",3 текстуры × 4 размера ≈ 93 КБ в паке; рантайм не грузит без флага,"Отклонено выбором AB-5 (лично, 2026-10-05). Проверка не нужна: тест test_candidates_are_gallery_only зелёный.","сделано (e3fd3450; отклонено AB-5, только галерея)"
IC-33,icon,"Движок v3: набор VR44, экспорт под масштаб, лист приёмки, импорт по ue_sizes",P1,—,"Подготовить инструменты, чтобы каждая строка нового значка шла одной цепочкой: вектор → лист → контракт движения → импорт в UE, а принятые значки получили размеры для 720p и 150 %.","до строк IC-34, IC-38…IC-69",—,—,—,детали ≥ 1 u со снэпом к пикселю; поле холста ≥ 1 u; detail 0 при ≤ 20 px (STYLE §3.2) — значит 18 px рисуется без отрицательного пространства,card.navy; card.cream; card.glyph; mark.keyline; state.warning; fx.heal,font.card (образцы цифр только на листах),"art/imagegen/hud-icons-v3/STYLE-v3.md §3, §11; art/imagegen/hud-icons-v3/README.md; art/imagegen/hud-icons-v3/_tools/draw_icons.py (SIZES, ICONS, VARIANTS, DE_ACCEPTED, CANDIDATES, LAYERS, build); art/imagegen/hud-icons-v3/_tools/motion_contract.py; tools/art/icons_v3_import.py; tools/s08/hud_contract/test_icon_motion.py; docs/unreal/contracts/hud/HUD-AND-ICONS.md §1.7, §1.8, HI-03; docs/game-design/visual/02-visual-design.md §3.2 (ВР-62), §5.3, §5.4, §13.2","ВР-IC14 и ВР-IC03 (по делегированию). 1) draw_icons.py: словари CANDIDATES_VR44 (до ревью: мастера, размеры, слои, лист sheets/vr44/, но не листы принятого набора) и ACCEPTED_VR44 (после ревью строки; id добавляется в ORDER_ACCEPTED после DE_ACCEPTED). 2) SIZES = (16, 18, 21, 24, 32, 36, 48, 64, 72, 96): 18 и 36 — значки 24 su при DPI 0,75 и при 150 %, 72 — значки 48 su при 150 % (02 §3.2, §5.3: набор экспортов под масштаб, без mip); EXTRA_SIZES по id (чипы команд 9 и 12). Прежние PNG побайтно те же, добавляются только новые файлы. 3) Роли TOKENS/ROLE: warning = state.warning (алиас turn.flash.orange, ВР-66), heal = fx.heal #8CE69A (ВР-67). Значения — из hud-style-tokens.json; если токена там нет, добавить строку с ролью, статусом «предложено» и ссылкой на 02 §2.4 / §2.6 (ВР-45) и прогнать hud_contract.py validate. 4) Режим --sheet accept <ids> <dir>: мастер и 18/24/32/48 ×4 nearest (L6-бейджи ещё 16 и 21); цвет, серый (luma Rec.709), дейтеранопия (Machado 2009, severity 1,0, линейный sRGB); фоны card.navy, card.cream, #808080. 5) motion_contract.py: список accepted_vr44 и поле ue_sizes у записи (по умолчанию 18, 24, 32, 36, 48, 64); генератор пишет icon-motion.json, unreal/Unmatched/Config/S08IconMotion.json и ICON-MOTION.md. 6) tools/art/icons_v3_import.py: размеры — из ue_sizes записи, имена — order + accepted_vr44 + слои; ICONS_V3_ONLY как сейчас; курсоры (IC-58…IC-61) сюда не идут — их импортирует HB-12. 7) Тесты test_icon_motion.py: test_accepted_vr44_have_appear_and_leave, test_ue_sizes_textures_exist; прежние проверки «23 + 4 + 1» не меняются. 8) Прогон: draw_icons.py, motion_contract.py, pytest, импорт 18 и 36 px принятых id в UE (worktree, UnrealEditor-Cmd -run=pythonscript -nullrhi), интеграция safe-integrate.sh.","Не менять ни один принятый мастер, размер и слой (27 id, 3 варианта, маска, кандидат): sha1 в manifest.json. Не включать mip у экранных значков (точные размеры, И-9). Не трогать CANDIDATES (marker-turn-ring-team). В unreal/ — только Config/S08IconMotion.json (копия генератора) и текстуры импорта. Не делать вторую упаковку ради импорта.",draw_icons.py,—,"Правки: art/imagegen/hud-icons-v3/_tools/draw_icons.py, art/imagegen/hud-icons-v3/_tools/motion_contract.py, tools/art/icons_v3_import.py, tools/s08/hud_contract/test_icon_motion.py; новые PNG art/imagegen/hud-icons-v3/sizes/<id>-{18,36,72}.png и layers/<id>_<layer>-{18,36,72}.png для 32 существующих файлов; art/imagegen/hud-icons-v3/manifest.json и sheets/audit.json дополнены; docs/unreal/contracts/hud/icon-motion.json, ICON-MOTION.md, unreal/Unmatched/Config/S08IconMotion.json","/Game/S08/UI/IconsV3/T_IV3_<id>_{18,36} для принятых id и слоёв; размер текстуры по экранному px выбирает вызывающий виджет через S08IconMotion::TextureObjectPath(Src, Frame, SizePx) — карточка HUD по функции «UMG-иконки: размер текстуры по DPI и масштабу UI»; отката не нужно — вид принятых значков тот же","≈ 85 баз × 2 размера ≈ 170 текстур; (18² + 36²) × 4 Б ≈ 6,3 КБ на базу ≈ 0,5 МБ в паке; без новых draw calls","pytest tools/s08/hud_contract зелёный (прежние и новые проверки); после draw_icons.py в manifest.json изменились только добавленные записи, sha1 прежних те же; --sheet accept строит три варианта цвета на трёх фонах; hud_contract.py validate → HUD_CONTRACT PASS; импорт UE без ошибок, ue-import-report.json перечисляет 18 и 36 px; UE-тест Unmatched.S08.IconMotion.Load зелёный. Техническая строка: художественной приёмки нет.",сделано (2e958db1)
IC-34,icon,Лист приёмки набора v3 и DE-012 на новой основе панелей и в размерах 720p,P1,IC-33,"Закрыть проверки, которые ВР-42 и ВР-61 оставили открытыми: принятые значки на panel.bg = card.navy, в 18 px (720p) и при дейтеранопии.",перед подключением значков к блокам HUD очереди P1 (04 §5),—,"кадры движения берутся из sheets/motion/frames-<id>.png (12 кадров: 2 появления + 9 цикла + 1 ухода, строка reduced)",цвет; серый; дейтеранопия; фон card.navy; фон card.cream; фон #808080,значки ≥ 3 : 1 к фону (02 §3.5); семейства различимы в сером (И-8); ресурсы 24 su при 720p = 18 px,card.navy; card.cream; card.glyph; mark.keyline,—,"art/imagegen/hud-icons-v3/sheets/sheet-masters.png; art/imagegen/hud-icons-v3/sheets/sheet-sizes.png; art/imagegen/hud-icons-v3/sheets/sheet-context-panel.png; art/imagegen/hud-icons-v3/sheets/de012/sheet-de012.png; docs/game-design/evidence/DE-FOOTAGE/2026-10-05/I/README.md; docs/game-design/evidence/DE-FOOTAGE/2026-10-05/I/sheets/live-portraits.jpg; docs/game-design/visual/01-inventory.md §3 «Осмотр»; docs/game-design/visual/02-visual-design.md §2.2 (ВР-61), §11.3, §13.2","1) python draw_icons.py --sheet accept <32 файла строк IC-01…IC-32> docs/game-design/evidence/VISUAL/IC-34/. 2) Открыть каждый файл (Read) во всех размерах и на всех фонах; по каждому id записать в README вердикт «держится / не держится» и замер по колонке acceptance его строки. 3) Отдельно: 18 px у ресурсов 24 su (detail 0) — если сердце, стопка или связь не читаются, записать требование к карточке HUD «ресурсы 32 su в классе S»; resource-card рядом с ui-menu (если IC-53 готов); тёмное чужое сердце на card.navy. 4) Кропы живого контекста из кадров прогона I (1080p): marmoreal/combat-20261005-235827/host/s09-turn-banner.jpg, s09-damage-combat.jpg, s09-no-defense-stamp.jpg и те же кадры sarpedon/combat-20261005-235948/host — кольцо, сердце, трекер, штамп на обеих картах. 5) Где форма не держится — строка правки в README (id, что не так, лёгкий режим ≤ 3 итерации); перерисовки в этой строке нет.","Не перерисовывать значки в этой строке; не брать кадры Cobble или сеток; листы рядом с кадрами DE — только в C:/tmp (ВР-60), не в git.",draw_icons.py,—,"docs/game-design/evidence/VISUAL/IC-34/: sheet-accept-colour.png, sheet-accept-grey.png, sheet-accept-deutan.png, sheet-live-context.jpg, README.md (вердикт по каждому id)",— (только листы; UE не нужен),листы ≤ 10 МБ в git; без генераций,"Все 32 файла открыты глазами на всех размерах; README содержит вердикт и замер по каждому id; для v3 строка реестра 03 — «художественно принято, по делегированию», дата, ссылка на лист; DE-012 остаётся «лично». Каждое «не держится» имеет строку правки. Приёмка — по делегированию (ВР-42, ВР-60).","сделано (4d3a5811), влито 236658c8; лист docs/game-design/evidence/VISUAL/IC-34, художественно принято по делегированию 2026-10-07 (ревью VS-2)"
IC-35,icon,Жетон цели: мировой спрайт v3 POT 1024 и маска v3 для анализа,P4,—,"Запасной мировой спрайт цели показывает тот же жетон v3, что и экранный, а не мечи mvp-v1; анализ контраста меряет жетон v3.","CUE-008 объявление атаки: цель боя (bIsCombatTarget) при выключенном экранном жетоне (S08FighterActor.cpp:944, 968: !bScreenIconMode)",без анимации (спрайт); пульс 1 Гц есть только у экранного жетона IC-10,— (не анимируется),скрыт; показан у цели,"POT 1024 с mip, TEXTUREGROUP_World, TF_Trilinear (HI-03, 02 §5.3); на дугах board.target и на белых пространствах Marmoreal (ΔE 12, 02 §7.5) держит тёмное тело",icon.token.body; icon.token.rim; card.glyph,—,"art/imagegen/hud-icons-v3/STYLE-v3.md §4 №10; art/imagegen/hud-icons-v3/masters/action-attack-token.png; docs/unreal/contracts/hud/HUD-AND-ICONS.md §1.8, HI-03; unreal/Unmatched/Source/Unmatched/S08/S08FighterActor.cpp:171-176, 944, 968; tools/art/t53_readability.py:1509, 1540; tools/art/t5cb3_target_arcs.py:362","ВР-IC15 (по делегированию). 1) Источник — masters/action-attack-token.png как есть (1024 × 1024, POT). 2) Импорт: в tools/art/icons_v3_import.py режим WORLD=1 → /Game/S08/UI/IconsV3/T_IV3_action_attack_token_World: mip-цепочка, TEXTUREGROUP_World, sRGB, TF_Trilinear, без стриминга; запись в ue-import-report.json. 3) S08FighterActor.cpp:171: грузить T_IV3_action_attack_token_World; при -S08IconLegacy — прежний T_UI_Action_AttackConcept; масштаб спрайта (сейчас 0,042) подобрать так, чтобы экранный диаметр на K1 совпал с прежним. 4) Входы анализа qa010 (t53_readability.py:1509, 1540; t5cb3_target_arcs.py:362) перевести на sizes/action-attack-token-glyphmask-{24,32,48}.png.","Не менять мастер жетона; не включать мировой спрайт поверх экранного (оба сразу — двойной жетон); не трогать дуги цели (это карточка VFX/поля, ВР-30).",script:tools/art/icons_v3_import.py,—,"/Game/S08/UI/IconsV3/T_IV3_action_attack_token_World.uasset; правки tools/art/icons_v3_import.py, S08FighterActor.cpp, tools/art/t53_readability.py, tools/art/t5cb3_target_arcs.py; строка в art/imagegen/hud-icons-v3/ue-import-report.json; лист docs/game-design/evidence/VISUAL/IC-35/","/Game/S08/UI/IconsV3/T_IV3_action_attack_token_World; AS08FighterActor::BeginPlay (S08FighterActor.cpp:171-176), TargetIcon; откат -S08IconLegacy",1 текстура 1024² с mip; сжатие — как у T_UI_Action_AttackConcept (уточнить в ue-import-report и в ассете); 0 новых draw calls,"Кадр K1 packaged -Bench на Marmoreal original и Sarpedon original (шесть фигур v2) в режиме мирового жетона (способ включить !bScreenIconMode — уточнить в S08FighterActor.cpp:944): жетон v3 у цели, мипы без мерцания; qa010 icon ≥ 3 : 1 на DX12/High с маской v3 (HI-03); -S08IconLegacy возвращает прежний спрайт. Приёмка — по делегированию (ВР-60).","художественно принято, по делегированию 2026-10-08 (VS-6 Frames, пакет bcaf737b, влито 29dcc089); сделано в a797f97c; лист docs/game-design/evidence/VISUAL/FX-P4/field-k2.jpg (жетон цели); qa010 на кадрах не перезапускался"
IC-36,icon,"Codex: эскизы форм — конец хода, сброс карты, журнал, курсор-указатель",P1,—,"Получить числа формы четырёх глифов, которые без пробы не задать простой геометрией, в языке v3.","до строк IC-46, IC-48, IC-55, IC-59",— (эскизы без движения),"Глифы для промпта (переменная {{keyframes}} шаблона T-CODEX-2D): end-turn — A «→|» стрелка упирается в черту, B «›|» шеврон в черту; card-drop — A стрелка вниз на стопку из двух скошенных плашек, B карта под наклоном 12° уходит за край стопки; log — A три строки с квадратными маркерами, B свиток с двумя строками; pointer — A плоская рука с указательным пальцем вверх-влево, B стрелка-курсор с кремовым кольцом выбора у острия",Семейства (переменная {{states}}): end-turn — диск-пипс; card-drop — квадратная плашка состояния; log — голый глиф на кнопке; pointer — курсор 32 px,"24, 32, 48 px; в сером: end-turn ≠ state-boost и пипсы; card-drop ≠ state-pending-place; log ≠ resource-card и ≡; pointer ≠ стрелка-курсор; детали ≥ 1 px при 24 px",card.navy; card.cream; card.glyph; mark.keyline,—,"art/imagegen/hud-icons-v3/STYLE-v3.md §1–§4, §8, §11; art/imagegen/hud-icons-v3/_tools/draw_icons.py; art/imagegen/hud-icons-v3/sheets/sheet-sizes.png; art/imagegen/hud-icons-v3/sheets/sheet-context-panel.png; art/imagegen/hud-icons-de012-codex/README.md (образец пакета); docs/game-design/visual/02-visual-design.md §4.4, §5.5, §11.4; docs/game-design/visual/07-prompt-templates.md §1.1–§1.3, §5","Пакет по договору 07 §1.1 в art/imagegen/hud-icons-vr44-codex/: по 2 концепта на глиф (8 картинок), вектор рекомендованного варианта в своём модуле _tools/vr44_glyphs.py на сетке v3, экспорт 1024 и 16/21/24/32/48/64/96, курсор ещё ровно 32 и 64 px с горячей точкой; листы A / B / вектор в цвете и в сером на трёх фонах; README с числами формы в u для переноса в draw_icons.py один в один. Claude пишет задание в docs/game-design/visual/06-tasks/prompts/IC-36.codex.md (ВР-PR09) и запускает Codex (07 §1.1).","Codex не правит art/imagegen/hud-icons-v3/ и draw_icons.py, не делает git, не трогает unreal/ (START-PROMPT). Без кадров и файлов DE на входе (ВР-PR08). Без слов «Unmatched», «Digital Edition» в промптах генерации (ВР-PR07). card-drop — без лотка под стрелкой (STYLE §10: «скачать»); log — не три голые полосы и не стопка; финал не из ImageGen.",Codex,"[T-CODEX-2D] Task file: docs/game-design/visual/06-tasks/prompts/IC-36.codex.md (Claude writes it from this text; [[B-...]] blocks are pasted verbatim from docs/game-design/visual/07-prompt-templates.md section 0.3).
Task IC-36 — Shape sketches for four new glyphs: end turn, card to discard, game log, pointer cursor. Priority P1. Depends on —.
Purpose: give the v3 vector engine exact shape numbers for four glyphs the game HUD needs: end the turn now; this card will go to the discard pile; open the log of game events; the cursor over anything clickable.
[[B-PACKAGE]]
Set: hud-icons-vr44 (your folder is art/imagegen/hud-icons-vr44-codex/).
Read: art/imagegen/hud-icons-v3/STYLE-v3.md sections 1-4, 8, 11 (rule 9 brush/ink part is cancelled); art/imagegen/hud-icons-v3/_tools/draw_icons.py; docs/game-design/visual/02-visual-design.md sections 4.4, 5 and 11.4; art/imagegen/hud-icons-v3/sheets/sheet-sizes.png; art/imagegen/hud-icons-v3/sheets/sheet-context-panel.png; docs/game-design/visual/06-tasks/icons.csv rows IC-36, IC-46, IC-48, IC-55, IC-59. Record sha256 of every input in source-hashes-before.json.
1. Concepts. With image generation make 2 concepts (A, B) per glyph, 8 images in total. Image prompt for each:
   ""Original small HUD glyph concept. Square image, one centered glyph only, outer bounds within 15-85% of the canvas, uniform solid background #061623. [[B-STYLE]] Family: <family>. Meaning: <meaning>. Glyph: <glyph>. Must stay clear at 24, 32 and 48 px. Colours: <colours>. No lettering, no numbers. [[B-FORBID]]""
   Values:
   - end-turn. Family: round action pip (dark disc with a cream ring). Meaning: end the turn now. Colours: body card.navy #061623, ring card.cream #F9EBDB, glyph card.glyph #FAF8F2, keyline mark.keyline #111317. Glyph A: a straight right-pointing arrow that stops at a vertical bar. Glyph B: a bold right chevron that stops at a vertical bar.
   - card-drop. Family: square state badge (dark body, cream edge). Meaning: this card will go to the discard pile. Colours: as end-turn. Glyph A: a short down arrow landing on a pile of two flat slanted plates. Glyph B: one card outline tilted 12 degrees sliding down behind a short horizontal pile edge.
   - log. Family: bare white glyph on a dark button. Meaning: open the log of game events. Colours: glyph #FAF8F2, keyline #111317. Glyph A: three short horizontal lines, each with a small square bullet on its left. Glyph B: a small rolled scroll with two text lines.
   - pointer. Family: mouse cursor, 32 px. Meaning: this element is clickable. Colours: body #FAF8F2, keyline #111317 (2 px at 32 px), ring #F9EBDB. Glyph A: a flat pointing hand, index finger up and to the left, the fingertip is the hot spot. Glyph B: the standard arrow cursor with a small cream ring around its tip (the selection ring of the board).
2. Vector. In your _tools module add each glyph to a local CANDIDATES dict using the v3 grid: 32 u canvas, keyline 1 u (cursor 2 u), edge 1.25 u, stroke W 2.25 u, every detail >= 1 u snapped to pixels; detail removed (not thinned) at detail <= 1; compound shapes by fill + CLEAR, no clip. Pip: keyline r 14-15 u, cream ring r 12.75-14 u, body inside. State badge: square 30 u in a 32 u field, corner radius 1.5 u.
3. Export from vector: 1024 master and 16, 21, 24, 32, 48, 64, 96 px; the cursor also exactly 32 and 64 px, with its hot spot pixel (x, y) at both sizes written to verification.json. No motion layers are needed.
4. Sheets: concept A / concept B / vector, at 1024 and at 24, 32, 48 px (x4 nearest), colour and gray; each glyph on card.navy #061623, on card.cream #F9EBDB and on a neutral board grey #808080. One extra gray sheet at 18, 24 and 32 px: end-turn next to state-boost and the four action pips; card-drop next to state-pending-place; log next to resource-card and a plain three-bar menu sign; pointer next to a plain arrow cursor.
5. Write in README the exact numbers of the recommended form (radii, half-spans, stroke widths in u) so Claude can copy them into draw_icons.py one-to-one.
Deliverable: art/imagegen/hud-icons-vr44-codex/ as in 07 section 1.1; vector/{1024,16,21,24,32,48,64,96}/{end-turn,card-drop,log,pointer}.png and -gray.png; comparison/*.png; verification.json; manifest-sha256.json; source-hashes-before.json; README.md in Russian.
Readability: clear at 24, 32 and 48 px; in gray each glyph differs from the neighbours of step 4; every detail >= 1 px at 24 px.
Do: one stroke weight for all four glyphs, the same as the v3 set; end-turn stays in the pip family; card-drop uses the card-stack language of the deck counter.
Do not: an arrow into a tray or box (reads as download); three plain bars for the log (that is the menu sign); an hourglass for end turn (it means waiting for the server); red anywhere; the words Unmatched or Digital Edition in image prompts; any game screenshot or card scan as input; any edit of art/imagegen/hud-icons-v3/.
Acceptance: verification.json has source_unchanged true, outside_folder [], palette with 0 opaque pixels outside dE76 <= 3 of the listed colours, gray pairs distinct (luma difference >= 20 or a different shape); A, B and the vector exist for every glyph; the cursor hot spot is recorded; README gives the numbers of the recommended form and the reason.","art/imagegen/hud-icons-vr44-codex/: README.md; prompts/vr44-prompts.json; generation-records.json; concepts/ (8 PNG); _tools/draw_icons_v3_snapshot.py, vr44_glyphs.py, build_review.py, verify_outputs.py; vector/{1024,16,21,24,32,48,64,96}/{end-turn,card-drop,log,pointer}.png и -gray.png; comparison/*.png; verification.json; manifest-sha256.json; source-hashes-before.json. Задание — docs/game-design/visual/06-tasks/prompts/IC-36.codex.md","— (Codex в UE не пишет); финалы и импорт — IC-46, IC-48, IC-55, IC-59","Codex по подписке: 1 пакет, 8 генераций изображений (2 на глиф) плюс не больше одной доработки лучшего; SYNTX 0; пакет без concepts/ ≤ 30 МБ","Ревью Claude по 07 §5 одним проходом: git status — изменена только папка пакета; verification.json — source_unchanged true, outside_folder [], palette 0, gray — пары различимы; у каждого глифа A, B и вектор на листах 1024 и 24/32/48 ×4; горячая точка курсора записана; README с числами формы. Выбор варианта — по делегированию, строка «ревью Claude, дата, что принято» в README пакета; коммит пакета --no-verify перечислением путей.","принято: пакет hud-icons-vr44 (CX-04r) художественно принят, по делегированию; ревью и листы overlay — в README и comparison/ пакета, ВР-VS2-81 (e80f093a)"
IC-37,icon,Codex: глифы ключей зон для значка зоны (8 ключей),P2,—,"Получить числа формы восьми глифов зон в языке v3: зона читается не только цветом (UI-ACC-004, ВР-68).",до строк IC-62…IC-69,— (эскизы без движения),"Глифы для промпта (переменная {{keyframes}}): gray — A квадрат, B квадрат со срезанным углом; green — A лист, B росток с двумя листьями; blue — A волна, B одна волна над прямой; violet — A полумесяц, B полумесяц с точкой; purple — A арка, B двухступенчатая арка; red — A пламя, B пламя с двумя языками; brown — A холм, B два округлых холма; yellow — A три точки «∴», B три точки в ряд",Семейство (переменная {{states}}): квадратная плашка состояния с диском цвета зоны,"от 24 px (L6 < 24 px — не старший канал, 02 §5.3); глиф к диску ≥ 3 : 1 на каждом цвете кадра 02 §7.4; 8 глифов попарно различимы в сером при 24 px",card.navy; card.cream; card.glyph; mark.keyline,—,"art/imagegen/hud-icons-v3/STYLE-v3.md §1–§4, §8, §11; art/imagegen/hud-icons-v3/_tools/draw_icons.py; docs/game-design/visual/02-visual-design.md §7.4 (ВР-68, замер цветов); backend/prisma/fixtures/boards/marmoreal.topology.json; backend/prisma/fixtures/boards/sarpedon.topology.json; docs/unreal/contracts/hud/HUD-AND-ICONS.md HI-06, §3.2 v15; docs/game-design/visual/07-prompt-templates.md §1.1–§1.3, §5","ВР-IC07 (по делегированию). Пакет по 07 §1.1 в art/imagegen/zone-icons-codex/: 16 концептов (по 2 на ключ), вектор рекомендованного варианта на сетке v3, слои body / disc / glyph, листы с дисками цветами кадров обеих карт и глифом navy или белым по контрасту, README с числами формы. Claude пишет задание docs/game-design/visual/06-tasks/prompts/IC-37.codex.md и запускает Codex.","Codex не правит art/imagegen/hud-icons-v3/, без git и unreal/. Без иллюстраций карт, сканов и кадров на входе (ВР-PR08). Занятые формы запрещены: звезда, щит, ромб, X, «!», сердце, шестигранник, «+», треугольник, круг (02 §7.4, ВР-IC07). Без букв (И-7, D-4).",Codex,"[T-CODEX-2D] Task file: docs/game-design/visual/06-tasks/prompts/IC-37.codex.md (Claude writes it from this text; [[B-...]] blocks are pasted verbatim from docs/game-design/visual/07-prompt-templates.md section 0.3).
Task IC-37 — Zone key glyphs for the zone badge, 8 keys. Priority P2. Depends on —.
Purpose: the player tells the zone of a board space not only by colour: each zone key gets its own small glyph on a disc of the zone colour inside a dark square badge.
[[B-PACKAGE]]
Set: zone-icons (your folder is art/imagegen/zone-icons-codex/).
Read: art/imagegen/hud-icons-v3/STYLE-v3.md sections 1-4, 8, 11 (rule 9 brush/ink part is cancelled); art/imagegen/hud-icons-v3/_tools/draw_icons.py; docs/game-design/visual/02-visual-design.md sections 5, 7.4 and 11.4; backend/prisma/fixtures/boards/marmoreal.topology.json and sarpedon.topology.json (the zones list only); docs/game-design/visual/06-tasks/icons.csv rows IC-37 and IC-62 to IC-69. Record sha256 of every input in source-hashes-before.json.
1. Concepts. With image generation make 2 concepts (A, B) per glyph, 16 images in total. Image prompt for each:
   ""Original small HUD glyph concept. Square image, one centered glyph only, outer bounds within 15-85% of the canvas, uniform solid background #061623. [[B-STYLE]] Family: square dark badge with a coloured disc in the middle. Meaning: zone key <key> of a board space. Glyph: <glyph>. Must stay clear at 24, 32 and 48 px. Colours: badge body card.navy #061623, edge card.cream #F9EBDB, disc neutral grey #808080, glyph card.glyph #FAF8F2, keyline mark.keyline #111317. No lettering, no numbers. [[B-FORBID]]""
   Values:
   - gray. Glyph A: a solid square block. Glyph B: a square block with one notched corner.
   - green. Glyph A: a leaf with a midrib cut, tilted 45 degrees. Glyph B: a sprout with two leaves.
   - blue. Glyph A: two stacked wave strokes. Glyph B: one wave stroke over a flat line.
   - violet. Glyph A: a crescent moon opening to the right. Glyph B: a crescent with a small dot inside.
   - purple. Glyph A: an arch (gate) with a square-cut opening. Glyph B: a two-step arch.
   - red. Glyph A: an upright flame with one inner tongue cut. Glyph B: a flame with two tongues.
   - brown. Glyph A: a hill: trapezoid with a wide base and a narrow flat top. Glyph B: two rounded hills.
   - yellow. Glyph A: three dots in a triangle. Glyph B: three dots in a row.
   Forbidden shapes for every glyph (taken by other meanings): star, shield, diamond, X, exclamation mark, heart, hexagon, plus sign, triangle, plain circle or ring.
2. Vector. In your _tools module add the badge and the eight glyphs to a local CANDIDATES dict on the v3 grid: 32 u canvas, keyline 1 u, edge 1.25 u, stroke W 2.25 u, every detail >= 1 u snapped to pixels; detail removed (not thinned) at detail <= 1; compound shapes by fill + CLEAR, no clip. Badge: square 30 u in a 32 u field, corner radius 1.5 u, body #061623, cream edge 1.25 u, keyline 1 u. Disc: radius 11 u at the centre with a 0.5 u cream ring #F9EBDB (11 to 11.5 u). Glyph box 13 u, glyph keyline 1 px.
3. Export from vector: 1024 master and 16, 21, 24, 32, 48, 64, 96 px; per key also the layers body (badge with the cream ring), disc (white disc mask) and glyph (white glyph mask with its keyline).
4. Sheets: concept A / concept B / vector, at 1024 and at 24, 32, 48 px (x4 nearest), colour and gray. Tint the disc with the measured board colours of 02 section 7.4 (Marmoreal: gray #DEDEE0, green #5EA66F, blue #4E84A1, violet #9187A9, purple #904A80, red #D39BA5, brown #9A6D5D, yellow #D5BD8A; Sarpedon: green #2F8564, blue #90AABB, yellow #DCC88E, red #A43839, purple #B182A2, brown #8C6034) and draw the glyph in card.navy #061623 or card.glyph #FAF8F2, whichever has the higher contrast to that disc. Also show every badge on card.cream and on #808080. One extra gray sheet: all eight vector glyphs side by side at 24 and 32 px.
5. Write in README the exact numbers of the recommended form of each glyph (in u) so Claude can copy them into draw_icons.py one-to-one, plus the pairwise gray difference of the eight glyphs at 24 px.
Deliverable: art/imagegen/zone-icons-codex/ as in 07 section 1.1; vector/{1024,16,21,24,32,48,64,96}/zone-<key>.png, zone-<key>_body.png, zone-<key>_disc.png, zone-<key>_glyph.png and -gray.png; comparison/*.png; verification.json; manifest-sha256.json; source-hashes-before.json; README.md in Russian.
Readability: shown from 24 px; glyph to disc contrast >= 3:1 on every measured colour; the eight glyphs pairwise distinct in gray at 24 px.
Do: one family for all eight glyphs, the same weight and box, the glyph centred on the disc.
Do not: letters (A-L or any); the forbidden shapes; zone colours from the topology files (they are pale); any board illustration, card scan or game screenshot as input; the words Unmatched or Digital Edition in image prompts; any edit of art/imagegen/hud-icons-v3/.
Acceptance: verification.json has source_unchanged true, outside_folder [], palette with 0 opaque pixels outside dE76 <= 3 of the listed colours, all 28 glyph pairs distinct in gray at 24 px (luma difference >= 20 or a different shape); README gives numbers and a recommendation per key.","art/imagegen/zone-icons-codex/: README.md; prompts/zone-prompts.json; generation-records.json; concepts/ (16 PNG); _tools/ (draw_icons_v3_snapshot.py, zone_glyphs.py, build_review.py, verify_outputs.py); vector/{1024,16,21,24,32,48,64,96}/zone-<key>{,_body,_disc,_glyph}.png и -gray.png; comparison/*.png; verification.json; manifest-sha256.json; source-hashes-before.json. Задание — docs/game-design/visual/06-tasks/prompts/IC-37.codex.md",— (Codex в UE не пишет); финалы — IC-62…IC-69,"Codex по подписке: 1 пакет, 16 генераций изображений (2 на ключ) плюс не больше одной доработки лучшего на ключ; SYNTX 0; пакет без concepts/ ≤ 30 МБ","Ревью Claude по 07 §5 одним проходом: только папка пакета; verification.json — source_unchanged true, outside_folder [], palette 0, 28 пар глифов различимы в сером при 24 px; у каждого ключа A, B и вектор; README с числами. Выбор варианта по каждому ключу — по делегированию, запись в README пакета; коммит --no-verify перечислением путей.","принято как предложение: пакет zone-icons (CX-05), по делегированию (2e62226c); художественная приёмка — на листе IC-62…IC-69 (VS-4)"
IC-38,icon,badge-order — бейдж порядка хода у клетки (P1),P1,IC-33,"Игрок видит, каким по счёту пойдёт намеченный ход и чей он: лента с цифрой у нижнего края клетки цели.","V-04 / V-04b: цель хода назначена или предвыбрана (03-ux-spec §4.2, MS-R-13); нижний якорь клетки (03-ux-spec §4.2a)","appear 220, смена номера tap 150, leave 120 мс (как marker-status); reduced — opacity 100","как marker-status: appear 220 мс — 0: scale_y 0,1, opacity 0,15; 100: opacity 1; 220: scale_y 1 (reduced — opacity 100 мс) | leave 120 мс — 0: opacity тек., scale тек.; 120: opacity 0, scale 0,92 (reduced — opacity 100 мс) | tap 150 мс — 0: scale тек.; 50: scale 0,94; 150: scale тек. (reduced — статично)",с цифрой (≥ 24 px); без цифры (16–21 px — лента и блок команды); появление; смена номера; уход; reduced,"L6: clamp(0,3 × диаметр клетки на экране; 16; 32) px (02 §5.3); цифра cap 13 u = 9,75 px при 24 px; < 24 px цифры нет (STYLE §3.2); блок P1 194 / P2 124 в сером, тело 19; на зонах держит keyline (HUD-AND-ICONS §1.7)",card.navy; card.cream; card.glyph; mark.keyline; team.p1.screen; team.p2.screen,"font.card; type.numeral.icon (cap 13 u, 11 u при двух знаках)","art/imagegen/hud-icons-v3/STYLE-v3.md §4 №14; art/imagegen/hud-icons-v3/masters/marker-status.png; docs/game-design/move-selection/03-ux-spec.md §4.2, §4.2a; docs/unreal/contracts/hud/HUD-AND-ICONS.md §1.3, §1.7, §3.2 v2; tools/art/move_selection/card_icons.py:108-120 (v2 order); docs/game-design/visual/02-visual-design.md §5.5, §7.2","ВР-IC04 и ВР-IC06 (по делегированию): своя геометрия ленты для клетки. В draw_icons.py — draw_badge_order(team) в CANDIDATES_VR44: лента 24 × 30 u (x 4…28, y 1…31), keyline 1 u, кромка card.cream 1,25 u, верх r 0,75 u, хвосты r 0,4 u, вырез-ласточкин хвост глубиной 0,28 w = 6,7 u, апекс внутренних слоёв — офсетом полигона, как у marker-status; верхний блок 0,32 высоты внутреннего тела с плоским низом: в мастере team.p1.screen, в слое _team — белая маска (UMG красит, И-5); тело card.navy — слой _body. Поле цифры — от блока до апекса, центр −0,3 u; цифра — runtime font.card cap 13 u (11 u при двух знаках, трекинг −0,15), на листах образец «1». ue_sizes 16, 18, 21, 24, 32, 36, 48, 64. Контракт: appear, tap, leave как у marker-status; layers _body, _team. Импорт ICONS_V3_ONLY=badge-order.","Финал не из ImageGen и не из Codex — только движок draw_icons.py с точными токенами (02 §5.4). Не менять 27 принятых значков и их файлы (sha1 в manifest.json). Не запекать цифры и буквы (И-7). Без мазка, брызг, блика, градиента, тени (ВР-09, ДНК 1). 16 px в HUD нет (ВР-42). Не заливать ленту цветом команды целиком (И-5: только верхний блок); не путать с лентами слота IC-50…IC-52 (без блока); не ставить в сектор ±15° у ромба лидера (HUD-AND-ICONS §1.3); 16–21 px — только у клетки.",draw_icons.py,—,"art/imagegen/hud-icons-v3/: masters/badge-order.png (1024); sizes/badge-order-{16,18,21,24,32,36,48,64,72,96}.png; layers/badge-order_{body,team}[-px].png; строка на листе art/imagegen/hud-icons-v3/sheets/vr44/sheet-vr44.png; manifest.json дополнен; лист приёмки docs/game-design/evidence/VISUAL/IC-38/ (PNG и README.md)","/Game/S08/UI/IconsV3/T_IV3_badge_order_{16,18,21,24,32,36,48,64} и слои T_IV3_badge_order_body, T_IV3_badge_order_team; носитель — бейдж порядка L6, экранный слой у проекции центра клетки (MS-T-10, HI-12); отката нет — прежнего вида не было (бейджей порядка в UE нет)","3 текстуры × 8 размеров (16, 18, 21, 24, 32, 36, 48, 64 px) ≈ 121 КБ BGRA без сжатия; до 9 бейджей в кадре (худший случай MS-AT-30), в покое без анимации","Лист art/imagegen/hud-icons-v3/sheets/vr44/sheet-vr44.png и docs/game-design/evidence/VISUAL/IC-38/: мастер 1024 и 16/21/24/32/48 px ×4 nearest, цвет / серый (luma Rec.709) / дейтеранопия, фоны card.navy, card.cream, #808080; audit.json — margin_px ≥ 32, детали ≥ 1 px, seam_px не выше набора v3; sha1 принятых файлов в manifest.json те же. Цифры «1»…«9» font.card читаются при 24 px; при 16 и 21 px — лента с блоком без цифры; P1/P2 различимы в сером; на жёлтой и синей зонах обеих карт держит keyline. UE: текстуры ue_target есть в ue-import-report.json; G-ICON |Δ| ≤ 0,45 (IC-70). Кадр K1 packaged -Bench на Marmoreal original и Sarpedon original (шесть фигур v2), 1080p и 720p, 100 % и 150 % — после подключения блока бейджей L6 (MS-T-10). Приёмка по делегированию (ВР-42, ВР-60): каждый PNG открыт глазами (Read), вердикт в README листа, реестр 03 — «художественно принято, по делегированию», дата; затем id переходит в ACCEPTED_VR44 и становится видом по умолчанию.","сделано (3109c475), влито 236658c8; лист docs/game-design/evidence/VISUAL/IC-38, художественно принято по делегированию 2026-10-07 (ревью VS-2)"
IC-39,icon,badge-order-p2 — бейдж порядка хода у клетки (P2),P1,IC-38,"То же, что IC-38, для второго игрока: блок ленты цветом P2.",как IC-38 для бойцов P2,как IC-38,"как marker-status: appear 220 мс — 0: scale_y 0,1, opacity 0,15; 100: opacity 1; 220: scale_y 1 (reduced — opacity 100 мс) | leave 120 мс — 0: opacity тек., scale тек.; 120: opacity 0, scale 0,92 (reduced — opacity 100 мс) | tap 150 мс — 0: scale тек.; 50: scale 0,94; 150: scale тек. (reduced — статично)",как IC-38,"как IC-38; блок team.p2.screen 4,7 : 1 к navy, 124 в сером; на синей зоне Marmoreal держит keyline и форма",card.navy; card.cream; card.glyph; mark.keyline; team.p2.screen,font.card; type.numeral.icon (cap 13 u),строка IC-38; art/imagegen/hud-icons-v3/masters/marker-status-p2.png; docs/unreal/contracts/hud/HUD-AND-ICONS.md §3.2 v3,"Вариант badge-order (VARIANTS_VR44, как marker-status-p2): та же геометрия, блок в мастере team.p2.screen; слои общие с IC-38 (badge-order_body, badge-order_team) — в UMG вариант не нужен, он для листов, галереи и запасного вида без тона. ue_sizes как у IC-38.","Финал не из ImageGen и не из Codex — только движок draw_icons.py с точными токенами (02 §5.4). Не менять 27 принятых значков и их файлы (sha1 в manifest.json). Не запекать цифры и буквы (И-7). Без мазка, брызг, блика, градиента, тени (ВР-09, ДНК 1). 16 px в HUD нет (ВР-42). Не делать отдельную геометрию для P2.",draw_icons.py,—,"art/imagegen/hud-icons-v3/: masters/badge-order-p2.png (1024); sizes/badge-order-p2-{16,18,21,24,32,36,48,64,72,96}.png; строка на листе art/imagegen/hud-icons-v3/sheets/vr44/sheet-vr44.png; manifest.json дополнен; лист приёмки docs/game-design/evidence/VISUAL/IC-39/ (PNG и README.md)","/Game/S08/UI/IconsV3/T_IV3_badge_order_p2_{16,18,21,24,32,36,48,64}; галерея и запасной вид без тона; рантайм — слои IC-38; отката нет","1 текстура × 8 размеров (16, 18, 21, 24, 32, 36, 48, 64 px) ≈ 40 КБ BGRA без сжатия","Лист art/imagegen/hud-icons-v3/sheets/vr44/sheet-vr44.png и docs/game-design/evidence/VISUAL/IC-39/: мастер 1024 и 16/21/24/32/48 px ×4 nearest, цвет / серый (luma Rec.709) / дейтеранопия, фоны card.navy, card.cream, #808080; audit.json — margin_px ≥ 32, детали ≥ 1 px, seam_px не выше набора v3; sha1 принятых файлов в manifest.json те же. Совпадает с IC-38, умноженным на team.p2.screen; P1 и P2 рядом различимы в сером. UE: текстуры ue_target есть в ue-import-report.json; G-ICON |Δ| ≤ 0,45 (IC-70). Кадр K1 packaged -Bench на Marmoreal original и Sarpedon original (шесть фигур v2), 1080p и 720p, 100 % и 150 % — после подключения блока бейджей L6 (MS-T-10). Приёмка по делегированию (ВР-42, ВР-60): каждый PNG открыт глазами (Read), вердикт в README листа, реестр 03 — «художественно принято, по делегированию», дата; затем id переходит в ACCEPTED_VR44 и становится видом по умолчанию.","сделано (3109c475), влито 236658c8; лист docs/game-design/evidence/VISUAL/IC-39, художественно принято по делегированию 2026-10-07 (ревью VS-2)"
IC-40,icon,badge-refuse — отказ «так нельзя» (X на плашке),P1,IC-33,"Игрок сразу видит «так нельзя» у того места, куда кликнул; причину читает в тосте.","CUE-004 отказ: клик по недостижимой клетке (V-08, MS-R-10) или по недоступной кнопке (04 §2.12)","всего 350 мс = motion.refuse.ms (CUE-004): удар-появление 200 + держится 30 + уход 120; reduced — 100 + 150 + 100, только opacity","appear как marker-x-stamp (на слое глифа): appear 200 мс — 0: opacity 0,15, sign.scale 0; 120: sign.scale 1,08; 150: opacity 1; 200: sign.scale 1 (reduced — opacity 100 мс) | держится 30 мс | leave 120 мс — 0: opacity тек., scale тек.; 120: opacity 0, scale 0,92",скрыт; удар-появление; держится; уход; reduced,"у клетки clamp 16–32 px — старший канал глифа, показывается и при < 24 px (03-ux-spec §4.2a); у кнопки 24 su; X state.error на navy 4,3 : 1; на красных зонах границу держит плашка и keyline (HUD-AND-ICONS §1.7)",card.navy; card.cream; state.error; mark.keyline,—,"art/imagegen/hud-icons-v3/STYLE-v3.md §3.3, §11; art/imagegen/hud-icons-v3/masters/marker-x-stamp.png; art/imagegen/hud-icons-de012-codex/README.md; docs/game-design/move-selection/03-ux-spec.md §4.2 (V-08); docs/game-design/visual/02-visual-design.md §5.5, §9.2; docs/game-design/07-animation-vfx-audio.csv CUE-004; tools/art/move_selection/card_icons.py:64-67 (v2 refuse); DE: структура — отмена показывается красным крестом (STYLE-v3 §5)","Плашка shape.state_badge: квадрат 30 u в поле 32 u, r 1,5 u, keyline 1 u, кромка card.cream 1,25 u, тело card.navy — слой _body. Глиф — X state.error в форме marker-x-stamp, но в боксе глифа: полуразмах 6,75 u, штрих 3,0 u, прямые окончания, keyline 1 u офсетом, центр (16; 16) — слой _glyph. Detail 0: штрих ≥ 2 px. Контракт: appear — тело opacity 0 → 1 за 120 мс, глиф — копия appear marker-x-stamp (200 мс, удар 120); leave 120; вызывающий код ставит leave через 230 мс от старта, итог 350 = motion.refuse.ms. ue_sizes 16, 18, 21, 24, 32, 36, 48, 64 (ВР-IC06).","Финал не из ImageGen и не из Codex — только движок draw_icons.py с точными токенами (02 §5.4). Не менять 27 принятых значков и их файлы (sha1 в manifest.json). Не запекать цифры и буквы (И-7). Без мазка, брызг, блика, градиента, тени (ВР-09, ДНК 1). 16 px в HUD нет (ВР-42). Без тряски (UI-ACC-005, ВР-21); не заливать плашку красным (И-3); не путать с marker-x-stamp (без плашки, «нет защиты») и ui-close (белый, тонкий, на кнопке).",draw_icons.py,—,"art/imagegen/hud-icons-v3/: masters/badge-refuse.png (1024); sizes/badge-refuse-{16,18,21,24,32,36,48,64,72,96}.png; layers/badge-refuse_{body,glyph}[-px].png; строка на листе art/imagegen/hud-icons-v3/sheets/vr44/sheet-vr44.png; manifest.json дополнен; лист приёмки docs/game-design/evidence/VISUAL/IC-40/ (PNG и README.md)","/Game/S08/UI/IconsV3/T_IV3_badge_refuse_{16,18,21,24,32,36,48,64} и слои T_IV3_badge_refuse_body, T_IV3_badge_refuse_glyph; носители: V-08 у клетки (MS-T-06, MS-T-10), рядом с недоступной кнопкой (UUmButton, UUmToastStack — 04 §2.12); отката нет — прежнего вида не было (сейчас только текст причины)","3 текстуры × 8 размеров (16, 18, 21, 24, 32, 36, 48, 64 px) ≈ 121 КБ BGRA без сжатия; показ 350 мс, одновременно ≤ 1","Лист art/imagegen/hud-icons-v3/sheets/vr44/sheet-vr44.png и docs/game-design/evidence/VISUAL/IC-40/: мастер 1024 и 16/21/24/32/48 px ×4 nearest, цвет / серый (luma Rec.709) / дейтеранопия, фоны card.navy, card.cream, #808080; audit.json — margin_px ≥ 32, детали ≥ 1 px, seam_px не выше набора v3; sha1 принятых файлов в manifest.json те же. X читается при 16 px в цвете и в сером (штрих ≥ 2 px); на красной палубе Sarpedon (#A43839) и розовой зоне Marmoreal (#D39BA5) границу держит плашка; в сером отличается от badge-conflict (квадрат против ленты) и state-pending-move (тело 19 против 91); полный показ 350 ± 17 мс на трассе G-CUE. UE: текстуры ue_target есть в ue-import-report.json; G-ICON |Δ| ≤ 0,45 (IC-70). Кадр K1 packaged -Bench на Marmoreal original и Sarpedon original (шесть фигур v2), 1080p и 720p, 100 % и 150 % — после подключения блока TOASTS и бейджей L6. Приёмка по делегированию (ВР-42, ВР-60): каждый PNG открыт глазами (Read), вердикт в README листа, реестр 03 — «художественно принято, по делегированию», дата; затем id переходит в ACCEPTED_VR44 и становится видом по умолчанию.","сделано (3109c475), влито 236658c8; лист docs/game-design/evidence/VISUAL/IC-40, художественно принято по делегированию 2026-10-07 (ревью VS-2)"
IC-41,icon,badge-conflict — конфликт хода («!» на ленте),P1,IC-38,"Игрок видит, что намеченный ход не выполнится: путь закрыт порядком, занятой целью или снапшотом.","V-09: статус Conflict (MS-R-16; MS-E-34, MS-E-36, MS-E-53); нижний якорь клетки вместо бейджа порядка, не в центре (02 §7.2)","appear 220 (как marker-status), держится, пока статус Conflict, leave 120; без мигания; reduced — opacity 100","как marker-status: appear 220 мс — 0: scale_y 0,1, opacity 0,15; 100: opacity 1; 220: scale_y 1 (reduced — opacity 100 мс) | leave 120 мс — 0: opacity тек., scale тек.; 120: opacity 0, scale 0,92 (reduced — opacity 100 мс)",показан; уход; reduced,"старший канал после X (03-ux-spec §4.2a) — показывается и при 16–21 px; «!» state.error на navy 4,3 : 1; в сером отличается от badge-refuse силуэтом (лента против квадрата)",card.navy; card.cream; state.error; mark.keyline; team.p1.screen; team.p2.screen,—,"строка IC-38; docs/game-design/move-selection/03-ux-spec.md §4.2 (V-09), §4.2a; docs/unreal/contracts/hud/HUD-AND-ICONS.md §1.7, §3.2 v5; docs/game-design/visual/01-inventory.md §2 «Чего нет» (глиф «!» прячется под фигурой)","ВР-IC05 (по делегированию): геометрия badge-order (IC-38) с блоком команды; в поле цифры — «!» state.error: планка 2,75 × 9,5 u с прямыми концами, зазор 1,75 u, точка — квадрат 2,75 u; keyline 1 u офсетом; центр как у цифры. Detail 0: планка и точка ≥ 2 px, зазор ≥ 1 px. Слои _body и _team — общие с IC-38, свой слой _glyph. ue_sizes как у IC-38.","Финал не из ImageGen и не из Codex — только движок draw_icons.py с точными токенами (02 §5.4). Не менять 27 принятых значков и их файлы (sha1 в manifest.json). Не запекать цифры и буквы (И-7). Без мазка, брызг, блика, градиента, тени (ВР-09, ДНК 1). 16 px в HUD нет (ВР-42). Не заливать ленту красным (v2 так делал — нарушение И-3); не ставить «!» в центр клетки; не мигать.",draw_icons.py,—,"art/imagegen/hud-icons-v3/: masters/badge-conflict.png (1024); sizes/badge-conflict-{16,18,21,24,32,36,48,64,72,96}.png; layers/badge-conflict_glyph[-px].png; строка на листе art/imagegen/hud-icons-v3/sheets/vr44/sheet-vr44.png; manifest.json дополнен; лист приёмки docs/game-design/evidence/VISUAL/IC-41/ (PNG и README.md)","/Game/S08/UI/IconsV3/T_IV3_badge_conflict_{16,18,21,24,32,36,48,64} и слои T_IV3_badge_conflict_glyph; тело и блок — T_IV3_badge_order_body / _team; носитель — V-09 у клетки (MS-T-05, MS-T-10, MS-T-11); отката нет — прежнего вида не было","2 текстуры × 8 размеров (16, 18, 21, 24, 32, 36, 48, 64 px) ≈ 81 КБ BGRA без сжатия","Лист art/imagegen/hud-icons-v3/sheets/vr44/sheet-vr44.png и docs/game-design/evidence/VISUAL/IC-41/: мастер 1024 и 16/21/24/32/48 px ×4 nearest, цвет / серый (luma Rec.709) / дейтеранопия, фоны card.navy, card.cream, #808080; audit.json — margin_px ≥ 32, детали ≥ 1 px, seam_px не выше набора v3; sha1 принятых файлов в manifest.json те же. «!» читается при 16 px; рядом с IC-38 и IC-40 все три различимы в сером; на кадре с V-09 «!» не закрыт фигурой. UE: текстуры ue_target есть в ue-import-report.json; G-ICON |Δ| ≤ 0,45 (IC-70). Кадр K1 packaged -Bench на Marmoreal original и Sarpedon original (шесть фигур v2), 1080p и 720p, 100 % и 150 % — после подключения блока бейджей L6 (MS-T-10). Приёмка по делегированию (ВР-42, ВР-60): каждый PNG открыт глазами (Read), вердикт в README листа, реестр 03 — «художественно принято, по делегированию», дата; затем id переходит в ACCEPTED_VR44 и становится видом по умолчанию.","сделано (3109c475), влито 236658c8; лист docs/game-design/evidence/VISUAL/IC-41, художественно принято по делегированию 2026-10-07 (ревью VS-2)"
IC-42,icon,badge-ally — союзник проходим (шеврон «сквозь»),P1,IC-33,"При наведении игрок видит, что через клетку союзника можно пройти, но остановиться нельзя.",V-06 при наведении: союзник в зоне досягаемости выбранного бойца (03-ux-spec §4.2),appear 180 / leave 120 мс (стандарт); reduced — opacity 100,"стандарт набора (как state-boost): appear 180 мс — 0: scale 0,8, opacity 0,15; 72: scale 1,04; 120: opacity 1; 180: scale 1 (reduced — opacity 100 мс) | leave 120 мс — 0: opacity тек., scale тек.; 120: opacity 0, scale 0,92 (reduced — opacity 100 мс)",скрыт; показан при наведении; уход; reduced,"L6 clamp 16–32 px; канал глифа ниже бейджа порядка — при < 24 px не показывается; шеврон к navy 17,2 : 1",card.navy; card.cream; card.glyph; mark.keyline,—,"tools/art/move_selection/card_icons.py:82-86 (v2 ally — «оставить»); docs/unreal/contracts/hud/HUD-AND-ICONS.md §3.2 v7; docs/game-design/move-selection/03-ux-spec.md §4.2 (V-06); art/imagegen/hud-icons-v3/STYLE-v3.md §1–§4, §8, §11; art/imagegen/hud-icons-v3/_tools/draw_icons.py; art/imagegen/hud-icons-v3/sheets/sheet-sizes.png; docs/game-design/visual/02-visual-design.md §5.3–§5.5, §11.4","Плашка shape.state_badge (как IC-40), тело card.navy — слой _body; глиф — двойной шеврон «»» вправо: два шеврона штрихом W 2,25 u, плечи ±5,5 u по вертикали, глубина 4,75 u, шаг 4,75 u, стык miter, концы плоские, бокс 14,25 × 11 u по центру, card.glyph — слой _glyph. Detail 0: один шеврон штрихом ≥ 2 px. ue_sizes 18, 24, 32, 36, 48, 64.","Финал не из ImageGen и не из Codex — только движок draw_icons.py с точными токенами (02 §5.4). Не менять 27 принятых значков и их файлы (sha1 в manifest.json). Не запекать цифры и буквы (И-7). Без мазка, брызг, блика, градиента, тени (ВР-09, ДНК 1). 16 px в HUD нет (ВР-42). Не путать со стрелкой action-end-turn и стрелками state-pending-move; не красить цветом команды.",draw_icons.py,—,"art/imagegen/hud-icons-v3/: masters/badge-ally.png (1024); sizes/badge-ally-{16,18,21,24,32,36,48,64,72,96}.png; layers/badge-ally_{body,glyph}[-px].png; строка на листе art/imagegen/hud-icons-v3/sheets/vr44/sheet-vr44.png; manifest.json дополнен; лист приёмки docs/game-design/evidence/VISUAL/IC-42/ (PNG и README.md)","/Game/S08/UI/IconsV3/T_IV3_badge_ally_{18,24,32,36,48,64} и слои T_IV3_badge_ally_body, T_IV3_badge_ally_glyph; носитель — V-06 при наведении (MS-T-08, MS-T-10); отката нет — прежнего вида не было","3 текстуры × 6 размеров (18, 24, 32, 36, 48, 64 px) ≈ 113 КБ BGRA без сжатия","Лист art/imagegen/hud-icons-v3/sheets/vr44/sheet-vr44.png и docs/game-design/evidence/VISUAL/IC-42/: мастер 1024 и 18/24/32/48 px ×4 nearest, цвет / серый (luma Rec.709) / дейтеранопия, фоны card.navy, card.cream, #808080; audit.json — margin_px ≥ 32, детали ≥ 1 px, seam_px не выше набора v3; sha1 принятых файлов в manifest.json те же. Двойной шеврон при 24 px — две отдельные «галочки», не стрелка; в сером отличается от IC-46 и IC-04. UE: текстуры ue_target есть в ue-import-report.json; G-ICON |Δ| ≤ 0,45 (IC-70). Кадр K1 packaged -Bench на Marmoreal original и Sarpedon original (шесть фигур v2), 1080p и 720p, 100 % и 150 % — после подключения блока бейджей L6 (MS-T-10). Приёмка по делегированию (ВР-42, ВР-60): каждый PNG открыт глазами (Read), вердикт в README листа, реестр 03 — «художественно принято, по делегированию», дата; затем id переходит в ACCEPTED_VR44 и становится видом по умолчанию.","сделано (3109c475), влито 236658c8; лист docs/game-design/evidence/VISUAL/IC-42, художественно принято по делегированию 2026-10-07 (ревью VS-2)"
IC-43,icon,badge-attack-from — «отсюда можно атаковать: N»,P1,IC-33,"У клетки цели игрок видит, сколько врагов боец сможет атаковать, если встанет сюда.","наведение и цель хода (MS-R-14, MS-AT-29); левый якорь клетки (03-ux-spec §4.2a); строка ms.badge.attack.from","appear 200 (плашка растёт слева, как state-threat), смена числа tap 150, leave 120 мс; reduced — opacity 100","как state-threat: appear 200 мс — 0: scale_x 0,5, opacity 0,15; 120: opacity 1; 200: scale_x 1 (reduced — opacity 100 мс) | leave 120 мс — 0: opacity тек., scale тек.; 120: opacity 0, scale 0,92 (reduced — opacity 100 мс) | tap 150 мс — 0: scale тек.; 50: scale 0,94; 150: scale тек. (reduced — статично)",показан с числом; смена числа; уход; reduced,"плашка 2 : 1, высота clamp 16–32 px; < 24 px не показывается (не старший канал); число cap 14 u = 10,5 px при 24 px",card.navy; card.cream; card.glyph; mark.keyline,font.card; type.numeral.icon (cap 14 u),"art/imagegen/hud-icons-v3/STYLE-v3.md §4 №6, №9; tools/art/move_selection/card_icons.py:42-48 (v2 attack-from); docs/unreal/contracts/hud/HUD-AND-ICONS.md §3.2 v14; docs/game-design/move-selection/03-ux-spec.md §4.2a, §9 (ms.badge.attack.from)","Плашка shape.title_plate, как state-hint: 62 × 30 u в поле 64 × 32, r 2,25 u, keyline 1 u, кромка card.cream 1,25 u, тело card.navy; слот — квадрат 25,5 u слева (x 3,25…28,75), линейка card.cream 0,5 × 13,75 u при x 30,25…30,75, поле числа x 32…60,75 — слой _body. Глиф — звезда-взрыв g_burst как у action-attack (14 лучей при detail 2, 11 при detail 1), R 7,75 u, card.glyph, центр слота — слой _glyph. Число — runtime font.card cap 14 u. Экспорт плашки 2048 × 1024; в UE текстуры шириной ×2 (как state-hint).","Финал не из ImageGen и не из Codex — только движок draw_icons.py с точными токенами (02 §5.4). Не менять 27 принятых значков и их файлы (sha1 в manifest.json). Не запекать цифры и буквы (И-7). Без мазка, брызг, блика, градиента, тени (ВР-09, ДНК 1). 16 px в HUD нет (ВР-42). Не красить звезду и не ставить красный диск (красный диск — только кнопка атаки, И-3); не путать с жетоном цели (диск); число не запекать.",draw_icons.py,—,"art/imagegen/hud-icons-v3/: masters/badge-attack-from.png (2048 × 1024); sizes/badge-attack-from-{16,18,21,24,32,36,48,64,72,96}.png; layers/badge-attack-from_{body,glyph}[-px].png; строка на листе art/imagegen/hud-icons-v3/sheets/vr44/sheet-vr44.png; manifest.json дополнен; лист приёмки docs/game-design/evidence/VISUAL/IC-43/ (PNG и README.md)","/Game/S08/UI/IconsV3/T_IV3_badge_attack_from_{18,24,32,36,48,64} и слои T_IV3_badge_attack_from_body, T_IV3_badge_attack_from_glyph (высота; ширина ×2); носитель — бейдж L6 слева у клетки (MS-T-10, HI-12); отката нет — прежнего вида не было","3 текстуры × 6 размеров (18, 24, 32, 36, 48, 64 px) ≈ 225 КБ BGRA без сжатия","Лист art/imagegen/hud-icons-v3/sheets/vr44/sheet-vr44.png и docs/game-design/evidence/VISUAL/IC-43/: мастер 1024 и 18/24/32/48 px ×4 nearest, цвет / серый (luma Rec.709) / дейтеранопия, фоны card.navy, card.cream, #808080; audit.json — margin_px ≥ 32, детали ≥ 1 px, seam_px не выше набора v3; sha1 принятых файлов в manifest.json те же. Число «1»…«4» читается при высоте 24 px; звезда в слоте отличается от лампы state-hint и глаза state-threat в сером. UE: текстуры ue_target есть в ue-import-report.json; G-ICON |Δ| ≤ 0,45 (IC-70). Кадр K1 packaged -Bench на Marmoreal original и Sarpedon original (шесть фигур v2), 1080p и 720p, 100 % и 150 % — после подключения блока бейджей L6 (MS-T-10). Приёмка по делегированию (ВР-42, ВР-60): каждый PNG открыт глазами (Read), вердикт в README листа, реестр 03 — «художественно принято, по делегированию», дата; затем id переходит в ACCEPTED_VR44 и становится видом по умолчанию.","сделано (3109c475), влито 236658c8; лист docs/game-design/evidence/VISUAL/IC-43, художественно принято по делегированию 2026-10-07 (ревью VS-2)"
IC-44,icon,team-chip-p1 — чип команды P1 (круг),P1,IC-33,Игрок видит сторону бойца и строки журнала формой: круг — P1. Заменяет чип mvp-v1 T_UI_TeamShape_Circle_12.,"тег бойца (04 §2.15), плашка при наведении (статус «ВАШ» / «СОПЕРНИК»), строка журнала (04 §2.10)",статичен; смена стороны — без анимации,— (не анимируется; в контракте только стандартные appear 180 / leave 120 для импорта и галереи),P1 (тон team.p1.screen); серый тест,"24 su в HUD (04 §2.7, §2.15; ВР-78 вместо ВР-IC08): 18 px при 720p, 36 px при 150 %; 9 и 12 px — только экспорт для проверки, в HUD не ставятся (ВР-42); круг против шестигранника различим в сером при 9 px ×8 nearest",team.p1.screen; card.glyph; mark.keyline,—,"art/imagegen/mvp-v1/ui/team/team-shape-circle-12.png; art/imagegen/mvp-v1/ui/team/team-shapes-manifest.json; tools/art/t53_hud_textures.py; tools/art/t53_team_ring.py; docs/unreal/contracts/hud/HUD-AND-ICONS.md §1.7, §3.3 №94–95, HI-02; docs/game-design/visual/02-visual-design.md §2.3, §5.5, §11.3","ВР-IC08 заменено ВР-78 (02 §0.2): чип в HUD — 24 su. Голый жетон: круг тела r 13 u, keyline 1 u снаружи (r 14); тело белое в текстуре (UMG умножает на team.p1.screen, И-5), keyline mark.keyline; мастер-превью — тело team.p1.screen. EXTRA_SIZES 9, 12 только для листа проверки (в UE не импортируются); в UE — 18, 24, 32, 36, 48; при ≤ 12 px keyline 1 px. Подмена в UE (worktree; если в основном checkout есть чужие незакоммиченные правки S08FlowGameMode.cpp — ждать, бриф §6): S08FlowGameMode.cpp:7128-7140 — T_UI_TeamShape_Circle_12 → T_IV3_team_chip_p1_<px>, px — ближайший не меньше экранного (su × DPI × масштаб UI); Brush.ImageSize = su; тон — Style.TeamChipColor(0), как сейчас. Чип в теге и в ленте боя — 24 su; в журнале чипа нет, там полоса цвета команды и имя бойца (ВР-78).","Финал не из ImageGen и не из Codex — только движок draw_icons.py с точными токенами (02 §5.4). Не менять 27 принятых значков и их файлы (sha1 в manifest.json). Не запекать цифры и буквы (И-7). Без мазка, брызг, блика, градиента, тени (ВР-09, ДНК 1). Не ставить чип меньше 24 su в HUD (ВР-42, ВР-78). Без разрывов на чипе (разрывы — только у кольца на поле, D-3); не красить тело в текстуре (И-5); круг не использовать для других смыслов в HUD (зона yellow — не круг, ВР-IC07).",draw_icons.py,—,"art/imagegen/hud-icons-v3/: masters/team-chip-p1.png (1024); sizes/team-chip-p1-{16,18,21,24,32,36,48,64,72,96}.png; sizes/team-chip-p1-{9,12}.png (EXTRA_SIZES); строка на листе art/imagegen/hud-icons-v3/sheets/vr44/sheet-vr44.png; manifest.json дополнен; лист приёмки docs/game-design/evidence/VISUAL/IC-44/ (PNG и README.md)","/Game/S08/UI/IconsV3/T_IV3_team_chip_p1_{18,24,32,36,48} (24 su при DPI 0,75 / 1,0 / 1,333 / 150 % / 2,0; ВР-78); загрузка чипов S08FlowGameMode.cpp:7128-7140 (ArtHud.ChipCircleBrush), US08ArtTagWidget, US08ArtPlateWidget, строка журнала UUmHudLog; откат -S08IconLegacy → T_UI_TeamShape_Circle_12 (mvp-v1); трасса ARTLOOK пишет chips=v3|legacy","1 текстура × 6 размеров (9, 12, 16, 18, 24, 32 px) ≈ 9 КБ BGRA без сжатия; до 9 тегов и 6 строк журнала в кадре","Лист art/imagegen/hud-icons-v3/sheets/vr44/sheet-vr44.png и docs/game-design/evidence/VISUAL/IC-44/: мастер 1024 и 9/12/18/24/32 px ×4 nearest, цвет / серый (luma Rec.709) / дейтеранопия, фоны card.navy, card.cream, #808080; audit.json — margin_px ≥ 32, детали ≥ 1 px, seam_px не выше набора v3; sha1 принятых файлов в manifest.json те же. При 9 и 12 px ×8 nearest круг не становится квадратом, шестигранник читается гранями; P1 и P2 различимы формой в сером в теге 24 su на кадре K1 обеих карт; тест S08ArtHudUmgTests (цвет TeamShape P1/P2) зелёный; -S08IconLegacy возвращает чипы mvp-v1. UE: текстуры ue_target есть в ue-import-report.json; G-ICON |Δ| ≤ 0,45 (IC-70). Кадр K1 packaged -Bench на Marmoreal original и Sarpedon original (шесть фигур v2), 1080p и 720p, 100 % и 150 % — после подключения блока тега бойца и журнала. Приёмка по делегированию (ВР-42, ВР-60): каждый PNG открыт глазами (Read), вердикт в README листа, реестр 03 — «художественно принято, по делегированию», дата; затем id переходит в ACCEPTED_VR44 и становится видом по умолчанию.","сделано (4a7a29fd), влито 236658c8; лист docs/game-design/evidence/VISUAL/IC-44, художественно принято по делегированию 2026-10-07 (ревью VS-2)"
IC-45,icon,team-chip-p2 — чип команды P2 (шестигранник),P1,IC-33,Игрок видит сторону бойца и строки журнала формой: шестигранник — P2. Заменяет чип mvp-v1 T_UI_TeamShape_Hex_12.,"тег бойца (04 §2.15), плашка при наведении (статус «ВАШ» / «СОПЕРНИК»), строка журнала (04 §2.10)",статичен; смена стороны — без анимации,— (не анимируется; в контракте только стандартные appear 180 / leave 120 для импорта и галереи),P2 (тон team.p2.screen); серый тест,"24 su в HUD (04 §2.7, §2.15; ВР-78 вместо ВР-IC08): 18 px при 720p, 36 px при 150 %; 9 и 12 px — только экспорт для проверки, в HUD не ставятся (ВР-42); круг против шестигранника различим в сером при 9 px ×8 nearest",team.p2.screen; card.glyph; mark.keyline,—,"art/imagegen/mvp-v1/ui/team/team-shape-hex-12.png; art/imagegen/mvp-v1/ui/team/team-shapes-manifest.json; tools/art/t53_hud_textures.py; tools/art/t53_team_ring.py; docs/unreal/contracts/hud/HUD-AND-ICONS.md §1.7, §3.3 №94–95, HI-02; docs/game-design/visual/02-visual-design.md §2.3, §5.5, §11.3","ВР-IC08 заменено ВР-78 (02 §0.2): чип в HUD — 24 su. Голый жетон: шестигранник с вершинами под 0°, 60°, …, 300° от +X — вершины слева и справа, плоские грани сверху и снизу, как SM_Marker_TeamRing_P2 (tools/art/t53_team_ring.py:18, 74); описанный радиус тела 14 u (площадь −4 % к кругу P1), углы r 0,5 u, keyline 1 u снаружи (до 15 u); тело белое в текстуре (UMG умножает на team.p2.screen, И-5), keyline mark.keyline; мастер-превью — тело team.p2.screen. EXTRA_SIZES 9, 12 только для листа проверки (в UE не импортируются); в UE — 18, 24, 32, 36, 48; при ≤ 12 px keyline 1 px. Подмена в UE (worktree; если в основном checkout есть чужие незакоммиченные правки S08FlowGameMode.cpp — ждать, бриф §6): S08FlowGameMode.cpp:7128-7140 — T_UI_TeamShape_Hex_12 → T_IV3_team_chip_p2_<px>, px — ближайший не меньше экранного (su × DPI × масштаб UI); Brush.ImageSize = su; тон — Style.TeamChipColor(1), как сейчас. Чип в теге и в ленте боя — 24 su; в журнале чипа нет, там полоса цвета команды и имя бойца (ВР-78).","Финал не из ImageGen и не из Codex — только движок draw_icons.py с точными токенами (02 §5.4). Не менять 27 принятых значков и их файлы (sha1 в manifest.json). Не запекать цифры и буквы (И-7). Без мазка, брызг, блика, градиента, тени (ВР-09, ДНК 1). Не ставить чип меньше 24 su в HUD (ВР-42, ВР-78). Без разрывов на чипе (разрывы — только у кольца на поле, D-3); не красить тело в текстуре (И-5); круг не использовать для других смыслов в HUD (зона yellow — не круг, ВР-IC07).",draw_icons.py,—,"art/imagegen/hud-icons-v3/: masters/team-chip-p2.png (1024); sizes/team-chip-p2-{16,18,21,24,32,36,48,64,72,96}.png; sizes/team-chip-p2-{9,12}.png (EXTRA_SIZES); строка на листе art/imagegen/hud-icons-v3/sheets/vr44/sheet-vr44.png; manifest.json дополнен; лист приёмки docs/game-design/evidence/VISUAL/IC-45/ (PNG и README.md)","/Game/S08/UI/IconsV3/T_IV3_team_chip_p2_{18,24,32,36,48} (24 su при DPI 0,75 / 1,0 / 1,333 / 150 % / 2,0; ВР-78); загрузка чипов S08FlowGameMode.cpp:7128-7140 (ArtHud.ChipHexBrush), US08ArtTagWidget, US08ArtPlateWidget, строка журнала UUmHudLog; откат -S08IconLegacy → T_UI_TeamShape_Hex_12 (mvp-v1); трасса ARTLOOK пишет chips=v3|legacy","1 текстура × 6 размеров (9, 12, 16, 18, 24, 32 px) ≈ 9 КБ BGRA без сжатия; до 9 тегов и 6 строк журнала в кадре","Лист art/imagegen/hud-icons-v3/sheets/vr44/sheet-vr44.png и docs/game-design/evidence/VISUAL/IC-45/: мастер 1024 и 9/12/18/24/32 px ×4 nearest, цвет / серый (luma Rec.709) / дейтеранопия, фоны card.navy, card.cream, #808080; audit.json — margin_px ≥ 32, детали ≥ 1 px, seam_px не выше набора v3; sha1 принятых файлов в manifest.json те же. При 9 и 12 px ×8 nearest круг не становится квадратом, шестигранник читается гранями; P1 и P2 различимы формой в сером в теге 24 su на кадре K1 обеих карт; тест S08ArtHudUmgTests (цвет TeamShape P1/P2) зелёный; -S08IconLegacy возвращает чипы mvp-v1. UE: текстуры ue_target есть в ue-import-report.json; G-ICON |Δ| ≤ 0,45 (IC-70). Кадр K1 packaged -Bench на Marmoreal original и Sarpedon original (шесть фигур v2), 1080p и 720p, 100 % и 150 % — после подключения блока тега бойца и журнала. Приёмка по делегированию (ВР-42, ВР-60): каждый PNG открыт глазами (Read), вердикт в README листа, реестр 03 — «художественно принято, по делегированию», дата; затем id переходит в ACCEPTED_VR44 и становится видом по умолчанию.","сделано (4a7a29fd), влито 236658c8; лист docs/game-design/evidence/VISUAL/IC-45, художественно принято по делегированию 2026-10-07 (ревью VS-2)"
IC-46,icon,action-end-turn — диск «Конец хода»,P1,"IC-33, IC-36","Игрок завершает ход мышью; видно, когда это можно и когда нет.","ACTIONS: кнопка «КОНЕЦ ХОДА» (04 §2.14, ВР-39, ВР-H08); главная, когда CommandUi.EndTurnReason() пуст","как диски действий: appear 180, leave 120, hover 150, press / release 80, select 200 (удар 70), tap 150 мс; reduced — opacity 100","как action-attack, без spend / restore: appear 180 мс — 0: scale 0,8, opacity 0,15; 72: scale 1,04; 120: opacity 1; 180: scale 1 (reduced — opacity 100 мс) | leave 120 мс — 0: opacity тек., scale тек.; 120: opacity 0, scale 0,92 (reduced — opacity 100 мс) | hover_in 150 мс — 0: scale тек.; 150: scale 1,06 (reduced — статично) | hover_out 150 мс — 0: scale тек.; 150: scale 1 (reduced — статично) | press 80 мс — 0: scale тек.; 80: scale 0,96 (reduced — статично) | release 80 мс — 0: scale тек.; 80: scale 1,06 (reduced — статично) | select 200 мс — 0: glyph.scale тек.; 70: glyph.scale 1,12; 200: glyph.scale тек. (reduced — статично) | tap 150 мс — 0: scale тек.; 50: scale 0,94; 150: scale тек. (reduced — статично)","доступна — главная (тело кнопки turn.flash.yellow); наведение; нажата; недоступна (диск 0,4, why.actions.remaining / why.draft.open / why.discard.count); фокус; ход соперника — весь ряд 0,4 (why.not.your.turn)","диск 48 su (36 px при 720p), класс S — 40 su; глиф к navy 17,2 : 1; диск navy на теле главной кнопки 10,9 : 1; в сером тёмный диск с кремовым кольцом и стрелкой ≠ state-boost (без крема) и ≠ пипсы (тела 94–200)","card.navy; card.cream; card.glyph; mark.keyline; turn.flash.yellow (тело главной кнопки, не значка)",type.tag (подпись «КОНЕЦ ХОДА» под диском — текст рядом),"art/imagegen/hud-icons-v3/STYLE-v3.md §3.3, §4 №9; art/imagegen/hud-icons-vr44-codex/README.md (IC-36, числа формы); docs/game-design/visual/04-hud-spec.md §2.14, §3.1; docs/game-design/visual/02-visual-design.md §4.3, §5.5; docs/unreal/contracts/hud/HUD-AND-ICONS.md HI-06","ВР-IC09 (по делегированию). Семейство shape.action_disc: keyline r 14–15 u, кремовое кольцо card.cream r 12,75–14 u, тело card.navy — слой _body. Глиф card.glyph — по числам рекомендованного варианта IC-36 (по умолчанию A «→|»: древко W 2,25 u, наконечник основание 7 × высота 4,5 u, черта W 2,25 × 12 u, зазор острие–черта ≥ 1 u, бокс ≤ 16 u) — слой _glyph. Перенос чисел — один в один с тестом совпадения альфы, как test_accepted_forms_match_codex_proposal. Контракт — anims action-attack без spend / restore. «Пас» не делаем: такого действия нет, ход кончается сам после двух действий (SD-44).","Финал не из ImageGen и не из Codex — только движок draw_icons.py с точными токенами (02 §5.4). Не менять 27 принятых значков и их файлы (sha1 в manifest.json). Не запекать цифры и буквы (И-7). Без мазка, брызг, блика, градиента, тени (ВР-09, ДНК 1). 16 px в HUD нет (ВР-42). Не песочные часы (V-10, И-10); диск не жёлтый и не красный (жёлтое — тело главной кнопки); без отдельного значка «пас».",draw_icons.py,—,"art/imagegen/hud-icons-v3/: masters/action-end-turn.png (1024); sizes/action-end-turn-{16,18,21,24,32,36,48,64,72,96}.png; layers/action-end-turn_{body,glyph}[-px].png; строка на листе art/imagegen/hud-icons-v3/sheets/vr44/sheet-vr44.png; manifest.json дополнен; лист приёмки docs/game-design/evidence/VISUAL/IC-46/ (PNG и README.md)","/Game/S08/UI/IconsV3/T_IV3_action_end_turn_{18,24,32,36,48,64} и слои T_IV3_action_end_turn_body, T_IV3_action_end_turn_glyph; UUmHudActions → UUmButton вариант «диск» в WBP_UI_HUD_ACTIONS (04 §2.14, §4.3); откат -S08SlateHud=actions (кнопка Slate «END TURN (E)»)","3 текстуры × 6 размеров (18, 24, 32, 36, 48, 64 px) ≈ 113 КБ BGRA без сжатия; ряд ACTIONS — 4 диска, анимируется ≤ 1","Лист art/imagegen/hud-icons-v3/sheets/vr44/sheet-vr44.png и docs/game-design/evidence/VISUAL/IC-46/: мастер 1024 и 18/24/32/48 px ×4 nearest, цвет / серый (luma Rec.709) / дейтеранопия, фоны card.navy, card.cream, #808080; audit.json — margin_px ≥ 32, детали ≥ 1 px, seam_px не выше набора v3; sha1 принятых файлов в manifest.json те же. Стрелка с чертой читается при 24 px; диск читается на теле главной кнопки turn.flash.yellow и на panel.bg; на листе — строка состояний 02 §4.3 (normal, hover 1,06, pressed 0,96, disabled 0,4, selected, focus). UE: текстуры ue_target есть в ue-import-report.json; G-ICON |Δ| ≤ 0,45 (IC-70). Кадр K1 packaged -Bench на Marmoreal original и Sarpedon original (шесть фигур v2), 1080p и 720p, 100 % и 150 % — после подключения блока ACTIONS. Приёмка по делегированию (ВР-42, ВР-60): каждый PNG открыт глазами (Read), вердикт в README листа, реестр 03 — «художественно принято, по делегированию», дата; затем id переходит в ACCEPTED_VR44 и становится видом по умолчанию.","сделано (68d253a7), влито 236658c8; лист docs/game-design/evidence/VISUAL/IC-46; формы художественно приняты по делегированию 2026-10-06, кадр K1 — после HB-43"
IC-47,icon,state-warning — предупреждение (треугольник «!»),P1,IC-33,"Игрок замечает предупреждение формой, а не только цветом: лимит руки, мало времени на защиту, карта к сбросу.","тост предупреждения (04 §2.12: лимит руки, DE-024); таймер защиты, последние 10 с (ВР-H18, 04 §2.7); рамка карты к сбросу (02 §6.3)",appear 180 / leave 120 мс (стандарт); без цикла и мигания; reduced — opacity 100,"стандарт набора (как state-boost): appear 180 мс — 0: scale 0,8, opacity 0,15; 72: scale 1,04; 120: opacity 1; 180: scale 1 (reduced — opacity 100 мс) | leave 120 мс — 0: opacity тек., scale тек.; 120: opacity 0, scale 0,92 (reduced — opacity 100 мс)",показан; уход; reduced,"24 su в тосте и таймере (18 px при 720p); «!» card.navy на state.warning 6,6 : 1; ≠ ▲ кнопок ui-step (у треугольника «!» и кромка)",state.warning; card.cream; card.navy; mark.keyline,—,"art/imagegen/hud-icons-v3/STYLE-v3.md §1, §3.3; docs/game-design/visual/02-visual-design.md §2.4 (ВР-66), §4.5, §5.5; docs/game-design/visual/04-hud-spec.md §2.7 (ВР-H18), §2.12; art/imagegen/hud-icons-v3/STYLE-v3.md §1–§4, §8, §11; art/imagegen/hud-icons-v3/_tools/draw_icons.py; art/imagegen/hud-icons-v3/sheets/sheet-sizes.png; docs/game-design/visual/02-visual-design.md §5.3–§5.5, §11.4","ВР-IC16 (по делегированию), форма ВР-66: треугольник вершиной вверх — вершины (16; 3,5), (29; 27,5), (3; 27,5) u, скругление 1 u; keyline 1 u снаружи, кромка card.cream 1,25 u внутрь, тело state.warning (алиас turn.flash.orange #E8812C); «!» card.navy: планка 2,75 × 9 u (y 11…20), зазор 1,75 u, точка-квадрат 2,75 u, по оси x = 16. Detail 0: планка и точка ≥ 2 px. Одна текстура без слоёв.","Финал не из ImageGen и не из Codex — только движок draw_icons.py с точными токенами (02 §5.4). Не менять 27 принятых значков и их файлы (sha1 в manifest.json). Не запекать цифры и буквы (И-7). Без мазка, брызг, блика, градиента, тени (ВР-09, ДНК 1). 16 px в HUD нет (ВР-42). Не красный (state.error — только X / «!» ошибки и поражение); не заливать тост; не мигать.",draw_icons.py,—,"art/imagegen/hud-icons-v3/: masters/state-warning.png (1024); sizes/state-warning-{16,18,21,24,32,36,48,64,72,96}.png; строка на листе art/imagegen/hud-icons-v3/sheets/vr44/sheet-vr44.png; manifest.json дополнен; лист приёмки docs/game-design/evidence/VISUAL/IC-47/ (PNG и README.md)","/Game/S08/UI/IconsV3/T_IV3_state_warning_{18,24,32,36,48,64}; UUmToast Icon (04 §2.12), UUmHudCombatEdge таймер (ВР-H18), UUmCardWidget рамка сброса; откат -S08SlateHud=toast","1 текстура × 6 размеров (18, 24, 32, 36, 48, 64 px) ≈ 38 КБ BGRA без сжатия","Лист art/imagegen/hud-icons-v3/sheets/vr44/sheet-vr44.png и docs/game-design/evidence/VISUAL/IC-47/: мастер 1024 и 18/24/32/48 px ×4 nearest, цвет / серый (luma Rec.709) / дейтеранопия, фоны card.navy, card.cream, #808080; audit.json — margin_px ≥ 32, детали ≥ 1 px, seam_px не выше набора v3; sha1 принятых файлов в manifest.json те же. «!» читается при 18 px; в сером треугольник отличается от ▲ ui-step и от диска action-scheme. UE: текстуры ue_target есть в ue-import-report.json; G-ICON |Δ| ≤ 0,45 (IC-70). Кадр K1 packaged -Bench на Marmoreal original и Sarpedon original (шесть фигур v2), 1080p и 720p, 100 % и 150 % — после подключения блока TOASTS и COMBAT. Приёмка по делегированию (ВР-42, ВР-60): каждый PNG открыт глазами (Read), вердикт в README листа, реестр 03 — «художественно принято, по делегированию», дата; затем id переходит в ACCEPTED_VR44 и становится видом по умолчанию.","сделано (3109c475), влито 236658c8; лист docs/game-design/evidence/VISUAL/IC-47, художественно принято по делегированию 2026-10-07 (ревью VS-2)"
IC-48,icon,card-drop — карта уйдёт в сброс,P1,"IC-33, IC-36","На карте, отмеченной к сбросу по лимиту руки, игрок видит «эта уйдёт в сброс».",сброс по лимиту или DISCARD_CARDS: карта отмечена (02 §6.3; 04 §2.8 «Сбросьте {n}: выбрано {h}/{n}»),"appear 180 при отметке, leave 120 при снятии; reduced — opacity 100","стандарт набора (как state-boost): appear 180 мс — 0: scale 0,8, opacity 0,15; 72: scale 1,04; 120: opacity 1; 180: scale 1 (reduced — opacity 100 мс) | leave 120 мс — 0: opacity тек., scale тек.; 120: opacity 0, scale 0,92 (reduced — opacity 100 мс)",не отмечена; отмечена; снята; reduced,"24 su в углу карты 150 × 208 su; на скане карты границу держат плашка navy и keyline; в сером ≠ state-pending-place (тело 19 против 91, стопка против эллипса)",card.navy; card.cream; card.glyph; mark.keyline,—,"art/imagegen/hud-icons-vr44-codex/README.md (IC-36); art/imagegen/hud-icons-v3/STYLE-v3.md §4 №18 (стопка), §10 (эллипс вместо «скачать»); docs/game-design/visual/02-visual-design.md §5.5, §6.3; docs/game-design/visual/04-hud-spec.md §2.6, §2.8, §4.3 (DropIcon)","ВР-IC13 (по делегированию). Плашка shape.state_badge, тело card.navy — слой _body; глиф card.glyph по числам варианта IC-36 (по умолчанию A: стрелка вниз — древко W, наконечник 7 × 4 u — на стопку из двух скошенных плашек 15 × 3 u со скосом 3,5 u и зазором 1 px, язык resource-card) — слой _glyph. Тот же глиф ×0,8 navy идёт в ленту слота IC-52.","Финал не из ImageGen и не из Codex — только движок draw_icons.py с точными токенами (02 §5.4). Не менять 27 принятых значков и их файлы (sha1 в manifest.json). Не запекать цифры и буквы (И-7). Без мазка, брызг, блика, градиента, тени (ВР-09, ДНК 1). 16 px в HUD нет (ВР-42). Без лотка или коробки под стрелкой («скачать», STYLE §10); не X (ошибка) и не корзина (не язык настольной игры).",draw_icons.py,—,"art/imagegen/hud-icons-v3/: masters/card-drop.png (1024); sizes/card-drop-{16,18,21,24,32,36,48,64,72,96}.png; layers/card-drop_{body,glyph}[-px].png; строка на листе art/imagegen/hud-icons-v3/sheets/vr44/sheet-vr44.png; manifest.json дополнен; лист приёмки docs/game-design/evidence/VISUAL/IC-48/ (PNG и README.md)","/Game/S08/UI/IconsV3/T_IV3_card_drop_{18,24,32,36,48,64} и слои T_IV3_card_drop_body, T_IV3_card_drop_glyph; UUmCardWidget DropIcon (04 §4.3); откат -S08SlateHud=hand","3 текстуры × 6 размеров (18, 24, 32, 36, 48, 64 px) ≈ 113 КБ BGRA без сжатия; до 10 отмеченных карт в руке","Лист art/imagegen/hud-icons-v3/sheets/vr44/sheet-vr44.png и docs/game-design/evidence/VISUAL/IC-48/: мастер 1024 и 18/24/32/48 px ×4 nearest, цвет / серый (luma Rec.709) / дейтеранопия, фоны card.navy, card.cream, #808080; audit.json — margin_px ≥ 32, детали ≥ 1 px, seam_px не выше набора v3; sha1 принятых файлов в manifest.json те же. Глиф на карте руки читается как «в сброс», а не «скачать»; на светлом и тёмном скане карты (рука Medusa и King Arthur, reused-cardart.json) значок отделён плашкой. UE: текстуры ue_target есть в ue-import-report.json; G-ICON |Δ| ≤ 0,45 (IC-70). Кадр K1 packaged -Bench на Marmoreal original и Sarpedon original (шесть фигур v2), 1080p и 720p, 100 % и 150 % — после подключения блока HAND (сброс по лимиту). Приёмка по делегированию (ВР-42, ВР-60): каждый PNG открыт глазами (Read), вердикт в README листа, реестр 03 — «художественно принято, по делегированию», дата; затем id переходит в ACCEPTED_VR44 и становится видом по умолчанию.","сделано (68d253a7), влито 236658c8; лист docs/game-design/evidence/VISUAL/IC-48; формы художественно приняты по делегированию 2026-10-06, кадр K1 — после HB-43"
IC-49,icon,state-heal — «+» лечения (reduced motion),P4,IC-33,"При reduced motion игрок видит лечение формой «+» рядом с числом, когда поднимающихся точек VFX нет.","CUE-012 лечение: капсула «+N» над фигурой (04 §2.15, ВР-67); только при reduced motion (02 §5.5)",капсула 700 мс (CUE-012); значок — opacity 100 на входе и выходе (reduced),reduced: appear 100 мс — 0: opacity 0; 100: opacity 1 | leave 100 мс — 0: opacity тек.; 100: opacity 0,показан с «+N»; уход,"24 su (18 px при 720p) рядом с «+N» type.damage 24 su; fx.heal на card.navy 12,1 : 1; «+» ≠ крест стрелок state-pending-move (бирюзовое тело, головки)","fx.heal; mark.keyline; card.navy (капсула, не значок)","type.damage (число «+N» рядом, текст)","docs/game-design/visual/02-visual-design.md §2.6 (ВР-67), §5.5, §9.2 CUE-012, §11.2; docs/game-design/visual/04-hud-spec.md §2.15; docs/game-design/07-animation-vfx-audio.csv CUE-012; art/imagegen/hud-icons-v3/STYLE-v3.md §1–§4, §8, §11; art/imagegen/hud-icons-v3/_tools/draw_icons.py; art/imagegen/hud-icons-v3/sheets/sheet-sizes.png; docs/game-design/visual/02-visual-design.md §5.3–§5.5, §11.4","Голый глиф: «+» — две планки 16 × 4,5 u крестом, концы плоские, центр (16; 16); тело fx.heal #8CE69A, keyline 1 u офсетом. Detail 0: планки ≥ 3 px. Одна текстура.","Финал не из ImageGen и не из Codex — только движок draw_icons.py с точными токенами (02 §5.4). Не менять 27 принятых значков и их файлы (sha1 в manifest.json). Не запекать цифры и буквы (И-7). Без мазка, брызг, блика, градиента, тени (ВР-09, ДНК 1). 16 px в HUD нет (ВР-42). Не зелёная заливка фигуры (ВР-67); «+» не использовать для других смыслов (02 §7.4).",draw_icons.py,—,"art/imagegen/hud-icons-v3/: masters/state-heal.png (1024); sizes/state-heal-{16,18,21,24,32,36,48,64,72,96}.png; строка на листе art/imagegen/hud-icons-v3/sheets/vr44/sheet-vr44.png; manifest.json дополнен; лист приёмки docs/game-design/evidence/VISUAL/IC-49/ (PNG и README.md)","/Game/S08/UI/IconsV3/T_IV3_state_heal_{18,24,32,36,48,64}; US08ArtDamageWidget — капсула «−N» / «+N» (04 §2.15), ветка reduced motion; отката нет — прежнего вида не было","1 текстура × 6 размеров (18, 24, 32, 36, 48, 64 px) ≈ 38 КБ BGRA без сжатия","Лист art/imagegen/hud-icons-v3/sheets/vr44/sheet-vr44.png и docs/game-design/evidence/VISUAL/IC-49/: мастер 1024 и 18/24/32/48 px ×4 nearest, цвет / серый (luma Rec.709) / дейтеранопия, фоны card.navy, card.cream, #808080; audit.json — margin_px ≥ 32, детали ≥ 1 px, seam_px не выше набора v3; sha1 принятых файлов в manifest.json те же. «+» читается при 18 px рядом с «+N» в капсуле card.navy; на зелёных зонах обеих карт держит капсула. UE: текстуры ue_target есть в ue-import-report.json; G-ICON |Δ| ≤ 0,45 (IC-70). Кадр K1 packaged -Bench на Marmoreal original и Sarpedon original (шесть фигур v2), 1080p и 720p, 100 % и 150 % — после подключения блока слоя над фигурами (damage) с -S08ReducedMotion. Приёмка по делегированию (ВР-42, ВР-60): каждый PNG открыт глазами (Read), вердикт в README листа, реестр 03 — «художественно принято, по делегированию», дата; затем id переходит в ACCEPTED_VR44 и становится видом по умолчанию.","технически импортировано (VS-6 Frames, пакет bcaf737b, влито 29dcc089); «+» под reduced motion живьём не снят (лечения не было)"
IC-50,icon,marker-slot-scheme — лента слота карты-источника,P1,IC-33,"На карте-источнике в слоте игрок видит, что это схема.","SLOT: своя схема (CUE-006, 500 мс), схема соперника (F-10: прилёт 200 + удержание 1500 до эффекта) — 04 §2.8","appear 220 (как marker-status), leave 120 мс; лента появляется с картой и держится до её ухода (уход карты 150); reduced — opacity 100","как marker-status: appear 220 мс — 0: scale_y 0,1, opacity 0,15; 100: opacity 1; 220: scale_y 1 (reduced — opacity 100 мс) | leave 120 мс — 0: opacity тек., scale тек.; 120: opacity 0, scale 0,92 (reduced — opacity 100 мс)",показана с картой; уход с картой; reduced,"лента на рамке справа сверху, 32 su (24 px при 720p; размер — уточнить по WBP_UI_HUD_SLOT); глиф card.navy на card.type.scheme ≥ 3 : 1",card.type.scheme; card.cream; card.navy; mark.keyline,type.tag (подпись «СХЕМА» / «BOOST» / «СБРОС» — текст рядом),"art/imagegen/hud-icons-v3/STYLE-v3.md §4 №14 (геометрия ленты); art/imagegen/hud-icons-v3/STYLE-v3.md §4 №13; docs/game-design/visual/04-hud-spec.md §2.8 (SLOT, FS09SlotCard Ribbon); docs/game-design/de-footage/task/01-decisions.md (F-10); DE: структура/тайминг слота карты-источника — показ ~1,7–1,9 с","ВР-IC12 (по делегированию). Геометрия marker-status (лента 20,6 × 30 u, x 5,7…26,3, keyline 1 u, кромка card.cream 1,25 u, вырез 0,28 w) без блока команды; тело card.type.scheme; глиф — молния action-scheme (7 вершин, STYLE №13) ×0,8, цвет card.navy, центр поля −0,3 u. Одна текстура без слоёв.","Финал не из ImageGen и не из Codex — только движок draw_icons.py с точными токенами (02 §5.4). Не менять 27 принятых значков и их файлы (sha1 в manifest.json). Не запекать цифры и буквы (И-7). Без мазка, брызг, блика, градиента, тени (ВР-09, ДНК 1). 16 px в HUD нет (ВР-42). Не красить блок цветом команды (это тип карты, не сторона); не писать подпись в текстуре (И-7).",draw_icons.py,—,"art/imagegen/hud-icons-v3/: masters/marker-slot-scheme.png (1024); sizes/marker-slot-scheme-{16,18,21,24,32,36,48,64,72,96}.png; строка на листе art/imagegen/hud-icons-v3/sheets/vr44/sheet-vr44.png; manifest.json дополнен; лист приёмки docs/game-design/evidence/VISUAL/IC-50/ (PNG и README.md)","/Game/S08/UI/IconsV3/T_IV3_marker_slot_scheme_{18,24,32,36,48,64}; UUmHudSourceSlot (FS09SlotCard Ribbon), WBP_UI_HUD_SLOT (04 §2.8, §4.3); откат -S08SlateHud=slot","1 текстура × 6 размеров (18, 24, 32, 36, 48, 64 px) ≈ 38 КБ BGRA без сжатия","Лист art/imagegen/hud-icons-v3/sheets/vr44/sheet-vr44.png и docs/game-design/evidence/VISUAL/IC-50/: мастер 1024 и 18/24/32/48 px ×4 nearest, цвет / серый (luma Rec.709) / дейтеранопия, фоны card.navy, card.cream, #808080; audit.json — margin_px ≥ 32, детали ≥ 1 px, seam_px не выше набора v3; sha1 принятых файлов в manifest.json те же. Три ленты слота рядом различимы в сером по тону тела и глифу; на рамке карты не закрывают значения скана. UE: текстуры ue_target есть в ue-import-report.json; G-ICON |Δ| ≤ 0,45 (IC-70). Кадр K1 packaged -Bench на Marmoreal original и Sarpedon original (шесть фигур v2), 1080p и 720p, 100 % и 150 % — после подключения блока SLOT. Приёмка по делегированию (ВР-42, ВР-60): каждый PNG открыт глазами (Read), вердикт в README листа, реестр 03 — «художественно принято, по делегированию», дата; затем id переходит в ACCEPTED_VR44 и становится видом по умолчанию.","сделано (3109c475), влито 236658c8; лист docs/game-design/evidence/VISUAL/IC-50, художественно принято по делегированию 2026-10-07 (ревью VS-2)"
IC-51,icon,marker-slot-boost — лента слота карты-источника,P1,IC-33,"На карте в слоте игрок видит, что это BOOST.","SLOT: буст соперника в манёвре — лента BOOST от старта анимации до конца, не меньше 1000 мс (SD-54); BOOST карты в слоте","appear 220 (как marker-status), leave 120 мс; держится ≥ 1000 мс (SD-54); reduced — opacity 100","как marker-status: appear 220 мс — 0: scale_y 0,1, opacity 0,15; 100: opacity 1; 220: scale_y 1 (reduced — opacity 100 мс) | leave 120 мс — 0: opacity тек., scale тек.; 120: opacity 0, scale 0,92 (reduced — opacity 100 мс)",показана с картой; уход с картой; reduced,"лента на рамке справа сверху, 32 su (24 px при 720p; размер — уточнить по WBP_UI_HUD_SLOT); глиф card.glyph на card.navy ≥ 3 : 1",card.navy; card.cream; card.glyph; mark.keyline,type.tag (подпись «СХЕМА» / «BOOST» / «СБРОС» — текст рядом),"art/imagegen/hud-icons-v3/STYLE-v3.md §4 №14 (геометрия ленты); art/imagegen/hud-icons-v3/STYLE-v3.md §4 №1; docs/game-design/visual/04-hud-spec.md §2.8 (SLOT, FS09SlotCard Ribbon); docs/game-design/de-footage/task/01-decisions.md (F-10); DE: структура/тайминг слота карты-источника — показ ~1,7–1,9 с","ВР-IC12 (по делегированию). Геометрия marker-status (лента 20,6 × 30 u, x 5,7…26,3, keyline 1 u, кромка card.cream 1,25 u, вырез 0,28 w) без блока команды; тело card.navy; глиф — белое кольцо card.glyph r 3,5…5,25 u (язык диска BOOST), цвет card.glyph, центр поля −0,3 u. Одна текстура без слоёв.","Финал не из ImageGen и не из Codex — только движок draw_icons.py с точными токенами (02 §5.4). Не менять 27 принятых значков и их файлы (sha1 в manifest.json). Не запекать цифры и буквы (И-7). Без мазка, брызг, блика, градиента, тени (ВР-09, ДНК 1). 16 px в HUD нет (ВР-42). Не красить блок цветом команды (это тип карты, не сторона); не писать подпись в текстуре (И-7).",draw_icons.py,—,"art/imagegen/hud-icons-v3/: masters/marker-slot-boost.png (1024); sizes/marker-slot-boost-{16,18,21,24,32,36,48,64,72,96}.png; строка на листе art/imagegen/hud-icons-v3/sheets/vr44/sheet-vr44.png; manifest.json дополнен; лист приёмки docs/game-design/evidence/VISUAL/IC-51/ (PNG и README.md)","/Game/S08/UI/IconsV3/T_IV3_marker_slot_boost_{18,24,32,36,48,64}; UUmHudSourceSlot (FS09SlotCard Ribbon), WBP_UI_HUD_SLOT (04 §2.8, §4.3); откат -S08SlateHud=slot","1 текстура × 6 размеров (18, 24, 32, 36, 48, 64 px) ≈ 38 КБ BGRA без сжатия","Лист art/imagegen/hud-icons-v3/sheets/vr44/sheet-vr44.png и docs/game-design/evidence/VISUAL/IC-51/: мастер 1024 и 18/24/32/48 px ×4 nearest, цвет / серый (luma Rec.709) / дейтеранопия, фоны card.navy, card.cream, #808080; audit.json — margin_px ≥ 32, детали ≥ 1 px, seam_px не выше набора v3; sha1 принятых файлов в manifest.json те же. Три ленты слота рядом различимы в сером по тону тела и глифу; на рамке карты не закрывают значения скана. UE: текстуры ue_target есть в ue-import-report.json; G-ICON |Δ| ≤ 0,45 (IC-70). Кадр K1 packaged -Bench на Marmoreal original и Sarpedon original (шесть фигур v2), 1080p и 720p, 100 % и 150 % — после подключения блока SLOT. Приёмка по делегированию (ВР-42, ВР-60): каждый PNG открыт глазами (Read), вердикт в README листа, реестр 03 — «художественно принято, по делегированию», дата; затем id переходит в ACCEPTED_VR44 и становится видом по умолчанию.","сделано (3109c475), влито 236658c8; лист docs/game-design/evidence/VISUAL/IC-51, художественно принято по делегированию 2026-10-07 (ревью VS-2)"
IC-52,icon,marker-slot-discard — лента слота карты-источника,P1,IC-48,"На карте в слоте игрок видит, что она уходит в сброс.",SLOT: карта сброса (04 §2.8 «СБРОС»),"appear 220 (как marker-status), leave 120 мс; держится, пока карта в слоте; reduced — opacity 100","как marker-status: appear 220 мс — 0: scale_y 0,1, opacity 0,15; 100: opacity 1; 220: scale_y 1 (reduced — opacity 100 мс) | leave 120 мс — 0: opacity тек., scale тек.; 120: opacity 0, scale 0,92 (reduced — opacity 100 мс)",показана с картой; уход с картой; reduced,"лента на рамке справа сверху, 32 su (24 px при 720p; размер — уточнить по WBP_UI_HUD_SLOT); глиф card.navy на text.secondary ≥ 3 : 1",text.secondary; card.cream; card.navy; mark.keyline,type.tag (подпись «СХЕМА» / «BOOST» / «СБРОС» — текст рядом),"art/imagegen/hud-icons-v3/STYLE-v3.md §4 №14 (геометрия ленты); строка IC-48; docs/game-design/visual/04-hud-spec.md §2.8 (SLOT, FS09SlotCard Ribbon); docs/game-design/de-footage/task/01-decisions.md (F-10); DE: структура/тайминг слота карты-источника — показ ~1,7–1,9 с","ВР-IC12 (по делегированию). Геометрия marker-status (лента 20,6 × 30 u, x 5,7…26,3, keyline 1 u, кромка card.cream 1,25 u, вырез 0,28 w) без блока команды; тело text.secondary; глиф — глиф card-drop (IC-48) ×0,8, цвет card.navy, центр поля −0,3 u. Одна текстура без слоёв.","Финал не из ImageGen и не из Codex — только движок draw_icons.py с точными токенами (02 §5.4). Не менять 27 принятых значков и их файлы (sha1 в manifest.json). Не запекать цифры и буквы (И-7). Без мазка, брызг, блика, градиента, тени (ВР-09, ДНК 1). 16 px в HUD нет (ВР-42). Не красить блок цветом команды (это тип карты, не сторона); не писать подпись в текстуре (И-7).",draw_icons.py,—,"art/imagegen/hud-icons-v3/: masters/marker-slot-discard.png (1024); sizes/marker-slot-discard-{16,18,21,24,32,36,48,64,72,96}.png; строка на листе art/imagegen/hud-icons-v3/sheets/vr44/sheet-vr44.png; manifest.json дополнен; лист приёмки docs/game-design/evidence/VISUAL/IC-52/ (PNG и README.md)","/Game/S08/UI/IconsV3/T_IV3_marker_slot_discard_{18,24,32,36,48,64}; UUmHudSourceSlot (FS09SlotCard Ribbon), WBP_UI_HUD_SLOT (04 §2.8, §4.3); откат -S08SlateHud=slot","1 текстура × 6 размеров (18, 24, 32, 36, 48, 64 px) ≈ 38 КБ BGRA без сжатия","Лист art/imagegen/hud-icons-v3/sheets/vr44/sheet-vr44.png и docs/game-design/evidence/VISUAL/IC-52/: мастер 1024 и 18/24/32/48 px ×4 nearest, цвет / серый (luma Rec.709) / дейтеранопия, фоны card.navy, card.cream, #808080; audit.json — margin_px ≥ 32, детали ≥ 1 px, seam_px не выше набора v3; sha1 принятых файлов в manifest.json те же. Три ленты слота рядом различимы в сером по тону тела и глифу; на рамке карты не закрывают значения скана. UE: текстуры ue_target есть в ue-import-report.json; G-ICON |Δ| ≤ 0,45 (IC-70). Кадр K1 packaged -Bench на Marmoreal original и Sarpedon original (шесть фигур v2), 1080p и 720p, 100 % и 150 % — после подключения блока SLOT. Приёмка по делегированию (ВР-42, ВР-60): каждый PNG открыт глазами (Read), вердикт в README листа, реестр 03 — «художественно принято, по делегированию», дата; затем id переходит в ACCEPTED_VR44 и становится видом по умолчанию.","сделано (68d253a7), влито 236658c8; лист docs/game-design/evidence/VISUAL/IC-52; формы художественно приняты по делегированию 2026-10-06, кадр K1 — после HB-43"
IC-53,icon,ui-menu — глиф кнопки меню «≡»,P1,IC-33,"Кнопка меню (пауза, настройки) узнаётся без текста.","TOP «≡» 44 × 44 (04 §2.1); шапки LOBBY и ROOM (04 §1.3, §1.4); клик или Esc → PAUSE","своего движения нет; кнопка: hover 150, press 80 мс (02 §4.3); в контракте — стандартные appear 180 / leave 120 для импорта и галереи",— (значок статичен; состояния даёт кнопка UUmButton),"на обычной кнопке: normal, hover, pressed, disabled 0,4, focus (02 §4.3); на главной — глиф красится card.navy","24 su в кнопке 44 su (18 px при 720p); глиф к panel.bg 17,2 : 1; в сером ≠ resource-card (прямые планки, зазоры 3,5 u против скошенных плашек с зазором 1 px)",card.glyph; card.navy; mark.keyline,—,"docs/game-design/visual/04-hud-spec.md §2.1, §2.8, §3.1, §4.3; docs/game-design/visual/02-visual-design.md §4.3; art/imagegen/hud-icons-v3/STYLE-v3.md §1–§4, §8, §11; art/imagegen/hud-icons-v3/_tools/draw_icons.py; art/imagegen/hud-icons-v3/sheets/sheet-sizes.png; docs/game-design/visual/02-visual-design.md §5.3–§5.5, §11.4","ВР-IC10 (по делегированию). Голый глиф: три прямые планки 16 × 2,25 u (W), зазоры 3,5 u, центр (16; 16), концы плоские; keyline 1 u офсетом вокруг каждой. Detail 0: планки ≥ 2 px, зазоры ≥ 2 px. Белая маска: UMG красит ColorAndOpacity card.glyph (обычная кнопка) или card.navy (главная).","Финал не из ImageGen и не из Codex — только движок draw_icons.py с точными токенами (02 §5.4). Не менять 27 принятых значков и их файлы (sha1 в manifest.json). Не запекать цифры и буквы (И-7). Без мазка, брызг, блика, градиента, тени (ВР-09, ДНК 1). 16 px в HUD нет (ВР-42). Не шестерёнка и не иконка Material (STYLE §1 п. 6; ≡ — принятое исключение интерфейса); не скашивать планки (это стопка карт).",draw_icons.py,—,"art/imagegen/hud-icons-v3/: masters/ui-menu.png (1024); sizes/ui-menu-{16,18,21,24,32,36,48,64,72,96}.png; строка на листе art/imagegen/hud-icons-v3/sheets/vr44/sheet-vr44.png; manifest.json дополнен; лист приёмки docs/game-design/evidence/VISUAL/IC-53/ (PNG и README.md)","/Game/S08/UI/IconsV3/T_IV3_ui_menu_{18,24,32,36,48,64}; UUmHudTop MenuButton (WBP_UI_HUD_TOP), кнопки шапок LOBBY / ROOM (UUmButton Icon); откат -S08SlateHud=top","1 текстура × 6 размеров (18, 24, 32, 36, 48, 64 px) ≈ 38 КБ BGRA без сжатия","Лист art/imagegen/hud-icons-v3/sheets/vr44/sheet-vr44.png и docs/game-design/evidence/VISUAL/IC-53/: мастер 1024 и 18/24/32/48 px ×4 nearest, цвет / серый (luma Rec.709) / дейтеранопия, фоны card.navy, card.cream, #808080; audit.json — margin_px ≥ 32, детали ≥ 1 px, seam_px не выше набора v3; sha1 принятых файлов в manifest.json те же. Рядом с resource-card при 18 и 24 px в сером — разные значки. UE: текстуры ue_target есть в ue-import-report.json; G-ICON |Δ| ≤ 0,45 (IC-70). Кадр K1 packaged -Bench на Marmoreal original и Sarpedon original (шесть фигур v2), 1080p и 720p, 100 % и 150 % — после подключения блока TOP. Приёмка по делегированию (ВР-42, ВР-60): каждый PNG открыт глазами (Read), вердикт в README листа, реестр 03 — «художественно принято, по делегированию», дата; затем id переходит в ACCEPTED_VR44 и становится видом по умолчанию.","сделано (3109c475), влито 236658c8; лист docs/game-design/evidence/VISUAL/IC-53, художественно принято по делегированию 2026-10-07 (ревью VS-2)"
IC-54,icon,ui-close — глиф «×» закрыть,P1,IC-33,"Игрок закрывает тост, инспектор и панель колоды одним и тем же знаком.",тост «×» 24 (04 §2.12); INSPECT «×» (04 §1.7); панель колоды «Закрыть» (04 §2.9),"своего движения нет; кнопка: hover 150, press 80 мс (02 §4.3); в контракте — стандартные appear 180 / leave 120 для импорта и галереи",— (значок статичен; состояния даёт кнопка UUmButton),"на обычной кнопке: normal, hover, pressed, disabled 0,4, focus (02 §4.3); на главной — глиф красится card.navy",24 su (18 px при 720p); белый тонкий × на кнопке ≠ красный X отказа и штампа,card.glyph; card.navy; mark.keyline,—,"docs/game-design/visual/04-hud-spec.md §2.1, §2.8, §3.1, §4.3; docs/game-design/visual/02-visual-design.md §4.3; art/imagegen/hud-icons-v3/STYLE-v3.md §1–§4, §8, §11; art/imagegen/hud-icons-v3/_tools/draw_icons.py; art/imagegen/hud-icons-v3/sheets/sheet-sizes.png; docs/game-design/visual/02-visual-design.md §5.3–§5.5, §11.4","ВР-IC10. Голый глиф: две планки W 2,25 u крестом под 45°, полуразмах 6 u, концы плоские, центр (16; 16); keyline 1 u офсетом. Белая маска, тон — как у ui-menu.","Финал не из ImageGen и не из Codex — только движок draw_icons.py с точными токенами (02 §5.4). Не менять 27 принятых значков и их файлы (sha1 в manifest.json). Не запекать цифры и буквы (И-7). Без мазка, брызг, блика, градиента, тени (ВР-09, ДНК 1). 16 px в HUD нет (ВР-42). Никогда не красный и не на плашке — так он отличается от badge-refuse и marker-x-stamp (И-3, И-10).",draw_icons.py,—,"art/imagegen/hud-icons-v3/: masters/ui-close.png (1024); sizes/ui-close-{16,18,21,24,32,36,48,64,72,96}.png; строка на листе art/imagegen/hud-icons-v3/sheets/vr44/sheet-vr44.png; manifest.json дополнен; лист приёмки docs/game-design/evidence/VISUAL/IC-54/ (PNG и README.md)","/Game/S08/UI/IconsV3/T_IV3_ui_close_{18,24,32,36,48,64}; UUmToast CloseButton (04 §4.3), UUmCardInspector, UUmHudDeckPanel; откат -S08SlateHud=toast","1 текстура × 6 размеров (18, 24, 32, 36, 48, 64 px) ≈ 38 КБ BGRA без сжатия","Лист art/imagegen/hud-icons-v3/sheets/vr44/sheet-vr44.png и docs/game-design/evidence/VISUAL/IC-54/: мастер 1024 и 18/24/32/48 px ×4 nearest, цвет / серый (luma Rec.709) / дейтеранопия, фоны card.navy, card.cream, #808080; audit.json — margin_px ≥ 32, детали ≥ 1 px, seam_px не выше набора v3; sha1 принятых файлов в manifest.json те же. В сером рядом с badge-refuse и marker-x-stamp — отличается толщиной и отсутствием плашки. UE: текстуры ue_target есть в ue-import-report.json; G-ICON |Δ| ≤ 0,45 (IC-70). Кадр K1 packaged -Bench на Marmoreal original и Sarpedon original (шесть фигур v2), 1080p и 720p, 100 % и 150 % — после подключения блока TOASTS и INSPECT. Приёмка по делегированию (ВР-42, ВР-60): каждый PNG открыт глазами (Read), вердикт в README листа, реестр 03 — «художественно принято, по делегированию», дата; затем id переходит в ACCEPTED_VR44 и становится видом по умолчанию.","сделано (3109c475), влито 236658c8; лист docs/game-design/evidence/VISUAL/IC-54, художественно принято по делегированию 2026-10-07 (ревью VS-2)"
IC-55,icon,ui-log — глиф кнопки «Журнал»,P1,"IC-33, IC-36",В классе S игрок открывает журнал событий кнопкой без текста.,"TOP «Журнал» 40 × 40 в классе S (ВР-H07, 04 §2.1, §2.10)","своего движения нет; кнопка: hover 150, press 80 мс (02 §4.3); в контракте — стандартные appear 180 / leave 120 для импорта и галереи",— (значок статичен; состояния даёт кнопка UUmButton),"на обычной кнопке: normal, hover, pressed, disabled 0,4, focus (02 §4.3); на главной — глиф красится card.navy",24 su; в сером ≠ ui-menu и resource-card (маркеры строк),card.glyph; card.navy; mark.keyline,—,"docs/game-design/visual/04-hud-spec.md §2.1, §2.8, §3.1, §4.3; docs/game-design/visual/02-visual-design.md §4.3; art/imagegen/hud-icons-v3/STYLE-v3.md §1–§4, §8, §11; art/imagegen/hud-icons-v3/_tools/draw_icons.py; art/imagegen/hud-icons-v3/sheets/sheet-sizes.png; docs/game-design/visual/02-visual-design.md §5.3–§5.5, §11.4; art/imagegen/hud-icons-vr44-codex/README.md (IC-36)","ВР-IC10. Голый глиф по числам варианта IC-36 (по умолчанию A: три строки 11 × 2,25 u, слева квадратные маркеры 2,75 u, зазор маркер–строка 1,5 u, шаг строк 4,5 u); keyline 1 u. Белая маска.","Финал не из ImageGen и не из Codex — только движок draw_icons.py с точными токенами (02 §5.4). Не менять 27 принятых значков и их файлы (sha1 в manifest.json). Не запекать цифры и буквы (И-7). Без мазка, брызг, блика, градиента, тени (ВР-09, ДНК 1). 16 px в HUD нет (ВР-42). Не три голые полосы (это ≡ меню) и не стопка (resource-card).",draw_icons.py,—,"art/imagegen/hud-icons-v3/: masters/ui-log.png (1024); sizes/ui-log-{16,18,21,24,32,36,48,64,72,96}.png; строка на листе art/imagegen/hud-icons-v3/sheets/vr44/sheet-vr44.png; manifest.json дополнен; лист приёмки docs/game-design/evidence/VISUAL/IC-55/ (PNG и README.md)","/Game/S08/UI/IconsV3/T_IV3_ui_log_{18,24,32,36,48,64}; UUmHudTop LogButton (класс S); откат -S08SlateHud=top","1 текстура × 6 размеров (18, 24, 32, 36, 48, 64 px) ≈ 38 КБ BGRA без сжатия","Лист art/imagegen/hud-icons-v3/sheets/vr44/sheet-vr44.png и docs/game-design/evidence/VISUAL/IC-55/: мастер 1024 и 18/24/32/48 px ×4 nearest, цвет / серый (luma Rec.709) / дейтеранопия, фоны card.navy, card.cream, #808080; audit.json — margin_px ≥ 32, детали ≥ 1 px, seam_px не выше набора v3; sha1 принятых файлов в manifest.json те же. При 18 и 24 px в сером рядом с ui-menu и resource-card — три разных значка. UE: текстуры ue_target есть в ue-import-report.json; G-ICON |Δ| ≤ 0,45 (IC-70). Кадр K1 packaged -Bench на Marmoreal original и Sarpedon original (шесть фигур v2), 1080p и 720p, 100 % и 150 % — после подключения блока TOP (класс S). Приёмка по делегированию (ВР-42, ВР-60): каждый PNG открыт глазами (Read), вердикт в README листа, реестр 03 — «художественно принято, по делегированию», дата; затем id переходит в ACCEPTED_VR44 и становится видом по умолчанию.","сделано (68d253a7), влито 236658c8; лист docs/game-design/evidence/VISUAL/IC-55; формы художественно приняты по делегированию 2026-10-06, кадр K1 — после HB-43"
IC-56,icon,ui-step — глиф «▲» (и «▼») выбора числа,P1,IC-33,Игрок меняет число в отложенном выборе кнопками вверх и вниз.,PENDING «Число ▲▼» (04 §2.8),"своего движения нет; кнопка: hover 150, press 80 мс (02 §4.3); в контракте — стандартные appear 180 / leave 120 для импорта и галереи",— (значок статичен; состояния даёт кнопка UUmButton),"на обычной кнопке: normal, hover, pressed, disabled 0,4, focus (02 §4.3); на главной — глиф красится card.navy","24 su; ▼ — тот же значок, повёрнутый на 180°; ≠ state-warning (нет «!» и кромки)",card.glyph; card.navy; mark.keyline,—,"docs/game-design/visual/04-hud-spec.md §2.1, §2.8, §3.1, §4.3; docs/game-design/visual/02-visual-design.md §4.3; art/imagegen/hud-icons-v3/STYLE-v3.md §1–§4, §8, §11; art/imagegen/hud-icons-v3/_tools/draw_icons.py; art/imagegen/hud-icons-v3/sheets/sheet-sizes.png; docs/game-design/visual/02-visual-design.md §5.3–§5.5, §11.4","ВР-IC10. Голый глиф: треугольник вершиной вверх, основание 12 u, высота 7,5 u, центр масс (16; 16), скругление 0,75 u; keyline 1 u. ▼ — RenderTransform 180° в UMG, отдельной текстуры нет. Белая маска.","Финал не из ImageGen и не из Codex — только движок draw_icons.py с точными токенами (02 §5.4). Не менять 27 принятых значков и их файлы (sha1 в manifest.json). Не запекать цифры и буквы (И-7). Без мазка, брызг, блика, градиента, тени (ВР-09, ДНК 1). 16 px в HUD нет (ВР-42). Без «!» внутри (это state-warning); не стрелка с древком.",draw_icons.py,—,"art/imagegen/hud-icons-v3/: masters/ui-step.png (1024); sizes/ui-step-{16,18,21,24,32,36,48,64,72,96}.png; строка на листе art/imagegen/hud-icons-v3/sheets/vr44/sheet-vr44.png; manifest.json дополнен; лист приёмки docs/game-design/evidence/VISUAL/IC-56/ (PNG и README.md)","/Game/S08/UI/IconsV3/T_IV3_ui_step_{18,24,32,36,48,64}; UUmHudPending (числовой виджет, 04 §2.8); откат -S08SlateHud=pending","1 текстура × 6 размеров (18, 24, 32, 36, 48, 64 px) ≈ 38 КБ BGRA без сжатия","Лист art/imagegen/hud-icons-v3/sheets/vr44/sheet-vr44.png и docs/game-design/evidence/VISUAL/IC-56/: мастер 1024 и 18/24/32/48 px ×4 nearest, цвет / серый (luma Rec.709) / дейтеранопия, фоны card.navy, card.cream, #808080; audit.json — margin_px ≥ 32, детали ≥ 1 px, seam_px не выше набора v3; sha1 принятых файлов в manifest.json те же. Поворот на 180° не сдвигает центр масс (пиксельно симметрично по вертикали после поворота). UE: текстуры ue_target есть в ue-import-report.json; G-ICON |Δ| ≤ 0,45 (IC-70). Кадр K1 packaged -Bench на Marmoreal original и Sarpedon original (шесть фигур v2), 1080p и 720p, 100 % и 150 % — после подключения блока PENDING. Приёмка по делегированию (ВР-42, ВР-60): каждый PNG открыт глазами (Read), вердикт в README листа, реестр 03 — «художественно принято, по делегированию», дата; затем id переходит в ACCEPTED_VR44 и становится видом по умолчанию.","сделано (3109c475), влито 236658c8; лист docs/game-design/evidence/VISUAL/IC-56, художественно принято по делегированию 2026-10-07 (ревью VS-2)"
IC-57,icon,ui-check — глиф «✓» готовности и выбора,P5,IC-33,Игрок видит «готов» и выбранный вариант без цвета.,"ROOM «ГОТОВ ✓», выбранная доска «Marmoreal ✓» (04 §1.4); флажки настроек PAUSE (04 §1.8)","своего движения нет; кнопка: hover 150, press 80 мс (02 §4.3); в контракте — стандартные appear 180 / leave 120 для импорта и галереи",— (значок статичен; состояния даёт кнопка UUmButton),"на обычной кнопке: normal, hover, pressed, disabled 0,4, focus (02 §4.3); на главной — глиф красится card.navy",24 su; на чипе «выбрано» state.pending — только белый (02 §3.5),card.glyph; card.navy; mark.keyline,—,"docs/game-design/visual/04-hud-spec.md §2.1, §2.8, §3.1, §4.3; docs/game-design/visual/02-visual-design.md §4.3; art/imagegen/hud-icons-v3/STYLE-v3.md §1–§4, §8, §11; art/imagegen/hud-icons-v3/_tools/draw_icons.py; art/imagegen/hud-icons-v3/sheets/sheet-sizes.png; docs/game-design/visual/02-visual-design.md §5.3–§5.5, §11.4","ВР-IC10. Голый глиф: ломаная (−6; 0,5) → (−2; 4,75) → (7; −5,5) u от центра, штрих 2,75 u, стык miter, концы плоские; keyline 1 u. Белая маска.","Финал не из ImageGen и не из Codex — только движок draw_icons.py с точными токенами (02 §5.4). Не менять 27 принятых значков и их файлы (sha1 в manifest.json). Не запекать цифры и буквы (И-7). Без мазка, брызг, блика, градиента, тени (ВР-09, ДНК 1). 16 px в HUD нет (ВР-42). Не зелёный (зелёный занят лечением и зонами); не в круге (круг — чип P1).",draw_icons.py,—,"art/imagegen/hud-icons-v3/: masters/ui-check.png (1024); sizes/ui-check-{16,18,21,24,32,36,48,64,72,96}.png; строка на листе art/imagegen/hud-icons-v3/sheets/vr44/sheet-vr44.png; manifest.json дополнен; лист приёмки docs/game-design/evidence/VISUAL/IC-57/ (PNG и README.md)","/Game/S08/UI/IconsV3/T_IV3_ui_check_{18,24,32,36,48,64}; UUmButton Icon в WBP экрана ROOM, флажки PAUSE; откат -S08SlateHud=room","1 текстура × 6 размеров (18, 24, 32, 36, 48, 64 px) ≈ 38 КБ BGRA без сжатия","Лист art/imagegen/hud-icons-v3/sheets/vr44/sheet-vr44.png и docs/game-design/evidence/VISUAL/IC-57/: мастер 1024 и 18/24/32/48 px ×4 nearest, цвет / серый (luma Rec.709) / дейтеранопия, фоны card.navy, card.cream, #808080; audit.json — margin_px ≥ 32, детали ≥ 1 px, seam_px не выше набора v3; sha1 принятых файлов в manifest.json те же. На теле state.pending и на panel.bg галочка читается при 18 px. UE: текстуры ue_target есть в ue-import-report.json; G-ICON |Δ| ≤ 0,45 (IC-70). Кадр K1 packaged -Bench на Marmoreal original и Sarpedon original (шесть фигур v2), 1080p и 720p, 100 % и 150 % — после подключения блока ROOM и PAUSE. Приёмка по делегированию (ВР-42, ВР-60): каждый PNG открыт глазами (Read), вердикт в README листа, реестр 03 — «художественно принято, по делегированию», дата; затем id переходит в ACCEPTED_VR44 и становится видом по умолчанию.","сделано (53bec304, VS-7 S3): глиф ui-check движка v3, T_IV3_ui_check_18…64; художественно принято, по делегированию 2026-10-08 (VS-7 Frames 2026-10-08, пакеты 37042366 / 30e07c84, влито caaf91cb); packaged: «ГОТОВ ✓» слотов и чип доски ROOM на 1080p / 720p / 720p 150 %; лист evidence/VISUAL/IC-57; README docs/game-design/evidence/VISUAL/VS-7 и evidence/VISUAL/IC-57"
IC-58,cursor,cursor-default — обычный курсор,P1,IC-33,"Обычный курсор в языке игры, видный на любой доске.","везде (04 §3.2, 02 §4.4); системный курсор скрыт",статичен,— (статичен),"обычный; ×1 32 px, ×2 64 px; DPI 0,75 → 24 px, 150 % → 48 px","32 px ×1 (24 px при 720p); keyline 2 px держит на светлых пространствах, белое тело — на тёмном заднике Marmoreal; в сером читается всегда",card.glyph; mark.keyline,—,"docs/game-design/visual/02-visual-design.md §4.4 (ВР-46); docs/game-design/visual/04-hud-spec.md §3.2, §4.2; docs/unreal/contracts/hud/HUD-AND-ICONS.md §3.3 №64–67 (курсоры mvp-v1 — перерисовать); подключение — HB-12 (UUmCursor); HB-09 описывает тот же набор пакетом Codex — дубль, делается один раз (ВР-IC11); art/imagegen/hud-icons-v3/STYLE-v3.md §1–§4, §8, §11; art/imagegen/hud-icons-v3/_tools/draw_icons.py; art/imagegen/hud-icons-v3/sheets/sheet-sizes.png; docs/game-design/visual/02-visual-design.md §5.3–§5.5, §11.4","ВР-IC11 (по делегированию). Полигон стрелки в u (= px при 32): (3; 3), (3; 24), (8; 19), (11,75; 27,5), (15,25; 26), (11,5; 17,5), (18,5; 17,5); тело card.glyph, keyline mark.keyline 2 u снаружи (2 px при 32, 4 px при 64), стык miter с лимитом 2 (остриё срезается, не выходит за поле). Горячая точка — острие внешней кромки; движок пишет её для каждого размера в art/imagegen/hud-icons-v3/cursor-hotspots.json (02 §4.4 даёт ориентир (1; 1)).","Финал не из ImageGen и не из Codex — только движок draw_icons.py с точными токенами (02 §5.4). Не менять 27 принятых значков и их файлы (sha1 в manifest.json). Не запекать цифры и буквы (И-7). Без мазка, брызг, блика, градиента, тени (ВР-09, ДНК 1). 16 px в HUD нет (ВР-42). Без тени (02 §4.4); не цвет команды; не оставлять системный курсор Windows поверх.",draw_icons.py,—,"art/imagegen/hud-icons-v3/: masters/cursor-default.png (1024); sizes/cursor-default-{16,18,21,24,32,36,48,64,72,96}.png; art/imagegen/hud-icons-v3/cursor-hotspots.json; в контракт движения и в IconsV3 курсоры не идут; строка на листе art/imagegen/hud-icons-v3/sheets/vr44/sheet-vr44.png; manifest.json дополнен; лист приёмки docs/game-design/evidence/VISUAL/IC-58/ (PNG и README.md)","/Game/S08/UI/Cursors/T_Cursor_Default — 32 px (×1), с суффиксом _x2 — 64 px, _24 и _48 — DPI 0,75 и 150 % (имена и импорт — как ждёт HB-12: tools/art/hud_skins_import.py --cursors); UUmCursor (WBP_UmCursor), UGameViewportClient::SetSoftwareCursorWidget (04 §3.2, §4.2); откат -S08SlateHud=cursor — системный курсор","1 текстура × 4 размера (24, 32, 48, 64 px) ≈ 31 КБ BGRA без сжатия; 1 виджет курсора","Лист art/imagegen/hud-icons-v3/sheets/vr44/sheet-vr44.png и docs/game-design/evidence/VISUAL/IC-58/: мастер 1024 и 24/32/48/64 px ×4 nearest, цвет / серый (luma Rec.709) / дейтеранопия, фоны card.navy, card.cream, #808080; audit.json — margin_px ≥ 32, детали ≥ 1 px, seam_px не выше набора v3; sha1 принятых файлов в manifest.json те же. Курсор виден на светлом пространстве Marmoreal (#DEDEE0) и на тёмной палубе Sarpedon (#A43839) на кадрах K1; клик острием по краю клетки 32 px попадает в неё (трасса клика S09). UE: текстуры T_Cursor_* импортированы (HB-12), трасса HUD-CURSOR state=default|pointer|denied|busy; G-ICON не применяется (курсоры вне контракта движения). Кадр K1 packaged -Bench на Marmoreal original и Sarpedon original (шесть фигур v2), 1080p и 720p, 100 % и 150 % — после подключения блока курсоров (04 §5.2 шаг H3). Приёмка по делегированию (ВР-42, ВР-60): каждый PNG открыт глазами (Read), вердикт в README листа, реестр 03 — «художественно принято, по делегированию», дата; затем id переходит в ACCEPTED_VR44 и становится видом по умолчанию.","сделано (3109c475), влито 236658c8; лист docs/game-design/evidence/VISUAL/IC-58, художественно принято по делегированию 2026-10-07 (ревью VS-2)"
IC-59,cursor,cursor-pointer — указатель «можно нажать»,P1,"IC-33, IC-36","Игрок видит, что элемент под курсором кликабелен.","наведение на кнопки, карты, свои фигуры, подсвеченные клетки (04 §3.2); CUE-001 смена курсора (150 мс)",статичен; смена курсора в кадр наведения (CUE-001),— (статичен),указатель; ×1 / ×2,"32 px ×1 (24 px при 720p); keyline 2 px держит на светлых пространствах, белое тело — на тёмном заднике Marmoreal; в сером читается всегда",card.glyph; mark.keyline; card.cream,—,"docs/game-design/visual/02-visual-design.md §4.4 (ВР-46); docs/game-design/visual/04-hud-spec.md §3.2, §4.2; docs/unreal/contracts/hud/HUD-AND-ICONS.md §3.3 №64–67 (курсоры mvp-v1 — перерисовать); подключение — HB-12 (UUmCursor); HB-09 описывает тот же набор пакетом Codex — дубль, делается один раз (ВР-IC11); art/imagegen/hud-icons-v3/STYLE-v3.md §1–§4, §8, §11; art/imagegen/hud-icons-v3/_tools/draw_icons.py; art/imagegen/hud-icons-v3/sheets/sheet-sizes.png; docs/game-design/visual/02-visual-design.md §5.3–§5.5, §11.4; art/imagegen/hud-icons-vr44-codex/README.md (IC-36)","ВР-IC11. Форма — по числам рекомендованного варианта IC-36 (A — плоская рука, указательный палец вверх-влево; B — стрелка cursor-default с кольцом card.cream у острия); тело card.glyph, keyline 2 u; горячая точка — кончик пальца или острие, в cursor-hotspots.json.","Финал не из ImageGen и не из Codex — только движок draw_icons.py с точными токенами (02 §5.4). Не менять 27 принятых значков и их файлы (sha1 в manifest.json). Не запекать цифры и буквы (И-7). Без мазка, брызг, блика, градиента, тени (ВР-09, ДНК 1). 16 px в HUD нет (ВР-42). Без тени (02 §4.4); не цвет команды; не оставлять системный курсор Windows поверх.",draw_icons.py,—,"art/imagegen/hud-icons-v3/: masters/cursor-pointer.png (1024); sizes/cursor-pointer-{16,18,21,24,32,36,48,64,72,96}.png; art/imagegen/hud-icons-v3/cursor-hotspots.json; в контракт движения и в IconsV3 курсоры не идут; строка на листе art/imagegen/hud-icons-v3/sheets/vr44/sheet-vr44.png; manifest.json дополнен; лист приёмки docs/game-design/evidence/VISUAL/IC-59/ (PNG и README.md)","/Game/S08/UI/Cursors/T_Cursor_Pointer — 32 px (×1), с суффиксом _x2 — 64 px, _24 и _48 — DPI 0,75 и 150 % (имена и импорт — как ждёт HB-12: tools/art/hud_skins_import.py --cursors); UUmCursor (WBP_UmCursor), UGameViewportClient::SetSoftwareCursorWidget (04 §3.2, §4.2); откат -S08SlateHud=cursor — системный курсор","1 текстура × 4 размера (24, 32, 48, 64 px) ≈ 31 КБ BGRA без сжатия; 1 виджет курсора","Лист art/imagegen/hud-icons-v3/sheets/vr44/sheet-vr44.png и docs/game-design/evidence/VISUAL/IC-59/: мастер 1024 и 24/32/48/64 px ×4 nearest, цвет / серый (luma Rec.709) / дейтеранопия, фоны card.navy, card.cream, #808080; audit.json — margin_px ≥ 32, детали ≥ 1 px, seam_px не выше набора v3; sha1 принятых файлов в manifest.json те же. При 24 px рука или кольцо читаются, на светлой и тёмной клетке видна граница; горячая точка совпадает с кончиком. UE: текстуры T_Cursor_* импортированы (HB-12), трасса HUD-CURSOR state=default|pointer|denied|busy; G-ICON не применяется (курсоры вне контракта движения). Кадр K1 packaged -Bench на Marmoreal original и Sarpedon original (шесть фигур v2), 1080p и 720p, 100 % и 150 % — после подключения блока курсоров (04 §5.2 шаг H3). Приёмка по делегированию (ВР-42, ВР-60): каждый PNG открыт глазами (Read), вердикт в README листа, реестр 03 — «художественно принято, по делегированию», дата; затем id переходит в ACCEPTED_VR44 и становится видом по умолчанию.","сделано (68d253a7), влито 236658c8; лист docs/game-design/evidence/VISUAL/IC-59; формы художественно приняты по делегированию 2026-10-06, кадр K1 — после HB-43"
IC-60,cursor,cursor-unavailable — недоступно,P1,IC-58,"Игрок видит, что элемент под курсором недоступен; причина — в подсказке why.*.","наведение на недоступное вместе с подсказкой why.* (04 §3.1, §3.2)",статичен,— (статичен),недоступно; ×1 / ×2,"32 px ×1 (24 px при 720p); keyline 2 px держит на светлых пространствах, белое тело — на тёмном заднике Marmoreal; в сером читается всегда",card.glyph; mark.keyline; state.error,—,"docs/game-design/visual/02-visual-design.md §4.4 (ВР-46); docs/game-design/visual/04-hud-spec.md §3.2, §4.2; docs/unreal/contracts/hud/HUD-AND-ICONS.md §3.3 №64–67 (курсоры mvp-v1 — перерисовать); подключение — HB-12 (UUmCursor); HB-09 описывает тот же набор пакетом Codex — дубль, делается один раз (ВР-IC11); art/imagegen/hud-icons-v3/STYLE-v3.md §1–§4, §8, §11; art/imagegen/hud-icons-v3/_tools/draw_icons.py; art/imagegen/hud-icons-v3/sheets/sheet-sizes.png; docs/game-design/visual/02-visual-design.md §5.3–§5.5, §11.4","ВР-IC11. cursor-default плюс малый X state.error: центр (23; 23) u, полуразмах 4,25 u, штрих 2,5 u, keyline 2 u; X в нижнем правом поле и не перекрывает остриё. Горячая точка — как у cursor-default.","Финал не из ImageGen и не из Codex — только движок draw_icons.py с точными токенами (02 §5.4). Не менять 27 принятых значков и их файлы (sha1 в manifest.json). Не запекать цифры и буквы (И-7). Без мазка, брызг, блика, градиента, тени (ВР-09, ДНК 1). 16 px в HUD нет (ВР-42). Без тени (02 §4.4); не цвет команды; не оставлять системный курсор Windows поверх.",draw_icons.py,—,"art/imagegen/hud-icons-v3/: masters/cursor-unavailable.png (1024); sizes/cursor-unavailable-{16,18,21,24,32,36,48,64,72,96}.png; art/imagegen/hud-icons-v3/cursor-hotspots.json; в контракт движения и в IconsV3 курсоры не идут; строка на листе art/imagegen/hud-icons-v3/sheets/vr44/sheet-vr44.png; manifest.json дополнен; лист приёмки docs/game-design/evidence/VISUAL/IC-60/ (PNG и README.md)","/Game/S08/UI/Cursors/T_Cursor_Denied — 32 px (×1), с суффиксом _x2 — 64 px, _24 и _48 — DPI 0,75 и 150 % (имена и импорт — как ждёт HB-12: tools/art/hud_skins_import.py --cursors); UUmCursor (WBP_UmCursor), UGameViewportClient::SetSoftwareCursorWidget (04 §3.2, §4.2); откат -S08SlateHud=cursor — системный курсор","1 текстура × 4 размера (24, 32, 48, 64 px) ≈ 31 КБ BGRA без сжатия; 1 виджет курсора","Лист art/imagegen/hud-icons-v3/sheets/vr44/sheet-vr44.png и docs/game-design/evidence/VISUAL/IC-60/: мастер 1024 и 24/32/48/64 px ×4 nearest, цвет / серый (luma Rec.709) / дейтеранопия, фоны card.navy, card.cream, #808080; audit.json — margin_px ≥ 32, детали ≥ 1 px, seam_px не выше набора v3; sha1 принятых файлов в manifest.json те же. X не теряется при 24 px; красный только у знака (И-3). UE: текстуры T_Cursor_* импортированы (HB-12), трасса HUD-CURSOR state=default|pointer|denied|busy; G-ICON не применяется (курсоры вне контракта движения). Кадр K1 packaged -Bench на Marmoreal original и Sarpedon original (шесть фигур v2), 1080p и 720p, 100 % и 150 % — после подключения блока курсоров (04 §5.2 шаг H3). Приёмка по делегированию (ВР-42, ВР-60): каждый PNG открыт глазами (Read), вердикт в README листа, реестр 03 — «художественно принято, по делегированию», дата; затем id переходит в ACCEPTED_VR44 и становится видом по умолчанию.","сделано (3109c475), влито 236658c8; лист docs/game-design/evidence/VISUAL/IC-60, художественно принято по делегированию 2026-10-07 (ревью VS-2)"
IC-61,cursor,cursor-busy — занято (команда в полёте),P1,IC-33,"Игрок видит, что команда ушла и игра ждёт сервер.","команда в полёте: V-10, кнопка «Отправлено…» (04 §3.1, §3.2)",цикл 1500 мс (icon.cycle.sent.ms); reduced — статично,"цикл 1500 мс (по образцу state-sent, кадры Constant) — 0: f00; 183: f01; 367: f02; 550: f03; 800: f04 (90°); 950: f05; 1170: f06; 1390: f07; 1500: f00 (reduced — статично, f00)",цикл 8 кадров с запечённым переворотом; reduced — статичный кадр f00,"32 px ×1 (24 px при 720p); keyline 2 px держит на светлых пространствах, белое тело — на тёмном заднике Marmoreal; в сером читается всегда",card.glyph; mark.keyline,—,"docs/game-design/visual/02-visual-design.md §4.4 (ВР-46); docs/game-design/visual/04-hud-spec.md §3.2, §4.2; docs/unreal/contracts/hud/HUD-AND-ICONS.md §3.3 №64–67 (курсоры mvp-v1 — перерисовать); подключение — HB-12 (UUmCursor); HB-09 описывает тот же набор пакетом Codex — дубль, делается один раз (ВР-IC11); art/imagegen/hud-icons-v3/STYLE-v3.md §1–§4, §8, §11; art/imagegen/hud-icons-v3/_tools/draw_icons.py; art/imagegen/hud-icons-v3/sheets/sheet-sizes.png; docs/game-design/visual/02-visual-design.md §5.3–§5.5, §11.4","ВР-IC11. Песочные часы state-sent без плашки: глиф ×1,2 (высота 21 u) по центру (16; 16), keyline 2 u. 8 кадров (02 §4.4: ≤ 8), поворот запечён в кадры, чтобы UUmCursor (HB-12) крутил только флипбук: f00…f03 — индексы 0, 2, 4, 6 списка _sent_frames() (песок течёт); f04 — индекс 6, повёрнутый на 90° (середина переворота); f05…f07 — индексы 7, 9, 11 (после переворота). Горячая точка — центр (16; 16).","Финал не из ImageGen и не из Codex — только движок draw_icons.py с точными токенами (02 §5.4). Не менять 27 принятых значков и их файлы (sha1 в manifest.json). Не запекать цифры и буквы (И-7). Без мазка, брызг, блика, градиента, тени (ВР-09, ДНК 1). 16 px в HUD нет (ВР-42). Без тени (02 §4.4); не цвет команды; не оставлять системный курсор Windows поверх.",draw_icons.py,—,"art/imagegen/hud-icons-v3/: masters/cursor-busy.png (1024); sizes/cursor-busy-{16,18,21,24,32,36,48,64,72,96}.png; art/imagegen/hud-icons-v3/cursor-hotspots.json; layers/cursor-busy_f00…f07-{24,32,48,64}.png; в контракт движения и в IconsV3 курсоры не идут; строка на листе art/imagegen/hud-icons-v3/sheets/vr44/sheet-vr44.png; manifest.json дополнен; лист приёмки docs/game-design/evidence/VISUAL/IC-61/ (PNG и README.md)","/Game/S08/UI/Cursors/T_Cursor_Busy_00…07 — 32 px (×1), с суффиксом _x2 — 64 px, _24 и _48 — DPI 0,75 и 150 % (имена и импорт — как ждёт HB-12: tools/art/hud_skins_import.py --cursors); UUmCursor (WBP_UmCursor), UGameViewportClient::SetSoftwareCursorWidget (04 §3.2, §4.2); откат -S08SlateHud=cursor — системный курсор","8 текстур × 4 размера (24, 32, 48, 64 px) ≈ 250 КБ BGRA без сжатия; 1 виджет курсора","Лист art/imagegen/hud-icons-v3/sheets/vr44/sheet-vr44.png и docs/game-design/evidence/VISUAL/IC-61/: мастер 1024 и 24/32/48/64 px ×4 nearest, цвет / серый (luma Rec.709) / дейтеранопия, фоны card.navy, card.cream, #808080; audit.json — margin_px ≥ 32, детали ≥ 1 px, seam_px не выше набора v3; sha1 принятых файлов в manifest.json те же. Цикл 1500 мс читается как пересыпание и переворот (кадр 90° на 800 мс), 8 кадров при 24 и 32 px без серой каши; reduced — статичный f00; тот же смысл, что у state-sent (И-10). UE: текстуры T_Cursor_* импортированы (HB-12), трасса HUD-CURSOR state=default|pointer|denied|busy; G-ICON не применяется (курсоры вне контракта движения). Кадр K1 packaged -Bench на Marmoreal original и Sarpedon original (шесть фигур v2), 1080p и 720p, 100 % и 150 % — после подключения блока курсоров (04 §5.2 шаг H3). Приёмка по делегированию (ВР-42, ВР-60): каждый PNG открыт глазами (Read), вердикт в README листа, реестр 03 — «художественно принято, по делегированию», дата; затем id переходит в ACCEPTED_VR44 и становится видом по умолчанию.","сделано (3109c475), влито 236658c8; лист docs/game-design/evidence/VISUAL/IC-61, художественно принято по делегированию 2026-10-07 (ревью VS-2)"
IC-62,icon,zone-gray — значок зоны «gray» (глиф: квадрат),P2,"IC-33, IC-37",Игрок узнаёт зону пространства не только по цвету: глиф ключа «gray» — квадрат.,"наведение на клетку и инспектор клетки (ВР-32); справа у клетки до трёх значков зон, больше — два и «+1» (03-ux-spec §4.2a); зоны у цели (MS-R-14)",appear 180 / leave 120 мс при смене клетки под курсором (стандарт); reduced — opacity 100,"стандарт набора (как state-boost): appear 180 мс — 0: scale 0,8, opacity 0,15; 72: scale 1,04; 120: opacity 1; 180: scale 1 (reduced — opacity 100 мс) | leave 120 мс — 0: opacity тек., scale тек.; 120: opacity 0, scale 0,92 (reduced — opacity 100 мс)",показан при наведении; в инспекторе клетки; мультизона (до 3); уход; reduced,"от 24 px (L6 < 24 px — не старший канал, не показывается; 16 px нет); диск r 11 u ≈ 16,5 px при 24 px, глиф 13 u; глиф к диску: Marmoreal 13,6 : 1; 8 глифов попарно различимы в сером при 24 px",card.navy; card.cream; card.glyph; mark.keyline,—,"docs/game-design/visual/02-visual-design.md §7.4 (ВР-32, ВР-68, замер цветов кадров I); backend/prisma/fixtures/boards/marmoreal.topology.json; backend/prisma/fixtures/boards/sarpedon.topology.json; art/imagegen/zone-icons-codex/README.md (IC-37, числа формы); docs/unreal/contracts/hud/HUD-AND-ICONS.md HI-06, §3.2 v15; docs/game-design/move-selection/03-ux-spec.md §4.2a","ВР-IC07 (по делегированию). Плашка shape.state_badge (30 u, r 1,5 u, keyline 1 u, кромка card.cream 1,25 u, тело card.navy); диск r 11 u с ободком card.cream 0,5 u (r 11…11,5); глиф «квадрат» в боксе 13 u — ориентир: квадрат 8,5 × 8,5 u, углы r 0,5 u; окончательные числа — из README IC-37 (выбранный вариант). Слои _body, _disc, _glyph; глиф — белая маска с keyline 1 px. Мастер-превью — диск цветом кадра Marmoreal. Рантайм: диск — ColorAndOpacity из профиля доски (новое поле boards[].zoneIconSrgb.gray в S08ArtBoardProfiles.json), глиф — card.navy или card.glyph, у которого контраст к диску выше. Значения для профиля: Marmoreal #DEDEE0 (6 простр.), глиф card.navy 13,6 : 1, диск к плашке navy 13,6 : 1; Sarpedon: ключа нет. ue_sizes 24, 32, 36, 48, 64.","Финал не из ImageGen и не из Codex — только движок draw_icons.py с точными токенами (02 §5.4). Не менять 27 принятых значков и их файлы (sha1 в manifest.json). Не запекать цифры и буквы (И-7). Без мазка, брызг, блика, градиента, тени (ВР-09, ДНК 1). 16 px в HUD нет (ВР-42). Не повторять занятые формы: звезда, щит, ромб, X, «!», сердце, шестигранник, «+», треугольник, круг (02 §7.4, ВР-IC07); не брать hex зон из топологии (бледные); не путать с ES08ZoneGlyph (метки зон сеточных досок, выведены); без букв A–L (D-4, И-7).",draw_icons.py,—,"art/imagegen/hud-icons-v3/: masters/zone-gray.png (1024); sizes/zone-gray-{16,18,21,24,32,36,48,64,72,96}.png; layers/zone-gray_{body,disc,glyph}[-px].png; строка на листе art/imagegen/hud-icons-v3/sheets/vr44/sheet-vr44.png; manifest.json дополнен; лист приёмки docs/game-design/evidence/VISUAL/IC-62/ (PNG и README.md)","/Game/S08/UI/IconsV3/T_IV3_zone_gray_{24,32,36,48,64} и слои T_IV3_zone_gray_body, T_IV3_zone_gray_disc, T_IV3_zone_gray_glyph; носитель — значок зоны у клетки при наведении и в инспекторе клетки (HI-06, ВР-32; подключение — карточка поля / HUD по функции «значок зоны у клетки»); цвет диска — поле профиля boards[].zoneIconSrgb (параметр, live tune); отката нет — прежнего вида не было","3 текстуры × 5 размеров (24, 32, 36, 48, 64 px) ≈ 109 КБ BGRA без сжатия; ≤ 3 значка у одной клетки","Лист art/imagegen/hud-icons-v3/sheets/vr44/sheet-vr44.png и docs/game-design/evidence/VISUAL/IC-62/: мастер 1024 и 24/32/48 px ×4 nearest, цвет / серый (luma Rec.709) / дейтеранопия, фоны card.navy, card.cream, #808080; audit.json — margin_px ≥ 32, детали ≥ 1 px, seam_px не выше набора v3; sha1 принятых файлов в manifest.json те же. Лист 8 ключей рядом при 24 и 32 px ×4 в сером — все попарно различимы; на кадрах (Marmoreal original) у клетки ключа «gray» диск цветом профиля, глиф по правилу контраста. UE: текстуры ue_target есть в ue-import-report.json; G-ICON |Δ| ≤ 0,45 (IC-70). Кадр K1 packaged -Bench на Marmoreal original и Sarpedon original (шесть фигур v2), 1080p и 720p, 100 % и 150 % — после подключения блока значка зоны у клетки. Приёмка по делегированию (ВР-42, ВР-60): каждый PNG открыт глазами (Read), вердикт в README листа, реестр 03 — «художественно принято, по делегированию», дата; затем id переходит в ACCEPTED_VR44 и становится видом по умолчанию.","сделано (20e9ac5b), влито 5c29b75e; лист docs/game-design/evidence/VISUAL/IC-62; художественно принято по делегированию 2026-10-07 (движок v3 из формы IC-37)"
IC-63,icon,zone-green — значок зоны «green» (глиф: лист),P2,"IC-33, IC-37",Игрок узнаёт зону пространства не только по цвету: глиф ключа «green» — лист.,"наведение на клетку и инспектор клетки (ВР-32); справа у клетки до трёх значков зон, больше — два и «+1» (03-ux-spec §4.2a); зоны у цели (MS-R-14)",appear 180 / leave 120 мс при смене клетки под курсором (стандарт); reduced — opacity 100,"стандарт набора (как state-boost): appear 180 мс — 0: scale 0,8, opacity 0,15; 72: scale 1,04; 120: opacity 1; 180: scale 1 (reduced — opacity 100 мс) | leave 120 мс — 0: opacity тек., scale тек.; 120: opacity 0, scale 0,92 (reduced — opacity 100 мс)",показан при наведении; в инспекторе клетки; мультизона (до 3); уход; reduced,"от 24 px (L6 < 24 px — не старший канал, не показывается; 16 px нет); диск r 11 u ≈ 16,5 px при 24 px, глиф 13 u; глиф к диску: Marmoreal 6,2 : 1, Sarpedon 4,2 : 1; 8 глифов попарно различимы в сером при 24 px",card.navy; card.cream; card.glyph; mark.keyline,—,"docs/game-design/visual/02-visual-design.md §7.4 (ВР-32, ВР-68, замер цветов кадров I); backend/prisma/fixtures/boards/marmoreal.topology.json; backend/prisma/fixtures/boards/sarpedon.topology.json; art/imagegen/zone-icons-codex/README.md (IC-37, числа формы); docs/unreal/contracts/hud/HUD-AND-ICONS.md HI-06, §3.2 v15; docs/game-design/move-selection/03-ux-spec.md §4.2a","ВР-IC07 (по делегированию). Плашка shape.state_badge (30 u, r 1,5 u, keyline 1 u, кромка card.cream 1,25 u, тело card.navy); диск r 11 u с ободком card.cream 0,5 u (r 11…11,5); глиф «лист» в боксе 13 u — ориентир: лист — миндалина 12 × 6,5 u под 45°, срединная жилка — вырез 1 u (detail ≥ 1); окончательные числа — из README IC-37 (выбранный вариант). Свой слой _glyph; _body и _disc — общие из zone-gray; глиф — белая маска с keyline 1 px. Мастер-превью — диск цветом кадра Marmoreal, вариант zone-green-sarpedon — цветом Sarpedon. Рантайм: диск — ColorAndOpacity из профиля доски (новое поле boards[].zoneIconSrgb.green в S08ArtBoardProfiles.json), глиф — card.navy или card.glyph, у которого контраст к диску выше. Значения для профиля: Marmoreal #5EA66F (14 простр.), глиф card.navy 6,2 : 1, диск к плашке navy 6,2 : 1; Sarpedon #2F8564 (8 простр.), глиф card.glyph 4,2 : 1, диск к плашке navy 4,1 : 1. ue_sizes 24, 32, 36, 48, 64.","Финал не из ImageGen и не из Codex — только движок draw_icons.py с точными токенами (02 §5.4). Не менять 27 принятых значков и их файлы (sha1 в manifest.json). Не запекать цифры и буквы (И-7). Без мазка, брызг, блика, градиента, тени (ВР-09, ДНК 1). 16 px в HUD нет (ВР-42). Не повторять занятые формы: звезда, щит, ромб, X, «!», сердце, шестигранник, «+», треугольник, круг (02 §7.4, ВР-IC07); не брать hex зон из топологии (бледные); не путать с ES08ZoneGlyph (метки зон сеточных досок, выведены); без букв A–L (D-4, И-7).",draw_icons.py,—,"art/imagegen/hud-icons-v3/: masters/zone-green.png (1024); sizes/zone-green-{16,18,21,24,32,36,48,64,72,96}.png; layers/zone-green_glyph[-px].png; masters/zone-green-sarpedon.png (вариант); строка на листе art/imagegen/hud-icons-v3/sheets/vr44/sheet-vr44.png; manifest.json дополнен; лист приёмки docs/game-design/evidence/VISUAL/IC-63/ (PNG и README.md)","/Game/S08/UI/IconsV3/T_IV3_zone_green_{24,32,36,48,64} и слои T_IV3_zone_green_glyph; носитель — значок зоны у клетки при наведении и в инспекторе клетки (HI-06, ВР-32; подключение — карточка поля / HUD по функции «значок зоны у клетки»); цвет диска — поле профиля boards[].zoneIconSrgb (параметр, live tune); отката нет — прежнего вида не было","1 текстура × 5 размеров (24, 32, 36, 48, 64 px) ≈ 36 КБ BGRA без сжатия; ≤ 3 значка у одной клетки","Лист art/imagegen/hud-icons-v3/sheets/vr44/sheet-vr44.png и docs/game-design/evidence/VISUAL/IC-63/: мастер 1024 и 24/32/48 px ×4 nearest, цвет / серый (luma Rec.709) / дейтеранопия, фоны card.navy, card.cream, #808080; audit.json — margin_px ≥ 32, детали ≥ 1 px, seam_px не выше набора v3; sha1 принятых файлов в manifest.json те же. Лист 8 ключей рядом при 24 и 32 px ×4 в сером — все попарно различимы; на кадрах (Marmoreal original, Sarpedon original) у клетки ключа «green» диск цветом профиля, глиф по правилу контраста. UE: текстуры ue_target есть в ue-import-report.json; G-ICON |Δ| ≤ 0,45 (IC-70). Кадр K1 packaged -Bench на Marmoreal original и Sarpedon original (шесть фигур v2), 1080p и 720p, 100 % и 150 % — после подключения блока значка зоны у клетки. Приёмка по делегированию (ВР-42, ВР-60): каждый PNG открыт глазами (Read), вердикт в README листа, реестр 03 — «художественно принято, по делегированию», дата; затем id переходит в ACCEPTED_VR44 и становится видом по умолчанию.","сделано (20e9ac5b), влито 5c29b75e; лист docs/game-design/evidence/VISUAL/IC-63; художественно принято по делегированию 2026-10-07 (движок v3 из формы IC-37)"
IC-64,icon,zone-blue — значок зоны «blue» (глиф: волна),P2,"IC-33, IC-37",Игрок узнаёт зону пространства не только по цвету: глиф ключа «blue» — волна.,"наведение на клетку и инспектор клетки (ВР-32); справа у клетки до трёх значков зон, больше — два и «+1» (03-ux-spec §4.2a); зоны у цели (MS-R-14)",appear 180 / leave 120 мс при смене клетки под курсором (стандарт); reduced — opacity 100,"стандарт набора (как state-boost): appear 180 мс — 0: scale 0,8, opacity 0,15; 72: scale 1,04; 120: opacity 1; 180: scale 1 (reduced — opacity 100 мс) | leave 120 мс — 0: opacity тек., scale тек.; 120: opacity 0, scale 0,92 (reduced — opacity 100 мс)",показан при наведении; в инспекторе клетки; мультизона (до 3); уход; reduced,"от 24 px (L6 < 24 px — не старший канал, не показывается; 16 px нет); диск r 11 u ≈ 16,5 px при 24 px, глиф 13 u; глиф к диску: Marmoreal 4,5 : 1, Sarpedon 7,5 : 1; 8 глифов попарно различимы в сером при 24 px",card.navy; card.cream; card.glyph; mark.keyline,—,"docs/game-design/visual/02-visual-design.md §7.4 (ВР-32, ВР-68, замер цветов кадров I); backend/prisma/fixtures/boards/marmoreal.topology.json; backend/prisma/fixtures/boards/sarpedon.topology.json; art/imagegen/zone-icons-codex/README.md (IC-37, числа формы); docs/unreal/contracts/hud/HUD-AND-ICONS.md HI-06, §3.2 v15; docs/game-design/move-selection/03-ux-spec.md §4.2a","ВР-IC07 (по делегированию). Плашка shape.state_badge (30 u, r 1,5 u, keyline 1 u, кромка card.cream 1,25 u, тело card.navy); диск r 11 u с ободком card.cream 0,5 u (r 11…11,5); глиф «волна» в боксе 13 u — ориентир: волна — две волнистые линии штрихом W 2,25 u, длина 11 u, амплитуда 1,5 u, шаг 4,5 u; окончательные числа — из README IC-37 (выбранный вариант). Свой слой _glyph; _body и _disc — общие из zone-gray; глиф — белая маска с keyline 1 px. Мастер-превью — диск цветом кадра Marmoreal, вариант zone-blue-sarpedon — цветом Sarpedon. Рантайм: диск — ColorAndOpacity из профиля доски (новое поле boards[].zoneIconSrgb.blue в S08ArtBoardProfiles.json), глиф — card.navy или card.glyph, у которого контраст к диску выше. Значения для профиля: Marmoreal #4E84A1 (14 простр.), глиф card.navy 4,5 : 1, диск к плашке navy 4,5 : 1; Sarpedon #90AABB (6 простр.), глиф card.navy 7,5 : 1, диск к плашке navy 7,5 : 1. ue_sizes 24, 32, 36, 48, 64.","Финал не из ImageGen и не из Codex — только движок draw_icons.py с точными токенами (02 §5.4). Не менять 27 принятых значков и их файлы (sha1 в manifest.json). Не запекать цифры и буквы (И-7). Без мазка, брызг, блика, градиента, тени (ВР-09, ДНК 1). 16 px в HUD нет (ВР-42). Не повторять занятые формы: звезда, щит, ромб, X, «!», сердце, шестигранник, «+», треугольник, круг (02 §7.4, ВР-IC07); не брать hex зон из топологии (бледные); не путать с ES08ZoneGlyph (метки зон сеточных досок, выведены); без букв A–L (D-4, И-7).",draw_icons.py,—,"art/imagegen/hud-icons-v3/: masters/zone-blue.png (1024); sizes/zone-blue-{16,18,21,24,32,36,48,64,72,96}.png; layers/zone-blue_glyph[-px].png; masters/zone-blue-sarpedon.png (вариант); строка на листе art/imagegen/hud-icons-v3/sheets/vr44/sheet-vr44.png; manifest.json дополнен; лист приёмки docs/game-design/evidence/VISUAL/IC-64/ (PNG и README.md)","/Game/S08/UI/IconsV3/T_IV3_zone_blue_{24,32,36,48,64} и слои T_IV3_zone_blue_glyph; носитель — значок зоны у клетки при наведении и в инспекторе клетки (HI-06, ВР-32; подключение — карточка поля / HUD по функции «значок зоны у клетки»); цвет диска — поле профиля boards[].zoneIconSrgb (параметр, live tune); отката нет — прежнего вида не было","1 текстура × 5 размеров (24, 32, 36, 48, 64 px) ≈ 36 КБ BGRA без сжатия; ≤ 3 значка у одной клетки","Лист art/imagegen/hud-icons-v3/sheets/vr44/sheet-vr44.png и docs/game-design/evidence/VISUAL/IC-64/: мастер 1024 и 24/32/48 px ×4 nearest, цвет / серый (luma Rec.709) / дейтеранопия, фоны card.navy, card.cream, #808080; audit.json — margin_px ≥ 32, детали ≥ 1 px, seam_px не выше набора v3; sha1 принятых файлов в manifest.json те же. Лист 8 ключей рядом при 24 и 32 px ×4 в сером — все попарно различимы; на кадрах (Marmoreal original, Sarpedon original) у клетки ключа «blue» диск цветом профиля, глиф по правилу контраста. UE: текстуры ue_target есть в ue-import-report.json; G-ICON |Δ| ≤ 0,45 (IC-70). Кадр K1 packaged -Bench на Marmoreal original и Sarpedon original (шесть фигур v2), 1080p и 720p, 100 % и 150 % — после подключения блока значка зоны у клетки. Приёмка по делегированию (ВР-42, ВР-60): каждый PNG открыт глазами (Read), вердикт в README листа, реестр 03 — «художественно принято, по делегированию», дата; затем id переходит в ACCEPTED_VR44 и становится видом по умолчанию.","сделано (20e9ac5b), влито 5c29b75e; лист docs/game-design/evidence/VISUAL/IC-64; художественно принято по делегированию 2026-10-07 (движок v3 из формы IC-37)"
IC-65,icon,zone-violet — значок зоны «violet» (глиф: полумесяц),P2,"IC-33, IC-37",Игрок узнаёт зону пространства не только по цвету: глиф ключа «violet» — полумесяц.,"наведение на клетку и инспектор клетки (ВР-32); справа у клетки до трёх значков зон, больше — два и «+1» (03-ux-spec §4.2a); зоны у цели (MS-R-14)",appear 180 / leave 120 мс при смене клетки под курсором (стандарт); reduced — opacity 100,"стандарт набора (как state-boost): appear 180 мс — 0: scale 0,8, opacity 0,15; 72: scale 1,04; 120: opacity 1; 180: scale 1 (reduced — opacity 100 мс) | leave 120 мс — 0: opacity тек., scale тек.; 120: opacity 0, scale 0,92 (reduced — opacity 100 мс)",показан при наведении; в инспекторе клетки; мультизона (до 3); уход; reduced,"от 24 px (L6 < 24 px — не старший канал, не показывается; 16 px нет); диск r 11 u ≈ 16,5 px при 24 px, глиф 13 u; глиф к диску: Marmoreal 5,4 : 1; 8 глифов попарно различимы в сером при 24 px",card.navy; card.cream; card.glyph; mark.keyline,—,"docs/game-design/visual/02-visual-design.md §7.4 (ВР-32, ВР-68, замер цветов кадров I); backend/prisma/fixtures/boards/marmoreal.topology.json; backend/prisma/fixtures/boards/sarpedon.topology.json; art/imagegen/zone-icons-codex/README.md (IC-37, числа формы); docs/unreal/contracts/hud/HUD-AND-ICONS.md HI-06, §3.2 v15; docs/game-design/move-selection/03-ux-spec.md §4.2a","ВР-IC07 (по делегированию). Плашка shape.state_badge (30 u, r 1,5 u, keyline 1 u, кромка card.cream 1,25 u, тело card.navy); диск r 11 u с ободком card.cream 0,5 u (r 11…11,5); глиф «полумесяц» в боксе 13 u — ориентир: полумесяц — круг r 6 u минус круг r 5 u со сдвигом 2,75 u вправо, рога вправо; окончательные числа — из README IC-37 (выбранный вариант). Свой слой _glyph; _body и _disc — общие из zone-gray; глиф — белая маска с keyline 1 px. Мастер-превью — диск цветом кадра Marmoreal. Рантайм: диск — ColorAndOpacity из профиля доски (новое поле boards[].zoneIconSrgb.violet в S08ArtBoardProfiles.json), глиф — card.navy или card.glyph, у которого контраст к диску выше. Значения для профиля: Marmoreal #9187A9 (4 простр.), глиф card.navy 5,4 : 1, диск к плашке navy 5,4 : 1; Sarpedon: ключа нет. ue_sizes 24, 32, 36, 48, 64.","Финал не из ImageGen и не из Codex — только движок draw_icons.py с точными токенами (02 §5.4). Не менять 27 принятых значков и их файлы (sha1 в manifest.json). Не запекать цифры и буквы (И-7). Без мазка, брызг, блика, градиента, тени (ВР-09, ДНК 1). 16 px в HUD нет (ВР-42). Не повторять занятые формы: звезда, щит, ромб, X, «!», сердце, шестигранник, «+», треугольник, круг (02 §7.4, ВР-IC07); не брать hex зон из топологии (бледные); не путать с ES08ZoneGlyph (метки зон сеточных досок, выведены); без букв A–L (D-4, И-7).",draw_icons.py,—,"art/imagegen/hud-icons-v3/: masters/zone-violet.png (1024); sizes/zone-violet-{16,18,21,24,32,36,48,64,72,96}.png; layers/zone-violet_glyph[-px].png; строка на листе art/imagegen/hud-icons-v3/sheets/vr44/sheet-vr44.png; manifest.json дополнен; лист приёмки docs/game-design/evidence/VISUAL/IC-65/ (PNG и README.md)","/Game/S08/UI/IconsV3/T_IV3_zone_violet_{24,32,36,48,64} и слои T_IV3_zone_violet_glyph; носитель — значок зоны у клетки при наведении и в инспекторе клетки (HI-06, ВР-32; подключение — карточка поля / HUD по функции «значок зоны у клетки»); цвет диска — поле профиля boards[].zoneIconSrgb (параметр, live tune); отката нет — прежнего вида не было","1 текстура × 5 размеров (24, 32, 36, 48, 64 px) ≈ 36 КБ BGRA без сжатия; ≤ 3 значка у одной клетки","Лист art/imagegen/hud-icons-v3/sheets/vr44/sheet-vr44.png и docs/game-design/evidence/VISUAL/IC-65/: мастер 1024 и 24/32/48 px ×4 nearest, цвет / серый (luma Rec.709) / дейтеранопия, фоны card.navy, card.cream, #808080; audit.json — margin_px ≥ 32, детали ≥ 1 px, seam_px не выше набора v3; sha1 принятых файлов в manifest.json те же. Лист 8 ключей рядом при 24 и 32 px ×4 в сером — все попарно различимы; на кадрах (Marmoreal original) у клетки ключа «violet» диск цветом профиля, глиф по правилу контраста. UE: текстуры ue_target есть в ue-import-report.json; G-ICON |Δ| ≤ 0,45 (IC-70). Кадр K1 packaged -Bench на Marmoreal original и Sarpedon original (шесть фигур v2), 1080p и 720p, 100 % и 150 % — после подключения блока значка зоны у клетки. Приёмка по делегированию (ВР-42, ВР-60): каждый PNG открыт глазами (Read), вердикт в README листа, реестр 03 — «художественно принято, по делегированию», дата; затем id переходит в ACCEPTED_VR44 и становится видом по умолчанию.","сделано (20e9ac5b), влито 5c29b75e; лист docs/game-design/evidence/VISUAL/IC-65; художественно принято по делегированию 2026-10-07 (движок v3 из формы IC-37)"
IC-66,icon,zone-purple — значок зоны «purple» (глиф: арка),P2,"IC-33, IC-37",Игрок узнаёт зону пространства не только по цвету: глиф ключа «purple» — арка.,"наведение на клетку и инспектор клетки (ВР-32); справа у клетки до трёх значков зон, больше — два и «+1» (03-ux-spec §4.2a); зоны у цели (MS-R-14)",appear 180 / leave 120 мс при смене клетки под курсором (стандарт); reduced — opacity 100,"стандарт набора (как state-boost): appear 180 мс — 0: scale 0,8, opacity 0,15; 72: scale 1,04; 120: opacity 1; 180: scale 1 (reduced — opacity 100 мс) | leave 120 мс — 0: opacity тек., scale тек.; 120: opacity 0, scale 0,92 (reduced — opacity 100 мс)",показан при наведении; в инспекторе клетки; мультизона (до 3); уход; reduced,"от 24 px (L6 < 24 px — не старший канал, не показывается; 16 px нет); диск r 11 u ≈ 16,5 px при 24 px, глиф 13 u; глиф к диску: Marmoreal 5,7 : 1, Sarpedon 5,7 : 1; 8 глифов попарно различимы в сером при 24 px",card.navy; card.cream; card.glyph; mark.keyline,—,"docs/game-design/visual/02-visual-design.md §7.4 (ВР-32, ВР-68, замер цветов кадров I); backend/prisma/fixtures/boards/marmoreal.topology.json; backend/prisma/fixtures/boards/sarpedon.topology.json; art/imagegen/zone-icons-codex/README.md (IC-37, числа формы); docs/unreal/contracts/hud/HUD-AND-ICONS.md HI-06, §3.2 v15; docs/game-design/move-selection/03-ux-spec.md §4.2a","ВР-IC07 (по делегированию). Плашка shape.state_badge (30 u, r 1,5 u, keyline 1 u, кромка card.cream 1,25 u, тело card.navy); диск r 11 u с ободком card.cream 0,5 u (r 11…11,5); глиф «арка» в боксе 13 u — ориентир: арка — П-образная арка 11 × 11 u, проём 4,5 × 6 u с полукруглым верхом; окончательные числа — из README IC-37 (выбранный вариант). Свой слой _glyph; _body и _disc — общие из zone-gray; глиф — белая маска с keyline 1 px. Мастер-превью — диск цветом кадра Marmoreal, вариант zone-purple-sarpedon — цветом Sarpedon. Рантайм: диск — ColorAndOpacity из профиля доски (новое поле boards[].zoneIconSrgb.purple в S08ArtBoardProfiles.json), глиф — card.navy или card.glyph, у которого контраст к диску выше. Значения для профиля: Marmoreal #904A80 (5 простр.), глиф card.glyph 5,7 : 1, диск к плашке navy 3,0 : 1 — границу держит кремовый ободок; Sarpedon #B182A2 (11 простр.), глиф card.navy 5,7 : 1, диск к плашке navy 5,7 : 1. ue_sizes 24, 32, 36, 48, 64.","Финал не из ImageGen и не из Codex — только движок draw_icons.py с точными токенами (02 §5.4). Не менять 27 принятых значков и их файлы (sha1 в manifest.json). Не запекать цифры и буквы (И-7). Без мазка, брызг, блика, градиента, тени (ВР-09, ДНК 1). 16 px в HUD нет (ВР-42). Не повторять занятые формы: звезда, щит, ромб, X, «!», сердце, шестигранник, «+», треугольник, круг (02 §7.4, ВР-IC07); не брать hex зон из топологии (бледные); не путать с ES08ZoneGlyph (метки зон сеточных досок, выведены); без букв A–L (D-4, И-7).",draw_icons.py,—,"art/imagegen/hud-icons-v3/: masters/zone-purple.png (1024); sizes/zone-purple-{16,18,21,24,32,36,48,64,72,96}.png; layers/zone-purple_glyph[-px].png; masters/zone-purple-sarpedon.png (вариант); строка на листе art/imagegen/hud-icons-v3/sheets/vr44/sheet-vr44.png; manifest.json дополнен; лист приёмки docs/game-design/evidence/VISUAL/IC-66/ (PNG и README.md)","/Game/S08/UI/IconsV3/T_IV3_zone_purple_{24,32,36,48,64} и слои T_IV3_zone_purple_glyph; носитель — значок зоны у клетки при наведении и в инспекторе клетки (HI-06, ВР-32; подключение — карточка поля / HUD по функции «значок зоны у клетки»); цвет диска — поле профиля boards[].zoneIconSrgb (параметр, live tune); отката нет — прежнего вида не было","1 текстура × 5 размеров (24, 32, 36, 48, 64 px) ≈ 36 КБ BGRA без сжатия; ≤ 3 значка у одной клетки","Лист art/imagegen/hud-icons-v3/sheets/vr44/sheet-vr44.png и docs/game-design/evidence/VISUAL/IC-66/: мастер 1024 и 24/32/48 px ×4 nearest, цвет / серый (luma Rec.709) / дейтеранопия, фоны card.navy, card.cream, #808080; audit.json — margin_px ≥ 32, детали ≥ 1 px, seam_px не выше набора v3; sha1 принятых файлов в manifest.json те же. Лист 8 ключей рядом при 24 и 32 px ×4 в сером — все попарно различимы; на кадрах (Marmoreal original, Sarpedon original) у клетки ключа «purple» диск цветом профиля, глиф по правилу контраста. UE: текстуры ue_target есть в ue-import-report.json; G-ICON |Δ| ≤ 0,45 (IC-70). Кадр K1 packaged -Bench на Marmoreal original и Sarpedon original (шесть фигур v2), 1080p и 720p, 100 % и 150 % — после подключения блока значка зоны у клетки. Приёмка по делегированию (ВР-42, ВР-60): каждый PNG открыт глазами (Read), вердикт в README листа, реестр 03 — «художественно принято, по делегированию», дата; затем id переходит в ACCEPTED_VR44 и становится видом по умолчанию.","сделано (20e9ac5b), влито 5c29b75e; лист docs/game-design/evidence/VISUAL/IC-66; художественно принято по делегированию 2026-10-07 (движок v3 из формы IC-37)"
IC-67,icon,zone-red — значок зоны «red» (глиф: пламя),P2,"IC-33, IC-37",Игрок узнаёт зону пространства не только по цвету: глиф ключа «red» — пламя.,"наведение на клетку и инспектор клетки (ВР-32); справа у клетки до трёх значков зон, больше — два и «+1» (03-ux-spec §4.2a); зоны у цели (MS-R-14)",appear 180 / leave 120 мс при смене клетки под курсором (стандарт); reduced — opacity 100,"стандарт набора (как state-boost): appear 180 мс — 0: scale 0,8, opacity 0,15; 72: scale 1,04; 120: opacity 1; 180: scale 1 (reduced — opacity 100 мс) | leave 120 мс — 0: opacity тек., scale тек.; 120: opacity 0, scale 0,92 (reduced — opacity 100 мс)",показан при наведении; в инспекторе клетки; мультизона (до 3); уход; reduced,"от 24 px (L6 < 24 px — не старший канал, не показывается; 16 px нет); диск r 11 u ≈ 16,5 px при 24 px, глиф 13 u; глиф к диску: Marmoreal 7,8 : 1, Sarpedon 6,2 : 1; 8 глифов попарно различимы в сером при 24 px",card.navy; card.cream; card.glyph; mark.keyline,—,"docs/game-design/visual/02-visual-design.md §7.4 (ВР-32, ВР-68, замер цветов кадров I); backend/prisma/fixtures/boards/marmoreal.topology.json; backend/prisma/fixtures/boards/sarpedon.topology.json; art/imagegen/zone-icons-codex/README.md (IC-37, числа формы); docs/unreal/contracts/hud/HUD-AND-ICONS.md HI-06, §3.2 v15; docs/game-design/move-selection/03-ux-spec.md §4.2a","ВР-IC07 (по делегированию). Плашка shape.state_badge (30 u, r 1,5 u, keyline 1 u, кромка card.cream 1,25 u, тело card.navy); диск r 11 u с ободком card.cream 0,5 u (r 11…11,5); глиф «пламя» в боксе 13 u — ориентир: пламя — язык 8 × 12 u остриём вверх, внутренний язычок — вырез (detail ≥ 1); окончательные числа — из README IC-37 (выбранный вариант). Свой слой _glyph; _body и _disc — общие из zone-gray; глиф — белая маска с keyline 1 px. Мастер-превью — диск цветом кадра Marmoreal, вариант zone-red-sarpedon — цветом Sarpedon. Рантайм: диск — ColorAndOpacity из профиля доски (новое поле boards[].zoneIconSrgb.red в S08ArtBoardProfiles.json), глиф — card.navy или card.glyph, у которого контраст к диску выше. Значения для профиля: Marmoreal #D39BA5 (4 простр.), глиф card.navy 7,8 : 1, диск к плашке navy 7,8 : 1; Sarpedon #A43839 (6 простр.), глиф card.glyph 6,2 : 1, диск к плашке navy 2,8 : 1 — границу держит кремовый ободок. ue_sizes 24, 32, 36, 48, 64.","Финал не из ImageGen и не из Codex — только движок draw_icons.py с точными токенами (02 §5.4). Не менять 27 принятых значков и их файлы (sha1 в manifest.json). Не запекать цифры и буквы (И-7). Без мазка, брызг, блика, градиента, тени (ВР-09, ДНК 1). 16 px в HUD нет (ВР-42). Не повторять занятые формы: звезда, щит, ромб, X, «!», сердце, шестигранник, «+», треугольник, круг (02 §7.4, ВР-IC07); не брать hex зон из топологии (бледные); не путать с ES08ZoneGlyph (метки зон сеточных досок, выведены); без букв A–L (D-4, И-7).",draw_icons.py,—,"art/imagegen/hud-icons-v3/: masters/zone-red.png (1024); sizes/zone-red-{16,18,21,24,32,36,48,64,72,96}.png; layers/zone-red_glyph[-px].png; masters/zone-red-sarpedon.png (вариант); строка на листе art/imagegen/hud-icons-v3/sheets/vr44/sheet-vr44.png; manifest.json дополнен; лист приёмки docs/game-design/evidence/VISUAL/IC-67/ (PNG и README.md)","/Game/S08/UI/IconsV3/T_IV3_zone_red_{24,32,36,48,64} и слои T_IV3_zone_red_glyph; носитель — значок зоны у клетки при наведении и в инспекторе клетки (HI-06, ВР-32; подключение — карточка поля / HUD по функции «значок зоны у клетки»); цвет диска — поле профиля boards[].zoneIconSrgb (параметр, live tune); отката нет — прежнего вида не было","1 текстура × 5 размеров (24, 32, 36, 48, 64 px) ≈ 36 КБ BGRA без сжатия; ≤ 3 значка у одной клетки","Лист art/imagegen/hud-icons-v3/sheets/vr44/sheet-vr44.png и docs/game-design/evidence/VISUAL/IC-67/: мастер 1024 и 24/32/48 px ×4 nearest, цвет / серый (luma Rec.709) / дейтеранопия, фоны card.navy, card.cream, #808080; audit.json — margin_px ≥ 32, детали ≥ 1 px, seam_px не выше набора v3; sha1 принятых файлов в manifest.json те же. Лист 8 ключей рядом при 24 и 32 px ×4 в сером — все попарно различимы; на кадрах (Marmoreal original, Sarpedon original) у клетки ключа «red» диск цветом профиля, глиф по правилу контраста. UE: текстуры ue_target есть в ue-import-report.json; G-ICON |Δ| ≤ 0,45 (IC-70). Кадр K1 packaged -Bench на Marmoreal original и Sarpedon original (шесть фигур v2), 1080p и 720p, 100 % и 150 % — после подключения блока значка зоны у клетки. Приёмка по делегированию (ВР-42, ВР-60): каждый PNG открыт глазами (Read), вердикт в README листа, реестр 03 — «художественно принято, по делегированию», дата; затем id переходит в ACCEPTED_VR44 и становится видом по умолчанию.","сделано (20e9ac5b), влито 5c29b75e; лист docs/game-design/evidence/VISUAL/IC-67; художественно принято по делегированию 2026-10-07 (движок v3 из формы IC-37)"
IC-68,icon,zone-brown — значок зоны «brown» (глиф: холм),P2,"IC-33, IC-37",Игрок узнаёт зону пространства не только по цвету: глиф ключа «brown» — холм.,"наведение на клетку и инспектор клетки (ВР-32); справа у клетки до трёх значков зон, больше — два и «+1» (03-ux-spec §4.2a); зоны у цели (MS-R-14)",appear 180 / leave 120 мс при смене клетки под курсором (стандарт); reduced — opacity 100,"стандарт набора (как state-boost): appear 180 мс — 0: scale 0,8, opacity 0,15; 72: scale 1,04; 120: opacity 1; 180: scale 1 (reduced — opacity 100 мс) | leave 120 мс — 0: opacity тек., scale тек.; 120: opacity 0, scale 0,92 (reduced — opacity 100 мс)",показан при наведении; в инспекторе клетки; мультизона (до 3); уход; reduced,"от 24 px (L6 < 24 px — не старший канал, не показывается; 16 px нет); диск r 11 u ≈ 16,5 px при 24 px, глиф 13 u; глиф к диску: Marmoreal 4,2 : 1, Sarpedon 5,2 : 1; 8 глифов попарно различимы в сером при 24 px",card.navy; card.cream; card.glyph; mark.keyline,—,"docs/game-design/visual/02-visual-design.md §7.4 (ВР-32, ВР-68, замер цветов кадров I); backend/prisma/fixtures/boards/marmoreal.topology.json; backend/prisma/fixtures/boards/sarpedon.topology.json; art/imagegen/zone-icons-codex/README.md (IC-37, числа формы); docs/unreal/contracts/hud/HUD-AND-ICONS.md HI-06, §3.2 v15; docs/game-design/move-selection/03-ux-spec.md §4.2a","ВР-IC07 (по делегированию). Плашка shape.state_badge (30 u, r 1,5 u, keyline 1 u, кромка card.cream 1,25 u, тело card.navy); диск r 11 u с ободком card.cream 0,5 u (r 11…11,5); глиф «холм» в боксе 13 u — ориентир: холм — трапеция: основание 12 u, верх 5,5 u, высота 7 u, верхние углы r 1 u; окончательные числа — из README IC-37 (выбранный вариант). Свой слой _glyph; _body и _disc — общие из zone-gray; глиф — белая маска с keyline 1 px. Мастер-превью — диск цветом кадра Marmoreal, вариант zone-brown-sarpedon — цветом Sarpedon. Рантайм: диск — ColorAndOpacity из профиля доски (новое поле boards[].zoneIconSrgb.brown в S08ArtBoardProfiles.json), глиф — card.navy или card.glyph, у которого контраст к диску выше. Значения для профиля: Marmoreal #9A6D5D (7 простр.), глиф card.glyph 4,2 : 1, диск к плашке navy 4,1 : 1; Sarpedon #8C6034 (5 простр.), глиф card.glyph 5,2 : 1, диск к плашке navy 3,3 : 1. ue_sizes 24, 32, 36, 48, 64.","Финал не из ImageGen и не из Codex — только движок draw_icons.py с точными токенами (02 §5.4). Не менять 27 принятых значков и их файлы (sha1 в manifest.json). Не запекать цифры и буквы (И-7). Без мазка, брызг, блика, градиента, тени (ВР-09, ДНК 1). 16 px в HUD нет (ВР-42). Не повторять занятые формы: звезда, щит, ромб, X, «!», сердце, шестигранник, «+», треугольник, круг (02 §7.4, ВР-IC07); не брать hex зон из топологии (бледные); не путать с ES08ZoneGlyph (метки зон сеточных досок, выведены); без букв A–L (D-4, И-7).",draw_icons.py,—,"art/imagegen/hud-icons-v3/: masters/zone-brown.png (1024); sizes/zone-brown-{16,18,21,24,32,36,48,64,72,96}.png; layers/zone-brown_glyph[-px].png; masters/zone-brown-sarpedon.png (вариант); строка на листе art/imagegen/hud-icons-v3/sheets/vr44/sheet-vr44.png; manifest.json дополнен; лист приёмки docs/game-design/evidence/VISUAL/IC-68/ (PNG и README.md)","/Game/S08/UI/IconsV3/T_IV3_zone_brown_{24,32,36,48,64} и слои T_IV3_zone_brown_glyph; носитель — значок зоны у клетки при наведении и в инспекторе клетки (HI-06, ВР-32; подключение — карточка поля / HUD по функции «значок зоны у клетки»); цвет диска — поле профиля boards[].zoneIconSrgb (параметр, live tune); отката нет — прежнего вида не было","1 текстура × 5 размеров (24, 32, 36, 48, 64 px) ≈ 36 КБ BGRA без сжатия; ≤ 3 значка у одной клетки","Лист art/imagegen/hud-icons-v3/sheets/vr44/sheet-vr44.png и docs/game-design/evidence/VISUAL/IC-68/: мастер 1024 и 24/32/48 px ×4 nearest, цвет / серый (luma Rec.709) / дейтеранопия, фоны card.navy, card.cream, #808080; audit.json — margin_px ≥ 32, детали ≥ 1 px, seam_px не выше набора v3; sha1 принятых файлов в manifest.json те же. Лист 8 ключей рядом при 24 и 32 px ×4 в сером — все попарно различимы; на кадрах (Marmoreal original, Sarpedon original) у клетки ключа «brown» диск цветом профиля, глиф по правилу контраста. UE: текстуры ue_target есть в ue-import-report.json; G-ICON |Δ| ≤ 0,45 (IC-70). Кадр K1 packaged -Bench на Marmoreal original и Sarpedon original (шесть фигур v2), 1080p и 720p, 100 % и 150 % — после подключения блока значка зоны у клетки. Приёмка по делегированию (ВР-42, ВР-60): каждый PNG открыт глазами (Read), вердикт в README листа, реестр 03 — «художественно принято, по делегированию», дата; затем id переходит в ACCEPTED_VR44 и становится видом по умолчанию.","сделано (20e9ac5b), влито 5c29b75e; лист docs/game-design/evidence/VISUAL/IC-68; художественно принято по делегированию 2026-10-07 (движок v3 из формы IC-37)"
IC-69,icon,zone-yellow — значок зоны «yellow» (глиф: три точки «∴»),P2,"IC-33, IC-37",Игрок узнаёт зону пространства не только по цвету: глиф ключа «yellow» — три точки «∴».,"наведение на клетку и инспектор клетки (ВР-32); справа у клетки до трёх значков зон, больше — два и «+1» (03-ux-spec §4.2a); зоны у цели (MS-R-14)",appear 180 / leave 120 мс при смене клетки под курсором (стандарт); reduced — opacity 100,"стандарт набора (как state-boost): appear 180 мс — 0: scale 0,8, opacity 0,15; 72: scale 1,04; 120: opacity 1; 180: scale 1 (reduced — opacity 100 мс) | leave 120 мс — 0: opacity тек., scale тек.; 120: opacity 0, scale 0,92 (reduced — opacity 100 мс)",показан при наведении; в инспекторе клетки; мультизона (до 3); уход; reduced,"от 24 px (L6 < 24 px — не старший канал, не показывается; 16 px нет); диск r 11 u ≈ 16,5 px при 24 px, глиф 13 u; глиф к диску: Marmoreal 10,0 : 1, Sarpedon 11,1 : 1; 8 глифов попарно различимы в сером при 24 px",card.navy; card.cream; card.glyph; mark.keyline,—,"docs/game-design/visual/02-visual-design.md §7.4 (ВР-32, ВР-68, замер цветов кадров I); backend/prisma/fixtures/boards/marmoreal.topology.json; backend/prisma/fixtures/boards/sarpedon.topology.json; art/imagegen/zone-icons-codex/README.md (IC-37, числа формы); docs/unreal/contracts/hud/HUD-AND-ICONS.md HI-06, §3.2 v15; docs/game-design/move-selection/03-ux-spec.md §4.2a","ВР-IC07 (по делегированию). Плашка shape.state_badge (30 u, r 1,5 u, keyline 1 u, кромка card.cream 1,25 u, тело card.navy); диск r 11 u с ободком card.cream 0,5 u (r 11…11,5); глиф «три точки «∴»» в боксе 13 u — ориентир: три диска r 2 u по вершинам треугольника со стороной 7 u; окончательные числа — из README IC-37 (выбранный вариант). Свой слой _glyph; _body и _disc — общие из zone-gray; глиф — белая маска с keyline 1 px. Мастер-превью — диск цветом кадра Marmoreal, вариант zone-yellow-sarpedon — цветом Sarpedon. Рантайм: диск — ColorAndOpacity из профиля доски (новое поле boards[].zoneIconSrgb.yellow в S08ArtBoardProfiles.json), глиф — card.navy или card.glyph, у которого контраст к диску выше. Значения для профиля: Marmoreal #D5BD8A (5 простр.), глиф card.navy 10,0 : 1, диск к плашке navy 10,0 : 1; Sarpedon #DCC88E (8 простр.), глиф card.navy 11,1 : 1, диск к плашке navy 11,1 : 1. ue_sizes 24, 32, 36, 48, 64.","Финал не из ImageGen и не из Codex — только движок draw_icons.py с точными токенами (02 §5.4). Не менять 27 принятых значков и их файлы (sha1 в manifest.json). Не запекать цифры и буквы (И-7). Без мазка, брызг, блика, градиента, тени (ВР-09, ДНК 1). 16 px в HUD нет (ВР-42). Не повторять занятые формы: звезда, щит, ромб, X, «!», сердце, шестигранник, «+», треугольник, круг (02 §7.4, ВР-IC07); не брать hex зон из топологии (бледные); не путать с ES08ZoneGlyph (метки зон сеточных досок, выведены); без букв A–L (D-4, И-7).",draw_icons.py,—,"art/imagegen/hud-icons-v3/: masters/zone-yellow.png (1024); sizes/zone-yellow-{16,18,21,24,32,36,48,64,72,96}.png; layers/zone-yellow_glyph[-px].png; masters/zone-yellow-sarpedon.png (вариант); строка на листе art/imagegen/hud-icons-v3/sheets/vr44/sheet-vr44.png; manifest.json дополнен; лист приёмки docs/game-design/evidence/VISUAL/IC-69/ (PNG и README.md)","/Game/S08/UI/IconsV3/T_IV3_zone_yellow_{24,32,36,48,64} и слои T_IV3_zone_yellow_glyph; носитель — значок зоны у клетки при наведении и в инспекторе клетки (HI-06, ВР-32; подключение — карточка поля / HUD по функции «значок зоны у клетки»); цвет диска — поле профиля boards[].zoneIconSrgb (параметр, live tune); отката нет — прежнего вида не было","1 текстура × 5 размеров (24, 32, 36, 48, 64 px) ≈ 36 КБ BGRA без сжатия; ≤ 3 значка у одной клетки","Лист art/imagegen/hud-icons-v3/sheets/vr44/sheet-vr44.png и docs/game-design/evidence/VISUAL/IC-69/: мастер 1024 и 24/32/48 px ×4 nearest, цвет / серый (luma Rec.709) / дейтеранопия, фоны card.navy, card.cream, #808080; audit.json — margin_px ≥ 32, детали ≥ 1 px, seam_px не выше набора v3; sha1 принятых файлов в manifest.json те же. Лист 8 ключей рядом при 24 и 32 px ×4 в сером — все попарно различимы; на кадрах (Marmoreal original, Sarpedon original) у клетки ключа «yellow» диск цветом профиля, глиф по правилу контраста. UE: текстуры ue_target есть в ue-import-report.json; G-ICON |Δ| ≤ 0,45 (IC-70). Кадр K1 packaged -Bench на Marmoreal original и Sarpedon original (шесть фигур v2), 1080p и 720p, 100 % и 150 % — после подключения блока значка зоны у клетки. Приёмка по делегированию (ВР-42, ВР-60): каждый PNG открыт глазами (Read), вердикт в README листа, реестр 03 — «художественно принято, по делегированию», дата; затем id переходит в ACCEPTED_VR44 и становится видом по умолчанию.","сделано (20e9ac5b), влито 5c29b75e; лист docs/game-design/evidence/VISUAL/IC-69; художественно принято по делегированию 2026-10-07 (движок v3 из формы IC-37)"
IC-70,icon,Галерея UE и G-ICON для новых значков,P1,"IC-38, IC-39, IC-40, IC-41, IC-42, IC-43, IC-44, IC-45, IC-46, IC-47, IC-48, IC-50, IC-51, IC-52, IC-53, IC-54, IC-55, IC-56","Доказать, что новые значки в UE выглядят и движутся как эталон Python.","после импорта набора очереди P1 (IC-38…IC-48, IC-50…IC-56); повтор тем же способом для IC-49, IC-57 и IC-62…IC-69 по готовности; курсоры IC-58…IC-61 вне контракта и галереи",моменты галереи 0 / 120 / 300 / 600 / 1000 / 2000 мс (как прогон I),— (берутся из контракта каждого id),обычный; reduced (-S08ReducedMotion),"галерея 64 px; |Δ| ≤ 0,45 (G-ICON, 02 §13.5)",card.navy; card.glyph,—,"docs/game-design/evidence/DE-FOOTAGE/2026-10-05/I/README.md (команда галереи, G-ICON 0,384); art/imagegen/hud-icons-v3/_tools/compare_ue_gallery.py; art/imagegen/hud-icons-v3/_tools/motion.py; docs/game-design/visual/02-visual-design.md §13.5","Одна упаковка в worktree (AGENTS «One package per change»): Saved/StagedBuilds/Windows/Unmatched.exe -windowed -ResX=1920 -ResY=1080 -ForceRes -RenderOffScreen -nosound -S08IconGallery -S08IconGallerySize=64 -S08IconGalleryShots=<dir> -S08IconGalleryTimes=0,120,300,600,1000,2000 -S08Trace=<dir>/gallery.trace.log; затем compare_ue_gallery.py против эталона motion.py; то же с -S08ReducedMotion. В галерее — все id accepted_vr44. После прогона остановить процессы клиента, проверив командную строку (AGENTS «Agent and process lifecycle»).",Не мерить по Cobble или сеткам; не делать вторую упаковку ради галереи; не закрывать редактор пользователя.,UE,—,"docs/game-design/evidence/VISUAL/IC-70/gallery/ (PNG галереи, compare.json, compare.png, gallery.trace.log) и README.md","-S08IconGallery (US08AnimatedIconWidget, S08IconMotion); трасса ICONGALLERY; packaged Development",1 упаковка; прогон галереи ≤ 5 мин; PNG ≤ 5 МБ в git,"Средняя |Δ| ≤ 0,45 по всем парам и по каждому новому id; reduced — только opacity или статика; трасса перечисляет все новые id; UE-тесты Unmatched.S08.IconMotion.* зелёные; PNG галереи открыты глазами. Приёмка — по делегированию (ВР-60).","сделано (8c5d3c99), влито 236658c8; лист docs/game-design/evidence/VISUAL/IC-70, художественно принято по делегированию 2026-10-07 (ревью VS-2)"
