id,area,title,priority,depends_on,purpose,trigger,timing,keyframes,states,readability,palette_tokens,type_tokens,references,do,dont,tool,prompt,deliverable,ue_target,budget,acceptance,status
FX-01,vfx,Контракт CUE под решения ВР-19…ВР-24 и ВР-74,P4,—,"Контракт CUE описывает решённый вид: исполнитель берёт систему, сокет и канал материала из таблицы, а не из старых строк «луч от Head», «зелёные частицы», «свечение рамки карты-плоскости».","— (контракт; читают FS08CueDispatcher, FS08CueSound, cue_contract.py)","Длительности, задержки и звук CUE не меняются (cue-table ревизия au-s4-2026-10-05). Меняются только блоки vfx, material, postprocess и описания в 07.",—,поля строки CUE: vfx.system | status missing + missing_reason | vfx null; attach; socket; material.cpd_param; note; fallback,—,—,—,"docs/unreal/contracts/cue-dispatcher/cue-table.json; docs/unreal/contracts/cue-dispatcher/CUE-DISPATCHER.md §3, §9; docs/game-design/07-animation-vfx-audio.csv; docs/game-design/visual/02-visual-design.md §9.2; unreal/Unmatched/Source/Unmatched/S08/S08CueDispatcher.cpp (S08CueRows::Combat); docs/game-design/visual/01-inventory.md §6 «Расхождения»","Новая ревизия cue-table `fx-p4-2026-10`, статус «предложено». По строкам: CUE-001 note «кремовый обод fx.rim 0,6, CPD Rim 9–10»; CUE-003 marker.material M_HighlightGameLayer → M_UM_MovePlate; CUE-005 07 vfx → «нет: полёт UMG без следа»; CUE-006 vfx → null, note «UMG-вспышка рамки (ВР-74)», fallback «рамка без вспышки»; CUE-007 vfx.system /Game/S08/FX/Board/NS_FX_Dust, attach world, socket null; CUE-008 vfx.system /Game/S08/FX/Board/NS_FX_AttackChevrons, attach world, socket null, note «три шеврона; дуги цели board.target»; CUE-009 vfx → null, material Rim [9,10] (ВР-23); CUE-011 vfx.system /Game/S08/FX/Combat/NS_FX_HitStar, attach world (точка контакта, FX-21), material FxFlash [5..8] и Rim (note), note «красная заливка — только -S08HitTintLegacy»; CUE-012 vfx.system NS_FX_HealMotes, socket Base; CUE-013 vfx.system NS_FX_AshEmbers, attach world, note «пепел по умолчанию, откат -S08DissolveFade»; CUE-014 note «сокет и система — поле героя (FX-28): KingArthur Weapon NS_FX_ArthurArc, Medusa Root NS_FX_MedusaVortex, луча нет (ВР-22)»; CUE-016 postprocess.profile_delta → значения FX-34; CUE-017 note о возврате (FX-36). Пока ассета нет в Content — `status: missing`, `missing_reason` «ассет не создан: FX-xx». ВР-FX07 (по делегированию): у CUE-004 нет тряски курсора (02 §11.2 «тряски нет нигде»); у CUE-005 нет следа карты; у CUE-007 нет маркеров следа на промежуточных клетках (путь до хода — MS-T-09, след соперника — FX-14); у CUE-015 нет пульсирующей кромки поля (у DE кольца хода на поле нет) — эти слова убрать из 07. Синхронно: встроенные строки S08CueRows::Combat() (сокеты, mat), CUE-DISPATCHER §9 п.1 и п.3 закрыть ссылкой на ВР-19 и ВР-22.","Не менять длительности, задержки, on_new_event, interrupted_by и блок sfx (звук ведёт аудио-чат, AU-S4). Не ставить status present на несуществующий ассет. Фикстуры менять только там, где смена сокета меняет expect_trace, и осознанно.",script:tools/s08/cue_contract/cue_contract.py,—,"Правка docs/unreal/contracts/cue-dispatcher/cue-table.json (ревизия fx-p4-2026-10), docs/game-design/07-animation-vfx-audio.csv (колонки animation, vfx), CUE-DISPATCHER.md §3 и §9, unreal/Unmatched/Source/Unmatched/S08/S08CueDispatcher.cpp",S08/S08CueDispatcher.cpp S08CueRows::Combat(); тесты Unmatched.S08.CueDispatcher.Table и .Fixtures; флага нет (контракт),—,"`python tools/s08/cue_contract/cue_contract.py validate-table` и `run-fixtures` PASS; Unmatched.S08.CueDispatcher.Table и .Fixtures PASS; в таблице и 07 нет слов «луч», «зелёные частицы», «M_HighlightGameLayer», «встряска»; каждая строка с vfx ссылается на строку FX этой таблицы. Приёмка по делегированию (ВР-60).",сделано (3a06a51c)
FX-02,vfx,Материал печатного спрайта M_FX_Print,P4,—,"Все боевые эффекты рисуются одним плоским «печатным» материалом: точные цвета токенов, жёсткая кромка, без свечения, одинаково на ночном Marmoreal и тёплом Sarpedon.","— (общий материал систем FX-13, FX-16, FX-21, FX-24, FX-26, FX-30, FX-32)",—,—,"режим флипбука (маска R тело, G кромка, B внешняя кромка, A = max) | режим SDF-формы (диск, ромб, шеврон) с теми же тремя тонами | глубина обычная | поверх фигуры (без теста глубины)",Внешняя кромка mark.keyline ≥ 1 px при 720p на K1. Тело к кромке ≥ 3 : 1. В сером тело и кромка различаются по luma ≥ 20.,"card.cream, card.glyph, mark.keyline, accent.warm, fx.heal, fx.gold, fx.stone, fx.ash, fx.dust, team.p1.screen, team.p2.screen, text.secondary, turn.flash.yellow",—,"docs/game-design/visual/02-visual-design.md §2.6, §9.1; docs/game-design/visual/07-prompt-templates.md §1.7 (ВР-PR10); art/um-materials/um-masters.json (game_layer: unlit, EyeAdaptationInverse); unreal/Unmatched/Config/ArtBoards/S08ArtBoardProfiles.json (conceptPaste.grade: fitScale, fitPower); docs/unreal/contracts/hud/hud-style-tokens.json","Мастер /Game/S08/FX/Materials/M_FX_Print: Unlit, Translucent, two-sided, без тумана, EyeAdaptationInverse как у M_UM_GameLayer. Цвет на экране выводится через ту же обратную кривую тона, что M_ConceptPaste (grade.fitScale, grade.fitPower профиля), чтобы кадр показывал hex токена. Входы: TextureObject Mask (BC7, sRGB off); SubUV из Niagara; векторы ColorBody, ColorEdge, ColorKeyline; скаляр Opacity; статик-свитч UseSdf + скаляр SdfShape (0 диск, 1 ромб, 2 шеврон) и толщины EdgeWidth, KeylineWidth в долях радиуса; статик-свитч NoDepthTest (звезда, дуга). Цвет = R × Body + G × Edge + B × Keyline, альфа = A × ParticleAlpha × Opacity, порог альфы 0,5 со сглаживанием 1 px (fwidth). MI: MI_FX_HitStar, MI_FX_Dust, MI_FX_Heal, MI_FX_Ember, MI_FX_Vortex, MI_FX_Arc, MI_FX_Chevron; цвета пишет скрипт tools/art/fx_import.py (новый, по образцу tools/art/icons_v3_import.py) из hud-style-tokens.json. ВР-FX03 (по делегированию): маска флипбука — три канала тонов R тело, G кромка, B внешняя кромка, A = max(R, G, B), прямая альфа; это расширение ВР-PR10 (там один канал). ВР-FX01 (по делегированию): свои ассеты VFX /Game/S08/FX/** (материалы, текстуры флипбуков, системы) — в git через `git add -f`, как мастера UM; это не производные скрапа.","Нет градиентов, френеля, свечения, emissive > 1, шума, искажения, времени в графе. Нет hex-литералов в графе. Материал не Lit (свет в VFX не ставим, ВР-73).",procedural,—,/Game/S08/FX/Materials/M_FX_Print и 7 MI (unreal/Unmatched/Content/S08/FX/Materials/); tools/art/fx_import.py,"/Game/S08/FX/Materials/M_FX_Print; откат — -S08FxLegacy (FX-03) выключает системы, материал остаётся",≤ 40 инструкций пикселя (Stats); 1 draw call на эмиттер; без доп. проходов,"Лист docs/game-design/evidence/VISUAL/FX-02/: тест-плашка (звезда-флипбук и три SDF-формы) в кадры packaged -Bench с отпечатком RENDER на Marmoreal original и Sarpedon original, шесть фигур v2, K1 и K2; цвет, серый, дейтеранопия. Пипетка тела и кромки — ΔE76 ≤ 6 к токену (медиана пятна 6×6 px) при обеих экспозициях карт. G-TOKENS PASS (литералов цвета нет). Приёмка по делегированию.","сделано (77433684, 348351bc, 165b7f3f), влито 14a69936 (Z-2, ZCode + ревью и правки визуального чата); лист docs/game-design/evidence/VISUAL/FX-02, художественно принято по делегированию 2026-10-07 (ΔE тела к токену 1,0–3,8)"
FX-03,vfx,"Niagara: типы эффекта, адаптер спавна, пул, прогрев, кук",P4,—,"Любой CUE с VFX спавнит систему одним путём: без хитча первого показа, с лимитами ВР-25 и с честной трассой `CUE fx vfx=<имя>`.","План диспетчера (FS08CuePlan, CUE-DISPATCHER §8) с непустым vfx; прогрев — загрузка матча","Прогрев до первого кадра ввода партии. Спавн — в кадр события плана: задержка ≤ 1 кадр, |dt| ≤ 17 мс (как AU2).",—,"spawned | fallback (нет ассета, Warning) | culled (лимит типа эффекта) | -S08FxLegacy (vfx=none) | reduced motion (частиц нет, vfx=none reduced=1) | реконнект (активные системы гасятся, FX-36)",—,—,—,"docs/unreal/contracts/cue-dispatcher/CUE-DISPATCHER.md §3 (правила ассетов), §5, §8; unreal/Unmatched/Source/Unmatched/S08/S08CueDispatcher.h (AssetResolver); docs/game-design/visual/02-visual-design.md §9.4; docs/game-design/visual/01-inventory.md §6 «Чего нет»; unreal/Unmatched/Source/Unmatched/S08/S08ArtLook.h","ВР-FX17 (по делегированию): типы эффекта /Game/S08/FX/EffectTypes/NET_UM_Combat (звезда, точки лечения, угольки, вихрь, дуга: MaxSystemInstances 3 по ВР-25, CullReaction Deactivate, SignificanceHandler по возрасту — новый важнее) и NET_UM_Board (пыль, шевроны: MaxSystemInstances 6). У каждой системы свой тип. Реестр без мира S08/Fx/S08CueFx.h/.cpp: CUE → путь системы, правило крепления (сокет, точка контакта, мир), бюджет спрайтов, флаг отката; тест Unmatched.S08.CueFx.Registry сверяет с cue-table.json. Адаптер S08/Fx/S08CueFxSpawner.h/.cpp (UActorComponent на AS08FlowGameMode): UNiagaraFunctionLibrary::SpawnSystemAttached / SpawnSystemAtLocation с ENCPoolMethod::AutoRelease, user-параметры (цвет команды, позиции, высота фигуры). Прогрев: LoadSynchronous всех систем реестра, PoolPrimeSize системы = её лимит, прайм пула компонентов (функция пула Niagara в UE 5.8 — уточнить имя в исходниках движка), один невидимый тик для PSO; строка `FX prewarm systems=<n> ms=<t>`. Кук: `+DirectoriesToAlwaysCook=(Path=""/Game/S08/FX"")` в Config/DefaultGame.ini (строки LoadObject кукер не видит). ВР-FX16 (по делегированию): AssetResolver диспетчера задан в игре — vfx=<имя системы>, clip=<имя клипа HitReact/DeathSettle>, mat=<фактический канал>; трасса больше не пишет clip=missing при играющем клипе. ВР-FX02 (по делегированию): новые VFX P4 после приёмки — вид по умолчанию; общий откат -S08FxLegacy (системы Niagara, шевроны, постпроцесс CUE-016/017 выключены, vfx=none, остаётся прежний вид); точечные откаты -S08HitTintLegacy, -S08DissolveFade, -S08TargetArcLegacy, -S08LastMoveLegacy, -S08ChoiceLegacy; все флаги — в S08ArtLook.h и строке ARTLOOK. ВР-FX19 (по делегированию): служебные строки FX — с префиксом `FX ` (prewarm, grade, desat), чтобы гейт `CUE ` их не разбирал.","Не спавнить из Blueprint, не держать пути строками LoadObject без кука. Не GPU-симуляция (CPU по CUE-DISPATCHER §3). Адаптер не решает повторы (это диспетчер, D2–D7). S08FlowGameMode*.cpp править только после `git status` (бриф §6): точка вызова — одна строка.",UE,—,"Source/Unmatched/S08/Fx/S08CueFx.h/.cpp, S08CueFxSpawner.h/.cpp, S08CueFxTests.cpp; /Game/S08/FX/EffectTypes/NET_UM_Combat, NET_UM_Board; Config/DefaultGame.ini; S08ArtLook.h/.cpp (флаги)","S08/Fx/S08CueFxSpawner (компонент AS08FlowGameMode); откат -S08FxLegacy (S08ArtLook.h, трасса ARTLOOK)","Прогрев ≤ 300 мс при загрузке матча; спавн ≤ 0,05 мс GT на систему; первый показ без кадра > 33 мс","Unmatched.S08.CueFx.Registry PASS. Живая партия на Marmoreal original и Sarpedon original, шесть фигур v2: G-CUE (`cue_contract.py check-trace`) PASS, `vfx=NS_FX_*` вместо `missing`, строка `FX prewarm` раньше первого `CUE fx`, в первом показе каждой системы нет кадра > 33 мс (CSV `stat unit`), packaged -Bench находит все системы (нет result=fallback). Приёмка по делегированию.","сделано (4fa64b5a, a13e6777), влито 14a69936 (Z-2, ZCode + ревью и правки визуального чата); README docs/game-design/evidence/VISUAL/FX-03; технически импортировано (лимиты типов эффекта 3/6, Deactivate)"
FX-04,vfx,Детерминизм и сид Niagara,P4,FX-03,"Кадры доказательств повторяются: один и тот же бой даёт один и тот же рисунок частиц, листы приёмки сравнимы между прогонами.",Каждый спавн системы реестра FX-03,—,—,"детерминированный (всегда) | -BenchFx (время частиц заморожено, FX-37)",—,—,—,docs/unreal/contracts/cue-dispatcher/CUE-DISPATCHER.md §3 (bDeterminism + RandomSeed); docs/game-design/visual/02-visual-design.md §9.1; AGENTS.md «Iteration speed» (шум кадров K2),"Во всех системах /Game/S08/FX/**: System bDeterminism = true, RandomSeed = CRC32(имени системы) & 0x7FFFFFFF; у эмиттеров Determinism on, сид = сид системы + индекс эмиттера; CPU; фиксированные bounds; без модулей шума и без времени в материале. Аудит скриптом редактора tools/art/fx_audit.py (новый, unreal Python): системы, флаги, сиды, Allocation эмиттеров против бюджета реестра FX-03, тип эффекта; отчёт JSON. Тест Unmatched.S08.CueFx.Determinism: два спавна системы в тестовом мире с тем же сидом дают одинаковые позиции частиц на 3 отметках времени (чтение данных частиц — уточнить API UE 5.8; если без редактора нельзя — тест editor-only).",Сид от времени или кадра запрещён. GPU-эмиттеры запрещены. Случайность в материале запрещена.,UE,—,tools/art/fx_audit.py; тест в S08CueFxTests.cpp; отчёт docs/game-design/evidence/VISUAL/FX-04/fx-audit.json,все /Game/S08/FX/**/NS_FX_*; тест Unmatched.S08.CueFx.Determinism; флаг — нет,—,"fx-audit.json: у 100 % систем bDeterminism и сид, CPU, фиксированные bounds, Allocation ≤ бюджета. Два packaged -Bench прогона одного кадра -BenchFx на Marmoreal original и Sarpedon original дают в области эффекта mean |Δ| ≤ 0,5 (уровень шума K2). Приёмка по делегированию.","сделано (4fa64b5a, b6561dac), влито 14a69936 (Z-2, ZCode + ревью и правки визуального чата); README docs/game-design/evidence/VISUAL/FX-04; технически импортировано (тест детерминизма с рендером проходит)"
FX-05,vfx,Каналы фигуры FxFlash и Rim в M_UM_Figure_v2,P4,—,"Белая вспышка удара и кремовый обод наведения, удара и защиты живут на самой фигуре через Custom Primitive Data: без новых мешей и без красной заливки.","CUE-001 (Rim), CUE-009 (Rim), CUE-011 (FxFlash, затем Rim)","Запись CPD каждый кадр анимации канала (таймер 60 Гц, как PlayHitTint)",—,"FxFlash a = 0 (выкл) … 1; RimIntensity 0 … 1; RimWidth 0,2 (наведение) / 0,35 (удар, защита)",Обод cream виден на K1 при 720p как кромка ≥ 1 px по силуэту. В сером обод светлее тела фигуры.,"fx.flash, fx.rim, card.glyph, card.cream",—,"art/um-materials/um-masters.json (custom_primitive_data: FxFlash 5–8, RimIntensity 9, RimWidth 10; параметр RimColor); unreal/Unmatched/Source/Unmatched/S08/S08HeroesV2.h:152-174 (HitTint 12, Dissolve 13–14); docs/game-design/visual/01-inventory.md §6 «Каналы материала фигуры»; tools/art/de011/de011.py","1) Проверить граф M_UM_Figure_v2 (v2.3): слоты FxFlash 5–8 и RimIntensity / RimWidth 9–10 подключены к emissive так же, как в v1 (um-masters.json). Если нет — v2.4 скриптом (tools/art/de011/de011.py или tools/tripo-pipeline/um_masters.py); статик-свитчи, HitTint 12, Dissolve 13–14 не трогать. 2) Параметр RimColor мастера = fx.rim (card.cream, linear из генератора токенов) вместо белого; MI героев его не перекрывают. 3) S08HeroesV2: SetFxFlash(Body, Rgb, A) и SetRim(Body, Intensity, Width), константы индексов 5 и 9. 4) AS08FighterActor: каналы-таймеры по образцу TickHitTint — PlayFlash(Ms), PlayRim(Ms, Peak, Width); трасса `ARTPREVIEW fig-fx fighter=<id> ch=<flash|rim> ms=<n> peak=<x>`. 5) Подставка M_UM_BaseMarker каналов не получает. 6) Тест Unmatched.S08.HeroesV2.FxChannels: индексы, нейтраль 0, кривые без мира.","Не перекрашивать альбедо. Не трогать CPD 0–4 и 11–14. Не включать Rim на подставке и кольце команды. Emissive вспышки не выше 1,5 (иначе белое пятно вместо силуэта).",UE,—,"M_UM_Figure_v2 (v2.4, если нужна правка) в /Game/UM/Materials/v2/; S08HeroesV2.h/.cpp; S08FighterActor.h/.cpp; тест в S08HeroesV2Tests.cpp","/Game/UM/Materials/v2/M_UM_Figure_v2; S08HeroesV2::SetFxFlash, SetRim; AS08FighterActor::PlayFlash, PlayRim; откат -S08FxLegacy","ΔGPU ≈ 0 (CPD, без доп. прохода): render_bench dx12-lumen-high-v2 до и после — разница ≤ 0,02 мс","Кадр K2 на Marmoreal original и Sarpedon original, Arthur и Medusa (шесть фигур v2 на доске): при FxFlash a = 1 средняя яркость пикселей фигуры ≥ 0,85 (sRGB), силуэт читается; при Rim 1,0 — кремовая кромка по силуэту, ΔE76 ≤ 8 к card.cream на освещённой стороне; при 0 кадр совпадает с кадром без CPD (mean |Δ| ≤ 0,5); цвет и серый. Лист docs/game-design/evidence/VISUAL/FX-05/. Приёмка по делегированию.","сделано (b425f06d, 2b5278b4, c4db1fba), влито 14a69936 (Z-2, ZCode + ревью и правки визуального чата); лист docs/game-design/evidence/VISUAL/FX-05; технически импортировано: обод задевает внутренние складки, нужен контур по глубине; VS-6 F2 (e67def78): обод — контур по глубине оверлеем M_FX_FigureCue без внутренних складок (ВР-VS6-14, откат -S08FigureCueLegacy), лист docs/game-design/evidence/VISUAL/VS-6-F2"
FX-06,vfx,CUE-001 обод наведения,P4,FX-05,"Игрок видит, над какой фигурой курсор, ещё до клика. Тонкий кремовый обод не спорит с кольцами выбора и цели.","CUE-001 input.hover на фигуре (клетка без фигуры — подсветка подложки MS-T-08, не эта строка)",Вход 150 мс (cue-table duration_ms); уход 120 мс (motion.icon.leave.ms); переход на другую фигуру — сразу (replace_scope cue); тик не чаще 1 раза в 150 мс,"0 мс: RimIntensity 0, RimWidth 0,2; 0–150 мс: 0 → 0,6 (ease-out); удержание 0,6, пока курсор над фигурой; уход: 0,6 → 0 за 120 мс","нет наведения | наведение | наведение на свою выбранную (обод поверх V-05) | цель атаки (обод + дуги FX-15) | reduced motion (сразу 0,6 и сразу 0, режим keep) | павшая фигура (обода нет, коллизии нет)","Обод — второй канал к курсору-указателю. В сером видна светлая кромка. С ободом удара не путается: тот 1,0, толще и идёт после белой вспышки.",fx.rim,—,"docs/game-design/visual/02-visual-design.md §8.2, §9.2 CUE-001; docs/unreal/contracts/cue-dispatcher/cue-table.json CUE-001; docs/game-design/evidence/DE-FOOTAGE/2026-10-05/I/marmoreal/combat-20261005-235827/joiner/s09-damage-number.jpg (размер фигур на K1); DE: структура наведения — на поле только контур, без звука","По наведению на фигуру AS08FighterActor::PlayRim(150, 0.6, 0.2) с удержанием, уход 120 мс. Строка CUE-001 в S08CueRows (local, replace_scope cue, reduced keep, mat Rim), трасса `CUE fx id=CUE-001 … mat=Rim`. Фикстура hover-retrigger переносится в C++ (Unmatched.S08.CueDispatcher.Fixtures).",Без звука (02-audio-design §4.2). Без масштаба фигуры. Без обода на подставке. Обод не красится цветом команды.,UE,—,"S08FighterActor.cpp (наведение), S08CueDispatcher.cpp (строка CUE-001), фикстура в S08CueDispatcherTests.cpp",AS08FighterActor::PlayRim по наведению; откат -S08FxLegacy,ΔGPU ≈ 0; 0 draw calls,"Лист docs/game-design/evidence/VISUAL/FX-06/: кадры packaged -Bench с отпечатком RENDER на Marmoreal original и Sarpedon original, шесть фигур v2, K1 и K2, наведение на Arthur, Medusa и гарпию 2; обод виден на тёмном небе Marmoreal и на красной палубе Sarpedon; цвет и серый. hover-retrigger PASS в C++; G-CUE PASS. Приёмка по делегированию.","сделано (19fb1f01, 2b5278b4, c4db1fba), влито 14a69936 (Z-2, ZCode + ревью и правки визуального чата); лист docs/game-design/evidence/VISUAL/FX-06; технически импортировано: на гарпии обод наведения слабый"
FX-07,board,CUE-002 кольцо выбора V-05,P4,—,"Игрок видит, какую свою фигуру выбрал. Выбранная читается сильнее кандидатов V-17 тем же языком «выбор».",CUE-002 input.select_own,250 мс (cue-table); отмена — гаснет 150 мс (07); перевыбор — сразу; кольца V-17 других фигур гаснут в кадр выбора за 100 мс,"0 мс: кольцо scale 0,85, opacity 0; 0–120 мс: scale → 1,0, opacity → 1; 120–250 мс: удержание; V-17 других фигур: 0–100 мс opacity → 0","нет | выбрано | выбрано и атакует (кольцо у атакующего до конца боя) | отмена | reduced motion (≤ 100 мс, без масштаба)","Ширина кольца 2× V-17, сплошное, внешняя кромка board.keyline. Отличается от кольца команды P1 (круг #E8C06A) цветом и формой; бирюза держит ΔE76 ≥ 29 к зонам обеих карт (02 §7.5).","board.choice, board.keyline",—,"docs/game-design/visual/02-visual-design.md §7.2 (V-05, V-17), §7.3; unreal/Unmatched/Source/Unmatched/S08/S08FighterActor.cpp:157-197 (SM_Marker_SelectionRing, материал M_S08_Solid); docs/game-design/evidence/DE-FOOTAGE/2026-10-04/B/bench/marmoreal-plates0-K1-candidates.jpg; DE: структура выбора бойца — кольцо под фигурой, кандидаты гаснут","ВР-FX12 (по делегированию): цвет V-05 — board.choice; сплошное кольцо шириной 2× кольца V-17; внешняя кромка board.keyline 1 uu. Почему: «выбрано» у кнопок и карт уже бирюза (ВР-65), выбор на поле — тот же язык (ВР-27). Сейчас кольцо идёт через M_S08_Solid без токена: заменить на MI игрового слоя /Game/S08/Render/M_S08_GameLayerUnlit (unlit, без тени, вне Lumen) с цветом из токена; прежний цвет снять и записать в README листа (уточнить: Tint по умолчанию у M_S08_Solid). Анимация появления — по keyframes. Строка CUE-002 в S08CueRows (local, reduced shorten 100), трасса `CUE fx id=CUE-002`.",Не цвет команды (цвет команды — только кольцо команды). Без пульса. Без Niagara.,UE,—,MI /Game/S08/FX/Materials/MI_FX_SelectionRing (родитель M_S08_GameLayerUnlit); S08FighterActor.cpp,AS08FighterActor Ring (SM_Marker_SelectionRing); откат -S08ChoiceLegacy,1 draw call (как сейчас); ΔGPU ≈ 0,"Лист docs/game-design/evidence/VISUAL/FX-07/: кадры packaged -Bench с отпечатком RENDER на Marmoreal original и Sarpedon original, шесть фигур v2, K1 и K2; выбран Arthur, выбрана гарпия 3. Кольцо отличимо от V-17 и от кольца команды в цвете, в сером и при дейтеранопии; на синей зоне Marmoreal держится кромкой. G-CUE PASS. Приёмка по делегированию.","художественно принято, по делегированию 2026-10-08 (VS-6 Frames, пакет bcaf737b, влито 29dcc089); сделано в a797f97c; лист docs/game-design/evidence/VISUAL/FX-P4/field-k2.jpg; откат -S08ChoiceLegacy — rollbacks-k2.jpg и живой прогон rb"
FX-08,board,"Бирюза выбора на поле: V-17, V-11, V-12 (ВР-27)",P4,—,"«Выбери это» на поле всегда бирюзовое и не сливается с золотом досягаемости, жёлтыми зонами и кольцом команды P1.","Начало манёвра (V-17, DE-017); PENDING MOVE и PLACE (V-11, V-12, MS-T-12)","V-17 — в кадр начала манёвра (F-08: задержку DE 200 мс не копируем), гаснет за 100 мс в кадр выбора бойца; V-11/V-12 — появление 150 мс (motion.hover.ms), уход 120 мс (motion.icon.leave.ms)","V-17: 0 мс opacity 0 → 100 мс 1; V-11/V-12: 0 мс opacity 0 → 150 мс 1, статично до выбора; уход 120 мс","V-17 кандидат (тонкое кольцо под своей фигурой, без заливки) | V-11 pending MOVE (длинный пунктир 6 штрихов, заливка 10 %) | V-12 pending PLACE (длинный пунктир, без пути) | скрыто | reduced motion (сразу) | -S08ChoiceLegacy (board.reach)","ΔE76 к худшей зоне: Marmoreal blue 35, Sarpedon blue 29 (порог 20, 02 §7.5); кромка board.keyline ≥ 3 : 1; в сером V-17 отличается от V-01 формой (тонкое кольцо против кольца с заливкой).","board.choice, board.keyline",—,"docs/game-design/visual/02-visual-design.md §2.7, §7.2, §7.5; unreal/Unmatched/Source/Unmatched/S08/S08MoveHighlight.h:36-60 (ES08RingState, ES08PlateColor); unreal/Unmatched/Config/ArtBoards/S08ArtBoardProfiles.json (moveSelection.plate.colorSrgb); docs/game-design/evidence/DE-FOOTAGE/2026-10-04/B/bench/sarpedon-plates0-K1-candidates.jpg; DE: структура кандидатов — кольца под своими бойцами в начале манёвра","В ES08PlateColor добавить Choice; каналы V-17, V-11, V-12 берут Choice (custom data [5]). Цвет Choice — board.choice: поле `moveSelection.choice.colorSrgb` в профилях marmoreal-original и sarpedon-original со ссылкой на имя токена, проверка `hud_contract.py validate` (ВР-76). Формы каналов не меняются (03-ux-spec §4.2). Подложки остаются за -S08MovePlates до MS-T-27 (ВР-28); кольца V-17 рисуются и без флага (DE-017). Откат -S08ChoiceLegacy → прежний цвет Plate.","Не трогать V-01, V-02, V-04 (золото board.reach). Не вводить фиолетовый #8A56C6. Не менять геометрию слоёв L0–L7.",UE,—,S08MoveHighlight.h/.cpp; /Game/S08/MoveSelection/M_UM_MovePlate (цвет канала Choice); S08ArtBoardProfiles.json (две настоящие карты),/Game/S08/MoveSelection/M_UM_MovePlate; ES08PlateColor::Choice; откат -S08ChoiceLegacy,"Draw calls подложек ≤ 7 (MS-AT-41); ΔGPU ≤ 0,30 мс (все подложки)","Лист docs/game-design/evidence/VISUAL/FX-08/: K1 на Marmoreal original и Sarpedon original, шесть фигур v2 — начало манёвра (V-17), PENDING MOVE (V-11), PENDING PLACE (V-12); экранный ΔE76 к зонам ≥ 20 (MS-T-13), кромка ≥ 3 : 1; цвет, серый, дейтеранопия. Повтор MS-AT-41: draw calls ≤ 7. Приёмка по делегированию.","художественно принято, по делегированию 2026-10-08 (VS-6 Frames, пакет bcaf737b, влито 29dcc089); сделано в a797f97c; лист docs/game-design/evidence/VISUAL/FX-P4/field-k1.jpg (ожидающие клетки board.choice)"
FX-09,board,CUE-003 импульс подтверждения клетки и цели,P4,—,Клик по клетке или цели сразу получил ответ: подложка коротко «щёлкает» и фиксируется до ответа сервера.,"CUE-003 input.confirm (клетка хода, цель атаки)","250 мс (cue-table); звук UI-CONFIRM — в кадр отклика отпускания (CUE-DISPATCHER §3.2, точка ui)","0 мс: подложка цели V-04 scale 1,06, заливка 100 %; 0–250 мс: scale 1,06 → 1,0 (ease-out), заливка → состояние V-10 «отправлено» (яркость −30 %, без пульса); у атаки дуги цели фиксируются до конца боя","клетка хода | цель атаки | отправлено (V-10) | отказ сервера → CUE-004 | reduced motion (без масштаба, смена ≤ 100 мс)","Импульс — форма (масштаб), а не только цвет; в сером виден.","board.reach, board.target, board.keyline",—,"docs/game-design/visual/02-visual-design.md §7.2 (V-04, V-10), §9.2 CUE-003; unreal/Unmatched/Content/S08/MoveSelection/M_UM_MovePlate.uasset; unreal/Unmatched/Source/Unmatched/S08/S08MoveHighlight.h; DE: структура отклика — визуальный ответ в кадр отпускания","В S08MoveHighlight — канал импульса подтверждения на одну клетку (custom data: scale и fill), 250 мс, ease-out; затем клетка в V-10. Если в M_UM_MovePlate нет скаляра импульса — добавить. Контракт CUE-003 → M_UM_MovePlate (FX-01). Строка CUE-003 в S08CueRows (local, reduced shorten 100), трасса `CUE fx id=CUE-003`.","Без частиц, без красного, без второго звука.",UE,—,S08MoveHighlight.h/.cpp; /Game/S08/MoveSelection/M_UM_MovePlate (скаляр Pulse при необходимости),/Game/S08/MoveSelection/M_UM_MovePlate; S08MoveHighlight; откат -S08MovePlatesLegacy (ВР-28),"0 новых draw calls (та же ISM); ΔGPU ≤ 0,01 мс","Лист docs/game-design/evidence/VISUAL/FX-09/: кадры 0 / 120 / 250 мс подтверждения клетки и цели на K1, Marmoreal original и Sarpedon original, шесть фигур v2; цвет и серый. CUE-003 и звук UI-CONFIRM в одном кадре (AU2, |dt| ≤ 17 мс). G-CUE PASS. Приёмка по делегированию.","художественно принято, по делегированию 2026-10-08 (VS-6 Frames, пакет bcaf737b, влито 29dcc089); сделано в a797f97c; лист docs/game-design/evidence/VISUAL/FX-P4/field-k1.jpg; кадр 250 мс = состояние V-10 (отдельного кадра импульса нет)"
FX-10,board,CUE-004 знак X отказа у клетки,P4,IC-40,"Нажатие, которое нельзя выполнить, отвечает знаком X у клетки и причиной `why.*`, а не тряской.",CUE-004 input.reject (клик по недоступной клетке или цели),"350 мс (cue-table, motion.refuse.ms); не чаще 1 раза в 300 мс (retrigger_ms)","0 мс: X scale 1,2, opacity 0; 0–80 мс: scale → 1,0, opacity → 1 (удар штампа); 80–230 мс: удержание; 230–350 мс: opacity → 0","клетка | цель | повтор раньше 300 мс (без перезапуска, sfx throttled) | reduced motion (только opacity ≤ 100 мс)",X — форма; красный только у знака (state.error). На розовой красной зоне Marmoreal (#D39BA5) и тёмно-красной палубе Sarpedon (#A43839) знак держит белая кромка значка; ≥ 24 px при 720p.,"state.error, card.glyph, mark.keyline",—,"docs/game-design/visual/02-visual-design.md §7.2 (V-08), §11.4; docs/unreal/contracts/hud/why-reasons.json; art/imagegen/hud-icons-v3/STYLE-v3.md; значок badge-refuse — строка icons.csv (ВР-44); DE: структура отказа — знак и причина, без тряски","Значок badge-refuse (движок v3) в мире у клетки: world-space виджет слоя L6 (правило clamp 02 §5.3) в центре клетки над подложкой, 24–32 su на экране. Анимация по keyframes. Причина `why.*` — строка статуса и тост HUD (hud.csv). Тряски курсора нет (ВР-FX07 в FX-01). Строка CUE-004 в S08CueRows (local, retrigger 300), трасса `CUE fx id=CUE-004`.",Без тряски. Без красной заливки клетки. Не marker-x-stamp (это «нет защиты»).,UE,—,"Виджет L6 поля (слой бейджей MS-T-10 или S08MoveHighlight), строка CUE-004 в S08CueDispatcher.cpp",слой бейджей L6; откат -S08FxLegacy,"1 виджет на экране; ≤ 0,05 мс GT","Лист docs/game-design/evidence/VISUAL/FX-10/: K1 на Marmoreal original и Sarpedon original, шесть фигур v2; отказ на красной и на зелёной клетке; 1080p и 720p; цвет и серый; X ≥ 24 px при 720p; повтор раньше 300 мс не перезапускает знак. G-CUE PASS. Приёмка по делегированию.","технически импортировано (VS-6 Frames, пакет bcaf737b, влито 29dcc089); штамп отказа у клетки не снят (-Bench без UMG HUD, в живых прогонах отказа не было) — VS-7"
FX-11,vfx,"CUE-005 добор: без VFX, только HUD",P1,FX-01,"Добор виден полётом карты в HUD. На поле эффекта нет, поэтому VFX-работы нет.",CUE-005 state.card_drawn,"Одиночный добор 350 мс; стартовая рука — каскад 175 мс на карту, вся рука ≤ ~1,1 с (07, SD-01)",— (полёт UMG — блок UI-HUD-HAND в hud.csv),—,—,—,—,"docs/game-design/visual/04-hud-spec.md §2.6 HAND, §2.9 DECKS; docs/unreal/contracts/cue-dispatcher/cue-table.json CUE-005 (vfx null)","Ничего не спавнить: vfx в cue-table остаётся null. В 07 колонка vfx «лёгкий след карты» → «нет: полёт UMG без следа» (ВР-FX07, правка внутри FX-01). Полёт и «тап» стопки — блоки UI-HUD-HAND и UI-HUD-DECKS (hud.csv).","Не добавлять след, частицы, размытие движения.",script:tools/s08/cue_contract/cue_contract.py,—,Строка CUE-005 в docs/game-design/07-animation-vfx-audio.csv (в составе FX-01),— (UMG UI-HUD-HAND),—,В 07 и cue-table у CUE-005 нет VFX; validate-table PASS. Приёмка по делегированию.,сделано (3a06a51c)
FX-12,vfx,"CUE-006 розыгрыш: без Niagara, вспышка рамки в UMG",P2,FX-01,"Сыгранная карта отмечается белой вспышкой своей рамки в HUD. 3D-карты на поле в MVP нет, поэтому Niagara нет (ВР-74).","CUE-006 state.card_played (атака, защита, схема)","500 мс (cue-table), задержка 100; схема соперника: прилёт 200 → удержание 1500 до эффекта (F-10); своя схема — 500","0 мс: кромка рамки fx.flash 2 su; 0–500 мс: → panel.edge 1 su линейно (исполняет строка карты в cards-portraits.csv, состояние «сыграна», и блок UI-HUD-SLOT)",—,—,"fx.flash, panel.edge",—,"docs/game-design/visual/02-visual-design.md §6.3, §9.2 CUE-006; docs/game-design/visual/07-prompt-templates.md §1.6 (played CUE-006); docs/game-design/visual/04-hud-spec.md §2.8 SLOT","В cue-table CUE-006 vfx → null, note «UMG-вспышка рамки (ВР-74)», fallback «рамка без вспышки» (правка внутри FX-01). Систему VFX не создавать. Анимацию рамки делает строка карты в cards-portraits.csv.",Не делать 3D-карту-предмет (ASSET-PROPS-CARDS-001 в MVP нет). Не спавнить частицы над полем.,script:tools/s08/cue_contract/cue_contract.py,—,Строка CUE-006 в cue-table.json и 07 (в составе FX-01),"— (UMG UUmCardWidget, состояние played)",—,cue-table CUE-006: vfx = null; missing-report ART-010 его не перечисляет; validate-table PASS. Приёмка по делегированию.,сделано (3a06a51c)
FX-13,vfx,CUE-007 пыль на конечной клетке,P4,"FX-02, FX-03","Конец перемещения читается: фигура «села» в клетку, 3–5 плоских дисков пыли расходятся и гаснут.",CUE-007 state.fighter_moved — кадр посадки на последнюю клетку пути (конец последнего ребра; у PLACE — конец 240 мс),"300 мс от кадра посадки; шаг 280 мс на ребро, ease 80 мс на концах пути (ВР-12); потолки 1400 мс на бойца и 2400 на seq (cue-table); reduced motion и скорость «Нет» — прыжок, пыли нет","0 мс: 4 диска (3–5 по сиду) у края подставки, радиус 6 uu, opacity 1; 0–180 мс: разлёт на 20–35 uu от центра, радиус → 10 uu; 180–300 мс: opacity → 0, радиус → 11 uu; диски лежат на земле (+1 uu) лицом вверх",move | place | несколько бойцов в seq (каждому своя пыль в его кадр посадки) | jump_to_final (одна пыль в кадр финала) | reduced motion (нет) | -S08FxLegacy (нет),"Диск: тело text.secondary, кромка card.cream, внешняя mark.keyline — на белых пространствах Marmoreal держит кромка. Мельче подложек; кольцо команды не закрывает дольше 300 мс.","fx.dust, text.secondary, card.cream, mark.keyline",—,"docs/game-design/visual/02-visual-design.md §8.3, §9.2 CUE-007; docs/unreal/contracts/cue-dispatcher/cue-table.json CUE-007 (pose, params); docs/game-design/evidence/DE-FOOTAGE/2026-10-05/I/marmoreal/combat-20261005-235827/host/s09-opponent-move.jpg; DE: структура/тайминг шага — 280 мс на ребро, без подскока","NS_FX_Dust: CPU, burst 3–5 частиц (сид FX-04), Sprite Renderer Facing Mode Custom Facing Vector (0,0,1), MI_FX_Dust (SDF диск, M_FX_Print), Lifetime 0,3 с, радиальная скорость 70–115 uu/с, Drag 6, размер и opacity по keyframes. Спавн адаптером FX-03 в центре конечной клетки (FS08Cue.Path, последняя клетка), тип NET_UM_Board. CUE-007 добавить в C++ диспетчер (сейчас вне среза DE-018), трасса `CUE fx id=CUE-007 vfx=NS_FX_Dust`; строки MS-CUE не меняются. Маркеров следа на промежуточных клетках нет (ВР-FX07).","Без облака дыма, градиента, шума. Без пыли на каждом шаге. Без света.",procedural,—,/Game/S08/FX/Board/NS_FX_Dust; /Game/S08/FX/Materials/MI_FX_Dust,/Game/S08/FX/Board/NS_FX_Dust; cue-table CUE-007 vfx.system; откат -S08FxLegacy,"≤ 5 спрайтов; 1 draw call; ΔGPU ≤ 0,03 мс; тип NET_UM_Board","Лист docs/game-design/evidence/VISUAL/FX-13/: кадры packaged -Bench с отпечатком RENDER на Marmoreal original и Sarpedon original, шесть фигур v2, K1 и K2; посадка Arthur и гарпии на белую, зелёную и красную клетку; кадры 0 / 150 / 300 мс; цвет и серый; пыль не живёт дольше 300 мс; reduced motion — частиц нет. G-CUE PASS (M1–M4 без изменений). Приёмка по делегированию.","художественно принято, по делегированию 2026-10-08 (VS-6 Frames, пакет bcaf737b, влито 29dcc089); сделано в a797f97c; лист docs/game-design/evidence/VISUAL/FX-P4/field-k2.jpg; под reduced motion пыли нет (живой прогон h-*)"
FX-14,board,След последнего хода соперника V-14/V-15 (ВР-29),P4,—,"После хода соперника видно, кто куда пошёл: пунктир пути и стрелка цвета его команды, затем всё гаснет.","Применение снимка с ходом соперника (FS09LastMoveTracker, metadata.lastMovement), кадр конца анимации CUE-007 этого бойца",Появление 150 мс; удержание 1500 мс (ВР-29); угасание 300 мс (lastMove.fadeMs),"0 мс: пунктир по рёбрам пути старт → финиш, opacity 0 → 1 за 150 мс; наконечник-стрелка у последней клетки, по направлению последнего ребра; 150–1650 мс: удержание; 1650–1950 мс: opacity → 0",ход одной фигуры | несколько фигур в seq (свой путь каждой) | PLACE (прямой пунктир старт → финиш) | новый ход до угасания (старый гаснет за 100 мс) | reduced motion (смена opacity ≤ 100 мс) | -S08LastMoveLegacy,Цвет — team.p1.screen или team.p2.screen соперника; форма — пунктир 12 штрихов на ребро и наконечник; кромка board.keyline. На синей зоне Marmoreal у P2 ΔE76 4: держат форма и кромка (02 §7.5). Не тоньше 2 px при 720p.,"team.p1.screen, team.p2.screen, board.keyline",—,"docs/game-design/visual/02-visual-design.md §7.2 (V-14/V-15); unreal/Unmatched/Source/Unmatched/S08/S08MoveHighlight.h:145-160 (FLastMove); unreal/Unmatched/Source/Unmatched/S08/S08BoardArt.h:487-489 (LastMoveAlpha, LastMoveFadeMs); docs/game-design/evidence/DE-FOOTAGE/2026-10-04/D/demo/marmoreal/combat-20261005-104451/host/s09-opponent-last-move.jpg; docs/game-design/evidence/DE-FOOTAGE/2026-10-05/I/sarpedon/combat-20261005-235948/joiner/s09-opponent-last-move.jpg","Заменить слабый контур V-14/V-15 (MS-T-17) пунктиром пути: в S08MoveHighlight канал LastPath — штрихи-квады по рёбрам пути (та же ISM, 1 draw call) и меш наконечника SM_LastMoveArrow; цвет — ES08PlateColor TeamP1 / TeamP2 соперника (абсолютный по месту, ВР-41). Параметры в профиле `readability.lastMove`: holdMs 1500, fadeMs 300, dashPerEdge 12, widthUU — подобрать по кадру K1 (≥ 2 px при 720p). Лента и стрелка у края (MS-T-17) остаются. Показ не зависит от -S08MovePlates.",Не красить клетки. Не красный. След не живёт дольше 1950 мс.,UE,—,S08MoveHighlight.h/.cpp; S08BoardArt.h; S08ArtBoardProfiles.json (lastMove); /Game/S08/MoveSelection/SM_LastMoveArrow,S08MoveHighlight канал LastPath; откат -S08LastMoveLegacy (контур MS-T-17),"Draw calls подложек вместе со следом ≤ 7 (MS-AT-41); ΔGPU ≤ 0,05 мс","Лист docs/game-design/evidence/VISUAL/FX-14/: кадры +200 / +1000 / +1800 мс после хода соперника на K1, Marmoreal original (ход по синей зоне) и Sarpedon original (ход по палубе), шесть фигур v2; цвет и серый; замечание G-LIVE D «V-14 почти не видна на Marmoreal» не повторяется. Приёмка по делегированию.","художественно принято, по делегированию 2026-10-08 (VS-6 Frames, пакет bcaf737b, влито 29dcc089); сделано в a797f97c; лист docs/game-design/evidence/VISUAL/FX-P4/field-k1.jpg; угасание старого следа 100 мс не сделано (ВР-VS6-10)"
FX-15,board,Дуги цели cream и жетон атаки (ВР-30),P4,—,Цель атаки видна сразу и не путается с красными зонами и ошибкой: кремовые дуги с тёмной кромкой и жетон атаки v3.,CUE-008 state.attack_declared (появление); снимаются в кадр `CUE combat stage=end` или при отмене,Появление 150 мс в кадр показа CUE-008 (после feedback_delay 150); держатся до конца боя; уход 120 мс; жетон — 180 мс (motion.icon.appear.ms),"0 мс: 4 дуги scale 1,15, opacity 0; 0–150 мс: scale → 1,0, opacity → 1; жетон action-attack-token появляется за 180 мс; пульс жетона — только без reduced motion (icon-motion.json)",объявлено | бой идёт | цель пала (дуги гаснут в кадр падения F-09) | отмена | reduced motion (без масштаба и пульса) | -S08TargetArcLegacy (красные дуги),"Дуги board.target с внешней кромкой mark.keyline 1,5 uu. На белых пространствах Marmoreal (ΔE76 12) держат кромка и жетон (02 §7.5). Красного у цели нет (HI-11).","board.target, mark.keyline, card.navy, card.cream",—,"docs/game-design/visual/02-visual-design.md §7.3, §7.5; unreal/Unmatched/Source/Unmatched/S08/S08FighterActor.cpp:104-197 (TargetRing, Tint 1.4/0.18/0.06 на строке 196); docs/unreal/contracts/hud/icon-motion.json; docs/game-design/evidence/DE-FOOTAGE/2026-10-05/I/marmoreal/combat-20261005-235827/joiner/s09-combat-defense-open.jpg","TargetRing (SM_Marker_TargetRing): MID M_S08_Solid с красным Tint заменить на MI_FX_TargetArc (родитель /Game/S08/Render/M_S08_GameLayerUnlit) с цветом board.target и кромкой mark.keyline (вторым мешем-обводкой или маской кромки в MI, если UV меша позволяют). Анимация появления по keyframes. Жетон — существующий action-attack-token v3 (S08IconMotion). Цвета — из генератора токенов (ВР-77), литералов нет.","Не красный, не цвет команды. Дуги не шире 1,2 радиуса клетки и не закрывают подставку цели.",UE,—,MI /Game/S08/FX/Materials/MI_FX_TargetArc; S08FighterActor.cpp,AS08FighterActor TargetRing; откат -S08TargetArcLegacy,≤ 2 draw calls (дуги и кромка); ΔGPU ≈ 0,"Лист docs/game-design/evidence/VISUAL/FX-15/: кадры packaged -Bench с отпечатком RENDER на Marmoreal original и Sarpedon original, шесть фигур v2, K1 и K2; цель на белой клетке Marmoreal, на красной палубе Sarpedon и на зелёной зоне; цвет, серый, дейтеранопия; красного у цели нет; кромка ≥ 3 : 1 к фону. Приёмка по делегированию.","художественно принято, по делегированию 2026-10-08 (VS-6 Frames, пакет bcaf737b, влито 29dcc089); сделано в a797f97c; лист docs/game-design/evidence/VISUAL/FX-P4/field-k1.jpg, field-k2.jpg"
FX-16,vfx,CUE-008 шевроны направления атаки,P4,"FX-02, FX-03",Объявление атаки показывает «кто → кого» без луча и без клипа: три шеврона на земле загораются по очереди от атакующего к цели.,"CUE-008 state.attack_declared (subject — атакующий, параметр — цель)","600 мс × скорость, задержка отклика 150 (cue-table); обрывается CUE-009, 010, 011, 013 (interrupted_by); клипа нет (F-03)","t0 = событие + 150 мс. t0+0: шеврон 1 (30 % отрезка) scale 0,6 → 1,0 за 80 мс; t0+120: шеврон 2 (50 %); t0+240: шеврон 3 (70 %); t0+240…+480: горят все три; t0+480…+600: opacity → 0 (все сразу); все времена × скорость","соседние клетки (шевроны уменьшены, не меньше 0,2 радиуса клетки) | дальняя атака через клетки | прерывание (гаснут за 80 мс) | reduced motion (все три сразу, opacity ≤ 100 мс) | скорость «Нет» (сразу итог за 100 мс) | -S08FxLegacy","Шеврон: тело card.cream, внешняя кромка mark.keyline; ширина ≥ 0,35 радиуса клетки; направление читается в сером и без цвета.","card.cream, mark.keyline",—,"docs/game-design/visual/02-visual-design.md §9.2 CUE-008 (ВР-74); docs/unreal/contracts/cue-dispatcher/CUE-DISPATCHER.md §3.1; unreal/Unmatched/Source/Unmatched/S09/S09CombatStage.h:38 (DeclareMs 600); docs/game-design/evidence/DE-FOOTAGE/2026-10-05/I/sarpedon/combat-20261005-235948/joiner/s09-combat-defense-open.jpg; DE: структура/тайминг объявления — без выпада, ~1,7 с до строки защиты","ВР-FX14 (по делегированию): NS_FX_AttackChevrons — 3 спрайта, Facing Custom (0,0,1), поворот по вектору атакующий → цель (user-параметры StartWS, EndWS), MI_FX_Chevron (SDF шеврон, M_FX_Print), позиции на 30 / 50 / 70 % отрезка между центрами клеток, z +1 uu, задержки спавна 0 / 120 / 240 мс × скорость. Тип NET_UM_Board. В cue-table сокет Weapon → attach world (FX-01); трасса `CUE fx id=CUE-008 vfx=NS_FX_AttackChevrons socket=-`. Дуги цели и жетон — FX-15.",Без луча и линии. Без клипа. Без вспышки у оружия. Без красного.,procedural,—,/Game/S08/FX/Board/NS_FX_AttackChevrons; /Game/S08/FX/Materials/MI_FX_Chevron,/Game/S08/FX/Board/NS_FX_AttackChevrons; cue-table CUE-008 vfx.system; откат -S08FxLegacy,"3 спрайта; 1 draw call; ΔGPU ≤ 0,02 мс","Лист docs/game-design/evidence/VISUAL/FX-16/: кадры packaged -Bench с отпечатком RENDER на Marmoreal original и Sarpedon original, шесть фигур v2, K1 и K2; атака соседней цели и дальняя атака Medusa; кадры t0+0 / +120 / +240 / +480; направление читается в сером. Прерывание защитой гасит шевроны (трасса cut=interrupt). G-CUE PASS. Приёмка по делегированию.","художественно принято, по делегированию 2026-10-08 (VS-6 Frames, пакет bcaf737b, влито 29dcc089); сделано в a797f97c; лист docs/game-design/evidence/VISUAL/FX-P4/field-k2.jpg; угасание 80 мс при прерывании не сделано (ВР-VS6-09)"
FX-17,vfx,CUE-009 импульс обода защиты (ВР-23),P4,FX-05,Защитник сыграл карту — его фигура коротко вспыхивает кремовым ободом: «обод = защита».,CUE-009 state.defense_played (subject — защитник),"Показ 500 мс (cue-table), задержка 150; импульс обода 300 мс внутри показа (ВР-23); «нет защиты» — штамп marker-x-stamp в HUD 200 мс (AB-8, сделано)","t0 = событие + 150. t0+0…+60: RimIntensity 0 → 1,0, RimWidth 0,35; +60…+180: удержание 1,0; +180…+300: 1,0 → 0","защита сыграна | без защиты (обода нет, штамп в HUD) | урон 0 в кадр контакта (тот же обод 300 мс, FX-23) | reduced motion (обод 0,6 на 100 мс) | -S08FxLegacy",Обод — форма (кромка силуэта); слот защиты в HUD — второй канал; в сером виден.,fx.rim,—,"docs/game-design/visual/02-visual-design.md §9.2 CUE-009; docs/unreal/contracts/cue-dispatcher/cue-table.json CUE-009; docs/game-design/evidence/DE-FOOTAGE/2026-10-05/I/marmoreal/combat-20261005-235827/host/s09-no-defense-stamp.jpg; DE: структура защиты — слот в трёх состояниях, штамп X при отсутствии","По CUE-009 адаптер вызывает AS08FighterActor::PlayRim(300, 1.0, 0.35) у защитника. Строка CUE-009 в S08CueRows: mat Rim, vfx нет (FX-01); трасса `CUE fx id=CUE-009 … vfx=none mat=Rim`.",Без Niagara-щита и мерцания. Без масштаба фигуры.,UE,—,S08CueDispatcher.cpp (строка CUE-009); одна точка вызова в адаптере CUE (S08FlowGameMode),AS08FighterActor::PlayRim; откат -S08FxLegacy,ΔGPU ≈ 0,"Лист docs/game-design/evidence/VISUAL/FX-17/: K2 на Marmoreal original и Sarpedon original, шесть фигур v2; защищаются Medusa и гарпия; кадры t0+60 / +180 / +300; без защиты — обода нет, штамп есть; цвет и серый. G-CUE PASS (G8: fallback только при missing). Приёмка по делегированию.","сделано (19fb1f01, 2b5278b4, e67def78), влито 14a69936; живой кадр импульса защиты s09-fx17-defense-rim (VS-6 Frames, пакет bcaf737b, влито 29dcc089; кроп docs/game-design/evidence/VISUAL/FX-P4/live-hooks-crops.jpg): обод виден в цвете и в сером, слабый на тёмном поле"
FX-18,vfx,"CUE-010 раскрытие боя: без VFX, только HUD",P1,FX-01,"Раскрытие и резолв боя показывают крупные карты у краёв поля в HUD. На поле эффекта нет, камера неподвижна.",CUE-010 state.combat_revealed,"800 мс (переворот 620 + слэм 180), защитная карта +120; чтение 1000 при тексте эффекта; +600 на строку (400 + 200); пауза 300 (CUE-DISPATCHER §3.1)",— (UMG: UI-HUD-COMBAT-EDGE и UI-HUD-COMBAT в hud.csv),—,—,—,—,docs/game-design/visual/04-hud-spec.md §2.7; docs/unreal/contracts/cue-dispatcher/CUE-DISPATCHER.md §3.1; docs/unreal/contracts/cue-dispatcher/cue-table.json CUE-010 (vfx null),"Ничего не спавнить. В 07 колонку vfx CUE-010 («слэм-вспышка значений, подсветка строки, штамп X на отменённой карте») пометить «HUD, не VFX» (правка внутри FX-01). Дуга Arthur в кадр переворота — CUE-014 (FX-32), не CUE-010.",Не добавлять вспышки и частицы над полем. Не двигать камеру (D-10).,script:tools/s08/cue_contract/cue_contract.py,—,Строка CUE-010 в 07 (в составе FX-01),"— (UUmHudCombatEdge, UUmHudCombatCenter)",—,cue-table CUE-010: vfx = null; 07 не требует VFX; validate-table PASS. Приёмка по делегированию.,сделано (3a06a51c)
FX-19,vfx,"Удар: белая вспышка, кремовый обод, откат красной заливки (ВР-20)",P4,FX-05,Попадание читается белой вспышкой фигуры и кремовым ободом. Красная заливка всей фигуры уходит: она сливалась с красным плащом Arthur и красными зонами обеих карт.,"CUE-011, кадр контакта C (этап `contact` постановки; без постановки — кадр HitReact)","Вспышка 70 мс (не масштабируется скоростью); обод C+70…C+370 (300 мс); окно HitReact 450, летально 550 (поле `tint=` трассы остаётся)","C+0: FxFlash rgb = fx.flash, a = 1,0 (жёстко); C+70: a → 0 за 1 кадр; C+70: RimIntensity 1,0, RimWidth 0,35; C+270…C+370: Rim 1,0 → 0; звезда у точки контакта — C+70…C+340 (FX-21). Откат: CPD_HitTint 1,0 на 70 мс, затем 0,65 → 0 до 450 / 550 мс (как сейчас)","удар | летальный удар (тот же вид; летальность показывает CUE-013, F-04) | урон 0 (только обод, без вспышки, FX-23) | несколько ударов в кадр (один набор на цель) | reduced motion (вспышки нет, обод 0,6 на 100 мс) | -S08HitTintLegacy (красная заливка, без вспышки и обода)","Белая вспышка: средняя яркость фигуры ≥ 0,85, в сером читается. Цвет — не единственный носитель: звезда (FX-21), «−N» (FX-22), HP в HUD.","fx.flash, fx.rim, card.glyph, card.cream",—,"docs/game-design/visual/02-visual-design.md §2.6, §9.2 CUE-011, §9.3; unreal/Unmatched/Source/Unmatched/S08/S08FighterActor.cpp:790-821 (PlayHitTint, TickHitTint); unreal/Unmatched/Source/Unmatched/S09/S09CombatStage.h:47-49; docs/game-design/evidence/DE-FOOTAGE/2026-10-05/I/marmoreal/combat-20261005-235827/host/s09-damage-combat.jpg; DE: тайминг яркой фазы удара ~70 мс (TL target_red_flash), цвет DE не берём","AS08FighterActor::PlayHitFx(WindowMs, bDamage): по умолчанию PlayFlash(70) и PlayRim с C+70 по keyframes, CPD_HitTint не пишется. -S08HitTintLegacy → прежний PlayHitTint. Постановка (событие HitReact в S09CombatStage) зовёт PlayHitFx вместо PlayHitTint; поле `tint=` строки `CUE combat stage=hit` остаётся окном 450 / 550 (гейт C5 не меняется). Трасса `ARTPREVIEW hit-fx fighter=<id> flash=70 rim=300 legacy=<0|1>`; флаг — в S08ArtLook.h и ARTLOOK. Тест Unmatched.S08.HeroesV2.HitFx (кривые без мира). ВР-FX06 (по делегированию): звезда и обод идут после вспышки, с C+70 (ВР-20: «белая вспышка 70 мс, затем звезда и обод»): звезда 270 мс (C+70…C+340, 8 кадров, ≤ 300 по 02 §9.2), обод 300 мс (C+70…C+370). Звук удара остаётся в кадре контакта (AU5).",Не менять окно 450 / 550 и тайминги контакта. Не удалять CPD 12 из материала (нужен откату). Не красить фигуру в accent.warm.,UE,—,"S08FighterActor.h/.cpp; S08ArtLook.h/.cpp; вызов в S09CombatStage.cpp (после `git status`, бриф §6); тест",AS08FighterActor::PlayHitFx; откат -S08HitTintLegacy,ΔGPU ≈ 0 (CPD),"Лист docs/game-design/evidence/VISUAL/FX-19/: K2 на Marmoreal original и Sarpedon original, шесть фигур v2; удар по Arthur (красный плащ) и по Medusa; кадры C+0 / +35 / +70 / +200 / +370; цвет и серый; красной заливки фигуры нет. -S08HitTintLegacy возвращает прежний вид (пара кадров). C5 и G-CUE PASS. Lumen: поле вокруг фигуры в кадр вспышки светлеет не больше ΔE76 3. Приёмка по делегированию.","сделано (b425f06d, 19fb1f01, 2b5278b4, e67def78), влито 14a69936; живой кадр вспышки s09-fx19-flash-c20 (VS-6 Frames, пакет bcaf737b, влито 29dcc089; кроп docs/game-design/evidence/VISUAL/FX-P4/live-hooks-crops.jpg); в постановке взгляда хук снят поздно (ВР-VS6-56)"
FX-20,vfx,Звезда-всплеск удара: флипбук (Codex),P4,—,Форма удара (ВР-21): тёплая звезда у точки контакта говорит «попадание» без цвета и текста.,"CUE-011, через 70 мс после кадра контакта — сразу после белой вспышки фигуры (ВР-20); любой урон (FX-23)","270 мс, 8 кадров по 33,3 мс (30 кадров/с, ВР-PR10); скоростью не масштабируется","к.0 (0 мс): звезда 8 лучей, 35 % размера, только тело; к.1 (33): 70 %; к.2 (67): 100 %, 10 лучей длинный / короткий 1 : 0,55, кремовая кромка и тёмная внешняя; к.3–5 (100–167): удержание; к.6 (200): лучи втягиваются к центру, центр раскрывается в кольцо; к.7 (233–270): тонкое рваное кольцо 30 % толщины, к концу исчезает",лист в цвете | маска R/G/B (ВР-FX03) | серый | постер reduced motion (к.2),"Читается при диаметре 36 px (K1, 1080p) и 27 px (720p); лучи ≥ 2 px при 36 px; в сером отличима от дисков пыли и точек лечения силуэтом.","fx.impact, accent.warm, fx.rim, card.cream, mark.keyline",—,"docs/game-design/visual/02-visual-design.md §9.1, §9.2 CUE-011; docs/game-design/visual/07-prompt-templates.md §1.7; art/imagegen/hud-icons-v3/STYLE-v3.md (жёсткая кромка, три тона); docs/game-design/evidence/DE-FOOTAGE/2026-10-05/I/marmoreal/combat-20261005-235827/joiner/s09-damage-number.jpg (фон K1, размер фигур); DE: структура удара — короткий всплеск в кадр контакта","Пакет Codex по шаблону T-CODEX-VFX: 2 концепта A/B — по желанию; финал рисует скрипт: маска 4×2, ячейка 256 px, 8 кадров, расширение цвета 4 px в прозрачное, кадр 0 — постер. Листы цвета на card.navy и на кропе нашего кадра K1, серый, полоса таймингов, постер reduced motion. Числа формы — в README, чтобы FX-21 повторил их без догадок.","Без красного. Без градиентов, свечения, бликов, дыма, искр внутри флипбука. Без текста и цифр. Кадры и ассеты DE — не вход. Не трогать unreal/ и art/imagegen/hud-icons-v3/.",Codex,"[T-CODEX-VFX] File: docs/game-design/visual/06-tasks/prompts/FX-20.codex.md (Claude pastes the blocks [[B-PACKAGE]], [[B-STYLE]], [[B-FORBID]] verbatim from 07 §0.3 and §1.1 before launch). Task FX-20 — Hit star burst flipbook. Priority P4. Depends on —. Purpose: the player sees at once that a fighter was hit and where the blow landed; the star shape means damage even in grayscale. Trigger: CUE-011 fighter damaged, 70 ms after the contact frame of the attack (right after the white flash of the figure), and every other damage. Timing: 270 ms, 8 frames at 30 fps, not scaled by game speed. Keyframes: frame 0 (0 ms) a star with 8 rays at 35% size, body only; frame 1 (33 ms) 70%; frame 2 (67 ms) full size, 10 rays alternating long and short 1 : 0.55, cream inner edge and dark outer keyline; frames 3-5 (100-167 ms) hold; frame 6 (200 ms) the rays retract toward the centre and the centre opens into a ring; frame 7 (233-270 ms) a thin broken ring at 30% thickness that is gone at the end. [[B-PACKAGE]] Set: fx-hitstar. Effect language: flat shapes with a hard edge, 2-3 tones from fx.impact #FFB45C (body), fx.rim #F9EBDB (inner edge), mark.keyline #111317 (outer keyline), duration <= 600 ms, no smoke, no highlights, no glow gradients, no lens flares, no light emission, no camera shake. Shape first: star burst = hit. 1. Optional exploration: 2 image-generation concepts (A, B) on a flat #808080 background: ""Original flat 2D game effect concept, hit star burst, shown as a 4-step strip from left to right: a small 8-ray star; a full 10-ray star with a cream edge and a dark keyline; rays retracting while the centre opens; a thin broken ring. Hard-edged flat shapes, 3 flat tones: #FFB45C body, #F9EBDB edge, #111317 keyline. [[B-STYLE]] [[B-FORBID]]"" 2. Final: draw the flipbook procedurally by script: mask PNG with R = body coverage, G = inner edge coverage, B = outer keyline coverage, A = max(R, G, B), straight alpha (decision ВР-FX03), plus a colour preview PNG for sheets; frame count 8, grid 4x2, cell 256 px; the full star fills 80% of the cell; every edge >= 6 px at 256 px so it stays >= 1 px at 36 px on screen; colour bleed 4 px into transparent pixels; frame 0 = poster. 3. Sheets: every frame in colour (token tint on #061623 and on a board crop of our UE frame docs/game-design/evidence/DE-FOOTAGE/2026-10-05/I/marmoreal/combat-20261005-235827/joiner/s09-damage-number.jpg; sheets with that crop go only to scraped-data/derived/fx-hitstar-codex/) and in gray (Rec.709 luma); a timing strip with ms under each frame; a reduced-motion poster (frame 2). 4. verification.json: frame count, cell size, alpha range, maximum sprite count you assume (4; a system <= 64), tokens used. Deliverable: art/imagegen/fx-hitstar-codex/vector/T_FX_HitStar_4x2.png (1024x512 RGBA mask), vector/T_FX_HitStar_4x2-preview.png, comparison/ sheets, README.md, verification.json, manifest-sha256.json, generation-records.json. Do: write the numbers of the final form (ray count, inner and outer radii, edge widths as fractions of the radius) in README. Do not: no red, no gradients, glow, highlights, smoke or sparks inside the flipbook, no text or numbers, no frames or assets of any commercial game as input, no edits under unreal/ or art/imagegen/hud-icons-v3/. Acceptance: 8 frames, 1024x512; palette within dE76 <= 3 of the three tokens on the colour sheet; gray sheet present; outside_folder empty; at 36 px and 27 px (nearest x4) the rays stay distinct; no red.","art/imagegen/fx-hitstar-codex/: vector/T_FX_HitStar_4x2.png (1024×512, RGBA, маска R/G/B), vector/T_FX_HitStar_4x2-preview.png, comparison/ (цвет, серый, полоса таймингов), README.md, verification.json, manifest-sha256.json, generation-records.json; листы с кропом доски — scraped-data/derived/fx-hitstar-codex/; задание — docs/game-design/visual/06-tasks/prompts/FX-20.codex.md","импорт в FX-21 → /Game/S08/FX/Textures/T_FX_HitStar_4x2 (BC7, sRGB off)","Codex — 1 пакет (подписка), ≤ 2 генерации image_gen; SYNTX 0 (если Codex недоступен — T-SYNTX-IMG-GPT, gpt-image-2 1K medium, ≤ 2 × 2 токена)","verification.json: 8 кадров, 1024×512, palette ΔE76 ≤ 3 к трём токенам на листе цвета, серый есть, outside_folder пуст; лист 36 px и 27 px (nearest ×4): лучи различимы; красного нет. Ревью Claude по 07 §5; статус «предложено» до листа FX-21. Приёмка по делегированию.","сделано: пакет fx-hitstar (CX-18) принят, лист FX-21 — docs/game-design/evidence/VISUAL/FX-P4/hit-heal-k1.jpg, hit-heal-k2.jpg (VS-6 Frames, пакет bcaf737b, влито 29dcc089)"
FX-21,vfx,Звезда-всплеск удара: Niagara NS_FX_HitStar,P4,"FX-20, FX-02, FX-03",Звезда появляется в точке удара в кадр контакта и видна поверх фигуры на обеих картах.,CUE-011 (адаптер FX-03; точка — ВР-FX04),"270 мс: C+70…C+340 (после белой вспышки, ВР-20); скоростью не масштабируется","C+70: 1 спрайт, SubUV кадр 0; C+70…C+340: SubUV 0 → 7 линейно по возрасту; C+340: смерть частицы",удар | летальный (тот же вид) | урон 0 (не спавнить) | несколько ударов в кадр (одна звезда на цель) | reduced motion (не спавнить) | -S08FxLegacy (не спавнить),"Диаметр = 0,8 × высоты фигуры цели (FigureTopUU × FigureScale) → ≥ 36 px на K1 1080p; поверх фигуры (без теста глубины, SortPriority +10).","fx.impact, accent.warm, fx.rim, card.cream, mark.keyline",—,art/imagegen/fx-hitstar-codex/README.md (после FX-20); docs/game-design/visual/02-visual-design.md §9.2; unreal/Unmatched/Source/Unmatched/S08/S08HeroesV2.h (FigureScale); docs/game-design/evidence/DE-FOOTAGE/2026-10-04/C/demo/sarpedon/combat-20261005-074029/joiner/s09-damage-number.jpg,"Спавн — адаптером FX-03 с задержкой 70 мс внутри показа CUE-011 (строка `CUE fx` пишется в кадр контакта). Импорт T_FX_HitStar_4x2 скриптом tools/art/fx_import.py: BC7, sRGB off, TextureGroup Effects, без LOD Bias. NS_FX_HitStar: CPU, 1 частица, Lifetime 0,27, Sprite Renderer SubUV 4×2, Sub Image Index по нормализованному возрасту, Facing FaceCamera, размер из user-параметра FigureHeight × 0,8, MI_FX_HitStar (M_FX_Print, NoDepthTest, SortPriority 10). Тип NET_UM_Combat. ВР-FX04 (по делегированию): точка контакта — центр капсулы цели на 0,6 высоты фигуры, смещённый на 0,4 радиуса капсулы к атакующему; без атакующего (способность, истощение) — без смещения; к сокету Head не крепим (звезда не прыгает за HitReact).","Без доп. частиц, света, искажения. Без крепления к сокету.",procedural,—,/Game/S08/FX/Textures/T_FX_HitStar_4x2; /Game/S08/FX/Combat/NS_FX_HitStar; /Game/S08/FX/Materials/MI_FX_HitStar; tools/art/fx_import.py,/Game/S08/FX/Combat/NS_FX_HitStar; cue-table CUE-011 vfx.system; откат -S08FxLegacy,"≤ 4 спрайта; 1 draw call; ΔGPU ≤ 0,05 мс на звезду (две одновременно ≤ 0,10)","Лист docs/game-design/evidence/VISUAL/FX-21/: кадры packaged -Bench с отпечатком RENDER на Marmoreal original и Sarpedon original, шесть фигур v2, K1 и K2; удар по Arthur, Medusa и гарпии; кадры C+70 / +137 / +237 / +303; звезда ≥ 36 px на K1 1080p; видна на белой клетке Marmoreal и на красной палубе Sarpedon (кромка ≥ 3 : 1 к фону); цвет и серый. render_bench (вариант fx-each, FX-37): ΔGPU ≤ 0,05. Трасса `CUE fx id=CUE-011 vfx=NS_FX_HitStar result=spawned`. Приёмка по делегированию.","художественно принято, по делегированию 2026-10-08 (VS-6 Frames, пакет bcaf737b, влито 29dcc089); сделано в 0b36c66b, e67def78; лист docs/game-design/evidence/VISUAL/FX-P4/hit-heal-k1.jpg, hit-heal-k2.jpg, strips-star-ash-k1.jpg; живой кадр s09-fx21-star-c137"
FX-22,vfx,"Числа «−N» и «+N» над фигурой (ВР-21, ВР-63, ВР-67)",P4,—,"Сколько урона или лечения — числом в тёмной капсуле над фигурой. Знак и форма отличают урон от лечения, не только цвет.","«−N» — CUE-011 (C+60); «+N» — CUE-012 (кадр показа лечения, FX-25)","«−N»: старт C+60, 900 мс × скорость (×0,5 → 450, ×1,5 → 1350, «Нет» → 450, F-04); «+N»: 700 мс (02 §9.2); reduced motion: без подъёма, 450 мс","0 мс: scale 0,8, opacity 1; 0–80 мс: scale → 1,0; 0…конец: подъём на 24 su (ease-out); последние 150 мс: opacity → 0. HP в теге и портрете меняется в C+80 (урон) и в кадр показа +80 (лечение)","урон | летальный урон (тот же вид, F-04) | лечение | несколько чисел у одной фигуры (новое на 28 su выше старого) | reduced motion","type.damage 24 su (18 px при 720p); damage.text на card.navy 14,4 : 1; fx.heal на card.navy 12,1 : 1; знак U+2212 «−» и «+»; капсула отделяет число от зелёных и красных зон.","card.navy, damage.text, fx.heal, panel.edge",type.damage,"docs/game-design/visual/02-visual-design.md §3.3, §3.4, §9.2; docs/game-design/visual/04-hud-spec.md §2.15 (урон «−N»); unreal/Unmatched/Source/Unmatched/S08/S08ArtHudWidgets.h:192 (US08ArtDamageWidget); docs/game-design/evidence/DE-FOOTAGE/2026-10-05/I/marmoreal/combat-20261005-235827/joiner/s09-damage-number.jpg (сейчас «-1» 18 su); DE: тайминг «−N» +67 мс от удара и 1275 мс при 1x (у нас 900, F-04)","US08ArtDamageWidget / WBP_S08ArtDamage: капсула card.navy с кромкой panel.edge 1 su, радиус 4 su (radius.s), отступы 8 × 4 su; текст type.damage, табличные цифры; «−N» — damage.text, «+N» — fx.heal; строки StringTable `hud.damage.minus` («−{n}»), `hud.damage.plus` («+{n}») (ВР-37). Якорь — над фигурой (FigureScreenRect), не на шве клеток (HD-07). Подъём и время по keyframes; скорость — настройка DE-025. Цвета и кегль — из темы (ВР-45). Если hud.csv заводит строку слоя над фигурами (04 §2.15), числа «−N/+N» — эта строка.",Не TextRender в мире. Не красный текст. Без свечения-обводки. Без отдельного летального вида (F-04).,UE,—,US08ArtDamageWidget (S08ArtHudWidgets.h/.cpp); /Game/S08/UI/ArtHud/WBP_S08ArtDamage; ключи ST_Hud,/Game/S08/UI/ArtHud/WBP_S08ArtDamage; откат -S08SlateHud (весь HUD) или -S08SlateHud=damage (ВР-H15): прежний кегль 18 и фон #161A28 живут только в этом откате (ВР-61),"≤ 0,05 мс GT на число; ≤ 4 числа одновременно","Лист docs/game-design/evidence/VISUAL/FX-22/: Marmoreal original и Sarpedon original, шесть фигур v2, K1 при 1080p и 720p (масштаб UI 100 % и 150 %) и K2; «−N» живого удара над Medusa и «+5» над Arthur (The Holy Grail: King Arthur с 3 HP → 8); цвет и серый: «−» и «+» различимы в сером; текст ≥ 4,5 : 1. G-WIDGET (`SHOT widget id=damage`) PASS. Приёмка по делегированию.","художественно принято, по делегированию 2026-10-08 (VS-6 Frames, пакет bcaf737b, влито 29dcc089); сделано в e67def78; лист docs/game-design/evidence/VISUAL/FX-P4/live-hooks-crops.jpg («−1», «−9» живые); «+N» живьём не снят (The Holy Grail не сыгран) — галерея F2"
FX-23,vfx,CUE-011 урон: сборка в постановке,P4,"FX-19, FX-21, FX-22","Удар в бою и вне боя даёт один и тот же набор: вспышка, звезда, обод, HitReact, «−N», HP — от одного кадра контакта, по шкале F-03.","CUE-011 state.fighter_damaged: этап `contact` постановки (staged) или кадр HitReact без постановки (каскад, способность, истощение)","C — кадр контакта (notify Contact; фолбэк × скорость: Arthur 292, Merlin 333, Medusa 333, Harpy 292–375 мс от старта выпада); вспышка 0–70; звезда 70–340; обод 70–370; HitReact 417 (окно 450 / 550); «−N» +60; HP +80; показ CUE-011 900 от C","C+0: HitReact, FxFlash, звук CMB-HIT-* (AU5); C+60: «−N»; C+70: звезда NS_FX_HitStar и обод; C+80: HP; C+340: звезда ушла; C+370: обод ушёл; C+450 (летально): падение F-09 → FX-27; C+900: done","бой (staged) | вне боя | урон 0 (выпад, без HitReact, обод цели 300 мс, метка «защита держит») | летальный | каскад одного кадра (одна звезда и один звук на цель, CMB-HIT-MULTI) | догоняние hurry (удар играет) | cut (итог сразу, без VFX) | реконнект (не проигрывается) | reduced motion | скорость ×0,5 / ×1,5 / «Нет»","Три канала: звезда (форма), «−N» (число), HP (HUD). Красного нет.","fx.flash, fx.impact, fx.rim, damage.text",type.damage,"docs/unreal/contracts/cue-dispatcher/CUE-DISPATCHER.md §3.1, §5 (CUE combat), §6 C5; unreal/Unmatched/Source/Unmatched/S09/S09CombatStage.h; docs/game-design/de-footage/task/01-decisions.md (F-03, F-04); docs/game-design/evidence/DE-FOOTAGE/2026-10-05/I/sarpedon/combat-20261005-235948/joiner/s09-damage-combat.jpg; DE: структура/тайминг удара — HitReact, «−N» +67, HP +83 от контакта","Адаптер событий постановки (S09CombatStage: HitReact, Minus, Hp, Block → AS08FlowGameMode): HitReact → AS08FighterActor::PlayHitFx (FX-19) и спавн NS_FX_HitStar через FS08CueFxSpawner в точке ВР-FX04 (FX-21); Minus → число FX-22; Hp → HP. Без постановки — тот же набор в кадр HitReact. ВР-FX05 (по делегированию): звезда — при каждом уроне (ВР-21: урон = звезда и «−N»), в том числе взгляд Medusa и истощение; урон 0 (событие Block) — только PlayRim(300, 1.0, 0.35) у цели, без вспышки и звезды: язык «обод = защита». Строка CUE-011 диспетчера: vfx=NS_FX_HitStar, clip=AM_<Hero>_HitReact, mat=FxFlash (ВР-FX16). Тайминги фикстур combat-staging-* не меняются; vfx= в expect_trace C++-раннера обновить осознанно.",Не менять расписание FS09CombatTiming. Не спавнить звезду при уроне 0 и при cut. Не проигрывать после реконнекта (D4).,UE,—,"Адаптер CUE в S08FlowGameMode (одна точка, после `git status`); S08CueDispatcher.cpp; тесты Unmatched.S09.CombatStage.Fixtures, Unmatched.S08.CueDispatcher.Fixtures","адаптер CUE-011; откаты -S08FxLegacy (звезда), -S08HitTintLegacy (заливка)","На удар 1 система (≤ 4 спрайта), ΔGPU ≤ 0,05 мс; каскад из 3 ударов ≤ 0,15 мс","Живая партия (packaged -Bench) на Marmoreal original и Sarpedon original, шесть фигур v2: ≥ 3 удара, 1 урон 0, 1 летальный; G-CUE C5 и AU5 PASS (звук в кадр контакта). Лист docs/game-design/evidence/VISUAL/FX-23/: кадры C+0 / +60 / +80 / +200 / +370 на K2, цвет и серый; reduced motion и ×1,5 — по кадру. Приёмка по делегированию.","художественно принято, по делегированию 2026-10-08 (VS-6 Frames, пакет bcaf737b, влито 29dcc089); сделано в e67def78; лист docs/game-design/evidence/VISUAL/FX-P4/live-hooks-crops.jpg; G-CUE C* PASS 40/40 трасс; AU5 — задержка звука удара на кадрах съёмки (ВР-VS6-51)"
FX-24,vfx,Точки лечения: Niagara NS_FX_HealMotes,P4,"FX-02, FX-03","Лечение читается формой: 3–5 светло-зелёных точек поднимаются от подставки — в сером видно, что это не звезда удара.","CUE-012, кадр показа лечения (FX-25)",600 мс (02 §9.2) внутри показа CUE-012 700 мс,"0 мс: 4 точки (3–5 по сиду) на кольце 0,6 радиуса подставки, z 2 uu, радиус точки 3 uu; запуск вразбежку 0 / 60 / 120 / 180 мс; 0–450 мс: подъём на 0,8 высоты фигуры с замедлением, снос ±6 uu; 300–600 мс: opacity → 0, радиус → 2 uu","лечение | reduced motion (не спавнить, «+N» остаётся) | -S08FxLegacy (не спавнить)","Точка: тело fx.heal, внешняя кромка mark.keyline (SDF диск); ≥ 3 px на K1 1080p; зелёной заливки фигуры нет (ВР-67).","fx.heal, mark.keyline",—,"docs/game-design/visual/02-visual-design.md §2.6, §9.2 CUE-012, §9.3; docs/unreal/contracts/cue-dispatcher/cue-table.json CUE-012","NS_FX_HealMotes: CPU, burst 3–5 со сдвигом спавна, Facing FaceCamera, MI_FX_Heal (SDF диск, M_FX_Print), Lifetime 0,6, скорость вверх 140 uu/с, Drag 2, без шума (детерминизм FX-04), размер и opacity по keyframes. Крепление к сокету Base (FX-01). Тип NET_UM_Combat.","Без зелёного облака и ореола, без спрайтов «+», без света, без шума.",procedural,—,/Game/S08/FX/Combat/NS_FX_HealMotes; /Game/S08/FX/Materials/MI_FX_Heal,/Game/S08/FX/Combat/NS_FX_HealMotes; cue-table CUE-012 vfx.system; откат -S08FxLegacy,"≤ 5 спрайтов; 1 draw call; ΔGPU ≤ 0,02 мс","Лист docs/game-design/evidence/VISUAL/FX-24/: кадры packaged -Bench с отпечатком RENDER на Marmoreal original и Sarpedon original, шесть фигур v2, K1 и K2; Arthur на зелёной зоне и на белой клетке; кадры 0 / 200 / 450 / 600 мс; цвет и серый: точки отличимы от звезды. Приёмка по делегированию.","художественно принято, по делегированию 2026-10-08 (VS-6 Frames, пакет bcaf737b, влито 29dcc089); сделано в 0b36c66b, e67def78; лист docs/game-design/evidence/VISUAL/FX-P4/hit-heal-k1.jpg, hit-heal-k2.jpg"
FX-25,vfx,CUE-012 лечение: событие и сборка,P4,"FX-22, FX-24","Когда HP бойца растёт, игрок видит «+N», точки и новое HP. В MVP источник — карта The Holy Grail (King Arthur).",CUE-012 state.fighter_healed — рост HP живого бойца в применённом снимке (ВР-FX13),"Показ 700 мс (cue-table), задержка 200; в бою — в кадр `CUE combat stage=end`; вне боя — кадр применения снимка + 200","t0: NS_FX_HealMotes и «+N» (FX-22); t0+80: новое HP в теге и портрете (сердце в HUD 0 → 1,1 → 1 — hud.csv); t0+700: done","в бою (после постановки) | вне боя | реконнект (не проигрывается, сразу итог) | reduced motion (без точек)",«+N» и точки — два канала формы; цвет — третий.,"fx.heal, card.navy",type.damage,"scraped-data/api/heroes/king-arthur.json (The Holy Grail, effectAfter: «If King Arthur has 4 or less health but is not defeated, set his health to 8.»); docs/unreal/contracts/cue-dispatcher/CUE-DISPATCHER.md §8 (FighterHealed); docs/game-design/visual/01-inventory.md §6 (CUE-012: событие не подаётся)","ВР-FX13 (по делегированию): лечение показывается в конце постановки боя (`stage=end`), если закрывший бой снимок поднял HP; вне боя — в кадр применения снимка + 200; N = HP после − HP до. FS08FlowController::ComputeCues — тип FighterHealed. Строка CUE-012 в S08CueRows (server, replace_scope subject, reduced shorten 100, vfx NS_FX_HealMotes, сокет Base); показ в том же seq, что и постановка, ждёт её конца (как экран результата). Трасса `CUE fx id=CUE-012 … vfx=NS_FX_HealMotes`. Новая фикстура docs/unreal/contracts/cue-dispatcher/fixtures/heal-after-combat.json: бой, затем лечение в конце постановки.",Не показывать лечение раньше конца удара. Не проигрывать пропущенное после реконнекта.,UE,—,"S08FlowController.cpp/.h; S08CueDispatcher.cpp; фикстура heal-after-combat.json; поддержка в tools/s08/cue_contract/cue_contract.py, если нужна","FS08FlowController::ComputeCues, строка CUE-012; откат -S08FxLegacy (точки; «+N» остаётся)","1 система; ΔGPU ≤ 0,02 мс","run-fixtures PASS с новой фикстурой. Живая партия или S09-фикстура с The Holy Grail на Marmoreal original и Sarpedon original, шесть фигур v2: строка CUE-012, «+N», точки, новое HP. Лист docs/game-design/evidence/VISUAL/FX-25/ (K2, цвет и серый). Приёмка по делегированию.","технически импортировано (VS-6 Frames, пакет bcaf737b, влито 29dcc089); живого лечения не было (The Holy Grail не сыгран ни в одном из 22 прогонов) — кадр s09-fx25-heal открыт"
FX-26,vfx,Угольки «пепла»: Niagara NS_FX_AshEmbers (ВР-13),P4,"FX-02, FX-03","Павшая фигура «прогорает» фронтом с угольками цвета своей команды: ясно, чья фигура ушла.","CUE-013, этап растворения (`CUE death stage=dissolve`)",Система 600 мс от старта растворения (ВР-13); растворение 500 мс (герой) / 400 мс (помощник); жизнь уголька 250–400 мс (ВР-FX15),"0 мс: спавн на высоте фронта прогорания (снизу вверх, высота = прогресс растворения × высота фигуры), 8 угольков на 100 мс растворения; 0…500 / 400 мс: фронт поднимается, спавн идёт; уголёк: подъём 40–80 uu/с, снос ±10 uu, вращение 90–180°/с, размер 2–4 uu → 1 uu, последние 40 % жизни opacity → 0; 600 мс: последний уголёк угас","герой (≤ 40 угольков) | помощник (≤ 32) | reduced motion (не спавнить, стиль Fade) | -S08DissolveFade (не спавнить) | -S08FxLegacy (не спавнить)","Уголёк — ромб-чип: тело team.p1.screen или team.p2.screen владельца, кромка accent.warm (фронт), внешняя mark.keyline; ≥ 2 px на K2; в сером отличим от пыли формой ромба и движением вверх.","fx.ash, team.p1.screen, team.p2.screen, accent.warm, mark.keyline",—,art/imagegen/hud-icons-de012-codex/de011/ash-a-material.png; docs/game-design/evidence/DE-FOOTAGE/2026-10-04/C/bench/marmoreal-ash-K2x1p6.jpg; docs/game-design/evidence/DE-FOOTAGE/2026-10-04/C/bench/sarpedon-ash-K2x1p6.jpg; unreal/Unmatched/Source/Unmatched/S08/S08HeroesV2.h:159-212 (растворение DE-011); DE: структура/тайминг смерти — растворение после неподвижности (F-09),"ВР-FX15 (по делегированию): NS_FX_AshEmbers — CPU, Spawn Rate от user-параметра FrontHeight (адаптер пишет каждый кадр из S08HeroesV2::DissolveProgressAt), Shape Location Cylinder на высоте фронта, радиус 0,35 высоты фигуры (уточнить по мешам v2 в листе), MI_FX_Ember (SDF ромб, M_FX_Print), тело — user-параметр TeamScreenColor (team.p1.screen / team.p2.screen владельца, абсолютно по месту), кромка accent.warm; Lifetime 0,25–0,4; Allocation fixed 40. Крепление к актору фигуры (мир, без сокета). Тип NET_UM_Combat.","Без дыма (вариант B не делаем, ВР-13). Без света и свечения. Без крупных отлетающих фрагментов (README DE-011 их не рекомендует). Без шума.",procedural,—,/Game/S08/FX/Combat/NS_FX_AshEmbers; /Game/S08/FX/Materials/MI_FX_Ember,"/Game/S08/FX/Combat/NS_FX_AshEmbers; cue-table CUE-013 vfx.system; откаты -S08DissolveFade, -S08FxLegacy","≤ 40 частиц (ВР-13); 1 draw call; ΔGPU ≤ 0,05 мс (проход растворения меряет вариант dissolve-ash)","Лист docs/game-design/evidence/VISUAL/FX-26/: K2 на Marmoreal original и Sarpedon original, шесть фигур v2; смерть Medusa (герой) и гарпии (помощник), обе стороны по цвету команды; кадры от старта растворения +0 / +150 / +300 / +500 / +600; угольки цвета команды, видны в цвете и в сером; ≤ 40 частиц (fx-audit FX-04); render_bench dx12-lumen-high-v2-dissolve-ash с угольками ≤ +0,05 мс. Приёмка по делегированию.","художественно принято, по делегированию 2026-10-08 (VS-6 Frames, пакет bcaf737b, влито 29dcc089); сделано в cef3c9cc, c10f2062; лист docs/game-design/evidence/VISUAL/FX-P4/death-ability-k2.jpg, strips-star-ash-k1.jpg; живой кадр s09-fx26-embers-d300"
FX-27,vfx,CUE-013 смерть: «пепел» по умолчанию,P4,FX-26,Смерть по шкале F-09 заканчивается «пеплом» по умолчанию; fade остаётся откатом и видом reduced motion.,CUE-013 state.fighter_defeated; падение F — `CUE combat stage=fall` (C+450) или кадр снимка (staged=0),От падения F: DeathSettle 875; неподвижно 300 (герой) / 0 (помощник); растворение 500 / 400; исчезновение F+1675 / F+1275 (= C+2125 / C+1725); угольки F+1175…F+1775 (герой) / F+875…F+1475 (помощник); крест на сердце F+650 (= C+1100),"C+450: DeathSettle; C+1100: крест на сердце павшего (HUD, сделано); герой C+1625: старт растворения стилем Ash и NS_FX_AshEmbers; C+2125: фигура исчезла; C+2225: последний уголёк; экран результата — исчезновение героя + 1000 (C+3125)","герой | помощник | без MIC (style=none, скрытие после неподвижности) | reduced motion (Fade, без угольков) | -S08DissolveFade | новый удар по той же фигуре (jump_to_final)",Фронт прогорания accent.warm и угольки цвета команды — чья фигура ушла; сердце павшего в HUD — второй канал.,"fx.ash, team.p1.screen, team.p2.screen, accent.warm",—,"docs/unreal/contracts/cue-dispatcher/CUE-DISPATCHER.md §3.1 (смерть), §5 (CUE death), §6 DS1–DS6; unreal/Unmatched/Source/Unmatched/S08/S08HeroesV2.h:194-205 (EDissolveStyle, DecideDissolveStyle, S08DissolveAsh); docs/game-design/evidence/DE-FOOTAGE/2026-10-04/C/bench/marmoreal-fade-K2x1p6.jpg; tools/art/render/render_bench.py (dissolve-fade, dissolve-ash); DE: структура/тайминг смерти — оседание, пауза, исчезновение, экран ≈ 3,1 с от удара","ВР-13: DecideDissolveStyle → Ash по умолчанию; Fade при -S08DissolveFade или reduced motion; -S08DissolveAsh остаётся пустым алиасом (его передают скрипты бенча). Константа DissolveFadeFlagName = «S08DissolveFade» в S08HeroesV2.h; флаг — в S08ArtLook.h и ARTLOOK. AS08FighterActor при старте растворения спавнит NS_FX_AshEmbers через FS08CueFxSpawner и обновляет FrontHeight каждый тик растворения; трасса `CUE death stage=dissolve … style=ash` без новых полей (DS3 не меняется), отдельная строка `FX embers fighter=<id> t=<ms>`. render_bench: вариант dissolve-fade передаёт -S08DissolveFade. Тест Unmatched.S08.HeroesV2.DissolveStyle: умолчание Ash, флаг и reduced motion → Fade.",Не менять этапы F-09 и гейт DS1–DS6. Не спавнить угольки при Fade и style=none.,UE,—,S08HeroesV2.h/.cpp; S08FighterActor.cpp; S08ArtLook.h/.cpp; tools/art/render/render_bench.py; тест в S08HeroesV2Tests.cpp,S08HeroesV2::DecideDissolveStyle; откат -S08DissolveFade,"Растворение одной фигуры и ≤ 40 частиц: ΔGPU ≤ 0,10 мс в живой смерти","Живая партия до GAME_OVER на Marmoreal original и Sarpedon original, шесть фигур v2: DS1–DS6 PASS, `style=ash` у v2-фигур. Лист docs/game-design/evidence/VISUAL/FX-27/: K2, кадры +0 / +250 / +500 от старта растворения героя и помощника, цвет и серый. -S08DissolveFade даёт прежний fade (пара кадров). Приёмка по делегированию.","художественно принято, по делегированию 2026-10-08 (VS-6 Frames, пакет bcaf737b, влито 29dcc089); сделано в c10f2062; лист docs/game-design/evidence/VISUAL/FX-P4/death-ability-k2.jpg, rollbacks-k2.jpg (-S08DissolveFade); живые смерти героя до GAME_OVER, DS* PASS"
FX-28,vfx,CUE-014 событие способности и сокет по герою,P4,"FX-01, FX-03","Способность героя попадает в диспетчер как CUE-014 с верным героем, сокетом и системой. Сейчас CUE-014 не подаётся, и вихрь и дуга не запустятся.","Medusa — резолв pending `ability-<heroId>-target-p<n>` (TARGET_FIGHTER) в применённом снимке; King Arthur — раскрытие боя, где атакует Arthur и у атаки есть BOOST способности (FS09CardView Boosts)","Показ 800 мс (cue-table), задержка 200; блок ввода ≤ 1000",—,Medusa: вихрь и урон цели | Arthur: дуга | отказ Medusa от способности (declinePendingEffect — CUE нет) | нет целей (pending не создаётся — CUE нет) | реконнект (не проигрывается),—,—,—,"scraped-data/api/heroes/medusa.json (specialAbility: «At the start of your turn, you may deal 1 damage to an opposing fighter in Medusa's zone.»); scraped-data/api/heroes/king-arthur.json (specialAbility: «When King Arthur attacks, you may BOOST that attack…»); backend/src/game-engine/abilities/generic-hero-ability.handler.ts:889-940 (pending id `ability-<heroId>-target-p<n>`); unreal/Unmatched/Source/Unmatched/S09/S09HudModel.h:144 (Boosts); docs/unreal/contracts/cue-dispatcher/CUE-DISPATCHER.md §8, §9 п.3","1) FS08FlowController::ComputeCues, тип AbilityTriggered: (а) pending с префиксом id `ability-` героя Medusa был в прошлом снимке и исчез, HP цели упало → CUE-014 subject=medusa с параметром target; (б) ВР-FX10 (по делегированию): FS09CombatStageInput получает bAbilityBoost = атакующий King Arthur и в Boosts есть буст способности → CUE-014 subject=arthur в кадр события FlipAttack (его способность — буст атаки). 2) Поле героя в реестре FX-03: KingArthur → сокет Weapon, NS_FX_ArthurArc; Medusa → Root, NS_FX_MedusaVortex; остальные герои — пусто (слот шаблона ростера, ВР-02). 3) Строка CUE-014 в S08CueRows: сокет из поля героя, трасса `socket=Weapon` или `socket=Root`. 4) Новые фикстуры cue-contract ability-medusa-gaze.json и ability-arthur-boost.json. Бэкенд не менять.","Не выводить способность из текста карт. Не запускать CUE-014 от карты Gaze of Stone (это карта, не способность). Не трогать backend/.",UE,—,"S08FlowController.h/.cpp; S09CombatStage.h (поле входа); S08CueDispatcher.cpp; S08/Fx/S08CueFx.cpp; фикстуры docs/unreal/contracts/cue-dispatcher/fixtures/ability-medusa-gaze.json, ability-arthur-boost.json",FS08FlowController::ComputeCues; строка CUE-014; откат -S08FxLegacy,—,run-fixtures PASS с двумя новыми фикстурами; Unmatched.S08.CueDispatcher.Table PASS. Живая партия Medusa против King Arthur на Marmoreal original и Sarpedon original: строки CUE-014 у обоих героев с верным сокетом; G-CUE PASS. Приёмка по делегированию.,"художественно принято, по делегированию 2026-10-08 (VS-6 Frames, пакет bcaf737b, влито 29dcc089); сделано в c10f2062; лист docs/game-design/evidence/VISUAL/FX-P4/death-ability-k2.jpg; CUE-014 обоих героев в живых трассах, A1 PASS (ВР-VS6-49)"
FX-29,vfx,Вихрь Medusa: флипбук (Codex),P4,—,Форма взгляда Medusa (ВР-22): вихрь каменных колец вокруг её модели — без луча и без зелёного.,CUE-014 subject=medusa,"600 мс, 16 кадров по 37,5 мс (600 × 30 = 18 → потолок 16, ВР-PR10); скоростью не масштабируется (ВР-FX11)","Рисунок в плане (вид сверху). к.0 (0 мс): два тонких концентрических кольца с 3 разрывами, 40 % размера; к.1–4 (37–150): рост до 100 %, вращение навстречу на 90°, 6 плоских каменных сколов на кольцах; к.5–10 (187–375): удержание, ещё 120° вращения, сколы уходят наружу на 15 %; к.11–13 (412–487): сжатие до 60 %, кремовый штрих-вспышка на внешнем кольце в к.12 (момент урона ≈ 454 мс); к.14–15 (525–600): кольца распадаются на дуги и исчезают",лист в цвете | маска R/G/B (ВР-FX03) | серый | превью под наклоном камеры 55° | постер reduced motion (к.6),"Ширина вихря на экране 1,4 × высоты фигуры; кольца ≥ 2 px при 720p на K1; в сером отличим от звезды (кольца, не лучи) и от дуги Arthur (замкнутые кольца).","fx.stone, text.secondary, card.cream, mark.keyline",—,"docs/game-design/visual/02-visual-design.md §9.2 CUE-014, §9.3 (без зелёного); docs/game-design/de-footage/live-2026-10-04/APPROXIMATION.md (взгляд Medusa: от вихря до HP 500 мс); docs/game-design/evidence/DE-FOOTAGE/2026-10-05/I/marmoreal/combat-20261005-235827/joiner/s09-damage-number.jpg (размер Medusa на K1); DE: структура/тайминг взгляда — вихрь на модели ~150 мс до HP, луча нет","Пакет Codex по T-CODEX-VFX: маска 4×4, ячейка 256 px (форма < 25 % кадра K1), 16 кадров; рисунок в плане — игра кладёт спрайт горизонтально вокруг фигуры (FX-30). ВР-FX18 (по делегированию): вихрь — горизонтальные спрайты с тестом глубины: камера видит эллипс, фигура закрывает дальнюю часть колец, ближняя ложится поверх. Числа формы — в README.","Без луча, линии, глаза. Без зелёного и красного. Без градиентов, свечения, дыма. Без текста и цифр. Кадры DE — не вход. Не трогать unreal/ и hud-icons-v3/.",Codex,"[T-CODEX-VFX] File: docs/game-design/visual/06-tasks/prompts/FX-29.codex.md (Claude pastes the blocks [[B-PACKAGE]], [[B-STYLE]], [[B-FORBID]] verbatim from 07 §0.3 and §1.1 before launch). Task FX-29 — Medusa gaze vortex flipbook. Priority P4. Depends on —. Purpose: the player sees that Medusa used her gaze: a swirl of stone rings around her own figure, with no beam toward the target. Trigger: CUE-014 hero ability of Medusa (start of her turn, 1 damage to an opposing fighter in her zone). Timing: 600 ms, 16 frames (600 x 30 = 18, capped at 16, 37.5 ms per frame), not scaled by game speed. Keyframes, drawn in PLAN VIEW (seen from straight above; the game lays the sprite flat around the figure, the camera sees an ellipse and the figure hides the far side): frame 0 (0 ms) two thin concentric broken rings at 40% size, 3 gaps each; frames 1-4 (37-150 ms) the rings grow to full size and counter-rotate by 90 deg, 6 flat irregular stone chips appear on the rings; frames 5-10 (187-375 ms) hold at full size, the rings rotate 120 deg more, the chips drift outward by 15%; frames 11-13 (412-487 ms) the rings contract to 60%, one short cream flash stroke on the outer ring at frame 12 (the damage moment, about 454 ms); frames 14-15 (525-600 ms) the rings break into short arcs and vanish. [[B-PACKAGE]] Set: fx-vortex. Effect language: flat shapes with a hard edge, 2-3 tones from fx.stone = text.secondary #B9B2A6 (body) and card.cream #F9EBDB (inner edge and the flash stroke), mark.keyline #111317 (outer keyline), duration <= 600 ms, no smoke, no highlights, no glow gradients, no lens flares, no light emission, no camera shake. Shape first: swirl of stone rings = Medusa gaze, no beam. No green anywhere (green means healing and board zones). 1. Optional exploration: 2 image-generation concepts (A, B) on a flat #808080 background: ""Original flat 2D game effect concept, a vortex of stone rings seen from above, shown as a 4-step strip from left to right: two thin broken rings; full rings with flat stone chips; rings contracting with one cream flash stroke; rings breaking into arcs. Hard-edged flat shapes, 3 flat tones: #B9B2A6 body, #F9EBDB edge, #111317 keyline. [[B-STYLE]] [[B-FORBID]]"" 2. Final: draw the flipbook procedurally by script: mask PNG with R = body, G = inner edge and flash stroke, B = outer keyline, A = max(R, G, B), straight alpha (decision ВР-FX03), plus a colour preview PNG; frame count 16, grid 4x4, cell 256 px; outer ring radius at full size = 45% of the cell; ring widths 6% and 4% of the cell; every edge >= 4 px at 256 px; colour bleed 4 px into transparent pixels; frame 0 = poster. 3. Sheets: every frame in colour (token tint on #061623 and on a board crop of our UE frame docs/game-design/evidence/DE-FOOTAGE/2026-10-05/I/marmoreal/combat-20261005-235827/joiner/s09-damage-number.jpg; sheets with that crop go only to scraped-data/derived/fx-vortex-codex/) and in gray (Rec.709 luma); a timing strip with ms under each frame; a preview squashed to the camera pitch of 55 deg (vertical scale 0.82) to show what the game sees; a reduced-motion poster (frame 6). 4. verification.json: frame count, cell size, alpha range, maximum sprite count you assume (2; a system <= 64), tokens used. Deliverable: art/imagegen/fx-vortex-codex/vector/T_FX_MedusaVortex_4x4.png (1024x1024 RGBA mask), vector/T_FX_MedusaVortex_4x4-preview.png, comparison/ sheets, README.md, verification.json, manifest-sha256.json, generation-records.json. Do: write ring radii, ring widths, gap angles and chip shapes as numbers in README. Do not: no beam, line or eye shape, no green, no red, no gradients, glow or smoke, no text or numbers, no frames or assets of any commercial game as input, no edits under unreal/ or art/imagegen/hud-icons-v3/. Acceptance: 16 frames, 1024x1024; palette within dE76 <= 3 of the three tokens on the colour sheet; gray sheet present; outside_folder empty; at 64 px and 48 px (nearest x4) both rings and their gaps stay visible; no green and no red.","art/imagegen/fx-vortex-codex/: vector/T_FX_MedusaVortex_4x4.png (1024×1024, RGBA, маска R/G/B), vector/T_FX_MedusaVortex_4x4-preview.png, comparison/, README.md, verification.json, manifest-sha256.json, generation-records.json; листы с кропом доски — scraped-data/derived/fx-vortex-codex/; задание — docs/game-design/visual/06-tasks/prompts/FX-29.codex.md",импорт в FX-30 → /Game/S08/FX/Textures/T_FX_MedusaVortex_4x4,"Codex — 1 пакет, ≤ 2 генерации image_gen; SYNTX 0 (запас — T-SYNTX-IMG-GPT ≤ 2 × 2 токена)","verification.json: 16 кадров, 1024×1024, palette ΔE76 ≤ 3, серый есть, outside_folder пуст; лист 64 px и 48 px (nearest ×4): оба кольца и разрывы видны; нет зелёного и красного. Ревью Claude по 07 §5; статус «предложено» до листа FX-30. Приёмка по делегированию.","сделано: пакет fx-vortex (CX-19) принят, лист FX-30 — docs/game-design/evidence/VISUAL/FX-P4/strips-vortex-arc.jpg (VS-6 Frames, пакет bcaf737b, влито 29dcc089)"
FX-30,vfx,Вихрь Medusa: Niagara и постановка взгляда,P4,"FX-29, FX-28, FX-23","Взгляд Medusa читается одной сценой: вихрь на её модели, затем у цели вспышка, звезда, «−1» и вспышка сердца в HUD.",CUE-014 subject=medusa (FX-28),"t0 — кадр применения снимка с резолвом способности; вихрь 0–600; контакт-эквивалент t0+454; «−N» t0+514; HP t0+534 (TL medusa_gaze_ring_to_hp 534–567); показ CUE-014 800; скоростью не масштабируется (как у DE); reduced motion — без вихря, удар цели в t0+100","t0: NS_FX_MedusaVortex на Medusa — два горизонтальных спрайта на 0,45 и 0,7 высоты фигуры, вращение навстречу 180°/с; t0+454: CUE-011 у цели staged (набор FX-23 без выпада: вспышка, звезда, обод, HitReact); t0+514: «−1»; t0+524: звезда и обод у цели; t0+534: HP цели и вспышка сердца в HUD (AB-6); t0+600: вихрь ушёл; t0+794: звезда ушла; t0+800: done",одна цель | отказ (CUE нет) | цель пала (F-09 от t0+454+450) | реконнект (не проигрывается) | reduced motion | -S08FxLegacy (только удар цели),Вихрь на самой Medusa; луча и линии к цели нет. «Кто → кого» несут звезда у цели и строка ленты LOG.,"fx.stone, text.secondary, card.cream, mark.keyline",—,"art/imagegen/fx-vortex-codex/README.md (после FX-29); docs/game-design/de-footage/live-2026-10-04/timings-live.csv (medusa_gaze_ring_to_hp, medusa_gaze_hp_to_combat); docs/game-design/visual/02-visual-design.md §9.2 CUE-014; unreal/Unmatched/Source/Unmatched/S09/S09CombatStage.h (образец постановки)","ВР-FX11 (по делегированию): постановка FS09AbilityStage (новая, без мира, по образцу FS09CombatStage): вход — t0, цель, урон, HP до и после, летальность; события Vortex (t0), Contact (t0+454), Minus (+60), Hp (+80), Fall (+450 при летальном), End; HUD держит старое HP до t0+534; трасса `CUE ability seq=<n> stage=start|contact|minus|hp|end hero=medusa target=<id> t=<ms>`; CUE-011 цели — staged (D3 не применяется). В cue_contract.py check-trace — правило A1: contact = start + 454, minus +60, hp +80 (±17 мс). NS_FX_MedusaVortex: CPU, 2 спрайта, Facing Custom (0,0,1), SubUV 4×4, 16 кадров по возрасту, Lifetime 0,6, MI_FX_Vortex (M_FX_Print, тест глубины включён), крепление к сокету Root. Тип NET_UM_Combat.","Без луча, линии, глаз-спрайтов, зелёного, света. Не масштабировать скоростью. FS09CombatStage не менять.",UE,—,Source/Unmatched/S09/S09AbilityStage.h/.cpp и тест; /Game/S08/FX/Textures/T_FX_MedusaVortex_4x4; /Game/S08/FX/Combat/NS_FX_MedusaVortex; /Game/S08/FX/Materials/MI_FX_Vortex; правило A1 в tools/s08/cue_contract/cue_contract.py,/Game/S08/FX/Combat/NS_FX_MedusaVortex; FS09AbilityStage; откат -S08FxLegacy,"2 спрайта; 1 draw call; ΔGPU ≤ 0,05 мс","Живая партия или S09-фикстура со взглядом Medusa на Marmoreal original и Sarpedon original, шесть фигур v2: A1 PASS, G-CUE PASS. Лист docs/game-design/evidence/VISUAL/FX-30/: кадры t0+0 / +150 / +300 / +454 / +534 / +600 на K2, цвет и серый; луча нет. Приёмка по делегированию.","художественно принято, по делегированию 2026-10-08 (VS-6 Frames, пакет bcaf737b, влито 29dcc089); сделано в cef3c9cc, c10f2062; лист docs/game-design/evidence/VISUAL/FX-P4/death-ability-k2.jpg, strips-vortex-arc.jpg; живой кадр s09-fx30-vortex-t300 на обеих картах"
FX-31,vfx,Дуга меча Arthur: флипбук (Codex),P4,—,Форма способности Arthur (ВР-22): короткая золотая дуга у меча — «атака усилена бустом».,"CUE-014 subject=arthur (кадр переворота атакующей карты с бустом, ВР-FX10)","400 мс, 12 кадров по 33,3 мс в сетке 4×4 (ячейки 12–15 пустые); масштабируется скоростью вместе с переворотом CUE-010","к.0 (0 мс): узкий серп 20° у острия, 30 % длины; к.1–3 (33–100): серп растёт в дугу 120° от рукояти к острию, ширина 10 % радиуса; к.4–6 (133–200): полная дуга 140°: сердцевина card.glyph, тело fx.gold, внешняя mark.keyline; к.7–9 (233–300): хвост тает от рукояти к острию; к.10–11 (333–400): короткий штрих 15° у острия исчезает",лист в цвете | маска R/G/B (ВР-FX03) | серый | постер reduced motion (к.5),"Толщина дуги ≥ 2 px при 720p на K1; в сером отличима от звезды (одна дуга, не лучи) и от вихря (незамкнутая); красного нет — у Arthur красный плащ.","fx.gold, turn.flash.yellow, card.glyph, mark.keyline",—,"docs/game-design/visual/02-visual-design.md §9.2 CUE-014; docs/art-pipeline/rig/rig-contract.json (сокет Weapon, sockets_v2); docs/game-design/evidence/DE-FOOTAGE/2026-10-05/I/marmoreal/combat-20261005-235827/joiner/s09-damage-number.jpg (размер Arthur на K1); scraped-data/api/heroes/king-arthur.json (specialAbility)","Пакет Codex по T-CODEX-VFX: маска 4×4, ячейка 256 px, 12 кадров + 4 пустые ячейки; кадр 0 — постер. Числа формы (углы, радиусы, ширины) — в README.","Без свечения, блёсток, размытия движения, шлейфа частиц. Без красного. Без текста и цифр. Кадры DE — не вход. Не трогать unreal/ и hud-icons-v3/.",Codex,"[T-CODEX-VFX] File: docs/game-design/visual/06-tasks/prompts/FX-31.codex.md (Claude pastes the blocks [[B-PACKAGE]], [[B-STYLE]], [[B-FORBID]] verbatim from 07 §0.3 and §1.1 before launch). Task FX-31 — King Arthur sword arc flipbook. Priority P4. Depends on —. Purpose: the player sees that King Arthur's attack is boosted by his ability: a short golden arc at his sword. Trigger: CUE-014 hero ability of King Arthur (he attacks with a BOOST card); shown in the frame his attack card flips. Timing: 400 ms, 12 frames at 30 fps in a 4x4 grid (cells 12-15 stay empty), scaled with game speed. Keyframes: frame 0 (0 ms) a narrow 20 deg crescent at the blade tip, 30% length; frames 1-3 (33-100 ms) the crescent grows into a 120 deg arc along the swing from hilt to tip, width 10% of the radius; frames 4-6 (133-200 ms) the full 140 deg arc with a white core, golden body and dark keyline; frames 7-9 (233-300 ms) the tail melts from the hilt side toward the tip; frames 10-11 (333-400 ms) only a short 15 deg stroke at the tip remains and vanishes. [[B-PACKAGE]] Set: fx-arc. Effect language: flat shapes with a hard edge, 2-3 tones from fx.gold = turn.flash.yellow #F2C14E (body), card.glyph #FAF8F2 (core), mark.keyline #111317 (outer keyline), duration <= 600 ms, no smoke, no highlights, no glow gradients, no lens flares, no light emission, no camera shake. Shape first: short golden arc = Arthur sword. 1. Optional exploration: 2 image-generation concepts (A, B) on a flat #808080 background: ""Original flat 2D game effect concept, a short sword swing arc, shown as a 4-step strip from left to right: a narrow crescent at the tip; a growing arc; the full arc with a white core; the tail melting into a short stroke. Hard-edged flat shapes, 3 flat tones: #F2C14E body, #FAF8F2 core, #111317 keyline. [[B-STYLE]] [[B-FORBID]]"" 2. Final: draw the flipbook procedurally by script: mask PNG with R = golden body, G = white core, B = outer keyline, A = max(R, G, B), straight alpha (decision ВР-FX03), plus a colour preview PNG; frame count 12, grid 4x4 (cells 12-15 fully transparent), cell 256 px; the hilt end of the arc at x = 25% of the cell, the tip sweeps to the right edge minus 10%; every edge >= 4 px at 256 px; colour bleed 4 px into transparent pixels; frame 0 = poster. 3. Sheets: every frame in colour (token tint on #061623 and on a board crop of our UE frame docs/game-design/evidence/DE-FOOTAGE/2026-10-05/I/marmoreal/combat-20261005-235827/joiner/s09-damage-number.jpg; sheets with that crop go only to scraped-data/derived/fx-arc-codex/) and in gray (Rec.709 luma); a timing strip with ms under each frame; a reduced-motion poster (frame 5). 4. verification.json: frame count, cell size, alpha range, maximum sprite count you assume (1; a system <= 64), tokens used. Deliverable: art/imagegen/fx-arc-codex/vector/T_FX_ArthurArc_4x4.png (1024x1024 RGBA mask), vector/T_FX_ArthurArc_4x4-preview.png, comparison/ sheets, README.md, verification.json, manifest-sha256.json, generation-records.json. Do: write the arc angles, radii and widths as numbers in README. Do not: no glow, sparkles, motion blur or particle trails, no red (King Arthur's cloak is red), no text or numbers, no frames or assets of any commercial game as input, no edits under unreal/ or art/imagegen/hud-icons-v3/. Acceptance: 12 frames plus 4 empty cells, 1024x1024; palette within dE76 <= 3 of the three tokens on the colour sheet; gray sheet present; outside_folder empty; at 48 px and 36 px (nearest x4) the arc stays one clean curve; no red.","art/imagegen/fx-arc-codex/: vector/T_FX_ArthurArc_4x4.png (1024×1024, RGBA, маска R/G/B), vector/T_FX_ArthurArc_4x4-preview.png, comparison/, README.md, verification.json, manifest-sha256.json, generation-records.json; листы с кропом доски — scraped-data/derived/fx-arc-codex/; задание — docs/game-design/visual/06-tasks/prompts/FX-31.codex.md",импорт в FX-32 → /Game/S08/FX/Textures/T_FX_ArthurArc_4x4,"Codex — 1 пакет, ≤ 2 генерации image_gen; SYNTX 0 (запас — T-SYNTX-IMG-GPT ≤ 2 × 2 токена)","verification.json: 12 кадров и 4 пустые ячейки, 1024×1024, palette ΔE76 ≤ 3, серый есть, outside_folder пуст; лист 48 px и 36 px (nearest ×4): дуга — одна чистая кривая; красного нет. Ревью Claude по 07 §5; статус «предложено» до листа FX-32. Приёмка по делегированию.","сделано: пакет fx-arc (CX-20) принят, лист FX-32 — docs/game-design/evidence/VISUAL/FX-P4/strips-vortex-arc.jpg (VS-6 Frames, пакет bcaf737b, влито 29dcc089)"
FX-32,vfx,Дуга меча Arthur: Niagara и запуск на раскрытии,P4,"FX-31, FX-28","В кадр переворота атакующей карты с бустом у меча Arthur вспыхивает золотая дуга: видно, что сработала его способность.","CUE-014 subject=arthur, событие FlipAttack постановки боя (FX-28)",Старт — начало CUE-010 (переворот атакующей карты); 400 мс × скорость; «Нет» — не играть; reduced motion — не спавнить,F0 = FlipAttack: NS_FX_ArthurArc в сокете Weapon; F0…F0+400 × скорость: SubUV 0 → 11; карта атаки с бустом переворачивается в HUD тем же кадром (блок UI-HUD-COMBAT-EDGE),атака Arthur с бустом способности | без буста (нет) | атакует Merlin (нет) | reduced motion | скорость «Нет» | -S08FxLegacy,"Размер дуги 0,6 высоты фигуры; поверх фигуры (без теста глубины, SortPriority +10); в сером читается.","fx.gold, turn.flash.yellow, card.glyph, mark.keyline",—,art/imagegen/fx-arc-codex/README.md (после FX-31); docs/art-pipeline/rig/rig-contract.json (sockets_v2 Weapon); unreal/Unmatched/Source/Unmatched/S09/S09CombatStage.h:83 (ES09CombatEvent FlipAttack); docs/game-design/visual/02-visual-design.md §9.2 CUE-014,"Импорт T_FX_ArthurArc_4x4 скриптом tools/art/fx_import.py. NS_FX_ArthurArc: CPU, 1 спрайт, Facing FaceCamera с выравниванием по оси клинка (Alignment Custom: ось X сокета Weapon), Lifetime 0,4 × скорость, SubUV 4×4 (кадры 0–11), MI_FX_Arc (M_FX_Print, NoDepthTest, SortPriority 10), размер 0,6 высоты фигуры. SpawnSystemAttached к сокету Weapon. Запуск — событие FlipAttack в S09CombatStage при bAbilityBoost (FX-28). Тип NET_UM_Combat.","Без света, блёсток, шлейфа. Без красного. Не запускать без буста способности.",procedural,—,/Game/S08/FX/Textures/T_FX_ArthurArc_4x4; /Game/S08/FX/Combat/NS_FX_ArthurArc; /Game/S08/FX/Materials/MI_FX_Arc,/Game/S08/FX/Combat/NS_FX_ArthurArc; откат -S08FxLegacy,"1 спрайт; 1 draw call; ΔGPU ≤ 0,03 мс","Живая партия на Marmoreal original и Sarpedon original, шесть фигур v2: атака Arthur с бустом даёт CUE-014 socket=Weapon в кадр переворота (±17 мс), атака без буста — нет. Лист docs/game-design/evidence/VISUAL/FX-32/: K2, кадры F0+0 / +133 / +267 / +400, цвет и серый; красного нет. G-CUE PASS. Приёмка по делегированию.","художественно принято, по делегированию 2026-10-08 (VS-6 Frames, пакет bcaf737b, влито 29dcc089); сделано в cef3c9cc, c10f2062; лист docs/game-design/evidence/VISUAL/FX-P4/death-ability-k2.jpg, strips-vortex-arc.jpg; живой кадр s09-fx32-arc-f133 показывает только начало взмаха (хук снимает поздно / рано, ВР-VS6-56)"
FX-33,vfx,"CUE-015 начало хода: без VFX, кольцо хода в HUD",P1,—,"Начало хода показывают кольцо у портрета и баннер. На поле эффекта нет, как у DE.",CUE-015 state.turn_changed,"Кольцо: вспышка 1000 мс, затем тлеет с opacity 0,35 весь ход; баннер 600 мс только на свой ход; ввод открыт сразу (SD-47)",— (marker-turn-ring и баннер — блоки UI-HUD-PANEL-LOC / UI-HUD-PANEL-OPP и UI-HUD-BANNER),—,—,"turn.flash.yellow, turn.flash.orange",—,"docs/game-design/visual/04-hud-spec.md §2.2, §2.4; docs/game-design/visual/02-visual-design.md §9.2 CUE-015; docs/game-design/de-footage/task/runs/I-2026-10-05.md; unreal/Unmatched/Source/Unmatched/S08/S08TurnPortraitWidget.h","На поле ничего не спавнить. Тёплую пульсирующую кромку стороны активного игрока из 07 убрать (ВР-FX07, правка внутри FX-01): у DE кольца хода на поле нет, кромка спорила бы с подложками. Кольцо у портрета уже сделано в прогоне I.",Не добавлять кольцо или кромку на поле. Не задерживать ввод.,UE,—,— (кольцо хода технически импортировано в 99ce5a1b; строка 07 — в составе FX-01),"S08TurnPortraitWidget (кольцо), откат -S08TurnRingLegacy",—,"Кольцо хода по умолчанию на обеих картах (evidence прогона I); VFX на поле нет; в 07 нет «кромки стороны». Приёмка кольца — лично, 2026-10-05 (AB-5).",сделано (99ce5a1b)
FX-34,vfx,CUE-016 грейд и виньетка исхода,P4,—,"Исход партии чувствуется сценой ещё до панели: тёплый свет при победе, холодный и бледнее при поражении, края темнее; камера стоит.",CUE-016 state.game_over; старт грейда — кадр `CUE death stage=gone` героя; без смерти героя — кадр `RESULT screen`; ABORTED — без грейда (ВР-FX08),"500 мс до полного; экран результата — через 1000 мс после исчезновения героя (удар → экран ≈ 3,1 с); грейд держится до выхода из партии; «посмотреть доску» снимает вуаль, грейд остаётся","G0 = исчезновение героя (C+2125): BlendWeight 0 → 1 за 500 мс (ease-in-out); G0+500: полный грейд; G0+1000: панель результата под panel.veil 0,6; reduced motion: BlendWeight → 1 за ≤ 100 мс",победа (своя сторона) | поражение | каждый клиент — свой исход | ABORTED (нет) | reduced motion | -S08FxLegacy (нет),"Исход несёт заголовок экрана (VICTORY / DEFEAT, type.display); грейд только поддерживает. В сером поражение темнее и бледнее.","fx.grade.victory, fx.grade.defeat",—,"docs/game-design/visual/02-visual-design.md §2.6, §9.2 CUE-016, §10.5; docs/unreal/contracts/cue-dispatcher/CUE-DISPATCHER.md §5 (RESULT screen); unreal/Unmatched/Config/ArtBoards/S08ArtBoardProfiles.json (grade.devignette 0,4 у вклейки); docs/game-design/evidence/DE-FOOTAGE/2026-10-05/I/marmoreal/combat-20261005-235827/host/s09-result-board.jpg; DE: структура исхода — экран входит ~500 мс и сам не закрывается (F-06, F-09)","ВР-FX08 (по делегированию): компонент S08/Fx/S08CuePostProcess (UPostProcessComponent, unbound, Priority выше профиля доски), набор «победа»: WhiteTemp 6500 → 5900; набор «поражение»: WhiteTemp 6500 → 7300, ColorSaturation × 0,8; оба: VignetteIntensity = базовая + 0,25 — абсолютные 0,25 ослабили бы движковую 0,4, а 07 требует «виньетка усиливается» (базовая — движковая 0,4, её снимает devignette 0,4 вклейки; уточнить, не задаёт ли её объём сцены). BlendWeight по keyframes. Старт — от строки `CUE death stage=gone` героя (S09DeathStage) или от `RESULT screen`. Трасса `FX grade outcome=<victory|defeat> t=<ms> ms=500 reduced=<0|1>`. Тест Unmatched.S08.CuePostProcess.Curve (без мира).","Камера не двигается (D-10). Без bloom, зерна, LUT-текстур. Постпроцесс не трогает UMG. grade вклейки не менять.",UE,—,Source/Unmatched/S08/Fx/S08CuePostProcess.h/.cpp; вызов из S09DeathStage / ResultGate; тест,S08CuePostProcess (компонент game mode); откат -S08FxLegacy,"ΔGPU ≤ 0,05 мс при 1080p (WhiteTemp, Saturation и виньетка — в тонмаппере, без доп. прохода)","Лист docs/game-design/evidence/VISUAL/FX-34/: «посмотреть доску» после победы и после поражения на Marmoreal original и Sarpedon original, шесть фигур v2 (павший герой исчез), K1, до и после грейда, цвет и серый. `FX grade` в кадр `CUE death stage=gone` героя ±17 мс; DS5 (экран через 1000) не сдвинулся. Приёмка по делегированию.","художественно принято, по делегированию 2026-10-08 (VS-6 Frames, пакет bcaf737b, влито 29dcc089); сделано в 1ddec221; лист docs/game-design/evidence/VISUAL/FX-P4/кадры победы вне git (HUD), индекс docs/game-design/evidence/VISUAL/VS-6/data/vs6-evidence-index.json; ΔGPU грейда +0,010 / +0,015 мс"
FX-35,vfx,CUE-017 обесцвечивание при разрыве связи,P4,FX-34,"Обрыв связи виден всей сценой: она бледнеет на 30 %, значок CONN показывает X; игрок понимает, что ввод не уходит.",CUE-017 net.disconnected,"duration 0 (cue-table): насыщенность × 0,7 за 1 кадр; держится до CUE-018; повторный сигнал — duplicate (D5)","D0: ColorSaturation × 0,7 (BlendWeight 1 сразу); значок CONN lost (hud.csv); держится до FX-36","разрыв | повторный разрыв (без изменений) | вместе с грейдом CUE-016 (насыщенность × 0,8 × 0,7) | reduced motion (то же, движения нет) | -S08FxLegacy (нет)",Основной канал — значок CONN с X (state.error только у X) и тост; обесцвечивание — второй.,fx.desat.disconnect,—,"docs/game-design/visual/02-visual-design.md §9.2 CUE-017; docs/unreal/contracts/cue-dispatcher/cue-table.json CUE-017 (postprocess.desaturation 0.3); docs/game-design/visual/04-hud-spec.md §2.1 (CONN), §1.9 RECONNECT","ВР-FX09 (по делегированию): третий набор S08CuePostProcess — ColorSaturation × 0,7, BlendWeight 1 в кадр события; возврат — FX-36. Трасса `FX desat on t=<ms>`. Пауза Idle-анимаций из 07 («пауза skeletal») — уточнить, делает ли её клиент; в эту строку не входит.","Не затемнять, не размывать. Не блокировать кнопки паузы и настроек HUD.",UE,—,S08CuePostProcess.cpp (набор disconnect); вызов из обработчика связи,S08CuePostProcess; откат -S08FxLegacy,ΔGPU ≈ 0 (тонмаппер),"Кадры K1 на Marmoreal original и Sarpedon original, шесть фигур v2: до разрыва и после (обрыв стендом S10); средняя насыщенность сцены (HSV S по кадру без HUD) падает на 30 % ± 3 %; трасса `FX desat on`. Лист docs/game-design/evidence/VISUAL/FX-35/, цвет и серый. Приёмка по делегированию.","художественно принято, по делегированию 2026-10-08 (VS-6 Frames, пакет bcaf737b, влито 29dcc089); сделано в 1ddec221; лист docs/game-design/evidence/VISUAL/FX-P4/desat-marmoreal-k1.jpg, desat-sarpedon-k1.jpg (HSV S −30,6 / −30,2 %); живой обрыв: FX desat on → CUE reconnect → off 300 мс (lost-sarp)"
FX-36,vfx,CUE-018 возврат цвета после восстановления связи,P4,"FX-35, FX-03","Связь вернулась — сцена плавно возвращает цвет, позиции сразу в итоге, пропущенное не проигрывается.",CUE-018 net.recovered (`CUE reconnect recovered_seq=R`),Возврат насыщенности 300 мс внутри показа 800 (ВР-FX09); тост «позиции обновлены (пропущено N)» и кроссфейд значка 150 мс — HUD,"R0: BlendWeight набора disconnect 1 → 0 за 300 мс; R0: все показы обрываются (cut=reconnect), активные системы гаснут, VFX для seq ≤ R не спавнятся (D4); R0+800: done","восстановление | восстановление посреди постановки боя (постановка обрывается, итог сразу) | reduced motion (возврат ≤ 100 мс)",Основной канал — тост и значок CONN online.,fx.desat.disconnect,—,"docs/unreal/contracts/cue-dispatcher/CUE-DISPATCHER.md §4 D4, §7 (reconnect-no-replay); docs/game-design/visual/04-hud-spec.md §1.9, §2.12",S08CuePostProcess: возврат за 300 мс; FS08CueFxSpawner по строке `CUE reconnect` гасит все активные системы (Deactivate) и не спавнит VFX для stale seq. Трасса `FX desat off t=<ms> ms=300`. Фикстура reconnect-no-replay — без изменений.,"Не проигрывать пропущенные удары, смерти и лечение. Без «вспышки возврата».",UE,—,S08CuePostProcess.cpp; S08CueFxSpawner.cpp (гашение по реконнекту),S08CuePostProcess; FS08CueFxSpawner; откат -S08FxLegacy,—,"Стенд S10 (разрыв посреди боя) на Marmoreal original и Sarpedon original, шесть фигур v2: после восстановления нет новых `CUE fx … vfx=NS_FX_*` с seq ≤ R (G3 PASS); насыщенность вернулась за 300 мс ± 1 кадр; лист docs/game-design/evidence/VISUAL/FX-36/ (кадры до, R0, R0+300; цвет и серый). Приёмка по делегированию.","художественно принято, по делегированию 2026-10-08 (VS-6 Frames, пакет bcaf737b, влито 29dcc089); сделано в 1ddec221; лист docs/game-design/evidence/VISUAL/FX-P4/desat-*-k1.jpg (w 1/3: −9,7 / −9,8 %); G3 PASS после ВР-VS6-50"
FX-37,vfx,Худший набор VFX: бенч ΔGPU и лист приёмки P4,P4,"FX-04, FX-13, FX-16, FX-23, FX-25, FX-27, FX-30, FX-32, FX-34",Все VFX боя вместе держат бюджет ВР-25 и проходят делегированную приёмку одним листом.,"— (замер и приёмка, полный режим AGENTS.md «Iteration speed»)","Худший набор CUE-DISPATCHER §9 п.4 (2 × CUE-011, CUE-013, CUE-007, CUE-014) при правиле ≤ 3 боевых систем одновременно","-BenchFx=each: каждая система по очереди, время частиц заморожено на середине жизни; -BenchFx=worst: три самые дорогие боевые системы по замеру each + пыль и шевроны (поле) + растворение одной фигуры (-BenchDissolve=0.5) + грейд CUE-016",dx12-lumen-high-v2 (база) | dx12-lumen-high-v2-fx-each | dx12-lumen-high-v2-fx-worst | fx-worst с -S08FxLegacy (контроль),—,—,—,"tools/art/render/render_bench.py; docs/game-design/visual/02-visual-design.md §9.4, §13.2, §13.5; docs/unreal/contracts/cue-dispatcher/CUE-DISPATCHER.md §9 п.4 (Lumen и эмиссивные частицы); AGENTS.md «Unreal GPU load», «Board scenes and heroes»","1) Параметр клиента -BenchFx=each|worst (только с -Bench) в FS08CueFxSpawner: спавн на фигурах обеих сторон, заморозка Niagara на середине жизни. 2) Варианты render_bench `dx12-lumen-high-v2-fx-each` и `-fx-worst`, обе настоящие карты, 3 повтора, ProfileGPU и CSV по проходам. 3) Lumen: unlit translucent спрайты не должны попадать в сцену Lumen; если проход Lumen растёт — у систем отключить вклад в Lumen. 4) Повтор аудита FX-04 (fx-audit.json). 5) Лист приёмки: по каждой строке FX этой таблицы — кадры K1 и K2 обеих карт, цвет, серый, дейтеранопия, reduced motion; трассы CUE fx, CUE combat, CUE death, FX *; README с замерами и флагами отката. До ENV-U16 (P3) задник Marmoreal на кадрах — P5c: пометить в README как известный разрыв AGENTS.md.",Не мерить по capped gpuMs (только render_bench без лимита FPS). Не использовать синтетические доски. Не включать r.DynamicRes.,script:tools/art/render/render_bench.py,—,"Варианты в tools/art/render/render_bench.py; -BenchFx в S08/Fx/S08CueFxSpawner.cpp; docs/game-design/evidence/VISUAL/FX-P4/ (README.md, bench JSON, листы)",-BenchFx=each|worst; откат -S08FxLegacy,"ΔGPU худшего набора ≤ 1,0 мс (RTX 4090, packaged -Bench, High, SP 100); ≤ 3 боевые системы одновременно; ≤ 64 спрайта на систему, «пепел» ≤ 40","G-COST: среднее ΔGPU fx-worst − база ≤ 1,0 мс на Marmoreal original и Sarpedon original (3 повтора, разброс ≤ 0,1 мс). G-LOOK: каждый PNG листа открыт глазами — доска настоящая, задник верный для карты (или помечен разрыв ENV-U16), шесть фигур v2. G-GRAY и G-CUE PASS. Статус строк в реестре 03 — «художественно принято, по делегированию», дата, ссылка на лист (ВР-60).","художественно принято, по делегированию 2026-10-08 (VS-6 Frames, пакет bcaf737b, влито 29dcc089); render_bench fx-each / fx-worst (74a0b85d), исправление цены 20d7951c, 9edb16d3, bcaf737b; README docs/game-design/evidence/VISUAL/FX-P4: ΔGPU худшего набора к fix/admin-panel +0,017…+0,057 мс (≤ 1,0), 3 боевые системы (4-я и 5-я — missing по капу), UNiagaraEffectType у 8 систем, MS-AT-41 Δ draw calls K1 0,0 (≤ 7)"
FX-38,board,Значок зоны и бейджи L6 у клетки при наведении (ВР-32),P2,"IC-62, IC-63, IC-64, IC-65, IC-66, IC-67, IC-68, IC-69, HB-45","У значков зон IC-62…IC-69 появляется носитель (ВР-PL12): при наведении на клетку справа от неё встают значки её зон — диск цвета зоны и глиф ключа, и зона читается не только цветом (ВР-32, ВР-68, UI-ACC-004).","наведение курсора на пространство поля (клетка под курсором из PickBoardUnderCursor сменилась); наведение на цель манёвра (MS-R-14); снятие — курсор ушёл с поля, начало боя, модаль","appear 180 / leave 120 мс (стандарт набора, строки IC-62…IC-69); смена клетки — leave старой и appear новой в одном кадре; задержки показа нет; reduced motion — только opacity 100 мс","appear 180 мс — 0: scale 0,8, opacity 0,15; 72: scale 1,04; 120: opacity 1; 180: scale 1 | leave 120 мс — 0: opacity и scale текущие; 120: opacity 0, scale 0,92 | reduced — opacity 100 мс","одна зона; две-три зоны (до трёх справа); больше трёх — два значка и «+1» (у клеток Marmoreal и Sarpedon original ≤ 3 зон — только тест); экран < 24 px — значки зон скрыты, остаётся старший канал L6 и «+n» (HI-12); цель манёвра; reduced motion; откат -S08SlateHud=zone","размер L6 = clamp(0,3 × диаметр круга пространства на экране; 16; 32 px) (HI-12), значок зоны — только при ≥ 24 px (строки IC-62…IC-69), 16 px нет; несущая граница — внешняя кромка mark.keyline (И-2); глиф к диску ≥ 3 : 1 по правилу контраста строк IC-62…IC-69; 8 глифов различимы в сером; на 720p ≥ 24 px","card.navy, card.cream, card.glyph, mark.keyline",type.tag,"docs/game-design/visual/02-visual-design.md §7.1 (L6), §7.4 (ВР-32, ВР-68, цвета зон кадров I), §5.3; docs/game-design/visual/04-hud-spec.md §2.15 (мировой слой), ВР-H15; docs/game-design/decisions/2026-10-06-visual-delegated-decisions.md (ВР-32); docs/game-design/visual/05-production-plan.md ВР-PL12; docs/unreal/contracts/hud/HUD-AND-ICONS.md HI-06, HI-12; docs/game-design/move-selection/03-ux-spec.md §4.1 (L6), §4.2a (якоря), MS-R-14, MS-R-72; строки icons.csv IC-62…IC-69; art/imagegen/zone-icons-codex/README.md (IC-37); backend/prisma/fixtures/boards/marmoreal.topology.json и sarpedon.topology.json (spaces[].zones); unreal/Unmatched/Config/ArtBoards/S08ArtBoardProfiles.json (boards[].zoneIconSrgb); S08BoardModel.h :43 (Zones клетки); S08FlowGameMode.h :247 (PickBoardUnderCursor); DE: нет","ВР-PL12; решения ВР-VS3-FX38-01, -02 (по делегированию). 1) C++ Source/Unmatched/S08/UI/UmZoneBadges.h/.cpp — UUmZoneBadges: экранный слой L6, привязанный к проекции центра пространства (HI-12); в S08FlowGameMode*.cpp — только точка подключения (04 §5.1). 2) Клетка под курсором — PickBoardUnderCursor; зоны — Zones клетки модели доски (из topology spaces[].zones). 3) Значок — слои T_IV3_zone_<key>_body / _disc / _glyph (IC-62…IC-69) ближайшего ue-размера 24/32/36/48/64 по экрану; диск — ColorAndOpacity из профиля доски boards[].zoneIconSrgb.<key> (вносят IC-62…IC-69; live tune), глиф — card.navy или card.glyph, у которого контраст к диску выше. 4) Якорь справа от клетки (03-ux-spec §4.2a): до трёх значков, больше — два и «+1» (type.tag card.cream на плашке card.navy). 5) ВР-VS3-FX38-02: FX-38 владеет слоем L6 и правилом показа по наведению; бейдж «отсюда можно атаковать: N» (левый якорь), бейдж порядка и чип «+N» рисует MS-T-10 на тех же якорях. Инспектор клетки — не здесь: блока в 04 нет (ВР-PL12, открыто). 6) Ниже 24 px значков зон нет, остаётся старший канал L6 и «+n» (HI-12). 7) Анимация по keyframes; reduced motion — opacity 100 мс. 8) ВР-VS3-FX38-01: блок мирового слоя zone — трасса SHOT widget id=zone space=<id> keys=<k,…> shown=<n> px=<size> отдельной строкой (формат строк plate / tag / damage / icon не меняется, HB-45); откат -S08SlateHud=zone (ВР-H15) — значков зон у клетки нет, как до FX-38. 9) Тест Unmatched.S08.Hud.ZoneBadges: ключи → значки, 4 зоны → два и «+1», < 24 px — скрыто, цвет диска из профиля, глиф по контрасту.","Не показывать значки зон без наведения (ВР-32). Не брать hex зон из топологии (бледные) — только профиль доски. Не перекрашивать и не заливать клетку (02 §7.4). Не закрывать фигуру, тег бойца (HB-45) и сектор ±15° ромба лидера (MS-R-72). Без значков 16 px (ВР-42) и без букв (D-4). Не путать с ES08ZoneGlyph (метки зон сеточных досок, выведены).",UE,—,Source/Unmatched/S08/UI/UmZoneBadges.*; точка подключения в S08FlowGameMode*.cpp; тест Unmatched.S08.Hud.ZoneBadges; лист docs/game-design/evidence/VISUAL/FX-38/,"экранный слой L6 у клетки (UUmZoneBadges) с текстурами /Game/S08/UI/IconsV3/T_IV3_zone_<key>_{body,disc,glyph}; цвет диска — boards[].zoneIconSrgb профиля доски; откат -S08SlateHud=zone","одна клетка за раз, ≤ 3 значка и «+1»; ≤ 0,05 мс GT p95; текстуры — бюджет строк IC-62…IC-69","Лист docs/game-design/evidence/VISUAL/FX-38/: кадры K1 packaged -Bench с отпечатком RENDER на Marmoreal original и Sarpedon original, шесть фигур v2 (Marmoreal до EN-13 — -ConceptPaste с пометкой); наведение на клетку с одной, двумя и тремя зонами (Marmoreal M04, Sarpedon S25); 1080p и 720p, UI 100 % и 150 %; цвет, серый, дейтеранопия (Read): значок ≥ 24 px на 720p, глиф к диску ≥ 3 : 1, кромка держит значок на красной палубе Sarpedon и на белых клетках Marmoreal; значки не закрывают фигуру, тег и сектор ромба лидера; без наведения значков нет; кадр отката -S08SlateHud=zone без значков; трасса SHOT widget id=zone; тест Unmatched.S08.Hud.ZoneBadges PASS. Приёмка по делегированию.","сделано (1ece7893), влито 5c29b75e; README docs/game-design/evidence/VISUAL/FX-38; технически импортировано: есть только лист галереи, живого кадра нет"
