2026.09.30-16.20.52 --- S08 trace open 2026.09.30-16.20.52 ---
2026.09.30-16.20.52 HUD team chips ready=1 mode=absolute tagNames=rule
2026.09.30-16.20.52 HUD icon texture size=32 ready=1 path=/Game/ArtTests/ARTMarkers/Textures/T_UI_Action_AttackToken_32 texture=32x32 probe=0 plate=1
2026.09.30-16.20.52 HUD art widget tag impl=umg source=/Game/S08/UI/ArtHud/WBP_S08ArtTag class=/Game/S08/UI/ArtHud/WBP_S08ArtTag.WBP_S08ArtTag_C count=8 missing=- codeDefaultTree=0
2026.09.30-16.20.52 HUD art widget plate impl=umg source=/Game/S08/UI/ArtHud/WBP_S08ArtPlate class=/Game/S08/UI/ArtHud/WBP_S08ArtPlate.WBP_S08ArtPlate_C parts=1 missing=- codeDefaultTree=0
2026.09.30-16.20.52 HUD art widget icon impl=umg source=/Game/S08/UI/ArtHud/WBP_S08ArtIcon class=/Game/S08/UI/ArtHud/WBP_S08ArtIcon.WBP_S08ArtIcon_C parts=1 missing=- codeDefaultTree=0
2026.09.30-16.20.52 HUD art widget damage impl=umg source=/Game/S08/UI/ArtHud/WBP_S08ArtDamage class=/Game/S08/UI/ArtHud/WBP_S08ArtDamage.WBP_S08ArtDamage_C parts=1 missing=- codeDefaultTree=0
2026.09.30-16.20.52 RENDER preset applied=High flag=S08RenderPreset
2026.09.30-16.20.52 S09AUTO config flow=1 boost=0 shotDir=C:\Users\ren\AppData\Local\Temp\s09-combat-20260930-212050-4920\host
2026.09.30-16.20.52 LOGIN ok user=art-preview-host
2026.09.30-16.20.55 HEROES loaded 84
2026.09.30-16.20.55 createGame -> room=cmuobaygt00wzwircvdqcyy4s code=<redacted> status=LOBBY
2026.09.30-16.20.57 PERF config tMaxFPS=30.0 frameRateLimit=60.0 vsync=0 smoothFrameRate=0 fixedFrameRate=0 rhi=D3D12
2026.09.30-16.20.57 RENDER tag=PERF rhi=D3D12 featureLevel=SM6 shaderPlatform=PCD3D_SM6 lumenPlatform=1 gi=lumen giMethod=1 refl=lumen reflMethod=1 shadows=csm vsmEnable=0 sg.res=100 sg.view=2 sg.aa=2 sg.shadow=2 sg.gi=2 sg.refl=2 sg.pp=2 sg.tex=2 sg.fx=2 sg.foliage=2 sg.shading=2 sg.landscape=2 preset=High screenPct=100.0 screenPctMode=0 aa=TSR aaMethod=4 exposure=engine-default expMin=1.00000 expMax=1.00000 expBias=1.000 ev100=0.00 lightUnits=- sky=0 skyIntensity=0.000 keyShadow=- shadowCasters=0 profile=- profilesSha256=- profilesSource=- legacyRender=0 gameLayer=unlit-eyeadaptinv tMaxFPS=30.0 vsync=0 frameRateLimit=60.0 substrate=0 nanite=1 meshDF=1 viewport=1920x1080 reference=0 notReference=noArtProfile,exposure,lightUnits,profilesSource
2026.09.30-16.20.57 PERF window t=0.0-5.0 frames=151 fps=29.96 frameMs avg=33.37 p50=33.33 p95=33.34 p99=34.05 max=38.19 hitches50=0 gpuMs avg=1.44 p50=1.35 p95=1.83 gameMs avg=1.47 p95=2.02 renderMs avg=2849.30 p95=4.49
2026.09.30-16.20.58 game -> room=cmuobaygt00wzwircvdqcyy4s code=<redacted> status=LOBBY
2026.09.30-16.20.58 selectHero -> room=cmuobaygt00wzwircvdqcyy4s code=<redacted> status=LOBBY
2026.09.30-16.21.01 game -> room=cmuobaygt00wzwircvdqcyy4s code=<redacted> status=LOBBY
2026.09.30-16.21.01 toggleReady -> room=cmuobaygt00wzwircvdqcyy4s code=<redacted> status=LOBBY
2026.09.30-16.21.02 PERF window t=5.0-10.0 frames=150 fps=30.00 frameMs avg=33.33 p50=33.33 p95=33.34 p99=33.35 max=33.35 hitches50=0 gpuMs avg=1.30 p50=1.29 p95=1.36 gameMs avg=1.33 p95=1.96 renderMs avg=2.46 p95=3.80
2026.09.30-16.21.04 game -> room=cmuobaygt00wzwircvdqcyy4s code=<redacted> status=LOBBY
2026.09.30-16.21.07 PERF window t=10.0-15.0 frames=150 fps=30.00 frameMs avg=33.33 p50=33.33 p95=33.33 p99=33.34 max=33.37 hitches50=0 gpuMs avg=1.30 p50=1.29 p95=1.37 gameMs avg=1.19 p95=1.58 renderMs avg=2.29 p95=3.07
2026.09.30-16.21.07 game -> room=cmuobaygt00wzwircvdqcyy4s code=<redacted> status=LOBBY
2026.09.30-16.21.10 game -> room=cmuobaygt00wzwircvdqcyy4s code=<redacted> status=LOBBY
2026.09.30-16.21.10 startGame -> room=cmuobaygt00wzwircvdqcyy4s code=<redacted> status=IN_PROGRESS
2026.09.30-16.21.10 S09AUTO drive mode=0 plan=[attack] phase= turn=
2026.09.30-16.21.10 SNAPSHOT applied seq=1 phase=ACTION_MANEUVER
2026.09.30-16.21.10 HANDLE_APPLIED #1 seq=1 decision=2 fightersValid=1 boardValid=1
2026.09.30-16.21.10 MODE seq=1 mode=0 combat=0 pending=0
2026.09.30-16.21.10 HUD seq=1 phase=ACTION_MANEUVER turn=you hand=5 oppHand=5(hidden) oppDeck=25 deck=25 discard=0
2026.09.30-16.21.10 ARTPREVIEW diorama requested mesh=/Game/PipelineCandidates/TableBase/20260928-table-base-tripo-h31/Meshes/SM_TableBase.SM_TableBase mi=MI_TableBase_Candidate
2026.09.30-16.21.10 ARTPREVIEW board profiles loaded=1 revision=5 boards=3 zoneStyles=11 lightProfiles=3 errors=0 path=Config/ArtBoards/S08ArtBoardProfiles.json
2026.09.30-16.21.10 ARTPREVIEW board profiles source=pak sha256=1ecc1e9281845655acf8b31f1dcf52a7510abfc8ba8505525ad72ee8f4ce3c4c
2026.09.30-16.21.10 ARTPREVIEW zone content instances=12/12 glyphMeshes=11/11
2026.09.30-16.21.10 ARTPREVIEW zone keyline content mi=MI_ART005_Zone_Keyline glyphKeyMeshes=11/11 color=#111317
2026.09.30-16.21.10 ARTPREVIEW game layer material=M_S08_GameLayerUnlit unlitEyeAdaptInv=1 legacyRender=0
2026.09.30-16.21.10 ARTPREVIEW Cobble assets ready
2026.09.30-16.21.10 ARTPREVIEW board assets ready cobbleMesh=1 tiles=1 zoneMaterials=2
2026.09.30-16.21.10 ARTPREVIEW medusa candidate variant=face-neck-v2 mesh=SK_Medusa_FaceNeck_v2Candidate requested=face-neck-v2
2026.09.30-16.21.10 ARTPREVIEW board profile=cobble-city match=boardId board=5x6 boardId=cmuhgs4b2001mwik4f2b2xtf8 surface=cobble-5x6-mesh light=cobble-probe artFixture=0
2026.09.30-16.21.10 ARTPREVIEW light profile=cobble-probe name=key role=key kind=directional at=(-350,-150,600) intensity=4.5 units=lux radius=0 color=(1.00,1.00,1.00) shadow=1
2026.09.30-16.21.10 ARTPREVIEW light profile=cobble-probe name=warm role=warm kind=point at=(260,-300,250) intensity=85 units=candelas radius=450 color=(1.00,1.00,1.00) shadow=0
2026.09.30-16.21.10 ARTPREVIEW sky profile=cobble-probe cubemap=/Game/S08/Render/TC_S08_AmbientDome loaded=1 spawned=1 intensity=11.2 color=(1.00,1.00,1.00) lowerBlack=0
2026.09.30-16.21.10 ARTPREVIEW exposure profile=cobble-probe method=histogram-fixed min=4.14106 max=4.14106 bias=0.000 ev100=2.05 volume=1
2026.09.30-16.21.10 ARTPREVIEW lights applied profile=cobble-probe directional=1 shadow=1 points=1 pointShadows=0 budgetOk=1
2026.09.30-16.21.10 ARTPREVIEW render profile=cobble-probe units=candelas sky=1 exposure=1 keyShadow=csm-3000uu-2c-contact0.000 shadowCasters=1 legacyRender=0
2026.09.30-16.21.10 ARTPREVIEW Cobble probe lights key=4.5 fill=0 warm=85
2026.09.30-16.21.10 ARTPREVIEW board zone keylines pieces=60 glyphKeys=30 glyphKeyCubePieces=0 mi=MI_ART005_Zone_Keyline growUU=1.5 edgeUU=42.0 maxOuterUU=45.0
2026.09.30-16.21.10 ARTPREVIEW board glyph meshes instances=30 keys=2/2 cubePieces=0 anchors=30
2026.09.30-16.21.10 ARTPREVIEW Cobble active 5x6 zones=30 blue=15 red=15 blueMarks=15 redMarks=45
2026.09.30-16.21.10 ARTPREVIEW board active profile=cobble-city 5x6 surface=cobble-5x6-mesh cells=30 zoneCells=30 multizone=0 triple=0 obstacles=0 zoneKeys=2 strokes=60 glyphs=45 surfaceParts=0 glyphMaterial=zone expectOk=1
2026.09.30-16.21.10 ARTPREVIEW board zone key=blue cells=15 stroke=solid glyph=diamond color=#3B78D8 ismUsage=1 strokePieces=15 glyphPieces=15 mi=MI_ART005_Zone_Blue glyphMesh=SM_ART005_ZoneGlyph_Diamond glyphInstances=15 fallback=0
2026.09.30-16.21.10 ARTPREVIEW board zone key=red cells=15 stroke=dash3 glyph=bars2 color=#EC6650 ismUsage=1 strokePieces=45 glyphPieces=30 mi=MI_ART005_Zone_Red glyphMesh=SM_ART005_ZoneGlyph_Bars2 glyphInstances=15 fallback=0
2026.09.30-16.21.10 ARTPREVIEW board multizone cells=0 zonesListed=0 zonesMarked=0
2026.09.30-16.21.10 ARTPREVIEW diorama tray=/Game/PipelineCandidates/TableBase/20260928-table-base-tripo-h31/Meshes/SM_TableBase.SM_TableBase mi=MI_TableBase_Candidate surface=cobble-5x6-mesh yaw=-90.0 scale=1.000x1.000x1.000 bounds=(-328.0,-378.0,-153.0)..(328.0,378.0,-3.0) size=656.0x756.0x150.0 topZ=-3.0 boardHalf=278.0x328.0 rimUU=50.0 collision=none
2026.09.30-16.21.10 CAMERA dist=1931 loc=(0,1107,1582) pitch=-55 yaw=-90
2026.09.30-16.21.10 CAMERA config overview=1930.8 nearest=300.0 farthest=2970.4 zoomRange=0.65-6.44 minDist=300.0 outRatio=0.650 step=1.250 animMs=200 returnMs=300 followFrom=1.20 source=defaults issues=0
2026.09.30-16.21.10 BOARD 5x6 cells | control points: (0,0)=(-200,-250,0) (4,5)=(200,250,0) | neighbor pair (dist 100 uu)
2026.09.30-16.21.10 ARTPREVIEW team mapping mode=absolute source=seatOrder viewerTeam=P1 p1=f-0-hero,f-0-sk0,f-0-sk1,f-0-sk2 p2=f-1-hero,f-1-sk0
2026.09.30-16.21.10 ARTPREVIEW heroesV2 fighter=f-0-hero mesh=/Game/PipelineCandidates/Medusa/H2LD/Meshes/SK_Medusa_H2LD mi=/Game/PipelineCandidates/Medusa/H2LD/Materials/MI_Medusa_H2LD_P1 yaw=90.0 scale=0.9998 name=Medusa hero=1 look=P1 base=/Game/PipelineCandidates/Medusa/H2LD/Meshes/SM_Medusa_H2LD_Base baseMi=/Game/PipelineCandidates/Medusa/H2LD/Materials/MI_Medusa_H2LD_Base_P1 skeleton=/Game/PipelineCandidates/Medusa/Rig/SK_Medusa_Skeleton.SK_Medusa_Skeleton clips=4/4 boundsTop=55.00 figureTop=55.00 budget=55.0
2026.09.30-16.21.10 ARTPREVIEW click capsule fighter=f-0-hero mesh=SK_Medusa_H2LD physicsAsset=0 radius=11.6 halfHeight=27.5 top=55.0 bodyCollision=0 source=meshBounds
2026.09.30-16.21.10 ARTPREVIEW fighter=Medusa hero=1 eligible=0 visual=1 mesh=SK_Medusa_H2LD
2026.09.30-16.21.10 ARTPREVIEW team ring fighter=f-0-hero team=P1 look=P1 mode=absolute shape=circle shown=1 mesh=SM_Marker_TeamRing_P1 fill=#E8C06A keyline=#111317 fillLinear=(0.8070,0.5271,0.1441) zMin=0.60 zMax=1.20 scale=1.00 base=hidden blockout=0 art=1 rim=#FFFFFF
2026.09.30-16.21.10 ARTPREVIEW anim fighter=f-0-hero clip=Idle len=2.333 event=spawn loop=1 phase=0.8071 seq=-1 asset=AM_Medusa_Idle
2026.09.30-16.21.10 ARTPREVIEW heroesV2 fighter=f-0-sk0 mesh=/Game/PipelineCandidates/Harpy/H3LD/Meshes/SK_Harpy_H3LD mi=/Game/PipelineCandidates/Harpy/H3LD/Materials/MI_Harpy_H3LD_P1 yaw=90.0 scale=1.0000 name=Harpies hero=0 look=P1 base=/Game/PipelineCandidates/Harpy/H3LD/Meshes/SM_Harpy_H3LD_Base baseMi=/Game/PipelineCandidates/Harpy/H3LD/Materials/MI_Harpy_H3LD_Base_P1 skeleton=/Game/PipelineCandidates/Harpy/Rig/SK_Harpy_Skeleton.SK_Harpy_Skeleton clips=4/4 boundsTop=42.00 figureTop=42.00 budget=42.0
2026.09.30-16.21.10 ARTPREVIEW click capsule fighter=f-0-sk0 mesh=SK_Harpy_H3LD physicsAsset=0 radius=20.0 halfHeight=21.0 top=42.0 bodyCollision=0 source=meshBounds
2026.09.30-16.21.10 ARTPREVIEW team ring fighter=f-0-sk0 team=P1 look=P1 mode=absolute shape=circle shown=1 mesh=SM_Marker_TeamRing_P1 fill=#E8C06A keyline=#111317 fillLinear=(0.8070,0.5271,0.1441) zMin=0.60 zMax=1.20 scale=0.78 base=hidden blockout=0 art=1 rim=#FFFFFF
2026.09.30-16.21.10 ARTPREVIEW anim fighter=f-0-sk0 clip=Idle len=2.000 event=spawn loop=1 phase=0.6635 seq=-1 asset=AM_Harpy_Idle
2026.09.30-16.21.10 ARTPREVIEW heroesV2 fighter=f-0-sk1 mesh=/Game/PipelineCandidates/Harpy/H3LD/Meshes/SK_Harpy_H3LD mi=/Game/PipelineCandidates/Harpy/H3LD/Materials/MI_Harpy_H3LD_P1 yaw=90.0 scale=1.0000 name=Harpies hero=0 look=P1 base=/Game/PipelineCandidates/Harpy/H3LD/Meshes/SM_Harpy_H3LD_Base baseMi=/Game/PipelineCandidates/Harpy/H3LD/Materials/MI_Harpy_H3LD_Base_P1 skeleton=/Game/PipelineCandidates/Harpy/Rig/SK_Harpy_Skeleton.SK_Harpy_Skeleton clips=4/4 boundsTop=42.00 figureTop=42.00 budget=42.0
2026.09.30-16.21.10 ARTPREVIEW click capsule fighter=f-0-sk1 mesh=SK_Harpy_H3LD physicsAsset=0 radius=20.0 halfHeight=21.0 top=42.0 bodyCollision=0 source=meshBounds
2026.09.30-16.21.10 ARTPREVIEW team ring fighter=f-0-sk1 team=P1 look=P1 mode=absolute shape=circle shown=1 mesh=SM_Marker_TeamRing_P1 fill=#E8C06A keyline=#111317 fillLinear=(0.8070,0.5271,0.1441) zMin=0.60 zMax=1.20 scale=0.78 base=hidden blockout=0 art=1 rim=#FFFFFF
2026.09.30-16.21.10 ARTPREVIEW anim fighter=f-0-sk1 clip=Idle len=2.000 event=spawn loop=1 phase=0.9016 seq=-1 asset=AM_Harpy_Idle
2026.09.30-16.21.10 ARTPREVIEW heroesV2 fighter=f-0-sk2 mesh=/Game/PipelineCandidates/Harpy/H3LD/Meshes/SK_Harpy_H3LD mi=/Game/PipelineCandidates/Harpy/H3LD/Materials/MI_Harpy_H3LD_P1 yaw=90.0 scale=1.0000 name=Harpies hero=0 look=P1 base=/Game/PipelineCandidates/Harpy/H3LD/Meshes/SM_Harpy_H3LD_Base baseMi=/Game/PipelineCandidates/Harpy/H3LD/Materials/MI_Harpy_H3LD_Base_P1 skeleton=/Game/PipelineCandidates/Harpy/Rig/SK_Harpy_Skeleton.SK_Harpy_Skeleton clips=4/4 boundsTop=42.00 figureTop=42.00 budget=42.0
2026.09.30-16.21.10 ARTPREVIEW click capsule fighter=f-0-sk2 mesh=SK_Harpy_H3LD physicsAsset=0 radius=20.0 halfHeight=21.0 top=42.0 bodyCollision=0 source=meshBounds
2026.09.30-16.21.10 ARTPREVIEW team ring fighter=f-0-sk2 team=P1 look=P1 mode=absolute shape=circle shown=1 mesh=SM_Marker_TeamRing_P1 fill=#E8C06A keyline=#111317 fillLinear=(0.8070,0.5271,0.1441) zMin=0.60 zMax=1.20 scale=0.78 base=hidden blockout=0 art=1 rim=#FFFFFF
2026.09.30-16.21.10 ARTPREVIEW anim fighter=f-0-sk2 clip=Idle len=2.000 event=spawn loop=1 phase=0.1873 seq=-1 asset=AM_Harpy_Idle
2026.09.30-16.21.10 ARTPREVIEW heroesV2 fighter=f-1-hero mesh=/Game/PipelineCandidates/KingArthur/H2LD/Meshes/SK_KingArthur_H2LD mi=/Game/PipelineCandidates/KingArthur/H2LD/Materials/MI_KingArthur_H2LD_P2 yaw=270.0 scale=1.0000 name=King Arthur hero=1 look=P2 base=/Game/PipelineCandidates/KingArthur/H2LD/Meshes/SM_KingArthur_H2LD_Base baseMi=/Game/PipelineCandidates/KingArthur/H2LD/Materials/MI_KingArthur_H2LD_Base_P2 skeleton=/Game/PipelineCandidates/KingArthur/Rig/SK_KingArthur_Skeleton.SK_KingArthur_Skeleton clips=4/4 boundsTop=60.06 figureTop=55.00 budget=55.0
2026.09.30-16.21.10 ARTPREVIEW click capsule fighter=f-1-hero mesh=SK_KingArthur_H2LD physicsAsset=0 radius=12.8 halfHeight=30.0 top=60.1 bodyCollision=0 source=meshBounds
2026.09.30-16.21.10 ARTPREVIEW team ring fighter=f-1-hero team=P2 look=P2 mode=absolute shape=hexagon shown=1 mesh=SM_Marker_TeamRing_P2 fill=#5A7F9F keyline=#111317 fillLinear=(0.1022,0.2122,0.3467) zMin=0.60 zMax=1.20 scale=1.00 base=hidden blockout=0 art=1 rim=#FFFFFF
2026.09.30-16.21.10 ARTPREVIEW anim fighter=f-1-hero clip=Idle len=2.500 event=spawn loop=1 phase=0.3470 seq=-1 asset=AM_KingArthur_Idle
2026.09.30-16.21.10 ARTPREVIEW heroesV2 fighter=f-1-sk0 mesh=/Game/PipelineCandidates/Merlin/H2LD/Meshes/SK_Merlin_H2LD mi=/Game/PipelineCandidates/Merlin/H2LD/Materials/MI_Merlin_H2LD_P2 yaw=270.0 scale=1.0003 name=Merlin hero=0 look=P2 base=/Game/PipelineCandidates/Merlin/H2LD/Meshes/SM_Merlin_H2LD_Base baseMi=/Game/PipelineCandidates/Merlin/H2LD/Materials/MI_Merlin_H2LD_Base_P2 skeleton=/Game/PipelineCandidates/Merlin/Rig/SK_Merlin_Skeleton.SK_Merlin_Skeleton clips=4/4 boundsTop=49.44 figureTop=45.00 budget=45.0
2026.09.30-16.21.10 ARTPREVIEW click capsule fighter=f-1-sk0 mesh=SK_Merlin_H2LD physicsAsset=0 radius=10.5 halfHeight=24.7 top=49.4 bodyCollision=0 source=meshBounds
2026.09.30-16.21.10 ARTPREVIEW team ring fighter=f-1-sk0 team=P2 look=P2 mode=absolute shape=hexagon shown=1 mesh=SM_Marker_TeamRing_P2 fill=#5A7F9F keyline=#111317 fillLinear=(0.1022,0.2122,0.3467) zMin=0.60 zMax=1.20 scale=0.78 base=hidden blockout=0 art=1 rim=#FFFFFF
2026.09.30-16.21.10 ARTPREVIEW anim fighter=f-1-sk0 clip=Idle len=3.000 event=spawn loop=1 phase=0.8028 seq=-1 asset=AM_Merlin_Idle
2026.09.30-16.21.10 ARTPREVIEW heroesV2 summary fighters=6 mapped=6 v2=6
2026.09.30-16.21.10 FIGHTERS synced n=6 alive=6 own=4 enemy=2
2026.09.30-16.21.10 STATE seq=1 -> apply
2026.09.30-16.21.10 S09AUTO own turn #0 (turnCount=1)
2026.09.30-16.21.10 S09AUTO attack deferred - command gate closed (live stream is reconnecting - commands wait until the state stream is back); retrying when the stream is ready
2026.09.30-16.21.10 HUD art layer plate=1 iconSize=32 iconTexture=1 iconProbe=0 plan=0
2026.09.30-16.21.10 HUD art impl=umg plateViews=umg:/Game/S08/UI/ArtHud/WBP_S08ArtPlate iconViews=umg:/Game/S08/UI/ArtHud/WBP_S08ArtIcon textTable=S08ArtHud entries=13 missingKeys=0
2026.09.30-16.21.10 TAG fighter=f-0-sk0 bbox=(502,127,586,149) mode=compact look=P1 placement=above ring=0 hardPx2=0 softPx2=0 order=1 bound=1
2026.09.30-16.21.10 TAG fighter=f-1-sk0 bbox=(1334,58,1418,80) mode=compact look=P2 placement=above ring=0 hardPx2=0 softPx2=0 order=0 bound=1
2026.09.30-16.21.10 ARTPREVIEW screen labels=1 (world TextRender labels and damage text hidden)
2026.09.30-16.21.10 SUBSCRIBED gameStateUpdated since=1
2026.09.30-16.21.10 TAG fighter=f-0-hero bbox=(909,389,1011,411) mode=compact look=P1 placement=inset ring=0 hardPx2=0 softPx2=0 order=1 bound=1
2026.09.30-16.21.10 TAG fighter=f-0-sk0 bbox=(1075,385,1159,407) mode=compact look=P1 placement=above ring=0 hardPx2=0 softPx2=0 order=3 bound=1
2026.09.30-16.21.10 TAG fighter=f-0-sk1 bbox=(918,264,1002,286) mode=compact look=P1 placement=above ring=0 hardPx2=0 softPx2=0 order=0 bound=1
2026.09.30-16.21.10 TAG fighter=f-0-sk2 bbox=(761,385,845,407) mode=compact look=P1 placement=above ring=0 hardPx2=0 softPx2=0 order=2 bound=1
2026.09.30-16.21.10 TAG fighter=f-1-hero bbox=(909,646,1011,668) mode=compact look=P2 placement=below ring=0 hardPx2=0 softPx2=0 order=4 bound=1
2026.09.30-16.21.10 TAG fighter=f-1-sk0 bbox=(1080,507,1164,529) mode=compact look=P2 placement=above ring=0 hardPx2=0 softPx2=0 order=5 bound=1
2026.09.30-16.21.10 SNAPSHOT applied seq=1 phase=ACTION_MANEUVER
2026.09.30-16.21.10 HANDLE_APPLIED #2 seq=1 decision=1 fightersValid=1 boardValid=1
2026.09.30-16.21.10 MODE seq=1 mode=0 combat=0 pending=0
2026.09.30-16.21.10 HUD seq=1 phase=ACTION_MANEUVER turn=you hand=5 oppHand=5(hidden) oppDeck=25 deck=25 discard=0
2026.09.30-16.21.10 ARTPREVIEW fighter=Medusa hero=1 eligible=0 visual=1 mesh=SK_Medusa_H2LD
2026.09.30-16.21.10 FIGHTERS synced n=6 alive=6 own=4 enemy=2
2026.09.30-16.21.10 WS seq=1 phase=ACTION_MANEUVER (merge)
2026.09.30-16.21.10 S09AUTO attack deferred - no may-boost card in hand (turn#0 elapsed=18s)
2026.09.30-16.21.10 TAG fighter=f-0-hero bbox=(909,389,1011,411) mode=compact look=P1 placement=inset ring=0 hardPx2=0 softPx2=0 order=1 bound=1
2026.09.30-16.21.10 TAG fighter=f-0-sk0 bbox=(1075,385,1159,407) mode=compact look=P1 placement=above ring=0 hardPx2=0 softPx2=0 order=3 bound=1
2026.09.30-16.21.10 TAG fighter=f-0-sk1 bbox=(918,264,1002,286) mode=compact look=P1 placement=above ring=0 hardPx2=0 softPx2=0 order=0 bound=1
2026.09.30-16.21.10 TAG fighter=f-0-sk2 bbox=(761,385,845,407) mode=compact look=P1 placement=above ring=0 hardPx2=0 softPx2=0 order=2 bound=1
2026.09.30-16.21.10 TAG fighter=f-1-hero bbox=(909,646,1011,668) mode=compact look=P2 placement=below ring=0 hardPx2=0 softPx2=0 order=4 bound=1
2026.09.30-16.21.10 TAG fighter=f-1-sk0 bbox=(1080,507,1164,529) mode=compact look=P2 placement=above ring=0 hardPx2=0 softPx2=0 order=5 bound=1
2026.09.30-16.21.10 SNAPSHOT applied seq=2 phase=ACTION_MANEUVER
2026.09.30-16.21.10 HANDLE_APPLIED #3 seq=2 decision=2 fightersValid=1 boardValid=1
2026.09.30-16.21.10 MANEUVER-DRAFT mode=maneuver:1:1
2026.09.30-16.21.10 DRAFT-OPEN draw committed (resume instead of begin)
2026.09.30-16.21.10 MODE seq=2 mode=1 combat=0 pending=0
2026.09.30-16.21.10 HUD seq=2 phase=ACTION_MANEUVER turn=you hand=6 oppHand=5(hidden) oppDeck=25 deck=24 discard=0
2026.09.30-16.21.10 ARTPREVIEW fighter=Medusa hero=1 eligible=0 visual=1 mesh=SK_Medusa_H2LD
2026.09.30-16.21.10 FIGHTERS synced n=6 alive=6 own=4 enemy=2
2026.09.30-16.21.10 MANEUVER begin seq=2 (apply) pending=maneuver:1:1
2026.09.30-16.21.10 SNAPSHOT applied seq=2 phase=ACTION_MANEUVER
2026.09.30-16.21.10 HANDLE_APPLIED #4 seq=2 decision=1 fightersValid=1 boardValid=1
2026.09.30-16.21.10 MODE seq=2 mode=1 combat=0 pending=0
2026.09.30-16.21.10 HUD seq=2 phase=ACTION_MANEUVER turn=you hand=6 oppHand=5(hidden) oppDeck=25 deck=24 discard=0
2026.09.30-16.21.10 ARTPREVIEW fighter=Medusa hero=1 eligible=0 visual=1 mesh=SK_Medusa_H2LD
2026.09.30-16.21.10 FIGHTERS synced n=6 alive=6 own=4 enemy=2
2026.09.30-16.21.10 WS seq=2 phase=ACTION_MANEUVER (merge)
2026.09.30-16.21.10 S09AUTO drive mode=1 plan=[attack] phase=ACTION_MANEUVER turn=cmukie55u0000wiao06h107t9
2026.09.30-16.21.10 TAG fighter=f-0-hero bbox=(909,389,1011,411) mode=compact look=P1 placement=inset ring=0 hardPx2=0 softPx2=0 order=1 bound=1
2026.09.30-16.21.10 TAG fighter=f-0-sk0 bbox=(1075,385,1159,407) mode=compact look=P1 placement=above ring=0 hardPx2=0 softPx2=0 order=3 bound=1
2026.09.30-16.21.10 TAG fighter=f-0-sk1 bbox=(918,264,1002,286) mode=compact look=P1 placement=above ring=0 hardPx2=0 softPx2=0 order=0 bound=1
2026.09.30-16.21.10 TAG fighter=f-0-sk2 bbox=(761,385,845,407) mode=compact look=P1 placement=above ring=0 hardPx2=0 softPx2=0 order=2 bound=1
2026.09.30-16.21.10 TAG fighter=f-1-hero bbox=(909,646,1011,668) mode=compact look=P2 placement=below ring=0 hardPx2=0 softPx2=0 order=4 bound=1
2026.09.30-16.21.10 TAG fighter=f-1-sk0 bbox=(1080,507,1164,529) mode=compact look=P2 placement=above ring=0 hardPx2=0 softPx2=0 order=5 bound=1
2026.09.30-16.21.11 S09AUTO draft-open shot (maneuver marker live)
2026.09.30-16.21.11 SHOT ctx viewport=1920x1080 viewTarget=CameraActor_2147482348 cam=(0,1107,1582) rot=(-55,-90,0)
2026.09.30-16.21.11 RENDER tag=SHOT rhi=D3D12 featureLevel=SM6 shaderPlatform=PCD3D_SM6 lumenPlatform=1 gi=lumen giMethod=1 refl=lumen reflMethod=1 shadows=csm vsmEnable=0 sg.res=100 sg.view=2 sg.aa=2 sg.shadow=2 sg.gi=2 sg.refl=2 sg.pp=2 sg.tex=2 sg.fx=2 sg.foliage=2 sg.shading=2 sg.landscape=2 preset=High screenPct=100.0 screenPctMode=0 aa=TSR aaMethod=4 exposure=fixed-histogram expMin=4.14106 expMax=4.14106 expBias=0.000 ev100=2.05 lightUnits=candelas sky=1 skyIntensity=11.200 keyShadow=csm-3000uu-2c-contact0.000 shadowCasters=1 profile=cobble-probe profilesSha256=1ecc1e9281845655acf8b31f1dcf52a7510abfc8ba8505525ad72ee8f4ce3c4c profilesSource=pak legacyRender=0 gameLayer=unlit-eyeadaptinv tMaxFPS=30.0 vsync=0 frameRateLimit=60.0 substrate=0 nanite=1 meshDF=1 viewport=1920x1080 reference=1
2026.09.30-16.21.11 SHOT fighter f-0-hero pos=(2,2) world=(0,-50,0) screen=(960,476) projected=1 alive=1
2026.09.30-16.21.11 SHOT fighter f-0-sk0 pos=(3,2) world=(100,-50,0) screen=(1115,476) projected=1 alive=1
2026.09.30-16.21.11 SHOT fighter f-0-sk1 pos=(2,1) world=(0,-150,0) screen=(960,355) projected=1 alive=1
2026.09.30-16.21.11 SHOT fighter f-0-sk2 pos=(1,2) world=(-100,-50,0) screen=(805,476) projected=1 alive=1
2026.09.30-16.21.11 SHOT fighter f-1-hero pos=(2,3) world=(0,50,0) screen=(960,606) projected=1 alive=1
2026.09.30-16.21.11 SHOT fighter f-1-sk0 pos=(3,3) world=(100,50,0) screen=(1120,606) projected=1 alive=1
2026.09.30-16.21.11 SHOT camera dist=1930.8 target=1930.8 overview=1930.8 errPct=0.000 focusErr=0.00 settled=1 zoom=1.00
2026.09.30-16.21.11 SHOT head fighter=f-0-hero socket=Head mesh=SK_Medusa_H2LD world=(0.6,-48.8,47.0) screen=(960.9,433.8) top=(960.9,428.1) bottom=(960.9,439.5) headPx=11.5 projected=1
2026.09.30-16.21.11 SHOT head fighter=f-0-sk0 socket=Head mesh=SK_Harpy_H3LD world=(100.1,-44.7,34.1) screen=(1118.0,451.4) top=(1118.4,445.7) bottom=(1117.6,457.0) headPx=11.3 projected=1
2026.09.30-16.21.11 SHOT head fighter=f-0-sk1 socket=Head mesh=SK_Harpy_H3LD world=(-0.4,-145.1,34.3) screen=(959.3,327.6) top=(959.3,321.8) bottom=(959.3,333.4) headPx=11.6 projected=1
2026.09.30-16.21.11 SHOT head fighter=f-0-sk2 socket=Head mesh=SK_Harpy_H3LD world=(-100.7,-44.7,34.0) screen=(801.0,451.5) top=(800.6,445.8) bottom=(801.4,457.1) headPx=11.3 projected=1
2026.09.30-16.21.11 SHOT head fighter=f-1-hero socket=Head mesh=SK_KingArthur_H2LD world=(-0.5,50.0,50.0) screen=(959.2,560.0) top=(959.2,554.4) bottom=(959.2,565.6) headPx=11.2 projected=1
2026.09.30-16.21.11 SHOT head fighter=f-1-sk0 socket=Head mesh=SK_Merlin_H2LD world=(99.8,47.0,36.5) screen=(1122.1,568.5) top=(1122.6,563.0) bottom=(1121.7,574.0) headPx=11.1 projected=1
2026.09.30-16.21.11 SHOT figure fighter=f-0-hero bbox=(914,389,1006,512) ringR=28.50 art=1 blockout=0 team=P1 look=P1 ring=1
2026.09.30-16.21.11 SHOT figure fighter=f-0-sk0 bbox=(1080,409,1155,504) ringR=22.23 art=1 blockout=0 team=P1 look=P1 ring=1
2026.09.30-16.21.11 SHOT figure fighter=f-0-sk1 bbox=(926,288,994,381) ringR=22.23 art=1 blockout=0 team=P1 look=P1 ring=1
2026.09.30-16.21.11 SHOT figure fighter=f-0-sk2 bbox=(765,409,840,504) ringR=22.23 art=1 blockout=0 team=P1 look=P1 ring=1
2026.09.30-16.21.11 SHOT figure fighter=f-1-hero bbox=(913,513,1007,644) ringR=28.50 art=1 blockout=0 team=P2 look=P2 ring=1
2026.09.30-16.21.11 SHOT figure fighter=f-1-sk0 bbox=(1084,531,1161,635) ringR=22.23 art=1 blockout=0 team=P2 look=P2 ring=1
2026.09.30-16.21.11 SHOT request file=s09-maneuver-draft-open.png frame=582
2026.09.30-16.21.11 SHOT requested: FScreenshotRequest(bShowUI) -> C:\Users\ren\AppData\Local\Temp\s09-combat-20260930-212050-4920\host/s09-maneuver-draft-open.png
2026.09.30-16.21.12 SHOT captured file=s09-maneuver-draft-open.png frame=582 px=1920x1080 sha256=ac649e5ee7fc8490ec880d5088f3087a9c32a11bf56a7141c86c5afa5c4b7d37 order=BGRA saved=1
2026.09.30-16.21.12 SHOT late begin file=s09-maneuver-draft-open.png frame=582 requestFrame=582
2026.09.30-16.21.12 SHOT iconstate visible=0 lastFighter=none frame=582
2026.09.30-16.21.12 SHOT widget id=board.tag impl=umg state=compact fighter=f-0-hero bbox=(909,389,1011,411) geom=painted visible=1 twin=0 source=/Game/S08/UI/ArtHud/WBP_S08ArtTag mode=compact look=P1 shape=circle placement=inset ring=0 order=1 bound=1 softPx2=0 planned=(909,389,1011,411) frame=582
2026.09.30-16.21.12 SHOT widget id=board.tag.hp impl=umg state=compact fighter=f-0-hero bbox=(965,391,1007,409) geom=painted visible=1 twin=0 source=/Game/S08/UI/ArtHud/WBP_S08ArtTag mode=compact look=P1 shape=circle placement=inset ring=0 order=1 bound=1 softPx2=0 planned=(909,389,1011,411) frame=582 font=11
2026.09.30-16.21.12 SHOT widget id=board.tag.bar impl=umg state=compact fighter=f-0-hero bbox=(928,398,962,403) geom=painted visible=1 twin=0 source=/Game/S08/UI/ArtHud/WBP_S08ArtTag mode=compact look=P1 shape=circle placement=inset ring=0 order=1 bound=1 softPx2=0 planned=(909,389,1011,411) frame=582
2026.09.30-16.21.12 SHOT widget id=board.tag.chip impl=umg state=compact fighter=f-0-hero bbox=(913,394,925,406) geom=painted visible=1 twin=0 source=/Game/S08/UI/ArtHud/WBP_S08ArtTag mode=compact look=P1 shape=circle placement=inset ring=0 order=1 bound=1 softPx2=0 planned=(909,389,1011,411) frame=582
2026.09.30-16.21.12 SHOT widget id=board.tag impl=umg state=compact fighter=f-0-sk0 bbox=(1075,385,1159,407) geom=painted visible=1 twin=0 source=/Game/S08/UI/ArtHud/WBP_S08ArtTag mode=compact look=P1 shape=circle placement=above ring=0 order=3 bound=1 softPx2=0 planned=(1075,385,1159,407) frame=582
2026.09.30-16.21.12 SHOT widget id=board.tag.hp impl=umg state=compact fighter=f-0-sk0 bbox=(1131,387,1155,405) geom=painted visible=1 twin=0 source=/Game/S08/UI/ArtHud/WBP_S08ArtTag mode=compact look=P1 shape=circle placement=above ring=0 order=3 bound=1 softPx2=0 planned=(1075,385,1159,407) frame=582 font=11
2026.09.30-16.21.12 SHOT widget id=board.tag.bar impl=umg state=compact fighter=f-0-sk0 bbox=(1094,394,1128,399) geom=painted visible=1 twin=0 source=/Game/S08/UI/ArtHud/WBP_S08ArtTag mode=compact look=P1 shape=circle placement=above ring=0 order=3 bound=1 softPx2=0 planned=(1075,385,1159,407) frame=582
2026.09.30-16.21.12 SHOT widget id=board.tag.chip impl=umg state=compact fighter=f-0-sk0 bbox=(1079,390,1091,402) geom=painted visible=1 twin=0 source=/Game/S08/UI/ArtHud/WBP_S08ArtTag mode=compact look=P1 shape=circle placement=above ring=0 order=3 bound=1 softPx2=0 planned=(1075,385,1159,407) frame=582
2026.09.30-16.21.12 SHOT widget id=board.tag impl=umg state=compact fighter=f-0-sk1 bbox=(918,264,1002,286) geom=painted visible=1 twin=0 source=/Game/S08/UI/ArtHud/WBP_S08ArtTag mode=compact look=P1 shape=circle placement=above ring=0 order=0 bound=1 softPx2=0 planned=(918,264,1002,286) frame=582
2026.09.30-16.21.12 SHOT widget id=board.tag.hp impl=umg state=compact fighter=f-0-sk1 bbox=(974,266,998,284) geom=painted visible=1 twin=0 source=/Game/S08/UI/ArtHud/WBP_S08ArtTag mode=compact look=P1 shape=circle placement=above ring=0 order=0 bound=1 softPx2=0 planned=(918,264,1002,286) frame=582 font=11
2026.09.30-16.21.12 SHOT widget id=board.tag.bar impl=umg state=compact fighter=f-0-sk1 bbox=(937,273,971,278) geom=painted visible=1 twin=0 source=/Game/S08/UI/ArtHud/WBP_S08ArtTag mode=compact look=P1 shape=circle placement=above ring=0 order=0 bound=1 softPx2=0 planned=(918,264,1002,286) frame=582
2026.09.30-16.21.12 SHOT widget id=board.tag.chip impl=umg state=compact fighter=f-0-sk1 bbox=(922,269,934,281) geom=painted visible=1 twin=0 source=/Game/S08/UI/ArtHud/WBP_S08ArtTag mode=compact look=P1 shape=circle placement=above ring=0 order=0 bound=1 softPx2=0 planned=(918,264,1002,286) frame=582
2026.09.30-16.21.12 SHOT widget id=board.tag impl=umg state=compact fighter=f-0-sk2 bbox=(761,385,845,407) geom=painted visible=1 twin=0 source=/Game/S08/UI/ArtHud/WBP_S08ArtTag mode=compact look=P1 shape=circle placement=above ring=0 order=2 bound=1 softPx2=0 planned=(761,385,845,407) frame=582
2026.09.30-16.21.12 SHOT widget id=board.tag.hp impl=umg state=compact fighter=f-0-sk2 bbox=(817,387,841,405) geom=painted visible=1 twin=0 source=/Game/S08/UI/ArtHud/WBP_S08ArtTag mode=compact look=P1 shape=circle placement=above ring=0 order=2 bound=1 softPx2=0 planned=(761,385,845,407) frame=582 font=11
2026.09.30-16.21.12 SHOT widget id=board.tag.bar impl=umg state=compact fighter=f-0-sk2 bbox=(780,394,814,399) geom=painted visible=1 twin=0 source=/Game/S08/UI/ArtHud/WBP_S08ArtTag mode=compact look=P1 shape=circle placement=above ring=0 order=2 bound=1 softPx2=0 planned=(761,385,845,407) frame=582
2026.09.30-16.21.12 SHOT widget id=board.tag.chip impl=umg state=compact fighter=f-0-sk2 bbox=(765,390,777,402) geom=painted visible=1 twin=0 source=/Game/S08/UI/ArtHud/WBP_S08ArtTag mode=compact look=P1 shape=circle placement=above ring=0 order=2 bound=1 softPx2=0 planned=(761,385,845,407) frame=582
2026.09.30-16.21.12 SHOT widget id=board.tag impl=umg state=compact fighter=f-1-hero bbox=(909,646,1011,668) geom=painted visible=1 twin=0 source=/Game/S08/UI/ArtHud/WBP_S08ArtTag mode=compact look=P2 shape=hex placement=below ring=0 order=4 bound=1 softPx2=0 planned=(909,646,1011,668) frame=582
2026.09.30-16.21.12 SHOT widget id=board.tag.hp impl=umg state=compact fighter=f-1-hero bbox=(965,648,1007,666) geom=painted visible=1 twin=0 source=/Game/S08/UI/ArtHud/WBP_S08ArtTag mode=compact look=P2 shape=hex placement=below ring=0 order=4 bound=1 softPx2=0 planned=(909,646,1011,668) frame=582 font=11
2026.09.30-16.21.12 SHOT widget id=board.tag.bar impl=umg state=compact fighter=f-1-hero bbox=(928,655,962,660) geom=painted visible=1 twin=0 source=/Game/S08/UI/ArtHud/WBP_S08ArtTag mode=compact look=P2 shape=hex placement=below ring=0 order=4 bound=1 softPx2=0 planned=(909,646,1011,668) frame=582
2026.09.30-16.21.12 SHOT widget id=board.tag.chip impl=umg state=compact fighter=f-1-hero bbox=(913,651,925,663) geom=painted visible=1 twin=0 source=/Game/S08/UI/ArtHud/WBP_S08ArtTag mode=compact look=P2 shape=hex placement=below ring=0 order=4 bound=1 softPx2=0 planned=(909,646,1011,668) frame=582
2026.09.30-16.21.12 SHOT widget id=board.tag impl=umg state=compact fighter=f-1-sk0 bbox=(1080,507,1164,529) geom=painted visible=1 twin=0 source=/Game/S08/UI/ArtHud/WBP_S08ArtTag mode=compact look=P2 shape=hex placement=above ring=0 order=5 bound=1 softPx2=0 planned=(1080,507,1164,529) frame=582
2026.09.30-16.21.12 SHOT widget id=board.tag.hp impl=umg state=compact fighter=f-1-sk0 bbox=(1136,509,1160,527) geom=painted visible=1 twin=0 source=/Game/S08/UI/ArtHud/WBP_S08ArtTag mode=compact look=P2 shape=hex placement=above ring=0 order=5 bound=1 softPx2=0 planned=(1080,507,1164,529) frame=582 font=11
2026.09.30-16.21.12 SHOT widget id=board.tag.bar impl=umg state=compact fighter=f-1-sk0 bbox=(1099,516,1133,521) geom=painted visible=1 twin=0 source=/Game/S08/UI/ArtHud/WBP_S08ArtTag mode=compact look=P2 shape=hex placement=above ring=0 order=5 bound=1 softPx2=0 planned=(1080,507,1164,529) frame=582
2026.09.30-16.21.12 SHOT widget id=board.tag.chip impl=umg state=compact fighter=f-1-sk0 bbox=(1084,512,1096,524) geom=painted visible=1 twin=0 source=/Game/S08/UI/ArtHud/WBP_S08ArtTag mode=compact look=P2 shape=hex placement=above ring=0 order=5 bound=1 softPx2=0 planned=(1080,507,1164,529) frame=582
2026.09.30-16.21.12 SHOT panel id=hud.command bbox=(0,0,703,156) geom=painted visible=1 frame=582
2026.09.30-16.21.12 SHOT panel id=hud.side bbox=(1432,0,1920,121) geom=painted visible=1 frame=582
2026.09.30-16.21.12 SHOT panel id=hud.hand bbox=(204,985,1717,1080) geom=painted visible=1 frame=582
2026.09.30-16.21.12 SHOT late end file=s09-maneuver-draft-open.png frame=582
2026.09.30-16.21.12 S09AUTO approach: no improving legal step
2026.09.30-16.21.12 MANEUVER-CONFIRM moves=0 boost=none
2026.09.30-16.21.12 HUD plate content fighter=f-0-hero name=Medusa hp=16/16 team=own statuses=HERO  |  MELEE teamSlot=P1 look=P1 shape=circle chip=#DAC576
2026.09.30-16.21.12 PLATE fighter=f-0-hero bbox=(1016,638,1188,692) overlapReachable=0 placement=below ring=15 gap=126 selection=f-0-hero destinations=13 clean=0 softPx2=0 tested=18295 bound=0
2026.09.30-16.21.12 TAG fighter=f-0-hero bbox=(909,389,1011,411) mode=compact look=P1 placement=inset ring=0 hardPx2=0 softPx2=0 order=1 bound=1
2026.09.30-16.21.12 TAG fighter=f-0-sk0 bbox=(1075,385,1159,407) mode=compact look=P1 placement=above ring=0 hardPx2=0 softPx2=0 order=3 bound=1
2026.09.30-16.21.12 TAG fighter=f-0-sk1 bbox=(918,264,1002,286) mode=compact look=P1 placement=above ring=0 hardPx2=0 softPx2=0 order=0 bound=1
2026.09.30-16.21.12 TAG fighter=f-0-sk2 bbox=(761,385,845,407) mode=compact look=P1 placement=above ring=0 hardPx2=0 softPx2=0 order=2 bound=1
2026.09.30-16.21.12 TAG fighter=f-1-hero bbox=(909,646,1011,668) mode=compact look=P2 placement=below ring=0 hardPx2=0 softPx2=0 order=4 bound=1
2026.09.30-16.21.12 TAG fighter=f-1-sk0 bbox=(1080,507,1164,529) mode=compact look=P2 placement=above ring=0 hardPx2=0 softPx2=0 order=5 bound=1
2026.09.30-16.21.12 SNAPSHOT applied seq=3 phase=ACTION_MANEUVER
2026.09.30-16.21.12 HANDLE_APPLIED #5 seq=3 decision=2 fightersValid=1 boardValid=1
2026.09.30-16.21.12 closed mode=
2026.09.30-16.21.12 MODE seq=3 mode=0 combat=0 pending=0
2026.09.30-16.21.12 HUD seq=3 phase=ACTION_MANEUVER turn=you hand=6 oppHand=5(hidden) oppDeck=25 deck=24 discard=0
2026.09.30-16.21.12 ARTPREVIEW fighter=Medusa hero=1 eligible=0 visual=1 mesh=SK_Medusa_H2LD
2026.09.30-16.21.12 FIGHTERS synced n=6 alive=6 own=4 enemy=2
2026.09.30-16.21.12 MANEUVER done seq=3 (apply) fighters=6 boost=no
2026.09.30-16.21.12 SNAPSHOT applied seq=3 phase=ACTION_MANEUVER
2026.09.30-16.21.12 HANDLE_APPLIED #6 seq=3 decision=1 fightersValid=1 boardValid=1
2026.09.30-16.21.12 MODE seq=3 mode=0 combat=0 pending=0
2026.09.30-16.21.12 HUD seq=3 phase=ACTION_MANEUVER turn=you hand=6 oppHand=5(hidden) oppDeck=25 deck=24 discard=0
2026.09.30-16.21.12 ARTPREVIEW fighter=Medusa hero=1 eligible=0 visual=1 mesh=SK_Medusa_H2LD
2026.09.30-16.21.12 FIGHTERS synced n=6 alive=6 own=4 enemy=2
2026.09.30-16.21.12 WS seq=3 phase=ACTION_MANEUVER (merge)
2026.09.30-16.21.12 PLATE hidden fighter=f-0-hero
2026.09.30-16.21.12 TAG fighter=f-0-hero bbox=(909,389,1011,411) mode=compact look=P1 placement=inset ring=0 hardPx2=0 softPx2=0 order=1 bound=1
2026.09.30-16.21.12 TAG fighter=f-0-sk0 bbox=(1075,385,1159,407) mode=compact look=P1 placement=above ring=0 hardPx2=0 softPx2=0 order=3 bound=1
2026.09.30-16.21.12 TAG fighter=f-0-sk1 bbox=(918,264,1002,286) mode=compact look=P1 placement=above ring=0 hardPx2=0 softPx2=0 order=0 bound=1
2026.09.30-16.21.12 TAG fighter=f-0-sk2 bbox=(761,385,845,407) mode=compact look=P1 placement=above ring=0 hardPx2=0 softPx2=0 order=2 bound=1
2026.09.30-16.21.12 TAG fighter=f-1-hero bbox=(909,646,1011,668) mode=compact look=P2 placement=below ring=0 hardPx2=0 softPx2=0 order=4 bound=1
2026.09.30-16.21.12 TAG fighter=f-1-sk0 bbox=(1080,507,1164,529) mode=compact look=P2 placement=above ring=0 hardPx2=0 softPx2=0 order=5 bound=1
2026.09.30-16.21.12 TAG fighter=f-0-hero bbox=(909,389,1011,411) mode=compact look=P1 placement=inset ring=0 hardPx2=0 softPx2=0 order=1 bound=1
2026.09.30-16.21.12 TAG fighter=f-0-sk0 bbox=(1075,385,1159,407) mode=compact look=P1 placement=above ring=0 hardPx2=0 softPx2=0 order=3 bound=1
2026.09.30-16.21.12 TAG fighter=f-0-sk1 bbox=(918,264,1002,286) mode=compact look=P1 placement=above ring=0 hardPx2=0 softPx2=0 order=0 bound=1
2026.09.30-16.21.12 TAG fighter=f-0-sk2 bbox=(761,385,845,407) mode=compact look=P1 placement=above ring=0 hardPx2=0 softPx2=0 order=2 bound=1
2026.09.30-16.21.12 TAG fighter=f-1-hero bbox=(909,646,1011,668) mode=compact look=P2 placement=below ring=0 hardPx2=0 softPx2=0 order=4 bound=1
2026.09.30-16.21.12 TAG fighter=f-1-sk0 bbox=(1080,507,1164,529) mode=compact look=P2 placement=above ring=0 hardPx2=0 softPx2=0 order=5 bound=1
2026.09.30-16.21.12 PERF window t=15.0-20.0 frames=145 fps=28.99 frameMs avg=34.50 p50=33.33 p95=33.33 p99=74.26 max=161.24 hitches50=2 gpuMs avg=1.55 p50=1.33 p95=2.05 gameMs avg=3.10 p95=3.89 renderMs avg=3.04 p95=3.67
2026.09.30-16.21.13 SHOT ctx viewport=1920x1080 viewTarget=CameraActor_2147482348 cam=(0,1107,1582) rot=(-55,-90,0)
2026.09.30-16.21.13 RENDER tag=SHOT rhi=D3D12 featureLevel=SM6 shaderPlatform=PCD3D_SM6 lumenPlatform=1 gi=lumen giMethod=1 refl=lumen reflMethod=1 shadows=csm vsmEnable=0 sg.res=100 sg.view=2 sg.aa=2 sg.shadow=2 sg.gi=2 sg.refl=2 sg.pp=2 sg.tex=2 sg.fx=2 sg.foliage=2 sg.shading=2 sg.landscape=2 preset=High screenPct=100.0 screenPctMode=0 aa=TSR aaMethod=4 exposure=fixed-histogram expMin=4.14106 expMax=4.14106 expBias=0.000 ev100=2.05 lightUnits=candelas sky=1 skyIntensity=11.200 keyShadow=csm-3000uu-2c-contact0.000 shadowCasters=1 profile=cobble-probe profilesSha256=1ecc1e9281845655acf8b31f1dcf52a7510abfc8ba8505525ad72ee8f4ce3c4c profilesSource=pak legacyRender=0 gameLayer=unlit-eyeadaptinv tMaxFPS=30.0 vsync=0 frameRateLimit=60.0 substrate=0 nanite=1 meshDF=1 viewport=1920x1080 reference=1
2026.09.30-16.21.13 SHOT fighter f-0-hero pos=(2,2) world=(0,-50,0) screen=(960,476) projected=1 alive=1
2026.09.30-16.21.13 SHOT fighter f-0-sk0 pos=(3,2) world=(100,-50,0) screen=(1115,476) projected=1 alive=1
2026.09.30-16.21.13 SHOT fighter f-0-sk1 pos=(2,1) world=(0,-150,0) screen=(960,355) projected=1 alive=1
2026.09.30-16.21.13 SHOT fighter f-0-sk2 pos=(1,2) world=(-100,-50,0) screen=(805,476) projected=1 alive=1
2026.09.30-16.21.13 SHOT fighter f-1-hero pos=(2,3) world=(0,50,0) screen=(960,606) projected=1 alive=1
2026.09.30-16.21.13 SHOT fighter f-1-sk0 pos=(3,3) world=(100,50,0) screen=(1120,606) projected=1 alive=1
2026.09.30-16.21.13 SHOT camera dist=1930.8 target=1930.8 overview=1930.8 errPct=0.000 focusErr=0.00 settled=1 zoom=1.00
2026.09.30-16.21.13 SHOT head fighter=f-0-hero socket=Head mesh=SK_Medusa_H2LD world=(-0.4,-49.5,47.2) screen=(959.4,432.9) top=(959.4,427.1) bottom=(959.4,438.6) headPx=11.5 projected=1
2026.09.30-16.21.13 SHOT head fighter=f-0-sk0 socket=Head mesh=SK_Harpy_H3LD world=(99.5,-44.8,33.9) screen=(1117.1,451.4) top=(1117.5,445.7) bottom=(1116.7,457.0) headPx=11.3 projected=1
2026.09.30-16.21.13 SHOT head fighter=f-0-sk1 socket=Head mesh=SK_Harpy_H3LD world=(0.0,-144.6,34.0) screen=(960.1,328.6) top=(960.1,322.7) bottom=(960.1,334.3) headPx=11.6 projected=1
2026.09.30-16.21.13 SHOT head fighter=f-0-sk2 socket=Head mesh=SK_Harpy_H3LD world=(-100.3,-45.1,34.3) screen=(801.7,450.6) top=(801.3,445.0) bottom=(802.1,456.3) headPx=11.4 projected=1
2026.09.30-16.21.13 SHOT head fighter=f-1-hero socket=Head mesh=SK_KingArthur_H2LD world=(0.4,49.1,50.1) screen=(960.6,558.8) top=(960.6,553.2) bottom=(960.6,564.4) headPx=11.2 projected=1
2026.09.30-16.21.13 SHOT head fighter=f-1-sk0 socket=Head mesh=SK_Merlin_H2LD world=(100.3,46.8,36.4) screen=(1123.0,568.3) top=(1123.4,562.8) bottom=(1122.6,573.8) headPx=11.1 projected=1
2026.09.30-16.21.13 SHOT figure fighter=f-0-hero bbox=(914,389,1006,512) ringR=28.50 art=1 blockout=0 team=P1 look=P1 ring=1
2026.09.30-16.21.13 SHOT figure fighter=f-0-sk0 bbox=(1080,409,1155,504) ringR=22.23 art=1 blockout=0 team=P1 look=P1 ring=1
2026.09.30-16.21.13 SHOT figure fighter=f-0-sk1 bbox=(926,288,994,381) ringR=22.23 art=1 blockout=0 team=P1 look=P1 ring=1
2026.09.30-16.21.13 SHOT figure fighter=f-0-sk2 bbox=(765,409,840,504) ringR=22.23 art=1 blockout=0 team=P1 look=P1 ring=1
2026.09.30-16.21.13 SHOT figure fighter=f-1-hero bbox=(913,513,1007,644) ringR=28.50 art=1 blockout=0 team=P2 look=P2 ring=1
2026.09.30-16.21.13 SHOT figure fighter=f-1-sk0 bbox=(1084,531,1161,635) ringR=22.23 art=1 blockout=0 team=P2 look=P2 ring=1
2026.09.30-16.21.13 SHOT request file=s09-hud-after-first-maneuver.png frame=617
2026.09.30-16.21.13 SHOT requested: FScreenshotRequest(bShowUI) -> C:\Users\ren\AppData\Local\Temp\s09-combat-20260930-212050-4920\host/s09-hud-after-first-maneuver.png
2026.09.30-16.21.13 SHOT captured file=s09-hud-after-first-maneuver.png frame=617 px=1920x1080 sha256=8bb905cc37041a7ee9383f68c455feb4b333a814217a8f35f5c50f0ca1c1ccb3 order=BGRA saved=1
2026.09.30-16.21.13 SHOT late begin file=s09-hud-after-first-maneuver.png frame=617 requestFrame=617
2026.09.30-16.21.13 SHOT iconstate visible=0 lastFighter=none frame=617
2026.09.30-16.21.13 SHOT widget id=board.tag impl=umg state=compact fighter=f-0-hero bbox=(909,389,1011,411) geom=painted visible=1 twin=0 source=/Game/S08/UI/ArtHud/WBP_S08ArtTag mode=compact look=P1 shape=circle placement=inset ring=0 order=1 bound=1 softPx2=0 planned=(909,389,1011,411) frame=617
2026.09.30-16.21.13 SHOT widget id=board.tag.hp impl=umg state=compact fighter=f-0-hero bbox=(965,391,1007,409) geom=painted visible=1 twin=0 source=/Game/S08/UI/ArtHud/WBP_S08ArtTag mode=compact look=P1 shape=circle placement=inset ring=0 order=1 bound=1 softPx2=0 planned=(909,389,1011,411) frame=617 font=11
2026.09.30-16.21.13 SHOT widget id=board.tag.bar impl=umg state=compact fighter=f-0-hero bbox=(928,398,962,403) geom=painted visible=1 twin=0 source=/Game/S08/UI/ArtHud/WBP_S08ArtTag mode=compact look=P1 shape=circle placement=inset ring=0 order=1 bound=1 softPx2=0 planned=(909,389,1011,411) frame=617
2026.09.30-16.21.13 SHOT widget id=board.tag.chip impl=umg state=compact fighter=f-0-hero bbox=(913,394,925,406) geom=painted visible=1 twin=0 source=/Game/S08/UI/ArtHud/WBP_S08ArtTag mode=compact look=P1 shape=circle placement=inset ring=0 order=1 bound=1 softPx2=0 planned=(909,389,1011,411) frame=617
2026.09.30-16.21.13 SHOT widget id=board.tag impl=umg state=compact fighter=f-0-sk0 bbox=(1075,385,1159,407) geom=painted visible=1 twin=0 source=/Game/S08/UI/ArtHud/WBP_S08ArtTag mode=compact look=P1 shape=circle placement=above ring=0 order=3 bound=1 softPx2=0 planned=(1075,385,1159,407) frame=617
2026.09.30-16.21.13 SHOT widget id=board.tag.hp impl=umg state=compact fighter=f-0-sk0 bbox=(1131,387,1155,405) geom=painted visible=1 twin=0 source=/Game/S08/UI/ArtHud/WBP_S08ArtTag mode=compact look=P1 shape=circle placement=above ring=0 order=3 bound=1 softPx2=0 planned=(1075,385,1159,407) frame=617 font=11
2026.09.30-16.21.13 SHOT widget id=board.tag.bar impl=umg state=compact fighter=f-0-sk0 bbox=(1094,394,1128,399) geom=painted visible=1 twin=0 source=/Game/S08/UI/ArtHud/WBP_S08ArtTag mode=compact look=P1 shape=circle placement=above ring=0 order=3 bound=1 softPx2=0 planned=(1075,385,1159,407) frame=617
2026.09.30-16.21.13 SHOT widget id=board.tag.chip impl=umg state=compact fighter=f-0-sk0 bbox=(1079,390,1091,402) geom=painted visible=1 twin=0 source=/Game/S08/UI/ArtHud/WBP_S08ArtTag mode=compact look=P1 shape=circle placement=above ring=0 order=3 bound=1 softPx2=0 planned=(1075,385,1159,407) frame=617
2026.09.30-16.21.13 SHOT widget id=board.tag impl=umg state=compact fighter=f-0-sk1 bbox=(918,264,1002,286) geom=painted visible=1 twin=0 source=/Game/S08/UI/ArtHud/WBP_S08ArtTag mode=compact look=P1 shape=circle placement=above ring=0 order=0 bound=1 softPx2=0 planned=(918,264,1002,286) frame=617
2026.09.30-16.21.13 SHOT widget id=board.tag.hp impl=umg state=compact fighter=f-0-sk1 bbox=(974,266,998,284) geom=painted visible=1 twin=0 source=/Game/S08/UI/ArtHud/WBP_S08ArtTag mode=compact look=P1 shape=circle placement=above ring=0 order=0 bound=1 softPx2=0 planned=(918,264,1002,286) frame=617 font=11
2026.09.30-16.21.13 SHOT widget id=board.tag.bar impl=umg state=compact fighter=f-0-sk1 bbox=(937,273,971,278) geom=painted visible=1 twin=0 source=/Game/S08/UI/ArtHud/WBP_S08ArtTag mode=compact look=P1 shape=circle placement=above ring=0 order=0 bound=1 softPx2=0 planned=(918,264,1002,286) frame=617
2026.09.30-16.21.13 SHOT widget id=board.tag.chip impl=umg state=compact fighter=f-0-sk1 bbox=(922,269,934,281) geom=painted visible=1 twin=0 source=/Game/S08/UI/ArtHud/WBP_S08ArtTag mode=compact look=P1 shape=circle placement=above ring=0 order=0 bound=1 softPx2=0 planned=(918,264,1002,286) frame=617
2026.09.30-16.21.13 SHOT widget id=board.tag impl=umg state=compact fighter=f-0-sk2 bbox=(761,385,845,407) geom=painted visible=1 twin=0 source=/Game/S08/UI/ArtHud/WBP_S08ArtTag mode=compact look=P1 shape=circle placement=above ring=0 order=2 bound=1 softPx2=0 planned=(761,385,845,407) frame=617
2026.09.30-16.21.13 SHOT widget id=board.tag.hp impl=umg state=compact fighter=f-0-sk2 bbox=(817,387,841,405) geom=painted visible=1 twin=0 source=/Game/S08/UI/ArtHud/WBP_S08ArtTag mode=compact look=P1 shape=circle placement=above ring=0 order=2 bound=1 softPx2=0 planned=(761,385,845,407) frame=617 font=11
2026.09.30-16.21.13 SHOT widget id=board.tag.bar impl=umg state=compact fighter=f-0-sk2 bbox=(780,394,814,399) geom=painted visible=1 twin=0 source=/Game/S08/UI/ArtHud/WBP_S08ArtTag mode=compact look=P1 shape=circle placement=above ring=0 order=2 bound=1 softPx2=0 planned=(761,385,845,407) frame=617
2026.09.30-16.21.13 SHOT widget id=board.tag.chip impl=umg state=compact fighter=f-0-sk2 bbox=(765,390,777,402) geom=painted visible=1 twin=0 source=/Game/S08/UI/ArtHud/WBP_S08ArtTag mode=compact look=P1 shape=circle placement=above ring=0 order=2 bound=1 softPx2=0 planned=(761,385,845,407) frame=617
2026.09.30-16.21.13 SHOT widget id=board.tag impl=umg state=compact fighter=f-1-hero bbox=(909,646,1011,668) geom=painted visible=1 twin=0 source=/Game/S08/UI/ArtHud/WBP_S08ArtTag mode=compact look=P2 shape=hex placement=below ring=0 order=4 bound=1 softPx2=0 planned=(909,646,1011,668) frame=617
2026.09.30-16.21.13 SHOT widget id=board.tag.hp impl=umg state=compact fighter=f-1-hero bbox=(965,648,1007,666) geom=painted visible=1 twin=0 source=/Game/S08/UI/ArtHud/WBP_S08ArtTag mode=compact look=P2 shape=hex placement=below ring=0 order=4 bound=1 softPx2=0 planned=(909,646,1011,668) frame=617 font=11
2026.09.30-16.21.13 SHOT widget id=board.tag.bar impl=umg state=compact fighter=f-1-hero bbox=(928,655,962,660) geom=painted visible=1 twin=0 source=/Game/S08/UI/ArtHud/WBP_S08ArtTag mode=compact look=P2 shape=hex placement=below ring=0 order=4 bound=1 softPx2=0 planned=(909,646,1011,668) frame=617
2026.09.30-16.21.13 SHOT widget id=board.tag.chip impl=umg state=compact fighter=f-1-hero bbox=(913,651,925,663) geom=painted visible=1 twin=0 source=/Game/S08/UI/ArtHud/WBP_S08ArtTag mode=compact look=P2 shape=hex placement=below ring=0 order=4 bound=1 softPx2=0 planned=(909,646,1011,668) frame=617
2026.09.30-16.21.13 SHOT widget id=board.tag impl=umg state=compact fighter=f-1-sk0 bbox=(1080,507,1164,529) geom=painted visible=1 twin=0 source=/Game/S08/UI/ArtHud/WBP_S08ArtTag mode=compact look=P2 shape=hex placement=above ring=0 order=5 bound=1 softPx2=0 planned=(1080,507,1164,529) frame=617
2026.09.30-16.21.13 SHOT widget id=board.tag.hp impl=umg state=compact fighter=f-1-sk0 bbox=(1136,509,1160,527) geom=painted visible=1 twin=0 source=/Game/S08/UI/ArtHud/WBP_S08ArtTag mode=compact look=P2 shape=hex placement=above ring=0 order=5 bound=1 softPx2=0 planned=(1080,507,1164,529) frame=617 font=11
2026.09.30-16.21.13 SHOT widget id=board.tag.bar impl=umg state=compact fighter=f-1-sk0 bbox=(1099,516,1133,521) geom=painted visible=1 twin=0 source=/Game/S08/UI/ArtHud/WBP_S08ArtTag mode=compact look=P2 shape=hex placement=above ring=0 order=5 bound=1 softPx2=0 planned=(1080,507,1164,529) frame=617
2026.09.30-16.21.13 SHOT widget id=board.tag.chip impl=umg state=compact fighter=f-1-sk0 bbox=(1084,512,1096,524) geom=painted visible=1 twin=0 source=/Game/S08/UI/ArtHud/WBP_S08ArtTag mode=compact look=P2 shape=hex placement=above ring=0 order=5 bound=1 softPx2=0 planned=(1080,507,1164,529) frame=617
2026.09.30-16.21.13 SHOT panel id=hud.command bbox=(0,0,601,138) geom=painted visible=1 frame=617
2026.09.30-16.21.13 SHOT panel id=hud.side bbox=(1432,0,1920,121) geom=painted visible=1 frame=617
2026.09.30-16.21.13 SHOT panel id=hud.hand bbox=(235,985,1686,1080) geom=painted visible=1 frame=617
2026.09.30-16.21.13 SHOT late end file=s09-hud-after-first-maneuver.png frame=617
2026.09.30-16.21.13 S09AUTO drive mode=0 plan=[attack] phase=ACTION_MANEUVER turn=cmukie55u0000wiao06h107t9
2026.09.30-16.21.13 S09AUTO attack deferred - no may-boost card in hand (turn#0 elapsed=21s)
2026.09.30-16.21.13 SNAPSHOT applied seq=4 phase=ACTION_MANEUVER
2026.09.30-16.21.13 HANDLE_APPLIED #7 seq=4 decision=2 fightersValid=1 boardValid=1
2026.09.30-16.21.13 MANEUVER-DRAFT mode=maneuver:1:3
2026.09.30-16.21.13 DRAFT-OPEN draw committed (resume instead of begin)
2026.09.30-16.21.13 MODE seq=4 mode=1 combat=0 pending=0
2026.09.30-16.21.13 HUD seq=4 phase=ACTION_MANEUVER turn=you hand=7 oppHand=5(hidden) oppDeck=25~ deck=24~ discard=0
2026.09.30-16.21.13 ARTPREVIEW fighter=Medusa hero=1 eligible=0 visual=1 mesh=SK_Medusa_H2LD
2026.09.30-16.21.13 FIGHTERS synced n=6 alive=6 own=4 enemy=2
2026.09.30-16.21.13 WS seq=4 phase=ACTION_MANEUVER (apply)
2026.09.30-16.21.13 SNAPSHOT applied seq=4 phase=ACTION_MANEUVER
2026.09.30-16.21.13 HANDLE_APPLIED #8 seq=4 decision=1 fightersValid=1 boardValid=1
2026.09.30-16.21.13 MODE seq=4 mode=1 combat=0 pending=0
2026.09.30-16.21.13 HUD seq=4 phase=ACTION_MANEUVER turn=you hand=7 oppHand=5(hidden) oppDeck=25 deck=23 discard=0
2026.09.30-16.21.13 ARTPREVIEW fighter=Medusa hero=1 eligible=0 visual=1 mesh=SK_Medusa_H2LD
2026.09.30-16.21.13 FIGHTERS synced n=6 alive=6 own=4 enemy=2
2026.09.30-16.21.13 MANEUVER begin seq=4 (merge) pending=maneuver:1:3
2026.09.30-16.21.13 S09AUTO drive mode=1 plan=[attack] phase=ACTION_MANEUVER turn=cmukie55u0000wiao06h107t9
2026.09.30-16.21.13 S09AUTO approach: no improving legal step
2026.09.30-16.21.13 MANEUVER-CONFIRM moves=0 boost=none
2026.09.30-16.21.13 PLATE fighter=f-0-hero bbox=(1016,638,1188,692) overlapReachable=0 placement=below ring=15 gap=126 selection=f-0-hero destinations=13 clean=0 softPx2=0 tested=18295 bound=0
2026.09.30-16.21.13 TAG fighter=f-0-hero bbox=(909,389,1011,411) mode=compact look=P1 placement=inset ring=0 hardPx2=0 softPx2=0 order=1 bound=1
2026.09.30-16.21.13 TAG fighter=f-0-sk0 bbox=(1075,385,1159,407) mode=compact look=P1 placement=above ring=0 hardPx2=0 softPx2=0 order=3 bound=1
2026.09.30-16.21.13 TAG fighter=f-0-sk1 bbox=(918,264,1002,286) mode=compact look=P1 placement=above ring=0 hardPx2=0 softPx2=0 order=0 bound=1
2026.09.30-16.21.13 TAG fighter=f-0-sk2 bbox=(761,385,845,407) mode=compact look=P1 placement=above ring=0 hardPx2=0 softPx2=0 order=2 bound=1
2026.09.30-16.21.13 TAG fighter=f-1-hero bbox=(909,646,1011,668) mode=compact look=P2 placement=below ring=0 hardPx2=0 softPx2=0 order=4 bound=1
2026.09.30-16.21.13 TAG fighter=f-1-sk0 bbox=(1080,507,1164,529) mode=compact look=P2 placement=above ring=0 hardPx2=0 softPx2=0 order=5 bound=1
2026.09.30-16.21.13 game -> room=cmuobaygt00wzwircvdqcyy4s code=<redacted> status=IN_PROGRESS
2026.09.30-16.21.13 SNAPSHOT applied seq=5 phase=ACTION_MANEUVER
2026.09.30-16.21.13 HANDLE_APPLIED #9 seq=5 decision=2 fightersValid=1 boardValid=1
2026.09.30-16.21.13 closed mode=
2026.09.30-16.21.13 MODE seq=5 mode=0 combat=0 pending=0
2026.09.30-16.21.13 HUD seq=5 phase=ACTION_MANEUVER turn=opp hand=7 oppHand=5(hidden) oppDeck=25 deck=23 discard=0
2026.09.30-16.21.13 ARTPREVIEW fighter=Medusa hero=1 eligible=0 visual=1 mesh=SK_Medusa_H2LD
2026.09.30-16.21.13 FIGHTERS synced n=6 alive=6 own=4 enemy=2
2026.09.30-16.21.13 MANEUVER done seq=5 (apply) fighters=6 boost=no
2026.09.30-16.21.13 SNAPSHOT applied seq=5 phase=ACTION_MANEUVER
2026.09.30-16.21.13 HANDLE_APPLIED #10 seq=5 decision=1 fightersValid=1 boardValid=1
2026.09.30-16.21.13 MODE seq=5 mode=0 combat=0 pending=0
2026.09.30-16.21.13 HUD seq=5 phase=ACTION_MANEUVER turn=opp hand=7 oppHand=5(hidden) oppDeck=25 deck=23 discard=0
2026.09.30-16.21.13 ARTPREVIEW fighter=Medusa hero=1 eligible=0 visual=1 mesh=SK_Medusa_H2LD
2026.09.30-16.21.13 FIGHTERS synced n=6 alive=6 own=4 enemy=2
2026.09.30-16.21.13 WS seq=5 phase=ACTION_MANEUVER (merge)
2026.09.30-16.21.13 PLATE hidden fighter=f-0-hero
2026.09.30-16.21.13 TAG fighter=f-0-hero bbox=(909,389,1011,411) mode=compact look=P1 placement=inset ring=0 hardPx2=0 softPx2=0 order=1 bound=1
2026.09.30-16.21.13 TAG fighter=f-0-sk0 bbox=(1075,385,1159,407) mode=compact look=P1 placement=above ring=0 hardPx2=0 softPx2=0 order=3 bound=1
2026.09.30-16.21.13 TAG fighter=f-0-sk1 bbox=(918,264,1002,286) mode=compact look=P1 placement=above ring=0 hardPx2=0 softPx2=0 order=0 bound=1
2026.09.30-16.21.13 TAG fighter=f-0-sk2 bbox=(761,385,845,407) mode=compact look=P1 placement=above ring=0 hardPx2=0 softPx2=0 order=2 bound=1
2026.09.30-16.21.13 TAG fighter=f-1-hero bbox=(909,646,1011,668) mode=compact look=P2 placement=below ring=0 hardPx2=0 softPx2=0 order=4 bound=1
2026.09.30-16.21.13 TAG fighter=f-1-sk0 bbox=(1080,507,1164,529) mode=compact look=P2 placement=above ring=0 hardPx2=0 softPx2=0 order=5 bound=1
2026.09.30-16.21.13 TAG fighter=f-0-hero bbox=(909,389,1011,411) mode=compact look=P1 placement=inset ring=0 hardPx2=0 softPx2=0 order=1 bound=1
2026.09.30-16.21.13 TAG fighter=f-0-sk0 bbox=(1075,385,1159,407) mode=compact look=P1 placement=above ring=0 hardPx2=0 softPx2=0 order=3 bound=1
2026.09.30-16.21.13 TAG fighter=f-0-sk1 bbox=(918,264,1002,286) mode=compact look=P1 placement=above ring=0 hardPx2=0 softPx2=0 order=0 bound=1
2026.09.30-16.21.13 TAG fighter=f-0-sk2 bbox=(761,385,845,407) mode=compact look=P1 placement=above ring=0 hardPx2=0 softPx2=0 order=2 bound=1
2026.09.30-16.21.13 TAG fighter=f-1-hero bbox=(909,646,1011,668) mode=compact look=P2 placement=below ring=0 hardPx2=0 softPx2=0 order=4 bound=1
2026.09.30-16.21.13 TAG fighter=f-1-sk0 bbox=(1080,507,1164,529) mode=compact look=P2 placement=above ring=0 hardPx2=0 softPx2=0 order=5 bound=1
2026.09.30-16.21.13 SNAPSHOT applied seq=6 phase=ACTION_MANEUVER
2026.09.30-16.21.13 HANDLE_APPLIED #11 seq=6 decision=2 fightersValid=1 boardValid=1
2026.09.30-16.21.13 MODE seq=6 mode=0 combat=0 pending=0
2026.09.30-16.21.13 HUD seq=6 phase=ACTION_MANEUVER turn=opp hand=7 oppHand=6(hidden) oppDeck=25~ deck=23~ discard=0
2026.09.30-16.21.13 ARTPREVIEW fighter=Medusa hero=1 eligible=0 visual=1 mesh=SK_Medusa_H2LD
2026.09.30-16.21.13 FIGHTERS synced n=6 alive=6 own=4 enemy=2
2026.09.30-16.21.13 WS seq=6 phase=ACTION_MANEUVER (apply)
2026.09.30-16.21.14 S09AUTO drive mode=0 plan=[attack] phase=ACTION_MANEUVER turn=cmukie57j0001wiaofr67k2vd
2026.09.30-16.21.14 SNAPSHOT applied seq=7 phase=ACTION_MANEUVER
2026.09.30-16.21.14 HANDLE_APPLIED #12 seq=7 decision=2 fightersValid=1 boardValid=1
2026.09.30-16.21.14 MODE seq=7 mode=0 combat=0 pending=0
2026.09.30-16.21.14 HUD seq=7 phase=ACTION_MANEUVER turn=opp hand=7 oppHand=6(hidden) oppDeck=25~ deck=23~ discard=0
2026.09.30-16.21.14 ARTPREVIEW fighter=Medusa hero=1 eligible=0 visual=1 mesh=SK_Medusa_H2LD
2026.09.30-16.21.14 FIGHTERS synced n=6 alive=6 own=4 enemy=2
2026.09.30-16.21.14 CUE move f-1-hero (2,3)->(1,3) seq=7
2026.09.30-16.21.14 WS seq=7 phase=ACTION_MANEUVER (apply)
2026.09.30-16.21.14 TAG fighter=f-0-hero bbox=(909,514,1011,536) mode=compact look=P1 placement=below ring=0 hardPx2=0 softPx2=0 order=1 bound=1
2026.09.30-16.21.14 TAG fighter=f-0-sk0 bbox=(1075,385,1159,407) mode=compact look=P1 placement=above ring=0 hardPx2=0 softPx2=0 order=3 bound=1
2026.09.30-16.21.14 TAG fighter=f-0-sk1 bbox=(918,264,1002,286) mode=compact look=P1 placement=above ring=0 hardPx2=0 softPx2=0 order=0 bound=1
2026.09.30-16.21.14 TAG fighter=f-0-sk2 bbox=(761,385,845,407) mode=compact look=P1 placement=above ring=0 hardPx2=0 softPx2=0 order=2 bound=1
2026.09.30-16.21.14 TAG fighter=f-1-hero bbox=(643,513,745,535) mode=compact look=P2 placement=left ring=0 hardPx2=0 softPx2=0 order=4 bound=1
2026.09.30-16.21.14 TAG fighter=f-1-sk0 bbox=(1080,507,1164,529) mode=compact look=P2 placement=above ring=0 hardPx2=0 softPx2=0 order=5 bound=1
2026.09.30-16.21.16 SNAPSHOT applied seq=8 phase=ACTION_MANEUVER
2026.09.30-16.21.16 HANDLE_APPLIED #13 seq=8 decision=2 fightersValid=1 boardValid=1
2026.09.30-16.21.16 MODE seq=8 mode=0 combat=0 pending=0
2026.09.30-16.21.16 HUD seq=8 phase=ACTION_MANEUVER turn=opp hand=7 oppHand=7(hidden) oppDeck=25~ deck=23~ discard=0
2026.09.30-16.21.16 ARTPREVIEW fighter=Medusa hero=1 eligible=0 visual=1 mesh=SK_Medusa_H2LD
2026.09.30-16.21.16 FIGHTERS synced n=6 alive=6 own=4 enemy=2
2026.09.30-16.21.16 WS seq=8 phase=ACTION_MANEUVER (apply)
2026.09.30-16.21.16 SNAPSHOT applied seq=9 phase=ACTION_MANEUVER
2026.09.30-16.21.16 HANDLE_APPLIED #14 seq=9 decision=2 fightersValid=1 boardValid=1
2026.09.30-16.21.16 MODE seq=9 mode=0 combat=0 pending=0
2026.09.30-16.21.16 HUD seq=9 phase=ACTION_MANEUVER turn=you hand=7 oppHand=7(hidden) oppDeck=25~ deck=23~ discard=0
2026.09.30-16.21.16 ARTPREVIEW fighter=Medusa hero=1 eligible=0 visual=1 mesh=SK_Medusa_H2LD
2026.09.30-16.21.16 FIGHTERS synced n=6 alive=6 own=4 enemy=2
2026.09.30-16.21.16 CUE move f-1-hero (1,3)->(2,3) seq=9
2026.09.30-16.21.16 WS seq=9 phase=ACTION_MANEUVER (apply)
2026.09.30-16.21.16 S09AUTO own turn #1 (turnCount=3)
2026.09.30-16.21.16 S09AUTO attack deferred - no may-boost card in hand (turn#1 elapsed=24s)
2026.09.30-16.21.16 TAG fighter=f-0-hero bbox=(909,389,1011,411) mode=compact look=P1 placement=inset ring=0 hardPx2=0 softPx2=0 order=1 bound=1
2026.09.30-16.21.16 TAG fighter=f-0-sk0 bbox=(1075,385,1159,407) mode=compact look=P1 placement=above ring=0 hardPx2=0 softPx2=0 order=3 bound=1
2026.09.30-16.21.16 TAG fighter=f-0-sk1 bbox=(918,264,1002,286) mode=compact look=P1 placement=above ring=0 hardPx2=0 softPx2=0 order=0 bound=1
2026.09.30-16.21.16 TAG fighter=f-0-sk2 bbox=(761,385,845,407) mode=compact look=P1 placement=above ring=0 hardPx2=0 softPx2=0 order=2 bound=1
2026.09.30-16.21.16 TAG fighter=f-1-hero bbox=(909,646,1011,668) mode=compact look=P2 placement=below ring=0 hardPx2=0 softPx2=0 order=4 bound=1
2026.09.30-16.21.16 TAG fighter=f-1-sk0 bbox=(1080,507,1164,529) mode=compact look=P2 placement=above ring=0 hardPx2=0 softPx2=0 order=5 bound=1
2026.09.30-16.21.16 TAG fighter=f-0-hero bbox=(909,389,1011,411) mode=compact look=P1 placement=inset ring=0 hardPx2=0 softPx2=0 order=1 bound=1
2026.09.30-16.21.16 TAG fighter=f-0-sk0 bbox=(1075,385,1159,407) mode=compact look=P1 placement=above ring=0 hardPx2=0 softPx2=0 order=3 bound=1
2026.09.30-16.21.16 TAG fighter=f-0-sk1 bbox=(918,264,1002,286) mode=compact look=P1 placement=above ring=0 hardPx2=0 softPx2=0 order=0 bound=1
2026.09.30-16.21.16 TAG fighter=f-0-sk2 bbox=(761,385,845,407) mode=compact look=P1 placement=above ring=0 hardPx2=0 softPx2=0 order=2 bound=1
2026.09.30-16.21.16 TAG fighter=f-1-hero bbox=(909,646,1011,668) mode=compact look=P2 placement=below ring=0 hardPx2=0 softPx2=0 order=4 bound=1
2026.09.30-16.21.16 TAG fighter=f-1-sk0 bbox=(1080,507,1164,529) mode=compact look=P2 placement=above ring=0 hardPx2=0 softPx2=0 order=5 bound=1
2026.09.30-16.21.16 SNAPSHOT applied seq=10 phase=ACTION_MANEUVER
2026.09.30-16.21.16 HANDLE_APPLIED #15 seq=10 decision=2 fightersValid=1 boardValid=1
2026.09.30-16.21.16 MANEUVER-DRAFT mode=maneuver:3:9
2026.09.30-16.21.16 DRAFT-OPEN draw committed (resume instead of begin)
2026.09.30-16.21.16 MODE seq=10 mode=1 combat=0 pending=0
2026.09.30-16.21.16 HUD seq=10 phase=ACTION_MANEUVER turn=you hand=8 oppHand=7(hidden) oppDeck=23 deck=22 discard=0
2026.09.30-16.21.16 ARTPREVIEW fighter=Medusa hero=1 eligible=0 visual=1 mesh=SK_Medusa_H2LD
2026.09.30-16.21.16 FIGHTERS synced n=6 alive=6 own=4 enemy=2
2026.09.30-16.21.16 MANEUVER begin seq=10 (apply) pending=maneuver:3:9
2026.09.30-16.21.16 SNAPSHOT applied seq=10 phase=ACTION_MANEUVER
2026.09.30-16.21.16 HANDLE_APPLIED #16 seq=10 decision=1 fightersValid=1 boardValid=1
2026.09.30-16.21.16 MODE seq=10 mode=1 combat=0 pending=0
2026.09.30-16.21.16 HUD seq=10 phase=ACTION_MANEUVER turn=you hand=8 oppHand=7(hidden) oppDeck=23 deck=22 discard=0
2026.09.30-16.21.16 ARTPREVIEW fighter=Medusa hero=1 eligible=0 visual=1 mesh=SK_Medusa_H2LD
2026.09.30-16.21.16 FIGHTERS synced n=6 alive=6 own=4 enemy=2
2026.09.30-16.21.16 WS seq=10 phase=ACTION_MANEUVER (merge)
2026.09.30-16.21.16 S09AUTO drive mode=1 plan=[attack] phase=ACTION_MANEUVER turn=cmukie55u0000wiao06h107t9
2026.09.30-16.21.16 S09AUTO zero-move confirm (draw only, no movement)
2026.09.30-16.21.16 MANEUVER-CONFIRM moves=0 boost=none
2026.09.30-16.21.16 game -> room=cmuobaygt00wzwircvdqcyy4s code=<redacted> status=IN_PROGRESS
2026.09.30-16.21.16 TAG fighter=f-0-hero bbox=(909,389,1011,411) mode=compact look=P1 placement=inset ring=0 hardPx2=0 softPx2=0 order=1 bound=1
2026.09.30-16.21.16 TAG fighter=f-0-sk0 bbox=(1075,385,1159,407) mode=compact look=P1 placement=above ring=0 hardPx2=0 softPx2=0 order=3 bound=1
2026.09.30-16.21.16 TAG fighter=f-0-sk1 bbox=(918,264,1002,286) mode=compact look=P1 placement=above ring=0 hardPx2=0 softPx2=0 order=0 bound=1
2026.09.30-16.21.16 TAG fighter=f-0-sk2 bbox=(761,385,845,407) mode=compact look=P1 placement=above ring=0 hardPx2=0 softPx2=0 order=2 bound=1
2026.09.30-16.21.16 TAG fighter=f-1-hero bbox=(909,646,1011,668) mode=compact look=P2 placement=below ring=0 hardPx2=0 softPx2=0 order=4 bound=1
2026.09.30-16.21.16 TAG fighter=f-1-sk0 bbox=(1080,507,1164,529) mode=compact look=P2 placement=above ring=0 hardPx2=0 softPx2=0 order=5 bound=1
2026.09.30-16.21.16 SNAPSHOT applied seq=11 phase=ACTION_MANEUVER
2026.09.30-16.21.16 HANDLE_APPLIED #17 seq=11 decision=2 fightersValid=1 boardValid=1
2026.09.30-16.21.16 closed mode=
2026.09.30-16.21.16 MODE seq=11 mode=0 combat=0 pending=0
2026.09.30-16.21.16 HUD seq=11 phase=ACTION_MANEUVER turn=you hand=8 oppHand=7(hidden) oppDeck=23 deck=22 discard=0
2026.09.30-16.21.16 ARTPREVIEW fighter=Medusa hero=1 eligible=0 visual=1 mesh=SK_Medusa_H2LD
2026.09.30-16.21.16 FIGHTERS synced n=6 alive=6 own=4 enemy=2
2026.09.30-16.21.16 MANEUVER done seq=11 (apply) fighters=6 boost=no
2026.09.30-16.21.16 SNAPSHOT applied seq=11 phase=ACTION_MANEUVER
2026.09.30-16.21.16 HANDLE_APPLIED #18 seq=11 decision=1 fightersValid=1 boardValid=1
2026.09.30-16.21.16 MODE seq=11 mode=0 combat=0 pending=0
2026.09.30-16.21.16 HUD seq=11 phase=ACTION_MANEUVER turn=you hand=8 oppHand=7(hidden) oppDeck=23 deck=22 discard=0
2026.09.30-16.21.16 ARTPREVIEW fighter=Medusa hero=1 eligible=0 visual=1 mesh=SK_Medusa_H2LD
2026.09.30-16.21.16 FIGHTERS synced n=6 alive=6 own=4 enemy=2
2026.09.30-16.21.16 WS seq=11 phase=ACTION_MANEUVER (merge)
2026.09.30-16.21.16 TAG fighter=f-0-hero bbox=(909,389,1011,411) mode=compact look=P1 placement=inset ring=0 hardPx2=0 softPx2=0 order=1 bound=1
2026.09.30-16.21.16 TAG fighter=f-0-sk0 bbox=(1075,385,1159,407) mode=compact look=P1 placement=above ring=0 hardPx2=0 softPx2=0 order=3 bound=1
2026.09.30-16.21.16 TAG fighter=f-0-sk1 bbox=(918,264,1002,286) mode=compact look=P1 placement=above ring=0 hardPx2=0 softPx2=0 order=0 bound=1
2026.09.30-16.21.16 TAG fighter=f-0-sk2 bbox=(761,385,845,407) mode=compact look=P1 placement=above ring=0 hardPx2=0 softPx2=0 order=2 bound=1
2026.09.30-16.21.16 TAG fighter=f-1-hero bbox=(909,646,1011,668) mode=compact look=P2 placement=below ring=0 hardPx2=0 softPx2=0 order=4 bound=1
2026.09.30-16.21.16 TAG fighter=f-1-sk0 bbox=(1080,507,1164,529) mode=compact look=P2 placement=above ring=0 hardPx2=0 softPx2=0 order=5 bound=1
2026.09.30-16.21.17 PERF window t=20.0-25.1 frames=147 fps=29.25 frameMs avg=34.19 p50=33.33 p95=33.33 p99=33.36 max=159.49 hitches50=1 gpuMs avg=1.89 p50=1.87 p95=2.04 gameMs avg=2.94 p95=6.72 renderMs avg=3.13 p95=3.79
2026.09.30-16.21.17 S09AUTO drive mode=0 plan=[attack] phase=ACTION_MANEUVER turn=cmukie55u0000wiao06h107t9
2026.09.30-16.21.17 S09AUTO attack deferred - no may-boost card in hand (turn#1 elapsed=25s)
2026.09.30-16.21.17 SNAPSHOT applied seq=12 phase=ACTION_MANEUVER
2026.09.30-16.21.17 HANDLE_APPLIED #19 seq=12 decision=2 fightersValid=1 boardValid=1
2026.09.30-16.21.17 MANEUVER-DRAFT mode=maneuver:3:11
2026.09.30-16.21.17 DRAFT-OPEN draw committed (resume instead of begin)
2026.09.30-16.21.17 MODE seq=12 mode=1 combat=0 pending=0
2026.09.30-16.21.17 HUD seq=12 phase=ACTION_MANEUVER turn=you hand=9 oppHand=7(hidden) oppDeck=23 deck=21 discard=0
2026.09.30-16.21.17 ARTPREVIEW fighter=Medusa hero=1 eligible=0 visual=1 mesh=SK_Medusa_H2LD
2026.09.30-16.21.17 FIGHTERS synced n=6 alive=6 own=4 enemy=2
2026.09.30-16.21.17 MANEUVER begin seq=12 (apply) pending=maneuver:3:11
2026.09.30-16.21.17 SNAPSHOT applied seq=12 phase=ACTION_MANEUVER
2026.09.30-16.21.17 HANDLE_APPLIED #20 seq=12 decision=1 fightersValid=1 boardValid=1
2026.09.30-16.21.17 MODE seq=12 mode=1 combat=0 pending=0
2026.09.30-16.21.17 HUD seq=12 phase=ACTION_MANEUVER turn=you hand=9 oppHand=7(hidden) oppDeck=23 deck=21 discard=0
2026.09.30-16.21.17 ARTPREVIEW fighter=Medusa hero=1 eligible=0 visual=1 mesh=SK_Medusa_H2LD
2026.09.30-16.21.17 FIGHTERS synced n=6 alive=6 own=4 enemy=2
2026.09.30-16.21.17 WS seq=12 phase=ACTION_MANEUVER (merge)
2026.09.30-16.21.17 S09AUTO drive mode=1 plan=[attack] phase=ACTION_MANEUVER turn=cmukie55u0000wiao06h107t9
2026.09.30-16.21.17 S09AUTO approach: no improving legal step
2026.09.30-16.21.17 MANEUVER-CONFIRM moves=0 boost=none
2026.09.30-16.21.17 PLATE fighter=f-0-hero bbox=(1016,638,1188,692) overlapReachable=0 placement=below ring=15 gap=126 selection=f-0-hero destinations=13 clean=0 softPx2=0 tested=18295 bound=0
2026.09.30-16.21.17 TAG fighter=f-0-hero bbox=(909,389,1011,411) mode=compact look=P1 placement=inset ring=0 hardPx2=0 softPx2=0 order=1 bound=1
2026.09.30-16.21.17 TAG fighter=f-0-sk0 bbox=(1075,385,1159,407) mode=compact look=P1 placement=above ring=0 hardPx2=0 softPx2=0 order=3 bound=1
2026.09.30-16.21.17 TAG fighter=f-0-sk1 bbox=(918,264,1002,286) mode=compact look=P1 placement=above ring=0 hardPx2=0 softPx2=0 order=0 bound=1
2026.09.30-16.21.17 TAG fighter=f-0-sk2 bbox=(761,385,845,407) mode=compact look=P1 placement=above ring=0 hardPx2=0 softPx2=0 order=2 bound=1
2026.09.30-16.21.17 TAG fighter=f-1-hero bbox=(909,646,1011,668) mode=compact look=P2 placement=below ring=0 hardPx2=0 softPx2=0 order=4 bound=1
2026.09.30-16.21.17 TAG fighter=f-1-sk0 bbox=(1080,507,1164,529) mode=compact look=P2 placement=above ring=0 hardPx2=0 softPx2=0 order=5 bound=1
2026.09.30-16.21.17 TAG fighter=f-0-hero bbox=(909,389,1011,411) mode=compact look=P1 placement=inset ring=0 hardPx2=0 softPx2=0 order=1 bound=1
2026.09.30-16.21.17 TAG fighter=f-0-sk0 bbox=(1075,385,1159,407) mode=compact look=P1 placement=above ring=0 hardPx2=0 softPx2=0 order=3 bound=1
2026.09.30-16.21.17 TAG fighter=f-0-sk1 bbox=(918,264,1002,286) mode=compact look=P1 placement=above ring=0 hardPx2=0 softPx2=0 order=0 bound=1
2026.09.30-16.21.17 TAG fighter=f-0-sk2 bbox=(761,385,845,407) mode=compact look=P1 placement=above ring=0 hardPx2=0 softPx2=0 order=2 bound=1
2026.09.30-16.21.17 TAG fighter=f-1-hero bbox=(909,646,1011,668) mode=compact look=P2 placement=below ring=0 hardPx2=0 softPx2=0 order=4 bound=1
2026.09.30-16.21.17 TAG fighter=f-1-sk0 bbox=(1080,507,1164,529) mode=compact look=P2 placement=above ring=0 hardPx2=0 softPx2=0 order=5 bound=1
2026.09.30-16.21.17 SNAPSHOT applied seq=13 phase=TURN_END
2026.09.30-16.21.17 HANDLE_APPLIED #21 seq=13 decision=2 fightersValid=1 boardValid=1
2026.09.30-16.21.17 DISCARD-DRAFT count=2 pending=discard:3:13
2026.09.30-16.21.17 MODE seq=13 mode=2 combat=0 pending=0
2026.09.30-16.21.17 HUD seq=13 phase=TURN_END turn=you hand=9 oppHand=7(hidden) oppDeck=23 deck=21 discard=0 pendingDiscard=2
2026.09.30-16.21.17 ARTPREVIEW fighter=Medusa hero=1 eligible=0 visual=1 mesh=SK_Medusa_H2LD
2026.09.30-16.21.17 FIGHTERS synced n=6 alive=6 own=4 enemy=2
2026.09.30-16.21.17 MANEUVER done seq=13 (apply) fighters=6 boost=no
2026.09.30-16.21.17 SNAPSHOT applied seq=13 phase=TURN_END
2026.09.30-16.21.17 HANDLE_APPLIED #22 seq=13 decision=1 fightersValid=1 boardValid=1
2026.09.30-16.21.17 MODE seq=13 mode=2 combat=0 pending=0
2026.09.30-16.21.17 HUD seq=13 phase=TURN_END turn=you hand=9 oppHand=7(hidden) oppDeck=23 deck=21 discard=0 pendingDiscard=2
2026.09.30-16.21.17 ARTPREVIEW fighter=Medusa hero=1 eligible=0 visual=1 mesh=SK_Medusa_H2LD
2026.09.30-16.21.17 FIGHTERS synced n=6 alive=6 own=4 enemy=2
2026.09.30-16.21.17 WS seq=13 phase=TURN_END (merge)
2026.09.30-16.21.17 PLATE hidden fighter=f-0-hero
2026.09.30-16.21.17 TAG fighter=f-0-hero bbox=(909,389,1011,411) mode=compact look=P1 placement=inset ring=0 hardPx2=0 softPx2=0 order=1 bound=1
2026.09.30-16.21.17 TAG fighter=f-0-sk0 bbox=(1075,385,1159,407) mode=compact look=P1 placement=above ring=0 hardPx2=0 softPx2=0 order=3 bound=1
2026.09.30-16.21.17 TAG fighter=f-0-sk1 bbox=(918,264,1002,286) mode=compact look=P1 placement=above ring=0 hardPx2=0 softPx2=0 order=0 bound=1
2026.09.30-16.21.17 TAG fighter=f-0-sk2 bbox=(761,385,845,407) mode=compact look=P1 placement=above ring=0 hardPx2=0 softPx2=0 order=2 bound=1
2026.09.30-16.21.17 TAG fighter=f-1-hero bbox=(909,646,1011,668) mode=compact look=P2 placement=below ring=0 hardPx2=0 softPx2=0 order=4 bound=1
2026.09.30-16.21.17 TAG fighter=f-1-sk0 bbox=(1080,507,1164,529) mode=compact look=P2 placement=above ring=0 hardPx2=0 softPx2=0 order=5 bound=1
2026.09.30-16.21.17 TAG fighter=f-0-hero bbox=(909,389,1011,411) mode=compact look=P1 placement=inset ring=0 hardPx2=0 softPx2=0 order=1 bound=1
2026.09.30-16.21.17 TAG fighter=f-0-sk0 bbox=(1075,385,1159,407) mode=compact look=P1 placement=above ring=0 hardPx2=0 softPx2=0 order=3 bound=1
2026.09.30-16.21.17 TAG fighter=f-0-sk1 bbox=(918,264,1002,286) mode=compact look=P1 placement=above ring=0 hardPx2=0 softPx2=0 order=0 bound=1
2026.09.30-16.21.17 TAG fighter=f-0-sk2 bbox=(761,385,845,407) mode=compact look=P1 placement=above ring=0 hardPx2=0 softPx2=0 order=2 bound=1
2026.09.30-16.21.17 TAG fighter=f-1-hero bbox=(909,646,1011,668) mode=compact look=P2 placement=below ring=0 hardPx2=0 softPx2=0 order=4 bound=1
2026.09.30-16.21.17 TAG fighter=f-1-sk0 bbox=(1080,507,1164,529) mode=compact look=P2 placement=above ring=0 hardPx2=0 softPx2=0 order=5 bound=1
2026.09.30-16.21.18 SHOT ctx viewport=1920x1080 viewTarget=CameraActor_2147482348 cam=(0,1107,1582) rot=(-55,-90,0)
2026.09.30-16.21.18 RENDER tag=SHOT rhi=D3D12 featureLevel=SM6 shaderPlatform=PCD3D_SM6 lumenPlatform=1 gi=lumen giMethod=1 refl=lumen reflMethod=1 shadows=csm vsmEnable=0 sg.res=100 sg.view=2 sg.aa=2 sg.shadow=2 sg.gi=2 sg.refl=2 sg.pp=2 sg.tex=2 sg.fx=2 sg.foliage=2 sg.shading=2 sg.landscape=2 preset=High screenPct=100.0 screenPctMode=0 aa=TSR aaMethod=4 exposure=fixed-histogram expMin=4.14106 expMax=4.14106 expBias=0.000 ev100=2.05 lightUnits=candelas sky=1 skyIntensity=11.200 keyShadow=csm-3000uu-2c-contact0.000 shadowCasters=1 profile=cobble-probe profilesSha256=1ecc1e9281845655acf8b31f1dcf52a7510abfc8ba8505525ad72ee8f4ce3c4c profilesSource=pak legacyRender=0 gameLayer=unlit-eyeadaptinv tMaxFPS=30.0 vsync=0 frameRateLimit=60.0 substrate=0 nanite=1 meshDF=1 viewport=1920x1080 reference=1
2026.09.30-16.21.18 SHOT fighter f-0-hero pos=(2,2) world=(0,-50,0) screen=(960,476) projected=1 alive=1
2026.09.30-16.21.18 SHOT fighter f-0-sk0 pos=(3,2) world=(100,-50,0) screen=(1115,476) projected=1 alive=1
2026.09.30-16.21.18 SHOT fighter f-0-sk1 pos=(2,1) world=(0,-150,0) screen=(960,355) projected=1 alive=1
2026.09.30-16.21.18 SHOT fighter f-0-sk2 pos=(1,2) world=(-100,-50,0) screen=(805,476) projected=1 alive=1
2026.09.30-16.21.18 SHOT fighter f-1-hero pos=(2,3) world=(0,50,0) screen=(960,606) projected=1 alive=1
2026.09.30-16.21.18 SHOT fighter f-1-sk0 pos=(3,3) world=(100,50,0) screen=(1120,606) projected=1 alive=1
2026.09.30-16.21.18 SHOT camera dist=1930.8 target=1930.8 overview=1930.8 errPct=0.000 focusErr=0.00 settled=1 zoom=1.00
2026.09.30-16.21.18 SHOT head fighter=f-0-hero socket=Head mesh=SK_Medusa_H2LD world=(0.4,-48.8,47.1) screen=(960.7,433.9) top=(960.7,428.1) bottom=(960.7,439.6) headPx=11.5 projected=1
2026.09.30-16.21.18 SHOT head fighter=f-0-sk0 socket=Head mesh=SK_Harpy_H3LD world=(99.3,-44.7,34.0) screen=(1116.8,451.4) top=(1117.2,445.8) bottom=(1116.4,457.1) headPx=11.3 projected=1
2026.09.30-16.21.18 SHOT head fighter=f-0-sk1 socket=Head mesh=SK_Harpy_H3LD world=(-0.1,-144.7,33.9) screen=(959.8,328.4) top=(959.8,322.6) bottom=(959.8,334.2) headPx=11.6 projected=1
2026.09.30-16.21.18 SHOT head fighter=f-0-sk2 socket=Head mesh=SK_Harpy_H3LD world=(-100.0,-44.8,34.2) screen=(802.0,451.0) top=(801.6,445.4) bottom=(802.4,456.7) headPx=11.3 projected=1
2026.09.30-16.21.18 SHOT head fighter=f-1-hero socket=Head mesh=SK_KingArthur_H2LD world=(-0.6,49.3,50.1) screen=(959.1,559.1) top=(959.1,553.5) bottom=(959.1,564.6) headPx=11.2 projected=1
2026.09.30-16.21.18 SHOT head fighter=f-1-sk0 socket=Head mesh=SK_Merlin_H2LD world=(100.3,46.7,36.4) screen=(1122.9,568.2) top=(1123.3,562.7) bottom=(1122.4,573.7) headPx=11.1 projected=1
2026.09.30-16.21.18 SHOT figure fighter=f-0-hero bbox=(914,389,1006,512) ringR=28.50 art=1 blockout=0 team=P1 look=P1 ring=1
2026.09.30-16.21.18 SHOT figure fighter=f-0-sk0 bbox=(1080,409,1155,504) ringR=22.23 art=1 blockout=0 team=P1 look=P1 ring=1
2026.09.30-16.21.18 SHOT figure fighter=f-0-sk1 bbox=(926,288,994,381) ringR=22.23 art=1 blockout=0 team=P1 look=P1 ring=1
2026.09.30-16.21.18 SHOT figure fighter=f-0-sk2 bbox=(765,409,840,504) ringR=22.23 art=1 blockout=0 team=P1 look=P1 ring=1
2026.09.30-16.21.18 SHOT figure fighter=f-1-hero bbox=(913,513,1007,644) ringR=28.50 art=1 blockout=0 team=P2 look=P2 ring=1
2026.09.30-16.21.18 SHOT figure fighter=f-1-sk0 bbox=(1084,531,1161,635) ringR=22.23 art=1 blockout=0 team=P2 look=P2 ring=1
2026.09.30-16.21.18 SHOT request file=s09-discard-open.png frame=787
2026.09.30-16.21.18 SHOT requested: FScreenshotRequest(bShowUI) -> C:\Users\ren\AppData\Local\Temp\s09-combat-20260930-212050-4920\host/s09-discard-open.png
2026.09.30-16.21.19 SHOT captured file=s09-discard-open.png frame=787 px=1920x1080 sha256=6b2a787bc42d0bfe2c02f405d0fe09eec4d66952f950765fc0f49cf8fb0d1f5c order=BGRA saved=1
2026.09.30-16.21.19 SHOT late begin file=s09-discard-open.png frame=787 requestFrame=787
2026.09.30-16.21.19 SHOT iconstate visible=0 lastFighter=none frame=787
2026.09.30-16.21.19 SHOT widget id=board.tag impl=umg state=compact fighter=f-0-hero bbox=(909,389,1011,411) geom=painted visible=1 twin=0 source=/Game/S08/UI/ArtHud/WBP_S08ArtTag mode=compact look=P1 shape=circle placement=inset ring=0 order=1 bound=1 softPx2=0 planned=(909,389,1011,411) frame=787
2026.09.30-16.21.19 SHOT widget id=board.tag.hp impl=umg state=compact fighter=f-0-hero bbox=(965,391,1007,409) geom=painted visible=1 twin=0 source=/Game/S08/UI/ArtHud/WBP_S08ArtTag mode=compact look=P1 shape=circle placement=inset ring=0 order=1 bound=1 softPx2=0 planned=(909,389,1011,411) frame=787 font=11
2026.09.30-16.21.19 SHOT widget id=board.tag.bar impl=umg state=compact fighter=f-0-hero bbox=(928,398,962,403) geom=painted visible=1 twin=0 source=/Game/S08/UI/ArtHud/WBP_S08ArtTag mode=compact look=P1 shape=circle placement=inset ring=0 order=1 bound=1 softPx2=0 planned=(909,389,1011,411) frame=787
2026.09.30-16.21.19 SHOT widget id=board.tag.chip impl=umg state=compact fighter=f-0-hero bbox=(913,394,925,406) geom=painted visible=1 twin=0 source=/Game/S08/UI/ArtHud/WBP_S08ArtTag mode=compact look=P1 shape=circle placement=inset ring=0 order=1 bound=1 softPx2=0 planned=(909,389,1011,411) frame=787
2026.09.30-16.21.19 SHOT widget id=board.tag impl=umg state=compact fighter=f-0-sk0 bbox=(1075,385,1159,407) geom=painted visible=1 twin=0 source=/Game/S08/UI/ArtHud/WBP_S08ArtTag mode=compact look=P1 shape=circle placement=above ring=0 order=3 bound=1 softPx2=0 planned=(1075,385,1159,407) frame=787
2026.09.30-16.21.19 SHOT widget id=board.tag.hp impl=umg state=compact fighter=f-0-sk0 bbox=(1131,387,1155,405) geom=painted visible=1 twin=0 source=/Game/S08/UI/ArtHud/WBP_S08ArtTag mode=compact look=P1 shape=circle placement=above ring=0 order=3 bound=1 softPx2=0 planned=(1075,385,1159,407) frame=787 font=11
2026.09.30-16.21.19 SHOT widget id=board.tag.bar impl=umg state=compact fighter=f-0-sk0 bbox=(1094,394,1128,399) geom=painted visible=1 twin=0 source=/Game/S08/UI/ArtHud/WBP_S08ArtTag mode=compact look=P1 shape=circle placement=above ring=0 order=3 bound=1 softPx2=0 planned=(1075,385,1159,407) frame=787
2026.09.30-16.21.19 SHOT widget id=board.tag.chip impl=umg state=compact fighter=f-0-sk0 bbox=(1079,390,1091,402) geom=painted visible=1 twin=0 source=/Game/S08/UI/ArtHud/WBP_S08ArtTag mode=compact look=P1 shape=circle placement=above ring=0 order=3 bound=1 softPx2=0 planned=(1075,385,1159,407) frame=787
2026.09.30-16.21.19 SHOT widget id=board.tag impl=umg state=compact fighter=f-0-sk1 bbox=(918,264,1002,286) geom=painted visible=1 twin=0 source=/Game/S08/UI/ArtHud/WBP_S08ArtTag mode=compact look=P1 shape=circle placement=above ring=0 order=0 bound=1 softPx2=0 planned=(918,264,1002,286) frame=787
2026.09.30-16.21.19 SHOT widget id=board.tag.hp impl=umg state=compact fighter=f-0-sk1 bbox=(974,266,998,284) geom=painted visible=1 twin=0 source=/Game/S08/UI/ArtHud/WBP_S08ArtTag mode=compact look=P1 shape=circle placement=above ring=0 order=0 bound=1 softPx2=0 planned=(918,264,1002,286) frame=787 font=11
2026.09.30-16.21.19 SHOT widget id=board.tag.bar impl=umg state=compact fighter=f-0-sk1 bbox=(937,273,971,278) geom=painted visible=1 twin=0 source=/Game/S08/UI/ArtHud/WBP_S08ArtTag mode=compact look=P1 shape=circle placement=above ring=0 order=0 bound=1 softPx2=0 planned=(918,264,1002,286) frame=787
2026.09.30-16.21.19 SHOT widget id=board.tag.chip impl=umg state=compact fighter=f-0-sk1 bbox=(922,269,934,281) geom=painted visible=1 twin=0 source=/Game/S08/UI/ArtHud/WBP_S08ArtTag mode=compact look=P1 shape=circle placement=above ring=0 order=0 bound=1 softPx2=0 planned=(918,264,1002,286) frame=787
2026.09.30-16.21.19 SHOT widget id=board.tag impl=umg state=compact fighter=f-0-sk2 bbox=(761,385,845,407) geom=painted visible=1 twin=0 source=/Game/S08/UI/ArtHud/WBP_S08ArtTag mode=compact look=P1 shape=circle placement=above ring=0 order=2 bound=1 softPx2=0 planned=(761,385,845,407) frame=787
2026.09.30-16.21.19 SHOT widget id=board.tag.hp impl=umg state=compact fighter=f-0-sk2 bbox=(817,387,841,405) geom=painted visible=1 twin=0 source=/Game/S08/UI/ArtHud/WBP_S08ArtTag mode=compact look=P1 shape=circle placement=above ring=0 order=2 bound=1 softPx2=0 planned=(761,385,845,407) frame=787 font=11
2026.09.30-16.21.19 SHOT widget id=board.tag.bar impl=umg state=compact fighter=f-0-sk2 bbox=(780,394,814,399) geom=painted visible=1 twin=0 source=/Game/S08/UI/ArtHud/WBP_S08ArtTag mode=compact look=P1 shape=circle placement=above ring=0 order=2 bound=1 softPx2=0 planned=(761,385,845,407) frame=787
2026.09.30-16.21.19 SHOT widget id=board.tag.chip impl=umg state=compact fighter=f-0-sk2 bbox=(765,390,777,402) geom=painted visible=1 twin=0 source=/Game/S08/UI/ArtHud/WBP_S08ArtTag mode=compact look=P1 shape=circle placement=above ring=0 order=2 bound=1 softPx2=0 planned=(761,385,845,407) frame=787
2026.09.30-16.21.19 SHOT widget id=board.tag impl=umg state=compact fighter=f-1-hero bbox=(909,646,1011,668) geom=painted visible=1 twin=0 source=/Game/S08/UI/ArtHud/WBP_S08ArtTag mode=compact look=P2 shape=hex placement=below ring=0 order=4 bound=1 softPx2=0 planned=(909,646,1011,668) frame=787
2026.09.30-16.21.19 SHOT widget id=board.tag.hp impl=umg state=compact fighter=f-1-hero bbox=(965,648,1007,666) geom=painted visible=1 twin=0 source=/Game/S08/UI/ArtHud/WBP_S08ArtTag mode=compact look=P2 shape=hex placement=below ring=0 order=4 bound=1 softPx2=0 planned=(909,646,1011,668) frame=787 font=11
2026.09.30-16.21.19 SHOT widget id=board.tag.bar impl=umg state=compact fighter=f-1-hero bbox=(928,655,962,660) geom=painted visible=1 twin=0 source=/Game/S08/UI/ArtHud/WBP_S08ArtTag mode=compact look=P2 shape=hex placement=below ring=0 order=4 bound=1 softPx2=0 planned=(909,646,1011,668) frame=787
2026.09.30-16.21.19 SHOT widget id=board.tag.chip impl=umg state=compact fighter=f-1-hero bbox=(913,651,925,663) geom=painted visible=1 twin=0 source=/Game/S08/UI/ArtHud/WBP_S08ArtTag mode=compact look=P2 shape=hex placement=below ring=0 order=4 bound=1 softPx2=0 planned=(909,646,1011,668) frame=787
2026.09.30-16.21.19 SHOT widget id=board.tag impl=umg state=compact fighter=f-1-sk0 bbox=(1080,507,1164,529) geom=painted visible=1 twin=0 source=/Game/S08/UI/ArtHud/WBP_S08ArtTag mode=compact look=P2 shape=hex placement=above ring=0 order=5 bound=1 softPx2=0 planned=(1080,507,1164,529) frame=787
2026.09.30-16.21.19 SHOT widget id=board.tag.hp impl=umg state=compact fighter=f-1-sk0 bbox=(1136,509,1160,527) geom=painted visible=1 twin=0 source=/Game/S08/UI/ArtHud/WBP_S08ArtTag mode=compact look=P2 shape=hex placement=above ring=0 order=5 bound=1 softPx2=0 planned=(1080,507,1164,529) frame=787 font=11
2026.09.30-16.21.19 SHOT widget id=board.tag.bar impl=umg state=compact fighter=f-1-sk0 bbox=(1099,516,1133,521) geom=painted visible=1 twin=0 source=/Game/S08/UI/ArtHud/WBP_S08ArtTag mode=compact look=P2 shape=hex placement=above ring=0 order=5 bound=1 softPx2=0 planned=(1080,507,1164,529) frame=787
2026.09.30-16.21.19 SHOT widget id=board.tag.chip impl=umg state=compact fighter=f-1-sk0 bbox=(1084,512,1096,524) geom=painted visible=1 twin=0 source=/Game/S08/UI/ArtHud/WBP_S08ArtTag mode=compact look=P2 shape=hex placement=above ring=0 order=5 bound=1 softPx2=0 planned=(1080,507,1164,529) frame=787
2026.09.30-16.21.19 SHOT panel id=hud.command bbox=(0,0,507,160) geom=painted visible=1 frame=787
2026.09.30-16.21.19 SHOT panel id=hud.side bbox=(1501,0,1920,121) geom=painted visible=1 frame=787
2026.09.30-16.21.19 SHOT panel id=hud.hand bbox=(-48,985,1969,1080) geom=painted visible=1 frame=787
2026.09.30-16.21.19 SHOT late end file=s09-discard-open.png frame=787
2026.09.30-16.21.19 S09AUTO drive mode=2 plan=[attack] phase=TURN_END turn=cmukie55u0000wiao06h107t9
2026.09.30-16.21.19 S09AUTO discard picks=2
2026.09.30-16.21.19 DISCARD-CONFIRM pending=discard:3:13 count=2 ids=cmuhgvgkj00suwi9g4v5uc11k::1,cmuhgvgkm00t2wi9g8f2u2dmx::1
2026.09.30-16.21.19 TAG fighter=f-0-hero bbox=(909,389,1011,411) mode=compact look=P1 placement=inset ring=0 hardPx2=0 softPx2=0 order=1 bound=1
2026.09.30-16.21.19 TAG fighter=f-0-sk0 bbox=(1075,385,1159,407) mode=compact look=P1 placement=above ring=0 hardPx2=0 softPx2=0 order=3 bound=1
2026.09.30-16.21.19 TAG fighter=f-0-sk1 bbox=(918,264,1002,286) mode=compact look=P1 placement=above ring=0 hardPx2=0 softPx2=0 order=0 bound=1
2026.09.30-16.21.19 TAG fighter=f-0-sk2 bbox=(761,385,845,407) mode=compact look=P1 placement=above ring=0 hardPx2=0 softPx2=0 order=2 bound=1
2026.09.30-16.21.19 TAG fighter=f-1-hero bbox=(909,646,1011,668) mode=compact look=P2 placement=below ring=0 hardPx2=0 softPx2=0 order=4 bound=1
2026.09.30-16.21.19 TAG fighter=f-1-sk0 bbox=(1080,507,1164,529) mode=compact look=P2 placement=above ring=0 hardPx2=0 softPx2=0 order=5 bound=1
2026.09.30-16.21.19 SNAPSHOT applied seq=14 phase=ACTION_MANEUVER
2026.09.30-16.21.19 HANDLE_APPLIED #23 seq=14 decision=2 fightersValid=1 boardValid=1
2026.09.30-16.21.19 closed mode=
2026.09.30-16.21.19 MODE seq=14 mode=0 combat=0 pending=0
2026.09.30-16.21.19 HUD seq=14 phase=ACTION_MANEUVER turn=opp hand=7 oppHand=7(hidden) oppDeck=23 deck=21 discard=2
2026.09.30-16.21.19 ARTPREVIEW fighter=Medusa hero=1 eligible=0 visual=1 mesh=SK_Medusa_H2LD
2026.09.30-16.21.19 FIGHTERS synced n=6 alive=6 own=4 enemy=2
2026.09.30-16.21.19 DISCARD done seq=14 phase=ACTION_MANEUVER count=2
2026.09.30-16.21.19 SNAPSHOT applied seq=14 phase=ACTION_MANEUVER
2026.09.30-16.21.19 HANDLE_APPLIED #24 seq=14 decision=1 fightersValid=1 boardValid=1
2026.09.30-16.21.19 MODE seq=14 mode=0 combat=0 pending=0
2026.09.30-16.21.19 HUD seq=14 phase=ACTION_MANEUVER turn=opp hand=7 oppHand=7(hidden) oppDeck=23 deck=21 discard=2
2026.09.30-16.21.19 ARTPREVIEW fighter=Medusa hero=1 eligible=0 visual=1 mesh=SK_Medusa_H2LD
2026.09.30-16.21.19 FIGHTERS synced n=6 alive=6 own=4 enemy=2
2026.09.30-16.21.19 WS seq=14 phase=ACTION_MANEUVER (merge)
2026.09.30-16.21.19 TAG fighter=f-0-hero bbox=(909,389,1011,411) mode=compact look=P1 placement=inset ring=0 hardPx2=0 softPx2=0 order=1 bound=1
2026.09.30-16.21.19 TAG fighter=f-0-sk0 bbox=(1075,385,1159,407) mode=compact look=P1 placement=above ring=0 hardPx2=0 softPx2=0 order=3 bound=1
2026.09.30-16.21.19 TAG fighter=f-0-sk1 bbox=(918,264,1002,286) mode=compact look=P1 placement=above ring=0 hardPx2=0 softPx2=0 order=0 bound=1
2026.09.30-16.21.19 TAG fighter=f-0-sk2 bbox=(761,385,845,407) mode=compact look=P1 placement=above ring=0 hardPx2=0 softPx2=0 order=2 bound=1
2026.09.30-16.21.19 TAG fighter=f-1-hero bbox=(909,646,1011,668) mode=compact look=P2 placement=below ring=0 hardPx2=0 softPx2=0 order=4 bound=1
2026.09.30-16.21.19 TAG fighter=f-1-sk0 bbox=(1080,507,1164,529) mode=compact look=P2 placement=above ring=0 hardPx2=0 softPx2=0 order=5 bound=1
2026.09.30-16.21.19 SNAPSHOT applied seq=15 phase=ACTION_MANEUVER
2026.09.30-16.21.19 HANDLE_APPLIED #25 seq=15 decision=2 fightersValid=1 boardValid=1
2026.09.30-16.21.19 MODE seq=15 mode=0 combat=0 pending=0
2026.09.30-16.21.19 HUD seq=15 phase=ACTION_MANEUVER turn=opp hand=7 oppHand=8(hidden) oppDeck=23~ deck=21~ discard=2
2026.09.30-16.21.19 ARTPREVIEW fighter=Medusa hero=1 eligible=0 visual=1 mesh=SK_Medusa_H2LD
2026.09.30-16.21.19 FIGHTERS synced n=6 alive=6 own=4 enemy=2
2026.09.30-16.21.19 WS seq=15 phase=ACTION_MANEUVER (apply)
2026.09.30-16.21.19 SNAPSHOT applied seq=16 phase=ACTION_MANEUVER
2026.09.30-16.21.19 HANDLE_APPLIED #26 seq=16 decision=2 fightersValid=1 boardValid=1
2026.09.30-16.21.19 MODE seq=16 mode=0 combat=0 pending=0
2026.09.30-16.21.19 HUD seq=16 phase=ACTION_MANEUVER turn=opp hand=7 oppHand=8(hidden) oppDeck=23~ deck=21~ discard=2
2026.09.30-16.21.19 ARTPREVIEW fighter=Medusa hero=1 eligible=0 visual=1 mesh=SK_Medusa_H2LD
2026.09.30-16.21.19 FIGHTERS synced n=6 alive=6 own=4 enemy=2
2026.09.30-16.21.19 WS seq=16 phase=ACTION_MANEUVER (apply)
2026.09.30-16.21.19 game -> room=cmuobaygt00wzwircvdqcyy4s code=<redacted> status=IN_PROGRESS
2026.09.30-16.21.20 S09AUTO drive mode=0 plan=[attack] phase=ACTION_MANEUVER turn=cmukie57j0001wiaofr67k2vd
2026.09.30-16.21.20 SNAPSHOT applied seq=17 phase=ACTION_MANEUVER
2026.09.30-16.21.20 HANDLE_APPLIED #27 seq=17 decision=2 fightersValid=1 boardValid=1
2026.09.30-16.21.20 MODE seq=17 mode=0 combat=0 pending=0
2026.09.30-16.21.20 HUD seq=17 phase=ACTION_MANEUVER turn=opp hand=7 oppHand=9(hidden) oppDeck=23~ deck=21~ discard=2
2026.09.30-16.21.20 ARTPREVIEW fighter=Medusa hero=1 eligible=0 visual=1 mesh=SK_Medusa_H2LD
2026.09.30-16.21.20 FIGHTERS synced n=6 alive=6 own=4 enemy=2
2026.09.30-16.21.20 WS seq=17 phase=ACTION_MANEUVER (apply)
2026.09.30-16.21.20 SNAPSHOT applied seq=18 phase=TURN_END
2026.09.30-16.21.20 HANDLE_APPLIED #28 seq=18 decision=2 fightersValid=1 boardValid=1
2026.09.30-16.21.20 MODE seq=18 mode=0 combat=0 pending=0
2026.09.30-16.21.20 HUD seq=18 phase=TURN_END turn=opp hand=7 oppHand=9(hidden) oppDeck=23~ deck=21~ discard=2 pendingDiscard=2
2026.09.30-16.21.20 ARTPREVIEW fighter=Medusa hero=1 eligible=0 visual=1 mesh=SK_Medusa_H2LD
2026.09.30-16.21.20 FIGHTERS synced n=6 alive=6 own=4 enemy=2
2026.09.30-16.21.20 CUE move f-1-hero (2,3)->(1,3) seq=18
2026.09.30-16.21.20 WS seq=18 phase=TURN_END (apply)
2026.09.30-16.21.20 TAG fighter=f-0-hero bbox=(909,514,1011,536) mode=compact look=P1 placement=below ring=0 hardPx2=0 softPx2=0 order=1 bound=1
2026.09.30-16.21.20 TAG fighter=f-0-sk0 bbox=(1075,385,1159,407) mode=compact look=P1 placement=above ring=0 hardPx2=0 softPx2=0 order=3 bound=1
2026.09.30-16.21.20 TAG fighter=f-0-sk1 bbox=(918,264,1002,286) mode=compact look=P1 placement=above ring=0 hardPx2=0 softPx2=0 order=0 bound=1
2026.09.30-16.21.20 TAG fighter=f-0-sk2 bbox=(761,385,845,407) mode=compact look=P1 placement=above ring=0 hardPx2=0 softPx2=0 order=2 bound=1
2026.09.30-16.21.20 TAG fighter=f-1-hero bbox=(643,513,745,535) mode=compact look=P2 placement=left ring=0 hardPx2=0 softPx2=0 order=4 bound=1
2026.09.30-16.21.20 TAG fighter=f-1-sk0 bbox=(1080,507,1164,529) mode=compact look=P2 placement=above ring=0 hardPx2=0 softPx2=0 order=5 bound=1
2026.09.30-16.21.20 TAG fighter=f-0-hero bbox=(909,514,1011,536) mode=compact look=P1 placement=below ring=0 hardPx2=0 softPx2=0 order=1 bound=1
2026.09.30-16.21.20 TAG fighter=f-0-sk0 bbox=(1075,385,1159,407) mode=compact look=P1 placement=above ring=0 hardPx2=0 softPx2=0 order=3 bound=1
2026.09.30-16.21.20 TAG fighter=f-0-sk1 bbox=(918,264,1002,286) mode=compact look=P1 placement=above ring=0 hardPx2=0 softPx2=0 order=0 bound=1
2026.09.30-16.21.20 TAG fighter=f-0-sk2 bbox=(761,385,845,407) mode=compact look=P1 placement=above ring=0 hardPx2=0 softPx2=0 order=2 bound=1
2026.09.30-16.21.20 TAG fighter=f-1-hero bbox=(643,513,745,535) mode=compact look=P2 placement=left ring=0 hardPx2=0 softPx2=0 order=4 bound=1
2026.09.30-16.21.20 TAG fighter=f-1-sk0 bbox=(1080,507,1164,529) mode=compact look=P2 placement=above ring=0 hardPx2=0 softPx2=0 order=5 bound=1
2026.09.30-16.21.22 SNAPSHOT applied seq=19 phase=ACTION_MANEUVER
2026.09.30-16.21.22 HANDLE_APPLIED #29 seq=19 decision=2 fightersValid=1 boardValid=1
2026.09.30-16.21.22 MODE seq=19 mode=0 combat=0 pending=0
2026.09.30-16.21.22 HUD seq=19 phase=ACTION_MANEUVER turn=you hand=7 oppHand=7(hidden) oppDeck=23~ deck=21~ discard=2
2026.09.30-16.21.22 ARTPREVIEW fighter=Medusa hero=1 eligible=0 visual=1 mesh=SK_Medusa_H2LD
2026.09.30-16.21.22 FIGHTERS synced n=6 alive=6 own=4 enemy=2
2026.09.30-16.21.22 WS seq=19 phase=ACTION_MANEUVER (apply)
2026.09.30-16.21.22 S09AUTO own turn #2 (turnCount=5)
2026.09.30-16.21.22 S09AUTO attack deferred - no may-boost card in hand (turn#2 elapsed=30s)
2026.09.30-16.21.22 TAG fighter=f-0-hero bbox=(909,514,1011,536) mode=compact look=P1 placement=below ring=0 hardPx2=0 softPx2=0 order=1 bound=1
2026.09.30-16.21.22 TAG fighter=f-0-sk0 bbox=(1075,385,1159,407) mode=compact look=P1 placement=above ring=0 hardPx2=0 softPx2=0 order=3 bound=1
2026.09.30-16.21.22 TAG fighter=f-0-sk1 bbox=(918,264,1002,286) mode=compact look=P1 placement=above ring=0 hardPx2=0 softPx2=0 order=0 bound=1
2026.09.30-16.21.22 TAG fighter=f-0-sk2 bbox=(761,385,845,407) mode=compact look=P1 placement=above ring=0 hardPx2=0 softPx2=0 order=2 bound=1
2026.09.30-16.21.22 TAG fighter=f-1-hero bbox=(643,513,745,535) mode=compact look=P2 placement=left ring=0 hardPx2=0 softPx2=0 order=4 bound=1
2026.09.30-16.21.22 TAG fighter=f-1-sk0 bbox=(1080,507,1164,529) mode=compact look=P2 placement=above ring=0 hardPx2=0 softPx2=0 order=5 bound=1
2026.09.30-16.21.22 SNAPSHOT applied seq=20 phase=ACTION_MANEUVER
2026.09.30-16.21.22 HANDLE_APPLIED #30 seq=20 decision=2 fightersValid=1 boardValid=1
2026.09.30-16.21.22 MANEUVER-DRAFT mode=maneuver:5:19
2026.09.30-16.21.22 DRAFT-OPEN draw committed (resume instead of begin)
2026.09.30-16.21.22 MODE seq=20 mode=1 combat=0 pending=0
2026.09.30-16.21.22 HUD seq=20 phase=ACTION_MANEUVER turn=you hand=8 oppHand=7(hidden) oppDeck=21 deck=20 discard=2
2026.09.30-16.21.22 ARTPREVIEW fighter=Medusa hero=1 eligible=0 visual=1 mesh=SK_Medusa_H2LD
2026.09.30-16.21.22 FIGHTERS synced n=6 alive=6 own=4 enemy=2
2026.09.30-16.21.22 MANEUVER begin seq=20 (apply) pending=maneuver:5:19
2026.09.30-16.21.22 SNAPSHOT applied seq=20 phase=ACTION_MANEUVER
2026.09.30-16.21.22 HANDLE_APPLIED #31 seq=20 decision=1 fightersValid=1 boardValid=1
2026.09.30-16.21.22 MODE seq=20 mode=1 combat=0 pending=0
2026.09.30-16.21.22 HUD seq=20 phase=ACTION_MANEUVER turn=you hand=8 oppHand=7(hidden) oppDeck=21 deck=20 discard=2
2026.09.30-16.21.22 ARTPREVIEW fighter=Medusa hero=1 eligible=0 visual=1 mesh=SK_Medusa_H2LD
2026.09.30-16.21.22 FIGHTERS synced n=6 alive=6 own=4 enemy=2
2026.09.30-16.21.22 WS seq=20 phase=ACTION_MANEUVER (merge)
2026.09.30-16.21.22 S09AUTO drive mode=1 plan=[attack] phase=ACTION_MANEUVER turn=cmukie55u0000wiao06h107t9
2026.09.30-16.21.22 S09AUTO approach fighter=f-0-hero from=(2,2) to=(2,3) steps=1 allowance=3 enemyDist=2->1
2026.09.30-16.21.22 S09AUTO multi-fighter moves=2
2026.09.30-16.21.22 MANEUVER-CONFIRM moves=2 boost=none
2026.09.30-16.21.22 HUD plate content fighter=f-0-sk0 name=Harpies 1 hp=1/1 team=own statuses=SIDEKICK  |  MELEE teamSlot=P1 look=P1 shape=circle chip=#DAC576
2026.09.30-16.21.22 PLATE fighter=f-0-sk0 bbox=(1337,245,1509,299) overlapReachable=0 placement=right ring=22 gap=213 selection=f-0-sk0 destinations=12 clean=1 softPx2=0 tested=4508 bound=1
2026.09.30-16.21.22 TAG fighter=f-0-hero bbox=(909,514,1011,536) mode=compact look=P1 placement=below ring=0 hardPx2=0 softPx2=0 order=1 bound=1
2026.09.30-16.21.22 TAG fighter=f-0-sk1 bbox=(918,264,1002,286) mode=compact look=P1 placement=above ring=0 hardPx2=0 softPx2=0 order=0 bound=1
2026.09.30-16.21.22 TAG fighter=f-0-sk2 bbox=(761,385,845,407) mode=compact look=P1 placement=above ring=0 hardPx2=0 softPx2=0 order=2 bound=1
2026.09.30-16.21.22 TAG fighter=f-1-hero bbox=(643,513,745,535) mode=compact look=P2 placement=left ring=0 hardPx2=0 softPx2=0 order=3 bound=1
2026.09.30-16.21.22 TAG fighter=f-1-sk0 bbox=(1080,507,1164,529) mode=compact look=P2 placement=above ring=0 hardPx2=0 softPx2=0 order=4 bound=1
2026.09.30-16.21.22 TAG fighter=f-0-hero bbox=(909,514,1011,536) mode=compact look=P1 placement=below ring=0 hardPx2=0 softPx2=0 order=1 bound=1
2026.09.30-16.21.22 TAG fighter=f-0-sk1 bbox=(918,264,1002,286) mode=compact look=P1 placement=above ring=0 hardPx2=0 softPx2=0 order=0 bound=1
2026.09.30-16.21.22 TAG fighter=f-0-sk2 bbox=(761,385,845,407) mode=compact look=P1 placement=above ring=0 hardPx2=0 softPx2=0 order=2 bound=1
2026.09.30-16.21.22 TAG fighter=f-1-hero bbox=(643,513,745,535) mode=compact look=P2 placement=left ring=0 hardPx2=0 softPx2=0 order=3 bound=1
2026.09.30-16.21.22 TAG fighter=f-1-sk0 bbox=(1080,507,1164,529) mode=compact look=P2 placement=above ring=0 hardPx2=0 softPx2=0 order=4 bound=1
2026.09.30-16.21.22 SNAPSHOT applied seq=21 phase=ACTION_MANEUVER
2026.09.30-16.21.22 HANDLE_APPLIED #32 seq=21 decision=2 fightersValid=1 boardValid=1
2026.09.30-16.21.22 closed mode=
2026.09.30-16.21.22 MODE seq=21 mode=0 combat=0 pending=0
2026.09.30-16.21.22 HUD seq=21 phase=ACTION_MANEUVER turn=you hand=8 oppHand=7(hidden) oppDeck=21 deck=20 discard=2
2026.09.30-16.21.22 ARTPREVIEW heroesV2 fighter=f-0-hero mesh=/Game/PipelineCandidates/Medusa/H2LD/Meshes/SK_Medusa_H2LD mi=/Game/PipelineCandidates/Medusa/H2LD/Materials/MI_Medusa_H2LD_P1 yaw=270.0 scale=0.9998 name=Medusa hero=1 look=P1 base=/Game/PipelineCandidates/Medusa/H2LD/Meshes/SM_Medusa_H2LD_Base baseMi=/Game/PipelineCandidates/Medusa/H2LD/Materials/MI_Medusa_H2LD_Base_P1 skeleton=/Game/PipelineCandidates/Medusa/Rig/SK_Medusa_Skeleton.SK_Medusa_Skeleton clips=4/4 boundsTop=55.00 figureTop=55.00 budget=55.0
2026.09.30-16.21.22 ARTPREVIEW fighter=Medusa hero=1 eligible=0 visual=1 mesh=SK_Medusa_H2LD
2026.09.30-16.21.22 FIGHTERS synced n=6 alive=6 own=4 enemy=2
2026.09.30-16.21.22 CUE move f-0-hero (2,2)->(2,3) seq=21
2026.09.30-16.21.22 CUE move f-0-sk0 (3,2)->(4,2) seq=21
2026.09.30-16.21.22 MANEUVER done seq=21 (apply) fighters=6 boost=no
2026.09.30-16.21.22 SNAPSHOT applied seq=21 phase=ACTION_MANEUVER
2026.09.30-16.21.22 HANDLE_APPLIED #33 seq=21 decision=1 fightersValid=1 boardValid=1
2026.09.30-16.21.22 MODE seq=21 mode=0 combat=0 pending=0
2026.09.30-16.21.22 HUD seq=21 phase=ACTION_MANEUVER turn=you hand=8 oppHand=7(hidden) oppDeck=21 deck=20 discard=2
2026.09.30-16.21.22 ARTPREVIEW fighter=Medusa hero=1 eligible=0 visual=1 mesh=SK_Medusa_H2LD
2026.09.30-16.21.22 FIGHTERS synced n=6 alive=6 own=4 enemy=2
2026.09.30-16.21.22 WS seq=21 phase=ACTION_MANEUVER (merge)
2026.09.30-16.21.22 PLATE hidden fighter=f-0-sk0
2026.09.30-16.21.22 TAG fighter=f-0-hero bbox=(909,493,1011,515) mode=compact look=P1 placement=above ring=0 hardPx2=0 softPx2=0 order=4 bound=1
2026.09.30-16.21.22 TAG fighter=f-0-sk0 bbox=(1232,385,1316,407) mode=compact look=P1 placement=above ring=0 hardPx2=0 softPx2=0 order=2 bound=1
2026.09.30-16.21.22 TAG fighter=f-0-sk1 bbox=(918,264,1002,286) mode=compact look=P1 placement=above ring=0 hardPx2=0 softPx2=0 order=0 bound=1
2026.09.30-16.21.22 TAG fighter=f-0-sk2 bbox=(761,385,845,407) mode=compact look=P1 placement=above ring=0 hardPx2=0 softPx2=0 order=1 bound=1
2026.09.30-16.21.22 TAG fighter=f-1-hero bbox=(643,513,745,535) mode=compact look=P2 placement=left ring=0 hardPx2=0 softPx2=0 order=3 bound=1
2026.09.30-16.21.22 TAG fighter=f-1-sk0 bbox=(1080,507,1164,529) mode=compact look=P2 placement=above ring=0 hardPx2=0 softPx2=0 order=5 bound=1
2026.09.30-16.21.22 TAG fighter=f-0-hero bbox=(909,493,1011,515) mode=compact look=P1 placement=above ring=0 hardPx2=0 softPx2=0 order=4 bound=1
2026.09.30-16.21.22 TAG fighter=f-0-sk0 bbox=(1232,385,1316,407) mode=compact look=P1 placement=above ring=0 hardPx2=0 softPx2=0 order=2 bound=1
2026.09.30-16.21.22 TAG fighter=f-0-sk1 bbox=(918,264,1002,286) mode=compact look=P1 placement=above ring=0 hardPx2=0 softPx2=0 order=0 bound=1
2026.09.30-16.21.22 TAG fighter=f-0-sk2 bbox=(761,385,845,407) mode=compact look=P1 placement=above ring=0 hardPx2=0 softPx2=0 order=1 bound=1
2026.09.30-16.21.22 TAG fighter=f-1-hero bbox=(643,513,745,535) mode=compact look=P2 placement=left ring=0 hardPx2=0 softPx2=0 order=3 bound=1
2026.09.30-16.21.22 TAG fighter=f-1-sk0 bbox=(1080,507,1164,529) mode=compact look=P2 placement=above ring=0 hardPx2=0 softPx2=0 order=5 bound=1
2026.09.30-16.21.22 PERF window t=25.1-30.1 frames=147 fps=29.26 frameMs avg=34.18 p50=33.33 p95=33.33 p99=33.38 max=157.13 hitches50=1 gpuMs avg=1.88 p50=1.87 p95=2.05 gameMs avg=3.34 p95=10.57 renderMs avg=3.07 p95=3.77
2026.09.30-16.21.22 game -> room=cmuobaygt00wzwircvdqcyy4s code=<redacted> status=IN_PROGRESS
2026.09.30-16.21.23 S09AUTO drive mode=0 plan=[attack] phase=ACTION_MANEUVER turn=cmukie55u0000wiao06h107t9
2026.09.30-16.21.23 S09AUTO attack deferred - no may-boost card in hand (turn#2 elapsed=31s)
2026.09.30-16.21.23 SNAPSHOT applied seq=22 phase=ACTION_MANEUVER
2026.09.30-16.21.23 HANDLE_APPLIED #34 seq=22 decision=2 fightersValid=1 boardValid=1
2026.09.30-16.21.23 MANEUVER-DRAFT mode=maneuver:5:21
2026.09.30-16.21.23 DRAFT-OPEN draw committed (resume instead of begin)
2026.09.30-16.21.23 MODE seq=22 mode=1 combat=0 pending=0
2026.09.30-16.21.23 HUD seq=22 phase=ACTION_MANEUVER turn=you hand=9 oppHand=7(hidden) oppDeck=21~ deck=20~ discard=2
2026.09.30-16.21.23 ARTPREVIEW fighter=Medusa hero=1 eligible=0 visual=1 mesh=SK_Medusa_H2LD
2026.09.30-16.21.23 FIGHTERS synced n=6 alive=6 own=4 enemy=2
2026.09.30-16.21.23 WS seq=22 phase=ACTION_MANEUVER (apply)
2026.09.30-16.21.23 SNAPSHOT applied seq=22 phase=ACTION_MANEUVER
2026.09.30-16.21.23 HANDLE_APPLIED #35 seq=22 decision=1 fightersValid=1 boardValid=1
2026.09.30-16.21.23 MODE seq=22 mode=1 combat=0 pending=0
2026.09.30-16.21.23 HUD seq=22 phase=ACTION_MANEUVER turn=you hand=9 oppHand=7(hidden) oppDeck=21 deck=19 discard=2
2026.09.30-16.21.23 ARTPREVIEW fighter=Medusa hero=1 eligible=0 visual=1 mesh=SK_Medusa_H2LD
2026.09.30-16.21.23 FIGHTERS synced n=6 alive=6 own=4 enemy=2
2026.09.30-16.21.23 MANEUVER begin seq=22 (merge) pending=maneuver:5:21
2026.09.30-16.21.23 S09AUTO drive mode=1 plan=[attack] phase=ACTION_MANEUVER turn=cmukie55u0000wiao06h107t9
2026.09.30-16.21.23 S09AUTO approach: no improving legal step
2026.09.30-16.21.23 MANEUVER-CONFIRM moves=0 boost=none
2026.09.30-16.21.23 HUD plate content fighter=f-0-hero name=Medusa hp=16/16 team=own statuses=HERO  |  MELEE teamSlot=P1 look=P1 shape=circle chip=#DAC576
2026.09.30-16.21.23 PLATE fighter=f-0-hero bbox=(847,970,1019,1024) overlapReachable=0 placement=below ring=40 gap=326 selection=f-0-hero destinations=14 clean=0 softPx2=7216 tested=18880 bound=1
2026.09.30-16.21.23 TAG fighter=f-0-sk0 bbox=(1232,385,1316,407) mode=compact look=P1 placement=above ring=0 hardPx2=0 softPx2=0 order=2 bound=1
2026.09.30-16.21.23 TAG fighter=f-0-sk1 bbox=(918,264,1002,286) mode=compact look=P1 placement=above ring=0 hardPx2=0 softPx2=0 order=0 bound=1
2026.09.30-16.21.23 TAG fighter=f-0-sk2 bbox=(761,385,845,407) mode=compact look=P1 placement=above ring=0 hardPx2=0 softPx2=0 order=1 bound=1
2026.09.30-16.21.23 TAG fighter=f-1-hero bbox=(643,513,745,535) mode=compact look=P2 placement=left ring=0 hardPx2=0 softPx2=0 order=3 bound=1
2026.09.30-16.21.23 TAG fighter=f-1-sk0 bbox=(1080,507,1164,529) mode=compact look=P2 placement=above ring=0 hardPx2=0 softPx2=0 order=4 bound=1
2026.09.30-16.21.23 SNAPSHOT applied seq=23 phase=TURN_END
2026.09.30-16.21.23 HANDLE_APPLIED #36 seq=23 decision=2 fightersValid=1 boardValid=1
2026.09.30-16.21.23 DISCARD-DRAFT count=2 pending=discard:5:23
2026.09.30-16.21.23 MODE seq=23 mode=2 combat=0 pending=0
2026.09.30-16.21.23 HUD seq=23 phase=TURN_END turn=you hand=9 oppHand=7(hidden) oppDeck=21 deck=19 discard=2 pendingDiscard=2
2026.09.30-16.21.23 ARTPREVIEW fighter=Medusa hero=1 eligible=0 visual=1 mesh=SK_Medusa_H2LD
2026.09.30-16.21.23 FIGHTERS synced n=6 alive=6 own=4 enemy=2
2026.09.30-16.21.23 MANEUVER done seq=23 (apply) fighters=6 boost=no
2026.09.30-16.21.23 SNAPSHOT applied seq=23 phase=TURN_END
2026.09.30-16.21.23 HANDLE_APPLIED #37 seq=23 decision=1 fightersValid=1 boardValid=1
2026.09.30-16.21.23 MODE seq=23 mode=2 combat=0 pending=0
2026.09.30-16.21.23 HUD seq=23 phase=TURN_END turn=you hand=9 oppHand=7(hidden) oppDeck=21 deck=19 discard=2 pendingDiscard=2
2026.09.30-16.21.23 ARTPREVIEW fighter=Medusa hero=1 eligible=0 visual=1 mesh=SK_Medusa_H2LD
2026.09.30-16.21.23 FIGHTERS synced n=6 alive=6 own=4 enemy=2
2026.09.30-16.21.23 WS seq=23 phase=TURN_END (merge)
2026.09.30-16.21.23 PLATE hidden fighter=f-0-hero
2026.09.30-16.21.23 TAG fighter=f-0-hero bbox=(909,493,1011,515) mode=compact look=P1 placement=above ring=0 hardPx2=0 softPx2=0 order=4 bound=1
2026.09.30-16.21.23 TAG fighter=f-0-sk0 bbox=(1232,385,1316,407) mode=compact look=P1 placement=above ring=0 hardPx2=0 softPx2=0 order=2 bound=1
2026.09.30-16.21.23 TAG fighter=f-0-sk1 bbox=(918,264,1002,286) mode=compact look=P1 placement=above ring=0 hardPx2=0 softPx2=0 order=0 bound=1
2026.09.30-16.21.23 TAG fighter=f-0-sk2 bbox=(761,385,845,407) mode=compact look=P1 placement=above ring=0 hardPx2=0 softPx2=0 order=1 bound=1
2026.09.30-16.21.23 TAG fighter=f-1-hero bbox=(643,513,745,535) mode=compact look=P2 placement=left ring=0 hardPx2=0 softPx2=0 order=3 bound=1
2026.09.30-16.21.23 TAG fighter=f-1-sk0 bbox=(1080,507,1164,529) mode=compact look=P2 placement=above ring=0 hardPx2=0 softPx2=0 order=5 bound=1
2026.09.30-16.21.23 TAG fighter=f-0-hero bbox=(909,493,1011,515) mode=compact look=P1 placement=above ring=0 hardPx2=0 softPx2=0 order=4 bound=1
2026.09.30-16.21.23 TAG fighter=f-0-sk0 bbox=(1232,385,1316,407) mode=compact look=P1 placement=above ring=0 hardPx2=0 softPx2=0 order=2 bound=1
2026.09.30-16.21.23 TAG fighter=f-0-sk1 bbox=(918,264,1002,286) mode=compact look=P1 placement=above ring=0 hardPx2=0 softPx2=0 order=0 bound=1
2026.09.30-16.21.23 TAG fighter=f-0-sk2 bbox=(761,385,845,407) mode=compact look=P1 placement=above ring=0 hardPx2=0 softPx2=0 order=1 bound=1
2026.09.30-16.21.23 TAG fighter=f-1-hero bbox=(643,513,745,535) mode=compact look=P2 placement=left ring=0 hardPx2=0 softPx2=0 order=3 bound=1
2026.09.30-16.21.23 TAG fighter=f-1-sk0 bbox=(1080,507,1164,529) mode=compact look=P2 placement=above ring=0 hardPx2=0 softPx2=0 order=5 bound=1
2026.09.30-16.21.24 S09AUTO drive mode=2 plan=[attack] phase=TURN_END turn=cmukie55u0000wiao06h107t9
2026.09.30-16.21.24 S09AUTO discard picks=2
2026.09.30-16.21.24 DISCARD-CONFIRM pending=discard:5:23 count=2 ids=cmuhgvgkg00sowi9giqzfy1hf::0,cmuhgvgkn00t4wi9g8rrkx4it::2
2026.09.30-16.21.24 TAG fighter=f-0-hero bbox=(909,493,1011,515) mode=compact look=P1 placement=above ring=0 hardPx2=0 softPx2=0 order=4 bound=1
2026.09.30-16.21.24 TAG fighter=f-0-sk0 bbox=(1232,385,1316,407) mode=compact look=P1 placement=above ring=0 hardPx2=0 softPx2=0 order=2 bound=1
2026.09.30-16.21.24 TAG fighter=f-0-sk1 bbox=(918,264,1002,286) mode=compact look=P1 placement=above ring=0 hardPx2=0 softPx2=0 order=0 bound=1
2026.09.30-16.21.24 TAG fighter=f-0-sk2 bbox=(761,385,845,407) mode=compact look=P1 placement=above ring=0 hardPx2=0 softPx2=0 order=1 bound=1
2026.09.30-16.21.24 TAG fighter=f-1-hero bbox=(643,513,745,535) mode=compact look=P2 placement=left ring=0 hardPx2=0 softPx2=0 order=3 bound=1
2026.09.30-16.21.24 TAG fighter=f-1-sk0 bbox=(1080,507,1164,529) mode=compact look=P2 placement=above ring=0 hardPx2=0 softPx2=0 order=5 bound=1
2026.09.30-16.21.24 SNAPSHOT applied seq=24 phase=ACTION_MANEUVER
2026.09.30-16.21.24 HANDLE_APPLIED #38 seq=24 decision=2 fightersValid=1 boardValid=1
2026.09.30-16.21.24 closed mode=
2026.09.30-16.21.24 MODE seq=24 mode=0 combat=0 pending=0
2026.09.30-16.21.24 HUD seq=24 phase=ACTION_MANEUVER turn=opp hand=7 oppHand=7(hidden) oppDeck=21 deck=19 discard=4
2026.09.30-16.21.24 ARTPREVIEW fighter=Medusa hero=1 eligible=0 visual=1 mesh=SK_Medusa_H2LD
2026.09.30-16.21.24 FIGHTERS synced n=6 alive=6 own=4 enemy=2
2026.09.30-16.21.24 DISCARD done seq=24 phase=ACTION_MANEUVER count=2
2026.09.30-16.21.24 SNAPSHOT applied seq=24 phase=ACTION_MANEUVER
2026.09.30-16.21.24 HANDLE_APPLIED #39 seq=24 decision=1 fightersValid=1 boardValid=1
2026.09.30-16.21.24 MODE seq=24 mode=0 combat=0 pending=0
2026.09.30-16.21.24 HUD seq=24 phase=ACTION_MANEUVER turn=opp hand=7 oppHand=7(hidden) oppDeck=21 deck=19 discard=4
2026.09.30-16.21.24 ARTPREVIEW fighter=Medusa hero=1 eligible=0 visual=1 mesh=SK_Medusa_H2LD
2026.09.30-16.21.24 FIGHTERS synced n=6 alive=6 own=4 enemy=2
2026.09.30-16.21.24 WS seq=24 phase=ACTION_MANEUVER (merge)
2026.09.30-16.21.24 TAG fighter=f-0-hero bbox=(909,493,1011,515) mode=compact look=P1 placement=above ring=0 hardPx2=0 softPx2=0 order=4 bound=1
2026.09.30-16.21.24 TAG fighter=f-0-sk0 bbox=(1232,385,1316,407) mode=compact look=P1 placement=above ring=0 hardPx2=0 softPx2=0 order=2 bound=1
2026.09.30-16.21.24 TAG fighter=f-0-sk1 bbox=(918,264,1002,286) mode=compact look=P1 placement=above ring=0 hardPx2=0 softPx2=0 order=0 bound=1
2026.09.30-16.21.24 TAG fighter=f-0-sk2 bbox=(761,385,845,407) mode=compact look=P1 placement=above ring=0 hardPx2=0 softPx2=0 order=1 bound=1
2026.09.30-16.21.24 TAG fighter=f-1-hero bbox=(643,513,745,535) mode=compact look=P2 placement=left ring=0 hardPx2=0 softPx2=0 order=3 bound=1
2026.09.30-16.21.24 TAG fighter=f-1-sk0 bbox=(1080,507,1164,529) mode=compact look=P2 placement=above ring=0 hardPx2=0 softPx2=0 order=5 bound=1
2026.09.30-16.21.24 SNAPSHOT applied seq=25 phase=ACTION_MANEUVER
2026.09.30-16.21.24 HANDLE_APPLIED #40 seq=25 decision=2 fightersValid=1 boardValid=1
2026.09.30-16.21.24 MODE seq=25 mode=0 combat=0 pending=0
2026.09.30-16.21.24 HUD seq=25 phase=ACTION_MANEUVER turn=opp hand=7 oppHand=8(hidden) oppDeck=21~ deck=19~ discard=4
2026.09.30-16.21.24 ARTPREVIEW fighter=Medusa hero=1 eligible=0 visual=1 mesh=SK_Medusa_H2LD
2026.09.30-16.21.24 FIGHTERS synced n=6 alive=6 own=4 enemy=2
2026.09.30-16.21.24 WS seq=25 phase=ACTION_MANEUVER (apply)
2026.09.30-16.21.25 SNAPSHOT applied seq=26 phase=ACTION_MANEUVER
2026.09.30-16.21.25 HANDLE_APPLIED #41 seq=26 decision=2 fightersValid=1 boardValid=1
2026.09.30-16.21.25 MODE seq=26 mode=0 combat=0 pending=0
2026.09.30-16.21.25 HUD seq=26 phase=ACTION_MANEUVER turn=opp hand=7 oppHand=8(hidden) oppDeck=21~ deck=19~ discard=4
2026.09.30-16.21.25 ARTPREVIEW fighter=Medusa hero=1 eligible=0 visual=1 mesh=SK_Medusa_H2LD
2026.09.30-16.21.25 FIGHTERS synced n=6 alive=6 own=4 enemy=2
2026.09.30-16.21.25 CUE move f-1-hero (1,3)->(0,3) seq=26
2026.09.30-16.21.25 CUE move f-1-sk0 (3,3)->(4,3) seq=26
2026.09.30-16.21.25 WS seq=26 phase=ACTION_MANEUVER (apply)
2026.09.30-16.21.25 TAG fighter=f-0-hero bbox=(909,493,1011,515) mode=compact look=P1 placement=above ring=0 hardPx2=0 softPx2=0 order=4 bound=1
2026.09.30-16.21.25 TAG fighter=f-0-sk0 bbox=(1232,385,1316,407) mode=compact look=P1 placement=above ring=0 hardPx2=0 softPx2=0 order=2 bound=1
2026.09.30-16.21.25 TAG fighter=f-0-sk1 bbox=(918,264,1002,286) mode=compact look=P1 placement=above ring=0 hardPx2=0 softPx2=0 order=0 bound=1
2026.09.30-16.21.25 TAG fighter=f-0-sk2 bbox=(761,385,845,407) mode=compact look=P1 placement=above ring=0 hardPx2=0 softPx2=0 order=1 bound=1
2026.09.30-16.21.25 TAG fighter=f-1-hero bbox=(583,489,685,511) mode=compact look=P2 placement=above ring=0 hardPx2=0 softPx2=0 order=3 bound=1
2026.09.30-16.21.25 TAG fighter=f-1-sk0 bbox=(1242,507,1326,529) mode=compact look=P2 placement=above ring=0 hardPx2=0 softPx2=0 order=5 bound=1
2026.09.30-16.21.25 game -> room=cmuobaygt00wzwircvdqcyy4s code=<redacted> status=IN_PROGRESS
2026.09.30-16.21.25 S09AUTO drive mode=0 plan=[attack] phase=ACTION_MANEUVER turn=cmukie57j0001wiaofr67k2vd
2026.09.30-16.21.26 SNAPSHOT applied seq=27 phase=ACTION_MANEUVER
2026.09.30-16.21.26 HANDLE_APPLIED #42 seq=27 decision=2 fightersValid=1 boardValid=1
2026.09.30-16.21.26 MODE seq=27 mode=0 combat=0 pending=0
2026.09.30-16.21.26 HUD seq=27 phase=ACTION_MANEUVER turn=opp hand=7 oppHand=9(hidden) oppDeck=21~ deck=19~ discard=4
2026.09.30-16.21.26 ARTPREVIEW fighter=Medusa hero=1 eligible=0 visual=1 mesh=SK_Medusa_H2LD
2026.09.30-16.21.26 FIGHTERS synced n=6 alive=6 own=4 enemy=2
2026.09.30-16.21.26 WS seq=27 phase=ACTION_MANEUVER (apply)
2026.09.30-16.21.26 SNAPSHOT applied seq=28 phase=TURN_END
2026.09.30-16.21.26 HANDLE_APPLIED #43 seq=28 decision=2 fightersValid=1 boardValid=1
2026.09.30-16.21.26 MODE seq=28 mode=0 combat=0 pending=0
2026.09.30-16.21.26 HUD seq=28 phase=TURN_END turn=opp hand=7 oppHand=9(hidden) oppDeck=21~ deck=19~ discard=4 pendingDiscard=2
2026.09.30-16.21.26 ARTPREVIEW fighter=Medusa hero=1 eligible=0 visual=1 mesh=SK_Medusa_H2LD
2026.09.30-16.21.26 FIGHTERS synced n=6 alive=6 own=4 enemy=2
2026.09.30-16.21.26 CUE move f-1-hero (0,3)->(1,3) seq=28
2026.09.30-16.21.26 WS seq=28 phase=TURN_END (apply)
2026.09.30-16.21.26 TAG fighter=f-0-hero bbox=(909,493,1011,515) mode=compact look=P1 placement=above ring=0 hardPx2=0 softPx2=0 order=4 bound=1
2026.09.30-16.21.26 TAG fighter=f-0-sk0 bbox=(1232,385,1316,407) mode=compact look=P1 placement=above ring=0 hardPx2=0 softPx2=0 order=2 bound=1
2026.09.30-16.21.26 TAG fighter=f-0-sk1 bbox=(918,264,1002,286) mode=compact look=P1 placement=above ring=0 hardPx2=0 softPx2=0 order=0 bound=1
2026.09.30-16.21.26 TAG fighter=f-0-sk2 bbox=(761,385,845,407) mode=compact look=P1 placement=above ring=0 hardPx2=0 softPx2=0 order=1 bound=1
2026.09.30-16.21.26 TAG fighter=f-1-hero bbox=(643,513,745,535) mode=compact look=P2 placement=left ring=0 hardPx2=0 softPx2=0 order=3 bound=1
2026.09.30-16.21.26 TAG fighter=f-1-sk0 bbox=(1242,507,1326,529) mode=compact look=P2 placement=above ring=0 hardPx2=0 softPx2=0 order=5 bound=1
2026.09.30-16.21.26 TAG fighter=f-0-hero bbox=(909,493,1011,515) mode=compact look=P1 placement=above ring=0 hardPx2=0 softPx2=0 order=4 bound=1
2026.09.30-16.21.26 TAG fighter=f-0-sk0 bbox=(1232,385,1316,407) mode=compact look=P1 placement=above ring=0 hardPx2=0 softPx2=0 order=2 bound=1
2026.09.30-16.21.26 TAG fighter=f-0-sk1 bbox=(918,264,1002,286) mode=compact look=P1 placement=above ring=0 hardPx2=0 softPx2=0 order=0 bound=1
2026.09.30-16.21.26 TAG fighter=f-0-sk2 bbox=(761,385,845,407) mode=compact look=P1 placement=above ring=0 hardPx2=0 softPx2=0 order=1 bound=1
2026.09.30-16.21.26 TAG fighter=f-1-hero bbox=(643,513,745,535) mode=compact look=P2 placement=left ring=0 hardPx2=0 softPx2=0 order=3 bound=1
2026.09.30-16.21.26 TAG fighter=f-1-sk0 bbox=(1242,507,1326,529) mode=compact look=P2 placement=above ring=0 hardPx2=0 softPx2=0 order=5 bound=1
2026.09.30-16.21.27 PERF window t=30.1-35.1 frames=151 fps=30.00 frameMs avg=33.33 p50=33.33 p95=33.33 p99=33.33 max=33.34 hitches50=0 gpuMs avg=1.95 p50=1.91 p95=2.21 gameMs avg=2.05 p95=9.85 renderMs avg=3.15 p95=4.14
2026.09.30-16.21.27 SNAPSHOT applied seq=29 phase=ACTION_MANEUVER
2026.09.30-16.21.27 HANDLE_APPLIED #44 seq=29 decision=2 fightersValid=1 boardValid=1
2026.09.30-16.21.27 closed mode=
2026.09.30-16.21.27 MODE seq=29 mode=6 combat=0 pending=1
2026.09.30-16.21.27 HUD seq=29 phase=ACTION_MANEUVER turn=you hand=7 oppHand=7(hidden) oppDeck=21~ deck=19~ discard=4
2026.09.30-16.21.27 ARTPREVIEW fighter=Medusa hero=1 eligible=0 visual=1 mesh=SK_Medusa_H2LD
2026.09.30-16.21.27 FIGHTERS synced n=6 alive=6 own=4 enemy=2
2026.09.30-16.21.27 WS seq=29 phase=ACTION_MANEUVER (apply)
2026.09.30-16.21.27 S09AUTO drive mode=6 plan=[attack] phase=ACTION_MANEUVER turn=cmukie55u0000wiao06h107t9
2026.09.30-16.21.27 S09AUTO own turn #3 (turnCount=7)
2026.09.30-16.21.27 S09AUTO pending-open shot (type=TARGET_FIGHTER stage=0 mode=)
2026.09.30-16.21.27 SHOT ctx viewport=1920x1080 viewTarget=CameraActor_2147482348 cam=(0,1107,1582) rot=(-55,-90,0)
2026.09.30-16.21.27 RENDER tag=SHOT rhi=D3D12 featureLevel=SM6 shaderPlatform=PCD3D_SM6 lumenPlatform=1 gi=lumen giMethod=1 refl=lumen reflMethod=1 shadows=csm vsmEnable=0 sg.res=100 sg.view=2 sg.aa=2 sg.shadow=2 sg.gi=2 sg.refl=2 sg.pp=2 sg.tex=2 sg.fx=2 sg.foliage=2 sg.shading=2 sg.landscape=2 preset=High screenPct=100.0 screenPctMode=0 aa=TSR aaMethod=4 exposure=fixed-histogram expMin=4.14106 expMax=4.14106 expBias=0.000 ev100=2.05 lightUnits=candelas sky=1 skyIntensity=11.200 keyShadow=csm-3000uu-2c-contact0.000 shadowCasters=1 profile=cobble-probe profilesSha256=1ecc1e9281845655acf8b31f1dcf52a7510abfc8ba8505525ad72ee8f4ce3c4c profilesSource=pak legacyRender=0 gameLayer=unlit-eyeadaptinv tMaxFPS=30.0 vsync=0 frameRateLimit=60.0 substrate=0 nanite=1 meshDF=1 viewport=1920x1080 reference=1
2026.09.30-16.21.27 SHOT fighter f-0-hero pos=(2,3) world=(0,50,0) screen=(960,606) projected=1 alive=1
2026.09.30-16.21.27 SHOT fighter f-0-sk0 pos=(4,2) world=(200,-50,0) screen=(1271,476) projected=1 alive=1
2026.09.30-16.21.27 SHOT fighter f-0-sk1 pos=(2,1) world=(0,-150,0) screen=(960,355) projected=1 alive=1
2026.09.30-16.21.27 SHOT fighter f-0-sk2 pos=(1,2) world=(-100,-50,0) screen=(805,476) projected=1 alive=1
2026.09.30-16.21.27 SHOT fighter f-1-hero pos=(1,3) world=(-100,50,0) screen=(800,606) projected=1 alive=1
2026.09.30-16.21.27 SHOT fighter f-1-sk0 pos=(4,3) world=(200,50,0) screen=(1280,606) projected=1 alive=1
2026.09.30-16.21.27 SHOT camera dist=1930.8 target=1930.8 overview=1930.8 errPct=0.000 focusErr=0.00 settled=1 zoom=1.00
2026.09.30-16.21.27 SHOT head fighter=f-0-hero socket=Head mesh=SK_Medusa_H2LD world=(-0.4,49.5,47.2) screen=(959.4,562.0) top=(959.4,556.5) bottom=(959.4,567.6) headPx=11.1 projected=1
2026.09.30-16.21.27 SHOT head fighter=f-0-sk0 socket=Head mesh=SK_Harpy_H3LD world=(200.0,-44.6,34.0) screen=(1275.8,451.6) top=(1276.6,445.9) bottom=(1275.0,457.2) headPx=11.4 projected=1
2026.09.30-16.21.27 SHOT head fighter=f-0-sk1 socket=Head mesh=SK_Harpy_H3LD world=(-0.1,-144.9,34.2) screen=(959.8,327.9) top=(959.8,322.1) bottom=(959.8,333.7) headPx=11.6 projected=1
2026.09.30-16.21.27 SHOT head fighter=f-0-sk2 socket=Head mesh=SK_Harpy_H3LD world=(-100.7,-44.8,34.1) screen=(801.0,451.1) top=(800.6,445.5) bottom=(801.4,456.8) headPx=11.3 projected=1
2026.09.30-16.21.27 SHOT head fighter=f-1-hero socket=Head mesh=SK_KingArthur_H2LD world=(-99.6,50.0,50.0) screen=(797.1,560.0) top=(796.6,554.4) bottom=(797.5,565.6) headPx=11.2 projected=1
2026.09.30-16.21.27 SHOT head fighter=f-1-sk0 socket=Head mesh=SK_Merlin_H2LD world=(200.1,46.6,36.4) screen=(1285.0,568.1) top=(1285.8,562.6) bottom=(1284.1,573.7) headPx=11.2 projected=1
2026.09.30-16.21.27 SHOT figure fighter=f-0-hero bbox=(913,517,1007,644) ringR=28.50 art=1 blockout=0 team=P1 look=P1 ring=1
2026.09.30-16.21.27 SHOT figure fighter=f-0-sk0 bbox=(1234,409,1314,504) ringR=22.23 art=1 blockout=0 team=P1 look=P1 ring=1
2026.09.30-16.21.27 SHOT figure fighter=f-0-sk1 bbox=(926,288,994,381) ringR=22.23 art=1 blockout=0 team=P1 look=P1 ring=1
2026.09.30-16.21.27 SHOT figure fighter=f-0-sk2 bbox=(765,409,840,504) ringR=22.23 art=1 blockout=0 team=P1 look=P1 ring=1
2026.09.30-16.21.27 SHOT figure fighter=f-1-hero bbox=(747,513,847,644) ringR=28.50 art=1 blockout=0 team=P2 look=P2 ring=1
2026.09.30-16.21.27 SHOT figure fighter=f-1-sk0 bbox=(1243,531,1326,635) ringR=22.23 art=1 blockout=0 team=P2 look=P2 ring=1
2026.09.30-16.21.27 SHOT request file=s09-pending-TARGET_FIGHTER.png frame=1042
2026.09.30-16.21.27 SHOT requested: FScreenshotRequest(bShowUI) -> C:\Users\ren\AppData\Local\Temp\s09-combat-20260930-212050-4920\host/s09-pending-TARGET_FIGHTER.png
2026.09.30-16.21.27 SHOT captured file=s09-pending-TARGET_FIGHTER.png frame=1042 px=1920x1080 sha256=6e6c72051985ea93e86a2038b151f0ca1a442c4daf55d9d706922c62491184e8 order=BGRA saved=1
2026.09.30-16.21.27 SHOT late begin file=s09-pending-TARGET_FIGHTER.png frame=1042 requestFrame=1042
2026.09.30-16.21.27 SHOT iconstate visible=0 lastFighter=none frame=1042
2026.09.30-16.21.27 SHOT widget id=board.tag impl=umg state=compact fighter=f-0-hero bbox=(909,493,1011,515) geom=painted visible=1 twin=0 source=/Game/S08/UI/ArtHud/WBP_S08ArtTag mode=compact look=P1 shape=circle placement=above ring=0 order=4 bound=1 softPx2=0 planned=(909,493,1011,515) frame=1042
2026.09.30-16.21.27 SHOT widget id=board.tag.hp impl=umg state=compact fighter=f-0-hero bbox=(965,495,1007,513) geom=painted visible=1 twin=0 source=/Game/S08/UI/ArtHud/WBP_S08ArtTag mode=compact look=P1 shape=circle placement=above ring=0 order=4 bound=1 softPx2=0 planned=(909,493,1011,515) frame=1042 font=11
2026.09.30-16.21.27 SHOT widget id=board.tag.bar impl=umg state=compact fighter=f-0-hero bbox=(928,502,962,507) geom=painted visible=1 twin=0 source=/Game/S08/UI/ArtHud/WBP_S08ArtTag mode=compact look=P1 shape=circle placement=above ring=0 order=4 bound=1 softPx2=0 planned=(909,493,1011,515) frame=1042
2026.09.30-16.21.27 SHOT widget id=board.tag.chip impl=umg state=compact fighter=f-0-hero bbox=(913,498,925,510) geom=painted visible=1 twin=0 source=/Game/S08/UI/ArtHud/WBP_S08ArtTag mode=compact look=P1 shape=circle placement=above ring=0 order=4 bound=1 softPx2=0 planned=(909,493,1011,515) frame=1042
2026.09.30-16.21.27 SHOT widget id=board.tag impl=umg state=compact fighter=f-0-sk0 bbox=(1232,385,1316,407) geom=painted visible=1 twin=0 source=/Game/S08/UI/ArtHud/WBP_S08ArtTag mode=compact look=P1 shape=circle placement=above ring=0 order=2 bound=1 softPx2=0 planned=(1232,385,1316,407) frame=1042
2026.09.30-16.21.27 SHOT widget id=board.tag.hp impl=umg state=compact fighter=f-0-sk0 bbox=(1288,387,1312,405) geom=painted visible=1 twin=0 source=/Game/S08/UI/ArtHud/WBP_S08ArtTag mode=compact look=P1 shape=circle placement=above ring=0 order=2 bound=1 softPx2=0 planned=(1232,385,1316,407) frame=1042 font=11
2026.09.30-16.21.27 SHOT widget id=board.tag.bar impl=umg state=compact fighter=f-0-sk0 bbox=(1251,394,1285,399) geom=painted visible=1 twin=0 source=/Game/S08/UI/ArtHud/WBP_S08ArtTag mode=compact look=P1 shape=circle placement=above ring=0 order=2 bound=1 softPx2=0 planned=(1232,385,1316,407) frame=1042
2026.09.30-16.21.27 SHOT widget id=board.tag.chip impl=umg state=compact fighter=f-0-sk0 bbox=(1236,390,1248,402) geom=painted visible=1 twin=0 source=/Game/S08/UI/ArtHud/WBP_S08ArtTag mode=compact look=P1 shape=circle placement=above ring=0 order=2 bound=1 softPx2=0 planned=(1232,385,1316,407) frame=1042
2026.09.30-16.21.27 SHOT widget id=board.tag impl=umg state=compact fighter=f-0-sk1 bbox=(918,264,1002,286) geom=painted visible=1 twin=0 source=/Game/S08/UI/ArtHud/WBP_S08ArtTag mode=compact look=P1 shape=circle placement=above ring=0 order=0 bound=1 softPx2=0 planned=(918,264,1002,286) frame=1042
2026.09.30-16.21.27 SHOT widget id=board.tag.hp impl=umg state=compact fighter=f-0-sk1 bbox=(974,266,998,284) geom=painted visible=1 twin=0 source=/Game/S08/UI/ArtHud/WBP_S08ArtTag mode=compact look=P1 shape=circle placement=above ring=0 order=0 bound=1 softPx2=0 planned=(918,264,1002,286) frame=1042 font=11
2026.09.30-16.21.27 SHOT widget id=board.tag.bar impl=umg state=compact fighter=f-0-sk1 bbox=(937,273,971,278) geom=painted visible=1 twin=0 source=/Game/S08/UI/ArtHud/WBP_S08ArtTag mode=compact look=P1 shape=circle placement=above ring=0 order=0 bound=1 softPx2=0 planned=(918,264,1002,286) frame=1042
2026.09.30-16.21.27 SHOT widget id=board.tag.chip impl=umg state=compact fighter=f-0-sk1 bbox=(922,269,934,281) geom=painted visible=1 twin=0 source=/Game/S08/UI/ArtHud/WBP_S08ArtTag mode=compact look=P1 shape=circle placement=above ring=0 order=0 bound=1 softPx2=0 planned=(918,264,1002,286) frame=1042
2026.09.30-16.21.27 SHOT widget id=board.tag impl=umg state=compact fighter=f-0-sk2 bbox=(761,385,845,407) geom=painted visible=1 twin=0 source=/Game/S08/UI/ArtHud/WBP_S08ArtTag mode=compact look=P1 shape=circle placement=above ring=0 order=1 bound=1 softPx2=0 planned=(761,385,845,407) frame=1042
2026.09.30-16.21.27 SHOT widget id=board.tag.hp impl=umg state=compact fighter=f-0-sk2 bbox=(817,387,841,405) geom=painted visible=1 twin=0 source=/Game/S08/UI/ArtHud/WBP_S08ArtTag mode=compact look=P1 shape=circle placement=above ring=0 order=1 bound=1 softPx2=0 planned=(761,385,845,407) frame=1042 font=11
2026.09.30-16.21.27 SHOT widget id=board.tag.bar impl=umg state=compact fighter=f-0-sk2 bbox=(780,394,814,399) geom=painted visible=1 twin=0 source=/Game/S08/UI/ArtHud/WBP_S08ArtTag mode=compact look=P1 shape=circle placement=above ring=0 order=1 bound=1 softPx2=0 planned=(761,385,845,407) frame=1042
2026.09.30-16.21.27 SHOT widget id=board.tag.chip impl=umg state=compact fighter=f-0-sk2 bbox=(765,390,777,402) geom=painted visible=1 twin=0 source=/Game/S08/UI/ArtHud/WBP_S08ArtTag mode=compact look=P1 shape=circle placement=above ring=0 order=1 bound=1 softPx2=0 planned=(761,385,845,407) frame=1042
2026.09.30-16.21.27 SHOT widget id=board.tag impl=umg state=compact fighter=f-1-hero bbox=(643,513,745,535) geom=painted visible=1 twin=0 source=/Game/S08/UI/ArtHud/WBP_S08ArtTag mode=compact look=P2 shape=hex placement=left ring=0 order=3 bound=1 softPx2=0 planned=(643,513,745,535) frame=1042
2026.09.30-16.21.27 SHOT widget id=board.tag.hp impl=umg state=compact fighter=f-1-hero bbox=(699,515,741,533) geom=painted visible=1 twin=0 source=/Game/S08/UI/ArtHud/WBP_S08ArtTag mode=compact look=P2 shape=hex placement=left ring=0 order=3 bound=1 softPx2=0 planned=(643,513,745,535) frame=1042 font=11
2026.09.30-16.21.27 SHOT widget id=board.tag.bar impl=umg state=compact fighter=f-1-hero bbox=(662,522,696,527) geom=painted visible=1 twin=0 source=/Game/S08/UI/ArtHud/WBP_S08ArtTag mode=compact look=P2 shape=hex placement=left ring=0 order=3 bound=1 softPx2=0 planned=(643,513,745,535) frame=1042
2026.09.30-16.21.27 SHOT widget id=board.tag.chip impl=umg state=compact fighter=f-1-hero bbox=(647,518,659,530) geom=painted visible=1 twin=0 source=/Game/S08/UI/ArtHud/WBP_S08ArtTag mode=compact look=P2 shape=hex placement=left ring=0 order=3 bound=1 softPx2=0 planned=(643,513,745,535) frame=1042
2026.09.30-16.21.27 SHOT widget id=board.tag impl=umg state=compact fighter=f-1-sk0 bbox=(1242,507,1326,529) geom=painted visible=1 twin=0 source=/Game/S08/UI/ArtHud/WBP_S08ArtTag mode=compact look=P2 shape=hex placement=above ring=0 order=5 bound=1 softPx2=0 planned=(1242,507,1326,529) frame=1042
2026.09.30-16.21.27 SHOT widget id=board.tag.hp impl=umg state=compact fighter=f-1-sk0 bbox=(1298,509,1322,527) geom=painted visible=1 twin=0 source=/Game/S08/UI/ArtHud/WBP_S08ArtTag mode=compact look=P2 shape=hex placement=above ring=0 order=5 bound=1 softPx2=0 planned=(1242,507,1326,529) frame=1042 font=11
2026.09.30-16.21.27 SHOT widget id=board.tag.bar impl=umg state=compact fighter=f-1-sk0 bbox=(1261,516,1295,521) geom=painted visible=1 twin=0 source=/Game/S08/UI/ArtHud/WBP_S08ArtTag mode=compact look=P2 shape=hex placement=above ring=0 order=5 bound=1 softPx2=0 planned=(1242,507,1326,529) frame=1042
2026.09.30-16.21.27 SHOT widget id=board.tag.chip impl=umg state=compact fighter=f-1-sk0 bbox=(1246,512,1258,524) geom=painted visible=1 twin=0 source=/Game/S08/UI/ArtHud/WBP_S08ArtTag mode=compact look=P2 shape=hex placement=above ring=0 order=5 bound=1 softPx2=0 planned=(1242,507,1326,529) frame=1042
2026.09.30-16.21.27 SHOT panel id=hud.command bbox=(0,0,591,178) geom=painted visible=1 frame=1042
2026.09.30-16.21.27 SHOT panel id=hud.side bbox=(1421,0,1920,121) geom=painted visible=1 frame=1042
2026.09.30-16.21.27 SHOT panel id=hud.hand bbox=(308,985,1612,1080) geom=painted visible=1 frame=1042
2026.09.30-16.21.27 SHOT late end file=s09-pending-TARGET_FIGHTER.png frame=1042
2026.09.30-16.21.27 PEND-RESOLVE sent type=TARGET_FIGHTER stage=0 id=ability-medusa-target-p0
2026.09.30-16.21.27 S09AUTO pending picked (type=TARGET_FIGHTER stage=0)
2026.09.30-16.21.27 HUD plate content fighter=f-1-hero name=King Arthur hp=18/18 team=enemy statuses=HERO  |  MELEE teamSlot=P2 look=P2 shape=hexagon chip=#5786A8
2026.09.30-16.21.27 PLATE fighter=f-1-hero bbox=(705,650,877,704) overlapReachable=0 placement=below ring=0 gap=6 selection=f-1-hero destinations=0 clean=1 softPx2=0 tested=122 bound=1
2026.09.30-16.21.27 TAG fighter=f-0-hero bbox=(909,493,1011,515) mode=compact look=P1 placement=above ring=0 hardPx2=0 softPx2=0 order=3 bound=1
2026.09.30-16.21.27 TAG fighter=f-0-sk0 bbox=(1232,385,1316,407) mode=compact look=P1 placement=above ring=0 hardPx2=0 softPx2=0 order=2 bound=1
2026.09.30-16.21.27 TAG fighter=f-0-sk1 bbox=(918,264,1002,286) mode=compact look=P1 placement=above ring=0 hardPx2=0 softPx2=0 order=0 bound=1
2026.09.30-16.21.27 TAG fighter=f-0-sk2 bbox=(761,385,845,407) mode=compact look=P1 placement=above ring=0 hardPx2=0 softPx2=0 order=1 bound=1
2026.09.30-16.21.27 TAG fighter=f-1-sk0 bbox=(1242,507,1326,529) mode=compact look=P2 placement=above ring=0 hardPx2=0 softPx2=0 order=4 bound=1
2026.09.30-16.21.27 SNAPSHOT applied seq=30 phase=ACTION_MANEUVER
2026.09.30-16.21.27 HANDLE_APPLIED #45 seq=30 decision=2 fightersValid=1 boardValid=1
2026.09.30-16.21.27 closed mode=
2026.09.30-16.21.27 MODE seq=30 mode=0 combat=0 pending=0
2026.09.30-16.21.27 HUD seq=30 phase=ACTION_MANEUVER turn=you hand=7 oppHand=7(hidden) oppDeck=19 deck=19 discard=4
2026.09.30-16.21.27 ARTPREVIEW fighter=Medusa hero=1 eligible=0 visual=1 mesh=SK_Medusa_H2LD
2026.09.30-16.21.27 FIGHTERS synced n=6 alive=6 own=4 enemy=2
2026.09.30-16.21.27 ARTPREVIEW damage-number fighter=f-1-hero amount=1 seq=30 cell=(1,3)
2026.09.30-16.21.27 ARTPREVIEW anim fighter=f-1-hero clip=HitReact len=0.417 event=damaged loop=0 phase=0.0000 seq=30 asset=AM_KingArthur_HitReact
2026.09.30-16.21.27 CUE damage f-1-hero -1 seq=30
2026.09.30-16.21.27 PEND resolve done seq=30 (apply) phase=ACTION_MANEUVER
2026.09.30-16.21.27 SNAPSHOT applied seq=30 phase=ACTION_MANEUVER
2026.09.30-16.21.27 HANDLE_APPLIED #46 seq=30 decision=1 fightersValid=1 boardValid=1
2026.09.30-16.21.27 MODE seq=30 mode=0 combat=0 pending=0
2026.09.30-16.21.27 HUD seq=30 phase=ACTION_MANEUVER turn=you hand=7 oppHand=7(hidden) oppDeck=19 deck=19 discard=4
2026.09.30-16.21.27 ARTPREVIEW fighter=Medusa hero=1 eligible=0 visual=1 mesh=SK_Medusa_H2LD
2026.09.30-16.21.27 FIGHTERS synced n=6 alive=6 own=4 enemy=2
2026.09.30-16.21.27 WS seq=30 phase=ACTION_MANEUVER (merge)
2026.09.30-16.21.27 S09AUTO drive mode=0 plan=[attack] phase=ACTION_MANEUVER turn=cmukie55u0000wiao06h107t9
2026.09.30-16.21.27 S09AUTO attack (attacker=f-0-hero target-set card-set)
2026.09.30-16.21.27 ATTACK sent
2026.09.30-16.21.27 ARTPREVIEW combat marker fighter=Medusa attacker=1 target=0 icon=0 targetMesh=SM_Marker_TargetRing iconMode=screen targetArcScaleXY=0.920
2026.09.30-16.21.27 ARTPREVIEW combat marker fighter=King Arthur attacker=0 target=1 icon=1 targetMesh=SM_Marker_TargetRing iconMode=screen targetArcScaleXY=0.920
2026.09.30-16.21.27 PLATE hidden fighter=f-1-hero
2026.09.30-16.21.27 TAG fighter=f-0-hero bbox=(909,493,1011,515) mode=compact look=P1 placement=above ring=0 hardPx2=0 softPx2=0 order=4 bound=1
2026.09.30-16.21.27 TAG fighter=f-0-sk0 bbox=(1232,385,1316,407) mode=compact look=P1 placement=above ring=0 hardPx2=0 softPx2=0 order=3 bound=1
2026.09.30-16.21.27 TAG fighter=f-0-sk1 bbox=(918,264,1002,286) mode=compact look=P1 placement=above ring=0 hardPx2=0 softPx2=0 order=1 bound=1
2026.09.30-16.21.27 TAG fighter=f-0-sk2 bbox=(761,385,845,407) mode=compact look=P1 placement=above ring=0 hardPx2=0 softPx2=0 order=2 bound=1
2026.09.30-16.21.27 TAG fighter=f-1-hero bbox=(643,513,745,535) mode=compact look=P2 placement=left ring=0 hardPx2=0 softPx2=0 order=0 bound=1
2026.09.30-16.21.27 TAG fighter=f-1-sk0 bbox=(1242,507,1326,529) mode=compact look=P2 placement=above ring=0 hardPx2=0 softPx2=0 order=5 bound=1
2026.09.30-16.21.27 ICON fighter=f-1-hero bbox=(850,543,882,575) size=32 src=combat anchor=right fallback=0 overlapPx2=0 texture=/Game/ArtTests/ARTMarkers/Textures/T_UI_Action_AttackToken_32
2026.09.30-16.21.27 DAMAGE fighter=f-1-hero bbox=(674,483,714,511) amount=1 seq=30 placement=above ring=0 hardPx2=0 softPx2=0
2026.09.30-16.21.27 TAG fighter=f-0-hero bbox=(909,493,1011,515) mode=compact look=P1 placement=above ring=0 hardPx2=0 softPx2=0 order=4 bound=1
2026.09.30-16.21.27 TAG fighter=f-0-sk0 bbox=(1232,385,1316,407) mode=compact look=P1 placement=above ring=0 hardPx2=0 softPx2=0 order=3 bound=1
2026.09.30-16.21.27 TAG fighter=f-0-sk1 bbox=(918,264,1002,286) mode=compact look=P1 placement=above ring=0 hardPx2=0 softPx2=0 order=1 bound=1
2026.09.30-16.21.27 TAG fighter=f-0-sk2 bbox=(761,385,845,407) mode=compact look=P1 placement=above ring=0 hardPx2=0 softPx2=0 order=2 bound=1
2026.09.30-16.21.27 TAG fighter=f-1-hero bbox=(643,513,745,535) mode=compact look=P2 placement=left ring=0 hardPx2=0 softPx2=0 order=0 bound=1
2026.09.30-16.21.27 TAG fighter=f-1-sk0 bbox=(1242,507,1326,529) mode=compact look=P2 placement=above ring=0 hardPx2=0 softPx2=0 order=5 bound=1
2026.09.30-16.21.27 ICON fighter=f-1-hero bbox=(850,543,882,575) size=32 src=combat anchor=right fallback=0 overlapPx2=0 texture=/Game/ArtTests/ARTMarkers/Textures/T_UI_Action_AttackToken_32
2026.09.30-16.21.27 SNAPSHOT applied seq=31 phase=COMBAT
2026.09.30-16.21.27 HANDLE_APPLIED #47 seq=31 decision=2 fightersValid=1 boardValid=1
2026.09.30-16.21.27 closed mode=
2026.09.30-16.21.27 MODE seq=31 mode=0 combat=1 pending=0
2026.09.30-16.21.27 HUD seq=31 phase=COMBAT turn=you hand=6 oppHand=7(hidden) oppDeck=19 deck=19 discard=5
2026.09.30-16.21.27 ARTPREVIEW fighter=Medusa hero=1 eligible=0 visual=1 mesh=SK_Medusa_H2LD
2026.09.30-16.21.27 FIGHTERS synced n=6 alive=6 own=4 enemy=2
2026.09.30-16.21.27 ATTACK done seq=31 (apply) phase=COMBAT
2026.09.30-16.21.27 SNAPSHOT applied seq=31 phase=COMBAT
2026.09.30-16.21.27 HANDLE_APPLIED #48 seq=31 decision=1 fightersValid=1 boardValid=1
2026.09.30-16.21.27 MODE seq=31 mode=0 combat=1 pending=0
2026.09.30-16.21.27 HUD seq=31 phase=COMBAT turn=you hand=6 oppHand=7(hidden) oppDeck=19 deck=19 discard=5
2026.09.30-16.21.27 ARTPREVIEW fighter=Medusa hero=1 eligible=0 visual=1 mesh=SK_Medusa_H2LD
2026.09.30-16.21.27 FIGHTERS synced n=6 alive=6 own=4 enemy=2
2026.09.30-16.21.27 WS seq=31 phase=COMBAT (merge)
2026.09.30-16.21.27 TAG fighter=f-0-hero bbox=(909,493,1011,515) mode=compact look=P1 placement=above ring=0 hardPx2=0 softPx2=0 order=4 bound=1
2026.09.30-16.21.27 TAG fighter=f-0-sk0 bbox=(1232,385,1316,407) mode=compact look=P1 placement=above ring=0 hardPx2=0 softPx2=0 order=3 bound=1
2026.09.30-16.21.27 TAG fighter=f-0-sk1 bbox=(918,264,1002,286) mode=compact look=P1 placement=above ring=0 hardPx2=0 softPx2=0 order=1 bound=1
2026.09.30-16.21.27 TAG fighter=f-0-sk2 bbox=(761,385,845,407) mode=compact look=P1 placement=above ring=0 hardPx2=0 softPx2=0 order=2 bound=1
2026.09.30-16.21.27 TAG fighter=f-1-hero bbox=(643,513,745,535) mode=compact look=P2 placement=left ring=0 hardPx2=0 softPx2=0 order=0 bound=1
2026.09.30-16.21.27 TAG fighter=f-1-sk0 bbox=(1242,507,1326,529) mode=compact look=P2 placement=above ring=0 hardPx2=0 softPx2=0 order=5 bound=1
2026.09.30-16.21.27 ICON fighter=f-1-hero bbox=(850,543,882,575) size=32 src=combat anchor=right fallback=0 overlapPx2=0 texture=/Game/ArtTests/ARTMarkers/Textures/T_UI_Action_AttackToken_32
2026.09.30-16.21.28 S09AUTO damage-number shot stableFrames=5
2026.09.30-16.21.28 SHOT ctx viewport=1920x1080 viewTarget=CameraActor_2147482348 cam=(0,1107,1582) rot=(-55,-90,0)
2026.09.30-16.21.28 RENDER tag=SHOT rhi=D3D12 featureLevel=SM6 shaderPlatform=PCD3D_SM6 lumenPlatform=1 gi=lumen giMethod=1 refl=lumen reflMethod=1 shadows=csm vsmEnable=0 sg.res=100 sg.view=2 sg.aa=2 sg.shadow=2 sg.gi=2 sg.refl=2 sg.pp=2 sg.tex=2 sg.fx=2 sg.foliage=2 sg.shading=2 sg.landscape=2 preset=High screenPct=100.0 screenPctMode=0 aa=TSR aaMethod=4 exposure=fixed-histogram expMin=4.14106 expMax=4.14106 expBias=0.000 ev100=2.05 lightUnits=candelas sky=1 skyIntensity=11.200 keyShadow=csm-3000uu-2c-contact0.000 shadowCasters=1 profile=cobble-probe profilesSha256=1ecc1e9281845655acf8b31f1dcf52a7510abfc8ba8505525ad72ee8f4ce3c4c profilesSource=pak legacyRender=0 gameLayer=unlit-eyeadaptinv tMaxFPS=30.0 vsync=0 frameRateLimit=60.0 substrate=0 nanite=1 meshDF=1 viewport=1920x1080 reference=1
2026.09.30-16.21.28 SHOT fighter f-0-hero pos=(2,3) world=(0,50,0) screen=(960,606) projected=1 alive=1
2026.09.30-16.21.28 SHOT fighter f-0-sk0 pos=(4,2) world=(200,-50,0) screen=(1271,476) projected=1 alive=1
2026.09.30-16.21.28 SHOT fighter f-0-sk1 pos=(2,1) world=(0,-150,0) screen=(960,355) projected=1 alive=1
2026.09.30-16.21.28 SHOT fighter f-0-sk2 pos=(1,2) world=(-100,-50,0) screen=(805,476) projected=1 alive=1
2026.09.30-16.21.28 SHOT fighter f-1-hero pos=(1,3) world=(-100,50,0) screen=(800,606) projected=1 alive=1
2026.09.30-16.21.28 SHOT fighter f-1-sk0 pos=(4,3) world=(200,50,0) screen=(1280,606) projected=1 alive=1
2026.09.30-16.21.28 SHOT camera dist=1930.8 target=1930.8 overview=1930.8 errPct=0.000 focusErr=0.00 settled=1 zoom=1.00
2026.09.30-16.21.28 SHOT head fighter=f-0-hero socket=Head mesh=SK_Medusa_H2LD world=(-0.7,48.9,47.0) screen=(958.9,561.3) top=(958.9,555.7) bottom=(958.9,566.9) headPx=11.1 projected=1
2026.09.30-16.21.28 SHOT head fighter=f-0-sk0 socket=Head mesh=SK_Harpy_H3LD world=(199.8,-45.0,34.3) screen=(1275.5,450.8) top=(1276.3,445.2) bottom=(1274.7,456.5) headPx=11.4 projected=1
2026.09.30-16.21.28 SHOT head fighter=f-0-sk1 socket=Head mesh=SK_Harpy_H3LD world=(-0.7,-144.9,34.2) screen=(959.0,328.0) top=(959.0,322.2) bottom=(959.0,333.8) headPx=11.6 projected=1
2026.09.30-16.21.28 SHOT head fighter=f-0-sk2 socket=Head mesh=SK_Harpy_H3LD world=(-100.5,-44.8,33.9) screen=(801.4,451.4) top=(801.0,445.7) bottom=(801.8,457.0) headPx=11.3 projected=1
2026.09.30-16.21.28 SHOT head fighter=f-1-hero socket=Head mesh=SK_KingArthur_H2LD world=(-100.4,52.6,49.6) screen=(795.7,564.0) top=(795.2,558.5) bottom=(796.1,569.6) headPx=11.2 projected=1
2026.09.30-16.21.28 SHOT head fighter=f-1-sk0 socket=Head mesh=SK_Merlin_H2LD world=(200.3,46.7,36.4) screen=(1285.4,568.3) top=(1286.3,562.7) bottom=(1284.6,573.8) headPx=11.2 projected=1
2026.09.30-16.21.28 SHOT figure fighter=f-0-hero bbox=(913,517,1007,644) ringR=28.50 art=1 blockout=0 team=P1 look=P1 ring=1
2026.09.30-16.21.28 SHOT figure fighter=f-0-sk0 bbox=(1234,409,1314,504) ringR=22.23 art=1 blockout=0 team=P1 look=P1 ring=1
2026.09.30-16.21.28 SHOT figure fighter=f-0-sk1 bbox=(926,288,994,381) ringR=22.23 art=1 blockout=0 team=P1 look=P1 ring=1
2026.09.30-16.21.28 SHOT figure fighter=f-0-sk2 bbox=(765,409,840,504) ringR=22.23 art=1 blockout=0 team=P1 look=P1 ring=1
2026.09.30-16.21.28 SHOT figure fighter=f-1-hero bbox=(747,513,847,644) ringR=28.50 art=1 blockout=0 team=P2 look=P2 ring=1
2026.09.30-16.21.28 SHOT figure fighter=f-1-sk0 bbox=(1243,531,1326,635) ringR=22.23 art=1 blockout=0 team=P2 look=P2 ring=1
2026.09.30-16.21.28 SHOT request file=s09-damage-number.png frame=1052
2026.09.30-16.21.28 SHOT requested: FScreenshotRequest(bShowUI) -> C:\Users\ren\AppData\Local\Temp\s09-combat-20260930-212050-4920\host/s09-damage-number.png
2026.09.30-16.21.28 SHOT captured file=s09-damage-number.png frame=1052 px=1920x1080 sha256=a26705a6154f86fcf4ffb658892959e6292937fb0e7ee51888e3afa2fa29ca4b order=BGRA saved=1
2026.09.30-16.21.28 SHOT late begin file=s09-damage-number.png frame=1052 requestFrame=1052
2026.09.30-16.21.28 SHOT icon fighter=f-1-hero bbox=(850,543,882,575) size=32 src=combat planned=(850,543,882,575) geom=painted visible=1 anchor=right fallback=0 overlapPx2=0 texture=/Game/ArtTests/ARTMarkers/Textures/T_UI_Action_AttackToken_32 frame=1052
2026.09.30-16.21.28 SHOT widget id=icon impl=umg state=combat fighter=f-1-hero bbox=(850,543,882,575) geom=painted visible=1 twin=0 source=/Game/S08/UI/ArtHud/WBP_S08ArtIcon frame=1052
2026.09.30-16.21.28 SHOT widget id=board.tag impl=umg state=compact fighter=f-0-hero bbox=(909,493,1011,515) geom=painted visible=1 twin=0 source=/Game/S08/UI/ArtHud/WBP_S08ArtTag mode=compact look=P1 shape=circle placement=above ring=0 order=4 bound=1 softPx2=0 planned=(909,493,1011,515) frame=1052
2026.09.30-16.21.28 SHOT widget id=board.tag.hp impl=umg state=compact fighter=f-0-hero bbox=(965,495,1007,513) geom=painted visible=1 twin=0 source=/Game/S08/UI/ArtHud/WBP_S08ArtTag mode=compact look=P1 shape=circle placement=above ring=0 order=4 bound=1 softPx2=0 planned=(909,493,1011,515) frame=1052 font=11
2026.09.30-16.21.28 SHOT widget id=board.tag.bar impl=umg state=compact fighter=f-0-hero bbox=(928,502,962,507) geom=painted visible=1 twin=0 source=/Game/S08/UI/ArtHud/WBP_S08ArtTag mode=compact look=P1 shape=circle placement=above ring=0 order=4 bound=1 softPx2=0 planned=(909,493,1011,515) frame=1052
2026.09.30-16.21.28 SHOT widget id=board.tag.chip impl=umg state=compact fighter=f-0-hero bbox=(913,498,925,510) geom=painted visible=1 twin=0 source=/Game/S08/UI/ArtHud/WBP_S08ArtTag mode=compact look=P1 shape=circle placement=above ring=0 order=4 bound=1 softPx2=0 planned=(909,493,1011,515) frame=1052
2026.09.30-16.21.28 SHOT widget id=board.tag impl=umg state=compact fighter=f-0-sk0 bbox=(1232,385,1316,407) geom=painted visible=1 twin=0 source=/Game/S08/UI/ArtHud/WBP_S08ArtTag mode=compact look=P1 shape=circle placement=above ring=0 order=3 bound=1 softPx2=0 planned=(1232,385,1316,407) frame=1052
2026.09.30-16.21.28 SHOT widget id=board.tag.hp impl=umg state=compact fighter=f-0-sk0 bbox=(1288,387,1312,405) geom=painted visible=1 twin=0 source=/Game/S08/UI/ArtHud/WBP_S08ArtTag mode=compact look=P1 shape=circle placement=above ring=0 order=3 bound=1 softPx2=0 planned=(1232,385,1316,407) frame=1052 font=11
2026.09.30-16.21.28 SHOT widget id=board.tag.bar impl=umg state=compact fighter=f-0-sk0 bbox=(1251,394,1285,399) geom=painted visible=1 twin=0 source=/Game/S08/UI/ArtHud/WBP_S08ArtTag mode=compact look=P1 shape=circle placement=above ring=0 order=3 bound=1 softPx2=0 planned=(1232,385,1316,407) frame=1052
2026.09.30-16.21.28 SHOT widget id=board.tag.chip impl=umg state=compact fighter=f-0-sk0 bbox=(1236,390,1248,402) geom=painted visible=1 twin=0 source=/Game/S08/UI/ArtHud/WBP_S08ArtTag mode=compact look=P1 shape=circle placement=above ring=0 order=3 bound=1 softPx2=0 planned=(1232,385,1316,407) frame=1052
2026.09.30-16.21.28 SHOT widget id=board.tag impl=umg state=compact fighter=f-0-sk1 bbox=(918,264,1002,286) geom=painted visible=1 twin=0 source=/Game/S08/UI/ArtHud/WBP_S08ArtTag mode=compact look=P1 shape=circle placement=above ring=0 order=1 bound=1 softPx2=0 planned=(918,264,1002,286) frame=1052
2026.09.30-16.21.28 SHOT widget id=board.tag.hp impl=umg state=compact fighter=f-0-sk1 bbox=(974,266,998,284) geom=painted visible=1 twin=0 source=/Game/S08/UI/ArtHud/WBP_S08ArtTag mode=compact look=P1 shape=circle placement=above ring=0 order=1 bound=1 softPx2=0 planned=(918,264,1002,286) frame=1052 font=11
2026.09.30-16.21.28 SHOT widget id=board.tag.bar impl=umg state=compact fighter=f-0-sk1 bbox=(937,273,971,278) geom=painted visible=1 twin=0 source=/Game/S08/UI/ArtHud/WBP_S08ArtTag mode=compact look=P1 shape=circle placement=above ring=0 order=1 bound=1 softPx2=0 planned=(918,264,1002,286) frame=1052
2026.09.30-16.21.28 SHOT widget id=board.tag.chip impl=umg state=compact fighter=f-0-sk1 bbox=(922,269,934,281) geom=painted visible=1 twin=0 source=/Game/S08/UI/ArtHud/WBP_S08ArtTag mode=compact look=P1 shape=circle placement=above ring=0 order=1 bound=1 softPx2=0 planned=(918,264,1002,286) frame=1052
2026.09.30-16.21.28 SHOT widget id=board.tag impl=umg state=compact fighter=f-0-sk2 bbox=(761,385,845,407) geom=painted visible=1 twin=0 source=/Game/S08/UI/ArtHud/WBP_S08ArtTag mode=compact look=P1 shape=circle placement=above ring=0 order=2 bound=1 softPx2=0 planned=(761,385,845,407) frame=1052
2026.09.30-16.21.28 SHOT widget id=board.tag.hp impl=umg state=compact fighter=f-0-sk2 bbox=(817,387,841,405) geom=painted visible=1 twin=0 source=/Game/S08/UI/ArtHud/WBP_S08ArtTag mode=compact look=P1 shape=circle placement=above ring=0 order=2 bound=1 softPx2=0 planned=(761,385,845,407) frame=1052 font=11
2026.09.30-16.21.28 SHOT widget id=board.tag.bar impl=umg state=compact fighter=f-0-sk2 bbox=(780,394,814,399) geom=painted visible=1 twin=0 source=/Game/S08/UI/ArtHud/WBP_S08ArtTag mode=compact look=P1 shape=circle placement=above ring=0 order=2 bound=1 softPx2=0 planned=(761,385,845,407) frame=1052
2026.09.30-16.21.28 SHOT widget id=board.tag.chip impl=umg state=compact fighter=f-0-sk2 bbox=(765,390,777,402) geom=painted visible=1 twin=0 source=/Game/S08/UI/ArtHud/WBP_S08ArtTag mode=compact look=P1 shape=circle placement=above ring=0 order=2 bound=1 softPx2=0 planned=(761,385,845,407) frame=1052
2026.09.30-16.21.28 SHOT widget id=board.tag impl=umg state=compact fighter=f-1-hero bbox=(643,513,745,535) geom=painted visible=1 twin=0 source=/Game/S08/UI/ArtHud/WBP_S08ArtTag mode=compact look=P2 shape=hex placement=left ring=0 order=0 bound=1 softPx2=0 planned=(643,513,745,535) frame=1052
2026.09.30-16.21.28 SHOT widget id=board.tag.hp impl=umg state=compact fighter=f-1-hero bbox=(699,515,741,533) geom=painted visible=1 twin=0 source=/Game/S08/UI/ArtHud/WBP_S08ArtTag mode=compact look=P2 shape=hex placement=left ring=0 order=0 bound=1 softPx2=0 planned=(643,513,745,535) frame=1052 font=11
2026.09.30-16.21.28 SHOT widget id=board.tag.bar impl=umg state=compact fighter=f-1-hero bbox=(662,522,696,527) geom=painted visible=1 twin=0 source=/Game/S08/UI/ArtHud/WBP_S08ArtTag mode=compact look=P2 shape=hex placement=left ring=0 order=0 bound=1 softPx2=0 planned=(643,513,745,535) frame=1052
2026.09.30-16.21.28 SHOT widget id=board.tag.chip impl=umg state=compact fighter=f-1-hero bbox=(647,518,659,530) geom=painted visible=1 twin=0 source=/Game/S08/UI/ArtHud/WBP_S08ArtTag mode=compact look=P2 shape=hex placement=left ring=0 order=0 bound=1 softPx2=0 planned=(643,513,745,535) frame=1052
2026.09.30-16.21.28 SHOT widget id=board.tag impl=umg state=compact fighter=f-1-sk0 bbox=(1242,507,1326,529) geom=painted visible=1 twin=0 source=/Game/S08/UI/ArtHud/WBP_S08ArtTag mode=compact look=P2 shape=hex placement=above ring=0 order=5 bound=1 softPx2=0 planned=(1242,507,1326,529) frame=1052
2026.09.30-16.21.28 SHOT widget id=board.tag.hp impl=umg state=compact fighter=f-1-sk0 bbox=(1298,509,1322,527) geom=painted visible=1 twin=0 source=/Game/S08/UI/ArtHud/WBP_S08ArtTag mode=compact look=P2 shape=hex placement=above ring=0 order=5 bound=1 softPx2=0 planned=(1242,507,1326,529) frame=1052 font=11
2026.09.30-16.21.28 SHOT widget id=board.tag.bar impl=umg state=compact fighter=f-1-sk0 bbox=(1261,516,1295,521) geom=painted visible=1 twin=0 source=/Game/S08/UI/ArtHud/WBP_S08ArtTag mode=compact look=P2 shape=hex placement=above ring=0 order=5 bound=1 softPx2=0 planned=(1242,507,1326,529) frame=1052
2026.09.30-16.21.28 SHOT widget id=board.tag.chip impl=umg state=compact fighter=f-1-sk0 bbox=(1246,512,1258,524) geom=painted visible=1 twin=0 source=/Game/S08/UI/ArtHud/WBP_S08ArtTag mode=compact look=P2 shape=hex placement=above ring=0 order=5 bound=1 softPx2=0 planned=(1242,507,1326,529) frame=1052
2026.09.30-16.21.28 SHOT widget id=board.damage impl=umg state=damage fighter=f-1-hero bbox=(674,483,714,511) geom=painted visible=1 twin=0 source=/Game/S08/UI/ArtHud/WBP_S08ArtDamage amount=1 seq=30 placement=above_ring=0_hardPx2=0_softPx2=0 stableFrames=6 planned=(674,483,714,511) frame=1052
2026.09.30-16.21.28 SHOT widget id=board.damage.text impl=umg state=damage fighter=f-1-hero bbox=(682,483,706,511) geom=painted visible=1 twin=0 source=/Game/S08/UI/ArtHud/WBP_S08ArtDamage amount=1 seq=30 placement=above_ring=0_hardPx2=0_softPx2=0 stableFrames=6 planned=(674,483,714,511) frame=1052 font=18
2026.09.30-16.21.28 SHOT damage fighter=f-1-hero bbox=(674,483,714,511) frame=1052
2026.09.30-16.21.28 SHOT panel id=hud.command bbox=(0,0,601,138) geom=painted visible=1 frame=1052
2026.09.30-16.21.28 SHOT panel id=hud.side bbox=(1502,0,1920,121) geom=painted visible=1 frame=1052
2026.09.30-16.21.28 SHOT panel id=hud.hand bbox=(411,985,1510,1080) geom=painted visible=1 frame=1052
2026.09.30-16.21.28 SHOT late end file=s09-damage-number.png frame=1052
2026.09.30-16.21.28 ARTPREVIEW anim fighter=f-1-hero clip=Idle len=2.500 event=clipFinished loop=1 phase=0.3470 seq=-1 asset=AM_KingArthur_Idle
2026.09.30-16.21.28 game -> room=cmuobaygt00wzwircvdqcyy4s code=<redacted> status=IN_PROGRESS
2026.09.30-16.21.28 TAG fighter=f-0-hero bbox=(909,493,1011,515) mode=compact look=P1 placement=above ring=0 hardPx2=0 softPx2=0 order=4 bound=1
2026.09.30-16.21.28 TAG fighter=f-0-sk0 bbox=(1232,385,1316,407) mode=compact look=P1 placement=above ring=0 hardPx2=0 softPx2=0 order=3 bound=1
2026.09.30-16.21.28 TAG fighter=f-0-sk1 bbox=(918,264,1002,286) mode=compact look=P1 placement=above ring=0 hardPx2=0 softPx2=0 order=1 bound=1
2026.09.30-16.21.28 TAG fighter=f-0-sk2 bbox=(761,385,845,407) mode=compact look=P1 placement=above ring=0 hardPx2=0 softPx2=0 order=2 bound=1
2026.09.30-16.21.28 TAG fighter=f-1-hero bbox=(643,513,745,535) mode=compact look=P2 placement=left ring=0 hardPx2=0 softPx2=0 order=0 bound=1
2026.09.30-16.21.28 TAG fighter=f-1-sk0 bbox=(1242,507,1326,529) mode=compact look=P2 placement=above ring=0 hardPx2=0 softPx2=0 order=5 bound=1
2026.09.30-16.21.28 ICON fighter=f-1-hero bbox=(850,543,882,575) size=32 src=combat anchor=right fallback=0 overlapPx2=0 texture=/Game/ArtTests/ARTMarkers/Textures/T_UI_Action_AttackToken_32
2026.09.30-16.21.28 SNAPSHOT applied seq=32 phase=COMBAT_RESOLVE
2026.09.30-16.21.28 HANDLE_APPLIED #49 seq=32 decision=2 fightersValid=1 boardValid=1
2026.09.30-16.21.28 ARTPREVIEW anim fighter=f-0-hero clip=LungeAttack len=0.583 event=attack loop=0 phase=0.0000 seq=32 asset=AM_Medusa_LungeAttack
2026.09.30-16.21.28 closed mode=
2026.09.30-16.21.28 MODE seq=32 mode=5 combat=1 pending=0
2026.09.30-16.21.28 HUD seq=32 phase=COMBAT_RESOLVE turn=you hand=6 oppHand=6(hidden) oppDeck=19~ deck=19~ discard=5
2026.09.30-16.21.28 ARTPREVIEW fighter=Medusa hero=1 eligible=0 visual=1 mesh=SK_Medusa_H2LD
2026.09.30-16.21.28 FIGHTERS synced n=6 alive=6 own=4 enemy=2
2026.09.30-16.21.28 WS seq=32 phase=COMBAT_RESOLVE (apply)
2026.09.30-16.21.28 S09AUTO drive mode=5 plan=[attack] phase=COMBAT_RESOLVE turn=cmukie55u0000wiao06h107t9
2026.09.30-16.21.28 TAG fighter=f-0-hero bbox=(909,493,1011,515) mode=compact look=P1 placement=above ring=0 hardPx2=0 softPx2=0 order=4 bound=1
2026.09.30-16.21.28 TAG fighter=f-0-sk0 bbox=(1232,385,1316,407) mode=compact look=P1 placement=above ring=0 hardPx2=0 softPx2=0 order=3 bound=1
2026.09.30-16.21.28 TAG fighter=f-0-sk1 bbox=(918,264,1002,286) mode=compact look=P1 placement=above ring=0 hardPx2=0 softPx2=0 order=1 bound=1
2026.09.30-16.21.28 TAG fighter=f-0-sk2 bbox=(761,385,845,407) mode=compact look=P1 placement=above ring=0 hardPx2=0 softPx2=0 order=2 bound=1
2026.09.30-16.21.28 TAG fighter=f-1-hero bbox=(643,513,745,535) mode=compact look=P2 placement=left ring=0 hardPx2=0 softPx2=0 order=0 bound=1
2026.09.30-16.21.28 TAG fighter=f-1-sk0 bbox=(1242,507,1326,529) mode=compact look=P2 placement=above ring=0 hardPx2=0 softPx2=0 order=5 bound=1
2026.09.30-16.21.28 ICON fighter=f-1-hero bbox=(850,543,882,575) size=32 src=combat anchor=right fallback=0 overlapPx2=0 texture=/Game/ArtTests/ARTMarkers/Textures/T_UI_Action_AttackToken_32
2026.09.30-16.21.29 SNAPSHOT applied seq=33 phase=COMBAT_RESOLVE
2026.09.30-16.21.29 HANDLE_APPLIED #50 seq=33 decision=2 fightersValid=1 boardValid=1
2026.09.30-16.21.29 closed mode=
2026.09.30-16.21.29 MODE seq=33 mode=6 combat=1 pending=1
2026.09.30-16.21.29 HUD seq=33 phase=COMBAT_RESOLVE turn=you hand=6 oppHand=6(hidden) oppDeck=19~ deck=19~ discard=5
2026.09.30-16.21.29 PENDING panel revealed: attack A3+B0 vs D3
2026.09.30-16.21.29 ARTPREVIEW fighter=Medusa hero=1 eligible=0 visual=1 mesh=SK_Medusa_H2LD
2026.09.30-16.21.29 FIGHTERS synced n=6 alive=6 own=4 enemy=2
2026.09.30-16.21.29 WS seq=33 phase=COMBAT_RESOLVE (apply)
2026.09.30-16.21.29 S09AUTO drive mode=6 plan=[attack] phase=COMBAT_RESOLVE turn=cmukie55u0000wiao06h107t9
2026.09.30-16.21.29 S09AUTO pending-open shot (type=BOOST_CHOICE stage=0 mode=)
2026.09.30-16.21.29 SHOT ctx viewport=1920x1080 viewTarget=CameraActor_2147482348 cam=(0,1107,1582) rot=(-55,-90,0)
2026.09.30-16.21.29 RENDER tag=SHOT rhi=D3D12 featureLevel=SM6 shaderPlatform=PCD3D_SM6 lumenPlatform=1 gi=lumen giMethod=1 refl=lumen reflMethod=1 shadows=csm vsmEnable=0 sg.res=100 sg.view=2 sg.aa=2 sg.shadow=2 sg.gi=2 sg.refl=2 sg.pp=2 sg.tex=2 sg.fx=2 sg.foliage=2 sg.shading=2 sg.landscape=2 preset=High screenPct=100.0 screenPctMode=0 aa=TSR aaMethod=4 exposure=fixed-histogram expMin=4.14106 expMax=4.14106 expBias=0.000 ev100=2.05 lightUnits=candelas sky=1 skyIntensity=11.200 keyShadow=csm-3000uu-2c-contact0.000 shadowCasters=1 profile=cobble-probe profilesSha256=1ecc1e9281845655acf8b31f1dcf52a7510abfc8ba8505525ad72ee8f4ce3c4c profilesSource=pak legacyRender=0 gameLayer=unlit-eyeadaptinv tMaxFPS=30.0 vsync=0 frameRateLimit=60.0 substrate=0 nanite=1 meshDF=1 viewport=1920x1080 reference=1
2026.09.30-16.21.29 SHOT fighter f-0-hero pos=(2,3) world=(0,50,0) screen=(960,606) projected=1 alive=1
2026.09.30-16.21.29 SHOT fighter f-0-sk0 pos=(4,2) world=(200,-50,0) screen=(1271,476) projected=1 alive=1
2026.09.30-16.21.29 SHOT fighter f-0-sk1 pos=(2,1) world=(0,-150,0) screen=(960,355) projected=1 alive=1
2026.09.30-16.21.29 SHOT fighter f-0-sk2 pos=(1,2) world=(-100,-50,0) screen=(805,476) projected=1 alive=1
2026.09.30-16.21.29 SHOT fighter f-1-hero pos=(1,3) world=(-100,50,0) screen=(800,606) projected=1 alive=1
2026.09.30-16.21.29 SHOT fighter f-1-sk0 pos=(4,3) world=(200,50,0) screen=(1280,606) projected=1 alive=1
2026.09.30-16.21.29 SHOT camera dist=1930.8 target=1930.8 overview=1930.8 errPct=0.000 focusErr=0.00 settled=1 zoom=1.00
2026.09.30-16.21.29 SHOT head fighter=f-0-hero socket=Head mesh=SK_Medusa_H2LD world=(0.6,49.7,47.0) screen=(960.9,562.5) top=(960.9,556.9) bottom=(960.9,568.0) headPx=11.1 projected=1
2026.09.30-16.21.29 SHOT head fighter=f-0-sk0 socket=Head mesh=SK_Harpy_H3LD world=(199.6,-44.8,34.0) screen=(1275.1,451.3) top=(1275.9,445.7) bottom=(1274.3,457.0) headPx=11.4 projected=1
2026.09.30-16.21.29 SHOT head fighter=f-0-sk1 socket=Head mesh=SK_Harpy_H3LD world=(0.1,-144.6,34.0) screen=(960.1,328.5) top=(960.1,322.7) bottom=(960.1,334.3) headPx=11.6 projected=1
2026.09.30-16.21.29 SHOT head fighter=f-0-sk2 socket=Head mesh=SK_Harpy_H3LD world=(-100.3,-45.1,34.3) screen=(801.6,450.6) top=(801.2,444.9) bottom=(802.0,456.3) headPx=11.4 projected=1
2026.09.30-16.21.29 SHOT head fighter=f-1-hero socket=Head mesh=SK_KingArthur_H2LD world=(-100.6,49.4,50.1) screen=(795.4,559.2) top=(795.0,553.6) bottom=(795.9,564.8) headPx=11.2 projected=1
2026.09.30-16.21.29 SHOT head fighter=f-1-sk0 socket=Head mesh=SK_Merlin_H2LD world=(200.1,47.3,36.7) screen=(1285.2,568.8) top=(1286.0,563.2) bottom=(1284.3,574.3) headPx=11.2 projected=1
2026.09.30-16.21.29 SHOT figure fighter=f-0-hero bbox=(913,517,1007,644) ringR=28.50 art=1 blockout=0 team=P1 look=P1 ring=1
2026.09.30-16.21.29 SHOT figure fighter=f-0-sk0 bbox=(1234,409,1314,504) ringR=22.23 art=1 blockout=0 team=P1 look=P1 ring=1
2026.09.30-16.21.29 SHOT figure fighter=f-0-sk1 bbox=(926,288,994,381) ringR=22.23 art=1 blockout=0 team=P1 look=P1 ring=1
2026.09.30-16.21.29 SHOT figure fighter=f-0-sk2 bbox=(765,409,840,504) ringR=22.23 art=1 blockout=0 team=P1 look=P1 ring=1
2026.09.30-16.21.29 SHOT figure fighter=f-1-hero bbox=(747,513,847,644) ringR=28.50 art=1 blockout=0 team=P2 look=P2 ring=1
2026.09.30-16.21.29 SHOT figure fighter=f-1-sk0 bbox=(1243,531,1326,635) ringR=22.23 art=1 blockout=0 team=P2 look=P2 ring=1
2026.09.30-16.21.29 SHOT request file=s09-pending-BOOST_CHOICE.png frame=1083
2026.09.30-16.21.29 SHOT requested: FScreenshotRequest(bShowUI) -> C:\Users\ren\AppData\Local\Temp\s09-combat-20260930-212050-4920\host/s09-pending-BOOST_CHOICE.png
2026.09.30-16.21.29 SHOT captured file=s09-pending-BOOST_CHOICE.png frame=1083 px=1920x1080 sha256=71f8ab1fd3343fde65163e0453248884864e24323ee698d0e76838b76c4d2e56 order=BGRA saved=1
2026.09.30-16.21.29 SHOT late begin file=s09-pending-BOOST_CHOICE.png frame=1083 requestFrame=1083
2026.09.30-16.21.29 SHOT icon fighter=f-1-hero bbox=(850,543,882,575) size=32 src=combat planned=(850,543,882,575) geom=painted visible=1 anchor=right fallback=0 overlapPx2=0 texture=/Game/ArtTests/ARTMarkers/Textures/T_UI_Action_AttackToken_32 frame=1083
2026.09.30-16.21.29 SHOT widget id=icon impl=umg state=combat fighter=f-1-hero bbox=(850,543,882,575) geom=painted visible=1 twin=0 source=/Game/S08/UI/ArtHud/WBP_S08ArtIcon frame=1083
2026.09.30-16.21.29 SHOT widget id=board.tag impl=umg state=compact fighter=f-0-hero bbox=(909,493,1011,515) geom=painted visible=1 twin=0 source=/Game/S08/UI/ArtHud/WBP_S08ArtTag mode=compact look=P1 shape=circle placement=above ring=0 order=4 bound=1 softPx2=0 planned=(909,493,1011,515) frame=1083
2026.09.30-16.21.29 SHOT widget id=board.tag.hp impl=umg state=compact fighter=f-0-hero bbox=(965,495,1007,513) geom=painted visible=1 twin=0 source=/Game/S08/UI/ArtHud/WBP_S08ArtTag mode=compact look=P1 shape=circle placement=above ring=0 order=4 bound=1 softPx2=0 planned=(909,493,1011,515) frame=1083 font=11
2026.09.30-16.21.29 SHOT widget id=board.tag.bar impl=umg state=compact fighter=f-0-hero bbox=(928,502,962,507) geom=painted visible=1 twin=0 source=/Game/S08/UI/ArtHud/WBP_S08ArtTag mode=compact look=P1 shape=circle placement=above ring=0 order=4 bound=1 softPx2=0 planned=(909,493,1011,515) frame=1083
2026.09.30-16.21.29 SHOT widget id=board.tag.chip impl=umg state=compact fighter=f-0-hero bbox=(913,498,925,510) geom=painted visible=1 twin=0 source=/Game/S08/UI/ArtHud/WBP_S08ArtTag mode=compact look=P1 shape=circle placement=above ring=0 order=4 bound=1 softPx2=0 planned=(909,493,1011,515) frame=1083
2026.09.30-16.21.29 SHOT widget id=board.tag impl=umg state=compact fighter=f-0-sk0 bbox=(1232,385,1316,407) geom=painted visible=1 twin=0 source=/Game/S08/UI/ArtHud/WBP_S08ArtTag mode=compact look=P1 shape=circle placement=above ring=0 order=3 bound=1 softPx2=0 planned=(1232,385,1316,407) frame=1083
2026.09.30-16.21.29 SHOT widget id=board.tag.hp impl=umg state=compact fighter=f-0-sk0 bbox=(1288,387,1312,405) geom=painted visible=1 twin=0 source=/Game/S08/UI/ArtHud/WBP_S08ArtTag mode=compact look=P1 shape=circle placement=above ring=0 order=3 bound=1 softPx2=0 planned=(1232,385,1316,407) frame=1083 font=11
2026.09.30-16.21.29 SHOT widget id=board.tag.bar impl=umg state=compact fighter=f-0-sk0 bbox=(1251,394,1285,399) geom=painted visible=1 twin=0 source=/Game/S08/UI/ArtHud/WBP_S08ArtTag mode=compact look=P1 shape=circle placement=above ring=0 order=3 bound=1 softPx2=0 planned=(1232,385,1316,407) frame=1083
2026.09.30-16.21.29 SHOT widget id=board.tag.chip impl=umg state=compact fighter=f-0-sk0 bbox=(1236,390,1248,402) geom=painted visible=1 twin=0 source=/Game/S08/UI/ArtHud/WBP_S08ArtTag mode=compact look=P1 shape=circle placement=above ring=0 order=3 bound=1 softPx2=0 planned=(1232,385,1316,407) frame=1083
2026.09.30-16.21.29 SHOT widget id=board.tag impl=umg state=compact fighter=f-0-sk1 bbox=(918,264,1002,286) geom=painted visible=1 twin=0 source=/Game/S08/UI/ArtHud/WBP_S08ArtTag mode=compact look=P1 shape=circle placement=above ring=0 order=1 bound=1 softPx2=0 planned=(918,264,1002,286) frame=1083
2026.09.30-16.21.29 SHOT widget id=board.tag.hp impl=umg state=compact fighter=f-0-sk1 bbox=(974,266,998,284) geom=painted visible=1 twin=0 source=/Game/S08/UI/ArtHud/WBP_S08ArtTag mode=compact look=P1 shape=circle placement=above ring=0 order=1 bound=1 softPx2=0 planned=(918,264,1002,286) frame=1083 font=11
2026.09.30-16.21.29 SHOT widget id=board.tag.bar impl=umg state=compact fighter=f-0-sk1 bbox=(937,273,971,278) geom=painted visible=1 twin=0 source=/Game/S08/UI/ArtHud/WBP_S08ArtTag mode=compact look=P1 shape=circle placement=above ring=0 order=1 bound=1 softPx2=0 planned=(918,264,1002,286) frame=1083
2026.09.30-16.21.29 SHOT widget id=board.tag.chip impl=umg state=compact fighter=f-0-sk1 bbox=(922,269,934,281) geom=painted visible=1 twin=0 source=/Game/S08/UI/ArtHud/WBP_S08ArtTag mode=compact look=P1 shape=circle placement=above ring=0 order=1 bound=1 softPx2=0 planned=(918,264,1002,286) frame=1083
2026.09.30-16.21.29 SHOT widget id=board.tag impl=umg state=compact fighter=f-0-sk2 bbox=(761,385,845,407) geom=painted visible=1 twin=0 source=/Game/S08/UI/ArtHud/WBP_S08ArtTag mode=compact look=P1 shape=circle placement=above ring=0 order=2 bound=1 softPx2=0 planned=(761,385,845,407) frame=1083
2026.09.30-16.21.29 SHOT widget id=board.tag.hp impl=umg state=compact fighter=f-0-sk2 bbox=(817,387,841,405) geom=painted visible=1 twin=0 source=/Game/S08/UI/ArtHud/WBP_S08ArtTag mode=compact look=P1 shape=circle placement=above ring=0 order=2 bound=1 softPx2=0 planned=(761,385,845,407) frame=1083 font=11
2026.09.30-16.21.29 SHOT widget id=board.tag.bar impl=umg state=compact fighter=f-0-sk2 bbox=(780,394,814,399) geom=painted visible=1 twin=0 source=/Game/S08/UI/ArtHud/WBP_S08ArtTag mode=compact look=P1 shape=circle placement=above ring=0 order=2 bound=1 softPx2=0 planned=(761,385,845,407) frame=1083
2026.09.30-16.21.29 SHOT widget id=board.tag.chip impl=umg state=compact fighter=f-0-sk2 bbox=(765,390,777,402) geom=painted visible=1 twin=0 source=/Game/S08/UI/ArtHud/WBP_S08ArtTag mode=compact look=P1 shape=circle placement=above ring=0 order=2 bound=1 softPx2=0 planned=(761,385,845,407) frame=1083
2026.09.30-16.21.29 SHOT widget id=board.tag impl=umg state=compact fighter=f-1-hero bbox=(643,513,745,535) geom=painted visible=1 twin=0 source=/Game/S08/UI/ArtHud/WBP_S08ArtTag mode=compact look=P2 shape=hex placement=left ring=0 order=0 bound=1 softPx2=0 planned=(643,513,745,535) frame=1083
2026.09.30-16.21.29 SHOT widget id=board.tag.hp impl=umg state=compact fighter=f-1-hero bbox=(699,515,741,533) geom=painted visible=1 twin=0 source=/Game/S08/UI/ArtHud/WBP_S08ArtTag mode=compact look=P2 shape=hex placement=left ring=0 order=0 bound=1 softPx2=0 planned=(643,513,745,535) frame=1083 font=11
2026.09.30-16.21.29 SHOT widget id=board.tag.bar impl=umg state=compact fighter=f-1-hero bbox=(662,522,696,527) geom=painted visible=1 twin=0 source=/Game/S08/UI/ArtHud/WBP_S08ArtTag mode=compact look=P2 shape=hex placement=left ring=0 order=0 bound=1 softPx2=0 planned=(643,513,745,535) frame=1083
2026.09.30-16.21.29 SHOT widget id=board.tag.chip impl=umg state=compact fighter=f-1-hero bbox=(647,518,659,530) geom=painted visible=1 twin=0 source=/Game/S08/UI/ArtHud/WBP_S08ArtTag mode=compact look=P2 shape=hex placement=left ring=0 order=0 bound=1 softPx2=0 planned=(643,513,745,535) frame=1083
2026.09.30-16.21.29 SHOT widget id=board.tag impl=umg state=compact fighter=f-1-sk0 bbox=(1242,507,1326,529) geom=painted visible=1 twin=0 source=/Game/S08/UI/ArtHud/WBP_S08ArtTag mode=compact look=P2 shape=hex placement=above ring=0 order=5 bound=1 softPx2=0 planned=(1242,507,1326,529) frame=1083
2026.09.30-16.21.29 SHOT widget id=board.tag.hp impl=umg state=compact fighter=f-1-sk0 bbox=(1298,509,1322,527) geom=painted visible=1 twin=0 source=/Game/S08/UI/ArtHud/WBP_S08ArtTag mode=compact look=P2 shape=hex placement=above ring=0 order=5 bound=1 softPx2=0 planned=(1242,507,1326,529) frame=1083 font=11
2026.09.30-16.21.29 SHOT widget id=board.tag.bar impl=umg state=compact fighter=f-1-sk0 bbox=(1261,516,1295,521) geom=painted visible=1 twin=0 source=/Game/S08/UI/ArtHud/WBP_S08ArtTag mode=compact look=P2 shape=hex placement=above ring=0 order=5 bound=1 softPx2=0 planned=(1242,507,1326,529) frame=1083
2026.09.30-16.21.29 SHOT widget id=board.tag.chip impl=umg state=compact fighter=f-1-sk0 bbox=(1246,512,1258,524) geom=painted visible=1 twin=0 source=/Game/S08/UI/ArtHud/WBP_S08ArtTag mode=compact look=P2 shape=hex placement=above ring=0 order=5 bound=1 softPx2=0 planned=(1242,507,1326,529) frame=1083
2026.09.30-16.21.29 SHOT panel id=hud.command bbox=(0,0,708,200) geom=painted visible=1 frame=1083
2026.09.30-16.21.29 SHOT panel id=hud.side bbox=(1432,0,1920,121) geom=painted visible=1 frame=1083
2026.09.30-16.21.29 SHOT panel id=hud.hand bbox=(411,985,1510,1080) geom=painted visible=1 frame=1083
2026.09.30-16.21.29 SHOT late end file=s09-pending-BOOST_CHOICE.png frame=1083
2026.09.30-16.21.29 S09AUTO boost choice - holding 4s for the other seat's reveal capture
2026.09.30-16.21.29 TAG fighter=f-0-hero bbox=(909,493,1011,515) mode=compact look=P1 placement=above ring=0 hardPx2=0 softPx2=0 order=4 bound=1
2026.09.30-16.21.29 TAG fighter=f-0-sk0 bbox=(1232,385,1316,407) mode=compact look=P1 placement=above ring=0 hardPx2=0 softPx2=0 order=3 bound=1
2026.09.30-16.21.29 TAG fighter=f-0-sk1 bbox=(918,264,1002,286) mode=compact look=P1 placement=above ring=0 hardPx2=0 softPx2=0 order=1 bound=1
2026.09.30-16.21.29 TAG fighter=f-0-sk2 bbox=(761,385,845,407) mode=compact look=P1 placement=above ring=0 hardPx2=0 softPx2=0 order=2 bound=1
2026.09.30-16.21.29 TAG fighter=f-1-hero bbox=(643,513,745,535) mode=compact look=P2 placement=left ring=0 hardPx2=0 softPx2=0 order=0 bound=1
2026.09.30-16.21.29 TAG fighter=f-1-sk0 bbox=(1242,507,1326,529) mode=compact look=P2 placement=above ring=0 hardPx2=0 softPx2=0 order=5 bound=1
2026.09.30-16.21.29 ICON fighter=f-1-hero bbox=(850,543,882,575) size=32 src=combat anchor=right fallback=0 overlapPx2=0 texture=/Game/ArtTests/ARTMarkers/Textures/T_UI_Action_AttackToken_32
2026.09.30-16.21.29 ARTPREVIEW anim fighter=f-0-hero clip=Idle len=2.333 event=clipFinished loop=1 phase=0.8071 seq=-1 asset=AM_Medusa_Idle
2026.09.30-16.21.31 game -> room=cmuobaygt00wzwircvdqcyy4s code=<redacted> status=IN_PROGRESS
2026.09.30-16.21.32 PERF window t=35.1-40.2 frames=139 fps=27.62 frameMs avg=36.20 p50=33.33 p95=33.33 p99=161.17 max=180.81 hitches50=3 gpuMs avg=1.91 p50=1.90 p95=2.11 gameMs avg=5.04 p95=13.64 renderMs avg=2.90 p95=3.44
2026.09.30-16.21.33 PEND-RESOLVE sent type=BOOST_CHOICE stage=0 id=cmuhgvgkf00smwi9gaeymh3ur-during-0-boost-32
2026.09.30-16.21.33 S09AUTO pending picked (type=BOOST_CHOICE stage=0)
2026.09.30-16.21.33 TAG fighter=f-0-hero bbox=(909,493,1011,515) mode=compact look=P1 placement=above ring=0 hardPx2=0 softPx2=0 order=4 bound=1
2026.09.30-16.21.33 TAG fighter=f-0-sk0 bbox=(1232,385,1316,407) mode=compact look=P1 placement=above ring=0 hardPx2=0 softPx2=0 order=3 bound=1
2026.09.30-16.21.33 TAG fighter=f-0-sk1 bbox=(918,264,1002,286) mode=compact look=P1 placement=above ring=0 hardPx2=0 softPx2=0 order=1 bound=1
2026.09.30-16.21.33 TAG fighter=f-0-sk2 bbox=(761,385,845,407) mode=compact look=P1 placement=above ring=0 hardPx2=0 softPx2=0 order=2 bound=1
2026.09.30-16.21.33 TAG fighter=f-1-hero bbox=(643,513,745,535) mode=compact look=P2 placement=left ring=0 hardPx2=0 softPx2=0 order=0 bound=1
2026.09.30-16.21.33 TAG fighter=f-1-sk0 bbox=(1242,507,1326,529) mode=compact look=P2 placement=above ring=0 hardPx2=0 softPx2=0 order=5 bound=1
2026.09.30-16.21.33 ICON fighter=f-1-hero bbox=(850,543,882,575) size=32 src=combat anchor=right fallback=0 overlapPx2=0 texture=/Game/ArtTests/ARTMarkers/Textures/T_UI_Action_AttackToken_32
2026.09.30-16.21.33 SNAPSHOT applied seq=34 phase=ACTION_MANEUVER
2026.09.30-16.21.33 HANDLE_APPLIED #51 seq=34 decision=2 fightersValid=1 boardValid=1
2026.09.30-16.21.33 COMBAT-RESULT seq=34 damage=1 role=attacked
2026.09.30-16.21.33 S09AUTO combat-result shot
2026.09.30-16.21.33 SHOT ctx viewport=1920x1080 viewTarget=CameraActor_2147482348 cam=(0,1107,1582) rot=(-55,-90,0)
2026.09.30-16.21.33 RENDER tag=SHOT rhi=D3D12 featureLevel=SM6 shaderPlatform=PCD3D_SM6 lumenPlatform=1 gi=lumen giMethod=1 refl=lumen reflMethod=1 shadows=csm vsmEnable=0 sg.res=100 sg.view=2 sg.aa=2 sg.shadow=2 sg.gi=2 sg.refl=2 sg.pp=2 sg.tex=2 sg.fx=2 sg.foliage=2 sg.shading=2 sg.landscape=2 preset=High screenPct=100.0 screenPctMode=0 aa=TSR aaMethod=4 exposure=fixed-histogram expMin=4.14106 expMax=4.14106 expBias=0.000 ev100=2.05 lightUnits=candelas sky=1 skyIntensity=11.200 keyShadow=csm-3000uu-2c-contact0.000 shadowCasters=1 profile=cobble-probe profilesSha256=1ecc1e9281845655acf8b31f1dcf52a7510abfc8ba8505525ad72ee8f4ce3c4c profilesSource=pak legacyRender=0 gameLayer=unlit-eyeadaptinv tMaxFPS=30.0 vsync=0 frameRateLimit=60.0 substrate=0 nanite=1 meshDF=1 viewport=1920x1080 reference=1
2026.09.30-16.21.33 SHOT fighter f-0-hero pos=(2,3) world=(0,50,0) screen=(960,606) projected=1 alive=1
2026.09.30-16.21.33 SHOT fighter f-0-sk0 pos=(4,2) world=(200,-50,0) screen=(1271,476) projected=1 alive=1
2026.09.30-16.21.33 SHOT fighter f-0-sk1 pos=(2,1) world=(0,-150,0) screen=(960,355) projected=1 alive=1
2026.09.30-16.21.33 SHOT fighter f-0-sk2 pos=(1,2) world=(-100,-50,0) screen=(805,476) projected=1 alive=1
2026.09.30-16.21.33 SHOT fighter f-1-hero pos=(1,3) world=(-100,50,0) screen=(800,606) projected=1 alive=1
2026.09.30-16.21.33 SHOT fighter f-1-sk0 pos=(4,3) world=(200,50,0) screen=(1280,606) projected=1 alive=1
2026.09.30-16.21.33 SHOT camera dist=1930.8 target=1930.8 overview=1930.8 errPct=0.000 focusErr=0.00 settled=1 zoom=1.00
2026.09.30-16.21.33 SHOT head fighter=f-0-hero socket=Head mesh=SK_Medusa_H2LD world=(0.1,48.7,47.1) screen=(960.2,561.1) top=(960.2,555.5) bottom=(960.2,566.6) headPx=11.1 projected=1
2026.09.30-16.21.33 SHOT head fighter=f-0-sk0 socket=Head mesh=SK_Harpy_H3LD world=(200.0,-44.6,34.0) screen=(1275.7,451.6) top=(1276.5,445.9) bottom=(1274.9,457.2) headPx=11.4 projected=1
2026.09.30-16.21.33 SHOT head fighter=f-0-sk1 socket=Head mesh=SK_Harpy_H3LD world=(-0.1,-144.9,34.2) screen=(959.9,328.0) top=(959.9,322.2) bottom=(959.9,333.8) headPx=11.6 projected=1
2026.09.30-16.21.33 SHOT head fighter=f-0-sk2 socket=Head mesh=SK_Harpy_H3LD world=(-100.7,-44.9,34.2) screen=(801.1,451.1) top=(800.7,445.4) bottom=(801.5,456.7) headPx=11.3 projected=1
2026.09.30-16.21.33 SHOT head fighter=f-1-hero socket=Head mesh=SK_KingArthur_H2LD world=(-99.9,49.0,50.1) screen=(796.7,558.7) top=(796.2,553.1) bottom=(797.1,564.2) headPx=11.2 projected=1
2026.09.30-16.21.33 SHOT head fighter=f-1-sk0 socket=Head mesh=SK_Merlin_H2LD world=(200.0,46.6,36.4) screen=(1285.0,568.2) top=(1285.8,562.6) bottom=(1284.1,573.7) headPx=11.2 projected=1
2026.09.30-16.21.33 SHOT figure fighter=f-0-hero bbox=(913,517,1007,644) ringR=28.50 art=1 blockout=0 team=P1 look=P1 ring=1
2026.09.30-16.21.33 SHOT figure fighter=f-0-sk0 bbox=(1234,409,1314,504) ringR=22.23 art=1 blockout=0 team=P1 look=P1 ring=1
2026.09.30-16.21.33 SHOT figure fighter=f-0-sk1 bbox=(926,288,994,381) ringR=22.23 art=1 blockout=0 team=P1 look=P1 ring=1
2026.09.30-16.21.33 SHOT figure fighter=f-0-sk2 bbox=(765,409,840,504) ringR=22.23 art=1 blockout=0 team=P1 look=P1 ring=1
2026.09.30-16.21.33 SHOT figure fighter=f-1-hero bbox=(747,513,847,644) ringR=28.50 art=1 blockout=0 team=P2 look=P2 ring=1
2026.09.30-16.21.33 SHOT figure fighter=f-1-sk0 bbox=(1243,531,1326,635) ringR=22.23 art=1 blockout=0 team=P2 look=P2 ring=1
2026.09.30-16.21.33 SHOT request file=s09-combat-result.png frame=1208
2026.09.30-16.21.33 SHOT requested: FScreenshotRequest(bShowUI) -> C:\Users\ren\AppData\Local\Temp\s09-combat-20260930-212050-4920\host/s09-combat-result.png
2026.09.30-16.21.33 ARTPREVIEW combat marker fighter=Medusa attacker=0 target=0 icon=0 targetMesh=SM_Marker_TargetRing iconMode=screen targetArcScaleXY=0.920
2026.09.30-16.21.33 ARTPREVIEW combat marker fighter=King Arthur attacker=0 target=0 icon=0 targetMesh=SM_Marker_TargetRing iconMode=screen targetArcScaleXY=0.920
2026.09.30-16.21.33 PENDING panel revealed: attack A3+B0 vs D3
2026.09.30-16.21.33 closed mode=
2026.09.30-16.21.33 MODE seq=34 mode=0 combat=0 pending=0
2026.09.30-16.21.33 HUD seq=34 phase=ACTION_MANEUVER turn=you hand=5 oppHand=6(hidden) oppDeck=19 deck=19 discard=6
2026.09.30-16.21.33 ARTPREVIEW fighter=Medusa hero=1 eligible=0 visual=1 mesh=SK_Medusa_H2LD
2026.09.30-16.21.33 FIGHTERS synced n=6 alive=6 own=4 enemy=2
2026.09.30-16.21.33 ARTPREVIEW damage-number fighter=f-1-hero amount=1 seq=34 cell=(1,3)
2026.09.30-16.21.33 ARTPREVIEW anim fighter=f-1-hero clip=HitReact len=0.417 event=damaged loop=0 phase=0.0000 seq=34 asset=AM_KingArthur_HitReact
2026.09.30-16.21.33 S09AUTO damage-combat scheduled fighter=f-1-hero amount=1 seq=34 source=cue-on-closed-combat-target combatResultSeq=34
2026.09.30-16.21.33 CUE damage f-1-hero -1 seq=34
2026.09.30-16.21.33 PEND resolve done seq=34 (apply) phase=ACTION_MANEUVER
2026.09.30-16.21.33 SNAPSHOT applied seq=34 phase=ACTION_MANEUVER
2026.09.30-16.21.33 HANDLE_APPLIED #52 seq=34 decision=1 fightersValid=1 boardValid=1
2026.09.30-16.21.33 MODE seq=34 mode=0 combat=0 pending=0
2026.09.30-16.21.33 HUD seq=34 phase=ACTION_MANEUVER turn=you hand=5 oppHand=6(hidden) oppDeck=19 deck=19 discard=6
2026.09.30-16.21.33 ARTPREVIEW fighter=Medusa hero=1 eligible=0 visual=1 mesh=SK_Medusa_H2LD
2026.09.30-16.21.33 FIGHTERS synced n=6 alive=6 own=4 enemy=2
2026.09.30-16.21.33 WS seq=34 phase=ACTION_MANEUVER (merge)
2026.09.30-16.21.33 SHOT late begin file=s09-combat-result.png frame=1208 requestFrame=1208
2026.09.30-16.21.33 SHOT icon fighter=f-1-hero bbox=(850,543,882,575) size=32 src=combat planned=(850,543,882,575) geom=painted visible=1 anchor=right fallback=0 overlapPx2=0 texture=/Game/ArtTests/ARTMarkers/Textures/T_UI_Action_AttackToken_32 frame=1208
2026.09.30-16.21.33 SHOT widget id=icon impl=umg state=combat fighter=f-1-hero bbox=(850,543,882,575) geom=painted visible=1 twin=0 source=/Game/S08/UI/ArtHud/WBP_S08ArtIcon frame=1208
2026.09.30-16.21.33 SHOT widget id=board.tag impl=umg state=compact fighter=f-0-hero bbox=(909,493,1011,515) geom=painted visible=1 twin=0 source=/Game/S08/UI/ArtHud/WBP_S08ArtTag mode=compact look=P1 shape=circle placement=above ring=0 order=4 bound=1 softPx2=0 planned=(909,493,1011,515) frame=1208
2026.09.30-16.21.33 SHOT widget id=board.tag.hp impl=umg state=compact fighter=f-0-hero bbox=(965,495,1007,513) geom=painted visible=1 twin=0 source=/Game/S08/UI/ArtHud/WBP_S08ArtTag mode=compact look=P1 shape=circle placement=above ring=0 order=4 bound=1 softPx2=0 planned=(909,493,1011,515) frame=1208 font=11
2026.09.30-16.21.33 SHOT widget id=board.tag.bar impl=umg state=compact fighter=f-0-hero bbox=(928,502,962,507) geom=painted visible=1 twin=0 source=/Game/S08/UI/ArtHud/WBP_S08ArtTag mode=compact look=P1 shape=circle placement=above ring=0 order=4 bound=1 softPx2=0 planned=(909,493,1011,515) frame=1208
2026.09.30-16.21.33 SHOT widget id=board.tag.chip impl=umg state=compact fighter=f-0-hero bbox=(913,498,925,510) geom=painted visible=1 twin=0 source=/Game/S08/UI/ArtHud/WBP_S08ArtTag mode=compact look=P1 shape=circle placement=above ring=0 order=4 bound=1 softPx2=0 planned=(909,493,1011,515) frame=1208
2026.09.30-16.21.33 SHOT widget id=board.tag impl=umg state=compact fighter=f-0-sk0 bbox=(1232,385,1316,407) geom=painted visible=1 twin=0 source=/Game/S08/UI/ArtHud/WBP_S08ArtTag mode=compact look=P1 shape=circle placement=above ring=0 order=3 bound=1 softPx2=0 planned=(1232,385,1316,407) frame=1208
2026.09.30-16.21.33 SHOT widget id=board.tag.hp impl=umg state=compact fighter=f-0-sk0 bbox=(1288,387,1312,405) geom=painted visible=1 twin=0 source=/Game/S08/UI/ArtHud/WBP_S08ArtTag mode=compact look=P1 shape=circle placement=above ring=0 order=3 bound=1 softPx2=0 planned=(1232,385,1316,407) frame=1208 font=11
2026.09.30-16.21.33 SHOT widget id=board.tag.bar impl=umg state=compact fighter=f-0-sk0 bbox=(1251,394,1285,399) geom=painted visible=1 twin=0 source=/Game/S08/UI/ArtHud/WBP_S08ArtTag mode=compact look=P1 shape=circle placement=above ring=0 order=3 bound=1 softPx2=0 planned=(1232,385,1316,407) frame=1208
2026.09.30-16.21.33 SHOT widget id=board.tag.chip impl=umg state=compact fighter=f-0-sk0 bbox=(1236,390,1248,402) geom=painted visible=1 twin=0 source=/Game/S08/UI/ArtHud/WBP_S08ArtTag mode=compact look=P1 shape=circle placement=above ring=0 order=3 bound=1 softPx2=0 planned=(1232,385,1316,407) frame=1208
2026.09.30-16.21.33 SHOT widget id=board.tag impl=umg state=compact fighter=f-0-sk1 bbox=(918,264,1002,286) geom=painted visible=1 twin=0 source=/Game/S08/UI/ArtHud/WBP_S08ArtTag mode=compact look=P1 shape=circle placement=above ring=0 order=1 bound=1 softPx2=0 planned=(918,264,1002,286) frame=1208
2026.09.30-16.21.33 SHOT widget id=board.tag.hp impl=umg state=compact fighter=f-0-sk1 bbox=(974,266,998,284) geom=painted visible=1 twin=0 source=/Game/S08/UI/ArtHud/WBP_S08ArtTag mode=compact look=P1 shape=circle placement=above ring=0 order=1 bound=1 softPx2=0 planned=(918,264,1002,286) frame=1208 font=11
2026.09.30-16.21.33 SHOT widget id=board.tag.bar impl=umg state=compact fighter=f-0-sk1 bbox=(937,273,971,278) geom=painted visible=1 twin=0 source=/Game/S08/UI/ArtHud/WBP_S08ArtTag mode=compact look=P1 shape=circle placement=above ring=0 order=1 bound=1 softPx2=0 planned=(918,264,1002,286) frame=1208
2026.09.30-16.21.33 SHOT widget id=board.tag.chip impl=umg state=compact fighter=f-0-sk1 bbox=(922,269,934,281) geom=painted visible=1 twin=0 source=/Game/S08/UI/ArtHud/WBP_S08ArtTag mode=compact look=P1 shape=circle placement=above ring=0 order=1 bound=1 softPx2=0 planned=(918,264,1002,286) frame=1208
2026.09.30-16.21.33 SHOT widget id=board.tag impl=umg state=compact fighter=f-0-sk2 bbox=(761,385,845,407) geom=painted visible=1 twin=0 source=/Game/S08/UI/ArtHud/WBP_S08ArtTag mode=compact look=P1 shape=circle placement=above ring=0 order=2 bound=1 softPx2=0 planned=(761,385,845,407) frame=1208
2026.09.30-16.21.33 SHOT widget id=board.tag.hp impl=umg state=compact fighter=f-0-sk2 bbox=(817,387,841,405) geom=painted visible=1 twin=0 source=/Game/S08/UI/ArtHud/WBP_S08ArtTag mode=compact look=P1 shape=circle placement=above ring=0 order=2 bound=1 softPx2=0 planned=(761,385,845,407) frame=1208 font=11
2026.09.30-16.21.33 SHOT widget id=board.tag.bar impl=umg state=compact fighter=f-0-sk2 bbox=(780,394,814,399) geom=painted visible=1 twin=0 source=/Game/S08/UI/ArtHud/WBP_S08ArtTag mode=compact look=P1 shape=circle placement=above ring=0 order=2 bound=1 softPx2=0 planned=(761,385,845,407) frame=1208
2026.09.30-16.21.33 SHOT widget id=board.tag.chip impl=umg state=compact fighter=f-0-sk2 bbox=(765,390,777,402) geom=painted visible=1 twin=0 source=/Game/S08/UI/ArtHud/WBP_S08ArtTag mode=compact look=P1 shape=circle placement=above ring=0 order=2 bound=1 softPx2=0 planned=(761,385,845,407) frame=1208
2026.09.30-16.21.33 SHOT widget id=board.tag impl=umg state=compact fighter=f-1-hero bbox=(643,513,745,535) geom=painted visible=1 twin=0 source=/Game/S08/UI/ArtHud/WBP_S08ArtTag mode=compact look=P2 shape=hex placement=left ring=0 order=0 bound=1 softPx2=0 planned=(643,513,745,535) frame=1208
2026.09.30-16.21.33 SHOT widget id=board.tag.hp impl=umg state=compact fighter=f-1-hero bbox=(699,515,741,533) geom=painted visible=1 twin=0 source=/Game/S08/UI/ArtHud/WBP_S08ArtTag mode=compact look=P2 shape=hex placement=left ring=0 order=0 bound=1 softPx2=0 planned=(643,513,745,535) frame=1208 font=11
2026.09.30-16.21.33 SHOT widget id=board.tag.bar impl=umg state=compact fighter=f-1-hero bbox=(662,522,696,527) geom=painted visible=1 twin=0 source=/Game/S08/UI/ArtHud/WBP_S08ArtTag mode=compact look=P2 shape=hex placement=left ring=0 order=0 bound=1 softPx2=0 planned=(643,513,745,535) frame=1208
2026.09.30-16.21.33 SHOT widget id=board.tag.chip impl=umg state=compact fighter=f-1-hero bbox=(647,518,659,530) geom=painted visible=1 twin=0 source=/Game/S08/UI/ArtHud/WBP_S08ArtTag mode=compact look=P2 shape=hex placement=left ring=0 order=0 bound=1 softPx2=0 planned=(643,513,745,535) frame=1208
2026.09.30-16.21.33 SHOT widget id=board.tag impl=umg state=compact fighter=f-1-sk0 bbox=(1242,507,1326,529) geom=painted visible=1 twin=0 source=/Game/S08/UI/ArtHud/WBP_S08ArtTag mode=compact look=P2 shape=hex placement=above ring=0 order=5 bound=1 softPx2=0 planned=(1242,507,1326,529) frame=1208
2026.09.30-16.21.33 SHOT widget id=board.tag.hp impl=umg state=compact fighter=f-1-sk0 bbox=(1298,509,1322,527) geom=painted visible=1 twin=0 source=/Game/S08/UI/ArtHud/WBP_S08ArtTag mode=compact look=P2 shape=hex placement=above ring=0 order=5 bound=1 softPx2=0 planned=(1242,507,1326,529) frame=1208 font=11
2026.09.30-16.21.33 SHOT widget id=board.tag.bar impl=umg state=compact fighter=f-1-sk0 bbox=(1261,516,1295,521) geom=painted visible=1 twin=0 source=/Game/S08/UI/ArtHud/WBP_S08ArtTag mode=compact look=P2 shape=hex placement=above ring=0 order=5 bound=1 softPx2=0 planned=(1242,507,1326,529) frame=1208
2026.09.30-16.21.33 SHOT widget id=board.tag.chip impl=umg state=compact fighter=f-1-sk0 bbox=(1246,512,1258,524) geom=painted visible=1 twin=0 source=/Game/S08/UI/ArtHud/WBP_S08ArtTag mode=compact look=P2 shape=hex placement=above ring=0 order=5 bound=1 softPx2=0 planned=(1242,507,1326,529) frame=1208
2026.09.30-16.21.33 SHOT panel id=hud.command bbox=(0,0,708,200) geom=painted visible=1 frame=1208
2026.09.30-16.21.33 SHOT panel id=hud.side bbox=(1432,0,1920,121) geom=painted visible=1 frame=1208
2026.09.30-16.21.33 SHOT panel id=hud.hand bbox=(377,985,1544,1080) geom=painted visible=1 frame=1208
2026.09.30-16.21.33 SHOT late end file=s09-combat-result.png frame=1208
2026.09.30-16.21.33 TAG fighter=f-0-hero bbox=(909,493,1011,515) mode=compact look=P1 placement=above ring=0 hardPx2=0 softPx2=0 order=4 bound=1
2026.09.30-16.21.33 TAG fighter=f-0-sk0 bbox=(1232,385,1316,407) mode=compact look=P1 placement=above ring=0 hardPx2=0 softPx2=0 order=3 bound=1
2026.09.30-16.21.33 TAG fighter=f-0-sk1 bbox=(918,264,1002,286) mode=compact look=P1 placement=above ring=0 hardPx2=0 softPx2=0 order=1 bound=1
2026.09.30-16.21.33 TAG fighter=f-0-sk2 bbox=(761,385,845,407) mode=compact look=P1 placement=above ring=0 hardPx2=0 softPx2=0 order=2 bound=1
2026.09.30-16.21.33 TAG fighter=f-1-hero bbox=(643,513,745,535) mode=compact look=P2 placement=left ring=0 hardPx2=0 softPx2=0 order=0 bound=1
2026.09.30-16.21.33 TAG fighter=f-1-sk0 bbox=(1242,507,1326,529) mode=compact look=P2 placement=above ring=0 hardPx2=0 softPx2=0 order=5 bound=1
2026.09.30-16.21.33 HUD icon hidden fighter=f-1-hero
2026.09.30-16.21.33 DAMAGE fighter=f-1-hero bbox=(674,483,714,511) amount=1 seq=34 placement=above ring=0 hardPx2=0 softPx2=0
2026.09.30-16.21.33 SHOT captured file=s09-combat-result.png frame=1209 px=1920x1080 sha256=16a3fc7b8df7af53361223290c3bb84f8226d675141977024bafc9b4ddff3678 order=BGRA saved=1
2026.09.30-16.21.33 SHOT late begin file=s09-combat-result.png frame=1209 requestFrame=1208
2026.09.30-16.21.33 SHOT iconstate visible=0 lastFighter=none frame=1209
2026.09.30-16.21.33 SHOT widget id=board.tag impl=umg state=compact fighter=f-0-hero bbox=(909,493,1011,515) geom=painted visible=1 twin=0 source=/Game/S08/UI/ArtHud/WBP_S08ArtTag mode=compact look=P1 shape=circle placement=above ring=0 order=4 bound=1 softPx2=0 planned=(909,493,1011,515) frame=1209
2026.09.30-16.21.33 SHOT widget id=board.tag.hp impl=umg state=compact fighter=f-0-hero bbox=(965,495,1007,513) geom=painted visible=1 twin=0 source=/Game/S08/UI/ArtHud/WBP_S08ArtTag mode=compact look=P1 shape=circle placement=above ring=0 order=4 bound=1 softPx2=0 planned=(909,493,1011,515) frame=1209 font=11
2026.09.30-16.21.33 SHOT widget id=board.tag.bar impl=umg state=compact fighter=f-0-hero bbox=(928,502,962,507) geom=painted visible=1 twin=0 source=/Game/S08/UI/ArtHud/WBP_S08ArtTag mode=compact look=P1 shape=circle placement=above ring=0 order=4 bound=1 softPx2=0 planned=(909,493,1011,515) frame=1209
2026.09.30-16.21.33 SHOT widget id=board.tag.chip impl=umg state=compact fighter=f-0-hero bbox=(913,498,925,510) geom=painted visible=1 twin=0 source=/Game/S08/UI/ArtHud/WBP_S08ArtTag mode=compact look=P1 shape=circle placement=above ring=0 order=4 bound=1 softPx2=0 planned=(909,493,1011,515) frame=1209
2026.09.30-16.21.33 SHOT widget id=board.tag impl=umg state=compact fighter=f-0-sk0 bbox=(1232,385,1316,407) geom=painted visible=1 twin=0 source=/Game/S08/UI/ArtHud/WBP_S08ArtTag mode=compact look=P1 shape=circle placement=above ring=0 order=3 bound=1 softPx2=0 planned=(1232,385,1316,407) frame=1209
2026.09.30-16.21.33 SHOT widget id=board.tag.hp impl=umg state=compact fighter=f-0-sk0 bbox=(1288,387,1312,405) geom=painted visible=1 twin=0 source=/Game/S08/UI/ArtHud/WBP_S08ArtTag mode=compact look=P1 shape=circle placement=above ring=0 order=3 bound=1 softPx2=0 planned=(1232,385,1316,407) frame=1209 font=11
2026.09.30-16.21.33 SHOT widget id=board.tag.bar impl=umg state=compact fighter=f-0-sk0 bbox=(1251,394,1285,399) geom=painted visible=1 twin=0 source=/Game/S08/UI/ArtHud/WBP_S08ArtTag mode=compact look=P1 shape=circle placement=above ring=0 order=3 bound=1 softPx2=0 planned=(1232,385,1316,407) frame=1209
2026.09.30-16.21.33 SHOT widget id=board.tag.chip impl=umg state=compact fighter=f-0-sk0 bbox=(1236,390,1248,402) geom=painted visible=1 twin=0 source=/Game/S08/UI/ArtHud/WBP_S08ArtTag mode=compact look=P1 shape=circle placement=above ring=0 order=3 bound=1 softPx2=0 planned=(1232,385,1316,407) frame=1209
2026.09.30-16.21.33 SHOT widget id=board.tag impl=umg state=compact fighter=f-0-sk1 bbox=(918,264,1002,286) geom=painted visible=1 twin=0 source=/Game/S08/UI/ArtHud/WBP_S08ArtTag mode=compact look=P1 shape=circle placement=above ring=0 order=1 bound=1 softPx2=0 planned=(918,264,1002,286) frame=1209
2026.09.30-16.21.33 SHOT widget id=board.tag.hp impl=umg state=compact fighter=f-0-sk1 bbox=(974,266,998,284) geom=painted visible=1 twin=0 source=/Game/S08/UI/ArtHud/WBP_S08ArtTag mode=compact look=P1 shape=circle placement=above ring=0 order=1 bound=1 softPx2=0 planned=(918,264,1002,286) frame=1209 font=11
2026.09.30-16.21.33 SHOT widget id=board.tag.bar impl=umg state=compact fighter=f-0-sk1 bbox=(937,273,971,278) geom=painted visible=1 twin=0 source=/Game/S08/UI/ArtHud/WBP_S08ArtTag mode=compact look=P1 shape=circle placement=above ring=0 order=1 bound=1 softPx2=0 planned=(918,264,1002,286) frame=1209
2026.09.30-16.21.33 SHOT widget id=board.tag.chip impl=umg state=compact fighter=f-0-sk1 bbox=(922,269,934,281) geom=painted visible=1 twin=0 source=/Game/S08/UI/ArtHud/WBP_S08ArtTag mode=compact look=P1 shape=circle placement=above ring=0 order=1 bound=1 softPx2=0 planned=(918,264,1002,286) frame=1209
2026.09.30-16.21.33 SHOT widget id=board.tag impl=umg state=compact fighter=f-0-sk2 bbox=(761,385,845,407) geom=painted visible=1 twin=0 source=/Game/S08/UI/ArtHud/WBP_S08ArtTag mode=compact look=P1 shape=circle placement=above ring=0 order=2 bound=1 softPx2=0 planned=(761,385,845,407) frame=1209
2026.09.30-16.21.33 SHOT widget id=board.tag.hp impl=umg state=compact fighter=f-0-sk2 bbox=(817,387,841,405) geom=painted visible=1 twin=0 source=/Game/S08/UI/ArtHud/WBP_S08ArtTag mode=compact look=P1 shape=circle placement=above ring=0 order=2 bound=1 softPx2=0 planned=(761,385,845,407) frame=1209 font=11
2026.09.30-16.21.33 SHOT widget id=board.tag.bar impl=umg state=compact fighter=f-0-sk2 bbox=(780,394,814,399) geom=painted visible=1 twin=0 source=/Game/S08/UI/ArtHud/WBP_S08ArtTag mode=compact look=P1 shape=circle placement=above ring=0 order=2 bound=1 softPx2=0 planned=(761,385,845,407) frame=1209
2026.09.30-16.21.33 SHOT widget id=board.tag.chip impl=umg state=compact fighter=f-0-sk2 bbox=(765,390,777,402) geom=painted visible=1 twin=0 source=/Game/S08/UI/ArtHud/WBP_S08ArtTag mode=compact look=P1 shape=circle placement=above ring=0 order=2 bound=1 softPx2=0 planned=(761,385,845,407) frame=1209
2026.09.30-16.21.33 SHOT widget id=board.tag impl=umg state=compact fighter=f-1-hero bbox=(643,513,745,535) geom=painted visible=1 twin=0 source=/Game/S08/UI/ArtHud/WBP_S08ArtTag mode=compact look=P2 shape=hex placement=left ring=0 order=0 bound=1 softPx2=0 planned=(643,513,745,535) frame=1209
2026.09.30-16.21.33 SHOT widget id=board.tag.hp impl=umg state=compact fighter=f-1-hero bbox=(699,515,741,533) geom=painted visible=1 twin=0 source=/Game/S08/UI/ArtHud/WBP_S08ArtTag mode=compact look=P2 shape=hex placement=left ring=0 order=0 bound=1 softPx2=0 planned=(643,513,745,535) frame=1209 font=11
2026.09.30-16.21.33 SHOT widget id=board.tag.bar impl=umg state=compact fighter=f-1-hero bbox=(662,522,696,527) geom=painted visible=1 twin=0 source=/Game/S08/UI/ArtHud/WBP_S08ArtTag mode=compact look=P2 shape=hex placement=left ring=0 order=0 bound=1 softPx2=0 planned=(643,513,745,535) frame=1209
2026.09.30-16.21.33 SHOT widget id=board.tag.chip impl=umg state=compact fighter=f-1-hero bbox=(647,518,659,530) geom=painted visible=1 twin=0 source=/Game/S08/UI/ArtHud/WBP_S08ArtTag mode=compact look=P2 shape=hex placement=left ring=0 order=0 bound=1 softPx2=0 planned=(643,513,745,535) frame=1209
2026.09.30-16.21.33 SHOT widget id=board.tag impl=umg state=compact fighter=f-1-sk0 bbox=(1242,507,1326,529) geom=painted visible=1 twin=0 source=/Game/S08/UI/ArtHud/WBP_S08ArtTag mode=compact look=P2 shape=hex placement=above ring=0 order=5 bound=1 softPx2=0 planned=(1242,507,1326,529) frame=1209
2026.09.30-16.21.33 SHOT widget id=board.tag.hp impl=umg state=compact fighter=f-1-sk0 bbox=(1298,509,1322,527) geom=painted visible=1 twin=0 source=/Game/S08/UI/ArtHud/WBP_S08ArtTag mode=compact look=P2 shape=hex placement=above ring=0 order=5 bound=1 softPx2=0 planned=(1242,507,1326,529) frame=1209 font=11
2026.09.30-16.21.33 SHOT widget id=board.tag.bar impl=umg state=compact fighter=f-1-sk0 bbox=(1261,516,1295,521) geom=painted visible=1 twin=0 source=/Game/S08/UI/ArtHud/WBP_S08ArtTag mode=compact look=P2 shape=hex placement=above ring=0 order=5 bound=1 softPx2=0 planned=(1242,507,1326,529) frame=1209
2026.09.30-16.21.33 SHOT widget id=board.tag.chip impl=umg state=compact fighter=f-1-sk0 bbox=(1246,512,1258,524) geom=painted visible=1 twin=0 source=/Game/S08/UI/ArtHud/WBP_S08ArtTag mode=compact look=P2 shape=hex placement=above ring=0 order=5 bound=1 softPx2=0 planned=(1242,507,1326,529) frame=1209
2026.09.30-16.21.33 SHOT widget id=board.damage impl=umg state=damage fighter=f-1-hero bbox=(674,483,714,511) geom=painted visible=1 twin=0 source=/Game/S08/UI/ArtHud/WBP_S08ArtDamage amount=1 seq=34 placement=above_ring=0_hardPx2=0_softPx2=0 stableFrames=0 planned=(674,483,714,511) frame=1209
2026.09.30-16.21.33 SHOT widget id=board.damage.text impl=umg state=damage fighter=f-1-hero bbox=(682,483,706,511) geom=painted visible=1 twin=0 source=/Game/S08/UI/ArtHud/WBP_S08ArtDamage amount=1 seq=34 placement=above_ring=0_hardPx2=0_softPx2=0 stableFrames=0 planned=(674,483,714,511) frame=1209 font=18
2026.09.30-16.21.33 SHOT damage fighter=f-1-hero bbox=(674,483,714,511) frame=1209
2026.09.30-16.21.33 SHOT panel id=hud.command bbox=(0,0,707,209) geom=painted visible=1 frame=1209
2026.09.30-16.21.33 SHOT panel id=hud.side bbox=(1421,0,1920,121) geom=painted visible=1 frame=1209
2026.09.30-16.21.33 SHOT panel id=hud.hand bbox=(482,985,1438,1080) geom=painted visible=1 frame=1209
2026.09.30-16.21.33 SHOT late end file=s09-combat-result.png frame=1209
2026.09.30-16.21.33 S09AUTO drive mode=0 plan=[attack] phase=ACTION_MANEUVER turn=cmukie55u0000wiao06h107t9
2026.09.30-16.21.33 S09AUTO attack deferred - no may-boost card in hand (turn#3 elapsed=41s)
2026.09.30-16.21.33 TAG fighter=f-0-hero bbox=(909,493,1011,515) mode=compact look=P1 placement=above ring=0 hardPx2=0 softPx2=0 order=4 bound=1
2026.09.30-16.21.33 TAG fighter=f-0-sk0 bbox=(1232,385,1316,407) mode=compact look=P1 placement=above ring=0 hardPx2=0 softPx2=0 order=3 bound=1
2026.09.30-16.21.33 TAG fighter=f-0-sk1 bbox=(918,264,1002,286) mode=compact look=P1 placement=above ring=0 hardPx2=0 softPx2=0 order=1 bound=1
2026.09.30-16.21.33 TAG fighter=f-0-sk2 bbox=(761,385,845,407) mode=compact look=P1 placement=above ring=0 hardPx2=0 softPx2=0 order=2 bound=1
2026.09.30-16.21.33 TAG fighter=f-1-hero bbox=(643,513,745,535) mode=compact look=P2 placement=left ring=0 hardPx2=0 softPx2=0 order=0 bound=1
2026.09.30-16.21.33 TAG fighter=f-1-sk0 bbox=(1242,507,1326,529) mode=compact look=P2 placement=above ring=0 hardPx2=0 softPx2=0 order=5 bound=1
2026.09.30-16.21.33 S09AUTO damage-combat shot fighter=f-1-hero stableFrames=2
2026.09.30-16.21.33 SHOT ctx viewport=1920x1080 viewTarget=CameraActor_2147482348 cam=(0,1107,1582) rot=(-55,-90,0)
2026.09.30-16.21.33 RENDER tag=SHOT rhi=D3D12 featureLevel=SM6 shaderPlatform=PCD3D_SM6 lumenPlatform=1 gi=lumen giMethod=1 refl=lumen reflMethod=1 shadows=csm vsmEnable=0 sg.res=100 sg.view=2 sg.aa=2 sg.shadow=2 sg.gi=2 sg.refl=2 sg.pp=2 sg.tex=2 sg.fx=2 sg.foliage=2 sg.shading=2 sg.landscape=2 preset=High screenPct=100.0 screenPctMode=0 aa=TSR aaMethod=4 exposure=fixed-histogram expMin=4.14106 expMax=4.14106 expBias=0.000 ev100=2.05 lightUnits=candelas sky=1 skyIntensity=11.200 keyShadow=csm-3000uu-2c-contact0.000 shadowCasters=1 profile=cobble-probe profilesSha256=1ecc1e9281845655acf8b31f1dcf52a7510abfc8ba8505525ad72ee8f4ce3c4c profilesSource=pak legacyRender=0 gameLayer=unlit-eyeadaptinv tMaxFPS=30.0 vsync=0 frameRateLimit=60.0 substrate=0 nanite=1 meshDF=1 viewport=1920x1080 reference=1
2026.09.30-16.21.33 SHOT fighter f-0-hero pos=(2,3) world=(0,50,0) screen=(960,606) projected=1 alive=1
2026.09.30-16.21.33 SHOT fighter f-0-sk0 pos=(4,2) world=(200,-50,0) screen=(1271,476) projected=1 alive=1
2026.09.30-16.21.33 SHOT fighter f-0-sk1 pos=(2,1) world=(0,-150,0) screen=(960,355) projected=1 alive=1
2026.09.30-16.21.33 SHOT fighter f-0-sk2 pos=(1,2) world=(-100,-50,0) screen=(805,476) projected=1 alive=1
2026.09.30-16.21.33 SHOT fighter f-1-hero pos=(1,3) world=(-100,50,0) screen=(800,606) projected=1 alive=1
2026.09.30-16.21.33 SHOT fighter f-1-sk0 pos=(4,3) world=(200,50,0) screen=(1280,606) projected=1 alive=1
2026.09.30-16.21.33 SHOT camera dist=1930.8 target=1930.8 overview=1930.8 errPct=0.000 focusErr=0.00 settled=1 zoom=1.00
2026.09.30-16.21.33 SHOT head fighter=f-0-hero socket=Head mesh=SK_Medusa_H2LD world=(0.5,48.8,47.1) screen=(960.8,561.2) top=(960.8,555.6) bottom=(960.8,566.7) headPx=11.1 projected=1
2026.09.30-16.21.33 SHOT head fighter=f-0-sk0 socket=Head mesh=SK_Harpy_H3LD world=(200.1,-44.6,34.0) screen=(1275.9,451.5) top=(1276.7,445.8) bottom=(1275.1,457.1) headPx=11.4 projected=1
2026.09.30-16.21.33 SHOT head fighter=f-0-sk1 socket=Head mesh=SK_Harpy_H3LD world=(-0.3,-145.1,34.3) screen=(959.5,327.6) top=(959.5,321.8) bottom=(959.5,333.4) headPx=11.6 projected=1
2026.09.30-16.21.33 SHOT head fighter=f-0-sk2 socket=Head mesh=SK_Harpy_H3LD world=(-100.7,-44.7,34.0) screen=(801.0,451.4) top=(800.5,445.8) bottom=(801.4,457.1) headPx=11.3 projected=1
2026.09.30-16.21.33 SHOT head fighter=f-1-hero socket=Head mesh=SK_KingArthur_H2LD world=(-100.2,52.1,49.7) screen=(795.9,563.2) top=(795.5,557.6) bottom=(796.3,568.7) headPx=11.2 projected=1
2026.09.30-16.21.33 SHOT head fighter=f-1-sk0 socket=Head mesh=SK_Merlin_H2LD world=(200.2,46.6,36.4) screen=(1285.2,568.2) top=(1286.1,562.6) bottom=(1284.4,573.7) headPx=11.2 projected=1
2026.09.30-16.21.33 SHOT figure fighter=f-0-hero bbox=(913,517,1007,644) ringR=28.50 art=1 blockout=0 team=P1 look=P1 ring=1
2026.09.30-16.21.33 SHOT figure fighter=f-0-sk0 bbox=(1234,409,1314,504) ringR=22.23 art=1 blockout=0 team=P1 look=P1 ring=1
2026.09.30-16.21.33 SHOT figure fighter=f-0-sk1 bbox=(926,288,994,381) ringR=22.23 art=1 blockout=0 team=P1 look=P1 ring=1
2026.09.30-16.21.33 SHOT figure fighter=f-0-sk2 bbox=(765,409,840,504) ringR=22.23 art=1 blockout=0 team=P1 look=P1 ring=1
2026.09.30-16.21.33 SHOT figure fighter=f-1-hero bbox=(747,513,847,644) ringR=28.50 art=1 blockout=0 team=P2 look=P2 ring=1
2026.09.30-16.21.33 SHOT figure fighter=f-1-sk0 bbox=(1243,531,1326,635) ringR=22.23 art=1 blockout=0 team=P2 look=P2 ring=1
2026.09.30-16.21.33 SHOT request file=s09-damage-combat.png frame=1212
2026.09.30-16.21.33 SHOT requested: FScreenshotRequest(bShowUI) -> C:\Users\ren\AppData\Local\Temp\s09-combat-20260930-212050-4920\host/s09-damage-combat.png
2026.09.30-16.21.33 SHOT captured file=s09-damage-combat.png frame=1212 px=1920x1080 sha256=c6cb04875a2a95f468c6f7afd7aae7ccc9d96d7ca70b1d918986b2ce7cdfb87c order=BGRA saved=1
2026.09.30-16.21.33 SHOT late begin file=s09-damage-combat.png frame=1212 requestFrame=1212
2026.09.30-16.21.33 SHOT iconstate visible=0 lastFighter=none frame=1212
2026.09.30-16.21.33 SHOT widget id=board.tag impl=umg state=compact fighter=f-0-hero bbox=(909,493,1011,515) geom=painted visible=1 twin=0 source=/Game/S08/UI/ArtHud/WBP_S08ArtTag mode=compact look=P1 shape=circle placement=above ring=0 order=4 bound=1 softPx2=0 planned=(909,493,1011,515) frame=1212
2026.09.30-16.21.33 SHOT widget id=board.tag.hp impl=umg state=compact fighter=f-0-hero bbox=(965,495,1007,513) geom=painted visible=1 twin=0 source=/Game/S08/UI/ArtHud/WBP_S08ArtTag mode=compact look=P1 shape=circle placement=above ring=0 order=4 bound=1 softPx2=0 planned=(909,493,1011,515) frame=1212 font=11
2026.09.30-16.21.33 SHOT widget id=board.tag.bar impl=umg state=compact fighter=f-0-hero bbox=(928,502,962,507) geom=painted visible=1 twin=0 source=/Game/S08/UI/ArtHud/WBP_S08ArtTag mode=compact look=P1 shape=circle placement=above ring=0 order=4 bound=1 softPx2=0 planned=(909,493,1011,515) frame=1212
2026.09.30-16.21.33 SHOT widget id=board.tag.chip impl=umg state=compact fighter=f-0-hero bbox=(913,498,925,510) geom=painted visible=1 twin=0 source=/Game/S08/UI/ArtHud/WBP_S08ArtTag mode=compact look=P1 shape=circle placement=above ring=0 order=4 bound=1 softPx2=0 planned=(909,493,1011,515) frame=1212
2026.09.30-16.21.33 SHOT widget id=board.tag impl=umg state=compact fighter=f-0-sk0 bbox=(1232,385,1316,407) geom=painted visible=1 twin=0 source=/Game/S08/UI/ArtHud/WBP_S08ArtTag mode=compact look=P1 shape=circle placement=above ring=0 order=3 bound=1 softPx2=0 planned=(1232,385,1316,407) frame=1212
2026.09.30-16.21.33 SHOT widget id=board.tag.hp impl=umg state=compact fighter=f-0-sk0 bbox=(1288,387,1312,405) geom=painted visible=1 twin=0 source=/Game/S08/UI/ArtHud/WBP_S08ArtTag mode=compact look=P1 shape=circle placement=above ring=0 order=3 bound=1 softPx2=0 planned=(1232,385,1316,407) frame=1212 font=11
2026.09.30-16.21.33 SHOT widget id=board.tag.bar impl=umg state=compact fighter=f-0-sk0 bbox=(1251,394,1285,399) geom=painted visible=1 twin=0 source=/Game/S08/UI/ArtHud/WBP_S08ArtTag mode=compact look=P1 shape=circle placement=above ring=0 order=3 bound=1 softPx2=0 planned=(1232,385,1316,407) frame=1212
2026.09.30-16.21.33 SHOT widget id=board.tag.chip impl=umg state=compact fighter=f-0-sk0 bbox=(1236,390,1248,402) geom=painted visible=1 twin=0 source=/Game/S08/UI/ArtHud/WBP_S08ArtTag mode=compact look=P1 shape=circle placement=above ring=0 order=3 bound=1 softPx2=0 planned=(1232,385,1316,407) frame=1212
2026.09.30-16.21.33 SHOT widget id=board.tag impl=umg state=compact fighter=f-0-sk1 bbox=(918,264,1002,286) geom=painted visible=1 twin=0 source=/Game/S08/UI/ArtHud/WBP_S08ArtTag mode=compact look=P1 shape=circle placement=above ring=0 order=1 bound=1 softPx2=0 planned=(918,264,1002,286) frame=1212
2026.09.30-16.21.33 SHOT widget id=board.tag.hp impl=umg state=compact fighter=f-0-sk1 bbox=(974,266,998,284) geom=painted visible=1 twin=0 source=/Game/S08/UI/ArtHud/WBP_S08ArtTag mode=compact look=P1 shape=circle placement=above ring=0 order=1 bound=1 softPx2=0 planned=(918,264,1002,286) frame=1212 font=11
2026.09.30-16.21.33 SHOT widget id=board.tag.bar impl=umg state=compact fighter=f-0-sk1 bbox=(937,273,971,278) geom=painted visible=1 twin=0 source=/Game/S08/UI/ArtHud/WBP_S08ArtTag mode=compact look=P1 shape=circle placement=above ring=0 order=1 bound=1 softPx2=0 planned=(918,264,1002,286) frame=1212
2026.09.30-16.21.33 SHOT widget id=board.tag.chip impl=umg state=compact fighter=f-0-sk1 bbox=(922,269,934,281) geom=painted visible=1 twin=0 source=/Game/S08/UI/ArtHud/WBP_S08ArtTag mode=compact look=P1 shape=circle placement=above ring=0 order=1 bound=1 softPx2=0 planned=(918,264,1002,286) frame=1212
2026.09.30-16.21.33 SHOT widget id=board.tag impl=umg state=compact fighter=f-0-sk2 bbox=(761,385,845,407) geom=painted visible=1 twin=0 source=/Game/S08/UI/ArtHud/WBP_S08ArtTag mode=compact look=P1 shape=circle placement=above ring=0 order=2 bound=1 softPx2=0 planned=(761,385,845,407) frame=1212
2026.09.30-16.21.33 SHOT widget id=board.tag.hp impl=umg state=compact fighter=f-0-sk2 bbox=(817,387,841,405) geom=painted visible=1 twin=0 source=/Game/S08/UI/ArtHud/WBP_S08ArtTag mode=compact look=P1 shape=circle placement=above ring=0 order=2 bound=1 softPx2=0 planned=(761,385,845,407) frame=1212 font=11
2026.09.30-16.21.33 SHOT widget id=board.tag.bar impl=umg state=compact fighter=f-0-sk2 bbox=(780,394,814,399) geom=painted visible=1 twin=0 source=/Game/S08/UI/ArtHud/WBP_S08ArtTag mode=compact look=P1 shape=circle placement=above ring=0 order=2 bound=1 softPx2=0 planned=(761,385,845,407) frame=1212
2026.09.30-16.21.33 SHOT widget id=board.tag.chip impl=umg state=compact fighter=f-0-sk2 bbox=(765,390,777,402) geom=painted visible=1 twin=0 source=/Game/S08/UI/ArtHud/WBP_S08ArtTag mode=compact look=P1 shape=circle placement=above ring=0 order=2 bound=1 softPx2=0 planned=(761,385,845,407) frame=1212
2026.09.30-16.21.33 SHOT widget id=board.tag impl=umg state=compact fighter=f-1-hero bbox=(643,513,745,535) geom=painted visible=1 twin=0 source=/Game/S08/UI/ArtHud/WBP_S08ArtTag mode=compact look=P2 shape=hex placement=left ring=0 order=0 bound=1 softPx2=0 planned=(643,513,745,535) frame=1212
2026.09.30-16.21.33 SHOT widget id=board.tag.hp impl=umg state=compact fighter=f-1-hero bbox=(699,515,741,533) geom=painted visible=1 twin=0 source=/Game/S08/UI/ArtHud/WBP_S08ArtTag mode=compact look=P2 shape=hex placement=left ring=0 order=0 bound=1 softPx2=0 planned=(643,513,745,535) frame=1212 font=11
2026.09.30-16.21.33 SHOT widget id=board.tag.bar impl=umg state=compact fighter=f-1-hero bbox=(662,522,696,527) geom=painted visible=1 twin=0 source=/Game/S08/UI/ArtHud/WBP_S08ArtTag mode=compact look=P2 shape=hex placement=left ring=0 order=0 bound=1 softPx2=0 planned=(643,513,745,535) frame=1212
2026.09.30-16.21.33 SHOT widget id=board.tag.chip impl=umg state=compact fighter=f-1-hero bbox=(647,518,659,530) geom=painted visible=1 twin=0 source=/Game/S08/UI/ArtHud/WBP_S08ArtTag mode=compact look=P2 shape=hex placement=left ring=0 order=0 bound=1 softPx2=0 planned=(643,513,745,535) frame=1212
2026.09.30-16.21.33 SHOT widget id=board.tag impl=umg state=compact fighter=f-1-sk0 bbox=(1242,507,1326,529) geom=painted visible=1 twin=0 source=/Game/S08/UI/ArtHud/WBP_S08ArtTag mode=compact look=P2 shape=hex placement=above ring=0 order=5 bound=1 softPx2=0 planned=(1242,507,1326,529) frame=1212
2026.09.30-16.21.33 SHOT widget id=board.tag.hp impl=umg state=compact fighter=f-1-sk0 bbox=(1298,509,1322,527) geom=painted visible=1 twin=0 source=/Game/S08/UI/ArtHud/WBP_S08ArtTag mode=compact look=P2 shape=hex placement=above ring=0 order=5 bound=1 softPx2=0 planned=(1242,507,1326,529) frame=1212 font=11
2026.09.30-16.21.33 SHOT widget id=board.tag.bar impl=umg state=compact fighter=f-1-sk0 bbox=(1261,516,1295,521) geom=painted visible=1 twin=0 source=/Game/S08/UI/ArtHud/WBP_S08ArtTag mode=compact look=P2 shape=hex placement=above ring=0 order=5 bound=1 softPx2=0 planned=(1242,507,1326,529) frame=1212
2026.09.30-16.21.33 SHOT widget id=board.tag.chip impl=umg state=compact fighter=f-1-sk0 bbox=(1246,512,1258,524) geom=painted visible=1 twin=0 source=/Game/S08/UI/ArtHud/WBP_S08ArtTag mode=compact look=P2 shape=hex placement=above ring=0 order=5 bound=1 softPx2=0 planned=(1242,507,1326,529) frame=1212
2026.09.30-16.21.33 SHOT widget id=board.damage impl=umg state=damage fighter=f-1-hero bbox=(674,483,714,511) geom=painted visible=1 twin=0 source=/Game/S08/UI/ArtHud/WBP_S08ArtDamage amount=1 seq=34 placement=above_ring=0_hardPx2=0_softPx2=0 stableFrames=3 planned=(674,483,714,511) frame=1212
2026.09.30-16.21.33 SHOT widget id=board.damage.text impl=umg state=damage fighter=f-1-hero bbox=(682,483,706,511) geom=painted visible=1 twin=0 source=/Game/S08/UI/ArtHud/WBP_S08ArtDamage amount=1 seq=34 placement=above_ring=0_hardPx2=0_softPx2=0 stableFrames=3 planned=(674,483,714,511) frame=1212 font=18
2026.09.30-16.21.33 SHOT damage fighter=f-1-hero bbox=(674,483,714,511) frame=1212
2026.09.30-16.21.33 SHOT panel id=hud.command bbox=(0,0,707,209) geom=painted visible=1 frame=1212
2026.09.30-16.21.33 SHOT panel id=hud.side bbox=(1421,0,1920,121) geom=painted visible=1 frame=1212
2026.09.30-16.21.33 SHOT panel id=hud.hand bbox=(482,985,1438,1080) geom=painted visible=1 frame=1212
2026.09.30-16.21.33 SHOT late end file=s09-damage-combat.png frame=1212
2026.09.30-16.21.33 SNAPSHOT applied seq=35 phase=ACTION_MANEUVER
2026.09.30-16.21.33 HANDLE_APPLIED #53 seq=35 decision=2 fightersValid=1 boardValid=1
2026.09.30-16.21.33 MANEUVER-DRAFT mode=maneuver:7:34
2026.09.30-16.21.33 DRAFT-OPEN draw committed (resume instead of begin)
2026.09.30-16.21.33 MODE seq=35 mode=1 combat=0 pending=0
2026.09.30-16.21.33 HUD seq=35 phase=ACTION_MANEUVER turn=you hand=6 oppHand=6(hidden) oppDeck=19 deck=18 discard=6
2026.09.30-16.21.33 ARTPREVIEW fighter=Medusa hero=1 eligible=0 visual=1 mesh=SK_Medusa_H2LD
2026.09.30-16.21.33 FIGHTERS synced n=6 alive=6 own=4 enemy=2
2026.09.30-16.21.33 MANEUVER begin seq=35 (apply) pending=maneuver:7:34
2026.09.30-16.21.33 SNAPSHOT applied seq=35 phase=ACTION_MANEUVER
2026.09.30-16.21.33 HANDLE_APPLIED #54 seq=35 decision=1 fightersValid=1 boardValid=1
2026.09.30-16.21.33 MODE seq=35 mode=1 combat=0 pending=0
2026.09.30-16.21.33 HUD seq=35 phase=ACTION_MANEUVER turn=you hand=6 oppHand=6(hidden) oppDeck=19 deck=18 discard=6
2026.09.30-16.21.33 ARTPREVIEW fighter=Medusa hero=1 eligible=0 visual=1 mesh=SK_Medusa_H2LD
2026.09.30-16.21.33 FIGHTERS synced n=6 alive=6 own=4 enemy=2
2026.09.30-16.21.33 WS seq=35 phase=ACTION_MANEUVER (merge)
2026.09.30-16.21.33 S09AUTO drive mode=1 plan=[attack] phase=ACTION_MANEUVER turn=cmukie55u0000wiao06h107t9
2026.09.30-16.21.33 S09AUTO approach: no improving legal step
2026.09.30-16.21.33 MANEUVER-CONFIRM moves=0 boost=none
2026.09.30-16.21.33 HUD plate content fighter=f-0-hero name=Medusa hp=16/16 team=own statuses=HERO  |  MELEE teamSlot=P1 look=P1 shape=circle chip=#DAC576
2026.09.30-16.21.33 PLATE fighter=f-0-hero bbox=(847,970,1019,1024) overlapReachable=0 placement=below ring=40 gap=326 selection=f-0-hero destinations=15 clean=0 softPx2=7216 tested=18880 bound=1
2026.09.30-16.21.33 TAG fighter=f-0-sk0 bbox=(1232,385,1316,407) mode=compact look=P1 placement=above ring=0 hardPx2=0 softPx2=0 order=3 bound=1
2026.09.30-16.21.33 TAG fighter=f-0-sk1 bbox=(918,264,1002,286) mode=compact look=P1 placement=above ring=0 hardPx2=0 softPx2=0 order=1 bound=1
2026.09.30-16.21.33 TAG fighter=f-0-sk2 bbox=(761,385,845,407) mode=compact look=P1 placement=above ring=0 hardPx2=0 softPx2=0 order=2 bound=1
2026.09.30-16.21.33 TAG fighter=f-1-hero bbox=(643,513,745,535) mode=compact look=P2 placement=left ring=0 hardPx2=0 softPx2=0 order=0 bound=1
2026.09.30-16.21.33 TAG fighter=f-1-sk0 bbox=(1242,507,1326,529) mode=compact look=P2 placement=above ring=0 hardPx2=0 softPx2=0 order=4 bound=1
2026.09.30-16.21.33 ARTPREVIEW anim fighter=f-1-hero clip=Idle len=2.500 event=clipFinished loop=1 phase=0.3470 seq=-1 asset=AM_KingArthur_Idle
2026.09.30-16.21.33 TAG fighter=f-0-sk0 bbox=(1232,385,1316,407) mode=compact look=P1 placement=above ring=0 hardPx2=0 softPx2=0 order=3 bound=1
2026.09.30-16.21.33 TAG fighter=f-0-sk1 bbox=(918,264,1002,286) mode=compact look=P1 placement=above ring=0 hardPx2=0 softPx2=0 order=1 bound=1
2026.09.30-16.21.33 TAG fighter=f-0-sk2 bbox=(761,385,845,407) mode=compact look=P1 placement=above ring=0 hardPx2=0 softPx2=0 order=2 bound=1
2026.09.30-16.21.33 TAG fighter=f-1-hero bbox=(643,513,745,535) mode=compact look=P2 placement=left ring=0 hardPx2=0 softPx2=0 order=0 bound=1
2026.09.30-16.21.33 TAG fighter=f-1-sk0 bbox=(1242,507,1326,529) mode=compact look=P2 placement=above ring=0 hardPx2=0 softPx2=0 order=4 bound=1
2026.09.30-16.21.34 SNAPSHOT applied seq=36 phase=ACTION_MANEUVER
2026.09.30-16.21.34 HANDLE_APPLIED #55 seq=36 decision=2 fightersValid=1 boardValid=1
2026.09.30-16.21.34 closed mode=
2026.09.30-16.21.34 MODE seq=36 mode=0 combat=0 pending=0
2026.09.30-16.21.34 HUD seq=36 phase=ACTION_MANEUVER turn=opp hand=6 oppHand=6(hidden) oppDeck=19 deck=18 discard=6
2026.09.30-16.21.34 ARTPREVIEW fighter=Medusa hero=1 eligible=0 visual=1 mesh=SK_Medusa_H2LD
2026.09.30-16.21.34 FIGHTERS synced n=6 alive=6 own=4 enemy=2
2026.09.30-16.21.34 MANEUVER done seq=36 (apply) fighters=6 boost=no
2026.09.30-16.21.34 SNAPSHOT applied seq=36 phase=ACTION_MANEUVER
2026.09.30-16.21.34 HANDLE_APPLIED #56 seq=36 decision=1 fightersValid=1 boardValid=1
2026.09.30-16.21.34 MODE seq=36 mode=0 combat=0 pending=0
2026.09.30-16.21.34 HUD seq=36 phase=ACTION_MANEUVER turn=opp hand=6 oppHand=6(hidden) oppDeck=19 deck=18 discard=6
2026.09.30-16.21.34 ARTPREVIEW fighter=Medusa hero=1 eligible=0 visual=1 mesh=SK_Medusa_H2LD
2026.09.30-16.21.34 FIGHTERS synced n=6 alive=6 own=4 enemy=2
2026.09.30-16.21.34 WS seq=36 phase=ACTION_MANEUVER (merge)
2026.09.30-16.21.34 PLATE hidden fighter=f-0-hero
2026.09.30-16.21.34 TAG fighter=f-0-hero bbox=(909,493,1011,515) mode=compact look=P1 placement=above ring=0 hardPx2=0 softPx2=0 order=4 bound=1
2026.09.30-16.21.34 TAG fighter=f-0-sk0 bbox=(1232,385,1316,407) mode=compact look=P1 placement=above ring=0 hardPx2=0 softPx2=0 order=3 bound=1
2026.09.30-16.21.34 TAG fighter=f-0-sk1 bbox=(918,264,1002,286) mode=compact look=P1 placement=above ring=0 hardPx2=0 softPx2=0 order=1 bound=1
2026.09.30-16.21.34 TAG fighter=f-0-sk2 bbox=(761,385,845,407) mode=compact look=P1 placement=above ring=0 hardPx2=0 softPx2=0 order=2 bound=1
2026.09.30-16.21.34 TAG fighter=f-1-hero bbox=(643,513,745,535) mode=compact look=P2 placement=left ring=0 hardPx2=0 softPx2=0 order=0 bound=1
2026.09.30-16.21.34 TAG fighter=f-1-sk0 bbox=(1242,507,1326,529) mode=compact look=P2 placement=above ring=0 hardPx2=0 softPx2=0 order=5 bound=1
2026.09.30-16.21.34 TAG fighter=f-0-hero bbox=(909,493,1011,515) mode=compact look=P1 placement=above ring=0 hardPx2=0 softPx2=0 order=4 bound=1
2026.09.30-16.21.34 TAG fighter=f-0-sk0 bbox=(1232,385,1316,407) mode=compact look=P1 placement=above ring=0 hardPx2=0 softPx2=0 order=3 bound=1
2026.09.30-16.21.34 TAG fighter=f-0-sk1 bbox=(918,264,1002,286) mode=compact look=P1 placement=above ring=0 hardPx2=0 softPx2=0 order=1 bound=1
2026.09.30-16.21.34 TAG fighter=f-0-sk2 bbox=(761,385,845,407) mode=compact look=P1 placement=above ring=0 hardPx2=0 softPx2=0 order=2 bound=1
2026.09.30-16.21.34 TAG fighter=f-1-hero bbox=(643,513,745,535) mode=compact look=P2 placement=left ring=0 hardPx2=0 softPx2=0 order=0 bound=1
2026.09.30-16.21.34 TAG fighter=f-1-sk0 bbox=(1242,507,1326,529) mode=compact look=P2 placement=above ring=0 hardPx2=0 softPx2=0 order=5 bound=1
2026.09.30-16.21.34 SNAPSHOT applied seq=37 phase=ACTION_MANEUVER
2026.09.30-16.21.34 HANDLE_APPLIED #57 seq=37 decision=2 fightersValid=1 boardValid=1
2026.09.30-16.21.34 MODE seq=37 mode=0 combat=0 pending=0
2026.09.30-16.21.34 HUD seq=37 phase=ACTION_MANEUVER turn=opp hand=6 oppHand=7(hidden) oppDeck=19~ deck=18~ discard=6
2026.09.30-16.21.34 ARTPREVIEW fighter=Medusa hero=1 eligible=0 visual=1 mesh=SK_Medusa_H2LD
2026.09.30-16.21.34 FIGHTERS synced n=6 alive=6 own=4 enemy=2
2026.09.30-16.21.34 WS seq=37 phase=ACTION_MANEUVER (apply)
2026.09.30-16.21.34 SNAPSHOT applied seq=38 phase=ACTION_MANEUVER
2026.09.30-16.21.34 HANDLE_APPLIED #58 seq=38 decision=2 fightersValid=1 boardValid=1
2026.09.30-16.21.34 MODE seq=38 mode=0 combat=0 pending=0
2026.09.30-16.21.34 HUD seq=38 phase=ACTION_MANEUVER turn=opp hand=6 oppHand=7(hidden) oppDeck=19~ deck=18~ discard=6
2026.09.30-16.21.34 ARTPREVIEW fighter=Medusa hero=1 eligible=0 visual=1 mesh=SK_Medusa_H2LD
2026.09.30-16.21.34 FIGHTERS synced n=6 alive=6 own=4 enemy=2
2026.09.30-16.21.34 CUE move f-1-hero (1,3)->(0,3) seq=38
2026.09.30-16.21.34 WS seq=38 phase=ACTION_MANEUVER (apply)
2026.09.30-16.21.34 TAG fighter=f-0-hero bbox=(909,493,1011,515) mode=compact look=P1 placement=above ring=0 hardPx2=0 softPx2=0 order=4 bound=1
2026.09.30-16.21.34 TAG fighter=f-0-sk0 bbox=(1232,385,1316,407) mode=compact look=P1 placement=above ring=0 hardPx2=0 softPx2=0 order=3 bound=1
2026.09.30-16.21.34 TAG fighter=f-0-sk1 bbox=(918,264,1002,286) mode=compact look=P1 placement=above ring=0 hardPx2=0 softPx2=0 order=1 bound=1
2026.09.30-16.21.34 TAG fighter=f-0-sk2 bbox=(761,385,845,407) mode=compact look=P1 placement=above ring=0 hardPx2=0 softPx2=0 order=2 bound=1
2026.09.30-16.21.34 TAG fighter=f-1-hero bbox=(583,489,685,511) mode=compact look=P2 placement=above ring=0 hardPx2=0 softPx2=0 order=0 bound=1
2026.09.30-16.21.34 TAG fighter=f-1-sk0 bbox=(1242,507,1326,529) mode=compact look=P2 placement=above ring=0 hardPx2=0 softPx2=0 order=5 bound=1
2026.09.30-16.21.34 DAMAGE fighter=f-1-hero bbox=(614,459,654,487) amount=1 seq=34 placement=above ring=0 hardPx2=0 softPx2=0
2026.09.30-16.21.34 TAG fighter=f-0-hero bbox=(909,493,1011,515) mode=compact look=P1 placement=above ring=0 hardPx2=0 softPx2=0 order=4 bound=1
2026.09.30-16.21.34 TAG fighter=f-0-sk0 bbox=(1232,385,1316,407) mode=compact look=P1 placement=above ring=0 hardPx2=0 softPx2=0 order=2 bound=1
2026.09.30-16.21.34 TAG fighter=f-0-sk1 bbox=(918,264,1002,286) mode=compact look=P1 placement=above ring=0 hardPx2=0 softPx2=0 order=0 bound=1
2026.09.30-16.21.34 TAG fighter=f-0-sk2 bbox=(761,385,845,407) mode=compact look=P1 placement=above ring=0 hardPx2=0 softPx2=0 order=1 bound=1
2026.09.30-16.21.34 TAG fighter=f-1-hero bbox=(583,489,685,511) mode=compact look=P2 placement=above ring=0 hardPx2=0 softPx2=0 order=3 bound=1
2026.09.30-16.21.34 TAG fighter=f-1-sk0 bbox=(1242,507,1326,529) mode=compact look=P2 placement=above ring=0 hardPx2=0 softPx2=0 order=5 bound=1
2026.09.30-16.21.34 game -> room=cmuobaygt00wzwircvdqcyy4s code=<redacted> status=IN_PROGRESS
2026.09.30-16.21.35 S09AUTO drive mode=0 plan=[attack] phase=ACTION_MANEUVER turn=cmukie57j0001wiaofr67k2vd
2026.09.30-16.21.35 SNAPSHOT applied seq=39 phase=ACTION_MANEUVER
2026.09.30-16.21.35 HANDLE_APPLIED #59 seq=39 decision=2 fightersValid=1 boardValid=1
2026.09.30-16.21.35 MODE seq=39 mode=0 combat=0 pending=0
2026.09.30-16.21.35 HUD seq=39 phase=ACTION_MANEUVER turn=opp hand=6 oppHand=8(hidden) oppDeck=19~ deck=18~ discard=6
2026.09.30-16.21.35 ARTPREVIEW fighter=Medusa hero=1 eligible=0 visual=1 mesh=SK_Medusa_H2LD
2026.09.30-16.21.35 FIGHTERS synced n=6 alive=6 own=4 enemy=2
2026.09.30-16.21.35 WS seq=39 phase=ACTION_MANEUVER (apply)
2026.09.30-16.21.35 SNAPSHOT applied seq=40 phase=TURN_END
2026.09.30-16.21.35 HANDLE_APPLIED #60 seq=40 decision=2 fightersValid=1 boardValid=1
2026.09.30-16.21.35 MODE seq=40 mode=0 combat=0 pending=0
2026.09.30-16.21.35 HUD seq=40 phase=TURN_END turn=opp hand=6 oppHand=8(hidden) oppDeck=19~ deck=18~ discard=6 pendingDiscard=1
2026.09.30-16.21.35 ARTPREVIEW fighter=Medusa hero=1 eligible=0 visual=1 mesh=SK_Medusa_H2LD
2026.09.30-16.21.35 FIGHTERS synced n=6 alive=6 own=4 enemy=2
2026.09.30-16.21.35 CUE move f-1-hero (0,3)->(1,3) seq=40
2026.09.30-16.21.35 WS seq=40 phase=TURN_END (apply)
2026.09.30-16.21.35 TAG fighter=f-0-hero bbox=(909,493,1011,515) mode=compact look=P1 placement=above ring=0 hardPx2=0 softPx2=0 order=4 bound=1
2026.09.30-16.21.35 TAG fighter=f-0-sk0 bbox=(1232,385,1316,407) mode=compact look=P1 placement=above ring=0 hardPx2=0 softPx2=0 order=2 bound=1
2026.09.30-16.21.35 TAG fighter=f-0-sk1 bbox=(918,264,1002,286) mode=compact look=P1 placement=above ring=0 hardPx2=0 softPx2=0 order=0 bound=1
2026.09.30-16.21.35 TAG fighter=f-0-sk2 bbox=(761,385,845,407) mode=compact look=P1 placement=above ring=0 hardPx2=0 softPx2=0 order=1 bound=1
2026.09.30-16.21.35 TAG fighter=f-1-hero bbox=(643,513,745,535) mode=compact look=P2 placement=left ring=0 hardPx2=0 softPx2=0 order=3 bound=1
2026.09.30-16.21.35 TAG fighter=f-1-sk0 bbox=(1242,507,1326,529) mode=compact look=P2 placement=above ring=0 hardPx2=0 softPx2=0 order=5 bound=1
2026.09.30-16.21.35 TAG fighter=f-0-hero bbox=(909,493,1011,515) mode=compact look=P1 placement=above ring=0 hardPx2=0 softPx2=0 order=4 bound=1
2026.09.30-16.21.35 TAG fighter=f-0-sk0 bbox=(1232,385,1316,407) mode=compact look=P1 placement=above ring=0 hardPx2=0 softPx2=0 order=2 bound=1
2026.09.30-16.21.35 TAG fighter=f-0-sk1 bbox=(918,264,1002,286) mode=compact look=P1 placement=above ring=0 hardPx2=0 softPx2=0 order=0 bound=1
2026.09.30-16.21.35 TAG fighter=f-0-sk2 bbox=(761,385,845,407) mode=compact look=P1 placement=above ring=0 hardPx2=0 softPx2=0 order=1 bound=1
2026.09.30-16.21.35 TAG fighter=f-1-hero bbox=(643,513,745,535) mode=compact look=P2 placement=left ring=0 hardPx2=0 softPx2=0 order=3 bound=1
2026.09.30-16.21.35 TAG fighter=f-1-sk0 bbox=(1242,507,1326,529) mode=compact look=P2 placement=above ring=0 hardPx2=0 softPx2=0 order=5 bound=1
2026.09.30-16.21.36 SNAPSHOT applied seq=41 phase=ACTION_MANEUVER
2026.09.30-16.21.36 HANDLE_APPLIED #61 seq=41 decision=2 fightersValid=1 boardValid=1
2026.09.30-16.21.36 closed mode=
2026.09.30-16.21.36 MODE seq=41 mode=6 combat=0 pending=1
2026.09.30-16.21.36 HUD seq=41 phase=ACTION_MANEUVER turn=you hand=6 oppHand=7(hidden) oppDeck=19~ deck=18~ discard=6
2026.09.30-16.21.36 ARTPREVIEW fighter=Medusa hero=1 eligible=0 visual=1 mesh=SK_Medusa_H2LD
2026.09.30-16.21.36 FIGHTERS synced n=6 alive=6 own=4 enemy=2
2026.09.30-16.21.36 WS seq=41 phase=ACTION_MANEUVER (apply)
2026.09.30-16.21.36 S09AUTO drive mode=6 plan=[attack] phase=ACTION_MANEUVER turn=cmukie55u0000wiao06h107t9
2026.09.30-16.21.36 S09AUTO own turn #4 (turnCount=9)
2026.09.30-16.21.36 PEND-RESOLVE sent type=TARGET_FIGHTER stage=0 id=ability-medusa-target-p0
2026.09.30-16.21.36 S09AUTO pending picked (type=TARGET_FIGHTER stage=0)
2026.09.30-16.21.36 HUD plate content fighter=f-1-hero name=King Arthur hp=16/18 team=enemy statuses=HERO  |  MELEE teamSlot=P2 look=P2 shape=hexagon chip=#5786A8
2026.09.30-16.21.36 PLATE fighter=f-1-hero bbox=(705,650,877,704) overlapReachable=0 placement=below ring=0 gap=6 selection=f-1-hero destinations=0 clean=1 softPx2=0 tested=122 bound=1
2026.09.30-16.21.36 TAG fighter=f-0-hero bbox=(909,493,1011,515) mode=compact look=P1 placement=above ring=0 hardPx2=0 softPx2=0 order=3 bound=1
2026.09.30-16.21.36 TAG fighter=f-0-sk0 bbox=(1232,385,1316,407) mode=compact look=P1 placement=above ring=0 hardPx2=0 softPx2=0 order=2 bound=1
2026.09.30-16.21.36 TAG fighter=f-0-sk1 bbox=(918,264,1002,286) mode=compact look=P1 placement=above ring=0 hardPx2=0 softPx2=0 order=0 bound=1
2026.09.30-16.21.36 TAG fighter=f-0-sk2 bbox=(761,385,845,407) mode=compact look=P1 placement=above ring=0 hardPx2=0 softPx2=0 order=1 bound=1
2026.09.30-16.21.36 TAG fighter=f-1-sk0 bbox=(1242,507,1326,529) mode=compact look=P2 placement=above ring=0 hardPx2=0 softPx2=0 order=4 bound=1
2026.09.30-16.21.36 TAG fighter=f-0-hero bbox=(909,493,1011,515) mode=compact look=P1 placement=above ring=0 hardPx2=0 softPx2=0 order=3 bound=1
2026.09.30-16.21.36 TAG fighter=f-0-sk0 bbox=(1232,385,1316,407) mode=compact look=P1 placement=above ring=0 hardPx2=0 softPx2=0 order=2 bound=1
2026.09.30-16.21.36 TAG fighter=f-0-sk1 bbox=(918,264,1002,286) mode=compact look=P1 placement=above ring=0 hardPx2=0 softPx2=0 order=0 bound=1
2026.09.30-16.21.36 TAG fighter=f-0-sk2 bbox=(761,385,845,407) mode=compact look=P1 placement=above ring=0 hardPx2=0 softPx2=0 order=1 bound=1
2026.09.30-16.21.36 TAG fighter=f-1-sk0 bbox=(1242,507,1326,529) mode=compact look=P2 placement=above ring=0 hardPx2=0 softPx2=0 order=4 bound=1
2026.09.30-16.21.36 SNAPSHOT applied seq=42 phase=ACTION_MANEUVER
2026.09.30-16.21.36 HANDLE_APPLIED #62 seq=42 decision=2 fightersValid=1 boardValid=1
2026.09.30-16.21.36 closed mode=
2026.09.30-16.21.36 MODE seq=42 mode=0 combat=0 pending=0
2026.09.30-16.21.36 HUD seq=42 phase=ACTION_MANEUVER turn=you hand=6 oppHand=7(hidden) oppDeck=17 deck=18 discard=6
2026.09.30-16.21.36 ARTPREVIEW fighter=Medusa hero=1 eligible=0 visual=1 mesh=SK_Medusa_H2LD
2026.09.30-16.21.36 FIGHTERS synced n=6 alive=6 own=4 enemy=2
2026.09.30-16.21.36 ARTPREVIEW damage-number fighter=f-1-hero amount=1 seq=42 cell=(1,3)
2026.09.30-16.21.36 ARTPREVIEW anim fighter=f-1-hero clip=HitReact len=0.417 event=damaged loop=0 phase=0.0000 seq=42 asset=AM_KingArthur_HitReact
2026.09.30-16.21.36 CUE damage f-1-hero -1 seq=42
2026.09.30-16.21.36 PEND resolve done seq=42 (apply) phase=ACTION_MANEUVER
2026.09.30-16.21.36 SNAPSHOT applied seq=42 phase=ACTION_MANEUVER
2026.09.30-16.21.36 HANDLE_APPLIED #63 seq=42 decision=1 fightersValid=1 boardValid=1
2026.09.30-16.21.36 MODE seq=42 mode=0 combat=0 pending=0
2026.09.30-16.21.36 HUD seq=42 phase=ACTION_MANEUVER turn=you hand=6 oppHand=7(hidden) oppDeck=17 deck=18 discard=6
2026.09.30-16.21.36 ARTPREVIEW fighter=Medusa hero=1 eligible=0 visual=1 mesh=SK_Medusa_H2LD
2026.09.30-16.21.36 FIGHTERS synced n=6 alive=6 own=4 enemy=2
2026.09.30-16.21.36 WS seq=42 phase=ACTION_MANEUVER (merge)
2026.09.30-16.21.36 S09AUTO drive mode=0 plan=[attack] phase=ACTION_MANEUVER turn=cmukie55u0000wiao06h107t9
2026.09.30-16.21.36 S09AUTO attack deferred - no may-boost card in hand (turn#4 elapsed=44s)
2026.09.30-16.21.36 PLATE hidden fighter=f-1-hero
2026.09.30-16.21.36 TAG fighter=f-0-hero bbox=(909,493,1011,515) mode=compact look=P1 placement=above ring=0 hardPx2=0 softPx2=0 order=4 bound=1
2026.09.30-16.21.36 TAG fighter=f-0-sk0 bbox=(1232,385,1316,407) mode=compact look=P1 placement=above ring=0 hardPx2=0 softPx2=0 order=3 bound=1
2026.09.30-16.21.36 TAG fighter=f-0-sk1 bbox=(918,264,1002,286) mode=compact look=P1 placement=above ring=0 hardPx2=0 softPx2=0 order=1 bound=1
2026.09.30-16.21.36 TAG fighter=f-0-sk2 bbox=(761,385,845,407) mode=compact look=P1 placement=above ring=0 hardPx2=0 softPx2=0 order=2 bound=1
2026.09.30-16.21.36 TAG fighter=f-1-hero bbox=(643,513,745,535) mode=compact look=P2 placement=left ring=0 hardPx2=0 softPx2=0 order=0 bound=1
2026.09.30-16.21.36 TAG fighter=f-1-sk0 bbox=(1242,507,1326,529) mode=compact look=P2 placement=above ring=0 hardPx2=0 softPx2=0 order=5 bound=1
2026.09.30-16.21.36 DAMAGE fighter=f-1-hero bbox=(674,483,714,511) amount=1 seq=42 placement=above ring=0 hardPx2=0 softPx2=0
2026.09.30-16.21.36 TAG fighter=f-0-hero bbox=(909,493,1011,515) mode=compact look=P1 placement=above ring=0 hardPx2=0 softPx2=0 order=4 bound=1
2026.09.30-16.21.36 TAG fighter=f-0-sk0 bbox=(1232,385,1316,407) mode=compact look=P1 placement=above ring=0 hardPx2=0 softPx2=0 order=3 bound=1
2026.09.30-16.21.36 TAG fighter=f-0-sk1 bbox=(918,264,1002,286) mode=compact look=P1 placement=above ring=0 hardPx2=0 softPx2=0 order=1 bound=1
2026.09.30-16.21.36 TAG fighter=f-0-sk2 bbox=(761,385,845,407) mode=compact look=P1 placement=above ring=0 hardPx2=0 softPx2=0 order=2 bound=1
2026.09.30-16.21.36 TAG fighter=f-1-hero bbox=(643,513,745,535) mode=compact look=P2 placement=left ring=0 hardPx2=0 softPx2=0 order=0 bound=1
2026.09.30-16.21.36 TAG fighter=f-1-sk0 bbox=(1242,507,1326,529) mode=compact look=P2 placement=above ring=0 hardPx2=0 softPx2=0 order=5 bound=1
2026.09.30-16.21.36 SNAPSHOT applied seq=43 phase=ACTION_MANEUVER
2026.09.30-16.21.36 HANDLE_APPLIED #64 seq=43 decision=2 fightersValid=1 boardValid=1
2026.09.30-16.21.36 MANEUVER-DRAFT mode=maneuver:9:42
2026.09.30-16.21.36 DRAFT-OPEN draw committed (resume instead of begin)
2026.09.30-16.21.36 MODE seq=43 mode=1 combat=0 pending=0
2026.09.30-16.21.36 HUD seq=43 phase=ACTION_MANEUVER turn=you hand=7 oppHand=7(hidden) oppDeck=17 deck=17 discard=6
2026.09.30-16.21.36 ARTPREVIEW fighter=Medusa hero=1 eligible=0 visual=1 mesh=SK_Medusa_H2LD
2026.09.30-16.21.36 FIGHTERS synced n=6 alive=6 own=4 enemy=2
2026.09.30-16.21.36 MANEUVER begin seq=43 (apply) pending=maneuver:9:42
2026.09.30-16.21.36 SNAPSHOT applied seq=43 phase=ACTION_MANEUVER
2026.09.30-16.21.36 HANDLE_APPLIED #65 seq=43 decision=1 fightersValid=1 boardValid=1
2026.09.30-16.21.36 MODE seq=43 mode=1 combat=0 pending=0
2026.09.30-16.21.36 HUD seq=43 phase=ACTION_MANEUVER turn=you hand=7 oppHand=7(hidden) oppDeck=17 deck=17 discard=6
2026.09.30-16.21.36 ARTPREVIEW fighter=Medusa hero=1 eligible=0 visual=1 mesh=SK_Medusa_H2LD
2026.09.30-16.21.36 FIGHTERS synced n=6 alive=6 own=4 enemy=2
2026.09.30-16.21.36 WS seq=43 phase=ACTION_MANEUVER (merge)
2026.09.30-16.21.36 S09AUTO drive mode=1 plan=[attack] phase=ACTION_MANEUVER turn=cmukie55u0000wiao06h107t9
2026.09.30-16.21.36 S09AUTO approach: no improving legal step
2026.09.30-16.21.36 MANEUVER-CONFIRM moves=0 boost=none
2026.09.30-16.21.36 HUD plate content fighter=f-0-hero name=Medusa hp=16/16 team=own statuses=HERO  |  MELEE teamSlot=P1 look=P1 shape=circle chip=#DAC576
2026.09.30-16.21.36 PLATE fighter=f-0-hero bbox=(847,970,1019,1024) overlapReachable=0 placement=below ring=40 gap=326 selection=f-0-hero destinations=15 clean=0 softPx2=7216 tested=18880 bound=1
2026.09.30-16.21.36 TAG fighter=f-0-sk0 bbox=(1232,385,1316,407) mode=compact look=P1 placement=above ring=0 hardPx2=0 softPx2=0 order=3 bound=1
2026.09.30-16.21.36 TAG fighter=f-0-sk1 bbox=(918,264,1002,286) mode=compact look=P1 placement=above ring=0 hardPx2=0 softPx2=0 order=1 bound=1
2026.09.30-16.21.36 TAG fighter=f-0-sk2 bbox=(761,385,845,407) mode=compact look=P1 placement=above ring=0 hardPx2=0 softPx2=0 order=2 bound=1
2026.09.30-16.21.36 TAG fighter=f-1-hero bbox=(643,513,745,535) mode=compact look=P2 placement=left ring=0 hardPx2=0 softPx2=0 order=0 bound=1
2026.09.30-16.21.36 TAG fighter=f-1-sk0 bbox=(1242,507,1326,529) mode=compact look=P2 placement=above ring=0 hardPx2=0 softPx2=0 order=4 bound=1
2026.09.30-16.21.37 TAG fighter=f-0-sk0 bbox=(1232,385,1316,407) mode=compact look=P1 placement=above ring=0 hardPx2=0 softPx2=0 order=3 bound=1
2026.09.30-16.21.37 TAG fighter=f-0-sk1 bbox=(918,264,1002,286) mode=compact look=P1 placement=above ring=0 hardPx2=0 softPx2=0 order=1 bound=1
2026.09.30-16.21.37 TAG fighter=f-0-sk2 bbox=(761,385,845,407) mode=compact look=P1 placement=above ring=0 hardPx2=0 softPx2=0 order=2 bound=1
2026.09.30-16.21.37 TAG fighter=f-1-hero bbox=(643,513,745,535) mode=compact look=P2 placement=left ring=0 hardPx2=0 softPx2=0 order=0 bound=1
2026.09.30-16.21.37 TAG fighter=f-1-sk0 bbox=(1242,507,1326,529) mode=compact look=P2 placement=above ring=0 hardPx2=0 softPx2=0 order=4 bound=1
2026.09.30-16.21.37 SNAPSHOT applied seq=44 phase=ACTION_MANEUVER
2026.09.30-16.21.37 HANDLE_APPLIED #66 seq=44 decision=2 fightersValid=1 boardValid=1
2026.09.30-16.21.37 closed mode=
2026.09.30-16.21.37 MODE seq=44 mode=0 combat=0 pending=0
2026.09.30-16.21.37 HUD seq=44 phase=ACTION_MANEUVER turn=you hand=7 oppHand=7(hidden) oppDeck=17 deck=17 discard=6
2026.09.30-16.21.37 ARTPREVIEW fighter=Medusa hero=1 eligible=0 visual=1 mesh=SK_Medusa_H2LD
2026.09.30-16.21.37 FIGHTERS synced n=6 alive=6 own=4 enemy=2
2026.09.30-16.21.37 MANEUVER done seq=44 (apply) fighters=6 boost=no
2026.09.30-16.21.37 SNAPSHOT applied seq=44 phase=ACTION_MANEUVER
2026.09.30-16.21.37 HANDLE_APPLIED #67 seq=44 decision=1 fightersValid=1 boardValid=1
2026.09.30-16.21.37 MODE seq=44 mode=0 combat=0 pending=0
2026.09.30-16.21.37 HUD seq=44 phase=ACTION_MANEUVER turn=you hand=7 oppHand=7(hidden) oppDeck=17 deck=17 discard=6
2026.09.30-16.21.37 ARTPREVIEW fighter=Medusa hero=1 eligible=0 visual=1 mesh=SK_Medusa_H2LD
2026.09.30-16.21.37 FIGHTERS synced n=6 alive=6 own=4 enemy=2
2026.09.30-16.21.37 WS seq=44 phase=ACTION_MANEUVER (merge)
2026.09.30-16.21.37 PLATE hidden fighter=f-0-hero
2026.09.30-16.21.37 TAG fighter=f-0-hero bbox=(909,493,1011,515) mode=compact look=P1 placement=above ring=0 hardPx2=0 softPx2=0 order=4 bound=1
2026.09.30-16.21.37 TAG fighter=f-0-sk0 bbox=(1232,385,1316,407) mode=compact look=P1 placement=above ring=0 hardPx2=0 softPx2=0 order=3 bound=1
2026.09.30-16.21.37 TAG fighter=f-0-sk1 bbox=(918,264,1002,286) mode=compact look=P1 placement=above ring=0 hardPx2=0 softPx2=0 order=1 bound=1
2026.09.30-16.21.37 TAG fighter=f-0-sk2 bbox=(761,385,845,407) mode=compact look=P1 placement=above ring=0 hardPx2=0 softPx2=0 order=2 bound=1
2026.09.30-16.21.37 TAG fighter=f-1-hero bbox=(643,513,745,535) mode=compact look=P2 placement=left ring=0 hardPx2=0 softPx2=0 order=0 bound=1
2026.09.30-16.21.37 TAG fighter=f-1-sk0 bbox=(1242,507,1326,529) mode=compact look=P2 placement=above ring=0 hardPx2=0 softPx2=0 order=5 bound=1
2026.09.30-16.21.37 TAG fighter=f-0-hero bbox=(909,493,1011,515) mode=compact look=P1 placement=above ring=0 hardPx2=0 softPx2=0 order=4 bound=1
2026.09.30-16.21.37 TAG fighter=f-0-sk0 bbox=(1232,385,1316,407) mode=compact look=P1 placement=above ring=0 hardPx2=0 softPx2=0 order=3 bound=1
2026.09.30-16.21.37 TAG fighter=f-0-sk1 bbox=(918,264,1002,286) mode=compact look=P1 placement=above ring=0 hardPx2=0 softPx2=0 order=1 bound=1
2026.09.30-16.21.37 TAG fighter=f-0-sk2 bbox=(761,385,845,407) mode=compact look=P1 placement=above ring=0 hardPx2=0 softPx2=0 order=2 bound=1
2026.09.30-16.21.37 TAG fighter=f-1-hero bbox=(643,513,745,535) mode=compact look=P2 placement=left ring=0 hardPx2=0 softPx2=0 order=0 bound=1
2026.09.30-16.21.37 TAG fighter=f-1-sk0 bbox=(1242,507,1326,529) mode=compact look=P2 placement=above ring=0 hardPx2=0 softPx2=0 order=5 bound=1
2026.09.30-16.21.37 ARTPREVIEW anim fighter=f-1-hero clip=Idle len=2.500 event=clipFinished loop=1 phase=0.3470 seq=-1 asset=AM_KingArthur_Idle
2026.09.30-16.21.37 game -> room=cmuobaygt00wzwircvdqcyy4s code=<redacted> status=IN_PROGRESS
2026.09.30-16.21.37 PERF window t=40.2-45.2 frames=142 fps=28.24 frameMs avg=35.41 p50=33.33 p95=33.34 p99=174.52 max=183.58 hitches50=2 gpuMs avg=1.89 p50=1.85 p95=2.07 gameMs avg=5.18 p95=14.61 renderMs avg=2.89 p95=3.70
2026.09.30-16.21.37 TAG fighter=f-0-hero bbox=(909,493,1011,515) mode=compact look=P1 placement=above ring=0 hardPx2=0 softPx2=0 order=4 bound=1
2026.09.30-16.21.37 TAG fighter=f-0-sk0 bbox=(1232,385,1316,407) mode=compact look=P1 placement=above ring=0 hardPx2=0 softPx2=0 order=2 bound=1
2026.09.30-16.21.37 TAG fighter=f-0-sk1 bbox=(918,264,1002,286) mode=compact look=P1 placement=above ring=0 hardPx2=0 softPx2=0 order=0 bound=1
2026.09.30-16.21.37 TAG fighter=f-0-sk2 bbox=(761,385,845,407) mode=compact look=P1 placement=above ring=0 hardPx2=0 softPx2=0 order=1 bound=1
2026.09.30-16.21.37 TAG fighter=f-1-hero bbox=(643,513,745,535) mode=compact look=P2 placement=left ring=0 hardPx2=0 softPx2=0 order=3 bound=1
2026.09.30-16.21.37 TAG fighter=f-1-sk0 bbox=(1242,507,1326,529) mode=compact look=P2 placement=above ring=0 hardPx2=0 softPx2=0 order=5 bound=1
2026.09.30-16.21.38 S09AUTO drive mode=0 plan=[attack] phase=ACTION_MANEUVER turn=cmukie55u0000wiao06h107t9
2026.09.30-16.21.38 S09AUTO attack deferred - no may-boost card in hand (turn#4 elapsed=46s)
2026.09.30-16.21.38 SNAPSHOT applied seq=45 phase=ACTION_MANEUVER
2026.09.30-16.21.38 HANDLE_APPLIED #68 seq=45 decision=2 fightersValid=1 boardValid=1
2026.09.30-16.21.38 MANEUVER-DRAFT mode=maneuver:9:44
2026.09.30-16.21.38 DRAFT-OPEN draw committed (resume instead of begin)
2026.09.30-16.21.38 MODE seq=45 mode=1 combat=0 pending=0
2026.09.30-16.21.38 HUD seq=45 phase=ACTION_MANEUVER turn=you hand=8 oppHand=7(hidden) oppDeck=17 deck=16 discard=6
2026.09.30-16.21.38 ARTPREVIEW fighter=Medusa hero=1 eligible=0 visual=1 mesh=SK_Medusa_H2LD
2026.09.30-16.21.38 FIGHTERS synced n=6 alive=6 own=4 enemy=2
2026.09.30-16.21.38 MANEUVER begin seq=45 (apply) pending=maneuver:9:44
2026.09.30-16.21.38 SNAPSHOT applied seq=45 phase=ACTION_MANEUVER
2026.09.30-16.21.38 HANDLE_APPLIED #69 seq=45 decision=1 fightersValid=1 boardValid=1
2026.09.30-16.21.38 MODE seq=45 mode=1 combat=0 pending=0
2026.09.30-16.21.38 HUD seq=45 phase=ACTION_MANEUVER turn=you hand=8 oppHand=7(hidden) oppDeck=17 deck=16 discard=6
2026.09.30-16.21.38 ARTPREVIEW fighter=Medusa hero=1 eligible=0 visual=1 mesh=SK_Medusa_H2LD
2026.09.30-16.21.38 FIGHTERS synced n=6 alive=6 own=4 enemy=2
2026.09.30-16.21.38 WS seq=45 phase=ACTION_MANEUVER (merge)
2026.09.30-16.21.38 S09AUTO drive mode=1 plan=[attack] phase=ACTION_MANEUVER turn=cmukie55u0000wiao06h107t9
2026.09.30-16.21.38 S09AUTO approach: no improving legal step
2026.09.30-16.21.38 MANEUVER-CONFIRM moves=0 boost=none
2026.09.30-16.21.38 PLATE fighter=f-0-hero bbox=(847,970,1019,1024) overlapReachable=0 placement=below ring=40 gap=326 selection=f-0-hero destinations=15 clean=0 softPx2=7216 tested=18880 bound=1
2026.09.30-16.21.38 TAG fighter=f-0-sk0 bbox=(1232,385,1316,407) mode=compact look=P1 placement=above ring=0 hardPx2=0 softPx2=0 order=2 bound=1
2026.09.30-16.21.38 TAG fighter=f-0-sk1 bbox=(918,264,1002,286) mode=compact look=P1 placement=above ring=0 hardPx2=0 softPx2=0 order=0 bound=1
2026.09.30-16.21.38 TAG fighter=f-0-sk2 bbox=(761,385,845,407) mode=compact look=P1 placement=above ring=0 hardPx2=0 softPx2=0 order=1 bound=1
2026.09.30-16.21.38 TAG fighter=f-1-hero bbox=(643,513,745,535) mode=compact look=P2 placement=left ring=0 hardPx2=0 softPx2=0 order=3 bound=1
2026.09.30-16.21.38 TAG fighter=f-1-sk0 bbox=(1242,507,1326,529) mode=compact look=P2 placement=above ring=0 hardPx2=0 softPx2=0 order=4 bound=1
2026.09.30-16.21.38 TAG fighter=f-0-sk0 bbox=(1232,385,1316,407) mode=compact look=P1 placement=above ring=0 hardPx2=0 softPx2=0 order=2 bound=1
2026.09.30-16.21.38 TAG fighter=f-0-sk1 bbox=(918,264,1002,286) mode=compact look=P1 placement=above ring=0 hardPx2=0 softPx2=0 order=0 bound=1
2026.09.30-16.21.38 TAG fighter=f-0-sk2 bbox=(761,385,845,407) mode=compact look=P1 placement=above ring=0 hardPx2=0 softPx2=0 order=1 bound=1
2026.09.30-16.21.38 TAG fighter=f-1-hero bbox=(643,513,745,535) mode=compact look=P2 placement=left ring=0 hardPx2=0 softPx2=0 order=3 bound=1
2026.09.30-16.21.38 TAG fighter=f-1-sk0 bbox=(1242,507,1326,529) mode=compact look=P2 placement=above ring=0 hardPx2=0 softPx2=0 order=4 bound=1
2026.09.30-16.21.38 SNAPSHOT applied seq=46 phase=TURN_END
2026.09.30-16.21.38 HANDLE_APPLIED #70 seq=46 decision=2 fightersValid=1 boardValid=1
2026.09.30-16.21.38 DISCARD-DRAFT count=1 pending=discard:9:46
2026.09.30-16.21.38 MODE seq=46 mode=2 combat=0 pending=0
2026.09.30-16.21.38 HUD seq=46 phase=TURN_END turn=you hand=8 oppHand=7(hidden) oppDeck=17 deck=16 discard=6 pendingDiscard=1
2026.09.30-16.21.38 ARTPREVIEW fighter=Medusa hero=1 eligible=0 visual=1 mesh=SK_Medusa_H2LD
2026.09.30-16.21.38 FIGHTERS synced n=6 alive=6 own=4 enemy=2
2026.09.30-16.21.38 MANEUVER done seq=46 (apply) fighters=6 boost=no
2026.09.30-16.21.38 SNAPSHOT applied seq=46 phase=TURN_END
2026.09.30-16.21.38 HANDLE_APPLIED #71 seq=46 decision=1 fightersValid=1 boardValid=1
2026.09.30-16.21.38 MODE seq=46 mode=2 combat=0 pending=0
2026.09.30-16.21.38 HUD seq=46 phase=TURN_END turn=you hand=8 oppHand=7(hidden) oppDeck=17 deck=16 discard=6 pendingDiscard=1
2026.09.30-16.21.38 ARTPREVIEW fighter=Medusa hero=1 eligible=0 visual=1 mesh=SK_Medusa_H2LD
2026.09.30-16.21.38 FIGHTERS synced n=6 alive=6 own=4 enemy=2
2026.09.30-16.21.38 WS seq=46 phase=TURN_END (merge)
2026.09.30-16.21.38 PLATE hidden fighter=f-0-hero
2026.09.30-16.21.38 TAG fighter=f-0-hero bbox=(909,493,1011,515) mode=compact look=P1 placement=above ring=0 hardPx2=0 softPx2=0 order=4 bound=1
2026.09.30-16.21.38 TAG fighter=f-0-sk0 bbox=(1232,385,1316,407) mode=compact look=P1 placement=above ring=0 hardPx2=0 softPx2=0 order=2 bound=1
2026.09.30-16.21.38 TAG fighter=f-0-sk1 bbox=(918,264,1002,286) mode=compact look=P1 placement=above ring=0 hardPx2=0 softPx2=0 order=0 bound=1
2026.09.30-16.21.38 TAG fighter=f-0-sk2 bbox=(761,385,845,407) mode=compact look=P1 placement=above ring=0 hardPx2=0 softPx2=0 order=1 bound=1
2026.09.30-16.21.38 TAG fighter=f-1-hero bbox=(643,513,745,535) mode=compact look=P2 placement=left ring=0 hardPx2=0 softPx2=0 order=3 bound=1
2026.09.30-16.21.38 TAG fighter=f-1-sk0 bbox=(1242,507,1326,529) mode=compact look=P2 placement=above ring=0 hardPx2=0 softPx2=0 order=5 bound=1
2026.09.30-16.21.38 TAG fighter=f-0-hero bbox=(909,493,1011,515) mode=compact look=P1 placement=above ring=0 hardPx2=0 softPx2=0 order=4 bound=1
2026.09.30-16.21.38 TAG fighter=f-0-sk0 bbox=(1232,385,1316,407) mode=compact look=P1 placement=above ring=0 hardPx2=0 softPx2=0 order=2 bound=1
2026.09.30-16.21.38 TAG fighter=f-0-sk1 bbox=(918,264,1002,286) mode=compact look=P1 placement=above ring=0 hardPx2=0 softPx2=0 order=0 bound=1
2026.09.30-16.21.38 TAG fighter=f-0-sk2 bbox=(761,385,845,407) mode=compact look=P1 placement=above ring=0 hardPx2=0 softPx2=0 order=1 bound=1
2026.09.30-16.21.38 TAG fighter=f-1-hero bbox=(643,513,745,535) mode=compact look=P2 placement=left ring=0 hardPx2=0 softPx2=0 order=3 bound=1
2026.09.30-16.21.38 TAG fighter=f-1-sk0 bbox=(1242,507,1326,529) mode=compact look=P2 placement=above ring=0 hardPx2=0 softPx2=0 order=5 bound=1
2026.09.30-16.21.39 S09AUTO drive mode=2 plan=[attack] phase=TURN_END turn=cmukie55u0000wiao06h107t9
2026.09.30-16.21.39 S09AUTO discard picks=1
2026.09.30-16.21.39 DISCARD-CONFIRM pending=discard:9:46 count=1 ids=cmuhgvgki00sswi9gdr1ptm2z::1
2026.09.30-16.21.39 TAG fighter=f-0-hero bbox=(909,493,1011,515) mode=compact look=P1 placement=above ring=0 hardPx2=0 softPx2=0 order=4 bound=1
2026.09.30-16.21.39 TAG fighter=f-0-sk0 bbox=(1232,385,1316,407) mode=compact look=P1 placement=above ring=0 hardPx2=0 softPx2=0 order=2 bound=1
2026.09.30-16.21.39 TAG fighter=f-0-sk1 bbox=(918,264,1002,286) mode=compact look=P1 placement=above ring=0 hardPx2=0 softPx2=0 order=0 bound=1
2026.09.30-16.21.39 TAG fighter=f-0-sk2 bbox=(761,385,845,407) mode=compact look=P1 placement=above ring=0 hardPx2=0 softPx2=0 order=1 bound=1
2026.09.30-16.21.39 TAG fighter=f-1-hero bbox=(643,513,745,535) mode=compact look=P2 placement=left ring=0 hardPx2=0 softPx2=0 order=3 bound=1
2026.09.30-16.21.39 TAG fighter=f-1-sk0 bbox=(1242,507,1326,529) mode=compact look=P2 placement=above ring=0 hardPx2=0 softPx2=0 order=5 bound=1
2026.09.30-16.21.39 SNAPSHOT applied seq=47 phase=ACTION_MANEUVER
2026.09.30-16.21.39 HANDLE_APPLIED #72 seq=47 decision=2 fightersValid=1 boardValid=1
2026.09.30-16.21.39 closed mode=
2026.09.30-16.21.39 MODE seq=47 mode=0 combat=0 pending=0
2026.09.30-16.21.39 HUD seq=47 phase=ACTION_MANEUVER turn=opp hand=7 oppHand=7(hidden) oppDeck=17 deck=16 discard=7
2026.09.30-16.21.39 ARTPREVIEW fighter=Medusa hero=1 eligible=0 visual=1 mesh=SK_Medusa_H2LD
2026.09.30-16.21.39 FIGHTERS synced n=6 alive=6 own=4 enemy=2
2026.09.30-16.21.39 DISCARD done seq=47 phase=ACTION_MANEUVER count=1
2026.09.30-16.21.39 SNAPSHOT applied seq=47 phase=ACTION_MANEUVER
2026.09.30-16.21.39 HANDLE_APPLIED #73 seq=47 decision=1 fightersValid=1 boardValid=1
2026.09.30-16.21.39 MODE seq=47 mode=0 combat=0 pending=0
2026.09.30-16.21.39 HUD seq=47 phase=ACTION_MANEUVER turn=opp hand=7 oppHand=7(hidden) oppDeck=17 deck=16 discard=7
2026.09.30-16.21.39 ARTPREVIEW fighter=Medusa hero=1 eligible=0 visual=1 mesh=SK_Medusa_H2LD
2026.09.30-16.21.39 FIGHTERS synced n=6 alive=6 own=4 enemy=2
2026.09.30-16.21.39 WS seq=47 phase=ACTION_MANEUVER (merge)
2026.09.30-16.21.39 TAG fighter=f-0-hero bbox=(909,493,1011,515) mode=compact look=P1 placement=above ring=0 hardPx2=0 softPx2=0 order=4 bound=1
2026.09.30-16.21.39 TAG fighter=f-0-sk0 bbox=(1232,385,1316,407) mode=compact look=P1 placement=above ring=0 hardPx2=0 softPx2=0 order=2 bound=1
2026.09.30-16.21.39 TAG fighter=f-0-sk1 bbox=(918,264,1002,286) mode=compact look=P1 placement=above ring=0 hardPx2=0 softPx2=0 order=0 bound=1
2026.09.30-16.21.39 TAG fighter=f-0-sk2 bbox=(761,385,845,407) mode=compact look=P1 placement=above ring=0 hardPx2=0 softPx2=0 order=1 bound=1
2026.09.30-16.21.39 TAG fighter=f-1-hero bbox=(643,513,745,535) mode=compact look=P2 placement=left ring=0 hardPx2=0 softPx2=0 order=3 bound=1
2026.09.30-16.21.39 TAG fighter=f-1-sk0 bbox=(1242,507,1326,529) mode=compact look=P2 placement=above ring=0 hardPx2=0 softPx2=0 order=5 bound=1
2026.09.30-16.21.39 SNAPSHOT applied seq=48 phase=ACTION_MANEUVER
2026.09.30-16.21.39 HANDLE_APPLIED #74 seq=48 decision=2 fightersValid=1 boardValid=1
2026.09.30-16.21.39 MODE seq=48 mode=0 combat=0 pending=0
2026.09.30-16.21.39 HUD seq=48 phase=ACTION_MANEUVER turn=opp hand=7 oppHand=8(hidden) oppDeck=17~ deck=16~ discard=7
2026.09.30-16.21.39 ARTPREVIEW fighter=Medusa hero=1 eligible=0 visual=1 mesh=SK_Medusa_H2LD
2026.09.30-16.21.39 FIGHTERS synced n=6 alive=6 own=4 enemy=2
2026.09.30-16.21.39 WS seq=48 phase=ACTION_MANEUVER (apply)
2026.09.30-16.21.39 SNAPSHOT applied seq=49 phase=ACTION_MANEUVER
2026.09.30-16.21.39 HANDLE_APPLIED #75 seq=49 decision=2 fightersValid=1 boardValid=1
2026.09.30-16.21.39 MODE seq=49 mode=0 combat=0 pending=0
2026.09.30-16.21.39 HUD seq=49 phase=ACTION_MANEUVER turn=opp hand=7 oppHand=8(hidden) oppDeck=17~ deck=16~ discard=7
2026.09.30-16.21.39 ARTPREVIEW fighter=Medusa hero=1 eligible=0 visual=1 mesh=SK_Medusa_H2LD
2026.09.30-16.21.39 FIGHTERS synced n=6 alive=6 own=4 enemy=2
2026.09.30-16.21.39 CUE move f-1-hero (1,3)->(0,3) seq=49
2026.09.30-16.21.39 WS seq=49 phase=ACTION_MANEUVER (apply)
2026.09.30-16.21.39 TAG fighter=f-0-hero bbox=(909,493,1011,515) mode=compact look=P1 placement=above ring=0 hardPx2=0 softPx2=0 order=4 bound=1
2026.09.30-16.21.39 TAG fighter=f-0-sk0 bbox=(1232,385,1316,407) mode=compact look=P1 placement=above ring=0 hardPx2=0 softPx2=0 order=2 bound=1
2026.09.30-16.21.39 TAG fighter=f-0-sk1 bbox=(918,264,1002,286) mode=compact look=P1 placement=above ring=0 hardPx2=0 softPx2=0 order=0 bound=1
2026.09.30-16.21.39 TAG fighter=f-0-sk2 bbox=(761,385,845,407) mode=compact look=P1 placement=above ring=0 hardPx2=0 softPx2=0 order=1 bound=1
2026.09.30-16.21.39 TAG fighter=f-1-hero bbox=(583,489,685,511) mode=compact look=P2 placement=above ring=0 hardPx2=0 softPx2=0 order=3 bound=1
2026.09.30-16.21.39 TAG fighter=f-1-sk0 bbox=(1242,507,1326,529) mode=compact look=P2 placement=above ring=0 hardPx2=0 softPx2=0 order=5 bound=1
2026.09.30-16.21.40 game -> room=cmuobaygt00wzwircvdqcyy4s code=<redacted> status=IN_PROGRESS
2026.09.30-16.21.40 S09AUTO drive mode=0 plan=[attack] phase=ACTION_MANEUVER turn=cmukie57j0001wiaofr67k2vd
2026.09.30-16.21.40 SNAPSHOT applied seq=50 phase=ACTION_MANEUVER
2026.09.30-16.21.40 HANDLE_APPLIED #76 seq=50 decision=2 fightersValid=1 boardValid=1
2026.09.30-16.21.40 MODE seq=50 mode=0 combat=0 pending=0
2026.09.30-16.21.40 HUD seq=50 phase=ACTION_MANEUVER turn=opp hand=7 oppHand=9(hidden) oppDeck=17~ deck=16~ discard=7
2026.09.30-16.21.40 ARTPREVIEW fighter=Medusa hero=1 eligible=0 visual=1 mesh=SK_Medusa_H2LD
2026.09.30-16.21.40 FIGHTERS synced n=6 alive=6 own=4 enemy=2
2026.09.30-16.21.40 WS seq=50 phase=ACTION_MANEUVER (apply)
2026.09.30-16.21.41 SNAPSHOT applied seq=51 phase=TURN_END
2026.09.30-16.21.41 HANDLE_APPLIED #77 seq=51 decision=2 fightersValid=1 boardValid=1
2026.09.30-16.21.41 MODE seq=51 mode=0 combat=0 pending=0
2026.09.30-16.21.41 HUD seq=51 phase=TURN_END turn=opp hand=7 oppHand=9(hidden) oppDeck=17~ deck=16~ discard=7 pendingDiscard=2
2026.09.30-16.21.41 ARTPREVIEW fighter=Medusa hero=1 eligible=0 visual=1 mesh=SK_Medusa_H2LD
2026.09.30-16.21.41 FIGHTERS synced n=6 alive=6 own=4 enemy=2
2026.09.30-16.21.41 CUE move f-1-hero (0,3)->(1,3) seq=51
2026.09.30-16.21.41 WS seq=51 phase=TURN_END (apply)
2026.09.30-16.21.41 TAG fighter=f-0-hero bbox=(909,493,1011,515) mode=compact look=P1 placement=above ring=0 hardPx2=0 softPx2=0 order=4 bound=1
2026.09.30-16.21.41 TAG fighter=f-0-sk0 bbox=(1232,385,1316,407) mode=compact look=P1 placement=above ring=0 hardPx2=0 softPx2=0 order=2 bound=1
2026.09.30-16.21.41 TAG fighter=f-0-sk1 bbox=(918,264,1002,286) mode=compact look=P1 placement=above ring=0 hardPx2=0 softPx2=0 order=0 bound=1
2026.09.30-16.21.41 TAG fighter=f-0-sk2 bbox=(761,385,845,407) mode=compact look=P1 placement=above ring=0 hardPx2=0 softPx2=0 order=1 bound=1
2026.09.30-16.21.41 TAG fighter=f-1-hero bbox=(643,513,745,535) mode=compact look=P2 placement=left ring=0 hardPx2=0 softPx2=0 order=3 bound=1
2026.09.30-16.21.41 TAG fighter=f-1-sk0 bbox=(1242,507,1326,529) mode=compact look=P2 placement=above ring=0 hardPx2=0 softPx2=0 order=5 bound=1
2026.09.30-16.21.41 TAG fighter=f-0-hero bbox=(909,493,1011,515) mode=compact look=P1 placement=above ring=0 hardPx2=0 softPx2=0 order=4 bound=1
2026.09.30-16.21.41 TAG fighter=f-0-sk0 bbox=(1232,385,1316,407) mode=compact look=P1 placement=above ring=0 hardPx2=0 softPx2=0 order=2 bound=1
2026.09.30-16.21.41 TAG fighter=f-0-sk1 bbox=(918,264,1002,286) mode=compact look=P1 placement=above ring=0 hardPx2=0 softPx2=0 order=0 bound=1
2026.09.30-16.21.41 TAG fighter=f-0-sk2 bbox=(761,385,845,407) mode=compact look=P1 placement=above ring=0 hardPx2=0 softPx2=0 order=1 bound=1
2026.09.30-16.21.41 TAG fighter=f-1-hero bbox=(643,513,745,535) mode=compact look=P2 placement=left ring=0 hardPx2=0 softPx2=0 order=3 bound=1
2026.09.30-16.21.41 TAG fighter=f-1-sk0 bbox=(1242,507,1326,529) mode=compact look=P2 placement=above ring=0 hardPx2=0 softPx2=0 order=5 bound=1
2026.09.30-16.21.42 SNAPSHOT applied seq=52 phase=ACTION_MANEUVER
2026.09.30-16.21.42 HANDLE_APPLIED #78 seq=52 decision=2 fightersValid=1 boardValid=1
2026.09.30-16.21.42 closed mode=
2026.09.30-16.21.42 MODE seq=52 mode=6 combat=0 pending=1
2026.09.30-16.21.42 HUD seq=52 phase=ACTION_MANEUVER turn=you hand=7 oppHand=7(hidden) oppDeck=17~ deck=16~ discard=7
2026.09.30-16.21.42 ARTPREVIEW fighter=Medusa hero=1 eligible=0 visual=1 mesh=SK_Medusa_H2LD
2026.09.30-16.21.42 FIGHTERS synced n=6 alive=6 own=4 enemy=2
2026.09.30-16.21.42 WS seq=52 phase=ACTION_MANEUVER (apply)
2026.09.30-16.21.42 S09AUTO drive mode=6 plan=[attack] phase=ACTION_MANEUVER turn=cmukie55u0000wiao06h107t9
2026.09.30-16.21.42 S09AUTO own turn #5 (turnCount=11)
2026.09.30-16.21.42 PEND-RESOLVE sent type=TARGET_FIGHTER stage=0 id=ability-medusa-target-p0
2026.09.30-16.21.42 S09AUTO pending picked (type=TARGET_FIGHTER stage=0)
2026.09.30-16.21.42 HUD plate content fighter=f-1-hero name=King Arthur hp=15/18 team=enemy statuses=HERO  |  MELEE teamSlot=P2 look=P2 shape=hexagon chip=#5786A8
2026.09.30-16.21.42 PLATE fighter=f-1-hero bbox=(705,650,877,704) overlapReachable=0 placement=below ring=0 gap=6 selection=f-1-hero destinations=0 clean=1 softPx2=0 tested=122 bound=1
2026.09.30-16.21.42 TAG fighter=f-0-hero bbox=(909,493,1011,515) mode=compact look=P1 placement=above ring=0 hardPx2=0 softPx2=0 order=3 bound=1
2026.09.30-16.21.42 TAG fighter=f-0-sk0 bbox=(1232,385,1316,407) mode=compact look=P1 placement=above ring=0 hardPx2=0 softPx2=0 order=2 bound=1
2026.09.30-16.21.42 TAG fighter=f-0-sk1 bbox=(918,264,1002,286) mode=compact look=P1 placement=above ring=0 hardPx2=0 softPx2=0 order=0 bound=1
2026.09.30-16.21.42 TAG fighter=f-0-sk2 bbox=(761,385,845,407) mode=compact look=P1 placement=above ring=0 hardPx2=0 softPx2=0 order=1 bound=1
2026.09.30-16.21.42 TAG fighter=f-1-sk0 bbox=(1242,507,1326,529) mode=compact look=P2 placement=above ring=0 hardPx2=0 softPx2=0 order=4 bound=1
2026.09.30-16.21.42 TAG fighter=f-0-hero bbox=(909,493,1011,515) mode=compact look=P1 placement=above ring=0 hardPx2=0 softPx2=0 order=3 bound=1
2026.09.30-16.21.42 TAG fighter=f-0-sk0 bbox=(1232,385,1316,407) mode=compact look=P1 placement=above ring=0 hardPx2=0 softPx2=0 order=2 bound=1
2026.09.30-16.21.42 TAG fighter=f-0-sk1 bbox=(918,264,1002,286) mode=compact look=P1 placement=above ring=0 hardPx2=0 softPx2=0 order=0 bound=1
2026.09.30-16.21.42 TAG fighter=f-0-sk2 bbox=(761,385,845,407) mode=compact look=P1 placement=above ring=0 hardPx2=0 softPx2=0 order=1 bound=1
2026.09.30-16.21.42 TAG fighter=f-1-sk0 bbox=(1242,507,1326,529) mode=compact look=P2 placement=above ring=0 hardPx2=0 softPx2=0 order=4 bound=1
2026.09.30-16.21.42 SNAPSHOT applied seq=53 phase=ACTION_MANEUVER
2026.09.30-16.21.42 HANDLE_APPLIED #79 seq=53 decision=2 fightersValid=1 boardValid=1
2026.09.30-16.21.42 closed mode=
2026.09.30-16.21.42 MODE seq=53 mode=0 combat=0 pending=0
2026.09.30-16.21.42 HUD seq=53 phase=ACTION_MANEUVER turn=you hand=7 oppHand=7(hidden) oppDeck=17~ deck=16~ discard=7
2026.09.30-16.21.42 ARTPREVIEW fighter=Medusa hero=1 eligible=0 visual=1 mesh=SK_Medusa_H2LD
2026.09.30-16.21.42 FIGHTERS synced n=6 alive=6 own=4 enemy=2
2026.09.30-16.21.42 ARTPREVIEW damage-number fighter=f-1-hero amount=1 seq=53 cell=(1,3)
2026.09.30-16.21.42 ARTPREVIEW anim fighter=f-1-hero clip=HitReact len=0.417 event=damaged loop=0 phase=0.0000 seq=53 asset=AM_KingArthur_HitReact
2026.09.30-16.21.42 CUE damage f-1-hero -1 seq=53
2026.09.30-16.21.42 WS seq=53 phase=ACTION_MANEUVER (apply)
2026.09.30-16.21.42 PLATE hidden fighter=f-1-hero
2026.09.30-16.21.42 TAG fighter=f-0-hero bbox=(909,493,1011,515) mode=compact look=P1 placement=above ring=0 hardPx2=0 softPx2=0 order=4 bound=1
2026.09.30-16.21.42 TAG fighter=f-0-sk0 bbox=(1232,385,1316,407) mode=compact look=P1 placement=above ring=0 hardPx2=0 softPx2=0 order=3 bound=1
2026.09.30-16.21.42 TAG fighter=f-0-sk1 bbox=(918,264,1002,286) mode=compact look=P1 placement=above ring=0 hardPx2=0 softPx2=0 order=1 bound=1
2026.09.30-16.21.42 TAG fighter=f-0-sk2 bbox=(761,385,845,407) mode=compact look=P1 placement=above ring=0 hardPx2=0 softPx2=0 order=2 bound=1
2026.09.30-16.21.42 TAG fighter=f-1-hero bbox=(643,513,745,535) mode=compact look=P2 placement=left ring=0 hardPx2=0 softPx2=0 order=0 bound=1
2026.09.30-16.21.42 TAG fighter=f-1-sk0 bbox=(1242,507,1326,529) mode=compact look=P2 placement=above ring=0 hardPx2=0 softPx2=0 order=5 bound=1
2026.09.30-16.21.42 DAMAGE fighter=f-1-hero bbox=(674,483,714,511) amount=1 seq=53 placement=above ring=0 hardPx2=0 softPx2=0
2026.09.30-16.21.42 SNAPSHOT applied seq=53 phase=ACTION_MANEUVER
2026.09.30-16.21.42 HANDLE_APPLIED #80 seq=53 decision=1 fightersValid=1 boardValid=1
2026.09.30-16.21.42 MODE seq=53 mode=0 combat=0 pending=0
2026.09.30-16.21.42 HUD seq=53 phase=ACTION_MANEUVER turn=you hand=7 oppHand=7(hidden) oppDeck=15 deck=16 discard=7
2026.09.30-16.21.42 ARTPREVIEW fighter=Medusa hero=1 eligible=0 visual=1 mesh=SK_Medusa_H2LD
2026.09.30-16.21.42 FIGHTERS synced n=6 alive=6 own=4 enemy=2
2026.09.30-16.21.42 PEND resolve done seq=53 (merge) phase=ACTION_MANEUVER
2026.09.30-16.21.42 S09AUTO drive mode=0 plan=[attack] phase=ACTION_MANEUVER turn=cmukie55u0000wiao06h107t9
2026.09.30-16.21.42 S09AUTO attack deferred - no may-boost card in hand (turn#5 elapsed=50s)
2026.09.30-16.21.42 TAG fighter=f-0-hero bbox=(909,493,1011,515) mode=compact look=P1 placement=above ring=0 hardPx2=0 softPx2=0 order=4 bound=1
2026.09.30-16.21.42 TAG fighter=f-0-sk0 bbox=(1232,385,1316,407) mode=compact look=P1 placement=above ring=0 hardPx2=0 softPx2=0 order=3 bound=1
2026.09.30-16.21.42 TAG fighter=f-0-sk1 bbox=(918,264,1002,286) mode=compact look=P1 placement=above ring=0 hardPx2=0 softPx2=0 order=1 bound=1
2026.09.30-16.21.42 TAG fighter=f-0-sk2 bbox=(761,385,845,407) mode=compact look=P1 placement=above ring=0 hardPx2=0 softPx2=0 order=2 bound=1
2026.09.30-16.21.42 TAG fighter=f-1-hero bbox=(643,513,745,535) mode=compact look=P2 placement=left ring=0 hardPx2=0 softPx2=0 order=0 bound=1
2026.09.30-16.21.42 TAG fighter=f-1-sk0 bbox=(1242,507,1326,529) mode=compact look=P2 placement=above ring=0 hardPx2=0 softPx2=0 order=5 bound=1
2026.09.30-16.21.42 SNAPSHOT applied seq=54 phase=ACTION_MANEUVER
2026.09.30-16.21.42 HANDLE_APPLIED #81 seq=54 decision=2 fightersValid=1 boardValid=1
2026.09.30-16.21.42 MANEUVER-DRAFT mode=maneuver:11:53
2026.09.30-16.21.42 DRAFT-OPEN draw committed (resume instead of begin)
2026.09.30-16.21.42 MODE seq=54 mode=1 combat=0 pending=0
2026.09.30-16.21.42 HUD seq=54 phase=ACTION_MANEUVER turn=you hand=8 oppHand=7(hidden) oppDeck=15 deck=15 discard=7
2026.09.30-16.21.42 ARTPREVIEW fighter=Medusa hero=1 eligible=0 visual=1 mesh=SK_Medusa_H2LD
2026.09.30-16.21.42 FIGHTERS synced n=6 alive=6 own=4 enemy=2
2026.09.30-16.21.42 MANEUVER begin seq=54 (apply) pending=maneuver:11:53
2026.09.30-16.21.42 SNAPSHOT applied seq=54 phase=ACTION_MANEUVER
2026.09.30-16.21.42 HANDLE_APPLIED #82 seq=54 decision=1 fightersValid=1 boardValid=1
2026.09.30-16.21.42 MODE seq=54 mode=1 combat=0 pending=0
2026.09.30-16.21.42 HUD seq=54 phase=ACTION_MANEUVER turn=you hand=8 oppHand=7(hidden) oppDeck=15 deck=15 discard=7
2026.09.30-16.21.42 ARTPREVIEW fighter=Medusa hero=1 eligible=0 visual=1 mesh=SK_Medusa_H2LD
2026.09.30-16.21.42 FIGHTERS synced n=6 alive=6 own=4 enemy=2
2026.09.30-16.21.42 WS seq=54 phase=ACTION_MANEUVER (merge)
2026.09.30-16.21.42 S09AUTO drive mode=1 plan=[attack] phase=ACTION_MANEUVER turn=cmukie55u0000wiao06h107t9
2026.09.30-16.21.42 S09AUTO approach: no improving legal step
2026.09.30-16.21.42 MANEUVER-CONFIRM moves=0 boost=none
2026.09.30-16.21.42 HUD plate content fighter=f-0-hero name=Medusa hp=16/16 team=own statuses=HERO  |  MELEE teamSlot=P1 look=P1 shape=circle chip=#DAC576
2026.09.30-16.21.42 PLATE fighter=f-0-hero bbox=(847,970,1019,1024) overlapReachable=0 placement=below ring=40 gap=326 selection=f-0-hero destinations=15 clean=0 softPx2=7216 tested=18880 bound=1
2026.09.30-16.21.42 TAG fighter=f-0-sk0 bbox=(1232,385,1316,407) mode=compact look=P1 placement=above ring=0 hardPx2=0 softPx2=0 order=3 bound=1
2026.09.30-16.21.42 TAG fighter=f-0-sk1 bbox=(918,264,1002,286) mode=compact look=P1 placement=above ring=0 hardPx2=0 softPx2=0 order=1 bound=1
2026.09.30-16.21.42 TAG fighter=f-0-sk2 bbox=(761,385,845,407) mode=compact look=P1 placement=above ring=0 hardPx2=0 softPx2=0 order=2 bound=1
2026.09.30-16.21.42 TAG fighter=f-1-hero bbox=(643,513,745,535) mode=compact look=P2 placement=left ring=0 hardPx2=0 softPx2=0 order=0 bound=1
2026.09.30-16.21.42 TAG fighter=f-1-sk0 bbox=(1242,507,1326,529) mode=compact look=P2 placement=above ring=0 hardPx2=0 softPx2=0 order=4 bound=1
2026.09.30-16.21.42 PERF window t=45.2-50.2 frames=151 fps=30.00 frameMs avg=33.33 p50=33.33 p95=33.33 p99=33.35 max=33.36 hitches50=0 gpuMs avg=1.91 p50=1.89 p95=2.12 gameMs avg=2.82 p95=14.04 renderMs avg=2.84 p95=3.46
2026.09.30-16.21.42 TAG fighter=f-0-sk0 bbox=(1232,385,1316,407) mode=compact look=P1 placement=above ring=0 hardPx2=0 softPx2=0 order=3 bound=1
2026.09.30-16.21.42 TAG fighter=f-0-sk1 bbox=(918,264,1002,286) mode=compact look=P1 placement=above ring=0 hardPx2=0 softPx2=0 order=1 bound=1
2026.09.30-16.21.42 TAG fighter=f-0-sk2 bbox=(761,385,845,407) mode=compact look=P1 placement=above ring=0 hardPx2=0 softPx2=0 order=2 bound=1
2026.09.30-16.21.42 TAG fighter=f-1-hero bbox=(643,513,745,535) mode=compact look=P2 placement=left ring=0 hardPx2=0 softPx2=0 order=0 bound=1
2026.09.30-16.21.42 TAG fighter=f-1-sk0 bbox=(1242,507,1326,529) mode=compact look=P2 placement=above ring=0 hardPx2=0 softPx2=0 order=4 bound=1
2026.09.30-16.21.42 SNAPSHOT applied seq=55 phase=ACTION_MANEUVER
2026.09.30-16.21.42 HANDLE_APPLIED #83 seq=55 decision=2 fightersValid=1 boardValid=1
2026.09.30-16.21.42 closed mode=
2026.09.30-16.21.42 MODE seq=55 mode=0 combat=0 pending=0
2026.09.30-16.21.42 HUD seq=55 phase=ACTION_MANEUVER turn=you hand=8 oppHand=7(hidden) oppDeck=15 deck=15 discard=7
2026.09.30-16.21.42 ARTPREVIEW fighter=Medusa hero=1 eligible=0 visual=1 mesh=SK_Medusa_H2LD
2026.09.30-16.21.42 FIGHTERS synced n=6 alive=6 own=4 enemy=2
2026.09.30-16.21.42 MANEUVER done seq=55 (apply) fighters=6 boost=no
2026.09.30-16.21.42 SNAPSHOT applied seq=55 phase=ACTION_MANEUVER
2026.09.30-16.21.42 HANDLE_APPLIED #84 seq=55 decision=1 fightersValid=1 boardValid=1
2026.09.30-16.21.42 MODE seq=55 mode=0 combat=0 pending=0
2026.09.30-16.21.42 HUD seq=55 phase=ACTION_MANEUVER turn=you hand=8 oppHand=7(hidden) oppDeck=15 deck=15 discard=7
2026.09.30-16.21.42 ARTPREVIEW fighter=Medusa hero=1 eligible=0 visual=1 mesh=SK_Medusa_H2LD
2026.09.30-16.21.42 FIGHTERS synced n=6 alive=6 own=4 enemy=2
2026.09.30-16.21.42 WS seq=55 phase=ACTION_MANEUVER (merge)
2026.09.30-16.21.42 PLATE hidden fighter=f-0-hero
2026.09.30-16.21.42 TAG fighter=f-0-hero bbox=(909,493,1011,515) mode=compact look=P1 placement=above ring=0 hardPx2=0 softPx2=0 order=4 bound=1
2026.09.30-16.21.42 TAG fighter=f-0-sk0 bbox=(1232,385,1316,407) mode=compact look=P1 placement=above ring=0 hardPx2=0 softPx2=0 order=3 bound=1
2026.09.30-16.21.42 TAG fighter=f-0-sk1 bbox=(918,264,1002,286) mode=compact look=P1 placement=above ring=0 hardPx2=0 softPx2=0 order=1 bound=1
2026.09.30-16.21.42 TAG fighter=f-0-sk2 bbox=(761,385,845,407) mode=compact look=P1 placement=above ring=0 hardPx2=0 softPx2=0 order=2 bound=1
2026.09.30-16.21.42 TAG fighter=f-1-hero bbox=(643,513,745,535) mode=compact look=P2 placement=left ring=0 hardPx2=0 softPx2=0 order=0 bound=1
2026.09.30-16.21.42 TAG fighter=f-1-sk0 bbox=(1242,507,1326,529) mode=compact look=P2 placement=above ring=0 hardPx2=0 softPx2=0 order=5 bound=1
2026.09.30-16.21.42 TAG fighter=f-0-hero bbox=(909,493,1011,515) mode=compact look=P1 placement=above ring=0 hardPx2=0 softPx2=0 order=4 bound=1
2026.09.30-16.21.42 TAG fighter=f-0-sk0 bbox=(1232,385,1316,407) mode=compact look=P1 placement=above ring=0 hardPx2=0 softPx2=0 order=3 bound=1
2026.09.30-16.21.42 TAG fighter=f-0-sk1 bbox=(918,264,1002,286) mode=compact look=P1 placement=above ring=0 hardPx2=0 softPx2=0 order=1 bound=1
2026.09.30-16.21.42 TAG fighter=f-0-sk2 bbox=(761,385,845,407) mode=compact look=P1 placement=above ring=0 hardPx2=0 softPx2=0 order=2 bound=1
2026.09.30-16.21.42 TAG fighter=f-1-hero bbox=(643,513,745,535) mode=compact look=P2 placement=left ring=0 hardPx2=0 softPx2=0 order=0 bound=1
2026.09.30-16.21.42 TAG fighter=f-1-sk0 bbox=(1242,507,1326,529) mode=compact look=P2 placement=above ring=0 hardPx2=0 softPx2=0 order=5 bound=1
2026.09.30-16.21.42 ARTPREVIEW anim fighter=f-1-hero clip=Idle len=2.500 event=clipFinished loop=1 phase=0.3470 seq=-1 asset=AM_KingArthur_Idle
2026.09.30-16.21.43 TAG fighter=f-0-hero bbox=(909,493,1011,515) mode=compact look=P1 placement=above ring=0 hardPx2=0 softPx2=0 order=4 bound=1
2026.09.30-16.21.43 TAG fighter=f-0-sk0 bbox=(1232,385,1316,407) mode=compact look=P1 placement=above ring=0 hardPx2=0 softPx2=0 order=2 bound=1
2026.09.30-16.21.43 TAG fighter=f-0-sk1 bbox=(918,264,1002,286) mode=compact look=P1 placement=above ring=0 hardPx2=0 softPx2=0 order=0 bound=1
2026.09.30-16.21.43 TAG fighter=f-0-sk2 bbox=(761,385,845,407) mode=compact look=P1 placement=above ring=0 hardPx2=0 softPx2=0 order=1 bound=1
2026.09.30-16.21.43 TAG fighter=f-1-hero bbox=(643,513,745,535) mode=compact look=P2 placement=left ring=0 hardPx2=0 softPx2=0 order=3 bound=1
2026.09.30-16.21.43 TAG fighter=f-1-sk0 bbox=(1242,507,1326,529) mode=compact look=P2 placement=above ring=0 hardPx2=0 softPx2=0 order=5 bound=1
2026.09.30-16.21.43 game -> room=cmuobaygt00wzwircvdqcyy4s code=<redacted> status=IN_PROGRESS
2026.09.30-16.21.43 S09AUTO drive mode=0 plan=[attack] phase=ACTION_MANEUVER turn=cmukie55u0000wiao06h107t9
2026.09.30-16.21.43 S09AUTO attack deferred - no may-boost card in hand (turn#5 elapsed=51s)
2026.09.30-16.21.43 SNAPSHOT applied seq=56 phase=ACTION_MANEUVER
2026.09.30-16.21.43 HANDLE_APPLIED #85 seq=56 decision=2 fightersValid=1 boardValid=1
2026.09.30-16.21.43 MANEUVER-DRAFT mode=maneuver:11:55
2026.09.30-16.21.43 DRAFT-OPEN draw committed (resume instead of begin)
2026.09.30-16.21.43 MODE seq=56 mode=1 combat=0 pending=0
2026.09.30-16.21.43 HUD seq=56 phase=ACTION_MANEUVER turn=you hand=9 oppHand=7(hidden) oppDeck=15 deck=14 discard=7
2026.09.30-16.21.43 ARTPREVIEW fighter=Medusa hero=1 eligible=0 visual=1 mesh=SK_Medusa_H2LD
2026.09.30-16.21.43 FIGHTERS synced n=6 alive=6 own=4 enemy=2
2026.09.30-16.21.43 MANEUVER begin seq=56 (apply) pending=maneuver:11:55
2026.09.30-16.21.43 SNAPSHOT applied seq=56 phase=ACTION_MANEUVER
2026.09.30-16.21.43 HANDLE_APPLIED #86 seq=56 decision=1 fightersValid=1 boardValid=1
2026.09.30-16.21.43 MODE seq=56 mode=1 combat=0 pending=0
2026.09.30-16.21.43 HUD seq=56 phase=ACTION_MANEUVER turn=you hand=9 oppHand=7(hidden) oppDeck=15 deck=14 discard=7
2026.09.30-16.21.43 ARTPREVIEW fighter=Medusa hero=1 eligible=0 visual=1 mesh=SK_Medusa_H2LD
2026.09.30-16.21.43 FIGHTERS synced n=6 alive=6 own=4 enemy=2
2026.09.30-16.21.43 WS seq=56 phase=ACTION_MANEUVER (merge)
2026.09.30-16.21.43 S09AUTO drive mode=1 plan=[attack] phase=ACTION_MANEUVER turn=cmukie55u0000wiao06h107t9
2026.09.30-16.21.43 S09AUTO approach: no improving legal step
2026.09.30-16.21.43 MANEUVER-CONFIRM moves=0 boost=none
2026.09.30-16.21.43 PLATE fighter=f-0-hero bbox=(847,970,1019,1024) overlapReachable=0 placement=below ring=40 gap=326 selection=f-0-hero destinations=15 clean=0 softPx2=7216 tested=18880 bound=1
2026.09.30-16.21.43 TAG fighter=f-0-sk0 bbox=(1232,385,1316,407) mode=compact look=P1 placement=above ring=0 hardPx2=0 softPx2=0 order=2 bound=1
2026.09.30-16.21.43 TAG fighter=f-0-sk1 bbox=(918,264,1002,286) mode=compact look=P1 placement=above ring=0 hardPx2=0 softPx2=0 order=0 bound=1
2026.09.30-16.21.43 TAG fighter=f-0-sk2 bbox=(761,385,845,407) mode=compact look=P1 placement=above ring=0 hardPx2=0 softPx2=0 order=1 bound=1
2026.09.30-16.21.43 TAG fighter=f-1-hero bbox=(643,513,745,535) mode=compact look=P2 placement=left ring=0 hardPx2=0 softPx2=0 order=3 bound=1
2026.09.30-16.21.43 TAG fighter=f-1-sk0 bbox=(1242,507,1326,529) mode=compact look=P2 placement=above ring=0 hardPx2=0 softPx2=0 order=4 bound=1
2026.09.30-16.21.43 TAG fighter=f-0-sk0 bbox=(1232,385,1316,407) mode=compact look=P1 placement=above ring=0 hardPx2=0 softPx2=0 order=2 bound=1
2026.09.30-16.21.43 TAG fighter=f-0-sk1 bbox=(918,264,1002,286) mode=compact look=P1 placement=above ring=0 hardPx2=0 softPx2=0 order=0 bound=1
2026.09.30-16.21.43 TAG fighter=f-0-sk2 bbox=(761,385,845,407) mode=compact look=P1 placement=above ring=0 hardPx2=0 softPx2=0 order=1 bound=1
2026.09.30-16.21.43 TAG fighter=f-1-hero bbox=(643,513,745,535) mode=compact look=P2 placement=left ring=0 hardPx2=0 softPx2=0 order=3 bound=1
2026.09.30-16.21.43 TAG fighter=f-1-sk0 bbox=(1242,507,1326,529) mode=compact look=P2 placement=above ring=0 hardPx2=0 softPx2=0 order=4 bound=1
2026.09.30-16.21.44 SNAPSHOT applied seq=57 phase=TURN_END
2026.09.30-16.21.44 HANDLE_APPLIED #87 seq=57 decision=2 fightersValid=1 boardValid=1
2026.09.30-16.21.44 DISCARD-DRAFT count=2 pending=discard:11:57
2026.09.30-16.21.44 MODE seq=57 mode=2 combat=0 pending=0
2026.09.30-16.21.44 HUD seq=57 phase=TURN_END turn=you hand=9 oppHand=7(hidden) oppDeck=15 deck=14 discard=7 pendingDiscard=2
2026.09.30-16.21.44 ARTPREVIEW fighter=Medusa hero=1 eligible=0 visual=1 mesh=SK_Medusa_H2LD
2026.09.30-16.21.44 FIGHTERS synced n=6 alive=6 own=4 enemy=2
2026.09.30-16.21.44 MANEUVER done seq=57 (apply) fighters=6 boost=no
2026.09.30-16.21.44 SNAPSHOT applied seq=57 phase=TURN_END
2026.09.30-16.21.44 HANDLE_APPLIED #88 seq=57 decision=1 fightersValid=1 boardValid=1
2026.09.30-16.21.44 MODE seq=57 mode=2 combat=0 pending=0
2026.09.30-16.21.44 HUD seq=57 phase=TURN_END turn=you hand=9 oppHand=7(hidden) oppDeck=15 deck=14 discard=7 pendingDiscard=2
2026.09.30-16.21.44 ARTPREVIEW fighter=Medusa hero=1 eligible=0 visual=1 mesh=SK_Medusa_H2LD
2026.09.30-16.21.44 FIGHTERS synced n=6 alive=6 own=4 enemy=2
2026.09.30-16.21.44 WS seq=57 phase=TURN_END (merge)
2026.09.30-16.21.44 PLATE hidden fighter=f-0-hero
2026.09.30-16.21.44 TAG fighter=f-0-hero bbox=(909,493,1011,515) mode=compact look=P1 placement=above ring=0 hardPx2=0 softPx2=0 order=4 bound=1
2026.09.30-16.21.44 TAG fighter=f-0-sk0 bbox=(1232,385,1316,407) mode=compact look=P1 placement=above ring=0 hardPx2=0 softPx2=0 order=2 bound=1
2026.09.30-16.21.44 TAG fighter=f-0-sk1 bbox=(918,264,1002,286) mode=compact look=P1 placement=above ring=0 hardPx2=0 softPx2=0 order=0 bound=1
2026.09.30-16.21.44 TAG fighter=f-0-sk2 bbox=(761,385,845,407) mode=compact look=P1 placement=above ring=0 hardPx2=0 softPx2=0 order=1 bound=1
2026.09.30-16.21.44 TAG fighter=f-1-hero bbox=(643,513,745,535) mode=compact look=P2 placement=left ring=0 hardPx2=0 softPx2=0 order=3 bound=1
2026.09.30-16.21.44 TAG fighter=f-1-sk0 bbox=(1242,507,1326,529) mode=compact look=P2 placement=above ring=0 hardPx2=0 softPx2=0 order=5 bound=1
2026.09.30-16.21.44 TAG fighter=f-0-hero bbox=(909,493,1011,515) mode=compact look=P1 placement=above ring=0 hardPx2=0 softPx2=0 order=4 bound=1
2026.09.30-16.21.44 TAG fighter=f-0-sk0 bbox=(1232,385,1316,407) mode=compact look=P1 placement=above ring=0 hardPx2=0 softPx2=0 order=2 bound=1
2026.09.30-16.21.44 TAG fighter=f-0-sk1 bbox=(918,264,1002,286) mode=compact look=P1 placement=above ring=0 hardPx2=0 softPx2=0 order=0 bound=1
2026.09.30-16.21.44 TAG fighter=f-0-sk2 bbox=(761,385,845,407) mode=compact look=P1 placement=above ring=0 hardPx2=0 softPx2=0 order=1 bound=1
2026.09.30-16.21.44 TAG fighter=f-1-hero bbox=(643,513,745,535) mode=compact look=P2 placement=left ring=0 hardPx2=0 softPx2=0 order=3 bound=1
2026.09.30-16.21.44 TAG fighter=f-1-sk0 bbox=(1242,507,1326,529) mode=compact look=P2 placement=above ring=0 hardPx2=0 softPx2=0 order=5 bound=1
2026.09.30-16.21.45 S09AUTO drive mode=2 plan=[attack] phase=TURN_END turn=cmukie55u0000wiao06h107t9
2026.09.30-16.21.45 S09AUTO discard picks=2
2026.09.30-16.21.45 DISCARD-CONFIRM pending=discard:11:57 count=2 ids=cmuhgvgkh00sqwi9gondxt3f1::1,cmuhgvgko00t6wi9gliac8gv6::1
2026.09.30-16.21.45 TAG fighter=f-0-hero bbox=(909,493,1011,515) mode=compact look=P1 placement=above ring=0 hardPx2=0 softPx2=0 order=4 bound=1
2026.09.30-16.21.45 TAG fighter=f-0-sk0 bbox=(1232,385,1316,407) mode=compact look=P1 placement=above ring=0 hardPx2=0 softPx2=0 order=2 bound=1
2026.09.30-16.21.45 TAG fighter=f-0-sk1 bbox=(918,264,1002,286) mode=compact look=P1 placement=above ring=0 hardPx2=0 softPx2=0 order=0 bound=1
2026.09.30-16.21.45 TAG fighter=f-0-sk2 bbox=(761,385,845,407) mode=compact look=P1 placement=above ring=0 hardPx2=0 softPx2=0 order=1 bound=1
2026.09.30-16.21.45 TAG fighter=f-1-hero bbox=(643,513,745,535) mode=compact look=P2 placement=left ring=0 hardPx2=0 softPx2=0 order=3 bound=1
2026.09.30-16.21.45 TAG fighter=f-1-sk0 bbox=(1242,507,1326,529) mode=compact look=P2 placement=above ring=0 hardPx2=0 softPx2=0 order=5 bound=1
2026.09.30-16.21.45 SNAPSHOT applied seq=58 phase=ACTION_MANEUVER
2026.09.30-16.21.45 HANDLE_APPLIED #89 seq=58 decision=2 fightersValid=1 boardValid=1
2026.09.30-16.21.45 closed mode=
2026.09.30-16.21.45 MODE seq=58 mode=0 combat=0 pending=0
2026.09.30-16.21.45 HUD seq=58 phase=ACTION_MANEUVER turn=opp hand=7 oppHand=7(hidden) oppDeck=15 deck=14 discard=9
2026.09.30-16.21.45 ARTPREVIEW fighter=Medusa hero=1 eligible=0 visual=1 mesh=SK_Medusa_H2LD
2026.09.30-16.21.45 FIGHTERS synced n=6 alive=6 own=4 enemy=2
2026.09.30-16.21.45 DISCARD done seq=58 phase=ACTION_MANEUVER count=2
2026.09.30-16.21.45 SNAPSHOT applied seq=58 phase=ACTION_MANEUVER
2026.09.30-16.21.45 HANDLE_APPLIED #90 seq=58 decision=1 fightersValid=1 boardValid=1
2026.09.30-16.21.45 MODE seq=58 mode=0 combat=0 pending=0
2026.09.30-16.21.45 HUD seq=58 phase=ACTION_MANEUVER turn=opp hand=7 oppHand=7(hidden) oppDeck=15 deck=14 discard=9
2026.09.30-16.21.45 ARTPREVIEW fighter=Medusa hero=1 eligible=0 visual=1 mesh=SK_Medusa_H2LD
2026.09.30-16.21.45 FIGHTERS synced n=6 alive=6 own=4 enemy=2
2026.09.30-16.21.45 WS seq=58 phase=ACTION_MANEUVER (merge)
2026.09.30-16.21.45 TAG fighter=f-0-hero bbox=(909,493,1011,515) mode=compact look=P1 placement=above ring=0 hardPx2=0 softPx2=0 order=4 bound=1
2026.09.30-16.21.45 TAG fighter=f-0-sk0 bbox=(1232,385,1316,407) mode=compact look=P1 placement=above ring=0 hardPx2=0 softPx2=0 order=2 bound=1
2026.09.30-16.21.45 TAG fighter=f-0-sk1 bbox=(918,264,1002,286) mode=compact look=P1 placement=above ring=0 hardPx2=0 softPx2=0 order=0 bound=1
2026.09.30-16.21.45 TAG fighter=f-0-sk2 bbox=(761,385,845,407) mode=compact look=P1 placement=above ring=0 hardPx2=0 softPx2=0 order=1 bound=1
2026.09.30-16.21.45 TAG fighter=f-1-hero bbox=(643,513,745,535) mode=compact look=P2 placement=left ring=0 hardPx2=0 softPx2=0 order=3 bound=1
2026.09.30-16.21.45 TAG fighter=f-1-sk0 bbox=(1242,507,1326,529) mode=compact look=P2 placement=above ring=0 hardPx2=0 softPx2=0 order=5 bound=1
2026.09.30-16.21.45 SNAPSHOT applied seq=59 phase=ACTION_MANEUVER
2026.09.30-16.21.45 HANDLE_APPLIED #91 seq=59 decision=2 fightersValid=1 boardValid=1
2026.09.30-16.21.45 MODE seq=59 mode=0 combat=0 pending=0
2026.09.30-16.21.45 HUD seq=59 phase=ACTION_MANEUVER turn=opp hand=7 oppHand=8(hidden) oppDeck=15~ deck=14~ discard=9
2026.09.30-16.21.45 ARTPREVIEW fighter=Medusa hero=1 eligible=0 visual=1 mesh=SK_Medusa_H2LD
2026.09.30-16.21.45 FIGHTERS synced n=6 alive=6 own=4 enemy=2
2026.09.30-16.21.45 WS seq=59 phase=ACTION_MANEUVER (apply)
2026.09.30-16.21.45 SNAPSHOT applied seq=60 phase=ACTION_MANEUVER
2026.09.30-16.21.45 HANDLE_APPLIED #92 seq=60 decision=2 fightersValid=1 boardValid=1
2026.09.30-16.21.45 MODE seq=60 mode=0 combat=0 pending=0
2026.09.30-16.21.45 HUD seq=60 phase=ACTION_MANEUVER turn=opp hand=7 oppHand=8(hidden) oppDeck=15~ deck=14~ discard=9
2026.09.30-16.21.45 ARTPREVIEW fighter=Medusa hero=1 eligible=0 visual=1 mesh=SK_Medusa_H2LD
2026.09.30-16.21.45 FIGHTERS synced n=6 alive=6 own=4 enemy=2
2026.09.30-16.21.45 CUE move f-1-hero (1,3)->(0,3) seq=60
2026.09.30-16.21.45 WS seq=60 phase=ACTION_MANEUVER (apply)
2026.09.30-16.21.45 TAG fighter=f-0-hero bbox=(909,493,1011,515) mode=compact look=P1 placement=above ring=0 hardPx2=0 softPx2=0 order=4 bound=1
2026.09.30-16.21.45 TAG fighter=f-0-sk0 bbox=(1232,385,1316,407) mode=compact look=P1 placement=above ring=0 hardPx2=0 softPx2=0 order=2 bound=1
2026.09.30-16.21.45 TAG fighter=f-0-sk1 bbox=(918,264,1002,286) mode=compact look=P1 placement=above ring=0 hardPx2=0 softPx2=0 order=0 bound=1
2026.09.30-16.21.45 TAG fighter=f-0-sk2 bbox=(761,385,845,407) mode=compact look=P1 placement=above ring=0 hardPx2=0 softPx2=0 order=1 bound=1
2026.09.30-16.21.45 TAG fighter=f-1-hero bbox=(583,489,685,511) mode=compact look=P2 placement=above ring=0 hardPx2=0 softPx2=0 order=3 bound=1
2026.09.30-16.21.45 TAG fighter=f-1-sk0 bbox=(1242,507,1326,529) mode=compact look=P2 placement=above ring=0 hardPx2=0 softPx2=0 order=5 bound=1
2026.09.30-16.21.46 S09AUTO drive mode=0 plan=[attack] phase=ACTION_MANEUVER turn=cmukie57j0001wiaofr67k2vd
2026.09.30-16.21.46 game -> room=cmuobaygt00wzwircvdqcyy4s code=<redacted> status=IN_PROGRESS
2026.09.30-16.21.46 SNAPSHOT applied seq=61 phase=ACTION_MANEUVER
2026.09.30-16.21.46 HANDLE_APPLIED #93 seq=61 decision=2 fightersValid=1 boardValid=1
2026.09.30-16.21.46 MODE seq=61 mode=0 combat=0 pending=0
2026.09.30-16.21.46 HUD seq=61 phase=ACTION_MANEUVER turn=opp hand=7 oppHand=9(hidden) oppDeck=15~ deck=14~ discard=9
2026.09.30-16.21.46 ARTPREVIEW fighter=Medusa hero=1 eligible=0 visual=1 mesh=SK_Medusa_H2LD
2026.09.30-16.21.46 FIGHTERS synced n=6 alive=6 own=4 enemy=2
2026.09.30-16.21.46 WS seq=61 phase=ACTION_MANEUVER (apply)
2026.09.30-16.21.46 SNAPSHOT applied seq=62 phase=TURN_END
2026.09.30-16.21.46 HANDLE_APPLIED #94 seq=62 decision=2 fightersValid=1 boardValid=1
2026.09.30-16.21.46 MODE seq=62 mode=0 combat=0 pending=0
2026.09.30-16.21.46 HUD seq=62 phase=TURN_END turn=opp hand=7 oppHand=9(hidden) oppDeck=15~ deck=14~ discard=9 pendingDiscard=2
2026.09.30-16.21.46 ARTPREVIEW fighter=Medusa hero=1 eligible=0 visual=1 mesh=SK_Medusa_H2LD
2026.09.30-16.21.46 FIGHTERS synced n=6 alive=6 own=4 enemy=2
2026.09.30-16.21.46 CUE move f-1-hero (0,3)->(1,3) seq=62
2026.09.30-16.21.46 WS seq=62 phase=TURN_END (apply)
2026.09.30-16.21.46 TAG fighter=f-0-hero bbox=(909,493,1011,515) mode=compact look=P1 placement=above ring=0 hardPx2=0 softPx2=0 order=4 bound=1
2026.09.30-16.21.46 TAG fighter=f-0-sk0 bbox=(1232,385,1316,407) mode=compact look=P1 placement=above ring=0 hardPx2=0 softPx2=0 order=2 bound=1
2026.09.30-16.21.46 TAG fighter=f-0-sk1 bbox=(918,264,1002,286) mode=compact look=P1 placement=above ring=0 hardPx2=0 softPx2=0 order=0 bound=1
2026.09.30-16.21.46 TAG fighter=f-0-sk2 bbox=(761,385,845,407) mode=compact look=P1 placement=above ring=0 hardPx2=0 softPx2=0 order=1 bound=1
2026.09.30-16.21.46 TAG fighter=f-1-hero bbox=(643,513,745,535) mode=compact look=P2 placement=left ring=0 hardPx2=0 softPx2=0 order=3 bound=1
2026.09.30-16.21.46 TAG fighter=f-1-sk0 bbox=(1242,507,1326,529) mode=compact look=P2 placement=above ring=0 hardPx2=0 softPx2=0 order=5 bound=1
2026.09.30-16.21.46 TAG fighter=f-0-hero bbox=(909,493,1011,515) mode=compact look=P1 placement=above ring=0 hardPx2=0 softPx2=0 order=4 bound=1
2026.09.30-16.21.46 TAG fighter=f-0-sk0 bbox=(1232,385,1316,407) mode=compact look=P1 placement=above ring=0 hardPx2=0 softPx2=0 order=2 bound=1
2026.09.30-16.21.46 TAG fighter=f-0-sk1 bbox=(918,264,1002,286) mode=compact look=P1 placement=above ring=0 hardPx2=0 softPx2=0 order=0 bound=1
2026.09.30-16.21.46 TAG fighter=f-0-sk2 bbox=(761,385,845,407) mode=compact look=P1 placement=above ring=0 hardPx2=0 softPx2=0 order=1 bound=1
2026.09.30-16.21.46 TAG fighter=f-1-hero bbox=(643,513,745,535) mode=compact look=P2 placement=left ring=0 hardPx2=0 softPx2=0 order=3 bound=1
2026.09.30-16.21.46 TAG fighter=f-1-sk0 bbox=(1242,507,1326,529) mode=compact look=P2 placement=above ring=0 hardPx2=0 softPx2=0 order=5 bound=1
2026.09.30-16.21.47 PERF window t=50.2-55.2 frames=150 fps=30.00 frameMs avg=33.33 p50=33.33 p95=33.33 p99=33.37 max=33.37 hitches50=0 gpuMs avg=1.86 p50=1.83 p95=2.05 gameMs avg=2.59 p95=12.31 renderMs avg=2.95 p95=3.73
2026.09.30-16.21.47 SNAPSHOT applied seq=63 phase=ACTION_MANEUVER
2026.09.30-16.21.47 HANDLE_APPLIED #95 seq=63 decision=2 fightersValid=1 boardValid=1
2026.09.30-16.21.47 closed mode=
2026.09.30-16.21.47 MODE seq=63 mode=6 combat=0 pending=1
2026.09.30-16.21.47 HUD seq=63 phase=ACTION_MANEUVER turn=you hand=7 oppHand=7(hidden) oppDeck=15~ deck=14~ discard=9
2026.09.30-16.21.47 ARTPREVIEW fighter=Medusa hero=1 eligible=0 visual=1 mesh=SK_Medusa_H2LD
2026.09.30-16.21.47 FIGHTERS synced n=6 alive=6 own=4 enemy=2
2026.09.30-16.21.47 WS seq=63 phase=ACTION_MANEUVER (apply)
2026.09.30-16.21.48 S09AUTO drive mode=6 plan=[attack] phase=ACTION_MANEUVER turn=cmukie55u0000wiao06h107t9
2026.09.30-16.21.48 S09AUTO own turn #6 (turnCount=13)
2026.09.30-16.21.48 PEND-RESOLVE sent type=TARGET_FIGHTER stage=0 id=ability-medusa-target-p0
2026.09.30-16.21.48 S09AUTO pending picked (type=TARGET_FIGHTER stage=0)
2026.09.30-16.21.48 HUD plate content fighter=f-1-hero name=King Arthur hp=14/18 team=enemy statuses=HERO  |  MELEE teamSlot=P2 look=P2 shape=hexagon chip=#5786A8
2026.09.30-16.21.48 PLATE fighter=f-1-hero bbox=(705,650,877,704) overlapReachable=0 placement=below ring=0 gap=6 selection=f-1-hero destinations=0 clean=1 softPx2=0 tested=122 bound=1
2026.09.30-16.21.48 TAG fighter=f-0-hero bbox=(909,493,1011,515) mode=compact look=P1 placement=above ring=0 hardPx2=0 softPx2=0 order=3 bound=1
2026.09.30-16.21.48 TAG fighter=f-0-sk0 bbox=(1232,385,1316,407) mode=compact look=P1 placement=above ring=0 hardPx2=0 softPx2=0 order=2 bound=1
2026.09.30-16.21.48 TAG fighter=f-0-sk1 bbox=(918,264,1002,286) mode=compact look=P1 placement=above ring=0 hardPx2=0 softPx2=0 order=0 bound=1
2026.09.30-16.21.48 TAG fighter=f-0-sk2 bbox=(761,385,845,407) mode=compact look=P1 placement=above ring=0 hardPx2=0 softPx2=0 order=1 bound=1
2026.09.30-16.21.48 TAG fighter=f-1-sk0 bbox=(1242,507,1326,529) mode=compact look=P2 placement=above ring=0 hardPx2=0 softPx2=0 order=4 bound=1
2026.09.30-16.21.48 TAG fighter=f-0-hero bbox=(909,493,1011,515) mode=compact look=P1 placement=above ring=0 hardPx2=0 softPx2=0 order=3 bound=1
2026.09.30-16.21.48 TAG fighter=f-0-sk0 bbox=(1232,385,1316,407) mode=compact look=P1 placement=above ring=0 hardPx2=0 softPx2=0 order=2 bound=1
2026.09.30-16.21.48 TAG fighter=f-0-sk1 bbox=(918,264,1002,286) mode=compact look=P1 placement=above ring=0 hardPx2=0 softPx2=0 order=0 bound=1
2026.09.30-16.21.48 TAG fighter=f-0-sk2 bbox=(761,385,845,407) mode=compact look=P1 placement=above ring=0 hardPx2=0 softPx2=0 order=1 bound=1
2026.09.30-16.21.48 TAG fighter=f-1-sk0 bbox=(1242,507,1326,529) mode=compact look=P2 placement=above ring=0 hardPx2=0 softPx2=0 order=4 bound=1
2026.09.30-16.21.48 SNAPSHOT applied seq=64 phase=ACTION_MANEUVER
2026.09.30-16.21.48 HANDLE_APPLIED #96 seq=64 decision=2 fightersValid=1 boardValid=1
2026.09.30-16.21.48 closed mode=
2026.09.30-16.21.48 MODE seq=64 mode=0 combat=0 pending=0
2026.09.30-16.21.48 HUD seq=64 phase=ACTION_MANEUVER turn=you hand=7 oppHand=7(hidden) oppDeck=13 deck=14 discard=9
2026.09.30-16.21.48 ARTPREVIEW fighter=Medusa hero=1 eligible=0 visual=1 mesh=SK_Medusa_H2LD
2026.09.30-16.21.48 FIGHTERS synced n=6 alive=6 own=4 enemy=2
2026.09.30-16.21.48 ARTPREVIEW damage-number fighter=f-1-hero amount=1 seq=64 cell=(1,3)
2026.09.30-16.21.48 ARTPREVIEW anim fighter=f-1-hero clip=HitReact len=0.417 event=damaged loop=0 phase=0.0000 seq=64 asset=AM_KingArthur_HitReact
2026.09.30-16.21.48 CUE damage f-1-hero -1 seq=64
2026.09.30-16.21.48 PEND resolve done seq=64 (apply) phase=ACTION_MANEUVER
2026.09.30-16.21.48 SNAPSHOT applied seq=64 phase=ACTION_MANEUVER
2026.09.30-16.21.48 HANDLE_APPLIED #97 seq=64 decision=1 fightersValid=1 boardValid=1
2026.09.30-16.21.48 MODE seq=64 mode=0 combat=0 pending=0
2026.09.30-16.21.48 HUD seq=64 phase=ACTION_MANEUVER turn=you hand=7 oppHand=7(hidden) oppDeck=13 deck=14 discard=9
2026.09.30-16.21.48 ARTPREVIEW fighter=Medusa hero=1 eligible=0 visual=1 mesh=SK_Medusa_H2LD
2026.09.30-16.21.48 FIGHTERS synced n=6 alive=6 own=4 enemy=2
2026.09.30-16.21.48 WS seq=64 phase=ACTION_MANEUVER (merge)
2026.09.30-16.21.48 S09AUTO drive mode=0 plan=[attack] phase=ACTION_MANEUVER turn=cmukie55u0000wiao06h107t9
2026.09.30-16.21.48 S09AUTO attack deferred - no may-boost card in hand (turn#6 elapsed=56s)
2026.09.30-16.21.48 PLATE hidden fighter=f-1-hero
2026.09.30-16.21.48 TAG fighter=f-0-hero bbox=(909,493,1011,515) mode=compact look=P1 placement=above ring=0 hardPx2=0 softPx2=0 order=4 bound=1
2026.09.30-16.21.48 TAG fighter=f-0-sk0 bbox=(1232,385,1316,407) mode=compact look=P1 placement=above ring=0 hardPx2=0 softPx2=0 order=3 bound=1
2026.09.30-16.21.48 TAG fighter=f-0-sk1 bbox=(918,264,1002,286) mode=compact look=P1 placement=above ring=0 hardPx2=0 softPx2=0 order=1 bound=1
2026.09.30-16.21.48 TAG fighter=f-0-sk2 bbox=(761,385,845,407) mode=compact look=P1 placement=above ring=0 hardPx2=0 softPx2=0 order=2 bound=1
2026.09.30-16.21.48 TAG fighter=f-1-hero bbox=(643,513,745,535) mode=compact look=P2 placement=left ring=0 hardPx2=0 softPx2=0 order=0 bound=1
2026.09.30-16.21.48 TAG fighter=f-1-sk0 bbox=(1242,507,1326,529) mode=compact look=P2 placement=above ring=0 hardPx2=0 softPx2=0 order=5 bound=1
2026.09.30-16.21.48 DAMAGE fighter=f-1-hero bbox=(674,483,714,511) amount=1 seq=64 placement=above ring=0 hardPx2=0 softPx2=0
2026.09.30-16.21.48 TAG fighter=f-0-hero bbox=(909,493,1011,515) mode=compact look=P1 placement=above ring=0 hardPx2=0 softPx2=0 order=4 bound=1
2026.09.30-16.21.48 TAG fighter=f-0-sk0 bbox=(1232,385,1316,407) mode=compact look=P1 placement=above ring=0 hardPx2=0 softPx2=0 order=3 bound=1
2026.09.30-16.21.48 TAG fighter=f-0-sk1 bbox=(918,264,1002,286) mode=compact look=P1 placement=above ring=0 hardPx2=0 softPx2=0 order=1 bound=1
2026.09.30-16.21.48 TAG fighter=f-0-sk2 bbox=(761,385,845,407) mode=compact look=P1 placement=above ring=0 hardPx2=0 softPx2=0 order=2 bound=1
2026.09.30-16.21.48 TAG fighter=f-1-hero bbox=(643,513,745,535) mode=compact look=P2 placement=left ring=0 hardPx2=0 softPx2=0 order=0 bound=1
2026.09.30-16.21.48 TAG fighter=f-1-sk0 bbox=(1242,507,1326,529) mode=compact look=P2 placement=above ring=0 hardPx2=0 softPx2=0 order=5 bound=1
2026.09.30-16.21.48 SNAPSHOT applied seq=65 phase=ACTION_MANEUVER
2026.09.30-16.21.48 HANDLE_APPLIED #98 seq=65 decision=2 fightersValid=1 boardValid=1
2026.09.30-16.21.48 MANEUVER-DRAFT mode=maneuver:13:64
2026.09.30-16.21.48 DRAFT-OPEN draw committed (resume instead of begin)
2026.09.30-16.21.48 MODE seq=65 mode=1 combat=0 pending=0
2026.09.30-16.21.48 HUD seq=65 phase=ACTION_MANEUVER turn=you hand=8 oppHand=7(hidden) oppDeck=13 deck=13 discard=9
2026.09.30-16.21.48 ARTPREVIEW fighter=Medusa hero=1 eligible=0 visual=1 mesh=SK_Medusa_H2LD
2026.09.30-16.21.48 FIGHTERS synced n=6 alive=6 own=4 enemy=2
2026.09.30-16.21.48 MANEUVER begin seq=65 (apply) pending=maneuver:13:64
2026.09.30-16.21.48 SNAPSHOT applied seq=65 phase=ACTION_MANEUVER
2026.09.30-16.21.48 HANDLE_APPLIED #99 seq=65 decision=1 fightersValid=1 boardValid=1
2026.09.30-16.21.48 MODE seq=65 mode=1 combat=0 pending=0
2026.09.30-16.21.48 HUD seq=65 phase=ACTION_MANEUVER turn=you hand=8 oppHand=7(hidden) oppDeck=13 deck=13 discard=9
2026.09.30-16.21.48 ARTPREVIEW fighter=Medusa hero=1 eligible=0 visual=1 mesh=SK_Medusa_H2LD
2026.09.30-16.21.48 FIGHTERS synced n=6 alive=6 own=4 enemy=2
2026.09.30-16.21.48 WS seq=65 phase=ACTION_MANEUVER (merge)
2026.09.30-16.21.48 S09AUTO drive mode=1 plan=[attack] phase=ACTION_MANEUVER turn=cmukie55u0000wiao06h107t9
2026.09.30-16.21.48 S09AUTO approach: no improving legal step
2026.09.30-16.21.48 MANEUVER-CONFIRM moves=0 boost=none
2026.09.30-16.21.48 HUD plate content fighter=f-0-hero name=Medusa hp=16/16 team=own statuses=HERO  |  MELEE teamSlot=P1 look=P1 shape=circle chip=#DAC576
2026.09.30-16.21.48 PLATE fighter=f-0-hero bbox=(847,970,1019,1024) overlapReachable=0 placement=below ring=40 gap=326 selection=f-0-hero destinations=15 clean=0 softPx2=7216 tested=18880 bound=1
2026.09.30-16.21.48 TAG fighter=f-0-sk0 bbox=(1232,385,1316,407) mode=compact look=P1 placement=above ring=0 hardPx2=0 softPx2=0 order=3 bound=1
2026.09.30-16.21.48 TAG fighter=f-0-sk1 bbox=(918,264,1002,286) mode=compact look=P1 placement=above ring=0 hardPx2=0 softPx2=0 order=1 bound=1
2026.09.30-16.21.48 TAG fighter=f-0-sk2 bbox=(761,385,845,407) mode=compact look=P1 placement=above ring=0 hardPx2=0 softPx2=0 order=2 bound=1
2026.09.30-16.21.48 TAG fighter=f-1-hero bbox=(643,513,745,535) mode=compact look=P2 placement=left ring=0 hardPx2=0 softPx2=0 order=0 bound=1
2026.09.30-16.21.48 TAG fighter=f-1-sk0 bbox=(1242,507,1326,529) mode=compact look=P2 placement=above ring=0 hardPx2=0 softPx2=0 order=4 bound=1
2026.09.30-16.21.48 TAG fighter=f-0-sk0 bbox=(1232,385,1316,407) mode=compact look=P1 placement=above ring=0 hardPx2=0 softPx2=0 order=3 bound=1
2026.09.30-16.21.48 TAG fighter=f-0-sk1 bbox=(918,264,1002,286) mode=compact look=P1 placement=above ring=0 hardPx2=0 softPx2=0 order=1 bound=1
2026.09.30-16.21.48 TAG fighter=f-0-sk2 bbox=(761,385,845,407) mode=compact look=P1 placement=above ring=0 hardPx2=0 softPx2=0 order=2 bound=1
2026.09.30-16.21.48 TAG fighter=f-1-hero bbox=(643,513,745,535) mode=compact look=P2 placement=left ring=0 hardPx2=0 softPx2=0 order=0 bound=1
2026.09.30-16.21.48 TAG fighter=f-1-sk0 bbox=(1242,507,1326,529) mode=compact look=P2 placement=above ring=0 hardPx2=0 softPx2=0 order=4 bound=1
2026.09.30-16.21.48 SNAPSHOT applied seq=66 phase=ACTION_MANEUVER
2026.09.30-16.21.48 HANDLE_APPLIED #100 seq=66 decision=2 fightersValid=1 boardValid=1
2026.09.30-16.21.48 closed mode=
2026.09.30-16.21.48 MODE seq=66 mode=0 combat=0 pending=0
2026.09.30-16.21.48 HUD seq=66 phase=ACTION_MANEUVER turn=you hand=8 oppHand=7(hidden) oppDeck=13 deck=13 discard=9
2026.09.30-16.21.48 ARTPREVIEW fighter=Medusa hero=1 eligible=0 visual=1 mesh=SK_Medusa_H2LD
2026.09.30-16.21.48 FIGHTERS synced n=6 alive=6 own=4 enemy=2
2026.09.30-16.21.48 MANEUVER done seq=66 (apply) fighters=6 boost=no
2026.09.30-16.21.48 SNAPSHOT applied seq=66 phase=ACTION_MANEUVER
2026.09.30-16.21.48 HANDLE_APPLIED #101 seq=66 decision=1 fightersValid=1 boardValid=1
2026.09.30-16.21.48 MODE seq=66 mode=0 combat=0 pending=0
2026.09.30-16.21.48 HUD seq=66 phase=ACTION_MANEUVER turn=you hand=8 oppHand=7(hidden) oppDeck=13 deck=13 discard=9
2026.09.30-16.21.48 ARTPREVIEW fighter=Medusa hero=1 eligible=0 visual=1 mesh=SK_Medusa_H2LD
2026.09.30-16.21.48 FIGHTERS synced n=6 alive=6 own=4 enemy=2
2026.09.30-16.21.48 WS seq=66 phase=ACTION_MANEUVER (merge)
2026.09.30-16.21.48 PLATE hidden fighter=f-0-hero
2026.09.30-16.21.48 TAG fighter=f-0-hero bbox=(909,493,1011,515) mode=compact look=P1 placement=above ring=0 hardPx2=0 softPx2=0 order=4 bound=1
2026.09.30-16.21.48 TAG fighter=f-0-sk0 bbox=(1232,385,1316,407) mode=compact look=P1 placement=above ring=0 hardPx2=0 softPx2=0 order=3 bound=1
2026.09.30-16.21.48 TAG fighter=f-0-sk1 bbox=(918,264,1002,286) mode=compact look=P1 placement=above ring=0 hardPx2=0 softPx2=0 order=1 bound=1
2026.09.30-16.21.48 TAG fighter=f-0-sk2 bbox=(761,385,845,407) mode=compact look=P1 placement=above ring=0 hardPx2=0 softPx2=0 order=2 bound=1
2026.09.30-16.21.48 TAG fighter=f-1-hero bbox=(643,513,745,535) mode=compact look=P2 placement=left ring=0 hardPx2=0 softPx2=0 order=0 bound=1
2026.09.30-16.21.48 TAG fighter=f-1-sk0 bbox=(1242,507,1326,529) mode=compact look=P2 placement=above ring=0 hardPx2=0 softPx2=0 order=5 bound=1
2026.09.30-16.21.48 TAG fighter=f-0-hero bbox=(909,493,1011,515) mode=compact look=P1 placement=above ring=0 hardPx2=0 softPx2=0 order=4 bound=1
2026.09.30-16.21.48 TAG fighter=f-0-sk0 bbox=(1232,385,1316,407) mode=compact look=P1 placement=above ring=0 hardPx2=0 softPx2=0 order=3 bound=1
2026.09.30-16.21.48 TAG fighter=f-0-sk1 bbox=(918,264,1002,286) mode=compact look=P1 placement=above ring=0 hardPx2=0 softPx2=0 order=1 bound=1
2026.09.30-16.21.48 TAG fighter=f-0-sk2 bbox=(761,385,845,407) mode=compact look=P1 placement=above ring=0 hardPx2=0 softPx2=0 order=2 bound=1
2026.09.30-16.21.48 TAG fighter=f-1-hero bbox=(643,513,745,535) mode=compact look=P2 placement=left ring=0 hardPx2=0 softPx2=0 order=0 bound=1
2026.09.30-16.21.48 TAG fighter=f-1-sk0 bbox=(1242,507,1326,529) mode=compact look=P2 placement=above ring=0 hardPx2=0 softPx2=0 order=5 bound=1
2026.09.30-16.21.48 ARTPREVIEW anim fighter=f-1-hero clip=Idle len=2.500 event=clipFinished loop=1 phase=0.3470 seq=-1 asset=AM_KingArthur_Idle
2026.09.30-16.21.49 TAG fighter=f-0-hero bbox=(909,493,1011,515) mode=compact look=P1 placement=above ring=0 hardPx2=0 softPx2=0 order=4 bound=1
2026.09.30-16.21.49 TAG fighter=f-0-sk0 bbox=(1232,385,1316,407) mode=compact look=P1 placement=above ring=0 hardPx2=0 softPx2=0 order=2 bound=1
2026.09.30-16.21.49 TAG fighter=f-0-sk1 bbox=(918,264,1002,286) mode=compact look=P1 placement=above ring=0 hardPx2=0 softPx2=0 order=0 bound=1
2026.09.30-16.21.49 TAG fighter=f-0-sk2 bbox=(761,385,845,407) mode=compact look=P1 placement=above ring=0 hardPx2=0 softPx2=0 order=1 bound=1
2026.09.30-16.21.49 TAG fighter=f-1-hero bbox=(643,513,745,535) mode=compact look=P2 placement=left ring=0 hardPx2=0 softPx2=0 order=3 bound=1
2026.09.30-16.21.49 TAG fighter=f-1-sk0 bbox=(1242,507,1326,529) mode=compact look=P2 placement=above ring=0 hardPx2=0 softPx2=0 order=5 bound=1
2026.09.30-16.21.49 S09AUTO drive mode=0 plan=[attack] phase=ACTION_MANEUVER turn=cmukie55u0000wiao06h107t9
2026.09.30-16.21.49 S09AUTO attack deferred - no may-boost card in hand (turn#6 elapsed=57s)
2026.09.30-16.21.49 SNAPSHOT applied seq=67 phase=ACTION_MANEUVER
2026.09.30-16.21.49 HANDLE_APPLIED #102 seq=67 decision=2 fightersValid=1 boardValid=1
2026.09.30-16.21.49 MANEUVER-DRAFT mode=maneuver:13:66
2026.09.30-16.21.49 DRAFT-OPEN draw committed (resume instead of begin)
2026.09.30-16.21.49 MODE seq=67 mode=1 combat=0 pending=0
2026.09.30-16.21.49 HUD seq=67 phase=ACTION_MANEUVER turn=you hand=9 oppHand=7(hidden) oppDeck=13 deck=12 discard=9
2026.09.30-16.21.49 ARTPREVIEW fighter=Medusa hero=1 eligible=0 visual=1 mesh=SK_Medusa_H2LD
2026.09.30-16.21.49 FIGHTERS synced n=6 alive=6 own=4 enemy=2
2026.09.30-16.21.49 MANEUVER begin seq=67 (apply) pending=maneuver:13:66
2026.09.30-16.21.49 SNAPSHOT applied seq=67 phase=ACTION_MANEUVER
2026.09.30-16.21.49 HANDLE_APPLIED #103 seq=67 decision=1 fightersValid=1 boardValid=1
2026.09.30-16.21.49 MODE seq=67 mode=1 combat=0 pending=0
2026.09.30-16.21.49 HUD seq=67 phase=ACTION_MANEUVER turn=you hand=9 oppHand=7(hidden) oppDeck=13 deck=12 discard=9
2026.09.30-16.21.49 ARTPREVIEW fighter=Medusa hero=1 eligible=0 visual=1 mesh=SK_Medusa_H2LD
2026.09.30-16.21.49 FIGHTERS synced n=6 alive=6 own=4 enemy=2
2026.09.30-16.21.49 WS seq=67 phase=ACTION_MANEUVER (merge)
2026.09.30-16.21.49 S09AUTO drive mode=1 plan=[attack] phase=ACTION_MANEUVER turn=cmukie55u0000wiao06h107t9
2026.09.30-16.21.49 S09AUTO approach: no improving legal step
2026.09.30-16.21.49 MANEUVER-CONFIRM moves=0 boost=none
2026.09.30-16.21.49 PLATE fighter=f-0-hero bbox=(847,970,1019,1024) overlapReachable=0 placement=below ring=40 gap=326 selection=f-0-hero destinations=15 clean=0 softPx2=7216 tested=18880 bound=1
2026.09.30-16.21.49 TAG fighter=f-0-sk0 bbox=(1232,385,1316,407) mode=compact look=P1 placement=above ring=0 hardPx2=0 softPx2=0 order=2 bound=1
2026.09.30-16.21.49 TAG fighter=f-0-sk1 bbox=(918,264,1002,286) mode=compact look=P1 placement=above ring=0 hardPx2=0 softPx2=0 order=0 bound=1
2026.09.30-16.21.49 TAG fighter=f-0-sk2 bbox=(761,385,845,407) mode=compact look=P1 placement=above ring=0 hardPx2=0 softPx2=0 order=1 bound=1
2026.09.30-16.21.49 TAG fighter=f-1-hero bbox=(643,513,745,535) mode=compact look=P2 placement=left ring=0 hardPx2=0 softPx2=0 order=3 bound=1
2026.09.30-16.21.49 TAG fighter=f-1-sk0 bbox=(1242,507,1326,529) mode=compact look=P2 placement=above ring=0 hardPx2=0 softPx2=0 order=4 bound=1
2026.09.30-16.21.49 game -> room=cmuobaygt00wzwircvdqcyy4s code=<redacted> status=IN_PROGRESS
2026.09.30-16.21.49 TAG fighter=f-0-sk0 bbox=(1232,385,1316,407) mode=compact look=P1 placement=above ring=0 hardPx2=0 softPx2=0 order=2 bound=1
2026.09.30-16.21.49 TAG fighter=f-0-sk1 bbox=(918,264,1002,286) mode=compact look=P1 placement=above ring=0 hardPx2=0 softPx2=0 order=0 bound=1
2026.09.30-16.21.49 TAG fighter=f-0-sk2 bbox=(761,385,845,407) mode=compact look=P1 placement=above ring=0 hardPx2=0 softPx2=0 order=1 bound=1
2026.09.30-16.21.49 TAG fighter=f-1-hero bbox=(643,513,745,535) mode=compact look=P2 placement=left ring=0 hardPx2=0 softPx2=0 order=3 bound=1
2026.09.30-16.21.49 TAG fighter=f-1-sk0 bbox=(1242,507,1326,529) mode=compact look=P2 placement=above ring=0 hardPx2=0 softPx2=0 order=4 bound=1
2026.09.30-16.21.49 SNAPSHOT applied seq=68 phase=TURN_END
2026.09.30-16.21.49 HANDLE_APPLIED #104 seq=68 decision=2 fightersValid=1 boardValid=1
2026.09.30-16.21.49 DISCARD-DRAFT count=2 pending=discard:13:68
2026.09.30-16.21.49 MODE seq=68 mode=2 combat=0 pending=0
2026.09.30-16.21.49 HUD seq=68 phase=TURN_END turn=you hand=9 oppHand=7(hidden) oppDeck=13 deck=12 discard=9 pendingDiscard=2
2026.09.30-16.21.49 ARTPREVIEW fighter=Medusa hero=1 eligible=0 visual=1 mesh=SK_Medusa_H2LD
2026.09.30-16.21.49 FIGHTERS synced n=6 alive=6 own=4 enemy=2
2026.09.30-16.21.49 MANEUVER done seq=68 (apply) fighters=6 boost=no
2026.09.30-16.21.49 SNAPSHOT applied seq=68 phase=TURN_END
2026.09.30-16.21.49 HANDLE_APPLIED #105 seq=68 decision=1 fightersValid=1 boardValid=1
2026.09.30-16.21.49 MODE seq=68 mode=2 combat=0 pending=0
2026.09.30-16.21.49 HUD seq=68 phase=TURN_END turn=you hand=9 oppHand=7(hidden) oppDeck=13 deck=12 discard=9 pendingDiscard=2
2026.09.30-16.21.49 ARTPREVIEW fighter=Medusa hero=1 eligible=0 visual=1 mesh=SK_Medusa_H2LD
2026.09.30-16.21.49 FIGHTERS synced n=6 alive=6 own=4 enemy=2
2026.09.30-16.21.49 WS seq=68 phase=TURN_END (merge)
2026.09.30-16.21.49 PLATE hidden fighter=f-0-hero
2026.09.30-16.21.49 TAG fighter=f-0-hero bbox=(909,493,1011,515) mode=compact look=P1 placement=above ring=0 hardPx2=0 softPx2=0 order=4 bound=1
2026.09.30-16.21.49 TAG fighter=f-0-sk0 bbox=(1232,385,1316,407) mode=compact look=P1 placement=above ring=0 hardPx2=0 softPx2=0 order=2 bound=1
2026.09.30-16.21.49 TAG fighter=f-0-sk1 bbox=(918,264,1002,286) mode=compact look=P1 placement=above ring=0 hardPx2=0 softPx2=0 order=0 bound=1
2026.09.30-16.21.49 TAG fighter=f-0-sk2 bbox=(761,385,845,407) mode=compact look=P1 placement=above ring=0 hardPx2=0 softPx2=0 order=1 bound=1
2026.09.30-16.21.49 TAG fighter=f-1-hero bbox=(643,513,745,535) mode=compact look=P2 placement=left ring=0 hardPx2=0 softPx2=0 order=3 bound=1
2026.09.30-16.21.49 TAG fighter=f-1-sk0 bbox=(1242,507,1326,529) mode=compact look=P2 placement=above ring=0 hardPx2=0 softPx2=0 order=5 bound=1
2026.09.30-16.21.49 TAG fighter=f-0-hero bbox=(909,493,1011,515) mode=compact look=P1 placement=above ring=0 hardPx2=0 softPx2=0 order=4 bound=1
2026.09.30-16.21.49 TAG fighter=f-0-sk0 bbox=(1232,385,1316,407) mode=compact look=P1 placement=above ring=0 hardPx2=0 softPx2=0 order=2 bound=1
2026.09.30-16.21.49 TAG fighter=f-0-sk1 bbox=(918,264,1002,286) mode=compact look=P1 placement=above ring=0 hardPx2=0 softPx2=0 order=0 bound=1
2026.09.30-16.21.49 TAG fighter=f-0-sk2 bbox=(761,385,845,407) mode=compact look=P1 placement=above ring=0 hardPx2=0 softPx2=0 order=1 bound=1
2026.09.30-16.21.49 TAG fighter=f-1-hero bbox=(643,513,745,535) mode=compact look=P2 placement=left ring=0 hardPx2=0 softPx2=0 order=3 bound=1
2026.09.30-16.21.49 TAG fighter=f-1-sk0 bbox=(1242,507,1326,529) mode=compact look=P2 placement=above ring=0 hardPx2=0 softPx2=0 order=5 bound=1
2026.09.30-16.21.50 S09AUTO drive mode=2 plan=[attack] phase=TURN_END turn=cmukie55u0000wiao06h107t9
2026.09.30-16.21.50 S09AUTO discard picks=2
2026.09.30-16.21.50 DISCARD-CONFIRM pending=discard:13:68 count=2 ids=cmuhgvgkl00t0wi9g1inbvf80::2,cmuhgvgki00sswi9gdr1ptm2z::2
2026.09.30-16.21.50 TAG fighter=f-0-hero bbox=(909,493,1011,515) mode=compact look=P1 placement=above ring=0 hardPx2=0 softPx2=0 order=4 bound=1
2026.09.30-16.21.50 TAG fighter=f-0-sk0 bbox=(1232,385,1316,407) mode=compact look=P1 placement=above ring=0 hardPx2=0 softPx2=0 order=2 bound=1
2026.09.30-16.21.50 TAG fighter=f-0-sk1 bbox=(918,264,1002,286) mode=compact look=P1 placement=above ring=0 hardPx2=0 softPx2=0 order=0 bound=1
2026.09.30-16.21.50 TAG fighter=f-0-sk2 bbox=(761,385,845,407) mode=compact look=P1 placement=above ring=0 hardPx2=0 softPx2=0 order=1 bound=1
2026.09.30-16.21.50 TAG fighter=f-1-hero bbox=(643,513,745,535) mode=compact look=P2 placement=left ring=0 hardPx2=0 softPx2=0 order=3 bound=1
2026.09.30-16.21.50 TAG fighter=f-1-sk0 bbox=(1242,507,1326,529) mode=compact look=P2 placement=above ring=0 hardPx2=0 softPx2=0 order=5 bound=1
2026.09.30-16.21.50 SNAPSHOT applied seq=69 phase=ACTION_MANEUVER
2026.09.30-16.21.50 HANDLE_APPLIED #106 seq=69 decision=2 fightersValid=1 boardValid=1
2026.09.30-16.21.50 closed mode=
2026.09.30-16.21.50 MODE seq=69 mode=0 combat=0 pending=0
2026.09.30-16.21.50 HUD seq=69 phase=ACTION_MANEUVER turn=opp hand=7 oppHand=7(hidden) oppDeck=13 deck=12 discard=11
2026.09.30-16.21.50 ARTPREVIEW fighter=Medusa hero=1 eligible=0 visual=1 mesh=SK_Medusa_H2LD
2026.09.30-16.21.50 FIGHTERS synced n=6 alive=6 own=4 enemy=2
2026.09.30-16.21.50 DISCARD done seq=69 phase=ACTION_MANEUVER count=2
2026.09.30-16.21.50 SNAPSHOT applied seq=69 phase=ACTION_MANEUVER
2026.09.30-16.21.50 HANDLE_APPLIED #107 seq=69 decision=1 fightersValid=1 boardValid=1
2026.09.30-16.21.50 MODE seq=69 mode=0 combat=0 pending=0
2026.09.30-16.21.50 HUD seq=69 phase=ACTION_MANEUVER turn=opp hand=7 oppHand=7(hidden) oppDeck=13 deck=12 discard=11
2026.09.30-16.21.50 ARTPREVIEW fighter=Medusa hero=1 eligible=0 visual=1 mesh=SK_Medusa_H2LD
2026.09.30-16.21.50 FIGHTERS synced n=6 alive=6 own=4 enemy=2
2026.09.30-16.21.50 WS seq=69 phase=ACTION_MANEUVER (merge)
2026.09.30-16.21.50 TAG fighter=f-0-hero bbox=(909,493,1011,515) mode=compact look=P1 placement=above ring=0 hardPx2=0 softPx2=0 order=4 bound=1
2026.09.30-16.21.50 TAG fighter=f-0-sk0 bbox=(1232,385,1316,407) mode=compact look=P1 placement=above ring=0 hardPx2=0 softPx2=0 order=2 bound=1
2026.09.30-16.21.50 TAG fighter=f-0-sk1 bbox=(918,264,1002,286) mode=compact look=P1 placement=above ring=0 hardPx2=0 softPx2=0 order=0 bound=1
2026.09.30-16.21.50 TAG fighter=f-0-sk2 bbox=(761,385,845,407) mode=compact look=P1 placement=above ring=0 hardPx2=0 softPx2=0 order=1 bound=1
2026.09.30-16.21.50 TAG fighter=f-1-hero bbox=(643,513,745,535) mode=compact look=P2 placement=left ring=0 hardPx2=0 softPx2=0 order=3 bound=1
2026.09.30-16.21.50 TAG fighter=f-1-sk0 bbox=(1242,507,1326,529) mode=compact look=P2 placement=above ring=0 hardPx2=0 softPx2=0 order=5 bound=1
2026.09.30-16.21.50 SNAPSHOT applied seq=70 phase=ACTION_MANEUVER
2026.09.30-16.21.50 HANDLE_APPLIED #108 seq=70 decision=2 fightersValid=1 boardValid=1
2026.09.30-16.21.50 MODE seq=70 mode=0 combat=0 pending=0
2026.09.30-16.21.50 HUD seq=70 phase=ACTION_MANEUVER turn=opp hand=7 oppHand=8(hidden) oppDeck=13~ deck=12~ discard=11
2026.09.30-16.21.50 ARTPREVIEW fighter=Medusa hero=1 eligible=0 visual=1 mesh=SK_Medusa_H2LD
2026.09.30-16.21.50 FIGHTERS synced n=6 alive=6 own=4 enemy=2
2026.09.30-16.21.50 WS seq=70 phase=ACTION_MANEUVER (apply)
2026.09.30-16.21.51 SNAPSHOT applied seq=71 phase=ACTION_MANEUVER
2026.09.30-16.21.51 HANDLE_APPLIED #109 seq=71 decision=2 fightersValid=1 boardValid=1
2026.09.30-16.21.51 MODE seq=71 mode=0 combat=0 pending=0
2026.09.30-16.21.51 HUD seq=71 phase=ACTION_MANEUVER turn=opp hand=7 oppHand=8(hidden) oppDeck=13~ deck=12~ discard=11
2026.09.30-16.21.51 ARTPREVIEW fighter=Medusa hero=1 eligible=0 visual=1 mesh=SK_Medusa_H2LD
2026.09.30-16.21.51 FIGHTERS synced n=6 alive=6 own=4 enemy=2
2026.09.30-16.21.51 CUE move f-1-hero (1,3)->(0,3) seq=71
2026.09.30-16.21.51 WS seq=71 phase=ACTION_MANEUVER (apply)
2026.09.30-16.21.51 TAG fighter=f-0-hero bbox=(909,493,1011,515) mode=compact look=P1 placement=above ring=0 hardPx2=0 softPx2=0 order=4 bound=1
2026.09.30-16.21.51 TAG fighter=f-0-sk0 bbox=(1232,385,1316,407) mode=compact look=P1 placement=above ring=0 hardPx2=0 softPx2=0 order=2 bound=1
2026.09.30-16.21.51 TAG fighter=f-0-sk1 bbox=(918,264,1002,286) mode=compact look=P1 placement=above ring=0 hardPx2=0 softPx2=0 order=0 bound=1
2026.09.30-16.21.51 TAG fighter=f-0-sk2 bbox=(761,385,845,407) mode=compact look=P1 placement=above ring=0 hardPx2=0 softPx2=0 order=1 bound=1
2026.09.30-16.21.51 TAG fighter=f-1-hero bbox=(583,489,685,511) mode=compact look=P2 placement=above ring=0 hardPx2=0 softPx2=0 order=3 bound=1
2026.09.30-16.21.51 TAG fighter=f-1-sk0 bbox=(1242,507,1326,529) mode=compact look=P2 placement=above ring=0 hardPx2=0 softPx2=0 order=5 bound=1
2026.09.30-16.21.51 S09AUTO drive mode=0 plan=[attack] phase=ACTION_MANEUVER turn=cmukie57j0001wiaofr67k2vd
2026.09.30-16.21.52 SNAPSHOT applied seq=72 phase=ACTION_MANEUVER
2026.09.30-16.21.52 HANDLE_APPLIED #110 seq=72 decision=2 fightersValid=1 boardValid=1
2026.09.30-16.21.52 MODE seq=72 mode=0 combat=0 pending=0
2026.09.30-16.21.52 HUD seq=72 phase=ACTION_MANEUVER turn=opp hand=7 oppHand=9(hidden) oppDeck=13~ deck=12~ discard=11
2026.09.30-16.21.52 ARTPREVIEW fighter=Medusa hero=1 eligible=0 visual=1 mesh=SK_Medusa_H2LD
2026.09.30-16.21.52 FIGHTERS synced n=6 alive=6 own=4 enemy=2
2026.09.30-16.21.52 WS seq=72 phase=ACTION_MANEUVER (apply)
2026.09.30-16.21.52 SNAPSHOT applied seq=73 phase=TURN_END
2026.09.30-16.21.52 HANDLE_APPLIED #111 seq=73 decision=2 fightersValid=1 boardValid=1
2026.09.30-16.21.52 MODE seq=73 mode=0 combat=0 pending=0
2026.09.30-16.21.52 HUD seq=73 phase=TURN_END turn=opp hand=7 oppHand=9(hidden) oppDeck=13~ deck=12~ discard=11 pendingDiscard=2
2026.09.30-16.21.52 ARTPREVIEW fighter=Medusa hero=1 eligible=0 visual=1 mesh=SK_Medusa_H2LD
2026.09.30-16.21.52 FIGHTERS synced n=6 alive=6 own=4 enemy=2
2026.09.30-16.21.52 CUE move f-1-hero (0,3)->(1,3) seq=73
2026.09.30-16.21.52 WS seq=73 phase=TURN_END (apply)
2026.09.30-16.21.52 TAG fighter=f-0-hero bbox=(909,493,1011,515) mode=compact look=P1 placement=above ring=0 hardPx2=0 softPx2=0 order=4 bound=1
2026.09.30-16.21.52 TAG fighter=f-0-sk0 bbox=(1232,385,1316,407) mode=compact look=P1 placement=above ring=0 hardPx2=0 softPx2=0 order=2 bound=1
2026.09.30-16.21.52 TAG fighter=f-0-sk1 bbox=(918,264,1002,286) mode=compact look=P1 placement=above ring=0 hardPx2=0 softPx2=0 order=0 bound=1
2026.09.30-16.21.52 TAG fighter=f-0-sk2 bbox=(761,385,845,407) mode=compact look=P1 placement=above ring=0 hardPx2=0 softPx2=0 order=1 bound=1
2026.09.30-16.21.52 TAG fighter=f-1-hero bbox=(643,513,745,535) mode=compact look=P2 placement=left ring=0 hardPx2=0 softPx2=0 order=3 bound=1
2026.09.30-16.21.52 TAG fighter=f-1-sk0 bbox=(1242,507,1326,529) mode=compact look=P2 placement=above ring=0 hardPx2=0 softPx2=0 order=5 bound=1
2026.09.30-16.21.52 TAG fighter=f-0-hero bbox=(909,493,1011,515) mode=compact look=P1 placement=above ring=0 hardPx2=0 softPx2=0 order=4 bound=1
2026.09.30-16.21.52 TAG fighter=f-0-sk0 bbox=(1232,385,1316,407) mode=compact look=P1 placement=above ring=0 hardPx2=0 softPx2=0 order=2 bound=1
2026.09.30-16.21.52 TAG fighter=f-0-sk1 bbox=(918,264,1002,286) mode=compact look=P1 placement=above ring=0 hardPx2=0 softPx2=0 order=0 bound=1
2026.09.30-16.21.52 TAG fighter=f-0-sk2 bbox=(761,385,845,407) mode=compact look=P1 placement=above ring=0 hardPx2=0 softPx2=0 order=1 bound=1
2026.09.30-16.21.52 TAG fighter=f-1-hero bbox=(643,513,745,535) mode=compact look=P2 placement=left ring=0 hardPx2=0 softPx2=0 order=3 bound=1
2026.09.30-16.21.52 TAG fighter=f-1-sk0 bbox=(1242,507,1326,529) mode=compact look=P2 placement=above ring=0 hardPx2=0 softPx2=0 order=5 bound=1
2026.09.30-16.21.52 game -> room=cmuobaygt00wzwircvdqcyy4s code=<redacted> status=IN_PROGRESS
2026.09.30-16.21.52 PERF window t=55.2-60.2 frames=150 fps=30.00 frameMs avg=33.33 p50=33.33 p95=33.33 p99=33.37 max=33.41 hitches50=0 gpuMs avg=1.86 p50=1.84 p95=2.06 gameMs avg=3.08 p95=15.97 renderMs avg=2.94 p95=3.47
2026.09.30-16.21.53 SNAPSHOT applied seq=74 phase=ACTION_MANEUVER
2026.09.30-16.21.53 HANDLE_APPLIED #112 seq=74 decision=2 fightersValid=1 boardValid=1
2026.09.30-16.21.53 closed mode=
2026.09.30-16.21.53 MODE seq=74 mode=6 combat=0 pending=1
2026.09.30-16.21.53 HUD seq=74 phase=ACTION_MANEUVER turn=you hand=7 oppHand=7(hidden) oppDeck=13~ deck=12~ discard=11
2026.09.30-16.21.53 ARTPREVIEW fighter=Medusa hero=1 eligible=0 visual=1 mesh=SK_Medusa_H2LD
2026.09.30-16.21.53 FIGHTERS synced n=6 alive=6 own=4 enemy=2
2026.09.30-16.21.53 WS seq=74 phase=ACTION_MANEUVER (apply)
2026.09.30-16.21.53 S09AUTO drive mode=6 plan=[attack] phase=ACTION_MANEUVER turn=cmukie55u0000wiao06h107t9
2026.09.30-16.21.53 S09AUTO own turn #7 (turnCount=15)
2026.09.30-16.21.53 PEND-RESOLVE sent type=TARGET_FIGHTER stage=0 id=ability-medusa-target-p0
2026.09.30-16.21.53 S09AUTO pending picked (type=TARGET_FIGHTER stage=0)
2026.09.30-16.21.53 HUD plate content fighter=f-1-hero name=King Arthur hp=13/18 team=enemy statuses=HERO  |  MELEE teamSlot=P2 look=P2 shape=hexagon chip=#5786A8
2026.09.30-16.21.53 PLATE fighter=f-1-hero bbox=(705,650,877,704) overlapReachable=0 placement=below ring=0 gap=6 selection=f-1-hero destinations=0 clean=1 softPx2=0 tested=122 bound=1
2026.09.30-16.21.53 TAG fighter=f-0-hero bbox=(909,493,1011,515) mode=compact look=P1 placement=above ring=0 hardPx2=0 softPx2=0 order=3 bound=1
2026.09.30-16.21.53 TAG fighter=f-0-sk0 bbox=(1232,385,1316,407) mode=compact look=P1 placement=above ring=0 hardPx2=0 softPx2=0 order=2 bound=1
2026.09.30-16.21.53 TAG fighter=f-0-sk1 bbox=(918,264,1002,286) mode=compact look=P1 placement=above ring=0 hardPx2=0 softPx2=0 order=0 bound=1
2026.09.30-16.21.53 TAG fighter=f-0-sk2 bbox=(761,385,845,407) mode=compact look=P1 placement=above ring=0 hardPx2=0 softPx2=0 order=1 bound=1
2026.09.30-16.21.53 TAG fighter=f-1-sk0 bbox=(1242,507,1326,529) mode=compact look=P2 placement=above ring=0 hardPx2=0 softPx2=0 order=4 bound=1
2026.09.30-16.21.53 TAG fighter=f-0-hero bbox=(909,493,1011,515) mode=compact look=P1 placement=above ring=0 hardPx2=0 softPx2=0 order=3 bound=1
2026.09.30-16.21.53 TAG fighter=f-0-sk0 bbox=(1232,385,1316,407) mode=compact look=P1 placement=above ring=0 hardPx2=0 softPx2=0 order=2 bound=1
2026.09.30-16.21.53 TAG fighter=f-0-sk1 bbox=(918,264,1002,286) mode=compact look=P1 placement=above ring=0 hardPx2=0 softPx2=0 order=0 bound=1
2026.09.30-16.21.53 TAG fighter=f-0-sk2 bbox=(761,385,845,407) mode=compact look=P1 placement=above ring=0 hardPx2=0 softPx2=0 order=1 bound=1
2026.09.30-16.21.53 TAG fighter=f-1-sk0 bbox=(1242,507,1326,529) mode=compact look=P2 placement=above ring=0 hardPx2=0 softPx2=0 order=4 bound=1
2026.09.30-16.21.53 SNAPSHOT applied seq=75 phase=ACTION_MANEUVER
2026.09.30-16.21.53 HANDLE_APPLIED #113 seq=75 decision=2 fightersValid=1 boardValid=1
2026.09.30-16.21.53 closed mode=
2026.09.30-16.21.53 MODE seq=75 mode=0 combat=0 pending=0
2026.09.30-16.21.53 HUD seq=75 phase=ACTION_MANEUVER turn=you hand=7 oppHand=7(hidden) oppDeck=11 deck=12 discard=11
2026.09.30-16.21.53 ARTPREVIEW fighter=Medusa hero=1 eligible=0 visual=1 mesh=SK_Medusa_H2LD
2026.09.30-16.21.53 FIGHTERS synced n=6 alive=6 own=4 enemy=2
2026.09.30-16.21.53 ARTPREVIEW damage-number fighter=f-1-hero amount=1 seq=75 cell=(1,3)
2026.09.30-16.21.53 ARTPREVIEW anim fighter=f-1-hero clip=HitReact len=0.417 event=damaged loop=0 phase=0.0000 seq=75 asset=AM_KingArthur_HitReact
2026.09.30-16.21.53 CUE damage f-1-hero -1 seq=75
2026.09.30-16.21.53 PEND resolve done seq=75 (apply) phase=ACTION_MANEUVER
2026.09.30-16.21.53 SNAPSHOT applied seq=75 phase=ACTION_MANEUVER
2026.09.30-16.21.53 HANDLE_APPLIED #114 seq=75 decision=1 fightersValid=1 boardValid=1
2026.09.30-16.21.53 MODE seq=75 mode=0 combat=0 pending=0
2026.09.30-16.21.53 HUD seq=75 phase=ACTION_MANEUVER turn=you hand=7 oppHand=7(hidden) oppDeck=11 deck=12 discard=11
2026.09.30-16.21.53 ARTPREVIEW fighter=Medusa hero=1 eligible=0 visual=1 mesh=SK_Medusa_H2LD
2026.09.30-16.21.53 FIGHTERS synced n=6 alive=6 own=4 enemy=2
2026.09.30-16.21.53 WS seq=75 phase=ACTION_MANEUVER (merge)
2026.09.30-16.21.53 S09AUTO drive mode=0 plan=[attack] phase=ACTION_MANEUVER turn=cmukie55u0000wiao06h107t9
2026.09.30-16.21.53 S09AUTO attack deferred - no may-boost card in hand (turn#7 elapsed=61s)
2026.09.30-16.21.53 PLATE hidden fighter=f-1-hero
2026.09.30-16.21.53 TAG fighter=f-0-hero bbox=(909,493,1011,515) mode=compact look=P1 placement=above ring=0 hardPx2=0 softPx2=0 order=4 bound=1
2026.09.30-16.21.53 TAG fighter=f-0-sk0 bbox=(1232,385,1316,407) mode=compact look=P1 placement=above ring=0 hardPx2=0 softPx2=0 order=3 bound=1
2026.09.30-16.21.53 TAG fighter=f-0-sk1 bbox=(918,264,1002,286) mode=compact look=P1 placement=above ring=0 hardPx2=0 softPx2=0 order=1 bound=1
2026.09.30-16.21.53 TAG fighter=f-0-sk2 bbox=(761,385,845,407) mode=compact look=P1 placement=above ring=0 hardPx2=0 softPx2=0 order=2 bound=1
2026.09.30-16.21.53 TAG fighter=f-1-hero bbox=(643,513,745,535) mode=compact look=P2 placement=left ring=0 hardPx2=0 softPx2=0 order=0 bound=1
2026.09.30-16.21.53 TAG fighter=f-1-sk0 bbox=(1242,507,1326,529) mode=compact look=P2 placement=above ring=0 hardPx2=0 softPx2=0 order=5 bound=1
2026.09.30-16.21.53 DAMAGE fighter=f-1-hero bbox=(674,483,714,511) amount=1 seq=75 placement=above ring=0 hardPx2=0 softPx2=0
2026.09.30-16.21.53 TAG fighter=f-0-hero bbox=(909,493,1011,515) mode=compact look=P1 placement=above ring=0 hardPx2=0 softPx2=0 order=4 bound=1
2026.09.30-16.21.53 TAG fighter=f-0-sk0 bbox=(1232,385,1316,407) mode=compact look=P1 placement=above ring=0 hardPx2=0 softPx2=0 order=3 bound=1
2026.09.30-16.21.53 TAG fighter=f-0-sk1 bbox=(918,264,1002,286) mode=compact look=P1 placement=above ring=0 hardPx2=0 softPx2=0 order=1 bound=1
2026.09.30-16.21.53 TAG fighter=f-0-sk2 bbox=(761,385,845,407) mode=compact look=P1 placement=above ring=0 hardPx2=0 softPx2=0 order=2 bound=1
2026.09.30-16.21.53 TAG fighter=f-1-hero bbox=(643,513,745,535) mode=compact look=P2 placement=left ring=0 hardPx2=0 softPx2=0 order=0 bound=1
2026.09.30-16.21.53 TAG fighter=f-1-sk0 bbox=(1242,507,1326,529) mode=compact look=P2 placement=above ring=0 hardPx2=0 softPx2=0 order=5 bound=1
2026.09.30-16.21.53 SNAPSHOT applied seq=76 phase=ACTION_MANEUVER
2026.09.30-16.21.53 HANDLE_APPLIED #115 seq=76 decision=2 fightersValid=1 boardValid=1
2026.09.30-16.21.53 MANEUVER-DRAFT mode=maneuver:15:75
2026.09.30-16.21.53 DRAFT-OPEN draw committed (resume instead of begin)
2026.09.30-16.21.53 MODE seq=76 mode=1 combat=0 pending=0
2026.09.30-16.21.53 HUD seq=76 phase=ACTION_MANEUVER turn=you hand=8 oppHand=7(hidden) oppDeck=11~ deck=12~ discard=11
2026.09.30-16.21.53 ARTPREVIEW fighter=Medusa hero=1 eligible=0 visual=1 mesh=SK_Medusa_H2LD
2026.09.30-16.21.53 FIGHTERS synced n=6 alive=6 own=4 enemy=2
2026.09.30-16.21.53 WS seq=76 phase=ACTION_MANEUVER (apply)
2026.09.30-16.21.53 SNAPSHOT applied seq=76 phase=ACTION_MANEUVER
2026.09.30-16.21.53 HANDLE_APPLIED #116 seq=76 decision=1 fightersValid=1 boardValid=1
2026.09.30-16.21.53 MODE seq=76 mode=1 combat=0 pending=0
2026.09.30-16.21.53 HUD seq=76 phase=ACTION_MANEUVER turn=you hand=8 oppHand=7(hidden) oppDeck=11 deck=11 discard=11
2026.09.30-16.21.53 ARTPREVIEW fighter=Medusa hero=1 eligible=0 visual=1 mesh=SK_Medusa_H2LD
2026.09.30-16.21.53 FIGHTERS synced n=6 alive=6 own=4 enemy=2
2026.09.30-16.21.53 MANEUVER begin seq=76 (merge) pending=maneuver:15:75
2026.09.30-16.21.53 S09AUTO drive mode=1 plan=[attack] phase=ACTION_MANEUVER turn=cmukie55u0000wiao06h107t9
2026.09.30-16.21.53 S09AUTO approach: no improving legal step
2026.09.30-16.21.53 MANEUVER-CONFIRM moves=0 boost=none
2026.09.30-16.21.53 HUD plate content fighter=f-0-hero name=Medusa hp=16/16 team=own statuses=HERO  |  MELEE teamSlot=P1 look=P1 shape=circle chip=#DAC576
2026.09.30-16.21.53 PLATE fighter=f-0-hero bbox=(847,970,1019,1024) overlapReachable=0 placement=below ring=40 gap=326 selection=f-0-hero destinations=15 clean=0 softPx2=7216 tested=18880 bound=1
2026.09.30-16.21.53 TAG fighter=f-0-sk0 bbox=(1232,385,1316,407) mode=compact look=P1 placement=above ring=0 hardPx2=0 softPx2=0 order=3 bound=1
2026.09.30-16.21.53 TAG fighter=f-0-sk1 bbox=(918,264,1002,286) mode=compact look=P1 placement=above ring=0 hardPx2=0 softPx2=0 order=1 bound=1
2026.09.30-16.21.53 TAG fighter=f-0-sk2 bbox=(761,385,845,407) mode=compact look=P1 placement=above ring=0 hardPx2=0 softPx2=0 order=2 bound=1
2026.09.30-16.21.53 TAG fighter=f-1-hero bbox=(643,513,745,535) mode=compact look=P2 placement=left ring=0 hardPx2=0 softPx2=0 order=0 bound=1
2026.09.30-16.21.53 TAG fighter=f-1-sk0 bbox=(1242,507,1326,529) mode=compact look=P2 placement=above ring=0 hardPx2=0 softPx2=0 order=4 bound=1
2026.09.30-16.21.53 SNAPSHOT applied seq=77 phase=ACTION_MANEUVER
2026.09.30-16.21.53 HANDLE_APPLIED #117 seq=77 decision=2 fightersValid=1 boardValid=1
2026.09.30-16.21.53 closed mode=
2026.09.30-16.21.53 MODE seq=77 mode=0 combat=0 pending=0
2026.09.30-16.21.53 HUD seq=77 phase=ACTION_MANEUVER turn=you hand=8 oppHand=7(hidden) oppDeck=11 deck=11 discard=11
2026.09.30-16.21.53 ARTPREVIEW fighter=Medusa hero=1 eligible=0 visual=1 mesh=SK_Medusa_H2LD
2026.09.30-16.21.53 FIGHTERS synced n=6 alive=6 own=4 enemy=2
2026.09.30-16.21.53 MANEUVER done seq=77 (apply) fighters=6 boost=no
2026.09.30-16.21.53 SNAPSHOT applied seq=77 phase=ACTION_MANEUVER
2026.09.30-16.21.53 HANDLE_APPLIED #118 seq=77 decision=1 fightersValid=1 boardValid=1
2026.09.30-16.21.53 MODE seq=77 mode=0 combat=0 pending=0
2026.09.30-16.21.53 HUD seq=77 phase=ACTION_MANEUVER turn=you hand=8 oppHand=7(hidden) oppDeck=11 deck=11 discard=11
2026.09.30-16.21.53 ARTPREVIEW fighter=Medusa hero=1 eligible=0 visual=1 mesh=SK_Medusa_H2LD
2026.09.30-16.21.53 FIGHTERS synced n=6 alive=6 own=4 enemy=2
2026.09.30-16.21.53 WS seq=77 phase=ACTION_MANEUVER (merge)
2026.09.30-16.21.53 PLATE hidden fighter=f-0-hero
2026.09.30-16.21.53 TAG fighter=f-0-hero bbox=(909,493,1011,515) mode=compact look=P1 placement=above ring=0 hardPx2=0 softPx2=0 order=4 bound=1
2026.09.30-16.21.53 TAG fighter=f-0-sk0 bbox=(1232,385,1316,407) mode=compact look=P1 placement=above ring=0 hardPx2=0 softPx2=0 order=3 bound=1
2026.09.30-16.21.53 TAG fighter=f-0-sk1 bbox=(918,264,1002,286) mode=compact look=P1 placement=above ring=0 hardPx2=0 softPx2=0 order=1 bound=1
2026.09.30-16.21.53 TAG fighter=f-0-sk2 bbox=(761,385,845,407) mode=compact look=P1 placement=above ring=0 hardPx2=0 softPx2=0 order=2 bound=1
2026.09.30-16.21.53 TAG fighter=f-1-hero bbox=(643,513,745,535) mode=compact look=P2 placement=left ring=0 hardPx2=0 softPx2=0 order=0 bound=1
2026.09.30-16.21.53 TAG fighter=f-1-sk0 bbox=(1242,507,1326,529) mode=compact look=P2 placement=above ring=0 hardPx2=0 softPx2=0 order=5 bound=1
2026.09.30-16.21.54 TAG fighter=f-0-hero bbox=(909,493,1011,515) mode=compact look=P1 placement=above ring=0 hardPx2=0 softPx2=0 order=4 bound=1
2026.09.30-16.21.54 TAG fighter=f-0-sk0 bbox=(1232,385,1316,407) mode=compact look=P1 placement=above ring=0 hardPx2=0 softPx2=0 order=3 bound=1
2026.09.30-16.21.54 TAG fighter=f-0-sk1 bbox=(918,264,1002,286) mode=compact look=P1 placement=above ring=0 hardPx2=0 softPx2=0 order=1 bound=1
2026.09.30-16.21.54 TAG fighter=f-0-sk2 bbox=(761,385,845,407) mode=compact look=P1 placement=above ring=0 hardPx2=0 softPx2=0 order=2 bound=1
2026.09.30-16.21.54 TAG fighter=f-1-hero bbox=(643,513,745,535) mode=compact look=P2 placement=left ring=0 hardPx2=0 softPx2=0 order=0 bound=1
2026.09.30-16.21.54 TAG fighter=f-1-sk0 bbox=(1242,507,1326,529) mode=compact look=P2 placement=above ring=0 hardPx2=0 softPx2=0 order=5 bound=1
2026.09.30-16.21.54 ARTPREVIEW anim fighter=f-1-hero clip=Idle len=2.500 event=clipFinished loop=1 phase=0.3470 seq=-1 asset=AM_KingArthur_Idle
2026.09.30-16.21.54 TAG fighter=f-0-hero bbox=(909,493,1011,515) mode=compact look=P1 placement=above ring=0 hardPx2=0 softPx2=0 order=4 bound=1
2026.09.30-16.21.54 TAG fighter=f-0-sk0 bbox=(1232,385,1316,407) mode=compact look=P1 placement=above ring=0 hardPx2=0 softPx2=0 order=2 bound=1
2026.09.30-16.21.54 TAG fighter=f-0-sk1 bbox=(918,264,1002,286) mode=compact look=P1 placement=above ring=0 hardPx2=0 softPx2=0 order=0 bound=1
2026.09.30-16.21.54 TAG fighter=f-0-sk2 bbox=(761,385,845,407) mode=compact look=P1 placement=above ring=0 hardPx2=0 softPx2=0 order=1 bound=1
2026.09.30-16.21.54 TAG fighter=f-1-hero bbox=(643,513,745,535) mode=compact look=P2 placement=left ring=0 hardPx2=0 softPx2=0 order=3 bound=1
2026.09.30-16.21.54 TAG fighter=f-1-sk0 bbox=(1242,507,1326,529) mode=compact look=P2 placement=above ring=0 hardPx2=0 softPx2=0 order=5 bound=1
2026.09.30-16.21.55 S09AUTO drive mode=0 plan=[attack] phase=ACTION_MANEUVER turn=cmukie55u0000wiao06h107t9
2026.09.30-16.21.55 S09AUTO attack deferred - no may-boost card in hand (turn#7 elapsed=63s)
2026.09.30-16.21.55 SNAPSHOT applied seq=78 phase=ACTION_MANEUVER
2026.09.30-16.21.55 HANDLE_APPLIED #119 seq=78 decision=2 fightersValid=1 boardValid=1
2026.09.30-16.21.55 MANEUVER-DRAFT mode=maneuver:15:77
2026.09.30-16.21.55 DRAFT-OPEN draw committed (resume instead of begin)
2026.09.30-16.21.55 MODE seq=78 mode=1 combat=0 pending=0
2026.09.30-16.21.55 HUD seq=78 phase=ACTION_MANEUVER turn=you hand=9 oppHand=7(hidden) oppDeck=11 deck=10 discard=11
2026.09.30-16.21.55 ARTPREVIEW fighter=Medusa hero=1 eligible=0 visual=1 mesh=SK_Medusa_H2LD
2026.09.30-16.21.55 FIGHTERS synced n=6 alive=6 own=4 enemy=2
2026.09.30-16.21.55 MANEUVER begin seq=78 (apply) pending=maneuver:15:77
2026.09.30-16.21.55 SNAPSHOT applied seq=78 phase=ACTION_MANEUVER
2026.09.30-16.21.55 HANDLE_APPLIED #120 seq=78 decision=1 fightersValid=1 boardValid=1
2026.09.30-16.21.55 MODE seq=78 mode=1 combat=0 pending=0
2026.09.30-16.21.55 HUD seq=78 phase=ACTION_MANEUVER turn=you hand=9 oppHand=7(hidden) oppDeck=11 deck=10 discard=11
2026.09.30-16.21.55 ARTPREVIEW fighter=Medusa hero=1 eligible=0 visual=1 mesh=SK_Medusa_H2LD
2026.09.30-16.21.55 FIGHTERS synced n=6 alive=6 own=4 enemy=2
2026.09.30-16.21.55 WS seq=78 phase=ACTION_MANEUVER (merge)
2026.09.30-16.21.55 S09AUTO drive mode=1 plan=[attack] phase=ACTION_MANEUVER turn=cmukie55u0000wiao06h107t9
2026.09.30-16.21.55 S09AUTO approach: no improving legal step
2026.09.30-16.21.55 MANEUVER-CONFIRM moves=0 boost=none
2026.09.30-16.21.55 PLATE fighter=f-0-hero bbox=(847,970,1019,1024) overlapReachable=0 placement=below ring=40 gap=326 selection=f-0-hero destinations=15 clean=0 softPx2=7216 tested=18880 bound=1
2026.09.30-16.21.55 TAG fighter=f-0-sk0 bbox=(1232,385,1316,407) mode=compact look=P1 placement=above ring=0 hardPx2=0 softPx2=0 order=2 bound=1
2026.09.30-16.21.55 TAG fighter=f-0-sk1 bbox=(918,264,1002,286) mode=compact look=P1 placement=above ring=0 hardPx2=0 softPx2=0 order=0 bound=1
2026.09.30-16.21.55 TAG fighter=f-0-sk2 bbox=(761,385,845,407) mode=compact look=P1 placement=above ring=0 hardPx2=0 softPx2=0 order=1 bound=1
2026.09.30-16.21.55 TAG fighter=f-1-hero bbox=(643,513,745,535) mode=compact look=P2 placement=left ring=0 hardPx2=0 softPx2=0 order=3 bound=1
2026.09.30-16.21.55 TAG fighter=f-1-sk0 bbox=(1242,507,1326,529) mode=compact look=P2 placement=above ring=0 hardPx2=0 softPx2=0 order=4 bound=1
2026.09.30-16.21.55 TAG fighter=f-0-sk0 bbox=(1232,385,1316,407) mode=compact look=P1 placement=above ring=0 hardPx2=0 softPx2=0 order=2 bound=1
2026.09.30-16.21.55 TAG fighter=f-0-sk1 bbox=(918,264,1002,286) mode=compact look=P1 placement=above ring=0 hardPx2=0 softPx2=0 order=0 bound=1
2026.09.30-16.21.55 TAG fighter=f-0-sk2 bbox=(761,385,845,407) mode=compact look=P1 placement=above ring=0 hardPx2=0 softPx2=0 order=1 bound=1
2026.09.30-16.21.55 TAG fighter=f-1-hero bbox=(643,513,745,535) mode=compact look=P2 placement=left ring=0 hardPx2=0 softPx2=0 order=3 bound=1
2026.09.30-16.21.55 TAG fighter=f-1-sk0 bbox=(1242,507,1326,529) mode=compact look=P2 placement=above ring=0 hardPx2=0 softPx2=0 order=4 bound=1
2026.09.30-16.21.55 SNAPSHOT applied seq=79 phase=TURN_END
2026.09.30-16.21.55 HANDLE_APPLIED #121 seq=79 decision=2 fightersValid=1 boardValid=1
2026.09.30-16.21.55 DISCARD-DRAFT count=2 pending=discard:15:79
2026.09.30-16.21.55 MODE seq=79 mode=2 combat=0 pending=0
2026.09.30-16.21.55 HUD seq=79 phase=TURN_END turn=you hand=9 oppHand=7(hidden) oppDeck=11 deck=10 discard=11 pendingDiscard=2
2026.09.30-16.21.55 ARTPREVIEW fighter=Medusa hero=1 eligible=0 visual=1 mesh=SK_Medusa_H2LD
2026.09.30-16.21.55 FIGHTERS synced n=6 alive=6 own=4 enemy=2
2026.09.30-16.21.55 MANEUVER done seq=79 (apply) fighters=6 boost=no
2026.09.30-16.21.55 SNAPSHOT applied seq=79 phase=TURN_END
2026.09.30-16.21.55 HANDLE_APPLIED #122 seq=79 decision=1 fightersValid=1 boardValid=1
2026.09.30-16.21.55 MODE seq=79 mode=2 combat=0 pending=0
2026.09.30-16.21.55 HUD seq=79 phase=TURN_END turn=you hand=9 oppHand=7(hidden) oppDeck=11 deck=10 discard=11 pendingDiscard=2
2026.09.30-16.21.55 ARTPREVIEW fighter=Medusa hero=1 eligible=0 visual=1 mesh=SK_Medusa_H2LD
2026.09.30-16.21.55 FIGHTERS synced n=6 alive=6 own=4 enemy=2
2026.09.30-16.21.55 WS seq=79 phase=TURN_END (merge)
2026.09.30-16.21.55 PLATE hidden fighter=f-0-hero
2026.09.30-16.21.55 TAG fighter=f-0-hero bbox=(909,493,1011,515) mode=compact look=P1 placement=above ring=0 hardPx2=0 softPx2=0 order=4 bound=1
2026.09.30-16.21.55 TAG fighter=f-0-sk0 bbox=(1232,385,1316,407) mode=compact look=P1 placement=above ring=0 hardPx2=0 softPx2=0 order=2 bound=1
2026.09.30-16.21.55 TAG fighter=f-0-sk1 bbox=(918,264,1002,286) mode=compact look=P1 placement=above ring=0 hardPx2=0 softPx2=0 order=0 bound=1
2026.09.30-16.21.55 TAG fighter=f-0-sk2 bbox=(761,385,845,407) mode=compact look=P1 placement=above ring=0 hardPx2=0 softPx2=0 order=1 bound=1
2026.09.30-16.21.55 TAG fighter=f-1-hero bbox=(643,513,745,535) mode=compact look=P2 placement=left ring=0 hardPx2=0 softPx2=0 order=3 bound=1
2026.09.30-16.21.55 TAG fighter=f-1-sk0 bbox=(1242,507,1326,529) mode=compact look=P2 placement=above ring=0 hardPx2=0 softPx2=0 order=5 bound=1
2026.09.30-16.21.55 TAG fighter=f-0-hero bbox=(909,493,1011,515) mode=compact look=P1 placement=above ring=0 hardPx2=0 softPx2=0 order=4 bound=1
2026.09.30-16.21.55 TAG fighter=f-0-sk0 bbox=(1232,385,1316,407) mode=compact look=P1 placement=above ring=0 hardPx2=0 softPx2=0 order=2 bound=1
2026.09.30-16.21.55 TAG fighter=f-0-sk1 bbox=(918,264,1002,286) mode=compact look=P1 placement=above ring=0 hardPx2=0 softPx2=0 order=0 bound=1
2026.09.30-16.21.55 TAG fighter=f-0-sk2 bbox=(761,385,845,407) mode=compact look=P1 placement=above ring=0 hardPx2=0 softPx2=0 order=1 bound=1
2026.09.30-16.21.55 TAG fighter=f-1-hero bbox=(643,513,745,535) mode=compact look=P2 placement=left ring=0 hardPx2=0 softPx2=0 order=3 bound=1
2026.09.30-16.21.55 TAG fighter=f-1-sk0 bbox=(1242,507,1326,529) mode=compact look=P2 placement=above ring=0 hardPx2=0 softPx2=0 order=5 bound=1
2026.09.30-16.21.55 game -> room=cmuobaygt00wzwircvdqcyy4s code=<redacted> status=IN_PROGRESS
2026.09.30-16.21.56 S09AUTO drive mode=2 plan=[attack] phase=TURN_END turn=cmukie55u0000wiao06h107t9
2026.09.30-16.21.56 S09AUTO discard picks=2
2026.09.30-16.21.56 DISCARD-CONFIRM pending=discard:15:79 count=2 ids=cmuhgvgkk00swwi9g36pro935::1,cmuhgvgkk00swwi9g36pro935::0
2026.09.30-16.21.56 TAG fighter=f-0-hero bbox=(909,493,1011,515) mode=compact look=P1 placement=above ring=0 hardPx2=0 softPx2=0 order=4 bound=1
2026.09.30-16.21.56 TAG fighter=f-0-sk0 bbox=(1232,385,1316,407) mode=compact look=P1 placement=above ring=0 hardPx2=0 softPx2=0 order=2 bound=1
2026.09.30-16.21.56 TAG fighter=f-0-sk1 bbox=(918,264,1002,286) mode=compact look=P1 placement=above ring=0 hardPx2=0 softPx2=0 order=0 bound=1
2026.09.30-16.21.56 TAG fighter=f-0-sk2 bbox=(761,385,845,407) mode=compact look=P1 placement=above ring=0 hardPx2=0 softPx2=0 order=1 bound=1
2026.09.30-16.21.56 TAG fighter=f-1-hero bbox=(643,513,745,535) mode=compact look=P2 placement=left ring=0 hardPx2=0 softPx2=0 order=3 bound=1
2026.09.30-16.21.56 TAG fighter=f-1-sk0 bbox=(1242,507,1326,529) mode=compact look=P2 placement=above ring=0 hardPx2=0 softPx2=0 order=5 bound=1
2026.09.30-16.21.56 SNAPSHOT applied seq=80 phase=ACTION_MANEUVER
2026.09.30-16.21.56 HANDLE_APPLIED #123 seq=80 decision=2 fightersValid=1 boardValid=1
2026.09.30-16.21.56 closed mode=
2026.09.30-16.21.56 MODE seq=80 mode=0 combat=0 pending=0
2026.09.30-16.21.56 HUD seq=80 phase=ACTION_MANEUVER turn=opp hand=7 oppHand=7(hidden) oppDeck=11 deck=10 discard=13
2026.09.30-16.21.56 ARTPREVIEW fighter=Medusa hero=1 eligible=0 visual=1 mesh=SK_Medusa_H2LD
2026.09.30-16.21.56 FIGHTERS synced n=6 alive=6 own=4 enemy=2
2026.09.30-16.21.56 DISCARD done seq=80 phase=ACTION_MANEUVER count=2
2026.09.30-16.21.56 SNAPSHOT applied seq=80 phase=ACTION_MANEUVER
2026.09.30-16.21.56 HANDLE_APPLIED #124 seq=80 decision=1 fightersValid=1 boardValid=1
2026.09.30-16.21.56 MODE seq=80 mode=0 combat=0 pending=0
2026.09.30-16.21.56 HUD seq=80 phase=ACTION_MANEUVER turn=opp hand=7 oppHand=7(hidden) oppDeck=11 deck=10 discard=13
2026.09.30-16.21.56 ARTPREVIEW fighter=Medusa hero=1 eligible=0 visual=1 mesh=SK_Medusa_H2LD
2026.09.30-16.21.56 FIGHTERS synced n=6 alive=6 own=4 enemy=2
2026.09.30-16.21.56 WS seq=80 phase=ACTION_MANEUVER (merge)
2026.09.30-16.21.56 TAG fighter=f-0-hero bbox=(909,493,1011,515) mode=compact look=P1 placement=above ring=0 hardPx2=0 softPx2=0 order=4 bound=1
2026.09.30-16.21.56 TAG fighter=f-0-sk0 bbox=(1232,385,1316,407) mode=compact look=P1 placement=above ring=0 hardPx2=0 softPx2=0 order=2 bound=1
2026.09.30-16.21.56 TAG fighter=f-0-sk1 bbox=(918,264,1002,286) mode=compact look=P1 placement=above ring=0 hardPx2=0 softPx2=0 order=0 bound=1
2026.09.30-16.21.56 TAG fighter=f-0-sk2 bbox=(761,385,845,407) mode=compact look=P1 placement=above ring=0 hardPx2=0 softPx2=0 order=1 bound=1
2026.09.30-16.21.56 TAG fighter=f-1-hero bbox=(643,513,745,535) mode=compact look=P2 placement=left ring=0 hardPx2=0 softPx2=0 order=3 bound=1
2026.09.30-16.21.56 TAG fighter=f-1-sk0 bbox=(1242,507,1326,529) mode=compact look=P2 placement=above ring=0 hardPx2=0 softPx2=0 order=5 bound=1
2026.09.30-16.21.56 SNAPSHOT applied seq=81 phase=ACTION_MANEUVER
2026.09.30-16.21.56 HANDLE_APPLIED #125 seq=81 decision=2 fightersValid=1 boardValid=1
2026.09.30-16.21.56 MODE seq=81 mode=0 combat=0 pending=0
2026.09.30-16.21.56 HUD seq=81 phase=ACTION_MANEUVER turn=opp hand=7 oppHand=8(hidden) oppDeck=11~ deck=10~ discard=13
2026.09.30-16.21.56 ARTPREVIEW fighter=Medusa hero=1 eligible=0 visual=1 mesh=SK_Medusa_H2LD
2026.09.30-16.21.56 FIGHTERS synced n=6 alive=6 own=4 enemy=2
2026.09.30-16.21.56 WS seq=81 phase=ACTION_MANEUVER (apply)
2026.09.30-16.21.56 SNAPSHOT applied seq=82 phase=ACTION_MANEUVER
2026.09.30-16.21.56 HANDLE_APPLIED #126 seq=82 decision=2 fightersValid=1 boardValid=1
2026.09.30-16.21.56 MODE seq=82 mode=0 combat=0 pending=0
2026.09.30-16.21.56 HUD seq=82 phase=ACTION_MANEUVER turn=opp hand=7 oppHand=8(hidden) oppDeck=11~ deck=10~ discard=13
2026.09.30-16.21.56 ARTPREVIEW fighter=Medusa hero=1 eligible=0 visual=1 mesh=SK_Medusa_H2LD
2026.09.30-16.21.56 FIGHTERS synced n=6 alive=6 own=4 enemy=2
2026.09.30-16.21.56 CUE move f-1-hero (1,3)->(0,3) seq=82
2026.09.30-16.21.56 WS seq=82 phase=ACTION_MANEUVER (apply)
2026.09.30-16.21.56 TAG fighter=f-0-hero bbox=(909,493,1011,515) mode=compact look=P1 placement=above ring=0 hardPx2=0 softPx2=0 order=4 bound=1
2026.09.30-16.21.56 TAG fighter=f-0-sk0 bbox=(1232,385,1316,407) mode=compact look=P1 placement=above ring=0 hardPx2=0 softPx2=0 order=2 bound=1
2026.09.30-16.21.56 TAG fighter=f-0-sk1 bbox=(918,264,1002,286) mode=compact look=P1 placement=above ring=0 hardPx2=0 softPx2=0 order=0 bound=1
2026.09.30-16.21.56 TAG fighter=f-0-sk2 bbox=(761,385,845,407) mode=compact look=P1 placement=above ring=0 hardPx2=0 softPx2=0 order=1 bound=1
2026.09.30-16.21.56 TAG fighter=f-1-hero bbox=(583,489,685,511) mode=compact look=P2 placement=above ring=0 hardPx2=0 softPx2=0 order=3 bound=1
2026.09.30-16.21.56 TAG fighter=f-1-sk0 bbox=(1242,507,1326,529) mode=compact look=P2 placement=above ring=0 hardPx2=0 softPx2=0 order=5 bound=1
2026.09.30-16.21.57 PERF window t=60.2-65.3 frames=151 fps=30.00 frameMs avg=33.33 p50=33.33 p95=33.33 p99=33.33 max=33.34 hitches50=0 gpuMs avg=1.86 p50=1.83 p95=2.04 gameMs avg=2.88 p95=14.37 renderMs avg=3.13 p95=4.22
2026.09.30-16.21.57 S09AUTO drive mode=0 plan=[attack] phase=ACTION_MANEUVER turn=cmukie57j0001wiaofr67k2vd
2026.09.30-16.21.57 SNAPSHOT applied seq=83 phase=ACTION_MANEUVER
2026.09.30-16.21.57 HANDLE_APPLIED #127 seq=83 decision=2 fightersValid=1 boardValid=1
2026.09.30-16.21.57 MODE seq=83 mode=0 combat=0 pending=0
2026.09.30-16.21.57 HUD seq=83 phase=ACTION_MANEUVER turn=opp hand=7 oppHand=9(hidden) oppDeck=11~ deck=10~ discard=13
2026.09.30-16.21.57 ARTPREVIEW fighter=Medusa hero=1 eligible=0 visual=1 mesh=SK_Medusa_H2LD
2026.09.30-16.21.57 FIGHTERS synced n=6 alive=6 own=4 enemy=2
2026.09.30-16.21.57 WS seq=83 phase=ACTION_MANEUVER (apply)
2026.09.30-16.21.57 SNAPSHOT applied seq=84 phase=TURN_END
2026.09.30-16.21.57 HANDLE_APPLIED #128 seq=84 decision=2 fightersValid=1 boardValid=1
2026.09.30-16.21.57 MODE seq=84 mode=0 combat=0 pending=0
2026.09.30-16.21.57 HUD seq=84 phase=TURN_END turn=opp hand=7 oppHand=9(hidden) oppDeck=11~ deck=10~ discard=13 pendingDiscard=2
2026.09.30-16.21.57 ARTPREVIEW fighter=Medusa hero=1 eligible=0 visual=1 mesh=SK_Medusa_H2LD
2026.09.30-16.21.57 FIGHTERS synced n=6 alive=6 own=4 enemy=2
2026.09.30-16.21.57 CUE move f-1-hero (0,3)->(1,3) seq=84
2026.09.30-16.21.57 WS seq=84 phase=TURN_END (apply)
2026.09.30-16.21.58 TAG fighter=f-0-hero bbox=(909,493,1011,515) mode=compact look=P1 placement=above ring=0 hardPx2=0 softPx2=0 order=4 bound=1
2026.09.30-16.21.58 TAG fighter=f-0-sk0 bbox=(1232,385,1316,407) mode=compact look=P1 placement=above ring=0 hardPx2=0 softPx2=0 order=2 bound=1
2026.09.30-16.21.58 TAG fighter=f-0-sk1 bbox=(918,264,1002,286) mode=compact look=P1 placement=above ring=0 hardPx2=0 softPx2=0 order=0 bound=1
2026.09.30-16.21.58 TAG fighter=f-0-sk2 bbox=(761,385,845,407) mode=compact look=P1 placement=above ring=0 hardPx2=0 softPx2=0 order=1 bound=1
2026.09.30-16.21.58 TAG fighter=f-1-hero bbox=(643,513,745,535) mode=compact look=P2 placement=left ring=0 hardPx2=0 softPx2=0 order=3 bound=1
2026.09.30-16.21.58 TAG fighter=f-1-sk0 bbox=(1242,507,1326,529) mode=compact look=P2 placement=above ring=0 hardPx2=0 softPx2=0 order=5 bound=1
2026.09.30-16.21.58 TAG fighter=f-0-hero bbox=(909,493,1011,515) mode=compact look=P1 placement=above ring=0 hardPx2=0 softPx2=0 order=4 bound=1
2026.09.30-16.21.58 TAG fighter=f-0-sk0 bbox=(1232,385,1316,407) mode=compact look=P1 placement=above ring=0 hardPx2=0 softPx2=0 order=2 bound=1
2026.09.30-16.21.58 TAG fighter=f-0-sk1 bbox=(918,264,1002,286) mode=compact look=P1 placement=above ring=0 hardPx2=0 softPx2=0 order=0 bound=1
2026.09.30-16.21.58 TAG fighter=f-0-sk2 bbox=(761,385,845,407) mode=compact look=P1 placement=above ring=0 hardPx2=0 softPx2=0 order=1 bound=1
2026.09.30-16.21.58 TAG fighter=f-1-hero bbox=(643,513,745,535) mode=compact look=P2 placement=left ring=0 hardPx2=0 softPx2=0 order=3 bound=1
2026.09.30-16.21.58 TAG fighter=f-1-sk0 bbox=(1242,507,1326,529) mode=compact look=P2 placement=above ring=0 hardPx2=0 softPx2=0 order=5 bound=1
2026.09.30-16.21.58 game -> room=cmuobaygt00wzwircvdqcyy4s code=<redacted> status=IN_PROGRESS
2026.09.30-16.21.59 SNAPSHOT applied seq=85 phase=ACTION_MANEUVER
2026.09.30-16.21.59 HANDLE_APPLIED #129 seq=85 decision=2 fightersValid=1 boardValid=1
2026.09.30-16.21.59 closed mode=
2026.09.30-16.21.59 MODE seq=85 mode=6 combat=0 pending=1
2026.09.30-16.21.59 HUD seq=85 phase=ACTION_MANEUVER turn=you hand=7 oppHand=7(hidden) oppDeck=11~ deck=10~ discard=13
2026.09.30-16.21.59 ARTPREVIEW fighter=Medusa hero=1 eligible=0 visual=1 mesh=SK_Medusa_H2LD
2026.09.30-16.21.59 FIGHTERS synced n=6 alive=6 own=4 enemy=2
2026.09.30-16.21.59 WS seq=85 phase=ACTION_MANEUVER (apply)
2026.09.30-16.21.59 S09AUTO drive mode=6 plan=[attack] phase=ACTION_MANEUVER turn=cmukie55u0000wiao06h107t9
2026.09.30-16.21.59 S09AUTO own turn #8 (turnCount=17)
2026.09.30-16.21.59 PEND-RESOLVE sent type=TARGET_FIGHTER stage=0 id=ability-medusa-target-p0
2026.09.30-16.21.59 S09AUTO pending picked (type=TARGET_FIGHTER stage=0)
2026.09.30-16.21.59 HUD plate content fighter=f-1-hero name=King Arthur hp=12/18 team=enemy statuses=HERO  |  MELEE teamSlot=P2 look=P2 shape=hexagon chip=#5786A8
2026.09.30-16.21.59 PLATE fighter=f-1-hero bbox=(705,650,877,704) overlapReachable=0 placement=below ring=0 gap=6 selection=f-1-hero destinations=0 clean=1 softPx2=0 tested=122 bound=1
2026.09.30-16.21.59 TAG fighter=f-0-hero bbox=(909,493,1011,515) mode=compact look=P1 placement=above ring=0 hardPx2=0 softPx2=0 order=3 bound=1
2026.09.30-16.21.59 TAG fighter=f-0-sk0 bbox=(1232,385,1316,407) mode=compact look=P1 placement=above ring=0 hardPx2=0 softPx2=0 order=2 bound=1
2026.09.30-16.21.59 TAG fighter=f-0-sk1 bbox=(918,264,1002,286) mode=compact look=P1 placement=above ring=0 hardPx2=0 softPx2=0 order=0 bound=1
2026.09.30-16.21.59 TAG fighter=f-0-sk2 bbox=(761,385,845,407) mode=compact look=P1 placement=above ring=0 hardPx2=0 softPx2=0 order=1 bound=1
2026.09.30-16.21.59 TAG fighter=f-1-sk0 bbox=(1242,507,1326,529) mode=compact look=P2 placement=above ring=0 hardPx2=0 softPx2=0 order=4 bound=1
2026.09.30-16.21.59 TAG fighter=f-0-hero bbox=(909,493,1011,515) mode=compact look=P1 placement=above ring=0 hardPx2=0 softPx2=0 order=3 bound=1
2026.09.30-16.21.59 TAG fighter=f-0-sk0 bbox=(1232,385,1316,407) mode=compact look=P1 placement=above ring=0 hardPx2=0 softPx2=0 order=2 bound=1
2026.09.30-16.21.59 TAG fighter=f-0-sk1 bbox=(918,264,1002,286) mode=compact look=P1 placement=above ring=0 hardPx2=0 softPx2=0 order=0 bound=1
2026.09.30-16.21.59 TAG fighter=f-0-sk2 bbox=(761,385,845,407) mode=compact look=P1 placement=above ring=0 hardPx2=0 softPx2=0 order=1 bound=1
2026.09.30-16.21.59 TAG fighter=f-1-sk0 bbox=(1242,507,1326,529) mode=compact look=P2 placement=above ring=0 hardPx2=0 softPx2=0 order=4 bound=1
2026.09.30-16.21.59 SNAPSHOT applied seq=86 phase=ACTION_MANEUVER
2026.09.30-16.21.59 HANDLE_APPLIED #130 seq=86 decision=2 fightersValid=1 boardValid=1
2026.09.30-16.21.59 closed mode=
2026.09.30-16.21.59 MODE seq=86 mode=0 combat=0 pending=0
2026.09.30-16.21.59 HUD seq=86 phase=ACTION_MANEUVER turn=you hand=7 oppHand=7(hidden) oppDeck=9 deck=10 discard=13
2026.09.30-16.21.59 ARTPREVIEW fighter=Medusa hero=1 eligible=0 visual=1 mesh=SK_Medusa_H2LD
2026.09.30-16.21.59 FIGHTERS synced n=6 alive=6 own=4 enemy=2
2026.09.30-16.21.59 ARTPREVIEW damage-number fighter=f-1-hero amount=1 seq=86 cell=(1,3)
2026.09.30-16.21.59 ARTPREVIEW anim fighter=f-1-hero clip=HitReact len=0.417 event=damaged loop=0 phase=0.0000 seq=86 asset=AM_KingArthur_HitReact
2026.09.30-16.21.59 CUE damage f-1-hero -1 seq=86
2026.09.30-16.21.59 PEND resolve done seq=86 (apply) phase=ACTION_MANEUVER
2026.09.30-16.21.59 SNAPSHOT applied seq=86 phase=ACTION_MANEUVER
2026.09.30-16.21.59 HANDLE_APPLIED #131 seq=86 decision=1 fightersValid=1 boardValid=1
2026.09.30-16.21.59 MODE seq=86 mode=0 combat=0 pending=0
2026.09.30-16.21.59 HUD seq=86 phase=ACTION_MANEUVER turn=you hand=7 oppHand=7(hidden) oppDeck=9 deck=10 discard=13
2026.09.30-16.21.59 ARTPREVIEW fighter=Medusa hero=1 eligible=0 visual=1 mesh=SK_Medusa_H2LD
2026.09.30-16.21.59 FIGHTERS synced n=6 alive=6 own=4 enemy=2
2026.09.30-16.21.59 WS seq=86 phase=ACTION_MANEUVER (merge)
2026.09.30-16.21.59 S09AUTO drive mode=0 plan=[attack] phase=ACTION_MANEUVER turn=cmukie55u0000wiao06h107t9
2026.09.30-16.21.59 S09AUTO attack (attacker=f-0-hero target-set card-set)
2026.09.30-16.21.59 ATTACK sent
2026.09.30-16.21.59 ARTPREVIEW combat marker fighter=Medusa attacker=1 target=0 icon=0 targetMesh=SM_Marker_TargetRing iconMode=screen targetArcScaleXY=0.920
2026.09.30-16.21.59 ARTPREVIEW combat marker fighter=King Arthur attacker=0 target=1 icon=1 targetMesh=SM_Marker_TargetRing iconMode=screen targetArcScaleXY=0.920
2026.09.30-16.21.59 PLATE hidden fighter=f-1-hero
2026.09.30-16.21.59 TAG fighter=f-0-hero bbox=(909,493,1011,515) mode=compact look=P1 placement=above ring=0 hardPx2=0 softPx2=0 order=4 bound=1
2026.09.30-16.21.59 TAG fighter=f-0-sk0 bbox=(1232,385,1316,407) mode=compact look=P1 placement=above ring=0 hardPx2=0 softPx2=0 order=3 bound=1
2026.09.30-16.21.59 TAG fighter=f-0-sk1 bbox=(918,264,1002,286) mode=compact look=P1 placement=above ring=0 hardPx2=0 softPx2=0 order=1 bound=1
2026.09.30-16.21.59 TAG fighter=f-0-sk2 bbox=(761,385,845,407) mode=compact look=P1 placement=above ring=0 hardPx2=0 softPx2=0 order=2 bound=1
2026.09.30-16.21.59 TAG fighter=f-1-hero bbox=(643,513,745,535) mode=compact look=P2 placement=left ring=0 hardPx2=0 softPx2=0 order=0 bound=1
2026.09.30-16.21.59 TAG fighter=f-1-sk0 bbox=(1242,507,1326,529) mode=compact look=P2 placement=above ring=0 hardPx2=0 softPx2=0 order=5 bound=1
2026.09.30-16.21.59 ICON fighter=f-1-hero bbox=(850,543,882,575) size=32 src=combat anchor=right fallback=0 overlapPx2=0 texture=/Game/ArtTests/ARTMarkers/Textures/T_UI_Action_AttackToken_32
2026.09.30-16.21.59 DAMAGE fighter=f-1-hero bbox=(674,483,714,511) amount=1 seq=86 placement=above ring=0 hardPx2=0 softPx2=0
2026.09.30-16.21.59 TAG fighter=f-0-hero bbox=(909,493,1011,515) mode=compact look=P1 placement=above ring=0 hardPx2=0 softPx2=0 order=4 bound=1
2026.09.30-16.21.59 TAG fighter=f-0-sk0 bbox=(1232,385,1316,407) mode=compact look=P1 placement=above ring=0 hardPx2=0 softPx2=0 order=3 bound=1
2026.09.30-16.21.59 TAG fighter=f-0-sk1 bbox=(918,264,1002,286) mode=compact look=P1 placement=above ring=0 hardPx2=0 softPx2=0 order=1 bound=1
2026.09.30-16.21.59 TAG fighter=f-0-sk2 bbox=(761,385,845,407) mode=compact look=P1 placement=above ring=0 hardPx2=0 softPx2=0 order=2 bound=1
2026.09.30-16.21.59 TAG fighter=f-1-hero bbox=(643,513,745,535) mode=compact look=P2 placement=left ring=0 hardPx2=0 softPx2=0 order=0 bound=1
2026.09.30-16.21.59 TAG fighter=f-1-sk0 bbox=(1242,507,1326,529) mode=compact look=P2 placement=above ring=0 hardPx2=0 softPx2=0 order=5 bound=1
2026.09.30-16.21.59 ICON fighter=f-1-hero bbox=(850,543,882,575) size=32 src=combat anchor=right fallback=0 overlapPx2=0 texture=/Game/ArtTests/ARTMarkers/Textures/T_UI_Action_AttackToken_32
2026.09.30-16.21.59 SNAPSHOT applied seq=87 phase=COMBAT
2026.09.30-16.21.59 HANDLE_APPLIED #132 seq=87 decision=2 fightersValid=1 boardValid=1
2026.09.30-16.21.59 closed mode=
2026.09.30-16.21.59 MODE seq=87 mode=0 combat=1 pending=0
2026.09.30-16.21.59 HUD seq=87 phase=COMBAT turn=you hand=6 oppHand=7(hidden) oppDeck=9 deck=10 discard=14
2026.09.30-16.21.59 ARTPREVIEW fighter=Medusa hero=1 eligible=0 visual=1 mesh=SK_Medusa_H2LD
2026.09.30-16.21.59 FIGHTERS synced n=6 alive=6 own=4 enemy=2
2026.09.30-16.21.59 ATTACK done seq=87 (apply) phase=COMBAT
2026.09.30-16.21.59 SNAPSHOT applied seq=87 phase=COMBAT
2026.09.30-16.21.59 HANDLE_APPLIED #133 seq=87 decision=1 fightersValid=1 boardValid=1
2026.09.30-16.21.59 MODE seq=87 mode=0 combat=1 pending=0
2026.09.30-16.21.59 HUD seq=87 phase=COMBAT turn=you hand=6 oppHand=7(hidden) oppDeck=9 deck=10 discard=14
2026.09.30-16.21.59 ARTPREVIEW fighter=Medusa hero=1 eligible=0 visual=1 mesh=SK_Medusa_H2LD
2026.09.30-16.21.59 FIGHTERS synced n=6 alive=6 own=4 enemy=2
2026.09.30-16.21.59 WS seq=87 phase=COMBAT (merge)
2026.09.30-16.21.59 TAG fighter=f-0-hero bbox=(909,493,1011,515) mode=compact look=P1 placement=above ring=0 hardPx2=0 softPx2=0 order=4 bound=1
2026.09.30-16.21.59 TAG fighter=f-0-sk0 bbox=(1232,385,1316,407) mode=compact look=P1 placement=above ring=0 hardPx2=0 softPx2=0 order=3 bound=1
2026.09.30-16.21.59 TAG fighter=f-0-sk1 bbox=(918,264,1002,286) mode=compact look=P1 placement=above ring=0 hardPx2=0 softPx2=0 order=1 bound=1
2026.09.30-16.21.59 TAG fighter=f-0-sk2 bbox=(761,385,845,407) mode=compact look=P1 placement=above ring=0 hardPx2=0 softPx2=0 order=2 bound=1
2026.09.30-16.21.59 TAG fighter=f-1-hero bbox=(643,513,745,535) mode=compact look=P2 placement=left ring=0 hardPx2=0 softPx2=0 order=0 bound=1
2026.09.30-16.21.59 TAG fighter=f-1-sk0 bbox=(1242,507,1326,529) mode=compact look=P2 placement=above ring=0 hardPx2=0 softPx2=0 order=5 bound=1
2026.09.30-16.21.59 ICON fighter=f-1-hero bbox=(850,543,882,575) size=32 src=combat anchor=right fallback=0 overlapPx2=0 texture=/Game/ArtTests/ARTMarkers/Textures/T_UI_Action_AttackToken_32
2026.09.30-16.21.59 ARTPREVIEW anim fighter=f-1-hero clip=Idle len=2.500 event=clipFinished loop=1 phase=0.3470 seq=-1 asset=AM_KingArthur_Idle
2026.09.30-16.22.00 TAG fighter=f-0-hero bbox=(909,493,1011,515) mode=compact look=P1 placement=above ring=0 hardPx2=0 softPx2=0 order=4 bound=1
2026.09.30-16.22.00 TAG fighter=f-0-sk0 bbox=(1232,385,1316,407) mode=compact look=P1 placement=above ring=0 hardPx2=0 softPx2=0 order=3 bound=1
2026.09.30-16.22.00 TAG fighter=f-0-sk1 bbox=(918,264,1002,286) mode=compact look=P1 placement=above ring=0 hardPx2=0 softPx2=0 order=1 bound=1
2026.09.30-16.22.00 TAG fighter=f-0-sk2 bbox=(761,385,845,407) mode=compact look=P1 placement=above ring=0 hardPx2=0 softPx2=0 order=2 bound=1
2026.09.30-16.22.00 TAG fighter=f-1-hero bbox=(643,513,745,535) mode=compact look=P2 placement=left ring=0 hardPx2=0 softPx2=0 order=0 bound=1
2026.09.30-16.22.00 TAG fighter=f-1-sk0 bbox=(1242,507,1326,529) mode=compact look=P2 placement=above ring=0 hardPx2=0 softPx2=0 order=5 bound=1
2026.09.30-16.22.00 ICON fighter=f-1-hero bbox=(850,543,882,575) size=32 src=combat anchor=right fallback=0 overlapPx2=0 texture=/Game/ArtTests/ARTMarkers/Textures/T_UI_Action_AttackToken_32
2026.09.30-16.22.00 SNAPSHOT applied seq=88 phase=COMBAT_RESOLVE
2026.09.30-16.22.00 HANDLE_APPLIED #134 seq=88 decision=2 fightersValid=1 boardValid=1
2026.09.30-16.22.00 ARTPREVIEW anim fighter=f-0-hero clip=LungeAttack len=0.583 event=attack loop=0 phase=0.0000 seq=88 asset=AM_Medusa_LungeAttack
2026.09.30-16.22.00 closed mode=
2026.09.30-16.22.00 MODE seq=88 mode=5 combat=1 pending=0
2026.09.30-16.22.00 HUD seq=88 phase=COMBAT_RESOLVE turn=you hand=6 oppHand=6(hidden) oppDeck=9~ deck=10~ discard=14
2026.09.30-16.22.00 ARTPREVIEW fighter=Medusa hero=1 eligible=0 visual=1 mesh=SK_Medusa_H2LD
2026.09.30-16.22.00 FIGHTERS synced n=6 alive=6 own=4 enemy=2
2026.09.30-16.22.00 WS seq=88 phase=COMBAT_RESOLVE (apply)
2026.09.30-16.22.00 S09AUTO drive mode=5 plan=[attack] phase=COMBAT_RESOLVE turn=cmukie55u0000wiao06h107t9
2026.09.30-16.22.00 TAG fighter=f-0-hero bbox=(909,493,1011,515) mode=compact look=P1 placement=above ring=0 hardPx2=0 softPx2=0 order=4 bound=1
2026.09.30-16.22.00 TAG fighter=f-0-sk0 bbox=(1232,385,1316,407) mode=compact look=P1 placement=above ring=0 hardPx2=0 softPx2=0 order=3 bound=1
2026.09.30-16.22.00 TAG fighter=f-0-sk1 bbox=(918,264,1002,286) mode=compact look=P1 placement=above ring=0 hardPx2=0 softPx2=0 order=1 bound=1
2026.09.30-16.22.00 TAG fighter=f-0-sk2 bbox=(761,385,845,407) mode=compact look=P1 placement=above ring=0 hardPx2=0 softPx2=0 order=2 bound=1
2026.09.30-16.22.00 TAG fighter=f-1-hero bbox=(643,513,745,535) mode=compact look=P2 placement=left ring=0 hardPx2=0 softPx2=0 order=0 bound=1
2026.09.30-16.22.00 TAG fighter=f-1-sk0 bbox=(1242,507,1326,529) mode=compact look=P2 placement=above ring=0 hardPx2=0 softPx2=0 order=5 bound=1
2026.09.30-16.22.00 ICON fighter=f-1-hero bbox=(850,543,882,575) size=32 src=combat anchor=right fallback=0 overlapPx2=0 texture=/Game/ArtTests/ARTMarkers/Textures/T_UI_Action_AttackToken_32
2026.09.30-16.22.00 SNAPSHOT applied seq=89 phase=COMBAT_RESOLVE
2026.09.30-16.22.00 HANDLE_APPLIED #135 seq=89 decision=2 fightersValid=1 boardValid=1
2026.09.30-16.22.00 closed mode=
2026.09.30-16.22.00 MODE seq=89 mode=6 combat=1 pending=1
2026.09.30-16.22.00 HUD seq=89 phase=COMBAT_RESOLVE turn=you hand=6 oppHand=6(hidden) oppDeck=9~ deck=10~ discard=14
2026.09.30-16.22.00 PENDING panel revealed: attack A3+B0 vs D1
2026.09.30-16.22.00 ARTPREVIEW fighter=Medusa hero=1 eligible=0 visual=1 mesh=SK_Medusa_H2LD
2026.09.30-16.22.00 FIGHTERS synced n=6 alive=6 own=4 enemy=2
2026.09.30-16.22.00 WS seq=89 phase=COMBAT_RESOLVE (apply)
2026.09.30-16.22.00 S09AUTO drive mode=6 plan=[attack] phase=COMBAT_RESOLVE turn=cmukie55u0000wiao06h107t9
2026.09.30-16.22.00 S09AUTO boost choice - holding 4s for the other seat's reveal capture
2026.09.30-16.22.00 TAG fighter=f-0-hero bbox=(909,493,1011,515) mode=compact look=P1 placement=above ring=0 hardPx2=0 softPx2=0 order=4 bound=1
2026.09.30-16.22.00 TAG fighter=f-0-sk0 bbox=(1232,385,1316,407) mode=compact look=P1 placement=above ring=0 hardPx2=0 softPx2=0 order=3 bound=1
2026.09.30-16.22.00 TAG fighter=f-0-sk1 bbox=(918,264,1002,286) mode=compact look=P1 placement=above ring=0 hardPx2=0 softPx2=0 order=1 bound=1
2026.09.30-16.22.00 TAG fighter=f-0-sk2 bbox=(761,385,845,407) mode=compact look=P1 placement=above ring=0 hardPx2=0 softPx2=0 order=2 bound=1
2026.09.30-16.22.00 TAG fighter=f-1-hero bbox=(643,513,745,535) mode=compact look=P2 placement=left ring=0 hardPx2=0 softPx2=0 order=0 bound=1
2026.09.30-16.22.00 TAG fighter=f-1-sk0 bbox=(1242,507,1326,529) mode=compact look=P2 placement=above ring=0 hardPx2=0 softPx2=0 order=5 bound=1
2026.09.30-16.22.00 ICON fighter=f-1-hero bbox=(850,543,882,575) size=32 src=combat anchor=right fallback=0 overlapPx2=0 texture=/Game/ArtTests/ARTMarkers/Textures/T_UI_Action_AttackToken_32
2026.09.30-16.22.00 ARTPREVIEW anim fighter=f-0-hero clip=Idle len=2.333 event=clipFinished loop=1 phase=0.8071 seq=-1 asset=AM_Medusa_Idle
2026.09.30-16.22.01 game -> room=cmuobaygt00wzwircvdqcyy4s code=<redacted> status=IN_PROGRESS
2026.09.30-16.22.02 PERF window t=65.3-70.3 frames=151 fps=30.00 frameMs avg=33.33 p50=33.33 p95=33.33 p99=33.34 max=33.34 hitches50=0 gpuMs avg=1.85 p50=1.82 p95=2.04 gameMs avg=2.23 p95=7.22 renderMs avg=2.99 p95=3.69
2026.09.30-16.22.04 PEND-RESOLVE sent type=BOOST_CHOICE stage=0 id=cmuhgvgkf00smwi9gaeymh3ur-during-0-boost-88
2026.09.30-16.22.04 S09AUTO pending picked (type=BOOST_CHOICE stage=0)
2026.09.30-16.22.04 TAG fighter=f-0-hero bbox=(909,493,1011,515) mode=compact look=P1 placement=above ring=0 hardPx2=0 softPx2=0 order=4 bound=1
2026.09.30-16.22.04 TAG fighter=f-0-sk0 bbox=(1232,385,1316,407) mode=compact look=P1 placement=above ring=0 hardPx2=0 softPx2=0 order=3 bound=1
2026.09.30-16.22.04 TAG fighter=f-0-sk1 bbox=(918,264,1002,286) mode=compact look=P1 placement=above ring=0 hardPx2=0 softPx2=0 order=1 bound=1
2026.09.30-16.22.04 TAG fighter=f-0-sk2 bbox=(761,385,845,407) mode=compact look=P1 placement=above ring=0 hardPx2=0 softPx2=0 order=2 bound=1
2026.09.30-16.22.04 TAG fighter=f-1-hero bbox=(643,513,745,535) mode=compact look=P2 placement=left ring=0 hardPx2=0 softPx2=0 order=0 bound=1
2026.09.30-16.22.04 TAG fighter=f-1-sk0 bbox=(1242,507,1326,529) mode=compact look=P2 placement=above ring=0 hardPx2=0 softPx2=0 order=5 bound=1
2026.09.30-16.22.04 ICON fighter=f-1-hero bbox=(850,543,882,575) size=32 src=combat anchor=right fallback=0 overlapPx2=0 texture=/Game/ArtTests/ARTMarkers/Textures/T_UI_Action_AttackToken_32
2026.09.30-16.22.04 game -> room=cmuobaygt00wzwircvdqcyy4s code=<redacted> status=IN_PROGRESS
2026.09.30-16.22.04 SNAPSHOT applied seq=90 phase=ACTION_MANEUVER
2026.09.30-16.22.04 HANDLE_APPLIED #136 seq=90 decision=2 fightersValid=1 boardValid=1
2026.09.30-16.22.04 COMBAT-RESULT seq=90 damage=6 role=attacked
2026.09.30-16.22.04 ARTPREVIEW combat marker fighter=Medusa attacker=0 target=0 icon=0 targetMesh=SM_Marker_TargetRing iconMode=screen targetArcScaleXY=0.920
2026.09.30-16.22.04 ARTPREVIEW combat marker fighter=King Arthur attacker=0 target=0 icon=0 targetMesh=SM_Marker_TargetRing iconMode=screen targetArcScaleXY=0.920
2026.09.30-16.22.04 PENDING panel revealed: attack A3+B0 vs D1
2026.09.30-16.22.04 closed mode=
2026.09.30-16.22.04 MODE seq=90 mode=0 combat=0 pending=0
2026.09.30-16.22.04 HUD seq=90 phase=ACTION_MANEUVER turn=you hand=5 oppHand=7(hidden) oppDeck=8 deck=10 discard=15
2026.09.30-16.22.04 ARTPREVIEW fighter=Medusa hero=1 eligible=0 visual=1 mesh=SK_Medusa_H2LD
2026.09.30-16.22.04 FIGHTERS synced n=6 alive=6 own=4 enemy=2
2026.09.30-16.22.04 ARTPREVIEW damage-number fighter=f-1-hero amount=6 seq=90 cell=(1,3)
2026.09.30-16.22.04 ARTPREVIEW anim fighter=f-1-hero clip=HitReact len=0.417 event=damaged loop=0 phase=0.0000 seq=90 asset=AM_KingArthur_HitReact
2026.09.30-16.22.04 CUE damage f-1-hero -6 seq=90
2026.09.30-16.22.04 PEND resolve done seq=90 (apply) phase=ACTION_MANEUVER
2026.09.30-16.22.04 SNAPSHOT applied seq=90 phase=ACTION_MANEUVER
2026.09.30-16.22.04 HANDLE_APPLIED #137 seq=90 decision=1 fightersValid=1 boardValid=1
2026.09.30-16.22.04 MODE seq=90 mode=0 combat=0 pending=0
2026.09.30-16.22.04 HUD seq=90 phase=ACTION_MANEUVER turn=you hand=5 oppHand=7(hidden) oppDeck=8 deck=10 discard=15
2026.09.30-16.22.04 ARTPREVIEW fighter=Medusa hero=1 eligible=0 visual=1 mesh=SK_Medusa_H2LD
2026.09.30-16.22.04 FIGHTERS synced n=6 alive=6 own=4 enemy=2
2026.09.30-16.22.04 WS seq=90 phase=ACTION_MANEUVER (merge)
2026.09.30-16.22.04 S09AUTO drive mode=0 plan=[attack] phase=ACTION_MANEUVER turn=cmukie55u0000wiao06h107t9
2026.09.30-16.22.04 S09AUTO attack (attacker=f-0-hero target-set card-set)
2026.09.30-16.22.04 ATTACK sent
2026.09.30-16.22.04 ARTPREVIEW combat marker fighter=Medusa attacker=1 target=0 icon=0 targetMesh=SM_Marker_TargetRing iconMode=screen targetArcScaleXY=0.920
2026.09.30-16.22.04 ARTPREVIEW combat marker fighter=King Arthur attacker=0 target=1 icon=1 targetMesh=SM_Marker_TargetRing iconMode=screen targetArcScaleXY=0.920
2026.09.30-16.22.04 TAG fighter=f-0-hero bbox=(909,493,1011,515) mode=compact look=P1 placement=above ring=0 hardPx2=0 softPx2=0 order=4 bound=1
2026.09.30-16.22.04 TAG fighter=f-0-sk0 bbox=(1232,385,1316,407) mode=compact look=P1 placement=above ring=0 hardPx2=0 softPx2=0 order=3 bound=1
2026.09.30-16.22.04 TAG fighter=f-0-sk1 bbox=(918,264,1002,286) mode=compact look=P1 placement=above ring=0 hardPx2=0 softPx2=0 order=1 bound=1
2026.09.30-16.22.04 TAG fighter=f-0-sk2 bbox=(761,385,845,407) mode=compact look=P1 placement=above ring=0 hardPx2=0 softPx2=0 order=2 bound=1
2026.09.30-16.22.04 TAG fighter=f-1-hero bbox=(652,513,745,535) mode=compact look=P2 placement=left ring=0 hardPx2=0 softPx2=0 order=0 bound=1
2026.09.30-16.22.04 TAG fighter=f-1-sk0 bbox=(1242,507,1326,529) mode=compact look=P2 placement=above ring=0 hardPx2=0 softPx2=0 order=5 bound=1
2026.09.30-16.22.04 ICON fighter=f-1-hero bbox=(850,543,882,575) size=32 src=combat anchor=right fallback=0 overlapPx2=0 texture=/Game/ArtTests/ARTMarkers/Textures/T_UI_Action_AttackToken_32
2026.09.30-16.22.04 DAMAGE fighter=f-1-hero bbox=(679,483,719,511) amount=6 seq=90 placement=above ring=0 hardPx2=0 softPx2=0
2026.09.30-16.22.04 TAG fighter=f-0-hero bbox=(909,493,1011,515) mode=compact look=P1 placement=above ring=0 hardPx2=0 softPx2=0 order=4 bound=1
2026.09.30-16.22.04 TAG fighter=f-0-sk0 bbox=(1232,385,1316,407) mode=compact look=P1 placement=above ring=0 hardPx2=0 softPx2=0 order=3 bound=1
2026.09.30-16.22.04 TAG fighter=f-0-sk1 bbox=(918,264,1002,286) mode=compact look=P1 placement=above ring=0 hardPx2=0 softPx2=0 order=1 bound=1
2026.09.30-16.22.04 TAG fighter=f-0-sk2 bbox=(761,385,845,407) mode=compact look=P1 placement=above ring=0 hardPx2=0 softPx2=0 order=2 bound=1
2026.09.30-16.22.04 TAG fighter=f-1-hero bbox=(652,513,745,535) mode=compact look=P2 placement=left ring=0 hardPx2=0 softPx2=0 order=0 bound=1
2026.09.30-16.22.04 TAG fighter=f-1-sk0 bbox=(1242,507,1326,529) mode=compact look=P2 placement=above ring=0 hardPx2=0 softPx2=0 order=5 bound=1
2026.09.30-16.22.04 ICON fighter=f-1-hero bbox=(850,543,882,575) size=32 src=combat anchor=right fallback=0 overlapPx2=0 texture=/Game/ArtTests/ARTMarkers/Textures/T_UI_Action_AttackToken_32
2026.09.30-16.22.04 SNAPSHOT applied seq=91 phase=COMBAT
2026.09.30-16.22.04 HANDLE_APPLIED #138 seq=91 decision=2 fightersValid=1 boardValid=1
2026.09.30-16.22.04 closed mode=
2026.09.30-16.22.04 MODE seq=91 mode=0 combat=1 pending=0
2026.09.30-16.22.04 HUD seq=91 phase=COMBAT turn=you hand=4 oppHand=7(hidden) oppDeck=8 deck=10 discard=16
2026.09.30-16.22.04 ARTPREVIEW fighter=Medusa hero=1 eligible=0 visual=1 mesh=SK_Medusa_H2LD
2026.09.30-16.22.04 FIGHTERS synced n=6 alive=6 own=4 enemy=2
2026.09.30-16.22.04 ATTACK done seq=91 (apply) phase=COMBAT
2026.09.30-16.22.04 SNAPSHOT applied seq=91 phase=COMBAT
2026.09.30-16.22.04 HANDLE_APPLIED #139 seq=91 decision=1 fightersValid=1 boardValid=1
2026.09.30-16.22.04 MODE seq=91 mode=0 combat=1 pending=0
2026.09.30-16.22.04 HUD seq=91 phase=COMBAT turn=you hand=4 oppHand=7(hidden) oppDeck=8 deck=10 discard=16
2026.09.30-16.22.04 ARTPREVIEW fighter=Medusa hero=1 eligible=0 visual=1 mesh=SK_Medusa_H2LD
2026.09.30-16.22.04 FIGHTERS synced n=6 alive=6 own=4 enemy=2
2026.09.30-16.22.04 WS seq=91 phase=COMBAT (merge)
2026.09.30-16.22.04 TAG fighter=f-0-hero bbox=(909,493,1011,515) mode=compact look=P1 placement=above ring=0 hardPx2=0 softPx2=0 order=4 bound=1
2026.09.30-16.22.04 TAG fighter=f-0-sk0 bbox=(1232,385,1316,407) mode=compact look=P1 placement=above ring=0 hardPx2=0 softPx2=0 order=3 bound=1
2026.09.30-16.22.04 TAG fighter=f-0-sk1 bbox=(918,264,1002,286) mode=compact look=P1 placement=above ring=0 hardPx2=0 softPx2=0 order=1 bound=1
2026.09.30-16.22.04 TAG fighter=f-0-sk2 bbox=(761,385,845,407) mode=compact look=P1 placement=above ring=0 hardPx2=0 softPx2=0 order=2 bound=1
2026.09.30-16.22.04 TAG fighter=f-1-hero bbox=(652,513,745,535) mode=compact look=P2 placement=left ring=0 hardPx2=0 softPx2=0 order=0 bound=1
2026.09.30-16.22.04 TAG fighter=f-1-sk0 bbox=(1242,507,1326,529) mode=compact look=P2 placement=above ring=0 hardPx2=0 softPx2=0 order=5 bound=1
2026.09.30-16.22.04 ICON fighter=f-1-hero bbox=(850,543,882,575) size=32 src=combat anchor=right fallback=0 overlapPx2=0 texture=/Game/ArtTests/ARTMarkers/Textures/T_UI_Action_AttackToken_32
2026.09.30-16.22.04 SNAPSHOT applied seq=92 phase=COMBAT_RESOLVE
2026.09.30-16.22.04 HANDLE_APPLIED #140 seq=92 decision=2 fightersValid=1 boardValid=1
2026.09.30-16.22.04 ARTPREVIEW anim fighter=f-0-hero clip=LungeAttack len=0.583 event=attack loop=0 phase=0.0000 seq=92 asset=AM_Medusa_LungeAttack
2026.09.30-16.22.04 closed mode=
2026.09.30-16.22.04 MODE seq=92 mode=5 combat=1 pending=0
2026.09.30-16.22.04 HUD seq=92 phase=COMBAT_RESOLVE turn=you hand=4 oppHand=6(hidden) oppDeck=8~ deck=10~ discard=16
2026.09.30-16.22.04 ARTPREVIEW fighter=Medusa hero=1 eligible=0 visual=1 mesh=SK_Medusa_H2LD
2026.09.30-16.22.04 FIGHTERS synced n=6 alive=6 own=4 enemy=2
2026.09.30-16.22.04 WS seq=92 phase=COMBAT_RESOLVE (apply)
2026.09.30-16.22.04 S09AUTO drive mode=5 plan=[attack] phase=COMBAT_RESOLVE turn=cmukie55u0000wiao06h107t9
2026.09.30-16.22.04 TAG fighter=f-0-hero bbox=(909,493,1011,515) mode=compact look=P1 placement=above ring=0 hardPx2=0 softPx2=0 order=4 bound=1
2026.09.30-16.22.04 TAG fighter=f-0-sk0 bbox=(1232,385,1316,407) mode=compact look=P1 placement=above ring=0 hardPx2=0 softPx2=0 order=3 bound=1
2026.09.30-16.22.04 TAG fighter=f-0-sk1 bbox=(918,264,1002,286) mode=compact look=P1 placement=above ring=0 hardPx2=0 softPx2=0 order=1 bound=1
2026.09.30-16.22.04 TAG fighter=f-0-sk2 bbox=(761,385,845,407) mode=compact look=P1 placement=above ring=0 hardPx2=0 softPx2=0 order=2 bound=1
2026.09.30-16.22.04 TAG fighter=f-1-hero bbox=(652,513,745,535) mode=compact look=P2 placement=left ring=0 hardPx2=0 softPx2=0 order=0 bound=1
2026.09.30-16.22.04 TAG fighter=f-1-sk0 bbox=(1242,507,1326,529) mode=compact look=P2 placement=above ring=0 hardPx2=0 softPx2=0 order=5 bound=1
2026.09.30-16.22.04 ICON fighter=f-1-hero bbox=(850,543,882,575) size=32 src=combat anchor=right fallback=0 overlapPx2=0 texture=/Game/ArtTests/ARTMarkers/Textures/T_UI_Action_AttackToken_32
2026.09.30-16.22.04 SNAPSHOT applied seq=93 phase=ACTION_MANEUVER
2026.09.30-16.22.04 HANDLE_APPLIED #141 seq=93 decision=2 fightersValid=1 boardValid=1
2026.09.30-16.22.04 COMBAT-RESULT seq=93 damage=2 role=attacked
2026.09.30-16.22.04 ARTPREVIEW combat marker fighter=Medusa attacker=0 target=0 icon=0 targetMesh=SM_Marker_TargetRing iconMode=screen targetArcScaleXY=0.920
2026.09.30-16.22.04 ARTPREVIEW combat marker fighter=King Arthur attacker=0 target=0 icon=0 targetMesh=SM_Marker_TargetRing iconMode=screen targetArcScaleXY=0.920
2026.09.30-16.22.04 closed mode=
2026.09.30-16.22.04 MODE seq=93 mode=0 combat=0 pending=0
2026.09.30-16.22.04 HUD seq=93 phase=ACTION_MANEUVER turn=opp hand=5 oppHand=7(hidden) oppDeck=8~ deck=10~ discard=16
2026.09.30-16.22.04 ARTPREVIEW fighter=Medusa hero=1 eligible=0 visual=1 mesh=SK_Medusa_H2LD
2026.09.30-16.22.04 FIGHTERS synced n=6 alive=6 own=4 enemy=2
2026.09.30-16.22.04 ARTPREVIEW damage-number fighter=f-1-hero amount=2 seq=93 cell=(1,3)
2026.09.30-16.22.04 ARTPREVIEW anim fighter=f-1-hero clip=HitReact len=0.417 event=damaged loop=0 phase=0.0000 seq=93 asset=AM_KingArthur_HitReact
2026.09.30-16.22.04 CUE damage f-1-hero -2 seq=93
2026.09.30-16.22.04 WS seq=93 phase=ACTION_MANEUVER (apply)
2026.09.30-16.22.04 S09AUTO drive mode=0 plan=[attack] phase=ACTION_MANEUVER turn=cmukie57j0001wiaofr67k2vd
2026.09.30-16.22.04 TAG fighter=f-0-hero bbox=(909,493,1011,515) mode=compact look=P1 placement=above ring=0 hardPx2=0 softPx2=0 order=4 bound=1
2026.09.30-16.22.04 TAG fighter=f-0-sk0 bbox=(1232,385,1316,407) mode=compact look=P1 placement=above ring=0 hardPx2=0 softPx2=0 order=3 bound=1
2026.09.30-16.22.04 TAG fighter=f-0-sk1 bbox=(918,264,1002,286) mode=compact look=P1 placement=above ring=0 hardPx2=0 softPx2=0 order=1 bound=1
2026.09.30-16.22.04 TAG fighter=f-0-sk2 bbox=(761,385,845,407) mode=compact look=P1 placement=above ring=0 hardPx2=0 softPx2=0 order=2 bound=1
2026.09.30-16.22.04 TAG fighter=f-1-hero bbox=(652,513,745,535) mode=compact look=P2 placement=left ring=0 hardPx2=0 softPx2=0 order=0 bound=1
2026.09.30-16.22.04 TAG fighter=f-1-sk0 bbox=(1242,507,1326,529) mode=compact look=P2 placement=above ring=0 hardPx2=0 softPx2=0 order=5 bound=1
2026.09.30-16.22.04 HUD icon hidden fighter=f-1-hero
2026.09.30-16.22.04 DAMAGE fighter=f-1-hero bbox=(679,483,719,511) amount=2 seq=93 placement=above ring=0 hardPx2=0 softPx2=0
2026.09.30-16.22.05 TAG fighter=f-0-hero bbox=(909,493,1011,515) mode=compact look=P1 placement=above ring=0 hardPx2=0 softPx2=0 order=4 bound=1
2026.09.30-16.22.05 TAG fighter=f-0-sk0 bbox=(1232,385,1316,407) mode=compact look=P1 placement=above ring=0 hardPx2=0 softPx2=0 order=3 bound=1
2026.09.30-16.22.05 TAG fighter=f-0-sk1 bbox=(918,264,1002,286) mode=compact look=P1 placement=above ring=0 hardPx2=0 softPx2=0 order=1 bound=1
2026.09.30-16.22.05 TAG fighter=f-0-sk2 bbox=(761,385,845,407) mode=compact look=P1 placement=above ring=0 hardPx2=0 softPx2=0 order=2 bound=1
2026.09.30-16.22.05 TAG fighter=f-1-hero bbox=(652,513,745,535) mode=compact look=P2 placement=left ring=0 hardPx2=0 softPx2=0 order=0 bound=1
2026.09.30-16.22.05 TAG fighter=f-1-sk0 bbox=(1242,507,1326,529) mode=compact look=P2 placement=above ring=0 hardPx2=0 softPx2=0 order=5 bound=1
2026.09.30-16.22.05 SNAPSHOT applied seq=94 phase=ACTION_MANEUVER
2026.09.30-16.22.05 HANDLE_APPLIED #142 seq=94 decision=2 fightersValid=1 boardValid=1
2026.09.30-16.22.05 MODE seq=94 mode=0 combat=0 pending=0
2026.09.30-16.22.05 HUD seq=94 phase=ACTION_MANEUVER turn=opp hand=5 oppHand=8(hidden) oppDeck=8~ deck=10~ discard=16
2026.09.30-16.22.05 ARTPREVIEW fighter=Medusa hero=1 eligible=0 visual=1 mesh=SK_Medusa_H2LD
2026.09.30-16.22.05 FIGHTERS synced n=6 alive=6 own=4 enemy=2
2026.09.30-16.22.05 WS seq=94 phase=ACTION_MANEUVER (apply)
2026.09.30-16.22.05 TAG fighter=f-0-hero bbox=(909,493,1011,515) mode=compact look=P1 placement=above ring=0 hardPx2=0 softPx2=0 order=4 bound=1
2026.09.30-16.22.05 TAG fighter=f-0-sk0 bbox=(1232,385,1316,407) mode=compact look=P1 placement=above ring=0 hardPx2=0 softPx2=0 order=3 bound=1
2026.09.30-16.22.05 TAG fighter=f-0-sk1 bbox=(918,264,1002,286) mode=compact look=P1 placement=above ring=0 hardPx2=0 softPx2=0 order=1 bound=1
2026.09.30-16.22.05 TAG fighter=f-0-sk2 bbox=(761,385,845,407) mode=compact look=P1 placement=above ring=0 hardPx2=0 softPx2=0 order=2 bound=1
2026.09.30-16.22.05 TAG fighter=f-1-hero bbox=(652,513,745,535) mode=compact look=P2 placement=left ring=0 hardPx2=0 softPx2=0 order=0 bound=1
2026.09.30-16.22.05 TAG fighter=f-1-sk0 bbox=(1242,507,1326,529) mode=compact look=P2 placement=above ring=0 hardPx2=0 softPx2=0 order=5 bound=1
2026.09.30-16.22.05 SNAPSHOT applied seq=95 phase=ACTION_MANEUVER
2026.09.30-16.22.05 HANDLE_APPLIED #143 seq=95 decision=2 fightersValid=1 boardValid=1
2026.09.30-16.22.05 MODE seq=95 mode=0 combat=0 pending=0
2026.09.30-16.22.05 HUD seq=95 phase=ACTION_MANEUVER turn=opp hand=5 oppHand=8(hidden) oppDeck=8~ deck=10~ discard=16
2026.09.30-16.22.05 ARTPREVIEW fighter=Medusa hero=1 eligible=0 visual=1 mesh=SK_Medusa_H2LD
2026.09.30-16.22.05 FIGHTERS synced n=6 alive=6 own=4 enemy=2
2026.09.30-16.22.05 CUE move f-1-hero (1,3)->(0,3) seq=95
2026.09.30-16.22.05 WS seq=95 phase=ACTION_MANEUVER (apply)
2026.09.30-16.22.05 TAG fighter=f-0-hero bbox=(909,493,1011,515) mode=compact look=P1 placement=above ring=0 hardPx2=0 softPx2=0 order=4 bound=1
2026.09.30-16.22.05 TAG fighter=f-0-sk0 bbox=(1232,385,1316,407) mode=compact look=P1 placement=above ring=0 hardPx2=0 softPx2=0 order=3 bound=1
2026.09.30-16.22.05 TAG fighter=f-0-sk1 bbox=(918,264,1002,286) mode=compact look=P1 placement=above ring=0 hardPx2=0 softPx2=0 order=1 bound=1
2026.09.30-16.22.05 TAG fighter=f-0-sk2 bbox=(761,385,845,407) mode=compact look=P1 placement=above ring=0 hardPx2=0 softPx2=0 order=2 bound=1
2026.09.30-16.22.05 TAG fighter=f-1-hero bbox=(588,489,681,511) mode=compact look=P2 placement=above ring=0 hardPx2=0 softPx2=0 order=0 bound=1
2026.09.30-16.22.05 TAG fighter=f-1-sk0 bbox=(1242,507,1326,529) mode=compact look=P2 placement=above ring=0 hardPx2=0 softPx2=0 order=5 bound=1
2026.09.30-16.22.05 DAMAGE fighter=f-1-hero bbox=(615,459,655,487) amount=2 seq=93 placement=above ring=0 hardPx2=0 softPx2=0
2026.09.30-16.22.05 ARTPREVIEW anim fighter=f-1-hero clip=Idle len=2.500 event=clipFinished loop=1 phase=0.3470 seq=-1 asset=AM_KingArthur_Idle
2026.09.30-16.22.05 ARTPREVIEW anim fighter=f-0-hero clip=Idle len=2.333 event=clipFinished loop=1 phase=0.8071 seq=-1 asset=AM_Medusa_Idle
2026.09.30-16.22.05 TAG fighter=f-0-hero bbox=(909,493,1011,515) mode=compact look=P1 placement=above ring=0 hardPx2=0 softPx2=0 order=4 bound=1
2026.09.30-16.22.05 TAG fighter=f-0-sk0 bbox=(1232,385,1316,407) mode=compact look=P1 placement=above ring=0 hardPx2=0 softPx2=0 order=2 bound=1
2026.09.30-16.22.05 TAG fighter=f-0-sk1 bbox=(918,264,1002,286) mode=compact look=P1 placement=above ring=0 hardPx2=0 softPx2=0 order=0 bound=1
2026.09.30-16.22.05 TAG fighter=f-0-sk2 bbox=(761,385,845,407) mode=compact look=P1 placement=above ring=0 hardPx2=0 softPx2=0 order=1 bound=1
2026.09.30-16.22.05 TAG fighter=f-1-hero bbox=(588,489,681,511) mode=compact look=P2 placement=above ring=0 hardPx2=0 softPx2=0 order=3 bound=1
2026.09.30-16.22.05 TAG fighter=f-1-sk0 bbox=(1242,507,1326,529) mode=compact look=P2 placement=above ring=0 hardPx2=0 softPx2=0 order=5 bound=1
2026.09.30-16.22.06 SNAPSHOT applied seq=96 phase=ACTION_MANEUVER
2026.09.30-16.22.06 HANDLE_APPLIED #144 seq=96 decision=2 fightersValid=1 boardValid=1
2026.09.30-16.22.06 MODE seq=96 mode=0 combat=0 pending=0
2026.09.30-16.22.06 HUD seq=96 phase=ACTION_MANEUVER turn=opp hand=5 oppHand=9(hidden) oppDeck=8~ deck=10~ discard=16
2026.09.30-16.22.06 ARTPREVIEW fighter=Medusa hero=1 eligible=0 visual=1 mesh=SK_Medusa_H2LD
2026.09.30-16.22.06 FIGHTERS synced n=6 alive=6 own=4 enemy=2
2026.09.30-16.22.06 WS seq=96 phase=ACTION_MANEUVER (apply)
2026.09.30-16.22.06 SNAPSHOT applied seq=97 phase=TURN_END
2026.09.30-16.22.06 HANDLE_APPLIED #145 seq=97 decision=2 fightersValid=1 boardValid=1
2026.09.30-16.22.06 MODE seq=97 mode=0 combat=0 pending=0
2026.09.30-16.22.06 HUD seq=97 phase=TURN_END turn=opp hand=5 oppHand=9(hidden) oppDeck=8~ deck=10~ discard=16 pendingDiscard=2
2026.09.30-16.22.06 ARTPREVIEW fighter=Medusa hero=1 eligible=0 visual=1 mesh=SK_Medusa_H2LD
2026.09.30-16.22.06 FIGHTERS synced n=6 alive=6 own=4 enemy=2
2026.09.30-16.22.06 CUE move f-1-hero (0,3)->(1,3) seq=97
2026.09.30-16.22.06 WS seq=97 phase=TURN_END (apply)
2026.09.30-16.22.06 TAG fighter=f-0-hero bbox=(909,493,1011,515) mode=compact look=P1 placement=above ring=0 hardPx2=0 softPx2=0 order=4 bound=1
2026.09.30-16.22.06 TAG fighter=f-0-sk0 bbox=(1232,385,1316,407) mode=compact look=P1 placement=above ring=0 hardPx2=0 softPx2=0 order=2 bound=1
2026.09.30-16.22.06 TAG fighter=f-0-sk1 bbox=(918,264,1002,286) mode=compact look=P1 placement=above ring=0 hardPx2=0 softPx2=0 order=0 bound=1
2026.09.30-16.22.06 TAG fighter=f-0-sk2 bbox=(761,385,845,407) mode=compact look=P1 placement=above ring=0 hardPx2=0 softPx2=0 order=1 bound=1
2026.09.30-16.22.06 TAG fighter=f-1-hero bbox=(652,513,745,535) mode=compact look=P2 placement=left ring=0 hardPx2=0 softPx2=0 order=3 bound=1
2026.09.30-16.22.06 TAG fighter=f-1-sk0 bbox=(1242,507,1326,529) mode=compact look=P2 placement=above ring=0 hardPx2=0 softPx2=0 order=5 bound=1
2026.09.30-16.22.06 TAG fighter=f-0-hero bbox=(909,493,1011,515) mode=compact look=P1 placement=above ring=0 hardPx2=0 softPx2=0 order=4 bound=1
2026.09.30-16.22.06 TAG fighter=f-0-sk0 bbox=(1232,385,1316,407) mode=compact look=P1 placement=above ring=0 hardPx2=0 softPx2=0 order=2 bound=1
2026.09.30-16.22.06 TAG fighter=f-0-sk1 bbox=(918,264,1002,286) mode=compact look=P1 placement=above ring=0 hardPx2=0 softPx2=0 order=0 bound=1
2026.09.30-16.22.06 TAG fighter=f-0-sk2 bbox=(761,385,845,407) mode=compact look=P1 placement=above ring=0 hardPx2=0 softPx2=0 order=1 bound=1
2026.09.30-16.22.06 TAG fighter=f-1-hero bbox=(652,513,745,535) mode=compact look=P2 placement=left ring=0 hardPx2=0 softPx2=0 order=3 bound=1
2026.09.30-16.22.06 TAG fighter=f-1-sk0 bbox=(1242,507,1326,529) mode=compact look=P2 placement=above ring=0 hardPx2=0 softPx2=0 order=5 bound=1
2026.09.30-16.22.07 game -> room=cmuobaygt00wzwircvdqcyy4s code=<redacted> status=IN_PROGRESS
2026.09.30-16.22.07 SNAPSHOT applied seq=98 phase=ACTION_MANEUVER
2026.09.30-16.22.07 HANDLE_APPLIED #146 seq=98 decision=2 fightersValid=1 boardValid=1
2026.09.30-16.22.07 closed mode=
2026.09.30-16.22.07 MODE seq=98 mode=6 combat=0 pending=1
2026.09.30-16.22.07 HUD seq=98 phase=ACTION_MANEUVER turn=you hand=5 oppHand=7(hidden) oppDeck=8~ deck=10~ discard=16
2026.09.30-16.22.07 ARTPREVIEW fighter=Medusa hero=1 eligible=0 visual=1 mesh=SK_Medusa_H2LD
2026.09.30-16.22.07 FIGHTERS synced n=6 alive=6 own=4 enemy=2
2026.09.30-16.22.07 WS seq=98 phase=ACTION_MANEUVER (apply)
2026.09.30-16.22.07 PERF window t=70.3-75.3 frames=151 fps=30.00 frameMs avg=33.33 p50=33.33 p95=33.33 p99=33.33 max=33.34 hitches50=0 gpuMs avg=1.86 p50=1.83 p95=2.04 gameMs avg=2.28 p95=11.95 renderMs avg=3.02 p95=3.83
2026.09.30-16.22.07 S09AUTO drive mode=6 plan=[attack] phase=ACTION_MANEUVER turn=cmukie55u0000wiao06h107t9
2026.09.30-16.22.07 S09AUTO own turn #9 (turnCount=19)
2026.09.30-16.22.07 PEND-RESOLVE sent type=TARGET_FIGHTER stage=0 id=ability-medusa-target-p0
2026.09.30-16.22.07 S09AUTO pending picked (type=TARGET_FIGHTER stage=0)
2026.09.30-16.22.07 HUD plate content fighter=f-1-hero name=King Arthur hp=3/18 team=enemy statuses=HERO  |  MELEE teamSlot=P2 look=P2 shape=hexagon chip=#5786A8
2026.09.30-16.22.07 PLATE fighter=f-1-hero bbox=(705,650,877,704) overlapReachable=0 placement=below ring=0 gap=6 selection=f-1-hero destinations=0 clean=1 softPx2=0 tested=122 bound=1
2026.09.30-16.22.07 TAG fighter=f-0-hero bbox=(909,493,1011,515) mode=compact look=P1 placement=above ring=0 hardPx2=0 softPx2=0 order=3 bound=1
2026.09.30-16.22.07 TAG fighter=f-0-sk0 bbox=(1232,385,1316,407) mode=compact look=P1 placement=above ring=0 hardPx2=0 softPx2=0 order=2 bound=1
2026.09.30-16.22.07 TAG fighter=f-0-sk1 bbox=(918,264,1002,286) mode=compact look=P1 placement=above ring=0 hardPx2=0 softPx2=0 order=0 bound=1
2026.09.30-16.22.07 TAG fighter=f-0-sk2 bbox=(761,385,845,407) mode=compact look=P1 placement=above ring=0 hardPx2=0 softPx2=0 order=1 bound=1
2026.09.30-16.22.07 TAG fighter=f-1-sk0 bbox=(1242,507,1326,529) mode=compact look=P2 placement=above ring=0 hardPx2=0 softPx2=0 order=4 bound=1
2026.09.30-16.22.07 TAG fighter=f-0-hero bbox=(909,493,1011,515) mode=compact look=P1 placement=above ring=0 hardPx2=0 softPx2=0 order=3 bound=1
2026.09.30-16.22.07 TAG fighter=f-0-sk0 bbox=(1232,385,1316,407) mode=compact look=P1 placement=above ring=0 hardPx2=0 softPx2=0 order=2 bound=1
2026.09.30-16.22.07 TAG fighter=f-0-sk1 bbox=(918,264,1002,286) mode=compact look=P1 placement=above ring=0 hardPx2=0 softPx2=0 order=0 bound=1
2026.09.30-16.22.07 TAG fighter=f-0-sk2 bbox=(761,385,845,407) mode=compact look=P1 placement=above ring=0 hardPx2=0 softPx2=0 order=1 bound=1
2026.09.30-16.22.07 TAG fighter=f-1-sk0 bbox=(1242,507,1326,529) mode=compact look=P2 placement=above ring=0 hardPx2=0 softPx2=0 order=4 bound=1
2026.09.30-16.22.07 SNAPSHOT applied seq=99 phase=ACTION_MANEUVER
2026.09.30-16.22.07 HANDLE_APPLIED #147 seq=99 decision=2 fightersValid=1 boardValid=1
2026.09.30-16.22.07 closed mode=
2026.09.30-16.22.07 MODE seq=99 mode=0 combat=0 pending=0
2026.09.30-16.22.07 HUD seq=99 phase=ACTION_MANEUVER turn=you hand=5 oppHand=7(hidden) oppDeck=8~ deck=10~ discard=16
2026.09.30-16.22.07 ARTPREVIEW fighter=Medusa hero=1 eligible=0 visual=1 mesh=SK_Medusa_H2LD
2026.09.30-16.22.07 FIGHTERS synced n=6 alive=6 own=4 enemy=2
2026.09.30-16.22.07 ARTPREVIEW damage-number fighter=f-1-hero amount=1 seq=99 cell=(1,3)
2026.09.30-16.22.07 ARTPREVIEW anim fighter=f-1-hero clip=HitReact len=0.417 event=damaged loop=0 phase=0.0000 seq=99 asset=AM_KingArthur_HitReact
2026.09.30-16.22.07 CUE damage f-1-hero -1 seq=99
2026.09.30-16.22.07 WS seq=99 phase=ACTION_MANEUVER (apply)
2026.09.30-16.22.07 PLATE hidden fighter=f-1-hero
2026.09.30-16.22.07 TAG fighter=f-0-hero bbox=(909,493,1011,515) mode=compact look=P1 placement=above ring=0 hardPx2=0 softPx2=0 order=4 bound=1
2026.09.30-16.22.07 TAG fighter=f-0-sk0 bbox=(1232,385,1316,407) mode=compact look=P1 placement=above ring=0 hardPx2=0 softPx2=0 order=3 bound=1
2026.09.30-16.22.07 TAG fighter=f-0-sk1 bbox=(918,264,1002,286) mode=compact look=P1 placement=above ring=0 hardPx2=0 softPx2=0 order=1 bound=1
2026.09.30-16.22.07 TAG fighter=f-0-sk2 bbox=(761,385,845,407) mode=compact look=P1 placement=above ring=0 hardPx2=0 softPx2=0 order=2 bound=1
2026.09.30-16.22.07 TAG fighter=f-1-hero bbox=(652,513,745,535) mode=compact look=P2 placement=left ring=0 hardPx2=0 softPx2=0 order=0 bound=1
2026.09.30-16.22.07 TAG fighter=f-1-sk0 bbox=(1242,507,1326,529) mode=compact look=P2 placement=above ring=0 hardPx2=0 softPx2=0 order=5 bound=1
2026.09.30-16.22.07 DAMAGE fighter=f-1-hero bbox=(679,483,719,511) amount=1 seq=99 placement=above ring=0 hardPx2=0 softPx2=0
2026.09.30-16.22.07 SNAPSHOT applied seq=99 phase=ACTION_MANEUVER
2026.09.30-16.22.07 HANDLE_APPLIED #148 seq=99 decision=1 fightersValid=1 boardValid=1
2026.09.30-16.22.07 MODE seq=99 mode=0 combat=0 pending=0
2026.09.30-16.22.07 HUD seq=99 phase=ACTION_MANEUVER turn=you hand=5 oppHand=7(hidden) oppDeck=5 deck=9 discard=16
2026.09.30-16.22.07 ARTPREVIEW fighter=Medusa hero=1 eligible=0 visual=1 mesh=SK_Medusa_H2LD
2026.09.30-16.22.07 FIGHTERS synced n=6 alive=6 own=4 enemy=2
2026.09.30-16.22.07 PEND resolve done seq=99 (merge) phase=ACTION_MANEUVER
2026.09.30-16.22.07 S09AUTO drive mode=0 plan=[attack] phase=ACTION_MANEUVER turn=cmukie55u0000wiao06h107t9
2026.09.30-16.22.07 S09AUTO attack (attacker=f-0-hero target-set card-set)
2026.09.30-16.22.07 ATTACK sent
2026.09.30-16.22.07 ARTPREVIEW combat marker fighter=Medusa attacker=1 target=0 icon=0 targetMesh=SM_Marker_TargetRing iconMode=screen targetArcScaleXY=0.920
2026.09.30-16.22.07 ARTPREVIEW combat marker fighter=King Arthur attacker=0 target=1 icon=1 targetMesh=SM_Marker_TargetRing iconMode=screen targetArcScaleXY=0.920
2026.09.30-16.22.07 TAG fighter=f-0-hero bbox=(909,493,1011,515) mode=compact look=P1 placement=above ring=0 hardPx2=0 softPx2=0 order=4 bound=1
2026.09.30-16.22.07 TAG fighter=f-0-sk0 bbox=(1232,385,1316,407) mode=compact look=P1 placement=above ring=0 hardPx2=0 softPx2=0 order=3 bound=1
2026.09.30-16.22.07 TAG fighter=f-0-sk1 bbox=(918,264,1002,286) mode=compact look=P1 placement=above ring=0 hardPx2=0 softPx2=0 order=1 bound=1
2026.09.30-16.22.07 TAG fighter=f-0-sk2 bbox=(761,385,845,407) mode=compact look=P1 placement=above ring=0 hardPx2=0 softPx2=0 order=2 bound=1
2026.09.30-16.22.07 TAG fighter=f-1-hero bbox=(652,513,745,535) mode=compact look=P2 placement=left ring=0 hardPx2=0 softPx2=0 order=0 bound=1
2026.09.30-16.22.07 TAG fighter=f-1-sk0 bbox=(1242,507,1326,529) mode=compact look=P2 placement=above ring=0 hardPx2=0 softPx2=0 order=5 bound=1
2026.09.30-16.22.07 ICON fighter=f-1-hero bbox=(850,543,882,575) size=32 src=combat anchor=right fallback=0 overlapPx2=0 texture=/Game/ArtTests/ARTMarkers/Textures/T_UI_Action_AttackToken_32
2026.09.30-16.22.07 TAG fighter=f-0-hero bbox=(909,493,1011,515) mode=compact look=P1 placement=above ring=0 hardPx2=0 softPx2=0 order=4 bound=1
2026.09.30-16.22.07 TAG fighter=f-0-sk0 bbox=(1232,385,1316,407) mode=compact look=P1 placement=above ring=0 hardPx2=0 softPx2=0 order=3 bound=1
2026.09.30-16.22.07 TAG fighter=f-0-sk1 bbox=(918,264,1002,286) mode=compact look=P1 placement=above ring=0 hardPx2=0 softPx2=0 order=1 bound=1
2026.09.30-16.22.07 TAG fighter=f-0-sk2 bbox=(761,385,845,407) mode=compact look=P1 placement=above ring=0 hardPx2=0 softPx2=0 order=2 bound=1
2026.09.30-16.22.07 TAG fighter=f-1-hero bbox=(652,513,745,535) mode=compact look=P2 placement=left ring=0 hardPx2=0 softPx2=0 order=0 bound=1
2026.09.30-16.22.07 TAG fighter=f-1-sk0 bbox=(1242,507,1326,529) mode=compact look=P2 placement=above ring=0 hardPx2=0 softPx2=0 order=5 bound=1
2026.09.30-16.22.07 ICON fighter=f-1-hero bbox=(850,543,882,575) size=32 src=combat anchor=right fallback=0 overlapPx2=0 texture=/Game/ArtTests/ARTMarkers/Textures/T_UI_Action_AttackToken_32
2026.09.30-16.22.07 SNAPSHOT applied seq=100 phase=COMBAT
2026.09.30-16.22.07 HANDLE_APPLIED #149 seq=100 decision=2 fightersValid=1 boardValid=1
2026.09.30-16.22.07 closed mode=
2026.09.30-16.22.07 MODE seq=100 mode=0 combat=1 pending=0
2026.09.30-16.22.07 HUD seq=100 phase=COMBAT turn=you hand=4 oppHand=7(hidden) oppDeck=5~ deck=9~ discard=17
2026.09.30-16.22.07 ARTPREVIEW fighter=Medusa hero=1 eligible=0 visual=1 mesh=SK_Medusa_H2LD
2026.09.30-16.22.07 FIGHTERS synced n=6 alive=6 own=4 enemy=2
2026.09.30-16.22.07 WS seq=100 phase=COMBAT (apply)
2026.09.30-16.22.07 SNAPSHOT applied seq=100 phase=COMBAT
2026.09.30-16.22.07 HANDLE_APPLIED #150 seq=100 decision=1 fightersValid=1 boardValid=1
2026.09.30-16.22.07 MODE seq=100 mode=0 combat=1 pending=0
2026.09.30-16.22.07 HUD seq=100 phase=COMBAT turn=you hand=4 oppHand=7(hidden) oppDeck=5 deck=9 discard=17
2026.09.30-16.22.07 ARTPREVIEW fighter=Medusa hero=1 eligible=0 visual=1 mesh=SK_Medusa_H2LD
2026.09.30-16.22.07 FIGHTERS synced n=6 alive=6 own=4 enemy=2
2026.09.30-16.22.07 ATTACK done seq=100 (merge) phase=COMBAT
2026.09.30-16.22.07 TAG fighter=f-0-hero bbox=(909,493,1011,515) mode=compact look=P1 placement=above ring=0 hardPx2=0 softPx2=0 order=4 bound=1
2026.09.30-16.22.07 TAG fighter=f-0-sk0 bbox=(1232,385,1316,407) mode=compact look=P1 placement=above ring=0 hardPx2=0 softPx2=0 order=3 bound=1
2026.09.30-16.22.07 TAG fighter=f-0-sk1 bbox=(918,264,1002,286) mode=compact look=P1 placement=above ring=0 hardPx2=0 softPx2=0 order=1 bound=1
2026.09.30-16.22.07 TAG fighter=f-0-sk2 bbox=(761,385,845,407) mode=compact look=P1 placement=above ring=0 hardPx2=0 softPx2=0 order=2 bound=1
2026.09.30-16.22.07 TAG fighter=f-1-hero bbox=(652,513,745,535) mode=compact look=P2 placement=left ring=0 hardPx2=0 softPx2=0 order=0 bound=1
2026.09.30-16.22.07 TAG fighter=f-1-sk0 bbox=(1242,507,1326,529) mode=compact look=P2 placement=above ring=0 hardPx2=0 softPx2=0 order=5 bound=1
2026.09.30-16.22.07 ICON fighter=f-1-hero bbox=(850,543,882,575) size=32 src=combat anchor=right fallback=0 overlapPx2=0 texture=/Game/ArtTests/ARTMarkers/Textures/T_UI_Action_AttackToken_32
2026.09.30-16.22.08 TAG fighter=f-0-hero bbox=(909,493,1011,515) mode=compact look=P1 placement=above ring=0 hardPx2=0 softPx2=0 order=4 bound=1
2026.09.30-16.22.08 TAG fighter=f-0-sk0 bbox=(1232,385,1316,407) mode=compact look=P1 placement=above ring=0 hardPx2=0 softPx2=0 order=3 bound=1
2026.09.30-16.22.08 TAG fighter=f-0-sk1 bbox=(918,264,1002,286) mode=compact look=P1 placement=above ring=0 hardPx2=0 softPx2=0 order=1 bound=1
2026.09.30-16.22.08 TAG fighter=f-0-sk2 bbox=(761,385,845,407) mode=compact look=P1 placement=above ring=0 hardPx2=0 softPx2=0 order=2 bound=1
2026.09.30-16.22.08 TAG fighter=f-1-hero bbox=(652,513,745,535) mode=compact look=P2 placement=left ring=0 hardPx2=0 softPx2=0 order=0 bound=1
2026.09.30-16.22.08 TAG fighter=f-1-sk0 bbox=(1242,507,1326,529) mode=compact look=P2 placement=above ring=0 hardPx2=0 softPx2=0 order=5 bound=1
2026.09.30-16.22.08 ICON fighter=f-1-hero bbox=(850,543,882,575) size=32 src=combat anchor=right fallback=0 overlapPx2=0 texture=/Game/ArtTests/ARTMarkers/Textures/T_UI_Action_AttackToken_32
2026.09.30-16.22.08 ARTPREVIEW anim fighter=f-1-hero clip=Idle len=2.500 event=clipFinished loop=1 phase=0.3470 seq=-1 asset=AM_KingArthur_Idle
2026.09.30-16.22.08 TAG fighter=f-0-hero bbox=(909,493,1011,515) mode=compact look=P1 placement=above ring=0 hardPx2=0 softPx2=0 order=4 bound=1
2026.09.30-16.22.08 TAG fighter=f-0-sk0 bbox=(1232,385,1316,407) mode=compact look=P1 placement=above ring=0 hardPx2=0 softPx2=0 order=3 bound=1
2026.09.30-16.22.08 TAG fighter=f-0-sk1 bbox=(918,264,1002,286) mode=compact look=P1 placement=above ring=0 hardPx2=0 softPx2=0 order=1 bound=1
2026.09.30-16.22.08 TAG fighter=f-0-sk2 bbox=(761,385,845,407) mode=compact look=P1 placement=above ring=0 hardPx2=0 softPx2=0 order=2 bound=1
2026.09.30-16.22.08 TAG fighter=f-1-hero bbox=(652,513,745,535) mode=compact look=P2 placement=left ring=0 hardPx2=0 softPx2=0 order=0 bound=1
2026.09.30-16.22.08 TAG fighter=f-1-sk0 bbox=(1242,507,1326,529) mode=compact look=P2 placement=above ring=0 hardPx2=0 softPx2=0 order=5 bound=1
2026.09.30-16.22.08 ICON fighter=f-1-hero bbox=(850,543,882,575) size=32 src=combat anchor=right fallback=0 overlapPx2=0 texture=/Game/ArtTests/ARTMarkers/Textures/T_UI_Action_AttackToken_32
2026.09.30-16.22.08 SNAPSHOT applied seq=101 phase=COMBAT_RESOLVE
2026.09.30-16.22.08 HANDLE_APPLIED #151 seq=101 decision=2 fightersValid=1 boardValid=1
2026.09.30-16.22.08 ARTPREVIEW anim fighter=f-0-hero clip=LungeAttack len=0.583 event=attack loop=0 phase=0.0000 seq=101 asset=AM_Medusa_LungeAttack
2026.09.30-16.22.08 closed mode=
2026.09.30-16.22.08 MODE seq=101 mode=5 combat=1 pending=0
2026.09.30-16.22.08 HUD seq=101 phase=COMBAT_RESOLVE turn=you hand=4 oppHand=6(hidden) oppDeck=5~ deck=9~ discard=17
2026.09.30-16.22.08 ARTPREVIEW fighter=Medusa hero=1 eligible=0 visual=1 mesh=SK_Medusa_H2LD
2026.09.30-16.22.08 FIGHTERS synced n=6 alive=6 own=4 enemy=2
2026.09.30-16.22.08 WS seq=101 phase=COMBAT_RESOLVE (apply)
2026.09.30-16.22.08 S09AUTO drive mode=5 plan=[attack] phase=COMBAT_RESOLVE turn=cmukie55u0000wiao06h107t9
2026.09.30-16.22.08 TAG fighter=f-0-hero bbox=(909,493,1011,515) mode=compact look=P1 placement=above ring=0 hardPx2=0 softPx2=0 order=4 bound=1
2026.09.30-16.22.08 TAG fighter=f-0-sk0 bbox=(1232,385,1316,407) mode=compact look=P1 placement=above ring=0 hardPx2=0 softPx2=0 order=3 bound=1
2026.09.30-16.22.08 TAG fighter=f-0-sk1 bbox=(918,264,1002,286) mode=compact look=P1 placement=above ring=0 hardPx2=0 softPx2=0 order=1 bound=1
2026.09.30-16.22.08 TAG fighter=f-0-sk2 bbox=(761,385,845,407) mode=compact look=P1 placement=above ring=0 hardPx2=0 softPx2=0 order=2 bound=1
2026.09.30-16.22.08 TAG fighter=f-1-hero bbox=(652,513,745,535) mode=compact look=P2 placement=left ring=0 hardPx2=0 softPx2=0 order=0 bound=1
2026.09.30-16.22.08 TAG fighter=f-1-sk0 bbox=(1242,507,1326,529) mode=compact look=P2 placement=above ring=0 hardPx2=0 softPx2=0 order=5 bound=1
2026.09.30-16.22.08 ICON fighter=f-1-hero bbox=(850,543,882,575) size=32 src=combat anchor=right fallback=0 overlapPx2=0 texture=/Game/ArtTests/ARTMarkers/Textures/T_UI_Action_AttackToken_32
2026.09.30-16.22.09 SNAPSHOT applied seq=102 phase=ACTION_MANEUVER
2026.09.30-16.22.09 HANDLE_APPLIED #152 seq=102 decision=2 fightersValid=1 boardValid=1
2026.09.30-16.22.09 COMBAT-RESULT seq=102 damage=0 role=attacked
2026.09.30-16.22.09 ARTPREVIEW combat marker fighter=Medusa attacker=0 target=0 icon=0 targetMesh=SM_Marker_TargetRing iconMode=screen targetArcScaleXY=0.920
2026.09.30-16.22.09 ARTPREVIEW combat marker fighter=King Arthur attacker=0 target=0 icon=0 targetMesh=SM_Marker_TargetRing iconMode=screen targetArcScaleXY=0.920
2026.09.30-16.22.09 closed mode=
2026.09.30-16.22.09 MODE seq=102 mode=0 combat=0 pending=0
2026.09.30-16.22.09 HUD seq=102 phase=ACTION_MANEUVER turn=you hand=4 oppHand=6(hidden) oppDeck=5~ deck=9~ discard=17
2026.09.30-16.22.09 ARTPREVIEW fighter=Medusa hero=1 eligible=0 visual=1 mesh=SK_Medusa_H2LD
2026.09.30-16.22.09 FIGHTERS synced n=6 alive=6 own=4 enemy=2
2026.09.30-16.22.09 WS seq=102 phase=ACTION_MANEUVER (apply)
2026.09.30-16.22.09 S09AUTO drive mode=0 plan=[attack] phase=ACTION_MANEUVER turn=cmukie55u0000wiao06h107t9
2026.09.30-16.22.09 S09AUTO attack (attacker=f-0-hero target-set card-set)
2026.09.30-16.22.09 ATTACK sent
2026.09.30-16.22.09 ARTPREVIEW combat marker fighter=Medusa attacker=1 target=0 icon=0 targetMesh=SM_Marker_TargetRing iconMode=screen targetArcScaleXY=0.920
2026.09.30-16.22.09 ARTPREVIEW combat marker fighter=King Arthur attacker=0 target=1 icon=1 targetMesh=SM_Marker_TargetRing iconMode=screen targetArcScaleXY=0.920
2026.09.30-16.22.09 TAG fighter=f-0-hero bbox=(909,493,1011,515) mode=compact look=P1 placement=above ring=0 hardPx2=0 softPx2=0 order=4 bound=1
2026.09.30-16.22.09 TAG fighter=f-0-sk0 bbox=(1232,385,1316,407) mode=compact look=P1 placement=above ring=0 hardPx2=0 softPx2=0 order=3 bound=1
2026.09.30-16.22.09 TAG fighter=f-0-sk1 bbox=(918,264,1002,286) mode=compact look=P1 placement=above ring=0 hardPx2=0 softPx2=0 order=1 bound=1
2026.09.30-16.22.09 TAG fighter=f-0-sk2 bbox=(761,385,845,407) mode=compact look=P1 placement=above ring=0 hardPx2=0 softPx2=0 order=2 bound=1
2026.09.30-16.22.09 TAG fighter=f-1-hero bbox=(652,513,745,535) mode=compact look=P2 placement=left ring=0 hardPx2=0 softPx2=0 order=0 bound=1
2026.09.30-16.22.09 TAG fighter=f-1-sk0 bbox=(1242,507,1326,529) mode=compact look=P2 placement=above ring=0 hardPx2=0 softPx2=0 order=5 bound=1
2026.09.30-16.22.09 ICON fighter=f-1-hero bbox=(850,543,882,575) size=32 src=combat anchor=right fallback=0 overlapPx2=0 texture=/Game/ArtTests/ARTMarkers/Textures/T_UI_Action_AttackToken_32
2026.09.30-16.22.09 SNAPSHOT applied seq=103 phase=COMBAT
2026.09.30-16.22.09 HANDLE_APPLIED #153 seq=103 decision=2 fightersValid=1 boardValid=1
2026.09.30-16.22.09 closed mode=
2026.09.30-16.22.09 MODE seq=103 mode=0 combat=1 pending=0
2026.09.30-16.22.09 HUD seq=103 phase=COMBAT turn=you hand=3 oppHand=6(hidden) oppDeck=5~ deck=9~ discard=18
2026.09.30-16.22.09 ARTPREVIEW fighter=Medusa hero=1 eligible=0 visual=1 mesh=SK_Medusa_H2LD
2026.09.30-16.22.09 FIGHTERS synced n=6 alive=6 own=4 enemy=2
2026.09.30-16.22.09 WS seq=103 phase=COMBAT (apply)
2026.09.30-16.22.09 SNAPSHOT applied seq=103 phase=COMBAT
2026.09.30-16.22.09 HANDLE_APPLIED #154 seq=103 decision=1 fightersValid=1 boardValid=1
2026.09.30-16.22.09 MODE seq=103 mode=0 combat=1 pending=0
2026.09.30-16.22.09 HUD seq=103 phase=COMBAT turn=you hand=3 oppHand=6(hidden) oppDeck=5 deck=9 discard=18
2026.09.30-16.22.09 ARTPREVIEW fighter=Medusa hero=1 eligible=0 visual=1 mesh=SK_Medusa_H2LD
2026.09.30-16.22.09 FIGHTERS synced n=6 alive=6 own=4 enemy=2
2026.09.30-16.22.09 ATTACK done seq=103 (merge) phase=COMBAT
2026.09.30-16.22.09 TAG fighter=f-0-hero bbox=(909,493,1011,515) mode=compact look=P1 placement=above ring=0 hardPx2=0 softPx2=0 order=4 bound=1
2026.09.30-16.22.09 TAG fighter=f-0-sk0 bbox=(1232,385,1316,407) mode=compact look=P1 placement=above ring=0 hardPx2=0 softPx2=0 order=3 bound=1
2026.09.30-16.22.09 TAG fighter=f-0-sk1 bbox=(918,264,1002,286) mode=compact look=P1 placement=above ring=0 hardPx2=0 softPx2=0 order=1 bound=1
2026.09.30-16.22.09 TAG fighter=f-0-sk2 bbox=(761,385,845,407) mode=compact look=P1 placement=above ring=0 hardPx2=0 softPx2=0 order=2 bound=1
2026.09.30-16.22.09 TAG fighter=f-1-hero bbox=(652,513,745,535) mode=compact look=P2 placement=left ring=0 hardPx2=0 softPx2=0 order=0 bound=1
2026.09.30-16.22.09 TAG fighter=f-1-sk0 bbox=(1242,507,1326,529) mode=compact look=P2 placement=above ring=0 hardPx2=0 softPx2=0 order=5 bound=1
2026.09.30-16.22.09 ICON fighter=f-1-hero bbox=(850,543,882,575) size=32 src=combat anchor=right fallback=0 overlapPx2=0 texture=/Game/ArtTests/ARTMarkers/Textures/T_UI_Action_AttackToken_32
2026.09.30-16.22.09 TAG fighter=f-0-hero bbox=(909,493,1011,515) mode=compact look=P1 placement=above ring=0 hardPx2=0 softPx2=0 order=4 bound=1
2026.09.30-16.22.09 TAG fighter=f-0-sk0 bbox=(1232,385,1316,407) mode=compact look=P1 placement=above ring=0 hardPx2=0 softPx2=0 order=3 bound=1
2026.09.30-16.22.09 TAG fighter=f-0-sk1 bbox=(918,264,1002,286) mode=compact look=P1 placement=above ring=0 hardPx2=0 softPx2=0 order=1 bound=1
2026.09.30-16.22.09 TAG fighter=f-0-sk2 bbox=(761,385,845,407) mode=compact look=P1 placement=above ring=0 hardPx2=0 softPx2=0 order=2 bound=1
2026.09.30-16.22.09 TAG fighter=f-1-hero bbox=(652,513,745,535) mode=compact look=P2 placement=left ring=0 hardPx2=0 softPx2=0 order=0 bound=1
2026.09.30-16.22.09 TAG fighter=f-1-sk0 bbox=(1242,507,1326,529) mode=compact look=P2 placement=above ring=0 hardPx2=0 softPx2=0 order=5 bound=1
2026.09.30-16.22.09 ICON fighter=f-1-hero bbox=(850,543,882,575) size=32 src=combat anchor=right fallback=0 overlapPx2=0 texture=/Game/ArtTests/ARTMarkers/Textures/T_UI_Action_AttackToken_32
2026.09.30-16.22.09 SNAPSHOT applied seq=104 phase=COMBAT_RESOLVE
2026.09.30-16.22.09 HANDLE_APPLIED #155 seq=104 decision=2 fightersValid=1 boardValid=1
2026.09.30-16.22.09 ARTPREVIEW anim fighter=f-0-hero clip=LungeAttack len=0.583 event=attack loop=0 phase=0.0000 seq=104 asset=AM_Medusa_LungeAttack
2026.09.30-16.22.09 closed mode=
2026.09.30-16.22.09 MODE seq=104 mode=5 combat=1 pending=0
2026.09.30-16.22.09 HUD seq=104 phase=COMBAT_RESOLVE turn=you hand=3 oppHand=5(hidden) oppDeck=5~ deck=9~ discard=18
2026.09.30-16.22.09 ARTPREVIEW fighter=Medusa hero=1 eligible=0 visual=1 mesh=SK_Medusa_H2LD
2026.09.30-16.22.09 FIGHTERS synced n=6 alive=6 own=4 enemy=2
2026.09.30-16.22.09 WS seq=104 phase=COMBAT_RESOLVE (apply)
2026.09.30-16.22.09 S09AUTO drive mode=5 plan=[attack] phase=COMBAT_RESOLVE turn=cmukie55u0000wiao06h107t9
2026.09.30-16.22.09 TAG fighter=f-0-hero bbox=(909,493,1011,515) mode=compact look=P1 placement=above ring=0 hardPx2=0 softPx2=0 order=4 bound=1
2026.09.30-16.22.09 TAG fighter=f-0-sk0 bbox=(1232,385,1316,407) mode=compact look=P1 placement=above ring=0 hardPx2=0 softPx2=0 order=3 bound=1
2026.09.30-16.22.09 TAG fighter=f-0-sk1 bbox=(918,264,1002,286) mode=compact look=P1 placement=above ring=0 hardPx2=0 softPx2=0 order=1 bound=1
2026.09.30-16.22.09 TAG fighter=f-0-sk2 bbox=(761,385,845,407) mode=compact look=P1 placement=above ring=0 hardPx2=0 softPx2=0 order=2 bound=1
2026.09.30-16.22.09 TAG fighter=f-1-hero bbox=(652,513,745,535) mode=compact look=P2 placement=left ring=0 hardPx2=0 softPx2=0 order=0 bound=1
2026.09.30-16.22.09 TAG fighter=f-1-sk0 bbox=(1242,507,1326,529) mode=compact look=P2 placement=above ring=0 hardPx2=0 softPx2=0 order=5 bound=1
2026.09.30-16.22.09 ICON fighter=f-1-hero bbox=(850,543,882,575) size=32 src=combat anchor=right fallback=0 overlapPx2=0 texture=/Game/ArtTests/ARTMarkers/Textures/T_UI_Action_AttackToken_32
2026.09.30-16.22.09 SNAPSHOT applied seq=105 phase=ACTION_MANEUVER
2026.09.30-16.22.09 HANDLE_APPLIED #156 seq=105 decision=2 fightersValid=1 boardValid=1
2026.09.30-16.22.09 COMBAT-RESULT seq=105 damage=0 role=attacked
2026.09.30-16.22.09 ARTPREVIEW combat marker fighter=Medusa attacker=0 target=0 icon=0 targetMesh=SM_Marker_TargetRing iconMode=screen targetArcScaleXY=0.920
2026.09.30-16.22.09 ARTPREVIEW combat marker fighter=King Arthur attacker=0 target=0 icon=0 targetMesh=SM_Marker_TargetRing iconMode=screen targetArcScaleXY=0.920
2026.09.30-16.22.09 closed mode=
2026.09.30-16.22.09 MODE seq=105 mode=0 combat=0 pending=0
2026.09.30-16.22.09 HUD seq=105 phase=ACTION_MANEUVER turn=opp hand=4 oppHand=5(hidden) oppDeck=5~ deck=9~ discard=18
2026.09.30-16.22.09 ARTPREVIEW fighter=Medusa hero=1 eligible=0 visual=1 mesh=SK_Medusa_H2LD
2026.09.30-16.22.09 FIGHTERS synced n=6 alive=6 own=4 enemy=2
2026.09.30-16.22.09 WS seq=105 phase=ACTION_MANEUVER (apply)
2026.09.30-16.22.09 S09AUTO drive mode=0 plan=[attack] phase=ACTION_MANEUVER turn=cmukie57j0001wiaofr67k2vd
2026.09.30-16.22.09 TAG fighter=f-0-hero bbox=(909,493,1011,515) mode=compact look=P1 placement=above ring=0 hardPx2=0 softPx2=0 order=4 bound=1
2026.09.30-16.22.09 TAG fighter=f-0-sk0 bbox=(1232,385,1316,407) mode=compact look=P1 placement=above ring=0 hardPx2=0 softPx2=0 order=2 bound=1
2026.09.30-16.22.09 TAG fighter=f-0-sk1 bbox=(918,264,1002,286) mode=compact look=P1 placement=above ring=0 hardPx2=0 softPx2=0 order=0 bound=1
2026.09.30-16.22.09 TAG fighter=f-0-sk2 bbox=(761,385,845,407) mode=compact look=P1 placement=above ring=0 hardPx2=0 softPx2=0 order=1 bound=1
2026.09.30-16.22.09 TAG fighter=f-1-hero bbox=(652,513,745,535) mode=compact look=P2 placement=left ring=0 hardPx2=0 softPx2=0 order=3 bound=1
2026.09.30-16.22.09 TAG fighter=f-1-sk0 bbox=(1242,507,1326,529) mode=compact look=P2 placement=above ring=0 hardPx2=0 softPx2=0 order=5 bound=1
2026.09.30-16.22.09 HUD icon hidden fighter=f-1-hero
2026.09.30-16.22.09 TAG fighter=f-0-hero bbox=(909,493,1011,515) mode=compact look=P1 placement=above ring=0 hardPx2=0 softPx2=0 order=4 bound=1
2026.09.30-16.22.09 TAG fighter=f-0-sk0 bbox=(1232,385,1316,407) mode=compact look=P1 placement=above ring=0 hardPx2=0 softPx2=0 order=2 bound=1
2026.09.30-16.22.09 TAG fighter=f-0-sk1 bbox=(918,264,1002,286) mode=compact look=P1 placement=above ring=0 hardPx2=0 softPx2=0 order=0 bound=1
2026.09.30-16.22.09 TAG fighter=f-0-sk2 bbox=(761,385,845,407) mode=compact look=P1 placement=above ring=0 hardPx2=0 softPx2=0 order=1 bound=1
2026.09.30-16.22.09 TAG fighter=f-1-hero bbox=(652,513,745,535) mode=compact look=P2 placement=left ring=0 hardPx2=0 softPx2=0 order=3 bound=1
2026.09.30-16.22.09 TAG fighter=f-1-sk0 bbox=(1242,507,1326,529) mode=compact look=P2 placement=above ring=0 hardPx2=0 softPx2=0 order=5 bound=1
2026.09.30-16.22.09 SNAPSHOT applied seq=106 phase=ACTION_MANEUVER
2026.09.30-16.22.09 HANDLE_APPLIED #157 seq=106 decision=2 fightersValid=1 boardValid=1
2026.09.30-16.22.09 MODE seq=106 mode=0 combat=0 pending=0
2026.09.30-16.22.09 HUD seq=106 phase=ACTION_MANEUVER turn=opp hand=4 oppHand=6(hidden) oppDeck=5~ deck=9~ discard=18
2026.09.30-16.22.09 ARTPREVIEW fighter=Medusa hero=1 eligible=0 visual=1 mesh=SK_Medusa_H2LD
2026.09.30-16.22.09 FIGHTERS synced n=6 alive=6 own=4 enemy=2
2026.09.30-16.22.09 WS seq=106 phase=ACTION_MANEUVER (apply)
2026.09.30-16.22.09 TAG fighter=f-0-hero bbox=(909,493,1011,515) mode=compact look=P1 placement=above ring=0 hardPx2=0 softPx2=0 order=4 bound=1
2026.09.30-16.22.09 TAG fighter=f-0-sk0 bbox=(1232,385,1316,407) mode=compact look=P1 placement=above ring=0 hardPx2=0 softPx2=0 order=2 bound=1
2026.09.30-16.22.09 TAG fighter=f-0-sk1 bbox=(918,264,1002,286) mode=compact look=P1 placement=above ring=0 hardPx2=0 softPx2=0 order=0 bound=1
2026.09.30-16.22.09 TAG fighter=f-0-sk2 bbox=(761,385,845,407) mode=compact look=P1 placement=above ring=0 hardPx2=0 softPx2=0 order=1 bound=1
2026.09.30-16.22.09 TAG fighter=f-1-hero bbox=(652,513,745,535) mode=compact look=P2 placement=left ring=0 hardPx2=0 softPx2=0 order=3 bound=1
2026.09.30-16.22.09 TAG fighter=f-1-sk0 bbox=(1242,507,1326,529) mode=compact look=P2 placement=above ring=0 hardPx2=0 softPx2=0 order=5 bound=1
2026.09.30-16.22.09 SNAPSHOT applied seq=107 phase=ACTION_MANEUVER
2026.09.30-16.22.09 HANDLE_APPLIED #158 seq=107 decision=2 fightersValid=1 boardValid=1
2026.09.30-16.22.09 MODE seq=107 mode=0 combat=0 pending=0
2026.09.30-16.22.09 HUD seq=107 phase=ACTION_MANEUVER turn=opp hand=4 oppHand=6(hidden) oppDeck=5~ deck=9~ discard=18
2026.09.30-16.22.09 ARTPREVIEW fighter=Medusa hero=1 eligible=0 visual=1 mesh=SK_Medusa_H2LD
2026.09.30-16.22.09 FIGHTERS synced n=6 alive=6 own=4 enemy=2
2026.09.30-16.22.09 CUE move f-1-hero (1,3)->(0,3) seq=107
2026.09.30-16.22.09 WS seq=107 phase=ACTION_MANEUVER (apply)
2026.09.30-16.22.09 TAG fighter=f-0-hero bbox=(909,493,1011,515) mode=compact look=P1 placement=above ring=0 hardPx2=0 softPx2=0 order=4 bound=1
2026.09.30-16.22.09 TAG fighter=f-0-sk0 bbox=(1232,385,1316,407) mode=compact look=P1 placement=above ring=0 hardPx2=0 softPx2=0 order=2 bound=1
2026.09.30-16.22.09 TAG fighter=f-0-sk1 bbox=(918,264,1002,286) mode=compact look=P1 placement=above ring=0 hardPx2=0 softPx2=0 order=0 bound=1
2026.09.30-16.22.09 TAG fighter=f-0-sk2 bbox=(761,385,845,407) mode=compact look=P1 placement=above ring=0 hardPx2=0 softPx2=0 order=1 bound=1
2026.09.30-16.22.09 TAG fighter=f-1-hero bbox=(588,489,681,511) mode=compact look=P2 placement=above ring=0 hardPx2=0 softPx2=0 order=3 bound=1
2026.09.30-16.22.09 TAG fighter=f-1-sk0 bbox=(1242,507,1326,529) mode=compact look=P2 placement=above ring=0 hardPx2=0 softPx2=0 order=5 bound=1
2026.09.30-16.22.09 ARTPREVIEW anim fighter=f-0-hero clip=Idle len=2.333 event=clipFinished loop=1 phase=0.8071 seq=-1 asset=AM_Medusa_Idle
2026.09.30-16.22.10 game -> room=cmuobaygt00wzwircvdqcyy4s code=<redacted> status=IN_PROGRESS
2026.09.30-16.22.10 SNAPSHOT applied seq=108 phase=ACTION_MANEUVER
2026.09.30-16.22.10 HANDLE_APPLIED #159 seq=108 decision=2 fightersValid=1 boardValid=1
2026.09.30-16.22.10 MODE seq=108 mode=0 combat=0 pending=0
2026.09.30-16.22.10 HUD seq=108 phase=ACTION_MANEUVER turn=opp hand=4 oppHand=7(hidden) oppDeck=5~ deck=9~ discard=18
2026.09.30-16.22.10 ARTPREVIEW fighter=Medusa hero=1 eligible=0 visual=1 mesh=SK_Medusa_H2LD
2026.09.30-16.22.10 FIGHTERS synced n=6 alive=6 own=4 enemy=2
2026.09.30-16.22.10 WS seq=108 phase=ACTION_MANEUVER (apply)
2026.09.30-16.22.10 SNAPSHOT applied seq=109 phase=ACTION_MANEUVER
2026.09.30-16.22.10 HANDLE_APPLIED #160 seq=109 decision=2 fightersValid=1 boardValid=1
2026.09.30-16.22.10 closed mode=
2026.09.30-16.22.10 MODE seq=109 mode=6 combat=0 pending=1
2026.09.30-16.22.10 HUD seq=109 phase=ACTION_MANEUVER turn=you hand=4 oppHand=7(hidden) oppDeck=5~ deck=9~ discard=18
2026.09.30-16.22.10 ARTPREVIEW fighter=Medusa hero=1 eligible=0 visual=1 mesh=SK_Medusa_H2LD
2026.09.30-16.22.10 FIGHTERS synced n=6 alive=6 own=4 enemy=2
2026.09.30-16.22.10 CUE move f-1-hero (0,3)->(1,3) seq=109
2026.09.30-16.22.10 WS seq=109 phase=ACTION_MANEUVER (apply)
2026.09.30-16.22.10 S09AUTO drive mode=6 plan=[attack] phase=ACTION_MANEUVER turn=cmukie55u0000wiao06h107t9
2026.09.30-16.22.10 S09AUTO own turn #10 (turnCount=21)
2026.09.30-16.22.10 PEND-RESOLVE sent type=TARGET_FIGHTER stage=0 id=ability-medusa-target-p0
2026.09.30-16.22.10 S09AUTO pending picked (type=TARGET_FIGHTER stage=0)
2026.09.30-16.22.10 HUD plate content fighter=f-1-hero name=King Arthur hp=2/18 team=enemy statuses=HERO  |  MELEE teamSlot=P2 look=P2 shape=hexagon chip=#5786A8
2026.09.30-16.22.10 PLATE fighter=f-1-hero bbox=(705,650,877,704) overlapReachable=0 placement=below ring=0 gap=6 selection=f-1-hero destinations=0 clean=1 softPx2=0 tested=122 bound=1
2026.09.30-16.22.10 TAG fighter=f-0-hero bbox=(909,493,1011,515) mode=compact look=P1 placement=above ring=0 hardPx2=0 softPx2=0 order=3 bound=1
2026.09.30-16.22.10 TAG fighter=f-0-sk0 bbox=(1232,385,1316,407) mode=compact look=P1 placement=above ring=0 hardPx2=0 softPx2=0 order=2 bound=1
2026.09.30-16.22.10 TAG fighter=f-0-sk1 bbox=(918,264,1002,286) mode=compact look=P1 placement=above ring=0 hardPx2=0 softPx2=0 order=0 bound=1
2026.09.30-16.22.10 TAG fighter=f-0-sk2 bbox=(761,385,845,407) mode=compact look=P1 placement=above ring=0 hardPx2=0 softPx2=0 order=1 bound=1
2026.09.30-16.22.10 TAG fighter=f-1-sk0 bbox=(1242,507,1326,529) mode=compact look=P2 placement=above ring=0 hardPx2=0 softPx2=0 order=4 bound=1
2026.09.30-16.22.10 TAG fighter=f-0-hero bbox=(909,493,1011,515) mode=compact look=P1 placement=above ring=0 hardPx2=0 softPx2=0 order=3 bound=1
2026.09.30-16.22.10 TAG fighter=f-0-sk0 bbox=(1232,385,1316,407) mode=compact look=P1 placement=above ring=0 hardPx2=0 softPx2=0 order=2 bound=1
2026.09.30-16.22.10 TAG fighter=f-0-sk1 bbox=(918,264,1002,286) mode=compact look=P1 placement=above ring=0 hardPx2=0 softPx2=0 order=0 bound=1
2026.09.30-16.22.10 TAG fighter=f-0-sk2 bbox=(761,385,845,407) mode=compact look=P1 placement=above ring=0 hardPx2=0 softPx2=0 order=1 bound=1
2026.09.30-16.22.10 TAG fighter=f-1-sk0 bbox=(1242,507,1326,529) mode=compact look=P2 placement=above ring=0 hardPx2=0 softPx2=0 order=4 bound=1
2026.09.30-16.22.10 SNAPSHOT applied seq=110 phase=ACTION_MANEUVER
2026.09.30-16.22.10 HANDLE_APPLIED #161 seq=110 decision=2 fightersValid=1 boardValid=1
2026.09.30-16.22.10 closed mode=
2026.09.30-16.22.10 MODE seq=110 mode=0 combat=0 pending=0
2026.09.30-16.22.10 HUD seq=110 phase=ACTION_MANEUVER turn=you hand=4 oppHand=7(hidden) oppDeck=3 deck=8 discard=18
2026.09.30-16.22.10 ARTPREVIEW fighter=Medusa hero=1 eligible=0 visual=1 mesh=SK_Medusa_H2LD
2026.09.30-16.22.10 FIGHTERS synced n=6 alive=6 own=4 enemy=2
2026.09.30-16.22.10 ARTPREVIEW damage-number fighter=f-1-hero amount=1 seq=110 cell=(1,3)
2026.09.30-16.22.10 ARTPREVIEW anim fighter=f-1-hero clip=HitReact len=0.417 event=damaged loop=0 phase=0.0000 seq=110 asset=AM_KingArthur_HitReact
2026.09.30-16.22.10 CUE damage f-1-hero -1 seq=110
2026.09.30-16.22.10 PEND resolve done seq=110 (apply) phase=ACTION_MANEUVER
2026.09.30-16.22.11 SNAPSHOT applied seq=110 phase=ACTION_MANEUVER
2026.09.30-16.22.11 HANDLE_APPLIED #162 seq=110 decision=1 fightersValid=1 boardValid=1
2026.09.30-16.22.11 MODE seq=110 mode=0 combat=0 pending=0
2026.09.30-16.22.11 HUD seq=110 phase=ACTION_MANEUVER turn=you hand=4 oppHand=7(hidden) oppDeck=3 deck=8 discard=18
2026.09.30-16.22.11 ARTPREVIEW fighter=Medusa hero=1 eligible=0 visual=1 mesh=SK_Medusa_H2LD
2026.09.30-16.22.11 FIGHTERS synced n=6 alive=6 own=4 enemy=2
2026.09.30-16.22.11 WS seq=110 phase=ACTION_MANEUVER (merge)
2026.09.30-16.22.11 S09AUTO drive mode=0 plan=[attack] phase=ACTION_MANEUVER turn=cmukie55u0000wiao06h107t9
2026.09.30-16.22.11 S09AUTO attack (attacker=f-0-hero target-set card-set)
2026.09.30-16.22.11 ATTACK sent
2026.09.30-16.22.11 ARTPREVIEW combat marker fighter=Medusa attacker=1 target=0 icon=0 targetMesh=SM_Marker_TargetRing iconMode=screen targetArcScaleXY=0.920
2026.09.30-16.22.11 ARTPREVIEW combat marker fighter=King Arthur attacker=0 target=1 icon=1 targetMesh=SM_Marker_TargetRing iconMode=screen targetArcScaleXY=0.920
2026.09.30-16.22.11 PLATE hidden fighter=f-1-hero
2026.09.30-16.22.11 TAG fighter=f-0-hero bbox=(909,493,1011,515) mode=compact look=P1 placement=above ring=0 hardPx2=0 softPx2=0 order=4 bound=1
2026.09.30-16.22.11 TAG fighter=f-0-sk0 bbox=(1232,385,1316,407) mode=compact look=P1 placement=above ring=0 hardPx2=0 softPx2=0 order=3 bound=1
2026.09.30-16.22.11 TAG fighter=f-0-sk1 bbox=(918,264,1002,286) mode=compact look=P1 placement=above ring=0 hardPx2=0 softPx2=0 order=1 bound=1
2026.09.30-16.22.11 TAG fighter=f-0-sk2 bbox=(761,385,845,407) mode=compact look=P1 placement=above ring=0 hardPx2=0 softPx2=0 order=2 bound=1
2026.09.30-16.22.11 TAG fighter=f-1-hero bbox=(652,513,745,535) mode=compact look=P2 placement=left ring=0 hardPx2=0 softPx2=0 order=0 bound=1
2026.09.30-16.22.11 TAG fighter=f-1-sk0 bbox=(1242,507,1326,529) mode=compact look=P2 placement=above ring=0 hardPx2=0 softPx2=0 order=5 bound=1
2026.09.30-16.22.11 ICON fighter=f-1-hero bbox=(850,543,882,575) size=32 src=combat anchor=right fallback=0 overlapPx2=0 texture=/Game/ArtTests/ARTMarkers/Textures/T_UI_Action_AttackToken_32
2026.09.30-16.22.11 DAMAGE fighter=f-1-hero bbox=(679,483,719,511) amount=1 seq=110 placement=above ring=0 hardPx2=0 softPx2=0
2026.09.30-16.22.11 TAG fighter=f-0-hero bbox=(909,493,1011,515) mode=compact look=P1 placement=above ring=0 hardPx2=0 softPx2=0 order=4 bound=1
2026.09.30-16.22.11 TAG fighter=f-0-sk0 bbox=(1232,385,1316,407) mode=compact look=P1 placement=above ring=0 hardPx2=0 softPx2=0 order=3 bound=1
2026.09.30-16.22.11 TAG fighter=f-0-sk1 bbox=(918,264,1002,286) mode=compact look=P1 placement=above ring=0 hardPx2=0 softPx2=0 order=1 bound=1
2026.09.30-16.22.11 TAG fighter=f-0-sk2 bbox=(761,385,845,407) mode=compact look=P1 placement=above ring=0 hardPx2=0 softPx2=0 order=2 bound=1
2026.09.30-16.22.11 TAG fighter=f-1-hero bbox=(652,513,745,535) mode=compact look=P2 placement=left ring=0 hardPx2=0 softPx2=0 order=0 bound=1
2026.09.30-16.22.11 TAG fighter=f-1-sk0 bbox=(1242,507,1326,529) mode=compact look=P2 placement=above ring=0 hardPx2=0 softPx2=0 order=5 bound=1
2026.09.30-16.22.11 ICON fighter=f-1-hero bbox=(850,543,882,575) size=32 src=combat anchor=right fallback=0 overlapPx2=0 texture=/Game/ArtTests/ARTMarkers/Textures/T_UI_Action_AttackToken_32
2026.09.30-16.22.11 SNAPSHOT applied seq=111 phase=COMBAT
2026.09.30-16.22.11 HANDLE_APPLIED #163 seq=111 decision=2 fightersValid=1 boardValid=1
2026.09.30-16.22.11 closed mode=
2026.09.30-16.22.11 MODE seq=111 mode=0 combat=1 pending=0
2026.09.30-16.22.11 HUD seq=111 phase=COMBAT turn=you hand=3 oppHand=7(hidden) oppDeck=3~ deck=8~ discard=19
2026.09.30-16.22.11 ARTPREVIEW fighter=Medusa hero=1 eligible=0 visual=1 mesh=SK_Medusa_H2LD
2026.09.30-16.22.11 FIGHTERS synced n=6 alive=6 own=4 enemy=2
2026.09.30-16.22.11 WS seq=111 phase=COMBAT (apply)
2026.09.30-16.22.11 SNAPSHOT applied seq=111 phase=COMBAT
2026.09.30-16.22.11 HANDLE_APPLIED #164 seq=111 decision=1 fightersValid=1 boardValid=1
2026.09.30-16.22.11 MODE seq=111 mode=0 combat=1 pending=0
2026.09.30-16.22.11 HUD seq=111 phase=COMBAT turn=you hand=3 oppHand=7(hidden) oppDeck=3 deck=8 discard=19
2026.09.30-16.22.11 ARTPREVIEW fighter=Medusa hero=1 eligible=0 visual=1 mesh=SK_Medusa_H2LD
2026.09.30-16.22.11 FIGHTERS synced n=6 alive=6 own=4 enemy=2
2026.09.30-16.22.11 ATTACK done seq=111 (merge) phase=COMBAT
2026.09.30-16.22.11 TAG fighter=f-0-hero bbox=(909,493,1011,515) mode=compact look=P1 placement=above ring=0 hardPx2=0 softPx2=0 order=4 bound=1
2026.09.30-16.22.11 TAG fighter=f-0-sk0 bbox=(1232,385,1316,407) mode=compact look=P1 placement=above ring=0 hardPx2=0 softPx2=0 order=3 bound=1
2026.09.30-16.22.11 TAG fighter=f-0-sk1 bbox=(918,264,1002,286) mode=compact look=P1 placement=above ring=0 hardPx2=0 softPx2=0 order=1 bound=1
2026.09.30-16.22.11 TAG fighter=f-0-sk2 bbox=(761,385,845,407) mode=compact look=P1 placement=above ring=0 hardPx2=0 softPx2=0 order=2 bound=1
2026.09.30-16.22.11 TAG fighter=f-1-hero bbox=(652,513,745,535) mode=compact look=P2 placement=left ring=0 hardPx2=0 softPx2=0 order=0 bound=1
2026.09.30-16.22.11 TAG fighter=f-1-sk0 bbox=(1242,507,1326,529) mode=compact look=P2 placement=above ring=0 hardPx2=0 softPx2=0 order=5 bound=1
2026.09.30-16.22.11 ICON fighter=f-1-hero bbox=(850,543,882,575) size=32 src=combat anchor=right fallback=0 overlapPx2=0 texture=/Game/ArtTests/ARTMarkers/Textures/T_UI_Action_AttackToken_32
2026.09.30-16.22.11 TAG fighter=f-0-hero bbox=(909,493,1011,515) mode=compact look=P1 placement=above ring=0 hardPx2=0 softPx2=0 order=4 bound=1
2026.09.30-16.22.11 TAG fighter=f-0-sk0 bbox=(1232,385,1316,407) mode=compact look=P1 placement=above ring=0 hardPx2=0 softPx2=0 order=3 bound=1
2026.09.30-16.22.11 TAG fighter=f-0-sk1 bbox=(918,264,1002,286) mode=compact look=P1 placement=above ring=0 hardPx2=0 softPx2=0 order=1 bound=1
2026.09.30-16.22.11 TAG fighter=f-0-sk2 bbox=(761,385,845,407) mode=compact look=P1 placement=above ring=0 hardPx2=0 softPx2=0 order=2 bound=1
2026.09.30-16.22.11 TAG fighter=f-1-hero bbox=(652,513,745,535) mode=compact look=P2 placement=left ring=0 hardPx2=0 softPx2=0 order=0 bound=1
2026.09.30-16.22.11 TAG fighter=f-1-sk0 bbox=(1242,507,1326,529) mode=compact look=P2 placement=above ring=0 hardPx2=0 softPx2=0 order=5 bound=1
2026.09.30-16.22.11 ICON fighter=f-1-hero bbox=(850,543,882,575) size=32 src=combat anchor=right fallback=0 overlapPx2=0 texture=/Game/ArtTests/ARTMarkers/Textures/T_UI_Action_AttackToken_32
2026.09.30-16.22.11 ARTPREVIEW anim fighter=f-1-hero clip=Idle len=2.500 event=clipFinished loop=1 phase=0.3470 seq=-1 asset=AM_KingArthur_Idle
2026.09.30-16.22.11 TAG fighter=f-0-hero bbox=(909,493,1011,515) mode=compact look=P1 placement=above ring=0 hardPx2=0 softPx2=0 order=4 bound=1
2026.09.30-16.22.11 TAG fighter=f-0-sk0 bbox=(1232,385,1316,407) mode=compact look=P1 placement=above ring=0 hardPx2=0 softPx2=0 order=3 bound=1
2026.09.30-16.22.11 TAG fighter=f-0-sk1 bbox=(918,264,1002,286) mode=compact look=P1 placement=above ring=0 hardPx2=0 softPx2=0 order=1 bound=1
2026.09.30-16.22.11 TAG fighter=f-0-sk2 bbox=(761,385,845,407) mode=compact look=P1 placement=above ring=0 hardPx2=0 softPx2=0 order=2 bound=1
2026.09.30-16.22.11 TAG fighter=f-1-hero bbox=(652,513,745,535) mode=compact look=P2 placement=left ring=0 hardPx2=0 softPx2=0 order=0 bound=1
2026.09.30-16.22.11 TAG fighter=f-1-sk0 bbox=(1242,507,1326,529) mode=compact look=P2 placement=above ring=0 hardPx2=0 softPx2=0 order=5 bound=1
2026.09.30-16.22.11 ICON fighter=f-1-hero bbox=(850,543,882,575) size=32 src=combat anchor=right fallback=0 overlapPx2=0 texture=/Game/ArtTests/ARTMarkers/Textures/T_UI_Action_AttackToken_32
2026.09.30-16.22.12 SNAPSHOT applied seq=112 phase=COMBAT_RESOLVE
2026.09.30-16.22.12 HANDLE_APPLIED #165 seq=112 decision=2 fightersValid=1 boardValid=1
2026.09.30-16.22.12 ARTPREVIEW anim fighter=f-0-hero clip=LungeAttack len=0.583 event=attack loop=0 phase=0.0000 seq=112 asset=AM_Medusa_LungeAttack
2026.09.30-16.22.12 closed mode=
2026.09.30-16.22.12 MODE seq=112 mode=5 combat=1 pending=0
2026.09.30-16.22.12 HUD seq=112 phase=COMBAT_RESOLVE turn=you hand=3 oppHand=6(hidden) oppDeck=3~ deck=8~ discard=19
2026.09.30-16.22.12 ARTPREVIEW fighter=Medusa hero=1 eligible=0 visual=1 mesh=SK_Medusa_H2LD
2026.09.30-16.22.12 FIGHTERS synced n=6 alive=6 own=4 enemy=2
2026.09.30-16.22.12 WS seq=112 phase=COMBAT_RESOLVE (apply)
2026.09.30-16.22.12 S09AUTO drive mode=5 plan=[attack] phase=COMBAT_RESOLVE turn=cmukie55u0000wiao06h107t9
2026.09.30-16.22.12 TAG fighter=f-0-hero bbox=(909,493,1011,515) mode=compact look=P1 placement=above ring=0 hardPx2=0 softPx2=0 order=4 bound=1
2026.09.30-16.22.12 TAG fighter=f-0-sk0 bbox=(1232,385,1316,407) mode=compact look=P1 placement=above ring=0 hardPx2=0 softPx2=0 order=3 bound=1
2026.09.30-16.22.12 TAG fighter=f-0-sk1 bbox=(918,264,1002,286) mode=compact look=P1 placement=above ring=0 hardPx2=0 softPx2=0 order=1 bound=1
2026.09.30-16.22.12 TAG fighter=f-0-sk2 bbox=(761,385,845,407) mode=compact look=P1 placement=above ring=0 hardPx2=0 softPx2=0 order=2 bound=1
2026.09.30-16.22.12 TAG fighter=f-1-hero bbox=(652,513,745,535) mode=compact look=P2 placement=left ring=0 hardPx2=0 softPx2=0 order=0 bound=1
2026.09.30-16.22.12 TAG fighter=f-1-sk0 bbox=(1242,507,1326,529) mode=compact look=P2 placement=above ring=0 hardPx2=0 softPx2=0 order=5 bound=1
2026.09.30-16.22.12 ICON fighter=f-1-hero bbox=(850,543,882,575) size=32 src=combat anchor=right fallback=0 overlapPx2=0 texture=/Game/ArtTests/ARTMarkers/Textures/T_UI_Action_AttackToken_32
2026.09.30-16.22.12 SNAPSHOT applied seq=113 phase=GAME_OVER
2026.09.30-16.22.12 HANDLE_APPLIED #166 seq=113 decision=2 fightersValid=1 boardValid=1
2026.09.30-16.22.12 COMBAT-RESULT seq=113 damage=1 role=attacked
2026.09.30-16.22.12 ARTPREVIEW combat marker fighter=Medusa attacker=0 target=0 icon=0 targetMesh=SM_Marker_TargetRing iconMode=screen targetArcScaleXY=0.920
2026.09.30-16.22.12 ARTPREVIEW combat marker fighter=King Arthur attacker=0 target=0 icon=0 targetMesh=SM_Marker_TargetRing iconMode=screen targetArcScaleXY=0.920
2026.09.30-16.22.12 closed mode=
2026.09.30-16.22.12 MODE seq=113 mode=0 combat=1 pending=0
2026.09.30-16.22.12 RESULT seq=113 outcome=VICTORY winner=Medusa
2026.09.30-16.22.12 HUD seq=113 phase=GAME_OVER turn=you hand=3 oppHand=6(hidden) oppDeck=3~ deck=8~ discard=19
2026.09.30-16.22.12 ARTPREVIEW fighter=Medusa hero=1 eligible=0 visual=1 mesh=SK_Medusa_H2LD
2026.09.30-16.22.12 ARTPREVIEW anim fighter=f-1-hero clip=DeathSettle len=0.875 event=defeated loop=0 phase=0.0000 seq=-1 asset=AM_KingArthur_DeathSettle
2026.09.30-16.22.12 ARTPREVIEW anim fighter=f-1-hero death hold=2.875
2026.09.30-16.22.12 FIGHTERS synced n=6 alive=5 own=4 enemy=1
2026.09.30-16.22.12 ARTPREVIEW damage-number fighter=f-1-hero amount=1 seq=113 cell=(1,3)
2026.09.30-16.22.12 CUE damage f-1-hero -1 seq=113
2026.09.30-16.22.12 WS seq=113 phase=GAME_OVER (apply)
2026.09.30-16.22.12 HUD icon hidden fighter=f-1-hero
2026.09.30-16.22.12 ARTPREVIEW anim fighter=f-0-hero clip=Idle len=2.333 event=clipFinished loop=1 phase=0.8071 seq=-1 asset=AM_Medusa_Idle
2026.09.30-16.22.12 PERF window t=75.3-80.4 frames=151 fps=30.00 frameMs avg=33.33 p50=33.33 p95=33.33 p99=33.33 max=33.34 hitches50=0 gpuMs avg=1.84 p50=1.83 p95=1.98 gameMs avg=3.26 p95=14.95 renderMs avg=3.03 p95=3.65
2026.09.30-16.22.13 game -> room=cmuobaygt00wzwircvdqcyy4s code=<redacted> status=FINISHED
2026.09.30-16.22.14 S09AUTO result-screen shot
2026.09.30-16.22.14 SHOT ctx viewport=1920x1080 viewTarget=CameraActor_2147482348 cam=(0,1107,1582) rot=(-55,-90,0)
2026.09.30-16.22.14 RENDER tag=SHOT rhi=D3D12 featureLevel=SM6 shaderPlatform=PCD3D_SM6 lumenPlatform=1 gi=lumen giMethod=1 refl=lumen reflMethod=1 shadows=csm vsmEnable=0 sg.res=100 sg.view=2 sg.aa=2 sg.shadow=2 sg.gi=2 sg.refl=2 sg.pp=2 sg.tex=2 sg.fx=2 sg.foliage=2 sg.shading=2 sg.landscape=2 preset=High screenPct=100.0 screenPctMode=0 aa=TSR aaMethod=4 exposure=fixed-histogram expMin=4.14106 expMax=4.14106 expBias=0.000 ev100=2.05 lightUnits=candelas sky=1 skyIntensity=11.200 keyShadow=csm-3000uu-2c-contact0.000 shadowCasters=1 profile=cobble-probe profilesSha256=1ecc1e9281845655acf8b31f1dcf52a7510abfc8ba8505525ad72ee8f4ce3c4c profilesSource=pak legacyRender=0 gameLayer=unlit-eyeadaptinv tMaxFPS=30.0 vsync=0 frameRateLimit=60.0 substrate=0 nanite=1 meshDF=1 viewport=1920x1080 reference=1
2026.09.30-16.22.14 SHOT fighter f-0-hero pos=(2,3) world=(0,50,0) screen=(960,606) projected=1 alive=1
2026.09.30-16.22.14 SHOT fighter f-0-sk0 pos=(4,2) world=(200,-50,0) screen=(1271,476) projected=1 alive=1
2026.09.30-16.22.14 SHOT fighter f-0-sk1 pos=(2,1) world=(0,-150,0) screen=(960,355) projected=1 alive=1
2026.09.30-16.22.14 SHOT fighter f-0-sk2 pos=(1,2) world=(-100,-50,0) screen=(805,476) projected=1 alive=1
2026.09.30-16.22.14 SHOT fighter f-1-hero pos=(1,3) world=(-100,50,0) screen=(800,606) projected=1 alive=0
2026.09.30-16.22.14 SHOT fighter f-1-sk0 pos=(4,3) world=(200,50,0) screen=(1280,606) projected=1 alive=1
2026.09.30-16.22.14 SHOT camera dist=1930.8 target=1930.8 overview=1930.8 errPct=0.000 focusErr=0.00 settled=1 zoom=1.00
2026.09.30-16.22.14 SHOT head fighter=f-0-hero socket=Head mesh=SK_Medusa_H2LD world=(-0.2,48.7,47.1) screen=(959.8,561.1) top=(959.8,555.5) bottom=(959.8,566.6) headPx=11.1 projected=1
2026.09.30-16.22.14 SHOT head fighter=f-0-sk0 socket=Head mesh=SK_Harpy_H3LD world=(199.7,-45.1,34.3) screen=(1275.2,450.6) top=(1276.0,444.9) bottom=(1274.4,456.3) headPx=11.4 projected=1
2026.09.30-16.22.14 SHOT head fighter=f-0-sk1 socket=Head mesh=SK_Harpy_H3LD world=(-0.7,-144.7,34.0) screen=(958.9,328.3) top=(958.8,322.5) bottom=(958.9,334.1) headPx=11.6 projected=1
2026.09.30-16.22.14 SHOT head fighter=f-0-sk2 socket=Head mesh=SK_Harpy_H3LD world=(-100.3,-44.8,34.0) screen=(801.7,451.4) top=(801.3,445.7) bottom=(802.1,457.0) headPx=11.3 projected=1
2026.09.30-16.22.14 SHOT head fighter=f-1-hero socket=Head mesh=SK_KingArthur_H2LD world=(-90.2,38.8,45.5) screen=(813.2,549.3) top=(812.8,543.7) bottom=(813.6,554.8) headPx=11.2 projected=1
2026.09.30-16.22.14 SHOT head fighter=f-1-sk0 socket=Head mesh=SK_Merlin_H2LD world=(200.1,47.3,36.7) screen=(1285.2,568.8) top=(1286.0,563.2) bottom=(1284.3,574.3) headPx=11.2 projected=1
2026.09.30-16.22.14 SHOT figure fighter=f-0-hero bbox=(913,517,1007,644) ringR=28.50 art=1 blockout=0 team=P1 look=P1 ring=1
2026.09.30-16.22.14 SHOT figure fighter=f-0-sk0 bbox=(1234,409,1314,504) ringR=22.23 art=1 blockout=0 team=P1 look=P1 ring=1
2026.09.30-16.22.14 SHOT figure fighter=f-0-sk1 bbox=(926,288,994,381) ringR=22.23 art=1 blockout=0 team=P1 look=P1 ring=1
2026.09.30-16.22.14 SHOT figure fighter=f-0-sk2 bbox=(765,409,840,504) ringR=22.23 art=1 blockout=0 team=P1 look=P1 ring=1
2026.09.30-16.22.14 SHOT figure fighter=f-1-sk0 bbox=(1243,531,1326,635) ringR=22.23 art=1 blockout=0 team=P2 look=P2 ring=1
2026.09.30-16.22.14 SHOT request file=s09-result-screen.png frame=2422
2026.09.30-16.22.14 SHOT requested: FScreenshotRequest(bShowUI) -> C:\Users\ren\AppData\Local\Temp\s09-combat-20260930-212050-4920\host/s09-result-screen.png
2026.09.30-16.22.14 SHOT captured file=s09-result-screen.png frame=2422 px=1920x1080 sha256=8de071dccceccbc10cc81c80f4df464647150afbbd4b0de44bee5323f1953b03 order=BGRA saved=1
2026.09.30-16.22.14 SHOT late begin file=s09-result-screen.png frame=2422 requestFrame=2422
2026.09.30-16.22.14 SHOT iconstate visible=0 lastFighter=none frame=2422
2026.09.30-16.22.14 SHOT panel id=hud.command bbox=(0,0,554,236) geom=painted visible=1 frame=2422
2026.09.30-16.22.14 SHOT panel id=hud.side bbox=(1884,0,1920,28) geom=painted visible=1 frame=2422
2026.09.30-16.22.14 SHOT panel id=hud.hand bbox=(950,1060,970,1080) geom=painted visible=1 frame=2422
2026.09.30-16.22.14 SHOT late end file=s09-result-screen.png frame=2422
2026.09.30-16.22.14 RESULT lobby-return sent (leaveGame)
2026.09.30-16.22.14 LEFT room=cmuobaygt00wzwircvdqcyy4s
2026.09.30-16.22.14 GAMEPLAY HUD cleared (left Started)
2026.09.30-16.22.14 STREAM torn down (left match)
2026.09.30-16.22.17 PERF window t=80.4-85.4 frames=146 fps=29.18 frameMs avg=34.27 p50=33.33 p95=33.33 p99=33.35 max=170.34 hitches50=1 gpuMs avg=1.47 p50=1.31 p95=1.89 gameMs avg=2.30 p95=1.62 renderMs avg=2.53 p95=3.62
2026.09.30-16.22.18 S09AUTO lobby-return shot
2026.09.30-16.22.18 SHOT ctx viewport=1920x1080 viewTarget=CameraActor_2147482348 cam=(0,1107,1582) rot=(-55,-90,0)
2026.09.30-16.22.18 RENDER tag=SHOT rhi=D3D12 featureLevel=SM6 shaderPlatform=PCD3D_SM6 lumenPlatform=1 gi=lumen giMethod=1 refl=lumen reflMethod=1 shadows=csm vsmEnable=0 sg.res=100 sg.view=2 sg.aa=2 sg.shadow=2 sg.gi=2 sg.refl=2 sg.pp=2 sg.tex=2 sg.fx=2 sg.foliage=2 sg.shading=2 sg.landscape=2 preset=High screenPct=100.0 screenPctMode=0 aa=TSR aaMethod=4 exposure=engine-default expMin=1.00000 expMax=1.00000 expBias=1.000 ev100=0.00 lightUnits=- sky=0 skyIntensity=0.000 keyShadow=- shadowCasters=0 profile=- profilesSha256=- profilesSource=- legacyRender=0 gameLayer=unlit-eyeadaptinv tMaxFPS=30.0 vsync=0 frameRateLimit=60.0 substrate=0 nanite=1 meshDF=1 viewport=1920x1080 reference=0 notReference=noArtProfile,exposure,lightUnits,profilesSource
2026.09.30-16.22.18 SHOT request file=s09-lobby-return.png frame=2543
2026.09.30-16.22.18 SHOT requested: FScreenshotRequest(bShowUI) -> C:\Users\ren\AppData\Local\Temp\s09-combat-20260930-212050-4920\host/s09-lobby-return.png
2026.09.30-16.22.18 SHOT captured file=s09-lobby-return.png frame=2543 px=1920x1080 sha256=b7b50fbef384e2182b405f6ead747a9778dd66802c65c80a448bd9313f66de17 order=BGRA saved=1
2026.09.30-16.22.18 SHOT late begin file=s09-lobby-return.png frame=2543 requestFrame=2543
2026.09.30-16.22.18 SHOT late end file=s09-lobby-return.png frame=2543
2026.09.30-16.22.18 S09AUTO duel flow complete (GAME_OVER -> result shown -> lobby return) - exiting
2026.09.30-16.22.18 --- S08 trace close ---
