2026.09.26-05.46.17 --- S08 trace open 2026.09.26-05.46.17 ---
2026.09.26-05.46.17 S09AUTO config flow=1 boost=0 shotDir=C:\Users\ren\AppData\Local\Temp\s09-pending-20260926-104611-208548\joiner
2026.09.26-05.46.17 LOGIN ok user=s09-gd034-joiner
2026.09.26-05.46.20 HEROES loaded 84
2026.09.26-05.46.20 CODE resolved -> cmuhyvdcn00nnwiscdzbgu0ap
2026.09.26-05.46.20 joinGame -> room=cmuhyvdcn00nnwiscdzbgu0ap code=<redacted> status=LOBBY
2026.09.26-05.46.23 game -> room=cmuhyvdcn00nnwiscdzbgu0ap code=<redacted> status=LOBBY
2026.09.26-05.46.23 selectHero -> room=cmuhyvdcn00nnwiscdzbgu0ap code=<redacted> status=LOBBY
2026.09.26-05.46.26 game -> room=cmuhyvdcn00nnwiscdzbgu0ap code=<redacted> status=LOBBY
2026.09.26-05.46.26 toggleReady -> room=cmuhyvdcn00nnwiscdzbgu0ap code=<redacted> status=LOBBY
2026.09.26-05.46.29 game -> room=cmuhyvdcn00nnwiscdzbgu0ap code=<redacted> status=LOBBY
2026.09.26-05.46.32 game -> room=cmuhyvdcn00nnwiscdzbgu0ap code=<redacted> status=IN_PROGRESS
2026.09.26-05.46.32 S09AUTO drive mode=0 plan=[defend+resolve+scheme] phase= turn=
2026.09.26-05.46.32 SNAPSHOT applied seq=4 phase=ACTION_MANEUVER
2026.09.26-05.46.32 HANDLE_APPLIED #1 seq=4 decision=2 fightersValid=1 boardValid=1
2026.09.26-05.46.32 MODE seq=4 mode=0 combat=0 pending=0
2026.09.26-05.46.32 HUD seq=4 phase=ACTION_MANEUVER turn=opp hand=5 oppHand=5(hidden) oppDeck=24 deck=25 discard=0
2026.09.26-05.46.32 CAMERA dist=1931 loc=(0,1107,1582) pitch=-55 yaw=-90
2026.09.26-05.46.32 BOARD 5x6 cells | control points: (0,0)=(-200,-250,0) (4,5)=(200,250,0) | neighbor pair (dist 100 uu)
2026.09.26-05.46.32 FIGHTERS synced n=6 alive=6 own=2 enemy=4
2026.09.26-05.46.32 STATE seq=4 -> apply
2026.09.26-05.46.32 SUBSCRIBED gameStateUpdated since=4
2026.09.26-05.46.33 SNAPSHOT applied seq=5 phase=ACTION_MANEUVER
2026.09.26-05.46.33 HANDLE_APPLIED #2 seq=5 decision=2 fightersValid=1 boardValid=1
2026.09.26-05.46.33 MODE seq=5 mode=0 combat=0 pending=0
2026.09.26-05.46.33 HUD seq=5 phase=ACTION_MANEUVER turn=you hand=5 oppHand=5(hidden) oppDeck=24~ deck=25~ discard=0
2026.09.26-05.46.33 FIGHTERS synced n=6 alive=6 own=2 enemy=4
2026.09.26-05.46.33 WS seq=5 phase=ACTION_MANEUVER (apply)
2026.09.26-05.46.33 S09AUTO own turn #0 (turnCount=2)
2026.09.26-05.46.33 S09AUTO scheme
2026.09.26-05.46.33 SNAPSHOT applied seq=6 phase=ACTION_MANEUVER
2026.09.26-05.46.33 HANDLE_APPLIED #3 seq=6 decision=2 fightersValid=1 boardValid=1
2026.09.26-05.46.33 closed mode=
2026.09.26-05.46.33 MODE seq=6 mode=6 combat=0 pending=1
2026.09.26-05.46.33 HUD seq=6 phase=ACTION_MANEUVER turn=you hand=4 oppHand=5(hidden) oppDeck=24~ deck=25~ discard=1
2026.09.26-05.46.33 FIGHTERS synced n=6 alive=6 own=2 enemy=4
2026.09.26-05.46.33 WS seq=6 phase=ACTION_MANEUVER (apply)
2026.09.26-05.46.33 SNAPSHOT applied seq=6 phase=ACTION_MANEUVER
2026.09.26-05.46.33 HANDLE_APPLIED #4 seq=6 decision=1 fightersValid=1 boardValid=1
2026.09.26-05.46.33 MODE seq=6 mode=6 combat=0 pending=1
2026.09.26-05.46.33 HUD seq=6 phase=ACTION_MANEUVER turn=you hand=4 oppHand=5(hidden) oppDeck=24 deck=21 discard=1
2026.09.26-05.46.33 FIGHTERS synced n=6 alive=6 own=2 enemy=4
2026.09.26-05.46.33 SCHEME done seq=6 (merge) phase=ACTION_MANEUVER
2026.09.26-05.46.34 S09AUTO drive mode=6 plan=[defend+resolve+scheme] phase=ACTION_MANEUVER turn=cmuhntiwu0001wib0z281rpa8
2026.09.26-05.46.34 S09AUTO pending-open shot (type=DECK_TOP_PICK stage=0 mode=PICK)
2026.09.26-05.46.34 SHOT ctx viewport=1280x720 viewTarget=CameraActor_2147482375 cam=(0,1107,1582) rot=(-55,-90,0)
2026.09.26-05.46.34 SHOT fighter f-0-hero pos=(2,2) world=(0,-50,0) screen=(640,318) projected=1 alive=1
2026.09.26-05.46.34 SHOT fighter f-0-sk0 pos=(3,2) world=(100,-50,0) screen=(744,318) projected=1 alive=1
2026.09.26-05.46.34 SHOT fighter f-0-sk1 pos=(2,1) world=(0,-150,0) screen=(640,236) projected=1 alive=1
2026.09.26-05.46.34 SHOT fighter f-0-sk2 pos=(1,2) world=(-100,-50,0) screen=(536,318) projected=1 alive=1
2026.09.26-05.46.34 SHOT fighter f-1-hero pos=(2,3) world=(0,50,0) screen=(640,404) projected=1 alive=1
2026.09.26-05.46.34 SHOT fighter f-1-sk0 pos=(3,3) world=(100,50,0) screen=(747,404) projected=1 alive=1
2026.09.26-05.46.34 SHOT requested: FScreenshotRequest(bShowUI) -> C:\Users\ren\AppData\Local\Temp\s09-pending-20260926-104611-208548\joiner/s09-pending-DECK_TOP_PICK-PICK.png
2026.09.26-05.46.34 S09AUTO pending picked (type=DECK_TOP_PICK stage=0)
2026.09.26-05.46.34 PEND-RESOLVE sent type=DECK_TOP_PICK stage=0 id=cmuhgvghx00ogwi9g6yhna6m8-fullText-0-p0
2026.09.26-05.46.34 SNAPSHOT applied seq=7 phase=ACTION_MANEUVER
2026.09.26-05.46.34 HANDLE_APPLIED #5 seq=7 decision=2 fightersValid=1 boardValid=1
2026.09.26-05.46.34 MODE seq=7 mode=6 combat=0 pending=1
2026.09.26-05.46.34 HUD seq=7 phase=ACTION_MANEUVER turn=you hand=6 oppHand=5(hidden) oppDeck=24~ deck=21~ discard=1
2026.09.26-05.46.34 FIGHTERS synced n=6 alive=6 own=2 enemy=4
2026.09.26-05.46.34 WS seq=7 phase=ACTION_MANEUVER (apply)
2026.09.26-05.46.34 SNAPSHOT applied seq=7 phase=ACTION_MANEUVER
2026.09.26-05.46.34 HANDLE_APPLIED #6 seq=7 decision=1 fightersValid=1 boardValid=1
2026.09.26-05.46.34 MODE seq=7 mode=6 combat=0 pending=1
2026.09.26-05.46.34 HUD seq=7 phase=ACTION_MANEUVER turn=you hand=6 oppHand=5(hidden) oppDeck=24 deck=21 discard=1
2026.09.26-05.46.34 FIGHTERS synced n=6 alive=6 own=2 enemy=4
2026.09.26-05.46.34 PEND resolve done seq=7 (merge) phase=ACTION_MANEUVER
2026.09.26-05.46.34 S09AUTO pending-open shot (type=DECK_TOP_PICK stage=0 mode=ORDER)
2026.09.26-05.46.34 SHOT ctx viewport=1280x720 viewTarget=CameraActor_2147482375 cam=(0,1107,1582) rot=(-55,-90,0)
2026.09.26-05.46.34 SHOT fighter f-0-hero pos=(2,2) world=(0,-50,0) screen=(640,318) projected=1 alive=1
2026.09.26-05.46.34 SHOT fighter f-0-sk0 pos=(3,2) world=(100,-50,0) screen=(744,318) projected=1 alive=1
2026.09.26-05.46.34 SHOT fighter f-0-sk1 pos=(2,1) world=(0,-150,0) screen=(640,236) projected=1 alive=1
2026.09.26-05.46.34 SHOT fighter f-0-sk2 pos=(1,2) world=(-100,-50,0) screen=(536,318) projected=1 alive=1
2026.09.26-05.46.34 SHOT fighter f-1-hero pos=(2,3) world=(0,50,0) screen=(640,404) projected=1 alive=1
2026.09.26-05.46.34 SHOT fighter f-1-sk0 pos=(3,3) world=(100,50,0) screen=(747,404) projected=1 alive=1
2026.09.26-05.46.34 SHOT requested: FScreenshotRequest(bShowUI) -> C:\Users\ren\AppData\Local\Temp\s09-pending-20260926-104611-208548\joiner/s09-pending-DECK_TOP_PICK-ORDER.png
2026.09.26-05.46.34 S09AUTO pending picked (type=DECK_TOP_PICK stage=0)
2026.09.26-05.46.34 PEND-RESOLVE sent type=DECK_TOP_PICK stage=0 id=cmuhgvghx00ogwi9g6yhna6m8-fullText-0-p0-order
2026.09.26-05.46.34 SNAPSHOT applied seq=8 phase=ACTION_MANEUVER
2026.09.26-05.46.34 HANDLE_APPLIED #7 seq=8 decision=2 fightersValid=1 boardValid=1
2026.09.26-05.46.34 closed mode=
2026.09.26-05.46.34 MODE seq=8 mode=0 combat=0 pending=0
2026.09.26-05.46.34 HUD seq=8 phase=ACTION_MANEUVER turn=you hand=6 oppHand=5(hidden) oppDeck=24~ deck=21~ discard=1
2026.09.26-05.46.34 FIGHTERS synced n=6 alive=6 own=2 enemy=4
2026.09.26-05.46.34 WS seq=8 phase=ACTION_MANEUVER (apply)
2026.09.26-05.46.34 SNAPSHOT applied seq=8 phase=ACTION_MANEUVER
2026.09.26-05.46.34 HANDLE_APPLIED #8 seq=8 decision=1 fightersValid=1 boardValid=1
2026.09.26-05.46.34 MODE seq=8 mode=0 combat=0 pending=0
2026.09.26-05.46.34 HUD seq=8 phase=ACTION_MANEUVER turn=you hand=6 oppHand=5(hidden) oppDeck=24 deck=23 discard=1
2026.09.26-05.46.34 FIGHTERS synced n=6 alive=6 own=2 enemy=4
2026.09.26-05.46.34 PEND resolve done seq=8 (merge) phase=ACTION_MANEUVER
2026.09.26-05.46.34 S09AUTO drive mode=0 plan=[defend+resolve+scheme] phase=ACTION_MANEUVER turn=cmuhntiwu0001wib0z281rpa8
2026.09.26-05.46.34 S09AUTO scheme
2026.09.26-05.46.34 SNAPSHOT applied seq=9 phase=ACTION_MANEUVER
2026.09.26-05.46.34 HANDLE_APPLIED #9 seq=9 decision=2 fightersValid=1 boardValid=1
2026.09.26-05.46.34 closed mode=
2026.09.26-05.46.34 MODE seq=9 mode=6 combat=0 pending=1
2026.09.26-05.46.34 HUD seq=9 phase=ACTION_MANEUVER turn=you hand=5 oppHand=5(hidden) oppDeck=24~ deck=23~ discard=2
2026.09.26-05.46.34 FIGHTERS synced n=6 alive=6 own=2 enemy=4
2026.09.26-05.46.34 WS seq=9 phase=ACTION_MANEUVER (apply)
2026.09.26-05.46.34 SNAPSHOT applied seq=9 phase=ACTION_MANEUVER
2026.09.26-05.46.34 HANDLE_APPLIED #10 seq=9 decision=1 fightersValid=1 boardValid=1
2026.09.26-05.46.34 MODE seq=9 mode=6 combat=0 pending=1
2026.09.26-05.46.34 HUD seq=9 phase=ACTION_MANEUVER turn=you hand=5 oppHand=5(hidden) oppDeck=24 deck=23 discard=2
2026.09.26-05.46.34 FIGHTERS synced n=6 alive=6 own=2 enemy=4
2026.09.26-05.46.34 SCHEME done seq=9 (merge) phase=ACTION_MANEUVER
2026.09.26-05.46.36 S09AUTO drive mode=6 plan=[defend+resolve+scheme] phase=ACTION_MANEUVER turn=cmuhntiwu0001wib0z281rpa8
2026.09.26-05.46.36 S09AUTO pending-open shot (type=CHOOSE_SPACE stage=1 mode=)
2026.09.26-05.46.36 SHOT ctx viewport=1280x720 viewTarget=CameraActor_2147482375 cam=(0,1107,1582) rot=(-55,-90,0)
2026.09.26-05.46.36 SHOT fighter f-0-hero pos=(2,2) world=(0,-50,0) screen=(640,318) projected=1 alive=1
2026.09.26-05.46.36 SHOT fighter f-0-sk0 pos=(3,2) world=(100,-50,0) screen=(744,318) projected=1 alive=1
2026.09.26-05.46.36 SHOT fighter f-0-sk1 pos=(2,1) world=(0,-150,0) screen=(640,236) projected=1 alive=1
2026.09.26-05.46.36 SHOT fighter f-0-sk2 pos=(1,2) world=(-100,-50,0) screen=(536,318) projected=1 alive=1
2026.09.26-05.46.36 SHOT fighter f-1-hero pos=(2,3) world=(0,50,0) screen=(640,404) projected=1 alive=1
2026.09.26-05.46.36 SHOT fighter f-1-sk0 pos=(3,3) world=(100,50,0) screen=(747,404) projected=1 alive=1
2026.09.26-05.46.36 SHOT requested: FScreenshotRequest(bShowUI) -> C:\Users\ren\AppData\Local\Temp\s09-pending-20260926-104611-208548\joiner/s09-pending-CHOOSE_SPACE.png
2026.09.26-05.46.36 S09AUTO pending picked (type=CHOOSE_SPACE stage=1)
2026.09.26-05.46.36 PEND-RESOLVE sent type=CHOOSE_SPACE stage=1 id=cmuhgvgi700p2wi9ggby5v41n-fullText-0-p0
2026.09.26-05.46.36 SNAPSHOT applied seq=10 phase=ACTION_MANEUVER
2026.09.26-05.46.36 HANDLE_APPLIED #11 seq=10 decision=2 fightersValid=1 boardValid=1
2026.09.26-05.46.36 MODE seq=10 mode=6 combat=0 pending=1
2026.09.26-05.46.36 HUD seq=10 phase=ACTION_MANEUVER turn=you hand=5 oppHand=5(hidden) oppDeck=24~ deck=23~ discard=2
2026.09.26-05.46.36 FIGHTERS synced n=6 alive=6 own=2 enemy=4
2026.09.26-05.46.36 WS seq=10 phase=ACTION_MANEUVER (apply)
2026.09.26-05.46.36 SNAPSHOT applied seq=10 phase=ACTION_MANEUVER
2026.09.26-05.46.36 HANDLE_APPLIED #12 seq=10 decision=1 fightersValid=1 boardValid=1
2026.09.26-05.46.36 MODE seq=10 mode=6 combat=0 pending=1
2026.09.26-05.46.36 HUD seq=10 phase=ACTION_MANEUVER turn=you hand=5 oppHand=5(hidden) oppDeck=24 deck=23 discard=2
2026.09.26-05.46.36 FIGHTERS synced n=6 alive=6 own=2 enemy=4
2026.09.26-05.46.36 PEND resolve done seq=10 (merge) phase=ACTION_MANEUVER
2026.09.26-05.46.36 S09AUTO pending-open shot (type=CHOOSE_SPACE stage=2 mode=)
2026.09.26-05.46.36 SHOT ctx viewport=1280x720 viewTarget=CameraActor_2147482375 cam=(0,1107,1582) rot=(-55,-90,0)
2026.09.26-05.46.36 SHOT fighter f-0-hero pos=(2,2) world=(0,-50,0) screen=(640,318) projected=1 alive=1
2026.09.26-05.46.36 SHOT fighter f-0-sk0 pos=(3,2) world=(100,-50,0) screen=(744,318) projected=1 alive=1
2026.09.26-05.46.36 SHOT fighter f-0-sk1 pos=(2,1) world=(0,-150,0) screen=(640,236) projected=1 alive=1
2026.09.26-05.46.36 SHOT fighter f-0-sk2 pos=(1,2) world=(-100,-50,0) screen=(536,318) projected=1 alive=1
2026.09.26-05.46.36 SHOT fighter f-1-hero pos=(2,3) world=(0,50,0) screen=(640,404) projected=1 alive=1
2026.09.26-05.46.36 SHOT fighter f-1-sk0 pos=(3,3) world=(100,50,0) screen=(747,404) projected=1 alive=1
2026.09.26-05.46.36 SHOT requested: FScreenshotRequest(bShowUI) -> C:\Users\ren\AppData\Local\Temp\s09-pending-20260926-104611-208548\joiner/s09-pending-CHOOSE_SPACE-s2.png
2026.09.26-05.46.36 S09AUTO pending picked (type=CHOOSE_SPACE stage=2)
2026.09.26-05.46.36 PEND-RESOLVE sent type=CHOOSE_SPACE stage=2 id=cmuhgvgi700p2wi9ggby5v41n-fullText-0-p0
2026.09.26-05.46.36 SNAPSHOT applied seq=11 phase=ACTION_MANEUVER
2026.09.26-05.46.36 HANDLE_APPLIED #13 seq=11 decision=2 fightersValid=1 boardValid=1
2026.09.26-05.46.36 closed mode=
2026.09.26-05.46.36 MODE seq=11 mode=0 combat=0 pending=0
2026.09.26-05.46.36 HUD seq=11 phase=ACTION_MANEUVER turn=opp hand=5 oppHand=5(hidden) oppDeck=24~ deck=23~ discard=2
2026.09.26-05.46.36 FIGHTERS synced n=6 alive=6 own=2 enemy=4
2026.09.26-05.46.36 WS seq=11 phase=ACTION_MANEUVER (apply)
2026.09.26-05.46.36 SNAPSHOT applied seq=11 phase=ACTION_MANEUVER
2026.09.26-05.46.36 HANDLE_APPLIED #14 seq=11 decision=1 fightersValid=1 boardValid=1
2026.09.26-05.46.36 MODE seq=11 mode=0 combat=0 pending=0
2026.09.26-05.46.36 HUD seq=11 phase=ACTION_MANEUVER turn=opp hand=5 oppHand=5(hidden) oppDeck=24 deck=23 discard=2
2026.09.26-05.46.36 FIGHTERS synced n=6 alive=6 own=2 enemy=4
2026.09.26-05.46.36 PEND resolve done seq=11 (merge) phase=ACTION_MANEUVER
2026.09.26-05.46.36 S09AUTO drive mode=0 plan=[defend+resolve+scheme] phase=ACTION_MANEUVER turn=cmuhntivg0000wib0anhqyswc
2026.09.26-05.46.36 SNAPSHOT applied seq=12 phase=ACTION_MANEUVER
2026.09.26-05.46.36 HANDLE_APPLIED #15 seq=12 decision=2 fightersValid=1 boardValid=1
2026.09.26-05.46.36 MODE seq=12 mode=0 combat=0 pending=0
2026.09.26-05.46.36 HUD seq=12 phase=ACTION_MANEUVER turn=opp hand=5 oppHand=6(hidden) oppDeck=24~ deck=23~ discard=2
2026.09.26-05.46.36 FIGHTERS synced n=6 alive=6 own=2 enemy=4
2026.09.26-05.46.36 WS seq=12 phase=ACTION_MANEUVER (apply)
2026.09.26-05.46.36 SNAPSHOT applied seq=13 phase=ACTION_MANEUVER
2026.09.26-05.46.36 HANDLE_APPLIED #16 seq=13 decision=2 fightersValid=1 boardValid=1
2026.09.26-05.46.36 MODE seq=13 mode=0 combat=0 pending=0
2026.09.26-05.46.36 HUD seq=13 phase=ACTION_MANEUVER turn=opp hand=5 oppHand=6(hidden) oppDeck=24~ deck=23~ discard=2
2026.09.26-05.46.36 FIGHTERS synced n=6 alive=6 own=2 enemy=4
2026.09.26-05.46.36 WS seq=13 phase=ACTION_MANEUVER (apply)
2026.09.26-05.46.38 SNAPSHOT applied seq=14 phase=ACTION_MANEUVER
2026.09.26-05.46.38 HANDLE_APPLIED #17 seq=14 decision=2 fightersValid=1 boardValid=1
2026.09.26-05.46.38 MODE seq=14 mode=0 combat=0 pending=0
2026.09.26-05.46.38 HUD seq=14 phase=ACTION_MANEUVER turn=opp hand=5 oppHand=7(hidden) oppDeck=24~ deck=23~ discard=2
2026.09.26-05.46.38 FIGHTERS synced n=6 alive=6 own=2 enemy=4
2026.09.26-05.46.38 WS seq=14 phase=ACTION_MANEUVER (apply)
2026.09.26-05.46.38 SNAPSHOT applied seq=15 phase=ACTION_MANEUVER
2026.09.26-05.46.38 HANDLE_APPLIED #18 seq=15 decision=2 fightersValid=1 boardValid=1
2026.09.26-05.46.38 MODE seq=15 mode=0 combat=0 pending=0
2026.09.26-05.46.38 HUD seq=15 phase=ACTION_MANEUVER turn=you hand=5 oppHand=7(hidden) oppDeck=24~ deck=23~ discard=2
2026.09.26-05.46.38 FIGHTERS synced n=6 alive=6 own=2 enemy=4
2026.09.26-05.46.38 WS seq=15 phase=ACTION_MANEUVER (apply)
2026.09.26-05.46.38 S09AUTO own turn #1 (turnCount=4)
2026.09.26-05.46.38 S09AUTO scheme
2026.09.26-05.46.38 SNAPSHOT applied seq=16 phase=ACTION_MANEUVER
2026.09.26-05.46.38 HANDLE_APPLIED #19 seq=16 decision=2 fightersValid=1 boardValid=1
2026.09.26-05.46.38 closed mode=
2026.09.26-05.46.38 MODE seq=16 mode=6 combat=0 pending=1
2026.09.26-05.46.38 HUD seq=16 phase=ACTION_MANEUVER turn=you hand=4 oppHand=7(hidden) oppDeck=24~ deck=23~ discard=3
2026.09.26-05.46.38 FIGHTERS synced n=6 alive=6 own=2 enemy=4
2026.09.26-05.46.38 WS seq=16 phase=ACTION_MANEUVER (apply)
2026.09.26-05.46.38 SNAPSHOT applied seq=16 phase=ACTION_MANEUVER
2026.09.26-05.46.38 HANDLE_APPLIED #20 seq=16 decision=1 fightersValid=1 boardValid=1
2026.09.26-05.46.38 MODE seq=16 mode=6 combat=0 pending=1
2026.09.26-05.46.38 HUD seq=16 phase=ACTION_MANEUVER turn=you hand=4 oppHand=7(hidden) oppDeck=22 deck=23 discard=3
2026.09.26-05.46.38 FIGHTERS synced n=6 alive=6 own=2 enemy=4
2026.09.26-05.46.38 SCHEME done seq=16 (merge) phase=ACTION_MANEUVER
2026.09.26-05.46.39 S09AUTO drive mode=6 plan=[defend+resolve+scheme] phase=ACTION_MANEUVER turn=cmuhntiwu0001wib0z281rpa8
2026.09.26-05.46.39 S09AUTO pending-open shot (type=MOVE stage=0 mode=)
2026.09.26-05.46.39 SHOT ctx viewport=1280x720 viewTarget=CameraActor_2147482375 cam=(0,1107,1582) rot=(-55,-90,0)
2026.09.26-05.46.40 SHOT fighter f-0-hero pos=(2,2) world=(0,-50,0) screen=(640,318) projected=1 alive=1
2026.09.26-05.46.40 SHOT fighter f-0-sk0 pos=(3,2) world=(100,-50,0) screen=(744,318) projected=1 alive=1
2026.09.26-05.46.40 SHOT fighter f-0-sk1 pos=(2,1) world=(0,-150,0) screen=(640,236) projected=1 alive=1
2026.09.26-05.46.40 SHOT fighter f-0-sk2 pos=(1,2) world=(-100,-50,0) screen=(536,318) projected=1 alive=1
2026.09.26-05.46.40 SHOT fighter f-1-hero pos=(2,3) world=(0,50,0) screen=(640,404) projected=1 alive=1
2026.09.26-05.46.40 SHOT fighter f-1-sk0 pos=(3,3) world=(100,50,0) screen=(747,404) projected=1 alive=1
2026.09.26-05.46.40 SHOT requested: FScreenshotRequest(bShowUI) -> C:\Users\ren\AppData\Local\Temp\s09-pending-20260926-104611-208548\joiner/s09-pending-MOVE.png
2026.09.26-05.46.40 S09AUTO pending picked (type=MOVE stage=0)
2026.09.26-05.46.40 PEND-RESOLVE sent type=MOVE stage=0 id=cmuhgvgi100oowi9gxm86n50b-fullText-0-p0
2026.09.26-05.46.40 SNAPSHOT applied seq=17 phase=ACTION_MANEUVER
2026.09.26-05.46.40 HANDLE_APPLIED #21 seq=17 decision=2 fightersValid=1 boardValid=1
2026.09.26-05.46.40 MODE seq=17 mode=6 combat=0 pending=1
2026.09.26-05.46.40 HUD seq=17 phase=ACTION_MANEUVER turn=you hand=4 oppHand=7(hidden) oppDeck=22~ deck=23~ discard=3
2026.09.26-05.46.40 FIGHTERS synced n=6 alive=6 own=2 enemy=4
2026.09.26-05.46.40 WS seq=17 phase=ACTION_MANEUVER (apply)
2026.09.26-05.46.40 SNAPSHOT applied seq=17 phase=ACTION_MANEUVER
2026.09.26-05.46.40 HANDLE_APPLIED #22 seq=17 decision=1 fightersValid=1 boardValid=1
2026.09.26-05.46.40 MODE seq=17 mode=6 combat=0 pending=1
2026.09.26-05.46.40 HUD seq=17 phase=ACTION_MANEUVER turn=you hand=4 oppHand=7(hidden) oppDeck=22 deck=23 discard=3
2026.09.26-05.46.40 FIGHTERS synced n=6 alive=6 own=2 enemy=4
2026.09.26-05.46.40 PEND resolve done seq=17 (merge) phase=ACTION_MANEUVER
2026.09.26-05.46.40 S09AUTO pending picked (type=MOVE stage=0)
2026.09.26-05.46.40 PEND-RESOLVE sent type=MOVE stage=0 id=cmuhgvgi100oowi9gxm86n50b-fullText-0-p1
2026.09.26-05.46.40 SNAPSHOT applied seq=18 phase=ACTION_MANEUVER
2026.09.26-05.46.40 HANDLE_APPLIED #23 seq=18 decision=2 fightersValid=1 boardValid=1
2026.09.26-05.46.40 MODE seq=18 mode=6 combat=0 pending=1
2026.09.26-05.46.40 HUD seq=18 phase=ACTION_MANEUVER turn=you hand=4 oppHand=7(hidden) oppDeck=22~ deck=23~ discard=3
2026.09.26-05.46.40 FIGHTERS synced n=6 alive=6 own=2 enemy=4
2026.09.26-05.46.40 WS seq=18 phase=ACTION_MANEUVER (apply)
2026.09.26-05.46.40 SNAPSHOT applied seq=18 phase=ACTION_MANEUVER
2026.09.26-05.46.40 HANDLE_APPLIED #24 seq=18 decision=1 fightersValid=1 boardValid=1
2026.09.26-05.46.40 MODE seq=18 mode=6 combat=0 pending=1
2026.09.26-05.46.40 HUD seq=18 phase=ACTION_MANEUVER turn=you hand=4 oppHand=7(hidden) oppDeck=22 deck=23 discard=3
2026.09.26-05.46.40 FIGHTERS synced n=6 alive=6 own=2 enemy=4
2026.09.26-05.46.40 PEND resolve done seq=18 (merge) phase=ACTION_MANEUVER
2026.09.26-05.46.40 S09AUTO pending picked (type=MOVE stage=0)
2026.09.26-05.46.40 PEND-RESOLVE sent type=MOVE stage=0 id=cmuhgvgi100oowi9gxm86n50b-fullText-0-p2
2026.09.26-05.46.40 SNAPSHOT applied seq=19 phase=ACTION_MANEUVER
2026.09.26-05.46.40 HANDLE_APPLIED #25 seq=19 decision=2 fightersValid=1 boardValid=1
2026.09.26-05.46.40 MODE seq=19 mode=6 combat=0 pending=1
2026.09.26-05.46.40 HUD seq=19 phase=ACTION_MANEUVER turn=you hand=4 oppHand=7(hidden) oppDeck=22~ deck=23~ discard=3
2026.09.26-05.46.40 FIGHTERS synced n=6 alive=6 own=2 enemy=4
2026.09.26-05.46.40 WS seq=19 phase=ACTION_MANEUVER (apply)
2026.09.26-05.46.40 SNAPSHOT applied seq=19 phase=ACTION_MANEUVER
2026.09.26-05.46.40 HANDLE_APPLIED #26 seq=19 decision=1 fightersValid=1 boardValid=1
2026.09.26-05.46.40 MODE seq=19 mode=6 combat=0 pending=1
2026.09.26-05.46.40 HUD seq=19 phase=ACTION_MANEUVER turn=you hand=4 oppHand=7(hidden) oppDeck=22 deck=23 discard=3
2026.09.26-05.46.40 FIGHTERS synced n=6 alive=6 own=2 enemy=4
2026.09.26-05.46.40 PEND resolve done seq=19 (merge) phase=ACTION_MANEUVER
2026.09.26-05.46.40 S09AUTO pending picked (type=MOVE stage=0)
2026.09.26-05.46.40 PEND-RESOLVE sent type=MOVE stage=0 id=cmuhgvgi100oowi9gxm86n50b-fullText-0-p3
2026.09.26-05.46.40 SNAPSHOT applied seq=20 phase=ACTION_MANEUVER
2026.09.26-05.46.40 HANDLE_APPLIED #27 seq=20 decision=2 fightersValid=1 boardValid=1
2026.09.26-05.46.40 MODE seq=20 mode=6 combat=0 pending=1
2026.09.26-05.46.40 HUD seq=20 phase=ACTION_MANEUVER turn=you hand=4 oppHand=7(hidden) oppDeck=22~ deck=23~ discard=3
2026.09.26-05.46.40 FIGHTERS synced n=6 alive=6 own=2 enemy=4
2026.09.26-05.46.40 WS seq=20 phase=ACTION_MANEUVER (apply)
2026.09.26-05.46.40 SNAPSHOT applied seq=20 phase=ACTION_MANEUVER
2026.09.26-05.46.40 HANDLE_APPLIED #28 seq=20 decision=1 fightersValid=1 boardValid=1
2026.09.26-05.46.40 MODE seq=20 mode=6 combat=0 pending=1
2026.09.26-05.46.40 HUD seq=20 phase=ACTION_MANEUVER turn=you hand=4 oppHand=7(hidden) oppDeck=22 deck=23 discard=3
2026.09.26-05.46.40 FIGHTERS synced n=6 alive=6 own=2 enemy=4
2026.09.26-05.46.40 PEND resolve done seq=20 (merge) phase=ACTION_MANEUVER
2026.09.26-05.46.40 S09AUTO pending picked (type=MOVE stage=0)
2026.09.26-05.46.40 PEND-RESOLVE sent type=MOVE stage=0 id=cmuhgvgi100oowi9gxm86n50b-fullText-0-p4
2026.09.26-05.46.40 SNAPSHOT applied seq=21 phase=ACTION_MANEUVER
2026.09.26-05.46.40 HANDLE_APPLIED #29 seq=21 decision=2 fightersValid=1 boardValid=1
2026.09.26-05.46.40 MODE seq=21 mode=6 combat=0 pending=1
2026.09.26-05.46.40 HUD seq=21 phase=ACTION_MANEUVER turn=you hand=4 oppHand=7(hidden) oppDeck=22~ deck=23~ discard=3
2026.09.26-05.46.40 FIGHTERS synced n=6 alive=6 own=2 enemy=4
2026.09.26-05.46.40 WS seq=21 phase=ACTION_MANEUVER (apply)
2026.09.26-05.46.40 SNAPSHOT applied seq=21 phase=ACTION_MANEUVER
2026.09.26-05.46.40 HANDLE_APPLIED #30 seq=21 decision=1 fightersValid=1 boardValid=1
2026.09.26-05.46.40 MODE seq=21 mode=6 combat=0 pending=1
2026.09.26-05.46.40 HUD seq=21 phase=ACTION_MANEUVER turn=you hand=4 oppHand=7(hidden) oppDeck=22 deck=23 discard=3
2026.09.26-05.46.40 FIGHTERS synced n=6 alive=6 own=2 enemy=4
2026.09.26-05.46.40 PEND resolve done seq=21 (merge) phase=ACTION_MANEUVER
2026.09.26-05.46.40 S09AUTO pending picked (type=MOVE stage=0)
2026.09.26-05.46.40 PEND-RESOLVE sent type=MOVE stage=0 id=cmuhgvgi100oowi9gxm86n50b-fullText-0-p5
2026.09.26-05.46.40 SNAPSHOT applied seq=22 phase=ACTION_MANEUVER
2026.09.26-05.46.40 HANDLE_APPLIED #31 seq=22 decision=2 fightersValid=1 boardValid=1
2026.09.26-05.46.40 closed mode=
2026.09.26-05.46.40 MODE seq=22 mode=0 combat=0 pending=0
2026.09.26-05.46.40 HUD seq=22 phase=ACTION_MANEUVER turn=you hand=4 oppHand=7(hidden) oppDeck=22~ deck=23~ discard=3
2026.09.26-05.46.40 FIGHTERS synced n=6 alive=6 own=2 enemy=4
2026.09.26-05.46.40 WS seq=22 phase=ACTION_MANEUVER (apply)
2026.09.26-05.46.40 SNAPSHOT applied seq=22 phase=ACTION_MANEUVER
2026.09.26-05.46.40 HANDLE_APPLIED #32 seq=22 decision=1 fightersValid=1 boardValid=1
2026.09.26-05.46.40 MODE seq=22 mode=0 combat=0 pending=0
2026.09.26-05.46.40 HUD seq=22 phase=ACTION_MANEUVER turn=you hand=4 oppHand=7(hidden) oppDeck=22 deck=23 discard=3
2026.09.26-05.46.40 FIGHTERS synced n=6 alive=6 own=2 enemy=4
2026.09.26-05.46.40 PEND resolve done seq=22 (merge) phase=ACTION_MANEUVER
2026.09.26-05.46.40 S09AUTO drive mode=0 plan=[defend+resolve+scheme] phase=ACTION_MANEUVER turn=cmuhntiwu0001wib0z281rpa8
2026.09.26-05.46.40 SNAPSHOT applied seq=23 phase=ACTION_MANEUVER
2026.09.26-05.46.40 HANDLE_APPLIED #33 seq=23 decision=2 fightersValid=1 boardValid=1
2026.09.26-05.46.40 MANEUVER-DRAFT mode=maneuver:4:22
2026.09.26-05.46.40 DRAFT-OPEN draw committed (resume instead of begin)
2026.09.26-05.46.40 MODE seq=23 mode=1 combat=0 pending=0
2026.09.26-05.46.40 HUD seq=23 phase=ACTION_MANEUVER turn=you hand=5 oppHand=7(hidden) oppDeck=22~ deck=23~ discard=3
2026.09.26-05.46.40 FIGHTERS synced n=6 alive=6 own=2 enemy=4
2026.09.26-05.46.40 WS seq=23 phase=ACTION_MANEUVER (apply)
2026.09.26-05.46.40 SNAPSHOT applied seq=23 phase=ACTION_MANEUVER
2026.09.26-05.46.40 HANDLE_APPLIED #34 seq=23 decision=1 fightersValid=1 boardValid=1
2026.09.26-05.46.40 MODE seq=23 mode=1 combat=0 pending=0
2026.09.26-05.46.40 HUD seq=23 phase=ACTION_MANEUVER turn=you hand=5 oppHand=7(hidden) oppDeck=22 deck=22 discard=3
2026.09.26-05.46.40 FIGHTERS synced n=6 alive=6 own=2 enemy=4
2026.09.26-05.46.40 MANEUVER begin seq=23 (merge) pending=maneuver:4:22
2026.09.26-05.46.40 S09AUTO drive mode=1 plan=[defend+resolve+scheme] phase=ACTION_MANEUVER turn=cmuhntiwu0001wib0z281rpa8
2026.09.26-05.46.41 S09AUTO draft-open shot (maneuver marker live)
2026.09.26-05.46.41 SHOT ctx viewport=1280x720 viewTarget=CameraActor_2147482375 cam=(0,1107,1582) rot=(-55,-90,0)
2026.09.26-05.46.41 SHOT fighter f-0-hero pos=(2,2) world=(0,-50,0) screen=(640,318) projected=1 alive=1
2026.09.26-05.46.41 SHOT fighter f-0-sk0 pos=(3,2) world=(100,-50,0) screen=(744,318) projected=1 alive=1
2026.09.26-05.46.41 SHOT fighter f-0-sk1 pos=(2,1) world=(0,-150,0) screen=(640,236) projected=1 alive=1
2026.09.26-05.46.41 SHOT fighter f-0-sk2 pos=(1,2) world=(-100,-50,0) screen=(536,318) projected=1 alive=1
2026.09.26-05.46.41 SHOT fighter f-1-hero pos=(2,3) world=(0,50,0) screen=(640,404) projected=1 alive=1
2026.09.26-05.46.41 SHOT fighter f-1-sk0 pos=(3,3) world=(100,50,0) screen=(747,404) projected=1 alive=1
2026.09.26-05.46.41 SHOT requested: FScreenshotRequest(bShowUI) -> C:\Users\ren\AppData\Local\Temp\s09-pending-20260926-104611-208548\joiner/s09-maneuver-draft-open.png
2026.09.26-05.46.41 MANEUVER-CONFIRM moves=1 boost=none
2026.09.26-05.46.41 SNAPSHOT applied seq=24 phase=ACTION_MANEUVER
2026.09.26-05.46.41 HANDLE_APPLIED #35 seq=24 decision=2 fightersValid=1 boardValid=1
2026.09.26-05.46.41 closed mode=
2026.09.26-05.46.41 MODE seq=24 mode=0 combat=0 pending=0
2026.09.26-05.46.41 HUD seq=24 phase=ACTION_MANEUVER turn=opp hand=5 oppHand=7(hidden) oppDeck=22~ deck=22~ discard=3
2026.09.26-05.46.41 FIGHTERS synced n=6 alive=6 own=2 enemy=4
2026.09.26-05.46.41 CUE move f-1-hero (2,3)->(1,3) seq=24
2026.09.26-05.46.41 WS seq=24 phase=ACTION_MANEUVER (apply)
2026.09.26-05.46.41 SNAPSHOT applied seq=24 phase=ACTION_MANEUVER
2026.09.26-05.46.41 HANDLE_APPLIED #36 seq=24 decision=1 fightersValid=1 boardValid=1
2026.09.26-05.46.41 MODE seq=24 mode=0 combat=0 pending=0
2026.09.26-05.46.41 HUD seq=24 phase=ACTION_MANEUVER turn=opp hand=5 oppHand=7(hidden) oppDeck=22 deck=22 discard=3
2026.09.26-05.46.41 FIGHTERS synced n=6 alive=6 own=2 enemy=4
2026.09.26-05.46.41 MANEUVER done seq=24 (merge) fighters=6 boost=no
2026.09.26-05.46.41 SNAPSHOT applied seq=25 phase=ACTION_MANEUVER
2026.09.26-05.46.41 HANDLE_APPLIED #37 seq=25 decision=2 fightersValid=1 boardValid=1
2026.09.26-05.46.41 MODE seq=25 mode=0 combat=0 pending=0
2026.09.26-05.46.41 HUD seq=25 phase=ACTION_MANEUVER turn=opp hand=5 oppHand=8(hidden) oppDeck=22~ deck=22~ discard=3
2026.09.26-05.46.41 FIGHTERS synced n=6 alive=6 own=2 enemy=4
2026.09.26-05.46.41 WS seq=25 phase=ACTION_MANEUVER (apply)
2026.09.26-05.46.41 SNAPSHOT applied seq=26 phase=ACTION_MANEUVER
2026.09.26-05.46.41 HANDLE_APPLIED #38 seq=26 decision=2 fightersValid=1 boardValid=1
2026.09.26-05.46.41 MODE seq=26 mode=0 combat=0 pending=0
2026.09.26-05.46.41 HUD seq=26 phase=ACTION_MANEUVER turn=opp hand=5 oppHand=8(hidden) oppDeck=22~ deck=22~ discard=3
2026.09.26-05.46.41 FIGHTERS synced n=6 alive=6 own=2 enemy=4
2026.09.26-05.46.41 CUE move f-0-hero (2,2)->(2,3) seq=26
2026.09.26-05.46.41 CUE move f-0-sk0 (3,2)->(4,2) seq=26
2026.09.26-05.46.41 WS seq=26 phase=ACTION_MANEUVER (apply)
2026.09.26-05.46.42 SHOT ctx viewport=1280x720 viewTarget=CameraActor_2147482375 cam=(0,1107,1582) rot=(-55,-90,0)
2026.09.26-05.46.42 SHOT fighter f-0-hero pos=(2,3) world=(0,50,0) screen=(640,404) projected=1 alive=1
2026.09.26-05.46.42 SHOT fighter f-0-sk0 pos=(4,2) world=(200,-50,0) screen=(847,318) projected=1 alive=1
2026.09.26-05.46.42 SHOT fighter f-0-sk1 pos=(2,1) world=(0,-150,0) screen=(640,236) projected=1 alive=1
2026.09.26-05.46.42 SHOT fighter f-0-sk2 pos=(1,2) world=(-100,-50,0) screen=(536,318) projected=1 alive=1
2026.09.26-05.46.42 SHOT fighter f-1-hero pos=(1,3) world=(-100,50,0) screen=(533,404) projected=1 alive=1
2026.09.26-05.46.42 SHOT fighter f-1-sk0 pos=(3,3) world=(100,50,0) screen=(747,404) projected=1 alive=1
2026.09.26-05.46.42 SHOT requested: FScreenshotRequest(bShowUI) -> C:\Users\ren\AppData\Local\Temp\s09-pending-20260926-104611-208548\joiner/s09-hud-after-first-maneuver.png
2026.09.26-05.46.42 S09AUTO drive mode=0 plan=[defend+resolve+scheme] phase=ACTION_MANEUVER turn=cmuhntivg0000wib0anhqyswc
2026.09.26-05.46.43 SNAPSHOT applied seq=27 phase=ACTION_MANEUVER
2026.09.26-05.46.43 HANDLE_APPLIED #39 seq=27 decision=2 fightersValid=1 boardValid=1
2026.09.26-05.46.43 MODE seq=27 mode=0 combat=0 pending=0
2026.09.26-05.46.43 HUD seq=27 phase=ACTION_MANEUVER turn=opp hand=5 oppHand=9(hidden) oppDeck=22~ deck=22~ discard=3
2026.09.26-05.46.43 FIGHTERS synced n=6 alive=6 own=2 enemy=4
2026.09.26-05.46.43 WS seq=27 phase=ACTION_MANEUVER (apply)
2026.09.26-05.46.43 SNAPSHOT applied seq=28 phase=TURN_END
2026.09.26-05.46.43 HANDLE_APPLIED #40 seq=28 decision=2 fightersValid=1 boardValid=1
2026.09.26-05.46.43 MODE seq=28 mode=0 combat=0 pending=0
2026.09.26-05.46.43 HUD seq=28 phase=TURN_END turn=opp hand=5 oppHand=9(hidden) oppDeck=22~ deck=22~ discard=3 pendingDiscard=2
2026.09.26-05.46.43 FIGHTERS synced n=6 alive=6 own=2 enemy=4
2026.09.26-05.46.43 CUE move f-0-hero (2,3)->(2,4) seq=28
2026.09.26-05.46.43 WS seq=28 phase=TURN_END (apply)
2026.09.26-05.46.44 SNAPSHOT applied seq=29 phase=ACTION_MANEUVER
2026.09.26-05.46.44 HANDLE_APPLIED #41 seq=29 decision=2 fightersValid=1 boardValid=1
2026.09.26-05.46.44 MODE seq=29 mode=0 combat=0 pending=0
2026.09.26-05.46.44 HUD seq=29 phase=ACTION_MANEUVER turn=you hand=5 oppHand=7(hidden) oppDeck=22~ deck=22~ discard=3
2026.09.26-05.46.44 FIGHTERS synced n=6 alive=6 own=2 enemy=4
2026.09.26-05.46.44 WS seq=29 phase=ACTION_MANEUVER (apply)
2026.09.26-05.46.44 S09AUTO own turn #2 (turnCount=6)
2026.09.26-05.46.44 SNAPSHOT applied seq=30 phase=ACTION_MANEUVER
2026.09.26-05.46.44 HANDLE_APPLIED #42 seq=30 decision=2 fightersValid=1 boardValid=1
2026.09.26-05.46.44 MANEUVER-DRAFT mode=maneuver:6:29
2026.09.26-05.46.44 DRAFT-OPEN draw committed (resume instead of begin)
2026.09.26-05.46.44 MODE seq=30 mode=1 combat=0 pending=0
2026.09.26-05.46.44 HUD seq=30 phase=ACTION_MANEUVER turn=you hand=6 oppHand=7(hidden) oppDeck=22~ deck=22~ discard=3
2026.09.26-05.46.44 FIGHTERS synced n=6 alive=6 own=2 enemy=4
2026.09.26-05.46.44 WS seq=30 phase=ACTION_MANEUVER (apply)
2026.09.26-05.46.44 SNAPSHOT applied seq=30 phase=ACTION_MANEUVER
2026.09.26-05.46.44 HANDLE_APPLIED #43 seq=30 decision=1 fightersValid=1 boardValid=1
2026.09.26-05.46.44 MODE seq=30 mode=1 combat=0 pending=0
2026.09.26-05.46.44 HUD seq=30 phase=ACTION_MANEUVER turn=you hand=6 oppHand=7(hidden) oppDeck=20 deck=21 discard=3
2026.09.26-05.46.44 FIGHTERS synced n=6 alive=6 own=2 enemy=4
2026.09.26-05.46.44 MANEUVER begin seq=30 (merge) pending=maneuver:6:29
2026.09.26-05.46.44 S09AUTO drive mode=1 plan=[defend+resolve+scheme] phase=ACTION_MANEUVER turn=cmuhntiwu0001wib0z281rpa8
2026.09.26-05.46.44 S09AUTO multi-fighter moves=2
2026.09.26-05.46.44 MANEUVER-CONFIRM moves=2 boost=none
2026.09.26-05.46.44 SNAPSHOT applied seq=31 phase=ACTION_MANEUVER
2026.09.26-05.46.44 HANDLE_APPLIED #44 seq=31 decision=2 fightersValid=1 boardValid=1
2026.09.26-05.46.44 closed mode=
2026.09.26-05.46.44 MODE seq=31 mode=0 combat=0 pending=0
2026.09.26-05.46.44 HUD seq=31 phase=ACTION_MANEUVER turn=you hand=6 oppHand=7(hidden) oppDeck=20~ deck=21~ discard=3
2026.09.26-05.46.44 FIGHTERS synced n=6 alive=6 own=2 enemy=4
2026.09.26-05.46.44 CUE move f-1-hero (1,3)->(2,3) seq=31
2026.09.26-05.46.44 CUE move f-1-sk0 (3,3)->(4,3) seq=31
2026.09.26-05.46.44 WS seq=31 phase=ACTION_MANEUVER (apply)
2026.09.26-05.46.44 SNAPSHOT applied seq=31 phase=ACTION_MANEUVER
2026.09.26-05.46.44 HANDLE_APPLIED #45 seq=31 decision=1 fightersValid=1 boardValid=1
2026.09.26-05.46.44 MODE seq=31 mode=0 combat=0 pending=0
2026.09.26-05.46.44 HUD seq=31 phase=ACTION_MANEUVER turn=you hand=6 oppHand=7(hidden) oppDeck=20 deck=21 discard=3
2026.09.26-05.46.44 FIGHTERS synced n=6 alive=6 own=2 enemy=4
2026.09.26-05.46.44 MANEUVER done seq=31 (merge) fighters=6 boost=no
2026.09.26-05.46.45 S09AUTO drive mode=0 plan=[defend+resolve+scheme] phase=ACTION_MANEUVER turn=cmuhntiwu0001wib0z281rpa8
2026.09.26-05.46.45 SNAPSHOT applied seq=32 phase=ACTION_MANEUVER
2026.09.26-05.46.45 HANDLE_APPLIED #46 seq=32 decision=2 fightersValid=1 boardValid=1
2026.09.26-05.46.45 MANEUVER-DRAFT mode=maneuver:6:31
2026.09.26-05.46.45 DRAFT-OPEN draw committed (resume instead of begin)
2026.09.26-05.46.45 MODE seq=32 mode=1 combat=0 pending=0
2026.09.26-05.46.45 HUD seq=32 phase=ACTION_MANEUVER turn=you hand=7 oppHand=7(hidden) oppDeck=20~ deck=21~ discard=3
2026.09.26-05.46.45 FIGHTERS synced n=6 alive=6 own=2 enemy=4
2026.09.26-05.46.45 WS seq=32 phase=ACTION_MANEUVER (apply)
2026.09.26-05.46.45 SNAPSHOT applied seq=32 phase=ACTION_MANEUVER
2026.09.26-05.46.45 HANDLE_APPLIED #47 seq=32 decision=1 fightersValid=1 boardValid=1
2026.09.26-05.46.45 MODE seq=32 mode=1 combat=0 pending=0
2026.09.26-05.46.45 HUD seq=32 phase=ACTION_MANEUVER turn=you hand=7 oppHand=7(hidden) oppDeck=20 deck=20 discard=3
2026.09.26-05.46.45 FIGHTERS synced n=6 alive=6 own=2 enemy=4
2026.09.26-05.46.45 MANEUVER begin seq=32 (merge) pending=maneuver:6:31
2026.09.26-05.46.45 S09AUTO drive mode=1 plan=[defend+resolve+scheme] phase=ACTION_MANEUVER turn=cmuhntiwu0001wib0z281rpa8
2026.09.26-05.46.45 MANEUVER-CONFIRM moves=1 boost=none
2026.09.26-05.46.45 SNAPSHOT applied seq=33 phase=ACTION_MANEUVER
2026.09.26-05.46.45 HANDLE_APPLIED #48 seq=33 decision=2 fightersValid=1 boardValid=1
2026.09.26-05.46.45 closed mode=
2026.09.26-05.46.45 MODE seq=33 mode=0 combat=0 pending=1
2026.09.26-05.46.45 HUD seq=33 phase=ACTION_MANEUVER turn=opp hand=7 oppHand=7(hidden) oppDeck=20~ deck=20~ discard=3
2026.09.26-05.46.45 FIGHTERS synced n=6 alive=6 own=2 enemy=4
2026.09.26-05.46.45 CUE move f-1-hero (2,3)->(3,3) seq=33
2026.09.26-05.46.45 WS seq=33 phase=ACTION_MANEUVER (apply)
2026.09.26-05.46.45 SNAPSHOT applied seq=33 phase=ACTION_MANEUVER
2026.09.26-05.46.45 HANDLE_APPLIED #49 seq=33 decision=1 fightersValid=1 boardValid=1
2026.09.26-05.46.45 MODE seq=33 mode=0 combat=0 pending=1
2026.09.26-05.46.45 HUD seq=33 phase=ACTION_MANEUVER turn=opp hand=7 oppHand=7(hidden) oppDeck=20 deck=20 discard=3
2026.09.26-05.46.45 FIGHTERS synced n=6 alive=6 own=2 enemy=4
2026.09.26-05.46.45 MANEUVER done seq=33 (merge) fighters=6 boost=no
2026.09.26-05.46.45 SNAPSHOT applied seq=34 phase=ACTION_MANEUVER
2026.09.26-05.46.45 HANDLE_APPLIED #50 seq=34 decision=2 fightersValid=1 boardValid=1
2026.09.26-05.46.45 MODE seq=34 mode=0 combat=0 pending=0
2026.09.26-05.46.45 HUD seq=34 phase=ACTION_MANEUVER turn=opp hand=7 oppHand=7(hidden) oppDeck=20~ deck=20~ discard=3
2026.09.26-05.46.45 FIGHTERS synced n=6 alive=6 own=2 enemy=4
2026.09.26-05.46.45 CUE damage f-1-hero -1 seq=34
2026.09.26-05.46.45 WS seq=34 phase=ACTION_MANEUVER (apply)
2026.09.26-05.46.45 SNAPSHOT applied seq=35 phase=ACTION_MANEUVER
2026.09.26-05.46.45 HANDLE_APPLIED #51 seq=35 decision=2 fightersValid=1 boardValid=1
2026.09.26-05.46.45 MODE seq=35 mode=0 combat=0 pending=0
2026.09.26-05.46.45 HUD seq=35 phase=ACTION_MANEUVER turn=opp hand=7 oppHand=8(hidden) oppDeck=20~ deck=20~ discard=3
2026.09.26-05.46.45 FIGHTERS synced n=6 alive=6 own=2 enemy=4
2026.09.26-05.46.45 WS seq=35 phase=ACTION_MANEUVER (apply)
2026.09.26-05.46.45 SNAPSHOT applied seq=36 phase=ACTION_MANEUVER
2026.09.26-05.46.45 HANDLE_APPLIED #52 seq=36 decision=2 fightersValid=1 boardValid=1
2026.09.26-05.46.45 MODE seq=36 mode=0 combat=0 pending=0
2026.09.26-05.46.45 HUD seq=36 phase=ACTION_MANEUVER turn=opp hand=7 oppHand=8(hidden) oppDeck=20~ deck=20~ discard=3
2026.09.26-05.46.45 FIGHTERS synced n=6 alive=6 own=2 enemy=4
2026.09.26-05.46.45 CUE move f-0-hero (2,4)->(3,4) seq=36
2026.09.26-05.46.45 WS seq=36 phase=ACTION_MANEUVER (apply)
2026.09.26-05.46.46 S09AUTO drive mode=0 plan=[defend+resolve+scheme] phase=ACTION_MANEUVER turn=cmuhntivg0000wib0anhqyswc
2026.09.26-05.46.47 SNAPSHOT applied seq=37 phase=ACTION_MANEUVER
2026.09.26-05.46.47 HANDLE_APPLIED #53 seq=37 decision=2 fightersValid=1 boardValid=1
2026.09.26-05.46.47 MODE seq=37 mode=0 combat=0 pending=0
2026.09.26-05.46.47 HUD seq=37 phase=ACTION_MANEUVER turn=opp hand=7 oppHand=9(hidden) oppDeck=20~ deck=20~ discard=3
2026.09.26-05.46.47 FIGHTERS synced n=6 alive=6 own=2 enemy=4
2026.09.26-05.46.47 WS seq=37 phase=ACTION_MANEUVER (apply)
2026.09.26-05.46.47 SNAPSHOT applied seq=38 phase=TURN_END
2026.09.26-05.46.47 HANDLE_APPLIED #54 seq=38 decision=2 fightersValid=1 boardValid=1
2026.09.26-05.46.47 MODE seq=38 mode=0 combat=0 pending=0
2026.09.26-05.46.47 HUD seq=38 phase=TURN_END turn=opp hand=7 oppHand=9(hidden) oppDeck=20~ deck=20~ discard=3 pendingDiscard=2
2026.09.26-05.46.47 FIGHTERS synced n=6 alive=6 own=2 enemy=4
2026.09.26-05.46.47 CUE move f-0-hero (3,4)->(4,4) seq=38
2026.09.26-05.46.47 WS seq=38 phase=TURN_END (apply)
2026.09.26-05.46.48 SNAPSHOT applied seq=39 phase=ACTION_MANEUVER
2026.09.26-05.46.48 HANDLE_APPLIED #55 seq=39 decision=2 fightersValid=1 boardValid=1
2026.09.26-05.46.48 MODE seq=39 mode=0 combat=0 pending=0
2026.09.26-05.46.48 HUD seq=39 phase=ACTION_MANEUVER turn=you hand=7 oppHand=7(hidden) oppDeck=20~ deck=20~ discard=3
2026.09.26-05.46.48 FIGHTERS synced n=6 alive=6 own=2 enemy=4
2026.09.26-05.46.48 WS seq=39 phase=ACTION_MANEUVER (apply)
2026.09.26-05.46.48 S09AUTO own turn #3 (turnCount=8)
2026.09.26-05.46.48 SNAPSHOT applied seq=40 phase=ACTION_MANEUVER
2026.09.26-05.46.48 HANDLE_APPLIED #56 seq=40 decision=2 fightersValid=1 boardValid=1
2026.09.26-05.46.48 MANEUVER-DRAFT mode=maneuver:8:39
2026.09.26-05.46.48 DRAFT-OPEN draw committed (resume instead of begin)
2026.09.26-05.46.48 MODE seq=40 mode=1 combat=0 pending=0
2026.09.26-05.46.48 HUD seq=40 phase=ACTION_MANEUVER turn=you hand=8 oppHand=7(hidden) oppDeck=20~ deck=20~ discard=3
2026.09.26-05.46.48 FIGHTERS synced n=6 alive=6 own=2 enemy=4
2026.09.26-05.46.48 WS seq=40 phase=ACTION_MANEUVER (apply)
2026.09.26-05.46.48 SNAPSHOT applied seq=40 phase=ACTION_MANEUVER
2026.09.26-05.46.48 HANDLE_APPLIED #57 seq=40 decision=1 fightersValid=1 boardValid=1
2026.09.26-05.46.48 MODE seq=40 mode=1 combat=0 pending=0
2026.09.26-05.46.48 HUD seq=40 phase=ACTION_MANEUVER turn=you hand=8 oppHand=7(hidden) oppDeck=18 deck=19 discard=3
2026.09.26-05.46.48 FIGHTERS synced n=6 alive=6 own=2 enemy=4
2026.09.26-05.46.48 MANEUVER begin seq=40 (merge) pending=maneuver:8:39
2026.09.26-05.46.48 S09AUTO drive mode=1 plan=[defend+resolve+scheme] phase=ACTION_MANEUVER turn=cmuhntiwu0001wib0z281rpa8
2026.09.26-05.46.48 MANEUVER-CONFIRM moves=1 boost=none
2026.09.26-05.46.48 SNAPSHOT applied seq=41 phase=ACTION_MANEUVER
2026.09.26-05.46.48 HANDLE_APPLIED #58 seq=41 decision=2 fightersValid=1 boardValid=1
2026.09.26-05.46.48 closed mode=
2026.09.26-05.46.48 MODE seq=41 mode=0 combat=0 pending=0
2026.09.26-05.46.48 HUD seq=41 phase=ACTION_MANEUVER turn=you hand=8 oppHand=7(hidden) oppDeck=18~ deck=19~ discard=3
2026.09.26-05.46.48 FIGHTERS synced n=6 alive=6 own=2 enemy=4
2026.09.26-05.46.48 CUE move f-1-hero (3,3)->(2,3) seq=41
2026.09.26-05.46.48 WS seq=41 phase=ACTION_MANEUVER (apply)
2026.09.26-05.46.48 SNAPSHOT applied seq=41 phase=ACTION_MANEUVER
2026.09.26-05.46.48 HANDLE_APPLIED #59 seq=41 decision=1 fightersValid=1 boardValid=1
2026.09.26-05.46.48 MODE seq=41 mode=0 combat=0 pending=0
2026.09.26-05.46.48 HUD seq=41 phase=ACTION_MANEUVER turn=you hand=8 oppHand=7(hidden) oppDeck=18 deck=19 discard=3
2026.09.26-05.46.48 FIGHTERS synced n=6 alive=6 own=2 enemy=4
2026.09.26-05.46.48 MANEUVER done seq=41 (merge) fighters=6 boost=no
2026.09.26-05.46.49 S09AUTO drive mode=0 plan=[defend+resolve+scheme] phase=ACTION_MANEUVER turn=cmuhntiwu0001wib0z281rpa8
2026.09.26-05.46.49 SNAPSHOT applied seq=42 phase=ACTION_MANEUVER
2026.09.26-05.46.49 HANDLE_APPLIED #60 seq=42 decision=2 fightersValid=1 boardValid=1
2026.09.26-05.46.49 MANEUVER-DRAFT mode=maneuver:8:41
2026.09.26-05.46.49 DRAFT-OPEN draw committed (resume instead of begin)
2026.09.26-05.46.49 MODE seq=42 mode=1 combat=0 pending=0
2026.09.26-05.46.49 HUD seq=42 phase=ACTION_MANEUVER turn=you hand=9 oppHand=7(hidden) oppDeck=18~ deck=19~ discard=3
2026.09.26-05.46.49 FIGHTERS synced n=6 alive=6 own=2 enemy=4
2026.09.26-05.46.49 WS seq=42 phase=ACTION_MANEUVER (apply)
2026.09.26-05.46.49 SNAPSHOT applied seq=42 phase=ACTION_MANEUVER
2026.09.26-05.46.49 HANDLE_APPLIED #61 seq=42 decision=1 fightersValid=1 boardValid=1
2026.09.26-05.46.49 MODE seq=42 mode=1 combat=0 pending=0
2026.09.26-05.46.49 HUD seq=42 phase=ACTION_MANEUVER turn=you hand=9 oppHand=7(hidden) oppDeck=18 deck=18 discard=3
2026.09.26-05.46.49 FIGHTERS synced n=6 alive=6 own=2 enemy=4
2026.09.26-05.46.49 MANEUVER begin seq=42 (merge) pending=maneuver:8:41
2026.09.26-05.46.49 S09AUTO drive mode=1 plan=[defend+resolve+scheme] phase=ACTION_MANEUVER turn=cmuhntiwu0001wib0z281rpa8
2026.09.26-05.46.49 MANEUVER-CONFIRM moves=1 boost=none
2026.09.26-05.46.49 SNAPSHOT applied seq=43 phase=TURN_END
2026.09.26-05.46.49 HANDLE_APPLIED #62 seq=43 decision=2 fightersValid=1 boardValid=1
2026.09.26-05.46.49 DISCARD-DRAFT count=2 pending=discard:8:43
2026.09.26-05.46.49 MODE seq=43 mode=2 combat=0 pending=0
2026.09.26-05.46.49 HUD seq=43 phase=TURN_END turn=you hand=9 oppHand=7(hidden) oppDeck=18~ deck=18~ discard=3 pendingDiscard=2
2026.09.26-05.46.49 FIGHTERS synced n=6 alive=6 own=2 enemy=4
2026.09.26-05.46.49 CUE move f-1-hero (2,3)->(3,3) seq=43
2026.09.26-05.46.49 WS seq=43 phase=TURN_END (apply)
2026.09.26-05.46.49 SNAPSHOT applied seq=43 phase=TURN_END
2026.09.26-05.46.49 HANDLE_APPLIED #63 seq=43 decision=1 fightersValid=1 boardValid=1
2026.09.26-05.46.49 MODE seq=43 mode=2 combat=0 pending=0
2026.09.26-05.46.49 HUD seq=43 phase=TURN_END turn=you hand=9 oppHand=7(hidden) oppDeck=18 deck=18 discard=3 pendingDiscard=2
2026.09.26-05.46.49 FIGHTERS synced n=6 alive=6 own=2 enemy=4
2026.09.26-05.46.49 MANEUVER done seq=43 (merge) fighters=6 boost=no
2026.09.26-05.46.50 SHOT ctx viewport=1280x720 viewTarget=CameraActor_2147482375 cam=(0,1107,1582) rot=(-55,-90,0)
2026.09.26-05.46.50 SHOT fighter f-0-hero pos=(4,4) world=(200,150,0) screen=(860,495) projected=1 alive=1
2026.09.26-05.46.50 SHOT fighter f-0-sk0 pos=(4,2) world=(200,-50,0) screen=(847,318) projected=1 alive=1
2026.09.26-05.46.50 SHOT fighter f-0-sk1 pos=(2,1) world=(0,-150,0) screen=(640,236) projected=1 alive=1
2026.09.26-05.46.50 SHOT fighter f-0-sk2 pos=(1,2) world=(-100,-50,0) screen=(536,318) projected=1 alive=1
2026.09.26-05.46.50 SHOT fighter f-1-hero pos=(3,3) world=(100,50,0) screen=(747,404) projected=1 alive=1
2026.09.26-05.46.50 SHOT fighter f-1-sk0 pos=(4,3) world=(200,50,0) screen=(853,404) projected=1 alive=1
2026.09.26-05.46.50 SHOT requested: FScreenshotRequest(bShowUI) -> C:\Users\ren\AppData\Local\Temp\s09-pending-20260926-104611-208548\joiner/s09-discard-open.png
2026.09.26-05.46.51 S09AUTO drive mode=2 plan=[defend+resolve+scheme] phase=TURN_END turn=cmuhntiwu0001wib0z281rpa8
2026.09.26-05.46.51 S09AUTO discard picks=2
2026.09.26-05.46.51 DISCARD-CONFIRM pending=discard:8:43 count=2 ids=cmuhgvgi600p0wi9gzhz8rkin::0,cmuhgvgi200oqwi9ginqxairz::2
2026.09.26-05.46.51 SNAPSHOT applied seq=44 phase=ACTION_MANEUVER
2026.09.26-05.46.51 HANDLE_APPLIED #64 seq=44 decision=2 fightersValid=1 boardValid=1
2026.09.26-05.46.51 closed mode=
2026.09.26-05.46.51 MODE seq=44 mode=0 combat=0 pending=1
2026.09.26-05.46.51 HUD seq=44 phase=ACTION_MANEUVER turn=opp hand=7 oppHand=7(hidden) oppDeck=18~ deck=18~ discard=5
2026.09.26-05.46.51 FIGHTERS synced n=6 alive=6 own=2 enemy=4
2026.09.26-05.46.51 WS seq=44 phase=ACTION_MANEUVER (apply)
2026.09.26-05.46.51 SNAPSHOT applied seq=44 phase=ACTION_MANEUVER
2026.09.26-05.46.51 HANDLE_APPLIED #65 seq=44 decision=1 fightersValid=1 boardValid=1
2026.09.26-05.46.51 MODE seq=44 mode=0 combat=0 pending=1
2026.09.26-05.46.51 HUD seq=44 phase=ACTION_MANEUVER turn=opp hand=7 oppHand=7(hidden) oppDeck=18 deck=18 discard=5
2026.09.26-05.46.51 FIGHTERS synced n=6 alive=6 own=2 enemy=4
2026.09.26-05.46.51 DISCARD done seq=44 phase=ACTION_MANEUVER count=2
2026.09.26-05.46.51 SNAPSHOT applied seq=45 phase=ACTION_MANEUVER
2026.09.26-05.46.51 HANDLE_APPLIED #66 seq=45 decision=2 fightersValid=1 boardValid=1
2026.09.26-05.46.51 MODE seq=45 mode=0 combat=0 pending=0
2026.09.26-05.46.51 HUD seq=45 phase=ACTION_MANEUVER turn=opp hand=7 oppHand=7(hidden) oppDeck=18~ deck=18~ discard=5
2026.09.26-05.46.51 FIGHTERS synced n=6 alive=6 own=2 enemy=4
2026.09.26-05.46.51 CUE damage f-1-hero -1 seq=45
2026.09.26-05.46.51 WS seq=45 phase=ACTION_MANEUVER (apply)
2026.09.26-05.46.51 SNAPSHOT applied seq=46 phase=ACTION_MANEUVER
2026.09.26-05.46.51 HANDLE_APPLIED #67 seq=46 decision=2 fightersValid=1 boardValid=1
2026.09.26-05.46.51 MODE seq=46 mode=0 combat=0 pending=0
2026.09.26-05.46.51 HUD seq=46 phase=ACTION_MANEUVER turn=opp hand=7 oppHand=8(hidden) oppDeck=18~ deck=18~ discard=5
2026.09.26-05.46.51 FIGHTERS synced n=6 alive=6 own=2 enemy=4
2026.09.26-05.46.51 WS seq=46 phase=ACTION_MANEUVER (apply)
2026.09.26-05.46.51 SNAPSHOT applied seq=47 phase=ACTION_MANEUVER
2026.09.26-05.46.51 HANDLE_APPLIED #68 seq=47 decision=2 fightersValid=1 boardValid=1
2026.09.26-05.46.51 MODE seq=47 mode=0 combat=0 pending=0
2026.09.26-05.46.51 HUD seq=47 phase=ACTION_MANEUVER turn=opp hand=7 oppHand=8(hidden) oppDeck=18~ deck=18~ discard=5
2026.09.26-05.46.51 FIGHTERS synced n=6 alive=6 own=2 enemy=4
2026.09.26-05.46.51 CUE move f-0-hero (4,4)->(3,4) seq=47
2026.09.26-05.46.51 WS seq=47 phase=ACTION_MANEUVER (apply)
2026.09.26-05.46.52 S09AUTO drive mode=0 plan=[defend+resolve+scheme] phase=ACTION_MANEUVER turn=cmuhntivg0000wib0anhqyswc
2026.09.26-05.46.52 SNAPSHOT applied seq=48 phase=COMBAT
2026.09.26-05.46.52 HANDLE_APPLIED #69 seq=48 decision=2 fightersValid=1 boardValid=1
2026.09.26-05.46.52 closed mode=
2026.09.26-05.46.52 MODE seq=48 mode=4 combat=1 pending=0
2026.09.26-05.46.52 HUD seq=48 phase=COMBAT turn=opp hand=7 oppHand=7(hidden) oppDeck=18~ deck=18~ discard=5
2026.09.26-05.46.52 FIGHTERS synced n=6 alive=6 own=2 enemy=4
2026.09.26-05.46.52 WS seq=48 phase=COMBAT (apply)
2026.09.26-05.46.52 S09AUTO drive mode=4 plan=[defend+resolve+scheme] phase=COMBAT turn=cmuhntivg0000wib0anhqyswc
2026.09.26-05.46.52 S09AUTO defense-window shot
2026.09.26-05.46.52 SHOT ctx viewport=1280x720 viewTarget=CameraActor_2147482375 cam=(0,1107,1582) rot=(-55,-90,0)
2026.09.26-05.46.52 SHOT fighter f-0-hero pos=(3,4) world=(100,150,0) screen=(750,495) projected=1 alive=1
2026.09.26-05.46.52 SHOT fighter f-0-sk0 pos=(4,2) world=(200,-50,0) screen=(847,318) projected=1 alive=1
2026.09.26-05.46.52 SHOT fighter f-0-sk1 pos=(2,1) world=(0,-150,0) screen=(640,236) projected=1 alive=1
2026.09.26-05.46.52 SHOT fighter f-0-sk2 pos=(1,2) world=(-100,-50,0) screen=(536,318) projected=1 alive=1
2026.09.26-05.46.52 SHOT fighter f-1-hero pos=(3,3) world=(100,50,0) screen=(747,404) projected=1 alive=1
2026.09.26-05.46.52 SHOT fighter f-1-sk0 pos=(4,3) world=(200,50,0) screen=(853,404) projected=1 alive=1
2026.09.26-05.46.52 SHOT requested: FScreenshotRequest(bShowUI) -> C:\Users\ren\AppData\Local\Temp\s09-pending-20260926-104611-208548\joiner/s09-combat-defense-open.png
2026.09.26-05.46.52 S09AUTO defense card picked
2026.09.26-05.46.52 DEFENSE sent
2026.09.26-05.46.52 SNAPSHOT applied seq=49 phase=COMBAT_RESOLVE
2026.09.26-05.46.52 HANDLE_APPLIED #70 seq=49 decision=2 fightersValid=1 boardValid=1
2026.09.26-05.46.52 closed mode=
2026.09.26-05.46.52 MODE seq=49 mode=5 combat=1 pending=0
2026.09.26-05.46.52 HUD seq=49 phase=COMBAT_RESOLVE turn=opp hand=6 oppHand=7(hidden) oppDeck=18~ deck=18~ discard=6
2026.09.26-05.46.52 FIGHTERS synced n=6 alive=6 own=2 enemy=4
2026.09.26-05.46.52 WS seq=49 phase=COMBAT_RESOLVE (apply)
2026.09.26-05.46.52 SNAPSHOT applied seq=49 phase=COMBAT_RESOLVE
2026.09.26-05.46.52 HANDLE_APPLIED #71 seq=49 decision=1 fightersValid=1 boardValid=1
2026.09.26-05.46.52 MODE seq=49 mode=5 combat=1 pending=0
2026.09.26-05.46.52 HUD seq=49 phase=COMBAT_RESOLVE turn=opp hand=6 oppHand=7(hidden) oppDeck=17 deck=18 discard=6
2026.09.26-05.46.52 FIGHTERS synced n=6 alive=6 own=2 enemy=4
2026.09.26-05.46.52 DEFENSE done seq=49 (merge) phase=COMBAT_RESOLVE
2026.09.26-05.46.52 S09AUTO drive mode=5 plan=[defend+resolve+scheme] phase=COMBAT_RESOLVE turn=cmuhntivg0000wib0anhqyswc
2026.09.26-05.46.52 S09AUTO resolve-window shot
2026.09.26-05.46.52 SHOT ctx viewport=1280x720 viewTarget=CameraActor_2147482375 cam=(0,1107,1582) rot=(-55,-90,0)
2026.09.26-05.46.52 SHOT fighter f-0-hero pos=(3,4) world=(100,150,0) screen=(750,495) projected=1 alive=1
2026.09.26-05.46.52 SHOT fighter f-0-sk0 pos=(4,2) world=(200,-50,0) screen=(847,318) projected=1 alive=1
2026.09.26-05.46.52 SHOT fighter f-0-sk1 pos=(2,1) world=(0,-150,0) screen=(640,236) projected=1 alive=1
2026.09.26-05.46.52 SHOT fighter f-0-sk2 pos=(1,2) world=(-100,-50,0) screen=(536,318) projected=1 alive=1
2026.09.26-05.46.52 SHOT fighter f-1-hero pos=(3,3) world=(100,50,0) screen=(747,404) projected=1 alive=1
2026.09.26-05.46.52 SHOT fighter f-1-sk0 pos=(4,3) world=(200,50,0) screen=(853,404) projected=1 alive=1
2026.09.26-05.46.52 SHOT requested: FScreenshotRequest(bShowUI) -> C:\Users\ren\AppData\Local\Temp\s09-pending-20260926-104611-208548\joiner/s09-combat-resolve-window.png
2026.09.26-05.46.52 S09AUTO resolve
2026.09.26-05.46.52 RESOLVE sent
2026.09.26-05.46.52 SNAPSHOT applied seq=50 phase=COMBAT_RESOLVE
2026.09.26-05.46.52 HANDLE_APPLIED #72 seq=50 decision=2 fightersValid=1 boardValid=1
2026.09.26-05.46.52 MODE seq=50 mode=5 combat=1 pending=1
2026.09.26-05.46.52 HUD seq=50 phase=COMBAT_RESOLVE turn=opp hand=6 oppHand=7(hidden) oppDeck=17~ deck=18~ discard=6
2026.09.26-05.46.52 RESOLVE panel revealed: A3+B0 vs D3
2026.09.26-05.46.52 FIGHTERS synced n=6 alive=6 own=2 enemy=4
2026.09.26-05.46.52 WS seq=50 phase=COMBAT_RESOLVE (apply)
2026.09.26-05.46.52 SNAPSHOT applied seq=50 phase=COMBAT_RESOLVE
2026.09.26-05.46.52 HANDLE_APPLIED #73 seq=50 decision=1 fightersValid=1 boardValid=1
2026.09.26-05.46.52 MODE seq=50 mode=5 combat=1 pending=1
2026.09.26-05.46.52 HUD seq=50 phase=COMBAT_RESOLVE turn=opp hand=6 oppHand=7(hidden) oppDeck=17 deck=18 discard=6
2026.09.26-05.46.52 FIGHTERS synced n=6 alive=6 own=2 enemy=4
2026.09.26-05.46.52 RESOLVE done seq=50 (merge) phase=COMBAT_RESOLVE
2026.09.26-05.46.52 S09AUTO resolve-revealed shot
2026.09.26-05.46.52 SHOT ctx viewport=1280x720 viewTarget=CameraActor_2147482375 cam=(0,1107,1582) rot=(-55,-90,0)
2026.09.26-05.46.52 SHOT fighter f-0-hero pos=(3,4) world=(100,150,0) screen=(750,495) projected=1 alive=1
2026.09.26-05.46.52 SHOT fighter f-0-sk0 pos=(4,2) world=(200,-50,0) screen=(847,318) projected=1 alive=1
2026.09.26-05.46.52 SHOT fighter f-0-sk1 pos=(2,1) world=(0,-150,0) screen=(640,236) projected=1 alive=1
2026.09.26-05.46.52 SHOT fighter f-0-sk2 pos=(1,2) world=(-100,-50,0) screen=(536,318) projected=1 alive=1
2026.09.26-05.46.52 SHOT fighter f-1-hero pos=(3,3) world=(100,50,0) screen=(747,404) projected=1 alive=1
2026.09.26-05.46.52 SHOT fighter f-1-sk0 pos=(4,3) world=(200,50,0) screen=(853,404) projected=1 alive=1
2026.09.26-05.46.52 SHOT requested: FScreenshotRequest(bShowUI) -> C:\Users\ren\AppData\Local\Temp\s09-pending-20260926-104611-208548\joiner/s09-combat-resolve-revealed.png
2026.09.26-05.46.56 SNAPSHOT applied seq=51 phase=ACTION_MANEUVER
2026.09.26-05.46.56 HANDLE_APPLIED #74 seq=51 decision=2 fightersValid=1 boardValid=1
2026.09.26-05.46.56 COMBAT-RESULT seq=51 damage=1 role=defended
2026.09.26-05.46.56 S09AUTO combat-result shot
2026.09.26-05.46.56 SHOT ctx viewport=1280x720 viewTarget=CameraActor_2147482375 cam=(0,1107,1582) rot=(-55,-90,0)
2026.09.26-05.46.56 SHOT fighter f-0-hero pos=(3,4) world=(100,150,0) screen=(750,495) projected=1 alive=1
2026.09.26-05.46.56 SHOT fighter f-0-sk0 pos=(4,2) world=(200,-50,0) screen=(847,318) projected=1 alive=1
2026.09.26-05.46.56 SHOT fighter f-0-sk1 pos=(2,1) world=(0,-150,0) screen=(640,236) projected=1 alive=1
2026.09.26-05.46.56 SHOT fighter f-0-sk2 pos=(1,2) world=(-100,-50,0) screen=(536,318) projected=1 alive=1
2026.09.26-05.46.56 SHOT fighter f-1-hero pos=(3,3) world=(100,50,0) screen=(747,404) projected=1 alive=1
2026.09.26-05.46.56 SHOT fighter f-1-sk0 pos=(4,3) world=(200,50,0) screen=(853,404) projected=1 alive=1
2026.09.26-05.46.56 SHOT requested: FScreenshotRequest(bShowUI) -> C:\Users\ren\AppData\Local\Temp\s09-pending-20260926-104611-208548\joiner/s09-combat-result.png
2026.09.26-05.46.56 RESOLVE panel revealed: A3+B0 vs D3
2026.09.26-05.46.56 closed mode=
2026.09.26-05.46.56 MODE seq=51 mode=0 combat=0 pending=0
2026.09.26-05.46.56 HUD seq=51 phase=ACTION_MANEUVER turn=you hand=6 oppHand=6(hidden) oppDeck=17~ deck=18~ discard=6
2026.09.26-05.46.56 FIGHTERS synced n=6 alive=6 own=2 enemy=4
2026.09.26-05.46.56 CUE damage f-1-hero -1 seq=51
2026.09.26-05.46.56 WS seq=51 phase=ACTION_MANEUVER (apply)
2026.09.26-05.46.56 S09AUTO drive mode=0 plan=[defend+resolve+scheme] phase=ACTION_MANEUVER turn=cmuhntiwu0001wib0z281rpa8
2026.09.26-05.46.56 S09AUTO own turn #4 (turnCount=10)
2026.09.26-05.46.56 SNAPSHOT applied seq=52 phase=ACTION_MANEUVER
2026.09.26-05.46.57 HANDLE_APPLIED #75 seq=52 decision=2 fightersValid=1 boardValid=1
2026.09.26-05.46.57 MANEUVER-DRAFT mode=maneuver:10:51
2026.09.26-05.46.57 DRAFT-OPEN draw committed (resume instead of begin)
2026.09.26-05.46.57 MODE seq=52 mode=1 combat=0 pending=0
2026.09.26-05.46.57 HUD seq=52 phase=ACTION_MANEUVER turn=you hand=7 oppHand=6(hidden) oppDeck=17~ deck=18~ discard=6
2026.09.26-05.46.57 FIGHTERS synced n=6 alive=6 own=2 enemy=4
2026.09.26-05.46.57 WS seq=52 phase=ACTION_MANEUVER (apply)
2026.09.26-05.46.57 SNAPSHOT applied seq=52 phase=ACTION_MANEUVER
2026.09.26-05.46.57 HANDLE_APPLIED #76 seq=52 decision=1 fightersValid=1 boardValid=1
2026.09.26-05.46.57 MODE seq=52 mode=1 combat=0 pending=0
2026.09.26-05.46.57 HUD seq=52 phase=ACTION_MANEUVER turn=you hand=7 oppHand=6(hidden) oppDeck=17 deck=17 discard=6
2026.09.26-05.46.57 FIGHTERS synced n=6 alive=6 own=2 enemy=4
2026.09.26-05.46.57 MANEUVER begin seq=52 (merge) pending=maneuver:10:51
2026.09.26-05.46.57 S09AUTO drive mode=1 plan=[defend+resolve+scheme] phase=ACTION_MANEUVER turn=cmuhntiwu0001wib0z281rpa8
2026.09.26-05.46.57 MANEUVER-CONFIRM moves=1 boost=none
2026.09.26-05.46.57 SNAPSHOT applied seq=53 phase=ACTION_MANEUVER
2026.09.26-05.46.57 HANDLE_APPLIED #77 seq=53 decision=2 fightersValid=1 boardValid=1
2026.09.26-05.46.57 closed mode=
2026.09.26-05.46.57 MODE seq=53 mode=0 combat=0 pending=0
2026.09.26-05.46.57 HUD seq=53 phase=ACTION_MANEUVER turn=you hand=7 oppHand=6(hidden) oppDeck=17~ deck=17~ discard=6
2026.09.26-05.46.57 FIGHTERS synced n=6 alive=6 own=2 enemy=4
2026.09.26-05.46.57 CUE move f-1-hero (3,3)->(2,3) seq=53
2026.09.26-05.46.57 WS seq=53 phase=ACTION_MANEUVER (apply)
2026.09.26-05.46.57 SNAPSHOT applied seq=53 phase=ACTION_MANEUVER
2026.09.26-05.46.57 HANDLE_APPLIED #78 seq=53 decision=1 fightersValid=1 boardValid=1
2026.09.26-05.46.57 MODE seq=53 mode=0 combat=0 pending=0
2026.09.26-05.46.57 HUD seq=53 phase=ACTION_MANEUVER turn=you hand=7 oppHand=6(hidden) oppDeck=17 deck=17 discard=6
2026.09.26-05.46.57 FIGHTERS synced n=6 alive=6 own=2 enemy=4
2026.09.26-05.46.57 MANEUVER done seq=53 (merge) fighters=6 boost=no
2026.09.26-05.46.58 S09AUTO drive mode=0 plan=[defend+resolve+scheme] phase=ACTION_MANEUVER turn=cmuhntiwu0001wib0z281rpa8
2026.09.26-05.46.58 SNAPSHOT applied seq=54 phase=ACTION_MANEUVER
2026.09.26-05.46.58 HANDLE_APPLIED #79 seq=54 decision=2 fightersValid=1 boardValid=1
2026.09.26-05.46.58 MANEUVER-DRAFT mode=maneuver:10:53
2026.09.26-05.46.58 DRAFT-OPEN draw committed (resume instead of begin)
2026.09.26-05.46.58 MODE seq=54 mode=1 combat=0 pending=0
2026.09.26-05.46.58 HUD seq=54 phase=ACTION_MANEUVER turn=you hand=8 oppHand=6(hidden) oppDeck=17~ deck=17~ discard=6
2026.09.26-05.46.58 FIGHTERS synced n=6 alive=6 own=2 enemy=4
2026.09.26-05.46.58 WS seq=54 phase=ACTION_MANEUVER (apply)
2026.09.26-05.46.58 SNAPSHOT applied seq=54 phase=ACTION_MANEUVER
2026.09.26-05.46.58 HANDLE_APPLIED #80 seq=54 decision=1 fightersValid=1 boardValid=1
2026.09.26-05.46.58 MODE seq=54 mode=1 combat=0 pending=0
2026.09.26-05.46.58 HUD seq=54 phase=ACTION_MANEUVER turn=you hand=8 oppHand=6(hidden) oppDeck=17 deck=16 discard=6
2026.09.26-05.46.58 FIGHTERS synced n=6 alive=6 own=2 enemy=4
2026.09.26-05.46.58 MANEUVER begin seq=54 (merge) pending=maneuver:10:53
2026.09.26-05.46.58 S09AUTO drive mode=1 plan=[defend+resolve+scheme] phase=ACTION_MANEUVER turn=cmuhntiwu0001wib0z281rpa8
2026.09.26-05.46.58 MANEUVER-CONFIRM moves=1 boost=none
2026.09.26-05.46.58 SNAPSHOT applied seq=55 phase=TURN_END
2026.09.26-05.46.58 HANDLE_APPLIED #81 seq=55 decision=2 fightersValid=1 boardValid=1
2026.09.26-05.46.58 DISCARD-DRAFT count=1 pending=discard:10:55
2026.09.26-05.46.58 MODE seq=55 mode=2 combat=0 pending=0
2026.09.26-05.46.58 HUD seq=55 phase=TURN_END turn=you hand=8 oppHand=6(hidden) oppDeck=17~ deck=16~ discard=6 pendingDiscard=1
2026.09.26-05.46.58 FIGHTERS synced n=6 alive=6 own=2 enemy=4
2026.09.26-05.46.58 CUE move f-1-hero (2,3)->(3,3) seq=55
2026.09.26-05.46.58 WS seq=55 phase=TURN_END (apply)
2026.09.26-05.46.58 SNAPSHOT applied seq=55 phase=TURN_END
2026.09.26-05.46.58 HANDLE_APPLIED #82 seq=55 decision=1 fightersValid=1 boardValid=1
2026.09.26-05.46.58 MODE seq=55 mode=2 combat=0 pending=0
2026.09.26-05.46.58 HUD seq=55 phase=TURN_END turn=you hand=8 oppHand=6(hidden) oppDeck=17 deck=16 discard=6 pendingDiscard=1
2026.09.26-05.46.58 FIGHTERS synced n=6 alive=6 own=2 enemy=4
2026.09.26-05.46.58 MANEUVER done seq=55 (merge) fighters=6 boost=no
2026.09.26-05.46.59 S09AUTO drive mode=2 plan=[defend+resolve+scheme] phase=TURN_END turn=cmuhntiwu0001wib0z281rpa8
2026.09.26-05.46.59 S09AUTO discard picks=1
2026.09.26-05.46.59 DISCARD-CONFIRM pending=discard:10:55 count=1 ids=cmuhgvgi600p0wi9gzhz8rkin::1
2026.09.26-05.46.59 SNAPSHOT applied seq=56 phase=ACTION_MANEUVER
2026.09.26-05.46.59 HANDLE_APPLIED #83 seq=56 decision=2 fightersValid=1 boardValid=1
2026.09.26-05.46.59 closed mode=
2026.09.26-05.46.59 MODE seq=56 mode=0 combat=0 pending=1
2026.09.26-05.46.59 HUD seq=56 phase=ACTION_MANEUVER turn=opp hand=7 oppHand=6(hidden) oppDeck=17~ deck=16~ discard=7
2026.09.26-05.46.59 FIGHTERS synced n=6 alive=6 own=2 enemy=4
2026.09.26-05.46.59 WS seq=56 phase=ACTION_MANEUVER (apply)
2026.09.26-05.46.59 SNAPSHOT applied seq=56 phase=ACTION_MANEUVER
2026.09.26-05.46.59 HANDLE_APPLIED #84 seq=56 decision=1 fightersValid=1 boardValid=1
2026.09.26-05.46.59 MODE seq=56 mode=0 combat=0 pending=1
2026.09.26-05.46.59 HUD seq=56 phase=ACTION_MANEUVER turn=opp hand=7 oppHand=6(hidden) oppDeck=17 deck=16 discard=7
2026.09.26-05.46.59 FIGHTERS synced n=6 alive=6 own=2 enemy=4
2026.09.26-05.46.59 DISCARD done seq=56 phase=ACTION_MANEUVER count=1
2026.09.26-05.46.59 SNAPSHOT applied seq=57 phase=ACTION_MANEUVER
2026.09.26-05.46.59 HANDLE_APPLIED #85 seq=57 decision=2 fightersValid=1 boardValid=1
2026.09.26-05.46.59 MODE seq=57 mode=0 combat=0 pending=0
2026.09.26-05.46.59 HUD seq=57 phase=ACTION_MANEUVER turn=opp hand=7 oppHand=6(hidden) oppDeck=17~ deck=16~ discard=7
2026.09.26-05.46.59 FIGHTERS synced n=6 alive=6 own=2 enemy=4
2026.09.26-05.46.59 CUE damage f-1-hero -1 seq=57
2026.09.26-05.46.59 WS seq=57 phase=ACTION_MANEUVER (apply)
2026.09.26-05.46.59 SNAPSHOT applied seq=58 phase=ACTION_MANEUVER
2026.09.26-05.46.59 HANDLE_APPLIED #86 seq=58 decision=2 fightersValid=1 boardValid=1
2026.09.26-05.46.59 MODE seq=58 mode=0 combat=0 pending=0
2026.09.26-05.46.59 HUD seq=58 phase=ACTION_MANEUVER turn=opp hand=7 oppHand=7(hidden) oppDeck=17~ deck=16~ discard=7
2026.09.26-05.46.59 FIGHTERS synced n=6 alive=6 own=2 enemy=4
2026.09.26-05.46.59 WS seq=58 phase=ACTION_MANEUVER (apply)
2026.09.26-05.46.59 SNAPSHOT applied seq=59 phase=ACTION_MANEUVER
2026.09.26-05.46.59 HANDLE_APPLIED #87 seq=59 decision=2 fightersValid=1 boardValid=1
2026.09.26-05.46.59 MODE seq=59 mode=0 combat=0 pending=0
2026.09.26-05.46.59 HUD seq=59 phase=ACTION_MANEUVER turn=opp hand=7 oppHand=7(hidden) oppDeck=17~ deck=16~ discard=7
2026.09.26-05.46.59 FIGHTERS synced n=6 alive=6 own=2 enemy=4
2026.09.26-05.46.59 CUE move f-0-hero (3,4)->(4,4) seq=59
2026.09.26-05.46.59 WS seq=59 phase=ACTION_MANEUVER (apply)
2026.09.26-05.47.00 S09AUTO drive mode=0 plan=[defend+resolve+scheme] phase=ACTION_MANEUVER turn=cmuhntivg0000wib0anhqyswc
2026.09.26-05.47.00 SNAPSHOT applied seq=60 phase=COMBAT
2026.09.26-05.47.00 HANDLE_APPLIED #88 seq=60 decision=2 fightersValid=1 boardValid=1
2026.09.26-05.47.00 closed mode=
2026.09.26-05.47.00 MODE seq=60 mode=4 combat=1 pending=0
2026.09.26-05.47.00 HUD seq=60 phase=COMBAT turn=opp hand=7 oppHand=6(hidden) oppDeck=17~ deck=16~ discard=7
2026.09.26-05.47.00 FIGHTERS synced n=6 alive=6 own=2 enemy=4
2026.09.26-05.47.00 WS seq=60 phase=COMBAT (apply)
2026.09.26-05.47.00 S09AUTO drive mode=4 plan=[defend+resolve+scheme] phase=COMBAT turn=cmuhntivg0000wib0anhqyswc
2026.09.26-05.47.00 S09AUTO defense card picked
2026.09.26-05.47.00 DEFENSE sent
2026.09.26-05.47.00 SNAPSHOT applied seq=61 phase=COMBAT_RESOLVE
2026.09.26-05.47.00 HANDLE_APPLIED #89 seq=61 decision=2 fightersValid=1 boardValid=1
2026.09.26-05.47.00 closed mode=
2026.09.26-05.47.00 MODE seq=61 mode=5 combat=1 pending=0
2026.09.26-05.47.00 HUD seq=61 phase=COMBAT_RESOLVE turn=opp hand=6 oppHand=6(hidden) oppDeck=17~ deck=16~ discard=8
2026.09.26-05.47.00 FIGHTERS synced n=6 alive=6 own=2 enemy=4
2026.09.26-05.47.00 WS seq=61 phase=COMBAT_RESOLVE (apply)
2026.09.26-05.47.01 SNAPSHOT applied seq=61 phase=COMBAT_RESOLVE
2026.09.26-05.47.01 HANDLE_APPLIED #90 seq=61 decision=1 fightersValid=1 boardValid=1
2026.09.26-05.47.01 MODE seq=61 mode=5 combat=1 pending=0
2026.09.26-05.47.01 HUD seq=61 phase=COMBAT_RESOLVE turn=opp hand=6 oppHand=6(hidden) oppDeck=16 deck=16 discard=8
2026.09.26-05.47.01 FIGHTERS synced n=6 alive=6 own=2 enemy=4
2026.09.26-05.47.01 DEFENSE done seq=61 (merge) phase=COMBAT_RESOLVE
2026.09.26-05.47.01 S09AUTO drive mode=5 plan=[defend+resolve+scheme] phase=COMBAT_RESOLVE turn=cmuhntivg0000wib0anhqyswc
2026.09.26-05.47.01 S09AUTO resolve
2026.09.26-05.47.01 RESOLVE sent
2026.09.26-05.47.01 SNAPSHOT applied seq=62 phase=COMBAT_RESOLVE
2026.09.26-05.47.01 HANDLE_APPLIED #91 seq=62 decision=2 fightersValid=1 boardValid=1
2026.09.26-05.47.01 MODE seq=62 mode=5 combat=1 pending=1
2026.09.26-05.47.01 HUD seq=62 phase=COMBAT_RESOLVE turn=opp hand=6 oppHand=6(hidden) oppDeck=16~ deck=16~ discard=8
2026.09.26-05.47.01 RESOLVE panel revealed: A3+B0 vs D0
2026.09.26-05.47.01 FIGHTERS synced n=6 alive=6 own=2 enemy=4
2026.09.26-05.47.01 WS seq=62 phase=COMBAT_RESOLVE (apply)
2026.09.26-05.47.01 SNAPSHOT applied seq=62 phase=COMBAT_RESOLVE
2026.09.26-05.47.01 HANDLE_APPLIED #92 seq=62 decision=1 fightersValid=1 boardValid=1
2026.09.26-05.47.01 MODE seq=62 mode=5 combat=1 pending=1
2026.09.26-05.47.01 HUD seq=62 phase=COMBAT_RESOLVE turn=opp hand=6 oppHand=6(hidden) oppDeck=16 deck=16 discard=8
2026.09.26-05.47.01 FIGHTERS synced n=6 alive=6 own=2 enemy=4
2026.09.26-05.47.01 RESOLVE done seq=62 (merge) phase=COMBAT_RESOLVE
2026.09.26-05.47.05 SNAPSHOT applied seq=63 phase=ACTION_MANEUVER
2026.09.26-05.47.05 HANDLE_APPLIED #93 seq=63 decision=2 fightersValid=1 boardValid=1
2026.09.26-05.47.05 COMBAT-RESULT seq=63 damage=5 role=defended
2026.09.26-05.47.05 RESOLVE panel revealed: A3+B0 vs D0
2026.09.26-05.47.05 closed mode=
2026.09.26-05.47.05 MODE seq=63 mode=0 combat=0 pending=0
2026.09.26-05.47.05 HUD seq=63 phase=ACTION_MANEUVER turn=you hand=6 oppHand=5(hidden) oppDeck=16~ deck=16~ discard=8
2026.09.26-05.47.05 FIGHTERS synced n=6 alive=6 own=2 enemy=4
2026.09.26-05.47.05 CUE damage f-1-sk0 -5 seq=63
2026.09.26-05.47.05 WS seq=63 phase=ACTION_MANEUVER (apply)
2026.09.26-05.47.05 S09AUTO drive mode=0 plan=[defend+resolve+scheme] phase=ACTION_MANEUVER turn=cmuhntiwu0001wib0z281rpa8
2026.09.26-05.47.05 S09AUTO own turn #5 (turnCount=12)
2026.09.26-05.47.05 SNAPSHOT applied seq=64 phase=ACTION_MANEUVER
2026.09.26-05.47.05 HANDLE_APPLIED #94 seq=64 decision=2 fightersValid=1 boardValid=1
2026.09.26-05.47.05 MANEUVER-DRAFT mode=maneuver:12:63
2026.09.26-05.47.05 DRAFT-OPEN draw committed (resume instead of begin)
2026.09.26-05.47.05 MODE seq=64 mode=1 combat=0 pending=0
2026.09.26-05.47.05 HUD seq=64 phase=ACTION_MANEUVER turn=you hand=7 oppHand=5(hidden) oppDeck=16~ deck=16~ discard=8
2026.09.26-05.47.05 FIGHTERS synced n=6 alive=6 own=2 enemy=4
2026.09.26-05.47.05 WS seq=64 phase=ACTION_MANEUVER (apply)
2026.09.26-05.47.05 SNAPSHOT applied seq=64 phase=ACTION_MANEUVER
2026.09.26-05.47.05 HANDLE_APPLIED #95 seq=64 decision=1 fightersValid=1 boardValid=1
2026.09.26-05.47.05 MODE seq=64 mode=1 combat=0 pending=0
2026.09.26-05.47.05 HUD seq=64 phase=ACTION_MANEUVER turn=you hand=7 oppHand=5(hidden) oppDeck=16 deck=15 discard=8
2026.09.26-05.47.05 FIGHTERS synced n=6 alive=6 own=2 enemy=4
2026.09.26-05.47.05 MANEUVER begin seq=64 (merge) pending=maneuver:12:63
2026.09.26-05.47.05 S09AUTO drive mode=1 plan=[defend+resolve+scheme] phase=ACTION_MANEUVER turn=cmuhntiwu0001wib0z281rpa8
2026.09.26-05.47.05 MANEUVER-CONFIRM moves=1 boost=none
2026.09.26-05.47.05 SNAPSHOT applied seq=65 phase=ACTION_MANEUVER
2026.09.26-05.47.05 HANDLE_APPLIED #96 seq=65 decision=2 fightersValid=1 boardValid=1
2026.09.26-05.47.05 closed mode=
2026.09.26-05.47.05 MODE seq=65 mode=0 combat=0 pending=0
2026.09.26-05.47.05 HUD seq=65 phase=ACTION_MANEUVER turn=you hand=7 oppHand=5(hidden) oppDeck=16~ deck=15~ discard=8
2026.09.26-05.47.05 FIGHTERS synced n=6 alive=6 own=2 enemy=4
2026.09.26-05.47.05 CUE move f-1-hero (3,3)->(2,3) seq=65
2026.09.26-05.47.05 WS seq=65 phase=ACTION_MANEUVER (apply)
2026.09.26-05.47.05 SNAPSHOT applied seq=65 phase=ACTION_MANEUVER
2026.09.26-05.47.05 HANDLE_APPLIED #97 seq=65 decision=1 fightersValid=1 boardValid=1
2026.09.26-05.47.05 MODE seq=65 mode=0 combat=0 pending=0
2026.09.26-05.47.05 HUD seq=65 phase=ACTION_MANEUVER turn=you hand=7 oppHand=5(hidden) oppDeck=16 deck=15 discard=8
2026.09.26-05.47.05 FIGHTERS synced n=6 alive=6 own=2 enemy=4
2026.09.26-05.47.05 MANEUVER done seq=65 (merge) fighters=6 boost=no
2026.09.26-05.47.06 S09AUTO drive mode=0 plan=[defend+resolve+scheme] phase=ACTION_MANEUVER turn=cmuhntiwu0001wib0z281rpa8
2026.09.26-05.47.06 SNAPSHOT applied seq=66 phase=ACTION_MANEUVER
2026.09.26-05.47.06 HANDLE_APPLIED #98 seq=66 decision=2 fightersValid=1 boardValid=1
2026.09.26-05.47.06 MANEUVER-DRAFT mode=maneuver:12:65
2026.09.26-05.47.06 DRAFT-OPEN draw committed (resume instead of begin)
2026.09.26-05.47.06 MODE seq=66 mode=1 combat=0 pending=0
2026.09.26-05.47.06 HUD seq=66 phase=ACTION_MANEUVER turn=you hand=8 oppHand=5(hidden) oppDeck=16~ deck=15~ discard=8
2026.09.26-05.47.06 FIGHTERS synced n=6 alive=6 own=2 enemy=4
2026.09.26-05.47.06 WS seq=66 phase=ACTION_MANEUVER (apply)
2026.09.26-05.47.06 SNAPSHOT applied seq=66 phase=ACTION_MANEUVER
2026.09.26-05.47.06 HANDLE_APPLIED #99 seq=66 decision=1 fightersValid=1 boardValid=1
2026.09.26-05.47.06 MODE seq=66 mode=1 combat=0 pending=0
2026.09.26-05.47.06 HUD seq=66 phase=ACTION_MANEUVER turn=you hand=8 oppHand=5(hidden) oppDeck=16 deck=14 discard=8
2026.09.26-05.47.06 FIGHTERS synced n=6 alive=6 own=2 enemy=4
2026.09.26-05.47.06 MANEUVER begin seq=66 (merge) pending=maneuver:12:65
2026.09.26-05.47.06 S09AUTO drive mode=1 plan=[defend+resolve+scheme] phase=ACTION_MANEUVER turn=cmuhntiwu0001wib0z281rpa8
2026.09.26-05.47.06 MANEUVER-CONFIRM moves=1 boost=none
2026.09.26-05.47.06 SNAPSHOT applied seq=67 phase=TURN_END
2026.09.26-05.47.06 HANDLE_APPLIED #100 seq=67 decision=2 fightersValid=1 boardValid=1
2026.09.26-05.47.06 DISCARD-DRAFT count=1 pending=discard:12:67
2026.09.26-05.47.06 MODE seq=67 mode=2 combat=0 pending=0
2026.09.26-05.47.06 HUD seq=67 phase=TURN_END turn=you hand=8 oppHand=5(hidden) oppDeck=16~ deck=14~ discard=8 pendingDiscard=1
2026.09.26-05.47.06 FIGHTERS synced n=6 alive=6 own=2 enemy=4
2026.09.26-05.47.06 CUE move f-1-hero (2,3)->(3,3) seq=67
2026.09.26-05.47.06 WS seq=67 phase=TURN_END (apply)
2026.09.26-05.47.06 SNAPSHOT applied seq=67 phase=TURN_END
2026.09.26-05.47.06 HANDLE_APPLIED #101 seq=67 decision=1 fightersValid=1 boardValid=1
2026.09.26-05.47.06 MODE seq=67 mode=2 combat=0 pending=0
2026.09.26-05.47.06 HUD seq=67 phase=TURN_END turn=you hand=8 oppHand=5(hidden) oppDeck=16 deck=14 discard=8 pendingDiscard=1
2026.09.26-05.47.06 FIGHTERS synced n=6 alive=6 own=2 enemy=4
2026.09.26-05.47.06 MANEUVER done seq=67 (merge) fighters=6 boost=no
2026.09.26-05.47.07 S09AUTO drive mode=2 plan=[defend+resolve+scheme] phase=TURN_END turn=cmuhntiwu0001wib0z281rpa8
2026.09.26-05.47.07 S09AUTO discard picks=1
2026.09.26-05.47.07 DISCARD-CONFIRM pending=discard:12:67 count=1 ids=cmuhgvgi800p4wi9greokvfle::1
2026.09.26-05.47.07 SNAPSHOT applied seq=68 phase=ACTION_MANEUVER
2026.09.26-05.47.07 HANDLE_APPLIED #102 seq=68 decision=2 fightersValid=1 boardValid=1
2026.09.26-05.47.07 closed mode=
2026.09.26-05.47.07 MODE seq=68 mode=0 combat=0 pending=1
2026.09.26-05.47.07 HUD seq=68 phase=ACTION_MANEUVER turn=opp hand=7 oppHand=5(hidden) oppDeck=16~ deck=14~ discard=9
2026.09.26-05.47.07 FIGHTERS synced n=6 alive=6 own=2 enemy=4
2026.09.26-05.47.07 WS seq=68 phase=ACTION_MANEUVER (apply)
2026.09.26-05.47.07 SNAPSHOT applied seq=68 phase=ACTION_MANEUVER
2026.09.26-05.47.07 HANDLE_APPLIED #103 seq=68 decision=1 fightersValid=1 boardValid=1
2026.09.26-05.47.07 MODE seq=68 mode=0 combat=0 pending=1
2026.09.26-05.47.07 HUD seq=68 phase=ACTION_MANEUVER turn=opp hand=7 oppHand=5(hidden) oppDeck=16 deck=14 discard=9
2026.09.26-05.47.07 FIGHTERS synced n=6 alive=6 own=2 enemy=4
2026.09.26-05.47.07 DISCARD done seq=68 phase=ACTION_MANEUVER count=1
2026.09.26-05.47.08 SNAPSHOT applied seq=69 phase=ACTION_MANEUVER
2026.09.26-05.47.08 HANDLE_APPLIED #104 seq=69 decision=2 fightersValid=1 boardValid=1
2026.09.26-05.47.08 MODE seq=69 mode=0 combat=0 pending=0
2026.09.26-05.47.08 HUD seq=69 phase=ACTION_MANEUVER turn=opp hand=7 oppHand=5(hidden) oppDeck=16~ deck=14~ discard=9
2026.09.26-05.47.08 FIGHTERS synced n=6 alive=6 own=2 enemy=4
2026.09.26-05.47.08 CUE damage f-1-hero -1 seq=69
2026.09.26-05.47.08 WS seq=69 phase=ACTION_MANEUVER (apply)
2026.09.26-05.47.08 SNAPSHOT applied seq=70 phase=ACTION_MANEUVER
2026.09.26-05.47.08 HANDLE_APPLIED #105 seq=70 decision=2 fightersValid=1 boardValid=1
2026.09.26-05.47.08 MODE seq=70 mode=0 combat=0 pending=0
2026.09.26-05.47.08 HUD seq=70 phase=ACTION_MANEUVER turn=opp hand=7 oppHand=6(hidden) oppDeck=16~ deck=14~ discard=9
2026.09.26-05.47.08 FIGHTERS synced n=6 alive=6 own=2 enemy=4
2026.09.26-05.47.08 WS seq=70 phase=ACTION_MANEUVER (apply)
2026.09.26-05.47.08 SNAPSHOT applied seq=71 phase=ACTION_MANEUVER
2026.09.26-05.47.08 HANDLE_APPLIED #106 seq=71 decision=2 fightersValid=1 boardValid=1
2026.09.26-05.47.08 MODE seq=71 mode=0 combat=0 pending=0
2026.09.26-05.47.08 HUD seq=71 phase=ACTION_MANEUVER turn=opp hand=7 oppHand=6(hidden) oppDeck=16~ deck=14~ discard=9
2026.09.26-05.47.08 FIGHTERS synced n=6 alive=6 own=2 enemy=4
2026.09.26-05.47.08 CUE move f-0-hero (4,4)->(3,4) seq=71
2026.09.26-05.47.08 WS seq=71 phase=ACTION_MANEUVER (apply)
2026.09.26-05.47.09 S09AUTO drive mode=0 plan=[defend+resolve+scheme] phase=ACTION_MANEUVER turn=cmuhntivg0000wib0anhqyswc
2026.09.26-05.47.09 SNAPSHOT applied seq=72 phase=COMBAT
2026.09.26-05.47.09 HANDLE_APPLIED #107 seq=72 decision=2 fightersValid=1 boardValid=1
2026.09.26-05.47.09 closed mode=
2026.09.26-05.47.09 MODE seq=72 mode=4 combat=1 pending=0
2026.09.26-05.47.09 HUD seq=72 phase=COMBAT turn=opp hand=7 oppHand=5(hidden) oppDeck=16~ deck=14~ discard=9
2026.09.26-05.47.09 FIGHTERS synced n=6 alive=6 own=2 enemy=4
2026.09.26-05.47.09 WS seq=72 phase=COMBAT (apply)
2026.09.26-05.47.09 S09AUTO drive mode=4 plan=[defend+resolve+scheme] phase=COMBAT turn=cmuhntivg0000wib0anhqyswc
2026.09.26-05.47.09 S09AUTO defense card picked
2026.09.26-05.47.09 DEFENSE sent
2026.09.26-05.47.09 SNAPSHOT applied seq=73 phase=COMBAT_RESOLVE
2026.09.26-05.47.09 HANDLE_APPLIED #108 seq=73 decision=2 fightersValid=1 boardValid=1
2026.09.26-05.47.09 closed mode=
2026.09.26-05.47.09 MODE seq=73 mode=5 combat=1 pending=0
2026.09.26-05.47.09 HUD seq=73 phase=COMBAT_RESOLVE turn=opp hand=6 oppHand=5(hidden) oppDeck=16~ deck=14~ discard=10
2026.09.26-05.47.09 FIGHTERS synced n=6 alive=6 own=2 enemy=4
2026.09.26-05.47.09 WS seq=73 phase=COMBAT_RESOLVE (apply)
2026.09.26-05.47.09 SNAPSHOT applied seq=73 phase=COMBAT_RESOLVE
2026.09.26-05.47.09 HANDLE_APPLIED #109 seq=73 decision=1 fightersValid=1 boardValid=1
2026.09.26-05.47.09 MODE seq=73 mode=5 combat=1 pending=0
2026.09.26-05.47.09 HUD seq=73 phase=COMBAT_RESOLVE turn=opp hand=6 oppHand=5(hidden) oppDeck=15 deck=14 discard=10
2026.09.26-05.47.09 FIGHTERS synced n=6 alive=6 own=2 enemy=4
2026.09.26-05.47.09 DEFENSE done seq=73 (merge) phase=COMBAT_RESOLVE
2026.09.26-05.47.09 S09AUTO drive mode=5 plan=[defend+resolve+scheme] phase=COMBAT_RESOLVE turn=cmuhntivg0000wib0anhqyswc
2026.09.26-05.47.09 S09AUTO resolve
2026.09.26-05.47.09 RESOLVE sent
2026.09.26-05.47.09 SNAPSHOT applied seq=74 phase=COMBAT_RESOLVE
2026.09.26-05.47.09 HANDLE_APPLIED #110 seq=74 decision=2 fightersValid=1 boardValid=1
2026.09.26-05.47.09 MODE seq=74 mode=5 combat=1 pending=1
2026.09.26-05.47.09 HUD seq=74 phase=COMBAT_RESOLVE turn=opp hand=6 oppHand=5(hidden) oppDeck=15~ deck=14~ discard=10
2026.09.26-05.47.09 RESOLVE panel revealed: A3+B0 vs D3
2026.09.26-05.47.09 FIGHTERS synced n=6 alive=6 own=2 enemy=4
2026.09.26-05.47.09 WS seq=74 phase=COMBAT_RESOLVE (apply)
2026.09.26-05.47.09 SNAPSHOT applied seq=74 phase=COMBAT_RESOLVE
2026.09.26-05.47.09 HANDLE_APPLIED #111 seq=74 decision=1 fightersValid=1 boardValid=1
2026.09.26-05.47.09 MODE seq=74 mode=5 combat=1 pending=1
2026.09.26-05.47.09 HUD seq=74 phase=COMBAT_RESOLVE turn=opp hand=6 oppHand=5(hidden) oppDeck=15 deck=14 discard=10
2026.09.26-05.47.09 FIGHTERS synced n=6 alive=6 own=2 enemy=4
2026.09.26-05.47.09 RESOLVE done seq=74 (merge) phase=COMBAT_RESOLVE
2026.09.26-05.47.13 SNAPSHOT applied seq=75 phase=ACTION_MANEUVER
2026.09.26-05.47.13 HANDLE_APPLIED #112 seq=75 decision=2 fightersValid=1 boardValid=1
2026.09.26-05.47.13 COMBAT-RESULT seq=75 damage=3 role=defended
2026.09.26-05.47.13 RESOLVE panel revealed: A3+B0 vs D3
2026.09.26-05.47.13 closed mode=
2026.09.26-05.47.13 MODE seq=75 mode=0 combat=0 pending=0
2026.09.26-05.47.13 HUD seq=75 phase=ACTION_MANEUVER turn=you hand=6 oppHand=4(hidden) oppDeck=15~ deck=14~ discard=10
2026.09.26-05.47.13 FIGHTERS synced n=6 alive=6 own=2 enemy=4
2026.09.26-05.47.13 CUE damage f-1-hero -3 seq=75
2026.09.26-05.47.13 WS seq=75 phase=ACTION_MANEUVER (apply)
2026.09.26-05.47.13 S09AUTO drive mode=0 plan=[defend+resolve+scheme] phase=ACTION_MANEUVER turn=cmuhntiwu0001wib0z281rpa8
2026.09.26-05.47.13 S09AUTO own turn #6 (turnCount=14)
2026.09.26-05.47.13 SNAPSHOT applied seq=76 phase=ACTION_MANEUVER
2026.09.26-05.47.13 HANDLE_APPLIED #113 seq=76 decision=2 fightersValid=1 boardValid=1
2026.09.26-05.47.13 MANEUVER-DRAFT mode=maneuver:14:75
2026.09.26-05.47.13 DRAFT-OPEN draw committed (resume instead of begin)
2026.09.26-05.47.13 MODE seq=76 mode=1 combat=0 pending=0
2026.09.26-05.47.13 HUD seq=76 phase=ACTION_MANEUVER turn=you hand=7 oppHand=4(hidden) oppDeck=15~ deck=14~ discard=10
2026.09.26-05.47.13 FIGHTERS synced n=6 alive=6 own=2 enemy=4
2026.09.26-05.47.13 WS seq=76 phase=ACTION_MANEUVER (apply)
2026.09.26-05.47.13 SNAPSHOT applied seq=76 phase=ACTION_MANEUVER
2026.09.26-05.47.13 HANDLE_APPLIED #114 seq=76 decision=1 fightersValid=1 boardValid=1
2026.09.26-05.47.13 MODE seq=76 mode=1 combat=0 pending=0
2026.09.26-05.47.13 HUD seq=76 phase=ACTION_MANEUVER turn=you hand=7 oppHand=4(hidden) oppDeck=15 deck=13 discard=10
2026.09.26-05.47.13 FIGHTERS synced n=6 alive=6 own=2 enemy=4
2026.09.26-05.47.13 MANEUVER begin seq=76 (merge) pending=maneuver:14:75
2026.09.26-05.47.13 S09AUTO drive mode=1 plan=[defend+resolve+scheme] phase=ACTION_MANEUVER turn=cmuhntiwu0001wib0z281rpa8
2026.09.26-05.47.13 MANEUVER-CONFIRM moves=1 boost=none
2026.09.26-05.47.13 SNAPSHOT applied seq=77 phase=ACTION_MANEUVER
2026.09.26-05.47.13 HANDLE_APPLIED #115 seq=77 decision=2 fightersValid=1 boardValid=1
2026.09.26-05.47.13 closed mode=
2026.09.26-05.47.13 MODE seq=77 mode=0 combat=0 pending=0
2026.09.26-05.47.13 HUD seq=77 phase=ACTION_MANEUVER turn=you hand=7 oppHand=4(hidden) oppDeck=15~ deck=13~ discard=10
2026.09.26-05.47.13 FIGHTERS synced n=6 alive=6 own=2 enemy=4
2026.09.26-05.47.13 CUE move f-1-hero (3,3)->(2,3) seq=77
2026.09.26-05.47.13 WS seq=77 phase=ACTION_MANEUVER (apply)
2026.09.26-05.47.13 SNAPSHOT applied seq=77 phase=ACTION_MANEUVER
2026.09.26-05.47.13 HANDLE_APPLIED #116 seq=77 decision=1 fightersValid=1 boardValid=1
2026.09.26-05.47.13 MODE seq=77 mode=0 combat=0 pending=0
2026.09.26-05.47.13 HUD seq=77 phase=ACTION_MANEUVER turn=you hand=7 oppHand=4(hidden) oppDeck=15 deck=13 discard=10
2026.09.26-05.47.13 FIGHTERS synced n=6 alive=6 own=2 enemy=4
2026.09.26-05.47.13 MANEUVER done seq=77 (merge) fighters=6 boost=no
2026.09.26-05.47.14 S09AUTO drive mode=0 plan=[defend+resolve+scheme] phase=ACTION_MANEUVER turn=cmuhntiwu0001wib0z281rpa8
2026.09.26-05.47.14 SNAPSHOT applied seq=78 phase=ACTION_MANEUVER
2026.09.26-05.47.14 HANDLE_APPLIED #117 seq=78 decision=2 fightersValid=1 boardValid=1
2026.09.26-05.47.14 MANEUVER-DRAFT mode=maneuver:14:77
2026.09.26-05.47.14 DRAFT-OPEN draw committed (resume instead of begin)
2026.09.26-05.47.14 MODE seq=78 mode=1 combat=0 pending=0
2026.09.26-05.47.14 HUD seq=78 phase=ACTION_MANEUVER turn=you hand=8 oppHand=4(hidden) oppDeck=15~ deck=13~ discard=10
2026.09.26-05.47.14 FIGHTERS synced n=6 alive=6 own=2 enemy=4
2026.09.26-05.47.14 WS seq=78 phase=ACTION_MANEUVER (apply)
2026.09.26-05.47.14 SNAPSHOT applied seq=78 phase=ACTION_MANEUVER
2026.09.26-05.47.14 HANDLE_APPLIED #118 seq=78 decision=1 fightersValid=1 boardValid=1
2026.09.26-05.47.14 MODE seq=78 mode=1 combat=0 pending=0
2026.09.26-05.47.14 HUD seq=78 phase=ACTION_MANEUVER turn=you hand=8 oppHand=4(hidden) oppDeck=15 deck=12 discard=10
2026.09.26-05.47.14 FIGHTERS synced n=6 alive=6 own=2 enemy=4
2026.09.26-05.47.14 MANEUVER begin seq=78 (merge) pending=maneuver:14:77
2026.09.26-05.47.14 S09AUTO drive mode=1 plan=[defend+resolve+scheme] phase=ACTION_MANEUVER turn=cmuhntiwu0001wib0z281rpa8
2026.09.26-05.47.14 MANEUVER-CONFIRM moves=1 boost=none
2026.09.26-05.47.14 SNAPSHOT applied seq=79 phase=TURN_END
2026.09.26-05.47.14 HANDLE_APPLIED #119 seq=79 decision=2 fightersValid=1 boardValid=1
2026.09.26-05.47.14 DISCARD-DRAFT count=1 pending=discard:14:79
2026.09.26-05.47.14 MODE seq=79 mode=2 combat=0 pending=0
2026.09.26-05.47.14 HUD seq=79 phase=TURN_END turn=you hand=8 oppHand=4(hidden) oppDeck=15~ deck=12~ discard=10 pendingDiscard=1
2026.09.26-05.47.14 FIGHTERS synced n=6 alive=6 own=2 enemy=4
2026.09.26-05.47.14 CUE move f-1-hero (2,3)->(3,3) seq=79
2026.09.26-05.47.14 WS seq=79 phase=TURN_END (apply)
2026.09.26-05.47.14 SNAPSHOT applied seq=79 phase=TURN_END
2026.09.26-05.47.14 HANDLE_APPLIED #120 seq=79 decision=1 fightersValid=1 boardValid=1
2026.09.26-05.47.14 MODE seq=79 mode=2 combat=0 pending=0
2026.09.26-05.47.14 HUD seq=79 phase=TURN_END turn=you hand=8 oppHand=4(hidden) oppDeck=15 deck=12 discard=10 pendingDiscard=1
2026.09.26-05.47.14 FIGHTERS synced n=6 alive=6 own=2 enemy=4
2026.09.26-05.47.14 MANEUVER done seq=79 (merge) fighters=6 boost=no
2026.09.26-05.47.16 S09AUTO drive mode=2 plan=[defend+resolve+scheme] phase=TURN_END turn=cmuhntiwu0001wib0z281rpa8
2026.09.26-05.47.16 S09AUTO discard picks=1
2026.09.26-05.47.16 DISCARD-CONFIRM pending=discard:14:79 count=1 ids=cmuhgvgi200oqwi9ginqxairz::1
2026.09.26-05.47.16 SNAPSHOT applied seq=80 phase=ACTION_MANEUVER
2026.09.26-05.47.16 HANDLE_APPLIED #121 seq=80 decision=2 fightersValid=1 boardValid=1
2026.09.26-05.47.16 closed mode=
2026.09.26-05.47.16 MODE seq=80 mode=0 combat=0 pending=1
2026.09.26-05.47.16 HUD seq=80 phase=ACTION_MANEUVER turn=opp hand=7 oppHand=4(hidden) oppDeck=15~ deck=12~ discard=11
2026.09.26-05.47.16 FIGHTERS synced n=6 alive=6 own=2 enemy=4
2026.09.26-05.47.16 WS seq=80 phase=ACTION_MANEUVER (apply)
2026.09.26-05.47.16 SNAPSHOT applied seq=80 phase=ACTION_MANEUVER
2026.09.26-05.47.16 HANDLE_APPLIED #122 seq=80 decision=1 fightersValid=1 boardValid=1
2026.09.26-05.47.16 MODE seq=80 mode=0 combat=0 pending=1
2026.09.26-05.47.16 HUD seq=80 phase=ACTION_MANEUVER turn=opp hand=7 oppHand=4(hidden) oppDeck=15 deck=12 discard=11
2026.09.26-05.47.16 FIGHTERS synced n=6 alive=6 own=2 enemy=4
2026.09.26-05.47.16 DISCARD done seq=80 phase=ACTION_MANEUVER count=1
2026.09.26-05.47.16 SNAPSHOT applied seq=81 phase=ACTION_MANEUVER
2026.09.26-05.47.16 HANDLE_APPLIED #123 seq=81 decision=2 fightersValid=1 boardValid=1
2026.09.26-05.47.16 MODE seq=81 mode=0 combat=0 pending=0
2026.09.26-05.47.16 HUD seq=81 phase=ACTION_MANEUVER turn=opp hand=7 oppHand=4(hidden) oppDeck=15~ deck=12~ discard=11
2026.09.26-05.47.16 FIGHTERS synced n=6 alive=6 own=2 enemy=4
2026.09.26-05.47.16 CUE damage f-1-hero -1 seq=81
2026.09.26-05.47.16 WS seq=81 phase=ACTION_MANEUVER (apply)
2026.09.26-05.47.16 SNAPSHOT applied seq=82 phase=ACTION_MANEUVER
2026.09.26-05.47.16 HANDLE_APPLIED #124 seq=82 decision=2 fightersValid=1 boardValid=1
2026.09.26-05.47.16 MODE seq=82 mode=0 combat=0 pending=0
2026.09.26-05.47.16 HUD seq=82 phase=ACTION_MANEUVER turn=opp hand=7 oppHand=5(hidden) oppDeck=15~ deck=12~ discard=11
2026.09.26-05.47.16 FIGHTERS synced n=6 alive=6 own=2 enemy=4
2026.09.26-05.47.16 WS seq=82 phase=ACTION_MANEUVER (apply)
2026.09.26-05.47.16 SNAPSHOT applied seq=83 phase=ACTION_MANEUVER
2026.09.26-05.47.16 HANDLE_APPLIED #125 seq=83 decision=2 fightersValid=1 boardValid=1
2026.09.26-05.47.16 MODE seq=83 mode=0 combat=0 pending=0
2026.09.26-05.47.16 HUD seq=83 phase=ACTION_MANEUVER turn=opp hand=7 oppHand=5(hidden) oppDeck=15~ deck=12~ discard=11
2026.09.26-05.47.16 FIGHTERS synced n=6 alive=6 own=2 enemy=4
2026.09.26-05.47.16 CUE move f-0-hero (3,4)->(4,4) seq=83
2026.09.26-05.47.16 WS seq=83 phase=ACTION_MANEUVER (apply)
2026.09.26-05.47.17 S09AUTO drive mode=0 plan=[defend+resolve+scheme] phase=ACTION_MANEUVER turn=cmuhntivg0000wib0anhqyswc
2026.09.26-05.47.17 SNAPSHOT applied seq=84 phase=ACTION_MANEUVER
2026.09.26-05.47.17 HANDLE_APPLIED #126 seq=84 decision=2 fightersValid=1 boardValid=1
2026.09.26-05.47.17 MODE seq=84 mode=0 combat=0 pending=0
2026.09.26-05.47.17 HUD seq=84 phase=ACTION_MANEUVER turn=opp hand=7 oppHand=6(hidden) oppDeck=15~ deck=12~ discard=11
2026.09.26-05.47.17 FIGHTERS synced n=6 alive=6 own=2 enemy=4
2026.09.26-05.47.17 WS seq=84 phase=ACTION_MANEUVER (apply)
2026.09.26-05.47.17 SNAPSHOT applied seq=85 phase=ACTION_MANEUVER
2026.09.26-05.47.17 HANDLE_APPLIED #127 seq=85 decision=2 fightersValid=1 boardValid=1
2026.09.26-05.47.17 MODE seq=85 mode=0 combat=0 pending=0
2026.09.26-05.47.17 HUD seq=85 phase=ACTION_MANEUVER turn=you hand=7 oppHand=6(hidden) oppDeck=15~ deck=12~ discard=11
2026.09.26-05.47.17 FIGHTERS synced n=6 alive=6 own=2 enemy=4
2026.09.26-05.47.17 CUE move f-0-hero (4,4)->(3,4) seq=85
2026.09.26-05.47.17 WS seq=85 phase=ACTION_MANEUVER (apply)
2026.09.26-05.47.17 S09AUTO own turn #7 (turnCount=16)
2026.09.26-05.47.17 S09AUTO scheme
2026.09.26-05.47.17 SNAPSHOT applied seq=86 phase=ACTION_MANEUVER
2026.09.26-05.47.17 HANDLE_APPLIED #128 seq=86 decision=2 fightersValid=1 boardValid=1
2026.09.26-05.47.17 MODE seq=86 mode=0 combat=0 pending=0
2026.09.26-05.47.17 HUD seq=86 phase=ACTION_MANEUVER turn=you hand=7 oppHand=6(hidden) oppDeck=15~ deck=12~ discard=12
2026.09.26-05.47.17 FIGHTERS synced n=6 alive=6 own=2 enemy=4
2026.09.26-05.47.17 WS seq=86 phase=ACTION_MANEUVER (apply)
2026.09.26-05.47.17 SNAPSHOT applied seq=86 phase=ACTION_MANEUVER
2026.09.26-05.47.17 HANDLE_APPLIED #129 seq=86 decision=1 fightersValid=1 boardValid=1
2026.09.26-05.47.17 MODE seq=86 mode=0 combat=0 pending=0
2026.09.26-05.47.17 HUD seq=86 phase=ACTION_MANEUVER turn=you hand=7 oppHand=6(hidden) oppDeck=13 deck=11 discard=12
2026.09.26-05.47.17 FIGHTERS synced n=6 alive=6 own=2 enemy=4
2026.09.26-05.47.17 SCHEME done seq=86 (merge) phase=ACTION_MANEUVER
2026.09.26-05.47.18 SNAPSHOT applied seq=87 phase=ACTION_MANEUVER
2026.09.26-05.47.18 HANDLE_APPLIED #130 seq=87 decision=2 fightersValid=1 boardValid=1
2026.09.26-05.47.18 MANEUVER-DRAFT mode=maneuver:16:86
2026.09.26-05.47.18 DRAFT-OPEN draw committed (resume instead of begin)
2026.09.26-05.47.18 MODE seq=87 mode=1 combat=0 pending=0
2026.09.26-05.47.18 HUD seq=87 phase=ACTION_MANEUVER turn=you hand=8 oppHand=6(hidden) oppDeck=13 deck=10 discard=12
2026.09.26-05.47.18 FIGHTERS synced n=6 alive=6 own=2 enemy=4
2026.09.26-05.47.18 MANEUVER begin seq=87 (apply) pending=maneuver:16:86
2026.09.26-05.47.18 SNAPSHOT applied seq=87 phase=ACTION_MANEUVER
2026.09.26-05.47.18 HANDLE_APPLIED #131 seq=87 decision=1 fightersValid=1 boardValid=1
2026.09.26-05.47.18 MODE seq=87 mode=1 combat=0 pending=0
2026.09.26-05.47.18 HUD seq=87 phase=ACTION_MANEUVER turn=you hand=8 oppHand=6(hidden) oppDeck=13 deck=10 discard=12
2026.09.26-05.47.18 FIGHTERS synced n=6 alive=6 own=2 enemy=4
2026.09.26-05.47.18 WS seq=87 phase=ACTION_MANEUVER (merge)
2026.09.26-05.47.18 S09AUTO drive mode=1 plan=[defend+resolve+scheme] phase=ACTION_MANEUVER turn=cmuhntiwu0001wib0z281rpa8
2026.09.26-05.47.18 MANEUVER-CONFIRM moves=1 boost=none
2026.09.26-05.47.18 SNAPSHOT applied seq=88 phase=TURN_END
2026.09.26-05.47.18 HANDLE_APPLIED #132 seq=88 decision=2 fightersValid=1 boardValid=1
2026.09.26-05.47.18 DISCARD-DRAFT count=1 pending=discard:16:88
2026.09.26-05.47.18 MODE seq=88 mode=2 combat=0 pending=0
2026.09.26-05.47.18 HUD seq=88 phase=TURN_END turn=you hand=8 oppHand=6(hidden) oppDeck=13~ deck=10~ discard=12 pendingDiscard=1
2026.09.26-05.47.18 FIGHTERS synced n=6 alive=6 own=2 enemy=4
2026.09.26-05.47.18 CUE move f-1-hero (3,3)->(2,3) seq=88
2026.09.26-05.47.18 WS seq=88 phase=TURN_END (apply)
2026.09.26-05.47.18 SNAPSHOT applied seq=88 phase=TURN_END
2026.09.26-05.47.18 HANDLE_APPLIED #133 seq=88 decision=1 fightersValid=1 boardValid=1
2026.09.26-05.47.18 MODE seq=88 mode=2 combat=0 pending=0
2026.09.26-05.47.18 HUD seq=88 phase=TURN_END turn=you hand=8 oppHand=6(hidden) oppDeck=13 deck=10 discard=12 pendingDiscard=1
2026.09.26-05.47.18 FIGHTERS synced n=6 alive=6 own=2 enemy=4
2026.09.26-05.47.18 MANEUVER done seq=88 (merge) fighters=6 boost=no
2026.09.26-05.47.20 S09AUTO drive mode=2 plan=[defend+resolve+scheme] phase=TURN_END turn=cmuhntiwu0001wib0z281rpa8
2026.09.26-05.47.20 S09AUTO discard picks=1
2026.09.26-05.47.20 DISCARD-CONFIRM pending=discard:16:88 count=1 ids=cmuhgvgi900p6wi9g6bvevxsm::0
2026.09.26-05.47.20 SNAPSHOT applied seq=89 phase=ACTION_MANEUVER
2026.09.26-05.47.20 HANDLE_APPLIED #134 seq=89 decision=2 fightersValid=1 boardValid=1
2026.09.26-05.47.20 closed mode=
2026.09.26-05.47.20 MODE seq=89 mode=0 combat=0 pending=1
2026.09.26-05.47.20 HUD seq=89 phase=ACTION_MANEUVER turn=opp hand=7 oppHand=6(hidden) oppDeck=13~ deck=10~ discard=13
2026.09.26-05.47.20 FIGHTERS synced n=6 alive=6 own=2 enemy=4
2026.09.26-05.47.20 WS seq=89 phase=ACTION_MANEUVER (apply)
2026.09.26-05.47.20 SNAPSHOT applied seq=89 phase=ACTION_MANEUVER
2026.09.26-05.47.20 HANDLE_APPLIED #135 seq=89 decision=1 fightersValid=1 boardValid=1
2026.09.26-05.47.20 MODE seq=89 mode=0 combat=0 pending=1
2026.09.26-05.47.20 HUD seq=89 phase=ACTION_MANEUVER turn=opp hand=7 oppHand=6(hidden) oppDeck=13 deck=10 discard=13
2026.09.26-05.47.20 FIGHTERS synced n=6 alive=6 own=2 enemy=4
2026.09.26-05.47.20 DISCARD done seq=89 phase=ACTION_MANEUVER count=1
2026.09.26-05.47.20 SNAPSHOT applied seq=90 phase=ACTION_MANEUVER
2026.09.26-05.47.20 HANDLE_APPLIED #136 seq=90 decision=2 fightersValid=1 boardValid=1
2026.09.26-05.47.20 MODE seq=90 mode=0 combat=0 pending=0
2026.09.26-05.47.20 HUD seq=90 phase=ACTION_MANEUVER turn=opp hand=7 oppHand=6(hidden) oppDeck=13~ deck=10~ discard=13
2026.09.26-05.47.20 FIGHTERS synced n=6 alive=6 own=2 enemy=4
2026.09.26-05.47.20 CUE damage f-1-hero -1 seq=90
2026.09.26-05.47.20 WS seq=90 phase=ACTION_MANEUVER (apply)
2026.09.26-05.47.20 SNAPSHOT applied seq=91 phase=COMBAT
2026.09.26-05.47.20 HANDLE_APPLIED #137 seq=91 decision=2 fightersValid=1 boardValid=1
2026.09.26-05.47.20 closed mode=
2026.09.26-05.47.20 MODE seq=91 mode=4 combat=1 pending=0
2026.09.26-05.47.20 HUD seq=91 phase=COMBAT turn=opp hand=7 oppHand=5(hidden) oppDeck=13~ deck=10~ discard=13
2026.09.26-05.47.20 FIGHTERS synced n=6 alive=6 own=2 enemy=4
2026.09.26-05.47.20 WS seq=91 phase=COMBAT (apply)
2026.09.26-05.47.21 S09AUTO drive mode=4 plan=[defend+resolve+scheme] phase=COMBAT turn=cmuhntivg0000wib0anhqyswc
2026.09.26-05.47.21 S09AUTO defense card picked
2026.09.26-05.47.21 DEFENSE sent
2026.09.26-05.47.21 SNAPSHOT applied seq=92 phase=COMBAT_RESOLVE
2026.09.26-05.47.21 HANDLE_APPLIED #138 seq=92 decision=2 fightersValid=1 boardValid=1
2026.09.26-05.47.21 closed mode=
2026.09.26-05.47.21 MODE seq=92 mode=5 combat=1 pending=0
2026.09.26-05.47.21 HUD seq=92 phase=COMBAT_RESOLVE turn=opp hand=6 oppHand=5(hidden) oppDeck=13~ deck=10~ discard=14
2026.09.26-05.47.21 FIGHTERS synced n=6 alive=6 own=2 enemy=4
2026.09.26-05.47.21 WS seq=92 phase=COMBAT_RESOLVE (apply)
2026.09.26-05.47.21 SNAPSHOT applied seq=92 phase=COMBAT_RESOLVE
2026.09.26-05.47.21 HANDLE_APPLIED #139 seq=92 decision=1 fightersValid=1 boardValid=1
2026.09.26-05.47.21 MODE seq=92 mode=5 combat=1 pending=0
2026.09.26-05.47.21 HUD seq=92 phase=COMBAT_RESOLVE turn=opp hand=6 oppHand=5(hidden) oppDeck=13 deck=10 discard=14
2026.09.26-05.47.21 FIGHTERS synced n=6 alive=6 own=2 enemy=4
2026.09.26-05.47.21 DEFENSE done seq=92 (merge) phase=COMBAT_RESOLVE
2026.09.26-05.47.21 S09AUTO drive mode=5 plan=[defend+resolve+scheme] phase=COMBAT_RESOLVE turn=cmuhntivg0000wib0anhqyswc
2026.09.26-05.47.21 S09AUTO resolve
2026.09.26-05.47.21 RESOLVE sent
2026.09.26-05.47.21 SNAPSHOT applied seq=93 phase=ACTION_MANEUVER
2026.09.26-05.47.21 HANDLE_APPLIED #140 seq=93 decision=2 fightersValid=1 boardValid=1
2026.09.26-05.47.21 COMBAT-RESULT seq=93 damage=2 role=defended
2026.09.26-05.47.21 closed mode=
2026.09.26-05.47.21 MODE seq=93 mode=0 combat=0 pending=0
2026.09.26-05.47.21 HUD seq=93 phase=ACTION_MANEUVER turn=opp hand=6 oppHand=5(hidden) oppDeck=13~ deck=10~ discard=14
2026.09.26-05.47.21 FIGHTERS synced n=6 alive=5 own=1 enemy=4
2026.09.26-05.47.21 CUE damage f-1-sk0 -2 seq=93
2026.09.26-05.47.21 WS seq=93 phase=ACTION_MANEUVER (apply)
2026.09.26-05.47.21 SNAPSHOT applied seq=93 phase=ACTION_MANEUVER
2026.09.26-05.47.21 HANDLE_APPLIED #141 seq=93 decision=1 fightersValid=1 boardValid=1
2026.09.26-05.47.21 MODE seq=93 mode=0 combat=0 pending=0
2026.09.26-05.47.21 HUD seq=93 phase=ACTION_MANEUVER turn=opp hand=6 oppHand=5(hidden) oppDeck=13 deck=10 discard=14
2026.09.26-05.47.21 FIGHTERS synced n=6 alive=5 own=1 enemy=4
2026.09.26-05.47.21 RESOLVE done seq=93 (merge) phase=ACTION_MANEUVER
2026.09.26-05.47.21 S09AUTO drive mode=0 plan=[defend+resolve+scheme] phase=ACTION_MANEUVER turn=cmuhntivg0000wib0anhqyswc
2026.09.26-05.47.21 SNAPSHOT applied seq=94 phase=ACTION_MANEUVER
2026.09.26-05.47.21 HANDLE_APPLIED #142 seq=94 decision=2 fightersValid=1 boardValid=1
2026.09.26-05.47.21 MODE seq=94 mode=0 combat=0 pending=0
2026.09.26-05.47.21 HUD seq=94 phase=ACTION_MANEUVER turn=opp hand=6 oppHand=6(hidden) oppDeck=13~ deck=10~ discard=14
2026.09.26-05.47.21 FIGHTERS synced n=6 alive=5 own=1 enemy=4
2026.09.26-05.47.21 WS seq=94 phase=ACTION_MANEUVER (apply)
2026.09.26-05.47.21 SNAPSHOT applied seq=95 phase=ACTION_MANEUVER
2026.09.26-05.47.21 HANDLE_APPLIED #143 seq=95 decision=2 fightersValid=1 boardValid=1
2026.09.26-05.47.21 MODE seq=95 mode=0 combat=0 pending=0
2026.09.26-05.47.21 HUD seq=95 phase=ACTION_MANEUVER turn=you hand=6 oppHand=6(hidden) oppDeck=13~ deck=10~ discard=14
2026.09.26-05.47.21 FIGHTERS synced n=6 alive=5 own=1 enemy=4
2026.09.26-05.47.21 CUE move f-0-hero (3,4)->(2,4) seq=95
2026.09.26-05.47.21 WS seq=95 phase=ACTION_MANEUVER (apply)
2026.09.26-05.47.21 S09AUTO own turn #8 (turnCount=18)
2026.09.26-05.47.21 SNAPSHOT applied seq=96 phase=ACTION_MANEUVER
2026.09.26-05.47.21 HANDLE_APPLIED #144 seq=96 decision=2 fightersValid=1 boardValid=1
2026.09.26-05.47.21 MANEUVER-DRAFT mode=maneuver:18:95
2026.09.26-05.47.21 DRAFT-OPEN draw committed (resume instead of begin)
2026.09.26-05.47.21 MODE seq=96 mode=1 combat=0 pending=0
2026.09.26-05.47.21 HUD seq=96 phase=ACTION_MANEUVER turn=you hand=7 oppHand=6(hidden) oppDeck=13~ deck=10~ discard=14
2026.09.26-05.47.21 FIGHTERS synced n=6 alive=5 own=1 enemy=4
2026.09.26-05.47.21 WS seq=96 phase=ACTION_MANEUVER (apply)
2026.09.26-05.47.21 SNAPSHOT applied seq=96 phase=ACTION_MANEUVER
2026.09.26-05.47.21 HANDLE_APPLIED #145 seq=96 decision=1 fightersValid=1 boardValid=1
2026.09.26-05.47.21 MODE seq=96 mode=1 combat=0 pending=0
2026.09.26-05.47.21 HUD seq=96 phase=ACTION_MANEUVER turn=you hand=7 oppHand=6(hidden) oppDeck=12 deck=9 discard=14
2026.09.26-05.47.21 FIGHTERS synced n=6 alive=5 own=1 enemy=4
2026.09.26-05.47.21 MANEUVER begin seq=96 (merge) pending=maneuver:18:95
2026.09.26-05.47.21 S09AUTO drive mode=1 plan=[defend+resolve+scheme] phase=ACTION_MANEUVER turn=cmuhntiwu0001wib0z281rpa8
2026.09.26-05.47.21 MANEUVER-CONFIRM moves=1 boost=none
2026.09.26-05.47.21 SNAPSHOT applied seq=97 phase=ACTION_MANEUVER
2026.09.26-05.47.21 HANDLE_APPLIED #146 seq=97 decision=2 fightersValid=1 boardValid=1
2026.09.26-05.47.21 closed mode=
2026.09.26-05.47.21 MODE seq=97 mode=0 combat=0 pending=0
2026.09.26-05.47.21 HUD seq=97 phase=ACTION_MANEUVER turn=you hand=7 oppHand=6(hidden) oppDeck=12~ deck=9~ discard=14
2026.09.26-05.47.21 FIGHTERS synced n=6 alive=5 own=1 enemy=4
2026.09.26-05.47.21 CUE move f-1-hero (2,3)->(3,3) seq=97
2026.09.26-05.47.21 WS seq=97 phase=ACTION_MANEUVER (apply)
2026.09.26-05.47.21 SNAPSHOT applied seq=97 phase=ACTION_MANEUVER
2026.09.26-05.47.21 HANDLE_APPLIED #147 seq=97 decision=1 fightersValid=1 boardValid=1
2026.09.26-05.47.21 MODE seq=97 mode=0 combat=0 pending=0
2026.09.26-05.47.21 HUD seq=97 phase=ACTION_MANEUVER turn=you hand=7 oppHand=6(hidden) oppDeck=12 deck=9 discard=14
2026.09.26-05.47.21 FIGHTERS synced n=6 alive=5 own=1 enemy=4
2026.09.26-05.47.21 MANEUVER done seq=97 (merge) fighters=6 boost=no
2026.09.26-05.47.22 S09AUTO drive mode=0 plan=[defend+resolve+scheme] phase=ACTION_MANEUVER turn=cmuhntiwu0001wib0z281rpa8
2026.09.26-05.47.22 SNAPSHOT applied seq=98 phase=ACTION_MANEUVER
2026.09.26-05.47.22 HANDLE_APPLIED #148 seq=98 decision=2 fightersValid=1 boardValid=1
2026.09.26-05.47.22 MANEUVER-DRAFT mode=maneuver:18:97
2026.09.26-05.47.22 DRAFT-OPEN draw committed (resume instead of begin)
2026.09.26-05.47.22 MODE seq=98 mode=1 combat=0 pending=0
2026.09.26-05.47.22 HUD seq=98 phase=ACTION_MANEUVER turn=you hand=8 oppHand=6(hidden) oppDeck=12~ deck=9~ discard=14
2026.09.26-05.47.22 FIGHTERS synced n=6 alive=5 own=1 enemy=4
2026.09.26-05.47.22 WS seq=98 phase=ACTION_MANEUVER (apply)
2026.09.26-05.47.22 SNAPSHOT applied seq=98 phase=ACTION_MANEUVER
2026.09.26-05.47.22 HANDLE_APPLIED #149 seq=98 decision=1 fightersValid=1 boardValid=1
2026.09.26-05.47.22 MODE seq=98 mode=1 combat=0 pending=0
2026.09.26-05.47.22 HUD seq=98 phase=ACTION_MANEUVER turn=you hand=8 oppHand=6(hidden) oppDeck=12 deck=8 discard=14
2026.09.26-05.47.22 FIGHTERS synced n=6 alive=5 own=1 enemy=4
2026.09.26-05.47.22 MANEUVER begin seq=98 (merge) pending=maneuver:18:97
2026.09.26-05.47.22 S09AUTO drive mode=1 plan=[defend+resolve+scheme] phase=ACTION_MANEUVER turn=cmuhntiwu0001wib0z281rpa8
2026.09.26-05.47.22 MANEUVER-CONFIRM moves=1 boost=none
2026.09.26-05.47.23 SNAPSHOT applied seq=99 phase=TURN_END
2026.09.26-05.47.23 HANDLE_APPLIED #150 seq=99 decision=2 fightersValid=1 boardValid=1
2026.09.26-05.47.23 DISCARD-DRAFT count=1 pending=discard:18:99
2026.09.26-05.47.23 MODE seq=99 mode=2 combat=0 pending=0
2026.09.26-05.47.23 HUD seq=99 phase=TURN_END turn=you hand=8 oppHand=6(hidden) oppDeck=12~ deck=8~ discard=14 pendingDiscard=1
2026.09.26-05.47.23 FIGHTERS synced n=6 alive=5 own=1 enemy=4
2026.09.26-05.47.23 CUE move f-1-hero (3,3)->(4,3) seq=99
2026.09.26-05.47.23 WS seq=99 phase=TURN_END (apply)
2026.09.26-05.47.23 SNAPSHOT applied seq=99 phase=TURN_END
2026.09.26-05.47.23 HANDLE_APPLIED #151 seq=99 decision=1 fightersValid=1 boardValid=1
2026.09.26-05.47.23 MODE seq=99 mode=2 combat=0 pending=0
2026.09.26-05.47.23 HUD seq=99 phase=TURN_END turn=you hand=8 oppHand=6(hidden) oppDeck=12 deck=8 discard=14 pendingDiscard=1
2026.09.26-05.47.23 FIGHTERS synced n=6 alive=5 own=1 enemy=4
2026.09.26-05.47.23 MANEUVER done seq=99 (merge) fighters=6 boost=no
2026.09.26-05.47.24 S09AUTO drive mode=2 plan=[defend+resolve+scheme] phase=TURN_END turn=cmuhntiwu0001wib0z281rpa8
2026.09.26-05.47.24 S09AUTO discard picks=1
2026.09.26-05.47.24 DISCARD-CONFIRM pending=discard:18:99 count=1 ids=cmuhgvgi300oswi9gm8lj3wbw::0
2026.09.26-05.47.24 SNAPSHOT applied seq=100 phase=ACTION_MANEUVER
2026.09.26-05.47.24 HANDLE_APPLIED #152 seq=100 decision=2 fightersValid=1 boardValid=1
2026.09.26-05.47.24 closed mode=
2026.09.26-05.47.24 MODE seq=100 mode=0 combat=0 pending=1
2026.09.26-05.47.24 HUD seq=100 phase=ACTION_MANEUVER turn=opp hand=7 oppHand=6(hidden) oppDeck=12~ deck=8~ discard=15
2026.09.26-05.47.24 FIGHTERS synced n=6 alive=5 own=1 enemy=4
2026.09.26-05.47.24 WS seq=100 phase=ACTION_MANEUVER (apply)
2026.09.26-05.47.24 SNAPSHOT applied seq=100 phase=ACTION_MANEUVER
2026.09.26-05.47.24 HANDLE_APPLIED #153 seq=100 decision=1 fightersValid=1 boardValid=1
2026.09.26-05.47.24 MODE seq=100 mode=0 combat=0 pending=1
2026.09.26-05.47.24 HUD seq=100 phase=ACTION_MANEUVER turn=opp hand=7 oppHand=6(hidden) oppDeck=12 deck=8 discard=15
2026.09.26-05.47.24 FIGHTERS synced n=6 alive=5 own=1 enemy=4
2026.09.26-05.47.24 DISCARD done seq=100 phase=ACTION_MANEUVER count=1
2026.09.26-05.47.24 SNAPSHOT applied seq=101 phase=ACTION_MANEUVER
2026.09.26-05.47.24 HANDLE_APPLIED #154 seq=101 decision=2 fightersValid=1 boardValid=1
2026.09.26-05.47.24 MODE seq=101 mode=0 combat=0 pending=0
2026.09.26-05.47.24 HUD seq=101 phase=ACTION_MANEUVER turn=opp hand=7 oppHand=6(hidden) oppDeck=12~ deck=8~ discard=15
2026.09.26-05.47.24 FIGHTERS synced n=6 alive=5 own=1 enemy=4
2026.09.26-05.47.24 CUE damage f-1-hero -1 seq=101
2026.09.26-05.47.24 WS seq=101 phase=ACTION_MANEUVER (apply)
2026.09.26-05.47.24 SNAPSHOT applied seq=102 phase=COMBAT
2026.09.26-05.47.24 HANDLE_APPLIED #155 seq=102 decision=2 fightersValid=1 boardValid=1
2026.09.26-05.47.24 closed mode=
2026.09.26-05.47.24 MODE seq=102 mode=4 combat=1 pending=0
2026.09.26-05.47.24 HUD seq=102 phase=COMBAT turn=opp hand=7 oppHand=5(hidden) oppDeck=12~ deck=8~ discard=15
2026.09.26-05.47.24 FIGHTERS synced n=6 alive=5 own=1 enemy=4
2026.09.26-05.47.24 WS seq=102 phase=COMBAT (apply)
2026.09.26-05.47.25 S09AUTO drive mode=4 plan=[defend+resolve+scheme] phase=COMBAT turn=cmuhntivg0000wib0anhqyswc
2026.09.26-05.47.25 S09AUTO defense card picked
2026.09.26-05.47.25 DEFENSE sent
2026.09.26-05.47.25 SNAPSHOT applied seq=103 phase=COMBAT_RESOLVE
2026.09.26-05.47.25 HANDLE_APPLIED #156 seq=103 decision=2 fightersValid=1 boardValid=1
2026.09.26-05.47.25 closed mode=
2026.09.26-05.47.25 MODE seq=103 mode=5 combat=1 pending=0
2026.09.26-05.47.25 HUD seq=103 phase=COMBAT_RESOLVE turn=opp hand=6 oppHand=5(hidden) oppDeck=12~ deck=8~ discard=16
2026.09.26-05.47.25 FIGHTERS synced n=6 alive=5 own=1 enemy=4
2026.09.26-05.47.25 WS seq=103 phase=COMBAT_RESOLVE (apply)
2026.09.26-05.47.25 SNAPSHOT applied seq=103 phase=COMBAT_RESOLVE
2026.09.26-05.47.25 HANDLE_APPLIED #157 seq=103 decision=1 fightersValid=1 boardValid=1
2026.09.26-05.47.25 MODE seq=103 mode=5 combat=1 pending=0
2026.09.26-05.47.25 HUD seq=103 phase=COMBAT_RESOLVE turn=opp hand=6 oppHand=5(hidden) oppDeck=12 deck=8 discard=16
2026.09.26-05.47.25 FIGHTERS synced n=6 alive=5 own=1 enemy=4
2026.09.26-05.47.25 DEFENSE done seq=103 (merge) phase=COMBAT_RESOLVE
2026.09.26-05.47.25 S09AUTO drive mode=5 plan=[defend+resolve+scheme] phase=COMBAT_RESOLVE turn=cmuhntivg0000wib0anhqyswc
2026.09.26-05.47.25 S09AUTO resolve
2026.09.26-05.47.25 RESOLVE sent
2026.09.26-05.47.25 SNAPSHOT applied seq=104 phase=ACTION_MANEUVER
2026.09.26-05.47.25 HANDLE_APPLIED #158 seq=104 decision=2 fightersValid=1 boardValid=1
2026.09.26-05.47.25 COMBAT-RESULT seq=104 damage=0 role=defended
2026.09.26-05.47.25 closed mode=
2026.09.26-05.47.25 MODE seq=104 mode=0 combat=0 pending=0
2026.09.26-05.47.25 HUD seq=104 phase=ACTION_MANEUVER turn=opp hand=6 oppHand=5(hidden) oppDeck=12~ deck=8~ discard=16
2026.09.26-05.47.25 FIGHTERS synced n=6 alive=5 own=1 enemy=4
2026.09.26-05.47.25 WS seq=104 phase=ACTION_MANEUVER (apply)
2026.09.26-05.47.25 SNAPSHOT applied seq=104 phase=ACTION_MANEUVER
2026.09.26-05.47.25 HANDLE_APPLIED #159 seq=104 decision=1 fightersValid=1 boardValid=1
2026.09.26-05.47.25 MODE seq=104 mode=0 combat=0 pending=0
2026.09.26-05.47.25 HUD seq=104 phase=ACTION_MANEUVER turn=opp hand=6 oppHand=5(hidden) oppDeck=12 deck=8 discard=16
2026.09.26-05.47.25 FIGHTERS synced n=6 alive=5 own=1 enemy=4
2026.09.26-05.47.25 RESOLVE done seq=104 (merge) phase=ACTION_MANEUVER
2026.09.26-05.47.25 S09AUTO drive mode=0 plan=[defend+resolve+scheme] phase=ACTION_MANEUVER turn=cmuhntivg0000wib0anhqyswc
2026.09.26-05.47.25 SNAPSHOT applied seq=105 phase=ACTION_MANEUVER
2026.09.26-05.47.25 HANDLE_APPLIED #160 seq=105 decision=2 fightersValid=1 boardValid=1
2026.09.26-05.47.25 MODE seq=105 mode=0 combat=0 pending=1
2026.09.26-05.47.25 HUD seq=105 phase=ACTION_MANEUVER turn=opp hand=6 oppHand=4(hidden) oppDeck=12~ deck=8~ discard=16
2026.09.26-05.47.25 FIGHTERS synced n=6 alive=5 own=1 enemy=4
2026.09.26-05.47.25 WS seq=105 phase=ACTION_MANEUVER (apply)
2026.09.26-05.47.26 SNAPSHOT applied seq=106 phase=ACTION_MANEUVER
2026.09.26-05.47.26 HANDLE_APPLIED #161 seq=106 decision=2 fightersValid=1 boardValid=1
2026.09.26-05.47.26 MODE seq=106 mode=0 combat=0 pending=0
2026.09.26-05.47.26 HUD seq=106 phase=ACTION_MANEUVER turn=you hand=6 oppHand=4(hidden) oppDeck=12~ deck=8~ discard=16
2026.09.26-05.47.26 FIGHTERS synced n=6 alive=5 own=1 enemy=4
2026.09.26-05.47.26 CUE damage f-0-hero -2 seq=106
2026.09.26-05.47.26 WS seq=106 phase=ACTION_MANEUVER (apply)
2026.09.26-05.47.26 S09AUTO own turn #9 (turnCount=20)
2026.09.26-05.47.26 S09AUTO scheme
2026.09.26-05.47.26 SCHEME failed: Карту с банером «Merlin» нельзя разыграть: боец не в игре
2026.09.26-05.47.28 S09AUTO scheme
2026.09.26-05.47.28 SCHEME failed: Карту с банером «Merlin» нельзя разыграть: боец не в игре
2026.09.26-05.47.29 S09AUTO scheme
2026.09.26-05.47.29 SCHEME failed: Карту с банером «Merlin» нельзя разыграть: боец не в игре
2026.09.26-05.47.30 S09AUTO scheme
2026.09.26-05.47.30 SCHEME failed: Карту с банером «Merlin» нельзя разыграть: боец не в игре
2026.09.26-05.47.31 S09AUTO scheme
2026.09.26-05.47.31 SCHEME failed: Карту с банером «Merlin» нельзя разыграть: боец не в игре
2026.09.26-05.47.32 S09AUTO scheme
2026.09.26-05.47.32 SCHEME failed: Карту с банером «Merlin» нельзя разыграть: боец не в игре
2026.09.26-05.47.34 S09AUTO scheme
2026.09.26-05.47.34 SCHEME failed: Карту с банером «Merlin» нельзя разыграть: боец не в игре
2026.09.26-05.47.35 S09AUTO scheme
2026.09.26-05.47.35 SCHEME failed: Карту с банером «Merlin» нельзя разыграть: боец не в игре
2026.09.26-05.47.36 S09AUTO scheme
2026.09.26-05.47.36 SCHEME failed: Карту с банером «Merlin» нельзя разыграть: боец не в игре
2026.09.26-05.47.37 S09AUTO scheme
2026.09.26-05.47.37 SCHEME failed: Карту с банером «Merlin» нельзя разыграть: боец не в игре
2026.09.26-05.47.38 S09AUTO scheme
2026.09.26-05.47.38 SCHEME failed: Карту с банером «Merlin» нельзя разыграть: боец не в игре
2026.09.26-05.47.40 S09AUTO scheme
2026.09.26-05.47.40 SCHEME failed: Карту с банером «Merlin» нельзя разыграть: боец не в игре
2026.09.26-05.47.41 S09AUTO scheme
2026.09.26-05.47.41 SCHEME failed: Карту с банером «Merlin» нельзя разыграть: боец не в игре
2026.09.26-05.47.42 S09AUTO scheme
2026.09.26-05.47.42 SCHEME failed: Карту с банером «Merlin» нельзя разыграть: боец не в игре
2026.09.26-05.47.43 S09AUTO scheme
2026.09.26-05.47.43 SCHEME failed: Карту с банером «Merlin» нельзя разыграть: боец не в игре
2026.09.26-05.47.44 S09AUTO scheme
2026.09.26-05.47.44 SCHEME failed: Карту с банером «Merlin» нельзя разыграть: боец не в игре
2026.09.26-05.47.46 S09AUTO scheme
2026.09.26-05.47.46 SCHEME failed: Карту с банером «Merlin» нельзя разыграть: боец не в игре
2026.09.26-05.47.47 S09AUTO scheme
2026.09.26-05.47.47 SCHEME failed: Карту с банером «Merlin» нельзя разыграть: боец не в игре
2026.09.26-05.47.48 S09AUTO scheme
2026.09.26-05.47.48 SCHEME failed: Карту с банером «Merlin» нельзя разыграть: боец не в игре
2026.09.26-05.47.49 S09AUTO scheme
2026.09.26-05.47.49 SCHEME failed: Карту с банером «Merlin» нельзя разыграть: боец не в игре
2026.09.26-05.47.50 S09AUTO scheme
2026.09.26-05.47.50 SCHEME failed: Карту с банером «Merlin» нельзя разыграть: боец не в игре
2026.09.26-05.47.52 S09AUTO scheme
2026.09.26-05.47.52 SCHEME failed: Карту с банером «Merlin» нельзя разыграть: боец не в игре
2026.09.26-05.47.53 S09AUTO scheme
2026.09.26-05.47.53 SCHEME failed: Карту с банером «Merlin» нельзя разыграть: боец не в игре
2026.09.26-05.47.54 S09AUTO scheme
2026.09.26-05.47.54 SCHEME failed: Карту с банером «Merlin» нельзя разыграть: боец не в игре
2026.09.26-05.47.55 S09AUTO scheme
2026.09.26-05.47.55 SCHEME failed: Карту с банером «Merlin» нельзя разыграть: боец не в игре
2026.09.26-05.47.56 S09AUTO scheme
2026.09.26-05.47.56 SCHEME failed: Карту с банером «Merlin» нельзя разыграть: боец не в игре
2026.09.26-05.47.58 S09AUTO scheme
2026.09.26-05.47.58 SCHEME failed: Карту с банером «Merlin» нельзя разыграть: боец не в игре
2026.09.26-05.47.59 S09AUTO scheme
2026.09.26-05.47.59 SCHEME failed: Карту с банером «Merlin» нельзя разыграть: боец не в игре
2026.09.26-05.48.00 S09AUTO scheme
2026.09.26-05.48.00 SCHEME failed: Карту с банером «Merlin» нельзя разыграть: боец не в игре
2026.09.26-05.48.01 S09AUTO scheme
2026.09.26-05.48.01 SCHEME failed: Карту с банером «Merlin» нельзя разыграть: боец не в игре
2026.09.26-05.48.02 S09AUTO scheme
2026.09.26-05.48.02 SCHEME failed: Карту с банером «Merlin» нельзя разыграть: боец не в игре
2026.09.26-05.48.04 S09AUTO scheme
2026.09.26-05.48.04 SCHEME failed: Карту с банером «Merlin» нельзя разыграть: боец не в игре
2026.09.26-05.48.05 S09AUTO scheme
2026.09.26-05.48.05 SCHEME failed: Карту с банером «Merlin» нельзя разыграть: боец не в игре
2026.09.26-05.48.06 S09AUTO scheme
2026.09.26-05.48.06 SCHEME failed: Карту с банером «Merlin» нельзя разыграть: боец не в игре
2026.09.26-05.48.07 S09AUTO scheme
2026.09.26-05.48.07 SCHEME failed: Карту с банером «Merlin» нельзя разыграть: боец не в игре
2026.09.26-05.48.08 S09AUTO scheme
2026.09.26-05.48.08 SCHEME failed: Карту с банером «Merlin» нельзя разыграть: боец не в игре
2026.09.26-05.48.10 S09AUTO scheme
2026.09.26-05.48.10 SCHEME failed: Карту с банером «Merlin» нельзя разыграть: боец не в игре
2026.09.26-05.48.11 S09AUTO scheme
2026.09.26-05.48.11 SCHEME failed: Карту с банером «Merlin» нельзя разыграть: боец не в игре
2026.09.26-05.48.12 S09AUTO scheme
2026.09.26-05.48.12 SCHEME failed: Карту с банером «Merlin» нельзя разыграть: боец не в игре
2026.09.26-05.48.13 S09AUTO scheme
2026.09.26-05.48.13 SCHEME failed: Карту с банером «Merlin» нельзя разыграть: боец не в игре
2026.09.26-05.48.14 S09AUTO scheme
2026.09.26-05.48.14 SCHEME failed: Карту с банером «Merlin» нельзя разыграть: боец не в игре
2026.09.26-05.48.16 S09AUTO scheme
2026.09.26-05.48.16 SCHEME failed: Карту с банером «Merlin» нельзя разыграть: боец не в игре
2026.09.26-05.48.17 S09AUTO scheme
2026.09.26-05.48.17 SCHEME failed: Карту с банером «Merlin» нельзя разыграть: боец не в игре
2026.09.26-05.48.18 S09AUTO scheme
2026.09.26-05.48.18 SCHEME failed: Карту с банером «Merlin» нельзя разыграть: боец не в игре
