2026.10.06-03.41.27 --- S08 trace open 2026.10.06-03.41.27 ---
2026.10.06-03.41.27 MS-ANIM settings reduced=0 speed=normal shake=1 saved=1 hop=0.000 lean=10.0 leanIn=60 turn=120 settle=150 ease=0
2026.10.06-03.41.27 SETTINGS saved speed=normal reduced=0 shake=1 ruleHints=1 master=100 masterMute=0 ambience=60 ambienceMute=0 music=60 sfx=80 ui=80 vo=80 subtitles=1 describeSounds=0 combatSpeed=1.00 audioApplied=1
2026.10.06-03.41.27 CUE audio master=100 master_mute=0 ambience=60 ambience_mute=0 gain_master=1.00 gain_ambience=0.60 music=60 sfx=80 ui=80 vo=80 subtitles=1 t=0 applied=start
2026.10.06-03.41.27 AUDIO-MIX limiter ceiling=-1.5 lookahead=5 makeup=5.0
2026.10.06-03.41.27 CATCHUP config queued=3 lagMs=1500
2026.10.06-03.41.27 HUD team chips ready=1 mode=absolute tagNames=rule
2026.10.06-03.41.27 HUD icon texture size=32 ready=1 path=/Game/ArtTests/ARTMarkers/Textures/T_UI_Action_AttackToken_32 texture=32x32 probe=0 plate=1
2026.10.06-03.41.27 HUD art widget tag impl=umg source=/Game/S08/UI/ArtHud/WBP_S08ArtTag class=/Game/S08/UI/ArtHud/WBP_S08ArtTag.WBP_S08ArtTag_C count=8 missing=- codeDefaultTree=0
2026.10.06-03.41.27 HUD art widget plate impl=umg source=/Game/S08/UI/ArtHud/WBP_S08ArtPlate class=/Game/S08/UI/ArtHud/WBP_S08ArtPlate.WBP_S08ArtPlate_C parts=1 missing=- codeDefaultTree=0
2026.10.06-03.41.27 HUD art widget icon impl=umg source=icon-motion-v3 class=/Script/Unmatched.S08AnimatedIconWidget parts=1 missing=- codeDefaultTree=1
2026.10.06-03.41.27 HUD art widget damage impl=umg source=/Game/S08/UI/ArtHud/WBP_S08ArtDamage class=/Game/S08/UI/ArtHud/WBP_S08ArtDamage.WBP_S08ArtDamage_C parts=1 missing=- codeDefaultTree=0
2026.10.06-03.41.27 HUD-HINT config ruleHints=1 saved=1 limitDefault=7
2026.10.06-03.41.27 HUD-TURN config portraits=1 ring=marker-turn-ring heartGlow=1 tracker=de cross=1 ringIcon=1 banner=600
2026.10.06-03.41.27 HUD-SLOT config fly=200 oppHold=1500 own=500 min=1000 fade=250 cap=30000 lowerSu=60 slide=120
2026.10.06-03.41.27 RENDER preset applied=High flag=S08RenderPreset
2026.10.06-03.41.27 S09AUTO config flow=1 boost=0 shotDir=C:\Users\ren\AppData\Local\Temp\s09-combat-20261006-084119-39652\joiner
2026.10.06-03.41.27 SETTINGS changed speed=normal reduced=0 shake=1 ruleHints=1 master=100 masterMute=0 ambience=60 ambienceMute=0 music=60 sfx=80 ui=80 vo=80 subtitles=1 describeSounds=0 motionChanged=0
2026.10.06-03.41.27 LOGIN ok user=s09-gd034-joiner
2026.10.06-03.41.30 HEROES loaded 84
2026.10.06-03.41.30 CODE resolved -> cmuw4tbs005wpt84mulgi3nuk
2026.10.06-03.41.30 SFX bank=UI-LOGIN-OK tag=login class=UI t=3267 sound=SW_UI_LOGIN_OK_01 gain=0.80
2026.10.06-03.41.30 MUSIC state=lobby theme=MUS-MENU t=3267
2026.10.06-03.41.30 joinGame -> room=cmuw4tbs005wpt84mulgi3nuk code=<redacted> status=LOBBY
2026.10.06-03.41.30 SFX bank=UI-ROOM-JOIN tag=room class=UI t=3267 sound=SW_UI_ROOM_JOIN_01 gain=0.80
2026.10.06-03.41.30 MUSIC theme=MUS-MENU t=3300 l1=ok l2=ok
2026.10.06-03.41.33 game -> room=cmuw4tbs005wpt84mulgi3nuk code=<redacted> status=LOBBY
2026.10.06-03.41.33 selectHero -> room=cmuw4tbs005wpt84mulgi3nuk code=<redacted> status=LOBBY
2026.10.06-03.41.36 game -> room=cmuw4tbs005wpt84mulgi3nuk code=<redacted> status=LOBBY
2026.10.06-03.41.36 toggleReady -> room=cmuw4tbs005wpt84mulgi3nuk code=<redacted> status=LOBBY
2026.10.06-03.41.36 SFX bank=UI-ROOM-READY tag=room class=UI t=9034 sound=SW_UI_ROOM_READY_01 gain=0.80
2026.10.06-03.41.39 game -> room=cmuw4tbs005wpt84mulgi3nuk code=<redacted> status=LOBBY
2026.10.06-03.41.42 game -> room=cmuw4tbs005wpt84mulgi3nuk code=<redacted> status=IN_PROGRESS
2026.10.06-03.41.42 SFX bank=UI-ROOM-COUNT-GO tag=room class=UI t=15034 sound=SW_UI_ROOM_COUNT_GO_01 gain=0.80
2026.10.06-03.41.42 S09AUTO drive mode=0 plan=[attack+abilityboost+scheme+storms+defend+resolve] phase= turn=
2026.10.06-03.41.42 SNAPSHOT applied seq=3 phase=ACTION_MANEUVER
2026.10.06-03.41.42 HANDLE_APPLIED #1 seq=3 decision=2 fightersValid=1 boardValid=1
2026.10.06-03.41.42 MODE seq=3 mode=0 combat=0 pending=0
2026.10.06-03.41.42 MS-OPP verb=turn seq=3
2026.10.06-03.41.42 MS-TRACK own=0/2 opp=1/2 oppVisible=1 seq=3
2026.10.06-03.41.42 MS-LAST enter seq=3 player=cmuhntivg0000wib0anhqyswc source=MANEUVER moves=1 boost=-1
2026.10.06-03.41.42 HUD-TURN seq=3 turn=opp initial=1 ring=marker-turn-ring flash=0 banner=0 reduced=0
2026.10.06-03.41.42 AUDIO-REC start t=15067 file=C:\tmp\au-live\aus6c-sarpedon\joiner.wav master=1.00
2026.10.06-03.41.42 MUSIC state=intro theme=MUS-MAP-SARPEDON t=15067 sting=STG-MATCH-START
2026.10.06-03.41.42 AMB map=SARPEDON beds=5 spots=3 t=15067
2026.10.06-03.41.42 HUD seq=3 phase=ACTION_MANEUVER turn=opp hand=5 oppHand=6(hidden) oppDeck=24 deck=25 discard=0
2026.10.06-03.41.42 DECKLIST request game=cmuw4tbs005wpt84mulgi3nuk
2026.10.06-03.41.42 MS-STATUS seq=3 text="Syncing…"
2026.10.06-03.41.42 ARTLOOK art=1 source=default heroes=v2 tray=on env=on review=1 legacyRender=0 aliases=-ArtPreviewHeroesV2 hud=ring:marker-turn-ring,glow:on,tracker:de,cross:on
2026.10.06-03.41.42 ARTPREVIEW diorama requested mesh=/Game/PipelineCandidates/TableBase/20260928-table-base-tripo-h31/Meshes/SM_TableBase.SM_TableBase mi=MI_TableBase_Candidate
2026.10.06-03.41.42 ARTPREVIEW envlayout enabled dir=Config/ArtBoards/EnvLayouts source=pak files=2 names=marmoreal.layout.json+sarpedon.layout.json overlays=marmoreal.concept.layout.json+marmoreal.user.layout.json+sarpedon.concept.layout.json+sarpedon.scene.layout.json+sarpedon.user.layout.json
2026.10.06-03.41.42 ARTPREVIEW board profiles loaded=1 revision=22 boards=2 zoneStyles=11 lightProfiles=2 errors=0 path=Config/ArtBoards/S08ArtBoardProfiles.json
2026.10.06-03.41.42 ARTPREVIEW board profiles source=pak sha256=0a3417258f46ad3d99620bcbabd1b37615192b7a59f090c77515189845b33bb7
2026.10.06-03.41.42 ARTPREVIEW zone content instances=12/12 glyphMeshes=11/11
2026.10.06-03.41.42 ARTPREVIEW zone keyline content mi=MI_ART005_Zone_Keyline glyphKeyMeshes=11/11 color=#111317
2026.10.06-03.41.42 ARTPREVIEW game layer material=M_S08_GameLayerUnlit unlitEyeAdaptInv=1 legacyRender=0
2026.10.06-03.41.42 ARTPREVIEW board assets ready tiles=1 zoneMaterials=2
2026.10.06-03.41.42 ARTPREVIEW medusa candidate variant=face-neck-v2 mesh=SK_Medusa_FaceNeck_v2Candidate requested=(default)
2026.10.06-03.41.42 ARTPREVIEW map-image assets map=Sarpedon mi=MI_Sarpedon_MapBoard material=M_MapBoard bc=T_Sarpedon_Map_BC_4K mask=T_Sarpedon_Map_GameMask_4K boundBc=1 boundMask=1 sdf=-1 id=-1
2026.10.06-03.41.42 ARTPREVIEW board profile=sarpedon-original match=boardId board=9x6 boardId=c7fa64a26c29a0835f2383e63 surface=map-image light=sarpedon-night artFixture=0 map=Sarpedon
2026.10.06-03.41.42 ARTPREVIEW light profile=sarpedon-night name=key role=key kind=directional at=(-350,-150,600) intensity=3.5 units=lux radius=0 color=(0.60,0.71,0.97) shadow=1
2026.10.06-03.41.42 ARTPREVIEW light profile=sarpedon-night name=moon-pool role=cool kind=point at=(0,0,750) intensity=260 units=candelas radius=1250 color=(0.82,0.88,1.00) shadow=0
2026.10.06-03.41.42 ARTPREVIEW sky profile=sarpedon-night cubemap=/Game/S08/Render/TC_S08_AmbientDome loaded=1 spawned=1 intensity=3 color=(0.58,0.70,1.00) lowerBlack=0
2026.10.06-03.41.42 ARTPREVIEW fog profile=sarpedon-night spawned=1 color=(0.2000,0.2550,0.4600) density=0.32 falloff=0.2 heightZ=-400 start=2900 end=6000 maxOpacity=1.00 volumetric=0
2026.10.06-03.41.42 ARTPREVIEW exposure profile=sarpedon-night method=histogram-fixed min=4.14106 max=4.14106 bias=0.000 ev100=2.05 volume=1
2026.10.06-03.41.42 ARTPREVIEW lights applied profile=sarpedon-night directional=1 shadow=1 points=1 pointShadows=0 budgetOk=1
2026.10.06-03.41.42 ARTPREVIEW render profile=sarpedon-night units=candelas sky=1 exposure=1 keyShadow=csm-3600uu-2c-contact0.000 shadowCasters=1 legacyRender=0
2026.10.06-03.41.42 ARTPREVIEW map grade profile=sarpedon-night source=profile nightEV=-0.35 nightSaturation=0.75 lift=1.70 nightTint=(0.9700,1.0000,1.0500) maskSaturation=1.07 liftSaturation=1.10 maskInverseTint=(1.0500,0.9960,0.8910) graph=v2 maskTerms=1
2026.10.06-03.41.42 ARTPREVIEW map frame wood=frame-wood material=M_MapFrameWood valueScaleSrgb=0.70 valueScaleLinear=0.4563 saturation=0.75
2026.10.06-03.41.42 ARTPREVIEW map frame kit=frame-002 parts=20 corner=4 a=4 b=8 mid=4 segments=5x3 stretch=1.000000x1.000000 exactFit=1 woodSlots=20/20 ironSlots=8 wood=MID_M_MapFrameWood_2147482271 iron=MI_MapFrame002_Iron ironProudUU=2.0 replaces=bars+corners
2026.10.06-03.41.42 ARTPREVIEW board active profile=sarpedon-original 9x6 surface=map-image map=Sarpedon spaces=38 links=61 starts=4 zoneKeys=6 multizone=4 triple=2 obstacles=16 size=891.3x577.3 src=1337x866 uuPerPx=0.6666667 frameUU=24 surfaceParts=0 corners=0 zoneMarks=0 lattice=0 pick=445.7x288.7 mi=MI_Sarpedon_MapBoard wood=1 expectOk=1
2026.10.06-03.41.42 ARTPREVIEW board map zone key=blue spaces=6 (painted, no zone marks)
2026.10.06-03.41.42 ARTPREVIEW board map zone key=brown spaces=5 (painted, no zone marks)
2026.10.06-03.41.42 ARTPREVIEW board map zone key=green spaces=8 (painted, no zone marks)
2026.10.06-03.41.42 ARTPREVIEW board map zone key=purple spaces=11 (painted, no zone marks)
2026.10.06-03.41.42 ARTPREVIEW board map zone key=red spaces=6 (painted, no zone marks)
2026.10.06-03.41.42 ARTPREVIEW board map zone key=yellow spaces=8 (painted, no zone marks)
2026.10.06-03.41.42 ARTPREVIEW envlayout variant=scene map=sarpedon status=ok file=sarpedon.scene.layout.json sha256=34742d7ddabf44a165379029dc370bb01c83500e254f5568073c1c768dfb3818 propsRemoved=54 propsReplaced=0 propsAdded=88 fxRemoved=1 fxRemovedWithAnchor=5 fxReplaced=2 fxAdded=17 errors=0
2026.10.06-03.41.42 ARTPREVIEW envlayout prop id=scene-island mesh=SM_Env_S_Island loc=(0.0,-700.0,0.0) yaw=0.0 scale=1.000 shadow=1 size=2197.7x1723.9x347.7 bounds=(-1401.9,-1146.3,-332.6)..(795.8,577.7,15.2) overMap=1 onTray=0
2026.10.06-03.41.42 ARTPREVIEW envlayout prop id=scene-ship mesh=SM_Env_S_Ship loc=(850.5,-32.3,0.0) yaw=0.0 scale=1.000 shadow=1 size=752.6x859.2x1008.8 bounds=(508.4,-407.3,-330.0)..(1261.1,451.9,678.8) overMap=0 onTray=0
2026.10.06-03.41.42 ARTPREVIEW envlayout prop id=scene-fort mesh=SM_Env_S_Fort loc=(-457.6,-447.2,-12.7) yaw=0.0 scale=1.000 shadow=1 size=244.4x141.7x226.5 bounds=(-580.7,-499.4,-12.7)..(-336.3,-357.7,213.8) overMap=0 onTray=1
2026.10.06-03.41.42 ARTPREVIEW envlayout prop id=scene-palisade mesh=SM_Env_S_Palisade loc=(-734.5,131.0,0.0) yaw=0.0 scale=1.000 shadow=1 size=480.6x776.0x323.2 bounds=(-754.4,-502.5,-65.2)..(-273.8,273.5,258.0) overMap=1 onTray=1
2026.10.06-03.41.42 ARTPREVIEW envlayout prop id=scene-piles mesh=SM_Env_S_Piles loc=(-164.8,-469.9,0.0) yaw=0.0 scale=1.000 shadow=0 size=1024.8x959.9x619.8 bounds=(-629.1,-501.9,-131.4)..(395.8,458.1,488.4) overMap=1 onTray=1
2026.10.06-03.41.42 ARTPREVIEW envlayout prop id=scene-frameband mesh=SM_Env_S_FrameBand loc=(0.0,330.0,0.0) yaw=0.0 scale=1.000 shadow=1 size=1008.4x684.7x51.8 bounds=(-503.2,-327.6,-39.7)..(505.2,357.1,12.1) overMap=1 onTray=1
2026.10.06-03.41.42 ARTPREVIEW envlayout prop id=scene-cascade mesh=SM_Env_S_Cascade loc=(-114.0,420.0,0.0) yaw=0.0 scale=1.000 shadow=0 size=307.9x237.2x256.7 bounds=(-268.0,357.5,-299.0)..(39.9,594.7,-42.3) overMap=0 onTray=1
2026.10.06-03.41.42 ARTPREVIEW envlayout prop id=scene-cascadefoam mesh=SM_Env_S_CascadeFoam loc=(-114.0,420.0,0.0) yaw=0.0 scale=1.000 shadow=0 size=328.4x259.4x230.8 bounds=(-277.0,387.1,-297.8)..(51.3,646.6,-67.0) overMap=0 onTray=1
2026.10.06-03.41.42 ARTPREVIEW envlayout prop id=rock-foot-w1 mesh=SM_Env_RockOutcrop loc=(-706.0,262.0,-300.0) yaw=25.0 scale=1.700 shadow=0 size=152.4x168.2x119.0 bounds=(-782.2,177.9,-300.0)..(-629.8,346.1,-181.0) overMap=0 onTray=1 material=MI_EnvScene_Proj_RockWetx1
2026.10.06-03.41.42 ARTPREVIEW envlayout prop id=rock-foot-w2 mesh=SM_Env_RockOutcrop loc=(-702.0,352.0,-300.0) yaw=140.0 scale=1.600 shadow=0 size=158.0x161.8x112.0 bounds=(-781.0,271.1,-300.0)..(-623.0,432.9,-188.0) overMap=0 onTray=1 material=MI_EnvScene_Proj_RockWetx1
2026.10.06-03.41.42 ARTPREVIEW envlayout prop id=rock-falls-tl mesh=SM_EnvFab_RockWet loc=(-262.0,410.0,-75.0) yaw=20.0 scale=0.220 shadow=0 size=75.8x73.2x45.5 bounds=(-300.6,375.4,-93.4)..(-224.8,448.6,-47.9) overMap=0 onTray=1 material=MI_EnvScene_Proj_RockWetx1
2026.10.06-03.41.42 ARTPREVIEW envlayout prop id=rock-falls-tr mesh=SM_EnvFab_RockWet loc=(34.0,415.0,-80.0) yaw=200.0 scale=0.220 shadow=0 size=75.8x73.2x45.5 bounds=(-3.2,376.4,-98.4)..(72.6,449.6,-52.9) overMap=0 onTray=1 material=MI_EnvScene_Proj_RockWetx1
2026.10.06-03.41.42 ARTPREVIEW envlayout prop id=rock-falls-m2 mesh=SM_EnvFab_RockWet loc=(-150.0,470.0,-148.0) yaw=75.0 scale=0.140 shadow=0 size=44.3x46.3x28.9 bounds=(-173.5,447.2,-159.7)..(-129.2,493.5,-130.8) overMap=0 onTray=0 material=MI_EnvScene_Proj_RockWetx1
2026.10.06-03.41.42 ARTPREVIEW envlayout prop id=rock-falls-m3 mesh=SM_EnvFab_RockWet loc=(-80.0,532.0,-232.0) yaw=130.0 scale=0.160 shadow=0 size=59.4x59.8x33.1 bounds=(-110.9,501.1,-245.4)..(-51.5,560.9,-212.3) overMap=0 onTray=0 material=MI_EnvScene_Proj_RockWetx1
2026.10.06-03.41.42 ARTPREVIEW envlayout prop id=rock-falls-bl mesh=SM_EnvFab_RockWet loc=(-255.0,540.0,-235.0) yaw=250.0 scale=0.200 shadow=0 size=66.5x68.9x41.3 bounds=(-286.4,504.9,-251.7)..(-219.9,573.8,-210.4) overMap=0 onTray=0 material=MI_EnvScene_Proj_RockWetx1
2026.10.06-03.41.42 ARTPREVIEW envlayout prop id=rock-falls-br mesh=SM_EnvFab_RockWet loc=(28.0,545.0,-235.0) yaw=310.0 scale=0.200 shadow=0 size=74.2x74.7x41.3 bounds=(-7.6,508.9,-251.7)..(66.6,583.6,-210.4) overMap=0 onTray=0 material=MI_EnvScene_Proj_RockWetx1
2026.10.06-03.41.42 ARTPREVIEW envlayout prop id=rock-falls-sl mesh=SM_EnvFab_RockWet loc=(-200.0,610.0,-300.0) yaw=40.0 scale=0.250 shadow=0 size=93.4x92.7x51.7 bounds=(-248.2,565.5,-320.9)..(-154.9,658.2,-269.2) overMap=0 onTray=0 material=MI_EnvScene_Proj_RockWetx1
2026.10.06-03.41.42 ARTPREVIEW envlayout prop id=rock-falls-sr mesh=SM_EnvFab_RockWet loc=(0.0,615.0,-300.0) yaw=160.0 scale=0.250 shadow=0 size=86.2x83.1x51.7 bounds=(-43.9,571.2,-320.9)..(42.3,654.3,-269.2) overMap=0 onTray=0 material=MI_EnvScene_Proj_RockWetx1
2026.10.06-03.41.42 ARTPREVIEW envlayout prop id=tree-00 mesh=SM_EnvFab_OakDark loc=(-663.4,-358.7,6.0) yaw=351.5 scale=0.144 shadow=0 size=196.3x165.0x202.7 bounds=(-757.1,-437.7,6.0)..(-560.9,-272.7,208.7) overMap=0 onTray=1 material=MI_EnvScene_Proj_Foliagex2
2026.10.06-03.41.42 ARTPREVIEW envlayout prop id=tree-01 mesh=SM_EnvFab_ForestRound loc=(-374.6,-632.0,-7.0) yaw=206.6 scale=0.207 shadow=1 size=199.8x185.9x260.6 bounds=(-468.9,-725.3,-7.0)..(-269.1,-539.4,253.7) overMap=0 onTray=0 material=MI_EnvScene_Proj_Foliagex2
2026.10.06-03.41.42 ARTPREVIEW envlayout prop id=tree-02 mesh=SM_EnvFab_ForestNarrow loc=(-718.0,-76.9,7.0) yaw=119.4 scale=0.250 shadow=1 size=153.0x148.7x326.2 bounds=(-799.1,-148.7,7.0)..(-646.1,-0.1,333.2) overMap=0 onTray=1 material=MI_EnvScene_Proj_Foliagex2
2026.10.06-03.41.42 ARTPREVIEW envlayout prop id=tree-03 mesh=SM_EnvFab_ForestSmall loc=(-526.9,-569.7,-7.0) yaw=11.7 scale=0.217 shadow=1 size=144.2x130.4x260.0 bounds=(-594.0,-633.0,-7.0)..(-449.8,-502.6,253.0) overMap=0 onTray=0 material=MI_EnvScene_Proj_Foliagex2
2026.10.06-03.41.42 ARTPREVIEW envlayout prop id=tree-04 mesh=SM_EnvFab_OakDark loc=(-788.7,35.6,6.9) yaw=87.0 scale=0.085 shadow=1 size=88.3x109.0x119.6 bounds=(-835.1,-16.6,6.9)..(-746.8,92.4,126.5) overMap=0 onTray=0 material=MI_EnvScene_Proj_Foliagex2
2026.10.06-03.41.42 ARTPREVIEW envlayout prop id=tree-05 mesh=SM_EnvFab_ForestRound loc=(-809.1,-120.4,9.1) yaw=346.9 scale=0.135 shadow=1 size=120.1x105.0x170.0 bounds=(-871.8,-170.5,9.1)..(-751.7,-65.5,179.0) overMap=0 onTray=0 material=MI_EnvScene_Proj_Foliagex2
2026.10.06-03.41.42 ARTPREVIEW envlayout prop id=tree-06 mesh=SM_EnvFab_ForestNarrow loc=(-456.0,-642.4,-6.9) yaw=214.1 scale=0.226 shadow=1 size=137.6x140.4x294.9 bounds=(-526.7,-716.9,-6.9)..(-389.1,-576.5,288.0) overMap=0 onTray=0 material=MI_EnvScene_Proj_Foliagex2
2026.10.06-03.41.42 ARTPREVIEW envlayout prop id=tree-07 mesh=SM_EnvFab_ForestSmall loc=(-685.4,-166.4,5.1) yaw=33.3 scale=0.169 shadow=1 size=127.3x123.3x202.5 bounds=(-745.9,-225.3,5.1)..(-618.6,-102.0,207.6) overMap=0 onTray=1 material=MI_EnvScene_Proj_Foliagex2
2026.10.06-03.41.42 ARTPREVIEW envlayout prop id=tree-08 mesh=SM_EnvFab_OakDark loc=(-821.2,-294.6,9.5) yaw=331.4 scale=0.084 shadow=1 size=130.1x121.4x118.2 bounds=(-883.2,-354.3,9.5)..(-753.1,-232.8,127.7) overMap=0 onTray=0 material=MI_EnvScene_Proj_Foliagex2
2026.10.06-03.41.42 ARTPREVIEW envlayout prop id=tree-09 mesh=SM_EnvFab_ForestRound loc=(-1033.3,-60.5,4.7) yaw=274.8 scale=0.115 shadow=1 size=78.3x94.1x144.8 bounds=(-1071.2,-104.7,4.7)..(-992.9,-10.6,149.4) overMap=0 onTray=0 material=MI_EnvScene_Proj_Foliagex2
2026.10.06-03.41.42 ARTPREVIEW envlayout prop id=tree-10 mesh=SM_EnvFab_ForestNarrow loc=(-812.6,-1.2,8.3) yaw=281.6 scale=0.165 shadow=1 size=89.2x83.3x215.3 bounds=(-854.8,-45.4,8.3)..(-765.6,38.0,223.6) overMap=0 onTray=0 material=MI_EnvScene_Proj_Foliagex2
2026.10.06-03.41.42 ARTPREVIEW envlayout prop id=tree-11 mesh=SM_EnvFab_ForestSmall loc=(-600.2,-581.8,-0.1) yaw=62.2 scale=0.153 shadow=1 size=108.1x113.3x183.3 bounds=(-652.9,-634.8,-0.1)..(-544.9,-521.6,183.3) overMap=0 onTray=0 material=MI_EnvScene_Proj_Foliagex2
2026.10.06-03.41.42 ARTPREVIEW envlayout prop id=tree-12 mesh=SM_EnvFab_OakDark loc=(-758.2,-358.4,9.4) yaw=308.7 scale=0.080 shadow=1 size=122.5x125.7x112.6 bounds=(-816.3,-421.5,9.4)..(-693.8,-295.8,122.0) overMap=0 onTray=1 material=MI_EnvScene_Proj_Foliagex2
2026.10.06-03.41.42 ARTPREVIEW envlayout prop id=tree-13 mesh=SM_EnvFab_ForestRound loc=(-703.7,-286.7,9.8) yaw=251.8 scale=0.105 shadow=1 size=87.0x97.1x132.2 bounds=(-745.1,-333.4,9.8)..(-658.1,-236.3,142.0) overMap=0 onTray=1 material=MI_EnvScene_Proj_Foliagex2
2026.10.06-03.41.42 ARTPREVIEW envlayout prop id=tree-14 mesh=SM_EnvFab_ForestNarrow loc=(-853.1,-272.5,8.2) yaw=15.9 scale=0.161 shadow=1 size=85.6x90.7x210.1 bounds=(-893.6,-315.3,8.2)..(-808.0,-224.7,218.3) overMap=0 onTray=0 material=MI_EnvScene_Proj_Foliagex2
2026.10.06-03.41.42 ARTPREVIEW envlayout prop id=tree-15 mesh=SM_EnvFab_ForestSmall loc=(-640.2,-554.1,4.6) yaw=301.5 scale=0.140 shadow=1 size=101.2x105.0x167.8 bounds=(-688.6,-609.3,4.6)..(-587.4,-504.3,172.4) overMap=0 onTray=0 material=MI_EnvScene_Proj_Foliagex2
2026.10.06-03.41.42 ARTPREVIEW envlayout prop id=tree-16 mesh=SM_EnvFab_OakDark loc=(-674.0,-145.1,3.4) yaw=31.7 scale=0.080 shadow=1 size=124.8x118.1x112.6 bounds=(-735.9,-201.2,3.4)..(-611.0,-83.0,116.0) overMap=0 onTray=1 material=MI_EnvScene_Proj_Foliagex2
2026.10.06-03.41.42 ARTPREVIEW envlayout prop id=bush-17 mesh=SM_EnvFab_Bush loc=(-625.4,-731.2,3.5) yaw=336.8 scale=0.345 shadow=1 size=99.8x97.4x62.3 bounds=(-677.0,-778.0,-0.4)..(-577.3,-680.6,61.9) overMap=0 onTray=0 material=MI_EnvScene_Proj_Foliagex1
2026.10.06-03.41.42 ARTPREVIEW envlayout prop id=bush-18 mesh=SM_EnvFab_Bush loc=(-904.4,11.5,-63.6) yaw=257.7 scale=0.302 shadow=1 size=76.7x79.7x54.6 bounds=(-941.5,-26.6,-67.1)..(-864.7,53.2,-12.5) overMap=0 onTray=0 material=MI_EnvScene_Proj_Foliagex1
2026.10.06-03.41.42 ARTPREVIEW envlayout prop id=bush-19 mesh=SM_EnvFab_Bush loc=(-744.6,-100.7,9.0) yaw=291.7 scale=0.292 shadow=1 size=81.5x83.6x52.8 bounds=(-785.3,-140.3,5.7)..(-703.8,-56.7,58.5) overMap=0 onTray=1 material=MI_EnvScene_Proj_Foliagex1
2026.10.06-03.41.42 ARTPREVIEW envlayout prop id=rock-00 mesh=SM_EnvFab_RockWet loc=(701.8,2.3,-62.0) yaw=57.4 scale=0.252 shadow=1 size=91.2x92.7x52.1 bounds=(654.1,-42.7,-83.0)..(745.3,50.0,-31.0) overMap=0 onTray=1 material=MI_EnvScene_Proj_Rockx1
2026.10.06-03.41.42 ARTPREVIEW envlayout prop id=rock-01 mesh=SM_Env_RockOutcrop loc=(746.2,124.8,-168.8) yaw=70.5 scale=0.903 shadow=1 size=87.1x76.5x63.2 bounds=(702.7,86.6,-168.8)..(789.7,163.1,-105.6) overMap=0 onTray=1 material=MI_EnvScene_Proj_RockWetx1
2026.10.06-03.41.42 ARTPREVIEW envlayout prop id=rock-02 mesh=SM_EnvFab_RockWet loc=(648.2,502.2,-235.4) yaw=118.1 scale=0.190 shadow=1 size=67.1x68.7x39.3 bounds=(613.1,467.0,-251.2)..(680.2,535.7,-212.0) overMap=0 onTray=0 material=MI_EnvScene_Proj_RockWetx1
2026.10.06-03.41.42 ARTPREVIEW envlayout prop id=rock-03 mesh=SM_Env_RockOutcrop loc=(468.0,386.8,-69.2) yaw=146.5 scale=0.538 shadow=1 size=51.4x54.4x37.7 bounds=(442.3,359.6,-69.2)..(493.8,414.0,-31.5) overMap=0 onTray=1 material=MI_EnvScene_Proj_Rockx1
2026.10.06-03.41.42 ARTPREVIEW envlayout prop id=rock-04 mesh=SM_EnvFab_RockWet loc=(218.9,425.9,-68.5) yaw=162.4 scale=0.138 shadow=1 size=46.7x44.9x28.5 bounds=(195.2,402.2,-80.0)..(241.9,447.1,-51.5) overMap=0 onTray=0 material=MI_EnvScene_Proj_Rockx1
2026.10.06-03.41.42 ARTPREVIEW envlayout prop id=rock-05 mesh=SM_Env_RockOutcrop loc=(93.9,473.4,-161.6) yaw=110.7 scale=0.736 shadow=1 size=71.4x63.2x51.5 bounds=(58.2,441.8,-161.6)..(129.6,505.0,-110.1) overMap=0 onTray=0 material=MI_EnvScene_Proj_RockWetx1
2026.10.06-03.41.42 ARTPREVIEW envlayout prop id=rock-06 mesh=SM_EnvFab_RockWet loc=(-285.4,542.8,-230.0) yaw=224.7 scale=0.253 shadow=1 size=94.5x94.5x52.3 bounds=(-330.9,493.8,-251.1)..(-236.4,588.3,-198.9) overMap=0 onTray=0 material=MI_EnvScene_Proj_RockWetx1
2026.10.06-03.41.42 ARTPREVIEW envlayout prop id=rock-07 mesh=SM_Env_RockOutcrop loc=(-412.2,391.4,-66.0) yaw=142.8 scale=0.897 shadow=1 size=87.5x90.8x62.8 bounds=(-456.0,345.9,-66.0)..(-368.4,436.8,-3.2) overMap=0 onTray=1 material=MI_EnvScene_Proj_Rockx1
2026.10.06-03.41.42 ARTPREVIEW envlayout prop id=rock-08 mesh=SM_EnvFab_RockWet loc=(-561.1,363.0,-67.4) yaw=104.8 scale=0.259 shadow=1 size=81.8x85.5x53.5 bounds=(-604.4,319.6,-89.0)..(-522.6,405.1,-35.5) overMap=0 onTray=1 material=MI_EnvScene_Proj_Rockx1
2026.10.06-03.41.42 ARTPREVIEW envlayout prop id=rock-09 mesh=SM_Env_RockOutcrop loc=(-652.7,272.9,-170.4) yaw=136.1 scale=0.976 shadow=1 size=97.6x98.2x68.3 bounds=(-701.5,223.8,-170.4)..(-603.9,322.0,-102.1) overMap=0 onTray=1 material=MI_EnvScene_Proj_RockWetx1
2026.10.06-03.41.42 ARTPREVIEW envlayout prop id=rock-10 mesh=SM_EnvFab_RockWet loc=(-745.1,187.3,-230.3) yaw=109.7 scale=0.193 shadow=1 size=64.0x66.4x39.9 bounds=(-778.9,153.5,-246.4)..(-714.9,219.9,-206.5) overMap=0 onTray=1 material=MI_EnvScene_Proj_RockWetx1
2026.10.06-03.41.42 ARTPREVIEW envlayout prop id=rock-x0 mesh=SM_EnvFab_RockWet loc=(-204.0,-675.6,4.1) yaw=203.4 scale=0.187 shadow=1 size=65.9x64.0x38.6 bounds=(-236.3,-709.2,-11.5)..(-170.3,-645.2,27.1) overMap=0 onTray=0 material=MI_EnvScene_Proj_Rockx1
2026.10.06-03.41.42 ARTPREVIEW envlayout prop id=rock-x1 mesh=SM_EnvFab_RockWet loc=(-128.5,-718.4,6.9) yaw=185.2 scale=0.243 shadow=1 size=72.0x67.6x50.2 bounds=(-164.3,-754.5,-13.4)..(-92.3,-686.9,36.8) overMap=0 onTray=0 material=MI_EnvScene_Proj_Rockx1
2026.10.06-03.41.42 ARTPREVIEW envlayout prop id=rock-x2 mesh=SM_EnvFab_RockWet loc=(-80.9,-631.3,6.1) yaw=280.1 scale=0.188 shadow=1 size=56.1x59.1x38.8 bounds=(-107.1,-660.5,-9.6)..(-51.1,-601.4,29.3) overMap=0 onTray=0 material=MI_EnvScene_Proj_Rockx1
2026.10.06-03.41.42 ARTPREVIEW envlayout prop id=rock-x3 mesh=SM_EnvFab_RockWet loc=(-242.1,-617.8,8.8) yaw=24.5 scale=0.256 shadow=1 size=90.9x88.3x52.9 bounds=(-288.5,-659.7,-12.6)..(-197.7,-571.4,40.3) overMap=0 onTray=0 material=MI_EnvScene_Proj_Rockx1
2026.10.06-03.41.42 ARTPREVIEW envlayout prop id=rock-x4 mesh=SM_EnvFab_RockWet loc=(261.1,-397.4,7.0) yaw=318.8 scale=0.210 shadow=1 size=78.5x78.1x43.4 bounds=(223.2,-434.9,-10.5)..(301.7,-356.8,32.9) overMap=0 onTray=1 material=MI_EnvScene_Proj_Rockx1
2026.10.06-03.41.42 ARTPREVIEW envlayout prop id=rock-p00 mesh=SM_EnvFab_RockWet loc=(-563.3,-158.8,5.5) yaw=271.2 scale=0.192 shadow=1 size=49.9x53.7x39.7 bounds=(-586.4,-185.6,-10.6)..(-536.5,-131.9,29.1) overMap=0 onTray=1 material=MI_EnvScene_Proj_Rockx1
2026.10.06-03.41.42 ARTPREVIEW envlayout prop id=rock-p01 mesh=SM_EnvFab_RockWet loc=(272.1,-367.4,3.9) yaw=168.8 scale=0.180 shadow=1 size=57.3x54.5x37.2 bounds=(243.1,-396.4,-11.1)..(300.4,-341.9,26.1) overMap=0 onTray=1 material=MI_EnvScene_Proj_Rockx1
2026.10.06-03.41.42 ARTPREVIEW envlayout prop id=rock-p02 mesh=SM_EnvFab_RockWet loc=(-487.7,312.0,2.8) yaw=355.0 scale=0.156 shadow=1 size=46.1x43.2x32.2 bounds=(-510.6,291.9,-10.2)..(-464.5,335.1,22.0) overMap=0 onTray=1 material=MI_EnvScene_Proj_Rockx1
2026.10.06-03.41.42 ARTPREVIEW envlayout prop id=rock-p03 mesh=SM_EnvFab_RockWet loc=(-297.2,-368.5,3.2) yaw=354.3 scale=0.169 shadow=1 size=50.4x47.3x34.9 bounds=(-322.2,-390.6,-10.9)..(-271.9,-343.2,24.0) overMap=0 onTray=1 material=MI_EnvScene_Proj_Rockx1
2026.10.06-03.41.42 ARTPREVIEW envlayout prop id=rock-p04 mesh=SM_EnvFab_RockWet loc=(-555.8,-15.0,3.4) yaw=221.9 scale=0.155 shadow=1 size=57.9x57.7x32.0 bounds=(-583.8,-45.0,-9.5)..(-525.8,12.8,22.5) overMap=0 onTray=1 material=MI_EnvScene_Proj_Rockx1
2026.10.06-03.41.42 ARTPREVIEW envlayout prop id=rock-p05 mesh=SM_EnvFab_RockWet loc=(-253.2,-373.9,3.1) yaw=32.1 scale=0.166 shadow=1 size=61.0x59.9x34.3 bounds=(-284.6,-402.5,-10.7)..(-223.6,-342.6,23.6) overMap=0 onTray=1 material=MI_EnvScene_Proj_Rockx1
2026.10.06-03.41.42 ARTPREVIEW envlayout prop id=rock-p06 mesh=SM_EnvFab_RockWet loc=(244.8,-399.8,3.3) yaw=243.8 scale=0.155 shadow=1 size=54.1x55.5x32.0 bounds=(219.1,-428.2,-9.6)..(273.2,-372.7,22.4) overMap=0 onTray=1 material=MI_EnvScene_Proj_Rockx1
2026.10.06-03.41.42 ARTPREVIEW envlayout prop id=rock-p07 mesh=SM_EnvFab_RockWet loc=(-155.2,-379.9,2.7) yaw=239.3 scale=0.154 shadow=1 size=55.2x56.3x31.8 bounds=(-181.5,-408.9,-10.2)..(-126.3,-352.6,21.6) overMap=0 onTray=1 material=MI_EnvScene_Proj_Rockx1
2026.10.06-03.41.42 ARTPREVIEW envlayout prop id=rock-p08 mesh=SM_EnvFab_RockWet loc=(-486.8,273.9,2.0) yaw=189.2 scale=0.132 shadow=1 size=41.1x38.9x27.3 bounds=(-507.2,253.2,-9.0)..(-466.1,292.0,18.2) overMap=0 onTray=1 material=MI_EnvScene_Proj_Rockx1
2026.10.06-03.41.42 ARTPREVIEW envlayout prop id=rock-p09 mesh=SM_EnvFab_RockWet loc=(-567.2,97.0,2.6) yaw=322.2 scale=0.132 shadow=1 size=49.2x48.7x27.3 bounds=(-591.0,73.6,-8.4)..(-541.8,122.3,18.9) overMap=0 onTray=1 material=MI_EnvScene_Proj_Rockx1
2026.10.06-03.41.42 ARTPREVIEW envlayout prop id=rock-p10 mesh=SM_EnvFab_RockWet loc=(-204.3,-403.1,1.4) yaw=18.0 scale=0.124 shadow=1 size=42.1x40.5x25.6 bounds=(-225.7,-422.2,-9.0)..(-183.7,-381.7,16.6) overMap=0 onTray=1 material=MI_EnvScene_Proj_Rockx1
2026.10.06-03.41.42 ARTPREVIEW envlayout prop id=rock-p11 mesh=SM_EnvFab_RockWet loc=(-529.3,-33.8,1.7) yaw=210.7 scale=0.120 shadow=1 size=43.9x43.0x24.8 bounds=(-550.7,-56.3,-8.3)..(-506.8,-13.2,16.5) overMap=0 onTray=1 material=MI_EnvScene_Proj_Rockx1
2026.10.06-03.41.42 ARTPREVIEW envlayout prop id=crate-deck-n mesh=SM_Env_CrateStack loc=(566.5,-134.6,-4.5) yaw=140.1 scale=2.300 shadow=1 size=111.6x119.4x103.5 bounds=(510.7,-194.3,-4.5)..(622.2,-74.8,99.0) overMap=0 onTray=1 material=MI_EnvScene_Proj_Woodx1
2026.10.06-03.41.42 ARTPREVIEW envlayout prop id=crate-deck-mid mesh=SM_Env_CrateStack loc=(682.2,104.9,-3.3) yaw=140.1 scale=2.300 shadow=1 size=111.6x119.4x103.5 bounds=(626.5,45.2,-3.3)..(738.0,164.6,100.2) overMap=0 onTray=1 material=MI_EnvScene_Proj_Woodx1
2026.10.06-03.41.42 ARTPREVIEW envlayout prop id=crate-deck-se mesh=SM_Env_CrateStack loc=(649.5,230.8,-4.5) yaw=128.0 scale=2.300 shadow=1 size=120.5x109.7x103.5 bounds=(589.3,175.9,-4.5)..(709.8,285.6,99.0) overMap=0 onTray=1 material=MI_EnvScene_Proj_Woodx1
2026.10.06-03.41.42 ARTPREVIEW envlayout prop id=barrel-dock-1 mesh=SM_Env_Barrel loc=(630.8,-46.3,-4.2) yaw=150.6 scale=2.300 shadow=1 size=67.1x67.1x64.4 bounds=(597.2,-79.8,-4.2)..(664.4,-12.7,60.2) overMap=0 onTray=1 material=MI_EnvScene_Proj_Woodx1
2026.10.06-03.41.42 ARTPREVIEW envlayout prop id=barrel-dock-2 mesh=SM_Env_Barrel loc=(713.2,153.6,-7.8) yaw=297.7 scale=2.300 shadow=1 size=66.5x66.5x64.4 bounds=(679.9,120.3,-7.8)..(746.5,186.8,56.6) overMap=0 onTray=1 material=MI_EnvScene_Proj_Woodx1
2026.10.06-03.41.42 ARTPREVIEW envlayout prop id=coil-dock mesh=SM_Env_Rope loc=(571.2,265.2,-4.1) yaw=282.9 scale=3.500 shadow=1 size=91.7x89.9x36.6 bounds=(525.3,220.3,-4.1)..(617.0,310.2,32.6) overMap=0 onTray=1 material=MI_EnvScene_Proj_Woodx1
2026.10.06-03.41.42 ARTPREVIEW envlayout prop id=crate-ne mesh=SM_Env_CrateStack loc=(335.7,-351.7,-4.0) yaw=100.0 scale=1.404 shadow=1 size=73.5x42.5x63.2 bounds=(299.0,-372.9,-4.0)..(372.5,-330.4,59.2) overMap=0 onTray=1 material=MI_EnvScene_Proj_Woodx1
2026.10.06-03.41.42 ARTPREVIEW envlayout prop id=barrel-beach mesh=SM_Env_Barrel loc=(-90.0,-397.6,-3.9) yaw=341.1 scale=1.807 shadow=1 size=49.2x49.2x50.6 bounds=(-114.6,-422.2,-3.9)..(-65.4,-373.0,46.7) overMap=0 onTray=1 material=MI_EnvScene_Proj_Woodx1
2026.10.06-03.41.42 ARTPREVIEW envlayout prop id=barrel-fort mesh=SM_Env_Barrel loc=(-404.3,-444.4,-5.7) yaw=182.6 scale=1.824 shadow=1 size=40.8x40.8x51.1 bounds=(-424.7,-464.8,-5.7)..(-383.9,-424.0,45.4) overMap=0 onTray=1 material=MI_EnvScene_Proj_Woodx1
2026.10.06-03.41.42 ARTPREVIEW envlayout prop id=barrel-ship-1 mesh=SM_Env_Barrel loc=(620.5,-298.6,198.6) yaw=20.0 scale=3.000 shadow=1 size=82.4x82.4x84.0 bounds=(579.3,-339.8,198.6)..(661.7,-257.5,282.6) overMap=0 onTray=1 material=MI_EnvScene_Proj_Woodx1
2026.10.06-03.41.42 ARTPREVIEW envlayout prop id=barrel-ship-2 mesh=SM_Env_Barrel loc=(788.6,-78.0,200.4) yaw=75.0 scale=3.000 shadow=1 size=78.7x78.7x84.0 bounds=(749.3,-117.3,200.4)..(828.0,-38.6,284.4) overMap=0 onTray=0 material=MI_EnvScene_Proj_Woodx1
2026.10.06-03.41.42 ARTPREVIEW envlayout prop id=lantern-bay mesh=SM_EnvCP_LanternHead loc=(-134.5,-455.6,106.8) yaw=90.0 scale=2.595 shadow=0 size=48.2x40.0x98.9 bounds=(-158.6,-475.6,106.8)..(-110.4,-435.5,205.7) overMap=0 onTray=1 material=MI_EnvScene_LanternHeadx1
2026.10.06-03.41.42 ARTPREVIEW envlayout prop id=lantern-left mesh=SM_EnvCP_LanternHead loc=(-550.1,3.0,189.6) yaw=90.0 scale=2.389 shadow=0 size=44.4x36.9x91.0 bounds=(-572.3,-15.5,189.6)..(-527.9,21.4,280.7) overMap=0 onTray=1 material=MI_EnvScene_LanternHeadx1
2026.10.06-03.41.42 ARTPREVIEW envlayout prop id=lantern-stern mesh=SM_EnvCP_LanternHead loc=(416.1,-419.2,126.1) yaw=90.0 scale=2.358 shadow=0 size=43.8x36.4x89.9 bounds=(394.2,-437.4,126.1)..(438.0,-401.0,215.9) overMap=0 onTray=1 material=MI_EnvScene_LanternHeadx1
2026.10.06-03.41.42 ARTPREVIEW envlayout prop id=lantern-rail mesh=SM_EnvCP_LanternHead loc=(659.2,-33.4,330.6) yaw=90.0 scale=2.651 shadow=0 size=49.3x40.9x101.0 bounds=(634.5,-53.9,330.6)..(683.8,-12.9,431.6) overMap=0 onTray=1 material=MI_EnvScene_LanternHeadx1
2026.10.06-03.41.42 ARTPREVIEW envlayout prop id=lantern-deck-n mesh=SM_EnvCP_LanternHead loc=(505.6,-102.5,124.1) yaw=90.0 scale=2.305 shadow=0 size=42.9x35.6x87.8 bounds=(484.2,-120.3,124.1)..(527.0,-84.7,212.0) overMap=0 onTray=1 material=MI_EnvScene_LanternHeadx1
2026.10.06-03.41.42 ARTPREVIEW envlayout prop id=lantern-deck-se mesh=SM_EnvCP_LanternHead loc=(606.7,263.4,125.5) yaw=90.0 scale=2.911 shadow=0 size=54.1x44.9x110.9 bounds=(579.6,241.0,125.4)..(633.7,285.9,236.4) overMap=0 onTray=1 material=MI_EnvScene_LanternHeadx1
2026.10.06-03.41.42 ARTPREVIEW envlayout prop id=cannon-1 mesh=SM_EnvCP_Cannon loc=(565.6,-250.0,89.8) yaw=140.1 scale=3.044 shadow=1 size=166.8x161.7x81.7 bounds=(482.2,-330.8,89.8)..(649.1,-169.1,171.5) overMap=0 onTray=1
2026.10.06-03.41.42 ARTPREVIEW envlayout prop id=cannon-2 mesh=SM_EnvCP_Cannon loc=(636.5,-164.3,68.9) yaw=140.1 scale=3.009 shadow=1 size=164.9x159.8x80.8 bounds=(554.0,-244.3,68.9)..(718.9,-84.4,149.7) overMap=0 onTray=1
2026.10.06-03.41.42 ARTPREVIEW envlayout prop id=cannon-3 mesh=SM_EnvCP_Cannon loc=(737.3,-52.3,-24.2) yaw=140.1 scale=3.353 shadow=1 size=183.8x178.1x90.0 bounds=(645.4,-141.4,-24.2)..(829.2,36.7,65.7) overMap=0 onTray=1
2026.10.06-03.41.42 ARTPREVIEW envlayout prop id=banner-ship mesh=SM_Env_S_Banner loc=(745.3,41.4,273.8) yaw=140.1 scale=2.000 shadow=1 size=69.4x80.2x325.6 bounds=(708.4,3.2,-51.8)..(777.8,83.3,273.8) overMap=0 onTray=1
2026.10.06-03.41.42 ARTPREVIEW envlayout prop id=fire-fort-pit mesh=SM_Env_Campfire loc=(-492.5,-428.2,-5.0) yaw=0.0 scale=1.400 shadow=0 size=56.0x55.8x23.6 bounds=(-520.5,-456.1,-5.0)..(-464.5,-400.3,18.6) overMap=0 onTray=1 material=MI_EnvScene_Proj_Rockx1
2026.10.06-03.41.42 ARTPREVIEW envlayout light id=campfire-nw kind=point at=(-548.0,-352.0,60.0) intensity=65 units=candelas radius=460 color=#FF8A3D shadow=0
2026.10.06-03.41.42 ARTPREVIEW envlayout light id=campfire-w kind=point at=(-560.0,85.0,60.0) intensity=55 units=candelas radius=420 color=#FF9A4A shadow=0
2026.10.06-03.41.42 ARTPREVIEW envlayout light id=ship-lantern-n kind=point at=(598.0,-225.0,150.0) intensity=95 units=candelas radius=420 color=#FFA552 shadow=0
2026.10.06-03.41.42 ARTPREVIEW envlayout light id=ship-lantern-s kind=point at=(592.0,0.0,145.0) intensity=90 units=candelas radius=400 color=#FFA552 shadow=0
2026.10.06-03.41.42 ARTPREVIEW envlayout light id=ship-lantern-stern kind=point at=(585.0,225.0,140.0) intensity=75 units=candelas radius=380 color=#FFA552 shadow=0
2026.10.06-03.41.42 ARTPREVIEW envlayout ground map=sarpedon mode=runtime strips=4 material=MI_EnvGround_Sarpedon z=-1.0 outer=(-780.0,-515.0)..(780.0,425.0) hole=(-467.7,-310.7)..(467.7,310.7) splatRect=(-820.0,-560.0)..(820.0,470.0) splatCovers=1 areaUU2=885246 falls=1/1 fallCards=1 status=ok fallMeshes=1 fallMeshParts=3 sea=ok
2026.10.06-03.41.42 ARTPREVIEW envlayout fx id=fireflies-forest-n system=NS_Env_Fireflies anchor=- at=(-707.6,-118.9,150.0) yaw=0.0 scale=1.000 seed=1725416364 warmup=3.50s ticks=105 mode=live particles=14 emitters=1 gpuEmitters=0 deterministic=1 nearBand=0 user=-
2026.10.06-03.41.42 ARTPREVIEW envlayout fx id=fireflies-forest-s system=NS_Env_Fireflies anchor=- at=(-695.2,125.2,150.0) yaw=0.0 scale=1.000 seed=97628021 warmup=3.50s ticks=105 mode=live particles=13 emitters=1 gpuEmitters=0 deterministic=1 nearBand=0 user=-
2026.10.06-03.41.42 ARTPREVIEW envlayout fx id=flame-lantern-bay system=NS_Env_LanternFlame anchor=lantern-bay at=(-133.7,-457.9,134.2) yaw=90.0 scale=2.595 seed=2080362060 warmup=1.50s ticks=45 mode=live particles=46 emitters=3 gpuEmitters=0 deterministic=1 nearBand=0 user=-
2026.10.06-03.41.42 ARTPREVIEW envlayout fx id=flame-lantern-left system=NS_Env_LanternFlame anchor=lantern-left at=(-549.4,0.8,214.8) yaw=90.0 scale=2.389 seed=1350007212 warmup=1.50s ticks=45 mode=live particles=44 emitters=3 gpuEmitters=0 deterministic=1 nearBand=0 user=-
2026.10.06-03.41.42 ARTPREVIEW envlayout fx id=flame-lantern-stern system=NS_Env_LanternFlame anchor=lantern-stern at=(416.8,-421.3,150.9) yaw=90.0 scale=2.358 seed=2041647646 warmup=1.50s ticks=45 mode=live particles=48 emitters=3 gpuEmitters=0 deterministic=1 nearBand=0 user=-
2026.10.06-03.41.42 ARTPREVIEW envlayout fx id=flame-lantern-rail system=NS_Env_LanternFlame anchor=lantern-rail at=(659.9,-35.8,358.5) yaw=90.0 scale=2.651 seed=1934390597 warmup=1.50s ticks=45 mode=live particles=43 emitters=3 gpuEmitters=0 deterministic=1 nearBand=0 user=-
2026.10.06-03.41.42 ARTPREVIEW envlayout fx id=flame-lantern-deck-n system=NS_Env_LanternFlame anchor=lantern-deck-n at=(506.3,-104.6,148.4) yaw=90.0 scale=2.305 seed=744847447 warmup=1.50s ticks=45 mode=live particles=47 emitters=3 gpuEmitters=0 deterministic=1 nearBand=0 user=-
2026.10.06-03.41.42 ARTPREVIEW envlayout fx id=flame-lantern-deck-se system=NS_Env_LanternFlame anchor=lantern-deck-se at=(607.5,260.8,156.1) yaw=90.0 scale=2.911 seed=1704310633 warmup=1.50s ticks=45 mode=live particles=48 emitters=3 gpuEmitters=0 deterministic=1 nearBand=0 user=-
2026.10.06-03.41.42 ARTPREVIEW envlayout fx id=fire-brazier-core system=NS_Env_FireCore anchor=- at=(-577.3,139.8,27.8) yaw=0.0 scale=1.000 seed=824559950 warmup=1.50s ticks=45 mode=live particles=102 emitters=3 gpuEmitters=0 deterministic=1 nearBand=0 user=-
2026.10.06-03.41.42 ARTPREVIEW envlayout fx id=fire-brazier-tongues system=NS_Env_FireTongues anchor=- at=(-577.3,139.8,28.8) yaw=0.0 scale=1.000 seed=2057684158 warmup=1.50s ticks=45 mode=live particles=35 emitters=4 gpuEmitters=0 deterministic=1 nearBand=0 user=-
2026.10.06-03.41.42 ARTPREVIEW envlayout fx id=fire-brazier-embers system=NS_Env_FireEmbers anchor=- at=(-577.3,139.8,41.8) yaw=0.0 scale=1.000 seed=1696491349 warmup=1.50s ticks=45 mode=live particles=14 emitters=1 gpuEmitters=0 deterministic=1 nearBand=0 user=-
2026.10.06-03.41.42 ARTPREVIEW envlayout fx id=fire-brazier-smoke system=NS_Env_FireSmoke anchor=- at=(-577.3,139.8,53.8) yaw=0.0 scale=1.000 seed=1050374560 warmup=1.50s ticks=45 mode=live particles=36 emitters=3 gpuEmitters=0 deterministic=1 nearBand=0 user=-
2026.10.06-03.41.42 ARTPREVIEW envlayout fx id=fire-fort-core system=NS_Env_FireCore anchor=- at=(-492.1,-426.4,0.0) yaw=0.0 scale=1.200 seed=1107146133 warmup=1.50s ticks=45 mode=live particles=98 emitters=3 gpuEmitters=0 deterministic=1 nearBand=0 user=-
2026.10.06-03.41.42 ARTPREVIEW envlayout fx id=fire-fort-tongues system=NS_Env_FireTongues anchor=- at=(-492.1,-426.4,1.0) yaw=45.0 scale=1.200 seed=1895526915 warmup=1.50s ticks=45 mode=live particles=34 emitters=4 gpuEmitters=0 deterministic=1 nearBand=0 user=-
2026.10.06-03.41.42 ARTPREVIEW envlayout fx id=fire-fort-embers system=NS_Env_FireEmbers anchor=- at=(-492.1,-426.4,14.0) yaw=0.0 scale=1.200 seed=1583429198 warmup=1.50s ticks=45 mode=live particles=15 emitters=1 gpuEmitters=0 deterministic=1 nearBand=0 user=-
2026.10.06-03.41.42 ARTPREVIEW envlayout fx id=fire-fort-smoke system=NS_Env_FireSmoke anchor=- at=(-492.1,-426.4,28.0) yaw=0.0 scale=1.200 seed=803906176 warmup=1.50s ticks=45 mode=live particles=36 emitters=3 gpuEmitters=0 deterministic=1 nearBand=0 user=-
2026.10.06-03.41.42 ARTPREVIEW envlayout fx id=falls-mist-1 system=NS_Env_FallsSpray anchor=- at=(-115.8,401.1,-69.2) yaw=0.0 scale=0.600 seed=722961037 warmup=1.50s ticks=45 mode=live particles=48 emitters=1 gpuEmitters=0 deterministic=1 nearBand=1 user=-
2026.10.06-03.41.42 ARTPREVIEW envlayout fx id=falls-mist-2 system=NS_Env_FallsSpray anchor=- at=(-115.7,457.7,-144.8) yaw=0.0 scale=0.800 seed=840880951 warmup=1.50s ticks=45 mode=live particles=49 emitters=1 gpuEmitters=0 deterministic=1 nearBand=1 user=-
2026.10.06-03.41.42 ARTPREVIEW envlayout fx id=falls-mist-3 system=NS_Env_FallsSpray anchor=- at=(-115.7,520.1,-231.3) yaw=0.0 scale=1.000 seed=1159324577 warmup=1.50s ticks=45 mode=live particles=45 emitters=1 gpuEmitters=0 deterministic=1 nearBand=1 user=-
2026.10.06-03.41.42 ARTPREVIEW envlayout fx map=sarpedon fx=19 layoutFx=19 missingSystems=0 skippedMissing=0 skippedDisabled=0 skippedAnchor=0 skippedInsideMap=0 skippedLightRenderer=0 nearBand=3 gpuEmitters=0 nonDeterministic=0 particles=815 userSet=0 userMissing=0 mode=live still=0
2026.10.06-03.41.42 ARTPREVIEW envlayout map=sarpedon props=88 lights=5 missingMeshes=0 layoutProps=88 layoutLights=5 skippedMissing=0 skippedInsideMap=0 intrusions=4 outsideTray=30 outsideKit=9 shadowCasters=67 profilePoints=1 combinedPoints=6 combinedBudgetOk=1 tray=layout trayApronMismatch=0 profile=sarpedon-original boardId=c7fa64a26c29a0835f2383e63 file=Config/ArtBoards/EnvLayouts/sarpedon.layout.json sha256=89a3cfb965c134557d7a5e2733bd89562321ddf1c61d428dc8952d7fc4006c78 source=pak status=ok
2026.10.06-03.41.42 ARTPREVIEW concept-paste mode=on profile=sarpedon-original map=sarpedon reason=default default=on flag=- cmdVariant=- envVariant=scene:ok overlay=sarpedon.scene.layout.json overlaySha256=34742d7ddabf44a165379029dc370bb01c83500e254f5568073c1c768dfb3818 spec=tools/art/concept_paste/sarpedon.paste.json manifest=tools/art/concept_scene/manifest.sarpedon.json hide=tray+ground+waterfalls+backdrop+fog+baseProps+baseFx+layoutLights kind=lit3d
2026.10.06-03.41.42 ARTPREVIEW concept-scene sky profile=sarpedon-original plate=T_Sarpedon_ConceptSea z=-300..600 centre=(0,-45) radius=1900 segments=48 unlit=1
2026.10.06-03.41.42 ARTPREVIEW concept-scene light id=fire-fort kind=point at=(-492.3,-427.3,54.0) intensity=40 units=candelas radius=460 color=#FF8A3D shadow=0 flicker=0.18@6.0Hz
2026.10.06-03.41.42 ARTPREVIEW concept-scene light id=fire-brazier kind=point at=(-600.0,139.9,90.0) intensity=80 units=candelas radius=180 color=#FF9A4A shadow=0 flicker=0.25@1.6Hz
2026.10.06-03.41.42 ARTPREVIEW concept-scene light id=lantern-left kind=point at=(-565.9,-46.1,154.3) intensity=30 units=candelas radius=300 color=#FFA552 shadow=0 flicker=0.04@4.0Hz
2026.10.06-03.41.42 ARTPREVIEW concept-scene light id=lantern-bay kind=point at=(-129.7,-397.7,150.0) intensity=95 units=candelas radius=420 color=#FFA552 shadow=0 flicker=0.08@4.5Hz
2026.10.06-03.41.42 ARTPREVIEW concept-scene light id=lantern-deck-se kind=point at=(622.9,228.1,104.0) intensity=60 units=candelas radius=400 color=#FFA552 shadow=0 flicker=0.08@5.0Hz
2026.10.06-03.41.42 ARTPREVIEW concept-scene status=ok profile=sarpedon-original mode=lit3d variant=scene required=2 sky=48 lights=5 manifest=tools/art/concept_scene/manifest.sarpedon.json collection=MPC_EnvScene lit=1
2026.10.06-03.41.42 ARTPREVIEW concept-paste hide profile=sarpedon-original props=0 fx=0 layoutLights=5 ground=4 sea=0 waterfalls=4 fog=1 backdrop=0 overlayProps=88 overlayFx=19
2026.10.06-03.41.42 ARTPREVIEW concept-scene apply profile=sarpedon-original overlayProps=88 shadowsOn=67 lumenGI=88 casters=4/4 giOff=0/0 unmatched=- sea=z-300(1) falls=3 scaleZ=2.50
2026.10.06-03.41.42 ARTPREVIEW concept-scene collection=live path=/Game/EnvMaps/Scene/MPC_EnvScene
2026.10.06-03.41.42 ARTPREVIEW concept-paste budget profile=sarpedon-original profilePoints=1 conceptLights=5 layoutLightsVisible=0 combinedPoints=6 combinedBudgetOk=1
2026.10.06-03.41.42 ARTPREVIEW concept-paste anim profile=sarpedon-original mode=live flickers=5 sways=1 winds=21/21 missingProps=0
2026.10.06-03.41.42 ARTPREVIEW envlayout tray map=sarpedon source=layout outerHalf=780.0x470.0 offsetY=-45.0 frameHalf=469.7x312.7 mesh=T2 t2Top=780.0x470.0 mismatchUU=0.0
2026.10.06-03.41.42 ARTPREVIEW diorama tray-t2 loaded mesh=/Game/PipelineCandidates/TableBase/T2b/SM_TableBase_T2b mi=MI_TableBase_T2b_Sarpedon kind=T2b
2026.10.06-03.41.42 ARTPREVIEW diorama tray=/Game/PipelineCandidates/TableBase/T2b/SM_TableBase_T2b.SM_TableBase_T2b mi=MI_TableBase_T2b_Sarpedon surface=map-image yaw=0.0 scale=1.000x1.000x1.000 bounds=(-815.7,-546.3,-215.7)..(815.7,456.3,1.7) size=1631.4x1002.6x217.5 topZ=-3.0 boardHalf=469.7x312.7 rimUU=112.3 collision=none kind=T2b topHalf=780.0x470.0 layoutHalf=780.0x470.0 offset=(0.0,-45.0) source=layout mismatchUU=0.0 match=1 anisotropy=1.000 lipTopZ=1.7 lipBandUU=20.0
2026.10.06-03.41.42 ARTPREVIEW concept-paste tray hidden profile=sarpedon-original mesh=SM_TableBase_T2b (the painted island replaces it)
2026.10.06-03.41.42 CAMERA extents source=map-image half=445.7x288.7 dist=2340.2 fit=1872.2 k1Mul=1.250
2026.10.06-03.41.42 CAMERA dist=2340 loc=(0,1342,1917) pitch=-55 yaw=-90
2026.10.06-03.41.42 CAMERA config overview=2340.2 nearest=300.0 farthest=2880.2 zoomRange=0.81-7.80 fit=1872.2 k1Mul=1.250 minDist=300.0 outRatio=0.650 step=1.250 animMs=200 returnMs=300 followFrom=1.20 source=defaults issues=0
2026.10.06-03.41.42 BOARD 9x6 cells | control points: (0,0)=(-393,-219,0) (8,5)=(400,250,0) | neighbor pair (dist 140 uu)
2026.10.06-03.41.42 BOARD topology spaces=38 links=61 starts=3:S03,4:S14,1:S20,2:S32 frame=1337x866px uuPerPx=0.6667 radius=42.0uu (default)
2026.10.06-03.41.42 ARTPREVIEW team mapping mode=absolute source=seatOrder viewerTeam=P2 p1=f-0-hero,f-0-sk0,f-0-sk1,f-0-sk2 p2=f-1-hero,f-1-sk0
2026.10.06-03.41.42 ARTPREVIEW heroesV2 fighter=f-0-hero mesh=/Game/PipelineCandidates/Medusa/H2LD/Meshes/SK_Medusa_H2LD mi=/Game/PipelineCandidates/Medusa/H2LD/Materials/MI_Medusa_H2LD_P1 yaw=270.0 scale=0.9998 name=Medusa hero=1 look=P1 base=/Game/PipelineCandidates/Medusa/H2LD/Meshes/SM_Medusa_H2LD_Base baseMi=/Game/PipelineCandidates/Medusa/H2LD/Materials/MI_Medusa_H2LD_Base_P1 skeleton=/Game/PipelineCandidates/Medusa/Rig/SK_Medusa_Skeleton.SK_Medusa_Skeleton clips=4/4 boundsTop=55.00 figureTop=55.00 budget=55.0
2026.10.06-03.41.42 ARTPREVIEW click capsule fighter=f-0-hero mesh=SK_Medusa_H2LD physicsAsset=0 radius=11.6 halfHeight=27.5 top=55.0 bodyCollision=0 source=meshBounds
2026.10.06-03.41.42 ARTPREVIEW fighter=Medusa hero=1 eligible=0 visual=1 mesh=SK_Medusa_H2LD
2026.10.06-03.41.42 ARTPREVIEW team ring fighter=f-0-hero team=P1 look=P1 mode=absolute shape=circle shown=1 mesh=SM_Marker_TeamRing_P1 fill=#E8C06A keyline=#111317 fillLinear=(0.8070,0.5271,0.1441) zMin=0.60 zMax=1.20 scale=1.00 base=hidden blockout=0 art=1 rim=#FFFFFF
2026.10.06-03.41.42 ARTPREVIEW anim fighter=f-0-hero clip=Idle len=2.333 event=spawn loop=1 phase=0.8071 seq=-1 asset=AM_Medusa_Idle rate=1.00
2026.10.06-03.41.42 ARTPREVIEW readability contact shadow material=/Game/EnvMaps/M_MapContactShadow.M_MapContactShadow loaded=1
2026.10.06-03.41.42 ARTPREVIEW readability fighter=f-0-hero hero=1 contactShadow=1 diameterUU=52.0 strength=0.25 leaderPip=1 look=P1 ringScale=1.00
2026.10.06-03.41.42 ARTPREVIEW heroesV2 fighter=f-0-sk0 mesh=/Game/PipelineCandidates/Harpy/H3LD/Meshes/SK_Harpy_H3LD mi=/Game/PipelineCandidates/Harpy/H3LD/Materials/MI_Harpy_H3LD_P1 yaw=270.0 scale=1.0000 name=Harpies hero=0 look=P1 base=/Game/PipelineCandidates/Harpy/H3LD/Meshes/SM_Harpy_H3LD_Base baseMi=/Game/PipelineCandidates/Harpy/H3LD/Materials/MI_Harpy_H3LD_Base_P1 skeleton=/Game/PipelineCandidates/Harpy/Rig/SK_Harpy_Skeleton.SK_Harpy_Skeleton clips=4/4 boundsTop=42.00 figureTop=42.00 budget=42.0
2026.10.06-03.41.42 ARTPREVIEW click capsule fighter=f-0-sk0 mesh=SK_Harpy_H3LD physicsAsset=0 radius=20.0 halfHeight=21.0 top=42.0 bodyCollision=0 source=meshBounds
2026.10.06-03.41.42 ARTPREVIEW team ring fighter=f-0-sk0 team=P1 look=P1 mode=absolute shape=circle shown=1 mesh=SM_Marker_TeamRing_P1 fill=#E8C06A keyline=#111317 fillLinear=(0.8070,0.5271,0.1441) zMin=0.60 zMax=1.20 scale=0.78 base=hidden blockout=0 art=1 rim=#FFFFFF
2026.10.06-03.41.42 ARTPREVIEW anim fighter=f-0-sk0 clip=Idle len=2.000 event=spawn loop=1 phase=0.6635 seq=-1 asset=AM_Harpy_Idle rate=1.00
2026.10.06-03.41.42 ARTPREVIEW readability fighter=f-0-sk0 hero=0 contactShadow=1 diameterUU=40.6 strength=0.25 leaderPip=0 look=P1 ringScale=0.78
2026.10.06-03.41.42 ARTPREVIEW heroesV2 fighter=f-0-sk1 mesh=/Game/PipelineCandidates/Harpy/H3LD/Meshes/SK_Harpy_H3LD mi=/Game/PipelineCandidates/Harpy/H3LD/Materials/MI_Harpy_H3LD_P1 yaw=90.0 scale=1.0000 name=Harpies hero=0 look=P1 base=/Game/PipelineCandidates/Harpy/H3LD/Meshes/SM_Harpy_H3LD_Base baseMi=/Game/PipelineCandidates/Harpy/H3LD/Materials/MI_Harpy_H3LD_Base_P1 skeleton=/Game/PipelineCandidates/Harpy/Rig/SK_Harpy_Skeleton.SK_Harpy_Skeleton clips=4/4 boundsTop=42.00 figureTop=42.00 budget=42.0
2026.10.06-03.41.42 ARTPREVIEW click capsule fighter=f-0-sk1 mesh=SK_Harpy_H3LD physicsAsset=0 radius=20.0 halfHeight=21.0 top=42.0 bodyCollision=0 source=meshBounds
2026.10.06-03.41.42 ARTPREVIEW team ring fighter=f-0-sk1 team=P1 look=P1 mode=absolute shape=circle shown=1 mesh=SM_Marker_TeamRing_P1 fill=#E8C06A keyline=#111317 fillLinear=(0.8070,0.5271,0.1441) zMin=0.60 zMax=1.20 scale=0.78 base=hidden blockout=0 art=1 rim=#FFFFFF
2026.10.06-03.41.42 ARTPREVIEW anim fighter=f-0-sk1 clip=Idle len=2.000 event=spawn loop=1 phase=0.9016 seq=-1 asset=AM_Harpy_Idle rate=1.00
2026.10.06-03.41.42 ARTPREVIEW readability fighter=f-0-sk1 hero=0 contactShadow=1 diameterUU=40.6 strength=0.25 leaderPip=0 look=P1 ringScale=0.78
2026.10.06-03.41.42 ARTPREVIEW heroesV2 fighter=f-0-sk2 mesh=/Game/PipelineCandidates/Harpy/H3LD/Meshes/SK_Harpy_H3LD mi=/Game/PipelineCandidates/Harpy/H3LD/Materials/MI_Harpy_H3LD_P1 yaw=270.0 scale=1.0000 name=Harpies hero=0 look=P1 base=/Game/PipelineCandidates/Harpy/H3LD/Meshes/SM_Harpy_H3LD_Base baseMi=/Game/PipelineCandidates/Harpy/H3LD/Materials/MI_Harpy_H3LD_Base_P1 skeleton=/Game/PipelineCandidates/Harpy/Rig/SK_Harpy_Skeleton.SK_Harpy_Skeleton clips=4/4 boundsTop=42.00 figureTop=42.00 budget=42.0
2026.10.06-03.41.42 ARTPREVIEW click capsule fighter=f-0-sk2 mesh=SK_Harpy_H3LD physicsAsset=0 radius=20.0 halfHeight=21.0 top=42.0 bodyCollision=0 source=meshBounds
2026.10.06-03.41.42 ARTPREVIEW team ring fighter=f-0-sk2 team=P1 look=P1 mode=absolute shape=circle shown=1 mesh=SM_Marker_TeamRing_P1 fill=#E8C06A keyline=#111317 fillLinear=(0.8070,0.5271,0.1441) zMin=0.60 zMax=1.20 scale=0.78 base=hidden blockout=0 art=1 rim=#FFFFFF
2026.10.06-03.41.42 ARTPREVIEW anim fighter=f-0-sk2 clip=Idle len=2.000 event=spawn loop=1 phase=0.1873 seq=-1 asset=AM_Harpy_Idle rate=1.00
2026.10.06-03.41.42 ARTPREVIEW readability fighter=f-0-sk2 hero=0 contactShadow=1 diameterUU=40.6 strength=0.25 leaderPip=0 look=P1 ringScale=0.78
2026.10.06-03.41.42 ARTPREVIEW heroesV2 fighter=f-1-hero mesh=/Game/PipelineCandidates/KingArthur/H2LD/Meshes/SK_KingArthur_H2LD mi=/Game/PipelineCandidates/KingArthur/H2LD/Materials/MI_KingArthur_H2LD_P2 yaw=270.0 scale=1.0000 name=King Arthur hero=1 look=P2 base=/Game/PipelineCandidates/KingArthur/H2LD/Meshes/SM_KingArthur_H2LD_Base baseMi=/Game/PipelineCandidates/KingArthur/H2LD/Materials/MI_KingArthur_H2LD_Base_P2 skeleton=/Game/PipelineCandidates/KingArthur/Rig/SK_KingArthur_Skeleton.SK_KingArthur_Skeleton clips=4/4 boundsTop=60.06 figureTop=55.00 budget=55.0
2026.10.06-03.41.42 ARTPREVIEW click capsule fighter=f-1-hero mesh=SK_KingArthur_H2LD physicsAsset=0 radius=12.8 halfHeight=30.0 top=60.1 bodyCollision=0 source=meshBounds
2026.10.06-03.41.42 ARTPREVIEW team ring fighter=f-1-hero team=P2 look=P2 mode=absolute shape=hexagon shown=1 mesh=SM_Marker_TeamRing_P2 fill=#5A7F9F keyline=#111317 fillLinear=(0.1022,0.2122,0.3467) zMin=0.60 zMax=1.20 scale=1.00 base=hidden blockout=0 art=1 rim=#FFFFFF
2026.10.06-03.41.42 ARTPREVIEW anim fighter=f-1-hero clip=Idle len=2.500 event=spawn loop=1 phase=0.3470 seq=-1 asset=AM_KingArthur_Idle rate=1.00
2026.10.06-03.41.42 ARTPREVIEW readability fighter=f-1-hero hero=1 contactShadow=1 diameterUU=52.0 strength=0.25 leaderPip=1 look=P2 ringScale=1.00
2026.10.06-03.41.42 ARTPREVIEW heroesV2 fighter=f-1-sk0 mesh=/Game/PipelineCandidates/Merlin/H2LD/Meshes/SK_Merlin_H2LD mi=/Game/PipelineCandidates/Merlin/H2LD/Materials/MI_Merlin_H2LD_P2 yaw=270.0 scale=1.0003 name=Merlin hero=0 look=P2 base=/Game/PipelineCandidates/Merlin/H2LD/Meshes/SM_Merlin_H2LD_Base baseMi=/Game/PipelineCandidates/Merlin/H2LD/Materials/MI_Merlin_H2LD_Base_P2 skeleton=/Game/PipelineCandidates/Merlin/Rig/SK_Merlin_Skeleton.SK_Merlin_Skeleton clips=4/4 boundsTop=49.44 figureTop=45.00 budget=45.0
2026.10.06-03.41.42 ARTPREVIEW click capsule fighter=f-1-sk0 mesh=SK_Merlin_H2LD physicsAsset=0 radius=10.5 halfHeight=24.7 top=49.4 bodyCollision=0 source=meshBounds
2026.10.06-03.41.42 ARTPREVIEW team ring fighter=f-1-sk0 team=P2 look=P2 mode=absolute shape=hexagon shown=1 mesh=SM_Marker_TeamRing_P2 fill=#5A7F9F keyline=#111317 fillLinear=(0.1022,0.2122,0.3467) zMin=0.60 zMax=1.20 scale=0.78 base=hidden blockout=0 art=1 rim=#FFFFFF
2026.10.06-03.41.42 ARTPREVIEW anim fighter=f-1-sk0 clip=Idle len=3.000 event=spawn loop=1 phase=0.8028 seq=-1 asset=AM_Merlin_Idle rate=1.00
2026.10.06-03.41.42 ARTPREVIEW readability fighter=f-1-sk0 hero=0 contactShadow=1 diameterUU=40.6 strength=0.25 leaderPip=0 look=P2 ringScale=0.78
2026.10.06-03.41.42 ARTPREVIEW hero-light rig fighter=f-0-hero layers=2 height=55.0 channel=1 shadowMaps=0 indirect=0 translucency=0 pedestal=0 key=7.00lux rim=3.50lux key=(-103,60,138)d160/17.984cd/r353/cone22-32/#FFF0E0/spec0.50/contact0.100 rim=(-16,-59,55)d66/1.528cd/r132/cone16-30/#A8C0FF/spec0.80/contact0.000
2026.10.06-03.41.42 ARTPREVIEW hero-light fighter=f-0-hero state=idle layers=2 lightsOn=2 keyCd=17.984 rimCd=1.528 mul=1.000 pulse=none
2026.10.06-03.41.42 ARTPREVIEW hero-light rig fighter=f-0-sk0 layers=2 height=42.0 channel=1 shadowMaps=0 indirect=0 translucency=0 pedestal=0 key=7.00lux rim=3.50lux key=(-79,45,105)d122/10.487cd/r269/cone22-32/#FFF0E0/spec0.50/contact0.100 rim=(-12,-45,42)d50/0.891cd/r101/cone16-30/#A8C0FF/spec0.80/contact0.000
2026.10.06-03.41.42 ARTPREVIEW hero-light fighter=f-0-sk0 state=idle layers=2 lightsOn=2 keyCd=10.487 rimCd=0.891 mul=1.000 pulse=none
2026.10.06-03.41.42 ARTPREVIEW hero-light rig fighter=f-0-sk1 layers=2 height=42.0 channel=1 shadowMaps=0 indirect=0 translucency=0 pedestal=0 key=7.00lux rim=3.50lux key=(-79,45,105)d122/10.487cd/r269/cone22-32/#FFF0E0/spec0.50/contact0.100 rim=(-12,-45,42)d50/0.891cd/r101/cone16-30/#A8C0FF/spec0.80/contact0.000
2026.10.06-03.41.42 ARTPREVIEW hero-light fighter=f-0-sk1 state=idle layers=2 lightsOn=2 keyCd=10.487 rimCd=0.891 mul=1.000 pulse=none
2026.10.06-03.41.42 ARTPREVIEW hero-light rig fighter=f-0-sk2 layers=2 height=42.0 channel=1 shadowMaps=0 indirect=0 translucency=0 pedestal=0 key=7.00lux rim=3.50lux key=(-79,45,105)d122/10.487cd/r269/cone22-32/#FFF0E0/spec0.50/contact0.100 rim=(-12,-45,42)d50/0.891cd/r101/cone16-30/#A8C0FF/spec0.80/contact0.000
2026.10.06-03.41.42 ARTPREVIEW hero-light fighter=f-0-sk2 state=idle layers=2 lightsOn=2 keyCd=10.487 rimCd=0.891 mul=1.000 pulse=none
2026.10.06-03.41.42 ARTPREVIEW hero-light rig fighter=f-1-hero layers=2 height=60.1 channel=1 shadowMaps=0 indirect=0 translucency=0 pedestal=0 key=7.00lux rim=3.50lux key=(-113,65,150)d175/21.443cd/r385/cone22-32/#FFF0E0/spec0.50/contact0.100 rim=(-17,-65,60)d72/1.822cd/r144/cone16-30/#A8C0FF/spec0.80/contact0.000
2026.10.06-03.41.42 ARTPREVIEW hero-light fighter=f-1-hero state=idle layers=2 lightsOn=2 keyCd=21.443 rimCd=1.822 mul=1.000 pulse=none
2026.10.06-03.41.42 ARTPREVIEW hero-light rig fighter=f-1-sk0 layers=2 height=49.4 channel=1 shadowMaps=0 indirect=0 translucency=0 pedestal=0 key=7.00lux rim=3.50lux key=(-93,54,124)d144/14.530cd/r317/cone22-32/#FFF0E0/spec0.50/contact0.100 rim=(-14,-53,49)d59/1.234cd/r119/cone16-30/#A8C0FF/spec0.80/contact0.000
2026.10.06-03.41.42 ARTPREVIEW hero-light fighter=f-1-sk0 state=idle layers=2 lightsOn=2 keyCd=14.530 rimCd=1.234 mul=1.000 pulse=none
2026.10.06-03.41.42 ARTPREVIEW hero-light board profile=sarpedon-original light=sarpedon-night on=1 reason=profile fighters=6 litFigures=6 layers=2 lightsOn=12 budget=12/14 perFigure<=2 channel=1 frozen=0
2026.10.06-03.41.42 ARTPREVIEW heroesV2 summary fighters=6 mapped=6 v2=6
2026.10.06-03.41.42 FIGHTERS synced n=6 alive=6 own=2 enemy=4
2026.10.06-03.41.42 STATE seq=3 -> apply
2026.10.06-03.41.42 MUSIC theme=MUS-MAP-SARPEDON t=15279 l1=ok l2=ok
2026.10.06-03.41.42 SFX bank=STG-MATCH-START tag=sting class=Music t=15279 sound=SW_STG_MATCH_START gain=0.60
2026.10.06-03.41.42 MS-LAST show seq=3 mode=restore player=cmuhntivg0000wib0anhqyswc from=2,2 to=4,4
2026.10.06-03.41.42 MS-LOG seq=3 moves=1 truncated=0 text="Medusa: maneuver: Medusa S20→S35"
2026.10.06-03.41.42 MS-OPP arrow=1 cell=S35 x=1872 y=540 angle=0 seq=3
2026.10.06-03.41.42 HUD-TRACK own=0/2 server=0 local=0 opp=1/2 oppVisible=1 anim=reset/reset seq=3 frame=453
2026.10.06-03.41.42 HUD art layer plate=1 iconSize=32 iconTexture=1 iconProbe=0 plan=0
2026.10.06-03.41.42 HUD art impl=umg plateViews=umg:/Game/S08/UI/ArtHud/WBP_S08ArtPlate iconViews=umg-motion:S08AnimatedIconWidget:action-attack-token textTable=S08ArtHud entries=13 missingKeys=0
2026.10.06-03.41.42 HUD tags boardPlate=1 hardPadPx=3 profile=sarpedon-original
2026.10.06-03.41.42 TAG fighter=f-1-hero bbox=(1404,62,1506,84) mode=compact look=P2 placement=left ring=0 hardPx2=0 softPx2=0 order=0 bound=1
2026.10.06-03.41.42 TAG fighter=f-1-sk0 bbox=(1172,255,1256,277) mode=compact look=P2 placement=above ring=0 hardPx2=0 softPx2=0 order=1 bound=1
2026.10.06-03.41.42 ARTPREVIEW screen labels=1 (world TextRender labels and damage text hidden)
2026.10.06-03.41.42 DECKLIST loaded game=cmuw4tbs005wpt84mulgi3nuk lists=2
2026.10.06-03.41.42 SUBSCRIBED gameStateUpdated since=3
2026.10.06-03.41.42 MS-OPP arrow=0 cell=- x=0 y=0 angle=0 seq=3
2026.10.06-03.41.42 HUD-HAND layout left=442 panel=1037 canvas=1920 columnRight=271 gutter=12 shifted=0 wrap=1601
2026.10.06-03.41.42 TAG fighter=f-0-hero bbox=(932,654,1034,676) mode=compact look=P1 placement=above ring=0 hardPx2=0 softPx2=0 order=5 bound=1
2026.10.06-03.41.42 TAG fighter=f-0-sk0 bbox=(509,496,593,518) mode=compact look=P1 placement=above ring=0 hardPx2=0 softPx2=0 order=1 bound=1
2026.10.06-03.41.42 TAG fighter=f-0-sk1 bbox=(396,458,480,480) mode=compact look=P1 placement=above ring=0 hardPx2=0 softPx2=0 order=0 bound=1
2026.10.06-03.41.42 TAG fighter=f-0-sk2 bbox=(308,584,392,606) mode=compact look=P1 placement=left ring=0 hardPx2=0 softPx2=0 order=3 bound=1
2026.10.06-03.41.42 TAG fighter=f-1-hero bbox=(1072,730,1174,752) mode=compact look=P2 placement=below ring=0 hardPx2=0 softPx2=0 order=4 bound=1
2026.10.06-03.41.42 TAG fighter=f-1-sk0 bbox=(1130,510,1214,532) mode=compact look=P2 placement=above ring=0 hardPx2=0 softPx2=0 order=2 bound=1
2026.10.06-03.41.42 SNAPSHOT applied seq=3 phase=ACTION_MANEUVER
2026.10.06-03.41.42 HANDLE_APPLIED #2 seq=3 decision=1 fightersValid=1 boardValid=1
2026.10.06-03.41.42 MODE seq=3 mode=0 combat=0 pending=0
2026.10.06-03.41.42 HUD seq=3 phase=ACTION_MANEUVER turn=opp hand=5 oppHand=6(hidden) oppDeck=24 deck=25 discard=0
2026.10.06-03.41.42 MS-STATUS seq=3 text="Medusa — Opponent is choosing an action"
2026.10.06-03.41.42 ARTPREVIEW fighter=Medusa hero=1 eligible=0 visual=1 mesh=SK_Medusa_H2LD
2026.10.06-03.41.42 FIGHTERS synced n=6 alive=6 own=2 enemy=4
2026.10.06-03.41.42 WS seq=3 phase=ACTION_MANEUVER (merge)
2026.10.06-03.41.42 SFX bank=BRD-SETUP tag=setup class=SFX t=15390 sound=SW_BRD_SETUP_01 gain=0.80
2026.10.06-03.41.42 TAG fighter=f-0-hero bbox=(932,654,1034,676) mode=compact look=P1 placement=above ring=0 hardPx2=0 softPx2=0 order=5 bound=1
2026.10.06-03.41.42 TAG fighter=f-0-sk0 bbox=(509,496,593,518) mode=compact look=P1 placement=above ring=0 hardPx2=0 softPx2=0 order=1 bound=1
2026.10.06-03.41.42 TAG fighter=f-0-sk1 bbox=(396,458,480,480) mode=compact look=P1 placement=above ring=0 hardPx2=0 softPx2=0 order=0 bound=1
2026.10.06-03.41.42 TAG fighter=f-0-sk2 bbox=(308,584,392,606) mode=compact look=P1 placement=left ring=0 hardPx2=0 softPx2=0 order=3 bound=1
2026.10.06-03.41.42 TAG fighter=f-1-hero bbox=(1072,730,1174,752) mode=compact look=P2 placement=below ring=0 hardPx2=0 softPx2=0 order=4 bound=1
2026.10.06-03.41.42 TAG fighter=f-1-sk0 bbox=(1130,510,1214,532) mode=compact look=P2 placement=above ring=0 hardPx2=0 softPx2=0 order=2 bound=1
2026.10.06-03.41.42 SFX bank=BRD-SETUP tag=setup class=SFX t=15523 sound=SW_BRD_SETUP_02 gain=0.80
2026.10.06-03.41.43 SFX bank=BRD-SETUP tag=setup class=SFX t=15657 sound=SW_BRD_SETUP_03 gain=0.80
2026.10.06-03.41.43 SNAPSHOT applied seq=4 phase=COMBAT
2026.10.06-03.41.43 HANDLE_APPLIED #3 seq=4 decision=2 fightersValid=1 boardValid=1
2026.10.06-03.41.43 MUSIC state=combat theme=MUS-MAP-SARPEDON t=15657
2026.10.06-03.41.43 CUE sound id=CUE-008 point=cue subject=f-0-hero seq=4 t=15657 event_t=15657 dt=0 class=SFX sound=SW_CMB_ATTACK_DECLARE_02 gain=0.80 result=played
2026.10.06-03.41.43 AUDIO attack seq=4 key=MEDUSA abilityBoost=0
2026.10.06-03.41.43 VO event=ATTACK speaker=MEDUSA t=15657 result=skipped line=- prio=3 reason=chance
2026.10.06-03.41.43 CUE fx id=CUE-008 subject=f-0-hero seq=4 t=15657 vfx=missing sfx=missing clip=none mat=none socket=Weapon reduced=0 result=fallback
2026.10.06-03.41.43 closed mode=
2026.10.06-03.41.43 MODE seq=4 mode=4 combat=1 pending=0
2026.10.06-03.41.43 MS-OPP verb=attack seq=4
2026.10.06-03.41.43 MS-TRACK own=0/2 opp=2/2 oppVisible=1 seq=4
2026.10.06-03.41.43 HUD seq=4 phase=COMBAT turn=opp hand=5 oppHand=5(hidden) oppDeck=24~ deck=25~ discard=0
2026.10.06-03.41.43 ARTPREVIEW hero-light fighter=f-0-hero state=active layers=2 lightsOn=2 keyCd=20.088 rimCd=1.707 mul=1.117 pulse=0.40Hz+-4%
2026.10.06-03.41.43 ARTPREVIEW combat marker fighter=Medusa attacker=1 target=0 icon=0 targetMesh=SM_Marker_TargetRing iconMode=screen targetArcScaleXY=0.920
2026.10.06-03.41.43 ARTPREVIEW combat marker fighter=King Arthur attacker=0 target=1 icon=1 targetMesh=SM_Marker_TargetRing iconMode=screen targetArcScaleXY=0.920
2026.10.06-03.41.43 MS-STATUS seq=4 text="You are attacked: choose a defense card or No defense (N)"
2026.10.06-03.41.43 ARTPREVIEW fighter=Medusa hero=1 eligible=0 visual=1 mesh=SK_Medusa_H2LD
2026.10.06-03.41.43 FIGHTERS synced n=6 alive=6 own=2 enemy=4
2026.10.06-03.41.43 WS seq=4 phase=COMBAT (apply)
2026.10.06-03.41.43 HUD-TRACK own=0/2 server=0 local=0 opp=2/2 oppVisible=1 anim=-/spend seq=4 frame=465
2026.10.06-03.41.43 S09AUTO drive mode=4 plan=[attack+abilityboost+scheme+storms+defend+resolve] phase=COMBAT turn=cmuhntivg0000wib0anhqyswc
2026.10.06-03.41.43 S09AUTO defense-window shot
2026.10.06-03.41.43 SHOT ctx viewport=1920x1080 viewTarget=CameraActor_2147482025 cam=(0,1342,1917) rot=(-55,-90,0)
2026.10.06-03.41.43 RENDER tag=SHOT rhi=D3D12 featureLevel=SM6 shaderPlatform=PCD3D_SM6 lumenPlatform=1 gi=lumen giMethod=1 refl=lumen reflMethod=1 shadows=csm vsmEnable=0 sg.res=100 sg.view=2 sg.aa=2 sg.shadow=2 sg.gi=2 sg.refl=2 sg.pp=2 sg.tex=2 sg.fx=2 sg.foliage=2 sg.shading=2 sg.landscape=2 preset=High screenPct=100.0 screenPctMode=0 aa=TSR aaMethod=4 exposure=fixed-histogram expMin=4.14106 expMax=4.14106 expBias=0.000 ev100=2.05 lightUnits=candelas sky=1 skyIntensity=3.000 keyShadow=csm-3600uu-2c-contact0.000 shadowCasters=1 profile=sarpedon-night profilesSha256=0a3417258f46ad3d99620bcbabd1b37615192b7a59f090c77515189845b33bb7 profilesSource=pak legacyRender=0 gameLayer=unlit-eyeadaptinv tMaxFPS=30.0 vsync=0 frameRateLimit=60.0 substrate=0 nanite=1 meshDF=1 viewport=1920x1080 reference=1
2026.10.06-03.41.43 SHOT fighter f-0-hero pos=(4,4) world=(16,189,0) screen=(982,752) projected=1 alive=1
2026.10.06-03.41.43 SHOT fighter f-0-sk0 pos=(1,3) world=(-309,33,0) screen=(555,576) projected=1 alive=1
2026.10.06-03.41.43 SHOT fighter f-0-sk1 pos=(0,2) world=(-398,-3,0) screen=(442,537) projected=1 alive=1
2026.10.06-03.41.43 SHOT fighter f-0-sk2 pos=(0,3) world=(-394,92,0) screen=(435,640) projected=1 alive=1
2026.10.06-03.41.43 SHOT fighter f-1-hero pos=(5,4) world=(119,141,0) screen=(1120,695) projected=1 alive=1
2026.10.06-03.41.43 SHOT fighter f-1-sk0 pos=(6,3) world=(159,52,0) screen=(1169,596) projected=1 alive=1
2026.10.06-03.41.43 SHOT camera dist=2340.2 target=2340.2 overview=2340.2 errPct=0.000 focusErr=0.00 settled=1 zoom=1.00
2026.10.06-03.41.43 SHOT head fighter=f-0-hero socket=Head mesh=SK_Medusa_H2LD world=(16.1,188.9,47.2) screen=(982.3,717.2) top=(982.4,712.8) bottom=(982.3,721.6) headPx=8.8 projected=1
2026.10.06-03.41.43 SHOT head fighter=f-0-sk0 socket=Head mesh=SK_Harpy_H3LD world=(-308.6,28.1,34.0) screen=(550.9,544.7) top=(550.0,540.2) bottom=(551.7,549.3) headPx=9.3 projected=1
2026.10.06-03.41.43 SHOT head fighter=f-0-sk1 socket=Head mesh=SK_Harpy_H3LD world=(-398.3,2.8,34.0) screen=(435.2,517.3) top=(434.1,512.7) bottom=(436.3,521.9) headPx=9.4 projected=1
2026.10.06-03.41.43 SHOT head fighter=f-0-sk2 socket=Head mesh=SK_Harpy_H3LD world=(-394.0,87.1,34.3) screen=(429.6,609.5) top=(428.5,605.0) bottom=(430.8,614.0) headPx=9.3 projected=1
2026.10.06-03.41.43 SHOT head fighter=f-1-hero socket=Head mesh=SK_KingArthur_H2LD world=(118.7,139.7,50.1) screen=(1122.9,657.6) top=(1123.2,653.1) bottom=(1122.5,662.1) headPx=9.0 projected=1
2026.10.06-03.41.43 SHOT head fighter=f-1-sk0 socket=Head mesh=SK_Merlin_H2LD world=(159.0,49.1,36.7) screen=(1172.1,565.6) top=(1172.6,561.1) bottom=(1171.7,570.1) headPx=9.1 projected=1
2026.10.06-03.41.43 SHOT figure fighter=f-0-hero bbox=(943,678,1023,785) ringR=28.50 art=1 blockout=0 team=P1 look=P1 ring=1
2026.10.06-03.41.43 SHOT figure fighter=f-0-sk0 bbox=(516,520,586,600) ringR=22.23 art=1 blockout=0 team=P1 look=P1 ring=1
2026.10.06-03.41.43 SHOT figure fighter=f-0-sk1 bbox=(402,482,474,561) ringR=22.23 art=1 blockout=0 team=P1 look=P1 ring=1
2026.10.06-03.41.43 SHOT figure fighter=f-0-sk2 bbox=(394,584,467,665) ringR=22.23 art=1 blockout=0 team=P1 look=P1 ring=1
2026.10.06-03.41.43 SHOT figure fighter=f-1-hero bbox=(1081,619,1165,728) ringR=28.50 art=1 blockout=0 team=P2 look=P2 ring=1
2026.10.06-03.41.43 SHOT figure fighter=f-1-sk0 bbox=(1139,534,1204,620) ringR=22.23 art=1 blockout=0 team=P2 look=P2 ring=1
2026.10.06-03.41.43 SHOT request file=s09-combat-defense-open.png frame=465
2026.10.06-03.41.43 SHOT requested: FScreenshotRequest(bShowUI) -> C:\Users\ren\AppData\Local\Temp\s09-combat-20261006-084119-39652\joiner/s09-combat-defense-open.png
2026.10.06-03.41.43 TAG fighter=f-0-hero bbox=(932,654,1034,676) mode=compact look=P1 placement=above ring=0 hardPx2=0 softPx2=0 order=5 bound=1
2026.10.06-03.41.43 TAG fighter=f-0-sk0 bbox=(509,496,593,518) mode=compact look=P1 placement=above ring=0 hardPx2=0 softPx2=0 order=2 bound=1
2026.10.06-03.41.43 TAG fighter=f-0-sk1 bbox=(396,458,480,480) mode=compact look=P1 placement=above ring=0 hardPx2=0 softPx2=0 order=1 bound=1
2026.10.06-03.41.43 TAG fighter=f-0-sk2 bbox=(308,584,392,606) mode=compact look=P1 placement=left ring=0 hardPx2=0 softPx2=0 order=4 bound=1
2026.10.06-03.41.43 TAG fighter=f-1-hero bbox=(1072,730,1174,752) mode=compact look=P2 placement=below ring=0 hardPx2=0 softPx2=0 order=0 bound=1
2026.10.06-03.41.43 TAG fighter=f-1-sk0 bbox=(1130,510,1214,532) mode=compact look=P2 placement=above ring=0 hardPx2=0 softPx2=0 order=3 bound=1
2026.10.06-03.41.43 ICON fighter=f-1-hero bbox=(1168,641,1200,673) size=32 src=combat anchor=right fallback=0 overlapPx2=0 texture=/Game/S08/UI/IconsV3/T_IV3_action_attack_token_32.T_IV3_action_attack_token_32
2026.10.06-03.41.43 SHOT captured file=s09-combat-defense-open.png frame=465 px=1920x1080 sha256=c35e5bbc15f8f21a9fca46f62dc9c1fcedbd3ab40ab5c1c85e75dcfddb9aaca9 order=BGRA saved=1
2026.10.06-03.41.43 SHOT late begin file=s09-combat-defense-open.png frame=465 requestFrame=465
2026.10.06-03.41.43 SHOT icon fighter=f-1-hero bbox=(1168,641,1200,673) size=32 src=combat planned=(1168,641,1200,673) geom=painted visible=1 anchor=right fallback=0 overlapPx2=0 texture=/Game/S08/UI/IconsV3/T_IV3_action_attack_token_32.T_IV3_action_attack_token_32 frame=465
2026.10.06-03.41.43 SHOT widget id=icon impl=umg-motion state=combat fighter=f-1-hero bbox=(1168,641,1200,673) geom=painted visible=1 twin=0 source=S08AnimatedIconWidget:action-attack-token frame=465
2026.10.06-03.41.43 SHOT widget id=board.tag impl=umg state=compact fighter=f-0-hero bbox=(932,654,1034,676) geom=painted visible=1 twin=0 source=/Game/S08/UI/ArtHud/WBP_S08ArtTag mode=compact look=P1 shape=circle placement=above ring=0 order=5 bound=1 softPx2=0 planned=(932,654,1034,676) frame=465
2026.10.06-03.41.43 SHOT widget id=board.tag.hp impl=umg state=compact fighter=f-0-hero bbox=(988,656,1030,674) geom=painted visible=1 twin=0 source=/Game/S08/UI/ArtHud/WBP_S08ArtTag mode=compact look=P1 shape=circle placement=above ring=0 order=5 bound=1 softPx2=0 planned=(932,654,1034,676) frame=465 font=11
2026.10.06-03.41.43 SHOT widget id=board.tag.bar impl=umg state=compact fighter=f-0-hero bbox=(951,663,985,668) geom=painted visible=1 twin=0 source=/Game/S08/UI/ArtHud/WBP_S08ArtTag mode=compact look=P1 shape=circle placement=above ring=0 order=5 bound=1 softPx2=0 planned=(932,654,1034,676) frame=465
2026.10.06-03.41.43 SHOT widget id=board.tag.chip impl=umg state=compact fighter=f-0-hero bbox=(936,659,948,671) geom=painted visible=1 twin=0 source=/Game/S08/UI/ArtHud/WBP_S08ArtTag mode=compact look=P1 shape=circle placement=above ring=0 order=5 bound=1 softPx2=0 planned=(932,654,1034,676) frame=465
2026.10.06-03.41.43 SHOT widget id=board.tag impl=umg state=compact fighter=f-0-sk0 bbox=(509,496,593,518) geom=painted visible=1 twin=0 source=/Game/S08/UI/ArtHud/WBP_S08ArtTag mode=compact look=P1 shape=circle placement=above ring=0 order=2 bound=1 softPx2=0 planned=(509,496,593,518) frame=465
2026.10.06-03.41.43 SHOT widget id=board.tag.hp impl=umg state=compact fighter=f-0-sk0 bbox=(565,498,589,516) geom=painted visible=1 twin=0 source=/Game/S08/UI/ArtHud/WBP_S08ArtTag mode=compact look=P1 shape=circle placement=above ring=0 order=2 bound=1 softPx2=0 planned=(509,496,593,518) frame=465 font=11
2026.10.06-03.41.43 SHOT widget id=board.tag.bar impl=umg state=compact fighter=f-0-sk0 bbox=(528,505,562,510) geom=painted visible=1 twin=0 source=/Game/S08/UI/ArtHud/WBP_S08ArtTag mode=compact look=P1 shape=circle placement=above ring=0 order=2 bound=1 softPx2=0 planned=(509,496,593,518) frame=465
2026.10.06-03.41.43 SHOT widget id=board.tag.chip impl=umg state=compact fighter=f-0-sk0 bbox=(513,501,525,513) geom=painted visible=1 twin=0 source=/Game/S08/UI/ArtHud/WBP_S08ArtTag mode=compact look=P1 shape=circle placement=above ring=0 order=2 bound=1 softPx2=0 planned=(509,496,593,518) frame=465
2026.10.06-03.41.43 SHOT widget id=board.tag impl=umg state=compact fighter=f-0-sk1 bbox=(396,458,480,480) geom=painted visible=1 twin=0 source=/Game/S08/UI/ArtHud/WBP_S08ArtTag mode=compact look=P1 shape=circle placement=above ring=0 order=1 bound=1 softPx2=0 planned=(396,458,480,480) frame=465
2026.10.06-03.41.43 SHOT widget id=board.tag.hp impl=umg state=compact fighter=f-0-sk1 bbox=(452,460,476,478) geom=painted visible=1 twin=0 source=/Game/S08/UI/ArtHud/WBP_S08ArtTag mode=compact look=P1 shape=circle placement=above ring=0 order=1 bound=1 softPx2=0 planned=(396,458,480,480) frame=465 font=11
2026.10.06-03.41.43 SHOT widget id=board.tag.bar impl=umg state=compact fighter=f-0-sk1 bbox=(415,467,449,472) geom=painted visible=1 twin=0 source=/Game/S08/UI/ArtHud/WBP_S08ArtTag mode=compact look=P1 shape=circle placement=above ring=0 order=1 bound=1 softPx2=0 planned=(396,458,480,480) frame=465
2026.10.06-03.41.43 SHOT widget id=board.tag.chip impl=umg state=compact fighter=f-0-sk1 bbox=(400,463,412,475) geom=painted visible=1 twin=0 source=/Game/S08/UI/ArtHud/WBP_S08ArtTag mode=compact look=P1 shape=circle placement=above ring=0 order=1 bound=1 softPx2=0 planned=(396,458,480,480) frame=465
2026.10.06-03.41.43 SHOT widget id=board.tag impl=umg state=compact fighter=f-0-sk2 bbox=(308,584,392,606) geom=painted visible=1 twin=0 source=/Game/S08/UI/ArtHud/WBP_S08ArtTag mode=compact look=P1 shape=circle placement=left ring=0 order=4 bound=1 softPx2=0 planned=(308,584,392,606) frame=465
2026.10.06-03.41.43 SHOT widget id=board.tag.hp impl=umg state=compact fighter=f-0-sk2 bbox=(364,586,388,604) geom=painted visible=1 twin=0 source=/Game/S08/UI/ArtHud/WBP_S08ArtTag mode=compact look=P1 shape=circle placement=left ring=0 order=4 bound=1 softPx2=0 planned=(308,584,392,606) frame=465 font=11
2026.10.06-03.41.43 SHOT widget id=board.tag.bar impl=umg state=compact fighter=f-0-sk2 bbox=(327,593,361,598) geom=painted visible=1 twin=0 source=/Game/S08/UI/ArtHud/WBP_S08ArtTag mode=compact look=P1 shape=circle placement=left ring=0 order=4 bound=1 softPx2=0 planned=(308,584,392,606) frame=465
2026.10.06-03.41.43 SHOT widget id=board.tag.chip impl=umg state=compact fighter=f-0-sk2 bbox=(312,589,324,601) geom=painted visible=1 twin=0 source=/Game/S08/UI/ArtHud/WBP_S08ArtTag mode=compact look=P1 shape=circle placement=left ring=0 order=4 bound=1 softPx2=0 planned=(308,584,392,606) frame=465
2026.10.06-03.41.43 SHOT widget id=board.tag impl=umg state=compact fighter=f-1-hero bbox=(1072,730,1174,752) geom=painted visible=1 twin=0 source=/Game/S08/UI/ArtHud/WBP_S08ArtTag mode=compact look=P2 shape=hex placement=below ring=0 order=0 bound=1 softPx2=0 planned=(1072,730,1174,752) frame=465
2026.10.06-03.41.43 SHOT widget id=board.tag.hp impl=umg state=compact fighter=f-1-hero bbox=(1128,732,1170,750) geom=painted visible=1 twin=0 source=/Game/S08/UI/ArtHud/WBP_S08ArtTag mode=compact look=P2 shape=hex placement=below ring=0 order=0 bound=1 softPx2=0 planned=(1072,730,1174,752) frame=465 font=11
2026.10.06-03.41.43 SHOT widget id=board.tag.bar impl=umg state=compact fighter=f-1-hero bbox=(1091,739,1125,744) geom=painted visible=1 twin=0 source=/Game/S08/UI/ArtHud/WBP_S08ArtTag mode=compact look=P2 shape=hex placement=below ring=0 order=0 bound=1 softPx2=0 planned=(1072,730,1174,752) frame=465
2026.10.06-03.41.43 SHOT widget id=board.tag.chip impl=umg state=compact fighter=f-1-hero bbox=(1076,735,1088,747) geom=painted visible=1 twin=0 source=/Game/S08/UI/ArtHud/WBP_S08ArtTag mode=compact look=P2 shape=hex placement=below ring=0 order=0 bound=1 softPx2=0 planned=(1072,730,1174,752) frame=465
2026.10.06-03.41.43 SHOT widget id=board.tag impl=umg state=compact fighter=f-1-sk0 bbox=(1130,510,1214,532) geom=painted visible=1 twin=0 source=/Game/S08/UI/ArtHud/WBP_S08ArtTag mode=compact look=P2 shape=hex placement=above ring=0 order=3 bound=1 softPx2=0 planned=(1130,510,1214,532) frame=465
2026.10.06-03.41.43 SHOT widget id=board.tag.hp impl=umg state=compact fighter=f-1-sk0 bbox=(1186,512,1210,530) geom=painted visible=1 twin=0 source=/Game/S08/UI/ArtHud/WBP_S08ArtTag mode=compact look=P2 shape=hex placement=above ring=0 order=3 bound=1 softPx2=0 planned=(1130,510,1214,532) frame=465 font=11
2026.10.06-03.41.43 SHOT widget id=board.tag.bar impl=umg state=compact fighter=f-1-sk0 bbox=(1149,519,1183,524) geom=painted visible=1 twin=0 source=/Game/S08/UI/ArtHud/WBP_S08ArtTag mode=compact look=P2 shape=hex placement=above ring=0 order=3 bound=1 softPx2=0 planned=(1130,510,1214,532) frame=465
2026.10.06-03.41.43 SHOT widget id=board.tag.chip impl=umg state=compact fighter=f-1-sk0 bbox=(1134,515,1146,527) geom=painted visible=1 twin=0 source=/Game/S08/UI/ArtHud/WBP_S08ArtTag mode=compact look=P2 shape=hex placement=above ring=0 order=3 bound=1 softPx2=0 planned=(1130,510,1214,532) frame=465
2026.10.06-03.41.43 SHOT panel id=hud.command bbox=(0,0,514,182) geom=painted visible=1 frame=465
2026.10.06-03.41.43 SHOT panel id=hud.side bbox=(1489,0,1920,179) geom=painted visible=1 frame=465
2026.10.06-03.41.43 SHOT panel id=hud.hand bbox=(442,929,1479,1080) geom=painted visible=1 frame=465
2026.10.06-03.41.43 SHOT late end file=s09-combat-defense-open.png frame=465
2026.10.06-03.41.43 SFX bank=BRD-SETUP tag=setup class=SFX t=15966 sound=SW_BRD_SETUP_01 gain=0.80
2026.10.06-03.41.43 SFX bank=BRD-SETUP tag=setup class=SFX t=15966 sound=SW_BRD_SETUP_02 gain=0.80
2026.10.06-03.41.43 S09AUTO defense card picked
2026.10.06-03.41.43 DEFENSE sent
2026.10.06-03.41.43 MS-STATUS seq=4 text="Syncing…"
2026.10.06-03.41.43 TOAST text="defense sent"
2026.10.06-03.41.43 TAG fighter=f-0-hero bbox=(932,654,1034,676) mode=compact look=P1 placement=above ring=0 hardPx2=0 softPx2=0 order=5 bound=1
2026.10.06-03.41.43 TAG fighter=f-0-sk0 bbox=(509,496,593,518) mode=compact look=P1 placement=above ring=0 hardPx2=0 softPx2=0 order=2 bound=1
2026.10.06-03.41.43 TAG fighter=f-0-sk1 bbox=(396,458,480,480) mode=compact look=P1 placement=above ring=0 hardPx2=0 softPx2=0 order=1 bound=1
2026.10.06-03.41.43 TAG fighter=f-0-sk2 bbox=(308,584,392,606) mode=compact look=P1 placement=left ring=0 hardPx2=0 softPx2=0 order=4 bound=1
2026.10.06-03.41.43 TAG fighter=f-1-hero bbox=(1072,730,1174,752) mode=compact look=P2 placement=below ring=0 hardPx2=0 softPx2=0 order=0 bound=1
2026.10.06-03.41.43 TAG fighter=f-1-sk0 bbox=(1130,510,1214,532) mode=compact look=P2 placement=above ring=0 hardPx2=0 softPx2=0 order=3 bound=1
2026.10.06-03.41.43 ICON fighter=f-1-hero bbox=(1168,641,1200,673) size=32 src=combat anchor=right fallback=0 overlapPx2=0 texture=/Game/S08/UI/IconsV3/T_IV3_action_attack_token_32.T_IV3_action_attack_token_32
2026.10.06-03.41.43 TAG fighter=f-0-hero bbox=(932,654,1034,676) mode=compact look=P1 placement=above ring=0 hardPx2=0 softPx2=0 order=5 bound=1
2026.10.06-03.41.43 TAG fighter=f-0-sk0 bbox=(509,496,593,518) mode=compact look=P1 placement=above ring=0 hardPx2=0 softPx2=0 order=2 bound=1
2026.10.06-03.41.43 TAG fighter=f-0-sk1 bbox=(396,458,480,480) mode=compact look=P1 placement=above ring=0 hardPx2=0 softPx2=0 order=1 bound=1
2026.10.06-03.41.43 TAG fighter=f-0-sk2 bbox=(308,584,392,606) mode=compact look=P1 placement=left ring=0 hardPx2=0 softPx2=0 order=4 bound=1
2026.10.06-03.41.43 TAG fighter=f-1-hero bbox=(1072,730,1174,752) mode=compact look=P2 placement=below ring=0 hardPx2=0 softPx2=0 order=0 bound=1
2026.10.06-03.41.43 TAG fighter=f-1-sk0 bbox=(1130,510,1214,532) mode=compact look=P2 placement=above ring=0 hardPx2=0 softPx2=0 order=3 bound=1
2026.10.06-03.41.43 ICON fighter=f-1-hero bbox=(1168,641,1200,673) size=32 src=combat anchor=right fallback=0 overlapPx2=0 texture=/Game/S08/UI/IconsV3/T_IV3_action_attack_token_32.T_IV3_action_attack_token_32
2026.10.06-03.41.43 SNAPSHOT applied seq=5 phase=COMBAT_RESOLVE
2026.10.06-03.41.43 HANDLE_APPLIED #4 seq=5 decision=2 fightersValid=1 boardValid=1
2026.10.06-03.41.43 CUE sound id=CUE-009 point=cue subject=f-1-hero seq=5 t=16066 event_t=16066 dt=0 class=SFX sound=SW_CMB_DEFENSE_PLAYED_01 gain=0.80 result=played
2026.10.06-03.41.43 VO event=DEFEND speaker=ARTHUR t=16066 result=played line=ARTHUR-DEFEND-02 prio=4
2026.10.06-03.41.43 VO subtitle line=ARTHUR-DEFEND-02 until=17367
2026.10.06-03.41.43 CUE fx done id=CUE-008 subject=f-0-hero seq=4 t=16066 ms=409 cut=interrupt
2026.10.06-03.41.43 CUE fx id=CUE-009 subject=f-1-hero seq=5 t=16066 vfx=missing sfx=missing clip=none mat=FxFlash socket=Head reduced=0 result=fallback
2026.10.06-03.41.43 closed mode=
2026.10.06-03.41.43 MODE seq=5 mode=5 combat=1 pending=0
2026.10.06-03.41.43 HUD seq=5 phase=COMBAT_RESOLVE turn=opp hand=4 oppHand=5(hidden) oppDeck=24 deck=25 discard=1
2026.10.06-03.41.43 MS-STATUS seq=5 text="Resolve the combat (R)"
2026.10.06-03.41.43 ARTPREVIEW fighter=Medusa hero=1 eligible=0 visual=1 mesh=SK_Medusa_H2LD
2026.10.06-03.41.43 FIGHTERS synced n=6 alive=6 own=2 enemy=4
2026.10.06-03.41.43 DEFENSE done seq=5 (apply) phase=COMBAT_RESOLVE
2026.10.06-03.41.43 SNAPSHOT applied seq=5 phase=COMBAT_RESOLVE
2026.10.06-03.41.43 HANDLE_APPLIED #5 seq=5 decision=1 fightersValid=1 boardValid=1
2026.10.06-03.41.43 MODE seq=5 mode=5 combat=1 pending=0
2026.10.06-03.41.43 HUD seq=5 phase=COMBAT_RESOLVE turn=opp hand=4 oppHand=5(hidden) oppDeck=24 deck=25 discard=1
2026.10.06-03.41.43 ARTPREVIEW fighter=Medusa hero=1 eligible=0 visual=1 mesh=SK_Medusa_H2LD
2026.10.06-03.41.43 FIGHTERS synced n=6 alive=6 own=2 enemy=4
2026.10.06-03.41.43 WS seq=5 phase=COMBAT_RESOLVE (merge)
2026.10.06-03.41.43 SFX bank=BRD-SETUP tag=setup class=SFX t=16099 sound=SW_BRD_SETUP_03 gain=0.80
2026.10.06-03.41.43 S09AUTO deck-panel open side=own try=1 discard=1/1
2026.10.06-03.41.43 DECK panel open side=own t=16099 fade=80 why=auto
2026.10.06-03.41.43 S09AUTO drive mode=5 plan=[attack+abilityboost+scheme+storms+defend+resolve] phase=COMBAT_RESOLVE turn=cmuhntivg0000wib0anhqyswc
2026.10.06-03.41.43 S09AUTO resolve-window shot
2026.10.06-03.41.43 SHOT ctx viewport=1920x1080 viewTarget=CameraActor_2147482025 cam=(0,1342,1917) rot=(-55,-90,0)
2026.10.06-03.41.43 RENDER tag=SHOT rhi=D3D12 featureLevel=SM6 shaderPlatform=PCD3D_SM6 lumenPlatform=1 gi=lumen giMethod=1 refl=lumen reflMethod=1 shadows=csm vsmEnable=0 sg.res=100 sg.view=2 sg.aa=2 sg.shadow=2 sg.gi=2 sg.refl=2 sg.pp=2 sg.tex=2 sg.fx=2 sg.foliage=2 sg.shading=2 sg.landscape=2 preset=High screenPct=100.0 screenPctMode=0 aa=TSR aaMethod=4 exposure=fixed-histogram expMin=4.14106 expMax=4.14106 expBias=0.000 ev100=2.05 lightUnits=candelas sky=1 skyIntensity=3.000 keyShadow=csm-3600uu-2c-contact0.000 shadowCasters=1 profile=sarpedon-night profilesSha256=0a3417258f46ad3d99620bcbabd1b37615192b7a59f090c77515189845b33bb7 profilesSource=pak legacyRender=0 gameLayer=unlit-eyeadaptinv tMaxFPS=30.0 vsync=0 frameRateLimit=60.0 substrate=0 nanite=1 meshDF=1 viewport=1920x1080 reference=1
2026.10.06-03.41.43 SHOT fighter f-0-hero pos=(4,4) world=(16,189,0) screen=(982,752) projected=1 alive=1
2026.10.06-03.41.43 SHOT fighter f-0-sk0 pos=(1,3) world=(-309,33,0) screen=(555,576) projected=1 alive=1
2026.10.06-03.41.43 SHOT fighter f-0-sk1 pos=(0,2) world=(-398,-3,0) screen=(442,537) projected=1 alive=1
2026.10.06-03.41.43 SHOT fighter f-0-sk2 pos=(0,3) world=(-394,92,0) screen=(435,640) projected=1 alive=1
2026.10.06-03.41.43 SHOT fighter f-1-hero pos=(5,4) world=(119,141,0) screen=(1120,695) projected=1 alive=1
2026.10.06-03.41.43 SHOT fighter f-1-sk0 pos=(6,3) world=(159,52,0) screen=(1169,596) projected=1 alive=1
2026.10.06-03.41.43 SHOT camera dist=2340.2 target=2340.2 overview=2340.2 errPct=0.000 focusErr=0.00 settled=1 zoom=1.00
2026.10.06-03.41.43 SHOT head fighter=f-0-hero socket=Head mesh=SK_Medusa_H2LD world=(15.6,188.4,47.0) screen=(981.7,716.7) top=(981.7,712.3) bottom=(981.6,721.1) headPx=8.8 projected=1
2026.10.06-03.41.43 SHOT head fighter=f-0-sk0 socket=Head mesh=SK_Harpy_H3LD world=(-309.0,27.9,34.0) screen=(550.3,544.5) top=(549.4,539.9) bottom=(551.2,549.1) headPx=9.3 projected=1
2026.10.06-03.41.43 SHOT head fighter=f-0-sk1 socket=Head mesh=SK_Harpy_H3LD world=(-398.5,2.4,34.3) screen=(435.0,516.7) top=(433.9,512.1) bottom=(436.1,521.3) headPx=9.4 projected=1
2026.10.06-03.41.43 SHOT head fighter=f-0-sk2 socket=Head mesh=SK_Harpy_H3LD world=(-393.6,86.8,34.1) screen=(430.3,609.4) top=(429.1,604.9) bottom=(431.4,613.8) headPx=9.3 projected=1
2026.10.06-03.41.43 SHOT head fighter=f-1-hero socket=Head mesh=SK_KingArthur_H2LD world=(118.4,140.1,50.1) screen=(1122.5,658.1) top=(1122.8,653.7) bottom=(1122.1,662.6) headPx=9.0 projected=1
2026.10.06-03.41.43 SHOT head fighter=f-1-sk0 socket=Head mesh=SK_Merlin_H2LD world=(158.8,49.0,36.6) screen=(1171.8,565.5) top=(1172.3,561.0) bottom=(1171.4,570.0) headPx=9.1 projected=1
2026.10.06-03.41.43 SHOT figure fighter=f-0-hero bbox=(943,678,1023,785) ringR=28.50 art=1 blockout=0 team=P1 look=P1 ring=1
2026.10.06-03.41.43 SHOT figure fighter=f-0-sk0 bbox=(516,520,586,600) ringR=22.23 art=1 blockout=0 team=P1 look=P1 ring=1
2026.10.06-03.41.43 SHOT figure fighter=f-0-sk1 bbox=(402,482,474,561) ringR=22.23 art=1 blockout=0 team=P1 look=P1 ring=1
2026.10.06-03.41.43 SHOT figure fighter=f-0-sk2 bbox=(394,584,467,665) ringR=22.23 art=1 blockout=0 team=P1 look=P1 ring=1
2026.10.06-03.41.43 SHOT figure fighter=f-1-hero bbox=(1081,619,1165,728) ringR=28.50 art=1 blockout=0 team=P2 look=P2 ring=1
2026.10.06-03.41.43 SHOT figure fighter=f-1-sk0 bbox=(1139,534,1204,620) ringR=22.23 art=1 blockout=0 team=P2 look=P2 ring=1
2026.10.06-03.41.43 SHOT request file=s09-combat-resolve-window.png frame=470
2026.10.06-03.41.43 SHOT requested: FScreenshotRequest(bShowUI) -> C:\Users\ren\AppData\Local\Temp\s09-combat-20261006-084119-39652\joiner/s09-combat-resolve-window.png
2026.10.06-03.41.43 SHOT captured file=s09-combat-resolve-window.png frame=470 px=1920x1080 sha256=14ff3cc4d086548d591e3df5cec8459e4e830ef68707d55ce1774e0b0503c734 order=BGRA saved=1
2026.10.06-03.41.43 SHOT late begin file=s09-combat-resolve-window.png frame=470 requestFrame=470
2026.10.06-03.41.43 SHOT icon fighter=f-1-hero bbox=(1168,641,1200,673) size=32 src=combat planned=(1168,641,1200,673) geom=painted visible=1 anchor=right fallback=0 overlapPx2=0 texture=/Game/S08/UI/IconsV3/T_IV3_action_attack_token_32.T_IV3_action_attack_token_32 frame=470
2026.10.06-03.41.43 SHOT widget id=icon impl=umg-motion state=combat fighter=f-1-hero bbox=(1168,641,1200,673) geom=painted visible=1 twin=0 source=S08AnimatedIconWidget:action-attack-token frame=470
2026.10.06-03.41.43 SHOT widget id=board.tag impl=umg state=compact fighter=f-0-hero bbox=(932,654,1034,676) geom=painted visible=1 twin=0 source=/Game/S08/UI/ArtHud/WBP_S08ArtTag mode=compact look=P1 shape=circle placement=above ring=0 order=5 bound=1 softPx2=0 planned=(932,654,1034,676) frame=470
2026.10.06-03.41.43 SHOT widget id=board.tag.hp impl=umg state=compact fighter=f-0-hero bbox=(988,656,1030,674) geom=painted visible=1 twin=0 source=/Game/S08/UI/ArtHud/WBP_S08ArtTag mode=compact look=P1 shape=circle placement=above ring=0 order=5 bound=1 softPx2=0 planned=(932,654,1034,676) frame=470 font=11
2026.10.06-03.41.43 SHOT widget id=board.tag.bar impl=umg state=compact fighter=f-0-hero bbox=(951,663,985,668) geom=painted visible=1 twin=0 source=/Game/S08/UI/ArtHud/WBP_S08ArtTag mode=compact look=P1 shape=circle placement=above ring=0 order=5 bound=1 softPx2=0 planned=(932,654,1034,676) frame=470
2026.10.06-03.41.43 SHOT widget id=board.tag.chip impl=umg state=compact fighter=f-0-hero bbox=(936,659,948,671) geom=painted visible=1 twin=0 source=/Game/S08/UI/ArtHud/WBP_S08ArtTag mode=compact look=P1 shape=circle placement=above ring=0 order=5 bound=1 softPx2=0 planned=(932,654,1034,676) frame=470
2026.10.06-03.41.43 SHOT widget id=board.tag impl=umg state=compact fighter=f-0-sk0 bbox=(509,496,593,518) geom=painted visible=1 twin=0 source=/Game/S08/UI/ArtHud/WBP_S08ArtTag mode=compact look=P1 shape=circle placement=above ring=0 order=2 bound=1 softPx2=0 planned=(509,496,593,518) frame=470
2026.10.06-03.41.43 SHOT widget id=board.tag.hp impl=umg state=compact fighter=f-0-sk0 bbox=(565,498,589,516) geom=painted visible=1 twin=0 source=/Game/S08/UI/ArtHud/WBP_S08ArtTag mode=compact look=P1 shape=circle placement=above ring=0 order=2 bound=1 softPx2=0 planned=(509,496,593,518) frame=470 font=11
2026.10.06-03.41.43 SHOT widget id=board.tag.bar impl=umg state=compact fighter=f-0-sk0 bbox=(528,505,562,510) geom=painted visible=1 twin=0 source=/Game/S08/UI/ArtHud/WBP_S08ArtTag mode=compact look=P1 shape=circle placement=above ring=0 order=2 bound=1 softPx2=0 planned=(509,496,593,518) frame=470
2026.10.06-03.41.43 SHOT widget id=board.tag.chip impl=umg state=compact fighter=f-0-sk0 bbox=(513,501,525,513) geom=painted visible=1 twin=0 source=/Game/S08/UI/ArtHud/WBP_S08ArtTag mode=compact look=P1 shape=circle placement=above ring=0 order=2 bound=1 softPx2=0 planned=(509,496,593,518) frame=470
2026.10.06-03.41.43 SHOT widget id=board.tag impl=umg state=compact fighter=f-0-sk1 bbox=(396,458,480,480) geom=painted visible=1 twin=0 source=/Game/S08/UI/ArtHud/WBP_S08ArtTag mode=compact look=P1 shape=circle placement=above ring=0 order=1 bound=1 softPx2=0 planned=(396,458,480,480) frame=470
2026.10.06-03.41.43 SHOT widget id=board.tag.hp impl=umg state=compact fighter=f-0-sk1 bbox=(452,460,476,478) geom=painted visible=1 twin=0 source=/Game/S08/UI/ArtHud/WBP_S08ArtTag mode=compact look=P1 shape=circle placement=above ring=0 order=1 bound=1 softPx2=0 planned=(396,458,480,480) frame=470 font=11
2026.10.06-03.41.43 SHOT widget id=board.tag.bar impl=umg state=compact fighter=f-0-sk1 bbox=(415,467,449,472) geom=painted visible=1 twin=0 source=/Game/S08/UI/ArtHud/WBP_S08ArtTag mode=compact look=P1 shape=circle placement=above ring=0 order=1 bound=1 softPx2=0 planned=(396,458,480,480) frame=470
2026.10.06-03.41.43 SHOT widget id=board.tag.chip impl=umg state=compact fighter=f-0-sk1 bbox=(400,463,412,475) geom=painted visible=1 twin=0 source=/Game/S08/UI/ArtHud/WBP_S08ArtTag mode=compact look=P1 shape=circle placement=above ring=0 order=1 bound=1 softPx2=0 planned=(396,458,480,480) frame=470
2026.10.06-03.41.43 SHOT widget id=board.tag impl=umg state=compact fighter=f-0-sk2 bbox=(308,584,392,606) geom=painted visible=1 twin=0 source=/Game/S08/UI/ArtHud/WBP_S08ArtTag mode=compact look=P1 shape=circle placement=left ring=0 order=4 bound=1 softPx2=0 planned=(308,584,392,606) frame=470
2026.10.06-03.41.43 SHOT widget id=board.tag.hp impl=umg state=compact fighter=f-0-sk2 bbox=(364,586,388,604) geom=painted visible=1 twin=0 source=/Game/S08/UI/ArtHud/WBP_S08ArtTag mode=compact look=P1 shape=circle placement=left ring=0 order=4 bound=1 softPx2=0 planned=(308,584,392,606) frame=470 font=11
2026.10.06-03.41.43 SHOT widget id=board.tag.bar impl=umg state=compact fighter=f-0-sk2 bbox=(327,593,361,598) geom=painted visible=1 twin=0 source=/Game/S08/UI/ArtHud/WBP_S08ArtTag mode=compact look=P1 shape=circle placement=left ring=0 order=4 bound=1 softPx2=0 planned=(308,584,392,606) frame=470
2026.10.06-03.41.43 SHOT widget id=board.tag.chip impl=umg state=compact fighter=f-0-sk2 bbox=(312,589,324,601) geom=painted visible=1 twin=0 source=/Game/S08/UI/ArtHud/WBP_S08ArtTag mode=compact look=P1 shape=circle placement=left ring=0 order=4 bound=1 softPx2=0 planned=(308,584,392,606) frame=470
2026.10.06-03.41.43 SHOT widget id=board.tag impl=umg state=compact fighter=f-1-hero bbox=(1072,730,1174,752) geom=painted visible=1 twin=0 source=/Game/S08/UI/ArtHud/WBP_S08ArtTag mode=compact look=P2 shape=hex placement=below ring=0 order=0 bound=1 softPx2=0 planned=(1072,730,1174,752) frame=470
2026.10.06-03.41.43 SHOT widget id=board.tag.hp impl=umg state=compact fighter=f-1-hero bbox=(1128,732,1170,750) geom=painted visible=1 twin=0 source=/Game/S08/UI/ArtHud/WBP_S08ArtTag mode=compact look=P2 shape=hex placement=below ring=0 order=0 bound=1 softPx2=0 planned=(1072,730,1174,752) frame=470 font=11
2026.10.06-03.41.43 SHOT widget id=board.tag.bar impl=umg state=compact fighter=f-1-hero bbox=(1091,739,1125,744) geom=painted visible=1 twin=0 source=/Game/S08/UI/ArtHud/WBP_S08ArtTag mode=compact look=P2 shape=hex placement=below ring=0 order=0 bound=1 softPx2=0 planned=(1072,730,1174,752) frame=470
2026.10.06-03.41.43 SHOT widget id=board.tag.chip impl=umg state=compact fighter=f-1-hero bbox=(1076,735,1088,747) geom=painted visible=1 twin=0 source=/Game/S08/UI/ArtHud/WBP_S08ArtTag mode=compact look=P2 shape=hex placement=below ring=0 order=0 bound=1 softPx2=0 planned=(1072,730,1174,752) frame=470
2026.10.06-03.41.43 SHOT widget id=board.tag impl=umg state=compact fighter=f-1-sk0 bbox=(1130,510,1214,532) geom=painted visible=1 twin=0 source=/Game/S08/UI/ArtHud/WBP_S08ArtTag mode=compact look=P2 shape=hex placement=above ring=0 order=3 bound=1 softPx2=0 planned=(1130,510,1214,532) frame=470
2026.10.06-03.41.43 SHOT widget id=board.tag.hp impl=umg state=compact fighter=f-1-sk0 bbox=(1186,512,1210,530) geom=painted visible=1 twin=0 source=/Game/S08/UI/ArtHud/WBP_S08ArtTag mode=compact look=P2 shape=hex placement=above ring=0 order=3 bound=1 softPx2=0 planned=(1130,510,1214,532) frame=470 font=11
2026.10.06-03.41.43 SHOT widget id=board.tag.bar impl=umg state=compact fighter=f-1-sk0 bbox=(1149,519,1183,524) geom=painted visible=1 twin=0 source=/Game/S08/UI/ArtHud/WBP_S08ArtTag mode=compact look=P2 shape=hex placement=above ring=0 order=3 bound=1 softPx2=0 planned=(1130,510,1214,532) frame=470
2026.10.06-03.41.43 SHOT widget id=board.tag.chip impl=umg state=compact fighter=f-1-sk0 bbox=(1134,515,1146,527) geom=painted visible=1 twin=0 source=/Game/S08/UI/ArtHud/WBP_S08ArtTag mode=compact look=P2 shape=hex placement=above ring=0 order=3 bound=1 softPx2=0 planned=(1130,510,1214,532) frame=470
2026.10.06-03.41.43 SHOT panel id=hud.command bbox=(0,0,759,204) geom=painted visible=1 frame=470
2026.10.06-03.41.43 SHOT panel id=hud.side bbox=(1442,0,1920,179) geom=painted visible=1 frame=470
2026.10.06-03.41.43 SHOT panel id=hud.hand bbox=(525,929,1395,1080) geom=painted visible=1 frame=470
2026.10.06-03.41.43 SHOT late end file=s09-combat-resolve-window.png frame=470
2026.10.06-03.41.43 SFX bank=UI-PANEL-OPEN tag=panel class=UI t=16381 sound=SW_UI_PANEL_OPEN_01 gain=0.80
2026.10.06-03.41.43 DECK model side=own list=1 kinds=16 copies=30 deck=25 discard=1 inHand=4 inDiscard=1 left=25 out=0
2026.10.06-03.41.43 S09AUTO resolve
2026.10.06-03.41.43 RESOLVE sent
2026.10.06-03.41.43 MS-STATUS seq=5 text="Syncing…"
2026.10.06-03.41.43 TOAST text="resolve sent"
2026.10.06-03.41.43 TAG fighter=f-0-hero bbox=(932,654,1034,676) mode=compact look=P1 placement=above ring=0 hardPx2=0 softPx2=0 order=5 bound=1
2026.10.06-03.41.43 TAG fighter=f-0-sk0 bbox=(509,496,593,518) mode=compact look=P1 placement=above ring=0 hardPx2=0 softPx2=0 order=2 bound=1
2026.10.06-03.41.43 TAG fighter=f-0-sk1 bbox=(396,458,480,480) mode=compact look=P1 placement=above ring=0 hardPx2=0 softPx2=0 order=1 bound=1
2026.10.06-03.41.43 TAG fighter=f-0-sk2 bbox=(308,584,392,606) mode=compact look=P1 placement=left ring=0 hardPx2=0 softPx2=0 order=4 bound=1
2026.10.06-03.41.43 TAG fighter=f-1-hero bbox=(1072,730,1174,752) mode=compact look=P2 placement=below ring=0 hardPx2=0 softPx2=0 order=0 bound=1
2026.10.06-03.41.43 TAG fighter=f-1-sk0 bbox=(1130,510,1214,532) mode=compact look=P2 placement=above ring=0 hardPx2=0 softPx2=0 order=3 bound=1
2026.10.06-03.41.43 ICON fighter=f-1-hero bbox=(1168,641,1200,673) size=32 src=combat anchor=right fallback=0 overlapPx2=0 texture=/Game/S08/UI/IconsV3/T_IV3_action_attack_token_32.T_IV3_action_attack_token_32
2026.10.06-03.41.43 SNAPSHOT applied seq=6 phase=COMBAT_RESOLVE
2026.10.06-03.41.43 HANDLE_APPLIED #6 seq=6 decision=2 fightersValid=1 boardValid=1
2026.10.06-03.41.43 MODE seq=6 mode=5 combat=1 pending=1
2026.10.06-03.41.43 MS-OPP verb=card seq=6
2026.10.06-03.41.43 HUD seq=6 phase=COMBAT_RESOLVE turn=opp hand=4 oppHand=5(hidden) oppDeck=24 deck=25 discard=1
2026.10.06-03.41.43 MS-STATUS seq=6 text="Waiting for the opponent's choice"
2026.10.06-03.41.43 RESOLVE panel revealed: A3+B0 vs D1
2026.10.06-03.41.43 RESOLVE panel blocked by pending (type=BOOST_CHOICE id=cmq7d7b4100rawi746oxx1hsf-during-0-boost-5)
2026.10.06-03.41.43 ARTPREVIEW fighter=Medusa hero=1 eligible=0 visual=1 mesh=SK_Medusa_H2LD
2026.10.06-03.41.43 FIGHTERS synced n=6 alive=6 own=2 enemy=4
2026.10.06-03.41.43 RESOLVE done seq=6 (apply) phase=COMBAT_RESOLVE
2026.10.06-03.41.43 SNAPSHOT applied seq=6 phase=COMBAT_RESOLVE
2026.10.06-03.41.43 HANDLE_APPLIED #7 seq=6 decision=1 fightersValid=1 boardValid=1
2026.10.06-03.41.43 MODE seq=6 mode=5 combat=1 pending=1
2026.10.06-03.41.43 HUD seq=6 phase=COMBAT_RESOLVE turn=opp hand=4 oppHand=5(hidden) oppDeck=24 deck=25 discard=1
2026.10.06-03.41.43 ARTPREVIEW fighter=Medusa hero=1 eligible=0 visual=1 mesh=SK_Medusa_H2LD
2026.10.06-03.41.43 FIGHTERS synced n=6 alive=6 own=2 enemy=4
2026.10.06-03.41.43 WS seq=6 phase=COMBAT_RESOLVE (merge)
2026.10.06-03.41.43 S09AUTO resolve-revealed shot
2026.10.06-03.41.43 SHOT ctx viewport=1920x1080 viewTarget=CameraActor_2147482025 cam=(0,1342,1917) rot=(-55,-90,0)
2026.10.06-03.41.43 RENDER tag=SHOT rhi=D3D12 featureLevel=SM6 shaderPlatform=PCD3D_SM6 lumenPlatform=1 gi=lumen giMethod=1 refl=lumen reflMethod=1 shadows=csm vsmEnable=0 sg.res=100 sg.view=2 sg.aa=2 sg.shadow=2 sg.gi=2 sg.refl=2 sg.pp=2 sg.tex=2 sg.fx=2 sg.foliage=2 sg.shading=2 sg.landscape=2 preset=High screenPct=100.0 screenPctMode=0 aa=TSR aaMethod=4 exposure=fixed-histogram expMin=4.14106 expMax=4.14106 expBias=0.000 ev100=2.05 lightUnits=candelas sky=1 skyIntensity=3.000 keyShadow=csm-3600uu-2c-contact0.000 shadowCasters=1 profile=sarpedon-night profilesSha256=0a3417258f46ad3d99620bcbabd1b37615192b7a59f090c77515189845b33bb7 profilesSource=pak legacyRender=0 gameLayer=unlit-eyeadaptinv tMaxFPS=30.0 vsync=0 frameRateLimit=60.0 substrate=0 nanite=1 meshDF=1 viewport=1920x1080 reference=1
2026.10.06-03.41.43 SHOT fighter f-0-hero pos=(4,4) world=(16,189,0) screen=(982,752) projected=1 alive=1
2026.10.06-03.41.43 SHOT fighter f-0-sk0 pos=(1,3) world=(-309,33,0) screen=(555,576) projected=1 alive=1
2026.10.06-03.41.43 SHOT fighter f-0-sk1 pos=(0,2) world=(-398,-3,0) screen=(442,537) projected=1 alive=1
2026.10.06-03.41.43 SHOT fighter f-0-sk2 pos=(0,3) world=(-394,92,0) screen=(435,640) projected=1 alive=1
2026.10.06-03.41.43 SHOT fighter f-1-hero pos=(5,4) world=(119,141,0) screen=(1120,695) projected=1 alive=1
2026.10.06-03.41.43 SHOT fighter f-1-sk0 pos=(6,3) world=(159,52,0) screen=(1169,596) projected=1 alive=1
2026.10.06-03.41.43 SHOT camera dist=2340.2 target=2340.2 overview=2340.2 errPct=0.000 focusErr=0.00 settled=1 zoom=1.00
2026.10.06-03.41.43 SHOT head fighter=f-0-hero socket=Head mesh=SK_Medusa_H2LD world=(16.0,188.1,47.1) screen=(982.2,716.3) top=(982.2,712.0) bottom=(982.1,720.7) headPx=8.8 projected=1
2026.10.06-03.41.43 SHOT head fighter=f-0-sk0 socket=Head mesh=SK_Harpy_H3LD world=(-308.9,28.2,34.2) screen=(550.3,544.6) top=(549.4,540.0) bottom=(551.2,549.1) headPx=9.3 projected=1
2026.10.06-03.41.43 SHOT head fighter=f-0-sk1 socket=Head mesh=SK_Harpy_H3LD world=(-398.9,2.4,34.2) screen=(434.4,516.7) top=(433.3,512.1) bottom=(435.5,521.2) headPx=9.4 projected=1
2026.10.06-03.41.43 SHOT head fighter=f-0-sk2 socket=Head mesh=SK_Harpy_H3LD world=(-393.8,86.7,34.0) screen=(430.1,609.4) top=(429.0,604.9) bottom=(431.3,613.9) headPx=9.3 projected=1
2026.10.06-03.41.43 SHOT head fighter=f-1-hero socket=Head mesh=SK_KingArthur_H2LD world=(118.7,140.8,50.0) screen=(1122.9,658.9) top=(1123.3,654.5) bottom=(1122.5,663.4) headPx=8.9 projected=1
2026.10.06-03.41.43 SHOT head fighter=f-1-sk0 socket=Head mesh=SK_Merlin_H2LD world=(158.6,48.7,36.5) screen=(1171.6,565.3) top=(1172.1,560.8) bottom=(1171.2,569.8) headPx=9.1 projected=1
2026.10.06-03.41.43 SHOT figure fighter=f-0-hero bbox=(943,678,1023,785) ringR=28.50 art=1 blockout=0 team=P1 look=P1 ring=1
2026.10.06-03.41.43 SHOT figure fighter=f-0-sk0 bbox=(516,520,586,600) ringR=22.23 art=1 blockout=0 team=P1 look=P1 ring=1
2026.10.06-03.41.43 SHOT figure fighter=f-0-sk1 bbox=(402,482,474,561) ringR=22.23 art=1 blockout=0 team=P1 look=P1 ring=1
2026.10.06-03.41.43 SHOT figure fighter=f-0-sk2 bbox=(394,584,467,665) ringR=22.23 art=1 blockout=0 team=P1 look=P1 ring=1
2026.10.06-03.41.43 SHOT figure fighter=f-1-hero bbox=(1081,619,1165,728) ringR=28.50 art=1 blockout=0 team=P2 look=P2 ring=1
2026.10.06-03.41.43 SHOT figure fighter=f-1-sk0 bbox=(1139,534,1204,620) ringR=22.23 art=1 blockout=0 team=P2 look=P2 ring=1
2026.10.06-03.41.43 SHOT request file=s09-combat-resolve-revealed.png frame=475
2026.10.06-03.41.43 SHOT requested: FScreenshotRequest(bShowUI) -> C:\Users\ren\AppData\Local\Temp\s09-combat-20261006-084119-39652\joiner/s09-combat-resolve-revealed.png
2026.10.06-03.41.44 SHOT captured file=s09-combat-resolve-revealed.png frame=475 px=1920x1080 sha256=2894a6e24fe45bd19b2d71bbdac46e42474879aa259611f8a070fcc178615c0e order=BGRA saved=1
2026.10.06-03.41.44 SHOT late begin file=s09-combat-resolve-revealed.png frame=475 requestFrame=475
2026.10.06-03.41.44 SHOT icon fighter=f-1-hero bbox=(1168,641,1200,673) size=32 src=combat planned=(1168,641,1200,673) geom=painted visible=1 anchor=right fallback=0 overlapPx2=0 texture=/Game/S08/UI/IconsV3/T_IV3_action_attack_token_32.T_IV3_action_attack_token_32 frame=475
2026.10.06-03.41.44 SHOT widget id=icon impl=umg-motion state=combat fighter=f-1-hero bbox=(1168,641,1200,673) geom=painted visible=1 twin=0 source=S08AnimatedIconWidget:action-attack-token frame=475
2026.10.06-03.41.44 SHOT widget id=board.tag impl=umg state=compact fighter=f-0-hero bbox=(932,654,1034,676) geom=painted visible=1 twin=0 source=/Game/S08/UI/ArtHud/WBP_S08ArtTag mode=compact look=P1 shape=circle placement=above ring=0 order=5 bound=1 softPx2=0 planned=(932,654,1034,676) frame=475
2026.10.06-03.41.44 SHOT widget id=board.tag.hp impl=umg state=compact fighter=f-0-hero bbox=(988,656,1030,674) geom=painted visible=1 twin=0 source=/Game/S08/UI/ArtHud/WBP_S08ArtTag mode=compact look=P1 shape=circle placement=above ring=0 order=5 bound=1 softPx2=0 planned=(932,654,1034,676) frame=475 font=11
2026.10.06-03.41.44 SHOT widget id=board.tag.bar impl=umg state=compact fighter=f-0-hero bbox=(951,663,985,668) geom=painted visible=1 twin=0 source=/Game/S08/UI/ArtHud/WBP_S08ArtTag mode=compact look=P1 shape=circle placement=above ring=0 order=5 bound=1 softPx2=0 planned=(932,654,1034,676) frame=475
2026.10.06-03.41.44 SHOT widget id=board.tag.chip impl=umg state=compact fighter=f-0-hero bbox=(936,659,948,671) geom=painted visible=1 twin=0 source=/Game/S08/UI/ArtHud/WBP_S08ArtTag mode=compact look=P1 shape=circle placement=above ring=0 order=5 bound=1 softPx2=0 planned=(932,654,1034,676) frame=475
2026.10.06-03.41.44 SHOT widget id=board.tag impl=umg state=compact fighter=f-0-sk0 bbox=(509,496,593,518) geom=painted visible=1 twin=0 source=/Game/S08/UI/ArtHud/WBP_S08ArtTag mode=compact look=P1 shape=circle placement=above ring=0 order=2 bound=1 softPx2=0 planned=(509,496,593,518) frame=475
2026.10.06-03.41.44 SHOT widget id=board.tag.hp impl=umg state=compact fighter=f-0-sk0 bbox=(565,498,589,516) geom=painted visible=1 twin=0 source=/Game/S08/UI/ArtHud/WBP_S08ArtTag mode=compact look=P1 shape=circle placement=above ring=0 order=2 bound=1 softPx2=0 planned=(509,496,593,518) frame=475 font=11
2026.10.06-03.41.44 SHOT widget id=board.tag.bar impl=umg state=compact fighter=f-0-sk0 bbox=(528,505,562,510) geom=painted visible=1 twin=0 source=/Game/S08/UI/ArtHud/WBP_S08ArtTag mode=compact look=P1 shape=circle placement=above ring=0 order=2 bound=1 softPx2=0 planned=(509,496,593,518) frame=475
2026.10.06-03.41.44 SHOT widget id=board.tag.chip impl=umg state=compact fighter=f-0-sk0 bbox=(513,501,525,513) geom=painted visible=1 twin=0 source=/Game/S08/UI/ArtHud/WBP_S08ArtTag mode=compact look=P1 shape=circle placement=above ring=0 order=2 bound=1 softPx2=0 planned=(509,496,593,518) frame=475
2026.10.06-03.41.44 SHOT widget id=board.tag impl=umg state=compact fighter=f-0-sk1 bbox=(396,458,480,480) geom=painted visible=1 twin=0 source=/Game/S08/UI/ArtHud/WBP_S08ArtTag mode=compact look=P1 shape=circle placement=above ring=0 order=1 bound=1 softPx2=0 planned=(396,458,480,480) frame=475
2026.10.06-03.41.44 SHOT widget id=board.tag.hp impl=umg state=compact fighter=f-0-sk1 bbox=(452,460,476,478) geom=painted visible=1 twin=0 source=/Game/S08/UI/ArtHud/WBP_S08ArtTag mode=compact look=P1 shape=circle placement=above ring=0 order=1 bound=1 softPx2=0 planned=(396,458,480,480) frame=475 font=11
2026.10.06-03.41.44 SHOT widget id=board.tag.bar impl=umg state=compact fighter=f-0-sk1 bbox=(415,467,449,472) geom=painted visible=1 twin=0 source=/Game/S08/UI/ArtHud/WBP_S08ArtTag mode=compact look=P1 shape=circle placement=above ring=0 order=1 bound=1 softPx2=0 planned=(396,458,480,480) frame=475
2026.10.06-03.41.44 SHOT widget id=board.tag.chip impl=umg state=compact fighter=f-0-sk1 bbox=(400,463,412,475) geom=painted visible=1 twin=0 source=/Game/S08/UI/ArtHud/WBP_S08ArtTag mode=compact look=P1 shape=circle placement=above ring=0 order=1 bound=1 softPx2=0 planned=(396,458,480,480) frame=475
2026.10.06-03.41.44 SHOT widget id=board.tag impl=umg state=compact fighter=f-0-sk2 bbox=(308,584,392,606) geom=painted visible=1 twin=0 source=/Game/S08/UI/ArtHud/WBP_S08ArtTag mode=compact look=P1 shape=circle placement=left ring=0 order=4 bound=1 softPx2=0 planned=(308,584,392,606) frame=475
2026.10.06-03.41.44 SHOT widget id=board.tag.hp impl=umg state=compact fighter=f-0-sk2 bbox=(364,586,388,604) geom=painted visible=1 twin=0 source=/Game/S08/UI/ArtHud/WBP_S08ArtTag mode=compact look=P1 shape=circle placement=left ring=0 order=4 bound=1 softPx2=0 planned=(308,584,392,606) frame=475 font=11
2026.10.06-03.41.44 SHOT widget id=board.tag.bar impl=umg state=compact fighter=f-0-sk2 bbox=(327,593,361,598) geom=painted visible=1 twin=0 source=/Game/S08/UI/ArtHud/WBP_S08ArtTag mode=compact look=P1 shape=circle placement=left ring=0 order=4 bound=1 softPx2=0 planned=(308,584,392,606) frame=475
2026.10.06-03.41.44 SHOT widget id=board.tag.chip impl=umg state=compact fighter=f-0-sk2 bbox=(312,589,324,601) geom=painted visible=1 twin=0 source=/Game/S08/UI/ArtHud/WBP_S08ArtTag mode=compact look=P1 shape=circle placement=left ring=0 order=4 bound=1 softPx2=0 planned=(308,584,392,606) frame=475
2026.10.06-03.41.44 SHOT widget id=board.tag impl=umg state=compact fighter=f-1-hero bbox=(1072,730,1174,752) geom=painted visible=1 twin=0 source=/Game/S08/UI/ArtHud/WBP_S08ArtTag mode=compact look=P2 shape=hex placement=below ring=0 order=0 bound=1 softPx2=0 planned=(1072,730,1174,752) frame=475
2026.10.06-03.41.44 SHOT widget id=board.tag.hp impl=umg state=compact fighter=f-1-hero bbox=(1128,732,1170,750) geom=painted visible=1 twin=0 source=/Game/S08/UI/ArtHud/WBP_S08ArtTag mode=compact look=P2 shape=hex placement=below ring=0 order=0 bound=1 softPx2=0 planned=(1072,730,1174,752) frame=475 font=11
2026.10.06-03.41.44 SHOT widget id=board.tag.bar impl=umg state=compact fighter=f-1-hero bbox=(1091,739,1125,744) geom=painted visible=1 twin=0 source=/Game/S08/UI/ArtHud/WBP_S08ArtTag mode=compact look=P2 shape=hex placement=below ring=0 order=0 bound=1 softPx2=0 planned=(1072,730,1174,752) frame=475
2026.10.06-03.41.44 SHOT widget id=board.tag.chip impl=umg state=compact fighter=f-1-hero bbox=(1076,735,1088,747) geom=painted visible=1 twin=0 source=/Game/S08/UI/ArtHud/WBP_S08ArtTag mode=compact look=P2 shape=hex placement=below ring=0 order=0 bound=1 softPx2=0 planned=(1072,730,1174,752) frame=475
2026.10.06-03.41.44 SHOT widget id=board.tag impl=umg state=compact fighter=f-1-sk0 bbox=(1130,510,1214,532) geom=painted visible=1 twin=0 source=/Game/S08/UI/ArtHud/WBP_S08ArtTag mode=compact look=P2 shape=hex placement=above ring=0 order=3 bound=1 softPx2=0 planned=(1130,510,1214,532) frame=475
2026.10.06-03.41.44 SHOT widget id=board.tag.hp impl=umg state=compact fighter=f-1-sk0 bbox=(1186,512,1210,530) geom=painted visible=1 twin=0 source=/Game/S08/UI/ArtHud/WBP_S08ArtTag mode=compact look=P2 shape=hex placement=above ring=0 order=3 bound=1 softPx2=0 planned=(1130,510,1214,532) frame=475 font=11
2026.10.06-03.41.44 SHOT widget id=board.tag.bar impl=umg state=compact fighter=f-1-sk0 bbox=(1149,519,1183,524) geom=painted visible=1 twin=0 source=/Game/S08/UI/ArtHud/WBP_S08ArtTag mode=compact look=P2 shape=hex placement=above ring=0 order=3 bound=1 softPx2=0 planned=(1130,510,1214,532) frame=475
2026.10.06-03.41.44 SHOT widget id=board.tag.chip impl=umg state=compact fighter=f-1-sk0 bbox=(1134,515,1146,527) geom=painted visible=1 twin=0 source=/Game/S08/UI/ArtHud/WBP_S08ArtTag mode=compact look=P2 shape=hex placement=above ring=0 order=3 bound=1 softPx2=0 planned=(1130,510,1214,532) frame=475
2026.10.06-03.41.44 SHOT panel id=hud.command bbox=(0,0,698,278) geom=painted visible=1 frame=475
2026.10.06-03.41.44 SHOT panel id=hud.side bbox=(1442,0,1920,179) geom=painted visible=1 frame=475
2026.10.06-03.41.44 SHOT panel id=hud.hand bbox=(525,929,1395,1080) geom=painted visible=1 frame=475
2026.10.06-03.41.44 SHOT late end file=s09-combat-resolve-revealed.png frame=475
2026.10.06-03.41.44 CUE fx done id=CUE-009 subject=f-1-hero seq=5 t=16566 ms=500 cut=0
2026.10.06-03.41.44 S09AUTO run-f shot s09-deck-own.png
2026.10.06-03.41.44 SHOT ctx viewport=1920x1080 viewTarget=CameraActor_2147482025 cam=(0,1342,1917) rot=(-55,-90,0)
2026.10.06-03.41.44 RENDER tag=SHOT rhi=D3D12 featureLevel=SM6 shaderPlatform=PCD3D_SM6 lumenPlatform=1 gi=lumen giMethod=1 refl=lumen reflMethod=1 shadows=csm vsmEnable=0 sg.res=100 sg.view=2 sg.aa=2 sg.shadow=2 sg.gi=2 sg.refl=2 sg.pp=2 sg.tex=2 sg.fx=2 sg.foliage=2 sg.shading=2 sg.landscape=2 preset=High screenPct=100.0 screenPctMode=0 aa=TSR aaMethod=4 exposure=fixed-histogram expMin=4.14106 expMax=4.14106 expBias=0.000 ev100=2.05 lightUnits=candelas sky=1 skyIntensity=3.000 keyShadow=csm-3600uu-2c-contact0.000 shadowCasters=1 profile=sarpedon-night profilesSha256=0a3417258f46ad3d99620bcbabd1b37615192b7a59f090c77515189845b33bb7 profilesSource=pak legacyRender=0 gameLayer=unlit-eyeadaptinv tMaxFPS=30.0 vsync=0 frameRateLimit=60.0 substrate=0 nanite=1 meshDF=1 viewport=1920x1080 reference=1
2026.10.06-03.41.44 SHOT fighter f-0-hero pos=(4,4) world=(16,189,0) screen=(982,752) projected=1 alive=1
2026.10.06-03.41.44 SHOT fighter f-0-sk0 pos=(1,3) world=(-309,33,0) screen=(555,576) projected=1 alive=1
2026.10.06-03.41.44 SHOT fighter f-0-sk1 pos=(0,2) world=(-398,-3,0) screen=(442,537) projected=1 alive=1
2026.10.06-03.41.44 SHOT fighter f-0-sk2 pos=(0,3) world=(-394,92,0) screen=(435,640) projected=1 alive=1
2026.10.06-03.41.44 SHOT fighter f-1-hero pos=(5,4) world=(119,141,0) screen=(1120,695) projected=1 alive=1
2026.10.06-03.41.44 SHOT fighter f-1-sk0 pos=(6,3) world=(159,52,0) screen=(1169,596) projected=1 alive=1
2026.10.06-03.41.44 SHOT camera dist=2340.2 target=2340.2 overview=2340.2 errPct=0.000 focusErr=0.00 settled=1 zoom=1.00
2026.10.06-03.41.44 SHOT head fighter=f-0-hero socket=Head mesh=SK_Medusa_H2LD world=(16.0,188.1,47.1) screen=(982.3,716.3) top=(982.3,711.9) bottom=(982.2,720.7) headPx=8.8 projected=1
2026.10.06-03.41.44 SHOT head fighter=f-0-sk0 socket=Head mesh=SK_Harpy_H3LD world=(-308.9,28.2,34.2) screen=(550.3,544.6) top=(549.5,540.1) bottom=(551.2,549.2) headPx=9.3 projected=1
2026.10.06-03.41.44 SHOT head fighter=f-0-sk1 socket=Head mesh=SK_Harpy_H3LD world=(-398.9,2.4,34.2) screen=(434.4,516.7) top=(433.2,512.1) bottom=(435.5,521.3) headPx=9.4 projected=1
2026.10.06-03.41.44 SHOT head fighter=f-0-sk2 socket=Head mesh=SK_Harpy_H3LD world=(-393.8,86.8,33.9) screen=(430.1,609.4) top=(428.9,604.9) bottom=(431.2,613.9) headPx=9.3 projected=1
2026.10.06-03.41.44 SHOT head fighter=f-1-hero socket=Head mesh=SK_KingArthur_H2LD world=(118.7,140.9,50.0) screen=(1123.0,659.0) top=(1123.3,654.5) bottom=(1122.6,663.4) headPx=8.9 projected=1
2026.10.06-03.41.44 SHOT head fighter=f-1-sk0 socket=Head mesh=SK_Merlin_H2LD world=(158.7,48.7,36.5) screen=(1171.6,565.3) top=(1172.1,560.7) bottom=(1171.2,569.8) headPx=9.1 projected=1
2026.10.06-03.41.44 SHOT figure fighter=f-0-hero bbox=(943,678,1023,785) ringR=28.50 art=1 blockout=0 team=P1 look=P1 ring=1
2026.10.06-03.41.44 SHOT figure fighter=f-0-sk0 bbox=(516,520,586,600) ringR=22.23 art=1 blockout=0 team=P1 look=P1 ring=1
2026.10.06-03.41.44 SHOT figure fighter=f-0-sk1 bbox=(402,482,474,561) ringR=22.23 art=1 blockout=0 team=P1 look=P1 ring=1
2026.10.06-03.41.44 SHOT figure fighter=f-0-sk2 bbox=(394,584,467,665) ringR=22.23 art=1 blockout=0 team=P1 look=P1 ring=1
2026.10.06-03.41.44 SHOT figure fighter=f-1-hero bbox=(1081,619,1165,728) ringR=28.50 art=1 blockout=0 team=P2 look=P2 ring=1
2026.10.06-03.41.44 SHOT figure fighter=f-1-sk0 bbox=(1139,534,1204,620) ringR=22.23 art=1 blockout=0 team=P2 look=P2 ring=1
2026.10.06-03.41.44 SHOT request file=s09-deck-own.png frame=476
2026.10.06-03.41.44 SHOT requested: FScreenshotRequest(bShowUI) -> C:\Users\ren\AppData\Local\Temp\s09-combat-20261006-084119-39652\joiner/s09-deck-own.png
2026.10.06-03.41.44 S09AUTO resolve-blocked shot (type=BOOST_CHOICE)
2026.10.06-03.41.44 SHOT queued file=s09-resolve-blocked-BOOST_CHOICE.png frame=476 ahead=0 reason=same-frame
2026.10.06-03.41.44 TAG fighter=f-0-hero bbox=(932,654,1034,676) mode=compact look=P1 placement=above ring=0 hardPx2=0 softPx2=0 order=5 bound=1
2026.10.06-03.41.44 TAG fighter=f-0-sk0 bbox=(509,496,593,518) mode=compact look=P1 placement=above ring=0 hardPx2=0 softPx2=0 order=2 bound=1
2026.10.06-03.41.44 TAG fighter=f-0-sk1 bbox=(396,458,480,480) mode=compact look=P1 placement=above ring=0 hardPx2=0 softPx2=0 order=1 bound=1
2026.10.06-03.41.44 TAG fighter=f-0-sk2 bbox=(308,584,392,606) mode=compact look=P1 placement=left ring=0 hardPx2=0 softPx2=0 order=4 bound=1
2026.10.06-03.41.44 TAG fighter=f-1-hero bbox=(1072,730,1174,752) mode=compact look=P2 placement=below ring=0 hardPx2=0 softPx2=0 order=0 bound=1
2026.10.06-03.41.44 TAG fighter=f-1-sk0 bbox=(1130,510,1214,532) mode=compact look=P2 placement=above ring=0 hardPx2=0 softPx2=0 order=3 bound=1
2026.10.06-03.41.44 ICON fighter=f-1-hero bbox=(1168,641,1200,673) size=32 src=combat anchor=right fallback=0 overlapPx2=0 texture=/Game/S08/UI/IconsV3/T_IV3_action_attack_token_32.T_IV3_action_attack_token_32
2026.10.06-03.41.44 SHOT captured file=s09-deck-own.png frame=476 px=1920x1080 sha256=1a4e75da7b154d6974dcd448197674dafc5b51cdb706e1e513cd9fcf5f0e008f order=BGRA saved=1
2026.10.06-03.41.44 SHOT late begin file=s09-deck-own.png frame=476 requestFrame=476
2026.10.06-03.41.44 SHOT icon fighter=f-1-hero bbox=(1168,641,1200,673) size=32 src=combat planned=(1168,641,1200,673) geom=painted visible=1 anchor=right fallback=0 overlapPx2=0 texture=/Game/S08/UI/IconsV3/T_IV3_action_attack_token_32.T_IV3_action_attack_token_32 frame=476
2026.10.06-03.41.44 SHOT widget id=icon impl=umg-motion state=combat fighter=f-1-hero bbox=(1168,641,1200,673) geom=painted visible=1 twin=0 source=S08AnimatedIconWidget:action-attack-token frame=476
2026.10.06-03.41.44 SHOT widget id=board.tag impl=umg state=compact fighter=f-0-hero bbox=(932,654,1034,676) geom=painted visible=1 twin=0 source=/Game/S08/UI/ArtHud/WBP_S08ArtTag mode=compact look=P1 shape=circle placement=above ring=0 order=5 bound=1 softPx2=0 planned=(932,654,1034,676) frame=476
2026.10.06-03.41.44 SHOT widget id=board.tag.hp impl=umg state=compact fighter=f-0-hero bbox=(988,656,1030,674) geom=painted visible=1 twin=0 source=/Game/S08/UI/ArtHud/WBP_S08ArtTag mode=compact look=P1 shape=circle placement=above ring=0 order=5 bound=1 softPx2=0 planned=(932,654,1034,676) frame=476 font=11
2026.10.06-03.41.44 SHOT widget id=board.tag.bar impl=umg state=compact fighter=f-0-hero bbox=(951,663,985,668) geom=painted visible=1 twin=0 source=/Game/S08/UI/ArtHud/WBP_S08ArtTag mode=compact look=P1 shape=circle placement=above ring=0 order=5 bound=1 softPx2=0 planned=(932,654,1034,676) frame=476
2026.10.06-03.41.44 SHOT widget id=board.tag.chip impl=umg state=compact fighter=f-0-hero bbox=(936,659,948,671) geom=painted visible=1 twin=0 source=/Game/S08/UI/ArtHud/WBP_S08ArtTag mode=compact look=P1 shape=circle placement=above ring=0 order=5 bound=1 softPx2=0 planned=(932,654,1034,676) frame=476
2026.10.06-03.41.44 SHOT widget id=board.tag impl=umg state=compact fighter=f-0-sk0 bbox=(509,496,593,518) geom=painted visible=1 twin=0 source=/Game/S08/UI/ArtHud/WBP_S08ArtTag mode=compact look=P1 shape=circle placement=above ring=0 order=2 bound=1 softPx2=0 planned=(509,496,593,518) frame=476
2026.10.06-03.41.44 SHOT widget id=board.tag.hp impl=umg state=compact fighter=f-0-sk0 bbox=(565,498,589,516) geom=painted visible=1 twin=0 source=/Game/S08/UI/ArtHud/WBP_S08ArtTag mode=compact look=P1 shape=circle placement=above ring=0 order=2 bound=1 softPx2=0 planned=(509,496,593,518) frame=476 font=11
2026.10.06-03.41.44 SHOT widget id=board.tag.bar impl=umg state=compact fighter=f-0-sk0 bbox=(528,505,562,510) geom=painted visible=1 twin=0 source=/Game/S08/UI/ArtHud/WBP_S08ArtTag mode=compact look=P1 shape=circle placement=above ring=0 order=2 bound=1 softPx2=0 planned=(509,496,593,518) frame=476
2026.10.06-03.41.44 SHOT widget id=board.tag.chip impl=umg state=compact fighter=f-0-sk0 bbox=(513,501,525,513) geom=painted visible=1 twin=0 source=/Game/S08/UI/ArtHud/WBP_S08ArtTag mode=compact look=P1 shape=circle placement=above ring=0 order=2 bound=1 softPx2=0 planned=(509,496,593,518) frame=476
2026.10.06-03.41.44 SHOT widget id=board.tag impl=umg state=compact fighter=f-0-sk1 bbox=(396,458,480,480) geom=painted visible=1 twin=0 source=/Game/S08/UI/ArtHud/WBP_S08ArtTag mode=compact look=P1 shape=circle placement=above ring=0 order=1 bound=1 softPx2=0 planned=(396,458,480,480) frame=476
2026.10.06-03.41.44 SHOT widget id=board.tag.hp impl=umg state=compact fighter=f-0-sk1 bbox=(452,460,476,478) geom=painted visible=1 twin=0 source=/Game/S08/UI/ArtHud/WBP_S08ArtTag mode=compact look=P1 shape=circle placement=above ring=0 order=1 bound=1 softPx2=0 planned=(396,458,480,480) frame=476 font=11
2026.10.06-03.41.44 SHOT widget id=board.tag.bar impl=umg state=compact fighter=f-0-sk1 bbox=(415,467,449,472) geom=painted visible=1 twin=0 source=/Game/S08/UI/ArtHud/WBP_S08ArtTag mode=compact look=P1 shape=circle placement=above ring=0 order=1 bound=1 softPx2=0 planned=(396,458,480,480) frame=476
2026.10.06-03.41.44 SHOT widget id=board.tag.chip impl=umg state=compact fighter=f-0-sk1 bbox=(400,463,412,475) geom=painted visible=1 twin=0 source=/Game/S08/UI/ArtHud/WBP_S08ArtTag mode=compact look=P1 shape=circle placement=above ring=0 order=1 bound=1 softPx2=0 planned=(396,458,480,480) frame=476
2026.10.06-03.41.44 SHOT widget id=board.tag impl=umg state=compact fighter=f-0-sk2 bbox=(308,584,392,606) geom=painted visible=1 twin=0 source=/Game/S08/UI/ArtHud/WBP_S08ArtTag mode=compact look=P1 shape=circle placement=left ring=0 order=4 bound=1 softPx2=0 planned=(308,584,392,606) frame=476
2026.10.06-03.41.44 SHOT widget id=board.tag.hp impl=umg state=compact fighter=f-0-sk2 bbox=(364,586,388,604) geom=painted visible=1 twin=0 source=/Game/S08/UI/ArtHud/WBP_S08ArtTag mode=compact look=P1 shape=circle placement=left ring=0 order=4 bound=1 softPx2=0 planned=(308,584,392,606) frame=476 font=11
2026.10.06-03.41.44 SHOT widget id=board.tag.bar impl=umg state=compact fighter=f-0-sk2 bbox=(327,593,361,598) geom=painted visible=1 twin=0 source=/Game/S08/UI/ArtHud/WBP_S08ArtTag mode=compact look=P1 shape=circle placement=left ring=0 order=4 bound=1 softPx2=0 planned=(308,584,392,606) frame=476
2026.10.06-03.41.44 SHOT widget id=board.tag.chip impl=umg state=compact fighter=f-0-sk2 bbox=(312,589,324,601) geom=painted visible=1 twin=0 source=/Game/S08/UI/ArtHud/WBP_S08ArtTag mode=compact look=P1 shape=circle placement=left ring=0 order=4 bound=1 softPx2=0 planned=(308,584,392,606) frame=476
2026.10.06-03.41.44 SHOT widget id=board.tag impl=umg state=compact fighter=f-1-hero bbox=(1072,730,1174,752) geom=painted visible=1 twin=0 source=/Game/S08/UI/ArtHud/WBP_S08ArtTag mode=compact look=P2 shape=hex placement=below ring=0 order=0 bound=1 softPx2=0 planned=(1072,730,1174,752) frame=476
2026.10.06-03.41.44 SHOT widget id=board.tag.hp impl=umg state=compact fighter=f-1-hero bbox=(1128,732,1170,750) geom=painted visible=1 twin=0 source=/Game/S08/UI/ArtHud/WBP_S08ArtTag mode=compact look=P2 shape=hex placement=below ring=0 order=0 bound=1 softPx2=0 planned=(1072,730,1174,752) frame=476 font=11
2026.10.06-03.41.44 SHOT widget id=board.tag.bar impl=umg state=compact fighter=f-1-hero bbox=(1091,739,1125,744) geom=painted visible=1 twin=0 source=/Game/S08/UI/ArtHud/WBP_S08ArtTag mode=compact look=P2 shape=hex placement=below ring=0 order=0 bound=1 softPx2=0 planned=(1072,730,1174,752) frame=476
2026.10.06-03.41.44 SHOT widget id=board.tag.chip impl=umg state=compact fighter=f-1-hero bbox=(1076,735,1088,747) geom=painted visible=1 twin=0 source=/Game/S08/UI/ArtHud/WBP_S08ArtTag mode=compact look=P2 shape=hex placement=below ring=0 order=0 bound=1 softPx2=0 planned=(1072,730,1174,752) frame=476
2026.10.06-03.41.44 SHOT widget id=board.tag impl=umg state=compact fighter=f-1-sk0 bbox=(1130,510,1214,532) geom=painted visible=1 twin=0 source=/Game/S08/UI/ArtHud/WBP_S08ArtTag mode=compact look=P2 shape=hex placement=above ring=0 order=3 bound=1 softPx2=0 planned=(1130,510,1214,532) frame=476
2026.10.06-03.41.44 SHOT widget id=board.tag.hp impl=umg state=compact fighter=f-1-sk0 bbox=(1186,512,1210,530) geom=painted visible=1 twin=0 source=/Game/S08/UI/ArtHud/WBP_S08ArtTag mode=compact look=P2 shape=hex placement=above ring=0 order=3 bound=1 softPx2=0 planned=(1130,510,1214,532) frame=476 font=11
2026.10.06-03.41.44 SHOT widget id=board.tag.bar impl=umg state=compact fighter=f-1-sk0 bbox=(1149,519,1183,524) geom=painted visible=1 twin=0 source=/Game/S08/UI/ArtHud/WBP_S08ArtTag mode=compact look=P2 shape=hex placement=above ring=0 order=3 bound=1 softPx2=0 planned=(1130,510,1214,532) frame=476
2026.10.06-03.41.44 SHOT widget id=board.tag.chip impl=umg state=compact fighter=f-1-sk0 bbox=(1134,515,1146,527) geom=painted visible=1 twin=0 source=/Game/S08/UI/ArtHud/WBP_S08ArtTag mode=compact look=P2 shape=hex placement=above ring=0 order=3 bound=1 softPx2=0 planned=(1130,510,1214,532) frame=476
2026.10.06-03.41.44 SHOT panel id=hud.command bbox=(0,0,698,278) geom=painted visible=1 frame=476
2026.10.06-03.41.44 SHOT panel id=hud.side bbox=(1442,0,1920,179) geom=painted visible=1 frame=476
2026.10.06-03.41.44 SHOT panel id=hud.hand bbox=(525,929,1395,1080) geom=painted visible=1 frame=476
2026.10.06-03.41.44 SHOT late end file=s09-deck-own.png frame=476
2026.10.06-03.41.44 SHOT dequeued file=s09-resolve-blocked-BOOST_CHOICE.png frame=477 queuedFrame=476 left=0
2026.10.06-03.41.44 SHOT ctx viewport=1920x1080 viewTarget=CameraActor_2147482025 cam=(0,1342,1917) rot=(-55,-90,0)
2026.10.06-03.41.44 RENDER tag=SHOT rhi=D3D12 featureLevel=SM6 shaderPlatform=PCD3D_SM6 lumenPlatform=1 gi=lumen giMethod=1 refl=lumen reflMethod=1 shadows=csm vsmEnable=0 sg.res=100 sg.view=2 sg.aa=2 sg.shadow=2 sg.gi=2 sg.refl=2 sg.pp=2 sg.tex=2 sg.fx=2 sg.foliage=2 sg.shading=2 sg.landscape=2 preset=High screenPct=100.0 screenPctMode=0 aa=TSR aaMethod=4 exposure=fixed-histogram expMin=4.14106 expMax=4.14106 expBias=0.000 ev100=2.05 lightUnits=candelas sky=1 skyIntensity=3.000 keyShadow=csm-3600uu-2c-contact0.000 shadowCasters=1 profile=sarpedon-night profilesSha256=0a3417258f46ad3d99620bcbabd1b37615192b7a59f090c77515189845b33bb7 profilesSource=pak legacyRender=0 gameLayer=unlit-eyeadaptinv tMaxFPS=30.0 vsync=0 frameRateLimit=60.0 substrate=0 nanite=1 meshDF=1 viewport=1920x1080 reference=1
2026.10.06-03.41.44 SHOT fighter f-0-hero pos=(4,4) world=(16,189,0) screen=(982,752) projected=1 alive=1
2026.10.06-03.41.44 SHOT fighter f-0-sk0 pos=(1,3) world=(-309,33,0) screen=(555,576) projected=1 alive=1
2026.10.06-03.41.44 SHOT fighter f-0-sk1 pos=(0,2) world=(-398,-3,0) screen=(442,537) projected=1 alive=1
2026.10.06-03.41.44 SHOT fighter f-0-sk2 pos=(0,3) world=(-394,92,0) screen=(435,640) projected=1 alive=1
2026.10.06-03.41.44 SHOT fighter f-1-hero pos=(5,4) world=(119,141,0) screen=(1120,695) projected=1 alive=1
2026.10.06-03.41.44 SHOT fighter f-1-sk0 pos=(6,3) world=(159,52,0) screen=(1169,596) projected=1 alive=1
2026.10.06-03.41.44 SHOT camera dist=2340.2 target=2340.2 overview=2340.2 errPct=0.000 focusErr=0.00 settled=1 zoom=1.00
2026.10.06-03.41.44 SHOT head fighter=f-0-hero socket=Head mesh=SK_Medusa_H2LD world=(16.5,188.0,47.1) screen=(982.9,716.3) top=(982.9,711.9) bottom=(982.8,720.7) headPx=8.8 projected=1
2026.10.06-03.41.44 SHOT head fighter=f-0-sk0 socket=Head mesh=SK_Harpy_H3LD world=(-308.6,28.4,34.3) screen=(550.7,544.8) top=(549.8,540.2) bottom=(551.5,549.3) headPx=9.3 projected=1
2026.10.06-03.41.44 SHOT head fighter=f-0-sk1 socket=Head mesh=SK_Harpy_H3LD world=(-399.1,2.6,34.0) screen=(434.2,517.1) top=(433.0,512.5) bottom=(435.3,521.7) headPx=9.4 projected=1
2026.10.06-03.41.44 SHOT head fighter=f-0-sk2 socket=Head mesh=SK_Harpy_H3LD world=(-394.1,86.8,34.0) screen=(429.7,609.4) top=(428.6,604.9) bottom=(430.9,613.9) headPx=9.3 projected=1
2026.10.06-03.41.44 SHOT head fighter=f-1-hero socket=Head mesh=SK_KingArthur_H2LD world=(119.0,141.0,50.1) screen=(1123.4,659.1) top=(1123.8,654.6) bottom=(1123.0,663.5) headPx=8.9 projected=1
2026.10.06-03.41.44 SHOT head fighter=f-1-sk0 socket=Head mesh=SK_Merlin_H2LD world=(158.7,48.5,36.4) screen=(1171.8,565.2) top=(1172.2,560.6) bottom=(1171.3,569.7) headPx=9.1 projected=1
2026.10.06-03.41.44 SHOT figure fighter=f-0-hero bbox=(943,678,1023,785) ringR=28.50 art=1 blockout=0 team=P1 look=P1 ring=1
2026.10.06-03.41.44 SHOT figure fighter=f-0-sk0 bbox=(516,520,586,600) ringR=22.23 art=1 blockout=0 team=P1 look=P1 ring=1
2026.10.06-03.41.44 SHOT figure fighter=f-0-sk1 bbox=(402,482,474,561) ringR=22.23 art=1 blockout=0 team=P1 look=P1 ring=1
2026.10.06-03.41.44 SHOT figure fighter=f-0-sk2 bbox=(394,584,467,665) ringR=22.23 art=1 blockout=0 team=P1 look=P1 ring=1
2026.10.06-03.41.44 SHOT figure fighter=f-1-hero bbox=(1081,619,1165,728) ringR=28.50 art=1 blockout=0 team=P2 look=P2 ring=1
2026.10.06-03.41.44 SHOT figure fighter=f-1-sk0 bbox=(1139,534,1204,620) ringR=22.23 art=1 blockout=0 team=P2 look=P2 ring=1
2026.10.06-03.41.44 SHOT request file=s09-resolve-blocked-BOOST_CHOICE.png frame=477
2026.10.06-03.41.44 SHOT requested: FScreenshotRequest(bShowUI) -> C:\Users\ren\AppData\Local\Temp\s09-combat-20261006-084119-39652\joiner/s09-resolve-blocked-BOOST_CHOICE.png
2026.10.06-03.41.44 SHOT captured file=s09-resolve-blocked-BOOST_CHOICE.png frame=477 px=1920x1080 sha256=412d3cecfa0d9e2dda80259e92d563b9eaefd735dd1ed67a16421c4a1c7cd322 order=BGRA saved=1
2026.10.06-03.41.44 SHOT late begin file=s09-resolve-blocked-BOOST_CHOICE.png frame=477 requestFrame=477
2026.10.06-03.41.44 SHOT icon fighter=f-1-hero bbox=(1168,641,1200,673) size=32 src=combat planned=(1168,641,1200,673) geom=painted visible=1 anchor=right fallback=0 overlapPx2=0 texture=/Game/S08/UI/IconsV3/T_IV3_action_attack_token_32.T_IV3_action_attack_token_32 frame=477
2026.10.06-03.41.44 SHOT widget id=icon impl=umg-motion state=combat fighter=f-1-hero bbox=(1168,641,1200,673) geom=painted visible=1 twin=0 source=S08AnimatedIconWidget:action-attack-token frame=477
2026.10.06-03.41.44 SHOT widget id=board.tag impl=umg state=compact fighter=f-0-hero bbox=(932,654,1034,676) geom=painted visible=1 twin=0 source=/Game/S08/UI/ArtHud/WBP_S08ArtTag mode=compact look=P1 shape=circle placement=above ring=0 order=5 bound=1 softPx2=0 planned=(932,654,1034,676) frame=477
2026.10.06-03.41.44 SHOT widget id=board.tag.hp impl=umg state=compact fighter=f-0-hero bbox=(988,656,1030,674) geom=painted visible=1 twin=0 source=/Game/S08/UI/ArtHud/WBP_S08ArtTag mode=compact look=P1 shape=circle placement=above ring=0 order=5 bound=1 softPx2=0 planned=(932,654,1034,676) frame=477 font=11
2026.10.06-03.41.44 SHOT widget id=board.tag.bar impl=umg state=compact fighter=f-0-hero bbox=(951,663,985,668) geom=painted visible=1 twin=0 source=/Game/S08/UI/ArtHud/WBP_S08ArtTag mode=compact look=P1 shape=circle placement=above ring=0 order=5 bound=1 softPx2=0 planned=(932,654,1034,676) frame=477
2026.10.06-03.41.44 SHOT widget id=board.tag.chip impl=umg state=compact fighter=f-0-hero bbox=(936,659,948,671) geom=painted visible=1 twin=0 source=/Game/S08/UI/ArtHud/WBP_S08ArtTag mode=compact look=P1 shape=circle placement=above ring=0 order=5 bound=1 softPx2=0 planned=(932,654,1034,676) frame=477
2026.10.06-03.41.44 SHOT widget id=board.tag impl=umg state=compact fighter=f-0-sk0 bbox=(509,496,593,518) geom=painted visible=1 twin=0 source=/Game/S08/UI/ArtHud/WBP_S08ArtTag mode=compact look=P1 shape=circle placement=above ring=0 order=2 bound=1 softPx2=0 planned=(509,496,593,518) frame=477
2026.10.06-03.41.44 SHOT widget id=board.tag.hp impl=umg state=compact fighter=f-0-sk0 bbox=(565,498,589,516) geom=painted visible=1 twin=0 source=/Game/S08/UI/ArtHud/WBP_S08ArtTag mode=compact look=P1 shape=circle placement=above ring=0 order=2 bound=1 softPx2=0 planned=(509,496,593,518) frame=477 font=11
2026.10.06-03.41.44 SHOT widget id=board.tag.bar impl=umg state=compact fighter=f-0-sk0 bbox=(528,505,562,510) geom=painted visible=1 twin=0 source=/Game/S08/UI/ArtHud/WBP_S08ArtTag mode=compact look=P1 shape=circle placement=above ring=0 order=2 bound=1 softPx2=0 planned=(509,496,593,518) frame=477
2026.10.06-03.41.44 SHOT widget id=board.tag.chip impl=umg state=compact fighter=f-0-sk0 bbox=(513,501,525,513) geom=painted visible=1 twin=0 source=/Game/S08/UI/ArtHud/WBP_S08ArtTag mode=compact look=P1 shape=circle placement=above ring=0 order=2 bound=1 softPx2=0 planned=(509,496,593,518) frame=477
2026.10.06-03.41.44 SHOT widget id=board.tag impl=umg state=compact fighter=f-0-sk1 bbox=(396,458,480,480) geom=painted visible=1 twin=0 source=/Game/S08/UI/ArtHud/WBP_S08ArtTag mode=compact look=P1 shape=circle placement=above ring=0 order=1 bound=1 softPx2=0 planned=(396,458,480,480) frame=477
2026.10.06-03.41.44 SHOT widget id=board.tag.hp impl=umg state=compact fighter=f-0-sk1 bbox=(452,460,476,478) geom=painted visible=1 twin=0 source=/Game/S08/UI/ArtHud/WBP_S08ArtTag mode=compact look=P1 shape=circle placement=above ring=0 order=1 bound=1 softPx2=0 planned=(396,458,480,480) frame=477 font=11
2026.10.06-03.41.44 SHOT widget id=board.tag.bar impl=umg state=compact fighter=f-0-sk1 bbox=(415,467,449,472) geom=painted visible=1 twin=0 source=/Game/S08/UI/ArtHud/WBP_S08ArtTag mode=compact look=P1 shape=circle placement=above ring=0 order=1 bound=1 softPx2=0 planned=(396,458,480,480) frame=477
2026.10.06-03.41.44 SHOT widget id=board.tag.chip impl=umg state=compact fighter=f-0-sk1 bbox=(400,463,412,475) geom=painted visible=1 twin=0 source=/Game/S08/UI/ArtHud/WBP_S08ArtTag mode=compact look=P1 shape=circle placement=above ring=0 order=1 bound=1 softPx2=0 planned=(396,458,480,480) frame=477
2026.10.06-03.41.44 SHOT widget id=board.tag impl=umg state=compact fighter=f-0-sk2 bbox=(308,584,392,606) geom=painted visible=1 twin=0 source=/Game/S08/UI/ArtHud/WBP_S08ArtTag mode=compact look=P1 shape=circle placement=left ring=0 order=4 bound=1 softPx2=0 planned=(308,584,392,606) frame=477
2026.10.06-03.41.44 SHOT widget id=board.tag.hp impl=umg state=compact fighter=f-0-sk2 bbox=(364,586,388,604) geom=painted visible=1 twin=0 source=/Game/S08/UI/ArtHud/WBP_S08ArtTag mode=compact look=P1 shape=circle placement=left ring=0 order=4 bound=1 softPx2=0 planned=(308,584,392,606) frame=477 font=11
2026.10.06-03.41.44 SHOT widget id=board.tag.bar impl=umg state=compact fighter=f-0-sk2 bbox=(327,593,361,598) geom=painted visible=1 twin=0 source=/Game/S08/UI/ArtHud/WBP_S08ArtTag mode=compact look=P1 shape=circle placement=left ring=0 order=4 bound=1 softPx2=0 planned=(308,584,392,606) frame=477
2026.10.06-03.41.44 SHOT widget id=board.tag.chip impl=umg state=compact fighter=f-0-sk2 bbox=(312,589,324,601) geom=painted visible=1 twin=0 source=/Game/S08/UI/ArtHud/WBP_S08ArtTag mode=compact look=P1 shape=circle placement=left ring=0 order=4 bound=1 softPx2=0 planned=(308,584,392,606) frame=477
2026.10.06-03.41.44 SHOT widget id=board.tag impl=umg state=compact fighter=f-1-hero bbox=(1072,730,1174,752) geom=painted visible=1 twin=0 source=/Game/S08/UI/ArtHud/WBP_S08ArtTag mode=compact look=P2 shape=hex placement=below ring=0 order=0 bound=1 softPx2=0 planned=(1072,730,1174,752) frame=477
2026.10.06-03.41.44 SHOT widget id=board.tag.hp impl=umg state=compact fighter=f-1-hero bbox=(1128,732,1170,750) geom=painted visible=1 twin=0 source=/Game/S08/UI/ArtHud/WBP_S08ArtTag mode=compact look=P2 shape=hex placement=below ring=0 order=0 bound=1 softPx2=0 planned=(1072,730,1174,752) frame=477 font=11
2026.10.06-03.41.44 SHOT widget id=board.tag.bar impl=umg state=compact fighter=f-1-hero bbox=(1091,739,1125,744) geom=painted visible=1 twin=0 source=/Game/S08/UI/ArtHud/WBP_S08ArtTag mode=compact look=P2 shape=hex placement=below ring=0 order=0 bound=1 softPx2=0 planned=(1072,730,1174,752) frame=477
2026.10.06-03.41.44 SHOT widget id=board.tag.chip impl=umg state=compact fighter=f-1-hero bbox=(1076,735,1088,747) geom=painted visible=1 twin=0 source=/Game/S08/UI/ArtHud/WBP_S08ArtTag mode=compact look=P2 shape=hex placement=below ring=0 order=0 bound=1 softPx2=0 planned=(1072,730,1174,752) frame=477
2026.10.06-03.41.44 SHOT widget id=board.tag impl=umg state=compact fighter=f-1-sk0 bbox=(1130,510,1214,532) geom=painted visible=1 twin=0 source=/Game/S08/UI/ArtHud/WBP_S08ArtTag mode=compact look=P2 shape=hex placement=above ring=0 order=3 bound=1 softPx2=0 planned=(1130,510,1214,532) frame=477
2026.10.06-03.41.44 SHOT widget id=board.tag.hp impl=umg state=compact fighter=f-1-sk0 bbox=(1186,512,1210,530) geom=painted visible=1 twin=0 source=/Game/S08/UI/ArtHud/WBP_S08ArtTag mode=compact look=P2 shape=hex placement=above ring=0 order=3 bound=1 softPx2=0 planned=(1130,510,1214,532) frame=477 font=11
2026.10.06-03.41.44 SHOT widget id=board.tag.bar impl=umg state=compact fighter=f-1-sk0 bbox=(1149,519,1183,524) geom=painted visible=1 twin=0 source=/Game/S08/UI/ArtHud/WBP_S08ArtTag mode=compact look=P2 shape=hex placement=above ring=0 order=3 bound=1 softPx2=0 planned=(1130,510,1214,532) frame=477
2026.10.06-03.41.44 SHOT widget id=board.tag.chip impl=umg state=compact fighter=f-1-sk0 bbox=(1134,515,1146,527) geom=painted visible=1 twin=0 source=/Game/S08/UI/ArtHud/WBP_S08ArtTag mode=compact look=P2 shape=hex placement=above ring=0 order=3 bound=1 softPx2=0 planned=(1130,510,1214,532) frame=477
2026.10.06-03.41.44 SHOT panel id=hud.command bbox=(0,0,698,278) geom=painted visible=1 frame=477
2026.10.06-03.41.44 SHOT panel id=hud.side bbox=(1442,0,1920,179) geom=painted visible=1 frame=477
2026.10.06-03.41.44 SHOT panel id=hud.hand bbox=(525,929,1395,1080) geom=painted visible=1 frame=477
2026.10.06-03.41.44 SHOT late end file=s09-resolve-blocked-BOOST_CHOICE.png frame=477
2026.10.06-03.41.44 DECK panel open side=opp t=17217 fade=0 why=auto switch=1
2026.10.06-03.41.44 DECK model side=opp list=1 kinds=11 copies=30 deck=24 discard=1 backs=5 inDiscard=1
2026.10.06-03.41.45 VO event=MATCH-START speaker=ARTHUR t=17684 result=skipped line=- prio=2 reason=gap
2026.10.06-03.41.45 S09AUTO run-f shot s09-deck-opp.png
2026.10.06-03.41.45 SHOT ctx viewport=1920x1080 viewTarget=CameraActor_2147482025 cam=(0,1342,1917) rot=(-55,-90,0)
2026.10.06-03.41.45 RENDER tag=SHOT rhi=D3D12 featureLevel=SM6 shaderPlatform=PCD3D_SM6 lumenPlatform=1 gi=lumen giMethod=1 refl=lumen reflMethod=1 shadows=csm vsmEnable=0 sg.res=100 sg.view=2 sg.aa=2 sg.shadow=2 sg.gi=2 sg.refl=2 sg.pp=2 sg.tex=2 sg.fx=2 sg.foliage=2 sg.shading=2 sg.landscape=2 preset=High screenPct=100.0 screenPctMode=0 aa=TSR aaMethod=4 exposure=fixed-histogram expMin=4.14106 expMax=4.14106 expBias=0.000 ev100=2.05 lightUnits=candelas sky=1 skyIntensity=3.000 keyShadow=csm-3600uu-2c-contact0.000 shadowCasters=1 profile=sarpedon-night profilesSha256=0a3417258f46ad3d99620bcbabd1b37615192b7a59f090c77515189845b33bb7 profilesSource=pak legacyRender=0 gameLayer=unlit-eyeadaptinv tMaxFPS=30.0 vsync=0 frameRateLimit=60.0 substrate=0 nanite=1 meshDF=1 viewport=1920x1080 reference=1
2026.10.06-03.41.45 SHOT fighter f-0-hero pos=(4,4) world=(16,189,0) screen=(982,752) projected=1 alive=1
2026.10.06-03.41.45 SHOT fighter f-0-sk0 pos=(1,3) world=(-309,33,0) screen=(555,576) projected=1 alive=1
2026.10.06-03.41.45 SHOT fighter f-0-sk1 pos=(0,2) world=(-398,-3,0) screen=(442,537) projected=1 alive=1
2026.10.06-03.41.45 SHOT fighter f-0-sk2 pos=(0,3) world=(-394,92,0) screen=(435,640) projected=1 alive=1
2026.10.06-03.41.45 SHOT fighter f-1-hero pos=(5,4) world=(119,141,0) screen=(1120,695) projected=1 alive=1
2026.10.06-03.41.45 SHOT fighter f-1-sk0 pos=(6,3) world=(159,52,0) screen=(1169,596) projected=1 alive=1
2026.10.06-03.41.45 SHOT camera dist=2340.2 target=2340.2 overview=2340.2 errPct=0.000 focusErr=0.00 settled=1 zoom=1.00
2026.10.06-03.41.45 SHOT head fighter=f-0-hero socket=Head mesh=SK_Medusa_H2LD world=(16.4,188.9,47.2) screen=(982.8,717.3) top=(982.8,712.9) bottom=(982.7,721.6) headPx=8.8 projected=1
2026.10.06-03.41.45 SHOT head fighter=f-0-sk0 socket=Head mesh=SK_Harpy_H3LD world=(-308.8,28.1,34.0) screen=(550.6,544.7) top=(549.7,540.1) bottom=(551.5,549.2) headPx=9.3 projected=1
2026.10.06-03.41.45 SHOT head fighter=f-0-sk1 socket=Head mesh=SK_Harpy_H3LD world=(-398.3,2.7,34.1) screen=(435.2,517.2) top=(434.1,512.6) bottom=(436.3,521.8) headPx=9.4 projected=1
2026.10.06-03.41.45 SHOT head fighter=f-0-sk2 socket=Head mesh=SK_Harpy_H3LD world=(-393.9,87.1,34.3) screen=(429.9,609.5) top=(428.7,605.0) bottom=(431.0,614.0) headPx=9.3 projected=1
2026.10.06-03.41.45 SHOT head fighter=f-1-hero socket=Head mesh=SK_KingArthur_H2LD world=(119.2,139.7,50.1) screen=(1123.5,657.6) top=(1123.8,653.1) bottom=(1123.1,662.0) headPx=9.0 projected=1
2026.10.06-03.41.45 SHOT head fighter=f-1-sk0 socket=Head mesh=SK_Merlin_H2LD world=(159.2,48.7,36.5) screen=(1172.4,565.3) top=(1172.9,560.8) bottom=(1172.0,569.8) headPx=9.1 projected=1
2026.10.06-03.41.45 SHOT figure fighter=f-0-hero bbox=(943,678,1023,785) ringR=28.50 art=1 blockout=0 team=P1 look=P1 ring=1
2026.10.06-03.41.45 SHOT figure fighter=f-0-sk0 bbox=(516,520,586,600) ringR=22.23 art=1 blockout=0 team=P1 look=P1 ring=1
2026.10.06-03.41.45 SHOT figure fighter=f-0-sk1 bbox=(402,482,474,561) ringR=22.23 art=1 blockout=0 team=P1 look=P1 ring=1
2026.10.06-03.41.45 SHOT figure fighter=f-0-sk2 bbox=(394,584,467,665) ringR=22.23 art=1 blockout=0 team=P1 look=P1 ring=1
2026.10.06-03.41.45 SHOT figure fighter=f-1-hero bbox=(1081,619,1165,728) ringR=28.50 art=1 blockout=0 team=P2 look=P2 ring=1
2026.10.06-03.41.45 SHOT figure fighter=f-1-sk0 bbox=(1139,534,1204,620) ringR=22.23 art=1 blockout=0 team=P2 look=P2 ring=1
2026.10.06-03.41.45 SHOT request file=s09-deck-opp.png frame=497
2026.10.06-03.41.45 SHOT requested: FScreenshotRequest(bShowUI) -> C:\Users\ren\AppData\Local\Temp\s09-combat-20261006-084119-39652\joiner/s09-deck-opp.png
2026.10.06-03.41.45 SHOT captured file=s09-deck-opp.png frame=497 px=1920x1080 sha256=d1015e79e8d6f8449c12052e7e4c18158a8e1cc8a2c3bd71b13e255fc3299458 order=BGRA saved=1
2026.10.06-03.41.45 SHOT late begin file=s09-deck-opp.png frame=497 requestFrame=497
2026.10.06-03.41.45 SHOT icon fighter=f-1-hero bbox=(1168,641,1200,673) size=32 src=combat planned=(1168,641,1200,673) geom=painted visible=1 anchor=right fallback=0 overlapPx2=0 texture=/Game/S08/UI/IconsV3/T_IV3_action_attack_token_32.T_IV3_action_attack_token_32 frame=497
2026.10.06-03.41.45 SHOT widget id=icon impl=umg-motion state=combat fighter=f-1-hero bbox=(1168,641,1200,673) geom=painted visible=1 twin=0 source=S08AnimatedIconWidget:action-attack-token frame=497
2026.10.06-03.41.45 SHOT widget id=board.tag impl=umg state=compact fighter=f-0-hero bbox=(932,654,1034,676) geom=painted visible=1 twin=0 source=/Game/S08/UI/ArtHud/WBP_S08ArtTag mode=compact look=P1 shape=circle placement=above ring=0 order=5 bound=1 softPx2=0 planned=(932,654,1034,676) frame=497
2026.10.06-03.41.45 SHOT widget id=board.tag.hp impl=umg state=compact fighter=f-0-hero bbox=(988,656,1030,674) geom=painted visible=1 twin=0 source=/Game/S08/UI/ArtHud/WBP_S08ArtTag mode=compact look=P1 shape=circle placement=above ring=0 order=5 bound=1 softPx2=0 planned=(932,654,1034,676) frame=497 font=11
2026.10.06-03.41.45 SHOT widget id=board.tag.bar impl=umg state=compact fighter=f-0-hero bbox=(951,663,985,668) geom=painted visible=1 twin=0 source=/Game/S08/UI/ArtHud/WBP_S08ArtTag mode=compact look=P1 shape=circle placement=above ring=0 order=5 bound=1 softPx2=0 planned=(932,654,1034,676) frame=497
2026.10.06-03.41.45 SHOT widget id=board.tag.chip impl=umg state=compact fighter=f-0-hero bbox=(936,659,948,671) geom=painted visible=1 twin=0 source=/Game/S08/UI/ArtHud/WBP_S08ArtTag mode=compact look=P1 shape=circle placement=above ring=0 order=5 bound=1 softPx2=0 planned=(932,654,1034,676) frame=497
2026.10.06-03.41.45 SHOT widget id=board.tag impl=umg state=compact fighter=f-0-sk0 bbox=(509,496,593,518) geom=painted visible=1 twin=0 source=/Game/S08/UI/ArtHud/WBP_S08ArtTag mode=compact look=P1 shape=circle placement=above ring=0 order=2 bound=1 softPx2=0 planned=(509,496,593,518) frame=497
2026.10.06-03.41.45 SHOT widget id=board.tag.hp impl=umg state=compact fighter=f-0-sk0 bbox=(565,498,589,516) geom=painted visible=1 twin=0 source=/Game/S08/UI/ArtHud/WBP_S08ArtTag mode=compact look=P1 shape=circle placement=above ring=0 order=2 bound=1 softPx2=0 planned=(509,496,593,518) frame=497 font=11
2026.10.06-03.41.45 SHOT widget id=board.tag.bar impl=umg state=compact fighter=f-0-sk0 bbox=(528,505,562,510) geom=painted visible=1 twin=0 source=/Game/S08/UI/ArtHud/WBP_S08ArtTag mode=compact look=P1 shape=circle placement=above ring=0 order=2 bound=1 softPx2=0 planned=(509,496,593,518) frame=497
2026.10.06-03.41.45 SHOT widget id=board.tag.chip impl=umg state=compact fighter=f-0-sk0 bbox=(513,501,525,513) geom=painted visible=1 twin=0 source=/Game/S08/UI/ArtHud/WBP_S08ArtTag mode=compact look=P1 shape=circle placement=above ring=0 order=2 bound=1 softPx2=0 planned=(509,496,593,518) frame=497
2026.10.06-03.41.45 SHOT widget id=board.tag impl=umg state=compact fighter=f-0-sk1 bbox=(396,458,480,480) geom=painted visible=1 twin=0 source=/Game/S08/UI/ArtHud/WBP_S08ArtTag mode=compact look=P1 shape=circle placement=above ring=0 order=1 bound=1 softPx2=0 planned=(396,458,480,480) frame=497
2026.10.06-03.41.45 SHOT widget id=board.tag.hp impl=umg state=compact fighter=f-0-sk1 bbox=(452,460,476,478) geom=painted visible=1 twin=0 source=/Game/S08/UI/ArtHud/WBP_S08ArtTag mode=compact look=P1 shape=circle placement=above ring=0 order=1 bound=1 softPx2=0 planned=(396,458,480,480) frame=497 font=11
2026.10.06-03.41.45 SHOT widget id=board.tag.bar impl=umg state=compact fighter=f-0-sk1 bbox=(415,467,449,472) geom=painted visible=1 twin=0 source=/Game/S08/UI/ArtHud/WBP_S08ArtTag mode=compact look=P1 shape=circle placement=above ring=0 order=1 bound=1 softPx2=0 planned=(396,458,480,480) frame=497
2026.10.06-03.41.45 SHOT widget id=board.tag.chip impl=umg state=compact fighter=f-0-sk1 bbox=(400,463,412,475) geom=painted visible=1 twin=0 source=/Game/S08/UI/ArtHud/WBP_S08ArtTag mode=compact look=P1 shape=circle placement=above ring=0 order=1 bound=1 softPx2=0 planned=(396,458,480,480) frame=497
2026.10.06-03.41.45 SHOT widget id=board.tag impl=umg state=compact fighter=f-0-sk2 bbox=(308,584,392,606) geom=painted visible=1 twin=0 source=/Game/S08/UI/ArtHud/WBP_S08ArtTag mode=compact look=P1 shape=circle placement=left ring=0 order=4 bound=1 softPx2=0 planned=(308,584,392,606) frame=497
2026.10.06-03.41.45 SHOT widget id=board.tag.hp impl=umg state=compact fighter=f-0-sk2 bbox=(364,586,388,604) geom=painted visible=1 twin=0 source=/Game/S08/UI/ArtHud/WBP_S08ArtTag mode=compact look=P1 shape=circle placement=left ring=0 order=4 bound=1 softPx2=0 planned=(308,584,392,606) frame=497 font=11
2026.10.06-03.41.45 SHOT widget id=board.tag.bar impl=umg state=compact fighter=f-0-sk2 bbox=(327,593,361,598) geom=painted visible=1 twin=0 source=/Game/S08/UI/ArtHud/WBP_S08ArtTag mode=compact look=P1 shape=circle placement=left ring=0 order=4 bound=1 softPx2=0 planned=(308,584,392,606) frame=497
2026.10.06-03.41.45 SHOT widget id=board.tag.chip impl=umg state=compact fighter=f-0-sk2 bbox=(312,589,324,601) geom=painted visible=1 twin=0 source=/Game/S08/UI/ArtHud/WBP_S08ArtTag mode=compact look=P1 shape=circle placement=left ring=0 order=4 bound=1 softPx2=0 planned=(308,584,392,606) frame=497
2026.10.06-03.41.45 SHOT widget id=board.tag impl=umg state=compact fighter=f-1-hero bbox=(1072,730,1174,752) geom=painted visible=1 twin=0 source=/Game/S08/UI/ArtHud/WBP_S08ArtTag mode=compact look=P2 shape=hex placement=below ring=0 order=0 bound=1 softPx2=0 planned=(1072,730,1174,752) frame=497
2026.10.06-03.41.45 SHOT widget id=board.tag.hp impl=umg state=compact fighter=f-1-hero bbox=(1128,732,1170,750) geom=painted visible=1 twin=0 source=/Game/S08/UI/ArtHud/WBP_S08ArtTag mode=compact look=P2 shape=hex placement=below ring=0 order=0 bound=1 softPx2=0 planned=(1072,730,1174,752) frame=497 font=11
2026.10.06-03.41.45 SHOT widget id=board.tag.bar impl=umg state=compact fighter=f-1-hero bbox=(1091,739,1125,744) geom=painted visible=1 twin=0 source=/Game/S08/UI/ArtHud/WBP_S08ArtTag mode=compact look=P2 shape=hex placement=below ring=0 order=0 bound=1 softPx2=0 planned=(1072,730,1174,752) frame=497
2026.10.06-03.41.45 SHOT widget id=board.tag.chip impl=umg state=compact fighter=f-1-hero bbox=(1076,735,1088,747) geom=painted visible=1 twin=0 source=/Game/S08/UI/ArtHud/WBP_S08ArtTag mode=compact look=P2 shape=hex placement=below ring=0 order=0 bound=1 softPx2=0 planned=(1072,730,1174,752) frame=497
2026.10.06-03.41.45 SHOT widget id=board.tag impl=umg state=compact fighter=f-1-sk0 bbox=(1130,510,1214,532) geom=painted visible=1 twin=0 source=/Game/S08/UI/ArtHud/WBP_S08ArtTag mode=compact look=P2 shape=hex placement=above ring=0 order=3 bound=1 softPx2=0 planned=(1130,510,1214,532) frame=497
2026.10.06-03.41.45 SHOT widget id=board.tag.hp impl=umg state=compact fighter=f-1-sk0 bbox=(1186,512,1210,530) geom=painted visible=1 twin=0 source=/Game/S08/UI/ArtHud/WBP_S08ArtTag mode=compact look=P2 shape=hex placement=above ring=0 order=3 bound=1 softPx2=0 planned=(1130,510,1214,532) frame=497 font=11
2026.10.06-03.41.45 SHOT widget id=board.tag.bar impl=umg state=compact fighter=f-1-sk0 bbox=(1149,519,1183,524) geom=painted visible=1 twin=0 source=/Game/S08/UI/ArtHud/WBP_S08ArtTag mode=compact look=P2 shape=hex placement=above ring=0 order=3 bound=1 softPx2=0 planned=(1130,510,1214,532) frame=497
2026.10.06-03.41.45 SHOT widget id=board.tag.chip impl=umg state=compact fighter=f-1-sk0 bbox=(1134,515,1146,527) geom=painted visible=1 twin=0 source=/Game/S08/UI/ArtHud/WBP_S08ArtTag mode=compact look=P2 shape=hex placement=above ring=0 order=3 bound=1 softPx2=0 planned=(1130,510,1214,532) frame=497
2026.10.06-03.41.45 SHOT panel id=hud.command bbox=(0,0,698,278) geom=painted visible=1 frame=497
2026.10.06-03.41.45 SHOT panel id=hud.side bbox=(1442,0,1920,179) geom=painted visible=1 frame=497
2026.10.06-03.41.45 SHOT panel id=hud.hand bbox=(525,929,1395,1080) geom=painted visible=1 frame=497
2026.10.06-03.41.45 SHOT late end file=s09-deck-opp.png frame=497
2026.10.06-03.41.45 game -> room=cmuw4tbs005wpt84mulgi3nuk code=<redacted> status=IN_PROGRESS
2026.10.06-03.41.47 VO event=MATCH-START speaker=MEDUSA t=20283 result=skipped line=- prio=2 reason=chance
2026.10.06-03.41.48 SNAPSHOT applied seq=7 phase=ACTION_MANEUVER
2026.10.06-03.41.48 HANDLE_APPLIED #8 seq=7 decision=2 fightersValid=1 boardValid=1
2026.10.06-03.41.48 COMBAT-RESULT seq=7 damage=4 role=defended
2026.10.06-03.41.48 COMBAT-LOG seq=7 log=7 n=1 entries=2 lines=2 src=log outcomes=APPLIED:1,CHOICE:1
2026.10.06-03.41.48 AUDIO combat seq=7 boosts=0 cancelled=0 own=1 fizzle=0
2026.10.06-03.41.48 CUE combat seq=7 stage=start t=20883 attacker=f-0-hero target=f-1-hero text=1 lines=2 damage=4 lethal=0 shown=0 speed=1.00 flip=620 contact=333 src=notify a=3 d=1 outcome=win
2026.10.06-03.41.48 CUE fx id=CUE-010 subject=scene seq=7 t=20883 vfx=none sfx=missing clip=none mat=none socket=- reduced=0 result=fallback
2026.10.06-03.41.48 CUE sound id=CUE-010 point=cue subject=card.attack seq=7 t=20883 event_t=20883 dt=0 class=SFX sound=SW_CRD_FLIP_01 gain=0.80 result=played
2026.10.06-03.41.48 CUE sound id=CUE-010 point=cue subject=card.defense seq=7 t=20883 event_t=20883 dt=0 class=SFX sound=SW_CRD_FLIP_03 gain=0.80 result=played
2026.10.06-03.41.48 S09AUTO combat-result shot
2026.10.06-03.41.48 SHOT ctx viewport=1920x1080 viewTarget=CameraActor_2147482025 cam=(0,1342,1917) rot=(-55,-90,0)
2026.10.06-03.41.48 RENDER tag=SHOT rhi=D3D12 featureLevel=SM6 shaderPlatform=PCD3D_SM6 lumenPlatform=1 gi=lumen giMethod=1 refl=lumen reflMethod=1 shadows=csm vsmEnable=0 sg.res=100 sg.view=2 sg.aa=2 sg.shadow=2 sg.gi=2 sg.refl=2 sg.pp=2 sg.tex=2 sg.fx=2 sg.foliage=2 sg.shading=2 sg.landscape=2 preset=High screenPct=100.0 screenPctMode=0 aa=TSR aaMethod=4 exposure=fixed-histogram expMin=4.14106 expMax=4.14106 expBias=0.000 ev100=2.05 lightUnits=candelas sky=1 skyIntensity=3.000 keyShadow=csm-3600uu-2c-contact0.000 shadowCasters=1 profile=sarpedon-night profilesSha256=0a3417258f46ad3d99620bcbabd1b37615192b7a59f090c77515189845b33bb7 profilesSource=pak legacyRender=0 gameLayer=unlit-eyeadaptinv tMaxFPS=30.0 vsync=0 frameRateLimit=60.0 substrate=0 nanite=1 meshDF=1 viewport=1920x1080 reference=1
2026.10.06-03.41.48 SHOT fighter f-0-hero pos=(4,4) world=(16,189,0) screen=(982,752) projected=1 alive=1
2026.10.06-03.41.48 SHOT fighter f-0-sk0 pos=(1,3) world=(-309,33,0) screen=(555,576) projected=1 alive=1
2026.10.06-03.41.48 SHOT fighter f-0-sk1 pos=(0,2) world=(-398,-3,0) screen=(442,537) projected=1 alive=1
2026.10.06-03.41.48 SHOT fighter f-0-sk2 pos=(0,3) world=(-394,92,0) screen=(435,640) projected=1 alive=1
2026.10.06-03.41.48 SHOT fighter f-1-hero pos=(5,4) world=(119,141,0) screen=(1120,695) projected=1 alive=1
2026.10.06-03.41.48 SHOT fighter f-1-sk0 pos=(6,3) world=(159,52,0) screen=(1169,596) projected=1 alive=1
2026.10.06-03.41.48 SHOT camera dist=2340.2 target=2340.2 overview=2340.2 errPct=0.000 focusErr=0.00 settled=1 zoom=1.00
2026.10.06-03.41.48 SHOT head fighter=f-0-hero socket=Head mesh=SK_Medusa_H2LD world=(15.7,188.2,47.0) screen=(981.7,716.6) top=(981.8,712.2) bottom=(981.7,720.9) headPx=8.8 projected=1
2026.10.06-03.41.48 SHOT head fighter=f-0-sk0 socket=Head mesh=SK_Harpy_H3LD world=(-308.5,28.4,34.3) screen=(550.9,544.8) top=(550.0,540.2) bottom=(551.7,549.3) headPx=9.3 projected=1
2026.10.06-03.41.48 SHOT head fighter=f-0-sk1 socket=Head mesh=SK_Harpy_H3LD world=(-399.1,2.6,34.0) screen=(434.2,517.2) top=(433.1,512.6) bottom=(435.3,521.8) headPx=9.4 projected=1
2026.10.06-03.41.48 SHOT head fighter=f-0-sk2 socket=Head mesh=SK_Harpy_H3LD world=(-394.2,86.7,33.9) screen=(429.5,609.3) top=(428.4,604.8) bottom=(430.7,613.8) headPx=9.3 projected=1
2026.10.06-03.41.48 SHOT head fighter=f-1-hero socket=Head mesh=SK_KingArthur_H2LD world=(118.5,139.9,50.1) screen=(1122.5,657.8) top=(1122.9,653.4) bottom=(1122.2,662.3) headPx=9.0 projected=1
2026.10.06-03.41.48 SHOT head fighter=f-1-sk0 socket=Head mesh=SK_Merlin_H2LD world=(159.2,48.8,36.5) screen=(1172.4,565.3) top=(1172.9,560.8) bottom=(1172.0,569.9) headPx=9.1 projected=1
2026.10.06-03.41.48 SHOT figure fighter=f-0-hero bbox=(943,678,1023,785) ringR=28.50 art=1 blockout=0 team=P1 look=P1 ring=1
2026.10.06-03.41.48 SHOT figure fighter=f-0-sk0 bbox=(516,520,586,600) ringR=22.23 art=1 blockout=0 team=P1 look=P1 ring=1
2026.10.06-03.41.48 SHOT figure fighter=f-0-sk1 bbox=(402,482,474,561) ringR=22.23 art=1 blockout=0 team=P1 look=P1 ring=1
2026.10.06-03.41.48 SHOT figure fighter=f-0-sk2 bbox=(394,584,467,665) ringR=22.23 art=1 blockout=0 team=P1 look=P1 ring=1
2026.10.06-03.41.48 SHOT figure fighter=f-1-hero bbox=(1081,619,1165,728) ringR=28.50 art=1 blockout=0 team=P2 look=P2 ring=1
2026.10.06-03.41.48 SHOT figure fighter=f-1-sk0 bbox=(1139,534,1204,620) ringR=22.23 art=1 blockout=0 team=P2 look=P2 ring=1
2026.10.06-03.41.48 SHOT request file=s09-combat-result.png frame=582
2026.10.06-03.41.48 SHOT requested: FScreenshotRequest(bShowUI) -> C:\Users\ren\AppData\Local\Temp\s09-combat-20261006-084119-39652\joiner/s09-combat-result.png
2026.10.06-03.41.48 RESOLVE panel revealed: A3+B0 vs D1
2026.10.06-03.41.48 closed mode=
2026.10.06-03.41.48 TURN-INPUT open seq=7 frame=582 gate=none
2026.10.06-03.41.48 MODE seq=7 mode=0 combat=0 pending=0
2026.10.06-03.41.48 MS-OPP verb=none seq=7
2026.10.06-03.41.48 MS-TRACK own=0/2 opp=0/2 oppVisible=0 seq=7
2026.10.06-03.41.48 MS-LAST fade seq=3 at=7 ms=300
2026.10.06-03.41.48 CUE sound id=CUE-015 point=turn subject=- seq=7 t=20883 event_t=20883 dt=0 class=UI sound=SW_UI_TURN_CHIME_01 gain=0.80 result=played turn=own
2026.10.06-03.41.48 HUD-TURN seq=7 turn=own initial=0 ring=marker-turn-ring flash=1000 banner=600 reduced=0
2026.10.06-03.41.48 CUE sound id=CUE-005 point=cue subject=hand.own seq=7 t=20883 event_t=20883 dt=0 class=SFX sound=SW_CRD_DRAW_01 gain=0.80 result=played
2026.10.06-03.41.48 HUD seq=7 phase=ACTION_MANEUVER turn=you hand=5 oppHand=4(hidden) oppDeck=24~ deck=25~ discard=1
2026.10.06-03.41.48 DECK panel close side=opp t=20883 fade=150 why=input:turn
2026.10.06-03.41.48 DECK model side=opp list=1 kinds=11 copies=30 deck=24~ discard=2 backs=4 inDiscard=2
2026.10.06-03.41.48 MS-STATUS seq=7 text="Choose an action: maneuver (M), attack (A) or scheme (G)"
2026.10.06-03.41.48 ARTPREVIEW fighter=Medusa hero=1 eligible=0 visual=1 mesh=SK_Medusa_H2LD
2026.10.06-03.41.48 FIGHTERS synced n=6 alive=6 own=2 enemy=4
2026.10.06-03.41.48 CUE damage f-1-hero -4 seq=7 staged=contact
2026.10.06-03.41.48 WS seq=7 phase=ACTION_MANEUVER (apply)
2026.10.06-03.41.48 SHOT late begin file=s09-combat-result.png frame=582 requestFrame=582
2026.10.06-03.41.48 SHOT icon fighter=f-1-hero bbox=(1168,641,1200,673) size=32 src=combat planned=(1168,641,1200,673) geom=painted visible=1 anchor=right fallback=0 overlapPx2=0 texture=/Game/S08/UI/IconsV3/T_IV3_action_attack_token_32.T_IV3_action_attack_token_32 frame=582
2026.10.06-03.41.48 SHOT widget id=icon impl=umg-motion state=combat fighter=f-1-hero bbox=(1168,641,1200,673) geom=painted visible=1 twin=0 source=S08AnimatedIconWidget:action-attack-token frame=582
2026.10.06-03.41.48 SHOT widget id=board.tag impl=umg state=compact fighter=f-0-hero bbox=(932,654,1034,676) geom=painted visible=1 twin=0 source=/Game/S08/UI/ArtHud/WBP_S08ArtTag mode=compact look=P1 shape=circle placement=above ring=0 order=5 bound=1 softPx2=0 planned=(932,654,1034,676) frame=582
2026.10.06-03.41.48 SHOT widget id=board.tag.hp impl=umg state=compact fighter=f-0-hero bbox=(988,656,1030,674) geom=painted visible=1 twin=0 source=/Game/S08/UI/ArtHud/WBP_S08ArtTag mode=compact look=P1 shape=circle placement=above ring=0 order=5 bound=1 softPx2=0 planned=(932,654,1034,676) frame=582 font=11
2026.10.06-03.41.48 SHOT widget id=board.tag.bar impl=umg state=compact fighter=f-0-hero bbox=(951,663,985,668) geom=painted visible=1 twin=0 source=/Game/S08/UI/ArtHud/WBP_S08ArtTag mode=compact look=P1 shape=circle placement=above ring=0 order=5 bound=1 softPx2=0 planned=(932,654,1034,676) frame=582
2026.10.06-03.41.48 SHOT widget id=board.tag.chip impl=umg state=compact fighter=f-0-hero bbox=(936,659,948,671) geom=painted visible=1 twin=0 source=/Game/S08/UI/ArtHud/WBP_S08ArtTag mode=compact look=P1 shape=circle placement=above ring=0 order=5 bound=1 softPx2=0 planned=(932,654,1034,676) frame=582
2026.10.06-03.41.48 SHOT widget id=board.tag impl=umg state=compact fighter=f-0-sk0 bbox=(509,496,593,518) geom=painted visible=1 twin=0 source=/Game/S08/UI/ArtHud/WBP_S08ArtTag mode=compact look=P1 shape=circle placement=above ring=0 order=2 bound=1 softPx2=0 planned=(509,496,593,518) frame=582
2026.10.06-03.41.48 SHOT widget id=board.tag.hp impl=umg state=compact fighter=f-0-sk0 bbox=(565,498,589,516) geom=painted visible=1 twin=0 source=/Game/S08/UI/ArtHud/WBP_S08ArtTag mode=compact look=P1 shape=circle placement=above ring=0 order=2 bound=1 softPx2=0 planned=(509,496,593,518) frame=582 font=11
2026.10.06-03.41.48 SHOT widget id=board.tag.bar impl=umg state=compact fighter=f-0-sk0 bbox=(528,505,562,510) geom=painted visible=1 twin=0 source=/Game/S08/UI/ArtHud/WBP_S08ArtTag mode=compact look=P1 shape=circle placement=above ring=0 order=2 bound=1 softPx2=0 planned=(509,496,593,518) frame=582
2026.10.06-03.41.48 SHOT widget id=board.tag.chip impl=umg state=compact fighter=f-0-sk0 bbox=(513,501,525,513) geom=painted visible=1 twin=0 source=/Game/S08/UI/ArtHud/WBP_S08ArtTag mode=compact look=P1 shape=circle placement=above ring=0 order=2 bound=1 softPx2=0 planned=(509,496,593,518) frame=582
2026.10.06-03.41.48 SHOT widget id=board.tag impl=umg state=compact fighter=f-0-sk1 bbox=(396,458,480,480) geom=painted visible=1 twin=0 source=/Game/S08/UI/ArtHud/WBP_S08ArtTag mode=compact look=P1 shape=circle placement=above ring=0 order=1 bound=1 softPx2=0 planned=(396,458,480,480) frame=582
2026.10.06-03.41.48 SHOT widget id=board.tag.hp impl=umg state=compact fighter=f-0-sk1 bbox=(452,460,476,478) geom=painted visible=1 twin=0 source=/Game/S08/UI/ArtHud/WBP_S08ArtTag mode=compact look=P1 shape=circle placement=above ring=0 order=1 bound=1 softPx2=0 planned=(396,458,480,480) frame=582 font=11
2026.10.06-03.41.48 SHOT widget id=board.tag.bar impl=umg state=compact fighter=f-0-sk1 bbox=(415,467,449,472) geom=painted visible=1 twin=0 source=/Game/S08/UI/ArtHud/WBP_S08ArtTag mode=compact look=P1 shape=circle placement=above ring=0 order=1 bound=1 softPx2=0 planned=(396,458,480,480) frame=582
2026.10.06-03.41.48 SHOT widget id=board.tag.chip impl=umg state=compact fighter=f-0-sk1 bbox=(400,463,412,475) geom=painted visible=1 twin=0 source=/Game/S08/UI/ArtHud/WBP_S08ArtTag mode=compact look=P1 shape=circle placement=above ring=0 order=1 bound=1 softPx2=0 planned=(396,458,480,480) frame=582
2026.10.06-03.41.48 SHOT widget id=board.tag impl=umg state=compact fighter=f-0-sk2 bbox=(308,584,392,606) geom=painted visible=1 twin=0 source=/Game/S08/UI/ArtHud/WBP_S08ArtTag mode=compact look=P1 shape=circle placement=left ring=0 order=4 bound=1 softPx2=0 planned=(308,584,392,606) frame=582
2026.10.06-03.41.48 SHOT widget id=board.tag.hp impl=umg state=compact fighter=f-0-sk2 bbox=(364,586,388,604) geom=painted visible=1 twin=0 source=/Game/S08/UI/ArtHud/WBP_S08ArtTag mode=compact look=P1 shape=circle placement=left ring=0 order=4 bound=1 softPx2=0 planned=(308,584,392,606) frame=582 font=11
2026.10.06-03.41.48 SHOT widget id=board.tag.bar impl=umg state=compact fighter=f-0-sk2 bbox=(327,593,361,598) geom=painted visible=1 twin=0 source=/Game/S08/UI/ArtHud/WBP_S08ArtTag mode=compact look=P1 shape=circle placement=left ring=0 order=4 bound=1 softPx2=0 planned=(308,584,392,606) frame=582
2026.10.06-03.41.48 SHOT widget id=board.tag.chip impl=umg state=compact fighter=f-0-sk2 bbox=(312,589,324,601) geom=painted visible=1 twin=0 source=/Game/S08/UI/ArtHud/WBP_S08ArtTag mode=compact look=P1 shape=circle placement=left ring=0 order=4 bound=1 softPx2=0 planned=(308,584,392,606) frame=582
2026.10.06-03.41.48 SHOT widget id=board.tag impl=umg state=compact fighter=f-1-hero bbox=(1072,730,1174,752) geom=painted visible=1 twin=0 source=/Game/S08/UI/ArtHud/WBP_S08ArtTag mode=compact look=P2 shape=hex placement=below ring=0 order=0 bound=1 softPx2=0 planned=(1072,730,1174,752) frame=582
2026.10.06-03.41.48 SHOT widget id=board.tag.hp impl=umg state=compact fighter=f-1-hero bbox=(1128,732,1170,750) geom=painted visible=1 twin=0 source=/Game/S08/UI/ArtHud/WBP_S08ArtTag mode=compact look=P2 shape=hex placement=below ring=0 order=0 bound=1 softPx2=0 planned=(1072,730,1174,752) frame=582 font=11
2026.10.06-03.41.48 SHOT widget id=board.tag.bar impl=umg state=compact fighter=f-1-hero bbox=(1091,739,1125,744) geom=painted visible=1 twin=0 source=/Game/S08/UI/ArtHud/WBP_S08ArtTag mode=compact look=P2 shape=hex placement=below ring=0 order=0 bound=1 softPx2=0 planned=(1072,730,1174,752) frame=582
2026.10.06-03.41.48 SHOT widget id=board.tag.chip impl=umg state=compact fighter=f-1-hero bbox=(1076,735,1088,747) geom=painted visible=1 twin=0 source=/Game/S08/UI/ArtHud/WBP_S08ArtTag mode=compact look=P2 shape=hex placement=below ring=0 order=0 bound=1 softPx2=0 planned=(1072,730,1174,752) frame=582
2026.10.06-03.41.48 SHOT widget id=board.tag impl=umg state=compact fighter=f-1-sk0 bbox=(1130,510,1214,532) geom=painted visible=1 twin=0 source=/Game/S08/UI/ArtHud/WBP_S08ArtTag mode=compact look=P2 shape=hex placement=above ring=0 order=3 bound=1 softPx2=0 planned=(1130,510,1214,532) frame=582
2026.10.06-03.41.48 SHOT widget id=board.tag.hp impl=umg state=compact fighter=f-1-sk0 bbox=(1186,512,1210,530) geom=painted visible=1 twin=0 source=/Game/S08/UI/ArtHud/WBP_S08ArtTag mode=compact look=P2 shape=hex placement=above ring=0 order=3 bound=1 softPx2=0 planned=(1130,510,1214,532) frame=582 font=11
2026.10.06-03.41.48 SHOT widget id=board.tag.bar impl=umg state=compact fighter=f-1-sk0 bbox=(1149,519,1183,524) geom=painted visible=1 twin=0 source=/Game/S08/UI/ArtHud/WBP_S08ArtTag mode=compact look=P2 shape=hex placement=above ring=0 order=3 bound=1 softPx2=0 planned=(1130,510,1214,532) frame=582
2026.10.06-03.41.48 SHOT widget id=board.tag.chip impl=umg state=compact fighter=f-1-sk0 bbox=(1134,515,1146,527) geom=painted visible=1 twin=0 source=/Game/S08/UI/ArtHud/WBP_S08ArtTag mode=compact look=P2 shape=hex placement=above ring=0 order=3 bound=1 softPx2=0 planned=(1130,510,1214,532) frame=582
2026.10.06-03.41.48 SHOT panel id=hud.command bbox=(0,0,698,278) geom=painted visible=1 frame=582
2026.10.06-03.41.48 SHOT panel id=hud.side bbox=(1442,0,1920,179) geom=painted visible=1 frame=582
2026.10.06-03.41.48 SHOT panel id=hud.hand bbox=(525,929,1395,1080) geom=painted visible=1 frame=582
2026.10.06-03.41.48 SHOT late end file=s09-combat-result.png frame=582
2026.10.06-03.41.48 SFX bank=UI-PANEL-CLOSE tag=panel class=UI t=20917 sound=SW_UI_PANEL_CLOSE_01 gain=0.80
2026.10.06-03.41.48 HUD-TRACK own=0/2 server=0 local=0 opp=0/2 oppVisible=0 anim=reset/reset seq=7 frame=583
2026.10.06-03.41.48 SHOT captured file=s09-combat-result.png frame=583 px=1920x1080 sha256=748ffca12aa28aecb5fcbdeb0d9ad3bc85060edb1a73191d8049ce4ee1a0e58f order=BGRA saved=1
2026.10.06-03.41.48 SHOT late begin file=s09-combat-result.png frame=583 requestFrame=582
2026.10.06-03.41.48 SHOT icon fighter=f-1-hero bbox=(1168,641,1200,673) size=32 src=combat planned=(1168,641,1200,673) geom=painted visible=1 anchor=right fallback=0 overlapPx2=0 texture=/Game/S08/UI/IconsV3/T_IV3_action_attack_token_32.T_IV3_action_attack_token_32 frame=583
2026.10.06-03.41.48 SHOT widget id=icon impl=umg-motion state=combat fighter=f-1-hero bbox=(1168,641,1200,673) geom=painted visible=1 twin=0 source=S08AnimatedIconWidget:action-attack-token frame=583
2026.10.06-03.41.48 SHOT widget id=board.tag impl=umg state=compact fighter=f-0-hero bbox=(932,654,1034,676) geom=painted visible=1 twin=0 source=/Game/S08/UI/ArtHud/WBP_S08ArtTag mode=compact look=P1 shape=circle placement=above ring=0 order=5 bound=1 softPx2=0 planned=(932,654,1034,676) frame=583
2026.10.06-03.41.48 SHOT widget id=board.tag.hp impl=umg state=compact fighter=f-0-hero bbox=(988,656,1030,674) geom=painted visible=1 twin=0 source=/Game/S08/UI/ArtHud/WBP_S08ArtTag mode=compact look=P1 shape=circle placement=above ring=0 order=5 bound=1 softPx2=0 planned=(932,654,1034,676) frame=583 font=11
2026.10.06-03.41.48 SHOT widget id=board.tag.bar impl=umg state=compact fighter=f-0-hero bbox=(951,663,985,668) geom=painted visible=1 twin=0 source=/Game/S08/UI/ArtHud/WBP_S08ArtTag mode=compact look=P1 shape=circle placement=above ring=0 order=5 bound=1 softPx2=0 planned=(932,654,1034,676) frame=583
2026.10.06-03.41.48 SHOT widget id=board.tag.chip impl=umg state=compact fighter=f-0-hero bbox=(936,659,948,671) geom=painted visible=1 twin=0 source=/Game/S08/UI/ArtHud/WBP_S08ArtTag mode=compact look=P1 shape=circle placement=above ring=0 order=5 bound=1 softPx2=0 planned=(932,654,1034,676) frame=583
2026.10.06-03.41.48 SHOT widget id=board.tag impl=umg state=compact fighter=f-0-sk0 bbox=(509,496,593,518) geom=painted visible=1 twin=0 source=/Game/S08/UI/ArtHud/WBP_S08ArtTag mode=compact look=P1 shape=circle placement=above ring=0 order=2 bound=1 softPx2=0 planned=(509,496,593,518) frame=583
2026.10.06-03.41.48 SHOT widget id=board.tag.hp impl=umg state=compact fighter=f-0-sk0 bbox=(565,498,589,516) geom=painted visible=1 twin=0 source=/Game/S08/UI/ArtHud/WBP_S08ArtTag mode=compact look=P1 shape=circle placement=above ring=0 order=2 bound=1 softPx2=0 planned=(509,496,593,518) frame=583 font=11
2026.10.06-03.41.48 SHOT widget id=board.tag.bar impl=umg state=compact fighter=f-0-sk0 bbox=(528,505,562,510) geom=painted visible=1 twin=0 source=/Game/S08/UI/ArtHud/WBP_S08ArtTag mode=compact look=P1 shape=circle placement=above ring=0 order=2 bound=1 softPx2=0 planned=(509,496,593,518) frame=583
2026.10.06-03.41.48 SHOT widget id=board.tag.chip impl=umg state=compact fighter=f-0-sk0 bbox=(513,501,525,513) geom=painted visible=1 twin=0 source=/Game/S08/UI/ArtHud/WBP_S08ArtTag mode=compact look=P1 shape=circle placement=above ring=0 order=2 bound=1 softPx2=0 planned=(509,496,593,518) frame=583
2026.10.06-03.41.48 SHOT widget id=board.tag impl=umg state=compact fighter=f-0-sk1 bbox=(396,458,480,480) geom=painted visible=1 twin=0 source=/Game/S08/UI/ArtHud/WBP_S08ArtTag mode=compact look=P1 shape=circle placement=above ring=0 order=1 bound=1 softPx2=0 planned=(396,458,480,480) frame=583
2026.10.06-03.41.48 SHOT widget id=board.tag.hp impl=umg state=compact fighter=f-0-sk1 bbox=(452,460,476,478) geom=painted visible=1 twin=0 source=/Game/S08/UI/ArtHud/WBP_S08ArtTag mode=compact look=P1 shape=circle placement=above ring=0 order=1 bound=1 softPx2=0 planned=(396,458,480,480) frame=583 font=11
2026.10.06-03.41.48 SHOT widget id=board.tag.bar impl=umg state=compact fighter=f-0-sk1 bbox=(415,467,449,472) geom=painted visible=1 twin=0 source=/Game/S08/UI/ArtHud/WBP_S08ArtTag mode=compact look=P1 shape=circle placement=above ring=0 order=1 bound=1 softPx2=0 planned=(396,458,480,480) frame=583
2026.10.06-03.41.48 SHOT widget id=board.tag.chip impl=umg state=compact fighter=f-0-sk1 bbox=(400,463,412,475) geom=painted visible=1 twin=0 source=/Game/S08/UI/ArtHud/WBP_S08ArtTag mode=compact look=P1 shape=circle placement=above ring=0 order=1 bound=1 softPx2=0 planned=(396,458,480,480) frame=583
2026.10.06-03.41.48 SHOT widget id=board.tag impl=umg state=compact fighter=f-0-sk2 bbox=(308,584,392,606) geom=painted visible=1 twin=0 source=/Game/S08/UI/ArtHud/WBP_S08ArtTag mode=compact look=P1 shape=circle placement=left ring=0 order=4 bound=1 softPx2=0 planned=(308,584,392,606) frame=583
2026.10.06-03.41.48 SHOT widget id=board.tag.hp impl=umg state=compact fighter=f-0-sk2 bbox=(364,586,388,604) geom=painted visible=1 twin=0 source=/Game/S08/UI/ArtHud/WBP_S08ArtTag mode=compact look=P1 shape=circle placement=left ring=0 order=4 bound=1 softPx2=0 planned=(308,584,392,606) frame=583 font=11
2026.10.06-03.41.48 SHOT widget id=board.tag.bar impl=umg state=compact fighter=f-0-sk2 bbox=(327,593,361,598) geom=painted visible=1 twin=0 source=/Game/S08/UI/ArtHud/WBP_S08ArtTag mode=compact look=P1 shape=circle placement=left ring=0 order=4 bound=1 softPx2=0 planned=(308,584,392,606) frame=583
2026.10.06-03.41.48 SHOT widget id=board.tag.chip impl=umg state=compact fighter=f-0-sk2 bbox=(312,589,324,601) geom=painted visible=1 twin=0 source=/Game/S08/UI/ArtHud/WBP_S08ArtTag mode=compact look=P1 shape=circle placement=left ring=0 order=4 bound=1 softPx2=0 planned=(308,584,392,606) frame=583
2026.10.06-03.41.48 SHOT widget id=board.tag impl=umg state=compact fighter=f-1-hero bbox=(1072,730,1174,752) geom=painted visible=1 twin=0 source=/Game/S08/UI/ArtHud/WBP_S08ArtTag mode=compact look=P2 shape=hex placement=below ring=0 order=0 bound=1 softPx2=0 planned=(1072,730,1174,752) frame=583
2026.10.06-03.41.48 SHOT widget id=board.tag.hp impl=umg state=compact fighter=f-1-hero bbox=(1128,732,1170,750) geom=painted visible=1 twin=0 source=/Game/S08/UI/ArtHud/WBP_S08ArtTag mode=compact look=P2 shape=hex placement=below ring=0 order=0 bound=1 softPx2=0 planned=(1072,730,1174,752) frame=583 font=11
2026.10.06-03.41.48 SHOT widget id=board.tag.bar impl=umg state=compact fighter=f-1-hero bbox=(1091,739,1125,744) geom=painted visible=1 twin=0 source=/Game/S08/UI/ArtHud/WBP_S08ArtTag mode=compact look=P2 shape=hex placement=below ring=0 order=0 bound=1 softPx2=0 planned=(1072,730,1174,752) frame=583
2026.10.06-03.41.48 SHOT widget id=board.tag.chip impl=umg state=compact fighter=f-1-hero bbox=(1076,735,1088,747) geom=painted visible=1 twin=0 source=/Game/S08/UI/ArtHud/WBP_S08ArtTag mode=compact look=P2 shape=hex placement=below ring=0 order=0 bound=1 softPx2=0 planned=(1072,730,1174,752) frame=583
2026.10.06-03.41.48 SHOT widget id=board.tag impl=umg state=compact fighter=f-1-sk0 bbox=(1130,510,1214,532) geom=painted visible=1 twin=0 source=/Game/S08/UI/ArtHud/WBP_S08ArtTag mode=compact look=P2 shape=hex placement=above ring=0 order=3 bound=1 softPx2=0 planned=(1130,510,1214,532) frame=583
2026.10.06-03.41.48 SHOT widget id=board.tag.hp impl=umg state=compact fighter=f-1-sk0 bbox=(1186,512,1210,530) geom=painted visible=1 twin=0 source=/Game/S08/UI/ArtHud/WBP_S08ArtTag mode=compact look=P2 shape=hex placement=above ring=0 order=3 bound=1 softPx2=0 planned=(1130,510,1214,532) frame=583 font=11
2026.10.06-03.41.48 SHOT widget id=board.tag.bar impl=umg state=compact fighter=f-1-sk0 bbox=(1149,519,1183,524) geom=painted visible=1 twin=0 source=/Game/S08/UI/ArtHud/WBP_S08ArtTag mode=compact look=P2 shape=hex placement=above ring=0 order=3 bound=1 softPx2=0 planned=(1130,510,1214,532) frame=583
2026.10.06-03.41.48 SHOT widget id=board.tag.chip impl=umg state=compact fighter=f-1-sk0 bbox=(1134,515,1146,527) geom=painted visible=1 twin=0 source=/Game/S08/UI/ArtHud/WBP_S08ArtTag mode=compact look=P2 shape=hex placement=above ring=0 order=3 bound=1 softPx2=0 planned=(1130,510,1214,532) frame=583
2026.10.06-03.41.48 SHOT panel id=hud.command bbox=(0,0,702,209) geom=painted visible=1 frame=583
2026.10.06-03.41.48 SHOT panel id=hud.side bbox=(1432,0,1920,153) geom=painted visible=1 frame=583
2026.10.06-03.41.48 SHOT panel id=hud.hand bbox=(372,929,1549,1080) geom=painted visible=1 frame=583
2026.10.06-03.41.48 SHOT late end file=s09-combat-result.png frame=583
2026.10.06-03.41.48 S09AUTO run-e shot s09-turn-banner.png
2026.10.06-03.41.48 SHOT ctx viewport=1920x1080 viewTarget=CameraActor_2147482025 cam=(0,1342,1917) rot=(-55,-90,0)
2026.10.06-03.41.48 RENDER tag=SHOT rhi=D3D12 featureLevel=SM6 shaderPlatform=PCD3D_SM6 lumenPlatform=1 gi=lumen giMethod=1 refl=lumen reflMethod=1 shadows=csm vsmEnable=0 sg.res=100 sg.view=2 sg.aa=2 sg.shadow=2 sg.gi=2 sg.refl=2 sg.pp=2 sg.tex=2 sg.fx=2 sg.foliage=2 sg.shading=2 sg.landscape=2 preset=High screenPct=100.0 screenPctMode=0 aa=TSR aaMethod=4 exposure=fixed-histogram expMin=4.14106 expMax=4.14106 expBias=0.000 ev100=2.05 lightUnits=candelas sky=1 skyIntensity=3.000 keyShadow=csm-3600uu-2c-contact0.000 shadowCasters=1 profile=sarpedon-night profilesSha256=0a3417258f46ad3d99620bcbabd1b37615192b7a59f090c77515189845b33bb7 profilesSource=pak legacyRender=0 gameLayer=unlit-eyeadaptinv tMaxFPS=30.0 vsync=0 frameRateLimit=60.0 substrate=0 nanite=1 meshDF=1 viewport=1920x1080 reference=1
2026.10.06-03.41.48 SHOT fighter f-0-hero pos=(4,4) world=(16,189,0) screen=(982,752) projected=1 alive=1
2026.10.06-03.41.48 SHOT fighter f-0-sk0 pos=(1,3) world=(-309,33,0) screen=(555,576) projected=1 alive=1
2026.10.06-03.41.48 SHOT fighter f-0-sk1 pos=(0,2) world=(-398,-3,0) screen=(442,537) projected=1 alive=1
2026.10.06-03.41.48 SHOT fighter f-0-sk2 pos=(0,3) world=(-394,92,0) screen=(435,640) projected=1 alive=1
2026.10.06-03.41.48 SHOT fighter f-1-hero pos=(5,4) world=(119,141,0) screen=(1120,695) projected=1 alive=1
2026.10.06-03.41.48 SHOT fighter f-1-sk0 pos=(6,3) world=(159,52,0) screen=(1169,596) projected=1 alive=1
2026.10.06-03.41.48 SHOT camera dist=2340.2 target=2340.2 overview=2340.2 errPct=0.000 focusErr=0.00 settled=1 zoom=1.00
2026.10.06-03.41.48 SHOT head fighter=f-0-hero socket=Head mesh=SK_Medusa_H2LD world=(15.7,188.2,47.0) screen=(981.8,716.5) top=(981.8,712.1) bottom=(981.7,720.9) headPx=8.8 projected=1
2026.10.06-03.41.48 SHOT head fighter=f-0-sk0 socket=Head mesh=SK_Harpy_H3LD world=(-308.5,28.4,34.3) screen=(550.9,544.7) top=(550.0,540.2) bottom=(551.8,549.3) headPx=9.3 projected=1
2026.10.06-03.41.48 SHOT head fighter=f-0-sk1 socket=Head mesh=SK_Harpy_H3LD world=(-399.0,2.6,34.0) screen=(434.2,517.2) top=(433.1,512.6) bottom=(435.4,521.8) headPx=9.4 projected=1
2026.10.06-03.41.48 SHOT head fighter=f-0-sk2 socket=Head mesh=SK_Harpy_H3LD world=(-394.3,86.7,34.0) screen=(429.5,609.3) top=(428.3,604.8) bottom=(430.6,613.8) headPx=9.3 projected=1
2026.10.06-03.41.48 SHOT head fighter=f-1-hero socket=Head mesh=SK_KingArthur_H2LD world=(118.4,139.9,50.1) screen=(1122.5,657.9) top=(1122.9,653.4) bottom=(1122.2,662.3) headPx=9.0 projected=1
2026.10.06-03.41.48 SHOT head fighter=f-1-sk0 socket=Head mesh=SK_Merlin_H2LD world=(159.2,48.8,36.5) screen=(1172.4,565.4) top=(1172.9,560.8) bottom=(1172.0,569.9) headPx=9.1 projected=1
2026.10.06-03.41.48 SHOT figure fighter=f-0-hero bbox=(943,678,1023,785) ringR=28.50 art=1 blockout=0 team=P1 look=P1 ring=1
2026.10.06-03.41.48 SHOT figure fighter=f-0-sk0 bbox=(516,520,586,600) ringR=22.23 art=1 blockout=0 team=P1 look=P1 ring=1
2026.10.06-03.41.48 SHOT figure fighter=f-0-sk1 bbox=(402,482,474,561) ringR=22.23 art=1 blockout=0 team=P1 look=P1 ring=1
2026.10.06-03.41.48 SHOT figure fighter=f-0-sk2 bbox=(394,584,467,665) ringR=22.23 art=1 blockout=0 team=P1 look=P1 ring=1
2026.10.06-03.41.48 SHOT figure fighter=f-1-hero bbox=(1081,619,1165,728) ringR=28.50 art=1 blockout=0 team=P2 look=P2 ring=1
2026.10.06-03.41.48 SHOT figure fighter=f-1-sk0 bbox=(1139,534,1204,620) ringR=22.23 art=1 blockout=0 team=P2 look=P2 ring=1
2026.10.06-03.41.48 SHOT request file=s09-turn-banner.png frame=584
2026.10.06-03.41.48 SHOT requested: FScreenshotRequest(bShowUI) -> C:\Users\ren\AppData\Local\Temp\s09-combat-20261006-084119-39652\joiner/s09-turn-banner.png
2026.10.06-03.41.48 S09AUTO drive mode=0 plan=[attack+abilityboost+scheme+storms+defend+resolve] phase=ACTION_MANEUVER turn=cmuhntiwu0001wib0z281rpa8
2026.10.06-03.41.48 S09AUTO own turn #0 (turnCount=2)
2026.10.06-03.41.48 S09AUTO ranged target attacker=f-1-sk0 at=S25 target=f-0-hero at=S35 via=shared-zone (not linked)
2026.10.06-03.41.48 S09AUTO attack (attacker=f-1-sk0 target-set card-set)
2026.10.06-03.41.48 ATTACK sent ability=none
2026.10.06-03.41.48 HUD-TRACK chosen=attack seq=7 spent=0
2026.10.06-03.41.48 ARTPREVIEW hero-light fighter=f-0-hero state=idle layers=2 lightsOn=2 keyCd=17.984 rimCd=1.528 mul=1.000 pulse=none
2026.10.06-03.41.48 ARTPREVIEW combat marker fighter=Medusa attacker=0 target=1 icon=1 targetMesh=SM_Marker_TargetRing iconMode=screen targetArcScaleXY=0.920
2026.10.06-03.41.48 ARTPREVIEW combat marker fighter=King Arthur attacker=0 target=0 icon=0 targetMesh=SM_Marker_TargetRing iconMode=screen targetArcScaleXY=0.920
2026.10.06-03.41.48 ARTPREVIEW hero-light fighter=f-1-sk0 state=active layers=2 lightsOn=2 keyCd=16.206 rimCd=1.377 mul=1.115 pulse=0.40Hz+-4%
2026.10.06-03.41.48 ARTPREVIEW combat marker fighter=Merlin attacker=1 target=0 icon=0 targetMesh=SM_Marker_TargetRing iconMode=screen targetArcScaleXY=0.718
2026.10.06-03.41.48 MS-STATUS seq=7 text="Syncing…"
2026.10.06-03.41.48 TOAST text="attack sent"
2026.10.06-03.41.48 TAG fighter=f-0-hero bbox=(932,654,1034,676) mode=compact look=P1 placement=above ring=0 hardPx2=0 softPx2=0 order=0 bound=1
2026.10.06-03.41.48 TAG fighter=f-0-sk0 bbox=(509,496,593,518) mode=compact look=P1 placement=above ring=0 hardPx2=0 softPx2=0 order=2 bound=1
2026.10.06-03.41.48 TAG fighter=f-0-sk1 bbox=(396,458,480,480) mode=compact look=P1 placement=above ring=0 hardPx2=0 softPx2=0 order=1 bound=1
2026.10.06-03.41.48 TAG fighter=f-0-sk2 bbox=(308,584,392,606) mode=compact look=P1 placement=left ring=0 hardPx2=0 softPx2=0 order=4 bound=1
2026.10.06-03.41.48 TAG fighter=f-1-hero bbox=(1072,730,1174,752) mode=compact look=P2 placement=below ring=0 hardPx2=0 softPx2=0 order=5 bound=1
2026.10.06-03.41.48 TAG fighter=f-1-sk0 bbox=(1130,510,1214,532) mode=compact look=P2 placement=above ring=0 hardPx2=0 softPx2=0 order=3 bound=1
2026.10.06-03.41.48 ICON fighter=f-0-hero bbox=(1026,700,1058,732) size=32 src=combat anchor=right fallback=0 overlapPx2=0 texture=/Game/S08/UI/IconsV3/T_IV3_action_attack_token_32.T_IV3_action_attack_token_32
2026.10.06-03.41.48 SHOT captured file=s09-turn-banner.png frame=584 px=1920x1080 sha256=29dd8af4281f8d1546766a6d4f52d51333f67a5c0aa01f95d444a56b926add83 order=BGRA saved=1
2026.10.06-03.41.48 SHOT late begin file=s09-turn-banner.png frame=584 requestFrame=584
2026.10.06-03.41.48 SHOT icon fighter=f-0-hero bbox=(1026,700,1058,732) size=32 src=combat planned=(1026,700,1058,732) geom=painted visible=1 anchor=right fallback=0 overlapPx2=0 texture=/Game/S08/UI/IconsV3/T_IV3_action_attack_token_32.T_IV3_action_attack_token_32 frame=584
2026.10.06-03.41.48 SHOT widget id=icon impl=umg-motion state=combat fighter=f-0-hero bbox=(1026,700,1058,732) geom=painted visible=1 twin=0 source=S08AnimatedIconWidget:action-attack-token frame=584
2026.10.06-03.41.48 SHOT widget id=board.tag impl=umg state=compact fighter=f-0-hero bbox=(932,654,1034,676) geom=painted visible=1 twin=0 source=/Game/S08/UI/ArtHud/WBP_S08ArtTag mode=compact look=P1 shape=circle placement=above ring=0 order=0 bound=1 softPx2=0 planned=(932,654,1034,676) frame=584
2026.10.06-03.41.48 SHOT widget id=board.tag.hp impl=umg state=compact fighter=f-0-hero bbox=(988,656,1030,674) geom=painted visible=1 twin=0 source=/Game/S08/UI/ArtHud/WBP_S08ArtTag mode=compact look=P1 shape=circle placement=above ring=0 order=0 bound=1 softPx2=0 planned=(932,654,1034,676) frame=584 font=11
2026.10.06-03.41.48 SHOT widget id=board.tag.bar impl=umg state=compact fighter=f-0-hero bbox=(951,663,985,668) geom=painted visible=1 twin=0 source=/Game/S08/UI/ArtHud/WBP_S08ArtTag mode=compact look=P1 shape=circle placement=above ring=0 order=0 bound=1 softPx2=0 planned=(932,654,1034,676) frame=584
2026.10.06-03.41.48 SHOT widget id=board.tag.chip impl=umg state=compact fighter=f-0-hero bbox=(936,659,948,671) geom=painted visible=1 twin=0 source=/Game/S08/UI/ArtHud/WBP_S08ArtTag mode=compact look=P1 shape=circle placement=above ring=0 order=0 bound=1 softPx2=0 planned=(932,654,1034,676) frame=584
2026.10.06-03.41.48 SHOT widget id=board.tag impl=umg state=compact fighter=f-0-sk0 bbox=(509,496,593,518) geom=painted visible=1 twin=0 source=/Game/S08/UI/ArtHud/WBP_S08ArtTag mode=compact look=P1 shape=circle placement=above ring=0 order=2 bound=1 softPx2=0 planned=(509,496,593,518) frame=584
2026.10.06-03.41.48 SHOT widget id=board.tag.hp impl=umg state=compact fighter=f-0-sk0 bbox=(565,498,589,516) geom=painted visible=1 twin=0 source=/Game/S08/UI/ArtHud/WBP_S08ArtTag mode=compact look=P1 shape=circle placement=above ring=0 order=2 bound=1 softPx2=0 planned=(509,496,593,518) frame=584 font=11
2026.10.06-03.41.48 SHOT widget id=board.tag.bar impl=umg state=compact fighter=f-0-sk0 bbox=(528,505,562,510) geom=painted visible=1 twin=0 source=/Game/S08/UI/ArtHud/WBP_S08ArtTag mode=compact look=P1 shape=circle placement=above ring=0 order=2 bound=1 softPx2=0 planned=(509,496,593,518) frame=584
2026.10.06-03.41.48 SHOT widget id=board.tag.chip impl=umg state=compact fighter=f-0-sk0 bbox=(513,501,525,513) geom=painted visible=1 twin=0 source=/Game/S08/UI/ArtHud/WBP_S08ArtTag mode=compact look=P1 shape=circle placement=above ring=0 order=2 bound=1 softPx2=0 planned=(509,496,593,518) frame=584
2026.10.06-03.41.48 SHOT widget id=board.tag impl=umg state=compact fighter=f-0-sk1 bbox=(396,458,480,480) geom=painted visible=1 twin=0 source=/Game/S08/UI/ArtHud/WBP_S08ArtTag mode=compact look=P1 shape=circle placement=above ring=0 order=1 bound=1 softPx2=0 planned=(396,458,480,480) frame=584
2026.10.06-03.41.48 SHOT widget id=board.tag.hp impl=umg state=compact fighter=f-0-sk1 bbox=(452,460,476,478) geom=painted visible=1 twin=0 source=/Game/S08/UI/ArtHud/WBP_S08ArtTag mode=compact look=P1 shape=circle placement=above ring=0 order=1 bound=1 softPx2=0 planned=(396,458,480,480) frame=584 font=11
2026.10.06-03.41.48 SHOT widget id=board.tag.bar impl=umg state=compact fighter=f-0-sk1 bbox=(415,467,449,472) geom=painted visible=1 twin=0 source=/Game/S08/UI/ArtHud/WBP_S08ArtTag mode=compact look=P1 shape=circle placement=above ring=0 order=1 bound=1 softPx2=0 planned=(396,458,480,480) frame=584
2026.10.06-03.41.48 SHOT widget id=board.tag.chip impl=umg state=compact fighter=f-0-sk1 bbox=(400,463,412,475) geom=painted visible=1 twin=0 source=/Game/S08/UI/ArtHud/WBP_S08ArtTag mode=compact look=P1 shape=circle placement=above ring=0 order=1 bound=1 softPx2=0 planned=(396,458,480,480) frame=584
2026.10.06-03.41.48 SHOT widget id=board.tag impl=umg state=compact fighter=f-0-sk2 bbox=(308,584,392,606) geom=painted visible=1 twin=0 source=/Game/S08/UI/ArtHud/WBP_S08ArtTag mode=compact look=P1 shape=circle placement=left ring=0 order=4 bound=1 softPx2=0 planned=(308,584,392,606) frame=584
2026.10.06-03.41.48 SHOT widget id=board.tag.hp impl=umg state=compact fighter=f-0-sk2 bbox=(364,586,388,604) geom=painted visible=1 twin=0 source=/Game/S08/UI/ArtHud/WBP_S08ArtTag mode=compact look=P1 shape=circle placement=left ring=0 order=4 bound=1 softPx2=0 planned=(308,584,392,606) frame=584 font=11
2026.10.06-03.41.48 SHOT widget id=board.tag.bar impl=umg state=compact fighter=f-0-sk2 bbox=(327,593,361,598) geom=painted visible=1 twin=0 source=/Game/S08/UI/ArtHud/WBP_S08ArtTag mode=compact look=P1 shape=circle placement=left ring=0 order=4 bound=1 softPx2=0 planned=(308,584,392,606) frame=584
2026.10.06-03.41.48 SHOT widget id=board.tag.chip impl=umg state=compact fighter=f-0-sk2 bbox=(312,589,324,601) geom=painted visible=1 twin=0 source=/Game/S08/UI/ArtHud/WBP_S08ArtTag mode=compact look=P1 shape=circle placement=left ring=0 order=4 bound=1 softPx2=0 planned=(308,584,392,606) frame=584
2026.10.06-03.41.48 SHOT widget id=board.tag impl=umg state=compact fighter=f-1-hero bbox=(1072,730,1174,752) geom=painted visible=1 twin=0 source=/Game/S08/UI/ArtHud/WBP_S08ArtTag mode=compact look=P2 shape=hex placement=below ring=0 order=5 bound=1 softPx2=0 planned=(1072,730,1174,752) frame=584
2026.10.06-03.41.48 SHOT widget id=board.tag.hp impl=umg state=compact fighter=f-1-hero bbox=(1128,732,1170,750) geom=painted visible=1 twin=0 source=/Game/S08/UI/ArtHud/WBP_S08ArtTag mode=compact look=P2 shape=hex placement=below ring=0 order=5 bound=1 softPx2=0 planned=(1072,730,1174,752) frame=584 font=11
2026.10.06-03.41.48 SHOT widget id=board.tag.bar impl=umg state=compact fighter=f-1-hero bbox=(1091,739,1125,744) geom=painted visible=1 twin=0 source=/Game/S08/UI/ArtHud/WBP_S08ArtTag mode=compact look=P2 shape=hex placement=below ring=0 order=5 bound=1 softPx2=0 planned=(1072,730,1174,752) frame=584
2026.10.06-03.41.48 SHOT widget id=board.tag.chip impl=umg state=compact fighter=f-1-hero bbox=(1076,735,1088,747) geom=painted visible=1 twin=0 source=/Game/S08/UI/ArtHud/WBP_S08ArtTag mode=compact look=P2 shape=hex placement=below ring=0 order=5 bound=1 softPx2=0 planned=(1072,730,1174,752) frame=584
2026.10.06-03.41.48 SHOT widget id=board.tag impl=umg state=compact fighter=f-1-sk0 bbox=(1130,510,1214,532) geom=painted visible=1 twin=0 source=/Game/S08/UI/ArtHud/WBP_S08ArtTag mode=compact look=P2 shape=hex placement=above ring=0 order=3 bound=1 softPx2=0 planned=(1130,510,1214,532) frame=584
2026.10.06-03.41.48 SHOT widget id=board.tag.hp impl=umg state=compact fighter=f-1-sk0 bbox=(1186,512,1210,530) geom=painted visible=1 twin=0 source=/Game/S08/UI/ArtHud/WBP_S08ArtTag mode=compact look=P2 shape=hex placement=above ring=0 order=3 bound=1 softPx2=0 planned=(1130,510,1214,532) frame=584 font=11
2026.10.06-03.41.48 SHOT widget id=board.tag.bar impl=umg state=compact fighter=f-1-sk0 bbox=(1149,519,1183,524) geom=painted visible=1 twin=0 source=/Game/S08/UI/ArtHud/WBP_S08ArtTag mode=compact look=P2 shape=hex placement=above ring=0 order=3 bound=1 softPx2=0 planned=(1130,510,1214,532) frame=584
2026.10.06-03.41.48 SHOT widget id=board.tag.chip impl=umg state=compact fighter=f-1-sk0 bbox=(1134,515,1146,527) geom=painted visible=1 twin=0 source=/Game/S08/UI/ArtHud/WBP_S08ArtTag mode=compact look=P2 shape=hex placement=above ring=0 order=3 bound=1 softPx2=0 planned=(1130,510,1214,532) frame=584
2026.10.06-03.41.48 SHOT panel id=hud.command bbox=(0,0,1456,178) geom=painted visible=1 frame=584
2026.10.06-03.41.48 SHOT panel id=hud.side bbox=(1432,0,1920,153) geom=painted visible=1 frame=584
2026.10.06-03.41.48 SHOT panel id=hud.hand bbox=(347,929,1573,1080) geom=painted visible=1 frame=584
2026.10.06-03.41.48 SHOT late end file=s09-turn-banner.png frame=584
2026.10.06-03.41.48 game -> room=cmuw4tbs005wpt84mulgi3nuk code=<redacted> status=IN_PROGRESS
2026.10.06-03.41.48 MS-LAST off seq=3 fade=300
2026.10.06-03.41.48 HUD-TRACK own=1/2 server=0 local=1 opp=0/2 oppVisible=0 anim=spend/- seq=7 frame=585
2026.10.06-03.41.48 TAG fighter=f-0-hero bbox=(932,654,1034,676) mode=compact look=P1 placement=above ring=0 hardPx2=0 softPx2=0 order=0 bound=1
2026.10.06-03.41.48 TAG fighter=f-0-sk0 bbox=(509,496,593,518) mode=compact look=P1 placement=above ring=0 hardPx2=0 softPx2=0 order=2 bound=1
2026.10.06-03.41.48 TAG fighter=f-0-sk1 bbox=(396,458,480,480) mode=compact look=P1 placement=above ring=0 hardPx2=0 softPx2=0 order=1 bound=1
2026.10.06-03.41.48 TAG fighter=f-0-sk2 bbox=(308,584,392,606) mode=compact look=P1 placement=left ring=0 hardPx2=0 softPx2=0 order=4 bound=1
2026.10.06-03.41.48 TAG fighter=f-1-hero bbox=(1072,730,1174,752) mode=compact look=P2 placement=below ring=0 hardPx2=0 softPx2=0 order=5 bound=1
2026.10.06-03.41.48 TAG fighter=f-1-sk0 bbox=(1130,510,1214,532) mode=compact look=P2 placement=above ring=0 hardPx2=0 softPx2=0 order=3 bound=1
2026.10.06-03.41.48 ICON fighter=f-0-hero bbox=(1026,700,1058,732) size=32 src=combat anchor=right fallback=0 overlapPx2=0 texture=/Game/S08/UI/IconsV3/T_IV3_action_attack_token_32.T_IV3_action_attack_token_32
2026.10.06-03.41.48 SNAPSHOT applied seq=8 phase=COMBAT
2026.10.06-03.41.48 HANDLE_APPLIED #9 seq=8 decision=2 fightersValid=1 boardValid=1
2026.10.06-03.41.48 CUE sound id=CUE-008 point=cue subject=f-1-sk0 seq=8 t=21476 event_t=21476 dt=0 class=SFX sound=SW_CMB_ATTACK_DECLARE_01 gain=0.80 result=played
2026.10.06-03.41.48 AUDIO attack seq=8 key=MERLIN abilityBoost=0
2026.10.06-03.41.48 VO event=ATTACK speaker=MERLIN t=21476 result=played line=MERLIN-ATTACK-02 prio=3
2026.10.06-03.41.48 VO subtitle line=MERLIN-ATTACK-02 until=23418
2026.10.06-03.41.48 CUE fx id=CUE-008 subject=f-1-sk0 seq=8 t=21476 vfx=missing sfx=missing clip=none mat=none socket=Weapon reduced=0 result=fallback
2026.10.06-03.41.48 CUE combat seq=7 stage=skip t=21476 src=catchup
2026.10.06-03.41.48 CATCHUP seq=7 latest=8 queued=1 lag=0 t=21476 action=hurry reason=combat applied=1
2026.10.06-03.41.48 closed mode=
2026.10.06-03.41.48 MODE seq=8 mode=0 combat=1 pending=0
2026.10.06-03.41.48 MS-OPP verb=defend seq=8
2026.10.06-03.41.48 MS-TRACK own=1/2 opp=0/2 oppVisible=0 seq=8
2026.10.06-03.41.48 HUD seq=8 phase=COMBAT turn=you hand=4 oppHand=4(hidden) oppDeck=24 deck=24 discard=2
2026.10.06-03.41.48 MS-STATUS seq=8 text="Waiting for the defender"
2026.10.06-03.41.48 ARTPREVIEW fighter=Medusa hero=1 eligible=0 visual=1 mesh=SK_Medusa_H2LD
2026.10.06-03.41.48 FIGHTERS synced n=6 alive=6 own=2 enemy=4
2026.10.06-03.41.48 ATTACK done seq=8 (apply) phase=COMBAT
2026.10.06-03.41.48 SNAPSHOT applied seq=8 phase=COMBAT
2026.10.06-03.41.48 HANDLE_APPLIED #10 seq=8 decision=1 fightersValid=1 boardValid=1
2026.10.06-03.41.48 MODE seq=8 mode=0 combat=1 pending=0
2026.10.06-03.41.48 HUD seq=8 phase=COMBAT turn=you hand=4 oppHand=4(hidden) oppDeck=24 deck=24 discard=2
2026.10.06-03.41.48 ARTPREVIEW fighter=Medusa hero=1 eligible=0 visual=1 mesh=SK_Medusa_H2LD
2026.10.06-03.41.48 FIGHTERS synced n=6 alive=6 own=2 enemy=4
2026.10.06-03.41.48 WS seq=8 phase=COMBAT (merge)
2026.10.06-03.41.48 HUD-TRACK own=1/2 server=1 local=0 opp=0/2 oppVisible=0 anim=-/- seq=8 frame=587
2026.10.06-03.41.48 CUE combat seq=7 stage=read t=21503 ms=0 skipped=1
2026.10.06-03.41.48 CUE combat seq=7 stage=effect t=21503 i=1 ms=0 skipped=1
2026.10.06-03.41.48 CUE combat seq=7 stage=effect t=21503 i=2 ms=0 skipped=1
2026.10.06-03.41.48 CUE combat seq=7 stage=slam t=21503 a=3 d=1 outcome=win
2026.10.06-03.41.48 SFX bank=CMB-EFFECT-LINE tag=effect class=SFX t=21510 sound=SW_CMB_EFFECT_LINE_01 gain=0.80
2026.10.06-03.41.48 SFX bank=CMB-EFFECT-LINE tag=effect class=SFX t=21510 sound=SW_CMB_EFFECT_LINE_03 gain=0.80
2026.10.06-03.41.48 CUE sound id=CUE-010 point=cue subject=slam seq=7 t=21510 event_t=21510 dt=0 class=SFX sound=SW_CMB_SLAM_01 gain=0.80 result=played bank=CMB-SLAM
2026.10.06-03.41.48 TAG fighter=f-0-hero bbox=(932,654,1034,676) mode=compact look=P1 placement=above ring=0 hardPx2=0 softPx2=0 order=0 bound=1
2026.10.06-03.41.48 TAG fighter=f-0-sk0 bbox=(509,496,593,518) mode=compact look=P1 placement=above ring=0 hardPx2=0 softPx2=0 order=2 bound=1
2026.10.06-03.41.48 TAG fighter=f-0-sk1 bbox=(396,458,480,480) mode=compact look=P1 placement=above ring=0 hardPx2=0 softPx2=0 order=1 bound=1
2026.10.06-03.41.48 TAG fighter=f-0-sk2 bbox=(308,584,392,606) mode=compact look=P1 placement=left ring=0 hardPx2=0 softPx2=0 order=4 bound=1
2026.10.06-03.41.48 TAG fighter=f-1-hero bbox=(1072,730,1174,752) mode=compact look=P2 placement=below ring=0 hardPx2=0 softPx2=0 order=5 bound=1
2026.10.06-03.41.48 TAG fighter=f-1-sk0 bbox=(1130,510,1214,532) mode=compact look=P2 placement=above ring=0 hardPx2=0 softPx2=0 order=3 bound=1
2026.10.06-03.41.48 ICON fighter=f-0-hero bbox=(1026,700,1058,732) size=32 src=combat anchor=right fallback=0 overlapPx2=0 texture=/Game/S08/UI/IconsV3/T_IV3_action_attack_token_32.T_IV3_action_attack_token_32
2026.10.06-03.41.49 CUE fx done id=CUE-010 subject=scene seq=7 t=21683 ms=800 cut=0
2026.10.06-03.41.49 CUE combat seq=7 stage=pause t=21683 ms=0 skipped=1
2026.10.06-03.41.49 CUE combat seq=7 stage=lunge t=21683 attacker=f-0-hero rate=1.00
2026.10.06-03.41.49 SFX bank=CMB-LUNGE-ARROW tag=lunge class=SFX t=21710 sound=SW_CMB_LUNGE_ARROW_02 gain=0.80
2026.10.06-03.41.49 ARTPREVIEW anim fighter=f-0-hero clip=LungeAttack len=0.583 event=attack loop=0 phase=0.0000 seq=7 asset=AM_Medusa_LungeAttack rate=1.00
2026.10.06-03.41.49 CUE combat seq=7 stage=contact t=22016 offset=333 window=900 src=notify
2026.10.06-03.41.49 CUE fx done id=CUE-008 subject=f-1-sk0 seq=8 t=22016 ms=540 cut=interrupt
2026.10.06-03.41.49 CUE fx id=CUE-011 subject=f-1-hero seq=7 t=22016 vfx=missing sfx=missing clip=missing mat=FxFlash socket=Head reduced=0 result=fallback
2026.10.06-03.41.49 CUE combat seq=7 stage=hit t=22016 target=f-1-hero tint=450
2026.10.06-03.41.49 ARTPREVIEW anim fighter=f-1-hero clip=HitReact len=0.417 event=damaged loop=0 phase=0.0000 seq=7 asset=AM_KingArthur_HitReact rate=1.00
2026.10.06-03.41.49 ARTPREVIEW hit-tint fighter=f-1-hero ms=450
2026.10.06-03.41.49 VO event=HURT-BIG speaker=ARTHUR t=22043 result=skipped line=- prio=2 reason=gap
2026.10.06-03.41.49 CUE sound id=CUE-011 point=hit subject=f-1-hero seq=7 t=22043 event_t=22043 dt=0 class=SFX sound=SW_CMB_HIT_ARROW_02 gain=0.80 result=played bank=CMB-HIT-ARROW due=22016
2026.10.06-03.41.49 CUE combat seq=7 stage=minus t=22076 amount=4 life=900
2026.10.06-03.41.49 ARTPREVIEW damage-number fighter=f-1-hero amount=4 seq=7 cell=(5,4)
2026.10.06-03.41.49 S09AUTO damage-combat scheduled fighter=f-1-hero amount=4 seq=7 source=cue-on-closed-combat-target combatResultSeq=7
2026.10.06-03.41.49 TAG fighter=f-0-hero bbox=(932,654,1034,676) mode=compact look=P1 placement=above ring=0 hardPx2=0 softPx2=0 order=0 bound=1
2026.10.06-03.41.49 TAG fighter=f-0-sk0 bbox=(509,496,593,518) mode=compact look=P1 placement=above ring=0 hardPx2=0 softPx2=0 order=3 bound=1
2026.10.06-03.41.49 TAG fighter=f-0-sk1 bbox=(396,458,480,480) mode=compact look=P1 placement=above ring=0 hardPx2=0 softPx2=0 order=2 bound=1
2026.10.06-03.41.49 TAG fighter=f-0-sk2 bbox=(308,584,392,606) mode=compact look=P1 placement=left ring=0 hardPx2=0 softPx2=0 order=5 bound=1
2026.10.06-03.41.49 TAG fighter=f-1-hero bbox=(1072,730,1174,752) mode=compact look=P2 placement=below ring=0 hardPx2=0 softPx2=0 order=1 bound=1
2026.10.06-03.41.49 TAG fighter=f-1-sk0 bbox=(1130,510,1214,532) mode=compact look=P2 placement=above ring=0 hardPx2=0 softPx2=0 order=4 bound=1
2026.10.06-03.41.49 ICON fighter=f-0-hero bbox=(1026,700,1058,732) size=32 src=combat anchor=right fallback=0 overlapPx2=0 texture=/Game/S08/UI/IconsV3/T_IV3_action_attack_token_32.T_IV3_action_attack_token_32
2026.10.06-03.41.49 DAMAGE fighter=f-1-hero bbox=(1176,727,1216,755) amount=4 seq=7 placement=right ring=0 hardPx2=0 softPx2=0
2026.10.06-03.41.49 CUE combat seq=7 stage=hp t=22096 from=18 to=14
2026.10.06-03.41.49 ARTPREVIEW fighter=Medusa hero=1 eligible=0 visual=1 mesh=SK_Medusa_H2LD
2026.10.06-03.41.49 TAG fighter=f-0-hero bbox=(932,654,1034,676) mode=compact look=P1 placement=above ring=0 hardPx2=0 softPx2=0 order=0 bound=1
2026.10.06-03.41.49 TAG fighter=f-0-sk0 bbox=(509,496,593,518) mode=compact look=P1 placement=above ring=0 hardPx2=0 softPx2=0 order=3 bound=1
2026.10.06-03.41.49 TAG fighter=f-0-sk1 bbox=(396,458,480,480) mode=compact look=P1 placement=above ring=0 hardPx2=0 softPx2=0 order=2 bound=1
2026.10.06-03.41.49 TAG fighter=f-0-sk2 bbox=(308,584,392,606) mode=compact look=P1 placement=left ring=0 hardPx2=0 softPx2=0 order=5 bound=1
2026.10.06-03.41.49 TAG fighter=f-1-hero bbox=(1072,730,1174,752) mode=compact look=P2 placement=below ring=0 hardPx2=0 softPx2=0 order=1 bound=1
2026.10.06-03.41.49 TAG fighter=f-1-sk0 bbox=(1130,510,1214,532) mode=compact look=P2 placement=above ring=0 hardPx2=0 softPx2=0 order=4 bound=1
2026.10.06-03.41.49 ICON fighter=f-0-hero bbox=(1026,700,1058,732) size=32 src=combat anchor=right fallback=0 overlapPx2=0 texture=/Game/S08/UI/IconsV3/T_IV3_action_attack_token_32.T_IV3_action_attack_token_32
2026.10.06-03.41.49 HUD-HEART side=own hero=f-1-hero hp=14/18 anim=damage glow=1 played=1
2026.10.06-03.41.49 S09AUTO damage-number shot stableFrames=5
2026.10.06-03.41.49 SHOT ctx viewport=1920x1080 viewTarget=CameraActor_2147482025 cam=(0,1342,1917) rot=(-55,-90,0)
2026.10.06-03.41.49 RENDER tag=SHOT rhi=D3D12 featureLevel=SM6 shaderPlatform=PCD3D_SM6 lumenPlatform=1 gi=lumen giMethod=1 refl=lumen reflMethod=1 shadows=csm vsmEnable=0 sg.res=100 sg.view=2 sg.aa=2 sg.shadow=2 sg.gi=2 sg.refl=2 sg.pp=2 sg.tex=2 sg.fx=2 sg.foliage=2 sg.shading=2 sg.landscape=2 preset=High screenPct=100.0 screenPctMode=0 aa=TSR aaMethod=4 exposure=fixed-histogram expMin=4.14106 expMax=4.14106 expBias=0.000 ev100=2.05 lightUnits=candelas sky=1 skyIntensity=3.000 keyShadow=csm-3600uu-2c-contact0.000 shadowCasters=1 profile=sarpedon-night profilesSha256=0a3417258f46ad3d99620bcbabd1b37615192b7a59f090c77515189845b33bb7 profilesSource=pak legacyRender=0 gameLayer=unlit-eyeadaptinv tMaxFPS=30.0 vsync=0 frameRateLimit=60.0 substrate=0 nanite=1 meshDF=1 viewport=1920x1080 reference=1
2026.10.06-03.41.49 SHOT fighter f-0-hero pos=(4,4) world=(16,189,0) screen=(982,752) projected=1 alive=1
2026.10.06-03.41.49 SHOT fighter f-0-sk0 pos=(1,3) world=(-309,33,0) screen=(555,576) projected=1 alive=1
2026.10.06-03.41.49 SHOT fighter f-0-sk1 pos=(0,2) world=(-398,-3,0) screen=(442,537) projected=1 alive=1
2026.10.06-03.41.49 SHOT fighter f-0-sk2 pos=(0,3) world=(-394,92,0) screen=(435,640) projected=1 alive=1
2026.10.06-03.41.49 SHOT fighter f-1-hero pos=(5,4) world=(119,141,0) screen=(1120,695) projected=1 alive=1
2026.10.06-03.41.49 SHOT fighter f-1-sk0 pos=(6,3) world=(159,52,0) screen=(1169,596) projected=1 alive=1
2026.10.06-03.41.49 SHOT camera dist=2340.2 target=2340.2 overview=2340.2 errPct=0.000 focusErr=0.00 settled=1 zoom=1.00
2026.10.06-03.41.49 SHOT head fighter=f-0-hero socket=Head mesh=SK_Medusa_H2LD world=(16.4,188.9,47.2) screen=(982.7,717.2) top=(982.8,712.8) bottom=(982.7,721.6) headPx=8.8 projected=1
2026.10.06-03.41.49 SHOT head fighter=f-0-sk0 socket=Head mesh=SK_Harpy_H3LD world=(-309.1,27.9,34.0) screen=(550.2,544.5) top=(549.3,539.9) bottom=(551.1,549.0) headPx=9.3 projected=1
2026.10.06-03.41.49 SHOT head fighter=f-0-sk1 socket=Head mesh=SK_Harpy_H3LD world=(-398.7,2.2,34.3) screen=(434.7,516.5) top=(433.6,511.9) bottom=(435.8,521.1) headPx=9.4 projected=1
2026.10.06-03.41.49 SHOT head fighter=f-0-sk2 socket=Head mesh=SK_Harpy_H3LD world=(-393.6,86.7,34.0) screen=(430.4,609.3) top=(429.2,604.8) bottom=(431.5,613.8) headPx=9.3 projected=1
2026.10.06-03.41.49 SHOT head fighter=f-1-hero socket=Head mesh=SK_KingArthur_H2LD world=(118.6,143.3,49.6) screen=(1122.9,662.1) top=(1123.2,657.7) bottom=(1122.5,666.6) headPx=8.9 projected=1
2026.10.06-03.41.49 SHOT head fighter=f-1-sk0 socket=Head mesh=SK_Merlin_H2LD world=(158.7,48.9,36.6) screen=(1171.7,565.4) top=(1172.1,560.9) bottom=(1171.2,569.9) headPx=9.1 projected=1
2026.10.06-03.41.49 SHOT figure fighter=f-0-hero bbox=(943,678,1023,785) ringR=28.50 art=1 blockout=0 team=P1 look=P1 ring=1
2026.10.06-03.41.49 SHOT figure fighter=f-0-sk0 bbox=(516,520,586,600) ringR=22.23 art=1 blockout=0 team=P1 look=P1 ring=1
2026.10.06-03.41.49 SHOT figure fighter=f-0-sk1 bbox=(402,482,474,561) ringR=22.23 art=1 blockout=0 team=P1 look=P1 ring=1
2026.10.06-03.41.49 SHOT figure fighter=f-0-sk2 bbox=(394,584,467,665) ringR=22.23 art=1 blockout=0 team=P1 look=P1 ring=1
2026.10.06-03.41.49 SHOT figure fighter=f-1-hero bbox=(1081,619,1165,728) ringR=28.50 art=1 blockout=0 team=P2 look=P2 ring=1
2026.10.06-03.41.49 SHOT figure fighter=f-1-sk0 bbox=(1139,534,1204,620) ringR=22.23 art=1 blockout=0 team=P2 look=P2 ring=1
2026.10.06-03.41.49 SHOT request file=s09-damage-number.png frame=610
2026.10.06-03.41.49 SHOT requested: FScreenshotRequest(bShowUI) -> C:\Users\ren\AppData\Local\Temp\s09-combat-20261006-084119-39652\joiner/s09-damage-number.png
2026.10.06-03.41.49 SHOT captured file=s09-damage-number.png frame=610 px=1920x1080 sha256=f1e43fda0506fb9cce9322d8be078ba620e433d230b3e03635ece2d1d1e29d3b order=BGRA saved=1
2026.10.06-03.41.49 SHOT late begin file=s09-damage-number.png frame=610 requestFrame=610
2026.10.06-03.41.49 SHOT icon fighter=f-0-hero bbox=(1026,700,1058,732) size=32 src=combat planned=(1026,700,1058,732) geom=painted visible=1 anchor=right fallback=0 overlapPx2=0 texture=/Game/S08/UI/IconsV3/T_IV3_action_attack_token_32.T_IV3_action_attack_token_32 frame=610
2026.10.06-03.41.49 SHOT widget id=icon impl=umg-motion state=combat fighter=f-0-hero bbox=(1026,700,1058,732) geom=painted visible=1 twin=0 source=S08AnimatedIconWidget:action-attack-token frame=610
2026.10.06-03.41.49 SHOT widget id=board.tag impl=umg state=compact fighter=f-0-hero bbox=(932,654,1034,676) geom=painted visible=1 twin=0 source=/Game/S08/UI/ArtHud/WBP_S08ArtTag mode=compact look=P1 shape=circle placement=above ring=0 order=0 bound=1 softPx2=0 planned=(932,654,1034,676) frame=610
2026.10.06-03.41.49 SHOT widget id=board.tag.hp impl=umg state=compact fighter=f-0-hero bbox=(988,656,1030,674) geom=painted visible=1 twin=0 source=/Game/S08/UI/ArtHud/WBP_S08ArtTag mode=compact look=P1 shape=circle placement=above ring=0 order=0 bound=1 softPx2=0 planned=(932,654,1034,676) frame=610 font=11
2026.10.06-03.41.49 SHOT widget id=board.tag.bar impl=umg state=compact fighter=f-0-hero bbox=(951,663,985,668) geom=painted visible=1 twin=0 source=/Game/S08/UI/ArtHud/WBP_S08ArtTag mode=compact look=P1 shape=circle placement=above ring=0 order=0 bound=1 softPx2=0 planned=(932,654,1034,676) frame=610
2026.10.06-03.41.49 SHOT widget id=board.tag.chip impl=umg state=compact fighter=f-0-hero bbox=(936,659,948,671) geom=painted visible=1 twin=0 source=/Game/S08/UI/ArtHud/WBP_S08ArtTag mode=compact look=P1 shape=circle placement=above ring=0 order=0 bound=1 softPx2=0 planned=(932,654,1034,676) frame=610
2026.10.06-03.41.49 SHOT widget id=board.tag impl=umg state=compact fighter=f-0-sk0 bbox=(509,496,593,518) geom=painted visible=1 twin=0 source=/Game/S08/UI/ArtHud/WBP_S08ArtTag mode=compact look=P1 shape=circle placement=above ring=0 order=3 bound=1 softPx2=0 planned=(509,496,593,518) frame=610
2026.10.06-03.41.49 SHOT widget id=board.tag.hp impl=umg state=compact fighter=f-0-sk0 bbox=(565,498,589,516) geom=painted visible=1 twin=0 source=/Game/S08/UI/ArtHud/WBP_S08ArtTag mode=compact look=P1 shape=circle placement=above ring=0 order=3 bound=1 softPx2=0 planned=(509,496,593,518) frame=610 font=11
2026.10.06-03.41.49 SHOT widget id=board.tag.bar impl=umg state=compact fighter=f-0-sk0 bbox=(528,505,562,510) geom=painted visible=1 twin=0 source=/Game/S08/UI/ArtHud/WBP_S08ArtTag mode=compact look=P1 shape=circle placement=above ring=0 order=3 bound=1 softPx2=0 planned=(509,496,593,518) frame=610
2026.10.06-03.41.49 SHOT widget id=board.tag.chip impl=umg state=compact fighter=f-0-sk0 bbox=(513,501,525,513) geom=painted visible=1 twin=0 source=/Game/S08/UI/ArtHud/WBP_S08ArtTag mode=compact look=P1 shape=circle placement=above ring=0 order=3 bound=1 softPx2=0 planned=(509,496,593,518) frame=610
2026.10.06-03.41.49 SHOT widget id=board.tag impl=umg state=compact fighter=f-0-sk1 bbox=(396,458,480,480) geom=painted visible=1 twin=0 source=/Game/S08/UI/ArtHud/WBP_S08ArtTag mode=compact look=P1 shape=circle placement=above ring=0 order=2 bound=1 softPx2=0 planned=(396,458,480,480) frame=610
2026.10.06-03.41.49 SHOT widget id=board.tag.hp impl=umg state=compact fighter=f-0-sk1 bbox=(452,460,476,478) geom=painted visible=1 twin=0 source=/Game/S08/UI/ArtHud/WBP_S08ArtTag mode=compact look=P1 shape=circle placement=above ring=0 order=2 bound=1 softPx2=0 planned=(396,458,480,480) frame=610 font=11
2026.10.06-03.41.49 SHOT widget id=board.tag.bar impl=umg state=compact fighter=f-0-sk1 bbox=(415,467,449,472) geom=painted visible=1 twin=0 source=/Game/S08/UI/ArtHud/WBP_S08ArtTag mode=compact look=P1 shape=circle placement=above ring=0 order=2 bound=1 softPx2=0 planned=(396,458,480,480) frame=610
2026.10.06-03.41.49 SHOT widget id=board.tag.chip impl=umg state=compact fighter=f-0-sk1 bbox=(400,463,412,475) geom=painted visible=1 twin=0 source=/Game/S08/UI/ArtHud/WBP_S08ArtTag mode=compact look=P1 shape=circle placement=above ring=0 order=2 bound=1 softPx2=0 planned=(396,458,480,480) frame=610
2026.10.06-03.41.49 SHOT widget id=board.tag impl=umg state=compact fighter=f-0-sk2 bbox=(308,584,392,606) geom=painted visible=1 twin=0 source=/Game/S08/UI/ArtHud/WBP_S08ArtTag mode=compact look=P1 shape=circle placement=left ring=0 order=5 bound=1 softPx2=0 planned=(308,584,392,606) frame=610
2026.10.06-03.41.49 SHOT widget id=board.tag.hp impl=umg state=compact fighter=f-0-sk2 bbox=(364,586,388,604) geom=painted visible=1 twin=0 source=/Game/S08/UI/ArtHud/WBP_S08ArtTag mode=compact look=P1 shape=circle placement=left ring=0 order=5 bound=1 softPx2=0 planned=(308,584,392,606) frame=610 font=11
2026.10.06-03.41.49 SHOT widget id=board.tag.bar impl=umg state=compact fighter=f-0-sk2 bbox=(327,593,361,598) geom=painted visible=1 twin=0 source=/Game/S08/UI/ArtHud/WBP_S08ArtTag mode=compact look=P1 shape=circle placement=left ring=0 order=5 bound=1 softPx2=0 planned=(308,584,392,606) frame=610
2026.10.06-03.41.49 SHOT widget id=board.tag.chip impl=umg state=compact fighter=f-0-sk2 bbox=(312,589,324,601) geom=painted visible=1 twin=0 source=/Game/S08/UI/ArtHud/WBP_S08ArtTag mode=compact look=P1 shape=circle placement=left ring=0 order=5 bound=1 softPx2=0 planned=(308,584,392,606) frame=610
2026.10.06-03.41.49 SHOT widget id=board.tag impl=umg state=compact fighter=f-1-hero bbox=(1072,730,1174,752) geom=painted visible=1 twin=0 source=/Game/S08/UI/ArtHud/WBP_S08ArtTag mode=compact look=P2 shape=hex placement=below ring=0 order=1 bound=1 softPx2=0 planned=(1072,730,1174,752) frame=610
2026.10.06-03.41.49 SHOT widget id=board.tag.hp impl=umg state=compact fighter=f-1-hero bbox=(1128,732,1170,750) geom=painted visible=1 twin=0 source=/Game/S08/UI/ArtHud/WBP_S08ArtTag mode=compact look=P2 shape=hex placement=below ring=0 order=1 bound=1 softPx2=0 planned=(1072,730,1174,752) frame=610 font=11
2026.10.06-03.41.49 SHOT widget id=board.tag.bar impl=umg state=compact fighter=f-1-hero bbox=(1091,739,1125,744) geom=painted visible=1 twin=0 source=/Game/S08/UI/ArtHud/WBP_S08ArtTag mode=compact look=P2 shape=hex placement=below ring=0 order=1 bound=1 softPx2=0 planned=(1072,730,1174,752) frame=610
2026.10.06-03.41.49 SHOT widget id=board.tag.chip impl=umg state=compact fighter=f-1-hero bbox=(1076,735,1088,747) geom=painted visible=1 twin=0 source=/Game/S08/UI/ArtHud/WBP_S08ArtTag mode=compact look=P2 shape=hex placement=below ring=0 order=1 bound=1 softPx2=0 planned=(1072,730,1174,752) frame=610
2026.10.06-03.41.49 SHOT widget id=board.tag impl=umg state=compact fighter=f-1-sk0 bbox=(1130,510,1214,532) geom=painted visible=1 twin=0 source=/Game/S08/UI/ArtHud/WBP_S08ArtTag mode=compact look=P2 shape=hex placement=above ring=0 order=4 bound=1 softPx2=0 planned=(1130,510,1214,532) frame=610
2026.10.06-03.41.49 SHOT widget id=board.tag.hp impl=umg state=compact fighter=f-1-sk0 bbox=(1186,512,1210,530) geom=painted visible=1 twin=0 source=/Game/S08/UI/ArtHud/WBP_S08ArtTag mode=compact look=P2 shape=hex placement=above ring=0 order=4 bound=1 softPx2=0 planned=(1130,510,1214,532) frame=610 font=11
2026.10.06-03.41.49 SHOT widget id=board.tag.bar impl=umg state=compact fighter=f-1-sk0 bbox=(1149,519,1183,524) geom=painted visible=1 twin=0 source=/Game/S08/UI/ArtHud/WBP_S08ArtTag mode=compact look=P2 shape=hex placement=above ring=0 order=4 bound=1 softPx2=0 planned=(1130,510,1214,532) frame=610
2026.10.06-03.41.49 SHOT widget id=board.tag.chip impl=umg state=compact fighter=f-1-sk0 bbox=(1134,515,1146,527) geom=painted visible=1 twin=0 source=/Game/S08/UI/ArtHud/WBP_S08ArtTag mode=compact look=P2 shape=hex placement=above ring=0 order=4 bound=1 softPx2=0 planned=(1130,510,1214,532) frame=610
2026.10.06-03.41.49 SHOT widget id=board.damage impl=umg state=damage fighter=f-1-hero bbox=(1176,727,1216,755) geom=painted visible=1 twin=0 source=/Game/S08/UI/ArtHud/WBP_S08ArtDamage amount=4 seq=7 placement=right_ring=0_hardPx2=0_softPx2=0 stableFrames=6 planned=(1176,727,1216,755) frame=610
2026.10.06-03.41.49 SHOT widget id=board.damage.text impl=umg state=damage fighter=f-1-hero bbox=(1184,727,1208,755) geom=painted visible=1 twin=0 source=/Game/S08/UI/ArtHud/WBP_S08ArtDamage amount=4 seq=7 placement=right_ring=0_hardPx2=0_softPx2=0 stableFrames=6 planned=(1176,727,1216,755) frame=610 font=18
2026.10.06-03.41.49 SHOT damage fighter=f-1-hero bbox=(1176,727,1216,755) frame=610
2026.10.06-03.41.49 SHOT panel id=hud.command bbox=(0,0,702,209) geom=painted visible=1 frame=610
2026.10.06-03.41.49 SHOT panel id=hud.side bbox=(1502,0,1920,179) geom=painted visible=1 frame=610
2026.10.06-03.41.49 SHOT panel id=hud.hand bbox=(488,929,1433,1080) geom=painted visible=1 frame=610
2026.10.06-03.41.49 SHOT late end file=s09-damage-number.png frame=610
2026.10.06-03.41.49 S09AUTO damage-combat shot fighter=f-1-hero stableFrames=6
2026.10.06-03.41.49 SHOT ctx viewport=1920x1080 viewTarget=CameraActor_2147482025 cam=(0,1342,1917) rot=(-55,-90,0)
2026.10.06-03.41.49 RENDER tag=SHOT rhi=D3D12 featureLevel=SM6 shaderPlatform=PCD3D_SM6 lumenPlatform=1 gi=lumen giMethod=1 refl=lumen reflMethod=1 shadows=csm vsmEnable=0 sg.res=100 sg.view=2 sg.aa=2 sg.shadow=2 sg.gi=2 sg.refl=2 sg.pp=2 sg.tex=2 sg.fx=2 sg.foliage=2 sg.shading=2 sg.landscape=2 preset=High screenPct=100.0 screenPctMode=0 aa=TSR aaMethod=4 exposure=fixed-histogram expMin=4.14106 expMax=4.14106 expBias=0.000 ev100=2.05 lightUnits=candelas sky=1 skyIntensity=3.000 keyShadow=csm-3600uu-2c-contact0.000 shadowCasters=1 profile=sarpedon-night profilesSha256=0a3417258f46ad3d99620bcbabd1b37615192b7a59f090c77515189845b33bb7 profilesSource=pak legacyRender=0 gameLayer=unlit-eyeadaptinv tMaxFPS=30.0 vsync=0 frameRateLimit=60.0 substrate=0 nanite=1 meshDF=1 viewport=1920x1080 reference=1
2026.10.06-03.41.49 SHOT fighter f-0-hero pos=(4,4) world=(16,189,0) screen=(982,752) projected=1 alive=1
2026.10.06-03.41.49 SHOT fighter f-0-sk0 pos=(1,3) world=(-309,33,0) screen=(555,576) projected=1 alive=1
2026.10.06-03.41.49 SHOT fighter f-0-sk1 pos=(0,2) world=(-398,-3,0) screen=(442,537) projected=1 alive=1
2026.10.06-03.41.49 SHOT fighter f-0-sk2 pos=(0,3) world=(-394,92,0) screen=(435,640) projected=1 alive=1
2026.10.06-03.41.49 SHOT fighter f-1-hero pos=(5,4) world=(119,141,0) screen=(1120,695) projected=1 alive=1
2026.10.06-03.41.49 SHOT fighter f-1-sk0 pos=(6,3) world=(159,52,0) screen=(1169,596) projected=1 alive=1
2026.10.06-03.41.49 SHOT camera dist=2340.2 target=2340.2 overview=2340.2 errPct=0.000 focusErr=0.00 settled=1 zoom=1.00
2026.10.06-03.41.49 SHOT head fighter=f-0-hero socket=Head mesh=SK_Medusa_H2LD world=(16.4,188.9,47.2) screen=(982.7,717.2) top=(982.8,712.8) bottom=(982.7,721.6) headPx=8.8 projected=1
2026.10.06-03.41.49 SHOT head fighter=f-0-sk0 socket=Head mesh=SK_Harpy_H3LD world=(-309.1,27.9,34.0) screen=(550.2,544.5) top=(549.3,539.9) bottom=(551.1,549.0) headPx=9.3 projected=1
2026.10.06-03.41.49 SHOT head fighter=f-0-sk1 socket=Head mesh=SK_Harpy_H3LD world=(-398.7,2.2,34.3) screen=(434.7,516.5) top=(433.6,511.9) bottom=(435.8,521.1) headPx=9.4 projected=1
2026.10.06-03.41.49 SHOT head fighter=f-0-sk2 socket=Head mesh=SK_Harpy_H3LD world=(-393.6,86.7,34.0) screen=(430.4,609.3) top=(429.2,604.8) bottom=(431.5,613.8) headPx=9.3 projected=1
2026.10.06-03.41.49 SHOT head fighter=f-1-hero socket=Head mesh=SK_KingArthur_H2LD world=(118.6,143.3,49.6) screen=(1122.9,662.1) top=(1123.2,657.7) bottom=(1122.5,666.6) headPx=8.9 projected=1
2026.10.06-03.41.49 SHOT head fighter=f-1-sk0 socket=Head mesh=SK_Merlin_H2LD world=(158.7,48.9,36.6) screen=(1171.7,565.4) top=(1172.1,560.9) bottom=(1171.2,569.9) headPx=9.1 projected=1
2026.10.06-03.41.49 SHOT figure fighter=f-0-hero bbox=(943,678,1023,785) ringR=28.50 art=1 blockout=0 team=P1 look=P1 ring=1
2026.10.06-03.41.49 SHOT figure fighter=f-0-sk0 bbox=(516,520,586,600) ringR=22.23 art=1 blockout=0 team=P1 look=P1 ring=1
2026.10.06-03.41.49 SHOT figure fighter=f-0-sk1 bbox=(402,482,474,561) ringR=22.23 art=1 blockout=0 team=P1 look=P1 ring=1
2026.10.06-03.41.49 SHOT figure fighter=f-0-sk2 bbox=(394,584,467,665) ringR=22.23 art=1 blockout=0 team=P1 look=P1 ring=1
2026.10.06-03.41.49 SHOT figure fighter=f-1-hero bbox=(1081,619,1165,728) ringR=28.50 art=1 blockout=0 team=P2 look=P2 ring=1
2026.10.06-03.41.49 SHOT figure fighter=f-1-sk0 bbox=(1139,534,1204,620) ringR=22.23 art=1 blockout=0 team=P2 look=P2 ring=1
2026.10.06-03.41.49 SHOT request file=s09-damage-combat.png frame=611
2026.10.06-03.41.49 SHOT requested: FScreenshotRequest(bShowUI) -> C:\Users\ren\AppData\Local\Temp\s09-combat-20261006-084119-39652\joiner/s09-damage-combat.png
2026.10.06-03.41.49 ARTPREVIEW anim fighter=f-0-hero clip=Idle len=2.333 event=clipFinished loop=1 phase=0.8071 seq=-1 asset=AM_Medusa_Idle rate=1.00
2026.10.06-03.41.49 ARTPREVIEW anim fighter=f-1-hero clip=Idle len=2.500 event=clipFinished loop=1 phase=0.3470 seq=-1 asset=AM_KingArthur_Idle rate=1.00
2026.10.06-03.41.50 SHOT captured file=s09-damage-combat.png frame=611 px=1920x1080 sha256=7de74de176c889c6e20bf6b4c9a880a80ba788f2a1ac91e730be71df98957264 order=BGRA saved=1
2026.10.06-03.41.50 SHOT late begin file=s09-damage-combat.png frame=611 requestFrame=611
2026.10.06-03.41.50 SHOT icon fighter=f-0-hero bbox=(1026,700,1058,732) size=32 src=combat planned=(1026,700,1058,732) geom=painted visible=1 anchor=right fallback=0 overlapPx2=0 texture=/Game/S08/UI/IconsV3/T_IV3_action_attack_token_32.T_IV3_action_attack_token_32 frame=611
2026.10.06-03.41.50 SHOT widget id=icon impl=umg-motion state=combat fighter=f-0-hero bbox=(1026,700,1058,732) geom=painted visible=1 twin=0 source=S08AnimatedIconWidget:action-attack-token frame=611
2026.10.06-03.41.50 SHOT widget id=board.tag impl=umg state=compact fighter=f-0-hero bbox=(932,654,1034,676) geom=painted visible=1 twin=0 source=/Game/S08/UI/ArtHud/WBP_S08ArtTag mode=compact look=P1 shape=circle placement=above ring=0 order=0 bound=1 softPx2=0 planned=(932,654,1034,676) frame=611
2026.10.06-03.41.50 SHOT widget id=board.tag.hp impl=umg state=compact fighter=f-0-hero bbox=(988,656,1030,674) geom=painted visible=1 twin=0 source=/Game/S08/UI/ArtHud/WBP_S08ArtTag mode=compact look=P1 shape=circle placement=above ring=0 order=0 bound=1 softPx2=0 planned=(932,654,1034,676) frame=611 font=11
2026.10.06-03.41.50 SHOT widget id=board.tag.bar impl=umg state=compact fighter=f-0-hero bbox=(951,663,985,668) geom=painted visible=1 twin=0 source=/Game/S08/UI/ArtHud/WBP_S08ArtTag mode=compact look=P1 shape=circle placement=above ring=0 order=0 bound=1 softPx2=0 planned=(932,654,1034,676) frame=611
2026.10.06-03.41.50 SHOT widget id=board.tag.chip impl=umg state=compact fighter=f-0-hero bbox=(936,659,948,671) geom=painted visible=1 twin=0 source=/Game/S08/UI/ArtHud/WBP_S08ArtTag mode=compact look=P1 shape=circle placement=above ring=0 order=0 bound=1 softPx2=0 planned=(932,654,1034,676) frame=611
2026.10.06-03.41.50 SHOT widget id=board.tag impl=umg state=compact fighter=f-0-sk0 bbox=(509,496,593,518) geom=painted visible=1 twin=0 source=/Game/S08/UI/ArtHud/WBP_S08ArtTag mode=compact look=P1 shape=circle placement=above ring=0 order=3 bound=1 softPx2=0 planned=(509,496,593,518) frame=611
2026.10.06-03.41.50 SHOT widget id=board.tag.hp impl=umg state=compact fighter=f-0-sk0 bbox=(565,498,589,516) geom=painted visible=1 twin=0 source=/Game/S08/UI/ArtHud/WBP_S08ArtTag mode=compact look=P1 shape=circle placement=above ring=0 order=3 bound=1 softPx2=0 planned=(509,496,593,518) frame=611 font=11
2026.10.06-03.41.50 SHOT widget id=board.tag.bar impl=umg state=compact fighter=f-0-sk0 bbox=(528,505,562,510) geom=painted visible=1 twin=0 source=/Game/S08/UI/ArtHud/WBP_S08ArtTag mode=compact look=P1 shape=circle placement=above ring=0 order=3 bound=1 softPx2=0 planned=(509,496,593,518) frame=611
2026.10.06-03.41.50 SHOT widget id=board.tag.chip impl=umg state=compact fighter=f-0-sk0 bbox=(513,501,525,513) geom=painted visible=1 twin=0 source=/Game/S08/UI/ArtHud/WBP_S08ArtTag mode=compact look=P1 shape=circle placement=above ring=0 order=3 bound=1 softPx2=0 planned=(509,496,593,518) frame=611
2026.10.06-03.41.50 SHOT widget id=board.tag impl=umg state=compact fighter=f-0-sk1 bbox=(396,458,480,480) geom=painted visible=1 twin=0 source=/Game/S08/UI/ArtHud/WBP_S08ArtTag mode=compact look=P1 shape=circle placement=above ring=0 order=2 bound=1 softPx2=0 planned=(396,458,480,480) frame=611
2026.10.06-03.41.50 SHOT widget id=board.tag.hp impl=umg state=compact fighter=f-0-sk1 bbox=(452,460,476,478) geom=painted visible=1 twin=0 source=/Game/S08/UI/ArtHud/WBP_S08ArtTag mode=compact look=P1 shape=circle placement=above ring=0 order=2 bound=1 softPx2=0 planned=(396,458,480,480) frame=611 font=11
2026.10.06-03.41.50 SHOT widget id=board.tag.bar impl=umg state=compact fighter=f-0-sk1 bbox=(415,467,449,472) geom=painted visible=1 twin=0 source=/Game/S08/UI/ArtHud/WBP_S08ArtTag mode=compact look=P1 shape=circle placement=above ring=0 order=2 bound=1 softPx2=0 planned=(396,458,480,480) frame=611
2026.10.06-03.41.50 SHOT widget id=board.tag.chip impl=umg state=compact fighter=f-0-sk1 bbox=(400,463,412,475) geom=painted visible=1 twin=0 source=/Game/S08/UI/ArtHud/WBP_S08ArtTag mode=compact look=P1 shape=circle placement=above ring=0 order=2 bound=1 softPx2=0 planned=(396,458,480,480) frame=611
2026.10.06-03.41.50 SHOT widget id=board.tag impl=umg state=compact fighter=f-0-sk2 bbox=(308,584,392,606) geom=painted visible=1 twin=0 source=/Game/S08/UI/ArtHud/WBP_S08ArtTag mode=compact look=P1 shape=circle placement=left ring=0 order=5 bound=1 softPx2=0 planned=(308,584,392,606) frame=611
2026.10.06-03.41.50 SHOT widget id=board.tag.hp impl=umg state=compact fighter=f-0-sk2 bbox=(364,586,388,604) geom=painted visible=1 twin=0 source=/Game/S08/UI/ArtHud/WBP_S08ArtTag mode=compact look=P1 shape=circle placement=left ring=0 order=5 bound=1 softPx2=0 planned=(308,584,392,606) frame=611 font=11
2026.10.06-03.41.50 SHOT widget id=board.tag.bar impl=umg state=compact fighter=f-0-sk2 bbox=(327,593,361,598) geom=painted visible=1 twin=0 source=/Game/S08/UI/ArtHud/WBP_S08ArtTag mode=compact look=P1 shape=circle placement=left ring=0 order=5 bound=1 softPx2=0 planned=(308,584,392,606) frame=611
2026.10.06-03.41.50 SHOT widget id=board.tag.chip impl=umg state=compact fighter=f-0-sk2 bbox=(312,589,324,601) geom=painted visible=1 twin=0 source=/Game/S08/UI/ArtHud/WBP_S08ArtTag mode=compact look=P1 shape=circle placement=left ring=0 order=5 bound=1 softPx2=0 planned=(308,584,392,606) frame=611
2026.10.06-03.41.50 SHOT widget id=board.tag impl=umg state=compact fighter=f-1-hero bbox=(1072,730,1174,752) geom=painted visible=1 twin=0 source=/Game/S08/UI/ArtHud/WBP_S08ArtTag mode=compact look=P2 shape=hex placement=below ring=0 order=1 bound=1 softPx2=0 planned=(1072,730,1174,752) frame=611
2026.10.06-03.41.50 SHOT widget id=board.tag.hp impl=umg state=compact fighter=f-1-hero bbox=(1128,732,1170,750) geom=painted visible=1 twin=0 source=/Game/S08/UI/ArtHud/WBP_S08ArtTag mode=compact look=P2 shape=hex placement=below ring=0 order=1 bound=1 softPx2=0 planned=(1072,730,1174,752) frame=611 font=11
2026.10.06-03.41.50 SHOT widget id=board.tag.bar impl=umg state=compact fighter=f-1-hero bbox=(1091,739,1125,744) geom=painted visible=1 twin=0 source=/Game/S08/UI/ArtHud/WBP_S08ArtTag mode=compact look=P2 shape=hex placement=below ring=0 order=1 bound=1 softPx2=0 planned=(1072,730,1174,752) frame=611
2026.10.06-03.41.50 SHOT widget id=board.tag.chip impl=umg state=compact fighter=f-1-hero bbox=(1076,735,1088,747) geom=painted visible=1 twin=0 source=/Game/S08/UI/ArtHud/WBP_S08ArtTag mode=compact look=P2 shape=hex placement=below ring=0 order=1 bound=1 softPx2=0 planned=(1072,730,1174,752) frame=611
2026.10.06-03.41.50 SHOT widget id=board.tag impl=umg state=compact fighter=f-1-sk0 bbox=(1130,510,1214,532) geom=painted visible=1 twin=0 source=/Game/S08/UI/ArtHud/WBP_S08ArtTag mode=compact look=P2 shape=hex placement=above ring=0 order=4 bound=1 softPx2=0 planned=(1130,510,1214,532) frame=611
2026.10.06-03.41.50 SHOT widget id=board.tag.hp impl=umg state=compact fighter=f-1-sk0 bbox=(1186,512,1210,530) geom=painted visible=1 twin=0 source=/Game/S08/UI/ArtHud/WBP_S08ArtTag mode=compact look=P2 shape=hex placement=above ring=0 order=4 bound=1 softPx2=0 planned=(1130,510,1214,532) frame=611 font=11
2026.10.06-03.41.50 SHOT widget id=board.tag.bar impl=umg state=compact fighter=f-1-sk0 bbox=(1149,519,1183,524) geom=painted visible=1 twin=0 source=/Game/S08/UI/ArtHud/WBP_S08ArtTag mode=compact look=P2 shape=hex placement=above ring=0 order=4 bound=1 softPx2=0 planned=(1130,510,1214,532) frame=611
2026.10.06-03.41.50 SHOT widget id=board.tag.chip impl=umg state=compact fighter=f-1-sk0 bbox=(1134,515,1146,527) geom=painted visible=1 twin=0 source=/Game/S08/UI/ArtHud/WBP_S08ArtTag mode=compact look=P2 shape=hex placement=above ring=0 order=4 bound=1 softPx2=0 planned=(1130,510,1214,532) frame=611
2026.10.06-03.41.50 SHOT widget id=board.damage impl=umg state=damage fighter=f-1-hero bbox=(1176,727,1216,755) geom=painted visible=1 twin=0 source=/Game/S08/UI/ArtHud/WBP_S08ArtDamage amount=4 seq=7 placement=right_ring=0_hardPx2=0_softPx2=0 stableFrames=7 planned=(1176,727,1216,755) frame=611
2026.10.06-03.41.50 SHOT widget id=board.damage.text impl=umg state=damage fighter=f-1-hero bbox=(1184,727,1208,755) geom=painted visible=1 twin=0 source=/Game/S08/UI/ArtHud/WBP_S08ArtDamage amount=4 seq=7 placement=right_ring=0_hardPx2=0_softPx2=0 stableFrames=7 planned=(1176,727,1216,755) frame=611 font=18
2026.10.06-03.41.50 SHOT damage fighter=f-1-hero bbox=(1176,727,1216,755) frame=611
2026.10.06-03.41.50 SHOT panel id=hud.command bbox=(0,0,702,209) geom=painted visible=1 frame=611
2026.10.06-03.41.50 SHOT panel id=hud.side bbox=(1502,0,1920,179) geom=painted visible=1 frame=611
2026.10.06-03.41.50 SHOT panel id=hud.hand bbox=(488,929,1433,1080) geom=painted visible=1 frame=611
2026.10.06-03.41.50 SHOT late end file=s09-damage-combat.png frame=611
2026.10.06-03.41.50 CUE fx done id=CUE-011 subject=f-1-hero seq=7 t=22916 ms=900 cut=0
2026.10.06-03.41.50 CUE combat seq=7 stage=end t=22916 total=2633 skipped=1 cut=0
2026.10.06-03.41.50 ARTPREVIEW fighter=Medusa hero=1 eligible=0 visual=1 mesh=SK_Medusa_H2LD
2026.10.06-03.41.50 TAG fighter=f-0-hero bbox=(932,654,1034,676) mode=compact look=P1 placement=above ring=0 hardPx2=0 softPx2=0 order=0 bound=1
2026.10.06-03.41.50 TAG fighter=f-0-sk0 bbox=(509,496,593,518) mode=compact look=P1 placement=above ring=0 hardPx2=0 softPx2=0 order=2 bound=1
2026.10.06-03.41.50 TAG fighter=f-0-sk1 bbox=(396,458,480,480) mode=compact look=P1 placement=above ring=0 hardPx2=0 softPx2=0 order=1 bound=1
2026.10.06-03.41.50 TAG fighter=f-0-sk2 bbox=(308,584,392,606) mode=compact look=P1 placement=left ring=0 hardPx2=0 softPx2=0 order=4 bound=1
2026.10.06-03.41.50 TAG fighter=f-1-hero bbox=(1072,730,1174,752) mode=compact look=P2 placement=below ring=0 hardPx2=0 softPx2=0 order=5 bound=1
2026.10.06-03.41.50 TAG fighter=f-1-sk0 bbox=(1130,510,1214,532) mode=compact look=P2 placement=above ring=0 hardPx2=0 softPx2=0 order=3 bound=1
2026.10.06-03.41.50 ICON fighter=f-0-hero bbox=(1026,700,1058,732) size=32 src=combat anchor=right fallback=0 overlapPx2=0 texture=/Game/S08/UI/IconsV3/T_IV3_action_attack_token_32.T_IV3_action_attack_token_32
2026.10.06-03.41.51 game -> room=cmuw4tbs005wpt84mulgi3nuk code=<redacted> status=IN_PROGRESS
2026.10.06-03.41.54 game -> room=cmuw4tbs005wpt84mulgi3nuk code=<redacted> status=IN_PROGRESS
2026.10.06-03.41.57 game -> room=cmuw4tbs005wpt84mulgi3nuk code=<redacted> status=IN_PROGRESS
2026.10.06-03.42.00 game -> room=cmuw4tbs005wpt84mulgi3nuk code=<redacted> status=IN_PROGRESS
2026.10.06-03.42.03 game -> room=cmuw4tbs005wpt84mulgi3nuk code=<redacted> status=IN_PROGRESS
2026.10.06-03.42.06 game -> room=cmuw4tbs005wpt84mulgi3nuk code=<redacted> status=IN_PROGRESS
2026.10.06-03.42.09 game -> room=cmuw4tbs005wpt84mulgi3nuk code=<redacted> status=IN_PROGRESS
2026.10.06-03.42.09 TAG fighter=f-0-hero bbox=(932,654,1034,676) mode=compact look=P1 placement=above ring=0 hardPx2=0 softPx2=0 order=0 bound=1
2026.10.06-03.42.09 TAG fighter=f-0-sk0 bbox=(509,496,593,518) mode=compact look=P1 placement=above ring=0 hardPx2=0 softPx2=0 order=2 bound=1
2026.10.06-03.42.09 TAG fighter=f-0-sk1 bbox=(396,458,480,480) mode=compact look=P1 placement=above ring=0 hardPx2=0 softPx2=0 order=1 bound=1
2026.10.06-03.42.09 TAG fighter=f-0-sk2 bbox=(308,584,392,606) mode=compact look=P1 placement=left ring=0 hardPx2=0 softPx2=0 order=4 bound=1
2026.10.06-03.42.09 TAG fighter=f-1-hero bbox=(1072,730,1174,752) mode=compact look=P2 placement=below ring=0 hardPx2=0 softPx2=0 order=5 bound=1
2026.10.06-03.42.09 TAG fighter=f-1-sk0 bbox=(1130,510,1214,532) mode=compact look=P2 placement=above ring=0 hardPx2=0 softPx2=0 order=3 bound=1
2026.10.06-03.42.09 ICON fighter=f-0-hero bbox=(1026,700,1058,732) size=32 src=combat anchor=right fallback=0 overlapPx2=0 texture=/Game/S08/UI/IconsV3/T_IV3_action_attack_token_32.T_IV3_action_attack_token_32
2026.10.06-03.42.11 SFX bank=AMB-SARPEDON-RIGGING tag=spot class=Ambience t=44221 sound=SW_AMB_SARPEDON_RIGGING_04 gain=0.60
2026.10.06-03.42.11 AMB spot=AMB-SARPEDON-RIGGING t=44221
2026.10.06-03.42.12 game -> room=cmuw4tbs005wpt84mulgi3nuk code=<redacted> status=IN_PROGRESS
2026.10.06-03.42.15 SNAPSHOT applied seq=9 phase=COMBAT_RESOLVE
2026.10.06-03.42.15 HANDLE_APPLIED #11 seq=9 decision=2 fightersValid=1 boardValid=1
2026.10.06-03.42.15 CUE sound id=CUE-009 point=cue subject=f-0-hero seq=9 t=48055 event_t=48055 dt=0 class=SFX sound=SW_CMB_DEFENSE_PLAYED_02 gain=0.80 result=played
2026.10.06-03.42.15 VO event=DEFEND speaker=MEDUSA t=48055 result=played line=MEDUSA-DEFEND-02 prio=4
2026.10.06-03.42.15 VO subtitle line=MEDUSA-DEFEND-02 until=49834
2026.10.06-03.42.15 CUE fx id=CUE-009 subject=f-0-hero seq=9 t=48055 vfx=missing sfx=missing clip=none mat=FxFlash socket=Head reduced=0 result=fallback
2026.10.06-03.42.15 MS-PENDING open id=cmq7d7b1l00odwi74c2cay62t-after-0-p0 type=MOVE value=2 optional=0 fighter=- owner=- legal=2 targets=0 stay=0 decline=0
2026.10.06-03.42.15 closed mode=
2026.10.06-03.42.15 MODE seq=9 mode=6 combat=1 pending=1
2026.10.06-03.42.15 MS-PENDING present=modal id=cmq7d7b1l00odwi74c2cay62t-after-0-p0 opens=0 collapsed=0 type=MOVE
2026.10.06-03.42.15 MS-OPP verb=none seq=9
2026.10.06-03.42.15 HUD seq=9 phase=COMBAT_RESOLVE turn=you hand=4 oppHand=4(hidden) oppDeck=24~ deck=24~ discard=2
2026.10.06-03.42.15 MS-STATUS seq=9 text="Choose what to move"
2026.10.06-03.42.15 MS-PENDING step=object 1/2 n=0 turn=own id=cmq7d7b1l00odwi74c2cay62t-after-0-p0
2026.10.06-03.42.15 ARTPREVIEW fighter=Medusa hero=1 eligible=0 visual=1 mesh=SK_Medusa_H2LD
2026.10.06-03.42.15 FIGHTERS synced n=6 alive=6 own=2 enemy=4
2026.10.06-03.42.15 ARTPREVIEW damage-number fighter=f-0-hero amount=4 seq=9 cell=(4,4)
2026.10.06-03.42.15 ARTPREVIEW anim fighter=f-0-hero clip=HitReact len=0.417 event=damaged loop=0 phase=0.0000 seq=9 asset=AM_Medusa_HitReact rate=1.00
2026.10.06-03.42.15 ARTPREVIEW hit-tint fighter=f-0-hero ms=450
2026.10.06-03.42.15 VO event=HURT speaker=MEDUSA t=48055 result=skipped line=- prio=3 reason=gap
2026.10.06-03.42.15 CUE damage f-0-hero -4 seq=9
2026.10.06-03.42.15 WS seq=9 phase=COMBAT_RESOLVE (apply)
2026.10.06-03.42.15 CUE sound id=CUE-011 point=hit subject=f-0-hero seq=9 t=48055 event_t=48055 dt=0 class=SFX sound=SW_CMB_HIT_MAGIC_03 gain=0.80 result=played bank=CMB-HIT-MAGIC
2026.10.06-03.42.15 HUD-HEART side=opp hero=f-0-hero hp=12/16 anim=damage glow=1 played=1
2026.10.06-03.42.15 HUD-HAND lower=1 pick=target cursor=board preview=hidden seq=9
2026.10.06-03.42.15 S09AUTO drive mode=6 plan=[attack+abilityboost+scheme+storms+defend+resolve] phase=COMBAT_RESOLVE turn=cmuhntiwu0001wib0z281rpa8
2026.10.06-03.42.15 S09AUTO pending-open shot (type=MOVE stage=0 mode=)
2026.10.06-03.42.15 SHOT ctx viewport=1920x1080 viewTarget=CameraActor_2147482025 cam=(0,1342,1917) rot=(-55,-90,0)
2026.10.06-03.42.15 RENDER tag=SHOT rhi=D3D12 featureLevel=SM6 shaderPlatform=PCD3D_SM6 lumenPlatform=1 gi=lumen giMethod=1 refl=lumen reflMethod=1 shadows=csm vsmEnable=0 sg.res=100 sg.view=2 sg.aa=2 sg.shadow=2 sg.gi=2 sg.refl=2 sg.pp=2 sg.tex=2 sg.fx=2 sg.foliage=2 sg.shading=2 sg.landscape=2 preset=High screenPct=100.0 screenPctMode=0 aa=TSR aaMethod=4 exposure=fixed-histogram expMin=4.14106 expMax=4.14106 expBias=0.000 ev100=2.05 lightUnits=candelas sky=1 skyIntensity=3.000 keyShadow=csm-3600uu-2c-contact0.000 shadowCasters=1 profile=sarpedon-night profilesSha256=0a3417258f46ad3d99620bcbabd1b37615192b7a59f090c77515189845b33bb7 profilesSource=pak legacyRender=0 gameLayer=unlit-eyeadaptinv tMaxFPS=30.0 vsync=0 frameRateLimit=60.0 substrate=0 nanite=1 meshDF=1 viewport=1920x1080 reference=1
2026.10.06-03.42.15 SHOT fighter f-0-hero pos=(4,4) world=(16,189,0) screen=(982,752) projected=1 alive=1
2026.10.06-03.42.15 SHOT fighter f-0-sk0 pos=(1,3) world=(-309,33,0) screen=(555,576) projected=1 alive=1
2026.10.06-03.42.15 SHOT fighter f-0-sk1 pos=(0,2) world=(-398,-3,0) screen=(442,537) projected=1 alive=1
2026.10.06-03.42.15 SHOT fighter f-0-sk2 pos=(0,3) world=(-394,92,0) screen=(435,640) projected=1 alive=1
2026.10.06-03.42.15 SHOT fighter f-1-hero pos=(5,4) world=(119,141,0) screen=(1120,695) projected=1 alive=1
2026.10.06-03.42.15 SHOT fighter f-1-sk0 pos=(6,3) world=(159,52,0) screen=(1169,596) projected=1 alive=1
2026.10.06-03.42.15 SHOT camera dist=2340.2 target=2340.2 overview=2340.2 errPct=0.000 focusErr=0.00 settled=1 zoom=1.00
2026.10.06-03.42.15 SHOT head fighter=f-0-hero socket=Head mesh=SK_Medusa_H2LD world=(17.1,188.3,47.0) screen=(983.7,716.7) top=(983.7,712.3) bottom=(983.6,721.0) headPx=8.8 projected=1
2026.10.06-03.42.15 SHOT head fighter=f-0-sk0 socket=Head mesh=SK_Harpy_H3LD world=(-309.0,27.9,34.0) screen=(550.3,544.5) top=(549.4,540.0) bottom=(551.2,549.1) headPx=9.3 projected=1
2026.10.06-03.42.15 SHOT head fighter=f-0-sk1 socket=Head mesh=SK_Harpy_H3LD world=(-398.4,2.4,34.2) screen=(435.0,516.7) top=(433.9,512.1) bottom=(436.1,521.3) headPx=9.4 projected=1
2026.10.06-03.42.15 SHOT head fighter=f-0-sk2 socket=Head mesh=SK_Harpy_H3LD world=(-393.6,86.8,34.1) screen=(430.3,609.4) top=(429.1,604.9) bottom=(431.4,613.8) headPx=9.3 projected=1
2026.10.06-03.42.15 SHOT head fighter=f-1-hero socket=Head mesh=SK_KingArthur_H2LD world=(118.8,139.7,50.1) screen=(1123.0,657.6) top=(1123.3,653.1) bottom=(1122.6,662.0) headPx=9.0 projected=1
2026.10.06-03.42.15 SHOT head fighter=f-1-sk0 socket=Head mesh=SK_Merlin_H2LD world=(159.2,48.9,36.6) screen=(1172.4,565.4) top=(1172.9,560.9) bottom=(1172.0,570.0) headPx=9.1 projected=1
2026.10.06-03.42.15 SHOT figure fighter=f-0-hero bbox=(943,678,1023,785) ringR=28.50 art=1 blockout=0 team=P1 look=P1 ring=1
2026.10.06-03.42.15 SHOT figure fighter=f-0-sk0 bbox=(516,520,586,600) ringR=22.23 art=1 blockout=0 team=P1 look=P1 ring=1
2026.10.06-03.42.15 SHOT figure fighter=f-0-sk1 bbox=(402,482,474,561) ringR=22.23 art=1 blockout=0 team=P1 look=P1 ring=1
2026.10.06-03.42.15 SHOT figure fighter=f-0-sk2 bbox=(394,584,467,665) ringR=22.23 art=1 blockout=0 team=P1 look=P1 ring=1
2026.10.06-03.42.15 SHOT figure fighter=f-1-hero bbox=(1081,619,1165,728) ringR=28.50 art=1 blockout=0 team=P2 look=P2 ring=1
2026.10.06-03.42.15 SHOT figure fighter=f-1-sk0 bbox=(1139,534,1204,620) ringR=22.23 art=1 blockout=0 team=P2 look=P2 ring=1
2026.10.06-03.42.15 SHOT request file=s09-pending-MOVE.png frame=1371
2026.10.06-03.42.15 SHOT requested: FScreenshotRequest(bShowUI) -> C:\Users\ren\AppData\Local\Temp\s09-combat-20261006-084119-39652\joiner/s09-pending-MOVE.png
2026.10.06-03.42.15 TAG fighter=f-0-hero bbox=(932,654,1034,676) mode=compact look=P1 placement=above ring=0 hardPx2=0 softPx2=0 order=0 bound=1
2026.10.06-03.42.15 TAG fighter=f-0-sk0 bbox=(509,496,593,518) mode=compact look=P1 placement=above ring=0 hardPx2=0 softPx2=0 order=2 bound=1
2026.10.06-03.42.15 TAG fighter=f-0-sk1 bbox=(396,458,480,480) mode=compact look=P1 placement=above ring=0 hardPx2=0 softPx2=0 order=1 bound=1
2026.10.06-03.42.15 TAG fighter=f-0-sk2 bbox=(308,584,392,606) mode=compact look=P1 placement=left ring=0 hardPx2=0 softPx2=0 order=4 bound=1
2026.10.06-03.42.15 TAG fighter=f-1-hero bbox=(1072,730,1174,752) mode=compact look=P2 placement=below ring=0 hardPx2=0 softPx2=0 order=5 bound=1
2026.10.06-03.42.15 TAG fighter=f-1-sk0 bbox=(1130,510,1214,532) mode=compact look=P2 placement=above ring=0 hardPx2=0 softPx2=0 order=3 bound=1
2026.10.06-03.42.15 ICON fighter=f-0-hero bbox=(1026,700,1058,732) size=32 src=combat anchor=right fallback=0 overlapPx2=0 texture=/Game/S08/UI/IconsV3/T_IV3_action_attack_token_32.T_IV3_action_attack_token_32
2026.10.06-03.42.15 DAMAGE fighter=f-0-hero bbox=(963,624,1003,652) amount=4 seq=9 placement=above ring=0 hardPx2=0 softPx2=0
2026.10.06-03.42.15 SHOT captured file=s09-pending-MOVE.png frame=1371 px=1920x1080 sha256=a8f1760df4a5cac62560feebff87f54de425ce3d0b68975ef17b3a8bba045fd3 order=BGRA saved=1
2026.10.06-03.42.15 SHOT late begin file=s09-pending-MOVE.png frame=1371 requestFrame=1371
2026.10.06-03.42.15 SHOT icon fighter=f-0-hero bbox=(1026,700,1058,732) size=32 src=combat planned=(1026,700,1058,732) geom=painted visible=1 anchor=right fallback=0 overlapPx2=0 texture=/Game/S08/UI/IconsV3/T_IV3_action_attack_token_32.T_IV3_action_attack_token_32 frame=1371
2026.10.06-03.42.15 SHOT widget id=icon impl=umg-motion state=combat fighter=f-0-hero bbox=(1026,700,1058,732) geom=painted visible=1 twin=0 source=S08AnimatedIconWidget:action-attack-token frame=1371
2026.10.06-03.42.15 SHOT widget id=board.tag impl=umg state=compact fighter=f-0-hero bbox=(932,654,1034,676) geom=painted visible=1 twin=0 source=/Game/S08/UI/ArtHud/WBP_S08ArtTag mode=compact look=P1 shape=circle placement=above ring=0 order=0 bound=1 softPx2=0 planned=(932,654,1034,676) frame=1371
2026.10.06-03.42.15 SHOT widget id=board.tag.hp impl=umg state=compact fighter=f-0-hero bbox=(988,656,1030,674) geom=painted visible=1 twin=0 source=/Game/S08/UI/ArtHud/WBP_S08ArtTag mode=compact look=P1 shape=circle placement=above ring=0 order=0 bound=1 softPx2=0 planned=(932,654,1034,676) frame=1371 font=11
2026.10.06-03.42.15 SHOT widget id=board.tag.bar impl=umg state=compact fighter=f-0-hero bbox=(951,663,985,668) geom=painted visible=1 twin=0 source=/Game/S08/UI/ArtHud/WBP_S08ArtTag mode=compact look=P1 shape=circle placement=above ring=0 order=0 bound=1 softPx2=0 planned=(932,654,1034,676) frame=1371
2026.10.06-03.42.15 SHOT widget id=board.tag.chip impl=umg state=compact fighter=f-0-hero bbox=(936,659,948,671) geom=painted visible=1 twin=0 source=/Game/S08/UI/ArtHud/WBP_S08ArtTag mode=compact look=P1 shape=circle placement=above ring=0 order=0 bound=1 softPx2=0 planned=(932,654,1034,676) frame=1371
2026.10.06-03.42.15 SHOT widget id=board.tag impl=umg state=compact fighter=f-0-sk0 bbox=(509,496,593,518) geom=painted visible=1 twin=0 source=/Game/S08/UI/ArtHud/WBP_S08ArtTag mode=compact look=P1 shape=circle placement=above ring=0 order=2 bound=1 softPx2=0 planned=(509,496,593,518) frame=1371
2026.10.06-03.42.15 SHOT widget id=board.tag.hp impl=umg state=compact fighter=f-0-sk0 bbox=(565,498,589,516) geom=painted visible=1 twin=0 source=/Game/S08/UI/ArtHud/WBP_S08ArtTag mode=compact look=P1 shape=circle placement=above ring=0 order=2 bound=1 softPx2=0 planned=(509,496,593,518) frame=1371 font=11
2026.10.06-03.42.15 SHOT widget id=board.tag.bar impl=umg state=compact fighter=f-0-sk0 bbox=(528,505,562,510) geom=painted visible=1 twin=0 source=/Game/S08/UI/ArtHud/WBP_S08ArtTag mode=compact look=P1 shape=circle placement=above ring=0 order=2 bound=1 softPx2=0 planned=(509,496,593,518) frame=1371
2026.10.06-03.42.15 SHOT widget id=board.tag.chip impl=umg state=compact fighter=f-0-sk0 bbox=(513,501,525,513) geom=painted visible=1 twin=0 source=/Game/S08/UI/ArtHud/WBP_S08ArtTag mode=compact look=P1 shape=circle placement=above ring=0 order=2 bound=1 softPx2=0 planned=(509,496,593,518) frame=1371
2026.10.06-03.42.15 SHOT widget id=board.tag impl=umg state=compact fighter=f-0-sk1 bbox=(396,458,480,480) geom=painted visible=1 twin=0 source=/Game/S08/UI/ArtHud/WBP_S08ArtTag mode=compact look=P1 shape=circle placement=above ring=0 order=1 bound=1 softPx2=0 planned=(396,458,480,480) frame=1371
2026.10.06-03.42.15 SHOT widget id=board.tag.hp impl=umg state=compact fighter=f-0-sk1 bbox=(452,460,476,478) geom=painted visible=1 twin=0 source=/Game/S08/UI/ArtHud/WBP_S08ArtTag mode=compact look=P1 shape=circle placement=above ring=0 order=1 bound=1 softPx2=0 planned=(396,458,480,480) frame=1371 font=11
2026.10.06-03.42.15 SHOT widget id=board.tag.bar impl=umg state=compact fighter=f-0-sk1 bbox=(415,467,449,472) geom=painted visible=1 twin=0 source=/Game/S08/UI/ArtHud/WBP_S08ArtTag mode=compact look=P1 shape=circle placement=above ring=0 order=1 bound=1 softPx2=0 planned=(396,458,480,480) frame=1371
2026.10.06-03.42.15 SHOT widget id=board.tag.chip impl=umg state=compact fighter=f-0-sk1 bbox=(400,463,412,475) geom=painted visible=1 twin=0 source=/Game/S08/UI/ArtHud/WBP_S08ArtTag mode=compact look=P1 shape=circle placement=above ring=0 order=1 bound=1 softPx2=0 planned=(396,458,480,480) frame=1371
2026.10.06-03.42.15 SHOT widget id=board.tag impl=umg state=compact fighter=f-0-sk2 bbox=(308,584,392,606) geom=painted visible=1 twin=0 source=/Game/S08/UI/ArtHud/WBP_S08ArtTag mode=compact look=P1 shape=circle placement=left ring=0 order=4 bound=1 softPx2=0 planned=(308,584,392,606) frame=1371
2026.10.06-03.42.15 SHOT widget id=board.tag.hp impl=umg state=compact fighter=f-0-sk2 bbox=(364,586,388,604) geom=painted visible=1 twin=0 source=/Game/S08/UI/ArtHud/WBP_S08ArtTag mode=compact look=P1 shape=circle placement=left ring=0 order=4 bound=1 softPx2=0 planned=(308,584,392,606) frame=1371 font=11
2026.10.06-03.42.15 SHOT widget id=board.tag.bar impl=umg state=compact fighter=f-0-sk2 bbox=(327,593,361,598) geom=painted visible=1 twin=0 source=/Game/S08/UI/ArtHud/WBP_S08ArtTag mode=compact look=P1 shape=circle placement=left ring=0 order=4 bound=1 softPx2=0 planned=(308,584,392,606) frame=1371
2026.10.06-03.42.15 SHOT widget id=board.tag.chip impl=umg state=compact fighter=f-0-sk2 bbox=(312,589,324,601) geom=painted visible=1 twin=0 source=/Game/S08/UI/ArtHud/WBP_S08ArtTag mode=compact look=P1 shape=circle placement=left ring=0 order=4 bound=1 softPx2=0 planned=(308,584,392,606) frame=1371
2026.10.06-03.42.15 SHOT widget id=board.tag impl=umg state=compact fighter=f-1-hero bbox=(1072,730,1174,752) geom=painted visible=1 twin=0 source=/Game/S08/UI/ArtHud/WBP_S08ArtTag mode=compact look=P2 shape=hex placement=below ring=0 order=5 bound=1 softPx2=0 planned=(1072,730,1174,752) frame=1371
2026.10.06-03.42.15 SHOT widget id=board.tag.hp impl=umg state=compact fighter=f-1-hero bbox=(1128,732,1170,750) geom=painted visible=1 twin=0 source=/Game/S08/UI/ArtHud/WBP_S08ArtTag mode=compact look=P2 shape=hex placement=below ring=0 order=5 bound=1 softPx2=0 planned=(1072,730,1174,752) frame=1371 font=11
2026.10.06-03.42.15 SHOT widget id=board.tag.bar impl=umg state=compact fighter=f-1-hero bbox=(1091,739,1125,744) geom=painted visible=1 twin=0 source=/Game/S08/UI/ArtHud/WBP_S08ArtTag mode=compact look=P2 shape=hex placement=below ring=0 order=5 bound=1 softPx2=0 planned=(1072,730,1174,752) frame=1371
2026.10.06-03.42.15 SHOT widget id=board.tag.chip impl=umg state=compact fighter=f-1-hero bbox=(1076,735,1088,747) geom=painted visible=1 twin=0 source=/Game/S08/UI/ArtHud/WBP_S08ArtTag mode=compact look=P2 shape=hex placement=below ring=0 order=5 bound=1 softPx2=0 planned=(1072,730,1174,752) frame=1371
2026.10.06-03.42.15 SHOT widget id=board.tag impl=umg state=compact fighter=f-1-sk0 bbox=(1130,510,1214,532) geom=painted visible=1 twin=0 source=/Game/S08/UI/ArtHud/WBP_S08ArtTag mode=compact look=P2 shape=hex placement=above ring=0 order=3 bound=1 softPx2=0 planned=(1130,510,1214,532) frame=1371
2026.10.06-03.42.15 SHOT widget id=board.tag.hp impl=umg state=compact fighter=f-1-sk0 bbox=(1186,512,1210,530) geom=painted visible=1 twin=0 source=/Game/S08/UI/ArtHud/WBP_S08ArtTag mode=compact look=P2 shape=hex placement=above ring=0 order=3 bound=1 softPx2=0 planned=(1130,510,1214,532) frame=1371 font=11
2026.10.06-03.42.15 SHOT widget id=board.tag.bar impl=umg state=compact fighter=f-1-sk0 bbox=(1149,519,1183,524) geom=painted visible=1 twin=0 source=/Game/S08/UI/ArtHud/WBP_S08ArtTag mode=compact look=P2 shape=hex placement=above ring=0 order=3 bound=1 softPx2=0 planned=(1130,510,1214,532) frame=1371
2026.10.06-03.42.15 SHOT widget id=board.tag.chip impl=umg state=compact fighter=f-1-sk0 bbox=(1134,515,1146,527) geom=painted visible=1 twin=0 source=/Game/S08/UI/ArtHud/WBP_S08ArtTag mode=compact look=P2 shape=hex placement=above ring=0 order=3 bound=1 softPx2=0 planned=(1130,510,1214,532) frame=1371
2026.10.06-03.42.15 SHOT widget id=board.damage impl=umg state=damage fighter=f-0-hero bbox=(963,624,1003,652) geom=painted visible=1 twin=0 source=/Game/S08/UI/ArtHud/WBP_S08ArtDamage amount=4 seq=9 placement=above_ring=0_hardPx2=0_softPx2=0 stableFrames=0 planned=(963,624,1003,652) frame=1371
2026.10.06-03.42.15 SHOT widget id=board.damage.text impl=umg state=damage fighter=f-0-hero bbox=(971,624,995,652) geom=painted visible=1 twin=0 source=/Game/S08/UI/ArtHud/WBP_S08ArtDamage amount=4 seq=9 placement=above_ring=0_hardPx2=0_softPx2=0 stableFrames=0 planned=(963,624,1003,652) frame=1371 font=18
2026.10.06-03.42.15 SHOT damage fighter=f-0-hero bbox=(963,624,1003,652) frame=1371
2026.10.06-03.42.15 SHOT panel id=hud.command bbox=(0,0,843,230) geom=painted visible=1 frame=1371
2026.10.06-03.42.15 SHOT panel id=hud.side bbox=(1443,0,1920,153) geom=painted visible=1 frame=1371
2026.10.06-03.42.15 SHOT panel id=hud.hand bbox=(488,929,1433,1080) geom=painted visible=1 frame=1371
2026.10.06-03.42.15 SHOT late end file=s09-pending-MOVE.png frame=1371
2026.10.06-03.42.15 PEND-RESOLVE sent type=MOVE stage=0 id=cmq7d7b1l00odwi74c2cay62t-after-0-p0
2026.10.06-03.42.15 MS-STATUS seq=9 text="Syncing…"
2026.10.06-03.42.15 MS-PENDING step=target 2/2 n=2 turn=own id=cmq7d7b1l00odwi74c2cay62t-after-0-p0
2026.10.06-03.42.15 S09AUTO pending picked (type=MOVE stage=0)
2026.10.06-03.42.15 TOAST text="choice sent"
2026.10.06-03.42.15 HUD plate content fighter=f-0-hero name=Medusa hp=12/16 team=enemy statuses=HERO  |  RANGED  |  TARGET teamSlot=P1 look=P1 shape=circle chip=#DAC576
2026.10.06-03.42.15 PLATE fighter=f-0-hero bbox=(893,791,1065,845) overlapReachable=0 placement=below ring=0 gap=6 selection=f-0-hero destinations=0 clean=1 softPx2=0 tested=110 bound=1
2026.10.06-03.42.15 TAG fighter=f-0-sk0 bbox=(509,496,593,518) mode=compact look=P1 placement=above ring=0 hardPx2=0 softPx2=0 order=1 bound=1
2026.10.06-03.42.15 TAG fighter=f-0-sk1 bbox=(396,458,480,480) mode=compact look=P1 placement=above ring=0 hardPx2=0 softPx2=0 order=0 bound=1
2026.10.06-03.42.15 TAG fighter=f-0-sk2 bbox=(308,584,392,606) mode=compact look=P1 placement=left ring=0 hardPx2=0 softPx2=0 order=3 bound=1
2026.10.06-03.42.15 TAG fighter=f-1-hero bbox=(1072,730,1174,752) mode=compact look=P2 placement=below ring=0 hardPx2=0 softPx2=0 order=4 bound=1
2026.10.06-03.42.15 TAG fighter=f-1-sk0 bbox=(1130,510,1214,532) mode=compact look=P2 placement=above ring=0 hardPx2=0 softPx2=0 order=2 bound=1
2026.10.06-03.42.15 ICON fighter=f-0-hero bbox=(1026,700,1058,732) size=32 src=combat anchor=right fallback=0 overlapPx2=0 texture=/Game/S08/UI/IconsV3/T_IV3_action_attack_token_32.T_IV3_action_attack_token_32
2026.10.06-03.42.15 DAMAGE fighter=f-0-hero bbox=(963,648,1003,676) amount=4 seq=9 placement=above ring=0 hardPx2=0 softPx2=0
2026.10.06-03.42.15 TAG fighter=f-0-sk0 bbox=(509,496,593,518) mode=compact look=P1 placement=above ring=0 hardPx2=0 softPx2=0 order=1 bound=1
2026.10.06-03.42.15 TAG fighter=f-0-sk1 bbox=(396,458,480,480) mode=compact look=P1 placement=above ring=0 hardPx2=0 softPx2=0 order=0 bound=1
2026.10.06-03.42.15 TAG fighter=f-0-sk2 bbox=(308,584,392,606) mode=compact look=P1 placement=left ring=0 hardPx2=0 softPx2=0 order=3 bound=1
2026.10.06-03.42.15 TAG fighter=f-1-hero bbox=(1072,730,1174,752) mode=compact look=P2 placement=below ring=0 hardPx2=0 softPx2=0 order=4 bound=1
2026.10.06-03.42.15 TAG fighter=f-1-sk0 bbox=(1130,510,1214,532) mode=compact look=P2 placement=above ring=0 hardPx2=0 softPx2=0 order=2 bound=1
2026.10.06-03.42.15 ICON fighter=f-0-hero bbox=(1026,700,1058,732) size=32 src=combat anchor=right fallback=0 overlapPx2=0 texture=/Game/S08/UI/IconsV3/T_IV3_action_attack_token_32.T_IV3_action_attack_token_32
2026.10.06-03.42.15 game -> room=cmuw4tbs005wpt84mulgi3nuk code=<redacted> status=IN_PROGRESS
2026.10.06-03.42.15 ARTPREVIEW anim fighter=f-0-hero clip=Idle len=2.333 event=clipFinished loop=1 phase=0.8071 seq=-1 asset=AM_Medusa_Idle rate=1.00
2026.10.06-03.42.15 CUE fx done id=CUE-009 subject=f-0-hero seq=9 t=48555 ms=500 cut=0
2026.10.06-03.42.16 SNAPSHOT applied seq=10 phase=ACTION_MANEUVER
2026.10.06-03.42.16 HANDLE_APPLIED #12 seq=10 decision=2 fightersValid=1 boardValid=1
2026.10.06-03.42.16 COMBAT-RESULT seq=10 damage=4 role=attacked
2026.10.06-03.42.16 COMBAT-LOG seq=10 log=10 n=2 entries=1 lines=1 src=log outcomes=CHOICE:1
2026.10.06-03.42.16 AUDIO combat seq=10 boosts=0 cancelled=0 own=1 fizzle=0
2026.10.06-03.42.16 CUE combat seq=10 stage=start t=48714 attacker=f-1-sk0 target=f-0-hero text=1 lines=1 damage=4 lethal=0 shown=1 speed=1.00 flip=620 contact=333 src=notify a=4 d=0 outcome=win
2026.10.06-03.42.16 CUE fx id=CUE-010 subject=scene seq=10 t=48714 vfx=none sfx=missing clip=none mat=none socket=- reduced=0 result=fallback
2026.10.06-03.42.16 CUE sound id=CUE-010 point=cue subject=card.attack seq=10 t=48714 event_t=48714 dt=0 class=SFX sound=SW_CRD_FLIP_02 gain=0.80 result=played
2026.10.06-03.42.16 CUE sound id=CUE-010 point=cue subject=card.defense seq=10 t=48714 event_t=48714 dt=0 class=SFX sound=SW_CMB_NO_DEFENSE_01 gain=0.80 result=played bank=CMB-NO-DEFENSE
2026.10.06-03.42.16 HUD-STAMP no-defense seq=10 target=f-0-hero icon=marker-x-stamp
2026.10.06-03.42.16 closed mode=
2026.10.06-03.42.16 MODE seq=10 mode=0 combat=0 pending=0
2026.10.06-03.42.16 MS-LAST enter seq=10 player=cmuhntiwu0001wib0z281rpa8 source=EFFECT moves=1 boost=-1
2026.10.06-03.42.16 HUD seq=10 phase=ACTION_MANEUVER turn=you hand=4 oppHand=4(hidden) oppDeck=24 deck=24 discard=2
2026.10.06-03.42.16 MS-STATUS seq=10 text="Choose an action: maneuver (M), attack (A) or scheme (G)"
2026.10.06-03.42.16 ARTPREVIEW heroesV2 fighter=f-0-hero mesh=/Game/PipelineCandidates/Medusa/H2LD/Meshes/SK_Medusa_H2LD mi=/Game/PipelineCandidates/Medusa/H2LD/Materials/MI_Medusa_H2LD_P1 yaw=90.0 scale=0.9998 name=Medusa hero=1 look=P1 base=/Game/PipelineCandidates/Medusa/H2LD/Meshes/SM_Medusa_H2LD_Base baseMi=/Game/PipelineCandidates/Medusa/H2LD/Materials/MI_Medusa_H2LD_Base_P1 skeleton=/Game/PipelineCandidates/Medusa/Rig/SK_Medusa_Skeleton.SK_Medusa_Skeleton clips=4/4 boundsTop=55.00 figureTop=55.00 budget=55.0
2026.10.06-03.42.16 ARTPREVIEW fighter=Medusa hero=1 eligible=0 visual=1 mesh=SK_Medusa_H2LD
2026.10.06-03.42.16 FIGHTERS synced n=6 alive=6 own=2 enemy=4
2026.10.06-03.42.16 MS-CUE move seq=10 fighter=f-0-hero order=0 of=1 kind=move steps=2 source=trail start=0 ms=560 snapped=0 path=S35>S31>S21 speed=normal reduced=0
2026.10.06-03.42.16 CUE sound id=CUE-007 point=step subject=f-0-hero seq=10 t=48714 event_t=48714 dt=0 class=SFX sound=SW_BRD_STEP_03 gain=0.80 result=played edge=1/2 due=48714
2026.10.06-03.42.16 MS-ANIM play seq=10 moves=1 animated=1 speed=normal reduced=0 end=710
2026.10.06-03.42.16 S09AUTO opponent-move shot scheduled seq=10 fighter=f-0-hero atMs=280
2026.10.06-03.42.16 CUE move f-0-hero (4,4)->(3,2) seq=10
2026.10.06-03.42.16 PEND resolve done seq=10 (apply) phase=ACTION_MANEUVER
2026.10.06-03.42.16 SNAPSHOT applied seq=10 phase=ACTION_MANEUVER
2026.10.06-03.42.16 HANDLE_APPLIED #13 seq=10 decision=1 fightersValid=1 boardValid=1
2026.10.06-03.42.16 MODE seq=10 mode=0 combat=0 pending=0
2026.10.06-03.42.16 HUD seq=10 phase=ACTION_MANEUVER turn=you hand=4 oppHand=4(hidden) oppDeck=24 deck=24 discard=2
2026.10.06-03.42.16 ARTPREVIEW fighter=Medusa hero=1 eligible=0 visual=1 mesh=SK_Medusa_H2LD
2026.10.06-03.42.16 FIGHTERS synced n=6 alive=6 own=2 enemy=4
2026.10.06-03.42.16 WS seq=10 phase=ACTION_MANEUVER (merge)
2026.10.06-03.42.16 SFX bank=BRD-PUSH tag=push class=SFX t=48747 sound=SW_BRD_PUSH_02 gain=0.80
2026.10.06-03.42.16 HUD-HAND lower=0 pick=none cursor=board preview=shown seq=10
2026.10.06-03.42.16 S09AUTO drive mode=0 plan=[attack+abilityboost+scheme+storms+defend+resolve] phase=ACTION_MANEUVER turn=cmuhntiwu0001wib0z281rpa8
2026.10.06-03.42.16 S09AUTO ranged target attacker=f-1-sk0 at=S25 target=f-0-hero at=S21 via=shared-zone (not linked)
2026.10.06-03.42.16 S09AUTO attack (attacker=f-1-sk0 target-set card-set)
2026.10.06-03.42.16 ATTACK sent ability=none
2026.10.06-03.42.16 HUD-TRACK chosen=attack seq=10 spent=1
2026.10.06-03.42.16 MS-STATUS seq=10 text="Syncing…"
2026.10.06-03.42.16 TOAST text="attack sent"
2026.10.06-03.42.16 PLATE hidden fighter=f-0-hero
2026.10.06-03.42.16 TAG fighter=f-0-hero bbox=(919,647,1021,669) mode=compact look=P1 placement=above ring=0 hardPx2=0 softPx2=0 order=0 bound=1
2026.10.06-03.42.16 TAG fighter=f-0-sk0 bbox=(509,496,593,518) mode=compact look=P1 placement=above ring=0 hardPx2=0 softPx2=0 order=2 bound=1
2026.10.06-03.42.16 TAG fighter=f-0-sk1 bbox=(396,458,480,480) mode=compact look=P1 placement=above ring=0 hardPx2=0 softPx2=0 order=1 bound=1
2026.10.06-03.42.16 TAG fighter=f-0-sk2 bbox=(308,584,392,606) mode=compact look=P1 placement=left ring=0 hardPx2=0 softPx2=0 order=4 bound=1
2026.10.06-03.42.16 TAG fighter=f-1-hero bbox=(1072,730,1174,752) mode=compact look=P2 placement=below ring=0 hardPx2=0 softPx2=0 order=5 bound=1
2026.10.06-03.42.16 TAG fighter=f-1-sk0 bbox=(1130,510,1214,532) mode=compact look=P2 placement=above ring=0 hardPx2=0 softPx2=0 order=3 bound=1
2026.10.06-03.42.16 ICON fighter=f-0-hero bbox=(1013,692,1045,724) size=32 src=combat anchor=right fallback=0 overlapPx2=0 texture=/Game/S08/UI/IconsV3/T_IV3_action_attack_token_32.T_IV3_action_attack_token_32
2026.10.06-03.42.16 DAMAGE fighter=f-0-hero bbox=(1023,644,1063,672) amount=4 seq=9 placement=right ring=0 hardPx2=0 softPx2=0
2026.10.06-03.42.16 HUD-TRACK own=2/2 server=1 local=1 opp=0/2 oppVisible=0 anim=spend/- seq=10 frame=1384
2026.10.06-03.42.16 TAG fighter=f-0-hero bbox=(906,639,1008,661) mode=compact look=P1 placement=above ring=0 hardPx2=0 softPx2=0 order=0 bound=1
2026.10.06-03.42.16 TAG fighter=f-0-sk0 bbox=(509,496,593,518) mode=compact look=P1 placement=above ring=0 hardPx2=0 softPx2=0 order=2 bound=1
2026.10.06-03.42.16 TAG fighter=f-0-sk1 bbox=(396,458,480,480) mode=compact look=P1 placement=above ring=0 hardPx2=0 softPx2=0 order=1 bound=1
2026.10.06-03.42.16 TAG fighter=f-0-sk2 bbox=(308,584,392,606) mode=compact look=P1 placement=left ring=0 hardPx2=0 softPx2=0 order=4 bound=1
2026.10.06-03.42.16 TAG fighter=f-1-hero bbox=(1072,730,1174,752) mode=compact look=P2 placement=below ring=0 hardPx2=0 softPx2=0 order=5 bound=1
2026.10.06-03.42.16 TAG fighter=f-1-sk0 bbox=(1130,510,1214,532) mode=compact look=P2 placement=above ring=0 hardPx2=0 softPx2=0 order=3 bound=1
2026.10.06-03.42.16 ICON fighter=f-0-hero bbox=(1000,684,1032,716) size=32 src=combat anchor=right fallback=0 overlapPx2=0 texture=/Game/S08/UI/IconsV3/T_IV3_action_attack_token_32.T_IV3_action_attack_token_32
2026.10.06-03.42.16 DAMAGE fighter=f-0-hero bbox=(1010,636,1050,664) amount=4 seq=9 placement=right ring=0 hardPx2=0 softPx2=0
2026.10.06-03.42.16 TAG fighter=f-0-hero bbox=(893,631,995,653) mode=compact look=P1 placement=above ring=0 hardPx2=0 softPx2=0 order=0 bound=1
2026.10.06-03.42.16 TAG fighter=f-0-sk0 bbox=(509,496,593,518) mode=compact look=P1 placement=above ring=0 hardPx2=0 softPx2=0 order=2 bound=1
2026.10.06-03.42.16 TAG fighter=f-0-sk1 bbox=(396,458,480,480) mode=compact look=P1 placement=above ring=0 hardPx2=0 softPx2=0 order=1 bound=1
2026.10.06-03.42.16 TAG fighter=f-0-sk2 bbox=(308,584,392,606) mode=compact look=P1 placement=left ring=0 hardPx2=0 softPx2=0 order=4 bound=1
2026.10.06-03.42.16 TAG fighter=f-1-hero bbox=(1072,730,1174,752) mode=compact look=P2 placement=below ring=0 hardPx2=0 softPx2=0 order=5 bound=1
2026.10.06-03.42.16 TAG fighter=f-1-sk0 bbox=(1130,510,1214,532) mode=compact look=P2 placement=above ring=0 hardPx2=0 softPx2=0 order=3 bound=1
2026.10.06-03.42.16 ICON fighter=f-0-hero bbox=(986,676,1018,708) size=32 src=combat anchor=right fallback=0 overlapPx2=0 texture=/Game/S08/UI/IconsV3/T_IV3_action_attack_token_32.T_IV3_action_attack_token_32
2026.10.06-03.42.16 DAMAGE fighter=f-0-hero bbox=(997,628,1037,656) amount=4 seq=9 placement=right ring=0 hardPx2=0 softPx2=0
2026.10.06-03.42.16 TAG fighter=f-0-hero bbox=(880,623,982,645) mode=compact look=P1 placement=above ring=0 hardPx2=0 softPx2=0 order=0 bound=1
2026.10.06-03.42.16 TAG fighter=f-0-sk0 bbox=(509,496,593,518) mode=compact look=P1 placement=above ring=0 hardPx2=0 softPx2=0 order=2 bound=1
2026.10.06-03.42.16 TAG fighter=f-0-sk1 bbox=(396,458,480,480) mode=compact look=P1 placement=above ring=0 hardPx2=0 softPx2=0 order=1 bound=1
2026.10.06-03.42.16 TAG fighter=f-0-sk2 bbox=(308,584,392,606) mode=compact look=P1 placement=left ring=0 hardPx2=0 softPx2=0 order=4 bound=1
2026.10.06-03.42.16 TAG fighter=f-1-hero bbox=(1072,730,1174,752) mode=compact look=P2 placement=below ring=0 hardPx2=0 softPx2=0 order=5 bound=1
2026.10.06-03.42.16 TAG fighter=f-1-sk0 bbox=(1130,510,1214,532) mode=compact look=P2 placement=above ring=0 hardPx2=0 softPx2=0 order=3 bound=1
2026.10.06-03.42.16 ICON fighter=f-0-hero bbox=(973,668,1005,700) size=32 src=combat anchor=right fallback=0 overlapPx2=0 texture=/Game/S08/UI/IconsV3/T_IV3_action_attack_token_32.T_IV3_action_attack_token_32
2026.10.06-03.42.16 DAMAGE fighter=f-0-hero bbox=(984,620,1024,648) amount=4 seq=9 placement=right ring=0 hardPx2=0 softPx2=0
2026.10.06-03.42.16 TAG fighter=f-0-hero bbox=(867,616,969,638) mode=compact look=P1 placement=above ring=0 hardPx2=0 softPx2=0 order=0 bound=1
2026.10.06-03.42.16 TAG fighter=f-0-sk0 bbox=(509,496,593,518) mode=compact look=P1 placement=above ring=0 hardPx2=0 softPx2=0 order=2 bound=1
2026.10.06-03.42.16 TAG fighter=f-0-sk1 bbox=(396,458,480,480) mode=compact look=P1 placement=above ring=0 hardPx2=0 softPx2=0 order=1 bound=1
2026.10.06-03.42.16 TAG fighter=f-0-sk2 bbox=(308,584,392,606) mode=compact look=P1 placement=left ring=0 hardPx2=0 softPx2=0 order=4 bound=1
2026.10.06-03.42.16 TAG fighter=f-1-hero bbox=(1072,730,1174,752) mode=compact look=P2 placement=below ring=0 hardPx2=0 softPx2=0 order=5 bound=1
2026.10.06-03.42.16 TAG fighter=f-1-sk0 bbox=(1130,510,1214,532) mode=compact look=P2 placement=above ring=0 hardPx2=0 softPx2=0 order=3 bound=1
2026.10.06-03.42.16 ICON fighter=f-0-hero bbox=(961,661,993,693) size=32 src=combat anchor=right fallback=0 overlapPx2=0 texture=/Game/S08/UI/IconsV3/T_IV3_action_attack_token_32.T_IV3_action_attack_token_32
2026.10.06-03.42.16 DAMAGE fighter=f-0-hero bbox=(971,613,1011,641) amount=4 seq=9 placement=right ring=0 hardPx2=0 softPx2=0
2026.10.06-03.42.16 SNAPSHOT applied seq=11 phase=COMBAT
2026.10.06-03.42.16 HANDLE_APPLIED #14 seq=11 decision=2 fightersValid=1 boardValid=1
2026.10.06-03.42.16 MUSIC state=combat theme=MUS-MAP-SARPEDON t=48880
2026.10.06-03.42.16 CUE sound id=CUE-008 point=cue subject=f-1-sk0 seq=11 t=48880 event_t=48880 dt=0 class=SFX sound=SW_CMB_ATTACK_DECLARE_02 gain=0.80 result=played
2026.10.06-03.42.16 AUDIO attack seq=11 key=MERLIN abilityBoost=0
2026.10.06-03.42.16 VO event=ATTACK speaker=MERLIN t=48880 result=skipped line=- prio=3 reason=gap
2026.10.06-03.42.16 CUE fx id=CUE-008 subject=f-1-sk0 seq=11 t=48880 vfx=missing sfx=missing clip=none mat=none socket=Weapon reduced=0 result=fallback
2026.10.06-03.42.16 CUE combat seq=10 stage=skip t=48880 src=catchup
2026.10.06-03.42.16 CATCHUP seq=10 latest=11 queued=1 lag=0 t=48880 action=hurry reason=combat applied=1
2026.10.06-03.42.16 closed mode=
2026.10.06-03.42.16 MODE seq=11 mode=0 combat=1 pending=0
2026.10.06-03.42.16 MS-OPP verb=defend seq=11
2026.10.06-03.42.16 MS-TRACK own=2/2 opp=0/2 oppVisible=0 seq=11
2026.10.06-03.42.16 HUD seq=11 phase=COMBAT turn=you hand=3 oppHand=4(hidden) oppDeck=24 deck=24 discard=3
2026.10.06-03.42.16 MS-STATUS seq=11 text="Waiting for the defender"
2026.10.06-03.42.16 ARTPREVIEW fighter=Medusa hero=1 eligible=0 visual=1 mesh=SK_Medusa_H2LD
2026.10.06-03.42.16 FIGHTERS synced n=6 alive=6 own=2 enemy=4
2026.10.06-03.42.16 ATTACK done seq=11 (apply) phase=COMBAT
2026.10.06-03.42.16 SNAPSHOT applied seq=11 phase=COMBAT
2026.10.06-03.42.16 HANDLE_APPLIED #15 seq=11 decision=1 fightersValid=1 boardValid=1
2026.10.06-03.42.16 MODE seq=11 mode=0 combat=1 pending=0
2026.10.06-03.42.16 HUD seq=11 phase=COMBAT turn=you hand=3 oppHand=4(hidden) oppDeck=24 deck=24 discard=3
2026.10.06-03.42.16 ARTPREVIEW fighter=Medusa hero=1 eligible=0 visual=1 mesh=SK_Medusa_H2LD
2026.10.06-03.42.16 FIGHTERS synced n=6 alive=6 own=2 enemy=4
2026.10.06-03.42.16 WS seq=11 phase=COMBAT (merge)
2026.10.06-03.42.16 HUD-TRACK own=2/2 server=2 local=0 opp=0/2 oppVisible=0 anim=-/- seq=11 frame=1388
2026.10.06-03.42.16 TAG fighter=f-0-hero bbox=(854,608,956,630) mode=compact look=P1 placement=above ring=0 hardPx2=0 softPx2=0 order=0 bound=1
2026.10.06-03.42.16 TAG fighter=f-0-sk0 bbox=(509,496,593,518) mode=compact look=P1 placement=above ring=0 hardPx2=0 softPx2=0 order=2 bound=1
2026.10.06-03.42.16 TAG fighter=f-0-sk1 bbox=(396,458,480,480) mode=compact look=P1 placement=above ring=0 hardPx2=0 softPx2=0 order=1 bound=1
2026.10.06-03.42.16 TAG fighter=f-0-sk2 bbox=(308,584,392,606) mode=compact look=P1 placement=left ring=0 hardPx2=0 softPx2=0 order=4 bound=1
2026.10.06-03.42.16 TAG fighter=f-1-hero bbox=(1072,730,1174,752) mode=compact look=P2 placement=below ring=0 hardPx2=0 softPx2=0 order=5 bound=1
2026.10.06-03.42.16 TAG fighter=f-1-sk0 bbox=(1130,510,1214,532) mode=compact look=P2 placement=above ring=0 hardPx2=0 softPx2=0 order=3 bound=1
2026.10.06-03.42.16 ICON fighter=f-0-hero bbox=(948,653,980,685) size=32 src=combat anchor=right fallback=0 overlapPx2=0 texture=/Game/S08/UI/IconsV3/T_IV3_action_attack_token_32.T_IV3_action_attack_token_32
2026.10.06-03.42.16 DAMAGE fighter=f-0-hero bbox=(958,605,998,633) amount=4 seq=9 placement=right ring=0 hardPx2=0 softPx2=0
2026.10.06-03.42.16 TAG fighter=f-0-hero bbox=(841,600,943,622) mode=compact look=P1 placement=above ring=0 hardPx2=0 softPx2=0 order=0 bound=1
2026.10.06-03.42.16 TAG fighter=f-0-sk0 bbox=(509,496,593,518) mode=compact look=P1 placement=above ring=0 hardPx2=0 softPx2=0 order=2 bound=1
2026.10.06-03.42.16 TAG fighter=f-0-sk1 bbox=(396,458,480,480) mode=compact look=P1 placement=above ring=0 hardPx2=0 softPx2=0 order=1 bound=1
2026.10.06-03.42.16 TAG fighter=f-0-sk2 bbox=(308,584,392,606) mode=compact look=P1 placement=left ring=0 hardPx2=0 softPx2=0 order=4 bound=1
2026.10.06-03.42.16 TAG fighter=f-1-hero bbox=(1072,730,1174,752) mode=compact look=P2 placement=below ring=0 hardPx2=0 softPx2=0 order=5 bound=1
2026.10.06-03.42.16 TAG fighter=f-1-sk0 bbox=(1130,510,1214,532) mode=compact look=P2 placement=above ring=0 hardPx2=0 softPx2=0 order=3 bound=1
2026.10.06-03.42.16 ICON fighter=f-0-hero bbox=(935,645,967,677) size=32 src=combat anchor=right fallback=0 overlapPx2=0 texture=/Game/S08/UI/IconsV3/T_IV3_action_attack_token_32.T_IV3_action_attack_token_32
2026.10.06-03.42.16 DAMAGE fighter=f-0-hero bbox=(945,597,985,625) amount=4 seq=9 placement=right ring=0 hardPx2=0 softPx2=0
2026.10.06-03.42.16 S09AUTO run-e shot s09-no-defense-stamp.png
2026.10.06-03.42.16 SHOT ctx viewport=1920x1080 viewTarget=CameraActor_2147482025 cam=(0,1342,1917) rot=(-55,-90,0)
2026.10.06-03.42.16 RENDER tag=SHOT rhi=D3D12 featureLevel=SM6 shaderPlatform=PCD3D_SM6 lumenPlatform=1 gi=lumen giMethod=1 refl=lumen reflMethod=1 shadows=csm vsmEnable=0 sg.res=100 sg.view=2 sg.aa=2 sg.shadow=2 sg.gi=2 sg.refl=2 sg.pp=2 sg.tex=2 sg.fx=2 sg.foliage=2 sg.shading=2 sg.landscape=2 preset=High screenPct=100.0 screenPctMode=0 aa=TSR aaMethod=4 exposure=fixed-histogram expMin=4.14106 expMax=4.14106 expBias=0.000 ev100=2.05 lightUnits=candelas sky=1 skyIntensity=3.000 keyShadow=csm-3600uu-2c-contact0.000 shadowCasters=1 profile=sarpedon-night profilesSha256=0a3417258f46ad3d99620bcbabd1b37615192b7a59f090c77515189845b33bb7 profilesSource=pak legacyRender=0 gameLayer=unlit-eyeadaptinv tMaxFPS=30.0 vsync=0 frameRateLimit=60.0 substrate=0 nanite=1 meshDF=1 viewport=1920x1080 reference=1
2026.10.06-03.42.16 SHOT fighter f-0-hero pos=(3,2) world=(-89,-22,0) screen=(845,517) projected=1 alive=1
2026.10.06-03.42.16 SHOT fighter f-0-sk0 pos=(1,3) world=(-309,33,0) screen=(555,576) projected=1 alive=1
2026.10.06-03.42.16 SHOT fighter f-0-sk1 pos=(0,2) world=(-398,-3,0) screen=(442,537) projected=1 alive=1
2026.10.06-03.42.16 SHOT fighter f-0-sk2 pos=(0,3) world=(-394,92,0) screen=(435,640) projected=1 alive=1
2026.10.06-03.42.16 SHOT fighter f-1-hero pos=(5,4) world=(119,141,0) screen=(1120,695) projected=1 alive=1
2026.10.06-03.42.16 SHOT fighter f-1-sk0 pos=(6,3) world=(159,52,0) screen=(1169,596) projected=1 alive=1
2026.10.06-03.42.16 SHOT camera dist=2340.2 target=2340.2 overview=2340.2 errPct=0.000 focusErr=0.00 settled=1 zoom=1.00
2026.10.06-03.42.16 SHOT head fighter=f-0-hero socket=Head mesh=SK_Medusa_H2LD world=(-65.4,130.5,46.4) screen=(870.6,649.7) top=(870.4,645.3) bottom=(870.8,654.2) headPx=8.9 projected=1
2026.10.06-03.42.16 SHOT head fighter=f-0-sk0 socket=Head mesh=SK_Harpy_H3LD world=(-308.4,28.3,34.2) screen=(551.0,544.7) top=(550.1,540.2) bottom=(551.8,549.3) headPx=9.3 projected=1
2026.10.06-03.42.16 SHOT head fighter=f-0-sk1 socket=Head mesh=SK_Harpy_H3LD world=(-399.0,2.6,34.0) screen=(434.3,517.2) top=(433.2,512.6) bottom=(435.4,521.8) headPx=9.4 projected=1
2026.10.06-03.42.16 SHOT head fighter=f-0-sk2 socket=Head mesh=SK_Harpy_H3LD world=(-394.3,86.6,34.0) screen=(429.4,609.3) top=(428.3,604.8) bottom=(430.6,613.8) headPx=9.3 projected=1
2026.10.06-03.42.16 SHOT head fighter=f-1-hero socket=Head mesh=SK_KingArthur_H2LD world=(118.7,140.8,50.0) screen=(1122.9,658.9) top=(1123.3,654.5) bottom=(1122.5,663.4) headPx=8.9 projected=1
2026.10.06-03.42.16 SHOT head fighter=f-1-sk0 socket=Head mesh=SK_Merlin_H2LD world=(158.8,49.1,36.7) screen=(1171.9,565.5) top=(1172.4,561.0) bottom=(1171.5,570.1) headPx=9.1 projected=1
2026.10.06-03.42.16 SHOT figure fighter=f-0-hero bbox=(840,616,920,722) ringR=28.50 art=1 blockout=0 team=P1 look=P1 ring=1
2026.10.06-03.42.16 SHOT figure fighter=f-0-sk0 bbox=(516,520,586,600) ringR=22.23 art=1 blockout=0 team=P1 look=P1 ring=1
2026.10.06-03.42.16 SHOT figure fighter=f-0-sk1 bbox=(402,482,474,561) ringR=22.23 art=1 blockout=0 team=P1 look=P1 ring=1
2026.10.06-03.42.16 SHOT figure fighter=f-0-sk2 bbox=(394,584,467,665) ringR=22.23 art=1 blockout=0 team=P1 look=P1 ring=1
2026.10.06-03.42.16 SHOT figure fighter=f-1-hero bbox=(1081,619,1165,728) ringR=28.50 art=1 blockout=0 team=P2 look=P2 ring=1
2026.10.06-03.42.16 SHOT figure fighter=f-1-sk0 bbox=(1139,534,1204,620) ringR=22.23 art=1 blockout=0 team=P2 look=P2 ring=1
2026.10.06-03.42.16 SHOT request file=s09-no-defense-stamp.png frame=1390
2026.10.06-03.42.16 SHOT requested: FScreenshotRequest(bShowUI) -> C:\Users\ren\AppData\Local\Temp\s09-combat-20261006-084119-39652\joiner/s09-no-defense-stamp.png
2026.10.06-03.42.16 TAG fighter=f-0-hero bbox=(829,592,931,614) mode=compact look=P1 placement=above ring=0 hardPx2=0 softPx2=0 order=0 bound=1
2026.10.06-03.42.16 TAG fighter=f-0-sk0 bbox=(509,496,593,518) mode=compact look=P1 placement=above ring=0 hardPx2=0 softPx2=0 order=2 bound=1
2026.10.06-03.42.16 TAG fighter=f-0-sk1 bbox=(396,458,480,480) mode=compact look=P1 placement=above ring=0 hardPx2=0 softPx2=0 order=1 bound=1
2026.10.06-03.42.16 TAG fighter=f-0-sk2 bbox=(308,584,392,606) mode=compact look=P1 placement=left ring=0 hardPx2=0 softPx2=0 order=4 bound=1
2026.10.06-03.42.16 TAG fighter=f-1-hero bbox=(977,619,1079,641) mode=compact look=P2 placement=left ring=0 hardPx2=0 softPx2=0 order=5 bound=1
2026.10.06-03.42.16 TAG fighter=f-1-sk0 bbox=(1130,510,1214,532) mode=compact look=P2 placement=above ring=0 hardPx2=0 softPx2=0 order=3 bound=1
2026.10.06-03.42.16 ICON fighter=f-0-hero bbox=(923,637,955,669) size=32 src=combat anchor=right fallback=0 overlapPx2=0 texture=/Game/S08/UI/IconsV3/T_IV3_action_attack_token_32.T_IV3_action_attack_token_32
2026.10.06-03.42.16 DAMAGE fighter=f-0-hero bbox=(933,589,973,617) amount=4 seq=9 placement=right ring=0 hardPx2=0 softPx2=0
2026.10.06-03.42.16 SHOT captured file=s09-no-defense-stamp.png frame=1390 px=1920x1080 sha256=693d6bb320c89c78297f53e3a6656a4ee60074a214cee3e1db4dd7dbc32b29a3 order=BGRA saved=1
2026.10.06-03.42.16 SHOT late begin file=s09-no-defense-stamp.png frame=1390 requestFrame=1390
2026.10.06-03.42.16 SHOT icon fighter=f-0-hero bbox=(923,637,955,669) size=32 src=combat planned=(923,637,955,669) geom=painted visible=1 anchor=right fallback=0 overlapPx2=0 texture=/Game/S08/UI/IconsV3/T_IV3_action_attack_token_32.T_IV3_action_attack_token_32 frame=1390
2026.10.06-03.42.16 SHOT widget id=icon impl=umg-motion state=combat fighter=f-0-hero bbox=(923,637,955,669) geom=painted visible=1 twin=0 source=S08AnimatedIconWidget:action-attack-token frame=1390
2026.10.06-03.42.16 SHOT widget id=board.tag impl=umg state=compact fighter=f-0-hero bbox=(829,592,931,614) geom=painted visible=1 twin=0 source=/Game/S08/UI/ArtHud/WBP_S08ArtTag mode=compact look=P1 shape=circle placement=above ring=0 order=0 bound=1 softPx2=0 planned=(829,592,931,614) frame=1390
2026.10.06-03.42.16 SHOT widget id=board.tag.hp impl=umg state=compact fighter=f-0-hero bbox=(885,594,927,612) geom=painted visible=1 twin=0 source=/Game/S08/UI/ArtHud/WBP_S08ArtTag mode=compact look=P1 shape=circle placement=above ring=0 order=0 bound=1 softPx2=0 planned=(829,592,931,614) frame=1390 font=11
2026.10.06-03.42.16 SHOT widget id=board.tag.bar impl=umg state=compact fighter=f-0-hero bbox=(848,601,882,606) geom=painted visible=1 twin=0 source=/Game/S08/UI/ArtHud/WBP_S08ArtTag mode=compact look=P1 shape=circle placement=above ring=0 order=0 bound=1 softPx2=0 planned=(829,592,931,614) frame=1390
2026.10.06-03.42.16 SHOT widget id=board.tag.chip impl=umg state=compact fighter=f-0-hero bbox=(833,597,845,609) geom=painted visible=1 twin=0 source=/Game/S08/UI/ArtHud/WBP_S08ArtTag mode=compact look=P1 shape=circle placement=above ring=0 order=0 bound=1 softPx2=0 planned=(829,592,931,614) frame=1390
2026.10.06-03.42.16 SHOT widget id=board.tag impl=umg state=compact fighter=f-0-sk0 bbox=(509,496,593,518) geom=painted visible=1 twin=0 source=/Game/S08/UI/ArtHud/WBP_S08ArtTag mode=compact look=P1 shape=circle placement=above ring=0 order=2 bound=1 softPx2=0 planned=(509,496,593,518) frame=1390
2026.10.06-03.42.16 SHOT widget id=board.tag.hp impl=umg state=compact fighter=f-0-sk0 bbox=(565,498,589,516) geom=painted visible=1 twin=0 source=/Game/S08/UI/ArtHud/WBP_S08ArtTag mode=compact look=P1 shape=circle placement=above ring=0 order=2 bound=1 softPx2=0 planned=(509,496,593,518) frame=1390 font=11
2026.10.06-03.42.16 SHOT widget id=board.tag.bar impl=umg state=compact fighter=f-0-sk0 bbox=(528,505,562,510) geom=painted visible=1 twin=0 source=/Game/S08/UI/ArtHud/WBP_S08ArtTag mode=compact look=P1 shape=circle placement=above ring=0 order=2 bound=1 softPx2=0 planned=(509,496,593,518) frame=1390
2026.10.06-03.42.16 SHOT widget id=board.tag.chip impl=umg state=compact fighter=f-0-sk0 bbox=(513,501,525,513) geom=painted visible=1 twin=0 source=/Game/S08/UI/ArtHud/WBP_S08ArtTag mode=compact look=P1 shape=circle placement=above ring=0 order=2 bound=1 softPx2=0 planned=(509,496,593,518) frame=1390
2026.10.06-03.42.16 SHOT widget id=board.tag impl=umg state=compact fighter=f-0-sk1 bbox=(396,458,480,480) geom=painted visible=1 twin=0 source=/Game/S08/UI/ArtHud/WBP_S08ArtTag mode=compact look=P1 shape=circle placement=above ring=0 order=1 bound=1 softPx2=0 planned=(396,458,480,480) frame=1390
2026.10.06-03.42.16 SHOT widget id=board.tag.hp impl=umg state=compact fighter=f-0-sk1 bbox=(452,460,476,478) geom=painted visible=1 twin=0 source=/Game/S08/UI/ArtHud/WBP_S08ArtTag mode=compact look=P1 shape=circle placement=above ring=0 order=1 bound=1 softPx2=0 planned=(396,458,480,480) frame=1390 font=11
2026.10.06-03.42.16 SHOT widget id=board.tag.bar impl=umg state=compact fighter=f-0-sk1 bbox=(415,467,449,472) geom=painted visible=1 twin=0 source=/Game/S08/UI/ArtHud/WBP_S08ArtTag mode=compact look=P1 shape=circle placement=above ring=0 order=1 bound=1 softPx2=0 planned=(396,458,480,480) frame=1390
2026.10.06-03.42.16 SHOT widget id=board.tag.chip impl=umg state=compact fighter=f-0-sk1 bbox=(400,463,412,475) geom=painted visible=1 twin=0 source=/Game/S08/UI/ArtHud/WBP_S08ArtTag mode=compact look=P1 shape=circle placement=above ring=0 order=1 bound=1 softPx2=0 planned=(396,458,480,480) frame=1390
2026.10.06-03.42.16 SHOT widget id=board.tag impl=umg state=compact fighter=f-0-sk2 bbox=(308,584,392,606) geom=painted visible=1 twin=0 source=/Game/S08/UI/ArtHud/WBP_S08ArtTag mode=compact look=P1 shape=circle placement=left ring=0 order=4 bound=1 softPx2=0 planned=(308,584,392,606) frame=1390
2026.10.06-03.42.16 SHOT widget id=board.tag.hp impl=umg state=compact fighter=f-0-sk2 bbox=(364,586,388,604) geom=painted visible=1 twin=0 source=/Game/S08/UI/ArtHud/WBP_S08ArtTag mode=compact look=P1 shape=circle placement=left ring=0 order=4 bound=1 softPx2=0 planned=(308,584,392,606) frame=1390 font=11
2026.10.06-03.42.16 SHOT widget id=board.tag.bar impl=umg state=compact fighter=f-0-sk2 bbox=(327,593,361,598) geom=painted visible=1 twin=0 source=/Game/S08/UI/ArtHud/WBP_S08ArtTag mode=compact look=P1 shape=circle placement=left ring=0 order=4 bound=1 softPx2=0 planned=(308,584,392,606) frame=1390
2026.10.06-03.42.16 SHOT widget id=board.tag.chip impl=umg state=compact fighter=f-0-sk2 bbox=(312,589,324,601) geom=painted visible=1 twin=0 source=/Game/S08/UI/ArtHud/WBP_S08ArtTag mode=compact look=P1 shape=circle placement=left ring=0 order=4 bound=1 softPx2=0 planned=(308,584,392,606) frame=1390
2026.10.06-03.42.16 SHOT widget id=board.tag impl=umg state=compact fighter=f-1-hero bbox=(977,619,1079,641) geom=painted visible=1 twin=0 source=/Game/S08/UI/ArtHud/WBP_S08ArtTag mode=compact look=P2 shape=hex placement=left ring=0 order=5 bound=1 softPx2=0 planned=(977,619,1079,641) frame=1390
2026.10.06-03.42.16 SHOT widget id=board.tag.hp impl=umg state=compact fighter=f-1-hero bbox=(1033,621,1075,639) geom=painted visible=1 twin=0 source=/Game/S08/UI/ArtHud/WBP_S08ArtTag mode=compact look=P2 shape=hex placement=left ring=0 order=5 bound=1 softPx2=0 planned=(977,619,1079,641) frame=1390 font=11
2026.10.06-03.42.16 SHOT widget id=board.tag.bar impl=umg state=compact fighter=f-1-hero bbox=(996,628,1030,633) geom=painted visible=1 twin=0 source=/Game/S08/UI/ArtHud/WBP_S08ArtTag mode=compact look=P2 shape=hex placement=left ring=0 order=5 bound=1 softPx2=0 planned=(977,619,1079,641) frame=1390
2026.10.06-03.42.16 SHOT widget id=board.tag.chip impl=umg state=compact fighter=f-1-hero bbox=(981,624,993,636) geom=painted visible=1 twin=0 source=/Game/S08/UI/ArtHud/WBP_S08ArtTag mode=compact look=P2 shape=hex placement=left ring=0 order=5 bound=1 softPx2=0 planned=(977,619,1079,641) frame=1390
2026.10.06-03.42.16 SHOT widget id=board.tag impl=umg state=compact fighter=f-1-sk0 bbox=(1130,510,1214,532) geom=painted visible=1 twin=0 source=/Game/S08/UI/ArtHud/WBP_S08ArtTag mode=compact look=P2 shape=hex placement=above ring=0 order=3 bound=1 softPx2=0 planned=(1130,510,1214,532) frame=1390
2026.10.06-03.42.16 SHOT widget id=board.tag.hp impl=umg state=compact fighter=f-1-sk0 bbox=(1186,512,1210,530) geom=painted visible=1 twin=0 source=/Game/S08/UI/ArtHud/WBP_S08ArtTag mode=compact look=P2 shape=hex placement=above ring=0 order=3 bound=1 softPx2=0 planned=(1130,510,1214,532) frame=1390 font=11
2026.10.06-03.42.16 SHOT widget id=board.tag.bar impl=umg state=compact fighter=f-1-sk0 bbox=(1149,519,1183,524) geom=painted visible=1 twin=0 source=/Game/S08/UI/ArtHud/WBP_S08ArtTag mode=compact look=P2 shape=hex placement=above ring=0 order=3 bound=1 softPx2=0 planned=(1130,510,1214,532) frame=1390
2026.10.06-03.42.16 SHOT widget id=board.tag.chip impl=umg state=compact fighter=f-1-sk0 bbox=(1134,515,1146,527) geom=painted visible=1 twin=0 source=/Game/S08/UI/ArtHud/WBP_S08ArtTag mode=compact look=P2 shape=hex placement=above ring=0 order=3 bound=1 softPx2=0 planned=(1130,510,1214,532) frame=1390
2026.10.06-03.42.16 SHOT widget id=board.damage impl=umg state=damage fighter=f-0-hero bbox=(933,589,973,617) geom=painted visible=1 twin=0 source=/Game/S08/UI/ArtHud/WBP_S08ArtDamage amount=4 seq=9 placement=right_ring=0_hardPx2=0_softPx2=0 stableFrames=0 planned=(933,589,973,617) frame=1390
2026.10.06-03.42.16 SHOT widget id=board.damage.text impl=umg state=damage fighter=f-0-hero bbox=(941,589,965,617) geom=painted visible=1 twin=0 source=/Game/S08/UI/ArtHud/WBP_S08ArtDamage amount=4 seq=9 placement=right_ring=0_hardPx2=0_softPx2=0 stableFrames=0 planned=(933,589,973,617) frame=1390 font=18
2026.10.06-03.42.16 SHOT damage fighter=f-0-hero bbox=(933,589,973,617) frame=1390
2026.10.06-03.42.16 SHOT panel id=hud.command bbox=(0,0,677,209) geom=painted visible=1 frame=1390
2026.10.06-03.42.16 SHOT panel id=hud.side bbox=(1502,0,1920,179) geom=painted visible=1 frame=1390
2026.10.06-03.42.16 SHOT panel id=hud.hand bbox=(610,929,1310,1080) geom=painted visible=1 frame=1390
2026.10.06-03.42.16 SHOT late end file=s09-no-defense-stamp.png frame=1390
2026.10.06-03.42.16 SNAPSHOT applied seq=12 phase=ACTION_MANEUVER
2026.10.06-03.42.16 HANDLE_APPLIED #16 seq=12 decision=2 fightersValid=1 boardValid=1
2026.10.06-03.42.16 COMBAT-RESULT seq=12 damage=3 role=attacked
2026.10.06-03.42.16 COMBAT-LOG seq=12 log=12 n=3 entries=0 lines=0 src=log outcomes=-
2026.10.06-03.42.16 AUDIO combat seq=12 boosts=0 cancelled=0 own=1 fizzle=0
2026.10.06-03.42.16 CUE fx done id=CUE-010 subject=scene seq=10 t=48980 ms=266 cut=replace
2026.10.06-03.42.16 CUE combat seq=10 stage=end t=48980 total=866 skipped=1 cut=replace
2026.10.06-03.42.16 CUE combat seq=12 stage=start t=48980 attacker=f-1-sk0 target=f-0-hero text=1 lines=0 damage=3 lethal=0 shown=0 speed=1.00 flip=620 contact=333 src=notify a=3 d=0 outcome=win
2026.10.06-03.42.16 CUE fx done id=CUE-008 subject=f-1-sk0 seq=11 t=48980 ms=100 cut=interrupt
2026.10.06-03.42.16 CUE fx id=CUE-010 subject=scene seq=12 t=48980 vfx=none sfx=missing clip=none mat=none socket=- reduced=0 result=fallback
2026.10.06-03.42.16 ARTPREVIEW fighter=Medusa hero=1 eligible=0 visual=1 mesh=SK_Medusa_H2LD
2026.10.06-03.42.16 HUD-STAMP no-defense seq=12 target=f-0-hero icon=marker-x-stamp
2026.10.06-03.42.16 CUE sound id=CUE-010 point=cue subject=card.attack seq=12 t=48980 event_t=48980 dt=0 class=SFX sound=SW_CRD_FLIP_03 gain=0.80 result=played
2026.10.06-03.42.16 CUE sound id=CUE-010 point=cue subject=card.defense seq=12 t=48980 event_t=48980 dt=0 class=SFX sound=SW_CMB_NO_DEFENSE_01 gain=0.80 result=played bank=CMB-NO-DEFENSE
2026.10.06-03.42.16 MODE seq=12 mode=0 combat=0 pending=1
2026.10.06-03.42.16 MS-OPP verb=ability seq=12
2026.10.06-03.42.16 MS-TRACK own=0/2 opp=0/2 oppVisible=1 seq=12
2026.10.06-03.42.16 MS-LAST off seq=10 at=12 fade=0
2026.10.06-03.42.16 CUE sound id=CUE-015 point=turn subject=- seq=12 t=48980 event_t=48980 dt=0 class=UI sound=none gain=0.80 result=silent turn=opp reason=opponent
2026.10.06-03.42.16 HUD-TURN seq=12 turn=opp initial=0 ring=marker-turn-ring flash=1000 banner=0 reduced=0
2026.10.06-03.42.16 HUD seq=12 phase=ACTION_MANEUVER turn=opp hand=3 oppHand=4(hidden) oppDeck=24~ deck=24~ discard=3
2026.10.06-03.42.16 MS-STATUS seq=12 text="Waiting for the opponent's choice"
2026.10.06-03.42.16 ARTPREVIEW fighter=Medusa hero=1 eligible=0 visual=1 mesh=SK_Medusa_H2LD
2026.10.06-03.42.16 FIGHTERS synced n=6 alive=6 own=2 enemy=4
2026.10.06-03.42.16 CUE damage f-0-hero -3 seq=12 staged=contact
2026.10.06-03.42.16 WS seq=12 phase=ACTION_MANEUVER (apply)
2026.10.06-03.42.16 CUE sound id=CUE-007 point=step subject=f-0-hero seq=10 t=49313 event_t=49313 dt=0 class=SFX sound=SW_BRD_STEP_05 gain=0.80 result=played edge=2/2 due=48994
2026.10.06-03.42.16 HUD-TRACK own=0/2 server=0 local=0 opp=0/2 oppVisible=1 anim=reset/reset seq=12 frame=1391
2026.10.06-03.42.16 S09AUTO opponent-move shot
2026.10.06-03.42.16 SHOT ctx viewport=1920x1080 viewTarget=CameraActor_2147482025 cam=(0,1342,1917) rot=(-55,-90,0)
2026.10.06-03.42.16 RENDER tag=SHOT rhi=D3D12 featureLevel=SM6 shaderPlatform=PCD3D_SM6 lumenPlatform=1 gi=lumen giMethod=1 refl=lumen reflMethod=1 shadows=csm vsmEnable=0 sg.res=100 sg.view=2 sg.aa=2 sg.shadow=2 sg.gi=2 sg.refl=2 sg.pp=2 sg.tex=2 sg.fx=2 sg.foliage=2 sg.shading=2 sg.landscape=2 preset=High screenPct=100.0 screenPctMode=0 aa=TSR aaMethod=4 exposure=fixed-histogram expMin=4.14106 expMax=4.14106 expBias=0.000 ev100=2.05 lightUnits=candelas sky=1 skyIntensity=3.000 keyShadow=csm-3600uu-2c-contact0.000 shadowCasters=1 profile=sarpedon-night profilesSha256=0a3417258f46ad3d99620bcbabd1b37615192b7a59f090c77515189845b33bb7 profilesSource=pak legacyRender=0 gameLayer=unlit-eyeadaptinv tMaxFPS=30.0 vsync=0 frameRateLimit=60.0 substrate=0 nanite=1 meshDF=1 viewport=1920x1080 reference=1
2026.10.06-03.42.16 SHOT fighter f-0-hero pos=(3,2) world=(-89,-22,0) screen=(845,517) projected=1 alive=1
2026.10.06-03.42.16 SHOT fighter f-0-sk0 pos=(1,3) world=(-309,33,0) screen=(555,576) projected=1 alive=1
2026.10.06-03.42.16 SHOT fighter f-0-sk1 pos=(0,2) world=(-398,-3,0) screen=(442,537) projected=1 alive=1
2026.10.06-03.42.16 SHOT fighter f-0-sk2 pos=(0,3) world=(-394,92,0) screen=(435,640) projected=1 alive=1
2026.10.06-03.42.16 SHOT fighter f-1-hero pos=(5,4) world=(119,141,0) screen=(1120,695) projected=1 alive=1
2026.10.06-03.42.16 SHOT fighter f-1-sk0 pos=(6,3) world=(159,52,0) screen=(1169,596) projected=1 alive=1
2026.10.06-03.42.16 SHOT camera dist=2340.2 target=2340.2 overview=2340.2 errPct=0.000 focusErr=0.00 settled=1 zoom=1.00
2026.10.06-03.42.16 SHOT head fighter=f-0-hero socket=Head mesh=SK_Medusa_H2LD world=(-94.4,-25.5,46.7) screen=(835.9,477.3) top=(835.6,472.6) bottom=(836.1,481.9) headPx=9.3 projected=1
2026.10.06-03.42.16 SHOT head fighter=f-0-sk0 socket=Head mesh=SK_Harpy_H3LD world=(-308.4,28.3,34.2) screen=(551.0,544.7) top=(550.1,540.1) bottom=(551.9,549.2) headPx=9.3 projected=1
2026.10.06-03.42.16 SHOT head fighter=f-0-sk1 socket=Head mesh=SK_Harpy_H3LD world=(-399.0,2.6,34.0) screen=(434.3,517.2) top=(433.2,512.6) bottom=(435.4,521.7) headPx=9.4 projected=1
2026.10.06-03.42.16 SHOT head fighter=f-0-sk2 socket=Head mesh=SK_Harpy_H3LD world=(-394.3,86.6,33.9) screen=(429.4,609.3) top=(428.2,604.8) bottom=(430.5,613.7) headPx=9.3 projected=1
2026.10.06-03.42.16 SHOT head fighter=f-1-hero socket=Head mesh=SK_KingArthur_H2LD world=(118.7,140.9,50.0) screen=(1123.0,659.0) top=(1123.3,654.5) bottom=(1122.6,663.4) headPx=8.9 projected=1
2026.10.06-03.42.16 SHOT head fighter=f-1-sk0 socket=Head mesh=SK_Merlin_H2LD world=(158.8,49.0,36.7) screen=(1171.9,565.5) top=(1172.3,561.0) bottom=(1171.4,570.1) headPx=9.1 projected=1
2026.10.06-03.42.16 SHOT figure fighter=f-0-hero bbox=(804,445,882,547) ringR=28.50 art=1 blockout=0 team=P1 look=P1 ring=1
2026.10.06-03.42.16 SHOT figure fighter=f-0-sk0 bbox=(516,520,586,600) ringR=22.23 art=1 blockout=0 team=P1 look=P1 ring=1
2026.10.06-03.42.16 SHOT figure fighter=f-0-sk1 bbox=(402,482,474,561) ringR=22.23 art=1 blockout=0 team=P1 look=P1 ring=1
2026.10.06-03.42.16 SHOT figure fighter=f-0-sk2 bbox=(394,584,467,665) ringR=22.23 art=1 blockout=0 team=P1 look=P1 ring=1
2026.10.06-03.42.16 SHOT figure fighter=f-1-hero bbox=(1081,619,1165,728) ringR=28.50 art=1 blockout=0 team=P2 look=P2 ring=1
2026.10.06-03.42.16 SHOT figure fighter=f-1-sk0 bbox=(1139,534,1204,620) ringR=22.23 art=1 blockout=0 team=P2 look=P2 ring=1
2026.10.06-03.42.16 SHOT request file=s09-opponent-move.png frame=1391
2026.10.06-03.42.16 SHOT requested: FScreenshotRequest(bShowUI) -> C:\Users\ren\AppData\Local\Temp\s09-combat-20261006-084119-39652\joiner/s09-opponent-move.png
2026.10.06-03.42.16 TAG fighter=f-0-hero bbox=(792,421,894,443) mode=compact look=P1 placement=above ring=0 hardPx2=0 softPx2=0 order=0 bound=1
2026.10.06-03.42.16 TAG fighter=f-0-sk0 bbox=(509,496,593,518) mode=compact look=P1 placement=above ring=0 hardPx2=0 softPx2=0 order=2 bound=1
2026.10.06-03.42.16 TAG fighter=f-0-sk1 bbox=(396,458,480,480) mode=compact look=P1 placement=above ring=0 hardPx2=0 softPx2=0 order=1 bound=1
2026.10.06-03.42.16 TAG fighter=f-0-sk2 bbox=(308,584,392,606) mode=compact look=P1 placement=left ring=0 hardPx2=0 softPx2=0 order=4 bound=1
2026.10.06-03.42.16 TAG fighter=f-1-hero bbox=(977,619,1079,641) mode=compact look=P2 placement=left ring=0 hardPx2=0 softPx2=0 order=5 bound=1
2026.10.06-03.42.16 TAG fighter=f-1-sk0 bbox=(1130,510,1214,532) mode=compact look=P2 placement=above ring=0 hardPx2=0 softPx2=0 order=3 bound=1
2026.10.06-03.42.16 ICON fighter=f-0-hero bbox=(885,465,917,497) size=32 src=combat anchor=right fallback=0 overlapPx2=0 texture=/Game/S08/UI/IconsV3/T_IV3_action_attack_token_32.T_IV3_action_attack_token_32
2026.10.06-03.42.16 SHOT captured file=s09-opponent-move.png frame=1391 px=1920x1080 sha256=08a844b2199b2f0b4087289a9b59e98e53c35781024d2c9e1b10ae56483e8472 order=BGRA saved=1
2026.10.06-03.42.16 SHOT late begin file=s09-opponent-move.png frame=1391 requestFrame=1391
2026.10.06-03.42.16 SHOT icon fighter=f-0-hero bbox=(885,465,917,497) size=32 src=combat planned=(885,465,917,497) geom=painted visible=1 anchor=right fallback=0 overlapPx2=0 texture=/Game/S08/UI/IconsV3/T_IV3_action_attack_token_32.T_IV3_action_attack_token_32 frame=1391
2026.10.06-03.42.16 SHOT widget id=icon impl=umg-motion state=combat fighter=f-0-hero bbox=(885,465,917,497) geom=painted visible=1 twin=0 source=S08AnimatedIconWidget:action-attack-token frame=1391
2026.10.06-03.42.16 SHOT widget id=board.tag impl=umg state=compact fighter=f-0-hero bbox=(792,421,894,443) geom=painted visible=1 twin=0 source=/Game/S08/UI/ArtHud/WBP_S08ArtTag mode=compact look=P1 shape=circle placement=above ring=0 order=0 bound=1 softPx2=0 planned=(792,421,894,443) frame=1391
2026.10.06-03.42.16 SHOT widget id=board.tag.hp impl=umg state=compact fighter=f-0-hero bbox=(848,423,890,441) geom=painted visible=1 twin=0 source=/Game/S08/UI/ArtHud/WBP_S08ArtTag mode=compact look=P1 shape=circle placement=above ring=0 order=0 bound=1 softPx2=0 planned=(792,421,894,443) frame=1391 font=11
2026.10.06-03.42.16 SHOT widget id=board.tag.bar impl=umg state=compact fighter=f-0-hero bbox=(811,430,845,435) geom=painted visible=1 twin=0 source=/Game/S08/UI/ArtHud/WBP_S08ArtTag mode=compact look=P1 shape=circle placement=above ring=0 order=0 bound=1 softPx2=0 planned=(792,421,894,443) frame=1391
2026.10.06-03.42.16 SHOT widget id=board.tag.chip impl=umg state=compact fighter=f-0-hero bbox=(796,426,808,438) geom=painted visible=1 twin=0 source=/Game/S08/UI/ArtHud/WBP_S08ArtTag mode=compact look=P1 shape=circle placement=above ring=0 order=0 bound=1 softPx2=0 planned=(792,421,894,443) frame=1391
2026.10.06-03.42.16 SHOT widget id=board.tag impl=umg state=compact fighter=f-0-sk0 bbox=(509,496,593,518) geom=painted visible=1 twin=0 source=/Game/S08/UI/ArtHud/WBP_S08ArtTag mode=compact look=P1 shape=circle placement=above ring=0 order=2 bound=1 softPx2=0 planned=(509,496,593,518) frame=1391
2026.10.06-03.42.16 SHOT widget id=board.tag.hp impl=umg state=compact fighter=f-0-sk0 bbox=(565,498,589,516) geom=painted visible=1 twin=0 source=/Game/S08/UI/ArtHud/WBP_S08ArtTag mode=compact look=P1 shape=circle placement=above ring=0 order=2 bound=1 softPx2=0 planned=(509,496,593,518) frame=1391 font=11
2026.10.06-03.42.16 SHOT widget id=board.tag.bar impl=umg state=compact fighter=f-0-sk0 bbox=(528,505,562,510) geom=painted visible=1 twin=0 source=/Game/S08/UI/ArtHud/WBP_S08ArtTag mode=compact look=P1 shape=circle placement=above ring=0 order=2 bound=1 softPx2=0 planned=(509,496,593,518) frame=1391
2026.10.06-03.42.16 SHOT widget id=board.tag.chip impl=umg state=compact fighter=f-0-sk0 bbox=(513,501,525,513) geom=painted visible=1 twin=0 source=/Game/S08/UI/ArtHud/WBP_S08ArtTag mode=compact look=P1 shape=circle placement=above ring=0 order=2 bound=1 softPx2=0 planned=(509,496,593,518) frame=1391
2026.10.06-03.42.16 SHOT widget id=board.tag impl=umg state=compact fighter=f-0-sk1 bbox=(396,458,480,480) geom=painted visible=1 twin=0 source=/Game/S08/UI/ArtHud/WBP_S08ArtTag mode=compact look=P1 shape=circle placement=above ring=0 order=1 bound=1 softPx2=0 planned=(396,458,480,480) frame=1391
2026.10.06-03.42.16 SHOT widget id=board.tag.hp impl=umg state=compact fighter=f-0-sk1 bbox=(452,460,476,478) geom=painted visible=1 twin=0 source=/Game/S08/UI/ArtHud/WBP_S08ArtTag mode=compact look=P1 shape=circle placement=above ring=0 order=1 bound=1 softPx2=0 planned=(396,458,480,480) frame=1391 font=11
2026.10.06-03.42.16 SHOT widget id=board.tag.bar impl=umg state=compact fighter=f-0-sk1 bbox=(415,467,449,472) geom=painted visible=1 twin=0 source=/Game/S08/UI/ArtHud/WBP_S08ArtTag mode=compact look=P1 shape=circle placement=above ring=0 order=1 bound=1 softPx2=0 planned=(396,458,480,480) frame=1391
2026.10.06-03.42.16 SHOT widget id=board.tag.chip impl=umg state=compact fighter=f-0-sk1 bbox=(400,463,412,475) geom=painted visible=1 twin=0 source=/Game/S08/UI/ArtHud/WBP_S08ArtTag mode=compact look=P1 shape=circle placement=above ring=0 order=1 bound=1 softPx2=0 planned=(396,458,480,480) frame=1391
2026.10.06-03.42.16 SHOT widget id=board.tag impl=umg state=compact fighter=f-0-sk2 bbox=(308,584,392,606) geom=painted visible=1 twin=0 source=/Game/S08/UI/ArtHud/WBP_S08ArtTag mode=compact look=P1 shape=circle placement=left ring=0 order=4 bound=1 softPx2=0 planned=(308,584,392,606) frame=1391
2026.10.06-03.42.16 SHOT widget id=board.tag.hp impl=umg state=compact fighter=f-0-sk2 bbox=(364,586,388,604) geom=painted visible=1 twin=0 source=/Game/S08/UI/ArtHud/WBP_S08ArtTag mode=compact look=P1 shape=circle placement=left ring=0 order=4 bound=1 softPx2=0 planned=(308,584,392,606) frame=1391 font=11
2026.10.06-03.42.16 SHOT widget id=board.tag.bar impl=umg state=compact fighter=f-0-sk2 bbox=(327,593,361,598) geom=painted visible=1 twin=0 source=/Game/S08/UI/ArtHud/WBP_S08ArtTag mode=compact look=P1 shape=circle placement=left ring=0 order=4 bound=1 softPx2=0 planned=(308,584,392,606) frame=1391
2026.10.06-03.42.16 SHOT widget id=board.tag.chip impl=umg state=compact fighter=f-0-sk2 bbox=(312,589,324,601) geom=painted visible=1 twin=0 source=/Game/S08/UI/ArtHud/WBP_S08ArtTag mode=compact look=P1 shape=circle placement=left ring=0 order=4 bound=1 softPx2=0 planned=(308,584,392,606) frame=1391
2026.10.06-03.42.16 SHOT widget id=board.tag impl=umg state=compact fighter=f-1-hero bbox=(977,619,1079,641) geom=painted visible=1 twin=0 source=/Game/S08/UI/ArtHud/WBP_S08ArtTag mode=compact look=P2 shape=hex placement=left ring=0 order=5 bound=1 softPx2=0 planned=(977,619,1079,641) frame=1391
2026.10.06-03.42.16 SHOT widget id=board.tag.hp impl=umg state=compact fighter=f-1-hero bbox=(1033,621,1075,639) geom=painted visible=1 twin=0 source=/Game/S08/UI/ArtHud/WBP_S08ArtTag mode=compact look=P2 shape=hex placement=left ring=0 order=5 bound=1 softPx2=0 planned=(977,619,1079,641) frame=1391 font=11
2026.10.06-03.42.16 SHOT widget id=board.tag.bar impl=umg state=compact fighter=f-1-hero bbox=(996,628,1030,633) geom=painted visible=1 twin=0 source=/Game/S08/UI/ArtHud/WBP_S08ArtTag mode=compact look=P2 shape=hex placement=left ring=0 order=5 bound=1 softPx2=0 planned=(977,619,1079,641) frame=1391
2026.10.06-03.42.16 SHOT widget id=board.tag.chip impl=umg state=compact fighter=f-1-hero bbox=(981,624,993,636) geom=painted visible=1 twin=0 source=/Game/S08/UI/ArtHud/WBP_S08ArtTag mode=compact look=P2 shape=hex placement=left ring=0 order=5 bound=1 softPx2=0 planned=(977,619,1079,641) frame=1391
2026.10.06-03.42.16 SHOT widget id=board.tag impl=umg state=compact fighter=f-1-sk0 bbox=(1130,510,1214,532) geom=painted visible=1 twin=0 source=/Game/S08/UI/ArtHud/WBP_S08ArtTag mode=compact look=P2 shape=hex placement=above ring=0 order=3 bound=1 softPx2=0 planned=(1130,510,1214,532) frame=1391
2026.10.06-03.42.16 SHOT widget id=board.tag.hp impl=umg state=compact fighter=f-1-sk0 bbox=(1186,512,1210,530) geom=painted visible=1 twin=0 source=/Game/S08/UI/ArtHud/WBP_S08ArtTag mode=compact look=P2 shape=hex placement=above ring=0 order=3 bound=1 softPx2=0 planned=(1130,510,1214,532) frame=1391 font=11
2026.10.06-03.42.16 SHOT widget id=board.tag.bar impl=umg state=compact fighter=f-1-sk0 bbox=(1149,519,1183,524) geom=painted visible=1 twin=0 source=/Game/S08/UI/ArtHud/WBP_S08ArtTag mode=compact look=P2 shape=hex placement=above ring=0 order=3 bound=1 softPx2=0 planned=(1130,510,1214,532) frame=1391
2026.10.06-03.42.16 SHOT widget id=board.tag.chip impl=umg state=compact fighter=f-1-sk0 bbox=(1134,515,1146,527) geom=painted visible=1 twin=0 source=/Game/S08/UI/ArtHud/WBP_S08ArtTag mode=compact look=P2 shape=hex placement=above ring=0 order=3 bound=1 softPx2=0 planned=(1130,510,1214,532) frame=1391
2026.10.06-03.42.16 SHOT panel id=hud.command bbox=(0,0,677,140) geom=painted visible=1 frame=1391
2026.10.06-03.42.16 SHOT panel id=hud.side bbox=(1420,0,1920,179) geom=painted visible=1 frame=1391
2026.10.06-03.42.16 SHOT panel id=hud.hand bbox=(610,929,1310,1080) geom=painted visible=1 frame=1391
2026.10.06-03.42.16 SHOT late end file=s09-opponent-move.png frame=1391
2026.10.06-03.42.16 TAG fighter=f-0-hero bbox=(792,421,894,443) mode=compact look=P1 placement=above ring=0 hardPx2=0 softPx2=0 order=0 bound=1
2026.10.06-03.42.16 TAG fighter=f-0-sk0 bbox=(509,496,593,518) mode=compact look=P1 placement=above ring=0 hardPx2=0 softPx2=0 order=2 bound=1
2026.10.06-03.42.16 TAG fighter=f-0-sk1 bbox=(396,458,480,480) mode=compact look=P1 placement=above ring=0 hardPx2=0 softPx2=0 order=1 bound=1
2026.10.06-03.42.16 TAG fighter=f-0-sk2 bbox=(308,584,392,606) mode=compact look=P1 placement=left ring=0 hardPx2=0 softPx2=0 order=4 bound=1
2026.10.06-03.42.16 TAG fighter=f-1-hero bbox=(977,619,1079,641) mode=compact look=P2 placement=left ring=0 hardPx2=0 softPx2=0 order=5 bound=1
2026.10.06-03.42.16 TAG fighter=f-1-sk0 bbox=(1130,510,1214,532) mode=compact look=P2 placement=above ring=0 hardPx2=0 softPx2=0 order=3 bound=1
2026.10.06-03.42.16 ICON fighter=f-0-hero bbox=(885,465,917,497) size=32 src=combat anchor=right fallback=0 overlapPx2=0 texture=/Game/S08/UI/IconsV3/T_IV3_action_attack_token_32.T_IV3_action_attack_token_32
2026.10.06-03.42.17 SNAPSHOT applied seq=13 phase=ACTION_MANEUVER
2026.10.06-03.42.17 HANDLE_APPLIED #17 seq=13 decision=2 fightersValid=1 boardValid=1
2026.10.06-03.42.17 MODE seq=13 mode=0 combat=0 pending=0
2026.10.06-03.42.17 MS-OPP verb=turn seq=13
2026.10.06-03.42.17 HUD seq=13 phase=ACTION_MANEUVER turn=opp hand=3 oppHand=4(hidden) oppDeck=24~ deck=24~ discard=3
2026.10.06-03.42.17 MS-STATUS seq=13 text="Medusa — Opponent is choosing an action"
2026.10.06-03.42.17 ARTPREVIEW fighter=Medusa hero=1 eligible=0 visual=1 mesh=SK_Medusa_H2LD
2026.10.06-03.42.17 FIGHTERS synced n=6 alive=6 own=2 enemy=4
2026.10.06-03.42.17 ARTPREVIEW damage-number fighter=f-1-hero amount=1 seq=13 cell=(5,4)
2026.10.06-03.42.17 ARTPREVIEW anim fighter=f-1-hero clip=HitReact len=0.417 event=damaged loop=0 phase=0.0000 seq=13 asset=AM_KingArthur_HitReact rate=1.00
2026.10.06-03.42.17 ARTPREVIEW hit-tint fighter=f-1-hero ms=450
2026.10.06-03.42.17 VO event=HURT speaker=ARTHUR t=50013 result=skipped line=- prio=3 reason=gap
2026.10.06-03.42.17 CUE damage f-1-hero -1 seq=13
2026.10.06-03.42.17 WS seq=13 phase=ACTION_MANEUVER (apply)
2026.10.06-03.42.17 CUE sound id=CUE-011 point=hit subject=f-1-hero seq=13 t=50013 event_t=50013 dt=0 class=SFX sound=SW_CMB_HIT_MAGIC_01 gain=0.80 result=played bank=CMB-HIT-MAGIC
2026.10.06-03.42.17 HUD-HEART side=own hero=f-1-hero hp=13/18 anim=damage glow=1 played=1
2026.10.06-03.42.17 TAG fighter=f-0-hero bbox=(792,421,894,443) mode=compact look=P1 placement=above ring=0 hardPx2=0 softPx2=0 order=0 bound=1
2026.10.06-03.42.17 TAG fighter=f-0-sk0 bbox=(509,496,593,518) mode=compact look=P1 placement=above ring=0 hardPx2=0 softPx2=0 order=3 bound=1
2026.10.06-03.42.17 TAG fighter=f-0-sk1 bbox=(396,458,480,480) mode=compact look=P1 placement=above ring=0 hardPx2=0 softPx2=0 order=2 bound=1
2026.10.06-03.42.17 TAG fighter=f-0-sk2 bbox=(308,584,392,606) mode=compact look=P1 placement=left ring=0 hardPx2=0 softPx2=0 order=5 bound=1
2026.10.06-03.42.17 TAG fighter=f-1-hero bbox=(977,619,1079,641) mode=compact look=P2 placement=left ring=0 hardPx2=0 softPx2=0 order=1 bound=1
2026.10.06-03.42.17 TAG fighter=f-1-sk0 bbox=(1130,510,1214,532) mode=compact look=P2 placement=above ring=0 hardPx2=0 softPx2=0 order=4 bound=1
2026.10.06-03.42.17 ICON fighter=f-0-hero bbox=(885,465,917,497) size=32 src=combat anchor=right fallback=0 overlapPx2=0 texture=/Game/S08/UI/IconsV3/T_IV3_action_attack_token_32.T_IV3_action_attack_token_32
2026.10.06-03.42.17 DAMAGE fighter=f-1-hero bbox=(1008,589,1048,617) amount=1 seq=13 placement=above ring=0 hardPx2=0 softPx2=0
2026.10.06-03.42.17 SNAPSHOT applied seq=14 phase=ACTION_MANEUVER
2026.10.06-03.42.17 HANDLE_APPLIED #18 seq=14 decision=2 fightersValid=1 boardValid=1
2026.10.06-03.42.17 MODE seq=14 mode=0 combat=0 pending=0
2026.10.06-03.42.17 MS-OPP verb=maneuver seq=14
2026.10.06-03.42.17 MS-TRACK own=0/2 opp=1/2 oppVisible=1 seq=14
2026.10.06-03.42.17 MS-OPP planning=1 seq=14
2026.10.06-03.42.17 CUE sound id=CUE-005 point=cue subject=hand.opp seq=14 t=50146 event_t=50146 dt=0 class=SFX sound=SW_CRD_DRAW_04 gain=0.80 result=played
2026.10.06-03.42.17 HUD seq=14 phase=ACTION_MANEUVER turn=opp hand=3 oppHand=5(hidden) oppDeck=24~ deck=24~ discard=3
2026.10.06-03.42.17 MS-STATUS seq=14 text="Medusa — Opponent is planning a maneuver"
2026.10.06-03.42.17 ARTPREVIEW fighter=Medusa hero=1 eligible=0 visual=1 mesh=SK_Medusa_H2LD
2026.10.06-03.42.17 FIGHTERS synced n=6 alive=6 own=2 enemy=4
2026.10.06-03.42.17 WS seq=14 phase=ACTION_MANEUVER (apply)
2026.10.06-03.42.17 HUD-TRACK own=0/2 server=0 local=0 opp=1/2 oppVisible=1 anim=-/spend seq=14 frame=1409
2026.10.06-03.42.17 SNAPSHOT applied seq=15 phase=ACTION_MANEUVER
2026.10.06-03.42.17 HANDLE_APPLIED #19 seq=15 decision=2 fightersValid=1 boardValid=1
2026.10.06-03.42.17 MODE seq=15 mode=0 combat=0 pending=0
2026.10.06-03.42.17 MS-OPP verb=turn seq=15
2026.10.06-03.42.17 MS-OPP planning=0 seq=15
2026.10.06-03.42.17 MS-LAST enter seq=15 player=cmuhntivg0000wib0anhqyswc source=MANEUVER moves=0 boost=-1
2026.10.06-03.42.17 HUD seq=15 phase=ACTION_MANEUVER turn=opp hand=3 oppHand=5(hidden) oppDeck=24~ deck=24~ discard=3
2026.10.06-03.42.17 MS-STATUS seq=15 text="Medusa — Opponent is choosing an action"
2026.10.06-03.42.17 ARTPREVIEW fighter=Medusa hero=1 eligible=0 visual=1 mesh=SK_Medusa_H2LD
2026.10.06-03.42.17 FIGHTERS synced n=6 alive=6 own=2 enemy=4
2026.10.06-03.42.17 WS seq=15 phase=ACTION_MANEUVER (apply)
2026.10.06-03.42.17 MS-LAST show seq=15 mode=restore player=cmuhntivg0000wib0anhqyswc from=- to=-
2026.10.06-03.42.17 MS-LOG seq=15 moves=0 truncated=0 text="Medusa: maneuver: no movement"
2026.10.06-03.42.17 S09AUTO opponent-last-move shot scheduled seq=15
2026.10.06-03.42.17 TAG fighter=f-0-hero bbox=(792,421,894,443) mode=compact look=P1 placement=above ring=0 hardPx2=0 softPx2=0 order=0 bound=1
2026.10.06-03.42.17 TAG fighter=f-0-sk0 bbox=(509,496,593,518) mode=compact look=P1 placement=above ring=0 hardPx2=0 softPx2=0 order=3 bound=1
2026.10.06-03.42.17 TAG fighter=f-0-sk1 bbox=(396,458,480,480) mode=compact look=P1 placement=above ring=0 hardPx2=0 softPx2=0 order=2 bound=1
2026.10.06-03.42.17 TAG fighter=f-0-sk2 bbox=(308,584,392,606) mode=compact look=P1 placement=left ring=0 hardPx2=0 softPx2=0 order=5 bound=1
2026.10.06-03.42.17 TAG fighter=f-1-hero bbox=(977,619,1079,641) mode=compact look=P2 placement=left ring=0 hardPx2=0 softPx2=0 order=1 bound=1
2026.10.06-03.42.17 TAG fighter=f-1-sk0 bbox=(1130,510,1214,532) mode=compact look=P2 placement=above ring=0 hardPx2=0 softPx2=0 order=4 bound=1
2026.10.06-03.42.17 ICON fighter=f-0-hero bbox=(885,465,917,497) size=32 src=combat anchor=right fallback=0 overlapPx2=0 texture=/Game/S08/UI/IconsV3/T_IV3_action_attack_token_32.T_IV3_action_attack_token_32
2026.10.06-03.42.17 ARTPREVIEW anim fighter=f-1-hero clip=Idle len=2.500 event=clipFinished loop=1 phase=0.3470 seq=-1 asset=AM_KingArthur_Idle rate=1.00
2026.10.06-03.42.17 CUE combat seq=12 stage=read t=50600 ms=1000 skipped=0
2026.10.06-03.42.17 CUE combat seq=12 stage=slam t=50600 a=3 d=0 outcome=win
2026.10.06-03.42.17 CUE sound id=CUE-010 point=cue subject=slam seq=12 t=50613 event_t=50613 dt=0 class=SFX sound=SW_CMB_SLAM_02 gain=0.80 result=played bank=CMB-SLAM
2026.10.06-03.42.18 CUE fx done id=CUE-010 subject=scene seq=12 t=50780 ms=1800 cut=0 hold=1000
2026.10.06-03.42.18 S09AUTO opponent-last-move shot
2026.10.06-03.42.18 SHOT ctx viewport=1920x1080 viewTarget=CameraActor_2147482025 cam=(0,1342,1917) rot=(-55,-90,0)
2026.10.06-03.42.18 RENDER tag=SHOT rhi=D3D12 featureLevel=SM6 shaderPlatform=PCD3D_SM6 lumenPlatform=1 gi=lumen giMethod=1 refl=lumen reflMethod=1 shadows=csm vsmEnable=0 sg.res=100 sg.view=2 sg.aa=2 sg.shadow=2 sg.gi=2 sg.refl=2 sg.pp=2 sg.tex=2 sg.fx=2 sg.foliage=2 sg.shading=2 sg.landscape=2 preset=High screenPct=100.0 screenPctMode=0 aa=TSR aaMethod=4 exposure=fixed-histogram expMin=4.14106 expMax=4.14106 expBias=0.000 ev100=2.05 lightUnits=candelas sky=1 skyIntensity=3.000 keyShadow=csm-3600uu-2c-contact0.000 shadowCasters=1 profile=sarpedon-night profilesSha256=0a3417258f46ad3d99620bcbabd1b37615192b7a59f090c77515189845b33bb7 profilesSource=pak legacyRender=0 gameLayer=unlit-eyeadaptinv tMaxFPS=30.0 vsync=0 frameRateLimit=60.0 substrate=0 nanite=1 meshDF=1 viewport=1920x1080 reference=1
2026.10.06-03.42.18 SHOT fighter f-0-hero pos=(3,2) world=(-89,-22,0) screen=(845,517) projected=1 alive=1
2026.10.06-03.42.18 SHOT fighter f-0-sk0 pos=(1,3) world=(-309,33,0) screen=(555,576) projected=1 alive=1
2026.10.06-03.42.18 SHOT fighter f-0-sk1 pos=(0,2) world=(-398,-3,0) screen=(442,537) projected=1 alive=1
2026.10.06-03.42.18 SHOT fighter f-0-sk2 pos=(0,3) world=(-394,92,0) screen=(435,640) projected=1 alive=1
2026.10.06-03.42.18 SHOT fighter f-1-hero pos=(5,4) world=(119,141,0) screen=(1120,695) projected=1 alive=1
2026.10.06-03.42.18 SHOT fighter f-1-sk0 pos=(6,3) world=(159,52,0) screen=(1169,596) projected=1 alive=1
2026.10.06-03.42.18 SHOT camera dist=2340.2 target=2340.2 overview=2340.2 errPct=0.000 focusErr=0.00 settled=1 zoom=1.00
2026.10.06-03.42.18 SHOT head fighter=f-0-hero socket=Head mesh=SK_Medusa_H2LD world=(-89.8,-21.0,47.1) screen=(841.8,481.9) top=(841.6,477.2) bottom=(842.1,486.5) headPx=9.3 projected=1
2026.10.06-03.42.18 SHOT head fighter=f-0-sk0 socket=Head mesh=SK_Harpy_H3LD world=(-308.6,28.4,34.3) screen=(550.8,544.8) top=(549.9,540.2) bottom=(551.6,549.3) headPx=9.3 projected=1
2026.10.06-03.42.18 SHOT head fighter=f-0-sk1 socket=Head mesh=SK_Harpy_H3LD world=(-399.1,2.6,34.0) screen=(434.2,517.2) top=(433.1,512.6) bottom=(435.3,521.7) headPx=9.4 projected=1
2026.10.06-03.42.18 SHOT head fighter=f-0-sk2 socket=Head mesh=SK_Harpy_H3LD world=(-394.1,86.7,33.9) screen=(429.6,609.4) top=(428.5,604.9) bottom=(430.8,613.9) headPx=9.3 projected=1
2026.10.06-03.42.18 SHOT head fighter=f-1-hero socket=Head mesh=SK_KingArthur_H2LD world=(119.0,139.7,50.1) screen=(1123.3,657.5) top=(1123.6,653.1) bottom=(1122.9,662.0) headPx=9.0 projected=1
2026.10.06-03.42.18 SHOT head fighter=f-1-sk0 socket=Head mesh=SK_Merlin_H2LD world=(159.2,48.7,36.5) screen=(1172.4,565.3) top=(1172.9,560.8) bottom=(1172.0,569.8) headPx=9.1 projected=1
2026.10.06-03.42.18 SHOT figure fighter=f-0-hero bbox=(804,445,882,547) ringR=28.50 art=1 blockout=0 team=P1 look=P1 ring=1
2026.10.06-03.42.18 SHOT figure fighter=f-0-sk0 bbox=(516,520,586,600) ringR=22.23 art=1 blockout=0 team=P1 look=P1 ring=1
2026.10.06-03.42.18 SHOT figure fighter=f-0-sk1 bbox=(402,482,474,561) ringR=22.23 art=1 blockout=0 team=P1 look=P1 ring=1
2026.10.06-03.42.18 SHOT figure fighter=f-0-sk2 bbox=(394,584,467,665) ringR=22.23 art=1 blockout=0 team=P1 look=P1 ring=1
2026.10.06-03.42.18 SHOT figure fighter=f-1-hero bbox=(1081,619,1165,728) ringR=28.50 art=1 blockout=0 team=P2 look=P2 ring=1
2026.10.06-03.42.18 SHOT figure fighter=f-1-sk0 bbox=(1139,534,1204,620) ringR=22.23 art=1 blockout=0 team=P2 look=P2 ring=1
2026.10.06-03.42.18 SHOT request file=s09-opponent-last-move.png frame=1429
2026.10.06-03.42.18 SHOT requested: FScreenshotRequest(bShowUI) -> C:\Users\ren\AppData\Local\Temp\s09-combat-20261006-084119-39652\joiner/s09-opponent-last-move.png
2026.10.06-03.42.18 SHOT captured file=s09-opponent-last-move.png frame=1429 px=1920x1080 sha256=d894898c6f541ddb0311278601260bf46c0254f6b410eef7b86bddefbaa6c94f order=BGRA saved=1
2026.10.06-03.42.18 SHOT late begin file=s09-opponent-last-move.png frame=1429 requestFrame=1429
2026.10.06-03.42.18 SHOT icon fighter=f-0-hero bbox=(885,465,917,497) size=32 src=combat planned=(885,465,917,497) geom=painted visible=1 anchor=right fallback=0 overlapPx2=0 texture=/Game/S08/UI/IconsV3/T_IV3_action_attack_token_32.T_IV3_action_attack_token_32 frame=1429
2026.10.06-03.42.18 SHOT widget id=icon impl=umg-motion state=combat fighter=f-0-hero bbox=(885,465,917,497) geom=painted visible=1 twin=0 source=S08AnimatedIconWidget:action-attack-token frame=1429
2026.10.06-03.42.18 SHOT widget id=board.tag impl=umg state=compact fighter=f-0-hero bbox=(792,421,894,443) geom=painted visible=1 twin=0 source=/Game/S08/UI/ArtHud/WBP_S08ArtTag mode=compact look=P1 shape=circle placement=above ring=0 order=0 bound=1 softPx2=0 planned=(792,421,894,443) frame=1429
2026.10.06-03.42.18 SHOT widget id=board.tag.hp impl=umg state=compact fighter=f-0-hero bbox=(848,423,890,441) geom=painted visible=1 twin=0 source=/Game/S08/UI/ArtHud/WBP_S08ArtTag mode=compact look=P1 shape=circle placement=above ring=0 order=0 bound=1 softPx2=0 planned=(792,421,894,443) frame=1429 font=11
2026.10.06-03.42.18 SHOT widget id=board.tag.bar impl=umg state=compact fighter=f-0-hero bbox=(811,430,845,435) geom=painted visible=1 twin=0 source=/Game/S08/UI/ArtHud/WBP_S08ArtTag mode=compact look=P1 shape=circle placement=above ring=0 order=0 bound=1 softPx2=0 planned=(792,421,894,443) frame=1429
2026.10.06-03.42.18 SHOT widget id=board.tag.chip impl=umg state=compact fighter=f-0-hero bbox=(796,426,808,438) geom=painted visible=1 twin=0 source=/Game/S08/UI/ArtHud/WBP_S08ArtTag mode=compact look=P1 shape=circle placement=above ring=0 order=0 bound=1 softPx2=0 planned=(792,421,894,443) frame=1429
2026.10.06-03.42.18 SHOT widget id=board.tag impl=umg state=compact fighter=f-0-sk0 bbox=(509,496,593,518) geom=painted visible=1 twin=0 source=/Game/S08/UI/ArtHud/WBP_S08ArtTag mode=compact look=P1 shape=circle placement=above ring=0 order=3 bound=1 softPx2=0 planned=(509,496,593,518) frame=1429
2026.10.06-03.42.18 SHOT widget id=board.tag.hp impl=umg state=compact fighter=f-0-sk0 bbox=(565,498,589,516) geom=painted visible=1 twin=0 source=/Game/S08/UI/ArtHud/WBP_S08ArtTag mode=compact look=P1 shape=circle placement=above ring=0 order=3 bound=1 softPx2=0 planned=(509,496,593,518) frame=1429 font=11
2026.10.06-03.42.18 SHOT widget id=board.tag.bar impl=umg state=compact fighter=f-0-sk0 bbox=(528,505,562,510) geom=painted visible=1 twin=0 source=/Game/S08/UI/ArtHud/WBP_S08ArtTag mode=compact look=P1 shape=circle placement=above ring=0 order=3 bound=1 softPx2=0 planned=(509,496,593,518) frame=1429
2026.10.06-03.42.18 SHOT widget id=board.tag.chip impl=umg state=compact fighter=f-0-sk0 bbox=(513,501,525,513) geom=painted visible=1 twin=0 source=/Game/S08/UI/ArtHud/WBP_S08ArtTag mode=compact look=P1 shape=circle placement=above ring=0 order=3 bound=1 softPx2=0 planned=(509,496,593,518) frame=1429
2026.10.06-03.42.18 SHOT widget id=board.tag impl=umg state=compact fighter=f-0-sk1 bbox=(396,458,480,480) geom=painted visible=1 twin=0 source=/Game/S08/UI/ArtHud/WBP_S08ArtTag mode=compact look=P1 shape=circle placement=above ring=0 order=2 bound=1 softPx2=0 planned=(396,458,480,480) frame=1429
2026.10.06-03.42.18 SHOT widget id=board.tag.hp impl=umg state=compact fighter=f-0-sk1 bbox=(452,460,476,478) geom=painted visible=1 twin=0 source=/Game/S08/UI/ArtHud/WBP_S08ArtTag mode=compact look=P1 shape=circle placement=above ring=0 order=2 bound=1 softPx2=0 planned=(396,458,480,480) frame=1429 font=11
2026.10.06-03.42.18 SHOT widget id=board.tag.bar impl=umg state=compact fighter=f-0-sk1 bbox=(415,467,449,472) geom=painted visible=1 twin=0 source=/Game/S08/UI/ArtHud/WBP_S08ArtTag mode=compact look=P1 shape=circle placement=above ring=0 order=2 bound=1 softPx2=0 planned=(396,458,480,480) frame=1429
2026.10.06-03.42.18 SHOT widget id=board.tag.chip impl=umg state=compact fighter=f-0-sk1 bbox=(400,463,412,475) geom=painted visible=1 twin=0 source=/Game/S08/UI/ArtHud/WBP_S08ArtTag mode=compact look=P1 shape=circle placement=above ring=0 order=2 bound=1 softPx2=0 planned=(396,458,480,480) frame=1429
2026.10.06-03.42.18 SHOT widget id=board.tag impl=umg state=compact fighter=f-0-sk2 bbox=(308,584,392,606) geom=painted visible=1 twin=0 source=/Game/S08/UI/ArtHud/WBP_S08ArtTag mode=compact look=P1 shape=circle placement=left ring=0 order=5 bound=1 softPx2=0 planned=(308,584,392,606) frame=1429
2026.10.06-03.42.18 SHOT widget id=board.tag.hp impl=umg state=compact fighter=f-0-sk2 bbox=(364,586,388,604) geom=painted visible=1 twin=0 source=/Game/S08/UI/ArtHud/WBP_S08ArtTag mode=compact look=P1 shape=circle placement=left ring=0 order=5 bound=1 softPx2=0 planned=(308,584,392,606) frame=1429 font=11
2026.10.06-03.42.18 SHOT widget id=board.tag.bar impl=umg state=compact fighter=f-0-sk2 bbox=(327,593,361,598) geom=painted visible=1 twin=0 source=/Game/S08/UI/ArtHud/WBP_S08ArtTag mode=compact look=P1 shape=circle placement=left ring=0 order=5 bound=1 softPx2=0 planned=(308,584,392,606) frame=1429
2026.10.06-03.42.18 SHOT widget id=board.tag.chip impl=umg state=compact fighter=f-0-sk2 bbox=(312,589,324,601) geom=painted visible=1 twin=0 source=/Game/S08/UI/ArtHud/WBP_S08ArtTag mode=compact look=P1 shape=circle placement=left ring=0 order=5 bound=1 softPx2=0 planned=(308,584,392,606) frame=1429
2026.10.06-03.42.18 SHOT widget id=board.tag impl=umg state=compact fighter=f-1-hero bbox=(977,619,1079,641) geom=painted visible=1 twin=0 source=/Game/S08/UI/ArtHud/WBP_S08ArtTag mode=compact look=P2 shape=hex placement=left ring=0 order=1 bound=1 softPx2=0 planned=(977,619,1079,641) frame=1429
2026.10.06-03.42.18 SHOT widget id=board.tag.hp impl=umg state=compact fighter=f-1-hero bbox=(1033,621,1075,639) geom=painted visible=1 twin=0 source=/Game/S08/UI/ArtHud/WBP_S08ArtTag mode=compact look=P2 shape=hex placement=left ring=0 order=1 bound=1 softPx2=0 planned=(977,619,1079,641) frame=1429 font=11
2026.10.06-03.42.18 SHOT widget id=board.tag.bar impl=umg state=compact fighter=f-1-hero bbox=(996,628,1030,633) geom=painted visible=1 twin=0 source=/Game/S08/UI/ArtHud/WBP_S08ArtTag mode=compact look=P2 shape=hex placement=left ring=0 order=1 bound=1 softPx2=0 planned=(977,619,1079,641) frame=1429
2026.10.06-03.42.18 SHOT widget id=board.tag.chip impl=umg state=compact fighter=f-1-hero bbox=(981,624,993,636) geom=painted visible=1 twin=0 source=/Game/S08/UI/ArtHud/WBP_S08ArtTag mode=compact look=P2 shape=hex placement=left ring=0 order=1 bound=1 softPx2=0 planned=(977,619,1079,641) frame=1429
2026.10.06-03.42.18 SHOT widget id=board.tag impl=umg state=compact fighter=f-1-sk0 bbox=(1130,510,1214,532) geom=painted visible=1 twin=0 source=/Game/S08/UI/ArtHud/WBP_S08ArtTag mode=compact look=P2 shape=hex placement=above ring=0 order=4 bound=1 softPx2=0 planned=(1130,510,1214,532) frame=1429
2026.10.06-03.42.18 SHOT widget id=board.tag.hp impl=umg state=compact fighter=f-1-sk0 bbox=(1186,512,1210,530) geom=painted visible=1 twin=0 source=/Game/S08/UI/ArtHud/WBP_S08ArtTag mode=compact look=P2 shape=hex placement=above ring=0 order=4 bound=1 softPx2=0 planned=(1130,510,1214,532) frame=1429 font=11
2026.10.06-03.42.18 SHOT widget id=board.tag.bar impl=umg state=compact fighter=f-1-sk0 bbox=(1149,519,1183,524) geom=painted visible=1 twin=0 source=/Game/S08/UI/ArtHud/WBP_S08ArtTag mode=compact look=P2 shape=hex placement=above ring=0 order=4 bound=1 softPx2=0 planned=(1130,510,1214,532) frame=1429
2026.10.06-03.42.18 SHOT widget id=board.tag.chip impl=umg state=compact fighter=f-1-sk0 bbox=(1134,515,1146,527) geom=painted visible=1 twin=0 source=/Game/S08/UI/ArtHud/WBP_S08ArtTag mode=compact look=P2 shape=hex placement=above ring=0 order=4 bound=1 softPx2=0 planned=(1130,510,1214,532) frame=1429
2026.10.06-03.42.18 SHOT widget id=board.damage impl=umg state=damage fighter=f-1-hero bbox=(1008,589,1048,617) geom=painted visible=1 twin=0 source=/Game/S08/UI/ArtHud/WBP_S08ArtDamage amount=1 seq=13 placement=above_ring=0_hardPx2=0_softPx2=0 stableFrames=24 planned=(1008,589,1048,617) frame=1429
2026.10.06-03.42.18 SHOT widget id=board.damage.text impl=umg state=damage fighter=f-1-hero bbox=(1016,589,1040,617) geom=painted visible=1 twin=0 source=/Game/S08/UI/ArtHud/WBP_S08ArtDamage amount=1 seq=13 placement=above_ring=0_hardPx2=0_softPx2=0 stableFrames=24 planned=(1008,589,1048,617) frame=1429 font=18
2026.10.06-03.42.18 SHOT damage fighter=f-1-hero bbox=(1008,589,1048,617) frame=1429
2026.10.06-03.42.18 SHOT panel id=hud.command bbox=(0,0,677,140) geom=painted visible=1 frame=1429
2026.10.06-03.42.18 SHOT panel id=hud.side bbox=(1420,0,1920,179) geom=painted visible=1 frame=1429
2026.10.06-03.42.18 SHOT panel id=hud.hand bbox=(610,907,1310,1080) geom=painted visible=1 frame=1429
2026.10.06-03.42.18 SHOT late end file=s09-opponent-last-move.png frame=1429
2026.10.06-03.42.18 CUE combat seq=12 stage=pause t=51080 ms=300 skipped=0
2026.10.06-03.42.18 CUE combat seq=12 stage=lunge t=51080 attacker=f-1-sk0 rate=1.00
2026.10.06-03.42.18 SFX bank=CMB-LUNGE-MAGIC tag=lunge class=SFX t=51147 sound=SW_CMB_LUNGE_MAGIC_02 gain=0.80
2026.10.06-03.42.18 ARTPREVIEW anim fighter=f-1-sk0 clip=LungeAttack len=0.583 event=attack loop=0 phase=0.0000 seq=12 asset=AM_Merlin_LungeAttack rate=1.00
2026.10.06-03.42.18 TAG fighter=f-0-hero bbox=(792,421,894,443) mode=compact look=P1 placement=above ring=0 hardPx2=0 softPx2=0 order=0 bound=1
2026.10.06-03.42.18 TAG fighter=f-0-sk0 bbox=(509,496,593,518) mode=compact look=P1 placement=above ring=0 hardPx2=0 softPx2=0 order=2 bound=1
2026.10.06-03.42.18 TAG fighter=f-0-sk1 bbox=(396,458,480,480) mode=compact look=P1 placement=above ring=0 hardPx2=0 softPx2=0 order=1 bound=1
2026.10.06-03.42.18 TAG fighter=f-0-sk2 bbox=(308,584,392,606) mode=compact look=P1 placement=left ring=0 hardPx2=0 softPx2=0 order=4 bound=1
2026.10.06-03.42.18 TAG fighter=f-1-hero bbox=(977,619,1079,641) mode=compact look=P2 placement=left ring=0 hardPx2=0 softPx2=0 order=5 bound=1
2026.10.06-03.42.18 TAG fighter=f-1-sk0 bbox=(1130,510,1214,532) mode=compact look=P2 placement=above ring=0 hardPx2=0 softPx2=0 order=3 bound=1
2026.10.06-03.42.18 ICON fighter=f-0-hero bbox=(885,465,917,497) size=32 src=combat anchor=right fallback=0 overlapPx2=0 texture=/Game/S08/UI/IconsV3/T_IV3_action_attack_token_32.T_IV3_action_attack_token_32
2026.10.06-03.42.18 CUE combat seq=12 stage=contact t=51413 offset=333 window=900 src=notify
2026.10.06-03.42.18 CUE fx id=CUE-011 subject=f-0-hero seq=12 t=51413 vfx=missing sfx=missing clip=missing mat=FxFlash socket=Head reduced=0 result=fallback
2026.10.06-03.42.18 CUE combat seq=12 stage=hit t=51413 target=f-0-hero tint=450
2026.10.06-03.42.18 ARTPREVIEW anim fighter=f-0-hero clip=HitReact len=0.417 event=damaged loop=0 phase=0.0000 seq=12 asset=AM_Medusa_HitReact rate=1.00
2026.10.06-03.42.18 ARTPREVIEW hit-tint fighter=f-0-hero ms=450
2026.10.06-03.42.18 VO event=HURT speaker=MEDUSA t=51414 result=played line=MEDUSA-HURT-01 prio=3
2026.10.06-03.42.18 game -> room=cmuw4tbs005wpt84mulgi3nuk code=<redacted> status=IN_PROGRESS
2026.10.06-03.42.18 CUE sound id=CUE-011 point=hit subject=f-0-hero seq=12 t=51414 event_t=51414 dt=0 class=SFX sound=SW_CMB_HIT_MAGIC_02 gain=0.80 result=played bank=CMB-HIT-MAGIC due=51413
2026.10.06-03.42.18 CUE combat seq=12 stage=minus t=51473 amount=3 life=900
2026.10.06-03.42.18 ARTPREVIEW damage-number fighter=f-0-hero amount=3 seq=12 cell=(3,2)
2026.10.06-03.42.18 TAG fighter=f-0-hero bbox=(792,421,894,443) mode=compact look=P1 placement=above ring=0 hardPx2=0 softPx2=0 order=0 bound=1
2026.10.06-03.42.18 TAG fighter=f-0-sk0 bbox=(509,496,593,518) mode=compact look=P1 placement=above ring=0 hardPx2=0 softPx2=0 order=2 bound=1
2026.10.06-03.42.18 TAG fighter=f-0-sk1 bbox=(396,458,480,480) mode=compact look=P1 placement=above ring=0 hardPx2=0 softPx2=0 order=1 bound=1
2026.10.06-03.42.18 TAG fighter=f-0-sk2 bbox=(308,584,392,606) mode=compact look=P1 placement=left ring=0 hardPx2=0 softPx2=0 order=4 bound=1
2026.10.06-03.42.18 TAG fighter=f-1-hero bbox=(977,619,1079,641) mode=compact look=P2 placement=left ring=0 hardPx2=0 softPx2=0 order=5 bound=1
2026.10.06-03.42.18 TAG fighter=f-1-sk0 bbox=(1130,510,1214,532) mode=compact look=P2 placement=above ring=0 hardPx2=0 softPx2=0 order=3 bound=1
2026.10.06-03.42.18 ICON fighter=f-0-hero bbox=(885,465,917,497) size=32 src=combat anchor=right fallback=0 overlapPx2=0 texture=/Game/S08/UI/IconsV3/T_IV3_action_attack_token_32.T_IV3_action_attack_token_32
2026.10.06-03.42.18 DAMAGE fighter=f-0-hero bbox=(896,418,936,446) amount=3 seq=12 placement=right ring=0 hardPx2=0 softPx2=0
2026.10.06-03.42.18 CUE combat seq=12 stage=hp t=51493 from=12 to=9
2026.10.06-03.42.18 ARTPREVIEW fighter=Medusa hero=1 eligible=0 visual=1 mesh=SK_Medusa_H2LD
2026.10.06-03.42.18 CATCHUP seq=12 latest=15 queued=3 lag=1501 t=51514 action=hurry reason=lag applied=0
2026.10.06-03.42.18 TAG fighter=f-0-hero bbox=(796,421,889,443) mode=compact look=P1 placement=above ring=0 hardPx2=0 softPx2=0 order=0 bound=1
2026.10.06-03.42.18 TAG fighter=f-0-sk0 bbox=(509,496,593,518) mode=compact look=P1 placement=above ring=0 hardPx2=0 softPx2=0 order=2 bound=1
2026.10.06-03.42.18 TAG fighter=f-0-sk1 bbox=(396,458,480,480) mode=compact look=P1 placement=above ring=0 hardPx2=0 softPx2=0 order=1 bound=1
2026.10.06-03.42.18 TAG fighter=f-0-sk2 bbox=(308,584,392,606) mode=compact look=P1 placement=left ring=0 hardPx2=0 softPx2=0 order=4 bound=1
2026.10.06-03.42.18 TAG fighter=f-1-hero bbox=(977,619,1079,641) mode=compact look=P2 placement=left ring=0 hardPx2=0 softPx2=0 order=5 bound=1
2026.10.06-03.42.18 TAG fighter=f-1-sk0 bbox=(1130,510,1214,532) mode=compact look=P2 placement=above ring=0 hardPx2=0 softPx2=0 order=3 bound=1
2026.10.06-03.42.18 ICON fighter=f-0-hero bbox=(885,465,917,497) size=32 src=combat anchor=right fallback=0 overlapPx2=0 texture=/Game/S08/UI/IconsV3/T_IV3_action_attack_token_32.T_IV3_action_attack_token_32
2026.10.06-03.42.18 DAMAGE fighter=f-0-hero bbox=(891,418,931,446) amount=3 seq=12 placement=right ring=0 hardPx2=0 softPx2=0
2026.10.06-03.42.18 SNAPSHOT applied seq=16 phase=ACTION_MANEUVER
2026.10.06-03.42.18 HANDLE_APPLIED #20 seq=16 decision=2 fightersValid=1 boardValid=1
2026.10.06-03.42.18 CUE fx done id=CUE-011 subject=f-0-hero seq=12 t=51514 ms=101 cut=jump
2026.10.06-03.42.18 CUE combat seq=12 stage=end t=51514 total=3134 skipped=0 cut=catchup
2026.10.06-03.42.18 CATCHUP seq=12 latest=16 queued=4 lag=1501 t=51514 action=cut reason=queue applied=1
2026.10.06-03.42.18 ARTPREVIEW fighter=Medusa hero=1 eligible=0 visual=1 mesh=SK_Medusa_H2LD
2026.10.06-03.42.18 ARTPREVIEW combat marker fighter=Medusa attacker=0 target=0 icon=0 targetMesh=SM_Marker_TargetRing iconMode=screen targetArcScaleXY=0.920
2026.10.06-03.42.18 ARTPREVIEW hero-light fighter=f-1-sk0 state=idle layers=2 lightsOn=2 keyCd=14.530 rimCd=1.234 mul=1.000 pulse=none
2026.10.06-03.42.18 ARTPREVIEW combat marker fighter=Merlin attacker=0 target=0 icon=0 targetMesh=SM_Marker_TargetRing iconMode=screen targetArcScaleXY=0.718
2026.10.06-03.42.18 MODE seq=16 mode=0 combat=0 pending=0
2026.10.06-03.42.18 MS-OPP verb=maneuver seq=16
2026.10.06-03.42.18 MS-TRACK own=0/2 opp=2/2 oppVisible=1 seq=16
2026.10.06-03.42.18 MS-OPP planning=1 seq=16
2026.10.06-03.42.18 CUE sound id=CUE-005 point=cue subject=hand.opp seq=16 t=51514 event_t=51514 dt=0 class=SFX sound=SW_CRD_DRAW_02 gain=0.80 result=played
2026.10.06-03.42.18 HUD seq=16 phase=ACTION_MANEUVER turn=opp hand=3 oppHand=6(hidden) oppDeck=24~ deck=24~ discard=3
2026.10.06-03.42.18 MS-STATUS seq=16 text="Medusa — Opponent is planning a maneuver"
2026.10.06-03.42.18 ARTPREVIEW fighter=Medusa hero=1 eligible=0 visual=1 mesh=SK_Medusa_H2LD
2026.10.06-03.42.18 FIGHTERS synced n=6 alive=6 own=2 enemy=4
2026.10.06-03.42.18 WS seq=16 phase=ACTION_MANEUVER (apply)
2026.10.06-03.42.18 HUD-HEART side=opp hero=f-0-hero hp=9/16 anim=damage glow=1 played=1
2026.10.06-03.42.18 HUD-TRACK own=0/2 server=0 local=0 opp=2/2 oppVisible=1 anim=-/spend seq=16 frame=1442
2026.10.06-03.42.18 TAG fighter=f-0-hero bbox=(796,421,889,443) mode=compact look=P1 placement=above ring=0 hardPx2=0 softPx2=0 order=0 bound=1
2026.10.06-03.42.18 TAG fighter=f-0-sk0 bbox=(509,496,593,518) mode=compact look=P1 placement=above ring=0 hardPx2=0 softPx2=0 order=2 bound=1
2026.10.06-03.42.18 TAG fighter=f-0-sk1 bbox=(396,458,480,480) mode=compact look=P1 placement=above ring=0 hardPx2=0 softPx2=0 order=1 bound=1
2026.10.06-03.42.18 TAG fighter=f-0-sk2 bbox=(308,584,392,606) mode=compact look=P1 placement=left ring=0 hardPx2=0 softPx2=0 order=4 bound=1
2026.10.06-03.42.18 TAG fighter=f-1-hero bbox=(977,619,1079,641) mode=compact look=P2 placement=left ring=0 hardPx2=0 softPx2=0 order=5 bound=1
2026.10.06-03.42.18 TAG fighter=f-1-sk0 bbox=(1130,510,1214,532) mode=compact look=P2 placement=above ring=0 hardPx2=0 softPx2=0 order=3 bound=1
2026.10.06-03.42.18 HUD icon hidden fighter=f-0-hero
2026.10.06-03.42.19 SNAPSHOT applied seq=17 phase=ACTION_MANEUVER
2026.10.06-03.42.19 HANDLE_APPLIED #21 seq=17 decision=2 fightersValid=1 boardValid=1
2026.10.06-03.42.19 TURN-INPUT open seq=17 frame=1445 gate=none
2026.10.06-03.42.19 MODE seq=17 mode=0 combat=0 pending=0
2026.10.06-03.42.19 MS-OPP verb=none seq=17
2026.10.06-03.42.19 MS-TRACK own=0/2 opp=0/2 oppVisible=0 seq=17
2026.10.06-03.42.19 MS-OPP planning=0 seq=17
2026.10.06-03.42.19 MS-LAST fade seq=15 at=17 ms=300
2026.10.06-03.42.19 MS-LAST replace seq=15 by=17
2026.10.06-03.42.19 MS-LAST enter seq=17 player=cmuhntivg0000wib0anhqyswc source=MANEUVER moves=1 boost=-1
2026.10.06-03.42.19 CUE sound id=CUE-015 point=turn subject=- seq=17 t=51647 event_t=51647 dt=0 class=UI sound=SW_UI_TURN_CHIME_01 gain=0.80 result=played turn=own
2026.10.06-03.42.19 VO event=TURN-START speaker=ARTHUR t=51647 result=skipped line=- prio=4 reason=busy
2026.10.06-03.42.19 HUD-TURN seq=17 turn=own initial=0 ring=marker-turn-ring flash=1000 banner=600 reduced=0
2026.10.06-03.42.19 HUD seq=17 phase=ACTION_MANEUVER turn=you hand=3 oppHand=6(hidden) oppDeck=24~ deck=24~ discard=3
2026.10.06-03.42.19 MS-STATUS seq=17 text="Choose an action: maneuver (M), attack (A) or scheme (G)"
2026.10.06-03.42.19 ARTPREVIEW heroesV2 fighter=f-0-hero mesh=/Game/PipelineCandidates/Medusa/H2LD/Meshes/SK_Medusa_H2LD mi=/Game/PipelineCandidates/Medusa/H2LD/Materials/MI_Medusa_H2LD_P1 yaw=270.0 scale=0.9998 name=Medusa hero=1 look=P1 base=/Game/PipelineCandidates/Medusa/H2LD/Meshes/SM_Medusa_H2LD_Base baseMi=/Game/PipelineCandidates/Medusa/H2LD/Materials/MI_Medusa_H2LD_Base_P1 skeleton=/Game/PipelineCandidates/Medusa/Rig/SK_Medusa_Skeleton.SK_Medusa_Skeleton clips=4/4 boundsTop=55.00 figureTop=55.00 budget=55.0
2026.10.06-03.42.19 ARTPREVIEW fighter=Medusa hero=1 eligible=0 visual=1 mesh=SK_Medusa_H2LD
2026.10.06-03.42.19 FIGHTERS synced n=6 alive=6 own=2 enemy=4
2026.10.06-03.42.19 MS-CUE move seq=17 fighter=f-0-hero order=0 of=1 kind=move steps=3 source=trail start=0 ms=840 snapped=0 path=S21>S31>S35>S36 speed=normal reduced=0
2026.10.06-03.42.19 CUE sound id=CUE-007 point=step subject=f-0-hero seq=17 t=51647 event_t=51647 dt=0 class=SFX sound=SW_BRD_STEP_02 gain=0.80 result=played edge=1/3 due=51647
2026.10.06-03.42.19 MS-ANIM play seq=17 moves=1 animated=1 speed=normal reduced=0 end=990
2026.10.06-03.42.19 CUE move f-0-hero (3,2)->(5,5) seq=17
2026.10.06-03.42.19 WS seq=17 phase=ACTION_MANEUVER (apply)
2026.10.06-03.42.19 HUD-TRACK own=0/2 server=0 local=0 opp=0/2 oppVisible=0 anim=reset/reset seq=17 frame=1446
2026.10.06-03.42.19 S09AUTO own turn #1 (turnCount=4)
2026.10.06-03.42.19 S09AUTO attack (attacker=f-1-hero target-set card-set)
2026.10.06-03.42.19 S09AUTO attack ability boost added
2026.10.06-03.42.19 ATTACK sent ability=card
2026.10.06-03.42.19 HUD-TRACK chosen=attack seq=17 spent=0
2026.10.06-03.42.19 ARTPREVIEW combat marker fighter=Medusa attacker=0 target=1 icon=1 targetMesh=SM_Marker_TargetRing iconMode=screen targetArcScaleXY=0.920
2026.10.06-03.42.19 ARTPREVIEW hero-light fighter=f-1-hero state=active layers=2 lightsOn=2 keyCd=24.324 rimCd=2.067 mul=1.134 pulse=0.40Hz+-4%
2026.10.06-03.42.19 ARTPREVIEW combat marker fighter=King Arthur attacker=1 target=0 icon=0 targetMesh=SM_Marker_TargetRing iconMode=screen targetArcScaleXY=0.920
2026.10.06-03.42.19 MS-STATUS seq=17 text="Syncing…"
2026.10.06-03.42.19 TAG fighter=f-0-hero bbox=(800,440,893,462) mode=compact look=P1 placement=above ring=0 hardPx2=0 softPx2=0 order=0 bound=1
2026.10.06-03.42.19 TAG fighter=f-0-sk0 bbox=(509,496,593,518) mode=compact look=P1 placement=above ring=0 hardPx2=0 softPx2=0 order=2 bound=1
2026.10.06-03.42.19 TAG fighter=f-0-sk1 bbox=(396,458,480,480) mode=compact look=P1 placement=above ring=0 hardPx2=0 softPx2=0 order=1 bound=1
2026.10.06-03.42.19 TAG fighter=f-0-sk2 bbox=(308,584,392,606) mode=compact look=P1 placement=left ring=0 hardPx2=0 softPx2=0 order=4 bound=1
2026.10.06-03.42.19 TAG fighter=f-1-hero bbox=(977,619,1079,641) mode=compact look=P2 placement=left ring=0 hardPx2=0 softPx2=0 order=5 bound=1
2026.10.06-03.42.19 TAG fighter=f-1-sk0 bbox=(1130,510,1214,532) mode=compact look=P2 placement=above ring=0 hardPx2=0 softPx2=0 order=3 bound=1
2026.10.06-03.42.19 ICON fighter=f-0-hero bbox=(889,484,921,516) size=32 src=combat anchor=right fallback=0 overlapPx2=0 texture=/Game/S08/UI/IconsV3/T_IV3_action_attack_token_32.T_IV3_action_attack_token_32
2026.10.06-03.42.19 DAMAGE fighter=f-0-hero bbox=(895,437,935,465) amount=3 seq=12 placement=right ring=0 hardPx2=0 softPx2=0
2026.10.06-03.42.19 HUD-TRACK own=1/2 server=0 local=1 opp=0/2 oppVisible=0 anim=spend/- seq=17 frame=1447
2026.10.06-03.42.19 TAG fighter=f-0-hero bbox=(804,460,897,482) mode=compact look=P1 placement=above ring=0 hardPx2=0 softPx2=0 order=0 bound=1
2026.10.06-03.42.19 TAG fighter=f-0-sk0 bbox=(509,496,593,518) mode=compact look=P1 placement=above ring=0 hardPx2=0 softPx2=0 order=2 bound=1
2026.10.06-03.42.19 TAG fighter=f-0-sk1 bbox=(396,458,480,480) mode=compact look=P1 placement=above ring=0 hardPx2=0 softPx2=0 order=1 bound=1
2026.10.06-03.42.19 TAG fighter=f-0-sk2 bbox=(308,584,392,606) mode=compact look=P1 placement=left ring=0 hardPx2=0 softPx2=0 order=4 bound=1
2026.10.06-03.42.19 TAG fighter=f-1-hero bbox=(977,619,1079,641) mode=compact look=P2 placement=left ring=0 hardPx2=0 softPx2=0 order=5 bound=1
2026.10.06-03.42.19 TAG fighter=f-1-sk0 bbox=(1130,510,1214,532) mode=compact look=P2 placement=above ring=0 hardPx2=0 softPx2=0 order=3 bound=1
2026.10.06-03.42.19 ICON fighter=f-0-hero bbox=(893,504,925,536) size=32 src=combat anchor=right fallback=0 overlapPx2=0 texture=/Game/S08/UI/IconsV3/T_IV3_action_attack_token_32.T_IV3_action_attack_token_32
2026.10.06-03.42.19 DAMAGE fighter=f-0-hero bbox=(899,457,939,485) amount=3 seq=12 placement=right ring=0 hardPx2=0 softPx2=0
2026.10.06-03.42.19 TAG fighter=f-0-hero bbox=(807,479,900,501) mode=compact look=P1 placement=above ring=0 hardPx2=0 softPx2=0 order=0 bound=1
2026.10.06-03.42.19 TAG fighter=f-0-sk0 bbox=(509,496,593,518) mode=compact look=P1 placement=above ring=0 hardPx2=0 softPx2=0 order=2 bound=1
2026.10.06-03.42.19 TAG fighter=f-0-sk1 bbox=(396,458,480,480) mode=compact look=P1 placement=above ring=0 hardPx2=0 softPx2=0 order=1 bound=1
2026.10.06-03.42.19 TAG fighter=f-0-sk2 bbox=(308,584,392,606) mode=compact look=P1 placement=left ring=0 hardPx2=0 softPx2=0 order=4 bound=1
2026.10.06-03.42.19 TAG fighter=f-1-hero bbox=(977,619,1079,641) mode=compact look=P2 placement=left ring=0 hardPx2=0 softPx2=0 order=5 bound=1
2026.10.06-03.42.19 TAG fighter=f-1-sk0 bbox=(1130,510,1214,532) mode=compact look=P2 placement=above ring=0 hardPx2=0 softPx2=0 order=3 bound=1
2026.10.06-03.42.19 ICON fighter=f-0-hero bbox=(896,524,928,556) size=32 src=combat anchor=right fallback=0 overlapPx2=0 texture=/Game/S08/UI/IconsV3/T_IV3_action_attack_token_32.T_IV3_action_attack_token_32
2026.10.06-03.42.19 DAMAGE fighter=f-0-hero bbox=(902,476,942,504) amount=3 seq=12 placement=right ring=0 hardPx2=0 softPx2=0
2026.10.06-03.42.19 ARTPREVIEW anim fighter=f-1-sk0 clip=Idle len=3.000 event=clipFinished loop=1 phase=0.8028 seq=-1 asset=AM_Merlin_Idle rate=1.00
2026.10.06-03.42.19 TAG fighter=f-0-hero bbox=(811,500,904,522) mode=compact look=P1 placement=above ring=0 hardPx2=0 softPx2=0 order=0 bound=1
2026.10.06-03.42.19 TAG fighter=f-0-sk0 bbox=(509,496,593,518) mode=compact look=P1 placement=above ring=0 hardPx2=0 softPx2=0 order=2 bound=1
2026.10.06-03.42.19 TAG fighter=f-0-sk1 bbox=(396,458,480,480) mode=compact look=P1 placement=above ring=0 hardPx2=0 softPx2=0 order=1 bound=1
2026.10.06-03.42.19 TAG fighter=f-0-sk2 bbox=(308,584,392,606) mode=compact look=P1 placement=left ring=0 hardPx2=0 softPx2=0 order=4 bound=1
2026.10.06-03.42.19 TAG fighter=f-1-hero bbox=(977,619,1079,641) mode=compact look=P2 placement=left ring=0 hardPx2=0 softPx2=0 order=5 bound=1
2026.10.06-03.42.19 TAG fighter=f-1-sk0 bbox=(1130,510,1214,532) mode=compact look=P2 placement=above ring=0 hardPx2=0 softPx2=0 order=3 bound=1
2026.10.06-03.42.19 ICON fighter=f-0-hero bbox=(900,544,932,576) size=32 src=combat anchor=right fallback=0 overlapPx2=0 texture=/Game/S08/UI/IconsV3/T_IV3_action_attack_token_32.T_IV3_action_attack_token_32
2026.10.06-03.42.19 DAMAGE fighter=f-0-hero bbox=(906,497,946,525) amount=3 seq=12 placement=right ring=0 hardPx2=0 softPx2=0
2026.10.06-03.42.19 SNAPSHOT applied seq=18 phase=COMBAT
2026.10.06-03.42.19 HANDLE_APPLIED #22 seq=18 decision=2 fightersValid=1 boardValid=1
2026.10.06-03.42.19 CUE sound id=CUE-008 point=cue subject=f-1-hero seq=18 t=51781 event_t=51781 dt=0 class=SFX sound=SW_CMB_ATTACK_DECLARE_01 gain=0.80 result=played
2026.10.06-03.42.19 AUDIO attack seq=18 key=ARTHUR abilityBoost=1
2026.10.06-03.42.19 CUE sound id=CUE-014 point=cue subject=f-1-hero seq=18 t=51781 event_t=51781 dt=0 class=SFX sound=SW_FX_ARTHUR_BOOST_01 gain=0.80 result=played
2026.10.06-03.42.19 VO event=ATTACK speaker=ARTHUR t=51781 result=skipped line=- prio=3 reason=busy
2026.10.06-03.42.19 CUE fx id=CUE-008 subject=f-1-hero seq=18 t=51781 vfx=missing sfx=missing clip=none mat=none socket=Weapon reduced=0 result=fallback
2026.10.06-03.42.19 closed mode=
2026.10.06-03.42.19 MODE seq=18 mode=0 combat=1 pending=0
2026.10.06-03.42.19 MS-OPP verb=defend seq=18
2026.10.06-03.42.19 MS-TRACK own=1/2 opp=0/2 oppVisible=0 seq=18
2026.10.06-03.42.19 HUD seq=18 phase=COMBAT turn=you hand=1 oppHand=6(hidden) oppDeck=22 deck=24 discard=5
2026.10.06-03.42.19 MS-STATUS seq=18 text="Waiting for the defender"
2026.10.06-03.42.19 ARTPREVIEW fighter=Medusa hero=1 eligible=0 visual=1 mesh=SK_Medusa_H2LD
2026.10.06-03.42.19 FIGHTERS synced n=6 alive=6 own=2 enemy=4
2026.10.06-03.42.19 ATTACK done seq=18 (apply) phase=COMBAT
2026.10.06-03.42.19 SNAPSHOT applied seq=18 phase=COMBAT
2026.10.06-03.42.19 HANDLE_APPLIED #23 seq=18 decision=1 fightersValid=1 boardValid=1
2026.10.06-03.42.19 MODE seq=18 mode=0 combat=1 pending=0
2026.10.06-03.42.19 HUD seq=18 phase=COMBAT turn=you hand=1 oppHand=6(hidden) oppDeck=22 deck=24 discard=5
2026.10.06-03.42.19 ARTPREVIEW fighter=Medusa hero=1 eligible=0 visual=1 mesh=SK_Medusa_H2LD
2026.10.06-03.42.19 FIGHTERS synced n=6 alive=6 own=2 enemy=4
2026.10.06-03.42.19 WS seq=18 phase=COMBAT (merge)
2026.10.06-03.42.19 HUD-TRACK own=1/2 server=1 local=0 opp=0/2 oppVisible=0 anim=-/- seq=18 frame=1450
2026.10.06-03.42.19 TAG fighter=f-0-hero bbox=(815,520,908,542) mode=compact look=P1 placement=above ring=0 hardPx2=0 softPx2=0 order=0 bound=1
2026.10.06-03.42.19 TAG fighter=f-0-sk0 bbox=(509,496,593,518) mode=compact look=P1 placement=above ring=0 hardPx2=0 softPx2=0 order=2 bound=1
2026.10.06-03.42.19 TAG fighter=f-0-sk1 bbox=(396,458,480,480) mode=compact look=P1 placement=above ring=0 hardPx2=0 softPx2=0 order=1 bound=1
2026.10.06-03.42.19 TAG fighter=f-0-sk2 bbox=(308,584,392,606) mode=compact look=P1 placement=left ring=0 hardPx2=0 softPx2=0 order=4 bound=1
2026.10.06-03.42.19 TAG fighter=f-1-hero bbox=(977,619,1079,641) mode=compact look=P2 placement=left ring=0 hardPx2=0 softPx2=0 order=5 bound=1
2026.10.06-03.42.19 TAG fighter=f-1-sk0 bbox=(1130,510,1214,532) mode=compact look=P2 placement=above ring=0 hardPx2=0 softPx2=0 order=3 bound=1
2026.10.06-03.42.19 ICON fighter=f-0-hero bbox=(904,564,936,596) size=32 src=combat anchor=right fallback=0 overlapPx2=0 texture=/Game/S08/UI/IconsV3/T_IV3_action_attack_token_32.T_IV3_action_attack_token_32
2026.10.06-03.42.19 DAMAGE fighter=f-0-hero bbox=(910,517,950,545) amount=3 seq=12 placement=right ring=0 hardPx2=0 softPx2=0
2026.10.06-03.42.19 TAG fighter=f-0-hero bbox=(819,540,912,562) mode=compact look=P1 placement=above ring=0 hardPx2=0 softPx2=0 order=0 bound=1
2026.10.06-03.42.19 TAG fighter=f-0-sk0 bbox=(509,496,593,518) mode=compact look=P1 placement=above ring=0 hardPx2=0 softPx2=0 order=2 bound=1
2026.10.06-03.42.19 TAG fighter=f-0-sk1 bbox=(396,458,480,480) mode=compact look=P1 placement=above ring=0 hardPx2=0 softPx2=0 order=1 bound=1
2026.10.06-03.42.19 TAG fighter=f-0-sk2 bbox=(308,584,392,606) mode=compact look=P1 placement=left ring=0 hardPx2=0 softPx2=0 order=4 bound=1
2026.10.06-03.42.19 TAG fighter=f-1-hero bbox=(977,619,1079,641) mode=compact look=P2 placement=left ring=0 hardPx2=0 softPx2=0 order=5 bound=1
2026.10.06-03.42.19 TAG fighter=f-1-sk0 bbox=(1130,510,1214,532) mode=compact look=P2 placement=above ring=0 hardPx2=0 softPx2=0 order=3 bound=1
2026.10.06-03.42.19 ICON fighter=f-0-hero bbox=(908,584,940,616) size=32 src=combat anchor=right fallback=0 overlapPx2=0 texture=/Game/S08/UI/IconsV3/T_IV3_action_attack_token_32.T_IV3_action_attack_token_32
2026.10.06-03.42.19 DAMAGE fighter=f-0-hero bbox=(914,537,954,565) amount=3 seq=12 placement=right ring=0 hardPx2=0 softPx2=0
2026.10.06-03.42.19 ARTPREVIEW anim fighter=f-0-hero clip=Idle len=2.333 event=clipFinished loop=1 phase=0.8071 seq=-1 asset=AM_Medusa_Idle rate=1.00
2026.10.06-03.42.19 TAG fighter=f-0-hero bbox=(823,561,916,583) mode=compact look=P1 placement=above ring=0 hardPx2=0 softPx2=0 order=0 bound=1
2026.10.06-03.42.19 TAG fighter=f-0-sk0 bbox=(509,496,593,518) mode=compact look=P1 placement=above ring=0 hardPx2=0 softPx2=0 order=2 bound=1
2026.10.06-03.42.19 TAG fighter=f-0-sk1 bbox=(396,458,480,480) mode=compact look=P1 placement=above ring=0 hardPx2=0 softPx2=0 order=1 bound=1
2026.10.06-03.42.19 TAG fighter=f-0-sk2 bbox=(308,584,392,606) mode=compact look=P1 placement=left ring=0 hardPx2=0 softPx2=0 order=4 bound=1
2026.10.06-03.42.19 TAG fighter=f-1-hero bbox=(977,619,1079,641) mode=compact look=P2 placement=left ring=0 hardPx2=0 softPx2=0 order=5 bound=1
2026.10.06-03.42.19 TAG fighter=f-1-sk0 bbox=(1130,510,1214,532) mode=compact look=P2 placement=above ring=0 hardPx2=0 softPx2=0 order=3 bound=1
2026.10.06-03.42.19 ICON fighter=f-0-hero bbox=(912,605,944,637) size=32 src=combat anchor=right fallback=0 overlapPx2=0 texture=/Game/S08/UI/IconsV3/T_IV3_action_attack_token_32.T_IV3_action_attack_token_32
2026.10.06-03.42.19 DAMAGE fighter=f-0-hero bbox=(918,558,958,586) amount=3 seq=12 placement=right ring=0 hardPx2=0 softPx2=0
2026.10.06-03.42.19 TAG fighter=f-0-hero bbox=(827,581,920,603) mode=compact look=P1 placement=above ring=0 hardPx2=0 softPx2=0 order=0 bound=1
2026.10.06-03.42.19 TAG fighter=f-0-sk0 bbox=(509,496,593,518) mode=compact look=P1 placement=above ring=0 hardPx2=0 softPx2=0 order=2 bound=1
2026.10.06-03.42.19 TAG fighter=f-0-sk1 bbox=(396,458,480,480) mode=compact look=P1 placement=above ring=0 hardPx2=0 softPx2=0 order=1 bound=1
2026.10.06-03.42.19 TAG fighter=f-0-sk2 bbox=(308,584,392,606) mode=compact look=P1 placement=left ring=0 hardPx2=0 softPx2=0 order=4 bound=1
2026.10.06-03.42.19 TAG fighter=f-1-hero bbox=(977,619,1079,641) mode=compact look=P2 placement=left ring=0 hardPx2=0 softPx2=0 order=5 bound=1
2026.10.06-03.42.19 TAG fighter=f-1-sk0 bbox=(1130,510,1214,532) mode=compact look=P2 placement=above ring=0 hardPx2=0 softPx2=0 order=3 bound=1
2026.10.06-03.42.19 ICON fighter=f-0-hero bbox=(916,626,948,658) size=32 src=combat anchor=right fallback=0 overlapPx2=0 texture=/Game/S08/UI/IconsV3/T_IV3_action_attack_token_32.T_IV3_action_attack_token_32
2026.10.06-03.42.19 DAMAGE fighter=f-0-hero bbox=(922,578,962,606) amount=3 seq=12 placement=right ring=0 hardPx2=0 softPx2=0
2026.10.06-03.42.19 CUE sound id=CUE-007 point=step subject=f-0-hero seq=17 t=51947 event_t=51947 dt=0 class=SFX sound=SW_BRD_STEP_01 gain=0.80 result=played edge=2/3 due=51927
2026.10.06-03.42.19 TAG fighter=f-0-hero bbox=(836,594,929,616) mode=compact look=P1 placement=above ring=0 hardPx2=0 softPx2=0 order=0 bound=1
2026.10.06-03.42.19 TAG fighter=f-0-sk0 bbox=(509,496,593,518) mode=compact look=P1 placement=above ring=0 hardPx2=0 softPx2=0 order=2 bound=1
2026.10.06-03.42.19 TAG fighter=f-0-sk1 bbox=(396,458,480,480) mode=compact look=P1 placement=above ring=0 hardPx2=0 softPx2=0 order=1 bound=1
2026.10.06-03.42.19 TAG fighter=f-0-sk2 bbox=(308,584,392,606) mode=compact look=P1 placement=left ring=0 hardPx2=0 softPx2=0 order=4 bound=1
2026.10.06-03.42.19 TAG fighter=f-1-hero bbox=(977,619,1079,641) mode=compact look=P2 placement=left ring=0 hardPx2=0 softPx2=0 order=5 bound=1
2026.10.06-03.42.19 TAG fighter=f-1-sk0 bbox=(1130,510,1214,532) mode=compact look=P2 placement=above ring=0 hardPx2=0 softPx2=0 order=3 bound=1
2026.10.06-03.42.19 ICON fighter=f-0-hero bbox=(925,639,957,671) size=32 src=combat anchor=right fallback=0 overlapPx2=0 texture=/Game/S08/UI/IconsV3/T_IV3_action_attack_token_32.T_IV3_action_attack_token_32
2026.10.06-03.42.19 DAMAGE fighter=f-0-hero bbox=(931,591,971,619) amount=3 seq=12 placement=right ring=0 hardPx2=0 softPx2=0
2026.10.06-03.42.19 TAG fighter=f-0-hero bbox=(849,602,942,624) mode=compact look=P1 placement=above ring=0 hardPx2=0 softPx2=0 order=0 bound=1
2026.10.06-03.42.19 TAG fighter=f-0-sk0 bbox=(509,496,593,518) mode=compact look=P1 placement=above ring=0 hardPx2=0 softPx2=0 order=2 bound=1
2026.10.06-03.42.19 TAG fighter=f-0-sk1 bbox=(396,458,480,480) mode=compact look=P1 placement=above ring=0 hardPx2=0 softPx2=0 order=1 bound=1
2026.10.06-03.42.19 TAG fighter=f-0-sk2 bbox=(308,584,392,606) mode=compact look=P1 placement=left ring=0 hardPx2=0 softPx2=0 order=4 bound=1
2026.10.06-03.42.19 TAG fighter=f-1-hero bbox=(1072,730,1174,752) mode=compact look=P2 placement=below ring=0 hardPx2=0 softPx2=0 order=5 bound=1
2026.10.06-03.42.19 TAG fighter=f-1-sk0 bbox=(1130,510,1214,532) mode=compact look=P2 placement=above ring=0 hardPx2=0 softPx2=0 order=3 bound=1
2026.10.06-03.42.19 ICON fighter=f-0-hero bbox=(938,647,970,679) size=32 src=combat anchor=right fallback=0 overlapPx2=0 texture=/Game/S08/UI/IconsV3/T_IV3_action_attack_token_32.T_IV3_action_attack_token_32
2026.10.06-03.42.19 DAMAGE fighter=f-0-hero bbox=(944,599,984,627) amount=3 seq=12 placement=right ring=0 hardPx2=0 softPx2=0
2026.10.06-03.42.19 TAG fighter=f-0-hero bbox=(861,609,954,631) mode=compact look=P1 placement=above ring=0 hardPx2=0 softPx2=0 order=0 bound=1
2026.10.06-03.42.19 TAG fighter=f-0-sk0 bbox=(509,496,593,518) mode=compact look=P1 placement=above ring=0 hardPx2=0 softPx2=0 order=2 bound=1
2026.10.06-03.42.19 TAG fighter=f-0-sk1 bbox=(396,458,480,480) mode=compact look=P1 placement=above ring=0 hardPx2=0 softPx2=0 order=1 bound=1
2026.10.06-03.42.19 TAG fighter=f-0-sk2 bbox=(308,584,392,606) mode=compact look=P1 placement=left ring=0 hardPx2=0 softPx2=0 order=4 bound=1
2026.10.06-03.42.19 TAG fighter=f-1-hero bbox=(1072,730,1174,752) mode=compact look=P2 placement=below ring=0 hardPx2=0 softPx2=0 order=5 bound=1
2026.10.06-03.42.19 TAG fighter=f-1-sk0 bbox=(1130,510,1214,532) mode=compact look=P2 placement=above ring=0 hardPx2=0 softPx2=0 order=3 bound=1
2026.10.06-03.42.19 ICON fighter=f-0-hero bbox=(950,654,982,686) size=32 src=combat anchor=right fallback=0 overlapPx2=0 texture=/Game/S08/UI/IconsV3/T_IV3_action_attack_token_32.T_IV3_action_attack_token_32
2026.10.06-03.42.19 DAMAGE fighter=f-0-hero bbox=(956,606,996,634) amount=3 seq=12 placement=right ring=0 hardPx2=0 softPx2=0
2026.10.06-03.42.19 TAG fighter=f-0-hero bbox=(874,617,967,639) mode=compact look=P1 placement=above ring=0 hardPx2=0 softPx2=0 order=0 bound=1
2026.10.06-03.42.19 TAG fighter=f-0-sk0 bbox=(509,496,593,518) mode=compact look=P1 placement=above ring=0 hardPx2=0 softPx2=0 order=2 bound=1
2026.10.06-03.42.19 TAG fighter=f-0-sk1 bbox=(396,458,480,480) mode=compact look=P1 placement=above ring=0 hardPx2=0 softPx2=0 order=1 bound=1
2026.10.06-03.42.19 TAG fighter=f-0-sk2 bbox=(308,584,392,606) mode=compact look=P1 placement=left ring=0 hardPx2=0 softPx2=0 order=4 bound=1
2026.10.06-03.42.19 TAG fighter=f-1-hero bbox=(1072,730,1174,752) mode=compact look=P2 placement=below ring=0 hardPx2=0 softPx2=0 order=5 bound=1
2026.10.06-03.42.19 TAG fighter=f-1-sk0 bbox=(1130,510,1214,532) mode=compact look=P2 placement=above ring=0 hardPx2=0 softPx2=0 order=3 bound=1
2026.10.06-03.42.19 ICON fighter=f-0-hero bbox=(963,662,995,694) size=32 src=combat anchor=right fallback=0 overlapPx2=0 texture=/Game/S08/UI/IconsV3/T_IV3_action_attack_token_32.T_IV3_action_attack_token_32
2026.10.06-03.42.19 DAMAGE fighter=f-0-hero bbox=(969,614,1009,642) amount=3 seq=12 placement=right ring=0 hardPx2=0 softPx2=0
2026.10.06-03.42.19 TAG fighter=f-0-hero bbox=(887,625,980,647) mode=compact look=P1 placement=above ring=0 hardPx2=0 softPx2=0 order=0 bound=1
2026.10.06-03.42.19 TAG fighter=f-0-sk0 bbox=(509,496,593,518) mode=compact look=P1 placement=above ring=0 hardPx2=0 softPx2=0 order=2 bound=1
2026.10.06-03.42.19 TAG fighter=f-0-sk1 bbox=(396,458,480,480) mode=compact look=P1 placement=above ring=0 hardPx2=0 softPx2=0 order=1 bound=1
2026.10.06-03.42.19 TAG fighter=f-0-sk2 bbox=(308,584,392,606) mode=compact look=P1 placement=left ring=0 hardPx2=0 softPx2=0 order=4 bound=1
2026.10.06-03.42.19 TAG fighter=f-1-hero bbox=(1072,730,1174,752) mode=compact look=P2 placement=below ring=0 hardPx2=0 softPx2=0 order=5 bound=1
2026.10.06-03.42.19 TAG fighter=f-1-sk0 bbox=(1130,510,1214,532) mode=compact look=P2 placement=above ring=0 hardPx2=0 softPx2=0 order=3 bound=1
2026.10.06-03.42.19 ICON fighter=f-0-hero bbox=(976,670,1008,702) size=32 src=combat anchor=right fallback=0 overlapPx2=0 texture=/Game/S08/UI/IconsV3/T_IV3_action_attack_token_32.T_IV3_action_attack_token_32
2026.10.06-03.42.19 DAMAGE fighter=f-0-hero bbox=(982,622,1022,650) amount=3 seq=12 placement=right ring=0 hardPx2=0 softPx2=0
2026.10.06-03.42.19 TAG fighter=f-0-hero bbox=(900,633,993,655) mode=compact look=P1 placement=above ring=0 hardPx2=0 softPx2=0 order=0 bound=1
2026.10.06-03.42.19 TAG fighter=f-0-sk0 bbox=(509,496,593,518) mode=compact look=P1 placement=above ring=0 hardPx2=0 softPx2=0 order=2 bound=1
2026.10.06-03.42.19 TAG fighter=f-0-sk1 bbox=(396,458,480,480) mode=compact look=P1 placement=above ring=0 hardPx2=0 softPx2=0 order=1 bound=1
2026.10.06-03.42.19 TAG fighter=f-0-sk2 bbox=(308,584,392,606) mode=compact look=P1 placement=left ring=0 hardPx2=0 softPx2=0 order=4 bound=1
2026.10.06-03.42.19 TAG fighter=f-1-hero bbox=(1072,730,1174,752) mode=compact look=P2 placement=below ring=0 hardPx2=0 softPx2=0 order=5 bound=1
2026.10.06-03.42.19 TAG fighter=f-1-sk0 bbox=(1130,510,1214,532) mode=compact look=P2 placement=above ring=0 hardPx2=0 softPx2=0 order=3 bound=1
2026.10.06-03.42.19 ICON fighter=f-0-hero bbox=(989,678,1021,710) size=32 src=combat anchor=right fallback=0 overlapPx2=0 texture=/Game/S08/UI/IconsV3/T_IV3_action_attack_token_32.T_IV3_action_attack_token_32
2026.10.06-03.42.19 DAMAGE fighter=f-0-hero bbox=(995,630,1035,658) amount=3 seq=12 placement=right ring=0 hardPx2=0 softPx2=0
2026.10.06-03.42.19 TAG fighter=f-0-hero bbox=(913,640,1006,662) mode=compact look=P1 placement=above ring=0 hardPx2=0 softPx2=0 order=0 bound=1
2026.10.06-03.42.19 TAG fighter=f-0-sk0 bbox=(509,496,593,518) mode=compact look=P1 placement=above ring=0 hardPx2=0 softPx2=0 order=2 bound=1
2026.10.06-03.42.19 TAG fighter=f-0-sk1 bbox=(396,458,480,480) mode=compact look=P1 placement=above ring=0 hardPx2=0 softPx2=0 order=1 bound=1
2026.10.06-03.42.19 TAG fighter=f-0-sk2 bbox=(308,584,392,606) mode=compact look=P1 placement=left ring=0 hardPx2=0 softPx2=0 order=4 bound=1
2026.10.06-03.42.19 TAG fighter=f-1-hero bbox=(1072,730,1174,752) mode=compact look=P2 placement=below ring=0 hardPx2=0 softPx2=0 order=5 bound=1
2026.10.06-03.42.19 TAG fighter=f-1-sk0 bbox=(1130,510,1214,532) mode=compact look=P2 placement=above ring=0 hardPx2=0 softPx2=0 order=3 bound=1
2026.10.06-03.42.19 ICON fighter=f-0-hero bbox=(1002,686,1034,718) size=32 src=combat anchor=right fallback=0 overlapPx2=0 texture=/Game/S08/UI/IconsV3/T_IV3_action_attack_token_32.T_IV3_action_attack_token_32
2026.10.06-03.42.19 DAMAGE fighter=f-0-hero bbox=(1008,637,1048,665) amount=3 seq=12 placement=right ring=0 hardPx2=0 softPx2=0
2026.10.06-03.42.19 TAG fighter=f-0-hero bbox=(926,648,1019,670) mode=compact look=P1 placement=above ring=0 hardPx2=0 softPx2=0 order=0 bound=1
2026.10.06-03.42.19 TAG fighter=f-0-sk0 bbox=(509,496,593,518) mode=compact look=P1 placement=above ring=0 hardPx2=0 softPx2=0 order=2 bound=1
2026.10.06-03.42.19 TAG fighter=f-0-sk1 bbox=(396,458,480,480) mode=compact look=P1 placement=above ring=0 hardPx2=0 softPx2=0 order=1 bound=1
2026.10.06-03.42.19 TAG fighter=f-0-sk2 bbox=(308,584,392,606) mode=compact look=P1 placement=left ring=0 hardPx2=0 softPx2=0 order=4 bound=1
2026.10.06-03.42.19 TAG fighter=f-1-hero bbox=(1072,730,1174,752) mode=compact look=P2 placement=below ring=0 hardPx2=0 softPx2=0 order=5 bound=1
2026.10.06-03.42.19 TAG fighter=f-1-sk0 bbox=(1130,510,1214,532) mode=compact look=P2 placement=above ring=0 hardPx2=0 softPx2=0 order=3 bound=1
2026.10.06-03.42.19 ICON fighter=f-0-hero bbox=(1016,694,1048,726) size=32 src=combat anchor=right fallback=0 overlapPx2=0 texture=/Game/S08/UI/IconsV3/T_IV3_action_attack_token_32.T_IV3_action_attack_token_32
2026.10.06-03.42.19 DAMAGE fighter=f-0-hero bbox=(1021,645,1061,673) amount=3 seq=12 placement=right ring=0 hardPx2=0 softPx2=0
2026.10.06-03.42.19 CUE sound id=CUE-007 point=step subject=f-0-hero seq=17 t=52214 event_t=52214 dt=0 class=SFX sound=SW_BRD_STEP_04 gain=0.80 result=played edge=3/3 due=52207
2026.10.06-03.42.19 TAG fighter=f-0-hero bbox=(939,656,1032,678) mode=compact look=P1 placement=above ring=0 hardPx2=0 softPx2=0 order=0 bound=1
2026.10.06-03.42.19 TAG fighter=f-0-sk0 bbox=(509,496,593,518) mode=compact look=P1 placement=above ring=0 hardPx2=0 softPx2=0 order=2 bound=1
2026.10.06-03.42.19 TAG fighter=f-0-sk1 bbox=(396,458,480,480) mode=compact look=P1 placement=above ring=0 hardPx2=0 softPx2=0 order=1 bound=1
2026.10.06-03.42.19 TAG fighter=f-0-sk2 bbox=(308,584,392,606) mode=compact look=P1 placement=left ring=0 hardPx2=0 softPx2=0 order=4 bound=1
2026.10.06-03.42.19 TAG fighter=f-1-hero bbox=(1072,730,1174,752) mode=compact look=P2 placement=below ring=0 hardPx2=0 softPx2=0 order=5 bound=1
2026.10.06-03.42.19 TAG fighter=f-1-sk0 bbox=(1130,510,1214,532) mode=compact look=P2 placement=above ring=0 hardPx2=0 softPx2=0 order=3 bound=1
2026.10.06-03.42.19 ICON fighter=f-0-hero bbox=(1029,701,1061,733) size=32 src=combat anchor=right fallback=0 overlapPx2=0 texture=/Game/S08/UI/IconsV3/T_IV3_action_attack_token_32.T_IV3_action_attack_token_32
2026.10.06-03.42.19 DAMAGE fighter=f-0-hero bbox=(966,626,1006,654) amount=3 seq=12 placement=above ring=0 hardPx2=0 softPx2=0
2026.10.06-03.42.19 TAG fighter=f-0-hero bbox=(954,662,1047,684) mode=compact look=P1 placement=above ring=0 hardPx2=0 softPx2=0 order=0 bound=1
2026.10.06-03.42.19 TAG fighter=f-0-sk0 bbox=(509,496,593,518) mode=compact look=P1 placement=above ring=0 hardPx2=0 softPx2=0 order=2 bound=1
2026.10.06-03.42.19 TAG fighter=f-0-sk1 bbox=(396,458,480,480) mode=compact look=P1 placement=above ring=0 hardPx2=0 softPx2=0 order=1 bound=1
2026.10.06-03.42.19 TAG fighter=f-0-sk2 bbox=(308,584,392,606) mode=compact look=P1 placement=left ring=0 hardPx2=0 softPx2=0 order=4 bound=1
2026.10.06-03.42.19 TAG fighter=f-1-hero bbox=(1072,619,1174,641) mode=compact look=P2 placement=inset ring=0 hardPx2=0 softPx2=47 order=5 bound=1
2026.10.06-03.42.19 TAG fighter=f-1-sk0 bbox=(1130,510,1214,532) mode=compact look=P2 placement=above ring=0 hardPx2=0 softPx2=0 order=3 bound=1
2026.10.06-03.42.19 ICON fighter=f-0-hero bbox=(1044,708,1076,740) size=32 src=combat anchor=right fallback=0 overlapPx2=0 texture=/Game/S08/UI/IconsV3/T_IV3_action_attack_token_32.T_IV3_action_attack_token_32
2026.10.06-03.42.19 DAMAGE fighter=f-0-hero bbox=(981,632,1021,660) amount=3 seq=12 placement=above ring=0 hardPx2=0 softPx2=0
2026.10.06-03.42.19 TAG fighter=f-0-hero bbox=(969,669,1062,691) mode=compact look=P1 placement=above ring=0 hardPx2=0 softPx2=0 order=0 bound=1
2026.10.06-03.42.19 TAG fighter=f-0-sk0 bbox=(509,496,593,518) mode=compact look=P1 placement=above ring=0 hardPx2=0 softPx2=0 order=2 bound=1
2026.10.06-03.42.19 TAG fighter=f-0-sk1 bbox=(396,458,480,480) mode=compact look=P1 placement=above ring=0 hardPx2=0 softPx2=0 order=1 bound=1
2026.10.06-03.42.19 TAG fighter=f-0-sk2 bbox=(308,584,392,606) mode=compact look=P1 placement=left ring=0 hardPx2=0 softPx2=0 order=4 bound=1
2026.10.06-03.42.19 TAG fighter=f-1-hero bbox=(1072,730,1174,752) mode=compact look=P2 placement=below ring=0 hardPx2=0 softPx2=0 order=5 bound=1
2026.10.06-03.42.19 TAG fighter=f-1-sk0 bbox=(1130,510,1214,532) mode=compact look=P2 placement=above ring=0 hardPx2=0 softPx2=0 order=3 bound=1
2026.10.06-03.42.19 ICON fighter=f-0-hero bbox=(940,715,972,747) size=32 src=combat anchor=left fallback=0 overlapPx2=0 texture=/Game/S08/UI/IconsV3/T_IV3_action_attack_token_32.T_IV3_action_attack_token_32
2026.10.06-03.42.19 DAMAGE fighter=f-0-hero bbox=(996,639,1036,667) amount=3 seq=12 placement=above ring=0 hardPx2=0 softPx2=0
2026.10.06-03.42.19 TAG fighter=f-0-hero bbox=(983,676,1076,698) mode=compact look=P1 placement=above ring=0 hardPx2=0 softPx2=0 order=0 bound=1
2026.10.06-03.42.19 TAG fighter=f-0-sk0 bbox=(509,496,593,518) mode=compact look=P1 placement=above ring=0 hardPx2=0 softPx2=0 order=2 bound=1
2026.10.06-03.42.19 TAG fighter=f-0-sk1 bbox=(396,458,480,480) mode=compact look=P1 placement=above ring=0 hardPx2=0 softPx2=0 order=1 bound=1
2026.10.06-03.42.19 TAG fighter=f-0-sk2 bbox=(308,584,392,606) mode=compact look=P1 placement=left ring=0 hardPx2=0 softPx2=0 order=4 bound=1
2026.10.06-03.42.19 TAG fighter=f-1-hero bbox=(977,619,1079,641) mode=compact look=P2 placement=left ring=0 hardPx2=0 softPx2=0 order=5 bound=1
2026.10.06-03.42.19 TAG fighter=f-1-sk0 bbox=(1130,510,1214,532) mode=compact look=P2 placement=above ring=0 hardPx2=0 softPx2=0 order=3 bound=1
2026.10.06-03.42.19 ICON fighter=f-0-hero bbox=(954,721,986,753) size=32 src=combat anchor=left fallback=0 overlapPx2=0 texture=/Game/S08/UI/IconsV3/T_IV3_action_attack_token_32.T_IV3_action_attack_token_32
2026.10.06-03.42.19 DAMAGE fighter=f-0-hero bbox=(1010,646,1050,674) amount=3 seq=12 placement=above ring=0 hardPx2=0 softPx2=0
2026.10.06-03.42.19 TAG fighter=f-0-hero bbox=(908,706,1001,728) mode=compact look=P1 placement=left ring=0 hardPx2=0 softPx2=0 order=0 bound=1
2026.10.06-03.42.19 TAG fighter=f-0-sk0 bbox=(509,496,593,518) mode=compact look=P1 placement=above ring=0 hardPx2=0 softPx2=0 order=2 bound=1
2026.10.06-03.42.19 TAG fighter=f-0-sk1 bbox=(396,458,480,480) mode=compact look=P1 placement=above ring=0 hardPx2=0 softPx2=0 order=1 bound=1
2026.10.06-03.42.19 TAG fighter=f-0-sk2 bbox=(308,584,392,606) mode=compact look=P1 placement=left ring=0 hardPx2=0 softPx2=0 order=4 bound=1
2026.10.06-03.42.19 TAG fighter=f-1-hero bbox=(977,619,1079,641) mode=compact look=P2 placement=left ring=0 hardPx2=0 softPx2=0 order=5 bound=1
2026.10.06-03.42.19 TAG fighter=f-1-sk0 bbox=(1130,510,1214,532) mode=compact look=P2 placement=above ring=0 hardPx2=0 softPx2=0 order=3 bound=1
2026.10.06-03.42.19 ICON fighter=f-0-hero bbox=(968,728,1000,760) size=32 src=combat anchor=left fallback=0 overlapPx2=0 texture=/Game/S08/UI/IconsV3/T_IV3_action_attack_token_32.T_IV3_action_attack_token_32
2026.10.06-03.42.19 DAMAGE fighter=f-0-hero bbox=(935,676,975,704) amount=3 seq=12 placement=above ring=0 hardPx2=0 softPx2=0
2026.10.06-03.42.19 CUE fx done id=CUE-008 subject=f-1-hero seq=18 t=52381 ms=600 cut=0
2026.10.06-03.42.19 TAG fighter=f-0-hero bbox=(922,713,1015,735) mode=compact look=P1 placement=left ring=0 hardPx2=0 softPx2=0 order=0 bound=1
2026.10.06-03.42.19 TAG fighter=f-0-sk0 bbox=(509,496,593,518) mode=compact look=P1 placement=above ring=0 hardPx2=0 softPx2=0 order=2 bound=1
2026.10.06-03.42.19 TAG fighter=f-0-sk1 bbox=(396,458,480,480) mode=compact look=P1 placement=above ring=0 hardPx2=0 softPx2=0 order=1 bound=1
2026.10.06-03.42.19 TAG fighter=f-0-sk2 bbox=(308,584,392,606) mode=compact look=P1 placement=left ring=0 hardPx2=0 softPx2=0 order=4 bound=1
2026.10.06-03.42.19 TAG fighter=f-1-hero bbox=(977,619,1079,641) mode=compact look=P2 placement=left ring=0 hardPx2=0 softPx2=0 order=5 bound=1
2026.10.06-03.42.19 TAG fighter=f-1-sk0 bbox=(1130,510,1214,532) mode=compact look=P2 placement=above ring=0 hardPx2=0 softPx2=0 order=3 bound=1
2026.10.06-03.42.19 ICON fighter=f-0-hero bbox=(1103,735,1135,767) size=32 src=combat anchor=right fallback=0 overlapPx2=0 texture=/Game/S08/UI/IconsV3/T_IV3_action_attack_token_32.T_IV3_action_attack_token_32
2026.10.06-03.42.19 DAMAGE fighter=f-0-hero bbox=(949,683,989,711) amount=3 seq=12 placement=above ring=0 hardPx2=0 softPx2=0
2026.10.06-03.42.19 TAG fighter=f-0-hero bbox=(937,720,1030,742) mode=compact look=P1 placement=left ring=0 hardPx2=0 softPx2=0 order=0 bound=1
2026.10.06-03.42.19 TAG fighter=f-0-sk0 bbox=(509,496,593,518) mode=compact look=P1 placement=above ring=0 hardPx2=0 softPx2=0 order=2 bound=1
2026.10.06-03.42.19 TAG fighter=f-0-sk1 bbox=(396,458,480,480) mode=compact look=P1 placement=above ring=0 hardPx2=0 softPx2=0 order=1 bound=1
2026.10.06-03.42.19 TAG fighter=f-0-sk2 bbox=(308,584,392,606) mode=compact look=P1 placement=left ring=0 hardPx2=0 softPx2=0 order=4 bound=1
2026.10.06-03.42.19 TAG fighter=f-1-hero bbox=(977,619,1079,641) mode=compact look=P2 placement=left ring=0 hardPx2=0 softPx2=0 order=5 bound=1
2026.10.06-03.42.19 TAG fighter=f-1-sk0 bbox=(1130,510,1214,532) mode=compact look=P2 placement=above ring=0 hardPx2=0 softPx2=0 order=3 bound=1
2026.10.06-03.42.19 ICON fighter=f-0-hero bbox=(1118,741,1150,773) size=32 src=combat anchor=right fallback=0 overlapPx2=0 texture=/Game/S08/UI/IconsV3/T_IV3_action_attack_token_32.T_IV3_action_attack_token_32
2026.10.06-03.42.19 TAG fighter=f-0-hero bbox=(951,726,1044,748) mode=compact look=P1 placement=left ring=0 hardPx2=0 softPx2=0 order=0 bound=1
2026.10.06-03.42.19 TAG fighter=f-0-sk0 bbox=(509,496,593,518) mode=compact look=P1 placement=above ring=0 hardPx2=0 softPx2=0 order=2 bound=1
2026.10.06-03.42.19 TAG fighter=f-0-sk1 bbox=(396,458,480,480) mode=compact look=P1 placement=above ring=0 hardPx2=0 softPx2=0 order=1 bound=1
2026.10.06-03.42.19 TAG fighter=f-0-sk2 bbox=(308,584,392,606) mode=compact look=P1 placement=left ring=0 hardPx2=0 softPx2=0 order=4 bound=1
2026.10.06-03.42.19 TAG fighter=f-1-hero bbox=(977,619,1079,641) mode=compact look=P2 placement=left ring=0 hardPx2=0 softPx2=0 order=5 bound=1
2026.10.06-03.42.19 TAG fighter=f-1-sk0 bbox=(1130,510,1214,532) mode=compact look=P2 placement=above ring=0 hardPx2=0 softPx2=0 order=3 bound=1
2026.10.06-03.42.19 ICON fighter=f-0-hero bbox=(1133,748,1165,780) size=32 src=combat anchor=right fallback=0 overlapPx2=0 texture=/Game/S08/UI/IconsV3/T_IV3_action_attack_token_32.T_IV3_action_attack_token_32
2026.10.06-03.42.19 TAG fighter=f-0-hero bbox=(965,733,1058,755) mode=compact look=P1 placement=left ring=0 hardPx2=0 softPx2=0 order=0 bound=1
2026.10.06-03.42.19 TAG fighter=f-0-sk0 bbox=(509,496,593,518) mode=compact look=P1 placement=above ring=0 hardPx2=0 softPx2=0 order=2 bound=1
2026.10.06-03.42.19 TAG fighter=f-0-sk1 bbox=(396,458,480,480) mode=compact look=P1 placement=above ring=0 hardPx2=0 softPx2=0 order=1 bound=1
2026.10.06-03.42.19 TAG fighter=f-0-sk2 bbox=(308,584,392,606) mode=compact look=P1 placement=left ring=0 hardPx2=0 softPx2=0 order=4 bound=1
2026.10.06-03.42.19 TAG fighter=f-1-hero bbox=(977,619,1079,641) mode=compact look=P2 placement=left ring=0 hardPx2=0 softPx2=0 order=5 bound=1
2026.10.06-03.42.19 TAG fighter=f-1-sk0 bbox=(1130,510,1214,532) mode=compact look=P2 placement=above ring=0 hardPx2=0 softPx2=0 order=3 bound=1
2026.10.06-03.42.19 ICON fighter=f-0-hero bbox=(1148,755,1180,787) size=32 src=combat anchor=right fallback=0 overlapPx2=0 texture=/Game/S08/UI/IconsV3/T_IV3_action_attack_token_32.T_IV3_action_attack_token_32
2026.10.06-03.42.19 TAG fighter=f-0-hero bbox=(968,734,1061,756) mode=compact look=P1 placement=left ring=0 hardPx2=0 softPx2=0 order=0 bound=1
2026.10.06-03.42.19 TAG fighter=f-0-sk0 bbox=(509,496,593,518) mode=compact look=P1 placement=above ring=0 hardPx2=0 softPx2=0 order=2 bound=1
2026.10.06-03.42.19 TAG fighter=f-0-sk1 bbox=(396,458,480,480) mode=compact look=P1 placement=above ring=0 hardPx2=0 softPx2=0 order=1 bound=1
2026.10.06-03.42.19 TAG fighter=f-0-sk2 bbox=(308,584,392,606) mode=compact look=P1 placement=left ring=0 hardPx2=0 softPx2=0 order=4 bound=1
2026.10.06-03.42.19 TAG fighter=f-1-hero bbox=(977,619,1079,641) mode=compact look=P2 placement=left ring=0 hardPx2=0 softPx2=0 order=5 bound=1
2026.10.06-03.42.19 TAG fighter=f-1-sk0 bbox=(1130,510,1214,532) mode=compact look=P2 placement=above ring=0 hardPx2=0 softPx2=0 order=3 bound=1
2026.10.06-03.42.19 ICON fighter=f-0-hero bbox=(1151,756,1183,788) size=32 src=combat anchor=right fallback=0 overlapPx2=0 texture=/Game/S08/UI/IconsV3/T_IV3_action_attack_token_32.T_IV3_action_attack_token_32
2026.10.06-03.42.20 MS-LAST show seq=17 mode=anim player=cmuhntivg0000wib0anhqyswc from=3,2 to=5,5
2026.10.06-03.42.20 MS-LOG seq=17 moves=1 truncated=0 text="Medusa: maneuver: Medusa S21→S36"
2026.10.06-03.42.20 TAG fighter=f-0-hero bbox=(968,734,1061,756) mode=compact look=P1 placement=left ring=0 hardPx2=0 softPx2=0 order=0 bound=1
2026.10.06-03.42.20 TAG fighter=f-0-sk0 bbox=(509,496,593,518) mode=compact look=P1 placement=above ring=0 hardPx2=0 softPx2=0 order=2 bound=1
2026.10.06-03.42.20 TAG fighter=f-0-sk1 bbox=(396,458,480,480) mode=compact look=P1 placement=above ring=0 hardPx2=0 softPx2=0 order=1 bound=1
2026.10.06-03.42.20 TAG fighter=f-0-sk2 bbox=(308,584,392,606) mode=compact look=P1 placement=left ring=0 hardPx2=0 softPx2=0 order=4 bound=1
2026.10.06-03.42.20 TAG fighter=f-1-hero bbox=(977,619,1079,641) mode=compact look=P2 placement=left ring=0 hardPx2=0 softPx2=0 order=5 bound=1
2026.10.06-03.42.20 TAG fighter=f-1-sk0 bbox=(1130,510,1214,532) mode=compact look=P2 placement=above ring=0 hardPx2=0 softPx2=0 order=3 bound=1
2026.10.06-03.42.20 ICON fighter=f-0-hero bbox=(1151,756,1183,788) size=32 src=combat anchor=right fallback=0 overlapPx2=0 texture=/Game/S08/UI/IconsV3/T_IV3_action_attack_token_32.T_IV3_action_attack_token_32
2026.10.06-03.42.20 SNAPSHOT applied seq=19 phase=COMBAT_RESOLVE
2026.10.06-03.42.20 HANDLE_APPLIED #24 seq=19 decision=2 fightersValid=1 boardValid=1
2026.10.06-03.42.20 CUE sound id=CUE-009 point=cue subject=f-0-hero seq=19 t=52881 event_t=52881 dt=0 class=SFX sound=SW_CMB_DEFENSE_PLAYED_01 gain=0.80 result=played
2026.10.06-03.42.20 VO event=DEFEND speaker=MEDUSA t=52881 result=skipped line=- prio=4 reason=cooldown
2026.10.06-03.42.20 CUE fx id=CUE-009 subject=f-0-hero seq=19 t=52881 vfx=missing sfx=missing clip=none mat=FxFlash socket=Head reduced=0 result=fallback
2026.10.06-03.42.20 closed mode=
2026.10.06-03.42.20 MODE seq=19 mode=5 combat=1 pending=0
2026.10.06-03.42.20 HUD seq=19 phase=COMBAT_RESOLVE turn=you hand=1 oppHand=5(hidden) oppDeck=22~ deck=24~ discard=5
2026.10.06-03.42.20 MS-STATUS seq=19 text="Resolve the combat (R)"
2026.10.06-03.42.20 ARTPREVIEW fighter=Medusa hero=1 eligible=0 visual=1 mesh=SK_Medusa_H2LD
2026.10.06-03.42.20 FIGHTERS synced n=6 alive=6 own=2 enemy=4
2026.10.06-03.42.20 WS seq=19 phase=COMBAT_RESOLVE (apply)
2026.10.06-03.42.20 S09AUTO drive mode=5 plan=[attack+abilityboost+scheme+storms+defend+resolve] phase=COMBAT_RESOLVE turn=cmuhntiwu0001wib0z281rpa8
2026.10.06-03.42.20 S09AUTO resolve
2026.10.06-03.42.20 RESOLVE sent
2026.10.06-03.42.20 MS-STATUS seq=19 text="Syncing…"
2026.10.06-03.42.20 TOAST text="resolve sent"
2026.10.06-03.42.20 TAG fighter=f-0-hero bbox=(968,734,1061,756) mode=compact look=P1 placement=left ring=0 hardPx2=0 softPx2=0 order=0 bound=1
2026.10.06-03.42.20 TAG fighter=f-0-sk0 bbox=(509,496,593,518) mode=compact look=P1 placement=above ring=0 hardPx2=0 softPx2=0 order=2 bound=1
2026.10.06-03.42.20 TAG fighter=f-0-sk1 bbox=(396,458,480,480) mode=compact look=P1 placement=above ring=0 hardPx2=0 softPx2=0 order=1 bound=1
2026.10.06-03.42.20 TAG fighter=f-0-sk2 bbox=(308,584,392,606) mode=compact look=P1 placement=left ring=0 hardPx2=0 softPx2=0 order=4 bound=1
2026.10.06-03.42.20 TAG fighter=f-1-hero bbox=(977,619,1079,641) mode=compact look=P2 placement=left ring=0 hardPx2=0 softPx2=0 order=5 bound=1
2026.10.06-03.42.20 TAG fighter=f-1-sk0 bbox=(1130,510,1214,532) mode=compact look=P2 placement=above ring=0 hardPx2=0 softPx2=0 order=3 bound=1
2026.10.06-03.42.20 ICON fighter=f-0-hero bbox=(1151,756,1183,788) size=32 src=combat anchor=right fallback=0 overlapPx2=0 texture=/Game/S08/UI/IconsV3/T_IV3_action_attack_token_32.T_IV3_action_attack_token_32
2026.10.06-03.42.20 SNAPSHOT applied seq=20 phase=COMBAT_RESOLVE
2026.10.06-03.42.20 HANDLE_APPLIED #25 seq=20 decision=2 fightersValid=1 boardValid=1
2026.10.06-03.42.20 MODE seq=20 mode=5 combat=1 pending=1
2026.10.06-03.42.20 MS-OPP verb=ability seq=20
2026.10.06-03.42.20 MS-LAST fade seq=17 at=20 ms=300
2026.10.06-03.42.20 HUD seq=20 phase=COMBAT_RESOLVE turn=you hand=1 oppHand=5(hidden) oppDeck=22 deck=24 discard=5
2026.10.06-03.42.20 MS-STATUS seq=20 text="Waiting for the opponent's choice"
2026.10.06-03.42.20 RESOLVE panel revealed: A3+B2 vs D3
2026.10.06-03.42.20 RESOLVE panel blocked by pending (type=MOVE id=cmq7d7b4b00ruwi74zyil05so-after-0-p0)
2026.10.06-03.42.20 ARTPREVIEW fighter=Medusa hero=1 eligible=0 visual=1 mesh=SK_Medusa_H2LD
2026.10.06-03.42.20 FIGHTERS synced n=6 alive=6 own=2 enemy=4
2026.10.06-03.42.20 ARTPREVIEW damage-number fighter=f-0-hero amount=2 seq=20 cell=(5,5)
2026.10.06-03.42.20 ARTPREVIEW anim fighter=f-0-hero clip=HitReact len=0.417 event=damaged loop=0 phase=0.0000 seq=20 asset=AM_Medusa_HitReact rate=1.00
2026.10.06-03.42.20 ARTPREVIEW hit-tint fighter=f-0-hero ms=450
2026.10.06-03.42.20 VO event=HURT speaker=MEDUSA t=53014 result=skipped line=- prio=3 reason=cooldown
2026.10.06-03.42.20 CUE damage f-0-hero -2 seq=20
2026.10.06-03.42.20 RESOLVE done seq=20 (apply) phase=COMBAT_RESOLVE
2026.10.06-03.42.20 SNAPSHOT applied seq=20 phase=COMBAT_RESOLVE
2026.10.06-03.42.20 HANDLE_APPLIED #26 seq=20 decision=1 fightersValid=1 boardValid=1
2026.10.06-03.42.20 MODE seq=20 mode=5 combat=1 pending=1
2026.10.06-03.42.20 HUD seq=20 phase=COMBAT_RESOLVE turn=you hand=1 oppHand=5(hidden) oppDeck=22 deck=24 discard=5
2026.10.06-03.42.20 ARTPREVIEW fighter=Medusa hero=1 eligible=0 visual=1 mesh=SK_Medusa_H2LD
2026.10.06-03.42.20 FIGHTERS synced n=6 alive=6 own=2 enemy=4
2026.10.06-03.42.20 WS seq=20 phase=COMBAT_RESOLVE (merge)
2026.10.06-03.42.20 CUE sound id=CUE-011 point=hit subject=f-0-hero seq=20 t=53014 event_t=53014 dt=0 class=SFX sound=SW_CMB_HIT_MAGIC_01 gain=0.80 result=played bank=CMB-HIT-MAGIC
2026.10.06-03.42.20 HUD-HEART side=opp hero=f-0-hero hp=7/16 anim=damage glow=1 played=1
2026.10.06-03.42.20 S09AUTO resolve-blocked shot (type=MOVE)
2026.10.06-03.42.20 SHOT ctx viewport=1920x1080 viewTarget=CameraActor_2147482025 cam=(0,1342,1917) rot=(-55,-90,0)
2026.10.06-03.42.20 RENDER tag=SHOT rhi=D3D12 featureLevel=SM6 shaderPlatform=PCD3D_SM6 lumenPlatform=1 gi=lumen giMethod=1 refl=lumen reflMethod=1 shadows=csm vsmEnable=0 sg.res=100 sg.view=2 sg.aa=2 sg.shadow=2 sg.gi=2 sg.refl=2 sg.pp=2 sg.tex=2 sg.fx=2 sg.foliage=2 sg.shading=2 sg.landscape=2 preset=High screenPct=100.0 screenPctMode=0 aa=TSR aaMethod=4 exposure=fixed-histogram expMin=4.14106 expMax=4.14106 expBias=0.000 ev100=2.05 lightUnits=candelas sky=1 skyIntensity=3.000 keyShadow=csm-3600uu-2c-contact0.000 shadowCasters=1 profile=sarpedon-night profilesSha256=0a3417258f46ad3d99620bcbabd1b37615192b7a59f090c77515189845b33bb7 profilesSource=pak legacyRender=0 gameLayer=unlit-eyeadaptinv tMaxFPS=30.0 vsync=0 frameRateLimit=60.0 substrate=0 nanite=1 meshDF=1 viewport=1920x1080 reference=1
2026.10.06-03.42.20 SHOT fighter f-0-hero pos=(5,5) world=(104,237,0) screen=(1103,808) projected=1 alive=1
2026.10.06-03.42.20 SHOT fighter f-0-sk0 pos=(1,3) world=(-309,33,0) screen=(555,576) projected=1 alive=1
2026.10.06-03.42.20 SHOT fighter f-0-sk1 pos=(0,2) world=(-398,-3,0) screen=(442,537) projected=1 alive=1
2026.10.06-03.42.20 SHOT fighter f-0-sk2 pos=(0,3) world=(-394,92,0) screen=(435,640) projected=1 alive=1
2026.10.06-03.42.20 SHOT fighter f-1-hero pos=(5,4) world=(119,141,0) screen=(1120,695) projected=1 alive=1
2026.10.06-03.42.20 SHOT fighter f-1-sk0 pos=(6,3) world=(159,52,0) screen=(1169,596) projected=1 alive=1
2026.10.06-03.42.20 SHOT camera dist=2340.2 target=2340.2 overview=2340.2 errPct=0.000 focusErr=0.00 settled=1 zoom=1.00
2026.10.06-03.42.20 SHOT head fighter=f-0-hero socket=Head mesh=SK_Medusa_H2LD world=(103.0,235.5,47.0) screen=(1104.7,773.2) top=(1105.1,768.9) bottom=(1104.4,777.5) headPx=8.6 projected=1
2026.10.06-03.42.20 SHOT head fighter=f-0-sk0 socket=Head mesh=SK_Harpy_H3LD world=(-308.4,28.2,34.2) screen=(551.1,544.7) top=(550.2,540.1) bottom=(551.9,549.2) headPx=9.3 projected=1
2026.10.06-03.42.20 SHOT head fighter=f-0-sk1 socket=Head mesh=SK_Harpy_H3LD world=(-399.0,2.6,33.9) screen=(434.3,517.2) top=(433.2,512.6) bottom=(435.5,521.7) headPx=9.4 projected=1
2026.10.06-03.42.20 SHOT head fighter=f-0-sk2 socket=Head mesh=SK_Harpy_H3LD world=(-394.3,86.6,34.0) screen=(429.4,609.2) top=(428.2,604.8) bottom=(430.5,613.7) headPx=9.3 projected=1
2026.10.06-03.42.20 SHOT head fighter=f-1-hero socket=Head mesh=SK_KingArthur_H2LD world=(119.4,139.8,50.1) screen=(1123.8,657.7) top=(1124.2,653.2) bottom=(1123.4,662.1) headPx=9.0 projected=1
2026.10.06-03.42.20 SHOT head fighter=f-1-sk0 socket=Head mesh=SK_Merlin_H2LD world=(158.7,48.8,36.5) screen=(1171.7,565.4) top=(1172.1,560.8) bottom=(1171.2,569.9) headPx=9.1 projected=1
2026.10.06-03.42.20 SHOT figure fighter=f-0-hero bbox=(1063,734,1148,842) ringR=28.50 art=1 blockout=0 team=P1 look=P1 ring=1
2026.10.06-03.42.20 SHOT figure fighter=f-0-sk0 bbox=(516,520,586,600) ringR=22.23 art=1 blockout=0 team=P1 look=P1 ring=1
2026.10.06-03.42.20 SHOT figure fighter=f-0-sk1 bbox=(402,482,474,561) ringR=22.23 art=1 blockout=0 team=P1 look=P1 ring=1
2026.10.06-03.42.20 SHOT figure fighter=f-0-sk2 bbox=(394,584,467,665) ringR=22.23 art=1 blockout=0 team=P1 look=P1 ring=1
2026.10.06-03.42.20 SHOT figure fighter=f-1-hero bbox=(1081,619,1165,728) ringR=28.50 art=1 blockout=0 team=P2 look=P2 ring=1
2026.10.06-03.42.20 SHOT figure fighter=f-1-sk0 bbox=(1139,534,1204,620) ringR=22.23 art=1 blockout=0 team=P2 look=P2 ring=1
2026.10.06-03.42.20 SHOT request file=s09-resolve-blocked-MOVE.png frame=1487
2026.10.06-03.42.20 SHOT requested: FScreenshotRequest(bShowUI) -> C:\Users\ren\AppData\Local\Temp\s09-combat-20261006-084119-39652\joiner/s09-resolve-blocked-MOVE.png
2026.10.06-03.42.20 TAG fighter=f-0-hero bbox=(968,734,1061,756) mode=compact look=P1 placement=left ring=0 hardPx2=0 softPx2=0 order=0 bound=1
2026.10.06-03.42.20 TAG fighter=f-0-sk0 bbox=(509,496,593,518) mode=compact look=P1 placement=above ring=0 hardPx2=0 softPx2=0 order=2 bound=1
2026.10.06-03.42.20 TAG fighter=f-0-sk1 bbox=(396,458,480,480) mode=compact look=P1 placement=above ring=0 hardPx2=0 softPx2=0 order=1 bound=1
2026.10.06-03.42.20 TAG fighter=f-0-sk2 bbox=(308,584,392,606) mode=compact look=P1 placement=left ring=0 hardPx2=0 softPx2=0 order=4 bound=1
2026.10.06-03.42.20 TAG fighter=f-1-hero bbox=(977,619,1079,641) mode=compact look=P2 placement=left ring=0 hardPx2=0 softPx2=0 order=5 bound=1
2026.10.06-03.42.20 TAG fighter=f-1-sk0 bbox=(1130,510,1214,532) mode=compact look=P2 placement=above ring=0 hardPx2=0 softPx2=0 order=3 bound=1
2026.10.06-03.42.20 ICON fighter=f-0-hero bbox=(1151,756,1183,788) size=32 src=combat anchor=right fallback=0 overlapPx2=0 texture=/Game/S08/UI/IconsV3/T_IV3_action_attack_token_32.T_IV3_action_attack_token_32
2026.10.06-03.42.20 DAMAGE fighter=f-0-hero bbox=(995,704,1035,732) amount=2 seq=20 placement=above ring=0 hardPx2=0 softPx2=0
2026.10.06-03.42.20 SHOT captured file=s09-resolve-blocked-MOVE.png frame=1487 px=1920x1080 sha256=2227583478eda629d514c37379e4f72c2eded9350057b405086911069ae4194e order=BGRA saved=1
2026.10.06-03.42.20 SHOT late begin file=s09-resolve-blocked-MOVE.png frame=1487 requestFrame=1487
2026.10.06-03.42.20 SHOT icon fighter=f-0-hero bbox=(1151,756,1183,788) size=32 src=combat planned=(1151,756,1183,788) geom=painted visible=1 anchor=right fallback=0 overlapPx2=0 texture=/Game/S08/UI/IconsV3/T_IV3_action_attack_token_32.T_IV3_action_attack_token_32 frame=1487
2026.10.06-03.42.20 SHOT widget id=icon impl=umg-motion state=combat fighter=f-0-hero bbox=(1151,756,1183,788) geom=painted visible=1 twin=0 source=S08AnimatedIconWidget:action-attack-token frame=1487
2026.10.06-03.42.20 SHOT widget id=board.tag impl=umg state=compact fighter=f-0-hero bbox=(968,734,1061,756) geom=painted visible=1 twin=0 source=/Game/S08/UI/ArtHud/WBP_S08ArtTag mode=compact look=P1 shape=circle placement=left ring=0 order=0 bound=1 softPx2=0 planned=(968,734,1061,756) frame=1487
2026.10.06-03.42.20 SHOT widget id=board.tag.hp impl=umg state=compact fighter=f-0-hero bbox=(1024,736,1057,754) geom=painted visible=1 twin=0 source=/Game/S08/UI/ArtHud/WBP_S08ArtTag mode=compact look=P1 shape=circle placement=left ring=0 order=0 bound=1 softPx2=0 planned=(968,734,1061,756) frame=1487 font=11
2026.10.06-03.42.20 SHOT widget id=board.tag.bar impl=umg state=compact fighter=f-0-hero bbox=(987,743,1021,748) geom=painted visible=1 twin=0 source=/Game/S08/UI/ArtHud/WBP_S08ArtTag mode=compact look=P1 shape=circle placement=left ring=0 order=0 bound=1 softPx2=0 planned=(968,734,1061,756) frame=1487
2026.10.06-03.42.20 SHOT widget id=board.tag.chip impl=umg state=compact fighter=f-0-hero bbox=(972,739,984,751) geom=painted visible=1 twin=0 source=/Game/S08/UI/ArtHud/WBP_S08ArtTag mode=compact look=P1 shape=circle placement=left ring=0 order=0 bound=1 softPx2=0 planned=(968,734,1061,756) frame=1487
2026.10.06-03.42.20 SHOT widget id=board.tag impl=umg state=compact fighter=f-0-sk0 bbox=(509,496,593,518) geom=painted visible=1 twin=0 source=/Game/S08/UI/ArtHud/WBP_S08ArtTag mode=compact look=P1 shape=circle placement=above ring=0 order=2 bound=1 softPx2=0 planned=(509,496,593,518) frame=1487
2026.10.06-03.42.20 SHOT widget id=board.tag.hp impl=umg state=compact fighter=f-0-sk0 bbox=(565,498,589,516) geom=painted visible=1 twin=0 source=/Game/S08/UI/ArtHud/WBP_S08ArtTag mode=compact look=P1 shape=circle placement=above ring=0 order=2 bound=1 softPx2=0 planned=(509,496,593,518) frame=1487 font=11
2026.10.06-03.42.20 SHOT widget id=board.tag.bar impl=umg state=compact fighter=f-0-sk0 bbox=(528,505,562,510) geom=painted visible=1 twin=0 source=/Game/S08/UI/ArtHud/WBP_S08ArtTag mode=compact look=P1 shape=circle placement=above ring=0 order=2 bound=1 softPx2=0 planned=(509,496,593,518) frame=1487
2026.10.06-03.42.20 SHOT widget id=board.tag.chip impl=umg state=compact fighter=f-0-sk0 bbox=(513,501,525,513) geom=painted visible=1 twin=0 source=/Game/S08/UI/ArtHud/WBP_S08ArtTag mode=compact look=P1 shape=circle placement=above ring=0 order=2 bound=1 softPx2=0 planned=(509,496,593,518) frame=1487
2026.10.06-03.42.20 SHOT widget id=board.tag impl=umg state=compact fighter=f-0-sk1 bbox=(396,458,480,480) geom=painted visible=1 twin=0 source=/Game/S08/UI/ArtHud/WBP_S08ArtTag mode=compact look=P1 shape=circle placement=above ring=0 order=1 bound=1 softPx2=0 planned=(396,458,480,480) frame=1487
2026.10.06-03.42.20 SHOT widget id=board.tag.hp impl=umg state=compact fighter=f-0-sk1 bbox=(452,460,476,478) geom=painted visible=1 twin=0 source=/Game/S08/UI/ArtHud/WBP_S08ArtTag mode=compact look=P1 shape=circle placement=above ring=0 order=1 bound=1 softPx2=0 planned=(396,458,480,480) frame=1487 font=11
2026.10.06-03.42.20 SHOT widget id=board.tag.bar impl=umg state=compact fighter=f-0-sk1 bbox=(415,467,449,472) geom=painted visible=1 twin=0 source=/Game/S08/UI/ArtHud/WBP_S08ArtTag mode=compact look=P1 shape=circle placement=above ring=0 order=1 bound=1 softPx2=0 planned=(396,458,480,480) frame=1487
2026.10.06-03.42.20 SHOT widget id=board.tag.chip impl=umg state=compact fighter=f-0-sk1 bbox=(400,463,412,475) geom=painted visible=1 twin=0 source=/Game/S08/UI/ArtHud/WBP_S08ArtTag mode=compact look=P1 shape=circle placement=above ring=0 order=1 bound=1 softPx2=0 planned=(396,458,480,480) frame=1487
2026.10.06-03.42.20 SHOT widget id=board.tag impl=umg state=compact fighter=f-0-sk2 bbox=(308,584,392,606) geom=painted visible=1 twin=0 source=/Game/S08/UI/ArtHud/WBP_S08ArtTag mode=compact look=P1 shape=circle placement=left ring=0 order=4 bound=1 softPx2=0 planned=(308,584,392,606) frame=1487
2026.10.06-03.42.20 SHOT widget id=board.tag.hp impl=umg state=compact fighter=f-0-sk2 bbox=(364,586,388,604) geom=painted visible=1 twin=0 source=/Game/S08/UI/ArtHud/WBP_S08ArtTag mode=compact look=P1 shape=circle placement=left ring=0 order=4 bound=1 softPx2=0 planned=(308,584,392,606) frame=1487 font=11
2026.10.06-03.42.20 SHOT widget id=board.tag.bar impl=umg state=compact fighter=f-0-sk2 bbox=(327,593,361,598) geom=painted visible=1 twin=0 source=/Game/S08/UI/ArtHud/WBP_S08ArtTag mode=compact look=P1 shape=circle placement=left ring=0 order=4 bound=1 softPx2=0 planned=(308,584,392,606) frame=1487
2026.10.06-03.42.20 SHOT widget id=board.tag.chip impl=umg state=compact fighter=f-0-sk2 bbox=(312,589,324,601) geom=painted visible=1 twin=0 source=/Game/S08/UI/ArtHud/WBP_S08ArtTag mode=compact look=P1 shape=circle placement=left ring=0 order=4 bound=1 softPx2=0 planned=(308,584,392,606) frame=1487
2026.10.06-03.42.20 SHOT widget id=board.tag impl=umg state=compact fighter=f-1-hero bbox=(977,619,1079,641) geom=painted visible=1 twin=0 source=/Game/S08/UI/ArtHud/WBP_S08ArtTag mode=compact look=P2 shape=hex placement=left ring=0 order=5 bound=1 softPx2=0 planned=(977,619,1079,641) frame=1487
2026.10.06-03.42.20 SHOT widget id=board.tag.hp impl=umg state=compact fighter=f-1-hero bbox=(1033,621,1075,639) geom=painted visible=1 twin=0 source=/Game/S08/UI/ArtHud/WBP_S08ArtTag mode=compact look=P2 shape=hex placement=left ring=0 order=5 bound=1 softPx2=0 planned=(977,619,1079,641) frame=1487 font=11
2026.10.06-03.42.20 SHOT widget id=board.tag.bar impl=umg state=compact fighter=f-1-hero bbox=(996,628,1030,633) geom=painted visible=1 twin=0 source=/Game/S08/UI/ArtHud/WBP_S08ArtTag mode=compact look=P2 shape=hex placement=left ring=0 order=5 bound=1 softPx2=0 planned=(977,619,1079,641) frame=1487
2026.10.06-03.42.20 SHOT widget id=board.tag.chip impl=umg state=compact fighter=f-1-hero bbox=(981,624,993,636) geom=painted visible=1 twin=0 source=/Game/S08/UI/ArtHud/WBP_S08ArtTag mode=compact look=P2 shape=hex placement=left ring=0 order=5 bound=1 softPx2=0 planned=(977,619,1079,641) frame=1487
2026.10.06-03.42.20 SHOT widget id=board.tag impl=umg state=compact fighter=f-1-sk0 bbox=(1130,510,1214,532) geom=painted visible=1 twin=0 source=/Game/S08/UI/ArtHud/WBP_S08ArtTag mode=compact look=P2 shape=hex placement=above ring=0 order=3 bound=1 softPx2=0 planned=(1130,510,1214,532) frame=1487
2026.10.06-03.42.20 SHOT widget id=board.tag.hp impl=umg state=compact fighter=f-1-sk0 bbox=(1186,512,1210,530) geom=painted visible=1 twin=0 source=/Game/S08/UI/ArtHud/WBP_S08ArtTag mode=compact look=P2 shape=hex placement=above ring=0 order=3 bound=1 softPx2=0 planned=(1130,510,1214,532) frame=1487 font=11
2026.10.06-03.42.20 SHOT widget id=board.tag.bar impl=umg state=compact fighter=f-1-sk0 bbox=(1149,519,1183,524) geom=painted visible=1 twin=0 source=/Game/S08/UI/ArtHud/WBP_S08ArtTag mode=compact look=P2 shape=hex placement=above ring=0 order=3 bound=1 softPx2=0 planned=(1130,510,1214,532) frame=1487
2026.10.06-03.42.20 SHOT widget id=board.tag.chip impl=umg state=compact fighter=f-1-sk0 bbox=(1134,515,1146,527) geom=painted visible=1 twin=0 source=/Game/S08/UI/ArtHud/WBP_S08ArtTag mode=compact look=P2 shape=hex placement=above ring=0 order=3 bound=1 softPx2=0 planned=(1130,510,1214,532) frame=1487
2026.10.06-03.42.20 SHOT widget id=board.damage impl=umg state=damage fighter=f-0-hero bbox=(995,704,1035,732) geom=painted visible=1 twin=0 source=/Game/S08/UI/ArtHud/WBP_S08ArtDamage amount=2 seq=20 placement=above_ring=0_hardPx2=0_softPx2=0 stableFrames=0 planned=(995,704,1035,732) frame=1487
2026.10.06-03.42.20 SHOT widget id=board.damage.text impl=umg state=damage fighter=f-0-hero bbox=(1003,704,1027,732) geom=painted visible=1 twin=0 source=/Game/S08/UI/ArtHud/WBP_S08ArtDamage amount=2 seq=20 placement=above_ring=0_hardPx2=0_softPx2=0 stableFrames=0 planned=(995,704,1035,732) frame=1487 font=18
2026.10.06-03.42.20 SHOT damage fighter=f-0-hero bbox=(995,704,1035,732) frame=1487
2026.10.06-03.42.20 SHOT panel id=hud.command bbox=(0,0,615,278) geom=painted visible=1 frame=1487
2026.10.06-03.42.20 SHOT panel id=hud.side bbox=(1432,0,1920,179) geom=painted visible=1 frame=1487
2026.10.06-03.42.20 SHOT panel id=hud.hand bbox=(669,885,1252,1080) geom=painted visible=1 frame=1487
2026.10.06-03.42.20 SHOT late end file=s09-resolve-blocked-MOVE.png frame=1487
2026.10.06-03.42.20 MS-LAST off seq=17 fade=300
2026.10.06-03.42.20 TAG fighter=f-0-hero bbox=(968,734,1061,756) mode=compact look=P1 placement=left ring=0 hardPx2=0 softPx2=0 order=0 bound=1
2026.10.06-03.42.20 TAG fighter=f-0-sk0 bbox=(509,496,593,518) mode=compact look=P1 placement=above ring=0 hardPx2=0 softPx2=0 order=2 bound=1
2026.10.06-03.42.20 TAG fighter=f-0-sk1 bbox=(396,458,480,480) mode=compact look=P1 placement=above ring=0 hardPx2=0 softPx2=0 order=1 bound=1
2026.10.06-03.42.20 TAG fighter=f-0-sk2 bbox=(308,584,392,606) mode=compact look=P1 placement=left ring=0 hardPx2=0 softPx2=0 order=4 bound=1
2026.10.06-03.42.20 TAG fighter=f-1-hero bbox=(977,619,1079,641) mode=compact look=P2 placement=left ring=0 hardPx2=0 softPx2=0 order=5 bound=1
2026.10.06-03.42.20 TAG fighter=f-1-sk0 bbox=(1130,510,1214,532) mode=compact look=P2 placement=above ring=0 hardPx2=0 softPx2=0 order=3 bound=1
2026.10.06-03.42.20 ICON fighter=f-0-hero bbox=(1151,756,1183,788) size=32 src=combat anchor=right fallback=0 overlapPx2=0 texture=/Game/S08/UI/IconsV3/T_IV3_action_attack_token_32.T_IV3_action_attack_token_32
2026.10.06-03.42.20 CUE fx done id=CUE-009 subject=f-0-hero seq=19 t=53381 ms=500 cut=0
2026.10.06-03.42.20 SNAPSHOT applied seq=21 phase=COMBAT_RESOLVE
2026.10.06-03.42.20 HANDLE_APPLIED #27 seq=21 decision=2 fightersValid=1 boardValid=1
2026.10.06-03.42.20 MS-PENDING open id=cmq7d7b1e00o5wi74xmy8zb0v-after-0-p0 type=MOVE value=5 optional=1 fighter=f-1-hero owner=own legal=1 targets=15 stay=1 decline=1
2026.10.06-03.42.20 closed mode=
2026.10.06-03.42.20 MODE seq=21 mode=6 combat=1 pending=1
2026.10.06-03.42.20 MS-PENDING present=modal id=cmq7d7b1e00o5wi74xmy8zb0v-after-0-p0 opens=0 collapsed=0 type=MOVE
2026.10.06-03.42.20 MS-OPP verb=none seq=21
2026.10.06-03.42.20 MS-LAST enter seq=21 player=cmuhntivg0000wib0anhqyswc source=EFFECT moves=0 boost=-1
2026.10.06-03.42.20 HUD seq=21 phase=COMBAT_RESOLVE turn=you hand=1 oppHand=5(hidden) oppDeck=22~ deck=24~ discard=5
2026.10.06-03.42.20 MS-STATUS seq=21 text="Choose a target (up to 5)"
2026.10.06-03.42.20 MS-PENDING step=target 2/2 n=5 turn=own id=cmq7d7b1e00o5wi74xmy8zb0v-after-0-p0
2026.10.06-03.42.20 PENDING panel revealed: attack A3+B2 vs D3
2026.10.06-03.42.20 ARTPREVIEW fighter=Medusa hero=1 eligible=0 visual=1 mesh=SK_Medusa_H2LD
2026.10.06-03.42.20 FIGHTERS synced n=6 alive=6 own=2 enemy=4
2026.10.06-03.42.20 ARTPREVIEW selection ring shown fighter=King Arthur mesh=SM_Marker_SelectionRing
2026.10.06-03.42.20 ARTPREVIEW reachable rings cells=15 placed=1 radiusUU=36 segments=48 style=readability color=#FFC857 stroke=#14110C widthUU=3.50 strokeUU=1.50
2026.10.06-03.42.20 WS seq=21 phase=COMBAT_RESOLVE (apply)
2026.10.06-03.42.20 MS-LAST show seq=21 mode=restore player=cmuhntivg0000wib0anhqyswc from=- to=-
2026.10.06-03.42.20 MS-LOG seq=21 moves=0 truncated=0 text="Medusa: Dash effect: no movement"
2026.10.06-03.42.20 HUD-HAND lower=1 pick=cell cursor=board preview=hidden seq=21
2026.10.06-03.42.20 S09AUTO drive mode=6 plan=[attack+abilityboost+scheme+storms+defend+resolve] phase=COMBAT_RESOLVE turn=cmuhntiwu0001wib0z281rpa8
2026.10.06-03.42.20 PEND-RESOLVE sent type=MOVE stage=0 id=cmq7d7b1e00o5wi74xmy8zb0v-after-0-p0
2026.10.06-03.42.20 MS-STATUS seq=21 text="Syncing…"
2026.10.06-03.42.20 S09AUTO pending picked (type=MOVE stage=0)
2026.10.06-03.42.20 TOAST text="choice sent"
2026.10.06-03.42.20 HUD plate content fighter=f-1-hero name=King Arthur hp=13/18 team=own statuses=HERO  |  MELEE  |  ATTACKER teamSlot=P2 look=P2 shape=hexagon chip=#5786A8
2026.10.06-03.42.20 PLATE fighter=f-1-hero bbox=(959,559,1131,613) overlapReachable=0 placement=above ring=0 gap=6 selection=f-1-hero destinations=15 clean=1 softPx2=0 tested=112 bound=1
2026.10.06-03.42.20 TAG fighter=f-0-hero bbox=(968,734,1061,756) mode=compact look=P1 placement=left ring=0 hardPx2=0 softPx2=0 order=0 bound=1
2026.10.06-03.42.20 TAG fighter=f-0-sk0 bbox=(509,496,593,518) mode=compact look=P1 placement=above ring=0 hardPx2=0 softPx2=0 order=2 bound=1
2026.10.06-03.42.20 TAG fighter=f-0-sk1 bbox=(396,458,480,480) mode=compact look=P1 placement=above ring=0 hardPx2=0 softPx2=0 order=1 bound=1
2026.10.06-03.42.20 TAG fighter=f-0-sk2 bbox=(308,584,392,606) mode=compact look=P1 placement=left ring=0 hardPx2=0 softPx2=0 order=4 bound=1
2026.10.06-03.42.20 TAG fighter=f-1-sk0 bbox=(1130,510,1214,532) mode=compact look=P2 placement=above ring=0 hardPx2=0 softPx2=0 order=3 bound=1
2026.10.06-03.42.20 ICON fighter=f-0-hero bbox=(1151,756,1183,788) size=32 src=combat anchor=right fallback=0 overlapPx2=0 texture=/Game/S08/UI/IconsV3/T_IV3_action_attack_token_32.T_IV3_action_attack_token_32
2026.10.06-03.42.20 ARTPREVIEW anim fighter=f-0-hero clip=Idle len=2.333 event=clipFinished loop=1 phase=0.8071 seq=-1 asset=AM_Medusa_Idle rate=1.00
2026.10.06-03.42.20 TAG fighter=f-0-hero bbox=(968,734,1061,756) mode=compact look=P1 placement=left ring=0 hardPx2=0 softPx2=0 order=0 bound=1
2026.10.06-03.42.20 TAG fighter=f-0-sk0 bbox=(509,496,593,518) mode=compact look=P1 placement=above ring=0 hardPx2=0 softPx2=0 order=2 bound=1
2026.10.06-03.42.20 TAG fighter=f-0-sk1 bbox=(396,458,480,480) mode=compact look=P1 placement=above ring=0 hardPx2=0 softPx2=0 order=1 bound=1
2026.10.06-03.42.20 TAG fighter=f-0-sk2 bbox=(308,584,392,606) mode=compact look=P1 placement=left ring=0 hardPx2=0 softPx2=0 order=4 bound=1
2026.10.06-03.42.20 TAG fighter=f-1-sk0 bbox=(1130,510,1214,532) mode=compact look=P2 placement=above ring=0 hardPx2=0 softPx2=0 order=3 bound=1
2026.10.06-03.42.20 ICON fighter=f-0-hero bbox=(1151,756,1183,788) size=32 src=combat anchor=right fallback=0 overlapPx2=0 texture=/Game/S08/UI/IconsV3/T_IV3_action_attack_token_32.T_IV3_action_attack_token_32
2026.10.06-03.42.20 TAG fighter=f-0-hero bbox=(968,734,1061,756) mode=compact look=P1 placement=left ring=0 hardPx2=0 softPx2=0 order=0 bound=1
2026.10.06-03.42.20 TAG fighter=f-0-sk0 bbox=(509,496,593,518) mode=compact look=P1 placement=above ring=0 hardPx2=0 softPx2=0 order=2 bound=1
2026.10.06-03.42.20 TAG fighter=f-0-sk1 bbox=(396,458,480,480) mode=compact look=P1 placement=above ring=0 hardPx2=0 softPx2=0 order=1 bound=1
2026.10.06-03.42.20 TAG fighter=f-0-sk2 bbox=(308,584,392,606) mode=compact look=P1 placement=left ring=0 hardPx2=0 softPx2=0 order=4 bound=1
2026.10.06-03.42.20 TAG fighter=f-1-sk0 bbox=(1130,510,1214,532) mode=compact look=P2 placement=above ring=0 hardPx2=0 softPx2=0 order=3 bound=1
2026.10.06-03.42.20 ICON fighter=f-0-hero bbox=(1151,756,1183,788) size=32 src=combat anchor=right fallback=0 overlapPx2=0 texture=/Game/S08/UI/IconsV3/T_IV3_action_attack_token_32.T_IV3_action_attack_token_32
2026.10.06-03.42.20 TAG fighter=f-0-hero bbox=(968,734,1061,756) mode=compact look=P1 placement=left ring=0 hardPx2=0 softPx2=0 order=0 bound=1
2026.10.06-03.42.20 TAG fighter=f-0-sk0 bbox=(509,496,593,518) mode=compact look=P1 placement=above ring=0 hardPx2=0 softPx2=0 order=2 bound=1
2026.10.06-03.42.20 TAG fighter=f-0-sk1 bbox=(396,458,480,480) mode=compact look=P1 placement=above ring=0 hardPx2=0 softPx2=0 order=1 bound=1
2026.10.06-03.42.20 TAG fighter=f-0-sk2 bbox=(308,584,392,606) mode=compact look=P1 placement=left ring=0 hardPx2=0 softPx2=0 order=4 bound=1
2026.10.06-03.42.20 TAG fighter=f-1-sk0 bbox=(1130,510,1214,532) mode=compact look=P2 placement=above ring=0 hardPx2=0 softPx2=0 order=3 bound=1
2026.10.06-03.42.20 ICON fighter=f-0-hero bbox=(1151,756,1183,788) size=32 src=combat anchor=right fallback=0 overlapPx2=0 texture=/Game/S08/UI/IconsV3/T_IV3_action_attack_token_32.T_IV3_action_attack_token_32
2026.10.06-03.42.20 SNAPSHOT applied seq=22 phase=ACTION_MANEUVER
2026.10.06-03.42.20 HANDLE_APPLIED #28 seq=22 decision=2 fightersValid=1 boardValid=1
2026.10.06-03.42.20 COMBAT-RESULT seq=22 damage=2 role=attacked
2026.10.06-03.42.20 COMBAT-LOG seq=22 log=22 n=4 entries=2 lines=2 src=log outcomes=CHOICE:2
2026.10.06-03.42.20 AUDIO combat seq=22 boosts=1 cancelled=0 own=1 fizzle=0
2026.10.06-03.42.20 CUE combat seq=22 stage=start t=53559 attacker=f-1-hero target=f-0-hero text=1 lines=2 damage=2 lethal=0 shown=1 speed=1.00 flip=620 contact=292 src=notify a=5 d=3 outcome=win
2026.10.06-03.42.20 CUE fx id=CUE-010 subject=scene seq=22 t=53559 vfx=none sfx=missing clip=none mat=none socket=- reduced=0 result=fallback
2026.10.06-03.42.20 CUE sound id=CUE-010 point=cue subject=card.attack seq=22 t=53559 event_t=53559 dt=0 class=SFX sound=SW_CRD_FLIP_02 gain=0.80 result=played
2026.10.06-03.42.20 CUE sound id=CUE-010 point=cue subject=card.defense seq=22 t=53559 event_t=53559 dt=0 class=SFX sound=SW_CRD_FLIP_01 gain=0.80 result=played
2026.10.06-03.42.20 closed mode=
2026.10.06-03.42.20 MODE seq=22 mode=0 combat=0 pending=0
2026.10.06-03.42.20 MS-LAST fade seq=21 at=22 ms=300
2026.10.06-03.42.20 MS-LAST replace seq=21 by=22
2026.10.06-03.42.20 MS-LAST enter seq=22 player=cmuhntiwu0001wib0z281rpa8 source=EFFECT moves=1 boost=-1
2026.10.06-03.42.20 HUD seq=22 phase=ACTION_MANEUVER turn=you hand=1 oppHand=5(hidden) oppDeck=22 deck=24 discard=5
2026.10.06-03.42.20 MS-STATUS seq=22 text="Choose an action: maneuver (M), attack (A) or scheme (G)"
2026.10.06-03.42.20 ARTPREVIEW fighter=Medusa hero=1 eligible=0 visual=1 mesh=SK_Medusa_H2LD
2026.10.06-03.42.20 ARTPREVIEW heroesV2 fighter=f-1-hero mesh=/Game/PipelineCandidates/KingArthur/H2LD/Meshes/SK_KingArthur_H2LD mi=/Game/PipelineCandidates/KingArthur/H2LD/Materials/MI_KingArthur_H2LD_P2 yaw=90.0 scale=1.0000 name=King Arthur hero=1 look=P2 base=/Game/PipelineCandidates/KingArthur/H2LD/Meshes/SM_KingArthur_H2LD_Base baseMi=/Game/PipelineCandidates/KingArthur/H2LD/Materials/MI_KingArthur_H2LD_Base_P2 skeleton=/Game/PipelineCandidates/KingArthur/Rig/SK_KingArthur_Skeleton.SK_KingArthur_Skeleton clips=4/4 boundsTop=60.06 figureTop=55.00 budget=55.0
2026.10.06-03.42.20 ARTPREVIEW selection ring shown fighter=King Arthur mesh=SM_Marker_SelectionRing
2026.10.06-03.42.20 FIGHTERS synced n=6 alive=6 own=2 enemy=4
2026.10.06-03.42.20 MS-CUE move seq=22 fighter=f-1-hero order=0 of=1 kind=move steps=5 source=trail start=0 ms=1400 snapped=0 path=S32>S25>S22>S16>S13>S05 speed=normal reduced=0
2026.10.06-03.42.20 CUE sound id=CUE-007 point=step subject=f-1-hero seq=22 t=53559 event_t=53559 dt=0 class=SFX sound=SW_BRD_STEP_03 gain=0.80 result=played edge=1/5 due=53559
2026.10.06-03.42.20 MS-ANIM play seq=22 moves=1 animated=1 speed=normal reduced=0 end=1550
2026.10.06-03.42.20 CUE move f-1-hero (5,4)->(4,0) seq=22
2026.10.06-03.42.20 PEND resolve done seq=22 (apply) phase=ACTION_MANEUVER
2026.10.06-03.42.20 SNAPSHOT applied seq=22 phase=ACTION_MANEUVER
2026.10.06-03.42.20 HANDLE_APPLIED #29 seq=22 decision=1 fightersValid=1 boardValid=1
2026.10.06-03.42.20 MODE seq=22 mode=0 combat=0 pending=0
2026.10.06-03.42.20 HUD seq=22 phase=ACTION_MANEUVER turn=you hand=1 oppHand=5(hidden) oppDeck=22 deck=24 discard=5
2026.10.06-03.42.20 ARTPREVIEW fighter=Medusa hero=1 eligible=0 visual=1 mesh=SK_Medusa_H2LD
2026.10.06-03.42.20 FIGHTERS synced n=6 alive=6 own=2 enemy=4
2026.10.06-03.42.20 WS seq=22 phase=ACTION_MANEUVER (merge)
2026.10.06-03.42.20 HUD-HAND lower=0 pick=none cursor=board preview=shown seq=22
2026.10.06-03.42.20 S09AUTO drive mode=0 plan=[attack+abilityboost+scheme+storms+defend+resolve] phase=ACTION_MANEUVER turn=cmuhntiwu0001wib0z281rpa8
2026.10.06-03.42.20 S09AUTO ranged target attacker=f-1-sk0 at=S25 target=f-0-hero at=S36 via=shared-zone (not linked)
2026.10.06-03.42.20 S09AUTO attack (attacker=f-1-sk0 target-set card-set)
2026.10.06-03.42.20 ATTACK sent ability=none
2026.10.06-03.42.20 HUD-TRACK chosen=attack seq=22 spent=1
2026.10.06-03.42.20 ARTPREVIEW hero-light fighter=f-1-hero state=idle layers=2 lightsOn=2 keyCd=21.443 rimCd=1.822 mul=1.000 pulse=none
2026.10.06-03.42.20 ARTPREVIEW combat marker fighter=King Arthur attacker=0 target=0 icon=0 targetMesh=SM_Marker_TargetRing iconMode=screen targetArcScaleXY=0.920
2026.10.06-03.42.20 ARTPREVIEW hero-light fighter=f-1-sk0 state=active layers=2 lightsOn=2 keyCd=16.309 rimCd=1.386 mul=1.122 pulse=0.40Hz+-4%
2026.10.06-03.42.20 ARTPREVIEW combat marker fighter=Merlin attacker=1 target=0 icon=0 targetMesh=SM_Marker_TargetRing iconMode=screen targetArcScaleXY=0.718
2026.10.06-03.42.20 MS-STATUS seq=22 text="Syncing…"
2026.10.06-03.42.20 TOAST text="attack sent"
2026.10.06-03.42.20 PLATE hidden fighter=f-1-hero
2026.10.06-03.42.20 TAG fighter=f-0-hero bbox=(968,734,1061,756) mode=compact look=P1 placement=left ring=0 hardPx2=0 softPx2=0 order=0 bound=1
2026.10.06-03.42.20 TAG fighter=f-0-sk0 bbox=(509,496,593,518) mode=compact look=P1 placement=above ring=0 hardPx2=0 softPx2=0 order=2 bound=1
2026.10.06-03.42.20 TAG fighter=f-0-sk1 bbox=(396,458,480,480) mode=compact look=P1 placement=above ring=0 hardPx2=0 softPx2=0 order=1 bound=1
2026.10.06-03.42.20 TAG fighter=f-0-sk2 bbox=(308,584,392,606) mode=compact look=P1 placement=left ring=0 hardPx2=0 softPx2=0 order=4 bound=1
2026.10.06-03.42.20 TAG fighter=f-1-hero bbox=(983,607,1085,629) mode=compact look=P2 placement=left ring=0 hardPx2=0 softPx2=0 order=5 bound=1
2026.10.06-03.42.20 TAG fighter=f-1-sk0 bbox=(1130,510,1214,532) mode=compact look=P2 placement=above ring=0 hardPx2=0 softPx2=0 order=3 bound=1
2026.10.06-03.42.20 ICON fighter=f-0-hero bbox=(1151,756,1183,788) size=32 src=combat anchor=right fallback=0 overlapPx2=0 texture=/Game/S08/UI/IconsV3/T_IV3_action_attack_token_32.T_IV3_action_attack_token_32
2026.10.06-03.42.20 HUD-TRACK own=2/2 server=1 local=1 opp=0/2 oppVisible=0 anim=spend/- seq=22 frame=1497
2026.10.06-03.42.20 TAG fighter=f-0-hero bbox=(1059,710,1152,732) mode=compact look=P1 placement=above ring=0 hardPx2=0 softPx2=0 order=0 bound=1
2026.10.06-03.42.20 TAG fighter=f-0-sk0 bbox=(509,496,593,518) mode=compact look=P1 placement=above ring=0 hardPx2=0 softPx2=0 order=2 bound=1
2026.10.06-03.42.20 TAG fighter=f-0-sk1 bbox=(396,458,480,480) mode=compact look=P1 placement=above ring=0 hardPx2=0 softPx2=0 order=1 bound=1
2026.10.06-03.42.20 TAG fighter=f-0-sk2 bbox=(308,584,392,606) mode=compact look=P1 placement=left ring=0 hardPx2=0 softPx2=0 order=4 bound=1
2026.10.06-03.42.20 TAG fighter=f-1-hero bbox=(989,595,1091,617) mode=compact look=P2 placement=left ring=0 hardPx2=0 softPx2=0 order=5 bound=1
2026.10.06-03.42.20 TAG fighter=f-1-sk0 bbox=(1130,510,1214,532) mode=compact look=P2 placement=above ring=0 hardPx2=0 softPx2=0 order=3 bound=1
2026.10.06-03.42.20 ICON fighter=f-0-hero bbox=(1151,756,1183,788) size=32 src=combat anchor=right fallback=0 overlapPx2=0 texture=/Game/S08/UI/IconsV3/T_IV3_action_attack_token_32.T_IV3_action_attack_token_32
2026.10.06-03.42.20 DAMAGE fighter=f-0-hero bbox=(1017,710,1057,738) amount=2 seq=20 placement=left ring=0 hardPx2=0 softPx2=0
2026.10.06-03.42.21 TAG fighter=f-0-hero bbox=(1059,710,1152,732) mode=compact look=P1 placement=above ring=0 hardPx2=0 softPx2=0 order=0 bound=1
2026.10.06-03.42.21 TAG fighter=f-0-sk0 bbox=(509,496,593,518) mode=compact look=P1 placement=above ring=0 hardPx2=0 softPx2=0 order=2 bound=1
2026.10.06-03.42.21 TAG fighter=f-0-sk1 bbox=(396,458,480,480) mode=compact look=P1 placement=above ring=0 hardPx2=0 softPx2=0 order=1 bound=1
2026.10.06-03.42.21 TAG fighter=f-0-sk2 bbox=(308,584,392,606) mode=compact look=P1 placement=left ring=0 hardPx2=0 softPx2=0 order=5 bound=1
2026.10.06-03.42.21 TAG fighter=f-1-hero bbox=(995,583,1097,605) mode=compact look=P2 placement=left ring=0 hardPx2=0 softPx2=0 order=4 bound=1
2026.10.06-03.42.21 TAG fighter=f-1-sk0 bbox=(1130,510,1214,532) mode=compact look=P2 placement=above ring=0 hardPx2=0 softPx2=0 order=3 bound=1
2026.10.06-03.42.21 ICON fighter=f-0-hero bbox=(1151,756,1183,788) size=32 src=combat anchor=right fallback=0 overlapPx2=0 texture=/Game/S08/UI/IconsV3/T_IV3_action_attack_token_32.T_IV3_action_attack_token_32
2026.10.06-03.42.21 TAG fighter=f-0-hero bbox=(1059,710,1152,732) mode=compact look=P1 placement=above ring=0 hardPx2=0 softPx2=0 order=0 bound=1
2026.10.06-03.42.21 TAG fighter=f-0-sk0 bbox=(509,496,593,518) mode=compact look=P1 placement=above ring=0 hardPx2=0 softPx2=0 order=2 bound=1
2026.10.06-03.42.21 TAG fighter=f-0-sk1 bbox=(396,458,480,480) mode=compact look=P1 placement=above ring=0 hardPx2=0 softPx2=0 order=1 bound=1
2026.10.06-03.42.21 TAG fighter=f-0-sk2 bbox=(308,584,392,606) mode=compact look=P1 placement=left ring=0 hardPx2=0 softPx2=0 order=5 bound=1
2026.10.06-03.42.21 TAG fighter=f-1-hero bbox=(1001,571,1103,593) mode=compact look=P2 placement=left ring=0 hardPx2=0 softPx2=0 order=4 bound=1
2026.10.06-03.42.21 TAG fighter=f-1-sk0 bbox=(1130,510,1214,532) mode=compact look=P2 placement=above ring=0 hardPx2=0 softPx2=0 order=3 bound=1
2026.10.06-03.42.21 ICON fighter=f-0-hero bbox=(1151,756,1183,788) size=32 src=combat anchor=right fallback=0 overlapPx2=0 texture=/Game/S08/UI/IconsV3/T_IV3_action_attack_token_32.T_IV3_action_attack_token_32
2026.10.06-03.42.21 DAMAGE fighter=f-0-hero bbox=(1154,707,1194,735) amount=2 seq=20 placement=right ring=0 hardPx2=0 softPx2=0
2026.10.06-03.42.21 SNAPSHOT applied seq=23 phase=COMBAT
2026.10.06-03.42.21 HANDLE_APPLIED #30 seq=23 decision=2 fightersValid=1 boardValid=1
2026.10.06-03.42.21 CUE sound id=CUE-008 point=cue subject=f-1-sk0 seq=23 t=53692 event_t=53692 dt=0 class=SFX sound=SW_CMB_ATTACK_DECLARE_02 gain=0.80 result=played
2026.10.06-03.42.21 AUDIO attack seq=23 key=MERLIN abilityBoost=0
2026.10.06-03.42.21 VO event=ATTACK speaker=MERLIN t=53692 result=skipped line=- prio=3 reason=gap
2026.10.06-03.42.21 CUE fx id=CUE-008 subject=f-1-sk0 seq=23 t=53692 vfx=missing sfx=missing clip=none mat=none socket=Weapon reduced=0 result=fallback
2026.10.06-03.42.21 CUE combat seq=22 stage=skip t=53692 src=catchup
2026.10.06-03.42.21 CATCHUP seq=22 latest=23 queued=1 lag=0 t=53692 action=hurry reason=combat applied=1
2026.10.06-03.42.21 closed mode=
2026.10.06-03.42.21 MODE seq=23 mode=0 combat=1 pending=0
2026.10.06-03.42.21 MS-OPP verb=defend seq=23
2026.10.06-03.42.21 MS-TRACK own=2/2 opp=0/2 oppVisible=0 seq=23
2026.10.06-03.42.21 HUD seq=23 phase=COMBAT turn=you hand=0 oppHand=5(hidden) oppDeck=22 deck=24 discard=6
2026.10.06-03.42.21 MS-STATUS seq=23 text="Waiting for the defender"
2026.10.06-03.42.21 ARTPREVIEW fighter=Medusa hero=1 eligible=0 visual=1 mesh=SK_Medusa_H2LD
2026.10.06-03.42.21 FIGHTERS synced n=6 alive=6 own=2 enemy=4
2026.10.06-03.42.21 ATTACK done seq=23 (apply) phase=COMBAT
2026.10.06-03.42.21 SNAPSHOT applied seq=23 phase=COMBAT
2026.10.06-03.42.21 HANDLE_APPLIED #31 seq=23 decision=1 fightersValid=1 boardValid=1
2026.10.06-03.42.21 MODE seq=23 mode=0 combat=1 pending=0
2026.10.06-03.42.21 HUD seq=23 phase=COMBAT turn=you hand=0 oppHand=5(hidden) oppDeck=22 deck=24 discard=6
2026.10.06-03.42.21 ARTPREVIEW fighter=Medusa hero=1 eligible=0 visual=1 mesh=SK_Medusa_H2LD
2026.10.06-03.42.21 FIGHTERS synced n=6 alive=6 own=2 enemy=4
2026.10.06-03.42.21 WS seq=23 phase=COMBAT (merge)
2026.10.06-03.42.21 HUD-TRACK own=2/2 server=2 local=0 opp=0/2 oppVisible=0 anim=-/- seq=23 frame=1500
2026.10.06-03.42.21 TAG fighter=f-0-hero bbox=(1059,710,1152,732) mode=compact look=P1 placement=above ring=0 hardPx2=0 softPx2=0 order=0 bound=1
2026.10.06-03.42.21 TAG fighter=f-0-sk0 bbox=(509,496,593,518) mode=compact look=P1 placement=above ring=0 hardPx2=0 softPx2=0 order=2 bound=1
2026.10.06-03.42.21 TAG fighter=f-0-sk1 bbox=(396,458,480,480) mode=compact look=P1 placement=above ring=0 hardPx2=0 softPx2=0 order=1 bound=1
2026.10.06-03.42.21 TAG fighter=f-0-sk2 bbox=(308,584,392,606) mode=compact look=P1 placement=left ring=0 hardPx2=0 softPx2=0 order=5 bound=1
2026.10.06-03.42.21 TAG fighter=f-1-hero bbox=(1007,559,1109,581) mode=compact look=P2 placement=left ring=0 hardPx2=0 softPx2=0 order=4 bound=1
2026.10.06-03.42.21 TAG fighter=f-1-sk0 bbox=(1130,510,1214,532) mode=compact look=P2 placement=above ring=0 hardPx2=0 softPx2=0 order=3 bound=1
2026.10.06-03.42.21 ICON fighter=f-0-hero bbox=(1151,756,1183,788) size=32 src=combat anchor=right fallback=0 overlapPx2=0 texture=/Game/S08/UI/IconsV3/T_IV3_action_attack_token_32.T_IV3_action_attack_token_32
2026.10.06-03.42.21 TAG fighter=f-0-hero bbox=(1059,710,1152,732) mode=compact look=P1 placement=above ring=0 hardPx2=0 softPx2=0 order=0 bound=1
2026.10.06-03.42.21 TAG fighter=f-0-sk0 bbox=(509,496,593,518) mode=compact look=P1 placement=above ring=0 hardPx2=0 softPx2=0 order=2 bound=1
2026.10.06-03.42.21 TAG fighter=f-0-sk1 bbox=(396,458,480,480) mode=compact look=P1 placement=above ring=0 hardPx2=0 softPx2=0 order=1 bound=1
2026.10.06-03.42.21 TAG fighter=f-0-sk2 bbox=(308,584,392,606) mode=compact look=P1 placement=left ring=0 hardPx2=0 softPx2=0 order=5 bound=1
2026.10.06-03.42.21 TAG fighter=f-1-hero bbox=(1013,547,1115,569) mode=compact look=P2 placement=left ring=0 hardPx2=0 softPx2=0 order=4 bound=1
2026.10.06-03.42.21 TAG fighter=f-1-sk0 bbox=(1130,510,1214,532) mode=compact look=P2 placement=above ring=0 hardPx2=0 softPx2=0 order=3 bound=1
2026.10.06-03.42.21 ICON fighter=f-0-hero bbox=(1151,756,1183,788) size=32 src=combat anchor=right fallback=0 overlapPx2=0 texture=/Game/S08/UI/IconsV3/T_IV3_action_attack_token_32.T_IV3_action_attack_token_32
2026.10.06-03.42.21 TAG fighter=f-0-hero bbox=(1059,710,1152,732) mode=compact look=P1 placement=above ring=0 hardPx2=0 softPx2=0 order=0 bound=1
2026.10.06-03.42.21 TAG fighter=f-0-sk0 bbox=(509,496,593,518) mode=compact look=P1 placement=above ring=0 hardPx2=0 softPx2=0 order=2 bound=1
2026.10.06-03.42.21 TAG fighter=f-0-sk1 bbox=(396,458,480,480) mode=compact look=P1 placement=above ring=0 hardPx2=0 softPx2=0 order=1 bound=1
2026.10.06-03.42.21 TAG fighter=f-0-sk2 bbox=(308,584,392,606) mode=compact look=P1 placement=left ring=0 hardPx2=0 softPx2=0 order=5 bound=1
2026.10.06-03.42.21 TAG fighter=f-1-hero bbox=(1208,536,1310,558) mode=compact look=P2 placement=right ring=0 hardPx2=0 softPx2=0 order=4 bound=1
2026.10.06-03.42.21 TAG fighter=f-1-sk0 bbox=(1130,510,1214,532) mode=compact look=P2 placement=above ring=0 hardPx2=0 softPx2=0 order=3 bound=1
2026.10.06-03.42.21 ICON fighter=f-0-hero bbox=(1151,756,1183,788) size=32 src=combat anchor=right fallback=0 overlapPx2=0 texture=/Game/S08/UI/IconsV3/T_IV3_action_attack_token_32.T_IV3_action_attack_token_32
2026.10.06-03.42.21 TAG fighter=f-0-hero bbox=(1059,710,1152,732) mode=compact look=P1 placement=above ring=0 hardPx2=0 softPx2=0 order=0 bound=1
2026.10.06-03.42.21 TAG fighter=f-0-sk0 bbox=(509,496,593,518) mode=compact look=P1 placement=above ring=0 hardPx2=0 softPx2=0 order=2 bound=1
2026.10.06-03.42.21 TAG fighter=f-0-sk1 bbox=(396,458,480,480) mode=compact look=P1 placement=above ring=0 hardPx2=0 softPx2=0 order=1 bound=1
2026.10.06-03.42.21 TAG fighter=f-0-sk2 bbox=(308,584,392,606) mode=compact look=P1 placement=left ring=0 hardPx2=0 softPx2=0 order=5 bound=1
2026.10.06-03.42.21 TAG fighter=f-1-hero bbox=(1119,500,1221,522) mode=compact look=P2 placement=above ring=0 hardPx2=0 softPx2=0 order=3 bound=1
2026.10.06-03.42.21 TAG fighter=f-1-sk0 bbox=(1212,534,1296,556) mode=compact look=P2 placement=right ring=1 hardPx2=0 softPx2=0 order=4 bound=0
2026.10.06-03.42.21 ICON fighter=f-0-hero bbox=(1151,756,1183,788) size=32 src=combat anchor=right fallback=0 overlapPx2=0 texture=/Game/S08/UI/IconsV3/T_IV3_action_attack_token_32.T_IV3_action_attack_token_32
2026.10.06-03.42.21 CUE sound id=CUE-007 point=step subject=f-1-hero seq=22 t=53859 event_t=53859 dt=0 class=SFX sound=SW_BRD_STEP_05 gain=0.80 result=played edge=2/5 due=53839
2026.10.06-03.42.21 TAG fighter=f-0-hero bbox=(1059,710,1152,732) mode=compact look=P1 placement=above ring=0 hardPx2=0 softPx2=0 order=0 bound=1
2026.10.06-03.42.21 TAG fighter=f-0-sk0 bbox=(509,496,593,518) mode=compact look=P1 placement=above ring=0 hardPx2=0 softPx2=0 order=3 bound=1
2026.10.06-03.42.21 TAG fighter=f-0-sk1 bbox=(396,458,480,480) mode=compact look=P1 placement=above ring=0 hardPx2=0 softPx2=0 order=1 bound=1
2026.10.06-03.42.21 TAG fighter=f-0-sk2 bbox=(308,584,392,606) mode=compact look=P1 placement=left ring=0 hardPx2=0 softPx2=0 order=5 bound=1
2026.10.06-03.42.21 TAG fighter=f-1-hero bbox=(1127,489,1229,511) mode=compact look=P2 placement=above ring=0 hardPx2=0 softPx2=0 order=2 bound=1
2026.10.06-03.42.21 TAG fighter=f-1-sk0 bbox=(1130,622,1214,644) mode=compact look=P2 placement=below ring=0 hardPx2=0 softPx2=0 order=4 bound=0
2026.10.06-03.42.21 ICON fighter=f-0-hero bbox=(1151,756,1183,788) size=32 src=combat anchor=right fallback=0 overlapPx2=0 texture=/Game/S08/UI/IconsV3/T_IV3_action_attack_token_32.T_IV3_action_attack_token_32
2026.10.06-03.42.21 SNAPSHOT applied seq=24 phase=ACTION_MANEUVER
2026.10.06-03.42.21 HANDLE_APPLIED #32 seq=24 decision=2 fightersValid=1 boardValid=1
2026.10.06-03.42.21 COMBAT-RESULT seq=24 damage=3 role=attacked
2026.10.06-03.42.21 COMBAT-LOG seq=24 log=24 n=5 entries=0 lines=0 src=log outcomes=-
2026.10.06-03.42.21 AUDIO combat seq=24 boosts=0 cancelled=0 own=1 fizzle=0
2026.10.06-03.42.21 CUE fx done id=CUE-010 subject=scene seq=22 t=53859 ms=300 cut=replace
2026.10.06-03.42.21 CUE combat seq=22 stage=end t=53859 total=900 skipped=1 cut=replace
2026.10.06-03.42.21 CUE combat seq=24 stage=start t=53859 attacker=f-1-sk0 target=f-0-hero text=1 lines=0 damage=3 lethal=0 shown=0 speed=1.00 flip=620 contact=333 src=notify a=3 d=0 outcome=win
2026.10.06-03.42.21 CUE fx done id=CUE-008 subject=f-1-sk0 seq=23 t=53859 ms=167 cut=interrupt
2026.10.06-03.42.21 CUE fx id=CUE-010 subject=scene seq=24 t=53859 vfx=none sfx=missing clip=none mat=none socket=- reduced=0 result=fallback
2026.10.06-03.42.21 ARTPREVIEW fighter=Medusa hero=1 eligible=0 visual=1 mesh=SK_Medusa_H2LD
2026.10.06-03.42.21 HUD-STAMP no-defense seq=24 target=f-0-hero icon=marker-x-stamp
2026.10.06-03.42.21 CUE sound id=CUE-010 point=cue subject=card.attack seq=24 t=53859 event_t=53859 dt=0 class=SFX sound=SW_CRD_FLIP_02 gain=0.80 result=played
2026.10.06-03.42.21 CUE sound id=CUE-010 point=cue subject=card.defense seq=24 t=53859 event_t=53859 dt=0 class=SFX sound=SW_CMB_NO_DEFENSE_01 gain=0.80 result=played bank=CMB-NO-DEFENSE
2026.10.06-03.42.21 MODE seq=24 mode=0 combat=0 pending=1
2026.10.06-03.42.21 MS-OPP verb=ability seq=24
2026.10.06-03.42.21 MS-TRACK own=0/2 opp=0/2 oppVisible=1 seq=24
2026.10.06-03.42.21 MS-LAST off seq=22 at=24 fade=0
2026.10.06-03.42.21 CUE sound id=CUE-015 point=turn subject=- seq=24 t=53859 event_t=53859 dt=0 class=UI sound=none gain=0.80 result=silent turn=opp reason=opponent
2026.10.06-03.42.21 HUD-TURN seq=24 turn=opp initial=0 ring=marker-turn-ring flash=1000 banner=0 reduced=0
2026.10.06-03.42.21 HUD seq=24 phase=ACTION_MANEUVER turn=opp hand=0 oppHand=5(hidden) oppDeck=22~ deck=24~ discard=6
2026.10.06-03.42.21 MS-STATUS seq=24 text="Waiting for the opponent's choice"
2026.10.06-03.42.21 ARTPREVIEW fighter=Medusa hero=1 eligible=0 visual=1 mesh=SK_Medusa_H2LD
2026.10.06-03.42.21 FIGHTERS synced n=6 alive=6 own=2 enemy=4
2026.10.06-03.42.21 CUE damage f-0-hero -3 seq=24 staged=contact
2026.10.06-03.42.21 WS seq=24 phase=ACTION_MANEUVER (apply)
2026.10.06-03.42.21 HUD-TRACK own=0/2 server=0 local=0 opp=0/2 oppVisible=1 anim=reset/reset seq=24 frame=1505
2026.10.06-03.42.21 TAG fighter=f-0-hero bbox=(1059,710,1152,732) mode=compact look=P1 placement=above ring=0 hardPx2=0 softPx2=0 order=0 bound=1
2026.10.06-03.42.21 TAG fighter=f-0-sk0 bbox=(509,496,593,518) mode=compact look=P1 placement=above ring=0 hardPx2=0 softPx2=0 order=3 bound=1
2026.10.06-03.42.21 TAG fighter=f-0-sk1 bbox=(396,458,480,480) mode=compact look=P1 placement=above ring=0 hardPx2=0 softPx2=0 order=1 bound=1
2026.10.06-03.42.21 TAG fighter=f-0-sk2 bbox=(308,584,392,606) mode=compact look=P1 placement=left ring=0 hardPx2=0 softPx2=0 order=5 bound=1
2026.10.06-03.42.21 TAG fighter=f-1-hero bbox=(1135,479,1237,501) mode=compact look=P2 placement=above ring=0 hardPx2=0 softPx2=0 order=2 bound=1
2026.10.06-03.42.21 TAG fighter=f-1-sk0 bbox=(1053,534,1137,556) mode=compact look=P2 placement=left ring=0 hardPx2=0 softPx2=0 order=4 bound=1
2026.10.06-03.42.21 ICON fighter=f-0-hero bbox=(1151,756,1183,788) size=32 src=combat anchor=right fallback=0 overlapPx2=0 texture=/Game/S08/UI/IconsV3/T_IV3_action_attack_token_32.T_IV3_action_attack_token_32
2026.10.06-03.42.21 TAG fighter=f-0-hero bbox=(1059,710,1152,732) mode=compact look=P1 placement=above ring=0 hardPx2=0 softPx2=0 order=0 bound=1
2026.10.06-03.42.21 TAG fighter=f-0-sk0 bbox=(509,496,593,518) mode=compact look=P1 placement=above ring=0 hardPx2=0 softPx2=0 order=3 bound=1
2026.10.06-03.42.21 TAG fighter=f-0-sk1 bbox=(396,458,480,480) mode=compact look=P1 placement=above ring=0 hardPx2=0 softPx2=0 order=1 bound=1
2026.10.06-03.42.21 TAG fighter=f-0-sk2 bbox=(308,584,392,606) mode=compact look=P1 placement=left ring=0 hardPx2=0 softPx2=0 order=5 bound=1
2026.10.06-03.42.21 TAG fighter=f-1-hero bbox=(1144,470,1246,492) mode=compact look=P2 placement=above ring=0 hardPx2=0 softPx2=0 order=2 bound=1
2026.10.06-03.42.21 TAG fighter=f-1-sk0 bbox=(1053,534,1137,556) mode=compact look=P2 placement=left ring=0 hardPx2=0 softPx2=0 order=4 bound=1
2026.10.06-03.42.21 ICON fighter=f-0-hero bbox=(1151,756,1183,788) size=32 src=combat anchor=right fallback=0 overlapPx2=0 texture=/Game/S08/UI/IconsV3/T_IV3_action_attack_token_32.T_IV3_action_attack_token_32
2026.10.06-03.42.21 TAG fighter=f-0-hero bbox=(1059,710,1152,732) mode=compact look=P1 placement=above ring=0 hardPx2=0 softPx2=0 order=0 bound=1
2026.10.06-03.42.21 TAG fighter=f-0-sk0 bbox=(509,496,593,518) mode=compact look=P1 placement=above ring=0 hardPx2=0 softPx2=0 order=3 bound=1
2026.10.06-03.42.21 TAG fighter=f-0-sk1 bbox=(396,458,480,480) mode=compact look=P1 placement=above ring=0 hardPx2=0 softPx2=0 order=1 bound=1
2026.10.06-03.42.21 TAG fighter=f-0-sk2 bbox=(308,584,392,606) mode=compact look=P1 placement=left ring=0 hardPx2=0 softPx2=0 order=5 bound=1
2026.10.06-03.42.21 TAG fighter=f-1-hero bbox=(1152,459,1254,481) mode=compact look=P2 placement=above ring=0 hardPx2=0 softPx2=0 order=2 bound=1
2026.10.06-03.42.21 TAG fighter=f-1-sk0 bbox=(1053,534,1137,556) mode=compact look=P2 placement=left ring=0 hardPx2=0 softPx2=0 order=4 bound=1
2026.10.06-03.42.21 ICON fighter=f-0-hero bbox=(1151,756,1183,788) size=32 src=combat anchor=right fallback=0 overlapPx2=0 texture=/Game/S08/UI/IconsV3/T_IV3_action_attack_token_32.T_IV3_action_attack_token_32
2026.10.06-03.42.21 TAG fighter=f-0-hero bbox=(1059,710,1152,732) mode=compact look=P1 placement=above ring=0 hardPx2=0 softPx2=0 order=0 bound=1
2026.10.06-03.42.21 TAG fighter=f-0-sk0 bbox=(509,496,593,518) mode=compact look=P1 placement=above ring=0 hardPx2=0 softPx2=0 order=3 bound=1
2026.10.06-03.42.21 TAG fighter=f-0-sk1 bbox=(396,458,480,480) mode=compact look=P1 placement=above ring=0 hardPx2=0 softPx2=0 order=2 bound=1
2026.10.06-03.42.21 TAG fighter=f-0-sk2 bbox=(308,584,392,606) mode=compact look=P1 placement=left ring=0 hardPx2=0 softPx2=0 order=5 bound=1
2026.10.06-03.42.21 TAG fighter=f-1-hero bbox=(1161,450,1263,472) mode=compact look=P2 placement=above ring=0 hardPx2=0 softPx2=0 order=1 bound=1
2026.10.06-03.42.21 TAG fighter=f-1-sk0 bbox=(1053,534,1137,556) mode=compact look=P2 placement=left ring=0 hardPx2=0 softPx2=0 order=4 bound=1
2026.10.06-03.42.21 ICON fighter=f-0-hero bbox=(1151,756,1183,788) size=32 src=combat anchor=right fallback=0 overlapPx2=0 texture=/Game/S08/UI/IconsV3/T_IV3_action_attack_token_32.T_IV3_action_attack_token_32
2026.10.06-03.42.21 SNAPSHOT applied seq=25 phase=ACTION_MANEUVER
2026.10.06-03.42.21 HANDLE_APPLIED #33 seq=25 decision=2 fightersValid=1 boardValid=1
2026.10.06-03.42.21 MODE seq=25 mode=0 combat=0 pending=0
2026.10.06-03.42.21 MS-OPP verb=turn seq=25
2026.10.06-03.42.21 HUD seq=25 phase=ACTION_MANEUVER turn=opp hand=0 oppHand=5(hidden) oppDeck=22~ deck=24~ discard=6
2026.10.06-03.42.21 MS-STATUS seq=25 text="Medusa — Opponent is choosing an action"
2026.10.06-03.42.21 ARTPREVIEW fighter=Medusa hero=1 eligible=0 visual=1 mesh=SK_Medusa_H2LD
2026.10.06-03.42.21 FIGHTERS synced n=6 alive=6 own=2 enemy=4
2026.10.06-03.42.21 ARTPREVIEW damage-number fighter=f-1-sk0 amount=1 seq=25 cell=(6,3)
2026.10.06-03.42.21 ARTPREVIEW anim fighter=f-1-sk0 clip=HitReact len=0.417 event=damaged loop=0 phase=0.0000 seq=25 asset=AM_Merlin_HitReact rate=1.00
2026.10.06-03.42.21 ARTPREVIEW hit-tint fighter=f-1-sk0 ms=450
2026.10.06-03.42.21 VO event=HURT speaker=MERLIN t=53992 result=skipped line=- prio=3 reason=gap
2026.10.06-03.42.21 CUE damage f-1-sk0 -1 seq=25
2026.10.06-03.42.21 WS seq=25 phase=ACTION_MANEUVER (apply)
2026.10.06-03.42.21 CUE sound id=CUE-011 point=hit subject=f-1-sk0 seq=25 t=53992 event_t=53992 dt=0 class=SFX sound=SW_CMB_HIT_MAGIC_02 gain=0.80 result=played bank=CMB-HIT-MAGIC
2026.10.06-03.42.21 TAG fighter=f-0-hero bbox=(1059,710,1152,732) mode=compact look=P1 placement=above ring=0 hardPx2=0 softPx2=0 order=0 bound=1
2026.10.06-03.42.21 TAG fighter=f-0-sk0 bbox=(509,496,593,518) mode=compact look=P1 placement=above ring=0 hardPx2=0 softPx2=0 order=4 bound=1
2026.10.06-03.42.21 TAG fighter=f-0-sk1 bbox=(396,458,480,480) mode=compact look=P1 placement=above ring=0 hardPx2=0 softPx2=0 order=3 bound=1
2026.10.06-03.42.21 TAG fighter=f-0-sk2 bbox=(308,584,392,606) mode=compact look=P1 placement=left ring=0 hardPx2=0 softPx2=0 order=5 bound=1
2026.10.06-03.42.21 TAG fighter=f-1-hero bbox=(1169,440,1271,462) mode=compact look=P2 placement=above ring=0 hardPx2=0 softPx2=0 order=2 bound=1
2026.10.06-03.42.21 TAG fighter=f-1-sk0 bbox=(1053,534,1137,556) mode=compact look=P2 placement=left ring=0 hardPx2=0 softPx2=0 order=1 bound=1
2026.10.06-03.42.21 ICON fighter=f-0-hero bbox=(1151,756,1183,788) size=32 src=combat anchor=right fallback=0 overlapPx2=0 texture=/Game/S08/UI/IconsV3/T_IV3_action_attack_token_32.T_IV3_action_attack_token_32
2026.10.06-03.42.21 DAMAGE fighter=f-1-sk0 bbox=(1075,504,1115,532) amount=1 seq=25 placement=above ring=0 hardPx2=0 softPx2=0
2026.10.06-03.42.21 TAG fighter=f-0-hero bbox=(1059,710,1152,732) mode=compact look=P1 placement=above ring=0 hardPx2=0 softPx2=0 order=0 bound=1
2026.10.06-03.42.21 TAG fighter=f-0-sk0 bbox=(509,496,593,518) mode=compact look=P1 placement=above ring=0 hardPx2=0 softPx2=0 order=4 bound=1
2026.10.06-03.42.21 TAG fighter=f-0-sk1 bbox=(396,458,480,480) mode=compact look=P1 placement=above ring=0 hardPx2=0 softPx2=0 order=3 bound=1
2026.10.06-03.42.21 TAG fighter=f-0-sk2 bbox=(308,584,392,606) mode=compact look=P1 placement=left ring=0 hardPx2=0 softPx2=0 order=5 bound=1
2026.10.06-03.42.21 TAG fighter=f-1-hero bbox=(1178,430,1280,452) mode=compact look=P2 placement=above ring=0 hardPx2=0 softPx2=0 order=2 bound=1
2026.10.06-03.42.21 TAG fighter=f-1-sk0 bbox=(1053,534,1137,556) mode=compact look=P2 placement=left ring=0 hardPx2=0 softPx2=0 order=1 bound=1
2026.10.06-03.42.21 ICON fighter=f-0-hero bbox=(1151,756,1183,788) size=32 src=combat anchor=right fallback=0 overlapPx2=0 texture=/Game/S08/UI/IconsV3/T_IV3_action_attack_token_32.T_IV3_action_attack_token_32
2026.10.06-03.42.21 TAG fighter=f-0-hero bbox=(1059,710,1152,732) mode=compact look=P1 placement=above ring=0 hardPx2=0 softPx2=0 order=0 bound=1
2026.10.06-03.42.21 TAG fighter=f-0-sk0 bbox=(509,496,593,518) mode=compact look=P1 placement=above ring=0 hardPx2=0 softPx2=0 order=4 bound=1
2026.10.06-03.42.21 TAG fighter=f-0-sk1 bbox=(396,458,480,480) mode=compact look=P1 placement=above ring=0 hardPx2=0 softPx2=0 order=3 bound=1
2026.10.06-03.42.21 TAG fighter=f-0-sk2 bbox=(308,584,392,606) mode=compact look=P1 placement=left ring=0 hardPx2=0 softPx2=0 order=5 bound=1
2026.10.06-03.42.21 TAG fighter=f-1-hero bbox=(1186,420,1288,442) mode=compact look=P2 placement=above ring=0 hardPx2=0 softPx2=0 order=2 bound=1
2026.10.06-03.42.21 TAG fighter=f-1-sk0 bbox=(1053,534,1137,556) mode=compact look=P2 placement=left ring=0 hardPx2=0 softPx2=0 order=1 bound=1
2026.10.06-03.42.21 ICON fighter=f-0-hero bbox=(1151,756,1183,788) size=32 src=combat anchor=right fallback=0 overlapPx2=0 texture=/Game/S08/UI/IconsV3/T_IV3_action_attack_token_32.T_IV3_action_attack_token_32
2026.10.06-03.42.21 CUE sound id=CUE-007 point=step subject=f-1-hero seq=22 t=54125 event_t=54125 dt=0 class=SFX sound=SW_BRD_STEP_02 gain=0.80 result=played edge=3/5 due=54119
2026.10.06-03.42.21 TAG fighter=f-0-hero bbox=(1059,710,1152,732) mode=compact look=P1 placement=above ring=0 hardPx2=0 softPx2=0 order=0 bound=1
2026.10.06-03.42.21 TAG fighter=f-0-sk0 bbox=(509,496,593,518) mode=compact look=P1 placement=above ring=0 hardPx2=0 softPx2=0 order=4 bound=1
2026.10.06-03.42.21 TAG fighter=f-0-sk1 bbox=(396,458,480,480) mode=compact look=P1 placement=above ring=0 hardPx2=0 softPx2=0 order=3 bound=1
2026.10.06-03.42.21 TAG fighter=f-0-sk2 bbox=(308,584,392,606) mode=compact look=P1 placement=left ring=0 hardPx2=0 softPx2=0 order=5 bound=1
2026.10.06-03.42.21 TAG fighter=f-1-hero bbox=(1191,411,1293,433) mode=compact look=P2 placement=above ring=0 hardPx2=0 softPx2=0 order=2 bound=1
2026.10.06-03.42.21 TAG fighter=f-1-sk0 bbox=(1053,534,1137,556) mode=compact look=P2 placement=left ring=0 hardPx2=0 softPx2=0 order=1 bound=1
2026.10.06-03.42.21 ICON fighter=f-0-hero bbox=(1151,756,1183,788) size=32 src=combat anchor=right fallback=0 overlapPx2=0 texture=/Game/S08/UI/IconsV3/T_IV3_action_attack_token_32.T_IV3_action_attack_token_32
2026.10.06-03.42.21 SNAPSHOT applied seq=26 phase=COMBAT
2026.10.06-03.42.21 HANDLE_APPLIED #34 seq=26 decision=2 fightersValid=1 boardValid=1
2026.10.06-03.42.21 CUE sound id=CUE-008 point=cue subject=f-0-hero seq=26 t=54125 event_t=54125 dt=0 class=SFX sound=SW_CMB_ATTACK_DECLARE_01 gain=0.80 result=played
2026.10.06-03.42.21 AUDIO attack seq=26 key=MEDUSA abilityBoost=0
2026.10.06-03.42.21 VO event=ATTACK speaker=MEDUSA t=54125 result=skipped line=- prio=3 reason=gap
2026.10.06-03.42.21 CUE fx id=CUE-008 subject=f-0-hero seq=26 t=54125 vfx=missing sfx=missing clip=none mat=none socket=Weapon reduced=0 result=fallback
2026.10.06-03.42.21 CUE combat seq=24 stage=skip t=54125 src=catchup
2026.10.06-03.42.21 CATCHUP seq=24 latest=26 queued=2 lag=133 t=54125 action=hurry reason=combat applied=1
2026.10.06-03.42.21 closed mode=
2026.10.06-03.42.21 MODE seq=26 mode=4 combat=1 pending=0
2026.10.06-03.42.21 MS-OPP verb=attack seq=26
2026.10.06-03.42.21 MS-TRACK own=0/2 opp=1/2 oppVisible=1 seq=26
2026.10.06-03.42.21 HUD seq=26 phase=COMBAT turn=opp hand=0 oppHand=4(hidden) oppDeck=22~ deck=24~ discard=6
2026.10.06-03.42.21 ARTPREVIEW hero-light fighter=f-0-hero state=active layers=2 lightsOn=2 keyCd=20.759 rimCd=1.764 mul=1.154 pulse=0.40Hz+-4%
2026.10.06-03.42.21 ARTPREVIEW combat marker fighter=Medusa attacker=1 target=0 icon=0 targetMesh=SM_Marker_TargetRing iconMode=screen targetArcScaleXY=0.920
2026.10.06-03.42.21 ARTPREVIEW hero-light fighter=f-1-sk0 state=idle layers=2 lightsOn=2 keyCd=14.530 rimCd=1.234 mul=1.000 pulse=none
2026.10.06-03.42.21 ARTPREVIEW combat marker fighter=Merlin attacker=0 target=1 icon=1 targetMesh=SM_Marker_TargetRing iconMode=screen targetArcScaleXY=0.718
2026.10.06-03.42.21 MS-STATUS seq=26 text="You are attacked: choose a defense card or No defense (N)"
2026.10.06-03.42.21 ARTPREVIEW fighter=Medusa hero=1 eligible=0 visual=1 mesh=SK_Medusa_H2LD
2026.10.06-03.42.21 FIGHTERS synced n=6 alive=6 own=2 enemy=4
2026.10.06-03.42.21 WS seq=26 phase=COMBAT (apply)
2026.10.06-03.42.21 HUD-TRACK own=0/2 server=0 local=0 opp=1/2 oppVisible=1 anim=-/spend seq=26 frame=1513
2026.10.06-03.42.21 S09AUTO drive mode=4 plan=[attack+abilityboost+scheme+storms+defend+resolve] phase=COMBAT turn=cmuhntivg0000wib0anhqyswc
2026.10.06-03.42.21 S09AUTO no legal defense card - falling back to no-defense
2026.10.06-03.42.21 NO-DEFENSE sent (defender closes the window)
2026.10.06-03.42.21 MS-STATUS seq=26 text="Syncing…"
2026.10.06-03.42.21 TOAST text="no defense - resolving"
2026.10.06-03.42.21 TAG fighter=f-0-hero bbox=(1059,710,1152,732) mode=compact look=P1 placement=above ring=0 hardPx2=0 softPx2=0 order=5 bound=1
2026.10.06-03.42.21 TAG fighter=f-0-sk0 bbox=(509,496,593,518) mode=compact look=P1 placement=above ring=0 hardPx2=0 softPx2=0 order=3 bound=1
2026.10.06-03.42.21 TAG fighter=f-0-sk1 bbox=(396,458,480,480) mode=compact look=P1 placement=above ring=0 hardPx2=0 softPx2=0 order=2 bound=1
2026.10.06-03.42.21 TAG fighter=f-0-sk2 bbox=(308,584,392,606) mode=compact look=P1 placement=left ring=0 hardPx2=0 softPx2=0 order=4 bound=1
2026.10.06-03.42.21 TAG fighter=f-1-hero bbox=(1180,401,1282,423) mode=compact look=P2 placement=above ring=0 hardPx2=0 softPx2=0 order=1 bound=1
2026.10.06-03.42.21 TAG fighter=f-1-sk0 bbox=(1053,534,1137,556) mode=compact look=P2 placement=left ring=0 hardPx2=0 softPx2=0 order=0 bound=1
2026.10.06-03.42.21 ICON fighter=f-1-sk0 bbox=(1207,549,1239,581) size=32 src=combat anchor=right fallback=0 overlapPx2=0 texture=/Game/S08/UI/IconsV3/T_IV3_action_attack_token_32.T_IV3_action_attack_token_32
2026.10.06-03.42.21 TAG fighter=f-0-hero bbox=(1059,710,1152,732) mode=compact look=P1 placement=above ring=0 hardPx2=0 softPx2=0 order=5 bound=1
2026.10.06-03.42.21 TAG fighter=f-0-sk0 bbox=(509,496,593,518) mode=compact look=P1 placement=above ring=0 hardPx2=0 softPx2=0 order=3 bound=1
2026.10.06-03.42.21 TAG fighter=f-0-sk1 bbox=(396,458,480,480) mode=compact look=P1 placement=above ring=0 hardPx2=0 softPx2=0 order=2 bound=1
2026.10.06-03.42.21 TAG fighter=f-0-sk2 bbox=(308,584,392,606) mode=compact look=P1 placement=left ring=0 hardPx2=0 softPx2=0 order=4 bound=1
2026.10.06-03.42.21 TAG fighter=f-1-hero bbox=(1169,391,1271,413) mode=compact look=P2 placement=above ring=0 hardPx2=0 softPx2=0 order=1 bound=1
2026.10.06-03.42.21 TAG fighter=f-1-sk0 bbox=(1053,534,1137,556) mode=compact look=P2 placement=left ring=0 hardPx2=0 softPx2=0 order=0 bound=1
2026.10.06-03.42.21 ICON fighter=f-1-sk0 bbox=(1207,549,1239,581) size=32 src=combat anchor=right fallback=0 overlapPx2=0 texture=/Game/S08/UI/IconsV3/T_IV3_action_attack_token_32.T_IV3_action_attack_token_32
2026.10.06-03.42.21 TAG fighter=f-0-hero bbox=(1059,710,1152,732) mode=compact look=P1 placement=above ring=0 hardPx2=0 softPx2=0 order=5 bound=1
2026.10.06-03.42.21 TAG fighter=f-0-sk0 bbox=(509,496,593,518) mode=compact look=P1 placement=above ring=0 hardPx2=0 softPx2=0 order=3 bound=1
2026.10.06-03.42.21 TAG fighter=f-0-sk1 bbox=(396,458,480,480) mode=compact look=P1 placement=above ring=0 hardPx2=0 softPx2=0 order=2 bound=1
2026.10.06-03.42.21 TAG fighter=f-0-sk2 bbox=(308,584,392,606) mode=compact look=P1 placement=left ring=0 hardPx2=0 softPx2=0 order=4 bound=1
2026.10.06-03.42.21 TAG fighter=f-1-hero bbox=(1158,382,1260,404) mode=compact look=P2 placement=above ring=0 hardPx2=0 softPx2=0 order=1 bound=1
2026.10.06-03.42.21 TAG fighter=f-1-sk0 bbox=(1053,534,1137,556) mode=compact look=P2 placement=left ring=0 hardPx2=0 softPx2=0 order=0 bound=1
2026.10.06-03.42.21 ICON fighter=f-1-sk0 bbox=(1207,549,1239,581) size=32 src=combat anchor=right fallback=0 overlapPx2=0 texture=/Game/S08/UI/IconsV3/T_IV3_action_attack_token_32.T_IV3_action_attack_token_32
2026.10.06-03.42.21 TAG fighter=f-0-hero bbox=(1059,710,1152,732) mode=compact look=P1 placement=above ring=0 hardPx2=0 softPx2=0 order=5 bound=1
2026.10.06-03.42.21 TAG fighter=f-0-sk0 bbox=(509,496,593,518) mode=compact look=P1 placement=above ring=0 hardPx2=0 softPx2=0 order=3 bound=1
2026.10.06-03.42.21 TAG fighter=f-0-sk1 bbox=(396,458,480,480) mode=compact look=P1 placement=above ring=0 hardPx2=0 softPx2=0 order=2 bound=1
2026.10.06-03.42.21 TAG fighter=f-0-sk2 bbox=(308,584,392,606) mode=compact look=P1 placement=left ring=0 hardPx2=0 softPx2=0 order=4 bound=1
2026.10.06-03.42.21 TAG fighter=f-1-hero bbox=(1147,372,1249,394) mode=compact look=P2 placement=above ring=0 hardPx2=0 softPx2=0 order=1 bound=1
2026.10.06-03.42.21 TAG fighter=f-1-sk0 bbox=(1130,510,1214,532) mode=compact look=P2 placement=above ring=0 hardPx2=0 softPx2=0 order=0 bound=1
2026.10.06-03.42.21 ICON fighter=f-1-sk0 bbox=(1207,549,1239,581) size=32 src=combat anchor=right fallback=0 overlapPx2=0 texture=/Game/S08/UI/IconsV3/T_IV3_action_attack_token_32.T_IV3_action_attack_token_32
2026.10.06-03.42.21 DAMAGE fighter=f-1-sk0 bbox=(1088,510,1128,538) amount=1 seq=25 placement=left ring=0 hardPx2=0 softPx2=0
2026.10.06-03.42.21 SNAPSHOT applied seq=27 phase=COMBAT_RESOLVE
2026.10.06-03.42.21 HANDLE_APPLIED #35 seq=27 decision=2 fightersValid=1 boardValid=1
2026.10.06-03.42.21 CUE sound id=CUE-009 point=cue subject=f-1-sk0 seq=27 t=54259 event_t=54259 dt=0 class=SFX sound=SW_CMB_DEFENSE_PLAYED_02 gain=0.80 result=played
2026.10.06-03.42.21 VO event=DEFEND speaker=MERLIN t=54259 result=skipped line=- prio=4 reason=gap
2026.10.06-03.42.21 CUE fx done id=CUE-008 subject=f-0-hero seq=26 t=54259 ms=134 cut=interrupt
2026.10.06-03.42.21 CUE fx id=CUE-009 subject=f-1-sk0 seq=27 t=54259 vfx=missing sfx=missing clip=none mat=FxFlash socket=Head reduced=0 result=fallback
2026.10.06-03.42.21 closed mode=
2026.10.06-03.42.21 MODE seq=27 mode=5 combat=1 pending=1
2026.10.06-03.42.21 MS-OPP verb=card seq=27
2026.10.06-03.42.21 HUD seq=27 phase=COMBAT_RESOLVE turn=opp hand=0 oppHand=4(hidden) oppDeck=22 deck=24 discard=6
2026.10.06-03.42.21 MS-STATUS seq=27 text="Waiting for the opponent's choice"
2026.10.06-03.42.21 RESOLVE panel blocked by pending (type=BOOST_CHOICE id=cmq7d7b4100rawi746oxx1hsf-during-0-boost-26)
2026.10.06-03.42.21 ARTPREVIEW fighter=Medusa hero=1 eligible=0 visual=1 mesh=SK_Medusa_H2LD
2026.10.06-03.42.21 FIGHTERS synced n=6 alive=6 own=2 enemy=4
2026.10.06-03.42.21 RESOLVE done seq=27 (apply) phase=COMBAT_RESOLVE
2026.10.06-03.42.21 SNAPSHOT applied seq=27 phase=COMBAT_RESOLVE
2026.10.06-03.42.21 HANDLE_APPLIED #36 seq=27 decision=1 fightersValid=1 boardValid=1
2026.10.06-03.42.21 MODE seq=27 mode=5 combat=1 pending=1
2026.10.06-03.42.21 HUD seq=27 phase=COMBAT_RESOLVE turn=opp hand=0 oppHand=4(hidden) oppDeck=22 deck=24 discard=6
2026.10.06-03.42.21 ARTPREVIEW fighter=Medusa hero=1 eligible=0 visual=1 mesh=SK_Medusa_H2LD
2026.10.06-03.42.21 FIGHTERS synced n=6 alive=6 own=2 enemy=4
2026.10.06-03.42.21 WS seq=27 phase=COMBAT_RESOLVE (merge)
2026.10.06-03.42.21 S09AUTO drive mode=5 plan=[attack+abilityboost+scheme+storms+defend+resolve] phase=COMBAT_RESOLVE turn=cmuhntivg0000wib0anhqyswc
2026.10.06-03.42.21 S09AUTO resolve-blocked shot (type=BOOST_CHOICE)
2026.10.06-03.42.21 SHOT ctx viewport=1920x1080 viewTarget=CameraActor_2147482025 cam=(0,1342,1917) rot=(-55,-90,0)
2026.10.06-03.42.21 RENDER tag=SHOT rhi=D3D12 featureLevel=SM6 shaderPlatform=PCD3D_SM6 lumenPlatform=1 gi=lumen giMethod=1 refl=lumen reflMethod=1 shadows=csm vsmEnable=0 sg.res=100 sg.view=2 sg.aa=2 sg.shadow=2 sg.gi=2 sg.refl=2 sg.pp=2 sg.tex=2 sg.fx=2 sg.foliage=2 sg.shading=2 sg.landscape=2 preset=High screenPct=100.0 screenPctMode=0 aa=TSR aaMethod=4 exposure=fixed-histogram expMin=4.14106 expMax=4.14106 expBias=0.000 ev100=2.05 lightUnits=candelas sky=1 skyIntensity=3.000 keyShadow=csm-3600uu-2c-contact0.000 shadowCasters=1 profile=sarpedon-night profilesSha256=0a3417258f46ad3d99620bcbabd1b37615192b7a59f090c77515189845b33bb7 profilesSource=pak legacyRender=0 gameLayer=unlit-eyeadaptinv tMaxFPS=30.0 vsync=0 frameRateLimit=60.0 substrate=0 nanite=1 meshDF=1 viewport=1920x1080 reference=1
2026.10.06-03.42.21 SHOT fighter f-0-hero pos=(5,5) world=(104,237,0) screen=(1103,808) projected=1 alive=1
2026.10.06-03.42.21 SHOT fighter f-0-sk0 pos=(1,3) world=(-309,33,0) screen=(555,576) projected=1 alive=1
2026.10.06-03.42.21 SHOT fighter f-0-sk1 pos=(0,2) world=(-398,-3,0) screen=(442,537) projected=1 alive=1
2026.10.06-03.42.21 SHOT fighter f-0-sk2 pos=(0,3) world=(-394,92,0) screen=(435,640) projected=1 alive=1
2026.10.06-03.42.21 SHOT fighter f-1-hero pos=(4,0) world=(8,-232,0) screen=(970,306) projected=1 alive=1
2026.10.06-03.42.21 SHOT fighter f-1-sk0 pos=(6,3) world=(159,52,0) screen=(1169,596) projected=1 alive=1
2026.10.06-03.42.21 SHOT camera dist=2340.2 target=2340.2 overview=2340.2 errPct=0.000 focusErr=0.00 settled=1 zoom=1.00
2026.10.06-03.42.21 SHOT head fighter=f-0-hero socket=Head mesh=SK_Medusa_H2LD world=(103.1,236.0,47.1) screen=(1104.9,773.7) top=(1105.2,769.4) bottom=(1104.6,778.0) headPx=8.6 projected=1
2026.10.06-03.42.21 SHOT head fighter=f-0-sk0 socket=Head mesh=SK_Harpy_H3LD world=(-309.1,27.9,34.0) screen=(550.2,544.5) top=(549.3,539.9) bottom=(551.0,549.0) headPx=9.3 projected=1
2026.10.06-03.42.21 SHOT head fighter=f-0-sk1 socket=Head mesh=SK_Harpy_H3LD world=(-398.7,2.2,34.3) screen=(434.7,516.5) top=(433.6,511.9) bottom=(435.8,521.1) headPx=9.4 projected=1
2026.10.06-03.42.21 SHOT head fighter=f-0-sk2 socket=Head mesh=SK_Harpy_H3LD world=(-393.6,86.7,34.0) screen=(430.4,609.3) top=(429.2,604.8) bottom=(431.5,613.8) headPx=9.3 projected=1
2026.10.06-03.42.21 SHOT head fighter=f-1-hero socket=Head mesh=SK_KingArthur_H2LD world=(169.9,-79.9,49.3) screen=(1180.5,418.4) top=(1181.0,413.7) bottom=(1180.0,423.1) headPx=9.5 projected=1
2026.10.06-03.42.21 SHOT head fighter=f-1-sk0 socket=Head mesh=SK_Merlin_H2LD world=(159.1,50.1,37.1) screen=(1172.4,566.4) top=(1172.8,561.9) bottom=(1171.9,571.0) headPx=9.1 projected=1
2026.10.06-03.42.21 SHOT figure fighter=f-0-hero bbox=(1063,734,1148,842) ringR=28.50 art=1 blockout=0 team=P1 look=P1 ring=1
2026.10.06-03.42.21 SHOT figure fighter=f-0-sk0 bbox=(516,520,586,600) ringR=22.23 art=1 blockout=0 team=P1 look=P1 ring=1
2026.10.06-03.42.21 SHOT figure fighter=f-0-sk1 bbox=(402,482,474,561) ringR=22.23 art=1 blockout=0 team=P1 look=P1 ring=1
2026.10.06-03.42.21 SHOT figure fighter=f-0-sk2 bbox=(394,584,467,665) ringR=22.23 art=1 blockout=0 team=P1 look=P1 ring=1
2026.10.06-03.42.21 SHOT figure fighter=f-1-hero bbox=(1147,387,1229,493) ringR=28.50 art=1 blockout=0 team=P2 look=P2 ring=1
2026.10.06-03.42.21 SHOT figure fighter=f-1-sk0 bbox=(1139,534,1204,620) ringR=22.23 art=1 blockout=0 team=P2 look=P2 ring=1
2026.10.06-03.42.21 SHOT request file=s09-resolve-blocked-BOOST_CHOICE.png frame=1517
2026.10.06-03.42.21 SHOT requested: FScreenshotRequest(bShowUI) -> C:\Users\ren\AppData\Local\Temp\s09-combat-20261006-084119-39652\joiner/s09-resolve-blocked-BOOST_CHOICE.png
2026.10.06-03.42.21 TAG fighter=f-0-hero bbox=(1059,710,1152,732) mode=compact look=P1 placement=above ring=0 hardPx2=0 softPx2=0 order=5 bound=1
2026.10.06-03.42.21 TAG fighter=f-0-sk0 bbox=(509,496,593,518) mode=compact look=P1 placement=above ring=0 hardPx2=0 softPx2=0 order=3 bound=1
2026.10.06-03.42.21 TAG fighter=f-0-sk1 bbox=(396,458,480,480) mode=compact look=P1 placement=above ring=0 hardPx2=0 softPx2=0 order=2 bound=1
2026.10.06-03.42.21 TAG fighter=f-0-sk2 bbox=(308,584,392,606) mode=compact look=P1 placement=left ring=0 hardPx2=0 softPx2=0 order=4 bound=1
2026.10.06-03.42.21 TAG fighter=f-1-hero bbox=(1137,363,1239,385) mode=compact look=P2 placement=above ring=0 hardPx2=0 softPx2=0 order=1 bound=1
2026.10.06-03.42.21 TAG fighter=f-1-sk0 bbox=(1130,510,1214,532) mode=compact look=P2 placement=above ring=0 hardPx2=0 softPx2=0 order=0 bound=1
2026.10.06-03.42.21 ICON fighter=f-1-sk0 bbox=(1207,549,1239,581) size=32 src=combat anchor=right fallback=0 overlapPx2=0 texture=/Game/S08/UI/IconsV3/T_IV3_action_attack_token_32.T_IV3_action_attack_token_32
2026.10.06-03.42.21 SHOT captured file=s09-resolve-blocked-BOOST_CHOICE.png frame=1517 px=1920x1080 sha256=7dce5828ba8926b4487b5232ddd19226cd9214c4d49a71aa87fd03dd49b163f5 order=BGRA saved=1
2026.10.06-03.42.21 SHOT late begin file=s09-resolve-blocked-BOOST_CHOICE.png frame=1517 requestFrame=1517
2026.10.06-03.42.21 SHOT icon fighter=f-1-sk0 bbox=(1207,549,1239,581) size=32 src=combat planned=(1207,549,1239,581) geom=painted visible=1 anchor=right fallback=0 overlapPx2=0 texture=/Game/S08/UI/IconsV3/T_IV3_action_attack_token_32.T_IV3_action_attack_token_32 frame=1517
2026.10.06-03.42.21 SHOT widget id=icon impl=umg-motion state=combat fighter=f-1-sk0 bbox=(1207,549,1239,581) geom=painted visible=1 twin=0 source=S08AnimatedIconWidget:action-attack-token frame=1517
2026.10.06-03.42.21 SHOT widget id=board.tag impl=umg state=compact fighter=f-0-hero bbox=(1059,710,1152,732) geom=painted visible=1 twin=0 source=/Game/S08/UI/ArtHud/WBP_S08ArtTag mode=compact look=P1 shape=circle placement=above ring=0 order=5 bound=1 softPx2=0 planned=(1059,710,1152,732) frame=1517
2026.10.06-03.42.21 SHOT widget id=board.tag.hp impl=umg state=compact fighter=f-0-hero bbox=(1115,712,1148,730) geom=painted visible=1 twin=0 source=/Game/S08/UI/ArtHud/WBP_S08ArtTag mode=compact look=P1 shape=circle placement=above ring=0 order=5 bound=1 softPx2=0 planned=(1059,710,1152,732) frame=1517 font=11
2026.10.06-03.42.21 SHOT widget id=board.tag.bar impl=umg state=compact fighter=f-0-hero bbox=(1078,719,1112,724) geom=painted visible=1 twin=0 source=/Game/S08/UI/ArtHud/WBP_S08ArtTag mode=compact look=P1 shape=circle placement=above ring=0 order=5 bound=1 softPx2=0 planned=(1059,710,1152,732) frame=1517
2026.10.06-03.42.21 SHOT widget id=board.tag.chip impl=umg state=compact fighter=f-0-hero bbox=(1063,715,1075,727) geom=painted visible=1 twin=0 source=/Game/S08/UI/ArtHud/WBP_S08ArtTag mode=compact look=P1 shape=circle placement=above ring=0 order=5 bound=1 softPx2=0 planned=(1059,710,1152,732) frame=1517
2026.10.06-03.42.21 SHOT widget id=board.tag impl=umg state=compact fighter=f-0-sk0 bbox=(509,496,593,518) geom=painted visible=1 twin=0 source=/Game/S08/UI/ArtHud/WBP_S08ArtTag mode=compact look=P1 shape=circle placement=above ring=0 order=3 bound=1 softPx2=0 planned=(509,496,593,518) frame=1517
2026.10.06-03.42.21 SHOT widget id=board.tag.hp impl=umg state=compact fighter=f-0-sk0 bbox=(565,498,589,516) geom=painted visible=1 twin=0 source=/Game/S08/UI/ArtHud/WBP_S08ArtTag mode=compact look=P1 shape=circle placement=above ring=0 order=3 bound=1 softPx2=0 planned=(509,496,593,518) frame=1517 font=11
2026.10.06-03.42.21 SHOT widget id=board.tag.bar impl=umg state=compact fighter=f-0-sk0 bbox=(528,505,562,510) geom=painted visible=1 twin=0 source=/Game/S08/UI/ArtHud/WBP_S08ArtTag mode=compact look=P1 shape=circle placement=above ring=0 order=3 bound=1 softPx2=0 planned=(509,496,593,518) frame=1517
2026.10.06-03.42.21 SHOT widget id=board.tag.chip impl=umg state=compact fighter=f-0-sk0 bbox=(513,501,525,513) geom=painted visible=1 twin=0 source=/Game/S08/UI/ArtHud/WBP_S08ArtTag mode=compact look=P1 shape=circle placement=above ring=0 order=3 bound=1 softPx2=0 planned=(509,496,593,518) frame=1517
2026.10.06-03.42.21 SHOT widget id=board.tag impl=umg state=compact fighter=f-0-sk1 bbox=(396,458,480,480) geom=painted visible=1 twin=0 source=/Game/S08/UI/ArtHud/WBP_S08ArtTag mode=compact look=P1 shape=circle placement=above ring=0 order=2 bound=1 softPx2=0 planned=(396,458,480,480) frame=1517
2026.10.06-03.42.21 SHOT widget id=board.tag.hp impl=umg state=compact fighter=f-0-sk1 bbox=(452,460,476,478) geom=painted visible=1 twin=0 source=/Game/S08/UI/ArtHud/WBP_S08ArtTag mode=compact look=P1 shape=circle placement=above ring=0 order=2 bound=1 softPx2=0 planned=(396,458,480,480) frame=1517 font=11
2026.10.06-03.42.21 SHOT widget id=board.tag.bar impl=umg state=compact fighter=f-0-sk1 bbox=(415,467,449,472) geom=painted visible=1 twin=0 source=/Game/S08/UI/ArtHud/WBP_S08ArtTag mode=compact look=P1 shape=circle placement=above ring=0 order=2 bound=1 softPx2=0 planned=(396,458,480,480) frame=1517
2026.10.06-03.42.21 SHOT widget id=board.tag.chip impl=umg state=compact fighter=f-0-sk1 bbox=(400,463,412,475) geom=painted visible=1 twin=0 source=/Game/S08/UI/ArtHud/WBP_S08ArtTag mode=compact look=P1 shape=circle placement=above ring=0 order=2 bound=1 softPx2=0 planned=(396,458,480,480) frame=1517
2026.10.06-03.42.21 SHOT widget id=board.tag impl=umg state=compact fighter=f-0-sk2 bbox=(308,584,392,606) geom=painted visible=1 twin=0 source=/Game/S08/UI/ArtHud/WBP_S08ArtTag mode=compact look=P1 shape=circle placement=left ring=0 order=4 bound=1 softPx2=0 planned=(308,584,392,606) frame=1517
2026.10.06-03.42.21 SHOT widget id=board.tag.hp impl=umg state=compact fighter=f-0-sk2 bbox=(364,586,388,604) geom=painted visible=1 twin=0 source=/Game/S08/UI/ArtHud/WBP_S08ArtTag mode=compact look=P1 shape=circle placement=left ring=0 order=4 bound=1 softPx2=0 planned=(308,584,392,606) frame=1517 font=11
2026.10.06-03.42.21 SHOT widget id=board.tag.bar impl=umg state=compact fighter=f-0-sk2 bbox=(327,593,361,598) geom=painted visible=1 twin=0 source=/Game/S08/UI/ArtHud/WBP_S08ArtTag mode=compact look=P1 shape=circle placement=left ring=0 order=4 bound=1 softPx2=0 planned=(308,584,392,606) frame=1517
2026.10.06-03.42.21 SHOT widget id=board.tag.chip impl=umg state=compact fighter=f-0-sk2 bbox=(312,589,324,601) geom=painted visible=1 twin=0 source=/Game/S08/UI/ArtHud/WBP_S08ArtTag mode=compact look=P1 shape=circle placement=left ring=0 order=4 bound=1 softPx2=0 planned=(308,584,392,606) frame=1517
2026.10.06-03.42.21 SHOT widget id=board.tag impl=umg state=compact fighter=f-1-hero bbox=(1137,363,1239,385) geom=painted visible=1 twin=0 source=/Game/S08/UI/ArtHud/WBP_S08ArtTag mode=compact look=P2 shape=hex placement=above ring=0 order=1 bound=1 softPx2=0 planned=(1137,363,1239,385) frame=1517
2026.10.06-03.42.21 SHOT widget id=board.tag.hp impl=umg state=compact fighter=f-1-hero bbox=(1193,365,1235,383) geom=painted visible=1 twin=0 source=/Game/S08/UI/ArtHud/WBP_S08ArtTag mode=compact look=P2 shape=hex placement=above ring=0 order=1 bound=1 softPx2=0 planned=(1137,363,1239,385) frame=1517 font=11
2026.10.06-03.42.21 SHOT widget id=board.tag.bar impl=umg state=compact fighter=f-1-hero bbox=(1156,372,1190,377) geom=painted visible=1 twin=0 source=/Game/S08/UI/ArtHud/WBP_S08ArtTag mode=compact look=P2 shape=hex placement=above ring=0 order=1 bound=1 softPx2=0 planned=(1137,363,1239,385) frame=1517
2026.10.06-03.42.21 SHOT widget id=board.tag.chip impl=umg state=compact fighter=f-1-hero bbox=(1141,368,1153,380) geom=painted visible=1 twin=0 source=/Game/S08/UI/ArtHud/WBP_S08ArtTag mode=compact look=P2 shape=hex placement=above ring=0 order=1 bound=1 softPx2=0 planned=(1137,363,1239,385) frame=1517
2026.10.06-03.42.21 SHOT widget id=board.tag impl=umg state=compact fighter=f-1-sk0 bbox=(1130,510,1214,532) geom=painted visible=1 twin=0 source=/Game/S08/UI/ArtHud/WBP_S08ArtTag mode=compact look=P2 shape=hex placement=above ring=0 order=0 bound=1 softPx2=0 planned=(1130,510,1214,532) frame=1517
2026.10.06-03.42.21 SHOT widget id=board.tag.hp impl=umg state=compact fighter=f-1-sk0 bbox=(1186,512,1210,530) geom=painted visible=1 twin=0 source=/Game/S08/UI/ArtHud/WBP_S08ArtTag mode=compact look=P2 shape=hex placement=above ring=0 order=0 bound=1 softPx2=0 planned=(1130,510,1214,532) frame=1517 font=11
2026.10.06-03.42.21 SHOT widget id=board.tag.bar impl=umg state=compact fighter=f-1-sk0 bbox=(1149,519,1183,524) geom=painted visible=1 twin=0 source=/Game/S08/UI/ArtHud/WBP_S08ArtTag mode=compact look=P2 shape=hex placement=above ring=0 order=0 bound=1 softPx2=0 planned=(1130,510,1214,532) frame=1517
2026.10.06-03.42.21 SHOT widget id=board.tag.chip impl=umg state=compact fighter=f-1-sk0 bbox=(1134,515,1146,527) geom=painted visible=1 twin=0 source=/Game/S08/UI/ArtHud/WBP_S08ArtTag mode=compact look=P2 shape=hex placement=above ring=0 order=0 bound=1 softPx2=0 planned=(1130,510,1214,532) frame=1517
2026.10.06-03.42.21 SHOT widget id=board.damage impl=umg state=damage fighter=f-1-sk0 bbox=(1088,510,1128,538) geom=painted visible=1 twin=0 source=/Game/S08/UI/ArtHud/WBP_S08ArtDamage amount=1 seq=25 placement=left_ring=0_hardPx2=0_softPx2=0 stableFrames=1 planned=(1088,510,1128,538) frame=1517
2026.10.06-03.42.21 SHOT widget id=board.damage.text impl=umg state=damage fighter=f-1-sk0 bbox=(1096,510,1120,538) geom=painted visible=1 twin=0 source=/Game/S08/UI/ArtHud/WBP_S08ArtDamage amount=1 seq=25 placement=left_ring=0_hardPx2=0_softPx2=0 stableFrames=1 planned=(1088,510,1128,538) frame=1517 font=18
2026.10.06-03.42.21 SHOT damage fighter=f-1-sk0 bbox=(1088,510,1128,538) frame=1517
2026.10.06-03.42.21 SHOT panel id=hud.command bbox=(0,0,698,226) geom=painted visible=1 frame=1517
2026.10.06-03.42.21 SHOT panel id=hud.side bbox=(1431,0,1920,179) geom=painted visible=1 frame=1517
2026.10.06-03.42.21 SHOT panel id=hud.hand bbox=(669,932,1252,1080) geom=painted visible=1 frame=1517
2026.10.06-03.42.21 SHOT late end file=s09-resolve-blocked-BOOST_CHOICE.png frame=1517
2026.10.06-03.42.21 CUE sound id=CUE-007 point=step subject=f-1-hero seq=22 t=54623 event_t=54623 dt=0 class=SFX sound=SW_BRD_STEP_04 gain=0.80 result=played edge=4/5 due=54399
2026.10.06-03.42.21 CUE combat seq=24 stage=read t=54479 ms=0 skipped=1
2026.10.06-03.42.21 CUE combat seq=24 stage=slam t=54479 a=3 d=0 outcome=win
2026.10.06-03.42.21 CUE sound id=CUE-010 point=cue subject=slam seq=24 t=54623 event_t=54623 dt=0 class=SFX sound=SW_CMB_SLAM_01 gain=0.80 result=played bank=CMB-SLAM
2026.10.06-03.42.21 S09AUTO resolve
2026.10.06-03.42.21 TOAST text="resolve blocked: a pending choice must be resolved first"
2026.10.06-03.42.21 TAG fighter=f-0-hero bbox=(1059,710,1152,732) mode=compact look=P1 placement=above ring=0 hardPx2=0 softPx2=0 order=5 bound=1
2026.10.06-03.42.21 TAG fighter=f-0-sk0 bbox=(509,496,593,518) mode=compact look=P1 placement=above ring=0 hardPx2=0 softPx2=0 order=3 bound=1
2026.10.06-03.42.21 TAG fighter=f-0-sk1 bbox=(396,458,480,480) mode=compact look=P1 placement=above ring=0 hardPx2=0 softPx2=0 order=2 bound=1
2026.10.06-03.42.21 TAG fighter=f-0-sk2 bbox=(308,584,392,606) mode=compact look=P1 placement=left ring=0 hardPx2=0 softPx2=0 order=4 bound=1
2026.10.06-03.42.21 TAG fighter=f-1-hero bbox=(1014,293,1116,315) mode=compact look=P2 placement=above ring=0 hardPx2=0 softPx2=0 order=1 bound=1
2026.10.06-03.42.21 TAG fighter=f-1-sk0 bbox=(1130,510,1214,532) mode=compact look=P2 placement=above ring=0 hardPx2=0 softPx2=0 order=0 bound=1
2026.10.06-03.42.21 ICON fighter=f-1-sk0 bbox=(1207,549,1239,581) size=32 src=combat anchor=right fallback=0 overlapPx2=0 texture=/Game/S08/UI/IconsV3/T_IV3_action_attack_token_32.T_IV3_action_attack_token_32
2026.10.06-03.42.21 DAMAGE fighter=f-1-sk0 bbox=(1216,507,1256,535) amount=1 seq=25 placement=right ring=0 hardPx2=0 softPx2=0
2026.10.06-03.42.21 ARTPREVIEW anim fighter=f-1-sk0 clip=Idle len=3.000 event=clipFinished loop=1 phase=0.8028 seq=-1 asset=AM_Merlin_Idle rate=1.00
2026.10.06-03.42.22 S09AUTO resolve
2026.10.06-03.42.22 TAG fighter=f-0-hero bbox=(1059,710,1152,732) mode=compact look=P1 placement=above ring=0 hardPx2=0 softPx2=0 order=5 bound=1
2026.10.06-03.42.22 TAG fighter=f-0-sk0 bbox=(509,496,593,518) mode=compact look=P1 placement=above ring=0 hardPx2=0 softPx2=0 order=3 bound=1
2026.10.06-03.42.22 TAG fighter=f-0-sk1 bbox=(396,458,480,480) mode=compact look=P1 placement=above ring=0 hardPx2=0 softPx2=0 order=2 bound=1
2026.10.06-03.42.22 TAG fighter=f-0-sk2 bbox=(308,584,392,606) mode=compact look=P1 placement=left ring=0 hardPx2=0 softPx2=0 order=4 bound=1
2026.10.06-03.42.22 TAG fighter=f-1-hero bbox=(1001,287,1103,309) mode=compact look=P2 placement=above ring=0 hardPx2=0 softPx2=0 order=1 bound=1
2026.10.06-03.42.22 TAG fighter=f-1-sk0 bbox=(1130,510,1214,532) mode=compact look=P2 placement=above ring=0 hardPx2=0 softPx2=0 order=0 bound=1
2026.10.06-03.42.22 ICON fighter=f-1-sk0 bbox=(1207,549,1239,581) size=32 src=combat anchor=right fallback=0 overlapPx2=0 texture=/Game/S08/UI/IconsV3/T_IV3_action_attack_token_32.T_IV3_action_attack_token_32
2026.10.06-03.42.22 game -> room=cmuw4tbs005wpt84mulgi3nuk code=<redacted> status=IN_PROGRESS
2026.10.06-03.42.22 CUE sound id=CUE-007 point=step subject=f-1-hero seq=22 t=54689 event_t=54689 dt=0 class=SFX sound=SW_BRD_STEP_01 gain=0.80 result=played edge=5/5 due=54679
2026.10.06-03.42.22 CUE fx done id=CUE-010 subject=scene seq=24 t=54659 ms=800 cut=0
2026.10.06-03.42.22 CUE combat seq=24 stage=pause t=54659 ms=0 skipped=1
2026.10.06-03.42.22 CUE combat seq=24 stage=lunge t=54659 attacker=f-1-sk0 rate=1.00
2026.10.06-03.42.22 SFX bank=CMB-LUNGE-MAGIC tag=lunge class=SFX t=54689 sound=SW_CMB_LUNGE_MAGIC_01 gain=0.80
2026.10.06-03.42.22 ARTPREVIEW anim fighter=f-1-sk0 clip=LungeAttack len=0.583 event=attack loop=0 phase=0.0000 seq=24 asset=AM_Merlin_LungeAttack rate=1.00
2026.10.06-03.42.22 S09AUTO resolve
2026.10.06-03.42.22 TAG fighter=f-0-hero bbox=(1059,710,1152,732) mode=compact look=P1 placement=above ring=0 hardPx2=0 softPx2=0 order=5 bound=1
2026.10.06-03.42.22 TAG fighter=f-0-sk0 bbox=(509,496,593,518) mode=compact look=P1 placement=above ring=0 hardPx2=0 softPx2=0 order=3 bound=1
2026.10.06-03.42.22 TAG fighter=f-0-sk1 bbox=(396,458,480,480) mode=compact look=P1 placement=above ring=0 hardPx2=0 softPx2=0 order=2 bound=1
2026.10.06-03.42.22 TAG fighter=f-0-sk2 bbox=(308,584,392,606) mode=compact look=P1 placement=left ring=0 hardPx2=0 softPx2=0 order=4 bound=1
2026.10.06-03.42.22 TAG fighter=f-1-hero bbox=(989,280,1091,302) mode=compact look=P2 placement=above ring=0 hardPx2=0 softPx2=0 order=1 bound=1
2026.10.06-03.42.22 TAG fighter=f-1-sk0 bbox=(1130,510,1214,532) mode=compact look=P2 placement=above ring=0 hardPx2=0 softPx2=0 order=0 bound=1
2026.10.06-03.42.22 ICON fighter=f-1-sk0 bbox=(1207,549,1239,581) size=32 src=combat anchor=right fallback=0 overlapPx2=0 texture=/Game/S08/UI/IconsV3/T_IV3_action_attack_token_32.T_IV3_action_attack_token_32
2026.10.06-03.42.22 S09AUTO resolve
2026.10.06-03.42.22 TAG fighter=f-0-hero bbox=(1059,710,1152,732) mode=compact look=P1 placement=above ring=0 hardPx2=0 softPx2=0 order=5 bound=1
2026.10.06-03.42.22 TAG fighter=f-0-sk0 bbox=(509,496,593,518) mode=compact look=P1 placement=above ring=0 hardPx2=0 softPx2=0 order=3 bound=1
2026.10.06-03.42.22 TAG fighter=f-0-sk1 bbox=(396,458,480,480) mode=compact look=P1 placement=above ring=0 hardPx2=0 softPx2=0 order=2 bound=1
2026.10.06-03.42.22 TAG fighter=f-0-sk2 bbox=(308,584,392,606) mode=compact look=P1 placement=left ring=0 hardPx2=0 softPx2=0 order=4 bound=1
2026.10.06-03.42.22 TAG fighter=f-1-hero bbox=(980,271,1082,293) mode=compact look=P2 placement=above ring=0 hardPx2=0 softPx2=0 order=1 bound=1
2026.10.06-03.42.22 TAG fighter=f-1-sk0 bbox=(1130,510,1214,532) mode=compact look=P2 placement=above ring=0 hardPx2=0 softPx2=0 order=0 bound=1
2026.10.06-03.42.22 ICON fighter=f-1-sk0 bbox=(1207,549,1239,581) size=32 src=combat anchor=right fallback=0 overlapPx2=0 texture=/Game/S08/UI/IconsV3/T_IV3_action_attack_token_32.T_IV3_action_attack_token_32
2026.10.06-03.42.22 S09AUTO resolve
2026.10.06-03.42.22 TAG fighter=f-0-hero bbox=(1059,710,1152,732) mode=compact look=P1 placement=above ring=0 hardPx2=0 softPx2=0 order=5 bound=1
2026.10.06-03.42.22 TAG fighter=f-0-sk0 bbox=(509,496,593,518) mode=compact look=P1 placement=above ring=0 hardPx2=0 softPx2=0 order=3 bound=1
2026.10.06-03.42.22 TAG fighter=f-0-sk1 bbox=(396,458,480,480) mode=compact look=P1 placement=above ring=0 hardPx2=0 softPx2=0 order=2 bound=1
2026.10.06-03.42.22 TAG fighter=f-0-sk2 bbox=(308,584,392,606) mode=compact look=P1 placement=left ring=0 hardPx2=0 softPx2=0 order=4 bound=1
2026.10.06-03.42.22 TAG fighter=f-1-hero bbox=(972,262,1074,284) mode=compact look=P2 placement=above ring=0 hardPx2=0 softPx2=0 order=1 bound=1
2026.10.06-03.42.22 TAG fighter=f-1-sk0 bbox=(1130,510,1214,532) mode=compact look=P2 placement=above ring=0 hardPx2=0 softPx2=0 order=0 bound=1
2026.10.06-03.42.22 ICON fighter=f-1-sk0 bbox=(1207,549,1239,581) size=32 src=combat anchor=right fallback=0 overlapPx2=0 texture=/Game/S08/UI/IconsV3/T_IV3_action_attack_token_32.T_IV3_action_attack_token_32
2026.10.06-03.42.22 CUE fx done id=CUE-009 subject=f-1-sk0 seq=27 t=54759 ms=500 cut=0
2026.10.06-03.42.22 S09AUTO resolve
2026.10.06-03.42.22 TAG fighter=f-0-hero bbox=(1059,710,1152,732) mode=compact look=P1 placement=above ring=0 hardPx2=0 softPx2=0 order=5 bound=1
2026.10.06-03.42.22 TAG fighter=f-0-sk0 bbox=(509,496,593,518) mode=compact look=P1 placement=above ring=0 hardPx2=0 softPx2=0 order=3 bound=1
2026.10.06-03.42.22 TAG fighter=f-0-sk1 bbox=(396,458,480,480) mode=compact look=P1 placement=above ring=0 hardPx2=0 softPx2=0 order=2 bound=1
2026.10.06-03.42.22 TAG fighter=f-0-sk2 bbox=(308,584,392,606) mode=compact look=P1 placement=left ring=0 hardPx2=0 softPx2=0 order=4 bound=1
2026.10.06-03.42.22 TAG fighter=f-1-hero bbox=(963,253,1065,275) mode=compact look=P2 placement=above ring=0 hardPx2=0 softPx2=0 order=1 bound=1
2026.10.06-03.42.22 TAG fighter=f-1-sk0 bbox=(1130,510,1214,532) mode=compact look=P2 placement=above ring=0 hardPx2=0 softPx2=0 order=0 bound=1
2026.10.06-03.42.22 ICON fighter=f-1-sk0 bbox=(1207,549,1239,581) size=32 src=combat anchor=right fallback=0 overlapPx2=0 texture=/Game/S08/UI/IconsV3/T_IV3_action_attack_token_32.T_IV3_action_attack_token_32
2026.10.06-03.42.22 S09AUTO resolve
2026.10.06-03.42.22 TAG fighter=f-0-hero bbox=(1059,710,1152,732) mode=compact look=P1 placement=above ring=0 hardPx2=0 softPx2=0 order=5 bound=1
2026.10.06-03.42.22 TAG fighter=f-0-sk0 bbox=(509,496,593,518) mode=compact look=P1 placement=above ring=0 hardPx2=0 softPx2=0 order=3 bound=1
2026.10.06-03.42.22 TAG fighter=f-0-sk1 bbox=(396,458,480,480) mode=compact look=P1 placement=above ring=0 hardPx2=0 softPx2=0 order=2 bound=1
2026.10.06-03.42.22 TAG fighter=f-0-sk2 bbox=(308,584,392,606) mode=compact look=P1 placement=left ring=0 hardPx2=0 softPx2=0 order=4 bound=1
2026.10.06-03.42.22 TAG fighter=f-1-hero bbox=(954,243,1056,265) mode=compact look=P2 placement=above ring=0 hardPx2=0 softPx2=0 order=1 bound=1
2026.10.06-03.42.22 TAG fighter=f-1-sk0 bbox=(1130,510,1214,532) mode=compact look=P2 placement=above ring=0 hardPx2=0 softPx2=0 order=0 bound=1
2026.10.06-03.42.22 ICON fighter=f-1-sk0 bbox=(1207,549,1239,581) size=32 src=combat anchor=right fallback=0 overlapPx2=0 texture=/Game/S08/UI/IconsV3/T_IV3_action_attack_token_32.T_IV3_action_attack_token_32
2026.10.06-03.42.22 S09AUTO resolve
2026.10.06-03.42.22 TAG fighter=f-0-hero bbox=(1059,710,1152,732) mode=compact look=P1 placement=above ring=0 hardPx2=0 softPx2=0 order=5 bound=1
2026.10.06-03.42.22 TAG fighter=f-0-sk0 bbox=(509,496,593,518) mode=compact look=P1 placement=above ring=0 hardPx2=0 softPx2=0 order=3 bound=1
2026.10.06-03.42.22 TAG fighter=f-0-sk1 bbox=(396,458,480,480) mode=compact look=P1 placement=above ring=0 hardPx2=0 softPx2=0 order=2 bound=1
2026.10.06-03.42.22 TAG fighter=f-0-sk2 bbox=(308,584,392,606) mode=compact look=P1 placement=left ring=0 hardPx2=0 softPx2=0 order=4 bound=1
2026.10.06-03.42.22 TAG fighter=f-1-hero bbox=(946,234,1048,256) mode=compact look=P2 placement=above ring=0 hardPx2=0 softPx2=0 order=1 bound=1
2026.10.06-03.42.22 TAG fighter=f-1-sk0 bbox=(1130,510,1214,532) mode=compact look=P2 placement=above ring=0 hardPx2=0 softPx2=0 order=0 bound=1
2026.10.06-03.42.22 ICON fighter=f-1-sk0 bbox=(1207,549,1239,581) size=32 src=combat anchor=right fallback=0 overlapPx2=0 texture=/Game/S08/UI/IconsV3/T_IV3_action_attack_token_32.T_IV3_action_attack_token_32
2026.10.06-03.42.22 S09AUTO resolve
2026.10.06-03.42.22 TAG fighter=f-0-hero bbox=(1059,710,1152,732) mode=compact look=P1 placement=above ring=0 hardPx2=0 softPx2=0 order=5 bound=1
2026.10.06-03.42.22 TAG fighter=f-0-sk0 bbox=(509,496,593,518) mode=compact look=P1 placement=above ring=0 hardPx2=0 softPx2=0 order=3 bound=1
2026.10.06-03.42.22 TAG fighter=f-0-sk1 bbox=(396,458,480,480) mode=compact look=P1 placement=above ring=0 hardPx2=0 softPx2=0 order=2 bound=1
2026.10.06-03.42.22 TAG fighter=f-0-sk2 bbox=(308,584,392,606) mode=compact look=P1 placement=left ring=0 hardPx2=0 softPx2=0 order=4 bound=1
2026.10.06-03.42.22 TAG fighter=f-1-hero bbox=(937,225,1039,247) mode=compact look=P2 placement=above ring=0 hardPx2=0 softPx2=0 order=1 bound=1
2026.10.06-03.42.22 TAG fighter=f-1-sk0 bbox=(1130,510,1214,532) mode=compact look=P2 placement=above ring=0 hardPx2=0 softPx2=0 order=0 bound=1
2026.10.06-03.42.22 ICON fighter=f-1-sk0 bbox=(1207,549,1239,581) size=32 src=combat anchor=right fallback=0 overlapPx2=0 texture=/Game/S08/UI/IconsV3/T_IV3_action_attack_token_32.T_IV3_action_attack_token_32
2026.10.06-03.42.22 S09AUTO resolve
2026.10.06-03.42.22 TAG fighter=f-0-hero bbox=(1059,710,1152,732) mode=compact look=P1 placement=above ring=0 hardPx2=0 softPx2=0 order=5 bound=1
2026.10.06-03.42.22 TAG fighter=f-0-sk0 bbox=(509,496,593,518) mode=compact look=P1 placement=above ring=0 hardPx2=0 softPx2=0 order=3 bound=1
2026.10.06-03.42.22 TAG fighter=f-0-sk1 bbox=(396,458,480,480) mode=compact look=P1 placement=above ring=0 hardPx2=0 softPx2=0 order=2 bound=1
2026.10.06-03.42.22 TAG fighter=f-0-sk2 bbox=(308,584,392,606) mode=compact look=P1 placement=left ring=0 hardPx2=0 softPx2=0 order=4 bound=1
2026.10.06-03.42.22 TAG fighter=f-1-hero bbox=(929,216,1031,238) mode=compact look=P2 placement=above ring=0 hardPx2=0 softPx2=0 order=1 bound=1
2026.10.06-03.42.22 TAG fighter=f-1-sk0 bbox=(1130,510,1214,532) mode=compact look=P2 placement=above ring=0 hardPx2=0 softPx2=0 order=0 bound=1
2026.10.06-03.42.22 ICON fighter=f-1-sk0 bbox=(1207,549,1239,581) size=32 src=combat anchor=right fallback=0 overlapPx2=0 texture=/Game/S08/UI/IconsV3/T_IV3_action_attack_token_32.T_IV3_action_attack_token_32
2026.10.06-03.42.22 S09AUTO resolve
2026.10.06-03.42.22 TAG fighter=f-0-hero bbox=(1059,710,1152,732) mode=compact look=P1 placement=above ring=0 hardPx2=0 softPx2=0 order=5 bound=1
2026.10.06-03.42.22 TAG fighter=f-0-sk0 bbox=(509,496,593,518) mode=compact look=P1 placement=above ring=0 hardPx2=0 softPx2=0 order=3 bound=1
2026.10.06-03.42.22 TAG fighter=f-0-sk1 bbox=(396,458,480,480) mode=compact look=P1 placement=above ring=0 hardPx2=0 softPx2=0 order=2 bound=1
2026.10.06-03.42.22 TAG fighter=f-0-sk2 bbox=(308,584,392,606) mode=compact look=P1 placement=left ring=0 hardPx2=0 softPx2=0 order=4 bound=1
2026.10.06-03.42.22 TAG fighter=f-1-hero bbox=(920,207,1022,229) mode=compact look=P2 placement=above ring=0 hardPx2=0 softPx2=0 order=1 bound=1
2026.10.06-03.42.22 TAG fighter=f-1-sk0 bbox=(1130,510,1214,532) mode=compact look=P2 placement=above ring=0 hardPx2=0 softPx2=0 order=0 bound=1
2026.10.06-03.42.22 ICON fighter=f-1-sk0 bbox=(1207,549,1239,581) size=32 src=combat anchor=right fallback=0 overlapPx2=0 texture=/Game/S08/UI/IconsV3/T_IV3_action_attack_token_32.T_IV3_action_attack_token_32
2026.10.06-03.42.22 S09AUTO resolve
2026.10.06-03.42.22 TAG fighter=f-0-hero bbox=(1059,710,1152,732) mode=compact look=P1 placement=above ring=0 hardPx2=0 softPx2=0 order=5 bound=1
2026.10.06-03.42.22 TAG fighter=f-0-sk0 bbox=(509,496,593,518) mode=compact look=P1 placement=above ring=0 hardPx2=0 softPx2=0 order=3 bound=1
2026.10.06-03.42.22 TAG fighter=f-0-sk1 bbox=(396,458,480,480) mode=compact look=P1 placement=above ring=0 hardPx2=0 softPx2=0 order=2 bound=1
2026.10.06-03.42.22 TAG fighter=f-0-sk2 bbox=(308,584,392,606) mode=compact look=P1 placement=left ring=0 hardPx2=0 softPx2=0 order=4 bound=1
2026.10.06-03.42.22 TAG fighter=f-1-hero bbox=(919,207,1021,229) mode=compact look=P2 placement=above ring=0 hardPx2=0 softPx2=0 order=1 bound=1
2026.10.06-03.42.22 TAG fighter=f-1-sk0 bbox=(1130,510,1214,532) mode=compact look=P2 placement=above ring=0 hardPx2=0 softPx2=0 order=0 bound=1
2026.10.06-03.42.22 ICON fighter=f-1-sk0 bbox=(1207,549,1239,581) size=32 src=combat anchor=right fallback=0 overlapPx2=0 texture=/Game/S08/UI/IconsV3/T_IV3_action_attack_token_32.T_IV3_action_attack_token_32
2026.10.06-03.42.22 CUE combat seq=24 stage=contact t=54992 offset=333 window=900 src=notify
2026.10.06-03.42.22 CUE fx id=CUE-011 subject=f-0-hero seq=24 t=54992 vfx=missing sfx=missing clip=missing mat=FxFlash socket=Head reduced=0 result=fallback
2026.10.06-03.42.22 CUE combat seq=24 stage=hit t=54992 target=f-0-hero tint=450
2026.10.06-03.42.22 ARTPREVIEW anim fighter=f-0-hero clip=HitReact len=0.417 event=damaged loop=0 phase=0.0000 seq=24 asset=AM_Medusa_HitReact rate=1.00
2026.10.06-03.42.22 ARTPREVIEW hit-tint fighter=f-0-hero ms=450
2026.10.06-03.42.22 VO event=HURT speaker=MEDUSA t=55023 result=skipped line=- prio=3 reason=cooldown
2026.10.06-03.42.22 MUSIC state=final_stand theme=MUS-MAP-SARPEDON t=55023
2026.10.06-03.42.22 VO event=LOW-HP speaker=MEDUSA t=55023 result=played line=MEDUSA-LOW-HP-01 prio=1
2026.10.06-03.42.22 VO subtitle line=MEDUSA-LOW-HP-01 until=58528
2026.10.06-03.42.22 S09AUTO resolve
2026.10.06-03.42.22 CUE sound id=CUE-011 point=hit subject=f-0-hero seq=24 t=55023 event_t=55023 dt=0 class=SFX sound=SW_CMB_HIT_MAGIC_03 gain=0.80 result=played bank=CMB-HIT-MAGIC due=54992
2026.10.06-03.42.22 CUE combat seq=24 stage=minus t=55052 amount=3 life=900
2026.10.06-03.42.22 ARTPREVIEW damage-number fighter=f-0-hero amount=3 seq=24 cell=(5,5)
2026.10.06-03.42.22 S09AUTO resolve
2026.10.06-03.42.22 TAG fighter=f-0-hero bbox=(1059,710,1152,732) mode=compact look=P1 placement=above ring=0 hardPx2=0 softPx2=0 order=1 bound=1
2026.10.06-03.42.22 TAG fighter=f-0-sk0 bbox=(509,496,593,518) mode=compact look=P1 placement=above ring=0 hardPx2=0 softPx2=0 order=4 bound=1
2026.10.06-03.42.22 TAG fighter=f-0-sk1 bbox=(396,458,480,480) mode=compact look=P1 placement=above ring=0 hardPx2=0 softPx2=0 order=3 bound=1
2026.10.06-03.42.22 TAG fighter=f-0-sk2 bbox=(308,584,392,606) mode=compact look=P1 placement=left ring=0 hardPx2=0 softPx2=0 order=5 bound=1
2026.10.06-03.42.22 TAG fighter=f-1-hero bbox=(919,207,1021,229) mode=compact look=P2 placement=above ring=0 hardPx2=0 softPx2=0 order=2 bound=1
2026.10.06-03.42.22 TAG fighter=f-1-sk0 bbox=(1130,510,1214,532) mode=compact look=P2 placement=above ring=0 hardPx2=0 softPx2=0 order=0 bound=1
2026.10.06-03.42.22 ICON fighter=f-1-sk0 bbox=(1207,549,1239,581) size=32 src=combat anchor=right fallback=0 overlapPx2=0 texture=/Game/S08/UI/IconsV3/T_IV3_action_attack_token_32.T_IV3_action_attack_token_32
2026.10.06-03.42.22 DAMAGE fighter=f-0-hero bbox=(1154,707,1194,735) amount=3 seq=24 placement=right ring=0 hardPx2=0 softPx2=0
2026.10.06-03.42.22 CUE combat seq=24 stage=hp t=55072 from=7 to=4
2026.10.06-03.42.22 ARTPREVIEW fighter=Medusa hero=1 eligible=0 visual=1 mesh=SK_Medusa_H2LD
2026.10.06-03.42.22 S09AUTO resolve
2026.10.06-03.42.22 TAG fighter=f-0-hero bbox=(1059,710,1152,732) mode=compact look=P1 placement=above ring=0 hardPx2=0 softPx2=0 order=1 bound=1
2026.10.06-03.42.22 TAG fighter=f-0-sk0 bbox=(509,496,593,518) mode=compact look=P1 placement=above ring=0 hardPx2=0 softPx2=0 order=4 bound=1
2026.10.06-03.42.22 TAG fighter=f-0-sk1 bbox=(396,458,480,480) mode=compact look=P1 placement=above ring=0 hardPx2=0 softPx2=0 order=3 bound=1
2026.10.06-03.42.22 TAG fighter=f-0-sk2 bbox=(308,584,392,606) mode=compact look=P1 placement=left ring=0 hardPx2=0 softPx2=0 order=5 bound=1
2026.10.06-03.42.22 TAG fighter=f-1-hero bbox=(919,207,1021,229) mode=compact look=P2 placement=above ring=0 hardPx2=0 softPx2=0 order=2 bound=1
2026.10.06-03.42.22 TAG fighter=f-1-sk0 bbox=(1130,510,1214,532) mode=compact look=P2 placement=above ring=0 hardPx2=0 softPx2=0 order=0 bound=1
2026.10.06-03.42.22 ICON fighter=f-1-sk0 bbox=(1207,549,1239,581) size=32 src=combat anchor=right fallback=0 overlapPx2=0 texture=/Game/S08/UI/IconsV3/T_IV3_action_attack_token_32.T_IV3_action_attack_token_32
2026.10.06-03.42.22 HUD-HEART side=opp hero=f-0-hero hp=4/16 anim=damage glow=1 played=1
2026.10.06-03.42.22 S09AUTO resolve
2026.10.06-03.42.22 S09AUTO resolve
2026.10.06-03.42.22 S09AUTO resolve
2026.10.06-03.42.22 S09AUTO resolve
2026.10.06-03.42.22 S09AUTO resolve
2026.10.06-03.42.22 S09AUTO resolve
2026.10.06-03.42.22 ARTPREVIEW anim fighter=f-1-sk0 clip=Idle len=3.000 event=clipFinished loop=1 phase=0.8028 seq=-1 asset=AM_Merlin_Idle rate=1.00
2026.10.06-03.42.22 S09AUTO resolve
2026.10.06-03.42.22 S09AUTO resolve
2026.10.06-03.42.22 S09AUTO resolve
2026.10.06-03.42.22 S09AUTO resolve
2026.10.06-03.42.22 S09AUTO resolve
2026.10.06-03.42.22 ARTPREVIEW anim fighter=f-0-hero clip=Idle len=2.333 event=clipFinished loop=1 phase=0.8071 seq=-1 asset=AM_Medusa_Idle rate=1.00
2026.10.06-03.42.22 S09AUTO resolve
2026.10.06-03.42.22 S09AUTO resolve
2026.10.06-03.42.22 S09AUTO resolve
2026.10.06-03.42.22 S09AUTO resolve
2026.10.06-03.42.22 S09AUTO resolve
2026.10.06-03.42.23 S09AUTO resolve
2026.10.06-03.42.23 S09AUTO resolve
2026.10.06-03.42.23 S09AUTO resolve
2026.10.06-03.42.23 S09AUTO resolve
2026.10.06-03.42.23 S09AUTO resolve
2026.10.06-03.42.23 S09AUTO resolve
2026.10.06-03.42.23 S09AUTO resolve
2026.10.06-03.42.23 S09AUTO resolve
2026.10.06-03.42.23 CUE fx done id=CUE-011 subject=f-0-hero seq=24 t=55892 ms=900 cut=0
2026.10.06-03.42.23 CUE combat seq=24 stage=end t=55892 total=2633 skipped=1 cut=0
2026.10.06-03.42.23 ARTPREVIEW fighter=Medusa hero=1 eligible=0 visual=1 mesh=SK_Medusa_H2LD
2026.10.06-03.42.23 S09AUTO resolve
2026.10.06-03.42.23 S09AUTO resolve
2026.10.06-03.42.23 S09AUTO resolve
2026.10.06-03.42.23 TAG fighter=f-0-hero bbox=(1059,710,1152,732) mode=compact look=P1 placement=above ring=0 hardPx2=0 softPx2=0 order=5 bound=1
2026.10.06-03.42.23 TAG fighter=f-0-sk0 bbox=(509,496,593,518) mode=compact look=P1 placement=above ring=0 hardPx2=0 softPx2=0 order=3 bound=1
2026.10.06-03.42.23 TAG fighter=f-0-sk1 bbox=(396,458,480,480) mode=compact look=P1 placement=above ring=0 hardPx2=0 softPx2=0 order=2 bound=1
2026.10.06-03.42.23 TAG fighter=f-0-sk2 bbox=(308,584,392,606) mode=compact look=P1 placement=left ring=0 hardPx2=0 softPx2=0 order=4 bound=1
2026.10.06-03.42.23 TAG fighter=f-1-hero bbox=(919,207,1021,229) mode=compact look=P2 placement=above ring=0 hardPx2=0 softPx2=0 order=1 bound=1
2026.10.06-03.42.23 TAG fighter=f-1-sk0 bbox=(1130,510,1214,532) mode=compact look=P2 placement=above ring=0 hardPx2=0 softPx2=0 order=0 bound=1
2026.10.06-03.42.23 ICON fighter=f-1-sk0 bbox=(1207,549,1239,581) size=32 src=combat anchor=right fallback=0 overlapPx2=0 texture=/Game/S08/UI/IconsV3/T_IV3_action_attack_token_32.T_IV3_action_attack_token_32
2026.10.06-03.42.23 S09AUTO resolve
2026.10.06-03.42.23 S09AUTO resolve
2026.10.06-03.42.23 S09AUTO resolve
2026.10.06-03.42.23 S09AUTO resolve
2026.10.06-03.42.23 S09AUTO resolve
2026.10.06-03.42.23 S09AUTO resolve
2026.10.06-03.42.23 S09AUTO resolve
2026.10.06-03.42.23 S09AUTO resolve
2026.10.06-03.42.23 S09AUTO resolve
2026.10.06-03.42.23 S09AUTO resolve
2026.10.06-03.42.23 S09AUTO resolve
2026.10.06-03.42.23 S09AUTO resolve
2026.10.06-03.42.23 S09AUTO resolve
2026.10.06-03.42.23 S09AUTO resolve
2026.10.06-03.42.23 S09AUTO resolve
2026.10.06-03.42.23 S09AUTO resolve
2026.10.06-03.42.23 S09AUTO resolve
2026.10.06-03.42.23 S09AUTO resolve
2026.10.06-03.42.23 S09AUTO resolve
2026.10.06-03.42.24 S09AUTO resolve
2026.10.06-03.42.24 S09AUTO resolve
2026.10.06-03.42.24 S09AUTO resolve
2026.10.06-03.42.24 S09AUTO resolve
2026.10.06-03.42.24 S09AUTO resolve
2026.10.06-03.42.24 S09AUTO resolve
2026.10.06-03.42.24 S09AUTO resolve
2026.10.06-03.42.24 S09AUTO resolve
2026.10.06-03.42.24 S09AUTO resolve
2026.10.06-03.42.24 S09AUTO resolve
2026.10.06-03.42.24 S09AUTO resolve
2026.10.06-03.42.24 S09AUTO resolve
2026.10.06-03.42.24 S09AUTO resolve
2026.10.06-03.42.24 S09AUTO resolve
2026.10.06-03.42.24 S09AUTO resolve
2026.10.06-03.42.24 S09AUTO resolve
2026.10.06-03.42.24 S09AUTO resolve
2026.10.06-03.42.24 S09AUTO resolve
2026.10.06-03.42.24 S09AUTO resolve
2026.10.06-03.42.24 S09AUTO resolve
2026.10.06-03.42.24 S09AUTO resolve
2026.10.06-03.42.24 S09AUTO resolve
2026.10.06-03.42.24 S09AUTO resolve
2026.10.06-03.42.24 S09AUTO resolve
2026.10.06-03.42.24 S09AUTO resolve
2026.10.06-03.42.24 S09AUTO resolve
2026.10.06-03.42.24 S09AUTO resolve
2026.10.06-03.42.24 S09AUTO resolve
2026.10.06-03.42.24 S09AUTO resolve
2026.10.06-03.42.24 S09AUTO resolve
2026.10.06-03.42.25 S09AUTO resolve
2026.10.06-03.42.25 game -> room=cmuw4tbs005wpt84mulgi3nuk code=<redacted> status=IN_PROGRESS
2026.10.06-03.42.25 S09AUTO resolve
2026.10.06-03.42.25 S09AUTO resolve
2026.10.06-03.42.25 S09AUTO resolve
2026.10.06-03.42.25 S09AUTO resolve
2026.10.06-03.42.25 S09AUTO resolve
2026.10.06-03.42.25 S09AUTO resolve
2026.10.06-03.42.25 S09AUTO resolve
2026.10.06-03.42.25 S09AUTO resolve
2026.10.06-03.42.25 S09AUTO resolve
2026.10.06-03.42.25 S09AUTO resolve
2026.10.06-03.42.25 S09AUTO resolve
2026.10.06-03.42.25 S09AUTO resolve
2026.10.06-03.42.25 S09AUTO resolve
2026.10.06-03.42.25 S09AUTO resolve
2026.10.06-03.42.25 S09AUTO resolve
2026.10.06-03.42.25 S09AUTO resolve
2026.10.06-03.42.25 S09AUTO resolve
2026.10.06-03.42.25 S09AUTO resolve
2026.10.06-03.42.25 S09AUTO resolve
2026.10.06-03.42.25 S09AUTO resolve
2026.10.06-03.42.25 S09AUTO resolve
2026.10.06-03.42.25 S09AUTO resolve
2026.10.06-03.42.25 S09AUTO resolve
2026.10.06-03.42.25 S09AUTO resolve
2026.10.06-03.42.25 S09AUTO resolve
2026.10.06-03.42.25 S09AUTO resolve
2026.10.06-03.42.25 S09AUTO resolve
2026.10.06-03.42.25 S09AUTO resolve
2026.10.06-03.42.25 SNAPSHOT applied seq=28 phase=ACTION_MANEUVER
2026.10.06-03.42.25 HANDLE_APPLIED #37 seq=28 decision=2 fightersValid=1 boardValid=1
2026.10.06-03.42.25 COMBAT-RESULT seq=28 damage=6 role=defended
2026.10.06-03.42.25 COMBAT-LOG seq=28 log=28 n=6 entries=1 lines=1 src=log outcomes=CHOICE:1
2026.10.06-03.42.25 AUDIO combat seq=28 boosts=0 cancelled=0 own=1 fizzle=0
2026.10.06-03.42.25 CUE combat seq=28 stage=start t=58589 attacker=f-0-hero target=f-1-sk0 text=1 lines=1 damage=6 lethal=1 shown=0 speed=1.00 flip=620 contact=333 src=notify a=3 d=0 outcome=win
2026.10.06-03.42.25 CUE fx id=CUE-010 subject=scene seq=28 t=58589 vfx=none sfx=missing clip=none mat=none socket=- reduced=0 result=fallback
2026.10.06-03.42.25 CUE sound id=CUE-010 point=cue subject=card.attack seq=28 t=58589 event_t=58589 dt=0 class=SFX sound=SW_CRD_FLIP_01 gain=0.80 result=played
2026.10.06-03.42.25 CUE sound id=CUE-010 point=cue subject=card.defense seq=28 t=58589 event_t=58589 dt=0 class=SFX sound=SW_CMB_NO_DEFENSE_01 gain=0.80 result=played bank=CMB-NO-DEFENSE
2026.10.06-03.42.25 HUD-STAMP no-defense seq=28 target=f-1-sk0 icon=marker-x-stamp
2026.10.06-03.42.25 closed mode=
2026.10.06-03.42.25 MODE seq=28 mode=0 combat=0 pending=0
2026.10.06-03.42.25 MS-OPP verb=turn seq=28
2026.10.06-03.42.25 HUD seq=28 phase=ACTION_MANEUVER turn=opp hand=0 oppHand=3(hidden) oppDeck=22~ deck=24~ discard=6
2026.10.06-03.42.25 MS-STATUS seq=28 text="Medusa — Opponent is choosing an action"
2026.10.06-03.42.25 ARTPREVIEW fighter=Medusa hero=1 eligible=0 visual=1 mesh=SK_Medusa_H2LD
2026.10.06-03.42.25 FIGHTERS synced n=6 alive=5 own=1 enemy=4
2026.10.06-03.42.25 CUE damage f-1-sk0 -6 seq=28 staged=contact
2026.10.06-03.42.25 WS seq=28 phase=ACTION_MANEUVER (apply)
2026.10.06-03.42.25 S09AUTO drive mode=0 plan=[attack+abilityboost+scheme+storms+defend+resolve] phase=ACTION_MANEUVER turn=cmuhntivg0000wib0anhqyswc
2026.10.06-03.42.25 TAG fighter=f-0-hero bbox=(1059,710,1152,732) mode=compact look=P1 placement=above ring=0 hardPx2=0 softPx2=0 order=4 bound=1
2026.10.06-03.42.25 TAG fighter=f-0-sk0 bbox=(509,496,593,518) mode=compact look=P1 placement=above ring=0 hardPx2=0 softPx2=0 order=2 bound=1
2026.10.06-03.42.25 TAG fighter=f-0-sk1 bbox=(396,458,480,480) mode=compact look=P1 placement=above ring=0 hardPx2=0 softPx2=0 order=1 bound=1
2026.10.06-03.42.25 TAG fighter=f-0-sk2 bbox=(308,584,392,606) mode=compact look=P1 placement=left ring=0 hardPx2=0 softPx2=0 order=3 bound=1
2026.10.06-03.42.25 TAG fighter=f-1-hero bbox=(919,207,1021,229) mode=compact look=P2 placement=above ring=0 hardPx2=0 softPx2=0 order=0 bound=1
2026.10.06-03.42.25 HUD icon hidden fighter=f-1-sk0
2026.10.06-03.42.26 TAG fighter=f-0-hero bbox=(1059,710,1152,732) mode=compact look=P1 placement=above ring=0 hardPx2=0 softPx2=0 order=4 bound=1
2026.10.06-03.42.26 TAG fighter=f-0-sk0 bbox=(509,496,593,518) mode=compact look=P1 placement=above ring=0 hardPx2=0 softPx2=0 order=2 bound=1
2026.10.06-03.42.26 TAG fighter=f-0-sk1 bbox=(396,458,480,480) mode=compact look=P1 placement=above ring=0 hardPx2=0 softPx2=0 order=1 bound=1
2026.10.06-03.42.26 TAG fighter=f-0-sk2 bbox=(308,584,392,606) mode=compact look=P1 placement=left ring=0 hardPx2=0 softPx2=0 order=3 bound=1
2026.10.06-03.42.26 TAG fighter=f-1-hero bbox=(919,207,1021,229) mode=compact look=P2 placement=above ring=0 hardPx2=0 softPx2=0 order=0 bound=1
2026.10.06-03.42.26 SNAPSHOT applied seq=29 phase=ACTION_MANEUVER
2026.10.06-03.42.26 HANDLE_APPLIED #38 seq=29 decision=2 fightersValid=1 boardValid=1
2026.10.06-03.42.26 MODE seq=29 mode=0 combat=0 pending=0
2026.10.06-03.42.26 MS-OPP verb=maneuver seq=29
2026.10.06-03.42.26 MS-TRACK own=0/2 opp=2/2 oppVisible=1 seq=29
2026.10.06-03.42.26 MS-OPP planning=1 seq=29
2026.10.06-03.42.26 CUE sound id=CUE-005 point=cue subject=hand.opp seq=29 t=58723 event_t=58723 dt=0 class=SFX sound=SW_CRD_DRAW_03 gain=0.80 result=played
2026.10.06-03.42.26 HUD seq=29 phase=ACTION_MANEUVER turn=opp hand=0 oppHand=4(hidden) oppDeck=22~ deck=24~ discard=6
2026.10.06-03.42.26 MS-STATUS seq=29 text="Medusa — Opponent is planning a maneuver"
2026.10.06-03.42.26 ARTPREVIEW fighter=Medusa hero=1 eligible=0 visual=1 mesh=SK_Medusa_H2LD
2026.10.06-03.42.26 FIGHTERS synced n=6 alive=5 own=1 enemy=4
2026.10.06-03.42.26 WS seq=29 phase=ACTION_MANEUVER (apply)
2026.10.06-03.42.26 HUD-TRACK own=0/2 server=0 local=0 opp=2/2 oppVisible=1 anim=-/spend seq=29 frame=1642
2026.10.06-03.42.26 SNAPSHOT applied seq=30 phase=ACTION_MANEUVER
2026.10.06-03.42.26 HANDLE_APPLIED #39 seq=30 decision=2 fightersValid=1 boardValid=1
2026.10.06-03.42.26 TURN-INPUT open seq=30 frame=1646 gate=none
2026.10.06-03.42.26 MODE seq=30 mode=0 combat=0 pending=0
2026.10.06-03.42.26 MS-OPP verb=none seq=30
2026.10.06-03.42.26 MS-TRACK own=0/2 opp=0/2 oppVisible=0 seq=30
2026.10.06-03.42.26 MS-OPP planning=0 seq=30
2026.10.06-03.42.26 MS-LAST enter seq=30 player=cmuhntivg0000wib0anhqyswc source=MANEUVER moves=1 boost=-1
2026.10.06-03.42.26 CUE sound id=CUE-015 point=turn subject=- seq=30 t=58889 event_t=58889 dt=0 class=UI sound=SW_UI_TURN_CHIME_01 gain=0.80 result=played turn=own
2026.10.06-03.42.26 VO event=TURN-START speaker=ARTHUR t=58889 result=skipped line=- prio=4 reason=chance
2026.10.06-03.42.26 HUD-TURN seq=30 turn=own initial=0 ring=marker-turn-ring flash=1000 banner=600 reduced=0
2026.10.06-03.42.26 HUD seq=30 phase=ACTION_MANEUVER turn=you hand=0 oppHand=4(hidden) oppDeck=22~ deck=24~ discard=6
2026.10.06-03.42.26 MS-STATUS seq=30 text="Choose an action: maneuver (M), attack (A) or scheme (G)"
2026.10.06-03.42.26 ARTPREVIEW heroesV2 fighter=f-0-hero mesh=/Game/PipelineCandidates/Medusa/H2LD/Meshes/SK_Medusa_H2LD mi=/Game/PipelineCandidates/Medusa/H2LD/Materials/MI_Medusa_H2LD_P1 yaw=90.0 scale=0.9998 name=Medusa hero=1 look=P1 base=/Game/PipelineCandidates/Medusa/H2LD/Meshes/SM_Medusa_H2LD_Base baseMi=/Game/PipelineCandidates/Medusa/H2LD/Materials/MI_Medusa_H2LD_Base_P1 skeleton=/Game/PipelineCandidates/Medusa/Rig/SK_Medusa_Skeleton.SK_Medusa_Skeleton clips=4/4 boundsTop=55.00 figureTop=55.00 budget=55.0
2026.10.06-03.42.26 ARTPREVIEW fighter=Medusa hero=1 eligible=0 visual=1 mesh=SK_Medusa_H2LD
2026.10.06-03.42.26 FIGHTERS synced n=6 alive=5 own=1 enemy=4
2026.10.06-03.42.26 MS-CUE move seq=30 fighter=f-0-hero order=0 of=1 kind=move steps=3 source=trail start=0 ms=840 snapped=0 path=S36>S35>S31>S21 speed=normal reduced=0
2026.10.06-03.42.26 CUE sound id=CUE-007 point=step subject=f-0-hero seq=30 t=58889 event_t=58889 dt=0 class=SFX sound=SW_BRD_STEP_02 gain=0.80 result=played edge=1/3 due=58889
2026.10.06-03.42.26 MS-ANIM play seq=30 moves=1 animated=1 speed=normal reduced=0 end=990
2026.10.06-03.42.26 CUE move f-0-hero (5,5)->(3,2) seq=30
2026.10.06-03.42.26 WS seq=30 phase=ACTION_MANEUVER (apply)
2026.10.06-03.42.26 HUD-TRACK own=0/2 server=0 local=0 opp=0/2 oppVisible=0 anim=reset/reset seq=30 frame=1647
2026.10.06-03.42.26 S09AUTO own turn #2 (turnCount=6)
2026.10.06-03.42.26 HUD-TRACK chosen=maneuver seq=30 spent=0
2026.10.06-03.42.26 MS-STATUS seq=30 text="Syncing…"
2026.10.06-03.42.26 TOAST text="begin maneuver sent (server draws 1 card)"
2026.10.06-03.42.26 TAG fighter=f-0-hero bbox=(1044,704,1137,726) mode=compact look=P1 placement=above ring=0 hardPx2=0 softPx2=0 order=4 bound=1
2026.10.06-03.42.26 TAG fighter=f-0-sk0 bbox=(509,496,593,518) mode=compact look=P1 placement=above ring=0 hardPx2=0 softPx2=0 order=2 bound=1
2026.10.06-03.42.26 TAG fighter=f-0-sk1 bbox=(396,458,480,480) mode=compact look=P1 placement=above ring=0 hardPx2=0 softPx2=0 order=1 bound=1
2026.10.06-03.42.26 TAG fighter=f-0-sk2 bbox=(308,584,392,606) mode=compact look=P1 placement=left ring=0 hardPx2=0 softPx2=0 order=3 bound=1
2026.10.06-03.42.26 TAG fighter=f-1-hero bbox=(919,207,1021,229) mode=compact look=P2 placement=above ring=0 hardPx2=0 softPx2=0 order=0 bound=1
2026.10.06-03.42.26 HUD-TRACK own=1/2 server=0 local=1 opp=0/2 oppVisible=0 anim=spend/- seq=30 frame=1648
2026.10.06-03.42.26 TAG fighter=f-0-hero bbox=(1029,697,1122,719) mode=compact look=P1 placement=above ring=0 hardPx2=0 softPx2=0 order=4 bound=1
2026.10.06-03.42.26 TAG fighter=f-0-sk0 bbox=(509,496,593,518) mode=compact look=P1 placement=above ring=0 hardPx2=0 softPx2=0 order=2 bound=1
2026.10.06-03.42.26 TAG fighter=f-0-sk1 bbox=(396,458,480,480) mode=compact look=P1 placement=above ring=0 hardPx2=0 softPx2=0 order=1 bound=1
2026.10.06-03.42.26 TAG fighter=f-0-sk2 bbox=(308,584,392,606) mode=compact look=P1 placement=left ring=0 hardPx2=0 softPx2=0 order=3 bound=1
2026.10.06-03.42.26 TAG fighter=f-1-hero bbox=(919,207,1021,229) mode=compact look=P2 placement=above ring=0 hardPx2=0 softPx2=0 order=0 bound=1
2026.10.06-03.42.26 TAG fighter=f-0-hero bbox=(1015,690,1108,712) mode=compact look=P1 placement=above ring=0 hardPx2=0 softPx2=0 order=4 bound=1
2026.10.06-03.42.26 TAG fighter=f-0-sk0 bbox=(509,496,593,518) mode=compact look=P1 placement=above ring=0 hardPx2=0 softPx2=0 order=2 bound=1
2026.10.06-03.42.26 TAG fighter=f-0-sk1 bbox=(396,458,480,480) mode=compact look=P1 placement=above ring=0 hardPx2=0 softPx2=0 order=1 bound=1
2026.10.06-03.42.26 TAG fighter=f-0-sk2 bbox=(308,584,392,606) mode=compact look=P1 placement=left ring=0 hardPx2=0 softPx2=0 order=3 bound=1
2026.10.06-03.42.26 TAG fighter=f-1-hero bbox=(919,207,1021,229) mode=compact look=P2 placement=above ring=0 hardPx2=0 softPx2=0 order=0 bound=1
2026.10.06-03.42.26 TAG fighter=f-0-hero bbox=(1000,684,1093,706) mode=compact look=P1 placement=above ring=0 hardPx2=0 softPx2=0 order=4 bound=1
2026.10.06-03.42.26 TAG fighter=f-0-sk0 bbox=(509,496,593,518) mode=compact look=P1 placement=above ring=0 hardPx2=0 softPx2=0 order=2 bound=1
2026.10.06-03.42.26 TAG fighter=f-0-sk1 bbox=(396,458,480,480) mode=compact look=P1 placement=above ring=0 hardPx2=0 softPx2=0 order=1 bound=1
2026.10.06-03.42.26 TAG fighter=f-0-sk2 bbox=(308,584,392,606) mode=compact look=P1 placement=left ring=0 hardPx2=0 softPx2=0 order=3 bound=1
2026.10.06-03.42.26 TAG fighter=f-1-hero bbox=(919,207,1021,229) mode=compact look=P2 placement=above ring=0 hardPx2=0 softPx2=0 order=0 bound=1
2026.10.06-03.42.26 SNAPSHOT applied seq=31 phase=ACTION_MANEUVER
2026.10.06-03.42.26 HANDLE_APPLIED #40 seq=31 decision=2 fightersValid=1 boardValid=1
2026.10.06-03.42.26 MS-DRAFT op=candidates rev=2 src=snapshot n=1 ids=f-1-hero autoselect=f-1-hero
2026.10.06-03.42.26 MANEUVER-DRAFT mode=maneuver:6:30
2026.10.06-03.42.26 DRAFT-OPEN draw committed (resume instead of begin)
2026.10.06-03.42.26 MODE seq=31 mode=1 combat=0 pending=0
2026.10.06-03.42.26 MS-TRACK own=1/2 opp=0/2 oppVisible=0 seq=31
2026.10.06-03.42.26 CUE sound id=CUE-005 point=cue subject=hand.own seq=31 t=59023 event_t=59023 dt=0 class=SFX sound=SW_CRD_DRAW_01 gain=0.80 result=played
2026.10.06-03.42.26 HUD seq=31 phase=ACTION_MANEUVER turn=you hand=1 oppHand=4(hidden) oppDeck=21 deck=23 discard=6
2026.10.06-03.42.26 MS-STATUS seq=31 text="Choose a space for King Arthur; Enter confirms the maneuver"
2026.10.06-03.42.26 ARTPREVIEW fighter=Medusa hero=1 eligible=0 visual=1 mesh=SK_Medusa_H2LD
2026.10.06-03.42.26 FIGHTERS synced n=6 alive=5 own=1 enemy=4
2026.10.06-03.42.26 ARTPREVIEW selection ring shown fighter=King Arthur mesh=SM_Marker_SelectionRing
2026.10.06-03.42.26 ARTPREVIEW hero-light fighter=f-1-hero state=active layers=2 lightsOn=2 keyCd=23.992 rimCd=2.038 mul=1.119 pulse=0.40Hz+-4%
2026.10.06-03.42.26 ARTPREVIEW reachable rings cells=6 placed=1 radiusUU=36 segments=48 style=readability color=#FFC857 stroke=#14110C widthUU=3.50 strokeUU=1.50
2026.10.06-03.42.26 MANEUVER begin seq=31 (apply) pending=maneuver:6:30
2026.10.06-03.42.26 SNAPSHOT applied seq=31 phase=ACTION_MANEUVER
2026.10.06-03.42.26 HANDLE_APPLIED #41 seq=31 decision=1 fightersValid=1 boardValid=1
2026.10.06-03.42.26 MODE seq=31 mode=1 combat=0 pending=0
2026.10.06-03.42.26 HUD seq=31 phase=ACTION_MANEUVER turn=you hand=1 oppHand=4(hidden) oppDeck=21 deck=23 discard=6
2026.10.06-03.42.26 ARTPREVIEW fighter=Medusa hero=1 eligible=0 visual=1 mesh=SK_Medusa_H2LD
2026.10.06-03.42.26 ARTPREVIEW selection ring shown fighter=King Arthur mesh=SM_Marker_SelectionRing
2026.10.06-03.42.26 FIGHTERS synced n=6 alive=5 own=1 enemy=4
2026.10.06-03.42.26 ARTPREVIEW selection ring shown fighter=King Arthur mesh=SM_Marker_SelectionRing
2026.10.06-03.42.26 ARTPREVIEW reachable rings cells=6 placed=1 radiusUU=36 segments=48 style=readability color=#FFC857 stroke=#14110C widthUU=3.50 strokeUU=1.50
2026.10.06-03.42.26 WS seq=31 phase=ACTION_MANEUVER (merge)
2026.10.06-03.42.26 HUD-TRACK own=1/2 server=1 local=0 opp=0/2 oppVisible=0 anim=-/- seq=31 frame=1651
2026.10.06-03.42.26 HUD-HAND lower=1 pick=cell cursor=board preview=hidden seq=31
2026.10.06-03.42.26 S09AUTO drive mode=1 plan=[attack+abilityboost+scheme+storms+defend+resolve] phase=ACTION_MANEUVER turn=cmuhntiwu0001wib0z281rpa8
2026.10.06-03.42.26 HUD plate content fighter=f-1-hero name=King Arthur hp=13/18 team=own statuses=HERO  |  MELEE teamSlot=P2 look=P2 shape=hexagon chip=#5786A8
2026.10.06-03.42.26 PLATE fighter=f-1-hero bbox=(876,171,1048,225) overlapReachable=0 placement=above ring=0 gap=6 selection=f-1-hero destinations=6 clean=1 softPx2=0 tested=110 bound=1
2026.10.06-03.42.26 TAG fighter=f-0-hero bbox=(986,677,1079,699) mode=compact look=P1 placement=above ring=0 hardPx2=0 softPx2=0 order=3 bound=1
2026.10.06-03.42.26 TAG fighter=f-0-sk0 bbox=(509,496,593,518) mode=compact look=P1 placement=above ring=0 hardPx2=0 softPx2=0 order=1 bound=1
2026.10.06-03.42.26 TAG fighter=f-0-sk1 bbox=(396,458,480,480) mode=compact look=P1 placement=above ring=0 hardPx2=0 softPx2=0 order=0 bound=1
2026.10.06-03.42.26 TAG fighter=f-0-sk2 bbox=(308,584,392,606) mode=compact look=P1 placement=left ring=0 hardPx2=0 softPx2=0 order=2 bound=1
2026.10.06-03.42.26 TAG fighter=f-0-hero bbox=(971,670,1064,692) mode=compact look=P1 placement=above ring=0 hardPx2=0 softPx2=0 order=3 bound=1
2026.10.06-03.42.26 TAG fighter=f-0-sk0 bbox=(509,496,593,518) mode=compact look=P1 placement=above ring=0 hardPx2=0 softPx2=0 order=1 bound=1
2026.10.06-03.42.26 TAG fighter=f-0-sk1 bbox=(396,458,480,480) mode=compact look=P1 placement=above ring=0 hardPx2=0 softPx2=0 order=0 bound=1
2026.10.06-03.42.26 TAG fighter=f-0-sk2 bbox=(308,584,392,606) mode=compact look=P1 placement=left ring=0 hardPx2=0 softPx2=0 order=2 bound=1
2026.10.06-03.42.26 TAG fighter=f-0-hero bbox=(957,664,1050,686) mode=compact look=P1 placement=above ring=0 hardPx2=0 softPx2=0 order=3 bound=1
2026.10.06-03.42.26 TAG fighter=f-0-sk0 bbox=(509,496,593,518) mode=compact look=P1 placement=above ring=0 hardPx2=0 softPx2=0 order=1 bound=1
2026.10.06-03.42.26 TAG fighter=f-0-sk1 bbox=(396,458,480,480) mode=compact look=P1 placement=above ring=0 hardPx2=0 softPx2=0 order=0 bound=1
2026.10.06-03.42.26 TAG fighter=f-0-sk2 bbox=(308,584,392,606) mode=compact look=P1 placement=left ring=0 hardPx2=0 softPx2=0 order=2 bound=1
2026.10.06-03.42.26 TAG fighter=f-0-hero bbox=(942,657,1035,679) mode=compact look=P1 placement=above ring=0 hardPx2=0 softPx2=0 order=3 bound=1
2026.10.06-03.42.26 TAG fighter=f-0-sk0 bbox=(509,496,593,518) mode=compact look=P1 placement=above ring=0 hardPx2=0 softPx2=0 order=1 bound=1
2026.10.06-03.42.26 TAG fighter=f-0-sk1 bbox=(396,458,480,480) mode=compact look=P1 placement=above ring=0 hardPx2=0 softPx2=0 order=0 bound=1
2026.10.06-03.42.26 TAG fighter=f-0-sk2 bbox=(308,584,392,606) mode=compact look=P1 placement=left ring=0 hardPx2=0 softPx2=0 order=2 bound=1
2026.10.06-03.42.26 CUE sound id=CUE-007 point=step subject=f-0-hero seq=30 t=59189 event_t=59189 dt=0 class=SFX sound=SW_BRD_STEP_04 gain=0.80 result=played edge=2/3 due=59169
2026.10.06-03.42.26 TAG fighter=f-0-hero bbox=(929,650,1022,672) mode=compact look=P1 placement=above ring=0 hardPx2=0 softPx2=0 order=3 bound=1
2026.10.06-03.42.26 TAG fighter=f-0-sk0 bbox=(509,496,593,518) mode=compact look=P1 placement=above ring=0 hardPx2=0 softPx2=0 order=1 bound=1
2026.10.06-03.42.26 TAG fighter=f-0-sk1 bbox=(396,458,480,480) mode=compact look=P1 placement=above ring=0 hardPx2=0 softPx2=0 order=0 bound=1
2026.10.06-03.42.26 TAG fighter=f-0-sk2 bbox=(308,584,392,606) mode=compact look=P1 placement=left ring=0 hardPx2=0 softPx2=0 order=2 bound=1
2026.10.06-03.42.26 TAG fighter=f-0-hero bbox=(915,642,1008,664) mode=compact look=P1 placement=above ring=0 hardPx2=0 softPx2=0 order=3 bound=1
2026.10.06-03.42.26 TAG fighter=f-0-sk0 bbox=(509,496,593,518) mode=compact look=P1 placement=above ring=0 hardPx2=0 softPx2=0 order=1 bound=1
2026.10.06-03.42.26 TAG fighter=f-0-sk1 bbox=(396,458,480,480) mode=compact look=P1 placement=above ring=0 hardPx2=0 softPx2=0 order=0 bound=1
2026.10.06-03.42.26 TAG fighter=f-0-sk2 bbox=(308,584,392,606) mode=compact look=P1 placement=left ring=0 hardPx2=0 softPx2=0 order=2 bound=1
2026.10.06-03.42.26 TAG fighter=f-0-hero bbox=(902,634,995,656) mode=compact look=P1 placement=above ring=0 hardPx2=0 softPx2=0 order=3 bound=1
2026.10.06-03.42.26 TAG fighter=f-0-sk0 bbox=(509,496,593,518) mode=compact look=P1 placement=above ring=0 hardPx2=0 softPx2=0 order=1 bound=1
2026.10.06-03.42.26 TAG fighter=f-0-sk1 bbox=(396,458,480,480) mode=compact look=P1 placement=above ring=0 hardPx2=0 softPx2=0 order=0 bound=1
2026.10.06-03.42.26 TAG fighter=f-0-sk2 bbox=(308,584,392,606) mode=compact look=P1 placement=left ring=0 hardPx2=0 softPx2=0 order=2 bound=1
2026.10.06-03.42.26 TAG fighter=f-0-hero bbox=(889,626,982,648) mode=compact look=P1 placement=above ring=0 hardPx2=0 softPx2=0 order=3 bound=1
2026.10.06-03.42.26 TAG fighter=f-0-sk0 bbox=(509,496,593,518) mode=compact look=P1 placement=above ring=0 hardPx2=0 softPx2=0 order=1 bound=1
2026.10.06-03.42.26 TAG fighter=f-0-sk1 bbox=(396,458,480,480) mode=compact look=P1 placement=above ring=0 hardPx2=0 softPx2=0 order=0 bound=1
2026.10.06-03.42.26 TAG fighter=f-0-sk2 bbox=(308,584,392,606) mode=compact look=P1 placement=left ring=0 hardPx2=0 softPx2=0 order=2 bound=1
2026.10.06-03.42.26 TAG fighter=f-0-hero bbox=(876,618,969,640) mode=compact look=P1 placement=above ring=0 hardPx2=0 softPx2=0 order=3 bound=1
2026.10.06-03.42.26 TAG fighter=f-0-sk0 bbox=(509,496,593,518) mode=compact look=P1 placement=above ring=0 hardPx2=0 softPx2=0 order=1 bound=1
2026.10.06-03.42.26 TAG fighter=f-0-sk1 bbox=(396,458,480,480) mode=compact look=P1 placement=above ring=0 hardPx2=0 softPx2=0 order=0 bound=1
2026.10.06-03.42.26 TAG fighter=f-0-sk2 bbox=(308,584,392,606) mode=compact look=P1 placement=left ring=0 hardPx2=0 softPx2=0 order=2 bound=1
2026.10.06-03.42.26 TAG fighter=f-0-hero bbox=(863,611,956,633) mode=compact look=P1 placement=above ring=0 hardPx2=0 softPx2=0 order=3 bound=1
2026.10.06-03.42.26 TAG fighter=f-0-sk0 bbox=(509,496,593,518) mode=compact look=P1 placement=above ring=0 hardPx2=0 softPx2=0 order=1 bound=1
2026.10.06-03.42.26 TAG fighter=f-0-sk1 bbox=(396,458,480,480) mode=compact look=P1 placement=above ring=0 hardPx2=0 softPx2=0 order=0 bound=1
2026.10.06-03.42.26 TAG fighter=f-0-sk2 bbox=(308,584,392,606) mode=compact look=P1 placement=left ring=0 hardPx2=0 softPx2=0 order=2 bound=1
2026.10.06-03.42.26 TAG fighter=f-0-hero bbox=(851,603,944,625) mode=compact look=P1 placement=above ring=0 hardPx2=0 softPx2=0 order=3 bound=1
2026.10.06-03.42.26 TAG fighter=f-0-sk0 bbox=(509,496,593,518) mode=compact look=P1 placement=above ring=0 hardPx2=0 softPx2=0 order=1 bound=1
2026.10.06-03.42.26 TAG fighter=f-0-sk1 bbox=(396,458,480,480) mode=compact look=P1 placement=above ring=0 hardPx2=0 softPx2=0 order=0 bound=1
2026.10.06-03.42.26 TAG fighter=f-0-sk2 bbox=(308,584,392,606) mode=compact look=P1 placement=left ring=0 hardPx2=0 softPx2=0 order=2 bound=1
2026.10.06-03.42.26 TAG fighter=f-0-hero bbox=(838,595,931,617) mode=compact look=P1 placement=above ring=0 hardPx2=0 softPx2=0 order=3 bound=1
2026.10.06-03.42.26 TAG fighter=f-0-sk0 bbox=(509,496,593,518) mode=compact look=P1 placement=above ring=0 hardPx2=0 softPx2=0 order=1 bound=1
2026.10.06-03.42.26 TAG fighter=f-0-sk1 bbox=(396,458,480,480) mode=compact look=P1 placement=above ring=0 hardPx2=0 softPx2=0 order=0 bound=1
2026.10.06-03.42.26 TAG fighter=f-0-sk2 bbox=(308,584,392,606) mode=compact look=P1 placement=left ring=0 hardPx2=0 softPx2=0 order=2 bound=1
2026.10.06-03.42.26 CUE sound id=CUE-007 point=step subject=f-0-hero seq=30 t=59456 event_t=59456 dt=0 class=SFX sound=SW_BRD_STEP_05 gain=0.80 result=played edge=3/3 due=59449
2026.10.06-03.42.26 TAG fighter=f-0-hero bbox=(827,585,920,607) mode=compact look=P1 placement=above ring=0 hardPx2=0 softPx2=0 order=3 bound=1
2026.10.06-03.42.26 TAG fighter=f-0-sk0 bbox=(509,496,593,518) mode=compact look=P1 placement=above ring=0 hardPx2=0 softPx2=0 order=1 bound=1
2026.10.06-03.42.26 TAG fighter=f-0-sk1 bbox=(396,458,480,480) mode=compact look=P1 placement=above ring=0 hardPx2=0 softPx2=0 order=0 bound=1
2026.10.06-03.42.26 TAG fighter=f-0-sk2 bbox=(308,584,392,606) mode=compact look=P1 placement=left ring=0 hardPx2=0 softPx2=0 order=2 bound=1
2026.10.06-03.42.26 TAG fighter=f-0-hero bbox=(823,564,916,586) mode=compact look=P1 placement=above ring=0 hardPx2=0 softPx2=0 order=3 bound=1
2026.10.06-03.42.26 TAG fighter=f-0-sk0 bbox=(509,496,593,518) mode=compact look=P1 placement=above ring=0 hardPx2=0 softPx2=0 order=1 bound=1
2026.10.06-03.42.26 TAG fighter=f-0-sk1 bbox=(396,458,480,480) mode=compact look=P1 placement=above ring=0 hardPx2=0 softPx2=0 order=0 bound=1
2026.10.06-03.42.26 TAG fighter=f-0-sk2 bbox=(308,584,392,606) mode=compact look=P1 placement=left ring=0 hardPx2=0 softPx2=0 order=2 bound=1
2026.10.06-03.42.26 TAG fighter=f-0-hero bbox=(820,543,913,565) mode=compact look=P1 placement=above ring=0 hardPx2=0 softPx2=0 order=2 bound=1
2026.10.06-03.42.26 TAG fighter=f-0-sk0 bbox=(509,496,593,518) mode=compact look=P1 placement=above ring=0 hardPx2=0 softPx2=0 order=1 bound=1
2026.10.06-03.42.26 TAG fighter=f-0-sk1 bbox=(396,458,480,480) mode=compact look=P1 placement=above ring=0 hardPx2=0 softPx2=0 order=0 bound=1
2026.10.06-03.42.26 TAG fighter=f-0-sk2 bbox=(308,584,392,606) mode=compact look=P1 placement=left ring=0 hardPx2=0 softPx2=0 order=3 bound=1
2026.10.06-03.42.26 TAG fighter=f-0-hero bbox=(816,523,909,545) mode=compact look=P1 placement=above ring=0 hardPx2=0 softPx2=0 order=2 bound=1
2026.10.06-03.42.26 TAG fighter=f-0-sk0 bbox=(509,496,593,518) mode=compact look=P1 placement=above ring=0 hardPx2=0 softPx2=0 order=1 bound=1
2026.10.06-03.42.26 TAG fighter=f-0-sk1 bbox=(396,458,480,480) mode=compact look=P1 placement=above ring=0 hardPx2=0 softPx2=0 order=0 bound=1
2026.10.06-03.42.26 TAG fighter=f-0-sk2 bbox=(308,584,392,606) mode=compact look=P1 placement=left ring=0 hardPx2=0 softPx2=0 order=3 bound=1
2026.10.06-03.42.26 TAG fighter=f-0-hero bbox=(812,503,905,525) mode=compact look=P1 placement=above ring=0 hardPx2=0 softPx2=0 order=2 bound=1
2026.10.06-03.42.26 TAG fighter=f-0-sk0 bbox=(509,496,593,518) mode=compact look=P1 placement=above ring=0 hardPx2=0 softPx2=0 order=1 bound=1
2026.10.06-03.42.26 TAG fighter=f-0-sk1 bbox=(396,458,480,480) mode=compact look=P1 placement=above ring=0 hardPx2=0 softPx2=0 order=0 bound=1
2026.10.06-03.42.26 TAG fighter=f-0-sk2 bbox=(308,584,392,606) mode=compact look=P1 placement=left ring=0 hardPx2=0 softPx2=0 order=3 bound=1
2026.10.06-03.42.26 TAG fighter=f-0-hero bbox=(808,483,901,505) mode=compact look=P1 placement=above ring=0 hardPx2=0 softPx2=0 order=1 bound=1
2026.10.06-03.42.26 TAG fighter=f-0-sk0 bbox=(509,496,593,518) mode=compact look=P1 placement=above ring=0 hardPx2=0 softPx2=0 order=2 bound=1
2026.10.06-03.42.26 TAG fighter=f-0-sk1 bbox=(396,458,480,480) mode=compact look=P1 placement=above ring=0 hardPx2=0 softPx2=0 order=0 bound=1
2026.10.06-03.42.26 TAG fighter=f-0-sk2 bbox=(308,584,392,606) mode=compact look=P1 placement=left ring=0 hardPx2=0 softPx2=0 order=3 bound=1
2026.10.06-03.42.27 TAG fighter=f-0-hero bbox=(804,463,897,485) mode=compact look=P1 placement=above ring=0 hardPx2=0 softPx2=0 order=1 bound=1
2026.10.06-03.42.27 TAG fighter=f-0-sk0 bbox=(509,496,593,518) mode=compact look=P1 placement=above ring=0 hardPx2=0 softPx2=0 order=2 bound=1
2026.10.06-03.42.27 TAG fighter=f-0-sk1 bbox=(396,458,480,480) mode=compact look=P1 placement=above ring=0 hardPx2=0 softPx2=0 order=0 bound=1
2026.10.06-03.42.27 TAG fighter=f-0-sk2 bbox=(308,584,392,606) mode=compact look=P1 placement=left ring=0 hardPx2=0 softPx2=0 order=3 bound=1
2026.10.06-03.42.27 TAG fighter=f-0-hero bbox=(801,444,894,466) mode=compact look=P1 placement=above ring=0 hardPx2=0 softPx2=0 order=0 bound=1
2026.10.06-03.42.27 TAG fighter=f-0-sk0 bbox=(509,496,593,518) mode=compact look=P1 placement=above ring=0 hardPx2=0 softPx2=0 order=2 bound=1
2026.10.06-03.42.27 TAG fighter=f-0-sk1 bbox=(396,458,480,480) mode=compact look=P1 placement=above ring=0 hardPx2=0 softPx2=0 order=1 bound=1
2026.10.06-03.42.27 TAG fighter=f-0-sk2 bbox=(308,584,392,606) mode=compact look=P1 placement=left ring=0 hardPx2=0 softPx2=0 order=3 bound=1
2026.10.06-03.42.27 TAG fighter=f-0-hero bbox=(797,424,890,446) mode=compact look=P1 placement=above ring=0 hardPx2=0 softPx2=0 order=0 bound=1
2026.10.06-03.42.27 TAG fighter=f-0-sk0 bbox=(509,496,593,518) mode=compact look=P1 placement=above ring=0 hardPx2=0 softPx2=0 order=2 bound=1
2026.10.06-03.42.27 TAG fighter=f-0-sk1 bbox=(396,458,480,480) mode=compact look=P1 placement=above ring=0 hardPx2=0 softPx2=0 order=1 bound=1
2026.10.06-03.42.27 TAG fighter=f-0-sk2 bbox=(308,584,392,606) mode=compact look=P1 placement=left ring=0 hardPx2=0 softPx2=0 order=3 bound=1
2026.10.06-03.42.27 TAG fighter=f-0-hero bbox=(796,421,889,443) mode=compact look=P1 placement=above ring=0 hardPx2=0 softPx2=0 order=0 bound=1
2026.10.06-03.42.27 TAG fighter=f-0-sk0 bbox=(509,496,593,518) mode=compact look=P1 placement=above ring=0 hardPx2=0 softPx2=0 order=2 bound=1
2026.10.06-03.42.27 TAG fighter=f-0-sk1 bbox=(396,458,480,480) mode=compact look=P1 placement=above ring=0 hardPx2=0 softPx2=0 order=1 bound=1
2026.10.06-03.42.27 TAG fighter=f-0-sk2 bbox=(308,584,392,606) mode=compact look=P1 placement=left ring=0 hardPx2=0 softPx2=0 order=3 bound=1
2026.10.06-03.42.27 MS-LAST show seq=30 mode=anim player=cmuhntivg0000wib0anhqyswc from=5,5 to=3,2
2026.10.06-03.42.27 MS-LOG seq=30 moves=1 truncated=0 text="Medusa: maneuver: Medusa S36→S21"
2026.10.06-03.42.27 S09AUTO draft-open shot (maneuver marker live)
2026.10.06-03.42.27 SHOT ctx viewport=1920x1080 viewTarget=CameraActor_2147482025 cam=(0,1342,1917) rot=(-55,-90,0)
2026.10.06-03.42.27 RENDER tag=SHOT rhi=D3D12 featureLevel=SM6 shaderPlatform=PCD3D_SM6 lumenPlatform=1 gi=lumen giMethod=1 refl=lumen reflMethod=1 shadows=csm vsmEnable=0 sg.res=100 sg.view=2 sg.aa=2 sg.shadow=2 sg.gi=2 sg.refl=2 sg.pp=2 sg.tex=2 sg.fx=2 sg.foliage=2 sg.shading=2 sg.landscape=2 preset=High screenPct=100.0 screenPctMode=0 aa=TSR aaMethod=4 exposure=fixed-histogram expMin=4.14106 expMax=4.14106 expBias=0.000 ev100=2.05 lightUnits=candelas sky=1 skyIntensity=3.000 keyShadow=csm-3600uu-2c-contact0.000 shadowCasters=1 profile=sarpedon-night profilesSha256=0a3417258f46ad3d99620bcbabd1b37615192b7a59f090c77515189845b33bb7 profilesSource=pak legacyRender=0 gameLayer=unlit-eyeadaptinv tMaxFPS=30.0 vsync=0 frameRateLimit=60.0 substrate=0 nanite=1 meshDF=1 viewport=1920x1080 reference=1
2026.10.06-03.42.27 SHOT fighter f-0-hero pos=(3,2) world=(-89,-22,0) screen=(845,517) projected=1 alive=1
2026.10.06-03.42.27 SHOT fighter f-0-sk0 pos=(1,3) world=(-309,33,0) screen=(555,576) projected=1 alive=1
2026.10.06-03.42.27 SHOT fighter f-0-sk1 pos=(0,2) world=(-398,-3,0) screen=(442,537) projected=1 alive=1
2026.10.06-03.42.27 SHOT fighter f-0-sk2 pos=(0,3) world=(-394,92,0) screen=(435,640) projected=1 alive=1
2026.10.06-03.42.27 SHOT fighter f-1-hero pos=(4,0) world=(8,-232,0) screen=(970,306) projected=1 alive=1
2026.10.06-03.42.27 SHOT fighter f-1-sk0 pos=(6,3) world=(159,52,0) screen=(1169,596) projected=1 alive=0
2026.10.06-03.42.27 SHOT camera dist=2340.2 target=2340.2 overview=2340.2 errPct=0.000 focusErr=0.00 settled=1 zoom=1.00
2026.10.06-03.42.27 SHOT head fighter=f-0-hero socket=Head mesh=SK_Medusa_H2LD world=(-89.9,-20.8,47.0) screen=(841.8,482.0) top=(841.5,477.4) bottom=(842.0,486.7) headPx=9.3 projected=1
2026.10.06-03.42.27 SHOT head fighter=f-0-sk0 socket=Head mesh=SK_Harpy_H3LD world=(-309.0,27.9,33.9) screen=(550.3,544.5) top=(549.4,540.0) bottom=(551.2,549.1) headPx=9.3 projected=1
2026.10.06-03.42.27 SHOT head fighter=f-0-sk1 socket=Head mesh=SK_Harpy_H3LD world=(-398.4,2.5,34.2) screen=(435.0,516.8) top=(433.9,512.2) bottom=(436.2,521.4) headPx=9.4 projected=1
2026.10.06-03.42.27 SHOT head fighter=f-0-sk2 socket=Head mesh=SK_Harpy_H3LD world=(-393.7,86.9,34.1) screen=(430.2,609.4) top=(429.1,604.9) bottom=(431.4,613.9) headPx=9.3 projected=1
2026.10.06-03.42.27 SHOT head fighter=f-1-hero socket=Head mesh=SK_KingArthur_H2LD world=(7.6,-232.0,50.0) screen=(969.6,266.2) top=(969.6,261.3) bottom=(969.6,271.0) headPx=9.7 projected=1
2026.10.06-03.42.27 SHOT head fighter=f-1-sk0 socket=Head mesh=SK_Merlin_H2LD world=(158.8,48.5,36.4) screen=(1171.8,565.1) top=(1172.2,560.6) bottom=(1171.3,569.7) headPx=9.1 projected=1
2026.10.06-03.42.27 SHOT selection fighter=f-1-hero ownCell=(4,0) legal=7 destinations=6 ownCellExcluded=1 plateFighter=f-1-hero
2026.10.06-03.42.27 SHOT reachable fighter=f-1-hero n=6 cells=(2,0)(3,0)(3,1)(4,1)(5,1)(6,1)
2026.10.06-03.42.27 SHOT plate fighter=f-1-hero bbox=(876,171,1048,225) overlapReachable=0 placement=above gap=6 anchor=(934,231,1006,333) planned=(876,171,1048,225) geom=painted stableFrames=29
2026.10.06-03.42.27 SHOT figure fighter=f-0-hero bbox=(804,445,882,547) ringR=28.50 art=1 blockout=0 team=P1 look=P1 ring=1
2026.10.06-03.42.27 SHOT figure fighter=f-0-sk0 bbox=(516,520,586,600) ringR=22.23 art=1 blockout=0 team=P1 look=P1 ring=1
2026.10.06-03.42.27 SHOT figure fighter=f-0-sk1 bbox=(402,482,474,561) ringR=22.23 art=1 blockout=0 team=P1 look=P1 ring=1
2026.10.06-03.42.27 SHOT figure fighter=f-0-sk2 bbox=(394,584,467,665) ringR=22.23 art=1 blockout=0 team=P1 look=P1 ring=1
2026.10.06-03.42.27 SHOT figure fighter=f-1-hero bbox=(934,231,1006,333) ringR=28.50 art=1 blockout=0 team=P2 look=P2 ring=1
2026.10.06-03.42.27 SHOT request file=s09-maneuver-draft-open.png frame=1681
2026.10.06-03.42.27 SHOT requested: FScreenshotRequest(bShowUI) -> C:\Users\ren\AppData\Local\Temp\s09-combat-20261006-084119-39652\joiner/s09-maneuver-draft-open.png
2026.10.06-03.42.27 SHOT captured file=s09-maneuver-draft-open.png frame=1681 px=1920x1080 sha256=403825b84513f2c1f641d83dca5fe7a42715bb1c45fa811cd64c0f9b61222971 order=BGRA saved=1
2026.10.06-03.42.27 SHOT late begin file=s09-maneuver-draft-open.png frame=1681 requestFrame=1681
2026.10.06-03.42.27 SHOT iconstate visible=0 lastFighter=none frame=1681
2026.10.06-03.42.27 SHOT widget id=plate impl=umg state=own fighter=f-1-hero bbox=(876,171,1048,225) geom=painted visible=1 twin=0 source=/Game/S08/UI/ArtHud/WBP_S08ArtPlate frame=1681
2026.10.06-03.42.27 SHOT widget id=plate.marker impl=umg state=own fighter=f-1-hero bbox=(876,171,1048,174) geom=painted visible=1 twin=0 source=/Game/S08/UI/ArtHud/WBP_S08ArtPlate frame=1681
2026.10.06-03.42.27 SHOT widget id=plate.name impl=umg state=own fighter=f-1-hero bbox=(882,176,982,195) geom=painted visible=1 twin=0 source=/Game/S08/UI/ArtHud/WBP_S08ArtPlate frame=1681
2026.10.06-03.42.27 SHOT widget id=plate.team impl=umg state=own fighter=f-1-hero bbox=(982,179,1042,192) geom=painted visible=1 twin=0 source=/Game/S08/UI/ArtHud/WBP_S08ArtPlate frame=1681
2026.10.06-03.42.27 SHOT widget id=plate.hpbar impl=umg state=own fighter=f-1-hero bbox=(882,201,978,208) geom=painted visible=1 twin=0 source=/Game/S08/UI/ArtHud/WBP_S08ArtPlate frame=1681
2026.10.06-03.42.27 SHOT widget id=plate.hpfill impl=umg state=own fighter=f-1-hero bbox=(882,201,951,208) geom=painted visible=1 twin=0 source=/Game/S08/UI/ArtHud/WBP_S08ArtPlate frame=1681
2026.10.06-03.42.27 SHOT widget id=plate.hp impl=umg state=own fighter=f-1-hero bbox=(984,197,1037,212) geom=painted visible=1 twin=0 source=/Game/S08/UI/ArtHud/WBP_S08ArtPlate frame=1681
2026.10.06-03.42.27 SHOT widget id=plate.status impl=umg state=own fighter=f-1-hero bbox=(882,214,1042,227) geom=painted visible=1 twin=0 source=/Game/S08/UI/ArtHud/WBP_S08ArtPlate frame=1681
2026.10.06-03.42.27 SHOT widget id=plate.teamshape impl=umg state=own fighter=f-1-hero bbox=(986,180,998,192) geom=painted visible=1 twin=0 source=/Game/S08/UI/ArtHud/WBP_S08ArtPlate frame=1681
2026.10.06-03.42.27 SHOT widget id=board.tag impl=umg state=compact fighter=f-0-hero bbox=(796,421,889,443) geom=painted visible=1 twin=0 source=/Game/S08/UI/ArtHud/WBP_S08ArtTag mode=compact look=P1 shape=circle placement=above ring=0 order=0 bound=1 softPx2=0 planned=(796,421,889,443) frame=1681
2026.10.06-03.42.27 SHOT widget id=board.tag.hp impl=umg state=compact fighter=f-0-hero bbox=(852,423,885,441) geom=painted visible=1 twin=0 source=/Game/S08/UI/ArtHud/WBP_S08ArtTag mode=compact look=P1 shape=circle placement=above ring=0 order=0 bound=1 softPx2=0 planned=(796,421,889,443) frame=1681 font=11
2026.10.06-03.42.27 SHOT widget id=board.tag.bar impl=umg state=compact fighter=f-0-hero bbox=(815,430,849,435) geom=painted visible=1 twin=0 source=/Game/S08/UI/ArtHud/WBP_S08ArtTag mode=compact look=P1 shape=circle placement=above ring=0 order=0 bound=1 softPx2=0 planned=(796,421,889,443) frame=1681
2026.10.06-03.42.27 SHOT widget id=board.tag.chip impl=umg state=compact fighter=f-0-hero bbox=(800,426,812,438) geom=painted visible=1 twin=0 source=/Game/S08/UI/ArtHud/WBP_S08ArtTag mode=compact look=P1 shape=circle placement=above ring=0 order=0 bound=1 softPx2=0 planned=(796,421,889,443) frame=1681
2026.10.06-03.42.27 SHOT widget id=board.tag impl=umg state=compact fighter=f-0-sk0 bbox=(509,496,593,518) geom=painted visible=1 twin=0 source=/Game/S08/UI/ArtHud/WBP_S08ArtTag mode=compact look=P1 shape=circle placement=above ring=0 order=2 bound=1 softPx2=0 planned=(509,496,593,518) frame=1681
2026.10.06-03.42.27 SHOT widget id=board.tag.hp impl=umg state=compact fighter=f-0-sk0 bbox=(565,498,589,516) geom=painted visible=1 twin=0 source=/Game/S08/UI/ArtHud/WBP_S08ArtTag mode=compact look=P1 shape=circle placement=above ring=0 order=2 bound=1 softPx2=0 planned=(509,496,593,518) frame=1681 font=11
2026.10.06-03.42.27 SHOT widget id=board.tag.bar impl=umg state=compact fighter=f-0-sk0 bbox=(528,505,562,510) geom=painted visible=1 twin=0 source=/Game/S08/UI/ArtHud/WBP_S08ArtTag mode=compact look=P1 shape=circle placement=above ring=0 order=2 bound=1 softPx2=0 planned=(509,496,593,518) frame=1681
2026.10.06-03.42.27 SHOT widget id=board.tag.chip impl=umg state=compact fighter=f-0-sk0 bbox=(513,501,525,513) geom=painted visible=1 twin=0 source=/Game/S08/UI/ArtHud/WBP_S08ArtTag mode=compact look=P1 shape=circle placement=above ring=0 order=2 bound=1 softPx2=0 planned=(509,496,593,518) frame=1681
2026.10.06-03.42.27 SHOT widget id=board.tag impl=umg state=compact fighter=f-0-sk1 bbox=(396,458,480,480) geom=painted visible=1 twin=0 source=/Game/S08/UI/ArtHud/WBP_S08ArtTag mode=compact look=P1 shape=circle placement=above ring=0 order=1 bound=1 softPx2=0 planned=(396,458,480,480) frame=1681
2026.10.06-03.42.27 SHOT widget id=board.tag.hp impl=umg state=compact fighter=f-0-sk1 bbox=(452,460,476,478) geom=painted visible=1 twin=0 source=/Game/S08/UI/ArtHud/WBP_S08ArtTag mode=compact look=P1 shape=circle placement=above ring=0 order=1 bound=1 softPx2=0 planned=(396,458,480,480) frame=1681 font=11
2026.10.06-03.42.27 SHOT widget id=board.tag.bar impl=umg state=compact fighter=f-0-sk1 bbox=(415,467,449,472) geom=painted visible=1 twin=0 source=/Game/S08/UI/ArtHud/WBP_S08ArtTag mode=compact look=P1 shape=circle placement=above ring=0 order=1 bound=1 softPx2=0 planned=(396,458,480,480) frame=1681
2026.10.06-03.42.27 SHOT widget id=board.tag.chip impl=umg state=compact fighter=f-0-sk1 bbox=(400,463,412,475) geom=painted visible=1 twin=0 source=/Game/S08/UI/ArtHud/WBP_S08ArtTag mode=compact look=P1 shape=circle placement=above ring=0 order=1 bound=1 softPx2=0 planned=(396,458,480,480) frame=1681
2026.10.06-03.42.27 SHOT widget id=board.tag impl=umg state=compact fighter=f-0-sk2 bbox=(308,584,392,606) geom=painted visible=1 twin=0 source=/Game/S08/UI/ArtHud/WBP_S08ArtTag mode=compact look=P1 shape=circle placement=left ring=0 order=3 bound=1 softPx2=0 planned=(308,584,392,606) frame=1681
2026.10.06-03.42.27 SHOT widget id=board.tag.hp impl=umg state=compact fighter=f-0-sk2 bbox=(364,586,388,604) geom=painted visible=1 twin=0 source=/Game/S08/UI/ArtHud/WBP_S08ArtTag mode=compact look=P1 shape=circle placement=left ring=0 order=3 bound=1 softPx2=0 planned=(308,584,392,606) frame=1681 font=11
2026.10.06-03.42.27 SHOT widget id=board.tag.bar impl=umg state=compact fighter=f-0-sk2 bbox=(327,593,361,598) geom=painted visible=1 twin=0 source=/Game/S08/UI/ArtHud/WBP_S08ArtTag mode=compact look=P1 shape=circle placement=left ring=0 order=3 bound=1 softPx2=0 planned=(308,584,392,606) frame=1681
2026.10.06-03.42.27 SHOT widget id=board.tag.chip impl=umg state=compact fighter=f-0-sk2 bbox=(312,589,324,601) geom=painted visible=1 twin=0 source=/Game/S08/UI/ArtHud/WBP_S08ArtTag mode=compact look=P1 shape=circle placement=left ring=0 order=3 bound=1 softPx2=0 planned=(308,584,392,606) frame=1681
2026.10.06-03.42.27 SHOT widget id=board.tag impl=umg state=hidden fighter=f-1-hero bbox=(0,0,0,0) geom=unpainted visible=0 twin=0 source=/Game/S08/UI/ArtHud/WBP_S08ArtTag mode=hidden look=P2 shape=hex placement=above ring=0 order=0 bound=1 softPx2=0 planned=(919,207,1021,229) frame=1681
2026.10.06-03.42.27 SHOT widget id=board.tag.hp impl=umg state=hidden fighter=f-1-hero bbox=(0,0,0,0) geom=unpainted visible=0 twin=0 source=/Game/S08/UI/ArtHud/WBP_S08ArtTag mode=hidden look=P2 shape=hex placement=above ring=0 order=0 bound=1 softPx2=0 planned=(919,207,1021,229) frame=1681 font=11
2026.10.06-03.42.27 SHOT widget id=board.tag.bar impl=umg state=hidden fighter=f-1-hero bbox=(0,0,0,0) geom=unpainted visible=0 twin=0 source=/Game/S08/UI/ArtHud/WBP_S08ArtTag mode=hidden look=P2 shape=hex placement=above ring=0 order=0 bound=1 softPx2=0 planned=(919,207,1021,229) frame=1681
2026.10.06-03.42.27 SHOT widget id=board.tag.chip impl=umg state=hidden fighter=f-1-hero bbox=(0,0,0,0) geom=unpainted visible=0 twin=0 source=/Game/S08/UI/ArtHud/WBP_S08ArtTag mode=hidden look=P2 shape=hex placement=above ring=0 order=0 bound=1 softPx2=0 planned=(919,207,1021,229) frame=1681
2026.10.06-03.42.27 SHOT panel id=hud.command bbox=(0,0,772,156) geom=painted visible=1 frame=1681
2026.10.06-03.42.27 SHOT panel id=hud.side bbox=(1421,0,1920,153) geom=painted visible=1 frame=1681
2026.10.06-03.42.27 SHOT panel id=hud.hand bbox=(664,945,1257,1140) geom=painted visible=1 frame=1681
2026.10.06-03.42.27 SHOT late end file=s09-maneuver-draft-open.png frame=1681
2026.10.06-03.42.27 CUE combat seq=28 stage=read t=60209 ms=1000 skipped=0
2026.10.06-03.42.27 CUE combat seq=28 stage=skip t=60354 src=catchup
2026.10.06-03.42.27 CUE combat seq=28 stage=effect t=60354 i=1 ms=145 skipped=1
2026.10.06-03.42.27 CUE combat seq=28 stage=slam t=60354 a=3 d=0 outcome=win
2026.10.06-03.42.27 CATCHUP seq=28 latest=31 queued=3 lag=1631 t=60354 action=hurry reason=lag applied=1
2026.10.06-03.42.27 SFX bank=CMB-EFFECT-LINE tag=effect class=SFX t=60354 sound=SW_CMB_EFFECT_LINE_02 gain=0.80
2026.10.06-03.42.27 CUE sound id=CUE-010 point=cue subject=slam seq=28 t=60354 event_t=60354 dt=0 class=SFX sound=SW_CMB_SLAM_02 gain=0.80 result=played bank=CMB-SLAM
2026.10.06-03.42.27 MS-DRAFT op=assign rev=5 src=auto fighter=f-1-hero dest=S12 order=1 status=ok required=0 boost=0 moves=1 ok=1 needboost=0 conflict=0
2026.10.06-03.42.27 MS-PATH fighter=f-1-hero steps=1 allowance=2 key=canonical cells=S05>S12
2026.10.06-03.42.27 S09AUTO approach fighter=f-1-hero from=(4,0) to=(4,1) steps=1 allowance=2 enemyDist=2->1
2026.10.06-03.42.27 MANEUVER-CONFIRM moves=1 boost=none
2026.10.06-03.42.27 MS-STATUS seq=31 text="Syncing…"
2026.10.06-03.42.27 TAG fighter=f-0-hero bbox=(796,421,889,443) mode=compact look=P1 placement=above ring=0 hardPx2=0 softPx2=0 order=0 bound=1
2026.10.06-03.42.27 TAG fighter=f-0-sk0 bbox=(509,496,593,518) mode=compact look=P1 placement=above ring=0 hardPx2=0 softPx2=0 order=2 bound=1
2026.10.06-03.42.27 TAG fighter=f-0-sk1 bbox=(396,458,480,480) mode=compact look=P1 placement=above ring=0 hardPx2=0 softPx2=0 order=1 bound=1
2026.10.06-03.42.27 TAG fighter=f-0-sk2 bbox=(308,584,392,606) mode=compact look=P1 placement=left ring=0 hardPx2=0 softPx2=0 order=3 bound=1
2026.10.06-03.42.27 SNAPSHOT applied seq=32 phase=ACTION_MANEUVER
2026.10.06-03.42.27 HANDLE_APPLIED #42 seq=32 decision=2 fightersValid=1 boardValid=1
2026.10.06-03.42.27 CUE fx done id=CUE-010 subject=scene seq=28 t=60487 ms=1898 cut=jump hold=1145
2026.10.06-03.42.27 CUE combat seq=28 stage=end t=60487 total=2498 skipped=1 cut=catchup
2026.10.06-03.42.27 CATCHUP seq=28 latest=32 queued=4 lag=1764 t=60487 action=cut reason=queue applied=1
2026.10.06-03.42.27 ARTPREVIEW fighter=Medusa hero=1 eligible=0 visual=1 mesh=SK_Medusa_H2LD
2026.10.06-03.42.27 ARTPREVIEW selection ring shown fighter=King Arthur mesh=SM_Marker_SelectionRing
2026.10.06-03.42.27 ARTPREVIEW anim fighter=f-1-sk0 clip=DeathSettle len=0.875 event=defeated loop=0 phase=0.0000 seq=-1 asset=AM_Merlin_DeathSettle rate=1.00
2026.10.06-03.42.27 ARTPREVIEW hero-light fighter=f-1-sk0 state=defeated layers=2 lightsOn=0 keyCd=0.000 rimCd=0.000 mul=0.000 pulse=none
2026.10.06-03.42.27 ARTPREVIEW anim fighter=f-1-sk0 death hold=1.275 settle=0.875 still=0.000 dissolve=0.400 style=fade mi=MI_Merlin_H2LD_P2_Dissolve
2026.10.06-03.42.27 ARTPREVIEW hero-light board profile=sarpedon-original light=sarpedon-night on=1 reason=profile fighters=6 litFigures=6 layers=2 lightsOn=10 budget=12/14 perFigure<=2 channel=1 frozen=0
2026.10.06-03.42.27 CUE sound id=CUE-013 point=cue subject=f-1-sk0 seq=32 t=60487 event_t=60487 dt=0 class=SFX sound=SW_DTH_MERLIN_01 gain=0.80 result=played bank=DTH-MERLIN
2026.10.06-03.42.27 VO event=DEATH speaker=MERLIN t=60487 result=played line=MERLIN-DEATH-01 prio=1
2026.10.06-03.42.27 MUSIC state=sting theme=MUS-MAP-SARPEDON t=60487 sting=STG-SIDEKICK-DOWN-ARTHUR
2026.10.06-03.42.27 CUE death seq=32 stage=fall t=60487 fighter=f-1-sk0 hero=0 staged=0 settle=875 still=0 dissolve=400 style=fade gone=61762
2026.10.06-03.42.27 CUE fx id=CUE-013 subject=f-1-sk0 seq=32 t=60487 vfx=missing sfx=missing clip=missing mat=Fade socket=- reduced=0 result=fallback
2026.10.06-03.42.27 ARTPREVIEW hero-light fighter=f-0-hero state=idle layers=2 lightsOn=2 keyCd=17.984 rimCd=1.528 mul=1.000 pulse=none
2026.10.06-03.42.27 ARTPREVIEW combat marker fighter=Medusa attacker=0 target=0 icon=0 targetMesh=SM_Marker_TargetRing iconMode=screen targetArcScaleXY=0.920
2026.10.06-03.42.27 ARTPREVIEW fighter=Medusa hero=1 eligible=0 visual=1 mesh=SK_Medusa_H2LD
2026.10.06-03.42.27 ARTPREVIEW selection ring shown fighter=King Arthur mesh=SM_Marker_SelectionRing
2026.10.06-03.42.27 ARTPREVIEW fighter=Medusa hero=1 eligible=0 visual=1 mesh=SK_Medusa_H2LD
2026.10.06-03.42.27 ARTPREVIEW selection ring shown fighter=King Arthur mesh=SM_Marker_SelectionRing
2026.10.06-03.42.27 closed mode=
2026.10.06-03.42.27 MODE seq=32 mode=0 combat=0 pending=0
2026.10.06-03.42.27 MS-LAST fade seq=30 at=32 ms=300
2026.10.06-03.42.27 MS-LAST replace seq=30 by=32
2026.10.06-03.42.27 MS-LAST enter seq=32 player=cmuhntiwu0001wib0z281rpa8 source=MANEUVER moves=1 boost=-1
2026.10.06-03.42.27 HUD seq=32 phase=ACTION_MANEUVER turn=you hand=1 oppHand=4(hidden) oppDeck=21 deck=23 discard=6
2026.10.06-03.42.27 MS-STATUS seq=32 text="Choose an action: maneuver (M), attack (A) or scheme (G)"
2026.10.06-03.42.27 ARTPREVIEW fighter=Medusa hero=1 eligible=0 visual=1 mesh=SK_Medusa_H2LD
2026.10.06-03.42.27 ARTPREVIEW selection ring shown fighter=King Arthur mesh=SM_Marker_SelectionRing
2026.10.06-03.42.27 FIGHTERS synced n=6 alive=5 own=1 enemy=4
2026.10.06-03.42.27 ARTPREVIEW hero-light fighter=f-1-hero state=idle layers=2 lightsOn=2 keyCd=21.443 rimCd=1.822 mul=1.000 pulse=none
2026.10.06-03.42.27 MS-CUE move seq=32 fighter=f-1-hero order=0 of=1 kind=move steps=1 source=trail start=0 ms=280 snapped=0 path=S05>S12 speed=normal reduced=0
2026.10.06-03.42.27 CUE sound id=CUE-007 point=step subject=f-1-hero seq=32 t=60487 event_t=60487 dt=0 class=SFX sound=SW_BRD_STEP_03 gain=0.80 result=played edge=1/1 due=60487
2026.10.06-03.42.27 MS-ANIM play seq=32 moves=1 animated=1 speed=normal reduced=0 end=430
2026.10.06-03.42.27 CUE move f-1-hero (4,0)->(4,1) seq=32
2026.10.06-03.42.27 MANEUVER done seq=32 (apply) fighters=6 boost=no
2026.10.06-03.42.27 SNAPSHOT applied seq=32 phase=ACTION_MANEUVER
2026.10.06-03.42.27 HANDLE_APPLIED #43 seq=32 decision=1 fightersValid=1 boardValid=1
2026.10.06-03.42.27 MODE seq=32 mode=0 combat=0 pending=0
2026.10.06-03.42.27 HUD seq=32 phase=ACTION_MANEUVER turn=you hand=1 oppHand=4(hidden) oppDeck=21 deck=23 discard=6
2026.10.06-03.42.27 ARTPREVIEW fighter=Medusa hero=1 eligible=0 visual=1 mesh=SK_Medusa_H2LD
2026.10.06-03.42.27 FIGHTERS synced n=6 alive=5 own=1 enemy=4
2026.10.06-03.42.27 WS seq=32 phase=ACTION_MANEUVER (merge)
2026.10.06-03.42.27 SFX bank=STG-SIDEKICK-DOWN-ARTHUR tag=sting class=Music t=60530 sound=SW_STG_SIDEKICK_DOWN_ARTHUR gain=0.60
2026.10.06-03.42.27 HUD-HAND lower=0 pick=none cursor=board preview=shown seq=32
2026.10.06-03.42.27 PLATE hidden fighter=f-1-hero
2026.10.06-03.42.27 TAG fighter=f-0-hero bbox=(796,421,889,443) mode=compact look=P1 placement=above ring=0 hardPx2=0 softPx2=0 order=1 bound=1
2026.10.06-03.42.27 TAG fighter=f-0-sk0 bbox=(509,496,593,518) mode=compact look=P1 placement=above ring=0 hardPx2=0 softPx2=0 order=3 bound=1
2026.10.06-03.42.27 TAG fighter=f-0-sk1 bbox=(396,458,480,480) mode=compact look=P1 placement=above ring=0 hardPx2=0 softPx2=0 order=2 bound=1
2026.10.06-03.42.27 TAG fighter=f-0-sk2 bbox=(308,584,392,606) mode=compact look=P1 placement=left ring=0 hardPx2=0 softPx2=0 order=4 bound=1
2026.10.06-03.42.27 TAG fighter=f-1-hero bbox=(913,224,1015,246) mode=compact look=P2 placement=above ring=0 hardPx2=0 softPx2=0 order=0 bound=1
2026.10.06-03.42.27 TAG fighter=f-0-hero bbox=(796,421,889,443) mode=compact look=P1 placement=above ring=0 hardPx2=0 softPx2=0 order=1 bound=1
2026.10.06-03.42.27 TAG fighter=f-0-sk0 bbox=(509,496,593,518) mode=compact look=P1 placement=above ring=0 hardPx2=0 softPx2=0 order=3 bound=1
2026.10.06-03.42.27 TAG fighter=f-0-sk1 bbox=(396,458,480,480) mode=compact look=P1 placement=above ring=0 hardPx2=0 softPx2=0 order=2 bound=1
2026.10.06-03.42.27 TAG fighter=f-0-sk2 bbox=(308,584,392,606) mode=compact look=P1 placement=left ring=0 hardPx2=0 softPx2=0 order=4 bound=1
2026.10.06-03.42.27 TAG fighter=f-1-hero bbox=(909,237,1011,259) mode=compact look=P2 placement=above ring=0 hardPx2=0 softPx2=0 order=0 bound=1
2026.10.06-03.42.27 TAG fighter=f-0-hero bbox=(796,421,889,443) mode=compact look=P1 placement=above ring=0 hardPx2=0 softPx2=0 order=1 bound=1
2026.10.06-03.42.27 TAG fighter=f-0-sk0 bbox=(509,496,593,518) mode=compact look=P1 placement=above ring=0 hardPx2=0 softPx2=0 order=3 bound=1
2026.10.06-03.42.27 TAG fighter=f-0-sk1 bbox=(396,458,480,480) mode=compact look=P1 placement=above ring=0 hardPx2=0 softPx2=0 order=2 bound=1
2026.10.06-03.42.27 TAG fighter=f-0-sk2 bbox=(308,584,392,606) mode=compact look=P1 placement=left ring=0 hardPx2=0 softPx2=0 order=4 bound=1
2026.10.06-03.42.27 TAG fighter=f-1-hero bbox=(904,251,1006,273) mode=compact look=P2 placement=above ring=0 hardPx2=0 softPx2=0 order=0 bound=1
2026.10.06-03.42.27 TAG fighter=f-0-hero bbox=(796,421,889,443) mode=compact look=P1 placement=above ring=0 hardPx2=0 softPx2=0 order=1 bound=1
2026.10.06-03.42.27 TAG fighter=f-0-sk0 bbox=(509,496,593,518) mode=compact look=P1 placement=above ring=0 hardPx2=0 softPx2=0 order=3 bound=1
2026.10.06-03.42.27 TAG fighter=f-0-sk1 bbox=(396,458,480,480) mode=compact look=P1 placement=above ring=0 hardPx2=0 softPx2=0 order=2 bound=1
2026.10.06-03.42.27 TAG fighter=f-0-sk2 bbox=(308,584,392,606) mode=compact look=P1 placement=left ring=0 hardPx2=0 softPx2=0 order=4 bound=1
2026.10.06-03.42.27 TAG fighter=f-1-hero bbox=(899,265,1001,287) mode=compact look=P2 placement=above ring=0 hardPx2=0 softPx2=0 order=0 bound=1
2026.10.06-03.42.28 TAG fighter=f-0-hero bbox=(796,421,889,443) mode=compact look=P1 placement=above ring=0 hardPx2=0 softPx2=0 order=1 bound=1
2026.10.06-03.42.28 TAG fighter=f-0-sk0 bbox=(509,496,593,518) mode=compact look=P1 placement=above ring=0 hardPx2=0 softPx2=0 order=3 bound=1
2026.10.06-03.42.28 TAG fighter=f-0-sk1 bbox=(396,458,480,480) mode=compact look=P1 placement=above ring=0 hardPx2=0 softPx2=0 order=2 bound=1
2026.10.06-03.42.28 TAG fighter=f-0-sk2 bbox=(308,584,392,606) mode=compact look=P1 placement=left ring=0 hardPx2=0 softPx2=0 order=4 bound=1
2026.10.06-03.42.28 TAG fighter=f-1-hero bbox=(894,279,996,301) mode=compact look=P2 placement=above ring=0 hardPx2=0 softPx2=0 order=0 bound=1
2026.10.06-03.42.28 game -> room=cmuw4tbs005wpt84mulgi3nuk code=<redacted> status=IN_PROGRESS
2026.10.06-03.42.28 TAG fighter=f-0-hero bbox=(796,421,889,443) mode=compact look=P1 placement=above ring=0 hardPx2=0 softPx2=0 order=1 bound=1
2026.10.06-03.42.28 TAG fighter=f-0-sk0 bbox=(509,496,593,518) mode=compact look=P1 placement=above ring=0 hardPx2=0 softPx2=0 order=3 bound=1
2026.10.06-03.42.28 TAG fighter=f-0-sk1 bbox=(396,458,480,480) mode=compact look=P1 placement=above ring=0 hardPx2=0 softPx2=0 order=2 bound=1
2026.10.06-03.42.28 TAG fighter=f-0-sk2 bbox=(308,584,392,606) mode=compact look=P1 placement=left ring=0 hardPx2=0 softPx2=0 order=4 bound=1
2026.10.06-03.42.28 TAG fighter=f-1-hero bbox=(889,293,991,315) mode=compact look=P2 placement=above ring=0 hardPx2=0 softPx2=0 order=0 bound=1
2026.10.06-03.42.28 TAG fighter=f-0-hero bbox=(796,421,889,443) mode=compact look=P1 placement=above ring=0 hardPx2=0 softPx2=0 order=1 bound=1
2026.10.06-03.42.28 TAG fighter=f-0-sk0 bbox=(509,496,593,518) mode=compact look=P1 placement=above ring=0 hardPx2=0 softPx2=0 order=3 bound=1
2026.10.06-03.42.28 TAG fighter=f-0-sk1 bbox=(396,458,480,480) mode=compact look=P1 placement=above ring=0 hardPx2=0 softPx2=0 order=2 bound=1
2026.10.06-03.42.28 TAG fighter=f-0-sk2 bbox=(308,584,392,606) mode=compact look=P1 placement=left ring=0 hardPx2=0 softPx2=0 order=4 bound=1
2026.10.06-03.42.28 TAG fighter=f-1-hero bbox=(884,307,986,329) mode=compact look=P2 placement=above ring=0 hardPx2=0 softPx2=0 order=0 bound=1
2026.10.06-03.42.28 TAG fighter=f-0-hero bbox=(796,421,889,443) mode=compact look=P1 placement=above ring=0 hardPx2=0 softPx2=0 order=1 bound=1
2026.10.06-03.42.28 TAG fighter=f-0-sk0 bbox=(509,496,593,518) mode=compact look=P1 placement=above ring=0 hardPx2=0 softPx2=0 order=3 bound=1
2026.10.06-03.42.28 TAG fighter=f-0-sk1 bbox=(396,458,480,480) mode=compact look=P1 placement=above ring=0 hardPx2=0 softPx2=0 order=2 bound=1
2026.10.06-03.42.28 TAG fighter=f-0-sk2 bbox=(308,584,392,606) mode=compact look=P1 placement=left ring=0 hardPx2=0 softPx2=0 order=4 bound=1
2026.10.06-03.42.28 TAG fighter=f-1-hero bbox=(879,321,981,343) mode=compact look=P2 placement=above ring=0 hardPx2=0 softPx2=0 order=0 bound=1
2026.10.06-03.42.28 TAG fighter=f-0-hero bbox=(796,421,889,443) mode=compact look=P1 placement=above ring=0 hardPx2=0 softPx2=0 order=1 bound=1
2026.10.06-03.42.28 TAG fighter=f-0-sk0 bbox=(509,496,593,518) mode=compact look=P1 placement=above ring=0 hardPx2=0 softPx2=0 order=3 bound=1
2026.10.06-03.42.28 TAG fighter=f-0-sk1 bbox=(396,458,480,480) mode=compact look=P1 placement=above ring=0 hardPx2=0 softPx2=0 order=2 bound=1
2026.10.06-03.42.28 TAG fighter=f-0-sk2 bbox=(308,584,392,606) mode=compact look=P1 placement=left ring=0 hardPx2=0 softPx2=0 order=4 bound=1
2026.10.06-03.42.28 TAG fighter=f-1-hero bbox=(879,323,981,345) mode=compact look=P2 placement=above ring=0 hardPx2=0 softPx2=0 order=0 bound=1
2026.10.06-03.42.28 MS-LAST show seq=32 mode=anim player=cmuhntiwu0001wib0z281rpa8 from=4,0 to=4,1
2026.10.06-03.42.28 MS-LOG seq=32 moves=1 truncated=0 text="King Arthur: maneuver: King Arthur S05→S12"
2026.10.06-03.42.28 CUE death seq=32 stage=mark t=61137 fighter=f-1-sk0 heart=crossed
2026.10.06-03.42.28 SFX bank=DTH-DISSOLVE tag=dissolve class=SFX t=61363 sound=SW_DTH_DISSOLVE_02 gain=0.80
2026.10.06-03.42.28 CUE death seq=32 stage=dissolve t=61362 fighter=f-1-sk0 ms=400 style=fade
2026.10.06-03.42.28 ARTPREVIEW anim fighter=f-1-sk0 death dissolve ms=400 style=fade mi=MI_Merlin_H2LD_P2_Dissolve
2026.10.06-03.42.28 CUE fx done id=CUE-013 subject=f-1-sk0 seq=32 t=61437 ms=950 cut=0
2026.10.06-03.42.28 SHOT ctx viewport=1920x1080 viewTarget=CameraActor_2147482025 cam=(0,1342,1917) rot=(-55,-90,0)
2026.10.06-03.42.28 RENDER tag=SHOT rhi=D3D12 featureLevel=SM6 shaderPlatform=PCD3D_SM6 lumenPlatform=1 gi=lumen giMethod=1 refl=lumen reflMethod=1 shadows=csm vsmEnable=0 sg.res=100 sg.view=2 sg.aa=2 sg.shadow=2 sg.gi=2 sg.refl=2 sg.pp=2 sg.tex=2 sg.fx=2 sg.foliage=2 sg.shading=2 sg.landscape=2 preset=High screenPct=100.0 screenPctMode=0 aa=TSR aaMethod=4 exposure=fixed-histogram expMin=4.14106 expMax=4.14106 expBias=0.000 ev100=2.05 lightUnits=candelas sky=1 skyIntensity=3.000 keyShadow=csm-3600uu-2c-contact0.000 shadowCasters=1 profile=sarpedon-night profilesSha256=0a3417258f46ad3d99620bcbabd1b37615192b7a59f090c77515189845b33bb7 profilesSource=pak legacyRender=0 gameLayer=unlit-eyeadaptinv tMaxFPS=30.0 vsync=0 frameRateLimit=60.0 substrate=0 nanite=1 meshDF=1 viewport=1920x1080 reference=1
2026.10.06-03.42.28 SHOT fighter f-0-hero pos=(3,2) world=(-89,-22,0) screen=(845,517) projected=1 alive=1
2026.10.06-03.42.28 SHOT fighter f-0-sk0 pos=(1,3) world=(-309,33,0) screen=(555,576) projected=1 alive=1
2026.10.06-03.42.28 SHOT fighter f-0-sk1 pos=(0,2) world=(-398,-3,0) screen=(442,537) projected=1 alive=1
2026.10.06-03.42.28 SHOT fighter f-0-sk2 pos=(0,3) world=(-394,92,0) screen=(435,640) projected=1 alive=1
2026.10.06-03.42.28 SHOT fighter f-1-hero pos=(4,1) world=(-23,-113,0) screen=(931,422) projected=1 alive=1
2026.10.06-03.42.28 SHOT fighter f-1-sk0 pos=(6,3) world=(159,52,0) screen=(1169,596) projected=1 alive=0
2026.10.06-03.42.28 SHOT camera dist=2340.2 target=2340.2 overview=2340.2 errPct=0.000 focusErr=0.00 settled=1 zoom=1.00
2026.10.06-03.42.28 SHOT head fighter=f-0-hero socket=Head mesh=SK_Medusa_H2LD world=(-88.7,-20.5,47.1) screen=(843.2,482.3) top=(843.0,477.7) bottom=(843.5,487.0) headPx=9.3 projected=1
2026.10.06-03.42.28 SHOT head fighter=f-0-sk0 socket=Head mesh=SK_Harpy_H3LD world=(-308.4,28.1,33.9) screen=(551.1,544.7) top=(550.2,540.1) bottom=(552.0,549.2) headPx=9.3 projected=1
2026.10.06-03.42.28 SHOT head fighter=f-0-sk1 socket=Head mesh=SK_Harpy_H3LD world=(-398.4,2.7,34.0) screen=(435.1,517.2) top=(434.0,512.6) bottom=(436.2,521.8) headPx=9.4 projected=1
2026.10.06-03.42.28 SHOT head fighter=f-0-sk2 socket=Head mesh=SK_Harpy_H3LD world=(-394.2,86.9,34.3) screen=(429.4,609.4) top=(428.3,604.9) bottom=(430.6,613.9) headPx=9.3 projected=1
2026.10.06-03.42.28 SHOT head fighter=f-1-hero socket=Head mesh=SK_KingArthur_H2LD world=(-22.7,-113.0,50.0) screen=(930.8,383.8) top=(930.8,379.1) bottom=(930.9,388.6) headPx=9.5 projected=1
2026.10.06-03.42.28 SHOT head fighter=f-1-sk0 socket=Head mesh=SK_Merlin_H2LD world=(158.7,42.8,27.4) screen=(1170.8,565.7) top=(1171.2,561.2) bottom=(1170.3,570.2) headPx=9.1 projected=1
2026.10.06-03.42.28 SHOT figure fighter=f-0-hero bbox=(804,445,882,547) ringR=28.50 art=1 blockout=0 team=P1 look=P1 ring=1
2026.10.06-03.42.28 SHOT figure fighter=f-0-sk0 bbox=(516,520,586,600) ringR=22.23 art=1 blockout=0 team=P1 look=P1 ring=1
2026.10.06-03.42.28 SHOT figure fighter=f-0-sk1 bbox=(402,482,474,561) ringR=22.23 art=1 blockout=0 team=P1 look=P1 ring=1
2026.10.06-03.42.28 SHOT figure fighter=f-0-sk2 bbox=(394,584,467,665) ringR=22.23 art=1 blockout=0 team=P1 look=P1 ring=1
2026.10.06-03.42.28 SHOT figure fighter=f-1-hero bbox=(893,347,967,451) ringR=28.50 art=1 blockout=0 team=P2 look=P2 ring=1
2026.10.06-03.42.28 SHOT request file=s09-hud-after-first-maneuver.png frame=1717
2026.10.06-03.42.28 SHOT requested: FScreenshotRequest(bShowUI) -> C:\Users\ren\AppData\Local\Temp\s09-combat-20261006-084119-39652\joiner/s09-hud-after-first-maneuver.png
2026.10.06-03.42.29 SHOT captured file=s09-hud-after-first-maneuver.png frame=1717 px=1920x1080 sha256=1aeadf4136475a71381c527d80dbfb2c14640b5d7f72012447de306882143a6f order=BGRA saved=1
2026.10.06-03.42.29 SHOT late begin file=s09-hud-after-first-maneuver.png frame=1717 requestFrame=1717
2026.10.06-03.42.29 SHOT iconstate visible=0 lastFighter=none frame=1717
2026.10.06-03.42.29 SHOT widget id=board.tag impl=umg state=compact fighter=f-0-hero bbox=(796,421,889,443) geom=painted visible=1 twin=0 source=/Game/S08/UI/ArtHud/WBP_S08ArtTag mode=compact look=P1 shape=circle placement=above ring=0 order=1 bound=1 softPx2=0 planned=(796,421,889,443) frame=1717
2026.10.06-03.42.29 SHOT widget id=board.tag.hp impl=umg state=compact fighter=f-0-hero bbox=(852,423,885,441) geom=painted visible=1 twin=0 source=/Game/S08/UI/ArtHud/WBP_S08ArtTag mode=compact look=P1 shape=circle placement=above ring=0 order=1 bound=1 softPx2=0 planned=(796,421,889,443) frame=1717 font=11
2026.10.06-03.42.29 SHOT widget id=board.tag.bar impl=umg state=compact fighter=f-0-hero bbox=(815,430,849,435) geom=painted visible=1 twin=0 source=/Game/S08/UI/ArtHud/WBP_S08ArtTag mode=compact look=P1 shape=circle placement=above ring=0 order=1 bound=1 softPx2=0 planned=(796,421,889,443) frame=1717
2026.10.06-03.42.29 SHOT widget id=board.tag.chip impl=umg state=compact fighter=f-0-hero bbox=(800,426,812,438) geom=painted visible=1 twin=0 source=/Game/S08/UI/ArtHud/WBP_S08ArtTag mode=compact look=P1 shape=circle placement=above ring=0 order=1 bound=1 softPx2=0 planned=(796,421,889,443) frame=1717
2026.10.06-03.42.29 SHOT widget id=board.tag impl=umg state=compact fighter=f-0-sk0 bbox=(509,496,593,518) geom=painted visible=1 twin=0 source=/Game/S08/UI/ArtHud/WBP_S08ArtTag mode=compact look=P1 shape=circle placement=above ring=0 order=3 bound=1 softPx2=0 planned=(509,496,593,518) frame=1717
2026.10.06-03.42.29 SHOT widget id=board.tag.hp impl=umg state=compact fighter=f-0-sk0 bbox=(565,498,589,516) geom=painted visible=1 twin=0 source=/Game/S08/UI/ArtHud/WBP_S08ArtTag mode=compact look=P1 shape=circle placement=above ring=0 order=3 bound=1 softPx2=0 planned=(509,496,593,518) frame=1717 font=11
2026.10.06-03.42.29 SHOT widget id=board.tag.bar impl=umg state=compact fighter=f-0-sk0 bbox=(528,505,562,510) geom=painted visible=1 twin=0 source=/Game/S08/UI/ArtHud/WBP_S08ArtTag mode=compact look=P1 shape=circle placement=above ring=0 order=3 bound=1 softPx2=0 planned=(509,496,593,518) frame=1717
2026.10.06-03.42.29 SHOT widget id=board.tag.chip impl=umg state=compact fighter=f-0-sk0 bbox=(513,501,525,513) geom=painted visible=1 twin=0 source=/Game/S08/UI/ArtHud/WBP_S08ArtTag mode=compact look=P1 shape=circle placement=above ring=0 order=3 bound=1 softPx2=0 planned=(509,496,593,518) frame=1717
2026.10.06-03.42.29 SHOT widget id=board.tag impl=umg state=compact fighter=f-0-sk1 bbox=(396,458,480,480) geom=painted visible=1 twin=0 source=/Game/S08/UI/ArtHud/WBP_S08ArtTag mode=compact look=P1 shape=circle placement=above ring=0 order=2 bound=1 softPx2=0 planned=(396,458,480,480) frame=1717
2026.10.06-03.42.29 SHOT widget id=board.tag.hp impl=umg state=compact fighter=f-0-sk1 bbox=(452,460,476,478) geom=painted visible=1 twin=0 source=/Game/S08/UI/ArtHud/WBP_S08ArtTag mode=compact look=P1 shape=circle placement=above ring=0 order=2 bound=1 softPx2=0 planned=(396,458,480,480) frame=1717 font=11
2026.10.06-03.42.29 SHOT widget id=board.tag.bar impl=umg state=compact fighter=f-0-sk1 bbox=(415,467,449,472) geom=painted visible=1 twin=0 source=/Game/S08/UI/ArtHud/WBP_S08ArtTag mode=compact look=P1 shape=circle placement=above ring=0 order=2 bound=1 softPx2=0 planned=(396,458,480,480) frame=1717
2026.10.06-03.42.29 SHOT widget id=board.tag.chip impl=umg state=compact fighter=f-0-sk1 bbox=(400,463,412,475) geom=painted visible=1 twin=0 source=/Game/S08/UI/ArtHud/WBP_S08ArtTag mode=compact look=P1 shape=circle placement=above ring=0 order=2 bound=1 softPx2=0 planned=(396,458,480,480) frame=1717
2026.10.06-03.42.29 SHOT widget id=board.tag impl=umg state=compact fighter=f-0-sk2 bbox=(308,584,392,606) geom=painted visible=1 twin=0 source=/Game/S08/UI/ArtHud/WBP_S08ArtTag mode=compact look=P1 shape=circle placement=left ring=0 order=4 bound=1 softPx2=0 planned=(308,584,392,606) frame=1717
2026.10.06-03.42.29 SHOT widget id=board.tag.hp impl=umg state=compact fighter=f-0-sk2 bbox=(364,586,388,604) geom=painted visible=1 twin=0 source=/Game/S08/UI/ArtHud/WBP_S08ArtTag mode=compact look=P1 shape=circle placement=left ring=0 order=4 bound=1 softPx2=0 planned=(308,584,392,606) frame=1717 font=11
2026.10.06-03.42.29 SHOT widget id=board.tag.bar impl=umg state=compact fighter=f-0-sk2 bbox=(327,593,361,598) geom=painted visible=1 twin=0 source=/Game/S08/UI/ArtHud/WBP_S08ArtTag mode=compact look=P1 shape=circle placement=left ring=0 order=4 bound=1 softPx2=0 planned=(308,584,392,606) frame=1717
2026.10.06-03.42.29 SHOT widget id=board.tag.chip impl=umg state=compact fighter=f-0-sk2 bbox=(312,589,324,601) geom=painted visible=1 twin=0 source=/Game/S08/UI/ArtHud/WBP_S08ArtTag mode=compact look=P1 shape=circle placement=left ring=0 order=4 bound=1 softPx2=0 planned=(308,584,392,606) frame=1717
2026.10.06-03.42.29 SHOT widget id=board.tag impl=umg state=compact fighter=f-1-hero bbox=(879,323,981,345) geom=painted visible=1 twin=0 source=/Game/S08/UI/ArtHud/WBP_S08ArtTag mode=compact look=P2 shape=hex placement=above ring=0 order=0 bound=1 softPx2=0 planned=(879,323,981,345) frame=1717
2026.10.06-03.42.29 SHOT widget id=board.tag.hp impl=umg state=compact fighter=f-1-hero bbox=(935,325,977,343) geom=painted visible=1 twin=0 source=/Game/S08/UI/ArtHud/WBP_S08ArtTag mode=compact look=P2 shape=hex placement=above ring=0 order=0 bound=1 softPx2=0 planned=(879,323,981,345) frame=1717 font=11
2026.10.06-03.42.29 SHOT widget id=board.tag.bar impl=umg state=compact fighter=f-1-hero bbox=(898,332,932,337) geom=painted visible=1 twin=0 source=/Game/S08/UI/ArtHud/WBP_S08ArtTag mode=compact look=P2 shape=hex placement=above ring=0 order=0 bound=1 softPx2=0 planned=(879,323,981,345) frame=1717
2026.10.06-03.42.29 SHOT widget id=board.tag.chip impl=umg state=compact fighter=f-1-hero bbox=(883,328,895,340) geom=painted visible=1 twin=0 source=/Game/S08/UI/ArtHud/WBP_S08ArtTag mode=compact look=P2 shape=hex placement=above ring=0 order=0 bound=1 softPx2=0 planned=(879,323,981,345) frame=1717
2026.10.06-03.42.29 SHOT panel id=hud.command bbox=(0,0,669,209) geom=painted visible=1 frame=1717
2026.10.06-03.42.29 SHOT panel id=hud.side bbox=(1421,0,1920,153) geom=painted visible=1 frame=1717
2026.10.06-03.42.29 SHOT panel id=hud.hand bbox=(669,885,1252,1080) geom=painted visible=1 frame=1717
2026.10.06-03.42.29 SHOT late end file=s09-hud-after-first-maneuver.png frame=1717
2026.10.06-03.42.29 CUE death seq=32 stage=gone t=61762 fighter=f-1-sk0
2026.10.06-03.42.29 S09AUTO drive mode=0 plan=[attack+abilityboost+scheme+storms+defend+resolve] phase=ACTION_MANEUVER turn=cmuhntiwu0001wib0z281rpa8
2026.10.06-03.42.29 S09AUTO attack (attacker=f-1-hero target-set card-set)
2026.10.06-03.42.29 ATTACK sent ability=none
2026.10.06-03.42.29 HUD-TRACK chosen=attack seq=32 spent=1
2026.10.06-03.42.29 ARTPREVIEW combat marker fighter=Medusa attacker=0 target=1 icon=1 targetMesh=SM_Marker_TargetRing iconMode=screen targetArcScaleXY=0.920
2026.10.06-03.42.29 ARTPREVIEW hero-light fighter=f-1-hero state=active layers=2 lightsOn=2 keyCd=24.730 rimCd=2.101 mul=1.153 pulse=0.40Hz+-4%
2026.10.06-03.42.29 ARTPREVIEW combat marker fighter=King Arthur attacker=1 target=0 icon=0 targetMesh=SM_Marker_TargetRing iconMode=screen targetArcScaleXY=0.920
2026.10.06-03.42.29 MS-STATUS seq=32 text="Syncing…"
2026.10.06-03.42.29 TOAST text="attack sent"
2026.10.06-03.42.29 TAG fighter=f-0-hero bbox=(796,421,889,443) mode=compact look=P1 placement=above ring=0 hardPx2=0 softPx2=0 order=0 bound=1
2026.10.06-03.42.29 TAG fighter=f-0-sk0 bbox=(509,496,593,518) mode=compact look=P1 placement=above ring=0 hardPx2=0 softPx2=0 order=3 bound=1
2026.10.06-03.42.29 TAG fighter=f-0-sk1 bbox=(396,458,480,480) mode=compact look=P1 placement=above ring=0 hardPx2=0 softPx2=0 order=2 bound=1
2026.10.06-03.42.29 TAG fighter=f-0-sk2 bbox=(308,584,392,606) mode=compact look=P1 placement=left ring=0 hardPx2=0 softPx2=0 order=4 bound=1
2026.10.06-03.42.29 TAG fighter=f-1-hero bbox=(879,323,981,345) mode=compact look=P2 placement=above ring=0 hardPx2=0 softPx2=0 order=1 bound=1
2026.10.06-03.42.29 ICON fighter=f-0-hero bbox=(885,465,917,497) size=32 src=combat anchor=right fallback=0 overlapPx2=0 texture=/Game/S08/UI/IconsV3/T_IV3_action_attack_token_32.T_IV3_action_attack_token_32
2026.10.06-03.42.29 ARTPREVIEW anim fighter=f-1-sk0 death hidden=1 afterFall=1.359 plan=1.275
2026.10.06-03.42.29 HUD-TRACK own=2/2 server=1 local=1 opp=0/2 oppVisible=0 anim=spend/- seq=32 frame=1719
2026.10.06-03.42.29 TAG fighter=f-0-hero bbox=(796,421,889,443) mode=compact look=P1 placement=above ring=0 hardPx2=0 softPx2=0 order=0 bound=1
2026.10.06-03.42.29 TAG fighter=f-0-sk0 bbox=(509,496,593,518) mode=compact look=P1 placement=above ring=0 hardPx2=0 softPx2=0 order=3 bound=1
2026.10.06-03.42.29 TAG fighter=f-0-sk1 bbox=(396,458,480,480) mode=compact look=P1 placement=above ring=0 hardPx2=0 softPx2=0 order=2 bound=1
2026.10.06-03.42.29 TAG fighter=f-0-sk2 bbox=(308,584,392,606) mode=compact look=P1 placement=left ring=0 hardPx2=0 softPx2=0 order=4 bound=1
2026.10.06-03.42.29 TAG fighter=f-1-hero bbox=(879,323,981,345) mode=compact look=P2 placement=above ring=0 hardPx2=0 softPx2=0 order=1 bound=1
2026.10.06-03.42.29 ICON fighter=f-0-hero bbox=(885,465,917,497) size=32 src=combat anchor=right fallback=0 overlapPx2=0 texture=/Game/S08/UI/IconsV3/T_IV3_action_attack_token_32.T_IV3_action_attack_token_32
2026.10.06-03.42.29 VO event=ALLY-DOWN speaker=ARTHUR t=61913 result=skipped line=- prio=1 reason=busy
2026.10.06-03.42.29 SNAPSHOT applied seq=33 phase=COMBAT
2026.10.06-03.42.29 HANDLE_APPLIED #44 seq=33 decision=2 fightersValid=1 boardValid=1
2026.10.06-03.42.29 MUSIC state=combat theme=MUS-MAP-SARPEDON t=61980
2026.10.06-03.42.29 CUE sound id=CUE-008 point=cue subject=f-1-hero seq=33 t=61980 event_t=61980 dt=0 class=SFX sound=SW_CMB_ATTACK_DECLARE_02 gain=0.80 result=played
2026.10.06-03.42.29 AUDIO attack seq=33 key=ARTHUR abilityBoost=0
2026.10.06-03.42.29 VO event=ATTACK speaker=ARTHUR t=61980 result=skipped line=- prio=3 reason=busy
2026.10.06-03.42.29 CUE fx id=CUE-008 subject=f-1-hero seq=33 t=61980 vfx=missing sfx=missing clip=none mat=none socket=Weapon reduced=0 result=fallback
2026.10.06-03.42.29 closed mode=
2026.10.06-03.42.29 MODE seq=33 mode=0 combat=1 pending=0
2026.10.06-03.42.29 MS-OPP verb=defend seq=33
2026.10.06-03.42.29 MS-TRACK own=2/2 opp=0/2 oppVisible=0 seq=33
2026.10.06-03.42.29 HUD seq=33 phase=COMBAT turn=you hand=0 oppHand=4(hidden) oppDeck=21 deck=23 discard=7
2026.10.06-03.42.29 MS-STATUS seq=33 text="Waiting for the defender"
2026.10.06-03.42.29 ARTPREVIEW fighter=Medusa hero=1 eligible=0 visual=1 mesh=SK_Medusa_H2LD
2026.10.06-03.42.29 ARTPREVIEW hero-light fighter=f-1-sk0 state=off layers=0 lightsOn=0 keyCd=0.000 rimCd=0.000 mul=0.000 pulse=none
2026.10.06-03.42.29 ARTPREVIEW hero-light board profile=sarpedon-original light=sarpedon-night on=1 reason=profile fighters=6 litFigures=5 layers=2 lightsOn=10 budget=10/14 perFigure<=2 channel=1 frozen=0
2026.10.06-03.42.29 FIGHTERS synced n=6 alive=5 own=1 enemy=4
2026.10.06-03.42.29 ATTACK done seq=33 (apply) phase=COMBAT
2026.10.06-03.42.29 SNAPSHOT applied seq=33 phase=COMBAT
2026.10.06-03.42.29 HANDLE_APPLIED #45 seq=33 decision=1 fightersValid=1 boardValid=1
2026.10.06-03.42.29 MODE seq=33 mode=0 combat=1 pending=0
2026.10.06-03.42.29 HUD seq=33 phase=COMBAT turn=you hand=0 oppHand=4(hidden) oppDeck=21 deck=23 discard=7
2026.10.06-03.42.29 ARTPREVIEW fighter=Medusa hero=1 eligible=0 visual=1 mesh=SK_Medusa_H2LD
2026.10.06-03.42.29 FIGHTERS synced n=6 alive=5 own=1 enemy=4
2026.10.06-03.42.29 WS seq=33 phase=COMBAT (merge)
2026.10.06-03.42.29 HUD-TRACK own=2/2 server=2 local=0 opp=0/2 oppVisible=0 anim=-/- seq=33 frame=1723
2026.10.06-03.42.29 TAG fighter=f-0-hero bbox=(796,421,889,443) mode=compact look=P1 placement=above ring=0 hardPx2=0 softPx2=0 order=0 bound=1
2026.10.06-03.42.29 TAG fighter=f-0-sk0 bbox=(509,496,593,518) mode=compact look=P1 placement=above ring=0 hardPx2=0 softPx2=0 order=3 bound=1
2026.10.06-03.42.29 TAG fighter=f-0-sk1 bbox=(396,458,480,480) mode=compact look=P1 placement=above ring=0 hardPx2=0 softPx2=0 order=2 bound=1
2026.10.06-03.42.29 TAG fighter=f-0-sk2 bbox=(308,584,392,606) mode=compact look=P1 placement=left ring=0 hardPx2=0 softPx2=0 order=4 bound=1
2026.10.06-03.42.29 TAG fighter=f-1-hero bbox=(879,323,981,345) mode=compact look=P2 placement=above ring=0 hardPx2=0 softPx2=0 order=1 bound=1
2026.10.06-03.42.29 ICON fighter=f-0-hero bbox=(885,465,917,497) size=32 src=combat anchor=right fallback=0 overlapPx2=0 texture=/Game/S08/UI/IconsV3/T_IV3_action_attack_token_32.T_IV3_action_attack_token_32
2026.10.06-03.42.29 SNAPSHOT applied seq=34 phase=COMBAT_RESOLVE
2026.10.06-03.42.29 HANDLE_APPLIED #46 seq=34 decision=2 fightersValid=1 boardValid=1
2026.10.06-03.42.29 CUE sound id=CUE-009 point=cue subject=f-0-hero seq=34 t=62147 event_t=62147 dt=0 class=SFX sound=SW_CMB_DEFENSE_PLAYED_01 gain=0.80 result=played
2026.10.06-03.42.29 VO event=DEFEND speaker=MEDUSA t=62147 result=skipped line=- prio=4 reason=cooldown
2026.10.06-03.42.29 CUE fx done id=CUE-008 subject=f-1-hero seq=33 t=62147 ms=167 cut=interrupt
2026.10.06-03.42.29 CUE fx id=CUE-009 subject=f-0-hero seq=34 t=62147 vfx=missing sfx=missing clip=none mat=FxFlash socket=Head reduced=0 result=fallback
2026.10.06-03.42.29 closed mode=
2026.10.06-03.42.29 MODE seq=34 mode=5 combat=1 pending=0
2026.10.06-03.42.29 HUD seq=34 phase=COMBAT_RESOLVE turn=you hand=0 oppHand=3(hidden) oppDeck=21~ deck=23~ discard=7
2026.10.06-03.42.29 MS-STATUS seq=34 text="Resolve the combat (R)"
2026.10.06-03.42.29 ARTPREVIEW fighter=Medusa hero=1 eligible=0 visual=1 mesh=SK_Medusa_H2LD
2026.10.06-03.42.29 FIGHTERS synced n=6 alive=5 own=1 enemy=4
2026.10.06-03.42.29 WS seq=34 phase=COMBAT_RESOLVE (apply)
2026.10.06-03.42.29 S09AUTO drive mode=5 plan=[attack+abilityboost+scheme+storms+defend+resolve] phase=COMBAT_RESOLVE turn=cmuhntiwu0001wib0z281rpa8
2026.10.06-03.42.29 S09AUTO resolve
2026.10.06-03.42.29 RESOLVE sent
2026.10.06-03.42.29 MS-STATUS seq=34 text="Syncing…"
2026.10.06-03.42.29 TOAST text="resolve sent"
2026.10.06-03.42.29 TAG fighter=f-0-hero bbox=(796,421,889,443) mode=compact look=P1 placement=above ring=0 hardPx2=0 softPx2=0 order=0 bound=1
2026.10.06-03.42.29 TAG fighter=f-0-sk0 bbox=(509,496,593,518) mode=compact look=P1 placement=above ring=0 hardPx2=0 softPx2=0 order=3 bound=1
2026.10.06-03.42.29 TAG fighter=f-0-sk1 bbox=(396,458,480,480) mode=compact look=P1 placement=above ring=0 hardPx2=0 softPx2=0 order=2 bound=1
2026.10.06-03.42.29 TAG fighter=f-0-sk2 bbox=(308,584,392,606) mode=compact look=P1 placement=left ring=0 hardPx2=0 softPx2=0 order=4 bound=1
2026.10.06-03.42.29 TAG fighter=f-1-hero bbox=(879,323,981,345) mode=compact look=P2 placement=above ring=0 hardPx2=0 softPx2=0 order=1 bound=1
2026.10.06-03.42.29 ICON fighter=f-0-hero bbox=(885,465,917,497) size=32 src=combat anchor=right fallback=0 overlapPx2=0 texture=/Game/S08/UI/IconsV3/T_IV3_action_attack_token_32.T_IV3_action_attack_token_32
2026.10.06-03.42.29 SNAPSHOT applied seq=35 phase=ACTION_MANEUVER
2026.10.06-03.42.29 HANDLE_APPLIED #47 seq=35 decision=2 fightersValid=1 boardValid=1
2026.10.06-03.42.29 COMBAT-RESULT seq=35 damage=0 role=attacked
2026.10.06-03.42.29 COMBAT-LOG seq=35 log=35 n=7 entries=2 lines=2 src=log outcomes=APPLIED:2
2026.10.06-03.42.29 AUDIO combat seq=35 boosts=0 cancelled=0 own=1 fizzle=0
2026.10.06-03.42.29 CUE combat seq=35 stage=start t=62314 attacker=f-1-hero target=f-0-hero text=1 lines=2 damage=0 lethal=0 shown=0 speed=1.00 flip=620 contact=292 src=notify a=2 d=4 outcome=hold
2026.10.06-03.42.29 CUE fx id=CUE-010 subject=scene seq=35 t=62314 vfx=none sfx=missing clip=none mat=none socket=- reduced=0 result=fallback
2026.10.06-03.42.29 CUE sound id=CUE-010 point=cue subject=card.attack seq=35 t=62314 event_t=62314 dt=0 class=SFX sound=SW_CRD_FLIP_03 gain=0.80 result=played
2026.10.06-03.42.29 CUE sound id=CUE-010 point=cue subject=card.defense seq=35 t=62314 event_t=62314 dt=0 class=SFX sound=SW_CRD_FLIP_01 gain=0.80 result=played
2026.10.06-03.42.29 closed mode=
2026.10.06-03.42.29 MODE seq=35 mode=0 combat=0 pending=1
2026.10.06-03.42.29 MS-OPP verb=ability seq=35
2026.10.06-03.42.29 MS-TRACK own=0/2 opp=0/2 oppVisible=1 seq=35
2026.10.06-03.42.29 MS-LAST fade seq=32 at=35 ms=300
2026.10.06-03.42.29 CUE sound id=CUE-015 point=turn subject=- seq=35 t=62314 event_t=62314 dt=0 class=UI sound=none gain=0.80 result=silent turn=opp reason=opponent
2026.10.06-03.42.29 HUD-TURN seq=35 turn=opp initial=0 ring=marker-turn-ring flash=1000 banner=0 reduced=0
2026.10.06-03.42.29 HUD seq=35 phase=ACTION_MANEUVER turn=opp hand=0 oppHand=3(hidden) oppDeck=21 deck=23 discard=7
2026.10.06-03.42.29 MS-STATUS seq=35 text="Waiting for the opponent's choice"
2026.10.06-03.42.29 ARTPREVIEW fighter=Medusa hero=1 eligible=0 visual=1 mesh=SK_Medusa_H2LD
2026.10.06-03.42.29 FIGHTERS synced n=6 alive=5 own=1 enemy=4
2026.10.06-03.42.29 RESOLVE done seq=35 (apply) phase=ACTION_MANEUVER
2026.10.06-03.42.29 SNAPSHOT applied seq=35 phase=ACTION_MANEUVER
2026.10.06-03.42.29 HANDLE_APPLIED #48 seq=35 decision=1 fightersValid=1 boardValid=1
2026.10.06-03.42.29 MODE seq=35 mode=0 combat=0 pending=1
2026.10.06-03.42.29 HUD seq=35 phase=ACTION_MANEUVER turn=opp hand=0 oppHand=3(hidden) oppDeck=21 deck=23 discard=7
2026.10.06-03.42.29 ARTPREVIEW fighter=Medusa hero=1 eligible=0 visual=1 mesh=SK_Medusa_H2LD
2026.10.06-03.42.29 FIGHTERS synced n=6 alive=5 own=1 enemy=4
2026.10.06-03.42.29 WS seq=35 phase=ACTION_MANEUVER (merge)
2026.10.06-03.42.29 HUD-TRACK own=0/2 server=0 local=0 opp=0/2 oppVisible=1 anim=reset/reset seq=35 frame=1733
2026.10.06-03.42.29 S09AUTO drive mode=0 plan=[attack+abilityboost+scheme+storms+defend+resolve] phase=ACTION_MANEUVER turn=cmuhntivg0000wib0anhqyswc
2026.10.06-03.42.29 TAG fighter=f-0-hero bbox=(796,421,889,443) mode=compact look=P1 placement=above ring=0 hardPx2=0 softPx2=0 order=0 bound=1
2026.10.06-03.42.29 TAG fighter=f-0-sk0 bbox=(509,496,593,518) mode=compact look=P1 placement=above ring=0 hardPx2=0 softPx2=0 order=3 bound=1
2026.10.06-03.42.29 TAG fighter=f-0-sk1 bbox=(396,458,480,480) mode=compact look=P1 placement=above ring=0 hardPx2=0 softPx2=0 order=2 bound=1
2026.10.06-03.42.29 TAG fighter=f-0-sk2 bbox=(308,584,392,606) mode=compact look=P1 placement=left ring=0 hardPx2=0 softPx2=0 order=4 bound=1
2026.10.06-03.42.29 TAG fighter=f-1-hero bbox=(879,323,981,345) mode=compact look=P2 placement=above ring=0 hardPx2=0 softPx2=0 order=1 bound=1
2026.10.06-03.42.29 ICON fighter=f-0-hero bbox=(885,465,917,497) size=32 src=combat anchor=right fallback=0 overlapPx2=0 texture=/Game/S08/UI/IconsV3/T_IV3_action_attack_token_32.T_IV3_action_attack_token_32
2026.10.06-03.42.29 SNAPSHOT applied seq=36 phase=ACTION_MANEUVER
2026.10.06-03.42.29 HANDLE_APPLIED #49 seq=36 decision=2 fightersValid=1 boardValid=1
2026.10.06-03.42.29 MODE seq=36 mode=0 combat=0 pending=0
2026.10.06-03.42.29 MS-OPP verb=turn seq=36
2026.10.06-03.42.29 HUD seq=36 phase=ACTION_MANEUVER turn=opp hand=0 oppHand=3(hidden) oppDeck=21~ deck=23~ discard=7
2026.10.06-03.42.29 MS-STATUS seq=36 text="Medusa — Opponent is choosing an action"
2026.10.06-03.42.29 ARTPREVIEW fighter=Medusa hero=1 eligible=0 visual=1 mesh=SK_Medusa_H2LD
2026.10.06-03.42.29 FIGHTERS synced n=6 alive=5 own=1 enemy=4
2026.10.06-03.42.29 ARTPREVIEW damage-number fighter=f-1-hero amount=1 seq=36 cell=(4,1)
2026.10.06-03.42.29 ARTPREVIEW anim fighter=f-1-hero clip=HitReact len=0.417 event=damaged loop=0 phase=0.0000 seq=36 asset=AM_KingArthur_HitReact rate=1.00
2026.10.06-03.42.29 ARTPREVIEW hit-tint fighter=f-1-hero ms=450
2026.10.06-03.42.29 VO event=HURT speaker=ARTHUR t=62451 result=skipped line=- prio=3 reason=gap
2026.10.06-03.42.29 CUE damage f-1-hero -1 seq=36
2026.10.06-03.42.29 WS seq=36 phase=ACTION_MANEUVER (apply)
2026.10.06-03.42.29 CUE sound id=CUE-011 point=hit subject=f-1-hero seq=36 t=62451 event_t=62451 dt=0 class=SFX sound=SW_CMB_HIT_MAGIC_02 gain=0.80 result=played bank=CMB-HIT-MAGIC
2026.10.06-03.42.29 HUD-HEART side=own hero=f-1-hero hp=12/18 anim=damage glow=1 played=1
2026.10.06-03.42.29 TAG fighter=f-0-hero bbox=(796,421,889,443) mode=compact look=P1 placement=above ring=0 hardPx2=0 softPx2=0 order=0 bound=1
2026.10.06-03.42.29 TAG fighter=f-0-sk0 bbox=(509,496,593,518) mode=compact look=P1 placement=above ring=0 hardPx2=0 softPx2=0 order=3 bound=1
2026.10.06-03.42.29 TAG fighter=f-0-sk1 bbox=(396,458,480,480) mode=compact look=P1 placement=above ring=0 hardPx2=0 softPx2=0 order=2 bound=1
2026.10.06-03.42.29 TAG fighter=f-0-sk2 bbox=(308,584,392,606) mode=compact look=P1 placement=left ring=0 hardPx2=0 softPx2=0 order=4 bound=1
2026.10.06-03.42.29 TAG fighter=f-1-hero bbox=(879,323,981,345) mode=compact look=P2 placement=above ring=0 hardPx2=0 softPx2=0 order=1 bound=1
2026.10.06-03.42.29 ICON fighter=f-0-hero bbox=(885,465,917,497) size=32 src=combat anchor=right fallback=0 overlapPx2=0 texture=/Game/S08/UI/IconsV3/T_IV3_action_attack_token_32.T_IV3_action_attack_token_32
2026.10.06-03.42.29 DAMAGE fighter=f-1-hero bbox=(983,320,1023,348) amount=1 seq=36 placement=right ring=0 hardPx2=0 softPx2=0
2026.10.06-03.42.29 MS-LAST off seq=32 fade=300
2026.10.06-03.42.29 SNAPSHOT applied seq=37 phase=ACTION_MANEUVER
2026.10.06-03.42.29 HANDLE_APPLIED #50 seq=37 decision=2 fightersValid=1 boardValid=1
2026.10.06-03.42.29 MODE seq=37 mode=0 combat=0 pending=0
2026.10.06-03.42.29 MS-OPP verb=maneuver seq=37
2026.10.06-03.42.29 MS-TRACK own=0/2 opp=1/2 oppVisible=1 seq=37
2026.10.06-03.42.29 MS-OPP planning=1 seq=37
2026.10.06-03.42.29 CUE sound id=CUE-005 point=cue subject=hand.opp seq=37 t=62617 event_t=62617 dt=0 class=SFX sound=SW_CRD_DRAW_03 gain=0.80 result=played
2026.10.06-03.42.29 HUD seq=37 phase=ACTION_MANEUVER turn=opp hand=0 oppHand=4(hidden) oppDeck=21~ deck=23~ discard=7
2026.10.06-03.42.29 MS-STATUS seq=37 text="Medusa — Opponent is planning a maneuver"
2026.10.06-03.42.29 ARTPREVIEW fighter=Medusa hero=1 eligible=0 visual=1 mesh=SK_Medusa_H2LD
2026.10.06-03.42.29 FIGHTERS synced n=6 alive=5 own=1 enemy=4
2026.10.06-03.42.29 WS seq=37 phase=ACTION_MANEUVER (apply)
2026.10.06-03.42.30 HUD-TRACK own=0/2 server=0 local=0 opp=1/2 oppVisible=1 anim=-/spend seq=37 frame=1742
2026.10.06-03.42.30 CUE fx done id=CUE-009 subject=f-0-hero seq=34 t=62647 ms=500 cut=0
2026.10.06-03.42.30 SNAPSHOT applied seq=38 phase=ACTION_MANEUVER
2026.10.06-03.42.30 HANDLE_APPLIED #51 seq=38 decision=2 fightersValid=1 boardValid=1
2026.10.06-03.42.30 MODE seq=38 mode=0 combat=0 pending=0
2026.10.06-03.42.30 MS-OPP verb=turn seq=38
2026.10.06-03.42.30 MS-OPP planning=0 seq=38
2026.10.06-03.42.30 MS-LAST enter seq=38 player=cmuhntivg0000wib0anhqyswc source=MANEUVER moves=0 boost=-1
2026.10.06-03.42.30 HUD seq=38 phase=ACTION_MANEUVER turn=opp hand=0 oppHand=4(hidden) oppDeck=21~ deck=23~ discard=7
2026.10.06-03.42.30 MS-STATUS seq=38 text="Medusa — Opponent is choosing an action"
2026.10.06-03.42.30 ARTPREVIEW fighter=Medusa hero=1 eligible=0 visual=1 mesh=SK_Medusa_H2LD
2026.10.06-03.42.30 FIGHTERS synced n=6 alive=5 own=1 enemy=4
2026.10.06-03.42.30 WS seq=38 phase=ACTION_MANEUVER (apply)
2026.10.06-03.42.30 MS-LAST show seq=38 mode=restore player=cmuhntivg0000wib0anhqyswc from=- to=-
2026.10.06-03.42.30 MS-LOG seq=38 moves=0 truncated=0 text="Medusa: maneuver: no movement"
2026.10.06-03.42.30 ARTPREVIEW anim fighter=f-1-hero clip=Idle len=2.500 event=clipFinished loop=1 phase=0.3470 seq=-1 asset=AM_KingArthur_Idle rate=1.00
2026.10.06-03.42.30 TAG fighter=f-0-hero bbox=(796,421,889,443) mode=compact look=P1 placement=above ring=0 hardPx2=0 softPx2=0 order=0 bound=1
2026.10.06-03.42.30 TAG fighter=f-0-sk0 bbox=(509,496,593,518) mode=compact look=P1 placement=above ring=0 hardPx2=0 softPx2=0 order=3 bound=1
2026.10.06-03.42.30 TAG fighter=f-0-sk1 bbox=(396,458,480,480) mode=compact look=P1 placement=above ring=0 hardPx2=0 softPx2=0 order=2 bound=1
2026.10.06-03.42.30 TAG fighter=f-0-sk2 bbox=(308,584,392,606) mode=compact look=P1 placement=left ring=0 hardPx2=0 softPx2=0 order=4 bound=1
2026.10.06-03.42.30 TAG fighter=f-1-hero bbox=(879,323,981,345) mode=compact look=P2 placement=above ring=0 hardPx2=0 softPx2=0 order=1 bound=1
2026.10.06-03.42.30 ICON fighter=f-0-hero bbox=(885,465,917,497) size=32 src=combat anchor=right fallback=0 overlapPx2=0 texture=/Game/S08/UI/IconsV3/T_IV3_action_attack_token_32.T_IV3_action_attack_token_32
2026.10.06-03.42.31 game -> room=cmuw4tbs005wpt84mulgi3nuk code=<redacted> status=IN_PROGRESS
2026.10.06-03.42.31 CUE combat seq=35 stage=read t=63934 ms=1000 skipped=0
2026.10.06-03.42.31 CUE combat seq=35 stage=skip t=63984 src=catchup
2026.10.06-03.42.31 CUE combat seq=35 stage=effect t=63984 i=1 ms=50 skipped=1
2026.10.06-03.42.31 CUE combat seq=35 stage=effect t=63984 i=2 ms=0 skipped=1
2026.10.06-03.42.31 CUE combat seq=35 stage=slam t=63984 a=2 d=4 outcome=hold
2026.10.06-03.42.31 CATCHUP seq=35 latest=38 queued=3 lag=1533 t=63984 action=hurry reason=lag applied=1
2026.10.06-03.42.31 SFX bank=CMB-EFFECT-LINE tag=effect class=SFX t=63984 sound=SW_CMB_EFFECT_LINE_01 gain=0.80
2026.10.06-03.42.31 SFX bank=CMB-EFFECT-LINE tag=effect class=SFX t=63984 sound=SW_CMB_EFFECT_LINE_02 gain=0.80
2026.10.06-03.42.31 CUE sound id=CUE-010 point=cue subject=slam seq=35 t=63984 event_t=63984 dt=0 class=SFX sound=SW_CMB_SLAM_01 gain=0.80 result=played bank=CMB-SLAM
2026.10.06-03.42.31 VO event=CARD-HISS speaker=MEDUSA t=63984 result=played line=MEDUSA-CARD-HISS-01 prio=2
2026.10.06-03.42.31 VO subtitle line=MEDUSA-CARD-HISS-01 until=65160
2026.10.06-03.42.31 SFX bank=FX-HISS tag=card class=SFX t=63984 sound=SW_FX_HISS_01 gain=0.80
2026.10.06-03.42.31 SFX bank=FX-HISS-VOICE tag=voice class=VO t=63984 sound=SW_FX_HISS_VOICE gain=0.80
2026.10.06-03.42.31 SNAPSHOT applied seq=39 phase=ACTION_MANEUVER
2026.10.06-03.42.31 HANDLE_APPLIED #52 seq=39 decision=2 fightersValid=1 boardValid=1
2026.10.06-03.42.31 CUE fx done id=CUE-010 subject=scene seq=35 t=63984 ms=1670 cut=jump hold=1050
2026.10.06-03.42.31 CUE combat seq=35 stage=end t=63984 total=2270 skipped=1 cut=catchup
2026.10.06-03.42.31 CATCHUP seq=35 latest=39 queued=4 lag=1533 t=63984 action=cut reason=queue applied=1
2026.10.06-03.42.31 ARTPREVIEW fighter=Medusa hero=1 eligible=0 visual=1 mesh=SK_Medusa_H2LD
2026.10.06-03.42.31 ARTPREVIEW combat marker fighter=Medusa attacker=0 target=0 icon=0 targetMesh=SM_Marker_TargetRing iconMode=screen targetArcScaleXY=0.920
2026.10.06-03.42.31 ARTPREVIEW hero-light fighter=f-1-hero state=idle layers=2 lightsOn=2 keyCd=21.443 rimCd=1.822 mul=1.000 pulse=none
2026.10.06-03.42.31 ARTPREVIEW combat marker fighter=King Arthur attacker=0 target=0 icon=0 targetMesh=SM_Marker_TargetRing iconMode=screen targetArcScaleXY=0.920
2026.10.06-03.42.31 MODE seq=39 mode=0 combat=0 pending=0
2026.10.06-03.42.31 MS-OPP verb=maneuver seq=39
2026.10.06-03.42.31 MS-TRACK own=0/2 opp=2/2 oppVisible=1 seq=39
2026.10.06-03.42.31 MS-OPP planning=1 seq=39
2026.10.06-03.42.31 CUE sound id=CUE-005 point=cue subject=hand.opp seq=39 t=63984 event_t=63984 dt=0 class=SFX sound=SW_CRD_DRAW_04 gain=0.80 result=played
2026.10.06-03.42.31 HUD seq=39 phase=ACTION_MANEUVER turn=opp hand=0 oppHand=5(hidden) oppDeck=21~ deck=23~ discard=7
2026.10.06-03.42.31 MS-STATUS seq=39 text="Medusa — Opponent is planning a maneuver"
2026.10.06-03.42.31 ARTPREVIEW fighter=Medusa hero=1 eligible=0 visual=1 mesh=SK_Medusa_H2LD
2026.10.06-03.42.31 FIGHTERS synced n=6 alive=5 own=1 enemy=4
2026.10.06-03.42.31 WS seq=39 phase=ACTION_MANEUVER (apply)
2026.10.06-03.42.31 HUD-TRACK own=0/2 server=0 local=0 opp=2/2 oppVisible=1 anim=-/spend seq=39 frame=1783
2026.10.06-03.42.31 TAG fighter=f-0-hero bbox=(796,421,889,443) mode=compact look=P1 placement=above ring=0 hardPx2=0 softPx2=0 order=1 bound=1
2026.10.06-03.42.31 TAG fighter=f-0-sk0 bbox=(509,496,593,518) mode=compact look=P1 placement=above ring=0 hardPx2=0 softPx2=0 order=3 bound=1
2026.10.06-03.42.31 TAG fighter=f-0-sk1 bbox=(396,458,480,480) mode=compact look=P1 placement=above ring=0 hardPx2=0 softPx2=0 order=2 bound=1
2026.10.06-03.42.31 TAG fighter=f-0-sk2 bbox=(308,584,392,606) mode=compact look=P1 placement=left ring=0 hardPx2=0 softPx2=0 order=4 bound=1
2026.10.06-03.42.31 TAG fighter=f-1-hero bbox=(879,323,981,345) mode=compact look=P2 placement=above ring=0 hardPx2=0 softPx2=0 order=0 bound=1
2026.10.06-03.42.31 HUD icon hidden fighter=f-0-hero
2026.10.06-03.42.31 SNAPSHOT applied seq=40 phase=ACTION_MANEUVER
2026.10.06-03.42.31 HANDLE_APPLIED #53 seq=40 decision=2 fightersValid=1 boardValid=1
2026.10.06-03.42.31 TURN-INPUT open seq=40 frame=1787 gate=none
2026.10.06-03.42.31 MODE seq=40 mode=0 combat=0 pending=0
2026.10.06-03.42.31 MS-OPP verb=none seq=40
2026.10.06-03.42.31 MS-TRACK own=0/2 opp=0/2 oppVisible=0 seq=40
2026.10.06-03.42.31 MS-OPP planning=0 seq=40
2026.10.06-03.42.31 MS-LAST fade seq=38 at=40 ms=300
2026.10.06-03.42.31 MS-LAST replace seq=38 by=40
2026.10.06-03.42.31 MS-LAST enter seq=40 player=cmuhntivg0000wib0anhqyswc source=MANEUVER moves=0 boost=-1
2026.10.06-03.42.31 CUE sound id=CUE-015 point=turn subject=- seq=40 t=64151 event_t=64151 dt=0 class=UI sound=SW_UI_TURN_CHIME_01 gain=0.80 result=played turn=own
2026.10.06-03.42.31 VO event=TURN-START speaker=ARTHUR t=64151 result=skipped line=- prio=4 reason=busy
2026.10.06-03.42.31 HUD-TURN seq=40 turn=own initial=0 ring=marker-turn-ring flash=1000 banner=600 reduced=0
2026.10.06-03.42.31 HUD seq=40 phase=ACTION_MANEUVER turn=you hand=0 oppHand=5(hidden) oppDeck=21~ deck=23~ discard=7
2026.10.06-03.42.31 MS-STATUS seq=40 text="Choose an action: maneuver (M), attack (A) or scheme (G)"
2026.10.06-03.42.31 ARTPREVIEW fighter=Medusa hero=1 eligible=0 visual=1 mesh=SK_Medusa_H2LD
2026.10.06-03.42.31 FIGHTERS synced n=6 alive=5 own=1 enemy=4
2026.10.06-03.42.31 WS seq=40 phase=ACTION_MANEUVER (apply)
2026.10.06-03.42.31 MS-LAST show seq=40 mode=restore player=cmuhntivg0000wib0anhqyswc from=- to=-
2026.10.06-03.42.31 MS-LOG seq=40 moves=0 truncated=0 text="Medusa: maneuver: no movement"
2026.10.06-03.42.31 HUD-TRACK own=0/2 server=0 local=0 opp=0/2 oppVisible=0 anim=reset/reset seq=40 frame=1788
2026.10.06-03.42.31 S09AUTO own turn #3 (turnCount=8)
2026.10.06-03.42.31 HUD-TRACK chosen=maneuver seq=40 spent=0
2026.10.06-03.42.31 MS-STATUS seq=40 text="Syncing…"
2026.10.06-03.42.31 TOAST text="begin maneuver sent (server draws 1 card)"
2026.10.06-03.42.31 HUD-TRACK own=1/2 server=0 local=1 opp=0/2 oppVisible=0 anim=spend/- seq=40 frame=1789
2026.10.06-03.42.31 TAG fighter=f-0-hero bbox=(796,421,889,443) mode=compact look=P1 placement=above ring=0 hardPx2=0 softPx2=0 order=1 bound=1
2026.10.06-03.42.31 TAG fighter=f-0-sk0 bbox=(509,496,593,518) mode=compact look=P1 placement=above ring=0 hardPx2=0 softPx2=0 order=3 bound=1
2026.10.06-03.42.31 TAG fighter=f-0-sk1 bbox=(396,458,480,480) mode=compact look=P1 placement=above ring=0 hardPx2=0 softPx2=0 order=2 bound=1
2026.10.06-03.42.31 TAG fighter=f-0-sk2 bbox=(308,584,392,606) mode=compact look=P1 placement=left ring=0 hardPx2=0 softPx2=0 order=4 bound=1
2026.10.06-03.42.31 TAG fighter=f-1-hero bbox=(879,323,981,345) mode=compact look=P2 placement=above ring=0 hardPx2=0 softPx2=0 order=0 bound=1
2026.10.06-03.42.31 SNAPSHOT applied seq=41 phase=ACTION_MANEUVER
2026.10.06-03.42.31 HANDLE_APPLIED #54 seq=41 decision=2 fightersValid=1 boardValid=1
2026.10.06-03.42.31 MS-DRAFT op=candidates rev=8 src=snapshot n=1 ids=f-1-hero autoselect=f-1-hero
2026.10.06-03.42.31 MANEUVER-DRAFT mode=maneuver:8:40
2026.10.06-03.42.31 DRAFT-OPEN draw committed (resume instead of begin)
2026.10.06-03.42.31 MODE seq=41 mode=1 combat=0 pending=0
2026.10.06-03.42.31 MS-TRACK own=1/2 opp=0/2 oppVisible=0 seq=41
2026.10.06-03.42.31 CUE sound id=CUE-005 point=cue subject=hand.own seq=41 t=64284 event_t=64284 dt=0 class=SFX sound=SW_CRD_DRAW_02 gain=0.80 result=played
2026.10.06-03.42.31 HUD seq=41 phase=ACTION_MANEUVER turn=you hand=1 oppHand=5(hidden) oppDeck=19 deck=22 discard=7
2026.10.06-03.42.31 MS-STATUS seq=41 text="Choose a space for King Arthur; Enter confirms the maneuver"
2026.10.06-03.42.31 ARTPREVIEW fighter=Medusa hero=1 eligible=0 visual=1 mesh=SK_Medusa_H2LD
2026.10.06-03.42.31 FIGHTERS synced n=6 alive=5 own=1 enemy=4
2026.10.06-03.42.31 ARTPREVIEW selection ring shown fighter=King Arthur mesh=SM_Marker_SelectionRing
2026.10.06-03.42.31 ARTPREVIEW hero-light fighter=f-1-hero state=active layers=2 lightsOn=2 keyCd=24.574 rimCd=2.088 mul=1.146 pulse=0.40Hz+-4%
2026.10.06-03.42.31 ARTPREVIEW reachable rings cells=7 placed=1 radiusUU=36 segments=48 style=readability color=#FFC857 stroke=#14110C widthUU=3.50 strokeUU=1.50
2026.10.06-03.42.31 MANEUVER begin seq=41 (apply) pending=maneuver:8:40
2026.10.06-03.42.31 SNAPSHOT applied seq=41 phase=ACTION_MANEUVER
2026.10.06-03.42.31 HANDLE_APPLIED #55 seq=41 decision=1 fightersValid=1 boardValid=1
2026.10.06-03.42.31 MODE seq=41 mode=1 combat=0 pending=0
2026.10.06-03.42.31 HUD seq=41 phase=ACTION_MANEUVER turn=you hand=1 oppHand=5(hidden) oppDeck=19 deck=22 discard=7
2026.10.06-03.42.31 ARTPREVIEW fighter=Medusa hero=1 eligible=0 visual=1 mesh=SK_Medusa_H2LD
2026.10.06-03.42.31 ARTPREVIEW selection ring shown fighter=King Arthur mesh=SM_Marker_SelectionRing
2026.10.06-03.42.31 FIGHTERS synced n=6 alive=5 own=1 enemy=4
2026.10.06-03.42.31 ARTPREVIEW selection ring shown fighter=King Arthur mesh=SM_Marker_SelectionRing
2026.10.06-03.42.31 ARTPREVIEW reachable rings cells=7 placed=1 radiusUU=36 segments=48 style=readability color=#FFC857 stroke=#14110C widthUU=3.50 strokeUU=1.50
2026.10.06-03.42.31 WS seq=41 phase=ACTION_MANEUVER (merge)
2026.10.06-03.42.31 HUD-TRACK own=1/2 server=1 local=0 opp=0/2 oppVisible=0 anim=-/- seq=41 frame=1792
2026.10.06-03.42.31 HUD-HAND lower=1 pick=cell cursor=board preview=hidden seq=41
2026.10.06-03.42.31 S09AUTO drive mode=1 plan=[attack+abilityboost+scheme+storms+defend+resolve] phase=ACTION_MANEUVER turn=cmuhntiwu0001wib0z281rpa8
2026.10.06-03.42.31 S09AUTO approach: no improving legal step
2026.10.06-03.42.31 MANEUVER-CONFIRM moves=0 boost=none
2026.10.06-03.42.31 MS-STATUS seq=41 text="Syncing…"
2026.10.06-03.42.31 HUD plate content fighter=f-1-hero name=King Arthur hp=12/18 team=own statuses=HERO  |  MELEE teamSlot=P2 look=P2 shape=hexagon chip=#5786A8
2026.10.06-03.42.31 PLATE fighter=f-1-hero bbox=(891,457,1063,511) overlapReachable=0 placement=below ring=0 gap=6 selection=f-1-hero destinations=7 clean=1 softPx2=0 tested=110 bound=1
2026.10.06-03.42.31 TAG fighter=f-0-hero bbox=(796,421,889,443) mode=compact look=P1 placement=above ring=0 hardPx2=0 softPx2=0 order=0 bound=1
2026.10.06-03.42.31 TAG fighter=f-0-sk0 bbox=(509,496,593,518) mode=compact look=P1 placement=above ring=0 hardPx2=0 softPx2=0 order=2 bound=1
2026.10.06-03.42.31 TAG fighter=f-0-sk1 bbox=(396,458,480,480) mode=compact look=P1 placement=above ring=0 hardPx2=0 softPx2=0 order=1 bound=1
2026.10.06-03.42.31 TAG fighter=f-0-sk2 bbox=(308,584,392,606) mode=compact look=P1 placement=left ring=0 hardPx2=0 softPx2=0 order=3 bound=1
2026.10.06-03.42.31 TAG fighter=f-0-hero bbox=(796,421,889,443) mode=compact look=P1 placement=above ring=0 hardPx2=0 softPx2=0 order=0 bound=1
2026.10.06-03.42.31 TAG fighter=f-0-sk0 bbox=(509,496,593,518) mode=compact look=P1 placement=above ring=0 hardPx2=0 softPx2=0 order=2 bound=1
2026.10.06-03.42.31 TAG fighter=f-0-sk1 bbox=(396,458,480,480) mode=compact look=P1 placement=above ring=0 hardPx2=0 softPx2=0 order=1 bound=1
2026.10.06-03.42.31 TAG fighter=f-0-sk2 bbox=(308,584,392,606) mode=compact look=P1 placement=left ring=0 hardPx2=0 softPx2=0 order=3 bound=1
2026.10.06-03.42.31 TAG fighter=f-0-hero bbox=(796,421,889,443) mode=compact look=P1 placement=above ring=0 hardPx2=0 softPx2=0 order=0 bound=1
2026.10.06-03.42.31 TAG fighter=f-0-sk0 bbox=(509,496,593,518) mode=compact look=P1 placement=above ring=0 hardPx2=0 softPx2=0 order=2 bound=1
2026.10.06-03.42.31 TAG fighter=f-0-sk1 bbox=(396,458,480,480) mode=compact look=P1 placement=above ring=0 hardPx2=0 softPx2=0 order=1 bound=1
2026.10.06-03.42.31 TAG fighter=f-0-sk2 bbox=(308,584,392,606) mode=compact look=P1 placement=left ring=0 hardPx2=0 softPx2=0 order=3 bound=1
2026.10.06-03.42.31 TAG fighter=f-0-hero bbox=(796,421,889,443) mode=compact look=P1 placement=above ring=0 hardPx2=0 softPx2=0 order=0 bound=1
2026.10.06-03.42.31 TAG fighter=f-0-sk0 bbox=(509,496,593,518) mode=compact look=P1 placement=above ring=0 hardPx2=0 softPx2=0 order=2 bound=1
2026.10.06-03.42.31 TAG fighter=f-0-sk1 bbox=(396,458,480,480) mode=compact look=P1 placement=above ring=0 hardPx2=0 softPx2=0 order=1 bound=1
2026.10.06-03.42.31 TAG fighter=f-0-sk2 bbox=(308,584,392,606) mode=compact look=P1 placement=left ring=0 hardPx2=0 softPx2=0 order=3 bound=1
2026.10.06-03.42.31 TAG fighter=f-0-hero bbox=(796,421,889,443) mode=compact look=P1 placement=above ring=0 hardPx2=0 softPx2=0 order=0 bound=1
2026.10.06-03.42.31 TAG fighter=f-0-sk0 bbox=(509,496,593,518) mode=compact look=P1 placement=above ring=0 hardPx2=0 softPx2=0 order=2 bound=1
2026.10.06-03.42.31 TAG fighter=f-0-sk1 bbox=(396,458,480,480) mode=compact look=P1 placement=above ring=0 hardPx2=0 softPx2=0 order=1 bound=1
2026.10.06-03.42.31 TAG fighter=f-0-sk2 bbox=(308,584,392,606) mode=compact look=P1 placement=left ring=0 hardPx2=0 softPx2=0 order=3 bound=1
2026.10.06-03.42.31 SNAPSHOT applied seq=42 phase=ACTION_MANEUVER
2026.10.06-03.42.31 HANDLE_APPLIED #56 seq=42 decision=2 fightersValid=1 boardValid=1
2026.10.06-03.42.31 closed mode=
2026.10.06-03.42.31 MODE seq=42 mode=0 combat=0 pending=0
2026.10.06-03.42.31 MS-LAST replace seq=40 by=42
2026.10.06-03.42.31 MS-LAST enter seq=42 player=cmuhntiwu0001wib0z281rpa8 source=MANEUVER moves=0 boost=-1
2026.10.06-03.42.31 HUD seq=42 phase=ACTION_MANEUVER turn=you hand=1 oppHand=5(hidden) oppDeck=19 deck=22 discard=7
2026.10.06-03.42.31 MS-STATUS seq=42 text="Choose an action: maneuver (M), attack (A) or scheme (G)"
2026.10.06-03.42.31 ARTPREVIEW fighter=Medusa hero=1 eligible=0 visual=1 mesh=SK_Medusa_H2LD
2026.10.06-03.42.31 ARTPREVIEW selection ring shown fighter=King Arthur mesh=SM_Marker_SelectionRing
2026.10.06-03.42.31 FIGHTERS synced n=6 alive=5 own=1 enemy=4
2026.10.06-03.42.31 ARTPREVIEW hero-light fighter=f-1-hero state=idle layers=2 lightsOn=2 keyCd=21.443 rimCd=1.822 mul=1.000 pulse=none
2026.10.06-03.42.31 MANEUVER done seq=42 (apply) fighters=6 boost=no
2026.10.06-03.42.31 SNAPSHOT applied seq=42 phase=ACTION_MANEUVER
2026.10.06-03.42.31 HANDLE_APPLIED #57 seq=42 decision=1 fightersValid=1 boardValid=1
2026.10.06-03.42.31 MODE seq=42 mode=0 combat=0 pending=0
2026.10.06-03.42.31 HUD seq=42 phase=ACTION_MANEUVER turn=you hand=1 oppHand=5(hidden) oppDeck=19 deck=22 discard=7
2026.10.06-03.42.31 ARTPREVIEW fighter=Medusa hero=1 eligible=0 visual=1 mesh=SK_Medusa_H2LD
2026.10.06-03.42.31 FIGHTERS synced n=6 alive=5 own=1 enemy=4
2026.10.06-03.42.31 WS seq=42 phase=ACTION_MANEUVER (merge)
2026.10.06-03.42.31 MS-LAST show seq=42 mode=restore player=cmuhntiwu0001wib0z281rpa8 from=- to=-
2026.10.06-03.42.31 MS-LOG seq=42 moves=0 truncated=0 text="King Arthur: maneuver: no movement"
2026.10.06-03.42.31 HUD-HAND lower=0 pick=none cursor=board preview=shown seq=42
2026.10.06-03.42.31 PLATE hidden fighter=f-1-hero
2026.10.06-03.42.31 TAG fighter=f-0-hero bbox=(796,421,889,443) mode=compact look=P1 placement=above ring=0 hardPx2=0 softPx2=0 order=1 bound=1
2026.10.06-03.42.31 TAG fighter=f-0-sk0 bbox=(509,496,593,518) mode=compact look=P1 placement=above ring=0 hardPx2=0 softPx2=0 order=3 bound=1
2026.10.06-03.42.31 TAG fighter=f-0-sk1 bbox=(396,458,480,480) mode=compact look=P1 placement=above ring=0 hardPx2=0 softPx2=0 order=2 bound=1
2026.10.06-03.42.31 TAG fighter=f-0-sk2 bbox=(308,584,392,606) mode=compact look=P1 placement=left ring=0 hardPx2=0 softPx2=0 order=4 bound=1
2026.10.06-03.42.31 TAG fighter=f-1-hero bbox=(879,323,981,345) mode=compact look=P2 placement=above ring=0 hardPx2=0 softPx2=0 order=0 bound=1
2026.10.06-03.42.31 TAG fighter=f-0-hero bbox=(796,421,889,443) mode=compact look=P1 placement=above ring=0 hardPx2=0 softPx2=0 order=1 bound=1
2026.10.06-03.42.31 TAG fighter=f-0-sk0 bbox=(509,496,593,518) mode=compact look=P1 placement=above ring=0 hardPx2=0 softPx2=0 order=3 bound=1
2026.10.06-03.42.31 TAG fighter=f-0-sk1 bbox=(396,458,480,480) mode=compact look=P1 placement=above ring=0 hardPx2=0 softPx2=0 order=2 bound=1
2026.10.06-03.42.31 TAG fighter=f-0-sk2 bbox=(308,584,392,606) mode=compact look=P1 placement=left ring=0 hardPx2=0 softPx2=0 order=4 bound=1
2026.10.06-03.42.31 TAG fighter=f-1-hero bbox=(879,323,981,345) mode=compact look=P2 placement=above ring=0 hardPx2=0 softPx2=0 order=0 bound=1
2026.10.06-03.42.31 TAG fighter=f-0-hero bbox=(796,421,889,443) mode=compact look=P1 placement=above ring=0 hardPx2=0 softPx2=0 order=1 bound=1
2026.10.06-03.42.31 TAG fighter=f-0-sk0 bbox=(509,496,593,518) mode=compact look=P1 placement=above ring=0 hardPx2=0 softPx2=0 order=3 bound=1
2026.10.06-03.42.31 TAG fighter=f-0-sk1 bbox=(396,458,480,480) mode=compact look=P1 placement=above ring=0 hardPx2=0 softPx2=0 order=2 bound=1
2026.10.06-03.42.31 TAG fighter=f-0-sk2 bbox=(308,584,392,606) mode=compact look=P1 placement=left ring=0 hardPx2=0 softPx2=0 order=4 bound=1
2026.10.06-03.42.31 TAG fighter=f-1-hero bbox=(879,323,981,345) mode=compact look=P2 placement=above ring=0 hardPx2=0 softPx2=0 order=0 bound=1
2026.10.06-03.42.31 TAG fighter=f-0-hero bbox=(796,421,889,443) mode=compact look=P1 placement=above ring=0 hardPx2=0 softPx2=0 order=1 bound=1
2026.10.06-03.42.31 TAG fighter=f-0-sk0 bbox=(509,496,593,518) mode=compact look=P1 placement=above ring=0 hardPx2=0 softPx2=0 order=3 bound=1
2026.10.06-03.42.31 TAG fighter=f-0-sk1 bbox=(396,458,480,480) mode=compact look=P1 placement=above ring=0 hardPx2=0 softPx2=0 order=2 bound=1
2026.10.06-03.42.31 TAG fighter=f-0-sk2 bbox=(308,584,392,606) mode=compact look=P1 placement=left ring=0 hardPx2=0 softPx2=0 order=4 bound=1
2026.10.06-03.42.31 TAG fighter=f-1-hero bbox=(879,323,981,345) mode=compact look=P2 placement=above ring=0 hardPx2=0 softPx2=0 order=0 bound=1
2026.10.06-03.42.31 TAG fighter=f-0-hero bbox=(796,421,889,443) mode=compact look=P1 placement=above ring=0 hardPx2=0 softPx2=0 order=1 bound=1
2026.10.06-03.42.31 TAG fighter=f-0-sk0 bbox=(509,496,593,518) mode=compact look=P1 placement=above ring=0 hardPx2=0 softPx2=0 order=3 bound=1
2026.10.06-03.42.31 TAG fighter=f-0-sk1 bbox=(396,458,480,480) mode=compact look=P1 placement=above ring=0 hardPx2=0 softPx2=0 order=2 bound=1
2026.10.06-03.42.31 TAG fighter=f-0-sk2 bbox=(308,584,392,606) mode=compact look=P1 placement=left ring=0 hardPx2=0 softPx2=0 order=4 bound=1
2026.10.06-03.42.31 TAG fighter=f-1-hero bbox=(879,323,981,345) mode=compact look=P2 placement=above ring=0 hardPx2=0 softPx2=0 order=0 bound=1
2026.10.06-03.42.32 TAG fighter=f-0-hero bbox=(796,421,889,443) mode=compact look=P1 placement=above ring=0 hardPx2=0 softPx2=0 order=1 bound=1
2026.10.06-03.42.32 TAG fighter=f-0-sk0 bbox=(509,496,593,518) mode=compact look=P1 placement=above ring=0 hardPx2=0 softPx2=0 order=3 bound=1
2026.10.06-03.42.32 TAG fighter=f-0-sk1 bbox=(396,458,480,480) mode=compact look=P1 placement=above ring=0 hardPx2=0 softPx2=0 order=2 bound=1
2026.10.06-03.42.32 TAG fighter=f-0-sk2 bbox=(308,584,392,606) mode=compact look=P1 placement=left ring=0 hardPx2=0 softPx2=0 order=4 bound=1
2026.10.06-03.42.32 TAG fighter=f-1-hero bbox=(879,323,981,345) mode=compact look=P2 placement=above ring=0 hardPx2=0 softPx2=0 order=0 bound=1
2026.10.06-03.42.32 S09AUTO drive mode=0 plan=[attack+abilityboost+scheme+storms+defend+resolve] phase=ACTION_MANEUVER turn=cmuhntiwu0001wib0z281rpa8
2026.10.06-03.42.32 S09AUTO attack (attacker=f-1-hero target-set card-set)
2026.10.06-03.42.32 ATTACK sent ability=none
2026.10.06-03.42.32 HUD-TRACK chosen=attack seq=42 spent=1
2026.10.06-03.42.32 ARTPREVIEW combat marker fighter=Medusa attacker=0 target=1 icon=1 targetMesh=SM_Marker_TargetRing iconMode=screen targetArcScaleXY=0.920
2026.10.06-03.42.32 ARTPREVIEW hero-light fighter=f-1-hero state=active layers=2 lightsOn=2 keyCd=24.703 rimCd=2.099 mul=1.152 pulse=0.40Hz+-4%
2026.10.06-03.42.32 ARTPREVIEW combat marker fighter=King Arthur attacker=1 target=0 icon=0 targetMesh=SM_Marker_TargetRing iconMode=screen targetArcScaleXY=0.920
2026.10.06-03.42.32 MS-STATUS seq=42 text="Syncing…"
2026.10.06-03.42.32 TOAST text="attack sent"
2026.10.06-03.42.32 TAG fighter=f-0-hero bbox=(796,421,889,443) mode=compact look=P1 placement=above ring=0 hardPx2=0 softPx2=0 order=0 bound=1
2026.10.06-03.42.32 TAG fighter=f-0-sk0 bbox=(509,496,593,518) mode=compact look=P1 placement=above ring=0 hardPx2=0 softPx2=0 order=3 bound=1
2026.10.06-03.42.32 TAG fighter=f-0-sk1 bbox=(396,458,480,480) mode=compact look=P1 placement=above ring=0 hardPx2=0 softPx2=0 order=2 bound=1
2026.10.06-03.42.32 TAG fighter=f-0-sk2 bbox=(308,584,392,606) mode=compact look=P1 placement=left ring=0 hardPx2=0 softPx2=0 order=4 bound=1
2026.10.06-03.42.32 TAG fighter=f-1-hero bbox=(879,323,981,345) mode=compact look=P2 placement=above ring=0 hardPx2=0 softPx2=0 order=1 bound=1
2026.10.06-03.42.32 ICON fighter=f-0-hero bbox=(885,465,917,497) size=32 src=combat anchor=right fallback=0 overlapPx2=0 texture=/Game/S08/UI/IconsV3/T_IV3_action_attack_token_32.T_IV3_action_attack_token_32
2026.10.06-03.42.32 HUD-TRACK own=2/2 server=1 local=1 opp=0/2 oppVisible=0 anim=spend/- seq=42 frame=1830
2026.10.06-03.42.32 TAG fighter=f-0-hero bbox=(796,421,889,443) mode=compact look=P1 placement=above ring=0 hardPx2=0 softPx2=0 order=0 bound=1
2026.10.06-03.42.32 TAG fighter=f-0-sk0 bbox=(509,496,593,518) mode=compact look=P1 placement=above ring=0 hardPx2=0 softPx2=0 order=3 bound=1
2026.10.06-03.42.32 TAG fighter=f-0-sk1 bbox=(396,458,480,480) mode=compact look=P1 placement=above ring=0 hardPx2=0 softPx2=0 order=2 bound=1
2026.10.06-03.42.32 TAG fighter=f-0-sk2 bbox=(308,584,392,606) mode=compact look=P1 placement=left ring=0 hardPx2=0 softPx2=0 order=4 bound=1
2026.10.06-03.42.32 TAG fighter=f-1-hero bbox=(879,323,981,345) mode=compact look=P2 placement=above ring=0 hardPx2=0 softPx2=0 order=1 bound=1
2026.10.06-03.42.32 ICON fighter=f-0-hero bbox=(885,465,917,497) size=32 src=combat anchor=right fallback=0 overlapPx2=0 texture=/Game/S08/UI/IconsV3/T_IV3_action_attack_token_32.T_IV3_action_attack_token_32
2026.10.06-03.42.33 SNAPSHOT applied seq=43 phase=COMBAT
2026.10.06-03.42.33 HANDLE_APPLIED #58 seq=43 decision=2 fightersValid=1 boardValid=1
2026.10.06-03.42.33 CUE sound id=CUE-008 point=cue subject=f-1-hero seq=43 t=65651 event_t=65651 dt=0 class=SFX sound=SW_CMB_ATTACK_DECLARE_01 gain=0.80 result=played
2026.10.06-03.42.33 AUDIO attack seq=43 key=ARTHUR abilityBoost=0
2026.10.06-03.42.33 VO event=ATTACK speaker=ARTHUR t=65651 result=skipped line=- prio=3 reason=gap
2026.10.06-03.42.33 CUE fx id=CUE-008 subject=f-1-hero seq=43 t=65651 vfx=missing sfx=missing clip=none mat=none socket=Weapon reduced=0 result=fallback
2026.10.06-03.42.33 closed mode=
2026.10.06-03.42.33 MODE seq=43 mode=0 combat=1 pending=0
2026.10.06-03.42.33 MS-OPP verb=defend seq=43
2026.10.06-03.42.33 MS-TRACK own=2/2 opp=0/2 oppVisible=0 seq=43
2026.10.06-03.42.33 HUD seq=43 phase=COMBAT turn=you hand=0 oppHand=5(hidden) oppDeck=19 deck=22 discard=8
2026.10.06-03.42.33 MS-STATUS seq=43 text="Waiting for the defender"
2026.10.06-03.42.33 ARTPREVIEW fighter=Medusa hero=1 eligible=0 visual=1 mesh=SK_Medusa_H2LD
2026.10.06-03.42.33 FIGHTERS synced n=6 alive=5 own=1 enemy=4
2026.10.06-03.42.33 ATTACK done seq=43 (apply) phase=COMBAT
2026.10.06-03.42.33 SNAPSHOT applied seq=43 phase=COMBAT
2026.10.06-03.42.33 HANDLE_APPLIED #59 seq=43 decision=1 fightersValid=1 boardValid=1
2026.10.06-03.42.33 MODE seq=43 mode=0 combat=1 pending=0
2026.10.06-03.42.33 HUD seq=43 phase=COMBAT turn=you hand=0 oppHand=5(hidden) oppDeck=19 deck=22 discard=8
2026.10.06-03.42.33 ARTPREVIEW fighter=Medusa hero=1 eligible=0 visual=1 mesh=SK_Medusa_H2LD
2026.10.06-03.42.33 FIGHTERS synced n=6 alive=5 own=1 enemy=4
2026.10.06-03.42.33 WS seq=43 phase=COMBAT (merge)
2026.10.06-03.42.33 HUD-TRACK own=2/2 server=2 local=0 opp=0/2 oppVisible=0 anim=-/- seq=43 frame=1833
2026.10.06-03.42.33 TAG fighter=f-0-hero bbox=(796,421,889,443) mode=compact look=P1 placement=above ring=0 hardPx2=0 softPx2=0 order=0 bound=1
2026.10.06-03.42.33 TAG fighter=f-0-sk0 bbox=(509,496,593,518) mode=compact look=P1 placement=above ring=0 hardPx2=0 softPx2=0 order=3 bound=1
2026.10.06-03.42.33 TAG fighter=f-0-sk1 bbox=(396,458,480,480) mode=compact look=P1 placement=above ring=0 hardPx2=0 softPx2=0 order=2 bound=1
2026.10.06-03.42.33 TAG fighter=f-0-sk2 bbox=(308,584,392,606) mode=compact look=P1 placement=left ring=0 hardPx2=0 softPx2=0 order=4 bound=1
2026.10.06-03.42.33 TAG fighter=f-1-hero bbox=(879,323,981,345) mode=compact look=P2 placement=above ring=0 hardPx2=0 softPx2=0 order=1 bound=1
2026.10.06-03.42.33 ICON fighter=f-0-hero bbox=(885,465,917,497) size=32 src=combat anchor=right fallback=0 overlapPx2=0 texture=/Game/S08/UI/IconsV3/T_IV3_action_attack_token_32.T_IV3_action_attack_token_32
2026.10.06-03.42.33 SNAPSHOT applied seq=44 phase=COMBAT_RESOLVE
2026.10.06-03.42.33 HANDLE_APPLIED #60 seq=44 decision=2 fightersValid=1 boardValid=1
2026.10.06-03.42.33 CUE sound id=CUE-009 point=cue subject=f-0-hero seq=44 t=65784 event_t=65784 dt=0 class=SFX sound=SW_CMB_DEFENSE_PLAYED_02 gain=0.80 result=played
2026.10.06-03.42.33 VO event=DEFEND speaker=MEDUSA t=65784 result=skipped line=- prio=4 reason=gap
2026.10.06-03.42.33 CUE fx done id=CUE-008 subject=f-1-hero seq=43 t=65784 ms=133 cut=interrupt
2026.10.06-03.42.33 CUE fx id=CUE-009 subject=f-0-hero seq=44 t=65784 vfx=missing sfx=missing clip=none mat=FxFlash socket=Head reduced=0 result=fallback
2026.10.06-03.42.33 closed mode=
2026.10.06-03.42.33 MODE seq=44 mode=5 combat=1 pending=0
2026.10.06-03.42.33 HUD seq=44 phase=COMBAT_RESOLVE turn=you hand=0 oppHand=4(hidden) oppDeck=19~ deck=22~ discard=8
2026.10.06-03.42.33 MS-STATUS seq=44 text="Resolve the combat (R)"
2026.10.06-03.42.33 ARTPREVIEW fighter=Medusa hero=1 eligible=0 visual=1 mesh=SK_Medusa_H2LD
2026.10.06-03.42.33 FIGHTERS synced n=6 alive=5 own=1 enemy=4
2026.10.06-03.42.33 WS seq=44 phase=COMBAT_RESOLVE (apply)
2026.10.06-03.42.33 S09AUTO drive mode=5 plan=[attack+abilityboost+scheme+storms+defend+resolve] phase=COMBAT_RESOLVE turn=cmuhntiwu0001wib0z281rpa8
2026.10.06-03.42.33 S09AUTO resolve
2026.10.06-03.42.33 RESOLVE sent
2026.10.06-03.42.33 MS-STATUS seq=44 text="Syncing…"
2026.10.06-03.42.33 TOAST text="resolve sent"
2026.10.06-03.42.33 TAG fighter=f-0-hero bbox=(796,421,889,443) mode=compact look=P1 placement=above ring=0 hardPx2=0 softPx2=0 order=0 bound=1
2026.10.06-03.42.33 TAG fighter=f-0-sk0 bbox=(509,496,593,518) mode=compact look=P1 placement=above ring=0 hardPx2=0 softPx2=0 order=3 bound=1
2026.10.06-03.42.33 TAG fighter=f-0-sk1 bbox=(396,458,480,480) mode=compact look=P1 placement=above ring=0 hardPx2=0 softPx2=0 order=2 bound=1
2026.10.06-03.42.33 TAG fighter=f-0-sk2 bbox=(308,584,392,606) mode=compact look=P1 placement=left ring=0 hardPx2=0 softPx2=0 order=4 bound=1
2026.10.06-03.42.33 TAG fighter=f-1-hero bbox=(879,323,981,345) mode=compact look=P2 placement=above ring=0 hardPx2=0 softPx2=0 order=1 bound=1
2026.10.06-03.42.33 ICON fighter=f-0-hero bbox=(885,465,917,497) size=32 src=combat anchor=right fallback=0 overlapPx2=0 texture=/Game/S08/UI/IconsV3/T_IV3_action_attack_token_32.T_IV3_action_attack_token_32
2026.10.06-03.42.33 SNAPSHOT applied seq=45 phase=COMBAT_RESOLVE
2026.10.06-03.42.33 HANDLE_APPLIED #61 seq=45 decision=2 fightersValid=1 boardValid=1
2026.10.06-03.42.33 MODE seq=45 mode=5 combat=1 pending=1
2026.10.06-03.42.33 MS-OPP verb=ability seq=45
2026.10.06-03.42.33 MS-LAST fade seq=42 at=45 ms=300
2026.10.06-03.42.33 HUD seq=45 phase=COMBAT_RESOLVE turn=you hand=0 oppHand=4(hidden) oppDeck=19 deck=22 discard=8
2026.10.06-03.42.33 MS-STATUS seq=45 text="Waiting for the opponent's choice"
2026.10.06-03.42.33 RESOLVE panel revealed: A4+B0 vs D3
2026.10.06-03.42.33 RESOLVE panel blocked by pending (type=MOVE id=cmq7d7b4b00ruwi74zyil05so-after-0-p0)
2026.10.06-03.42.33 ARTPREVIEW fighter=Medusa hero=1 eligible=0 visual=1 mesh=SK_Medusa_H2LD
2026.10.06-03.42.33 FIGHTERS synced n=6 alive=5 own=1 enemy=4
2026.10.06-03.42.33 ARTPREVIEW damage-number fighter=f-0-hero amount=1 seq=45 cell=(3,2)
2026.10.06-03.42.33 ARTPREVIEW anim fighter=f-0-hero clip=HitReact len=0.417 event=damaged loop=0 phase=0.0000 seq=45 asset=AM_Medusa_HitReact rate=1.00
2026.10.06-03.42.33 ARTPREVIEW hit-tint fighter=f-0-hero ms=450
2026.10.06-03.42.33 VO event=HURT speaker=MEDUSA t=65917 result=skipped line=- prio=3 reason=gap
2026.10.06-03.42.33 CUE damage f-0-hero -1 seq=45
2026.10.06-03.42.33 RESOLVE done seq=45 (apply) phase=COMBAT_RESOLVE
2026.10.06-03.42.33 SNAPSHOT applied seq=45 phase=COMBAT_RESOLVE
2026.10.06-03.42.33 HANDLE_APPLIED #62 seq=45 decision=1 fightersValid=1 boardValid=1
2026.10.06-03.42.33 MODE seq=45 mode=5 combat=1 pending=1
2026.10.06-03.42.33 HUD seq=45 phase=COMBAT_RESOLVE turn=you hand=0 oppHand=4(hidden) oppDeck=19 deck=22 discard=8
2026.10.06-03.42.33 ARTPREVIEW fighter=Medusa hero=1 eligible=0 visual=1 mesh=SK_Medusa_H2LD
2026.10.06-03.42.33 FIGHTERS synced n=6 alive=5 own=1 enemy=4
2026.10.06-03.42.33 WS seq=45 phase=COMBAT_RESOLVE (merge)
2026.10.06-03.42.33 CUE sound id=CUE-011 point=hit subject=f-0-hero seq=45 t=65917 event_t=65917 dt=0 class=SFX sound=SW_CMB_HIT_MAGIC_03 gain=0.80 result=played bank=CMB-HIT-MAGIC
2026.10.06-03.42.33 HUD-HEART side=opp hero=f-0-hero hp=3/16 anim=damage glow=1 played=1
2026.10.06-03.42.33 TAG fighter=f-0-hero bbox=(796,421,889,443) mode=compact look=P1 placement=above ring=0 hardPx2=0 softPx2=0 order=0 bound=1
2026.10.06-03.42.33 TAG fighter=f-0-sk0 bbox=(509,496,593,518) mode=compact look=P1 placement=above ring=0 hardPx2=0 softPx2=0 order=3 bound=1
2026.10.06-03.42.33 TAG fighter=f-0-sk1 bbox=(396,458,480,480) mode=compact look=P1 placement=above ring=0 hardPx2=0 softPx2=0 order=2 bound=1
2026.10.06-03.42.33 TAG fighter=f-0-sk2 bbox=(308,584,392,606) mode=compact look=P1 placement=left ring=0 hardPx2=0 softPx2=0 order=4 bound=1
2026.10.06-03.42.33 TAG fighter=f-1-hero bbox=(879,323,981,345) mode=compact look=P2 placement=above ring=0 hardPx2=0 softPx2=0 order=1 bound=1
2026.10.06-03.42.33 ICON fighter=f-0-hero bbox=(885,465,917,497) size=32 src=combat anchor=right fallback=0 overlapPx2=0 texture=/Game/S08/UI/IconsV3/T_IV3_action_attack_token_32.T_IV3_action_attack_token_32
2026.10.06-03.42.33 DAMAGE fighter=f-0-hero bbox=(823,391,863,419) amount=1 seq=45 placement=above ring=0 hardPx2=0 softPx2=0
2026.10.06-03.42.33 TAG fighter=f-0-hero bbox=(796,421,889,443) mode=compact look=P1 placement=above ring=0 hardPx2=0 softPx2=0 order=0 bound=1
2026.10.06-03.42.33 TAG fighter=f-0-sk0 bbox=(509,496,593,518) mode=compact look=P1 placement=above ring=0 hardPx2=0 softPx2=0 order=3 bound=1
2026.10.06-03.42.33 TAG fighter=f-0-sk1 bbox=(396,458,480,480) mode=compact look=P1 placement=above ring=0 hardPx2=0 softPx2=0 order=2 bound=1
2026.10.06-03.42.33 TAG fighter=f-0-sk2 bbox=(308,584,392,606) mode=compact look=P1 placement=left ring=0 hardPx2=0 softPx2=0 order=4 bound=1
2026.10.06-03.42.33 TAG fighter=f-1-hero bbox=(879,323,981,345) mode=compact look=P2 placement=above ring=0 hardPx2=0 softPx2=0 order=1 bound=1
2026.10.06-03.42.33 ICON fighter=f-0-hero bbox=(885,465,917,497) size=32 src=combat anchor=right fallback=0 overlapPx2=0 texture=/Game/S08/UI/IconsV3/T_IV3_action_attack_token_32.T_IV3_action_attack_token_32
2026.10.06-03.42.33 SNAPSHOT applied seq=46 phase=ACTION_MANEUVER
2026.10.06-03.42.33 HANDLE_APPLIED #63 seq=46 decision=2 fightersValid=1 boardValid=1
2026.10.06-03.42.33 COMBAT-RESULT seq=46 damage=1 role=attacked
2026.10.06-03.42.33 COMBAT-LOG seq=46 log=46 n=8 entries=2 lines=2 src=log outcomes=APPLIED:1,CHOICE:1
2026.10.06-03.42.33 AUDIO combat seq=46 boosts=0 cancelled=0 own=1 fizzle=0
2026.10.06-03.42.33 CUE combat seq=46 stage=start t=66051 attacker=f-1-hero target=f-0-hero text=1 lines=2 damage=1 lethal=0 shown=1 speed=1.00 flip=620 contact=292 src=notify a=4 d=3 outcome=win
2026.10.06-03.42.33 CUE fx id=CUE-010 subject=scene seq=46 t=66051 vfx=none sfx=missing clip=none mat=none socket=- reduced=0 result=fallback
2026.10.06-03.42.33 CUE sound id=CUE-010 point=cue subject=card.attack seq=46 t=66051 event_t=66051 dt=0 class=SFX sound=SW_CRD_FLIP_02 gain=0.80 result=played
2026.10.06-03.42.33 CUE sound id=CUE-010 point=cue subject=card.defense seq=46 t=66051 event_t=66051 dt=0 class=SFX sound=SW_CRD_FLIP_03 gain=0.80 result=played
2026.10.06-03.42.33 RESOLVE panel revealed: A4+B0 vs D3
2026.10.06-03.42.33 closed mode=
2026.10.06-03.42.33 MODE seq=46 mode=0 combat=0 pending=1
2026.10.06-03.42.33 MS-TRACK own=0/2 opp=0/2 oppVisible=1 seq=46
2026.10.06-03.42.33 MS-LAST replace seq=42 by=46
2026.10.06-03.42.33 MS-LAST enter seq=46 player=cmuhntivg0000wib0anhqyswc source=EFFECT moves=0 boost=-1
2026.10.06-03.42.33 CUE sound id=CUE-015 point=turn subject=- seq=46 t=66051 event_t=66051 dt=0 class=UI sound=none gain=0.80 result=silent turn=opp reason=opponent
2026.10.06-03.42.33 HUD-TURN seq=46 turn=opp initial=0 ring=marker-turn-ring flash=1000 banner=0 reduced=0
2026.10.06-03.42.33 CUE sound id=CUE-005 point=cue subject=hand.own seq=46 t=66051 event_t=66051 dt=0 class=SFX sound=SW_CRD_DRAW_01 gain=0.80 result=played
2026.10.06-03.42.33 HUD seq=46 phase=ACTION_MANEUVER turn=opp hand=2 oppHand=4(hidden) oppDeck=19~ deck=22~ discard=8
2026.10.06-03.42.33 ARTPREVIEW fighter=Medusa hero=1 eligible=0 visual=1 mesh=SK_Medusa_H2LD
2026.10.06-03.42.33 FIGHTERS synced n=6 alive=5 own=1 enemy=4
2026.10.06-03.42.33 WS seq=46 phase=ACTION_MANEUVER (apply)
2026.10.06-03.42.33 MS-LAST show seq=46 mode=restore player=cmuhntivg0000wib0anhqyswc from=- to=-
2026.10.06-03.42.33 MS-LOG seq=46 moves=0 truncated=0 text="Medusa: Dash effect: no movement"
2026.10.06-03.42.33 HUD-TRACK own=0/2 server=0 local=0 opp=0/2 oppVisible=1 anim=reset/reset seq=46 frame=1845
2026.10.06-03.42.33 S09AUTO drive mode=0 plan=[attack+abilityboost+scheme+storms+defend+resolve] phase=ACTION_MANEUVER turn=cmuhntivg0000wib0anhqyswc
2026.10.06-03.42.33 TAG fighter=f-0-hero bbox=(796,421,889,443) mode=compact look=P1 placement=above ring=0 hardPx2=0 softPx2=0 order=0 bound=1
2026.10.06-03.42.33 TAG fighter=f-0-sk0 bbox=(509,496,593,518) mode=compact look=P1 placement=above ring=0 hardPx2=0 softPx2=0 order=3 bound=1
2026.10.06-03.42.33 TAG fighter=f-0-sk1 bbox=(396,458,480,480) mode=compact look=P1 placement=above ring=0 hardPx2=0 softPx2=0 order=2 bound=1
2026.10.06-03.42.33 TAG fighter=f-0-sk2 bbox=(308,584,392,606) mode=compact look=P1 placement=left ring=0 hardPx2=0 softPx2=0 order=4 bound=1
2026.10.06-03.42.33 TAG fighter=f-1-hero bbox=(879,323,981,345) mode=compact look=P2 placement=above ring=0 hardPx2=0 softPx2=0 order=1 bound=1
2026.10.06-03.42.33 ICON fighter=f-0-hero bbox=(885,465,917,497) size=32 src=combat anchor=right fallback=0 overlapPx2=0 texture=/Game/S08/UI/IconsV3/T_IV3_action_attack_token_32.T_IV3_action_attack_token_32
2026.10.06-03.42.33 SNAPSHOT applied seq=47 phase=ACTION_MANEUVER
2026.10.06-03.42.33 HANDLE_APPLIED #64 seq=47 decision=2 fightersValid=1 boardValid=1
2026.10.06-03.42.33 MODE seq=47 mode=0 combat=0 pending=0
2026.10.06-03.42.33 MS-OPP verb=turn seq=47
2026.10.06-03.42.33 MS-LAST fade seq=46 at=47 ms=300
2026.10.06-03.42.33 HUD seq=47 phase=ACTION_MANEUVER turn=opp hand=2 oppHand=4(hidden) oppDeck=19~ deck=22~ discard=8
2026.10.06-03.42.33 MS-STATUS seq=47 text="Medusa — Opponent is choosing an action"
2026.10.06-03.42.33 ARTPREVIEW fighter=Medusa hero=1 eligible=0 visual=1 mesh=SK_Medusa_H2LD
2026.10.06-03.42.33 FIGHTERS synced n=6 alive=5 own=1 enemy=4
2026.10.06-03.42.33 ARTPREVIEW damage-number fighter=f-1-hero amount=1 seq=47 cell=(4,1)
2026.10.06-03.42.33 ARTPREVIEW anim fighter=f-1-hero clip=HitReact len=0.417 event=damaged loop=0 phase=0.0000 seq=47 asset=AM_KingArthur_HitReact rate=1.00
2026.10.06-03.42.33 ARTPREVIEW hit-tint fighter=f-1-hero ms=450
2026.10.06-03.42.33 VO event=HURT speaker=ARTHUR t=66184 result=skipped line=- prio=3 reason=gap
2026.10.06-03.42.33 CUE damage f-1-hero -1 seq=47
2026.10.06-03.42.33 WS seq=47 phase=ACTION_MANEUVER (apply)
2026.10.06-03.42.33 CUE sound id=CUE-011 point=hit subject=f-1-hero seq=47 t=66184 event_t=66184 dt=0 class=SFX sound=SW_CMB_HIT_MAGIC_01 gain=0.80 result=played bank=CMB-HIT-MAGIC
2026.10.06-03.42.33 HUD-HEART side=own hero=f-1-hero hp=11/18 anim=damage glow=1 played=1
2026.10.06-03.42.33 TAG fighter=f-0-hero bbox=(796,421,889,443) mode=compact look=P1 placement=above ring=0 hardPx2=0 softPx2=0 order=0 bound=1
2026.10.06-03.42.33 TAG fighter=f-0-sk0 bbox=(509,496,593,518) mode=compact look=P1 placement=above ring=0 hardPx2=0 softPx2=0 order=3 bound=1
2026.10.06-03.42.33 TAG fighter=f-0-sk1 bbox=(396,458,480,480) mode=compact look=P1 placement=above ring=0 hardPx2=0 softPx2=0 order=2 bound=1
2026.10.06-03.42.33 TAG fighter=f-0-sk2 bbox=(308,584,392,606) mode=compact look=P1 placement=left ring=0 hardPx2=0 softPx2=0 order=4 bound=1
2026.10.06-03.42.33 TAG fighter=f-1-hero bbox=(879,323,981,345) mode=compact look=P2 placement=above ring=0 hardPx2=0 softPx2=0 order=1 bound=1
2026.10.06-03.42.33 ICON fighter=f-0-hero bbox=(885,465,917,497) size=32 src=combat anchor=right fallback=0 overlapPx2=0 texture=/Game/S08/UI/IconsV3/T_IV3_action_attack_token_32.T_IV3_action_attack_token_32
2026.10.06-03.42.33 DAMAGE fighter=f-1-hero bbox=(983,320,1023,348) amount=1 seq=47 placement=right ring=0 hardPx2=0 softPx2=0
2026.10.06-03.42.33 SFX bank=CRD-DRAW tag=draw class=SFX t=66251 sound=SW_CRD_DRAW_03 gain=0.80
2026.10.06-03.42.33 CUE fx done id=CUE-009 subject=f-0-hero seq=44 t=66284 ms=500 cut=0
2026.10.06-03.42.33 SNAPSHOT applied seq=48 phase=ACTION_MANEUVER
2026.10.06-03.42.33 HANDLE_APPLIED #65 seq=48 decision=2 fightersValid=1 boardValid=1
2026.10.06-03.42.33 MODE seq=48 mode=0 combat=0 pending=0
2026.10.06-03.42.33 MS-OPP verb=maneuver seq=48
2026.10.06-03.42.33 MS-TRACK own=0/2 opp=1/2 oppVisible=1 seq=48
2026.10.06-03.42.33 MS-OPP planning=1 seq=48
2026.10.06-03.42.33 CUE sound id=CUE-005 point=cue subject=hand.opp seq=48 t=66317 event_t=66317 dt=0 class=SFX sound=SW_CRD_DRAW_02 gain=0.80 result=played
2026.10.06-03.42.33 HUD seq=48 phase=ACTION_MANEUVER turn=opp hand=2 oppHand=5(hidden) oppDeck=19~ deck=22~ discard=8
2026.10.06-03.42.33 MS-STATUS seq=48 text="Medusa — Opponent is planning a maneuver"
2026.10.06-03.42.33 ARTPREVIEW fighter=Medusa hero=1 eligible=0 visual=1 mesh=SK_Medusa_H2LD
2026.10.06-03.42.33 FIGHTERS synced n=6 alive=5 own=1 enemy=4
2026.10.06-03.42.33 WS seq=48 phase=ACTION_MANEUVER (apply)
2026.10.06-03.42.33 HUD-TRACK own=0/2 server=0 local=0 opp=1/2 oppVisible=1 anim=-/spend seq=48 frame=1853
2026.10.06-03.42.33 ARTPREVIEW anim fighter=f-0-hero clip=Idle len=2.333 event=clipFinished loop=1 phase=0.8071 seq=-1 asset=AM_Medusa_Idle rate=1.00
2026.10.06-03.42.33 SNAPSHOT applied seq=49 phase=ACTION_MANEUVER
2026.10.06-03.42.33 HANDLE_APPLIED #66 seq=49 decision=2 fightersValid=1 boardValid=1
2026.10.06-03.42.33 MODE seq=49 mode=0 combat=0 pending=0
2026.10.06-03.42.33 MS-OPP verb=turn seq=49
2026.10.06-03.42.33 MS-OPP planning=0 seq=49
2026.10.06-03.42.33 MS-LAST replace seq=46 by=49
2026.10.06-03.42.33 MS-LAST enter seq=49 player=cmuhntivg0000wib0anhqyswc source=MANEUVER moves=0 boost=-1
2026.10.06-03.42.33 HUD seq=49 phase=ACTION_MANEUVER turn=opp hand=2 oppHand=5(hidden) oppDeck=19~ deck=22~ discard=8
2026.10.06-03.42.33 MS-STATUS seq=49 text="Medusa — Opponent is choosing an action"
2026.10.06-03.42.33 ARTPREVIEW fighter=Medusa hero=1 eligible=0 visual=1 mesh=SK_Medusa_H2LD
2026.10.06-03.42.33 FIGHTERS synced n=6 alive=5 own=1 enemy=4
2026.10.06-03.42.33 WS seq=49 phase=ACTION_MANEUVER (apply)
2026.10.06-03.42.33 MS-LAST show seq=49 mode=restore player=cmuhntivg0000wib0anhqyswc from=- to=-
2026.10.06-03.42.33 MS-LOG seq=49 moves=0 truncated=0 text="Medusa: maneuver: no movement"
2026.10.06-03.42.33 ARTPREVIEW anim fighter=f-1-hero clip=Idle len=2.500 event=clipFinished loop=1 phase=0.3470 seq=-1 asset=AM_KingArthur_Idle rate=1.00
2026.10.06-03.42.34 game -> room=cmuw4tbs005wpt84mulgi3nuk code=<redacted> status=IN_PROGRESS
2026.10.06-03.42.34 TAG fighter=f-0-hero bbox=(796,421,889,443) mode=compact look=P1 placement=above ring=0 hardPx2=0 softPx2=0 order=0 bound=1
2026.10.06-03.42.34 TAG fighter=f-0-sk0 bbox=(509,496,593,518) mode=compact look=P1 placement=above ring=0 hardPx2=0 softPx2=0 order=3 bound=1
2026.10.06-03.42.34 TAG fighter=f-0-sk1 bbox=(396,458,480,480) mode=compact look=P1 placement=above ring=0 hardPx2=0 softPx2=0 order=2 bound=1
2026.10.06-03.42.34 TAG fighter=f-0-sk2 bbox=(308,584,392,606) mode=compact look=P1 placement=left ring=0 hardPx2=0 softPx2=0 order=4 bound=1
2026.10.06-03.42.34 TAG fighter=f-1-hero bbox=(879,323,981,345) mode=compact look=P2 placement=above ring=0 hardPx2=0 softPx2=0 order=1 bound=1
2026.10.06-03.42.34 ICON fighter=f-0-hero bbox=(885,465,917,497) size=32 src=combat anchor=right fallback=0 overlapPx2=0 texture=/Game/S08/UI/IconsV3/T_IV3_action_attack_token_32.T_IV3_action_attack_token_32
2026.10.06-03.42.35 CUE combat seq=46 stage=read t=67671 ms=1000 skipped=0
2026.10.06-03.42.35 CUE combat seq=46 stage=skip t=67717 src=catchup
2026.10.06-03.42.35 CUE combat seq=46 stage=effect t=67717 i=1 ms=46 skipped=1
2026.10.06-03.42.35 CUE combat seq=46 stage=effect t=67717 i=2 ms=0 skipped=1
2026.10.06-03.42.35 CUE combat seq=46 stage=slam t=67717 a=4 d=3 outcome=win
2026.10.06-03.42.35 CATCHUP seq=46 latest=49 queued=3 lag=1533 t=67717 action=hurry reason=lag applied=1
2026.10.06-03.42.35 SFX bank=CMB-EFFECT-LINE tag=effect class=SFX t=67717 sound=SW_CMB_EFFECT_LINE_03 gain=0.80
2026.10.06-03.42.35 SFX bank=CMB-EFFECT-LINE tag=effect class=SFX t=67717 sound=SW_CMB_EFFECT_LINE_02 gain=0.80
2026.10.06-03.42.35 CUE sound id=CUE-010 point=cue subject=slam seq=46 t=67717 event_t=67717 dt=0 class=SFX sound=SW_CMB_SLAM_02 gain=0.80 result=played bank=CMB-SLAM
2026.10.06-03.42.35 SNAPSHOT applied seq=50 phase=ACTION_MANEUVER
2026.10.06-03.42.35 HANDLE_APPLIED #67 seq=50 decision=2 fightersValid=1 boardValid=1
2026.10.06-03.42.35 CUE fx done id=CUE-010 subject=scene seq=46 t=67717 ms=1666 cut=jump hold=1046
2026.10.06-03.42.35 CUE combat seq=46 stage=end t=67717 total=2266 skipped=1 cut=catchup
2026.10.06-03.42.35 CATCHUP seq=46 latest=50 queued=4 lag=1533 t=67717 action=cut reason=queue applied=1
2026.10.06-03.42.35 ARTPREVIEW fighter=Medusa hero=1 eligible=0 visual=1 mesh=SK_Medusa_H2LD
2026.10.06-03.42.35 ARTPREVIEW combat marker fighter=Medusa attacker=0 target=0 icon=0 targetMesh=SM_Marker_TargetRing iconMode=screen targetArcScaleXY=0.920
2026.10.06-03.42.35 ARTPREVIEW hero-light fighter=f-1-hero state=idle layers=2 lightsOn=2 keyCd=21.443 rimCd=1.822 mul=1.000 pulse=none
2026.10.06-03.42.35 ARTPREVIEW combat marker fighter=King Arthur attacker=0 target=0 icon=0 targetMesh=SM_Marker_TargetRing iconMode=screen targetArcScaleXY=0.920
2026.10.06-03.42.35 MODE seq=50 mode=0 combat=0 pending=0
2026.10.06-03.42.35 MS-OPP verb=maneuver seq=50
2026.10.06-03.42.35 MS-TRACK own=0/2 opp=2/2 oppVisible=1 seq=50
2026.10.06-03.42.35 MS-OPP planning=1 seq=50
2026.10.06-03.42.35 CUE sound id=CUE-005 point=cue subject=hand.opp seq=50 t=67717 event_t=67717 dt=0 class=SFX sound=SW_CRD_DRAW_04 gain=0.80 result=played
2026.10.06-03.42.35 HUD seq=50 phase=ACTION_MANEUVER turn=opp hand=2 oppHand=6(hidden) oppDeck=19~ deck=22~ discard=8
2026.10.06-03.42.35 MS-STATUS seq=50 text="Medusa — Opponent is planning a maneuver"
2026.10.06-03.42.35 ARTPREVIEW fighter=Medusa hero=1 eligible=0 visual=1 mesh=SK_Medusa_H2LD
2026.10.06-03.42.35 FIGHTERS synced n=6 alive=5 own=1 enemy=4
2026.10.06-03.42.35 WS seq=50 phase=ACTION_MANEUVER (apply)
2026.10.06-03.42.35 HUD-TRACK own=0/2 server=0 local=0 opp=2/2 oppVisible=1 anim=-/spend seq=50 frame=1895
2026.10.06-03.42.35 TAG fighter=f-0-hero bbox=(796,421,889,443) mode=compact look=P1 placement=above ring=0 hardPx2=0 softPx2=0 order=1 bound=1
2026.10.06-03.42.35 TAG fighter=f-0-sk0 bbox=(509,496,593,518) mode=compact look=P1 placement=above ring=0 hardPx2=0 softPx2=0 order=3 bound=1
2026.10.06-03.42.35 TAG fighter=f-0-sk1 bbox=(396,458,480,480) mode=compact look=P1 placement=above ring=0 hardPx2=0 softPx2=0 order=2 bound=1
2026.10.06-03.42.35 TAG fighter=f-0-sk2 bbox=(308,584,392,606) mode=compact look=P1 placement=left ring=0 hardPx2=0 softPx2=0 order=4 bound=1
2026.10.06-03.42.35 TAG fighter=f-1-hero bbox=(879,323,981,345) mode=compact look=P2 placement=above ring=0 hardPx2=0 softPx2=0 order=0 bound=1
2026.10.06-03.42.35 HUD icon hidden fighter=f-0-hero
2026.10.06-03.42.35 SNAPSHOT applied seq=51 phase=ACTION_MANEUVER
2026.10.06-03.42.35 HANDLE_APPLIED #68 seq=51 decision=2 fightersValid=1 boardValid=1
2026.10.06-03.42.35 TURN-INPUT open seq=51 frame=1899 gate=none
2026.10.06-03.42.35 MODE seq=51 mode=0 combat=0 pending=0
2026.10.06-03.42.35 MS-OPP verb=none seq=51
2026.10.06-03.42.35 MS-TRACK own=0/2 opp=0/2 oppVisible=0 seq=51
2026.10.06-03.42.35 MS-OPP planning=0 seq=51
2026.10.06-03.42.35 MS-LAST fade seq=49 at=51 ms=300
2026.10.06-03.42.35 MS-LAST replace seq=49 by=51
2026.10.06-03.42.35 MS-LAST enter seq=51 player=cmuhntivg0000wib0anhqyswc source=MANEUVER moves=0 boost=-1
2026.10.06-03.42.35 CUE sound id=CUE-015 point=turn subject=- seq=51 t=67884 event_t=67884 dt=0 class=UI sound=SW_UI_TURN_CHIME_01 gain=0.80 result=played turn=own
2026.10.06-03.42.35 VO event=TURN-START speaker=ARTHUR t=67884 result=skipped line=- prio=4 reason=chance
2026.10.06-03.42.35 HUD-TURN seq=51 turn=own initial=0 ring=marker-turn-ring flash=1000 banner=600 reduced=0
2026.10.06-03.42.35 HUD seq=51 phase=ACTION_MANEUVER turn=you hand=2 oppHand=6(hidden) oppDeck=19~ deck=22~ discard=8
2026.10.06-03.42.35 MS-STATUS seq=51 text="Choose an action: maneuver (M), attack (A) or scheme (G)"
2026.10.06-03.42.35 ARTPREVIEW fighter=Medusa hero=1 eligible=0 visual=1 mesh=SK_Medusa_H2LD
2026.10.06-03.42.35 FIGHTERS synced n=6 alive=5 own=1 enemy=4
2026.10.06-03.42.35 WS seq=51 phase=ACTION_MANEUVER (apply)
2026.10.06-03.42.35 MS-LAST show seq=51 mode=restore player=cmuhntivg0000wib0anhqyswc from=- to=-
2026.10.06-03.42.35 MS-LOG seq=51 moves=0 truncated=0 text="Medusa: maneuver: no movement"
2026.10.06-03.42.35 HUD-TRACK own=0/2 server=0 local=0 opp=0/2 oppVisible=0 anim=reset/reset seq=51 frame=1900
2026.10.06-03.42.35 S09AUTO own turn #4 (turnCount=10)
2026.10.06-03.42.35 S09AUTO attack (attacker=f-1-hero target-set card-set)
2026.10.06-03.42.35 S09AUTO attack ability boost added
2026.10.06-03.42.35 ATTACK sent ability=card
2026.10.06-03.42.35 HUD-TRACK chosen=attack seq=51 spent=0
2026.10.06-03.42.35 ARTPREVIEW combat marker fighter=Medusa attacker=0 target=1 icon=1 targetMesh=SM_Marker_TargetRing iconMode=screen targetArcScaleXY=0.920
2026.10.06-03.42.35 ARTPREVIEW hero-light fighter=f-1-hero state=active layers=2 lightsOn=2 keyCd=25.024 rimCd=2.126 mul=1.167 pulse=0.40Hz+-4%
2026.10.06-03.42.35 ARTPREVIEW combat marker fighter=King Arthur attacker=1 target=0 icon=0 targetMesh=SM_Marker_TargetRing iconMode=screen targetArcScaleXY=0.920
2026.10.06-03.42.35 MS-STATUS seq=51 text="Syncing…"
2026.10.06-03.42.35 TOAST text="attack sent"
2026.10.06-03.42.35 TAG fighter=f-0-hero bbox=(796,421,889,443) mode=compact look=P1 placement=above ring=0 hardPx2=0 softPx2=0 order=0 bound=1
2026.10.06-03.42.35 TAG fighter=f-0-sk0 bbox=(509,496,593,518) mode=compact look=P1 placement=above ring=0 hardPx2=0 softPx2=0 order=3 bound=1
2026.10.06-03.42.35 TAG fighter=f-0-sk1 bbox=(396,458,480,480) mode=compact look=P1 placement=above ring=0 hardPx2=0 softPx2=0 order=2 bound=1
2026.10.06-03.42.35 TAG fighter=f-0-sk2 bbox=(308,584,392,606) mode=compact look=P1 placement=left ring=0 hardPx2=0 softPx2=0 order=4 bound=1
2026.10.06-03.42.35 TAG fighter=f-1-hero bbox=(879,323,981,345) mode=compact look=P2 placement=above ring=0 hardPx2=0 softPx2=0 order=1 bound=1
2026.10.06-03.42.35 ICON fighter=f-0-hero bbox=(885,465,917,497) size=32 src=combat anchor=right fallback=0 overlapPx2=0 texture=/Game/S08/UI/IconsV3/T_IV3_action_attack_token_32.T_IV3_action_attack_token_32
2026.10.06-03.42.35 HUD-TRACK own=1/2 server=0 local=1 opp=0/2 oppVisible=0 anim=spend/- seq=51 frame=1901
2026.10.06-03.42.35 TAG fighter=f-0-hero bbox=(796,421,889,443) mode=compact look=P1 placement=above ring=0 hardPx2=0 softPx2=0 order=0 bound=1
2026.10.06-03.42.35 TAG fighter=f-0-sk0 bbox=(509,496,593,518) mode=compact look=P1 placement=above ring=0 hardPx2=0 softPx2=0 order=3 bound=1
2026.10.06-03.42.35 TAG fighter=f-0-sk1 bbox=(396,458,480,480) mode=compact look=P1 placement=above ring=0 hardPx2=0 softPx2=0 order=2 bound=1
2026.10.06-03.42.35 TAG fighter=f-0-sk2 bbox=(308,584,392,606) mode=compact look=P1 placement=left ring=0 hardPx2=0 softPx2=0 order=4 bound=1
2026.10.06-03.42.35 TAG fighter=f-1-hero bbox=(879,323,981,345) mode=compact look=P2 placement=above ring=0 hardPx2=0 softPx2=0 order=1 bound=1
2026.10.06-03.42.35 ICON fighter=f-0-hero bbox=(885,465,917,497) size=32 src=combat anchor=right fallback=0 overlapPx2=0 texture=/Game/S08/UI/IconsV3/T_IV3_action_attack_token_32.T_IV3_action_attack_token_32
2026.10.06-03.42.35 SNAPSHOT applied seq=52 phase=COMBAT
2026.10.06-03.42.35 HANDLE_APPLIED #69 seq=52 decision=2 fightersValid=1 boardValid=1
2026.10.06-03.42.35 CUE sound id=CUE-008 point=cue subject=f-1-hero seq=52 t=68051 event_t=68051 dt=0 class=SFX sound=SW_CMB_ATTACK_DECLARE_02 gain=0.80 result=played
2026.10.06-03.42.35 AUDIO attack seq=52 key=ARTHUR abilityBoost=1
2026.10.06-03.42.35 CUE sound id=CUE-014 point=cue subject=f-1-hero seq=52 t=68051 event_t=68051 dt=0 class=SFX sound=SW_FX_ARTHUR_BOOST_02 gain=0.80 result=played
2026.10.06-03.42.35 VO event=ATTACK speaker=ARTHUR t=68051 result=skipped line=- prio=3 reason=chance
2026.10.06-03.42.35 CUE fx id=CUE-008 subject=f-1-hero seq=52 t=68051 vfx=missing sfx=missing clip=none mat=none socket=Weapon reduced=0 result=fallback
2026.10.06-03.42.35 closed mode=
2026.10.06-03.42.35 MODE seq=52 mode=0 combat=1 pending=0
2026.10.06-03.42.35 MS-OPP verb=defend seq=52
2026.10.06-03.42.35 MS-TRACK own=1/2 opp=0/2 oppVisible=0 seq=52
2026.10.06-03.42.35 HUD seq=52 phase=COMBAT turn=you hand=0 oppHand=6(hidden) oppDeck=17 deck=20 discard=10
2026.10.06-03.42.35 MS-STATUS seq=52 text="Waiting for the defender"
2026.10.06-03.42.35 ARTPREVIEW fighter=Medusa hero=1 eligible=0 visual=1 mesh=SK_Medusa_H2LD
2026.10.06-03.42.35 FIGHTERS synced n=6 alive=5 own=1 enemy=4
2026.10.06-03.42.35 ATTACK done seq=52 (apply) phase=COMBAT
2026.10.06-03.42.35 SNAPSHOT applied seq=52 phase=COMBAT
2026.10.06-03.42.35 HANDLE_APPLIED #70 seq=52 decision=1 fightersValid=1 boardValid=1
2026.10.06-03.42.35 MODE seq=52 mode=0 combat=1 pending=0
2026.10.06-03.42.35 HUD seq=52 phase=COMBAT turn=you hand=0 oppHand=6(hidden) oppDeck=17 deck=20 discard=10
2026.10.06-03.42.35 ARTPREVIEW fighter=Medusa hero=1 eligible=0 visual=1 mesh=SK_Medusa_H2LD
2026.10.06-03.42.35 FIGHTERS synced n=6 alive=5 own=1 enemy=4
2026.10.06-03.42.35 WS seq=52 phase=COMBAT (merge)
2026.10.06-03.42.35 HUD-TRACK own=1/2 server=1 local=0 opp=0/2 oppVisible=0 anim=-/- seq=52 frame=1905
2026.10.06-03.42.35 TAG fighter=f-0-hero bbox=(796,421,889,443) mode=compact look=P1 placement=above ring=0 hardPx2=0 softPx2=0 order=0 bound=1
2026.10.06-03.42.35 TAG fighter=f-0-sk0 bbox=(509,496,593,518) mode=compact look=P1 placement=above ring=0 hardPx2=0 softPx2=0 order=3 bound=1
2026.10.06-03.42.35 TAG fighter=f-0-sk1 bbox=(396,458,480,480) mode=compact look=P1 placement=above ring=0 hardPx2=0 softPx2=0 order=2 bound=1
2026.10.06-03.42.35 TAG fighter=f-0-sk2 bbox=(308,584,392,606) mode=compact look=P1 placement=left ring=0 hardPx2=0 softPx2=0 order=4 bound=1
2026.10.06-03.42.35 TAG fighter=f-1-hero bbox=(879,323,981,345) mode=compact look=P2 placement=above ring=0 hardPx2=0 softPx2=0 order=1 bound=1
2026.10.06-03.42.35 ICON fighter=f-0-hero bbox=(885,465,917,497) size=32 src=combat anchor=right fallback=0 overlapPx2=0 texture=/Game/S08/UI/IconsV3/T_IV3_action_attack_token_32.T_IV3_action_attack_token_32
2026.10.06-03.42.36 CUE fx done id=CUE-008 subject=f-1-hero seq=52 t=68651 ms=600 cut=0
2026.10.06-03.42.36 SNAPSHOT applied seq=53 phase=COMBAT_RESOLVE
2026.10.06-03.42.36 HANDLE_APPLIED #71 seq=53 decision=2 fightersValid=1 boardValid=1
2026.10.06-03.42.36 CUE sound id=CUE-009 point=cue subject=f-0-hero seq=53 t=69156 event_t=69156 dt=0 class=SFX sound=SW_CMB_DEFENSE_PLAYED_01 gain=0.80 result=played
2026.10.06-03.42.36 VO event=DEFEND speaker=MEDUSA t=69156 result=skipped line=- prio=4 reason=chance
2026.10.06-03.42.36 CUE fx id=CUE-009 subject=f-0-hero seq=53 t=69156 vfx=missing sfx=missing clip=none mat=FxFlash socket=Head reduced=0 result=fallback
2026.10.06-03.42.36 closed mode=
2026.10.06-03.42.36 MODE seq=53 mode=5 combat=1 pending=0
2026.10.06-03.42.36 HUD seq=53 phase=COMBAT_RESOLVE turn=you hand=0 oppHand=5(hidden) oppDeck=17~ deck=20~ discard=10
2026.10.06-03.42.36 MS-STATUS seq=53 text="Resolve the combat (R)"
2026.10.06-03.42.36 ARTPREVIEW fighter=Medusa hero=1 eligible=0 visual=1 mesh=SK_Medusa_H2LD
2026.10.06-03.42.36 FIGHTERS synced n=6 alive=5 own=1 enemy=4
2026.10.06-03.42.36 WS seq=53 phase=COMBAT_RESOLVE (apply)
2026.10.06-03.42.36 S09AUTO drive mode=5 plan=[attack+abilityboost+scheme+storms+defend+resolve] phase=COMBAT_RESOLVE turn=cmuhntiwu0001wib0z281rpa8
2026.10.06-03.42.36 S09AUTO resolve
2026.10.06-03.42.36 RESOLVE sent
2026.10.06-03.42.36 MS-STATUS seq=53 text="Syncing…"
2026.10.06-03.42.36 TOAST text="resolve sent"
2026.10.06-03.42.36 TAG fighter=f-0-hero bbox=(796,421,889,443) mode=compact look=P1 placement=above ring=0 hardPx2=0 softPx2=0 order=0 bound=1
2026.10.06-03.42.36 TAG fighter=f-0-sk0 bbox=(509,496,593,518) mode=compact look=P1 placement=above ring=0 hardPx2=0 softPx2=0 order=3 bound=1
2026.10.06-03.42.36 TAG fighter=f-0-sk1 bbox=(396,458,480,480) mode=compact look=P1 placement=above ring=0 hardPx2=0 softPx2=0 order=2 bound=1
2026.10.06-03.42.36 TAG fighter=f-0-sk2 bbox=(308,584,392,606) mode=compact look=P1 placement=left ring=0 hardPx2=0 softPx2=0 order=4 bound=1
2026.10.06-03.42.36 TAG fighter=f-1-hero bbox=(879,323,981,345) mode=compact look=P2 placement=above ring=0 hardPx2=0 softPx2=0 order=1 bound=1
2026.10.06-03.42.36 ICON fighter=f-0-hero bbox=(885,465,917,497) size=32 src=combat anchor=right fallback=0 overlapPx2=0 texture=/Game/S08/UI/IconsV3/T_IV3_action_attack_token_32.T_IV3_action_attack_token_32
2026.10.06-03.42.36 SNAPSHOT applied seq=54 phase=ACTION_MANEUVER
2026.10.06-03.42.36 HANDLE_APPLIED #72 seq=54 decision=2 fightersValid=1 boardValid=1
2026.10.06-03.42.36 COMBAT-RESULT seq=54 damage=0 role=attacked
2026.10.06-03.42.36 COMBAT-LOG seq=54 log=54 n=9 entries=2 lines=2 src=log outcomes=APPLIED:2
2026.10.06-03.42.36 AUDIO combat seq=54 boosts=1 cancelled=0 own=1 fizzle=0
2026.10.06-03.42.36 CUE combat seq=54 stage=start t=69322 attacker=f-1-hero target=f-0-hero text=1 lines=2 damage=0 lethal=0 shown=0 speed=1.00 flip=620 contact=292 src=notify a=3 d=4 outcome=hold
2026.10.06-03.42.36 CUE fx id=CUE-010 subject=scene seq=54 t=69322 vfx=none sfx=missing clip=none mat=none socket=- reduced=0 result=fallback
2026.10.06-03.42.36 CUE sound id=CUE-010 point=cue subject=card.attack seq=54 t=69322 event_t=69322 dt=0 class=SFX sound=SW_CRD_FLIP_02 gain=0.80 result=played
2026.10.06-03.42.36 CUE sound id=CUE-010 point=cue subject=card.defense seq=54 t=69322 event_t=69322 dt=0 class=SFX sound=SW_CRD_FLIP_03 gain=0.80 result=played
2026.10.06-03.42.36 closed mode=
2026.10.06-03.42.36 MODE seq=54 mode=0 combat=0 pending=0
2026.10.06-03.42.36 MS-OPP verb=none seq=54
2026.10.06-03.42.36 HUD seq=54 phase=ACTION_MANEUVER turn=you hand=0 oppHand=5(hidden) oppDeck=17 deck=20 discard=10
2026.10.06-03.42.36 MS-STATUS seq=54 text="Choose an action: maneuver (M), attack (A) or scheme (G)"
2026.10.06-03.42.36 ARTPREVIEW fighter=Medusa hero=1 eligible=0 visual=1 mesh=SK_Medusa_H2LD
2026.10.06-03.42.36 FIGHTERS synced n=6 alive=5 own=1 enemy=4
2026.10.06-03.42.36 RESOLVE done seq=54 (apply) phase=ACTION_MANEUVER
2026.10.06-03.42.36 SNAPSHOT applied seq=54 phase=ACTION_MANEUVER
2026.10.06-03.42.36 HANDLE_APPLIED #73 seq=54 decision=1 fightersValid=1 boardValid=1
2026.10.06-03.42.36 MODE seq=54 mode=0 combat=0 pending=0
2026.10.06-03.42.36 HUD seq=54 phase=ACTION_MANEUVER turn=you hand=0 oppHand=5(hidden) oppDeck=17 deck=20 discard=10
2026.10.06-03.42.36 ARTPREVIEW fighter=Medusa hero=1 eligible=0 visual=1 mesh=SK_Medusa_H2LD
2026.10.06-03.42.36 FIGHTERS synced n=6 alive=5 own=1 enemy=4
2026.10.06-03.42.36 WS seq=54 phase=ACTION_MANEUVER (merge)
2026.10.06-03.42.36 S09AUTO drive mode=0 plan=[attack+abilityboost+scheme+storms+defend+resolve] phase=ACTION_MANEUVER turn=cmuhntiwu0001wib0z281rpa8
2026.10.06-03.42.36 HUD-TRACK chosen=maneuver seq=54 spent=1
2026.10.06-03.42.36 MS-STATUS seq=54 text="Syncing…"
2026.10.06-03.42.36 TOAST text="begin maneuver sent (server draws 1 card)"
2026.10.06-03.42.36 HUD-TRACK own=2/2 server=1 local=1 opp=0/2 oppVisible=0 anim=spend/- seq=54 frame=1944
2026.10.06-03.42.36 TAG fighter=f-0-hero bbox=(796,421,889,443) mode=compact look=P1 placement=above ring=0 hardPx2=0 softPx2=0 order=0 bound=1
2026.10.06-03.42.36 TAG fighter=f-0-sk0 bbox=(509,496,593,518) mode=compact look=P1 placement=above ring=0 hardPx2=0 softPx2=0 order=3 bound=1
2026.10.06-03.42.36 TAG fighter=f-0-sk1 bbox=(396,458,480,480) mode=compact look=P1 placement=above ring=0 hardPx2=0 softPx2=0 order=2 bound=1
2026.10.06-03.42.36 TAG fighter=f-0-sk2 bbox=(308,584,392,606) mode=compact look=P1 placement=left ring=0 hardPx2=0 softPx2=0 order=4 bound=1
2026.10.06-03.42.36 TAG fighter=f-1-hero bbox=(879,323,981,345) mode=compact look=P2 placement=above ring=0 hardPx2=0 softPx2=0 order=1 bound=1
2026.10.06-03.42.36 ICON fighter=f-0-hero bbox=(885,465,917,497) size=32 src=combat anchor=right fallback=0 overlapPx2=0 texture=/Game/S08/UI/IconsV3/T_IV3_action_attack_token_32.T_IV3_action_attack_token_32
2026.10.06-03.42.36 SNAPSHOT applied seq=55 phase=ACTION_MANEUVER
2026.10.06-03.42.36 MS-NET gate released by snapshot op=begin seq=55 (before the HTTP answer)
2026.10.06-03.42.36 HANDLE_APPLIED #74 seq=55 decision=2 fightersValid=1 boardValid=1
2026.10.06-03.42.36 MS-DRAFT op=candidates rev=13 src=snapshot n=1 ids=f-1-hero autoselect=f-1-hero
2026.10.06-03.42.36 MANEUVER-DRAFT mode=maneuver:10:54
2026.10.06-03.42.36 DRAFT-OPEN draw committed (resume instead of begin)
2026.10.06-03.42.36 MODE seq=55 mode=1 combat=0 pending=0
2026.10.06-03.42.36 MS-TRACK own=2/2 opp=0/2 oppVisible=0 seq=55
2026.10.06-03.42.36 CUE sound id=CUE-005 point=cue subject=hand.own seq=55 t=69456 event_t=69456 dt=0 class=SFX sound=SW_CRD_DRAW_02 gain=0.80 result=played
2026.10.06-03.42.36 HUD seq=55 phase=ACTION_MANEUVER turn=you hand=1 oppHand=5(hidden) oppDeck=17~ deck=20~ discard=10
2026.10.06-03.42.36 MS-STATUS seq=55 text="Choose a space for King Arthur; Enter confirms the maneuver"
2026.10.06-03.42.36 ARTPREVIEW fighter=Medusa hero=1 eligible=0 visual=1 mesh=SK_Medusa_H2LD
2026.10.06-03.42.36 FIGHTERS synced n=6 alive=5 own=1 enemy=4
2026.10.06-03.42.36 ARTPREVIEW selection ring shown fighter=King Arthur mesh=SM_Marker_SelectionRing
2026.10.06-03.42.36 ARTPREVIEW reachable rings cells=7 placed=1 radiusUU=36 segments=48 style=readability color=#FFC857 stroke=#14110C widthUU=3.50 strokeUU=1.50
2026.10.06-03.42.36 WS seq=55 phase=ACTION_MANEUVER (apply)
2026.10.06-03.42.36 HUD-TRACK own=2/2 server=2 local=0 opp=0/2 oppVisible=0 anim=-/- seq=55 frame=1947
2026.10.06-03.42.36 HUD-HAND lower=1 pick=cell cursor=board preview=hidden seq=55
2026.10.06-03.42.36 S09AUTO drive mode=1 plan=[attack+abilityboost+scheme+storms+defend+resolve] phase=ACTION_MANEUVER turn=cmuhntiwu0001wib0z281rpa8
2026.10.06-03.42.36 S09AUTO approach: no improving legal step
2026.10.06-03.42.36 MANEUVER-CONFIRM moves=0 boost=none
2026.10.06-03.42.36 MS-STATUS seq=55 text="Syncing…"
2026.10.06-03.42.36 HUD plate content fighter=f-1-hero name=King Arthur hp=11/18 team=own statuses=HERO  |  MELEE teamSlot=P2 look=P2 shape=hexagon chip=#5786A8
2026.10.06-03.42.36 PLATE fighter=f-1-hero bbox=(891,457,1063,511) overlapReachable=0 placement=below ring=0 gap=6 selection=f-1-hero destinations=7 clean=1 softPx2=0 tested=110 bound=1
2026.10.06-03.42.36 TAG fighter=f-0-hero bbox=(796,421,889,443) mode=compact look=P1 placement=above ring=0 hardPx2=0 softPx2=0 order=0 bound=1
2026.10.06-03.42.36 TAG fighter=f-0-sk0 bbox=(509,496,593,518) mode=compact look=P1 placement=above ring=0 hardPx2=0 softPx2=0 order=2 bound=1
2026.10.06-03.42.36 TAG fighter=f-0-sk1 bbox=(396,458,480,480) mode=compact look=P1 placement=above ring=0 hardPx2=0 softPx2=0 order=1 bound=1
2026.10.06-03.42.36 TAG fighter=f-0-sk2 bbox=(308,584,392,606) mode=compact look=P1 placement=left ring=0 hardPx2=0 softPx2=0 order=3 bound=1
2026.10.06-03.42.36 ICON fighter=f-0-hero bbox=(769,465,801,497) size=32 src=combat anchor=left fallback=0 overlapPx2=0 texture=/Game/S08/UI/IconsV3/T_IV3_action_attack_token_32.T_IV3_action_attack_token_32
2026.10.06-03.42.36 MS-NET late-reply op=begin ok=1 settled=snapshot
2026.10.06-03.42.36 SNAPSHOT applied seq=55 phase=ACTION_MANEUVER
2026.10.06-03.42.36 HANDLE_APPLIED #75 seq=55 decision=1 fightersValid=1 boardValid=1
2026.10.06-03.42.36 MODE seq=55 mode=1 combat=0 pending=0
2026.10.06-03.42.36 HUD seq=55 phase=ACTION_MANEUVER turn=you hand=1 oppHand=5(hidden) oppDeck=17 deck=19 discard=10
2026.10.06-03.42.36 ARTPREVIEW fighter=Medusa hero=1 eligible=0 visual=1 mesh=SK_Medusa_H2LD
2026.10.06-03.42.36 ARTPREVIEW selection ring shown fighter=King Arthur mesh=SM_Marker_SelectionRing
2026.10.06-03.42.36 FIGHTERS synced n=6 alive=5 own=1 enemy=4
2026.10.06-03.42.36 ARTPREVIEW selection ring shown fighter=King Arthur mesh=SM_Marker_SelectionRing
2026.10.06-03.42.36 ARTPREVIEW reachable rings cells=7 placed=1 radiusUU=36 segments=48 style=readability color=#FFC857 stroke=#14110C widthUU=3.50 strokeUU=1.50
2026.10.06-03.42.36 MS-NET late-reply merged seq=55 (merge)
2026.10.06-03.42.36 TAG fighter=f-0-hero bbox=(796,421,889,443) mode=compact look=P1 placement=above ring=0 hardPx2=0 softPx2=0 order=0 bound=1
2026.10.06-03.42.36 TAG fighter=f-0-sk0 bbox=(509,496,593,518) mode=compact look=P1 placement=above ring=0 hardPx2=0 softPx2=0 order=2 bound=1
2026.10.06-03.42.36 TAG fighter=f-0-sk1 bbox=(396,458,480,480) mode=compact look=P1 placement=above ring=0 hardPx2=0 softPx2=0 order=1 bound=1
2026.10.06-03.42.36 TAG fighter=f-0-sk2 bbox=(308,584,392,606) mode=compact look=P1 placement=left ring=0 hardPx2=0 softPx2=0 order=3 bound=1
2026.10.06-03.42.36 ICON fighter=f-0-hero bbox=(769,465,801,497) size=32 src=combat anchor=left fallback=0 overlapPx2=0 texture=/Game/S08/UI/IconsV3/T_IV3_action_attack_token_32.T_IV3_action_attack_token_32
2026.10.06-03.42.36 TAG fighter=f-0-hero bbox=(796,421,889,443) mode=compact look=P1 placement=above ring=0 hardPx2=0 softPx2=0 order=0 bound=1
2026.10.06-03.42.36 TAG fighter=f-0-sk0 bbox=(509,496,593,518) mode=compact look=P1 placement=above ring=0 hardPx2=0 softPx2=0 order=2 bound=1
2026.10.06-03.42.36 TAG fighter=f-0-sk1 bbox=(396,458,480,480) mode=compact look=P1 placement=above ring=0 hardPx2=0 softPx2=0 order=1 bound=1
2026.10.06-03.42.36 TAG fighter=f-0-sk2 bbox=(308,584,392,606) mode=compact look=P1 placement=left ring=0 hardPx2=0 softPx2=0 order=3 bound=1
2026.10.06-03.42.36 ICON fighter=f-0-hero bbox=(769,465,801,497) size=32 src=combat anchor=left fallback=0 overlapPx2=0 texture=/Game/S08/UI/IconsV3/T_IV3_action_attack_token_32.T_IV3_action_attack_token_32
2026.10.06-03.42.36 TAG fighter=f-0-hero bbox=(796,421,889,443) mode=compact look=P1 placement=above ring=0 hardPx2=0 softPx2=0 order=0 bound=1
2026.10.06-03.42.36 TAG fighter=f-0-sk0 bbox=(509,496,593,518) mode=compact look=P1 placement=above ring=0 hardPx2=0 softPx2=0 order=2 bound=1
2026.10.06-03.42.36 TAG fighter=f-0-sk1 bbox=(396,458,480,480) mode=compact look=P1 placement=above ring=0 hardPx2=0 softPx2=0 order=1 bound=1
2026.10.06-03.42.36 TAG fighter=f-0-sk2 bbox=(308,584,392,606) mode=compact look=P1 placement=left ring=0 hardPx2=0 softPx2=0 order=3 bound=1
2026.10.06-03.42.36 ICON fighter=f-0-hero bbox=(769,465,801,497) size=32 src=combat anchor=left fallback=0 overlapPx2=0 texture=/Game/S08/UI/IconsV3/T_IV3_action_attack_token_32.T_IV3_action_attack_token_32
2026.10.06-03.42.36 SNAPSHOT applied seq=56 phase=ACTION_MANEUVER
2026.10.06-03.42.36 HANDLE_APPLIED #76 seq=56 decision=2 fightersValid=1 boardValid=1
2026.10.06-03.42.36 closed mode=
2026.10.06-03.42.36 MODE seq=56 mode=0 combat=0 pending=1
2026.10.06-03.42.36 MS-OPP verb=ability seq=56
2026.10.06-03.42.36 MS-TRACK own=0/2 opp=0/2 oppVisible=1 seq=56
2026.10.06-03.42.36 MS-LAST fade seq=51 at=56 ms=300
2026.10.06-03.42.36 MS-LAST replace seq=51 by=56
2026.10.06-03.42.36 MS-LAST enter seq=56 player=cmuhntiwu0001wib0z281rpa8 source=MANEUVER moves=0 boost=-1
2026.10.06-03.42.36 CUE sound id=CUE-015 point=turn subject=- seq=56 t=69589 event_t=69589 dt=0 class=UI sound=none gain=0.80 result=silent turn=opp reason=opponent
2026.10.06-03.42.36 HUD-TURN seq=56 turn=opp initial=0 ring=marker-turn-ring flash=1000 banner=0 reduced=0
2026.10.06-03.42.36 HUD seq=56 phase=ACTION_MANEUVER turn=opp hand=1 oppHand=5(hidden) oppDeck=17 deck=19 discard=10
2026.10.06-03.42.36 MS-STATUS seq=56 text="Waiting for the opponent's choice"
2026.10.06-03.42.36 ARTPREVIEW fighter=Medusa hero=1 eligible=0 visual=1 mesh=SK_Medusa_H2LD
2026.10.06-03.42.36 ARTPREVIEW selection ring shown fighter=King Arthur mesh=SM_Marker_SelectionRing
2026.10.06-03.42.36 FIGHTERS synced n=6 alive=5 own=1 enemy=4
2026.10.06-03.42.36 MANEUVER done seq=56 (apply) fighters=6 boost=no
2026.10.06-03.42.36 SNAPSHOT applied seq=56 phase=ACTION_MANEUVER
2026.10.06-03.42.36 HANDLE_APPLIED #77 seq=56 decision=1 fightersValid=1 boardValid=1
2026.10.06-03.42.36 MODE seq=56 mode=0 combat=0 pending=1
2026.10.06-03.42.36 HUD seq=56 phase=ACTION_MANEUVER turn=opp hand=1 oppHand=5(hidden) oppDeck=17 deck=19 discard=10
2026.10.06-03.42.36 ARTPREVIEW fighter=Medusa hero=1 eligible=0 visual=1 mesh=SK_Medusa_H2LD
2026.10.06-03.42.36 FIGHTERS synced n=6 alive=5 own=1 enemy=4
2026.10.06-03.42.36 WS seq=56 phase=ACTION_MANEUVER (merge)
2026.10.06-03.42.36 MS-LAST show seq=56 mode=restore player=cmuhntiwu0001wib0z281rpa8 from=- to=-
2026.10.06-03.42.36 MS-LOG seq=56 moves=0 truncated=0 text="King Arthur: maneuver: no movement"
2026.10.06-03.42.36 HUD-TRACK own=0/2 server=0 local=0 opp=0/2 oppVisible=1 anim=reset/reset seq=56 frame=1951
2026.10.06-03.42.36 HUD-HAND lower=0 pick=none cursor=board preview=shown seq=56
2026.10.06-03.42.36 PLATE hidden fighter=f-1-hero
2026.10.06-03.42.36 TAG fighter=f-0-hero bbox=(796,421,889,443) mode=compact look=P1 placement=above ring=0 hardPx2=0 softPx2=0 order=0 bound=1
2026.10.06-03.42.36 TAG fighter=f-0-sk0 bbox=(509,496,593,518) mode=compact look=P1 placement=above ring=0 hardPx2=0 softPx2=0 order=3 bound=1
2026.10.06-03.42.36 TAG fighter=f-0-sk1 bbox=(396,458,480,480) mode=compact look=P1 placement=above ring=0 hardPx2=0 softPx2=0 order=2 bound=1
2026.10.06-03.42.36 TAG fighter=f-0-sk2 bbox=(308,584,392,606) mode=compact look=P1 placement=left ring=0 hardPx2=0 softPx2=0 order=4 bound=1
2026.10.06-03.42.36 TAG fighter=f-1-hero bbox=(879,323,981,345) mode=compact look=P2 placement=above ring=0 hardPx2=0 softPx2=0 order=1 bound=1
2026.10.06-03.42.36 ICON fighter=f-0-hero bbox=(885,465,917,497) size=32 src=combat anchor=right fallback=0 overlapPx2=0 texture=/Game/S08/UI/IconsV3/T_IV3_action_attack_token_32.T_IV3_action_attack_token_32
2026.10.06-03.42.37 CUE fx done id=CUE-009 subject=f-0-hero seq=53 t=69656 ms=500 cut=0
2026.10.06-03.42.37 TAG fighter=f-0-hero bbox=(796,421,889,443) mode=compact look=P1 placement=above ring=0 hardPx2=0 softPx2=0 order=0 bound=1
2026.10.06-03.42.37 TAG fighter=f-0-sk0 bbox=(509,496,593,518) mode=compact look=P1 placement=above ring=0 hardPx2=0 softPx2=0 order=3 bound=1
2026.10.06-03.42.37 TAG fighter=f-0-sk1 bbox=(396,458,480,480) mode=compact look=P1 placement=above ring=0 hardPx2=0 softPx2=0 order=2 bound=1
2026.10.06-03.42.37 TAG fighter=f-0-sk2 bbox=(308,584,392,606) mode=compact look=P1 placement=left ring=0 hardPx2=0 softPx2=0 order=4 bound=1
2026.10.06-03.42.37 TAG fighter=f-1-hero bbox=(879,323,981,345) mode=compact look=P2 placement=above ring=0 hardPx2=0 softPx2=0 order=1 bound=1
2026.10.06-03.42.37 ICON fighter=f-0-hero bbox=(885,465,917,497) size=32 src=combat anchor=right fallback=0 overlapPx2=0 texture=/Game/S08/UI/IconsV3/T_IV3_action_attack_token_32.T_IV3_action_attack_token_32
2026.10.06-03.42.37 TAG fighter=f-0-hero bbox=(796,421,889,443) mode=compact look=P1 placement=above ring=0 hardPx2=0 softPx2=0 order=0 bound=1
2026.10.06-03.42.37 TAG fighter=f-0-sk0 bbox=(509,496,593,518) mode=compact look=P1 placement=above ring=0 hardPx2=0 softPx2=0 order=3 bound=1
2026.10.06-03.42.37 TAG fighter=f-0-sk1 bbox=(396,458,480,480) mode=compact look=P1 placement=above ring=0 hardPx2=0 softPx2=0 order=2 bound=1
2026.10.06-03.42.37 TAG fighter=f-0-sk2 bbox=(308,584,392,606) mode=compact look=P1 placement=left ring=0 hardPx2=0 softPx2=0 order=4 bound=1
2026.10.06-03.42.37 TAG fighter=f-1-hero bbox=(879,323,981,345) mode=compact look=P2 placement=above ring=0 hardPx2=0 softPx2=0 order=1 bound=1
2026.10.06-03.42.37 ICON fighter=f-0-hero bbox=(885,465,917,497) size=32 src=combat anchor=right fallback=0 overlapPx2=0 texture=/Game/S08/UI/IconsV3/T_IV3_action_attack_token_32.T_IV3_action_attack_token_32
2026.10.06-03.42.37 game -> room=cmuw4tbs005wpt84mulgi3nuk code=<redacted> status=IN_PROGRESS
2026.10.06-03.42.37 TAG fighter=f-0-hero bbox=(796,421,889,443) mode=compact look=P1 placement=above ring=0 hardPx2=0 softPx2=0 order=0 bound=1
2026.10.06-03.42.37 TAG fighter=f-0-sk0 bbox=(509,496,593,518) mode=compact look=P1 placement=above ring=0 hardPx2=0 softPx2=0 order=3 bound=1
2026.10.06-03.42.37 TAG fighter=f-0-sk1 bbox=(396,458,480,480) mode=compact look=P1 placement=above ring=0 hardPx2=0 softPx2=0 order=2 bound=1
2026.10.06-03.42.37 TAG fighter=f-0-sk2 bbox=(308,584,392,606) mode=compact look=P1 placement=left ring=0 hardPx2=0 softPx2=0 order=4 bound=1
2026.10.06-03.42.37 TAG fighter=f-1-hero bbox=(879,323,981,345) mode=compact look=P2 placement=above ring=0 hardPx2=0 softPx2=0 order=1 bound=1
2026.10.06-03.42.37 ICON fighter=f-0-hero bbox=(885,465,917,497) size=32 src=combat anchor=right fallback=0 overlapPx2=0 texture=/Game/S08/UI/IconsV3/T_IV3_action_attack_token_32.T_IV3_action_attack_token_32
2026.10.06-03.42.37 SNAPSHOT applied seq=57 phase=ACTION_MANEUVER
2026.10.06-03.42.37 HANDLE_APPLIED #78 seq=57 decision=2 fightersValid=1 boardValid=1
2026.10.06-03.42.37 MODE seq=57 mode=0 combat=0 pending=0
2026.10.06-03.42.37 MS-OPP verb=turn seq=57
2026.10.06-03.42.37 MS-LAST fade seq=56 at=57 ms=300
2026.10.06-03.42.37 HUD seq=57 phase=ACTION_MANEUVER turn=opp hand=1 oppHand=5(hidden) oppDeck=17~ deck=19~ discard=10
2026.10.06-03.42.37 MS-STATUS seq=57 text="Medusa — Opponent is choosing an action"
2026.10.06-03.42.37 ARTPREVIEW fighter=Medusa hero=1 eligible=0 visual=1 mesh=SK_Medusa_H2LD
2026.10.06-03.42.37 FIGHTERS synced n=6 alive=5 own=1 enemy=4
2026.10.06-03.42.37 ARTPREVIEW damage-number fighter=f-1-hero amount=1 seq=57 cell=(4,1)
2026.10.06-03.42.37 ARTPREVIEW anim fighter=f-1-hero clip=HitReact len=0.417 event=damaged loop=0 phase=0.0000 seq=57 asset=AM_KingArthur_HitReact rate=1.00
2026.10.06-03.42.37 ARTPREVIEW hit-tint fighter=f-1-hero ms=450
2026.10.06-03.42.37 VO event=HURT speaker=ARTHUR t=69726 result=skipped line=- prio=3 reason=chance
2026.10.06-03.42.37 CUE damage f-1-hero -1 seq=57
2026.10.06-03.42.37 WS seq=57 phase=ACTION_MANEUVER (apply)
2026.10.06-03.42.37 CUE sound id=CUE-011 point=hit subject=f-1-hero seq=57 t=69726 event_t=69726 dt=0 class=SFX sound=SW_CMB_HIT_MAGIC_02 gain=0.80 result=played bank=CMB-HIT-MAGIC
2026.10.06-03.42.37 HUD-HEART side=own hero=f-1-hero hp=10/18 anim=damage glow=1 played=1
2026.10.06-03.42.37 TAG fighter=f-0-hero bbox=(796,421,889,443) mode=compact look=P1 placement=above ring=0 hardPx2=0 softPx2=0 order=0 bound=1
2026.10.06-03.42.37 TAG fighter=f-0-sk0 bbox=(509,496,593,518) mode=compact look=P1 placement=above ring=0 hardPx2=0 softPx2=0 order=3 bound=1
2026.10.06-03.42.37 TAG fighter=f-0-sk1 bbox=(396,458,480,480) mode=compact look=P1 placement=above ring=0 hardPx2=0 softPx2=0 order=2 bound=1
2026.10.06-03.42.37 TAG fighter=f-0-sk2 bbox=(308,584,392,606) mode=compact look=P1 placement=left ring=0 hardPx2=0 softPx2=0 order=4 bound=1
2026.10.06-03.42.37 TAG fighter=f-1-hero bbox=(879,323,981,345) mode=compact look=P2 placement=above ring=0 hardPx2=0 softPx2=0 order=1 bound=1
2026.10.06-03.42.37 ICON fighter=f-0-hero bbox=(885,465,917,497) size=32 src=combat anchor=right fallback=0 overlapPx2=0 texture=/Game/S08/UI/IconsV3/T_IV3_action_attack_token_32.T_IV3_action_attack_token_32
2026.10.06-03.42.37 DAMAGE fighter=f-1-hero bbox=(983,320,1023,348) amount=1 seq=57 placement=right ring=0 hardPx2=0 softPx2=0
2026.10.06-03.42.37 TAG fighter=f-0-hero bbox=(796,421,889,443) mode=compact look=P1 placement=above ring=0 hardPx2=0 softPx2=0 order=0 bound=1
2026.10.06-03.42.37 TAG fighter=f-0-sk0 bbox=(509,496,593,518) mode=compact look=P1 placement=above ring=0 hardPx2=0 softPx2=0 order=3 bound=1
2026.10.06-03.42.37 TAG fighter=f-0-sk1 bbox=(396,458,480,480) mode=compact look=P1 placement=above ring=0 hardPx2=0 softPx2=0 order=2 bound=1
2026.10.06-03.42.37 TAG fighter=f-0-sk2 bbox=(308,584,392,606) mode=compact look=P1 placement=left ring=0 hardPx2=0 softPx2=0 order=4 bound=1
2026.10.06-03.42.37 TAG fighter=f-1-hero bbox=(879,323,981,345) mode=compact look=P2 placement=above ring=0 hardPx2=0 softPx2=0 order=1 bound=1
2026.10.06-03.42.37 ICON fighter=f-0-hero bbox=(885,465,917,497) size=32 src=combat anchor=right fallback=0 overlapPx2=0 texture=/Game/S08/UI/IconsV3/T_IV3_action_attack_token_32.T_IV3_action_attack_token_32
2026.10.06-03.42.37 SNAPSHOT applied seq=58 phase=COMBAT
2026.10.06-03.42.37 HANDLE_APPLIED #79 seq=58 decision=2 fightersValid=1 boardValid=1
2026.10.06-03.42.37 CUE sound id=CUE-008 point=cue subject=f-0-hero seq=58 t=69892 event_t=69892 dt=0 class=SFX sound=SW_CMB_ATTACK_DECLARE_01 gain=0.80 result=played
2026.10.06-03.42.37 AUDIO attack seq=58 key=MEDUSA abilityBoost=0
2026.10.06-03.42.37 VO event=ATTACK speaker=MEDUSA t=69892 result=skipped line=- prio=3 reason=chance
2026.10.06-03.42.37 CUE fx id=CUE-008 subject=f-0-hero seq=58 t=69892 vfx=missing sfx=missing clip=none mat=none socket=Weapon reduced=0 result=fallback
2026.10.06-03.42.37 CUE fx done id=CUE-010 subject=scene seq=54 t=69892 ms=570 cut=jump hold=570
2026.10.06-03.42.37 CUE combat seq=54 stage=end t=69892 total=1170 skipped=0 cut=catchup
2026.10.06-03.42.37 CATCHUP seq=54 latest=58 queued=4 lag=436 t=69892 action=cut reason=queue applied=1
2026.10.06-03.42.37 ARTPREVIEW fighter=Medusa hero=1 eligible=0 visual=1 mesh=SK_Medusa_H2LD
2026.10.06-03.42.37 ARTPREVIEW combat marker fighter=Medusa attacker=0 target=0 icon=0 targetMesh=SM_Marker_TargetRing iconMode=screen targetArcScaleXY=0.920
2026.10.06-03.42.37 ARTPREVIEW hero-light fighter=f-1-hero state=idle layers=2 lightsOn=2 keyCd=21.443 rimCd=1.822 mul=1.000 pulse=none
2026.10.06-03.42.37 ARTPREVIEW combat marker fighter=King Arthur attacker=0 target=0 icon=0 targetMesh=SM_Marker_TargetRing iconMode=screen targetArcScaleXY=0.920
2026.10.06-03.42.37 closed mode=
2026.10.06-03.42.37 MODE seq=58 mode=4 combat=1 pending=0
2026.10.06-03.42.37 MS-OPP verb=attack seq=58
2026.10.06-03.42.37 MS-TRACK own=0/2 opp=1/2 oppVisible=1 seq=58
2026.10.06-03.42.37 HUD seq=58 phase=COMBAT turn=opp hand=1 oppHand=4(hidden) oppDeck=17~ deck=19~ discard=10
2026.10.06-03.42.37 ARTPREVIEW hero-light fighter=f-0-hero state=active layers=2 lightsOn=2 keyCd=21.425 rimCd=1.820 mul=1.191 pulse=0.40Hz+-4%
2026.10.06-03.42.37 ARTPREVIEW combat marker fighter=Medusa attacker=1 target=0 icon=0 targetMesh=SM_Marker_TargetRing iconMode=screen targetArcScaleXY=0.920
2026.10.06-03.42.37 ARTPREVIEW combat marker fighter=King Arthur attacker=0 target=1 icon=1 targetMesh=SM_Marker_TargetRing iconMode=screen targetArcScaleXY=0.920
2026.10.06-03.42.37 MS-STATUS seq=58 text="You are attacked: choose a defense card or No defense (N)"
2026.10.06-03.42.37 ARTPREVIEW fighter=Medusa hero=1 eligible=0 visual=1 mesh=SK_Medusa_H2LD
2026.10.06-03.42.37 FIGHTERS synced n=6 alive=5 own=1 enemy=4
2026.10.06-03.42.37 WS seq=58 phase=COMBAT (apply)
2026.10.06-03.42.37 HUD-TRACK own=0/2 server=0 local=0 opp=1/2 oppVisible=1 anim=-/spend seq=58 frame=1960
2026.10.06-03.42.37 TAG fighter=f-0-hero bbox=(796,421,889,443) mode=compact look=P1 placement=above ring=0 hardPx2=0 softPx2=0 order=1 bound=1
2026.10.06-03.42.37 TAG fighter=f-0-sk0 bbox=(509,496,593,518) mode=compact look=P1 placement=above ring=0 hardPx2=0 softPx2=0 order=3 bound=1
2026.10.06-03.42.37 TAG fighter=f-0-sk1 bbox=(396,458,480,480) mode=compact look=P1 placement=above ring=0 hardPx2=0 softPx2=0 order=2 bound=1
2026.10.06-03.42.37 TAG fighter=f-0-sk2 bbox=(308,584,392,606) mode=compact look=P1 placement=left ring=0 hardPx2=0 softPx2=0 order=4 bound=1
2026.10.06-03.42.37 TAG fighter=f-1-hero bbox=(879,323,981,345) mode=compact look=P2 placement=above ring=0 hardPx2=0 softPx2=0 order=0 bound=1
2026.10.06-03.42.37 ICON fighter=f-1-hero bbox=(970,367,1002,399) size=32 src=combat anchor=right fallback=0 overlapPx2=0 texture=/Game/S08/UI/IconsV3/T_IV3_action_attack_token_32.T_IV3_action_attack_token_32
2026.10.06-03.42.37 TAG fighter=f-0-hero bbox=(796,421,889,443) mode=compact look=P1 placement=above ring=0 hardPx2=0 softPx2=0 order=1 bound=1
2026.10.06-03.42.37 TAG fighter=f-0-sk0 bbox=(509,496,593,518) mode=compact look=P1 placement=above ring=0 hardPx2=0 softPx2=0 order=3 bound=1
2026.10.06-03.42.37 TAG fighter=f-0-sk1 bbox=(396,458,480,480) mode=compact look=P1 placement=above ring=0 hardPx2=0 softPx2=0 order=2 bound=1
2026.10.06-03.42.37 TAG fighter=f-0-sk2 bbox=(308,584,392,606) mode=compact look=P1 placement=left ring=0 hardPx2=0 softPx2=0 order=4 bound=1
2026.10.06-03.42.37 TAG fighter=f-1-hero bbox=(879,323,981,345) mode=compact look=P2 placement=above ring=0 hardPx2=0 softPx2=0 order=0 bound=1
2026.10.06-03.42.37 ICON fighter=f-1-hero bbox=(970,367,1002,399) size=32 src=combat anchor=right fallback=0 overlapPx2=0 texture=/Game/S08/UI/IconsV3/T_IV3_action_attack_token_32.T_IV3_action_attack_token_32
2026.10.06-03.42.37 MS-LAST off seq=56 fade=300
2026.10.06-03.42.37 ARTPREVIEW anim fighter=f-1-hero clip=Idle len=2.500 event=clipFinished loop=1 phase=0.3470 seq=-1 asset=AM_KingArthur_Idle rate=1.00
2026.10.06-03.42.37 CUE fx done id=CUE-008 subject=f-0-hero seq=58 t=70492 ms=600 cut=0
2026.10.06-03.42.38 TAG fighter=f-0-hero bbox=(796,421,889,443) mode=compact look=P1 placement=above ring=0 hardPx2=0 softPx2=0 order=1 bound=1
2026.10.06-03.42.38 TAG fighter=f-0-sk0 bbox=(509,496,593,518) mode=compact look=P1 placement=above ring=0 hardPx2=0 softPx2=0 order=3 bound=1
2026.10.06-03.42.38 TAG fighter=f-0-sk1 bbox=(396,458,480,480) mode=compact look=P1 placement=above ring=0 hardPx2=0 softPx2=0 order=2 bound=1
2026.10.06-03.42.38 TAG fighter=f-0-sk2 bbox=(308,584,392,606) mode=compact look=P1 placement=left ring=0 hardPx2=0 softPx2=0 order=4 bound=1
2026.10.06-03.42.38 TAG fighter=f-1-hero bbox=(879,323,981,345) mode=compact look=P2 placement=above ring=0 hardPx2=0 softPx2=0 order=0 bound=1
2026.10.06-03.42.38 ICON fighter=f-1-hero bbox=(970,367,1002,399) size=32 src=combat anchor=right fallback=0 overlapPx2=0 texture=/Game/S08/UI/IconsV3/T_IV3_action_attack_token_32.T_IV3_action_attack_token_32
2026.10.06-03.42.38 S09AUTO drive mode=4 plan=[attack+abilityboost+scheme+storms+defend+resolve] phase=COMBAT turn=cmuhntivg0000wib0anhqyswc
2026.10.06-03.42.38 S09AUTO no legal defense card - falling back to no-defense
2026.10.06-03.42.38 NO-DEFENSE sent (defender closes the window)
2026.10.06-03.42.38 MS-STATUS seq=58 text="Syncing…"
2026.10.06-03.42.38 TOAST text="no defense - resolving"
2026.10.06-03.42.38 SNAPSHOT applied seq=59 phase=ACTION_MANEUVER
2026.10.06-03.42.38 HANDLE_APPLIED #80 seq=59 decision=2 fightersValid=1 boardValid=1
2026.10.06-03.42.38 COMBAT-RESULT seq=59 damage=1 role=defended
2026.10.06-03.42.38 COMBAT-LOG seq=59 log=59 n=10 entries=1 lines=1 src=log outcomes=APPLIED:1
2026.10.06-03.42.38 AUDIO combat seq=59 boosts=0 cancelled=0 own=1 fizzle=0
2026.10.06-03.42.38 CUE combat seq=59 stage=start t=70792 attacker=f-0-hero target=f-1-hero text=1 lines=1 damage=1 lethal=0 shown=0 speed=1.00 flip=620 contact=333 src=notify a=1 d=0 outcome=win
2026.10.06-03.42.38 CUE fx id=CUE-010 subject=scene seq=59 t=70792 vfx=none sfx=missing clip=none mat=none socket=- reduced=0 result=fallback
2026.10.06-03.42.38 CUE sound id=CUE-010 point=cue subject=card.attack seq=59 t=70792 event_t=70792 dt=0 class=SFX sound=SW_CRD_FLIP_01 gain=0.80 result=played
2026.10.06-03.42.38 CUE sound id=CUE-010 point=cue subject=card.defense seq=59 t=70792 event_t=70792 dt=0 class=SFX sound=SW_CMB_NO_DEFENSE_01 gain=0.80 result=played bank=CMB-NO-DEFENSE
2026.10.06-03.42.38 HUD-STAMP no-defense seq=59 target=f-1-hero icon=marker-x-stamp
2026.10.06-03.42.38 closed mode=
2026.10.06-03.42.38 MODE seq=59 mode=0 combat=0 pending=0
2026.10.06-03.42.38 MS-OPP verb=turn seq=59
2026.10.06-03.42.38 CUE sound id=CUE-005 point=cue subject=hand.opp seq=59 t=70792 event_t=70792 dt=0 class=SFX sound=SW_CRD_DRAW_01 gain=0.80 result=played
2026.10.06-03.42.38 HUD seq=59 phase=ACTION_MANEUVER turn=opp hand=1 oppHand=6(hidden) oppDeck=15 deck=19 discard=10
2026.10.06-03.42.38 MS-STATUS seq=59 text="Medusa — Opponent is choosing an action"
2026.10.06-03.42.38 ARTPREVIEW fighter=Medusa hero=1 eligible=0 visual=1 mesh=SK_Medusa_H2LD
2026.10.06-03.42.38 FIGHTERS synced n=6 alive=5 own=1 enemy=4
2026.10.06-03.42.38 CUE damage f-1-hero -1 seq=59 staged=contact
2026.10.06-03.42.38 RESOLVE done seq=59 (apply) phase=ACTION_MANEUVER
2026.10.06-03.42.38 SNAPSHOT applied seq=59 phase=ACTION_MANEUVER
2026.10.06-03.42.38 HANDLE_APPLIED #81 seq=59 decision=1 fightersValid=1 boardValid=1
2026.10.06-03.42.38 MODE seq=59 mode=0 combat=0 pending=0
2026.10.06-03.42.38 HUD seq=59 phase=ACTION_MANEUVER turn=opp hand=1 oppHand=6(hidden) oppDeck=15 deck=19 discard=10
2026.10.06-03.42.38 ARTPREVIEW fighter=Medusa hero=1 eligible=0 visual=1 mesh=SK_Medusa_H2LD
2026.10.06-03.42.38 FIGHTERS synced n=6 alive=5 own=1 enemy=4
2026.10.06-03.42.38 WS seq=59 phase=ACTION_MANEUVER (merge)
2026.10.06-03.42.38 S09AUTO drive mode=0 plan=[attack+abilityboost+scheme+storms+defend+resolve] phase=ACTION_MANEUVER turn=cmuhntivg0000wib0anhqyswc
2026.10.06-03.42.38 TAG fighter=f-0-hero bbox=(796,421,889,443) mode=compact look=P1 placement=above ring=0 hardPx2=0 softPx2=0 order=1 bound=1
2026.10.06-03.42.38 TAG fighter=f-0-sk0 bbox=(509,496,593,518) mode=compact look=P1 placement=above ring=0 hardPx2=0 softPx2=0 order=3 bound=1
2026.10.06-03.42.38 TAG fighter=f-0-sk1 bbox=(396,458,480,480) mode=compact look=P1 placement=above ring=0 hardPx2=0 softPx2=0 order=2 bound=1
2026.10.06-03.42.38 TAG fighter=f-0-sk2 bbox=(308,584,392,606) mode=compact look=P1 placement=left ring=0 hardPx2=0 softPx2=0 order=4 bound=1
2026.10.06-03.42.38 TAG fighter=f-1-hero bbox=(879,323,981,345) mode=compact look=P2 placement=above ring=0 hardPx2=0 softPx2=0 order=0 bound=1
2026.10.06-03.42.38 ICON fighter=f-1-hero bbox=(970,367,1002,399) size=32 src=combat anchor=right fallback=0 overlapPx2=0 texture=/Game/S08/UI/IconsV3/T_IV3_action_attack_token_32.T_IV3_action_attack_token_32
2026.10.06-03.42.38 SNAPSHOT applied seq=60 phase=COMBAT
2026.10.06-03.42.38 HANDLE_APPLIED #82 seq=60 decision=2 fightersValid=1 boardValid=1
2026.10.06-03.42.38 CUE sound id=CUE-008 point=cue subject=f-0-hero seq=60 t=70926 event_t=70926 dt=0 class=SFX sound=SW_CMB_ATTACK_DECLARE_02 gain=0.80 result=played
2026.10.06-03.42.38 AUDIO attack seq=60 key=MEDUSA abilityBoost=0
2026.10.06-03.42.38 VO event=ATTACK speaker=MEDUSA t=70926 result=skipped line=- prio=3 reason=chance
2026.10.06-03.42.38 CUE fx id=CUE-008 subject=f-0-hero seq=60 t=70926 vfx=missing sfx=missing clip=none mat=none socket=Weapon reduced=0 result=fallback
2026.10.06-03.42.38 CUE combat seq=59 stage=skip t=70926 src=catchup
2026.10.06-03.42.38 CATCHUP seq=59 latest=60 queued=1 lag=0 t=70926 action=hurry reason=combat applied=1
2026.10.06-03.42.38 closed mode=
2026.10.06-03.42.38 MODE seq=60 mode=4 combat=1 pending=0
2026.10.06-03.42.38 MS-OPP verb=attack seq=60
2026.10.06-03.42.38 MS-TRACK own=0/2 opp=2/2 oppVisible=1 seq=60
2026.10.06-03.42.38 HUD seq=60 phase=COMBAT turn=opp hand=1 oppHand=5(hidden) oppDeck=15~ deck=19~ discard=10
2026.10.06-03.42.38 MS-STATUS seq=60 text="You are attacked: choose a defense card or No defense (N)"
2026.10.06-03.42.38 ARTPREVIEW fighter=Medusa hero=1 eligible=0 visual=1 mesh=SK_Medusa_H2LD
2026.10.06-03.42.38 FIGHTERS synced n=6 alive=5 own=1 enemy=4
2026.10.06-03.42.38 WS seq=60 phase=COMBAT (apply)
2026.10.06-03.42.38 HUD-TRACK own=0/2 server=0 local=0 opp=2/2 oppVisible=1 anim=-/spend seq=60 frame=1991
2026.10.06-03.42.38 S09AUTO drive mode=4 plan=[attack+abilityboost+scheme+storms+defend+resolve] phase=COMBAT turn=cmuhntivg0000wib0anhqyswc
2026.10.06-03.42.38 S09AUTO no legal defense card - falling back to no-defense
2026.10.06-03.42.38 NO-DEFENSE sent (defender closes the window)
2026.10.06-03.42.38 MS-STATUS seq=60 text="Syncing…"
2026.10.06-03.42.38 TAG fighter=f-0-hero bbox=(796,421,889,443) mode=compact look=P1 placement=above ring=0 hardPx2=0 softPx2=0 order=1 bound=1
2026.10.06-03.42.38 TAG fighter=f-0-sk0 bbox=(509,496,593,518) mode=compact look=P1 placement=above ring=0 hardPx2=0 softPx2=0 order=3 bound=1
2026.10.06-03.42.38 TAG fighter=f-0-sk1 bbox=(396,458,480,480) mode=compact look=P1 placement=above ring=0 hardPx2=0 softPx2=0 order=2 bound=1
2026.10.06-03.42.38 TAG fighter=f-0-sk2 bbox=(308,584,392,606) mode=compact look=P1 placement=left ring=0 hardPx2=0 softPx2=0 order=4 bound=1
2026.10.06-03.42.38 TAG fighter=f-1-hero bbox=(879,323,981,345) mode=compact look=P2 placement=above ring=0 hardPx2=0 softPx2=0 order=0 bound=1
2026.10.06-03.42.38 ICON fighter=f-1-hero bbox=(970,367,1002,399) size=32 src=combat anchor=right fallback=0 overlapPx2=0 texture=/Game/S08/UI/IconsV3/T_IV3_action_attack_token_32.T_IV3_action_attack_token_32
2026.10.06-03.42.38 SNAPSHOT applied seq=61 phase=ACTION_MANEUVER
2026.10.06-03.42.38 HANDLE_APPLIED #83 seq=61 decision=2 fightersValid=1 boardValid=1
2026.10.06-03.42.38 COMBAT-RESULT seq=61 damage=3 role=defended
2026.10.06-03.42.38 COMBAT-LOG seq=61 log=61 n=11 entries=1 lines=1 src=log outcomes=APPLIED:1
2026.10.06-03.42.38 AUDIO combat seq=61 boosts=0 cancelled=0 own=1 fizzle=0
2026.10.06-03.42.38 CUE fx done id=CUE-010 subject=scene seq=59 t=71059 ms=267 cut=replace
2026.10.06-03.42.38 CUE combat seq=59 stage=end t=71059 total=867 skipped=1 cut=replace
2026.10.06-03.42.38 CUE combat seq=61 stage=start t=71059 attacker=f-0-hero target=f-1-hero text=1 lines=1 damage=3 lethal=0 shown=0 speed=1.00 flip=620 contact=333 src=notify a=3 d=0 outcome=win
2026.10.06-03.42.38 CUE fx done id=CUE-008 subject=f-0-hero seq=60 t=71059 ms=133 cut=interrupt
2026.10.06-03.42.38 CUE fx id=CUE-010 subject=scene seq=61 t=71059 vfx=none sfx=missing clip=none mat=none socket=- reduced=0 result=fallback
2026.10.06-03.42.38 ARTPREVIEW fighter=Medusa hero=1 eligible=0 visual=1 mesh=SK_Medusa_H2LD
2026.10.06-03.42.38 ARTPREVIEW fighter=Medusa hero=1 eligible=0 visual=1 mesh=SK_Medusa_H2LD
2026.10.06-03.42.38 HUD-STAMP no-defense seq=61 target=f-1-hero icon=marker-x-stamp
2026.10.06-03.42.38 CUE sound id=CUE-010 point=cue subject=card.attack seq=61 t=71059 event_t=71059 dt=0 class=SFX sound=SW_CRD_FLIP_03 gain=0.80 result=played
2026.10.06-03.42.38 CUE sound id=CUE-010 point=cue subject=card.defense seq=61 t=71059 event_t=71059 dt=0 class=SFX sound=SW_CMB_NO_DEFENSE_01 gain=0.80 result=played bank=CMB-NO-DEFENSE
2026.10.06-03.42.38 closed mode=
2026.10.06-03.42.38 TURN-INPUT open seq=61 frame=1994 gate=none
2026.10.06-03.42.38 MODE seq=61 mode=0 combat=0 pending=0
2026.10.06-03.42.38 MS-OPP verb=none seq=61
2026.10.06-03.42.38 MS-TRACK own=0/2 opp=0/2 oppVisible=0 seq=61
2026.10.06-03.42.38 CUE sound id=CUE-015 point=turn subject=- seq=61 t=71059 event_t=71059 dt=0 class=UI sound=SW_UI_TURN_CHIME_01 gain=0.80 result=played turn=own
2026.10.06-03.42.38 VO event=TURN-START speaker=ARTHUR t=71059 result=skipped line=- prio=4 reason=chance
2026.10.06-03.42.38 HUD-TURN seq=61 turn=own initial=0 ring=marker-turn-ring flash=1000 banner=600 reduced=0
2026.10.06-03.42.38 CUE sound id=CUE-005 point=cue subject=hand.opp seq=61 t=71059 event_t=71059 dt=0 class=SFX sound=SW_CRD_DRAW_04 gain=0.80 result=played
2026.10.06-03.42.38 HUD seq=61 phase=ACTION_MANEUVER turn=you hand=1 oppHand=6(hidden) oppDeck=14 deck=19 discard=10
2026.10.06-03.42.38 MS-STATUS seq=61 text="Choose an action: maneuver (M), attack (A) or scheme (G)"
2026.10.06-03.42.38 ARTPREVIEW fighter=Medusa hero=1 eligible=0 visual=1 mesh=SK_Medusa_H2LD
2026.10.06-03.42.38 FIGHTERS synced n=6 alive=5 own=1 enemy=4
2026.10.06-03.42.38 CUE damage f-1-hero -3 seq=61 staged=contact
2026.10.06-03.42.38 RESOLVE done seq=61 (apply) phase=ACTION_MANEUVER
2026.10.06-03.42.38 SNAPSHOT applied seq=61 phase=ACTION_MANEUVER
2026.10.06-03.42.38 HANDLE_APPLIED #84 seq=61 decision=1 fightersValid=1 boardValid=1
2026.10.06-03.42.38 MODE seq=61 mode=0 combat=0 pending=0
2026.10.06-03.42.38 HUD seq=61 phase=ACTION_MANEUVER turn=you hand=1 oppHand=6(hidden) oppDeck=14 deck=19 discard=10
2026.10.06-03.42.38 ARTPREVIEW fighter=Medusa hero=1 eligible=0 visual=1 mesh=SK_Medusa_H2LD
2026.10.06-03.42.38 FIGHTERS synced n=6 alive=5 own=1 enemy=4
2026.10.06-03.42.38 WS seq=61 phase=ACTION_MANEUVER (merge)
2026.10.06-03.42.38 HUD-HEART side=own hero=f-1-hero hp=9/18 anim=damage glow=1 played=1
2026.10.06-03.42.38 HUD-TRACK own=0/2 server=0 local=0 opp=0/2 oppVisible=0 anim=reset/reset seq=61 frame=1995
2026.10.06-03.42.38 S09AUTO drive mode=0 plan=[attack+abilityboost+scheme+storms+defend+resolve] phase=ACTION_MANEUVER turn=cmuhntiwu0001wib0z281rpa8
2026.10.06-03.42.38 S09AUTO own turn #5 (turnCount=12)
2026.10.06-03.42.38 HUD-TRACK chosen=maneuver seq=61 spent=0
2026.10.06-03.42.38 MS-STATUS seq=61 text="Syncing…"
2026.10.06-03.42.38 TOAST text="begin maneuver sent (server draws 1 card)"
2026.10.06-03.42.38 TAG fighter=f-0-hero bbox=(796,421,889,443) mode=compact look=P1 placement=above ring=0 hardPx2=0 softPx2=0 order=1 bound=1
2026.10.06-03.42.38 TAG fighter=f-0-sk0 bbox=(509,496,593,518) mode=compact look=P1 placement=above ring=0 hardPx2=0 softPx2=0 order=3 bound=1
2026.10.06-03.42.38 TAG fighter=f-0-sk1 bbox=(396,458,480,480) mode=compact look=P1 placement=above ring=0 hardPx2=0 softPx2=0 order=2 bound=1
2026.10.06-03.42.38 TAG fighter=f-0-sk2 bbox=(308,584,392,606) mode=compact look=P1 placement=left ring=0 hardPx2=0 softPx2=0 order=4 bound=1
2026.10.06-03.42.38 TAG fighter=f-1-hero bbox=(883,323,976,345) mode=compact look=P2 placement=above ring=0 hardPx2=0 softPx2=0 order=0 bound=1
2026.10.06-03.42.38 ICON fighter=f-1-hero bbox=(970,367,1002,399) size=32 src=combat anchor=right fallback=0 overlapPx2=0 texture=/Game/S08/UI/IconsV3/T_IV3_action_attack_token_32.T_IV3_action_attack_token_32
2026.10.06-03.42.38 HUD-HAND layout left=668 panel=583 canvas=1920 columnRight=261 gutter=12 shifted=0 wrap=1611
2026.10.06-03.42.38 HUD-TRACK own=1/2 server=0 local=1 opp=0/2 oppVisible=0 anim=spend/- seq=61 frame=1996
2026.10.06-03.42.38 TAG fighter=f-0-hero bbox=(796,421,889,443) mode=compact look=P1 placement=above ring=0 hardPx2=0 softPx2=0 order=1 bound=1
2026.10.06-03.42.38 TAG fighter=f-0-sk0 bbox=(509,496,593,518) mode=compact look=P1 placement=above ring=0 hardPx2=0 softPx2=0 order=3 bound=1
2026.10.06-03.42.38 TAG fighter=f-0-sk1 bbox=(396,458,480,480) mode=compact look=P1 placement=above ring=0 hardPx2=0 softPx2=0 order=2 bound=1
2026.10.06-03.42.38 TAG fighter=f-0-sk2 bbox=(308,584,392,606) mode=compact look=P1 placement=left ring=0 hardPx2=0 softPx2=0 order=4 bound=1
2026.10.06-03.42.38 TAG fighter=f-1-hero bbox=(883,323,976,345) mode=compact look=P2 placement=above ring=0 hardPx2=0 softPx2=0 order=0 bound=1
2026.10.06-03.42.38 ICON fighter=f-1-hero bbox=(970,367,1002,399) size=32 src=combat anchor=right fallback=0 overlapPx2=0 texture=/Game/S08/UI/IconsV3/T_IV3_action_attack_token_32.T_IV3_action_attack_token_32
2026.10.06-03.42.38 SNAPSHOT applied seq=62 phase=ACTION_MANEUVER
2026.10.06-03.42.38 HANDLE_APPLIED #85 seq=62 decision=2 fightersValid=1 boardValid=1
2026.10.06-03.42.38 MS-DRAFT op=candidates rev=18 src=snapshot n=1 ids=f-1-hero autoselect=f-1-hero
2026.10.06-03.42.38 MANEUVER-DRAFT mode=maneuver:12:61
2026.10.06-03.42.38 DRAFT-OPEN draw committed (resume instead of begin)
2026.10.06-03.42.38 MODE seq=62 mode=1 combat=0 pending=0
2026.10.06-03.42.38 MS-TRACK own=1/2 opp=0/2 oppVisible=0 seq=62
2026.10.06-03.42.38 CUE sound id=CUE-005 point=cue subject=hand.own seq=62 t=71199 event_t=71199 dt=0 class=SFX sound=SW_CRD_DRAW_03 gain=0.80 result=played
2026.10.06-03.42.38 HUD seq=62 phase=ACTION_MANEUVER turn=you hand=2 oppHand=6(hidden) oppDeck=14 deck=18 discard=10
2026.10.06-03.42.38 MS-STATUS seq=62 text="Choose a space for King Arthur; Enter confirms the maneuver"
2026.10.06-03.42.38 ARTPREVIEW fighter=Medusa hero=1 eligible=0 visual=1 mesh=SK_Medusa_H2LD
2026.10.06-03.42.38 FIGHTERS synced n=6 alive=5 own=1 enemy=4
2026.10.06-03.42.38 ARTPREVIEW selection ring shown fighter=King Arthur mesh=SM_Marker_SelectionRing
2026.10.06-03.42.38 ARTPREVIEW hero-light fighter=f-1-hero state=active layers=2 lightsOn=2 keyCd=23.673 rimCd=2.011 mul=1.104 pulse=0.40Hz+-4%
2026.10.06-03.42.38 ARTPREVIEW reachable rings cells=7 placed=1 radiusUU=36 segments=48 style=readability color=#FFC857 stroke=#14110C widthUU=3.50 strokeUU=1.50
2026.10.06-03.42.38 MANEUVER begin seq=62 (apply) pending=maneuver:12:61
2026.10.06-03.42.38 SNAPSHOT applied seq=62 phase=ACTION_MANEUVER
2026.10.06-03.42.38 HANDLE_APPLIED #86 seq=62 decision=1 fightersValid=1 boardValid=1
2026.10.06-03.42.38 MODE seq=62 mode=1 combat=0 pending=0
2026.10.06-03.42.38 HUD seq=62 phase=ACTION_MANEUVER turn=you hand=2 oppHand=6(hidden) oppDeck=14 deck=18 discard=10
2026.10.06-03.42.38 ARTPREVIEW fighter=Medusa hero=1 eligible=0 visual=1 mesh=SK_Medusa_H2LD
2026.10.06-03.42.38 ARTPREVIEW selection ring shown fighter=King Arthur mesh=SM_Marker_SelectionRing
2026.10.06-03.42.38 FIGHTERS synced n=6 alive=5 own=1 enemy=4
2026.10.06-03.42.38 ARTPREVIEW selection ring shown fighter=King Arthur mesh=SM_Marker_SelectionRing
2026.10.06-03.42.38 ARTPREVIEW reachable rings cells=7 placed=1 radiusUU=36 segments=48 style=readability color=#FFC857 stroke=#14110C widthUU=3.50 strokeUU=1.50
2026.10.06-03.42.38 WS seq=62 phase=ACTION_MANEUVER (merge)
2026.10.06-03.42.38 HUD-TRACK own=1/2 server=1 local=0 opp=0/2 oppVisible=0 anim=-/- seq=62 frame=1999
2026.10.06-03.42.38 HUD-HAND lower=1 pick=cell cursor=board preview=hidden seq=62
2026.10.06-03.42.38 S09AUTO drive mode=1 plan=[attack+abilityboost+scheme+storms+defend+resolve] phase=ACTION_MANEUVER turn=cmuhntiwu0001wib0z281rpa8
2026.10.06-03.42.38 S09AUTO approach: no improving legal step
2026.10.06-03.42.38 MANEUVER-CONFIRM moves=0 boost=none
2026.10.06-03.42.38 MS-STATUS seq=62 text="Syncing…"
2026.10.06-03.42.38 HUD plate content fighter=f-1-hero name=King Arthur hp=9/18 team=own statuses=HERO  |  MELEE  |  TARGET teamSlot=P2 look=P2 shape=hexagon chip=#5786A8
2026.10.06-03.42.38 PLATE fighter=f-1-hero bbox=(891,457,1063,511) overlapReachable=0 placement=below ring=0 gap=6 selection=f-1-hero destinations=7 clean=1 softPx2=0 tested=110 bound=1
2026.10.06-03.42.38 TAG fighter=f-0-hero bbox=(796,421,889,443) mode=compact look=P1 placement=above ring=0 hardPx2=0 softPx2=0 order=0 bound=1
2026.10.06-03.42.38 TAG fighter=f-0-sk0 bbox=(509,496,593,518) mode=compact look=P1 placement=above ring=0 hardPx2=0 softPx2=0 order=2 bound=1
2026.10.06-03.42.38 TAG fighter=f-0-sk1 bbox=(396,458,480,480) mode=compact look=P1 placement=above ring=0 hardPx2=0 softPx2=0 order=1 bound=1
2026.10.06-03.42.38 TAG fighter=f-0-sk2 bbox=(308,584,392,606) mode=compact look=P1 placement=left ring=0 hardPx2=0 softPx2=0 order=3 bound=1
2026.10.06-03.42.38 ICON fighter=f-1-hero bbox=(970,367,1002,399) size=32 src=combat anchor=right fallback=0 overlapPx2=0 texture=/Game/S08/UI/IconsV3/T_IV3_action_attack_token_32.T_IV3_action_attack_token_32
2026.10.06-03.42.38 TAG fighter=f-0-hero bbox=(796,421,889,443) mode=compact look=P1 placement=above ring=0 hardPx2=0 softPx2=0 order=0 bound=1
2026.10.06-03.42.38 TAG fighter=f-0-sk0 bbox=(509,496,593,518) mode=compact look=P1 placement=above ring=0 hardPx2=0 softPx2=0 order=2 bound=1
2026.10.06-03.42.38 TAG fighter=f-0-sk1 bbox=(396,458,480,480) mode=compact look=P1 placement=above ring=0 hardPx2=0 softPx2=0 order=1 bound=1
2026.10.06-03.42.38 TAG fighter=f-0-sk2 bbox=(308,584,392,606) mode=compact look=P1 placement=left ring=0 hardPx2=0 softPx2=0 order=3 bound=1
2026.10.06-03.42.38 ICON fighter=f-1-hero bbox=(970,367,1002,399) size=32 src=combat anchor=right fallback=0 overlapPx2=0 texture=/Game/S08/UI/IconsV3/T_IV3_action_attack_token_32.T_IV3_action_attack_token_32
2026.10.06-03.42.38 TAG fighter=f-0-hero bbox=(796,421,889,443) mode=compact look=P1 placement=above ring=0 hardPx2=0 softPx2=0 order=0 bound=1
2026.10.06-03.42.38 TAG fighter=f-0-sk0 bbox=(509,496,593,518) mode=compact look=P1 placement=above ring=0 hardPx2=0 softPx2=0 order=2 bound=1
2026.10.06-03.42.38 TAG fighter=f-0-sk1 bbox=(396,458,480,480) mode=compact look=P1 placement=above ring=0 hardPx2=0 softPx2=0 order=1 bound=1
2026.10.06-03.42.38 TAG fighter=f-0-sk2 bbox=(308,584,392,606) mode=compact look=P1 placement=left ring=0 hardPx2=0 softPx2=0 order=3 bound=1
2026.10.06-03.42.38 ICON fighter=f-1-hero bbox=(970,367,1002,399) size=32 src=combat anchor=right fallback=0 overlapPx2=0 texture=/Game/S08/UI/IconsV3/T_IV3_action_attack_token_32.T_IV3_action_attack_token_32
2026.10.06-03.42.38 TAG fighter=f-0-hero bbox=(796,421,889,443) mode=compact look=P1 placement=above ring=0 hardPx2=0 softPx2=0 order=0 bound=1
2026.10.06-03.42.38 TAG fighter=f-0-sk0 bbox=(509,496,593,518) mode=compact look=P1 placement=above ring=0 hardPx2=0 softPx2=0 order=2 bound=1
2026.10.06-03.42.38 TAG fighter=f-0-sk1 bbox=(396,458,480,480) mode=compact look=P1 placement=above ring=0 hardPx2=0 softPx2=0 order=1 bound=1
2026.10.06-03.42.38 TAG fighter=f-0-sk2 bbox=(308,584,392,606) mode=compact look=P1 placement=left ring=0 hardPx2=0 softPx2=0 order=3 bound=1
2026.10.06-03.42.38 ICON fighter=f-1-hero bbox=(970,367,1002,399) size=32 src=combat anchor=right fallback=0 overlapPx2=0 texture=/Game/S08/UI/IconsV3/T_IV3_action_attack_token_32.T_IV3_action_attack_token_32
2026.10.06-03.42.38 SNAPSHOT applied seq=63 phase=ACTION_MANEUVER
2026.10.06-03.42.38 HANDLE_APPLIED #87 seq=63 decision=2 fightersValid=1 boardValid=1
2026.10.06-03.42.38 closed mode=
2026.10.06-03.42.38 MODE seq=63 mode=0 combat=0 pending=0
2026.10.06-03.42.38 MS-LAST enter seq=63 player=cmuhntiwu0001wib0z281rpa8 source=MANEUVER moves=0 boost=-1
2026.10.06-03.42.38 HUD seq=63 phase=ACTION_MANEUVER turn=you hand=2 oppHand=6(hidden) oppDeck=14 deck=18 discard=10
2026.10.06-03.42.38 MS-STATUS seq=63 text="Choose an action: maneuver (M), attack (A) or scheme (G)"
2026.10.06-03.42.38 ARTPREVIEW fighter=Medusa hero=1 eligible=0 visual=1 mesh=SK_Medusa_H2LD
2026.10.06-03.42.38 ARTPREVIEW selection ring shown fighter=King Arthur mesh=SM_Marker_SelectionRing
2026.10.06-03.42.38 FIGHTERS synced n=6 alive=5 own=1 enemy=4
2026.10.06-03.42.38 ARTPREVIEW hero-light fighter=f-1-hero state=idle layers=2 lightsOn=2 keyCd=21.443 rimCd=1.822 mul=1.000 pulse=none
2026.10.06-03.42.38 MANEUVER done seq=63 (apply) fighters=6 boost=no
2026.10.06-03.42.38 SNAPSHOT applied seq=63 phase=ACTION_MANEUVER
2026.10.06-03.42.38 HANDLE_APPLIED #88 seq=63 decision=1 fightersValid=1 boardValid=1
2026.10.06-03.42.38 MODE seq=63 mode=0 combat=0 pending=0
2026.10.06-03.42.38 HUD seq=63 phase=ACTION_MANEUVER turn=you hand=2 oppHand=6(hidden) oppDeck=14 deck=18 discard=10
2026.10.06-03.42.38 ARTPREVIEW fighter=Medusa hero=1 eligible=0 visual=1 mesh=SK_Medusa_H2LD
2026.10.06-03.42.38 FIGHTERS synced n=6 alive=5 own=1 enemy=4
2026.10.06-03.42.38 WS seq=63 phase=ACTION_MANEUVER (merge)
2026.10.06-03.42.38 MS-LAST show seq=63 mode=restore player=cmuhntiwu0001wib0z281rpa8 from=- to=-
2026.10.06-03.42.38 MS-LOG seq=63 moves=0 truncated=0 text="King Arthur: maneuver: no movement"
2026.10.06-03.42.38 HUD-HAND lower=0 pick=none cursor=board preview=shown seq=63
2026.10.06-03.42.38 PLATE hidden fighter=f-1-hero
2026.10.06-03.42.38 TAG fighter=f-0-hero bbox=(796,421,889,443) mode=compact look=P1 placement=above ring=0 hardPx2=0 softPx2=0 order=1 bound=1
2026.10.06-03.42.38 TAG fighter=f-0-sk0 bbox=(509,496,593,518) mode=compact look=P1 placement=above ring=0 hardPx2=0 softPx2=0 order=3 bound=1
2026.10.06-03.42.38 TAG fighter=f-0-sk1 bbox=(396,458,480,480) mode=compact look=P1 placement=above ring=0 hardPx2=0 softPx2=0 order=2 bound=1
2026.10.06-03.42.38 TAG fighter=f-0-sk2 bbox=(308,584,392,606) mode=compact look=P1 placement=left ring=0 hardPx2=0 softPx2=0 order=4 bound=1
2026.10.06-03.42.38 TAG fighter=f-1-hero bbox=(883,323,976,345) mode=compact look=P2 placement=above ring=0 hardPx2=0 softPx2=0 order=0 bound=1
2026.10.06-03.42.38 ICON fighter=f-1-hero bbox=(970,367,1002,399) size=32 src=combat anchor=right fallback=0 overlapPx2=0 texture=/Game/S08/UI/IconsV3/T_IV3_action_attack_token_32.T_IV3_action_attack_token_32
2026.10.06-03.42.38 TAG fighter=f-0-hero bbox=(796,421,889,443) mode=compact look=P1 placement=above ring=0 hardPx2=0 softPx2=0 order=1 bound=1
2026.10.06-03.42.38 TAG fighter=f-0-sk0 bbox=(509,496,593,518) mode=compact look=P1 placement=above ring=0 hardPx2=0 softPx2=0 order=3 bound=1
2026.10.06-03.42.38 TAG fighter=f-0-sk1 bbox=(396,458,480,480) mode=compact look=P1 placement=above ring=0 hardPx2=0 softPx2=0 order=2 bound=1
2026.10.06-03.42.38 TAG fighter=f-0-sk2 bbox=(308,584,392,606) mode=compact look=P1 placement=left ring=0 hardPx2=0 softPx2=0 order=4 bound=1
2026.10.06-03.42.38 TAG fighter=f-1-hero bbox=(883,323,976,345) mode=compact look=P2 placement=above ring=0 hardPx2=0 softPx2=0 order=0 bound=1
2026.10.06-03.42.38 ICON fighter=f-1-hero bbox=(970,367,1002,399) size=32 src=combat anchor=right fallback=0 overlapPx2=0 texture=/Game/S08/UI/IconsV3/T_IV3_action_attack_token_32.T_IV3_action_attack_token_32
2026.10.06-03.42.38 TAG fighter=f-0-hero bbox=(796,421,889,443) mode=compact look=P1 placement=above ring=0 hardPx2=0 softPx2=0 order=1 bound=1
2026.10.06-03.42.38 TAG fighter=f-0-sk0 bbox=(509,496,593,518) mode=compact look=P1 placement=above ring=0 hardPx2=0 softPx2=0 order=3 bound=1
2026.10.06-03.42.38 TAG fighter=f-0-sk1 bbox=(396,458,480,480) mode=compact look=P1 placement=above ring=0 hardPx2=0 softPx2=0 order=2 bound=1
2026.10.06-03.42.38 TAG fighter=f-0-sk2 bbox=(308,584,392,606) mode=compact look=P1 placement=left ring=0 hardPx2=0 softPx2=0 order=4 bound=1
2026.10.06-03.42.38 TAG fighter=f-1-hero bbox=(883,323,976,345) mode=compact look=P2 placement=above ring=0 hardPx2=0 softPx2=0 order=0 bound=1
2026.10.06-03.42.38 ICON fighter=f-1-hero bbox=(970,367,1002,399) size=32 src=combat anchor=right fallback=0 overlapPx2=0 texture=/Game/S08/UI/IconsV3/T_IV3_action_attack_token_32.T_IV3_action_attack_token_32
2026.10.06-03.42.38 TAG fighter=f-0-hero bbox=(796,421,889,443) mode=compact look=P1 placement=above ring=0 hardPx2=0 softPx2=0 order=1 bound=1
2026.10.06-03.42.38 TAG fighter=f-0-sk0 bbox=(509,496,593,518) mode=compact look=P1 placement=above ring=0 hardPx2=0 softPx2=0 order=3 bound=1
2026.10.06-03.42.38 TAG fighter=f-0-sk1 bbox=(396,458,480,480) mode=compact look=P1 placement=above ring=0 hardPx2=0 softPx2=0 order=2 bound=1
2026.10.06-03.42.38 TAG fighter=f-0-sk2 bbox=(308,584,392,606) mode=compact look=P1 placement=left ring=0 hardPx2=0 softPx2=0 order=4 bound=1
2026.10.06-03.42.38 TAG fighter=f-1-hero bbox=(883,323,976,345) mode=compact look=P2 placement=above ring=0 hardPx2=0 softPx2=0 order=0 bound=1
2026.10.06-03.42.38 ICON fighter=f-1-hero bbox=(970,367,1002,399) size=32 src=combat anchor=right fallback=0 overlapPx2=0 texture=/Game/S08/UI/IconsV3/T_IV3_action_attack_token_32.T_IV3_action_attack_token_32
2026.10.06-03.42.38 TAG fighter=f-0-hero bbox=(796,421,889,443) mode=compact look=P1 placement=above ring=0 hardPx2=0 softPx2=0 order=1 bound=1
2026.10.06-03.42.38 TAG fighter=f-0-sk0 bbox=(509,496,593,518) mode=compact look=P1 placement=above ring=0 hardPx2=0 softPx2=0 order=3 bound=1
2026.10.06-03.42.38 TAG fighter=f-0-sk1 bbox=(396,458,480,480) mode=compact look=P1 placement=above ring=0 hardPx2=0 softPx2=0 order=2 bound=1
2026.10.06-03.42.38 TAG fighter=f-0-sk2 bbox=(308,584,392,606) mode=compact look=P1 placement=left ring=0 hardPx2=0 softPx2=0 order=4 bound=1
2026.10.06-03.42.38 TAG fighter=f-1-hero bbox=(883,323,976,345) mode=compact look=P2 placement=above ring=0 hardPx2=0 softPx2=0 order=0 bound=1
2026.10.06-03.42.38 ICON fighter=f-1-hero bbox=(970,367,1002,399) size=32 src=combat anchor=right fallback=0 overlapPx2=0 texture=/Game/S08/UI/IconsV3/T_IV3_action_attack_token_32.T_IV3_action_attack_token_32
2026.10.06-03.42.38 TAG fighter=f-0-hero bbox=(796,421,889,443) mode=compact look=P1 placement=above ring=0 hardPx2=0 softPx2=0 order=1 bound=1
2026.10.06-03.42.38 TAG fighter=f-0-sk0 bbox=(509,496,593,518) mode=compact look=P1 placement=above ring=0 hardPx2=0 softPx2=0 order=3 bound=1
2026.10.06-03.42.38 TAG fighter=f-0-sk1 bbox=(396,458,480,480) mode=compact look=P1 placement=above ring=0 hardPx2=0 softPx2=0 order=2 bound=1
2026.10.06-03.42.38 TAG fighter=f-0-sk2 bbox=(308,584,392,606) mode=compact look=P1 placement=left ring=0 hardPx2=0 softPx2=0 order=4 bound=1
2026.10.06-03.42.38 TAG fighter=f-1-hero bbox=(883,323,976,345) mode=compact look=P2 placement=above ring=0 hardPx2=0 softPx2=0 order=0 bound=1
2026.10.06-03.42.38 ICON fighter=f-1-hero bbox=(970,367,1002,399) size=32 src=combat anchor=right fallback=0 overlapPx2=0 texture=/Game/S08/UI/IconsV3/T_IV3_action_attack_token_32.T_IV3_action_attack_token_32
2026.10.06-03.42.39 S09AUTO drive mode=0 plan=[attack+abilityboost+scheme+storms+defend+resolve] phase=ACTION_MANEUVER turn=cmuhntiwu0001wib0z281rpa8
2026.10.06-03.42.39 HUD-TRACK chosen=maneuver seq=63 spent=1
2026.10.06-03.42.39 MS-STATUS seq=63 text="Syncing…"
2026.10.06-03.42.39 HUD-TRACK own=2/2 server=1 local=1 opp=0/2 oppVisible=0 anim=spend/- seq=63 frame=2037
2026.10.06-03.42.39 SNAPSHOT applied seq=64 phase=ACTION_MANEUVER
2026.10.06-03.42.39 HANDLE_APPLIED #89 seq=64 decision=2 fightersValid=1 boardValid=1
2026.10.06-03.42.39 MS-DRAFT op=candidates rev=23 src=snapshot n=1 ids=f-1-hero autoselect=f-1-hero
2026.10.06-03.42.39 MANEUVER-DRAFT mode=maneuver:12:63
2026.10.06-03.42.39 DRAFT-OPEN draw committed (resume instead of begin)
2026.10.06-03.42.39 MODE seq=64 mode=1 combat=0 pending=0
2026.10.06-03.42.39 MS-TRACK own=2/2 opp=0/2 oppVisible=0 seq=64
2026.10.06-03.42.39 CUE sound id=CUE-005 point=cue subject=hand.own seq=64 t=72568 event_t=72568 dt=0 class=SFX sound=SW_CRD_DRAW_02 gain=0.80 result=played
2026.10.06-03.42.39 HUD seq=64 phase=ACTION_MANEUVER turn=you hand=3 oppHand=6(hidden) oppDeck=14 deck=17 discard=10
2026.10.06-03.42.39 MS-STATUS seq=64 text="Choose a space for King Arthur; Enter confirms the maneuver"
2026.10.06-03.42.39 ARTPREVIEW fighter=Medusa hero=1 eligible=0 visual=1 mesh=SK_Medusa_H2LD
2026.10.06-03.42.39 FIGHTERS synced n=6 alive=5 own=1 enemy=4
2026.10.06-03.42.39 ARTPREVIEW selection ring shown fighter=King Arthur mesh=SM_Marker_SelectionRing
2026.10.06-03.42.39 ARTPREVIEW hero-light fighter=f-1-hero state=active layers=2 lightsOn=2 keyCd=25.598 rimCd=2.175 mul=1.194 pulse=0.40Hz+-4%
2026.10.06-03.42.39 ARTPREVIEW reachable rings cells=7 placed=1 radiusUU=36 segments=48 style=readability color=#FFC857 stroke=#14110C widthUU=3.50 strokeUU=1.50
2026.10.06-03.42.39 MANEUVER begin seq=64 (apply) pending=maneuver:12:63
2026.10.06-03.42.39 SNAPSHOT applied seq=64 phase=ACTION_MANEUVER
2026.10.06-03.42.39 HANDLE_APPLIED #90 seq=64 decision=1 fightersValid=1 boardValid=1
2026.10.06-03.42.39 MODE seq=64 mode=1 combat=0 pending=0
2026.10.06-03.42.39 HUD seq=64 phase=ACTION_MANEUVER turn=you hand=3 oppHand=6(hidden) oppDeck=14 deck=17 discard=10
2026.10.06-03.42.39 ARTPREVIEW fighter=Medusa hero=1 eligible=0 visual=1 mesh=SK_Medusa_H2LD
2026.10.06-03.42.39 ARTPREVIEW selection ring shown fighter=King Arthur mesh=SM_Marker_SelectionRing
2026.10.06-03.42.39 FIGHTERS synced n=6 alive=5 own=1 enemy=4
2026.10.06-03.42.39 ARTPREVIEW selection ring shown fighter=King Arthur mesh=SM_Marker_SelectionRing
2026.10.06-03.42.39 ARTPREVIEW reachable rings cells=7 placed=1 radiusUU=36 segments=48 style=readability color=#FFC857 stroke=#14110C widthUU=3.50 strokeUU=1.50
2026.10.06-03.42.39 WS seq=64 phase=ACTION_MANEUVER (merge)
2026.10.06-03.42.39 HUD-TRACK own=2/2 server=2 local=0 opp=0/2 oppVisible=0 anim=-/- seq=64 frame=2040
2026.10.06-03.42.39 HUD-HAND lower=1 pick=cell cursor=board preview=hidden seq=64
2026.10.06-03.42.39 S09AUTO drive mode=1 plan=[attack+abilityboost+scheme+storms+defend+resolve] phase=ACTION_MANEUVER turn=cmuhntiwu0001wib0z281rpa8
2026.10.06-03.42.39 S09AUTO approach: no improving legal step
2026.10.06-03.42.39 MANEUVER-CONFIRM moves=0 boost=none
2026.10.06-03.42.39 MS-STATUS seq=64 text="Syncing…"
2026.10.06-03.42.39 PLATE fighter=f-1-hero bbox=(891,457,1063,511) overlapReachable=0 placement=below ring=0 gap=6 selection=f-1-hero destinations=7 clean=1 softPx2=0 tested=110 bound=1
2026.10.06-03.42.39 TAG fighter=f-0-hero bbox=(796,421,889,443) mode=compact look=P1 placement=above ring=0 hardPx2=0 softPx2=0 order=0 bound=1
2026.10.06-03.42.39 TAG fighter=f-0-sk0 bbox=(509,496,593,518) mode=compact look=P1 placement=above ring=0 hardPx2=0 softPx2=0 order=2 bound=1
2026.10.06-03.42.39 TAG fighter=f-0-sk1 bbox=(396,458,480,480) mode=compact look=P1 placement=above ring=0 hardPx2=0 softPx2=0 order=1 bound=1
2026.10.06-03.42.39 TAG fighter=f-0-sk2 bbox=(308,584,392,606) mode=compact look=P1 placement=left ring=0 hardPx2=0 softPx2=0 order=3 bound=1
2026.10.06-03.42.39 ICON fighter=f-1-hero bbox=(970,367,1002,399) size=32 src=combat anchor=right fallback=0 overlapPx2=0 texture=/Game/S08/UI/IconsV3/T_IV3_action_attack_token_32.T_IV3_action_attack_token_32
2026.10.06-03.42.39 TAG fighter=f-0-hero bbox=(796,421,889,443) mode=compact look=P1 placement=above ring=0 hardPx2=0 softPx2=0 order=0 bound=1
2026.10.06-03.42.39 TAG fighter=f-0-sk0 bbox=(509,496,593,518) mode=compact look=P1 placement=above ring=0 hardPx2=0 softPx2=0 order=2 bound=1
2026.10.06-03.42.39 TAG fighter=f-0-sk1 bbox=(396,458,480,480) mode=compact look=P1 placement=above ring=0 hardPx2=0 softPx2=0 order=1 bound=1
2026.10.06-03.42.39 TAG fighter=f-0-sk2 bbox=(308,584,392,606) mode=compact look=P1 placement=left ring=0 hardPx2=0 softPx2=0 order=3 bound=1
2026.10.06-03.42.39 ICON fighter=f-1-hero bbox=(970,367,1002,399) size=32 src=combat anchor=right fallback=0 overlapPx2=0 texture=/Game/S08/UI/IconsV3/T_IV3_action_attack_token_32.T_IV3_action_attack_token_32
2026.10.06-03.42.40 TAG fighter=f-0-hero bbox=(796,421,889,443) mode=compact look=P1 placement=above ring=0 hardPx2=0 softPx2=0 order=0 bound=1
2026.10.06-03.42.40 TAG fighter=f-0-sk0 bbox=(509,496,593,518) mode=compact look=P1 placement=above ring=0 hardPx2=0 softPx2=0 order=2 bound=1
2026.10.06-03.42.40 TAG fighter=f-0-sk1 bbox=(396,458,480,480) mode=compact look=P1 placement=above ring=0 hardPx2=0 softPx2=0 order=1 bound=1
2026.10.06-03.42.40 TAG fighter=f-0-sk2 bbox=(308,584,392,606) mode=compact look=P1 placement=left ring=0 hardPx2=0 softPx2=0 order=3 bound=1
2026.10.06-03.42.40 ICON fighter=f-1-hero bbox=(970,367,1002,399) size=32 src=combat anchor=right fallback=0 overlapPx2=0 texture=/Game/S08/UI/IconsV3/T_IV3_action_attack_token_32.T_IV3_action_attack_token_32
2026.10.06-03.42.40 CUE combat seq=61 stage=read t=72679 ms=1000 skipped=0
2026.10.06-03.42.40 CUE combat seq=61 stage=skip t=72701 src=catchup
2026.10.06-03.42.40 CUE combat seq=61 stage=effect t=72701 i=1 ms=22 skipped=1
2026.10.06-03.42.40 CUE combat seq=61 stage=slam t=72701 a=3 d=0 outcome=win
2026.10.06-03.42.40 CATCHUP seq=61 latest=64 queued=3 lag=1502 t=72701 action=hurry reason=lag applied=1
2026.10.06-03.42.40 SFX bank=CMB-EFFECT-LINE tag=effect class=SFX t=72701 sound=SW_CMB_EFFECT_LINE_01 gain=0.80
2026.10.06-03.42.40 CUE sound id=CUE-010 point=cue subject=slam seq=61 t=72701 event_t=72701 dt=0 class=SFX sound=SW_CMB_SLAM_01 gain=0.80 result=played bank=CMB-SLAM
2026.10.06-03.42.40 TAG fighter=f-0-hero bbox=(796,421,889,443) mode=compact look=P1 placement=above ring=0 hardPx2=0 softPx2=0 order=0 bound=1
2026.10.06-03.42.40 TAG fighter=f-0-sk0 bbox=(509,496,593,518) mode=compact look=P1 placement=above ring=0 hardPx2=0 softPx2=0 order=2 bound=1
2026.10.06-03.42.40 TAG fighter=f-0-sk1 bbox=(396,458,480,480) mode=compact look=P1 placement=above ring=0 hardPx2=0 softPx2=0 order=1 bound=1
2026.10.06-03.42.40 TAG fighter=f-0-sk2 bbox=(308,584,392,606) mode=compact look=P1 placement=left ring=0 hardPx2=0 softPx2=0 order=3 bound=1
2026.10.06-03.42.40 ICON fighter=f-1-hero bbox=(970,367,1002,399) size=32 src=combat anchor=right fallback=0 overlapPx2=0 texture=/Game/S08/UI/IconsV3/T_IV3_action_attack_token_32.T_IV3_action_attack_token_32
2026.10.06-03.42.40 SNAPSHOT applied seq=65 phase=ACTION_MANEUVER
2026.10.06-03.42.40 HANDLE_APPLIED #91 seq=65 decision=2 fightersValid=1 boardValid=1
2026.10.06-03.42.40 CUE fx done id=CUE-010 subject=scene seq=61 t=72701 ms=1642 cut=jump hold=1022
2026.10.06-03.42.40 CUE combat seq=61 stage=end t=72701 total=2242 skipped=1 cut=catchup
2026.10.06-03.42.40 CATCHUP seq=61 latest=65 queued=4 lag=1502 t=72701 action=cut reason=queue applied=1
2026.10.06-03.42.40 ARTPREVIEW fighter=Medusa hero=1 eligible=0 visual=1 mesh=SK_Medusa_H2LD
2026.10.06-03.42.40 ARTPREVIEW selection ring shown fighter=King Arthur mesh=SM_Marker_SelectionRing
2026.10.06-03.42.40 ARTPREVIEW hero-light fighter=f-0-hero state=idle layers=2 lightsOn=2 keyCd=17.984 rimCd=1.528 mul=1.000 pulse=none
2026.10.06-03.42.40 ARTPREVIEW combat marker fighter=Medusa attacker=0 target=0 icon=0 targetMesh=SM_Marker_TargetRing iconMode=screen targetArcScaleXY=0.920
2026.10.06-03.42.40 ARTPREVIEW combat marker fighter=King Arthur attacker=0 target=0 icon=0 targetMesh=SM_Marker_TargetRing iconMode=screen targetArcScaleXY=0.920
2026.10.06-03.42.40 ARTPREVIEW fighter=Medusa hero=1 eligible=0 visual=1 mesh=SK_Medusa_H2LD
2026.10.06-03.42.40 ARTPREVIEW selection ring shown fighter=King Arthur mesh=SM_Marker_SelectionRing
2026.10.06-03.42.40 closed mode=
2026.10.06-03.42.40 MODE seq=65 mode=0 combat=0 pending=1
2026.10.06-03.42.40 MS-OPP verb=ability seq=65
2026.10.06-03.42.40 MS-TRACK own=0/2 opp=0/2 oppVisible=1 seq=65
2026.10.06-03.42.40 MS-LAST fade seq=63 at=65 ms=300
2026.10.06-03.42.40 MS-LAST replace seq=63 by=65
2026.10.06-03.42.40 MS-LAST enter seq=65 player=cmuhntiwu0001wib0z281rpa8 source=MANEUVER moves=0 boost=-1
2026.10.06-03.42.40 CUE sound id=CUE-015 point=turn subject=- seq=65 t=72701 event_t=72701 dt=0 class=UI sound=none gain=0.80 result=silent turn=opp reason=opponent
2026.10.06-03.42.40 HUD-TURN seq=65 turn=opp initial=0 ring=marker-turn-ring flash=1000 banner=0 reduced=0
2026.10.06-03.42.40 HUD seq=65 phase=ACTION_MANEUVER turn=opp hand=3 oppHand=6(hidden) oppDeck=14 deck=17 discard=10
2026.10.06-03.42.40 MS-STATUS seq=65 text="Waiting for the opponent's choice"
2026.10.06-03.42.40 ARTPREVIEW fighter=Medusa hero=1 eligible=0 visual=1 mesh=SK_Medusa_H2LD
2026.10.06-03.42.40 ARTPREVIEW selection ring shown fighter=King Arthur mesh=SM_Marker_SelectionRing
2026.10.06-03.42.40 FIGHTERS synced n=6 alive=5 own=1 enemy=4
2026.10.06-03.42.40 ARTPREVIEW hero-light fighter=f-1-hero state=idle layers=2 lightsOn=2 keyCd=21.443 rimCd=1.822 mul=1.000 pulse=none
2026.10.06-03.42.40 MANEUVER done seq=65 (apply) fighters=6 boost=no
2026.10.06-03.42.40 SNAPSHOT applied seq=65 phase=ACTION_MANEUVER
2026.10.06-03.42.40 HANDLE_APPLIED #92 seq=65 decision=1 fightersValid=1 boardValid=1
2026.10.06-03.42.40 MODE seq=65 mode=0 combat=0 pending=1
2026.10.06-03.42.40 HUD seq=65 phase=ACTION_MANEUVER turn=opp hand=3 oppHand=6(hidden) oppDeck=14 deck=17 discard=10
2026.10.06-03.42.40 ARTPREVIEW fighter=Medusa hero=1 eligible=0 visual=1 mesh=SK_Medusa_H2LD
2026.10.06-03.42.40 FIGHTERS synced n=6 alive=5 own=1 enemy=4
2026.10.06-03.42.40 WS seq=65 phase=ACTION_MANEUVER (merge)
2026.10.06-03.42.40 MS-LAST show seq=65 mode=restore player=cmuhntiwu0001wib0z281rpa8 from=- to=-
2026.10.06-03.42.40 MS-LOG seq=65 moves=0 truncated=0 text="King Arthur: maneuver: no movement"
2026.10.06-03.42.40 HUD-HEART side=own hero=f-1-hero hp=6/18 anim=damage glow=1 played=1
2026.10.06-03.42.40 HUD-TRACK own=0/2 server=0 local=0 opp=0/2 oppVisible=1 anim=reset/reset seq=65 frame=2044
2026.10.06-03.42.40 HUD-HAND lower=0 pick=none cursor=board preview=shown seq=65
2026.10.06-03.42.40 PLATE hidden fighter=f-1-hero
2026.10.06-03.42.40 TAG fighter=f-0-hero bbox=(796,421,889,443) mode=compact look=P1 placement=above ring=0 hardPx2=0 softPx2=0 order=1 bound=1
2026.10.06-03.42.40 TAG fighter=f-0-sk0 bbox=(509,496,593,518) mode=compact look=P1 placement=above ring=0 hardPx2=0 softPx2=0 order=3 bound=1
2026.10.06-03.42.40 TAG fighter=f-0-sk1 bbox=(396,458,480,480) mode=compact look=P1 placement=above ring=0 hardPx2=0 softPx2=0 order=2 bound=1
2026.10.06-03.42.40 TAG fighter=f-0-sk2 bbox=(308,584,392,606) mode=compact look=P1 placement=left ring=0 hardPx2=0 softPx2=0 order=4 bound=1
2026.10.06-03.42.40 TAG fighter=f-1-hero bbox=(883,323,976,345) mode=compact look=P2 placement=above ring=0 hardPx2=0 softPx2=0 order=0 bound=1
2026.10.06-03.42.40 HUD icon hidden fighter=f-1-hero
2026.10.06-03.42.40 TAG fighter=f-0-hero bbox=(796,421,889,443) mode=compact look=P1 placement=above ring=0 hardPx2=0 softPx2=0 order=1 bound=1
2026.10.06-03.42.40 TAG fighter=f-0-sk0 bbox=(509,496,593,518) mode=compact look=P1 placement=above ring=0 hardPx2=0 softPx2=0 order=3 bound=1
2026.10.06-03.42.40 TAG fighter=f-0-sk1 bbox=(396,458,480,480) mode=compact look=P1 placement=above ring=0 hardPx2=0 softPx2=0 order=2 bound=1
2026.10.06-03.42.40 TAG fighter=f-0-sk2 bbox=(308,584,392,606) mode=compact look=P1 placement=left ring=0 hardPx2=0 softPx2=0 order=4 bound=1
2026.10.06-03.42.40 TAG fighter=f-1-hero bbox=(883,323,976,345) mode=compact look=P2 placement=above ring=0 hardPx2=0 softPx2=0 order=0 bound=1
2026.10.06-03.42.40 TAG fighter=f-0-hero bbox=(796,421,889,443) mode=compact look=P1 placement=above ring=0 hardPx2=0 softPx2=0 order=1 bound=1
2026.10.06-03.42.40 TAG fighter=f-0-sk0 bbox=(509,496,593,518) mode=compact look=P1 placement=above ring=0 hardPx2=0 softPx2=0 order=3 bound=1
2026.10.06-03.42.40 TAG fighter=f-0-sk1 bbox=(396,458,480,480) mode=compact look=P1 placement=above ring=0 hardPx2=0 softPx2=0 order=2 bound=1
2026.10.06-03.42.40 TAG fighter=f-0-sk2 bbox=(308,584,392,606) mode=compact look=P1 placement=left ring=0 hardPx2=0 softPx2=0 order=4 bound=1
2026.10.06-03.42.40 TAG fighter=f-1-hero bbox=(883,323,976,345) mode=compact look=P2 placement=above ring=0 hardPx2=0 softPx2=0 order=0 bound=1
2026.10.06-03.42.40 TAG fighter=f-0-hero bbox=(796,421,889,443) mode=compact look=P1 placement=above ring=0 hardPx2=0 softPx2=0 order=1 bound=1
2026.10.06-03.42.40 TAG fighter=f-0-sk0 bbox=(509,496,593,518) mode=compact look=P1 placement=above ring=0 hardPx2=0 softPx2=0 order=3 bound=1
2026.10.06-03.42.40 TAG fighter=f-0-sk1 bbox=(396,458,480,480) mode=compact look=P1 placement=above ring=0 hardPx2=0 softPx2=0 order=2 bound=1
2026.10.06-03.42.40 TAG fighter=f-0-sk2 bbox=(308,584,392,606) mode=compact look=P1 placement=left ring=0 hardPx2=0 softPx2=0 order=4 bound=1
2026.10.06-03.42.40 TAG fighter=f-1-hero bbox=(883,323,976,345) mode=compact look=P2 placement=above ring=0 hardPx2=0 softPx2=0 order=0 bound=1
2026.10.06-03.42.40 TAG fighter=f-0-hero bbox=(796,421,889,443) mode=compact look=P1 placement=above ring=0 hardPx2=0 softPx2=0 order=1 bound=1
2026.10.06-03.42.40 TAG fighter=f-0-sk0 bbox=(509,496,593,518) mode=compact look=P1 placement=above ring=0 hardPx2=0 softPx2=0 order=3 bound=1
2026.10.06-03.42.40 TAG fighter=f-0-sk1 bbox=(396,458,480,480) mode=compact look=P1 placement=above ring=0 hardPx2=0 softPx2=0 order=2 bound=1
2026.10.06-03.42.40 TAG fighter=f-0-sk2 bbox=(308,584,392,606) mode=compact look=P1 placement=left ring=0 hardPx2=0 softPx2=0 order=4 bound=1
2026.10.06-03.42.40 TAG fighter=f-1-hero bbox=(883,323,976,345) mode=compact look=P2 placement=above ring=0 hardPx2=0 softPx2=0 order=0 bound=1
2026.10.06-03.42.40 game -> room=cmuw4tbs005wpt84mulgi3nuk code=<redacted> status=IN_PROGRESS
2026.10.06-03.42.40 SNAPSHOT applied seq=66 phase=ACTION_MANEUVER
2026.10.06-03.42.40 HANDLE_APPLIED #93 seq=66 decision=2 fightersValid=1 boardValid=1
2026.10.06-03.42.40 MODE seq=66 mode=0 combat=0 pending=0
2026.10.06-03.42.40 MS-OPP verb=turn seq=66
2026.10.06-03.42.40 MS-LAST fade seq=65 at=66 ms=300
2026.10.06-03.42.40 HUD seq=66 phase=ACTION_MANEUVER turn=opp hand=3 oppHand=6(hidden) oppDeck=14~ deck=17~ discard=10
2026.10.06-03.42.40 MS-STATUS seq=66 text="Medusa — Opponent is choosing an action"
2026.10.06-03.42.40 ARTPREVIEW fighter=Medusa hero=1 eligible=0 visual=1 mesh=SK_Medusa_H2LD
2026.10.06-03.42.40 FIGHTERS synced n=6 alive=5 own=1 enemy=4
2026.10.06-03.42.40 ARTPREVIEW damage-number fighter=f-1-hero amount=1 seq=66 cell=(4,1)
2026.10.06-03.42.40 ARTPREVIEW anim fighter=f-1-hero clip=HitReact len=0.417 event=damaged loop=0 phase=0.0000 seq=66 asset=AM_KingArthur_HitReact rate=1.00
2026.10.06-03.42.40 ARTPREVIEW hit-tint fighter=f-1-hero ms=450
2026.10.06-03.42.40 SFX bank=CMB-HIT-HEAVY tag=layer class=SFX t=72881 sound=SW_CMB_HIT_HEAVY_02 gain=0.80
2026.10.06-03.42.40 VO event=HURT-BIG speaker=ARTHUR t=72881 result=played line=ARTHUR-HURT-BIG-02 prio=2
2026.10.06-03.42.40 VO subtitle line=ARTHUR-HURT-BIG-02 until=74231
2026.10.06-03.42.40 CUE damage f-1-hero -1 seq=66
2026.10.06-03.42.40 WS seq=66 phase=ACTION_MANEUVER (apply)
2026.10.06-03.42.40 CUE sound id=CUE-011 point=hit subject=f-1-hero seq=66 t=72881 event_t=72881 dt=0 class=SFX sound=SW_CMB_HIT_MAGIC_03 gain=0.80 result=played bank=CMB-HIT-MAGIC
2026.10.06-03.42.40 HUD-HEART side=own hero=f-1-hero hp=5/18 anim=damage glow=1 played=1
2026.10.06-03.42.40 TAG fighter=f-0-hero bbox=(796,421,889,443) mode=compact look=P1 placement=above ring=0 hardPx2=0 softPx2=0 order=1 bound=1
2026.10.06-03.42.40 TAG fighter=f-0-sk0 bbox=(509,496,593,518) mode=compact look=P1 placement=above ring=0 hardPx2=0 softPx2=0 order=3 bound=1
2026.10.06-03.42.40 TAG fighter=f-0-sk1 bbox=(396,458,480,480) mode=compact look=P1 placement=above ring=0 hardPx2=0 softPx2=0 order=2 bound=1
2026.10.06-03.42.40 TAG fighter=f-0-sk2 bbox=(308,584,392,606) mode=compact look=P1 placement=left ring=0 hardPx2=0 softPx2=0 order=4 bound=1
2026.10.06-03.42.40 TAG fighter=f-1-hero bbox=(883,323,976,345) mode=compact look=P2 placement=above ring=0 hardPx2=0 softPx2=0 order=0 bound=1
2026.10.06-03.42.40 DAMAGE fighter=f-1-hero bbox=(978,320,1018,348) amount=1 seq=66 placement=right ring=0 hardPx2=0 softPx2=0
2026.10.06-03.42.40 SNAPSHOT applied seq=67 phase=COMBAT
2026.10.06-03.42.40 HANDLE_APPLIED #94 seq=67 decision=2 fightersValid=1 boardValid=1
2026.10.06-03.42.40 CUE sound id=CUE-008 point=cue subject=f-0-hero seq=67 t=73048 event_t=73048 dt=0 class=SFX sound=SW_CMB_ATTACK_DECLARE_01 gain=0.80 result=played
2026.10.06-03.42.40 AUDIO attack seq=67 key=MEDUSA abilityBoost=0
2026.10.06-03.42.40 VO event=ATTACK speaker=MEDUSA t=73048 result=skipped line=- prio=3 reason=busy
2026.10.06-03.42.40 CUE fx id=CUE-008 subject=f-0-hero seq=67 t=73048 vfx=missing sfx=missing clip=none mat=none socket=Weapon reduced=0 result=fallback
2026.10.06-03.42.40 closed mode=
2026.10.06-03.42.40 MODE seq=67 mode=4 combat=1 pending=0
2026.10.06-03.42.40 MS-OPP verb=attack seq=67
2026.10.06-03.42.40 MS-TRACK own=0/2 opp=1/2 oppVisible=1 seq=67
2026.10.06-03.42.40 HUD seq=67 phase=COMBAT turn=opp hand=3 oppHand=5(hidden) oppDeck=14~ deck=17~ discard=10
2026.10.06-03.42.40 ARTPREVIEW hero-light fighter=f-0-hero state=active layers=2 lightsOn=2 keyCd=20.263 rimCd=1.721 mul=1.127 pulse=0.40Hz+-4%
2026.10.06-03.42.40 ARTPREVIEW combat marker fighter=Medusa attacker=1 target=0 icon=0 targetMesh=SM_Marker_TargetRing iconMode=screen targetArcScaleXY=0.920
2026.10.06-03.42.40 ARTPREVIEW combat marker fighter=King Arthur attacker=0 target=1 icon=1 targetMesh=SM_Marker_TargetRing iconMode=screen targetArcScaleXY=0.920
2026.10.06-03.42.40 MS-STATUS seq=67 text="You are attacked: choose a defense card or No defense (N)"
2026.10.06-03.42.40 ARTPREVIEW fighter=Medusa hero=1 eligible=0 visual=1 mesh=SK_Medusa_H2LD
2026.10.06-03.42.40 FIGHTERS synced n=6 alive=5 own=1 enemy=4
2026.10.06-03.42.40 WS seq=67 phase=COMBAT (apply)
2026.10.06-03.42.40 HUD-TRACK own=0/2 server=0 local=0 opp=1/2 oppVisible=1 anim=-/spend seq=67 frame=2054
2026.10.06-03.42.40 TAG fighter=f-0-hero bbox=(796,421,889,443) mode=compact look=P1 placement=above ring=0 hardPx2=0 softPx2=0 order=1 bound=1
2026.10.06-03.42.40 TAG fighter=f-0-sk0 bbox=(509,496,593,518) mode=compact look=P1 placement=above ring=0 hardPx2=0 softPx2=0 order=3 bound=1
2026.10.06-03.42.40 TAG fighter=f-0-sk1 bbox=(396,458,480,480) mode=compact look=P1 placement=above ring=0 hardPx2=0 softPx2=0 order=2 bound=1
2026.10.06-03.42.40 TAG fighter=f-0-sk2 bbox=(308,584,392,606) mode=compact look=P1 placement=left ring=0 hardPx2=0 softPx2=0 order=4 bound=1
2026.10.06-03.42.40 TAG fighter=f-1-hero bbox=(883,323,976,345) mode=compact look=P2 placement=above ring=0 hardPx2=0 softPx2=0 order=0 bound=1
2026.10.06-03.42.40 ICON fighter=f-1-hero bbox=(970,367,1002,399) size=32 src=combat anchor=right fallback=0 overlapPx2=0 texture=/Game/S08/UI/IconsV3/T_IV3_action_attack_token_32.T_IV3_action_attack_token_32
2026.10.06-03.42.40 TAG fighter=f-0-hero bbox=(796,421,889,443) mode=compact look=P1 placement=above ring=0 hardPx2=0 softPx2=0 order=1 bound=1
2026.10.06-03.42.40 TAG fighter=f-0-sk0 bbox=(509,496,593,518) mode=compact look=P1 placement=above ring=0 hardPx2=0 softPx2=0 order=3 bound=1
2026.10.06-03.42.40 TAG fighter=f-0-sk1 bbox=(396,458,480,480) mode=compact look=P1 placement=above ring=0 hardPx2=0 softPx2=0 order=2 bound=1
2026.10.06-03.42.40 TAG fighter=f-0-sk2 bbox=(308,584,392,606) mode=compact look=P1 placement=left ring=0 hardPx2=0 softPx2=0 order=4 bound=1
2026.10.06-03.42.40 TAG fighter=f-1-hero bbox=(883,323,976,345) mode=compact look=P2 placement=above ring=0 hardPx2=0 softPx2=0 order=0 bound=1
2026.10.06-03.42.40 ICON fighter=f-1-hero bbox=(970,367,1002,399) size=32 src=combat anchor=right fallback=0 overlapPx2=0 texture=/Game/S08/UI/IconsV3/T_IV3_action_attack_token_32.T_IV3_action_attack_token_32
2026.10.06-03.42.40 MS-LAST off seq=65 fade=300
2026.10.06-03.42.40 ARTPREVIEW anim fighter=f-1-hero clip=Idle len=2.500 event=clipFinished loop=1 phase=0.3470 seq=-1 asset=AM_KingArthur_Idle rate=1.00
2026.10.06-03.42.41 CUE fx done id=CUE-008 subject=f-0-hero seq=67 t=73648 ms=600 cut=0
2026.10.06-03.42.41 S09AUTO drive mode=4 plan=[attack+abilityboost+scheme+storms+defend+resolve] phase=COMBAT turn=cmuhntivg0000wib0anhqyswc
2026.10.06-03.42.41 S09AUTO defense card picked
2026.10.06-03.42.41 DEFENSE sent
2026.10.06-03.42.41 MS-STATUS seq=67 text="Syncing…"
2026.10.06-03.42.41 TOAST text="defense sent"
2026.10.06-03.42.41 TAG fighter=f-0-hero bbox=(796,421,889,443) mode=compact look=P1 placement=above ring=0 hardPx2=0 softPx2=0 order=1 bound=1
2026.10.06-03.42.41 TAG fighter=f-0-sk0 bbox=(509,496,593,518) mode=compact look=P1 placement=above ring=0 hardPx2=0 softPx2=0 order=3 bound=1
2026.10.06-03.42.41 TAG fighter=f-0-sk1 bbox=(396,458,480,480) mode=compact look=P1 placement=above ring=0 hardPx2=0 softPx2=0 order=2 bound=1
2026.10.06-03.42.41 TAG fighter=f-0-sk2 bbox=(308,584,392,606) mode=compact look=P1 placement=left ring=0 hardPx2=0 softPx2=0 order=4 bound=1
2026.10.06-03.42.41 TAG fighter=f-1-hero bbox=(883,323,976,345) mode=compact look=P2 placement=above ring=0 hardPx2=0 softPx2=0 order=0 bound=1
2026.10.06-03.42.41 ICON fighter=f-1-hero bbox=(970,367,1002,399) size=32 src=combat anchor=right fallback=0 overlapPx2=0 texture=/Game/S08/UI/IconsV3/T_IV3_action_attack_token_32.T_IV3_action_attack_token_32
2026.10.06-03.42.41 TAG fighter=f-0-hero bbox=(796,421,889,443) mode=compact look=P1 placement=above ring=0 hardPx2=0 softPx2=0 order=1 bound=1
2026.10.06-03.42.41 TAG fighter=f-0-sk0 bbox=(509,496,593,518) mode=compact look=P1 placement=above ring=0 hardPx2=0 softPx2=0 order=3 bound=1
2026.10.06-03.42.41 TAG fighter=f-0-sk1 bbox=(396,458,480,480) mode=compact look=P1 placement=above ring=0 hardPx2=0 softPx2=0 order=2 bound=1
2026.10.06-03.42.41 TAG fighter=f-0-sk2 bbox=(308,584,392,606) mode=compact look=P1 placement=left ring=0 hardPx2=0 softPx2=0 order=4 bound=1
2026.10.06-03.42.41 TAG fighter=f-1-hero bbox=(883,323,976,345) mode=compact look=P2 placement=above ring=0 hardPx2=0 softPx2=0 order=0 bound=1
2026.10.06-03.42.41 ICON fighter=f-1-hero bbox=(970,367,1002,399) size=32 src=combat anchor=right fallback=0 overlapPx2=0 texture=/Game/S08/UI/IconsV3/T_IV3_action_attack_token_32.T_IV3_action_attack_token_32
2026.10.06-03.42.41 SNAPSHOT applied seq=68 phase=COMBAT_RESOLVE
2026.10.06-03.42.41 HANDLE_APPLIED #95 seq=68 decision=2 fightersValid=1 boardValid=1
2026.10.06-03.42.41 CUE sound id=CUE-009 point=cue subject=f-1-hero seq=68 t=73915 event_t=73915 dt=0 class=SFX sound=SW_CMB_DEFENSE_PLAYED_02 gain=0.80 result=played
2026.10.06-03.42.41 VO event=DEFEND speaker=ARTHUR t=73915 result=skipped line=- prio=4 reason=gap
2026.10.06-03.42.41 CUE fx id=CUE-009 subject=f-1-hero seq=68 t=73915 vfx=missing sfx=missing clip=none mat=FxFlash socket=Head reduced=0 result=fallback
2026.10.06-03.42.41 closed mode=
2026.10.06-03.42.41 MODE seq=68 mode=5 combat=1 pending=0
2026.10.06-03.42.41 HUD seq=68 phase=COMBAT_RESOLVE turn=opp hand=2 oppHand=5(hidden) oppDeck=14 deck=17 discard=11
2026.10.06-03.42.41 MS-STATUS seq=68 text="Resolve the combat (R)"
2026.10.06-03.42.41 ARTPREVIEW fighter=Medusa hero=1 eligible=0 visual=1 mesh=SK_Medusa_H2LD
2026.10.06-03.42.41 FIGHTERS synced n=6 alive=5 own=1 enemy=4
2026.10.06-03.42.41 DEFENSE done seq=68 (apply) phase=COMBAT_RESOLVE
2026.10.06-03.42.41 SNAPSHOT applied seq=68 phase=COMBAT_RESOLVE
2026.10.06-03.42.41 HANDLE_APPLIED #96 seq=68 decision=1 fightersValid=1 boardValid=1
2026.10.06-03.42.41 MODE seq=68 mode=5 combat=1 pending=0
2026.10.06-03.42.41 HUD seq=68 phase=COMBAT_RESOLVE turn=opp hand=2 oppHand=5(hidden) oppDeck=14 deck=17 discard=11
2026.10.06-03.42.41 ARTPREVIEW fighter=Medusa hero=1 eligible=0 visual=1 mesh=SK_Medusa_H2LD
2026.10.06-03.42.41 FIGHTERS synced n=6 alive=5 own=1 enemy=4
2026.10.06-03.42.41 WS seq=68 phase=COMBAT_RESOLVE (merge)
2026.10.06-03.42.41 S09AUTO drive mode=5 plan=[attack+abilityboost+scheme+storms+defend+resolve] phase=COMBAT_RESOLVE turn=cmuhntivg0000wib0anhqyswc
2026.10.06-03.42.41 S09AUTO resolve
2026.10.06-03.42.41 RESOLVE sent
2026.10.06-03.42.41 MS-STATUS seq=68 text="Syncing…"
2026.10.06-03.42.41 TOAST text="resolve sent"
2026.10.06-03.42.41 TAG fighter=f-0-hero bbox=(796,421,889,443) mode=compact look=P1 placement=above ring=0 hardPx2=0 softPx2=0 order=1 bound=1
2026.10.06-03.42.41 TAG fighter=f-0-sk0 bbox=(509,496,593,518) mode=compact look=P1 placement=above ring=0 hardPx2=0 softPx2=0 order=3 bound=1
2026.10.06-03.42.41 TAG fighter=f-0-sk1 bbox=(396,458,480,480) mode=compact look=P1 placement=above ring=0 hardPx2=0 softPx2=0 order=2 bound=1
2026.10.06-03.42.41 TAG fighter=f-0-sk2 bbox=(308,584,392,606) mode=compact look=P1 placement=left ring=0 hardPx2=0 softPx2=0 order=4 bound=1
2026.10.06-03.42.41 TAG fighter=f-1-hero bbox=(883,323,976,345) mode=compact look=P2 placement=above ring=0 hardPx2=0 softPx2=0 order=0 bound=1
2026.10.06-03.42.41 ICON fighter=f-1-hero bbox=(970,367,1002,399) size=32 src=combat anchor=right fallback=0 overlapPx2=0 texture=/Game/S08/UI/IconsV3/T_IV3_action_attack_token_32.T_IV3_action_attack_token_32
2026.10.06-03.42.41 SNAPSHOT applied seq=69 phase=COMBAT_RESOLVE
2026.10.06-03.42.41 HANDLE_APPLIED #97 seq=69 decision=2 fightersValid=1 boardValid=1
2026.10.06-03.42.41 MODE seq=69 mode=5 combat=1 pending=1
2026.10.06-03.42.41 MS-OPP verb=card seq=69
2026.10.06-03.42.41 HUD seq=69 phase=COMBAT_RESOLVE turn=opp hand=2 oppHand=5(hidden) oppDeck=14 deck=17 discard=11
2026.10.06-03.42.41 MS-STATUS seq=69 text="Waiting for the opponent's choice"
2026.10.06-03.42.41 RESOLVE panel revealed: A3+B0 vs D4
2026.10.06-03.42.41 RESOLVE panel blocked by pending (type=BOOST_CHOICE id=cmq7d7b4100rawi746oxx1hsf-during-0-boost-68)
2026.10.06-03.42.41 ARTPREVIEW fighter=Medusa hero=1 eligible=0 visual=1 mesh=SK_Medusa_H2LD
2026.10.06-03.42.41 FIGHTERS synced n=6 alive=5 own=1 enemy=4
2026.10.06-03.42.41 RESOLVE done seq=69 (apply) phase=COMBAT_RESOLVE
2026.10.06-03.42.41 SNAPSHOT applied seq=69 phase=COMBAT_RESOLVE
2026.10.06-03.42.41 HANDLE_APPLIED #98 seq=69 decision=1 fightersValid=1 boardValid=1
2026.10.06-03.42.41 MODE seq=69 mode=5 combat=1 pending=1
2026.10.06-03.42.41 HUD seq=69 phase=COMBAT_RESOLVE turn=opp hand=2 oppHand=5(hidden) oppDeck=14 deck=17 discard=11
2026.10.06-03.42.41 ARTPREVIEW fighter=Medusa hero=1 eligible=0 visual=1 mesh=SK_Medusa_H2LD
2026.10.06-03.42.41 FIGHTERS synced n=6 alive=5 own=1 enemy=4
2026.10.06-03.42.41 WS seq=69 phase=COMBAT_RESOLVE (merge)
2026.10.06-03.42.41 S09AUTO resolve-blocked shot (type=BOOST_CHOICE)
2026.10.06-03.42.41 SHOT ctx viewport=1920x1080 viewTarget=CameraActor_2147482025 cam=(0,1342,1917) rot=(-55,-90,0)
2026.10.06-03.42.41 RENDER tag=SHOT rhi=D3D12 featureLevel=SM6 shaderPlatform=PCD3D_SM6 lumenPlatform=1 gi=lumen giMethod=1 refl=lumen reflMethod=1 shadows=csm vsmEnable=0 sg.res=100 sg.view=2 sg.aa=2 sg.shadow=2 sg.gi=2 sg.refl=2 sg.pp=2 sg.tex=2 sg.fx=2 sg.foliage=2 sg.shading=2 sg.landscape=2 preset=High screenPct=100.0 screenPctMode=0 aa=TSR aaMethod=4 exposure=fixed-histogram expMin=4.14106 expMax=4.14106 expBias=0.000 ev100=2.05 lightUnits=candelas sky=1 skyIntensity=3.000 keyShadow=csm-3600uu-2c-contact0.000 shadowCasters=1 profile=sarpedon-night profilesSha256=0a3417258f46ad3d99620bcbabd1b37615192b7a59f090c77515189845b33bb7 profilesSource=pak legacyRender=0 gameLayer=unlit-eyeadaptinv tMaxFPS=30.0 vsync=0 frameRateLimit=60.0 substrate=0 nanite=1 meshDF=1 viewport=1920x1080 reference=1
2026.10.06-03.42.41 SHOT fighter f-0-hero pos=(3,2) world=(-89,-22,0) screen=(845,517) projected=1 alive=1
2026.10.06-03.42.41 SHOT fighter f-0-sk0 pos=(1,3) world=(-309,33,0) screen=(555,576) projected=1 alive=1
2026.10.06-03.42.41 SHOT fighter f-0-sk1 pos=(0,2) world=(-398,-3,0) screen=(442,537) projected=1 alive=1
2026.10.06-03.42.41 SHOT fighter f-0-sk2 pos=(0,3) world=(-394,92,0) screen=(435,640) projected=1 alive=1
2026.10.06-03.42.41 SHOT fighter f-1-hero pos=(4,1) world=(-23,-113,0) screen=(931,422) projected=1 alive=1
2026.10.06-03.42.41 SHOT fighter f-1-sk0 pos=(6,3) world=(159,52,0) screen=(1169,596) projected=1 alive=0
2026.10.06-03.42.41 SHOT camera dist=2340.2 target=2340.2 overview=2340.2 errPct=0.000 focusErr=0.00 settled=1 zoom=1.00
2026.10.06-03.42.41 SHOT head fighter=f-0-hero socket=Head mesh=SK_Medusa_H2LD world=(-88.7,-21.2,47.1) screen=(843.3,481.5) top=(843.0,476.9) bottom=(843.5,486.2) headPx=9.3 projected=1
2026.10.06-03.42.41 SHOT head fighter=f-0-sk0 socket=Head mesh=SK_Harpy_H3LD world=(-309.0,27.9,34.0) screen=(550.3,544.5) top=(549.4,540.0) bottom=(551.2,549.1) headPx=9.3 projected=1
2026.10.06-03.42.41 SHOT head fighter=f-0-sk1 socket=Head mesh=SK_Harpy_H3LD world=(-398.4,2.4,34.2) screen=(435.0,516.7) top=(433.9,512.2) bottom=(436.1,521.3) headPx=9.4 projected=1
2026.10.06-03.42.41 SHOT head fighter=f-0-sk2 socket=Head mesh=SK_Harpy_H3LD world=(-393.6,86.8,34.1) screen=(430.2,609.4) top=(429.1,604.9) bottom=(431.4,613.8) headPx=9.3 projected=1
2026.10.06-03.42.41 SHOT head fighter=f-1-hero socket=Head mesh=SK_KingArthur_H2LD world=(-22.8,-112.5,50.1) screen=(930.6,384.2) top=(930.6,379.5) bottom=(930.7,389.0) headPx=9.5 projected=1
2026.10.06-03.42.41 SHOT head fighter=f-1-sk0 socket=Head mesh=SK_Merlin_H2LD world=(158.7,42.8,27.4) screen=(1170.8,565.7) top=(1171.2,561.2) bottom=(1170.3,570.2) headPx=9.1 projected=1
2026.10.06-03.42.41 SHOT figure fighter=f-0-hero bbox=(804,445,882,547) ringR=28.50 art=1 blockout=0 team=P1 look=P1 ring=1
2026.10.06-03.42.41 SHOT figure fighter=f-0-sk0 bbox=(516,520,586,600) ringR=22.23 art=1 blockout=0 team=P1 look=P1 ring=1
2026.10.06-03.42.41 SHOT figure fighter=f-0-sk1 bbox=(402,482,474,561) ringR=22.23 art=1 blockout=0 team=P1 look=P1 ring=1
2026.10.06-03.42.41 SHOT figure fighter=f-0-sk2 bbox=(394,584,467,665) ringR=22.23 art=1 blockout=0 team=P1 look=P1 ring=1
2026.10.06-03.42.41 SHOT figure fighter=f-1-hero bbox=(893,347,967,451) ringR=28.50 art=1 blockout=0 team=P2 look=P2 ring=1
2026.10.06-03.42.41 SHOT request file=s09-resolve-blocked-BOOST_CHOICE.png frame=2084
2026.10.06-03.42.41 SHOT requested: FScreenshotRequest(bShowUI) -> C:\Users\ren\AppData\Local\Temp\s09-combat-20261006-084119-39652\joiner/s09-resolve-blocked-BOOST_CHOICE.png
2026.10.06-03.42.41 SHOT captured file=s09-resolve-blocked-BOOST_CHOICE.png frame=2084 px=1920x1080 sha256=67a2af1cf1719a6cfc02ec9ac29e72ccddb6cc15e227b54bccc97357dec09a2d order=BGRA saved=1
2026.10.06-03.42.41 SHOT late begin file=s09-resolve-blocked-BOOST_CHOICE.png frame=2084 requestFrame=2084
2026.10.06-03.42.41 SHOT icon fighter=f-1-hero bbox=(970,367,1002,399) size=32 src=combat planned=(970,367,1002,399) geom=painted visible=1 anchor=right fallback=0 overlapPx2=0 texture=/Game/S08/UI/IconsV3/T_IV3_action_attack_token_32.T_IV3_action_attack_token_32 frame=2084
2026.10.06-03.42.41 SHOT widget id=icon impl=umg-motion state=combat fighter=f-1-hero bbox=(970,367,1002,399) geom=painted visible=1 twin=0 source=S08AnimatedIconWidget:action-attack-token frame=2084
2026.10.06-03.42.41 SHOT widget id=board.tag impl=umg state=compact fighter=f-0-hero bbox=(796,421,889,443) geom=painted visible=1 twin=0 source=/Game/S08/UI/ArtHud/WBP_S08ArtTag mode=compact look=P1 shape=circle placement=above ring=0 order=1 bound=1 softPx2=0 planned=(796,421,889,443) frame=2084
2026.10.06-03.42.41 SHOT widget id=board.tag.hp impl=umg state=compact fighter=f-0-hero bbox=(852,423,885,441) geom=painted visible=1 twin=0 source=/Game/S08/UI/ArtHud/WBP_S08ArtTag mode=compact look=P1 shape=circle placement=above ring=0 order=1 bound=1 softPx2=0 planned=(796,421,889,443) frame=2084 font=11
2026.10.06-03.42.41 SHOT widget id=board.tag.bar impl=umg state=compact fighter=f-0-hero bbox=(815,430,849,435) geom=painted visible=1 twin=0 source=/Game/S08/UI/ArtHud/WBP_S08ArtTag mode=compact look=P1 shape=circle placement=above ring=0 order=1 bound=1 softPx2=0 planned=(796,421,889,443) frame=2084
2026.10.06-03.42.41 SHOT widget id=board.tag.chip impl=umg state=compact fighter=f-0-hero bbox=(800,426,812,438) geom=painted visible=1 twin=0 source=/Game/S08/UI/ArtHud/WBP_S08ArtTag mode=compact look=P1 shape=circle placement=above ring=0 order=1 bound=1 softPx2=0 planned=(796,421,889,443) frame=2084
2026.10.06-03.42.41 SHOT widget id=board.tag impl=umg state=compact fighter=f-0-sk0 bbox=(509,496,593,518) geom=painted visible=1 twin=0 source=/Game/S08/UI/ArtHud/WBP_S08ArtTag mode=compact look=P1 shape=circle placement=above ring=0 order=3 bound=1 softPx2=0 planned=(509,496,593,518) frame=2084
2026.10.06-03.42.41 SHOT widget id=board.tag.hp impl=umg state=compact fighter=f-0-sk0 bbox=(565,498,589,516) geom=painted visible=1 twin=0 source=/Game/S08/UI/ArtHud/WBP_S08ArtTag mode=compact look=P1 shape=circle placement=above ring=0 order=3 bound=1 softPx2=0 planned=(509,496,593,518) frame=2084 font=11
2026.10.06-03.42.41 SHOT widget id=board.tag.bar impl=umg state=compact fighter=f-0-sk0 bbox=(528,505,562,510) geom=painted visible=1 twin=0 source=/Game/S08/UI/ArtHud/WBP_S08ArtTag mode=compact look=P1 shape=circle placement=above ring=0 order=3 bound=1 softPx2=0 planned=(509,496,593,518) frame=2084
2026.10.06-03.42.41 SHOT widget id=board.tag.chip impl=umg state=compact fighter=f-0-sk0 bbox=(513,501,525,513) geom=painted visible=1 twin=0 source=/Game/S08/UI/ArtHud/WBP_S08ArtTag mode=compact look=P1 shape=circle placement=above ring=0 order=3 bound=1 softPx2=0 planned=(509,496,593,518) frame=2084
2026.10.06-03.42.41 SHOT widget id=board.tag impl=umg state=compact fighter=f-0-sk1 bbox=(396,458,480,480) geom=painted visible=1 twin=0 source=/Game/S08/UI/ArtHud/WBP_S08ArtTag mode=compact look=P1 shape=circle placement=above ring=0 order=2 bound=1 softPx2=0 planned=(396,458,480,480) frame=2084
2026.10.06-03.42.41 SHOT widget id=board.tag.hp impl=umg state=compact fighter=f-0-sk1 bbox=(452,460,476,478) geom=painted visible=1 twin=0 source=/Game/S08/UI/ArtHud/WBP_S08ArtTag mode=compact look=P1 shape=circle placement=above ring=0 order=2 bound=1 softPx2=0 planned=(396,458,480,480) frame=2084 font=11
2026.10.06-03.42.41 SHOT widget id=board.tag.bar impl=umg state=compact fighter=f-0-sk1 bbox=(415,467,449,472) geom=painted visible=1 twin=0 source=/Game/S08/UI/ArtHud/WBP_S08ArtTag mode=compact look=P1 shape=circle placement=above ring=0 order=2 bound=1 softPx2=0 planned=(396,458,480,480) frame=2084
2026.10.06-03.42.41 SHOT widget id=board.tag.chip impl=umg state=compact fighter=f-0-sk1 bbox=(400,463,412,475) geom=painted visible=1 twin=0 source=/Game/S08/UI/ArtHud/WBP_S08ArtTag mode=compact look=P1 shape=circle placement=above ring=0 order=2 bound=1 softPx2=0 planned=(396,458,480,480) frame=2084
2026.10.06-03.42.41 SHOT widget id=board.tag impl=umg state=compact fighter=f-0-sk2 bbox=(308,584,392,606) geom=painted visible=1 twin=0 source=/Game/S08/UI/ArtHud/WBP_S08ArtTag mode=compact look=P1 shape=circle placement=left ring=0 order=4 bound=1 softPx2=0 planned=(308,584,392,606) frame=2084
2026.10.06-03.42.41 SHOT widget id=board.tag.hp impl=umg state=compact fighter=f-0-sk2 bbox=(364,586,388,604) geom=painted visible=1 twin=0 source=/Game/S08/UI/ArtHud/WBP_S08ArtTag mode=compact look=P1 shape=circle placement=left ring=0 order=4 bound=1 softPx2=0 planned=(308,584,392,606) frame=2084 font=11
2026.10.06-03.42.41 SHOT widget id=board.tag.bar impl=umg state=compact fighter=f-0-sk2 bbox=(327,593,361,598) geom=painted visible=1 twin=0 source=/Game/S08/UI/ArtHud/WBP_S08ArtTag mode=compact look=P1 shape=circle placement=left ring=0 order=4 bound=1 softPx2=0 planned=(308,584,392,606) frame=2084
2026.10.06-03.42.41 SHOT widget id=board.tag.chip impl=umg state=compact fighter=f-0-sk2 bbox=(312,589,324,601) geom=painted visible=1 twin=0 source=/Game/S08/UI/ArtHud/WBP_S08ArtTag mode=compact look=P1 shape=circle placement=left ring=0 order=4 bound=1 softPx2=0 planned=(308,584,392,606) frame=2084
2026.10.06-03.42.41 SHOT widget id=board.tag impl=umg state=compact fighter=f-1-hero bbox=(883,323,976,345) geom=painted visible=1 twin=0 source=/Game/S08/UI/ArtHud/WBP_S08ArtTag mode=compact look=P2 shape=hex placement=above ring=0 order=0 bound=1 softPx2=0 planned=(883,323,976,345) frame=2084
2026.10.06-03.42.41 SHOT widget id=board.tag.hp impl=umg state=compact fighter=f-1-hero bbox=(939,325,972,343) geom=painted visible=1 twin=0 source=/Game/S08/UI/ArtHud/WBP_S08ArtTag mode=compact look=P2 shape=hex placement=above ring=0 order=0 bound=1 softPx2=0 planned=(883,323,976,345) frame=2084 font=11
2026.10.06-03.42.41 SHOT widget id=board.tag.bar impl=umg state=compact fighter=f-1-hero bbox=(902,332,936,337) geom=painted visible=1 twin=0 source=/Game/S08/UI/ArtHud/WBP_S08ArtTag mode=compact look=P2 shape=hex placement=above ring=0 order=0 bound=1 softPx2=0 planned=(883,323,976,345) frame=2084
2026.10.06-03.42.41 SHOT widget id=board.tag.chip impl=umg state=compact fighter=f-1-hero bbox=(887,328,899,340) geom=painted visible=1 twin=0 source=/Game/S08/UI/ArtHud/WBP_S08ArtTag mode=compact look=P2 shape=hex placement=above ring=0 order=0 bound=1 softPx2=0 planned=(883,323,976,345) frame=2084
2026.10.06-03.42.41 SHOT panel id=hud.command bbox=(0,0,698,278) geom=painted visible=1 frame=2084
2026.10.06-03.42.41 SHOT panel id=hud.side bbox=(1431,0,1920,179) geom=painted visible=1 frame=2084
2026.10.06-03.42.41 SHOT panel id=hud.hand bbox=(668,885,1252,1080) geom=painted visible=1 frame=2084
2026.10.06-03.42.41 SHOT late end file=s09-resolve-blocked-BOOST_CHOICE.png frame=2084
2026.10.06-03.42.41 TAG fighter=f-0-hero bbox=(796,421,889,443) mode=compact look=P1 placement=above ring=0 hardPx2=0 softPx2=0 order=1 bound=1
2026.10.06-03.42.41 TAG fighter=f-0-sk0 bbox=(509,496,593,518) mode=compact look=P1 placement=above ring=0 hardPx2=0 softPx2=0 order=3 bound=1
2026.10.06-03.42.41 TAG fighter=f-0-sk1 bbox=(396,458,480,480) mode=compact look=P1 placement=above ring=0 hardPx2=0 softPx2=0 order=2 bound=1
2026.10.06-03.42.41 TAG fighter=f-0-sk2 bbox=(308,584,392,606) mode=compact look=P1 placement=left ring=0 hardPx2=0 softPx2=0 order=4 bound=1
2026.10.06-03.42.41 TAG fighter=f-1-hero bbox=(883,323,976,345) mode=compact look=P2 placement=above ring=0 hardPx2=0 softPx2=0 order=0 bound=1
2026.10.06-03.42.41 ICON fighter=f-1-hero bbox=(970,367,1002,399) size=32 src=combat anchor=right fallback=0 overlapPx2=0 texture=/Game/S08/UI/IconsV3/T_IV3_action_attack_token_32.T_IV3_action_attack_token_32
2026.10.06-03.42.41 CUE fx done id=CUE-009 subject=f-1-hero seq=68 t=74415 ms=500 cut=0
2026.10.06-03.42.43 game -> room=cmuw4tbs005wpt84mulgi3nuk code=<redacted> status=IN_PROGRESS
2026.10.06-03.42.45 SNAPSHOT applied seq=70 phase=ACTION_MANEUVER
2026.10.06-03.42.45 HANDLE_APPLIED #99 seq=70 decision=2 fightersValid=1 boardValid=1
2026.10.06-03.42.45 COMBAT-RESULT seq=70 damage=1 role=defended
2026.10.06-03.42.45 COMBAT-LOG seq=70 log=70 n=12 entries=1 lines=1 src=log outcomes=CHOICE:1
2026.10.06-03.42.45 AUDIO combat seq=70 boosts=0 cancelled=0 own=1 fizzle=0
2026.10.06-03.42.45 CUE combat seq=70 stage=start t=78244 attacker=f-0-hero target=f-1-hero text=1 lines=1 damage=1 lethal=0 shown=0 speed=1.00 flip=620 contact=333 src=notify a=3 d=4 outcome=win
2026.10.06-03.42.45 CUE fx id=CUE-010 subject=scene seq=70 t=78244 vfx=none sfx=missing clip=none mat=none socket=- reduced=0 result=fallback
2026.10.06-03.42.45 CUE sound id=CUE-010 point=cue subject=card.attack seq=70 t=78244 event_t=78244 dt=0 class=SFX sound=SW_CRD_FLIP_02 gain=0.80 result=played
2026.10.06-03.42.45 CUE sound id=CUE-010 point=cue subject=card.defense seq=70 t=78244 event_t=78244 dt=0 class=SFX sound=SW_CRD_FLIP_01 gain=0.80 result=played
2026.10.06-03.42.45 RESOLVE panel revealed: A3+B0 vs D4
2026.10.06-03.42.45 closed mode=
2026.10.06-03.42.45 MODE seq=70 mode=0 combat=0 pending=0
2026.10.06-03.42.45 MS-OPP verb=turn seq=70
2026.10.06-03.42.45 HUD seq=70 phase=ACTION_MANEUVER turn=opp hand=2 oppHand=4(hidden) oppDeck=14~ deck=17~ discard=11
2026.10.06-03.42.45 MS-STATUS seq=70 text="Medusa — Opponent is choosing an action"
2026.10.06-03.42.45 ARTPREVIEW fighter=Medusa hero=1 eligible=0 visual=1 mesh=SK_Medusa_H2LD
2026.10.06-03.42.45 FIGHTERS synced n=6 alive=5 own=1 enemy=4
2026.10.06-03.42.45 CUE damage f-1-hero -1 seq=70 staged=contact
2026.10.06-03.42.45 WS seq=70 phase=ACTION_MANEUVER (apply)
2026.10.06-03.42.45 S09AUTO drive mode=0 plan=[attack+abilityboost+scheme+storms+defend+resolve] phase=ACTION_MANEUVER turn=cmuhntivg0000wib0anhqyswc
2026.10.06-03.42.45 TAG fighter=f-0-hero bbox=(796,421,889,443) mode=compact look=P1 placement=above ring=0 hardPx2=0 softPx2=0 order=1 bound=1
2026.10.06-03.42.45 TAG fighter=f-0-sk0 bbox=(509,496,593,518) mode=compact look=P1 placement=above ring=0 hardPx2=0 softPx2=0 order=3 bound=1
2026.10.06-03.42.45 TAG fighter=f-0-sk1 bbox=(396,458,480,480) mode=compact look=P1 placement=above ring=0 hardPx2=0 softPx2=0 order=2 bound=1
2026.10.06-03.42.45 TAG fighter=f-0-sk2 bbox=(308,584,392,606) mode=compact look=P1 placement=left ring=0 hardPx2=0 softPx2=0 order=4 bound=1
2026.10.06-03.42.45 TAG fighter=f-1-hero bbox=(883,323,976,345) mode=compact look=P2 placement=above ring=0 hardPx2=0 softPx2=0 order=0 bound=1
2026.10.06-03.42.45 ICON fighter=f-1-hero bbox=(970,367,1002,399) size=32 src=combat anchor=right fallback=0 overlapPx2=0 texture=/Game/S08/UI/IconsV3/T_IV3_action_attack_token_32.T_IV3_action_attack_token_32
2026.10.06-03.42.45 SNAPSHOT applied seq=71 phase=COMBAT
2026.10.06-03.42.45 HANDLE_APPLIED #100 seq=71 decision=2 fightersValid=1 boardValid=1
2026.10.06-03.42.45 CUE sound id=CUE-008 point=cue subject=f-0-hero seq=71 t=78377 event_t=78377 dt=0 class=SFX sound=SW_CMB_ATTACK_DECLARE_02 gain=0.80 result=played
2026.10.06-03.42.45 AUDIO attack seq=71 key=MEDUSA abilityBoost=0
2026.10.06-03.42.45 VO event=ATTACK speaker=MEDUSA t=78377 result=skipped line=- prio=3 reason=chance
2026.10.06-03.42.45 CUE fx id=CUE-008 subject=f-0-hero seq=71 t=78377 vfx=missing sfx=missing clip=none mat=none socket=Weapon reduced=0 result=fallback
2026.10.06-03.42.45 CUE combat seq=70 stage=skip t=78377 src=catchup
2026.10.06-03.42.45 CATCHUP seq=70 latest=71 queued=1 lag=0 t=78377 action=hurry reason=combat applied=1
2026.10.06-03.42.45 closed mode=
2026.10.06-03.42.45 MODE seq=71 mode=4 combat=1 pending=0
2026.10.06-03.42.45 MS-OPP verb=attack seq=71
2026.10.06-03.42.45 MS-TRACK own=0/2 opp=2/2 oppVisible=1 seq=71
2026.10.06-03.42.45 HUD seq=71 phase=COMBAT turn=opp hand=2 oppHand=3(hidden) oppDeck=14~ deck=17~ discard=11
2026.10.06-03.42.45 MS-STATUS seq=71 text="You are attacked: choose a defense card or No defense (N)"
2026.10.06-03.42.45 ARTPREVIEW fighter=Medusa hero=1 eligible=0 visual=1 mesh=SK_Medusa_H2LD
2026.10.06-03.42.45 FIGHTERS synced n=6 alive=5 own=1 enemy=4
2026.10.06-03.42.45 WS seq=71 phase=COMBAT (apply)
2026.10.06-03.42.45 HUD-TRACK own=0/2 server=0 local=0 opp=2/2 oppVisible=1 anim=-/spend seq=71 frame=2206
2026.10.06-03.42.45 S09AUTO drive mode=4 plan=[attack+abilityboost+scheme+storms+defend+resolve] phase=COMBAT turn=cmuhntivg0000wib0anhqyswc
2026.10.06-03.42.45 S09AUTO no legal defense card - falling back to no-defense
2026.10.06-03.42.45 NO-DEFENSE sent (defender closes the window)
2026.10.06-03.42.45 MS-STATUS seq=71 text="Syncing…"
2026.10.06-03.42.45 TOAST text="no defense - resolving"
2026.10.06-03.42.45 TAG fighter=f-0-hero bbox=(796,421,889,443) mode=compact look=P1 placement=above ring=0 hardPx2=0 softPx2=0 order=1 bound=1
2026.10.06-03.42.45 TAG fighter=f-0-sk0 bbox=(509,496,593,518) mode=compact look=P1 placement=above ring=0 hardPx2=0 softPx2=0 order=3 bound=1
2026.10.06-03.42.45 TAG fighter=f-0-sk1 bbox=(396,458,480,480) mode=compact look=P1 placement=above ring=0 hardPx2=0 softPx2=0 order=2 bound=1
2026.10.06-03.42.45 TAG fighter=f-0-sk2 bbox=(308,584,392,606) mode=compact look=P1 placement=left ring=0 hardPx2=0 softPx2=0 order=4 bound=1
2026.10.06-03.42.45 TAG fighter=f-1-hero bbox=(883,323,976,345) mode=compact look=P2 placement=above ring=0 hardPx2=0 softPx2=0 order=0 bound=1
2026.10.06-03.42.45 ICON fighter=f-1-hero bbox=(970,367,1002,399) size=32 src=combat anchor=right fallback=0 overlapPx2=0 texture=/Game/S08/UI/IconsV3/T_IV3_action_attack_token_32.T_IV3_action_attack_token_32
2026.10.06-03.42.45 SNAPSHOT applied seq=72 phase=ACTION_MANEUVER
2026.10.06-03.42.45 HANDLE_APPLIED #101 seq=72 decision=2 fightersValid=1 boardValid=1
2026.10.06-03.42.45 COMBAT-RESULT seq=72 damage=3 role=defended
2026.10.06-03.42.45 COMBAT-LOG seq=72 log=72 n=13 entries=1 lines=1 src=log outcomes=APPLIED:1
2026.10.06-03.42.45 AUDIO combat seq=72 boosts=0 cancelled=0 own=1 fizzle=0
2026.10.06-03.42.45 CUE fx done id=CUE-010 subject=scene seq=70 t=78511 ms=267 cut=replace
2026.10.06-03.42.45 CUE combat seq=70 stage=end t=78511 total=867 skipped=1 cut=replace
2026.10.06-03.42.45 CUE combat seq=72 stage=start t=78511 attacker=f-0-hero target=f-1-hero text=1 lines=1 damage=3 lethal=0 shown=0 speed=1.00 flip=620 contact=333 src=notify a=3 d=0 outcome=win
2026.10.06-03.42.45 CUE fx done id=CUE-008 subject=f-0-hero seq=71 t=78511 ms=134 cut=interrupt
2026.10.06-03.42.45 CUE fx id=CUE-010 subject=scene seq=72 t=78511 vfx=none sfx=missing clip=none mat=none socket=- reduced=0 result=fallback
2026.10.06-03.42.45 ARTPREVIEW fighter=Medusa hero=1 eligible=0 visual=1 mesh=SK_Medusa_H2LD
2026.10.06-03.42.45 ARTPREVIEW fighter=Medusa hero=1 eligible=0 visual=1 mesh=SK_Medusa_H2LD
2026.10.06-03.42.45 HUD-STAMP no-defense seq=72 target=f-1-hero icon=marker-x-stamp
2026.10.06-03.42.45 CUE sound id=CUE-010 point=cue subject=card.attack seq=72 t=78511 event_t=78511 dt=0 class=SFX sound=SW_CRD_FLIP_02 gain=0.80 result=played
2026.10.06-03.42.45 CUE sound id=CUE-010 point=cue subject=card.defense seq=72 t=78511 event_t=78511 dt=0 class=SFX sound=SW_CMB_NO_DEFENSE_01 gain=0.80 result=played bank=CMB-NO-DEFENSE
2026.10.06-03.42.45 closed mode=
2026.10.06-03.42.45 TURN-INPUT open seq=72 frame=2209 gate=none
2026.10.06-03.42.45 MODE seq=72 mode=0 combat=0 pending=0
2026.10.06-03.42.45 MS-OPP verb=none seq=72
2026.10.06-03.42.45 MS-TRACK own=0/2 opp=0/2 oppVisible=0 seq=72
2026.10.06-03.42.45 CUE sound id=CUE-015 point=turn subject=- seq=72 t=78511 event_t=78511 dt=0 class=UI sound=SW_UI_TURN_CHIME_01 gain=0.80 result=played turn=own
2026.10.06-03.42.45 VO event=TURN-START speaker=ARTHUR t=78511 result=skipped line=- prio=4 reason=chance
2026.10.06-03.42.45 HUD-TURN seq=72 turn=own initial=0 ring=marker-turn-ring flash=1000 banner=600 reduced=0
2026.10.06-03.42.45 CUE sound id=CUE-005 point=cue subject=hand.opp seq=72 t=78511 event_t=78511 dt=0 class=SFX sound=SW_CRD_DRAW_01 gain=0.80 result=played
2026.10.06-03.42.45 HUD seq=72 phase=ACTION_MANEUVER turn=you hand=2 oppHand=4(hidden) oppDeck=13 deck=17 discard=11
2026.10.06-03.42.45 MS-STATUS seq=72 text="Choose an action: maneuver (M), attack (A) or scheme (G)"
2026.10.06-03.42.45 ARTPREVIEW fighter=Medusa hero=1 eligible=0 visual=1 mesh=SK_Medusa_H2LD
2026.10.06-03.42.45 FIGHTERS synced n=6 alive=5 own=1 enemy=4
2026.10.06-03.42.45 CUE damage f-1-hero -3 seq=72 staged=contact
2026.10.06-03.42.45 RESOLVE done seq=72 (apply) phase=ACTION_MANEUVER
2026.10.06-03.42.45 SNAPSHOT applied seq=72 phase=ACTION_MANEUVER
2026.10.06-03.42.45 HANDLE_APPLIED #102 seq=72 decision=1 fightersValid=1 boardValid=1
2026.10.06-03.42.45 MODE seq=72 mode=0 combat=0 pending=0
2026.10.06-03.42.45 HUD seq=72 phase=ACTION_MANEUVER turn=you hand=2 oppHand=4(hidden) oppDeck=13 deck=17 discard=11
2026.10.06-03.42.45 ARTPREVIEW fighter=Medusa hero=1 eligible=0 visual=1 mesh=SK_Medusa_H2LD
2026.10.06-03.42.45 FIGHTERS synced n=6 alive=5 own=1 enemy=4
2026.10.06-03.42.45 WS seq=72 phase=ACTION_MANEUVER (merge)
2026.10.06-03.42.45 HUD-HEART side=own hero=f-1-hero hp=4/18 anim=damage glow=1 played=1
2026.10.06-03.42.45 HUD-TRACK own=0/2 server=0 local=0 opp=0/2 oppVisible=0 anim=reset/reset seq=72 frame=2210
2026.10.06-03.42.45 S09AUTO drive mode=0 plan=[attack+abilityboost+scheme+storms+defend+resolve] phase=ACTION_MANEUVER turn=cmuhntiwu0001wib0z281rpa8
2026.10.06-03.42.45 S09AUTO own turn #6 (turnCount=14)
2026.10.06-03.42.45 HUD-TRACK chosen=maneuver seq=72 spent=0
2026.10.06-03.42.45 MS-STATUS seq=72 text="Syncing…"
2026.10.06-03.42.45 TOAST text="begin maneuver sent (server draws 1 card)"
2026.10.06-03.42.45 TAG fighter=f-0-hero bbox=(796,421,889,443) mode=compact look=P1 placement=above ring=0 hardPx2=0 softPx2=0 order=1 bound=1
2026.10.06-03.42.45 TAG fighter=f-0-sk0 bbox=(509,496,593,518) mode=compact look=P1 placement=above ring=0 hardPx2=0 softPx2=0 order=3 bound=1
2026.10.06-03.42.45 TAG fighter=f-0-sk1 bbox=(396,458,480,480) mode=compact look=P1 placement=above ring=0 hardPx2=0 softPx2=0 order=2 bound=1
2026.10.06-03.42.45 TAG fighter=f-0-sk2 bbox=(308,584,392,606) mode=compact look=P1 placement=left ring=0 hardPx2=0 softPx2=0 order=4 bound=1
2026.10.06-03.42.45 TAG fighter=f-1-hero bbox=(883,323,976,345) mode=compact look=P2 placement=above ring=0 hardPx2=0 softPx2=0 order=0 bound=1
2026.10.06-03.42.45 ICON fighter=f-1-hero bbox=(970,367,1002,399) size=32 src=combat anchor=right fallback=0 overlapPx2=0 texture=/Game/S08/UI/IconsV3/T_IV3_action_attack_token_32.T_IV3_action_attack_token_32
2026.10.06-03.42.45 HUD-TRACK own=1/2 server=0 local=1 opp=0/2 oppVisible=0 anim=spend/- seq=72 frame=2211
2026.10.06-03.42.45 TAG fighter=f-0-hero bbox=(796,421,889,443) mode=compact look=P1 placement=above ring=0 hardPx2=0 softPx2=0 order=1 bound=1
2026.10.06-03.42.45 TAG fighter=f-0-sk0 bbox=(509,496,593,518) mode=compact look=P1 placement=above ring=0 hardPx2=0 softPx2=0 order=3 bound=1
2026.10.06-03.42.45 TAG fighter=f-0-sk1 bbox=(396,458,480,480) mode=compact look=P1 placement=above ring=0 hardPx2=0 softPx2=0 order=2 bound=1
2026.10.06-03.42.45 TAG fighter=f-0-sk2 bbox=(308,584,392,606) mode=compact look=P1 placement=left ring=0 hardPx2=0 softPx2=0 order=4 bound=1
2026.10.06-03.42.45 TAG fighter=f-1-hero bbox=(883,323,976,345) mode=compact look=P2 placement=above ring=0 hardPx2=0 softPx2=0 order=0 bound=1
2026.10.06-03.42.45 ICON fighter=f-1-hero bbox=(970,367,1002,399) size=32 src=combat anchor=right fallback=0 overlapPx2=0 texture=/Game/S08/UI/IconsV3/T_IV3_action_attack_token_32.T_IV3_action_attack_token_32
2026.10.06-03.42.46 SNAPSHOT applied seq=73 phase=ACTION_MANEUVER
2026.10.06-03.42.46 HANDLE_APPLIED #103 seq=73 decision=2 fightersValid=1 boardValid=1
2026.10.06-03.42.46 MS-DRAFT op=candidates rev=28 src=snapshot n=1 ids=f-1-hero autoselect=f-1-hero
2026.10.06-03.42.46 MANEUVER-DRAFT mode=maneuver:14:72
2026.10.06-03.42.46 DRAFT-OPEN draw committed (resume instead of begin)
2026.10.06-03.42.46 MODE seq=73 mode=1 combat=0 pending=0
2026.10.06-03.42.46 MS-TRACK own=1/2 opp=0/2 oppVisible=0 seq=73
2026.10.06-03.42.46 CUE sound id=CUE-005 point=cue subject=hand.own seq=73 t=78649 event_t=78649 dt=0 class=SFX sound=SW_CRD_DRAW_03 gain=0.80 result=played
2026.10.06-03.42.46 HUD seq=73 phase=ACTION_MANEUVER turn=you hand=3 oppHand=4(hidden) oppDeck=13 deck=16 discard=11
2026.10.06-03.42.46 MS-STATUS seq=73 text="Choose a space for King Arthur; Enter confirms the maneuver"
2026.10.06-03.42.46 ARTPREVIEW fighter=Medusa hero=1 eligible=0 visual=1 mesh=SK_Medusa_H2LD
2026.10.06-03.42.46 FIGHTERS synced n=6 alive=5 own=1 enemy=4
2026.10.06-03.42.46 ARTPREVIEW selection ring shown fighter=King Arthur mesh=SM_Marker_SelectionRing
2026.10.06-03.42.46 ARTPREVIEW hero-light fighter=f-1-hero state=active layers=2 lightsOn=2 keyCd=23.679 rimCd=2.012 mul=1.104 pulse=0.40Hz+-4%
2026.10.06-03.42.46 ARTPREVIEW reachable rings cells=7 placed=1 radiusUU=36 segments=48 style=readability color=#FFC857 stroke=#14110C widthUU=3.50 strokeUU=1.50
2026.10.06-03.42.46 MANEUVER begin seq=73 (apply) pending=maneuver:14:72
2026.10.06-03.42.46 SNAPSHOT applied seq=73 phase=ACTION_MANEUVER
2026.10.06-03.42.46 HANDLE_APPLIED #104 seq=73 decision=1 fightersValid=1 boardValid=1
2026.10.06-03.42.46 MODE seq=73 mode=1 combat=0 pending=0
2026.10.06-03.42.46 HUD seq=73 phase=ACTION_MANEUVER turn=you hand=3 oppHand=4(hidden) oppDeck=13 deck=16 discard=11
2026.10.06-03.42.46 ARTPREVIEW fighter=Medusa hero=1 eligible=0 visual=1 mesh=SK_Medusa_H2LD
2026.10.06-03.42.46 ARTPREVIEW selection ring shown fighter=King Arthur mesh=SM_Marker_SelectionRing
2026.10.06-03.42.46 FIGHTERS synced n=6 alive=5 own=1 enemy=4
2026.10.06-03.42.46 ARTPREVIEW selection ring shown fighter=King Arthur mesh=SM_Marker_SelectionRing
2026.10.06-03.42.46 ARTPREVIEW reachable rings cells=7 placed=1 radiusUU=36 segments=48 style=readability color=#FFC857 stroke=#14110C widthUU=3.50 strokeUU=1.50
2026.10.06-03.42.46 WS seq=73 phase=ACTION_MANEUVER (merge)
2026.10.06-03.42.46 HUD-TRACK own=1/2 server=1 local=0 opp=0/2 oppVisible=0 anim=-/- seq=73 frame=2214
2026.10.06-03.42.46 HUD-HAND lower=1 pick=cell cursor=board preview=hidden seq=73
2026.10.06-03.42.46 S09AUTO drive mode=1 plan=[attack+abilityboost+scheme+storms+defend+resolve] phase=ACTION_MANEUVER turn=cmuhntiwu0001wib0z281rpa8
2026.10.06-03.42.46 S09AUTO approach: no improving legal step
2026.10.06-03.42.46 MANEUVER-CONFIRM moves=0 boost=none
2026.10.06-03.42.46 MS-STATUS seq=73 text="Syncing…"
2026.10.06-03.42.46 HUD plate content fighter=f-1-hero name=King Arthur hp=4/18 team=own statuses=HERO  |  MELEE  |  TARGET teamSlot=P2 look=P2 shape=hexagon chip=#5786A8
2026.10.06-03.42.46 PLATE fighter=f-1-hero bbox=(891,457,1063,511) overlapReachable=0 placement=below ring=0 gap=6 selection=f-1-hero destinations=7 clean=1 softPx2=0 tested=110 bound=1
2026.10.06-03.42.46 TAG fighter=f-0-hero bbox=(796,421,889,443) mode=compact look=P1 placement=above ring=0 hardPx2=0 softPx2=0 order=0 bound=1
2026.10.06-03.42.46 TAG fighter=f-0-sk0 bbox=(509,496,593,518) mode=compact look=P1 placement=above ring=0 hardPx2=0 softPx2=0 order=2 bound=1
2026.10.06-03.42.46 TAG fighter=f-0-sk1 bbox=(396,458,480,480) mode=compact look=P1 placement=above ring=0 hardPx2=0 softPx2=0 order=1 bound=1
2026.10.06-03.42.46 TAG fighter=f-0-sk2 bbox=(308,584,392,606) mode=compact look=P1 placement=left ring=0 hardPx2=0 softPx2=0 order=3 bound=1
2026.10.06-03.42.46 ICON fighter=f-1-hero bbox=(970,367,1002,399) size=32 src=combat anchor=right fallback=0 overlapPx2=0 texture=/Game/S08/UI/IconsV3/T_IV3_action_attack_token_32.T_IV3_action_attack_token_32
2026.10.06-03.42.46 TAG fighter=f-0-hero bbox=(796,421,889,443) mode=compact look=P1 placement=above ring=0 hardPx2=0 softPx2=0 order=0 bound=1
2026.10.06-03.42.46 TAG fighter=f-0-sk0 bbox=(509,496,593,518) mode=compact look=P1 placement=above ring=0 hardPx2=0 softPx2=0 order=2 bound=1
2026.10.06-03.42.46 TAG fighter=f-0-sk1 bbox=(396,458,480,480) mode=compact look=P1 placement=above ring=0 hardPx2=0 softPx2=0 order=1 bound=1
2026.10.06-03.42.46 TAG fighter=f-0-sk2 bbox=(308,584,392,606) mode=compact look=P1 placement=left ring=0 hardPx2=0 softPx2=0 order=3 bound=1
2026.10.06-03.42.46 ICON fighter=f-1-hero bbox=(970,367,1002,399) size=32 src=combat anchor=right fallback=0 overlapPx2=0 texture=/Game/S08/UI/IconsV3/T_IV3_action_attack_token_32.T_IV3_action_attack_token_32
2026.10.06-03.42.46 game -> room=cmuw4tbs005wpt84mulgi3nuk code=<redacted> status=IN_PROGRESS
2026.10.06-03.42.46 TAG fighter=f-0-hero bbox=(796,421,889,443) mode=compact look=P1 placement=above ring=0 hardPx2=0 softPx2=0 order=0 bound=1
2026.10.06-03.42.46 TAG fighter=f-0-sk0 bbox=(509,496,593,518) mode=compact look=P1 placement=above ring=0 hardPx2=0 softPx2=0 order=2 bound=1
2026.10.06-03.42.46 TAG fighter=f-0-sk1 bbox=(396,458,480,480) mode=compact look=P1 placement=above ring=0 hardPx2=0 softPx2=0 order=1 bound=1
2026.10.06-03.42.46 TAG fighter=f-0-sk2 bbox=(308,584,392,606) mode=compact look=P1 placement=left ring=0 hardPx2=0 softPx2=0 order=3 bound=1
2026.10.06-03.42.46 ICON fighter=f-1-hero bbox=(970,367,1002,399) size=32 src=combat anchor=right fallback=0 overlapPx2=0 texture=/Game/S08/UI/IconsV3/T_IV3_action_attack_token_32.T_IV3_action_attack_token_32
2026.10.06-03.42.46 TAG fighter=f-0-hero bbox=(796,421,889,443) mode=compact look=P1 placement=above ring=0 hardPx2=0 softPx2=0 order=0 bound=1
2026.10.06-03.42.46 TAG fighter=f-0-sk0 bbox=(509,496,593,518) mode=compact look=P1 placement=above ring=0 hardPx2=0 softPx2=0 order=2 bound=1
2026.10.06-03.42.46 TAG fighter=f-0-sk1 bbox=(396,458,480,480) mode=compact look=P1 placement=above ring=0 hardPx2=0 softPx2=0 order=1 bound=1
2026.10.06-03.42.46 TAG fighter=f-0-sk2 bbox=(308,584,392,606) mode=compact look=P1 placement=left ring=0 hardPx2=0 softPx2=0 order=3 bound=1
2026.10.06-03.42.46 ICON fighter=f-1-hero bbox=(970,367,1002,399) size=32 src=combat anchor=right fallback=0 overlapPx2=0 texture=/Game/S08/UI/IconsV3/T_IV3_action_attack_token_32.T_IV3_action_attack_token_32
2026.10.06-03.42.46 SNAPSHOT applied seq=74 phase=ACTION_MANEUVER
2026.10.06-03.42.46 HANDLE_APPLIED #105 seq=74 decision=2 fightersValid=1 boardValid=1
2026.10.06-03.42.46 closed mode=
2026.10.06-03.42.46 MODE seq=74 mode=0 combat=0 pending=0
2026.10.06-03.42.46 MS-LAST enter seq=74 player=cmuhntiwu0001wib0z281rpa8 source=MANEUVER moves=0 boost=-1
2026.10.06-03.42.46 HUD seq=74 phase=ACTION_MANEUVER turn=you hand=3 oppHand=4(hidden) oppDeck=13 deck=16 discard=11
2026.10.06-03.42.46 MS-STATUS seq=74 text="Choose an action: maneuver (M), attack (A) or scheme (G)"
2026.10.06-03.42.46 ARTPREVIEW fighter=Medusa hero=1 eligible=0 visual=1 mesh=SK_Medusa_H2LD
2026.10.06-03.42.46 ARTPREVIEW selection ring shown fighter=King Arthur mesh=SM_Marker_SelectionRing
2026.10.06-03.42.46 FIGHTERS synced n=6 alive=5 own=1 enemy=4
2026.10.06-03.42.46 ARTPREVIEW hero-light fighter=f-1-hero state=idle layers=2 lightsOn=2 keyCd=21.443 rimCd=1.822 mul=1.000 pulse=none
2026.10.06-03.42.46 MANEUVER done seq=74 (apply) fighters=6 boost=no
2026.10.06-03.42.46 SNAPSHOT applied seq=74 phase=ACTION_MANEUVER
2026.10.06-03.42.46 HANDLE_APPLIED #106 seq=74 decision=1 fightersValid=1 boardValid=1
2026.10.06-03.42.46 MODE seq=74 mode=0 combat=0 pending=0
2026.10.06-03.42.46 HUD seq=74 phase=ACTION_MANEUVER turn=you hand=3 oppHand=4(hidden) oppDeck=13 deck=16 discard=11
2026.10.06-03.42.46 ARTPREVIEW fighter=Medusa hero=1 eligible=0 visual=1 mesh=SK_Medusa_H2LD
2026.10.06-03.42.46 FIGHTERS synced n=6 alive=5 own=1 enemy=4
2026.10.06-03.42.46 WS seq=74 phase=ACTION_MANEUVER (merge)
2026.10.06-03.42.46 MS-LAST show seq=74 mode=restore player=cmuhntiwu0001wib0z281rpa8 from=- to=-
2026.10.06-03.42.46 MS-LOG seq=74 moves=0 truncated=0 text="King Arthur: maneuver: no movement"
2026.10.06-03.42.46 HUD-HAND lower=0 pick=none cursor=board preview=shown seq=74
2026.10.06-03.42.46 PLATE hidden fighter=f-1-hero
2026.10.06-03.42.46 TAG fighter=f-0-hero bbox=(796,421,889,443) mode=compact look=P1 placement=above ring=0 hardPx2=0 softPx2=0 order=1 bound=1
2026.10.06-03.42.46 TAG fighter=f-0-sk0 bbox=(509,496,593,518) mode=compact look=P1 placement=above ring=0 hardPx2=0 softPx2=0 order=3 bound=1
2026.10.06-03.42.46 TAG fighter=f-0-sk1 bbox=(396,458,480,480) mode=compact look=P1 placement=above ring=0 hardPx2=0 softPx2=0 order=2 bound=1
2026.10.06-03.42.46 TAG fighter=f-0-sk2 bbox=(308,584,392,606) mode=compact look=P1 placement=left ring=0 hardPx2=0 softPx2=0 order=4 bound=1
2026.10.06-03.42.46 TAG fighter=f-1-hero bbox=(883,323,976,345) mode=compact look=P2 placement=above ring=0 hardPx2=0 softPx2=0 order=0 bound=1
2026.10.06-03.42.46 ICON fighter=f-1-hero bbox=(970,367,1002,399) size=32 src=combat anchor=right fallback=0 overlapPx2=0 texture=/Game/S08/UI/IconsV3/T_IV3_action_attack_token_32.T_IV3_action_attack_token_32
2026.10.06-03.42.46 TAG fighter=f-0-hero bbox=(796,421,889,443) mode=compact look=P1 placement=above ring=0 hardPx2=0 softPx2=0 order=1 bound=1
2026.10.06-03.42.46 TAG fighter=f-0-sk0 bbox=(509,496,593,518) mode=compact look=P1 placement=above ring=0 hardPx2=0 softPx2=0 order=3 bound=1
2026.10.06-03.42.46 TAG fighter=f-0-sk1 bbox=(396,458,480,480) mode=compact look=P1 placement=above ring=0 hardPx2=0 softPx2=0 order=2 bound=1
2026.10.06-03.42.46 TAG fighter=f-0-sk2 bbox=(308,584,392,606) mode=compact look=P1 placement=left ring=0 hardPx2=0 softPx2=0 order=4 bound=1
2026.10.06-03.42.46 TAG fighter=f-1-hero bbox=(883,323,976,345) mode=compact look=P2 placement=above ring=0 hardPx2=0 softPx2=0 order=0 bound=1
2026.10.06-03.42.46 ICON fighter=f-1-hero bbox=(970,367,1002,399) size=32 src=combat anchor=right fallback=0 overlapPx2=0 texture=/Game/S08/UI/IconsV3/T_IV3_action_attack_token_32.T_IV3_action_attack_token_32
2026.10.06-03.42.46 TAG fighter=f-0-hero bbox=(796,421,889,443) mode=compact look=P1 placement=above ring=0 hardPx2=0 softPx2=0 order=1 bound=1
2026.10.06-03.42.46 TAG fighter=f-0-sk0 bbox=(509,496,593,518) mode=compact look=P1 placement=above ring=0 hardPx2=0 softPx2=0 order=3 bound=1
2026.10.06-03.42.46 TAG fighter=f-0-sk1 bbox=(396,458,480,480) mode=compact look=P1 placement=above ring=0 hardPx2=0 softPx2=0 order=2 bound=1
2026.10.06-03.42.46 TAG fighter=f-0-sk2 bbox=(308,584,392,606) mode=compact look=P1 placement=left ring=0 hardPx2=0 softPx2=0 order=4 bound=1
2026.10.06-03.42.46 TAG fighter=f-1-hero bbox=(883,323,976,345) mode=compact look=P2 placement=above ring=0 hardPx2=0 softPx2=0 order=0 bound=1
2026.10.06-03.42.46 ICON fighter=f-1-hero bbox=(970,367,1002,399) size=32 src=combat anchor=right fallback=0 overlapPx2=0 texture=/Game/S08/UI/IconsV3/T_IV3_action_attack_token_32.T_IV3_action_attack_token_32
2026.10.06-03.42.46 TAG fighter=f-0-hero bbox=(796,421,889,443) mode=compact look=P1 placement=above ring=0 hardPx2=0 softPx2=0 order=1 bound=1
2026.10.06-03.42.46 TAG fighter=f-0-sk0 bbox=(509,496,593,518) mode=compact look=P1 placement=above ring=0 hardPx2=0 softPx2=0 order=3 bound=1
2026.10.06-03.42.46 TAG fighter=f-0-sk1 bbox=(396,458,480,480) mode=compact look=P1 placement=above ring=0 hardPx2=0 softPx2=0 order=2 bound=1
2026.10.06-03.42.46 TAG fighter=f-0-sk2 bbox=(308,584,392,606) mode=compact look=P1 placement=left ring=0 hardPx2=0 softPx2=0 order=4 bound=1
2026.10.06-03.42.46 TAG fighter=f-1-hero bbox=(883,323,976,345) mode=compact look=P2 placement=above ring=0 hardPx2=0 softPx2=0 order=0 bound=1
2026.10.06-03.42.46 ICON fighter=f-1-hero bbox=(970,367,1002,399) size=32 src=combat anchor=right fallback=0 overlapPx2=0 texture=/Game/S08/UI/IconsV3/T_IV3_action_attack_token_32.T_IV3_action_attack_token_32
2026.10.06-03.42.46 TAG fighter=f-0-hero bbox=(796,421,889,443) mode=compact look=P1 placement=above ring=0 hardPx2=0 softPx2=0 order=1 bound=1
2026.10.06-03.42.46 TAG fighter=f-0-sk0 bbox=(509,496,593,518) mode=compact look=P1 placement=above ring=0 hardPx2=0 softPx2=0 order=3 bound=1
2026.10.06-03.42.46 TAG fighter=f-0-sk1 bbox=(396,458,480,480) mode=compact look=P1 placement=above ring=0 hardPx2=0 softPx2=0 order=2 bound=1
2026.10.06-03.42.46 TAG fighter=f-0-sk2 bbox=(308,584,392,606) mode=compact look=P1 placement=left ring=0 hardPx2=0 softPx2=0 order=4 bound=1
2026.10.06-03.42.46 TAG fighter=f-1-hero bbox=(883,323,976,345) mode=compact look=P2 placement=above ring=0 hardPx2=0 softPx2=0 order=0 bound=1
2026.10.06-03.42.46 ICON fighter=f-1-hero bbox=(970,367,1002,399) size=32 src=combat anchor=right fallback=0 overlapPx2=0 texture=/Game/S08/UI/IconsV3/T_IV3_action_attack_token_32.T_IV3_action_attack_token_32
2026.10.06-03.42.46 TAG fighter=f-0-hero bbox=(796,421,889,443) mode=compact look=P1 placement=above ring=0 hardPx2=0 softPx2=0 order=1 bound=1
2026.10.06-03.42.46 TAG fighter=f-0-sk0 bbox=(509,496,593,518) mode=compact look=P1 placement=above ring=0 hardPx2=0 softPx2=0 order=3 bound=1
2026.10.06-03.42.46 TAG fighter=f-0-sk1 bbox=(396,458,480,480) mode=compact look=P1 placement=above ring=0 hardPx2=0 softPx2=0 order=2 bound=1
2026.10.06-03.42.46 TAG fighter=f-0-sk2 bbox=(308,584,392,606) mode=compact look=P1 placement=left ring=0 hardPx2=0 softPx2=0 order=4 bound=1
2026.10.06-03.42.46 TAG fighter=f-1-hero bbox=(883,323,976,345) mode=compact look=P2 placement=above ring=0 hardPx2=0 softPx2=0 order=0 bound=1
2026.10.06-03.42.46 ICON fighter=f-1-hero bbox=(970,367,1002,399) size=32 src=combat anchor=right fallback=0 overlapPx2=0 texture=/Game/S08/UI/IconsV3/T_IV3_action_attack_token_32.T_IV3_action_attack_token_32
2026.10.06-03.42.47 S09AUTO drive mode=0 plan=[attack+abilityboost+scheme+storms+defend+resolve] phase=ACTION_MANEUVER turn=cmuhntiwu0001wib0z281rpa8
2026.10.06-03.42.47 S09AUTO attack (attacker=f-1-hero target-set card-set)
2026.10.06-03.42.47 S09AUTO attack ability boost added
2026.10.06-03.42.47 ATTACK sent ability=card
2026.10.06-03.42.47 HUD-TRACK chosen=attack seq=74 spent=1
2026.10.06-03.42.47 ARTPREVIEW hero-light fighter=f-0-hero state=idle layers=2 lightsOn=2 keyCd=17.984 rimCd=1.528 mul=1.000 pulse=none
2026.10.06-03.42.47 ARTPREVIEW combat marker fighter=Medusa attacker=0 target=1 icon=1 targetMesh=SM_Marker_TargetRing iconMode=screen targetArcScaleXY=0.920
2026.10.06-03.42.47 ARTPREVIEW hero-light fighter=f-1-hero state=active layers=2 lightsOn=2 keyCd=25.637 rimCd=2.178 mul=1.196 pulse=0.40Hz+-4%
2026.10.06-03.42.47 ARTPREVIEW combat marker fighter=King Arthur attacker=1 target=0 icon=0 targetMesh=SM_Marker_TargetRing iconMode=screen targetArcScaleXY=0.920
2026.10.06-03.42.47 MS-STATUS seq=74 text="Syncing…"
2026.10.06-03.42.47 TOAST text="attack sent"
2026.10.06-03.42.47 TAG fighter=f-0-hero bbox=(796,421,889,443) mode=compact look=P1 placement=above ring=0 hardPx2=0 softPx2=0 order=0 bound=1
2026.10.06-03.42.47 TAG fighter=f-0-sk0 bbox=(509,496,593,518) mode=compact look=P1 placement=above ring=0 hardPx2=0 softPx2=0 order=3 bound=1
2026.10.06-03.42.47 TAG fighter=f-0-sk1 bbox=(396,458,480,480) mode=compact look=P1 placement=above ring=0 hardPx2=0 softPx2=0 order=2 bound=1
2026.10.06-03.42.47 TAG fighter=f-0-sk2 bbox=(308,584,392,606) mode=compact look=P1 placement=left ring=0 hardPx2=0 softPx2=0 order=4 bound=1
2026.10.06-03.42.47 TAG fighter=f-1-hero bbox=(883,323,976,345) mode=compact look=P2 placement=above ring=0 hardPx2=0 softPx2=0 order=1 bound=1
2026.10.06-03.42.47 ICON fighter=f-0-hero bbox=(885,465,917,497) size=32 src=combat anchor=right fallback=0 overlapPx2=0 texture=/Game/S08/UI/IconsV3/T_IV3_action_attack_token_32.T_IV3_action_attack_token_32
2026.10.06-03.42.47 HUD-TRACK own=2/2 server=1 local=1 opp=0/2 oppVisible=0 anim=spend/- seq=74 frame=2251
2026.10.06-03.42.47 TAG fighter=f-0-hero bbox=(796,421,889,443) mode=compact look=P1 placement=above ring=0 hardPx2=0 softPx2=0 order=0 bound=1
2026.10.06-03.42.47 TAG fighter=f-0-sk0 bbox=(509,496,593,518) mode=compact look=P1 placement=above ring=0 hardPx2=0 softPx2=0 order=3 bound=1
2026.10.06-03.42.47 TAG fighter=f-0-sk1 bbox=(396,458,480,480) mode=compact look=P1 placement=above ring=0 hardPx2=0 softPx2=0 order=2 bound=1
2026.10.06-03.42.47 TAG fighter=f-0-sk2 bbox=(308,584,392,606) mode=compact look=P1 placement=left ring=0 hardPx2=0 softPx2=0 order=4 bound=1
2026.10.06-03.42.47 TAG fighter=f-1-hero bbox=(883,323,976,345) mode=compact look=P2 placement=above ring=0 hardPx2=0 softPx2=0 order=1 bound=1
2026.10.06-03.42.47 ICON fighter=f-0-hero bbox=(885,465,917,497) size=32 src=combat anchor=right fallback=0 overlapPx2=0 texture=/Game/S08/UI/IconsV3/T_IV3_action_attack_token_32.T_IV3_action_attack_token_32
2026.10.06-03.42.47 SNAPSHOT applied seq=75 phase=COMBAT
2026.10.06-03.42.47 HANDLE_APPLIED #107 seq=75 decision=2 fightersValid=1 boardValid=1
2026.10.06-03.42.47 CUE sound id=CUE-008 point=cue subject=f-1-hero seq=75 t=79990 event_t=79990 dt=0 class=SFX sound=SW_CMB_ATTACK_DECLARE_01 gain=0.80 result=played
2026.10.06-03.42.47 AUDIO attack seq=75 key=ARTHUR abilityBoost=1
2026.10.06-03.42.47 CUE sound id=CUE-014 point=cue subject=f-1-hero seq=75 t=79990 event_t=79990 dt=0 class=SFX sound=SW_FX_ARTHUR_BOOST_01 gain=0.80 result=played
2026.10.06-03.42.47 VO event=ATTACK speaker=ARTHUR t=79990 result=skipped line=- prio=3 reason=chance
2026.10.06-03.42.47 CUE fx id=CUE-008 subject=f-1-hero seq=75 t=79990 vfx=missing sfx=missing clip=none mat=none socket=Weapon reduced=0 result=fallback
2026.10.06-03.42.47 CUE combat seq=72 stage=skip t=79990 src=catchup
2026.10.06-03.42.47 CUE combat seq=72 stage=read t=79990 ms=859 skipped=1
2026.10.06-03.42.47 CUE combat seq=72 stage=effect t=79990 i=1 ms=0 skipped=1
2026.10.06-03.42.47 CUE combat seq=72 stage=slam t=79990 a=3 d=0 outcome=win
2026.10.06-03.42.47 CATCHUP seq=72 latest=75 queued=3 lag=1341 t=79990 action=hurry reason=combat applied=1
2026.10.06-03.42.47 SFX bank=CMB-EFFECT-LINE tag=effect class=SFX t=79990 sound=SW_CMB_EFFECT_LINE_03 gain=0.80
2026.10.06-03.42.47 CUE sound id=CUE-010 point=cue subject=slam seq=72 t=79990 event_t=79990 dt=0 class=SFX sound=SW_CMB_SLAM_02 gain=0.80 result=played bank=CMB-SLAM
2026.10.06-03.42.47 closed mode=
2026.10.06-03.42.47 MODE seq=75 mode=0 combat=1 pending=0
2026.10.06-03.42.47 MS-OPP verb=defend seq=75
2026.10.06-03.42.47 MS-TRACK own=2/2 opp=0/2 oppVisible=0 seq=75
2026.10.06-03.42.47 HUD seq=75 phase=COMBAT turn=you hand=1 oppHand=4(hidden) oppDeck=13 deck=16 discard=13
2026.10.06-03.42.47 MS-STATUS seq=75 text="Waiting for the defender"
2026.10.06-03.42.47 ARTPREVIEW fighter=Medusa hero=1 eligible=0 visual=1 mesh=SK_Medusa_H2LD
2026.10.06-03.42.47 FIGHTERS synced n=6 alive=5 own=1 enemy=4
2026.10.06-03.42.47 ATTACK done seq=75 (apply) phase=COMBAT
2026.10.06-03.42.47 SNAPSHOT applied seq=75 phase=COMBAT
2026.10.06-03.42.47 HANDLE_APPLIED #108 seq=75 decision=1 fightersValid=1 boardValid=1
2026.10.06-03.42.47 MODE seq=75 mode=0 combat=1 pending=0
2026.10.06-03.42.47 HUD seq=75 phase=COMBAT turn=you hand=1 oppHand=4(hidden) oppDeck=13 deck=16 discard=13
2026.10.06-03.42.47 ARTPREVIEW fighter=Medusa hero=1 eligible=0 visual=1 mesh=SK_Medusa_H2LD
2026.10.06-03.42.47 FIGHTERS synced n=6 alive=5 own=1 enemy=4
2026.10.06-03.42.47 WS seq=75 phase=COMBAT (merge)
2026.10.06-03.42.47 HUD-TRACK own=2/2 server=2 local=0 opp=0/2 oppVisible=0 anim=-/- seq=75 frame=2254
2026.10.06-03.42.47 TAG fighter=f-0-hero bbox=(796,421,889,443) mode=compact look=P1 placement=above ring=0 hardPx2=0 softPx2=0 order=0 bound=1
2026.10.06-03.42.47 TAG fighter=f-0-sk0 bbox=(509,496,593,518) mode=compact look=P1 placement=above ring=0 hardPx2=0 softPx2=0 order=3 bound=1
2026.10.06-03.42.47 TAG fighter=f-0-sk1 bbox=(396,458,480,480) mode=compact look=P1 placement=above ring=0 hardPx2=0 softPx2=0 order=2 bound=1
2026.10.06-03.42.47 TAG fighter=f-0-sk2 bbox=(308,584,392,606) mode=compact look=P1 placement=left ring=0 hardPx2=0 softPx2=0 order=4 bound=1
2026.10.06-03.42.47 TAG fighter=f-1-hero bbox=(883,323,976,345) mode=compact look=P2 placement=above ring=0 hardPx2=0 softPx2=0 order=1 bound=1
2026.10.06-03.42.47 ICON fighter=f-0-hero bbox=(885,465,917,497) size=32 src=combat anchor=right fallback=0 overlapPx2=0 texture=/Game/S08/UI/IconsV3/T_IV3_action_attack_token_32.T_IV3_action_attack_token_32
2026.10.06-03.42.47 SNAPSHOT applied seq=76 phase=GAME_OVER
2026.10.06-03.42.47 HANDLE_APPLIED #109 seq=76 decision=2 fightersValid=1 boardValid=1
2026.10.06-03.42.47 COMBAT-RESULT seq=76 damage=3 role=attacked
2026.10.06-03.42.47 COMBAT-LOG seq=76 log=76 n=14 entries=0 lines=0 src=log outcomes=-
2026.10.06-03.42.47 AUDIO combat seq=76 boosts=1 cancelled=0 own=1 fizzle=0
2026.10.06-03.42.47 CUE fx done id=CUE-010 subject=scene seq=72 t=80123 ms=1612 cut=replace hold=859
2026.10.06-03.42.47 CUE combat seq=72 stage=end t=80123 total=2212 skipped=1 cut=replace
2026.10.06-03.42.47 CUE combat seq=76 stage=start t=80123 attacker=f-1-hero target=f-0-hero text=1 lines=0 damage=3 lethal=1 shown=0 speed=1.00 flip=620 contact=292 src=notify a=3 d=0 outcome=win
2026.10.06-03.42.47 CUE fx done id=CUE-008 subject=f-1-hero seq=75 t=80123 ms=133 cut=interrupt
2026.10.06-03.42.47 CUE fx id=CUE-010 subject=scene seq=76 t=80123 vfx=none sfx=missing clip=none mat=none socket=- reduced=0 result=fallback
2026.10.06-03.42.47 ARTPREVIEW fighter=Medusa hero=1 eligible=0 visual=1 mesh=SK_Medusa_H2LD
2026.10.06-03.42.47 ARTPREVIEW fighter=Medusa hero=1 eligible=0 visual=1 mesh=SK_Medusa_H2LD
2026.10.06-03.42.47 HUD-STAMP no-defense seq=76 target=f-0-hero icon=marker-x-stamp
2026.10.06-03.42.47 CUE sound id=CUE-010 point=cue subject=card.attack seq=76 t=80123 event_t=80123 dt=0 class=SFX sound=SW_CRD_FLIP_01 gain=0.80 result=played
2026.10.06-03.42.47 CUE sound id=CUE-010 point=cue subject=card.defense seq=76 t=80123 event_t=80123 dt=0 class=SFX sound=SW_CMB_NO_DEFENSE_01 gain=0.80 result=played bank=CMB-NO-DEFENSE
2026.10.06-03.42.47 MODE seq=76 mode=0 combat=1 pending=0
2026.10.06-03.42.47 MS-OPP verb=none seq=76
2026.10.06-03.42.47 MS-LAST fade seq=74 at=76 ms=300
2026.10.06-03.42.47 HUD-TURN seq=76 turn=over initial=0 ring=marker-turn-ring flash=0 banner=0 reduced=0
2026.10.06-03.42.47 RESULT seq=76 outcome=VICTORY winner=King Arthur
2026.10.06-03.42.47 HUD seq=76 phase=GAME_OVER turn=you hand=1 oppHand=4(hidden) oppDeck=13~ deck=16~ discard=13
2026.10.06-03.42.47 ARTPREVIEW fighter=Medusa hero=1 eligible=0 visual=1 mesh=SK_Medusa_H2LD
2026.10.06-03.42.47 FIGHTERS synced n=6 alive=4 own=1 enemy=3
2026.10.06-03.42.47 CUE damage f-0-hero -3 seq=76 staged=contact
2026.10.06-03.42.47 WS seq=76 phase=GAME_OVER (apply)
2026.10.06-03.42.47 HUD-HEART side=own hero=f-1-hero hp=1/18 anim=damage glow=1 played=1
2026.10.06-03.42.47 TAG fighter=f-0-sk0 bbox=(509,496,593,518) mode=compact look=P1 placement=above ring=0 hardPx2=0 softPx2=0 order=2 bound=1
2026.10.06-03.42.47 TAG fighter=f-0-sk1 bbox=(396,458,480,480) mode=compact look=P1 placement=above ring=0 hardPx2=0 softPx2=0 order=1 bound=1
2026.10.06-03.42.47 TAG fighter=f-0-sk2 bbox=(308,584,392,606) mode=compact look=P1 placement=left ring=0 hardPx2=0 softPx2=0 order=3 bound=1
2026.10.06-03.42.47 TAG fighter=f-1-hero bbox=(883,323,976,345) mode=compact look=P2 placement=above ring=0 hardPx2=0 softPx2=0 order=0 bound=1
2026.10.06-03.42.47 HUD icon hidden fighter=f-0-hero
2026.10.06-03.42.47 TAG fighter=f-0-sk0 bbox=(509,496,593,518) mode=compact look=P1 placement=above ring=0 hardPx2=0 softPx2=0 order=2 bound=1
2026.10.06-03.42.47 TAG fighter=f-0-sk1 bbox=(396,458,480,480) mode=compact look=P1 placement=above ring=0 hardPx2=0 softPx2=0 order=1 bound=1
2026.10.06-03.42.47 TAG fighter=f-0-sk2 bbox=(308,584,392,606) mode=compact look=P1 placement=left ring=0 hardPx2=0 softPx2=0 order=3 bound=1
2026.10.06-03.42.47 TAG fighter=f-1-hero bbox=(883,323,976,345) mode=compact look=P2 placement=above ring=0 hardPx2=0 softPx2=0 order=0 bound=1
2026.10.06-03.42.47 MS-LAST off seq=74 fade=300
2026.10.06-03.42.49 game -> room=cmuw4tbs005wpt84mulgi3nuk code=<redacted> status=FINISHED
2026.10.06-03.42.49 CUE combat seq=76 stage=read t=81743 ms=1000 skipped=0
2026.10.06-03.42.49 CUE combat seq=76 stage=slam t=81743 a=3 d=0 outcome=win
2026.10.06-03.42.49 CUE sound id=CUE-010 point=cue subject=slam seq=76 t=81757 event_t=81757 dt=0 class=SFX sound=SW_CMB_SLAM_01 gain=0.80 result=played bank=CMB-SLAM
2026.10.06-03.42.49 CUE fx done id=CUE-010 subject=scene seq=76 t=81923 ms=1800 cut=0 hold=1000
2026.10.06-03.42.49 CUE combat seq=76 stage=pause t=82223 ms=300 skipped=0
2026.10.06-03.42.49 CUE combat seq=76 stage=lunge t=82223 attacker=f-1-hero rate=1.00
2026.10.06-03.42.49 SFX bank=CMB-LUNGE-BLADE tag=lunge class=SFX t=82223 sound=SW_CMB_LUNGE_BLADE_01 gain=0.80
2026.10.06-03.42.49 ARTPREVIEW anim fighter=f-1-hero clip=LungeAttack len=0.583 event=attack loop=0 phase=0.0000 seq=76 asset=AM_KingArthur_LungeAttack rate=1.00
2026.10.06-03.42.49 CUE combat seq=76 stage=contact t=82515 offset=292 window=900 src=notify
2026.10.06-03.42.49 CUE fx id=CUE-011 subject=f-0-hero seq=76 t=82515 vfx=missing sfx=missing clip=missing mat=FxFlash socket=Head reduced=0 result=fallback
2026.10.06-03.42.49 CUE combat seq=76 stage=hit t=82515 target=f-0-hero tint=550
2026.10.06-03.42.49 ARTPREVIEW anim fighter=f-0-hero clip=HitReact len=0.417 event=damaged loop=0 phase=0.0000 seq=76 asset=AM_Medusa_HitReact rate=1.00
2026.10.06-03.42.49 ARTPREVIEW hit-tint fighter=f-0-hero ms=550
2026.10.06-03.42.49 SFX bank=CMB-HIT-LETHAL tag=layer class=SFX t=82523 sound=SW_CMB_HIT_LETHAL_01 gain=0.80
2026.10.06-03.42.49 CUE sound id=CUE-011 point=hit subject=f-0-hero seq=76 t=82523 event_t=82523 dt=0 class=SFX sound=SW_CMB_HIT_BLADE_03 gain=0.80 result=played due=82515
2026.10.06-03.42.49 CUE combat seq=76 stage=minus t=82575 amount=3 life=900
2026.10.06-03.42.49 ARTPREVIEW damage-number fighter=f-0-hero amount=3 seq=76 cell=(3,2)
2026.10.06-03.42.49 TAG fighter=f-0-sk0 bbox=(509,496,593,518) mode=compact look=P1 placement=above ring=0 hardPx2=0 softPx2=0 order=2 bound=1
2026.10.06-03.42.49 TAG fighter=f-0-sk1 bbox=(396,458,480,480) mode=compact look=P1 placement=above ring=0 hardPx2=0 softPx2=0 order=1 bound=1
2026.10.06-03.42.49 TAG fighter=f-0-sk2 bbox=(308,584,392,606) mode=compact look=P1 placement=left ring=0 hardPx2=0 softPx2=0 order=3 bound=1
2026.10.06-03.42.49 TAG fighter=f-1-hero bbox=(883,323,976,345) mode=compact look=P2 placement=above ring=0 hardPx2=0 softPx2=0 order=0 bound=1
2026.10.06-03.42.49 DAMAGE fighter=f-0-hero bbox=(877,478,917,506) amount=3 seq=76 placement=right ring=0 hardPx2=0 softPx2=0
2026.10.06-03.42.49 CUE combat seq=76 stage=hp t=82595 from=3 to=0
2026.10.06-03.42.49 ARTPREVIEW fighter=Medusa hero=1 eligible=0 visual=1 mesh=SK_Medusa_H2LD
2026.10.06-03.42.50 HUD-HEART side=opp hero=f-0-hero hp=0/16 anim=deplete glow=1 played=1
2026.10.06-03.42.50 ARTPREVIEW anim fighter=f-1-hero clip=Idle len=2.500 event=clipFinished loop=1 phase=0.3470 seq=-1 asset=AM_KingArthur_Idle rate=1.00
2026.10.06-03.42.50 ARTPREVIEW anim fighter=f-0-hero clip=Idle len=2.333 event=clipFinished loop=1 phase=0.8071 seq=-1 asset=AM_Medusa_Idle rate=1.00
2026.10.06-03.42.50 CUE combat seq=76 stage=fall t=82965 target=f-0-hero
2026.10.06-03.42.50 ARTPREVIEW anim fighter=f-0-hero clip=DeathSettle len=0.875 event=defeated loop=0 phase=0.0000 seq=-1 asset=AM_Medusa_DeathSettle rate=1.00
2026.10.06-03.42.50 ARTPREVIEW hero-light fighter=f-0-hero state=defeated layers=2 lightsOn=0 keyCd=0.000 rimCd=0.000 mul=0.000 pulse=none
2026.10.06-03.42.50 ARTPREVIEW anim fighter=f-0-hero death hold=1.675 settle=0.875 still=0.300 dissolve=0.500 style=fade mi=MI_Medusa_H2LD_P1_Dissolve
2026.10.06-03.42.50 ARTPREVIEW hero-light board profile=sarpedon-original light=sarpedon-night on=1 reason=profile fighters=6 litFigures=5 layers=2 lightsOn=8 budget=10/14 perFigure<=2 channel=1 frozen=0
2026.10.06-03.42.50 CUE sound id=CUE-013 point=cue subject=f-0-hero seq=76 t=82990 event_t=82990 dt=0 class=SFX sound=SW_DTH_MEDUSA_01 gain=0.80 result=played bank=DTH-MEDUSA
2026.10.06-03.42.50 VO event=DEATH speaker=MEDUSA t=82990 result=played line=MEDUSA-DEATH-01 prio=1
2026.10.06-03.42.50 MUSIC state=hero_fallen theme=MUS-MAP-SARPEDON t=82990
2026.10.06-03.42.50 CUE death seq=76 stage=fall t=82990 fighter=f-0-hero hero=1 staged=1 settle=875 still=300 dissolve=500 style=fade gone=84665
2026.10.06-03.42.50 CUE fx id=CUE-013 subject=f-0-hero seq=76 t=82990 vfx=missing sfx=missing clip=missing mat=Fade socket=- reduced=0 result=fallback
2026.10.06-03.42.50 CUE fx done id=CUE-011 subject=f-0-hero seq=76 t=83415 ms=900 cut=0
2026.10.06-03.42.50 CUE combat seq=76 stage=end t=83415 total=3892 skipped=0 cut=0
2026.10.06-03.42.50 ARTPREVIEW hero-light fighter=f-1-hero state=idle layers=2 lightsOn=2 keyCd=21.443 rimCd=1.822 mul=1.000 pulse=none
2026.10.06-03.42.50 ARTPREVIEW combat marker fighter=King Arthur attacker=0 target=0 icon=0 targetMesh=SM_Marker_TargetRing iconMode=screen targetArcScaleXY=0.920
2026.10.06-03.42.50 TAG fighter=f-0-sk0 bbox=(509,496,593,518) mode=compact look=P1 placement=above ring=0 hardPx2=0 softPx2=0 order=2 bound=1
2026.10.06-03.42.50 TAG fighter=f-0-sk1 bbox=(396,458,480,480) mode=compact look=P1 placement=above ring=0 hardPx2=0 softPx2=0 order=1 bound=1
2026.10.06-03.42.50 TAG fighter=f-0-sk2 bbox=(308,584,392,606) mode=compact look=P1 placement=left ring=0 hardPx2=0 softPx2=0 order=3 bound=1
2026.10.06-03.42.50 TAG fighter=f-1-hero bbox=(883,323,976,345) mode=compact look=P2 placement=above ring=0 hardPx2=0 softPx2=0 order=0 bound=1
2026.10.06-03.42.50 TAG fighter=f-0-sk0 bbox=(509,496,593,518) mode=compact look=P1 placement=above ring=0 hardPx2=0 softPx2=0 order=2 bound=1
2026.10.06-03.42.50 TAG fighter=f-0-sk1 bbox=(396,458,480,480) mode=compact look=P1 placement=above ring=0 hardPx2=0 softPx2=0 order=1 bound=1
2026.10.06-03.42.50 TAG fighter=f-0-sk2 bbox=(308,584,392,606) mode=compact look=P1 placement=left ring=0 hardPx2=0 softPx2=0 order=3 bound=1
2026.10.06-03.42.50 TAG fighter=f-1-hero bbox=(883,323,976,345) mode=compact look=P2 placement=above ring=0 hardPx2=0 softPx2=0 order=0 bound=1
2026.10.06-03.42.51 HUD-HEART side=opp hero=f-0-hero anim=fallen glyph=cross played=1
2026.10.06-03.42.51 CUE death seq=76 stage=mark t=83640 fighter=f-0-hero heart=crossed
2026.10.06-03.42.51 CUE fx done id=CUE-013 subject=f-0-hero seq=76 t=83940 ms=950 cut=0
2026.10.06-03.42.51 SFX bank=DTH-DISSOLVE tag=dissolve class=SFX t=84190 sound=SW_DTH_DISSOLVE_01 gain=0.80
2026.10.06-03.42.51 CUE death seq=76 stage=dissolve t=84165 fighter=f-0-hero ms=500 style=fade
2026.10.06-03.42.51 ARTPREVIEW anim fighter=f-0-hero death dissolve ms=500 style=fade mi=MI_Medusa_H2LD_P1_Dissolve
2026.10.06-03.42.52 CUE death seq=76 stage=gone t=84665 fighter=f-0-hero
2026.10.06-03.42.52 ARTPREVIEW anim fighter=f-0-hero death hidden=1 afterFall=1.700 plan=1.675
2026.10.06-03.42.53 RESULT screen seq=76 t=85690 due=85665 gameOver=80157 heroGone=84665 wait=5533
2026.10.06-03.42.53 MUSIC state=result theme=MUS-MAP-SARPEDON t=85690 sting=STG-WIN-ARTHUR
2026.10.06-03.42.53 CUE sound id=CUE-016 point=result subject=- seq=76 t=85690 event_t=85690 dt=0 class=Music sound=SW_STG_WIN_ARTHUR gain=0.60 result=played bank=STG-WIN-ARTHUR
2026.10.06-03.42.53 RESULT summary outcome=VICTORY winnerHero=King_Arthur loserHero=Medusa reason=hp0 turn=14 duration=67 left=viewer silhouette=1
2026.10.06-03.42.53 RESULT view mode=results t=85690 intro=500 fade=0 why=open
2026.10.06-03.42.55 S09AUTO result-screen shot
2026.10.06-03.42.55 SHOT ctx viewport=1920x1080 viewTarget=CameraActor_2147482025 cam=(0,1342,1917) rot=(-55,-90,0)
2026.10.06-03.42.55 RENDER tag=SHOT rhi=D3D12 featureLevel=SM6 shaderPlatform=PCD3D_SM6 lumenPlatform=1 gi=lumen giMethod=1 refl=lumen reflMethod=1 shadows=csm vsmEnable=0 sg.res=100 sg.view=2 sg.aa=2 sg.shadow=2 sg.gi=2 sg.refl=2 sg.pp=2 sg.tex=2 sg.fx=2 sg.foliage=2 sg.shading=2 sg.landscape=2 preset=High screenPct=100.0 screenPctMode=0 aa=TSR aaMethod=4 exposure=fixed-histogram expMin=4.14106 expMax=4.14106 expBias=0.000 ev100=2.05 lightUnits=candelas sky=1 skyIntensity=3.000 keyShadow=csm-3600uu-2c-contact0.000 shadowCasters=1 profile=sarpedon-night profilesSha256=0a3417258f46ad3d99620bcbabd1b37615192b7a59f090c77515189845b33bb7 profilesSource=pak legacyRender=0 gameLayer=unlit-eyeadaptinv tMaxFPS=30.0 vsync=0 frameRateLimit=60.0 substrate=0 nanite=1 meshDF=1 viewport=1920x1080 reference=1
2026.10.06-03.42.55 SHOT fighter f-0-hero pos=(3,2) world=(-89,-22,0) screen=(845,517) projected=1 alive=0
2026.10.06-03.42.55 SHOT fighter f-0-sk0 pos=(1,3) world=(-309,33,0) screen=(555,576) projected=1 alive=1
2026.10.06-03.42.55 SHOT fighter f-0-sk1 pos=(0,2) world=(-398,-3,0) screen=(442,537) projected=1 alive=1
2026.10.06-03.42.55 SHOT fighter f-0-sk2 pos=(0,3) world=(-394,92,0) screen=(435,640) projected=1 alive=1
2026.10.06-03.42.55 SHOT fighter f-1-hero pos=(4,1) world=(-23,-113,0) screen=(931,422) projected=1 alive=1
2026.10.06-03.42.55 SHOT fighter f-1-sk0 pos=(6,3) world=(159,52,0) screen=(1169,596) projected=1 alive=0
2026.10.06-03.42.55 SHOT camera dist=2340.2 target=2340.2 overview=2340.2 errPct=0.000 focusErr=0.00 settled=1 zoom=1.00
2026.10.06-03.42.55 SHOT head fighter=f-0-hero socket=Head mesh=SK_Medusa_H2LD world=(-91.2,-9.0,33.5) screen=(840.2,505.1) top=(840.0,500.5) bottom=(840.5,509.7) headPx=9.2 projected=1
2026.10.06-03.42.55 SHOT head fighter=f-0-sk0 socket=Head mesh=SK_Harpy_H3LD world=(-308.6,28.1,34.0) screen=(550.8,544.7) top=(549.9,540.2) bottom=(551.7,549.3) headPx=9.3 projected=1
2026.10.06-03.42.55 SHOT head fighter=f-0-sk1 socket=Head mesh=SK_Harpy_H3LD world=(-398.3,2.8,34.0) screen=(435.3,517.3) top=(434.1,512.7) bottom=(436.4,521.9) headPx=9.4 projected=1
2026.10.06-03.42.55 SHOT head fighter=f-0-sk2 socket=Head mesh=SK_Harpy_H3LD world=(-394.0,87.1,34.3) screen=(429.7,609.5) top=(428.5,605.0) bottom=(430.8,614.0) headPx=9.3 projected=1
2026.10.06-03.42.55 SHOT head fighter=f-1-hero socket=Head mesh=SK_KingArthur_H2LD world=(-23.8,-112.7,50.1) screen=(929.4,384.1) top=(929.3,379.3) bottom=(929.4,388.8) headPx=9.5 projected=1
2026.10.06-03.42.55 SHOT head fighter=f-1-sk0 socket=Head mesh=SK_Merlin_H2LD world=(158.7,42.8,27.4) screen=(1170.8,565.7) top=(1171.2,561.2) bottom=(1170.3,570.2) headPx=9.1 projected=1
2026.10.06-03.42.55 SHOT figure fighter=f-0-sk0 bbox=(516,520,586,600) ringR=22.23 art=1 blockout=0 team=P1 look=P1 ring=1
2026.10.06-03.42.55 SHOT figure fighter=f-0-sk1 bbox=(402,482,474,561) ringR=22.23 art=1 blockout=0 team=P1 look=P1 ring=1
2026.10.06-03.42.55 SHOT figure fighter=f-0-sk2 bbox=(394,584,467,665) ringR=22.23 art=1 blockout=0 team=P1 look=P1 ring=1
2026.10.06-03.42.55 SHOT figure fighter=f-1-hero bbox=(893,347,967,451) ringR=28.50 art=1 blockout=0 team=P2 look=P2 ring=1
2026.10.06-03.42.55 SHOT request file=s09-result-screen.png frame=2485
2026.10.06-03.42.55 SHOT requested: FScreenshotRequest(bShowUI) -> C:\Users\ren\AppData\Local\Temp\s09-combat-20261006-084119-39652\joiner/s09-result-screen.png
2026.10.06-03.42.55 SHOT captured file=s09-result-screen.png frame=2485 px=1920x1080 sha256=e573d30de972f8292abcb9bd3a93cd670e95196af927116e90b19ffe02be7763 order=BGRA saved=1
2026.10.06-03.42.55 SHOT late begin file=s09-result-screen.png frame=2485 requestFrame=2485
2026.10.06-03.42.55 SHOT iconstate visible=0 lastFighter=none frame=2485
2026.10.06-03.42.55 SHOT panel id=hud.command bbox=(0,0,0,0) geom=unpainted visible=0 frame=2485
2026.10.06-03.42.55 SHOT panel id=hud.side bbox=(0,0,0,0) geom=unpainted visible=0 frame=2485
2026.10.06-03.42.55 SHOT panel id=hud.hand bbox=(0,0,0,0) geom=unpainted visible=0 frame=2485
2026.10.06-03.42.55 SHOT late end file=s09-result-screen.png frame=2485
2026.10.06-03.42.55 RESULT view mode=board t=88030 intro=0 fade=250 why=auto
2026.10.06-03.42.56 S09AUTO run-f shot s09-result-board.png
2026.10.06-03.42.56 SHOT ctx viewport=1920x1080 viewTarget=CameraActor_2147482025 cam=(0,1342,1917) rot=(-55,-90,0)
2026.10.06-03.42.56 RENDER tag=SHOT rhi=D3D12 featureLevel=SM6 shaderPlatform=PCD3D_SM6 lumenPlatform=1 gi=lumen giMethod=1 refl=lumen reflMethod=1 shadows=csm vsmEnable=0 sg.res=100 sg.view=2 sg.aa=2 sg.shadow=2 sg.gi=2 sg.refl=2 sg.pp=2 sg.tex=2 sg.fx=2 sg.foliage=2 sg.shading=2 sg.landscape=2 preset=High screenPct=100.0 screenPctMode=0 aa=TSR aaMethod=4 exposure=fixed-histogram expMin=4.14106 expMax=4.14106 expBias=0.000 ev100=2.05 lightUnits=candelas sky=1 skyIntensity=3.000 keyShadow=csm-3600uu-2c-contact0.000 shadowCasters=1 profile=sarpedon-night profilesSha256=0a3417258f46ad3d99620bcbabd1b37615192b7a59f090c77515189845b33bb7 profilesSource=pak legacyRender=0 gameLayer=unlit-eyeadaptinv tMaxFPS=30.0 vsync=0 frameRateLimit=60.0 substrate=0 nanite=1 meshDF=1 viewport=1920x1080 reference=1
2026.10.06-03.42.56 SHOT fighter f-0-hero pos=(3,2) world=(-89,-22,0) screen=(845,517) projected=1 alive=0
2026.10.06-03.42.56 SHOT fighter f-0-sk0 pos=(1,3) world=(-309,33,0) screen=(555,576) projected=1 alive=1
2026.10.06-03.42.56 SHOT fighter f-0-sk1 pos=(0,2) world=(-398,-3,0) screen=(442,537) projected=1 alive=1
2026.10.06-03.42.56 SHOT fighter f-0-sk2 pos=(0,3) world=(-394,92,0) screen=(435,640) projected=1 alive=1
2026.10.06-03.42.56 SHOT fighter f-1-hero pos=(4,1) world=(-23,-113,0) screen=(931,422) projected=1 alive=1
2026.10.06-03.42.56 SHOT fighter f-1-sk0 pos=(6,3) world=(159,52,0) screen=(1169,596) projected=1 alive=0
2026.10.06-03.42.56 SHOT camera dist=2340.2 target=2340.2 overview=2340.2 errPct=0.000 focusErr=0.00 settled=1 zoom=1.00
2026.10.06-03.42.56 SHOT head fighter=f-0-hero socket=Head mesh=SK_Medusa_H2LD world=(-91.2,-9.0,33.5) screen=(840.2,505.1) top=(840.0,500.5) bottom=(840.5,509.7) headPx=9.2 projected=1
2026.10.06-03.42.56 SHOT head fighter=f-0-sk0 socket=Head mesh=SK_Harpy_H3LD world=(-308.4,28.2,34.2) screen=(551.1,544.7) top=(550.2,540.1) bottom=(552.0,549.2) headPx=9.3 projected=1
2026.10.06-03.42.56 SHOT head fighter=f-0-sk1 socket=Head mesh=SK_Harpy_H3LD world=(-398.9,2.6,34.0) screen=(434.4,517.2) top=(433.3,512.6) bottom=(435.5,521.7) headPx=9.4 projected=1
2026.10.06-03.42.56 SHOT head fighter=f-0-sk2 socket=Head mesh=SK_Harpy_H3LD world=(-394.4,86.6,34.0) screen=(429.3,609.2) top=(428.2,604.7) bottom=(430.5,613.7) headPx=9.3 projected=1
2026.10.06-03.42.56 SHOT head fighter=f-1-hero socket=Head mesh=SK_KingArthur_H2LD world=(-22.7,-113.2,50.0) screen=(930.7,383.6) top=(930.7,378.8) bottom=(930.8,388.3) headPx=9.5 projected=1
2026.10.06-03.42.56 SHOT head fighter=f-1-sk0 socket=Head mesh=SK_Merlin_H2LD world=(158.7,42.8,27.4) screen=(1170.8,565.7) top=(1171.2,561.2) bottom=(1170.3,570.2) headPx=9.1 projected=1
2026.10.06-03.42.56 SHOT figure fighter=f-0-sk0 bbox=(516,520,586,600) ringR=22.23 art=1 blockout=0 team=P1 look=P1 ring=1
2026.10.06-03.42.56 SHOT figure fighter=f-0-sk1 bbox=(402,482,474,561) ringR=22.23 art=1 blockout=0 team=P1 look=P1 ring=1
2026.10.06-03.42.56 SHOT figure fighter=f-0-sk2 bbox=(394,584,467,665) ringR=22.23 art=1 blockout=0 team=P1 look=P1 ring=1
2026.10.06-03.42.56 SHOT figure fighter=f-1-hero bbox=(893,347,967,451) ringR=28.50 art=1 blockout=0 team=P2 look=P2 ring=1
2026.10.06-03.42.56 SHOT request file=s09-result-board.png frame=2517
2026.10.06-03.42.56 SHOT requested: FScreenshotRequest(bShowUI) -> C:\Users\ren\AppData\Local\Temp\s09-combat-20261006-084119-39652\joiner/s09-result-board.png
2026.10.06-03.42.56 SHOT captured file=s09-result-board.png frame=2517 px=1920x1080 sha256=ac86a1cd61d6056d86cc8668f63e64b33300e00f6002a16f5284ae03ca1102e6 order=BGRA saved=1
2026.10.06-03.42.56 SHOT late begin file=s09-result-board.png frame=2517 requestFrame=2517
2026.10.06-03.42.56 SHOT iconstate visible=0 lastFighter=none frame=2517
2026.10.06-03.42.56 SHOT panel id=hud.command bbox=(0,0,0,0) geom=unpainted visible=0 frame=2517
2026.10.06-03.42.56 SHOT panel id=hud.side bbox=(0,0,0,0) geom=unpainted visible=0 frame=2517
2026.10.06-03.42.56 SHOT panel id=hud.hand bbox=(0,0,0,0) geom=unpainted visible=0 frame=2517
2026.10.06-03.42.56 SHOT late end file=s09-result-board.png frame=2517
2026.10.06-03.42.56 RESULT lobby-return sent (leaveGame)
2026.10.06-03.42.56 TOAST text="returning to the lobby"
2026.10.06-03.42.56 VO event=VICTORY speaker=ARTHUR t=89598 result=played line=ARTHUR-VICTORY-01 prio=1
2026.10.06-03.42.56 VO subtitle line=ARTHUR-VICTORY-01 until=91489
2026.10.06-03.42.56 LEFT room=cmuw4tbs005wpt84mulgi3nuk
2026.10.06-03.42.56 AUDIO-REC stop why=leave ok=1 t=89598 seconds=74.3 channels=2 rate=48000 master=1.00 file=C:/tmp/au-live/aus6c-sarpedon/joiner.wav
2026.10.06-03.42.57 MUSIC state=menu theme=MUS-MENU t=89598
2026.10.06-03.42.57 GAMEPLAY HUD cleared (left Started)
2026.10.06-03.42.57 STREAM torn down (left match)
2026.10.06-03.42.57 MUSIC theme=MUS-MENU t=89651 l1=ok l2=ok
2026.10.06-03.43.00 S09AUTO lobby-return shot
2026.10.06-03.43.00 SHOT ctx viewport=1920x1080 viewTarget=CameraActor_2147482025 cam=(0,1342,1917) rot=(-55,-90,0)
2026.10.06-03.43.00 RENDER tag=SHOT rhi=D3D12 featureLevel=SM6 shaderPlatform=PCD3D_SM6 lumenPlatform=1 gi=lumen giMethod=1 refl=lumen reflMethod=1 shadows=csm vsmEnable=0 sg.res=100 sg.view=2 sg.aa=2 sg.shadow=2 sg.gi=2 sg.refl=2 sg.pp=2 sg.tex=2 sg.fx=2 sg.foliage=2 sg.shading=2 sg.landscape=2 preset=High screenPct=100.0 screenPctMode=0 aa=TSR aaMethod=4 exposure=engine-default expMin=1.00000 expMax=1.00000 expBias=1.000 ev100=0.00 lightUnits=- sky=0 skyIntensity=0.000 keyShadow=- shadowCasters=0 profile=- profilesSha256=- profilesSource=- legacyRender=0 gameLayer=unlit-eyeadaptinv tMaxFPS=30.0 vsync=0 frameRateLimit=60.0 substrate=0 nanite=1 meshDF=1 viewport=1920x1080 reference=0 notReference=noArtProfile,exposure,lightUnits,profilesSource
2026.10.06-03.43.00 SHOT request file=s09-lobby-return.png frame=2638
2026.10.06-03.43.00 SHOT requested: FScreenshotRequest(bShowUI) -> C:\Users\ren\AppData\Local\Temp\s09-combat-20261006-084119-39652\joiner/s09-lobby-return.png
2026.10.06-03.43.00 SHOT captured file=s09-lobby-return.png frame=2638 px=1920x1080 sha256=1dcff9f49426d2acf8532616815eeec0eee75f885765fbe850bdd6d75c2a56e6 order=BGRA saved=1
2026.10.06-03.43.00 SHOT late begin file=s09-lobby-return.png frame=2638 requestFrame=2638
2026.10.06-03.43.00 SHOT late end file=s09-lobby-return.png frame=2638
2026.10.06-03.43.00 S09AUTO duel flow complete (GAME_OVER -> result shown -> lobby return) - exiting
2026.10.06-03.43.00 --- S08 trace close ---
