2026.10.01-12.56.56 --- S08 trace open 2026.10.01-12.56.56 ---
2026.10.01-12.56.56 HUD team chips ready=1 mode=absolute tagNames=rule
2026.10.01-12.56.56 HUD icon texture size=32 ready=1 path=/Game/ArtTests/ARTMarkers/Textures/T_UI_Action_AttackToken_32 texture=32x32 probe=0 plate=1
2026.10.01-12.56.56 HUD art widget tag impl=umg source=/Game/S08/UI/ArtHud/WBP_S08ArtTag class=/Game/S08/UI/ArtHud/WBP_S08ArtTag.WBP_S08ArtTag_C count=8 missing=- codeDefaultTree=0
2026.10.01-12.56.56 HUD art widget plate impl=umg source=/Game/S08/UI/ArtHud/WBP_S08ArtPlate class=/Game/S08/UI/ArtHud/WBP_S08ArtPlate.WBP_S08ArtPlate_C parts=1 missing=- codeDefaultTree=0
2026.10.01-12.56.56 HUD art widget icon impl=umg source=/Game/S08/UI/ArtHud/WBP_S08ArtIcon class=/Game/S08/UI/ArtHud/WBP_S08ArtIcon.WBP_S08ArtIcon_C parts=1 missing=- codeDefaultTree=0
2026.10.01-12.56.56 HUD art widget damage impl=umg source=/Game/S08/UI/ArtHud/WBP_S08ArtDamage class=/Game/S08/UI/ArtHud/WBP_S08ArtDamage.WBP_S08ArtDamage_C parts=1 missing=- codeDefaultTree=0
2026.10.01-12.56.56 RENDER preset applied=High flag=S08RenderPreset
2026.10.01-12.56.56 S09AUTO config flow=1 boost=0 shotDir=C:\Users\ren\AppData\Local\Temp\s09-combat-20261001-175646-29856\joiner
2026.10.01-12.56.57 LOGIN ok user=s09-gd034-joiner
2026.10.01-12.56.59 HEROES loaded 84
2026.10.01-12.56.59 CODE resolved -> cmupjgel1008bwi7ka3fcxt4t
2026.10.01-12.57.00 joinGame -> room=cmupjgel1008bwi7ka3fcxt4t code=<redacted> status=LOBBY
2026.10.01-12.57.01 PERF config tMaxFPS=30.0 frameRateLimit=60.0 vsync=0 smoothFrameRate=0 fixedFrameRate=0 rhi=D3D12
2026.10.01-12.57.01 RENDER tag=PERF rhi=D3D12 featureLevel=SM6 shaderPlatform=PCD3D_SM6 lumenPlatform=1 gi=lumen giMethod=1 refl=lumen reflMethod=1 shadows=csm vsmEnable=0 sg.res=100 sg.view=2 sg.aa=2 sg.shadow=2 sg.gi=2 sg.refl=2 sg.pp=2 sg.tex=2 sg.fx=2 sg.foliage=2 sg.shading=2 sg.landscape=2 preset=High screenPct=100.0 screenPctMode=0 aa=TSR aaMethod=4 exposure=engine-default expMin=1.00000 expMax=1.00000 expBias=1.000 ev100=0.00 lightUnits=- sky=0 skyIntensity=0.000 keyShadow=- shadowCasters=0 profile=- profilesSha256=- profilesSource=- legacyRender=0 gameLayer=unlit-eyeadaptinv tMaxFPS=30.0 vsync=0 frameRateLimit=60.0 substrate=0 nanite=1 meshDF=1 viewport=1920x1080 reference=0 notReference=noArtProfile,exposure,lightUnits,profilesSource
2026.10.01-12.57.01 PERF window t=0.0-5.1 frames=135 fps=26.69 frameMs avg=37.46 p50=33.33 p95=52.43 p99=69.27 max=132.98 hitches50=13 gpuMs avg=0.00 p50=0.00 p95=0.00 gameMs avg=2.42 p95=4.36 renderMs avg=3202.50 p95=55.42
2026.10.01-12.57.02 game -> room=cmupjgel1008bwi7ka3fcxt4t code=<redacted> status=LOBBY
2026.10.01-12.57.03 selectHero -> room=cmupjgel1008bwi7ka3fcxt4t code=<redacted> status=LOBBY
2026.10.01-12.57.06 game -> room=cmupjgel1008bwi7ka3fcxt4t code=<redacted> status=LOBBY
2026.10.01-12.57.06 toggleReady -> room=cmupjgel1008bwi7ka3fcxt4t code=<redacted> status=LOBBY
2026.10.01-12.57.07 PERF window t=5.1-10.1 frames=87 fps=17.19 frameMs avg=58.17 p50=49.65 p95=102.49 p99=115.86 max=115.86 hitches50=42 gpuMs avg=0.00 p50=0.00 p95=0.00 gameMs avg=2.58 p95=4.30 renderMs avg=57.84 p95=92.77
2026.10.01-12.57.09 game -> room=cmupjgel1008bwi7ka3fcxt4t code=<redacted> status=LOBBY
2026.10.01-12.57.12 PERF window t=10.1-15.1 frames=86 fps=17.19 frameMs avg=58.18 p50=57.05 p95=79.03 p99=88.96 max=88.96 hitches50=63 gpuMs avg=0.00 p50=0.00 p95=0.00 gameMs avg=2.04 p95=2.76 renderMs avg=58.47 p95=79.13
2026.10.01-12.57.12 game -> room=cmupjgel1008bwi7ka3fcxt4t code=<redacted> status=IN_PROGRESS
2026.10.01-12.57.12 S09AUTO drive mode=0 plan=[attack+ranged+defend+resolve] phase= turn=
2026.10.01-12.57.12 SNAPSHOT applied seq=1 phase=ACTION_MANEUVER
2026.10.01-12.57.12 HANDLE_APPLIED #1 seq=1 decision=2 fightersValid=1 boardValid=1
2026.10.01-12.57.12 MODE seq=1 mode=0 combat=0 pending=0
2026.10.01-12.57.12 HUD seq=1 phase=ACTION_MANEUVER turn=opp hand=5 oppHand=5(hidden) oppDeck=25 deck=25 discard=0
2026.10.01-12.57.12 ARTPREVIEW diorama requested mesh=/Game/PipelineCandidates/TableBase/20260928-table-base-tripo-h31/Meshes/SM_TableBase.SM_TableBase mi=MI_TableBase_Candidate
2026.10.01-12.57.12 ARTPREVIEW envlayout enabled dir=Config/ArtBoards/EnvLayouts source=pak files=2 names=marmoreal.layout.json+sarpedon.layout.json overlays=marmoreal.user.layout.json+sarpedon.user.layout.json
2026.10.01-12.57.12 ARTPREVIEW board profiles loaded=1 revision=14 boards=5 zoneStyles=11 lightProfiles=5 errors=0 path=Config/ArtBoards/S08ArtBoardProfiles.json
2026.10.01-12.57.12 ARTPREVIEW board profiles source=pak sha256=f7e257eea8ecb88e5f81d37f3be97da6862e500247ad3c0b07c5a1aaf28d1802
2026.10.01-12.57.12 ARTPREVIEW zone content instances=12/12 glyphMeshes=11/11
2026.10.01-12.57.12 ARTPREVIEW zone keyline content mi=MI_ART005_Zone_Keyline glyphKeyMeshes=11/11 color=#111317
2026.10.01-12.57.12 ARTPREVIEW game layer material=M_S08_GameLayerUnlit unlitEyeAdaptInv=1 legacyRender=0
2026.10.01-12.57.12 ARTPREVIEW Cobble assets ready
2026.10.01-12.57.12 ARTPREVIEW board assets ready cobbleMesh=1 tiles=1 zoneMaterials=2
2026.10.01-12.57.12 ARTPREVIEW medusa candidate variant=face-neck-v2 mesh=SK_Medusa_FaceNeck_v2Candidate requested=(default)
2026.10.01-12.57.12 ARTPREVIEW map-image assets map=Sarpedon mi=MI_Sarpedon_MapBoard material=M_MapBoard bc=T_Sarpedon_Map_BC_4K mask=T_Sarpedon_Map_GameMask_4K boundBc=1 boundMask=1 sdf=-1 id=-1
2026.10.01-12.57.12 ARTPREVIEW board profile=sarpedon-original match=boardId board=9x6 boardId=c7fa64a26c29a0835f2383e63 surface=map-image light=sarpedon-night artFixture=0 map=Sarpedon
2026.10.01-12.57.12 ARTPREVIEW light profile=sarpedon-night name=key role=key kind=directional at=(-350,-150,600) intensity=3.5 units=lux radius=0 color=(0.60,0.71,0.97) shadow=1
2026.10.01-12.57.12 ARTPREVIEW light profile=sarpedon-night name=moon-pool role=cool kind=point at=(0,0,750) intensity=260 units=candelas radius=1250 color=(0.82,0.88,1.00) shadow=0
2026.10.01-12.57.12 ARTPREVIEW sky profile=sarpedon-night cubemap=/Game/S08/Render/TC_S08_AmbientDome loaded=1 spawned=1 intensity=3 color=(0.58,0.70,1.00) lowerBlack=0
2026.10.01-12.57.12 ARTPREVIEW fog profile=sarpedon-night spawned=1 color=(0.2000,0.2550,0.4600) density=0.32 falloff=0.2 heightZ=-400 start=2900 end=6000 maxOpacity=1.00 volumetric=0
2026.10.01-12.57.12 ARTPREVIEW exposure profile=sarpedon-night method=histogram-fixed min=4.14106 max=4.14106 bias=0.000 ev100=2.05 volume=1
2026.10.01-12.57.12 ARTPREVIEW lights applied profile=sarpedon-night directional=1 shadow=1 points=1 pointShadows=0 budgetOk=1
2026.10.01-12.57.12 ARTPREVIEW render profile=sarpedon-night units=candelas sky=1 exposure=1 keyShadow=csm-3600uu-2c-contact0.000 shadowCasters=1 legacyRender=0
2026.10.01-12.57.12 ARTPREVIEW map grade profile=sarpedon-night source=profile nightEV=-0.35 nightSaturation=0.75 lift=1.70 nightTint=(0.9700,1.0000,1.0500) maskSaturation=1.07 liftSaturation=1.10 maskInverseTint=(1.0500,0.9960,0.8910) graph=v2 maskTerms=1
2026.10.01-12.57.12 ARTPREVIEW map frame wood=frame-wood material=M_MapFrameWood valueScaleSrgb=0.70 valueScaleLinear=0.4563 saturation=0.75
2026.10.01-12.57.12 ARTPREVIEW map frame kit=frame-002 parts=20 corner=4 a=4 b=8 mid=4 segments=5x3 stretch=1.000000x1.000000 exactFit=1 woodSlots=20/20 ironSlots=8 wood=MID_M_MapFrameWood_2147482340 iron=MI_MapFrame002_Iron ironProudUU=2.0 replaces=bars+corners
2026.10.01-12.57.12 ARTPREVIEW board active profile=sarpedon-original 9x6 surface=map-image map=Sarpedon spaces=38 links=61 starts=4 zoneKeys=6 multizone=4 triple=2 obstacles=16 size=891.3x577.3 src=1337x866 uuPerPx=0.6666667 frameUU=24 surfaceParts=0 corners=0 zoneMarks=0 lattice=0 pick=445.7x288.7 mi=MI_Sarpedon_MapBoard wood=1 expectOk=1
2026.10.01-12.57.12 ARTPREVIEW board map zone key=blue spaces=6 (painted, no zone marks)
2026.10.01-12.57.12 ARTPREVIEW board map zone key=brown spaces=5 (painted, no zone marks)
2026.10.01-12.57.12 ARTPREVIEW board map zone key=green spaces=8 (painted, no zone marks)
2026.10.01-12.57.12 ARTPREVIEW board map zone key=purple spaces=11 (painted, no zone marks)
2026.10.01-12.57.12 ARTPREVIEW board map zone key=red spaces=6 (painted, no zone marks)
2026.10.01-12.57.12 ARTPREVIEW board map zone key=yellow spaces=8 (painted, no zone marks)
2026.10.01-12.57.12 ARTPREVIEW envlayout variant=none map=sarpedon
2026.10.01-12.57.12 ARTPREVIEW envlayout prop id=fort-nw mesh=SM_Env_FortRuin loc=(-575.0,-418.0,-3.0) yaw=82.0 scale=1.000 shadow=1 size=169.4x73.3x110.0 bounds=(-659.7,-454.7,-3.0)..(-490.3,-381.3,107.0) overMap=0 onTray=1
2026.10.01-12.57.12 ARTPREVIEW envlayout prop id=campfire-nw mesh=SM_Env_Campfire loc=(-548.0,-352.0,-3.0) yaw=90.0 scale=1.200 shadow=1 size=47.8x48.0x20.2 bounds=(-571.9,-376.0,-3.0)..(-524.1,-328.0,17.2) overMap=0 onTray=1
2026.10.01-12.57.12 ARTPREVIEW envlayout prop id=palisade-n1 mesh=SM_Env_Palisade loc=(-440.0,-392.0,-3.0) yaw=90.0 scale=1.100 shadow=1 size=79.8x16.1x77.0 bounds=(-479.9,-400.0,-3.0)..(-400.1,-384.0,74.0) overMap=0 onTray=1
2026.10.01-12.57.12 ARTPREVIEW envlayout prop id=palisade-n2 mesh=SM_Env_Palisade loc=(-361.0,-390.0,-3.0) yaw=94.0 scale=1.100 shadow=1 size=80.7x21.6x77.0 bounds=(-401.4,-400.8,-3.0)..(-320.6,-379.2,74.0) overMap=0 onTray=1
2026.10.01-12.57.12 ARTPREVIEW envlayout prop id=palisade-w1 mesh=SM_Env_Palisade loc=(-556.7,-72.7,-3.0) yaw=15.0 scale=1.100 shadow=1 size=36.2x81.3x77.0 bounds=(-574.8,-113.3,-3.0)..(-538.6,-32.1,74.0) overMap=0 onTray=1
2026.10.01-12.57.12 ARTPREVIEW envlayout prop id=palisade-w2 mesh=SM_Env_Palisade loc=(-536.0,-150.0,-3.0) yaw=15.0 scale=1.100 shadow=1 size=36.2x81.3x77.0 bounds=(-554.1,-190.6,-3.0)..(-517.9,-109.4,74.0) overMap=0 onTray=1
2026.10.01-12.57.12 ARTPREVIEW envlayout prop id=palisade-w3 mesh=SM_Env_Palisade loc=(-540.0,205.0,-3.0) yaw=20.0 scale=1.100 shadow=1 size=42.4x80.5x77.0 bounds=(-561.2,164.7,-3.0)..(-518.8,245.3,74.0) overMap=0 onTray=1
2026.10.01-12.57.12 ARTPREVIEW envlayout prop id=campfire-w mesh=SM_Env_Campfire loc=(-560.0,85.0,-3.0) yaw=90.0 scale=1.000 shadow=1 size=39.8x40.0x16.8 bounds=(-579.9,65.0,-3.0)..(-540.1,105.0,13.8) overMap=0 onTray=1
2026.10.01-12.57.12 ARTPREVIEW envlayout prop id=hull-e1 mesh=SM_Env_Hull loc=(590.0,-125.0,-3.0) yaw=178.0 scale=0.850 shadow=1 size=63.5x256.8x217.9 bounds=(558.3,-253.4,-3.0)..(621.7,3.4,214.9) overMap=0 onTray=1
2026.10.01-12.57.12 ARTPREVIEW envlayout prop id=hull-e2 mesh=SM_Env_Hull loc=(575.0,128.0,-3.0) yaw=185.0 scale=0.850 shadow=1 size=76.6x258.8x217.9 bounds=(536.7,-1.4,-3.0)..(613.3,257.4,214.9) overMap=0 onTray=1
2026.10.01-12.57.12 ARTPREVIEW envlayout prop id=cannon-e1 mesh=SM_Env_Cannon loc=(513.0,-215.0,-3.0) yaw=178.0 scale=1.400 shadow=1 size=64.5x46.4x37.6 bounds=(480.7,-238.2,-3.0)..(545.3,-191.8,34.6) overMap=0 onTray=1
2026.10.01-12.57.12 ARTPREVIEW envlayout prop id=cannon-e2 mesh=SM_Env_Cannon loc=(513.0,-75.0,-3.0) yaw=178.0 scale=1.400 shadow=1 size=64.5x46.4x37.6 bounds=(480.7,-98.2,-3.0)..(545.3,-51.8,34.6) overMap=0 onTray=1
2026.10.01-12.57.12 ARTPREVIEW envlayout prop id=cannon-e3 mesh=SM_Env_Cannon loc=(508.0,60.0,-3.0) yaw=185.0 scale=1.400 shadow=1 size=66.6x49.6x37.6 bounds=(474.7,35.2,-3.0)..(541.3,84.8,34.6) overMap=0 onTray=1
2026.10.01-12.57.12 ARTPREVIEW envlayout prop id=cannon-e4 mesh=SM_Env_Cannon loc=(508.0,195.0,-3.0) yaw=185.0 scale=1.400 shadow=1 size=66.6x49.6x37.6 bounds=(474.7,170.2,-3.0)..(541.3,219.8,34.6) overMap=0 onTray=1
2026.10.01-12.57.12 ARTPREVIEW envlayout prop id=rope-ne mesh=SM_Env_Rope loc=(425.0,-385.0,-3.0) yaw=90.0 scale=1.800 shadow=1 size=39.6x38.4x18.8 bounds=(405.2,-404.2,-3.0)..(444.8,-365.8,15.8) overMap=0 onTray=1
2026.10.01-12.57.12 ARTPREVIEW envlayout prop id=rope-se mesh=SM_Env_Rope loc=(575.0,320.0,-3.0) yaw=90.0 scale=1.800 shadow=1 size=39.6x38.4x18.8 bounds=(555.2,300.8,-3.0)..(594.8,339.2,15.8) overMap=0 onTray=1
2026.10.01-12.57.12 ARTPREVIEW envlayout prop id=lantern-deck mesh=SM_Env_LanternPost loc=(575.0,-300.0,-3.0) yaw=180.0 scale=1.000 shadow=1 size=25.1x56.7x95.0 bounds=(562.5,-328.4,-3.0)..(587.5,-271.6,92.0) overMap=0 onTray=1
2026.10.01-12.57.12 ARTPREVIEW envlayout prop id=banner-fort mesh=SM_Env_Banner loc=(-450.0,-445.0,-3.0) yaw=90.0 scale=1.000 shadow=1 size=57.1x19.5x120.0 bounds=(-478.5,-454.7,-3.0)..(-421.5,-435.3,117.0) overMap=0 onTray=1
2026.10.01-12.57.12 ARTPREVIEW envlayout prop id=banner-bow mesh=SM_Env_Banner loc=(640.0,-285.0,-3.0) yaw=150.0 scale=1.000 shadow=1 size=45.4x59.2x120.0 bounds=(617.3,-314.6,-3.0)..(662.7,-255.4,117.0) overMap=0 onTray=1
2026.10.01-12.57.12 ARTPREVIEW envlayout prop id=rock-nw mesh=SM_Env_RockOutcrop loc=(-712.0,-440.0,-3.0) yaw=90.0 scale=1.000 shadow=1 size=80.6x61.3x70.0 bounds=(-752.3,-470.7,-3.0)..(-671.7,-409.3,67.0) overMap=0 onTray=1
2026.10.01-12.57.12 ARTPREVIEW envlayout prop id=rock-w mesh=SM_Env_RockOutcrop loc=(-715.0,110.0,-3.0) yaw=90.0 scale=0.900 shadow=1 size=72.5x55.2x63.0 bounds=(-751.3,82.4,-3.0)..(-678.7,137.6,60.0) overMap=0 onTray=1
2026.10.01-12.57.12 ARTPREVIEW envlayout prop id=rock-sw mesh=SM_Env_RockOutcrop loc=(-705.0,345.0,-3.0) yaw=110.0 scale=1.000 shadow=1 size=96.7x85.2x70.0 bounds=(-753.3,302.4,-3.0)..(-656.7,387.6,67.0) overMap=0 onTray=1
2026.10.01-12.57.12 ARTPREVIEW envlayout prop id=rock-ne mesh=SM_Env_RockOutcrop loc=(700.0,-440.0,-3.0) yaw=70.0 scale=1.000 shadow=1 size=96.7x85.2x70.0 bounds=(651.7,-482.6,-3.0)..(748.3,-397.4,67.0) overMap=0 onTray=1
2026.10.01-12.57.12 ARTPREVIEW envlayout prop id=rock-se mesh=SM_Env_RockOutcrop loc=(690.0,370.0,-3.0) yaw=100.0 scale=0.850 shadow=1 size=76.5x63.2x59.5 bounds=(651.8,338.4,-3.0)..(728.2,401.6,56.5) overMap=0 onTray=1
2026.10.01-12.57.12 ARTPREVIEW envlayout prop id=tree-nw mesh=SM_EnvFab_OakDark loc=(-700.0,-318.0,-3.0) yaw=110.0 scale=0.137 shadow=1 size=183.2x204.3x192.8 bounds=(-796.5,-418.1,-3.0)..(-613.3,-213.8,189.8) overMap=0 onTray=1
2026.10.01-12.57.12 ARTPREVIEW envlayout prop id=tree-w mesh=SM_EnvFab_OakDark loc=(-690.0,-30.0,-3.0) yaw=70.0 scale=0.130 shadow=1 size=173.9x193.9x183.0 bounds=(-779.3,-122.5,-3.0)..(-605.4,71.4,180.0) overMap=0 onTray=1
2026.10.01-12.57.12 ARTPREVIEW envlayout prop id=tree-w2 mesh=SM_EnvFab_OakDark loc=(-700.0,-190.0,-3.0) yaw=200.0 scale=0.110 shadow=1 size=164.1x147.1x154.8 bounds=(-783.7,-267.5,-3.0)..(-619.6,-120.4,151.8) overMap=0 onTray=1
2026.10.01-12.57.12 ARTPREVIEW envlayout prop id=tree-w3 mesh=SM_EnvFab_ForestNarrow loc=(-615.0,-255.0,-3.0) yaw=40.0 scale=0.150 shadow=1 size=93.2x94.1x195.7 bounds=(-660.7,-299.0,-3.0)..(-567.5,-205.0,192.7) overMap=0 onTray=1
2026.10.01-12.57.12 ARTPREVIEW envlayout prop id=tree-w4 mesh=SM_EnvFab_ForestNarrow loc=(-625.0,-105.0,-3.0) yaw=320.0 scale=0.140 shadow=1 size=87.0x87.8x182.7 bounds=(-665.6,-149.3,-3.0)..(-578.6,-61.5,179.7) overMap=0 onTray=1
2026.10.01-12.57.12 ARTPREVIEW envlayout prop id=tree-w5 mesh=SM_EnvFab_ForestRound loc=(-645.0,45.0,-3.0) yaw=150.0 scale=0.130 shadow=1 size=126.9x119.7x163.7 bounds=(-706.7,-17.9,-3.0)..(-579.8,101.8,160.7) overMap=0 onTray=1
2026.10.01-12.57.12 ARTPREVIEW envlayout prop id=tree-sw1 mesh=SM_EnvFab_ForestRound loc=(-640.0,180.0,-3.0) yaw=300.0 scale=0.120 shadow=1 size=110.5x117.1x151.1 bounds=(-695.2,124.7,-3.0)..(-584.7,241.8,148.1) overMap=0 onTray=1
2026.10.01-12.57.12 ARTPREVIEW envlayout prop id=tree-sw2 mesh=SM_EnvFab_ForestSmall loc=(-615.0,290.0,-3.0) yaw=20.0 scale=0.120 shadow=1 size=85.3x79.4x143.8 bounds=(-655.0,251.7,-3.0)..(-569.8,331.1,140.8) overMap=0 onTray=1
2026.10.01-12.57.12 ARTPREVIEW envlayout prop id=bush-fort mesh=SM_EnvFab_Bush loc=(-672.0,-350.0,-3.0) yaw=30.0 scale=0.300 shadow=1 size=89.9x88.5x54.2 bounds=(-719.2,-394.5,-6.4)..(-629.2,-306.0,47.8) overMap=0 onTray=1
2026.10.01-12.57.12 ARTPREVIEW envlayout prop id=bush-w mesh=SM_EnvFab_Bush loc=(-600.0,-5.0,-3.0) yaw=200.0 scale=0.270 shadow=1 size=76.4x74.3x48.8 bounds=(-636.2,-42.3,-6.1)..(-559.8,32.0,42.7) overMap=0 onTray=1
2026.10.01-12.57.12 ARTPREVIEW envlayout prop id=rockwet-w mesh=SM_EnvFab_RockWet loc=(-570.0,-230.0,-3.0) yaw=35.0 scale=0.250 shadow=1 size=92.6x91.4x51.7 bounds=(-617.7,-273.7,-23.9)..(-525.1,-182.3,27.8) overMap=0 onTray=1
2026.10.01-12.57.12 ARTPREVIEW envlayout prop id=rockwet-sw mesh=SM_EnvFab_RockWet loc=(-590.0,365.0,-3.0) yaw=160.0 scale=0.220 shadow=1 size=75.8x73.2x45.5 bounds=(-628.6,326.4,-21.4)..(-552.8,399.6,24.1) overMap=0 onTray=1
2026.10.01-12.57.12 ARTPREVIEW envlayout prop id=vine-pal-n1 mesh=SM_EnvFab_VineSwag loc=(-438.3,-382.7,8.2) yaw=0.0 scale=0.900 shadow=0 size=49.3x0.0x57.8 bounds=(-464.7,-382.7,8.2)..(-415.3,-382.7,66.0) overMap=0 onTray=1
2026.10.01-12.57.12 ARTPREVIEW envlayout prop id=vine-pal-n2 mesh=SM_EnvFab_VinePost loc=(-336.1,-378.0,2.6) yaw=184.0 scale=0.550 shadow=0 size=41.0x7.8x69.8 bounds=(-360.4,-380.6,2.2)..(-319.4,-372.8,72.0) overMap=0 onTray=1
2026.10.01-12.57.12 ARTPREVIEW envlayout prop id=vine-pal-w1 mesh=SM_EnvFab_VineSwag loc=(-548.8,-66.2,8.2) yaw=285.0 scale=0.900 shadow=0 size=12.8x47.7x57.8 bounds=(-555.7,-88.3,8.2)..(-542.9,-40.7,66.0) overMap=0 onTray=1
2026.10.01-12.57.12 ARTPREVIEW envlayout prop id=vine-pal-w2 mesh=SM_EnvFab_VinePost loc=(-520.0,-170.3,2.6) yaw=105.0 scale=0.550 shadow=0 size=15.3x40.7x69.8 bounds=(-527.1,-186.6,2.2)..(-511.8,-145.9,72.0) overMap=0 onTray=1
2026.10.01-12.57.12 ARTPREVIEW envlayout prop id=vine-pal-w3 mesh=SM_EnvFab_VineSwag loc=(-534.1,216.1,11.4) yaw=290.0 scale=0.850 shadow=0 size=15.9x43.8x54.6 bounds=(-542.7,195.7,11.4)..(-526.7,239.5,66.0) overMap=0 onTray=1
2026.10.01-12.57.12 ARTPREVIEW envlayout prop id=vine-fort mesh=SM_EnvFab_VineFort loc=(-586.8,-386.6,47.6) yaw=172.0 scale=0.700 shadow=0 size=98.8x25.1x79.6 bounds=(-629.9,-397.6,25.4)..(-531.1,-372.5,105.0) overMap=0 onTray=1
2026.10.01-12.57.12 ARTPREVIEW envlayout prop id=vine-fort-b mesh=SM_EnvFab_VineFortB loc=(-545.9,-399.1,46.7) yaw=352.0 scale=0.600 shadow=0 size=81.2x13.8x64.9 bounds=(-557.3,-405.5,39.1)..(-476.1,-391.7,104.0) overMap=0 onTray=1
2026.10.01-12.57.12 ARTPREVIEW envlayout prop id=crate-e3 mesh=SM_Env_CrateStack loc=(600.0,-372.0,-3.0) yaw=120.0 scale=1.100 shadow=1 size=59.0x48.1x49.5 bounds=(570.5,-396.1,-3.0)..(629.5,-347.9,46.5) overMap=0 onTray=1
2026.10.01-12.57.12 ARTPREVIEW envlayout prop id=barrel-e5 mesh=SM_Env_Barrel loc=(492.0,-258.0,-3.0) yaw=55.0 scale=1.200 shadow=1 size=35.8x35.8x33.6 bounds=(474.1,-275.9,-3.0)..(509.9,-240.1,30.6) overMap=0 onTray=1
2026.10.01-12.57.12 ARTPREVIEW envlayout prop id=barrel-e1 mesh=SM_Env_Barrel loc=(545.0,-336.0,-3.0) yaw=10.0 scale=1.050 shadow=1 size=26.1x26.1x29.4 bounds=(532.0,-349.0,-3.0)..(558.0,-323.0,26.4) overMap=0 onTray=1
2026.10.01-12.57.12 ARTPREVIEW envlayout prop id=crate-e1 mesh=SM_Env_CrateStack loc=(523.0,-148.0,-3.0) yaw=172.0 scale=1.150 shadow=1 size=33.0x59.6x51.7 bounds=(506.5,-177.8,-3.0)..(539.5,-118.2,48.7) overMap=0 onTray=1
2026.10.01-12.57.12 ARTPREVIEW envlayout prop id=barrel-e2 mesh=SM_Env_Barrel loc=(494.0,-118.0,-3.0) yaw=30.0 scale=1.250 shadow=1 size=36.6x36.6x35.0 bounds=(475.7,-136.3,-3.0)..(512.3,-99.7,32.0) overMap=0 onTray=1
2026.10.01-12.57.12 ARTPREVIEW envlayout prop id=barrel-e3 mesh=SM_Env_Barrel loc=(492.0,-26.0,-3.0) yaw=75.0 scale=1.200 shadow=1 size=31.5x31.5x33.6 bounds=(476.3,-41.7,-3.0)..(507.7,-10.3,30.6) overMap=0 onTray=1
2026.10.01-12.57.12 ARTPREVIEW envlayout prop id=barrel-e4 mesh=SM_Env_Barrel loc=(521.0,-9.0,-3.0) yaw=140.0 scale=1.100 shadow=1 size=33.2x33.2x30.8 bounds=(504.4,-25.6,-3.0)..(537.6,7.6,27.8) overMap=0 onTray=1
2026.10.01-12.57.12 ARTPREVIEW envlayout prop id=crate-e2 mesh=SM_Env_CrateStack loc=(515.0,272.0,-3.0) yaw=186.0 scale=1.100 shadow=1 size=29.8x56.4x49.5 bounds=(500.1,243.8,-3.0)..(529.9,300.2,46.5) overMap=0 onTray=1
2026.10.01-12.57.12 ARTPREVIEW envlayout prop id=barrel-e6 mesh=SM_Env_Barrel loc=(628.0,300.0,-3.0) yaw=120.0 scale=1.150 shadow=1 size=33.7x33.7x32.2 bounds=(611.2,283.2,-3.0)..(644.8,316.8,29.2) overMap=0 onTray=1
2026.10.01-12.57.12 ARTPREVIEW envlayout prop id=lantern-w mesh=SM_Env_LanternPost loc=(-552.0,280.0,-3.0) yaw=0.0 scale=1.000 shadow=1 size=25.1x56.7x95.0 bounds=(-564.5,251.6,-3.0)..(-539.5,308.4,92.0) overMap=0 onTray=1
2026.10.01-12.57.12 ARTPREVIEW envlayout prop id=lantern-n mesh=SM_Env_LanternPost loc=(-372.0,-455.0,-3.0) yaw=90.0 scale=1.000 shadow=1 size=56.7x25.1x95.0 bounds=(-400.4,-467.5,-3.0)..(-343.6,-442.5,92.0) overMap=0 onTray=1
2026.10.01-12.57.12 ARTPREVIEW envlayout light id=campfire-nw kind=point at=(-548.0,-352.0,60.0) intensity=65 units=candelas radius=460 color=#FF8A3D shadow=0
2026.10.01-12.57.12 ARTPREVIEW envlayout light id=campfire-w kind=point at=(-560.0,85.0,60.0) intensity=55 units=candelas radius=420 color=#FF9A4A shadow=0
2026.10.01-12.57.12 ARTPREVIEW envlayout light id=ship-lantern-n kind=point at=(598.0,-225.0,150.0) intensity=95 units=candelas radius=420 color=#FFA552 shadow=0
2026.10.01-12.57.12 ARTPREVIEW envlayout light id=ship-lantern-s kind=point at=(592.0,0.0,145.0) intensity=90 units=candelas radius=400 color=#FFA552 shadow=0
2026.10.01-12.57.12 ARTPREVIEW envlayout light id=ship-lantern-stern kind=point at=(585.0,225.0,140.0) intensity=75 units=candelas radius=380 color=#FFA552 shadow=0
2026.10.01-12.57.12 ARTPREVIEW envlayout ground map=sarpedon mode=runtime strips=4 material=MI_EnvGround_Sarpedon z=-1.0 outer=(-780.0,-515.0)..(780.0,425.0) hole=(-467.7,-310.7)..(467.7,310.7) splatRect=(-820.0,-560.0)..(820.0,470.0) splatCovers=1 areaUU2=885246 falls=1/1 fallCards=1 status=ok fallMeshes=1 fallMeshParts=3 sea=ok
2026.10.01-12.57.12 ARTPREVIEW envlayout fx id=fire-campfire-nw system=NS_Env_Campfire anchor=campfire-nw at=(-547.4,-347.2,7.9) yaw=90.0 scale=1.000 seed=2138126356 warmup=1.50s ticks=45 mode=live particles=69 emitters=3 gpuEmitters=0 deterministic=1 nearBand=0 user=-
2026.10.01-12.57.12 ARTPREVIEW envlayout fx id=fire-campfire-w system=NS_Env_Campfire anchor=campfire-w at=(-559.5,89.0,6.1) yaw=90.0 scale=1.000 seed=357809224 warmup=1.50s ticks=45 mode=live particles=73 emitters=3 gpuEmitters=0 deterministic=1 nearBand=0 user=-
2026.10.01-12.57.12 ARTPREVIEW envlayout fx id=flame-lantern-deck system=NS_Env_LanternFlame anchor=lantern-deck at=(577.8,-282.5,45.5) yaw=180.0 scale=1.000 seed=1880483385 warmup=1.50s ticks=45 mode=live particles=45 emitters=3 gpuEmitters=0 deterministic=1 nearBand=0 user=-
2026.10.01-12.57.12 ARTPREVIEW envlayout fx id=flame-lantern-w system=NS_Env_LanternFlame anchor=lantern-w at=(-554.8,262.5,45.5) yaw=0.0 scale=1.000 seed=1685263757 warmup=1.50s ticks=45 mode=live particles=45 emitters=3 gpuEmitters=0 deterministic=1 nearBand=0 user=-
2026.10.01-12.57.12 ARTPREVIEW envlayout fx id=flame-lantern-n system=NS_Env_LanternFlame anchor=lantern-n at=(-354.5,-457.8,45.5) yaw=90.0 scale=1.000 seed=1621325 warmup=1.50s ticks=45 mode=live particles=47 emitters=3 gpuEmitters=0 deterministic=1 nearBand=0 user=-
2026.10.01-12.57.12 ARTPREVIEW envlayout fx id=fireflies-forest-n system=NS_Env_Fireflies anchor=- at=(-662.0,-150.0,50.0) yaw=0.0 scale=1.000 seed=1725416364 warmup=3.50s ticks=105 mode=live particles=14 emitters=1 gpuEmitters=0 deterministic=1 nearBand=0 user=-
2026.10.01-12.57.12 ARTPREVIEW envlayout fx id=fireflies-forest-s system=NS_Env_Fireflies anchor=- at=(-650.0,170.0,45.0) yaw=0.0 scale=1.000 seed=97628021 warmup=3.50s ticks=105 mode=live particles=13 emitters=1 gpuEmitters=0 deterministic=1 nearBand=0 user=-
2026.10.01-12.57.12 ARTPREVIEW envlayout fx id=fireflies-beach system=NS_Env_Fireflies anchor=- at=(120.0,-425.0,30.0) yaw=0.0 scale=1.000 seed=1939781988 warmup=3.50s ticks=105 mode=live particles=10 emitters=1 gpuEmitters=0 deterministic=1 nearBand=0 user=SpawnRate:4+Sphere Radius:80
2026.10.01-12.57.12 ARTPREVIEW envlayout fx map=sarpedon fx=8 layoutFx=8 missingSystems=0 skippedMissing=0 skippedDisabled=0 skippedAnchor=0 skippedInsideMap=0 skippedLightRenderer=0 nearBand=0 gpuEmitters=0 nonDeterministic=0 particles=316 userSet=2 userMissing=0 mode=live
2026.10.01-12.57.12 ARTPREVIEW envlayout map=sarpedon props=54 lights=5 missingMeshes=0 layoutProps=54 layoutLights=5 skippedMissing=0 skippedInsideMap=0 intrusions=0 outsideTray=0 outsideKit=0 shadowCasters=47 profilePoints=1 combinedPoints=6 combinedBudgetOk=1 tray=layout trayApronMismatch=0 profile=sarpedon-original boardId=c7fa64a26c29a0835f2383e63 file=Config/ArtBoards/EnvLayouts/sarpedon.layout.json sha256=89a3cfb965c134557d7a5e2733bd89562321ddf1c61d428dc8952d7fc4006c78 source=pak status=ok
2026.10.01-12.57.12 ARTPREVIEW envlayout tray map=sarpedon source=layout outerHalf=780.0x470.0 offsetY=-45.0 frameHalf=469.7x312.7 mesh=T2 t2Top=780.0x470.0 mismatchUU=0.0
2026.10.01-12.57.12 ARTPREVIEW diorama tray-t2 loaded mesh=/Game/PipelineCandidates/TableBase/T2b/SM_TableBase_T2b mi=MI_TableBase_T2b_Sarpedon kind=T2b
2026.10.01-12.57.12 ARTPREVIEW diorama tray=/Game/PipelineCandidates/TableBase/T2b/SM_TableBase_T2b.SM_TableBase_T2b mi=MI_TableBase_T2b_Sarpedon surface=map-image yaw=0.0 scale=1.000x1.000x1.000 bounds=(-815.7,-546.3,-215.7)..(815.7,456.3,1.7) size=1631.4x1002.6x217.5 topZ=-3.0 boardHalf=469.7x312.7 rimUU=112.3 collision=none kind=T2b topHalf=780.0x470.0 layoutHalf=780.0x470.0 offset=(0.0,-45.0) source=layout mismatchUU=0.0 match=1 anisotropy=1.000 lipTopZ=1.7 lipBandUU=20.0
2026.10.01-12.57.12 CAMERA extents source=map-image half=445.7x288.7 dist=2340.2 fit=1872.2 k1Mul=1.250
2026.10.01-12.57.12 CAMERA dist=2340 loc=(0,1342,1917) pitch=-55 yaw=-90
2026.10.01-12.57.12 CAMERA config overview=2340.2 nearest=300.0 farthest=2880.2 zoomRange=0.81-7.80 fit=1872.2 k1Mul=1.250 minDist=300.0 outRatio=0.650 step=1.250 animMs=200 returnMs=300 followFrom=1.20 source=defaults issues=0
2026.10.01-12.57.12 BOARD 9x6 cells | control points: (0,0)=(-393,-219,0) (8,5)=(400,250,0) | neighbor pair (dist 140 uu)
2026.10.01-12.57.12 BOARD topology spaces=38 links=61 starts=3:S03,4:S14,1:S20,2:S32 frame=1337x866px uuPerPx=0.6667 radius=42.0uu (default)
2026.10.01-12.57.12 ARTPREVIEW team mapping mode=absolute source=seatOrder viewerTeam=P2 p1=f-0-hero,f-0-sk0,f-0-sk1,f-0-sk2 p2=f-1-hero,f-1-sk0
2026.10.01-12.57.12 ARTPREVIEW heroesV2 fighter=f-0-hero mesh=/Game/PipelineCandidates/Medusa/H2LD/Meshes/SK_Medusa_H2LD mi=/Game/PipelineCandidates/Medusa/H2LD/Materials/MI_Medusa_H2LD_P1 yaw=90.0 scale=0.9998 name=Medusa hero=1 look=P1 base=/Game/PipelineCandidates/Medusa/H2LD/Meshes/SM_Medusa_H2LD_Base baseMi=/Game/PipelineCandidates/Medusa/H2LD/Materials/MI_Medusa_H2LD_Base_P1 skeleton=/Game/PipelineCandidates/Medusa/Rig/SK_Medusa_Skeleton.SK_Medusa_Skeleton clips=4/4 boundsTop=55.00 figureTop=55.00 budget=55.0
2026.10.01-12.57.12 ARTPREVIEW click capsule fighter=f-0-hero mesh=SK_Medusa_H2LD physicsAsset=0 radius=11.6 halfHeight=27.5 top=55.0 bodyCollision=0 source=meshBounds
2026.10.01-12.57.12 ARTPREVIEW fighter=Medusa hero=1 eligible=0 visual=1 mesh=SK_Medusa_H2LD
2026.10.01-12.57.12 ARTPREVIEW team ring fighter=f-0-hero team=P1 look=P1 mode=absolute shape=circle shown=1 mesh=SM_Marker_TeamRing_P1 fill=#E8C06A keyline=#111317 fillLinear=(0.8070,0.5271,0.1441) zMin=0.60 zMax=1.20 scale=1.00 base=hidden blockout=0 art=1 rim=#FFFFFF
2026.10.01-12.57.12 ARTPREVIEW anim fighter=f-0-hero clip=Idle len=2.333 event=spawn loop=1 phase=0.8071 seq=-1 asset=AM_Medusa_Idle
2026.10.01-12.57.12 ARTPREVIEW readability contact shadow material=/Game/EnvMaps/M_MapContactShadow.M_MapContactShadow loaded=1
2026.10.01-12.57.12 ARTPREVIEW readability fighter=f-0-hero hero=1 contactShadow=1 diameterUU=52.0 strength=0.25 leaderPip=1 look=P1 ringScale=1.00
2026.10.01-12.57.12 ARTPREVIEW heroesV2 fighter=f-0-sk0 mesh=/Game/PipelineCandidates/Harpy/H3LD/Meshes/SK_Harpy_H3LD mi=/Game/PipelineCandidates/Harpy/H3LD/Materials/MI_Harpy_H3LD_P1 yaw=270.0 scale=1.0000 name=Harpies hero=0 look=P1 base=/Game/PipelineCandidates/Harpy/H3LD/Meshes/SM_Harpy_H3LD_Base baseMi=/Game/PipelineCandidates/Harpy/H3LD/Materials/MI_Harpy_H3LD_Base_P1 skeleton=/Game/PipelineCandidates/Harpy/Rig/SK_Harpy_Skeleton.SK_Harpy_Skeleton clips=4/4 boundsTop=42.00 figureTop=42.00 budget=42.0
2026.10.01-12.57.12 ARTPREVIEW click capsule fighter=f-0-sk0 mesh=SK_Harpy_H3LD physicsAsset=0 radius=20.0 halfHeight=21.0 top=42.0 bodyCollision=0 source=meshBounds
2026.10.01-12.57.12 ARTPREVIEW team ring fighter=f-0-sk0 team=P1 look=P1 mode=absolute shape=circle shown=1 mesh=SM_Marker_TeamRing_P1 fill=#E8C06A keyline=#111317 fillLinear=(0.8070,0.5271,0.1441) zMin=0.60 zMax=1.20 scale=0.78 base=hidden blockout=0 art=1 rim=#FFFFFF
2026.10.01-12.57.12 ARTPREVIEW anim fighter=f-0-sk0 clip=Idle len=2.000 event=spawn loop=1 phase=0.6635 seq=-1 asset=AM_Harpy_Idle
2026.10.01-12.57.12 ARTPREVIEW readability fighter=f-0-sk0 hero=0 contactShadow=1 diameterUU=40.6 strength=0.25 leaderPip=0 look=P1 ringScale=0.78
2026.10.01-12.57.12 ARTPREVIEW heroesV2 fighter=f-0-sk1 mesh=/Game/PipelineCandidates/Harpy/H3LD/Meshes/SK_Harpy_H3LD mi=/Game/PipelineCandidates/Harpy/H3LD/Materials/MI_Harpy_H3LD_P1 yaw=90.0 scale=1.0000 name=Harpies hero=0 look=P1 base=/Game/PipelineCandidates/Harpy/H3LD/Meshes/SM_Harpy_H3LD_Base baseMi=/Game/PipelineCandidates/Harpy/H3LD/Materials/MI_Harpy_H3LD_Base_P1 skeleton=/Game/PipelineCandidates/Harpy/Rig/SK_Harpy_Skeleton.SK_Harpy_Skeleton clips=4/4 boundsTop=42.00 figureTop=42.00 budget=42.0
2026.10.01-12.57.12 ARTPREVIEW click capsule fighter=f-0-sk1 mesh=SK_Harpy_H3LD physicsAsset=0 radius=20.0 halfHeight=21.0 top=42.0 bodyCollision=0 source=meshBounds
2026.10.01-12.57.12 ARTPREVIEW team ring fighter=f-0-sk1 team=P1 look=P1 mode=absolute shape=circle shown=1 mesh=SM_Marker_TeamRing_P1 fill=#E8C06A keyline=#111317 fillLinear=(0.8070,0.5271,0.1441) zMin=0.60 zMax=1.20 scale=0.78 base=hidden blockout=0 art=1 rim=#FFFFFF
2026.10.01-12.57.12 ARTPREVIEW anim fighter=f-0-sk1 clip=Idle len=2.000 event=spawn loop=1 phase=0.9016 seq=-1 asset=AM_Harpy_Idle
2026.10.01-12.57.12 ARTPREVIEW readability fighter=f-0-sk1 hero=0 contactShadow=1 diameterUU=40.6 strength=0.25 leaderPip=0 look=P1 ringScale=0.78
2026.10.01-12.57.12 ARTPREVIEW heroesV2 fighter=f-0-sk2 mesh=/Game/PipelineCandidates/Harpy/H3LD/Meshes/SK_Harpy_H3LD mi=/Game/PipelineCandidates/Harpy/H3LD/Materials/MI_Harpy_H3LD_P1 yaw=270.0 scale=1.0000 name=Harpies hero=0 look=P1 base=/Game/PipelineCandidates/Harpy/H3LD/Meshes/SM_Harpy_H3LD_Base baseMi=/Game/PipelineCandidates/Harpy/H3LD/Materials/MI_Harpy_H3LD_Base_P1 skeleton=/Game/PipelineCandidates/Harpy/Rig/SK_Harpy_Skeleton.SK_Harpy_Skeleton clips=4/4 boundsTop=42.00 figureTop=42.00 budget=42.0
2026.10.01-12.57.12 ARTPREVIEW click capsule fighter=f-0-sk2 mesh=SK_Harpy_H3LD physicsAsset=0 radius=20.0 halfHeight=21.0 top=42.0 bodyCollision=0 source=meshBounds
2026.10.01-12.57.12 ARTPREVIEW team ring fighter=f-0-sk2 team=P1 look=P1 mode=absolute shape=circle shown=1 mesh=SM_Marker_TeamRing_P1 fill=#E8C06A keyline=#111317 fillLinear=(0.8070,0.5271,0.1441) zMin=0.60 zMax=1.20 scale=0.78 base=hidden blockout=0 art=1 rim=#FFFFFF
2026.10.01-12.57.12 ARTPREVIEW anim fighter=f-0-sk2 clip=Idle len=2.000 event=spawn loop=1 phase=0.1873 seq=-1 asset=AM_Harpy_Idle
2026.10.01-12.57.12 ARTPREVIEW readability fighter=f-0-sk2 hero=0 contactShadow=1 diameterUU=40.6 strength=0.25 leaderPip=0 look=P1 ringScale=0.78
2026.10.01-12.57.12 ARTPREVIEW heroesV2 fighter=f-1-hero mesh=/Game/PipelineCandidates/KingArthur/H2LD/Meshes/SK_KingArthur_H2LD mi=/Game/PipelineCandidates/KingArthur/H2LD/Materials/MI_KingArthur_H2LD_P2 yaw=270.0 scale=1.0000 name=King Arthur hero=1 look=P2 base=/Game/PipelineCandidates/KingArthur/H2LD/Meshes/SM_KingArthur_H2LD_Base baseMi=/Game/PipelineCandidates/KingArthur/H2LD/Materials/MI_KingArthur_H2LD_Base_P2 skeleton=/Game/PipelineCandidates/KingArthur/Rig/SK_KingArthur_Skeleton.SK_KingArthur_Skeleton clips=4/4 boundsTop=60.06 figureTop=55.00 budget=55.0
2026.10.01-12.57.12 ARTPREVIEW click capsule fighter=f-1-hero mesh=SK_KingArthur_H2LD physicsAsset=0 radius=12.8 halfHeight=30.0 top=60.1 bodyCollision=0 source=meshBounds
2026.10.01-12.57.12 ARTPREVIEW team ring fighter=f-1-hero team=P2 look=P2 mode=absolute shape=hexagon shown=1 mesh=SM_Marker_TeamRing_P2 fill=#5A7F9F keyline=#111317 fillLinear=(0.1022,0.2122,0.3467) zMin=0.60 zMax=1.20 scale=1.00 base=hidden blockout=0 art=1 rim=#FFFFFF
2026.10.01-12.57.12 ARTPREVIEW anim fighter=f-1-hero clip=Idle len=2.500 event=spawn loop=1 phase=0.3470 seq=-1 asset=AM_KingArthur_Idle
2026.10.01-12.57.12 ARTPREVIEW readability fighter=f-1-hero hero=1 contactShadow=1 diameterUU=52.0 strength=0.25 leaderPip=1 look=P2 ringScale=1.00
2026.10.01-12.57.12 ARTPREVIEW heroesV2 fighter=f-1-sk0 mesh=/Game/PipelineCandidates/Merlin/H2LD/Meshes/SK_Merlin_H2LD mi=/Game/PipelineCandidates/Merlin/H2LD/Materials/MI_Merlin_H2LD_P2 yaw=270.0 scale=1.0003 name=Merlin hero=0 look=P2 base=/Game/PipelineCandidates/Merlin/H2LD/Meshes/SM_Merlin_H2LD_Base baseMi=/Game/PipelineCandidates/Merlin/H2LD/Materials/MI_Merlin_H2LD_Base_P2 skeleton=/Game/PipelineCandidates/Merlin/Rig/SK_Merlin_Skeleton.SK_Merlin_Skeleton clips=4/4 boundsTop=49.44 figureTop=45.00 budget=45.0
2026.10.01-12.57.12 ARTPREVIEW click capsule fighter=f-1-sk0 mesh=SK_Merlin_H2LD physicsAsset=0 radius=10.5 halfHeight=24.7 top=49.4 bodyCollision=0 source=meshBounds
2026.10.01-12.57.12 ARTPREVIEW team ring fighter=f-1-sk0 team=P2 look=P2 mode=absolute shape=hexagon shown=1 mesh=SM_Marker_TeamRing_P2 fill=#5A7F9F keyline=#111317 fillLinear=(0.1022,0.2122,0.3467) zMin=0.60 zMax=1.20 scale=0.78 base=hidden blockout=0 art=1 rim=#FFFFFF
2026.10.01-12.57.12 ARTPREVIEW anim fighter=f-1-sk0 clip=Idle len=3.000 event=spawn loop=1 phase=0.8028 seq=-1 asset=AM_Merlin_Idle
2026.10.01-12.57.12 ARTPREVIEW readability fighter=f-1-sk0 hero=0 contactShadow=1 diameterUU=40.6 strength=0.25 leaderPip=0 look=P2 ringScale=0.78
2026.10.01-12.57.12 ARTPREVIEW heroesV2 summary fighters=6 mapped=6 v2=6
2026.10.01-12.57.12 FIGHTERS synced n=6 alive=6 own=2 enemy=4
2026.10.01-12.57.12 STATE seq=1 -> apply
2026.10.01-12.57.12 HUD art layer plate=1 iconSize=32 iconTexture=1 iconProbe=0 plan=0
2026.10.01-12.57.12 HUD art impl=umg plateViews=umg:/Game/S08/UI/ArtHud/WBP_S08ArtPlate iconViews=umg:/Game/S08/UI/ArtHud/WBP_S08ArtIcon textTable=S08ArtHud entries=13 missingKeys=0
2026.10.01-12.57.12 HUD tags boardPlate=1 hardPadPx=3 profile=sarpedon-original
2026.10.01-12.57.12 TAG fighter=f-1-hero bbox=(1404,62,1506,84) mode=compact look=P2 placement=left ring=0 hardPx2=0 softPx2=0 order=0 bound=1
2026.10.01-12.57.12 TAG fighter=f-1-sk0 bbox=(1172,255,1256,277) mode=compact look=P2 placement=above ring=0 hardPx2=0 softPx2=0 order=1 bound=1
2026.10.01-12.57.12 ARTPREVIEW screen labels=1 (world TextRender labels and damage text hidden)
2026.10.01-12.57.12 SUBSCRIBED gameStateUpdated since=1
2026.10.01-12.57.12 TAG fighter=f-0-hero bbox=(623,430,725,452) mode=compact look=P1 placement=above ring=0 hardPx2=0 softPx2=0 order=0 bound=1
2026.10.01-12.57.12 TAG fighter=f-0-sk0 bbox=(509,496,593,518) mode=compact look=P1 placement=above ring=0 hardPx2=0 softPx2=0 order=2 bound=1
2026.10.01-12.57.12 TAG fighter=f-0-sk1 bbox=(396,458,480,480) mode=compact look=P1 placement=above ring=0 hardPx2=0 softPx2=0 order=1 bound=1
2026.10.01-12.57.12 TAG fighter=f-0-sk2 bbox=(308,584,392,606) mode=compact look=P1 placement=left ring=0 hardPx2=0 softPx2=0 order=4 bound=1
2026.10.01-12.57.12 TAG fighter=f-1-hero bbox=(977,619,1079,641) mode=compact look=P2 placement=left ring=0 hardPx2=0 softPx2=0 order=5 bound=1
2026.10.01-12.57.12 TAG fighter=f-1-sk0 bbox=(1130,510,1214,532) mode=compact look=P2 placement=above ring=0 hardPx2=0 softPx2=0 order=3 bound=1
2026.10.01-12.58.04 SNAPSHOT applied seq=1 phase=ACTION_MANEUVER
2026.10.01-12.58.04 HANDLE_APPLIED #2 seq=1 decision=1 fightersValid=1 boardValid=1
2026.10.01-12.58.04 MODE seq=1 mode=0 combat=0 pending=0
2026.10.01-12.58.04 HUD seq=1 phase=ACTION_MANEUVER turn=opp hand=5 oppHand=5(hidden) oppDeck=25 deck=25 discard=0
2026.10.01-12.58.04 ARTPREVIEW fighter=Medusa hero=1 eligible=0 visual=1 mesh=SK_Medusa_H2LD
2026.10.01-12.58.04 FIGHTERS synced n=6 alive=6 own=2 enemy=4
2026.10.01-12.58.04 WS seq=1 phase=ACTION_MANEUVER (merge)
2026.10.01-12.58.04 TAG fighter=f-0-hero bbox=(623,430,725,452) mode=compact look=P1 placement=above ring=0 hardPx2=0 softPx2=0 order=0 bound=1
2026.10.01-12.58.04 TAG fighter=f-0-sk0 bbox=(509,496,593,518) mode=compact look=P1 placement=above ring=0 hardPx2=0 softPx2=0 order=2 bound=1
2026.10.01-12.58.04 TAG fighter=f-0-sk1 bbox=(396,458,480,480) mode=compact look=P1 placement=above ring=0 hardPx2=0 softPx2=0 order=1 bound=1
2026.10.01-12.58.04 TAG fighter=f-0-sk2 bbox=(308,584,392,606) mode=compact look=P1 placement=left ring=0 hardPx2=0 softPx2=0 order=4 bound=1
2026.10.01-12.58.04 TAG fighter=f-1-hero bbox=(977,619,1079,641) mode=compact look=P2 placement=left ring=0 hardPx2=0 softPx2=0 order=5 bound=1
2026.10.01-12.58.04 TAG fighter=f-1-sk0 bbox=(1130,510,1214,532) mode=compact look=P2 placement=above ring=0 hardPx2=0 softPx2=0 order=3 bound=1
2026.10.01-12.58.07 game -> room=cmupjgel1008bwi7ka3fcxt4t code=<redacted> status=IN_PROGRESS
2026.10.01-12.58.09 PERF window t=15.1-20.2 frames=26 fps=0.46 frameMs avg=2195.77 p50=188.21 p95=460.39 p99=52324.23 max=52324.23 hitches50=25 gpuMs avg=2.96 p50=3.03 p95=6.13 gameMs avg=24.29 p95=220.95 renderMs avg=2190.53 p95=460.51
2026.10.01-12.58.10 game -> room=cmupjgel1008bwi7ka3fcxt4t code=<redacted> status=IN_PROGRESS
2026.10.01-12.58.13 game -> room=cmupjgel1008bwi7ka3fcxt4t code=<redacted> status=IN_PROGRESS
2026.10.01-12.58.14 PERF window t=20.2-25.3 frames=33 fps=6.46 frameMs avg=154.68 p50=142.94 p95=303.06 p99=325.12 max=325.12 hitches50=32 gpuMs avg=2.87 p50=2.84 p95=3.21 gameMs avg=3.38 p95=5.33 renderMs avg=154.68 p95=303.08
2026.10.01-12.58.14 SNAPSHOT applied seq=2 phase=ACTION_MANEUVER
2026.10.01-12.58.14 HANDLE_APPLIED #3 seq=2 decision=2 fightersValid=1 boardValid=1
2026.10.01-12.58.14 MODE seq=2 mode=0 combat=0 pending=0
2026.10.01-12.58.14 HUD seq=2 phase=ACTION_MANEUVER turn=opp hand=5 oppHand=6(hidden) oppDeck=25~ deck=25~ discard=0
2026.10.01-12.58.14 ARTPREVIEW fighter=Medusa hero=1 eligible=0 visual=1 mesh=SK_Medusa_H2LD
2026.10.01-12.58.14 FIGHTERS synced n=6 alive=6 own=2 enemy=4
2026.10.01-12.58.14 WS seq=2 phase=ACTION_MANEUVER (apply)
2026.10.01-12.58.16 game -> room=cmupjgel1008bwi7ka3fcxt4t code=<redacted> status=IN_PROGRESS
2026.10.01-12.58.16 SNAPSHOT applied seq=3 phase=ACTION_MANEUVER
2026.10.01-12.58.16 HANDLE_APPLIED #4 seq=3 decision=2 fightersValid=1 boardValid=1
2026.10.01-12.58.16 MODE seq=3 mode=0 combat=0 pending=0
2026.10.01-12.58.16 HUD seq=3 phase=ACTION_MANEUVER turn=opp hand=5 oppHand=6(hidden) oppDeck=25~ deck=25~ discard=0
2026.10.01-12.58.16 ARTPREVIEW heroesV2 fighter=f-0-hero mesh=/Game/PipelineCandidates/Medusa/H2LD/Meshes/SK_Medusa_H2LD mi=/Game/PipelineCandidates/Medusa/H2LD/Materials/MI_Medusa_H2LD_P1 yaw=270.0 scale=0.9998 name=Medusa hero=1 look=P1 base=/Game/PipelineCandidates/Medusa/H2LD/Meshes/SM_Medusa_H2LD_Base baseMi=/Game/PipelineCandidates/Medusa/H2LD/Materials/MI_Medusa_H2LD_Base_P1 skeleton=/Game/PipelineCandidates/Medusa/Rig/SK_Medusa_Skeleton.SK_Medusa_Skeleton clips=4/4 boundsTop=55.00 figureTop=55.00 budget=55.0
2026.10.01-12.58.16 ARTPREVIEW fighter=Medusa hero=1 eligible=0 visual=1 mesh=SK_Medusa_H2LD
2026.10.01-12.58.16 FIGHTERS synced n=6 alive=6 own=2 enemy=4
2026.10.01-12.58.16 CUE move f-0-hero (2,2)->(4,4) seq=3
2026.10.01-12.58.16 WS seq=3 phase=ACTION_MANEUVER (apply)
2026.10.01-12.58.16 TAG fighter=f-0-hero bbox=(932,654,1034,676) mode=compact look=P1 placement=above ring=0 hardPx2=0 softPx2=0 order=5 bound=1
2026.10.01-12.58.16 TAG fighter=f-0-sk0 bbox=(509,496,593,518) mode=compact look=P1 placement=above ring=0 hardPx2=0 softPx2=0 order=1 bound=1
2026.10.01-12.58.16 TAG fighter=f-0-sk1 bbox=(396,458,480,480) mode=compact look=P1 placement=above ring=0 hardPx2=0 softPx2=0 order=0 bound=1
2026.10.01-12.58.16 TAG fighter=f-0-sk2 bbox=(308,584,392,606) mode=compact look=P1 placement=left ring=0 hardPx2=0 softPx2=0 order=3 bound=1
2026.10.01-12.58.16 TAG fighter=f-1-hero bbox=(1072,730,1174,752) mode=compact look=P2 placement=below ring=0 hardPx2=0 softPx2=0 order=4 bound=1
2026.10.01-12.58.16 TAG fighter=f-1-sk0 bbox=(1130,510,1214,532) mode=compact look=P2 placement=above ring=0 hardPx2=0 softPx2=0 order=2 bound=1
2026.10.01-12.58.18 SNAPSHOT applied seq=4 phase=COMBAT
2026.10.01-12.58.18 HANDLE_APPLIED #5 seq=4 decision=2 fightersValid=1 boardValid=1
2026.10.01-12.58.18 closed mode=
2026.10.01-12.58.18 MODE seq=4 mode=4 combat=1 pending=0
2026.10.01-12.58.18 HUD seq=4 phase=COMBAT turn=opp hand=5 oppHand=5(hidden) oppDeck=25~ deck=25~ discard=0
2026.10.01-12.58.18 ARTPREVIEW combat marker fighter=Medusa attacker=1 target=0 icon=0 targetMesh=SM_Marker_TargetRing iconMode=screen targetArcScaleXY=0.920
2026.10.01-12.58.18 ARTPREVIEW combat marker fighter=King Arthur attacker=0 target=1 icon=1 targetMesh=SM_Marker_TargetRing iconMode=screen targetArcScaleXY=0.920
2026.10.01-12.58.18 ARTPREVIEW fighter=Medusa hero=1 eligible=0 visual=1 mesh=SK_Medusa_H2LD
2026.10.01-12.58.18 FIGHTERS synced n=6 alive=6 own=2 enemy=4
2026.10.01-12.58.18 WS seq=4 phase=COMBAT (apply)
2026.10.01-12.58.18 S09AUTO drive mode=4 plan=[attack+ranged+defend+resolve] phase=COMBAT turn=cmuhntivg0000wib0anhqyswc
2026.10.01-12.58.18 S09AUTO defense-window shot
2026.10.01-12.58.18 SHOT ctx viewport=1920x1080 viewTarget=CameraActor_2147482233 cam=(0,1342,1917) rot=(-55,-90,0)
2026.10.01-12.58.18 RENDER tag=SHOT rhi=D3D12 featureLevel=SM6 shaderPlatform=PCD3D_SM6 lumenPlatform=1 gi=lumen giMethod=1 refl=lumen reflMethod=1 shadows=csm vsmEnable=0 sg.res=100 sg.view=2 sg.aa=2 sg.shadow=2 sg.gi=2 sg.refl=2 sg.pp=2 sg.tex=2 sg.fx=2 sg.foliage=2 sg.shading=2 sg.landscape=2 preset=High screenPct=100.0 screenPctMode=0 aa=TSR aaMethod=4 exposure=fixed-histogram expMin=4.14106 expMax=4.14106 expBias=0.000 ev100=2.05 lightUnits=candelas sky=1 skyIntensity=3.000 keyShadow=csm-3600uu-2c-contact0.000 shadowCasters=1 profile=sarpedon-night profilesSha256=f7e257eea8ecb88e5f81d37f3be97da6862e500247ad3c0b07c5a1aaf28d1802 profilesSource=pak legacyRender=0 gameLayer=unlit-eyeadaptinv tMaxFPS=30.0 vsync=0 frameRateLimit=60.0 substrate=0 nanite=1 meshDF=1 viewport=1920x1080 reference=1
2026.10.01-12.58.18 SHOT fighter f-0-hero pos=(4,4) world=(16,189,0) screen=(982,752) projected=1 alive=1
2026.10.01-12.58.18 SHOT fighter f-0-sk0 pos=(1,3) world=(-309,33,0) screen=(555,576) projected=1 alive=1
2026.10.01-12.58.18 SHOT fighter f-0-sk1 pos=(0,2) world=(-398,-3,0) screen=(442,537) projected=1 alive=1
2026.10.01-12.58.18 SHOT fighter f-0-sk2 pos=(0,3) world=(-394,92,0) screen=(435,640) projected=1 alive=1
2026.10.01-12.58.18 SHOT fighter f-1-hero pos=(5,4) world=(119,141,0) screen=(1120,695) projected=1 alive=1
2026.10.01-12.58.18 SHOT fighter f-1-sk0 pos=(6,3) world=(159,52,0) screen=(1169,596) projected=1 alive=1
2026.10.01-12.58.18 SHOT camera dist=2340.2 target=2340.2 overview=2340.2 errPct=0.000 focusErr=0.00 settled=1 zoom=1.00
2026.10.01-12.58.18 SHOT head fighter=f-0-hero socket=Head mesh=SK_Medusa_H2LD world=(17.0,188.2,47.0) screen=(983.5,716.5) top=(983.6,712.1) bottom=(983.5,720.8) headPx=8.8 projected=1
2026.10.01-12.58.18 SHOT head fighter=f-0-sk0 socket=Head mesh=SK_Harpy_H3LD world=(-308.7,28.4,34.3) screen=(550.6,544.8) top=(549.8,540.2) bottom=(551.5,549.3) headPx=9.3 projected=1
2026.10.01-12.58.18 SHOT head fighter=f-0-sk1 socket=Head mesh=SK_Harpy_H3LD world=(-399.1,2.6,34.0) screen=(434.2,517.1) top=(433.0,512.5) bottom=(435.3,521.7) headPx=9.4 projected=1
2026.10.01-12.58.18 SHOT head fighter=f-0-sk2 socket=Head mesh=SK_Harpy_H3LD world=(-394.1,86.8,34.0) screen=(429.7,609.4) top=(428.6,604.9) bottom=(430.9,613.9) headPx=9.3 projected=1
2026.10.01-12.58.18 SHOT head fighter=f-1-hero socket=Head mesh=SK_KingArthur_H2LD world=(118.4,140.5,50.0) screen=(1122.5,658.5) top=(1122.9,654.0) bottom=(1122.2,663.0) headPx=8.9 projected=1
2026.10.01-12.58.18 SHOT head fighter=f-1-sk0 socket=Head mesh=SK_Merlin_H2LD world=(158.7,48.5,36.4) screen=(1171.8,565.2) top=(1172.2,560.6) bottom=(1171.3,569.7) headPx=9.1 projected=1
2026.10.01-12.58.18 SHOT figure fighter=f-0-hero bbox=(943,678,1023,785) ringR=28.50 art=1 blockout=0 team=P1 look=P1 ring=1
2026.10.01-12.58.18 SHOT figure fighter=f-0-sk0 bbox=(516,520,586,600) ringR=22.23 art=1 blockout=0 team=P1 look=P1 ring=1
2026.10.01-12.58.18 SHOT figure fighter=f-0-sk1 bbox=(402,482,474,561) ringR=22.23 art=1 blockout=0 team=P1 look=P1 ring=1
2026.10.01-12.58.18 SHOT figure fighter=f-0-sk2 bbox=(394,584,467,665) ringR=22.23 art=1 blockout=0 team=P1 look=P1 ring=1
2026.10.01-12.58.18 SHOT figure fighter=f-1-hero bbox=(1081,619,1165,728) ringR=28.50 art=1 blockout=0 team=P2 look=P2 ring=1
2026.10.01-12.58.18 SHOT figure fighter=f-1-sk0 bbox=(1139,534,1204,620) ringR=22.23 art=1 blockout=0 team=P2 look=P2 ring=1
2026.10.01-12.58.18 SHOT request file=s09-combat-defense-open.png frame=394
2026.10.01-12.58.18 SHOT requested: FScreenshotRequest(bShowUI) -> C:\Users\ren\AppData\Local\Temp\s09-combat-20261001-175646-29856\joiner/s09-combat-defense-open.png
2026.10.01-12.58.18 TAG fighter=f-0-hero bbox=(932,654,1034,676) mode=compact look=P1 placement=above ring=0 hardPx2=0 softPx2=0 order=5 bound=1
2026.10.01-12.58.18 TAG fighter=f-0-sk0 bbox=(509,496,593,518) mode=compact look=P1 placement=above ring=0 hardPx2=0 softPx2=0 order=2 bound=1
2026.10.01-12.58.18 TAG fighter=f-0-sk1 bbox=(396,458,480,480) mode=compact look=P1 placement=above ring=0 hardPx2=0 softPx2=0 order=1 bound=1
2026.10.01-12.58.18 TAG fighter=f-0-sk2 bbox=(308,584,392,606) mode=compact look=P1 placement=left ring=0 hardPx2=0 softPx2=0 order=4 bound=1
2026.10.01-12.58.18 TAG fighter=f-1-hero bbox=(1072,730,1174,752) mode=compact look=P2 placement=below ring=0 hardPx2=0 softPx2=0 order=0 bound=1
2026.10.01-12.58.18 TAG fighter=f-1-sk0 bbox=(1130,510,1214,532) mode=compact look=P2 placement=above ring=0 hardPx2=0 softPx2=0 order=3 bound=1
2026.10.01-12.58.18 ICON fighter=f-1-hero bbox=(1168,641,1200,673) size=32 src=combat anchor=right fallback=0 overlapPx2=0 texture=/Game/ArtTests/ARTMarkers/Textures/T_UI_Action_AttackToken_32
2026.10.01-12.58.19 SHOT captured file=s09-combat-defense-open.png frame=394 px=1920x1080 sha256=b3e5e94a1ce241f9c9d10ffcac23eeaac5ff393372b1f6e18d132ebc40182983 order=BGRA saved=1
2026.10.01-12.58.19 SHOT late begin file=s09-combat-defense-open.png frame=394 requestFrame=394
2026.10.01-12.58.19 SHOT icon fighter=f-1-hero bbox=(1168,641,1200,673) size=32 src=combat planned=(1168,641,1200,673) geom=painted visible=1 anchor=right fallback=0 overlapPx2=0 texture=/Game/ArtTests/ARTMarkers/Textures/T_UI_Action_AttackToken_32 frame=394
2026.10.01-12.58.19 SHOT widget id=icon impl=umg state=combat fighter=f-1-hero bbox=(1168,641,1200,673) geom=painted visible=1 twin=0 source=/Game/S08/UI/ArtHud/WBP_S08ArtIcon frame=394
2026.10.01-12.58.19 SHOT widget id=board.tag impl=umg state=compact fighter=f-0-hero bbox=(932,654,1034,676) geom=painted visible=1 twin=0 source=/Game/S08/UI/ArtHud/WBP_S08ArtTag mode=compact look=P1 shape=circle placement=above ring=0 order=5 bound=1 softPx2=0 planned=(932,654,1034,676) frame=394
2026.10.01-12.58.19 SHOT widget id=board.tag.hp impl=umg state=compact fighter=f-0-hero bbox=(988,656,1030,674) geom=painted visible=1 twin=0 source=/Game/S08/UI/ArtHud/WBP_S08ArtTag mode=compact look=P1 shape=circle placement=above ring=0 order=5 bound=1 softPx2=0 planned=(932,654,1034,676) frame=394 font=11
2026.10.01-12.58.19 SHOT widget id=board.tag.bar impl=umg state=compact fighter=f-0-hero bbox=(951,663,985,668) geom=painted visible=1 twin=0 source=/Game/S08/UI/ArtHud/WBP_S08ArtTag mode=compact look=P1 shape=circle placement=above ring=0 order=5 bound=1 softPx2=0 planned=(932,654,1034,676) frame=394
2026.10.01-12.58.19 SHOT widget id=board.tag.chip impl=umg state=compact fighter=f-0-hero bbox=(936,659,948,671) geom=painted visible=1 twin=0 source=/Game/S08/UI/ArtHud/WBP_S08ArtTag mode=compact look=P1 shape=circle placement=above ring=0 order=5 bound=1 softPx2=0 planned=(932,654,1034,676) frame=394
2026.10.01-12.58.19 SHOT widget id=board.tag impl=umg state=compact fighter=f-0-sk0 bbox=(509,496,593,518) geom=painted visible=1 twin=0 source=/Game/S08/UI/ArtHud/WBP_S08ArtTag mode=compact look=P1 shape=circle placement=above ring=0 order=2 bound=1 softPx2=0 planned=(509,496,593,518) frame=394
2026.10.01-12.58.19 SHOT widget id=board.tag.hp impl=umg state=compact fighter=f-0-sk0 bbox=(565,498,589,516) geom=painted visible=1 twin=0 source=/Game/S08/UI/ArtHud/WBP_S08ArtTag mode=compact look=P1 shape=circle placement=above ring=0 order=2 bound=1 softPx2=0 planned=(509,496,593,518) frame=394 font=11
2026.10.01-12.58.19 SHOT widget id=board.tag.bar impl=umg state=compact fighter=f-0-sk0 bbox=(528,505,562,510) geom=painted visible=1 twin=0 source=/Game/S08/UI/ArtHud/WBP_S08ArtTag mode=compact look=P1 shape=circle placement=above ring=0 order=2 bound=1 softPx2=0 planned=(509,496,593,518) frame=394
2026.10.01-12.58.19 SHOT widget id=board.tag.chip impl=umg state=compact fighter=f-0-sk0 bbox=(513,501,525,513) geom=painted visible=1 twin=0 source=/Game/S08/UI/ArtHud/WBP_S08ArtTag mode=compact look=P1 shape=circle placement=above ring=0 order=2 bound=1 softPx2=0 planned=(509,496,593,518) frame=394
2026.10.01-12.58.19 SHOT widget id=board.tag impl=umg state=compact fighter=f-0-sk1 bbox=(396,458,480,480) geom=painted visible=1 twin=0 source=/Game/S08/UI/ArtHud/WBP_S08ArtTag mode=compact look=P1 shape=circle placement=above ring=0 order=1 bound=1 softPx2=0 planned=(396,458,480,480) frame=394
2026.10.01-12.58.19 SHOT widget id=board.tag.hp impl=umg state=compact fighter=f-0-sk1 bbox=(452,460,476,478) geom=painted visible=1 twin=0 source=/Game/S08/UI/ArtHud/WBP_S08ArtTag mode=compact look=P1 shape=circle placement=above ring=0 order=1 bound=1 softPx2=0 planned=(396,458,480,480) frame=394 font=11
2026.10.01-12.58.19 SHOT widget id=board.tag.bar impl=umg state=compact fighter=f-0-sk1 bbox=(415,467,449,472) geom=painted visible=1 twin=0 source=/Game/S08/UI/ArtHud/WBP_S08ArtTag mode=compact look=P1 shape=circle placement=above ring=0 order=1 bound=1 softPx2=0 planned=(396,458,480,480) frame=394
2026.10.01-12.58.19 SHOT widget id=board.tag.chip impl=umg state=compact fighter=f-0-sk1 bbox=(400,463,412,475) geom=painted visible=1 twin=0 source=/Game/S08/UI/ArtHud/WBP_S08ArtTag mode=compact look=P1 shape=circle placement=above ring=0 order=1 bound=1 softPx2=0 planned=(396,458,480,480) frame=394
2026.10.01-12.58.19 SHOT widget id=board.tag impl=umg state=compact fighter=f-0-sk2 bbox=(308,584,392,606) geom=painted visible=1 twin=0 source=/Game/S08/UI/ArtHud/WBP_S08ArtTag mode=compact look=P1 shape=circle placement=left ring=0 order=4 bound=1 softPx2=0 planned=(308,584,392,606) frame=394
2026.10.01-12.58.19 SHOT widget id=board.tag.hp impl=umg state=compact fighter=f-0-sk2 bbox=(364,586,388,604) geom=painted visible=1 twin=0 source=/Game/S08/UI/ArtHud/WBP_S08ArtTag mode=compact look=P1 shape=circle placement=left ring=0 order=4 bound=1 softPx2=0 planned=(308,584,392,606) frame=394 font=11
2026.10.01-12.58.19 SHOT widget id=board.tag.bar impl=umg state=compact fighter=f-0-sk2 bbox=(327,593,361,598) geom=painted visible=1 twin=0 source=/Game/S08/UI/ArtHud/WBP_S08ArtTag mode=compact look=P1 shape=circle placement=left ring=0 order=4 bound=1 softPx2=0 planned=(308,584,392,606) frame=394
2026.10.01-12.58.19 SHOT widget id=board.tag.chip impl=umg state=compact fighter=f-0-sk2 bbox=(312,589,324,601) geom=painted visible=1 twin=0 source=/Game/S08/UI/ArtHud/WBP_S08ArtTag mode=compact look=P1 shape=circle placement=left ring=0 order=4 bound=1 softPx2=0 planned=(308,584,392,606) frame=394
2026.10.01-12.58.19 SHOT widget id=board.tag impl=umg state=compact fighter=f-1-hero bbox=(1072,730,1174,752) geom=painted visible=1 twin=0 source=/Game/S08/UI/ArtHud/WBP_S08ArtTag mode=compact look=P2 shape=hex placement=below ring=0 order=0 bound=1 softPx2=0 planned=(1072,730,1174,752) frame=394
2026.10.01-12.58.19 SHOT widget id=board.tag.hp impl=umg state=compact fighter=f-1-hero bbox=(1128,732,1170,750) geom=painted visible=1 twin=0 source=/Game/S08/UI/ArtHud/WBP_S08ArtTag mode=compact look=P2 shape=hex placement=below ring=0 order=0 bound=1 softPx2=0 planned=(1072,730,1174,752) frame=394 font=11
2026.10.01-12.58.19 SHOT widget id=board.tag.bar impl=umg state=compact fighter=f-1-hero bbox=(1091,739,1125,744) geom=painted visible=1 twin=0 source=/Game/S08/UI/ArtHud/WBP_S08ArtTag mode=compact look=P2 shape=hex placement=below ring=0 order=0 bound=1 softPx2=0 planned=(1072,730,1174,752) frame=394
2026.10.01-12.58.19 SHOT widget id=board.tag.chip impl=umg state=compact fighter=f-1-hero bbox=(1076,735,1088,747) geom=painted visible=1 twin=0 source=/Game/S08/UI/ArtHud/WBP_S08ArtTag mode=compact look=P2 shape=hex placement=below ring=0 order=0 bound=1 softPx2=0 planned=(1072,730,1174,752) frame=394
2026.10.01-12.58.19 SHOT widget id=board.tag impl=umg state=compact fighter=f-1-sk0 bbox=(1130,510,1214,532) geom=painted visible=1 twin=0 source=/Game/S08/UI/ArtHud/WBP_S08ArtTag mode=compact look=P2 shape=hex placement=above ring=0 order=3 bound=1 softPx2=0 planned=(1130,510,1214,532) frame=394
2026.10.01-12.58.19 SHOT widget id=board.tag.hp impl=umg state=compact fighter=f-1-sk0 bbox=(1186,512,1210,530) geom=painted visible=1 twin=0 source=/Game/S08/UI/ArtHud/WBP_S08ArtTag mode=compact look=P2 shape=hex placement=above ring=0 order=3 bound=1 softPx2=0 planned=(1130,510,1214,532) frame=394 font=11
2026.10.01-12.58.19 SHOT widget id=board.tag.bar impl=umg state=compact fighter=f-1-sk0 bbox=(1149,519,1183,524) geom=painted visible=1 twin=0 source=/Game/S08/UI/ArtHud/WBP_S08ArtTag mode=compact look=P2 shape=hex placement=above ring=0 order=3 bound=1 softPx2=0 planned=(1130,510,1214,532) frame=394
2026.10.01-12.58.19 SHOT widget id=board.tag.chip impl=umg state=compact fighter=f-1-sk0 bbox=(1134,515,1146,527) geom=painted visible=1 twin=0 source=/Game/S08/UI/ArtHud/WBP_S08ArtTag mode=compact look=P2 shape=hex placement=above ring=0 order=3 bound=1 softPx2=0 planned=(1130,510,1214,532) frame=394
2026.10.01-12.58.19 SHOT panel id=hud.command bbox=(0,0,514,182) geom=painted visible=1 frame=394
2026.10.01-12.58.19 SHOT panel id=hud.side bbox=(1489,0,1920,121) geom=painted visible=1 frame=394
2026.10.01-12.58.19 SHOT panel id=hud.hand bbox=(453,985,1467,1080) geom=painted visible=1 frame=394
2026.10.01-12.58.19 SHOT late end file=s09-combat-defense-open.png frame=394
2026.10.01-12.58.19 S09AUTO defense card picked
2026.10.01-12.58.19 DEFENSE sent
2026.10.01-12.58.19 TAG fighter=f-0-hero bbox=(932,654,1034,676) mode=compact look=P1 placement=above ring=0 hardPx2=0 softPx2=0 order=5 bound=1
2026.10.01-12.58.19 TAG fighter=f-0-sk0 bbox=(509,496,593,518) mode=compact look=P1 placement=above ring=0 hardPx2=0 softPx2=0 order=2 bound=1
2026.10.01-12.58.19 TAG fighter=f-0-sk1 bbox=(396,458,480,480) mode=compact look=P1 placement=above ring=0 hardPx2=0 softPx2=0 order=1 bound=1
2026.10.01-12.58.19 TAG fighter=f-0-sk2 bbox=(308,584,392,606) mode=compact look=P1 placement=left ring=0 hardPx2=0 softPx2=0 order=4 bound=1
2026.10.01-12.58.19 TAG fighter=f-1-hero bbox=(1072,730,1174,752) mode=compact look=P2 placement=below ring=0 hardPx2=0 softPx2=0 order=0 bound=1
2026.10.01-12.58.19 TAG fighter=f-1-sk0 bbox=(1130,510,1214,532) mode=compact look=P2 placement=above ring=0 hardPx2=0 softPx2=0 order=3 bound=1
2026.10.01-12.58.19 ICON fighter=f-1-hero bbox=(1168,641,1200,673) size=32 src=combat anchor=right fallback=0 overlapPx2=0 texture=/Game/ArtTests/ARTMarkers/Textures/T_UI_Action_AttackToken_32
2026.10.01-12.58.19 TAG fighter=f-0-hero bbox=(932,654,1034,676) mode=compact look=P1 placement=above ring=0 hardPx2=0 softPx2=0 order=5 bound=1
2026.10.01-12.58.19 TAG fighter=f-0-sk0 bbox=(509,496,593,518) mode=compact look=P1 placement=above ring=0 hardPx2=0 softPx2=0 order=2 bound=1
2026.10.01-12.58.19 TAG fighter=f-0-sk1 bbox=(396,458,480,480) mode=compact look=P1 placement=above ring=0 hardPx2=0 softPx2=0 order=1 bound=1
2026.10.01-12.58.19 TAG fighter=f-0-sk2 bbox=(308,584,392,606) mode=compact look=P1 placement=left ring=0 hardPx2=0 softPx2=0 order=4 bound=1
2026.10.01-12.58.19 TAG fighter=f-1-hero bbox=(1072,730,1174,752) mode=compact look=P2 placement=below ring=0 hardPx2=0 softPx2=0 order=0 bound=1
2026.10.01-12.58.19 TAG fighter=f-1-sk0 bbox=(1130,510,1214,532) mode=compact look=P2 placement=above ring=0 hardPx2=0 softPx2=0 order=3 bound=1
2026.10.01-12.58.19 ICON fighter=f-1-hero bbox=(1168,641,1200,673) size=32 src=combat anchor=right fallback=0 overlapPx2=0 texture=/Game/ArtTests/ARTMarkers/Textures/T_UI_Action_AttackToken_32
2026.10.01-12.58.19 SNAPSHOT applied seq=5 phase=COMBAT_RESOLVE
2026.10.01-12.58.19 HANDLE_APPLIED #6 seq=5 decision=2 fightersValid=1 boardValid=1
2026.10.01-12.58.19 ARTPREVIEW anim fighter=f-0-hero clip=LungeAttack len=0.583 event=attack loop=0 phase=0.0000 seq=5 asset=AM_Medusa_LungeAttack
2026.10.01-12.58.19 closed mode=
2026.10.01-12.58.19 MODE seq=5 mode=5 combat=1 pending=0
2026.10.01-12.58.19 HUD seq=5 phase=COMBAT_RESOLVE turn=opp hand=4 oppHand=5(hidden) oppDeck=24 deck=25 discard=1
2026.10.01-12.58.19 ARTPREVIEW fighter=Medusa hero=1 eligible=0 visual=1 mesh=SK_Medusa_H2LD
2026.10.01-12.58.19 FIGHTERS synced n=6 alive=6 own=2 enemy=4
2026.10.01-12.58.19 DEFENSE done seq=5 (apply) phase=COMBAT_RESOLVE
2026.10.01-12.58.19 SNAPSHOT applied seq=5 phase=COMBAT_RESOLVE
2026.10.01-12.58.19 HANDLE_APPLIED #7 seq=5 decision=1 fightersValid=1 boardValid=1
2026.10.01-12.58.19 MODE seq=5 mode=5 combat=1 pending=0
2026.10.01-12.58.19 HUD seq=5 phase=COMBAT_RESOLVE turn=opp hand=4 oppHand=5(hidden) oppDeck=24 deck=25 discard=1
2026.10.01-12.58.19 ARTPREVIEW fighter=Medusa hero=1 eligible=0 visual=1 mesh=SK_Medusa_H2LD
2026.10.01-12.58.19 FIGHTERS synced n=6 alive=6 own=2 enemy=4
2026.10.01-12.58.19 WS seq=5 phase=COMBAT_RESOLVE (merge)
2026.10.01-12.58.19 S09AUTO drive mode=5 plan=[attack+ranged+defend+resolve] phase=COMBAT_RESOLVE turn=cmuhntivg0000wib0anhqyswc
2026.10.01-12.58.19 S09AUTO resolve-window shot
2026.10.01-12.58.19 SHOT ctx viewport=1920x1080 viewTarget=CameraActor_2147482233 cam=(0,1342,1917) rot=(-55,-90,0)
2026.10.01-12.58.19 RENDER tag=SHOT rhi=D3D12 featureLevel=SM6 shaderPlatform=PCD3D_SM6 lumenPlatform=1 gi=lumen giMethod=1 refl=lumen reflMethod=1 shadows=csm vsmEnable=0 sg.res=100 sg.view=2 sg.aa=2 sg.shadow=2 sg.gi=2 sg.refl=2 sg.pp=2 sg.tex=2 sg.fx=2 sg.foliage=2 sg.shading=2 sg.landscape=2 preset=High screenPct=100.0 screenPctMode=0 aa=TSR aaMethod=4 exposure=fixed-histogram expMin=4.14106 expMax=4.14106 expBias=0.000 ev100=2.05 lightUnits=candelas sky=1 skyIntensity=3.000 keyShadow=csm-3600uu-2c-contact0.000 shadowCasters=1 profile=sarpedon-night profilesSha256=f7e257eea8ecb88e5f81d37f3be97da6862e500247ad3c0b07c5a1aaf28d1802 profilesSource=pak legacyRender=0 gameLayer=unlit-eyeadaptinv tMaxFPS=30.0 vsync=0 frameRateLimit=60.0 substrate=0 nanite=1 meshDF=1 viewport=1920x1080 reference=1
2026.10.01-12.58.19 SHOT fighter f-0-hero pos=(4,4) world=(16,189,0) screen=(982,752) projected=1 alive=1
2026.10.01-12.58.19 SHOT fighter f-0-sk0 pos=(1,3) world=(-309,33,0) screen=(555,576) projected=1 alive=1
2026.10.01-12.58.19 SHOT fighter f-0-sk1 pos=(0,2) world=(-398,-3,0) screen=(442,537) projected=1 alive=1
2026.10.01-12.58.19 SHOT fighter f-0-sk2 pos=(0,3) world=(-394,92,0) screen=(435,640) projected=1 alive=1
2026.10.01-12.58.19 SHOT fighter f-1-hero pos=(5,4) world=(119,141,0) screen=(1120,695) projected=1 alive=1
2026.10.01-12.58.19 SHOT fighter f-1-sk0 pos=(6,3) world=(159,52,0) screen=(1169,596) projected=1 alive=1
2026.10.01-12.58.19 SHOT camera dist=2340.2 target=2340.2 overview=2340.2 errPct=0.000 focusErr=0.00 settled=1 zoom=1.00
2026.10.01-12.58.19 SHOT head fighter=f-0-hero socket=Head mesh=SK_Medusa_H2LD world=(16.3,188.9,47.2) screen=(982.6,717.3) top=(982.7,712.9) bottom=(982.6,721.6) headPx=8.8 projected=1
2026.10.01-12.58.19 SHOT head fighter=f-0-sk0 socket=Head mesh=SK_Harpy_H3LD world=(-308.4,28.1,34.0) screen=(551.0,544.7) top=(550.2,540.1) bottom=(551.9,549.2) headPx=9.3 projected=1
2026.10.01-12.58.19 SHOT head fighter=f-0-sk1 socket=Head mesh=SK_Harpy_H3LD world=(-398.4,2.7,34.0) screen=(435.1,517.3) top=(434.0,512.7) bottom=(436.2,521.8) headPx=9.4 projected=1
2026.10.01-12.58.19 SHOT head fighter=f-0-sk2 socket=Head mesh=SK_Harpy_H3LD world=(-394.2,87.0,34.3) screen=(429.5,609.4) top=(428.3,604.9) bottom=(430.6,613.9) headPx=9.3 projected=1
2026.10.01-12.58.19 SHOT head fighter=f-1-hero socket=Head mesh=SK_KingArthur_H2LD world=(119.4,140.7,50.0) screen=(1123.8,658.7) top=(1124.2,654.3) bottom=(1123.5,663.2) headPx=8.9 projected=1
2026.10.01-12.58.19 SHOT head fighter=f-1-sk0 socket=Head mesh=SK_Merlin_H2LD world=(159.2,48.5,36.4) screen=(1172.3,565.2) top=(1172.8,560.6) bottom=(1171.9,569.7) headPx=9.1 projected=1
2026.10.01-12.58.19 SHOT figure fighter=f-0-hero bbox=(943,678,1023,785) ringR=28.50 art=1 blockout=0 team=P1 look=P1 ring=1
2026.10.01-12.58.19 SHOT figure fighter=f-0-sk0 bbox=(516,520,586,600) ringR=22.23 art=1 blockout=0 team=P1 look=P1 ring=1
2026.10.01-12.58.19 SHOT figure fighter=f-0-sk1 bbox=(402,482,474,561) ringR=22.23 art=1 blockout=0 team=P1 look=P1 ring=1
2026.10.01-12.58.19 SHOT figure fighter=f-0-sk2 bbox=(394,584,467,665) ringR=22.23 art=1 blockout=0 team=P1 look=P1 ring=1
2026.10.01-12.58.19 SHOT figure fighter=f-1-hero bbox=(1081,619,1165,728) ringR=28.50 art=1 blockout=0 team=P2 look=P2 ring=1
2026.10.01-12.58.19 SHOT figure fighter=f-1-sk0 bbox=(1139,534,1204,620) ringR=22.23 art=1 blockout=0 team=P2 look=P2 ring=1
2026.10.01-12.58.19 SHOT request file=s09-combat-resolve-window.png frame=399
2026.10.01-12.58.19 SHOT requested: FScreenshotRequest(bShowUI) -> C:\Users\ren\AppData\Local\Temp\s09-combat-20261001-175646-29856\joiner/s09-combat-resolve-window.png
2026.10.01-12.58.20 SHOT captured file=s09-combat-resolve-window.png frame=399 px=1920x1080 sha256=0e446a122d1bd929c8f4a2544ec4d62dcbd3b2531dc0c4917a425653ab31a69c order=BGRA saved=1
2026.10.01-12.58.20 SHOT late begin file=s09-combat-resolve-window.png frame=399 requestFrame=399
2026.10.01-12.58.20 SHOT icon fighter=f-1-hero bbox=(1168,641,1200,673) size=32 src=combat planned=(1168,641,1200,673) geom=painted visible=1 anchor=right fallback=0 overlapPx2=0 texture=/Game/ArtTests/ARTMarkers/Textures/T_UI_Action_AttackToken_32 frame=399
2026.10.01-12.58.20 SHOT widget id=icon impl=umg state=combat fighter=f-1-hero bbox=(1168,641,1200,673) geom=painted visible=1 twin=0 source=/Game/S08/UI/ArtHud/WBP_S08ArtIcon frame=399
2026.10.01-12.58.20 SHOT widget id=board.tag impl=umg state=compact fighter=f-0-hero bbox=(932,654,1034,676) geom=painted visible=1 twin=0 source=/Game/S08/UI/ArtHud/WBP_S08ArtTag mode=compact look=P1 shape=circle placement=above ring=0 order=5 bound=1 softPx2=0 planned=(932,654,1034,676) frame=399
2026.10.01-12.58.20 SHOT widget id=board.tag.hp impl=umg state=compact fighter=f-0-hero bbox=(988,656,1030,674) geom=painted visible=1 twin=0 source=/Game/S08/UI/ArtHud/WBP_S08ArtTag mode=compact look=P1 shape=circle placement=above ring=0 order=5 bound=1 softPx2=0 planned=(932,654,1034,676) frame=399 font=11
2026.10.01-12.58.20 SHOT widget id=board.tag.bar impl=umg state=compact fighter=f-0-hero bbox=(951,663,985,668) geom=painted visible=1 twin=0 source=/Game/S08/UI/ArtHud/WBP_S08ArtTag mode=compact look=P1 shape=circle placement=above ring=0 order=5 bound=1 softPx2=0 planned=(932,654,1034,676) frame=399
2026.10.01-12.58.20 SHOT widget id=board.tag.chip impl=umg state=compact fighter=f-0-hero bbox=(936,659,948,671) geom=painted visible=1 twin=0 source=/Game/S08/UI/ArtHud/WBP_S08ArtTag mode=compact look=P1 shape=circle placement=above ring=0 order=5 bound=1 softPx2=0 planned=(932,654,1034,676) frame=399
2026.10.01-12.58.20 SHOT widget id=board.tag impl=umg state=compact fighter=f-0-sk0 bbox=(509,496,593,518) geom=painted visible=1 twin=0 source=/Game/S08/UI/ArtHud/WBP_S08ArtTag mode=compact look=P1 shape=circle placement=above ring=0 order=2 bound=1 softPx2=0 planned=(509,496,593,518) frame=399
2026.10.01-12.58.20 SHOT widget id=board.tag.hp impl=umg state=compact fighter=f-0-sk0 bbox=(565,498,589,516) geom=painted visible=1 twin=0 source=/Game/S08/UI/ArtHud/WBP_S08ArtTag mode=compact look=P1 shape=circle placement=above ring=0 order=2 bound=1 softPx2=0 planned=(509,496,593,518) frame=399 font=11
2026.10.01-12.58.20 SHOT widget id=board.tag.bar impl=umg state=compact fighter=f-0-sk0 bbox=(528,505,562,510) geom=painted visible=1 twin=0 source=/Game/S08/UI/ArtHud/WBP_S08ArtTag mode=compact look=P1 shape=circle placement=above ring=0 order=2 bound=1 softPx2=0 planned=(509,496,593,518) frame=399
2026.10.01-12.58.20 SHOT widget id=board.tag.chip impl=umg state=compact fighter=f-0-sk0 bbox=(513,501,525,513) geom=painted visible=1 twin=0 source=/Game/S08/UI/ArtHud/WBP_S08ArtTag mode=compact look=P1 shape=circle placement=above ring=0 order=2 bound=1 softPx2=0 planned=(509,496,593,518) frame=399
2026.10.01-12.58.20 SHOT widget id=board.tag impl=umg state=compact fighter=f-0-sk1 bbox=(396,458,480,480) geom=painted visible=1 twin=0 source=/Game/S08/UI/ArtHud/WBP_S08ArtTag mode=compact look=P1 shape=circle placement=above ring=0 order=1 bound=1 softPx2=0 planned=(396,458,480,480) frame=399
2026.10.01-12.58.20 SHOT widget id=board.tag.hp impl=umg state=compact fighter=f-0-sk1 bbox=(452,460,476,478) geom=painted visible=1 twin=0 source=/Game/S08/UI/ArtHud/WBP_S08ArtTag mode=compact look=P1 shape=circle placement=above ring=0 order=1 bound=1 softPx2=0 planned=(396,458,480,480) frame=399 font=11
2026.10.01-12.58.20 SHOT widget id=board.tag.bar impl=umg state=compact fighter=f-0-sk1 bbox=(415,467,449,472) geom=painted visible=1 twin=0 source=/Game/S08/UI/ArtHud/WBP_S08ArtTag mode=compact look=P1 shape=circle placement=above ring=0 order=1 bound=1 softPx2=0 planned=(396,458,480,480) frame=399
2026.10.01-12.58.20 SHOT widget id=board.tag.chip impl=umg state=compact fighter=f-0-sk1 bbox=(400,463,412,475) geom=painted visible=1 twin=0 source=/Game/S08/UI/ArtHud/WBP_S08ArtTag mode=compact look=P1 shape=circle placement=above ring=0 order=1 bound=1 softPx2=0 planned=(396,458,480,480) frame=399
2026.10.01-12.58.20 SHOT widget id=board.tag impl=umg state=compact fighter=f-0-sk2 bbox=(308,584,392,606) geom=painted visible=1 twin=0 source=/Game/S08/UI/ArtHud/WBP_S08ArtTag mode=compact look=P1 shape=circle placement=left ring=0 order=4 bound=1 softPx2=0 planned=(308,584,392,606) frame=399
2026.10.01-12.58.20 SHOT widget id=board.tag.hp impl=umg state=compact fighter=f-0-sk2 bbox=(364,586,388,604) geom=painted visible=1 twin=0 source=/Game/S08/UI/ArtHud/WBP_S08ArtTag mode=compact look=P1 shape=circle placement=left ring=0 order=4 bound=1 softPx2=0 planned=(308,584,392,606) frame=399 font=11
2026.10.01-12.58.20 SHOT widget id=board.tag.bar impl=umg state=compact fighter=f-0-sk2 bbox=(327,593,361,598) geom=painted visible=1 twin=0 source=/Game/S08/UI/ArtHud/WBP_S08ArtTag mode=compact look=P1 shape=circle placement=left ring=0 order=4 bound=1 softPx2=0 planned=(308,584,392,606) frame=399
2026.10.01-12.58.20 SHOT widget id=board.tag.chip impl=umg state=compact fighter=f-0-sk2 bbox=(312,589,324,601) geom=painted visible=1 twin=0 source=/Game/S08/UI/ArtHud/WBP_S08ArtTag mode=compact look=P1 shape=circle placement=left ring=0 order=4 bound=1 softPx2=0 planned=(308,584,392,606) frame=399
2026.10.01-12.58.20 SHOT widget id=board.tag impl=umg state=compact fighter=f-1-hero bbox=(1072,730,1174,752) geom=painted visible=1 twin=0 source=/Game/S08/UI/ArtHud/WBP_S08ArtTag mode=compact look=P2 shape=hex placement=below ring=0 order=0 bound=1 softPx2=0 planned=(1072,730,1174,752) frame=399
2026.10.01-12.58.20 SHOT widget id=board.tag.hp impl=umg state=compact fighter=f-1-hero bbox=(1128,732,1170,750) geom=painted visible=1 twin=0 source=/Game/S08/UI/ArtHud/WBP_S08ArtTag mode=compact look=P2 shape=hex placement=below ring=0 order=0 bound=1 softPx2=0 planned=(1072,730,1174,752) frame=399 font=11
2026.10.01-12.58.20 SHOT widget id=board.tag.bar impl=umg state=compact fighter=f-1-hero bbox=(1091,739,1125,744) geom=painted visible=1 twin=0 source=/Game/S08/UI/ArtHud/WBP_S08ArtTag mode=compact look=P2 shape=hex placement=below ring=0 order=0 bound=1 softPx2=0 planned=(1072,730,1174,752) frame=399
2026.10.01-12.58.20 SHOT widget id=board.tag.chip impl=umg state=compact fighter=f-1-hero bbox=(1076,735,1088,747) geom=painted visible=1 twin=0 source=/Game/S08/UI/ArtHud/WBP_S08ArtTag mode=compact look=P2 shape=hex placement=below ring=0 order=0 bound=1 softPx2=0 planned=(1072,730,1174,752) frame=399
2026.10.01-12.58.20 SHOT widget id=board.tag impl=umg state=compact fighter=f-1-sk0 bbox=(1130,510,1214,532) geom=painted visible=1 twin=0 source=/Game/S08/UI/ArtHud/WBP_S08ArtTag mode=compact look=P2 shape=hex placement=above ring=0 order=3 bound=1 softPx2=0 planned=(1130,510,1214,532) frame=399
2026.10.01-12.58.20 SHOT widget id=board.tag.hp impl=umg state=compact fighter=f-1-sk0 bbox=(1186,512,1210,530) geom=painted visible=1 twin=0 source=/Game/S08/UI/ArtHud/WBP_S08ArtTag mode=compact look=P2 shape=hex placement=above ring=0 order=3 bound=1 softPx2=0 planned=(1130,510,1214,532) frame=399 font=11
2026.10.01-12.58.20 SHOT widget id=board.tag.bar impl=umg state=compact fighter=f-1-sk0 bbox=(1149,519,1183,524) geom=painted visible=1 twin=0 source=/Game/S08/UI/ArtHud/WBP_S08ArtTag mode=compact look=P2 shape=hex placement=above ring=0 order=3 bound=1 softPx2=0 planned=(1130,510,1214,532) frame=399
2026.10.01-12.58.20 SHOT widget id=board.tag.chip impl=umg state=compact fighter=f-1-sk0 bbox=(1134,515,1146,527) geom=painted visible=1 twin=0 source=/Game/S08/UI/ArtHud/WBP_S08ArtTag mode=compact look=P2 shape=hex placement=above ring=0 order=3 bound=1 softPx2=0 planned=(1130,510,1214,532) frame=399
2026.10.01-12.58.20 SHOT panel id=hud.command bbox=(0,0,759,204) geom=painted visible=1 frame=399
2026.10.01-12.58.20 SHOT panel id=hud.side bbox=(1442,0,1920,121) geom=painted visible=1 frame=399
2026.10.01-12.58.20 SHOT panel id=hud.hand bbox=(537,985,1384,1080) geom=painted visible=1 frame=399
2026.10.01-12.58.20 SHOT late end file=s09-combat-resolve-window.png frame=399
2026.10.01-12.58.20 S09AUTO resolve
2026.10.01-12.58.20 RESOLVE sent
2026.10.01-12.58.20 TAG fighter=f-0-hero bbox=(932,654,1034,676) mode=compact look=P1 placement=above ring=0 hardPx2=0 softPx2=0 order=5 bound=1
2026.10.01-12.58.20 TAG fighter=f-0-sk0 bbox=(509,496,593,518) mode=compact look=P1 placement=above ring=0 hardPx2=0 softPx2=0 order=2 bound=1
2026.10.01-12.58.20 TAG fighter=f-0-sk1 bbox=(396,458,480,480) mode=compact look=P1 placement=above ring=0 hardPx2=0 softPx2=0 order=1 bound=1
2026.10.01-12.58.20 TAG fighter=f-0-sk2 bbox=(308,584,392,606) mode=compact look=P1 placement=left ring=0 hardPx2=0 softPx2=0 order=4 bound=1
2026.10.01-12.58.20 TAG fighter=f-1-hero bbox=(1072,730,1174,752) mode=compact look=P2 placement=below ring=0 hardPx2=0 softPx2=0 order=0 bound=1
2026.10.01-12.58.20 TAG fighter=f-1-sk0 bbox=(1130,510,1214,532) mode=compact look=P2 placement=above ring=0 hardPx2=0 softPx2=0 order=3 bound=1
2026.10.01-12.58.20 ICON fighter=f-1-hero bbox=(1168,641,1200,673) size=32 src=combat anchor=right fallback=0 overlapPx2=0 texture=/Game/ArtTests/ARTMarkers/Textures/T_UI_Action_AttackToken_32
2026.10.01-12.58.20 SNAPSHOT applied seq=6 phase=COMBAT_RESOLVE
2026.10.01-12.58.20 HANDLE_APPLIED #8 seq=6 decision=2 fightersValid=1 boardValid=1
2026.10.01-12.58.20 MODE seq=6 mode=5 combat=1 pending=1
2026.10.01-12.58.20 HUD seq=6 phase=COMBAT_RESOLVE turn=opp hand=4 oppHand=5(hidden) oppDeck=24 deck=25 discard=1
2026.10.01-12.58.20 RESOLVE panel revealed: A3+B0 vs D1
2026.10.01-12.58.20 RESOLVE panel blocked by pending (type=BOOST_CHOICE id=cmuhgvgkf00smwi9gaeymh3ur-during-0-boost-5)
2026.10.01-12.58.20 ARTPREVIEW fighter=Medusa hero=1 eligible=0 visual=1 mesh=SK_Medusa_H2LD
2026.10.01-12.58.20 FIGHTERS synced n=6 alive=6 own=2 enemy=4
2026.10.01-12.58.20 RESOLVE done seq=6 (apply) phase=COMBAT_RESOLVE
2026.10.01-12.58.20 SNAPSHOT applied seq=6 phase=COMBAT_RESOLVE
2026.10.01-12.58.20 HANDLE_APPLIED #9 seq=6 decision=1 fightersValid=1 boardValid=1
2026.10.01-12.58.20 MODE seq=6 mode=5 combat=1 pending=1
2026.10.01-12.58.20 HUD seq=6 phase=COMBAT_RESOLVE turn=opp hand=4 oppHand=5(hidden) oppDeck=24 deck=25 discard=1
2026.10.01-12.58.20 ARTPREVIEW fighter=Medusa hero=1 eligible=0 visual=1 mesh=SK_Medusa_H2LD
2026.10.01-12.58.20 FIGHTERS synced n=6 alive=6 own=2 enemy=4
2026.10.01-12.58.20 WS seq=6 phase=COMBAT_RESOLVE (merge)
2026.10.01-12.58.20 S09AUTO resolve-revealed shot
2026.10.01-12.58.20 SHOT ctx viewport=1920x1080 viewTarget=CameraActor_2147482233 cam=(0,1342,1917) rot=(-55,-90,0)
2026.10.01-12.58.20 RENDER tag=SHOT rhi=D3D12 featureLevel=SM6 shaderPlatform=PCD3D_SM6 lumenPlatform=1 gi=lumen giMethod=1 refl=lumen reflMethod=1 shadows=csm vsmEnable=0 sg.res=100 sg.view=2 sg.aa=2 sg.shadow=2 sg.gi=2 sg.refl=2 sg.pp=2 sg.tex=2 sg.fx=2 sg.foliage=2 sg.shading=2 sg.landscape=2 preset=High screenPct=100.0 screenPctMode=0 aa=TSR aaMethod=4 exposure=fixed-histogram expMin=4.14106 expMax=4.14106 expBias=0.000 ev100=2.05 lightUnits=candelas sky=1 skyIntensity=3.000 keyShadow=csm-3600uu-2c-contact0.000 shadowCasters=1 profile=sarpedon-night profilesSha256=f7e257eea8ecb88e5f81d37f3be97da6862e500247ad3c0b07c5a1aaf28d1802 profilesSource=pak legacyRender=0 gameLayer=unlit-eyeadaptinv tMaxFPS=30.0 vsync=0 frameRateLimit=60.0 substrate=0 nanite=1 meshDF=1 viewport=1920x1080 reference=1
2026.10.01-12.58.20 SHOT fighter f-0-hero pos=(4,4) world=(16,189,0) screen=(982,752) projected=1 alive=1
2026.10.01-12.58.20 SHOT fighter f-0-sk0 pos=(1,3) world=(-309,33,0) screen=(555,576) projected=1 alive=1
2026.10.01-12.58.20 SHOT fighter f-0-sk1 pos=(0,2) world=(-398,-3,0) screen=(442,537) projected=1 alive=1
2026.10.01-12.58.20 SHOT fighter f-0-sk2 pos=(0,3) world=(-394,92,0) screen=(435,640) projected=1 alive=1
2026.10.01-12.58.20 SHOT fighter f-1-hero pos=(5,4) world=(119,141,0) screen=(1120,695) projected=1 alive=1
2026.10.01-12.58.20 SHOT fighter f-1-sk0 pos=(6,3) world=(159,52,0) screen=(1169,596) projected=1 alive=1
2026.10.01-12.58.20 SHOT camera dist=2340.2 target=2340.2 overview=2340.2 errPct=0.000 focusErr=0.00 settled=1 zoom=1.00
2026.10.01-12.58.20 SHOT head fighter=f-0-hero socket=Head mesh=SK_Medusa_H2LD world=(16.3,188.9,47.2) screen=(982.7,717.3) top=(982.7,712.9) bottom=(982.6,721.7) headPx=8.8 projected=1
2026.10.01-12.58.20 SHOT head fighter=f-0-sk0 socket=Head mesh=SK_Harpy_H3LD world=(-309.0,27.9,34.0) screen=(550.3,544.5) top=(549.4,539.9) bottom=(551.1,549.0) headPx=9.3 projected=1
2026.10.01-12.58.20 SHOT head fighter=f-0-sk1 socket=Head mesh=SK_Harpy_H3LD world=(-398.5,2.4,34.3) screen=(435.0,516.7) top=(433.8,512.1) bottom=(436.1,521.3) headPx=9.4 projected=1
2026.10.01-12.58.20 SHOT head fighter=f-0-sk2 socket=Head mesh=SK_Harpy_H3LD world=(-393.6,86.8,34.1) screen=(430.3,609.4) top=(429.1,604.9) bottom=(431.4,613.8) headPx=9.3 projected=1
2026.10.01-12.58.20 SHOT head fighter=f-1-hero socket=Head mesh=SK_KingArthur_H2LD world=(119.4,139.8,50.1) screen=(1123.9,657.7) top=(1124.2,653.3) bottom=(1123.5,662.2) headPx=9.0 projected=1
2026.10.01-12.58.20 SHOT head fighter=f-1-sk0 socket=Head mesh=SK_Merlin_H2LD world=(159.2,48.9,36.6) screen=(1172.4,565.5) top=(1172.9,560.9) bottom=(1172.0,570.0) headPx=9.1 projected=1
2026.10.01-12.58.20 SHOT figure fighter=f-0-hero bbox=(943,678,1023,785) ringR=28.50 art=1 blockout=0 team=P1 look=P1 ring=1
2026.10.01-12.58.20 SHOT figure fighter=f-0-sk0 bbox=(516,520,586,600) ringR=22.23 art=1 blockout=0 team=P1 look=P1 ring=1
2026.10.01-12.58.20 SHOT figure fighter=f-0-sk1 bbox=(402,482,474,561) ringR=22.23 art=1 blockout=0 team=P1 look=P1 ring=1
2026.10.01-12.58.20 SHOT figure fighter=f-0-sk2 bbox=(394,584,467,665) ringR=22.23 art=1 blockout=0 team=P1 look=P1 ring=1
2026.10.01-12.58.20 SHOT figure fighter=f-1-hero bbox=(1081,619,1165,728) ringR=28.50 art=1 blockout=0 team=P2 look=P2 ring=1
2026.10.01-12.58.20 SHOT figure fighter=f-1-sk0 bbox=(1139,534,1204,620) ringR=22.23 art=1 blockout=0 team=P2 look=P2 ring=1
2026.10.01-12.58.20 SHOT request file=s09-combat-resolve-revealed.png frame=403
2026.10.01-12.58.20 SHOT requested: FScreenshotRequest(bShowUI) -> C:\Users\ren\AppData\Local\Temp\s09-combat-20261001-175646-29856\joiner/s09-combat-resolve-revealed.png
2026.10.01-12.58.20 ARTPREVIEW anim fighter=f-0-hero clip=Idle len=2.333 event=clipFinished loop=1 phase=0.8071 seq=-1 asset=AM_Medusa_Idle
2026.10.01-12.58.21 SHOT captured file=s09-combat-resolve-revealed.png frame=403 px=1920x1080 sha256=e87224fa69d393143fc99c7f95349466b4c36de41c973c0c69a1587694afa7ae order=BGRA saved=1
2026.10.01-12.58.21 SHOT late begin file=s09-combat-resolve-revealed.png frame=403 requestFrame=403
2026.10.01-12.58.21 SHOT icon fighter=f-1-hero bbox=(1168,641,1200,673) size=32 src=combat planned=(1168,641,1200,673) geom=painted visible=1 anchor=right fallback=0 overlapPx2=0 texture=/Game/ArtTests/ARTMarkers/Textures/T_UI_Action_AttackToken_32 frame=403
2026.10.01-12.58.21 SHOT widget id=icon impl=umg state=combat fighter=f-1-hero bbox=(1168,641,1200,673) geom=painted visible=1 twin=0 source=/Game/S08/UI/ArtHud/WBP_S08ArtIcon frame=403
2026.10.01-12.58.21 SHOT widget id=board.tag impl=umg state=compact fighter=f-0-hero bbox=(932,654,1034,676) geom=painted visible=1 twin=0 source=/Game/S08/UI/ArtHud/WBP_S08ArtTag mode=compact look=P1 shape=circle placement=above ring=0 order=5 bound=1 softPx2=0 planned=(932,654,1034,676) frame=403
2026.10.01-12.58.21 SHOT widget id=board.tag.hp impl=umg state=compact fighter=f-0-hero bbox=(988,656,1030,674) geom=painted visible=1 twin=0 source=/Game/S08/UI/ArtHud/WBP_S08ArtTag mode=compact look=P1 shape=circle placement=above ring=0 order=5 bound=1 softPx2=0 planned=(932,654,1034,676) frame=403 font=11
2026.10.01-12.58.21 SHOT widget id=board.tag.bar impl=umg state=compact fighter=f-0-hero bbox=(951,663,985,668) geom=painted visible=1 twin=0 source=/Game/S08/UI/ArtHud/WBP_S08ArtTag mode=compact look=P1 shape=circle placement=above ring=0 order=5 bound=1 softPx2=0 planned=(932,654,1034,676) frame=403
2026.10.01-12.58.21 SHOT widget id=board.tag.chip impl=umg state=compact fighter=f-0-hero bbox=(936,659,948,671) geom=painted visible=1 twin=0 source=/Game/S08/UI/ArtHud/WBP_S08ArtTag mode=compact look=P1 shape=circle placement=above ring=0 order=5 bound=1 softPx2=0 planned=(932,654,1034,676) frame=403
2026.10.01-12.58.21 SHOT widget id=board.tag impl=umg state=compact fighter=f-0-sk0 bbox=(509,496,593,518) geom=painted visible=1 twin=0 source=/Game/S08/UI/ArtHud/WBP_S08ArtTag mode=compact look=P1 shape=circle placement=above ring=0 order=2 bound=1 softPx2=0 planned=(509,496,593,518) frame=403
2026.10.01-12.58.21 SHOT widget id=board.tag.hp impl=umg state=compact fighter=f-0-sk0 bbox=(565,498,589,516) geom=painted visible=1 twin=0 source=/Game/S08/UI/ArtHud/WBP_S08ArtTag mode=compact look=P1 shape=circle placement=above ring=0 order=2 bound=1 softPx2=0 planned=(509,496,593,518) frame=403 font=11
2026.10.01-12.58.21 SHOT widget id=board.tag.bar impl=umg state=compact fighter=f-0-sk0 bbox=(528,505,562,510) geom=painted visible=1 twin=0 source=/Game/S08/UI/ArtHud/WBP_S08ArtTag mode=compact look=P1 shape=circle placement=above ring=0 order=2 bound=1 softPx2=0 planned=(509,496,593,518) frame=403
2026.10.01-12.58.21 SHOT widget id=board.tag.chip impl=umg state=compact fighter=f-0-sk0 bbox=(513,501,525,513) geom=painted visible=1 twin=0 source=/Game/S08/UI/ArtHud/WBP_S08ArtTag mode=compact look=P1 shape=circle placement=above ring=0 order=2 bound=1 softPx2=0 planned=(509,496,593,518) frame=403
2026.10.01-12.58.21 SHOT widget id=board.tag impl=umg state=compact fighter=f-0-sk1 bbox=(396,458,480,480) geom=painted visible=1 twin=0 source=/Game/S08/UI/ArtHud/WBP_S08ArtTag mode=compact look=P1 shape=circle placement=above ring=0 order=1 bound=1 softPx2=0 planned=(396,458,480,480) frame=403
2026.10.01-12.58.21 SHOT widget id=board.tag.hp impl=umg state=compact fighter=f-0-sk1 bbox=(452,460,476,478) geom=painted visible=1 twin=0 source=/Game/S08/UI/ArtHud/WBP_S08ArtTag mode=compact look=P1 shape=circle placement=above ring=0 order=1 bound=1 softPx2=0 planned=(396,458,480,480) frame=403 font=11
2026.10.01-12.58.21 SHOT widget id=board.tag.bar impl=umg state=compact fighter=f-0-sk1 bbox=(415,467,449,472) geom=painted visible=1 twin=0 source=/Game/S08/UI/ArtHud/WBP_S08ArtTag mode=compact look=P1 shape=circle placement=above ring=0 order=1 bound=1 softPx2=0 planned=(396,458,480,480) frame=403
2026.10.01-12.58.21 SHOT widget id=board.tag.chip impl=umg state=compact fighter=f-0-sk1 bbox=(400,463,412,475) geom=painted visible=1 twin=0 source=/Game/S08/UI/ArtHud/WBP_S08ArtTag mode=compact look=P1 shape=circle placement=above ring=0 order=1 bound=1 softPx2=0 planned=(396,458,480,480) frame=403
2026.10.01-12.58.21 SHOT widget id=board.tag impl=umg state=compact fighter=f-0-sk2 bbox=(308,584,392,606) geom=painted visible=1 twin=0 source=/Game/S08/UI/ArtHud/WBP_S08ArtTag mode=compact look=P1 shape=circle placement=left ring=0 order=4 bound=1 softPx2=0 planned=(308,584,392,606) frame=403
2026.10.01-12.58.21 SHOT widget id=board.tag.hp impl=umg state=compact fighter=f-0-sk2 bbox=(364,586,388,604) geom=painted visible=1 twin=0 source=/Game/S08/UI/ArtHud/WBP_S08ArtTag mode=compact look=P1 shape=circle placement=left ring=0 order=4 bound=1 softPx2=0 planned=(308,584,392,606) frame=403 font=11
2026.10.01-12.58.21 SHOT widget id=board.tag.bar impl=umg state=compact fighter=f-0-sk2 bbox=(327,593,361,598) geom=painted visible=1 twin=0 source=/Game/S08/UI/ArtHud/WBP_S08ArtTag mode=compact look=P1 shape=circle placement=left ring=0 order=4 bound=1 softPx2=0 planned=(308,584,392,606) frame=403
2026.10.01-12.58.21 SHOT widget id=board.tag.chip impl=umg state=compact fighter=f-0-sk2 bbox=(312,589,324,601) geom=painted visible=1 twin=0 source=/Game/S08/UI/ArtHud/WBP_S08ArtTag mode=compact look=P1 shape=circle placement=left ring=0 order=4 bound=1 softPx2=0 planned=(308,584,392,606) frame=403
2026.10.01-12.58.21 SHOT widget id=board.tag impl=umg state=compact fighter=f-1-hero bbox=(1072,730,1174,752) geom=painted visible=1 twin=0 source=/Game/S08/UI/ArtHud/WBP_S08ArtTag mode=compact look=P2 shape=hex placement=below ring=0 order=0 bound=1 softPx2=0 planned=(1072,730,1174,752) frame=403
2026.10.01-12.58.21 SHOT widget id=board.tag.hp impl=umg state=compact fighter=f-1-hero bbox=(1128,732,1170,750) geom=painted visible=1 twin=0 source=/Game/S08/UI/ArtHud/WBP_S08ArtTag mode=compact look=P2 shape=hex placement=below ring=0 order=0 bound=1 softPx2=0 planned=(1072,730,1174,752) frame=403 font=11
2026.10.01-12.58.21 SHOT widget id=board.tag.bar impl=umg state=compact fighter=f-1-hero bbox=(1091,739,1125,744) geom=painted visible=1 twin=0 source=/Game/S08/UI/ArtHud/WBP_S08ArtTag mode=compact look=P2 shape=hex placement=below ring=0 order=0 bound=1 softPx2=0 planned=(1072,730,1174,752) frame=403
2026.10.01-12.58.21 SHOT widget id=board.tag.chip impl=umg state=compact fighter=f-1-hero bbox=(1076,735,1088,747) geom=painted visible=1 twin=0 source=/Game/S08/UI/ArtHud/WBP_S08ArtTag mode=compact look=P2 shape=hex placement=below ring=0 order=0 bound=1 softPx2=0 planned=(1072,730,1174,752) frame=403
2026.10.01-12.58.21 SHOT widget id=board.tag impl=umg state=compact fighter=f-1-sk0 bbox=(1130,510,1214,532) geom=painted visible=1 twin=0 source=/Game/S08/UI/ArtHud/WBP_S08ArtTag mode=compact look=P2 shape=hex placement=above ring=0 order=3 bound=1 softPx2=0 planned=(1130,510,1214,532) frame=403
2026.10.01-12.58.21 SHOT widget id=board.tag.hp impl=umg state=compact fighter=f-1-sk0 bbox=(1186,512,1210,530) geom=painted visible=1 twin=0 source=/Game/S08/UI/ArtHud/WBP_S08ArtTag mode=compact look=P2 shape=hex placement=above ring=0 order=3 bound=1 softPx2=0 planned=(1130,510,1214,532) frame=403 font=11
2026.10.01-12.58.21 SHOT widget id=board.tag.bar impl=umg state=compact fighter=f-1-sk0 bbox=(1149,519,1183,524) geom=painted visible=1 twin=0 source=/Game/S08/UI/ArtHud/WBP_S08ArtTag mode=compact look=P2 shape=hex placement=above ring=0 order=3 bound=1 softPx2=0 planned=(1130,510,1214,532) frame=403
2026.10.01-12.58.21 SHOT widget id=board.tag.chip impl=umg state=compact fighter=f-1-sk0 bbox=(1134,515,1146,527) geom=painted visible=1 twin=0 source=/Game/S08/UI/ArtHud/WBP_S08ArtTag mode=compact look=P2 shape=hex placement=above ring=0 order=3 bound=1 softPx2=0 planned=(1130,510,1214,532) frame=403
2026.10.01-12.58.21 SHOT panel id=hud.command bbox=(0,0,698,278) geom=painted visible=1 frame=403
2026.10.01-12.58.21 SHOT panel id=hud.side bbox=(1442,0,1920,121) geom=painted visible=1 frame=403
2026.10.01-12.58.21 SHOT panel id=hud.hand bbox=(537,985,1384,1080) geom=painted visible=1 frame=403
2026.10.01-12.58.21 SHOT late end file=s09-combat-resolve-revealed.png frame=403
2026.10.01-12.58.21 PERF window t=25.3-30.7 frames=37 fps=4.94 frameMs avg=202.29 p50=109.17 p95=1132.64 p99=1176.14 max=1176.14 hitches50=29 gpuMs avg=2.95 p50=2.91 p95=3.50 gameMs avg=27.26 p95=367.60 renderMs avg=110.24 p95=307.22
2026.10.01-12.58.21 S09AUTO resolve-blocked shot (type=BOOST_CHOICE)
2026.10.01-12.58.21 SHOT ctx viewport=1920x1080 viewTarget=CameraActor_2147482233 cam=(0,1342,1917) rot=(-55,-90,0)
2026.10.01-12.58.21 RENDER tag=SHOT rhi=D3D12 featureLevel=SM6 shaderPlatform=PCD3D_SM6 lumenPlatform=1 gi=lumen giMethod=1 refl=lumen reflMethod=1 shadows=csm vsmEnable=0 sg.res=100 sg.view=2 sg.aa=2 sg.shadow=2 sg.gi=2 sg.refl=2 sg.pp=2 sg.tex=2 sg.fx=2 sg.foliage=2 sg.shading=2 sg.landscape=2 preset=High screenPct=100.0 screenPctMode=0 aa=TSR aaMethod=4 exposure=fixed-histogram expMin=4.14106 expMax=4.14106 expBias=0.000 ev100=2.05 lightUnits=candelas sky=1 skyIntensity=3.000 keyShadow=csm-3600uu-2c-contact0.000 shadowCasters=1 profile=sarpedon-night profilesSha256=f7e257eea8ecb88e5f81d37f3be97da6862e500247ad3c0b07c5a1aaf28d1802 profilesSource=pak legacyRender=0 gameLayer=unlit-eyeadaptinv tMaxFPS=30.0 vsync=0 frameRateLimit=60.0 substrate=0 nanite=1 meshDF=1 viewport=1920x1080 reference=1
2026.10.01-12.58.21 SHOT fighter f-0-hero pos=(4,4) world=(16,189,0) screen=(982,752) projected=1 alive=1
2026.10.01-12.58.21 SHOT fighter f-0-sk0 pos=(1,3) world=(-309,33,0) screen=(555,576) projected=1 alive=1
2026.10.01-12.58.21 SHOT fighter f-0-sk1 pos=(0,2) world=(-398,-3,0) screen=(442,537) projected=1 alive=1
2026.10.01-12.58.21 SHOT fighter f-0-sk2 pos=(0,3) world=(-394,92,0) screen=(435,640) projected=1 alive=1
2026.10.01-12.58.21 SHOT fighter f-1-hero pos=(5,4) world=(119,141,0) screen=(1120,695) projected=1 alive=1
2026.10.01-12.58.21 SHOT fighter f-1-sk0 pos=(6,3) world=(159,52,0) screen=(1169,596) projected=1 alive=1
2026.10.01-12.58.21 SHOT camera dist=2340.2 target=2340.2 overview=2340.2 errPct=0.000 focusErr=0.00 settled=1 zoom=1.00
2026.10.01-12.58.21 SHOT head fighter=f-0-hero socket=Head mesh=SK_Medusa_H2LD world=(16.3,188.9,47.2) screen=(982.7,717.3) top=(982.7,712.9) bottom=(982.6,721.7) headPx=8.8 projected=1
2026.10.01-12.58.21 SHOT head fighter=f-0-sk0 socket=Head mesh=SK_Harpy_H3LD world=(-309.1,27.9,34.0) screen=(550.2,544.5) top=(549.3,539.9) bottom=(551.1,549.0) headPx=9.3 projected=1
2026.10.01-12.58.21 SHOT head fighter=f-0-sk1 socket=Head mesh=SK_Harpy_H3LD world=(-398.6,2.3,34.3) screen=(434.8,516.5) top=(433.7,511.9) bottom=(435.9,521.1) headPx=9.4 projected=1
2026.10.01-12.58.21 SHOT head fighter=f-0-sk2 socket=Head mesh=SK_Harpy_H3LD world=(-393.6,86.7,34.0) screen=(430.4,609.3) top=(429.2,604.8) bottom=(431.5,613.8) headPx=9.3 projected=1
2026.10.01-12.58.21 SHOT head fighter=f-1-hero socket=Head mesh=SK_KingArthur_H2LD world=(119.3,139.7,50.1) screen=(1123.7,657.6) top=(1124.1,653.2) bottom=(1123.3,662.1) headPx=9.0 projected=1
2026.10.01-12.58.21 SHOT head fighter=f-1-sk0 socket=Head mesh=SK_Merlin_H2LD world=(159.2,49.0,36.6) screen=(1172.4,565.5) top=(1172.8,561.0) bottom=(1171.9,570.0) headPx=9.1 projected=1
2026.10.01-12.58.21 SHOT figure fighter=f-0-hero bbox=(943,678,1023,785) ringR=28.50 art=1 blockout=0 team=P1 look=P1 ring=1
2026.10.01-12.58.21 SHOT figure fighter=f-0-sk0 bbox=(516,520,586,600) ringR=22.23 art=1 blockout=0 team=P1 look=P1 ring=1
2026.10.01-12.58.21 SHOT figure fighter=f-0-sk1 bbox=(402,482,474,561) ringR=22.23 art=1 blockout=0 team=P1 look=P1 ring=1
2026.10.01-12.58.21 SHOT figure fighter=f-0-sk2 bbox=(394,584,467,665) ringR=22.23 art=1 blockout=0 team=P1 look=P1 ring=1
2026.10.01-12.58.21 SHOT figure fighter=f-1-hero bbox=(1081,619,1165,728) ringR=28.50 art=1 blockout=0 team=P2 look=P2 ring=1
2026.10.01-12.58.21 SHOT figure fighter=f-1-sk0 bbox=(1139,534,1204,620) ringR=22.23 art=1 blockout=0 team=P2 look=P2 ring=1
2026.10.01-12.58.21 SHOT request file=s09-resolve-blocked-BOOST_CHOICE.png frame=404
2026.10.01-12.58.21 SHOT requested: FScreenshotRequest(bShowUI) -> C:\Users\ren\AppData\Local\Temp\s09-combat-20261001-175646-29856\joiner/s09-resolve-blocked-BOOST_CHOICE.png
2026.10.01-12.58.21 TAG fighter=f-0-hero bbox=(932,654,1034,676) mode=compact look=P1 placement=above ring=0 hardPx2=0 softPx2=0 order=5 bound=1
2026.10.01-12.58.21 TAG fighter=f-0-sk0 bbox=(509,496,593,518) mode=compact look=P1 placement=above ring=0 hardPx2=0 softPx2=0 order=2 bound=1
2026.10.01-12.58.21 TAG fighter=f-0-sk1 bbox=(396,458,480,480) mode=compact look=P1 placement=above ring=0 hardPx2=0 softPx2=0 order=1 bound=1
2026.10.01-12.58.21 TAG fighter=f-0-sk2 bbox=(308,584,392,606) mode=compact look=P1 placement=left ring=0 hardPx2=0 softPx2=0 order=4 bound=1
2026.10.01-12.58.21 TAG fighter=f-1-hero bbox=(1072,730,1174,752) mode=compact look=P2 placement=below ring=0 hardPx2=0 softPx2=0 order=0 bound=1
2026.10.01-12.58.21 TAG fighter=f-1-sk0 bbox=(1130,510,1214,532) mode=compact look=P2 placement=above ring=0 hardPx2=0 softPx2=0 order=3 bound=1
2026.10.01-12.58.21 ICON fighter=f-1-hero bbox=(1168,641,1200,673) size=32 src=combat anchor=right fallback=0 overlapPx2=0 texture=/Game/ArtTests/ARTMarkers/Textures/T_UI_Action_AttackToken_32
2026.10.01-12.58.22 SHOT captured file=s09-resolve-blocked-BOOST_CHOICE.png frame=404 px=1920x1080 sha256=8098ce9f5932e1ee2a0c32d9b6fce22a580cd94ce1c0d225d5aee6a4d77e62cc order=BGRA saved=1
2026.10.01-12.58.22 SHOT late begin file=s09-resolve-blocked-BOOST_CHOICE.png frame=404 requestFrame=404
2026.10.01-12.58.22 SHOT icon fighter=f-1-hero bbox=(1168,641,1200,673) size=32 src=combat planned=(1168,641,1200,673) geom=painted visible=1 anchor=right fallback=0 overlapPx2=0 texture=/Game/ArtTests/ARTMarkers/Textures/T_UI_Action_AttackToken_32 frame=404
2026.10.01-12.58.22 SHOT widget id=icon impl=umg state=combat fighter=f-1-hero bbox=(1168,641,1200,673) geom=painted visible=1 twin=0 source=/Game/S08/UI/ArtHud/WBP_S08ArtIcon frame=404
2026.10.01-12.58.22 SHOT widget id=board.tag impl=umg state=compact fighter=f-0-hero bbox=(932,654,1034,676) geom=painted visible=1 twin=0 source=/Game/S08/UI/ArtHud/WBP_S08ArtTag mode=compact look=P1 shape=circle placement=above ring=0 order=5 bound=1 softPx2=0 planned=(932,654,1034,676) frame=404
2026.10.01-12.58.22 SHOT widget id=board.tag.hp impl=umg state=compact fighter=f-0-hero bbox=(988,656,1030,674) geom=painted visible=1 twin=0 source=/Game/S08/UI/ArtHud/WBP_S08ArtTag mode=compact look=P1 shape=circle placement=above ring=0 order=5 bound=1 softPx2=0 planned=(932,654,1034,676) frame=404 font=11
2026.10.01-12.58.22 SHOT widget id=board.tag.bar impl=umg state=compact fighter=f-0-hero bbox=(951,663,985,668) geom=painted visible=1 twin=0 source=/Game/S08/UI/ArtHud/WBP_S08ArtTag mode=compact look=P1 shape=circle placement=above ring=0 order=5 bound=1 softPx2=0 planned=(932,654,1034,676) frame=404
2026.10.01-12.58.22 SHOT widget id=board.tag.chip impl=umg state=compact fighter=f-0-hero bbox=(936,659,948,671) geom=painted visible=1 twin=0 source=/Game/S08/UI/ArtHud/WBP_S08ArtTag mode=compact look=P1 shape=circle placement=above ring=0 order=5 bound=1 softPx2=0 planned=(932,654,1034,676) frame=404
2026.10.01-12.58.22 SHOT widget id=board.tag impl=umg state=compact fighter=f-0-sk0 bbox=(509,496,593,518) geom=painted visible=1 twin=0 source=/Game/S08/UI/ArtHud/WBP_S08ArtTag mode=compact look=P1 shape=circle placement=above ring=0 order=2 bound=1 softPx2=0 planned=(509,496,593,518) frame=404
2026.10.01-12.58.22 SHOT widget id=board.tag.hp impl=umg state=compact fighter=f-0-sk0 bbox=(565,498,589,516) geom=painted visible=1 twin=0 source=/Game/S08/UI/ArtHud/WBP_S08ArtTag mode=compact look=P1 shape=circle placement=above ring=0 order=2 bound=1 softPx2=0 planned=(509,496,593,518) frame=404 font=11
2026.10.01-12.58.22 SHOT widget id=board.tag.bar impl=umg state=compact fighter=f-0-sk0 bbox=(528,505,562,510) geom=painted visible=1 twin=0 source=/Game/S08/UI/ArtHud/WBP_S08ArtTag mode=compact look=P1 shape=circle placement=above ring=0 order=2 bound=1 softPx2=0 planned=(509,496,593,518) frame=404
2026.10.01-12.58.22 SHOT widget id=board.tag.chip impl=umg state=compact fighter=f-0-sk0 bbox=(513,501,525,513) geom=painted visible=1 twin=0 source=/Game/S08/UI/ArtHud/WBP_S08ArtTag mode=compact look=P1 shape=circle placement=above ring=0 order=2 bound=1 softPx2=0 planned=(509,496,593,518) frame=404
2026.10.01-12.58.22 SHOT widget id=board.tag impl=umg state=compact fighter=f-0-sk1 bbox=(396,458,480,480) geom=painted visible=1 twin=0 source=/Game/S08/UI/ArtHud/WBP_S08ArtTag mode=compact look=P1 shape=circle placement=above ring=0 order=1 bound=1 softPx2=0 planned=(396,458,480,480) frame=404
2026.10.01-12.58.22 SHOT widget id=board.tag.hp impl=umg state=compact fighter=f-0-sk1 bbox=(452,460,476,478) geom=painted visible=1 twin=0 source=/Game/S08/UI/ArtHud/WBP_S08ArtTag mode=compact look=P1 shape=circle placement=above ring=0 order=1 bound=1 softPx2=0 planned=(396,458,480,480) frame=404 font=11
2026.10.01-12.58.22 SHOT widget id=board.tag.bar impl=umg state=compact fighter=f-0-sk1 bbox=(415,467,449,472) geom=painted visible=1 twin=0 source=/Game/S08/UI/ArtHud/WBP_S08ArtTag mode=compact look=P1 shape=circle placement=above ring=0 order=1 bound=1 softPx2=0 planned=(396,458,480,480) frame=404
2026.10.01-12.58.22 SHOT widget id=board.tag.chip impl=umg state=compact fighter=f-0-sk1 bbox=(400,463,412,475) geom=painted visible=1 twin=0 source=/Game/S08/UI/ArtHud/WBP_S08ArtTag mode=compact look=P1 shape=circle placement=above ring=0 order=1 bound=1 softPx2=0 planned=(396,458,480,480) frame=404
2026.10.01-12.58.22 SHOT widget id=board.tag impl=umg state=compact fighter=f-0-sk2 bbox=(308,584,392,606) geom=painted visible=1 twin=0 source=/Game/S08/UI/ArtHud/WBP_S08ArtTag mode=compact look=P1 shape=circle placement=left ring=0 order=4 bound=1 softPx2=0 planned=(308,584,392,606) frame=404
2026.10.01-12.58.22 SHOT widget id=board.tag.hp impl=umg state=compact fighter=f-0-sk2 bbox=(364,586,388,604) geom=painted visible=1 twin=0 source=/Game/S08/UI/ArtHud/WBP_S08ArtTag mode=compact look=P1 shape=circle placement=left ring=0 order=4 bound=1 softPx2=0 planned=(308,584,392,606) frame=404 font=11
2026.10.01-12.58.22 SHOT widget id=board.tag.bar impl=umg state=compact fighter=f-0-sk2 bbox=(327,593,361,598) geom=painted visible=1 twin=0 source=/Game/S08/UI/ArtHud/WBP_S08ArtTag mode=compact look=P1 shape=circle placement=left ring=0 order=4 bound=1 softPx2=0 planned=(308,584,392,606) frame=404
2026.10.01-12.58.22 SHOT widget id=board.tag.chip impl=umg state=compact fighter=f-0-sk2 bbox=(312,589,324,601) geom=painted visible=1 twin=0 source=/Game/S08/UI/ArtHud/WBP_S08ArtTag mode=compact look=P1 shape=circle placement=left ring=0 order=4 bound=1 softPx2=0 planned=(308,584,392,606) frame=404
2026.10.01-12.58.22 SHOT widget id=board.tag impl=umg state=compact fighter=f-1-hero bbox=(1072,730,1174,752) geom=painted visible=1 twin=0 source=/Game/S08/UI/ArtHud/WBP_S08ArtTag mode=compact look=P2 shape=hex placement=below ring=0 order=0 bound=1 softPx2=0 planned=(1072,730,1174,752) frame=404
2026.10.01-12.58.22 SHOT widget id=board.tag.hp impl=umg state=compact fighter=f-1-hero bbox=(1128,732,1170,750) geom=painted visible=1 twin=0 source=/Game/S08/UI/ArtHud/WBP_S08ArtTag mode=compact look=P2 shape=hex placement=below ring=0 order=0 bound=1 softPx2=0 planned=(1072,730,1174,752) frame=404 font=11
2026.10.01-12.58.22 SHOT widget id=board.tag.bar impl=umg state=compact fighter=f-1-hero bbox=(1091,739,1125,744) geom=painted visible=1 twin=0 source=/Game/S08/UI/ArtHud/WBP_S08ArtTag mode=compact look=P2 shape=hex placement=below ring=0 order=0 bound=1 softPx2=0 planned=(1072,730,1174,752) frame=404
2026.10.01-12.58.22 SHOT widget id=board.tag.chip impl=umg state=compact fighter=f-1-hero bbox=(1076,735,1088,747) geom=painted visible=1 twin=0 source=/Game/S08/UI/ArtHud/WBP_S08ArtTag mode=compact look=P2 shape=hex placement=below ring=0 order=0 bound=1 softPx2=0 planned=(1072,730,1174,752) frame=404
2026.10.01-12.58.22 SHOT widget id=board.tag impl=umg state=compact fighter=f-1-sk0 bbox=(1130,510,1214,532) geom=painted visible=1 twin=0 source=/Game/S08/UI/ArtHud/WBP_S08ArtTag mode=compact look=P2 shape=hex placement=above ring=0 order=3 bound=1 softPx2=0 planned=(1130,510,1214,532) frame=404
2026.10.01-12.58.22 SHOT widget id=board.tag.hp impl=umg state=compact fighter=f-1-sk0 bbox=(1186,512,1210,530) geom=painted visible=1 twin=0 source=/Game/S08/UI/ArtHud/WBP_S08ArtTag mode=compact look=P2 shape=hex placement=above ring=0 order=3 bound=1 softPx2=0 planned=(1130,510,1214,532) frame=404 font=11
2026.10.01-12.58.22 SHOT widget id=board.tag.bar impl=umg state=compact fighter=f-1-sk0 bbox=(1149,519,1183,524) geom=painted visible=1 twin=0 source=/Game/S08/UI/ArtHud/WBP_S08ArtTag mode=compact look=P2 shape=hex placement=above ring=0 order=3 bound=1 softPx2=0 planned=(1130,510,1214,532) frame=404
2026.10.01-12.58.22 SHOT widget id=board.tag.chip impl=umg state=compact fighter=f-1-sk0 bbox=(1134,515,1146,527) geom=painted visible=1 twin=0 source=/Game/S08/UI/ArtHud/WBP_S08ArtTag mode=compact look=P2 shape=hex placement=above ring=0 order=3 bound=1 softPx2=0 planned=(1130,510,1214,532) frame=404
2026.10.01-12.58.22 SHOT panel id=hud.command bbox=(0,0,698,278) geom=painted visible=1 frame=404
2026.10.01-12.58.22 SHOT panel id=hud.side bbox=(1442,0,1920,121) geom=painted visible=1 frame=404
2026.10.01-12.58.22 SHOT panel id=hud.hand bbox=(537,985,1384,1080) geom=painted visible=1 frame=404
2026.10.01-12.58.22 SHOT late end file=s09-resolve-blocked-BOOST_CHOICE.png frame=404
2026.10.01-12.58.22 game -> room=cmupjgel1008bwi7ka3fcxt4t code=<redacted> status=IN_PROGRESS
2026.10.01-12.58.25 game -> room=cmupjgel1008bwi7ka3fcxt4t code=<redacted> status=IN_PROGRESS
2026.10.01-12.58.25 SNAPSHOT applied seq=7 phase=ACTION_MANEUVER
2026.10.01-12.58.25 HANDLE_APPLIED #10 seq=7 decision=2 fightersValid=1 boardValid=1
2026.10.01-12.58.25 COMBAT-RESULT seq=7 damage=5 role=defended
2026.10.01-12.58.25 S09AUTO combat-result shot
2026.10.01-12.58.25 SHOT ctx viewport=1920x1080 viewTarget=CameraActor_2147482233 cam=(0,1342,1917) rot=(-55,-90,0)
2026.10.01-12.58.25 RENDER tag=SHOT rhi=D3D12 featureLevel=SM6 shaderPlatform=PCD3D_SM6 lumenPlatform=1 gi=lumen giMethod=1 refl=lumen reflMethod=1 shadows=csm vsmEnable=0 sg.res=100 sg.view=2 sg.aa=2 sg.shadow=2 sg.gi=2 sg.refl=2 sg.pp=2 sg.tex=2 sg.fx=2 sg.foliage=2 sg.shading=2 sg.landscape=2 preset=High screenPct=100.0 screenPctMode=0 aa=TSR aaMethod=4 exposure=fixed-histogram expMin=4.14106 expMax=4.14106 expBias=0.000 ev100=2.05 lightUnits=candelas sky=1 skyIntensity=3.000 keyShadow=csm-3600uu-2c-contact0.000 shadowCasters=1 profile=sarpedon-night profilesSha256=f7e257eea8ecb88e5f81d37f3be97da6862e500247ad3c0b07c5a1aaf28d1802 profilesSource=pak legacyRender=0 gameLayer=unlit-eyeadaptinv tMaxFPS=30.0 vsync=0 frameRateLimit=60.0 substrate=0 nanite=1 meshDF=1 viewport=1920x1080 reference=1
2026.10.01-12.58.25 SHOT fighter f-0-hero pos=(4,4) world=(16,189,0) screen=(982,752) projected=1 alive=1
2026.10.01-12.58.25 SHOT fighter f-0-sk0 pos=(1,3) world=(-309,33,0) screen=(555,576) projected=1 alive=1
2026.10.01-12.58.25 SHOT fighter f-0-sk1 pos=(0,2) world=(-398,-3,0) screen=(442,537) projected=1 alive=1
2026.10.01-12.58.25 SHOT fighter f-0-sk2 pos=(0,3) world=(-394,92,0) screen=(435,640) projected=1 alive=1
2026.10.01-12.58.25 SHOT fighter f-1-hero pos=(5,4) world=(119,141,0) screen=(1120,695) projected=1 alive=1
2026.10.01-12.58.25 SHOT fighter f-1-sk0 pos=(6,3) world=(159,52,0) screen=(1169,596) projected=1 alive=1
2026.10.01-12.58.25 SHOT camera dist=2340.2 target=2340.2 overview=2340.2 errPct=0.000 focusErr=0.00 settled=1 zoom=1.00
2026.10.01-12.58.25 SHOT head fighter=f-0-hero socket=Head mesh=SK_Medusa_H2LD world=(16.4,188.0,47.1) screen=(982.7,716.3) top=(982.8,711.9) bottom=(982.7,720.7) headPx=8.8 projected=1
2026.10.01-12.58.25 SHOT head fighter=f-0-sk0 socket=Head mesh=SK_Harpy_H3LD world=(-309.1,27.9,34.0) screen=(550.2,544.5) top=(549.3,539.9) bottom=(551.1,549.0) headPx=9.3 projected=1
2026.10.01-12.58.25 SHOT head fighter=f-0-sk1 socket=Head mesh=SK_Harpy_H3LD world=(-398.6,2.3,34.3) screen=(434.9,516.6) top=(433.7,512.0) bottom=(436.0,521.1) headPx=9.4 projected=1
2026.10.01-12.58.25 SHOT head fighter=f-0-sk2 socket=Head mesh=SK_Harpy_H3LD world=(-393.6,86.7,34.0) screen=(430.4,609.3) top=(429.2,604.8) bottom=(431.5,613.8) headPx=9.3 projected=1
2026.10.01-12.58.25 SHOT head fighter=f-1-hero socket=Head mesh=SK_KingArthur_H2LD world=(118.9,141.0,50.1) screen=(1123.2,659.1) top=(1123.6,654.6) bottom=(1122.9,663.5) headPx=8.9 projected=1
2026.10.01-12.58.25 SHOT head fighter=f-1-sk0 socket=Head mesh=SK_Merlin_H2LD world=(158.7,48.9,36.6) screen=(1171.8,565.5) top=(1172.2,560.9) bottom=(1171.3,570.0) headPx=9.1 projected=1
2026.10.01-12.58.25 SHOT figure fighter=f-0-hero bbox=(943,678,1023,785) ringR=28.50 art=1 blockout=0 team=P1 look=P1 ring=1
2026.10.01-12.58.25 SHOT figure fighter=f-0-sk0 bbox=(516,520,586,600) ringR=22.23 art=1 blockout=0 team=P1 look=P1 ring=1
2026.10.01-12.58.25 SHOT figure fighter=f-0-sk1 bbox=(402,482,474,561) ringR=22.23 art=1 blockout=0 team=P1 look=P1 ring=1
2026.10.01-12.58.25 SHOT figure fighter=f-0-sk2 bbox=(394,584,467,665) ringR=22.23 art=1 blockout=0 team=P1 look=P1 ring=1
2026.10.01-12.58.25 SHOT figure fighter=f-1-hero bbox=(1081,619,1165,728) ringR=28.50 art=1 blockout=0 team=P2 look=P2 ring=1
2026.10.01-12.58.25 SHOT figure fighter=f-1-sk0 bbox=(1139,534,1204,620) ringR=22.23 art=1 blockout=0 team=P2 look=P2 ring=1
2026.10.01-12.58.25 SHOT request file=s09-combat-result.png frame=427
2026.10.01-12.58.25 SHOT requested: FScreenshotRequest(bShowUI) -> C:\Users\ren\AppData\Local\Temp\s09-combat-20261001-175646-29856\joiner/s09-combat-result.png
2026.10.01-12.58.25 ARTPREVIEW combat marker fighter=Medusa attacker=0 target=0 icon=0 targetMesh=SM_Marker_TargetRing iconMode=screen targetArcScaleXY=0.920
2026.10.01-12.58.25 ARTPREVIEW combat marker fighter=King Arthur attacker=0 target=0 icon=0 targetMesh=SM_Marker_TargetRing iconMode=screen targetArcScaleXY=0.920
2026.10.01-12.58.25 RESOLVE panel revealed: A3+B0 vs D1
2026.10.01-12.58.25 closed mode=
2026.10.01-12.58.25 MODE seq=7 mode=0 combat=0 pending=0
2026.10.01-12.58.25 HUD seq=7 phase=ACTION_MANEUVER turn=you hand=5 oppHand=4(hidden) oppDeck=24~ deck=25~ discard=1
2026.10.01-12.58.25 ARTPREVIEW fighter=Medusa hero=1 eligible=0 visual=1 mesh=SK_Medusa_H2LD
2026.10.01-12.58.25 FIGHTERS synced n=6 alive=6 own=2 enemy=4
2026.10.01-12.58.25 ARTPREVIEW damage-number fighter=f-1-hero amount=5 seq=7 cell=(5,4)
2026.10.01-12.58.25 ARTPREVIEW anim fighter=f-1-hero clip=HitReact len=0.417 event=damaged loop=0 phase=0.0000 seq=7 asset=AM_KingArthur_HitReact
2026.10.01-12.58.25 S09AUTO damage-combat scheduled fighter=f-1-hero amount=5 seq=7 source=cue-on-closed-combat-target combatResultSeq=7
2026.10.01-12.58.25 CUE damage f-1-hero -5 seq=7
2026.10.01-12.58.25 WS seq=7 phase=ACTION_MANEUVER (apply)
2026.10.01-12.58.25 SHOT late begin file=s09-combat-result.png frame=427 requestFrame=427
2026.10.01-12.58.25 SHOT icon fighter=f-1-hero bbox=(1168,641,1200,673) size=32 src=combat planned=(1168,641,1200,673) geom=painted visible=1 anchor=right fallback=0 overlapPx2=0 texture=/Game/ArtTests/ARTMarkers/Textures/T_UI_Action_AttackToken_32 frame=427
2026.10.01-12.58.25 SHOT widget id=icon impl=umg state=combat fighter=f-1-hero bbox=(1168,641,1200,673) geom=painted visible=1 twin=0 source=/Game/S08/UI/ArtHud/WBP_S08ArtIcon frame=427
2026.10.01-12.58.25 SHOT widget id=board.tag impl=umg state=compact fighter=f-0-hero bbox=(932,654,1034,676) geom=painted visible=1 twin=0 source=/Game/S08/UI/ArtHud/WBP_S08ArtTag mode=compact look=P1 shape=circle placement=above ring=0 order=5 bound=1 softPx2=0 planned=(932,654,1034,676) frame=427
2026.10.01-12.58.25 SHOT widget id=board.tag.hp impl=umg state=compact fighter=f-0-hero bbox=(988,656,1030,674) geom=painted visible=1 twin=0 source=/Game/S08/UI/ArtHud/WBP_S08ArtTag mode=compact look=P1 shape=circle placement=above ring=0 order=5 bound=1 softPx2=0 planned=(932,654,1034,676) frame=427 font=11
2026.10.01-12.58.25 SHOT widget id=board.tag.bar impl=umg state=compact fighter=f-0-hero bbox=(951,663,985,668) geom=painted visible=1 twin=0 source=/Game/S08/UI/ArtHud/WBP_S08ArtTag mode=compact look=P1 shape=circle placement=above ring=0 order=5 bound=1 softPx2=0 planned=(932,654,1034,676) frame=427
2026.10.01-12.58.25 SHOT widget id=board.tag.chip impl=umg state=compact fighter=f-0-hero bbox=(936,659,948,671) geom=painted visible=1 twin=0 source=/Game/S08/UI/ArtHud/WBP_S08ArtTag mode=compact look=P1 shape=circle placement=above ring=0 order=5 bound=1 softPx2=0 planned=(932,654,1034,676) frame=427
2026.10.01-12.58.25 SHOT widget id=board.tag impl=umg state=compact fighter=f-0-sk0 bbox=(509,496,593,518) geom=painted visible=1 twin=0 source=/Game/S08/UI/ArtHud/WBP_S08ArtTag mode=compact look=P1 shape=circle placement=above ring=0 order=2 bound=1 softPx2=0 planned=(509,496,593,518) frame=427
2026.10.01-12.58.25 SHOT widget id=board.tag.hp impl=umg state=compact fighter=f-0-sk0 bbox=(565,498,589,516) geom=painted visible=1 twin=0 source=/Game/S08/UI/ArtHud/WBP_S08ArtTag mode=compact look=P1 shape=circle placement=above ring=0 order=2 bound=1 softPx2=0 planned=(509,496,593,518) frame=427 font=11
2026.10.01-12.58.25 SHOT widget id=board.tag.bar impl=umg state=compact fighter=f-0-sk0 bbox=(528,505,562,510) geom=painted visible=1 twin=0 source=/Game/S08/UI/ArtHud/WBP_S08ArtTag mode=compact look=P1 shape=circle placement=above ring=0 order=2 bound=1 softPx2=0 planned=(509,496,593,518) frame=427
2026.10.01-12.58.25 SHOT widget id=board.tag.chip impl=umg state=compact fighter=f-0-sk0 bbox=(513,501,525,513) geom=painted visible=1 twin=0 source=/Game/S08/UI/ArtHud/WBP_S08ArtTag mode=compact look=P1 shape=circle placement=above ring=0 order=2 bound=1 softPx2=0 planned=(509,496,593,518) frame=427
2026.10.01-12.58.25 SHOT widget id=board.tag impl=umg state=compact fighter=f-0-sk1 bbox=(396,458,480,480) geom=painted visible=1 twin=0 source=/Game/S08/UI/ArtHud/WBP_S08ArtTag mode=compact look=P1 shape=circle placement=above ring=0 order=1 bound=1 softPx2=0 planned=(396,458,480,480) frame=427
2026.10.01-12.58.25 SHOT widget id=board.tag.hp impl=umg state=compact fighter=f-0-sk1 bbox=(452,460,476,478) geom=painted visible=1 twin=0 source=/Game/S08/UI/ArtHud/WBP_S08ArtTag mode=compact look=P1 shape=circle placement=above ring=0 order=1 bound=1 softPx2=0 planned=(396,458,480,480) frame=427 font=11
2026.10.01-12.58.25 SHOT widget id=board.tag.bar impl=umg state=compact fighter=f-0-sk1 bbox=(415,467,449,472) geom=painted visible=1 twin=0 source=/Game/S08/UI/ArtHud/WBP_S08ArtTag mode=compact look=P1 shape=circle placement=above ring=0 order=1 bound=1 softPx2=0 planned=(396,458,480,480) frame=427
2026.10.01-12.58.25 SHOT widget id=board.tag.chip impl=umg state=compact fighter=f-0-sk1 bbox=(400,463,412,475) geom=painted visible=1 twin=0 source=/Game/S08/UI/ArtHud/WBP_S08ArtTag mode=compact look=P1 shape=circle placement=above ring=0 order=1 bound=1 softPx2=0 planned=(396,458,480,480) frame=427
2026.10.01-12.58.25 SHOT widget id=board.tag impl=umg state=compact fighter=f-0-sk2 bbox=(308,584,392,606) geom=painted visible=1 twin=0 source=/Game/S08/UI/ArtHud/WBP_S08ArtTag mode=compact look=P1 shape=circle placement=left ring=0 order=4 bound=1 softPx2=0 planned=(308,584,392,606) frame=427
2026.10.01-12.58.25 SHOT widget id=board.tag.hp impl=umg state=compact fighter=f-0-sk2 bbox=(364,586,388,604) geom=painted visible=1 twin=0 source=/Game/S08/UI/ArtHud/WBP_S08ArtTag mode=compact look=P1 shape=circle placement=left ring=0 order=4 bound=1 softPx2=0 planned=(308,584,392,606) frame=427 font=11
2026.10.01-12.58.25 SHOT widget id=board.tag.bar impl=umg state=compact fighter=f-0-sk2 bbox=(327,593,361,598) geom=painted visible=1 twin=0 source=/Game/S08/UI/ArtHud/WBP_S08ArtTag mode=compact look=P1 shape=circle placement=left ring=0 order=4 bound=1 softPx2=0 planned=(308,584,392,606) frame=427
2026.10.01-12.58.25 SHOT widget id=board.tag.chip impl=umg state=compact fighter=f-0-sk2 bbox=(312,589,324,601) geom=painted visible=1 twin=0 source=/Game/S08/UI/ArtHud/WBP_S08ArtTag mode=compact look=P1 shape=circle placement=left ring=0 order=4 bound=1 softPx2=0 planned=(308,584,392,606) frame=427
2026.10.01-12.58.25 SHOT widget id=board.tag impl=umg state=compact fighter=f-1-hero bbox=(1072,730,1174,752) geom=painted visible=1 twin=0 source=/Game/S08/UI/ArtHud/WBP_S08ArtTag mode=compact look=P2 shape=hex placement=below ring=0 order=0 bound=1 softPx2=0 planned=(1072,730,1174,752) frame=427
2026.10.01-12.58.25 SHOT widget id=board.tag.hp impl=umg state=compact fighter=f-1-hero bbox=(1128,732,1170,750) geom=painted visible=1 twin=0 source=/Game/S08/UI/ArtHud/WBP_S08ArtTag mode=compact look=P2 shape=hex placement=below ring=0 order=0 bound=1 softPx2=0 planned=(1072,730,1174,752) frame=427 font=11
2026.10.01-12.58.25 SHOT widget id=board.tag.bar impl=umg state=compact fighter=f-1-hero bbox=(1091,739,1125,744) geom=painted visible=1 twin=0 source=/Game/S08/UI/ArtHud/WBP_S08ArtTag mode=compact look=P2 shape=hex placement=below ring=0 order=0 bound=1 softPx2=0 planned=(1072,730,1174,752) frame=427
2026.10.01-12.58.25 SHOT widget id=board.tag.chip impl=umg state=compact fighter=f-1-hero bbox=(1076,735,1088,747) geom=painted visible=1 twin=0 source=/Game/S08/UI/ArtHud/WBP_S08ArtTag mode=compact look=P2 shape=hex placement=below ring=0 order=0 bound=1 softPx2=0 planned=(1072,730,1174,752) frame=427
2026.10.01-12.58.25 SHOT widget id=board.tag impl=umg state=compact fighter=f-1-sk0 bbox=(1130,510,1214,532) geom=painted visible=1 twin=0 source=/Game/S08/UI/ArtHud/WBP_S08ArtTag mode=compact look=P2 shape=hex placement=above ring=0 order=3 bound=1 softPx2=0 planned=(1130,510,1214,532) frame=427
2026.10.01-12.58.25 SHOT widget id=board.tag.hp impl=umg state=compact fighter=f-1-sk0 bbox=(1186,512,1210,530) geom=painted visible=1 twin=0 source=/Game/S08/UI/ArtHud/WBP_S08ArtTag mode=compact look=P2 shape=hex placement=above ring=0 order=3 bound=1 softPx2=0 planned=(1130,510,1214,532) frame=427 font=11
2026.10.01-12.58.25 SHOT widget id=board.tag.bar impl=umg state=compact fighter=f-1-sk0 bbox=(1149,519,1183,524) geom=painted visible=1 twin=0 source=/Game/S08/UI/ArtHud/WBP_S08ArtTag mode=compact look=P2 shape=hex placement=above ring=0 order=3 bound=1 softPx2=0 planned=(1130,510,1214,532) frame=427
2026.10.01-12.58.25 SHOT widget id=board.tag.chip impl=umg state=compact fighter=f-1-sk0 bbox=(1134,515,1146,527) geom=painted visible=1 twin=0 source=/Game/S08/UI/ArtHud/WBP_S08ArtTag mode=compact look=P2 shape=hex placement=above ring=0 order=3 bound=1 softPx2=0 planned=(1130,510,1214,532) frame=427
2026.10.01-12.58.25 SHOT panel id=hud.command bbox=(0,0,698,278) geom=painted visible=1 frame=427
2026.10.01-12.58.25 SHOT panel id=hud.side bbox=(1442,0,1920,121) geom=painted visible=1 frame=427
2026.10.01-12.58.25 SHOT panel id=hud.hand bbox=(537,985,1384,1080) geom=painted visible=1 frame=427
2026.10.01-12.58.25 SHOT late end file=s09-combat-result.png frame=427
2026.10.01-12.58.25 TAG fighter=f-0-hero bbox=(932,654,1034,676) mode=compact look=P1 placement=above ring=0 hardPx2=0 softPx2=0 order=5 bound=1
2026.10.01-12.58.25 TAG fighter=f-0-sk0 bbox=(509,496,593,518) mode=compact look=P1 placement=above ring=0 hardPx2=0 softPx2=0 order=2 bound=1
2026.10.01-12.58.25 TAG fighter=f-0-sk1 bbox=(396,458,480,480) mode=compact look=P1 placement=above ring=0 hardPx2=0 softPx2=0 order=1 bound=1
2026.10.01-12.58.25 TAG fighter=f-0-sk2 bbox=(308,584,392,606) mode=compact look=P1 placement=left ring=0 hardPx2=0 softPx2=0 order=4 bound=1
2026.10.01-12.58.25 TAG fighter=f-1-hero bbox=(1072,730,1174,752) mode=compact look=P2 placement=below ring=0 hardPx2=0 softPx2=0 order=0 bound=1
2026.10.01-12.58.25 TAG fighter=f-1-sk0 bbox=(1130,510,1214,532) mode=compact look=P2 placement=above ring=0 hardPx2=0 softPx2=0 order=3 bound=1
2026.10.01-12.58.25 HUD icon hidden fighter=f-1-hero
2026.10.01-12.58.25 DAMAGE fighter=f-1-hero bbox=(1176,727,1216,755) amount=5 seq=7 placement=right ring=0 hardPx2=0 softPx2=0
2026.10.01-12.58.26 SHOT captured file=s09-combat-result.png frame=428 px=1920x1080 sha256=c742dc5f08ce64365d4e62f9155b34de3fac7121c98a8115788c2058d6c22595 order=BGRA saved=1
2026.10.01-12.58.26 SHOT late begin file=s09-combat-result.png frame=428 requestFrame=427
2026.10.01-12.58.26 SHOT iconstate visible=0 lastFighter=none frame=428
2026.10.01-12.58.26 SHOT widget id=board.tag impl=umg state=compact fighter=f-0-hero bbox=(932,654,1034,676) geom=painted visible=1 twin=0 source=/Game/S08/UI/ArtHud/WBP_S08ArtTag mode=compact look=P1 shape=circle placement=above ring=0 order=5 bound=1 softPx2=0 planned=(932,654,1034,676) frame=428
2026.10.01-12.58.26 SHOT widget id=board.tag.hp impl=umg state=compact fighter=f-0-hero bbox=(988,656,1030,674) geom=painted visible=1 twin=0 source=/Game/S08/UI/ArtHud/WBP_S08ArtTag mode=compact look=P1 shape=circle placement=above ring=0 order=5 bound=1 softPx2=0 planned=(932,654,1034,676) frame=428 font=11
2026.10.01-12.58.26 SHOT widget id=board.tag.bar impl=umg state=compact fighter=f-0-hero bbox=(951,663,985,668) geom=painted visible=1 twin=0 source=/Game/S08/UI/ArtHud/WBP_S08ArtTag mode=compact look=P1 shape=circle placement=above ring=0 order=5 bound=1 softPx2=0 planned=(932,654,1034,676) frame=428
2026.10.01-12.58.26 SHOT widget id=board.tag.chip impl=umg state=compact fighter=f-0-hero bbox=(936,659,948,671) geom=painted visible=1 twin=0 source=/Game/S08/UI/ArtHud/WBP_S08ArtTag mode=compact look=P1 shape=circle placement=above ring=0 order=5 bound=1 softPx2=0 planned=(932,654,1034,676) frame=428
2026.10.01-12.58.26 SHOT widget id=board.tag impl=umg state=compact fighter=f-0-sk0 bbox=(509,496,593,518) geom=painted visible=1 twin=0 source=/Game/S08/UI/ArtHud/WBP_S08ArtTag mode=compact look=P1 shape=circle placement=above ring=0 order=2 bound=1 softPx2=0 planned=(509,496,593,518) frame=428
2026.10.01-12.58.26 SHOT widget id=board.tag.hp impl=umg state=compact fighter=f-0-sk0 bbox=(565,498,589,516) geom=painted visible=1 twin=0 source=/Game/S08/UI/ArtHud/WBP_S08ArtTag mode=compact look=P1 shape=circle placement=above ring=0 order=2 bound=1 softPx2=0 planned=(509,496,593,518) frame=428 font=11
2026.10.01-12.58.26 SHOT widget id=board.tag.bar impl=umg state=compact fighter=f-0-sk0 bbox=(528,505,562,510) geom=painted visible=1 twin=0 source=/Game/S08/UI/ArtHud/WBP_S08ArtTag mode=compact look=P1 shape=circle placement=above ring=0 order=2 bound=1 softPx2=0 planned=(509,496,593,518) frame=428
2026.10.01-12.58.26 SHOT widget id=board.tag.chip impl=umg state=compact fighter=f-0-sk0 bbox=(513,501,525,513) geom=painted visible=1 twin=0 source=/Game/S08/UI/ArtHud/WBP_S08ArtTag mode=compact look=P1 shape=circle placement=above ring=0 order=2 bound=1 softPx2=0 planned=(509,496,593,518) frame=428
2026.10.01-12.58.26 SHOT widget id=board.tag impl=umg state=compact fighter=f-0-sk1 bbox=(396,458,480,480) geom=painted visible=1 twin=0 source=/Game/S08/UI/ArtHud/WBP_S08ArtTag mode=compact look=P1 shape=circle placement=above ring=0 order=1 bound=1 softPx2=0 planned=(396,458,480,480) frame=428
2026.10.01-12.58.26 SHOT widget id=board.tag.hp impl=umg state=compact fighter=f-0-sk1 bbox=(452,460,476,478) geom=painted visible=1 twin=0 source=/Game/S08/UI/ArtHud/WBP_S08ArtTag mode=compact look=P1 shape=circle placement=above ring=0 order=1 bound=1 softPx2=0 planned=(396,458,480,480) frame=428 font=11
2026.10.01-12.58.26 SHOT widget id=board.tag.bar impl=umg state=compact fighter=f-0-sk1 bbox=(415,467,449,472) geom=painted visible=1 twin=0 source=/Game/S08/UI/ArtHud/WBP_S08ArtTag mode=compact look=P1 shape=circle placement=above ring=0 order=1 bound=1 softPx2=0 planned=(396,458,480,480) frame=428
2026.10.01-12.58.26 SHOT widget id=board.tag.chip impl=umg state=compact fighter=f-0-sk1 bbox=(400,463,412,475) geom=painted visible=1 twin=0 source=/Game/S08/UI/ArtHud/WBP_S08ArtTag mode=compact look=P1 shape=circle placement=above ring=0 order=1 bound=1 softPx2=0 planned=(396,458,480,480) frame=428
2026.10.01-12.58.26 SHOT widget id=board.tag impl=umg state=compact fighter=f-0-sk2 bbox=(308,584,392,606) geom=painted visible=1 twin=0 source=/Game/S08/UI/ArtHud/WBP_S08ArtTag mode=compact look=P1 shape=circle placement=left ring=0 order=4 bound=1 softPx2=0 planned=(308,584,392,606) frame=428
2026.10.01-12.58.26 SHOT widget id=board.tag.hp impl=umg state=compact fighter=f-0-sk2 bbox=(364,586,388,604) geom=painted visible=1 twin=0 source=/Game/S08/UI/ArtHud/WBP_S08ArtTag mode=compact look=P1 shape=circle placement=left ring=0 order=4 bound=1 softPx2=0 planned=(308,584,392,606) frame=428 font=11
2026.10.01-12.58.26 SHOT widget id=board.tag.bar impl=umg state=compact fighter=f-0-sk2 bbox=(327,593,361,598) geom=painted visible=1 twin=0 source=/Game/S08/UI/ArtHud/WBP_S08ArtTag mode=compact look=P1 shape=circle placement=left ring=0 order=4 bound=1 softPx2=0 planned=(308,584,392,606) frame=428
2026.10.01-12.58.26 SHOT widget id=board.tag.chip impl=umg state=compact fighter=f-0-sk2 bbox=(312,589,324,601) geom=painted visible=1 twin=0 source=/Game/S08/UI/ArtHud/WBP_S08ArtTag mode=compact look=P1 shape=circle placement=left ring=0 order=4 bound=1 softPx2=0 planned=(308,584,392,606) frame=428
2026.10.01-12.58.26 SHOT widget id=board.tag impl=umg state=compact fighter=f-1-hero bbox=(1072,730,1174,752) geom=painted visible=1 twin=0 source=/Game/S08/UI/ArtHud/WBP_S08ArtTag mode=compact look=P2 shape=hex placement=below ring=0 order=0 bound=1 softPx2=0 planned=(1072,730,1174,752) frame=428
2026.10.01-12.58.26 SHOT widget id=board.tag.hp impl=umg state=compact fighter=f-1-hero bbox=(1128,732,1170,750) geom=painted visible=1 twin=0 source=/Game/S08/UI/ArtHud/WBP_S08ArtTag mode=compact look=P2 shape=hex placement=below ring=0 order=0 bound=1 softPx2=0 planned=(1072,730,1174,752) frame=428 font=11
2026.10.01-12.58.26 SHOT widget id=board.tag.bar impl=umg state=compact fighter=f-1-hero bbox=(1091,739,1125,744) geom=painted visible=1 twin=0 source=/Game/S08/UI/ArtHud/WBP_S08ArtTag mode=compact look=P2 shape=hex placement=below ring=0 order=0 bound=1 softPx2=0 planned=(1072,730,1174,752) frame=428
2026.10.01-12.58.26 SHOT widget id=board.tag.chip impl=umg state=compact fighter=f-1-hero bbox=(1076,735,1088,747) geom=painted visible=1 twin=0 source=/Game/S08/UI/ArtHud/WBP_S08ArtTag mode=compact look=P2 shape=hex placement=below ring=0 order=0 bound=1 softPx2=0 planned=(1072,730,1174,752) frame=428
2026.10.01-12.58.26 SHOT widget id=board.tag impl=umg state=compact fighter=f-1-sk0 bbox=(1130,510,1214,532) geom=painted visible=1 twin=0 source=/Game/S08/UI/ArtHud/WBP_S08ArtTag mode=compact look=P2 shape=hex placement=above ring=0 order=3 bound=1 softPx2=0 planned=(1130,510,1214,532) frame=428
2026.10.01-12.58.26 SHOT widget id=board.tag.hp impl=umg state=compact fighter=f-1-sk0 bbox=(1186,512,1210,530) geom=painted visible=1 twin=0 source=/Game/S08/UI/ArtHud/WBP_S08ArtTag mode=compact look=P2 shape=hex placement=above ring=0 order=3 bound=1 softPx2=0 planned=(1130,510,1214,532) frame=428 font=11
2026.10.01-12.58.26 SHOT widget id=board.tag.bar impl=umg state=compact fighter=f-1-sk0 bbox=(1149,519,1183,524) geom=painted visible=1 twin=0 source=/Game/S08/UI/ArtHud/WBP_S08ArtTag mode=compact look=P2 shape=hex placement=above ring=0 order=3 bound=1 softPx2=0 planned=(1130,510,1214,532) frame=428
2026.10.01-12.58.26 SHOT widget id=board.tag.chip impl=umg state=compact fighter=f-1-sk0 bbox=(1134,515,1146,527) geom=painted visible=1 twin=0 source=/Game/S08/UI/ArtHud/WBP_S08ArtTag mode=compact look=P2 shape=hex placement=above ring=0 order=3 bound=1 softPx2=0 planned=(1130,510,1214,532) frame=428
2026.10.01-12.58.26 SHOT widget id=board.damage impl=umg state=damage fighter=f-1-hero bbox=(1176,727,1216,755) geom=painted visible=1 twin=0 source=/Game/S08/UI/ArtHud/WBP_S08ArtDamage amount=5 seq=7 placement=right_ring=0_hardPx2=0_softPx2=0 stableFrames=0 planned=(1176,727,1216,755) frame=428
2026.10.01-12.58.26 SHOT widget id=board.damage.text impl=umg state=damage fighter=f-1-hero bbox=(1184,727,1208,755) geom=painted visible=1 twin=0 source=/Game/S08/UI/ArtHud/WBP_S08ArtDamage amount=5 seq=7 placement=right_ring=0_hardPx2=0_softPx2=0 stableFrames=0 planned=(1176,727,1216,755) frame=428 font=18
2026.10.01-12.58.26 SHOT damage fighter=f-1-hero bbox=(1176,727,1216,755) frame=428
2026.10.01-12.58.26 SHOT panel id=hud.command bbox=(0,0,702,209) geom=painted visible=1 frame=428
2026.10.01-12.58.26 SHOT panel id=hud.side bbox=(1432,0,1920,121) geom=painted visible=1 frame=428
2026.10.01-12.58.26 SHOT panel id=hud.hand bbox=(408,985,1512,1080) geom=painted visible=1 frame=428
2026.10.01-12.58.26 SHOT late end file=s09-combat-result.png frame=428
2026.10.01-12.58.26 S09AUTO drive mode=0 plan=[attack+ranged+defend+resolve] phase=ACTION_MANEUVER turn=cmuhntiwu0001wib0z281rpa8
2026.10.01-12.58.26 S09AUTO own turn #0 (turnCount=2)
2026.10.01-12.58.26 S09AUTO ranged target attacker=f-1-sk0 at=S25 target=f-0-hero at=S35 via=shared-zone (not linked) prefer=ranged
2026.10.01-12.58.26 S09AUTO attack (attacker=f-1-sk0 target-set card-set)
2026.10.01-12.58.26 ATTACK sent
2026.10.01-12.58.26 ARTPREVIEW combat marker fighter=Medusa attacker=0 target=1 icon=1 targetMesh=SM_Marker_TargetRing iconMode=screen targetArcScaleXY=0.920
2026.10.01-12.58.26 ARTPREVIEW combat marker fighter=Merlin attacker=1 target=0 icon=0 targetMesh=SM_Marker_TargetRing iconMode=screen targetArcScaleXY=0.718
2026.10.01-12.58.26 TAG fighter=f-0-hero bbox=(932,654,1034,676) mode=compact look=P1 placement=above ring=0 hardPx2=0 softPx2=0 order=0 bound=1
2026.10.01-12.58.26 TAG fighter=f-0-sk0 bbox=(509,496,593,518) mode=compact look=P1 placement=above ring=0 hardPx2=0 softPx2=0 order=3 bound=1
2026.10.01-12.58.26 TAG fighter=f-0-sk1 bbox=(396,458,480,480) mode=compact look=P1 placement=above ring=0 hardPx2=0 softPx2=0 order=2 bound=1
2026.10.01-12.58.26 TAG fighter=f-0-sk2 bbox=(308,584,392,606) mode=compact look=P1 placement=left ring=0 hardPx2=0 softPx2=0 order=5 bound=1
2026.10.01-12.58.26 TAG fighter=f-1-hero bbox=(1072,730,1174,752) mode=compact look=P2 placement=below ring=0 hardPx2=0 softPx2=0 order=1 bound=1
2026.10.01-12.58.26 TAG fighter=f-1-sk0 bbox=(1130,510,1214,532) mode=compact look=P2 placement=above ring=0 hardPx2=0 softPx2=0 order=4 bound=1
2026.10.01-12.58.26 ICON fighter=f-0-hero bbox=(1026,700,1058,732) size=32 src=combat anchor=right fallback=0 overlapPx2=0 texture=/Game/ArtTests/ARTMarkers/Textures/T_UI_Action_AttackToken_32
2026.10.01-12.58.26 ARTPREVIEW anim fighter=f-1-hero clip=Idle len=2.500 event=clipFinished loop=1 phase=0.3470 seq=-1 asset=AM_KingArthur_Idle
2026.10.01-12.58.26 TAG fighter=f-0-hero bbox=(932,654,1034,676) mode=compact look=P1 placement=above ring=0 hardPx2=0 softPx2=0 order=0 bound=1
2026.10.01-12.58.26 TAG fighter=f-0-sk0 bbox=(509,496,593,518) mode=compact look=P1 placement=above ring=0 hardPx2=0 softPx2=0 order=3 bound=1
2026.10.01-12.58.26 TAG fighter=f-0-sk1 bbox=(396,458,480,480) mode=compact look=P1 placement=above ring=0 hardPx2=0 softPx2=0 order=2 bound=1
2026.10.01-12.58.26 TAG fighter=f-0-sk2 bbox=(308,584,392,606) mode=compact look=P1 placement=left ring=0 hardPx2=0 softPx2=0 order=5 bound=1
2026.10.01-12.58.26 TAG fighter=f-1-hero bbox=(1072,730,1174,752) mode=compact look=P2 placement=below ring=0 hardPx2=0 softPx2=0 order=1 bound=1
2026.10.01-12.58.26 TAG fighter=f-1-sk0 bbox=(1130,510,1214,532) mode=compact look=P2 placement=above ring=0 hardPx2=0 softPx2=0 order=4 bound=1
2026.10.01-12.58.26 ICON fighter=f-0-hero bbox=(1026,700,1058,732) size=32 src=combat anchor=right fallback=0 overlapPx2=0 texture=/Game/ArtTests/ARTMarkers/Textures/T_UI_Action_AttackToken_32
2026.10.01-12.58.26 S09AUTO damage-number shot stableFrames=2
2026.10.01-12.58.26 SHOT ctx viewport=1920x1080 viewTarget=CameraActor_2147482233 cam=(0,1342,1917) rot=(-55,-90,0)
2026.10.01-12.58.26 RENDER tag=SHOT rhi=D3D12 featureLevel=SM6 shaderPlatform=PCD3D_SM6 lumenPlatform=1 gi=lumen giMethod=1 refl=lumen reflMethod=1 shadows=csm vsmEnable=0 sg.res=100 sg.view=2 sg.aa=2 sg.shadow=2 sg.gi=2 sg.refl=2 sg.pp=2 sg.tex=2 sg.fx=2 sg.foliage=2 sg.shading=2 sg.landscape=2 preset=High screenPct=100.0 screenPctMode=0 aa=TSR aaMethod=4 exposure=fixed-histogram expMin=4.14106 expMax=4.14106 expBias=0.000 ev100=2.05 lightUnits=candelas sky=1 skyIntensity=3.000 keyShadow=csm-3600uu-2c-contact0.000 shadowCasters=1 profile=sarpedon-night profilesSha256=f7e257eea8ecb88e5f81d37f3be97da6862e500247ad3c0b07c5a1aaf28d1802 profilesSource=pak legacyRender=0 gameLayer=unlit-eyeadaptinv tMaxFPS=30.0 vsync=0 frameRateLimit=60.0 substrate=0 nanite=1 meshDF=1 viewport=1920x1080 reference=1
2026.10.01-12.58.26 SHOT fighter f-0-hero pos=(4,4) world=(16,189,0) screen=(982,752) projected=1 alive=1
2026.10.01-12.58.26 SHOT fighter f-0-sk0 pos=(1,3) world=(-309,33,0) screen=(555,576) projected=1 alive=1
2026.10.01-12.58.26 SHOT fighter f-0-sk1 pos=(0,2) world=(-398,-3,0) screen=(442,537) projected=1 alive=1
2026.10.01-12.58.26 SHOT fighter f-0-sk2 pos=(0,3) world=(-394,92,0) screen=(435,640) projected=1 alive=1
2026.10.01-12.58.26 SHOT fighter f-1-hero pos=(5,4) world=(119,141,0) screen=(1120,695) projected=1 alive=1
2026.10.01-12.58.26 SHOT fighter f-1-sk0 pos=(6,3) world=(159,52,0) screen=(1169,596) projected=1 alive=1
2026.10.01-12.58.26 SHOT camera dist=2340.2 target=2340.2 overview=2340.2 errPct=0.000 focusErr=0.00 settled=1 zoom=1.00
2026.10.01-12.58.26 SHOT head fighter=f-0-hero socket=Head mesh=SK_Medusa_H2LD world=(17.0,188.4,47.0) screen=(983.7,716.8) top=(983.7,712.4) bottom=(983.6,721.1) headPx=8.8 projected=1
2026.10.01-12.58.26 SHOT head fighter=f-0-sk0 socket=Head mesh=SK_Harpy_H3LD world=(-308.6,28.4,34.3) screen=(550.7,544.8) top=(549.8,540.2) bottom=(551.6,549.3) headPx=9.3 projected=1
2026.10.01-12.58.26 SHOT head fighter=f-0-sk1 socket=Head mesh=SK_Harpy_H3LD world=(-399.1,2.6,34.0) screen=(434.2,517.1) top=(433.0,512.5) bottom=(435.3,521.7) headPx=9.4 projected=1
2026.10.01-12.58.26 SHOT head fighter=f-0-sk2 socket=Head mesh=SK_Harpy_H3LD world=(-394.1,86.7,34.0) screen=(429.7,609.4) top=(428.5,604.9) bottom=(430.8,613.9) headPx=9.3 projected=1
2026.10.01-12.58.26 SHOT head fighter=f-1-hero socket=Head mesh=SK_KingArthur_H2LD world=(119.4,139.8,50.1) screen=(1123.8,657.7) top=(1124.2,653.3) bottom=(1123.5,662.2) headPx=9.0 projected=1
2026.10.01-12.58.26 SHOT head fighter=f-1-sk0 socket=Head mesh=SK_Merlin_H2LD world=(158.8,48.5,36.4) screen=(1171.8,565.2) top=(1172.2,560.6) bottom=(1171.3,569.7) headPx=9.1 projected=1
2026.10.01-12.58.26 SHOT figure fighter=f-0-hero bbox=(943,678,1023,785) ringR=28.50 art=1 blockout=0 team=P1 look=P1 ring=1
2026.10.01-12.58.26 SHOT figure fighter=f-0-sk0 bbox=(516,520,586,600) ringR=22.23 art=1 blockout=0 team=P1 look=P1 ring=1
2026.10.01-12.58.26 SHOT figure fighter=f-0-sk1 bbox=(402,482,474,561) ringR=22.23 art=1 blockout=0 team=P1 look=P1 ring=1
2026.10.01-12.58.26 SHOT figure fighter=f-0-sk2 bbox=(394,584,467,665) ringR=22.23 art=1 blockout=0 team=P1 look=P1 ring=1
2026.10.01-12.58.26 SHOT figure fighter=f-1-hero bbox=(1081,619,1165,728) ringR=28.50 art=1 blockout=0 team=P2 look=P2 ring=1
2026.10.01-12.58.26 SHOT figure fighter=f-1-sk0 bbox=(1139,534,1204,620) ringR=22.23 art=1 blockout=0 team=P2 look=P2 ring=1
2026.10.01-12.58.26 SHOT request file=s09-damage-number.png frame=431
2026.10.01-12.58.26 SHOT requested: FScreenshotRequest(bShowUI) -> C:\Users\ren\AppData\Local\Temp\s09-combat-20261001-175646-29856\joiner/s09-damage-number.png
2026.10.01-12.58.27 SHOT captured file=s09-damage-number.png frame=431 px=1920x1080 sha256=13391ffc588c34cccb5a19756c3d23a28cb0633648d290a3ce7b3d48c9de5da9 order=BGRA saved=1
2026.10.01-12.58.27 SHOT late begin file=s09-damage-number.png frame=431 requestFrame=431
2026.10.01-12.58.27 SHOT icon fighter=f-0-hero bbox=(1026,700,1058,732) size=32 src=combat planned=(1026,700,1058,732) geom=painted visible=1 anchor=right fallback=0 overlapPx2=0 texture=/Game/ArtTests/ARTMarkers/Textures/T_UI_Action_AttackToken_32 frame=431
2026.10.01-12.58.27 SHOT widget id=icon impl=umg state=combat fighter=f-0-hero bbox=(1026,700,1058,732) geom=painted visible=1 twin=0 source=/Game/S08/UI/ArtHud/WBP_S08ArtIcon frame=431
2026.10.01-12.58.27 SHOT widget id=board.tag impl=umg state=compact fighter=f-0-hero bbox=(932,654,1034,676) geom=painted visible=1 twin=0 source=/Game/S08/UI/ArtHud/WBP_S08ArtTag mode=compact look=P1 shape=circle placement=above ring=0 order=0 bound=1 softPx2=0 planned=(932,654,1034,676) frame=431
2026.10.01-12.58.27 SHOT widget id=board.tag.hp impl=umg state=compact fighter=f-0-hero bbox=(988,656,1030,674) geom=painted visible=1 twin=0 source=/Game/S08/UI/ArtHud/WBP_S08ArtTag mode=compact look=P1 shape=circle placement=above ring=0 order=0 bound=1 softPx2=0 planned=(932,654,1034,676) frame=431 font=11
2026.10.01-12.58.27 SHOT widget id=board.tag.bar impl=umg state=compact fighter=f-0-hero bbox=(951,663,985,668) geom=painted visible=1 twin=0 source=/Game/S08/UI/ArtHud/WBP_S08ArtTag mode=compact look=P1 shape=circle placement=above ring=0 order=0 bound=1 softPx2=0 planned=(932,654,1034,676) frame=431
2026.10.01-12.58.27 SHOT widget id=board.tag.chip impl=umg state=compact fighter=f-0-hero bbox=(936,659,948,671) geom=painted visible=1 twin=0 source=/Game/S08/UI/ArtHud/WBP_S08ArtTag mode=compact look=P1 shape=circle placement=above ring=0 order=0 bound=1 softPx2=0 planned=(932,654,1034,676) frame=431
2026.10.01-12.58.27 SHOT widget id=board.tag impl=umg state=compact fighter=f-0-sk0 bbox=(509,496,593,518) geom=painted visible=1 twin=0 source=/Game/S08/UI/ArtHud/WBP_S08ArtTag mode=compact look=P1 shape=circle placement=above ring=0 order=3 bound=1 softPx2=0 planned=(509,496,593,518) frame=431
2026.10.01-12.58.27 SHOT widget id=board.tag.hp impl=umg state=compact fighter=f-0-sk0 bbox=(565,498,589,516) geom=painted visible=1 twin=0 source=/Game/S08/UI/ArtHud/WBP_S08ArtTag mode=compact look=P1 shape=circle placement=above ring=0 order=3 bound=1 softPx2=0 planned=(509,496,593,518) frame=431 font=11
2026.10.01-12.58.27 SHOT widget id=board.tag.bar impl=umg state=compact fighter=f-0-sk0 bbox=(528,505,562,510) geom=painted visible=1 twin=0 source=/Game/S08/UI/ArtHud/WBP_S08ArtTag mode=compact look=P1 shape=circle placement=above ring=0 order=3 bound=1 softPx2=0 planned=(509,496,593,518) frame=431
2026.10.01-12.58.27 SHOT widget id=board.tag.chip impl=umg state=compact fighter=f-0-sk0 bbox=(513,501,525,513) geom=painted visible=1 twin=0 source=/Game/S08/UI/ArtHud/WBP_S08ArtTag mode=compact look=P1 shape=circle placement=above ring=0 order=3 bound=1 softPx2=0 planned=(509,496,593,518) frame=431
2026.10.01-12.58.27 SHOT widget id=board.tag impl=umg state=compact fighter=f-0-sk1 bbox=(396,458,480,480) geom=painted visible=1 twin=0 source=/Game/S08/UI/ArtHud/WBP_S08ArtTag mode=compact look=P1 shape=circle placement=above ring=0 order=2 bound=1 softPx2=0 planned=(396,458,480,480) frame=431
2026.10.01-12.58.27 SHOT widget id=board.tag.hp impl=umg state=compact fighter=f-0-sk1 bbox=(452,460,476,478) geom=painted visible=1 twin=0 source=/Game/S08/UI/ArtHud/WBP_S08ArtTag mode=compact look=P1 shape=circle placement=above ring=0 order=2 bound=1 softPx2=0 planned=(396,458,480,480) frame=431 font=11
2026.10.01-12.58.27 SHOT widget id=board.tag.bar impl=umg state=compact fighter=f-0-sk1 bbox=(415,467,449,472) geom=painted visible=1 twin=0 source=/Game/S08/UI/ArtHud/WBP_S08ArtTag mode=compact look=P1 shape=circle placement=above ring=0 order=2 bound=1 softPx2=0 planned=(396,458,480,480) frame=431
2026.10.01-12.58.27 SHOT widget id=board.tag.chip impl=umg state=compact fighter=f-0-sk1 bbox=(400,463,412,475) geom=painted visible=1 twin=0 source=/Game/S08/UI/ArtHud/WBP_S08ArtTag mode=compact look=P1 shape=circle placement=above ring=0 order=2 bound=1 softPx2=0 planned=(396,458,480,480) frame=431
2026.10.01-12.58.27 SHOT widget id=board.tag impl=umg state=compact fighter=f-0-sk2 bbox=(308,584,392,606) geom=painted visible=1 twin=0 source=/Game/S08/UI/ArtHud/WBP_S08ArtTag mode=compact look=P1 shape=circle placement=left ring=0 order=5 bound=1 softPx2=0 planned=(308,584,392,606) frame=431
2026.10.01-12.58.27 SHOT widget id=board.tag.hp impl=umg state=compact fighter=f-0-sk2 bbox=(364,586,388,604) geom=painted visible=1 twin=0 source=/Game/S08/UI/ArtHud/WBP_S08ArtTag mode=compact look=P1 shape=circle placement=left ring=0 order=5 bound=1 softPx2=0 planned=(308,584,392,606) frame=431 font=11
2026.10.01-12.58.27 SHOT widget id=board.tag.bar impl=umg state=compact fighter=f-0-sk2 bbox=(327,593,361,598) geom=painted visible=1 twin=0 source=/Game/S08/UI/ArtHud/WBP_S08ArtTag mode=compact look=P1 shape=circle placement=left ring=0 order=5 bound=1 softPx2=0 planned=(308,584,392,606) frame=431
2026.10.01-12.58.27 SHOT widget id=board.tag.chip impl=umg state=compact fighter=f-0-sk2 bbox=(312,589,324,601) geom=painted visible=1 twin=0 source=/Game/S08/UI/ArtHud/WBP_S08ArtTag mode=compact look=P1 shape=circle placement=left ring=0 order=5 bound=1 softPx2=0 planned=(308,584,392,606) frame=431
2026.10.01-12.58.27 SHOT widget id=board.tag impl=umg state=compact fighter=f-1-hero bbox=(1072,730,1174,752) geom=painted visible=1 twin=0 source=/Game/S08/UI/ArtHud/WBP_S08ArtTag mode=compact look=P2 shape=hex placement=below ring=0 order=1 bound=1 softPx2=0 planned=(1072,730,1174,752) frame=431
2026.10.01-12.58.27 SHOT widget id=board.tag.hp impl=umg state=compact fighter=f-1-hero bbox=(1128,732,1170,750) geom=painted visible=1 twin=0 source=/Game/S08/UI/ArtHud/WBP_S08ArtTag mode=compact look=P2 shape=hex placement=below ring=0 order=1 bound=1 softPx2=0 planned=(1072,730,1174,752) frame=431 font=11
2026.10.01-12.58.27 SHOT widget id=board.tag.bar impl=umg state=compact fighter=f-1-hero bbox=(1091,739,1125,744) geom=painted visible=1 twin=0 source=/Game/S08/UI/ArtHud/WBP_S08ArtTag mode=compact look=P2 shape=hex placement=below ring=0 order=1 bound=1 softPx2=0 planned=(1072,730,1174,752) frame=431
2026.10.01-12.58.27 SHOT widget id=board.tag.chip impl=umg state=compact fighter=f-1-hero bbox=(1076,735,1088,747) geom=painted visible=1 twin=0 source=/Game/S08/UI/ArtHud/WBP_S08ArtTag mode=compact look=P2 shape=hex placement=below ring=0 order=1 bound=1 softPx2=0 planned=(1072,730,1174,752) frame=431
2026.10.01-12.58.27 SHOT widget id=board.tag impl=umg state=compact fighter=f-1-sk0 bbox=(1130,510,1214,532) geom=painted visible=1 twin=0 source=/Game/S08/UI/ArtHud/WBP_S08ArtTag mode=compact look=P2 shape=hex placement=above ring=0 order=4 bound=1 softPx2=0 planned=(1130,510,1214,532) frame=431
2026.10.01-12.58.27 SHOT widget id=board.tag.hp impl=umg state=compact fighter=f-1-sk0 bbox=(1186,512,1210,530) geom=painted visible=1 twin=0 source=/Game/S08/UI/ArtHud/WBP_S08ArtTag mode=compact look=P2 shape=hex placement=above ring=0 order=4 bound=1 softPx2=0 planned=(1130,510,1214,532) frame=431 font=11
2026.10.01-12.58.27 SHOT widget id=board.tag.bar impl=umg state=compact fighter=f-1-sk0 bbox=(1149,519,1183,524) geom=painted visible=1 twin=0 source=/Game/S08/UI/ArtHud/WBP_S08ArtTag mode=compact look=P2 shape=hex placement=above ring=0 order=4 bound=1 softPx2=0 planned=(1130,510,1214,532) frame=431
2026.10.01-12.58.27 SHOT widget id=board.tag.chip impl=umg state=compact fighter=f-1-sk0 bbox=(1134,515,1146,527) geom=painted visible=1 twin=0 source=/Game/S08/UI/ArtHud/WBP_S08ArtTag mode=compact look=P2 shape=hex placement=above ring=0 order=4 bound=1 softPx2=0 planned=(1130,510,1214,532) frame=431
2026.10.01-12.58.27 SHOT widget id=board.damage impl=umg state=damage fighter=f-1-hero bbox=(1176,727,1216,755) geom=painted visible=1 twin=0 source=/Game/S08/UI/ArtHud/WBP_S08ArtDamage amount=5 seq=7 placement=right_ring=0_hardPx2=0_softPx2=0 stableFrames=3 planned=(1176,727,1216,755) frame=431
2026.10.01-12.58.27 SHOT widget id=board.damage.text impl=umg state=damage fighter=f-1-hero bbox=(1184,727,1208,755) geom=painted visible=1 twin=0 source=/Game/S08/UI/ArtHud/WBP_S08ArtDamage amount=5 seq=7 placement=right_ring=0_hardPx2=0_softPx2=0 stableFrames=3 planned=(1176,727,1216,755) frame=431 font=18
2026.10.01-12.58.27 SHOT damage fighter=f-1-hero bbox=(1176,727,1216,755) frame=431
2026.10.01-12.58.27 SHOT panel id=hud.command bbox=(0,0,1286,178) geom=painted visible=1 frame=431
2026.10.01-12.58.27 SHOT panel id=hud.side bbox=(1432,0,1920,121) geom=painted visible=1 frame=431
2026.10.01-12.58.27 SHOT panel id=hud.hand bbox=(384,985,1537,1080) geom=painted visible=1 frame=431
2026.10.01-12.58.27 SHOT late end file=s09-damage-number.png frame=431
2026.10.01-12.58.27 SNAPSHOT applied seq=8 phase=COMBAT
2026.10.01-12.58.27 HANDLE_APPLIED #11 seq=8 decision=2 fightersValid=1 boardValid=1
2026.10.01-12.58.27 closed mode=
2026.10.01-12.58.27 MODE seq=8 mode=0 combat=1 pending=0
2026.10.01-12.58.27 HUD seq=8 phase=COMBAT turn=you hand=4 oppHand=4(hidden) oppDeck=24 deck=24 discard=2
2026.10.01-12.58.27 ARTPREVIEW fighter=Medusa hero=1 eligible=0 visual=1 mesh=SK_Medusa_H2LD
2026.10.01-12.58.27 FIGHTERS synced n=6 alive=6 own=2 enemy=4
2026.10.01-12.58.27 ATTACK done seq=8 (apply) phase=COMBAT
2026.10.01-12.58.27 SNAPSHOT applied seq=8 phase=COMBAT
2026.10.01-12.58.27 HANDLE_APPLIED #12 seq=8 decision=1 fightersValid=1 boardValid=1
2026.10.01-12.58.27 MODE seq=8 mode=0 combat=1 pending=0
2026.10.01-12.58.27 HUD seq=8 phase=COMBAT turn=you hand=4 oppHand=4(hidden) oppDeck=24 deck=24 discard=2
2026.10.01-12.58.27 ARTPREVIEW fighter=Medusa hero=1 eligible=0 visual=1 mesh=SK_Medusa_H2LD
2026.10.01-12.58.27 FIGHTERS synced n=6 alive=6 own=2 enemy=4
2026.10.01-12.58.27 WS seq=8 phase=COMBAT (merge)
2026.10.01-12.58.27 S09AUTO damage-combat shot fighter=f-1-hero stableFrames=3
2026.10.01-12.58.27 SHOT ctx viewport=1920x1080 viewTarget=CameraActor_2147482233 cam=(0,1342,1917) rot=(-55,-90,0)
2026.10.01-12.58.27 RENDER tag=SHOT rhi=D3D12 featureLevel=SM6 shaderPlatform=PCD3D_SM6 lumenPlatform=1 gi=lumen giMethod=1 refl=lumen reflMethod=1 shadows=csm vsmEnable=0 sg.res=100 sg.view=2 sg.aa=2 sg.shadow=2 sg.gi=2 sg.refl=2 sg.pp=2 sg.tex=2 sg.fx=2 sg.foliage=2 sg.shading=2 sg.landscape=2 preset=High screenPct=100.0 screenPctMode=0 aa=TSR aaMethod=4 exposure=fixed-histogram expMin=4.14106 expMax=4.14106 expBias=0.000 ev100=2.05 lightUnits=candelas sky=1 skyIntensity=3.000 keyShadow=csm-3600uu-2c-contact0.000 shadowCasters=1 profile=sarpedon-night profilesSha256=f7e257eea8ecb88e5f81d37f3be97da6862e500247ad3c0b07c5a1aaf28d1802 profilesSource=pak legacyRender=0 gameLayer=unlit-eyeadaptinv tMaxFPS=30.0 vsync=0 frameRateLimit=60.0 substrate=0 nanite=1 meshDF=1 viewport=1920x1080 reference=1
2026.10.01-12.58.27 SHOT fighter f-0-hero pos=(4,4) world=(16,189,0) screen=(982,752) projected=1 alive=1
2026.10.01-12.58.27 SHOT fighter f-0-sk0 pos=(1,3) world=(-309,33,0) screen=(555,576) projected=1 alive=1
2026.10.01-12.58.27 SHOT fighter f-0-sk1 pos=(0,2) world=(-398,-3,0) screen=(442,537) projected=1 alive=1
2026.10.01-12.58.27 SHOT fighter f-0-sk2 pos=(0,3) world=(-394,92,0) screen=(435,640) projected=1 alive=1
2026.10.01-12.58.27 SHOT fighter f-1-hero pos=(5,4) world=(119,141,0) screen=(1120,695) projected=1 alive=1
2026.10.01-12.58.27 SHOT fighter f-1-sk0 pos=(6,3) world=(159,52,0) screen=(1169,596) projected=1 alive=1
2026.10.01-12.58.27 SHOT camera dist=2340.2 target=2340.2 overview=2340.2 errPct=0.000 focusErr=0.00 settled=1 zoom=1.00
2026.10.01-12.58.27 SHOT head fighter=f-0-hero socket=Head mesh=SK_Medusa_H2LD world=(17.0,188.5,47.1) screen=(983.6,716.8) top=(983.7,712.4) bottom=(983.6,721.2) headPx=8.8 projected=1
2026.10.01-12.58.27 SHOT head fighter=f-0-sk0 socket=Head mesh=SK_Harpy_H3LD world=(-308.6,28.4,34.3) screen=(550.8,544.8) top=(549.9,540.2) bottom=(551.6,549.3) headPx=9.3 projected=1
2026.10.01-12.58.27 SHOT head fighter=f-0-sk1 socket=Head mesh=SK_Harpy_H3LD world=(-399.1,2.6,34.0) screen=(434.2,517.2) top=(433.1,512.6) bottom=(435.3,521.7) headPx=9.4 projected=1
2026.10.01-12.58.27 SHOT head fighter=f-0-sk2 socket=Head mesh=SK_Harpy_H3LD world=(-394.1,86.7,33.9) screen=(429.6,609.4) top=(428.5,604.9) bottom=(430.8,613.9) headPx=9.3 projected=1
2026.10.01-12.58.27 SHOT head fighter=f-1-hero socket=Head mesh=SK_KingArthur_H2LD world=(119.4,139.8,50.1) screen=(1123.8,657.7) top=(1124.2,653.2) bottom=(1123.4,662.1) headPx=9.0 projected=1
2026.10.01-12.58.27 SHOT head fighter=f-1-sk0 socket=Head mesh=SK_Merlin_H2LD world=(158.8,48.5,36.4) screen=(1171.8,565.1) top=(1172.3,560.6) bottom=(1171.3,569.7) headPx=9.1 projected=1
2026.10.01-12.58.27 SHOT figure fighter=f-0-hero bbox=(943,678,1023,785) ringR=28.50 art=1 blockout=0 team=P1 look=P1 ring=1
2026.10.01-12.58.27 SHOT figure fighter=f-0-sk0 bbox=(516,520,586,600) ringR=22.23 art=1 blockout=0 team=P1 look=P1 ring=1
2026.10.01-12.58.27 SHOT figure fighter=f-0-sk1 bbox=(402,482,474,561) ringR=22.23 art=1 blockout=0 team=P1 look=P1 ring=1
2026.10.01-12.58.27 SHOT figure fighter=f-0-sk2 bbox=(394,584,467,665) ringR=22.23 art=1 blockout=0 team=P1 look=P1 ring=1
2026.10.01-12.58.27 SHOT figure fighter=f-1-hero bbox=(1081,619,1165,728) ringR=28.50 art=1 blockout=0 team=P2 look=P2 ring=1
2026.10.01-12.58.27 SHOT figure fighter=f-1-sk0 bbox=(1139,534,1204,620) ringR=22.23 art=1 blockout=0 team=P2 look=P2 ring=1
2026.10.01-12.58.27 SHOT request file=s09-damage-combat.png frame=432
2026.10.01-12.58.27 SHOT requested: FScreenshotRequest(bShowUI) -> C:\Users\ren\AppData\Local\Temp\s09-combat-20261001-175646-29856\joiner/s09-damage-combat.png
2026.10.01-12.58.27 SHOT captured file=s09-damage-combat.png frame=432 px=1920x1080 sha256=44dacf2c4e6fc876610bb91d3b479d2abda2118e135c6ed69c38dd818c8afc0c order=BGRA saved=1
2026.10.01-12.58.27 SHOT late begin file=s09-damage-combat.png frame=432 requestFrame=432
2026.10.01-12.58.27 SHOT icon fighter=f-0-hero bbox=(1026,700,1058,732) size=32 src=combat planned=(1026,700,1058,732) geom=painted visible=1 anchor=right fallback=0 overlapPx2=0 texture=/Game/ArtTests/ARTMarkers/Textures/T_UI_Action_AttackToken_32 frame=432
2026.10.01-12.58.27 SHOT widget id=icon impl=umg state=combat fighter=f-0-hero bbox=(1026,700,1058,732) geom=painted visible=1 twin=0 source=/Game/S08/UI/ArtHud/WBP_S08ArtIcon frame=432
2026.10.01-12.58.27 SHOT widget id=board.tag impl=umg state=compact fighter=f-0-hero bbox=(932,654,1034,676) geom=painted visible=1 twin=0 source=/Game/S08/UI/ArtHud/WBP_S08ArtTag mode=compact look=P1 shape=circle placement=above ring=0 order=0 bound=1 softPx2=0 planned=(932,654,1034,676) frame=432
2026.10.01-12.58.27 SHOT widget id=board.tag.hp impl=umg state=compact fighter=f-0-hero bbox=(988,656,1030,674) geom=painted visible=1 twin=0 source=/Game/S08/UI/ArtHud/WBP_S08ArtTag mode=compact look=P1 shape=circle placement=above ring=0 order=0 bound=1 softPx2=0 planned=(932,654,1034,676) frame=432 font=11
2026.10.01-12.58.27 SHOT widget id=board.tag.bar impl=umg state=compact fighter=f-0-hero bbox=(951,663,985,668) geom=painted visible=1 twin=0 source=/Game/S08/UI/ArtHud/WBP_S08ArtTag mode=compact look=P1 shape=circle placement=above ring=0 order=0 bound=1 softPx2=0 planned=(932,654,1034,676) frame=432
2026.10.01-12.58.27 SHOT widget id=board.tag.chip impl=umg state=compact fighter=f-0-hero bbox=(936,659,948,671) geom=painted visible=1 twin=0 source=/Game/S08/UI/ArtHud/WBP_S08ArtTag mode=compact look=P1 shape=circle placement=above ring=0 order=0 bound=1 softPx2=0 planned=(932,654,1034,676) frame=432
2026.10.01-12.58.27 SHOT widget id=board.tag impl=umg state=compact fighter=f-0-sk0 bbox=(509,496,593,518) geom=painted visible=1 twin=0 source=/Game/S08/UI/ArtHud/WBP_S08ArtTag mode=compact look=P1 shape=circle placement=above ring=0 order=3 bound=1 softPx2=0 planned=(509,496,593,518) frame=432
2026.10.01-12.58.27 SHOT widget id=board.tag.hp impl=umg state=compact fighter=f-0-sk0 bbox=(565,498,589,516) geom=painted visible=1 twin=0 source=/Game/S08/UI/ArtHud/WBP_S08ArtTag mode=compact look=P1 shape=circle placement=above ring=0 order=3 bound=1 softPx2=0 planned=(509,496,593,518) frame=432 font=11
2026.10.01-12.58.27 SHOT widget id=board.tag.bar impl=umg state=compact fighter=f-0-sk0 bbox=(528,505,562,510) geom=painted visible=1 twin=0 source=/Game/S08/UI/ArtHud/WBP_S08ArtTag mode=compact look=P1 shape=circle placement=above ring=0 order=3 bound=1 softPx2=0 planned=(509,496,593,518) frame=432
2026.10.01-12.58.27 SHOT widget id=board.tag.chip impl=umg state=compact fighter=f-0-sk0 bbox=(513,501,525,513) geom=painted visible=1 twin=0 source=/Game/S08/UI/ArtHud/WBP_S08ArtTag mode=compact look=P1 shape=circle placement=above ring=0 order=3 bound=1 softPx2=0 planned=(509,496,593,518) frame=432
2026.10.01-12.58.27 SHOT widget id=board.tag impl=umg state=compact fighter=f-0-sk1 bbox=(396,458,480,480) geom=painted visible=1 twin=0 source=/Game/S08/UI/ArtHud/WBP_S08ArtTag mode=compact look=P1 shape=circle placement=above ring=0 order=2 bound=1 softPx2=0 planned=(396,458,480,480) frame=432
2026.10.01-12.58.27 SHOT widget id=board.tag.hp impl=umg state=compact fighter=f-0-sk1 bbox=(452,460,476,478) geom=painted visible=1 twin=0 source=/Game/S08/UI/ArtHud/WBP_S08ArtTag mode=compact look=P1 shape=circle placement=above ring=0 order=2 bound=1 softPx2=0 planned=(396,458,480,480) frame=432 font=11
2026.10.01-12.58.27 SHOT widget id=board.tag.bar impl=umg state=compact fighter=f-0-sk1 bbox=(415,467,449,472) geom=painted visible=1 twin=0 source=/Game/S08/UI/ArtHud/WBP_S08ArtTag mode=compact look=P1 shape=circle placement=above ring=0 order=2 bound=1 softPx2=0 planned=(396,458,480,480) frame=432
2026.10.01-12.58.27 SHOT widget id=board.tag.chip impl=umg state=compact fighter=f-0-sk1 bbox=(400,463,412,475) geom=painted visible=1 twin=0 source=/Game/S08/UI/ArtHud/WBP_S08ArtTag mode=compact look=P1 shape=circle placement=above ring=0 order=2 bound=1 softPx2=0 planned=(396,458,480,480) frame=432
2026.10.01-12.58.27 SHOT widget id=board.tag impl=umg state=compact fighter=f-0-sk2 bbox=(308,584,392,606) geom=painted visible=1 twin=0 source=/Game/S08/UI/ArtHud/WBP_S08ArtTag mode=compact look=P1 shape=circle placement=left ring=0 order=5 bound=1 softPx2=0 planned=(308,584,392,606) frame=432
2026.10.01-12.58.27 SHOT widget id=board.tag.hp impl=umg state=compact fighter=f-0-sk2 bbox=(364,586,388,604) geom=painted visible=1 twin=0 source=/Game/S08/UI/ArtHud/WBP_S08ArtTag mode=compact look=P1 shape=circle placement=left ring=0 order=5 bound=1 softPx2=0 planned=(308,584,392,606) frame=432 font=11
2026.10.01-12.58.27 SHOT widget id=board.tag.bar impl=umg state=compact fighter=f-0-sk2 bbox=(327,593,361,598) geom=painted visible=1 twin=0 source=/Game/S08/UI/ArtHud/WBP_S08ArtTag mode=compact look=P1 shape=circle placement=left ring=0 order=5 bound=1 softPx2=0 planned=(308,584,392,606) frame=432
2026.10.01-12.58.27 SHOT widget id=board.tag.chip impl=umg state=compact fighter=f-0-sk2 bbox=(312,589,324,601) geom=painted visible=1 twin=0 source=/Game/S08/UI/ArtHud/WBP_S08ArtTag mode=compact look=P1 shape=circle placement=left ring=0 order=5 bound=1 softPx2=0 planned=(308,584,392,606) frame=432
2026.10.01-12.58.27 SHOT widget id=board.tag impl=umg state=compact fighter=f-1-hero bbox=(1072,730,1174,752) geom=painted visible=1 twin=0 source=/Game/S08/UI/ArtHud/WBP_S08ArtTag mode=compact look=P2 shape=hex placement=below ring=0 order=1 bound=1 softPx2=0 planned=(1072,730,1174,752) frame=432
2026.10.01-12.58.27 SHOT widget id=board.tag.hp impl=umg state=compact fighter=f-1-hero bbox=(1128,732,1170,750) geom=painted visible=1 twin=0 source=/Game/S08/UI/ArtHud/WBP_S08ArtTag mode=compact look=P2 shape=hex placement=below ring=0 order=1 bound=1 softPx2=0 planned=(1072,730,1174,752) frame=432 font=11
2026.10.01-12.58.27 SHOT widget id=board.tag.bar impl=umg state=compact fighter=f-1-hero bbox=(1091,739,1125,744) geom=painted visible=1 twin=0 source=/Game/S08/UI/ArtHud/WBP_S08ArtTag mode=compact look=P2 shape=hex placement=below ring=0 order=1 bound=1 softPx2=0 planned=(1072,730,1174,752) frame=432
2026.10.01-12.58.27 SHOT widget id=board.tag.chip impl=umg state=compact fighter=f-1-hero bbox=(1076,735,1088,747) geom=painted visible=1 twin=0 source=/Game/S08/UI/ArtHud/WBP_S08ArtTag mode=compact look=P2 shape=hex placement=below ring=0 order=1 bound=1 softPx2=0 planned=(1072,730,1174,752) frame=432
2026.10.01-12.58.27 SHOT widget id=board.tag impl=umg state=compact fighter=f-1-sk0 bbox=(1130,510,1214,532) geom=painted visible=1 twin=0 source=/Game/S08/UI/ArtHud/WBP_S08ArtTag mode=compact look=P2 shape=hex placement=above ring=0 order=4 bound=1 softPx2=0 planned=(1130,510,1214,532) frame=432
2026.10.01-12.58.27 SHOT widget id=board.tag.hp impl=umg state=compact fighter=f-1-sk0 bbox=(1186,512,1210,530) geom=painted visible=1 twin=0 source=/Game/S08/UI/ArtHud/WBP_S08ArtTag mode=compact look=P2 shape=hex placement=above ring=0 order=4 bound=1 softPx2=0 planned=(1130,510,1214,532) frame=432 font=11
2026.10.01-12.58.27 SHOT widget id=board.tag.bar impl=umg state=compact fighter=f-1-sk0 bbox=(1149,519,1183,524) geom=painted visible=1 twin=0 source=/Game/S08/UI/ArtHud/WBP_S08ArtTag mode=compact look=P2 shape=hex placement=above ring=0 order=4 bound=1 softPx2=0 planned=(1130,510,1214,532) frame=432
2026.10.01-12.58.27 SHOT widget id=board.tag.chip impl=umg state=compact fighter=f-1-sk0 bbox=(1134,515,1146,527) geom=painted visible=1 twin=0 source=/Game/S08/UI/ArtHud/WBP_S08ArtTag mode=compact look=P2 shape=hex placement=above ring=0 order=4 bound=1 softPx2=0 planned=(1130,510,1214,532) frame=432
2026.10.01-12.58.27 SHOT widget id=board.damage impl=umg state=damage fighter=f-1-hero bbox=(1176,727,1216,755) geom=painted visible=1 twin=0 source=/Game/S08/UI/ArtHud/WBP_S08ArtDamage amount=5 seq=7 placement=right_ring=0_hardPx2=0_softPx2=0 stableFrames=4 planned=(1176,727,1216,755) frame=432
2026.10.01-12.58.27 SHOT widget id=board.damage.text impl=umg state=damage fighter=f-1-hero bbox=(1184,727,1208,755) geom=painted visible=1 twin=0 source=/Game/S08/UI/ArtHud/WBP_S08ArtDamage amount=5 seq=7 placement=right_ring=0_hardPx2=0_softPx2=0 stableFrames=4 planned=(1176,727,1216,755) frame=432 font=18
2026.10.01-12.58.27 SHOT damage fighter=f-1-hero bbox=(1176,727,1216,755) frame=432
2026.10.01-12.58.27 SHOT panel id=hud.command bbox=(0,0,702,209) geom=painted visible=1 frame=432
2026.10.01-12.58.27 SHOT panel id=hud.side bbox=(1502,0,1920,121) geom=painted visible=1 frame=432
2026.10.01-12.58.27 SHOT panel id=hud.hand bbox=(537,985,1384,1080) geom=painted visible=1 frame=432
2026.10.01-12.58.27 SHOT late end file=s09-damage-combat.png frame=432
2026.10.01-12.58.27 PERF window t=30.7-35.7 frames=29 fps=4.68 frameMs avg=213.87 p50=147.21 p95=693.06 p99=971.49 max=971.49 hitches50=22 gpuMs avg=2.92 p50=2.80 p95=3.27 gameMs avg=57.26 p95=379.22 renderMs avg=113.94 p95=300.23
2026.10.01-12.58.27 TAG fighter=f-0-hero bbox=(932,654,1034,676) mode=compact look=P1 placement=above ring=0 hardPx2=0 softPx2=0 order=0 bound=1
2026.10.01-12.58.27 TAG fighter=f-0-sk0 bbox=(509,496,593,518) mode=compact look=P1 placement=above ring=0 hardPx2=0 softPx2=0 order=2 bound=1
2026.10.01-12.58.27 TAG fighter=f-0-sk1 bbox=(396,458,480,480) mode=compact look=P1 placement=above ring=0 hardPx2=0 softPx2=0 order=1 bound=1
2026.10.01-12.58.27 TAG fighter=f-0-sk2 bbox=(308,584,392,606) mode=compact look=P1 placement=left ring=0 hardPx2=0 softPx2=0 order=4 bound=1
2026.10.01-12.58.27 TAG fighter=f-1-hero bbox=(1072,730,1174,752) mode=compact look=P2 placement=below ring=0 hardPx2=0 softPx2=0 order=5 bound=1
2026.10.01-12.58.27 TAG fighter=f-1-sk0 bbox=(1130,510,1214,532) mode=compact look=P2 placement=above ring=0 hardPx2=0 softPx2=0 order=3 bound=1
2026.10.01-12.58.27 ICON fighter=f-0-hero bbox=(1026,700,1058,732) size=32 src=combat anchor=right fallback=0 overlapPx2=0 texture=/Game/ArtTests/ARTMarkers/Textures/T_UI_Action_AttackToken_32
2026.10.01-12.58.28 SNAPSHOT applied seq=9 phase=COMBAT_RESOLVE
2026.10.01-12.58.28 HANDLE_APPLIED #13 seq=9 decision=2 fightersValid=1 boardValid=1
2026.10.01-12.58.28 ARTPREVIEW anim fighter=f-1-sk0 clip=LungeAttack len=0.583 event=attack loop=0 phase=0.0000 seq=9 asset=AM_Merlin_LungeAttack
2026.10.01-12.58.28 closed mode=
2026.10.01-12.58.28 MODE seq=9 mode=5 combat=1 pending=0
2026.10.01-12.58.28 HUD seq=9 phase=COMBAT_RESOLVE turn=you hand=4 oppHand=3(hidden) oppDeck=24~ deck=24~ discard=2
2026.10.01-12.58.28 ARTPREVIEW fighter=Medusa hero=1 eligible=0 visual=1 mesh=SK_Medusa_H2LD
2026.10.01-12.58.28 FIGHTERS synced n=6 alive=6 own=2 enemy=4
2026.10.01-12.58.28 WS seq=9 phase=COMBAT_RESOLVE (apply)
2026.10.01-12.58.28 S09AUTO drive mode=5 plan=[attack+ranged+defend+resolve] phase=COMBAT_RESOLVE turn=cmuhntiwu0001wib0z281rpa8
2026.10.01-12.58.28 S09AUTO resolve
2026.10.01-12.58.28 RESOLVE sent
2026.10.01-12.58.28 TAG fighter=f-0-hero bbox=(932,654,1034,676) mode=compact look=P1 placement=above ring=0 hardPx2=0 softPx2=0 order=0 bound=1
2026.10.01-12.58.28 TAG fighter=f-0-sk0 bbox=(509,496,593,518) mode=compact look=P1 placement=above ring=0 hardPx2=0 softPx2=0 order=2 bound=1
2026.10.01-12.58.28 TAG fighter=f-0-sk1 bbox=(396,458,480,480) mode=compact look=P1 placement=above ring=0 hardPx2=0 softPx2=0 order=1 bound=1
2026.10.01-12.58.28 TAG fighter=f-0-sk2 bbox=(308,584,392,606) mode=compact look=P1 placement=left ring=0 hardPx2=0 softPx2=0 order=4 bound=1
2026.10.01-12.58.28 TAG fighter=f-1-hero bbox=(1072,730,1174,752) mode=compact look=P2 placement=below ring=0 hardPx2=0 softPx2=0 order=5 bound=1
2026.10.01-12.58.28 TAG fighter=f-1-sk0 bbox=(1130,510,1214,532) mode=compact look=P2 placement=above ring=0 hardPx2=0 softPx2=0 order=3 bound=1
2026.10.01-12.58.28 ICON fighter=f-0-hero bbox=(1026,700,1058,732) size=32 src=combat anchor=right fallback=0 overlapPx2=0 texture=/Game/ArtTests/ARTMarkers/Textures/T_UI_Action_AttackToken_32
2026.10.01-12.58.28 SNAPSHOT applied seq=10 phase=COMBAT_RESOLVE
2026.10.01-12.58.28 HANDLE_APPLIED #14 seq=10 decision=2 fightersValid=1 boardValid=1
2026.10.01-12.58.28 closed mode=
2026.10.01-12.58.28 MODE seq=10 mode=6 combat=1 pending=1
2026.10.01-12.58.28 HUD seq=10 phase=COMBAT_RESOLVE turn=you hand=4 oppHand=3(hidden) oppDeck=24 deck=24 discard=2
2026.10.01-12.58.28 PENDING panel revealed: attack A3+B0 vs D4
2026.10.01-12.58.28 ARTPREVIEW fighter=Medusa hero=1 eligible=0 visual=1 mesh=SK_Medusa_H2LD
2026.10.01-12.58.28 FIGHTERS synced n=6 alive=6 own=2 enemy=4
2026.10.01-12.58.28 RESOLVE done seq=10 (apply) phase=COMBAT_RESOLVE
2026.10.01-12.58.28 SNAPSHOT applied seq=10 phase=COMBAT_RESOLVE
2026.10.01-12.58.28 HANDLE_APPLIED #15 seq=10 decision=1 fightersValid=1 boardValid=1
2026.10.01-12.58.28 MODE seq=10 mode=6 combat=1 pending=1
2026.10.01-12.58.28 HUD seq=10 phase=COMBAT_RESOLVE turn=you hand=4 oppHand=3(hidden) oppDeck=24 deck=24 discard=2
2026.10.01-12.58.28 ARTPREVIEW fighter=Medusa hero=1 eligible=0 visual=1 mesh=SK_Medusa_H2LD
2026.10.01-12.58.28 FIGHTERS synced n=6 alive=6 own=2 enemy=4
2026.10.01-12.58.28 WS seq=10 phase=COMBAT_RESOLVE (merge)
2026.10.01-12.58.28 S09AUTO drive mode=6 plan=[attack+ranged+defend+resolve] phase=COMBAT_RESOLVE turn=cmuhntiwu0001wib0z281rpa8
2026.10.01-12.58.28 S09AUTO pending-open shot (type=DISCARD_CARDS stage=0 mode=)
2026.10.01-12.58.28 SHOT ctx viewport=1920x1080 viewTarget=CameraActor_2147482233 cam=(0,1342,1917) rot=(-55,-90,0)
2026.10.01-12.58.28 RENDER tag=SHOT rhi=D3D12 featureLevel=SM6 shaderPlatform=PCD3D_SM6 lumenPlatform=1 gi=lumen giMethod=1 refl=lumen reflMethod=1 shadows=csm vsmEnable=0 sg.res=100 sg.view=2 sg.aa=2 sg.shadow=2 sg.gi=2 sg.refl=2 sg.pp=2 sg.tex=2 sg.fx=2 sg.foliage=2 sg.shading=2 sg.landscape=2 preset=High screenPct=100.0 screenPctMode=0 aa=TSR aaMethod=4 exposure=fixed-histogram expMin=4.14106 expMax=4.14106 expBias=0.000 ev100=2.05 lightUnits=candelas sky=1 skyIntensity=3.000 keyShadow=csm-3600uu-2c-contact0.000 shadowCasters=1 profile=sarpedon-night profilesSha256=f7e257eea8ecb88e5f81d37f3be97da6862e500247ad3c0b07c5a1aaf28d1802 profilesSource=pak legacyRender=0 gameLayer=unlit-eyeadaptinv tMaxFPS=30.0 vsync=0 frameRateLimit=60.0 substrate=0 nanite=1 meshDF=1 viewport=1920x1080 reference=1
2026.10.01-12.58.28 SHOT fighter f-0-hero pos=(4,4) world=(16,189,0) screen=(982,752) projected=1 alive=1
2026.10.01-12.58.28 SHOT fighter f-0-sk0 pos=(1,3) world=(-309,33,0) screen=(555,576) projected=1 alive=1
2026.10.01-12.58.28 SHOT fighter f-0-sk1 pos=(0,2) world=(-398,-3,0) screen=(442,537) projected=1 alive=1
2026.10.01-12.58.28 SHOT fighter f-0-sk2 pos=(0,3) world=(-394,92,0) screen=(435,640) projected=1 alive=1
2026.10.01-12.58.28 SHOT fighter f-1-hero pos=(5,4) world=(119,141,0) screen=(1120,695) projected=1 alive=1
2026.10.01-12.58.28 SHOT fighter f-1-sk0 pos=(6,3) world=(159,52,0) screen=(1169,596) projected=1 alive=1
2026.10.01-12.58.28 SHOT camera dist=2340.2 target=2340.2 overview=2340.2 errPct=0.000 focusErr=0.00 settled=1 zoom=1.00
2026.10.01-12.58.28 SHOT head fighter=f-0-hero socket=Head mesh=SK_Medusa_H2LD world=(15.7,188.2,47.0) screen=(981.7,716.5) top=(981.8,712.1) bottom=(981.7,720.9) headPx=8.8 projected=1
2026.10.01-12.58.28 SHOT head fighter=f-0-sk0 socket=Head mesh=SK_Harpy_H3LD world=(-309.0,28.0,34.0) screen=(550.3,544.5) top=(549.4,540.0) bottom=(551.2,549.1) headPx=9.3 projected=1
2026.10.01-12.58.28 SHOT head fighter=f-0-sk1 socket=Head mesh=SK_Harpy_H3LD world=(-398.4,2.5,34.2) screen=(435.1,516.8) top=(433.9,512.2) bottom=(436.2,521.4) headPx=9.4 projected=1
2026.10.01-12.58.28 SHOT head fighter=f-0-sk2 socket=Head mesh=SK_Harpy_H3LD world=(-393.7,86.9,34.2) screen=(430.2,609.4) top=(429.1,604.9) bottom=(431.4,613.9) headPx=9.3 projected=1
2026.10.01-12.58.28 SHOT head fighter=f-1-hero socket=Head mesh=SK_KingArthur_H2LD world=(118.5,140.6,50.0) screen=(1122.7,658.7) top=(1123.0,654.2) bottom=(1122.3,663.1) headPx=8.9 projected=1
2026.10.01-12.58.28 SHOT head fighter=f-1-sk0 socket=Head mesh=SK_Merlin_H2LD world=(159.2,48.9,36.5) screen=(1172.5,565.5) top=(1172.9,560.9) bottom=(1172.0,570.0) headPx=9.1 projected=1
2026.10.01-12.58.28 SHOT figure fighter=f-0-hero bbox=(943,678,1023,785) ringR=28.50 art=1 blockout=0 team=P1 look=P1 ring=1
2026.10.01-12.58.28 SHOT figure fighter=f-0-sk0 bbox=(516,520,586,600) ringR=22.23 art=1 blockout=0 team=P1 look=P1 ring=1
2026.10.01-12.58.28 SHOT figure fighter=f-0-sk1 bbox=(402,482,474,561) ringR=22.23 art=1 blockout=0 team=P1 look=P1 ring=1
2026.10.01-12.58.28 SHOT figure fighter=f-0-sk2 bbox=(394,584,467,665) ringR=22.23 art=1 blockout=0 team=P1 look=P1 ring=1
2026.10.01-12.58.28 SHOT figure fighter=f-1-hero bbox=(1081,619,1165,728) ringR=28.50 art=1 blockout=0 team=P2 look=P2 ring=1
2026.10.01-12.58.28 SHOT figure fighter=f-1-sk0 bbox=(1139,534,1204,620) ringR=22.23 art=1 blockout=0 team=P2 look=P2 ring=1
2026.10.01-12.58.28 SHOT request file=s09-pending-DISCARD_CARDS.png frame=440
2026.10.01-12.58.28 SHOT requested: FScreenshotRequest(bShowUI) -> C:\Users\ren\AppData\Local\Temp\s09-combat-20261001-175646-29856\joiner/s09-pending-DISCARD_CARDS.png
2026.10.01-12.58.29 SHOT captured file=s09-pending-DISCARD_CARDS.png frame=440 px=1920x1080 sha256=4891ce62a1124a7f3303ff06fbd1694536b4c5df79a03fda8ffa6a9225ddb93e order=BGRA saved=1
2026.10.01-12.58.29 SHOT late begin file=s09-pending-DISCARD_CARDS.png frame=440 requestFrame=440
2026.10.01-12.58.29 SHOT icon fighter=f-0-hero bbox=(1026,700,1058,732) size=32 src=combat planned=(1026,700,1058,732) geom=painted visible=1 anchor=right fallback=0 overlapPx2=0 texture=/Game/ArtTests/ARTMarkers/Textures/T_UI_Action_AttackToken_32 frame=440
2026.10.01-12.58.29 SHOT widget id=icon impl=umg state=combat fighter=f-0-hero bbox=(1026,700,1058,732) geom=painted visible=1 twin=0 source=/Game/S08/UI/ArtHud/WBP_S08ArtIcon frame=440
2026.10.01-12.58.29 SHOT widget id=board.tag impl=umg state=compact fighter=f-0-hero bbox=(932,654,1034,676) geom=painted visible=1 twin=0 source=/Game/S08/UI/ArtHud/WBP_S08ArtTag mode=compact look=P1 shape=circle placement=above ring=0 order=0 bound=1 softPx2=0 planned=(932,654,1034,676) frame=440
2026.10.01-12.58.29 SHOT widget id=board.tag.hp impl=umg state=compact fighter=f-0-hero bbox=(988,656,1030,674) geom=painted visible=1 twin=0 source=/Game/S08/UI/ArtHud/WBP_S08ArtTag mode=compact look=P1 shape=circle placement=above ring=0 order=0 bound=1 softPx2=0 planned=(932,654,1034,676) frame=440 font=11
2026.10.01-12.58.29 SHOT widget id=board.tag.bar impl=umg state=compact fighter=f-0-hero bbox=(951,663,985,668) geom=painted visible=1 twin=0 source=/Game/S08/UI/ArtHud/WBP_S08ArtTag mode=compact look=P1 shape=circle placement=above ring=0 order=0 bound=1 softPx2=0 planned=(932,654,1034,676) frame=440
2026.10.01-12.58.29 SHOT widget id=board.tag.chip impl=umg state=compact fighter=f-0-hero bbox=(936,659,948,671) geom=painted visible=1 twin=0 source=/Game/S08/UI/ArtHud/WBP_S08ArtTag mode=compact look=P1 shape=circle placement=above ring=0 order=0 bound=1 softPx2=0 planned=(932,654,1034,676) frame=440
2026.10.01-12.58.29 SHOT widget id=board.tag impl=umg state=compact fighter=f-0-sk0 bbox=(509,496,593,518) geom=painted visible=1 twin=0 source=/Game/S08/UI/ArtHud/WBP_S08ArtTag mode=compact look=P1 shape=circle placement=above ring=0 order=2 bound=1 softPx2=0 planned=(509,496,593,518) frame=440
2026.10.01-12.58.29 SHOT widget id=board.tag.hp impl=umg state=compact fighter=f-0-sk0 bbox=(565,498,589,516) geom=painted visible=1 twin=0 source=/Game/S08/UI/ArtHud/WBP_S08ArtTag mode=compact look=P1 shape=circle placement=above ring=0 order=2 bound=1 softPx2=0 planned=(509,496,593,518) frame=440 font=11
2026.10.01-12.58.29 SHOT widget id=board.tag.bar impl=umg state=compact fighter=f-0-sk0 bbox=(528,505,562,510) geom=painted visible=1 twin=0 source=/Game/S08/UI/ArtHud/WBP_S08ArtTag mode=compact look=P1 shape=circle placement=above ring=0 order=2 bound=1 softPx2=0 planned=(509,496,593,518) frame=440
2026.10.01-12.58.29 SHOT widget id=board.tag.chip impl=umg state=compact fighter=f-0-sk0 bbox=(513,501,525,513) geom=painted visible=1 twin=0 source=/Game/S08/UI/ArtHud/WBP_S08ArtTag mode=compact look=P1 shape=circle placement=above ring=0 order=2 bound=1 softPx2=0 planned=(509,496,593,518) frame=440
2026.10.01-12.58.29 SHOT widget id=board.tag impl=umg state=compact fighter=f-0-sk1 bbox=(396,458,480,480) geom=painted visible=1 twin=0 source=/Game/S08/UI/ArtHud/WBP_S08ArtTag mode=compact look=P1 shape=circle placement=above ring=0 order=1 bound=1 softPx2=0 planned=(396,458,480,480) frame=440
2026.10.01-12.58.29 SHOT widget id=board.tag.hp impl=umg state=compact fighter=f-0-sk1 bbox=(452,460,476,478) geom=painted visible=1 twin=0 source=/Game/S08/UI/ArtHud/WBP_S08ArtTag mode=compact look=P1 shape=circle placement=above ring=0 order=1 bound=1 softPx2=0 planned=(396,458,480,480) frame=440 font=11
2026.10.01-12.58.29 SHOT widget id=board.tag.bar impl=umg state=compact fighter=f-0-sk1 bbox=(415,467,449,472) geom=painted visible=1 twin=0 source=/Game/S08/UI/ArtHud/WBP_S08ArtTag mode=compact look=P1 shape=circle placement=above ring=0 order=1 bound=1 softPx2=0 planned=(396,458,480,480) frame=440
2026.10.01-12.58.29 SHOT widget id=board.tag.chip impl=umg state=compact fighter=f-0-sk1 bbox=(400,463,412,475) geom=painted visible=1 twin=0 source=/Game/S08/UI/ArtHud/WBP_S08ArtTag mode=compact look=P1 shape=circle placement=above ring=0 order=1 bound=1 softPx2=0 planned=(396,458,480,480) frame=440
2026.10.01-12.58.29 SHOT widget id=board.tag impl=umg state=compact fighter=f-0-sk2 bbox=(308,584,392,606) geom=painted visible=1 twin=0 source=/Game/S08/UI/ArtHud/WBP_S08ArtTag mode=compact look=P1 shape=circle placement=left ring=0 order=4 bound=1 softPx2=0 planned=(308,584,392,606) frame=440
2026.10.01-12.58.29 SHOT widget id=board.tag.hp impl=umg state=compact fighter=f-0-sk2 bbox=(364,586,388,604) geom=painted visible=1 twin=0 source=/Game/S08/UI/ArtHud/WBP_S08ArtTag mode=compact look=P1 shape=circle placement=left ring=0 order=4 bound=1 softPx2=0 planned=(308,584,392,606) frame=440 font=11
2026.10.01-12.58.29 SHOT widget id=board.tag.bar impl=umg state=compact fighter=f-0-sk2 bbox=(327,593,361,598) geom=painted visible=1 twin=0 source=/Game/S08/UI/ArtHud/WBP_S08ArtTag mode=compact look=P1 shape=circle placement=left ring=0 order=4 bound=1 softPx2=0 planned=(308,584,392,606) frame=440
2026.10.01-12.58.29 SHOT widget id=board.tag.chip impl=umg state=compact fighter=f-0-sk2 bbox=(312,589,324,601) geom=painted visible=1 twin=0 source=/Game/S08/UI/ArtHud/WBP_S08ArtTag mode=compact look=P1 shape=circle placement=left ring=0 order=4 bound=1 softPx2=0 planned=(308,584,392,606) frame=440
2026.10.01-12.58.29 SHOT widget id=board.tag impl=umg state=compact fighter=f-1-hero bbox=(1072,730,1174,752) geom=painted visible=1 twin=0 source=/Game/S08/UI/ArtHud/WBP_S08ArtTag mode=compact look=P2 shape=hex placement=below ring=0 order=5 bound=1 softPx2=0 planned=(1072,730,1174,752) frame=440
2026.10.01-12.58.29 SHOT widget id=board.tag.hp impl=umg state=compact fighter=f-1-hero bbox=(1128,732,1170,750) geom=painted visible=1 twin=0 source=/Game/S08/UI/ArtHud/WBP_S08ArtTag mode=compact look=P2 shape=hex placement=below ring=0 order=5 bound=1 softPx2=0 planned=(1072,730,1174,752) frame=440 font=11
2026.10.01-12.58.29 SHOT widget id=board.tag.bar impl=umg state=compact fighter=f-1-hero bbox=(1091,739,1125,744) geom=painted visible=1 twin=0 source=/Game/S08/UI/ArtHud/WBP_S08ArtTag mode=compact look=P2 shape=hex placement=below ring=0 order=5 bound=1 softPx2=0 planned=(1072,730,1174,752) frame=440
2026.10.01-12.58.29 SHOT widget id=board.tag.chip impl=umg state=compact fighter=f-1-hero bbox=(1076,735,1088,747) geom=painted visible=1 twin=0 source=/Game/S08/UI/ArtHud/WBP_S08ArtTag mode=compact look=P2 shape=hex placement=below ring=0 order=5 bound=1 softPx2=0 planned=(1072,730,1174,752) frame=440
2026.10.01-12.58.29 SHOT widget id=board.tag impl=umg state=compact fighter=f-1-sk0 bbox=(1130,510,1214,532) geom=painted visible=1 twin=0 source=/Game/S08/UI/ArtHud/WBP_S08ArtTag mode=compact look=P2 shape=hex placement=above ring=0 order=3 bound=1 softPx2=0 planned=(1130,510,1214,532) frame=440
2026.10.01-12.58.29 SHOT widget id=board.tag.hp impl=umg state=compact fighter=f-1-sk0 bbox=(1186,512,1210,530) geom=painted visible=1 twin=0 source=/Game/S08/UI/ArtHud/WBP_S08ArtTag mode=compact look=P2 shape=hex placement=above ring=0 order=3 bound=1 softPx2=0 planned=(1130,510,1214,532) frame=440 font=11
2026.10.01-12.58.29 SHOT widget id=board.tag.bar impl=umg state=compact fighter=f-1-sk0 bbox=(1149,519,1183,524) geom=painted visible=1 twin=0 source=/Game/S08/UI/ArtHud/WBP_S08ArtTag mode=compact look=P2 shape=hex placement=above ring=0 order=3 bound=1 softPx2=0 planned=(1130,510,1214,532) frame=440
2026.10.01-12.58.29 SHOT widget id=board.tag.chip impl=umg state=compact fighter=f-1-sk0 bbox=(1134,515,1146,527) geom=painted visible=1 twin=0 source=/Game/S08/UI/ArtHud/WBP_S08ArtTag mode=compact look=P2 shape=hex placement=above ring=0 order=3 bound=1 softPx2=0 planned=(1130,510,1214,532) frame=440
2026.10.01-12.58.29 SHOT panel id=hud.command bbox=(0,0,684,200) geom=painted visible=1 frame=440
2026.10.01-12.58.29 SHOT panel id=hud.side bbox=(1432,0,1920,121) geom=painted visible=1 frame=440
2026.10.01-12.58.29 SHOT panel id=hud.hand bbox=(537,985,1384,1080) geom=painted visible=1 frame=440
2026.10.01-12.58.29 SHOT late end file=s09-pending-DISCARD_CARDS.png frame=440
2026.10.01-12.58.29 PEND-RESOLVE sent type=DISCARD_CARDS stage=0 id=discard-choice-cmuhgvgkj00suwi9g4v5uc11k-after-0-9
2026.10.01-12.58.29 S09AUTO pending picked (type=DISCARD_CARDS stage=0)
2026.10.01-12.58.29 TAG fighter=f-0-hero bbox=(932,654,1034,676) mode=compact look=P1 placement=above ring=0 hardPx2=0 softPx2=0 order=0 bound=1
2026.10.01-12.58.29 TAG fighter=f-0-sk0 bbox=(509,496,593,518) mode=compact look=P1 placement=above ring=0 hardPx2=0 softPx2=0 order=2 bound=1
2026.10.01-12.58.29 TAG fighter=f-0-sk1 bbox=(396,458,480,480) mode=compact look=P1 placement=above ring=0 hardPx2=0 softPx2=0 order=1 bound=1
2026.10.01-12.58.29 TAG fighter=f-0-sk2 bbox=(308,584,392,606) mode=compact look=P1 placement=left ring=0 hardPx2=0 softPx2=0 order=4 bound=1
2026.10.01-12.58.29 TAG fighter=f-1-hero bbox=(1072,730,1174,752) mode=compact look=P2 placement=below ring=0 hardPx2=0 softPx2=0 order=5 bound=1
2026.10.01-12.58.29 TAG fighter=f-1-sk0 bbox=(1130,510,1214,532) mode=compact look=P2 placement=above ring=0 hardPx2=0 softPx2=0 order=3 bound=1
2026.10.01-12.58.29 ICON fighter=f-0-hero bbox=(1026,700,1058,732) size=32 src=combat anchor=right fallback=0 overlapPx2=0 texture=/Game/ArtTests/ARTMarkers/Textures/T_UI_Action_AttackToken_32
2026.10.01-12.58.29 ARTPREVIEW anim fighter=f-1-sk0 clip=Idle len=3.000 event=clipFinished loop=1 phase=0.8028 seq=-1 asset=AM_Merlin_Idle
2026.10.01-12.58.29 TAG fighter=f-0-hero bbox=(932,654,1034,676) mode=compact look=P1 placement=above ring=0 hardPx2=0 softPx2=0 order=0 bound=1
2026.10.01-12.58.29 TAG fighter=f-0-sk0 bbox=(509,496,593,518) mode=compact look=P1 placement=above ring=0 hardPx2=0 softPx2=0 order=2 bound=1
2026.10.01-12.58.29 TAG fighter=f-0-sk1 bbox=(396,458,480,480) mode=compact look=P1 placement=above ring=0 hardPx2=0 softPx2=0 order=1 bound=1
2026.10.01-12.58.29 TAG fighter=f-0-sk2 bbox=(308,584,392,606) mode=compact look=P1 placement=left ring=0 hardPx2=0 softPx2=0 order=4 bound=1
2026.10.01-12.58.29 TAG fighter=f-1-hero bbox=(1072,730,1174,752) mode=compact look=P2 placement=below ring=0 hardPx2=0 softPx2=0 order=5 bound=1
2026.10.01-12.58.29 TAG fighter=f-1-sk0 bbox=(1130,510,1214,532) mode=compact look=P2 placement=above ring=0 hardPx2=0 softPx2=0 order=3 bound=1
2026.10.01-12.58.29 ICON fighter=f-0-hero bbox=(1026,700,1058,732) size=32 src=combat anchor=right fallback=0 overlapPx2=0 texture=/Game/ArtTests/ARTMarkers/Textures/T_UI_Action_AttackToken_32
2026.10.01-12.58.29 game -> room=cmupjgel1008bwi7ka3fcxt4t code=<redacted> status=IN_PROGRESS
2026.10.01-12.58.29 SNAPSHOT applied seq=11 phase=ACTION_MANEUVER
2026.10.01-12.58.29 HANDLE_APPLIED #16 seq=11 decision=2 fightersValid=1 boardValid=1
2026.10.01-12.58.29 COMBAT-RESULT seq=11 damage=0 role=attacked
2026.10.01-12.58.29 ARTPREVIEW combat marker fighter=Medusa attacker=0 target=0 icon=0 targetMesh=SM_Marker_TargetRing iconMode=screen targetArcScaleXY=0.920
2026.10.01-12.58.29 ARTPREVIEW combat marker fighter=Merlin attacker=0 target=0 icon=0 targetMesh=SM_Marker_TargetRing iconMode=screen targetArcScaleXY=0.718
2026.10.01-12.58.29 PENDING panel revealed: attack A3+B0 vs D4
2026.10.01-12.58.29 closed mode=
2026.10.01-12.58.29 MODE seq=11 mode=0 combat=0 pending=0
2026.10.01-12.58.29 HUD seq=11 phase=ACTION_MANEUVER turn=you hand=3 oppHand=3(hidden) oppDeck=24 deck=24 discard=3
2026.10.01-12.58.29 ARTPREVIEW fighter=Medusa hero=1 eligible=0 visual=1 mesh=SK_Medusa_H2LD
2026.10.01-12.58.29 FIGHTERS synced n=6 alive=6 own=2 enemy=4
2026.10.01-12.58.29 PEND resolve done seq=11 (apply) phase=ACTION_MANEUVER
2026.10.01-12.58.29 SNAPSHOT applied seq=11 phase=ACTION_MANEUVER
2026.10.01-12.58.29 HANDLE_APPLIED #17 seq=11 decision=1 fightersValid=1 boardValid=1
2026.10.01-12.58.29 MODE seq=11 mode=0 combat=0 pending=0
2026.10.01-12.58.29 HUD seq=11 phase=ACTION_MANEUVER turn=you hand=3 oppHand=3(hidden) oppDeck=24 deck=24 discard=3
2026.10.01-12.58.29 ARTPREVIEW fighter=Medusa hero=1 eligible=0 visual=1 mesh=SK_Medusa_H2LD
2026.10.01-12.58.29 FIGHTERS synced n=6 alive=6 own=2 enemy=4
2026.10.01-12.58.29 WS seq=11 phase=ACTION_MANEUVER (merge)
2026.10.01-12.58.29 S09AUTO drive mode=0 plan=[attack+ranged+defend+resolve] phase=ACTION_MANEUVER turn=cmuhntiwu0001wib0z281rpa8
2026.10.01-12.58.29 S09AUTO ranged target attacker=f-1-sk0 at=S25 target=f-0-hero at=S35 via=shared-zone (not linked) prefer=ranged
2026.10.01-12.58.29 S09AUTO attack (attacker=f-1-sk0 target-set card-set)
2026.10.01-12.58.29 ATTACK sent
2026.10.01-12.58.29 ARTPREVIEW combat marker fighter=Medusa attacker=0 target=1 icon=1 targetMesh=SM_Marker_TargetRing iconMode=screen targetArcScaleXY=0.920
2026.10.01-12.58.29 ARTPREVIEW combat marker fighter=Merlin attacker=1 target=0 icon=0 targetMesh=SM_Marker_TargetRing iconMode=screen targetArcScaleXY=0.718
2026.10.01-12.58.29 TAG fighter=f-0-hero bbox=(932,654,1034,676) mode=compact look=P1 placement=above ring=0 hardPx2=0 softPx2=0 order=0 bound=1
2026.10.01-12.58.29 TAG fighter=f-0-sk0 bbox=(509,496,593,518) mode=compact look=P1 placement=above ring=0 hardPx2=0 softPx2=0 order=2 bound=1
2026.10.01-12.58.29 TAG fighter=f-0-sk1 bbox=(396,458,480,480) mode=compact look=P1 placement=above ring=0 hardPx2=0 softPx2=0 order=1 bound=1
2026.10.01-12.58.29 TAG fighter=f-0-sk2 bbox=(308,584,392,606) mode=compact look=P1 placement=left ring=0 hardPx2=0 softPx2=0 order=4 bound=1
2026.10.01-12.58.29 TAG fighter=f-1-hero bbox=(1072,730,1174,752) mode=compact look=P2 placement=below ring=0 hardPx2=0 softPx2=0 order=5 bound=1
2026.10.01-12.58.29 TAG fighter=f-1-sk0 bbox=(1130,510,1214,532) mode=compact look=P2 placement=above ring=0 hardPx2=0 softPx2=0 order=3 bound=1
2026.10.01-12.58.29 ICON fighter=f-0-hero bbox=(1026,700,1058,732) size=32 src=combat anchor=right fallback=0 overlapPx2=0 texture=/Game/ArtTests/ARTMarkers/Textures/T_UI_Action_AttackToken_32
2026.10.01-12.58.29 SNAPSHOT applied seq=12 phase=COMBAT
2026.10.01-12.58.29 HANDLE_APPLIED #18 seq=12 decision=2 fightersValid=1 boardValid=1
2026.10.01-12.58.29 closed mode=
2026.10.01-12.58.29 MODE seq=12 mode=0 combat=1 pending=0
2026.10.01-12.58.29 HUD seq=12 phase=COMBAT turn=you hand=2 oppHand=3(hidden) oppDeck=24 deck=24 discard=4
2026.10.01-12.58.29 ARTPREVIEW fighter=Medusa hero=1 eligible=0 visual=1 mesh=SK_Medusa_H2LD
2026.10.01-12.58.29 FIGHTERS synced n=6 alive=6 own=2 enemy=4
2026.10.01-12.58.29 ATTACK done seq=12 (apply) phase=COMBAT
2026.10.01-12.58.29 SNAPSHOT applied seq=12 phase=COMBAT
2026.10.01-12.58.29 HANDLE_APPLIED #19 seq=12 decision=1 fightersValid=1 boardValid=1
2026.10.01-12.58.29 MODE seq=12 mode=0 combat=1 pending=0
2026.10.01-12.58.29 HUD seq=12 phase=COMBAT turn=you hand=2 oppHand=3(hidden) oppDeck=24 deck=24 discard=4
2026.10.01-12.58.29 ARTPREVIEW fighter=Medusa hero=1 eligible=0 visual=1 mesh=SK_Medusa_H2LD
2026.10.01-12.58.29 FIGHTERS synced n=6 alive=6 own=2 enemy=4
2026.10.01-12.58.29 WS seq=12 phase=COMBAT (merge)
2026.10.01-12.58.29 TAG fighter=f-0-hero bbox=(932,654,1034,676) mode=compact look=P1 placement=above ring=0 hardPx2=0 softPx2=0 order=0 bound=1
2026.10.01-12.58.29 TAG fighter=f-0-sk0 bbox=(509,496,593,518) mode=compact look=P1 placement=above ring=0 hardPx2=0 softPx2=0 order=2 bound=1
2026.10.01-12.58.29 TAG fighter=f-0-sk1 bbox=(396,458,480,480) mode=compact look=P1 placement=above ring=0 hardPx2=0 softPx2=0 order=1 bound=1
2026.10.01-12.58.29 TAG fighter=f-0-sk2 bbox=(308,584,392,606) mode=compact look=P1 placement=left ring=0 hardPx2=0 softPx2=0 order=4 bound=1
2026.10.01-12.58.29 TAG fighter=f-1-hero bbox=(1072,730,1174,752) mode=compact look=P2 placement=below ring=0 hardPx2=0 softPx2=0 order=5 bound=1
2026.10.01-12.58.29 TAG fighter=f-1-sk0 bbox=(1130,510,1214,532) mode=compact look=P2 placement=above ring=0 hardPx2=0 softPx2=0 order=3 bound=1
2026.10.01-12.58.29 ICON fighter=f-0-hero bbox=(1026,700,1058,732) size=32 src=combat anchor=right fallback=0 overlapPx2=0 texture=/Game/ArtTests/ARTMarkers/Textures/T_UI_Action_AttackToken_32
2026.10.01-12.58.30 SNAPSHOT applied seq=13 phase=COMBAT_RESOLVE
2026.10.01-12.58.30 HANDLE_APPLIED #20 seq=13 decision=2 fightersValid=1 boardValid=1
2026.10.01-12.58.30 ARTPREVIEW anim fighter=f-1-sk0 clip=LungeAttack len=0.583 event=attack loop=0 phase=0.0000 seq=13 asset=AM_Merlin_LungeAttack
2026.10.01-12.58.30 closed mode=
2026.10.01-12.58.30 MODE seq=13 mode=5 combat=1 pending=0
2026.10.01-12.58.30 HUD seq=13 phase=COMBAT_RESOLVE turn=you hand=2 oppHand=2(hidden) oppDeck=24~ deck=24~ discard=4
2026.10.01-12.58.30 ARTPREVIEW fighter=Medusa hero=1 eligible=0 visual=1 mesh=SK_Medusa_H2LD
2026.10.01-12.58.30 FIGHTERS synced n=6 alive=6 own=2 enemy=4
2026.10.01-12.58.30 WS seq=13 phase=COMBAT_RESOLVE (apply)
2026.10.01-12.58.30 S09AUTO drive mode=5 plan=[attack+ranged+defend+resolve] phase=COMBAT_RESOLVE turn=cmuhntiwu0001wib0z281rpa8
2026.10.01-12.58.30 S09AUTO resolve
2026.10.01-12.58.30 RESOLVE sent
2026.10.01-12.58.30 SNAPSHOT applied seq=14 phase=ACTION_MANEUVER
2026.10.01-12.58.30 HANDLE_APPLIED #21 seq=14 decision=2 fightersValid=1 boardValid=1
2026.10.01-12.58.30 COMBAT-RESULT seq=14 damage=0 role=attacked
2026.10.01-12.58.30 ARTPREVIEW combat marker fighter=Medusa attacker=0 target=0 icon=0 targetMesh=SM_Marker_TargetRing iconMode=screen targetArcScaleXY=0.920
2026.10.01-12.58.30 ARTPREVIEW combat marker fighter=Merlin attacker=0 target=0 icon=0 targetMesh=SM_Marker_TargetRing iconMode=screen targetArcScaleXY=0.718
2026.10.01-12.58.30 closed mode=
2026.10.01-12.58.30 MODE seq=14 mode=0 combat=0 pending=1
2026.10.01-12.58.30 HUD seq=14 phase=ACTION_MANEUVER turn=opp hand=2 oppHand=2(hidden) oppDeck=24 deck=24 discard=4
2026.10.01-12.58.30 ARTPREVIEW fighter=Medusa hero=1 eligible=0 visual=1 mesh=SK_Medusa_H2LD
2026.10.01-12.58.30 FIGHTERS synced n=6 alive=6 own=2 enemy=4
2026.10.01-12.58.30 RESOLVE done seq=14 (apply) phase=ACTION_MANEUVER
2026.10.01-12.58.30 SNAPSHOT applied seq=14 phase=ACTION_MANEUVER
2026.10.01-12.58.30 HANDLE_APPLIED #22 seq=14 decision=1 fightersValid=1 boardValid=1
2026.10.01-12.58.30 MODE seq=14 mode=0 combat=0 pending=1
2026.10.01-12.58.30 HUD seq=14 phase=ACTION_MANEUVER turn=opp hand=2 oppHand=2(hidden) oppDeck=24 deck=24 discard=4
2026.10.01-12.58.30 ARTPREVIEW fighter=Medusa hero=1 eligible=0 visual=1 mesh=SK_Medusa_H2LD
2026.10.01-12.58.30 FIGHTERS synced n=6 alive=6 own=2 enemy=4
2026.10.01-12.58.30 WS seq=14 phase=ACTION_MANEUVER (merge)
2026.10.01-12.58.30 S09AUTO drive mode=0 plan=[attack+ranged+defend+resolve] phase=ACTION_MANEUVER turn=cmuhntivg0000wib0anhqyswc
2026.10.01-12.58.30 TAG fighter=f-0-hero bbox=(932,654,1034,676) mode=compact look=P1 placement=above ring=0 hardPx2=0 softPx2=0 order=5 bound=1
2026.10.01-12.58.30 TAG fighter=f-0-sk0 bbox=(509,496,593,518) mode=compact look=P1 placement=above ring=0 hardPx2=0 softPx2=0 order=1 bound=1
2026.10.01-12.58.30 TAG fighter=f-0-sk1 bbox=(396,458,480,480) mode=compact look=P1 placement=above ring=0 hardPx2=0 softPx2=0 order=0 bound=1
2026.10.01-12.58.30 TAG fighter=f-0-sk2 bbox=(308,584,392,606) mode=compact look=P1 placement=left ring=0 hardPx2=0 softPx2=0 order=3 bound=1
2026.10.01-12.58.30 TAG fighter=f-1-hero bbox=(1072,730,1174,752) mode=compact look=P2 placement=below ring=0 hardPx2=0 softPx2=0 order=4 bound=1
2026.10.01-12.58.30 TAG fighter=f-1-sk0 bbox=(1130,510,1214,532) mode=compact look=P2 placement=above ring=0 hardPx2=0 softPx2=0 order=2 bound=1
2026.10.01-12.58.30 HUD icon hidden fighter=f-0-hero
2026.10.01-12.58.30 TAG fighter=f-0-hero bbox=(932,654,1034,676) mode=compact look=P1 placement=above ring=0 hardPx2=0 softPx2=0 order=5 bound=1
2026.10.01-12.58.30 TAG fighter=f-0-sk0 bbox=(509,496,593,518) mode=compact look=P1 placement=above ring=0 hardPx2=0 softPx2=0 order=1 bound=1
2026.10.01-12.58.30 TAG fighter=f-0-sk1 bbox=(396,458,480,480) mode=compact look=P1 placement=above ring=0 hardPx2=0 softPx2=0 order=0 bound=1
2026.10.01-12.58.30 TAG fighter=f-0-sk2 bbox=(308,584,392,606) mode=compact look=P1 placement=left ring=0 hardPx2=0 softPx2=0 order=3 bound=1
2026.10.01-12.58.30 TAG fighter=f-1-hero bbox=(1072,730,1174,752) mode=compact look=P2 placement=below ring=0 hardPx2=0 softPx2=0 order=4 bound=1
2026.10.01-12.58.30 TAG fighter=f-1-sk0 bbox=(1130,510,1214,532) mode=compact look=P2 placement=above ring=0 hardPx2=0 softPx2=0 order=2 bound=1
2026.10.01-12.58.30 ARTPREVIEW anim fighter=f-1-sk0 clip=Idle len=3.000 event=clipFinished loop=1 phase=0.8028 seq=-1 asset=AM_Merlin_Idle
2026.10.01-12.58.31 SNAPSHOT applied seq=15 phase=ACTION_MANEUVER
2026.10.01-12.58.31 HANDLE_APPLIED #23 seq=15 decision=2 fightersValid=1 boardValid=1
2026.10.01-12.58.31 MODE seq=15 mode=0 combat=0 pending=0
2026.10.01-12.58.31 HUD seq=15 phase=ACTION_MANEUVER turn=opp hand=2 oppHand=2(hidden) oppDeck=24~ deck=24~ discard=4
2026.10.01-12.58.31 ARTPREVIEW fighter=Medusa hero=1 eligible=0 visual=1 mesh=SK_Medusa_H2LD
2026.10.01-12.58.31 FIGHTERS synced n=6 alive=6 own=2 enemy=4
2026.10.01-12.58.31 ARTPREVIEW damage-number fighter=f-1-hero amount=1 seq=15 cell=(5,4)
2026.10.01-12.58.31 ARTPREVIEW anim fighter=f-1-hero clip=HitReact len=0.417 event=damaged loop=0 phase=0.0000 seq=15 asset=AM_KingArthur_HitReact
2026.10.01-12.58.31 CUE damage f-1-hero -1 seq=15
2026.10.01-12.58.31 WS seq=15 phase=ACTION_MANEUVER (apply)
2026.10.01-12.58.31 TAG fighter=f-0-hero bbox=(932,654,1034,676) mode=compact look=P1 placement=above ring=0 hardPx2=0 softPx2=0 order=5 bound=1
2026.10.01-12.58.31 TAG fighter=f-0-sk0 bbox=(509,496,593,518) mode=compact look=P1 placement=above ring=0 hardPx2=0 softPx2=0 order=2 bound=1
2026.10.01-12.58.31 TAG fighter=f-0-sk1 bbox=(396,458,480,480) mode=compact look=P1 placement=above ring=0 hardPx2=0 softPx2=0 order=1 bound=1
2026.10.01-12.58.31 TAG fighter=f-0-sk2 bbox=(308,584,392,606) mode=compact look=P1 placement=left ring=0 hardPx2=0 softPx2=0 order=4 bound=1
2026.10.01-12.58.31 TAG fighter=f-1-hero bbox=(1072,730,1174,752) mode=compact look=P2 placement=below ring=0 hardPx2=0 softPx2=0 order=0 bound=1
2026.10.01-12.58.31 TAG fighter=f-1-sk0 bbox=(1130,510,1214,532) mode=compact look=P2 placement=above ring=0 hardPx2=0 softPx2=0 order=3 bound=1
2026.10.01-12.58.31 DAMAGE fighter=f-1-hero bbox=(1176,727,1216,755) amount=1 seq=15 placement=right ring=0 hardPx2=0 softPx2=0
2026.10.01-12.58.31 SNAPSHOT applied seq=16 phase=COMBAT
2026.10.01-12.58.31 HANDLE_APPLIED #24 seq=16 decision=2 fightersValid=1 boardValid=1
2026.10.01-12.58.31 closed mode=
2026.10.01-12.58.31 MODE seq=16 mode=4 combat=1 pending=0
2026.10.01-12.58.31 HUD seq=16 phase=COMBAT turn=opp hand=2 oppHand=1(hidden) oppDeck=24~ deck=24~ discard=4
2026.10.01-12.58.31 ARTPREVIEW combat marker fighter=Medusa attacker=1 target=0 icon=0 targetMesh=SM_Marker_TargetRing iconMode=screen targetArcScaleXY=0.920
2026.10.01-12.58.31 ARTPREVIEW combat marker fighter=King Arthur attacker=0 target=1 icon=1 targetMesh=SM_Marker_TargetRing iconMode=screen targetArcScaleXY=0.920
2026.10.01-12.58.31 ARTPREVIEW fighter=Medusa hero=1 eligible=0 visual=1 mesh=SK_Medusa_H2LD
2026.10.01-12.58.31 FIGHTERS synced n=6 alive=6 own=2 enemy=4
2026.10.01-12.58.31 WS seq=16 phase=COMBAT (apply)
2026.10.01-12.58.31 S09AUTO drive mode=4 plan=[attack+ranged+defend+resolve] phase=COMBAT turn=cmuhntivg0000wib0anhqyswc
2026.10.01-12.58.31 S09AUTO no legal defense card - falling back to no-defense
2026.10.01-12.58.31 NO-DEFENSE sent (defender closes the window)
2026.10.01-12.58.31 TAG fighter=f-0-hero bbox=(932,654,1034,676) mode=compact look=P1 placement=above ring=0 hardPx2=0 softPx2=0 order=5 bound=1
2026.10.01-12.58.31 TAG fighter=f-0-sk0 bbox=(509,496,593,518) mode=compact look=P1 placement=above ring=0 hardPx2=0 softPx2=0 order=2 bound=1
2026.10.01-12.58.31 TAG fighter=f-0-sk1 bbox=(396,458,480,480) mode=compact look=P1 placement=above ring=0 hardPx2=0 softPx2=0 order=1 bound=1
2026.10.01-12.58.31 TAG fighter=f-0-sk2 bbox=(308,584,392,606) mode=compact look=P1 placement=left ring=0 hardPx2=0 softPx2=0 order=4 bound=1
2026.10.01-12.58.31 TAG fighter=f-1-hero bbox=(1072,730,1174,752) mode=compact look=P2 placement=below ring=0 hardPx2=0 softPx2=0 order=0 bound=1
2026.10.01-12.58.31 TAG fighter=f-1-sk0 bbox=(1130,510,1214,532) mode=compact look=P2 placement=above ring=0 hardPx2=0 softPx2=0 order=3 bound=1
2026.10.01-12.58.31 ICON fighter=f-1-hero bbox=(1168,641,1200,673) size=32 src=combat anchor=right fallback=0 overlapPx2=0 texture=/Game/ArtTests/ARTMarkers/Textures/T_UI_Action_AttackToken_32
2026.10.01-12.58.31 SNAPSHOT applied seq=17 phase=ACTION_MANEUVER
2026.10.01-12.58.31 HANDLE_APPLIED #25 seq=17 decision=2 fightersValid=1 boardValid=1
2026.10.01-12.58.31 ARTPREVIEW anim fighter=f-0-hero clip=LungeAttack len=0.583 event=attack loop=0 phase=0.0000 seq=17 asset=AM_Medusa_LungeAttack
2026.10.01-12.58.31 COMBAT-RESULT seq=17 damage=2 role=defended
2026.10.01-12.58.31 ARTPREVIEW combat marker fighter=Medusa attacker=0 target=0 icon=0 targetMesh=SM_Marker_TargetRing iconMode=screen targetArcScaleXY=0.920
2026.10.01-12.58.31 ARTPREVIEW combat marker fighter=King Arthur attacker=0 target=0 icon=0 targetMesh=SM_Marker_TargetRing iconMode=screen targetArcScaleXY=0.920
2026.10.01-12.58.31 closed mode=
2026.10.01-12.58.31 MODE seq=17 mode=0 combat=0 pending=0
2026.10.01-12.58.31 HUD seq=17 phase=ACTION_MANEUVER turn=opp hand=2 oppHand=1(hidden) oppDeck=24 deck=24 discard=4
2026.10.01-12.58.31 ARTPREVIEW fighter=Medusa hero=1 eligible=0 visual=1 mesh=SK_Medusa_H2LD
2026.10.01-12.58.31 FIGHTERS synced n=6 alive=6 own=2 enemy=4
2026.10.01-12.58.31 ARTPREVIEW damage-number fighter=f-1-hero amount=2 seq=17 cell=(5,4)
2026.10.01-12.58.31 ARTPREVIEW anim fighter=f-1-hero clip=HitReact len=0.417 event=damaged loop=0 phase=0.0000 seq=17 asset=AM_KingArthur_HitReact
2026.10.01-12.58.31 CUE damage f-1-hero -2 seq=17
2026.10.01-12.58.31 RESOLVE done seq=17 (apply) phase=ACTION_MANEUVER
2026.10.01-12.58.31 SNAPSHOT applied seq=17 phase=ACTION_MANEUVER
2026.10.01-12.58.31 HANDLE_APPLIED #26 seq=17 decision=1 fightersValid=1 boardValid=1
2026.10.01-12.58.31 MODE seq=17 mode=0 combat=0 pending=0
2026.10.01-12.58.31 HUD seq=17 phase=ACTION_MANEUVER turn=opp hand=2 oppHand=1(hidden) oppDeck=24 deck=24 discard=4
2026.10.01-12.58.31 ARTPREVIEW fighter=Medusa hero=1 eligible=0 visual=1 mesh=SK_Medusa_H2LD
2026.10.01-12.58.31 FIGHTERS synced n=6 alive=6 own=2 enemy=4
2026.10.01-12.58.31 WS seq=17 phase=ACTION_MANEUVER (merge)
2026.10.01-12.58.31 S09AUTO drive mode=0 plan=[attack+ranged+defend+resolve] phase=ACTION_MANEUVER turn=cmuhntivg0000wib0anhqyswc
2026.10.01-12.58.31 TAG fighter=f-0-hero bbox=(932,654,1034,676) mode=compact look=P1 placement=above ring=0 hardPx2=0 softPx2=0 order=5 bound=1
2026.10.01-12.58.31 TAG fighter=f-0-sk0 bbox=(509,496,593,518) mode=compact look=P1 placement=above ring=0 hardPx2=0 softPx2=0 order=2 bound=1
2026.10.01-12.58.31 TAG fighter=f-0-sk1 bbox=(396,458,480,480) mode=compact look=P1 placement=above ring=0 hardPx2=0 softPx2=0 order=1 bound=1
2026.10.01-12.58.31 TAG fighter=f-0-sk2 bbox=(308,584,392,606) mode=compact look=P1 placement=left ring=0 hardPx2=0 softPx2=0 order=4 bound=1
2026.10.01-12.58.31 TAG fighter=f-1-hero bbox=(1072,730,1174,752) mode=compact look=P2 placement=below ring=0 hardPx2=0 softPx2=0 order=0 bound=1
2026.10.01-12.58.31 TAG fighter=f-1-sk0 bbox=(1130,510,1214,532) mode=compact look=P2 placement=above ring=0 hardPx2=0 softPx2=0 order=3 bound=1
2026.10.01-12.58.31 HUD icon hidden fighter=f-1-hero
2026.10.01-12.58.31 DAMAGE fighter=f-1-hero bbox=(1176,727,1216,755) amount=2 seq=17 placement=right ring=0 hardPx2=0 softPx2=0
2026.10.01-12.58.32 TAG fighter=f-0-hero bbox=(932,654,1034,676) mode=compact look=P1 placement=above ring=0 hardPx2=0 softPx2=0 order=5 bound=1
2026.10.01-12.58.32 TAG fighter=f-0-sk0 bbox=(509,496,593,518) mode=compact look=P1 placement=above ring=0 hardPx2=0 softPx2=0 order=2 bound=1
2026.10.01-12.58.32 TAG fighter=f-0-sk1 bbox=(396,458,480,480) mode=compact look=P1 placement=above ring=0 hardPx2=0 softPx2=0 order=1 bound=1
2026.10.01-12.58.32 TAG fighter=f-0-sk2 bbox=(308,584,392,606) mode=compact look=P1 placement=left ring=0 hardPx2=0 softPx2=0 order=4 bound=1
2026.10.01-12.58.32 TAG fighter=f-1-hero bbox=(1072,730,1174,752) mode=compact look=P2 placement=below ring=0 hardPx2=0 softPx2=0 order=0 bound=1
2026.10.01-12.58.32 TAG fighter=f-1-sk0 bbox=(1130,510,1214,532) mode=compact look=P2 placement=above ring=0 hardPx2=0 softPx2=0 order=3 bound=1
2026.10.01-12.58.32 SNAPSHOT applied seq=18 phase=COMBAT
2026.10.01-12.58.32 HANDLE_APPLIED #27 seq=18 decision=2 fightersValid=1 boardValid=1
2026.10.01-12.58.32 closed mode=
2026.10.01-12.58.32 MODE seq=18 mode=4 combat=1 pending=0
2026.10.01-12.58.32 HUD seq=18 phase=COMBAT turn=opp hand=2 oppHand=0(hidden) oppDeck=24~ deck=24~ discard=4
2026.10.01-12.58.32 ARTPREVIEW combat marker fighter=Medusa attacker=1 target=0 icon=0 targetMesh=SM_Marker_TargetRing iconMode=screen targetArcScaleXY=0.920
2026.10.01-12.58.32 ARTPREVIEW combat marker fighter=King Arthur attacker=0 target=1 icon=1 targetMesh=SM_Marker_TargetRing iconMode=screen targetArcScaleXY=0.920
2026.10.01-12.58.32 ARTPREVIEW fighter=Medusa hero=1 eligible=0 visual=1 mesh=SK_Medusa_H2LD
2026.10.01-12.58.32 FIGHTERS synced n=6 alive=6 own=2 enemy=4
2026.10.01-12.58.32 WS seq=18 phase=COMBAT (apply)
2026.10.01-12.58.32 S09AUTO drive mode=4 plan=[attack+ranged+defend+resolve] phase=COMBAT turn=cmuhntivg0000wib0anhqyswc
2026.10.01-12.58.32 S09AUTO no legal defense card - falling back to no-defense
2026.10.01-12.58.32 NO-DEFENSE sent (defender closes the window)
2026.10.01-12.58.32 TAG fighter=f-0-hero bbox=(932,654,1034,676) mode=compact look=P1 placement=above ring=0 hardPx2=0 softPx2=0 order=5 bound=1
2026.10.01-12.58.32 TAG fighter=f-0-sk0 bbox=(509,496,593,518) mode=compact look=P1 placement=above ring=0 hardPx2=0 softPx2=0 order=2 bound=1
2026.10.01-12.58.32 TAG fighter=f-0-sk1 bbox=(396,458,480,480) mode=compact look=P1 placement=above ring=0 hardPx2=0 softPx2=0 order=1 bound=1
2026.10.01-12.58.32 TAG fighter=f-0-sk2 bbox=(308,584,392,606) mode=compact look=P1 placement=left ring=0 hardPx2=0 softPx2=0 order=4 bound=1
2026.10.01-12.58.32 TAG fighter=f-1-hero bbox=(1072,730,1174,752) mode=compact look=P2 placement=below ring=0 hardPx2=0 softPx2=0 order=0 bound=1
2026.10.01-12.58.32 TAG fighter=f-1-sk0 bbox=(1130,510,1214,532) mode=compact look=P2 placement=above ring=0 hardPx2=0 softPx2=0 order=3 bound=1
2026.10.01-12.58.32 ICON fighter=f-1-hero bbox=(1168,641,1200,673) size=32 src=combat anchor=right fallback=0 overlapPx2=0 texture=/Game/ArtTests/ARTMarkers/Textures/T_UI_Action_AttackToken_32
2026.10.01-12.58.32 SNAPSHOT applied seq=19 phase=ACTION_MANEUVER
2026.10.01-12.58.32 HANDLE_APPLIED #28 seq=19 decision=2 fightersValid=1 boardValid=1
2026.10.01-12.58.32 ARTPREVIEW anim fighter=f-0-hero clip=LungeAttack len=0.583 event=attack loop=0 phase=0.0000 seq=19 asset=AM_Medusa_LungeAttack
2026.10.01-12.58.32 COMBAT-RESULT seq=19 damage=3 role=defended
2026.10.01-12.58.32 ARTPREVIEW combat marker fighter=Medusa attacker=0 target=0 icon=0 targetMesh=SM_Marker_TargetRing iconMode=screen targetArcScaleXY=0.920
2026.10.01-12.58.32 ARTPREVIEW combat marker fighter=King Arthur attacker=0 target=0 icon=0 targetMesh=SM_Marker_TargetRing iconMode=screen targetArcScaleXY=0.920
2026.10.01-12.58.32 closed mode=
2026.10.01-12.58.32 MODE seq=19 mode=0 combat=0 pending=0
2026.10.01-12.58.32 HUD seq=19 phase=ACTION_MANEUVER turn=you hand=2 oppHand=1(hidden) oppDeck=23 deck=24 discard=4
2026.10.01-12.58.32 ARTPREVIEW fighter=Medusa hero=1 eligible=0 visual=1 mesh=SK_Medusa_H2LD
2026.10.01-12.58.32 FIGHTERS synced n=6 alive=6 own=2 enemy=4
2026.10.01-12.58.32 ARTPREVIEW damage-number fighter=f-1-hero amount=3 seq=19 cell=(5,4)
2026.10.01-12.58.32 ARTPREVIEW anim fighter=f-1-hero clip=HitReact len=0.417 event=damaged loop=0 phase=0.0000 seq=19 asset=AM_KingArthur_HitReact
2026.10.01-12.58.32 CUE damage f-1-hero -3 seq=19
2026.10.01-12.58.32 RESOLVE done seq=19 (apply) phase=ACTION_MANEUVER
2026.10.01-12.58.32 SNAPSHOT applied seq=19 phase=ACTION_MANEUVER
2026.10.01-12.58.32 HANDLE_APPLIED #29 seq=19 decision=1 fightersValid=1 boardValid=1
2026.10.01-12.58.32 MODE seq=19 mode=0 combat=0 pending=0
2026.10.01-12.58.32 HUD seq=19 phase=ACTION_MANEUVER turn=you hand=2 oppHand=1(hidden) oppDeck=23 deck=24 discard=4
2026.10.01-12.58.32 ARTPREVIEW fighter=Medusa hero=1 eligible=0 visual=1 mesh=SK_Medusa_H2LD
2026.10.01-12.58.32 FIGHTERS synced n=6 alive=6 own=2 enemy=4
2026.10.01-12.58.32 WS seq=19 phase=ACTION_MANEUVER (merge)
2026.10.01-12.58.32 S09AUTO drive mode=0 plan=[attack+ranged+defend+resolve] phase=ACTION_MANEUVER turn=cmuhntiwu0001wib0z281rpa8
2026.10.01-12.58.32 S09AUTO own turn #1 (turnCount=4)
2026.10.01-12.58.32 S09AUTO ranged target attacker=f-1-sk0 at=S25 target=f-0-hero at=S35 via=shared-zone (not linked) prefer=ranged
2026.10.01-12.58.32 S09AUTO attack (attacker=f-1-sk0 target-set card-set)
2026.10.01-12.58.32 ATTACK sent
2026.10.01-12.58.32 ARTPREVIEW combat marker fighter=Medusa attacker=0 target=1 icon=1 targetMesh=SM_Marker_TargetRing iconMode=screen targetArcScaleXY=0.920
2026.10.01-12.58.32 ARTPREVIEW combat marker fighter=Merlin attacker=1 target=0 icon=0 targetMesh=SM_Marker_TargetRing iconMode=screen targetArcScaleXY=0.718
2026.10.01-12.58.32 TAG fighter=f-0-hero bbox=(932,654,1034,676) mode=compact look=P1 placement=above ring=0 hardPx2=0 softPx2=0 order=0 bound=1
2026.10.01-12.58.32 TAG fighter=f-0-sk0 bbox=(509,496,593,518) mode=compact look=P1 placement=above ring=0 hardPx2=0 softPx2=0 order=3 bound=1
2026.10.01-12.58.32 TAG fighter=f-0-sk1 bbox=(396,458,480,480) mode=compact look=P1 placement=above ring=0 hardPx2=0 softPx2=0 order=2 bound=1
2026.10.01-12.58.32 TAG fighter=f-0-sk2 bbox=(308,584,392,606) mode=compact look=P1 placement=left ring=0 hardPx2=0 softPx2=0 order=5 bound=1
2026.10.01-12.58.32 TAG fighter=f-1-hero bbox=(986,619,1079,641) mode=compact look=P2 placement=left ring=0 hardPx2=0 softPx2=0 order=1 bound=1
2026.10.01-12.58.32 TAG fighter=f-1-sk0 bbox=(1130,510,1214,532) mode=compact look=P2 placement=above ring=0 hardPx2=0 softPx2=0 order=4 bound=1
2026.10.01-12.58.32 ICON fighter=f-0-hero bbox=(1026,700,1058,732) size=32 src=combat anchor=right fallback=0 overlapPx2=0 texture=/Game/ArtTests/ARTMarkers/Textures/T_UI_Action_AttackToken_32
2026.10.01-12.58.32 DAMAGE fighter=f-1-hero bbox=(1013,589,1053,617) amount=3 seq=19 placement=above ring=0 hardPx2=0 softPx2=0
2026.10.01-12.58.32 SNAPSHOT applied seq=20 phase=COMBAT
2026.10.01-12.58.32 HANDLE_APPLIED #30 seq=20 decision=2 fightersValid=1 boardValid=1
2026.10.01-12.58.32 closed mode=
2026.10.01-12.58.32 MODE seq=20 mode=0 combat=1 pending=0
2026.10.01-12.58.32 HUD seq=20 phase=COMBAT turn=you hand=1 oppHand=1(hidden) oppDeck=23 deck=24 discard=5
2026.10.01-12.58.32 ARTPREVIEW fighter=Medusa hero=1 eligible=0 visual=1 mesh=SK_Medusa_H2LD
2026.10.01-12.58.32 FIGHTERS synced n=6 alive=6 own=2 enemy=4
2026.10.01-12.58.32 ATTACK done seq=20 (apply) phase=COMBAT
2026.10.01-12.58.32 SNAPSHOT applied seq=20 phase=COMBAT
2026.10.01-12.58.32 HANDLE_APPLIED #31 seq=20 decision=1 fightersValid=1 boardValid=1
2026.10.01-12.58.32 MODE seq=20 mode=0 combat=1 pending=0
2026.10.01-12.58.32 HUD seq=20 phase=COMBAT turn=you hand=1 oppHand=1(hidden) oppDeck=23 deck=24 discard=5
2026.10.01-12.58.32 ARTPREVIEW fighter=Medusa hero=1 eligible=0 visual=1 mesh=SK_Medusa_H2LD
2026.10.01-12.58.32 FIGHTERS synced n=6 alive=6 own=2 enemy=4
2026.10.01-12.58.32 WS seq=20 phase=COMBAT (merge)
2026.10.01-12.58.32 TAG fighter=f-0-hero bbox=(932,654,1034,676) mode=compact look=P1 placement=above ring=0 hardPx2=0 softPx2=0 order=0 bound=1
2026.10.01-12.58.32 TAG fighter=f-0-sk0 bbox=(509,496,593,518) mode=compact look=P1 placement=above ring=0 hardPx2=0 softPx2=0 order=3 bound=1
2026.10.01-12.58.32 TAG fighter=f-0-sk1 bbox=(396,458,480,480) mode=compact look=P1 placement=above ring=0 hardPx2=0 softPx2=0 order=2 bound=1
2026.10.01-12.58.32 TAG fighter=f-0-sk2 bbox=(308,584,392,606) mode=compact look=P1 placement=left ring=0 hardPx2=0 softPx2=0 order=5 bound=1
2026.10.01-12.58.32 TAG fighter=f-1-hero bbox=(986,619,1079,641) mode=compact look=P2 placement=left ring=0 hardPx2=0 softPx2=0 order=1 bound=1
2026.10.01-12.58.32 TAG fighter=f-1-sk0 bbox=(1130,510,1214,532) mode=compact look=P2 placement=above ring=0 hardPx2=0 softPx2=0 order=4 bound=1
2026.10.01-12.58.32 ICON fighter=f-0-hero bbox=(1026,700,1058,732) size=32 src=combat anchor=right fallback=0 overlapPx2=0 texture=/Game/ArtTests/ARTMarkers/Textures/T_UI_Action_AttackToken_32
2026.10.01-12.58.32 game -> room=cmupjgel1008bwi7ka3fcxt4t code=<redacted> status=IN_PROGRESS
2026.10.01-12.58.32 SNAPSHOT applied seq=21 phase=ACTION_MANEUVER
2026.10.01-12.58.32 HANDLE_APPLIED #32 seq=21 decision=2 fightersValid=1 boardValid=1
2026.10.01-12.58.32 ARTPREVIEW anim fighter=f-1-sk0 clip=LungeAttack len=0.583 event=attack loop=0 phase=0.0000 seq=21 asset=AM_Merlin_LungeAttack
2026.10.01-12.58.32 COMBAT-RESULT seq=21 damage=3 role=attacked
2026.10.01-12.58.32 ARTPREVIEW combat marker fighter=Medusa attacker=0 target=0 icon=0 targetMesh=SM_Marker_TargetRing iconMode=screen targetArcScaleXY=0.920
2026.10.01-12.58.32 ARTPREVIEW combat marker fighter=Merlin attacker=0 target=0 icon=0 targetMesh=SM_Marker_TargetRing iconMode=screen targetArcScaleXY=0.718
2026.10.01-12.58.32 MODE seq=21 mode=0 combat=0 pending=0
2026.10.01-12.58.32 HUD seq=21 phase=ACTION_MANEUVER turn=you hand=1 oppHand=1(hidden) oppDeck=23~ deck=24~ discard=5
2026.10.01-12.58.32 ARTPREVIEW fighter=Medusa hero=1 eligible=0 visual=1 mesh=SK_Medusa_H2LD
2026.10.01-12.58.32 FIGHTERS synced n=6 alive=6 own=2 enemy=4
2026.10.01-12.58.32 ARTPREVIEW damage-number fighter=f-0-hero amount=3 seq=21 cell=(4,4)
2026.10.01-12.58.32 ARTPREVIEW anim fighter=f-0-hero clip=HitReact len=0.417 event=damaged loop=0 phase=0.0000 seq=21 asset=AM_Medusa_HitReact
2026.10.01-12.58.32 CUE damage f-0-hero -3 seq=21
2026.10.01-12.58.32 WS seq=21 phase=ACTION_MANEUVER (apply)
2026.10.01-12.58.32 S09AUTO ranged target attacker=f-1-sk0 at=S25 target=f-0-hero at=S35 via=shared-zone (not linked) prefer=ranged
2026.10.01-12.58.32 TAG fighter=f-0-hero bbox=(932,654,1034,676) mode=compact look=P1 placement=above ring=0 hardPx2=0 softPx2=0 order=0 bound=1
2026.10.01-12.58.32 TAG fighter=f-0-sk0 bbox=(509,496,593,518) mode=compact look=P1 placement=above ring=0 hardPx2=0 softPx2=0 order=2 bound=1
2026.10.01-12.58.32 TAG fighter=f-0-sk1 bbox=(396,458,480,480) mode=compact look=P1 placement=above ring=0 hardPx2=0 softPx2=0 order=1 bound=1
2026.10.01-12.58.32 TAG fighter=f-0-sk2 bbox=(308,584,392,606) mode=compact look=P1 placement=left ring=0 hardPx2=0 softPx2=0 order=4 bound=1
2026.10.01-12.58.32 TAG fighter=f-1-hero bbox=(1076,730,1169,752) mode=compact look=P2 placement=below ring=0 hardPx2=0 softPx2=0 order=5 bound=1
2026.10.01-12.58.32 TAG fighter=f-1-sk0 bbox=(1130,510,1214,532) mode=compact look=P2 placement=above ring=0 hardPx2=0 softPx2=0 order=3 bound=1
2026.10.01-12.58.32 HUD icon hidden fighter=f-0-hero
2026.10.01-12.58.32 DAMAGE fighter=f-0-hero bbox=(963,624,1003,652) amount=3 seq=21 placement=above ring=0 hardPx2=0 softPx2=0
2026.10.01-12.58.32 ARTPREVIEW anim fighter=f-1-hero clip=Idle len=2.500 event=clipFinished loop=1 phase=0.3470 seq=-1 asset=AM_KingArthur_Idle
2026.10.01-12.58.32 TAG fighter=f-0-hero bbox=(932,654,1034,676) mode=compact look=P1 placement=above ring=0 hardPx2=0 softPx2=0 order=0 bound=1
2026.10.01-12.58.32 TAG fighter=f-0-sk0 bbox=(509,496,593,518) mode=compact look=P1 placement=above ring=0 hardPx2=0 softPx2=0 order=2 bound=1
2026.10.01-12.58.32 TAG fighter=f-0-sk1 bbox=(396,458,480,480) mode=compact look=P1 placement=above ring=0 hardPx2=0 softPx2=0 order=1 bound=1
2026.10.01-12.58.32 TAG fighter=f-0-sk2 bbox=(308,584,392,606) mode=compact look=P1 placement=left ring=0 hardPx2=0 softPx2=0 order=4 bound=1
2026.10.01-12.58.32 TAG fighter=f-1-hero bbox=(1076,730,1169,752) mode=compact look=P2 placement=below ring=0 hardPx2=0 softPx2=0 order=5 bound=1
2026.10.01-12.58.32 TAG fighter=f-1-sk0 bbox=(1130,510,1214,532) mode=compact look=P2 placement=above ring=0 hardPx2=0 softPx2=0 order=3 bound=1
2026.10.01-12.58.33 SNAPSHOT applied seq=22 phase=ACTION_MANEUVER
2026.10.01-12.58.33 HANDLE_APPLIED #33 seq=22 decision=2 fightersValid=1 boardValid=1
2026.10.01-12.58.33 MANEUVER-DRAFT mode=maneuver:4:21
2026.10.01-12.58.33 DRAFT-OPEN draw committed (resume instead of begin)
2026.10.01-12.58.33 MODE seq=22 mode=1 combat=0 pending=0
2026.10.01-12.58.33 HUD seq=22 phase=ACTION_MANEUVER turn=you hand=2 oppHand=1(hidden) oppDeck=23 deck=23 discard=5
2026.10.01-12.58.33 ARTPREVIEW fighter=Medusa hero=1 eligible=0 visual=1 mesh=SK_Medusa_H2LD
2026.10.01-12.58.33 FIGHTERS synced n=6 alive=6 own=2 enemy=4
2026.10.01-12.58.33 MANEUVER begin seq=22 (apply) pending=maneuver:4:21
2026.10.01-12.58.33 SNAPSHOT applied seq=22 phase=ACTION_MANEUVER
2026.10.01-12.58.33 HANDLE_APPLIED #34 seq=22 decision=1 fightersValid=1 boardValid=1
2026.10.01-12.58.33 MODE seq=22 mode=1 combat=0 pending=0
2026.10.01-12.58.33 HUD seq=22 phase=ACTION_MANEUVER turn=you hand=2 oppHand=1(hidden) oppDeck=23 deck=23 discard=5
2026.10.01-12.58.33 ARTPREVIEW fighter=Medusa hero=1 eligible=0 visual=1 mesh=SK_Medusa_H2LD
2026.10.01-12.58.33 FIGHTERS synced n=6 alive=6 own=2 enemy=4
2026.10.01-12.58.33 WS seq=22 phase=ACTION_MANEUVER (merge)
2026.10.01-12.58.33 S09AUTO drive mode=1 plan=[attack+ranged+defend+resolve] phase=ACTION_MANEUVER turn=cmuhntiwu0001wib0z281rpa8
2026.10.01-12.58.33 ARTPREVIEW anim fighter=f-0-hero clip=Idle len=2.333 event=clipFinished loop=1 phase=0.8071 seq=-1 asset=AM_Medusa_Idle
2026.10.01-12.58.33 TAG fighter=f-0-hero bbox=(932,654,1034,676) mode=compact look=P1 placement=above ring=0 hardPx2=0 softPx2=0 order=0 bound=1
2026.10.01-12.58.33 TAG fighter=f-0-sk0 bbox=(509,496,593,518) mode=compact look=P1 placement=above ring=0 hardPx2=0 softPx2=0 order=2 bound=1
2026.10.01-12.58.33 TAG fighter=f-0-sk1 bbox=(396,458,480,480) mode=compact look=P1 placement=above ring=0 hardPx2=0 softPx2=0 order=1 bound=1
2026.10.01-12.58.33 TAG fighter=f-0-sk2 bbox=(308,584,392,606) mode=compact look=P1 placement=left ring=0 hardPx2=0 softPx2=0 order=4 bound=1
2026.10.01-12.58.33 TAG fighter=f-1-hero bbox=(1076,730,1169,752) mode=compact look=P2 placement=below ring=0 hardPx2=0 softPx2=0 order=5 bound=1
2026.10.01-12.58.33 TAG fighter=f-1-sk0 bbox=(1130,510,1214,532) mode=compact look=P2 placement=above ring=0 hardPx2=0 softPx2=0 order=3 bound=1
2026.10.01-12.58.33 ARTPREVIEW anim fighter=f-1-sk0 clip=Idle len=3.000 event=clipFinished loop=1 phase=0.8028 seq=-1 asset=AM_Merlin_Idle
2026.10.01-12.58.33 PERF window t=35.7-40.7 frames=48 fps=8.69 frameMs avg=115.02 p50=84.81 p95=221.25 p99=905.23 max=905.23 hitches50=36 gpuMs avg=3.01 p50=2.93 p95=3.47 gameMs avg=23.92 p95=35.90 renderMs avg=93.75 p95=178.92
2026.10.01-12.58.33 TAG fighter=f-0-hero bbox=(932,654,1034,676) mode=compact look=P1 placement=above ring=0 hardPx2=0 softPx2=0 order=5 bound=1
2026.10.01-12.58.33 TAG fighter=f-0-sk0 bbox=(509,496,593,518) mode=compact look=P1 placement=above ring=0 hardPx2=0 softPx2=0 order=1 bound=1
2026.10.01-12.58.33 TAG fighter=f-0-sk1 bbox=(396,458,480,480) mode=compact look=P1 placement=above ring=0 hardPx2=0 softPx2=0 order=0 bound=1
2026.10.01-12.58.33 TAG fighter=f-0-sk2 bbox=(308,584,392,606) mode=compact look=P1 placement=left ring=0 hardPx2=0 softPx2=0 order=3 bound=1
2026.10.01-12.58.33 TAG fighter=f-1-hero bbox=(986,619,1079,641) mode=compact look=P2 placement=left ring=0 hardPx2=0 softPx2=0 order=4 bound=1
2026.10.01-12.58.33 TAG fighter=f-1-sk0 bbox=(1130,510,1214,532) mode=compact look=P2 placement=above ring=0 hardPx2=0 softPx2=0 order=2 bound=1
2026.10.01-12.58.34 S09AUTO draft-open shot (maneuver marker live)
2026.10.01-12.58.34 SHOT ctx viewport=1920x1080 viewTarget=CameraActor_2147482233 cam=(0,1342,1917) rot=(-55,-90,0)
2026.10.01-12.58.34 RENDER tag=SHOT rhi=D3D12 featureLevel=SM6 shaderPlatform=PCD3D_SM6 lumenPlatform=1 gi=lumen giMethod=1 refl=lumen reflMethod=1 shadows=csm vsmEnable=0 sg.res=100 sg.view=2 sg.aa=2 sg.shadow=2 sg.gi=2 sg.refl=2 sg.pp=2 sg.tex=2 sg.fx=2 sg.foliage=2 sg.shading=2 sg.landscape=2 preset=High screenPct=100.0 screenPctMode=0 aa=TSR aaMethod=4 exposure=fixed-histogram expMin=4.14106 expMax=4.14106 expBias=0.000 ev100=2.05 lightUnits=candelas sky=1 skyIntensity=3.000 keyShadow=csm-3600uu-2c-contact0.000 shadowCasters=1 profile=sarpedon-night profilesSha256=f7e257eea8ecb88e5f81d37f3be97da6862e500247ad3c0b07c5a1aaf28d1802 profilesSource=pak legacyRender=0 gameLayer=unlit-eyeadaptinv tMaxFPS=30.0 vsync=0 frameRateLimit=60.0 substrate=0 nanite=1 meshDF=1 viewport=1920x1080 reference=1
2026.10.01-12.58.34 SHOT fighter f-0-hero pos=(4,4) world=(16,189,0) screen=(982,752) projected=1 alive=1
2026.10.01-12.58.34 SHOT fighter f-0-sk0 pos=(1,3) world=(-309,33,0) screen=(555,576) projected=1 alive=1
2026.10.01-12.58.34 SHOT fighter f-0-sk1 pos=(0,2) world=(-398,-3,0) screen=(442,537) projected=1 alive=1
2026.10.01-12.58.34 SHOT fighter f-0-sk2 pos=(0,3) world=(-394,92,0) screen=(435,640) projected=1 alive=1
2026.10.01-12.58.34 SHOT fighter f-1-hero pos=(5,4) world=(119,141,0) screen=(1120,695) projected=1 alive=1
2026.10.01-12.58.34 SHOT fighter f-1-sk0 pos=(6,3) world=(159,52,0) screen=(1169,596) projected=1 alive=1
2026.10.01-12.58.34 SHOT camera dist=2340.2 target=2340.2 overview=2340.2 errPct=0.000 focusErr=0.00 settled=1 zoom=1.00
2026.10.01-12.58.34 SHOT head fighter=f-0-hero socket=Head mesh=SK_Medusa_H2LD world=(15.6,188.5,47.1) screen=(981.7,716.8) top=(981.8,712.4) bottom=(981.7,721.2) headPx=8.8 projected=1
2026.10.01-12.58.34 SHOT head fighter=f-0-sk0 socket=Head mesh=SK_Harpy_H3LD world=(-308.3,28.1,34.1) screen=(551.2,544.6) top=(550.4,540.0) bottom=(552.1,549.2) headPx=9.3 projected=1
2026.10.01-12.58.34 SHOT head fighter=f-0-sk1 socket=Head mesh=SK_Harpy_H3LD world=(-398.8,2.6,34.0) screen=(434.6,517.1) top=(433.5,512.5) bottom=(435.7,521.7) headPx=9.4 projected=1
2026.10.01-12.58.34 SHOT head fighter=f-0-sk2 socket=Head mesh=SK_Harpy_H3LD world=(-394.4,86.6,34.0) screen=(429.2,609.2) top=(428.1,604.7) bottom=(430.4,613.7) headPx=9.3 projected=1
2026.10.01-12.58.34 SHOT head fighter=f-1-hero socket=Head mesh=SK_KingArthur_H2LD world=(118.5,140.5,50.0) screen=(1122.6,658.6) top=(1123.0,654.1) bottom=(1122.2,663.1) headPx=8.9 projected=1
2026.10.01-12.58.34 SHOT head fighter=f-1-sk0 socket=Head mesh=SK_Merlin_H2LD world=(158.9,49.1,36.7) screen=(1172.0,565.6) top=(1172.5,561.0) bottom=(1171.6,570.1) headPx=9.1 projected=1
2026.10.01-12.58.34 SHOT figure fighter=f-0-hero bbox=(943,678,1023,785) ringR=28.50 art=1 blockout=0 team=P1 look=P1 ring=1
2026.10.01-12.58.34 SHOT figure fighter=f-0-sk0 bbox=(516,520,586,600) ringR=22.23 art=1 blockout=0 team=P1 look=P1 ring=1
2026.10.01-12.58.34 SHOT figure fighter=f-0-sk1 bbox=(402,482,474,561) ringR=22.23 art=1 blockout=0 team=P1 look=P1 ring=1
2026.10.01-12.58.34 SHOT figure fighter=f-0-sk2 bbox=(394,584,467,665) ringR=22.23 art=1 blockout=0 team=P1 look=P1 ring=1
2026.10.01-12.58.34 SHOT figure fighter=f-1-hero bbox=(1081,619,1165,728) ringR=28.50 art=1 blockout=0 team=P2 look=P2 ring=1
2026.10.01-12.58.34 SHOT figure fighter=f-1-sk0 bbox=(1139,534,1204,620) ringR=22.23 art=1 blockout=0 team=P2 look=P2 ring=1
2026.10.01-12.58.34 SHOT request file=s09-maneuver-draft-open.png frame=486
2026.10.01-12.58.34 SHOT requested: FScreenshotRequest(bShowUI) -> C:\Users\ren\AppData\Local\Temp\s09-combat-20261001-175646-29856\joiner/s09-maneuver-draft-open.png
2026.10.01-12.58.35 SHOT captured file=s09-maneuver-draft-open.png frame=486 px=1920x1080 sha256=c755dc9a14073957850ea27e496d162d82290423e7ebfcc3dc8e8a6f93ff9bb4 order=BGRA saved=1
2026.10.01-12.58.35 SHOT late begin file=s09-maneuver-draft-open.png frame=486 requestFrame=486
2026.10.01-12.58.35 SHOT iconstate visible=0 lastFighter=none frame=486
2026.10.01-12.58.35 SHOT widget id=board.tag impl=umg state=compact fighter=f-0-hero bbox=(932,654,1034,676) geom=painted visible=1 twin=0 source=/Game/S08/UI/ArtHud/WBP_S08ArtTag mode=compact look=P1 shape=circle placement=above ring=0 order=5 bound=1 softPx2=0 planned=(932,654,1034,676) frame=486
2026.10.01-12.58.35 SHOT widget id=board.tag.hp impl=umg state=compact fighter=f-0-hero bbox=(988,656,1030,674) geom=painted visible=1 twin=0 source=/Game/S08/UI/ArtHud/WBP_S08ArtTag mode=compact look=P1 shape=circle placement=above ring=0 order=5 bound=1 softPx2=0 planned=(932,654,1034,676) frame=486 font=11
2026.10.01-12.58.35 SHOT widget id=board.tag.bar impl=umg state=compact fighter=f-0-hero bbox=(951,663,985,668) geom=painted visible=1 twin=0 source=/Game/S08/UI/ArtHud/WBP_S08ArtTag mode=compact look=P1 shape=circle placement=above ring=0 order=5 bound=1 softPx2=0 planned=(932,654,1034,676) frame=486
2026.10.01-12.58.35 SHOT widget id=board.tag.chip impl=umg state=compact fighter=f-0-hero bbox=(936,659,948,671) geom=painted visible=1 twin=0 source=/Game/S08/UI/ArtHud/WBP_S08ArtTag mode=compact look=P1 shape=circle placement=above ring=0 order=5 bound=1 softPx2=0 planned=(932,654,1034,676) frame=486
2026.10.01-12.58.35 SHOT widget id=board.tag impl=umg state=compact fighter=f-0-sk0 bbox=(509,496,593,518) geom=painted visible=1 twin=0 source=/Game/S08/UI/ArtHud/WBP_S08ArtTag mode=compact look=P1 shape=circle placement=above ring=0 order=1 bound=1 softPx2=0 planned=(509,496,593,518) frame=486
2026.10.01-12.58.35 SHOT widget id=board.tag.hp impl=umg state=compact fighter=f-0-sk0 bbox=(565,498,589,516) geom=painted visible=1 twin=0 source=/Game/S08/UI/ArtHud/WBP_S08ArtTag mode=compact look=P1 shape=circle placement=above ring=0 order=1 bound=1 softPx2=0 planned=(509,496,593,518) frame=486 font=11
2026.10.01-12.58.35 SHOT widget id=board.tag.bar impl=umg state=compact fighter=f-0-sk0 bbox=(528,505,562,510) geom=painted visible=1 twin=0 source=/Game/S08/UI/ArtHud/WBP_S08ArtTag mode=compact look=P1 shape=circle placement=above ring=0 order=1 bound=1 softPx2=0 planned=(509,496,593,518) frame=486
2026.10.01-12.58.35 SHOT widget id=board.tag.chip impl=umg state=compact fighter=f-0-sk0 bbox=(513,501,525,513) geom=painted visible=1 twin=0 source=/Game/S08/UI/ArtHud/WBP_S08ArtTag mode=compact look=P1 shape=circle placement=above ring=0 order=1 bound=1 softPx2=0 planned=(509,496,593,518) frame=486
2026.10.01-12.58.35 SHOT widget id=board.tag impl=umg state=compact fighter=f-0-sk1 bbox=(396,458,480,480) geom=painted visible=1 twin=0 source=/Game/S08/UI/ArtHud/WBP_S08ArtTag mode=compact look=P1 shape=circle placement=above ring=0 order=0 bound=1 softPx2=0 planned=(396,458,480,480) frame=486
2026.10.01-12.58.35 SHOT widget id=board.tag.hp impl=umg state=compact fighter=f-0-sk1 bbox=(452,460,476,478) geom=painted visible=1 twin=0 source=/Game/S08/UI/ArtHud/WBP_S08ArtTag mode=compact look=P1 shape=circle placement=above ring=0 order=0 bound=1 softPx2=0 planned=(396,458,480,480) frame=486 font=11
2026.10.01-12.58.35 SHOT widget id=board.tag.bar impl=umg state=compact fighter=f-0-sk1 bbox=(415,467,449,472) geom=painted visible=1 twin=0 source=/Game/S08/UI/ArtHud/WBP_S08ArtTag mode=compact look=P1 shape=circle placement=above ring=0 order=0 bound=1 softPx2=0 planned=(396,458,480,480) frame=486
2026.10.01-12.58.35 SHOT widget id=board.tag.chip impl=umg state=compact fighter=f-0-sk1 bbox=(400,463,412,475) geom=painted visible=1 twin=0 source=/Game/S08/UI/ArtHud/WBP_S08ArtTag mode=compact look=P1 shape=circle placement=above ring=0 order=0 bound=1 softPx2=0 planned=(396,458,480,480) frame=486
2026.10.01-12.58.35 SHOT widget id=board.tag impl=umg state=compact fighter=f-0-sk2 bbox=(308,584,392,606) geom=painted visible=1 twin=0 source=/Game/S08/UI/ArtHud/WBP_S08ArtTag mode=compact look=P1 shape=circle placement=left ring=0 order=3 bound=1 softPx2=0 planned=(308,584,392,606) frame=486
2026.10.01-12.58.35 SHOT widget id=board.tag.hp impl=umg state=compact fighter=f-0-sk2 bbox=(364,586,388,604) geom=painted visible=1 twin=0 source=/Game/S08/UI/ArtHud/WBP_S08ArtTag mode=compact look=P1 shape=circle placement=left ring=0 order=3 bound=1 softPx2=0 planned=(308,584,392,606) frame=486 font=11
2026.10.01-12.58.35 SHOT widget id=board.tag.bar impl=umg state=compact fighter=f-0-sk2 bbox=(327,593,361,598) geom=painted visible=1 twin=0 source=/Game/S08/UI/ArtHud/WBP_S08ArtTag mode=compact look=P1 shape=circle placement=left ring=0 order=3 bound=1 softPx2=0 planned=(308,584,392,606) frame=486
2026.10.01-12.58.35 SHOT widget id=board.tag.chip impl=umg state=compact fighter=f-0-sk2 bbox=(312,589,324,601) geom=painted visible=1 twin=0 source=/Game/S08/UI/ArtHud/WBP_S08ArtTag mode=compact look=P1 shape=circle placement=left ring=0 order=3 bound=1 softPx2=0 planned=(308,584,392,606) frame=486
2026.10.01-12.58.35 SHOT widget id=board.tag impl=umg state=compact fighter=f-1-hero bbox=(986,619,1079,641) geom=painted visible=1 twin=0 source=/Game/S08/UI/ArtHud/WBP_S08ArtTag mode=compact look=P2 shape=hex placement=left ring=0 order=4 bound=1 softPx2=0 planned=(986,619,1079,641) frame=486
2026.10.01-12.58.35 SHOT widget id=board.tag.hp impl=umg state=compact fighter=f-1-hero bbox=(1042,621,1075,639) geom=painted visible=1 twin=0 source=/Game/S08/UI/ArtHud/WBP_S08ArtTag mode=compact look=P2 shape=hex placement=left ring=0 order=4 bound=1 softPx2=0 planned=(986,619,1079,641) frame=486 font=11
2026.10.01-12.58.35 SHOT widget id=board.tag.bar impl=umg state=compact fighter=f-1-hero bbox=(1005,628,1039,633) geom=painted visible=1 twin=0 source=/Game/S08/UI/ArtHud/WBP_S08ArtTag mode=compact look=P2 shape=hex placement=left ring=0 order=4 bound=1 softPx2=0 planned=(986,619,1079,641) frame=486
2026.10.01-12.58.35 SHOT widget id=board.tag.chip impl=umg state=compact fighter=f-1-hero bbox=(990,624,1002,636) geom=painted visible=1 twin=0 source=/Game/S08/UI/ArtHud/WBP_S08ArtTag mode=compact look=P2 shape=hex placement=left ring=0 order=4 bound=1 softPx2=0 planned=(986,619,1079,641) frame=486
2026.10.01-12.58.35 SHOT widget id=board.tag impl=umg state=compact fighter=f-1-sk0 bbox=(1130,510,1214,532) geom=painted visible=1 twin=0 source=/Game/S08/UI/ArtHud/WBP_S08ArtTag mode=compact look=P2 shape=hex placement=above ring=0 order=2 bound=1 softPx2=0 planned=(1130,510,1214,532) frame=486
2026.10.01-12.58.35 SHOT widget id=board.tag.hp impl=umg state=compact fighter=f-1-sk0 bbox=(1186,512,1210,530) geom=painted visible=1 twin=0 source=/Game/S08/UI/ArtHud/WBP_S08ArtTag mode=compact look=P2 shape=hex placement=above ring=0 order=2 bound=1 softPx2=0 planned=(1130,510,1214,532) frame=486 font=11
2026.10.01-12.58.35 SHOT widget id=board.tag.bar impl=umg state=compact fighter=f-1-sk0 bbox=(1149,519,1183,524) geom=painted visible=1 twin=0 source=/Game/S08/UI/ArtHud/WBP_S08ArtTag mode=compact look=P2 shape=hex placement=above ring=0 order=2 bound=1 softPx2=0 planned=(1130,510,1214,532) frame=486
2026.10.01-12.58.35 SHOT widget id=board.tag.chip impl=umg state=compact fighter=f-1-sk0 bbox=(1134,515,1146,527) geom=painted visible=1 twin=0 source=/Game/S08/UI/ArtHud/WBP_S08ArtTag mode=compact look=P2 shape=hex placement=above ring=0 order=2 bound=1 softPx2=0 planned=(1130,510,1214,532) frame=486
2026.10.01-12.58.35 SHOT panel id=hud.command bbox=(0,0,703,156) geom=painted visible=1 frame=486
2026.10.01-12.58.35 SHOT panel id=hud.side bbox=(1421,0,1920,121) geom=painted visible=1 frame=486
2026.10.01-12.58.35 SHOT panel id=hud.hand bbox=(669,985,1252,1080) geom=painted visible=1 frame=486
2026.10.01-12.58.35 SHOT late end file=s09-maneuver-draft-open.png frame=486
2026.10.01-12.58.35 S09AUTO approach fighter=f-1-hero from=(5,4) to=(5,5) steps=1 allowance=2 enemyDist=2->1
2026.10.01-12.58.35 MANEUVER-CONFIRM moves=1 boost=none
2026.10.01-12.58.35 HUD plate content fighter=f-1-hero name=King Arthur hp=7/18 team=own statuses=HERO  |  MELEE teamSlot=P2 look=P2 shape=hexagon chip=#5786A8
2026.10.01-12.58.35 PLATE fighter=f-1-hero bbox=(959,559,1131,613) overlapReachable=0 placement=above ring=0 gap=6 selection=f-1-hero destinations=4 clean=1 softPx2=0 tested=112 bound=1
2026.10.01-12.58.35 TAG fighter=f-0-hero bbox=(932,654,1034,676) mode=compact look=P1 placement=above ring=0 hardPx2=0 softPx2=0 order=4 bound=1
2026.10.01-12.58.35 TAG fighter=f-0-sk0 bbox=(509,496,593,518) mode=compact look=P1 placement=above ring=0 hardPx2=0 softPx2=0 order=1 bound=1
2026.10.01-12.58.35 TAG fighter=f-0-sk1 bbox=(396,458,480,480) mode=compact look=P1 placement=above ring=0 hardPx2=0 softPx2=0 order=0 bound=1
2026.10.01-12.58.35 TAG fighter=f-0-sk2 bbox=(308,584,392,606) mode=compact look=P1 placement=left ring=0 hardPx2=0 softPx2=0 order=3 bound=1
2026.10.01-12.58.35 TAG fighter=f-1-sk0 bbox=(1130,510,1214,532) mode=compact look=P2 placement=above ring=0 hardPx2=0 softPx2=0 order=2 bound=1
2026.10.01-12.58.35 SNAPSHOT applied seq=23 phase=ACTION_MANEUVER
2026.10.01-12.58.35 HANDLE_APPLIED #35 seq=23 decision=2 fightersValid=1 boardValid=1
2026.10.01-12.58.35 closed mode=
2026.10.01-12.58.35 MODE seq=23 mode=0 combat=0 pending=1
2026.10.01-12.58.35 HUD seq=23 phase=ACTION_MANEUVER turn=opp hand=2 oppHand=1(hidden) oppDeck=23 deck=23 discard=5
2026.10.01-12.58.35 ARTPREVIEW fighter=Medusa hero=1 eligible=0 visual=1 mesh=SK_Medusa_H2LD
2026.10.01-12.58.35 FIGHTERS synced n=6 alive=6 own=2 enemy=4
2026.10.01-12.58.35 CUE move f-1-hero (5,4)->(5,5) seq=23
2026.10.01-12.58.35 MANEUVER done seq=23 (apply) fighters=6 boost=no
2026.10.01-12.58.35 SNAPSHOT applied seq=23 phase=ACTION_MANEUVER
2026.10.01-12.58.35 HANDLE_APPLIED #36 seq=23 decision=1 fightersValid=1 boardValid=1
2026.10.01-12.58.35 MODE seq=23 mode=0 combat=0 pending=1
2026.10.01-12.58.35 HUD seq=23 phase=ACTION_MANEUVER turn=opp hand=2 oppHand=1(hidden) oppDeck=23 deck=23 discard=5
2026.10.01-12.58.35 ARTPREVIEW fighter=Medusa hero=1 eligible=0 visual=1 mesh=SK_Medusa_H2LD
2026.10.01-12.58.35 FIGHTERS synced n=6 alive=6 own=2 enemy=4
2026.10.01-12.58.35 WS seq=23 phase=ACTION_MANEUVER (merge)
2026.10.01-12.58.35 PLATE hidden fighter=f-1-hero
2026.10.01-12.58.35 TAG fighter=f-0-hero bbox=(932,654,1034,676) mode=compact look=P1 placement=above ring=0 hardPx2=0 softPx2=0 order=4 bound=1
2026.10.01-12.58.35 TAG fighter=f-0-sk0 bbox=(509,496,593,518) mode=compact look=P1 placement=above ring=0 hardPx2=0 softPx2=0 order=1 bound=1
2026.10.01-12.58.35 TAG fighter=f-0-sk1 bbox=(396,458,480,480) mode=compact look=P1 placement=above ring=0 hardPx2=0 softPx2=0 order=0 bound=1
2026.10.01-12.58.35 TAG fighter=f-0-sk2 bbox=(308,584,392,606) mode=compact look=P1 placement=left ring=0 hardPx2=0 softPx2=0 order=3 bound=1
2026.10.01-12.58.35 TAG fighter=f-1-hero bbox=(1059,707,1152,729) mode=compact look=P2 placement=above ring=0 hardPx2=0 softPx2=0 order=5 bound=1
2026.10.01-12.58.35 TAG fighter=f-1-sk0 bbox=(1130,510,1214,532) mode=compact look=P2 placement=above ring=0 hardPx2=0 softPx2=0 order=2 bound=1
2026.10.01-12.58.35 SNAPSHOT applied seq=24 phase=ACTION_MANEUVER
2026.10.01-12.58.35 HANDLE_APPLIED #37 seq=24 decision=2 fightersValid=1 boardValid=1
2026.10.01-12.58.35 MODE seq=24 mode=0 combat=0 pending=0
2026.10.01-12.58.35 HUD seq=24 phase=ACTION_MANEUVER turn=opp hand=2 oppHand=1(hidden) oppDeck=23~ deck=23~ discard=5
2026.10.01-12.58.35 ARTPREVIEW fighter=Medusa hero=1 eligible=0 visual=1 mesh=SK_Medusa_H2LD
2026.10.01-12.58.35 FIGHTERS synced n=6 alive=6 own=2 enemy=4
2026.10.01-12.58.35 ARTPREVIEW damage-number fighter=f-1-hero amount=1 seq=24 cell=(5,5)
2026.10.01-12.58.35 ARTPREVIEW anim fighter=f-1-hero clip=HitReact len=0.417 event=damaged loop=0 phase=0.0000 seq=24 asset=AM_KingArthur_HitReact
2026.10.01-12.58.35 CUE damage f-1-hero -1 seq=24
2026.10.01-12.58.35 WS seq=24 phase=ACTION_MANEUVER (apply)
2026.10.01-12.58.35 TAG fighter=f-0-hero bbox=(932,654,1034,676) mode=compact look=P1 placement=above ring=0 hardPx2=0 softPx2=0 order=5 bound=1
2026.10.01-12.58.35 TAG fighter=f-0-sk0 bbox=(509,496,593,518) mode=compact look=P1 placement=above ring=0 hardPx2=0 softPx2=0 order=2 bound=1
2026.10.01-12.58.35 TAG fighter=f-0-sk1 bbox=(396,458,480,480) mode=compact look=P1 placement=above ring=0 hardPx2=0 softPx2=0 order=1 bound=1
2026.10.01-12.58.35 TAG fighter=f-0-sk2 bbox=(308,584,392,606) mode=compact look=P1 placement=left ring=0 hardPx2=0 softPx2=0 order=4 bound=1
2026.10.01-12.58.35 TAG fighter=f-1-hero bbox=(1059,707,1152,729) mode=compact look=P2 placement=above ring=0 hardPx2=0 softPx2=0 order=0 bound=1
2026.10.01-12.58.35 TAG fighter=f-1-sk0 bbox=(1130,510,1214,532) mode=compact look=P2 placement=above ring=0 hardPx2=0 softPx2=0 order=3 bound=1
2026.10.01-12.58.35 DAMAGE fighter=f-1-hero bbox=(1154,704,1194,732) amount=1 seq=24 placement=right ring=0 hardPx2=0 softPx2=0
2026.10.01-12.58.35 SNAPSHOT applied seq=25 phase=ACTION_MANEUVER
2026.10.01-12.58.35 HANDLE_APPLIED #38 seq=25 decision=2 fightersValid=1 boardValid=1
2026.10.01-12.58.35 MODE seq=25 mode=0 combat=0 pending=0
2026.10.01-12.58.35 HUD seq=25 phase=ACTION_MANEUVER turn=opp hand=2 oppHand=2(hidden) oppDeck=23~ deck=23~ discard=5
2026.10.01-12.58.35 ARTPREVIEW fighter=Medusa hero=1 eligible=0 visual=1 mesh=SK_Medusa_H2LD
2026.10.01-12.58.35 FIGHTERS synced n=6 alive=6 own=2 enemy=4
2026.10.01-12.58.35 WS seq=25 phase=ACTION_MANEUVER (apply)
2026.10.01-12.58.35 SNAPSHOT applied seq=26 phase=ACTION_MANEUVER
2026.10.01-12.58.35 HANDLE_APPLIED #39 seq=26 decision=2 fightersValid=1 boardValid=1
2026.10.01-12.58.35 MODE seq=26 mode=0 combat=0 pending=0
2026.10.01-12.58.35 HUD seq=26 phase=ACTION_MANEUVER turn=opp hand=2 oppHand=2(hidden) oppDeck=23~ deck=23~ discard=5
2026.10.01-12.58.35 ARTPREVIEW fighter=Medusa hero=1 eligible=0 visual=1 mesh=SK_Medusa_H2LD
2026.10.01-12.58.35 ARTPREVIEW heroesV2 fighter=f-0-sk0 mesh=/Game/PipelineCandidates/Harpy/H3LD/Meshes/SK_Harpy_H3LD mi=/Game/PipelineCandidates/Harpy/H3LD/Materials/MI_Harpy_H3LD_P1 yaw=90.0 scale=1.0000 name=Harpies hero=0 look=P1 base=/Game/PipelineCandidates/Harpy/H3LD/Meshes/SM_Harpy_H3LD_Base baseMi=/Game/PipelineCandidates/Harpy/H3LD/Materials/MI_Harpy_H3LD_Base_P1 skeleton=/Game/PipelineCandidates/Harpy/Rig/SK_Harpy_Skeleton.SK_Harpy_Skeleton clips=4/4 boundsTop=42.00 figureTop=42.00 budget=42.0
2026.10.01-12.58.35 FIGHTERS synced n=6 alive=6 own=2 enemy=4
2026.10.01-12.58.35 CUE move f-0-sk0 (1,3)->(2,2) seq=26
2026.10.01-12.58.35 WS seq=26 phase=ACTION_MANEUVER (apply)
2026.10.01-12.58.35 TAG fighter=f-0-hero bbox=(932,654,1034,676) mode=compact look=P1 placement=above ring=0 hardPx2=0 softPx2=0 order=5 bound=1
2026.10.01-12.58.35 TAG fighter=f-0-sk0 bbox=(633,447,717,469) mode=compact look=P1 placement=above ring=0 hardPx2=0 softPx2=0 order=1 bound=1
2026.10.01-12.58.35 TAG fighter=f-0-sk1 bbox=(396,458,480,480) mode=compact look=P1 placement=above ring=0 hardPx2=0 softPx2=0 order=2 bound=1
2026.10.01-12.58.35 TAG fighter=f-0-sk2 bbox=(469,584,553,606) mode=compact look=P1 placement=right ring=0 hardPx2=0 softPx2=0 order=4 bound=1
2026.10.01-12.58.35 TAG fighter=f-1-hero bbox=(1059,707,1152,729) mode=compact look=P2 placement=above ring=0 hardPx2=0 softPx2=0 order=0 bound=1
2026.10.01-12.58.35 TAG fighter=f-1-sk0 bbox=(1130,510,1214,532) mode=compact look=P2 placement=above ring=0 hardPx2=0 softPx2=0 order=3 bound=1
2026.10.01-12.58.35 ARTPREVIEW anim fighter=f-1-hero clip=Idle len=2.500 event=clipFinished loop=1 phase=0.3470 seq=-1 asset=AM_KingArthur_Idle
2026.10.01-12.58.36 game -> room=cmupjgel1008bwi7ka3fcxt4t code=<redacted> status=IN_PROGRESS
2026.10.01-12.58.36 SHOT ctx viewport=1920x1080 viewTarget=CameraActor_2147482233 cam=(0,1342,1917) rot=(-55,-90,0)
2026.10.01-12.58.36 RENDER tag=SHOT rhi=D3D12 featureLevel=SM6 shaderPlatform=PCD3D_SM6 lumenPlatform=1 gi=lumen giMethod=1 refl=lumen reflMethod=1 shadows=csm vsmEnable=0 sg.res=100 sg.view=2 sg.aa=2 sg.shadow=2 sg.gi=2 sg.refl=2 sg.pp=2 sg.tex=2 sg.fx=2 sg.foliage=2 sg.shading=2 sg.landscape=2 preset=High screenPct=100.0 screenPctMode=0 aa=TSR aaMethod=4 exposure=fixed-histogram expMin=4.14106 expMax=4.14106 expBias=0.000 ev100=2.05 lightUnits=candelas sky=1 skyIntensity=3.000 keyShadow=csm-3600uu-2c-contact0.000 shadowCasters=1 profile=sarpedon-night profilesSha256=f7e257eea8ecb88e5f81d37f3be97da6862e500247ad3c0b07c5a1aaf28d1802 profilesSource=pak legacyRender=0 gameLayer=unlit-eyeadaptinv tMaxFPS=30.0 vsync=0 frameRateLimit=60.0 substrate=0 nanite=1 meshDF=1 viewport=1920x1080 reference=1
2026.10.01-12.58.36 SHOT fighter f-0-hero pos=(4,4) world=(16,189,0) screen=(982,752) projected=1 alive=1
2026.10.01-12.58.36 SHOT fighter f-0-sk0 pos=(2,2) world=(-218,-13,0) screen=(678,527) projected=1 alive=1
2026.10.01-12.58.36 SHOT fighter f-0-sk1 pos=(0,2) world=(-398,-3,0) screen=(442,537) projected=1 alive=1
2026.10.01-12.58.36 SHOT fighter f-0-sk2 pos=(0,3) world=(-394,92,0) screen=(435,640) projected=1 alive=1
2026.10.01-12.58.36 SHOT fighter f-1-hero pos=(5,5) world=(104,237,0) screen=(1103,808) projected=1 alive=1
2026.10.01-12.58.36 SHOT fighter f-1-sk0 pos=(6,3) world=(159,52,0) screen=(1169,596) projected=1 alive=1
2026.10.01-12.58.36 SHOT camera dist=2340.2 target=2340.2 overview=2340.2 errPct=0.000 focusErr=0.00 settled=1 zoom=1.00
2026.10.01-12.58.36 SHOT head fighter=f-0-hero socket=Head mesh=SK_Medusa_H2LD world=(16.7,188.8,47.1) screen=(983.2,717.1) top=(983.3,712.7) bottom=(983.2,721.5) headPx=8.8 projected=1
2026.10.01-12.58.36 SHOT head fighter=f-0-sk0 socket=Head mesh=SK_Harpy_H3LD world=(-218.0,-7.8,34.3) screen=(673.4,505.8) top=(672.8,501.2) bottom=(674.0,510.4) headPx=9.3 projected=1
2026.10.01-12.58.36 SHOT head fighter=f-0-sk1 socket=Head mesh=SK_Harpy_H3LD world=(-399.1,2.6,34.0) screen=(434.2,517.1) top=(433.0,512.5) bottom=(435.3,521.7) headPx=9.4 projected=1
2026.10.01-12.58.36 SHOT head fighter=f-0-sk2 socket=Head mesh=SK_Harpy_H3LD world=(-394.1,86.7,34.0) screen=(429.7,609.4) top=(428.5,604.9) bottom=(430.8,613.9) headPx=9.3 projected=1
2026.10.01-12.58.36 SHOT head fighter=f-1-hero socket=Head mesh=SK_KingArthur_H2LD world=(103.5,235.7,50.1) screen=(1105.6,771.2) top=(1106.0,766.9) bottom=(1105.3,775.5) headPx=8.7 projected=1
2026.10.01-12.58.36 SHOT head fighter=f-1-sk0 socket=Head mesh=SK_Merlin_H2LD world=(159.1,48.5,36.4) screen=(1172.2,565.1) top=(1172.7,560.6) bottom=(1171.8,569.6) headPx=9.1 projected=1
2026.10.01-12.58.36 SHOT figure fighter=f-0-hero bbox=(943,678,1023,785) ringR=28.50 art=1 blockout=0 team=P1 look=P1 ring=1
2026.10.01-12.58.36 SHOT figure fighter=f-0-sk0 bbox=(642,471,708,550) ringR=22.23 art=1 blockout=0 team=P1 look=P1 ring=1
2026.10.01-12.58.36 SHOT figure fighter=f-0-sk1 bbox=(402,482,474,561) ringR=22.23 art=1 blockout=0 team=P1 look=P1 ring=1
2026.10.01-12.58.36 SHOT figure fighter=f-0-sk2 bbox=(394,584,467,665) ringR=22.23 art=1 blockout=0 team=P1 look=P1 ring=1
2026.10.01-12.58.36 SHOT figure fighter=f-1-hero bbox=(1063,731,1148,842) ringR=28.50 art=1 blockout=0 team=P2 look=P2 ring=1
2026.10.01-12.58.36 SHOT figure fighter=f-1-sk0 bbox=(1139,534,1204,620) ringR=22.23 art=1 blockout=0 team=P2 look=P2 ring=1
2026.10.01-12.58.36 SHOT request file=s09-hud-after-first-maneuver.png frame=499
2026.10.01-12.58.36 SHOT requested: FScreenshotRequest(bShowUI) -> C:\Users\ren\AppData\Local\Temp\s09-combat-20261001-175646-29856\joiner/s09-hud-after-first-maneuver.png
2026.10.01-12.58.36 S09AUTO drive mode=0 plan=[attack+ranged+defend+resolve] phase=ACTION_MANEUVER turn=cmuhntivg0000wib0anhqyswc
2026.10.01-12.58.36 TAG fighter=f-0-hero bbox=(932,654,1034,676) mode=compact look=P1 placement=above ring=0 hardPx2=0 softPx2=0 order=4 bound=1
2026.10.01-12.58.36 TAG fighter=f-0-sk0 bbox=(633,447,717,469) mode=compact look=P1 placement=above ring=0 hardPx2=0 softPx2=0 order=0 bound=1
2026.10.01-12.58.36 TAG fighter=f-0-sk1 bbox=(396,458,480,480) mode=compact look=P1 placement=above ring=0 hardPx2=0 softPx2=0 order=1 bound=1
2026.10.01-12.58.36 TAG fighter=f-0-sk2 bbox=(469,584,553,606) mode=compact look=P1 placement=right ring=0 hardPx2=0 softPx2=0 order=3 bound=1
2026.10.01-12.58.36 TAG fighter=f-1-hero bbox=(1059,707,1152,729) mode=compact look=P2 placement=above ring=0 hardPx2=0 softPx2=0 order=5 bound=1
2026.10.01-12.58.36 TAG fighter=f-1-sk0 bbox=(1130,510,1214,532) mode=compact look=P2 placement=above ring=0 hardPx2=0 softPx2=0 order=2 bound=1
2026.10.01-12.58.37 SHOT captured file=s09-hud-after-first-maneuver.png frame=499 px=1920x1080 sha256=97e9eb31ad0eafb4f4b855e427d6cad49c36e6370dc8efdb3c2604e6f6c212ca order=BGRA saved=1
2026.10.01-12.58.37 SHOT late begin file=s09-hud-after-first-maneuver.png frame=499 requestFrame=499
2026.10.01-12.58.37 SHOT iconstate visible=0 lastFighter=none frame=499
2026.10.01-12.58.37 SHOT widget id=board.tag impl=umg state=compact fighter=f-0-hero bbox=(932,654,1034,676) geom=painted visible=1 twin=0 source=/Game/S08/UI/ArtHud/WBP_S08ArtTag mode=compact look=P1 shape=circle placement=above ring=0 order=4 bound=1 softPx2=0 planned=(932,654,1034,676) frame=499
2026.10.01-12.58.37 SHOT widget id=board.tag.hp impl=umg state=compact fighter=f-0-hero bbox=(988,656,1030,674) geom=painted visible=1 twin=0 source=/Game/S08/UI/ArtHud/WBP_S08ArtTag mode=compact look=P1 shape=circle placement=above ring=0 order=4 bound=1 softPx2=0 planned=(932,654,1034,676) frame=499 font=11
2026.10.01-12.58.37 SHOT widget id=board.tag.bar impl=umg state=compact fighter=f-0-hero bbox=(951,663,985,668) geom=painted visible=1 twin=0 source=/Game/S08/UI/ArtHud/WBP_S08ArtTag mode=compact look=P1 shape=circle placement=above ring=0 order=4 bound=1 softPx2=0 planned=(932,654,1034,676) frame=499
2026.10.01-12.58.37 SHOT widget id=board.tag.chip impl=umg state=compact fighter=f-0-hero bbox=(936,659,948,671) geom=painted visible=1 twin=0 source=/Game/S08/UI/ArtHud/WBP_S08ArtTag mode=compact look=P1 shape=circle placement=above ring=0 order=4 bound=1 softPx2=0 planned=(932,654,1034,676) frame=499
2026.10.01-12.58.37 SHOT widget id=board.tag impl=umg state=compact fighter=f-0-sk0 bbox=(633,447,717,469) geom=painted visible=1 twin=0 source=/Game/S08/UI/ArtHud/WBP_S08ArtTag mode=compact look=P1 shape=circle placement=above ring=0 order=0 bound=1 softPx2=0 planned=(633,447,717,469) frame=499
2026.10.01-12.58.37 SHOT widget id=board.tag.hp impl=umg state=compact fighter=f-0-sk0 bbox=(689,449,713,467) geom=painted visible=1 twin=0 source=/Game/S08/UI/ArtHud/WBP_S08ArtTag mode=compact look=P1 shape=circle placement=above ring=0 order=0 bound=1 softPx2=0 planned=(633,447,717,469) frame=499 font=11
2026.10.01-12.58.37 SHOT widget id=board.tag.bar impl=umg state=compact fighter=f-0-sk0 bbox=(652,456,686,461) geom=painted visible=1 twin=0 source=/Game/S08/UI/ArtHud/WBP_S08ArtTag mode=compact look=P1 shape=circle placement=above ring=0 order=0 bound=1 softPx2=0 planned=(633,447,717,469) frame=499
2026.10.01-12.58.37 SHOT widget id=board.tag.chip impl=umg state=compact fighter=f-0-sk0 bbox=(637,452,649,464) geom=painted visible=1 twin=0 source=/Game/S08/UI/ArtHud/WBP_S08ArtTag mode=compact look=P1 shape=circle placement=above ring=0 order=0 bound=1 softPx2=0 planned=(633,447,717,469) frame=499
2026.10.01-12.58.37 SHOT widget id=board.tag impl=umg state=compact fighter=f-0-sk1 bbox=(396,458,480,480) geom=painted visible=1 twin=0 source=/Game/S08/UI/ArtHud/WBP_S08ArtTag mode=compact look=P1 shape=circle placement=above ring=0 order=1 bound=1 softPx2=0 planned=(396,458,480,480) frame=499
2026.10.01-12.58.37 SHOT widget id=board.tag.hp impl=umg state=compact fighter=f-0-sk1 bbox=(452,460,476,478) geom=painted visible=1 twin=0 source=/Game/S08/UI/ArtHud/WBP_S08ArtTag mode=compact look=P1 shape=circle placement=above ring=0 order=1 bound=1 softPx2=0 planned=(396,458,480,480) frame=499 font=11
2026.10.01-12.58.37 SHOT widget id=board.tag.bar impl=umg state=compact fighter=f-0-sk1 bbox=(415,467,449,472) geom=painted visible=1 twin=0 source=/Game/S08/UI/ArtHud/WBP_S08ArtTag mode=compact look=P1 shape=circle placement=above ring=0 order=1 bound=1 softPx2=0 planned=(396,458,480,480) frame=499
2026.10.01-12.58.37 SHOT widget id=board.tag.chip impl=umg state=compact fighter=f-0-sk1 bbox=(400,463,412,475) geom=painted visible=1 twin=0 source=/Game/S08/UI/ArtHud/WBP_S08ArtTag mode=compact look=P1 shape=circle placement=above ring=0 order=1 bound=1 softPx2=0 planned=(396,458,480,480) frame=499
2026.10.01-12.58.37 SHOT widget id=board.tag impl=umg state=compact fighter=f-0-sk2 bbox=(469,584,553,606) geom=painted visible=1 twin=0 source=/Game/S08/UI/ArtHud/WBP_S08ArtTag mode=compact look=P1 shape=circle placement=right ring=0 order=3 bound=1 softPx2=0 planned=(469,584,553,606) frame=499
2026.10.01-12.58.37 SHOT widget id=board.tag.hp impl=umg state=compact fighter=f-0-sk2 bbox=(525,586,549,604) geom=painted visible=1 twin=0 source=/Game/S08/UI/ArtHud/WBP_S08ArtTag mode=compact look=P1 shape=circle placement=right ring=0 order=3 bound=1 softPx2=0 planned=(469,584,553,606) frame=499 font=11
2026.10.01-12.58.37 SHOT widget id=board.tag.bar impl=umg state=compact fighter=f-0-sk2 bbox=(488,593,522,598) geom=painted visible=1 twin=0 source=/Game/S08/UI/ArtHud/WBP_S08ArtTag mode=compact look=P1 shape=circle placement=right ring=0 order=3 bound=1 softPx2=0 planned=(469,584,553,606) frame=499
2026.10.01-12.58.37 SHOT widget id=board.tag.chip impl=umg state=compact fighter=f-0-sk2 bbox=(473,589,485,601) geom=painted visible=1 twin=0 source=/Game/S08/UI/ArtHud/WBP_S08ArtTag mode=compact look=P1 shape=circle placement=right ring=0 order=3 bound=1 softPx2=0 planned=(469,584,553,606) frame=499
2026.10.01-12.58.37 SHOT widget id=board.tag impl=umg state=compact fighter=f-1-hero bbox=(1059,707,1152,729) geom=painted visible=1 twin=0 source=/Game/S08/UI/ArtHud/WBP_S08ArtTag mode=compact look=P2 shape=hex placement=above ring=0 order=5 bound=1 softPx2=0 planned=(1059,707,1152,729) frame=499
2026.10.01-12.58.37 SHOT widget id=board.tag.hp impl=umg state=compact fighter=f-1-hero bbox=(1115,709,1148,727) geom=painted visible=1 twin=0 source=/Game/S08/UI/ArtHud/WBP_S08ArtTag mode=compact look=P2 shape=hex placement=above ring=0 order=5 bound=1 softPx2=0 planned=(1059,707,1152,729) frame=499 font=11
2026.10.01-12.58.37 SHOT widget id=board.tag.bar impl=umg state=compact fighter=f-1-hero bbox=(1078,716,1112,721) geom=painted visible=1 twin=0 source=/Game/S08/UI/ArtHud/WBP_S08ArtTag mode=compact look=P2 shape=hex placement=above ring=0 order=5 bound=1 softPx2=0 planned=(1059,707,1152,729) frame=499
2026.10.01-12.58.37 SHOT widget id=board.tag.chip impl=umg state=compact fighter=f-1-hero bbox=(1063,712,1075,724) geom=painted visible=1 twin=0 source=/Game/S08/UI/ArtHud/WBP_S08ArtTag mode=compact look=P2 shape=hex placement=above ring=0 order=5 bound=1 softPx2=0 planned=(1059,707,1152,729) frame=499
2026.10.01-12.58.37 SHOT widget id=board.tag impl=umg state=compact fighter=f-1-sk0 bbox=(1130,510,1214,532) geom=painted visible=1 twin=0 source=/Game/S08/UI/ArtHud/WBP_S08ArtTag mode=compact look=P2 shape=hex placement=above ring=0 order=2 bound=1 softPx2=0 planned=(1130,510,1214,532) frame=499
2026.10.01-12.58.37 SHOT widget id=board.tag.hp impl=umg state=compact fighter=f-1-sk0 bbox=(1186,512,1210,530) geom=painted visible=1 twin=0 source=/Game/S08/UI/ArtHud/WBP_S08ArtTag mode=compact look=P2 shape=hex placement=above ring=0 order=2 bound=1 softPx2=0 planned=(1130,510,1214,532) frame=499 font=11
2026.10.01-12.58.37 SHOT widget id=board.tag.bar impl=umg state=compact fighter=f-1-sk0 bbox=(1149,519,1183,524) geom=painted visible=1 twin=0 source=/Game/S08/UI/ArtHud/WBP_S08ArtTag mode=compact look=P2 shape=hex placement=above ring=0 order=2 bound=1 softPx2=0 planned=(1130,510,1214,532) frame=499
2026.10.01-12.58.37 SHOT widget id=board.tag.chip impl=umg state=compact fighter=f-1-sk0 bbox=(1134,515,1146,527) geom=painted visible=1 twin=0 source=/Game/S08/UI/ArtHud/WBP_S08ArtTag mode=compact look=P2 shape=hex placement=above ring=0 order=2 bound=1 softPx2=0 planned=(1130,510,1214,532) frame=499
2026.10.01-12.58.37 SHOT panel id=hud.command bbox=(0,0,677,140) geom=painted visible=1 frame=499
2026.10.01-12.58.37 SHOT panel id=hud.side bbox=(1420,0,1920,121) geom=painted visible=1 frame=499
2026.10.01-12.58.37 SHOT panel id=hud.hand bbox=(669,985,1252,1080) geom=painted visible=1 frame=499
2026.10.01-12.58.37 SHOT late end file=s09-hud-after-first-maneuver.png frame=499
2026.10.01-12.58.37 SNAPSHOT applied seq=27 phase=ACTION_MANEUVER
2026.10.01-12.58.37 HANDLE_APPLIED #40 seq=27 decision=2 fightersValid=1 boardValid=1
2026.10.01-12.58.37 MODE seq=27 mode=0 combat=0 pending=0
2026.10.01-12.58.37 HUD seq=27 phase=ACTION_MANEUVER turn=opp hand=2 oppHand=3(hidden) oppDeck=23~ deck=23~ discard=5
2026.10.01-12.58.37 ARTPREVIEW fighter=Medusa hero=1 eligible=0 visual=1 mesh=SK_Medusa_H2LD
2026.10.01-12.58.37 FIGHTERS synced n=6 alive=6 own=2 enemy=4
2026.10.01-12.58.37 WS seq=27 phase=ACTION_MANEUVER (apply)
2026.10.01-12.58.37 SNAPSHOT applied seq=28 phase=ACTION_MANEUVER
2026.10.01-12.58.37 HANDLE_APPLIED #41 seq=28 decision=2 fightersValid=1 boardValid=1
2026.10.01-12.58.37 MODE seq=28 mode=0 combat=0 pending=0
2026.10.01-12.58.37 HUD seq=28 phase=ACTION_MANEUVER turn=you hand=2 oppHand=3(hidden) oppDeck=23~ deck=23~ discard=5
2026.10.01-12.58.37 ARTPREVIEW fighter=Medusa hero=1 eligible=0 visual=1 mesh=SK_Medusa_H2LD
2026.10.01-12.58.37 FIGHTERS synced n=6 alive=6 own=2 enemy=4
2026.10.01-12.58.37 WS seq=28 phase=ACTION_MANEUVER (apply)
2026.10.01-12.58.37 S09AUTO own turn #2 (turnCount=6)
2026.10.01-12.58.37 S09AUTO ranged target attacker=f-1-sk0 at=S25 target=f-0-hero at=S35 via=shared-zone (not linked) prefer=ranged
2026.10.01-12.58.37 S09AUTO attack (attacker=f-1-sk0 target-set card-set)
2026.10.01-12.58.37 ATTACK sent
2026.10.01-12.58.37 ARTPREVIEW combat marker fighter=Medusa attacker=0 target=1 icon=1 targetMesh=SM_Marker_TargetRing iconMode=screen targetArcScaleXY=0.920
2026.10.01-12.58.37 ARTPREVIEW combat marker fighter=Merlin attacker=1 target=0 icon=0 targetMesh=SM_Marker_TargetRing iconMode=screen targetArcScaleXY=0.718
2026.10.01-12.58.37 TAG fighter=f-0-hero bbox=(932,654,1034,676) mode=compact look=P1 placement=above ring=0 hardPx2=0 softPx2=0 order=0 bound=1
2026.10.01-12.58.37 TAG fighter=f-0-sk0 bbox=(633,447,717,469) mode=compact look=P1 placement=above ring=0 hardPx2=0 softPx2=0 order=1 bound=1
2026.10.01-12.58.37 TAG fighter=f-0-sk1 bbox=(396,458,480,480) mode=compact look=P1 placement=above ring=0 hardPx2=0 softPx2=0 order=2 bound=1
2026.10.01-12.58.37 TAG fighter=f-0-sk2 bbox=(469,584,553,606) mode=compact look=P1 placement=right ring=0 hardPx2=0 softPx2=0 order=4 bound=1
2026.10.01-12.58.37 TAG fighter=f-1-hero bbox=(1150,731,1243,753) mode=compact look=P2 placement=right ring=0 hardPx2=0 softPx2=0 order=5 bound=1
2026.10.01-12.58.37 TAG fighter=f-1-sk0 bbox=(1130,510,1214,532) mode=compact look=P2 placement=above ring=0 hardPx2=0 softPx2=0 order=3 bound=1
2026.10.01-12.58.37 ICON fighter=f-0-hero bbox=(1026,700,1058,732) size=32 src=combat anchor=right fallback=0 overlapPx2=0 texture=/Game/ArtTests/ARTMarkers/Textures/T_UI_Action_AttackToken_32
2026.10.01-12.58.37 TAG fighter=f-0-hero bbox=(932,654,1034,676) mode=compact look=P1 placement=above ring=0 hardPx2=0 softPx2=0 order=0 bound=1
2026.10.01-12.58.37 TAG fighter=f-0-sk0 bbox=(633,447,717,469) mode=compact look=P1 placement=above ring=0 hardPx2=0 softPx2=0 order=1 bound=1
2026.10.01-12.58.37 TAG fighter=f-0-sk1 bbox=(396,458,480,480) mode=compact look=P1 placement=above ring=0 hardPx2=0 softPx2=0 order=2 bound=1
2026.10.01-12.58.37 TAG fighter=f-0-sk2 bbox=(469,584,553,606) mode=compact look=P1 placement=right ring=0 hardPx2=0 softPx2=0 order=4 bound=1
2026.10.01-12.58.37 TAG fighter=f-1-hero bbox=(1150,731,1243,753) mode=compact look=P2 placement=right ring=0 hardPx2=0 softPx2=0 order=5 bound=1
2026.10.01-12.58.37 TAG fighter=f-1-sk0 bbox=(1130,510,1214,532) mode=compact look=P2 placement=above ring=0 hardPx2=0 softPx2=0 order=3 bound=1
2026.10.01-12.58.37 ICON fighter=f-0-hero bbox=(1026,700,1058,732) size=32 src=combat anchor=right fallback=0 overlapPx2=0 texture=/Game/ArtTests/ARTMarkers/Textures/T_UI_Action_AttackToken_32
2026.10.01-12.58.37 SNAPSHOT applied seq=29 phase=COMBAT
2026.10.01-12.58.37 HANDLE_APPLIED #42 seq=29 decision=2 fightersValid=1 boardValid=1
2026.10.01-12.58.37 closed mode=
2026.10.01-12.58.37 MODE seq=29 mode=0 combat=1 pending=0
2026.10.01-12.58.37 HUD seq=29 phase=COMBAT turn=you hand=1 oppHand=3(hidden) oppDeck=21 deck=23 discard=6
2026.10.01-12.58.37 ARTPREVIEW fighter=Medusa hero=1 eligible=0 visual=1 mesh=SK_Medusa_H2LD
2026.10.01-12.58.37 FIGHTERS synced n=6 alive=6 own=2 enemy=4
2026.10.01-12.58.37 ATTACK done seq=29 (apply) phase=COMBAT
2026.10.01-12.58.37 SNAPSHOT applied seq=29 phase=COMBAT
2026.10.01-12.58.37 HANDLE_APPLIED #43 seq=29 decision=1 fightersValid=1 boardValid=1
2026.10.01-12.58.37 MODE seq=29 mode=0 combat=1 pending=0
2026.10.01-12.58.37 HUD seq=29 phase=COMBAT turn=you hand=1 oppHand=3(hidden) oppDeck=21 deck=23 discard=6
2026.10.01-12.58.37 ARTPREVIEW fighter=Medusa hero=1 eligible=0 visual=1 mesh=SK_Medusa_H2LD
2026.10.01-12.58.37 FIGHTERS synced n=6 alive=6 own=2 enemy=4
2026.10.01-12.58.37 WS seq=29 phase=COMBAT (merge)
2026.10.01-12.58.37 TAG fighter=f-0-hero bbox=(932,654,1034,676) mode=compact look=P1 placement=above ring=0 hardPx2=0 softPx2=0 order=0 bound=1
2026.10.01-12.58.37 TAG fighter=f-0-sk0 bbox=(633,447,717,469) mode=compact look=P1 placement=above ring=0 hardPx2=0 softPx2=0 order=1 bound=1
2026.10.01-12.58.37 TAG fighter=f-0-sk1 bbox=(396,458,480,480) mode=compact look=P1 placement=above ring=0 hardPx2=0 softPx2=0 order=2 bound=1
2026.10.01-12.58.37 TAG fighter=f-0-sk2 bbox=(469,584,553,606) mode=compact look=P1 placement=right ring=0 hardPx2=0 softPx2=0 order=4 bound=1
2026.10.01-12.58.37 TAG fighter=f-1-hero bbox=(1150,731,1243,753) mode=compact look=P2 placement=right ring=0 hardPx2=0 softPx2=0 order=5 bound=1
2026.10.01-12.58.37 TAG fighter=f-1-sk0 bbox=(1130,510,1214,532) mode=compact look=P2 placement=above ring=0 hardPx2=0 softPx2=0 order=3 bound=1
2026.10.01-12.58.37 ICON fighter=f-0-hero bbox=(1026,700,1058,732) size=32 src=combat anchor=right fallback=0 overlapPx2=0 texture=/Game/ArtTests/ARTMarkers/Textures/T_UI_Action_AttackToken_32
2026.10.01-12.58.38 SNAPSHOT applied seq=30 phase=ACTION_MANEUVER
2026.10.01-12.58.38 HANDLE_APPLIED #44 seq=30 decision=2 fightersValid=1 boardValid=1
2026.10.01-12.58.38 ARTPREVIEW anim fighter=f-1-sk0 clip=LungeAttack len=0.583 event=attack loop=0 phase=0.0000 seq=30 asset=AM_Merlin_LungeAttack
2026.10.01-12.58.38 COMBAT-RESULT seq=30 damage=1 role=attacked
2026.10.01-12.58.38 ARTPREVIEW combat marker fighter=Medusa attacker=0 target=0 icon=0 targetMesh=SM_Marker_TargetRing iconMode=screen targetArcScaleXY=0.920
2026.10.01-12.58.38 ARTPREVIEW combat marker fighter=Merlin attacker=0 target=0 icon=0 targetMesh=SM_Marker_TargetRing iconMode=screen targetArcScaleXY=0.718
2026.10.01-12.58.38 MODE seq=30 mode=0 combat=0 pending=0
2026.10.01-12.58.38 HUD seq=30 phase=ACTION_MANEUVER turn=you hand=3 oppHand=3(hidden) oppDeck=21~ deck=23~ discard=6
2026.10.01-12.58.38 ARTPREVIEW fighter=Medusa hero=1 eligible=0 visual=1 mesh=SK_Medusa_H2LD
2026.10.01-12.58.38 FIGHTERS synced n=6 alive=6 own=2 enemy=4
2026.10.01-12.58.38 ARTPREVIEW damage-number fighter=f-0-hero amount=1 seq=30 cell=(4,4)
2026.10.01-12.58.38 ARTPREVIEW anim fighter=f-0-hero clip=HitReact len=0.417 event=damaged loop=0 phase=0.0000 seq=30 asset=AM_Medusa_HitReact
2026.10.01-12.58.38 CUE damage f-0-hero -1 seq=30
2026.10.01-12.58.38 WS seq=30 phase=ACTION_MANEUVER (apply)
2026.10.01-12.58.38 S09AUTO ranged target attacker=f-1-sk0 at=S25 target=f-0-hero at=S35 via=shared-zone (not linked) prefer=ranged
2026.10.01-12.58.38 TAG fighter=f-0-hero bbox=(932,654,1034,676) mode=compact look=P1 placement=above ring=0 hardPx2=0 softPx2=0 order=0 bound=1
2026.10.01-12.58.38 TAG fighter=f-0-sk0 bbox=(633,447,717,469) mode=compact look=P1 placement=above ring=0 hardPx2=0 softPx2=0 order=1 bound=1
2026.10.01-12.58.38 TAG fighter=f-0-sk1 bbox=(396,458,480,480) mode=compact look=P1 placement=above ring=0 hardPx2=0 softPx2=0 order=2 bound=1
2026.10.01-12.58.38 TAG fighter=f-0-sk2 bbox=(469,584,553,606) mode=compact look=P1 placement=right ring=0 hardPx2=0 softPx2=0 order=4 bound=1
2026.10.01-12.58.38 TAG fighter=f-1-hero bbox=(1059,707,1152,729) mode=compact look=P2 placement=above ring=0 hardPx2=0 softPx2=0 order=5 bound=1
2026.10.01-12.58.38 TAG fighter=f-1-sk0 bbox=(1130,510,1214,532) mode=compact look=P2 placement=above ring=0 hardPx2=0 softPx2=0 order=3 bound=1
2026.10.01-12.58.38 HUD icon hidden fighter=f-0-hero
2026.10.01-12.58.38 DAMAGE fighter=f-0-hero bbox=(1036,651,1076,679) amount=1 seq=30 placement=right ring=0 hardPx2=0 softPx2=0
2026.10.01-12.58.38 SNAPSHOT applied seq=31 phase=ACTION_MANEUVER
2026.10.01-12.58.38 HANDLE_APPLIED #45 seq=31 decision=2 fightersValid=1 boardValid=1
2026.10.01-12.58.38 MANEUVER-DRAFT mode=maneuver:6:30
2026.10.01-12.58.38 DRAFT-OPEN draw committed (resume instead of begin)
2026.10.01-12.58.38 MODE seq=31 mode=1 combat=0 pending=0
2026.10.01-12.58.38 HUD seq=31 phase=ACTION_MANEUVER turn=you hand=4 oppHand=3(hidden) oppDeck=21 deck=20 discard=6
2026.10.01-12.58.38 ARTPREVIEW fighter=Medusa hero=1 eligible=0 visual=1 mesh=SK_Medusa_H2LD
2026.10.01-12.58.38 FIGHTERS synced n=6 alive=6 own=2 enemy=4
2026.10.01-12.58.38 MANEUVER begin seq=31 (apply) pending=maneuver:6:30
2026.10.01-12.58.38 SNAPSHOT applied seq=31 phase=ACTION_MANEUVER
2026.10.01-12.58.38 HANDLE_APPLIED #46 seq=31 decision=1 fightersValid=1 boardValid=1
2026.10.01-12.58.38 MODE seq=31 mode=1 combat=0 pending=0
2026.10.01-12.58.38 HUD seq=31 phase=ACTION_MANEUVER turn=you hand=4 oppHand=3(hidden) oppDeck=21 deck=20 discard=6
2026.10.01-12.58.38 ARTPREVIEW fighter=Medusa hero=1 eligible=0 visual=1 mesh=SK_Medusa_H2LD
2026.10.01-12.58.38 FIGHTERS synced n=6 alive=6 own=2 enemy=4
2026.10.01-12.58.38 WS seq=31 phase=ACTION_MANEUVER (merge)
2026.10.01-12.58.38 S09AUTO drive mode=1 plan=[attack+ranged+defend+resolve] phase=ACTION_MANEUVER turn=cmuhntiwu0001wib0z281rpa8
2026.10.01-12.58.38 S09AUTO approach: no improving legal step
2026.10.01-12.58.38 MANEUVER-CONFIRM moves=0 boost=none
2026.10.01-12.58.38 HUD plate content fighter=f-1-hero name=King Arthur hp=6/18 team=own statuses=HERO  |  MELEE teamSlot=P2 look=P2 shape=hexagon chip=#5786A8
2026.10.01-12.58.38 PLATE fighter=f-1-hero bbox=(1013,848,1185,902) overlapReachable=0 placement=below ring=0 gap=6 selection=f-1-hero destinations=3 clean=1 softPx2=0 tested=114 bound=1
2026.10.01-12.58.38 TAG fighter=f-0-hero bbox=(932,654,1034,676) mode=compact look=P1 placement=above ring=0 hardPx2=0 softPx2=0 order=0 bound=1
2026.10.01-12.58.38 TAG fighter=f-0-sk0 bbox=(633,447,717,469) mode=compact look=P1 placement=above ring=0 hardPx2=0 softPx2=0 order=1 bound=1
2026.10.01-12.58.38 TAG fighter=f-0-sk1 bbox=(396,458,480,480) mode=compact look=P1 placement=above ring=0 hardPx2=0 softPx2=0 order=2 bound=1
2026.10.01-12.58.38 TAG fighter=f-0-sk2 bbox=(469,584,553,606) mode=compact look=P1 placement=right ring=0 hardPx2=0 softPx2=0 order=4 bound=1
2026.10.01-12.58.38 TAG fighter=f-1-sk0 bbox=(1130,510,1214,532) mode=compact look=P2 placement=above ring=0 hardPx2=0 softPx2=0 order=3 bound=1
2026.10.01-12.58.38 TAG fighter=f-0-hero bbox=(932,654,1034,676) mode=compact look=P1 placement=above ring=0 hardPx2=0 softPx2=0 order=0 bound=1
2026.10.01-12.58.38 TAG fighter=f-0-sk0 bbox=(633,447,717,469) mode=compact look=P1 placement=above ring=0 hardPx2=0 softPx2=0 order=1 bound=1
2026.10.01-12.58.38 TAG fighter=f-0-sk1 bbox=(396,458,480,480) mode=compact look=P1 placement=above ring=0 hardPx2=0 softPx2=0 order=2 bound=1
2026.10.01-12.58.38 TAG fighter=f-0-sk2 bbox=(469,584,553,606) mode=compact look=P1 placement=right ring=0 hardPx2=0 softPx2=0 order=4 bound=1
2026.10.01-12.58.38 TAG fighter=f-1-sk0 bbox=(1130,510,1214,532) mode=compact look=P2 placement=above ring=0 hardPx2=0 softPx2=0 order=3 bound=1
2026.10.01-12.58.38 SNAPSHOT applied seq=32 phase=ACTION_MANEUVER
2026.10.01-12.58.38 HANDLE_APPLIED #47 seq=32 decision=2 fightersValid=1 boardValid=1
2026.10.01-12.58.38 closed mode=
2026.10.01-12.58.38 MODE seq=32 mode=0 combat=0 pending=1
2026.10.01-12.58.38 HUD seq=32 phase=ACTION_MANEUVER turn=opp hand=4 oppHand=3(hidden) oppDeck=21 deck=20 discard=6
2026.10.01-12.58.38 ARTPREVIEW fighter=Medusa hero=1 eligible=0 visual=1 mesh=SK_Medusa_H2LD
2026.10.01-12.58.38 FIGHTERS synced n=6 alive=6 own=2 enemy=4
2026.10.01-12.58.38 MANEUVER done seq=32 (apply) fighters=6 boost=no
2026.10.01-12.58.38 SNAPSHOT applied seq=32 phase=ACTION_MANEUVER
2026.10.01-12.58.38 HANDLE_APPLIED #48 seq=32 decision=1 fightersValid=1 boardValid=1
2026.10.01-12.58.38 MODE seq=32 mode=0 combat=0 pending=1
2026.10.01-12.58.38 HUD seq=32 phase=ACTION_MANEUVER turn=opp hand=4 oppHand=3(hidden) oppDeck=21 deck=20 discard=6
2026.10.01-12.58.38 ARTPREVIEW fighter=Medusa hero=1 eligible=0 visual=1 mesh=SK_Medusa_H2LD
2026.10.01-12.58.38 FIGHTERS synced n=6 alive=6 own=2 enemy=4
2026.10.01-12.58.38 WS seq=32 phase=ACTION_MANEUVER (merge)
2026.10.01-12.58.38 SNAPSHOT applied seq=33 phase=ACTION_MANEUVER
2026.10.01-12.58.38 HANDLE_APPLIED #49 seq=33 decision=2 fightersValid=1 boardValid=1
2026.10.01-12.58.38 MODE seq=33 mode=0 combat=0 pending=0
2026.10.01-12.58.38 HUD seq=33 phase=ACTION_MANEUVER turn=opp hand=4 oppHand=3(hidden) oppDeck=21~ deck=20~ discard=6
2026.10.01-12.58.38 ARTPREVIEW fighter=Medusa hero=1 eligible=0 visual=1 mesh=SK_Medusa_H2LD
2026.10.01-12.58.38 FIGHTERS synced n=6 alive=6 own=2 enemy=4
2026.10.01-12.58.38 ARTPREVIEW damage-number fighter=f-1-hero amount=1 seq=33 cell=(5,5)
2026.10.01-12.58.38 ARTPREVIEW anim fighter=f-1-hero clip=HitReact len=0.417 event=damaged loop=0 phase=0.0000 seq=33 asset=AM_KingArthur_HitReact
2026.10.01-12.58.38 CUE damage f-1-hero -1 seq=33
2026.10.01-12.58.38 WS seq=33 phase=ACTION_MANEUVER (apply)
2026.10.01-12.58.38 PLATE hidden fighter=f-1-hero
2026.10.01-12.58.38 TAG fighter=f-0-hero bbox=(932,654,1034,676) mode=compact look=P1 placement=above ring=0 hardPx2=0 softPx2=0 order=5 bound=1
2026.10.01-12.58.38 TAG fighter=f-0-sk0 bbox=(633,447,717,469) mode=compact look=P1 placement=above ring=0 hardPx2=0 softPx2=0 order=1 bound=1
2026.10.01-12.58.38 TAG fighter=f-0-sk1 bbox=(396,458,480,480) mode=compact look=P1 placement=above ring=0 hardPx2=0 softPx2=0 order=2 bound=1
2026.10.01-12.58.38 TAG fighter=f-0-sk2 bbox=(469,584,553,606) mode=compact look=P1 placement=right ring=0 hardPx2=0 softPx2=0 order=4 bound=1
2026.10.01-12.58.38 TAG fighter=f-1-hero bbox=(1059,707,1152,729) mode=compact look=P2 placement=above ring=0 hardPx2=0 softPx2=0 order=0 bound=1
2026.10.01-12.58.38 TAG fighter=f-1-sk0 bbox=(1130,510,1214,532) mode=compact look=P2 placement=above ring=0 hardPx2=0 softPx2=0 order=3 bound=1
2026.10.01-12.58.38 DAMAGE fighter=f-1-hero bbox=(1154,704,1194,732) amount=1 seq=33 placement=right ring=0 hardPx2=0 softPx2=0
2026.10.01-12.58.38 ARTPREVIEW anim fighter=f-0-hero clip=Idle len=2.333 event=clipFinished loop=1 phase=0.8071 seq=-1 asset=AM_Medusa_Idle
2026.10.01-12.58.38 TAG fighter=f-0-hero bbox=(932,654,1034,676) mode=compact look=P1 placement=above ring=0 hardPx2=0 softPx2=0 order=5 bound=1
2026.10.01-12.58.38 TAG fighter=f-0-sk0 bbox=(633,447,717,469) mode=compact look=P1 placement=above ring=0 hardPx2=0 softPx2=0 order=1 bound=1
2026.10.01-12.58.38 TAG fighter=f-0-sk1 bbox=(396,458,480,480) mode=compact look=P1 placement=above ring=0 hardPx2=0 softPx2=0 order=2 bound=1
2026.10.01-12.58.38 TAG fighter=f-0-sk2 bbox=(469,584,553,606) mode=compact look=P1 placement=right ring=0 hardPx2=0 softPx2=0 order=4 bound=1
2026.10.01-12.58.38 TAG fighter=f-1-hero bbox=(1059,707,1152,729) mode=compact look=P2 placement=above ring=0 hardPx2=0 softPx2=0 order=0 bound=1
2026.10.01-12.58.38 TAG fighter=f-1-sk0 bbox=(1130,510,1214,532) mode=compact look=P2 placement=above ring=0 hardPx2=0 softPx2=0 order=3 bound=1
2026.10.01-12.58.38 ARTPREVIEW anim fighter=f-1-sk0 clip=Idle len=3.000 event=clipFinished loop=1 phase=0.8028 seq=-1 asset=AM_Merlin_Idle
2026.10.01-12.58.39 SNAPSHOT applied seq=34 phase=ACTION_MANEUVER
2026.10.01-12.58.39 HANDLE_APPLIED #50 seq=34 decision=2 fightersValid=1 boardValid=1
2026.10.01-12.58.39 MODE seq=34 mode=0 combat=0 pending=0
2026.10.01-12.58.39 HUD seq=34 phase=ACTION_MANEUVER turn=opp hand=4 oppHand=4(hidden) oppDeck=21~ deck=20~ discard=6
2026.10.01-12.58.39 ARTPREVIEW fighter=Medusa hero=1 eligible=0 visual=1 mesh=SK_Medusa_H2LD
2026.10.01-12.58.39 FIGHTERS synced n=6 alive=6 own=2 enemy=4
2026.10.01-12.58.39 WS seq=34 phase=ACTION_MANEUVER (apply)
2026.10.01-12.58.39 ARTPREVIEW anim fighter=f-1-hero clip=Idle len=2.500 event=clipFinished loop=1 phase=0.3470 seq=-1 asset=AM_KingArthur_Idle
2026.10.01-12.58.39 SNAPSHOT applied seq=35 phase=ACTION_MANEUVER
2026.10.01-12.58.39 HANDLE_APPLIED #51 seq=35 decision=2 fightersValid=1 boardValid=1
2026.10.01-12.58.39 MODE seq=35 mode=0 combat=0 pending=0
2026.10.01-12.58.39 HUD seq=35 phase=ACTION_MANEUVER turn=opp hand=4 oppHand=4(hidden) oppDeck=21~ deck=20~ discard=6
2026.10.01-12.58.39 ARTPREVIEW fighter=Medusa hero=1 eligible=0 visual=1 mesh=SK_Medusa_H2LD
2026.10.01-12.58.39 FIGHTERS synced n=6 alive=6 own=2 enemy=4
2026.10.01-12.58.39 WS seq=35 phase=ACTION_MANEUVER (apply)
2026.10.01-12.58.39 PERF window t=40.7-45.8 frames=39 fps=6.31 frameMs avg=158.51 p50=109.87 p95=887.60 p99=1013.14 max=1013.14 hitches50=31 gpuMs avg=2.99 p50=2.93 p95=3.53 gameMs avg=28.10 p95=354.89 renderMs avg=108.48 p95=221.31
2026.10.01-12.58.39 TAG fighter=f-0-hero bbox=(932,654,1034,676) mode=compact look=P1 placement=above ring=0 hardPx2=0 softPx2=0 order=4 bound=1
2026.10.01-12.58.39 TAG fighter=f-0-sk0 bbox=(633,447,717,469) mode=compact look=P1 placement=above ring=0 hardPx2=0 softPx2=0 order=0 bound=1
2026.10.01-12.58.39 TAG fighter=f-0-sk1 bbox=(396,458,480,480) mode=compact look=P1 placement=above ring=0 hardPx2=0 softPx2=0 order=1 bound=1
2026.10.01-12.58.39 TAG fighter=f-0-sk2 bbox=(469,584,553,606) mode=compact look=P1 placement=right ring=0 hardPx2=0 softPx2=0 order=3 bound=1
2026.10.01-12.58.39 TAG fighter=f-1-hero bbox=(1059,707,1152,729) mode=compact look=P2 placement=above ring=0 hardPx2=0 softPx2=0 order=5 bound=1
2026.10.01-12.58.39 TAG fighter=f-1-sk0 bbox=(1130,510,1214,532) mode=compact look=P2 placement=above ring=0 hardPx2=0 softPx2=0 order=2 bound=1
2026.10.01-12.58.39 game -> room=cmupjgel1008bwi7ka3fcxt4t code=<redacted> status=IN_PROGRESS
2026.10.01-12.58.40 S09AUTO drive mode=0 plan=[attack+ranged+defend+resolve] phase=ACTION_MANEUVER turn=cmuhntivg0000wib0anhqyswc
2026.10.01-12.58.40 SNAPSHOT applied seq=36 phase=ACTION_MANEUVER
2026.10.01-12.58.40 HANDLE_APPLIED #52 seq=36 decision=2 fightersValid=1 boardValid=1
2026.10.01-12.58.40 MODE seq=36 mode=0 combat=0 pending=0
2026.10.01-12.58.40 HUD seq=36 phase=ACTION_MANEUVER turn=opp hand=4 oppHand=5(hidden) oppDeck=21~ deck=20~ discard=6
2026.10.01-12.58.40 ARTPREVIEW fighter=Medusa hero=1 eligible=0 visual=1 mesh=SK_Medusa_H2LD
2026.10.01-12.58.40 FIGHTERS synced n=6 alive=6 own=2 enemy=4
2026.10.01-12.58.40 WS seq=36 phase=ACTION_MANEUVER (apply)
2026.10.01-12.58.41 SNAPSHOT applied seq=37 phase=ACTION_MANEUVER
2026.10.01-12.58.41 HANDLE_APPLIED #53 seq=37 decision=2 fightersValid=1 boardValid=1
2026.10.01-12.58.41 MODE seq=37 mode=0 combat=0 pending=0
2026.10.01-12.58.41 HUD seq=37 phase=ACTION_MANEUVER turn=you hand=4 oppHand=5(hidden) oppDeck=21~ deck=20~ discard=6
2026.10.01-12.58.41 ARTPREVIEW fighter=Medusa hero=1 eligible=0 visual=1 mesh=SK_Medusa_H2LD
2026.10.01-12.58.41 FIGHTERS synced n=6 alive=6 own=2 enemy=4
2026.10.01-12.58.41 WS seq=37 phase=ACTION_MANEUVER (apply)
2026.10.01-12.58.41 S09AUTO own turn #3 (turnCount=8)
2026.10.01-12.58.41 S09AUTO ranged target attacker=f-1-sk0 at=S25 target=f-0-hero at=S35 via=shared-zone (not linked) prefer=ranged
2026.10.01-12.58.41 TAG fighter=f-0-hero bbox=(932,654,1034,676) mode=compact look=P1 placement=above ring=0 hardPx2=0 softPx2=0 order=4 bound=1
2026.10.01-12.58.41 TAG fighter=f-0-sk0 bbox=(633,447,717,469) mode=compact look=P1 placement=above ring=0 hardPx2=0 softPx2=0 order=0 bound=1
2026.10.01-12.58.41 TAG fighter=f-0-sk1 bbox=(396,458,480,480) mode=compact look=P1 placement=above ring=0 hardPx2=0 softPx2=0 order=1 bound=1
2026.10.01-12.58.41 TAG fighter=f-0-sk2 bbox=(469,584,553,606) mode=compact look=P1 placement=right ring=0 hardPx2=0 softPx2=0 order=3 bound=1
2026.10.01-12.58.41 TAG fighter=f-1-hero bbox=(1059,707,1152,729) mode=compact look=P2 placement=above ring=0 hardPx2=0 softPx2=0 order=5 bound=1
2026.10.01-12.58.41 TAG fighter=f-1-sk0 bbox=(1130,510,1214,532) mode=compact look=P2 placement=above ring=0 hardPx2=0 softPx2=0 order=2 bound=1
2026.10.01-12.58.41 SNAPSHOT applied seq=38 phase=ACTION_MANEUVER
2026.10.01-12.58.41 HANDLE_APPLIED #54 seq=38 decision=2 fightersValid=1 boardValid=1
2026.10.01-12.58.41 MANEUVER-DRAFT mode=maneuver:8:37
2026.10.01-12.58.41 DRAFT-OPEN draw committed (resume instead of begin)
2026.10.01-12.58.41 MODE seq=38 mode=1 combat=0 pending=0
2026.10.01-12.58.41 HUD seq=38 phase=ACTION_MANEUVER turn=you hand=5 oppHand=5(hidden) oppDeck=19 deck=19 discard=6
2026.10.01-12.58.41 ARTPREVIEW fighter=Medusa hero=1 eligible=0 visual=1 mesh=SK_Medusa_H2LD
2026.10.01-12.58.41 FIGHTERS synced n=6 alive=6 own=2 enemy=4
2026.10.01-12.58.41 MANEUVER begin seq=38 (apply) pending=maneuver:8:37
2026.10.01-12.58.41 SNAPSHOT applied seq=38 phase=ACTION_MANEUVER
2026.10.01-12.58.41 HANDLE_APPLIED #55 seq=38 decision=1 fightersValid=1 boardValid=1
2026.10.01-12.58.41 MODE seq=38 mode=1 combat=0 pending=0
2026.10.01-12.58.41 HUD seq=38 phase=ACTION_MANEUVER turn=you hand=5 oppHand=5(hidden) oppDeck=19 deck=19 discard=6
2026.10.01-12.58.41 ARTPREVIEW fighter=Medusa hero=1 eligible=0 visual=1 mesh=SK_Medusa_H2LD
2026.10.01-12.58.41 FIGHTERS synced n=6 alive=6 own=2 enemy=4
2026.10.01-12.58.41 WS seq=38 phase=ACTION_MANEUVER (merge)
2026.10.01-12.58.41 S09AUTO drive mode=1 plan=[attack+ranged+defend+resolve] phase=ACTION_MANEUVER turn=cmuhntiwu0001wib0z281rpa8
2026.10.01-12.58.41 S09AUTO approach: no improving legal step
2026.10.01-12.58.41 MANEUVER-CONFIRM moves=0 boost=none
2026.10.01-12.58.41 HUD plate content fighter=f-1-hero name=King Arthur hp=5/18 team=own statuses=HERO  |  MELEE teamSlot=P2 look=P2 shape=hexagon chip=#5786A8
2026.10.01-12.58.41 PLATE fighter=f-1-hero bbox=(1013,848,1185,902) overlapReachable=0 placement=below ring=0 gap=6 selection=f-1-hero destinations=3 clean=1 softPx2=0 tested=114 bound=1
2026.10.01-12.58.41 TAG fighter=f-0-hero bbox=(932,654,1034,676) mode=compact look=P1 placement=above ring=0 hardPx2=0 softPx2=0 order=4 bound=1
2026.10.01-12.58.41 TAG fighter=f-0-sk0 bbox=(633,447,717,469) mode=compact look=P1 placement=above ring=0 hardPx2=0 softPx2=0 order=0 bound=1
2026.10.01-12.58.41 TAG fighter=f-0-sk1 bbox=(396,458,480,480) mode=compact look=P1 placement=above ring=0 hardPx2=0 softPx2=0 order=1 bound=1
2026.10.01-12.58.41 TAG fighter=f-0-sk2 bbox=(469,584,553,606) mode=compact look=P1 placement=right ring=0 hardPx2=0 softPx2=0 order=3 bound=1
2026.10.01-12.58.41 TAG fighter=f-1-sk0 bbox=(1130,510,1214,532) mode=compact look=P2 placement=above ring=0 hardPx2=0 softPx2=0 order=2 bound=1
2026.10.01-12.58.41 TAG fighter=f-0-hero bbox=(932,654,1034,676) mode=compact look=P1 placement=above ring=0 hardPx2=0 softPx2=0 order=4 bound=1
2026.10.01-12.58.41 TAG fighter=f-0-sk0 bbox=(633,447,717,469) mode=compact look=P1 placement=above ring=0 hardPx2=0 softPx2=0 order=0 bound=1
2026.10.01-12.58.41 TAG fighter=f-0-sk1 bbox=(396,458,480,480) mode=compact look=P1 placement=above ring=0 hardPx2=0 softPx2=0 order=1 bound=1
2026.10.01-12.58.41 TAG fighter=f-0-sk2 bbox=(469,584,553,606) mode=compact look=P1 placement=right ring=0 hardPx2=0 softPx2=0 order=3 bound=1
2026.10.01-12.58.41 TAG fighter=f-1-sk0 bbox=(1130,510,1214,532) mode=compact look=P2 placement=above ring=0 hardPx2=0 softPx2=0 order=2 bound=1
2026.10.01-12.58.41 SNAPSHOT applied seq=39 phase=ACTION_MANEUVER
2026.10.01-12.58.41 HANDLE_APPLIED #56 seq=39 decision=2 fightersValid=1 boardValid=1
2026.10.01-12.58.41 closed mode=
2026.10.01-12.58.41 MODE seq=39 mode=0 combat=0 pending=0
2026.10.01-12.58.41 HUD seq=39 phase=ACTION_MANEUVER turn=you hand=5 oppHand=5(hidden) oppDeck=19 deck=19 discard=6
2026.10.01-12.58.41 ARTPREVIEW fighter=Medusa hero=1 eligible=0 visual=1 mesh=SK_Medusa_H2LD
2026.10.01-12.58.41 FIGHTERS synced n=6 alive=6 own=2 enemy=4
2026.10.01-12.58.41 MANEUVER done seq=39 (apply) fighters=6 boost=no
2026.10.01-12.58.41 SNAPSHOT applied seq=39 phase=ACTION_MANEUVER
2026.10.01-12.58.41 HANDLE_APPLIED #57 seq=39 decision=1 fightersValid=1 boardValid=1
2026.10.01-12.58.41 MODE seq=39 mode=0 combat=0 pending=0
2026.10.01-12.58.41 HUD seq=39 phase=ACTION_MANEUVER turn=you hand=5 oppHand=5(hidden) oppDeck=19 deck=19 discard=6
2026.10.01-12.58.41 ARTPREVIEW fighter=Medusa hero=1 eligible=0 visual=1 mesh=SK_Medusa_H2LD
2026.10.01-12.58.41 FIGHTERS synced n=6 alive=6 own=2 enemy=4
2026.10.01-12.58.41 WS seq=39 phase=ACTION_MANEUVER (merge)
2026.10.01-12.58.41 PLATE hidden fighter=f-1-hero
2026.10.01-12.58.41 TAG fighter=f-0-hero bbox=(932,654,1034,676) mode=compact look=P1 placement=above ring=0 hardPx2=0 softPx2=0 order=4 bound=1
2026.10.01-12.58.41 TAG fighter=f-0-sk0 bbox=(633,447,717,469) mode=compact look=P1 placement=above ring=0 hardPx2=0 softPx2=0 order=0 bound=1
2026.10.01-12.58.41 TAG fighter=f-0-sk1 bbox=(396,458,480,480) mode=compact look=P1 placement=above ring=0 hardPx2=0 softPx2=0 order=1 bound=1
2026.10.01-12.58.41 TAG fighter=f-0-sk2 bbox=(469,584,553,606) mode=compact look=P1 placement=right ring=0 hardPx2=0 softPx2=0 order=3 bound=1
2026.10.01-12.58.41 TAG fighter=f-1-hero bbox=(1059,707,1152,729) mode=compact look=P2 placement=above ring=0 hardPx2=0 softPx2=0 order=5 bound=1
2026.10.01-12.58.41 TAG fighter=f-1-sk0 bbox=(1130,510,1214,532) mode=compact look=P2 placement=above ring=0 hardPx2=0 softPx2=0 order=2 bound=1
2026.10.01-12.58.41 TAG fighter=f-0-hero bbox=(932,654,1034,676) mode=compact look=P1 placement=above ring=0 hardPx2=0 softPx2=0 order=4 bound=1
2026.10.01-12.58.41 TAG fighter=f-0-sk0 bbox=(633,447,717,469) mode=compact look=P1 placement=above ring=0 hardPx2=0 softPx2=0 order=0 bound=1
2026.10.01-12.58.41 TAG fighter=f-0-sk1 bbox=(396,458,480,480) mode=compact look=P1 placement=above ring=0 hardPx2=0 softPx2=0 order=1 bound=1
2026.10.01-12.58.41 TAG fighter=f-0-sk2 bbox=(469,584,553,606) mode=compact look=P1 placement=right ring=0 hardPx2=0 softPx2=0 order=3 bound=1
2026.10.01-12.58.41 TAG fighter=f-1-hero bbox=(1059,707,1152,729) mode=compact look=P2 placement=above ring=0 hardPx2=0 softPx2=0 order=5 bound=1
2026.10.01-12.58.41 TAG fighter=f-1-sk0 bbox=(1130,510,1214,532) mode=compact look=P2 placement=above ring=0 hardPx2=0 softPx2=0 order=2 bound=1
2026.10.01-12.58.42 S09AUTO drive mode=0 plan=[attack+ranged+defend+resolve] phase=ACTION_MANEUVER turn=cmuhntiwu0001wib0z281rpa8
2026.10.01-12.58.42 S09AUTO ranged target attacker=f-1-sk0 at=S25 target=f-0-hero at=S35 via=shared-zone (not linked) prefer=ranged
2026.10.01-12.58.42 SNAPSHOT applied seq=40 phase=ACTION_MANEUVER
2026.10.01-12.58.42 HANDLE_APPLIED #58 seq=40 decision=2 fightersValid=1 boardValid=1
2026.10.01-12.58.42 MANEUVER-DRAFT mode=maneuver:8:39
2026.10.01-12.58.42 DRAFT-OPEN draw committed (resume instead of begin)
2026.10.01-12.58.42 MODE seq=40 mode=1 combat=0 pending=0
2026.10.01-12.58.42 HUD seq=40 phase=ACTION_MANEUVER turn=you hand=6 oppHand=5(hidden) oppDeck=19 deck=18 discard=6
2026.10.01-12.58.42 ARTPREVIEW fighter=Medusa hero=1 eligible=0 visual=1 mesh=SK_Medusa_H2LD
2026.10.01-12.58.42 FIGHTERS synced n=6 alive=6 own=2 enemy=4
2026.10.01-12.58.42 MANEUVER begin seq=40 (apply) pending=maneuver:8:39
2026.10.01-12.58.42 SNAPSHOT applied seq=40 phase=ACTION_MANEUVER
2026.10.01-12.58.42 HANDLE_APPLIED #59 seq=40 decision=1 fightersValid=1 boardValid=1
2026.10.01-12.58.42 MODE seq=40 mode=1 combat=0 pending=0
2026.10.01-12.58.42 HUD seq=40 phase=ACTION_MANEUVER turn=you hand=6 oppHand=5(hidden) oppDeck=19 deck=18 discard=6
2026.10.01-12.58.42 ARTPREVIEW fighter=Medusa hero=1 eligible=0 visual=1 mesh=SK_Medusa_H2LD
2026.10.01-12.58.42 FIGHTERS synced n=6 alive=6 own=2 enemy=4
2026.10.01-12.58.42 WS seq=40 phase=ACTION_MANEUVER (merge)
2026.10.01-12.58.42 S09AUTO drive mode=1 plan=[attack+ranged+defend+resolve] phase=ACTION_MANEUVER turn=cmuhntiwu0001wib0z281rpa8
2026.10.01-12.58.42 S09AUTO approach: no improving legal step
2026.10.01-12.58.42 MANEUVER-CONFIRM moves=0 boost=none
2026.10.01-12.58.42 PLATE fighter=f-1-hero bbox=(1013,848,1185,902) overlapReachable=0 placement=below ring=0 gap=6 selection=f-1-hero destinations=3 clean=1 softPx2=0 tested=114 bound=1
2026.10.01-12.58.42 TAG fighter=f-0-hero bbox=(932,654,1034,676) mode=compact look=P1 placement=above ring=0 hardPx2=0 softPx2=0 order=4 bound=1
2026.10.01-12.58.42 TAG fighter=f-0-sk0 bbox=(633,447,717,469) mode=compact look=P1 placement=above ring=0 hardPx2=0 softPx2=0 order=0 bound=1
2026.10.01-12.58.42 TAG fighter=f-0-sk1 bbox=(396,458,480,480) mode=compact look=P1 placement=above ring=0 hardPx2=0 softPx2=0 order=1 bound=1
2026.10.01-12.58.42 TAG fighter=f-0-sk2 bbox=(469,584,553,606) mode=compact look=P1 placement=right ring=0 hardPx2=0 softPx2=0 order=3 bound=1
2026.10.01-12.58.42 TAG fighter=f-1-sk0 bbox=(1130,510,1214,532) mode=compact look=P2 placement=above ring=0 hardPx2=0 softPx2=0 order=2 bound=1
2026.10.01-12.58.42 TAG fighter=f-0-hero bbox=(932,654,1034,676) mode=compact look=P1 placement=above ring=0 hardPx2=0 softPx2=0 order=4 bound=1
2026.10.01-12.58.42 TAG fighter=f-0-sk0 bbox=(633,447,717,469) mode=compact look=P1 placement=above ring=0 hardPx2=0 softPx2=0 order=0 bound=1
2026.10.01-12.58.42 TAG fighter=f-0-sk1 bbox=(396,458,480,480) mode=compact look=P1 placement=above ring=0 hardPx2=0 softPx2=0 order=1 bound=1
2026.10.01-12.58.42 TAG fighter=f-0-sk2 bbox=(469,584,553,606) mode=compact look=P1 placement=right ring=0 hardPx2=0 softPx2=0 order=3 bound=1
2026.10.01-12.58.42 TAG fighter=f-1-sk0 bbox=(1130,510,1214,532) mode=compact look=P2 placement=above ring=0 hardPx2=0 softPx2=0 order=2 bound=1
2026.10.01-12.58.42 SNAPSHOT applied seq=41 phase=ACTION_MANEUVER
2026.10.01-12.58.42 HANDLE_APPLIED #60 seq=41 decision=2 fightersValid=1 boardValid=1
2026.10.01-12.58.42 closed mode=
2026.10.01-12.58.42 MODE seq=41 mode=0 combat=0 pending=1
2026.10.01-12.58.42 HUD seq=41 phase=ACTION_MANEUVER turn=opp hand=6 oppHand=5(hidden) oppDeck=19 deck=18 discard=6
2026.10.01-12.58.42 ARTPREVIEW fighter=Medusa hero=1 eligible=0 visual=1 mesh=SK_Medusa_H2LD
2026.10.01-12.58.42 FIGHTERS synced n=6 alive=6 own=2 enemy=4
2026.10.01-12.58.42 MANEUVER done seq=41 (apply) fighters=6 boost=no
2026.10.01-12.58.42 SNAPSHOT applied seq=41 phase=ACTION_MANEUVER
2026.10.01-12.58.42 HANDLE_APPLIED #61 seq=41 decision=1 fightersValid=1 boardValid=1
2026.10.01-12.58.42 MODE seq=41 mode=0 combat=0 pending=1
2026.10.01-12.58.42 HUD seq=41 phase=ACTION_MANEUVER turn=opp hand=6 oppHand=5(hidden) oppDeck=19 deck=18 discard=6
2026.10.01-12.58.42 ARTPREVIEW fighter=Medusa hero=1 eligible=0 visual=1 mesh=SK_Medusa_H2LD
2026.10.01-12.58.42 FIGHTERS synced n=6 alive=6 own=2 enemy=4
2026.10.01-12.58.42 WS seq=41 phase=ACTION_MANEUVER (merge)
2026.10.01-12.58.42 PLATE hidden fighter=f-1-hero
2026.10.01-12.58.42 TAG fighter=f-0-hero bbox=(932,654,1034,676) mode=compact look=P1 placement=above ring=0 hardPx2=0 softPx2=0 order=4 bound=1
2026.10.01-12.58.42 TAG fighter=f-0-sk0 bbox=(633,447,717,469) mode=compact look=P1 placement=above ring=0 hardPx2=0 softPx2=0 order=0 bound=1
2026.10.01-12.58.42 TAG fighter=f-0-sk1 bbox=(396,458,480,480) mode=compact look=P1 placement=above ring=0 hardPx2=0 softPx2=0 order=1 bound=1
2026.10.01-12.58.42 TAG fighter=f-0-sk2 bbox=(469,584,553,606) mode=compact look=P1 placement=right ring=0 hardPx2=0 softPx2=0 order=3 bound=1
2026.10.01-12.58.42 TAG fighter=f-1-hero bbox=(1059,707,1152,729) mode=compact look=P2 placement=above ring=0 hardPx2=0 softPx2=0 order=5 bound=1
2026.10.01-12.58.42 TAG fighter=f-1-sk0 bbox=(1130,510,1214,532) mode=compact look=P2 placement=above ring=0 hardPx2=0 softPx2=0 order=2 bound=1
2026.10.01-12.58.42 game -> room=cmupjgel1008bwi7ka3fcxt4t code=<redacted> status=IN_PROGRESS
2026.10.01-12.58.43 TAG fighter=f-0-hero bbox=(932,654,1034,676) mode=compact look=P1 placement=above ring=0 hardPx2=0 softPx2=0 order=4 bound=1
2026.10.01-12.58.43 TAG fighter=f-0-sk0 bbox=(633,447,717,469) mode=compact look=P1 placement=above ring=0 hardPx2=0 softPx2=0 order=0 bound=1
2026.10.01-12.58.43 TAG fighter=f-0-sk1 bbox=(396,458,480,480) mode=compact look=P1 placement=above ring=0 hardPx2=0 softPx2=0 order=1 bound=1
2026.10.01-12.58.43 TAG fighter=f-0-sk2 bbox=(469,584,553,606) mode=compact look=P1 placement=right ring=0 hardPx2=0 softPx2=0 order=3 bound=1
2026.10.01-12.58.43 TAG fighter=f-1-hero bbox=(1059,707,1152,729) mode=compact look=P2 placement=above ring=0 hardPx2=0 softPx2=0 order=5 bound=1
2026.10.01-12.58.43 TAG fighter=f-1-sk0 bbox=(1130,510,1214,532) mode=compact look=P2 placement=above ring=0 hardPx2=0 softPx2=0 order=2 bound=1
2026.10.01-12.58.43 SNAPSHOT applied seq=42 phase=ACTION_MANEUVER
2026.10.01-12.58.43 HANDLE_APPLIED #62 seq=42 decision=2 fightersValid=1 boardValid=1
2026.10.01-12.58.43 MODE seq=42 mode=0 combat=0 pending=0
2026.10.01-12.58.43 HUD seq=42 phase=ACTION_MANEUVER turn=opp hand=6 oppHand=5(hidden) oppDeck=19~ deck=18~ discard=6
2026.10.01-12.58.43 ARTPREVIEW fighter=Medusa hero=1 eligible=0 visual=1 mesh=SK_Medusa_H2LD
2026.10.01-12.58.43 FIGHTERS synced n=6 alive=6 own=2 enemy=4
2026.10.01-12.58.43 ARTPREVIEW damage-number fighter=f-1-hero amount=1 seq=42 cell=(5,5)
2026.10.01-12.58.43 ARTPREVIEW anim fighter=f-1-hero clip=HitReact len=0.417 event=damaged loop=0 phase=0.0000 seq=42 asset=AM_KingArthur_HitReact
2026.10.01-12.58.43 CUE damage f-1-hero -1 seq=42
2026.10.01-12.58.43 WS seq=42 phase=ACTION_MANEUVER (apply)
2026.10.01-12.58.43 TAG fighter=f-0-hero bbox=(932,654,1034,676) mode=compact look=P1 placement=above ring=0 hardPx2=0 softPx2=0 order=5 bound=1
2026.10.01-12.58.43 TAG fighter=f-0-sk0 bbox=(633,447,717,469) mode=compact look=P1 placement=above ring=0 hardPx2=0 softPx2=0 order=1 bound=1
2026.10.01-12.58.43 TAG fighter=f-0-sk1 bbox=(396,458,480,480) mode=compact look=P1 placement=above ring=0 hardPx2=0 softPx2=0 order=2 bound=1
2026.10.01-12.58.43 TAG fighter=f-0-sk2 bbox=(469,584,553,606) mode=compact look=P1 placement=right ring=0 hardPx2=0 softPx2=0 order=4 bound=1
2026.10.01-12.58.43 TAG fighter=f-1-hero bbox=(1059,707,1152,729) mode=compact look=P2 placement=above ring=0 hardPx2=0 softPx2=0 order=0 bound=1
2026.10.01-12.58.43 TAG fighter=f-1-sk0 bbox=(1130,510,1214,532) mode=compact look=P2 placement=above ring=0 hardPx2=0 softPx2=0 order=3 bound=1
2026.10.01-12.58.43 DAMAGE fighter=f-1-hero bbox=(1154,704,1194,732) amount=1 seq=42 placement=right ring=0 hardPx2=0 softPx2=0
2026.10.01-12.58.43 SNAPSHOT applied seq=43 phase=COMBAT
2026.10.01-12.58.43 HANDLE_APPLIED #63 seq=43 decision=2 fightersValid=1 boardValid=1
2026.10.01-12.58.43 closed mode=
2026.10.01-12.58.43 MODE seq=43 mode=4 combat=1 pending=0
2026.10.01-12.58.43 HUD seq=43 phase=COMBAT turn=opp hand=6 oppHand=4(hidden) oppDeck=19~ deck=18~ discard=6
2026.10.01-12.58.43 ARTPREVIEW combat marker fighter=Medusa attacker=1 target=0 icon=0 targetMesh=SM_Marker_TargetRing iconMode=screen targetArcScaleXY=0.920
2026.10.01-12.58.43 ARTPREVIEW combat marker fighter=King Arthur attacker=0 target=1 icon=1 targetMesh=SM_Marker_TargetRing iconMode=screen targetArcScaleXY=0.920
2026.10.01-12.58.43 ARTPREVIEW fighter=Medusa hero=1 eligible=0 visual=1 mesh=SK_Medusa_H2LD
2026.10.01-12.58.43 FIGHTERS synced n=6 alive=6 own=2 enemy=4
2026.10.01-12.58.43 WS seq=43 phase=COMBAT (apply)
2026.10.01-12.58.43 TAG fighter=f-0-hero bbox=(932,654,1034,676) mode=compact look=P1 placement=above ring=0 hardPx2=0 softPx2=0 order=5 bound=1
2026.10.01-12.58.43 TAG fighter=f-0-sk0 bbox=(633,447,717,469) mode=compact look=P1 placement=above ring=0 hardPx2=0 softPx2=0 order=1 bound=1
2026.10.01-12.58.43 TAG fighter=f-0-sk1 bbox=(396,458,480,480) mode=compact look=P1 placement=above ring=0 hardPx2=0 softPx2=0 order=2 bound=1
2026.10.01-12.58.43 TAG fighter=f-0-sk2 bbox=(469,584,553,606) mode=compact look=P1 placement=right ring=0 hardPx2=0 softPx2=0 order=4 bound=1
2026.10.01-12.58.43 TAG fighter=f-1-hero bbox=(1059,707,1152,729) mode=compact look=P2 placement=above ring=0 hardPx2=0 softPx2=0 order=0 bound=1
2026.10.01-12.58.43 TAG fighter=f-1-sk0 bbox=(1130,510,1214,532) mode=compact look=P2 placement=above ring=0 hardPx2=0 softPx2=0 order=3 bound=1
2026.10.01-12.58.43 ICON fighter=f-1-hero bbox=(1151,754,1183,786) size=32 src=combat anchor=right fallback=0 overlapPx2=0 texture=/Game/ArtTests/ARTMarkers/Textures/T_UI_Action_AttackToken_32
2026.10.01-12.58.43 TAG fighter=f-0-hero bbox=(932,654,1034,676) mode=compact look=P1 placement=above ring=0 hardPx2=0 softPx2=0 order=5 bound=1
2026.10.01-12.58.43 TAG fighter=f-0-sk0 bbox=(633,447,717,469) mode=compact look=P1 placement=above ring=0 hardPx2=0 softPx2=0 order=1 bound=1
2026.10.01-12.58.43 TAG fighter=f-0-sk1 bbox=(396,458,480,480) mode=compact look=P1 placement=above ring=0 hardPx2=0 softPx2=0 order=2 bound=1
2026.10.01-12.58.43 TAG fighter=f-0-sk2 bbox=(469,584,553,606) mode=compact look=P1 placement=right ring=0 hardPx2=0 softPx2=0 order=4 bound=1
2026.10.01-12.58.43 TAG fighter=f-1-hero bbox=(1059,707,1152,729) mode=compact look=P2 placement=above ring=0 hardPx2=0 softPx2=0 order=0 bound=1
2026.10.01-12.58.43 TAG fighter=f-1-sk0 bbox=(1130,510,1214,532) mode=compact look=P2 placement=above ring=0 hardPx2=0 softPx2=0 order=3 bound=1
2026.10.01-12.58.43 ICON fighter=f-1-hero bbox=(1151,754,1183,786) size=32 src=combat anchor=right fallback=0 overlapPx2=0 texture=/Game/ArtTests/ARTMarkers/Textures/T_UI_Action_AttackToken_32
2026.10.01-12.58.43 ARTPREVIEW anim fighter=f-1-hero clip=Idle len=2.500 event=clipFinished loop=1 phase=0.3470 seq=-1 asset=AM_KingArthur_Idle
2026.10.01-12.58.43 S09AUTO drive mode=4 plan=[attack+ranged+defend+resolve] phase=COMBAT turn=cmuhntivg0000wib0anhqyswc
2026.10.01-12.58.43 S09AUTO defense card picked
2026.10.01-12.58.43 DEFENSE sent
2026.10.01-12.58.44 SNAPSHOT applied seq=44 phase=COMBAT_RESOLVE
2026.10.01-12.58.44 HANDLE_APPLIED #64 seq=44 decision=2 fightersValid=1 boardValid=1
2026.10.01-12.58.44 ARTPREVIEW anim fighter=f-0-hero clip=LungeAttack len=0.583 event=attack loop=0 phase=0.0000 seq=44 asset=AM_Medusa_LungeAttack
2026.10.01-12.58.44 closed mode=
2026.10.01-12.58.44 MODE seq=44 mode=5 combat=1 pending=0
2026.10.01-12.58.44 HUD seq=44 phase=COMBAT_RESOLVE turn=opp hand=5 oppHand=4(hidden) oppDeck=19 deck=18 discard=7
2026.10.01-12.58.44 ARTPREVIEW fighter=Medusa hero=1 eligible=0 visual=1 mesh=SK_Medusa_H2LD
2026.10.01-12.58.44 FIGHTERS synced n=6 alive=6 own=2 enemy=4
2026.10.01-12.58.44 DEFENSE done seq=44 (apply) phase=COMBAT_RESOLVE
2026.10.01-12.58.44 SNAPSHOT applied seq=44 phase=COMBAT_RESOLVE
2026.10.01-12.58.44 HANDLE_APPLIED #65 seq=44 decision=1 fightersValid=1 boardValid=1
2026.10.01-12.58.44 MODE seq=44 mode=5 combat=1 pending=0
2026.10.01-12.58.44 HUD seq=44 phase=COMBAT_RESOLVE turn=opp hand=5 oppHand=4(hidden) oppDeck=19 deck=18 discard=7
2026.10.01-12.58.44 ARTPREVIEW fighter=Medusa hero=1 eligible=0 visual=1 mesh=SK_Medusa_H2LD
2026.10.01-12.58.44 FIGHTERS synced n=6 alive=6 own=2 enemy=4
2026.10.01-12.58.44 WS seq=44 phase=COMBAT_RESOLVE (merge)
2026.10.01-12.58.44 S09AUTO drive mode=5 plan=[attack+ranged+defend+resolve] phase=COMBAT_RESOLVE turn=cmuhntivg0000wib0anhqyswc
2026.10.01-12.58.44 S09AUTO resolve
2026.10.01-12.58.44 RESOLVE sent
2026.10.01-12.58.44 TAG fighter=f-0-hero bbox=(932,654,1034,676) mode=compact look=P1 placement=above ring=0 hardPx2=0 softPx2=0 order=5 bound=1
2026.10.01-12.58.44 TAG fighter=f-0-sk0 bbox=(633,447,717,469) mode=compact look=P1 placement=above ring=0 hardPx2=0 softPx2=0 order=1 bound=1
2026.10.01-12.58.44 TAG fighter=f-0-sk1 bbox=(396,458,480,480) mode=compact look=P1 placement=above ring=0 hardPx2=0 softPx2=0 order=2 bound=1
2026.10.01-12.58.44 TAG fighter=f-0-sk2 bbox=(469,584,553,606) mode=compact look=P1 placement=right ring=0 hardPx2=0 softPx2=0 order=4 bound=1
2026.10.01-12.58.44 TAG fighter=f-1-hero bbox=(1059,707,1152,729) mode=compact look=P2 placement=above ring=0 hardPx2=0 softPx2=0 order=0 bound=1
2026.10.01-12.58.44 TAG fighter=f-1-sk0 bbox=(1130,510,1214,532) mode=compact look=P2 placement=above ring=0 hardPx2=0 softPx2=0 order=3 bound=1
2026.10.01-12.58.44 ICON fighter=f-1-hero bbox=(1151,754,1183,786) size=32 src=combat anchor=right fallback=0 overlapPx2=0 texture=/Game/ArtTests/ARTMarkers/Textures/T_UI_Action_AttackToken_32
2026.10.01-12.58.44 SNAPSHOT applied seq=45 phase=COMBAT_RESOLVE
2026.10.01-12.58.44 HANDLE_APPLIED #66 seq=45 decision=2 fightersValid=1 boardValid=1
2026.10.01-12.58.44 closed mode=
2026.10.01-12.58.44 MODE seq=45 mode=6 combat=1 pending=1
2026.10.01-12.58.44 HUD seq=45 phase=COMBAT_RESOLVE turn=opp hand=5 oppHand=4(hidden) oppDeck=19~ deck=18~ discard=7
2026.10.01-12.58.44 PENDING panel revealed: attack A2+B0 vs D3
2026.10.01-12.58.44 ARTPREVIEW fighter=Medusa hero=1 eligible=0 visual=1 mesh=SK_Medusa_H2LD
2026.10.01-12.58.44 FIGHTERS synced n=6 alive=6 own=2 enemy=4
2026.10.01-12.58.44 WS seq=45 phase=COMBAT_RESOLVE (apply)
2026.10.01-12.58.44 TAG fighter=f-0-hero bbox=(932,654,1034,676) mode=compact look=P1 placement=above ring=0 hardPx2=0 softPx2=0 order=5 bound=1
2026.10.01-12.58.44 TAG fighter=f-0-sk0 bbox=(633,447,717,469) mode=compact look=P1 placement=above ring=0 hardPx2=0 softPx2=0 order=1 bound=1
2026.10.01-12.58.44 TAG fighter=f-0-sk1 bbox=(396,458,480,480) mode=compact look=P1 placement=above ring=0 hardPx2=0 softPx2=0 order=2 bound=1
2026.10.01-12.58.44 TAG fighter=f-0-sk2 bbox=(469,584,553,606) mode=compact look=P1 placement=right ring=0 hardPx2=0 softPx2=0 order=4 bound=1
2026.10.01-12.58.44 TAG fighter=f-1-hero bbox=(1059,707,1152,729) mode=compact look=P2 placement=above ring=0 hardPx2=0 softPx2=0 order=0 bound=1
2026.10.01-12.58.44 TAG fighter=f-1-sk0 bbox=(1130,510,1214,532) mode=compact look=P2 placement=above ring=0 hardPx2=0 softPx2=0 order=3 bound=1
2026.10.01-12.58.44 ICON fighter=f-1-hero bbox=(1151,754,1183,786) size=32 src=combat anchor=right fallback=0 overlapPx2=0 texture=/Game/ArtTests/ARTMarkers/Textures/T_UI_Action_AttackToken_32
2026.10.01-12.58.44 SNAPSHOT applied seq=45 phase=COMBAT_RESOLVE
2026.10.01-12.58.44 HANDLE_APPLIED #67 seq=45 decision=1 fightersValid=1 boardValid=1
2026.10.01-12.58.44 MODE seq=45 mode=6 combat=1 pending=1
2026.10.01-12.58.44 HUD seq=45 phase=COMBAT_RESOLVE turn=opp hand=5 oppHand=4(hidden) oppDeck=19 deck=18 discard=7
2026.10.01-12.58.44 ARTPREVIEW fighter=Medusa hero=1 eligible=0 visual=1 mesh=SK_Medusa_H2LD
2026.10.01-12.58.44 FIGHTERS synced n=6 alive=6 own=2 enemy=4
2026.10.01-12.58.44 RESOLVE done seq=45 (merge) phase=COMBAT_RESOLVE
2026.10.01-12.58.44 S09AUTO drive mode=6 plan=[attack+ranged+defend+resolve] phase=COMBAT_RESOLVE turn=cmuhntivg0000wib0anhqyswc
2026.10.01-12.58.44 S09AUTO pending-open shot (type=MOVE stage=0 mode=)
2026.10.01-12.58.44 SHOT ctx viewport=1920x1080 viewTarget=CameraActor_2147482233 cam=(0,1342,1917) rot=(-55,-90,0)
2026.10.01-12.58.44 RENDER tag=SHOT rhi=D3D12 featureLevel=SM6 shaderPlatform=PCD3D_SM6 lumenPlatform=1 gi=lumen giMethod=1 refl=lumen reflMethod=1 shadows=csm vsmEnable=0 sg.res=100 sg.view=2 sg.aa=2 sg.shadow=2 sg.gi=2 sg.refl=2 sg.pp=2 sg.tex=2 sg.fx=2 sg.foliage=2 sg.shading=2 sg.landscape=2 preset=High screenPct=100.0 screenPctMode=0 aa=TSR aaMethod=4 exposure=fixed-histogram expMin=4.14106 expMax=4.14106 expBias=0.000 ev100=2.05 lightUnits=candelas sky=1 skyIntensity=3.000 keyShadow=csm-3600uu-2c-contact0.000 shadowCasters=1 profile=sarpedon-night profilesSha256=f7e257eea8ecb88e5f81d37f3be97da6862e500247ad3c0b07c5a1aaf28d1802 profilesSource=pak legacyRender=0 gameLayer=unlit-eyeadaptinv tMaxFPS=30.0 vsync=0 frameRateLimit=60.0 substrate=0 nanite=1 meshDF=1 viewport=1920x1080 reference=1
2026.10.01-12.58.44 SHOT fighter f-0-hero pos=(4,4) world=(16,189,0) screen=(982,752) projected=1 alive=1
2026.10.01-12.58.44 SHOT fighter f-0-sk0 pos=(2,2) world=(-218,-13,0) screen=(678,527) projected=1 alive=1
2026.10.01-12.58.44 SHOT fighter f-0-sk1 pos=(0,2) world=(-398,-3,0) screen=(442,537) projected=1 alive=1
2026.10.01-12.58.44 SHOT fighter f-0-sk2 pos=(0,3) world=(-394,92,0) screen=(435,640) projected=1 alive=1
2026.10.01-12.58.44 SHOT fighter f-1-hero pos=(5,5) world=(104,237,0) screen=(1103,808) projected=1 alive=1
2026.10.01-12.58.44 SHOT fighter f-1-sk0 pos=(6,3) world=(159,52,0) screen=(1169,596) projected=1 alive=1
2026.10.01-12.58.44 SHOT camera dist=2340.2 target=2340.2 overview=2340.2 errPct=0.000 focusErr=0.00 settled=1 zoom=1.00
2026.10.01-12.58.44 SHOT head fighter=f-0-hero socket=Head mesh=SK_Medusa_H2LD world=(17.0,188.9,47.0) screen=(983.6,717.5) top=(983.6,713.1) bottom=(983.5,721.8) headPx=8.8 projected=1
2026.10.01-12.58.44 SHOT head fighter=f-0-sk0 socket=Head mesh=SK_Harpy_H3LD world=(-217.6,-7.3,34.1) screen=(674.0,506.5) top=(673.4,501.9) bottom=(674.6,511.0) headPx=9.3 projected=1
2026.10.01-12.58.44 SHOT head fighter=f-0-sk1 socket=Head mesh=SK_Harpy_H3LD world=(-398.7,2.2,34.3) screen=(434.7,516.5) top=(433.5,511.9) bottom=(435.8,521.1) headPx=9.4 projected=1
2026.10.01-12.58.44 SHOT head fighter=f-0-sk2 socket=Head mesh=SK_Harpy_H3LD world=(-393.6,86.7,34.0) screen=(430.3,609.3) top=(429.2,604.8) bottom=(431.5,613.8) headPx=9.3 projected=1
2026.10.01-12.58.44 SHOT head fighter=f-1-hero socket=Head mesh=SK_KingArthur_H2LD world=(103.2,235.8,50.1) screen=(1105.3,771.3) top=(1105.6,767.0) bottom=(1104.9,775.6) headPx=8.7 projected=1
2026.10.01-12.58.44 SHOT head fighter=f-1-sk0 socket=Head mesh=SK_Merlin_H2LD world=(159.1,48.4,36.4) screen=(1172.2,565.1) top=(1172.7,560.6) bottom=(1171.8,569.6) headPx=9.1 projected=1
2026.10.01-12.58.44 SHOT figure fighter=f-0-hero bbox=(943,678,1023,785) ringR=28.50 art=1 blockout=0 team=P1 look=P1 ring=1
2026.10.01-12.58.44 SHOT figure fighter=f-0-sk0 bbox=(642,471,708,550) ringR=22.23 art=1 blockout=0 team=P1 look=P1 ring=1
2026.10.01-12.58.44 SHOT figure fighter=f-0-sk1 bbox=(402,482,474,561) ringR=22.23 art=1 blockout=0 team=P1 look=P1 ring=1
2026.10.01-12.58.44 SHOT figure fighter=f-0-sk2 bbox=(394,584,467,665) ringR=22.23 art=1 blockout=0 team=P1 look=P1 ring=1
2026.10.01-12.58.44 SHOT figure fighter=f-1-hero bbox=(1063,731,1148,842) ringR=28.50 art=1 blockout=0 team=P2 look=P2 ring=1
2026.10.01-12.58.44 SHOT figure fighter=f-1-sk0 bbox=(1139,534,1204,620) ringR=22.23 art=1 blockout=0 team=P2 look=P2 ring=1
2026.10.01-12.58.44 SHOT request file=s09-pending-MOVE.png frame=554
2026.10.01-12.58.44 SHOT requested: FScreenshotRequest(bShowUI) -> C:\Users\ren\AppData\Local\Temp\s09-combat-20261001-175646-29856\joiner/s09-pending-MOVE.png
2026.10.01-12.58.44 TAG fighter=f-0-hero bbox=(932,654,1034,676) mode=compact look=P1 placement=above ring=0 hardPx2=0 softPx2=0 order=5 bound=1
2026.10.01-12.58.44 TAG fighter=f-0-sk0 bbox=(633,447,717,469) mode=compact look=P1 placement=above ring=0 hardPx2=0 softPx2=0 order=1 bound=1
2026.10.01-12.58.44 TAG fighter=f-0-sk1 bbox=(396,458,480,480) mode=compact look=P1 placement=above ring=0 hardPx2=0 softPx2=0 order=2 bound=1
2026.10.01-12.58.44 TAG fighter=f-0-sk2 bbox=(469,584,553,606) mode=compact look=P1 placement=right ring=0 hardPx2=0 softPx2=0 order=4 bound=1
2026.10.01-12.58.44 TAG fighter=f-1-hero bbox=(1059,707,1152,729) mode=compact look=P2 placement=above ring=0 hardPx2=0 softPx2=0 order=0 bound=1
2026.10.01-12.58.44 TAG fighter=f-1-sk0 bbox=(1130,510,1214,532) mode=compact look=P2 placement=above ring=0 hardPx2=0 softPx2=0 order=3 bound=1
2026.10.01-12.58.44 ICON fighter=f-1-hero bbox=(1151,754,1183,786) size=32 src=combat anchor=right fallback=0 overlapPx2=0 texture=/Game/ArtTests/ARTMarkers/Textures/T_UI_Action_AttackToken_32
2026.10.01-12.58.45 SHOT captured file=s09-pending-MOVE.png frame=554 px=1920x1080 sha256=05bc18915bae764af4e3480fb3bad95e7bee63a09ee30115973eb4987e079eac order=BGRA saved=1
2026.10.01-12.58.45 SHOT late begin file=s09-pending-MOVE.png frame=554 requestFrame=554
2026.10.01-12.58.45 SHOT icon fighter=f-1-hero bbox=(1151,754,1183,786) size=32 src=combat planned=(1151,754,1183,786) geom=painted visible=1 anchor=right fallback=0 overlapPx2=0 texture=/Game/ArtTests/ARTMarkers/Textures/T_UI_Action_AttackToken_32 frame=554
2026.10.01-12.58.45 SHOT widget id=icon impl=umg state=combat fighter=f-1-hero bbox=(1151,754,1183,786) geom=painted visible=1 twin=0 source=/Game/S08/UI/ArtHud/WBP_S08ArtIcon frame=554
2026.10.01-12.58.45 SHOT widget id=board.tag impl=umg state=compact fighter=f-0-hero bbox=(932,654,1034,676) geom=painted visible=1 twin=0 source=/Game/S08/UI/ArtHud/WBP_S08ArtTag mode=compact look=P1 shape=circle placement=above ring=0 order=5 bound=1 softPx2=0 planned=(932,654,1034,676) frame=554
2026.10.01-12.58.45 SHOT widget id=board.tag.hp impl=umg state=compact fighter=f-0-hero bbox=(988,656,1030,674) geom=painted visible=1 twin=0 source=/Game/S08/UI/ArtHud/WBP_S08ArtTag mode=compact look=P1 shape=circle placement=above ring=0 order=5 bound=1 softPx2=0 planned=(932,654,1034,676) frame=554 font=11
2026.10.01-12.58.45 SHOT widget id=board.tag.bar impl=umg state=compact fighter=f-0-hero bbox=(951,663,985,668) geom=painted visible=1 twin=0 source=/Game/S08/UI/ArtHud/WBP_S08ArtTag mode=compact look=P1 shape=circle placement=above ring=0 order=5 bound=1 softPx2=0 planned=(932,654,1034,676) frame=554
2026.10.01-12.58.45 SHOT widget id=board.tag.chip impl=umg state=compact fighter=f-0-hero bbox=(936,659,948,671) geom=painted visible=1 twin=0 source=/Game/S08/UI/ArtHud/WBP_S08ArtTag mode=compact look=P1 shape=circle placement=above ring=0 order=5 bound=1 softPx2=0 planned=(932,654,1034,676) frame=554
2026.10.01-12.58.45 SHOT widget id=board.tag impl=umg state=compact fighter=f-0-sk0 bbox=(633,447,717,469) geom=painted visible=1 twin=0 source=/Game/S08/UI/ArtHud/WBP_S08ArtTag mode=compact look=P1 shape=circle placement=above ring=0 order=1 bound=1 softPx2=0 planned=(633,447,717,469) frame=554
2026.10.01-12.58.45 SHOT widget id=board.tag.hp impl=umg state=compact fighter=f-0-sk0 bbox=(689,449,713,467) geom=painted visible=1 twin=0 source=/Game/S08/UI/ArtHud/WBP_S08ArtTag mode=compact look=P1 shape=circle placement=above ring=0 order=1 bound=1 softPx2=0 planned=(633,447,717,469) frame=554 font=11
2026.10.01-12.58.45 SHOT widget id=board.tag.bar impl=umg state=compact fighter=f-0-sk0 bbox=(652,456,686,461) geom=painted visible=1 twin=0 source=/Game/S08/UI/ArtHud/WBP_S08ArtTag mode=compact look=P1 shape=circle placement=above ring=0 order=1 bound=1 softPx2=0 planned=(633,447,717,469) frame=554
2026.10.01-12.58.45 SHOT widget id=board.tag.chip impl=umg state=compact fighter=f-0-sk0 bbox=(637,452,649,464) geom=painted visible=1 twin=0 source=/Game/S08/UI/ArtHud/WBP_S08ArtTag mode=compact look=P1 shape=circle placement=above ring=0 order=1 bound=1 softPx2=0 planned=(633,447,717,469) frame=554
2026.10.01-12.58.45 SHOT widget id=board.tag impl=umg state=compact fighter=f-0-sk1 bbox=(396,458,480,480) geom=painted visible=1 twin=0 source=/Game/S08/UI/ArtHud/WBP_S08ArtTag mode=compact look=P1 shape=circle placement=above ring=0 order=2 bound=1 softPx2=0 planned=(396,458,480,480) frame=554
2026.10.01-12.58.45 SHOT widget id=board.tag.hp impl=umg state=compact fighter=f-0-sk1 bbox=(452,460,476,478) geom=painted visible=1 twin=0 source=/Game/S08/UI/ArtHud/WBP_S08ArtTag mode=compact look=P1 shape=circle placement=above ring=0 order=2 bound=1 softPx2=0 planned=(396,458,480,480) frame=554 font=11
2026.10.01-12.58.45 SHOT widget id=board.tag.bar impl=umg state=compact fighter=f-0-sk1 bbox=(415,467,449,472) geom=painted visible=1 twin=0 source=/Game/S08/UI/ArtHud/WBP_S08ArtTag mode=compact look=P1 shape=circle placement=above ring=0 order=2 bound=1 softPx2=0 planned=(396,458,480,480) frame=554
2026.10.01-12.58.45 SHOT widget id=board.tag.chip impl=umg state=compact fighter=f-0-sk1 bbox=(400,463,412,475) geom=painted visible=1 twin=0 source=/Game/S08/UI/ArtHud/WBP_S08ArtTag mode=compact look=P1 shape=circle placement=above ring=0 order=2 bound=1 softPx2=0 planned=(396,458,480,480) frame=554
2026.10.01-12.58.45 SHOT widget id=board.tag impl=umg state=compact fighter=f-0-sk2 bbox=(469,584,553,606) geom=painted visible=1 twin=0 source=/Game/S08/UI/ArtHud/WBP_S08ArtTag mode=compact look=P1 shape=circle placement=right ring=0 order=4 bound=1 softPx2=0 planned=(469,584,553,606) frame=554
2026.10.01-12.58.45 SHOT widget id=board.tag.hp impl=umg state=compact fighter=f-0-sk2 bbox=(525,586,549,604) geom=painted visible=1 twin=0 source=/Game/S08/UI/ArtHud/WBP_S08ArtTag mode=compact look=P1 shape=circle placement=right ring=0 order=4 bound=1 softPx2=0 planned=(469,584,553,606) frame=554 font=11
2026.10.01-12.58.45 SHOT widget id=board.tag.bar impl=umg state=compact fighter=f-0-sk2 bbox=(488,593,522,598) geom=painted visible=1 twin=0 source=/Game/S08/UI/ArtHud/WBP_S08ArtTag mode=compact look=P1 shape=circle placement=right ring=0 order=4 bound=1 softPx2=0 planned=(469,584,553,606) frame=554
2026.10.01-12.58.45 SHOT widget id=board.tag.chip impl=umg state=compact fighter=f-0-sk2 bbox=(473,589,485,601) geom=painted visible=1 twin=0 source=/Game/S08/UI/ArtHud/WBP_S08ArtTag mode=compact look=P1 shape=circle placement=right ring=0 order=4 bound=1 softPx2=0 planned=(469,584,553,606) frame=554
2026.10.01-12.58.45 SHOT widget id=board.tag impl=umg state=compact fighter=f-1-hero bbox=(1059,707,1152,729) geom=painted visible=1 twin=0 source=/Game/S08/UI/ArtHud/WBP_S08ArtTag mode=compact look=P2 shape=hex placement=above ring=0 order=0 bound=1 softPx2=0 planned=(1059,707,1152,729) frame=554
2026.10.01-12.58.45 SHOT widget id=board.tag.hp impl=umg state=compact fighter=f-1-hero bbox=(1115,709,1148,727) geom=painted visible=1 twin=0 source=/Game/S08/UI/ArtHud/WBP_S08ArtTag mode=compact look=P2 shape=hex placement=above ring=0 order=0 bound=1 softPx2=0 planned=(1059,707,1152,729) frame=554 font=11
2026.10.01-12.58.45 SHOT widget id=board.tag.bar impl=umg state=compact fighter=f-1-hero bbox=(1078,716,1112,721) geom=painted visible=1 twin=0 source=/Game/S08/UI/ArtHud/WBP_S08ArtTag mode=compact look=P2 shape=hex placement=above ring=0 order=0 bound=1 softPx2=0 planned=(1059,707,1152,729) frame=554
2026.10.01-12.58.45 SHOT widget id=board.tag.chip impl=umg state=compact fighter=f-1-hero bbox=(1063,712,1075,724) geom=painted visible=1 twin=0 source=/Game/S08/UI/ArtHud/WBP_S08ArtTag mode=compact look=P2 shape=hex placement=above ring=0 order=0 bound=1 softPx2=0 planned=(1059,707,1152,729) frame=554
2026.10.01-12.58.45 SHOT widget id=board.tag impl=umg state=compact fighter=f-1-sk0 bbox=(1130,510,1214,532) geom=painted visible=1 twin=0 source=/Game/S08/UI/ArtHud/WBP_S08ArtTag mode=compact look=P2 shape=hex placement=above ring=0 order=3 bound=1 softPx2=0 planned=(1130,510,1214,532) frame=554
2026.10.01-12.58.45 SHOT widget id=board.tag.hp impl=umg state=compact fighter=f-1-sk0 bbox=(1186,512,1210,530) geom=painted visible=1 twin=0 source=/Game/S08/UI/ArtHud/WBP_S08ArtTag mode=compact look=P2 shape=hex placement=above ring=0 order=3 bound=1 softPx2=0 planned=(1130,510,1214,532) frame=554 font=11
2026.10.01-12.58.45 SHOT widget id=board.tag.bar impl=umg state=compact fighter=f-1-sk0 bbox=(1149,519,1183,524) geom=painted visible=1 twin=0 source=/Game/S08/UI/ArtHud/WBP_S08ArtTag mode=compact look=P2 shape=hex placement=above ring=0 order=3 bound=1 softPx2=0 planned=(1130,510,1214,532) frame=554
2026.10.01-12.58.45 SHOT widget id=board.tag.chip impl=umg state=compact fighter=f-1-sk0 bbox=(1134,515,1146,527) geom=painted visible=1 twin=0 source=/Game/S08/UI/ArtHud/WBP_S08ArtTag mode=compact look=P2 shape=hex placement=above ring=0 order=3 bound=1 softPx2=0 planned=(1130,510,1214,532) frame=554
2026.10.01-12.58.45 SHOT panel id=hud.command bbox=(0,0,655,222) geom=painted visible=1 frame=554
2026.10.01-12.58.45 SHOT panel id=hud.side bbox=(1431,0,1920,121) geom=painted visible=1 frame=554
2026.10.01-12.58.45 SHOT panel id=hud.hand bbox=(363,985,1558,1080) geom=painted visible=1 frame=554
2026.10.01-12.58.45 SHOT late end file=s09-pending-MOVE.png frame=554
2026.10.01-12.58.45 PERF window t=45.8-50.9 frames=35 fps=6.28 frameMs avg=159.26 p50=137.70 p95=263.18 p99=842.84 max=842.84 hitches50=33 gpuMs avg=2.89 p50=2.83 p95=3.31 gameMs avg=12.80 p95=39.02 renderMs avg=134.80 p95=222.91
2026.10.01-12.58.45 PEND-RESOLVE sent type=MOVE stage=0 id=cmuhgvgi500owwi9gnmn59wun-after-0-p0
2026.10.01-12.58.45 S09AUTO pending picked (type=MOVE stage=0)
2026.10.01-12.58.45 HUD plate content fighter=f-1-hero name=King Arthur hp=4/18 team=own statuses=HERO  |  MELEE  |  TARGET teamSlot=P2 look=P2 shape=hexagon chip=#5786A8
2026.10.01-12.58.45 PLATE fighter=f-1-hero bbox=(1013,848,1185,902) overlapReachable=0 placement=below ring=0 gap=6 selection=f-1-hero destinations=0 clean=1 softPx2=0 tested=114 bound=1
2026.10.01-12.58.45 TAG fighter=f-0-hero bbox=(932,654,1034,676) mode=compact look=P1 placement=above ring=0 hardPx2=0 softPx2=0 order=4 bound=1
2026.10.01-12.58.45 TAG fighter=f-0-sk0 bbox=(633,447,717,469) mode=compact look=P1 placement=above ring=0 hardPx2=0 softPx2=0 order=0 bound=1
2026.10.01-12.58.45 TAG fighter=f-0-sk1 bbox=(396,458,480,480) mode=compact look=P1 placement=above ring=0 hardPx2=0 softPx2=0 order=1 bound=1
2026.10.01-12.58.45 TAG fighter=f-0-sk2 bbox=(469,584,553,606) mode=compact look=P1 placement=right ring=0 hardPx2=0 softPx2=0 order=3 bound=1
2026.10.01-12.58.45 TAG fighter=f-1-sk0 bbox=(1130,510,1214,532) mode=compact look=P2 placement=above ring=0 hardPx2=0 softPx2=0 order=2 bound=1
2026.10.01-12.58.45 ICON fighter=f-1-hero bbox=(1151,754,1183,786) size=32 src=combat anchor=right fallback=0 overlapPx2=0 texture=/Game/ArtTests/ARTMarkers/Textures/T_UI_Action_AttackToken_32
2026.10.01-12.58.45 ARTPREVIEW anim fighter=f-0-hero clip=Idle len=2.333 event=clipFinished loop=1 phase=0.8071 seq=-1 asset=AM_Medusa_Idle
2026.10.01-12.58.45 SNAPSHOT applied seq=46 phase=ACTION_MANEUVER
2026.10.01-12.58.45 HANDLE_APPLIED #68 seq=46 decision=2 fightersValid=1 boardValid=1
2026.10.01-12.58.45 COMBAT-RESULT seq=46 damage=0 role=defended
2026.10.01-12.58.45 ARTPREVIEW combat marker fighter=Medusa attacker=0 target=0 icon=0 targetMesh=SM_Marker_TargetRing iconMode=screen targetArcScaleXY=0.920
2026.10.01-12.58.45 ARTPREVIEW combat marker fighter=King Arthur attacker=0 target=0 icon=0 targetMesh=SM_Marker_TargetRing iconMode=screen targetArcScaleXY=0.920
2026.10.01-12.58.45 PENDING panel revealed: attack A2+B0 vs D3
2026.10.01-12.58.45 closed mode=
2026.10.01-12.58.45 MODE seq=46 mode=0 combat=0 pending=0
2026.10.01-12.58.45 HUD seq=46 phase=ACTION_MANEUVER turn=opp hand=5 oppHand=4(hidden) oppDeck=19 deck=18 discard=7
2026.10.01-12.58.45 ARTPREVIEW fighter=Medusa hero=1 eligible=0 visual=1 mesh=SK_Medusa_H2LD
2026.10.01-12.58.45 FIGHTERS synced n=6 alive=6 own=2 enemy=4
2026.10.01-12.58.45 PEND resolve done seq=46 (apply) phase=ACTION_MANEUVER
2026.10.01-12.58.45 SNAPSHOT applied seq=46 phase=ACTION_MANEUVER
2026.10.01-12.58.45 HANDLE_APPLIED #69 seq=46 decision=1 fightersValid=1 boardValid=1
2026.10.01-12.58.45 MODE seq=46 mode=0 combat=0 pending=0
2026.10.01-12.58.45 HUD seq=46 phase=ACTION_MANEUVER turn=opp hand=5 oppHand=4(hidden) oppDeck=19 deck=18 discard=7
2026.10.01-12.58.45 ARTPREVIEW fighter=Medusa hero=1 eligible=0 visual=1 mesh=SK_Medusa_H2LD
2026.10.01-12.58.45 FIGHTERS synced n=6 alive=6 own=2 enemy=4
2026.10.01-12.58.45 WS seq=46 phase=ACTION_MANEUVER (merge)
2026.10.01-12.58.45 SNAPSHOT applied seq=47 phase=ACTION_MANEUVER
2026.10.01-12.58.45 HANDLE_APPLIED #70 seq=47 decision=2 fightersValid=1 boardValid=1
2026.10.01-12.58.45 MODE seq=47 mode=0 combat=0 pending=0
2026.10.01-12.58.45 HUD seq=47 phase=ACTION_MANEUVER turn=opp hand=5 oppHand=5(hidden) oppDeck=19~ deck=18~ discard=7
2026.10.01-12.58.45 ARTPREVIEW fighter=Medusa hero=1 eligible=0 visual=1 mesh=SK_Medusa_H2LD
2026.10.01-12.58.45 FIGHTERS synced n=6 alive=6 own=2 enemy=4
2026.10.01-12.58.45 WS seq=47 phase=ACTION_MANEUVER (apply)
2026.10.01-12.58.45 S09AUTO drive mode=0 plan=[attack+ranged+defend+resolve] phase=ACTION_MANEUVER turn=cmuhntivg0000wib0anhqyswc
2026.10.01-12.58.45 PLATE hidden fighter=f-1-hero
2026.10.01-12.58.45 TAG fighter=f-0-hero bbox=(932,654,1034,676) mode=compact look=P1 placement=above ring=0 hardPx2=0 softPx2=0 order=4 bound=1
2026.10.01-12.58.45 TAG fighter=f-0-sk0 bbox=(633,447,717,469) mode=compact look=P1 placement=above ring=0 hardPx2=0 softPx2=0 order=0 bound=1
2026.10.01-12.58.45 TAG fighter=f-0-sk1 bbox=(396,458,480,480) mode=compact look=P1 placement=above ring=0 hardPx2=0 softPx2=0 order=1 bound=1
2026.10.01-12.58.45 TAG fighter=f-0-sk2 bbox=(469,584,553,606) mode=compact look=P1 placement=right ring=0 hardPx2=0 softPx2=0 order=3 bound=1
2026.10.01-12.58.45 TAG fighter=f-1-hero bbox=(1059,707,1152,729) mode=compact look=P2 placement=above ring=0 hardPx2=0 softPx2=0 order=5 bound=1
2026.10.01-12.58.45 TAG fighter=f-1-sk0 bbox=(1130,510,1214,532) mode=compact look=P2 placement=above ring=0 hardPx2=0 softPx2=0 order=2 bound=1
2026.10.01-12.58.45 HUD icon hidden fighter=f-1-hero
2026.10.01-12.58.45 TAG fighter=f-0-hero bbox=(932,654,1034,676) mode=compact look=P1 placement=above ring=0 hardPx2=0 softPx2=0 order=4 bound=1
2026.10.01-12.58.45 TAG fighter=f-0-sk0 bbox=(633,447,717,469) mode=compact look=P1 placement=above ring=0 hardPx2=0 softPx2=0 order=0 bound=1
2026.10.01-12.58.45 TAG fighter=f-0-sk1 bbox=(396,458,480,480) mode=compact look=P1 placement=above ring=0 hardPx2=0 softPx2=0 order=1 bound=1
2026.10.01-12.58.45 TAG fighter=f-0-sk2 bbox=(469,584,553,606) mode=compact look=P1 placement=right ring=0 hardPx2=0 softPx2=0 order=3 bound=1
2026.10.01-12.58.45 TAG fighter=f-1-hero bbox=(1059,707,1152,729) mode=compact look=P2 placement=above ring=0 hardPx2=0 softPx2=0 order=5 bound=1
2026.10.01-12.58.45 TAG fighter=f-1-sk0 bbox=(1130,510,1214,532) mode=compact look=P2 placement=above ring=0 hardPx2=0 softPx2=0 order=2 bound=1
2026.10.01-12.58.45 SNAPSHOT applied seq=48 phase=ACTION_MANEUVER
2026.10.01-12.58.45 HANDLE_APPLIED #71 seq=48 decision=2 fightersValid=1 boardValid=1
2026.10.01-12.58.45 MODE seq=48 mode=0 combat=0 pending=0
2026.10.01-12.58.45 HUD seq=48 phase=ACTION_MANEUVER turn=you hand=5 oppHand=5(hidden) oppDeck=19~ deck=18~ discard=7
2026.10.01-12.58.45 ARTPREVIEW fighter=Medusa hero=1 eligible=0 visual=1 mesh=SK_Medusa_H2LD
2026.10.01-12.58.45 FIGHTERS synced n=6 alive=6 own=2 enemy=4
2026.10.01-12.58.45 WS seq=48 phase=ACTION_MANEUVER (apply)
2026.10.01-12.58.45 S09AUTO own turn #4 (turnCount=10)
2026.10.01-12.58.45 S09AUTO ranged target attacker=f-1-sk0 at=S25 target=f-0-hero at=S35 via=shared-zone (not linked) prefer=ranged
2026.10.01-12.58.45 SNAPSHOT applied seq=49 phase=ACTION_MANEUVER
2026.10.01-12.58.45 HANDLE_APPLIED #72 seq=49 decision=2 fightersValid=1 boardValid=1
2026.10.01-12.58.45 MANEUVER-DRAFT mode=maneuver:10:48
2026.10.01-12.58.45 DRAFT-OPEN draw committed (resume instead of begin)
2026.10.01-12.58.45 MODE seq=49 mode=1 combat=0 pending=0
2026.10.01-12.58.45 HUD seq=49 phase=ACTION_MANEUVER turn=you hand=6 oppHand=5(hidden) oppDeck=18 deck=17 discard=7
2026.10.01-12.58.45 ARTPREVIEW fighter=Medusa hero=1 eligible=0 visual=1 mesh=SK_Medusa_H2LD
2026.10.01-12.58.45 FIGHTERS synced n=6 alive=6 own=2 enemy=4
2026.10.01-12.58.45 MANEUVER begin seq=49 (apply) pending=maneuver:10:48
2026.10.01-12.58.45 SNAPSHOT applied seq=49 phase=ACTION_MANEUVER
2026.10.01-12.58.45 HANDLE_APPLIED #73 seq=49 decision=1 fightersValid=1 boardValid=1
2026.10.01-12.58.45 MODE seq=49 mode=1 combat=0 pending=0
2026.10.01-12.58.45 HUD seq=49 phase=ACTION_MANEUVER turn=you hand=6 oppHand=5(hidden) oppDeck=18 deck=17 discard=7
2026.10.01-12.58.45 ARTPREVIEW fighter=Medusa hero=1 eligible=0 visual=1 mesh=SK_Medusa_H2LD
2026.10.01-12.58.45 FIGHTERS synced n=6 alive=6 own=2 enemy=4
2026.10.01-12.58.46 WS seq=49 phase=ACTION_MANEUVER (merge)
2026.10.01-12.58.46 S09AUTO drive mode=1 plan=[attack+ranged+defend+resolve] phase=ACTION_MANEUVER turn=cmuhntiwu0001wib0z281rpa8
2026.10.01-12.58.46 S09AUTO approach: no improving legal step
2026.10.01-12.58.46 MANEUVER-CONFIRM moves=0 boost=none
2026.10.01-12.58.46 HUD plate content fighter=f-1-hero name=King Arthur hp=4/18 team=own statuses=HERO  |  MELEE teamSlot=P2 look=P2 shape=hexagon chip=#5786A8
2026.10.01-12.58.46 PLATE fighter=f-1-hero bbox=(1013,848,1185,902) overlapReachable=0 placement=below ring=0 gap=6 selection=f-1-hero destinations=3 clean=1 softPx2=0 tested=114 bound=1
2026.10.01-12.58.46 TAG fighter=f-0-hero bbox=(932,654,1034,676) mode=compact look=P1 placement=above ring=0 hardPx2=0 softPx2=0 order=4 bound=1
2026.10.01-12.58.46 TAG fighter=f-0-sk0 bbox=(633,447,717,469) mode=compact look=P1 placement=above ring=0 hardPx2=0 softPx2=0 order=0 bound=1
2026.10.01-12.58.46 TAG fighter=f-0-sk1 bbox=(396,458,480,480) mode=compact look=P1 placement=above ring=0 hardPx2=0 softPx2=0 order=1 bound=1
2026.10.01-12.58.46 TAG fighter=f-0-sk2 bbox=(469,584,553,606) mode=compact look=P1 placement=right ring=0 hardPx2=0 softPx2=0 order=3 bound=1
2026.10.01-12.58.46 TAG fighter=f-1-sk0 bbox=(1130,510,1214,532) mode=compact look=P2 placement=above ring=0 hardPx2=0 softPx2=0 order=2 bound=1
2026.10.01-12.58.46 TAG fighter=f-0-hero bbox=(932,654,1034,676) mode=compact look=P1 placement=above ring=0 hardPx2=0 softPx2=0 order=4 bound=1
2026.10.01-12.58.46 TAG fighter=f-0-sk0 bbox=(633,447,717,469) mode=compact look=P1 placement=above ring=0 hardPx2=0 softPx2=0 order=0 bound=1
2026.10.01-12.58.46 TAG fighter=f-0-sk1 bbox=(396,458,480,480) mode=compact look=P1 placement=above ring=0 hardPx2=0 softPx2=0 order=1 bound=1
2026.10.01-12.58.46 TAG fighter=f-0-sk2 bbox=(469,584,553,606) mode=compact look=P1 placement=right ring=0 hardPx2=0 softPx2=0 order=3 bound=1
2026.10.01-12.58.46 TAG fighter=f-1-sk0 bbox=(1130,510,1214,532) mode=compact look=P2 placement=above ring=0 hardPx2=0 softPx2=0 order=2 bound=1
2026.10.01-12.58.46 SNAPSHOT applied seq=50 phase=ACTION_MANEUVER
2026.10.01-12.58.46 HANDLE_APPLIED #74 seq=50 decision=2 fightersValid=1 boardValid=1
2026.10.01-12.58.46 closed mode=
2026.10.01-12.58.46 MODE seq=50 mode=0 combat=0 pending=0
2026.10.01-12.58.46 HUD seq=50 phase=ACTION_MANEUVER turn=you hand=6 oppHand=5(hidden) oppDeck=18 deck=17 discard=7
2026.10.01-12.58.46 ARTPREVIEW fighter=Medusa hero=1 eligible=0 visual=1 mesh=SK_Medusa_H2LD
2026.10.01-12.58.46 FIGHTERS synced n=6 alive=6 own=2 enemy=4
2026.10.01-12.58.46 MANEUVER done seq=50 (apply) fighters=6 boost=no
2026.10.01-12.58.46 SNAPSHOT applied seq=50 phase=ACTION_MANEUVER
2026.10.01-12.58.46 HANDLE_APPLIED #75 seq=50 decision=1 fightersValid=1 boardValid=1
2026.10.01-12.58.46 MODE seq=50 mode=0 combat=0 pending=0
2026.10.01-12.58.46 HUD seq=50 phase=ACTION_MANEUVER turn=you hand=6 oppHand=5(hidden) oppDeck=18 deck=17 discard=7
2026.10.01-12.58.46 ARTPREVIEW fighter=Medusa hero=1 eligible=0 visual=1 mesh=SK_Medusa_H2LD
2026.10.01-12.58.46 FIGHTERS synced n=6 alive=6 own=2 enemy=4
2026.10.01-12.58.46 WS seq=50 phase=ACTION_MANEUVER (merge)
2026.10.01-12.58.46 PLATE hidden fighter=f-1-hero
2026.10.01-12.58.46 TAG fighter=f-0-hero bbox=(932,654,1034,676) mode=compact look=P1 placement=above ring=0 hardPx2=0 softPx2=0 order=4 bound=1
2026.10.01-12.58.46 TAG fighter=f-0-sk0 bbox=(633,447,717,469) mode=compact look=P1 placement=above ring=0 hardPx2=0 softPx2=0 order=0 bound=1
2026.10.01-12.58.46 TAG fighter=f-0-sk1 bbox=(396,458,480,480) mode=compact look=P1 placement=above ring=0 hardPx2=0 softPx2=0 order=1 bound=1
2026.10.01-12.58.46 TAG fighter=f-0-sk2 bbox=(469,584,553,606) mode=compact look=P1 placement=right ring=0 hardPx2=0 softPx2=0 order=3 bound=1
2026.10.01-12.58.46 TAG fighter=f-1-hero bbox=(1059,707,1152,729) mode=compact look=P2 placement=above ring=0 hardPx2=0 softPx2=0 order=5 bound=1
2026.10.01-12.58.46 TAG fighter=f-1-sk0 bbox=(1130,510,1214,532) mode=compact look=P2 placement=above ring=0 hardPx2=0 softPx2=0 order=2 bound=1
2026.10.01-12.58.46 TAG fighter=f-0-hero bbox=(932,654,1034,676) mode=compact look=P1 placement=above ring=0 hardPx2=0 softPx2=0 order=4 bound=1
2026.10.01-12.58.46 TAG fighter=f-0-sk0 bbox=(633,447,717,469) mode=compact look=P1 placement=above ring=0 hardPx2=0 softPx2=0 order=0 bound=1
2026.10.01-12.58.46 TAG fighter=f-0-sk1 bbox=(396,458,480,480) mode=compact look=P1 placement=above ring=0 hardPx2=0 softPx2=0 order=1 bound=1
2026.10.01-12.58.46 TAG fighter=f-0-sk2 bbox=(469,584,553,606) mode=compact look=P1 placement=right ring=0 hardPx2=0 softPx2=0 order=3 bound=1
2026.10.01-12.58.46 TAG fighter=f-1-hero bbox=(1059,707,1152,729) mode=compact look=P2 placement=above ring=0 hardPx2=0 softPx2=0 order=5 bound=1
2026.10.01-12.58.46 TAG fighter=f-1-sk0 bbox=(1130,510,1214,532) mode=compact look=P2 placement=above ring=0 hardPx2=0 softPx2=0 order=2 bound=1
2026.10.01-12.58.46 game -> room=cmupjgel1008bwi7ka3fcxt4t code=<redacted> status=IN_PROGRESS
2026.10.01-12.58.47 S09AUTO drive mode=0 plan=[attack+ranged+defend+resolve] phase=ACTION_MANEUVER turn=cmuhntiwu0001wib0z281rpa8
2026.10.01-12.58.47 S09AUTO ranged target attacker=f-1-sk0 at=S25 target=f-0-hero at=S35 via=shared-zone (not linked) prefer=ranged
2026.10.01-12.58.47 S09AUTO attack (attacker=f-1-sk0 target-set card-set)
2026.10.01-12.58.47 ATTACK sent
2026.10.01-12.58.47 ARTPREVIEW combat marker fighter=Medusa attacker=0 target=1 icon=1 targetMesh=SM_Marker_TargetRing iconMode=screen targetArcScaleXY=0.920
2026.10.01-12.58.47 ARTPREVIEW combat marker fighter=Merlin attacker=1 target=0 icon=0 targetMesh=SM_Marker_TargetRing iconMode=screen targetArcScaleXY=0.718
2026.10.01-12.58.47 TAG fighter=f-0-hero bbox=(932,654,1034,676) mode=compact look=P1 placement=above ring=0 hardPx2=0 softPx2=0 order=0 bound=1
2026.10.01-12.58.47 TAG fighter=f-0-sk0 bbox=(633,447,717,469) mode=compact look=P1 placement=above ring=0 hardPx2=0 softPx2=0 order=1 bound=1
2026.10.01-12.58.47 TAG fighter=f-0-sk1 bbox=(396,458,480,480) mode=compact look=P1 placement=above ring=0 hardPx2=0 softPx2=0 order=2 bound=1
2026.10.01-12.58.47 TAG fighter=f-0-sk2 bbox=(469,584,553,606) mode=compact look=P1 placement=right ring=0 hardPx2=0 softPx2=0 order=4 bound=1
2026.10.01-12.58.47 TAG fighter=f-1-hero bbox=(1150,731,1243,753) mode=compact look=P2 placement=right ring=0 hardPx2=0 softPx2=0 order=5 bound=1
2026.10.01-12.58.47 TAG fighter=f-1-sk0 bbox=(1130,510,1214,532) mode=compact look=P2 placement=above ring=0 hardPx2=0 softPx2=0 order=3 bound=1
2026.10.01-12.58.47 ICON fighter=f-0-hero bbox=(1026,700,1058,732) size=32 src=combat anchor=right fallback=0 overlapPx2=0 texture=/Game/ArtTests/ARTMarkers/Textures/T_UI_Action_AttackToken_32
2026.10.01-12.58.47 SNAPSHOT applied seq=51 phase=COMBAT
2026.10.01-12.58.47 HANDLE_APPLIED #76 seq=51 decision=2 fightersValid=1 boardValid=1
2026.10.01-12.58.47 closed mode=
2026.10.01-12.58.47 MODE seq=51 mode=0 combat=1 pending=0
2026.10.01-12.58.47 HUD seq=51 phase=COMBAT turn=you hand=5 oppHand=5(hidden) oppDeck=18 deck=17 discard=8
2026.10.01-12.58.47 ARTPREVIEW fighter=Medusa hero=1 eligible=0 visual=1 mesh=SK_Medusa_H2LD
2026.10.01-12.58.47 FIGHTERS synced n=6 alive=6 own=2 enemy=4
2026.10.01-12.58.47 ATTACK done seq=51 (apply) phase=COMBAT
2026.10.01-12.58.47 SNAPSHOT applied seq=51 phase=COMBAT
2026.10.01-12.58.47 HANDLE_APPLIED #77 seq=51 decision=1 fightersValid=1 boardValid=1
2026.10.01-12.58.47 MODE seq=51 mode=0 combat=1 pending=0
2026.10.01-12.58.47 HUD seq=51 phase=COMBAT turn=you hand=5 oppHand=5(hidden) oppDeck=18 deck=17 discard=8
2026.10.01-12.58.47 ARTPREVIEW fighter=Medusa hero=1 eligible=0 visual=1 mesh=SK_Medusa_H2LD
2026.10.01-12.58.47 FIGHTERS synced n=6 alive=6 own=2 enemy=4
2026.10.01-12.58.47 WS seq=51 phase=COMBAT (merge)
2026.10.01-12.58.47 TAG fighter=f-0-hero bbox=(932,654,1034,676) mode=compact look=P1 placement=above ring=0 hardPx2=0 softPx2=0 order=0 bound=1
2026.10.01-12.58.47 TAG fighter=f-0-sk0 bbox=(633,447,717,469) mode=compact look=P1 placement=above ring=0 hardPx2=0 softPx2=0 order=1 bound=1
2026.10.01-12.58.47 TAG fighter=f-0-sk1 bbox=(396,458,480,480) mode=compact look=P1 placement=above ring=0 hardPx2=0 softPx2=0 order=2 bound=1
2026.10.01-12.58.47 TAG fighter=f-0-sk2 bbox=(469,584,553,606) mode=compact look=P1 placement=right ring=0 hardPx2=0 softPx2=0 order=4 bound=1
2026.10.01-12.58.47 TAG fighter=f-1-hero bbox=(1150,731,1243,753) mode=compact look=P2 placement=right ring=0 hardPx2=0 softPx2=0 order=5 bound=1
2026.10.01-12.58.47 TAG fighter=f-1-sk0 bbox=(1130,510,1214,532) mode=compact look=P2 placement=above ring=0 hardPx2=0 softPx2=0 order=3 bound=1
2026.10.01-12.58.47 ICON fighter=f-0-hero bbox=(1026,700,1058,732) size=32 src=combat anchor=right fallback=0 overlapPx2=0 texture=/Game/ArtTests/ARTMarkers/Textures/T_UI_Action_AttackToken_32
2026.10.01-12.58.47 SNAPSHOT applied seq=52 phase=ACTION_MANEUVER
2026.10.01-12.58.47 HANDLE_APPLIED #78 seq=52 decision=2 fightersValid=1 boardValid=1
2026.10.01-12.58.47 ARTPREVIEW anim fighter=f-1-sk0 clip=LungeAttack len=0.583 event=attack loop=0 phase=0.0000 seq=52 asset=AM_Merlin_LungeAttack
2026.10.01-12.58.47 COMBAT-RESULT seq=52 damage=3 role=attacked
2026.10.01-12.58.47 ARTPREVIEW combat marker fighter=Medusa attacker=0 target=0 icon=0 targetMesh=SM_Marker_TargetRing iconMode=screen targetArcScaleXY=0.920
2026.10.01-12.58.47 ARTPREVIEW combat marker fighter=Merlin attacker=0 target=0 icon=0 targetMesh=SM_Marker_TargetRing iconMode=screen targetArcScaleXY=0.718
2026.10.01-12.58.47 MODE seq=52 mode=0 combat=0 pending=1
2026.10.01-12.58.47 HUD seq=52 phase=ACTION_MANEUVER turn=opp hand=5 oppHand=5(hidden) oppDeck=18~ deck=17~ discard=8
2026.10.01-12.58.47 ARTPREVIEW fighter=Medusa hero=1 eligible=0 visual=1 mesh=SK_Medusa_H2LD
2026.10.01-12.58.47 FIGHTERS synced n=6 alive=6 own=2 enemy=4
2026.10.01-12.58.47 ARTPREVIEW damage-number fighter=f-0-hero amount=3 seq=52 cell=(4,4)
2026.10.01-12.58.47 ARTPREVIEW anim fighter=f-0-hero clip=HitReact len=0.417 event=damaged loop=0 phase=0.0000 seq=52 asset=AM_Medusa_HitReact
2026.10.01-12.58.47 CUE damage f-0-hero -3 seq=52
2026.10.01-12.58.47 WS seq=52 phase=ACTION_MANEUVER (apply)
2026.10.01-12.58.47 TAG fighter=f-0-hero bbox=(936,654,1029,676) mode=compact look=P1 placement=above ring=0 hardPx2=0 softPx2=0 order=0 bound=1
2026.10.01-12.58.47 TAG fighter=f-0-sk0 bbox=(633,447,717,469) mode=compact look=P1 placement=above ring=0 hardPx2=0 softPx2=0 order=1 bound=1
2026.10.01-12.58.47 TAG fighter=f-0-sk1 bbox=(396,458,480,480) mode=compact look=P1 placement=above ring=0 hardPx2=0 softPx2=0 order=2 bound=1
2026.10.01-12.58.47 TAG fighter=f-0-sk2 bbox=(469,584,553,606) mode=compact look=P1 placement=right ring=0 hardPx2=0 softPx2=0 order=4 bound=1
2026.10.01-12.58.47 TAG fighter=f-1-hero bbox=(1059,707,1152,729) mode=compact look=P2 placement=above ring=0 hardPx2=0 softPx2=0 order=5 bound=1
2026.10.01-12.58.47 TAG fighter=f-1-sk0 bbox=(1130,510,1214,532) mode=compact look=P2 placement=above ring=0 hardPx2=0 softPx2=0 order=3 bound=1
2026.10.01-12.58.47 HUD icon hidden fighter=f-0-hero
2026.10.01-12.58.47 DAMAGE fighter=f-0-hero bbox=(1031,651,1071,679) amount=3 seq=52 placement=right ring=0 hardPx2=0 softPx2=0
2026.10.01-12.58.47 SNAPSHOT applied seq=53 phase=ACTION_MANEUVER
2026.10.01-12.58.47 HANDLE_APPLIED #79 seq=53 decision=2 fightersValid=1 boardValid=1
2026.10.01-12.58.47 MODE seq=53 mode=0 combat=0 pending=0
2026.10.01-12.58.47 HUD seq=53 phase=ACTION_MANEUVER turn=opp hand=5 oppHand=5(hidden) oppDeck=18~ deck=17~ discard=8
2026.10.01-12.58.47 ARTPREVIEW fighter=Medusa hero=1 eligible=0 visual=1 mesh=SK_Medusa_H2LD
2026.10.01-12.58.47 FIGHTERS synced n=6 alive=6 own=2 enemy=4
2026.10.01-12.58.47 ARTPREVIEW damage-number fighter=f-1-hero amount=1 seq=53 cell=(5,5)
2026.10.01-12.58.47 ARTPREVIEW anim fighter=f-1-hero clip=HitReact len=0.417 event=damaged loop=0 phase=0.0000 seq=53 asset=AM_KingArthur_HitReact
2026.10.01-12.58.47 CUE damage f-1-hero -1 seq=53
2026.10.01-12.58.47 WS seq=53 phase=ACTION_MANEUVER (apply)
2026.10.01-12.58.47 TAG fighter=f-0-hero bbox=(936,654,1029,676) mode=compact look=P1 placement=above ring=0 hardPx2=0 softPx2=0 order=5 bound=1
2026.10.01-12.58.47 TAG fighter=f-0-sk0 bbox=(633,447,717,469) mode=compact look=P1 placement=above ring=0 hardPx2=0 softPx2=0 order=1 bound=1
2026.10.01-12.58.47 TAG fighter=f-0-sk1 bbox=(396,458,480,480) mode=compact look=P1 placement=above ring=0 hardPx2=0 softPx2=0 order=2 bound=1
2026.10.01-12.58.47 TAG fighter=f-0-sk2 bbox=(469,584,553,606) mode=compact look=P1 placement=right ring=0 hardPx2=0 softPx2=0 order=4 bound=1
2026.10.01-12.58.47 TAG fighter=f-1-hero bbox=(1059,707,1152,729) mode=compact look=P2 placement=above ring=0 hardPx2=0 softPx2=0 order=0 bound=1
2026.10.01-12.58.47 TAG fighter=f-1-sk0 bbox=(1130,510,1214,532) mode=compact look=P2 placement=above ring=0 hardPx2=0 softPx2=0 order=3 bound=1
2026.10.01-12.58.47 DAMAGE fighter=f-1-hero bbox=(1154,704,1194,732) amount=1 seq=53 placement=right ring=0 hardPx2=0 softPx2=0
2026.10.01-12.58.48 SNAPSHOT applied seq=54 phase=COMBAT
2026.10.01-12.58.48 HANDLE_APPLIED #80 seq=54 decision=2 fightersValid=1 boardValid=1
2026.10.01-12.58.48 closed mode=
2026.10.01-12.58.48 MODE seq=54 mode=4 combat=1 pending=0
2026.10.01-12.58.48 HUD seq=54 phase=COMBAT turn=opp hand=5 oppHand=4(hidden) oppDeck=18~ deck=17~ discard=8
2026.10.01-12.58.48 ARTPREVIEW combat marker fighter=Medusa attacker=1 target=0 icon=0 targetMesh=SM_Marker_TargetRing iconMode=screen targetArcScaleXY=0.920
2026.10.01-12.58.48 ARTPREVIEW combat marker fighter=King Arthur attacker=0 target=1 icon=1 targetMesh=SM_Marker_TargetRing iconMode=screen targetArcScaleXY=0.920
2026.10.01-12.58.48 ARTPREVIEW fighter=Medusa hero=1 eligible=0 visual=1 mesh=SK_Medusa_H2LD
2026.10.01-12.58.48 FIGHTERS synced n=6 alive=6 own=2 enemy=4
2026.10.01-12.58.48 WS seq=54 phase=COMBAT (apply)
2026.10.01-12.58.48 S09AUTO drive mode=4 plan=[attack+ranged+defend+resolve] phase=COMBAT turn=cmuhntivg0000wib0anhqyswc
2026.10.01-12.58.48 S09AUTO no legal defense card - falling back to no-defense
2026.10.01-12.58.48 NO-DEFENSE sent (defender closes the window)
2026.10.01-12.58.48 TAG fighter=f-0-hero bbox=(936,654,1029,676) mode=compact look=P1 placement=above ring=0 hardPx2=0 softPx2=0 order=5 bound=1
2026.10.01-12.58.48 TAG fighter=f-0-sk0 bbox=(633,447,717,469) mode=compact look=P1 placement=above ring=0 hardPx2=0 softPx2=0 order=1 bound=1
2026.10.01-12.58.48 TAG fighter=f-0-sk1 bbox=(396,458,480,480) mode=compact look=P1 placement=above ring=0 hardPx2=0 softPx2=0 order=2 bound=1
2026.10.01-12.58.48 TAG fighter=f-0-sk2 bbox=(469,584,553,606) mode=compact look=P1 placement=right ring=0 hardPx2=0 softPx2=0 order=4 bound=1
2026.10.01-12.58.48 TAG fighter=f-1-hero bbox=(1059,707,1152,729) mode=compact look=P2 placement=above ring=0 hardPx2=0 softPx2=0 order=0 bound=1
2026.10.01-12.58.48 TAG fighter=f-1-sk0 bbox=(1130,510,1214,532) mode=compact look=P2 placement=above ring=0 hardPx2=0 softPx2=0 order=3 bound=1
2026.10.01-12.58.48 ICON fighter=f-1-hero bbox=(1151,754,1183,786) size=32 src=combat anchor=right fallback=0 overlapPx2=0 texture=/Game/ArtTests/ARTMarkers/Textures/T_UI_Action_AttackToken_32
2026.10.01-12.58.48 ARTPREVIEW anim fighter=f-0-hero clip=Idle len=2.333 event=clipFinished loop=1 phase=0.8071 seq=-1 asset=AM_Medusa_Idle
2026.10.01-12.58.48 ARTPREVIEW anim fighter=f-1-hero clip=Idle len=2.500 event=clipFinished loop=1 phase=0.3470 seq=-1 asset=AM_KingArthur_Idle
2026.10.01-12.58.48 TAG fighter=f-0-hero bbox=(936,654,1029,676) mode=compact look=P1 placement=above ring=0 hardPx2=0 softPx2=0 order=5 bound=1
2026.10.01-12.58.48 TAG fighter=f-0-sk0 bbox=(633,447,717,469) mode=compact look=P1 placement=above ring=0 hardPx2=0 softPx2=0 order=1 bound=1
2026.10.01-12.58.48 TAG fighter=f-0-sk1 bbox=(396,458,480,480) mode=compact look=P1 placement=above ring=0 hardPx2=0 softPx2=0 order=2 bound=1
2026.10.01-12.58.48 TAG fighter=f-0-sk2 bbox=(469,584,553,606) mode=compact look=P1 placement=right ring=0 hardPx2=0 softPx2=0 order=4 bound=1
2026.10.01-12.58.48 TAG fighter=f-1-hero bbox=(1059,707,1152,729) mode=compact look=P2 placement=above ring=0 hardPx2=0 softPx2=0 order=0 bound=1
2026.10.01-12.58.48 TAG fighter=f-1-sk0 bbox=(1130,510,1214,532) mode=compact look=P2 placement=above ring=0 hardPx2=0 softPx2=0 order=3 bound=1
2026.10.01-12.58.48 ICON fighter=f-1-hero bbox=(1151,754,1183,786) size=32 src=combat anchor=right fallback=0 overlapPx2=0 texture=/Game/ArtTests/ARTMarkers/Textures/T_UI_Action_AttackToken_32
2026.10.01-12.58.48 ARTPREVIEW anim fighter=f-1-sk0 clip=Idle len=3.000 event=clipFinished loop=1 phase=0.8028 seq=-1 asset=AM_Merlin_Idle
2026.10.01-12.58.48 SNAPSHOT applied seq=55 phase=COMBAT_RESOLVE
2026.10.01-12.58.48 HANDLE_APPLIED #81 seq=55 decision=2 fightersValid=1 boardValid=1
2026.10.01-12.58.48 ARTPREVIEW anim fighter=f-0-hero clip=LungeAttack len=0.583 event=attack loop=0 phase=0.0000 seq=55 asset=AM_Medusa_LungeAttack
2026.10.01-12.58.48 closed mode=
2026.10.01-12.58.48 MODE seq=55 mode=5 combat=1 pending=1
2026.10.01-12.58.48 HUD seq=55 phase=COMBAT_RESOLVE turn=opp hand=5 oppHand=4(hidden) oppDeck=18 deck=17 discard=8
2026.10.01-12.58.48 RESOLVE panel blocked by pending (type=BOOST_CHOICE id=cmuhgvgkf00smwi9gaeymh3ur-during-0-boost-54)
2026.10.01-12.58.48 ARTPREVIEW fighter=Medusa hero=1 eligible=0 visual=1 mesh=SK_Medusa_H2LD
2026.10.01-12.58.48 FIGHTERS synced n=6 alive=6 own=2 enemy=4
2026.10.01-12.58.48 RESOLVE done seq=55 (apply) phase=COMBAT_RESOLVE
2026.10.01-12.58.48 SNAPSHOT applied seq=55 phase=COMBAT_RESOLVE
2026.10.01-12.58.48 HANDLE_APPLIED #82 seq=55 decision=1 fightersValid=1 boardValid=1
2026.10.01-12.58.48 MODE seq=55 mode=5 combat=1 pending=1
2026.10.01-12.58.48 HUD seq=55 phase=COMBAT_RESOLVE turn=opp hand=5 oppHand=4(hidden) oppDeck=18 deck=17 discard=8
2026.10.01-12.58.48 ARTPREVIEW fighter=Medusa hero=1 eligible=0 visual=1 mesh=SK_Medusa_H2LD
2026.10.01-12.58.48 FIGHTERS synced n=6 alive=6 own=2 enemy=4
2026.10.01-12.58.48 WS seq=55 phase=COMBAT_RESOLVE (merge)
2026.10.01-12.58.48 S09AUTO drive mode=5 plan=[attack+ranged+defend+resolve] phase=COMBAT_RESOLVE turn=cmuhntivg0000wib0anhqyswc
2026.10.01-12.58.48 S09AUTO resolve-blocked shot (type=BOOST_CHOICE)
2026.10.01-12.58.48 SHOT ctx viewport=1920x1080 viewTarget=CameraActor_2147482233 cam=(0,1342,1917) rot=(-55,-90,0)
2026.10.01-12.58.48 RENDER tag=SHOT rhi=D3D12 featureLevel=SM6 shaderPlatform=PCD3D_SM6 lumenPlatform=1 gi=lumen giMethod=1 refl=lumen reflMethod=1 shadows=csm vsmEnable=0 sg.res=100 sg.view=2 sg.aa=2 sg.shadow=2 sg.gi=2 sg.refl=2 sg.pp=2 sg.tex=2 sg.fx=2 sg.foliage=2 sg.shading=2 sg.landscape=2 preset=High screenPct=100.0 screenPctMode=0 aa=TSR aaMethod=4 exposure=fixed-histogram expMin=4.14106 expMax=4.14106 expBias=0.000 ev100=2.05 lightUnits=candelas sky=1 skyIntensity=3.000 keyShadow=csm-3600uu-2c-contact0.000 shadowCasters=1 profile=sarpedon-night profilesSha256=f7e257eea8ecb88e5f81d37f3be97da6862e500247ad3c0b07c5a1aaf28d1802 profilesSource=pak legacyRender=0 gameLayer=unlit-eyeadaptinv tMaxFPS=30.0 vsync=0 frameRateLimit=60.0 substrate=0 nanite=1 meshDF=1 viewport=1920x1080 reference=1
2026.10.01-12.58.48 SHOT fighter f-0-hero pos=(4,4) world=(16,189,0) screen=(982,752) projected=1 alive=1
2026.10.01-12.58.48 SHOT fighter f-0-sk0 pos=(2,2) world=(-218,-13,0) screen=(678,527) projected=1 alive=1
2026.10.01-12.58.48 SHOT fighter f-0-sk1 pos=(0,2) world=(-398,-3,0) screen=(442,537) projected=1 alive=1
2026.10.01-12.58.48 SHOT fighter f-0-sk2 pos=(0,3) world=(-394,92,0) screen=(435,640) projected=1 alive=1
2026.10.01-12.58.48 SHOT fighter f-1-hero pos=(5,5) world=(104,237,0) screen=(1103,808) projected=1 alive=1
2026.10.01-12.58.48 SHOT fighter f-1-sk0 pos=(6,3) world=(159,52,0) screen=(1169,596) projected=1 alive=1
2026.10.01-12.58.48 SHOT camera dist=2340.2 target=2340.2 overview=2340.2 errPct=0.000 focusErr=0.00 settled=1 zoom=1.00
2026.10.01-12.58.48 SHOT head fighter=f-0-hero socket=Head mesh=SK_Medusa_H2LD world=(16.9,188.6,47.1) screen=(983.5,717.0) top=(983.6,712.6) bottom=(983.5,721.3) headPx=8.8 projected=1
2026.10.01-12.58.48 SHOT head fighter=f-0-sk0 socket=Head mesh=SK_Harpy_H3LD world=(-218.0,-7.4,34.0) screen=(673.5,506.4) top=(672.9,501.8) bottom=(674.1,511.0) headPx=9.3 projected=1
2026.10.01-12.58.48 SHOT head fighter=f-0-sk1 socket=Head mesh=SK_Harpy_H3LD world=(-398.2,2.8,34.0) screen=(435.3,517.3) top=(434.1,512.7) bottom=(436.4,521.8) headPx=9.4 projected=1
2026.10.01-12.58.48 SHOT head fighter=f-0-sk2 socket=Head mesh=SK_Harpy_H3LD world=(-393.9,87.1,34.3) screen=(429.8,609.5) top=(428.7,605.0) bottom=(431.0,614.0) headPx=9.3 projected=1
2026.10.01-12.58.48 SHOT head fighter=f-1-hero socket=Head mesh=SK_KingArthur_H2LD world=(104.0,235.8,50.1) screen=(1106.4,771.3) top=(1106.7,767.0) bottom=(1106.1,775.6) headPx=8.7 projected=1
2026.10.01-12.58.48 SHOT head fighter=f-1-sk0 socket=Head mesh=SK_Merlin_H2LD world=(159.0,49.1,36.7) screen=(1172.1,565.6) top=(1172.6,561.0) bottom=(1171.7,570.1) headPx=9.1 projected=1
2026.10.01-12.58.48 SHOT figure fighter=f-0-hero bbox=(943,678,1023,785) ringR=28.50 art=1 blockout=0 team=P1 look=P1 ring=1
2026.10.01-12.58.48 SHOT figure fighter=f-0-sk0 bbox=(642,471,708,550) ringR=22.23 art=1 blockout=0 team=P1 look=P1 ring=1
2026.10.01-12.58.48 SHOT figure fighter=f-0-sk1 bbox=(402,482,474,561) ringR=22.23 art=1 blockout=0 team=P1 look=P1 ring=1
2026.10.01-12.58.48 SHOT figure fighter=f-0-sk2 bbox=(394,584,467,665) ringR=22.23 art=1 blockout=0 team=P1 look=P1 ring=1
2026.10.01-12.58.48 SHOT figure fighter=f-1-hero bbox=(1063,731,1148,842) ringR=28.50 art=1 blockout=0 team=P2 look=P2 ring=1
2026.10.01-12.58.48 SHOT figure fighter=f-1-sk0 bbox=(1139,534,1204,620) ringR=22.23 art=1 blockout=0 team=P2 look=P2 ring=1
2026.10.01-12.58.48 SHOT request file=s09-resolve-blocked-BOOST_CHOICE.png frame=579
2026.10.01-12.58.48 SHOT requested: FScreenshotRequest(bShowUI) -> C:\Users\ren\AppData\Local\Temp\s09-combat-20261001-175646-29856\joiner/s09-resolve-blocked-BOOST_CHOICE.png
2026.10.01-12.58.49 SHOT captured file=s09-resolve-blocked-BOOST_CHOICE.png frame=579 px=1920x1080 sha256=e138d10e2cb30c020c5e5ff32a797c8c0daaf6e0a770e79512f173016e297c6b order=BGRA saved=1
2026.10.01-12.58.49 SHOT late begin file=s09-resolve-blocked-BOOST_CHOICE.png frame=579 requestFrame=579
2026.10.01-12.58.49 SHOT icon fighter=f-1-hero bbox=(1151,754,1183,786) size=32 src=combat planned=(1151,754,1183,786) geom=painted visible=1 anchor=right fallback=0 overlapPx2=0 texture=/Game/ArtTests/ARTMarkers/Textures/T_UI_Action_AttackToken_32 frame=579
2026.10.01-12.58.49 SHOT widget id=icon impl=umg state=combat fighter=f-1-hero bbox=(1151,754,1183,786) geom=painted visible=1 twin=0 source=/Game/S08/UI/ArtHud/WBP_S08ArtIcon frame=579
2026.10.01-12.58.49 SHOT widget id=board.tag impl=umg state=compact fighter=f-0-hero bbox=(936,654,1029,676) geom=painted visible=1 twin=0 source=/Game/S08/UI/ArtHud/WBP_S08ArtTag mode=compact look=P1 shape=circle placement=above ring=0 order=5 bound=1 softPx2=0 planned=(936,654,1029,676) frame=579
2026.10.01-12.58.49 SHOT widget id=board.tag.hp impl=umg state=compact fighter=f-0-hero bbox=(992,656,1025,674) geom=painted visible=1 twin=0 source=/Game/S08/UI/ArtHud/WBP_S08ArtTag mode=compact look=P1 shape=circle placement=above ring=0 order=5 bound=1 softPx2=0 planned=(936,654,1029,676) frame=579 font=11
2026.10.01-12.58.49 SHOT widget id=board.tag.bar impl=umg state=compact fighter=f-0-hero bbox=(955,663,989,668) geom=painted visible=1 twin=0 source=/Game/S08/UI/ArtHud/WBP_S08ArtTag mode=compact look=P1 shape=circle placement=above ring=0 order=5 bound=1 softPx2=0 planned=(936,654,1029,676) frame=579
2026.10.01-12.58.49 SHOT widget id=board.tag.chip impl=umg state=compact fighter=f-0-hero bbox=(940,659,952,671) geom=painted visible=1 twin=0 source=/Game/S08/UI/ArtHud/WBP_S08ArtTag mode=compact look=P1 shape=circle placement=above ring=0 order=5 bound=1 softPx2=0 planned=(936,654,1029,676) frame=579
2026.10.01-12.58.49 SHOT widget id=board.tag impl=umg state=compact fighter=f-0-sk0 bbox=(633,447,717,469) geom=painted visible=1 twin=0 source=/Game/S08/UI/ArtHud/WBP_S08ArtTag mode=compact look=P1 shape=circle placement=above ring=0 order=1 bound=1 softPx2=0 planned=(633,447,717,469) frame=579
2026.10.01-12.58.49 SHOT widget id=board.tag.hp impl=umg state=compact fighter=f-0-sk0 bbox=(689,449,713,467) geom=painted visible=1 twin=0 source=/Game/S08/UI/ArtHud/WBP_S08ArtTag mode=compact look=P1 shape=circle placement=above ring=0 order=1 bound=1 softPx2=0 planned=(633,447,717,469) frame=579 font=11
2026.10.01-12.58.49 SHOT widget id=board.tag.bar impl=umg state=compact fighter=f-0-sk0 bbox=(652,456,686,461) geom=painted visible=1 twin=0 source=/Game/S08/UI/ArtHud/WBP_S08ArtTag mode=compact look=P1 shape=circle placement=above ring=0 order=1 bound=1 softPx2=0 planned=(633,447,717,469) frame=579
2026.10.01-12.58.49 SHOT widget id=board.tag.chip impl=umg state=compact fighter=f-0-sk0 bbox=(637,452,649,464) geom=painted visible=1 twin=0 source=/Game/S08/UI/ArtHud/WBP_S08ArtTag mode=compact look=P1 shape=circle placement=above ring=0 order=1 bound=1 softPx2=0 planned=(633,447,717,469) frame=579
2026.10.01-12.58.49 SHOT widget id=board.tag impl=umg state=compact fighter=f-0-sk1 bbox=(396,458,480,480) geom=painted visible=1 twin=0 source=/Game/S08/UI/ArtHud/WBP_S08ArtTag mode=compact look=P1 shape=circle placement=above ring=0 order=2 bound=1 softPx2=0 planned=(396,458,480,480) frame=579
2026.10.01-12.58.49 SHOT widget id=board.tag.hp impl=umg state=compact fighter=f-0-sk1 bbox=(452,460,476,478) geom=painted visible=1 twin=0 source=/Game/S08/UI/ArtHud/WBP_S08ArtTag mode=compact look=P1 shape=circle placement=above ring=0 order=2 bound=1 softPx2=0 planned=(396,458,480,480) frame=579 font=11
2026.10.01-12.58.49 SHOT widget id=board.tag.bar impl=umg state=compact fighter=f-0-sk1 bbox=(415,467,449,472) geom=painted visible=1 twin=0 source=/Game/S08/UI/ArtHud/WBP_S08ArtTag mode=compact look=P1 shape=circle placement=above ring=0 order=2 bound=1 softPx2=0 planned=(396,458,480,480) frame=579
2026.10.01-12.58.49 SHOT widget id=board.tag.chip impl=umg state=compact fighter=f-0-sk1 bbox=(400,463,412,475) geom=painted visible=1 twin=0 source=/Game/S08/UI/ArtHud/WBP_S08ArtTag mode=compact look=P1 shape=circle placement=above ring=0 order=2 bound=1 softPx2=0 planned=(396,458,480,480) frame=579
2026.10.01-12.58.49 SHOT widget id=board.tag impl=umg state=compact fighter=f-0-sk2 bbox=(469,584,553,606) geom=painted visible=1 twin=0 source=/Game/S08/UI/ArtHud/WBP_S08ArtTag mode=compact look=P1 shape=circle placement=right ring=0 order=4 bound=1 softPx2=0 planned=(469,584,553,606) frame=579
2026.10.01-12.58.49 SHOT widget id=board.tag.hp impl=umg state=compact fighter=f-0-sk2 bbox=(525,586,549,604) geom=painted visible=1 twin=0 source=/Game/S08/UI/ArtHud/WBP_S08ArtTag mode=compact look=P1 shape=circle placement=right ring=0 order=4 bound=1 softPx2=0 planned=(469,584,553,606) frame=579 font=11
2026.10.01-12.58.49 SHOT widget id=board.tag.bar impl=umg state=compact fighter=f-0-sk2 bbox=(488,593,522,598) geom=painted visible=1 twin=0 source=/Game/S08/UI/ArtHud/WBP_S08ArtTag mode=compact look=P1 shape=circle placement=right ring=0 order=4 bound=1 softPx2=0 planned=(469,584,553,606) frame=579
2026.10.01-12.58.49 SHOT widget id=board.tag.chip impl=umg state=compact fighter=f-0-sk2 bbox=(473,589,485,601) geom=painted visible=1 twin=0 source=/Game/S08/UI/ArtHud/WBP_S08ArtTag mode=compact look=P1 shape=circle placement=right ring=0 order=4 bound=1 softPx2=0 planned=(469,584,553,606) frame=579
2026.10.01-12.58.49 SHOT widget id=board.tag impl=umg state=compact fighter=f-1-hero bbox=(1059,707,1152,729) geom=painted visible=1 twin=0 source=/Game/S08/UI/ArtHud/WBP_S08ArtTag mode=compact look=P2 shape=hex placement=above ring=0 order=0 bound=1 softPx2=0 planned=(1059,707,1152,729) frame=579
2026.10.01-12.58.49 SHOT widget id=board.tag.hp impl=umg state=compact fighter=f-1-hero bbox=(1115,709,1148,727) geom=painted visible=1 twin=0 source=/Game/S08/UI/ArtHud/WBP_S08ArtTag mode=compact look=P2 shape=hex placement=above ring=0 order=0 bound=1 softPx2=0 planned=(1059,707,1152,729) frame=579 font=11
2026.10.01-12.58.49 SHOT widget id=board.tag.bar impl=umg state=compact fighter=f-1-hero bbox=(1078,716,1112,721) geom=painted visible=1 twin=0 source=/Game/S08/UI/ArtHud/WBP_S08ArtTag mode=compact look=P2 shape=hex placement=above ring=0 order=0 bound=1 softPx2=0 planned=(1059,707,1152,729) frame=579
2026.10.01-12.58.49 SHOT widget id=board.tag.chip impl=umg state=compact fighter=f-1-hero bbox=(1063,712,1075,724) geom=painted visible=1 twin=0 source=/Game/S08/UI/ArtHud/WBP_S08ArtTag mode=compact look=P2 shape=hex placement=above ring=0 order=0 bound=1 softPx2=0 planned=(1059,707,1152,729) frame=579
2026.10.01-12.58.49 SHOT widget id=board.tag impl=umg state=compact fighter=f-1-sk0 bbox=(1130,510,1214,532) geom=painted visible=1 twin=0 source=/Game/S08/UI/ArtHud/WBP_S08ArtTag mode=compact look=P2 shape=hex placement=above ring=0 order=3 bound=1 softPx2=0 planned=(1130,510,1214,532) frame=579
2026.10.01-12.58.49 SHOT widget id=board.tag.hp impl=umg state=compact fighter=f-1-sk0 bbox=(1186,512,1210,530) geom=painted visible=1 twin=0 source=/Game/S08/UI/ArtHud/WBP_S08ArtTag mode=compact look=P2 shape=hex placement=above ring=0 order=3 bound=1 softPx2=0 planned=(1130,510,1214,532) frame=579 font=11
2026.10.01-12.58.49 SHOT widget id=board.tag.bar impl=umg state=compact fighter=f-1-sk0 bbox=(1149,519,1183,524) geom=painted visible=1 twin=0 source=/Game/S08/UI/ArtHud/WBP_S08ArtTag mode=compact look=P2 shape=hex placement=above ring=0 order=3 bound=1 softPx2=0 planned=(1130,510,1214,532) frame=579
2026.10.01-12.58.49 SHOT widget id=board.tag.chip impl=umg state=compact fighter=f-1-sk0 bbox=(1134,515,1146,527) geom=painted visible=1 twin=0 source=/Game/S08/UI/ArtHud/WBP_S08ArtTag mode=compact look=P2 shape=hex placement=above ring=0 order=3 bound=1 softPx2=0 planned=(1130,510,1214,532) frame=579
2026.10.01-12.58.49 SHOT widget id=board.damage impl=umg state=damage fighter=f-1-hero bbox=(1154,704,1194,732) geom=painted visible=1 twin=0 source=/Game/S08/UI/ArtHud/WBP_S08ArtDamage amount=1 seq=53 placement=right_ring=0_hardPx2=0_softPx2=0 stableFrames=4 planned=(1154,704,1194,732) frame=579
2026.10.01-12.58.49 SHOT widget id=board.damage.text impl=umg state=damage fighter=f-1-hero bbox=(1162,704,1186,732) geom=painted visible=1 twin=0 source=/Game/S08/UI/ArtHud/WBP_S08ArtDamage amount=1 seq=53 placement=right_ring=0_hardPx2=0_softPx2=0 stableFrames=4 planned=(1154,704,1194,732) frame=579 font=18
2026.10.01-12.58.49 SHOT damage fighter=f-1-hero bbox=(1154,704,1194,732) frame=579
2026.10.01-12.58.49 SHOT panel id=hud.command bbox=(0,0,698,226) geom=painted visible=1 frame=579
2026.10.01-12.58.49 SHOT panel id=hud.side bbox=(1431,0,1920,121) geom=painted visible=1 frame=579
2026.10.01-12.58.49 SHOT panel id=hud.hand bbox=(363,985,1558,1080) geom=painted visible=1 frame=579
2026.10.01-12.58.49 SHOT late end file=s09-resolve-blocked-BOOST_CHOICE.png frame=579
2026.10.01-12.58.49 S09AUTO resolve
2026.10.01-12.58.49 TAG fighter=f-0-hero bbox=(936,654,1029,676) mode=compact look=P1 placement=above ring=0 hardPx2=0 softPx2=0 order=5 bound=1
2026.10.01-12.58.49 TAG fighter=f-0-sk0 bbox=(633,447,717,469) mode=compact look=P1 placement=above ring=0 hardPx2=0 softPx2=0 order=1 bound=1
2026.10.01-12.58.49 TAG fighter=f-0-sk1 bbox=(396,458,480,480) mode=compact look=P1 placement=above ring=0 hardPx2=0 softPx2=0 order=2 bound=1
2026.10.01-12.58.49 TAG fighter=f-0-sk2 bbox=(469,584,553,606) mode=compact look=P1 placement=right ring=0 hardPx2=0 softPx2=0 order=4 bound=1
2026.10.01-12.58.49 TAG fighter=f-1-hero bbox=(1059,707,1152,729) mode=compact look=P2 placement=above ring=0 hardPx2=0 softPx2=0 order=0 bound=1
2026.10.01-12.58.49 TAG fighter=f-1-sk0 bbox=(1130,510,1214,532) mode=compact look=P2 placement=above ring=0 hardPx2=0 softPx2=0 order=3 bound=1
2026.10.01-12.58.49 ICON fighter=f-1-hero bbox=(1151,754,1183,786) size=32 src=combat anchor=right fallback=0 overlapPx2=0 texture=/Game/ArtTests/ARTMarkers/Textures/T_UI_Action_AttackToken_32
2026.10.01-12.58.49 S09AUTO resolve
2026.10.01-12.58.49 TAG fighter=f-0-hero bbox=(936,654,1029,676) mode=compact look=P1 placement=above ring=0 hardPx2=0 softPx2=0 order=5 bound=1
2026.10.01-12.58.49 TAG fighter=f-0-sk0 bbox=(633,447,717,469) mode=compact look=P1 placement=above ring=0 hardPx2=0 softPx2=0 order=1 bound=1
2026.10.01-12.58.49 TAG fighter=f-0-sk1 bbox=(396,458,480,480) mode=compact look=P1 placement=above ring=0 hardPx2=0 softPx2=0 order=2 bound=1
2026.10.01-12.58.49 TAG fighter=f-0-sk2 bbox=(469,584,553,606) mode=compact look=P1 placement=right ring=0 hardPx2=0 softPx2=0 order=4 bound=1
2026.10.01-12.58.49 TAG fighter=f-1-hero bbox=(1059,707,1152,729) mode=compact look=P2 placement=above ring=0 hardPx2=0 softPx2=0 order=0 bound=1
2026.10.01-12.58.49 TAG fighter=f-1-sk0 bbox=(1130,510,1214,532) mode=compact look=P2 placement=above ring=0 hardPx2=0 softPx2=0 order=3 bound=1
2026.10.01-12.58.49 ICON fighter=f-1-hero bbox=(1151,754,1183,786) size=32 src=combat anchor=right fallback=0 overlapPx2=0 texture=/Game/ArtTests/ARTMarkers/Textures/T_UI_Action_AttackToken_32
2026.10.01-12.58.49 S09AUTO resolve
2026.10.01-12.58.49 ARTPREVIEW anim fighter=f-0-hero clip=Idle len=2.333 event=clipFinished loop=1 phase=0.8071 seq=-1 asset=AM_Medusa_Idle
2026.10.01-12.58.49 S09AUTO resolve
2026.10.01-12.58.49 S09AUTO resolve
2026.10.01-12.58.49 S09AUTO resolve
2026.10.01-12.58.49 S09AUTO resolve
2026.10.01-12.58.49 S09AUTO resolve
2026.10.01-12.58.49 S09AUTO resolve
2026.10.01-12.58.49 S09AUTO resolve
2026.10.01-12.58.49 game -> room=cmupjgel1008bwi7ka3fcxt4t code=<redacted> status=IN_PROGRESS
2026.10.01-12.58.49 S09AUTO resolve
2026.10.01-12.58.50 S09AUTO resolve
2026.10.01-12.58.50 S09AUTO resolve
2026.10.01-12.58.50 S09AUTO resolve
2026.10.01-12.58.50 S09AUTO resolve
2026.10.01-12.58.50 S09AUTO resolve
2026.10.01-12.58.50 PERF window t=50.9-56.0 frames=41 fps=7.48 frameMs avg=133.66 p50=109.93 p95=234.14 p99=861.55 max=861.55 hitches50=32 gpuMs avg=2.99 p50=2.94 p95=3.47 gameMs avg=30.76 p95=62.74 renderMs avg=109.76 p95=212.26
2026.10.01-12.58.50 S09AUTO resolve
2026.10.01-12.58.50 S09AUTO resolve
2026.10.01-12.58.50 S09AUTO resolve
2026.10.01-12.58.51 S09AUTO resolve
2026.10.01-12.58.51 S09AUTO resolve
2026.10.01-12.58.51 S09AUTO resolve
2026.10.01-12.58.51 S09AUTO resolve
2026.10.01-12.58.51 S09AUTO resolve
2026.10.01-12.58.51 S09AUTO resolve
2026.10.01-12.58.51 S09AUTO resolve
2026.10.01-12.58.51 S09AUTO resolve
2026.10.01-12.58.51 S09AUTO resolve
2026.10.01-12.58.51 S09AUTO resolve
2026.10.01-12.58.52 S09AUTO resolve
2026.10.01-12.58.52 S09AUTO resolve
2026.10.01-12.58.52 S09AUTO resolve
2026.10.01-12.58.52 S09AUTO resolve
2026.10.01-12.58.52 S09AUTO resolve
2026.10.01-12.58.52 SNAPSHOT applied seq=56 phase=GAME_OVER
2026.10.01-12.58.52 HANDLE_APPLIED #83 seq=56 decision=2 fightersValid=1 boardValid=1
2026.10.01-12.58.52 COMBAT-RESULT seq=56 damage=3 role=defended
2026.10.01-12.58.52 ARTPREVIEW combat marker fighter=Medusa attacker=0 target=0 icon=0 targetMesh=SM_Marker_TargetRing iconMode=screen targetArcScaleXY=0.920
2026.10.01-12.58.52 ARTPREVIEW combat marker fighter=King Arthur attacker=0 target=0 icon=0 targetMesh=SM_Marker_TargetRing iconMode=screen targetArcScaleXY=0.920
2026.10.01-12.58.52 closed mode=
2026.10.01-12.58.52 MODE seq=56 mode=0 combat=1 pending=1
2026.10.01-12.58.52 RESULT seq=56 outcome=DEFEAT winner=Medusa
2026.10.01-12.58.52 HUD seq=56 phase=GAME_OVER turn=opp hand=5 oppHand=3(hidden) oppDeck=18~ deck=17~ discard=8
2026.10.01-12.58.52 ARTPREVIEW fighter=Medusa hero=1 eligible=0 visual=1 mesh=SK_Medusa_H2LD
2026.10.01-12.58.52 ARTPREVIEW anim fighter=f-1-hero clip=DeathSettle len=0.875 event=defeated loop=0 phase=0.0000 seq=-1 asset=AM_KingArthur_DeathSettle
2026.10.01-12.58.52 ARTPREVIEW anim fighter=f-1-hero death hold=2.875
2026.10.01-12.58.52 FIGHTERS synced n=6 alive=5 own=1 enemy=4
2026.10.01-12.58.52 ARTPREVIEW damage-number fighter=f-1-hero amount=3 seq=56 cell=(5,5)
2026.10.01-12.58.52 CUE damage f-1-hero -3 seq=56
2026.10.01-12.58.52 WS seq=56 phase=GAME_OVER (apply)
2026.10.01-12.58.52 HUD icon hidden fighter=f-1-hero
2026.10.01-12.58.53 game -> room=cmupjgel1008bwi7ka3fcxt4t code=<redacted> status=FINISHED
2026.10.01-12.58.54 S09AUTO result-screen shot
2026.10.01-12.58.54 SHOT ctx viewport=1920x1080 viewTarget=CameraActor_2147482233 cam=(0,1342,1917) rot=(-55,-90,0)
2026.10.01-12.58.54 RENDER tag=SHOT rhi=D3D12 featureLevel=SM6 shaderPlatform=PCD3D_SM6 lumenPlatform=1 gi=lumen giMethod=1 refl=lumen reflMethod=1 shadows=csm vsmEnable=0 sg.res=100 sg.view=2 sg.aa=2 sg.shadow=2 sg.gi=2 sg.refl=2 sg.pp=2 sg.tex=2 sg.fx=2 sg.foliage=2 sg.shading=2 sg.landscape=2 preset=High screenPct=100.0 screenPctMode=0 aa=TSR aaMethod=4 exposure=fixed-histogram expMin=4.14106 expMax=4.14106 expBias=0.000 ev100=2.05 lightUnits=candelas sky=1 skyIntensity=3.000 keyShadow=csm-3600uu-2c-contact0.000 shadowCasters=1 profile=sarpedon-night profilesSha256=f7e257eea8ecb88e5f81d37f3be97da6862e500247ad3c0b07c5a1aaf28d1802 profilesSource=pak legacyRender=0 gameLayer=unlit-eyeadaptinv tMaxFPS=30.0 vsync=0 frameRateLimit=60.0 substrate=0 nanite=1 meshDF=1 viewport=1920x1080 reference=1
2026.10.01-12.58.54 SHOT fighter f-0-hero pos=(4,4) world=(16,189,0) screen=(982,752) projected=1 alive=1
2026.10.01-12.58.54 SHOT fighter f-0-sk0 pos=(2,2) world=(-218,-13,0) screen=(678,527) projected=1 alive=1
2026.10.01-12.58.54 SHOT fighter f-0-sk1 pos=(0,2) world=(-398,-3,0) screen=(442,537) projected=1 alive=1
2026.10.01-12.58.54 SHOT fighter f-0-sk2 pos=(0,3) world=(-394,92,0) screen=(435,640) projected=1 alive=1
2026.10.01-12.58.54 SHOT fighter f-1-hero pos=(5,5) world=(104,237,0) screen=(1103,808) projected=1 alive=0
2026.10.01-12.58.54 SHOT fighter f-1-sk0 pos=(6,3) world=(159,52,0) screen=(1169,596) projected=1 alive=1
2026.10.01-12.58.54 SHOT camera dist=2340.2 target=2340.2 overview=2340.2 errPct=0.000 focusErr=0.00 settled=1 zoom=1.00
2026.10.01-12.58.54 SHOT head fighter=f-0-hero socket=Head mesh=SK_Medusa_H2LD world=(16.1,188.9,47.2) screen=(982.3,717.2) top=(982.4,712.8) bottom=(982.3,721.6) headPx=8.8 projected=1
2026.10.01-12.58.54 SHOT head fighter=f-0-sk0 socket=Head mesh=SK_Harpy_H3LD world=(-218.2,-7.4,33.9) screen=(673.3,506.4) top=(672.7,501.8) bottom=(673.9,511.0) headPx=9.3 projected=1
2026.10.01-12.58.54 SHOT head fighter=f-0-sk1 socket=Head mesh=SK_Harpy_H3LD world=(-398.3,2.8,34.0) screen=(435.2,517.3) top=(434.1,512.7) bottom=(436.3,521.9) headPx=9.4 projected=1
2026.10.01-12.58.54 SHOT head fighter=f-0-sk2 socket=Head mesh=SK_Harpy_H3LD world=(-394.1,87.0,34.3) screen=(429.6,609.5) top=(428.4,605.0) bottom=(430.7,614.0) headPx=9.3 projected=1
2026.10.01-12.58.54 SHOT head fighter=f-1-hero socket=Head mesh=SK_KingArthur_H2LD world=(113.5,225.4,45.5) screen=(1118.9,762.2) top=(1119.3,757.8) bottom=(1118.6,766.5) headPx=8.7 projected=1
2026.10.01-12.58.54 SHOT head fighter=f-1-sk0 socket=Head mesh=SK_Merlin_H2LD world=(159.2,48.8,36.5) screen=(1172.4,565.4) top=(1172.9,560.8) bottom=(1172.0,569.9) headPx=9.1 projected=1
2026.10.01-12.58.54 SHOT figure fighter=f-0-hero bbox=(943,678,1023,785) ringR=28.50 art=1 blockout=0 team=P1 look=P1 ring=1
2026.10.01-12.58.54 SHOT figure fighter=f-0-sk0 bbox=(642,471,708,550) ringR=22.23 art=1 blockout=0 team=P1 look=P1 ring=1
2026.10.01-12.58.54 SHOT figure fighter=f-0-sk1 bbox=(402,482,474,561) ringR=22.23 art=1 blockout=0 team=P1 look=P1 ring=1
2026.10.01-12.58.54 SHOT figure fighter=f-0-sk2 bbox=(394,584,467,665) ringR=22.23 art=1 blockout=0 team=P1 look=P1 ring=1
2026.10.01-12.58.54 SHOT figure fighter=f-1-sk0 bbox=(1139,534,1204,620) ringR=22.23 art=1 blockout=0 team=P2 look=P2 ring=1
2026.10.01-12.58.54 SHOT request file=s09-result-screen.png frame=627
2026.10.01-12.58.54 SHOT requested: FScreenshotRequest(bShowUI) -> C:\Users\ren\AppData\Local\Temp\s09-combat-20261001-175646-29856\joiner/s09-result-screen.png
2026.10.01-12.58.55 SHOT captured file=s09-result-screen.png frame=627 px=1920x1080 sha256=8d030fb3fd91c481d235cd10eec6187949f51f48b21970afd36d9e7990e85152 order=BGRA saved=1
2026.10.01-12.58.55 SHOT late begin file=s09-result-screen.png frame=627 requestFrame=627
2026.10.01-12.58.55 SHOT iconstate visible=0 lastFighter=none frame=627
2026.10.01-12.58.55 SHOT panel id=hud.command bbox=(0,0,554,236) geom=painted visible=1 frame=627
2026.10.01-12.58.55 SHOT panel id=hud.side bbox=(1884,0,1920,28) geom=painted visible=1 frame=627
2026.10.01-12.58.55 SHOT panel id=hud.hand bbox=(950,1060,970,1080) geom=painted visible=1 frame=627
2026.10.01-12.58.55 SHOT late end file=s09-result-screen.png frame=627
2026.10.01-12.58.55 RESULT lobby-return sent (leaveGame)
2026.10.01-12.58.55 LEFT room=cmupjgel1008bwi7ka3fcxt4t
2026.10.01-12.58.55 GAMEPLAY HUD cleared (left Started)
2026.10.01-12.58.55 STREAM torn down (left match)
2026.10.01-12.58.56 PERF window t=56.0-61.0 frames=49 fps=8.77 frameMs avg=114.06 p50=82.47 p95=242.71 p99=955.82 max=955.82 hitches50=30 gpuMs avg=2.68 p50=2.89 p95=3.20 gameMs avg=11.74 p95=20.56 renderMs avg=85.67 p95=208.20
2026.10.01-12.58.59 S09AUTO lobby-return shot
2026.10.01-12.58.59 SHOT ctx viewport=1920x1080 viewTarget=CameraActor_2147482233 cam=(0,1342,1917) rot=(-55,-90,0)
2026.10.01-12.58.59 RENDER tag=SHOT rhi=D3D12 featureLevel=SM6 shaderPlatform=PCD3D_SM6 lumenPlatform=1 gi=lumen giMethod=1 refl=lumen reflMethod=1 shadows=csm vsmEnable=0 sg.res=100 sg.view=2 sg.aa=2 sg.shadow=2 sg.gi=2 sg.refl=2 sg.pp=2 sg.tex=2 sg.fx=2 sg.foliage=2 sg.shading=2 sg.landscape=2 preset=High screenPct=100.0 screenPctMode=0 aa=TSR aaMethod=4 exposure=engine-default expMin=1.00000 expMax=1.00000 expBias=1.000 ev100=0.00 lightUnits=- sky=0 skyIntensity=0.000 keyShadow=- shadowCasters=0 profile=- profilesSha256=- profilesSource=- legacyRender=0 gameLayer=unlit-eyeadaptinv tMaxFPS=30.0 vsync=0 frameRateLimit=60.0 substrate=0 nanite=1 meshDF=1 viewport=1920x1080 reference=0 notReference=noArtProfile,exposure,lightUnits,profilesSource
2026.10.01-12.58.59 SHOT request file=s09-lobby-return.png frame=744
2026.10.01-12.58.59 SHOT requested: FScreenshotRequest(bShowUI) -> C:\Users\ren\AppData\Local\Temp\s09-combat-20261001-175646-29856\joiner/s09-lobby-return.png
2026.10.01-12.59.18 SHOT captured file=s09-lobby-return.png frame=744 px=1920x1080 sha256=1dcff9f49426d2acf8532616815eeec0eee75f885765fbe850bdd6d75c2a56e6 order=BGRA saved=1
2026.10.01-12.59.18 SHOT late begin file=s09-lobby-return.png frame=744 requestFrame=744
2026.10.01-12.59.18 SHOT late end file=s09-lobby-return.png frame=744
2026.10.01-12.59.18 S09AUTO duel flow complete (GAME_OVER -> result shown -> lobby return) - exiting
2026.10.01-12.59.18 --- S08 trace close ---
