2026.10.01-06.50.10 --- S08 trace open 2026.10.01-06.50.10 ---
2026.10.01-06.50.10 HUD team chips ready=1 mode=absolute tagNames=rule
2026.10.01-06.50.10 HUD icon texture size=32 ready=1 path=/Game/ArtTests/ARTMarkers/Textures/T_UI_Action_AttackToken_32 texture=32x32 probe=0 plate=1
2026.10.01-06.50.10 HUD art widget tag impl=umg source=/Game/S08/UI/ArtHud/WBP_S08ArtTag class=/Game/S08/UI/ArtHud/WBP_S08ArtTag.WBP_S08ArtTag_C count=8 missing=- codeDefaultTree=0
2026.10.01-06.50.10 HUD art widget plate impl=umg source=/Game/S08/UI/ArtHud/WBP_S08ArtPlate class=/Game/S08/UI/ArtHud/WBP_S08ArtPlate.WBP_S08ArtPlate_C parts=1 missing=- codeDefaultTree=0
2026.10.01-06.50.10 HUD art widget icon impl=umg source=/Game/S08/UI/ArtHud/WBP_S08ArtIcon class=/Game/S08/UI/ArtHud/WBP_S08ArtIcon.WBP_S08ArtIcon_C parts=1 missing=- codeDefaultTree=0
2026.10.01-06.50.10 HUD art widget damage impl=umg source=/Game/S08/UI/ArtHud/WBP_S08ArtDamage class=/Game/S08/UI/ArtHud/WBP_S08ArtDamage.WBP_S08ArtDamage_C parts=1 missing=- codeDefaultTree=0
2026.10.01-06.50.10 RENDER preset applied=High flag=S08RenderPreset
2026.10.01-06.50.10 S09AUTO config flow=1 boost=0 shotDir=C:\Users\ren\AppData\Local\Temp\s09-combat-20261001-115008-24636\host
2026.10.01-06.50.10 LOGIN ok user=s09-gd034-host
2026.10.01-06.50.13 HEROES loaded 84
2026.10.01-06.50.13 createGame -> room=cmup6cvy300ozwi9o9iiyl6ot code=<redacted> status=LOBBY
2026.10.01-06.50.15 PERF config tMaxFPS=30.0 frameRateLimit=60.0 vsync=0 smoothFrameRate=0 fixedFrameRate=0 rhi=D3D12
2026.10.01-06.50.15 RENDER tag=PERF rhi=D3D12 featureLevel=SM6 shaderPlatform=PCD3D_SM6 lumenPlatform=1 gi=lumen giMethod=1 refl=lumen reflMethod=1 shadows=csm vsmEnable=0 sg.res=100 sg.view=2 sg.aa=2 sg.shadow=2 sg.gi=2 sg.refl=2 sg.pp=2 sg.tex=2 sg.fx=2 sg.foliage=2 sg.shading=2 sg.landscape=2 preset=High screenPct=100.0 screenPctMode=0 aa=TSR aaMethod=4 exposure=engine-default expMin=1.00000 expMax=1.00000 expBias=1.000 ev100=0.00 lightUnits=- sky=0 skyIntensity=0.000 keyShadow=- shadowCasters=0 profile=- profilesSha256=- profilesSource=- legacyRender=0 gameLayer=unlit-eyeadaptinv tMaxFPS=30.0 vsync=0 frameRateLimit=60.0 substrate=0 nanite=1 meshDF=1 viewport=1920x1080 reference=0 notReference=noArtProfile,exposure,lightUnits,profilesSource
2026.10.01-06.50.15 PERF window t=0.0-5.0 frames=151 fps=29.99 frameMs avg=33.35 p50=33.33 p95=33.34 p99=33.36 max=35.05 hitches50=0 gpuMs avg=1.31 p50=1.37 p95=1.50 gameMs avg=1.48 p95=1.97 renderMs avg=2848.98 p95=4.16
2026.10.01-06.50.16 game -> room=cmup6cvy300ozwi9o9iiyl6ot code=<redacted> status=LOBBY
2026.10.01-06.50.16 selectHero -> room=cmup6cvy300ozwi9o9iiyl6ot code=<redacted> status=LOBBY
2026.10.01-06.50.19 game -> room=cmup6cvy300ozwi9o9iiyl6ot code=<redacted> status=LOBBY
2026.10.01-06.50.19 toggleReady -> room=cmup6cvy300ozwi9o9iiyl6ot code=<redacted> status=LOBBY
2026.10.01-06.50.20 PERF window t=5.0-10.0 frames=150 fps=29.99 frameMs avg=33.34 p50=33.33 p95=33.37 p99=33.57 max=33.63 hitches50=0 gpuMs avg=1.26 p50=1.25 p95=1.36 gameMs avg=1.31 p95=2.13 renderMs avg=2.75 p95=4.84
2026.10.01-06.50.22 game -> room=cmup6cvy300ozwi9o9iiyl6ot code=<redacted> status=LOBBY
2026.10.01-06.50.25 PERF window t=10.0-15.0 frames=150 fps=30.00 frameMs avg=33.33 p50=33.33 p95=33.33 p99=33.35 max=33.36 hitches50=0 gpuMs avg=1.24 p50=1.24 p95=1.28 gameMs avg=1.11 p95=1.33 renderMs avg=2.36 p95=2.89
2026.10.01-06.50.25 game -> room=cmup6cvy300ozwi9o9iiyl6ot code=<redacted> status=LOBBY
2026.10.01-06.50.28 game -> room=cmup6cvy300ozwi9o9iiyl6ot code=<redacted> status=LOBBY
2026.10.01-06.50.28 startGame -> room=cmup6cvy300ozwi9o9iiyl6ot code=<redacted> status=IN_PROGRESS
2026.10.01-06.50.28 S09AUTO drive mode=0 plan=[attack+defend+ownresult] phase= turn=
2026.10.01-06.50.28 SNAPSHOT applied seq=1 phase=ACTION_MANEUVER
2026.10.01-06.50.28 HANDLE_APPLIED #1 seq=1 decision=2 fightersValid=1 boardValid=1
2026.10.01-06.50.28 MODE seq=1 mode=0 combat=0 pending=0
2026.10.01-06.50.28 HUD seq=1 phase=ACTION_MANEUVER turn=you hand=5 oppHand=5(hidden) oppDeck=25 deck=25 discard=0
2026.10.01-06.50.28 ARTPREVIEW diorama requested mesh=/Game/PipelineCandidates/TableBase/20260928-table-base-tripo-h31/Meshes/SM_TableBase.SM_TableBase mi=MI_TableBase_Candidate
2026.10.01-06.50.28 ARTPREVIEW envlayout enabled dir=Config/ArtBoards/EnvLayouts source=pak files=2 names=marmoreal.layout.json+sarpedon.layout.json
2026.10.01-06.50.28 ARTPREVIEW board profiles loaded=1 revision=11 boards=5 zoneStyles=11 lightProfiles=5 errors=0 path=Config/ArtBoards/S08ArtBoardProfiles.json
2026.10.01-06.50.28 ARTPREVIEW board profiles source=pak sha256=c90dddd95a8a7a0b12294b1a6f47218d6e7a860f74b8c51660d4fdb00c320a8b
2026.10.01-06.50.28 ARTPREVIEW zone content instances=12/12 glyphMeshes=11/11
2026.10.01-06.50.28 ARTPREVIEW zone keyline content mi=MI_ART005_Zone_Keyline glyphKeyMeshes=11/11 color=#111317
2026.10.01-06.50.28 ARTPREVIEW game layer material=M_S08_GameLayerUnlit unlitEyeAdaptInv=1 legacyRender=0
2026.10.01-06.50.28 ARTPREVIEW Cobble assets ready
2026.10.01-06.50.28 ARTPREVIEW board assets ready cobbleMesh=1 tiles=1 zoneMaterials=2
2026.10.01-06.50.28 ARTPREVIEW medusa candidate variant=face-neck-v2 mesh=SK_Medusa_FaceNeck_v2Candidate requested=(default)
2026.10.01-06.50.28 ARTPREVIEW map-image assets map=Sarpedon mi=MI_Sarpedon_MapBoard material=M_MapBoard bc=T_Sarpedon_Map_BC_4K mask=T_Sarpedon_Map_GameMask_4K boundBc=1 boundMask=1 sdf=-1 id=-1
2026.10.01-06.50.28 ARTPREVIEW board profile=sarpedon-original match=boardId board=9x6 boardId=c7fa64a26c29a0835f2383e63 surface=map-image light=sarpedon-night artFixture=0 map=Sarpedon
2026.10.01-06.50.28 ARTPREVIEW light profile=sarpedon-night name=key role=key kind=directional at=(-350,-150,600) intensity=3.5 units=lux radius=0 color=(0.60,0.71,0.97) shadow=1
2026.10.01-06.50.28 ARTPREVIEW light profile=sarpedon-night name=moon-pool role=cool kind=point at=(0,0,750) intensity=260 units=candelas radius=1250 color=(0.82,0.88,1.00) shadow=0
2026.10.01-06.50.28 ARTPREVIEW sky profile=sarpedon-night cubemap=/Game/S08/Render/TC_S08_AmbientDome loaded=1 spawned=1 intensity=3 color=(0.58,0.70,1.00) lowerBlack=0
2026.10.01-06.50.28 ARTPREVIEW fog profile=sarpedon-night spawned=1 color=(0.2000,0.2550,0.4600) density=0.32 falloff=0.2 heightZ=-400 start=2900 end=6000 maxOpacity=1.00 volumetric=0
2026.10.01-06.50.28 ARTPREVIEW exposure profile=sarpedon-night method=histogram-fixed min=4.14106 max=4.14106 bias=0.000 ev100=2.05 volume=1
2026.10.01-06.50.28 ARTPREVIEW lights applied profile=sarpedon-night directional=1 shadow=1 points=1 pointShadows=0 budgetOk=1
2026.10.01-06.50.28 ARTPREVIEW render profile=sarpedon-night units=candelas sky=1 exposure=1 keyShadow=csm-3600uu-2c-contact0.000 shadowCasters=1 legacyRender=0
2026.10.01-06.50.28 ARTPREVIEW map grade profile=sarpedon-night source=profile nightEV=-0.35 nightSaturation=0.75 lift=1.70 nightTint=(0.9700,1.0000,1.0500) maskSaturation=1.05 liftSaturation=1.10 maskInverseTint=(1.0500,0.9960,0.8910) graph=v2 maskTerms=1
2026.10.01-06.50.28 ARTPREVIEW map frame wood=frame-wood material=M_MapFrameWood valueScaleSrgb=0.70 valueScaleLinear=0.4563 saturation=0.75
2026.10.01-06.50.28 ARTPREVIEW board active profile=sarpedon-original 9x6 surface=map-image map=Sarpedon spaces=38 links=61 starts=4 zoneKeys=6 multizone=4 triple=2 obstacles=16 size=891.3x577.3 src=1337x866 uuPerPx=0.6666667 frameUU=24 surfaceParts=4 corners=4 zoneMarks=0 lattice=0 pick=445.7x288.7 mi=MI_Sarpedon_MapBoard wood=1 expectOk=1
2026.10.01-06.50.28 ARTPREVIEW board map zone key=blue spaces=6 (painted, no zone marks)
2026.10.01-06.50.28 ARTPREVIEW board map zone key=brown spaces=5 (painted, no zone marks)
2026.10.01-06.50.28 ARTPREVIEW board map zone key=green spaces=8 (painted, no zone marks)
2026.10.01-06.50.28 ARTPREVIEW board map zone key=purple spaces=11 (painted, no zone marks)
2026.10.01-06.50.28 ARTPREVIEW board map zone key=red spaces=6 (painted, no zone marks)
2026.10.01-06.50.28 ARTPREVIEW board map zone key=yellow spaces=8 (painted, no zone marks)
2026.10.01-06.50.28 ARTPREVIEW envlayout prop id=fort-nw mesh=SM_Env_FortRuin loc=(-575.0,-418.0,-3.0) yaw=82.0 scale=1.000 shadow=1 size=169.4x73.3x110.0 bounds=(-659.7,-454.7,-3.0)..(-490.3,-381.3,107.0) overMap=0 onTray=1
2026.10.01-06.50.28 ARTPREVIEW envlayout prop id=campfire-nw mesh=SM_Env_Campfire loc=(-548.0,-352.0,-3.0) yaw=90.0 scale=1.200 shadow=1 size=47.8x48.0x20.2 bounds=(-571.9,-376.0,-3.0)..(-524.1,-328.0,17.2) overMap=0 onTray=1
2026.10.01-06.50.28 ARTPREVIEW envlayout prop id=tree-nw mesh=SM_Env_Tree loc=(-700.0,-318.0,-3.0) yaw=110.0 scale=1.050 shadow=1 size=247.9x214.3x199.5 bounds=(-824.0,-425.2,-3.0)..(-576.0,-210.8,196.5) overMap=0 onTray=1
2026.10.01-06.50.28 ARTPREVIEW envlayout prop id=tree-w mesh=SM_Env_Tree loc=(-690.0,-30.0,-3.0) yaw=70.0 scale=1.000 shadow=1 size=236.1x204.1x190.0 bounds=(-808.1,-132.0,-3.0)..(-571.9,72.0,187.0) overMap=0 onTray=1
2026.10.01-06.50.28 ARTPREVIEW envlayout prop id=tree-w2 mesh=SM_Env_Tree loc=(-700.0,-190.0,-3.0) yaw=200.0 scale=0.800 shadow=1 size=163.3x188.9x152.0 bounds=(-781.6,-284.5,-3.0)..(-618.4,-95.5,149.0) overMap=0 onTray=1
2026.10.01-06.50.28 ARTPREVIEW envlayout prop id=tree-w3 mesh=SM_Env_Tree loc=(-615.0,-255.0,-3.0) yaw=40.0 scale=0.650 shadow=1 size=155.1x159.4x123.5 bounds=(-692.6,-334.7,-3.0)..(-537.4,-175.3,120.5) overMap=0 onTray=1
2026.10.01-06.50.28 ARTPREVIEW envlayout prop id=tree-w4 mesh=SM_Env_Tree loc=(-625.0,-105.0,-3.0) yaw=320.0 scale=0.600 shadow=1 size=143.2x147.2x114.0 bounds=(-696.6,-178.6,-3.0)..(-553.4,-31.4,111.0) overMap=0 onTray=1
2026.10.01-06.50.28 ARTPREVIEW envlayout prop id=tree-w5 mesh=SM_Env_Tree loc=(-645.0,45.0,-3.0) yaw=150.0 scale=0.700 shadow=1 size=157.4x171.1x133.0 bounds=(-723.7,-40.5,-3.0)..(-566.3,130.5,130.0) overMap=0 onTray=1
2026.10.01-06.50.28 ARTPREVIEW envlayout prop id=tree-sw1 mesh=SM_Env_Tree loc=(-640.0,180.0,-3.0) yaw=300.0 scale=0.600 shadow=1 size=146.6x134.9x114.0 bounds=(-713.3,112.6,-3.0)..(-566.7,247.4,111.0) overMap=0 onTray=1
2026.10.01-06.50.28 ARTPREVIEW envlayout prop id=tree-sw2 mesh=SM_Env_Tree loc=(-615.0,290.0,-3.0) yaw=20.0 scale=0.500 shadow=1 size=102.0x118.1x95.0 bounds=(-666.0,231.0,-3.0)..(-564.0,349.0,92.0) overMap=0 onTray=1
2026.10.01-06.50.28 ARTPREVIEW envlayout prop id=palisade-n1 mesh=SM_Env_Palisade loc=(-440.0,-392.0,-3.0) yaw=90.0 scale=1.100 shadow=1 size=79.8x16.1x77.0 bounds=(-479.9,-400.0,-3.0)..(-400.1,-384.0,74.0) overMap=0 onTray=1
2026.10.01-06.50.28 ARTPREVIEW envlayout prop id=palisade-n2 mesh=SM_Env_Palisade loc=(-361.0,-390.0,-3.0) yaw=94.0 scale=1.100 shadow=1 size=80.7x21.6x77.0 bounds=(-401.4,-400.8,-3.0)..(-320.6,-379.2,74.0) overMap=0 onTray=1
2026.10.01-06.50.28 ARTPREVIEW envlayout prop id=palisade-w1 mesh=SM_Env_Palisade loc=(-556.7,-72.7,-3.0) yaw=15.0 scale=1.100 shadow=1 size=36.2x81.3x77.0 bounds=(-574.8,-113.3,-3.0)..(-538.6,-32.1,74.0) overMap=0 onTray=1
2026.10.01-06.50.28 ARTPREVIEW envlayout prop id=palisade-w2 mesh=SM_Env_Palisade loc=(-536.0,-150.0,-3.0) yaw=15.0 scale=1.100 shadow=1 size=36.2x81.3x77.0 bounds=(-554.1,-190.6,-3.0)..(-517.9,-109.4,74.0) overMap=0 onTray=1
2026.10.01-06.50.28 ARTPREVIEW envlayout prop id=palisade-w3 mesh=SM_Env_Palisade loc=(-540.0,205.0,-3.0) yaw=20.0 scale=1.100 shadow=1 size=42.4x80.5x77.0 bounds=(-561.2,164.7,-3.0)..(-518.8,245.3,74.0) overMap=0 onTray=1
2026.10.01-06.50.28 ARTPREVIEW envlayout prop id=campfire-w mesh=SM_Env_Campfire loc=(-560.0,85.0,-3.0) yaw=90.0 scale=1.000 shadow=1 size=39.8x40.0x16.8 bounds=(-579.9,65.0,-3.0)..(-540.1,105.0,13.8) overMap=0 onTray=1
2026.10.01-06.50.28 ARTPREVIEW envlayout prop id=hull-e1 mesh=SM_Env_Hull loc=(590.0,-125.0,-3.0) yaw=178.0 scale=0.850 shadow=1 size=63.5x256.8x217.9 bounds=(558.3,-253.4,-3.0)..(621.7,3.4,214.9) overMap=0 onTray=1
2026.10.01-06.50.28 ARTPREVIEW envlayout prop id=hull-e2 mesh=SM_Env_Hull loc=(575.0,128.0,-3.0) yaw=185.0 scale=0.850 shadow=1 size=76.6x258.8x217.9 bounds=(536.7,-1.4,-3.0)..(613.3,257.4,214.9) overMap=0 onTray=1
2026.10.01-06.50.28 ARTPREVIEW envlayout prop id=cannon-e1 mesh=SM_Env_Cannon loc=(513.0,-215.0,-3.0) yaw=178.0 scale=1.400 shadow=1 size=64.5x46.4x37.6 bounds=(480.7,-238.2,-3.0)..(545.3,-191.8,34.6) overMap=0 onTray=1
2026.10.01-06.50.28 ARTPREVIEW envlayout prop id=cannon-e2 mesh=SM_Env_Cannon loc=(513.0,-75.0,-3.0) yaw=178.0 scale=1.400 shadow=1 size=64.5x46.4x37.6 bounds=(480.7,-98.2,-3.0)..(545.3,-51.8,34.6) overMap=0 onTray=1
2026.10.01-06.50.28 ARTPREVIEW envlayout prop id=cannon-e3 mesh=SM_Env_Cannon loc=(508.0,60.0,-3.0) yaw=185.0 scale=1.400 shadow=1 size=66.6x49.6x37.6 bounds=(474.7,35.2,-3.0)..(541.3,84.8,34.6) overMap=0 onTray=1
2026.10.01-06.50.28 ARTPREVIEW envlayout prop id=cannon-e4 mesh=SM_Env_Cannon loc=(508.0,195.0,-3.0) yaw=185.0 scale=1.400 shadow=1 size=66.6x49.6x37.6 bounds=(474.7,170.2,-3.0)..(541.3,219.8,34.6) overMap=0 onTray=1
2026.10.01-06.50.28 ARTPREVIEW envlayout prop id=rope-ne mesh=SM_Env_Rope loc=(425.0,-385.0,-3.0) yaw=90.0 scale=1.800 shadow=1 size=39.6x38.4x18.8 bounds=(405.2,-404.2,-3.0)..(444.8,-365.8,15.8) overMap=0 onTray=1
2026.10.01-06.50.28 ARTPREVIEW envlayout prop id=rope-se mesh=SM_Env_Rope loc=(575.0,320.0,-3.0) yaw=90.0 scale=1.800 shadow=1 size=39.6x38.4x18.8 bounds=(555.2,300.8,-3.0)..(594.8,339.2,15.8) overMap=0 onTray=1
2026.10.01-06.50.28 ARTPREVIEW envlayout light id=campfire-nw kind=point at=(-548.0,-352.0,60.0) intensity=65 units=candelas radius=460 color=#FF8A3D shadow=0
2026.10.01-06.50.28 ARTPREVIEW envlayout light id=campfire-w kind=point at=(-560.0,85.0,60.0) intensity=55 units=candelas radius=420 color=#FF9A4A shadow=0
2026.10.01-06.50.28 ARTPREVIEW envlayout light id=ship-lantern-n kind=point at=(598.0,-225.0,150.0) intensity=85 units=candelas radius=420 color=#FFA552 shadow=0
2026.10.01-06.50.28 ARTPREVIEW envlayout light id=ship-lantern-s kind=point at=(592.0,0.0,145.0) intensity=80 units=candelas radius=400 color=#FFA552 shadow=0
2026.10.01-06.50.28 ARTPREVIEW envlayout light id=ship-lantern-stern kind=point at=(585.0,225.0,140.0) intensity=65 units=candelas radius=380 color=#FFA552 shadow=0
2026.10.01-06.50.28 ARTPREVIEW envlayout ground map=sarpedon mode=runtime strips=4 material=MI_EnvGround_Sarpedon z=-1.0 outer=(-780.0,-515.0)..(780.0,425.0) hole=(-467.7,-310.7)..(467.7,310.7) splatRect=(-820.0,-560.0)..(820.0,470.0) splatCovers=1 areaUU2=885246 falls=1/1 fallCards=2 status=ok
2026.10.01-06.50.28 ARTPREVIEW envlayout map=sarpedon props=24 lights=5 missingMeshes=0 layoutProps=24 layoutLights=5 skippedMissing=0 skippedInsideMap=0 intrusions=0 outsideTray=0 outsideKit=0 shadowCasters=24 profilePoints=1 combinedPoints=6 combinedBudgetOk=1 tray=layout trayApronMismatch=0 profile=sarpedon-original boardId=c7fa64a26c29a0835f2383e63 file=Config/ArtBoards/EnvLayouts/sarpedon.layout.json sha256=1cd648a3424eb8308bb32e8a5d8e0a0b664c66866461c26ea5f1e9a61379d738 source=pak status=ok
2026.10.01-06.50.28 ARTPREVIEW envlayout tray map=sarpedon source=layout outerHalf=780.0x470.0 offsetY=-45.0 frameHalf=469.7x312.7 mesh=T2 t2Top=780.0x470.0 mismatchUU=0.0
2026.10.01-06.50.28 ARTPREVIEW diorama tray-t2 loaded mesh=/Game/PipelineCandidates/TableBase/T2/SM_TableBase_T2 mi=MI_TableBase_T2
2026.10.01-06.50.28 ARTPREVIEW diorama tray=/Game/PipelineCandidates/TableBase/T2/SM_TableBase_T2.SM_TableBase_T2 mi=MI_TableBase_T2 surface=map-image yaw=0.0 scale=1.000x1.000x1.000 bounds=(-802.0,-530.4,-179.5)..(802.0,440.4,1.5) size=1604.0x970.8x181.0 topZ=-3.0 boardHalf=469.7x312.7 rimUU=112.3 collision=none kind=T2 topHalf=780.0x470.0 layoutHalf=780.0x470.0 offset=(0.0,-45.0) source=layout mismatchUU=0.0 match=1 anisotropy=1.000 lipTopZ=1.5 lipBandUU=20.0
2026.10.01-06.50.28 CAMERA extents source=map-image half=445.7x288.7 dist=2340.2 fit=1872.2 k1Mul=1.250
2026.10.01-06.50.28 CAMERA dist=2340 loc=(0,1342,1917) pitch=-55 yaw=-90
2026.10.01-06.50.28 CAMERA config overview=2340.2 nearest=300.0 farthest=2880.2 zoomRange=0.81-7.80 fit=1872.2 k1Mul=1.250 minDist=300.0 outRatio=0.650 step=1.250 animMs=200 returnMs=300 followFrom=1.20 source=defaults issues=0
2026.10.01-06.50.28 BOARD 9x6 cells | control points: (0,0)=(-393,-219,0) (8,5)=(400,250,0) | neighbor pair (dist 140 uu)
2026.10.01-06.50.28 BOARD topology spaces=38 links=61 starts=3:S03,4:S14,1:S20,2:S32 frame=1337x866px uuPerPx=0.6667 radius=42.0uu (default)
2026.10.01-06.50.28 ARTPREVIEW team mapping mode=absolute source=seatOrder viewerTeam=P1 p1=f-0-hero,f-0-sk0,f-0-sk1,f-0-sk2 p2=f-1-hero,f-1-sk0
2026.10.01-06.50.28 ARTPREVIEW heroesV2 fighter=f-0-hero mesh=/Game/PipelineCandidates/Medusa/H2LD/Meshes/SK_Medusa_H2LD mi=/Game/PipelineCandidates/Medusa/H2LD/Materials/MI_Medusa_H2LD_P1 yaw=90.0 scale=0.9998 name=Medusa hero=1 look=P1 base=/Game/PipelineCandidates/Medusa/H2LD/Meshes/SM_Medusa_H2LD_Base baseMi=/Game/PipelineCandidates/Medusa/H2LD/Materials/MI_Medusa_H2LD_Base_P1 skeleton=/Game/PipelineCandidates/Medusa/Rig/SK_Medusa_Skeleton.SK_Medusa_Skeleton clips=4/4 boundsTop=55.00 figureTop=55.00 budget=55.0
2026.10.01-06.50.28 ARTPREVIEW click capsule fighter=f-0-hero mesh=SK_Medusa_H2LD physicsAsset=0 radius=11.6 halfHeight=27.5 top=55.0 bodyCollision=0 source=meshBounds
2026.10.01-06.50.28 ARTPREVIEW fighter=Medusa hero=1 eligible=0 visual=1 mesh=SK_Medusa_H2LD
2026.10.01-06.50.28 ARTPREVIEW team ring fighter=f-0-hero team=P1 look=P1 mode=absolute shape=circle shown=1 mesh=SM_Marker_TeamRing_P1 fill=#E8C06A keyline=#111317 fillLinear=(0.8070,0.5271,0.1441) zMin=0.60 zMax=1.20 scale=1.00 base=hidden blockout=0 art=1 rim=#FFFFFF
2026.10.01-06.50.28 ARTPREVIEW anim fighter=f-0-hero clip=Idle len=2.333 event=spawn loop=1 phase=0.8071 seq=-1 asset=AM_Medusa_Idle
2026.10.01-06.50.28 ARTPREVIEW readability contact shadow material=/Game/EnvMaps/M_MapContactShadow.M_MapContactShadow loaded=1
2026.10.01-06.50.28 ARTPREVIEW readability fighter=f-0-hero hero=1 contactShadow=1 diameterUU=52.0 strength=0.25 leaderPip=1 look=P1 ringScale=1.00
2026.10.01-06.50.28 ARTPREVIEW heroesV2 fighter=f-0-sk0 mesh=/Game/PipelineCandidates/Harpy/H3LD/Meshes/SK_Harpy_H3LD mi=/Game/PipelineCandidates/Harpy/H3LD/Materials/MI_Harpy_H3LD_P1 yaw=270.0 scale=1.0000 name=Harpies hero=0 look=P1 base=/Game/PipelineCandidates/Harpy/H3LD/Meshes/SM_Harpy_H3LD_Base baseMi=/Game/PipelineCandidates/Harpy/H3LD/Materials/MI_Harpy_H3LD_Base_P1 skeleton=/Game/PipelineCandidates/Harpy/Rig/SK_Harpy_Skeleton.SK_Harpy_Skeleton clips=4/4 boundsTop=42.00 figureTop=42.00 budget=42.0
2026.10.01-06.50.28 ARTPREVIEW click capsule fighter=f-0-sk0 mesh=SK_Harpy_H3LD physicsAsset=0 radius=20.0 halfHeight=21.0 top=42.0 bodyCollision=0 source=meshBounds
2026.10.01-06.50.28 ARTPREVIEW team ring fighter=f-0-sk0 team=P1 look=P1 mode=absolute shape=circle shown=1 mesh=SM_Marker_TeamRing_P1 fill=#E8C06A keyline=#111317 fillLinear=(0.8070,0.5271,0.1441) zMin=0.60 zMax=1.20 scale=0.78 base=hidden blockout=0 art=1 rim=#FFFFFF
2026.10.01-06.50.28 ARTPREVIEW anim fighter=f-0-sk0 clip=Idle len=2.000 event=spawn loop=1 phase=0.6635 seq=-1 asset=AM_Harpy_Idle
2026.10.01-06.50.28 ARTPREVIEW readability fighter=f-0-sk0 hero=0 contactShadow=1 diameterUU=40.6 strength=0.25 leaderPip=0 look=P1 ringScale=0.78
2026.10.01-06.50.28 ARTPREVIEW heroesV2 fighter=f-0-sk1 mesh=/Game/PipelineCandidates/Harpy/H3LD/Meshes/SK_Harpy_H3LD mi=/Game/PipelineCandidates/Harpy/H3LD/Materials/MI_Harpy_H3LD_P1 yaw=90.0 scale=1.0000 name=Harpies hero=0 look=P1 base=/Game/PipelineCandidates/Harpy/H3LD/Meshes/SM_Harpy_H3LD_Base baseMi=/Game/PipelineCandidates/Harpy/H3LD/Materials/MI_Harpy_H3LD_Base_P1 skeleton=/Game/PipelineCandidates/Harpy/Rig/SK_Harpy_Skeleton.SK_Harpy_Skeleton clips=4/4 boundsTop=42.00 figureTop=42.00 budget=42.0
2026.10.01-06.50.28 ARTPREVIEW click capsule fighter=f-0-sk1 mesh=SK_Harpy_H3LD physicsAsset=0 radius=20.0 halfHeight=21.0 top=42.0 bodyCollision=0 source=meshBounds
2026.10.01-06.50.28 ARTPREVIEW team ring fighter=f-0-sk1 team=P1 look=P1 mode=absolute shape=circle shown=1 mesh=SM_Marker_TeamRing_P1 fill=#E8C06A keyline=#111317 fillLinear=(0.8070,0.5271,0.1441) zMin=0.60 zMax=1.20 scale=0.78 base=hidden blockout=0 art=1 rim=#FFFFFF
2026.10.01-06.50.28 ARTPREVIEW anim fighter=f-0-sk1 clip=Idle len=2.000 event=spawn loop=1 phase=0.9016 seq=-1 asset=AM_Harpy_Idle
2026.10.01-06.50.28 ARTPREVIEW readability fighter=f-0-sk1 hero=0 contactShadow=1 diameterUU=40.6 strength=0.25 leaderPip=0 look=P1 ringScale=0.78
2026.10.01-06.50.28 ARTPREVIEW heroesV2 fighter=f-0-sk2 mesh=/Game/PipelineCandidates/Harpy/H3LD/Meshes/SK_Harpy_H3LD mi=/Game/PipelineCandidates/Harpy/H3LD/Materials/MI_Harpy_H3LD_P1 yaw=270.0 scale=1.0000 name=Harpies hero=0 look=P1 base=/Game/PipelineCandidates/Harpy/H3LD/Meshes/SM_Harpy_H3LD_Base baseMi=/Game/PipelineCandidates/Harpy/H3LD/Materials/MI_Harpy_H3LD_Base_P1 skeleton=/Game/PipelineCandidates/Harpy/Rig/SK_Harpy_Skeleton.SK_Harpy_Skeleton clips=4/4 boundsTop=42.00 figureTop=42.00 budget=42.0
2026.10.01-06.50.28 ARTPREVIEW click capsule fighter=f-0-sk2 mesh=SK_Harpy_H3LD physicsAsset=0 radius=20.0 halfHeight=21.0 top=42.0 bodyCollision=0 source=meshBounds
2026.10.01-06.50.28 ARTPREVIEW team ring fighter=f-0-sk2 team=P1 look=P1 mode=absolute shape=circle shown=1 mesh=SM_Marker_TeamRing_P1 fill=#E8C06A keyline=#111317 fillLinear=(0.8070,0.5271,0.1441) zMin=0.60 zMax=1.20 scale=0.78 base=hidden blockout=0 art=1 rim=#FFFFFF
2026.10.01-06.50.28 ARTPREVIEW anim fighter=f-0-sk2 clip=Idle len=2.000 event=spawn loop=1 phase=0.1873 seq=-1 asset=AM_Harpy_Idle
2026.10.01-06.50.28 ARTPREVIEW readability fighter=f-0-sk2 hero=0 contactShadow=1 diameterUU=40.6 strength=0.25 leaderPip=0 look=P1 ringScale=0.78
2026.10.01-06.50.28 ARTPREVIEW heroesV2 fighter=f-1-hero mesh=/Game/PipelineCandidates/KingArthur/H2LD/Meshes/SK_KingArthur_H2LD mi=/Game/PipelineCandidates/KingArthur/H2LD/Materials/MI_KingArthur_H2LD_P2 yaw=270.0 scale=1.0000 name=King Arthur hero=1 look=P2 base=/Game/PipelineCandidates/KingArthur/H2LD/Meshes/SM_KingArthur_H2LD_Base baseMi=/Game/PipelineCandidates/KingArthur/H2LD/Materials/MI_KingArthur_H2LD_Base_P2 skeleton=/Game/PipelineCandidates/KingArthur/Rig/SK_KingArthur_Skeleton.SK_KingArthur_Skeleton clips=4/4 boundsTop=60.06 figureTop=55.00 budget=55.0
2026.10.01-06.50.28 ARTPREVIEW click capsule fighter=f-1-hero mesh=SK_KingArthur_H2LD physicsAsset=0 radius=12.8 halfHeight=30.0 top=60.1 bodyCollision=0 source=meshBounds
2026.10.01-06.50.28 ARTPREVIEW team ring fighter=f-1-hero team=P2 look=P2 mode=absolute shape=hexagon shown=1 mesh=SM_Marker_TeamRing_P2 fill=#5A7F9F keyline=#111317 fillLinear=(0.1022,0.2122,0.3467) zMin=0.60 zMax=1.20 scale=1.00 base=hidden blockout=0 art=1 rim=#FFFFFF
2026.10.01-06.50.28 ARTPREVIEW anim fighter=f-1-hero clip=Idle len=2.500 event=spawn loop=1 phase=0.3470 seq=-1 asset=AM_KingArthur_Idle
2026.10.01-06.50.28 ARTPREVIEW readability fighter=f-1-hero hero=1 contactShadow=1 diameterUU=52.0 strength=0.25 leaderPip=1 look=P2 ringScale=1.00
2026.10.01-06.50.28 ARTPREVIEW heroesV2 fighter=f-1-sk0 mesh=/Game/PipelineCandidates/Merlin/H2LD/Meshes/SK_Merlin_H2LD mi=/Game/PipelineCandidates/Merlin/H2LD/Materials/MI_Merlin_H2LD_P2 yaw=270.0 scale=1.0003 name=Merlin hero=0 look=P2 base=/Game/PipelineCandidates/Merlin/H2LD/Meshes/SM_Merlin_H2LD_Base baseMi=/Game/PipelineCandidates/Merlin/H2LD/Materials/MI_Merlin_H2LD_Base_P2 skeleton=/Game/PipelineCandidates/Merlin/Rig/SK_Merlin_Skeleton.SK_Merlin_Skeleton clips=4/4 boundsTop=49.44 figureTop=45.00 budget=45.0
2026.10.01-06.50.28 ARTPREVIEW click capsule fighter=f-1-sk0 mesh=SK_Merlin_H2LD physicsAsset=0 radius=10.5 halfHeight=24.7 top=49.4 bodyCollision=0 source=meshBounds
2026.10.01-06.50.28 ARTPREVIEW team ring fighter=f-1-sk0 team=P2 look=P2 mode=absolute shape=hexagon shown=1 mesh=SM_Marker_TeamRing_P2 fill=#5A7F9F keyline=#111317 fillLinear=(0.1022,0.2122,0.3467) zMin=0.60 zMax=1.20 scale=0.78 base=hidden blockout=0 art=1 rim=#FFFFFF
2026.10.01-06.50.28 ARTPREVIEW anim fighter=f-1-sk0 clip=Idle len=3.000 event=spawn loop=1 phase=0.8028 seq=-1 asset=AM_Merlin_Idle
2026.10.01-06.50.28 ARTPREVIEW readability fighter=f-1-sk0 hero=0 contactShadow=1 diameterUU=40.6 strength=0.25 leaderPip=0 look=P2 ringScale=0.78
2026.10.01-06.50.28 ARTPREVIEW heroesV2 summary fighters=6 mapped=6 v2=6
2026.10.01-06.50.28 FIGHTERS synced n=6 alive=6 own=4 enemy=2
2026.10.01-06.50.28 STATE seq=1 -> apply
2026.10.01-06.50.28 S09AUTO own turn #0 (turnCount=1)
2026.10.01-06.50.28 S09AUTO attack deferred - command gate closed (live stream is reconnecting - commands wait until the state stream is back); retrying when the stream is ready
2026.10.01-06.50.28 HUD art layer plate=1 iconSize=32 iconTexture=1 iconProbe=0 plan=0
2026.10.01-06.50.28 HUD art impl=umg plateViews=umg:/Game/S08/UI/ArtHud/WBP_S08ArtPlate iconViews=umg:/Game/S08/UI/ArtHud/WBP_S08ArtIcon textTable=S08ArtHud entries=13 missingKeys=0
2026.10.01-06.50.28 HUD tags boardPlate=1 hardPadPx=3 profile=sarpedon-original
2026.10.01-06.50.28 TAG fighter=f-1-hero bbox=(1404,62,1506,84) mode=compact look=P2 placement=left ring=0 hardPx2=0 softPx2=0 order=0 bound=1
2026.10.01-06.50.28 TAG fighter=f-1-sk0 bbox=(1172,255,1256,277) mode=compact look=P2 placement=above ring=0 hardPx2=0 softPx2=0 order=1 bound=1
2026.10.01-06.50.28 ARTPREVIEW screen labels=1 (world TextRender labels and damage text hidden)
2026.10.01-06.50.28 SUBSCRIBED gameStateUpdated since=1
2026.10.01-06.50.28 TAG fighter=f-0-hero bbox=(623,430,725,452) mode=compact look=P1 placement=above ring=0 hardPx2=0 softPx2=0 order=0 bound=1
2026.10.01-06.50.28 TAG fighter=f-0-sk0 bbox=(509,496,593,518) mode=compact look=P1 placement=above ring=0 hardPx2=0 softPx2=0 order=2 bound=1
2026.10.01-06.50.28 TAG fighter=f-0-sk1 bbox=(396,458,480,480) mode=compact look=P1 placement=above ring=0 hardPx2=0 softPx2=0 order=1 bound=1
2026.10.01-06.50.28 TAG fighter=f-0-sk2 bbox=(308,584,392,606) mode=compact look=P1 placement=left ring=0 hardPx2=0 softPx2=0 order=4 bound=1
2026.10.01-06.50.28 TAG fighter=f-1-hero bbox=(977,619,1079,641) mode=compact look=P2 placement=left ring=0 hardPx2=0 softPx2=0 order=5 bound=1
2026.10.01-06.50.28 TAG fighter=f-1-sk0 bbox=(1130,510,1214,532) mode=compact look=P2 placement=above ring=0 hardPx2=0 softPx2=0 order=3 bound=1
2026.10.01-06.50.28 SNAPSHOT applied seq=1 phase=ACTION_MANEUVER
2026.10.01-06.50.28 HANDLE_APPLIED #2 seq=1 decision=1 fightersValid=1 boardValid=1
2026.10.01-06.50.28 MODE seq=1 mode=0 combat=0 pending=0
2026.10.01-06.50.28 HUD seq=1 phase=ACTION_MANEUVER turn=you hand=5 oppHand=5(hidden) oppDeck=25 deck=25 discard=0
2026.10.01-06.50.28 ARTPREVIEW fighter=Medusa hero=1 eligible=0 visual=1 mesh=SK_Medusa_H2LD
2026.10.01-06.50.28 FIGHTERS synced n=6 alive=6 own=4 enemy=2
2026.10.01-06.50.28 WS seq=1 phase=ACTION_MANEUVER (merge)
2026.10.01-06.50.28 S09AUTO attack deferred - no may-boost card in hand (turn#0 elapsed=18s)
2026.10.01-06.50.28 SNAPSHOT applied seq=2 phase=ACTION_MANEUVER
2026.10.01-06.50.28 HANDLE_APPLIED #3 seq=2 decision=2 fightersValid=1 boardValid=1
2026.10.01-06.50.28 MANEUVER-DRAFT mode=maneuver:1:1
2026.10.01-06.50.28 DRAFT-OPEN draw committed (resume instead of begin)
2026.10.01-06.50.28 MODE seq=2 mode=1 combat=0 pending=0
2026.10.01-06.50.28 HUD seq=2 phase=ACTION_MANEUVER turn=you hand=6 oppHand=5(hidden) oppDeck=25~ deck=25~ discard=0
2026.10.01-06.50.28 ARTPREVIEW fighter=Medusa hero=1 eligible=0 visual=1 mesh=SK_Medusa_H2LD
2026.10.01-06.50.28 FIGHTERS synced n=6 alive=6 own=4 enemy=2
2026.10.01-06.50.29 WS seq=2 phase=ACTION_MANEUVER (apply)
2026.10.01-06.50.29 TAG fighter=f-0-hero bbox=(623,430,725,452) mode=compact look=P1 placement=above ring=0 hardPx2=0 softPx2=0 order=0 bound=1
2026.10.01-06.50.29 TAG fighter=f-0-sk0 bbox=(509,496,593,518) mode=compact look=P1 placement=above ring=0 hardPx2=0 softPx2=0 order=2 bound=1
2026.10.01-06.50.29 TAG fighter=f-0-sk1 bbox=(396,458,480,480) mode=compact look=P1 placement=above ring=0 hardPx2=0 softPx2=0 order=1 bound=1
2026.10.01-06.50.29 TAG fighter=f-0-sk2 bbox=(308,584,392,606) mode=compact look=P1 placement=left ring=0 hardPx2=0 softPx2=0 order=4 bound=1
2026.10.01-06.50.29 TAG fighter=f-1-hero bbox=(977,619,1079,641) mode=compact look=P2 placement=left ring=0 hardPx2=0 softPx2=0 order=5 bound=1
2026.10.01-06.50.29 TAG fighter=f-1-sk0 bbox=(1130,510,1214,532) mode=compact look=P2 placement=above ring=0 hardPx2=0 softPx2=0 order=3 bound=1
2026.10.01-06.50.29 SNAPSHOT applied seq=2 phase=ACTION_MANEUVER
2026.10.01-06.50.29 HANDLE_APPLIED #4 seq=2 decision=1 fightersValid=1 boardValid=1
2026.10.01-06.50.29 MODE seq=2 mode=1 combat=0 pending=0
2026.10.01-06.50.29 HUD seq=2 phase=ACTION_MANEUVER turn=you hand=6 oppHand=5(hidden) oppDeck=25 deck=24 discard=0
2026.10.01-06.50.29 ARTPREVIEW fighter=Medusa hero=1 eligible=0 visual=1 mesh=SK_Medusa_H2LD
2026.10.01-06.50.29 FIGHTERS synced n=6 alive=6 own=4 enemy=2
2026.10.01-06.50.29 MANEUVER begin seq=2 (merge) pending=maneuver:1:1
2026.10.01-06.50.29 S09AUTO drive mode=1 plan=[attack+defend+ownresult] phase=ACTION_MANEUVER turn=cmuhntivg0000wib0anhqyswc
2026.10.01-06.50.29 TAG fighter=f-0-hero bbox=(623,430,725,452) mode=compact look=P1 placement=above ring=0 hardPx2=0 softPx2=0 order=0 bound=1
2026.10.01-06.50.29 TAG fighter=f-0-sk0 bbox=(509,496,593,518) mode=compact look=P1 placement=above ring=0 hardPx2=0 softPx2=0 order=2 bound=1
2026.10.01-06.50.29 TAG fighter=f-0-sk1 bbox=(396,458,480,480) mode=compact look=P1 placement=above ring=0 hardPx2=0 softPx2=0 order=1 bound=1
2026.10.01-06.50.29 TAG fighter=f-0-sk2 bbox=(308,584,392,606) mode=compact look=P1 placement=left ring=0 hardPx2=0 softPx2=0 order=4 bound=1
2026.10.01-06.50.29 TAG fighter=f-1-hero bbox=(977,619,1079,641) mode=compact look=P2 placement=left ring=0 hardPx2=0 softPx2=0 order=5 bound=1
2026.10.01-06.50.29 TAG fighter=f-1-sk0 bbox=(1130,510,1214,532) mode=compact look=P2 placement=above ring=0 hardPx2=0 softPx2=0 order=3 bound=1
2026.10.01-06.50.30 S09AUTO draft-open shot (maneuver marker live)
2026.10.01-06.50.30 SHOT ctx viewport=1920x1080 viewTarget=CameraActor_2147482298 cam=(0,1342,1917) rot=(-55,-90,0)
2026.10.01-06.50.30 RENDER tag=SHOT rhi=D3D12 featureLevel=SM6 shaderPlatform=PCD3D_SM6 lumenPlatform=1 gi=lumen giMethod=1 refl=lumen reflMethod=1 shadows=csm vsmEnable=0 sg.res=100 sg.view=2 sg.aa=2 sg.shadow=2 sg.gi=2 sg.refl=2 sg.pp=2 sg.tex=2 sg.fx=2 sg.foliage=2 sg.shading=2 sg.landscape=2 preset=High screenPct=100.0 screenPctMode=0 aa=TSR aaMethod=4 exposure=fixed-histogram expMin=4.14106 expMax=4.14106 expBias=0.000 ev100=2.05 lightUnits=candelas sky=1 skyIntensity=3.000 keyShadow=csm-3600uu-2c-contact0.000 shadowCasters=1 profile=sarpedon-night profilesSha256=c90dddd95a8a7a0b12294b1a6f47218d6e7a860f74b8c51660d4fdb00c320a8b profilesSource=pak legacyRender=0 gameLayer=unlit-eyeadaptinv tMaxFPS=30.0 vsync=0 frameRateLimit=60.0 substrate=0 nanite=1 meshDF=1 viewport=1920x1080 reference=1
2026.10.01-06.50.30 SHOT fighter f-0-hero pos=(2,2) world=(-218,-13,0) screen=(678,527) projected=1 alive=1
2026.10.01-06.50.30 SHOT fighter f-0-sk0 pos=(1,3) world=(-309,33,0) screen=(555,576) projected=1 alive=1
2026.10.01-06.50.30 SHOT fighter f-0-sk1 pos=(0,2) world=(-398,-3,0) screen=(442,537) projected=1 alive=1
2026.10.01-06.50.30 SHOT fighter f-0-sk2 pos=(0,3) world=(-394,92,0) screen=(435,640) projected=1 alive=1
2026.10.01-06.50.30 SHOT fighter f-1-hero pos=(5,4) world=(119,141,0) screen=(1120,695) projected=1 alive=1
2026.10.01-06.50.30 SHOT fighter f-1-sk0 pos=(6,3) world=(159,52,0) screen=(1169,596) projected=1 alive=1
2026.10.01-06.50.30 SHOT camera dist=2340.2 target=2340.2 overview=2340.2 errPct=0.000 focusErr=0.00 settled=1 zoom=1.00
2026.10.01-06.50.30 SHOT head fighter=f-0-hero socket=Head mesh=SK_Medusa_H2LD world=(-217.2,-11.4,47.1) screen=(673.5,492.0) top=(672.9,487.4) bottom=(674.2,496.7) headPx=9.4 projected=1
2026.10.01-06.50.30 SHOT head fighter=f-0-sk0 socket=Head mesh=SK_Harpy_H3LD world=(-309.0,28.1,34.1) screen=(550.2,544.5) top=(549.3,540.0) bottom=(551.1,549.1) headPx=9.3 projected=1
2026.10.01-06.50.30 SHOT head fighter=f-0-sk1 socket=Head mesh=SK_Harpy_H3LD world=(-398.8,2.3,34.3) screen=(434.5,516.5) top=(433.4,511.9) bottom=(435.7,521.1) headPx=9.4 projected=1
2026.10.01-06.50.30 SHOT head fighter=f-0-sk2 socket=Head mesh=SK_Harpy_H3LD world=(-393.7,86.7,34.0) screen=(430.3,609.4) top=(429.1,604.9) bottom=(431.4,613.8) headPx=9.3 projected=1
2026.10.01-06.50.30 SHOT head fighter=f-1-hero socket=Head mesh=SK_KingArthur_H2LD world=(118.6,140.7,50.0) screen=(1122.7,658.8) top=(1123.1,654.3) bottom=(1122.4,663.2) headPx=8.9 projected=1
2026.10.01-06.50.30 SHOT head fighter=f-1-sk0 socket=Head mesh=SK_Merlin_H2LD world=(158.6,48.8,36.5) screen=(1171.6,565.4) top=(1172.1,560.8) bottom=(1171.2,569.9) headPx=9.1 projected=1
2026.10.01-06.50.30 SHOT figure fighter=f-0-hero bbox=(632,454,716,557) ringR=28.50 art=1 blockout=0 team=P1 look=P1 ring=1
2026.10.01-06.50.30 SHOT figure fighter=f-0-sk0 bbox=(516,520,586,600) ringR=22.23 art=1 blockout=0 team=P1 look=P1 ring=1
2026.10.01-06.50.30 SHOT figure fighter=f-0-sk1 bbox=(402,482,474,561) ringR=22.23 art=1 blockout=0 team=P1 look=P1 ring=1
2026.10.01-06.50.30 SHOT figure fighter=f-0-sk2 bbox=(394,584,467,665) ringR=22.23 art=1 blockout=0 team=P1 look=P1 ring=1
2026.10.01-06.50.30 SHOT figure fighter=f-1-hero bbox=(1081,619,1165,728) ringR=28.50 art=1 blockout=0 team=P2 look=P2 ring=1
2026.10.01-06.50.30 SHOT figure fighter=f-1-sk0 bbox=(1139,534,1204,620) ringR=22.23 art=1 blockout=0 team=P2 look=P2 ring=1
2026.10.01-06.50.30 SHOT request file=s09-maneuver-draft-open.png frame=581
2026.10.01-06.50.30 SHOT requested: FScreenshotRequest(bShowUI) -> C:\Users\ren\AppData\Local\Temp\s09-combat-20261001-115008-24636\host/s09-maneuver-draft-open.png
2026.10.01-06.50.30 SHOT captured file=s09-maneuver-draft-open.png frame=581 px=1920x1080 sha256=950b3665543709b7a986b64686af596b2765da3bc8204afdbb36f1cc8d86f6ba order=BGRA saved=1
2026.10.01-06.50.30 SHOT late begin file=s09-maneuver-draft-open.png frame=581 requestFrame=581
2026.10.01-06.50.30 SHOT iconstate visible=0 lastFighter=none frame=581
2026.10.01-06.50.30 SHOT widget id=board.tag impl=umg state=compact fighter=f-0-hero bbox=(623,430,725,452) geom=painted visible=1 twin=0 source=/Game/S08/UI/ArtHud/WBP_S08ArtTag mode=compact look=P1 shape=circle placement=above ring=0 order=0 bound=1 softPx2=0 planned=(623,430,725,452) frame=581
2026.10.01-06.50.30 SHOT widget id=board.tag.hp impl=umg state=compact fighter=f-0-hero bbox=(679,432,721,450) geom=painted visible=1 twin=0 source=/Game/S08/UI/ArtHud/WBP_S08ArtTag mode=compact look=P1 shape=circle placement=above ring=0 order=0 bound=1 softPx2=0 planned=(623,430,725,452) frame=581 font=11
2026.10.01-06.50.30 SHOT widget id=board.tag.bar impl=umg state=compact fighter=f-0-hero bbox=(642,439,676,444) geom=painted visible=1 twin=0 source=/Game/S08/UI/ArtHud/WBP_S08ArtTag mode=compact look=P1 shape=circle placement=above ring=0 order=0 bound=1 softPx2=0 planned=(623,430,725,452) frame=581
2026.10.01-06.50.30 SHOT widget id=board.tag.chip impl=umg state=compact fighter=f-0-hero bbox=(627,435,639,447) geom=painted visible=1 twin=0 source=/Game/S08/UI/ArtHud/WBP_S08ArtTag mode=compact look=P1 shape=circle placement=above ring=0 order=0 bound=1 softPx2=0 planned=(623,430,725,452) frame=581
2026.10.01-06.50.30 SHOT widget id=board.tag impl=umg state=compact fighter=f-0-sk0 bbox=(509,496,593,518) geom=painted visible=1 twin=0 source=/Game/S08/UI/ArtHud/WBP_S08ArtTag mode=compact look=P1 shape=circle placement=above ring=0 order=2 bound=1 softPx2=0 planned=(509,496,593,518) frame=581
2026.10.01-06.50.30 SHOT widget id=board.tag.hp impl=umg state=compact fighter=f-0-sk0 bbox=(565,498,589,516) geom=painted visible=1 twin=0 source=/Game/S08/UI/ArtHud/WBP_S08ArtTag mode=compact look=P1 shape=circle placement=above ring=0 order=2 bound=1 softPx2=0 planned=(509,496,593,518) frame=581 font=11
2026.10.01-06.50.30 SHOT widget id=board.tag.bar impl=umg state=compact fighter=f-0-sk0 bbox=(528,505,562,510) geom=painted visible=1 twin=0 source=/Game/S08/UI/ArtHud/WBP_S08ArtTag mode=compact look=P1 shape=circle placement=above ring=0 order=2 bound=1 softPx2=0 planned=(509,496,593,518) frame=581
2026.10.01-06.50.30 SHOT widget id=board.tag.chip impl=umg state=compact fighter=f-0-sk0 bbox=(513,501,525,513) geom=painted visible=1 twin=0 source=/Game/S08/UI/ArtHud/WBP_S08ArtTag mode=compact look=P1 shape=circle placement=above ring=0 order=2 bound=1 softPx2=0 planned=(509,496,593,518) frame=581
2026.10.01-06.50.30 SHOT widget id=board.tag impl=umg state=compact fighter=f-0-sk1 bbox=(396,458,480,480) geom=painted visible=1 twin=0 source=/Game/S08/UI/ArtHud/WBP_S08ArtTag mode=compact look=P1 shape=circle placement=above ring=0 order=1 bound=1 softPx2=0 planned=(396,458,480,480) frame=581
2026.10.01-06.50.30 SHOT widget id=board.tag.hp impl=umg state=compact fighter=f-0-sk1 bbox=(452,460,476,478) geom=painted visible=1 twin=0 source=/Game/S08/UI/ArtHud/WBP_S08ArtTag mode=compact look=P1 shape=circle placement=above ring=0 order=1 bound=1 softPx2=0 planned=(396,458,480,480) frame=581 font=11
2026.10.01-06.50.30 SHOT widget id=board.tag.bar impl=umg state=compact fighter=f-0-sk1 bbox=(415,467,449,472) geom=painted visible=1 twin=0 source=/Game/S08/UI/ArtHud/WBP_S08ArtTag mode=compact look=P1 shape=circle placement=above ring=0 order=1 bound=1 softPx2=0 planned=(396,458,480,480) frame=581
2026.10.01-06.50.30 SHOT widget id=board.tag.chip impl=umg state=compact fighter=f-0-sk1 bbox=(400,463,412,475) geom=painted visible=1 twin=0 source=/Game/S08/UI/ArtHud/WBP_S08ArtTag mode=compact look=P1 shape=circle placement=above ring=0 order=1 bound=1 softPx2=0 planned=(396,458,480,480) frame=581
2026.10.01-06.50.30 SHOT widget id=board.tag impl=umg state=compact fighter=f-0-sk2 bbox=(308,584,392,606) geom=painted visible=1 twin=0 source=/Game/S08/UI/ArtHud/WBP_S08ArtTag mode=compact look=P1 shape=circle placement=left ring=0 order=4 bound=1 softPx2=0 planned=(308,584,392,606) frame=581
2026.10.01-06.50.30 SHOT widget id=board.tag.hp impl=umg state=compact fighter=f-0-sk2 bbox=(364,586,388,604) geom=painted visible=1 twin=0 source=/Game/S08/UI/ArtHud/WBP_S08ArtTag mode=compact look=P1 shape=circle placement=left ring=0 order=4 bound=1 softPx2=0 planned=(308,584,392,606) frame=581 font=11
2026.10.01-06.50.30 SHOT widget id=board.tag.bar impl=umg state=compact fighter=f-0-sk2 bbox=(327,593,361,598) geom=painted visible=1 twin=0 source=/Game/S08/UI/ArtHud/WBP_S08ArtTag mode=compact look=P1 shape=circle placement=left ring=0 order=4 bound=1 softPx2=0 planned=(308,584,392,606) frame=581
2026.10.01-06.50.30 SHOT widget id=board.tag.chip impl=umg state=compact fighter=f-0-sk2 bbox=(312,589,324,601) geom=painted visible=1 twin=0 source=/Game/S08/UI/ArtHud/WBP_S08ArtTag mode=compact look=P1 shape=circle placement=left ring=0 order=4 bound=1 softPx2=0 planned=(308,584,392,606) frame=581
2026.10.01-06.50.30 SHOT widget id=board.tag impl=umg state=compact fighter=f-1-hero bbox=(977,619,1079,641) geom=painted visible=1 twin=0 source=/Game/S08/UI/ArtHud/WBP_S08ArtTag mode=compact look=P2 shape=hex placement=left ring=0 order=5 bound=1 softPx2=0 planned=(977,619,1079,641) frame=581
2026.10.01-06.50.30 SHOT widget id=board.tag.hp impl=umg state=compact fighter=f-1-hero bbox=(1033,621,1075,639) geom=painted visible=1 twin=0 source=/Game/S08/UI/ArtHud/WBP_S08ArtTag mode=compact look=P2 shape=hex placement=left ring=0 order=5 bound=1 softPx2=0 planned=(977,619,1079,641) frame=581 font=11
2026.10.01-06.50.30 SHOT widget id=board.tag.bar impl=umg state=compact fighter=f-1-hero bbox=(996,628,1030,633) geom=painted visible=1 twin=0 source=/Game/S08/UI/ArtHud/WBP_S08ArtTag mode=compact look=P2 shape=hex placement=left ring=0 order=5 bound=1 softPx2=0 planned=(977,619,1079,641) frame=581
2026.10.01-06.50.30 SHOT widget id=board.tag.chip impl=umg state=compact fighter=f-1-hero bbox=(981,624,993,636) geom=painted visible=1 twin=0 source=/Game/S08/UI/ArtHud/WBP_S08ArtTag mode=compact look=P2 shape=hex placement=left ring=0 order=5 bound=1 softPx2=0 planned=(977,619,1079,641) frame=581
2026.10.01-06.50.30 SHOT widget id=board.tag impl=umg state=compact fighter=f-1-sk0 bbox=(1130,510,1214,532) geom=painted visible=1 twin=0 source=/Game/S08/UI/ArtHud/WBP_S08ArtTag mode=compact look=P2 shape=hex placement=above ring=0 order=3 bound=1 softPx2=0 planned=(1130,510,1214,532) frame=581
2026.10.01-06.50.30 SHOT widget id=board.tag.hp impl=umg state=compact fighter=f-1-sk0 bbox=(1186,512,1210,530) geom=painted visible=1 twin=0 source=/Game/S08/UI/ArtHud/WBP_S08ArtTag mode=compact look=P2 shape=hex placement=above ring=0 order=3 bound=1 softPx2=0 planned=(1130,510,1214,532) frame=581 font=11
2026.10.01-06.50.30 SHOT widget id=board.tag.bar impl=umg state=compact fighter=f-1-sk0 bbox=(1149,519,1183,524) geom=painted visible=1 twin=0 source=/Game/S08/UI/ArtHud/WBP_S08ArtTag mode=compact look=P2 shape=hex placement=above ring=0 order=3 bound=1 softPx2=0 planned=(1130,510,1214,532) frame=581
2026.10.01-06.50.30 SHOT widget id=board.tag.chip impl=umg state=compact fighter=f-1-sk0 bbox=(1134,515,1146,527) geom=painted visible=1 twin=0 source=/Game/S08/UI/ArtHud/WBP_S08ArtTag mode=compact look=P2 shape=hex placement=above ring=0 order=3 bound=1 softPx2=0 planned=(1130,510,1214,532) frame=581
2026.10.01-06.50.30 SHOT panel id=hud.command bbox=(0,0,703,156) geom=painted visible=1 frame=581
2026.10.01-06.50.30 SHOT panel id=hud.side bbox=(1432,0,1920,121) geom=painted visible=1 frame=581
2026.10.01-06.50.30 SHOT panel id=hud.hand bbox=(286,985,1635,1080) geom=painted visible=1 frame=581
2026.10.01-06.50.30 SHOT late end file=s09-maneuver-draft-open.png frame=581
2026.10.01-06.50.30 S09AUTO approach fighter=f-0-hero from=(2,2) to=(4,4) steps=3 allowance=3 enemyDist=5->2
2026.10.01-06.50.30 MANEUVER-CONFIRM moves=1 boost=none
2026.10.01-06.50.30 HUD plate content fighter=f-0-hero name=Medusa hp=16/16 team=own statuses=HERO  |  RANGED teamSlot=P1 look=P1 shape=circle chip=#DAC576
2026.10.01-06.50.30 PLATE fighter=f-0-hero bbox=(366,210,538,264) overlapReachable=0 placement=above ring=23 gap=212 selection=f-0-hero destinations=19 clean=1 softPx2=0 tested=4896 bound=1
2026.10.01-06.50.30 TAG fighter=f-0-sk0 bbox=(509,496,593,518) mode=compact look=P1 placement=above ring=0 hardPx2=0 softPx2=0 order=1 bound=1
2026.10.01-06.50.30 TAG fighter=f-0-sk1 bbox=(396,458,480,480) mode=compact look=P1 placement=above ring=0 hardPx2=0 softPx2=0 order=0 bound=1
2026.10.01-06.50.30 TAG fighter=f-0-sk2 bbox=(308,584,392,606) mode=compact look=P1 placement=left ring=0 hardPx2=0 softPx2=0 order=3 bound=1
2026.10.01-06.50.30 TAG fighter=f-1-hero bbox=(977,619,1079,641) mode=compact look=P2 placement=left ring=0 hardPx2=0 softPx2=0 order=4 bound=1
2026.10.01-06.50.30 TAG fighter=f-1-sk0 bbox=(1130,510,1214,532) mode=compact look=P2 placement=above ring=0 hardPx2=0 softPx2=0 order=2 bound=1
2026.10.01-06.50.30 SNAPSHOT applied seq=3 phase=ACTION_MANEUVER
2026.10.01-06.50.30 HANDLE_APPLIED #5 seq=3 decision=2 fightersValid=1 boardValid=1
2026.10.01-06.50.30 closed mode=
2026.10.01-06.50.30 MODE seq=3 mode=0 combat=0 pending=0
2026.10.01-06.50.30 HUD seq=3 phase=ACTION_MANEUVER turn=you hand=6 oppHand=5(hidden) oppDeck=25~ deck=24~ discard=0
2026.10.01-06.50.30 ARTPREVIEW heroesV2 fighter=f-0-hero mesh=/Game/PipelineCandidates/Medusa/H2LD/Meshes/SK_Medusa_H2LD mi=/Game/PipelineCandidates/Medusa/H2LD/Materials/MI_Medusa_H2LD_P1 yaw=270.0 scale=0.9998 name=Medusa hero=1 look=P1 base=/Game/PipelineCandidates/Medusa/H2LD/Meshes/SM_Medusa_H2LD_Base baseMi=/Game/PipelineCandidates/Medusa/H2LD/Materials/MI_Medusa_H2LD_Base_P1 skeleton=/Game/PipelineCandidates/Medusa/Rig/SK_Medusa_Skeleton.SK_Medusa_Skeleton clips=4/4 boundsTop=55.00 figureTop=55.00 budget=55.0
2026.10.01-06.50.30 ARTPREVIEW fighter=Medusa hero=1 eligible=0 visual=1 mesh=SK_Medusa_H2LD
2026.10.01-06.50.30 FIGHTERS synced n=6 alive=6 own=4 enemy=2
2026.10.01-06.50.30 CUE move f-0-hero (2,2)->(4,4) seq=3
2026.10.01-06.50.30 WS seq=3 phase=ACTION_MANEUVER (apply)
2026.10.01-06.50.30 PLATE hidden fighter=f-0-hero
2026.10.01-06.50.30 TAG fighter=f-0-hero bbox=(932,654,1034,676) mode=compact look=P1 placement=above ring=0 hardPx2=0 softPx2=0 order=5 bound=1
2026.10.01-06.50.30 TAG fighter=f-0-sk0 bbox=(509,496,593,518) mode=compact look=P1 placement=above ring=0 hardPx2=0 softPx2=0 order=1 bound=1
2026.10.01-06.50.30 TAG fighter=f-0-sk1 bbox=(396,458,480,480) mode=compact look=P1 placement=above ring=0 hardPx2=0 softPx2=0 order=0 bound=1
2026.10.01-06.50.30 TAG fighter=f-0-sk2 bbox=(308,584,392,606) mode=compact look=P1 placement=left ring=0 hardPx2=0 softPx2=0 order=3 bound=1
2026.10.01-06.50.30 TAG fighter=f-1-hero bbox=(1072,730,1174,752) mode=compact look=P2 placement=below ring=0 hardPx2=0 softPx2=0 order=4 bound=1
2026.10.01-06.50.30 TAG fighter=f-1-sk0 bbox=(1130,510,1214,532) mode=compact look=P2 placement=above ring=0 hardPx2=0 softPx2=0 order=2 bound=1
2026.10.01-06.50.30 SNAPSHOT applied seq=3 phase=ACTION_MANEUVER
2026.10.01-06.50.30 HANDLE_APPLIED #6 seq=3 decision=1 fightersValid=1 boardValid=1
2026.10.01-06.50.30 MODE seq=3 mode=0 combat=0 pending=0
2026.10.01-06.50.30 HUD seq=3 phase=ACTION_MANEUVER turn=you hand=6 oppHand=5(hidden) oppDeck=25 deck=24 discard=0
2026.10.01-06.50.30 ARTPREVIEW fighter=Medusa hero=1 eligible=0 visual=1 mesh=SK_Medusa_H2LD
2026.10.01-06.50.30 FIGHTERS synced n=6 alive=6 own=4 enemy=2
2026.10.01-06.50.30 MANEUVER done seq=3 (merge) fighters=6 boost=no
2026.10.01-06.50.30 TAG fighter=f-0-hero bbox=(932,654,1034,676) mode=compact look=P1 placement=above ring=0 hardPx2=0 softPx2=0 order=5 bound=1
2026.10.01-06.50.30 TAG fighter=f-0-sk0 bbox=(509,496,593,518) mode=compact look=P1 placement=above ring=0 hardPx2=0 softPx2=0 order=1 bound=1
2026.10.01-06.50.30 TAG fighter=f-0-sk1 bbox=(396,458,480,480) mode=compact look=P1 placement=above ring=0 hardPx2=0 softPx2=0 order=0 bound=1
2026.10.01-06.50.30 TAG fighter=f-0-sk2 bbox=(308,584,392,606) mode=compact look=P1 placement=left ring=0 hardPx2=0 softPx2=0 order=3 bound=1
2026.10.01-06.50.30 TAG fighter=f-1-hero bbox=(1072,730,1174,752) mode=compact look=P2 placement=below ring=0 hardPx2=0 softPx2=0 order=4 bound=1
2026.10.01-06.50.30 TAG fighter=f-1-sk0 bbox=(1130,510,1214,532) mode=compact look=P2 placement=above ring=0 hardPx2=0 softPx2=0 order=2 bound=1
2026.10.01-06.50.30 TAG fighter=f-0-hero bbox=(932,654,1034,676) mode=compact look=P1 placement=above ring=0 hardPx2=0 softPx2=0 order=5 bound=1
2026.10.01-06.50.30 TAG fighter=f-0-sk0 bbox=(509,496,593,518) mode=compact look=P1 placement=above ring=0 hardPx2=0 softPx2=0 order=1 bound=1
2026.10.01-06.50.30 TAG fighter=f-0-sk1 bbox=(396,458,480,480) mode=compact look=P1 placement=above ring=0 hardPx2=0 softPx2=0 order=0 bound=1
2026.10.01-06.50.30 TAG fighter=f-0-sk2 bbox=(308,584,392,606) mode=compact look=P1 placement=left ring=0 hardPx2=0 softPx2=0 order=3 bound=1
2026.10.01-06.50.30 TAG fighter=f-1-hero bbox=(1072,730,1174,752) mode=compact look=P2 placement=below ring=0 hardPx2=0 softPx2=0 order=4 bound=1
2026.10.01-06.50.30 TAG fighter=f-1-sk0 bbox=(1130,510,1214,532) mode=compact look=P2 placement=above ring=0 hardPx2=0 softPx2=0 order=2 bound=1
2026.10.01-06.50.30 PERF window t=15.0-20.0 frames=137 fps=27.38 frameMs avg=36.52 p50=33.33 p95=33.33 p99=131.71 max=321.67 hitches50=3 gpuMs avg=1.65 p50=1.26 p95=2.59 gameMs avg=5.03 p95=10.87 renderMs avg=4.60 p95=5.16
2026.10.01-06.50.31 SHOT ctx viewport=1920x1080 viewTarget=CameraActor_2147482298 cam=(0,1342,1917) rot=(-55,-90,0)
2026.10.01-06.50.31 RENDER tag=SHOT rhi=D3D12 featureLevel=SM6 shaderPlatform=PCD3D_SM6 lumenPlatform=1 gi=lumen giMethod=1 refl=lumen reflMethod=1 shadows=csm vsmEnable=0 sg.res=100 sg.view=2 sg.aa=2 sg.shadow=2 sg.gi=2 sg.refl=2 sg.pp=2 sg.tex=2 sg.fx=2 sg.foliage=2 sg.shading=2 sg.landscape=2 preset=High screenPct=100.0 screenPctMode=0 aa=TSR aaMethod=4 exposure=fixed-histogram expMin=4.14106 expMax=4.14106 expBias=0.000 ev100=2.05 lightUnits=candelas sky=1 skyIntensity=3.000 keyShadow=csm-3600uu-2c-contact0.000 shadowCasters=1 profile=sarpedon-night profilesSha256=c90dddd95a8a7a0b12294b1a6f47218d6e7a860f74b8c51660d4fdb00c320a8b profilesSource=pak legacyRender=0 gameLayer=unlit-eyeadaptinv tMaxFPS=30.0 vsync=0 frameRateLimit=60.0 substrate=0 nanite=1 meshDF=1 viewport=1920x1080 reference=1
2026.10.01-06.50.31 SHOT fighter f-0-hero pos=(4,4) world=(16,189,0) screen=(982,752) projected=1 alive=1
2026.10.01-06.50.31 SHOT fighter f-0-sk0 pos=(1,3) world=(-309,33,0) screen=(555,576) projected=1 alive=1
2026.10.01-06.50.31 SHOT fighter f-0-sk1 pos=(0,2) world=(-398,-3,0) screen=(442,537) projected=1 alive=1
2026.10.01-06.50.31 SHOT fighter f-0-sk2 pos=(0,3) world=(-394,92,0) screen=(435,640) projected=1 alive=1
2026.10.01-06.50.31 SHOT fighter f-1-hero pos=(5,4) world=(119,141,0) screen=(1120,695) projected=1 alive=1
2026.10.01-06.50.31 SHOT fighter f-1-sk0 pos=(6,3) world=(159,52,0) screen=(1169,596) projected=1 alive=1
2026.10.01-06.50.31 SHOT camera dist=2340.2 target=2340.2 overview=2340.2 errPct=0.000 focusErr=0.00 settled=1 zoom=1.00
2026.10.01-06.50.31 SHOT head fighter=f-0-hero socket=Head mesh=SK_Medusa_H2LD world=(16.4,188.9,47.2) screen=(982.8,717.3) top=(982.8,712.9) bottom=(982.7,721.6) headPx=8.8 projected=1
2026.10.01-06.50.31 SHOT head fighter=f-0-sk0 socket=Head mesh=SK_Harpy_H3LD world=(-308.7,28.1,34.0) screen=(550.6,544.7) top=(549.7,540.1) bottom=(551.5,549.2) headPx=9.3 projected=1
2026.10.01-06.50.31 SHOT head fighter=f-0-sk1 socket=Head mesh=SK_Harpy_H3LD world=(-398.3,2.7,34.1) screen=(435.2,517.2) top=(434.1,512.6) bottom=(436.4,521.8) headPx=9.4 projected=1
2026.10.01-06.50.31 SHOT head fighter=f-0-sk2 socket=Head mesh=SK_Harpy_H3LD world=(-393.9,87.1,34.3) screen=(429.9,609.5) top=(428.7,605.0) bottom=(431.0,614.0) headPx=9.3 projected=1
2026.10.01-06.50.31 SHOT head fighter=f-1-hero socket=Head mesh=SK_KingArthur_H2LD world=(119.2,139.7,50.1) screen=(1123.5,657.6) top=(1123.9,653.1) bottom=(1123.1,662.0) headPx=9.0 projected=1
2026.10.01-06.50.31 SHOT head fighter=f-1-sk0 socket=Head mesh=SK_Merlin_H2LD world=(159.2,48.7,36.5) screen=(1172.4,565.3) top=(1172.9,560.8) bottom=(1172.0,569.8) headPx=9.1 projected=1
2026.10.01-06.50.31 SHOT figure fighter=f-0-hero bbox=(943,678,1023,785) ringR=28.50 art=1 blockout=0 team=P1 look=P1 ring=1
2026.10.01-06.50.31 SHOT figure fighter=f-0-sk0 bbox=(516,520,586,600) ringR=22.23 art=1 blockout=0 team=P1 look=P1 ring=1
2026.10.01-06.50.31 SHOT figure fighter=f-0-sk1 bbox=(402,482,474,561) ringR=22.23 art=1 blockout=0 team=P1 look=P1 ring=1
2026.10.01-06.50.31 SHOT figure fighter=f-0-sk2 bbox=(394,584,467,665) ringR=22.23 art=1 blockout=0 team=P1 look=P1 ring=1
2026.10.01-06.50.31 SHOT figure fighter=f-1-hero bbox=(1081,619,1165,728) ringR=28.50 art=1 blockout=0 team=P2 look=P2 ring=1
2026.10.01-06.50.31 SHOT figure fighter=f-1-sk0 bbox=(1139,534,1204,620) ringR=22.23 art=1 blockout=0 team=P2 look=P2 ring=1
2026.10.01-06.50.31 SHOT request file=s09-hud-after-first-maneuver.png frame=615
2026.10.01-06.50.31 SHOT requested: FScreenshotRequest(bShowUI) -> C:\Users\ren\AppData\Local\Temp\s09-combat-20261001-115008-24636\host/s09-hud-after-first-maneuver.png
2026.10.01-06.50.31 SHOT captured file=s09-hud-after-first-maneuver.png frame=615 px=1920x1080 sha256=c7fcf3bd79e779b904caf4322b4e2eef83a7e89ceca7a26fd7ed9f7cc6a77b62 order=BGRA saved=1
2026.10.01-06.50.31 SHOT late begin file=s09-hud-after-first-maneuver.png frame=615 requestFrame=615
2026.10.01-06.50.31 SHOT iconstate visible=0 lastFighter=none frame=615
2026.10.01-06.50.31 SHOT widget id=board.tag impl=umg state=compact fighter=f-0-hero bbox=(932,654,1034,676) geom=painted visible=1 twin=0 source=/Game/S08/UI/ArtHud/WBP_S08ArtTag mode=compact look=P1 shape=circle placement=above ring=0 order=5 bound=1 softPx2=0 planned=(932,654,1034,676) frame=615
2026.10.01-06.50.31 SHOT widget id=board.tag.hp impl=umg state=compact fighter=f-0-hero bbox=(988,656,1030,674) geom=painted visible=1 twin=0 source=/Game/S08/UI/ArtHud/WBP_S08ArtTag mode=compact look=P1 shape=circle placement=above ring=0 order=5 bound=1 softPx2=0 planned=(932,654,1034,676) frame=615 font=11
2026.10.01-06.50.31 SHOT widget id=board.tag.bar impl=umg state=compact fighter=f-0-hero bbox=(951,663,985,668) geom=painted visible=1 twin=0 source=/Game/S08/UI/ArtHud/WBP_S08ArtTag mode=compact look=P1 shape=circle placement=above ring=0 order=5 bound=1 softPx2=0 planned=(932,654,1034,676) frame=615
2026.10.01-06.50.31 SHOT widget id=board.tag.chip impl=umg state=compact fighter=f-0-hero bbox=(936,659,948,671) geom=painted visible=1 twin=0 source=/Game/S08/UI/ArtHud/WBP_S08ArtTag mode=compact look=P1 shape=circle placement=above ring=0 order=5 bound=1 softPx2=0 planned=(932,654,1034,676) frame=615
2026.10.01-06.50.31 SHOT widget id=board.tag impl=umg state=compact fighter=f-0-sk0 bbox=(509,496,593,518) geom=painted visible=1 twin=0 source=/Game/S08/UI/ArtHud/WBP_S08ArtTag mode=compact look=P1 shape=circle placement=above ring=0 order=1 bound=1 softPx2=0 planned=(509,496,593,518) frame=615
2026.10.01-06.50.31 SHOT widget id=board.tag.hp impl=umg state=compact fighter=f-0-sk0 bbox=(565,498,589,516) geom=painted visible=1 twin=0 source=/Game/S08/UI/ArtHud/WBP_S08ArtTag mode=compact look=P1 shape=circle placement=above ring=0 order=1 bound=1 softPx2=0 planned=(509,496,593,518) frame=615 font=11
2026.10.01-06.50.31 SHOT widget id=board.tag.bar impl=umg state=compact fighter=f-0-sk0 bbox=(528,505,562,510) geom=painted visible=1 twin=0 source=/Game/S08/UI/ArtHud/WBP_S08ArtTag mode=compact look=P1 shape=circle placement=above ring=0 order=1 bound=1 softPx2=0 planned=(509,496,593,518) frame=615
2026.10.01-06.50.31 SHOT widget id=board.tag.chip impl=umg state=compact fighter=f-0-sk0 bbox=(513,501,525,513) geom=painted visible=1 twin=0 source=/Game/S08/UI/ArtHud/WBP_S08ArtTag mode=compact look=P1 shape=circle placement=above ring=0 order=1 bound=1 softPx2=0 planned=(509,496,593,518) frame=615
2026.10.01-06.50.31 SHOT widget id=board.tag impl=umg state=compact fighter=f-0-sk1 bbox=(396,458,480,480) geom=painted visible=1 twin=0 source=/Game/S08/UI/ArtHud/WBP_S08ArtTag mode=compact look=P1 shape=circle placement=above ring=0 order=0 bound=1 softPx2=0 planned=(396,458,480,480) frame=615
2026.10.01-06.50.31 SHOT widget id=board.tag.hp impl=umg state=compact fighter=f-0-sk1 bbox=(452,460,476,478) geom=painted visible=1 twin=0 source=/Game/S08/UI/ArtHud/WBP_S08ArtTag mode=compact look=P1 shape=circle placement=above ring=0 order=0 bound=1 softPx2=0 planned=(396,458,480,480) frame=615 font=11
2026.10.01-06.50.31 SHOT widget id=board.tag.bar impl=umg state=compact fighter=f-0-sk1 bbox=(415,467,449,472) geom=painted visible=1 twin=0 source=/Game/S08/UI/ArtHud/WBP_S08ArtTag mode=compact look=P1 shape=circle placement=above ring=0 order=0 bound=1 softPx2=0 planned=(396,458,480,480) frame=615
2026.10.01-06.50.31 SHOT widget id=board.tag.chip impl=umg state=compact fighter=f-0-sk1 bbox=(400,463,412,475) geom=painted visible=1 twin=0 source=/Game/S08/UI/ArtHud/WBP_S08ArtTag mode=compact look=P1 shape=circle placement=above ring=0 order=0 bound=1 softPx2=0 planned=(396,458,480,480) frame=615
2026.10.01-06.50.31 SHOT widget id=board.tag impl=umg state=compact fighter=f-0-sk2 bbox=(308,584,392,606) geom=painted visible=1 twin=0 source=/Game/S08/UI/ArtHud/WBP_S08ArtTag mode=compact look=P1 shape=circle placement=left ring=0 order=3 bound=1 softPx2=0 planned=(308,584,392,606) frame=615
2026.10.01-06.50.31 SHOT widget id=board.tag.hp impl=umg state=compact fighter=f-0-sk2 bbox=(364,586,388,604) geom=painted visible=1 twin=0 source=/Game/S08/UI/ArtHud/WBP_S08ArtTag mode=compact look=P1 shape=circle placement=left ring=0 order=3 bound=1 softPx2=0 planned=(308,584,392,606) frame=615 font=11
2026.10.01-06.50.31 SHOT widget id=board.tag.bar impl=umg state=compact fighter=f-0-sk2 bbox=(327,593,361,598) geom=painted visible=1 twin=0 source=/Game/S08/UI/ArtHud/WBP_S08ArtTag mode=compact look=P1 shape=circle placement=left ring=0 order=3 bound=1 softPx2=0 planned=(308,584,392,606) frame=615
2026.10.01-06.50.31 SHOT widget id=board.tag.chip impl=umg state=compact fighter=f-0-sk2 bbox=(312,589,324,601) geom=painted visible=1 twin=0 source=/Game/S08/UI/ArtHud/WBP_S08ArtTag mode=compact look=P1 shape=circle placement=left ring=0 order=3 bound=1 softPx2=0 planned=(308,584,392,606) frame=615
2026.10.01-06.50.31 SHOT widget id=board.tag impl=umg state=compact fighter=f-1-hero bbox=(1072,730,1174,752) geom=painted visible=1 twin=0 source=/Game/S08/UI/ArtHud/WBP_S08ArtTag mode=compact look=P2 shape=hex placement=below ring=0 order=4 bound=1 softPx2=0 planned=(1072,730,1174,752) frame=615
2026.10.01-06.50.31 SHOT widget id=board.tag.hp impl=umg state=compact fighter=f-1-hero bbox=(1128,732,1170,750) geom=painted visible=1 twin=0 source=/Game/S08/UI/ArtHud/WBP_S08ArtTag mode=compact look=P2 shape=hex placement=below ring=0 order=4 bound=1 softPx2=0 planned=(1072,730,1174,752) frame=615 font=11
2026.10.01-06.50.31 SHOT widget id=board.tag.bar impl=umg state=compact fighter=f-1-hero bbox=(1091,739,1125,744) geom=painted visible=1 twin=0 source=/Game/S08/UI/ArtHud/WBP_S08ArtTag mode=compact look=P2 shape=hex placement=below ring=0 order=4 bound=1 softPx2=0 planned=(1072,730,1174,752) frame=615
2026.10.01-06.50.31 SHOT widget id=board.tag.chip impl=umg state=compact fighter=f-1-hero bbox=(1076,735,1088,747) geom=painted visible=1 twin=0 source=/Game/S08/UI/ArtHud/WBP_S08ArtTag mode=compact look=P2 shape=hex placement=below ring=0 order=4 bound=1 softPx2=0 planned=(1072,730,1174,752) frame=615
2026.10.01-06.50.31 SHOT widget id=board.tag impl=umg state=compact fighter=f-1-sk0 bbox=(1130,510,1214,532) geom=painted visible=1 twin=0 source=/Game/S08/UI/ArtHud/WBP_S08ArtTag mode=compact look=P2 shape=hex placement=above ring=0 order=2 bound=1 softPx2=0 planned=(1130,510,1214,532) frame=615
2026.10.01-06.50.31 SHOT widget id=board.tag.hp impl=umg state=compact fighter=f-1-sk0 bbox=(1186,512,1210,530) geom=painted visible=1 twin=0 source=/Game/S08/UI/ArtHud/WBP_S08ArtTag mode=compact look=P2 shape=hex placement=above ring=0 order=2 bound=1 softPx2=0 planned=(1130,510,1214,532) frame=615 font=11
2026.10.01-06.50.31 SHOT widget id=board.tag.bar impl=umg state=compact fighter=f-1-sk0 bbox=(1149,519,1183,524) geom=painted visible=1 twin=0 source=/Game/S08/UI/ArtHud/WBP_S08ArtTag mode=compact look=P2 shape=hex placement=above ring=0 order=2 bound=1 softPx2=0 planned=(1130,510,1214,532) frame=615
2026.10.01-06.50.31 SHOT widget id=board.tag.chip impl=umg state=compact fighter=f-1-sk0 bbox=(1134,515,1146,527) geom=painted visible=1 twin=0 source=/Game/S08/UI/ArtHud/WBP_S08ArtTag mode=compact look=P2 shape=hex placement=above ring=0 order=2 bound=1 softPx2=0 planned=(1130,510,1214,532) frame=615
2026.10.01-06.50.31 SHOT panel id=hud.command bbox=(0,0,601,138) geom=painted visible=1 frame=615
2026.10.01-06.50.31 SHOT panel id=hud.side bbox=(1432,0,1920,121) geom=painted visible=1 frame=615
2026.10.01-06.50.31 SHOT panel id=hud.hand bbox=(317,985,1604,1080) geom=painted visible=1 frame=615
2026.10.01-06.50.31 SHOT late end file=s09-hud-after-first-maneuver.png frame=615
2026.10.01-06.50.31 S09AUTO drive mode=0 plan=[attack+defend+ownresult] phase=ACTION_MANEUVER turn=cmuhntivg0000wib0anhqyswc
2026.10.01-06.50.31 S09AUTO ranged target attacker=f-0-hero at=S35 target=f-1-hero at=S32 via=shared-zone (not linked)
2026.10.01-06.50.31 S09AUTO attack (attacker=f-0-hero target-set card-set)
2026.10.01-06.50.31 ATTACK sent
2026.10.01-06.50.31 ARTPREVIEW combat marker fighter=Medusa attacker=1 target=0 icon=0 targetMesh=SM_Marker_TargetRing iconMode=screen targetArcScaleXY=0.920
2026.10.01-06.50.31 ARTPREVIEW combat marker fighter=King Arthur attacker=0 target=1 icon=1 targetMesh=SM_Marker_TargetRing iconMode=screen targetArcScaleXY=0.920
2026.10.01-06.50.31 TAG fighter=f-0-hero bbox=(932,654,1034,676) mode=compact look=P1 placement=above ring=0 hardPx2=0 softPx2=0 order=5 bound=1
2026.10.01-06.50.31 TAG fighter=f-0-sk0 bbox=(509,496,593,518) mode=compact look=P1 placement=above ring=0 hardPx2=0 softPx2=0 order=2 bound=1
2026.10.01-06.50.31 TAG fighter=f-0-sk1 bbox=(396,458,480,480) mode=compact look=P1 placement=above ring=0 hardPx2=0 softPx2=0 order=1 bound=1
2026.10.01-06.50.31 TAG fighter=f-0-sk2 bbox=(308,584,392,606) mode=compact look=P1 placement=left ring=0 hardPx2=0 softPx2=0 order=4 bound=1
2026.10.01-06.50.31 TAG fighter=f-1-hero bbox=(1072,730,1174,752) mode=compact look=P2 placement=below ring=0 hardPx2=0 softPx2=0 order=0 bound=1
2026.10.01-06.50.31 TAG fighter=f-1-sk0 bbox=(1130,510,1214,532) mode=compact look=P2 placement=above ring=0 hardPx2=0 softPx2=0 order=3 bound=1
2026.10.01-06.50.31 ICON fighter=f-1-hero bbox=(1168,641,1200,673) size=32 src=combat anchor=right fallback=0 overlapPx2=0 texture=/Game/ArtTests/ARTMarkers/Textures/T_UI_Action_AttackToken_32
2026.10.01-06.50.31 TAG fighter=f-0-hero bbox=(932,654,1034,676) mode=compact look=P1 placement=above ring=0 hardPx2=0 softPx2=0 order=5 bound=1
2026.10.01-06.50.31 TAG fighter=f-0-sk0 bbox=(509,496,593,518) mode=compact look=P1 placement=above ring=0 hardPx2=0 softPx2=0 order=2 bound=1
2026.10.01-06.50.31 TAG fighter=f-0-sk1 bbox=(396,458,480,480) mode=compact look=P1 placement=above ring=0 hardPx2=0 softPx2=0 order=1 bound=1
2026.10.01-06.50.31 TAG fighter=f-0-sk2 bbox=(308,584,392,606) mode=compact look=P1 placement=left ring=0 hardPx2=0 softPx2=0 order=4 bound=1
2026.10.01-06.50.31 TAG fighter=f-1-hero bbox=(1072,730,1174,752) mode=compact look=P2 placement=below ring=0 hardPx2=0 softPx2=0 order=0 bound=1
2026.10.01-06.50.31 TAG fighter=f-1-sk0 bbox=(1130,510,1214,532) mode=compact look=P2 placement=above ring=0 hardPx2=0 softPx2=0 order=3 bound=1
2026.10.01-06.50.31 ICON fighter=f-1-hero bbox=(1168,641,1200,673) size=32 src=combat anchor=right fallback=0 overlapPx2=0 texture=/Game/ArtTests/ARTMarkers/Textures/T_UI_Action_AttackToken_32
2026.10.01-06.50.31 game -> room=cmup6cvy300ozwi9o9iiyl6ot code=<redacted> status=IN_PROGRESS
2026.10.01-06.50.31 SNAPSHOT applied seq=4 phase=COMBAT
2026.10.01-06.50.31 HANDLE_APPLIED #7 seq=4 decision=2 fightersValid=1 boardValid=1
2026.10.01-06.50.31 closed mode=
2026.10.01-06.50.31 MODE seq=4 mode=0 combat=1 pending=0
2026.10.01-06.50.31 HUD seq=4 phase=COMBAT turn=you hand=5 oppHand=5(hidden) oppDeck=25 deck=24 discard=1
2026.10.01-06.50.31 ARTPREVIEW fighter=Medusa hero=1 eligible=0 visual=1 mesh=SK_Medusa_H2LD
2026.10.01-06.50.31 FIGHTERS synced n=6 alive=6 own=4 enemy=2
2026.10.01-06.50.31 ATTACK done seq=4 (apply) phase=COMBAT
2026.10.01-06.50.31 SNAPSHOT applied seq=4 phase=COMBAT
2026.10.01-06.50.31 HANDLE_APPLIED #8 seq=4 decision=1 fightersValid=1 boardValid=1
2026.10.01-06.50.31 MODE seq=4 mode=0 combat=1 pending=0
2026.10.01-06.50.31 HUD seq=4 phase=COMBAT turn=you hand=5 oppHand=5(hidden) oppDeck=25 deck=24 discard=1
2026.10.01-06.50.31 ARTPREVIEW fighter=Medusa hero=1 eligible=0 visual=1 mesh=SK_Medusa_H2LD
2026.10.01-06.50.31 FIGHTERS synced n=6 alive=6 own=4 enemy=2
2026.10.01-06.50.31 WS seq=4 phase=COMBAT (merge)
2026.10.01-06.50.32 TAG fighter=f-0-hero bbox=(932,654,1034,676) mode=compact look=P1 placement=above ring=0 hardPx2=0 softPx2=0 order=5 bound=1
2026.10.01-06.50.32 TAG fighter=f-0-sk0 bbox=(509,496,593,518) mode=compact look=P1 placement=above ring=0 hardPx2=0 softPx2=0 order=2 bound=1
2026.10.01-06.50.32 TAG fighter=f-0-sk1 bbox=(396,458,480,480) mode=compact look=P1 placement=above ring=0 hardPx2=0 softPx2=0 order=1 bound=1
2026.10.01-06.50.32 TAG fighter=f-0-sk2 bbox=(308,584,392,606) mode=compact look=P1 placement=left ring=0 hardPx2=0 softPx2=0 order=4 bound=1
2026.10.01-06.50.32 TAG fighter=f-1-hero bbox=(1072,730,1174,752) mode=compact look=P2 placement=below ring=0 hardPx2=0 softPx2=0 order=0 bound=1
2026.10.01-06.50.32 TAG fighter=f-1-sk0 bbox=(1130,510,1214,532) mode=compact look=P2 placement=above ring=0 hardPx2=0 softPx2=0 order=3 bound=1
2026.10.01-06.50.32 ICON fighter=f-1-hero bbox=(1168,641,1200,673) size=32 src=combat anchor=right fallback=0 overlapPx2=0 texture=/Game/ArtTests/ARTMarkers/Textures/T_UI_Action_AttackToken_32
2026.10.01-06.50.32 SNAPSHOT applied seq=5 phase=COMBAT_RESOLVE
2026.10.01-06.50.32 HANDLE_APPLIED #9 seq=5 decision=2 fightersValid=1 boardValid=1
2026.10.01-06.50.32 ARTPREVIEW anim fighter=f-0-hero clip=LungeAttack len=0.583 event=attack loop=0 phase=0.0000 seq=5 asset=AM_Medusa_LungeAttack
2026.10.01-06.50.32 closed mode=
2026.10.01-06.50.32 MODE seq=5 mode=5 combat=1 pending=0
2026.10.01-06.50.32 HUD seq=5 phase=COMBAT_RESOLVE turn=you hand=5 oppHand=4(hidden) oppDeck=25~ deck=24~ discard=1
2026.10.01-06.50.32 ARTPREVIEW fighter=Medusa hero=1 eligible=0 visual=1 mesh=SK_Medusa_H2LD
2026.10.01-06.50.32 FIGHTERS synced n=6 alive=6 own=4 enemy=2
2026.10.01-06.50.32 WS seq=5 phase=COMBAT_RESOLVE (apply)
2026.10.01-06.50.32 S09AUTO drive mode=5 plan=[attack+defend+ownresult] phase=COMBAT_RESOLVE turn=cmuhntivg0000wib0anhqyswc
2026.10.01-06.50.32 TAG fighter=f-0-hero bbox=(932,654,1034,676) mode=compact look=P1 placement=above ring=0 hardPx2=0 softPx2=0 order=5 bound=1
2026.10.01-06.50.32 TAG fighter=f-0-sk0 bbox=(509,496,593,518) mode=compact look=P1 placement=above ring=0 hardPx2=0 softPx2=0 order=2 bound=1
2026.10.01-06.50.32 TAG fighter=f-0-sk1 bbox=(396,458,480,480) mode=compact look=P1 placement=above ring=0 hardPx2=0 softPx2=0 order=1 bound=1
2026.10.01-06.50.32 TAG fighter=f-0-sk2 bbox=(308,584,392,606) mode=compact look=P1 placement=left ring=0 hardPx2=0 softPx2=0 order=4 bound=1
2026.10.01-06.50.32 TAG fighter=f-1-hero bbox=(1072,730,1174,752) mode=compact look=P2 placement=below ring=0 hardPx2=0 softPx2=0 order=0 bound=1
2026.10.01-06.50.32 TAG fighter=f-1-sk0 bbox=(1130,510,1214,532) mode=compact look=P2 placement=above ring=0 hardPx2=0 softPx2=0 order=3 bound=1
2026.10.01-06.50.32 ICON fighter=f-1-hero bbox=(1168,641,1200,673) size=32 src=combat anchor=right fallback=0 overlapPx2=0 texture=/Game/ArtTests/ARTMarkers/Textures/T_UI_Action_AttackToken_32
2026.10.01-06.50.32 SNAPSHOT applied seq=6 phase=COMBAT_RESOLVE
2026.10.01-06.50.32 HANDLE_APPLIED #10 seq=6 decision=2 fightersValid=1 boardValid=1
2026.10.01-06.50.32 closed mode=
2026.10.01-06.50.32 MODE seq=6 mode=6 combat=1 pending=1
2026.10.01-06.50.32 HUD seq=6 phase=COMBAT_RESOLVE turn=you hand=5 oppHand=4(hidden) oppDeck=25~ deck=24~ discard=1
2026.10.01-06.50.32 PENDING panel revealed: attack A3+B0 vs D2
2026.10.01-06.50.32 ARTPREVIEW fighter=Medusa hero=1 eligible=0 visual=1 mesh=SK_Medusa_H2LD
2026.10.01-06.50.32 FIGHTERS synced n=6 alive=6 own=4 enemy=2
2026.10.01-06.50.32 WS seq=6 phase=COMBAT_RESOLVE (apply)
2026.10.01-06.50.32 S09AUTO drive mode=6 plan=[attack+defend+ownresult] phase=COMBAT_RESOLVE turn=cmuhntivg0000wib0anhqyswc
2026.10.01-06.50.32 S09AUTO pending-open shot (type=BOOST_CHOICE stage=0 mode=)
2026.10.01-06.50.32 SHOT ctx viewport=1920x1080 viewTarget=CameraActor_2147482298 cam=(0,1342,1917) rot=(-55,-90,0)
2026.10.01-06.50.32 RENDER tag=SHOT rhi=D3D12 featureLevel=SM6 shaderPlatform=PCD3D_SM6 lumenPlatform=1 gi=lumen giMethod=1 refl=lumen reflMethod=1 shadows=csm vsmEnable=0 sg.res=100 sg.view=2 sg.aa=2 sg.shadow=2 sg.gi=2 sg.refl=2 sg.pp=2 sg.tex=2 sg.fx=2 sg.foliage=2 sg.shading=2 sg.landscape=2 preset=High screenPct=100.0 screenPctMode=0 aa=TSR aaMethod=4 exposure=fixed-histogram expMin=4.14106 expMax=4.14106 expBias=0.000 ev100=2.05 lightUnits=candelas sky=1 skyIntensity=3.000 keyShadow=csm-3600uu-2c-contact0.000 shadowCasters=1 profile=sarpedon-night profilesSha256=c90dddd95a8a7a0b12294b1a6f47218d6e7a860f74b8c51660d4fdb00c320a8b profilesSource=pak legacyRender=0 gameLayer=unlit-eyeadaptinv tMaxFPS=30.0 vsync=0 frameRateLimit=60.0 substrate=0 nanite=1 meshDF=1 viewport=1920x1080 reference=1
2026.10.01-06.50.32 SHOT fighter f-0-hero pos=(4,4) world=(16,189,0) screen=(982,752) projected=1 alive=1
2026.10.01-06.50.32 SHOT fighter f-0-sk0 pos=(1,3) world=(-309,33,0) screen=(555,576) projected=1 alive=1
2026.10.01-06.50.32 SHOT fighter f-0-sk1 pos=(0,2) world=(-398,-3,0) screen=(442,537) projected=1 alive=1
2026.10.01-06.50.32 SHOT fighter f-0-sk2 pos=(0,3) world=(-394,92,0) screen=(435,640) projected=1 alive=1
2026.10.01-06.50.32 SHOT fighter f-1-hero pos=(5,4) world=(119,141,0) screen=(1120,695) projected=1 alive=1
2026.10.01-06.50.32 SHOT fighter f-1-sk0 pos=(6,3) world=(159,52,0) screen=(1169,596) projected=1 alive=1
2026.10.01-06.50.32 SHOT camera dist=2340.2 target=2340.2 overview=2340.2 errPct=0.000 focusErr=0.00 settled=1 zoom=1.00
2026.10.01-06.50.32 SHOT head fighter=f-0-hero socket=Head mesh=SK_Medusa_H2LD world=(17.0,188.0,46.9) screen=(983.6,716.3) top=(983.6,711.9) bottom=(983.5,720.7) headPx=8.8 projected=1
2026.10.01-06.50.32 SHOT head fighter=f-0-sk0 socket=Head mesh=SK_Harpy_H3LD world=(-308.3,28.1,34.0) screen=(551.3,544.6) top=(550.4,540.0) bottom=(552.1,549.1) headPx=9.3 projected=1
2026.10.01-06.50.32 SHOT head fighter=f-0-sk1 socket=Head mesh=SK_Harpy_H3LD world=(-398.7,2.5,34.0) screen=(434.6,517.1) top=(433.5,512.5) bottom=(435.8,521.7) headPx=9.4 projected=1
2026.10.01-06.50.32 SHOT head fighter=f-0-sk2 socket=Head mesh=SK_Harpy_H3LD world=(-394.4,86.6,34.0) screen=(429.2,609.2) top=(428.1,604.7) bottom=(430.4,613.7) headPx=9.3 projected=1
2026.10.01-06.50.32 SHOT head fighter=f-1-hero socket=Head mesh=SK_KingArthur_H2LD world=(119.0,141.0,50.1) screen=(1123.3,659.1) top=(1123.7,654.6) bottom=(1122.9,663.5) headPx=8.9 projected=1
2026.10.01-06.50.32 SHOT head fighter=f-1-sk0 socket=Head mesh=SK_Merlin_H2LD world=(158.7,48.9,36.6) screen=(1171.7,565.4) top=(1172.2,560.9) bottom=(1171.3,570.0) headPx=9.1 projected=1
2026.10.01-06.50.32 SHOT figure fighter=f-0-hero bbox=(943,678,1023,785) ringR=28.50 art=1 blockout=0 team=P1 look=P1 ring=1
2026.10.01-06.50.32 SHOT figure fighter=f-0-sk0 bbox=(516,520,586,600) ringR=22.23 art=1 blockout=0 team=P1 look=P1 ring=1
2026.10.01-06.50.32 SHOT figure fighter=f-0-sk1 bbox=(402,482,474,561) ringR=22.23 art=1 blockout=0 team=P1 look=P1 ring=1
2026.10.01-06.50.32 SHOT figure fighter=f-0-sk2 bbox=(394,584,467,665) ringR=22.23 art=1 blockout=0 team=P1 look=P1 ring=1
2026.10.01-06.50.32 SHOT figure fighter=f-1-hero bbox=(1081,619,1165,728) ringR=28.50 art=1 blockout=0 team=P2 look=P2 ring=1
2026.10.01-06.50.32 SHOT figure fighter=f-1-sk0 bbox=(1139,534,1204,620) ringR=22.23 art=1 blockout=0 team=P2 look=P2 ring=1
2026.10.01-06.50.32 SHOT request file=s09-pending-BOOST_CHOICE.png frame=647
2026.10.01-06.50.32 SHOT requested: FScreenshotRequest(bShowUI) -> C:\Users\ren\AppData\Local\Temp\s09-combat-20261001-115008-24636\host/s09-pending-BOOST_CHOICE.png
2026.10.01-06.50.33 SHOT captured file=s09-pending-BOOST_CHOICE.png frame=647 px=1920x1080 sha256=06878c957f2d2bf00f6cf7b2fb9495c7f4d1854f30bba73bae1b4d566e74a410 order=BGRA saved=1
2026.10.01-06.50.33 SHOT late begin file=s09-pending-BOOST_CHOICE.png frame=647 requestFrame=647
2026.10.01-06.50.33 SHOT icon fighter=f-1-hero bbox=(1168,641,1200,673) size=32 src=combat planned=(1168,641,1200,673) geom=painted visible=1 anchor=right fallback=0 overlapPx2=0 texture=/Game/ArtTests/ARTMarkers/Textures/T_UI_Action_AttackToken_32 frame=647
2026.10.01-06.50.33 SHOT widget id=icon impl=umg state=combat fighter=f-1-hero bbox=(1168,641,1200,673) geom=painted visible=1 twin=0 source=/Game/S08/UI/ArtHud/WBP_S08ArtIcon frame=647
2026.10.01-06.50.33 SHOT widget id=board.tag impl=umg state=compact fighter=f-0-hero bbox=(932,654,1034,676) geom=painted visible=1 twin=0 source=/Game/S08/UI/ArtHud/WBP_S08ArtTag mode=compact look=P1 shape=circle placement=above ring=0 order=5 bound=1 softPx2=0 planned=(932,654,1034,676) frame=647
2026.10.01-06.50.33 SHOT widget id=board.tag.hp impl=umg state=compact fighter=f-0-hero bbox=(988,656,1030,674) geom=painted visible=1 twin=0 source=/Game/S08/UI/ArtHud/WBP_S08ArtTag mode=compact look=P1 shape=circle placement=above ring=0 order=5 bound=1 softPx2=0 planned=(932,654,1034,676) frame=647 font=11
2026.10.01-06.50.33 SHOT widget id=board.tag.bar impl=umg state=compact fighter=f-0-hero bbox=(951,663,985,668) geom=painted visible=1 twin=0 source=/Game/S08/UI/ArtHud/WBP_S08ArtTag mode=compact look=P1 shape=circle placement=above ring=0 order=5 bound=1 softPx2=0 planned=(932,654,1034,676) frame=647
2026.10.01-06.50.33 SHOT widget id=board.tag.chip impl=umg state=compact fighter=f-0-hero bbox=(936,659,948,671) geom=painted visible=1 twin=0 source=/Game/S08/UI/ArtHud/WBP_S08ArtTag mode=compact look=P1 shape=circle placement=above ring=0 order=5 bound=1 softPx2=0 planned=(932,654,1034,676) frame=647
2026.10.01-06.50.33 SHOT widget id=board.tag impl=umg state=compact fighter=f-0-sk0 bbox=(509,496,593,518) geom=painted visible=1 twin=0 source=/Game/S08/UI/ArtHud/WBP_S08ArtTag mode=compact look=P1 shape=circle placement=above ring=0 order=2 bound=1 softPx2=0 planned=(509,496,593,518) frame=647
2026.10.01-06.50.33 SHOT widget id=board.tag.hp impl=umg state=compact fighter=f-0-sk0 bbox=(565,498,589,516) geom=painted visible=1 twin=0 source=/Game/S08/UI/ArtHud/WBP_S08ArtTag mode=compact look=P1 shape=circle placement=above ring=0 order=2 bound=1 softPx2=0 planned=(509,496,593,518) frame=647 font=11
2026.10.01-06.50.33 SHOT widget id=board.tag.bar impl=umg state=compact fighter=f-0-sk0 bbox=(528,505,562,510) geom=painted visible=1 twin=0 source=/Game/S08/UI/ArtHud/WBP_S08ArtTag mode=compact look=P1 shape=circle placement=above ring=0 order=2 bound=1 softPx2=0 planned=(509,496,593,518) frame=647
2026.10.01-06.50.33 SHOT widget id=board.tag.chip impl=umg state=compact fighter=f-0-sk0 bbox=(513,501,525,513) geom=painted visible=1 twin=0 source=/Game/S08/UI/ArtHud/WBP_S08ArtTag mode=compact look=P1 shape=circle placement=above ring=0 order=2 bound=1 softPx2=0 planned=(509,496,593,518) frame=647
2026.10.01-06.50.33 SHOT widget id=board.tag impl=umg state=compact fighter=f-0-sk1 bbox=(396,458,480,480) geom=painted visible=1 twin=0 source=/Game/S08/UI/ArtHud/WBP_S08ArtTag mode=compact look=P1 shape=circle placement=above ring=0 order=1 bound=1 softPx2=0 planned=(396,458,480,480) frame=647
2026.10.01-06.50.33 SHOT widget id=board.tag.hp impl=umg state=compact fighter=f-0-sk1 bbox=(452,460,476,478) geom=painted visible=1 twin=0 source=/Game/S08/UI/ArtHud/WBP_S08ArtTag mode=compact look=P1 shape=circle placement=above ring=0 order=1 bound=1 softPx2=0 planned=(396,458,480,480) frame=647 font=11
2026.10.01-06.50.33 SHOT widget id=board.tag.bar impl=umg state=compact fighter=f-0-sk1 bbox=(415,467,449,472) geom=painted visible=1 twin=0 source=/Game/S08/UI/ArtHud/WBP_S08ArtTag mode=compact look=P1 shape=circle placement=above ring=0 order=1 bound=1 softPx2=0 planned=(396,458,480,480) frame=647
2026.10.01-06.50.33 SHOT widget id=board.tag.chip impl=umg state=compact fighter=f-0-sk1 bbox=(400,463,412,475) geom=painted visible=1 twin=0 source=/Game/S08/UI/ArtHud/WBP_S08ArtTag mode=compact look=P1 shape=circle placement=above ring=0 order=1 bound=1 softPx2=0 planned=(396,458,480,480) frame=647
2026.10.01-06.50.33 SHOT widget id=board.tag impl=umg state=compact fighter=f-0-sk2 bbox=(308,584,392,606) geom=painted visible=1 twin=0 source=/Game/S08/UI/ArtHud/WBP_S08ArtTag mode=compact look=P1 shape=circle placement=left ring=0 order=4 bound=1 softPx2=0 planned=(308,584,392,606) frame=647
2026.10.01-06.50.33 SHOT widget id=board.tag.hp impl=umg state=compact fighter=f-0-sk2 bbox=(364,586,388,604) geom=painted visible=1 twin=0 source=/Game/S08/UI/ArtHud/WBP_S08ArtTag mode=compact look=P1 shape=circle placement=left ring=0 order=4 bound=1 softPx2=0 planned=(308,584,392,606) frame=647 font=11
2026.10.01-06.50.33 SHOT widget id=board.tag.bar impl=umg state=compact fighter=f-0-sk2 bbox=(327,593,361,598) geom=painted visible=1 twin=0 source=/Game/S08/UI/ArtHud/WBP_S08ArtTag mode=compact look=P1 shape=circle placement=left ring=0 order=4 bound=1 softPx2=0 planned=(308,584,392,606) frame=647
2026.10.01-06.50.33 SHOT widget id=board.tag.chip impl=umg state=compact fighter=f-0-sk2 bbox=(312,589,324,601) geom=painted visible=1 twin=0 source=/Game/S08/UI/ArtHud/WBP_S08ArtTag mode=compact look=P1 shape=circle placement=left ring=0 order=4 bound=1 softPx2=0 planned=(308,584,392,606) frame=647
2026.10.01-06.50.33 SHOT widget id=board.tag impl=umg state=compact fighter=f-1-hero bbox=(1072,730,1174,752) geom=painted visible=1 twin=0 source=/Game/S08/UI/ArtHud/WBP_S08ArtTag mode=compact look=P2 shape=hex placement=below ring=0 order=0 bound=1 softPx2=0 planned=(1072,730,1174,752) frame=647
2026.10.01-06.50.33 SHOT widget id=board.tag.hp impl=umg state=compact fighter=f-1-hero bbox=(1128,732,1170,750) geom=painted visible=1 twin=0 source=/Game/S08/UI/ArtHud/WBP_S08ArtTag mode=compact look=P2 shape=hex placement=below ring=0 order=0 bound=1 softPx2=0 planned=(1072,730,1174,752) frame=647 font=11
2026.10.01-06.50.33 SHOT widget id=board.tag.bar impl=umg state=compact fighter=f-1-hero bbox=(1091,739,1125,744) geom=painted visible=1 twin=0 source=/Game/S08/UI/ArtHud/WBP_S08ArtTag mode=compact look=P2 shape=hex placement=below ring=0 order=0 bound=1 softPx2=0 planned=(1072,730,1174,752) frame=647
2026.10.01-06.50.33 SHOT widget id=board.tag.chip impl=umg state=compact fighter=f-1-hero bbox=(1076,735,1088,747) geom=painted visible=1 twin=0 source=/Game/S08/UI/ArtHud/WBP_S08ArtTag mode=compact look=P2 shape=hex placement=below ring=0 order=0 bound=1 softPx2=0 planned=(1072,730,1174,752) frame=647
2026.10.01-06.50.33 SHOT widget id=board.tag impl=umg state=compact fighter=f-1-sk0 bbox=(1130,510,1214,532) geom=painted visible=1 twin=0 source=/Game/S08/UI/ArtHud/WBP_S08ArtTag mode=compact look=P2 shape=hex placement=above ring=0 order=3 bound=1 softPx2=0 planned=(1130,510,1214,532) frame=647
2026.10.01-06.50.33 SHOT widget id=board.tag.hp impl=umg state=compact fighter=f-1-sk0 bbox=(1186,512,1210,530) geom=painted visible=1 twin=0 source=/Game/S08/UI/ArtHud/WBP_S08ArtTag mode=compact look=P2 shape=hex placement=above ring=0 order=3 bound=1 softPx2=0 planned=(1130,510,1214,532) frame=647 font=11
2026.10.01-06.50.33 SHOT widget id=board.tag.bar impl=umg state=compact fighter=f-1-sk0 bbox=(1149,519,1183,524) geom=painted visible=1 twin=0 source=/Game/S08/UI/ArtHud/WBP_S08ArtTag mode=compact look=P2 shape=hex placement=above ring=0 order=3 bound=1 softPx2=0 planned=(1130,510,1214,532) frame=647
2026.10.01-06.50.33 SHOT widget id=board.tag.chip impl=umg state=compact fighter=f-1-sk0 bbox=(1134,515,1146,527) geom=painted visible=1 twin=0 source=/Game/S08/UI/ArtHud/WBP_S08ArtTag mode=compact look=P2 shape=hex placement=above ring=0 order=3 bound=1 softPx2=0 planned=(1130,510,1214,532) frame=647
2026.10.01-06.50.33 SHOT panel id=hud.command bbox=(0,0,601,200) geom=painted visible=1 frame=647
2026.10.01-06.50.33 SHOT panel id=hud.side bbox=(1443,0,1920,121) geom=painted visible=1 frame=647
2026.10.01-06.50.33 SHOT panel id=hud.hand bbox=(419,985,1501,1080) geom=painted visible=1 frame=647
2026.10.01-06.50.33 SHOT late end file=s09-pending-BOOST_CHOICE.png frame=647
2026.10.01-06.50.33 S09AUTO boost choice - holding 4s for the other seat's reveal capture
2026.10.01-06.50.33 TAG fighter=f-0-hero bbox=(932,654,1034,676) mode=compact look=P1 placement=above ring=0 hardPx2=0 softPx2=0 order=5 bound=1
2026.10.01-06.50.33 TAG fighter=f-0-sk0 bbox=(509,496,593,518) mode=compact look=P1 placement=above ring=0 hardPx2=0 softPx2=0 order=2 bound=1
2026.10.01-06.50.33 TAG fighter=f-0-sk1 bbox=(396,458,480,480) mode=compact look=P1 placement=above ring=0 hardPx2=0 softPx2=0 order=1 bound=1
2026.10.01-06.50.33 TAG fighter=f-0-sk2 bbox=(308,584,392,606) mode=compact look=P1 placement=left ring=0 hardPx2=0 softPx2=0 order=4 bound=1
2026.10.01-06.50.33 TAG fighter=f-1-hero bbox=(1072,730,1174,752) mode=compact look=P2 placement=below ring=0 hardPx2=0 softPx2=0 order=0 bound=1
2026.10.01-06.50.33 TAG fighter=f-1-sk0 bbox=(1130,510,1214,532) mode=compact look=P2 placement=above ring=0 hardPx2=0 softPx2=0 order=3 bound=1
2026.10.01-06.50.33 ICON fighter=f-1-hero bbox=(1168,641,1200,673) size=32 src=combat anchor=right fallback=0 overlapPx2=0 texture=/Game/ArtTests/ARTMarkers/Textures/T_UI_Action_AttackToken_32
2026.10.01-06.50.33 ARTPREVIEW anim fighter=f-0-hero clip=Idle len=2.333 event=clipFinished loop=1 phase=0.8071 seq=-1 asset=AM_Medusa_Idle
2026.10.01-06.50.34 game -> room=cmup6cvy300ozwi9o9iiyl6ot code=<redacted> status=IN_PROGRESS
2026.10.01-06.50.35 PERF window t=20.0-25.1 frames=133 fps=26.43 frameMs avg=37.84 p50=33.33 p95=33.33 p99=296.13 max=370.01 hitches50=2 gpuMs avg=2.44 p50=2.41 p95=2.68 gameMs avg=6.49 p95=4.53 renderMs avg=4.07 p95=5.62
2026.10.01-06.50.37 PEND-RESOLVE sent type=BOOST_CHOICE stage=0 id=cmuhgvgkf00smwi9gaeymh3ur-during-0-boost-5
2026.10.01-06.50.37 S09AUTO pending picked (type=BOOST_CHOICE stage=0)
2026.10.01-06.50.37 TAG fighter=f-0-hero bbox=(932,654,1034,676) mode=compact look=P1 placement=above ring=0 hardPx2=0 softPx2=0 order=5 bound=1
2026.10.01-06.50.37 TAG fighter=f-0-sk0 bbox=(509,496,593,518) mode=compact look=P1 placement=above ring=0 hardPx2=0 softPx2=0 order=2 bound=1
2026.10.01-06.50.37 TAG fighter=f-0-sk1 bbox=(396,458,480,480) mode=compact look=P1 placement=above ring=0 hardPx2=0 softPx2=0 order=1 bound=1
2026.10.01-06.50.37 TAG fighter=f-0-sk2 bbox=(308,584,392,606) mode=compact look=P1 placement=left ring=0 hardPx2=0 softPx2=0 order=4 bound=1
2026.10.01-06.50.37 TAG fighter=f-1-hero bbox=(1072,730,1174,752) mode=compact look=P2 placement=below ring=0 hardPx2=0 softPx2=0 order=0 bound=1
2026.10.01-06.50.37 TAG fighter=f-1-sk0 bbox=(1130,510,1214,532) mode=compact look=P2 placement=above ring=0 hardPx2=0 softPx2=0 order=3 bound=1
2026.10.01-06.50.37 ICON fighter=f-1-hero bbox=(1168,641,1200,673) size=32 src=combat anchor=right fallback=0 overlapPx2=0 texture=/Game/ArtTests/ARTMarkers/Textures/T_UI_Action_AttackToken_32
2026.10.01-06.50.37 SNAPSHOT applied seq=7 phase=ACTION_MANEUVER
2026.10.01-06.50.37 HANDLE_APPLIED #11 seq=7 decision=2 fightersValid=1 boardValid=1
2026.10.01-06.50.37 COMBAT-RESULT seq=7 damage=5 role=attacked
2026.10.01-06.50.37 S09AUTO combat-result shot
2026.10.01-06.50.37 SHOT ctx viewport=1920x1080 viewTarget=CameraActor_2147482298 cam=(0,1342,1917) rot=(-55,-90,0)
2026.10.01-06.50.37 RENDER tag=SHOT rhi=D3D12 featureLevel=SM6 shaderPlatform=PCD3D_SM6 lumenPlatform=1 gi=lumen giMethod=1 refl=lumen reflMethod=1 shadows=csm vsmEnable=0 sg.res=100 sg.view=2 sg.aa=2 sg.shadow=2 sg.gi=2 sg.refl=2 sg.pp=2 sg.tex=2 sg.fx=2 sg.foliage=2 sg.shading=2 sg.landscape=2 preset=High screenPct=100.0 screenPctMode=0 aa=TSR aaMethod=4 exposure=fixed-histogram expMin=4.14106 expMax=4.14106 expBias=0.000 ev100=2.05 lightUnits=candelas sky=1 skyIntensity=3.000 keyShadow=csm-3600uu-2c-contact0.000 shadowCasters=1 profile=sarpedon-night profilesSha256=c90dddd95a8a7a0b12294b1a6f47218d6e7a860f74b8c51660d4fdb00c320a8b profilesSource=pak legacyRender=0 gameLayer=unlit-eyeadaptinv tMaxFPS=30.0 vsync=0 frameRateLimit=60.0 substrate=0 nanite=1 meshDF=1 viewport=1920x1080 reference=1
2026.10.01-06.50.37 SHOT fighter f-0-hero pos=(4,4) world=(16,189,0) screen=(982,752) projected=1 alive=1
2026.10.01-06.50.37 SHOT fighter f-0-sk0 pos=(1,3) world=(-309,33,0) screen=(555,576) projected=1 alive=1
2026.10.01-06.50.37 SHOT fighter f-0-sk1 pos=(0,2) world=(-398,-3,0) screen=(442,537) projected=1 alive=1
2026.10.01-06.50.37 SHOT fighter f-0-sk2 pos=(0,3) world=(-394,92,0) screen=(435,640) projected=1 alive=1
2026.10.01-06.50.37 SHOT fighter f-1-hero pos=(5,4) world=(119,141,0) screen=(1120,695) projected=1 alive=1
2026.10.01-06.50.37 SHOT fighter f-1-sk0 pos=(6,3) world=(159,52,0) screen=(1169,596) projected=1 alive=1
2026.10.01-06.50.37 SHOT camera dist=2340.2 target=2340.2 overview=2340.2 errPct=0.000 focusErr=0.00 settled=1 zoom=1.00
2026.10.01-06.50.37 SHOT head fighter=f-0-hero socket=Head mesh=SK_Medusa_H2LD world=(16.6,188.1,47.1) screen=(983.0,716.3) top=(983.1,711.9) bottom=(983.0,720.7) headPx=8.8 projected=1
2026.10.01-06.50.37 SHOT head fighter=f-0-sk0 socket=Head mesh=SK_Harpy_H3LD world=(-308.5,28.1,33.9) screen=(550.9,544.7) top=(550.0,540.1) bottom=(551.8,549.3) headPx=9.3 projected=1
2026.10.01-06.50.37 SHOT head fighter=f-0-sk1 socket=Head mesh=SK_Harpy_H3LD world=(-398.3,2.8,34.0) screen=(435.2,517.3) top=(434.1,512.7) bottom=(436.3,521.9) headPx=9.4 projected=1
2026.10.01-06.50.37 SHOT head fighter=f-0-sk2 socket=Head mesh=SK_Harpy_H3LD world=(-394.1,87.1,34.3) screen=(429.6,609.5) top=(428.5,605.0) bottom=(430.8,614.0) headPx=9.3 projected=1
2026.10.01-06.50.37 SHOT head fighter=f-1-hero socket=Head mesh=SK_KingArthur_H2LD world=(118.4,140.3,50.0) screen=(1122.5,658.3) top=(1122.8,653.8) bottom=(1122.1,662.7) headPx=9.0 projected=1
2026.10.01-06.50.37 SHOT head fighter=f-1-sk0 socket=Head mesh=SK_Merlin_H2LD world=(159.2,48.6,36.4) screen=(1172.4,565.2) top=(1172.8,560.7) bottom=(1171.9,569.7) headPx=9.1 projected=1
2026.10.01-06.50.37 SHOT figure fighter=f-0-hero bbox=(943,678,1023,785) ringR=28.50 art=1 blockout=0 team=P1 look=P1 ring=1
2026.10.01-06.50.37 SHOT figure fighter=f-0-sk0 bbox=(516,520,586,600) ringR=22.23 art=1 blockout=0 team=P1 look=P1 ring=1
2026.10.01-06.50.37 SHOT figure fighter=f-0-sk1 bbox=(402,482,474,561) ringR=22.23 art=1 blockout=0 team=P1 look=P1 ring=1
2026.10.01-06.50.37 SHOT figure fighter=f-0-sk2 bbox=(394,584,467,665) ringR=22.23 art=1 blockout=0 team=P1 look=P1 ring=1
2026.10.01-06.50.37 SHOT figure fighter=f-1-hero bbox=(1081,619,1165,728) ringR=28.50 art=1 blockout=0 team=P2 look=P2 ring=1
2026.10.01-06.50.37 SHOT figure fighter=f-1-sk0 bbox=(1139,534,1204,620) ringR=22.23 art=1 blockout=0 team=P2 look=P2 ring=1
2026.10.01-06.50.37 SHOT request file=s09-combat-result.png frame=771
2026.10.01-06.50.37 SHOT requested: FScreenshotRequest(bShowUI) -> C:\Users\ren\AppData\Local\Temp\s09-combat-20261001-115008-24636\host/s09-combat-result.png
2026.10.01-06.50.37 ARTPREVIEW combat marker fighter=Medusa attacker=0 target=0 icon=0 targetMesh=SM_Marker_TargetRing iconMode=screen targetArcScaleXY=0.920
2026.10.01-06.50.37 ARTPREVIEW combat marker fighter=King Arthur attacker=0 target=0 icon=0 targetMesh=SM_Marker_TargetRing iconMode=screen targetArcScaleXY=0.920
2026.10.01-06.50.37 PENDING panel revealed: attack A3+B0 vs D2
2026.10.01-06.50.37 closed mode=
2026.10.01-06.50.37 MODE seq=7 mode=0 combat=0 pending=0
2026.10.01-06.50.37 HUD seq=7 phase=ACTION_MANEUVER turn=opp hand=4 oppHand=4(hidden) oppDeck=25 deck=24 discard=2
2026.10.01-06.50.37 ARTPREVIEW fighter=Medusa hero=1 eligible=0 visual=1 mesh=SK_Medusa_H2LD
2026.10.01-06.50.37 FIGHTERS synced n=6 alive=6 own=4 enemy=2
2026.10.01-06.50.37 ARTPREVIEW damage-number fighter=f-1-hero amount=5 seq=7 cell=(5,4)
2026.10.01-06.50.37 ARTPREVIEW anim fighter=f-1-hero clip=HitReact len=0.417 event=damaged loop=0 phase=0.0000 seq=7 asset=AM_KingArthur_HitReact
2026.10.01-06.50.37 S09AUTO damage-combat scheduled fighter=f-1-hero amount=5 seq=7 source=cue-on-closed-combat-target combatResultSeq=7
2026.10.01-06.50.37 CUE damage f-1-hero -5 seq=7
2026.10.01-06.50.37 PEND resolve done seq=7 (apply) phase=ACTION_MANEUVER
2026.10.01-06.50.37 SNAPSHOT applied seq=7 phase=ACTION_MANEUVER
2026.10.01-06.50.37 HANDLE_APPLIED #12 seq=7 decision=1 fightersValid=1 boardValid=1
2026.10.01-06.50.37 MODE seq=7 mode=0 combat=0 pending=0
2026.10.01-06.50.37 HUD seq=7 phase=ACTION_MANEUVER turn=opp hand=4 oppHand=4(hidden) oppDeck=25 deck=24 discard=2
2026.10.01-06.50.37 ARTPREVIEW fighter=Medusa hero=1 eligible=0 visual=1 mesh=SK_Medusa_H2LD
2026.10.01-06.50.37 FIGHTERS synced n=6 alive=6 own=4 enemy=2
2026.10.01-06.50.37 WS seq=7 phase=ACTION_MANEUVER (merge)
2026.10.01-06.50.37 SHOT late begin file=s09-combat-result.png frame=771 requestFrame=771
2026.10.01-06.50.37 SHOT icon fighter=f-1-hero bbox=(1168,641,1200,673) size=32 src=combat planned=(1168,641,1200,673) geom=painted visible=1 anchor=right fallback=0 overlapPx2=0 texture=/Game/ArtTests/ARTMarkers/Textures/T_UI_Action_AttackToken_32 frame=771
2026.10.01-06.50.37 SHOT widget id=icon impl=umg state=combat fighter=f-1-hero bbox=(1168,641,1200,673) geom=painted visible=1 twin=0 source=/Game/S08/UI/ArtHud/WBP_S08ArtIcon frame=771
2026.10.01-06.50.37 SHOT widget id=board.tag impl=umg state=compact fighter=f-0-hero bbox=(932,654,1034,676) geom=painted visible=1 twin=0 source=/Game/S08/UI/ArtHud/WBP_S08ArtTag mode=compact look=P1 shape=circle placement=above ring=0 order=5 bound=1 softPx2=0 planned=(932,654,1034,676) frame=771
2026.10.01-06.50.37 SHOT widget id=board.tag.hp impl=umg state=compact fighter=f-0-hero bbox=(988,656,1030,674) geom=painted visible=1 twin=0 source=/Game/S08/UI/ArtHud/WBP_S08ArtTag mode=compact look=P1 shape=circle placement=above ring=0 order=5 bound=1 softPx2=0 planned=(932,654,1034,676) frame=771 font=11
2026.10.01-06.50.37 SHOT widget id=board.tag.bar impl=umg state=compact fighter=f-0-hero bbox=(951,663,985,668) geom=painted visible=1 twin=0 source=/Game/S08/UI/ArtHud/WBP_S08ArtTag mode=compact look=P1 shape=circle placement=above ring=0 order=5 bound=1 softPx2=0 planned=(932,654,1034,676) frame=771
2026.10.01-06.50.37 SHOT widget id=board.tag.chip impl=umg state=compact fighter=f-0-hero bbox=(936,659,948,671) geom=painted visible=1 twin=0 source=/Game/S08/UI/ArtHud/WBP_S08ArtTag mode=compact look=P1 shape=circle placement=above ring=0 order=5 bound=1 softPx2=0 planned=(932,654,1034,676) frame=771
2026.10.01-06.50.37 SHOT widget id=board.tag impl=umg state=compact fighter=f-0-sk0 bbox=(509,496,593,518) geom=painted visible=1 twin=0 source=/Game/S08/UI/ArtHud/WBP_S08ArtTag mode=compact look=P1 shape=circle placement=above ring=0 order=2 bound=1 softPx2=0 planned=(509,496,593,518) frame=771
2026.10.01-06.50.37 SHOT widget id=board.tag.hp impl=umg state=compact fighter=f-0-sk0 bbox=(565,498,589,516) geom=painted visible=1 twin=0 source=/Game/S08/UI/ArtHud/WBP_S08ArtTag mode=compact look=P1 shape=circle placement=above ring=0 order=2 bound=1 softPx2=0 planned=(509,496,593,518) frame=771 font=11
2026.10.01-06.50.37 SHOT widget id=board.tag.bar impl=umg state=compact fighter=f-0-sk0 bbox=(528,505,562,510) geom=painted visible=1 twin=0 source=/Game/S08/UI/ArtHud/WBP_S08ArtTag mode=compact look=P1 shape=circle placement=above ring=0 order=2 bound=1 softPx2=0 planned=(509,496,593,518) frame=771
2026.10.01-06.50.37 SHOT widget id=board.tag.chip impl=umg state=compact fighter=f-0-sk0 bbox=(513,501,525,513) geom=painted visible=1 twin=0 source=/Game/S08/UI/ArtHud/WBP_S08ArtTag mode=compact look=P1 shape=circle placement=above ring=0 order=2 bound=1 softPx2=0 planned=(509,496,593,518) frame=771
2026.10.01-06.50.37 SHOT widget id=board.tag impl=umg state=compact fighter=f-0-sk1 bbox=(396,458,480,480) geom=painted visible=1 twin=0 source=/Game/S08/UI/ArtHud/WBP_S08ArtTag mode=compact look=P1 shape=circle placement=above ring=0 order=1 bound=1 softPx2=0 planned=(396,458,480,480) frame=771
2026.10.01-06.50.37 SHOT widget id=board.tag.hp impl=umg state=compact fighter=f-0-sk1 bbox=(452,460,476,478) geom=painted visible=1 twin=0 source=/Game/S08/UI/ArtHud/WBP_S08ArtTag mode=compact look=P1 shape=circle placement=above ring=0 order=1 bound=1 softPx2=0 planned=(396,458,480,480) frame=771 font=11
2026.10.01-06.50.37 SHOT widget id=board.tag.bar impl=umg state=compact fighter=f-0-sk1 bbox=(415,467,449,472) geom=painted visible=1 twin=0 source=/Game/S08/UI/ArtHud/WBP_S08ArtTag mode=compact look=P1 shape=circle placement=above ring=0 order=1 bound=1 softPx2=0 planned=(396,458,480,480) frame=771
2026.10.01-06.50.37 SHOT widget id=board.tag.chip impl=umg state=compact fighter=f-0-sk1 bbox=(400,463,412,475) geom=painted visible=1 twin=0 source=/Game/S08/UI/ArtHud/WBP_S08ArtTag mode=compact look=P1 shape=circle placement=above ring=0 order=1 bound=1 softPx2=0 planned=(396,458,480,480) frame=771
2026.10.01-06.50.37 SHOT widget id=board.tag impl=umg state=compact fighter=f-0-sk2 bbox=(308,584,392,606) geom=painted visible=1 twin=0 source=/Game/S08/UI/ArtHud/WBP_S08ArtTag mode=compact look=P1 shape=circle placement=left ring=0 order=4 bound=1 softPx2=0 planned=(308,584,392,606) frame=771
2026.10.01-06.50.37 SHOT widget id=board.tag.hp impl=umg state=compact fighter=f-0-sk2 bbox=(364,586,388,604) geom=painted visible=1 twin=0 source=/Game/S08/UI/ArtHud/WBP_S08ArtTag mode=compact look=P1 shape=circle placement=left ring=0 order=4 bound=1 softPx2=0 planned=(308,584,392,606) frame=771 font=11
2026.10.01-06.50.37 SHOT widget id=board.tag.bar impl=umg state=compact fighter=f-0-sk2 bbox=(327,593,361,598) geom=painted visible=1 twin=0 source=/Game/S08/UI/ArtHud/WBP_S08ArtTag mode=compact look=P1 shape=circle placement=left ring=0 order=4 bound=1 softPx2=0 planned=(308,584,392,606) frame=771
2026.10.01-06.50.37 SHOT widget id=board.tag.chip impl=umg state=compact fighter=f-0-sk2 bbox=(312,589,324,601) geom=painted visible=1 twin=0 source=/Game/S08/UI/ArtHud/WBP_S08ArtTag mode=compact look=P1 shape=circle placement=left ring=0 order=4 bound=1 softPx2=0 planned=(308,584,392,606) frame=771
2026.10.01-06.50.37 SHOT widget id=board.tag impl=umg state=compact fighter=f-1-hero bbox=(1072,730,1174,752) geom=painted visible=1 twin=0 source=/Game/S08/UI/ArtHud/WBP_S08ArtTag mode=compact look=P2 shape=hex placement=below ring=0 order=0 bound=1 softPx2=0 planned=(1072,730,1174,752) frame=771
2026.10.01-06.50.37 SHOT widget id=board.tag.hp impl=umg state=compact fighter=f-1-hero bbox=(1128,732,1170,750) geom=painted visible=1 twin=0 source=/Game/S08/UI/ArtHud/WBP_S08ArtTag mode=compact look=P2 shape=hex placement=below ring=0 order=0 bound=1 softPx2=0 planned=(1072,730,1174,752) frame=771 font=11
2026.10.01-06.50.37 SHOT widget id=board.tag.bar impl=umg state=compact fighter=f-1-hero bbox=(1091,739,1125,744) geom=painted visible=1 twin=0 source=/Game/S08/UI/ArtHud/WBP_S08ArtTag mode=compact look=P2 shape=hex placement=below ring=0 order=0 bound=1 softPx2=0 planned=(1072,730,1174,752) frame=771
2026.10.01-06.50.37 SHOT widget id=board.tag.chip impl=umg state=compact fighter=f-1-hero bbox=(1076,735,1088,747) geom=painted visible=1 twin=0 source=/Game/S08/UI/ArtHud/WBP_S08ArtTag mode=compact look=P2 shape=hex placement=below ring=0 order=0 bound=1 softPx2=0 planned=(1072,730,1174,752) frame=771
2026.10.01-06.50.37 SHOT widget id=board.tag impl=umg state=compact fighter=f-1-sk0 bbox=(1130,510,1214,532) geom=painted visible=1 twin=0 source=/Game/S08/UI/ArtHud/WBP_S08ArtTag mode=compact look=P2 shape=hex placement=above ring=0 order=3 bound=1 softPx2=0 planned=(1130,510,1214,532) frame=771
2026.10.01-06.50.37 SHOT widget id=board.tag.hp impl=umg state=compact fighter=f-1-sk0 bbox=(1186,512,1210,530) geom=painted visible=1 twin=0 source=/Game/S08/UI/ArtHud/WBP_S08ArtTag mode=compact look=P2 shape=hex placement=above ring=0 order=3 bound=1 softPx2=0 planned=(1130,510,1214,532) frame=771 font=11
2026.10.01-06.50.37 SHOT widget id=board.tag.bar impl=umg state=compact fighter=f-1-sk0 bbox=(1149,519,1183,524) geom=painted visible=1 twin=0 source=/Game/S08/UI/ArtHud/WBP_S08ArtTag mode=compact look=P2 shape=hex placement=above ring=0 order=3 bound=1 softPx2=0 planned=(1130,510,1214,532) frame=771
2026.10.01-06.50.37 SHOT widget id=board.tag.chip impl=umg state=compact fighter=f-1-sk0 bbox=(1134,515,1146,527) geom=painted visible=1 twin=0 source=/Game/S08/UI/ArtHud/WBP_S08ArtTag mode=compact look=P2 shape=hex placement=above ring=0 order=3 bound=1 softPx2=0 planned=(1130,510,1214,532) frame=771
2026.10.01-06.50.37 SHOT panel id=hud.command bbox=(0,0,601,200) geom=painted visible=1 frame=771
2026.10.01-06.50.37 SHOT panel id=hud.side bbox=(1443,0,1920,121) geom=painted visible=1 frame=771
2026.10.01-06.50.37 SHOT panel id=hud.hand bbox=(385,985,1535,1080) geom=painted visible=1 frame=771
2026.10.01-06.50.37 SHOT late end file=s09-combat-result.png frame=771
2026.10.01-06.50.37 TAG fighter=f-0-hero bbox=(932,654,1034,676) mode=compact look=P1 placement=above ring=0 hardPx2=0 softPx2=0 order=5 bound=1
2026.10.01-06.50.37 TAG fighter=f-0-sk0 bbox=(509,496,593,518) mode=compact look=P1 placement=above ring=0 hardPx2=0 softPx2=0 order=2 bound=1
2026.10.01-06.50.37 TAG fighter=f-0-sk1 bbox=(396,458,480,480) mode=compact look=P1 placement=above ring=0 hardPx2=0 softPx2=0 order=1 bound=1
2026.10.01-06.50.37 TAG fighter=f-0-sk2 bbox=(308,584,392,606) mode=compact look=P1 placement=left ring=0 hardPx2=0 softPx2=0 order=4 bound=1
2026.10.01-06.50.37 TAG fighter=f-1-hero bbox=(1072,730,1174,752) mode=compact look=P2 placement=below ring=0 hardPx2=0 softPx2=0 order=0 bound=1
2026.10.01-06.50.37 TAG fighter=f-1-sk0 bbox=(1130,510,1214,532) mode=compact look=P2 placement=above ring=0 hardPx2=0 softPx2=0 order=3 bound=1
2026.10.01-06.50.37 HUD icon hidden fighter=f-1-hero
2026.10.01-06.50.37 DAMAGE fighter=f-1-hero bbox=(1176,727,1216,755) amount=5 seq=7 placement=right ring=0 hardPx2=0 softPx2=0
2026.10.01-06.50.37 SHOT captured file=s09-combat-result.png frame=772 px=1920x1080 sha256=51f28a4c720ec13b1bc621790a6e0e009890ae3fd476c9512ad1ec12522688d0 order=BGRA saved=1
2026.10.01-06.50.37 SHOT late begin file=s09-combat-result.png frame=772 requestFrame=771
2026.10.01-06.50.37 SHOT iconstate visible=0 lastFighter=none frame=772
2026.10.01-06.50.37 SHOT widget id=board.tag impl=umg state=compact fighter=f-0-hero bbox=(932,654,1034,676) geom=painted visible=1 twin=0 source=/Game/S08/UI/ArtHud/WBP_S08ArtTag mode=compact look=P1 shape=circle placement=above ring=0 order=5 bound=1 softPx2=0 planned=(932,654,1034,676) frame=772
2026.10.01-06.50.37 SHOT widget id=board.tag.hp impl=umg state=compact fighter=f-0-hero bbox=(988,656,1030,674) geom=painted visible=1 twin=0 source=/Game/S08/UI/ArtHud/WBP_S08ArtTag mode=compact look=P1 shape=circle placement=above ring=0 order=5 bound=1 softPx2=0 planned=(932,654,1034,676) frame=772 font=11
2026.10.01-06.50.37 SHOT widget id=board.tag.bar impl=umg state=compact fighter=f-0-hero bbox=(951,663,985,668) geom=painted visible=1 twin=0 source=/Game/S08/UI/ArtHud/WBP_S08ArtTag mode=compact look=P1 shape=circle placement=above ring=0 order=5 bound=1 softPx2=0 planned=(932,654,1034,676) frame=772
2026.10.01-06.50.37 SHOT widget id=board.tag.chip impl=umg state=compact fighter=f-0-hero bbox=(936,659,948,671) geom=painted visible=1 twin=0 source=/Game/S08/UI/ArtHud/WBP_S08ArtTag mode=compact look=P1 shape=circle placement=above ring=0 order=5 bound=1 softPx2=0 planned=(932,654,1034,676) frame=772
2026.10.01-06.50.37 SHOT widget id=board.tag impl=umg state=compact fighter=f-0-sk0 bbox=(509,496,593,518) geom=painted visible=1 twin=0 source=/Game/S08/UI/ArtHud/WBP_S08ArtTag mode=compact look=P1 shape=circle placement=above ring=0 order=2 bound=1 softPx2=0 planned=(509,496,593,518) frame=772
2026.10.01-06.50.37 SHOT widget id=board.tag.hp impl=umg state=compact fighter=f-0-sk0 bbox=(565,498,589,516) geom=painted visible=1 twin=0 source=/Game/S08/UI/ArtHud/WBP_S08ArtTag mode=compact look=P1 shape=circle placement=above ring=0 order=2 bound=1 softPx2=0 planned=(509,496,593,518) frame=772 font=11
2026.10.01-06.50.37 SHOT widget id=board.tag.bar impl=umg state=compact fighter=f-0-sk0 bbox=(528,505,562,510) geom=painted visible=1 twin=0 source=/Game/S08/UI/ArtHud/WBP_S08ArtTag mode=compact look=P1 shape=circle placement=above ring=0 order=2 bound=1 softPx2=0 planned=(509,496,593,518) frame=772
2026.10.01-06.50.37 SHOT widget id=board.tag.chip impl=umg state=compact fighter=f-0-sk0 bbox=(513,501,525,513) geom=painted visible=1 twin=0 source=/Game/S08/UI/ArtHud/WBP_S08ArtTag mode=compact look=P1 shape=circle placement=above ring=0 order=2 bound=1 softPx2=0 planned=(509,496,593,518) frame=772
2026.10.01-06.50.37 SHOT widget id=board.tag impl=umg state=compact fighter=f-0-sk1 bbox=(396,458,480,480) geom=painted visible=1 twin=0 source=/Game/S08/UI/ArtHud/WBP_S08ArtTag mode=compact look=P1 shape=circle placement=above ring=0 order=1 bound=1 softPx2=0 planned=(396,458,480,480) frame=772
2026.10.01-06.50.37 SHOT widget id=board.tag.hp impl=umg state=compact fighter=f-0-sk1 bbox=(452,460,476,478) geom=painted visible=1 twin=0 source=/Game/S08/UI/ArtHud/WBP_S08ArtTag mode=compact look=P1 shape=circle placement=above ring=0 order=1 bound=1 softPx2=0 planned=(396,458,480,480) frame=772 font=11
2026.10.01-06.50.37 SHOT widget id=board.tag.bar impl=umg state=compact fighter=f-0-sk1 bbox=(415,467,449,472) geom=painted visible=1 twin=0 source=/Game/S08/UI/ArtHud/WBP_S08ArtTag mode=compact look=P1 shape=circle placement=above ring=0 order=1 bound=1 softPx2=0 planned=(396,458,480,480) frame=772
2026.10.01-06.50.37 SHOT widget id=board.tag.chip impl=umg state=compact fighter=f-0-sk1 bbox=(400,463,412,475) geom=painted visible=1 twin=0 source=/Game/S08/UI/ArtHud/WBP_S08ArtTag mode=compact look=P1 shape=circle placement=above ring=0 order=1 bound=1 softPx2=0 planned=(396,458,480,480) frame=772
2026.10.01-06.50.37 SHOT widget id=board.tag impl=umg state=compact fighter=f-0-sk2 bbox=(308,584,392,606) geom=painted visible=1 twin=0 source=/Game/S08/UI/ArtHud/WBP_S08ArtTag mode=compact look=P1 shape=circle placement=left ring=0 order=4 bound=1 softPx2=0 planned=(308,584,392,606) frame=772
2026.10.01-06.50.37 SHOT widget id=board.tag.hp impl=umg state=compact fighter=f-0-sk2 bbox=(364,586,388,604) geom=painted visible=1 twin=0 source=/Game/S08/UI/ArtHud/WBP_S08ArtTag mode=compact look=P1 shape=circle placement=left ring=0 order=4 bound=1 softPx2=0 planned=(308,584,392,606) frame=772 font=11
2026.10.01-06.50.37 SHOT widget id=board.tag.bar impl=umg state=compact fighter=f-0-sk2 bbox=(327,593,361,598) geom=painted visible=1 twin=0 source=/Game/S08/UI/ArtHud/WBP_S08ArtTag mode=compact look=P1 shape=circle placement=left ring=0 order=4 bound=1 softPx2=0 planned=(308,584,392,606) frame=772
2026.10.01-06.50.37 SHOT widget id=board.tag.chip impl=umg state=compact fighter=f-0-sk2 bbox=(312,589,324,601) geom=painted visible=1 twin=0 source=/Game/S08/UI/ArtHud/WBP_S08ArtTag mode=compact look=P1 shape=circle placement=left ring=0 order=4 bound=1 softPx2=0 planned=(308,584,392,606) frame=772
2026.10.01-06.50.37 SHOT widget id=board.tag impl=umg state=compact fighter=f-1-hero bbox=(1072,730,1174,752) geom=painted visible=1 twin=0 source=/Game/S08/UI/ArtHud/WBP_S08ArtTag mode=compact look=P2 shape=hex placement=below ring=0 order=0 bound=1 softPx2=0 planned=(1072,730,1174,752) frame=772
2026.10.01-06.50.37 SHOT widget id=board.tag.hp impl=umg state=compact fighter=f-1-hero bbox=(1128,732,1170,750) geom=painted visible=1 twin=0 source=/Game/S08/UI/ArtHud/WBP_S08ArtTag mode=compact look=P2 shape=hex placement=below ring=0 order=0 bound=1 softPx2=0 planned=(1072,730,1174,752) frame=772 font=11
2026.10.01-06.50.37 SHOT widget id=board.tag.bar impl=umg state=compact fighter=f-1-hero bbox=(1091,739,1125,744) geom=painted visible=1 twin=0 source=/Game/S08/UI/ArtHud/WBP_S08ArtTag mode=compact look=P2 shape=hex placement=below ring=0 order=0 bound=1 softPx2=0 planned=(1072,730,1174,752) frame=772
2026.10.01-06.50.37 SHOT widget id=board.tag.chip impl=umg state=compact fighter=f-1-hero bbox=(1076,735,1088,747) geom=painted visible=1 twin=0 source=/Game/S08/UI/ArtHud/WBP_S08ArtTag mode=compact look=P2 shape=hex placement=below ring=0 order=0 bound=1 softPx2=0 planned=(1072,730,1174,752) frame=772
2026.10.01-06.50.37 SHOT widget id=board.tag impl=umg state=compact fighter=f-1-sk0 bbox=(1130,510,1214,532) geom=painted visible=1 twin=0 source=/Game/S08/UI/ArtHud/WBP_S08ArtTag mode=compact look=P2 shape=hex placement=above ring=0 order=3 bound=1 softPx2=0 planned=(1130,510,1214,532) frame=772
2026.10.01-06.50.37 SHOT widget id=board.tag.hp impl=umg state=compact fighter=f-1-sk0 bbox=(1186,512,1210,530) geom=painted visible=1 twin=0 source=/Game/S08/UI/ArtHud/WBP_S08ArtTag mode=compact look=P2 shape=hex placement=above ring=0 order=3 bound=1 softPx2=0 planned=(1130,510,1214,532) frame=772 font=11
2026.10.01-06.50.37 SHOT widget id=board.tag.bar impl=umg state=compact fighter=f-1-sk0 bbox=(1149,519,1183,524) geom=painted visible=1 twin=0 source=/Game/S08/UI/ArtHud/WBP_S08ArtTag mode=compact look=P2 shape=hex placement=above ring=0 order=3 bound=1 softPx2=0 planned=(1130,510,1214,532) frame=772
2026.10.01-06.50.37 SHOT widget id=board.tag.chip impl=umg state=compact fighter=f-1-sk0 bbox=(1134,515,1146,527) geom=painted visible=1 twin=0 source=/Game/S08/UI/ArtHud/WBP_S08ArtTag mode=compact look=P2 shape=hex placement=above ring=0 order=3 bound=1 softPx2=0 planned=(1130,510,1214,532) frame=772
2026.10.01-06.50.37 SHOT widget id=board.damage impl=umg state=damage fighter=f-1-hero bbox=(1176,727,1216,755) geom=painted visible=1 twin=0 source=/Game/S08/UI/ArtHud/WBP_S08ArtDamage amount=5 seq=7 placement=right_ring=0_hardPx2=0_softPx2=0 stableFrames=0 planned=(1176,727,1216,755) frame=772
2026.10.01-06.50.37 SHOT widget id=board.damage.text impl=umg state=damage fighter=f-1-hero bbox=(1184,727,1208,755) geom=painted visible=1 twin=0 source=/Game/S08/UI/ArtHud/WBP_S08ArtDamage amount=5 seq=7 placement=right_ring=0_hardPx2=0_softPx2=0 stableFrames=0 planned=(1176,727,1216,755) frame=772 font=18
2026.10.01-06.50.37 SHOT damage fighter=f-1-hero bbox=(1176,727,1216,755) frame=772
2026.10.01-06.50.37 SHOT panel id=hud.command bbox=(0,0,696,140) geom=painted visible=1 frame=772
2026.10.01-06.50.37 SHOT panel id=hud.side bbox=(1431,0,1920,121) geom=painted visible=1 frame=772
2026.10.01-06.50.37 SHOT panel id=hud.hand bbox=(527,985,1393,1080) geom=painted visible=1 frame=772
2026.10.01-06.50.37 SHOT late end file=s09-combat-result.png frame=772
2026.10.01-06.50.37 S09AUTO drive mode=0 plan=[attack+defend+ownresult] phase=ACTION_MANEUVER turn=cmuhntiwu0001wib0z281rpa8
2026.10.01-06.50.37 TAG fighter=f-0-hero bbox=(932,654,1034,676) mode=compact look=P1 placement=above ring=0 hardPx2=0 softPx2=0 order=5 bound=1
2026.10.01-06.50.37 TAG fighter=f-0-sk0 bbox=(509,496,593,518) mode=compact look=P1 placement=above ring=0 hardPx2=0 softPx2=0 order=2 bound=1
2026.10.01-06.50.37 TAG fighter=f-0-sk1 bbox=(396,458,480,480) mode=compact look=P1 placement=above ring=0 hardPx2=0 softPx2=0 order=1 bound=1
2026.10.01-06.50.37 TAG fighter=f-0-sk2 bbox=(308,584,392,606) mode=compact look=P1 placement=left ring=0 hardPx2=0 softPx2=0 order=4 bound=1
2026.10.01-06.50.37 TAG fighter=f-1-hero bbox=(1072,730,1174,752) mode=compact look=P2 placement=below ring=0 hardPx2=0 softPx2=0 order=0 bound=1
2026.10.01-06.50.37 TAG fighter=f-1-sk0 bbox=(1130,510,1214,532) mode=compact look=P2 placement=above ring=0 hardPx2=0 softPx2=0 order=3 bound=1
2026.10.01-06.50.37 S09AUTO damage-number shot stableFrames=2
2026.10.01-06.50.37 SHOT ctx viewport=1920x1080 viewTarget=CameraActor_2147482298 cam=(0,1342,1917) rot=(-55,-90,0)
2026.10.01-06.50.37 RENDER tag=SHOT rhi=D3D12 featureLevel=SM6 shaderPlatform=PCD3D_SM6 lumenPlatform=1 gi=lumen giMethod=1 refl=lumen reflMethod=1 shadows=csm vsmEnable=0 sg.res=100 sg.view=2 sg.aa=2 sg.shadow=2 sg.gi=2 sg.refl=2 sg.pp=2 sg.tex=2 sg.fx=2 sg.foliage=2 sg.shading=2 sg.landscape=2 preset=High screenPct=100.0 screenPctMode=0 aa=TSR aaMethod=4 exposure=fixed-histogram expMin=4.14106 expMax=4.14106 expBias=0.000 ev100=2.05 lightUnits=candelas sky=1 skyIntensity=3.000 keyShadow=csm-3600uu-2c-contact0.000 shadowCasters=1 profile=sarpedon-night profilesSha256=c90dddd95a8a7a0b12294b1a6f47218d6e7a860f74b8c51660d4fdb00c320a8b profilesSource=pak legacyRender=0 gameLayer=unlit-eyeadaptinv tMaxFPS=30.0 vsync=0 frameRateLimit=60.0 substrate=0 nanite=1 meshDF=1 viewport=1920x1080 reference=1
2026.10.01-06.50.37 SHOT fighter f-0-hero pos=(4,4) world=(16,189,0) screen=(982,752) projected=1 alive=1
2026.10.01-06.50.37 SHOT fighter f-0-sk0 pos=(1,3) world=(-309,33,0) screen=(555,576) projected=1 alive=1
2026.10.01-06.50.37 SHOT fighter f-0-sk1 pos=(0,2) world=(-398,-3,0) screen=(442,537) projected=1 alive=1
2026.10.01-06.50.37 SHOT fighter f-0-sk2 pos=(0,3) world=(-394,92,0) screen=(435,640) projected=1 alive=1
2026.10.01-06.50.37 SHOT fighter f-1-hero pos=(5,4) world=(119,141,0) screen=(1120,695) projected=1 alive=1
2026.10.01-06.50.37 SHOT fighter f-1-sk0 pos=(6,3) world=(159,52,0) screen=(1169,596) projected=1 alive=1
2026.10.01-06.50.37 SHOT camera dist=2340.2 target=2340.2 overview=2340.2 errPct=0.000 focusErr=0.00 settled=1 zoom=1.00
2026.10.01-06.50.37 SHOT head fighter=f-0-hero socket=Head mesh=SK_Medusa_H2LD world=(17.0,188.3,47.0) screen=(983.6,716.6) top=(983.7,712.2) bottom=(983.6,721.0) headPx=8.8 projected=1
2026.10.01-06.50.37 SHOT head fighter=f-0-sk0 socket=Head mesh=SK_Harpy_H3LD world=(-309.0,28.0,34.0) screen=(550.4,544.6) top=(549.5,540.0) bottom=(551.2,549.1) headPx=9.3 projected=1
2026.10.01-06.50.37 SHOT head fighter=f-0-sk1 socket=Head mesh=SK_Harpy_H3LD world=(-398.4,2.5,34.2) screen=(435.1,516.9) top=(434.0,512.3) bottom=(436.2,521.4) headPx=9.4 projected=1
2026.10.01-06.50.37 SHOT head fighter=f-0-sk2 socket=Head mesh=SK_Harpy_H3LD world=(-393.7,86.9,34.2) screen=(430.2,609.4) top=(429.0,604.9) bottom=(431.3,613.9) headPx=9.3 projected=1
2026.10.01-06.50.37 SHOT head fighter=f-1-hero socket=Head mesh=SK_KingArthur_H2LD world=(119.0,140.9,50.1) screen=(1123.3,659.0) top=(1123.7,654.5) bottom=(1123.0,663.4) headPx=8.9 projected=1
2026.10.01-06.50.37 SHOT head fighter=f-1-sk0 socket=Head mesh=SK_Merlin_H2LD world=(159.2,48.8,36.6) screen=(1172.4,565.4) top=(1172.9,560.9) bottom=(1172.0,569.9) headPx=9.1 projected=1
2026.10.01-06.50.37 SHOT figure fighter=f-0-hero bbox=(943,678,1023,785) ringR=28.50 art=1 blockout=0 team=P1 look=P1 ring=1
2026.10.01-06.50.37 SHOT figure fighter=f-0-sk0 bbox=(516,520,586,600) ringR=22.23 art=1 blockout=0 team=P1 look=P1 ring=1
2026.10.01-06.50.37 SHOT figure fighter=f-0-sk1 bbox=(402,482,474,561) ringR=22.23 art=1 blockout=0 team=P1 look=P1 ring=1
2026.10.01-06.50.37 SHOT figure fighter=f-0-sk2 bbox=(394,584,467,665) ringR=22.23 art=1 blockout=0 team=P1 look=P1 ring=1
2026.10.01-06.50.37 SHOT figure fighter=f-1-hero bbox=(1081,619,1165,728) ringR=28.50 art=1 blockout=0 team=P2 look=P2 ring=1
2026.10.01-06.50.37 SHOT figure fighter=f-1-sk0 bbox=(1139,534,1204,620) ringR=22.23 art=1 blockout=0 team=P2 look=P2 ring=1
2026.10.01-06.50.37 SHOT request file=s09-damage-number.png frame=775
2026.10.01-06.50.37 SHOT requested: FScreenshotRequest(bShowUI) -> C:\Users\ren\AppData\Local\Temp\s09-combat-20261001-115008-24636\host/s09-damage-number.png
2026.10.01-06.50.37 SHOT captured file=s09-damage-number.png frame=775 px=1920x1080 sha256=8150c4613d4ca3520e638c6b2113185e1a13eb460095c9b9f8ad0d940f9f6b46 order=BGRA saved=1
2026.10.01-06.50.37 SHOT late begin file=s09-damage-number.png frame=775 requestFrame=775
2026.10.01-06.50.37 SHOT iconstate visible=0 lastFighter=none frame=775
2026.10.01-06.50.37 SHOT widget id=board.tag impl=umg state=compact fighter=f-0-hero bbox=(932,654,1034,676) geom=painted visible=1 twin=0 source=/Game/S08/UI/ArtHud/WBP_S08ArtTag mode=compact look=P1 shape=circle placement=above ring=0 order=5 bound=1 softPx2=0 planned=(932,654,1034,676) frame=775
2026.10.01-06.50.37 SHOT widget id=board.tag.hp impl=umg state=compact fighter=f-0-hero bbox=(988,656,1030,674) geom=painted visible=1 twin=0 source=/Game/S08/UI/ArtHud/WBP_S08ArtTag mode=compact look=P1 shape=circle placement=above ring=0 order=5 bound=1 softPx2=0 planned=(932,654,1034,676) frame=775 font=11
2026.10.01-06.50.37 SHOT widget id=board.tag.bar impl=umg state=compact fighter=f-0-hero bbox=(951,663,985,668) geom=painted visible=1 twin=0 source=/Game/S08/UI/ArtHud/WBP_S08ArtTag mode=compact look=P1 shape=circle placement=above ring=0 order=5 bound=1 softPx2=0 planned=(932,654,1034,676) frame=775
2026.10.01-06.50.37 SHOT widget id=board.tag.chip impl=umg state=compact fighter=f-0-hero bbox=(936,659,948,671) geom=painted visible=1 twin=0 source=/Game/S08/UI/ArtHud/WBP_S08ArtTag mode=compact look=P1 shape=circle placement=above ring=0 order=5 bound=1 softPx2=0 planned=(932,654,1034,676) frame=775
2026.10.01-06.50.37 SHOT widget id=board.tag impl=umg state=compact fighter=f-0-sk0 bbox=(509,496,593,518) geom=painted visible=1 twin=0 source=/Game/S08/UI/ArtHud/WBP_S08ArtTag mode=compact look=P1 shape=circle placement=above ring=0 order=2 bound=1 softPx2=0 planned=(509,496,593,518) frame=775
2026.10.01-06.50.37 SHOT widget id=board.tag.hp impl=umg state=compact fighter=f-0-sk0 bbox=(565,498,589,516) geom=painted visible=1 twin=0 source=/Game/S08/UI/ArtHud/WBP_S08ArtTag mode=compact look=P1 shape=circle placement=above ring=0 order=2 bound=1 softPx2=0 planned=(509,496,593,518) frame=775 font=11
2026.10.01-06.50.37 SHOT widget id=board.tag.bar impl=umg state=compact fighter=f-0-sk0 bbox=(528,505,562,510) geom=painted visible=1 twin=0 source=/Game/S08/UI/ArtHud/WBP_S08ArtTag mode=compact look=P1 shape=circle placement=above ring=0 order=2 bound=1 softPx2=0 planned=(509,496,593,518) frame=775
2026.10.01-06.50.37 SHOT widget id=board.tag.chip impl=umg state=compact fighter=f-0-sk0 bbox=(513,501,525,513) geom=painted visible=1 twin=0 source=/Game/S08/UI/ArtHud/WBP_S08ArtTag mode=compact look=P1 shape=circle placement=above ring=0 order=2 bound=1 softPx2=0 planned=(509,496,593,518) frame=775
2026.10.01-06.50.37 SHOT widget id=board.tag impl=umg state=compact fighter=f-0-sk1 bbox=(396,458,480,480) geom=painted visible=1 twin=0 source=/Game/S08/UI/ArtHud/WBP_S08ArtTag mode=compact look=P1 shape=circle placement=above ring=0 order=1 bound=1 softPx2=0 planned=(396,458,480,480) frame=775
2026.10.01-06.50.37 SHOT widget id=board.tag.hp impl=umg state=compact fighter=f-0-sk1 bbox=(452,460,476,478) geom=painted visible=1 twin=0 source=/Game/S08/UI/ArtHud/WBP_S08ArtTag mode=compact look=P1 shape=circle placement=above ring=0 order=1 bound=1 softPx2=0 planned=(396,458,480,480) frame=775 font=11
2026.10.01-06.50.37 SHOT widget id=board.tag.bar impl=umg state=compact fighter=f-0-sk1 bbox=(415,467,449,472) geom=painted visible=1 twin=0 source=/Game/S08/UI/ArtHud/WBP_S08ArtTag mode=compact look=P1 shape=circle placement=above ring=0 order=1 bound=1 softPx2=0 planned=(396,458,480,480) frame=775
2026.10.01-06.50.37 SHOT widget id=board.tag.chip impl=umg state=compact fighter=f-0-sk1 bbox=(400,463,412,475) geom=painted visible=1 twin=0 source=/Game/S08/UI/ArtHud/WBP_S08ArtTag mode=compact look=P1 shape=circle placement=above ring=0 order=1 bound=1 softPx2=0 planned=(396,458,480,480) frame=775
2026.10.01-06.50.37 SHOT widget id=board.tag impl=umg state=compact fighter=f-0-sk2 bbox=(308,584,392,606) geom=painted visible=1 twin=0 source=/Game/S08/UI/ArtHud/WBP_S08ArtTag mode=compact look=P1 shape=circle placement=left ring=0 order=4 bound=1 softPx2=0 planned=(308,584,392,606) frame=775
2026.10.01-06.50.37 SHOT widget id=board.tag.hp impl=umg state=compact fighter=f-0-sk2 bbox=(364,586,388,604) geom=painted visible=1 twin=0 source=/Game/S08/UI/ArtHud/WBP_S08ArtTag mode=compact look=P1 shape=circle placement=left ring=0 order=4 bound=1 softPx2=0 planned=(308,584,392,606) frame=775 font=11
2026.10.01-06.50.37 SHOT widget id=board.tag.bar impl=umg state=compact fighter=f-0-sk2 bbox=(327,593,361,598) geom=painted visible=1 twin=0 source=/Game/S08/UI/ArtHud/WBP_S08ArtTag mode=compact look=P1 shape=circle placement=left ring=0 order=4 bound=1 softPx2=0 planned=(308,584,392,606) frame=775
2026.10.01-06.50.37 SHOT widget id=board.tag.chip impl=umg state=compact fighter=f-0-sk2 bbox=(312,589,324,601) geom=painted visible=1 twin=0 source=/Game/S08/UI/ArtHud/WBP_S08ArtTag mode=compact look=P1 shape=circle placement=left ring=0 order=4 bound=1 softPx2=0 planned=(308,584,392,606) frame=775
2026.10.01-06.50.37 SHOT widget id=board.tag impl=umg state=compact fighter=f-1-hero bbox=(1072,730,1174,752) geom=painted visible=1 twin=0 source=/Game/S08/UI/ArtHud/WBP_S08ArtTag mode=compact look=P2 shape=hex placement=below ring=0 order=0 bound=1 softPx2=0 planned=(1072,730,1174,752) frame=775
2026.10.01-06.50.37 SHOT widget id=board.tag.hp impl=umg state=compact fighter=f-1-hero bbox=(1128,732,1170,750) geom=painted visible=1 twin=0 source=/Game/S08/UI/ArtHud/WBP_S08ArtTag mode=compact look=P2 shape=hex placement=below ring=0 order=0 bound=1 softPx2=0 planned=(1072,730,1174,752) frame=775 font=11
2026.10.01-06.50.37 SHOT widget id=board.tag.bar impl=umg state=compact fighter=f-1-hero bbox=(1091,739,1125,744) geom=painted visible=1 twin=0 source=/Game/S08/UI/ArtHud/WBP_S08ArtTag mode=compact look=P2 shape=hex placement=below ring=0 order=0 bound=1 softPx2=0 planned=(1072,730,1174,752) frame=775
2026.10.01-06.50.37 SHOT widget id=board.tag.chip impl=umg state=compact fighter=f-1-hero bbox=(1076,735,1088,747) geom=painted visible=1 twin=0 source=/Game/S08/UI/ArtHud/WBP_S08ArtTag mode=compact look=P2 shape=hex placement=below ring=0 order=0 bound=1 softPx2=0 planned=(1072,730,1174,752) frame=775
2026.10.01-06.50.37 SHOT widget id=board.tag impl=umg state=compact fighter=f-1-sk0 bbox=(1130,510,1214,532) geom=painted visible=1 twin=0 source=/Game/S08/UI/ArtHud/WBP_S08ArtTag mode=compact look=P2 shape=hex placement=above ring=0 order=3 bound=1 softPx2=0 planned=(1130,510,1214,532) frame=775
2026.10.01-06.50.37 SHOT widget id=board.tag.hp impl=umg state=compact fighter=f-1-sk0 bbox=(1186,512,1210,530) geom=painted visible=1 twin=0 source=/Game/S08/UI/ArtHud/WBP_S08ArtTag mode=compact look=P2 shape=hex placement=above ring=0 order=3 bound=1 softPx2=0 planned=(1130,510,1214,532) frame=775 font=11
2026.10.01-06.50.37 SHOT widget id=board.tag.bar impl=umg state=compact fighter=f-1-sk0 bbox=(1149,519,1183,524) geom=painted visible=1 twin=0 source=/Game/S08/UI/ArtHud/WBP_S08ArtTag mode=compact look=P2 shape=hex placement=above ring=0 order=3 bound=1 softPx2=0 planned=(1130,510,1214,532) frame=775
2026.10.01-06.50.37 SHOT widget id=board.tag.chip impl=umg state=compact fighter=f-1-sk0 bbox=(1134,515,1146,527) geom=painted visible=1 twin=0 source=/Game/S08/UI/ArtHud/WBP_S08ArtTag mode=compact look=P2 shape=hex placement=above ring=0 order=3 bound=1 softPx2=0 planned=(1130,510,1214,532) frame=775
2026.10.01-06.50.37 SHOT widget id=board.damage impl=umg state=damage fighter=f-1-hero bbox=(1176,727,1216,755) geom=painted visible=1 twin=0 source=/Game/S08/UI/ArtHud/WBP_S08ArtDamage amount=5 seq=7 placement=right_ring=0_hardPx2=0_softPx2=0 stableFrames=3 planned=(1176,727,1216,755) frame=775
2026.10.01-06.50.37 SHOT widget id=board.damage.text impl=umg state=damage fighter=f-1-hero bbox=(1184,727,1208,755) geom=painted visible=1 twin=0 source=/Game/S08/UI/ArtHud/WBP_S08ArtDamage amount=5 seq=7 placement=right_ring=0_hardPx2=0_softPx2=0 stableFrames=3 planned=(1176,727,1216,755) frame=775 font=18
2026.10.01-06.50.37 SHOT damage fighter=f-1-hero bbox=(1176,727,1216,755) frame=775
2026.10.01-06.50.37 SHOT panel id=hud.command bbox=(0,0,696,140) geom=painted visible=1 frame=775
2026.10.01-06.50.37 SHOT panel id=hud.side bbox=(1431,0,1920,121) geom=painted visible=1 frame=775
2026.10.01-06.50.37 SHOT panel id=hud.hand bbox=(527,985,1393,1080) geom=painted visible=1 frame=775
2026.10.01-06.50.37 SHOT late end file=s09-damage-number.png frame=775
2026.10.01-06.50.37 SNAPSHOT applied seq=8 phase=COMBAT
2026.10.01-06.50.37 HANDLE_APPLIED #13 seq=8 decision=2 fightersValid=1 boardValid=1
2026.10.01-06.50.37 closed mode=
2026.10.01-06.50.37 MODE seq=8 mode=4 combat=1 pending=0
2026.10.01-06.50.37 HUD seq=8 phase=COMBAT turn=opp hand=4 oppHand=3(hidden) oppDeck=25~ deck=24~ discard=2
2026.10.01-06.50.37 ARTPREVIEW combat marker fighter=Medusa attacker=0 target=1 icon=1 targetMesh=SM_Marker_TargetRing iconMode=screen targetArcScaleXY=0.920
2026.10.01-06.50.37 ARTPREVIEW combat marker fighter=Merlin attacker=1 target=0 icon=0 targetMesh=SM_Marker_TargetRing iconMode=screen targetArcScaleXY=0.718
2026.10.01-06.50.37 ARTPREVIEW fighter=Medusa hero=1 eligible=0 visual=1 mesh=SK_Medusa_H2LD
2026.10.01-06.50.37 FIGHTERS synced n=6 alive=6 own=4 enemy=2
2026.10.01-06.50.37 WS seq=8 phase=COMBAT (apply)
2026.10.01-06.50.37 S09AUTO damage-combat shot fighter=f-1-hero stableFrames=3
2026.10.01-06.50.37 SHOT ctx viewport=1920x1080 viewTarget=CameraActor_2147482298 cam=(0,1342,1917) rot=(-55,-90,0)
2026.10.01-06.50.37 RENDER tag=SHOT rhi=D3D12 featureLevel=SM6 shaderPlatform=PCD3D_SM6 lumenPlatform=1 gi=lumen giMethod=1 refl=lumen reflMethod=1 shadows=csm vsmEnable=0 sg.res=100 sg.view=2 sg.aa=2 sg.shadow=2 sg.gi=2 sg.refl=2 sg.pp=2 sg.tex=2 sg.fx=2 sg.foliage=2 sg.shading=2 sg.landscape=2 preset=High screenPct=100.0 screenPctMode=0 aa=TSR aaMethod=4 exposure=fixed-histogram expMin=4.14106 expMax=4.14106 expBias=0.000 ev100=2.05 lightUnits=candelas sky=1 skyIntensity=3.000 keyShadow=csm-3600uu-2c-contact0.000 shadowCasters=1 profile=sarpedon-night profilesSha256=c90dddd95a8a7a0b12294b1a6f47218d6e7a860f74b8c51660d4fdb00c320a8b profilesSource=pak legacyRender=0 gameLayer=unlit-eyeadaptinv tMaxFPS=30.0 vsync=0 frameRateLimit=60.0 substrate=0 nanite=1 meshDF=1 viewport=1920x1080 reference=1
2026.10.01-06.50.37 SHOT fighter f-0-hero pos=(4,4) world=(16,189,0) screen=(982,752) projected=1 alive=1
2026.10.01-06.50.37 SHOT fighter f-0-sk0 pos=(1,3) world=(-309,33,0) screen=(555,576) projected=1 alive=1
2026.10.01-06.50.37 SHOT fighter f-0-sk1 pos=(0,2) world=(-398,-3,0) screen=(442,537) projected=1 alive=1
2026.10.01-06.50.37 SHOT fighter f-0-sk2 pos=(0,3) world=(-394,92,0) screen=(435,640) projected=1 alive=1
2026.10.01-06.50.37 SHOT fighter f-1-hero pos=(5,4) world=(119,141,0) screen=(1120,695) projected=1 alive=1
2026.10.01-06.50.37 SHOT fighter f-1-sk0 pos=(6,3) world=(159,52,0) screen=(1169,596) projected=1 alive=1
2026.10.01-06.50.37 SHOT camera dist=2340.2 target=2340.2 overview=2340.2 errPct=0.000 focusErr=0.00 settled=1 zoom=1.00
2026.10.01-06.50.37 SHOT head fighter=f-0-hero socket=Head mesh=SK_Medusa_H2LD world=(17.0,188.3,47.0) screen=(983.7,716.6) top=(983.7,712.2) bottom=(983.6,721.0) headPx=8.8 projected=1
2026.10.01-06.50.37 SHOT head fighter=f-0-sk0 socket=Head mesh=SK_Harpy_H3LD world=(-309.0,27.9,33.9) screen=(550.3,544.5) top=(549.4,540.0) bottom=(551.2,549.1) headPx=9.3 projected=1
2026.10.01-06.50.37 SHOT head fighter=f-0-sk1 socket=Head mesh=SK_Harpy_H3LD world=(-398.4,2.5,34.2) screen=(435.0,516.8) top=(433.9,512.2) bottom=(436.2,521.4) headPx=9.4 projected=1
2026.10.01-06.50.37 SHOT head fighter=f-0-sk2 socket=Head mesh=SK_Harpy_H3LD world=(-393.7,86.9,34.1) screen=(430.2,609.4) top=(429.1,604.9) bottom=(431.4,613.9) headPx=9.3 projected=1
2026.10.01-06.50.37 SHOT head fighter=f-1-hero socket=Head mesh=SK_KingArthur_H2LD world=(119.0,140.9,50.1) screen=(1123.3,659.0) top=(1123.7,654.6) bottom=(1122.9,663.5) headPx=8.9 projected=1
2026.10.01-06.50.37 SHOT head fighter=f-1-sk0 socket=Head mesh=SK_Merlin_H2LD world=(159.2,48.9,36.6) screen=(1172.4,565.4) top=(1172.9,560.9) bottom=(1172.0,570.0) headPx=9.1 projected=1
2026.10.01-06.50.37 SHOT figure fighter=f-0-hero bbox=(943,678,1023,785) ringR=28.50 art=1 blockout=0 team=P1 look=P1 ring=1
2026.10.01-06.50.37 SHOT figure fighter=f-0-sk0 bbox=(516,520,586,600) ringR=22.23 art=1 blockout=0 team=P1 look=P1 ring=1
2026.10.01-06.50.37 SHOT figure fighter=f-0-sk1 bbox=(402,482,474,561) ringR=22.23 art=1 blockout=0 team=P1 look=P1 ring=1
2026.10.01-06.50.37 SHOT figure fighter=f-0-sk2 bbox=(394,584,467,665) ringR=22.23 art=1 blockout=0 team=P1 look=P1 ring=1
2026.10.01-06.50.37 SHOT figure fighter=f-1-hero bbox=(1081,619,1165,728) ringR=28.50 art=1 blockout=0 team=P2 look=P2 ring=1
2026.10.01-06.50.37 SHOT figure fighter=f-1-sk0 bbox=(1139,534,1204,620) ringR=22.23 art=1 blockout=0 team=P2 look=P2 ring=1
2026.10.01-06.50.37 SHOT request file=s09-damage-combat.png frame=776
2026.10.01-06.50.37 SHOT requested: FScreenshotRequest(bShowUI) -> C:\Users\ren\AppData\Local\Temp\s09-combat-20261001-115008-24636\host/s09-damage-combat.png
2026.10.01-06.50.37 S09AUTO drive mode=4 plan=[attack+defend+ownresult] phase=COMBAT turn=cmuhntiwu0001wib0z281rpa8
2026.10.01-06.50.37 S09AUTO defense-window shot
2026.10.01-06.50.37 SHOT ctx viewport=1920x1080 viewTarget=CameraActor_2147482298 cam=(0,1342,1917) rot=(-55,-90,0)
2026.10.01-06.50.37 RENDER tag=SHOT rhi=D3D12 featureLevel=SM6 shaderPlatform=PCD3D_SM6 lumenPlatform=1 gi=lumen giMethod=1 refl=lumen reflMethod=1 shadows=csm vsmEnable=0 sg.res=100 sg.view=2 sg.aa=2 sg.shadow=2 sg.gi=2 sg.refl=2 sg.pp=2 sg.tex=2 sg.fx=2 sg.foliage=2 sg.shading=2 sg.landscape=2 preset=High screenPct=100.0 screenPctMode=0 aa=TSR aaMethod=4 exposure=fixed-histogram expMin=4.14106 expMax=4.14106 expBias=0.000 ev100=2.05 lightUnits=candelas sky=1 skyIntensity=3.000 keyShadow=csm-3600uu-2c-contact0.000 shadowCasters=1 profile=sarpedon-night profilesSha256=c90dddd95a8a7a0b12294b1a6f47218d6e7a860f74b8c51660d4fdb00c320a8b profilesSource=pak legacyRender=0 gameLayer=unlit-eyeadaptinv tMaxFPS=30.0 vsync=0 frameRateLimit=60.0 substrate=0 nanite=1 meshDF=1 viewport=1920x1080 reference=1
2026.10.01-06.50.37 SHOT fighter f-0-hero pos=(4,4) world=(16,189,0) screen=(982,752) projected=1 alive=1
2026.10.01-06.50.37 SHOT fighter f-0-sk0 pos=(1,3) world=(-309,33,0) screen=(555,576) projected=1 alive=1
2026.10.01-06.50.37 SHOT fighter f-0-sk1 pos=(0,2) world=(-398,-3,0) screen=(442,537) projected=1 alive=1
2026.10.01-06.50.37 SHOT fighter f-0-sk2 pos=(0,3) world=(-394,92,0) screen=(435,640) projected=1 alive=1
2026.10.01-06.50.37 SHOT fighter f-1-hero pos=(5,4) world=(119,141,0) screen=(1120,695) projected=1 alive=1
2026.10.01-06.50.37 SHOT fighter f-1-sk0 pos=(6,3) world=(159,52,0) screen=(1169,596) projected=1 alive=1
2026.10.01-06.50.37 SHOT camera dist=2340.2 target=2340.2 overview=2340.2 errPct=0.000 focusErr=0.00 settled=1 zoom=1.00
2026.10.01-06.50.37 SHOT head fighter=f-0-hero socket=Head mesh=SK_Medusa_H2LD world=(17.0,188.3,47.0) screen=(983.7,716.6) top=(983.7,712.2) bottom=(983.6,721.0) headPx=8.8 projected=1
2026.10.01-06.50.37 SHOT head fighter=f-0-sk0 socket=Head mesh=SK_Harpy_H3LD world=(-309.0,27.9,33.9) screen=(550.3,544.5) top=(549.4,540.0) bottom=(551.2,549.1) headPx=9.3 projected=1
2026.10.01-06.50.37 SHOT head fighter=f-0-sk1 socket=Head mesh=SK_Harpy_H3LD world=(-398.4,2.5,34.2) screen=(435.0,516.8) top=(433.9,512.2) bottom=(436.2,521.4) headPx=9.4 projected=1
2026.10.01-06.50.37 SHOT head fighter=f-0-sk2 socket=Head mesh=SK_Harpy_H3LD world=(-393.7,86.9,34.1) screen=(430.2,609.4) top=(429.1,604.9) bottom=(431.4,613.9) headPx=9.3 projected=1
2026.10.01-06.50.37 SHOT head fighter=f-1-hero socket=Head mesh=SK_KingArthur_H2LD world=(119.0,140.9,50.1) screen=(1123.3,659.0) top=(1123.7,654.6) bottom=(1122.9,663.5) headPx=8.9 projected=1
2026.10.01-06.50.37 SHOT head fighter=f-1-sk0 socket=Head mesh=SK_Merlin_H2LD world=(159.2,48.9,36.6) screen=(1172.4,565.4) top=(1172.9,560.9) bottom=(1172.0,570.0) headPx=9.1 projected=1
2026.10.01-06.50.37 SHOT figure fighter=f-0-hero bbox=(943,678,1023,785) ringR=28.50 art=1 blockout=0 team=P1 look=P1 ring=1
2026.10.01-06.50.37 SHOT figure fighter=f-0-sk0 bbox=(516,520,586,600) ringR=22.23 art=1 blockout=0 team=P1 look=P1 ring=1
2026.10.01-06.50.37 SHOT figure fighter=f-0-sk1 bbox=(402,482,474,561) ringR=22.23 art=1 blockout=0 team=P1 look=P1 ring=1
2026.10.01-06.50.37 SHOT figure fighter=f-0-sk2 bbox=(394,584,467,665) ringR=22.23 art=1 blockout=0 team=P1 look=P1 ring=1
2026.10.01-06.50.37 SHOT figure fighter=f-1-hero bbox=(1081,619,1165,728) ringR=28.50 art=1 blockout=0 team=P2 look=P2 ring=1
2026.10.01-06.50.37 SHOT figure fighter=f-1-sk0 bbox=(1139,534,1204,620) ringR=22.23 art=1 blockout=0 team=P2 look=P2 ring=1
2026.10.01-06.50.37 SHOT request file=s09-combat-defense-open.png frame=776
2026.10.01-06.50.37 SHOT requested: FScreenshotRequest(bShowUI) -> C:\Users\ren\AppData\Local\Temp\s09-combat-20261001-115008-24636\host/s09-combat-defense-open.png
2026.10.01-06.50.37 TAG fighter=f-0-hero bbox=(932,654,1034,676) mode=compact look=P1 placement=above ring=0 hardPx2=0 softPx2=0 order=0 bound=1
2026.10.01-06.50.37 TAG fighter=f-0-sk0 bbox=(509,496,593,518) mode=compact look=P1 placement=above ring=0 hardPx2=0 softPx2=0 order=3 bound=1
2026.10.01-06.50.37 TAG fighter=f-0-sk1 bbox=(396,458,480,480) mode=compact look=P1 placement=above ring=0 hardPx2=0 softPx2=0 order=2 bound=1
2026.10.01-06.50.37 TAG fighter=f-0-sk2 bbox=(308,584,392,606) mode=compact look=P1 placement=left ring=0 hardPx2=0 softPx2=0 order=5 bound=1
2026.10.01-06.50.37 TAG fighter=f-1-hero bbox=(1072,730,1174,752) mode=compact look=P2 placement=below ring=0 hardPx2=0 softPx2=0 order=1 bound=1
2026.10.01-06.50.37 TAG fighter=f-1-sk0 bbox=(1130,510,1214,532) mode=compact look=P2 placement=above ring=0 hardPx2=0 softPx2=0 order=4 bound=1
2026.10.01-06.50.37 ICON fighter=f-0-hero bbox=(1026,700,1058,732) size=32 src=combat anchor=right fallback=0 overlapPx2=0 texture=/Game/ArtTests/ARTMarkers/Textures/T_UI_Action_AttackToken_32
2026.10.01-06.50.37 ARTPREVIEW anim fighter=f-1-hero clip=Idle len=2.500 event=clipFinished loop=1 phase=0.3470 seq=-1 asset=AM_KingArthur_Idle
2026.10.01-06.50.38 SHOT captured file=s09-combat-defense-open.png frame=776 px=1920x1080 sha256=d9b3cc41413d95a8f108a1d09624fc4a64336bea490308516204ce593ba9608a order=BGRA saved=1
2026.10.01-06.50.38 SHOT late begin file=s09-combat-defense-open.png frame=776 requestFrame=776
2026.10.01-06.50.38 SHOT icon fighter=f-0-hero bbox=(1026,700,1058,732) size=32 src=combat planned=(1026,700,1058,732) geom=painted visible=1 anchor=right fallback=0 overlapPx2=0 texture=/Game/ArtTests/ARTMarkers/Textures/T_UI_Action_AttackToken_32 frame=776
2026.10.01-06.50.38 SHOT widget id=icon impl=umg state=combat fighter=f-0-hero bbox=(1026,700,1058,732) geom=painted visible=1 twin=0 source=/Game/S08/UI/ArtHud/WBP_S08ArtIcon frame=776
2026.10.01-06.50.38 SHOT widget id=board.tag impl=umg state=compact fighter=f-0-hero bbox=(932,654,1034,676) geom=painted visible=1 twin=0 source=/Game/S08/UI/ArtHud/WBP_S08ArtTag mode=compact look=P1 shape=circle placement=above ring=0 order=0 bound=1 softPx2=0 planned=(932,654,1034,676) frame=776
2026.10.01-06.50.38 SHOT widget id=board.tag.hp impl=umg state=compact fighter=f-0-hero bbox=(988,656,1030,674) geom=painted visible=1 twin=0 source=/Game/S08/UI/ArtHud/WBP_S08ArtTag mode=compact look=P1 shape=circle placement=above ring=0 order=0 bound=1 softPx2=0 planned=(932,654,1034,676) frame=776 font=11
2026.10.01-06.50.38 SHOT widget id=board.tag.bar impl=umg state=compact fighter=f-0-hero bbox=(951,663,985,668) geom=painted visible=1 twin=0 source=/Game/S08/UI/ArtHud/WBP_S08ArtTag mode=compact look=P1 shape=circle placement=above ring=0 order=0 bound=1 softPx2=0 planned=(932,654,1034,676) frame=776
2026.10.01-06.50.38 SHOT widget id=board.tag.chip impl=umg state=compact fighter=f-0-hero bbox=(936,659,948,671) geom=painted visible=1 twin=0 source=/Game/S08/UI/ArtHud/WBP_S08ArtTag mode=compact look=P1 shape=circle placement=above ring=0 order=0 bound=1 softPx2=0 planned=(932,654,1034,676) frame=776
2026.10.01-06.50.38 SHOT widget id=board.tag impl=umg state=compact fighter=f-0-sk0 bbox=(509,496,593,518) geom=painted visible=1 twin=0 source=/Game/S08/UI/ArtHud/WBP_S08ArtTag mode=compact look=P1 shape=circle placement=above ring=0 order=3 bound=1 softPx2=0 planned=(509,496,593,518) frame=776
2026.10.01-06.50.38 SHOT widget id=board.tag.hp impl=umg state=compact fighter=f-0-sk0 bbox=(565,498,589,516) geom=painted visible=1 twin=0 source=/Game/S08/UI/ArtHud/WBP_S08ArtTag mode=compact look=P1 shape=circle placement=above ring=0 order=3 bound=1 softPx2=0 planned=(509,496,593,518) frame=776 font=11
2026.10.01-06.50.38 SHOT widget id=board.tag.bar impl=umg state=compact fighter=f-0-sk0 bbox=(528,505,562,510) geom=painted visible=1 twin=0 source=/Game/S08/UI/ArtHud/WBP_S08ArtTag mode=compact look=P1 shape=circle placement=above ring=0 order=3 bound=1 softPx2=0 planned=(509,496,593,518) frame=776
2026.10.01-06.50.38 SHOT widget id=board.tag.chip impl=umg state=compact fighter=f-0-sk0 bbox=(513,501,525,513) geom=painted visible=1 twin=0 source=/Game/S08/UI/ArtHud/WBP_S08ArtTag mode=compact look=P1 shape=circle placement=above ring=0 order=3 bound=1 softPx2=0 planned=(509,496,593,518) frame=776
2026.10.01-06.50.38 SHOT widget id=board.tag impl=umg state=compact fighter=f-0-sk1 bbox=(396,458,480,480) geom=painted visible=1 twin=0 source=/Game/S08/UI/ArtHud/WBP_S08ArtTag mode=compact look=P1 shape=circle placement=above ring=0 order=2 bound=1 softPx2=0 planned=(396,458,480,480) frame=776
2026.10.01-06.50.38 SHOT widget id=board.tag.hp impl=umg state=compact fighter=f-0-sk1 bbox=(452,460,476,478) geom=painted visible=1 twin=0 source=/Game/S08/UI/ArtHud/WBP_S08ArtTag mode=compact look=P1 shape=circle placement=above ring=0 order=2 bound=1 softPx2=0 planned=(396,458,480,480) frame=776 font=11
2026.10.01-06.50.38 SHOT widget id=board.tag.bar impl=umg state=compact fighter=f-0-sk1 bbox=(415,467,449,472) geom=painted visible=1 twin=0 source=/Game/S08/UI/ArtHud/WBP_S08ArtTag mode=compact look=P1 shape=circle placement=above ring=0 order=2 bound=1 softPx2=0 planned=(396,458,480,480) frame=776
2026.10.01-06.50.38 SHOT widget id=board.tag.chip impl=umg state=compact fighter=f-0-sk1 bbox=(400,463,412,475) geom=painted visible=1 twin=0 source=/Game/S08/UI/ArtHud/WBP_S08ArtTag mode=compact look=P1 shape=circle placement=above ring=0 order=2 bound=1 softPx2=0 planned=(396,458,480,480) frame=776
2026.10.01-06.50.38 SHOT widget id=board.tag impl=umg state=compact fighter=f-0-sk2 bbox=(308,584,392,606) geom=painted visible=1 twin=0 source=/Game/S08/UI/ArtHud/WBP_S08ArtTag mode=compact look=P1 shape=circle placement=left ring=0 order=5 bound=1 softPx2=0 planned=(308,584,392,606) frame=776
2026.10.01-06.50.38 SHOT widget id=board.tag.hp impl=umg state=compact fighter=f-0-sk2 bbox=(364,586,388,604) geom=painted visible=1 twin=0 source=/Game/S08/UI/ArtHud/WBP_S08ArtTag mode=compact look=P1 shape=circle placement=left ring=0 order=5 bound=1 softPx2=0 planned=(308,584,392,606) frame=776 font=11
2026.10.01-06.50.38 SHOT widget id=board.tag.bar impl=umg state=compact fighter=f-0-sk2 bbox=(327,593,361,598) geom=painted visible=1 twin=0 source=/Game/S08/UI/ArtHud/WBP_S08ArtTag mode=compact look=P1 shape=circle placement=left ring=0 order=5 bound=1 softPx2=0 planned=(308,584,392,606) frame=776
2026.10.01-06.50.38 SHOT widget id=board.tag.chip impl=umg state=compact fighter=f-0-sk2 bbox=(312,589,324,601) geom=painted visible=1 twin=0 source=/Game/S08/UI/ArtHud/WBP_S08ArtTag mode=compact look=P1 shape=circle placement=left ring=0 order=5 bound=1 softPx2=0 planned=(308,584,392,606) frame=776
2026.10.01-06.50.38 SHOT widget id=board.tag impl=umg state=compact fighter=f-1-hero bbox=(1072,730,1174,752) geom=painted visible=1 twin=0 source=/Game/S08/UI/ArtHud/WBP_S08ArtTag mode=compact look=P2 shape=hex placement=below ring=0 order=1 bound=1 softPx2=0 planned=(1072,730,1174,752) frame=776
2026.10.01-06.50.38 SHOT widget id=board.tag.hp impl=umg state=compact fighter=f-1-hero bbox=(1128,732,1170,750) geom=painted visible=1 twin=0 source=/Game/S08/UI/ArtHud/WBP_S08ArtTag mode=compact look=P2 shape=hex placement=below ring=0 order=1 bound=1 softPx2=0 planned=(1072,730,1174,752) frame=776 font=11
2026.10.01-06.50.38 SHOT widget id=board.tag.bar impl=umg state=compact fighter=f-1-hero bbox=(1091,739,1125,744) geom=painted visible=1 twin=0 source=/Game/S08/UI/ArtHud/WBP_S08ArtTag mode=compact look=P2 shape=hex placement=below ring=0 order=1 bound=1 softPx2=0 planned=(1072,730,1174,752) frame=776
2026.10.01-06.50.38 SHOT widget id=board.tag.chip impl=umg state=compact fighter=f-1-hero bbox=(1076,735,1088,747) geom=painted visible=1 twin=0 source=/Game/S08/UI/ArtHud/WBP_S08ArtTag mode=compact look=P2 shape=hex placement=below ring=0 order=1 bound=1 softPx2=0 planned=(1072,730,1174,752) frame=776
2026.10.01-06.50.38 SHOT widget id=board.tag impl=umg state=compact fighter=f-1-sk0 bbox=(1130,510,1214,532) geom=painted visible=1 twin=0 source=/Game/S08/UI/ArtHud/WBP_S08ArtTag mode=compact look=P2 shape=hex placement=above ring=0 order=4 bound=1 softPx2=0 planned=(1130,510,1214,532) frame=776
2026.10.01-06.50.38 SHOT widget id=board.tag.hp impl=umg state=compact fighter=f-1-sk0 bbox=(1186,512,1210,530) geom=painted visible=1 twin=0 source=/Game/S08/UI/ArtHud/WBP_S08ArtTag mode=compact look=P2 shape=hex placement=above ring=0 order=4 bound=1 softPx2=0 planned=(1130,510,1214,532) frame=776 font=11
2026.10.01-06.50.38 SHOT widget id=board.tag.bar impl=umg state=compact fighter=f-1-sk0 bbox=(1149,519,1183,524) geom=painted visible=1 twin=0 source=/Game/S08/UI/ArtHud/WBP_S08ArtTag mode=compact look=P2 shape=hex placement=above ring=0 order=4 bound=1 softPx2=0 planned=(1130,510,1214,532) frame=776
2026.10.01-06.50.38 SHOT widget id=board.tag.chip impl=umg state=compact fighter=f-1-sk0 bbox=(1134,515,1146,527) geom=painted visible=1 twin=0 source=/Game/S08/UI/ArtHud/WBP_S08ArtTag mode=compact look=P2 shape=hex placement=above ring=0 order=4 bound=1 softPx2=0 planned=(1130,510,1214,532) frame=776
2026.10.01-06.50.38 SHOT widget id=board.damage impl=umg state=damage fighter=f-1-hero bbox=(1176,727,1216,755) geom=painted visible=1 twin=0 source=/Game/S08/UI/ArtHud/WBP_S08ArtDamage amount=5 seq=7 placement=right_ring=0_hardPx2=0_softPx2=0 stableFrames=4 planned=(1176,727,1216,755) frame=776
2026.10.01-06.50.38 SHOT widget id=board.damage.text impl=umg state=damage fighter=f-1-hero bbox=(1184,727,1208,755) geom=painted visible=1 twin=0 source=/Game/S08/UI/ArtHud/WBP_S08ArtDamage amount=5 seq=7 placement=right_ring=0_hardPx2=0_softPx2=0 stableFrames=4 planned=(1176,727,1216,755) frame=776 font=18
2026.10.01-06.50.38 SHOT damage fighter=f-1-hero bbox=(1176,727,1216,755) frame=776
2026.10.01-06.50.38 SHOT panel id=hud.command bbox=(0,0,514,182) geom=painted visible=1 frame=776
2026.10.01-06.50.38 SHOT panel id=hud.side bbox=(1489,0,1920,121) geom=painted visible=1 frame=776
2026.10.01-06.50.38 SHOT panel id=hud.hand bbox=(527,985,1393,1080) geom=painted visible=1 frame=776
2026.10.01-06.50.38 SHOT late end file=s09-combat-defense-open.png frame=776
2026.10.01-06.50.38 game -> room=cmup6cvy300ozwi9o9iiyl6ot code=<redacted> status=IN_PROGRESS
2026.10.01-06.50.38 SHOT late begin file=s09-damage-combat.png frame=776 requestFrame=776
2026.10.01-06.50.38 SHOT icon fighter=f-0-hero bbox=(1026,700,1058,732) size=32 src=combat planned=(1026,700,1058,732) geom=painted visible=1 anchor=right fallback=0 overlapPx2=0 texture=/Game/ArtTests/ARTMarkers/Textures/T_UI_Action_AttackToken_32 frame=776
2026.10.01-06.50.38 SHOT widget id=icon impl=umg state=combat fighter=f-0-hero bbox=(1026,700,1058,732) geom=painted visible=1 twin=0 source=/Game/S08/UI/ArtHud/WBP_S08ArtIcon frame=776
2026.10.01-06.50.38 SHOT widget id=board.tag impl=umg state=compact fighter=f-0-hero bbox=(932,654,1034,676) geom=painted visible=1 twin=0 source=/Game/S08/UI/ArtHud/WBP_S08ArtTag mode=compact look=P1 shape=circle placement=above ring=0 order=0 bound=1 softPx2=0 planned=(932,654,1034,676) frame=776
2026.10.01-06.50.38 SHOT widget id=board.tag.hp impl=umg state=compact fighter=f-0-hero bbox=(988,656,1030,674) geom=painted visible=1 twin=0 source=/Game/S08/UI/ArtHud/WBP_S08ArtTag mode=compact look=P1 shape=circle placement=above ring=0 order=0 bound=1 softPx2=0 planned=(932,654,1034,676) frame=776 font=11
2026.10.01-06.50.38 SHOT widget id=board.tag.bar impl=umg state=compact fighter=f-0-hero bbox=(951,663,985,668) geom=painted visible=1 twin=0 source=/Game/S08/UI/ArtHud/WBP_S08ArtTag mode=compact look=P1 shape=circle placement=above ring=0 order=0 bound=1 softPx2=0 planned=(932,654,1034,676) frame=776
2026.10.01-06.50.38 SHOT widget id=board.tag.chip impl=umg state=compact fighter=f-0-hero bbox=(936,659,948,671) geom=painted visible=1 twin=0 source=/Game/S08/UI/ArtHud/WBP_S08ArtTag mode=compact look=P1 shape=circle placement=above ring=0 order=0 bound=1 softPx2=0 planned=(932,654,1034,676) frame=776
2026.10.01-06.50.38 SHOT widget id=board.tag impl=umg state=compact fighter=f-0-sk0 bbox=(509,496,593,518) geom=painted visible=1 twin=0 source=/Game/S08/UI/ArtHud/WBP_S08ArtTag mode=compact look=P1 shape=circle placement=above ring=0 order=3 bound=1 softPx2=0 planned=(509,496,593,518) frame=776
2026.10.01-06.50.38 SHOT widget id=board.tag.hp impl=umg state=compact fighter=f-0-sk0 bbox=(565,498,589,516) geom=painted visible=1 twin=0 source=/Game/S08/UI/ArtHud/WBP_S08ArtTag mode=compact look=P1 shape=circle placement=above ring=0 order=3 bound=1 softPx2=0 planned=(509,496,593,518) frame=776 font=11
2026.10.01-06.50.38 SHOT widget id=board.tag.bar impl=umg state=compact fighter=f-0-sk0 bbox=(528,505,562,510) geom=painted visible=1 twin=0 source=/Game/S08/UI/ArtHud/WBP_S08ArtTag mode=compact look=P1 shape=circle placement=above ring=0 order=3 bound=1 softPx2=0 planned=(509,496,593,518) frame=776
2026.10.01-06.50.38 SHOT widget id=board.tag.chip impl=umg state=compact fighter=f-0-sk0 bbox=(513,501,525,513) geom=painted visible=1 twin=0 source=/Game/S08/UI/ArtHud/WBP_S08ArtTag mode=compact look=P1 shape=circle placement=above ring=0 order=3 bound=1 softPx2=0 planned=(509,496,593,518) frame=776
2026.10.01-06.50.38 SHOT widget id=board.tag impl=umg state=compact fighter=f-0-sk1 bbox=(396,458,480,480) geom=painted visible=1 twin=0 source=/Game/S08/UI/ArtHud/WBP_S08ArtTag mode=compact look=P1 shape=circle placement=above ring=0 order=2 bound=1 softPx2=0 planned=(396,458,480,480) frame=776
2026.10.01-06.50.38 SHOT widget id=board.tag.hp impl=umg state=compact fighter=f-0-sk1 bbox=(452,460,476,478) geom=painted visible=1 twin=0 source=/Game/S08/UI/ArtHud/WBP_S08ArtTag mode=compact look=P1 shape=circle placement=above ring=0 order=2 bound=1 softPx2=0 planned=(396,458,480,480) frame=776 font=11
2026.10.01-06.50.38 SHOT widget id=board.tag.bar impl=umg state=compact fighter=f-0-sk1 bbox=(415,467,449,472) geom=painted visible=1 twin=0 source=/Game/S08/UI/ArtHud/WBP_S08ArtTag mode=compact look=P1 shape=circle placement=above ring=0 order=2 bound=1 softPx2=0 planned=(396,458,480,480) frame=776
2026.10.01-06.50.38 SHOT widget id=board.tag.chip impl=umg state=compact fighter=f-0-sk1 bbox=(400,463,412,475) geom=painted visible=1 twin=0 source=/Game/S08/UI/ArtHud/WBP_S08ArtTag mode=compact look=P1 shape=circle placement=above ring=0 order=2 bound=1 softPx2=0 planned=(396,458,480,480) frame=776
2026.10.01-06.50.38 SHOT widget id=board.tag impl=umg state=compact fighter=f-0-sk2 bbox=(308,584,392,606) geom=painted visible=1 twin=0 source=/Game/S08/UI/ArtHud/WBP_S08ArtTag mode=compact look=P1 shape=circle placement=left ring=0 order=5 bound=1 softPx2=0 planned=(308,584,392,606) frame=776
2026.10.01-06.50.38 SHOT widget id=board.tag.hp impl=umg state=compact fighter=f-0-sk2 bbox=(364,586,388,604) geom=painted visible=1 twin=0 source=/Game/S08/UI/ArtHud/WBP_S08ArtTag mode=compact look=P1 shape=circle placement=left ring=0 order=5 bound=1 softPx2=0 planned=(308,584,392,606) frame=776 font=11
2026.10.01-06.50.38 SHOT widget id=board.tag.bar impl=umg state=compact fighter=f-0-sk2 bbox=(327,593,361,598) geom=painted visible=1 twin=0 source=/Game/S08/UI/ArtHud/WBP_S08ArtTag mode=compact look=P1 shape=circle placement=left ring=0 order=5 bound=1 softPx2=0 planned=(308,584,392,606) frame=776
2026.10.01-06.50.38 SHOT widget id=board.tag.chip impl=umg state=compact fighter=f-0-sk2 bbox=(312,589,324,601) geom=painted visible=1 twin=0 source=/Game/S08/UI/ArtHud/WBP_S08ArtTag mode=compact look=P1 shape=circle placement=left ring=0 order=5 bound=1 softPx2=0 planned=(308,584,392,606) frame=776
2026.10.01-06.50.38 SHOT widget id=board.tag impl=umg state=compact fighter=f-1-hero bbox=(1072,730,1174,752) geom=painted visible=1 twin=0 source=/Game/S08/UI/ArtHud/WBP_S08ArtTag mode=compact look=P2 shape=hex placement=below ring=0 order=1 bound=1 softPx2=0 planned=(1072,730,1174,752) frame=776
2026.10.01-06.50.38 SHOT widget id=board.tag.hp impl=umg state=compact fighter=f-1-hero bbox=(1128,732,1170,750) geom=painted visible=1 twin=0 source=/Game/S08/UI/ArtHud/WBP_S08ArtTag mode=compact look=P2 shape=hex placement=below ring=0 order=1 bound=1 softPx2=0 planned=(1072,730,1174,752) frame=776 font=11
2026.10.01-06.50.38 SHOT widget id=board.tag.bar impl=umg state=compact fighter=f-1-hero bbox=(1091,739,1125,744) geom=painted visible=1 twin=0 source=/Game/S08/UI/ArtHud/WBP_S08ArtTag mode=compact look=P2 shape=hex placement=below ring=0 order=1 bound=1 softPx2=0 planned=(1072,730,1174,752) frame=776
2026.10.01-06.50.38 SHOT widget id=board.tag.chip impl=umg state=compact fighter=f-1-hero bbox=(1076,735,1088,747) geom=painted visible=1 twin=0 source=/Game/S08/UI/ArtHud/WBP_S08ArtTag mode=compact look=P2 shape=hex placement=below ring=0 order=1 bound=1 softPx2=0 planned=(1072,730,1174,752) frame=776
2026.10.01-06.50.38 SHOT widget id=board.tag impl=umg state=compact fighter=f-1-sk0 bbox=(1130,510,1214,532) geom=painted visible=1 twin=0 source=/Game/S08/UI/ArtHud/WBP_S08ArtTag mode=compact look=P2 shape=hex placement=above ring=0 order=4 bound=1 softPx2=0 planned=(1130,510,1214,532) frame=776
2026.10.01-06.50.38 SHOT widget id=board.tag.hp impl=umg state=compact fighter=f-1-sk0 bbox=(1186,512,1210,530) geom=painted visible=1 twin=0 source=/Game/S08/UI/ArtHud/WBP_S08ArtTag mode=compact look=P2 shape=hex placement=above ring=0 order=4 bound=1 softPx2=0 planned=(1130,510,1214,532) frame=776 font=11
2026.10.01-06.50.38 SHOT widget id=board.tag.bar impl=umg state=compact fighter=f-1-sk0 bbox=(1149,519,1183,524) geom=painted visible=1 twin=0 source=/Game/S08/UI/ArtHud/WBP_S08ArtTag mode=compact look=P2 shape=hex placement=above ring=0 order=4 bound=1 softPx2=0 planned=(1130,510,1214,532) frame=776
2026.10.01-06.50.38 SHOT widget id=board.tag.chip impl=umg state=compact fighter=f-1-sk0 bbox=(1134,515,1146,527) geom=painted visible=1 twin=0 source=/Game/S08/UI/ArtHud/WBP_S08ArtTag mode=compact look=P2 shape=hex placement=above ring=0 order=4 bound=1 softPx2=0 planned=(1130,510,1214,532) frame=776
2026.10.01-06.50.38 SHOT widget id=board.damage impl=umg state=damage fighter=f-1-hero bbox=(1176,727,1216,755) geom=painted visible=1 twin=0 source=/Game/S08/UI/ArtHud/WBP_S08ArtDamage amount=5 seq=7 placement=right_ring=0_hardPx2=0_softPx2=0 stableFrames=4 planned=(1176,727,1216,755) frame=776
2026.10.01-06.50.38 SHOT widget id=board.damage.text impl=umg state=damage fighter=f-1-hero bbox=(1184,727,1208,755) geom=painted visible=1 twin=0 source=/Game/S08/UI/ArtHud/WBP_S08ArtDamage amount=5 seq=7 placement=right_ring=0_hardPx2=0_softPx2=0 stableFrames=4 planned=(1176,727,1216,755) frame=776 font=18
2026.10.01-06.50.38 SHOT damage fighter=f-1-hero bbox=(1176,727,1216,755) frame=776
2026.10.01-06.50.38 SHOT panel id=hud.command bbox=(0,0,514,182) geom=painted visible=1 frame=776
2026.10.01-06.50.38 SHOT panel id=hud.side bbox=(1489,0,1920,121) geom=painted visible=1 frame=776
2026.10.01-06.50.38 SHOT panel id=hud.hand bbox=(527,985,1393,1080) geom=painted visible=1 frame=776
2026.10.01-06.50.38 SHOT late end file=s09-damage-combat.png frame=776
2026.10.01-06.50.38 S09AUTO defense card picked
2026.10.01-06.50.38 DEFENSE sent
2026.10.01-06.50.38 TAG fighter=f-0-hero bbox=(932,654,1034,676) mode=compact look=P1 placement=above ring=0 hardPx2=0 softPx2=0 order=0 bound=1
2026.10.01-06.50.38 TAG fighter=f-0-sk0 bbox=(509,496,593,518) mode=compact look=P1 placement=above ring=0 hardPx2=0 softPx2=0 order=3 bound=1
2026.10.01-06.50.38 TAG fighter=f-0-sk1 bbox=(396,458,480,480) mode=compact look=P1 placement=above ring=0 hardPx2=0 softPx2=0 order=2 bound=1
2026.10.01-06.50.38 TAG fighter=f-0-sk2 bbox=(308,584,392,606) mode=compact look=P1 placement=left ring=0 hardPx2=0 softPx2=0 order=5 bound=1
2026.10.01-06.50.38 TAG fighter=f-1-hero bbox=(1072,730,1174,752) mode=compact look=P2 placement=below ring=0 hardPx2=0 softPx2=0 order=1 bound=1
2026.10.01-06.50.38 TAG fighter=f-1-sk0 bbox=(1130,510,1214,532) mode=compact look=P2 placement=above ring=0 hardPx2=0 softPx2=0 order=4 bound=1
2026.10.01-06.50.38 ICON fighter=f-0-hero bbox=(1026,700,1058,732) size=32 src=combat anchor=right fallback=0 overlapPx2=0 texture=/Game/ArtTests/ARTMarkers/Textures/T_UI_Action_AttackToken_32
2026.10.01-06.50.38 TAG fighter=f-0-hero bbox=(932,654,1034,676) mode=compact look=P1 placement=above ring=0 hardPx2=0 softPx2=0 order=0 bound=1
2026.10.01-06.50.38 TAG fighter=f-0-sk0 bbox=(509,496,593,518) mode=compact look=P1 placement=above ring=0 hardPx2=0 softPx2=0 order=2 bound=1
2026.10.01-06.50.38 TAG fighter=f-0-sk1 bbox=(396,458,480,480) mode=compact look=P1 placement=above ring=0 hardPx2=0 softPx2=0 order=1 bound=1
2026.10.01-06.50.38 TAG fighter=f-0-sk2 bbox=(308,584,392,606) mode=compact look=P1 placement=left ring=0 hardPx2=0 softPx2=0 order=4 bound=1
2026.10.01-06.50.38 TAG fighter=f-1-hero bbox=(1072,730,1174,752) mode=compact look=P2 placement=below ring=0 hardPx2=0 softPx2=0 order=5 bound=1
2026.10.01-06.50.38 TAG fighter=f-1-sk0 bbox=(1130,510,1214,532) mode=compact look=P2 placement=above ring=0 hardPx2=0 softPx2=0 order=3 bound=1
2026.10.01-06.50.38 ICON fighter=f-0-hero bbox=(1026,700,1058,732) size=32 src=combat anchor=right fallback=0 overlapPx2=0 texture=/Game/ArtTests/ARTMarkers/Textures/T_UI_Action_AttackToken_32
2026.10.01-06.50.38 SNAPSHOT applied seq=9 phase=COMBAT_RESOLVE
2026.10.01-06.50.38 HANDLE_APPLIED #14 seq=9 decision=2 fightersValid=1 boardValid=1
2026.10.01-06.50.38 ARTPREVIEW anim fighter=f-1-sk0 clip=LungeAttack len=0.583 event=attack loop=0 phase=0.0000 seq=9 asset=AM_Merlin_LungeAttack
2026.10.01-06.50.38 closed mode=
2026.10.01-06.50.38 MODE seq=9 mode=5 combat=1 pending=0
2026.10.01-06.50.38 HUD seq=9 phase=COMBAT_RESOLVE turn=opp hand=3 oppHand=3(hidden) oppDeck=25 deck=24 discard=3
2026.10.01-06.50.38 ARTPREVIEW fighter=Medusa hero=1 eligible=0 visual=1 mesh=SK_Medusa_H2LD
2026.10.01-06.50.38 FIGHTERS synced n=6 alive=6 own=4 enemy=2
2026.10.01-06.50.38 DEFENSE done seq=9 (apply) phase=COMBAT_RESOLVE
2026.10.01-06.50.38 SNAPSHOT applied seq=9 phase=COMBAT_RESOLVE
2026.10.01-06.50.38 HANDLE_APPLIED #15 seq=9 decision=1 fightersValid=1 boardValid=1
2026.10.01-06.50.38 MODE seq=9 mode=5 combat=1 pending=0
2026.10.01-06.50.38 HUD seq=9 phase=COMBAT_RESOLVE turn=opp hand=3 oppHand=3(hidden) oppDeck=25 deck=24 discard=3
2026.10.01-06.50.38 ARTPREVIEW fighter=Medusa hero=1 eligible=0 visual=1 mesh=SK_Medusa_H2LD
2026.10.01-06.50.38 FIGHTERS synced n=6 alive=6 own=4 enemy=2
2026.10.01-06.50.38 WS seq=9 phase=COMBAT_RESOLVE (merge)
2026.10.01-06.50.38 S09AUTO drive mode=5 plan=[attack+defend+ownresult] phase=COMBAT_RESOLVE turn=cmuhntiwu0001wib0z281rpa8
2026.10.01-06.50.38 TAG fighter=f-0-hero bbox=(932,654,1034,676) mode=compact look=P1 placement=above ring=0 hardPx2=0 softPx2=0 order=0 bound=1
2026.10.01-06.50.38 TAG fighter=f-0-sk0 bbox=(509,496,593,518) mode=compact look=P1 placement=above ring=0 hardPx2=0 softPx2=0 order=2 bound=1
2026.10.01-06.50.38 TAG fighter=f-0-sk1 bbox=(396,458,480,480) mode=compact look=P1 placement=above ring=0 hardPx2=0 softPx2=0 order=1 bound=1
2026.10.01-06.50.38 TAG fighter=f-0-sk2 bbox=(308,584,392,606) mode=compact look=P1 placement=left ring=0 hardPx2=0 softPx2=0 order=4 bound=1
2026.10.01-06.50.38 TAG fighter=f-1-hero bbox=(1072,730,1174,752) mode=compact look=P2 placement=below ring=0 hardPx2=0 softPx2=0 order=5 bound=1
2026.10.01-06.50.38 TAG fighter=f-1-sk0 bbox=(1130,510,1214,532) mode=compact look=P2 placement=above ring=0 hardPx2=0 softPx2=0 order=3 bound=1
2026.10.01-06.50.38 ICON fighter=f-0-hero bbox=(1026,700,1058,732) size=32 src=combat anchor=right fallback=0 overlapPx2=0 texture=/Game/ArtTests/ARTMarkers/Textures/T_UI_Action_AttackToken_32
2026.10.01-06.50.38 SNAPSHOT applied seq=10 phase=COMBAT_RESOLVE
2026.10.01-06.50.38 HANDLE_APPLIED #16 seq=10 decision=2 fightersValid=1 boardValid=1
2026.10.01-06.50.38 MODE seq=10 mode=5 combat=1 pending=1
2026.10.01-06.50.38 HUD seq=10 phase=COMBAT_RESOLVE turn=opp hand=3 oppHand=3(hidden) oppDeck=25~ deck=24~ discard=3
2026.10.01-06.50.38 RESOLVE panel revealed: A3+B0 vs D4
2026.10.01-06.50.38 RESOLVE panel blocked by pending (type=DISCARD_CARDS id=discard-choice-cmuhgvgkj00suwi9g4v5uc11k-after-0-9)
2026.10.01-06.50.38 ARTPREVIEW fighter=Medusa hero=1 eligible=0 visual=1 mesh=SK_Medusa_H2LD
2026.10.01-06.50.38 FIGHTERS synced n=6 alive=6 own=4 enemy=2
2026.10.01-06.50.38 WS seq=10 phase=COMBAT_RESOLVE (apply)
2026.10.01-06.50.38 S09AUTO resolve-revealed shot
2026.10.01-06.50.38 SHOT ctx viewport=1920x1080 viewTarget=CameraActor_2147482298 cam=(0,1342,1917) rot=(-55,-90,0)
2026.10.01-06.50.38 RENDER tag=SHOT rhi=D3D12 featureLevel=SM6 shaderPlatform=PCD3D_SM6 lumenPlatform=1 gi=lumen giMethod=1 refl=lumen reflMethod=1 shadows=csm vsmEnable=0 sg.res=100 sg.view=2 sg.aa=2 sg.shadow=2 sg.gi=2 sg.refl=2 sg.pp=2 sg.tex=2 sg.fx=2 sg.foliage=2 sg.shading=2 sg.landscape=2 preset=High screenPct=100.0 screenPctMode=0 aa=TSR aaMethod=4 exposure=fixed-histogram expMin=4.14106 expMax=4.14106 expBias=0.000 ev100=2.05 lightUnits=candelas sky=1 skyIntensity=3.000 keyShadow=csm-3600uu-2c-contact0.000 shadowCasters=1 profile=sarpedon-night profilesSha256=c90dddd95a8a7a0b12294b1a6f47218d6e7a860f74b8c51660d4fdb00c320a8b profilesSource=pak legacyRender=0 gameLayer=unlit-eyeadaptinv tMaxFPS=30.0 vsync=0 frameRateLimit=60.0 substrate=0 nanite=1 meshDF=1 viewport=1920x1080 reference=1
2026.10.01-06.50.38 SHOT fighter f-0-hero pos=(4,4) world=(16,189,0) screen=(982,752) projected=1 alive=1
2026.10.01-06.50.38 SHOT fighter f-0-sk0 pos=(1,3) world=(-309,33,0) screen=(555,576) projected=1 alive=1
2026.10.01-06.50.38 SHOT fighter f-0-sk1 pos=(0,2) world=(-398,-3,0) screen=(442,537) projected=1 alive=1
2026.10.01-06.50.38 SHOT fighter f-0-sk2 pos=(0,3) world=(-394,92,0) screen=(435,640) projected=1 alive=1
2026.10.01-06.50.38 SHOT fighter f-1-hero pos=(5,4) world=(119,141,0) screen=(1120,695) projected=1 alive=1
2026.10.01-06.50.38 SHOT fighter f-1-sk0 pos=(6,3) world=(159,52,0) screen=(1169,596) projected=1 alive=1
2026.10.01-06.50.38 SHOT camera dist=2340.2 target=2340.2 overview=2340.2 errPct=0.000 focusErr=0.00 settled=1 zoom=1.00
2026.10.01-06.50.38 SHOT head fighter=f-0-hero socket=Head mesh=SK_Medusa_H2LD world=(16.1,188.9,47.2) screen=(982.3,717.2) top=(982.4,712.8) bottom=(982.3,721.6) headPx=8.8 projected=1
2026.10.01-06.50.38 SHOT head fighter=f-0-sk0 socket=Head mesh=SK_Harpy_H3LD world=(-308.6,28.4,34.3) screen=(550.7,544.8) top=(549.8,540.2) bottom=(551.6,549.3) headPx=9.3 projected=1
2026.10.01-06.50.38 SHOT head fighter=f-0-sk1 socket=Head mesh=SK_Harpy_H3LD world=(-399.1,2.6,34.0) screen=(434.2,517.1) top=(433.1,512.6) bottom=(435.3,521.7) headPx=9.4 projected=1
2026.10.01-06.50.38 SHOT head fighter=f-0-sk2 socket=Head mesh=SK_Harpy_H3LD world=(-394.1,86.7,34.0) screen=(429.7,609.4) top=(428.5,604.9) bottom=(430.8,613.9) headPx=9.3 projected=1
2026.10.01-06.50.38 SHOT head fighter=f-1-hero socket=Head mesh=SK_KingArthur_H2LD world=(118.9,139.7,50.1) screen=(1123.1,657.6) top=(1123.5,653.1) bottom=(1122.7,662.0) headPx=9.0 projected=1
2026.10.01-06.50.38 SHOT head fighter=f-1-sk0 socket=Head mesh=SK_Merlin_H2LD world=(159.1,49.3,36.8) screen=(1172.3,565.8) top=(1172.7,561.2) bottom=(1171.8,570.3) headPx=9.1 projected=1
2026.10.01-06.50.38 SHOT figure fighter=f-0-hero bbox=(943,678,1023,785) ringR=28.50 art=1 blockout=0 team=P1 look=P1 ring=1
2026.10.01-06.50.38 SHOT figure fighter=f-0-sk0 bbox=(516,520,586,600) ringR=22.23 art=1 blockout=0 team=P1 look=P1 ring=1
2026.10.01-06.50.38 SHOT figure fighter=f-0-sk1 bbox=(402,482,474,561) ringR=22.23 art=1 blockout=0 team=P1 look=P1 ring=1
2026.10.01-06.50.38 SHOT figure fighter=f-0-sk2 bbox=(394,584,467,665) ringR=22.23 art=1 blockout=0 team=P1 look=P1 ring=1
2026.10.01-06.50.38 SHOT figure fighter=f-1-hero bbox=(1081,619,1165,728) ringR=28.50 art=1 blockout=0 team=P2 look=P2 ring=1
2026.10.01-06.50.38 SHOT figure fighter=f-1-sk0 bbox=(1139,534,1204,620) ringR=22.23 art=1 blockout=0 team=P2 look=P2 ring=1
2026.10.01-06.50.38 SHOT request file=s09-combat-resolve-revealed.png frame=783
2026.10.01-06.50.38 SHOT requested: FScreenshotRequest(bShowUI) -> C:\Users\ren\AppData\Local\Temp\s09-combat-20261001-115008-24636\host/s09-combat-resolve-revealed.png
2026.10.01-06.50.38 SHOT captured file=s09-combat-resolve-revealed.png frame=783 px=1920x1080 sha256=7796431f76ce2a4d948a472f7cd3b182458c73eb37103a12be1e0cb82a6e806f order=BGRA saved=1
2026.10.01-06.50.38 SHOT late begin file=s09-combat-resolve-revealed.png frame=783 requestFrame=783
2026.10.01-06.50.38 SHOT icon fighter=f-0-hero bbox=(1026,700,1058,732) size=32 src=combat planned=(1026,700,1058,732) geom=painted visible=1 anchor=right fallback=0 overlapPx2=0 texture=/Game/ArtTests/ARTMarkers/Textures/T_UI_Action_AttackToken_32 frame=783
2026.10.01-06.50.38 SHOT widget id=icon impl=umg state=combat fighter=f-0-hero bbox=(1026,700,1058,732) geom=painted visible=1 twin=0 source=/Game/S08/UI/ArtHud/WBP_S08ArtIcon frame=783
2026.10.01-06.50.38 SHOT widget id=board.tag impl=umg state=compact fighter=f-0-hero bbox=(932,654,1034,676) geom=painted visible=1 twin=0 source=/Game/S08/UI/ArtHud/WBP_S08ArtTag mode=compact look=P1 shape=circle placement=above ring=0 order=0 bound=1 softPx2=0 planned=(932,654,1034,676) frame=783
2026.10.01-06.50.38 SHOT widget id=board.tag.hp impl=umg state=compact fighter=f-0-hero bbox=(988,656,1030,674) geom=painted visible=1 twin=0 source=/Game/S08/UI/ArtHud/WBP_S08ArtTag mode=compact look=P1 shape=circle placement=above ring=0 order=0 bound=1 softPx2=0 planned=(932,654,1034,676) frame=783 font=11
2026.10.01-06.50.38 SHOT widget id=board.tag.bar impl=umg state=compact fighter=f-0-hero bbox=(951,663,985,668) geom=painted visible=1 twin=0 source=/Game/S08/UI/ArtHud/WBP_S08ArtTag mode=compact look=P1 shape=circle placement=above ring=0 order=0 bound=1 softPx2=0 planned=(932,654,1034,676) frame=783
2026.10.01-06.50.38 SHOT widget id=board.tag.chip impl=umg state=compact fighter=f-0-hero bbox=(936,659,948,671) geom=painted visible=1 twin=0 source=/Game/S08/UI/ArtHud/WBP_S08ArtTag mode=compact look=P1 shape=circle placement=above ring=0 order=0 bound=1 softPx2=0 planned=(932,654,1034,676) frame=783
2026.10.01-06.50.38 SHOT widget id=board.tag impl=umg state=compact fighter=f-0-sk0 bbox=(509,496,593,518) geom=painted visible=1 twin=0 source=/Game/S08/UI/ArtHud/WBP_S08ArtTag mode=compact look=P1 shape=circle placement=above ring=0 order=2 bound=1 softPx2=0 planned=(509,496,593,518) frame=783
2026.10.01-06.50.38 SHOT widget id=board.tag.hp impl=umg state=compact fighter=f-0-sk0 bbox=(565,498,589,516) geom=painted visible=1 twin=0 source=/Game/S08/UI/ArtHud/WBP_S08ArtTag mode=compact look=P1 shape=circle placement=above ring=0 order=2 bound=1 softPx2=0 planned=(509,496,593,518) frame=783 font=11
2026.10.01-06.50.38 SHOT widget id=board.tag.bar impl=umg state=compact fighter=f-0-sk0 bbox=(528,505,562,510) geom=painted visible=1 twin=0 source=/Game/S08/UI/ArtHud/WBP_S08ArtTag mode=compact look=P1 shape=circle placement=above ring=0 order=2 bound=1 softPx2=0 planned=(509,496,593,518) frame=783
2026.10.01-06.50.38 SHOT widget id=board.tag.chip impl=umg state=compact fighter=f-0-sk0 bbox=(513,501,525,513) geom=painted visible=1 twin=0 source=/Game/S08/UI/ArtHud/WBP_S08ArtTag mode=compact look=P1 shape=circle placement=above ring=0 order=2 bound=1 softPx2=0 planned=(509,496,593,518) frame=783
2026.10.01-06.50.38 SHOT widget id=board.tag impl=umg state=compact fighter=f-0-sk1 bbox=(396,458,480,480) geom=painted visible=1 twin=0 source=/Game/S08/UI/ArtHud/WBP_S08ArtTag mode=compact look=P1 shape=circle placement=above ring=0 order=1 bound=1 softPx2=0 planned=(396,458,480,480) frame=783
2026.10.01-06.50.38 SHOT widget id=board.tag.hp impl=umg state=compact fighter=f-0-sk1 bbox=(452,460,476,478) geom=painted visible=1 twin=0 source=/Game/S08/UI/ArtHud/WBP_S08ArtTag mode=compact look=P1 shape=circle placement=above ring=0 order=1 bound=1 softPx2=0 planned=(396,458,480,480) frame=783 font=11
2026.10.01-06.50.38 SHOT widget id=board.tag.bar impl=umg state=compact fighter=f-0-sk1 bbox=(415,467,449,472) geom=painted visible=1 twin=0 source=/Game/S08/UI/ArtHud/WBP_S08ArtTag mode=compact look=P1 shape=circle placement=above ring=0 order=1 bound=1 softPx2=0 planned=(396,458,480,480) frame=783
2026.10.01-06.50.38 SHOT widget id=board.tag.chip impl=umg state=compact fighter=f-0-sk1 bbox=(400,463,412,475) geom=painted visible=1 twin=0 source=/Game/S08/UI/ArtHud/WBP_S08ArtTag mode=compact look=P1 shape=circle placement=above ring=0 order=1 bound=1 softPx2=0 planned=(396,458,480,480) frame=783
2026.10.01-06.50.38 SHOT widget id=board.tag impl=umg state=compact fighter=f-0-sk2 bbox=(308,584,392,606) geom=painted visible=1 twin=0 source=/Game/S08/UI/ArtHud/WBP_S08ArtTag mode=compact look=P1 shape=circle placement=left ring=0 order=4 bound=1 softPx2=0 planned=(308,584,392,606) frame=783
2026.10.01-06.50.38 SHOT widget id=board.tag.hp impl=umg state=compact fighter=f-0-sk2 bbox=(364,586,388,604) geom=painted visible=1 twin=0 source=/Game/S08/UI/ArtHud/WBP_S08ArtTag mode=compact look=P1 shape=circle placement=left ring=0 order=4 bound=1 softPx2=0 planned=(308,584,392,606) frame=783 font=11
2026.10.01-06.50.38 SHOT widget id=board.tag.bar impl=umg state=compact fighter=f-0-sk2 bbox=(327,593,361,598) geom=painted visible=1 twin=0 source=/Game/S08/UI/ArtHud/WBP_S08ArtTag mode=compact look=P1 shape=circle placement=left ring=0 order=4 bound=1 softPx2=0 planned=(308,584,392,606) frame=783
2026.10.01-06.50.38 SHOT widget id=board.tag.chip impl=umg state=compact fighter=f-0-sk2 bbox=(312,589,324,601) geom=painted visible=1 twin=0 source=/Game/S08/UI/ArtHud/WBP_S08ArtTag mode=compact look=P1 shape=circle placement=left ring=0 order=4 bound=1 softPx2=0 planned=(308,584,392,606) frame=783
2026.10.01-06.50.38 SHOT widget id=board.tag impl=umg state=compact fighter=f-1-hero bbox=(1072,730,1174,752) geom=painted visible=1 twin=0 source=/Game/S08/UI/ArtHud/WBP_S08ArtTag mode=compact look=P2 shape=hex placement=below ring=0 order=5 bound=1 softPx2=0 planned=(1072,730,1174,752) frame=783
2026.10.01-06.50.38 SHOT widget id=board.tag.hp impl=umg state=compact fighter=f-1-hero bbox=(1128,732,1170,750) geom=painted visible=1 twin=0 source=/Game/S08/UI/ArtHud/WBP_S08ArtTag mode=compact look=P2 shape=hex placement=below ring=0 order=5 bound=1 softPx2=0 planned=(1072,730,1174,752) frame=783 font=11
2026.10.01-06.50.38 SHOT widget id=board.tag.bar impl=umg state=compact fighter=f-1-hero bbox=(1091,739,1125,744) geom=painted visible=1 twin=0 source=/Game/S08/UI/ArtHud/WBP_S08ArtTag mode=compact look=P2 shape=hex placement=below ring=0 order=5 bound=1 softPx2=0 planned=(1072,730,1174,752) frame=783
2026.10.01-06.50.38 SHOT widget id=board.tag.chip impl=umg state=compact fighter=f-1-hero bbox=(1076,735,1088,747) geom=painted visible=1 twin=0 source=/Game/S08/UI/ArtHud/WBP_S08ArtTag mode=compact look=P2 shape=hex placement=below ring=0 order=5 bound=1 softPx2=0 planned=(1072,730,1174,752) frame=783
2026.10.01-06.50.38 SHOT widget id=board.tag impl=umg state=compact fighter=f-1-sk0 bbox=(1130,510,1214,532) geom=painted visible=1 twin=0 source=/Game/S08/UI/ArtHud/WBP_S08ArtTag mode=compact look=P2 shape=hex placement=above ring=0 order=3 bound=1 softPx2=0 planned=(1130,510,1214,532) frame=783
2026.10.01-06.50.38 SHOT widget id=board.tag.hp impl=umg state=compact fighter=f-1-sk0 bbox=(1186,512,1210,530) geom=painted visible=1 twin=0 source=/Game/S08/UI/ArtHud/WBP_S08ArtTag mode=compact look=P2 shape=hex placement=above ring=0 order=3 bound=1 softPx2=0 planned=(1130,510,1214,532) frame=783 font=11
2026.10.01-06.50.38 SHOT widget id=board.tag.bar impl=umg state=compact fighter=f-1-sk0 bbox=(1149,519,1183,524) geom=painted visible=1 twin=0 source=/Game/S08/UI/ArtHud/WBP_S08ArtTag mode=compact look=P2 shape=hex placement=above ring=0 order=3 bound=1 softPx2=0 planned=(1130,510,1214,532) frame=783
2026.10.01-06.50.38 SHOT widget id=board.tag.chip impl=umg state=compact fighter=f-1-sk0 bbox=(1134,515,1146,527) geom=painted visible=1 twin=0 source=/Game/S08/UI/ArtHud/WBP_S08ArtTag mode=compact look=P2 shape=hex placement=above ring=0 order=3 bound=1 softPx2=0 planned=(1130,510,1214,532) frame=783
2026.10.01-06.50.38 SHOT panel id=hud.command bbox=(0,0,711,278) geom=painted visible=1 frame=783
2026.10.01-06.50.38 SHOT panel id=hud.side bbox=(1431,0,1920,121) geom=painted visible=1 frame=783
2026.10.01-06.50.38 SHOT panel id=hud.hand bbox=(643,985,1278,1080) geom=painted visible=1 frame=783
2026.10.01-06.50.38 SHOT late end file=s09-combat-resolve-revealed.png frame=783
2026.10.01-06.50.38 S09AUTO resolve-blocked shot (type=DISCARD_CARDS)
2026.10.01-06.50.38 SHOT ctx viewport=1920x1080 viewTarget=CameraActor_2147482298 cam=(0,1342,1917) rot=(-55,-90,0)
2026.10.01-06.50.38 RENDER tag=SHOT rhi=D3D12 featureLevel=SM6 shaderPlatform=PCD3D_SM6 lumenPlatform=1 gi=lumen giMethod=1 refl=lumen reflMethod=1 shadows=csm vsmEnable=0 sg.res=100 sg.view=2 sg.aa=2 sg.shadow=2 sg.gi=2 sg.refl=2 sg.pp=2 sg.tex=2 sg.fx=2 sg.foliage=2 sg.shading=2 sg.landscape=2 preset=High screenPct=100.0 screenPctMode=0 aa=TSR aaMethod=4 exposure=fixed-histogram expMin=4.14106 expMax=4.14106 expBias=0.000 ev100=2.05 lightUnits=candelas sky=1 skyIntensity=3.000 keyShadow=csm-3600uu-2c-contact0.000 shadowCasters=1 profile=sarpedon-night profilesSha256=c90dddd95a8a7a0b12294b1a6f47218d6e7a860f74b8c51660d4fdb00c320a8b profilesSource=pak legacyRender=0 gameLayer=unlit-eyeadaptinv tMaxFPS=30.0 vsync=0 frameRateLimit=60.0 substrate=0 nanite=1 meshDF=1 viewport=1920x1080 reference=1
2026.10.01-06.50.38 SHOT fighter f-0-hero pos=(4,4) world=(16,189,0) screen=(982,752) projected=1 alive=1
2026.10.01-06.50.38 SHOT fighter f-0-sk0 pos=(1,3) world=(-309,33,0) screen=(555,576) projected=1 alive=1
2026.10.01-06.50.38 SHOT fighter f-0-sk1 pos=(0,2) world=(-398,-3,0) screen=(442,537) projected=1 alive=1
2026.10.01-06.50.38 SHOT fighter f-0-sk2 pos=(0,3) world=(-394,92,0) screen=(435,640) projected=1 alive=1
2026.10.01-06.50.38 SHOT fighter f-1-hero pos=(5,4) world=(119,141,0) screen=(1120,695) projected=1 alive=1
2026.10.01-06.50.38 SHOT fighter f-1-sk0 pos=(6,3) world=(159,52,0) screen=(1169,596) projected=1 alive=1
2026.10.01-06.50.38 SHOT camera dist=2340.2 target=2340.2 overview=2340.2 errPct=0.000 focusErr=0.00 settled=1 zoom=1.00
2026.10.01-06.50.38 SHOT head fighter=f-0-hero socket=Head mesh=SK_Medusa_H2LD world=(16.0,188.9,47.2) screen=(982.3,717.2) top=(982.3,712.8) bottom=(982.2,721.6) headPx=8.8 projected=1
2026.10.01-06.50.38 SHOT head fighter=f-0-sk0 socket=Head mesh=SK_Harpy_H3LD world=(-308.6,28.4,34.3) screen=(550.8,544.8) top=(549.9,540.2) bottom=(551.6,549.3) headPx=9.3 projected=1
2026.10.01-06.50.38 SHOT head fighter=f-0-sk1 socket=Head mesh=SK_Harpy_H3LD world=(-399.1,2.6,34.0) screen=(434.2,517.2) top=(433.1,512.6) bottom=(435.3,521.7) headPx=9.4 projected=1
2026.10.01-06.50.38 SHOT head fighter=f-0-sk2 socket=Head mesh=SK_Harpy_H3LD world=(-394.1,86.7,33.9) screen=(429.6,609.4) top=(428.5,604.9) bottom=(430.8,613.9) headPx=9.3 projected=1
2026.10.01-06.50.38 SHOT head fighter=f-1-hero socket=Head mesh=SK_KingArthur_H2LD world=(118.8,139.7,50.1) screen=(1123.0,657.6) top=(1123.4,653.1) bottom=(1122.7,662.0) headPx=9.0 projected=1
2026.10.01-06.50.38 SHOT head fighter=f-1-sk0 socket=Head mesh=SK_Merlin_H2LD world=(159.1,49.5,36.8) screen=(1172.3,565.9) top=(1172.8,561.3) bottom=(1171.9,570.4) headPx=9.1 projected=1
2026.10.01-06.50.38 SHOT figure fighter=f-0-hero bbox=(943,678,1023,785) ringR=28.50 art=1 blockout=0 team=P1 look=P1 ring=1
2026.10.01-06.50.38 SHOT figure fighter=f-0-sk0 bbox=(516,520,586,600) ringR=22.23 art=1 blockout=0 team=P1 look=P1 ring=1
2026.10.01-06.50.38 SHOT figure fighter=f-0-sk1 bbox=(402,482,474,561) ringR=22.23 art=1 blockout=0 team=P1 look=P1 ring=1
2026.10.01-06.50.38 SHOT figure fighter=f-0-sk2 bbox=(394,584,467,665) ringR=22.23 art=1 blockout=0 team=P1 look=P1 ring=1
2026.10.01-06.50.38 SHOT figure fighter=f-1-hero bbox=(1081,619,1165,728) ringR=28.50 art=1 blockout=0 team=P2 look=P2 ring=1
2026.10.01-06.50.38 SHOT figure fighter=f-1-sk0 bbox=(1139,534,1204,620) ringR=22.23 art=1 blockout=0 team=P2 look=P2 ring=1
2026.10.01-06.50.38 SHOT request file=s09-resolve-blocked-DISCARD_CARDS.png frame=784
2026.10.01-06.50.38 SHOT requested: FScreenshotRequest(bShowUI) -> C:\Users\ren\AppData\Local\Temp\s09-combat-20261001-115008-24636\host/s09-resolve-blocked-DISCARD_CARDS.png
2026.10.01-06.50.38 TAG fighter=f-0-hero bbox=(932,654,1034,676) mode=compact look=P1 placement=above ring=0 hardPx2=0 softPx2=0 order=0 bound=1
2026.10.01-06.50.38 TAG fighter=f-0-sk0 bbox=(509,496,593,518) mode=compact look=P1 placement=above ring=0 hardPx2=0 softPx2=0 order=2 bound=1
2026.10.01-06.50.38 TAG fighter=f-0-sk1 bbox=(396,458,480,480) mode=compact look=P1 placement=above ring=0 hardPx2=0 softPx2=0 order=1 bound=1
2026.10.01-06.50.38 TAG fighter=f-0-sk2 bbox=(308,584,392,606) mode=compact look=P1 placement=left ring=0 hardPx2=0 softPx2=0 order=4 bound=1
2026.10.01-06.50.38 TAG fighter=f-1-hero bbox=(1072,730,1174,752) mode=compact look=P2 placement=below ring=0 hardPx2=0 softPx2=0 order=5 bound=1
2026.10.01-06.50.38 TAG fighter=f-1-sk0 bbox=(1130,510,1214,532) mode=compact look=P2 placement=above ring=0 hardPx2=0 softPx2=0 order=3 bound=1
2026.10.01-06.50.38 ICON fighter=f-0-hero bbox=(1026,700,1058,732) size=32 src=combat anchor=right fallback=0 overlapPx2=0 texture=/Game/ArtTests/ARTMarkers/Textures/T_UI_Action_AttackToken_32
2026.10.01-06.50.39 SHOT captured file=s09-resolve-blocked-DISCARD_CARDS.png frame=784 px=1920x1080 sha256=27dc4cd3478c56782bf70de7b3a3aaa3e335d334481cd2493b38a4478e126fed order=BGRA saved=1
2026.10.01-06.50.39 SHOT late begin file=s09-resolve-blocked-DISCARD_CARDS.png frame=784 requestFrame=784
2026.10.01-06.50.39 SHOT icon fighter=f-0-hero bbox=(1026,700,1058,732) size=32 src=combat planned=(1026,700,1058,732) geom=painted visible=1 anchor=right fallback=0 overlapPx2=0 texture=/Game/ArtTests/ARTMarkers/Textures/T_UI_Action_AttackToken_32 frame=784
2026.10.01-06.50.39 SHOT widget id=icon impl=umg state=combat fighter=f-0-hero bbox=(1026,700,1058,732) geom=painted visible=1 twin=0 source=/Game/S08/UI/ArtHud/WBP_S08ArtIcon frame=784
2026.10.01-06.50.39 SHOT widget id=board.tag impl=umg state=compact fighter=f-0-hero bbox=(932,654,1034,676) geom=painted visible=1 twin=0 source=/Game/S08/UI/ArtHud/WBP_S08ArtTag mode=compact look=P1 shape=circle placement=above ring=0 order=0 bound=1 softPx2=0 planned=(932,654,1034,676) frame=784
2026.10.01-06.50.39 SHOT widget id=board.tag.hp impl=umg state=compact fighter=f-0-hero bbox=(988,656,1030,674) geom=painted visible=1 twin=0 source=/Game/S08/UI/ArtHud/WBP_S08ArtTag mode=compact look=P1 shape=circle placement=above ring=0 order=0 bound=1 softPx2=0 planned=(932,654,1034,676) frame=784 font=11
2026.10.01-06.50.39 SHOT widget id=board.tag.bar impl=umg state=compact fighter=f-0-hero bbox=(951,663,985,668) geom=painted visible=1 twin=0 source=/Game/S08/UI/ArtHud/WBP_S08ArtTag mode=compact look=P1 shape=circle placement=above ring=0 order=0 bound=1 softPx2=0 planned=(932,654,1034,676) frame=784
2026.10.01-06.50.39 SHOT widget id=board.tag.chip impl=umg state=compact fighter=f-0-hero bbox=(936,659,948,671) geom=painted visible=1 twin=0 source=/Game/S08/UI/ArtHud/WBP_S08ArtTag mode=compact look=P1 shape=circle placement=above ring=0 order=0 bound=1 softPx2=0 planned=(932,654,1034,676) frame=784
2026.10.01-06.50.39 SHOT widget id=board.tag impl=umg state=compact fighter=f-0-sk0 bbox=(509,496,593,518) geom=painted visible=1 twin=0 source=/Game/S08/UI/ArtHud/WBP_S08ArtTag mode=compact look=P1 shape=circle placement=above ring=0 order=2 bound=1 softPx2=0 planned=(509,496,593,518) frame=784
2026.10.01-06.50.39 SHOT widget id=board.tag.hp impl=umg state=compact fighter=f-0-sk0 bbox=(565,498,589,516) geom=painted visible=1 twin=0 source=/Game/S08/UI/ArtHud/WBP_S08ArtTag mode=compact look=P1 shape=circle placement=above ring=0 order=2 bound=1 softPx2=0 planned=(509,496,593,518) frame=784 font=11
2026.10.01-06.50.39 SHOT widget id=board.tag.bar impl=umg state=compact fighter=f-0-sk0 bbox=(528,505,562,510) geom=painted visible=1 twin=0 source=/Game/S08/UI/ArtHud/WBP_S08ArtTag mode=compact look=P1 shape=circle placement=above ring=0 order=2 bound=1 softPx2=0 planned=(509,496,593,518) frame=784
2026.10.01-06.50.39 SHOT widget id=board.tag.chip impl=umg state=compact fighter=f-0-sk0 bbox=(513,501,525,513) geom=painted visible=1 twin=0 source=/Game/S08/UI/ArtHud/WBP_S08ArtTag mode=compact look=P1 shape=circle placement=above ring=0 order=2 bound=1 softPx2=0 planned=(509,496,593,518) frame=784
2026.10.01-06.50.39 SHOT widget id=board.tag impl=umg state=compact fighter=f-0-sk1 bbox=(396,458,480,480) geom=painted visible=1 twin=0 source=/Game/S08/UI/ArtHud/WBP_S08ArtTag mode=compact look=P1 shape=circle placement=above ring=0 order=1 bound=1 softPx2=0 planned=(396,458,480,480) frame=784
2026.10.01-06.50.39 SHOT widget id=board.tag.hp impl=umg state=compact fighter=f-0-sk1 bbox=(452,460,476,478) geom=painted visible=1 twin=0 source=/Game/S08/UI/ArtHud/WBP_S08ArtTag mode=compact look=P1 shape=circle placement=above ring=0 order=1 bound=1 softPx2=0 planned=(396,458,480,480) frame=784 font=11
2026.10.01-06.50.39 SHOT widget id=board.tag.bar impl=umg state=compact fighter=f-0-sk1 bbox=(415,467,449,472) geom=painted visible=1 twin=0 source=/Game/S08/UI/ArtHud/WBP_S08ArtTag mode=compact look=P1 shape=circle placement=above ring=0 order=1 bound=1 softPx2=0 planned=(396,458,480,480) frame=784
2026.10.01-06.50.39 SHOT widget id=board.tag.chip impl=umg state=compact fighter=f-0-sk1 bbox=(400,463,412,475) geom=painted visible=1 twin=0 source=/Game/S08/UI/ArtHud/WBP_S08ArtTag mode=compact look=P1 shape=circle placement=above ring=0 order=1 bound=1 softPx2=0 planned=(396,458,480,480) frame=784
2026.10.01-06.50.39 SHOT widget id=board.tag impl=umg state=compact fighter=f-0-sk2 bbox=(308,584,392,606) geom=painted visible=1 twin=0 source=/Game/S08/UI/ArtHud/WBP_S08ArtTag mode=compact look=P1 shape=circle placement=left ring=0 order=4 bound=1 softPx2=0 planned=(308,584,392,606) frame=784
2026.10.01-06.50.39 SHOT widget id=board.tag.hp impl=umg state=compact fighter=f-0-sk2 bbox=(364,586,388,604) geom=painted visible=1 twin=0 source=/Game/S08/UI/ArtHud/WBP_S08ArtTag mode=compact look=P1 shape=circle placement=left ring=0 order=4 bound=1 softPx2=0 planned=(308,584,392,606) frame=784 font=11
2026.10.01-06.50.39 SHOT widget id=board.tag.bar impl=umg state=compact fighter=f-0-sk2 bbox=(327,593,361,598) geom=painted visible=1 twin=0 source=/Game/S08/UI/ArtHud/WBP_S08ArtTag mode=compact look=P1 shape=circle placement=left ring=0 order=4 bound=1 softPx2=0 planned=(308,584,392,606) frame=784
2026.10.01-06.50.39 SHOT widget id=board.tag.chip impl=umg state=compact fighter=f-0-sk2 bbox=(312,589,324,601) geom=painted visible=1 twin=0 source=/Game/S08/UI/ArtHud/WBP_S08ArtTag mode=compact look=P1 shape=circle placement=left ring=0 order=4 bound=1 softPx2=0 planned=(308,584,392,606) frame=784
2026.10.01-06.50.39 SHOT widget id=board.tag impl=umg state=compact fighter=f-1-hero bbox=(1072,730,1174,752) geom=painted visible=1 twin=0 source=/Game/S08/UI/ArtHud/WBP_S08ArtTag mode=compact look=P2 shape=hex placement=below ring=0 order=5 bound=1 softPx2=0 planned=(1072,730,1174,752) frame=784
2026.10.01-06.50.39 SHOT widget id=board.tag.hp impl=umg state=compact fighter=f-1-hero bbox=(1128,732,1170,750) geom=painted visible=1 twin=0 source=/Game/S08/UI/ArtHud/WBP_S08ArtTag mode=compact look=P2 shape=hex placement=below ring=0 order=5 bound=1 softPx2=0 planned=(1072,730,1174,752) frame=784 font=11
2026.10.01-06.50.39 SHOT widget id=board.tag.bar impl=umg state=compact fighter=f-1-hero bbox=(1091,739,1125,744) geom=painted visible=1 twin=0 source=/Game/S08/UI/ArtHud/WBP_S08ArtTag mode=compact look=P2 shape=hex placement=below ring=0 order=5 bound=1 softPx2=0 planned=(1072,730,1174,752) frame=784
2026.10.01-06.50.39 SHOT widget id=board.tag.chip impl=umg state=compact fighter=f-1-hero bbox=(1076,735,1088,747) geom=painted visible=1 twin=0 source=/Game/S08/UI/ArtHud/WBP_S08ArtTag mode=compact look=P2 shape=hex placement=below ring=0 order=5 bound=1 softPx2=0 planned=(1072,730,1174,752) frame=784
2026.10.01-06.50.39 SHOT widget id=board.tag impl=umg state=compact fighter=f-1-sk0 bbox=(1130,510,1214,532) geom=painted visible=1 twin=0 source=/Game/S08/UI/ArtHud/WBP_S08ArtTag mode=compact look=P2 shape=hex placement=above ring=0 order=3 bound=1 softPx2=0 planned=(1130,510,1214,532) frame=784
2026.10.01-06.50.39 SHOT widget id=board.tag.hp impl=umg state=compact fighter=f-1-sk0 bbox=(1186,512,1210,530) geom=painted visible=1 twin=0 source=/Game/S08/UI/ArtHud/WBP_S08ArtTag mode=compact look=P2 shape=hex placement=above ring=0 order=3 bound=1 softPx2=0 planned=(1130,510,1214,532) frame=784 font=11
2026.10.01-06.50.39 SHOT widget id=board.tag.bar impl=umg state=compact fighter=f-1-sk0 bbox=(1149,519,1183,524) geom=painted visible=1 twin=0 source=/Game/S08/UI/ArtHud/WBP_S08ArtTag mode=compact look=P2 shape=hex placement=above ring=0 order=3 bound=1 softPx2=0 planned=(1130,510,1214,532) frame=784
2026.10.01-06.50.39 SHOT widget id=board.tag.chip impl=umg state=compact fighter=f-1-sk0 bbox=(1134,515,1146,527) geom=painted visible=1 twin=0 source=/Game/S08/UI/ArtHud/WBP_S08ArtTag mode=compact look=P2 shape=hex placement=above ring=0 order=3 bound=1 softPx2=0 planned=(1130,510,1214,532) frame=784
2026.10.01-06.50.39 SHOT panel id=hud.command bbox=(0,0,711,278) geom=painted visible=1 frame=784
2026.10.01-06.50.39 SHOT panel id=hud.side bbox=(1431,0,1920,121) geom=painted visible=1 frame=784
2026.10.01-06.50.39 SHOT panel id=hud.hand bbox=(643,985,1278,1080) geom=painted visible=1 frame=784
2026.10.01-06.50.39 SHOT late end file=s09-resolve-blocked-DISCARD_CARDS.png frame=784
2026.10.01-06.50.39 SNAPSHOT applied seq=11 phase=ACTION_MANEUVER
2026.10.01-06.50.39 HANDLE_APPLIED #17 seq=11 decision=2 fightersValid=1 boardValid=1
2026.10.01-06.50.39 COMBAT-RESULT seq=11 damage=0 role=defended
2026.10.01-06.50.39 ARTPREVIEW combat marker fighter=Medusa attacker=0 target=0 icon=0 targetMesh=SM_Marker_TargetRing iconMode=screen targetArcScaleXY=0.920
2026.10.01-06.50.39 ARTPREVIEW combat marker fighter=Merlin attacker=0 target=0 icon=0 targetMesh=SM_Marker_TargetRing iconMode=screen targetArcScaleXY=0.718
2026.10.01-06.50.39 RESOLVE panel revealed: A3+B0 vs D4
2026.10.01-06.50.39 closed mode=
2026.10.01-06.50.39 MODE seq=11 mode=0 combat=0 pending=0
2026.10.01-06.50.39 HUD seq=11 phase=ACTION_MANEUVER turn=opp hand=3 oppHand=2(hidden) oppDeck=25~ deck=24~ discard=3
2026.10.01-06.50.39 ARTPREVIEW fighter=Medusa hero=1 eligible=0 visual=1 mesh=SK_Medusa_H2LD
2026.10.01-06.50.39 FIGHTERS synced n=6 alive=6 own=4 enemy=2
2026.10.01-06.50.39 WS seq=11 phase=ACTION_MANEUVER (apply)
2026.10.01-06.50.39 SNAPSHOT applied seq=12 phase=ACTION_MANEUVER
2026.10.01-06.50.39 HANDLE_APPLIED #18 seq=12 decision=2 fightersValid=1 boardValid=1
2026.10.01-06.50.39 MODE seq=12 mode=0 combat=0 pending=0
2026.10.01-06.50.39 HUD seq=12 phase=ACTION_MANEUVER turn=opp hand=3 oppHand=3(hidden) oppDeck=25~ deck=24~ discard=3
2026.10.01-06.50.39 ARTPREVIEW fighter=Medusa hero=1 eligible=0 visual=1 mesh=SK_Medusa_H2LD
2026.10.01-06.50.39 FIGHTERS synced n=6 alive=6 own=4 enemy=2
2026.10.01-06.50.39 WS seq=12 phase=ACTION_MANEUVER (apply)
2026.10.01-06.50.39 S09AUTO drive mode=0 plan=[attack+defend+ownresult] phase=ACTION_MANEUVER turn=cmuhntiwu0001wib0z281rpa8
2026.10.01-06.50.39 TAG fighter=f-0-hero bbox=(932,654,1034,676) mode=compact look=P1 placement=above ring=0 hardPx2=0 softPx2=0 order=5 bound=1
2026.10.01-06.50.39 TAG fighter=f-0-sk0 bbox=(509,496,593,518) mode=compact look=P1 placement=above ring=0 hardPx2=0 softPx2=0 order=1 bound=1
2026.10.01-06.50.39 TAG fighter=f-0-sk1 bbox=(396,458,480,480) mode=compact look=P1 placement=above ring=0 hardPx2=0 softPx2=0 order=0 bound=1
2026.10.01-06.50.39 TAG fighter=f-0-sk2 bbox=(308,584,392,606) mode=compact look=P1 placement=left ring=0 hardPx2=0 softPx2=0 order=3 bound=1
2026.10.01-06.50.39 TAG fighter=f-1-hero bbox=(1072,730,1174,752) mode=compact look=P2 placement=below ring=0 hardPx2=0 softPx2=0 order=4 bound=1
2026.10.01-06.50.39 TAG fighter=f-1-sk0 bbox=(1130,510,1214,532) mode=compact look=P2 placement=above ring=0 hardPx2=0 softPx2=0 order=2 bound=1
2026.10.01-06.50.39 HUD icon hidden fighter=f-0-hero
2026.10.01-06.50.39 ARTPREVIEW anim fighter=f-1-sk0 clip=Idle len=3.000 event=clipFinished loop=1 phase=0.8028 seq=-1 asset=AM_Merlin_Idle
2026.10.01-06.50.39 TAG fighter=f-0-hero bbox=(932,654,1034,676) mode=compact look=P1 placement=above ring=0 hardPx2=0 softPx2=0 order=5 bound=1
2026.10.01-06.50.39 TAG fighter=f-0-sk0 bbox=(509,496,593,518) mode=compact look=P1 placement=above ring=0 hardPx2=0 softPx2=0 order=1 bound=1
2026.10.01-06.50.39 TAG fighter=f-0-sk1 bbox=(396,458,480,480) mode=compact look=P1 placement=above ring=0 hardPx2=0 softPx2=0 order=0 bound=1
2026.10.01-06.50.39 TAG fighter=f-0-sk2 bbox=(308,584,392,606) mode=compact look=P1 placement=left ring=0 hardPx2=0 softPx2=0 order=3 bound=1
2026.10.01-06.50.39 TAG fighter=f-1-hero bbox=(1072,730,1174,752) mode=compact look=P2 placement=below ring=0 hardPx2=0 softPx2=0 order=4 bound=1
2026.10.01-06.50.39 TAG fighter=f-1-sk0 bbox=(1130,510,1214,532) mode=compact look=P2 placement=above ring=0 hardPx2=0 softPx2=0 order=2 bound=1
2026.10.01-06.50.40 SNAPSHOT applied seq=13 phase=ACTION_MANEUVER
2026.10.01-06.50.40 HANDLE_APPLIED #19 seq=13 decision=2 fightersValid=1 boardValid=1
2026.10.01-06.50.40 closed mode=
2026.10.01-06.50.40 MODE seq=13 mode=6 combat=0 pending=1
2026.10.01-06.50.40 HUD seq=13 phase=ACTION_MANEUVER turn=you hand=3 oppHand=3(hidden) oppDeck=25~ deck=24~ discard=3
2026.10.01-06.50.40 ARTPREVIEW fighter=Medusa hero=1 eligible=0 visual=1 mesh=SK_Medusa_H2LD
2026.10.01-06.50.40 FIGHTERS synced n=6 alive=6 own=4 enemy=2
2026.10.01-06.50.40 CUE move f-1-hero (5,4)->(5,5) seq=13
2026.10.01-06.50.40 WS seq=13 phase=ACTION_MANEUVER (apply)
2026.10.01-06.50.40 S09AUTO drive mode=6 plan=[attack+defend+ownresult] phase=ACTION_MANEUVER turn=cmuhntivg0000wib0anhqyswc
2026.10.01-06.50.40 S09AUTO own turn #1 (turnCount=3)
2026.10.01-06.50.40 S09AUTO pending-open shot (type=TARGET_FIGHTER stage=0 mode=)
2026.10.01-06.50.40 SHOT ctx viewport=1920x1080 viewTarget=CameraActor_2147482298 cam=(0,1342,1917) rot=(-55,-90,0)
2026.10.01-06.50.40 RENDER tag=SHOT rhi=D3D12 featureLevel=SM6 shaderPlatform=PCD3D_SM6 lumenPlatform=1 gi=lumen giMethod=1 refl=lumen reflMethod=1 shadows=csm vsmEnable=0 sg.res=100 sg.view=2 sg.aa=2 sg.shadow=2 sg.gi=2 sg.refl=2 sg.pp=2 sg.tex=2 sg.fx=2 sg.foliage=2 sg.shading=2 sg.landscape=2 preset=High screenPct=100.0 screenPctMode=0 aa=TSR aaMethod=4 exposure=fixed-histogram expMin=4.14106 expMax=4.14106 expBias=0.000 ev100=2.05 lightUnits=candelas sky=1 skyIntensity=3.000 keyShadow=csm-3600uu-2c-contact0.000 shadowCasters=1 profile=sarpedon-night profilesSha256=c90dddd95a8a7a0b12294b1a6f47218d6e7a860f74b8c51660d4fdb00c320a8b profilesSource=pak legacyRender=0 gameLayer=unlit-eyeadaptinv tMaxFPS=30.0 vsync=0 frameRateLimit=60.0 substrate=0 nanite=1 meshDF=1 viewport=1920x1080 reference=1
2026.10.01-06.50.40 SHOT fighter f-0-hero pos=(4,4) world=(16,189,0) screen=(982,752) projected=1 alive=1
2026.10.01-06.50.40 SHOT fighter f-0-sk0 pos=(1,3) world=(-309,33,0) screen=(555,576) projected=1 alive=1
2026.10.01-06.50.40 SHOT fighter f-0-sk1 pos=(0,2) world=(-398,-3,0) screen=(442,537) projected=1 alive=1
2026.10.01-06.50.40 SHOT fighter f-0-sk2 pos=(0,3) world=(-394,92,0) screen=(435,640) projected=1 alive=1
2026.10.01-06.50.40 SHOT fighter f-1-hero pos=(5,5) world=(104,237,0) screen=(1103,808) projected=1 alive=1
2026.10.01-06.50.40 SHOT fighter f-1-sk0 pos=(6,3) world=(159,52,0) screen=(1169,596) projected=1 alive=1
2026.10.01-06.50.40 SHOT camera dist=2340.2 target=2340.2 overview=2340.2 errPct=0.000 focusErr=0.00 settled=1 zoom=1.00
2026.10.01-06.50.40 SHOT head fighter=f-0-hero socket=Head mesh=SK_Medusa_H2LD world=(16.8,188.8,47.1) screen=(983.3,717.1) top=(983.3,712.7) bottom=(983.2,721.5) headPx=8.8 projected=1
2026.10.01-06.50.40 SHOT head fighter=f-0-sk0 socket=Head mesh=SK_Harpy_H3LD world=(-308.7,28.4,34.3) screen=(550.6,544.8) top=(549.7,540.2) bottom=(551.5,549.3) headPx=9.3 projected=1
2026.10.01-06.50.40 SHOT head fighter=f-0-sk1 socket=Head mesh=SK_Harpy_H3LD world=(-399.1,2.6,34.0) screen=(434.2,517.1) top=(433.1,512.5) bottom=(435.3,521.6) headPx=9.4 projected=1
2026.10.01-06.50.40 SHOT head fighter=f-0-sk2 socket=Head mesh=SK_Harpy_H3LD world=(-394.0,86.8,34.0) screen=(429.8,609.4) top=(428.6,605.0) bottom=(430.9,613.9) headPx=9.3 projected=1
2026.10.01-06.50.40 SHOT head fighter=f-1-hero socket=Head mesh=SK_KingArthur_H2LD world=(104.2,236.0,50.1) screen=(1106.6,771.6) top=(1106.9,767.2) bottom=(1106.3,775.9) headPx=8.7 projected=1
2026.10.01-06.50.40 SHOT head fighter=f-1-sk0 socket=Head mesh=SK_Merlin_H2LD world=(158.6,48.8,36.5) screen=(1171.7,565.4) top=(1172.1,560.8) bottom=(1171.2,569.9) headPx=9.1 projected=1
2026.10.01-06.50.40 SHOT figure fighter=f-0-hero bbox=(943,678,1023,785) ringR=28.50 art=1 blockout=0 team=P1 look=P1 ring=1
2026.10.01-06.50.40 SHOT figure fighter=f-0-sk0 bbox=(516,520,586,600) ringR=22.23 art=1 blockout=0 team=P1 look=P1 ring=1
2026.10.01-06.50.40 SHOT figure fighter=f-0-sk1 bbox=(402,482,474,561) ringR=22.23 art=1 blockout=0 team=P1 look=P1 ring=1
2026.10.01-06.50.40 SHOT figure fighter=f-0-sk2 bbox=(394,584,467,665) ringR=22.23 art=1 blockout=0 team=P1 look=P1 ring=1
2026.10.01-06.50.40 SHOT figure fighter=f-1-hero bbox=(1063,731,1148,842) ringR=28.50 art=1 blockout=0 team=P2 look=P2 ring=1
2026.10.01-06.50.40 SHOT figure fighter=f-1-sk0 bbox=(1139,534,1204,620) ringR=22.23 art=1 blockout=0 team=P2 look=P2 ring=1
2026.10.01-06.50.40 SHOT request file=s09-pending-TARGET_FIGHTER.png frame=825
2026.10.01-06.50.40 SHOT requested: FScreenshotRequest(bShowUI) -> C:\Users\ren\AppData\Local\Temp\s09-combat-20261001-115008-24636\host/s09-pending-TARGET_FIGHTER.png
2026.10.01-06.50.40 TAG fighter=f-0-hero bbox=(932,654,1034,676) mode=compact look=P1 placement=above ring=0 hardPx2=0 softPx2=0 order=4 bound=1
2026.10.01-06.50.40 TAG fighter=f-0-sk0 bbox=(509,496,593,518) mode=compact look=P1 placement=above ring=0 hardPx2=0 softPx2=0 order=1 bound=1
2026.10.01-06.50.40 TAG fighter=f-0-sk1 bbox=(396,458,480,480) mode=compact look=P1 placement=above ring=0 hardPx2=0 softPx2=0 order=0 bound=1
2026.10.01-06.50.40 TAG fighter=f-0-sk2 bbox=(308,584,392,606) mode=compact look=P1 placement=left ring=0 hardPx2=0 softPx2=0 order=3 bound=1
2026.10.01-06.50.40 TAG fighter=f-1-hero bbox=(1055,707,1157,729) mode=compact look=P2 placement=above ring=0 hardPx2=0 softPx2=0 order=5 bound=1
2026.10.01-06.50.40 TAG fighter=f-1-sk0 bbox=(1130,510,1214,532) mode=compact look=P2 placement=above ring=0 hardPx2=0 softPx2=0 order=2 bound=1
2026.10.01-06.50.40 SHOT captured file=s09-pending-TARGET_FIGHTER.png frame=825 px=1920x1080 sha256=04ceb6004954415985c2bf443025570993f249ff8b4f3bb8c5e7e8048f7e39ce order=BGRA saved=1
2026.10.01-06.50.40 SHOT late begin file=s09-pending-TARGET_FIGHTER.png frame=825 requestFrame=825
2026.10.01-06.50.40 SHOT iconstate visible=0 lastFighter=none frame=825
2026.10.01-06.50.40 SHOT widget id=board.tag impl=umg state=compact fighter=f-0-hero bbox=(932,654,1034,676) geom=painted visible=1 twin=0 source=/Game/S08/UI/ArtHud/WBP_S08ArtTag mode=compact look=P1 shape=circle placement=above ring=0 order=4 bound=1 softPx2=0 planned=(932,654,1034,676) frame=825
2026.10.01-06.50.40 SHOT widget id=board.tag.hp impl=umg state=compact fighter=f-0-hero bbox=(988,656,1030,674) geom=painted visible=1 twin=0 source=/Game/S08/UI/ArtHud/WBP_S08ArtTag mode=compact look=P1 shape=circle placement=above ring=0 order=4 bound=1 softPx2=0 planned=(932,654,1034,676) frame=825 font=11
2026.10.01-06.50.40 SHOT widget id=board.tag.bar impl=umg state=compact fighter=f-0-hero bbox=(951,663,985,668) geom=painted visible=1 twin=0 source=/Game/S08/UI/ArtHud/WBP_S08ArtTag mode=compact look=P1 shape=circle placement=above ring=0 order=4 bound=1 softPx2=0 planned=(932,654,1034,676) frame=825
2026.10.01-06.50.40 SHOT widget id=board.tag.chip impl=umg state=compact fighter=f-0-hero bbox=(936,659,948,671) geom=painted visible=1 twin=0 source=/Game/S08/UI/ArtHud/WBP_S08ArtTag mode=compact look=P1 shape=circle placement=above ring=0 order=4 bound=1 softPx2=0 planned=(932,654,1034,676) frame=825
2026.10.01-06.50.40 SHOT widget id=board.tag impl=umg state=compact fighter=f-0-sk0 bbox=(509,496,593,518) geom=painted visible=1 twin=0 source=/Game/S08/UI/ArtHud/WBP_S08ArtTag mode=compact look=P1 shape=circle placement=above ring=0 order=1 bound=1 softPx2=0 planned=(509,496,593,518) frame=825
2026.10.01-06.50.40 SHOT widget id=board.tag.hp impl=umg state=compact fighter=f-0-sk0 bbox=(565,498,589,516) geom=painted visible=1 twin=0 source=/Game/S08/UI/ArtHud/WBP_S08ArtTag mode=compact look=P1 shape=circle placement=above ring=0 order=1 bound=1 softPx2=0 planned=(509,496,593,518) frame=825 font=11
2026.10.01-06.50.40 SHOT widget id=board.tag.bar impl=umg state=compact fighter=f-0-sk0 bbox=(528,505,562,510) geom=painted visible=1 twin=0 source=/Game/S08/UI/ArtHud/WBP_S08ArtTag mode=compact look=P1 shape=circle placement=above ring=0 order=1 bound=1 softPx2=0 planned=(509,496,593,518) frame=825
2026.10.01-06.50.40 SHOT widget id=board.tag.chip impl=umg state=compact fighter=f-0-sk0 bbox=(513,501,525,513) geom=painted visible=1 twin=0 source=/Game/S08/UI/ArtHud/WBP_S08ArtTag mode=compact look=P1 shape=circle placement=above ring=0 order=1 bound=1 softPx2=0 planned=(509,496,593,518) frame=825
2026.10.01-06.50.40 SHOT widget id=board.tag impl=umg state=compact fighter=f-0-sk1 bbox=(396,458,480,480) geom=painted visible=1 twin=0 source=/Game/S08/UI/ArtHud/WBP_S08ArtTag mode=compact look=P1 shape=circle placement=above ring=0 order=0 bound=1 softPx2=0 planned=(396,458,480,480) frame=825
2026.10.01-06.50.40 SHOT widget id=board.tag.hp impl=umg state=compact fighter=f-0-sk1 bbox=(452,460,476,478) geom=painted visible=1 twin=0 source=/Game/S08/UI/ArtHud/WBP_S08ArtTag mode=compact look=P1 shape=circle placement=above ring=0 order=0 bound=1 softPx2=0 planned=(396,458,480,480) frame=825 font=11
2026.10.01-06.50.40 SHOT widget id=board.tag.bar impl=umg state=compact fighter=f-0-sk1 bbox=(415,467,449,472) geom=painted visible=1 twin=0 source=/Game/S08/UI/ArtHud/WBP_S08ArtTag mode=compact look=P1 shape=circle placement=above ring=0 order=0 bound=1 softPx2=0 planned=(396,458,480,480) frame=825
2026.10.01-06.50.40 SHOT widget id=board.tag.chip impl=umg state=compact fighter=f-0-sk1 bbox=(400,463,412,475) geom=painted visible=1 twin=0 source=/Game/S08/UI/ArtHud/WBP_S08ArtTag mode=compact look=P1 shape=circle placement=above ring=0 order=0 bound=1 softPx2=0 planned=(396,458,480,480) frame=825
2026.10.01-06.50.40 SHOT widget id=board.tag impl=umg state=compact fighter=f-0-sk2 bbox=(308,584,392,606) geom=painted visible=1 twin=0 source=/Game/S08/UI/ArtHud/WBP_S08ArtTag mode=compact look=P1 shape=circle placement=left ring=0 order=3 bound=1 softPx2=0 planned=(308,584,392,606) frame=825
2026.10.01-06.50.40 SHOT widget id=board.tag.hp impl=umg state=compact fighter=f-0-sk2 bbox=(364,586,388,604) geom=painted visible=1 twin=0 source=/Game/S08/UI/ArtHud/WBP_S08ArtTag mode=compact look=P1 shape=circle placement=left ring=0 order=3 bound=1 softPx2=0 planned=(308,584,392,606) frame=825 font=11
2026.10.01-06.50.40 SHOT widget id=board.tag.bar impl=umg state=compact fighter=f-0-sk2 bbox=(327,593,361,598) geom=painted visible=1 twin=0 source=/Game/S08/UI/ArtHud/WBP_S08ArtTag mode=compact look=P1 shape=circle placement=left ring=0 order=3 bound=1 softPx2=0 planned=(308,584,392,606) frame=825
2026.10.01-06.50.40 SHOT widget id=board.tag.chip impl=umg state=compact fighter=f-0-sk2 bbox=(312,589,324,601) geom=painted visible=1 twin=0 source=/Game/S08/UI/ArtHud/WBP_S08ArtTag mode=compact look=P1 shape=circle placement=left ring=0 order=3 bound=1 softPx2=0 planned=(308,584,392,606) frame=825
2026.10.01-06.50.40 SHOT widget id=board.tag impl=umg state=compact fighter=f-1-hero bbox=(1055,707,1157,729) geom=painted visible=1 twin=0 source=/Game/S08/UI/ArtHud/WBP_S08ArtTag mode=compact look=P2 shape=hex placement=above ring=0 order=5 bound=1 softPx2=0 planned=(1055,707,1157,729) frame=825
2026.10.01-06.50.40 SHOT widget id=board.tag.hp impl=umg state=compact fighter=f-1-hero bbox=(1111,709,1153,727) geom=painted visible=1 twin=0 source=/Game/S08/UI/ArtHud/WBP_S08ArtTag mode=compact look=P2 shape=hex placement=above ring=0 order=5 bound=1 softPx2=0 planned=(1055,707,1157,729) frame=825 font=11
2026.10.01-06.50.40 SHOT widget id=board.tag.bar impl=umg state=compact fighter=f-1-hero bbox=(1074,716,1108,721) geom=painted visible=1 twin=0 source=/Game/S08/UI/ArtHud/WBP_S08ArtTag mode=compact look=P2 shape=hex placement=above ring=0 order=5 bound=1 softPx2=0 planned=(1055,707,1157,729) frame=825
2026.10.01-06.50.40 SHOT widget id=board.tag.chip impl=umg state=compact fighter=f-1-hero bbox=(1059,712,1071,724) geom=painted visible=1 twin=0 source=/Game/S08/UI/ArtHud/WBP_S08ArtTag mode=compact look=P2 shape=hex placement=above ring=0 order=5 bound=1 softPx2=0 planned=(1055,707,1157,729) frame=825
2026.10.01-06.50.40 SHOT widget id=board.tag impl=umg state=compact fighter=f-1-sk0 bbox=(1130,510,1214,532) geom=painted visible=1 twin=0 source=/Game/S08/UI/ArtHud/WBP_S08ArtTag mode=compact look=P2 shape=hex placement=above ring=0 order=2 bound=1 softPx2=0 planned=(1130,510,1214,532) frame=825
2026.10.01-06.50.40 SHOT widget id=board.tag.hp impl=umg state=compact fighter=f-1-sk0 bbox=(1186,512,1210,530) geom=painted visible=1 twin=0 source=/Game/S08/UI/ArtHud/WBP_S08ArtTag mode=compact look=P2 shape=hex placement=above ring=0 order=2 bound=1 softPx2=0 planned=(1130,510,1214,532) frame=825 font=11
2026.10.01-06.50.40 SHOT widget id=board.tag.bar impl=umg state=compact fighter=f-1-sk0 bbox=(1149,519,1183,524) geom=painted visible=1 twin=0 source=/Game/S08/UI/ArtHud/WBP_S08ArtTag mode=compact look=P2 shape=hex placement=above ring=0 order=2 bound=1 softPx2=0 planned=(1130,510,1214,532) frame=825
2026.10.01-06.50.40 SHOT widget id=board.tag.chip impl=umg state=compact fighter=f-1-sk0 bbox=(1134,515,1146,527) geom=painted visible=1 twin=0 source=/Game/S08/UI/ArtHud/WBP_S08ArtTag mode=compact look=P2 shape=hex placement=above ring=0 order=2 bound=1 softPx2=0 planned=(1130,510,1214,532) frame=825
2026.10.01-06.50.40 SHOT panel id=hud.command bbox=(0,0,591,178) geom=painted visible=1 frame=825
2026.10.01-06.50.40 SHOT panel id=hud.side bbox=(1421,0,1920,121) geom=painted visible=1 frame=825
2026.10.01-06.50.40 SHOT panel id=hud.hand bbox=(643,985,1278,1080) geom=painted visible=1 frame=825
2026.10.01-06.50.40 SHOT late end file=s09-pending-TARGET_FIGHTER.png frame=825
2026.10.01-06.50.40 PERF window t=25.1-30.1 frames=105 fps=20.70 frameMs avg=48.31 p50=33.33 p95=283.73 p99=302.95 max=316.82 hitches50=6 gpuMs avg=2.47 p50=2.49 p95=2.68 gameMs avg=15.06 p95=22.02 renderMs avg=3.51 p95=4.40
2026.10.01-06.50.40 PEND-RESOLVE sent type=TARGET_FIGHTER stage=0 id=ability-medusa-target-p0
2026.10.01-06.50.40 S09AUTO pending picked (type=TARGET_FIGHTER stage=0)
2026.10.01-06.50.40 HUD plate content fighter=f-1-hero name=King Arthur hp=13/18 team=enemy statuses=HERO  |  MELEE teamSlot=P2 look=P2 shape=hexagon chip=#5786A8
2026.10.01-06.50.40 PLATE fighter=f-1-hero bbox=(1013,848,1185,902) overlapReachable=0 placement=below ring=0 gap=6 selection=f-1-hero destinations=0 clean=1 softPx2=0 tested=114 bound=1
2026.10.01-06.50.40 TAG fighter=f-0-hero bbox=(932,654,1034,676) mode=compact look=P1 placement=above ring=0 hardPx2=0 softPx2=0 order=4 bound=1
2026.10.01-06.50.40 TAG fighter=f-0-sk0 bbox=(509,496,593,518) mode=compact look=P1 placement=above ring=0 hardPx2=0 softPx2=0 order=1 bound=1
2026.10.01-06.50.40 TAG fighter=f-0-sk1 bbox=(396,458,480,480) mode=compact look=P1 placement=above ring=0 hardPx2=0 softPx2=0 order=0 bound=1
2026.10.01-06.50.40 TAG fighter=f-0-sk2 bbox=(308,584,392,606) mode=compact look=P1 placement=left ring=0 hardPx2=0 softPx2=0 order=3 bound=1
2026.10.01-06.50.40 TAG fighter=f-1-sk0 bbox=(1130,510,1214,532) mode=compact look=P2 placement=above ring=0 hardPx2=0 softPx2=0 order=2 bound=1
2026.10.01-06.50.40 SNAPSHOT applied seq=14 phase=ACTION_MANEUVER
2026.10.01-06.50.40 HANDLE_APPLIED #20 seq=14 decision=2 fightersValid=1 boardValid=1
2026.10.01-06.50.40 closed mode=
2026.10.01-06.50.40 MODE seq=14 mode=0 combat=0 pending=0
2026.10.01-06.50.40 HUD seq=14 phase=ACTION_MANEUVER turn=you hand=3 oppHand=3(hidden) oppDeck=24 deck=24 discard=3
2026.10.01-06.50.40 ARTPREVIEW fighter=Medusa hero=1 eligible=0 visual=1 mesh=SK_Medusa_H2LD
2026.10.01-06.50.40 FIGHTERS synced n=6 alive=6 own=4 enemy=2
2026.10.01-06.50.40 ARTPREVIEW damage-number fighter=f-1-hero amount=1 seq=14 cell=(5,5)
2026.10.01-06.50.40 ARTPREVIEW anim fighter=f-1-hero clip=HitReact len=0.417 event=damaged loop=0 phase=0.0000 seq=14 asset=AM_KingArthur_HitReact
2026.10.01-06.50.40 CUE damage f-1-hero -1 seq=14
2026.10.01-06.50.40 PEND resolve done seq=14 (apply) phase=ACTION_MANEUVER
2026.10.01-06.50.40 SNAPSHOT applied seq=14 phase=ACTION_MANEUVER
2026.10.01-06.50.40 HANDLE_APPLIED #21 seq=14 decision=1 fightersValid=1 boardValid=1
2026.10.01-06.50.40 MODE seq=14 mode=0 combat=0 pending=0
2026.10.01-06.50.40 HUD seq=14 phase=ACTION_MANEUVER turn=you hand=3 oppHand=3(hidden) oppDeck=24 deck=24 discard=3
2026.10.01-06.50.40 ARTPREVIEW fighter=Medusa hero=1 eligible=0 visual=1 mesh=SK_Medusa_H2LD
2026.10.01-06.50.40 FIGHTERS synced n=6 alive=6 own=4 enemy=2
2026.10.01-06.50.40 WS seq=14 phase=ACTION_MANEUVER (merge)
2026.10.01-06.50.40 S09AUTO drive mode=0 plan=[attack+defend+ownresult] phase=ACTION_MANEUVER turn=cmuhntivg0000wib0anhqyswc
2026.10.01-06.50.40 S09AUTO attack (attacker=f-0-hero target-set card-set)
2026.10.01-06.50.40 ATTACK sent
2026.10.01-06.50.40 ARTPREVIEW combat marker fighter=Medusa attacker=1 target=0 icon=0 targetMesh=SM_Marker_TargetRing iconMode=screen targetArcScaleXY=0.920
2026.10.01-06.50.40 ARTPREVIEW combat marker fighter=King Arthur attacker=0 target=1 icon=1 targetMesh=SM_Marker_TargetRing iconMode=screen targetArcScaleXY=0.920
2026.10.01-06.50.40 PLATE hidden fighter=f-1-hero
2026.10.01-06.50.40 TAG fighter=f-0-hero bbox=(932,654,1034,676) mode=compact look=P1 placement=above ring=0 hardPx2=0 softPx2=0 order=5 bound=1
2026.10.01-06.50.40 TAG fighter=f-0-sk0 bbox=(509,496,593,518) mode=compact look=P1 placement=above ring=0 hardPx2=0 softPx2=0 order=2 bound=1
2026.10.01-06.50.40 TAG fighter=f-0-sk1 bbox=(396,458,480,480) mode=compact look=P1 placement=above ring=0 hardPx2=0 softPx2=0 order=1 bound=1
2026.10.01-06.50.40 TAG fighter=f-0-sk2 bbox=(308,584,392,606) mode=compact look=P1 placement=left ring=0 hardPx2=0 softPx2=0 order=4 bound=1
2026.10.01-06.50.40 TAG fighter=f-1-hero bbox=(1055,707,1157,729) mode=compact look=P2 placement=above ring=0 hardPx2=0 softPx2=0 order=0 bound=1
2026.10.01-06.50.40 TAG fighter=f-1-sk0 bbox=(1130,510,1214,532) mode=compact look=P2 placement=above ring=0 hardPx2=0 softPx2=0 order=3 bound=1
2026.10.01-06.50.40 ICON fighter=f-1-hero bbox=(1151,754,1183,786) size=32 src=combat anchor=right fallback=0 overlapPx2=0 texture=/Game/ArtTests/ARTMarkers/Textures/T_UI_Action_AttackToken_32
2026.10.01-06.50.40 DAMAGE fighter=f-1-hero bbox=(1159,704,1199,732) amount=1 seq=14 placement=right ring=0 hardPx2=0 softPx2=0
2026.10.01-06.50.40 TAG fighter=f-0-hero bbox=(932,654,1034,676) mode=compact look=P1 placement=above ring=0 hardPx2=0 softPx2=0 order=5 bound=1
2026.10.01-06.50.40 TAG fighter=f-0-sk0 bbox=(509,496,593,518) mode=compact look=P1 placement=above ring=0 hardPx2=0 softPx2=0 order=2 bound=1
2026.10.01-06.50.40 TAG fighter=f-0-sk1 bbox=(396,458,480,480) mode=compact look=P1 placement=above ring=0 hardPx2=0 softPx2=0 order=1 bound=1
2026.10.01-06.50.40 TAG fighter=f-0-sk2 bbox=(308,584,392,606) mode=compact look=P1 placement=left ring=0 hardPx2=0 softPx2=0 order=4 bound=1
2026.10.01-06.50.40 TAG fighter=f-1-hero bbox=(1055,707,1157,729) mode=compact look=P2 placement=above ring=0 hardPx2=0 softPx2=0 order=0 bound=1
2026.10.01-06.50.40 TAG fighter=f-1-sk0 bbox=(1130,510,1214,532) mode=compact look=P2 placement=above ring=0 hardPx2=0 softPx2=0 order=3 bound=1
2026.10.01-06.50.40 ICON fighter=f-1-hero bbox=(1151,754,1183,786) size=32 src=combat anchor=right fallback=0 overlapPx2=0 texture=/Game/ArtTests/ARTMarkers/Textures/T_UI_Action_AttackToken_32
2026.10.01-06.50.40 SNAPSHOT applied seq=15 phase=COMBAT
2026.10.01-06.50.40 HANDLE_APPLIED #22 seq=15 decision=2 fightersValid=1 boardValid=1
2026.10.01-06.50.40 closed mode=
2026.10.01-06.50.40 MODE seq=15 mode=0 combat=1 pending=0
2026.10.01-06.50.40 HUD seq=15 phase=COMBAT turn=you hand=2 oppHand=3(hidden) oppDeck=24 deck=24 discard=4
2026.10.01-06.50.40 ARTPREVIEW fighter=Medusa hero=1 eligible=0 visual=1 mesh=SK_Medusa_H2LD
2026.10.01-06.50.40 FIGHTERS synced n=6 alive=6 own=4 enemy=2
2026.10.01-06.50.40 ATTACK done seq=15 (apply) phase=COMBAT
2026.10.01-06.50.40 SNAPSHOT applied seq=15 phase=COMBAT
2026.10.01-06.50.40 HANDLE_APPLIED #23 seq=15 decision=1 fightersValid=1 boardValid=1
2026.10.01-06.50.40 MODE seq=15 mode=0 combat=1 pending=0
2026.10.01-06.50.40 HUD seq=15 phase=COMBAT turn=you hand=2 oppHand=3(hidden) oppDeck=24 deck=24 discard=4
2026.10.01-06.50.40 ARTPREVIEW fighter=Medusa hero=1 eligible=0 visual=1 mesh=SK_Medusa_H2LD
2026.10.01-06.50.40 FIGHTERS synced n=6 alive=6 own=4 enemy=2
2026.10.01-06.50.40 WS seq=15 phase=COMBAT (merge)
2026.10.01-06.50.40 TAG fighter=f-0-hero bbox=(932,654,1034,676) mode=compact look=P1 placement=above ring=0 hardPx2=0 softPx2=0 order=5 bound=1
2026.10.01-06.50.40 TAG fighter=f-0-sk0 bbox=(509,496,593,518) mode=compact look=P1 placement=above ring=0 hardPx2=0 softPx2=0 order=2 bound=1
2026.10.01-06.50.40 TAG fighter=f-0-sk1 bbox=(396,458,480,480) mode=compact look=P1 placement=above ring=0 hardPx2=0 softPx2=0 order=1 bound=1
2026.10.01-06.50.40 TAG fighter=f-0-sk2 bbox=(308,584,392,606) mode=compact look=P1 placement=left ring=0 hardPx2=0 softPx2=0 order=4 bound=1
2026.10.01-06.50.40 TAG fighter=f-1-hero bbox=(1055,707,1157,729) mode=compact look=P2 placement=above ring=0 hardPx2=0 softPx2=0 order=0 bound=1
2026.10.01-06.50.40 TAG fighter=f-1-sk0 bbox=(1130,510,1214,532) mode=compact look=P2 placement=above ring=0 hardPx2=0 softPx2=0 order=3 bound=1
2026.10.01-06.50.40 ICON fighter=f-1-hero bbox=(1151,754,1183,786) size=32 src=combat anchor=right fallback=0 overlapPx2=0 texture=/Game/ArtTests/ARTMarkers/Textures/T_UI_Action_AttackToken_32
2026.10.01-06.50.41 game -> room=cmup6cvy300ozwi9o9iiyl6ot code=<redacted> status=IN_PROGRESS
2026.10.01-06.50.41 ARTPREVIEW anim fighter=f-1-hero clip=Idle len=2.500 event=clipFinished loop=1 phase=0.3470 seq=-1 asset=AM_KingArthur_Idle
2026.10.01-06.50.41 TAG fighter=f-0-hero bbox=(932,654,1034,676) mode=compact look=P1 placement=above ring=0 hardPx2=0 softPx2=0 order=5 bound=1
2026.10.01-06.50.41 TAG fighter=f-0-sk0 bbox=(509,496,593,518) mode=compact look=P1 placement=above ring=0 hardPx2=0 softPx2=0 order=2 bound=1
2026.10.01-06.50.41 TAG fighter=f-0-sk1 bbox=(396,458,480,480) mode=compact look=P1 placement=above ring=0 hardPx2=0 softPx2=0 order=1 bound=1
2026.10.01-06.50.41 TAG fighter=f-0-sk2 bbox=(308,584,392,606) mode=compact look=P1 placement=left ring=0 hardPx2=0 softPx2=0 order=4 bound=1
2026.10.01-06.50.41 TAG fighter=f-1-hero bbox=(1055,707,1157,729) mode=compact look=P2 placement=above ring=0 hardPx2=0 softPx2=0 order=0 bound=1
2026.10.01-06.50.41 TAG fighter=f-1-sk0 bbox=(1130,510,1214,532) mode=compact look=P2 placement=above ring=0 hardPx2=0 softPx2=0 order=3 bound=1
2026.10.01-06.50.41 ICON fighter=f-1-hero bbox=(1151,754,1183,786) size=32 src=combat anchor=right fallback=0 overlapPx2=0 texture=/Game/ArtTests/ARTMarkers/Textures/T_UI_Action_AttackToken_32
2026.10.01-06.50.41 SNAPSHOT applied seq=16 phase=COMBAT_RESOLVE
2026.10.01-06.50.41 HANDLE_APPLIED #24 seq=16 decision=2 fightersValid=1 boardValid=1
2026.10.01-06.50.41 ARTPREVIEW anim fighter=f-0-hero clip=LungeAttack len=0.583 event=attack loop=0 phase=0.0000 seq=16 asset=AM_Medusa_LungeAttack
2026.10.01-06.50.41 closed mode=
2026.10.01-06.50.41 MODE seq=16 mode=5 combat=1 pending=0
2026.10.01-06.50.41 HUD seq=16 phase=COMBAT_RESOLVE turn=you hand=2 oppHand=2(hidden) oppDeck=24~ deck=24~ discard=4
2026.10.01-06.50.41 ARTPREVIEW fighter=Medusa hero=1 eligible=0 visual=1 mesh=SK_Medusa_H2LD
2026.10.01-06.50.41 FIGHTERS synced n=6 alive=6 own=4 enemy=2
2026.10.01-06.50.41 WS seq=16 phase=COMBAT_RESOLVE (apply)
2026.10.01-06.50.41 S09AUTO drive mode=5 plan=[attack+defend+ownresult] phase=COMBAT_RESOLVE turn=cmuhntivg0000wib0anhqyswc
2026.10.01-06.50.41 TAG fighter=f-0-hero bbox=(932,654,1034,676) mode=compact look=P1 placement=above ring=0 hardPx2=0 softPx2=0 order=5 bound=1
2026.10.01-06.50.41 TAG fighter=f-0-sk0 bbox=(509,496,593,518) mode=compact look=P1 placement=above ring=0 hardPx2=0 softPx2=0 order=2 bound=1
2026.10.01-06.50.41 TAG fighter=f-0-sk1 bbox=(396,458,480,480) mode=compact look=P1 placement=above ring=0 hardPx2=0 softPx2=0 order=1 bound=1
2026.10.01-06.50.41 TAG fighter=f-0-sk2 bbox=(308,584,392,606) mode=compact look=P1 placement=left ring=0 hardPx2=0 softPx2=0 order=4 bound=1
2026.10.01-06.50.41 TAG fighter=f-1-hero bbox=(1055,707,1157,729) mode=compact look=P2 placement=above ring=0 hardPx2=0 softPx2=0 order=0 bound=1
2026.10.01-06.50.41 TAG fighter=f-1-sk0 bbox=(1130,510,1214,532) mode=compact look=P2 placement=above ring=0 hardPx2=0 softPx2=0 order=3 bound=1
2026.10.01-06.50.41 ICON fighter=f-1-hero bbox=(1151,754,1183,786) size=32 src=combat anchor=right fallback=0 overlapPx2=0 texture=/Game/ArtTests/ARTMarkers/Textures/T_UI_Action_AttackToken_32
2026.10.01-06.50.41 SNAPSHOT applied seq=17 phase=COMBAT_RESOLVE
2026.10.01-06.50.41 HANDLE_APPLIED #25 seq=17 decision=2 fightersValid=1 boardValid=1
2026.10.01-06.50.41 MODE seq=17 mode=5 combat=1 pending=1
2026.10.01-06.50.41 HUD seq=17 phase=COMBAT_RESOLVE turn=you hand=2 oppHand=2(hidden) oppDeck=24~ deck=24~ discard=4
2026.10.01-06.50.41 RESOLVE panel revealed: A2+B0 vs D4
2026.10.01-06.50.41 RESOLVE panel blocked by pending (type=MOVE id=cmuhgvgi800p4wi9greokvfle-after-0-p0)
2026.10.01-06.50.41 ARTPREVIEW fighter=Medusa hero=1 eligible=0 visual=1 mesh=SK_Medusa_H2LD
2026.10.01-06.50.41 FIGHTERS synced n=6 alive=6 own=4 enemy=2
2026.10.01-06.50.41 WS seq=17 phase=COMBAT_RESOLVE (apply)
2026.10.01-06.50.41 S09AUTO resolve-blocked shot (type=MOVE)
2026.10.01-06.50.41 SHOT ctx viewport=1920x1080 viewTarget=CameraActor_2147482298 cam=(0,1342,1917) rot=(-55,-90,0)
2026.10.01-06.50.41 RENDER tag=SHOT rhi=D3D12 featureLevel=SM6 shaderPlatform=PCD3D_SM6 lumenPlatform=1 gi=lumen giMethod=1 refl=lumen reflMethod=1 shadows=csm vsmEnable=0 sg.res=100 sg.view=2 sg.aa=2 sg.shadow=2 sg.gi=2 sg.refl=2 sg.pp=2 sg.tex=2 sg.fx=2 sg.foliage=2 sg.shading=2 sg.landscape=2 preset=High screenPct=100.0 screenPctMode=0 aa=TSR aaMethod=4 exposure=fixed-histogram expMin=4.14106 expMax=4.14106 expBias=0.000 ev100=2.05 lightUnits=candelas sky=1 skyIntensity=3.000 keyShadow=csm-3600uu-2c-contact0.000 shadowCasters=1 profile=sarpedon-night profilesSha256=c90dddd95a8a7a0b12294b1a6f47218d6e7a860f74b8c51660d4fdb00c320a8b profilesSource=pak legacyRender=0 gameLayer=unlit-eyeadaptinv tMaxFPS=30.0 vsync=0 frameRateLimit=60.0 substrate=0 nanite=1 meshDF=1 viewport=1920x1080 reference=1
2026.10.01-06.50.41 SHOT fighter f-0-hero pos=(4,4) world=(16,189,0) screen=(982,752) projected=1 alive=1
2026.10.01-06.50.41 SHOT fighter f-0-sk0 pos=(1,3) world=(-309,33,0) screen=(555,576) projected=1 alive=1
2026.10.01-06.50.41 SHOT fighter f-0-sk1 pos=(0,2) world=(-398,-3,0) screen=(442,537) projected=1 alive=1
2026.10.01-06.50.41 SHOT fighter f-0-sk2 pos=(0,3) world=(-394,92,0) screen=(435,640) projected=1 alive=1
2026.10.01-06.50.41 SHOT fighter f-1-hero pos=(5,5) world=(104,237,0) screen=(1103,808) projected=1 alive=1
2026.10.01-06.50.41 SHOT fighter f-1-sk0 pos=(6,3) world=(159,52,0) screen=(1169,596) projected=1 alive=1
2026.10.01-06.50.41 SHOT camera dist=2340.2 target=2340.2 overview=2340.2 errPct=0.000 focusErr=0.00 settled=1 zoom=1.00
2026.10.01-06.50.41 SHOT head fighter=f-0-hero socket=Head mesh=SK_Medusa_H2LD world=(16.6,189.3,47.1) screen=(983.0,717.8) top=(983.1,713.4) bottom=(983.0,722.2) headPx=8.8 projected=1
2026.10.01-06.50.41 SHOT head fighter=f-0-sk0 socket=Head mesh=SK_Harpy_H3LD world=(-309.1,27.9,34.0) screen=(550.2,544.5) top=(549.3,539.9) bottom=(551.0,549.0) headPx=9.3 projected=1
2026.10.01-06.50.41 SHOT head fighter=f-0-sk1 socket=Head mesh=SK_Harpy_H3LD world=(-398.6,2.3,34.3) screen=(434.8,516.5) top=(433.7,511.9) bottom=(435.9,521.1) headPx=9.4 projected=1
2026.10.01-06.50.41 SHOT head fighter=f-0-sk2 socket=Head mesh=SK_Harpy_H3LD world=(-393.6,86.7,34.0) screen=(430.4,609.3) top=(429.2,604.8) bottom=(431.5,613.8) headPx=9.3 projected=1
2026.10.01-06.50.41 SHOT head fighter=f-1-hero socket=Head mesh=SK_KingArthur_H2LD world=(103.3,235.8,50.1) screen=(1105.3,771.3) top=(1105.6,767.0) bottom=(1105.0,775.6) headPx=8.7 projected=1
2026.10.01-06.50.41 SHOT head fighter=f-1-sk0 socket=Head mesh=SK_Merlin_H2LD world=(159.2,48.7,36.5) screen=(1172.4,565.3) top=(1172.9,560.8) bottom=(1172.0,569.9) headPx=9.1 projected=1
2026.10.01-06.50.41 SHOT figure fighter=f-0-hero bbox=(943,678,1023,785) ringR=28.50 art=1 blockout=0 team=P1 look=P1 ring=1
2026.10.01-06.50.41 SHOT figure fighter=f-0-sk0 bbox=(516,520,586,600) ringR=22.23 art=1 blockout=0 team=P1 look=P1 ring=1
2026.10.01-06.50.41 SHOT figure fighter=f-0-sk1 bbox=(402,482,474,561) ringR=22.23 art=1 blockout=0 team=P1 look=P1 ring=1
2026.10.01-06.50.41 SHOT figure fighter=f-0-sk2 bbox=(394,584,467,665) ringR=22.23 art=1 blockout=0 team=P1 look=P1 ring=1
2026.10.01-06.50.41 SHOT figure fighter=f-1-hero bbox=(1063,731,1148,842) ringR=28.50 art=1 blockout=0 team=P2 look=P2 ring=1
2026.10.01-06.50.41 SHOT figure fighter=f-1-sk0 bbox=(1139,534,1204,620) ringR=22.23 art=1 blockout=0 team=P2 look=P2 ring=1
2026.10.01-06.50.41 SHOT request file=s09-resolve-blocked-MOVE.png frame=862
2026.10.01-06.50.41 SHOT requested: FScreenshotRequest(bShowUI) -> C:\Users\ren\AppData\Local\Temp\s09-combat-20261001-115008-24636\host/s09-resolve-blocked-MOVE.png
2026.10.01-06.50.42 SHOT captured file=s09-resolve-blocked-MOVE.png frame=862 px=1920x1080 sha256=398fab4a462d58d04ecf0311758f57dcbac9a5fa86056953a4bab37503b6423a order=BGRA saved=1
2026.10.01-06.50.42 SHOT late begin file=s09-resolve-blocked-MOVE.png frame=862 requestFrame=862
2026.10.01-06.50.42 SHOT icon fighter=f-1-hero bbox=(1151,754,1183,786) size=32 src=combat planned=(1151,754,1183,786) geom=painted visible=1 anchor=right fallback=0 overlapPx2=0 texture=/Game/ArtTests/ARTMarkers/Textures/T_UI_Action_AttackToken_32 frame=862
2026.10.01-06.50.42 SHOT widget id=icon impl=umg state=combat fighter=f-1-hero bbox=(1151,754,1183,786) geom=painted visible=1 twin=0 source=/Game/S08/UI/ArtHud/WBP_S08ArtIcon frame=862
2026.10.01-06.50.42 SHOT widget id=board.tag impl=umg state=compact fighter=f-0-hero bbox=(932,654,1034,676) geom=painted visible=1 twin=0 source=/Game/S08/UI/ArtHud/WBP_S08ArtTag mode=compact look=P1 shape=circle placement=above ring=0 order=5 bound=1 softPx2=0 planned=(932,654,1034,676) frame=862
2026.10.01-06.50.42 SHOT widget id=board.tag.hp impl=umg state=compact fighter=f-0-hero bbox=(988,656,1030,674) geom=painted visible=1 twin=0 source=/Game/S08/UI/ArtHud/WBP_S08ArtTag mode=compact look=P1 shape=circle placement=above ring=0 order=5 bound=1 softPx2=0 planned=(932,654,1034,676) frame=862 font=11
2026.10.01-06.50.42 SHOT widget id=board.tag.bar impl=umg state=compact fighter=f-0-hero bbox=(951,663,985,668) geom=painted visible=1 twin=0 source=/Game/S08/UI/ArtHud/WBP_S08ArtTag mode=compact look=P1 shape=circle placement=above ring=0 order=5 bound=1 softPx2=0 planned=(932,654,1034,676) frame=862
2026.10.01-06.50.42 SHOT widget id=board.tag.chip impl=umg state=compact fighter=f-0-hero bbox=(936,659,948,671) geom=painted visible=1 twin=0 source=/Game/S08/UI/ArtHud/WBP_S08ArtTag mode=compact look=P1 shape=circle placement=above ring=0 order=5 bound=1 softPx2=0 planned=(932,654,1034,676) frame=862
2026.10.01-06.50.42 SHOT widget id=board.tag impl=umg state=compact fighter=f-0-sk0 bbox=(509,496,593,518) geom=painted visible=1 twin=0 source=/Game/S08/UI/ArtHud/WBP_S08ArtTag mode=compact look=P1 shape=circle placement=above ring=0 order=2 bound=1 softPx2=0 planned=(509,496,593,518) frame=862
2026.10.01-06.50.42 SHOT widget id=board.tag.hp impl=umg state=compact fighter=f-0-sk0 bbox=(565,498,589,516) geom=painted visible=1 twin=0 source=/Game/S08/UI/ArtHud/WBP_S08ArtTag mode=compact look=P1 shape=circle placement=above ring=0 order=2 bound=1 softPx2=0 planned=(509,496,593,518) frame=862 font=11
2026.10.01-06.50.42 SHOT widget id=board.tag.bar impl=umg state=compact fighter=f-0-sk0 bbox=(528,505,562,510) geom=painted visible=1 twin=0 source=/Game/S08/UI/ArtHud/WBP_S08ArtTag mode=compact look=P1 shape=circle placement=above ring=0 order=2 bound=1 softPx2=0 planned=(509,496,593,518) frame=862
2026.10.01-06.50.42 SHOT widget id=board.tag.chip impl=umg state=compact fighter=f-0-sk0 bbox=(513,501,525,513) geom=painted visible=1 twin=0 source=/Game/S08/UI/ArtHud/WBP_S08ArtTag mode=compact look=P1 shape=circle placement=above ring=0 order=2 bound=1 softPx2=0 planned=(509,496,593,518) frame=862
2026.10.01-06.50.42 SHOT widget id=board.tag impl=umg state=compact fighter=f-0-sk1 bbox=(396,458,480,480) geom=painted visible=1 twin=0 source=/Game/S08/UI/ArtHud/WBP_S08ArtTag mode=compact look=P1 shape=circle placement=above ring=0 order=1 bound=1 softPx2=0 planned=(396,458,480,480) frame=862
2026.10.01-06.50.42 SHOT widget id=board.tag.hp impl=umg state=compact fighter=f-0-sk1 bbox=(452,460,476,478) geom=painted visible=1 twin=0 source=/Game/S08/UI/ArtHud/WBP_S08ArtTag mode=compact look=P1 shape=circle placement=above ring=0 order=1 bound=1 softPx2=0 planned=(396,458,480,480) frame=862 font=11
2026.10.01-06.50.42 SHOT widget id=board.tag.bar impl=umg state=compact fighter=f-0-sk1 bbox=(415,467,449,472) geom=painted visible=1 twin=0 source=/Game/S08/UI/ArtHud/WBP_S08ArtTag mode=compact look=P1 shape=circle placement=above ring=0 order=1 bound=1 softPx2=0 planned=(396,458,480,480) frame=862
2026.10.01-06.50.42 SHOT widget id=board.tag.chip impl=umg state=compact fighter=f-0-sk1 bbox=(400,463,412,475) geom=painted visible=1 twin=0 source=/Game/S08/UI/ArtHud/WBP_S08ArtTag mode=compact look=P1 shape=circle placement=above ring=0 order=1 bound=1 softPx2=0 planned=(396,458,480,480) frame=862
2026.10.01-06.50.42 SHOT widget id=board.tag impl=umg state=compact fighter=f-0-sk2 bbox=(308,584,392,606) geom=painted visible=1 twin=0 source=/Game/S08/UI/ArtHud/WBP_S08ArtTag mode=compact look=P1 shape=circle placement=left ring=0 order=4 bound=1 softPx2=0 planned=(308,584,392,606) frame=862
2026.10.01-06.50.42 SHOT widget id=board.tag.hp impl=umg state=compact fighter=f-0-sk2 bbox=(364,586,388,604) geom=painted visible=1 twin=0 source=/Game/S08/UI/ArtHud/WBP_S08ArtTag mode=compact look=P1 shape=circle placement=left ring=0 order=4 bound=1 softPx2=0 planned=(308,584,392,606) frame=862 font=11
2026.10.01-06.50.42 SHOT widget id=board.tag.bar impl=umg state=compact fighter=f-0-sk2 bbox=(327,593,361,598) geom=painted visible=1 twin=0 source=/Game/S08/UI/ArtHud/WBP_S08ArtTag mode=compact look=P1 shape=circle placement=left ring=0 order=4 bound=1 softPx2=0 planned=(308,584,392,606) frame=862
2026.10.01-06.50.42 SHOT widget id=board.tag.chip impl=umg state=compact fighter=f-0-sk2 bbox=(312,589,324,601) geom=painted visible=1 twin=0 source=/Game/S08/UI/ArtHud/WBP_S08ArtTag mode=compact look=P1 shape=circle placement=left ring=0 order=4 bound=1 softPx2=0 planned=(308,584,392,606) frame=862
2026.10.01-06.50.42 SHOT widget id=board.tag impl=umg state=compact fighter=f-1-hero bbox=(1055,707,1157,729) geom=painted visible=1 twin=0 source=/Game/S08/UI/ArtHud/WBP_S08ArtTag mode=compact look=P2 shape=hex placement=above ring=0 order=0 bound=1 softPx2=0 planned=(1055,707,1157,729) frame=862
2026.10.01-06.50.42 SHOT widget id=board.tag.hp impl=umg state=compact fighter=f-1-hero bbox=(1111,709,1153,727) geom=painted visible=1 twin=0 source=/Game/S08/UI/ArtHud/WBP_S08ArtTag mode=compact look=P2 shape=hex placement=above ring=0 order=0 bound=1 softPx2=0 planned=(1055,707,1157,729) frame=862 font=11
2026.10.01-06.50.42 SHOT widget id=board.tag.bar impl=umg state=compact fighter=f-1-hero bbox=(1074,716,1108,721) geom=painted visible=1 twin=0 source=/Game/S08/UI/ArtHud/WBP_S08ArtTag mode=compact look=P2 shape=hex placement=above ring=0 order=0 bound=1 softPx2=0 planned=(1055,707,1157,729) frame=862
2026.10.01-06.50.42 SHOT widget id=board.tag.chip impl=umg state=compact fighter=f-1-hero bbox=(1059,712,1071,724) geom=painted visible=1 twin=0 source=/Game/S08/UI/ArtHud/WBP_S08ArtTag mode=compact look=P2 shape=hex placement=above ring=0 order=0 bound=1 softPx2=0 planned=(1055,707,1157,729) frame=862
2026.10.01-06.50.42 SHOT widget id=board.tag impl=umg state=compact fighter=f-1-sk0 bbox=(1130,510,1214,532) geom=painted visible=1 twin=0 source=/Game/S08/UI/ArtHud/WBP_S08ArtTag mode=compact look=P2 shape=hex placement=above ring=0 order=3 bound=1 softPx2=0 planned=(1130,510,1214,532) frame=862
2026.10.01-06.50.42 SHOT widget id=board.tag.hp impl=umg state=compact fighter=f-1-sk0 bbox=(1186,512,1210,530) geom=painted visible=1 twin=0 source=/Game/S08/UI/ArtHud/WBP_S08ArtTag mode=compact look=P2 shape=hex placement=above ring=0 order=3 bound=1 softPx2=0 planned=(1130,510,1214,532) frame=862 font=11
2026.10.01-06.50.42 SHOT widget id=board.tag.bar impl=umg state=compact fighter=f-1-sk0 bbox=(1149,519,1183,524) geom=painted visible=1 twin=0 source=/Game/S08/UI/ArtHud/WBP_S08ArtTag mode=compact look=P2 shape=hex placement=above ring=0 order=3 bound=1 softPx2=0 planned=(1130,510,1214,532) frame=862
2026.10.01-06.50.42 SHOT widget id=board.tag.chip impl=umg state=compact fighter=f-1-sk0 bbox=(1134,515,1146,527) geom=painted visible=1 twin=0 source=/Game/S08/UI/ArtHud/WBP_S08ArtTag mode=compact look=P2 shape=hex placement=above ring=0 order=3 bound=1 softPx2=0 planned=(1130,510,1214,532) frame=862
2026.10.01-06.50.42 SHOT panel id=hud.command bbox=(0,0,615,278) geom=painted visible=1 frame=862
2026.10.01-06.50.42 SHOT panel id=hud.side bbox=(1432,0,1920,121) geom=painted visible=1 frame=862
2026.10.01-06.50.42 SHOT panel id=hud.hand bbox=(669,985,1252,1080) geom=painted visible=1 frame=862
2026.10.01-06.50.42 SHOT late end file=s09-resolve-blocked-MOVE.png frame=862
2026.10.01-06.50.42 TAG fighter=f-0-hero bbox=(932,654,1034,676) mode=compact look=P1 placement=above ring=0 hardPx2=0 softPx2=0 order=5 bound=1
2026.10.01-06.50.42 TAG fighter=f-0-sk0 bbox=(509,496,593,518) mode=compact look=P1 placement=above ring=0 hardPx2=0 softPx2=0 order=2 bound=1
2026.10.01-06.50.42 TAG fighter=f-0-sk1 bbox=(396,458,480,480) mode=compact look=P1 placement=above ring=0 hardPx2=0 softPx2=0 order=1 bound=1
2026.10.01-06.50.42 TAG fighter=f-0-sk2 bbox=(308,584,392,606) mode=compact look=P1 placement=left ring=0 hardPx2=0 softPx2=0 order=4 bound=1
2026.10.01-06.50.42 TAG fighter=f-1-hero bbox=(1055,707,1157,729) mode=compact look=P2 placement=above ring=0 hardPx2=0 softPx2=0 order=0 bound=1
2026.10.01-06.50.42 TAG fighter=f-1-sk0 bbox=(1130,510,1214,532) mode=compact look=P2 placement=above ring=0 hardPx2=0 softPx2=0 order=3 bound=1
2026.10.01-06.50.42 ICON fighter=f-1-hero bbox=(1151,754,1183,786) size=32 src=combat anchor=right fallback=0 overlapPx2=0 texture=/Game/ArtTests/ARTMarkers/Textures/T_UI_Action_AttackToken_32
2026.10.01-06.50.42 SNAPSHOT applied seq=18 phase=ACTION_MANEUVER
2026.10.01-06.50.42 HANDLE_APPLIED #26 seq=18 decision=2 fightersValid=1 boardValid=1
2026.10.01-06.50.42 COMBAT-RESULT seq=18 damage=0 role=attacked
2026.10.01-06.50.42 ARTPREVIEW combat marker fighter=Medusa attacker=0 target=0 icon=0 targetMesh=SM_Marker_TargetRing iconMode=screen targetArcScaleXY=0.920
2026.10.01-06.50.42 ARTPREVIEW combat marker fighter=King Arthur attacker=0 target=0 icon=0 targetMesh=SM_Marker_TargetRing iconMode=screen targetArcScaleXY=0.920
2026.10.01-06.50.42 RESOLVE panel revealed: A2+B0 vs D4
2026.10.01-06.50.42 closed mode=
2026.10.01-06.50.42 MODE seq=18 mode=0 combat=0 pending=0
2026.10.01-06.50.42 HUD seq=18 phase=ACTION_MANEUVER turn=you hand=2 oppHand=2(hidden) oppDeck=24~ deck=24~ discard=4
2026.10.01-06.50.42 ARTPREVIEW fighter=Medusa hero=1 eligible=0 visual=1 mesh=SK_Medusa_H2LD
2026.10.01-06.50.42 FIGHTERS synced n=6 alive=6 own=4 enemy=2
2026.10.01-06.50.42 WS seq=18 phase=ACTION_MANEUVER (apply)
2026.10.01-06.50.42 S09AUTO drive mode=0 plan=[attack+defend+ownresult] phase=ACTION_MANEUVER turn=cmuhntivg0000wib0anhqyswc
2026.10.01-06.50.42 S09AUTO attack (attacker=f-0-hero target-set card-set)
2026.10.01-06.50.42 ATTACK sent
2026.10.01-06.50.42 ARTPREVIEW combat marker fighter=Medusa attacker=1 target=0 icon=0 targetMesh=SM_Marker_TargetRing iconMode=screen targetArcScaleXY=0.920
2026.10.01-06.50.42 ARTPREVIEW combat marker fighter=King Arthur attacker=0 target=1 icon=1 targetMesh=SM_Marker_TargetRing iconMode=screen targetArcScaleXY=0.920
2026.10.01-06.50.42 TAG fighter=f-0-hero bbox=(932,654,1034,676) mode=compact look=P1 placement=above ring=0 hardPx2=0 softPx2=0 order=5 bound=1
2026.10.01-06.50.42 TAG fighter=f-0-sk0 bbox=(509,496,593,518) mode=compact look=P1 placement=above ring=0 hardPx2=0 softPx2=0 order=2 bound=1
2026.10.01-06.50.42 TAG fighter=f-0-sk1 bbox=(396,458,480,480) mode=compact look=P1 placement=above ring=0 hardPx2=0 softPx2=0 order=1 bound=1
2026.10.01-06.50.42 TAG fighter=f-0-sk2 bbox=(308,584,392,606) mode=compact look=P1 placement=left ring=0 hardPx2=0 softPx2=0 order=4 bound=1
2026.10.01-06.50.42 TAG fighter=f-1-hero bbox=(1055,707,1157,729) mode=compact look=P2 placement=above ring=0 hardPx2=0 softPx2=0 order=0 bound=1
2026.10.01-06.50.42 TAG fighter=f-1-sk0 bbox=(1130,510,1214,532) mode=compact look=P2 placement=above ring=0 hardPx2=0 softPx2=0 order=3 bound=1
2026.10.01-06.50.42 ICON fighter=f-1-hero bbox=(1151,754,1183,786) size=32 src=combat anchor=right fallback=0 overlapPx2=0 texture=/Game/ArtTests/ARTMarkers/Textures/T_UI_Action_AttackToken_32
2026.10.01-06.50.42 ARTPREVIEW anim fighter=f-0-hero clip=Idle len=2.333 event=clipFinished loop=1 phase=0.8071 seq=-1 asset=AM_Medusa_Idle
2026.10.01-06.50.42 SNAPSHOT applied seq=19 phase=COMBAT
2026.10.01-06.50.42 HANDLE_APPLIED #27 seq=19 decision=2 fightersValid=1 boardValid=1
2026.10.01-06.50.42 closed mode=
2026.10.01-06.50.42 MODE seq=19 mode=0 combat=1 pending=0
2026.10.01-06.50.42 HUD seq=19 phase=COMBAT turn=you hand=1 oppHand=2(hidden) oppDeck=24 deck=24 discard=5
2026.10.01-06.50.42 ARTPREVIEW fighter=Medusa hero=1 eligible=0 visual=1 mesh=SK_Medusa_H2LD
2026.10.01-06.50.42 FIGHTERS synced n=6 alive=6 own=4 enemy=2
2026.10.01-06.50.42 ATTACK done seq=19 (apply) phase=COMBAT
2026.10.01-06.50.42 SNAPSHOT applied seq=19 phase=COMBAT
2026.10.01-06.50.42 HANDLE_APPLIED #28 seq=19 decision=1 fightersValid=1 boardValid=1
2026.10.01-06.50.42 MODE seq=19 mode=0 combat=1 pending=0
2026.10.01-06.50.42 HUD seq=19 phase=COMBAT turn=you hand=1 oppHand=2(hidden) oppDeck=24 deck=24 discard=5
2026.10.01-06.50.42 ARTPREVIEW fighter=Medusa hero=1 eligible=0 visual=1 mesh=SK_Medusa_H2LD
2026.10.01-06.50.42 FIGHTERS synced n=6 alive=6 own=4 enemy=2
2026.10.01-06.50.42 WS seq=19 phase=COMBAT (merge)
2026.10.01-06.50.42 TAG fighter=f-0-hero bbox=(932,654,1034,676) mode=compact look=P1 placement=above ring=0 hardPx2=0 softPx2=0 order=5 bound=1
2026.10.01-06.50.42 TAG fighter=f-0-sk0 bbox=(509,496,593,518) mode=compact look=P1 placement=above ring=0 hardPx2=0 softPx2=0 order=2 bound=1
2026.10.01-06.50.42 TAG fighter=f-0-sk1 bbox=(396,458,480,480) mode=compact look=P1 placement=above ring=0 hardPx2=0 softPx2=0 order=1 bound=1
2026.10.01-06.50.42 TAG fighter=f-0-sk2 bbox=(308,584,392,606) mode=compact look=P1 placement=left ring=0 hardPx2=0 softPx2=0 order=4 bound=1
2026.10.01-06.50.42 TAG fighter=f-1-hero bbox=(1055,707,1157,729) mode=compact look=P2 placement=above ring=0 hardPx2=0 softPx2=0 order=0 bound=1
2026.10.01-06.50.42 TAG fighter=f-1-sk0 bbox=(1130,510,1214,532) mode=compact look=P2 placement=above ring=0 hardPx2=0 softPx2=0 order=3 bound=1
2026.10.01-06.50.42 ICON fighter=f-1-hero bbox=(1151,754,1183,786) size=32 src=combat anchor=right fallback=0 overlapPx2=0 texture=/Game/ArtTests/ARTMarkers/Textures/T_UI_Action_AttackToken_32
2026.10.01-06.50.42 SNAPSHOT applied seq=20 phase=ACTION_MANEUVER
2026.10.01-06.50.42 HANDLE_APPLIED #29 seq=20 decision=2 fightersValid=1 boardValid=1
2026.10.01-06.50.42 ARTPREVIEW anim fighter=f-0-hero clip=LungeAttack len=0.583 event=attack loop=0 phase=0.0000 seq=20 asset=AM_Medusa_LungeAttack
2026.10.01-06.50.42 COMBAT-RESULT seq=20 damage=3 role=attacked
2026.10.01-06.50.42 ARTPREVIEW combat marker fighter=Medusa attacker=0 target=0 icon=0 targetMesh=SM_Marker_TargetRing iconMode=screen targetArcScaleXY=0.920
2026.10.01-06.50.42 ARTPREVIEW combat marker fighter=King Arthur attacker=0 target=0 icon=0 targetMesh=SM_Marker_TargetRing iconMode=screen targetArcScaleXY=0.920
2026.10.01-06.50.42 MODE seq=20 mode=0 combat=0 pending=0
2026.10.01-06.50.42 HUD seq=20 phase=ACTION_MANEUVER turn=opp hand=2 oppHand=2(hidden) oppDeck=24~ deck=24~ discard=5
2026.10.01-06.50.42 ARTPREVIEW fighter=Medusa hero=1 eligible=0 visual=1 mesh=SK_Medusa_H2LD
2026.10.01-06.50.42 FIGHTERS synced n=6 alive=6 own=4 enemy=2
2026.10.01-06.50.42 ARTPREVIEW damage-number fighter=f-1-hero amount=3 seq=20 cell=(5,5)
2026.10.01-06.50.42 ARTPREVIEW anim fighter=f-1-hero clip=HitReact len=0.417 event=damaged loop=0 phase=0.0000 seq=20 asset=AM_KingArthur_HitReact
2026.10.01-06.50.42 CUE damage f-1-hero -3 seq=20
2026.10.01-06.50.42 WS seq=20 phase=ACTION_MANEUVER (apply)
2026.10.01-06.50.42 TAG fighter=f-0-hero bbox=(932,654,1034,676) mode=compact look=P1 placement=above ring=0 hardPx2=0 softPx2=0 order=5 bound=1
2026.10.01-06.50.42 TAG fighter=f-0-sk0 bbox=(509,496,593,518) mode=compact look=P1 placement=above ring=0 hardPx2=0 softPx2=0 order=2 bound=1
2026.10.01-06.50.42 TAG fighter=f-0-sk1 bbox=(396,458,480,480) mode=compact look=P1 placement=above ring=0 hardPx2=0 softPx2=0 order=1 bound=1
2026.10.01-06.50.42 TAG fighter=f-0-sk2 bbox=(308,584,392,606) mode=compact look=P1 placement=left ring=0 hardPx2=0 softPx2=0 order=4 bound=1
2026.10.01-06.50.42 TAG fighter=f-1-hero bbox=(1059,707,1152,729) mode=compact look=P2 placement=above ring=0 hardPx2=0 softPx2=0 order=0 bound=1
2026.10.01-06.50.42 TAG fighter=f-1-sk0 bbox=(1130,510,1214,532) mode=compact look=P2 placement=above ring=0 hardPx2=0 softPx2=0 order=3 bound=1
2026.10.01-06.50.42 HUD icon hidden fighter=f-1-hero
2026.10.01-06.50.42 DAMAGE fighter=f-1-hero bbox=(1154,704,1194,732) amount=3 seq=20 placement=right ring=0 hardPx2=0 softPx2=0
2026.10.01-06.50.42 TAG fighter=f-0-hero bbox=(932,654,1034,676) mode=compact look=P1 placement=above ring=0 hardPx2=0 softPx2=0 order=5 bound=1
2026.10.01-06.50.42 TAG fighter=f-0-sk0 bbox=(509,496,593,518) mode=compact look=P1 placement=above ring=0 hardPx2=0 softPx2=0 order=2 bound=1
2026.10.01-06.50.42 TAG fighter=f-0-sk1 bbox=(396,458,480,480) mode=compact look=P1 placement=above ring=0 hardPx2=0 softPx2=0 order=1 bound=1
2026.10.01-06.50.42 TAG fighter=f-0-sk2 bbox=(308,584,392,606) mode=compact look=P1 placement=left ring=0 hardPx2=0 softPx2=0 order=4 bound=1
2026.10.01-06.50.42 TAG fighter=f-1-hero bbox=(1059,707,1152,729) mode=compact look=P2 placement=above ring=0 hardPx2=0 softPx2=0 order=0 bound=1
2026.10.01-06.50.42 TAG fighter=f-1-sk0 bbox=(1130,510,1214,532) mode=compact look=P2 placement=above ring=0 hardPx2=0 softPx2=0 order=3 bound=1
2026.10.01-06.50.42 SNAPSHOT applied seq=21 phase=ACTION_MANEUVER
2026.10.01-06.50.42 HANDLE_APPLIED #30 seq=21 decision=2 fightersValid=1 boardValid=1
2026.10.01-06.50.42 MODE seq=21 mode=0 combat=0 pending=0
2026.10.01-06.50.42 HUD seq=21 phase=ACTION_MANEUVER turn=opp hand=2 oppHand=3(hidden) oppDeck=24~ deck=24~ discard=5
2026.10.01-06.50.42 ARTPREVIEW fighter=Medusa hero=1 eligible=0 visual=1 mesh=SK_Medusa_H2LD
2026.10.01-06.50.42 FIGHTERS synced n=6 alive=6 own=4 enemy=2
2026.10.01-06.50.42 WS seq=21 phase=ACTION_MANEUVER (apply)
2026.10.01-06.50.42 TAG fighter=f-0-hero bbox=(932,654,1034,676) mode=compact look=P1 placement=above ring=0 hardPx2=0 softPx2=0 order=5 bound=1
2026.10.01-06.50.42 TAG fighter=f-0-sk0 bbox=(509,496,593,518) mode=compact look=P1 placement=above ring=0 hardPx2=0 softPx2=0 order=2 bound=1
2026.10.01-06.50.42 TAG fighter=f-0-sk1 bbox=(396,458,480,480) mode=compact look=P1 placement=above ring=0 hardPx2=0 softPx2=0 order=1 bound=1
2026.10.01-06.50.42 TAG fighter=f-0-sk2 bbox=(308,584,392,606) mode=compact look=P1 placement=left ring=0 hardPx2=0 softPx2=0 order=4 bound=1
2026.10.01-06.50.42 TAG fighter=f-1-hero bbox=(1059,707,1152,729) mode=compact look=P2 placement=above ring=0 hardPx2=0 softPx2=0 order=0 bound=1
2026.10.01-06.50.42 TAG fighter=f-1-sk0 bbox=(1130,510,1214,532) mode=compact look=P2 placement=above ring=0 hardPx2=0 softPx2=0 order=3 bound=1
2026.10.01-06.50.42 SNAPSHOT applied seq=22 phase=ACTION_MANEUVER
2026.10.01-06.50.42 HANDLE_APPLIED #31 seq=22 decision=2 fightersValid=1 boardValid=1
2026.10.01-06.50.42 MODE seq=22 mode=0 combat=0 pending=0
2026.10.01-06.50.42 HUD seq=22 phase=ACTION_MANEUVER turn=opp hand=2 oppHand=3(hidden) oppDeck=24~ deck=24~ discard=5
2026.10.01-06.50.42 ARTPREVIEW fighter=Medusa hero=1 eligible=0 visual=1 mesh=SK_Medusa_H2LD
2026.10.01-06.50.42 FIGHTERS synced n=6 alive=6 own=4 enemy=2
2026.10.01-06.50.42 WS seq=22 phase=ACTION_MANEUVER (apply)
2026.10.01-06.50.42 ARTPREVIEW anim fighter=f-1-hero clip=Idle len=2.500 event=clipFinished loop=1 phase=0.3470 seq=-1 asset=AM_KingArthur_Idle
2026.10.01-06.50.43 ARTPREVIEW anim fighter=f-0-hero clip=Idle len=2.333 event=clipFinished loop=1 phase=0.8071 seq=-1 asset=AM_Medusa_Idle
2026.10.01-06.50.43 TAG fighter=f-0-hero bbox=(932,654,1034,676) mode=compact look=P1 placement=above ring=0 hardPx2=0 softPx2=0 order=4 bound=1
2026.10.01-06.50.43 TAG fighter=f-0-sk0 bbox=(509,496,593,518) mode=compact look=P1 placement=above ring=0 hardPx2=0 softPx2=0 order=1 bound=1
2026.10.01-06.50.43 TAG fighter=f-0-sk1 bbox=(396,458,480,480) mode=compact look=P1 placement=above ring=0 hardPx2=0 softPx2=0 order=0 bound=1
2026.10.01-06.50.43 TAG fighter=f-0-sk2 bbox=(308,584,392,606) mode=compact look=P1 placement=left ring=0 hardPx2=0 softPx2=0 order=3 bound=1
2026.10.01-06.50.43 TAG fighter=f-1-hero bbox=(1059,707,1152,729) mode=compact look=P2 placement=above ring=0 hardPx2=0 softPx2=0 order=5 bound=1
2026.10.01-06.50.43 TAG fighter=f-1-sk0 bbox=(1130,510,1214,532) mode=compact look=P2 placement=above ring=0 hardPx2=0 softPx2=0 order=2 bound=1
2026.10.01-06.50.43 SNAPSHOT applied seq=23 phase=ACTION_MANEUVER
2026.10.01-06.50.43 HANDLE_APPLIED #32 seq=23 decision=2 fightersValid=1 boardValid=1
2026.10.01-06.50.43 MODE seq=23 mode=0 combat=0 pending=0
2026.10.01-06.50.43 HUD seq=23 phase=ACTION_MANEUVER turn=opp hand=2 oppHand=4(hidden) oppDeck=24~ deck=24~ discard=5
2026.10.01-06.50.43 ARTPREVIEW fighter=Medusa hero=1 eligible=0 visual=1 mesh=SK_Medusa_H2LD
2026.10.01-06.50.43 FIGHTERS synced n=6 alive=6 own=4 enemy=2
2026.10.01-06.50.44 WS seq=23 phase=ACTION_MANEUVER (apply)
2026.10.01-06.50.44 game -> room=cmup6cvy300ozwi9o9iiyl6ot code=<redacted> status=IN_PROGRESS
2026.10.01-06.50.44 SNAPSHOT applied seq=24 phase=ACTION_MANEUVER
2026.10.01-06.50.44 HANDLE_APPLIED #33 seq=24 decision=2 fightersValid=1 boardValid=1
2026.10.01-06.50.44 closed mode=
2026.10.01-06.50.44 MODE seq=24 mode=6 combat=0 pending=1
2026.10.01-06.50.44 HUD seq=24 phase=ACTION_MANEUVER turn=you hand=2 oppHand=4(hidden) oppDeck=24~ deck=24~ discard=5
2026.10.01-06.50.44 ARTPREVIEW fighter=Medusa hero=1 eligible=0 visual=1 mesh=SK_Medusa_H2LD
2026.10.01-06.50.44 FIGHTERS synced n=6 alive=6 own=4 enemy=2
2026.10.01-06.50.44 WS seq=24 phase=ACTION_MANEUVER (apply)
2026.10.01-06.50.44 S09AUTO drive mode=6 plan=[attack+defend+ownresult] phase=ACTION_MANEUVER turn=cmuhntivg0000wib0anhqyswc
2026.10.01-06.50.44 S09AUTO own turn #2 (turnCount=5)
2026.10.01-06.50.44 PEND-RESOLVE sent type=TARGET_FIGHTER stage=0 id=ability-medusa-target-p0
2026.10.01-06.50.44 S09AUTO pending picked (type=TARGET_FIGHTER stage=0)
2026.10.01-06.50.44 HUD plate content fighter=f-1-hero name=King Arthur hp=9/18 team=enemy statuses=HERO  |  MELEE teamSlot=P2 look=P2 shape=hexagon chip=#5786A8
2026.10.01-06.50.44 PLATE fighter=f-1-hero bbox=(1013,848,1185,902) overlapReachable=0 placement=below ring=0 gap=6 selection=f-1-hero destinations=0 clean=1 softPx2=0 tested=114 bound=1
2026.10.01-06.50.44 TAG fighter=f-0-hero bbox=(932,654,1034,676) mode=compact look=P1 placement=above ring=0 hardPx2=0 softPx2=0 order=4 bound=1
2026.10.01-06.50.44 TAG fighter=f-0-sk0 bbox=(509,496,593,518) mode=compact look=P1 placement=above ring=0 hardPx2=0 softPx2=0 order=1 bound=1
2026.10.01-06.50.44 TAG fighter=f-0-sk1 bbox=(396,458,480,480) mode=compact look=P1 placement=above ring=0 hardPx2=0 softPx2=0 order=0 bound=1
2026.10.01-06.50.44 TAG fighter=f-0-sk2 bbox=(308,584,392,606) mode=compact look=P1 placement=left ring=0 hardPx2=0 softPx2=0 order=3 bound=1
2026.10.01-06.50.44 TAG fighter=f-1-sk0 bbox=(1130,510,1214,532) mode=compact look=P2 placement=above ring=0 hardPx2=0 softPx2=0 order=2 bound=1
2026.10.01-06.50.44 TAG fighter=f-0-hero bbox=(932,654,1034,676) mode=compact look=P1 placement=above ring=0 hardPx2=0 softPx2=0 order=4 bound=1
2026.10.01-06.50.44 TAG fighter=f-0-sk0 bbox=(509,496,593,518) mode=compact look=P1 placement=above ring=0 hardPx2=0 softPx2=0 order=1 bound=1
2026.10.01-06.50.44 TAG fighter=f-0-sk1 bbox=(396,458,480,480) mode=compact look=P1 placement=above ring=0 hardPx2=0 softPx2=0 order=0 bound=1
2026.10.01-06.50.44 TAG fighter=f-0-sk2 bbox=(308,584,392,606) mode=compact look=P1 placement=left ring=0 hardPx2=0 softPx2=0 order=3 bound=1
2026.10.01-06.50.44 TAG fighter=f-1-sk0 bbox=(1130,510,1214,532) mode=compact look=P2 placement=above ring=0 hardPx2=0 softPx2=0 order=2 bound=1
2026.10.01-06.50.44 SNAPSHOT applied seq=25 phase=ACTION_MANEUVER
2026.10.01-06.50.44 HANDLE_APPLIED #34 seq=25 decision=2 fightersValid=1 boardValid=1
2026.10.01-06.50.44 closed mode=
2026.10.01-06.50.44 MODE seq=25 mode=0 combat=0 pending=0
2026.10.01-06.50.44 HUD seq=25 phase=ACTION_MANEUVER turn=you hand=2 oppHand=4(hidden) oppDeck=24~ deck=24~ discard=5
2026.10.01-06.50.44 ARTPREVIEW fighter=Medusa hero=1 eligible=0 visual=1 mesh=SK_Medusa_H2LD
2026.10.01-06.50.44 FIGHTERS synced n=6 alive=6 own=4 enemy=2
2026.10.01-06.50.44 ARTPREVIEW damage-number fighter=f-1-hero amount=1 seq=25 cell=(5,5)
2026.10.01-06.50.44 ARTPREVIEW anim fighter=f-1-hero clip=HitReact len=0.417 event=damaged loop=0 phase=0.0000 seq=25 asset=AM_KingArthur_HitReact
2026.10.01-06.50.44 CUE damage f-1-hero -1 seq=25
2026.10.01-06.50.44 WS seq=25 phase=ACTION_MANEUVER (apply)
2026.10.01-06.50.44 PLATE hidden fighter=f-1-hero
2026.10.01-06.50.44 TAG fighter=f-0-hero bbox=(932,654,1034,676) mode=compact look=P1 placement=above ring=0 hardPx2=0 softPx2=0 order=5 bound=1
2026.10.01-06.50.44 TAG fighter=f-0-sk0 bbox=(509,496,593,518) mode=compact look=P1 placement=above ring=0 hardPx2=0 softPx2=0 order=2 bound=1
2026.10.01-06.50.44 TAG fighter=f-0-sk1 bbox=(396,458,480,480) mode=compact look=P1 placement=above ring=0 hardPx2=0 softPx2=0 order=1 bound=1
2026.10.01-06.50.44 TAG fighter=f-0-sk2 bbox=(308,584,392,606) mode=compact look=P1 placement=left ring=0 hardPx2=0 softPx2=0 order=4 bound=1
2026.10.01-06.50.44 TAG fighter=f-1-hero bbox=(1059,707,1152,729) mode=compact look=P2 placement=above ring=0 hardPx2=0 softPx2=0 order=0 bound=1
2026.10.01-06.50.44 TAG fighter=f-1-sk0 bbox=(1130,510,1214,532) mode=compact look=P2 placement=above ring=0 hardPx2=0 softPx2=0 order=3 bound=1
2026.10.01-06.50.44 DAMAGE fighter=f-1-hero bbox=(1154,704,1194,732) amount=1 seq=25 placement=right ring=0 hardPx2=0 softPx2=0
2026.10.01-06.50.44 SNAPSHOT applied seq=25 phase=ACTION_MANEUVER
2026.10.01-06.50.44 HANDLE_APPLIED #35 seq=25 decision=1 fightersValid=1 boardValid=1
2026.10.01-06.50.44 MODE seq=25 mode=0 combat=0 pending=0
2026.10.01-06.50.44 HUD seq=25 phase=ACTION_MANEUVER turn=you hand=2 oppHand=4(hidden) oppDeck=22 deck=23 discard=5
2026.10.01-06.50.44 ARTPREVIEW fighter=Medusa hero=1 eligible=0 visual=1 mesh=SK_Medusa_H2LD
2026.10.01-06.50.44 FIGHTERS synced n=6 alive=6 own=4 enemy=2
2026.10.01-06.50.44 PEND resolve done seq=25 (merge) phase=ACTION_MANEUVER
2026.10.01-06.50.44 S09AUTO drive mode=0 plan=[attack+defend+ownresult] phase=ACTION_MANEUVER turn=cmuhntivg0000wib0anhqyswc
2026.10.01-06.50.44 TAG fighter=f-0-hero bbox=(932,654,1034,676) mode=compact look=P1 placement=above ring=0 hardPx2=0 softPx2=0 order=5 bound=1
2026.10.01-06.50.44 TAG fighter=f-0-sk0 bbox=(509,496,593,518) mode=compact look=P1 placement=above ring=0 hardPx2=0 softPx2=0 order=2 bound=1
2026.10.01-06.50.44 TAG fighter=f-0-sk1 bbox=(396,458,480,480) mode=compact look=P1 placement=above ring=0 hardPx2=0 softPx2=0 order=1 bound=1
2026.10.01-06.50.44 TAG fighter=f-0-sk2 bbox=(308,584,392,606) mode=compact look=P1 placement=left ring=0 hardPx2=0 softPx2=0 order=4 bound=1
2026.10.01-06.50.44 TAG fighter=f-1-hero bbox=(1059,707,1152,729) mode=compact look=P2 placement=above ring=0 hardPx2=0 softPx2=0 order=0 bound=1
2026.10.01-06.50.44 TAG fighter=f-1-sk0 bbox=(1130,510,1214,532) mode=compact look=P2 placement=above ring=0 hardPx2=0 softPx2=0 order=3 bound=1
2026.10.01-06.50.44 SNAPSHOT applied seq=26 phase=ACTION_MANEUVER
2026.10.01-06.50.44 HANDLE_APPLIED #36 seq=26 decision=2 fightersValid=1 boardValid=1
2026.10.01-06.50.44 MANEUVER-DRAFT mode=maneuver:5:25
2026.10.01-06.50.44 DRAFT-OPEN draw committed (resume instead of begin)
2026.10.01-06.50.44 MODE seq=26 mode=1 combat=0 pending=0
2026.10.01-06.50.44 HUD seq=26 phase=ACTION_MANEUVER turn=you hand=3 oppHand=4(hidden) oppDeck=22 deck=22 discard=5
2026.10.01-06.50.44 ARTPREVIEW fighter=Medusa hero=1 eligible=0 visual=1 mesh=SK_Medusa_H2LD
2026.10.01-06.50.44 FIGHTERS synced n=6 alive=6 own=4 enemy=2
2026.10.01-06.50.44 MANEUVER begin seq=26 (apply) pending=maneuver:5:25
2026.10.01-06.50.44 SNAPSHOT applied seq=26 phase=ACTION_MANEUVER
2026.10.01-06.50.44 HANDLE_APPLIED #37 seq=26 decision=1 fightersValid=1 boardValid=1
2026.10.01-06.50.44 MODE seq=26 mode=1 combat=0 pending=0
2026.10.01-06.50.44 HUD seq=26 phase=ACTION_MANEUVER turn=you hand=3 oppHand=4(hidden) oppDeck=22 deck=22 discard=5
2026.10.01-06.50.44 ARTPREVIEW fighter=Medusa hero=1 eligible=0 visual=1 mesh=SK_Medusa_H2LD
2026.10.01-06.50.44 FIGHTERS synced n=6 alive=6 own=4 enemy=2
2026.10.01-06.50.44 WS seq=26 phase=ACTION_MANEUVER (merge)
2026.10.01-06.50.44 S09AUTO drive mode=1 plan=[attack+defend+ownresult] phase=ACTION_MANEUVER turn=cmuhntivg0000wib0anhqyswc
2026.10.01-06.50.44 S09AUTO approach: no improving legal step
2026.10.01-06.50.44 S09AUTO multi-fighter moves=1
2026.10.01-06.50.44 MANEUVER-CONFIRM moves=1 boost=none
2026.10.01-06.50.44 HUD plate content fighter=f-0-sk0 name=Harpies 1 hp=1/1 team=own statuses=SIDEKICK  |  MELEE teamSlot=P1 look=P1 shape=circle chip=#DAC576
2026.10.01-06.50.44 PLATE fighter=f-0-sk0 bbox=(784,268,956,322) overlapReachable=0 placement=right ring=24 gap=280 selection=f-0-sk0 destinations=15 clean=1 softPx2=0 tested=4950 bound=1
2026.10.01-06.50.44 TAG fighter=f-0-hero bbox=(932,654,1034,676) mode=compact look=P1 placement=above ring=0 hardPx2=0 softPx2=0 order=4 bound=1
2026.10.01-06.50.44 TAG fighter=f-0-sk1 bbox=(396,458,480,480) mode=compact look=P1 placement=above ring=0 hardPx2=0 softPx2=0 order=1 bound=1
2026.10.01-06.50.44 TAG fighter=f-0-sk2 bbox=(308,584,392,606) mode=compact look=P1 placement=left ring=0 hardPx2=0 softPx2=0 order=3 bound=1
2026.10.01-06.50.44 TAG fighter=f-1-hero bbox=(1059,707,1152,729) mode=compact look=P2 placement=above ring=0 hardPx2=0 softPx2=0 order=0 bound=1
2026.10.01-06.50.44 TAG fighter=f-1-sk0 bbox=(1130,510,1214,532) mode=compact look=P2 placement=above ring=0 hardPx2=0 softPx2=0 order=2 bound=1
2026.10.01-06.50.44 TAG fighter=f-0-hero bbox=(932,654,1034,676) mode=compact look=P1 placement=above ring=0 hardPx2=0 softPx2=0 order=4 bound=1
2026.10.01-06.50.44 TAG fighter=f-0-sk1 bbox=(396,458,480,480) mode=compact look=P1 placement=above ring=0 hardPx2=0 softPx2=0 order=1 bound=1
2026.10.01-06.50.44 TAG fighter=f-0-sk2 bbox=(308,584,392,606) mode=compact look=P1 placement=left ring=0 hardPx2=0 softPx2=0 order=3 bound=1
2026.10.01-06.50.44 TAG fighter=f-1-hero bbox=(1059,707,1152,729) mode=compact look=P2 placement=above ring=0 hardPx2=0 softPx2=0 order=0 bound=1
2026.10.01-06.50.44 TAG fighter=f-1-sk0 bbox=(1130,510,1214,532) mode=compact look=P2 placement=above ring=0 hardPx2=0 softPx2=0 order=2 bound=1
2026.10.01-06.50.44 SNAPSHOT applied seq=27 phase=ACTION_MANEUVER
2026.10.01-06.50.44 HANDLE_APPLIED #38 seq=27 decision=2 fightersValid=1 boardValid=1
2026.10.01-06.50.44 closed mode=
2026.10.01-06.50.44 MODE seq=27 mode=0 combat=0 pending=0
2026.10.01-06.50.44 HUD seq=27 phase=ACTION_MANEUVER turn=you hand=3 oppHand=4(hidden) oppDeck=22~ deck=22~ discard=5
2026.10.01-06.50.44 ARTPREVIEW fighter=Medusa hero=1 eligible=0 visual=1 mesh=SK_Medusa_H2LD
2026.10.01-06.50.44 ARTPREVIEW heroesV2 fighter=f-0-sk0 mesh=/Game/PipelineCandidates/Harpy/H3LD/Meshes/SK_Harpy_H3LD mi=/Game/PipelineCandidates/Harpy/H3LD/Materials/MI_Harpy_H3LD_P1 yaw=90.0 scale=1.0000 name=Harpies hero=0 look=P1 base=/Game/PipelineCandidates/Harpy/H3LD/Meshes/SM_Harpy_H3LD_Base baseMi=/Game/PipelineCandidates/Harpy/H3LD/Materials/MI_Harpy_H3LD_Base_P1 skeleton=/Game/PipelineCandidates/Harpy/Rig/SK_Harpy_Skeleton.SK_Harpy_Skeleton clips=4/4 boundsTop=42.00 figureTop=42.00 budget=42.0
2026.10.01-06.50.44 FIGHTERS synced n=6 alive=6 own=4 enemy=2
2026.10.01-06.50.44 CUE move f-0-sk0 (1,3)->(2,2) seq=27
2026.10.01-06.50.44 WS seq=27 phase=ACTION_MANEUVER (apply)
2026.10.01-06.50.44 PLATE hidden fighter=f-0-sk0
2026.10.01-06.50.44 TAG fighter=f-0-hero bbox=(932,654,1034,676) mode=compact look=P1 placement=above ring=0 hardPx2=0 softPx2=0 order=5 bound=1
2026.10.01-06.50.44 TAG fighter=f-0-sk0 bbox=(633,447,717,469) mode=compact look=P1 placement=above ring=0 hardPx2=0 softPx2=0 order=1 bound=1
2026.10.01-06.50.44 TAG fighter=f-0-sk1 bbox=(396,458,480,480) mode=compact look=P1 placement=above ring=0 hardPx2=0 softPx2=0 order=2 bound=1
2026.10.01-06.50.44 TAG fighter=f-0-sk2 bbox=(469,584,553,606) mode=compact look=P1 placement=right ring=0 hardPx2=0 softPx2=0 order=4 bound=1
2026.10.01-06.50.44 TAG fighter=f-1-hero bbox=(1059,707,1152,729) mode=compact look=P2 placement=above ring=0 hardPx2=0 softPx2=0 order=0 bound=1
2026.10.01-06.50.44 TAG fighter=f-1-sk0 bbox=(1130,510,1214,532) mode=compact look=P2 placement=above ring=0 hardPx2=0 softPx2=0 order=3 bound=1
2026.10.01-06.50.44 SNAPSHOT applied seq=27 phase=ACTION_MANEUVER
2026.10.01-06.50.44 HANDLE_APPLIED #39 seq=27 decision=1 fightersValid=1 boardValid=1
2026.10.01-06.50.44 MODE seq=27 mode=0 combat=0 pending=0
2026.10.01-06.50.44 HUD seq=27 phase=ACTION_MANEUVER turn=you hand=3 oppHand=4(hidden) oppDeck=22 deck=22 discard=5
2026.10.01-06.50.44 ARTPREVIEW fighter=Medusa hero=1 eligible=0 visual=1 mesh=SK_Medusa_H2LD
2026.10.01-06.50.44 FIGHTERS synced n=6 alive=6 own=4 enemy=2
2026.10.01-06.50.44 MANEUVER done seq=27 (merge) fighters=6 boost=no
2026.10.01-06.50.44 TAG fighter=f-0-hero bbox=(932,654,1034,676) mode=compact look=P1 placement=above ring=0 hardPx2=0 softPx2=0 order=5 bound=1
2026.10.01-06.50.44 TAG fighter=f-0-sk0 bbox=(633,447,717,469) mode=compact look=P1 placement=above ring=0 hardPx2=0 softPx2=0 order=1 bound=1
2026.10.01-06.50.44 TAG fighter=f-0-sk1 bbox=(396,458,480,480) mode=compact look=P1 placement=above ring=0 hardPx2=0 softPx2=0 order=2 bound=1
2026.10.01-06.50.44 TAG fighter=f-0-sk2 bbox=(469,584,553,606) mode=compact look=P1 placement=right ring=0 hardPx2=0 softPx2=0 order=4 bound=1
2026.10.01-06.50.44 TAG fighter=f-1-hero bbox=(1059,707,1152,729) mode=compact look=P2 placement=above ring=0 hardPx2=0 softPx2=0 order=0 bound=1
2026.10.01-06.50.44 TAG fighter=f-1-sk0 bbox=(1130,510,1214,532) mode=compact look=P2 placement=above ring=0 hardPx2=0 softPx2=0 order=3 bound=1
2026.10.01-06.50.44 TAG fighter=f-0-hero bbox=(932,654,1034,676) mode=compact look=P1 placement=above ring=0 hardPx2=0 softPx2=0 order=5 bound=1
2026.10.01-06.50.44 TAG fighter=f-0-sk0 bbox=(633,447,717,469) mode=compact look=P1 placement=above ring=0 hardPx2=0 softPx2=0 order=1 bound=1
2026.10.01-06.50.44 TAG fighter=f-0-sk1 bbox=(396,458,480,480) mode=compact look=P1 placement=above ring=0 hardPx2=0 softPx2=0 order=2 bound=1
2026.10.01-06.50.44 TAG fighter=f-0-sk2 bbox=(469,584,553,606) mode=compact look=P1 placement=right ring=0 hardPx2=0 softPx2=0 order=4 bound=1
2026.10.01-06.50.44 TAG fighter=f-1-hero bbox=(1059,707,1152,729) mode=compact look=P2 placement=above ring=0 hardPx2=0 softPx2=0 order=0 bound=1
2026.10.01-06.50.44 TAG fighter=f-1-sk0 bbox=(1130,510,1214,532) mode=compact look=P2 placement=above ring=0 hardPx2=0 softPx2=0 order=3 bound=1
2026.10.01-06.50.44 ARTPREVIEW anim fighter=f-1-hero clip=Idle len=2.500 event=clipFinished loop=1 phase=0.3470 seq=-1 asset=AM_KingArthur_Idle
2026.10.01-06.50.45 TAG fighter=f-0-hero bbox=(932,654,1034,676) mode=compact look=P1 placement=above ring=0 hardPx2=0 softPx2=0 order=4 bound=1
2026.10.01-06.50.45 TAG fighter=f-0-sk0 bbox=(633,447,717,469) mode=compact look=P1 placement=above ring=0 hardPx2=0 softPx2=0 order=0 bound=1
2026.10.01-06.50.45 TAG fighter=f-0-sk1 bbox=(396,458,480,480) mode=compact look=P1 placement=above ring=0 hardPx2=0 softPx2=0 order=1 bound=1
2026.10.01-06.50.45 TAG fighter=f-0-sk2 bbox=(469,584,553,606) mode=compact look=P1 placement=right ring=0 hardPx2=0 softPx2=0 order=3 bound=1
2026.10.01-06.50.45 TAG fighter=f-1-hero bbox=(1059,707,1152,729) mode=compact look=P2 placement=above ring=0 hardPx2=0 softPx2=0 order=5 bound=1
2026.10.01-06.50.45 TAG fighter=f-1-sk0 bbox=(1130,510,1214,532) mode=compact look=P2 placement=above ring=0 hardPx2=0 softPx2=0 order=2 bound=1
2026.10.01-06.50.45 S09AUTO drive mode=0 plan=[attack+defend+ownresult] phase=ACTION_MANEUVER turn=cmuhntivg0000wib0anhqyswc
2026.10.01-06.50.45 S09AUTO attack (attacker=f-0-hero target-set card-set)
2026.10.01-06.50.45 ATTACK sent
2026.10.01-06.50.45 ARTPREVIEW combat marker fighter=Medusa attacker=1 target=0 icon=0 targetMesh=SM_Marker_TargetRing iconMode=screen targetArcScaleXY=0.920
2026.10.01-06.50.45 ARTPREVIEW combat marker fighter=King Arthur attacker=0 target=1 icon=1 targetMesh=SM_Marker_TargetRing iconMode=screen targetArcScaleXY=0.920
2026.10.01-06.50.45 TAG fighter=f-0-hero bbox=(932,654,1034,676) mode=compact look=P1 placement=above ring=0 hardPx2=0 softPx2=0 order=5 bound=1
2026.10.01-06.50.45 TAG fighter=f-0-sk0 bbox=(633,447,717,469) mode=compact look=P1 placement=above ring=0 hardPx2=0 softPx2=0 order=1 bound=1
2026.10.01-06.50.45 TAG fighter=f-0-sk1 bbox=(396,458,480,480) mode=compact look=P1 placement=above ring=0 hardPx2=0 softPx2=0 order=2 bound=1
2026.10.01-06.50.45 TAG fighter=f-0-sk2 bbox=(469,584,553,606) mode=compact look=P1 placement=right ring=0 hardPx2=0 softPx2=0 order=4 bound=1
2026.10.01-06.50.45 TAG fighter=f-1-hero bbox=(1059,707,1152,729) mode=compact look=P2 placement=above ring=0 hardPx2=0 softPx2=0 order=0 bound=1
2026.10.01-06.50.45 TAG fighter=f-1-sk0 bbox=(1130,510,1214,532) mode=compact look=P2 placement=above ring=0 hardPx2=0 softPx2=0 order=3 bound=1
2026.10.01-06.50.45 ICON fighter=f-1-hero bbox=(1151,754,1183,786) size=32 src=combat anchor=right fallback=0 overlapPx2=0 texture=/Game/ArtTests/ARTMarkers/Textures/T_UI_Action_AttackToken_32
2026.10.01-06.50.45 TAG fighter=f-0-hero bbox=(932,654,1034,676) mode=compact look=P1 placement=above ring=0 hardPx2=0 softPx2=0 order=5 bound=1
2026.10.01-06.50.45 TAG fighter=f-0-sk0 bbox=(633,447,717,469) mode=compact look=P1 placement=above ring=0 hardPx2=0 softPx2=0 order=1 bound=1
2026.10.01-06.50.45 TAG fighter=f-0-sk1 bbox=(396,458,480,480) mode=compact look=P1 placement=above ring=0 hardPx2=0 softPx2=0 order=2 bound=1
2026.10.01-06.50.45 TAG fighter=f-0-sk2 bbox=(469,584,553,606) mode=compact look=P1 placement=right ring=0 hardPx2=0 softPx2=0 order=4 bound=1
2026.10.01-06.50.45 TAG fighter=f-1-hero bbox=(1059,707,1152,729) mode=compact look=P2 placement=above ring=0 hardPx2=0 softPx2=0 order=0 bound=1
2026.10.01-06.50.45 TAG fighter=f-1-sk0 bbox=(1130,510,1214,532) mode=compact look=P2 placement=above ring=0 hardPx2=0 softPx2=0 order=3 bound=1
2026.10.01-06.50.45 ICON fighter=f-1-hero bbox=(1151,754,1183,786) size=32 src=combat anchor=right fallback=0 overlapPx2=0 texture=/Game/ArtTests/ARTMarkers/Textures/T_UI_Action_AttackToken_32
2026.10.01-06.50.45 SNAPSHOT applied seq=28 phase=COMBAT
2026.10.01-06.50.45 HANDLE_APPLIED #40 seq=28 decision=2 fightersValid=1 boardValid=1
2026.10.01-06.50.45 closed mode=
2026.10.01-06.50.45 MODE seq=28 mode=0 combat=1 pending=0
2026.10.01-06.50.45 HUD seq=28 phase=COMBAT turn=you hand=2 oppHand=4(hidden) oppDeck=22 deck=22 discard=6
2026.10.01-06.50.45 ARTPREVIEW fighter=Medusa hero=1 eligible=0 visual=1 mesh=SK_Medusa_H2LD
2026.10.01-06.50.45 FIGHTERS synced n=6 alive=6 own=4 enemy=2
2026.10.01-06.50.45 ATTACK done seq=28 (apply) phase=COMBAT
2026.10.01-06.50.45 SNAPSHOT applied seq=28 phase=COMBAT
2026.10.01-06.50.45 HANDLE_APPLIED #41 seq=28 decision=1 fightersValid=1 boardValid=1
2026.10.01-06.50.45 MODE seq=28 mode=0 combat=1 pending=0
2026.10.01-06.50.45 HUD seq=28 phase=COMBAT turn=you hand=2 oppHand=4(hidden) oppDeck=22 deck=22 discard=6
2026.10.01-06.50.45 ARTPREVIEW fighter=Medusa hero=1 eligible=0 visual=1 mesh=SK_Medusa_H2LD
2026.10.01-06.50.45 FIGHTERS synced n=6 alive=6 own=4 enemy=2
2026.10.01-06.50.45 WS seq=28 phase=COMBAT (merge)
2026.10.01-06.50.45 PERF window t=30.1-35.2 frames=143 fps=28.44 frameMs avg=35.16 p50=33.33 p95=33.33 p99=33.42 max=295.02 hitches50=1 gpuMs avg=2.40 p50=2.34 p95=2.60 gameMs avg=6.75 p95=14.84 renderMs avg=3.54 p95=4.36
2026.10.01-06.50.45 TAG fighter=f-0-hero bbox=(932,654,1034,676) mode=compact look=P1 placement=above ring=0 hardPx2=0 softPx2=0 order=5 bound=1
2026.10.01-06.50.45 TAG fighter=f-0-sk0 bbox=(633,447,717,469) mode=compact look=P1 placement=above ring=0 hardPx2=0 softPx2=0 order=1 bound=1
2026.10.01-06.50.45 TAG fighter=f-0-sk1 bbox=(396,458,480,480) mode=compact look=P1 placement=above ring=0 hardPx2=0 softPx2=0 order=2 bound=1
2026.10.01-06.50.45 TAG fighter=f-0-sk2 bbox=(469,584,553,606) mode=compact look=P1 placement=right ring=0 hardPx2=0 softPx2=0 order=4 bound=1
2026.10.01-06.50.45 TAG fighter=f-1-hero bbox=(1059,707,1152,729) mode=compact look=P2 placement=above ring=0 hardPx2=0 softPx2=0 order=0 bound=1
2026.10.01-06.50.45 TAG fighter=f-1-sk0 bbox=(1130,510,1214,532) mode=compact look=P2 placement=above ring=0 hardPx2=0 softPx2=0 order=3 bound=1
2026.10.01-06.50.45 ICON fighter=f-1-hero bbox=(1151,754,1183,786) size=32 src=combat anchor=right fallback=0 overlapPx2=0 texture=/Game/ArtTests/ARTMarkers/Textures/T_UI_Action_AttackToken_32
2026.10.01-06.50.45 SNAPSHOT applied seq=29 phase=COMBAT_RESOLVE
2026.10.01-06.50.45 HANDLE_APPLIED #42 seq=29 decision=2 fightersValid=1 boardValid=1
2026.10.01-06.50.45 ARTPREVIEW anim fighter=f-0-hero clip=LungeAttack len=0.583 event=attack loop=0 phase=0.0000 seq=29 asset=AM_Medusa_LungeAttack
2026.10.01-06.50.45 closed mode=
2026.10.01-06.50.45 MODE seq=29 mode=5 combat=1 pending=0
2026.10.01-06.50.45 HUD seq=29 phase=COMBAT_RESOLVE turn=you hand=2 oppHand=3(hidden) oppDeck=22~ deck=22~ discard=6
2026.10.01-06.50.45 ARTPREVIEW fighter=Medusa hero=1 eligible=0 visual=1 mesh=SK_Medusa_H2LD
2026.10.01-06.50.45 FIGHTERS synced n=6 alive=6 own=4 enemy=2
2026.10.01-06.50.45 WS seq=29 phase=COMBAT_RESOLVE (apply)
2026.10.01-06.50.45 S09AUTO drive mode=5 plan=[attack+defend+ownresult] phase=COMBAT_RESOLVE turn=cmuhntivg0000wib0anhqyswc
2026.10.01-06.50.45 TAG fighter=f-0-hero bbox=(932,654,1034,676) mode=compact look=P1 placement=above ring=0 hardPx2=0 softPx2=0 order=5 bound=1
2026.10.01-06.50.45 TAG fighter=f-0-sk0 bbox=(633,447,717,469) mode=compact look=P1 placement=above ring=0 hardPx2=0 softPx2=0 order=1 bound=1
2026.10.01-06.50.45 TAG fighter=f-0-sk1 bbox=(396,458,480,480) mode=compact look=P1 placement=above ring=0 hardPx2=0 softPx2=0 order=2 bound=1
2026.10.01-06.50.45 TAG fighter=f-0-sk2 bbox=(469,584,553,606) mode=compact look=P1 placement=right ring=0 hardPx2=0 softPx2=0 order=4 bound=1
2026.10.01-06.50.45 TAG fighter=f-1-hero bbox=(1059,707,1152,729) mode=compact look=P2 placement=above ring=0 hardPx2=0 softPx2=0 order=0 bound=1
2026.10.01-06.50.45 TAG fighter=f-1-sk0 bbox=(1130,510,1214,532) mode=compact look=P2 placement=above ring=0 hardPx2=0 softPx2=0 order=3 bound=1
2026.10.01-06.50.45 ICON fighter=f-1-hero bbox=(1151,754,1183,786) size=32 src=combat anchor=right fallback=0 overlapPx2=0 texture=/Game/ArtTests/ARTMarkers/Textures/T_UI_Action_AttackToken_32
2026.10.01-06.50.45 SNAPSHOT applied seq=30 phase=ACTION_MANEUVER
2026.10.01-06.50.45 HANDLE_APPLIED #43 seq=30 decision=2 fightersValid=1 boardValid=1
2026.10.01-06.50.45 COMBAT-RESULT seq=30 damage=2 role=attacked
2026.10.01-06.50.45 ARTPREVIEW combat marker fighter=Medusa attacker=0 target=0 icon=0 targetMesh=SM_Marker_TargetRing iconMode=screen targetArcScaleXY=0.920
2026.10.01-06.50.45 ARTPREVIEW combat marker fighter=King Arthur attacker=0 target=0 icon=0 targetMesh=SM_Marker_TargetRing iconMode=screen targetArcScaleXY=0.920
2026.10.01-06.50.45 closed mode=
2026.10.01-06.50.45 MODE seq=30 mode=0 combat=0 pending=0
2026.10.01-06.50.45 HUD seq=30 phase=ACTION_MANEUVER turn=opp hand=3 oppHand=4(hidden) oppDeck=22~ deck=22~ discard=6
2026.10.01-06.50.45 ARTPREVIEW fighter=Medusa hero=1 eligible=0 visual=1 mesh=SK_Medusa_H2LD
2026.10.01-06.50.45 FIGHTERS synced n=6 alive=6 own=4 enemy=2
2026.10.01-06.50.45 ARTPREVIEW damage-number fighter=f-1-hero amount=2 seq=30 cell=(5,5)
2026.10.01-06.50.45 ARTPREVIEW anim fighter=f-1-hero clip=HitReact len=0.417 event=damaged loop=0 phase=0.0000 seq=30 asset=AM_KingArthur_HitReact
2026.10.01-06.50.45 CUE damage f-1-hero -2 seq=30
2026.10.01-06.50.45 WS seq=30 phase=ACTION_MANEUVER (apply)
2026.10.01-06.50.45 S09AUTO drive mode=0 plan=[attack+defend+ownresult] phase=ACTION_MANEUVER turn=cmuhntiwu0001wib0z281rpa8
2026.10.01-06.50.45 TAG fighter=f-0-hero bbox=(932,654,1034,676) mode=compact look=P1 placement=above ring=0 hardPx2=0 softPx2=0 order=5 bound=1
2026.10.01-06.50.45 TAG fighter=f-0-sk0 bbox=(633,447,717,469) mode=compact look=P1 placement=above ring=0 hardPx2=0 softPx2=0 order=1 bound=1
2026.10.01-06.50.45 TAG fighter=f-0-sk1 bbox=(396,458,480,480) mode=compact look=P1 placement=above ring=0 hardPx2=0 softPx2=0 order=2 bound=1
2026.10.01-06.50.45 TAG fighter=f-0-sk2 bbox=(469,584,553,606) mode=compact look=P1 placement=right ring=0 hardPx2=0 softPx2=0 order=4 bound=1
2026.10.01-06.50.45 TAG fighter=f-1-hero bbox=(1059,707,1152,729) mode=compact look=P2 placement=above ring=0 hardPx2=0 softPx2=0 order=0 bound=1
2026.10.01-06.50.45 TAG fighter=f-1-sk0 bbox=(1130,510,1214,532) mode=compact look=P2 placement=above ring=0 hardPx2=0 softPx2=0 order=3 bound=1
2026.10.01-06.50.45 HUD icon hidden fighter=f-1-hero
2026.10.01-06.50.45 DAMAGE fighter=f-1-hero bbox=(1154,704,1194,732) amount=2 seq=30 placement=right ring=0 hardPx2=0 softPx2=0
2026.10.01-06.50.45 TAG fighter=f-0-hero bbox=(932,654,1034,676) mode=compact look=P1 placement=above ring=0 hardPx2=0 softPx2=0 order=5 bound=1
2026.10.01-06.50.45 TAG fighter=f-0-sk0 bbox=(633,447,717,469) mode=compact look=P1 placement=above ring=0 hardPx2=0 softPx2=0 order=1 bound=1
2026.10.01-06.50.45 TAG fighter=f-0-sk1 bbox=(396,458,480,480) mode=compact look=P1 placement=above ring=0 hardPx2=0 softPx2=0 order=2 bound=1
2026.10.01-06.50.45 TAG fighter=f-0-sk2 bbox=(469,584,553,606) mode=compact look=P1 placement=right ring=0 hardPx2=0 softPx2=0 order=4 bound=1
2026.10.01-06.50.45 TAG fighter=f-1-hero bbox=(1059,707,1152,729) mode=compact look=P2 placement=above ring=0 hardPx2=0 softPx2=0 order=0 bound=1
2026.10.01-06.50.45 TAG fighter=f-1-sk0 bbox=(1130,510,1214,532) mode=compact look=P2 placement=above ring=0 hardPx2=0 softPx2=0 order=3 bound=1
2026.10.01-06.50.46 SNAPSHOT applied seq=31 phase=ACTION_MANEUVER
2026.10.01-06.50.46 HANDLE_APPLIED #44 seq=31 decision=2 fightersValid=1 boardValid=1
2026.10.01-06.50.46 MODE seq=31 mode=0 combat=0 pending=0
2026.10.01-06.50.46 HUD seq=31 phase=ACTION_MANEUVER turn=opp hand=3 oppHand=5(hidden) oppDeck=22~ deck=22~ discard=6
2026.10.01-06.50.46 ARTPREVIEW fighter=Medusa hero=1 eligible=0 visual=1 mesh=SK_Medusa_H2LD
2026.10.01-06.50.46 FIGHTERS synced n=6 alive=6 own=4 enemy=2
2026.10.01-06.50.46 WS seq=31 phase=ACTION_MANEUVER (apply)
2026.10.01-06.50.46 TAG fighter=f-0-hero bbox=(932,654,1034,676) mode=compact look=P1 placement=above ring=0 hardPx2=0 softPx2=0 order=5 bound=1
2026.10.01-06.50.46 TAG fighter=f-0-sk0 bbox=(633,447,717,469) mode=compact look=P1 placement=above ring=0 hardPx2=0 softPx2=0 order=1 bound=1
2026.10.01-06.50.46 TAG fighter=f-0-sk1 bbox=(396,458,480,480) mode=compact look=P1 placement=above ring=0 hardPx2=0 softPx2=0 order=2 bound=1
2026.10.01-06.50.46 TAG fighter=f-0-sk2 bbox=(469,584,553,606) mode=compact look=P1 placement=right ring=0 hardPx2=0 softPx2=0 order=4 bound=1
2026.10.01-06.50.46 TAG fighter=f-1-hero bbox=(1059,707,1152,729) mode=compact look=P2 placement=above ring=0 hardPx2=0 softPx2=0 order=0 bound=1
2026.10.01-06.50.46 TAG fighter=f-1-sk0 bbox=(1130,510,1214,532) mode=compact look=P2 placement=above ring=0 hardPx2=0 softPx2=0 order=3 bound=1
2026.10.01-06.50.46 SNAPSHOT applied seq=32 phase=ACTION_MANEUVER
2026.10.01-06.50.46 HANDLE_APPLIED #45 seq=32 decision=2 fightersValid=1 boardValid=1
2026.10.01-06.50.46 MODE seq=32 mode=0 combat=0 pending=0
2026.10.01-06.50.46 HUD seq=32 phase=ACTION_MANEUVER turn=opp hand=3 oppHand=5(hidden) oppDeck=22~ deck=22~ discard=6
2026.10.01-06.50.46 ARTPREVIEW fighter=Medusa hero=1 eligible=0 visual=1 mesh=SK_Medusa_H2LD
2026.10.01-06.50.46 ARTPREVIEW heroesV2 fighter=f-1-sk0 mesh=/Game/PipelineCandidates/Merlin/H2LD/Meshes/SK_Merlin_H2LD mi=/Game/PipelineCandidates/Merlin/H2LD/Materials/MI_Merlin_H2LD_P2 yaw=90.0 scale=1.0003 name=Merlin hero=0 look=P2 base=/Game/PipelineCandidates/Merlin/H2LD/Meshes/SM_Merlin_H2LD_Base baseMi=/Game/PipelineCandidates/Merlin/H2LD/Materials/MI_Merlin_H2LD_Base_P2 skeleton=/Game/PipelineCandidates/Merlin/Rig/SK_Merlin_Skeleton.SK_Merlin_Skeleton clips=4/4 boundsTop=49.44 figureTop=45.00 budget=45.0
2026.10.01-06.50.46 FIGHTERS synced n=6 alive=6 own=4 enemy=2
2026.10.01-06.50.46 CUE move f-1-sk0 (6,3)->(6,2) seq=32
2026.10.01-06.50.46 WS seq=32 phase=ACTION_MANEUVER (apply)
2026.10.01-06.50.46 TAG fighter=f-0-hero bbox=(932,654,1034,676) mode=compact look=P1 placement=above ring=0 hardPx2=0 softPx2=0 order=5 bound=1
2026.10.01-06.50.46 TAG fighter=f-0-sk0 bbox=(633,447,717,469) mode=compact look=P1 placement=above ring=0 hardPx2=0 softPx2=0 order=2 bound=1
2026.10.01-06.50.46 TAG fighter=f-0-sk1 bbox=(396,458,480,480) mode=compact look=P1 placement=above ring=0 hardPx2=0 softPx2=0 order=3 bound=1
2026.10.01-06.50.46 TAG fighter=f-0-sk2 bbox=(469,584,553,606) mode=compact look=P1 placement=right ring=0 hardPx2=0 softPx2=0 order=4 bound=1
2026.10.01-06.50.46 TAG fighter=f-1-hero bbox=(1059,707,1152,729) mode=compact look=P2 placement=above ring=0 hardPx2=0 softPx2=0 order=0 bound=1
2026.10.01-06.50.46 TAG fighter=f-1-sk0 bbox=(1201,427,1285,449) mode=compact look=P2 placement=above ring=0 hardPx2=0 softPx2=0 order=1 bound=1
2026.10.01-06.50.46 ARTPREVIEW anim fighter=f-1-hero clip=Idle len=2.500 event=clipFinished loop=1 phase=0.3470 seq=-1 asset=AM_KingArthur_Idle
2026.10.01-06.50.46 ARTPREVIEW anim fighter=f-0-hero clip=Idle len=2.333 event=clipFinished loop=1 phase=0.8071 seq=-1 asset=AM_Medusa_Idle
2026.10.01-06.50.46 TAG fighter=f-0-hero bbox=(932,654,1034,676) mode=compact look=P1 placement=above ring=0 hardPx2=0 softPx2=0 order=4 bound=1
2026.10.01-06.50.46 TAG fighter=f-0-sk0 bbox=(633,447,717,469) mode=compact look=P1 placement=above ring=0 hardPx2=0 softPx2=0 order=1 bound=1
2026.10.01-06.50.46 TAG fighter=f-0-sk1 bbox=(396,458,480,480) mode=compact look=P1 placement=above ring=0 hardPx2=0 softPx2=0 order=2 bound=1
2026.10.01-06.50.46 TAG fighter=f-0-sk2 bbox=(469,584,553,606) mode=compact look=P1 placement=right ring=0 hardPx2=0 softPx2=0 order=3 bound=1
2026.10.01-06.50.46 TAG fighter=f-1-hero bbox=(1059,707,1152,729) mode=compact look=P2 placement=above ring=0 hardPx2=0 softPx2=0 order=5 bound=1
2026.10.01-06.50.46 TAG fighter=f-1-sk0 bbox=(1201,427,1285,449) mode=compact look=P2 placement=above ring=0 hardPx2=0 softPx2=0 order=0 bound=1
2026.10.01-06.50.47 game -> room=cmup6cvy300ozwi9o9iiyl6ot code=<redacted> status=IN_PROGRESS
2026.10.01-06.50.47 SNAPSHOT applied seq=33 phase=COMBAT
2026.10.01-06.50.47 HANDLE_APPLIED #46 seq=33 decision=2 fightersValid=1 boardValid=1
2026.10.01-06.50.47 closed mode=
2026.10.01-06.50.47 MODE seq=33 mode=4 combat=1 pending=0
2026.10.01-06.50.47 HUD seq=33 phase=COMBAT turn=opp hand=3 oppHand=4(hidden) oppDeck=22~ deck=22~ discard=6
2026.10.01-06.50.47 ARTPREVIEW combat marker fighter=Medusa attacker=0 target=1 icon=1 targetMesh=SM_Marker_TargetRing iconMode=screen targetArcScaleXY=0.920
2026.10.01-06.50.47 ARTPREVIEW combat marker fighter=Merlin attacker=1 target=0 icon=0 targetMesh=SM_Marker_TargetRing iconMode=screen targetArcScaleXY=0.718
2026.10.01-06.50.47 ARTPREVIEW fighter=Medusa hero=1 eligible=0 visual=1 mesh=SK_Medusa_H2LD
2026.10.01-06.50.47 FIGHTERS synced n=6 alive=6 own=4 enemy=2
2026.10.01-06.50.47 WS seq=33 phase=COMBAT (apply)
2026.10.01-06.50.47 S09AUTO drive mode=4 plan=[attack+defend+ownresult] phase=COMBAT turn=cmuhntiwu0001wib0z281rpa8
2026.10.01-06.50.47 S09AUTO no legal defense card - falling back to no-defense
2026.10.01-06.50.47 NO-DEFENSE sent (defender closes the window)
2026.10.01-06.50.47 TAG fighter=f-0-hero bbox=(932,654,1034,676) mode=compact look=P1 placement=above ring=0 hardPx2=0 softPx2=0 order=0 bound=1
2026.10.01-06.50.47 TAG fighter=f-0-sk0 bbox=(633,447,717,469) mode=compact look=P1 placement=above ring=0 hardPx2=0 softPx2=0 order=2 bound=1
2026.10.01-06.50.47 TAG fighter=f-0-sk1 bbox=(396,458,480,480) mode=compact look=P1 placement=above ring=0 hardPx2=0 softPx2=0 order=3 bound=1
2026.10.01-06.50.47 TAG fighter=f-0-sk2 bbox=(469,584,553,606) mode=compact look=P1 placement=right ring=0 hardPx2=0 softPx2=0 order=4 bound=1
2026.10.01-06.50.47 TAG fighter=f-1-hero bbox=(1150,731,1243,753) mode=compact look=P2 placement=right ring=0 hardPx2=0 softPx2=0 order=5 bound=1
2026.10.01-06.50.47 TAG fighter=f-1-sk0 bbox=(1201,427,1285,449) mode=compact look=P2 placement=above ring=0 hardPx2=0 softPx2=0 order=1 bound=1
2026.10.01-06.50.47 ICON fighter=f-0-hero bbox=(1026,700,1058,732) size=32 src=combat anchor=right fallback=0 overlapPx2=0 texture=/Game/ArtTests/ARTMarkers/Textures/T_UI_Action_AttackToken_32
2026.10.01-06.50.47 TAG fighter=f-0-hero bbox=(932,654,1034,676) mode=compact look=P1 placement=above ring=0 hardPx2=0 softPx2=0 order=0 bound=1
2026.10.01-06.50.47 TAG fighter=f-0-sk0 bbox=(633,447,717,469) mode=compact look=P1 placement=above ring=0 hardPx2=0 softPx2=0 order=2 bound=1
2026.10.01-06.50.47 TAG fighter=f-0-sk1 bbox=(396,458,480,480) mode=compact look=P1 placement=above ring=0 hardPx2=0 softPx2=0 order=3 bound=1
2026.10.01-06.50.47 TAG fighter=f-0-sk2 bbox=(469,584,553,606) mode=compact look=P1 placement=right ring=0 hardPx2=0 softPx2=0 order=4 bound=1
2026.10.01-06.50.47 TAG fighter=f-1-hero bbox=(1150,731,1243,753) mode=compact look=P2 placement=right ring=0 hardPx2=0 softPx2=0 order=5 bound=1
2026.10.01-06.50.47 TAG fighter=f-1-sk0 bbox=(1201,427,1285,449) mode=compact look=P2 placement=above ring=0 hardPx2=0 softPx2=0 order=1 bound=1
2026.10.01-06.50.47 ICON fighter=f-0-hero bbox=(1026,700,1058,732) size=32 src=combat anchor=right fallback=0 overlapPx2=0 texture=/Game/ArtTests/ARTMarkers/Textures/T_UI_Action_AttackToken_32
2026.10.01-06.50.47 SNAPSHOT applied seq=34 phase=ACTION_MANEUVER
2026.10.01-06.50.47 HANDLE_APPLIED #47 seq=34 decision=2 fightersValid=1 boardValid=1
2026.10.01-06.50.47 ARTPREVIEW anim fighter=f-1-sk0 clip=LungeAttack len=0.583 event=attack loop=0 phase=0.0000 seq=34 asset=AM_Merlin_LungeAttack
2026.10.01-06.50.47 COMBAT-RESULT seq=34 damage=3 role=defended
2026.10.01-06.50.47 ARTPREVIEW combat marker fighter=Medusa attacker=0 target=0 icon=0 targetMesh=SM_Marker_TargetRing iconMode=screen targetArcScaleXY=0.920
2026.10.01-06.50.47 ARTPREVIEW combat marker fighter=Merlin attacker=0 target=0 icon=0 targetMesh=SM_Marker_TargetRing iconMode=screen targetArcScaleXY=0.718
2026.10.01-06.50.47 closed mode=
2026.10.01-06.50.47 MODE seq=34 mode=6 combat=0 pending=1
2026.10.01-06.50.47 HUD seq=34 phase=ACTION_MANEUVER turn=you hand=3 oppHand=4(hidden) oppDeck=20 deck=21 discard=6
2026.10.01-06.50.47 ARTPREVIEW fighter=Medusa hero=1 eligible=0 visual=1 mesh=SK_Medusa_H2LD
2026.10.01-06.50.47 FIGHTERS synced n=6 alive=6 own=4 enemy=2
2026.10.01-06.50.47 ARTPREVIEW damage-number fighter=f-0-hero amount=3 seq=34 cell=(4,4)
2026.10.01-06.50.47 ARTPREVIEW anim fighter=f-0-hero clip=HitReact len=0.417 event=damaged loop=0 phase=0.0000 seq=34 asset=AM_Medusa_HitReact
2026.10.01-06.50.47 CUE damage f-0-hero -3 seq=34
2026.10.01-06.50.47 RESOLVE done seq=34 (apply) phase=ACTION_MANEUVER
2026.10.01-06.50.47 SNAPSHOT applied seq=34 phase=ACTION_MANEUVER
2026.10.01-06.50.47 HANDLE_APPLIED #48 seq=34 decision=1 fightersValid=1 boardValid=1
2026.10.01-06.50.47 MODE seq=34 mode=6 combat=0 pending=1
2026.10.01-06.50.47 HUD seq=34 phase=ACTION_MANEUVER turn=you hand=3 oppHand=4(hidden) oppDeck=20 deck=21 discard=6
2026.10.01-06.50.47 ARTPREVIEW fighter=Medusa hero=1 eligible=0 visual=1 mesh=SK_Medusa_H2LD
2026.10.01-06.50.47 FIGHTERS synced n=6 alive=6 own=4 enemy=2
2026.10.01-06.50.47 WS seq=34 phase=ACTION_MANEUVER (merge)
2026.10.01-06.50.47 S09AUTO drive mode=6 plan=[attack+defend+ownresult] phase=ACTION_MANEUVER turn=cmuhntivg0000wib0anhqyswc
2026.10.01-06.50.47 S09AUTO own turn #3 (turnCount=7)
2026.10.01-06.50.47 PEND-RESOLVE sent type=TARGET_FIGHTER stage=0 id=ability-medusa-target-p0
2026.10.01-06.50.47 S09AUTO pending picked (type=TARGET_FIGHTER stage=0)
2026.10.01-06.50.47 HUD plate content fighter=f-1-hero name=King Arthur hp=6/18 team=enemy statuses=HERO  |  MELEE teamSlot=P2 look=P2 shape=hexagon chip=#5786A8
2026.10.01-06.50.47 PLATE fighter=f-1-hero bbox=(1013,848,1185,902) overlapReachable=0 placement=below ring=0 gap=6 selection=f-1-hero destinations=0 clean=1 softPx2=0 tested=114 bound=1
2026.10.01-06.50.47 TAG fighter=f-0-hero bbox=(932,654,1034,676) mode=compact look=P1 placement=above ring=0 hardPx2=0 softPx2=0 order=0 bound=1
2026.10.01-06.50.47 TAG fighter=f-0-sk0 bbox=(633,447,717,469) mode=compact look=P1 placement=above ring=0 hardPx2=0 softPx2=0 order=2 bound=1
2026.10.01-06.50.47 TAG fighter=f-0-sk1 bbox=(396,458,480,480) mode=compact look=P1 placement=above ring=0 hardPx2=0 softPx2=0 order=3 bound=1
2026.10.01-06.50.47 TAG fighter=f-0-sk2 bbox=(469,584,553,606) mode=compact look=P1 placement=right ring=0 hardPx2=0 softPx2=0 order=4 bound=1
2026.10.01-06.50.47 TAG fighter=f-1-sk0 bbox=(1201,427,1285,449) mode=compact look=P2 placement=above ring=0 hardPx2=0 softPx2=0 order=1 bound=1
2026.10.01-06.50.47 HUD icon hidden fighter=f-0-hero
2026.10.01-06.50.47 DAMAGE fighter=f-0-hero bbox=(1036,651,1076,679) amount=3 seq=34 placement=right ring=0 hardPx2=0 softPx2=0
2026.10.01-06.50.47 TAG fighter=f-0-hero bbox=(932,654,1034,676) mode=compact look=P1 placement=above ring=0 hardPx2=0 softPx2=0 order=0 bound=1
2026.10.01-06.50.47 TAG fighter=f-0-sk0 bbox=(633,447,717,469) mode=compact look=P1 placement=above ring=0 hardPx2=0 softPx2=0 order=2 bound=1
2026.10.01-06.50.47 TAG fighter=f-0-sk1 bbox=(396,458,480,480) mode=compact look=P1 placement=above ring=0 hardPx2=0 softPx2=0 order=3 bound=1
2026.10.01-06.50.47 TAG fighter=f-0-sk2 bbox=(469,584,553,606) mode=compact look=P1 placement=right ring=0 hardPx2=0 softPx2=0 order=4 bound=1
2026.10.01-06.50.47 TAG fighter=f-1-sk0 bbox=(1201,427,1285,449) mode=compact look=P2 placement=above ring=0 hardPx2=0 softPx2=0 order=1 bound=1
2026.10.01-06.50.47 SNAPSHOT applied seq=35 phase=ACTION_MANEUVER
2026.10.01-06.50.47 HANDLE_APPLIED #49 seq=35 decision=2 fightersValid=1 boardValid=1
2026.10.01-06.50.47 closed mode=
2026.10.01-06.50.47 MODE seq=35 mode=0 combat=0 pending=0
2026.10.01-06.50.47 HUD seq=35 phase=ACTION_MANEUVER turn=you hand=3 oppHand=4(hidden) oppDeck=20 deck=21 discard=6
2026.10.01-06.50.47 ARTPREVIEW fighter=Medusa hero=1 eligible=0 visual=1 mesh=SK_Medusa_H2LD
2026.10.01-06.50.47 FIGHTERS synced n=6 alive=6 own=4 enemy=2
2026.10.01-06.50.47 ARTPREVIEW damage-number fighter=f-1-hero amount=1 seq=35 cell=(5,5)
2026.10.01-06.50.47 ARTPREVIEW anim fighter=f-1-hero clip=HitReact len=0.417 event=damaged loop=0 phase=0.0000 seq=35 asset=AM_KingArthur_HitReact
2026.10.01-06.50.47 CUE damage f-1-hero -1 seq=35
2026.10.01-06.50.47 PEND resolve done seq=35 (apply) phase=ACTION_MANEUVER
2026.10.01-06.50.47 SNAPSHOT applied seq=35 phase=ACTION_MANEUVER
2026.10.01-06.50.47 HANDLE_APPLIED #50 seq=35 decision=1 fightersValid=1 boardValid=1
2026.10.01-06.50.47 MODE seq=35 mode=0 combat=0 pending=0
2026.10.01-06.50.47 HUD seq=35 phase=ACTION_MANEUVER turn=you hand=3 oppHand=4(hidden) oppDeck=20 deck=21 discard=6
2026.10.01-06.50.47 ARTPREVIEW fighter=Medusa hero=1 eligible=0 visual=1 mesh=SK_Medusa_H2LD
2026.10.01-06.50.47 FIGHTERS synced n=6 alive=6 own=4 enemy=2
2026.10.01-06.50.47 WS seq=35 phase=ACTION_MANEUVER (merge)
2026.10.01-06.50.47 S09AUTO drive mode=0 plan=[attack+defend+ownresult] phase=ACTION_MANEUVER turn=cmuhntivg0000wib0anhqyswc
2026.10.01-06.50.47 PLATE hidden fighter=f-1-hero
2026.10.01-06.50.47 TAG fighter=f-0-hero bbox=(932,654,1034,676) mode=compact look=P1 placement=above ring=0 hardPx2=0 softPx2=0 order=5 bound=1
2026.10.01-06.50.47 TAG fighter=f-0-sk0 bbox=(633,447,717,469) mode=compact look=P1 placement=above ring=0 hardPx2=0 softPx2=0 order=2 bound=1
2026.10.01-06.50.47 TAG fighter=f-0-sk1 bbox=(396,458,480,480) mode=compact look=P1 placement=above ring=0 hardPx2=0 softPx2=0 order=3 bound=1
2026.10.01-06.50.47 TAG fighter=f-0-sk2 bbox=(469,584,553,606) mode=compact look=P1 placement=right ring=0 hardPx2=0 softPx2=0 order=4 bound=1
2026.10.01-06.50.47 TAG fighter=f-1-hero bbox=(1059,707,1152,729) mode=compact look=P2 placement=above ring=0 hardPx2=0 softPx2=0 order=0 bound=1
2026.10.01-06.50.47 TAG fighter=f-1-sk0 bbox=(1201,427,1285,449) mode=compact look=P2 placement=above ring=0 hardPx2=0 softPx2=0 order=1 bound=1
2026.10.01-06.50.47 DAMAGE fighter=f-1-hero bbox=(1154,704,1194,732) amount=1 seq=35 placement=right ring=0 hardPx2=0 softPx2=0
2026.10.01-06.50.47 TAG fighter=f-0-hero bbox=(932,654,1034,676) mode=compact look=P1 placement=above ring=0 hardPx2=0 softPx2=0 order=5 bound=1
2026.10.01-06.50.47 TAG fighter=f-0-sk0 bbox=(633,447,717,469) mode=compact look=P1 placement=above ring=0 hardPx2=0 softPx2=0 order=2 bound=1
2026.10.01-06.50.47 TAG fighter=f-0-sk1 bbox=(396,458,480,480) mode=compact look=P1 placement=above ring=0 hardPx2=0 softPx2=0 order=3 bound=1
2026.10.01-06.50.47 TAG fighter=f-0-sk2 bbox=(469,584,553,606) mode=compact look=P1 placement=right ring=0 hardPx2=0 softPx2=0 order=4 bound=1
2026.10.01-06.50.47 TAG fighter=f-1-hero bbox=(1059,707,1152,729) mode=compact look=P2 placement=above ring=0 hardPx2=0 softPx2=0 order=0 bound=1
2026.10.01-06.50.47 TAG fighter=f-1-sk0 bbox=(1201,427,1285,449) mode=compact look=P2 placement=above ring=0 hardPx2=0 softPx2=0 order=1 bound=1
2026.10.01-06.50.47 SNAPSHOT applied seq=36 phase=ACTION_MANEUVER
2026.10.01-06.50.47 HANDLE_APPLIED #51 seq=36 decision=2 fightersValid=1 boardValid=1
2026.10.01-06.50.47 MANEUVER-DRAFT mode=maneuver:7:35
2026.10.01-06.50.47 DRAFT-OPEN draw committed (resume instead of begin)
2026.10.01-06.50.47 MODE seq=36 mode=1 combat=0 pending=0
2026.10.01-06.50.47 HUD seq=36 phase=ACTION_MANEUVER turn=you hand=4 oppHand=4(hidden) oppDeck=20 deck=20 discard=6
2026.10.01-06.50.47 ARTPREVIEW fighter=Medusa hero=1 eligible=0 visual=1 mesh=SK_Medusa_H2LD
2026.10.01-06.50.47 FIGHTERS synced n=6 alive=6 own=4 enemy=2
2026.10.01-06.50.47 MANEUVER begin seq=36 (apply) pending=maneuver:7:35
2026.10.01-06.50.47 SNAPSHOT applied seq=36 phase=ACTION_MANEUVER
2026.10.01-06.50.47 HANDLE_APPLIED #52 seq=36 decision=1 fightersValid=1 boardValid=1
2026.10.01-06.50.47 MODE seq=36 mode=1 combat=0 pending=0
2026.10.01-06.50.47 HUD seq=36 phase=ACTION_MANEUVER turn=you hand=4 oppHand=4(hidden) oppDeck=20 deck=20 discard=6
2026.10.01-06.50.47 ARTPREVIEW fighter=Medusa hero=1 eligible=0 visual=1 mesh=SK_Medusa_H2LD
2026.10.01-06.50.47 FIGHTERS synced n=6 alive=6 own=4 enemy=2
2026.10.01-06.50.47 WS seq=36 phase=ACTION_MANEUVER (merge)
2026.10.01-06.50.47 S09AUTO drive mode=1 plan=[attack+defend+ownresult] phase=ACTION_MANEUVER turn=cmuhntivg0000wib0anhqyswc
2026.10.01-06.50.47 S09AUTO approach: no improving legal step
2026.10.01-06.50.47 MANEUVER-CONFIRM moves=0 boost=none
2026.10.01-06.50.47 HUD plate content fighter=f-0-hero name=Medusa hp=13/16 team=own statuses=HERO  |  RANGED teamSlot=P1 look=P1 shape=circle chip=#DAC576
2026.10.01-06.50.47 PLATE fighter=f-0-hero bbox=(885,791,1057,845) overlapReachable=0 placement=below ring=0 gap=6 selection=f-0-hero destinations=8 clean=1 softPx2=0 tested=110 bound=1
2026.10.01-06.50.47 TAG fighter=f-0-sk0 bbox=(633,447,717,469) mode=compact look=P1 placement=above ring=0 hardPx2=0 softPx2=0 order=2 bound=1
2026.10.01-06.50.47 TAG fighter=f-0-sk1 bbox=(396,458,480,480) mode=compact look=P1 placement=above ring=0 hardPx2=0 softPx2=0 order=3 bound=1
2026.10.01-06.50.47 TAG fighter=f-0-sk2 bbox=(469,584,553,606) mode=compact look=P1 placement=right ring=0 hardPx2=0 softPx2=0 order=4 bound=1
2026.10.01-06.50.47 TAG fighter=f-1-hero bbox=(1059,707,1152,729) mode=compact look=P2 placement=above ring=0 hardPx2=0 softPx2=0 order=0 bound=1
2026.10.01-06.50.47 TAG fighter=f-1-sk0 bbox=(1201,427,1285,449) mode=compact look=P2 placement=above ring=0 hardPx2=0 softPx2=0 order=1 bound=1
2026.10.01-06.50.47 TAG fighter=f-0-sk0 bbox=(633,447,717,469) mode=compact look=P1 placement=above ring=0 hardPx2=0 softPx2=0 order=2 bound=1
2026.10.01-06.50.47 TAG fighter=f-0-sk1 bbox=(396,458,480,480) mode=compact look=P1 placement=above ring=0 hardPx2=0 softPx2=0 order=3 bound=1
2026.10.01-06.50.47 TAG fighter=f-0-sk2 bbox=(469,584,553,606) mode=compact look=P1 placement=right ring=0 hardPx2=0 softPx2=0 order=4 bound=1
2026.10.01-06.50.47 TAG fighter=f-1-hero bbox=(1059,707,1152,729) mode=compact look=P2 placement=above ring=0 hardPx2=0 softPx2=0 order=0 bound=1
2026.10.01-06.50.47 TAG fighter=f-1-sk0 bbox=(1201,427,1285,449) mode=compact look=P2 placement=above ring=0 hardPx2=0 softPx2=0 order=1 bound=1
2026.10.01-06.50.47 SNAPSHOT applied seq=37 phase=ACTION_MANEUVER
2026.10.01-06.50.47 HANDLE_APPLIED #53 seq=37 decision=2 fightersValid=1 boardValid=1
2026.10.01-06.50.47 closed mode=
2026.10.01-06.50.47 MODE seq=37 mode=0 combat=0 pending=0
2026.10.01-06.50.47 HUD seq=37 phase=ACTION_MANEUVER turn=you hand=4 oppHand=4(hidden) oppDeck=20 deck=20 discard=6
2026.10.01-06.50.47 ARTPREVIEW fighter=Medusa hero=1 eligible=0 visual=1 mesh=SK_Medusa_H2LD
2026.10.01-06.50.47 FIGHTERS synced n=6 alive=6 own=4 enemy=2
2026.10.01-06.50.47 MANEUVER done seq=37 (apply) fighters=6 boost=no
2026.10.01-06.50.47 SNAPSHOT applied seq=37 phase=ACTION_MANEUVER
2026.10.01-06.50.47 HANDLE_APPLIED #54 seq=37 decision=1 fightersValid=1 boardValid=1
2026.10.01-06.50.47 MODE seq=37 mode=0 combat=0 pending=0
2026.10.01-06.50.47 HUD seq=37 phase=ACTION_MANEUVER turn=you hand=4 oppHand=4(hidden) oppDeck=20 deck=20 discard=6
2026.10.01-06.50.47 ARTPREVIEW fighter=Medusa hero=1 eligible=0 visual=1 mesh=SK_Medusa_H2LD
2026.10.01-06.50.47 FIGHTERS synced n=6 alive=6 own=4 enemy=2
2026.10.01-06.50.47 WS seq=37 phase=ACTION_MANEUVER (merge)
2026.10.01-06.50.47 PLATE hidden fighter=f-0-hero
2026.10.01-06.50.47 TAG fighter=f-0-hero bbox=(932,654,1034,676) mode=compact look=P1 placement=above ring=0 hardPx2=0 softPx2=0 order=5 bound=1
2026.10.01-06.50.47 TAG fighter=f-0-sk0 bbox=(633,447,717,469) mode=compact look=P1 placement=above ring=0 hardPx2=0 softPx2=0 order=2 bound=1
2026.10.01-06.50.47 TAG fighter=f-0-sk1 bbox=(396,458,480,480) mode=compact look=P1 placement=above ring=0 hardPx2=0 softPx2=0 order=3 bound=1
2026.10.01-06.50.47 TAG fighter=f-0-sk2 bbox=(469,584,553,606) mode=compact look=P1 placement=right ring=0 hardPx2=0 softPx2=0 order=4 bound=1
2026.10.01-06.50.47 TAG fighter=f-1-hero bbox=(1059,707,1152,729) mode=compact look=P2 placement=above ring=0 hardPx2=0 softPx2=0 order=0 bound=1
2026.10.01-06.50.47 TAG fighter=f-1-sk0 bbox=(1201,427,1285,449) mode=compact look=P2 placement=above ring=0 hardPx2=0 softPx2=0 order=1 bound=1
2026.10.01-06.50.47 TAG fighter=f-0-hero bbox=(932,654,1034,676) mode=compact look=P1 placement=above ring=0 hardPx2=0 softPx2=0 order=5 bound=1
2026.10.01-06.50.47 TAG fighter=f-0-sk0 bbox=(633,447,717,469) mode=compact look=P1 placement=above ring=0 hardPx2=0 softPx2=0 order=2 bound=1
2026.10.01-06.50.47 TAG fighter=f-0-sk1 bbox=(396,458,480,480) mode=compact look=P1 placement=above ring=0 hardPx2=0 softPx2=0 order=3 bound=1
2026.10.01-06.50.47 TAG fighter=f-0-sk2 bbox=(469,584,553,606) mode=compact look=P1 placement=right ring=0 hardPx2=0 softPx2=0 order=4 bound=1
2026.10.01-06.50.47 TAG fighter=f-1-hero bbox=(1059,707,1152,729) mode=compact look=P2 placement=above ring=0 hardPx2=0 softPx2=0 order=0 bound=1
2026.10.01-06.50.47 TAG fighter=f-1-sk0 bbox=(1201,427,1285,449) mode=compact look=P2 placement=above ring=0 hardPx2=0 softPx2=0 order=1 bound=1
2026.10.01-06.50.47 ARTPREVIEW anim fighter=f-0-hero clip=Idle len=2.333 event=clipFinished loop=1 phase=0.8071 seq=-1 asset=AM_Medusa_Idle
2026.10.01-06.50.47 ARTPREVIEW anim fighter=f-1-hero clip=Idle len=2.500 event=clipFinished loop=1 phase=0.3470 seq=-1 asset=AM_KingArthur_Idle
2026.10.01-06.50.48 ARTPREVIEW anim fighter=f-1-sk0 clip=Idle len=3.000 event=clipFinished loop=1 phase=0.8028 seq=-1 asset=AM_Merlin_Idle
2026.10.01-06.50.48 TAG fighter=f-0-hero bbox=(932,654,1034,676) mode=compact look=P1 placement=above ring=0 hardPx2=0 softPx2=0 order=4 bound=1
2026.10.01-06.50.48 TAG fighter=f-0-sk0 bbox=(633,447,717,469) mode=compact look=P1 placement=above ring=0 hardPx2=0 softPx2=0 order=1 bound=1
2026.10.01-06.50.48 TAG fighter=f-0-sk1 bbox=(396,458,480,480) mode=compact look=P1 placement=above ring=0 hardPx2=0 softPx2=0 order=2 bound=1
2026.10.01-06.50.48 TAG fighter=f-0-sk2 bbox=(469,584,553,606) mode=compact look=P1 placement=right ring=0 hardPx2=0 softPx2=0 order=3 bound=1
2026.10.01-06.50.48 TAG fighter=f-1-hero bbox=(1059,707,1152,729) mode=compact look=P2 placement=above ring=0 hardPx2=0 softPx2=0 order=5 bound=1
2026.10.01-06.50.48 TAG fighter=f-1-sk0 bbox=(1201,427,1285,449) mode=compact look=P2 placement=above ring=0 hardPx2=0 softPx2=0 order=0 bound=1
2026.10.01-06.50.48 S09AUTO drive mode=0 plan=[attack+defend+ownresult] phase=ACTION_MANEUVER turn=cmuhntivg0000wib0anhqyswc
2026.10.01-06.50.48 S09AUTO attack (attacker=f-0-hero target-set card-set)
2026.10.01-06.50.48 ATTACK sent
2026.10.01-06.50.48 ARTPREVIEW combat marker fighter=Medusa attacker=1 target=0 icon=0 targetMesh=SM_Marker_TargetRing iconMode=screen targetArcScaleXY=0.920
2026.10.01-06.50.48 ARTPREVIEW combat marker fighter=King Arthur attacker=0 target=1 icon=1 targetMesh=SM_Marker_TargetRing iconMode=screen targetArcScaleXY=0.920
2026.10.01-06.50.48 TAG fighter=f-0-hero bbox=(932,654,1034,676) mode=compact look=P1 placement=above ring=0 hardPx2=0 softPx2=0 order=5 bound=1
2026.10.01-06.50.48 TAG fighter=f-0-sk0 bbox=(633,447,717,469) mode=compact look=P1 placement=above ring=0 hardPx2=0 softPx2=0 order=2 bound=1
2026.10.01-06.50.48 TAG fighter=f-0-sk1 bbox=(396,458,480,480) mode=compact look=P1 placement=above ring=0 hardPx2=0 softPx2=0 order=3 bound=1
2026.10.01-06.50.48 TAG fighter=f-0-sk2 bbox=(469,584,553,606) mode=compact look=P1 placement=right ring=0 hardPx2=0 softPx2=0 order=4 bound=1
2026.10.01-06.50.48 TAG fighter=f-1-hero bbox=(1059,707,1152,729) mode=compact look=P2 placement=above ring=0 hardPx2=0 softPx2=0 order=0 bound=1
2026.10.01-06.50.48 TAG fighter=f-1-sk0 bbox=(1201,427,1285,449) mode=compact look=P2 placement=above ring=0 hardPx2=0 softPx2=0 order=1 bound=1
2026.10.01-06.50.48 ICON fighter=f-1-hero bbox=(1151,754,1183,786) size=32 src=combat anchor=right fallback=0 overlapPx2=0 texture=/Game/ArtTests/ARTMarkers/Textures/T_UI_Action_AttackToken_32
2026.10.01-06.50.48 TAG fighter=f-0-hero bbox=(932,654,1034,676) mode=compact look=P1 placement=above ring=0 hardPx2=0 softPx2=0 order=5 bound=1
2026.10.01-06.50.48 TAG fighter=f-0-sk0 bbox=(633,447,717,469) mode=compact look=P1 placement=above ring=0 hardPx2=0 softPx2=0 order=2 bound=1
2026.10.01-06.50.48 TAG fighter=f-0-sk1 bbox=(396,458,480,480) mode=compact look=P1 placement=above ring=0 hardPx2=0 softPx2=0 order=3 bound=1
2026.10.01-06.50.48 TAG fighter=f-0-sk2 bbox=(469,584,553,606) mode=compact look=P1 placement=right ring=0 hardPx2=0 softPx2=0 order=4 bound=1
2026.10.01-06.50.48 TAG fighter=f-1-hero bbox=(1059,707,1152,729) mode=compact look=P2 placement=above ring=0 hardPx2=0 softPx2=0 order=0 bound=1
2026.10.01-06.50.48 TAG fighter=f-1-sk0 bbox=(1201,427,1285,449) mode=compact look=P2 placement=above ring=0 hardPx2=0 softPx2=0 order=1 bound=1
2026.10.01-06.50.48 ICON fighter=f-1-hero bbox=(1151,754,1183,786) size=32 src=combat anchor=right fallback=0 overlapPx2=0 texture=/Game/ArtTests/ARTMarkers/Textures/T_UI_Action_AttackToken_32
2026.10.01-06.50.48 SNAPSHOT applied seq=38 phase=COMBAT
2026.10.01-06.50.48 HANDLE_APPLIED #55 seq=38 decision=2 fightersValid=1 boardValid=1
2026.10.01-06.50.48 closed mode=
2026.10.01-06.50.48 MODE seq=38 mode=0 combat=1 pending=0
2026.10.01-06.50.48 HUD seq=38 phase=COMBAT turn=you hand=3 oppHand=4(hidden) oppDeck=20 deck=20 discard=7
2026.10.01-06.50.48 ARTPREVIEW fighter=Medusa hero=1 eligible=0 visual=1 mesh=SK_Medusa_H2LD
2026.10.01-06.50.48 FIGHTERS synced n=6 alive=6 own=4 enemy=2
2026.10.01-06.50.49 ATTACK done seq=38 (apply) phase=COMBAT
2026.10.01-06.50.49 SNAPSHOT applied seq=38 phase=COMBAT
2026.10.01-06.50.49 HANDLE_APPLIED #56 seq=38 decision=1 fightersValid=1 boardValid=1
2026.10.01-06.50.49 MODE seq=38 mode=0 combat=1 pending=0
2026.10.01-06.50.49 HUD seq=38 phase=COMBAT turn=you hand=3 oppHand=4(hidden) oppDeck=20 deck=20 discard=7
2026.10.01-06.50.49 ARTPREVIEW fighter=Medusa hero=1 eligible=0 visual=1 mesh=SK_Medusa_H2LD
2026.10.01-06.50.49 FIGHTERS synced n=6 alive=6 own=4 enemy=2
2026.10.01-06.50.49 WS seq=38 phase=COMBAT (merge)
2026.10.01-06.50.49 TAG fighter=f-0-hero bbox=(932,654,1034,676) mode=compact look=P1 placement=above ring=0 hardPx2=0 softPx2=0 order=5 bound=1
2026.10.01-06.50.49 TAG fighter=f-0-sk0 bbox=(633,447,717,469) mode=compact look=P1 placement=above ring=0 hardPx2=0 softPx2=0 order=2 bound=1
2026.10.01-06.50.49 TAG fighter=f-0-sk1 bbox=(396,458,480,480) mode=compact look=P1 placement=above ring=0 hardPx2=0 softPx2=0 order=3 bound=1
2026.10.01-06.50.49 TAG fighter=f-0-sk2 bbox=(469,584,553,606) mode=compact look=P1 placement=right ring=0 hardPx2=0 softPx2=0 order=4 bound=1
2026.10.01-06.50.49 TAG fighter=f-1-hero bbox=(1059,707,1152,729) mode=compact look=P2 placement=above ring=0 hardPx2=0 softPx2=0 order=0 bound=1
2026.10.01-06.50.49 TAG fighter=f-1-sk0 bbox=(1201,427,1285,449) mode=compact look=P2 placement=above ring=0 hardPx2=0 softPx2=0 order=1 bound=1
2026.10.01-06.50.49 ICON fighter=f-1-hero bbox=(1151,754,1183,786) size=32 src=combat anchor=right fallback=0 overlapPx2=0 texture=/Game/ArtTests/ARTMarkers/Textures/T_UI_Action_AttackToken_32
2026.10.01-06.50.49 SNAPSHOT applied seq=39 phase=COMBAT_RESOLVE
2026.10.01-06.50.49 HANDLE_APPLIED #57 seq=39 decision=2 fightersValid=1 boardValid=1
2026.10.01-06.50.49 ARTPREVIEW anim fighter=f-0-hero clip=LungeAttack len=0.583 event=attack loop=0 phase=0.0000 seq=39 asset=AM_Medusa_LungeAttack
2026.10.01-06.50.49 closed mode=
2026.10.01-06.50.49 MODE seq=39 mode=6 combat=1 pending=1
2026.10.01-06.50.49 HUD seq=39 phase=COMBAT_RESOLVE turn=you hand=3 oppHand=4(hidden) oppDeck=20~ deck=20~ discard=7
2026.10.01-06.50.49 ARTPREVIEW fighter=Medusa hero=1 eligible=0 visual=1 mesh=SK_Medusa_H2LD
2026.10.01-06.50.49 FIGHTERS synced n=6 alive=6 own=4 enemy=2
2026.10.01-06.50.49 WS seq=39 phase=COMBAT_RESOLVE (apply)
2026.10.01-06.50.49 S09AUTO drive mode=6 plan=[attack+defend+ownresult] phase=COMBAT_RESOLVE turn=cmuhntivg0000wib0anhqyswc
2026.10.01-06.50.49 S09AUTO boost choice - holding 4s for the other seat's reveal capture
2026.10.01-06.50.49 TAG fighter=f-0-hero bbox=(932,654,1034,676) mode=compact look=P1 placement=above ring=0 hardPx2=0 softPx2=0 order=5 bound=1
2026.10.01-06.50.49 TAG fighter=f-0-sk0 bbox=(633,447,717,469) mode=compact look=P1 placement=above ring=0 hardPx2=0 softPx2=0 order=2 bound=1
2026.10.01-06.50.49 TAG fighter=f-0-sk1 bbox=(396,458,480,480) mode=compact look=P1 placement=above ring=0 hardPx2=0 softPx2=0 order=3 bound=1
2026.10.01-06.50.49 TAG fighter=f-0-sk2 bbox=(469,584,553,606) mode=compact look=P1 placement=right ring=0 hardPx2=0 softPx2=0 order=4 bound=1
2026.10.01-06.50.49 TAG fighter=f-1-hero bbox=(1059,707,1152,729) mode=compact look=P2 placement=above ring=0 hardPx2=0 softPx2=0 order=0 bound=1
2026.10.01-06.50.49 TAG fighter=f-1-sk0 bbox=(1201,427,1285,449) mode=compact look=P2 placement=above ring=0 hardPx2=0 softPx2=0 order=1 bound=1
2026.10.01-06.50.49 ICON fighter=f-1-hero bbox=(1151,754,1183,786) size=32 src=combat anchor=right fallback=0 overlapPx2=0 texture=/Game/ArtTests/ARTMarkers/Textures/T_UI_Action_AttackToken_32
2026.10.01-06.50.49 ARTPREVIEW anim fighter=f-0-hero clip=Idle len=2.333 event=clipFinished loop=1 phase=0.8071 seq=-1 asset=AM_Medusa_Idle
2026.10.01-06.50.50 game -> room=cmup6cvy300ozwi9o9iiyl6ot code=<redacted> status=IN_PROGRESS
2026.10.01-06.50.50 PERF window t=35.2-40.2 frames=151 fps=30.00 frameMs avg=33.33 p50=33.33 p95=33.33 p99=33.34 max=33.34 hitches50=0 gpuMs avg=2.39 p50=2.32 p95=2.60 gameMs avg=3.08 p95=15.57 renderMs avg=3.58 p95=4.40
2026.10.01-06.50.53 game -> room=cmup6cvy300ozwi9o9iiyl6ot code=<redacted> status=IN_PROGRESS
2026.10.01-06.50.53 PEND-RESOLVE sent type=BOOST_CHOICE stage=0 id=cmuhgvgkf00smwi9gaeymh3ur-during-0-boost-38
2026.10.01-06.50.53 S09AUTO pending picked (type=BOOST_CHOICE stage=0)
2026.10.01-06.50.53 TAG fighter=f-0-hero bbox=(932,654,1034,676) mode=compact look=P1 placement=above ring=0 hardPx2=0 softPx2=0 order=5 bound=1
2026.10.01-06.50.53 TAG fighter=f-0-sk0 bbox=(633,447,717,469) mode=compact look=P1 placement=above ring=0 hardPx2=0 softPx2=0 order=2 bound=1
2026.10.01-06.50.53 TAG fighter=f-0-sk1 bbox=(396,458,480,480) mode=compact look=P1 placement=above ring=0 hardPx2=0 softPx2=0 order=3 bound=1
2026.10.01-06.50.53 TAG fighter=f-0-sk2 bbox=(469,584,553,606) mode=compact look=P1 placement=right ring=0 hardPx2=0 softPx2=0 order=4 bound=1
2026.10.01-06.50.53 TAG fighter=f-1-hero bbox=(1059,707,1152,729) mode=compact look=P2 placement=above ring=0 hardPx2=0 softPx2=0 order=0 bound=1
2026.10.01-06.50.53 TAG fighter=f-1-sk0 bbox=(1201,427,1285,449) mode=compact look=P2 placement=above ring=0 hardPx2=0 softPx2=0 order=1 bound=1
2026.10.01-06.50.53 ICON fighter=f-1-hero bbox=(1151,754,1183,786) size=32 src=combat anchor=right fallback=0 overlapPx2=0 texture=/Game/ArtTests/ARTMarkers/Textures/T_UI_Action_AttackToken_32
2026.10.01-06.50.53 SNAPSHOT applied seq=40 phase=GAME_OVER
2026.10.01-06.50.53 HANDLE_APPLIED #58 seq=40 decision=2 fightersValid=1 boardValid=1
2026.10.01-06.50.53 COMBAT-RESULT seq=40 damage=5 role=attacked
2026.10.01-06.50.53 ARTPREVIEW combat marker fighter=Medusa attacker=0 target=0 icon=0 targetMesh=SM_Marker_TargetRing iconMode=screen targetArcScaleXY=0.920
2026.10.01-06.50.53 ARTPREVIEW combat marker fighter=King Arthur attacker=0 target=0 icon=0 targetMesh=SM_Marker_TargetRing iconMode=screen targetArcScaleXY=0.920
2026.10.01-06.50.53 closed mode=
2026.10.01-06.50.53 MODE seq=40 mode=0 combat=1 pending=1
2026.10.01-06.50.53 RESULT seq=40 outcome=VICTORY winner=Medusa
2026.10.01-06.50.53 HUD seq=40 phase=GAME_OVER turn=you hand=2 oppHand=4(hidden) oppDeck=20 deck=20 discard=8
2026.10.01-06.50.53 ARTPREVIEW fighter=Medusa hero=1 eligible=0 visual=1 mesh=SK_Medusa_H2LD
2026.10.01-06.50.53 ARTPREVIEW anim fighter=f-1-hero clip=DeathSettle len=0.875 event=defeated loop=0 phase=0.0000 seq=-1 asset=AM_KingArthur_DeathSettle
2026.10.01-06.50.53 ARTPREVIEW anim fighter=f-1-hero death hold=2.875
2026.10.01-06.50.53 FIGHTERS synced n=6 alive=5 own=4 enemy=1
2026.10.01-06.50.53 ARTPREVIEW damage-number fighter=f-1-hero amount=5 seq=40 cell=(5,5)
2026.10.01-06.50.53 CUE damage f-1-hero -5 seq=40
2026.10.01-06.50.53 PEND resolve done seq=40 (apply) phase=GAME_OVER
2026.10.01-06.50.53 SNAPSHOT applied seq=40 phase=GAME_OVER
2026.10.01-06.50.53 HANDLE_APPLIED #59 seq=40 decision=1 fightersValid=1 boardValid=1
2026.10.01-06.50.53 MODE seq=40 mode=0 combat=1 pending=1
2026.10.01-06.50.53 HUD seq=40 phase=GAME_OVER turn=you hand=2 oppHand=4(hidden) oppDeck=20 deck=20 discard=8
2026.10.01-06.50.53 ARTPREVIEW fighter=Medusa hero=1 eligible=0 visual=1 mesh=SK_Medusa_H2LD
2026.10.01-06.50.53 FIGHTERS synced n=6 alive=5 own=4 enemy=1
2026.10.01-06.50.53 WS seq=40 phase=GAME_OVER (merge)
2026.10.01-06.50.53 HUD icon hidden fighter=f-1-hero
2026.10.01-06.50.55 S09AUTO result-screen shot
2026.10.01-06.50.55 SHOT ctx viewport=1920x1080 viewTarget=CameraActor_2147482298 cam=(0,1342,1917) rot=(-55,-90,0)
2026.10.01-06.50.55 RENDER tag=SHOT rhi=D3D12 featureLevel=SM6 shaderPlatform=PCD3D_SM6 lumenPlatform=1 gi=lumen giMethod=1 refl=lumen reflMethod=1 shadows=csm vsmEnable=0 sg.res=100 sg.view=2 sg.aa=2 sg.shadow=2 sg.gi=2 sg.refl=2 sg.pp=2 sg.tex=2 sg.fx=2 sg.foliage=2 sg.shading=2 sg.landscape=2 preset=High screenPct=100.0 screenPctMode=0 aa=TSR aaMethod=4 exposure=fixed-histogram expMin=4.14106 expMax=4.14106 expBias=0.000 ev100=2.05 lightUnits=candelas sky=1 skyIntensity=3.000 keyShadow=csm-3600uu-2c-contact0.000 shadowCasters=1 profile=sarpedon-night profilesSha256=c90dddd95a8a7a0b12294b1a6f47218d6e7a860f74b8c51660d4fdb00c320a8b profilesSource=pak legacyRender=0 gameLayer=unlit-eyeadaptinv tMaxFPS=30.0 vsync=0 frameRateLimit=60.0 substrate=0 nanite=1 meshDF=1 viewport=1920x1080 reference=1
2026.10.01-06.50.55 SHOT fighter f-0-hero pos=(4,4) world=(16,189,0) screen=(982,752) projected=1 alive=1
2026.10.01-06.50.55 SHOT fighter f-0-sk0 pos=(2,2) world=(-218,-13,0) screen=(678,527) projected=1 alive=1
2026.10.01-06.50.55 SHOT fighter f-0-sk1 pos=(0,2) world=(-398,-3,0) screen=(442,537) projected=1 alive=1
2026.10.01-06.50.55 SHOT fighter f-0-sk2 pos=(0,3) world=(-394,92,0) screen=(435,640) projected=1 alive=1
2026.10.01-06.50.55 SHOT fighter f-1-hero pos=(5,5) world=(104,237,0) screen=(1103,808) projected=1 alive=0
2026.10.01-06.50.55 SHOT fighter f-1-sk0 pos=(6,2) world=(217,-26,0) screen=(1240,512) projected=1 alive=1
2026.10.01-06.50.55 SHOT camera dist=2340.2 target=2340.2 overview=2340.2 errPct=0.000 focusErr=0.00 settled=1 zoom=1.00
2026.10.01-06.50.55 SHOT head fighter=f-0-hero socket=Head mesh=SK_Medusa_H2LD world=(15.7,188.6,47.1) screen=(981.8,716.9) top=(981.8,712.5) bottom=(981.7,721.3) headPx=8.8 projected=1
2026.10.01-06.50.55 SHOT head fighter=f-0-sk0 socket=Head mesh=SK_Harpy_H3LD world=(-218.2,-7.4,34.0) screen=(673.2,506.4) top=(672.6,501.8) bottom=(673.8,511.0) headPx=9.3 projected=1
2026.10.01-06.50.55 SHOT head fighter=f-0-sk1 socket=Head mesh=SK_Harpy_H3LD world=(-398.4,2.7,34.0) screen=(435.1,517.3) top=(434.0,512.7) bottom=(436.2,521.8) headPx=9.4 projected=1
2026.10.01-06.50.55 SHOT head fighter=f-0-sk2 socket=Head mesh=SK_Harpy_H3LD world=(-394.2,87.0,34.3) screen=(429.5,609.4) top=(428.3,604.9) bottom=(430.6,613.9) headPx=9.3 projected=1
2026.10.01-06.50.55 SHOT head fighter=f-1-hero socket=Head mesh=SK_KingArthur_H2LD world=(113.5,225.4,45.5) screen=(1118.9,762.2) top=(1119.3,757.8) bottom=(1118.6,766.5) headPx=8.7 projected=1
2026.10.01-06.50.55 SHOT head fighter=f-1-sk0 socket=Head mesh=SK_Merlin_H2LD world=(216.9,-23.2,36.6) screen=(1244.2,487.6) top=(1244.8,483.0) bottom=(1243.6,492.3) headPx=9.3 projected=1
2026.10.01-06.50.55 SHOT figure fighter=f-0-hero bbox=(943,678,1023,785) ringR=28.50 art=1 blockout=0 team=P1 look=P1 ring=1
2026.10.01-06.50.55 SHOT figure fighter=f-0-sk0 bbox=(642,471,708,550) ringR=22.23 art=1 blockout=0 team=P1 look=P1 ring=1
2026.10.01-06.50.55 SHOT figure fighter=f-0-sk1 bbox=(402,482,474,561) ringR=22.23 art=1 blockout=0 team=P1 look=P1 ring=1
2026.10.01-06.50.55 SHOT figure fighter=f-0-sk2 bbox=(394,584,467,665) ringR=22.23 art=1 blockout=0 team=P1 look=P1 ring=1
2026.10.01-06.50.55 SHOT figure fighter=f-1-sk0 bbox=(1210,451,1276,536) ringR=22.23 art=1 blockout=0 team=P2 look=P2 ring=1
2026.10.01-06.50.55 SHOT request file=s09-result-screen.png frame=1254
2026.10.01-06.50.55 SHOT requested: FScreenshotRequest(bShowUI) -> C:\Users\ren\AppData\Local\Temp\s09-combat-20261001-115008-24636\host/s09-result-screen.png
2026.10.01-06.50.55 SHOT captured file=s09-result-screen.png frame=1254 px=1920x1080 sha256=edc2a93f5669343a4d9fc5b99b27c44a218e9db96d492b5c480399e18f3fd016 order=BGRA saved=1
2026.10.01-06.50.55 SHOT late begin file=s09-result-screen.png frame=1254 requestFrame=1254
2026.10.01-06.50.55 SHOT iconstate visible=0 lastFighter=none frame=1254
2026.10.01-06.50.55 SHOT panel id=hud.command bbox=(0,0,554,236) geom=painted visible=1 frame=1254
2026.10.01-06.50.55 SHOT panel id=hud.side bbox=(1884,0,1920,28) geom=painted visible=1 frame=1254
2026.10.01-06.50.55 SHOT panel id=hud.hand bbox=(950,1060,970,1080) geom=painted visible=1 frame=1254
2026.10.01-06.50.55 SHOT late end file=s09-result-screen.png frame=1254
2026.10.01-06.50.55 RESULT lobby-return sent (leaveGame)
2026.10.01-06.50.55 LEFT room=cmup6cvy300ozwi9o9iiyl6ot
2026.10.01-06.50.55 GAMEPLAY HUD cleared (left Started)
2026.10.01-06.50.55 STREAM torn down (left match)
2026.10.01-06.50.55 PERF window t=40.2-45.2 frames=144 fps=28.63 frameMs avg=34.93 p50=33.33 p95=33.33 p99=33.34 max=263.09 hitches50=1 gpuMs avg=2.31 p50=2.30 p95=2.58 gameMs avg=3.28 p95=2.14 renderMs avg=3.37 p95=4.38
2026.10.01-06.50.59 S09AUTO lobby-return shot
2026.10.01-06.50.59 SHOT ctx viewport=1920x1080 viewTarget=CameraActor_2147482298 cam=(0,1342,1917) rot=(-55,-90,0)
2026.10.01-06.50.59 RENDER tag=SHOT rhi=D3D12 featureLevel=SM6 shaderPlatform=PCD3D_SM6 lumenPlatform=1 gi=lumen giMethod=1 refl=lumen reflMethod=1 shadows=csm vsmEnable=0 sg.res=100 sg.view=2 sg.aa=2 sg.shadow=2 sg.gi=2 sg.refl=2 sg.pp=2 sg.tex=2 sg.fx=2 sg.foliage=2 sg.shading=2 sg.landscape=2 preset=High screenPct=100.0 screenPctMode=0 aa=TSR aaMethod=4 exposure=engine-default expMin=1.00000 expMax=1.00000 expBias=1.000 ev100=0.00 lightUnits=- sky=0 skyIntensity=0.000 keyShadow=- shadowCasters=0 profile=- profilesSha256=- profilesSource=- legacyRender=0 gameLayer=unlit-eyeadaptinv tMaxFPS=30.0 vsync=0 frameRateLimit=60.0 substrate=0 nanite=1 meshDF=1 viewport=1920x1080 reference=0 notReference=noArtProfile,exposure,lightUnits,profilesSource
2026.10.01-06.50.59 SHOT request file=s09-lobby-return.png frame=1376
2026.10.01-06.50.59 SHOT requested: FScreenshotRequest(bShowUI) -> C:\Users\ren\AppData\Local\Temp\s09-combat-20261001-115008-24636\host/s09-lobby-return.png
2026.10.01-06.50.59 SHOT captured file=s09-lobby-return.png frame=1376 px=1920x1080 sha256=dc1d4a7273d8ed5fd7b0031b0a974b858fd6e0facdc486130bc5330a150a104d order=BGRA saved=1
2026.10.01-06.50.59 SHOT late begin file=s09-lobby-return.png frame=1376 requestFrame=1376
2026.10.01-06.50.59 SHOT late end file=s09-lobby-return.png frame=1376
2026.10.01-06.50.59 S09AUTO duel flow complete (GAME_OVER -> result shown -> lobby return) - exiting
2026.10.01-06.50.59 --- S08 trace close ---
