2026.09.26-01.46.29 --- S08 trace open 2026.09.26-01.46.29 ---
2026.09.26-01.46.29 S09AUTO config flow=1 boost=0 shotDir=C:\Users\ren\AppData\Local\Temp\s09-combat-20260926-064623-94560\joiner
2026.09.26-01.46.29 LOGIN ok user=s09-gd034-joiner
2026.09.26-01.46.32 HEROES loaded 84
2026.09.26-01.46.32 CODE resolved -> cmuhqazrw01fdwinwdwoyxz7t
2026.09.26-01.46.32 joinGame -> room=cmuhqazrw01fdwinwdwoyxz7t code=<redacted> status=LOBBY
2026.09.26-01.46.35 game -> room=cmuhqazrw01fdwinwdwoyxz7t code=<redacted> status=LOBBY
2026.09.26-01.46.35 selectHero -> room=cmuhqazrw01fdwinwdwoyxz7t code=<redacted> status=LOBBY
2026.09.26-01.46.38 game -> room=cmuhqazrw01fdwinwdwoyxz7t code=<redacted> status=LOBBY
2026.09.26-01.46.38 toggleReady -> room=cmuhqazrw01fdwinwdwoyxz7t code=<redacted> status=LOBBY
2026.09.26-01.46.41 game -> room=cmuhqazrw01fdwinwdwoyxz7t code=<redacted> status=LOBBY
2026.09.26-01.46.44 game -> room=cmuhqazrw01fdwinwdwoyxz7t code=<redacted> status=IN_PROGRESS
2026.09.26-01.46.44 S09AUTO drive mode=0 plan=[defend+resolve] phase= turn=
2026.09.26-01.46.44 SNAPSHOT applied seq=3 phase=ACTION_MANEUVER
2026.09.26-01.46.44 HANDLE_APPLIED #1 seq=3 decision=2 fightersValid=1 boardValid=1
2026.09.26-01.46.44 MODE seq=3 mode=0 combat=0 pending=0
2026.09.26-01.46.44 HUD seq=3 phase=ACTION_MANEUVER turn=opp hand=5 oppHand=6(hidden) oppDeck=24 deck=25 discard=0
2026.09.26-01.46.44 CAMERA dist=5552 loc=(0,3184,4548) pitch=-55 yaw=-90
2026.09.26-01.46.44 BOARD 20x20 cells | control points: (0,0)=(-950,-950,0) (19,19)=(950,950,0) | neighbor pair (dist 100 uu)
2026.09.26-01.46.44 FIGHTERS synced n=6 alive=6 own=2 enemy=4
2026.09.26-01.46.44 STATE seq=3 -> apply
2026.09.26-01.46.44 SUBSCRIBED gameStateUpdated since=3
2026.09.26-01.46.45 SNAPSHOT applied seq=4 phase=ACTION_MANEUVER
2026.09.26-01.46.45 HANDLE_APPLIED #2 seq=4 decision=2 fightersValid=1 boardValid=1
2026.09.26-01.46.45 MODE seq=4 mode=0 combat=0 pending=0
2026.09.26-01.46.45 HUD seq=4 phase=ACTION_MANEUVER turn=opp hand=5 oppHand=7(hidden) oppDeck=24~ deck=25~ discard=0
2026.09.26-01.46.45 FIGHTERS synced n=6 alive=6 own=2 enemy=4
2026.09.26-01.46.45 WS seq=4 phase=ACTION_MANEUVER (apply)
2026.09.26-01.46.45 SNAPSHOT applied seq=5 phase=ACTION_MANEUVER
2026.09.26-01.46.45 HANDLE_APPLIED #3 seq=5 decision=2 fightersValid=1 boardValid=1
2026.09.26-01.46.45 MODE seq=5 mode=0 combat=0 pending=0
2026.09.26-01.46.45 HUD seq=5 phase=ACTION_MANEUVER turn=you hand=5 oppHand=7(hidden) oppDeck=24~ deck=25~ discard=0
2026.09.26-01.46.45 FIGHTERS synced n=6 alive=6 own=2 enemy=4
2026.09.26-01.46.45 CUE move f-0-hero (3,2)->(4,2) seq=5
2026.09.26-01.46.45 WS seq=5 phase=ACTION_MANEUVER (apply)
2026.09.26-01.46.45 S09AUTO own turn #0 (turnCount=2)
2026.09.26-01.46.45 SNAPSHOT applied seq=6 phase=ACTION_MANEUVER
2026.09.26-01.46.45 HANDLE_APPLIED #4 seq=6 decision=2 fightersValid=1 boardValid=1
2026.09.26-01.46.45 MANEUVER-DRAFT mode=maneuver:2:5
2026.09.26-01.46.45 DRAFT-OPEN draw committed (resume instead of begin)
2026.09.26-01.46.45 MODE seq=6 mode=1 combat=0 pending=0
2026.09.26-01.46.45 HUD seq=6 phase=ACTION_MANEUVER turn=you hand=6 oppHand=7(hidden) oppDeck=24~ deck=25~ discard=0
2026.09.26-01.46.45 FIGHTERS synced n=6 alive=6 own=2 enemy=4
2026.09.26-01.46.45 WS seq=6 phase=ACTION_MANEUVER (apply)
2026.09.26-01.46.45 SNAPSHOT applied seq=6 phase=ACTION_MANEUVER
2026.09.26-01.46.45 HANDLE_APPLIED #5 seq=6 decision=1 fightersValid=1 boardValid=1
2026.09.26-01.46.45 MODE seq=6 mode=1 combat=0 pending=0
2026.09.26-01.46.45 HUD seq=6 phase=ACTION_MANEUVER turn=you hand=6 oppHand=7(hidden) oppDeck=23 deck=24 discard=0
2026.09.26-01.46.45 FIGHTERS synced n=6 alive=6 own=2 enemy=4
2026.09.26-01.46.45 MANEUVER begin seq=6 (merge) pending=maneuver:2:5
2026.09.26-01.46.45 S09AUTO drive mode=1 plan=[defend+resolve] phase=ACTION_MANEUVER turn=cmuhntiwu0001wib0z281rpa8
2026.09.26-01.46.46 S09AUTO draft-open shot (maneuver marker live)
2026.09.26-01.46.46 SHOT ctx viewport=1280x720 viewTarget=CameraActor_2147482375 cam=(0,3184,4548) rot=(-55,-90,0)
2026.09.26-01.46.46 SHOT fighter f-0-hero pos=(4,2) world=(-550,-750,0) screen=(453,152) projected=1 alive=1
2026.09.26-01.46.46 SHOT fighter f-0-sk0 pos=(1,2) world=(-850,-750,0) screen=(352,152) projected=1 alive=1
2026.09.26-01.46.46 SHOT fighter f-0-sk1 pos=(2,3) world=(-750,-650,0) screen=(383,178) projected=1 alive=1
2026.09.26-01.46.46 SHOT fighter f-0-sk2 pos=(2,1) world=(-750,-850,0) screen=(388,126) projected=1 alive=1
2026.09.26-01.46.46 SHOT fighter f-1-hero pos=(17,17) world=(750,750,0) screen=(937,603) projected=1 alive=1
2026.09.26-01.46.46 SHOT fighter f-1-sk0 pos=(16,17) world=(650,750,0) screen=(898,603) projected=1 alive=1
2026.09.26-01.46.46 SHOT requested: FScreenshotRequest(bShowUI) -> C:\Users\ren\AppData\Local\Temp\s09-combat-20260926-064623-94560\joiner/s09-maneuver-draft-open.png
2026.09.26-01.46.46 MANEUVER-CONFIRM moves=1 boost=none
2026.09.26-01.46.47 SNAPSHOT applied seq=7 phase=ACTION_MANEUVER
2026.09.26-01.46.47 HANDLE_APPLIED #6 seq=7 decision=2 fightersValid=1 boardValid=1
2026.09.26-01.46.47 closed mode=
2026.09.26-01.46.47 MODE seq=7 mode=0 combat=0 pending=0
2026.09.26-01.46.47 HUD seq=7 phase=ACTION_MANEUVER turn=you hand=6 oppHand=7(hidden) oppDeck=23~ deck=24~ discard=0
2026.09.26-01.46.47 FIGHTERS synced n=6 alive=6 own=2 enemy=4
2026.09.26-01.46.47 CUE move f-1-hero (17,17)->(18,17) seq=7
2026.09.26-01.46.47 WS seq=7 phase=ACTION_MANEUVER (apply)
2026.09.26-01.46.47 SNAPSHOT applied seq=7 phase=ACTION_MANEUVER
2026.09.26-01.46.47 HANDLE_APPLIED #7 seq=7 decision=1 fightersValid=1 boardValid=1
2026.09.26-01.46.47 MODE seq=7 mode=0 combat=0 pending=0
2026.09.26-01.46.47 HUD seq=7 phase=ACTION_MANEUVER turn=you hand=6 oppHand=7(hidden) oppDeck=23 deck=24 discard=0
2026.09.26-01.46.47 FIGHTERS synced n=6 alive=6 own=2 enemy=4
2026.09.26-01.46.47 MANEUVER done seq=7 (merge) fighters=6 boost=no
2026.09.26-01.46.48 SHOT ctx viewport=1280x720 viewTarget=CameraActor_2147482375 cam=(0,3184,4548) rot=(-55,-90,0)
2026.09.26-01.46.48 SHOT fighter f-0-hero pos=(4,2) world=(-550,-750,0) screen=(453,152) projected=1 alive=1
2026.09.26-01.46.48 SHOT fighter f-0-sk0 pos=(1,2) world=(-850,-750,0) screen=(352,152) projected=1 alive=1
2026.09.26-01.46.48 SHOT fighter f-0-sk1 pos=(2,3) world=(-750,-650,0) screen=(383,178) projected=1 alive=1
2026.09.26-01.46.48 SHOT fighter f-0-sk2 pos=(2,1) world=(-750,-850,0) screen=(388,126) projected=1 alive=1
2026.09.26-01.46.48 SHOT fighter f-1-hero pos=(18,17) world=(850,750,0) screen=(977,603) projected=1 alive=1
2026.09.26-01.46.48 SHOT fighter f-1-sk0 pos=(16,17) world=(650,750,0) screen=(898,603) projected=1 alive=1
2026.09.26-01.46.48 SHOT requested: FScreenshotRequest(bShowUI) -> C:\Users\ren\AppData\Local\Temp\s09-combat-20260926-064623-94560\joiner/s09-hud-after-first-maneuver.png
2026.09.26-01.46.48 S09AUTO drive mode=0 plan=[defend+resolve] phase=ACTION_MANEUVER turn=cmuhntiwu0001wib0z281rpa8
2026.09.26-01.46.48 SNAPSHOT applied seq=8 phase=ACTION_MANEUVER
2026.09.26-01.46.48 HANDLE_APPLIED #8 seq=8 decision=2 fightersValid=1 boardValid=1
2026.09.26-01.46.48 MANEUVER-DRAFT mode=maneuver:2:7
2026.09.26-01.46.48 DRAFT-OPEN draw committed (resume instead of begin)
2026.09.26-01.46.48 MODE seq=8 mode=1 combat=0 pending=0
2026.09.26-01.46.48 HUD seq=8 phase=ACTION_MANEUVER turn=you hand=7 oppHand=7(hidden) oppDeck=23~ deck=24~ discard=0
2026.09.26-01.46.48 FIGHTERS synced n=6 alive=6 own=2 enemy=4
2026.09.26-01.46.48 WS seq=8 phase=ACTION_MANEUVER (apply)
2026.09.26-01.46.48 SNAPSHOT applied seq=8 phase=ACTION_MANEUVER
2026.09.26-01.46.48 HANDLE_APPLIED #9 seq=8 decision=1 fightersValid=1 boardValid=1
2026.09.26-01.46.48 MODE seq=8 mode=1 combat=0 pending=0
2026.09.26-01.46.48 HUD seq=8 phase=ACTION_MANEUVER turn=you hand=7 oppHand=7(hidden) oppDeck=23 deck=23 discard=0
2026.09.26-01.46.48 FIGHTERS synced n=6 alive=6 own=2 enemy=4
2026.09.26-01.46.48 MANEUVER begin seq=8 (merge) pending=maneuver:2:7
2026.09.26-01.46.48 S09AUTO drive mode=1 plan=[defend+resolve] phase=ACTION_MANEUVER turn=cmuhntiwu0001wib0z281rpa8
2026.09.26-01.46.48 MANEUVER-CONFIRM moves=1 boost=none
2026.09.26-01.46.48 SNAPSHOT applied seq=9 phase=ACTION_MANEUVER
2026.09.26-01.46.48 HANDLE_APPLIED #10 seq=9 decision=2 fightersValid=1 boardValid=1
2026.09.26-01.46.48 closed mode=
2026.09.26-01.46.48 MODE seq=9 mode=0 combat=0 pending=0
2026.09.26-01.46.48 HUD seq=9 phase=ACTION_MANEUVER turn=opp hand=7 oppHand=7(hidden) oppDeck=23~ deck=23~ discard=0
2026.09.26-01.46.48 FIGHTERS synced n=6 alive=6 own=2 enemy=4
2026.09.26-01.46.48 CUE move f-1-hero (18,17)->(19,17) seq=9
2026.09.26-01.46.48 WS seq=9 phase=ACTION_MANEUVER (apply)
2026.09.26-01.46.48 SNAPSHOT applied seq=9 phase=ACTION_MANEUVER
2026.09.26-01.46.48 HANDLE_APPLIED #11 seq=9 decision=1 fightersValid=1 boardValid=1
2026.09.26-01.46.48 MODE seq=9 mode=0 combat=0 pending=0
2026.09.26-01.46.48 HUD seq=9 phase=ACTION_MANEUVER turn=opp hand=7 oppHand=7(hidden) oppDeck=23 deck=23 discard=0
2026.09.26-01.46.48 FIGHTERS synced n=6 alive=6 own=2 enemy=4
2026.09.26-01.46.48 MANEUVER done seq=9 (merge) fighters=6 boost=no
2026.09.26-01.46.48 SNAPSHOT applied seq=10 phase=ACTION_MANEUVER
2026.09.26-01.46.48 HANDLE_APPLIED #12 seq=10 decision=2 fightersValid=1 boardValid=1
2026.09.26-01.46.48 MODE seq=10 mode=0 combat=0 pending=0
2026.09.26-01.46.48 HUD seq=10 phase=ACTION_MANEUVER turn=opp hand=7 oppHand=8(hidden) oppDeck=23~ deck=23~ discard=0
2026.09.26-01.46.48 FIGHTERS synced n=6 alive=6 own=2 enemy=4
2026.09.26-01.46.48 WS seq=10 phase=ACTION_MANEUVER (apply)
2026.09.26-01.46.48 SNAPSHOT applied seq=11 phase=ACTION_MANEUVER
2026.09.26-01.46.48 HANDLE_APPLIED #13 seq=11 decision=2 fightersValid=1 boardValid=1
2026.09.26-01.46.48 MODE seq=11 mode=0 combat=0 pending=0
2026.09.26-01.46.48 HUD seq=11 phase=ACTION_MANEUVER turn=opp hand=7 oppHand=8(hidden) oppDeck=23~ deck=23~ discard=0
2026.09.26-01.46.48 FIGHTERS synced n=6 alive=6 own=2 enemy=4
2026.09.26-01.46.48 WS seq=11 phase=ACTION_MANEUVER (apply)
2026.09.26-01.46.49 S09AUTO drive mode=0 plan=[defend+resolve] phase=ACTION_MANEUVER turn=cmuhntivg0000wib0anhqyswc
2026.09.26-01.46.49 SNAPSHOT applied seq=12 phase=ACTION_MANEUVER
2026.09.26-01.46.49 HANDLE_APPLIED #14 seq=12 decision=2 fightersValid=1 boardValid=1
2026.09.26-01.46.49 MODE seq=12 mode=0 combat=0 pending=0
2026.09.26-01.46.49 HUD seq=12 phase=ACTION_MANEUVER turn=opp hand=7 oppHand=9(hidden) oppDeck=23~ deck=23~ discard=0
2026.09.26-01.46.49 FIGHTERS synced n=6 alive=6 own=2 enemy=4
2026.09.26-01.46.49 WS seq=12 phase=ACTION_MANEUVER (apply)
2026.09.26-01.46.49 SNAPSHOT applied seq=13 phase=TURN_END
2026.09.26-01.46.49 HANDLE_APPLIED #15 seq=13 decision=2 fightersValid=1 boardValid=1
2026.09.26-01.46.49 MODE seq=13 mode=0 combat=0 pending=0
2026.09.26-01.46.49 HUD seq=13 phase=TURN_END turn=opp hand=7 oppHand=9(hidden) oppDeck=23~ deck=23~ discard=0 pendingDiscard=2
2026.09.26-01.46.49 FIGHTERS synced n=6 alive=6 own=2 enemy=4
2026.09.26-01.46.49 CUE move f-0-hero (4,2)->(5,2) seq=13
2026.09.26-01.46.49 WS seq=13 phase=TURN_END (apply)
2026.09.26-01.46.50 SNAPSHOT applied seq=14 phase=ACTION_MANEUVER
2026.09.26-01.46.50 HANDLE_APPLIED #16 seq=14 decision=2 fightersValid=1 boardValid=1
2026.09.26-01.46.50 MODE seq=14 mode=0 combat=0 pending=0
2026.09.26-01.46.50 HUD seq=14 phase=ACTION_MANEUVER turn=you hand=7 oppHand=7(hidden) oppDeck=23~ deck=23~ discard=0
2026.09.26-01.46.50 FIGHTERS synced n=6 alive=6 own=2 enemy=4
2026.09.26-01.46.50 WS seq=14 phase=ACTION_MANEUVER (apply)
2026.09.26-01.46.50 S09AUTO own turn #1 (turnCount=4)
2026.09.26-01.46.50 SNAPSHOT applied seq=15 phase=ACTION_MANEUVER
2026.09.26-01.46.50 HANDLE_APPLIED #17 seq=15 decision=2 fightersValid=1 boardValid=1
2026.09.26-01.46.50 MANEUVER-DRAFT mode=maneuver:4:14
2026.09.26-01.46.50 DRAFT-OPEN draw committed (resume instead of begin)
2026.09.26-01.46.50 MODE seq=15 mode=1 combat=0 pending=0
2026.09.26-01.46.50 HUD seq=15 phase=ACTION_MANEUVER turn=you hand=8 oppHand=7(hidden) oppDeck=23~ deck=23~ discard=0
2026.09.26-01.46.50 FIGHTERS synced n=6 alive=6 own=2 enemy=4
2026.09.26-01.46.50 WS seq=15 phase=ACTION_MANEUVER (apply)
2026.09.26-01.46.50 SNAPSHOT applied seq=15 phase=ACTION_MANEUVER
2026.09.26-01.46.50 HANDLE_APPLIED #18 seq=15 decision=1 fightersValid=1 boardValid=1
2026.09.26-01.46.50 MODE seq=15 mode=1 combat=0 pending=0
2026.09.26-01.46.50 HUD seq=15 phase=ACTION_MANEUVER turn=you hand=8 oppHand=7(hidden) oppDeck=21 deck=22 discard=0
2026.09.26-01.46.50 FIGHTERS synced n=6 alive=6 own=2 enemy=4
2026.09.26-01.46.50 MANEUVER begin seq=15 (merge) pending=maneuver:4:14
2026.09.26-01.46.50 S09AUTO drive mode=1 plan=[defend+resolve] phase=ACTION_MANEUVER turn=cmuhntiwu0001wib0z281rpa8
2026.09.26-01.46.50 S09AUTO zero-move confirm (draw only, no movement)
2026.09.26-01.46.50 MANEUVER-CONFIRM moves=0 boost=none
2026.09.26-01.46.51 SNAPSHOT applied seq=16 phase=ACTION_MANEUVER
2026.09.26-01.46.51 HANDLE_APPLIED #19 seq=16 decision=2 fightersValid=1 boardValid=1
2026.09.26-01.46.51 closed mode=
2026.09.26-01.46.51 MODE seq=16 mode=0 combat=0 pending=0
2026.09.26-01.46.51 HUD seq=16 phase=ACTION_MANEUVER turn=you hand=8 oppHand=7(hidden) oppDeck=21~ deck=22~ discard=0
2026.09.26-01.46.51 FIGHTERS synced n=6 alive=6 own=2 enemy=4
2026.09.26-01.46.51 WS seq=16 phase=ACTION_MANEUVER (apply)
2026.09.26-01.46.51 SNAPSHOT applied seq=16 phase=ACTION_MANEUVER
2026.09.26-01.46.51 HANDLE_APPLIED #20 seq=16 decision=1 fightersValid=1 boardValid=1
2026.09.26-01.46.51 MODE seq=16 mode=0 combat=0 pending=0
2026.09.26-01.46.51 HUD seq=16 phase=ACTION_MANEUVER turn=you hand=8 oppHand=7(hidden) oppDeck=21 deck=22 discard=0
2026.09.26-01.46.51 FIGHTERS synced n=6 alive=6 own=2 enemy=4
2026.09.26-01.46.51 MANEUVER done seq=16 (merge) fighters=6 boost=no
2026.09.26-01.46.52 S09AUTO drive mode=0 plan=[defend+resolve] phase=ACTION_MANEUVER turn=cmuhntiwu0001wib0z281rpa8
2026.09.26-01.46.52 SNAPSHOT applied seq=17 phase=ACTION_MANEUVER
2026.09.26-01.46.52 HANDLE_APPLIED #21 seq=17 decision=2 fightersValid=1 boardValid=1
2026.09.26-01.46.52 MANEUVER-DRAFT mode=maneuver:4:16
2026.09.26-01.46.52 DRAFT-OPEN draw committed (resume instead of begin)
2026.09.26-01.46.52 MODE seq=17 mode=1 combat=0 pending=0
2026.09.26-01.46.52 HUD seq=17 phase=ACTION_MANEUVER turn=you hand=9 oppHand=7(hidden) oppDeck=21~ deck=22~ discard=0
2026.09.26-01.46.52 FIGHTERS synced n=6 alive=6 own=2 enemy=4
2026.09.26-01.46.52 WS seq=17 phase=ACTION_MANEUVER (apply)
2026.09.26-01.46.52 SNAPSHOT applied seq=17 phase=ACTION_MANEUVER
2026.09.26-01.46.52 HANDLE_APPLIED #22 seq=17 decision=1 fightersValid=1 boardValid=1
2026.09.26-01.46.52 MODE seq=17 mode=1 combat=0 pending=0
2026.09.26-01.46.52 HUD seq=17 phase=ACTION_MANEUVER turn=you hand=9 oppHand=7(hidden) oppDeck=21 deck=21 discard=0
2026.09.26-01.46.52 FIGHTERS synced n=6 alive=6 own=2 enemy=4
2026.09.26-01.46.52 MANEUVER begin seq=17 (merge) pending=maneuver:4:16
2026.09.26-01.46.52 S09AUTO drive mode=1 plan=[defend+resolve] phase=ACTION_MANEUVER turn=cmuhntiwu0001wib0z281rpa8
2026.09.26-01.46.52 MANEUVER-CONFIRM moves=1 boost=none
2026.09.26-01.46.52 SNAPSHOT applied seq=18 phase=TURN_END
2026.09.26-01.46.52 HANDLE_APPLIED #23 seq=18 decision=2 fightersValid=1 boardValid=1
2026.09.26-01.46.52 DISCARD-DRAFT count=2 pending=discard:4:18
2026.09.26-01.46.52 MODE seq=18 mode=2 combat=0 pending=0
2026.09.26-01.46.52 HUD seq=18 phase=TURN_END turn=you hand=9 oppHand=7(hidden) oppDeck=21~ deck=21~ discard=0 pendingDiscard=2
2026.09.26-01.46.52 FIGHTERS synced n=6 alive=6 own=2 enemy=4
2026.09.26-01.46.52 CUE move f-1-hero (19,17)->(18,17) seq=18
2026.09.26-01.46.52 WS seq=18 phase=TURN_END (apply)
2026.09.26-01.46.52 SNAPSHOT applied seq=18 phase=TURN_END
2026.09.26-01.46.52 HANDLE_APPLIED #24 seq=18 decision=1 fightersValid=1 boardValid=1
2026.09.26-01.46.52 MODE seq=18 mode=2 combat=0 pending=0
2026.09.26-01.46.52 HUD seq=18 phase=TURN_END turn=you hand=9 oppHand=7(hidden) oppDeck=21 deck=21 discard=0 pendingDiscard=2
2026.09.26-01.46.52 FIGHTERS synced n=6 alive=6 own=2 enemy=4
2026.09.26-01.46.52 MANEUVER done seq=18 (merge) fighters=6 boost=no
2026.09.26-01.46.53 SHOT ctx viewport=1280x720 viewTarget=CameraActor_2147482375 cam=(0,3184,4548) rot=(-55,-90,0)
2026.09.26-01.46.53 SHOT fighter f-0-hero pos=(5,2) world=(-450,-750,0) screen=(487,152) projected=1 alive=1
2026.09.26-01.46.53 SHOT fighter f-0-sk0 pos=(1,2) world=(-850,-750,0) screen=(352,152) projected=1 alive=1
2026.09.26-01.46.53 SHOT fighter f-0-sk1 pos=(2,3) world=(-750,-650,0) screen=(383,178) projected=1 alive=1
2026.09.26-01.46.53 SHOT fighter f-0-sk2 pos=(2,1) world=(-750,-850,0) screen=(388,126) projected=1 alive=1
2026.09.26-01.46.53 SHOT fighter f-1-hero pos=(18,17) world=(850,750,0) screen=(977,603) projected=1 alive=1
2026.09.26-01.46.53 SHOT fighter f-1-sk0 pos=(16,17) world=(650,750,0) screen=(898,603) projected=1 alive=1
2026.09.26-01.46.53 SHOT requested: FScreenshotRequest(bShowUI) -> C:\Users\ren\AppData\Local\Temp\s09-combat-20260926-064623-94560\joiner/s09-discard-open.png
2026.09.26-01.46.53 S09AUTO drive mode=2 plan=[defend+resolve] phase=TURN_END turn=cmuhntiwu0001wib0z281rpa8
2026.09.26-01.46.53 S09AUTO discard picks=2
2026.09.26-01.46.53 DISCARD-CONFIRM pending=discard:4:18 count=2 ids=cmuhgvgi000omwi9gbn3wr8kb::0,cmuhgvgi600p0wi9gzhz8rkin::2
2026.09.26-01.46.53 SNAPSHOT applied seq=19 phase=ACTION_MANEUVER
2026.09.26-01.46.53 HANDLE_APPLIED #25 seq=19 decision=2 fightersValid=1 boardValid=1
2026.09.26-01.46.53 closed mode=
2026.09.26-01.46.53 MODE seq=19 mode=0 combat=0 pending=0
2026.09.26-01.46.53 HUD seq=19 phase=ACTION_MANEUVER turn=opp hand=7 oppHand=7(hidden) oppDeck=21~ deck=21~ discard=2
2026.09.26-01.46.53 FIGHTERS synced n=6 alive=6 own=2 enemy=4
2026.09.26-01.46.53 WS seq=19 phase=ACTION_MANEUVER (apply)
2026.09.26-01.46.53 SNAPSHOT applied seq=19 phase=ACTION_MANEUVER
2026.09.26-01.46.53 HANDLE_APPLIED #26 seq=19 decision=1 fightersValid=1 boardValid=1
2026.09.26-01.46.53 MODE seq=19 mode=0 combat=0 pending=0
2026.09.26-01.46.53 HUD seq=19 phase=ACTION_MANEUVER turn=opp hand=7 oppHand=7(hidden) oppDeck=21 deck=21 discard=2
2026.09.26-01.46.53 FIGHTERS synced n=6 alive=6 own=2 enemy=4
2026.09.26-01.46.53 DISCARD done seq=19 phase=ACTION_MANEUVER count=2
2026.09.26-01.46.53 SNAPSHOT applied seq=20 phase=ACTION_MANEUVER
2026.09.26-01.46.53 HANDLE_APPLIED #27 seq=20 decision=2 fightersValid=1 boardValid=1
2026.09.26-01.46.53 MODE seq=20 mode=0 combat=0 pending=0
2026.09.26-01.46.53 HUD seq=20 phase=ACTION_MANEUVER turn=opp hand=7 oppHand=8(hidden) oppDeck=21~ deck=21~ discard=2
2026.09.26-01.46.53 FIGHTERS synced n=6 alive=6 own=2 enemy=4
2026.09.26-01.46.53 WS seq=20 phase=ACTION_MANEUVER (apply)
2026.09.26-01.46.53 SNAPSHOT applied seq=21 phase=ACTION_MANEUVER
2026.09.26-01.46.53 HANDLE_APPLIED #28 seq=21 decision=2 fightersValid=1 boardValid=1
2026.09.26-01.46.53 MODE seq=21 mode=0 combat=0 pending=0
2026.09.26-01.46.53 HUD seq=21 phase=ACTION_MANEUVER turn=opp hand=7 oppHand=8(hidden) oppDeck=21~ deck=21~ discard=2
2026.09.26-01.46.53 FIGHTERS synced n=6 alive=6 own=2 enemy=4
2026.09.26-01.46.53 CUE move f-0-hero (5,2)->(6,2) seq=21
2026.09.26-01.46.53 CUE move f-0-sk0 (1,2)->(2,2) seq=21
2026.09.26-01.46.53 WS seq=21 phase=ACTION_MANEUVER (apply)
2026.09.26-01.46.54 S09AUTO drive mode=0 plan=[defend+resolve] phase=ACTION_MANEUVER turn=cmuhntivg0000wib0anhqyswc
2026.09.26-01.46.54 SNAPSHOT applied seq=22 phase=ACTION_MANEUVER
2026.09.26-01.46.54 HANDLE_APPLIED #29 seq=22 decision=2 fightersValid=1 boardValid=1
2026.09.26-01.46.54 MODE seq=22 mode=0 combat=0 pending=0
2026.09.26-01.46.54 HUD seq=22 phase=ACTION_MANEUVER turn=opp hand=7 oppHand=9(hidden) oppDeck=21~ deck=21~ discard=2
2026.09.26-01.46.54 FIGHTERS synced n=6 alive=6 own=2 enemy=4
2026.09.26-01.46.54 WS seq=22 phase=ACTION_MANEUVER (apply)
2026.09.26-01.46.54 SNAPSHOT applied seq=23 phase=TURN_END
2026.09.26-01.46.54 HANDLE_APPLIED #30 seq=23 decision=2 fightersValid=1 boardValid=1
2026.09.26-01.46.54 MODE seq=23 mode=0 combat=0 pending=0
2026.09.26-01.46.54 HUD seq=23 phase=TURN_END turn=opp hand=7 oppHand=9(hidden) oppDeck=21~ deck=21~ discard=2 pendingDiscard=2
2026.09.26-01.46.54 FIGHTERS synced n=6 alive=6 own=2 enemy=4
2026.09.26-01.46.54 CUE move f-0-hero (6,2)->(7,2) seq=23
2026.09.26-01.46.54 WS seq=23 phase=TURN_END (apply)
2026.09.26-01.46.56 SNAPSHOT applied seq=24 phase=ACTION_MANEUVER
2026.09.26-01.46.56 HANDLE_APPLIED #31 seq=24 decision=2 fightersValid=1 boardValid=1
2026.09.26-01.46.56 MODE seq=24 mode=0 combat=0 pending=0
2026.09.26-01.46.56 HUD seq=24 phase=ACTION_MANEUVER turn=you hand=7 oppHand=7(hidden) oppDeck=21~ deck=21~ discard=2
2026.09.26-01.46.56 FIGHTERS synced n=6 alive=6 own=2 enemy=4
2026.09.26-01.46.56 WS seq=24 phase=ACTION_MANEUVER (apply)
2026.09.26-01.46.56 S09AUTO own turn #2 (turnCount=6)
2026.09.26-01.46.56 SNAPSHOT applied seq=25 phase=ACTION_MANEUVER
2026.09.26-01.46.56 HANDLE_APPLIED #32 seq=25 decision=2 fightersValid=1 boardValid=1
2026.09.26-01.46.56 MANEUVER-DRAFT mode=maneuver:6:24
2026.09.26-01.46.56 DRAFT-OPEN draw committed (resume instead of begin)
2026.09.26-01.46.56 MODE seq=25 mode=1 combat=0 pending=0
2026.09.26-01.46.56 HUD seq=25 phase=ACTION_MANEUVER turn=you hand=8 oppHand=7(hidden) oppDeck=21~ deck=21~ discard=2
2026.09.26-01.46.56 FIGHTERS synced n=6 alive=6 own=2 enemy=4
2026.09.26-01.46.56 WS seq=25 phase=ACTION_MANEUVER (apply)
2026.09.26-01.46.56 SNAPSHOT applied seq=25 phase=ACTION_MANEUVER
2026.09.26-01.46.56 HANDLE_APPLIED #33 seq=25 decision=1 fightersValid=1 boardValid=1
2026.09.26-01.46.56 MODE seq=25 mode=1 combat=0 pending=0
2026.09.26-01.46.56 HUD seq=25 phase=ACTION_MANEUVER turn=you hand=8 oppHand=7(hidden) oppDeck=19 deck=20 discard=2
2026.09.26-01.46.56 FIGHTERS synced n=6 alive=6 own=2 enemy=4
2026.09.26-01.46.56 MANEUVER begin seq=25 (merge) pending=maneuver:6:24
2026.09.26-01.46.56 S09AUTO drive mode=1 plan=[defend+resolve] phase=ACTION_MANEUVER turn=cmuhntiwu0001wib0z281rpa8
2026.09.26-01.46.56 S09AUTO multi-fighter moves=2
2026.09.26-01.46.56 MANEUVER-CONFIRM moves=2 boost=none
2026.09.26-01.46.56 SNAPSHOT applied seq=26 phase=ACTION_MANEUVER
2026.09.26-01.46.56 HANDLE_APPLIED #34 seq=26 decision=2 fightersValid=1 boardValid=1
2026.09.26-01.46.56 closed mode=
2026.09.26-01.46.56 MODE seq=26 mode=0 combat=0 pending=0
2026.09.26-01.46.56 HUD seq=26 phase=ACTION_MANEUVER turn=you hand=8 oppHand=7(hidden) oppDeck=19~ deck=20~ discard=2
2026.09.26-01.46.56 FIGHTERS synced n=6 alive=6 own=2 enemy=4
2026.09.26-01.46.56 CUE move f-1-hero (18,17)->(19,17) seq=26
2026.09.26-01.46.56 CUE move f-1-sk0 (16,17)->(17,17) seq=26
2026.09.26-01.46.56 WS seq=26 phase=ACTION_MANEUVER (apply)
2026.09.26-01.46.56 SNAPSHOT applied seq=26 phase=ACTION_MANEUVER
2026.09.26-01.46.56 HANDLE_APPLIED #35 seq=26 decision=1 fightersValid=1 boardValid=1
2026.09.26-01.46.56 MODE seq=26 mode=0 combat=0 pending=0
2026.09.26-01.46.56 HUD seq=26 phase=ACTION_MANEUVER turn=you hand=8 oppHand=7(hidden) oppDeck=19 deck=20 discard=2
2026.09.26-01.46.56 FIGHTERS synced n=6 alive=6 own=2 enemy=4
2026.09.26-01.46.56 MANEUVER done seq=26 (merge) fighters=6 boost=no
2026.09.26-01.46.57 S09AUTO drive mode=0 plan=[defend+resolve] phase=ACTION_MANEUVER turn=cmuhntiwu0001wib0z281rpa8
2026.09.26-01.46.57 SNAPSHOT applied seq=27 phase=ACTION_MANEUVER
2026.09.26-01.46.57 HANDLE_APPLIED #36 seq=27 decision=2 fightersValid=1 boardValid=1
2026.09.26-01.46.57 MANEUVER-DRAFT mode=maneuver:6:26
2026.09.26-01.46.57 DRAFT-OPEN draw committed (resume instead of begin)
2026.09.26-01.46.57 MODE seq=27 mode=1 combat=0 pending=0
2026.09.26-01.46.57 HUD seq=27 phase=ACTION_MANEUVER turn=you hand=9 oppHand=7(hidden) oppDeck=19~ deck=20~ discard=2
2026.09.26-01.46.57 FIGHTERS synced n=6 alive=6 own=2 enemy=4
2026.09.26-01.46.57 WS seq=27 phase=ACTION_MANEUVER (apply)
2026.09.26-01.46.57 SNAPSHOT applied seq=27 phase=ACTION_MANEUVER
2026.09.26-01.46.57 HANDLE_APPLIED #37 seq=27 decision=1 fightersValid=1 boardValid=1
2026.09.26-01.46.57 MODE seq=27 mode=1 combat=0 pending=0
2026.09.26-01.46.57 HUD seq=27 phase=ACTION_MANEUVER turn=you hand=9 oppHand=7(hidden) oppDeck=19 deck=19 discard=2
2026.09.26-01.46.57 FIGHTERS synced n=6 alive=6 own=2 enemy=4
2026.09.26-01.46.57 MANEUVER begin seq=27 (merge) pending=maneuver:6:26
2026.09.26-01.46.57 S09AUTO drive mode=1 plan=[defend+resolve] phase=ACTION_MANEUVER turn=cmuhntiwu0001wib0z281rpa8
2026.09.26-01.46.57 MANEUVER-CONFIRM moves=1 boost=none
2026.09.26-01.46.57 SNAPSHOT applied seq=28 phase=TURN_END
2026.09.26-01.46.57 HANDLE_APPLIED #38 seq=28 decision=2 fightersValid=1 boardValid=1
2026.09.26-01.46.57 DISCARD-DRAFT count=2 pending=discard:6:28
2026.09.26-01.46.57 MODE seq=28 mode=2 combat=0 pending=0
2026.09.26-01.46.57 HUD seq=28 phase=TURN_END turn=you hand=9 oppHand=7(hidden) oppDeck=19~ deck=19~ discard=2 pendingDiscard=2
2026.09.26-01.46.57 FIGHTERS synced n=6 alive=6 own=2 enemy=4
2026.09.26-01.46.57 CUE move f-1-hero (19,17)->(18,17) seq=28
2026.09.26-01.46.57 WS seq=28 phase=TURN_END (apply)
2026.09.26-01.46.57 SNAPSHOT applied seq=28 phase=TURN_END
2026.09.26-01.46.57 HANDLE_APPLIED #39 seq=28 decision=1 fightersValid=1 boardValid=1
2026.09.26-01.46.57 MODE seq=28 mode=2 combat=0 pending=0
2026.09.26-01.46.57 HUD seq=28 phase=TURN_END turn=you hand=9 oppHand=7(hidden) oppDeck=19 deck=19 discard=2 pendingDiscard=2
2026.09.26-01.46.57 FIGHTERS synced n=6 alive=6 own=2 enemy=4
2026.09.26-01.46.57 MANEUVER done seq=28 (merge) fighters=6 boost=no
2026.09.26-01.46.58 S09AUTO drive mode=2 plan=[defend+resolve] phase=TURN_END turn=cmuhntiwu0001wib0z281rpa8
2026.09.26-01.46.58 S09AUTO discard picks=2
2026.09.26-01.46.58 DISCARD-CONFIRM pending=discard:6:28 count=2 ids=cmuhgvgi800p4wi9greokvfle::1,cmuhgvgi100oowi9gxm86n50b::1
2026.09.26-01.46.58 SNAPSHOT applied seq=29 phase=ACTION_MANEUVER
2026.09.26-01.46.58 HANDLE_APPLIED #40 seq=29 decision=2 fightersValid=1 boardValid=1
2026.09.26-01.46.58 closed mode=
2026.09.26-01.46.58 MODE seq=29 mode=0 combat=0 pending=0
2026.09.26-01.46.58 HUD seq=29 phase=ACTION_MANEUVER turn=opp hand=7 oppHand=7(hidden) oppDeck=19~ deck=19~ discard=4
2026.09.26-01.46.58 FIGHTERS synced n=6 alive=6 own=2 enemy=4
2026.09.26-01.46.58 WS seq=29 phase=ACTION_MANEUVER (apply)
2026.09.26-01.46.58 SNAPSHOT applied seq=29 phase=ACTION_MANEUVER
2026.09.26-01.46.58 HANDLE_APPLIED #41 seq=29 decision=1 fightersValid=1 boardValid=1
2026.09.26-01.46.58 MODE seq=29 mode=0 combat=0 pending=0
2026.09.26-01.46.58 HUD seq=29 phase=ACTION_MANEUVER turn=opp hand=7 oppHand=7(hidden) oppDeck=19 deck=19 discard=4
2026.09.26-01.46.58 FIGHTERS synced n=6 alive=6 own=2 enemy=4
2026.09.26-01.46.58 DISCARD done seq=29 phase=ACTION_MANEUVER count=2
2026.09.26-01.46.58 SNAPSHOT applied seq=30 phase=ACTION_MANEUVER
2026.09.26-01.46.58 HANDLE_APPLIED #42 seq=30 decision=2 fightersValid=1 boardValid=1
2026.09.26-01.46.58 MODE seq=30 mode=0 combat=0 pending=0
2026.09.26-01.46.58 HUD seq=30 phase=ACTION_MANEUVER turn=opp hand=7 oppHand=8(hidden) oppDeck=19~ deck=19~ discard=4
2026.09.26-01.46.58 FIGHTERS synced n=6 alive=6 own=2 enemy=4
2026.09.26-01.46.58 WS seq=30 phase=ACTION_MANEUVER (apply)
2026.09.26-01.46.58 SNAPSHOT applied seq=31 phase=ACTION_MANEUVER
2026.09.26-01.46.58 HANDLE_APPLIED #43 seq=31 decision=2 fightersValid=1 boardValid=1
2026.09.26-01.46.58 MODE seq=31 mode=0 combat=0 pending=0
2026.09.26-01.46.58 HUD seq=31 phase=ACTION_MANEUVER turn=opp hand=7 oppHand=8(hidden) oppDeck=19~ deck=19~ discard=4
2026.09.26-01.46.58 FIGHTERS synced n=6 alive=6 own=2 enemy=4
2026.09.26-01.46.58 CUE move f-0-hero (7,2)->(8,2) seq=31
2026.09.26-01.46.58 WS seq=31 phase=ACTION_MANEUVER (apply)
2026.09.26-01.46.59 S09AUTO drive mode=0 plan=[defend+resolve] phase=ACTION_MANEUVER turn=cmuhntivg0000wib0anhqyswc
2026.09.26-01.47.00 SNAPSHOT applied seq=32 phase=ACTION_MANEUVER
2026.09.26-01.47.00 HANDLE_APPLIED #44 seq=32 decision=2 fightersValid=1 boardValid=1
2026.09.26-01.47.00 MODE seq=32 mode=0 combat=0 pending=0
2026.09.26-01.47.00 HUD seq=32 phase=ACTION_MANEUVER turn=opp hand=7 oppHand=9(hidden) oppDeck=19~ deck=19~ discard=4
2026.09.26-01.47.00 FIGHTERS synced n=6 alive=6 own=2 enemy=4
2026.09.26-01.47.00 WS seq=32 phase=ACTION_MANEUVER (apply)
2026.09.26-01.47.00 SNAPSHOT applied seq=33 phase=TURN_END
2026.09.26-01.47.00 HANDLE_APPLIED #45 seq=33 decision=2 fightersValid=1 boardValid=1
2026.09.26-01.47.00 MODE seq=33 mode=0 combat=0 pending=0
2026.09.26-01.47.00 HUD seq=33 phase=TURN_END turn=opp hand=7 oppHand=9(hidden) oppDeck=19~ deck=19~ discard=4 pendingDiscard=2
2026.09.26-01.47.00 FIGHTERS synced n=6 alive=6 own=2 enemy=4
2026.09.26-01.47.00 CUE move f-0-hero (8,2)->(9,2) seq=33
2026.09.26-01.47.00 WS seq=33 phase=TURN_END (apply)
2026.09.26-01.47.01 SNAPSHOT applied seq=34 phase=ACTION_MANEUVER
2026.09.26-01.47.01 HANDLE_APPLIED #46 seq=34 decision=2 fightersValid=1 boardValid=1
2026.09.26-01.47.01 MODE seq=34 mode=0 combat=0 pending=0
2026.09.26-01.47.01 HUD seq=34 phase=ACTION_MANEUVER turn=you hand=7 oppHand=7(hidden) oppDeck=19~ deck=19~ discard=4
2026.09.26-01.47.01 FIGHTERS synced n=6 alive=6 own=2 enemy=4
2026.09.26-01.47.01 WS seq=34 phase=ACTION_MANEUVER (apply)
2026.09.26-01.47.01 S09AUTO own turn #3 (turnCount=8)
2026.09.26-01.47.01 SNAPSHOT applied seq=35 phase=ACTION_MANEUVER
2026.09.26-01.47.01 HANDLE_APPLIED #47 seq=35 decision=2 fightersValid=1 boardValid=1
2026.09.26-01.47.01 MANEUVER-DRAFT mode=maneuver:8:34
2026.09.26-01.47.01 DRAFT-OPEN draw committed (resume instead of begin)
2026.09.26-01.47.01 MODE seq=35 mode=1 combat=0 pending=0
2026.09.26-01.47.01 HUD seq=35 phase=ACTION_MANEUVER turn=you hand=8 oppHand=7(hidden) oppDeck=19~ deck=19~ discard=4
2026.09.26-01.47.01 FIGHTERS synced n=6 alive=6 own=2 enemy=4
2026.09.26-01.47.01 WS seq=35 phase=ACTION_MANEUVER (apply)
2026.09.26-01.47.01 SNAPSHOT applied seq=35 phase=ACTION_MANEUVER
2026.09.26-01.47.01 HANDLE_APPLIED #48 seq=35 decision=1 fightersValid=1 boardValid=1
2026.09.26-01.47.01 MODE seq=35 mode=1 combat=0 pending=0
2026.09.26-01.47.01 HUD seq=35 phase=ACTION_MANEUVER turn=you hand=8 oppHand=7(hidden) oppDeck=17 deck=18 discard=4
2026.09.26-01.47.01 FIGHTERS synced n=6 alive=6 own=2 enemy=4
2026.09.26-01.47.01 MANEUVER begin seq=35 (merge) pending=maneuver:8:34
2026.09.26-01.47.01 S09AUTO drive mode=1 plan=[defend+resolve] phase=ACTION_MANEUVER turn=cmuhntiwu0001wib0z281rpa8
2026.09.26-01.47.01 MANEUVER-CONFIRM moves=1 boost=none
2026.09.26-01.47.01 SNAPSHOT applied seq=36 phase=ACTION_MANEUVER
2026.09.26-01.47.01 HANDLE_APPLIED #49 seq=36 decision=2 fightersValid=1 boardValid=1
2026.09.26-01.47.01 closed mode=
2026.09.26-01.47.01 MODE seq=36 mode=0 combat=0 pending=0
2026.09.26-01.47.01 HUD seq=36 phase=ACTION_MANEUVER turn=you hand=8 oppHand=7(hidden) oppDeck=17 deck=18 discard=4
2026.09.26-01.47.01 FIGHTERS synced n=6 alive=6 own=2 enemy=4
2026.09.26-01.47.01 CUE move f-1-hero (18,17)->(19,17) seq=36
2026.09.26-01.47.01 MANEUVER done seq=36 (apply) fighters=6 boost=no
2026.09.26-01.47.01 SNAPSHOT applied seq=36 phase=ACTION_MANEUVER
2026.09.26-01.47.01 HANDLE_APPLIED #50 seq=36 decision=1 fightersValid=1 boardValid=1
2026.09.26-01.47.01 MODE seq=36 mode=0 combat=0 pending=0
2026.09.26-01.47.01 HUD seq=36 phase=ACTION_MANEUVER turn=you hand=8 oppHand=7(hidden) oppDeck=17 deck=18 discard=4
2026.09.26-01.47.01 FIGHTERS synced n=6 alive=6 own=2 enemy=4
2026.09.26-01.47.01 WS seq=36 phase=ACTION_MANEUVER (merge)
2026.09.26-01.47.02 S09AUTO drive mode=0 plan=[defend+resolve] phase=ACTION_MANEUVER turn=cmuhntiwu0001wib0z281rpa8
2026.09.26-01.47.02 SNAPSHOT applied seq=37 phase=ACTION_MANEUVER
2026.09.26-01.47.02 HANDLE_APPLIED #51 seq=37 decision=2 fightersValid=1 boardValid=1
2026.09.26-01.47.02 MANEUVER-DRAFT mode=maneuver:8:36
2026.09.26-01.47.02 DRAFT-OPEN draw committed (resume instead of begin)
2026.09.26-01.47.02 MODE seq=37 mode=1 combat=0 pending=0
2026.09.26-01.47.02 HUD seq=37 phase=ACTION_MANEUVER turn=you hand=9 oppHand=7(hidden) oppDeck=17~ deck=18~ discard=4
2026.09.26-01.47.02 FIGHTERS synced n=6 alive=6 own=2 enemy=4
2026.09.26-01.47.02 WS seq=37 phase=ACTION_MANEUVER (apply)
2026.09.26-01.47.02 SNAPSHOT applied seq=37 phase=ACTION_MANEUVER
2026.09.26-01.47.02 HANDLE_APPLIED #52 seq=37 decision=1 fightersValid=1 boardValid=1
2026.09.26-01.47.02 MODE seq=37 mode=1 combat=0 pending=0
2026.09.26-01.47.02 HUD seq=37 phase=ACTION_MANEUVER turn=you hand=9 oppHand=7(hidden) oppDeck=17 deck=17 discard=4
2026.09.26-01.47.02 FIGHTERS synced n=6 alive=6 own=2 enemy=4
2026.09.26-01.47.02 MANEUVER begin seq=37 (merge) pending=maneuver:8:36
2026.09.26-01.47.02 S09AUTO drive mode=1 plan=[defend+resolve] phase=ACTION_MANEUVER turn=cmuhntiwu0001wib0z281rpa8
2026.09.26-01.47.02 MANEUVER-CONFIRM moves=1 boost=none
2026.09.26-01.47.02 SNAPSHOT applied seq=38 phase=TURN_END
2026.09.26-01.47.02 HANDLE_APPLIED #53 seq=38 decision=2 fightersValid=1 boardValid=1
2026.09.26-01.47.02 DISCARD-DRAFT count=2 pending=discard:8:38
2026.09.26-01.47.02 MODE seq=38 mode=2 combat=0 pending=0
2026.09.26-01.47.02 HUD seq=38 phase=TURN_END turn=you hand=9 oppHand=7(hidden) oppDeck=17~ deck=17~ discard=4 pendingDiscard=2
2026.09.26-01.47.02 FIGHTERS synced n=6 alive=6 own=2 enemy=4
2026.09.26-01.47.02 CUE move f-1-hero (19,17)->(18,17) seq=38
2026.09.26-01.47.02 WS seq=38 phase=TURN_END (apply)
2026.09.26-01.47.02 SNAPSHOT applied seq=38 phase=TURN_END
2026.09.26-01.47.02 HANDLE_APPLIED #54 seq=38 decision=1 fightersValid=1 boardValid=1
2026.09.26-01.47.02 MODE seq=38 mode=2 combat=0 pending=0
2026.09.26-01.47.02 HUD seq=38 phase=TURN_END turn=you hand=9 oppHand=7(hidden) oppDeck=17 deck=17 discard=4 pendingDiscard=2
2026.09.26-01.47.02 FIGHTERS synced n=6 alive=6 own=2 enemy=4
2026.09.26-01.47.02 MANEUVER done seq=38 (merge) fighters=6 boost=no
2026.09.26-01.47.04 S09AUTO drive mode=2 plan=[defend+resolve] phase=TURN_END turn=cmuhntiwu0001wib0z281rpa8
2026.09.26-01.47.04 S09AUTO discard picks=2
2026.09.26-01.47.04 DISCARD-CONFIRM pending=discard:8:38 count=2 ids=cmuhgvghw00oewi9gm7pt0c36::0,cmuhgvghx00ogwi9g6yhna6m8::0
2026.09.26-01.47.04 SNAPSHOT applied seq=39 phase=ACTION_MANEUVER
2026.09.26-01.47.04 HANDLE_APPLIED #55 seq=39 decision=2 fightersValid=1 boardValid=1
2026.09.26-01.47.04 closed mode=
2026.09.26-01.47.04 MODE seq=39 mode=0 combat=0 pending=0
2026.09.26-01.47.04 HUD seq=39 phase=ACTION_MANEUVER turn=opp hand=7 oppHand=7(hidden) oppDeck=17~ deck=17~ discard=6
2026.09.26-01.47.04 FIGHTERS synced n=6 alive=6 own=2 enemy=4
2026.09.26-01.47.04 WS seq=39 phase=ACTION_MANEUVER (apply)
2026.09.26-01.47.04 SNAPSHOT applied seq=39 phase=ACTION_MANEUVER
2026.09.26-01.47.04 HANDLE_APPLIED #56 seq=39 decision=1 fightersValid=1 boardValid=1
2026.09.26-01.47.04 MODE seq=39 mode=0 combat=0 pending=0
2026.09.26-01.47.04 HUD seq=39 phase=ACTION_MANEUVER turn=opp hand=7 oppHand=7(hidden) oppDeck=17 deck=17 discard=6
2026.09.26-01.47.04 FIGHTERS synced n=6 alive=6 own=2 enemy=4
2026.09.26-01.47.04 DISCARD done seq=39 phase=ACTION_MANEUVER count=2
2026.09.26-01.47.04 SNAPSHOT applied seq=40 phase=ACTION_MANEUVER
2026.09.26-01.47.04 HANDLE_APPLIED #57 seq=40 decision=2 fightersValid=1 boardValid=1
2026.09.26-01.47.04 MODE seq=40 mode=0 combat=0 pending=0
2026.09.26-01.47.04 HUD seq=40 phase=ACTION_MANEUVER turn=opp hand=7 oppHand=8(hidden) oppDeck=17~ deck=17~ discard=6
2026.09.26-01.47.04 FIGHTERS synced n=6 alive=6 own=2 enemy=4
2026.09.26-01.47.04 WS seq=40 phase=ACTION_MANEUVER (apply)
2026.09.26-01.47.04 SNAPSHOT applied seq=41 phase=ACTION_MANEUVER
2026.09.26-01.47.04 HANDLE_APPLIED #58 seq=41 decision=2 fightersValid=1 boardValid=1
2026.09.26-01.47.04 MODE seq=41 mode=0 combat=0 pending=0
2026.09.26-01.47.04 HUD seq=41 phase=ACTION_MANEUVER turn=opp hand=7 oppHand=8(hidden) oppDeck=17~ deck=17~ discard=6
2026.09.26-01.47.04 FIGHTERS synced n=6 alive=6 own=2 enemy=4
2026.09.26-01.47.04 CUE move f-0-hero (9,2)->(10,2) seq=41
2026.09.26-01.47.04 WS seq=41 phase=ACTION_MANEUVER (apply)
2026.09.26-01.47.05 S09AUTO drive mode=0 plan=[defend+resolve] phase=ACTION_MANEUVER turn=cmuhntivg0000wib0anhqyswc
2026.09.26-01.47.05 SNAPSHOT applied seq=42 phase=ACTION_MANEUVER
2026.09.26-01.47.05 HANDLE_APPLIED #59 seq=42 decision=2 fightersValid=1 boardValid=1
2026.09.26-01.47.05 MODE seq=42 mode=0 combat=0 pending=0
2026.09.26-01.47.05 HUD seq=42 phase=ACTION_MANEUVER turn=opp hand=7 oppHand=9(hidden) oppDeck=17~ deck=17~ discard=6
2026.09.26-01.47.05 FIGHTERS synced n=6 alive=6 own=2 enemy=4
2026.09.26-01.47.05 WS seq=42 phase=ACTION_MANEUVER (apply)
2026.09.26-01.47.05 SNAPSHOT applied seq=43 phase=TURN_END
2026.09.26-01.47.05 HANDLE_APPLIED #60 seq=43 decision=2 fightersValid=1 boardValid=1
2026.09.26-01.47.05 MODE seq=43 mode=0 combat=0 pending=0
2026.09.26-01.47.05 HUD seq=43 phase=TURN_END turn=opp hand=7 oppHand=9(hidden) oppDeck=17~ deck=17~ discard=6 pendingDiscard=2
2026.09.26-01.47.05 FIGHTERS synced n=6 alive=6 own=2 enemy=4
2026.09.26-01.47.05 CUE move f-0-hero (10,2)->(11,2) seq=43
2026.09.26-01.47.05 WS seq=43 phase=TURN_END (apply)
2026.09.26-01.47.06 SNAPSHOT applied seq=44 phase=ACTION_MANEUVER
2026.09.26-01.47.06 HANDLE_APPLIED #61 seq=44 decision=2 fightersValid=1 boardValid=1
2026.09.26-01.47.06 MODE seq=44 mode=0 combat=0 pending=0
2026.09.26-01.47.06 HUD seq=44 phase=ACTION_MANEUVER turn=you hand=7 oppHand=7(hidden) oppDeck=17~ deck=17~ discard=6
2026.09.26-01.47.06 FIGHTERS synced n=6 alive=6 own=2 enemy=4
2026.09.26-01.47.06 WS seq=44 phase=ACTION_MANEUVER (apply)
2026.09.26-01.47.06 S09AUTO own turn #4 (turnCount=10)
2026.09.26-01.47.06 SNAPSHOT applied seq=45 phase=ACTION_MANEUVER
2026.09.26-01.47.06 HANDLE_APPLIED #62 seq=45 decision=2 fightersValid=1 boardValid=1
2026.09.26-01.47.06 MANEUVER-DRAFT mode=maneuver:10:44
2026.09.26-01.47.06 DRAFT-OPEN draw committed (resume instead of begin)
2026.09.26-01.47.06 MODE seq=45 mode=1 combat=0 pending=0
2026.09.26-01.47.06 HUD seq=45 phase=ACTION_MANEUVER turn=you hand=8 oppHand=7(hidden) oppDeck=17~ deck=17~ discard=6
2026.09.26-01.47.06 FIGHTERS synced n=6 alive=6 own=2 enemy=4
2026.09.26-01.47.06 WS seq=45 phase=ACTION_MANEUVER (apply)
2026.09.26-01.47.06 SNAPSHOT applied seq=45 phase=ACTION_MANEUVER
2026.09.26-01.47.06 HANDLE_APPLIED #63 seq=45 decision=1 fightersValid=1 boardValid=1
2026.09.26-01.47.06 MODE seq=45 mode=1 combat=0 pending=0
2026.09.26-01.47.06 HUD seq=45 phase=ACTION_MANEUVER turn=you hand=8 oppHand=7(hidden) oppDeck=15 deck=16 discard=6
2026.09.26-01.47.06 FIGHTERS synced n=6 alive=6 own=2 enemy=4
2026.09.26-01.47.06 MANEUVER begin seq=45 (merge) pending=maneuver:10:44
2026.09.26-01.47.06 S09AUTO drive mode=1 plan=[defend+resolve] phase=ACTION_MANEUVER turn=cmuhntiwu0001wib0z281rpa8
2026.09.26-01.47.06 MANEUVER-CONFIRM moves=1 boost=none
2026.09.26-01.47.06 SNAPSHOT applied seq=46 phase=ACTION_MANEUVER
2026.09.26-01.47.06 HANDLE_APPLIED #64 seq=46 decision=2 fightersValid=1 boardValid=1
2026.09.26-01.47.06 closed mode=
2026.09.26-01.47.06 MODE seq=46 mode=0 combat=0 pending=0
2026.09.26-01.47.06 HUD seq=46 phase=ACTION_MANEUVER turn=you hand=8 oppHand=7(hidden) oppDeck=15~ deck=16~ discard=6
2026.09.26-01.47.06 FIGHTERS synced n=6 alive=6 own=2 enemy=4
2026.09.26-01.47.06 CUE move f-1-hero (18,17)->(19,17) seq=46
2026.09.26-01.47.06 WS seq=46 phase=ACTION_MANEUVER (apply)
2026.09.26-01.47.06 SNAPSHOT applied seq=46 phase=ACTION_MANEUVER
2026.09.26-01.47.06 HANDLE_APPLIED #65 seq=46 decision=1 fightersValid=1 boardValid=1
2026.09.26-01.47.06 MODE seq=46 mode=0 combat=0 pending=0
2026.09.26-01.47.06 HUD seq=46 phase=ACTION_MANEUVER turn=you hand=8 oppHand=7(hidden) oppDeck=15 deck=16 discard=6
2026.09.26-01.47.06 FIGHTERS synced n=6 alive=6 own=2 enemy=4
2026.09.26-01.47.06 MANEUVER done seq=46 (merge) fighters=6 boost=no
2026.09.26-01.47.08 S09AUTO drive mode=0 plan=[defend+resolve] phase=ACTION_MANEUVER turn=cmuhntiwu0001wib0z281rpa8
2026.09.26-01.47.08 SNAPSHOT applied seq=47 phase=ACTION_MANEUVER
2026.09.26-01.47.08 HANDLE_APPLIED #66 seq=47 decision=2 fightersValid=1 boardValid=1
2026.09.26-01.47.08 MANEUVER-DRAFT mode=maneuver:10:46
2026.09.26-01.47.08 DRAFT-OPEN draw committed (resume instead of begin)
2026.09.26-01.47.08 MODE seq=47 mode=1 combat=0 pending=0
2026.09.26-01.47.08 HUD seq=47 phase=ACTION_MANEUVER turn=you hand=9 oppHand=7(hidden) oppDeck=15~ deck=16~ discard=6
2026.09.26-01.47.08 FIGHTERS synced n=6 alive=6 own=2 enemy=4
2026.09.26-01.47.08 WS seq=47 phase=ACTION_MANEUVER (apply)
2026.09.26-01.47.08 SNAPSHOT applied seq=47 phase=ACTION_MANEUVER
2026.09.26-01.47.08 HANDLE_APPLIED #67 seq=47 decision=1 fightersValid=1 boardValid=1
2026.09.26-01.47.08 MODE seq=47 mode=1 combat=0 pending=0
2026.09.26-01.47.08 HUD seq=47 phase=ACTION_MANEUVER turn=you hand=9 oppHand=7(hidden) oppDeck=15 deck=15 discard=6
2026.09.26-01.47.08 FIGHTERS synced n=6 alive=6 own=2 enemy=4
2026.09.26-01.47.08 MANEUVER begin seq=47 (merge) pending=maneuver:10:46
2026.09.26-01.47.08 S09AUTO drive mode=1 plan=[defend+resolve] phase=ACTION_MANEUVER turn=cmuhntiwu0001wib0z281rpa8
2026.09.26-01.47.08 MANEUVER-CONFIRM moves=1 boost=none
2026.09.26-01.47.08 SNAPSHOT applied seq=48 phase=TURN_END
2026.09.26-01.47.08 HANDLE_APPLIED #68 seq=48 decision=2 fightersValid=1 boardValid=1
2026.09.26-01.47.08 DISCARD-DRAFT count=2 pending=discard:10:48
2026.09.26-01.47.08 MODE seq=48 mode=2 combat=0 pending=0
2026.09.26-01.47.08 HUD seq=48 phase=TURN_END turn=you hand=9 oppHand=7(hidden) oppDeck=15~ deck=15~ discard=6 pendingDiscard=2
2026.09.26-01.47.08 FIGHTERS synced n=6 alive=6 own=2 enemy=4
2026.09.26-01.47.08 CUE move f-1-hero (19,17)->(18,17) seq=48
2026.09.26-01.47.08 WS seq=48 phase=TURN_END (apply)
2026.09.26-01.47.08 SNAPSHOT applied seq=48 phase=TURN_END
2026.09.26-01.47.08 HANDLE_APPLIED #69 seq=48 decision=1 fightersValid=1 boardValid=1
2026.09.26-01.47.08 MODE seq=48 mode=2 combat=0 pending=0
2026.09.26-01.47.08 HUD seq=48 phase=TURN_END turn=you hand=9 oppHand=7(hidden) oppDeck=15 deck=15 discard=6 pendingDiscard=2
2026.09.26-01.47.08 FIGHTERS synced n=6 alive=6 own=2 enemy=4
2026.09.26-01.47.08 MANEUVER done seq=48 (merge) fighters=6 boost=no
2026.09.26-01.47.09 S09AUTO drive mode=2 plan=[defend+resolve] phase=TURN_END turn=cmuhntiwu0001wib0z281rpa8
2026.09.26-01.47.09 S09AUTO discard picks=2
2026.09.26-01.47.09 DISCARD-CONFIRM pending=discard:10:48 count=2 ids=cmuhgvgi800p4wi9greokvfle::0,cmuhgvgi800p4wi9greokvfle::2
2026.09.26-01.47.09 SNAPSHOT applied seq=49 phase=ACTION_MANEUVER
2026.09.26-01.47.09 HANDLE_APPLIED #70 seq=49 decision=2 fightersValid=1 boardValid=1
2026.09.26-01.47.09 closed mode=
2026.09.26-01.47.09 MODE seq=49 mode=0 combat=0 pending=0
2026.09.26-01.47.09 HUD seq=49 phase=ACTION_MANEUVER turn=opp hand=7 oppHand=7(hidden) oppDeck=15~ deck=15~ discard=8
2026.09.26-01.47.09 FIGHTERS synced n=6 alive=6 own=2 enemy=4
2026.09.26-01.47.09 WS seq=49 phase=ACTION_MANEUVER (apply)
2026.09.26-01.47.09 SNAPSHOT applied seq=49 phase=ACTION_MANEUVER
2026.09.26-01.47.09 HANDLE_APPLIED #71 seq=49 decision=1 fightersValid=1 boardValid=1
2026.09.26-01.47.09 MODE seq=49 mode=0 combat=0 pending=0
2026.09.26-01.47.09 HUD seq=49 phase=ACTION_MANEUVER turn=opp hand=7 oppHand=7(hidden) oppDeck=15 deck=15 discard=8
2026.09.26-01.47.09 FIGHTERS synced n=6 alive=6 own=2 enemy=4
2026.09.26-01.47.09 DISCARD done seq=49 phase=ACTION_MANEUVER count=2
2026.09.26-01.47.09 SNAPSHOT applied seq=50 phase=ACTION_MANEUVER
2026.09.26-01.47.09 HANDLE_APPLIED #72 seq=50 decision=2 fightersValid=1 boardValid=1
2026.09.26-01.47.09 MODE seq=50 mode=0 combat=0 pending=0
2026.09.26-01.47.09 HUD seq=50 phase=ACTION_MANEUVER turn=opp hand=7 oppHand=8(hidden) oppDeck=15~ deck=15~ discard=8
2026.09.26-01.47.09 FIGHTERS synced n=6 alive=6 own=2 enemy=4
2026.09.26-01.47.09 WS seq=50 phase=ACTION_MANEUVER (apply)
2026.09.26-01.47.09 SNAPSHOT applied seq=51 phase=ACTION_MANEUVER
2026.09.26-01.47.09 HANDLE_APPLIED #73 seq=51 decision=2 fightersValid=1 boardValid=1
2026.09.26-01.47.09 MODE seq=51 mode=0 combat=0 pending=0
2026.09.26-01.47.09 HUD seq=51 phase=ACTION_MANEUVER turn=opp hand=7 oppHand=8(hidden) oppDeck=15~ deck=15~ discard=8
2026.09.26-01.47.09 FIGHTERS synced n=6 alive=6 own=2 enemy=4
2026.09.26-01.47.09 CUE move f-0-hero (11,2)->(12,2) seq=51
2026.09.26-01.47.09 WS seq=51 phase=ACTION_MANEUVER (apply)
2026.09.26-01.47.10 S09AUTO drive mode=0 plan=[defend+resolve] phase=ACTION_MANEUVER turn=cmuhntivg0000wib0anhqyswc
2026.09.26-01.47.10 SNAPSHOT applied seq=52 phase=ACTION_MANEUVER
2026.09.26-01.47.10 HANDLE_APPLIED #74 seq=52 decision=2 fightersValid=1 boardValid=1
2026.09.26-01.47.10 MODE seq=52 mode=0 combat=0 pending=0
2026.09.26-01.47.10 HUD seq=52 phase=ACTION_MANEUVER turn=opp hand=7 oppHand=9(hidden) oppDeck=15~ deck=15~ discard=8
2026.09.26-01.47.10 FIGHTERS synced n=6 alive=6 own=2 enemy=4
2026.09.26-01.47.10 WS seq=52 phase=ACTION_MANEUVER (apply)
2026.09.26-01.47.10 SNAPSHOT applied seq=53 phase=TURN_END
2026.09.26-01.47.10 HANDLE_APPLIED #75 seq=53 decision=2 fightersValid=1 boardValid=1
2026.09.26-01.47.10 MODE seq=53 mode=0 combat=0 pending=0
2026.09.26-01.47.10 HUD seq=53 phase=TURN_END turn=opp hand=7 oppHand=9(hidden) oppDeck=15~ deck=15~ discard=8 pendingDiscard=2
2026.09.26-01.47.10 FIGHTERS synced n=6 alive=6 own=2 enemy=4
2026.09.26-01.47.10 CUE move f-0-hero (12,2)->(13,2) seq=53
2026.09.26-01.47.10 WS seq=53 phase=TURN_END (apply)
2026.09.26-01.47.12 SNAPSHOT applied seq=54 phase=ACTION_MANEUVER
2026.09.26-01.47.12 HANDLE_APPLIED #76 seq=54 decision=2 fightersValid=1 boardValid=1
2026.09.26-01.47.12 MODE seq=54 mode=0 combat=0 pending=0
2026.09.26-01.47.12 HUD seq=54 phase=ACTION_MANEUVER turn=you hand=7 oppHand=7(hidden) oppDeck=15~ deck=15~ discard=8
2026.09.26-01.47.12 FIGHTERS synced n=6 alive=6 own=2 enemy=4
2026.09.26-01.47.12 WS seq=54 phase=ACTION_MANEUVER (apply)
2026.09.26-01.47.12 S09AUTO own turn #5 (turnCount=12)
2026.09.26-01.47.12 SNAPSHOT applied seq=55 phase=ACTION_MANEUVER
2026.09.26-01.47.12 HANDLE_APPLIED #77 seq=55 decision=2 fightersValid=1 boardValid=1
2026.09.26-01.47.12 MANEUVER-DRAFT mode=maneuver:12:54
2026.09.26-01.47.12 DRAFT-OPEN draw committed (resume instead of begin)
2026.09.26-01.47.12 MODE seq=55 mode=1 combat=0 pending=0
2026.09.26-01.47.12 HUD seq=55 phase=ACTION_MANEUVER turn=you hand=8 oppHand=7(hidden) oppDeck=15~ deck=15~ discard=8
2026.09.26-01.47.12 FIGHTERS synced n=6 alive=6 own=2 enemy=4
2026.09.26-01.47.12 WS seq=55 phase=ACTION_MANEUVER (apply)
2026.09.26-01.47.12 SNAPSHOT applied seq=55 phase=ACTION_MANEUVER
2026.09.26-01.47.12 HANDLE_APPLIED #78 seq=55 decision=1 fightersValid=1 boardValid=1
2026.09.26-01.47.12 MODE seq=55 mode=1 combat=0 pending=0
2026.09.26-01.47.12 HUD seq=55 phase=ACTION_MANEUVER turn=you hand=8 oppHand=7(hidden) oppDeck=13 deck=14 discard=8
2026.09.26-01.47.12 FIGHTERS synced n=6 alive=6 own=2 enemy=4
2026.09.26-01.47.12 MANEUVER begin seq=55 (merge) pending=maneuver:12:54
2026.09.26-01.47.12 S09AUTO drive mode=1 plan=[defend+resolve] phase=ACTION_MANEUVER turn=cmuhntiwu0001wib0z281rpa8
2026.09.26-01.47.12 MANEUVER-CONFIRM moves=1 boost=none
2026.09.26-01.47.12 SNAPSHOT applied seq=56 phase=ACTION_MANEUVER
2026.09.26-01.47.12 HANDLE_APPLIED #79 seq=56 decision=2 fightersValid=1 boardValid=1
2026.09.26-01.47.12 closed mode=
2026.09.26-01.47.12 MODE seq=56 mode=0 combat=0 pending=0
2026.09.26-01.47.12 HUD seq=56 phase=ACTION_MANEUVER turn=you hand=8 oppHand=7(hidden) oppDeck=13~ deck=14~ discard=8
2026.09.26-01.47.12 FIGHTERS synced n=6 alive=6 own=2 enemy=4
2026.09.26-01.47.12 CUE move f-1-hero (18,17)->(19,17) seq=56
2026.09.26-01.47.12 WS seq=56 phase=ACTION_MANEUVER (apply)
2026.09.26-01.47.12 SNAPSHOT applied seq=56 phase=ACTION_MANEUVER
2026.09.26-01.47.12 HANDLE_APPLIED #80 seq=56 decision=1 fightersValid=1 boardValid=1
2026.09.26-01.47.12 MODE seq=56 mode=0 combat=0 pending=0
2026.09.26-01.47.12 HUD seq=56 phase=ACTION_MANEUVER turn=you hand=8 oppHand=7(hidden) oppDeck=13 deck=14 discard=8
2026.09.26-01.47.12 FIGHTERS synced n=6 alive=6 own=2 enemy=4
2026.09.26-01.47.12 MANEUVER done seq=56 (merge) fighters=6 boost=no
2026.09.26-01.47.13 S09AUTO drive mode=0 plan=[defend+resolve] phase=ACTION_MANEUVER turn=cmuhntiwu0001wib0z281rpa8
2026.09.26-01.47.13 SNAPSHOT applied seq=57 phase=ACTION_MANEUVER
2026.09.26-01.47.13 HANDLE_APPLIED #81 seq=57 decision=2 fightersValid=1 boardValid=1
2026.09.26-01.47.13 MANEUVER-DRAFT mode=maneuver:12:56
2026.09.26-01.47.13 DRAFT-OPEN draw committed (resume instead of begin)
2026.09.26-01.47.13 MODE seq=57 mode=1 combat=0 pending=0
2026.09.26-01.47.13 HUD seq=57 phase=ACTION_MANEUVER turn=you hand=9 oppHand=7(hidden) oppDeck=13~ deck=14~ discard=8
2026.09.26-01.47.13 FIGHTERS synced n=6 alive=6 own=2 enemy=4
2026.09.26-01.47.13 WS seq=57 phase=ACTION_MANEUVER (apply)
2026.09.26-01.47.13 SNAPSHOT applied seq=57 phase=ACTION_MANEUVER
2026.09.26-01.47.13 HANDLE_APPLIED #82 seq=57 decision=1 fightersValid=1 boardValid=1
2026.09.26-01.47.13 MODE seq=57 mode=1 combat=0 pending=0
2026.09.26-01.47.13 HUD seq=57 phase=ACTION_MANEUVER turn=you hand=9 oppHand=7(hidden) oppDeck=13 deck=13 discard=8
2026.09.26-01.47.13 FIGHTERS synced n=6 alive=6 own=2 enemy=4
2026.09.26-01.47.13 MANEUVER begin seq=57 (merge) pending=maneuver:12:56
2026.09.26-01.47.13 S09AUTO drive mode=1 plan=[defend+resolve] phase=ACTION_MANEUVER turn=cmuhntiwu0001wib0z281rpa8
2026.09.26-01.47.13 MANEUVER-CONFIRM moves=1 boost=none
2026.09.26-01.47.13 SNAPSHOT applied seq=58 phase=TURN_END
2026.09.26-01.47.13 HANDLE_APPLIED #83 seq=58 decision=2 fightersValid=1 boardValid=1
2026.09.26-01.47.13 DISCARD-DRAFT count=2 pending=discard:12:58
2026.09.26-01.47.13 MODE seq=58 mode=2 combat=0 pending=0
2026.09.26-01.47.13 HUD seq=58 phase=TURN_END turn=you hand=9 oppHand=7(hidden) oppDeck=13~ deck=13~ discard=8 pendingDiscard=2
2026.09.26-01.47.13 FIGHTERS synced n=6 alive=6 own=2 enemy=4
2026.09.26-01.47.13 CUE move f-1-hero (19,17)->(18,17) seq=58
2026.09.26-01.47.13 WS seq=58 phase=TURN_END (apply)
2026.09.26-01.47.13 SNAPSHOT applied seq=58 phase=TURN_END
2026.09.26-01.47.13 HANDLE_APPLIED #84 seq=58 decision=1 fightersValid=1 boardValid=1
2026.09.26-01.47.13 MODE seq=58 mode=2 combat=0 pending=0
2026.09.26-01.47.13 HUD seq=58 phase=TURN_END turn=you hand=9 oppHand=7(hidden) oppDeck=13 deck=13 discard=8 pendingDiscard=2
2026.09.26-01.47.13 FIGHTERS synced n=6 alive=6 own=2 enemy=4
2026.09.26-01.47.13 MANEUVER done seq=58 (merge) fighters=6 boost=no
2026.09.26-01.47.14 S09AUTO drive mode=2 plan=[defend+resolve] phase=TURN_END turn=cmuhntiwu0001wib0z281rpa8
2026.09.26-01.47.14 S09AUTO discard picks=2
2026.09.26-01.47.14 DISCARD-CONFIRM pending=discard:12:58 count=2 ids=cmuhgvgi000omwi9gbn3wr8kb::1,cmuhgvgi500owwi9gnmn59wun::0
2026.09.26-01.47.14 SNAPSHOT applied seq=59 phase=ACTION_MANEUVER
2026.09.26-01.47.14 HANDLE_APPLIED #85 seq=59 decision=2 fightersValid=1 boardValid=1
2026.09.26-01.47.14 closed mode=
2026.09.26-01.47.14 MODE seq=59 mode=0 combat=0 pending=0
2026.09.26-01.47.14 HUD seq=59 phase=ACTION_MANEUVER turn=opp hand=7 oppHand=7(hidden) oppDeck=13~ deck=13~ discard=10
2026.09.26-01.47.14 FIGHTERS synced n=6 alive=6 own=2 enemy=4
2026.09.26-01.47.14 WS seq=59 phase=ACTION_MANEUVER (apply)
2026.09.26-01.47.14 SNAPSHOT applied seq=59 phase=ACTION_MANEUVER
2026.09.26-01.47.14 HANDLE_APPLIED #86 seq=59 decision=1 fightersValid=1 boardValid=1
2026.09.26-01.47.14 MODE seq=59 mode=0 combat=0 pending=0
2026.09.26-01.47.14 HUD seq=59 phase=ACTION_MANEUVER turn=opp hand=7 oppHand=7(hidden) oppDeck=13 deck=13 discard=10
2026.09.26-01.47.14 FIGHTERS synced n=6 alive=6 own=2 enemy=4
2026.09.26-01.47.14 DISCARD done seq=59 phase=ACTION_MANEUVER count=2
2026.09.26-01.47.14 SNAPSHOT applied seq=60 phase=ACTION_MANEUVER
2026.09.26-01.47.14 HANDLE_APPLIED #87 seq=60 decision=2 fightersValid=1 boardValid=1
2026.09.26-01.47.14 MODE seq=60 mode=0 combat=0 pending=0
2026.09.26-01.47.14 HUD seq=60 phase=ACTION_MANEUVER turn=opp hand=7 oppHand=8(hidden) oppDeck=13~ deck=13~ discard=10
2026.09.26-01.47.14 FIGHTERS synced n=6 alive=6 own=2 enemy=4
2026.09.26-01.47.14 WS seq=60 phase=ACTION_MANEUVER (apply)
2026.09.26-01.47.14 SNAPSHOT applied seq=61 phase=ACTION_MANEUVER
2026.09.26-01.47.14 HANDLE_APPLIED #88 seq=61 decision=2 fightersValid=1 boardValid=1
2026.09.26-01.47.14 MODE seq=61 mode=0 combat=0 pending=0
2026.09.26-01.47.14 HUD seq=61 phase=ACTION_MANEUVER turn=opp hand=7 oppHand=8(hidden) oppDeck=13~ deck=13~ discard=10
2026.09.26-01.47.14 FIGHTERS synced n=6 alive=6 own=2 enemy=4
2026.09.26-01.47.14 CUE move f-0-hero (13,2)->(14,2) seq=61
2026.09.26-01.47.14 WS seq=61 phase=ACTION_MANEUVER (apply)
2026.09.26-01.47.15 S09AUTO drive mode=0 plan=[defend+resolve] phase=ACTION_MANEUVER turn=cmuhntivg0000wib0anhqyswc
2026.09.26-01.47.16 SNAPSHOT applied seq=62 phase=ACTION_MANEUVER
2026.09.26-01.47.16 HANDLE_APPLIED #89 seq=62 decision=2 fightersValid=1 boardValid=1
2026.09.26-01.47.16 MODE seq=62 mode=0 combat=0 pending=0
2026.09.26-01.47.16 HUD seq=62 phase=ACTION_MANEUVER turn=opp hand=7 oppHand=9(hidden) oppDeck=13~ deck=13~ discard=10
2026.09.26-01.47.16 FIGHTERS synced n=6 alive=6 own=2 enemy=4
2026.09.26-01.47.16 WS seq=62 phase=ACTION_MANEUVER (apply)
2026.09.26-01.47.16 SNAPSHOT applied seq=63 phase=TURN_END
2026.09.26-01.47.16 HANDLE_APPLIED #90 seq=63 decision=2 fightersValid=1 boardValid=1
2026.09.26-01.47.16 MODE seq=63 mode=0 combat=0 pending=0
2026.09.26-01.47.16 HUD seq=63 phase=TURN_END turn=opp hand=7 oppHand=9(hidden) oppDeck=13~ deck=13~ discard=10 pendingDiscard=2
2026.09.26-01.47.16 FIGHTERS synced n=6 alive=6 own=2 enemy=4
2026.09.26-01.47.16 CUE move f-0-hero (14,2)->(15,2) seq=63
2026.09.26-01.47.16 WS seq=63 phase=TURN_END (apply)
2026.09.26-01.47.17 SNAPSHOT applied seq=64 phase=ACTION_MANEUVER
2026.09.26-01.47.17 HANDLE_APPLIED #91 seq=64 decision=2 fightersValid=1 boardValid=1
2026.09.26-01.47.17 MODE seq=64 mode=0 combat=0 pending=0
2026.09.26-01.47.17 HUD seq=64 phase=ACTION_MANEUVER turn=you hand=7 oppHand=7(hidden) oppDeck=13~ deck=13~ discard=10
2026.09.26-01.47.17 FIGHTERS synced n=6 alive=6 own=2 enemy=4
2026.09.26-01.47.17 WS seq=64 phase=ACTION_MANEUVER (apply)
2026.09.26-01.47.17 S09AUTO own turn #6 (turnCount=14)
2026.09.26-01.47.17 SNAPSHOT applied seq=65 phase=ACTION_MANEUVER
2026.09.26-01.47.17 HANDLE_APPLIED #92 seq=65 decision=2 fightersValid=1 boardValid=1
2026.09.26-01.47.17 MANEUVER-DRAFT mode=maneuver:14:64
2026.09.26-01.47.17 DRAFT-OPEN draw committed (resume instead of begin)
2026.09.26-01.47.17 MODE seq=65 mode=1 combat=0 pending=0
2026.09.26-01.47.17 HUD seq=65 phase=ACTION_MANEUVER turn=you hand=8 oppHand=7(hidden) oppDeck=13~ deck=13~ discard=10
2026.09.26-01.47.17 FIGHTERS synced n=6 alive=6 own=2 enemy=4
2026.09.26-01.47.17 WS seq=65 phase=ACTION_MANEUVER (apply)
2026.09.26-01.47.17 SNAPSHOT applied seq=65 phase=ACTION_MANEUVER
2026.09.26-01.47.17 HANDLE_APPLIED #93 seq=65 decision=1 fightersValid=1 boardValid=1
2026.09.26-01.47.17 MODE seq=65 mode=1 combat=0 pending=0
2026.09.26-01.47.17 HUD seq=65 phase=ACTION_MANEUVER turn=you hand=8 oppHand=7(hidden) oppDeck=11 deck=12 discard=10
2026.09.26-01.47.17 FIGHTERS synced n=6 alive=6 own=2 enemy=4
2026.09.26-01.47.17 MANEUVER begin seq=65 (merge) pending=maneuver:14:64
2026.09.26-01.47.17 S09AUTO drive mode=1 plan=[defend+resolve] phase=ACTION_MANEUVER turn=cmuhntiwu0001wib0z281rpa8
2026.09.26-01.47.17 MANEUVER-CONFIRM moves=1 boost=none
2026.09.26-01.47.17 SNAPSHOT applied seq=66 phase=ACTION_MANEUVER
2026.09.26-01.47.17 HANDLE_APPLIED #94 seq=66 decision=2 fightersValid=1 boardValid=1
2026.09.26-01.47.17 closed mode=
2026.09.26-01.47.17 MODE seq=66 mode=0 combat=0 pending=0
2026.09.26-01.47.17 HUD seq=66 phase=ACTION_MANEUVER turn=you hand=8 oppHand=7(hidden) oppDeck=11~ deck=12~ discard=10
2026.09.26-01.47.17 FIGHTERS synced n=6 alive=6 own=2 enemy=4
2026.09.26-01.47.17 CUE move f-1-hero (18,17)->(19,17) seq=66
2026.09.26-01.47.17 WS seq=66 phase=ACTION_MANEUVER (apply)
2026.09.26-01.47.17 SNAPSHOT applied seq=66 phase=ACTION_MANEUVER
2026.09.26-01.47.17 HANDLE_APPLIED #95 seq=66 decision=1 fightersValid=1 boardValid=1
2026.09.26-01.47.17 MODE seq=66 mode=0 combat=0 pending=0
2026.09.26-01.47.17 HUD seq=66 phase=ACTION_MANEUVER turn=you hand=8 oppHand=7(hidden) oppDeck=11 deck=12 discard=10
2026.09.26-01.47.17 FIGHTERS synced n=6 alive=6 own=2 enemy=4
2026.09.26-01.47.17 MANEUVER done seq=66 (merge) fighters=6 boost=no
2026.09.26-01.47.18 S09AUTO drive mode=0 plan=[defend+resolve] phase=ACTION_MANEUVER turn=cmuhntiwu0001wib0z281rpa8
2026.09.26-01.47.18 SNAPSHOT applied seq=67 phase=ACTION_MANEUVER
2026.09.26-01.47.18 HANDLE_APPLIED #96 seq=67 decision=2 fightersValid=1 boardValid=1
2026.09.26-01.47.18 MANEUVER-DRAFT mode=maneuver:14:66
2026.09.26-01.47.18 DRAFT-OPEN draw committed (resume instead of begin)
2026.09.26-01.47.18 MODE seq=67 mode=1 combat=0 pending=0
2026.09.26-01.47.18 HUD seq=67 phase=ACTION_MANEUVER turn=you hand=9 oppHand=7(hidden) oppDeck=11~ deck=12~ discard=10
2026.09.26-01.47.18 FIGHTERS synced n=6 alive=6 own=2 enemy=4
2026.09.26-01.47.18 WS seq=67 phase=ACTION_MANEUVER (apply)
2026.09.26-01.47.18 SNAPSHOT applied seq=67 phase=ACTION_MANEUVER
2026.09.26-01.47.18 HANDLE_APPLIED #97 seq=67 decision=1 fightersValid=1 boardValid=1
2026.09.26-01.47.18 MODE seq=67 mode=1 combat=0 pending=0
2026.09.26-01.47.18 HUD seq=67 phase=ACTION_MANEUVER turn=you hand=9 oppHand=7(hidden) oppDeck=11 deck=11 discard=10
2026.09.26-01.47.18 FIGHTERS synced n=6 alive=6 own=2 enemy=4
2026.09.26-01.47.18 MANEUVER begin seq=67 (merge) pending=maneuver:14:66
2026.09.26-01.47.18 S09AUTO drive mode=1 plan=[defend+resolve] phase=ACTION_MANEUVER turn=cmuhntiwu0001wib0z281rpa8
2026.09.26-01.47.18 MANEUVER-CONFIRM moves=1 boost=none
2026.09.26-01.47.18 SNAPSHOT applied seq=68 phase=TURN_END
2026.09.26-01.47.18 HANDLE_APPLIED #98 seq=68 decision=2 fightersValid=1 boardValid=1
2026.09.26-01.47.18 DISCARD-DRAFT count=2 pending=discard:14:68
2026.09.26-01.47.18 MODE seq=68 mode=2 combat=0 pending=0
2026.09.26-01.47.18 HUD seq=68 phase=TURN_END turn=you hand=9 oppHand=7(hidden) oppDeck=11~ deck=11~ discard=10 pendingDiscard=2
2026.09.26-01.47.18 FIGHTERS synced n=6 alive=6 own=2 enemy=4
2026.09.26-01.47.18 CUE move f-1-hero (19,17)->(18,17) seq=68
2026.09.26-01.47.18 WS seq=68 phase=TURN_END (apply)
2026.09.26-01.47.18 SNAPSHOT applied seq=68 phase=TURN_END
2026.09.26-01.47.18 HANDLE_APPLIED #99 seq=68 decision=1 fightersValid=1 boardValid=1
2026.09.26-01.47.18 MODE seq=68 mode=2 combat=0 pending=0
2026.09.26-01.47.18 HUD seq=68 phase=TURN_END turn=you hand=9 oppHand=7(hidden) oppDeck=11 deck=11 discard=10 pendingDiscard=2
2026.09.26-01.47.18 FIGHTERS synced n=6 alive=6 own=2 enemy=4
2026.09.26-01.47.18 MANEUVER done seq=68 (merge) fighters=6 boost=no
2026.09.26-01.47.19 S09AUTO drive mode=2 plan=[defend+resolve] phase=TURN_END turn=cmuhntiwu0001wib0z281rpa8
2026.09.26-01.47.19 S09AUTO discard picks=2
2026.09.26-01.47.19 DISCARD-CONFIRM pending=discard:14:68 count=2 ids=cmuhgvgi100oowi9gxm86n50b::0,cmuhgvghz00okwi9gtzou83ty::2
2026.09.26-01.47.19 SNAPSHOT applied seq=69 phase=ACTION_MANEUVER
2026.09.26-01.47.19 HANDLE_APPLIED #100 seq=69 decision=2 fightersValid=1 boardValid=1
2026.09.26-01.47.19 closed mode=
2026.09.26-01.47.19 MODE seq=69 mode=0 combat=0 pending=0
2026.09.26-01.47.19 HUD seq=69 phase=ACTION_MANEUVER turn=opp hand=7 oppHand=7(hidden) oppDeck=11~ deck=11~ discard=12
2026.09.26-01.47.19 FIGHTERS synced n=6 alive=6 own=2 enemy=4
2026.09.26-01.47.19 WS seq=69 phase=ACTION_MANEUVER (apply)
2026.09.26-01.47.19 SNAPSHOT applied seq=69 phase=ACTION_MANEUVER
2026.09.26-01.47.19 HANDLE_APPLIED #101 seq=69 decision=1 fightersValid=1 boardValid=1
2026.09.26-01.47.19 MODE seq=69 mode=0 combat=0 pending=0
2026.09.26-01.47.19 HUD seq=69 phase=ACTION_MANEUVER turn=opp hand=7 oppHand=7(hidden) oppDeck=11 deck=11 discard=12
2026.09.26-01.47.19 FIGHTERS synced n=6 alive=6 own=2 enemy=4
2026.09.26-01.47.19 DISCARD done seq=69 phase=ACTION_MANEUVER count=2
2026.09.26-01.47.19 SNAPSHOT applied seq=70 phase=ACTION_MANEUVER
2026.09.26-01.47.19 HANDLE_APPLIED #102 seq=70 decision=2 fightersValid=1 boardValid=1
2026.09.26-01.47.19 MODE seq=70 mode=0 combat=0 pending=0
2026.09.26-01.47.19 HUD seq=70 phase=ACTION_MANEUVER turn=opp hand=7 oppHand=8(hidden) oppDeck=11~ deck=11~ discard=12
2026.09.26-01.47.19 FIGHTERS synced n=6 alive=6 own=2 enemy=4
2026.09.26-01.47.19 WS seq=70 phase=ACTION_MANEUVER (apply)
2026.09.26-01.47.20 SNAPSHOT applied seq=71 phase=ACTION_MANEUVER
2026.09.26-01.47.20 HANDLE_APPLIED #103 seq=71 decision=2 fightersValid=1 boardValid=1
2026.09.26-01.47.20 MODE seq=71 mode=0 combat=0 pending=0
2026.09.26-01.47.20 HUD seq=71 phase=ACTION_MANEUVER turn=opp hand=7 oppHand=8(hidden) oppDeck=11~ deck=11~ discard=12
2026.09.26-01.47.20 FIGHTERS synced n=6 alive=6 own=2 enemy=4
2026.09.26-01.47.20 CUE move f-0-hero (15,2)->(16,2) seq=71
2026.09.26-01.47.20 WS seq=71 phase=ACTION_MANEUVER (apply)
2026.09.26-01.47.21 S09AUTO drive mode=0 plan=[defend+resolve] phase=ACTION_MANEUVER turn=cmuhntivg0000wib0anhqyswc
2026.09.26-01.47.21 SNAPSHOT applied seq=72 phase=ACTION_MANEUVER
2026.09.26-01.47.21 HANDLE_APPLIED #104 seq=72 decision=2 fightersValid=1 boardValid=1
2026.09.26-01.47.21 MODE seq=72 mode=0 combat=0 pending=0
2026.09.26-01.47.21 HUD seq=72 phase=ACTION_MANEUVER turn=opp hand=7 oppHand=9(hidden) oppDeck=11~ deck=11~ discard=12
2026.09.26-01.47.21 FIGHTERS synced n=6 alive=6 own=2 enemy=4
2026.09.26-01.47.21 WS seq=72 phase=ACTION_MANEUVER (apply)
2026.09.26-01.47.21 SNAPSHOT applied seq=73 phase=TURN_END
2026.09.26-01.47.21 HANDLE_APPLIED #105 seq=73 decision=2 fightersValid=1 boardValid=1
2026.09.26-01.47.21 MODE seq=73 mode=0 combat=0 pending=0
2026.09.26-01.47.21 HUD seq=73 phase=TURN_END turn=opp hand=7 oppHand=9(hidden) oppDeck=11~ deck=11~ discard=12 pendingDiscard=2
2026.09.26-01.47.21 FIGHTERS synced n=6 alive=6 own=2 enemy=4
2026.09.26-01.47.21 CUE move f-0-hero (16,2)->(17,2) seq=73
2026.09.26-01.47.21 WS seq=73 phase=TURN_END (apply)
2026.09.26-01.47.22 SNAPSHOT applied seq=74 phase=ACTION_MANEUVER
2026.09.26-01.47.22 HANDLE_APPLIED #106 seq=74 decision=2 fightersValid=1 boardValid=1
2026.09.26-01.47.22 MODE seq=74 mode=0 combat=0 pending=0
2026.09.26-01.47.22 HUD seq=74 phase=ACTION_MANEUVER turn=you hand=7 oppHand=7(hidden) oppDeck=11~ deck=11~ discard=12
2026.09.26-01.47.22 FIGHTERS synced n=6 alive=6 own=2 enemy=4
2026.09.26-01.47.22 WS seq=74 phase=ACTION_MANEUVER (apply)
2026.09.26-01.47.22 S09AUTO own turn #7 (turnCount=16)
2026.09.26-01.47.22 SNAPSHOT applied seq=75 phase=ACTION_MANEUVER
2026.09.26-01.47.22 HANDLE_APPLIED #107 seq=75 decision=2 fightersValid=1 boardValid=1
2026.09.26-01.47.22 MANEUVER-DRAFT mode=maneuver:16:74
2026.09.26-01.47.22 DRAFT-OPEN draw committed (resume instead of begin)
2026.09.26-01.47.22 MODE seq=75 mode=1 combat=0 pending=0
2026.09.26-01.47.22 HUD seq=75 phase=ACTION_MANEUVER turn=you hand=8 oppHand=7(hidden) oppDeck=11~ deck=11~ discard=12
2026.09.26-01.47.22 FIGHTERS synced n=6 alive=6 own=2 enemy=4
2026.09.26-01.47.22 WS seq=75 phase=ACTION_MANEUVER (apply)
2026.09.26-01.47.22 SNAPSHOT applied seq=75 phase=ACTION_MANEUVER
2026.09.26-01.47.22 HANDLE_APPLIED #108 seq=75 decision=1 fightersValid=1 boardValid=1
2026.09.26-01.47.22 MODE seq=75 mode=1 combat=0 pending=0
2026.09.26-01.47.22 HUD seq=75 phase=ACTION_MANEUVER turn=you hand=8 oppHand=7(hidden) oppDeck=9 deck=10 discard=12
2026.09.26-01.47.22 FIGHTERS synced n=6 alive=6 own=2 enemy=4
2026.09.26-01.47.22 MANEUVER begin seq=75 (merge) pending=maneuver:16:74
2026.09.26-01.47.22 S09AUTO drive mode=1 plan=[defend+resolve] phase=ACTION_MANEUVER turn=cmuhntiwu0001wib0z281rpa8
2026.09.26-01.47.22 MANEUVER-CONFIRM moves=1 boost=none
2026.09.26-01.47.22 SNAPSHOT applied seq=76 phase=ACTION_MANEUVER
2026.09.26-01.47.22 HANDLE_APPLIED #109 seq=76 decision=2 fightersValid=1 boardValid=1
2026.09.26-01.47.22 closed mode=
2026.09.26-01.47.22 MODE seq=76 mode=0 combat=0 pending=0
2026.09.26-01.47.22 HUD seq=76 phase=ACTION_MANEUVER turn=you hand=8 oppHand=7(hidden) oppDeck=9~ deck=10~ discard=12
2026.09.26-01.47.22 FIGHTERS synced n=6 alive=6 own=2 enemy=4
2026.09.26-01.47.22 CUE move f-1-hero (18,17)->(19,17) seq=76
2026.09.26-01.47.22 WS seq=76 phase=ACTION_MANEUVER (apply)
2026.09.26-01.47.22 SNAPSHOT applied seq=76 phase=ACTION_MANEUVER
2026.09.26-01.47.22 HANDLE_APPLIED #110 seq=76 decision=1 fightersValid=1 boardValid=1
2026.09.26-01.47.22 MODE seq=76 mode=0 combat=0 pending=0
2026.09.26-01.47.22 HUD seq=76 phase=ACTION_MANEUVER turn=you hand=8 oppHand=7(hidden) oppDeck=9 deck=10 discard=12
2026.09.26-01.47.22 FIGHTERS synced n=6 alive=6 own=2 enemy=4
2026.09.26-01.47.22 MANEUVER done seq=76 (merge) fighters=6 boost=no
2026.09.26-01.47.23 S09AUTO drive mode=0 plan=[defend+resolve] phase=ACTION_MANEUVER turn=cmuhntiwu0001wib0z281rpa8
2026.09.26-01.47.23 SNAPSHOT applied seq=77 phase=ACTION_MANEUVER
2026.09.26-01.47.23 HANDLE_APPLIED #111 seq=77 decision=2 fightersValid=1 boardValid=1
2026.09.26-01.47.23 MANEUVER-DRAFT mode=maneuver:16:76
2026.09.26-01.47.23 DRAFT-OPEN draw committed (resume instead of begin)
2026.09.26-01.47.23 MODE seq=77 mode=1 combat=0 pending=0
2026.09.26-01.47.23 HUD seq=77 phase=ACTION_MANEUVER turn=you hand=9 oppHand=7(hidden) oppDeck=9~ deck=10~ discard=12
2026.09.26-01.47.23 FIGHTERS synced n=6 alive=6 own=2 enemy=4
2026.09.26-01.47.23 WS seq=77 phase=ACTION_MANEUVER (apply)
2026.09.26-01.47.23 SNAPSHOT applied seq=77 phase=ACTION_MANEUVER
2026.09.26-01.47.23 HANDLE_APPLIED #112 seq=77 decision=1 fightersValid=1 boardValid=1
2026.09.26-01.47.23 MODE seq=77 mode=1 combat=0 pending=0
2026.09.26-01.47.23 HUD seq=77 phase=ACTION_MANEUVER turn=you hand=9 oppHand=7(hidden) oppDeck=9 deck=9 discard=12
2026.09.26-01.47.23 FIGHTERS synced n=6 alive=6 own=2 enemy=4
2026.09.26-01.47.23 MANEUVER begin seq=77 (merge) pending=maneuver:16:76
2026.09.26-01.47.23 S09AUTO drive mode=1 plan=[defend+resolve] phase=ACTION_MANEUVER turn=cmuhntiwu0001wib0z281rpa8
2026.09.26-01.47.23 MANEUVER-CONFIRM moves=1 boost=none
2026.09.26-01.47.23 SNAPSHOT applied seq=78 phase=TURN_END
2026.09.26-01.47.23 HANDLE_APPLIED #113 seq=78 decision=2 fightersValid=1 boardValid=1
2026.09.26-01.47.23 DISCARD-DRAFT count=2 pending=discard:16:78
2026.09.26-01.47.23 MODE seq=78 mode=2 combat=0 pending=0
2026.09.26-01.47.23 HUD seq=78 phase=TURN_END turn=you hand=9 oppHand=7(hidden) oppDeck=9~ deck=9~ discard=12 pendingDiscard=2
2026.09.26-01.47.23 FIGHTERS synced n=6 alive=6 own=2 enemy=4
2026.09.26-01.47.23 CUE move f-1-hero (19,17)->(18,17) seq=78
2026.09.26-01.47.23 WS seq=78 phase=TURN_END (apply)
2026.09.26-01.47.23 SNAPSHOT applied seq=78 phase=TURN_END
2026.09.26-01.47.23 HANDLE_APPLIED #114 seq=78 decision=1 fightersValid=1 boardValid=1
2026.09.26-01.47.23 MODE seq=78 mode=2 combat=0 pending=0
2026.09.26-01.47.23 HUD seq=78 phase=TURN_END turn=you hand=9 oppHand=7(hidden) oppDeck=9 deck=9 discard=12 pendingDiscard=2
2026.09.26-01.47.23 FIGHTERS synced n=6 alive=6 own=2 enemy=4
2026.09.26-01.47.23 MANEUVER done seq=78 (merge) fighters=6 boost=no
2026.09.26-01.47.25 S09AUTO drive mode=2 plan=[defend+resolve] phase=TURN_END turn=cmuhntiwu0001wib0z281rpa8
2026.09.26-01.47.25 S09AUTO discard picks=2
2026.09.26-01.47.25 DISCARD-CONFIRM pending=discard:16:78 count=2 ids=cmuhgvgi500oywi9gchz8vt4l::2,cmuhgvgi500oywi9gchz8vt4l::1
2026.09.26-01.47.25 SNAPSHOT applied seq=79 phase=ACTION_MANEUVER
2026.09.26-01.47.25 HANDLE_APPLIED #115 seq=79 decision=2 fightersValid=1 boardValid=1
2026.09.26-01.47.25 closed mode=
2026.09.26-01.47.25 MODE seq=79 mode=0 combat=0 pending=0
2026.09.26-01.47.25 HUD seq=79 phase=ACTION_MANEUVER turn=opp hand=7 oppHand=7(hidden) oppDeck=9~ deck=9~ discard=14
2026.09.26-01.47.25 FIGHTERS synced n=6 alive=6 own=2 enemy=4
2026.09.26-01.47.25 WS seq=79 phase=ACTION_MANEUVER (apply)
2026.09.26-01.47.25 SNAPSHOT applied seq=79 phase=ACTION_MANEUVER
2026.09.26-01.47.25 HANDLE_APPLIED #116 seq=79 decision=1 fightersValid=1 boardValid=1
2026.09.26-01.47.25 MODE seq=79 mode=0 combat=0 pending=0
2026.09.26-01.47.25 HUD seq=79 phase=ACTION_MANEUVER turn=opp hand=7 oppHand=7(hidden) oppDeck=9 deck=9 discard=14
2026.09.26-01.47.25 FIGHTERS synced n=6 alive=6 own=2 enemy=4
2026.09.26-01.47.25 DISCARD done seq=79 phase=ACTION_MANEUVER count=2
2026.09.26-01.47.25 SNAPSHOT applied seq=80 phase=ACTION_MANEUVER
2026.09.26-01.47.25 HANDLE_APPLIED #117 seq=80 decision=2 fightersValid=1 boardValid=1
2026.09.26-01.47.25 MODE seq=80 mode=0 combat=0 pending=0
2026.09.26-01.47.25 HUD seq=80 phase=ACTION_MANEUVER turn=opp hand=7 oppHand=8(hidden) oppDeck=9~ deck=9~ discard=14
2026.09.26-01.47.25 FIGHTERS synced n=6 alive=6 own=2 enemy=4
2026.09.26-01.47.25 WS seq=80 phase=ACTION_MANEUVER (apply)
2026.09.26-01.47.25 SNAPSHOT applied seq=81 phase=ACTION_MANEUVER
2026.09.26-01.47.25 HANDLE_APPLIED #118 seq=81 decision=2 fightersValid=1 boardValid=1
2026.09.26-01.47.25 MODE seq=81 mode=0 combat=0 pending=0
2026.09.26-01.47.25 HUD seq=81 phase=ACTION_MANEUVER turn=opp hand=7 oppHand=8(hidden) oppDeck=9~ deck=9~ discard=14
2026.09.26-01.47.25 FIGHTERS synced n=6 alive=6 own=2 enemy=4
2026.09.26-01.47.25 CUE move f-0-hero (17,2)->(17,3) seq=81
2026.09.26-01.47.25 WS seq=81 phase=ACTION_MANEUVER (apply)
2026.09.26-01.47.26 S09AUTO drive mode=0 plan=[defend+resolve] phase=ACTION_MANEUVER turn=cmuhntivg0000wib0anhqyswc
2026.09.26-01.47.26 SNAPSHOT applied seq=82 phase=ACTION_MANEUVER
2026.09.26-01.47.26 HANDLE_APPLIED #119 seq=82 decision=2 fightersValid=1 boardValid=1
2026.09.26-01.47.26 MODE seq=82 mode=0 combat=0 pending=0
2026.09.26-01.47.26 HUD seq=82 phase=ACTION_MANEUVER turn=opp hand=7 oppHand=9(hidden) oppDeck=9~ deck=9~ discard=14
2026.09.26-01.47.26 FIGHTERS synced n=6 alive=6 own=2 enemy=4
2026.09.26-01.47.26 WS seq=82 phase=ACTION_MANEUVER (apply)
2026.09.26-01.47.26 SNAPSHOT applied seq=83 phase=TURN_END
2026.09.26-01.47.26 HANDLE_APPLIED #120 seq=83 decision=2 fightersValid=1 boardValid=1
2026.09.26-01.47.26 MODE seq=83 mode=0 combat=0 pending=0
2026.09.26-01.47.26 HUD seq=83 phase=TURN_END turn=opp hand=7 oppHand=9(hidden) oppDeck=9~ deck=9~ discard=14 pendingDiscard=2
2026.09.26-01.47.26 FIGHTERS synced n=6 alive=6 own=2 enemy=4
2026.09.26-01.47.26 CUE move f-0-hero (17,3)->(17,4) seq=83
2026.09.26-01.47.26 WS seq=83 phase=TURN_END (apply)
2026.09.26-01.47.27 SNAPSHOT applied seq=84 phase=ACTION_MANEUVER
2026.09.26-01.47.27 HANDLE_APPLIED #121 seq=84 decision=2 fightersValid=1 boardValid=1
2026.09.26-01.47.27 MODE seq=84 mode=0 combat=0 pending=0
2026.09.26-01.47.27 HUD seq=84 phase=ACTION_MANEUVER turn=you hand=7 oppHand=7(hidden) oppDeck=9~ deck=9~ discard=14
2026.09.26-01.47.27 FIGHTERS synced n=6 alive=6 own=2 enemy=4
2026.09.26-01.47.27 WS seq=84 phase=ACTION_MANEUVER (apply)
2026.09.26-01.47.27 S09AUTO own turn #8 (turnCount=18)
2026.09.26-01.47.27 SNAPSHOT applied seq=85 phase=ACTION_MANEUVER
2026.09.26-01.47.27 HANDLE_APPLIED #122 seq=85 decision=2 fightersValid=1 boardValid=1
2026.09.26-01.47.27 MANEUVER-DRAFT mode=maneuver:18:84
2026.09.26-01.47.27 DRAFT-OPEN draw committed (resume instead of begin)
2026.09.26-01.47.27 MODE seq=85 mode=1 combat=0 pending=0
2026.09.26-01.47.27 HUD seq=85 phase=ACTION_MANEUVER turn=you hand=8 oppHand=7(hidden) oppDeck=7 deck=8 discard=14
2026.09.26-01.47.27 FIGHTERS synced n=6 alive=6 own=2 enemy=4
2026.09.26-01.47.27 MANEUVER begin seq=85 (apply) pending=maneuver:18:84
2026.09.26-01.47.27 SNAPSHOT applied seq=85 phase=ACTION_MANEUVER
2026.09.26-01.47.27 HANDLE_APPLIED #123 seq=85 decision=1 fightersValid=1 boardValid=1
2026.09.26-01.47.27 MODE seq=85 mode=1 combat=0 pending=0
2026.09.26-01.47.27 HUD seq=85 phase=ACTION_MANEUVER turn=you hand=8 oppHand=7(hidden) oppDeck=7 deck=8 discard=14
2026.09.26-01.47.27 FIGHTERS synced n=6 alive=6 own=2 enemy=4
2026.09.26-01.47.27 WS seq=85 phase=ACTION_MANEUVER (merge)
2026.09.26-01.47.27 S09AUTO drive mode=1 plan=[defend+resolve] phase=ACTION_MANEUVER turn=cmuhntiwu0001wib0z281rpa8
2026.09.26-01.47.27 MANEUVER-CONFIRM moves=1 boost=none
2026.09.26-01.47.27 SNAPSHOT applied seq=86 phase=ACTION_MANEUVER
2026.09.26-01.47.27 HANDLE_APPLIED #124 seq=86 decision=2 fightersValid=1 boardValid=1
2026.09.26-01.47.27 closed mode=
2026.09.26-01.47.27 MODE seq=86 mode=0 combat=0 pending=0
2026.09.26-01.47.27 HUD seq=86 phase=ACTION_MANEUVER turn=you hand=8 oppHand=7(hidden) oppDeck=7~ deck=8~ discard=14
2026.09.26-01.47.27 FIGHTERS synced n=6 alive=6 own=2 enemy=4
2026.09.26-01.47.27 CUE move f-1-hero (18,17)->(19,17) seq=86
2026.09.26-01.47.27 WS seq=86 phase=ACTION_MANEUVER (apply)
2026.09.26-01.47.27 SNAPSHOT applied seq=86 phase=ACTION_MANEUVER
2026.09.26-01.47.27 HANDLE_APPLIED #125 seq=86 decision=1 fightersValid=1 boardValid=1
2026.09.26-01.47.27 MODE seq=86 mode=0 combat=0 pending=0
2026.09.26-01.47.27 HUD seq=86 phase=ACTION_MANEUVER turn=you hand=8 oppHand=7(hidden) oppDeck=7 deck=8 discard=14
2026.09.26-01.47.27 FIGHTERS synced n=6 alive=6 own=2 enemy=4
2026.09.26-01.47.27 MANEUVER done seq=86 (merge) fighters=6 boost=no
2026.09.26-01.47.29 S09AUTO drive mode=0 plan=[defend+resolve] phase=ACTION_MANEUVER turn=cmuhntiwu0001wib0z281rpa8
2026.09.26-01.47.29 SNAPSHOT applied seq=87 phase=ACTION_MANEUVER
2026.09.26-01.47.29 HANDLE_APPLIED #126 seq=87 decision=2 fightersValid=1 boardValid=1
2026.09.26-01.47.29 MANEUVER-DRAFT mode=maneuver:18:86
2026.09.26-01.47.29 DRAFT-OPEN draw committed (resume instead of begin)
2026.09.26-01.47.29 MODE seq=87 mode=1 combat=0 pending=0
2026.09.26-01.47.29 HUD seq=87 phase=ACTION_MANEUVER turn=you hand=9 oppHand=7(hidden) oppDeck=7~ deck=8~ discard=14
2026.09.26-01.47.29 FIGHTERS synced n=6 alive=6 own=2 enemy=4
2026.09.26-01.47.29 WS seq=87 phase=ACTION_MANEUVER (apply)
2026.09.26-01.47.29 SNAPSHOT applied seq=87 phase=ACTION_MANEUVER
2026.09.26-01.47.29 HANDLE_APPLIED #127 seq=87 decision=1 fightersValid=1 boardValid=1
2026.09.26-01.47.29 MODE seq=87 mode=1 combat=0 pending=0
2026.09.26-01.47.29 HUD seq=87 phase=ACTION_MANEUVER turn=you hand=9 oppHand=7(hidden) oppDeck=7 deck=7 discard=14
2026.09.26-01.47.29 FIGHTERS synced n=6 alive=6 own=2 enemy=4
2026.09.26-01.47.29 MANEUVER begin seq=87 (merge) pending=maneuver:18:86
2026.09.26-01.47.29 S09AUTO drive mode=1 plan=[defend+resolve] phase=ACTION_MANEUVER turn=cmuhntiwu0001wib0z281rpa8
2026.09.26-01.47.29 MANEUVER-CONFIRM moves=1 boost=none
2026.09.26-01.47.29 SNAPSHOT applied seq=88 phase=TURN_END
2026.09.26-01.47.29 HANDLE_APPLIED #128 seq=88 decision=2 fightersValid=1 boardValid=1
2026.09.26-01.47.29 DISCARD-DRAFT count=2 pending=discard:18:88
2026.09.26-01.47.29 MODE seq=88 mode=2 combat=0 pending=0
2026.09.26-01.47.29 HUD seq=88 phase=TURN_END turn=you hand=9 oppHand=7(hidden) oppDeck=7~ deck=7~ discard=14 pendingDiscard=2
2026.09.26-01.47.29 FIGHTERS synced n=6 alive=6 own=2 enemy=4
2026.09.26-01.47.29 CUE move f-1-hero (19,17)->(18,17) seq=88
2026.09.26-01.47.29 WS seq=88 phase=TURN_END (apply)
2026.09.26-01.47.29 SNAPSHOT applied seq=88 phase=TURN_END
2026.09.26-01.47.29 HANDLE_APPLIED #129 seq=88 decision=1 fightersValid=1 boardValid=1
2026.09.26-01.47.29 MODE seq=88 mode=2 combat=0 pending=0
2026.09.26-01.47.29 HUD seq=88 phase=TURN_END turn=you hand=9 oppHand=7(hidden) oppDeck=7 deck=7 discard=14 pendingDiscard=2
2026.09.26-01.47.29 FIGHTERS synced n=6 alive=6 own=2 enemy=4
2026.09.26-01.47.29 MANEUVER done seq=88 (merge) fighters=6 boost=no
2026.09.26-01.47.30 S09AUTO drive mode=2 plan=[defend+resolve] phase=TURN_END turn=cmuhntiwu0001wib0z281rpa8
2026.09.26-01.47.30 S09AUTO discard picks=2
2026.09.26-01.47.30 DISCARD-CONFIRM pending=discard:18:88 count=2 ids=cmuhgvgi600p0wi9gzhz8rkin::1,cmuhgvghz00okwi9gtzou83ty::0
2026.09.26-01.47.30 SNAPSHOT applied seq=89 phase=ACTION_MANEUVER
2026.09.26-01.47.30 HANDLE_APPLIED #130 seq=89 decision=2 fightersValid=1 boardValid=1
2026.09.26-01.47.30 closed mode=
2026.09.26-01.47.30 MODE seq=89 mode=0 combat=0 pending=0
2026.09.26-01.47.30 HUD seq=89 phase=ACTION_MANEUVER turn=opp hand=7 oppHand=7(hidden) oppDeck=7~ deck=7~ discard=16
2026.09.26-01.47.30 FIGHTERS synced n=6 alive=6 own=2 enemy=4
2026.09.26-01.47.30 WS seq=89 phase=ACTION_MANEUVER (apply)
2026.09.26-01.47.30 SNAPSHOT applied seq=89 phase=ACTION_MANEUVER
2026.09.26-01.47.30 HANDLE_APPLIED #131 seq=89 decision=1 fightersValid=1 boardValid=1
2026.09.26-01.47.30 MODE seq=89 mode=0 combat=0 pending=0
2026.09.26-01.47.30 HUD seq=89 phase=ACTION_MANEUVER turn=opp hand=7 oppHand=7(hidden) oppDeck=7 deck=7 discard=16
2026.09.26-01.47.30 FIGHTERS synced n=6 alive=6 own=2 enemy=4
2026.09.26-01.47.30 DISCARD done seq=89 phase=ACTION_MANEUVER count=2
2026.09.26-01.47.30 SNAPSHOT applied seq=90 phase=ACTION_MANEUVER
2026.09.26-01.47.30 HANDLE_APPLIED #132 seq=90 decision=2 fightersValid=1 boardValid=1
2026.09.26-01.47.30 MODE seq=90 mode=0 combat=0 pending=0
2026.09.26-01.47.30 HUD seq=90 phase=ACTION_MANEUVER turn=opp hand=7 oppHand=8(hidden) oppDeck=7~ deck=7~ discard=16
2026.09.26-01.47.30 FIGHTERS synced n=6 alive=6 own=2 enemy=4
2026.09.26-01.47.30 WS seq=90 phase=ACTION_MANEUVER (apply)
2026.09.26-01.47.30 SNAPSHOT applied seq=91 phase=ACTION_MANEUVER
2026.09.26-01.47.30 HANDLE_APPLIED #133 seq=91 decision=2 fightersValid=1 boardValid=1
2026.09.26-01.47.30 MODE seq=91 mode=0 combat=0 pending=0
2026.09.26-01.47.30 HUD seq=91 phase=ACTION_MANEUVER turn=opp hand=7 oppHand=8(hidden) oppDeck=7~ deck=7~ discard=16
2026.09.26-01.47.30 FIGHTERS synced n=6 alive=6 own=2 enemy=4
2026.09.26-01.47.30 CUE move f-0-hero (17,4)->(17,5) seq=91
2026.09.26-01.47.30 WS seq=91 phase=ACTION_MANEUVER (apply)
2026.09.26-01.47.31 S09AUTO drive mode=0 plan=[defend+resolve] phase=ACTION_MANEUVER turn=cmuhntivg0000wib0anhqyswc
2026.09.26-01.47.31 SNAPSHOT applied seq=92 phase=ACTION_MANEUVER
2026.09.26-01.47.31 HANDLE_APPLIED #134 seq=92 decision=2 fightersValid=1 boardValid=1
2026.09.26-01.47.31 MODE seq=92 mode=0 combat=0 pending=0
2026.09.26-01.47.31 HUD seq=92 phase=ACTION_MANEUVER turn=opp hand=7 oppHand=9(hidden) oppDeck=7~ deck=7~ discard=16
2026.09.26-01.47.31 FIGHTERS synced n=6 alive=6 own=2 enemy=4
2026.09.26-01.47.31 WS seq=92 phase=ACTION_MANEUVER (apply)
2026.09.26-01.47.31 SNAPSHOT applied seq=93 phase=TURN_END
2026.09.26-01.47.31 HANDLE_APPLIED #135 seq=93 decision=2 fightersValid=1 boardValid=1
2026.09.26-01.47.31 MODE seq=93 mode=0 combat=0 pending=0
2026.09.26-01.47.31 HUD seq=93 phase=TURN_END turn=opp hand=7 oppHand=9(hidden) oppDeck=7~ deck=7~ discard=16 pendingDiscard=2
2026.09.26-01.47.31 FIGHTERS synced n=6 alive=6 own=2 enemy=4
2026.09.26-01.47.31 CUE move f-0-hero (17,5)->(17,6) seq=93
2026.09.26-01.47.31 WS seq=93 phase=TURN_END (apply)
2026.09.26-01.47.32 SNAPSHOT applied seq=94 phase=ACTION_MANEUVER
2026.09.26-01.47.32 HANDLE_APPLIED #136 seq=94 decision=2 fightersValid=1 boardValid=1
2026.09.26-01.47.32 MODE seq=94 mode=0 combat=0 pending=0
2026.09.26-01.47.32 HUD seq=94 phase=ACTION_MANEUVER turn=you hand=7 oppHand=7(hidden) oppDeck=7~ deck=7~ discard=16
2026.09.26-01.47.32 FIGHTERS synced n=6 alive=6 own=2 enemy=4
2026.09.26-01.47.32 WS seq=94 phase=ACTION_MANEUVER (apply)
2026.09.26-01.47.32 S09AUTO own turn #9 (turnCount=20)
2026.09.26-01.47.33 SNAPSHOT applied seq=95 phase=ACTION_MANEUVER
2026.09.26-01.47.33 HANDLE_APPLIED #137 seq=95 decision=2 fightersValid=1 boardValid=1
2026.09.26-01.47.33 MANEUVER-DRAFT mode=maneuver:20:94
2026.09.26-01.47.33 DRAFT-OPEN draw committed (resume instead of begin)
2026.09.26-01.47.33 MODE seq=95 mode=1 combat=0 pending=0
2026.09.26-01.47.33 HUD seq=95 phase=ACTION_MANEUVER turn=you hand=8 oppHand=7(hidden) oppDeck=7~ deck=7~ discard=16
2026.09.26-01.47.33 FIGHTERS synced n=6 alive=6 own=2 enemy=4
2026.09.26-01.47.33 WS seq=95 phase=ACTION_MANEUVER (apply)
2026.09.26-01.47.33 SNAPSHOT applied seq=95 phase=ACTION_MANEUVER
2026.09.26-01.47.33 HANDLE_APPLIED #138 seq=95 decision=1 fightersValid=1 boardValid=1
2026.09.26-01.47.33 MODE seq=95 mode=1 combat=0 pending=0
2026.09.26-01.47.33 HUD seq=95 phase=ACTION_MANEUVER turn=you hand=8 oppHand=7(hidden) oppDeck=5 deck=6 discard=16
2026.09.26-01.47.33 FIGHTERS synced n=6 alive=6 own=2 enemy=4
2026.09.26-01.47.33 MANEUVER begin seq=95 (merge) pending=maneuver:20:94
2026.09.26-01.47.33 S09AUTO drive mode=1 plan=[defend+resolve] phase=ACTION_MANEUVER turn=cmuhntiwu0001wib0z281rpa8
2026.09.26-01.47.33 MANEUVER-CONFIRM moves=1 boost=none
2026.09.26-01.47.33 SNAPSHOT applied seq=96 phase=ACTION_MANEUVER
2026.09.26-01.47.33 HANDLE_APPLIED #139 seq=96 decision=2 fightersValid=1 boardValid=1
2026.09.26-01.47.33 closed mode=
2026.09.26-01.47.33 MODE seq=96 mode=0 combat=0 pending=0
2026.09.26-01.47.33 HUD seq=96 phase=ACTION_MANEUVER turn=you hand=8 oppHand=7(hidden) oppDeck=5~ deck=6~ discard=16
2026.09.26-01.47.33 FIGHTERS synced n=6 alive=6 own=2 enemy=4
2026.09.26-01.47.33 CUE move f-1-hero (18,17)->(19,17) seq=96
2026.09.26-01.47.33 WS seq=96 phase=ACTION_MANEUVER (apply)
2026.09.26-01.47.33 SNAPSHOT applied seq=96 phase=ACTION_MANEUVER
2026.09.26-01.47.33 HANDLE_APPLIED #140 seq=96 decision=1 fightersValid=1 boardValid=1
2026.09.26-01.47.33 MODE seq=96 mode=0 combat=0 pending=0
2026.09.26-01.47.33 HUD seq=96 phase=ACTION_MANEUVER turn=you hand=8 oppHand=7(hidden) oppDeck=5 deck=6 discard=16
2026.09.26-01.47.33 FIGHTERS synced n=6 alive=6 own=2 enemy=4
2026.09.26-01.47.33 MANEUVER done seq=96 (merge) fighters=6 boost=no
2026.09.26-01.47.34 S09AUTO drive mode=0 plan=[defend+resolve] phase=ACTION_MANEUVER turn=cmuhntiwu0001wib0z281rpa8
2026.09.26-01.47.34 SNAPSHOT applied seq=97 phase=ACTION_MANEUVER
2026.09.26-01.47.34 HANDLE_APPLIED #141 seq=97 decision=2 fightersValid=1 boardValid=1
2026.09.26-01.47.34 MANEUVER-DRAFT mode=maneuver:20:96
2026.09.26-01.47.34 DRAFT-OPEN draw committed (resume instead of begin)
2026.09.26-01.47.34 MODE seq=97 mode=1 combat=0 pending=0
2026.09.26-01.47.34 HUD seq=97 phase=ACTION_MANEUVER turn=you hand=9 oppHand=7(hidden) oppDeck=5~ deck=6~ discard=16
2026.09.26-01.47.34 FIGHTERS synced n=6 alive=6 own=2 enemy=4
2026.09.26-01.47.34 WS seq=97 phase=ACTION_MANEUVER (apply)
2026.09.26-01.47.34 SNAPSHOT applied seq=97 phase=ACTION_MANEUVER
2026.09.26-01.47.34 HANDLE_APPLIED #142 seq=97 decision=1 fightersValid=1 boardValid=1
2026.09.26-01.47.34 MODE seq=97 mode=1 combat=0 pending=0
2026.09.26-01.47.34 HUD seq=97 phase=ACTION_MANEUVER turn=you hand=9 oppHand=7(hidden) oppDeck=5 deck=5 discard=16
2026.09.26-01.47.34 FIGHTERS synced n=6 alive=6 own=2 enemy=4
2026.09.26-01.47.34 MANEUVER begin seq=97 (merge) pending=maneuver:20:96
2026.09.26-01.47.34 S09AUTO drive mode=1 plan=[defend+resolve] phase=ACTION_MANEUVER turn=cmuhntiwu0001wib0z281rpa8
2026.09.26-01.47.34 MANEUVER-CONFIRM moves=1 boost=none
2026.09.26-01.47.34 SNAPSHOT applied seq=98 phase=TURN_END
2026.09.26-01.47.34 HANDLE_APPLIED #143 seq=98 decision=2 fightersValid=1 boardValid=1
2026.09.26-01.47.34 DISCARD-DRAFT count=2 pending=discard:20:98
2026.09.26-01.47.34 MODE seq=98 mode=2 combat=0 pending=0
2026.09.26-01.47.34 HUD seq=98 phase=TURN_END turn=you hand=9 oppHand=7(hidden) oppDeck=5~ deck=5~ discard=16 pendingDiscard=2
2026.09.26-01.47.34 FIGHTERS synced n=6 alive=6 own=2 enemy=4
2026.09.26-01.47.34 CUE move f-1-hero (19,17)->(18,17) seq=98
2026.09.26-01.47.34 WS seq=98 phase=TURN_END (apply)
2026.09.26-01.47.34 SNAPSHOT applied seq=98 phase=TURN_END
2026.09.26-01.47.34 HANDLE_APPLIED #144 seq=98 decision=1 fightersValid=1 boardValid=1
2026.09.26-01.47.34 MODE seq=98 mode=2 combat=0 pending=0
2026.09.26-01.47.34 HUD seq=98 phase=TURN_END turn=you hand=9 oppHand=7(hidden) oppDeck=5 deck=5 discard=16 pendingDiscard=2
2026.09.26-01.47.34 FIGHTERS synced n=6 alive=6 own=2 enemy=4
2026.09.26-01.47.34 MANEUVER done seq=98 (merge) fighters=6 boost=no
2026.09.26-01.47.35 S09AUTO drive mode=2 plan=[defend+resolve] phase=TURN_END turn=cmuhntiwu0001wib0z281rpa8
2026.09.26-01.47.35 S09AUTO discard picks=2
2026.09.26-01.47.35 DISCARD-CONFIRM pending=discard:20:98 count=2 ids=cmuhgvgi600p0wi9gzhz8rkin::0,cmuhgvgi300oswi9gm8lj3wbw::0
2026.09.26-01.47.35 SNAPSHOT applied seq=99 phase=ACTION_MANEUVER
2026.09.26-01.47.35 HANDLE_APPLIED #145 seq=99 decision=2 fightersValid=1 boardValid=1
2026.09.26-01.47.35 closed mode=
2026.09.26-01.47.35 MODE seq=99 mode=0 combat=0 pending=0
2026.09.26-01.47.35 HUD seq=99 phase=ACTION_MANEUVER turn=opp hand=7 oppHand=7(hidden) oppDeck=5~ deck=5~ discard=18
2026.09.26-01.47.35 FIGHTERS synced n=6 alive=6 own=2 enemy=4
2026.09.26-01.47.35 WS seq=99 phase=ACTION_MANEUVER (apply)
2026.09.26-01.47.35 SNAPSHOT applied seq=99 phase=ACTION_MANEUVER
2026.09.26-01.47.35 HANDLE_APPLIED #146 seq=99 decision=1 fightersValid=1 boardValid=1
2026.09.26-01.47.35 MODE seq=99 mode=0 combat=0 pending=0
2026.09.26-01.47.35 HUD seq=99 phase=ACTION_MANEUVER turn=opp hand=7 oppHand=7(hidden) oppDeck=5 deck=5 discard=18
2026.09.26-01.47.35 FIGHTERS synced n=6 alive=6 own=2 enemy=4
2026.09.26-01.47.35 DISCARD done seq=99 phase=ACTION_MANEUVER count=2
2026.09.26-01.47.35 SNAPSHOT applied seq=100 phase=ACTION_MANEUVER
2026.09.26-01.47.35 HANDLE_APPLIED #147 seq=100 decision=2 fightersValid=1 boardValid=1
2026.09.26-01.47.35 MODE seq=100 mode=0 combat=0 pending=0
2026.09.26-01.47.35 HUD seq=100 phase=ACTION_MANEUVER turn=opp hand=7 oppHand=8(hidden) oppDeck=5~ deck=5~ discard=18
2026.09.26-01.47.35 FIGHTERS synced n=6 alive=6 own=2 enemy=4
2026.09.26-01.47.35 WS seq=100 phase=ACTION_MANEUVER (apply)
2026.09.26-01.47.35 SNAPSHOT applied seq=101 phase=ACTION_MANEUVER
2026.09.26-01.47.35 HANDLE_APPLIED #148 seq=101 decision=2 fightersValid=1 boardValid=1
2026.09.26-01.47.35 MODE seq=101 mode=0 combat=0 pending=0
2026.09.26-01.47.35 HUD seq=101 phase=ACTION_MANEUVER turn=opp hand=7 oppHand=8(hidden) oppDeck=5~ deck=5~ discard=18
2026.09.26-01.47.35 FIGHTERS synced n=6 alive=6 own=2 enemy=4
2026.09.26-01.47.35 CUE move f-0-hero (17,6)->(17,7) seq=101
2026.09.26-01.47.35 WS seq=101 phase=ACTION_MANEUVER (apply)
2026.09.26-01.47.36 S09AUTO drive mode=0 plan=[defend+resolve] phase=ACTION_MANEUVER turn=cmuhntivg0000wib0anhqyswc
2026.09.26-01.47.36 SNAPSHOT applied seq=102 phase=ACTION_MANEUVER
2026.09.26-01.47.36 HANDLE_APPLIED #149 seq=102 decision=2 fightersValid=1 boardValid=1
2026.09.26-01.47.36 MODE seq=102 mode=0 combat=0 pending=0
2026.09.26-01.47.36 HUD seq=102 phase=ACTION_MANEUVER turn=opp hand=7 oppHand=9(hidden) oppDeck=5~ deck=5~ discard=18
2026.09.26-01.47.36 FIGHTERS synced n=6 alive=6 own=2 enemy=4
2026.09.26-01.47.36 WS seq=102 phase=ACTION_MANEUVER (apply)
2026.09.26-01.47.36 SNAPSHOT applied seq=103 phase=TURN_END
2026.09.26-01.47.36 HANDLE_APPLIED #150 seq=103 decision=2 fightersValid=1 boardValid=1
2026.09.26-01.47.36 MODE seq=103 mode=0 combat=0 pending=0
2026.09.26-01.47.36 HUD seq=103 phase=TURN_END turn=opp hand=7 oppHand=9(hidden) oppDeck=5~ deck=5~ discard=18 pendingDiscard=2
2026.09.26-01.47.37 FIGHTERS synced n=6 alive=6 own=2 enemy=4
2026.09.26-01.47.37 CUE move f-0-hero (17,7)->(17,8) seq=103
2026.09.26-01.47.37 WS seq=103 phase=TURN_END (apply)
2026.09.26-01.47.38 SNAPSHOT applied seq=104 phase=ACTION_MANEUVER
2026.09.26-01.47.38 HANDLE_APPLIED #151 seq=104 decision=2 fightersValid=1 boardValid=1
2026.09.26-01.47.38 MODE seq=104 mode=0 combat=0 pending=0
2026.09.26-01.47.38 HUD seq=104 phase=ACTION_MANEUVER turn=you hand=7 oppHand=7(hidden) oppDeck=5~ deck=5~ discard=18
2026.09.26-01.47.38 FIGHTERS synced n=6 alive=6 own=2 enemy=4
2026.09.26-01.47.38 WS seq=104 phase=ACTION_MANEUVER (apply)
2026.09.26-01.47.38 S09AUTO own turn #10 (turnCount=22)
2026.09.26-01.47.38 SNAPSHOT applied seq=105 phase=ACTION_MANEUVER
2026.09.26-01.47.38 HANDLE_APPLIED #152 seq=105 decision=2 fightersValid=1 boardValid=1
2026.09.26-01.47.38 MANEUVER-DRAFT mode=maneuver:22:104
2026.09.26-01.47.38 DRAFT-OPEN draw committed (resume instead of begin)
2026.09.26-01.47.38 MODE seq=105 mode=1 combat=0 pending=0
2026.09.26-01.47.38 HUD seq=105 phase=ACTION_MANEUVER turn=you hand=8 oppHand=7(hidden) oppDeck=5~ deck=5~ discard=18
2026.09.26-01.47.38 FIGHTERS synced n=6 alive=6 own=2 enemy=4
2026.09.26-01.47.38 WS seq=105 phase=ACTION_MANEUVER (apply)
2026.09.26-01.47.38 SNAPSHOT applied seq=105 phase=ACTION_MANEUVER
2026.09.26-01.47.38 HANDLE_APPLIED #153 seq=105 decision=1 fightersValid=1 boardValid=1
2026.09.26-01.47.38 MODE seq=105 mode=1 combat=0 pending=0
2026.09.26-01.47.38 HUD seq=105 phase=ACTION_MANEUVER turn=you hand=8 oppHand=7(hidden) oppDeck=3 deck=4 discard=18
2026.09.26-01.47.38 FIGHTERS synced n=6 alive=6 own=2 enemy=4
2026.09.26-01.47.38 MANEUVER begin seq=105 (merge) pending=maneuver:22:104
2026.09.26-01.47.38 S09AUTO drive mode=1 plan=[defend+resolve] phase=ACTION_MANEUVER turn=cmuhntiwu0001wib0z281rpa8
2026.09.26-01.47.38 MANEUVER-CONFIRM moves=1 boost=none
2026.09.26-01.47.38 SNAPSHOT applied seq=106 phase=ACTION_MANEUVER
2026.09.26-01.47.38 HANDLE_APPLIED #154 seq=106 decision=2 fightersValid=1 boardValid=1
2026.09.26-01.47.38 closed mode=
2026.09.26-01.47.38 MODE seq=106 mode=0 combat=0 pending=0
2026.09.26-01.47.38 HUD seq=106 phase=ACTION_MANEUVER turn=you hand=8 oppHand=7(hidden) oppDeck=3~ deck=4~ discard=18
2026.09.26-01.47.38 FIGHTERS synced n=6 alive=6 own=2 enemy=4
2026.09.26-01.47.38 CUE move f-1-hero (18,17)->(19,17) seq=106
2026.09.26-01.47.38 WS seq=106 phase=ACTION_MANEUVER (apply)
2026.09.26-01.47.38 SNAPSHOT applied seq=106 phase=ACTION_MANEUVER
2026.09.26-01.47.38 HANDLE_APPLIED #155 seq=106 decision=1 fightersValid=1 boardValid=1
2026.09.26-01.47.38 MODE seq=106 mode=0 combat=0 pending=0
2026.09.26-01.47.38 HUD seq=106 phase=ACTION_MANEUVER turn=you hand=8 oppHand=7(hidden) oppDeck=3 deck=4 discard=18
2026.09.26-01.47.38 FIGHTERS synced n=6 alive=6 own=2 enemy=4
2026.09.26-01.47.38 MANEUVER done seq=106 (merge) fighters=6 boost=no
2026.09.26-01.47.39 S09AUTO drive mode=0 plan=[defend+resolve] phase=ACTION_MANEUVER turn=cmuhntiwu0001wib0z281rpa8
2026.09.26-01.47.39 SNAPSHOT applied seq=107 phase=ACTION_MANEUVER
2026.09.26-01.47.39 HANDLE_APPLIED #156 seq=107 decision=2 fightersValid=1 boardValid=1
2026.09.26-01.47.39 MANEUVER-DRAFT mode=maneuver:22:106
2026.09.26-01.47.39 DRAFT-OPEN draw committed (resume instead of begin)
2026.09.26-01.47.39 MODE seq=107 mode=1 combat=0 pending=0
2026.09.26-01.47.39 HUD seq=107 phase=ACTION_MANEUVER turn=you hand=9 oppHand=7(hidden) oppDeck=3~ deck=4~ discard=18
2026.09.26-01.47.39 FIGHTERS synced n=6 alive=6 own=2 enemy=4
2026.09.26-01.47.39 WS seq=107 phase=ACTION_MANEUVER (apply)
2026.09.26-01.47.39 SNAPSHOT applied seq=107 phase=ACTION_MANEUVER
2026.09.26-01.47.39 HANDLE_APPLIED #157 seq=107 decision=1 fightersValid=1 boardValid=1
2026.09.26-01.47.39 MODE seq=107 mode=1 combat=0 pending=0
2026.09.26-01.47.39 HUD seq=107 phase=ACTION_MANEUVER turn=you hand=9 oppHand=7(hidden) oppDeck=3 deck=3 discard=18
2026.09.26-01.47.39 FIGHTERS synced n=6 alive=6 own=2 enemy=4
2026.09.26-01.47.39 MANEUVER begin seq=107 (merge) pending=maneuver:22:106
2026.09.26-01.47.39 S09AUTO drive mode=1 plan=[defend+resolve] phase=ACTION_MANEUVER turn=cmuhntiwu0001wib0z281rpa8
2026.09.26-01.47.39 MANEUVER-CONFIRM moves=1 boost=none
2026.09.26-01.47.39 SNAPSHOT applied seq=108 phase=TURN_END
2026.09.26-01.47.39 HANDLE_APPLIED #158 seq=108 decision=2 fightersValid=1 boardValid=1
2026.09.26-01.47.39 DISCARD-DRAFT count=2 pending=discard:22:108
2026.09.26-01.47.39 MODE seq=108 mode=2 combat=0 pending=0
2026.09.26-01.47.39 HUD seq=108 phase=TURN_END turn=you hand=9 oppHand=7(hidden) oppDeck=3~ deck=3~ discard=18 pendingDiscard=2
2026.09.26-01.47.39 FIGHTERS synced n=6 alive=6 own=2 enemy=4
2026.09.26-01.47.39 CUE move f-1-hero (19,17)->(18,17) seq=108
2026.09.26-01.47.39 WS seq=108 phase=TURN_END (apply)
2026.09.26-01.47.39 SNAPSHOT applied seq=108 phase=TURN_END
2026.09.26-01.47.39 HANDLE_APPLIED #159 seq=108 decision=1 fightersValid=1 boardValid=1
2026.09.26-01.47.39 MODE seq=108 mode=2 combat=0 pending=0
2026.09.26-01.47.39 HUD seq=108 phase=TURN_END turn=you hand=9 oppHand=7(hidden) oppDeck=3 deck=3 discard=18 pendingDiscard=2
2026.09.26-01.47.39 FIGHTERS synced n=6 alive=6 own=2 enemy=4
2026.09.26-01.47.39 MANEUVER done seq=108 (merge) fighters=6 boost=no
2026.09.26-01.47.40 S09AUTO drive mode=2 plan=[defend+resolve] phase=TURN_END turn=cmuhntiwu0001wib0z281rpa8
2026.09.26-01.47.40 S09AUTO discard picks=2
2026.09.26-01.47.40 DISCARD-CONFIRM pending=discard:22:108 count=2 ids=cmuhgvghz00okwi9gtzou83ty::1,cmuhgvgi200oqwi9ginqxairz::2
2026.09.26-01.47.40 SNAPSHOT applied seq=109 phase=ACTION_MANEUVER
2026.09.26-01.47.40 HANDLE_APPLIED #160 seq=109 decision=2 fightersValid=1 boardValid=1
2026.09.26-01.47.40 closed mode=
2026.09.26-01.47.40 MODE seq=109 mode=0 combat=0 pending=0
2026.09.26-01.47.40 HUD seq=109 phase=ACTION_MANEUVER turn=opp hand=7 oppHand=7(hidden) oppDeck=3~ deck=3~ discard=20
2026.09.26-01.47.40 FIGHTERS synced n=6 alive=6 own=2 enemy=4
2026.09.26-01.47.40 WS seq=109 phase=ACTION_MANEUVER (apply)
2026.09.26-01.47.40 SNAPSHOT applied seq=109 phase=ACTION_MANEUVER
2026.09.26-01.47.40 HANDLE_APPLIED #161 seq=109 decision=1 fightersValid=1 boardValid=1
2026.09.26-01.47.40 MODE seq=109 mode=0 combat=0 pending=0
2026.09.26-01.47.40 HUD seq=109 phase=ACTION_MANEUVER turn=opp hand=7 oppHand=7(hidden) oppDeck=3 deck=3 discard=20
2026.09.26-01.47.40 FIGHTERS synced n=6 alive=6 own=2 enemy=4
2026.09.26-01.47.40 DISCARD done seq=109 phase=ACTION_MANEUVER count=2
2026.09.26-01.47.40 SNAPSHOT applied seq=110 phase=ACTION_MANEUVER
2026.09.26-01.47.40 HANDLE_APPLIED #162 seq=110 decision=2 fightersValid=1 boardValid=1
2026.09.26-01.47.40 MODE seq=110 mode=0 combat=0 pending=0
2026.09.26-01.47.40 HUD seq=110 phase=ACTION_MANEUVER turn=opp hand=7 oppHand=8(hidden) oppDeck=3~ deck=3~ discard=20
2026.09.26-01.47.40 FIGHTERS synced n=6 alive=6 own=2 enemy=4
2026.09.26-01.47.40 WS seq=110 phase=ACTION_MANEUVER (apply)
2026.09.26-01.47.41 SNAPSHOT applied seq=111 phase=ACTION_MANEUVER
2026.09.26-01.47.41 HANDLE_APPLIED #163 seq=111 decision=2 fightersValid=1 boardValid=1
2026.09.26-01.47.41 MODE seq=111 mode=0 combat=0 pending=0
2026.09.26-01.47.41 HUD seq=111 phase=ACTION_MANEUVER turn=opp hand=7 oppHand=8(hidden) oppDeck=3~ deck=3~ discard=20
2026.09.26-01.47.41 FIGHTERS synced n=6 alive=6 own=2 enemy=4
2026.09.26-01.47.41 CUE move f-0-hero (17,8)->(17,9) seq=111
2026.09.26-01.47.41 WS seq=111 phase=ACTION_MANEUVER (apply)
2026.09.26-01.47.41 S09AUTO drive mode=0 plan=[defend+resolve] phase=ACTION_MANEUVER turn=cmuhntivg0000wib0anhqyswc
2026.09.26-01.47.42 SNAPSHOT applied seq=112 phase=ACTION_MANEUVER
2026.09.26-01.47.42 HANDLE_APPLIED #164 seq=112 decision=2 fightersValid=1 boardValid=1
2026.09.26-01.47.42 MODE seq=112 mode=0 combat=0 pending=0
2026.09.26-01.47.42 HUD seq=112 phase=ACTION_MANEUVER turn=opp hand=7 oppHand=9(hidden) oppDeck=3~ deck=3~ discard=20
2026.09.26-01.47.42 FIGHTERS synced n=6 alive=6 own=2 enemy=4
2026.09.26-01.47.42 WS seq=112 phase=ACTION_MANEUVER (apply)
2026.09.26-01.47.42 SNAPSHOT applied seq=113 phase=TURN_END
2026.09.26-01.47.42 HANDLE_APPLIED #165 seq=113 decision=2 fightersValid=1 boardValid=1
2026.09.26-01.47.42 MODE seq=113 mode=0 combat=0 pending=0
2026.09.26-01.47.42 HUD seq=113 phase=TURN_END turn=opp hand=7 oppHand=9(hidden) oppDeck=3~ deck=3~ discard=20 pendingDiscard=2
2026.09.26-01.47.42 FIGHTERS synced n=6 alive=6 own=2 enemy=4
2026.09.26-01.47.42 CUE move f-0-hero (17,9)->(17,10) seq=113
2026.09.26-01.47.42 WS seq=113 phase=TURN_END (apply)
2026.09.26-01.47.43 SNAPSHOT applied seq=114 phase=ACTION_MANEUVER
2026.09.26-01.47.43 HANDLE_APPLIED #166 seq=114 decision=2 fightersValid=1 boardValid=1
2026.09.26-01.47.43 MODE seq=114 mode=0 combat=0 pending=0
2026.09.26-01.47.43 HUD seq=114 phase=ACTION_MANEUVER turn=you hand=7 oppHand=7(hidden) oppDeck=3~ deck=3~ discard=20
2026.09.26-01.47.43 FIGHTERS synced n=6 alive=6 own=2 enemy=4
2026.09.26-01.47.43 WS seq=114 phase=ACTION_MANEUVER (apply)
2026.09.26-01.47.43 S09AUTO own turn #11 (turnCount=24)
2026.09.26-01.47.43 SNAPSHOT applied seq=115 phase=ACTION_MANEUVER
2026.09.26-01.47.43 HANDLE_APPLIED #167 seq=115 decision=2 fightersValid=1 boardValid=1
2026.09.26-01.47.43 MANEUVER-DRAFT mode=maneuver:24:114
2026.09.26-01.47.43 DRAFT-OPEN draw committed (resume instead of begin)
2026.09.26-01.47.43 MODE seq=115 mode=1 combat=0 pending=0
2026.09.26-01.47.43 HUD seq=115 phase=ACTION_MANEUVER turn=you hand=8 oppHand=7(hidden) oppDeck=3~ deck=3~ discard=20
2026.09.26-01.47.43 FIGHTERS synced n=6 alive=6 own=2 enemy=4
2026.09.26-01.47.43 WS seq=115 phase=ACTION_MANEUVER (apply)
2026.09.26-01.47.43 SNAPSHOT applied seq=115 phase=ACTION_MANEUVER
2026.09.26-01.47.43 HANDLE_APPLIED #168 seq=115 decision=1 fightersValid=1 boardValid=1
2026.09.26-01.47.43 MODE seq=115 mode=1 combat=0 pending=0
2026.09.26-01.47.43 HUD seq=115 phase=ACTION_MANEUVER turn=you hand=8 oppHand=7(hidden) oppDeck=1 deck=2 discard=20
2026.09.26-01.47.43 FIGHTERS synced n=6 alive=6 own=2 enemy=4
2026.09.26-01.47.43 MANEUVER begin seq=115 (merge) pending=maneuver:24:114
2026.09.26-01.47.43 S09AUTO drive mode=1 plan=[defend+resolve] phase=ACTION_MANEUVER turn=cmuhntiwu0001wib0z281rpa8
2026.09.26-01.47.43 MANEUVER-CONFIRM moves=1 boost=none
2026.09.26-01.47.43 SNAPSHOT applied seq=116 phase=ACTION_MANEUVER
2026.09.26-01.47.43 HANDLE_APPLIED #169 seq=116 decision=2 fightersValid=1 boardValid=1
2026.09.26-01.47.43 closed mode=
2026.09.26-01.47.43 MODE seq=116 mode=0 combat=0 pending=0
2026.09.26-01.47.43 HUD seq=116 phase=ACTION_MANEUVER turn=you hand=8 oppHand=7(hidden) oppDeck=1~ deck=2~ discard=20
2026.09.26-01.47.43 FIGHTERS synced n=6 alive=6 own=2 enemy=4
2026.09.26-01.47.43 CUE move f-1-hero (18,17)->(19,17) seq=116
2026.09.26-01.47.43 WS seq=116 phase=ACTION_MANEUVER (apply)
2026.09.26-01.47.43 SNAPSHOT applied seq=116 phase=ACTION_MANEUVER
2026.09.26-01.47.43 HANDLE_APPLIED #170 seq=116 decision=1 fightersValid=1 boardValid=1
2026.09.26-01.47.43 MODE seq=116 mode=0 combat=0 pending=0
2026.09.26-01.47.43 HUD seq=116 phase=ACTION_MANEUVER turn=you hand=8 oppHand=7(hidden) oppDeck=1 deck=2 discard=20
2026.09.26-01.47.43 FIGHTERS synced n=6 alive=6 own=2 enemy=4
2026.09.26-01.47.43 MANEUVER done seq=116 (merge) fighters=6 boost=no
2026.09.26-01.47.44 S09AUTO drive mode=0 plan=[defend+resolve] phase=ACTION_MANEUVER turn=cmuhntiwu0001wib0z281rpa8
2026.09.26-01.47.44 SNAPSHOT applied seq=117 phase=ACTION_MANEUVER
2026.09.26-01.47.44 HANDLE_APPLIED #171 seq=117 decision=2 fightersValid=1 boardValid=1
2026.09.26-01.47.44 MANEUVER-DRAFT mode=maneuver:24:116
2026.09.26-01.47.44 DRAFT-OPEN draw committed (resume instead of begin)
2026.09.26-01.47.44 MODE seq=117 mode=1 combat=0 pending=0
2026.09.26-01.47.44 HUD seq=117 phase=ACTION_MANEUVER turn=you hand=9 oppHand=7(hidden) oppDeck=1~ deck=2~ discard=20
2026.09.26-01.47.44 FIGHTERS synced n=6 alive=6 own=2 enemy=4
2026.09.26-01.47.44 WS seq=117 phase=ACTION_MANEUVER (apply)
2026.09.26-01.47.44 SNAPSHOT applied seq=117 phase=ACTION_MANEUVER
2026.09.26-01.47.44 HANDLE_APPLIED #172 seq=117 decision=1 fightersValid=1 boardValid=1
2026.09.26-01.47.44 MODE seq=117 mode=1 combat=0 pending=0
2026.09.26-01.47.44 HUD seq=117 phase=ACTION_MANEUVER turn=you hand=9 oppHand=7(hidden) oppDeck=1 deck=1 discard=20
2026.09.26-01.47.44 FIGHTERS synced n=6 alive=6 own=2 enemy=4
2026.09.26-01.47.44 MANEUVER begin seq=117 (merge) pending=maneuver:24:116
2026.09.26-01.47.44 S09AUTO drive mode=1 plan=[defend+resolve] phase=ACTION_MANEUVER turn=cmuhntiwu0001wib0z281rpa8
2026.09.26-01.47.44 MANEUVER-CONFIRM moves=1 boost=none
2026.09.26-01.47.44 SNAPSHOT applied seq=118 phase=TURN_END
2026.09.26-01.47.44 HANDLE_APPLIED #173 seq=118 decision=2 fightersValid=1 boardValid=1
2026.09.26-01.47.44 DISCARD-DRAFT count=2 pending=discard:24:118
2026.09.26-01.47.44 MODE seq=118 mode=2 combat=0 pending=0
2026.09.26-01.47.44 HUD seq=118 phase=TURN_END turn=you hand=9 oppHand=7(hidden) oppDeck=1~ deck=1~ discard=20 pendingDiscard=2
2026.09.26-01.47.44 FIGHTERS synced n=6 alive=6 own=2 enemy=4
2026.09.26-01.47.44 CUE move f-1-hero (19,17)->(18,17) seq=118
2026.09.26-01.47.44 WS seq=118 phase=TURN_END (apply)
2026.09.26-01.47.44 SNAPSHOT applied seq=118 phase=TURN_END
2026.09.26-01.47.44 HANDLE_APPLIED #174 seq=118 decision=1 fightersValid=1 boardValid=1
2026.09.26-01.47.44 MODE seq=118 mode=2 combat=0 pending=0
2026.09.26-01.47.44 HUD seq=118 phase=TURN_END turn=you hand=9 oppHand=7(hidden) oppDeck=1 deck=1 discard=20 pendingDiscard=2
2026.09.26-01.47.44 FIGHTERS synced n=6 alive=6 own=2 enemy=4
2026.09.26-01.47.44 MANEUVER done seq=118 (merge) fighters=6 boost=no
2026.09.26-01.47.46 S09AUTO drive mode=2 plan=[defend+resolve] phase=TURN_END turn=cmuhntiwu0001wib0z281rpa8
2026.09.26-01.47.46 S09AUTO discard picks=2
2026.09.26-01.47.46 DISCARD-CONFIRM pending=discard:24:118 count=2 ids=cmuhgvghv00ocwi9gjsemjpqr::0,cmuhgvgi200oqwi9ginqxairz::0
2026.09.26-01.47.46 SNAPSHOT applied seq=119 phase=ACTION_MANEUVER
2026.09.26-01.47.46 HANDLE_APPLIED #175 seq=119 decision=2 fightersValid=1 boardValid=1
2026.09.26-01.47.46 closed mode=
2026.09.26-01.47.46 MODE seq=119 mode=0 combat=0 pending=0
2026.09.26-01.47.46 HUD seq=119 phase=ACTION_MANEUVER turn=opp hand=7 oppHand=7(hidden) oppDeck=1~ deck=1~ discard=22
2026.09.26-01.47.46 FIGHTERS synced n=6 alive=6 own=2 enemy=4
2026.09.26-01.47.46 WS seq=119 phase=ACTION_MANEUVER (apply)
2026.09.26-01.47.46 SNAPSHOT applied seq=119 phase=ACTION_MANEUVER
2026.09.26-01.47.46 HANDLE_APPLIED #176 seq=119 decision=1 fightersValid=1 boardValid=1
2026.09.26-01.47.46 MODE seq=119 mode=0 combat=0 pending=0
2026.09.26-01.47.46 HUD seq=119 phase=ACTION_MANEUVER turn=opp hand=7 oppHand=7(hidden) oppDeck=1 deck=1 discard=22
2026.09.26-01.47.46 FIGHTERS synced n=6 alive=6 own=2 enemy=4
2026.09.26-01.47.46 DISCARD done seq=119 phase=ACTION_MANEUVER count=2
2026.09.26-01.47.46 SNAPSHOT applied seq=120 phase=ACTION_MANEUVER
2026.09.26-01.47.46 HANDLE_APPLIED #177 seq=120 decision=2 fightersValid=1 boardValid=1
2026.09.26-01.47.46 MODE seq=120 mode=0 combat=0 pending=0
2026.09.26-01.47.46 HUD seq=120 phase=ACTION_MANEUVER turn=opp hand=7 oppHand=8(hidden) oppDeck=1~ deck=1~ discard=22
2026.09.26-01.47.46 FIGHTERS synced n=6 alive=6 own=2 enemy=4
2026.09.26-01.47.46 WS seq=120 phase=ACTION_MANEUVER (apply)
2026.09.26-01.47.46 SNAPSHOT applied seq=121 phase=ACTION_MANEUVER
2026.09.26-01.47.46 HANDLE_APPLIED #178 seq=121 decision=2 fightersValid=1 boardValid=1
2026.09.26-01.47.46 MODE seq=121 mode=0 combat=0 pending=0
2026.09.26-01.47.46 HUD seq=121 phase=ACTION_MANEUVER turn=opp hand=7 oppHand=8(hidden) oppDeck=1~ deck=1~ discard=22
2026.09.26-01.47.46 FIGHTERS synced n=6 alive=6 own=2 enemy=4
2026.09.26-01.47.46 CUE move f-0-hero (17,10)->(17,11) seq=121
2026.09.26-01.47.46 WS seq=121 phase=ACTION_MANEUVER (apply)
2026.09.26-01.47.47 S09AUTO drive mode=0 plan=[defend+resolve] phase=ACTION_MANEUVER turn=cmuhntivg0000wib0anhqyswc
2026.09.26-01.47.47 SNAPSHOT applied seq=122 phase=ACTION_MANEUVER
2026.09.26-01.47.47 HANDLE_APPLIED #179 seq=122 decision=2 fightersValid=1 boardValid=1
2026.09.26-01.47.47 MODE seq=122 mode=0 combat=0 pending=0
2026.09.26-01.47.47 HUD seq=122 phase=ACTION_MANEUVER turn=opp hand=7 oppHand=8(hidden) oppDeck=1~ deck=1~ discard=22
2026.09.26-01.47.47 FIGHTERS synced n=6 alive=3 own=2 enemy=1
2026.09.26-01.47.47 CUE damage f-0-hero -2 seq=122
2026.09.26-01.47.47 CUE damage f-0-sk0 -1 seq=122
2026.09.26-01.47.47 CUE damage f-0-sk1 -1 seq=122
2026.09.26-01.47.47 CUE damage f-0-sk2 -1 seq=122
2026.09.26-01.47.47 WS seq=122 phase=ACTION_MANEUVER (apply)
2026.09.26-01.47.47 SNAPSHOT applied seq=123 phase=TURN_END
2026.09.26-01.47.47 HANDLE_APPLIED #180 seq=123 decision=2 fightersValid=1 boardValid=1
2026.09.26-01.47.47 MODE seq=123 mode=0 combat=0 pending=0
2026.09.26-01.47.47 HUD seq=123 phase=TURN_END turn=opp hand=7 oppHand=8(hidden) oppDeck=1~ deck=1~ discard=22 pendingDiscard=1
2026.09.26-01.47.47 FIGHTERS synced n=6 alive=3 own=2 enemy=1
2026.09.26-01.47.47 CUE move f-0-hero (17,11)->(17,12) seq=123
2026.09.26-01.47.47 WS seq=123 phase=TURN_END (apply)
2026.09.26-01.47.48 SNAPSHOT applied seq=124 phase=ACTION_MANEUVER
2026.09.26-01.47.48 HANDLE_APPLIED #181 seq=124 decision=2 fightersValid=1 boardValid=1
2026.09.26-01.47.48 MODE seq=124 mode=0 combat=0 pending=0
2026.09.26-01.47.48 HUD seq=124 phase=ACTION_MANEUVER turn=you hand=7 oppHand=7(hidden) oppDeck=1~ deck=1~ discard=22
2026.09.26-01.47.48 FIGHTERS synced n=6 alive=3 own=2 enemy=1
2026.09.26-01.47.48 WS seq=124 phase=ACTION_MANEUVER (apply)
2026.09.26-01.47.48 S09AUTO own turn #12 (turnCount=26)
2026.09.26-01.47.48 SNAPSHOT applied seq=125 phase=ACTION_MANEUVER
2026.09.26-01.47.48 HANDLE_APPLIED #182 seq=125 decision=2 fightersValid=1 boardValid=1
2026.09.26-01.47.48 MANEUVER-DRAFT mode=maneuver:26:124
2026.09.26-01.47.48 DRAFT-OPEN draw committed (resume instead of begin)
2026.09.26-01.47.48 MODE seq=125 mode=1 combat=0 pending=0
2026.09.26-01.47.48 HUD seq=125 phase=ACTION_MANEUVER turn=you hand=8 oppHand=7(hidden) oppDeck=1~ deck=1~ discard=22
2026.09.26-01.47.48 FIGHTERS synced n=6 alive=3 own=2 enemy=1
2026.09.26-01.47.48 WS seq=125 phase=ACTION_MANEUVER (apply)
2026.09.26-01.47.48 SNAPSHOT applied seq=125 phase=ACTION_MANEUVER
2026.09.26-01.47.48 HANDLE_APPLIED #183 seq=125 decision=1 fightersValid=1 boardValid=1
2026.09.26-01.47.48 MODE seq=125 mode=1 combat=0 pending=0
2026.09.26-01.47.48 HUD seq=125 phase=ACTION_MANEUVER turn=you hand=8 oppHand=7(hidden) oppDeck=0 deck=0 discard=22
2026.09.26-01.47.48 FIGHTERS synced n=6 alive=3 own=2 enemy=1
2026.09.26-01.47.48 MANEUVER begin seq=125 (merge) pending=maneuver:26:124
2026.09.26-01.47.48 S09AUTO drive mode=1 plan=[defend+resolve] phase=ACTION_MANEUVER turn=cmuhntiwu0001wib0z281rpa8
2026.09.26-01.47.48 MANEUVER-CONFIRM moves=1 boost=none
2026.09.26-01.47.48 SNAPSHOT applied seq=126 phase=ACTION_MANEUVER
2026.09.26-01.47.48 HANDLE_APPLIED #184 seq=126 decision=2 fightersValid=1 boardValid=1
2026.09.26-01.47.48 closed mode=
2026.09.26-01.47.48 MODE seq=126 mode=0 combat=0 pending=0
2026.09.26-01.47.48 HUD seq=126 phase=ACTION_MANEUVER turn=you hand=8 oppHand=7(hidden) oppDeck=0~ deck=0~ discard=22
2026.09.26-01.47.48 FIGHTERS synced n=6 alive=3 own=2 enemy=1
2026.09.26-01.47.48 CUE move f-1-hero (18,17)->(19,17) seq=126
2026.09.26-01.47.48 WS seq=126 phase=ACTION_MANEUVER (apply)
2026.09.26-01.47.48 SNAPSHOT applied seq=126 phase=ACTION_MANEUVER
2026.09.26-01.47.48 HANDLE_APPLIED #185 seq=126 decision=1 fightersValid=1 boardValid=1
2026.09.26-01.47.48 MODE seq=126 mode=0 combat=0 pending=0
2026.09.26-01.47.48 HUD seq=126 phase=ACTION_MANEUVER turn=you hand=8 oppHand=7(hidden) oppDeck=0 deck=0 discard=22
2026.09.26-01.47.48 FIGHTERS synced n=6 alive=3 own=2 enemy=1
2026.09.26-01.47.48 MANEUVER done seq=126 (merge) fighters=6 boost=no
2026.09.26-01.47.50 S09AUTO drive mode=0 plan=[defend+resolve] phase=ACTION_MANEUVER turn=cmuhntiwu0001wib0z281rpa8
2026.09.26-01.47.50 SNAPSHOT applied seq=127 phase=ACTION_MANEUVER
2026.09.26-01.47.50 HANDLE_APPLIED #186 seq=127 decision=2 fightersValid=1 boardValid=1
2026.09.26-01.47.50 MANEUVER-DRAFT mode=maneuver:26:126
2026.09.26-01.47.50 DRAFT-OPEN draw committed (resume instead of begin)
2026.09.26-01.47.50 MODE seq=127 mode=1 combat=0 pending=0
2026.09.26-01.47.50 HUD seq=127 phase=ACTION_MANEUVER turn=you hand=8 oppHand=7(hidden) oppDeck=0~ deck=0~ discard=22
2026.09.26-01.47.50 FIGHTERS synced n=6 alive=3 own=2 enemy=1
2026.09.26-01.47.50 CUE damage f-1-hero -2 seq=127
2026.09.26-01.47.50 CUE damage f-1-sk0 -2 seq=127
2026.09.26-01.47.50 WS seq=127 phase=ACTION_MANEUVER (apply)
2026.09.26-01.47.50 SNAPSHOT applied seq=127 phase=ACTION_MANEUVER
2026.09.26-01.47.50 HANDLE_APPLIED #187 seq=127 decision=1 fightersValid=1 boardValid=1
2026.09.26-01.47.50 MODE seq=127 mode=1 combat=0 pending=0
2026.09.26-01.47.50 HUD seq=127 phase=ACTION_MANEUVER turn=you hand=8 oppHand=7(hidden) oppDeck=0 deck=0 discard=22
2026.09.26-01.47.50 FIGHTERS synced n=6 alive=3 own=2 enemy=1
2026.09.26-01.47.50 MANEUVER begin seq=127 (merge) pending=maneuver:26:126
2026.09.26-01.47.50 S09AUTO drive mode=1 plan=[defend+resolve] phase=ACTION_MANEUVER turn=cmuhntiwu0001wib0z281rpa8
2026.09.26-01.47.50 MANEUVER-CONFIRM moves=1 boost=none
2026.09.26-01.47.50 SNAPSHOT applied seq=128 phase=TURN_END
2026.09.26-01.47.50 HANDLE_APPLIED #188 seq=128 decision=2 fightersValid=1 boardValid=1
2026.09.26-01.47.50 DISCARD-DRAFT count=1 pending=discard:26:128
2026.09.26-01.47.50 MODE seq=128 mode=2 combat=0 pending=0
2026.09.26-01.47.50 HUD seq=128 phase=TURN_END turn=you hand=8 oppHand=7(hidden) oppDeck=0 deck=0 discard=22 pendingDiscard=1
2026.09.26-01.47.50 FIGHTERS synced n=6 alive=3 own=2 enemy=1
2026.09.26-01.47.50 CUE move f-1-hero (19,17)->(18,17) seq=128
2026.09.26-01.47.50 MANEUVER done seq=128 (apply) fighters=6 boost=no
2026.09.26-01.47.50 SNAPSHOT applied seq=128 phase=TURN_END
2026.09.26-01.47.50 HANDLE_APPLIED #189 seq=128 decision=1 fightersValid=1 boardValid=1
2026.09.26-01.47.50 MODE seq=128 mode=2 combat=0 pending=0
2026.09.26-01.47.50 HUD seq=128 phase=TURN_END turn=you hand=8 oppHand=7(hidden) oppDeck=0 deck=0 discard=22 pendingDiscard=1
2026.09.26-01.47.50 FIGHTERS synced n=6 alive=3 own=2 enemy=1
2026.09.26-01.47.50 WS seq=128 phase=TURN_END (merge)
2026.09.26-01.47.51 S09AUTO drive mode=2 plan=[defend+resolve] phase=TURN_END turn=cmuhntiwu0001wib0z281rpa8
2026.09.26-01.47.51 S09AUTO discard picks=1
2026.09.26-01.47.51 DISCARD-CONFIRM pending=discard:26:128 count=1 ids=cmuhgvgi500owwi9gnmn59wun::1
2026.09.26-01.47.51 SNAPSHOT applied seq=129 phase=ACTION_MANEUVER
2026.09.26-01.47.51 HANDLE_APPLIED #190 seq=129 decision=2 fightersValid=1 boardValid=1
2026.09.26-01.47.51 closed mode=
2026.09.26-01.47.51 MODE seq=129 mode=0 combat=0 pending=0
2026.09.26-01.47.51 HUD seq=129 phase=ACTION_MANEUVER turn=opp hand=7 oppHand=7(hidden) oppDeck=0~ deck=0~ discard=23
2026.09.26-01.47.51 FIGHTERS synced n=6 alive=3 own=2 enemy=1
2026.09.26-01.47.51 WS seq=129 phase=ACTION_MANEUVER (apply)
2026.09.26-01.47.51 SNAPSHOT applied seq=129 phase=ACTION_MANEUVER
2026.09.26-01.47.51 HANDLE_APPLIED #191 seq=129 decision=1 fightersValid=1 boardValid=1
2026.09.26-01.47.51 MODE seq=129 mode=0 combat=0 pending=0
2026.09.26-01.47.51 HUD seq=129 phase=ACTION_MANEUVER turn=opp hand=7 oppHand=7(hidden) oppDeck=0 deck=0 discard=23
2026.09.26-01.47.51 FIGHTERS synced n=6 alive=3 own=2 enemy=1
2026.09.26-01.47.51 DISCARD done seq=129 phase=ACTION_MANEUVER count=1
2026.09.26-01.47.51 SNAPSHOT applied seq=130 phase=ACTION_MANEUVER
2026.09.26-01.47.51 HANDLE_APPLIED #192 seq=130 decision=2 fightersValid=1 boardValid=1
2026.09.26-01.47.51 MODE seq=130 mode=0 combat=0 pending=0
2026.09.26-01.47.51 HUD seq=130 phase=ACTION_MANEUVER turn=opp hand=7 oppHand=7(hidden) oppDeck=0~ deck=0~ discard=23
2026.09.26-01.47.51 FIGHTERS synced n=6 alive=3 own=2 enemy=1
2026.09.26-01.47.51 CUE damage f-0-hero -2 seq=130
2026.09.26-01.47.51 WS seq=130 phase=ACTION_MANEUVER (apply)
2026.09.26-01.47.51 SNAPSHOT applied seq=131 phase=ACTION_MANEUVER
2026.09.26-01.47.51 HANDLE_APPLIED #193 seq=131 decision=2 fightersValid=1 boardValid=1
2026.09.26-01.47.51 MODE seq=131 mode=0 combat=0 pending=0
2026.09.26-01.47.51 HUD seq=131 phase=ACTION_MANEUVER turn=opp hand=7 oppHand=7(hidden) oppDeck=0~ deck=0~ discard=23
2026.09.26-01.47.51 FIGHTERS synced n=6 alive=3 own=2 enemy=1
2026.09.26-01.47.51 CUE move f-0-hero (17,12)->(17,13) seq=131
2026.09.26-01.47.51 WS seq=131 phase=ACTION_MANEUVER (apply)
2026.09.26-01.47.52 S09AUTO drive mode=0 plan=[defend+resolve] phase=ACTION_MANEUVER turn=cmuhntivg0000wib0anhqyswc
2026.09.26-01.47.52 SNAPSHOT applied seq=132 phase=ACTION_MANEUVER
2026.09.26-01.47.52 HANDLE_APPLIED #194 seq=132 decision=2 fightersValid=1 boardValid=1
2026.09.26-01.47.52 MODE seq=132 mode=0 combat=0 pending=0
2026.09.26-01.47.52 HUD seq=132 phase=ACTION_MANEUVER turn=opp hand=7 oppHand=7(hidden) oppDeck=0~ deck=0~ discard=23
2026.09.26-01.47.52 FIGHTERS synced n=6 alive=3 own=2 enemy=1
2026.09.26-01.47.52 CUE damage f-0-hero -2 seq=132
2026.09.26-01.47.52 WS seq=132 phase=ACTION_MANEUVER (apply)
2026.09.26-01.47.52 SNAPSHOT applied seq=133 phase=ACTION_MANEUVER
2026.09.26-01.47.52 HANDLE_APPLIED #195 seq=133 decision=2 fightersValid=1 boardValid=1
2026.09.26-01.47.52 MODE seq=133 mode=0 combat=0 pending=0
2026.09.26-01.47.52 HUD seq=133 phase=ACTION_MANEUVER turn=you hand=7 oppHand=7(hidden) oppDeck=0~ deck=0~ discard=23
2026.09.26-01.47.52 FIGHTERS synced n=6 alive=3 own=2 enemy=1
2026.09.26-01.47.52 CUE move f-0-hero (17,13)->(17,14) seq=133
2026.09.26-01.47.52 WS seq=133 phase=ACTION_MANEUVER (apply)
2026.09.26-01.47.52 S09AUTO own turn #13 (turnCount=28)
2026.09.26-01.47.52 SNAPSHOT applied seq=134 phase=ACTION_MANEUVER
2026.09.26-01.47.52 HANDLE_APPLIED #196 seq=134 decision=2 fightersValid=1 boardValid=1
2026.09.26-01.47.52 MANEUVER-DRAFT mode=maneuver:28:133
2026.09.26-01.47.52 DRAFT-OPEN draw committed (resume instead of begin)
2026.09.26-01.47.52 MODE seq=134 mode=1 combat=0 pending=0
2026.09.26-01.47.52 HUD seq=134 phase=ACTION_MANEUVER turn=you hand=7 oppHand=7(hidden) oppDeck=0~ deck=0~ discard=23
2026.09.26-01.47.52 FIGHTERS synced n=6 alive=3 own=2 enemy=1
2026.09.26-01.47.52 CUE damage f-1-hero -2 seq=134
2026.09.26-01.47.52 CUE damage f-1-sk0 -2 seq=134
2026.09.26-01.47.52 WS seq=134 phase=ACTION_MANEUVER (apply)
2026.09.26-01.47.52 SNAPSHOT applied seq=134 phase=ACTION_MANEUVER
2026.09.26-01.47.52 HANDLE_APPLIED #197 seq=134 decision=1 fightersValid=1 boardValid=1
2026.09.26-01.47.52 MODE seq=134 mode=1 combat=0 pending=0
2026.09.26-01.47.52 HUD seq=134 phase=ACTION_MANEUVER turn=you hand=7 oppHand=7(hidden) oppDeck=0 deck=0 discard=23
2026.09.26-01.47.52 FIGHTERS synced n=6 alive=3 own=2 enemy=1
2026.09.26-01.47.52 MANEUVER begin seq=134 (merge) pending=maneuver:28:133
2026.09.26-01.47.52 S09AUTO drive mode=1 plan=[defend+resolve] phase=ACTION_MANEUVER turn=cmuhntiwu0001wib0z281rpa8
2026.09.26-01.47.52 MANEUVER-CONFIRM moves=1 boost=none
2026.09.26-01.47.52 SNAPSHOT applied seq=135 phase=ACTION_MANEUVER
2026.09.26-01.47.52 HANDLE_APPLIED #198 seq=135 decision=2 fightersValid=1 boardValid=1
2026.09.26-01.47.52 closed mode=
2026.09.26-01.47.52 MODE seq=135 mode=0 combat=0 pending=0
2026.09.26-01.47.52 HUD seq=135 phase=ACTION_MANEUVER turn=you hand=7 oppHand=7(hidden) oppDeck=0~ deck=0~ discard=23
2026.09.26-01.47.52 FIGHTERS synced n=6 alive=3 own=2 enemy=1
2026.09.26-01.47.52 CUE move f-1-hero (18,17)->(19,17) seq=135
2026.09.26-01.47.52 WS seq=135 phase=ACTION_MANEUVER (apply)
2026.09.26-01.47.52 SNAPSHOT applied seq=135 phase=ACTION_MANEUVER
2026.09.26-01.47.52 HANDLE_APPLIED #199 seq=135 decision=1 fightersValid=1 boardValid=1
2026.09.26-01.47.52 MODE seq=135 mode=0 combat=0 pending=0
2026.09.26-01.47.52 HUD seq=135 phase=ACTION_MANEUVER turn=you hand=7 oppHand=7(hidden) oppDeck=0 deck=0 discard=23
2026.09.26-01.47.52 FIGHTERS synced n=6 alive=3 own=2 enemy=1
2026.09.26-01.47.52 MANEUVER done seq=135 (merge) fighters=6 boost=no
2026.09.26-01.47.54 S09AUTO drive mode=0 plan=[defend+resolve] phase=ACTION_MANEUVER turn=cmuhntiwu0001wib0z281rpa8
2026.09.26-01.47.54 SNAPSHOT applied seq=136 phase=ACTION_MANEUVER
2026.09.26-01.47.54 HANDLE_APPLIED #200 seq=136 decision=2 fightersValid=1 boardValid=1
2026.09.26-01.47.54 MANEUVER-DRAFT mode=maneuver:28:135
2026.09.26-01.47.54 DRAFT-OPEN draw committed (resume instead of begin)
2026.09.26-01.47.54 MODE seq=136 mode=1 combat=0 pending=0
2026.09.26-01.47.54 HUD seq=136 phase=ACTION_MANEUVER turn=you hand=7 oppHand=7(hidden) oppDeck=0 deck=0 discard=23
2026.09.26-01.47.54 FIGHTERS synced n=6 alive=3 own=2 enemy=1
2026.09.26-01.47.54 CUE damage f-1-hero -2 seq=136
2026.09.26-01.47.54 CUE damage f-1-sk0 -2 seq=136
2026.09.26-01.47.54 MANEUVER begin seq=136 (apply) pending=maneuver:28:135
2026.09.26-01.47.54 SNAPSHOT applied seq=136 phase=ACTION_MANEUVER
2026.09.26-01.47.54 HANDLE_APPLIED #201 seq=136 decision=1 fightersValid=1 boardValid=1
2026.09.26-01.47.54 MODE seq=136 mode=1 combat=0 pending=0
2026.09.26-01.47.54 HUD seq=136 phase=ACTION_MANEUVER turn=you hand=7 oppHand=7(hidden) oppDeck=0 deck=0 discard=23
2026.09.26-01.47.54 FIGHTERS synced n=6 alive=3 own=2 enemy=1
2026.09.26-01.47.54 WS seq=136 phase=ACTION_MANEUVER (merge)
2026.09.26-01.47.54 S09AUTO drive mode=1 plan=[defend+resolve] phase=ACTION_MANEUVER turn=cmuhntiwu0001wib0z281rpa8
2026.09.26-01.47.54 MANEUVER-CONFIRM moves=1 boost=none
2026.09.26-01.47.54 SNAPSHOT applied seq=137 phase=ACTION_MANEUVER
2026.09.26-01.47.54 HANDLE_APPLIED #202 seq=137 decision=2 fightersValid=1 boardValid=1
2026.09.26-01.47.54 closed mode=
2026.09.26-01.47.54 MODE seq=137 mode=0 combat=0 pending=0
2026.09.26-01.47.54 HUD seq=137 phase=ACTION_MANEUVER turn=opp hand=7 oppHand=7(hidden) oppDeck=0~ deck=0~ discard=23
2026.09.26-01.47.54 FIGHTERS synced n=6 alive=3 own=2 enemy=1
2026.09.26-01.47.54 CUE move f-1-hero (19,17)->(18,17) seq=137
2026.09.26-01.47.54 WS seq=137 phase=ACTION_MANEUVER (apply)
2026.09.26-01.47.54 SNAPSHOT applied seq=137 phase=ACTION_MANEUVER
2026.09.26-01.47.54 HANDLE_APPLIED #203 seq=137 decision=1 fightersValid=1 boardValid=1
2026.09.26-01.47.54 MODE seq=137 mode=0 combat=0 pending=0
2026.09.26-01.47.54 HUD seq=137 phase=ACTION_MANEUVER turn=opp hand=7 oppHand=7(hidden) oppDeck=0 deck=0 discard=23
2026.09.26-01.47.54 FIGHTERS synced n=6 alive=3 own=2 enemy=1
2026.09.26-01.47.54 MANEUVER done seq=137 (merge) fighters=6 boost=no
2026.09.26-01.47.54 SNAPSHOT applied seq=138 phase=ACTION_MANEUVER
2026.09.26-01.47.54 HANDLE_APPLIED #204 seq=138 decision=2 fightersValid=1 boardValid=1
2026.09.26-01.47.54 MODE seq=138 mode=0 combat=0 pending=0
2026.09.26-01.47.54 HUD seq=138 phase=ACTION_MANEUVER turn=opp hand=7 oppHand=7(hidden) oppDeck=0~ deck=0~ discard=23
2026.09.26-01.47.54 FIGHTERS synced n=6 alive=3 own=2 enemy=1
2026.09.26-01.47.54 CUE damage f-0-hero -2 seq=138
2026.09.26-01.47.54 WS seq=138 phase=ACTION_MANEUVER (apply)
2026.09.26-01.47.54 SNAPSHOT applied seq=139 phase=ACTION_MANEUVER
2026.09.26-01.47.54 HANDLE_APPLIED #205 seq=139 decision=2 fightersValid=1 boardValid=1
2026.09.26-01.47.54 MODE seq=139 mode=0 combat=0 pending=0
2026.09.26-01.47.54 HUD seq=139 phase=ACTION_MANEUVER turn=opp hand=7 oppHand=7(hidden) oppDeck=0~ deck=0~ discard=23
2026.09.26-01.47.54 FIGHTERS synced n=6 alive=3 own=2 enemy=1
2026.09.26-01.47.54 CUE move f-0-hero (17,14)->(17,15) seq=139
2026.09.26-01.47.54 WS seq=139 phase=ACTION_MANEUVER (apply)
2026.09.26-01.47.55 S09AUTO drive mode=0 plan=[defend+resolve] phase=ACTION_MANEUVER turn=cmuhntivg0000wib0anhqyswc
2026.09.26-01.47.55 SNAPSHOT applied seq=140 phase=ACTION_MANEUVER
2026.09.26-01.47.55 HANDLE_APPLIED #206 seq=140 decision=2 fightersValid=1 boardValid=1
2026.09.26-01.47.55 MODE seq=140 mode=0 combat=0 pending=0
2026.09.26-01.47.55 HUD seq=140 phase=ACTION_MANEUVER turn=opp hand=7 oppHand=7(hidden) oppDeck=0~ deck=0~ discard=23
2026.09.26-01.47.55 FIGHTERS synced n=6 alive=3 own=2 enemy=1
2026.09.26-01.47.55 CUE damage f-0-hero -2 seq=140
2026.09.26-01.47.55 WS seq=140 phase=ACTION_MANEUVER (apply)
2026.09.26-01.47.55 SNAPSHOT applied seq=141 phase=ACTION_MANEUVER
2026.09.26-01.47.55 HANDLE_APPLIED #207 seq=141 decision=2 fightersValid=1 boardValid=1
2026.09.26-01.47.55 MODE seq=141 mode=0 combat=0 pending=0
2026.09.26-01.47.55 HUD seq=141 phase=ACTION_MANEUVER turn=you hand=7 oppHand=7(hidden) oppDeck=0~ deck=0~ discard=23
2026.09.26-01.47.55 FIGHTERS synced n=6 alive=3 own=2 enemy=1
2026.09.26-01.47.55 CUE move f-0-hero (17,15)->(17,16) seq=141
2026.09.26-01.47.55 WS seq=141 phase=ACTION_MANEUVER (apply)
2026.09.26-01.47.55 S09AUTO own turn #14 (turnCount=30)
2026.09.26-01.47.55 SNAPSHOT applied seq=142 phase=ACTION_MANEUVER
2026.09.26-01.47.55 HANDLE_APPLIED #208 seq=142 decision=2 fightersValid=1 boardValid=1
2026.09.26-01.47.55 MANEUVER-DRAFT mode=maneuver:30:141
2026.09.26-01.47.55 DRAFT-OPEN draw committed (resume instead of begin)
2026.09.26-01.47.55 MODE seq=142 mode=1 combat=0 pending=0
2026.09.26-01.47.55 HUD seq=142 phase=ACTION_MANEUVER turn=you hand=7 oppHand=7(hidden) oppDeck=0~ deck=0~ discard=23
2026.09.26-01.47.55 FIGHTERS synced n=6 alive=2 own=1 enemy=1
2026.09.26-01.47.55 CUE damage f-1-hero -2 seq=142
2026.09.26-01.47.55 CUE damage f-1-sk0 -1 seq=142
2026.09.26-01.47.55 WS seq=142 phase=ACTION_MANEUVER (apply)
2026.09.26-01.47.55 SNAPSHOT applied seq=142 phase=ACTION_MANEUVER
2026.09.26-01.47.55 HANDLE_APPLIED #209 seq=142 decision=1 fightersValid=1 boardValid=1
2026.09.26-01.47.55 MODE seq=142 mode=1 combat=0 pending=0
2026.09.26-01.47.55 HUD seq=142 phase=ACTION_MANEUVER turn=you hand=7 oppHand=7(hidden) oppDeck=0 deck=0 discard=23
2026.09.26-01.47.55 FIGHTERS synced n=6 alive=2 own=1 enemy=1
2026.09.26-01.47.55 MANEUVER begin seq=142 (merge) pending=maneuver:30:141
2026.09.26-01.47.55 S09AUTO drive mode=1 plan=[defend+resolve] phase=ACTION_MANEUVER turn=cmuhntiwu0001wib0z281rpa8
2026.09.26-01.47.55 MANEUVER-CONFIRM moves=1 boost=none
2026.09.26-01.47.55 SNAPSHOT applied seq=143 phase=ACTION_MANEUVER
2026.09.26-01.47.55 HANDLE_APPLIED #210 seq=143 decision=2 fightersValid=1 boardValid=1
2026.09.26-01.47.55 closed mode=
2026.09.26-01.47.55 MODE seq=143 mode=0 combat=0 pending=0
2026.09.26-01.47.55 HUD seq=143 phase=ACTION_MANEUVER turn=you hand=7 oppHand=7(hidden) oppDeck=0~ deck=0~ discard=23
2026.09.26-01.47.55 FIGHTERS synced n=6 alive=2 own=1 enemy=1
2026.09.26-01.47.55 CUE move f-1-hero (18,17)->(19,17) seq=143
2026.09.26-01.47.55 WS seq=143 phase=ACTION_MANEUVER (apply)
2026.09.26-01.47.55 SNAPSHOT applied seq=143 phase=ACTION_MANEUVER
2026.09.26-01.47.55 HANDLE_APPLIED #211 seq=143 decision=1 fightersValid=1 boardValid=1
2026.09.26-01.47.55 MODE seq=143 mode=0 combat=0 pending=0
2026.09.26-01.47.55 HUD seq=143 phase=ACTION_MANEUVER turn=you hand=7 oppHand=7(hidden) oppDeck=0 deck=0 discard=23
2026.09.26-01.47.55 FIGHTERS synced n=6 alive=2 own=1 enemy=1
2026.09.26-01.47.55 MANEUVER done seq=143 (merge) fighters=6 boost=no
2026.09.26-01.47.56 S09AUTO drive mode=0 plan=[defend+resolve] phase=ACTION_MANEUVER turn=cmuhntiwu0001wib0z281rpa8
2026.09.26-01.47.56 SNAPSHOT applied seq=144 phase=ACTION_MANEUVER
2026.09.26-01.47.56 HANDLE_APPLIED #212 seq=144 decision=2 fightersValid=1 boardValid=1
2026.09.26-01.47.56 MANEUVER-DRAFT mode=maneuver:30:143
2026.09.26-01.47.56 DRAFT-OPEN draw committed (resume instead of begin)
2026.09.26-01.47.56 MODE seq=144 mode=1 combat=0 pending=0
2026.09.26-01.47.56 HUD seq=144 phase=ACTION_MANEUVER turn=you hand=7 oppHand=7(hidden) oppDeck=0~ deck=0~ discard=23
2026.09.26-01.47.56 FIGHTERS synced n=6 alive=2 own=1 enemy=1
2026.09.26-01.47.56 CUE damage f-1-hero -2 seq=144
2026.09.26-01.47.56 WS seq=144 phase=ACTION_MANEUVER (apply)
2026.09.26-01.47.56 SNAPSHOT applied seq=144 phase=ACTION_MANEUVER
2026.09.26-01.47.56 HANDLE_APPLIED #213 seq=144 decision=1 fightersValid=1 boardValid=1
2026.09.26-01.47.56 MODE seq=144 mode=1 combat=0 pending=0
2026.09.26-01.47.56 HUD seq=144 phase=ACTION_MANEUVER turn=you hand=7 oppHand=7(hidden) oppDeck=0 deck=0 discard=23
2026.09.26-01.47.56 FIGHTERS synced n=6 alive=2 own=1 enemy=1
2026.09.26-01.47.57 MANEUVER begin seq=144 (merge) pending=maneuver:30:143
2026.09.26-01.47.57 S09AUTO drive mode=1 plan=[defend+resolve] phase=ACTION_MANEUVER turn=cmuhntiwu0001wib0z281rpa8
2026.09.26-01.47.57 MANEUVER-CONFIRM moves=1 boost=none
2026.09.26-01.47.57 SNAPSHOT applied seq=145 phase=ACTION_MANEUVER
2026.09.26-01.47.57 HANDLE_APPLIED #214 seq=145 decision=2 fightersValid=1 boardValid=1
2026.09.26-01.47.57 closed mode=
2026.09.26-01.47.57 MODE seq=145 mode=0 combat=0 pending=0
2026.09.26-01.47.57 HUD seq=145 phase=ACTION_MANEUVER turn=opp hand=7 oppHand=7(hidden) oppDeck=0~ deck=0~ discard=23
2026.09.26-01.47.57 FIGHTERS synced n=6 alive=2 own=1 enemy=1
2026.09.26-01.47.57 CUE move f-1-hero (19,17)->(18,17) seq=145
2026.09.26-01.47.57 WS seq=145 phase=ACTION_MANEUVER (apply)
2026.09.26-01.47.57 SNAPSHOT applied seq=145 phase=ACTION_MANEUVER
2026.09.26-01.47.57 HANDLE_APPLIED #215 seq=145 decision=1 fightersValid=1 boardValid=1
2026.09.26-01.47.57 MODE seq=145 mode=0 combat=0 pending=0
2026.09.26-01.47.57 HUD seq=145 phase=ACTION_MANEUVER turn=opp hand=7 oppHand=7(hidden) oppDeck=0 deck=0 discard=23
2026.09.26-01.47.57 FIGHTERS synced n=6 alive=2 own=1 enemy=1
2026.09.26-01.47.57 MANEUVER done seq=145 (merge) fighters=6 boost=no
2026.09.26-01.47.57 SNAPSHOT applied seq=146 phase=ACTION_MANEUVER
2026.09.26-01.47.57 HANDLE_APPLIED #216 seq=146 decision=2 fightersValid=1 boardValid=1
2026.09.26-01.47.57 MODE seq=146 mode=0 combat=0 pending=0
2026.09.26-01.47.57 HUD seq=146 phase=ACTION_MANEUVER turn=opp hand=7 oppHand=7(hidden) oppDeck=0~ deck=0~ discard=23
2026.09.26-01.47.57 FIGHTERS synced n=6 alive=2 own=1 enemy=1
2026.09.26-01.47.57 CUE damage f-0-hero -2 seq=146
2026.09.26-01.47.57 WS seq=146 phase=ACTION_MANEUVER (apply)
2026.09.26-01.47.57 SNAPSHOT applied seq=147 phase=ACTION_MANEUVER
2026.09.26-01.47.57 HANDLE_APPLIED #217 seq=147 decision=2 fightersValid=1 boardValid=1
2026.09.26-01.47.57 MODE seq=147 mode=0 combat=0 pending=0
2026.09.26-01.47.57 HUD seq=147 phase=ACTION_MANEUVER turn=opp hand=7 oppHand=7(hidden) oppDeck=0~ deck=0~ discard=23
2026.09.26-01.47.57 FIGHTERS synced n=6 alive=2 own=1 enemy=1
2026.09.26-01.47.57 CUE move f-0-hero (17,16)->(18,16) seq=147
2026.09.26-01.47.57 WS seq=147 phase=ACTION_MANEUVER (apply)
2026.09.26-01.47.58 S09AUTO drive mode=0 plan=[defend+resolve] phase=ACTION_MANEUVER turn=cmuhntivg0000wib0anhqyswc
2026.09.26-01.47.58 SNAPSHOT applied seq=148 phase=COMBAT
2026.09.26-01.47.58 HANDLE_APPLIED #218 seq=148 decision=2 fightersValid=1 boardValid=1
2026.09.26-01.47.58 closed mode=
2026.09.26-01.47.58 MODE seq=148 mode=4 combat=1 pending=0
2026.09.26-01.47.58 HUD seq=148 phase=COMBAT turn=opp hand=7 oppHand=6(hidden) oppDeck=0~ deck=0~ discard=23
2026.09.26-01.47.58 FIGHTERS synced n=6 alive=2 own=1 enemy=1
2026.09.26-01.47.58 WS seq=148 phase=COMBAT (apply)
2026.09.26-01.47.58 S09AUTO drive mode=4 plan=[defend+resolve] phase=COMBAT turn=cmuhntivg0000wib0anhqyswc
2026.09.26-01.47.58 S09AUTO defense-window shot
2026.09.26-01.47.58 SHOT ctx viewport=1280x720 viewTarget=CameraActor_2147482375 cam=(0,3184,4548) rot=(-55,-90,0)
2026.09.26-01.47.58 SHOT fighter f-0-hero pos=(18,16) world=(850,650,0) screen=(973,569) projected=1 alive=1
2026.09.26-01.47.58 SHOT fighter f-0-sk0 pos=(2,2) world=(-750,-750,0) screen=(386,152) projected=1 alive=0
2026.09.26-01.47.58 SHOT fighter f-0-sk1 pos=(2,3) world=(-750,-650,0) screen=(383,178) projected=1 alive=0
2026.09.26-01.47.58 SHOT fighter f-0-sk2 pos=(2,1) world=(-750,-850,0) screen=(388,126) projected=1 alive=0
2026.09.26-01.47.58 SHOT fighter f-1-hero pos=(18,17) world=(850,750,0) screen=(977,603) projected=1 alive=1
2026.09.26-01.47.58 SHOT fighter f-1-sk0 pos=(17,17) world=(750,750,0) screen=(937,603) projected=1 alive=0
2026.09.26-01.47.58 SHOT requested: FScreenshotRequest(bShowUI) -> C:\Users\ren\AppData\Local\Temp\s09-combat-20260926-064623-94560\joiner/s09-combat-defense-open.png
2026.09.26-01.47.58 S09AUTO defense card picked
2026.09.26-01.47.58 DEFENSE sent
2026.09.26-01.47.58 SNAPSHOT applied seq=149 phase=COMBAT_RESOLVE
2026.09.26-01.47.58 HANDLE_APPLIED #219 seq=149 decision=2 fightersValid=1 boardValid=1
2026.09.26-01.47.58 closed mode=
2026.09.26-01.47.58 MODE seq=149 mode=5 combat=1 pending=0
2026.09.26-01.47.58 HUD seq=149 phase=COMBAT_RESOLVE turn=opp hand=6 oppHand=6(hidden) oppDeck=0~ deck=0~ discard=24
2026.09.26-01.47.58 FIGHTERS synced n=6 alive=2 own=1 enemy=1
2026.09.26-01.47.58 WS seq=149 phase=COMBAT_RESOLVE (apply)
2026.09.26-01.47.58 SNAPSHOT applied seq=149 phase=COMBAT_RESOLVE
2026.09.26-01.47.58 HANDLE_APPLIED #220 seq=149 decision=1 fightersValid=1 boardValid=1
2026.09.26-01.47.58 MODE seq=149 mode=5 combat=1 pending=0
2026.09.26-01.47.58 HUD seq=149 phase=COMBAT_RESOLVE turn=opp hand=6 oppHand=6(hidden) oppDeck=0 deck=0 discard=24
2026.09.26-01.47.58 FIGHTERS synced n=6 alive=2 own=1 enemy=1
2026.09.26-01.47.58 DEFENSE done seq=149 (merge) phase=COMBAT_RESOLVE
2026.09.26-01.47.58 S09AUTO drive mode=5 plan=[defend+resolve] phase=COMBAT_RESOLVE turn=cmuhntivg0000wib0anhqyswc
2026.09.26-01.47.58 S09AUTO resolve-window shot
2026.09.26-01.47.58 SHOT ctx viewport=1280x720 viewTarget=CameraActor_2147482375 cam=(0,3184,4548) rot=(-55,-90,0)
2026.09.26-01.47.58 SHOT fighter f-0-hero pos=(18,16) world=(850,650,0) screen=(973,569) projected=1 alive=1
2026.09.26-01.47.58 SHOT fighter f-0-sk0 pos=(2,2) world=(-750,-750,0) screen=(386,152) projected=1 alive=0
2026.09.26-01.47.58 SHOT fighter f-0-sk1 pos=(2,3) world=(-750,-650,0) screen=(383,178) projected=1 alive=0
2026.09.26-01.47.58 SHOT fighter f-0-sk2 pos=(2,1) world=(-750,-850,0) screen=(388,126) projected=1 alive=0
2026.09.26-01.47.58 SHOT fighter f-1-hero pos=(18,17) world=(850,750,0) screen=(977,603) projected=1 alive=1
2026.09.26-01.47.58 SHOT fighter f-1-sk0 pos=(17,17) world=(750,750,0) screen=(937,603) projected=1 alive=0
2026.09.26-01.47.58 SHOT requested: FScreenshotRequest(bShowUI) -> C:\Users\ren\AppData\Local\Temp\s09-combat-20260926-064623-94560\joiner/s09-combat-resolve-window.png
2026.09.26-01.47.58 S09AUTO resolve
2026.09.26-01.47.58 RESOLVE sent
2026.09.26-01.47.58 SNAPSHOT applied seq=150 phase=ACTION_MANEUVER
2026.09.26-01.47.58 HANDLE_APPLIED #221 seq=150 decision=2 fightersValid=1 boardValid=1
2026.09.26-01.47.58 COMBAT-RESULT seq=150 damage=0 role=defended
2026.09.26-01.47.58 S09AUTO combat-result shot
2026.09.26-01.47.58 SHOT ctx viewport=1280x720 viewTarget=CameraActor_2147482375 cam=(0,3184,4548) rot=(-55,-90,0)
2026.09.26-01.47.58 SHOT fighter f-0-hero pos=(18,16) world=(850,650,0) screen=(973,569) projected=1 alive=1
2026.09.26-01.47.58 SHOT fighter f-0-sk0 pos=(2,2) world=(-750,-750,0) screen=(386,152) projected=1 alive=0
2026.09.26-01.47.58 SHOT fighter f-0-sk1 pos=(2,3) world=(-750,-650,0) screen=(383,178) projected=1 alive=0
2026.09.26-01.47.58 SHOT fighter f-0-sk2 pos=(2,1) world=(-750,-850,0) screen=(388,126) projected=1 alive=0
2026.09.26-01.47.58 SHOT fighter f-1-hero pos=(18,17) world=(850,750,0) screen=(977,603) projected=1 alive=1
2026.09.26-01.47.58 SHOT fighter f-1-sk0 pos=(17,17) world=(750,750,0) screen=(937,603) projected=1 alive=0
2026.09.26-01.47.58 SHOT requested: FScreenshotRequest(bShowUI) -> C:\Users\ren\AppData\Local\Temp\s09-combat-20260926-064623-94560\joiner/s09-combat-result.png
2026.09.26-01.47.58 closed mode=
2026.09.26-01.47.58 MODE seq=150 mode=0 combat=0 pending=0
2026.09.26-01.47.58 HUD seq=150 phase=ACTION_MANEUVER turn=you hand=6 oppHand=6(hidden) oppDeck=0~ deck=0~ discard=24
2026.09.26-01.47.58 FIGHTERS synced n=6 alive=2 own=1 enemy=1
2026.09.26-01.47.58 WS seq=150 phase=ACTION_MANEUVER (apply)
2026.09.26-01.47.58 SNAPSHOT applied seq=150 phase=ACTION_MANEUVER
2026.09.26-01.47.58 HANDLE_APPLIED #222 seq=150 decision=1 fightersValid=1 boardValid=1
2026.09.26-01.47.58 MODE seq=150 mode=0 combat=0 pending=0
2026.09.26-01.47.58 HUD seq=150 phase=ACTION_MANEUVER turn=you hand=6 oppHand=6(hidden) oppDeck=0 deck=0 discard=24
2026.09.26-01.47.58 FIGHTERS synced n=6 alive=2 own=1 enemy=1
2026.09.26-01.47.58 RESOLVE done seq=150 (merge) phase=ACTION_MANEUVER
2026.09.26-01.47.58 S09AUTO drive mode=0 plan=[defend+resolve] phase=ACTION_MANEUVER turn=cmuhntiwu0001wib0z281rpa8
2026.09.26-01.47.58 S09AUTO own turn #15 (turnCount=32)
2026.09.26-01.47.58 SNAPSHOT applied seq=151 phase=ACTION_MANEUVER
2026.09.26-01.47.58 HANDLE_APPLIED #223 seq=151 decision=2 fightersValid=1 boardValid=1
2026.09.26-01.47.58 MANEUVER-DRAFT mode=maneuver:32:150
2026.09.26-01.47.58 DRAFT-OPEN draw committed (resume instead of begin)
2026.09.26-01.47.58 MODE seq=151 mode=1 combat=0 pending=0
2026.09.26-01.47.58 HUD seq=151 phase=ACTION_MANEUVER turn=you hand=6 oppHand=6(hidden) oppDeck=0~ deck=0~ discard=24
2026.09.26-01.47.58 FIGHTERS synced n=6 alive=2 own=1 enemy=1
2026.09.26-01.47.58 CUE damage f-1-hero -2 seq=151
2026.09.26-01.47.58 WS seq=151 phase=ACTION_MANEUVER (apply)
2026.09.26-01.47.58 SNAPSHOT applied seq=151 phase=ACTION_MANEUVER
2026.09.26-01.47.58 HANDLE_APPLIED #224 seq=151 decision=1 fightersValid=1 boardValid=1
2026.09.26-01.47.58 MODE seq=151 mode=1 combat=0 pending=0
2026.09.26-01.47.58 HUD seq=151 phase=ACTION_MANEUVER turn=you hand=6 oppHand=6(hidden) oppDeck=0 deck=0 discard=24
2026.09.26-01.47.58 FIGHTERS synced n=6 alive=2 own=1 enemy=1
2026.09.26-01.47.58 MANEUVER begin seq=151 (merge) pending=maneuver:32:150
2026.09.26-01.47.58 S09AUTO drive mode=1 plan=[defend+resolve] phase=ACTION_MANEUVER turn=cmuhntiwu0001wib0z281rpa8
2026.09.26-01.47.58 MANEUVER-CONFIRM moves=1 boost=none
2026.09.26-01.47.58 SNAPSHOT applied seq=152 phase=ACTION_MANEUVER
2026.09.26-01.47.58 HANDLE_APPLIED #225 seq=152 decision=2 fightersValid=1 boardValid=1
2026.09.26-01.47.58 closed mode=
2026.09.26-01.47.58 MODE seq=152 mode=0 combat=0 pending=0
2026.09.26-01.47.58 HUD seq=152 phase=ACTION_MANEUVER turn=you hand=6 oppHand=6(hidden) oppDeck=0~ deck=0~ discard=24
2026.09.26-01.47.58 FIGHTERS synced n=6 alive=2 own=1 enemy=1
2026.09.26-01.47.58 CUE move f-1-hero (18,17)->(19,17) seq=152
2026.09.26-01.47.58 WS seq=152 phase=ACTION_MANEUVER (apply)
2026.09.26-01.47.58 SNAPSHOT applied seq=152 phase=ACTION_MANEUVER
2026.09.26-01.47.58 HANDLE_APPLIED #226 seq=152 decision=1 fightersValid=1 boardValid=1
2026.09.26-01.47.58 MODE seq=152 mode=0 combat=0 pending=0
2026.09.26-01.47.58 HUD seq=152 phase=ACTION_MANEUVER turn=you hand=6 oppHand=6(hidden) oppDeck=0 deck=0 discard=24
2026.09.26-01.47.58 FIGHTERS synced n=6 alive=2 own=1 enemy=1
2026.09.26-01.47.58 MANEUVER done seq=152 (merge) fighters=6 boost=no
2026.09.26-01.47.59 S09AUTO drive mode=0 plan=[defend+resolve] phase=ACTION_MANEUVER turn=cmuhntiwu0001wib0z281rpa8
2026.09.26-01.48.00 SNAPSHOT applied seq=153 phase=ACTION_MANEUVER
2026.09.26-01.48.00 HANDLE_APPLIED #227 seq=153 decision=2 fightersValid=1 boardValid=1
2026.09.26-01.48.00 MANEUVER-DRAFT mode=maneuver:32:152
2026.09.26-01.48.00 DRAFT-OPEN draw committed (resume instead of begin)
2026.09.26-01.48.00 MODE seq=153 mode=1 combat=0 pending=0
2026.09.26-01.48.00 HUD seq=153 phase=ACTION_MANEUVER turn=you hand=6 oppHand=6(hidden) oppDeck=0~ deck=0~ discard=24
2026.09.26-01.48.00 FIGHTERS synced n=6 alive=2 own=1 enemy=1
2026.09.26-01.48.00 CUE damage f-1-hero -2 seq=153
2026.09.26-01.48.00 WS seq=153 phase=ACTION_MANEUVER (apply)
2026.09.26-01.48.00 SNAPSHOT applied seq=153 phase=ACTION_MANEUVER
2026.09.26-01.48.00 HANDLE_APPLIED #228 seq=153 decision=1 fightersValid=1 boardValid=1
2026.09.26-01.48.00 MODE seq=153 mode=1 combat=0 pending=0
2026.09.26-01.48.00 HUD seq=153 phase=ACTION_MANEUVER turn=you hand=6 oppHand=6(hidden) oppDeck=0 deck=0 discard=24
2026.09.26-01.48.00 FIGHTERS synced n=6 alive=2 own=1 enemy=1
2026.09.26-01.48.00 MANEUVER begin seq=153 (merge) pending=maneuver:32:152
2026.09.26-01.48.00 S09AUTO drive mode=1 plan=[defend+resolve] phase=ACTION_MANEUVER turn=cmuhntiwu0001wib0z281rpa8
2026.09.26-01.48.00 MANEUVER-CONFIRM moves=1 boost=none
2026.09.26-01.48.00 SNAPSHOT applied seq=154 phase=ACTION_MANEUVER
2026.09.26-01.48.00 HANDLE_APPLIED #229 seq=154 decision=2 fightersValid=1 boardValid=1
2026.09.26-01.48.00 closed mode=
2026.09.26-01.48.00 MODE seq=154 mode=0 combat=0 pending=0
2026.09.26-01.48.00 HUD seq=154 phase=ACTION_MANEUVER turn=opp hand=6 oppHand=6(hidden) oppDeck=0~ deck=0~ discard=24
2026.09.26-01.48.00 FIGHTERS synced n=6 alive=2 own=1 enemy=1
2026.09.26-01.48.00 CUE move f-1-hero (19,17)->(18,17) seq=154
2026.09.26-01.48.00 WS seq=154 phase=ACTION_MANEUVER (apply)
2026.09.26-01.48.00 SNAPSHOT applied seq=154 phase=ACTION_MANEUVER
2026.09.26-01.48.00 HANDLE_APPLIED #230 seq=154 decision=1 fightersValid=1 boardValid=1
2026.09.26-01.48.00 MODE seq=154 mode=0 combat=0 pending=0
2026.09.26-01.48.00 HUD seq=154 phase=ACTION_MANEUVER turn=opp hand=6 oppHand=6(hidden) oppDeck=0 deck=0 discard=24
2026.09.26-01.48.00 FIGHTERS synced n=6 alive=2 own=1 enemy=1
2026.09.26-01.48.00 MANEUVER done seq=154 (merge) fighters=6 boost=no
2026.09.26-01.48.00 SNAPSHOT applied seq=155 phase=COMBAT
2026.09.26-01.48.00 HANDLE_APPLIED #231 seq=155 decision=2 fightersValid=1 boardValid=1
2026.09.26-01.48.00 closed mode=
2026.09.26-01.48.00 MODE seq=155 mode=4 combat=1 pending=0
2026.09.26-01.48.00 HUD seq=155 phase=COMBAT turn=opp hand=6 oppHand=5(hidden) oppDeck=0~ deck=0~ discard=24
2026.09.26-01.48.00 FIGHTERS synced n=6 alive=2 own=1 enemy=1
2026.09.26-01.48.00 WS seq=155 phase=COMBAT (apply)
2026.09.26-01.48.01 S09AUTO drive mode=4 plan=[defend+resolve] phase=COMBAT turn=cmuhntivg0000wib0anhqyswc
2026.09.26-01.48.01 S09AUTO defense card picked
2026.09.26-01.48.01 DEFENSE sent
2026.09.26-01.48.01 SNAPSHOT applied seq=156 phase=COMBAT_RESOLVE
2026.09.26-01.48.01 HANDLE_APPLIED #232 seq=156 decision=2 fightersValid=1 boardValid=1
2026.09.26-01.48.01 closed mode=
2026.09.26-01.48.01 MODE seq=156 mode=5 combat=1 pending=0
2026.09.26-01.48.01 HUD seq=156 phase=COMBAT_RESOLVE turn=opp hand=5 oppHand=5(hidden) oppDeck=0~ deck=0~ discard=25
2026.09.26-01.48.01 FIGHTERS synced n=6 alive=2 own=1 enemy=1
2026.09.26-01.48.01 WS seq=156 phase=COMBAT_RESOLVE (apply)
2026.09.26-01.48.01 SNAPSHOT applied seq=156 phase=COMBAT_RESOLVE
2026.09.26-01.48.01 HANDLE_APPLIED #233 seq=156 decision=1 fightersValid=1 boardValid=1
2026.09.26-01.48.01 MODE seq=156 mode=5 combat=1 pending=0
2026.09.26-01.48.01 HUD seq=156 phase=COMBAT_RESOLVE turn=opp hand=5 oppHand=5(hidden) oppDeck=0 deck=0 discard=25
2026.09.26-01.48.01 FIGHTERS synced n=6 alive=2 own=1 enemy=1
2026.09.26-01.48.01 DEFENSE done seq=156 (merge) phase=COMBAT_RESOLVE
2026.09.26-01.48.01 S09AUTO drive mode=5 plan=[defend+resolve] phase=COMBAT_RESOLVE turn=cmuhntivg0000wib0anhqyswc
2026.09.26-01.48.01 S09AUTO resolve
2026.09.26-01.48.01 RESOLVE sent
2026.09.26-01.48.01 SNAPSHOT applied seq=157 phase=ACTION_MANEUVER
2026.09.26-01.48.01 HANDLE_APPLIED #234 seq=157 decision=2 fightersValid=1 boardValid=1
2026.09.26-01.48.01 COMBAT-RESULT seq=157 damage=2 role=defended
2026.09.26-01.48.01 closed mode=
2026.09.26-01.48.01 MODE seq=157 mode=0 combat=0 pending=0
2026.09.26-01.48.01 HUD seq=157 phase=ACTION_MANEUVER turn=opp hand=5 oppHand=5(hidden) oppDeck=0~ deck=0~ discard=25
2026.09.26-01.48.01 FIGHTERS synced n=6 alive=2 own=1 enemy=1
2026.09.26-01.48.01 CUE damage f-1-hero -2 seq=157
2026.09.26-01.48.01 WS seq=157 phase=ACTION_MANEUVER (apply)
2026.09.26-01.48.01 SNAPSHOT applied seq=157 phase=ACTION_MANEUVER
2026.09.26-01.48.01 HANDLE_APPLIED #235 seq=157 decision=1 fightersValid=1 boardValid=1
2026.09.26-01.48.01 MODE seq=157 mode=0 combat=0 pending=0
2026.09.26-01.48.01 HUD seq=157 phase=ACTION_MANEUVER turn=opp hand=5 oppHand=5(hidden) oppDeck=0 deck=0 discard=25
2026.09.26-01.48.01 FIGHTERS synced n=6 alive=2 own=1 enemy=1
2026.09.26-01.48.01 RESOLVE done seq=157 (merge) phase=ACTION_MANEUVER
2026.09.26-01.48.01 S09AUTO drive mode=0 plan=[defend+resolve] phase=ACTION_MANEUVER turn=cmuhntivg0000wib0anhqyswc
2026.09.26-01.48.01 SNAPSHOT applied seq=158 phase=COMBAT
2026.09.26-01.48.01 HANDLE_APPLIED #236 seq=158 decision=2 fightersValid=1 boardValid=1
2026.09.26-01.48.01 closed mode=
2026.09.26-01.48.01 MODE seq=158 mode=4 combat=1 pending=0
2026.09.26-01.48.01 HUD seq=158 phase=COMBAT turn=opp hand=5 oppHand=4(hidden) oppDeck=0~ deck=0~ discard=25
2026.09.26-01.48.01 FIGHTERS synced n=6 alive=2 own=1 enemy=1
2026.09.26-01.48.01 WS seq=158 phase=COMBAT (apply)
2026.09.26-01.48.01 S09AUTO drive mode=4 plan=[defend+resolve] phase=COMBAT turn=cmuhntivg0000wib0anhqyswc
2026.09.26-01.48.01 S09AUTO defense card picked
2026.09.26-01.48.01 DEFENSE sent
2026.09.26-01.48.01 SNAPSHOT applied seq=159 phase=COMBAT_RESOLVE
2026.09.26-01.48.01 HANDLE_APPLIED #237 seq=159 decision=2 fightersValid=1 boardValid=1
2026.09.26-01.48.01 closed mode=
2026.09.26-01.48.01 MODE seq=159 mode=5 combat=1 pending=0
2026.09.26-01.48.01 HUD seq=159 phase=COMBAT_RESOLVE turn=opp hand=4 oppHand=4(hidden) oppDeck=0~ deck=0~ discard=26
2026.09.26-01.48.01 FIGHTERS synced n=6 alive=2 own=1 enemy=1
2026.09.26-01.48.01 WS seq=159 phase=COMBAT_RESOLVE (apply)
2026.09.26-01.48.01 SNAPSHOT applied seq=159 phase=COMBAT_RESOLVE
2026.09.26-01.48.01 HANDLE_APPLIED #238 seq=159 decision=1 fightersValid=1 boardValid=1
2026.09.26-01.48.01 MODE seq=159 mode=5 combat=1 pending=0
2026.09.26-01.48.01 HUD seq=159 phase=COMBAT_RESOLVE turn=opp hand=4 oppHand=4(hidden) oppDeck=0 deck=0 discard=26
2026.09.26-01.48.01 FIGHTERS synced n=6 alive=2 own=1 enemy=1
2026.09.26-01.48.01 DEFENSE done seq=159 (merge) phase=COMBAT_RESOLVE
2026.09.26-01.48.01 S09AUTO drive mode=5 plan=[defend+resolve] phase=COMBAT_RESOLVE turn=cmuhntivg0000wib0anhqyswc
2026.09.26-01.48.01 S09AUTO resolve
2026.09.26-01.48.01 RESOLVE sent
2026.09.26-01.48.01 SNAPSHOT applied seq=160 phase=GAME_OVER
2026.09.26-01.48.01 HANDLE_APPLIED #239 seq=160 decision=2 fightersValid=1 boardValid=1
2026.09.26-01.48.01 COMBAT-RESULT seq=160 damage=2 role=defended
2026.09.26-01.48.01 closed mode=
2026.09.26-01.48.01 MODE seq=160 mode=0 combat=0 pending=0
2026.09.26-01.48.01 HUD seq=160 phase=GAME_OVER turn=opp hand=4 oppHand=4(hidden) oppDeck=0~ deck=0~ discard=26
2026.09.26-01.48.01 FIGHTERS synced n=6 alive=1 own=0 enemy=1
2026.09.26-01.48.01 CUE damage f-1-hero -2 seq=160
2026.09.26-01.48.01 WS seq=160 phase=GAME_OVER (apply)
2026.09.26-01.48.01 SNAPSHOT applied seq=160 phase=GAME_OVER
2026.09.26-01.48.01 HANDLE_APPLIED #240 seq=160 decision=1 fightersValid=1 boardValid=1
2026.09.26-01.48.01 MODE seq=160 mode=0 combat=0 pending=0
2026.09.26-01.48.01 HUD seq=160 phase=GAME_OVER turn=opp hand=4 oppHand=4(hidden) oppDeck=0 deck=0 discard=26
2026.09.26-01.48.01 FIGHTERS synced n=6 alive=1 own=0 enemy=1
2026.09.26-01.48.01 RESOLVE done seq=160 (merge) phase=GAME_OVER
2026.09.26-01.48.59 --- S08 trace close ---
