2026.09.30-11.33.31 --- S08 trace open 2026.09.30-11.33.31 ---
2026.09.30-11.33.31 HUD team chips ready=1 mode=absolute tagNames=rule
2026.09.30-11.33.31 HUD icon texture size=32 ready=1 path=/Game/ArtTests/ARTMarkers/Textures/T_UI_Action_AttackToken_32 texture=32x32 probe=0 plate=1
2026.09.30-11.33.31 HUD art widget tag impl=umg source=/Game/S08/UI/ArtHud/WBP_S08ArtTag class=/Game/S08/UI/ArtHud/WBP_S08ArtTag.WBP_S08ArtTag_C count=8 missing=- codeDefaultTree=0
2026.09.30-11.33.31 HUD art widget plate impl=umg source=/Game/S08/UI/ArtHud/WBP_S08ArtPlate class=/Game/S08/UI/ArtHud/WBP_S08ArtPlate.WBP_S08ArtPlate_C parts=1 missing=- codeDefaultTree=0
2026.09.30-11.33.31 HUD art widget icon impl=umg source=/Game/S08/UI/ArtHud/WBP_S08ArtIcon class=/Game/S08/UI/ArtHud/WBP_S08ArtIcon.WBP_S08ArtIcon_C parts=1 missing=- codeDefaultTree=0
2026.09.30-11.33.31 HUD art widget damage impl=umg source=/Game/S08/UI/ArtHud/WBP_S08ArtDamage class=/Game/S08/UI/ArtHud/WBP_S08ArtDamage.WBP_S08ArtDamage_C parts=1 missing=- codeDefaultTree=0
2026.09.30-11.33.31 RENDER preset applied=High flag=S08RenderPreset
2026.09.30-11.33.31 S09AUTO config flow=1 boost=0 shotDir=C:\Users\ren\AppData\Local\Temp\s09-combat-20260930-163323-20236\joiner
2026.09.30-11.33.31 LOGIN ok user=art-preview-joiner
2026.09.30-11.33.34 HEROES loaded 84
2026.09.30-11.33.34 CODE resolved -> cmuo11ar100ubwiwwv3dxqwgm
2026.09.30-11.33.34 joinGame -> room=cmuo11ar100ubwiwwv3dxqwgm code=<redacted> status=LOBBY
2026.09.30-11.33.36 PERF config tMaxFPS=30.0 frameRateLimit=60.0 vsync=0 smoothFrameRate=0 fixedFrameRate=0 rhi=D3D12
2026.09.30-11.33.36 RENDER tag=PERF rhi=D3D12 featureLevel=SM6 shaderPlatform=PCD3D_SM6 lumenPlatform=1 gi=lumen giMethod=1 refl=lumen reflMethod=1 shadows=csm vsmEnable=0 sg.res=100 sg.view=2 sg.aa=2 sg.shadow=2 sg.gi=2 sg.refl=2 sg.pp=2 sg.tex=2 sg.fx=2 sg.foliage=2 sg.shading=2 sg.landscape=2 preset=High screenPct=100.0 screenPctMode=0 aa=TSR aaMethod=4 exposure=engine-default expMin=1.00000 expMax=1.00000 expBias=1.000 ev100=0.00 lightUnits=- sky=0 skyIntensity=0.000 keyShadow=- shadowCasters=0 profile=- profilesSha256=- profilesSource=- legacyRender=0 gameLayer=unlit-eyeadaptinv tMaxFPS=30.0 vsync=0 frameRateLimit=60.0 substrate=0 nanite=1 meshDF=1 viewport=1920x1080 reference=0 notReference=noArtProfile,exposure,lightUnits,profilesSource
2026.09.30-11.33.36 PERF window t=0.0-5.0 frames=151 fps=29.93 frameMs avg=33.41 p50=33.33 p95=33.33 p99=33.34 max=44.79 hitches50=0 gpuMs avg=1.32 p50=1.37 p95=1.49 gameMs avg=1.48 p95=2.08 renderMs avg=2849.26 p95=4.57
2026.09.30-11.33.37 game -> room=cmuo11ar100ubwiwwv3dxqwgm code=<redacted> status=LOBBY
2026.09.30-11.33.37 selectHero -> room=cmuo11ar100ubwiwwv3dxqwgm code=<redacted> status=LOBBY
2026.09.30-11.33.40 game -> room=cmuo11ar100ubwiwwv3dxqwgm code=<redacted> status=LOBBY
2026.09.30-11.33.40 toggleReady -> room=cmuo11ar100ubwiwwv3dxqwgm code=<redacted> status=LOBBY
2026.09.30-11.33.41 PERF window t=5.0-10.0 frames=150 fps=30.00 frameMs avg=33.33 p50=33.33 p95=33.33 p99=33.34 max=33.34 hitches50=0 gpuMs avg=1.40 p50=1.32 p95=1.54 gameMs avg=1.24 p95=1.55 renderMs avg=2.70 p95=3.68
2026.09.30-11.33.43 game -> room=cmuo11ar100ubwiwwv3dxqwgm code=<redacted> status=LOBBY
2026.09.30-11.33.46 PERF window t=10.0-15.0 frames=150 fps=30.00 frameMs avg=33.33 p50=33.33 p95=33.33 p99=33.36 max=33.39 hitches50=0 gpuMs avg=1.44 p50=1.36 p95=1.73 gameMs avg=1.07 p95=1.33 renderMs avg=2.27 p95=2.95
2026.09.30-11.33.46 game -> room=cmuo11ar100ubwiwwv3dxqwgm code=<redacted> status=IN_PROGRESS
2026.09.30-11.33.46 S09AUTO drive mode=0 plan=[defend+resolve] phase= turn=
2026.09.30-11.33.46 SNAPSHOT applied seq=3 phase=ACTION_MANEUVER
2026.09.30-11.33.46 HANDLE_APPLIED #1 seq=3 decision=2 fightersValid=1 boardValid=1
2026.09.30-11.33.46 MODE seq=3 mode=0 combat=0 pending=0
2026.09.30-11.33.46 HUD seq=3 phase=ACTION_MANEUVER turn=opp hand=5 oppHand=6(hidden) oppDeck=24 deck=25 discard=0
2026.09.30-11.33.46 ARTPREVIEW diorama requested mesh=/Game/PipelineCandidates/TableBase/20260928-table-base-tripo-h31/Meshes/SM_TableBase.SM_TableBase mi=MI_TableBase_Candidate
2026.09.30-11.33.46 ARTPREVIEW board profiles loaded=1 revision=5 boards=3 zoneStyles=11 lightProfiles=3 errors=0 path=Config/ArtBoards/S08ArtBoardProfiles.json
2026.09.30-11.33.46 ARTPREVIEW board profiles source=pak sha256=1ecc1e9281845655acf8b31f1dcf52a7510abfc8ba8505525ad72ee8f4ce3c4c
2026.09.30-11.33.46 ARTPREVIEW zone content instances=12/12 glyphMeshes=11/11
2026.09.30-11.33.46 ARTPREVIEW zone keyline content mi=MI_ART005_Zone_Keyline glyphKeyMeshes=11/11 color=#111317
2026.09.30-11.33.46 ARTPREVIEW game layer material=M_S08_GameLayerUnlit unlitEyeAdaptInv=1 legacyRender=0
2026.09.30-11.33.46 ARTPREVIEW Cobble assets ready
2026.09.30-11.33.46 ARTPREVIEW board assets ready cobbleMesh=1 tiles=1 zoneMaterials=2
2026.09.30-11.33.46 ARTPREVIEW medusa candidate variant=face-neck-v2 mesh=SK_Medusa_FaceNeck_v2Candidate requested=face-neck-v2
2026.09.30-11.33.46 ARTPREVIEW board profile=cobble-city match=boardId board=5x6 boardId=cmuhgs4b2001mwik4f2b2xtf8 surface=cobble-5x6-mesh light=cobble-probe artFixture=0
2026.09.30-11.33.46 ARTPREVIEW light profile=cobble-probe name=key role=key kind=directional at=(-350,-150,600) intensity=4.5 units=lux radius=0 color=(1.00,1.00,1.00) shadow=1
2026.09.30-11.33.46 ARTPREVIEW light profile=cobble-probe name=warm role=warm kind=point at=(260,-300,250) intensity=85 units=candelas radius=450 color=(1.00,1.00,1.00) shadow=0
2026.09.30-11.33.46 ARTPREVIEW sky profile=cobble-probe cubemap=/Game/S08/Render/TC_S08_AmbientDome loaded=1 spawned=1 intensity=11.2 color=(1.00,1.00,1.00) lowerBlack=0
2026.09.30-11.33.46 ARTPREVIEW exposure profile=cobble-probe method=histogram-fixed min=4.14106 max=4.14106 bias=0.000 ev100=2.05 volume=1
2026.09.30-11.33.46 ARTPREVIEW lights applied profile=cobble-probe directional=1 shadow=1 points=1 pointShadows=0 budgetOk=1
2026.09.30-11.33.46 ARTPREVIEW render profile=cobble-probe units=candelas sky=1 exposure=1 keyShadow=csm-3000uu-2c-contact0.000 shadowCasters=1 legacyRender=0
2026.09.30-11.33.46 ARTPREVIEW Cobble probe lights key=4.5 fill=0 warm=85
2026.09.30-11.33.46 ARTPREVIEW board zone keylines pieces=60 glyphKeys=30 glyphKeyCubePieces=0 mi=MI_ART005_Zone_Keyline growUU=1.5 edgeUU=42.0 maxOuterUU=45.0
2026.09.30-11.33.46 ARTPREVIEW board glyph meshes instances=30 keys=2/2 cubePieces=0 anchors=30
2026.09.30-11.33.46 ARTPREVIEW Cobble active 5x6 zones=30 blue=15 red=15 blueMarks=15 redMarks=45
2026.09.30-11.33.46 ARTPREVIEW board active profile=cobble-city 5x6 surface=cobble-5x6-mesh cells=30 zoneCells=30 multizone=0 triple=0 obstacles=0 zoneKeys=2 strokes=60 glyphs=45 surfaceParts=0 glyphMaterial=zone expectOk=1
2026.09.30-11.33.46 ARTPREVIEW board zone key=blue cells=15 stroke=solid glyph=diamond color=#3B78D8 ismUsage=1 strokePieces=15 glyphPieces=15 mi=MI_ART005_Zone_Blue glyphMesh=SM_ART005_ZoneGlyph_Diamond glyphInstances=15 fallback=0
2026.09.30-11.33.46 ARTPREVIEW board zone key=red cells=15 stroke=dash3 glyph=bars2 color=#EC6650 ismUsage=1 strokePieces=45 glyphPieces=30 mi=MI_ART005_Zone_Red glyphMesh=SM_ART005_ZoneGlyph_Bars2 glyphInstances=15 fallback=0
2026.09.30-11.33.46 ARTPREVIEW board multizone cells=0 zonesListed=0 zonesMarked=0
2026.09.30-11.33.46 ARTPREVIEW diorama tray=/Game/PipelineCandidates/TableBase/20260928-table-base-tripo-h31/Meshes/SM_TableBase.SM_TableBase mi=MI_TableBase_Candidate surface=cobble-5x6-mesh yaw=-90.0 scale=1.000x1.000x1.000 bounds=(-328.0,-378.0,-153.0)..(328.0,378.0,-3.0) size=656.0x756.0x150.0 topZ=-3.0 boardHalf=278.0x328.0 rimUU=50.0 collision=none
2026.09.30-11.33.46 CAMERA dist=1931 loc=(0,1107,1582) pitch=-55 yaw=-90
2026.09.30-11.33.46 CAMERA config overview=1930.8 nearest=300.0 farthest=2970.4 zoomRange=0.65-6.44 minDist=300.0 outRatio=0.650 step=1.250 animMs=200 returnMs=300 followFrom=1.20 source=defaults issues=0
2026.09.30-11.33.46 BOARD 5x6 cells | control points: (0,0)=(-200,-250,0) (4,5)=(200,250,0) | neighbor pair (dist 100 uu)
2026.09.30-11.33.46 ARTPREVIEW team mapping mode=absolute source=seatOrder viewerTeam=P2 p1=f-0-hero,f-0-sk0,f-0-sk1,f-0-sk2 p2=f-1-hero,f-1-sk0
2026.09.30-11.33.46 ARTPREVIEW heroesV2 fighter=f-0-hero mesh=/Game/PipelineCandidates/Medusa/H2LD/Meshes/SK_Medusa_H2LD mi=/Game/PipelineCandidates/Medusa/H2LD/Materials/MI_Medusa_H2LD_P1 yaw=90.0 scale=0.9998 name=Medusa hero=1 look=P1 base=/Game/PipelineCandidates/Medusa/H2LD/Meshes/SM_Medusa_H2LD_Base baseMi=/Game/PipelineCandidates/Medusa/H2LD/Materials/MI_Medusa_H2LD_Base_P1 skeleton=/Game/PipelineCandidates/Medusa/Rig/SK_Medusa_Skeleton.SK_Medusa_Skeleton clips=4/4 boundsTop=55.00 figureTop=55.00 budget=55.0
2026.09.30-11.33.46 ARTPREVIEW click capsule fighter=f-0-hero mesh=SK_Medusa_H2LD physicsAsset=0 radius=11.6 halfHeight=27.5 top=55.0 bodyCollision=0 source=meshBounds
2026.09.30-11.33.46 ARTPREVIEW fighter=Medusa hero=1 eligible=0 visual=1 mesh=SK_Medusa_H2LD
2026.09.30-11.33.46 ARTPREVIEW team ring fighter=f-0-hero team=P1 look=P1 mode=absolute shape=circle shown=1 mesh=SM_Marker_TeamRing_P1 fill=#E8C06A keyline=#111317 fillLinear=(0.8070,0.5271,0.1441) zMin=0.60 zMax=1.20 scale=1.00 base=hidden blockout=0 art=1 rim=#FFFFFF
2026.09.30-11.33.46 ARTPREVIEW anim fighter=f-0-hero clip=Idle len=2.333 event=spawn loop=1 phase=0.8071 seq=-1 asset=AM_Medusa_Idle
2026.09.30-11.33.46 ARTPREVIEW heroesV2 fighter=f-0-sk0 mesh=/Game/PipelineCandidates/Harpy/H3LD/Meshes/SK_Harpy_H3LD mi=/Game/PipelineCandidates/Harpy/H3LD/Materials/MI_Harpy_H3LD_P1 yaw=90.0 scale=1.0000 name=Harpies hero=0 look=P1 base=/Game/PipelineCandidates/Harpy/H3LD/Meshes/SM_Harpy_H3LD_Base baseMi=/Game/PipelineCandidates/Harpy/H3LD/Materials/MI_Harpy_H3LD_Base_P1 skeleton=/Game/PipelineCandidates/Harpy/Rig/SK_Harpy_Skeleton.SK_Harpy_Skeleton clips=4/4 boundsTop=42.00 figureTop=42.00 budget=42.0
2026.09.30-11.33.46 ARTPREVIEW click capsule fighter=f-0-sk0 mesh=SK_Harpy_H3LD physicsAsset=0 radius=20.0 halfHeight=21.0 top=42.0 bodyCollision=0 source=meshBounds
2026.09.30-11.33.46 ARTPREVIEW team ring fighter=f-0-sk0 team=P1 look=P1 mode=absolute shape=circle shown=1 mesh=SM_Marker_TeamRing_P1 fill=#E8C06A keyline=#111317 fillLinear=(0.8070,0.5271,0.1441) zMin=0.60 zMax=1.20 scale=0.78 base=hidden blockout=0 art=1 rim=#FFFFFF
2026.09.30-11.33.46 ARTPREVIEW anim fighter=f-0-sk0 clip=Idle len=2.000 event=spawn loop=1 phase=0.6635 seq=-1 asset=AM_Harpy_Idle
2026.09.30-11.33.46 ARTPREVIEW heroesV2 fighter=f-0-sk1 mesh=/Game/PipelineCandidates/Harpy/H3LD/Meshes/SK_Harpy_H3LD mi=/Game/PipelineCandidates/Harpy/H3LD/Materials/MI_Harpy_H3LD_P1 yaw=90.0 scale=1.0000 name=Harpies hero=0 look=P1 base=/Game/PipelineCandidates/Harpy/H3LD/Meshes/SM_Harpy_H3LD_Base baseMi=/Game/PipelineCandidates/Harpy/H3LD/Materials/MI_Harpy_H3LD_Base_P1 skeleton=/Game/PipelineCandidates/Harpy/Rig/SK_Harpy_Skeleton.SK_Harpy_Skeleton clips=4/4 boundsTop=42.00 figureTop=42.00 budget=42.0
2026.09.30-11.33.46 ARTPREVIEW click capsule fighter=f-0-sk1 mesh=SK_Harpy_H3LD physicsAsset=0 radius=20.0 halfHeight=21.0 top=42.0 bodyCollision=0 source=meshBounds
2026.09.30-11.33.46 ARTPREVIEW team ring fighter=f-0-sk1 team=P1 look=P1 mode=absolute shape=circle shown=1 mesh=SM_Marker_TeamRing_P1 fill=#E8C06A keyline=#111317 fillLinear=(0.8070,0.5271,0.1441) zMin=0.60 zMax=1.20 scale=0.78 base=hidden blockout=0 art=1 rim=#FFFFFF
2026.09.30-11.33.46 ARTPREVIEW anim fighter=f-0-sk1 clip=Idle len=2.000 event=spawn loop=1 phase=0.9016 seq=-1 asset=AM_Harpy_Idle
2026.09.30-11.33.46 ARTPREVIEW heroesV2 fighter=f-0-sk2 mesh=/Game/PipelineCandidates/Harpy/H3LD/Meshes/SK_Harpy_H3LD mi=/Game/PipelineCandidates/Harpy/H3LD/Materials/MI_Harpy_H3LD_P1 yaw=90.0 scale=1.0000 name=Harpies hero=0 look=P1 base=/Game/PipelineCandidates/Harpy/H3LD/Meshes/SM_Harpy_H3LD_Base baseMi=/Game/PipelineCandidates/Harpy/H3LD/Materials/MI_Harpy_H3LD_Base_P1 skeleton=/Game/PipelineCandidates/Harpy/Rig/SK_Harpy_Skeleton.SK_Harpy_Skeleton clips=4/4 boundsTop=42.00 figureTop=42.00 budget=42.0
2026.09.30-11.33.46 ARTPREVIEW click capsule fighter=f-0-sk2 mesh=SK_Harpy_H3LD physicsAsset=0 radius=20.0 halfHeight=21.0 top=42.0 bodyCollision=0 source=meshBounds
2026.09.30-11.33.46 ARTPREVIEW team ring fighter=f-0-sk2 team=P1 look=P1 mode=absolute shape=circle shown=1 mesh=SM_Marker_TeamRing_P1 fill=#E8C06A keyline=#111317 fillLinear=(0.8070,0.5271,0.1441) zMin=0.60 zMax=1.20 scale=0.78 base=hidden blockout=0 art=1 rim=#FFFFFF
2026.09.30-11.33.46 ARTPREVIEW anim fighter=f-0-sk2 clip=Idle len=2.000 event=spawn loop=1 phase=0.1873 seq=-1 asset=AM_Harpy_Idle
2026.09.30-11.33.46 ARTPREVIEW heroesV2 fighter=f-1-hero mesh=/Game/PipelineCandidates/KingArthur/H2LD/Meshes/SK_KingArthur_H2LD mi=/Game/PipelineCandidates/KingArthur/H2LD/Materials/MI_KingArthur_H2LD_P2 yaw=270.0 scale=1.0000 name=King Arthur hero=1 look=P2 base=/Game/PipelineCandidates/KingArthur/H2LD/Meshes/SM_KingArthur_H2LD_Base baseMi=/Game/PipelineCandidates/KingArthur/H2LD/Materials/MI_KingArthur_H2LD_Base_P2 skeleton=/Game/PipelineCandidates/KingArthur/Rig/SK_KingArthur_Skeleton.SK_KingArthur_Skeleton clips=4/4 boundsTop=60.06 figureTop=55.00 budget=55.0
2026.09.30-11.33.46 ARTPREVIEW click capsule fighter=f-1-hero mesh=SK_KingArthur_H2LD physicsAsset=0 radius=12.8 halfHeight=30.0 top=60.1 bodyCollision=0 source=meshBounds
2026.09.30-11.33.46 ARTPREVIEW team ring fighter=f-1-hero team=P2 look=P2 mode=absolute shape=hexagon shown=1 mesh=SM_Marker_TeamRing_P2 fill=#5A7F9F keyline=#111317 fillLinear=(0.1022,0.2122,0.3467) zMin=0.60 zMax=1.20 scale=1.00 base=hidden blockout=0 art=1 rim=#FFFFFF
2026.09.30-11.33.46 ARTPREVIEW anim fighter=f-1-hero clip=Idle len=2.500 event=spawn loop=1 phase=0.3470 seq=-1 asset=AM_KingArthur_Idle
2026.09.30-11.33.46 ARTPREVIEW heroesV2 fighter=f-1-sk0 mesh=/Game/PipelineCandidates/Merlin/H2LD/Meshes/SK_Merlin_H2LD mi=/Game/PipelineCandidates/Merlin/H2LD/Materials/MI_Merlin_H2LD_P2 yaw=270.0 scale=1.0003 name=Merlin hero=0 look=P2 base=/Game/PipelineCandidates/Merlin/H2LD/Meshes/SM_Merlin_H2LD_Base baseMi=/Game/PipelineCandidates/Merlin/H2LD/Materials/MI_Merlin_H2LD_Base_P2 skeleton=/Game/PipelineCandidates/Merlin/Rig/SK_Merlin_Skeleton.SK_Merlin_Skeleton clips=4/4 boundsTop=49.44 figureTop=45.00 budget=45.0
2026.09.30-11.33.46 ARTPREVIEW click capsule fighter=f-1-sk0 mesh=SK_Merlin_H2LD physicsAsset=0 radius=10.5 halfHeight=24.7 top=49.4 bodyCollision=0 source=meshBounds
2026.09.30-11.33.46 ARTPREVIEW team ring fighter=f-1-sk0 team=P2 look=P2 mode=absolute shape=hexagon shown=1 mesh=SM_Marker_TeamRing_P2 fill=#5A7F9F keyline=#111317 fillLinear=(0.1022,0.2122,0.3467) zMin=0.60 zMax=1.20 scale=0.78 base=hidden blockout=0 art=1 rim=#FFFFFF
2026.09.30-11.33.46 ARTPREVIEW anim fighter=f-1-sk0 clip=Idle len=3.000 event=spawn loop=1 phase=0.8028 seq=-1 asset=AM_Merlin_Idle
2026.09.30-11.33.46 ARTPREVIEW heroesV2 summary fighters=6 mapped=6 v2=6
2026.09.30-11.33.46 FIGHTERS synced n=6 alive=6 own=2 enemy=4
2026.09.30-11.33.46 STATE seq=3 -> apply
2026.09.30-11.33.46 HUD art layer plate=1 iconSize=32 iconTexture=1 iconProbe=0 plan=0
2026.09.30-11.33.46 HUD art impl=umg plateViews=umg:/Game/S08/UI/ArtHud/WBP_S08ArtPlate iconViews=umg:/Game/S08/UI/ArtHud/WBP_S08ArtIcon textTable=S08ArtHud entries=13 missingKeys=0
2026.09.30-11.33.46 TAG fighter=f-0-sk0 bbox=(502,127,586,149) mode=compact look=P1 placement=above ring=0 hardPx2=0 softPx2=0 order=1 bound=1
2026.09.30-11.33.46 TAG fighter=f-1-sk0 bbox=(1334,58,1418,80) mode=compact look=P2 placement=above ring=0 hardPx2=0 softPx2=0 order=0 bound=1
2026.09.30-11.33.46 ARTPREVIEW screen labels=1 (world TextRender labels and damage text hidden)
2026.09.30-11.33.46 SUBSCRIBED gameStateUpdated since=3
2026.09.30-11.33.46 TAG fighter=f-0-hero bbox=(909,389,1011,411) mode=compact look=P1 placement=inset ring=0 hardPx2=0 softPx2=0 order=1 bound=1
2026.09.30-11.33.46 TAG fighter=f-0-sk0 bbox=(1075,385,1159,407) mode=compact look=P1 placement=above ring=0 hardPx2=0 softPx2=0 order=3 bound=1
2026.09.30-11.33.46 TAG fighter=f-0-sk1 bbox=(918,264,1002,286) mode=compact look=P1 placement=above ring=0 hardPx2=0 softPx2=0 order=0 bound=1
2026.09.30-11.33.46 TAG fighter=f-0-sk2 bbox=(761,385,845,407) mode=compact look=P1 placement=above ring=0 hardPx2=0 softPx2=0 order=2 bound=1
2026.09.30-11.33.46 TAG fighter=f-1-hero bbox=(909,646,1011,668) mode=compact look=P2 placement=below ring=0 hardPx2=0 softPx2=0 order=4 bound=1
2026.09.30-11.33.46 TAG fighter=f-1-sk0 bbox=(1080,507,1164,529) mode=compact look=P2 placement=above ring=0 hardPx2=0 softPx2=0 order=5 bound=1
2026.09.30-11.33.46 SNAPSHOT applied seq=3 phase=ACTION_MANEUVER
2026.09.30-11.33.46 HANDLE_APPLIED #2 seq=3 decision=1 fightersValid=1 boardValid=1
2026.09.30-11.33.46 MODE seq=3 mode=0 combat=0 pending=0
2026.09.30-11.33.46 HUD seq=3 phase=ACTION_MANEUVER turn=opp hand=5 oppHand=6(hidden) oppDeck=24 deck=25 discard=0
2026.09.30-11.33.46 ARTPREVIEW fighter=Medusa hero=1 eligible=0 visual=1 mesh=SK_Medusa_H2LD
2026.09.30-11.33.46 FIGHTERS synced n=6 alive=6 own=2 enemy=4
2026.09.30-11.33.46 WS seq=3 phase=ACTION_MANEUVER (merge)
2026.09.30-11.33.46 TAG fighter=f-0-hero bbox=(909,389,1011,411) mode=compact look=P1 placement=inset ring=0 hardPx2=0 softPx2=0 order=1 bound=1
2026.09.30-11.33.46 TAG fighter=f-0-sk0 bbox=(1075,385,1159,407) mode=compact look=P1 placement=above ring=0 hardPx2=0 softPx2=0 order=3 bound=1
2026.09.30-11.33.46 TAG fighter=f-0-sk1 bbox=(918,264,1002,286) mode=compact look=P1 placement=above ring=0 hardPx2=0 softPx2=0 order=0 bound=1
2026.09.30-11.33.46 TAG fighter=f-0-sk2 bbox=(761,385,845,407) mode=compact look=P1 placement=above ring=0 hardPx2=0 softPx2=0 order=2 bound=1
2026.09.30-11.33.46 TAG fighter=f-1-hero bbox=(909,646,1011,668) mode=compact look=P2 placement=below ring=0 hardPx2=0 softPx2=0 order=4 bound=1
2026.09.30-11.33.46 TAG fighter=f-1-sk0 bbox=(1080,507,1164,529) mode=compact look=P2 placement=above ring=0 hardPx2=0 softPx2=0 order=5 bound=1
2026.09.30-11.33.46 SNAPSHOT applied seq=4 phase=ACTION_MANEUVER
2026.09.30-11.33.46 HANDLE_APPLIED #3 seq=4 decision=2 fightersValid=1 boardValid=1
2026.09.30-11.33.46 MODE seq=4 mode=0 combat=0 pending=0
2026.09.30-11.33.46 HUD seq=4 phase=ACTION_MANEUVER turn=opp hand=5 oppHand=7(hidden) oppDeck=24~ deck=25~ discard=0
2026.09.30-11.33.46 ARTPREVIEW fighter=Medusa hero=1 eligible=0 visual=1 mesh=SK_Medusa_H2LD
2026.09.30-11.33.46 FIGHTERS synced n=6 alive=6 own=2 enemy=4
2026.09.30-11.33.46 WS seq=4 phase=ACTION_MANEUVER (apply)
2026.09.30-11.33.46 SNAPSHOT applied seq=5 phase=ACTION_MANEUVER
2026.09.30-11.33.46 HANDLE_APPLIED #4 seq=5 decision=2 fightersValid=1 boardValid=1
2026.09.30-11.33.46 MODE seq=5 mode=0 combat=0 pending=0
2026.09.30-11.33.46 HUD seq=5 phase=ACTION_MANEUVER turn=you hand=5 oppHand=7(hidden) oppDeck=24~ deck=25~ discard=0
2026.09.30-11.33.46 ARTPREVIEW fighter=Medusa hero=1 eligible=0 visual=1 mesh=SK_Medusa_H2LD
2026.09.30-11.33.46 FIGHTERS synced n=6 alive=6 own=2 enemy=4
2026.09.30-11.33.46 WS seq=5 phase=ACTION_MANEUVER (apply)
2026.09.30-11.33.46 S09AUTO own turn #0 (turnCount=2)
2026.09.30-11.33.46 TAG fighter=f-0-hero bbox=(909,389,1011,411) mode=compact look=P1 placement=inset ring=0 hardPx2=0 softPx2=0 order=1 bound=1
2026.09.30-11.33.46 TAG fighter=f-0-sk0 bbox=(1075,385,1159,407) mode=compact look=P1 placement=above ring=0 hardPx2=0 softPx2=0 order=3 bound=1
2026.09.30-11.33.46 TAG fighter=f-0-sk1 bbox=(918,264,1002,286) mode=compact look=P1 placement=above ring=0 hardPx2=0 softPx2=0 order=0 bound=1
2026.09.30-11.33.46 TAG fighter=f-0-sk2 bbox=(761,385,845,407) mode=compact look=P1 placement=above ring=0 hardPx2=0 softPx2=0 order=2 bound=1
2026.09.30-11.33.46 TAG fighter=f-1-hero bbox=(909,646,1011,668) mode=compact look=P2 placement=below ring=0 hardPx2=0 softPx2=0 order=4 bound=1
2026.09.30-11.33.46 TAG fighter=f-1-sk0 bbox=(1080,507,1164,529) mode=compact look=P2 placement=above ring=0 hardPx2=0 softPx2=0 order=5 bound=1
2026.09.30-11.33.46 SNAPSHOT applied seq=6 phase=ACTION_MANEUVER
2026.09.30-11.33.46 HANDLE_APPLIED #5 seq=6 decision=2 fightersValid=1 boardValid=1
2026.09.30-11.33.46 MANEUVER-DRAFT mode=maneuver:2:5
2026.09.30-11.33.46 DRAFT-OPEN draw committed (resume instead of begin)
2026.09.30-11.33.46 MODE seq=6 mode=1 combat=0 pending=0
2026.09.30-11.33.46 HUD seq=6 phase=ACTION_MANEUVER turn=you hand=6 oppHand=7(hidden) oppDeck=23 deck=24 discard=0
2026.09.30-11.33.46 ARTPREVIEW fighter=Medusa hero=1 eligible=0 visual=1 mesh=SK_Medusa_H2LD
2026.09.30-11.33.46 FIGHTERS synced n=6 alive=6 own=2 enemy=4
2026.09.30-11.33.46 MANEUVER begin seq=6 (apply) pending=maneuver:2:5
2026.09.30-11.33.46 SNAPSHOT applied seq=6 phase=ACTION_MANEUVER
2026.09.30-11.33.46 HANDLE_APPLIED #6 seq=6 decision=1 fightersValid=1 boardValid=1
2026.09.30-11.33.46 MODE seq=6 mode=1 combat=0 pending=0
2026.09.30-11.33.46 HUD seq=6 phase=ACTION_MANEUVER turn=you hand=6 oppHand=7(hidden) oppDeck=23 deck=24 discard=0
2026.09.30-11.33.46 ARTPREVIEW fighter=Medusa hero=1 eligible=0 visual=1 mesh=SK_Medusa_H2LD
2026.09.30-11.33.46 FIGHTERS synced n=6 alive=6 own=2 enemy=4
2026.09.30-11.33.46 WS seq=6 phase=ACTION_MANEUVER (merge)
2026.09.30-11.33.46 S09AUTO drive mode=1 plan=[defend+resolve] phase=ACTION_MANEUVER turn=cmukie57j0001wiaofr67k2vd
2026.09.30-11.33.46 TAG fighter=f-0-hero bbox=(909,389,1011,411) mode=compact look=P1 placement=inset ring=0 hardPx2=0 softPx2=0 order=1 bound=1
2026.09.30-11.33.46 TAG fighter=f-0-sk0 bbox=(1075,385,1159,407) mode=compact look=P1 placement=above ring=0 hardPx2=0 softPx2=0 order=3 bound=1
2026.09.30-11.33.46 TAG fighter=f-0-sk1 bbox=(918,264,1002,286) mode=compact look=P1 placement=above ring=0 hardPx2=0 softPx2=0 order=0 bound=1
2026.09.30-11.33.46 TAG fighter=f-0-sk2 bbox=(761,385,845,407) mode=compact look=P1 placement=above ring=0 hardPx2=0 softPx2=0 order=2 bound=1
2026.09.30-11.33.46 TAG fighter=f-1-hero bbox=(909,646,1011,668) mode=compact look=P2 placement=below ring=0 hardPx2=0 softPx2=0 order=4 bound=1
2026.09.30-11.33.46 TAG fighter=f-1-sk0 bbox=(1080,507,1164,529) mode=compact look=P2 placement=above ring=0 hardPx2=0 softPx2=0 order=5 bound=1
2026.09.30-11.33.47 S09AUTO draft-open shot (maneuver marker live)
2026.09.30-11.33.47 SHOT ctx viewport=1920x1080 viewTarget=CameraActor_2147482348 cam=(0,1107,1582) rot=(-55,-90,0)
2026.09.30-11.33.47 RENDER tag=SHOT rhi=D3D12 featureLevel=SM6 shaderPlatform=PCD3D_SM6 lumenPlatform=1 gi=lumen giMethod=1 refl=lumen reflMethod=1 shadows=csm vsmEnable=0 sg.res=100 sg.view=2 sg.aa=2 sg.shadow=2 sg.gi=2 sg.refl=2 sg.pp=2 sg.tex=2 sg.fx=2 sg.foliage=2 sg.shading=2 sg.landscape=2 preset=High screenPct=100.0 screenPctMode=0 aa=TSR aaMethod=4 exposure=fixed-histogram expMin=4.14106 expMax=4.14106 expBias=0.000 ev100=2.05 lightUnits=candelas sky=1 skyIntensity=11.200 keyShadow=csm-3000uu-2c-contact0.000 shadowCasters=1 profile=cobble-probe profilesSha256=1ecc1e9281845655acf8b31f1dcf52a7510abfc8ba8505525ad72ee8f4ce3c4c profilesSource=pak legacyRender=0 gameLayer=unlit-eyeadaptinv tMaxFPS=30.0 vsync=0 frameRateLimit=60.0 substrate=0 nanite=1 meshDF=1 viewport=1920x1080 reference=1
2026.09.30-11.33.47 SHOT fighter f-0-hero pos=(2,2) world=(0,-50,0) screen=(960,476) projected=1 alive=1
2026.09.30-11.33.47 SHOT fighter f-0-sk0 pos=(3,2) world=(100,-50,0) screen=(1115,476) projected=1 alive=1
2026.09.30-11.33.47 SHOT fighter f-0-sk1 pos=(2,1) world=(0,-150,0) screen=(960,355) projected=1 alive=1
2026.09.30-11.33.47 SHOT fighter f-0-sk2 pos=(1,2) world=(-100,-50,0) screen=(805,476) projected=1 alive=1
2026.09.30-11.33.47 SHOT fighter f-1-hero pos=(2,3) world=(0,50,0) screen=(960,606) projected=1 alive=1
2026.09.30-11.33.47 SHOT fighter f-1-sk0 pos=(3,3) world=(100,50,0) screen=(1120,606) projected=1 alive=1
2026.09.30-11.33.47 SHOT camera dist=1930.8 target=1930.8 overview=1930.8 errPct=0.000 focusErr=0.00 settled=1 zoom=1.00
2026.09.30-11.33.47 SHOT head fighter=f-0-hero socket=Head mesh=SK_Medusa_H2LD world=(0.3,-48.7,47.1) screen=(960.4,433.9) top=(960.4,428.2) bottom=(960.4,439.6) headPx=11.5 projected=1
2026.09.30-11.33.47 SHOT head fighter=f-0-sk0 socket=Head mesh=SK_Harpy_H3LD world=(99.9,-44.9,34.2) screen=(1117.7,450.9) top=(1118.1,445.2) bottom=(1117.3,456.5) headPx=11.3 projected=1
2026.09.30-11.33.47 SHOT head fighter=f-0-sk1 socket=Head mesh=SK_Harpy_H3LD world=(-0.6,-144.9,34.2) screen=(959.0,327.9) top=(959.0,322.1) bottom=(959.0,333.7) headPx=11.6 projected=1
2026.09.30-11.33.47 SHOT head fighter=f-0-sk2 socket=Head mesh=SK_Harpy_H3LD world=(-100.5,-44.8,33.9) screen=(801.3,451.4) top=(800.9,445.7) bottom=(801.7,457.0) headPx=11.3 projected=1
2026.09.30-11.33.47 SHOT head fighter=f-1-hero socket=Head mesh=SK_KingArthur_H2LD world=(-0.2,50.2,50.1) screen=(959.6,560.3) top=(959.6,554.7) bottom=(959.6,565.9) headPx=11.2 projected=1
2026.09.30-11.33.47 SHOT head fighter=f-1-sk0 socket=Head mesh=SK_Merlin_H2LD world=(99.8,46.9,36.5) screen=(1122.1,568.4) top=(1122.6,562.9) bottom=(1121.7,573.9) headPx=11.1 projected=1
2026.09.30-11.33.47 SHOT figure fighter=f-0-hero bbox=(914,389,1006,512) ringR=28.50 art=1 blockout=0 team=P1 look=P1 ring=1
2026.09.30-11.33.47 SHOT figure fighter=f-0-sk0 bbox=(1080,409,1155,504) ringR=22.23 art=1 blockout=0 team=P1 look=P1 ring=1
2026.09.30-11.33.47 SHOT figure fighter=f-0-sk1 bbox=(926,288,994,381) ringR=22.23 art=1 blockout=0 team=P1 look=P1 ring=1
2026.09.30-11.33.47 SHOT figure fighter=f-0-sk2 bbox=(765,409,840,504) ringR=22.23 art=1 blockout=0 team=P1 look=P1 ring=1
2026.09.30-11.33.47 SHOT figure fighter=f-1-hero bbox=(913,513,1007,644) ringR=28.50 art=1 blockout=0 team=P2 look=P2 ring=1
2026.09.30-11.33.47 SHOT figure fighter=f-1-sk0 bbox=(1084,531,1161,635) ringR=22.23 art=1 blockout=0 team=P2 look=P2 ring=1
2026.09.30-11.33.47 SHOT request file=s09-maneuver-draft-open.png frame=496
2026.09.30-11.33.47 SHOT requested: FScreenshotRequest(bShowUI) -> C:\Users\ren\AppData\Local\Temp\s09-combat-20260930-163323-20236\joiner/s09-maneuver-draft-open.png
2026.09.30-11.33.48 SHOT captured file=s09-maneuver-draft-open.png frame=496 px=1920x1080 sha256=3a42a0ba7c81c51ee761cbfe1abe9bf08db7eb9f9cdb36ee4baa0725aff5742c order=BGRA saved=1
2026.09.30-11.33.48 SHOT late begin file=s09-maneuver-draft-open.png frame=496 requestFrame=496
2026.09.30-11.33.48 SHOT iconstate visible=0 lastFighter=none frame=496
2026.09.30-11.33.48 SHOT widget id=board.tag impl=umg state=compact fighter=f-0-hero bbox=(909,389,1011,411) geom=painted visible=1 twin=0 source=/Game/S08/UI/ArtHud/WBP_S08ArtTag mode=compact look=P1 shape=circle placement=inset ring=0 order=1 bound=1 softPx2=0 planned=(909,389,1011,411) frame=496
2026.09.30-11.33.48 SHOT widget id=board.tag.hp impl=umg state=compact fighter=f-0-hero bbox=(965,391,1007,409) geom=painted visible=1 twin=0 source=/Game/S08/UI/ArtHud/WBP_S08ArtTag mode=compact look=P1 shape=circle placement=inset ring=0 order=1 bound=1 softPx2=0 planned=(909,389,1011,411) frame=496 font=11
2026.09.30-11.33.48 SHOT widget id=board.tag.bar impl=umg state=compact fighter=f-0-hero bbox=(928,398,962,403) geom=painted visible=1 twin=0 source=/Game/S08/UI/ArtHud/WBP_S08ArtTag mode=compact look=P1 shape=circle placement=inset ring=0 order=1 bound=1 softPx2=0 planned=(909,389,1011,411) frame=496
2026.09.30-11.33.48 SHOT widget id=board.tag.chip impl=umg state=compact fighter=f-0-hero bbox=(913,394,925,406) geom=painted visible=1 twin=0 source=/Game/S08/UI/ArtHud/WBP_S08ArtTag mode=compact look=P1 shape=circle placement=inset ring=0 order=1 bound=1 softPx2=0 planned=(909,389,1011,411) frame=496
2026.09.30-11.33.48 SHOT widget id=board.tag impl=umg state=compact fighter=f-0-sk0 bbox=(1075,385,1159,407) geom=painted visible=1 twin=0 source=/Game/S08/UI/ArtHud/WBP_S08ArtTag mode=compact look=P1 shape=circle placement=above ring=0 order=3 bound=1 softPx2=0 planned=(1075,385,1159,407) frame=496
2026.09.30-11.33.48 SHOT widget id=board.tag.hp impl=umg state=compact fighter=f-0-sk0 bbox=(1131,387,1155,405) geom=painted visible=1 twin=0 source=/Game/S08/UI/ArtHud/WBP_S08ArtTag mode=compact look=P1 shape=circle placement=above ring=0 order=3 bound=1 softPx2=0 planned=(1075,385,1159,407) frame=496 font=11
2026.09.30-11.33.48 SHOT widget id=board.tag.bar impl=umg state=compact fighter=f-0-sk0 bbox=(1094,394,1128,399) geom=painted visible=1 twin=0 source=/Game/S08/UI/ArtHud/WBP_S08ArtTag mode=compact look=P1 shape=circle placement=above ring=0 order=3 bound=1 softPx2=0 planned=(1075,385,1159,407) frame=496
2026.09.30-11.33.48 SHOT widget id=board.tag.chip impl=umg state=compact fighter=f-0-sk0 bbox=(1079,390,1091,402) geom=painted visible=1 twin=0 source=/Game/S08/UI/ArtHud/WBP_S08ArtTag mode=compact look=P1 shape=circle placement=above ring=0 order=3 bound=1 softPx2=0 planned=(1075,385,1159,407) frame=496
2026.09.30-11.33.48 SHOT widget id=board.tag impl=umg state=compact fighter=f-0-sk1 bbox=(918,264,1002,286) geom=painted visible=1 twin=0 source=/Game/S08/UI/ArtHud/WBP_S08ArtTag mode=compact look=P1 shape=circle placement=above ring=0 order=0 bound=1 softPx2=0 planned=(918,264,1002,286) frame=496
2026.09.30-11.33.48 SHOT widget id=board.tag.hp impl=umg state=compact fighter=f-0-sk1 bbox=(974,266,998,284) geom=painted visible=1 twin=0 source=/Game/S08/UI/ArtHud/WBP_S08ArtTag mode=compact look=P1 shape=circle placement=above ring=0 order=0 bound=1 softPx2=0 planned=(918,264,1002,286) frame=496 font=11
2026.09.30-11.33.48 SHOT widget id=board.tag.bar impl=umg state=compact fighter=f-0-sk1 bbox=(937,273,971,278) geom=painted visible=1 twin=0 source=/Game/S08/UI/ArtHud/WBP_S08ArtTag mode=compact look=P1 shape=circle placement=above ring=0 order=0 bound=1 softPx2=0 planned=(918,264,1002,286) frame=496
2026.09.30-11.33.48 SHOT widget id=board.tag.chip impl=umg state=compact fighter=f-0-sk1 bbox=(922,269,934,281) geom=painted visible=1 twin=0 source=/Game/S08/UI/ArtHud/WBP_S08ArtTag mode=compact look=P1 shape=circle placement=above ring=0 order=0 bound=1 softPx2=0 planned=(918,264,1002,286) frame=496
2026.09.30-11.33.48 SHOT widget id=board.tag impl=umg state=compact fighter=f-0-sk2 bbox=(761,385,845,407) geom=painted visible=1 twin=0 source=/Game/S08/UI/ArtHud/WBP_S08ArtTag mode=compact look=P1 shape=circle placement=above ring=0 order=2 bound=1 softPx2=0 planned=(761,385,845,407) frame=496
2026.09.30-11.33.48 SHOT widget id=board.tag.hp impl=umg state=compact fighter=f-0-sk2 bbox=(817,387,841,405) geom=painted visible=1 twin=0 source=/Game/S08/UI/ArtHud/WBP_S08ArtTag mode=compact look=P1 shape=circle placement=above ring=0 order=2 bound=1 softPx2=0 planned=(761,385,845,407) frame=496 font=11
2026.09.30-11.33.48 SHOT widget id=board.tag.bar impl=umg state=compact fighter=f-0-sk2 bbox=(780,394,814,399) geom=painted visible=1 twin=0 source=/Game/S08/UI/ArtHud/WBP_S08ArtTag mode=compact look=P1 shape=circle placement=above ring=0 order=2 bound=1 softPx2=0 planned=(761,385,845,407) frame=496
2026.09.30-11.33.48 SHOT widget id=board.tag.chip impl=umg state=compact fighter=f-0-sk2 bbox=(765,390,777,402) geom=painted visible=1 twin=0 source=/Game/S08/UI/ArtHud/WBP_S08ArtTag mode=compact look=P1 shape=circle placement=above ring=0 order=2 bound=1 softPx2=0 planned=(761,385,845,407) frame=496
2026.09.30-11.33.48 SHOT widget id=board.tag impl=umg state=compact fighter=f-1-hero bbox=(909,646,1011,668) geom=painted visible=1 twin=0 source=/Game/S08/UI/ArtHud/WBP_S08ArtTag mode=compact look=P2 shape=hex placement=below ring=0 order=4 bound=1 softPx2=0 planned=(909,646,1011,668) frame=496
2026.09.30-11.33.48 SHOT widget id=board.tag.hp impl=umg state=compact fighter=f-1-hero bbox=(965,648,1007,666) geom=painted visible=1 twin=0 source=/Game/S08/UI/ArtHud/WBP_S08ArtTag mode=compact look=P2 shape=hex placement=below ring=0 order=4 bound=1 softPx2=0 planned=(909,646,1011,668) frame=496 font=11
2026.09.30-11.33.48 SHOT widget id=board.tag.bar impl=umg state=compact fighter=f-1-hero bbox=(928,655,962,660) geom=painted visible=1 twin=0 source=/Game/S08/UI/ArtHud/WBP_S08ArtTag mode=compact look=P2 shape=hex placement=below ring=0 order=4 bound=1 softPx2=0 planned=(909,646,1011,668) frame=496
2026.09.30-11.33.48 SHOT widget id=board.tag.chip impl=umg state=compact fighter=f-1-hero bbox=(913,651,925,663) geom=painted visible=1 twin=0 source=/Game/S08/UI/ArtHud/WBP_S08ArtTag mode=compact look=P2 shape=hex placement=below ring=0 order=4 bound=1 softPx2=0 planned=(909,646,1011,668) frame=496
2026.09.30-11.33.48 SHOT widget id=board.tag impl=umg state=compact fighter=f-1-sk0 bbox=(1080,507,1164,529) geom=painted visible=1 twin=0 source=/Game/S08/UI/ArtHud/WBP_S08ArtTag mode=compact look=P2 shape=hex placement=above ring=0 order=5 bound=1 softPx2=0 planned=(1080,507,1164,529) frame=496
2026.09.30-11.33.48 SHOT widget id=board.tag.hp impl=umg state=compact fighter=f-1-sk0 bbox=(1136,509,1160,527) geom=painted visible=1 twin=0 source=/Game/S08/UI/ArtHud/WBP_S08ArtTag mode=compact look=P2 shape=hex placement=above ring=0 order=5 bound=1 softPx2=0 planned=(1080,507,1164,529) frame=496 font=11
2026.09.30-11.33.48 SHOT widget id=board.tag.bar impl=umg state=compact fighter=f-1-sk0 bbox=(1099,516,1133,521) geom=painted visible=1 twin=0 source=/Game/S08/UI/ArtHud/WBP_S08ArtTag mode=compact look=P2 shape=hex placement=above ring=0 order=5 bound=1 softPx2=0 planned=(1080,507,1164,529) frame=496
2026.09.30-11.33.48 SHOT widget id=board.tag.chip impl=umg state=compact fighter=f-1-sk0 bbox=(1084,512,1096,524) geom=painted visible=1 twin=0 source=/Game/S08/UI/ArtHud/WBP_S08ArtTag mode=compact look=P2 shape=hex placement=above ring=0 order=5 bound=1 softPx2=0 planned=(1080,507,1164,529) frame=496
2026.09.30-11.33.48 SHOT panel id=hud.command bbox=(0,0,703,156) geom=painted visible=1 frame=496
2026.09.30-11.33.48 SHOT panel id=hud.side bbox=(1432,0,1920,121) geom=painted visible=1 frame=496
2026.09.30-11.33.48 SHOT panel id=hud.hand bbox=(321,985,1599,1080) geom=painted visible=1 frame=496
2026.09.30-11.33.48 SHOT late end file=s09-maneuver-draft-open.png frame=496
2026.09.30-11.33.48 MANEUVER-CONFIRM moves=1 boost=none
2026.09.30-11.33.48 HUD plate content fighter=f-1-hero name=King Arthur hp=18/18 team=own statuses=HERO  |  MELEE teamSlot=P2 look=P2 shape=hexagon chip=#5786A8
2026.09.30-11.33.48 PLATE fighter=f-1-hero bbox=(695,826,867,880) overlapReachable=0 placement=below ring=22 gap=188 selection=f-1-hero destinations=7 clean=1 softPx2=0 tested=4784 bound=1
2026.09.30-11.33.48 TAG fighter=f-0-hero bbox=(909,389,1011,411) mode=compact look=P1 placement=inset ring=0 hardPx2=0 softPx2=0 order=1 bound=1
2026.09.30-11.33.48 TAG fighter=f-0-sk0 bbox=(1075,385,1159,407) mode=compact look=P1 placement=above ring=0 hardPx2=0 softPx2=0 order=3 bound=1
2026.09.30-11.33.48 TAG fighter=f-0-sk1 bbox=(918,264,1002,286) mode=compact look=P1 placement=above ring=0 hardPx2=0 softPx2=0 order=0 bound=1
2026.09.30-11.33.48 TAG fighter=f-0-sk2 bbox=(761,385,845,407) mode=compact look=P1 placement=above ring=0 hardPx2=0 softPx2=0 order=2 bound=1
2026.09.30-11.33.48 TAG fighter=f-1-sk0 bbox=(1080,507,1164,529) mode=compact look=P2 placement=above ring=0 hardPx2=0 softPx2=0 order=4 bound=1
2026.09.30-11.33.48 SNAPSHOT applied seq=7 phase=ACTION_MANEUVER
2026.09.30-11.33.48 HANDLE_APPLIED #7 seq=7 decision=2 fightersValid=1 boardValid=1
2026.09.30-11.33.48 closed mode=
2026.09.30-11.33.48 MODE seq=7 mode=0 combat=0 pending=0
2026.09.30-11.33.48 HUD seq=7 phase=ACTION_MANEUVER turn=you hand=6 oppHand=7(hidden) oppDeck=23~ deck=24~ discard=0
2026.09.30-11.33.48 ARTPREVIEW fighter=Medusa hero=1 eligible=0 visual=1 mesh=SK_Medusa_H2LD
2026.09.30-11.33.48 FIGHTERS synced n=6 alive=6 own=2 enemy=4
2026.09.30-11.33.48 CUE move f-1-hero (2,3)->(1,3) seq=7
2026.09.30-11.33.48 WS seq=7 phase=ACTION_MANEUVER (apply)
2026.09.30-11.33.48 PLATE hidden fighter=f-1-hero
2026.09.30-11.33.48 TAG fighter=f-0-hero bbox=(909,514,1011,536) mode=compact look=P1 placement=below ring=0 hardPx2=0 softPx2=0 order=1 bound=1
2026.09.30-11.33.48 TAG fighter=f-0-sk0 bbox=(1075,385,1159,407) mode=compact look=P1 placement=above ring=0 hardPx2=0 softPx2=0 order=3 bound=1
2026.09.30-11.33.48 TAG fighter=f-0-sk1 bbox=(918,264,1002,286) mode=compact look=P1 placement=above ring=0 hardPx2=0 softPx2=0 order=0 bound=1
2026.09.30-11.33.48 TAG fighter=f-0-sk2 bbox=(761,385,845,407) mode=compact look=P1 placement=above ring=0 hardPx2=0 softPx2=0 order=2 bound=1
2026.09.30-11.33.48 TAG fighter=f-1-hero bbox=(643,513,745,535) mode=compact look=P2 placement=left ring=0 hardPx2=0 softPx2=0 order=4 bound=1
2026.09.30-11.33.48 TAG fighter=f-1-sk0 bbox=(1080,507,1164,529) mode=compact look=P2 placement=above ring=0 hardPx2=0 softPx2=0 order=5 bound=1
2026.09.30-11.33.48 TAG fighter=f-0-hero bbox=(909,514,1011,536) mode=compact look=P1 placement=below ring=0 hardPx2=0 softPx2=0 order=1 bound=1
2026.09.30-11.33.48 TAG fighter=f-0-sk0 bbox=(1075,385,1159,407) mode=compact look=P1 placement=above ring=0 hardPx2=0 softPx2=0 order=3 bound=1
2026.09.30-11.33.48 TAG fighter=f-0-sk1 bbox=(918,264,1002,286) mode=compact look=P1 placement=above ring=0 hardPx2=0 softPx2=0 order=0 bound=1
2026.09.30-11.33.48 TAG fighter=f-0-sk2 bbox=(761,385,845,407) mode=compact look=P1 placement=above ring=0 hardPx2=0 softPx2=0 order=2 bound=1
2026.09.30-11.33.48 TAG fighter=f-1-hero bbox=(643,513,745,535) mode=compact look=P2 placement=left ring=0 hardPx2=0 softPx2=0 order=4 bound=1
2026.09.30-11.33.48 TAG fighter=f-1-sk0 bbox=(1080,507,1164,529) mode=compact look=P2 placement=above ring=0 hardPx2=0 softPx2=0 order=5 bound=1
2026.09.30-11.33.48 SNAPSHOT applied seq=7 phase=ACTION_MANEUVER
2026.09.30-11.33.48 HANDLE_APPLIED #8 seq=7 decision=1 fightersValid=1 boardValid=1
2026.09.30-11.33.48 MODE seq=7 mode=0 combat=0 pending=0
2026.09.30-11.33.48 HUD seq=7 phase=ACTION_MANEUVER turn=you hand=6 oppHand=7(hidden) oppDeck=23 deck=24 discard=0
2026.09.30-11.33.48 ARTPREVIEW fighter=Medusa hero=1 eligible=0 visual=1 mesh=SK_Medusa_H2LD
2026.09.30-11.33.48 FIGHTERS synced n=6 alive=6 own=2 enemy=4
2026.09.30-11.33.48 MANEUVER done seq=7 (merge) fighters=6 boost=no
2026.09.30-11.33.48 TAG fighter=f-0-hero bbox=(909,514,1011,536) mode=compact look=P1 placement=below ring=0 hardPx2=0 softPx2=0 order=1 bound=1
2026.09.30-11.33.48 TAG fighter=f-0-sk0 bbox=(1075,385,1159,407) mode=compact look=P1 placement=above ring=0 hardPx2=0 softPx2=0 order=3 bound=1
2026.09.30-11.33.48 TAG fighter=f-0-sk1 bbox=(918,264,1002,286) mode=compact look=P1 placement=above ring=0 hardPx2=0 softPx2=0 order=0 bound=1
2026.09.30-11.33.48 TAG fighter=f-0-sk2 bbox=(761,385,845,407) mode=compact look=P1 placement=above ring=0 hardPx2=0 softPx2=0 order=2 bound=1
2026.09.30-11.33.48 TAG fighter=f-1-hero bbox=(643,513,745,535) mode=compact look=P2 placement=left ring=0 hardPx2=0 softPx2=0 order=4 bound=1
2026.09.30-11.33.48 TAG fighter=f-1-sk0 bbox=(1080,507,1164,529) mode=compact look=P2 placement=above ring=0 hardPx2=0 softPx2=0 order=5 bound=1
2026.09.30-11.33.49 SHOT ctx viewport=1920x1080 viewTarget=CameraActor_2147482348 cam=(0,1107,1582) rot=(-55,-90,0)
2026.09.30-11.33.49 RENDER tag=SHOT rhi=D3D12 featureLevel=SM6 shaderPlatform=PCD3D_SM6 lumenPlatform=1 gi=lumen giMethod=1 refl=lumen reflMethod=1 shadows=csm vsmEnable=0 sg.res=100 sg.view=2 sg.aa=2 sg.shadow=2 sg.gi=2 sg.refl=2 sg.pp=2 sg.tex=2 sg.fx=2 sg.foliage=2 sg.shading=2 sg.landscape=2 preset=High screenPct=100.0 screenPctMode=0 aa=TSR aaMethod=4 exposure=fixed-histogram expMin=4.14106 expMax=4.14106 expBias=0.000 ev100=2.05 lightUnits=candelas sky=1 skyIntensity=11.200 keyShadow=csm-3000uu-2c-contact0.000 shadowCasters=1 profile=cobble-probe profilesSha256=1ecc1e9281845655acf8b31f1dcf52a7510abfc8ba8505525ad72ee8f4ce3c4c profilesSource=pak legacyRender=0 gameLayer=unlit-eyeadaptinv tMaxFPS=30.0 vsync=0 frameRateLimit=60.0 substrate=0 nanite=1 meshDF=1 viewport=1920x1080 reference=1
2026.09.30-11.33.49 SHOT fighter f-0-hero pos=(2,2) world=(0,-50,0) screen=(960,476) projected=1 alive=1
2026.09.30-11.33.49 SHOT fighter f-0-sk0 pos=(3,2) world=(100,-50,0) screen=(1115,476) projected=1 alive=1
2026.09.30-11.33.49 SHOT fighter f-0-sk1 pos=(2,1) world=(0,-150,0) screen=(960,355) projected=1 alive=1
2026.09.30-11.33.49 SHOT fighter f-0-sk2 pos=(1,2) world=(-100,-50,0) screen=(805,476) projected=1 alive=1
2026.09.30-11.33.49 SHOT fighter f-1-hero pos=(1,3) world=(-100,50,0) screen=(800,606) projected=1 alive=1
2026.09.30-11.33.49 SHOT fighter f-1-sk0 pos=(3,3) world=(100,50,0) screen=(1120,606) projected=1 alive=1
2026.09.30-11.33.49 SHOT camera dist=1930.8 target=1930.8 overview=1930.8 errPct=0.000 focusErr=0.00 settled=1 zoom=1.00
2026.09.30-11.33.49 SHOT head fighter=f-0-hero socket=Head mesh=SK_Medusa_H2LD world=(0.1,-49.6,47.2) screen=(960.2,432.7) top=(960.2,427.0) bottom=(960.2,438.4) headPx=11.5 projected=1
2026.09.30-11.33.49 SHOT head fighter=f-0-sk0 socket=Head mesh=SK_Harpy_H3LD world=(99.9,-44.7,33.9) screen=(1117.7,451.5) top=(1118.1,445.8) bottom=(1117.3,457.1) headPx=11.3 projected=1
2026.09.30-11.33.49 SHOT head fighter=f-0-sk1 socket=Head mesh=SK_Harpy_H3LD world=(0.0,-144.7,34.1) screen=(960.0,328.2) top=(960.0,322.4) bottom=(960.0,334.0) headPx=11.6 projected=1
2026.09.30-11.33.49 SHOT head fighter=f-0-sk2 socket=Head mesh=SK_Harpy_H3LD world=(-100.6,-45.0,34.2) screen=(801.2,450.9) top=(800.8,445.2) bottom=(801.6,456.5) headPx=11.3 projected=1
2026.09.30-11.33.49 SHOT head fighter=f-1-hero socket=Head mesh=SK_KingArthur_H2LD world=(-100.0,49.0,50.1) screen=(796.5,558.6) top=(796.0,553.1) bottom=(796.9,564.2) headPx=11.2 projected=1
2026.09.30-11.33.49 SHOT head fighter=f-1-sk0 socket=Head mesh=SK_Merlin_H2LD world=(100.4,47.0,36.5) screen=(1123.1,568.5) top=(1123.5,563.0) bottom=(1122.7,574.0) headPx=11.1 projected=1
2026.09.30-11.33.49 SHOT figure fighter=f-0-hero bbox=(914,389,1006,512) ringR=28.50 art=1 blockout=0 team=P1 look=P1 ring=1
2026.09.30-11.33.49 SHOT figure fighter=f-0-sk0 bbox=(1080,409,1155,504) ringR=22.23 art=1 blockout=0 team=P1 look=P1 ring=1
2026.09.30-11.33.49 SHOT figure fighter=f-0-sk1 bbox=(926,288,994,381) ringR=22.23 art=1 blockout=0 team=P1 look=P1 ring=1
2026.09.30-11.33.49 SHOT figure fighter=f-0-sk2 bbox=(765,409,840,504) ringR=22.23 art=1 blockout=0 team=P1 look=P1 ring=1
2026.09.30-11.33.49 SHOT figure fighter=f-1-hero bbox=(747,513,847,644) ringR=28.50 art=1 blockout=0 team=P2 look=P2 ring=1
2026.09.30-11.33.49 SHOT figure fighter=f-1-sk0 bbox=(1084,531,1161,635) ringR=22.23 art=1 blockout=0 team=P2 look=P2 ring=1
2026.09.30-11.33.49 SHOT request file=s09-hud-after-first-maneuver.png frame=532
2026.09.30-11.33.49 SHOT requested: FScreenshotRequest(bShowUI) -> C:\Users\ren\AppData\Local\Temp\s09-combat-20260930-163323-20236\joiner/s09-hud-after-first-maneuver.png
2026.09.30-11.33.49 SHOT captured file=s09-hud-after-first-maneuver.png frame=532 px=1920x1080 sha256=dfc232b4743a8dbcf9eadcccd17bc6d7fa6d2912b14c68319e35ea697f8f9c19 order=BGRA saved=1
2026.09.30-11.33.49 SHOT late begin file=s09-hud-after-first-maneuver.png frame=532 requestFrame=532
2026.09.30-11.33.49 SHOT iconstate visible=0 lastFighter=none frame=532
2026.09.30-11.33.49 SHOT widget id=board.tag impl=umg state=compact fighter=f-0-hero bbox=(909,514,1011,536) geom=painted visible=1 twin=0 source=/Game/S08/UI/ArtHud/WBP_S08ArtTag mode=compact look=P1 shape=circle placement=below ring=0 order=1 bound=1 softPx2=0 planned=(909,514,1011,536) frame=532
2026.09.30-11.33.49 SHOT widget id=board.tag.hp impl=umg state=compact fighter=f-0-hero bbox=(965,516,1007,534) geom=painted visible=1 twin=0 source=/Game/S08/UI/ArtHud/WBP_S08ArtTag mode=compact look=P1 shape=circle placement=below ring=0 order=1 bound=1 softPx2=0 planned=(909,514,1011,536) frame=532 font=11
2026.09.30-11.33.49 SHOT widget id=board.tag.bar impl=umg state=compact fighter=f-0-hero bbox=(928,523,962,528) geom=painted visible=1 twin=0 source=/Game/S08/UI/ArtHud/WBP_S08ArtTag mode=compact look=P1 shape=circle placement=below ring=0 order=1 bound=1 softPx2=0 planned=(909,514,1011,536) frame=532
2026.09.30-11.33.49 SHOT widget id=board.tag.chip impl=umg state=compact fighter=f-0-hero bbox=(913,519,925,531) geom=painted visible=1 twin=0 source=/Game/S08/UI/ArtHud/WBP_S08ArtTag mode=compact look=P1 shape=circle placement=below ring=0 order=1 bound=1 softPx2=0 planned=(909,514,1011,536) frame=532
2026.09.30-11.33.49 SHOT widget id=board.tag impl=umg state=compact fighter=f-0-sk0 bbox=(1075,385,1159,407) geom=painted visible=1 twin=0 source=/Game/S08/UI/ArtHud/WBP_S08ArtTag mode=compact look=P1 shape=circle placement=above ring=0 order=3 bound=1 softPx2=0 planned=(1075,385,1159,407) frame=532
2026.09.30-11.33.49 SHOT widget id=board.tag.hp impl=umg state=compact fighter=f-0-sk0 bbox=(1131,387,1155,405) geom=painted visible=1 twin=0 source=/Game/S08/UI/ArtHud/WBP_S08ArtTag mode=compact look=P1 shape=circle placement=above ring=0 order=3 bound=1 softPx2=0 planned=(1075,385,1159,407) frame=532 font=11
2026.09.30-11.33.49 SHOT widget id=board.tag.bar impl=umg state=compact fighter=f-0-sk0 bbox=(1094,394,1128,399) geom=painted visible=1 twin=0 source=/Game/S08/UI/ArtHud/WBP_S08ArtTag mode=compact look=P1 shape=circle placement=above ring=0 order=3 bound=1 softPx2=0 planned=(1075,385,1159,407) frame=532
2026.09.30-11.33.49 SHOT widget id=board.tag.chip impl=umg state=compact fighter=f-0-sk0 bbox=(1079,390,1091,402) geom=painted visible=1 twin=0 source=/Game/S08/UI/ArtHud/WBP_S08ArtTag mode=compact look=P1 shape=circle placement=above ring=0 order=3 bound=1 softPx2=0 planned=(1075,385,1159,407) frame=532
2026.09.30-11.33.49 SHOT widget id=board.tag impl=umg state=compact fighter=f-0-sk1 bbox=(918,264,1002,286) geom=painted visible=1 twin=0 source=/Game/S08/UI/ArtHud/WBP_S08ArtTag mode=compact look=P1 shape=circle placement=above ring=0 order=0 bound=1 softPx2=0 planned=(918,264,1002,286) frame=532
2026.09.30-11.33.49 SHOT widget id=board.tag.hp impl=umg state=compact fighter=f-0-sk1 bbox=(974,266,998,284) geom=painted visible=1 twin=0 source=/Game/S08/UI/ArtHud/WBP_S08ArtTag mode=compact look=P1 shape=circle placement=above ring=0 order=0 bound=1 softPx2=0 planned=(918,264,1002,286) frame=532 font=11
2026.09.30-11.33.49 SHOT widget id=board.tag.bar impl=umg state=compact fighter=f-0-sk1 bbox=(937,273,971,278) geom=painted visible=1 twin=0 source=/Game/S08/UI/ArtHud/WBP_S08ArtTag mode=compact look=P1 shape=circle placement=above ring=0 order=0 bound=1 softPx2=0 planned=(918,264,1002,286) frame=532
2026.09.30-11.33.49 SHOT widget id=board.tag.chip impl=umg state=compact fighter=f-0-sk1 bbox=(922,269,934,281) geom=painted visible=1 twin=0 source=/Game/S08/UI/ArtHud/WBP_S08ArtTag mode=compact look=P1 shape=circle placement=above ring=0 order=0 bound=1 softPx2=0 planned=(918,264,1002,286) frame=532
2026.09.30-11.33.49 SHOT widget id=board.tag impl=umg state=compact fighter=f-0-sk2 bbox=(761,385,845,407) geom=painted visible=1 twin=0 source=/Game/S08/UI/ArtHud/WBP_S08ArtTag mode=compact look=P1 shape=circle placement=above ring=0 order=2 bound=1 softPx2=0 planned=(761,385,845,407) frame=532
2026.09.30-11.33.49 SHOT widget id=board.tag.hp impl=umg state=compact fighter=f-0-sk2 bbox=(817,387,841,405) geom=painted visible=1 twin=0 source=/Game/S08/UI/ArtHud/WBP_S08ArtTag mode=compact look=P1 shape=circle placement=above ring=0 order=2 bound=1 softPx2=0 planned=(761,385,845,407) frame=532 font=11
2026.09.30-11.33.49 SHOT widget id=board.tag.bar impl=umg state=compact fighter=f-0-sk2 bbox=(780,394,814,399) geom=painted visible=1 twin=0 source=/Game/S08/UI/ArtHud/WBP_S08ArtTag mode=compact look=P1 shape=circle placement=above ring=0 order=2 bound=1 softPx2=0 planned=(761,385,845,407) frame=532
2026.09.30-11.33.49 SHOT widget id=board.tag.chip impl=umg state=compact fighter=f-0-sk2 bbox=(765,390,777,402) geom=painted visible=1 twin=0 source=/Game/S08/UI/ArtHud/WBP_S08ArtTag mode=compact look=P1 shape=circle placement=above ring=0 order=2 bound=1 softPx2=0 planned=(761,385,845,407) frame=532
2026.09.30-11.33.49 SHOT widget id=board.tag impl=umg state=compact fighter=f-1-hero bbox=(643,513,745,535) geom=painted visible=1 twin=0 source=/Game/S08/UI/ArtHud/WBP_S08ArtTag mode=compact look=P2 shape=hex placement=left ring=0 order=4 bound=1 softPx2=0 planned=(643,513,745,535) frame=532
2026.09.30-11.33.49 SHOT widget id=board.tag.hp impl=umg state=compact fighter=f-1-hero bbox=(699,515,741,533) geom=painted visible=1 twin=0 source=/Game/S08/UI/ArtHud/WBP_S08ArtTag mode=compact look=P2 shape=hex placement=left ring=0 order=4 bound=1 softPx2=0 planned=(643,513,745,535) frame=532 font=11
2026.09.30-11.33.49 SHOT widget id=board.tag.bar impl=umg state=compact fighter=f-1-hero bbox=(662,522,696,527) geom=painted visible=1 twin=0 source=/Game/S08/UI/ArtHud/WBP_S08ArtTag mode=compact look=P2 shape=hex placement=left ring=0 order=4 bound=1 softPx2=0 planned=(643,513,745,535) frame=532
2026.09.30-11.33.49 SHOT widget id=board.tag.chip impl=umg state=compact fighter=f-1-hero bbox=(647,518,659,530) geom=painted visible=1 twin=0 source=/Game/S08/UI/ArtHud/WBP_S08ArtTag mode=compact look=P2 shape=hex placement=left ring=0 order=4 bound=1 softPx2=0 planned=(643,513,745,535) frame=532
2026.09.30-11.33.49 SHOT widget id=board.tag impl=umg state=compact fighter=f-1-sk0 bbox=(1080,507,1164,529) geom=painted visible=1 twin=0 source=/Game/S08/UI/ArtHud/WBP_S08ArtTag mode=compact look=P2 shape=hex placement=above ring=0 order=5 bound=1 softPx2=0 planned=(1080,507,1164,529) frame=532
2026.09.30-11.33.49 SHOT widget id=board.tag.hp impl=umg state=compact fighter=f-1-sk0 bbox=(1136,509,1160,527) geom=painted visible=1 twin=0 source=/Game/S08/UI/ArtHud/WBP_S08ArtTag mode=compact look=P2 shape=hex placement=above ring=0 order=5 bound=1 softPx2=0 planned=(1080,507,1164,529) frame=532 font=11
2026.09.30-11.33.49 SHOT widget id=board.tag.bar impl=umg state=compact fighter=f-1-sk0 bbox=(1099,516,1133,521) geom=painted visible=1 twin=0 source=/Game/S08/UI/ArtHud/WBP_S08ArtTag mode=compact look=P2 shape=hex placement=above ring=0 order=5 bound=1 softPx2=0 planned=(1080,507,1164,529) frame=532
2026.09.30-11.33.49 SHOT widget id=board.tag.chip impl=umg state=compact fighter=f-1-sk0 bbox=(1084,512,1096,524) geom=painted visible=1 twin=0 source=/Game/S08/UI/ArtHud/WBP_S08ArtTag mode=compact look=P2 shape=hex placement=above ring=0 order=5 bound=1 softPx2=0 planned=(1080,507,1164,529) frame=532
2026.09.30-11.33.49 SHOT panel id=hud.command bbox=(0,0,601,138) geom=painted visible=1 frame=532
2026.09.30-11.33.49 SHOT panel id=hud.side bbox=(1432,0,1920,121) geom=painted visible=1 frame=532
2026.09.30-11.33.49 SHOT panel id=hud.hand bbox=(352,985,1568,1080) geom=painted visible=1 frame=532
2026.09.30-11.33.49 SHOT late end file=s09-hud-after-first-maneuver.png frame=532
2026.09.30-11.33.49 S09AUTO drive mode=0 plan=[defend+resolve] phase=ACTION_MANEUVER turn=cmukie57j0001wiaofr67k2vd
2026.09.30-11.33.49 game -> room=cmuo11ar100ubwiwwv3dxqwgm code=<redacted> status=IN_PROGRESS
2026.09.30-11.33.49 SNAPSHOT applied seq=8 phase=ACTION_MANEUVER
2026.09.30-11.33.49 HANDLE_APPLIED #9 seq=8 decision=2 fightersValid=1 boardValid=1
2026.09.30-11.33.49 MANEUVER-DRAFT mode=maneuver:2:7
2026.09.30-11.33.49 DRAFT-OPEN draw committed (resume instead of begin)
2026.09.30-11.33.49 MODE seq=8 mode=1 combat=0 pending=0
2026.09.30-11.33.49 HUD seq=8 phase=ACTION_MANEUVER turn=you hand=7 oppHand=7(hidden) oppDeck=23 deck=23 discard=0
2026.09.30-11.33.49 ARTPREVIEW fighter=Medusa hero=1 eligible=0 visual=1 mesh=SK_Medusa_H2LD
2026.09.30-11.33.49 FIGHTERS synced n=6 alive=6 own=2 enemy=4
2026.09.30-11.33.49 MANEUVER begin seq=8 (apply) pending=maneuver:2:7
2026.09.30-11.33.49 SNAPSHOT applied seq=8 phase=ACTION_MANEUVER
2026.09.30-11.33.49 HANDLE_APPLIED #10 seq=8 decision=1 fightersValid=1 boardValid=1
2026.09.30-11.33.49 MODE seq=8 mode=1 combat=0 pending=0
2026.09.30-11.33.49 HUD seq=8 phase=ACTION_MANEUVER turn=you hand=7 oppHand=7(hidden) oppDeck=23 deck=23 discard=0
2026.09.30-11.33.49 ARTPREVIEW fighter=Medusa hero=1 eligible=0 visual=1 mesh=SK_Medusa_H2LD
2026.09.30-11.33.49 FIGHTERS synced n=6 alive=6 own=2 enemy=4
2026.09.30-11.33.49 WS seq=8 phase=ACTION_MANEUVER (merge)
2026.09.30-11.33.49 S09AUTO drive mode=1 plan=[defend+resolve] phase=ACTION_MANEUVER turn=cmukie57j0001wiaofr67k2vd
2026.09.30-11.33.49 MANEUVER-CONFIRM moves=1 boost=none
2026.09.30-11.33.49 PLATE fighter=f-1-hero bbox=(881,826,1053,880) overlapReachable=0 placement=below ring=22 gap=185 selection=f-1-hero destinations=7 clean=1 softPx2=0 tested=4830 bound=1
2026.09.30-11.33.49 TAG fighter=f-0-hero bbox=(909,514,1011,536) mode=compact look=P1 placement=below ring=0 hardPx2=0 softPx2=0 order=1 bound=1
2026.09.30-11.33.49 TAG fighter=f-0-sk0 bbox=(1075,385,1159,407) mode=compact look=P1 placement=above ring=0 hardPx2=0 softPx2=0 order=3 bound=1
2026.09.30-11.33.49 TAG fighter=f-0-sk1 bbox=(918,264,1002,286) mode=compact look=P1 placement=above ring=0 hardPx2=0 softPx2=0 order=0 bound=1
2026.09.30-11.33.49 TAG fighter=f-0-sk2 bbox=(761,385,845,407) mode=compact look=P1 placement=above ring=0 hardPx2=0 softPx2=0 order=2 bound=1
2026.09.30-11.33.49 TAG fighter=f-1-sk0 bbox=(1080,507,1164,529) mode=compact look=P2 placement=above ring=0 hardPx2=0 softPx2=0 order=4 bound=1
2026.09.30-11.33.49 TAG fighter=f-0-hero bbox=(909,514,1011,536) mode=compact look=P1 placement=below ring=0 hardPx2=0 softPx2=0 order=1 bound=1
2026.09.30-11.33.49 TAG fighter=f-0-sk0 bbox=(1075,385,1159,407) mode=compact look=P1 placement=above ring=0 hardPx2=0 softPx2=0 order=3 bound=1
2026.09.30-11.33.49 TAG fighter=f-0-sk1 bbox=(918,264,1002,286) mode=compact look=P1 placement=above ring=0 hardPx2=0 softPx2=0 order=0 bound=1
2026.09.30-11.33.49 TAG fighter=f-0-sk2 bbox=(761,385,845,407) mode=compact look=P1 placement=above ring=0 hardPx2=0 softPx2=0 order=2 bound=1
2026.09.30-11.33.49 TAG fighter=f-1-sk0 bbox=(1080,507,1164,529) mode=compact look=P2 placement=above ring=0 hardPx2=0 softPx2=0 order=4 bound=1
2026.09.30-11.33.49 SNAPSHOT applied seq=9 phase=ACTION_MANEUVER
2026.09.30-11.33.49 HANDLE_APPLIED #11 seq=9 decision=2 fightersValid=1 boardValid=1
2026.09.30-11.33.49 closed mode=
2026.09.30-11.33.49 MODE seq=9 mode=0 combat=0 pending=0
2026.09.30-11.33.49 HUD seq=9 phase=ACTION_MANEUVER turn=opp hand=7 oppHand=7(hidden) oppDeck=23 deck=23 discard=0
2026.09.30-11.33.49 ARTPREVIEW fighter=Medusa hero=1 eligible=0 visual=1 mesh=SK_Medusa_H2LD
2026.09.30-11.33.49 FIGHTERS synced n=6 alive=6 own=2 enemy=4
2026.09.30-11.33.49 CUE move f-1-hero (1,3)->(2,3) seq=9
2026.09.30-11.33.49 MANEUVER done seq=9 (apply) fighters=6 boost=no
2026.09.30-11.33.49 SNAPSHOT applied seq=9 phase=ACTION_MANEUVER
2026.09.30-11.33.49 HANDLE_APPLIED #12 seq=9 decision=1 fightersValid=1 boardValid=1
2026.09.30-11.33.49 MODE seq=9 mode=0 combat=0 pending=0
2026.09.30-11.33.49 HUD seq=9 phase=ACTION_MANEUVER turn=opp hand=7 oppHand=7(hidden) oppDeck=23 deck=23 discard=0
2026.09.30-11.33.49 ARTPREVIEW fighter=Medusa hero=1 eligible=0 visual=1 mesh=SK_Medusa_H2LD
2026.09.30-11.33.49 FIGHTERS synced n=6 alive=6 own=2 enemy=4
2026.09.30-11.33.49 WS seq=9 phase=ACTION_MANEUVER (merge)
2026.09.30-11.33.49 PLATE hidden fighter=f-1-hero
2026.09.30-11.33.49 TAG fighter=f-0-hero bbox=(909,389,1011,411) mode=compact look=P1 placement=inset ring=0 hardPx2=0 softPx2=0 order=1 bound=1
2026.09.30-11.33.49 TAG fighter=f-0-sk0 bbox=(1075,385,1159,407) mode=compact look=P1 placement=above ring=0 hardPx2=0 softPx2=0 order=3 bound=1
2026.09.30-11.33.49 TAG fighter=f-0-sk1 bbox=(918,264,1002,286) mode=compact look=P1 placement=above ring=0 hardPx2=0 softPx2=0 order=0 bound=1
2026.09.30-11.33.49 TAG fighter=f-0-sk2 bbox=(761,385,845,407) mode=compact look=P1 placement=above ring=0 hardPx2=0 softPx2=0 order=2 bound=1
2026.09.30-11.33.49 TAG fighter=f-1-hero bbox=(909,646,1011,668) mode=compact look=P2 placement=below ring=0 hardPx2=0 softPx2=0 order=4 bound=1
2026.09.30-11.33.49 TAG fighter=f-1-sk0 bbox=(1080,507,1164,529) mode=compact look=P2 placement=above ring=0 hardPx2=0 softPx2=0 order=5 bound=1
2026.09.30-11.33.49 TAG fighter=f-0-hero bbox=(909,389,1011,411) mode=compact look=P1 placement=inset ring=0 hardPx2=0 softPx2=0 order=1 bound=1
2026.09.30-11.33.49 TAG fighter=f-0-sk0 bbox=(1075,385,1159,407) mode=compact look=P1 placement=above ring=0 hardPx2=0 softPx2=0 order=3 bound=1
2026.09.30-11.33.49 TAG fighter=f-0-sk1 bbox=(918,264,1002,286) mode=compact look=P1 placement=above ring=0 hardPx2=0 softPx2=0 order=0 bound=1
2026.09.30-11.33.49 TAG fighter=f-0-sk2 bbox=(761,385,845,407) mode=compact look=P1 placement=above ring=0 hardPx2=0 softPx2=0 order=2 bound=1
2026.09.30-11.33.49 TAG fighter=f-1-hero bbox=(909,646,1011,668) mode=compact look=P2 placement=below ring=0 hardPx2=0 softPx2=0 order=4 bound=1
2026.09.30-11.33.49 TAG fighter=f-1-sk0 bbox=(1080,507,1164,529) mode=compact look=P2 placement=above ring=0 hardPx2=0 softPx2=0 order=5 bound=1
2026.09.30-11.33.49 SNAPSHOT applied seq=10 phase=ACTION_MANEUVER
2026.09.30-11.33.49 HANDLE_APPLIED #13 seq=10 decision=2 fightersValid=1 boardValid=1
2026.09.30-11.33.49 MODE seq=10 mode=0 combat=0 pending=0
2026.09.30-11.33.49 HUD seq=10 phase=ACTION_MANEUVER turn=opp hand=7 oppHand=8(hidden) oppDeck=23~ deck=23~ discard=0
2026.09.30-11.33.49 ARTPREVIEW fighter=Medusa hero=1 eligible=0 visual=1 mesh=SK_Medusa_H2LD
2026.09.30-11.33.49 FIGHTERS synced n=6 alive=6 own=2 enemy=4
2026.09.30-11.33.49 WS seq=10 phase=ACTION_MANEUVER (apply)
2026.09.30-11.33.49 TAG fighter=f-0-hero bbox=(909,389,1011,411) mode=compact look=P1 placement=inset ring=0 hardPx2=0 softPx2=0 order=1 bound=1
2026.09.30-11.33.49 TAG fighter=f-0-sk0 bbox=(1075,385,1159,407) mode=compact look=P1 placement=above ring=0 hardPx2=0 softPx2=0 order=3 bound=1
2026.09.30-11.33.49 TAG fighter=f-0-sk1 bbox=(918,264,1002,286) mode=compact look=P1 placement=above ring=0 hardPx2=0 softPx2=0 order=0 bound=1
2026.09.30-11.33.49 TAG fighter=f-0-sk2 bbox=(761,385,845,407) mode=compact look=P1 placement=above ring=0 hardPx2=0 softPx2=0 order=2 bound=1
2026.09.30-11.33.49 TAG fighter=f-1-hero bbox=(909,646,1011,668) mode=compact look=P2 placement=below ring=0 hardPx2=0 softPx2=0 order=4 bound=1
2026.09.30-11.33.49 TAG fighter=f-1-sk0 bbox=(1080,507,1164,529) mode=compact look=P2 placement=above ring=0 hardPx2=0 softPx2=0 order=5 bound=1
2026.09.30-11.33.49 SNAPSHOT applied seq=11 phase=ACTION_MANEUVER
2026.09.30-11.33.49 HANDLE_APPLIED #14 seq=11 decision=2 fightersValid=1 boardValid=1
2026.09.30-11.33.49 MODE seq=11 mode=0 combat=0 pending=0
2026.09.30-11.33.49 HUD seq=11 phase=ACTION_MANEUVER turn=opp hand=7 oppHand=8(hidden) oppDeck=23~ deck=23~ discard=0
2026.09.30-11.33.49 ARTPREVIEW fighter=Medusa hero=1 eligible=0 visual=1 mesh=SK_Medusa_H2LD
2026.09.30-11.33.49 FIGHTERS synced n=6 alive=6 own=2 enemy=4
2026.09.30-11.33.49 WS seq=11 phase=ACTION_MANEUVER (apply)
2026.09.30-11.33.50 S09AUTO drive mode=0 plan=[defend+resolve] phase=ACTION_MANEUVER turn=cmukie55u0000wiao06h107t9
2026.09.30-11.33.51 SNAPSHOT applied seq=12 phase=ACTION_MANEUVER
2026.09.30-11.33.51 HANDLE_APPLIED #15 seq=12 decision=2 fightersValid=1 boardValid=1
2026.09.30-11.33.51 MODE seq=12 mode=0 combat=0 pending=0
2026.09.30-11.33.51 HUD seq=12 phase=ACTION_MANEUVER turn=opp hand=7 oppHand=9(hidden) oppDeck=23~ deck=23~ discard=0
2026.09.30-11.33.51 ARTPREVIEW fighter=Medusa hero=1 eligible=0 visual=1 mesh=SK_Medusa_H2LD
2026.09.30-11.33.51 FIGHTERS synced n=6 alive=6 own=2 enemy=4
2026.09.30-11.33.51 WS seq=12 phase=ACTION_MANEUVER (apply)
2026.09.30-11.33.51 SNAPSHOT applied seq=13 phase=TURN_END
2026.09.30-11.33.51 HANDLE_APPLIED #16 seq=13 decision=2 fightersValid=1 boardValid=1
2026.09.30-11.33.51 MODE seq=13 mode=0 combat=0 pending=0
2026.09.30-11.33.51 HUD seq=13 phase=TURN_END turn=opp hand=7 oppHand=9(hidden) oppDeck=23~ deck=23~ discard=0 pendingDiscard=2
2026.09.30-11.33.51 ARTPREVIEW fighter=Medusa hero=1 eligible=0 visual=1 mesh=SK_Medusa_H2LD
2026.09.30-11.33.51 FIGHTERS synced n=6 alive=6 own=2 enemy=4
2026.09.30-11.33.51 WS seq=13 phase=TURN_END (apply)
2026.09.30-11.33.51 TAG fighter=f-0-hero bbox=(909,389,1011,411) mode=compact look=P1 placement=inset ring=0 hardPx2=0 softPx2=0 order=1 bound=1
2026.09.30-11.33.51 TAG fighter=f-0-sk0 bbox=(1075,385,1159,407) mode=compact look=P1 placement=above ring=0 hardPx2=0 softPx2=0 order=3 bound=1
2026.09.30-11.33.51 TAG fighter=f-0-sk1 bbox=(918,264,1002,286) mode=compact look=P1 placement=above ring=0 hardPx2=0 softPx2=0 order=0 bound=1
2026.09.30-11.33.51 TAG fighter=f-0-sk2 bbox=(761,385,845,407) mode=compact look=P1 placement=above ring=0 hardPx2=0 softPx2=0 order=2 bound=1
2026.09.30-11.33.51 TAG fighter=f-1-hero bbox=(909,646,1011,668) mode=compact look=P2 placement=below ring=0 hardPx2=0 softPx2=0 order=4 bound=1
2026.09.30-11.33.51 TAG fighter=f-1-sk0 bbox=(1080,507,1164,529) mode=compact look=P2 placement=above ring=0 hardPx2=0 softPx2=0 order=5 bound=1
2026.09.30-11.33.51 PERF window t=15.0-20.1 frames=140 fps=27.94 frameMs avg=35.79 p50=33.33 p95=33.33 p99=151.09 max=223.09 hitches50=3 gpuMs avg=1.92 p50=1.88 p95=2.19 gameMs avg=5.14 p95=10.43 renderMs avg=3.81 p95=5.13
2026.09.30-11.33.52 game -> room=cmuo11ar100ubwiwwv3dxqwgm code=<redacted> status=IN_PROGRESS
2026.09.30-11.33.52 SNAPSHOT applied seq=14 phase=ACTION_MANEUVER
2026.09.30-11.33.52 HANDLE_APPLIED #17 seq=14 decision=2 fightersValid=1 boardValid=1
2026.09.30-11.33.52 MODE seq=14 mode=0 combat=0 pending=0
2026.09.30-11.33.52 HUD seq=14 phase=ACTION_MANEUVER turn=you hand=7 oppHand=7(hidden) oppDeck=23~ deck=23~ discard=0
2026.09.30-11.33.52 ARTPREVIEW fighter=Medusa hero=1 eligible=0 visual=1 mesh=SK_Medusa_H2LD
2026.09.30-11.33.52 FIGHTERS synced n=6 alive=6 own=2 enemy=4
2026.09.30-11.33.52 WS seq=14 phase=ACTION_MANEUVER (apply)
2026.09.30-11.33.52 S09AUTO own turn #1 (turnCount=4)
2026.09.30-11.33.52 TAG fighter=f-0-hero bbox=(909,389,1011,411) mode=compact look=P1 placement=inset ring=0 hardPx2=0 softPx2=0 order=1 bound=1
2026.09.30-11.33.52 TAG fighter=f-0-sk0 bbox=(1075,385,1159,407) mode=compact look=P1 placement=above ring=0 hardPx2=0 softPx2=0 order=3 bound=1
2026.09.30-11.33.52 TAG fighter=f-0-sk1 bbox=(918,264,1002,286) mode=compact look=P1 placement=above ring=0 hardPx2=0 softPx2=0 order=0 bound=1
2026.09.30-11.33.52 TAG fighter=f-0-sk2 bbox=(761,385,845,407) mode=compact look=P1 placement=above ring=0 hardPx2=0 softPx2=0 order=2 bound=1
2026.09.30-11.33.52 TAG fighter=f-1-hero bbox=(909,646,1011,668) mode=compact look=P2 placement=below ring=0 hardPx2=0 softPx2=0 order=4 bound=1
2026.09.30-11.33.52 TAG fighter=f-1-sk0 bbox=(1080,507,1164,529) mode=compact look=P2 placement=above ring=0 hardPx2=0 softPx2=0 order=5 bound=1
2026.09.30-11.33.52 SNAPSHOT applied seq=15 phase=ACTION_MANEUVER
2026.09.30-11.33.52 HANDLE_APPLIED #18 seq=15 decision=2 fightersValid=1 boardValid=1
2026.09.30-11.33.52 MANEUVER-DRAFT mode=maneuver:4:14
2026.09.30-11.33.52 DRAFT-OPEN draw committed (resume instead of begin)
2026.09.30-11.33.52 MODE seq=15 mode=1 combat=0 pending=0
2026.09.30-11.33.52 HUD seq=15 phase=ACTION_MANEUVER turn=you hand=8 oppHand=7(hidden) oppDeck=21 deck=22 discard=0
2026.09.30-11.33.52 ARTPREVIEW fighter=Medusa hero=1 eligible=0 visual=1 mesh=SK_Medusa_H2LD
2026.09.30-11.33.52 FIGHTERS synced n=6 alive=6 own=2 enemy=4
2026.09.30-11.33.52 MANEUVER begin seq=15 (apply) pending=maneuver:4:14
2026.09.30-11.33.52 SNAPSHOT applied seq=15 phase=ACTION_MANEUVER
2026.09.30-11.33.52 HANDLE_APPLIED #19 seq=15 decision=1 fightersValid=1 boardValid=1
2026.09.30-11.33.52 MODE seq=15 mode=1 combat=0 pending=0
2026.09.30-11.33.52 HUD seq=15 phase=ACTION_MANEUVER turn=you hand=8 oppHand=7(hidden) oppDeck=21 deck=22 discard=0
2026.09.30-11.33.52 ARTPREVIEW fighter=Medusa hero=1 eligible=0 visual=1 mesh=SK_Medusa_H2LD
2026.09.30-11.33.52 FIGHTERS synced n=6 alive=6 own=2 enemy=4
2026.09.30-11.33.52 WS seq=15 phase=ACTION_MANEUVER (merge)
2026.09.30-11.33.52 S09AUTO drive mode=1 plan=[defend+resolve] phase=ACTION_MANEUVER turn=cmukie57j0001wiaofr67k2vd
2026.09.30-11.33.52 S09AUTO zero-move confirm (draw only, no movement)
2026.09.30-11.33.52 MANEUVER-CONFIRM moves=0 boost=none
2026.09.30-11.33.52 TAG fighter=f-0-hero bbox=(909,389,1011,411) mode=compact look=P1 placement=inset ring=0 hardPx2=0 softPx2=0 order=1 bound=1
2026.09.30-11.33.52 TAG fighter=f-0-sk0 bbox=(1075,385,1159,407) mode=compact look=P1 placement=above ring=0 hardPx2=0 softPx2=0 order=3 bound=1
2026.09.30-11.33.52 TAG fighter=f-0-sk1 bbox=(918,264,1002,286) mode=compact look=P1 placement=above ring=0 hardPx2=0 softPx2=0 order=0 bound=1
2026.09.30-11.33.52 TAG fighter=f-0-sk2 bbox=(761,385,845,407) mode=compact look=P1 placement=above ring=0 hardPx2=0 softPx2=0 order=2 bound=1
2026.09.30-11.33.52 TAG fighter=f-1-hero bbox=(909,646,1011,668) mode=compact look=P2 placement=below ring=0 hardPx2=0 softPx2=0 order=4 bound=1
2026.09.30-11.33.52 TAG fighter=f-1-sk0 bbox=(1080,507,1164,529) mode=compact look=P2 placement=above ring=0 hardPx2=0 softPx2=0 order=5 bound=1
2026.09.30-11.33.52 SNAPSHOT applied seq=16 phase=ACTION_MANEUVER
2026.09.30-11.33.52 HANDLE_APPLIED #20 seq=16 decision=2 fightersValid=1 boardValid=1
2026.09.30-11.33.52 closed mode=
2026.09.30-11.33.52 MODE seq=16 mode=0 combat=0 pending=0
2026.09.30-11.33.52 HUD seq=16 phase=ACTION_MANEUVER turn=you hand=8 oppHand=7(hidden) oppDeck=21 deck=22 discard=0
2026.09.30-11.33.52 ARTPREVIEW fighter=Medusa hero=1 eligible=0 visual=1 mesh=SK_Medusa_H2LD
2026.09.30-11.33.52 FIGHTERS synced n=6 alive=6 own=2 enemy=4
2026.09.30-11.33.52 MANEUVER done seq=16 (apply) fighters=6 boost=no
2026.09.30-11.33.52 SNAPSHOT applied seq=16 phase=ACTION_MANEUVER
2026.09.30-11.33.52 HANDLE_APPLIED #21 seq=16 decision=1 fightersValid=1 boardValid=1
2026.09.30-11.33.52 MODE seq=16 mode=0 combat=0 pending=0
2026.09.30-11.33.52 HUD seq=16 phase=ACTION_MANEUVER turn=you hand=8 oppHand=7(hidden) oppDeck=21 deck=22 discard=0
2026.09.30-11.33.52 ARTPREVIEW fighter=Medusa hero=1 eligible=0 visual=1 mesh=SK_Medusa_H2LD
2026.09.30-11.33.52 FIGHTERS synced n=6 alive=6 own=2 enemy=4
2026.09.30-11.33.52 WS seq=16 phase=ACTION_MANEUVER (merge)
2026.09.30-11.33.52 TAG fighter=f-0-hero bbox=(909,389,1011,411) mode=compact look=P1 placement=inset ring=0 hardPx2=0 softPx2=0 order=1 bound=1
2026.09.30-11.33.52 TAG fighter=f-0-sk0 bbox=(1075,385,1159,407) mode=compact look=P1 placement=above ring=0 hardPx2=0 softPx2=0 order=3 bound=1
2026.09.30-11.33.52 TAG fighter=f-0-sk1 bbox=(918,264,1002,286) mode=compact look=P1 placement=above ring=0 hardPx2=0 softPx2=0 order=0 bound=1
2026.09.30-11.33.52 TAG fighter=f-0-sk2 bbox=(761,385,845,407) mode=compact look=P1 placement=above ring=0 hardPx2=0 softPx2=0 order=2 bound=1
2026.09.30-11.33.52 TAG fighter=f-1-hero bbox=(909,646,1011,668) mode=compact look=P2 placement=below ring=0 hardPx2=0 softPx2=0 order=4 bound=1
2026.09.30-11.33.52 TAG fighter=f-1-sk0 bbox=(1080,507,1164,529) mode=compact look=P2 placement=above ring=0 hardPx2=0 softPx2=0 order=5 bound=1
2026.09.30-11.33.53 S09AUTO drive mode=0 plan=[defend+resolve] phase=ACTION_MANEUVER turn=cmukie57j0001wiaofr67k2vd
2026.09.30-11.33.53 SNAPSHOT applied seq=17 phase=ACTION_MANEUVER
2026.09.30-11.33.53 HANDLE_APPLIED #22 seq=17 decision=2 fightersValid=1 boardValid=1
2026.09.30-11.33.53 MANEUVER-DRAFT mode=maneuver:4:16
2026.09.30-11.33.53 DRAFT-OPEN draw committed (resume instead of begin)
2026.09.30-11.33.53 MODE seq=17 mode=1 combat=0 pending=0
2026.09.30-11.33.53 HUD seq=17 phase=ACTION_MANEUVER turn=you hand=9 oppHand=7(hidden) oppDeck=21 deck=21 discard=0
2026.09.30-11.33.53 ARTPREVIEW fighter=Medusa hero=1 eligible=0 visual=1 mesh=SK_Medusa_H2LD
2026.09.30-11.33.53 FIGHTERS synced n=6 alive=6 own=2 enemy=4
2026.09.30-11.33.53 MANEUVER begin seq=17 (apply) pending=maneuver:4:16
2026.09.30-11.33.53 SNAPSHOT applied seq=17 phase=ACTION_MANEUVER
2026.09.30-11.33.53 HANDLE_APPLIED #23 seq=17 decision=1 fightersValid=1 boardValid=1
2026.09.30-11.33.53 MODE seq=17 mode=1 combat=0 pending=0
2026.09.30-11.33.53 HUD seq=17 phase=ACTION_MANEUVER turn=you hand=9 oppHand=7(hidden) oppDeck=21 deck=21 discard=0
2026.09.30-11.33.53 ARTPREVIEW fighter=Medusa hero=1 eligible=0 visual=1 mesh=SK_Medusa_H2LD
2026.09.30-11.33.53 FIGHTERS synced n=6 alive=6 own=2 enemy=4
2026.09.30-11.33.53 WS seq=17 phase=ACTION_MANEUVER (merge)
2026.09.30-11.33.53 S09AUTO drive mode=1 plan=[defend+resolve] phase=ACTION_MANEUVER turn=cmukie57j0001wiaofr67k2vd
2026.09.30-11.33.53 MANEUVER-CONFIRM moves=1 boost=none
2026.09.30-11.33.53 PLATE fighter=f-1-hero bbox=(695,826,867,880) overlapReachable=0 placement=below ring=22 gap=188 selection=f-1-hero destinations=7 clean=1 softPx2=0 tested=4784 bound=1
2026.09.30-11.33.53 TAG fighter=f-0-hero bbox=(909,389,1011,411) mode=compact look=P1 placement=inset ring=0 hardPx2=0 softPx2=0 order=1 bound=1
2026.09.30-11.33.53 TAG fighter=f-0-sk0 bbox=(1075,385,1159,407) mode=compact look=P1 placement=above ring=0 hardPx2=0 softPx2=0 order=3 bound=1
2026.09.30-11.33.53 TAG fighter=f-0-sk1 bbox=(918,264,1002,286) mode=compact look=P1 placement=above ring=0 hardPx2=0 softPx2=0 order=0 bound=1
2026.09.30-11.33.53 TAG fighter=f-0-sk2 bbox=(761,385,845,407) mode=compact look=P1 placement=above ring=0 hardPx2=0 softPx2=0 order=2 bound=1
2026.09.30-11.33.53 TAG fighter=f-1-sk0 bbox=(1080,507,1164,529) mode=compact look=P2 placement=above ring=0 hardPx2=0 softPx2=0 order=4 bound=1
2026.09.30-11.33.53 TAG fighter=f-0-hero bbox=(909,389,1011,411) mode=compact look=P1 placement=inset ring=0 hardPx2=0 softPx2=0 order=1 bound=1
2026.09.30-11.33.53 TAG fighter=f-0-sk0 bbox=(1075,385,1159,407) mode=compact look=P1 placement=above ring=0 hardPx2=0 softPx2=0 order=3 bound=1
2026.09.30-11.33.53 TAG fighter=f-0-sk1 bbox=(918,264,1002,286) mode=compact look=P1 placement=above ring=0 hardPx2=0 softPx2=0 order=0 bound=1
2026.09.30-11.33.53 TAG fighter=f-0-sk2 bbox=(761,385,845,407) mode=compact look=P1 placement=above ring=0 hardPx2=0 softPx2=0 order=2 bound=1
2026.09.30-11.33.53 TAG fighter=f-1-sk0 bbox=(1080,507,1164,529) mode=compact look=P2 placement=above ring=0 hardPx2=0 softPx2=0 order=4 bound=1
2026.09.30-11.33.53 SNAPSHOT applied seq=18 phase=TURN_END
2026.09.30-11.33.53 HANDLE_APPLIED #24 seq=18 decision=2 fightersValid=1 boardValid=1
2026.09.30-11.33.53 DISCARD-DRAFT count=2 pending=discard:4:18
2026.09.30-11.33.53 MODE seq=18 mode=2 combat=0 pending=0
2026.09.30-11.33.53 HUD seq=18 phase=TURN_END turn=you hand=9 oppHand=7(hidden) oppDeck=21 deck=21 discard=0 pendingDiscard=2
2026.09.30-11.33.53 ARTPREVIEW fighter=Medusa hero=1 eligible=0 visual=1 mesh=SK_Medusa_H2LD
2026.09.30-11.33.54 FIGHTERS synced n=6 alive=6 own=2 enemy=4
2026.09.30-11.33.54 CUE move f-1-hero (2,3)->(1,3) seq=18
2026.09.30-11.33.54 MANEUVER done seq=18 (apply) fighters=6 boost=no
2026.09.30-11.33.54 SNAPSHOT applied seq=18 phase=TURN_END
2026.09.30-11.33.54 HANDLE_APPLIED #25 seq=18 decision=1 fightersValid=1 boardValid=1
2026.09.30-11.33.54 MODE seq=18 mode=2 combat=0 pending=0
2026.09.30-11.33.54 HUD seq=18 phase=TURN_END turn=you hand=9 oppHand=7(hidden) oppDeck=21 deck=21 discard=0 pendingDiscard=2
2026.09.30-11.33.54 ARTPREVIEW fighter=Medusa hero=1 eligible=0 visual=1 mesh=SK_Medusa_H2LD
2026.09.30-11.33.54 FIGHTERS synced n=6 alive=6 own=2 enemy=4
2026.09.30-11.33.54 WS seq=18 phase=TURN_END (merge)
2026.09.30-11.33.54 PLATE hidden fighter=f-1-hero
2026.09.30-11.33.54 TAG fighter=f-0-hero bbox=(909,514,1011,536) mode=compact look=P1 placement=below ring=0 hardPx2=0 softPx2=0 order=1 bound=1
2026.09.30-11.33.54 TAG fighter=f-0-sk0 bbox=(1075,385,1159,407) mode=compact look=P1 placement=above ring=0 hardPx2=0 softPx2=0 order=3 bound=1
2026.09.30-11.33.54 TAG fighter=f-0-sk1 bbox=(918,264,1002,286) mode=compact look=P1 placement=above ring=0 hardPx2=0 softPx2=0 order=0 bound=1
2026.09.30-11.33.54 TAG fighter=f-0-sk2 bbox=(761,385,845,407) mode=compact look=P1 placement=above ring=0 hardPx2=0 softPx2=0 order=2 bound=1
2026.09.30-11.33.54 TAG fighter=f-1-hero bbox=(643,513,745,535) mode=compact look=P2 placement=left ring=0 hardPx2=0 softPx2=0 order=4 bound=1
2026.09.30-11.33.54 TAG fighter=f-1-sk0 bbox=(1080,507,1164,529) mode=compact look=P2 placement=above ring=0 hardPx2=0 softPx2=0 order=5 bound=1
2026.09.30-11.33.54 TAG fighter=f-0-hero bbox=(909,514,1011,536) mode=compact look=P1 placement=below ring=0 hardPx2=0 softPx2=0 order=1 bound=1
2026.09.30-11.33.54 TAG fighter=f-0-sk0 bbox=(1075,385,1159,407) mode=compact look=P1 placement=above ring=0 hardPx2=0 softPx2=0 order=3 bound=1
2026.09.30-11.33.54 TAG fighter=f-0-sk1 bbox=(918,264,1002,286) mode=compact look=P1 placement=above ring=0 hardPx2=0 softPx2=0 order=0 bound=1
2026.09.30-11.33.54 TAG fighter=f-0-sk2 bbox=(761,385,845,407) mode=compact look=P1 placement=above ring=0 hardPx2=0 softPx2=0 order=2 bound=1
2026.09.30-11.33.54 TAG fighter=f-1-hero bbox=(643,513,745,535) mode=compact look=P2 placement=left ring=0 hardPx2=0 softPx2=0 order=4 bound=1
2026.09.30-11.33.54 TAG fighter=f-1-sk0 bbox=(1080,507,1164,529) mode=compact look=P2 placement=above ring=0 hardPx2=0 softPx2=0 order=5 bound=1
2026.09.30-11.33.55 SHOT ctx viewport=1920x1080 viewTarget=CameraActor_2147482348 cam=(0,1107,1582) rot=(-55,-90,0)
2026.09.30-11.33.55 RENDER tag=SHOT rhi=D3D12 featureLevel=SM6 shaderPlatform=PCD3D_SM6 lumenPlatform=1 gi=lumen giMethod=1 refl=lumen reflMethod=1 shadows=csm vsmEnable=0 sg.res=100 sg.view=2 sg.aa=2 sg.shadow=2 sg.gi=2 sg.refl=2 sg.pp=2 sg.tex=2 sg.fx=2 sg.foliage=2 sg.shading=2 sg.landscape=2 preset=High screenPct=100.0 screenPctMode=0 aa=TSR aaMethod=4 exposure=fixed-histogram expMin=4.14106 expMax=4.14106 expBias=0.000 ev100=2.05 lightUnits=candelas sky=1 skyIntensity=11.200 keyShadow=csm-3000uu-2c-contact0.000 shadowCasters=1 profile=cobble-probe profilesSha256=1ecc1e9281845655acf8b31f1dcf52a7510abfc8ba8505525ad72ee8f4ce3c4c profilesSource=pak legacyRender=0 gameLayer=unlit-eyeadaptinv tMaxFPS=30.0 vsync=0 frameRateLimit=60.0 substrate=0 nanite=1 meshDF=1 viewport=1920x1080 reference=1
2026.09.30-11.33.55 SHOT fighter f-0-hero pos=(2,2) world=(0,-50,0) screen=(960,476) projected=1 alive=1
2026.09.30-11.33.55 SHOT fighter f-0-sk0 pos=(3,2) world=(100,-50,0) screen=(1115,476) projected=1 alive=1
2026.09.30-11.33.55 SHOT fighter f-0-sk1 pos=(2,1) world=(0,-150,0) screen=(960,355) projected=1 alive=1
2026.09.30-11.33.55 SHOT fighter f-0-sk2 pos=(1,2) world=(-100,-50,0) screen=(805,476) projected=1 alive=1
2026.09.30-11.33.55 SHOT fighter f-1-hero pos=(1,3) world=(-100,50,0) screen=(800,606) projected=1 alive=1
2026.09.30-11.33.55 SHOT fighter f-1-sk0 pos=(3,3) world=(100,50,0) screen=(1120,606) projected=1 alive=1
2026.09.30-11.33.55 SHOT camera dist=1930.8 target=1930.8 overview=1930.8 errPct=0.000 focusErr=0.00 settled=1 zoom=1.00
2026.09.30-11.33.55 SHOT head fighter=f-0-hero socket=Head mesh=SK_Medusa_H2LD world=(-0.2,-48.7,47.1) screen=(959.7,433.9) top=(959.7,428.2) bottom=(959.7,439.6) headPx=11.5 projected=1
2026.09.30-11.33.55 SHOT head fighter=f-0-sk0 socket=Head mesh=SK_Harpy_H3LD world=(99.7,-44.8,34.0) screen=(1117.4,451.4) top=(1117.8,445.7) bottom=(1117.0,457.0) headPx=11.3 projected=1
2026.09.30-11.33.55 SHOT head fighter=f-0-sk1 socket=Head mesh=SK_Harpy_H3LD world=(0.1,-144.6,34.0) screen=(960.1,328.5) top=(960.1,322.7) bottom=(960.1,334.3) headPx=11.6 projected=1
2026.09.30-11.33.55 SHOT head fighter=f-0-sk2 socket=Head mesh=SK_Harpy_H3LD world=(-100.4,-45.1,34.3) screen=(801.4,450.6) top=(801.0,445.0) bottom=(801.8,456.3) headPx=11.4 projected=1
2026.09.30-11.33.55 SHOT head fighter=f-1-hero socket=Head mesh=SK_KingArthur_H2LD world=(-100.5,49.8,50.0) screen=(795.5,559.8) top=(795.1,554.3) bottom=(796.0,565.4) headPx=11.2 projected=1
2026.09.30-11.33.55 SHOT head fighter=f-1-sk0 socket=Head mesh=SK_Merlin_H2LD world=(100.3,46.9,36.5) screen=(1123.0,568.4) top=(1123.5,562.9) bottom=(1122.6,573.9) headPx=11.1 projected=1
2026.09.30-11.33.55 SHOT figure fighter=f-0-hero bbox=(914,389,1006,512) ringR=28.50 art=1 blockout=0 team=P1 look=P1 ring=1
2026.09.30-11.33.55 SHOT figure fighter=f-0-sk0 bbox=(1080,409,1155,504) ringR=22.23 art=1 blockout=0 team=P1 look=P1 ring=1
2026.09.30-11.33.55 SHOT figure fighter=f-0-sk1 bbox=(926,288,994,381) ringR=22.23 art=1 blockout=0 team=P1 look=P1 ring=1
2026.09.30-11.33.55 SHOT figure fighter=f-0-sk2 bbox=(765,409,840,504) ringR=22.23 art=1 blockout=0 team=P1 look=P1 ring=1
2026.09.30-11.33.55 SHOT figure fighter=f-1-hero bbox=(747,513,847,644) ringR=28.50 art=1 blockout=0 team=P2 look=P2 ring=1
2026.09.30-11.33.55 SHOT figure fighter=f-1-sk0 bbox=(1084,531,1161,635) ringR=22.23 art=1 blockout=0 team=P2 look=P2 ring=1
2026.09.30-11.33.55 SHOT request file=s09-discard-open.png frame=704
2026.09.30-11.33.55 SHOT requested: FScreenshotRequest(bShowUI) -> C:\Users\ren\AppData\Local\Temp\s09-combat-20260930-163323-20236\joiner/s09-discard-open.png
2026.09.30-11.33.55 SHOT captured file=s09-discard-open.png frame=704 px=1920x1080 sha256=69c5d8358aaa1e8e4e3aee8b3bb123a60d558f6568eaac145d44cec7efdf4609 order=BGRA saved=1
2026.09.30-11.33.55 SHOT late begin file=s09-discard-open.png frame=704 requestFrame=704
2026.09.30-11.33.55 SHOT iconstate visible=0 lastFighter=none frame=704
2026.09.30-11.33.55 SHOT widget id=board.tag impl=umg state=compact fighter=f-0-hero bbox=(909,514,1011,536) geom=painted visible=1 twin=0 source=/Game/S08/UI/ArtHud/WBP_S08ArtTag mode=compact look=P1 shape=circle placement=below ring=0 order=1 bound=1 softPx2=0 planned=(909,514,1011,536) frame=704
2026.09.30-11.33.55 SHOT widget id=board.tag.hp impl=umg state=compact fighter=f-0-hero bbox=(965,516,1007,534) geom=painted visible=1 twin=0 source=/Game/S08/UI/ArtHud/WBP_S08ArtTag mode=compact look=P1 shape=circle placement=below ring=0 order=1 bound=1 softPx2=0 planned=(909,514,1011,536) frame=704 font=11
2026.09.30-11.33.55 SHOT widget id=board.tag.bar impl=umg state=compact fighter=f-0-hero bbox=(928,523,962,528) geom=painted visible=1 twin=0 source=/Game/S08/UI/ArtHud/WBP_S08ArtTag mode=compact look=P1 shape=circle placement=below ring=0 order=1 bound=1 softPx2=0 planned=(909,514,1011,536) frame=704
2026.09.30-11.33.55 SHOT widget id=board.tag.chip impl=umg state=compact fighter=f-0-hero bbox=(913,519,925,531) geom=painted visible=1 twin=0 source=/Game/S08/UI/ArtHud/WBP_S08ArtTag mode=compact look=P1 shape=circle placement=below ring=0 order=1 bound=1 softPx2=0 planned=(909,514,1011,536) frame=704
2026.09.30-11.33.55 SHOT widget id=board.tag impl=umg state=compact fighter=f-0-sk0 bbox=(1075,385,1159,407) geom=painted visible=1 twin=0 source=/Game/S08/UI/ArtHud/WBP_S08ArtTag mode=compact look=P1 shape=circle placement=above ring=0 order=3 bound=1 softPx2=0 planned=(1075,385,1159,407) frame=704
2026.09.30-11.33.55 SHOT widget id=board.tag.hp impl=umg state=compact fighter=f-0-sk0 bbox=(1131,387,1155,405) geom=painted visible=1 twin=0 source=/Game/S08/UI/ArtHud/WBP_S08ArtTag mode=compact look=P1 shape=circle placement=above ring=0 order=3 bound=1 softPx2=0 planned=(1075,385,1159,407) frame=704 font=11
2026.09.30-11.33.55 SHOT widget id=board.tag.bar impl=umg state=compact fighter=f-0-sk0 bbox=(1094,394,1128,399) geom=painted visible=1 twin=0 source=/Game/S08/UI/ArtHud/WBP_S08ArtTag mode=compact look=P1 shape=circle placement=above ring=0 order=3 bound=1 softPx2=0 planned=(1075,385,1159,407) frame=704
2026.09.30-11.33.55 SHOT widget id=board.tag.chip impl=umg state=compact fighter=f-0-sk0 bbox=(1079,390,1091,402) geom=painted visible=1 twin=0 source=/Game/S08/UI/ArtHud/WBP_S08ArtTag mode=compact look=P1 shape=circle placement=above ring=0 order=3 bound=1 softPx2=0 planned=(1075,385,1159,407) frame=704
2026.09.30-11.33.55 SHOT widget id=board.tag impl=umg state=compact fighter=f-0-sk1 bbox=(918,264,1002,286) geom=painted visible=1 twin=0 source=/Game/S08/UI/ArtHud/WBP_S08ArtTag mode=compact look=P1 shape=circle placement=above ring=0 order=0 bound=1 softPx2=0 planned=(918,264,1002,286) frame=704
2026.09.30-11.33.55 SHOT widget id=board.tag.hp impl=umg state=compact fighter=f-0-sk1 bbox=(974,266,998,284) geom=painted visible=1 twin=0 source=/Game/S08/UI/ArtHud/WBP_S08ArtTag mode=compact look=P1 shape=circle placement=above ring=0 order=0 bound=1 softPx2=0 planned=(918,264,1002,286) frame=704 font=11
2026.09.30-11.33.55 SHOT widget id=board.tag.bar impl=umg state=compact fighter=f-0-sk1 bbox=(937,273,971,278) geom=painted visible=1 twin=0 source=/Game/S08/UI/ArtHud/WBP_S08ArtTag mode=compact look=P1 shape=circle placement=above ring=0 order=0 bound=1 softPx2=0 planned=(918,264,1002,286) frame=704
2026.09.30-11.33.55 SHOT widget id=board.tag.chip impl=umg state=compact fighter=f-0-sk1 bbox=(922,269,934,281) geom=painted visible=1 twin=0 source=/Game/S08/UI/ArtHud/WBP_S08ArtTag mode=compact look=P1 shape=circle placement=above ring=0 order=0 bound=1 softPx2=0 planned=(918,264,1002,286) frame=704
2026.09.30-11.33.55 SHOT widget id=board.tag impl=umg state=compact fighter=f-0-sk2 bbox=(761,385,845,407) geom=painted visible=1 twin=0 source=/Game/S08/UI/ArtHud/WBP_S08ArtTag mode=compact look=P1 shape=circle placement=above ring=0 order=2 bound=1 softPx2=0 planned=(761,385,845,407) frame=704
2026.09.30-11.33.55 SHOT widget id=board.tag.hp impl=umg state=compact fighter=f-0-sk2 bbox=(817,387,841,405) geom=painted visible=1 twin=0 source=/Game/S08/UI/ArtHud/WBP_S08ArtTag mode=compact look=P1 shape=circle placement=above ring=0 order=2 bound=1 softPx2=0 planned=(761,385,845,407) frame=704 font=11
2026.09.30-11.33.55 SHOT widget id=board.tag.bar impl=umg state=compact fighter=f-0-sk2 bbox=(780,394,814,399) geom=painted visible=1 twin=0 source=/Game/S08/UI/ArtHud/WBP_S08ArtTag mode=compact look=P1 shape=circle placement=above ring=0 order=2 bound=1 softPx2=0 planned=(761,385,845,407) frame=704
2026.09.30-11.33.55 SHOT widget id=board.tag.chip impl=umg state=compact fighter=f-0-sk2 bbox=(765,390,777,402) geom=painted visible=1 twin=0 source=/Game/S08/UI/ArtHud/WBP_S08ArtTag mode=compact look=P1 shape=circle placement=above ring=0 order=2 bound=1 softPx2=0 planned=(761,385,845,407) frame=704
2026.09.30-11.33.55 SHOT widget id=board.tag impl=umg state=compact fighter=f-1-hero bbox=(643,513,745,535) geom=painted visible=1 twin=0 source=/Game/S08/UI/ArtHud/WBP_S08ArtTag mode=compact look=P2 shape=hex placement=left ring=0 order=4 bound=1 softPx2=0 planned=(643,513,745,535) frame=704
2026.09.30-11.33.55 SHOT widget id=board.tag.hp impl=umg state=compact fighter=f-1-hero bbox=(699,515,741,533) geom=painted visible=1 twin=0 source=/Game/S08/UI/ArtHud/WBP_S08ArtTag mode=compact look=P2 shape=hex placement=left ring=0 order=4 bound=1 softPx2=0 planned=(643,513,745,535) frame=704 font=11
2026.09.30-11.33.55 SHOT widget id=board.tag.bar impl=umg state=compact fighter=f-1-hero bbox=(662,522,696,527) geom=painted visible=1 twin=0 source=/Game/S08/UI/ArtHud/WBP_S08ArtTag mode=compact look=P2 shape=hex placement=left ring=0 order=4 bound=1 softPx2=0 planned=(643,513,745,535) frame=704
2026.09.30-11.33.55 SHOT widget id=board.tag.chip impl=umg state=compact fighter=f-1-hero bbox=(647,518,659,530) geom=painted visible=1 twin=0 source=/Game/S08/UI/ArtHud/WBP_S08ArtTag mode=compact look=P2 shape=hex placement=left ring=0 order=4 bound=1 softPx2=0 planned=(643,513,745,535) frame=704
2026.09.30-11.33.55 SHOT widget id=board.tag impl=umg state=compact fighter=f-1-sk0 bbox=(1080,507,1164,529) geom=painted visible=1 twin=0 source=/Game/S08/UI/ArtHud/WBP_S08ArtTag mode=compact look=P2 shape=hex placement=above ring=0 order=5 bound=1 softPx2=0 planned=(1080,507,1164,529) frame=704
2026.09.30-11.33.55 SHOT widget id=board.tag.hp impl=umg state=compact fighter=f-1-sk0 bbox=(1136,509,1160,527) geom=painted visible=1 twin=0 source=/Game/S08/UI/ArtHud/WBP_S08ArtTag mode=compact look=P2 shape=hex placement=above ring=0 order=5 bound=1 softPx2=0 planned=(1080,507,1164,529) frame=704 font=11
2026.09.30-11.33.55 SHOT widget id=board.tag.bar impl=umg state=compact fighter=f-1-sk0 bbox=(1099,516,1133,521) geom=painted visible=1 twin=0 source=/Game/S08/UI/ArtHud/WBP_S08ArtTag mode=compact look=P2 shape=hex placement=above ring=0 order=5 bound=1 softPx2=0 planned=(1080,507,1164,529) frame=704
2026.09.30-11.33.55 SHOT widget id=board.tag.chip impl=umg state=compact fighter=f-1-sk0 bbox=(1084,512,1096,524) geom=painted visible=1 twin=0 source=/Game/S08/UI/ArtHud/WBP_S08ArtTag mode=compact look=P2 shape=hex placement=above ring=0 order=5 bound=1 softPx2=0 planned=(1080,507,1164,529) frame=704
2026.09.30-11.33.55 SHOT panel id=hud.command bbox=(0,0,507,160) geom=painted visible=1 frame=704
2026.09.30-11.33.55 SHOT panel id=hud.side bbox=(1501,0,1920,121) geom=painted visible=1 frame=704
2026.09.30-11.33.55 SHOT panel id=hud.hand bbox=(80,985,1840,1080) geom=painted visible=1 frame=704
2026.09.30-11.33.55 SHOT late end file=s09-discard-open.png frame=704
2026.09.30-11.33.55 S09AUTO drive mode=2 plan=[defend+resolve] phase=TURN_END turn=cmukie57j0001wiaofr67k2vd
2026.09.30-11.33.55 S09AUTO discard picks=2
2026.09.30-11.33.55 DISCARD-CONFIRM pending=discard:4:18 count=2 ids=cmuhgvgi300oswi9gm8lj3wbw::1,cmuhgvgi800p4wi9greokvfle::1
2026.09.30-11.33.55 TAG fighter=f-0-hero bbox=(909,514,1011,536) mode=compact look=P1 placement=below ring=0 hardPx2=0 softPx2=0 order=1 bound=1
2026.09.30-11.33.55 TAG fighter=f-0-sk0 bbox=(1075,385,1159,407) mode=compact look=P1 placement=above ring=0 hardPx2=0 softPx2=0 order=3 bound=1
2026.09.30-11.33.55 TAG fighter=f-0-sk1 bbox=(918,264,1002,286) mode=compact look=P1 placement=above ring=0 hardPx2=0 softPx2=0 order=0 bound=1
2026.09.30-11.33.55 TAG fighter=f-0-sk2 bbox=(761,385,845,407) mode=compact look=P1 placement=above ring=0 hardPx2=0 softPx2=0 order=2 bound=1
2026.09.30-11.33.55 TAG fighter=f-1-hero bbox=(643,513,745,535) mode=compact look=P2 placement=left ring=0 hardPx2=0 softPx2=0 order=4 bound=1
2026.09.30-11.33.55 TAG fighter=f-1-sk0 bbox=(1080,507,1164,529) mode=compact look=P2 placement=above ring=0 hardPx2=0 softPx2=0 order=5 bound=1
2026.09.30-11.33.55 SNAPSHOT applied seq=19 phase=ACTION_MANEUVER
2026.09.30-11.33.55 HANDLE_APPLIED #26 seq=19 decision=2 fightersValid=1 boardValid=1
2026.09.30-11.33.55 closed mode=
2026.09.30-11.33.55 MODE seq=19 mode=0 combat=0 pending=0
2026.09.30-11.33.55 HUD seq=19 phase=ACTION_MANEUVER turn=opp hand=7 oppHand=7(hidden) oppDeck=21 deck=21 discard=2
2026.09.30-11.33.55 ARTPREVIEW fighter=Medusa hero=1 eligible=0 visual=1 mesh=SK_Medusa_H2LD
2026.09.30-11.33.55 FIGHTERS synced n=6 alive=6 own=2 enemy=4
2026.09.30-11.33.55 DISCARD done seq=19 phase=ACTION_MANEUVER count=2
2026.09.30-11.33.55 SNAPSHOT applied seq=19 phase=ACTION_MANEUVER
2026.09.30-11.33.55 HANDLE_APPLIED #27 seq=19 decision=1 fightersValid=1 boardValid=1
2026.09.30-11.33.55 MODE seq=19 mode=0 combat=0 pending=0
2026.09.30-11.33.55 HUD seq=19 phase=ACTION_MANEUVER turn=opp hand=7 oppHand=7(hidden) oppDeck=21 deck=21 discard=2
2026.09.30-11.33.55 ARTPREVIEW fighter=Medusa hero=1 eligible=0 visual=1 mesh=SK_Medusa_H2LD
2026.09.30-11.33.55 FIGHTERS synced n=6 alive=6 own=2 enemy=4
2026.09.30-11.33.55 WS seq=19 phase=ACTION_MANEUVER (merge)
2026.09.30-11.33.55 TAG fighter=f-0-hero bbox=(909,514,1011,536) mode=compact look=P1 placement=below ring=0 hardPx2=0 softPx2=0 order=1 bound=1
2026.09.30-11.33.55 TAG fighter=f-0-sk0 bbox=(1075,385,1159,407) mode=compact look=P1 placement=above ring=0 hardPx2=0 softPx2=0 order=3 bound=1
2026.09.30-11.33.55 TAG fighter=f-0-sk1 bbox=(918,264,1002,286) mode=compact look=P1 placement=above ring=0 hardPx2=0 softPx2=0 order=0 bound=1
2026.09.30-11.33.55 TAG fighter=f-0-sk2 bbox=(761,385,845,407) mode=compact look=P1 placement=above ring=0 hardPx2=0 softPx2=0 order=2 bound=1
2026.09.30-11.33.55 TAG fighter=f-1-hero bbox=(643,513,745,535) mode=compact look=P2 placement=left ring=0 hardPx2=0 softPx2=0 order=4 bound=1
2026.09.30-11.33.55 TAG fighter=f-1-sk0 bbox=(1080,507,1164,529) mode=compact look=P2 placement=above ring=0 hardPx2=0 softPx2=0 order=5 bound=1
2026.09.30-11.33.55 SNAPSHOT applied seq=20 phase=ACTION_MANEUVER
2026.09.30-11.33.55 HANDLE_APPLIED #28 seq=20 decision=2 fightersValid=1 boardValid=1
2026.09.30-11.33.55 MODE seq=20 mode=0 combat=0 pending=0
2026.09.30-11.33.55 HUD seq=20 phase=ACTION_MANEUVER turn=opp hand=7 oppHand=8(hidden) oppDeck=21~ deck=21~ discard=2
2026.09.30-11.33.55 ARTPREVIEW fighter=Medusa hero=1 eligible=0 visual=1 mesh=SK_Medusa_H2LD
2026.09.30-11.33.55 FIGHTERS synced n=6 alive=6 own=2 enemy=4
2026.09.30-11.33.55 WS seq=20 phase=ACTION_MANEUVER (apply)
2026.09.30-11.33.55 game -> room=cmuo11ar100ubwiwwv3dxqwgm code=<redacted> status=IN_PROGRESS
2026.09.30-11.33.55 SNAPSHOT applied seq=21 phase=ACTION_MANEUVER
2026.09.30-11.33.55 HANDLE_APPLIED #29 seq=21 decision=2 fightersValid=1 boardValid=1
2026.09.30-11.33.55 MODE seq=21 mode=0 combat=0 pending=0
2026.09.30-11.33.55 HUD seq=21 phase=ACTION_MANEUVER turn=opp hand=7 oppHand=8(hidden) oppDeck=21~ deck=21~ discard=2
2026.09.30-11.33.55 ARTPREVIEW heroesV2 fighter=f-0-hero mesh=/Game/PipelineCandidates/Medusa/H2LD/Meshes/SK_Medusa_H2LD mi=/Game/PipelineCandidates/Medusa/H2LD/Materials/MI_Medusa_H2LD_P1 yaw=270.0 scale=0.9998 name=Medusa hero=1 look=P1 base=/Game/PipelineCandidates/Medusa/H2LD/Meshes/SM_Medusa_H2LD_Base baseMi=/Game/PipelineCandidates/Medusa/H2LD/Materials/MI_Medusa_H2LD_Base_P1 skeleton=/Game/PipelineCandidates/Medusa/Rig/SK_Medusa_Skeleton.SK_Medusa_Skeleton clips=4/4 boundsTop=55.00 figureTop=55.00 budget=55.0
2026.09.30-11.33.55 ARTPREVIEW fighter=Medusa hero=1 eligible=0 visual=1 mesh=SK_Medusa_H2LD
2026.09.30-11.33.55 FIGHTERS synced n=6 alive=6 own=2 enemy=4
2026.09.30-11.33.55 CUE move f-0-hero (2,2)->(2,3) seq=21
2026.09.30-11.33.55 CUE move f-0-sk0 (3,2)->(4,2) seq=21
2026.09.30-11.33.55 WS seq=21 phase=ACTION_MANEUVER (apply)
2026.09.30-11.33.55 TAG fighter=f-0-hero bbox=(909,493,1011,515) mode=compact look=P1 placement=above ring=0 hardPx2=0 softPx2=0 order=4 bound=1
2026.09.30-11.33.55 TAG fighter=f-0-sk0 bbox=(1232,385,1316,407) mode=compact look=P1 placement=above ring=0 hardPx2=0 softPx2=0 order=2 bound=1
2026.09.30-11.33.55 TAG fighter=f-0-sk1 bbox=(918,264,1002,286) mode=compact look=P1 placement=above ring=0 hardPx2=0 softPx2=0 order=0 bound=1
2026.09.30-11.33.55 TAG fighter=f-0-sk2 bbox=(761,385,845,407) mode=compact look=P1 placement=above ring=0 hardPx2=0 softPx2=0 order=1 bound=1
2026.09.30-11.33.55 TAG fighter=f-1-hero bbox=(643,513,745,535) mode=compact look=P2 placement=left ring=0 hardPx2=0 softPx2=0 order=3 bound=1
2026.09.30-11.33.55 TAG fighter=f-1-sk0 bbox=(1080,507,1164,529) mode=compact look=P2 placement=above ring=0 hardPx2=0 softPx2=0 order=5 bound=1
2026.09.30-11.33.56 PERF window t=20.1-25.1 frames=147 fps=29.26 frameMs avg=34.18 p50=33.33 p95=33.33 p99=33.34 max=158.04 hitches50=1 gpuMs avg=1.93 p50=1.90 p95=2.15 gameMs avg=3.00 p95=8.34 renderMs avg=3.07 p95=3.94
2026.09.30-11.33.56 S09AUTO drive mode=0 plan=[defend+resolve] phase=ACTION_MANEUVER turn=cmukie55u0000wiao06h107t9
2026.09.30-11.33.56 SNAPSHOT applied seq=22 phase=COMBAT
2026.09.30-11.33.56 HANDLE_APPLIED #30 seq=22 decision=2 fightersValid=1 boardValid=1
2026.09.30-11.33.56 closed mode=
2026.09.30-11.33.56 MODE seq=22 mode=4 combat=1 pending=0
2026.09.30-11.33.56 HUD seq=22 phase=COMBAT turn=opp hand=7 oppHand=7(hidden) oppDeck=21~ deck=21~ discard=2
2026.09.30-11.33.56 ARTPREVIEW combat marker fighter=Medusa attacker=1 target=0 icon=0 targetMesh=SM_Marker_TargetRing iconMode=screen
2026.09.30-11.33.56 ARTPREVIEW combat marker fighter=King Arthur attacker=0 target=1 icon=1 targetMesh=SM_Marker_TargetRing iconMode=screen
2026.09.30-11.33.56 ARTPREVIEW fighter=Medusa hero=1 eligible=0 visual=1 mesh=SK_Medusa_H2LD
2026.09.30-11.33.56 FIGHTERS synced n=6 alive=6 own=2 enemy=4
2026.09.30-11.33.56 WS seq=22 phase=COMBAT (apply)
2026.09.30-11.33.56 S09AUTO drive mode=4 plan=[defend+resolve] phase=COMBAT turn=cmukie55u0000wiao06h107t9
2026.09.30-11.33.56 S09AUTO defense-window shot
2026.09.30-11.33.56 SHOT ctx viewport=1920x1080 viewTarget=CameraActor_2147482348 cam=(0,1107,1582) rot=(-55,-90,0)
2026.09.30-11.33.56 RENDER tag=SHOT rhi=D3D12 featureLevel=SM6 shaderPlatform=PCD3D_SM6 lumenPlatform=1 gi=lumen giMethod=1 refl=lumen reflMethod=1 shadows=csm vsmEnable=0 sg.res=100 sg.view=2 sg.aa=2 sg.shadow=2 sg.gi=2 sg.refl=2 sg.pp=2 sg.tex=2 sg.fx=2 sg.foliage=2 sg.shading=2 sg.landscape=2 preset=High screenPct=100.0 screenPctMode=0 aa=TSR aaMethod=4 exposure=fixed-histogram expMin=4.14106 expMax=4.14106 expBias=0.000 ev100=2.05 lightUnits=candelas sky=1 skyIntensity=11.200 keyShadow=csm-3000uu-2c-contact0.000 shadowCasters=1 profile=cobble-probe profilesSha256=1ecc1e9281845655acf8b31f1dcf52a7510abfc8ba8505525ad72ee8f4ce3c4c profilesSource=pak legacyRender=0 gameLayer=unlit-eyeadaptinv tMaxFPS=30.0 vsync=0 frameRateLimit=60.0 substrate=0 nanite=1 meshDF=1 viewport=1920x1080 reference=1
2026.09.30-11.33.56 SHOT fighter f-0-hero pos=(2,3) world=(0,50,0) screen=(960,606) projected=1 alive=1
2026.09.30-11.33.56 SHOT fighter f-0-sk0 pos=(4,2) world=(200,-50,0) screen=(1271,476) projected=1 alive=1
2026.09.30-11.33.56 SHOT fighter f-0-sk1 pos=(2,1) world=(0,-150,0) screen=(960,355) projected=1 alive=1
2026.09.30-11.33.56 SHOT fighter f-0-sk2 pos=(1,2) world=(-100,-50,0) screen=(805,476) projected=1 alive=1
2026.09.30-11.33.56 SHOT fighter f-1-hero pos=(1,3) world=(-100,50,0) screen=(800,606) projected=1 alive=1
2026.09.30-11.33.56 SHOT fighter f-1-sk0 pos=(3,3) world=(100,50,0) screen=(1120,606) projected=1 alive=1
2026.09.30-11.33.56 SHOT camera dist=1930.8 target=1930.8 overview=1930.8 errPct=0.000 focusErr=0.00 settled=1 zoom=1.00
2026.09.30-11.33.56 SHOT head fighter=f-0-hero socket=Head mesh=SK_Medusa_H2LD world=(-0.7,49.0,47.0) screen=(958.8,561.5) top=(958.8,555.9) bottom=(958.8,567.0) headPx=11.1 projected=1
2026.09.30-11.33.56 SHOT head fighter=f-0-sk0 socket=Head mesh=SK_Harpy_H3LD world=(199.3,-44.7,34.0) screen=(1274.7,451.4) top=(1275.5,445.8) bottom=(1273.9,457.1) headPx=11.4 projected=1
2026.09.30-11.33.56 SHOT head fighter=f-0-sk1 socket=Head mesh=SK_Harpy_H3LD world=(-0.1,-144.7,33.9) screen=(959.8,328.4) top=(959.8,322.6) bottom=(959.8,334.2) headPx=11.6 projected=1
2026.09.30-11.33.56 SHOT head fighter=f-0-sk2 socket=Head mesh=SK_Harpy_H3LD world=(-100.1,-44.8,34.2) screen=(802.0,451.0) top=(801.6,445.4) bottom=(802.4,456.7) headPx=11.3 projected=1
2026.09.30-11.33.56 SHOT head fighter=f-1-hero socket=Head mesh=SK_KingArthur_H2LD world=(-100.0,49.0,50.1) screen=(796.4,558.6) top=(796.0,553.1) bottom=(796.9,564.2) headPx=11.2 projected=1
2026.09.30-11.33.56 SHOT head fighter=f-1-sk0 socket=Head mesh=SK_Merlin_H2LD world=(99.8,46.9,36.5) screen=(1122.1,568.5) top=(1122.6,562.9) bottom=(1121.7,574.0) headPx=11.1 projected=1
2026.09.30-11.33.56 SHOT figure fighter=f-0-hero bbox=(913,517,1007,644) ringR=28.50 art=1 blockout=0 team=P1 look=P1 ring=1
2026.09.30-11.33.56 SHOT figure fighter=f-0-sk0 bbox=(1234,409,1314,504) ringR=22.23 art=1 blockout=0 team=P1 look=P1 ring=1
2026.09.30-11.33.56 SHOT figure fighter=f-0-sk1 bbox=(926,288,994,381) ringR=22.23 art=1 blockout=0 team=P1 look=P1 ring=1
2026.09.30-11.33.56 SHOT figure fighter=f-0-sk2 bbox=(765,409,840,504) ringR=22.23 art=1 blockout=0 team=P1 look=P1 ring=1
2026.09.30-11.33.56 SHOT figure fighter=f-1-hero bbox=(747,513,847,644) ringR=28.50 art=1 blockout=0 team=P2 look=P2 ring=1
2026.09.30-11.33.56 SHOT figure fighter=f-1-sk0 bbox=(1084,531,1161,635) ringR=22.23 art=1 blockout=0 team=P2 look=P2 ring=1
2026.09.30-11.33.56 SHOT request file=s09-combat-defense-open.png frame=750
2026.09.30-11.33.56 SHOT requested: FScreenshotRequest(bShowUI) -> C:\Users\ren\AppData\Local\Temp\s09-combat-20260930-163323-20236\joiner/s09-combat-defense-open.png
2026.09.30-11.33.56 TAG fighter=f-0-hero bbox=(909,493,1011,515) mode=compact look=P1 placement=above ring=0 hardPx2=0 softPx2=0 order=4 bound=1
2026.09.30-11.33.56 TAG fighter=f-0-sk0 bbox=(1232,385,1316,407) mode=compact look=P1 placement=above ring=0 hardPx2=0 softPx2=0 order=3 bound=1
2026.09.30-11.33.56 TAG fighter=f-0-sk1 bbox=(918,264,1002,286) mode=compact look=P1 placement=above ring=0 hardPx2=0 softPx2=0 order=1 bound=1
2026.09.30-11.33.56 TAG fighter=f-0-sk2 bbox=(761,385,845,407) mode=compact look=P1 placement=above ring=0 hardPx2=0 softPx2=0 order=2 bound=1
2026.09.30-11.33.56 TAG fighter=f-1-hero bbox=(643,513,745,535) mode=compact look=P2 placement=left ring=0 hardPx2=0 softPx2=0 order=0 bound=1
2026.09.30-11.33.56 TAG fighter=f-1-sk0 bbox=(1080,507,1164,529) mode=compact look=P2 placement=above ring=0 hardPx2=0 softPx2=0 order=5 bound=1
2026.09.30-11.33.56 ICON fighter=f-1-hero bbox=(850,543,882,575) size=32 src=combat anchor=right fallback=0 overlapPx2=0 texture=/Game/ArtTests/ARTMarkers/Textures/T_UI_Action_AttackToken_32
2026.09.30-11.33.56 SHOT captured file=s09-combat-defense-open.png frame=750 px=1920x1080 sha256=7d8a0f048fdd5af4d61b33e5603b0f02d3e1f6a0abeff6c79151cd94a9999a8b order=BGRA saved=1
2026.09.30-11.33.56 SHOT late begin file=s09-combat-defense-open.png frame=750 requestFrame=750
2026.09.30-11.33.56 SHOT icon fighter=f-1-hero bbox=(850,543,882,575) size=32 src=combat planned=(850,543,882,575) geom=painted visible=1 anchor=right fallback=0 overlapPx2=0 texture=/Game/ArtTests/ARTMarkers/Textures/T_UI_Action_AttackToken_32 frame=750
2026.09.30-11.33.56 SHOT widget id=icon impl=umg state=combat fighter=f-1-hero bbox=(850,543,882,575) geom=painted visible=1 twin=0 source=/Game/S08/UI/ArtHud/WBP_S08ArtIcon frame=750
2026.09.30-11.33.56 SHOT widget id=board.tag impl=umg state=compact fighter=f-0-hero bbox=(909,493,1011,515) geom=painted visible=1 twin=0 source=/Game/S08/UI/ArtHud/WBP_S08ArtTag mode=compact look=P1 shape=circle placement=above ring=0 order=4 bound=1 softPx2=0 planned=(909,493,1011,515) frame=750
2026.09.30-11.33.56 SHOT widget id=board.tag.hp impl=umg state=compact fighter=f-0-hero bbox=(965,495,1007,513) geom=painted visible=1 twin=0 source=/Game/S08/UI/ArtHud/WBP_S08ArtTag mode=compact look=P1 shape=circle placement=above ring=0 order=4 bound=1 softPx2=0 planned=(909,493,1011,515) frame=750 font=11
2026.09.30-11.33.56 SHOT widget id=board.tag.bar impl=umg state=compact fighter=f-0-hero bbox=(928,502,962,507) geom=painted visible=1 twin=0 source=/Game/S08/UI/ArtHud/WBP_S08ArtTag mode=compact look=P1 shape=circle placement=above ring=0 order=4 bound=1 softPx2=0 planned=(909,493,1011,515) frame=750
2026.09.30-11.33.56 SHOT widget id=board.tag.chip impl=umg state=compact fighter=f-0-hero bbox=(913,498,925,510) geom=painted visible=1 twin=0 source=/Game/S08/UI/ArtHud/WBP_S08ArtTag mode=compact look=P1 shape=circle placement=above ring=0 order=4 bound=1 softPx2=0 planned=(909,493,1011,515) frame=750
2026.09.30-11.33.56 SHOT widget id=board.tag impl=umg state=compact fighter=f-0-sk0 bbox=(1232,385,1316,407) geom=painted visible=1 twin=0 source=/Game/S08/UI/ArtHud/WBP_S08ArtTag mode=compact look=P1 shape=circle placement=above ring=0 order=3 bound=1 softPx2=0 planned=(1232,385,1316,407) frame=750
2026.09.30-11.33.56 SHOT widget id=board.tag.hp impl=umg state=compact fighter=f-0-sk0 bbox=(1288,387,1312,405) geom=painted visible=1 twin=0 source=/Game/S08/UI/ArtHud/WBP_S08ArtTag mode=compact look=P1 shape=circle placement=above ring=0 order=3 bound=1 softPx2=0 planned=(1232,385,1316,407) frame=750 font=11
2026.09.30-11.33.56 SHOT widget id=board.tag.bar impl=umg state=compact fighter=f-0-sk0 bbox=(1251,394,1285,399) geom=painted visible=1 twin=0 source=/Game/S08/UI/ArtHud/WBP_S08ArtTag mode=compact look=P1 shape=circle placement=above ring=0 order=3 bound=1 softPx2=0 planned=(1232,385,1316,407) frame=750
2026.09.30-11.33.56 SHOT widget id=board.tag.chip impl=umg state=compact fighter=f-0-sk0 bbox=(1236,390,1248,402) geom=painted visible=1 twin=0 source=/Game/S08/UI/ArtHud/WBP_S08ArtTag mode=compact look=P1 shape=circle placement=above ring=0 order=3 bound=1 softPx2=0 planned=(1232,385,1316,407) frame=750
2026.09.30-11.33.56 SHOT widget id=board.tag impl=umg state=compact fighter=f-0-sk1 bbox=(918,264,1002,286) geom=painted visible=1 twin=0 source=/Game/S08/UI/ArtHud/WBP_S08ArtTag mode=compact look=P1 shape=circle placement=above ring=0 order=1 bound=1 softPx2=0 planned=(918,264,1002,286) frame=750
2026.09.30-11.33.56 SHOT widget id=board.tag.hp impl=umg state=compact fighter=f-0-sk1 bbox=(974,266,998,284) geom=painted visible=1 twin=0 source=/Game/S08/UI/ArtHud/WBP_S08ArtTag mode=compact look=P1 shape=circle placement=above ring=0 order=1 bound=1 softPx2=0 planned=(918,264,1002,286) frame=750 font=11
2026.09.30-11.33.56 SHOT widget id=board.tag.bar impl=umg state=compact fighter=f-0-sk1 bbox=(937,273,971,278) geom=painted visible=1 twin=0 source=/Game/S08/UI/ArtHud/WBP_S08ArtTag mode=compact look=P1 shape=circle placement=above ring=0 order=1 bound=1 softPx2=0 planned=(918,264,1002,286) frame=750
2026.09.30-11.33.56 SHOT widget id=board.tag.chip impl=umg state=compact fighter=f-0-sk1 bbox=(922,269,934,281) geom=painted visible=1 twin=0 source=/Game/S08/UI/ArtHud/WBP_S08ArtTag mode=compact look=P1 shape=circle placement=above ring=0 order=1 bound=1 softPx2=0 planned=(918,264,1002,286) frame=750
2026.09.30-11.33.56 SHOT widget id=board.tag impl=umg state=compact fighter=f-0-sk2 bbox=(761,385,845,407) geom=painted visible=1 twin=0 source=/Game/S08/UI/ArtHud/WBP_S08ArtTag mode=compact look=P1 shape=circle placement=above ring=0 order=2 bound=1 softPx2=0 planned=(761,385,845,407) frame=750
2026.09.30-11.33.56 SHOT widget id=board.tag.hp impl=umg state=compact fighter=f-0-sk2 bbox=(817,387,841,405) geom=painted visible=1 twin=0 source=/Game/S08/UI/ArtHud/WBP_S08ArtTag mode=compact look=P1 shape=circle placement=above ring=0 order=2 bound=1 softPx2=0 planned=(761,385,845,407) frame=750 font=11
2026.09.30-11.33.56 SHOT widget id=board.tag.bar impl=umg state=compact fighter=f-0-sk2 bbox=(780,394,814,399) geom=painted visible=1 twin=0 source=/Game/S08/UI/ArtHud/WBP_S08ArtTag mode=compact look=P1 shape=circle placement=above ring=0 order=2 bound=1 softPx2=0 planned=(761,385,845,407) frame=750
2026.09.30-11.33.56 SHOT widget id=board.tag.chip impl=umg state=compact fighter=f-0-sk2 bbox=(765,390,777,402) geom=painted visible=1 twin=0 source=/Game/S08/UI/ArtHud/WBP_S08ArtTag mode=compact look=P1 shape=circle placement=above ring=0 order=2 bound=1 softPx2=0 planned=(761,385,845,407) frame=750
2026.09.30-11.33.56 SHOT widget id=board.tag impl=umg state=compact fighter=f-1-hero bbox=(643,513,745,535) geom=painted visible=1 twin=0 source=/Game/S08/UI/ArtHud/WBP_S08ArtTag mode=compact look=P2 shape=hex placement=left ring=0 order=0 bound=1 softPx2=0 planned=(643,513,745,535) frame=750
2026.09.30-11.33.56 SHOT widget id=board.tag.hp impl=umg state=compact fighter=f-1-hero bbox=(699,515,741,533) geom=painted visible=1 twin=0 source=/Game/S08/UI/ArtHud/WBP_S08ArtTag mode=compact look=P2 shape=hex placement=left ring=0 order=0 bound=1 softPx2=0 planned=(643,513,745,535) frame=750 font=11
2026.09.30-11.33.56 SHOT widget id=board.tag.bar impl=umg state=compact fighter=f-1-hero bbox=(662,522,696,527) geom=painted visible=1 twin=0 source=/Game/S08/UI/ArtHud/WBP_S08ArtTag mode=compact look=P2 shape=hex placement=left ring=0 order=0 bound=1 softPx2=0 planned=(643,513,745,535) frame=750
2026.09.30-11.33.56 SHOT widget id=board.tag.chip impl=umg state=compact fighter=f-1-hero bbox=(647,518,659,530) geom=painted visible=1 twin=0 source=/Game/S08/UI/ArtHud/WBP_S08ArtTag mode=compact look=P2 shape=hex placement=left ring=0 order=0 bound=1 softPx2=0 planned=(643,513,745,535) frame=750
2026.09.30-11.33.56 SHOT widget id=board.tag impl=umg state=compact fighter=f-1-sk0 bbox=(1080,507,1164,529) geom=painted visible=1 twin=0 source=/Game/S08/UI/ArtHud/WBP_S08ArtTag mode=compact look=P2 shape=hex placement=above ring=0 order=5 bound=1 softPx2=0 planned=(1080,507,1164,529) frame=750
2026.09.30-11.33.56 SHOT widget id=board.tag.hp impl=umg state=compact fighter=f-1-sk0 bbox=(1136,509,1160,527) geom=painted visible=1 twin=0 source=/Game/S08/UI/ArtHud/WBP_S08ArtTag mode=compact look=P2 shape=hex placement=above ring=0 order=5 bound=1 softPx2=0 planned=(1080,507,1164,529) frame=750 font=11
2026.09.30-11.33.56 SHOT widget id=board.tag.bar impl=umg state=compact fighter=f-1-sk0 bbox=(1099,516,1133,521) geom=painted visible=1 twin=0 source=/Game/S08/UI/ArtHud/WBP_S08ArtTag mode=compact look=P2 shape=hex placement=above ring=0 order=5 bound=1 softPx2=0 planned=(1080,507,1164,529) frame=750
2026.09.30-11.33.56 SHOT widget id=board.tag.chip impl=umg state=compact fighter=f-1-sk0 bbox=(1084,512,1096,524) geom=painted visible=1 twin=0 source=/Game/S08/UI/ArtHud/WBP_S08ArtTag mode=compact look=P2 shape=hex placement=above ring=0 order=5 bound=1 softPx2=0 planned=(1080,507,1164,529) frame=750
2026.09.30-11.33.56 SHOT panel id=hud.command bbox=(0,0,514,182) geom=painted visible=1 frame=750
2026.09.30-11.33.56 SHOT panel id=hud.side bbox=(1489,0,1920,121) geom=painted visible=1 frame=750
2026.09.30-11.33.56 SHOT panel id=hud.hand bbox=(294,985,1627,1080) geom=painted visible=1 frame=750
2026.09.30-11.33.56 SHOT late end file=s09-combat-defense-open.png frame=750
2026.09.30-11.33.56 S09AUTO defense card picked
2026.09.30-11.33.56 DEFENSE sent
2026.09.30-11.33.56 TAG fighter=f-0-hero bbox=(909,493,1011,515) mode=compact look=P1 placement=above ring=0 hardPx2=0 softPx2=0 order=4 bound=1
2026.09.30-11.33.56 TAG fighter=f-0-sk0 bbox=(1232,385,1316,407) mode=compact look=P1 placement=above ring=0 hardPx2=0 softPx2=0 order=3 bound=1
2026.09.30-11.33.56 TAG fighter=f-0-sk1 bbox=(918,264,1002,286) mode=compact look=P1 placement=above ring=0 hardPx2=0 softPx2=0 order=1 bound=1
2026.09.30-11.33.56 TAG fighter=f-0-sk2 bbox=(761,385,845,407) mode=compact look=P1 placement=above ring=0 hardPx2=0 softPx2=0 order=2 bound=1
2026.09.30-11.33.56 TAG fighter=f-1-hero bbox=(643,513,745,535) mode=compact look=P2 placement=left ring=0 hardPx2=0 softPx2=0 order=0 bound=1
2026.09.30-11.33.56 TAG fighter=f-1-sk0 bbox=(1080,507,1164,529) mode=compact look=P2 placement=above ring=0 hardPx2=0 softPx2=0 order=5 bound=1
2026.09.30-11.33.56 ICON fighter=f-1-hero bbox=(850,543,882,575) size=32 src=combat anchor=right fallback=0 overlapPx2=0 texture=/Game/ArtTests/ARTMarkers/Textures/T_UI_Action_AttackToken_32
2026.09.30-11.33.56 TAG fighter=f-0-hero bbox=(909,493,1011,515) mode=compact look=P1 placement=above ring=0 hardPx2=0 softPx2=0 order=4 bound=1
2026.09.30-11.33.56 TAG fighter=f-0-sk0 bbox=(1232,385,1316,407) mode=compact look=P1 placement=above ring=0 hardPx2=0 softPx2=0 order=3 bound=1
2026.09.30-11.33.56 TAG fighter=f-0-sk1 bbox=(918,264,1002,286) mode=compact look=P1 placement=above ring=0 hardPx2=0 softPx2=0 order=1 bound=1
2026.09.30-11.33.56 TAG fighter=f-0-sk2 bbox=(761,385,845,407) mode=compact look=P1 placement=above ring=0 hardPx2=0 softPx2=0 order=2 bound=1
2026.09.30-11.33.56 TAG fighter=f-1-hero bbox=(643,513,745,535) mode=compact look=P2 placement=left ring=0 hardPx2=0 softPx2=0 order=0 bound=1
2026.09.30-11.33.56 TAG fighter=f-1-sk0 bbox=(1080,507,1164,529) mode=compact look=P2 placement=above ring=0 hardPx2=0 softPx2=0 order=5 bound=1
2026.09.30-11.33.56 ICON fighter=f-1-hero bbox=(850,543,882,575) size=32 src=combat anchor=right fallback=0 overlapPx2=0 texture=/Game/ArtTests/ARTMarkers/Textures/T_UI_Action_AttackToken_32
2026.09.30-11.33.56 SNAPSHOT applied seq=23 phase=COMBAT_RESOLVE
2026.09.30-11.33.56 HANDLE_APPLIED #31 seq=23 decision=2 fightersValid=1 boardValid=1
2026.09.30-11.33.56 ARTPREVIEW anim fighter=f-0-hero clip=LungeAttack len=0.583 event=attack loop=0 phase=0.0000 seq=23 asset=AM_Medusa_LungeAttack
2026.09.30-11.33.56 closed mode=
2026.09.30-11.33.56 MODE seq=23 mode=5 combat=1 pending=0
2026.09.30-11.33.56 HUD seq=23 phase=COMBAT_RESOLVE turn=opp hand=6 oppHand=7(hidden) oppDeck=20 deck=21 discard=3
2026.09.30-11.33.56 ARTPREVIEW fighter=Medusa hero=1 eligible=0 visual=1 mesh=SK_Medusa_H2LD
2026.09.30-11.33.56 FIGHTERS synced n=6 alive=6 own=2 enemy=4
2026.09.30-11.33.56 DEFENSE done seq=23 (apply) phase=COMBAT_RESOLVE
2026.09.30-11.33.56 SNAPSHOT applied seq=23 phase=COMBAT_RESOLVE
2026.09.30-11.33.56 HANDLE_APPLIED #32 seq=23 decision=1 fightersValid=1 boardValid=1
2026.09.30-11.33.56 MODE seq=23 mode=5 combat=1 pending=0
2026.09.30-11.33.56 HUD seq=23 phase=COMBAT_RESOLVE turn=opp hand=6 oppHand=7(hidden) oppDeck=20 deck=21 discard=3
2026.09.30-11.33.56 ARTPREVIEW fighter=Medusa hero=1 eligible=0 visual=1 mesh=SK_Medusa_H2LD
2026.09.30-11.33.56 FIGHTERS synced n=6 alive=6 own=2 enemy=4
2026.09.30-11.33.56 WS seq=23 phase=COMBAT_RESOLVE (merge)
2026.09.30-11.33.56 S09AUTO drive mode=5 plan=[defend+resolve] phase=COMBAT_RESOLVE turn=cmukie55u0000wiao06h107t9
2026.09.30-11.33.56 S09AUTO resolve-window shot
2026.09.30-11.33.56 SHOT ctx viewport=1920x1080 viewTarget=CameraActor_2147482348 cam=(0,1107,1582) rot=(-55,-90,0)
2026.09.30-11.33.56 RENDER tag=SHOT rhi=D3D12 featureLevel=SM6 shaderPlatform=PCD3D_SM6 lumenPlatform=1 gi=lumen giMethod=1 refl=lumen reflMethod=1 shadows=csm vsmEnable=0 sg.res=100 sg.view=2 sg.aa=2 sg.shadow=2 sg.gi=2 sg.refl=2 sg.pp=2 sg.tex=2 sg.fx=2 sg.foliage=2 sg.shading=2 sg.landscape=2 preset=High screenPct=100.0 screenPctMode=0 aa=TSR aaMethod=4 exposure=fixed-histogram expMin=4.14106 expMax=4.14106 expBias=0.000 ev100=2.05 lightUnits=candelas sky=1 skyIntensity=11.200 keyShadow=csm-3000uu-2c-contact0.000 shadowCasters=1 profile=cobble-probe profilesSha256=1ecc1e9281845655acf8b31f1dcf52a7510abfc8ba8505525ad72ee8f4ce3c4c profilesSource=pak legacyRender=0 gameLayer=unlit-eyeadaptinv tMaxFPS=30.0 vsync=0 frameRateLimit=60.0 substrate=0 nanite=1 meshDF=1 viewport=1920x1080 reference=1
2026.09.30-11.33.56 SHOT fighter f-0-hero pos=(2,3) world=(0,50,0) screen=(960,606) projected=1 alive=1
2026.09.30-11.33.56 SHOT fighter f-0-sk0 pos=(4,2) world=(200,-50,0) screen=(1271,476) projected=1 alive=1
2026.09.30-11.33.56 SHOT fighter f-0-sk1 pos=(2,1) world=(0,-150,0) screen=(960,355) projected=1 alive=1
2026.09.30-11.33.56 SHOT fighter f-0-sk2 pos=(1,2) world=(-100,-50,0) screen=(805,476) projected=1 alive=1
2026.09.30-11.33.56 SHOT fighter f-1-hero pos=(1,3) world=(-100,50,0) screen=(800,606) projected=1 alive=1
2026.09.30-11.33.56 SHOT fighter f-1-sk0 pos=(3,3) world=(100,50,0) screen=(1120,606) projected=1 alive=1
2026.09.30-11.33.56 SHOT camera dist=1930.8 target=1930.8 overview=1930.8 errPct=0.000 focusErr=0.00 settled=1 zoom=1.00
2026.09.30-11.33.56 SHOT head fighter=f-0-hero socket=Head mesh=SK_Medusa_H2LD world=(-0.5,48.8,47.0) screen=(959.1,561.2) top=(959.1,555.6) bottom=(959.1,566.7) headPx=11.1 projected=1
2026.09.30-11.33.56 SHOT head fighter=f-0-sk0 socket=Head mesh=SK_Harpy_H3LD world=(199.6,-44.8,34.0) screen=(1275.1,451.3) top=(1275.9,445.7) bottom=(1274.3,457.0) headPx=11.4 projected=1
2026.09.30-11.33.56 SHOT head fighter=f-0-sk1 socket=Head mesh=SK_Harpy_H3LD world=(0.1,-144.6,34.0) screen=(960.1,328.5) top=(960.1,322.7) bottom=(960.1,334.3) headPx=11.6 projected=1
2026.09.30-11.33.56 SHOT head fighter=f-0-sk2 socket=Head mesh=SK_Harpy_H3LD world=(-100.3,-45.1,34.3) screen=(801.6,450.6) top=(801.2,444.9) bottom=(802.0,456.3) headPx=11.4 projected=1
2026.09.30-11.33.56 SHOT head fighter=f-1-hero socket=Head mesh=SK_KingArthur_H2LD world=(-100.4,49.1,50.1) screen=(795.9,558.7) top=(795.4,553.2) bottom=(796.3,564.3) headPx=11.2 projected=1
2026.09.30-11.33.56 SHOT head fighter=f-1-sk0 socket=Head mesh=SK_Merlin_H2LD world=(99.9,46.8,36.4) screen=(1122.2,568.3) top=(1122.6,562.7) bottom=(1121.8,573.8) headPx=11.1 projected=1
2026.09.30-11.33.56 SHOT figure fighter=f-0-hero bbox=(913,517,1007,644) ringR=28.50 art=1 blockout=0 team=P1 look=P1 ring=1
2026.09.30-11.33.56 SHOT figure fighter=f-0-sk0 bbox=(1234,409,1314,504) ringR=22.23 art=1 blockout=0 team=P1 look=P1 ring=1
2026.09.30-11.33.56 SHOT figure fighter=f-0-sk1 bbox=(926,288,994,381) ringR=22.23 art=1 blockout=0 team=P1 look=P1 ring=1
2026.09.30-11.33.56 SHOT figure fighter=f-0-sk2 bbox=(765,409,840,504) ringR=22.23 art=1 blockout=0 team=P1 look=P1 ring=1
2026.09.30-11.33.56 SHOT figure fighter=f-1-hero bbox=(747,513,847,644) ringR=28.50 art=1 blockout=0 team=P2 look=P2 ring=1
2026.09.30-11.33.56 SHOT figure fighter=f-1-sk0 bbox=(1084,531,1161,635) ringR=22.23 art=1 blockout=0 team=P2 look=P2 ring=1
2026.09.30-11.33.56 SHOT request file=s09-combat-resolve-window.png frame=754
2026.09.30-11.33.56 SHOT requested: FScreenshotRequest(bShowUI) -> C:\Users\ren\AppData\Local\Temp\s09-combat-20260930-163323-20236\joiner/s09-combat-resolve-window.png
2026.09.30-11.33.57 SHOT captured file=s09-combat-resolve-window.png frame=754 px=1920x1080 sha256=dd078905d82db5f49786d3d3a48235cb0ba5a43d577d92df3017754ce0ce38f5 order=BGRA saved=1
2026.09.30-11.33.57 SHOT late begin file=s09-combat-resolve-window.png frame=754 requestFrame=754
2026.09.30-11.33.57 SHOT icon fighter=f-1-hero bbox=(850,543,882,575) size=32 src=combat planned=(850,543,882,575) geom=painted visible=1 anchor=right fallback=0 overlapPx2=0 texture=/Game/ArtTests/ARTMarkers/Textures/T_UI_Action_AttackToken_32 frame=754
2026.09.30-11.33.57 SHOT widget id=icon impl=umg state=combat fighter=f-1-hero bbox=(850,543,882,575) geom=painted visible=1 twin=0 source=/Game/S08/UI/ArtHud/WBP_S08ArtIcon frame=754
2026.09.30-11.33.57 SHOT widget id=board.tag impl=umg state=compact fighter=f-0-hero bbox=(909,493,1011,515) geom=painted visible=1 twin=0 source=/Game/S08/UI/ArtHud/WBP_S08ArtTag mode=compact look=P1 shape=circle placement=above ring=0 order=4 bound=1 softPx2=0 planned=(909,493,1011,515) frame=754
2026.09.30-11.33.57 SHOT widget id=board.tag.hp impl=umg state=compact fighter=f-0-hero bbox=(965,495,1007,513) geom=painted visible=1 twin=0 source=/Game/S08/UI/ArtHud/WBP_S08ArtTag mode=compact look=P1 shape=circle placement=above ring=0 order=4 bound=1 softPx2=0 planned=(909,493,1011,515) frame=754 font=11
2026.09.30-11.33.57 SHOT widget id=board.tag.bar impl=umg state=compact fighter=f-0-hero bbox=(928,502,962,507) geom=painted visible=1 twin=0 source=/Game/S08/UI/ArtHud/WBP_S08ArtTag mode=compact look=P1 shape=circle placement=above ring=0 order=4 bound=1 softPx2=0 planned=(909,493,1011,515) frame=754
2026.09.30-11.33.57 SHOT widget id=board.tag.chip impl=umg state=compact fighter=f-0-hero bbox=(913,498,925,510) geom=painted visible=1 twin=0 source=/Game/S08/UI/ArtHud/WBP_S08ArtTag mode=compact look=P1 shape=circle placement=above ring=0 order=4 bound=1 softPx2=0 planned=(909,493,1011,515) frame=754
2026.09.30-11.33.57 SHOT widget id=board.tag impl=umg state=compact fighter=f-0-sk0 bbox=(1232,385,1316,407) geom=painted visible=1 twin=0 source=/Game/S08/UI/ArtHud/WBP_S08ArtTag mode=compact look=P1 shape=circle placement=above ring=0 order=3 bound=1 softPx2=0 planned=(1232,385,1316,407) frame=754
2026.09.30-11.33.57 SHOT widget id=board.tag.hp impl=umg state=compact fighter=f-0-sk0 bbox=(1288,387,1312,405) geom=painted visible=1 twin=0 source=/Game/S08/UI/ArtHud/WBP_S08ArtTag mode=compact look=P1 shape=circle placement=above ring=0 order=3 bound=1 softPx2=0 planned=(1232,385,1316,407) frame=754 font=11
2026.09.30-11.33.57 SHOT widget id=board.tag.bar impl=umg state=compact fighter=f-0-sk0 bbox=(1251,394,1285,399) geom=painted visible=1 twin=0 source=/Game/S08/UI/ArtHud/WBP_S08ArtTag mode=compact look=P1 shape=circle placement=above ring=0 order=3 bound=1 softPx2=0 planned=(1232,385,1316,407) frame=754
2026.09.30-11.33.57 SHOT widget id=board.tag.chip impl=umg state=compact fighter=f-0-sk0 bbox=(1236,390,1248,402) geom=painted visible=1 twin=0 source=/Game/S08/UI/ArtHud/WBP_S08ArtTag mode=compact look=P1 shape=circle placement=above ring=0 order=3 bound=1 softPx2=0 planned=(1232,385,1316,407) frame=754
2026.09.30-11.33.57 SHOT widget id=board.tag impl=umg state=compact fighter=f-0-sk1 bbox=(918,264,1002,286) geom=painted visible=1 twin=0 source=/Game/S08/UI/ArtHud/WBP_S08ArtTag mode=compact look=P1 shape=circle placement=above ring=0 order=1 bound=1 softPx2=0 planned=(918,264,1002,286) frame=754
2026.09.30-11.33.57 SHOT widget id=board.tag.hp impl=umg state=compact fighter=f-0-sk1 bbox=(974,266,998,284) geom=painted visible=1 twin=0 source=/Game/S08/UI/ArtHud/WBP_S08ArtTag mode=compact look=P1 shape=circle placement=above ring=0 order=1 bound=1 softPx2=0 planned=(918,264,1002,286) frame=754 font=11
2026.09.30-11.33.57 SHOT widget id=board.tag.bar impl=umg state=compact fighter=f-0-sk1 bbox=(937,273,971,278) geom=painted visible=1 twin=0 source=/Game/S08/UI/ArtHud/WBP_S08ArtTag mode=compact look=P1 shape=circle placement=above ring=0 order=1 bound=1 softPx2=0 planned=(918,264,1002,286) frame=754
2026.09.30-11.33.57 SHOT widget id=board.tag.chip impl=umg state=compact fighter=f-0-sk1 bbox=(922,269,934,281) geom=painted visible=1 twin=0 source=/Game/S08/UI/ArtHud/WBP_S08ArtTag mode=compact look=P1 shape=circle placement=above ring=0 order=1 bound=1 softPx2=0 planned=(918,264,1002,286) frame=754
2026.09.30-11.33.57 SHOT widget id=board.tag impl=umg state=compact fighter=f-0-sk2 bbox=(761,385,845,407) geom=painted visible=1 twin=0 source=/Game/S08/UI/ArtHud/WBP_S08ArtTag mode=compact look=P1 shape=circle placement=above ring=0 order=2 bound=1 softPx2=0 planned=(761,385,845,407) frame=754
2026.09.30-11.33.57 SHOT widget id=board.tag.hp impl=umg state=compact fighter=f-0-sk2 bbox=(817,387,841,405) geom=painted visible=1 twin=0 source=/Game/S08/UI/ArtHud/WBP_S08ArtTag mode=compact look=P1 shape=circle placement=above ring=0 order=2 bound=1 softPx2=0 planned=(761,385,845,407) frame=754 font=11
2026.09.30-11.33.57 SHOT widget id=board.tag.bar impl=umg state=compact fighter=f-0-sk2 bbox=(780,394,814,399) geom=painted visible=1 twin=0 source=/Game/S08/UI/ArtHud/WBP_S08ArtTag mode=compact look=P1 shape=circle placement=above ring=0 order=2 bound=1 softPx2=0 planned=(761,385,845,407) frame=754
2026.09.30-11.33.57 SHOT widget id=board.tag.chip impl=umg state=compact fighter=f-0-sk2 bbox=(765,390,777,402) geom=painted visible=1 twin=0 source=/Game/S08/UI/ArtHud/WBP_S08ArtTag mode=compact look=P1 shape=circle placement=above ring=0 order=2 bound=1 softPx2=0 planned=(761,385,845,407) frame=754
2026.09.30-11.33.57 SHOT widget id=board.tag impl=umg state=compact fighter=f-1-hero bbox=(643,513,745,535) geom=painted visible=1 twin=0 source=/Game/S08/UI/ArtHud/WBP_S08ArtTag mode=compact look=P2 shape=hex placement=left ring=0 order=0 bound=1 softPx2=0 planned=(643,513,745,535) frame=754
2026.09.30-11.33.57 SHOT widget id=board.tag.hp impl=umg state=compact fighter=f-1-hero bbox=(699,515,741,533) geom=painted visible=1 twin=0 source=/Game/S08/UI/ArtHud/WBP_S08ArtTag mode=compact look=P2 shape=hex placement=left ring=0 order=0 bound=1 softPx2=0 planned=(643,513,745,535) frame=754 font=11
2026.09.30-11.33.57 SHOT widget id=board.tag.bar impl=umg state=compact fighter=f-1-hero bbox=(662,522,696,527) geom=painted visible=1 twin=0 source=/Game/S08/UI/ArtHud/WBP_S08ArtTag mode=compact look=P2 shape=hex placement=left ring=0 order=0 bound=1 softPx2=0 planned=(643,513,745,535) frame=754
2026.09.30-11.33.57 SHOT widget id=board.tag.chip impl=umg state=compact fighter=f-1-hero bbox=(647,518,659,530) geom=painted visible=1 twin=0 source=/Game/S08/UI/ArtHud/WBP_S08ArtTag mode=compact look=P2 shape=hex placement=left ring=0 order=0 bound=1 softPx2=0 planned=(643,513,745,535) frame=754
2026.09.30-11.33.57 SHOT widget id=board.tag impl=umg state=compact fighter=f-1-sk0 bbox=(1080,507,1164,529) geom=painted visible=1 twin=0 source=/Game/S08/UI/ArtHud/WBP_S08ArtTag mode=compact look=P2 shape=hex placement=above ring=0 order=5 bound=1 softPx2=0 planned=(1080,507,1164,529) frame=754
2026.09.30-11.33.57 SHOT widget id=board.tag.hp impl=umg state=compact fighter=f-1-sk0 bbox=(1136,509,1160,527) geom=painted visible=1 twin=0 source=/Game/S08/UI/ArtHud/WBP_S08ArtTag mode=compact look=P2 shape=hex placement=above ring=0 order=5 bound=1 softPx2=0 planned=(1080,507,1164,529) frame=754 font=11
2026.09.30-11.33.57 SHOT widget id=board.tag.bar impl=umg state=compact fighter=f-1-sk0 bbox=(1099,516,1133,521) geom=painted visible=1 twin=0 source=/Game/S08/UI/ArtHud/WBP_S08ArtTag mode=compact look=P2 shape=hex placement=above ring=0 order=5 bound=1 softPx2=0 planned=(1080,507,1164,529) frame=754
2026.09.30-11.33.57 SHOT widget id=board.tag.chip impl=umg state=compact fighter=f-1-sk0 bbox=(1084,512,1096,524) geom=painted visible=1 twin=0 source=/Game/S08/UI/ArtHud/WBP_S08ArtTag mode=compact look=P2 shape=hex placement=above ring=0 order=5 bound=1 softPx2=0 planned=(1080,507,1164,529) frame=754
2026.09.30-11.33.57 SHOT panel id=hud.command bbox=(0,0,759,204) geom=painted visible=1 frame=754
2026.09.30-11.33.57 SHOT panel id=hud.side bbox=(1431,0,1920,121) geom=painted visible=1 frame=754
2026.09.30-11.33.57 SHOT panel id=hud.hand bbox=(377,985,1543,1080) geom=painted visible=1 frame=754
2026.09.30-11.33.57 SHOT late end file=s09-combat-resolve-window.png frame=754
2026.09.30-11.33.57 S09AUTO resolve
2026.09.30-11.33.57 RESOLVE sent
2026.09.30-11.33.57 TAG fighter=f-0-hero bbox=(909,493,1011,515) mode=compact look=P1 placement=above ring=0 hardPx2=0 softPx2=0 order=4 bound=1
2026.09.30-11.33.57 TAG fighter=f-0-sk0 bbox=(1232,385,1316,407) mode=compact look=P1 placement=above ring=0 hardPx2=0 softPx2=0 order=3 bound=1
2026.09.30-11.33.57 TAG fighter=f-0-sk1 bbox=(918,264,1002,286) mode=compact look=P1 placement=above ring=0 hardPx2=0 softPx2=0 order=1 bound=1
2026.09.30-11.33.57 TAG fighter=f-0-sk2 bbox=(761,385,845,407) mode=compact look=P1 placement=above ring=0 hardPx2=0 softPx2=0 order=2 bound=1
2026.09.30-11.33.57 TAG fighter=f-1-hero bbox=(643,513,745,535) mode=compact look=P2 placement=left ring=0 hardPx2=0 softPx2=0 order=0 bound=1
2026.09.30-11.33.57 TAG fighter=f-1-sk0 bbox=(1080,507,1164,529) mode=compact look=P2 placement=above ring=0 hardPx2=0 softPx2=0 order=5 bound=1
2026.09.30-11.33.57 ICON fighter=f-1-hero bbox=(850,543,882,575) size=32 src=combat anchor=right fallback=0 overlapPx2=0 texture=/Game/ArtTests/ARTMarkers/Textures/T_UI_Action_AttackToken_32
2026.09.30-11.33.57 SNAPSHOT applied seq=24 phase=COMBAT_RESOLVE
2026.09.30-11.33.57 HANDLE_APPLIED #33 seq=24 decision=2 fightersValid=1 boardValid=1
2026.09.30-11.33.57 MODE seq=24 mode=5 combat=1 pending=1
2026.09.30-11.33.57 HUD seq=24 phase=COMBAT_RESOLVE turn=opp hand=6 oppHand=7(hidden) oppDeck=20 deck=21 discard=3
2026.09.30-11.33.57 RESOLVE panel revealed: A3+B0 vs D1
2026.09.30-11.33.57 RESOLVE panel blocked by pending (type=BOOST_CHOICE id=cmuhgvgkf00smwi9gaeymh3ur-during-0-boost-23)
2026.09.30-11.33.57 ARTPREVIEW fighter=Medusa hero=1 eligible=0 visual=1 mesh=SK_Medusa_H2LD
2026.09.30-11.33.57 FIGHTERS synced n=6 alive=6 own=2 enemy=4
2026.09.30-11.33.57 RESOLVE done seq=24 (apply) phase=COMBAT_RESOLVE
2026.09.30-11.33.57 SNAPSHOT applied seq=24 phase=COMBAT_RESOLVE
2026.09.30-11.33.57 HANDLE_APPLIED #34 seq=24 decision=1 fightersValid=1 boardValid=1
2026.09.30-11.33.57 MODE seq=24 mode=5 combat=1 pending=1
2026.09.30-11.33.57 HUD seq=24 phase=COMBAT_RESOLVE turn=opp hand=6 oppHand=7(hidden) oppDeck=20 deck=21 discard=3
2026.09.30-11.33.57 ARTPREVIEW fighter=Medusa hero=1 eligible=0 visual=1 mesh=SK_Medusa_H2LD
2026.09.30-11.33.57 FIGHTERS synced n=6 alive=6 own=2 enemy=4
2026.09.30-11.33.57 WS seq=24 phase=COMBAT_RESOLVE (merge)
2026.09.30-11.33.57 S09AUTO resolve-revealed shot
2026.09.30-11.33.57 SHOT ctx viewport=1920x1080 viewTarget=CameraActor_2147482348 cam=(0,1107,1582) rot=(-55,-90,0)
2026.09.30-11.33.57 RENDER tag=SHOT rhi=D3D12 featureLevel=SM6 shaderPlatform=PCD3D_SM6 lumenPlatform=1 gi=lumen giMethod=1 refl=lumen reflMethod=1 shadows=csm vsmEnable=0 sg.res=100 sg.view=2 sg.aa=2 sg.shadow=2 sg.gi=2 sg.refl=2 sg.pp=2 sg.tex=2 sg.fx=2 sg.foliage=2 sg.shading=2 sg.landscape=2 preset=High screenPct=100.0 screenPctMode=0 aa=TSR aaMethod=4 exposure=fixed-histogram expMin=4.14106 expMax=4.14106 expBias=0.000 ev100=2.05 lightUnits=candelas sky=1 skyIntensity=11.200 keyShadow=csm-3000uu-2c-contact0.000 shadowCasters=1 profile=cobble-probe profilesSha256=1ecc1e9281845655acf8b31f1dcf52a7510abfc8ba8505525ad72ee8f4ce3c4c profilesSource=pak legacyRender=0 gameLayer=unlit-eyeadaptinv tMaxFPS=30.0 vsync=0 frameRateLimit=60.0 substrate=0 nanite=1 meshDF=1 viewport=1920x1080 reference=1
2026.09.30-11.33.57 SHOT fighter f-0-hero pos=(2,3) world=(0,50,0) screen=(960,606) projected=1 alive=1
2026.09.30-11.33.57 SHOT fighter f-0-sk0 pos=(4,2) world=(200,-50,0) screen=(1271,476) projected=1 alive=1
2026.09.30-11.33.57 SHOT fighter f-0-sk1 pos=(2,1) world=(0,-150,0) screen=(960,355) projected=1 alive=1
2026.09.30-11.33.57 SHOT fighter f-0-sk2 pos=(1,2) world=(-100,-50,0) screen=(805,476) projected=1 alive=1
2026.09.30-11.33.57 SHOT fighter f-1-hero pos=(1,3) world=(-100,50,0) screen=(800,606) projected=1 alive=1
2026.09.30-11.33.57 SHOT fighter f-1-sk0 pos=(3,3) world=(100,50,0) screen=(1120,606) projected=1 alive=1
2026.09.30-11.33.57 SHOT camera dist=1930.8 target=1930.8 overview=1930.8 errPct=0.000 focusErr=0.00 settled=1 zoom=1.00
2026.09.30-11.33.57 SHOT head fighter=f-0-hero socket=Head mesh=SK_Medusa_H2LD world=(0.5,49.7,47.0) screen=(960.8,562.5) top=(960.8,556.9) bottom=(960.8,568.1) headPx=11.1 projected=1
2026.09.30-11.33.57 SHOT head fighter=f-0-sk0 socket=Head mesh=SK_Harpy_H3LD world=(199.9,-44.7,34.0) screen=(1275.6,451.5) top=(1276.4,445.8) bottom=(1274.8,457.1) headPx=11.4 projected=1
2026.09.30-11.33.57 SHOT head fighter=f-0-sk1 socket=Head mesh=SK_Harpy_H3LD world=(-0.0,-144.8,34.2) screen=(960.0,328.1) top=(960.0,322.3) bottom=(960.0,333.9) headPx=11.6 projected=1
2026.09.30-11.33.57 SHOT head fighter=f-0-sk2 socket=Head mesh=SK_Harpy_H3LD world=(-100.6,-44.9,34.2) screen=(801.2,450.9) top=(800.7,445.2) bottom=(801.6,456.6) headPx=11.3 projected=1
2026.09.30-11.33.57 SHOT head fighter=f-1-hero socket=Head mesh=SK_KingArthur_H2LD world=(-100.6,49.3,50.1) screen=(795.5,559.1) top=(795.0,553.5) bottom=(795.9,564.7) headPx=11.2 projected=1
2026.09.30-11.33.57 SHOT head fighter=f-1-sk0 socket=Head mesh=SK_Merlin_H2LD world=(100.0,46.6,36.4) screen=(1122.4,568.2) top=(1122.9,562.6) bottom=(1122.0,573.7) headPx=11.1 projected=1
2026.09.30-11.33.57 SHOT figure fighter=f-0-hero bbox=(913,517,1007,644) ringR=28.50 art=1 blockout=0 team=P1 look=P1 ring=1
2026.09.30-11.33.57 SHOT figure fighter=f-0-sk0 bbox=(1234,409,1314,504) ringR=22.23 art=1 blockout=0 team=P1 look=P1 ring=1
2026.09.30-11.33.57 SHOT figure fighter=f-0-sk1 bbox=(926,288,994,381) ringR=22.23 art=1 blockout=0 team=P1 look=P1 ring=1
2026.09.30-11.33.57 SHOT figure fighter=f-0-sk2 bbox=(765,409,840,504) ringR=22.23 art=1 blockout=0 team=P1 look=P1 ring=1
2026.09.30-11.33.57 SHOT figure fighter=f-1-hero bbox=(747,513,847,644) ringR=28.50 art=1 blockout=0 team=P2 look=P2 ring=1
2026.09.30-11.33.57 SHOT figure fighter=f-1-sk0 bbox=(1084,531,1161,635) ringR=22.23 art=1 blockout=0 team=P2 look=P2 ring=1
2026.09.30-11.33.57 SHOT request file=s09-combat-resolve-revealed.png frame=758
2026.09.30-11.33.57 SHOT requested: FScreenshotRequest(bShowUI) -> C:\Users\ren\AppData\Local\Temp\s09-combat-20260930-163323-20236\joiner/s09-combat-resolve-revealed.png
2026.09.30-11.33.57 SHOT captured file=s09-combat-resolve-revealed.png frame=758 px=1920x1080 sha256=d156a91a39b598b5b9661662b26d541033058aaa1716b69f21b7955da938728d order=BGRA saved=1
2026.09.30-11.33.57 SHOT late begin file=s09-combat-resolve-revealed.png frame=758 requestFrame=758
2026.09.30-11.33.57 SHOT icon fighter=f-1-hero bbox=(850,543,882,575) size=32 src=combat planned=(850,543,882,575) geom=painted visible=1 anchor=right fallback=0 overlapPx2=0 texture=/Game/ArtTests/ARTMarkers/Textures/T_UI_Action_AttackToken_32 frame=758
2026.09.30-11.33.57 SHOT widget id=icon impl=umg state=combat fighter=f-1-hero bbox=(850,543,882,575) geom=painted visible=1 twin=0 source=/Game/S08/UI/ArtHud/WBP_S08ArtIcon frame=758
2026.09.30-11.33.57 SHOT widget id=board.tag impl=umg state=compact fighter=f-0-hero bbox=(909,493,1011,515) geom=painted visible=1 twin=0 source=/Game/S08/UI/ArtHud/WBP_S08ArtTag mode=compact look=P1 shape=circle placement=above ring=0 order=4 bound=1 softPx2=0 planned=(909,493,1011,515) frame=758
2026.09.30-11.33.57 SHOT widget id=board.tag.hp impl=umg state=compact fighter=f-0-hero bbox=(965,495,1007,513) geom=painted visible=1 twin=0 source=/Game/S08/UI/ArtHud/WBP_S08ArtTag mode=compact look=P1 shape=circle placement=above ring=0 order=4 bound=1 softPx2=0 planned=(909,493,1011,515) frame=758 font=11
2026.09.30-11.33.57 SHOT widget id=board.tag.bar impl=umg state=compact fighter=f-0-hero bbox=(928,502,962,507) geom=painted visible=1 twin=0 source=/Game/S08/UI/ArtHud/WBP_S08ArtTag mode=compact look=P1 shape=circle placement=above ring=0 order=4 bound=1 softPx2=0 planned=(909,493,1011,515) frame=758
2026.09.30-11.33.57 SHOT widget id=board.tag.chip impl=umg state=compact fighter=f-0-hero bbox=(913,498,925,510) geom=painted visible=1 twin=0 source=/Game/S08/UI/ArtHud/WBP_S08ArtTag mode=compact look=P1 shape=circle placement=above ring=0 order=4 bound=1 softPx2=0 planned=(909,493,1011,515) frame=758
2026.09.30-11.33.57 SHOT widget id=board.tag impl=umg state=compact fighter=f-0-sk0 bbox=(1232,385,1316,407) geom=painted visible=1 twin=0 source=/Game/S08/UI/ArtHud/WBP_S08ArtTag mode=compact look=P1 shape=circle placement=above ring=0 order=3 bound=1 softPx2=0 planned=(1232,385,1316,407) frame=758
2026.09.30-11.33.57 SHOT widget id=board.tag.hp impl=umg state=compact fighter=f-0-sk0 bbox=(1288,387,1312,405) geom=painted visible=1 twin=0 source=/Game/S08/UI/ArtHud/WBP_S08ArtTag mode=compact look=P1 shape=circle placement=above ring=0 order=3 bound=1 softPx2=0 planned=(1232,385,1316,407) frame=758 font=11
2026.09.30-11.33.57 SHOT widget id=board.tag.bar impl=umg state=compact fighter=f-0-sk0 bbox=(1251,394,1285,399) geom=painted visible=1 twin=0 source=/Game/S08/UI/ArtHud/WBP_S08ArtTag mode=compact look=P1 shape=circle placement=above ring=0 order=3 bound=1 softPx2=0 planned=(1232,385,1316,407) frame=758
2026.09.30-11.33.57 SHOT widget id=board.tag.chip impl=umg state=compact fighter=f-0-sk0 bbox=(1236,390,1248,402) geom=painted visible=1 twin=0 source=/Game/S08/UI/ArtHud/WBP_S08ArtTag mode=compact look=P1 shape=circle placement=above ring=0 order=3 bound=1 softPx2=0 planned=(1232,385,1316,407) frame=758
2026.09.30-11.33.57 SHOT widget id=board.tag impl=umg state=compact fighter=f-0-sk1 bbox=(918,264,1002,286) geom=painted visible=1 twin=0 source=/Game/S08/UI/ArtHud/WBP_S08ArtTag mode=compact look=P1 shape=circle placement=above ring=0 order=1 bound=1 softPx2=0 planned=(918,264,1002,286) frame=758
2026.09.30-11.33.57 SHOT widget id=board.tag.hp impl=umg state=compact fighter=f-0-sk1 bbox=(974,266,998,284) geom=painted visible=1 twin=0 source=/Game/S08/UI/ArtHud/WBP_S08ArtTag mode=compact look=P1 shape=circle placement=above ring=0 order=1 bound=1 softPx2=0 planned=(918,264,1002,286) frame=758 font=11
2026.09.30-11.33.57 SHOT widget id=board.tag.bar impl=umg state=compact fighter=f-0-sk1 bbox=(937,273,971,278) geom=painted visible=1 twin=0 source=/Game/S08/UI/ArtHud/WBP_S08ArtTag mode=compact look=P1 shape=circle placement=above ring=0 order=1 bound=1 softPx2=0 planned=(918,264,1002,286) frame=758
2026.09.30-11.33.57 SHOT widget id=board.tag.chip impl=umg state=compact fighter=f-0-sk1 bbox=(922,269,934,281) geom=painted visible=1 twin=0 source=/Game/S08/UI/ArtHud/WBP_S08ArtTag mode=compact look=P1 shape=circle placement=above ring=0 order=1 bound=1 softPx2=0 planned=(918,264,1002,286) frame=758
2026.09.30-11.33.57 SHOT widget id=board.tag impl=umg state=compact fighter=f-0-sk2 bbox=(761,385,845,407) geom=painted visible=1 twin=0 source=/Game/S08/UI/ArtHud/WBP_S08ArtTag mode=compact look=P1 shape=circle placement=above ring=0 order=2 bound=1 softPx2=0 planned=(761,385,845,407) frame=758
2026.09.30-11.33.57 SHOT widget id=board.tag.hp impl=umg state=compact fighter=f-0-sk2 bbox=(817,387,841,405) geom=painted visible=1 twin=0 source=/Game/S08/UI/ArtHud/WBP_S08ArtTag mode=compact look=P1 shape=circle placement=above ring=0 order=2 bound=1 softPx2=0 planned=(761,385,845,407) frame=758 font=11
2026.09.30-11.33.57 SHOT widget id=board.tag.bar impl=umg state=compact fighter=f-0-sk2 bbox=(780,394,814,399) geom=painted visible=1 twin=0 source=/Game/S08/UI/ArtHud/WBP_S08ArtTag mode=compact look=P1 shape=circle placement=above ring=0 order=2 bound=1 softPx2=0 planned=(761,385,845,407) frame=758
2026.09.30-11.33.57 SHOT widget id=board.tag.chip impl=umg state=compact fighter=f-0-sk2 bbox=(765,390,777,402) geom=painted visible=1 twin=0 source=/Game/S08/UI/ArtHud/WBP_S08ArtTag mode=compact look=P1 shape=circle placement=above ring=0 order=2 bound=1 softPx2=0 planned=(761,385,845,407) frame=758
2026.09.30-11.33.57 SHOT widget id=board.tag impl=umg state=compact fighter=f-1-hero bbox=(643,513,745,535) geom=painted visible=1 twin=0 source=/Game/S08/UI/ArtHud/WBP_S08ArtTag mode=compact look=P2 shape=hex placement=left ring=0 order=0 bound=1 softPx2=0 planned=(643,513,745,535) frame=758
2026.09.30-11.33.57 SHOT widget id=board.tag.hp impl=umg state=compact fighter=f-1-hero bbox=(699,515,741,533) geom=painted visible=1 twin=0 source=/Game/S08/UI/ArtHud/WBP_S08ArtTag mode=compact look=P2 shape=hex placement=left ring=0 order=0 bound=1 softPx2=0 planned=(643,513,745,535) frame=758 font=11
2026.09.30-11.33.57 SHOT widget id=board.tag.bar impl=umg state=compact fighter=f-1-hero bbox=(662,522,696,527) geom=painted visible=1 twin=0 source=/Game/S08/UI/ArtHud/WBP_S08ArtTag mode=compact look=P2 shape=hex placement=left ring=0 order=0 bound=1 softPx2=0 planned=(643,513,745,535) frame=758
2026.09.30-11.33.57 SHOT widget id=board.tag.chip impl=umg state=compact fighter=f-1-hero bbox=(647,518,659,530) geom=painted visible=1 twin=0 source=/Game/S08/UI/ArtHud/WBP_S08ArtTag mode=compact look=P2 shape=hex placement=left ring=0 order=0 bound=1 softPx2=0 planned=(643,513,745,535) frame=758
2026.09.30-11.33.57 SHOT widget id=board.tag impl=umg state=compact fighter=f-1-sk0 bbox=(1080,507,1164,529) geom=painted visible=1 twin=0 source=/Game/S08/UI/ArtHud/WBP_S08ArtTag mode=compact look=P2 shape=hex placement=above ring=0 order=5 bound=1 softPx2=0 planned=(1080,507,1164,529) frame=758
2026.09.30-11.33.57 SHOT widget id=board.tag.hp impl=umg state=compact fighter=f-1-sk0 bbox=(1136,509,1160,527) geom=painted visible=1 twin=0 source=/Game/S08/UI/ArtHud/WBP_S08ArtTag mode=compact look=P2 shape=hex placement=above ring=0 order=5 bound=1 softPx2=0 planned=(1080,507,1164,529) frame=758 font=11
2026.09.30-11.33.57 SHOT widget id=board.tag.bar impl=umg state=compact fighter=f-1-sk0 bbox=(1099,516,1133,521) geom=painted visible=1 twin=0 source=/Game/S08/UI/ArtHud/WBP_S08ArtTag mode=compact look=P2 shape=hex placement=above ring=0 order=5 bound=1 softPx2=0 planned=(1080,507,1164,529) frame=758
2026.09.30-11.33.57 SHOT widget id=board.tag.chip impl=umg state=compact fighter=f-1-sk0 bbox=(1084,512,1096,524) geom=painted visible=1 twin=0 source=/Game/S08/UI/ArtHud/WBP_S08ArtTag mode=compact look=P2 shape=hex placement=above ring=0 order=5 bound=1 softPx2=0 planned=(1080,507,1164,529) frame=758
2026.09.30-11.33.57 SHOT panel id=hud.command bbox=(0,0,698,278) geom=painted visible=1 frame=758
2026.09.30-11.33.57 SHOT panel id=hud.side bbox=(1431,0,1920,121) geom=painted visible=1 frame=758
2026.09.30-11.33.57 SHOT panel id=hud.hand bbox=(377,985,1543,1080) geom=painted visible=1 frame=758
2026.09.30-11.33.57 SHOT late end file=s09-combat-resolve-revealed.png frame=758
2026.09.30-11.33.57 S09AUTO resolve-blocked shot (type=BOOST_CHOICE)
2026.09.30-11.33.57 SHOT ctx viewport=1920x1080 viewTarget=CameraActor_2147482348 cam=(0,1107,1582) rot=(-55,-90,0)
2026.09.30-11.33.57 RENDER tag=SHOT rhi=D3D12 featureLevel=SM6 shaderPlatform=PCD3D_SM6 lumenPlatform=1 gi=lumen giMethod=1 refl=lumen reflMethod=1 shadows=csm vsmEnable=0 sg.res=100 sg.view=2 sg.aa=2 sg.shadow=2 sg.gi=2 sg.refl=2 sg.pp=2 sg.tex=2 sg.fx=2 sg.foliage=2 sg.shading=2 sg.landscape=2 preset=High screenPct=100.0 screenPctMode=0 aa=TSR aaMethod=4 exposure=fixed-histogram expMin=4.14106 expMax=4.14106 expBias=0.000 ev100=2.05 lightUnits=candelas sky=1 skyIntensity=11.200 keyShadow=csm-3000uu-2c-contact0.000 shadowCasters=1 profile=cobble-probe profilesSha256=1ecc1e9281845655acf8b31f1dcf52a7510abfc8ba8505525ad72ee8f4ce3c4c profilesSource=pak legacyRender=0 gameLayer=unlit-eyeadaptinv tMaxFPS=30.0 vsync=0 frameRateLimit=60.0 substrate=0 nanite=1 meshDF=1 viewport=1920x1080 reference=1
2026.09.30-11.33.57 SHOT fighter f-0-hero pos=(2,3) world=(0,50,0) screen=(960,606) projected=1 alive=1
2026.09.30-11.33.57 SHOT fighter f-0-sk0 pos=(4,2) world=(200,-50,0) screen=(1271,476) projected=1 alive=1
2026.09.30-11.33.57 SHOT fighter f-0-sk1 pos=(2,1) world=(0,-150,0) screen=(960,355) projected=1 alive=1
2026.09.30-11.33.57 SHOT fighter f-0-sk2 pos=(1,2) world=(-100,-50,0) screen=(805,476) projected=1 alive=1
2026.09.30-11.33.57 SHOT fighter f-1-hero pos=(1,3) world=(-100,50,0) screen=(800,606) projected=1 alive=1
2026.09.30-11.33.57 SHOT fighter f-1-sk0 pos=(3,3) world=(100,50,0) screen=(1120,606) projected=1 alive=1
2026.09.30-11.33.57 SHOT camera dist=1930.8 target=1930.8 overview=1930.8 errPct=0.000 focusErr=0.00 settled=1 zoom=1.00
2026.09.30-11.33.57 SHOT head fighter=f-0-hero socket=Head mesh=SK_Medusa_H2LD world=(0.7,49.6,47.0) screen=(961.1,562.4) top=(961.1,556.8) bottom=(961.1,567.9) headPx=11.1 projected=1
2026.09.30-11.33.57 SHOT head fighter=f-0-sk0 socket=Head mesh=SK_Harpy_H3LD world=(199.9,-44.6,34.0) screen=(1275.7,451.5) top=(1276.5,445.8) bottom=(1274.9,457.2) headPx=11.4 projected=1
2026.09.30-11.33.57 SHOT head fighter=f-0-sk1 socket=Head mesh=SK_Harpy_H3LD world=(-0.0,-144.8,34.2) screen=(959.9,328.1) top=(959.9,322.2) bottom=(960.0,333.8) headPx=11.6 projected=1
2026.09.30-11.33.57 SHOT head fighter=f-0-sk2 socket=Head mesh=SK_Harpy_H3LD world=(-100.6,-44.9,34.2) screen=(801.1,451.0) top=(800.7,445.3) bottom=(801.5,456.6) headPx=11.3 projected=1
2026.09.30-11.33.57 SHOT head fighter=f-1-hero socket=Head mesh=SK_KingArthur_H2LD world=(-100.6,49.4,50.1) screen=(795.5,559.2) top=(795.0,553.6) bottom=(795.9,564.7) headPx=11.2 projected=1
2026.09.30-11.33.57 SHOT head fighter=f-1-sk0 socket=Head mesh=SK_Merlin_H2LD world=(100.0,46.6,36.4) screen=(1122.5,568.2) top=(1122.9,562.6) bottom=(1122.1,573.7) headPx=11.1 projected=1
2026.09.30-11.33.57 SHOT figure fighter=f-0-hero bbox=(913,517,1007,644) ringR=28.50 art=1 blockout=0 team=P1 look=P1 ring=1
2026.09.30-11.33.57 SHOT figure fighter=f-0-sk0 bbox=(1234,409,1314,504) ringR=22.23 art=1 blockout=0 team=P1 look=P1 ring=1
2026.09.30-11.33.57 SHOT figure fighter=f-0-sk1 bbox=(926,288,994,381) ringR=22.23 art=1 blockout=0 team=P1 look=P1 ring=1
2026.09.30-11.33.57 SHOT figure fighter=f-0-sk2 bbox=(765,409,840,504) ringR=22.23 art=1 blockout=0 team=P1 look=P1 ring=1
2026.09.30-11.33.57 SHOT figure fighter=f-1-hero bbox=(747,513,847,644) ringR=28.50 art=1 blockout=0 team=P2 look=P2 ring=1
2026.09.30-11.33.57 SHOT figure fighter=f-1-sk0 bbox=(1084,531,1161,635) ringR=22.23 art=1 blockout=0 team=P2 look=P2 ring=1
2026.09.30-11.33.57 SHOT request file=s09-resolve-blocked-BOOST_CHOICE.png frame=759
2026.09.30-11.33.57 SHOT requested: FScreenshotRequest(bShowUI) -> C:\Users\ren\AppData\Local\Temp\s09-combat-20260930-163323-20236\joiner/s09-resolve-blocked-BOOST_CHOICE.png
2026.09.30-11.33.57 TAG fighter=f-0-hero bbox=(909,493,1011,515) mode=compact look=P1 placement=above ring=0 hardPx2=0 softPx2=0 order=4 bound=1
2026.09.30-11.33.57 TAG fighter=f-0-sk0 bbox=(1232,385,1316,407) mode=compact look=P1 placement=above ring=0 hardPx2=0 softPx2=0 order=3 bound=1
2026.09.30-11.33.57 TAG fighter=f-0-sk1 bbox=(918,264,1002,286) mode=compact look=P1 placement=above ring=0 hardPx2=0 softPx2=0 order=1 bound=1
2026.09.30-11.33.57 TAG fighter=f-0-sk2 bbox=(761,385,845,407) mode=compact look=P1 placement=above ring=0 hardPx2=0 softPx2=0 order=2 bound=1
2026.09.30-11.33.57 TAG fighter=f-1-hero bbox=(643,513,745,535) mode=compact look=P2 placement=left ring=0 hardPx2=0 softPx2=0 order=0 bound=1
2026.09.30-11.33.57 TAG fighter=f-1-sk0 bbox=(1080,507,1164,529) mode=compact look=P2 placement=above ring=0 hardPx2=0 softPx2=0 order=5 bound=1
2026.09.30-11.33.57 ICON fighter=f-1-hero bbox=(850,543,882,575) size=32 src=combat anchor=right fallback=0 overlapPx2=0 texture=/Game/ArtTests/ARTMarkers/Textures/T_UI_Action_AttackToken_32
2026.09.30-11.33.57 SHOT captured file=s09-resolve-blocked-BOOST_CHOICE.png frame=759 px=1920x1080 sha256=4897eacc4715ba03ee93a9781aee519dcf0f5dd734c65d252a200c38c4315672 order=BGRA saved=1
2026.09.30-11.33.57 SHOT late begin file=s09-resolve-blocked-BOOST_CHOICE.png frame=759 requestFrame=759
2026.09.30-11.33.57 SHOT icon fighter=f-1-hero bbox=(850,543,882,575) size=32 src=combat planned=(850,543,882,575) geom=painted visible=1 anchor=right fallback=0 overlapPx2=0 texture=/Game/ArtTests/ARTMarkers/Textures/T_UI_Action_AttackToken_32 frame=759
2026.09.30-11.33.57 SHOT widget id=icon impl=umg state=combat fighter=f-1-hero bbox=(850,543,882,575) geom=painted visible=1 twin=0 source=/Game/S08/UI/ArtHud/WBP_S08ArtIcon frame=759
2026.09.30-11.33.57 SHOT widget id=board.tag impl=umg state=compact fighter=f-0-hero bbox=(909,493,1011,515) geom=painted visible=1 twin=0 source=/Game/S08/UI/ArtHud/WBP_S08ArtTag mode=compact look=P1 shape=circle placement=above ring=0 order=4 bound=1 softPx2=0 planned=(909,493,1011,515) frame=759
2026.09.30-11.33.57 SHOT widget id=board.tag.hp impl=umg state=compact fighter=f-0-hero bbox=(965,495,1007,513) geom=painted visible=1 twin=0 source=/Game/S08/UI/ArtHud/WBP_S08ArtTag mode=compact look=P1 shape=circle placement=above ring=0 order=4 bound=1 softPx2=0 planned=(909,493,1011,515) frame=759 font=11
2026.09.30-11.33.57 SHOT widget id=board.tag.bar impl=umg state=compact fighter=f-0-hero bbox=(928,502,962,507) geom=painted visible=1 twin=0 source=/Game/S08/UI/ArtHud/WBP_S08ArtTag mode=compact look=P1 shape=circle placement=above ring=0 order=4 bound=1 softPx2=0 planned=(909,493,1011,515) frame=759
2026.09.30-11.33.57 SHOT widget id=board.tag.chip impl=umg state=compact fighter=f-0-hero bbox=(913,498,925,510) geom=painted visible=1 twin=0 source=/Game/S08/UI/ArtHud/WBP_S08ArtTag mode=compact look=P1 shape=circle placement=above ring=0 order=4 bound=1 softPx2=0 planned=(909,493,1011,515) frame=759
2026.09.30-11.33.57 SHOT widget id=board.tag impl=umg state=compact fighter=f-0-sk0 bbox=(1232,385,1316,407) geom=painted visible=1 twin=0 source=/Game/S08/UI/ArtHud/WBP_S08ArtTag mode=compact look=P1 shape=circle placement=above ring=0 order=3 bound=1 softPx2=0 planned=(1232,385,1316,407) frame=759
2026.09.30-11.33.57 SHOT widget id=board.tag.hp impl=umg state=compact fighter=f-0-sk0 bbox=(1288,387,1312,405) geom=painted visible=1 twin=0 source=/Game/S08/UI/ArtHud/WBP_S08ArtTag mode=compact look=P1 shape=circle placement=above ring=0 order=3 bound=1 softPx2=0 planned=(1232,385,1316,407) frame=759 font=11
2026.09.30-11.33.57 SHOT widget id=board.tag.bar impl=umg state=compact fighter=f-0-sk0 bbox=(1251,394,1285,399) geom=painted visible=1 twin=0 source=/Game/S08/UI/ArtHud/WBP_S08ArtTag mode=compact look=P1 shape=circle placement=above ring=0 order=3 bound=1 softPx2=0 planned=(1232,385,1316,407) frame=759
2026.09.30-11.33.57 SHOT widget id=board.tag.chip impl=umg state=compact fighter=f-0-sk0 bbox=(1236,390,1248,402) geom=painted visible=1 twin=0 source=/Game/S08/UI/ArtHud/WBP_S08ArtTag mode=compact look=P1 shape=circle placement=above ring=0 order=3 bound=1 softPx2=0 planned=(1232,385,1316,407) frame=759
2026.09.30-11.33.57 SHOT widget id=board.tag impl=umg state=compact fighter=f-0-sk1 bbox=(918,264,1002,286) geom=painted visible=1 twin=0 source=/Game/S08/UI/ArtHud/WBP_S08ArtTag mode=compact look=P1 shape=circle placement=above ring=0 order=1 bound=1 softPx2=0 planned=(918,264,1002,286) frame=759
2026.09.30-11.33.57 SHOT widget id=board.tag.hp impl=umg state=compact fighter=f-0-sk1 bbox=(974,266,998,284) geom=painted visible=1 twin=0 source=/Game/S08/UI/ArtHud/WBP_S08ArtTag mode=compact look=P1 shape=circle placement=above ring=0 order=1 bound=1 softPx2=0 planned=(918,264,1002,286) frame=759 font=11
2026.09.30-11.33.57 SHOT widget id=board.tag.bar impl=umg state=compact fighter=f-0-sk1 bbox=(937,273,971,278) geom=painted visible=1 twin=0 source=/Game/S08/UI/ArtHud/WBP_S08ArtTag mode=compact look=P1 shape=circle placement=above ring=0 order=1 bound=1 softPx2=0 planned=(918,264,1002,286) frame=759
2026.09.30-11.33.57 SHOT widget id=board.tag.chip impl=umg state=compact fighter=f-0-sk1 bbox=(922,269,934,281) geom=painted visible=1 twin=0 source=/Game/S08/UI/ArtHud/WBP_S08ArtTag mode=compact look=P1 shape=circle placement=above ring=0 order=1 bound=1 softPx2=0 planned=(918,264,1002,286) frame=759
2026.09.30-11.33.57 SHOT widget id=board.tag impl=umg state=compact fighter=f-0-sk2 bbox=(761,385,845,407) geom=painted visible=1 twin=0 source=/Game/S08/UI/ArtHud/WBP_S08ArtTag mode=compact look=P1 shape=circle placement=above ring=0 order=2 bound=1 softPx2=0 planned=(761,385,845,407) frame=759
2026.09.30-11.33.57 SHOT widget id=board.tag.hp impl=umg state=compact fighter=f-0-sk2 bbox=(817,387,841,405) geom=painted visible=1 twin=0 source=/Game/S08/UI/ArtHud/WBP_S08ArtTag mode=compact look=P1 shape=circle placement=above ring=0 order=2 bound=1 softPx2=0 planned=(761,385,845,407) frame=759 font=11
2026.09.30-11.33.57 SHOT widget id=board.tag.bar impl=umg state=compact fighter=f-0-sk2 bbox=(780,394,814,399) geom=painted visible=1 twin=0 source=/Game/S08/UI/ArtHud/WBP_S08ArtTag mode=compact look=P1 shape=circle placement=above ring=0 order=2 bound=1 softPx2=0 planned=(761,385,845,407) frame=759
2026.09.30-11.33.57 SHOT widget id=board.tag.chip impl=umg state=compact fighter=f-0-sk2 bbox=(765,390,777,402) geom=painted visible=1 twin=0 source=/Game/S08/UI/ArtHud/WBP_S08ArtTag mode=compact look=P1 shape=circle placement=above ring=0 order=2 bound=1 softPx2=0 planned=(761,385,845,407) frame=759
2026.09.30-11.33.57 SHOT widget id=board.tag impl=umg state=compact fighter=f-1-hero bbox=(643,513,745,535) geom=painted visible=1 twin=0 source=/Game/S08/UI/ArtHud/WBP_S08ArtTag mode=compact look=P2 shape=hex placement=left ring=0 order=0 bound=1 softPx2=0 planned=(643,513,745,535) frame=759
2026.09.30-11.33.57 SHOT widget id=board.tag.hp impl=umg state=compact fighter=f-1-hero bbox=(699,515,741,533) geom=painted visible=1 twin=0 source=/Game/S08/UI/ArtHud/WBP_S08ArtTag mode=compact look=P2 shape=hex placement=left ring=0 order=0 bound=1 softPx2=0 planned=(643,513,745,535) frame=759 font=11
2026.09.30-11.33.57 SHOT widget id=board.tag.bar impl=umg state=compact fighter=f-1-hero bbox=(662,522,696,527) geom=painted visible=1 twin=0 source=/Game/S08/UI/ArtHud/WBP_S08ArtTag mode=compact look=P2 shape=hex placement=left ring=0 order=0 bound=1 softPx2=0 planned=(643,513,745,535) frame=759
2026.09.30-11.33.57 SHOT widget id=board.tag.chip impl=umg state=compact fighter=f-1-hero bbox=(647,518,659,530) geom=painted visible=1 twin=0 source=/Game/S08/UI/ArtHud/WBP_S08ArtTag mode=compact look=P2 shape=hex placement=left ring=0 order=0 bound=1 softPx2=0 planned=(643,513,745,535) frame=759
2026.09.30-11.33.57 SHOT widget id=board.tag impl=umg state=compact fighter=f-1-sk0 bbox=(1080,507,1164,529) geom=painted visible=1 twin=0 source=/Game/S08/UI/ArtHud/WBP_S08ArtTag mode=compact look=P2 shape=hex placement=above ring=0 order=5 bound=1 softPx2=0 planned=(1080,507,1164,529) frame=759
2026.09.30-11.33.57 SHOT widget id=board.tag.hp impl=umg state=compact fighter=f-1-sk0 bbox=(1136,509,1160,527) geom=painted visible=1 twin=0 source=/Game/S08/UI/ArtHud/WBP_S08ArtTag mode=compact look=P2 shape=hex placement=above ring=0 order=5 bound=1 softPx2=0 planned=(1080,507,1164,529) frame=759 font=11
2026.09.30-11.33.57 SHOT widget id=board.tag.bar impl=umg state=compact fighter=f-1-sk0 bbox=(1099,516,1133,521) geom=painted visible=1 twin=0 source=/Game/S08/UI/ArtHud/WBP_S08ArtTag mode=compact look=P2 shape=hex placement=above ring=0 order=5 bound=1 softPx2=0 planned=(1080,507,1164,529) frame=759
2026.09.30-11.33.57 SHOT widget id=board.tag.chip impl=umg state=compact fighter=f-1-sk0 bbox=(1084,512,1096,524) geom=painted visible=1 twin=0 source=/Game/S08/UI/ArtHud/WBP_S08ArtTag mode=compact look=P2 shape=hex placement=above ring=0 order=5 bound=1 softPx2=0 planned=(1080,507,1164,529) frame=759
2026.09.30-11.33.57 SHOT panel id=hud.command bbox=(0,0,698,278) geom=painted visible=1 frame=759
2026.09.30-11.33.57 SHOT panel id=hud.side bbox=(1431,0,1920,121) geom=painted visible=1 frame=759
2026.09.30-11.33.57 SHOT panel id=hud.hand bbox=(377,985,1543,1080) geom=painted visible=1 frame=759
2026.09.30-11.33.57 SHOT late end file=s09-resolve-blocked-BOOST_CHOICE.png frame=759
2026.09.30-11.33.57 ARTPREVIEW anim fighter=f-0-hero clip=Idle len=2.333 event=clipFinished loop=1 phase=0.8071 seq=-1 asset=AM_Medusa_Idle
2026.09.30-11.33.58 game -> room=cmuo11ar100ubwiwwv3dxqwgm code=<redacted> status=IN_PROGRESS
2026.09.30-11.34.01 PERF window t=25.1-30.1 frames=135 fps=26.96 frameMs avg=37.10 p50=33.33 p95=33.33 p99=161.67 max=164.85 hitches50=4 gpuMs avg=1.94 p50=1.90 p95=2.16 gameMs avg=6.01 p95=12.05 renderMs avg=3.13 p95=4.27
2026.09.30-11.34.01 game -> room=cmuo11ar100ubwiwwv3dxqwgm code=<redacted> status=IN_PROGRESS
2026.09.30-11.34.01 SNAPSHOT applied seq=25 phase=ACTION_MANEUVER
2026.09.30-11.34.01 HANDLE_APPLIED #35 seq=25 decision=2 fightersValid=1 boardValid=1
2026.09.30-11.34.01 COMBAT-RESULT seq=25 damage=3 role=defended
2026.09.30-11.34.01 S09AUTO combat-result shot
2026.09.30-11.34.01 SHOT ctx viewport=1920x1080 viewTarget=CameraActor_2147482348 cam=(0,1107,1582) rot=(-55,-90,0)
2026.09.30-11.34.01 RENDER tag=SHOT rhi=D3D12 featureLevel=SM6 shaderPlatform=PCD3D_SM6 lumenPlatform=1 gi=lumen giMethod=1 refl=lumen reflMethod=1 shadows=csm vsmEnable=0 sg.res=100 sg.view=2 sg.aa=2 sg.shadow=2 sg.gi=2 sg.refl=2 sg.pp=2 sg.tex=2 sg.fx=2 sg.foliage=2 sg.shading=2 sg.landscape=2 preset=High screenPct=100.0 screenPctMode=0 aa=TSR aaMethod=4 exposure=fixed-histogram expMin=4.14106 expMax=4.14106 expBias=0.000 ev100=2.05 lightUnits=candelas sky=1 skyIntensity=11.200 keyShadow=csm-3000uu-2c-contact0.000 shadowCasters=1 profile=cobble-probe profilesSha256=1ecc1e9281845655acf8b31f1dcf52a7510abfc8ba8505525ad72ee8f4ce3c4c profilesSource=pak legacyRender=0 gameLayer=unlit-eyeadaptinv tMaxFPS=30.0 vsync=0 frameRateLimit=60.0 substrate=0 nanite=1 meshDF=1 viewport=1920x1080 reference=1
2026.09.30-11.34.01 SHOT fighter f-0-hero pos=(2,3) world=(0,50,0) screen=(960,606) projected=1 alive=1
2026.09.30-11.34.01 SHOT fighter f-0-sk0 pos=(4,2) world=(200,-50,0) screen=(1271,476) projected=1 alive=1
2026.09.30-11.34.01 SHOT fighter f-0-sk1 pos=(2,1) world=(0,-150,0) screen=(960,355) projected=1 alive=1
2026.09.30-11.34.01 SHOT fighter f-0-sk2 pos=(1,2) world=(-100,-50,0) screen=(805,476) projected=1 alive=1
2026.09.30-11.34.01 SHOT fighter f-1-hero pos=(1,3) world=(-100,50,0) screen=(800,606) projected=1 alive=1
2026.09.30-11.34.01 SHOT fighter f-1-sk0 pos=(3,3) world=(100,50,0) screen=(1120,606) projected=1 alive=1
2026.09.30-11.34.01 SHOT camera dist=1930.8 target=1930.8 overview=1930.8 errPct=0.000 focusErr=0.00 settled=1 zoom=1.00
2026.09.30-11.34.01 SHOT head fighter=f-0-hero socket=Head mesh=SK_Medusa_H2LD world=(-0.1,48.7,47.1) screen=(959.9,561.1) top=(959.9,555.5) bottom=(959.9,566.6) headPx=11.1 projected=1
2026.09.30-11.34.01 SHOT head fighter=f-0-sk0 socket=Head mesh=SK_Harpy_H3LD world=(200.1,-44.6,34.0) screen=(1275.9,451.6) top=(1276.7,445.9) bottom=(1275.1,457.2) headPx=11.4 projected=1
2026.09.30-11.34.01 SHOT head fighter=f-0-sk1 socket=Head mesh=SK_Harpy_H3LD world=(-0.3,-145.1,34.3) screen=(959.6,327.6) top=(959.6,321.8) bottom=(959.6,333.4) headPx=11.6 projected=1
2026.09.30-11.34.01 SHOT head fighter=f-0-sk2 socket=Head mesh=SK_Harpy_H3LD world=(-100.7,-44.7,34.0) screen=(800.9,451.4) top=(800.5,445.7) bottom=(801.3,457.0) headPx=11.3 projected=1
2026.09.30-11.34.01 SHOT head fighter=f-1-hero socket=Head mesh=SK_KingArthur_H2LD world=(-99.7,49.1,50.1) screen=(796.9,558.7) top=(796.5,553.1) bottom=(797.3,564.3) headPx=11.2 projected=1
2026.09.30-11.34.01 SHOT head fighter=f-1-sk0 socket=Head mesh=SK_Merlin_H2LD world=(100.3,47.2,36.6) screen=(1123.0,568.7) top=(1123.4,563.1) bottom=(1122.6,574.2) headPx=11.1 projected=1
2026.09.30-11.34.01 SHOT figure fighter=f-0-hero bbox=(913,517,1007,644) ringR=28.50 art=1 blockout=0 team=P1 look=P1 ring=1
2026.09.30-11.34.01 SHOT figure fighter=f-0-sk0 bbox=(1234,409,1314,504) ringR=22.23 art=1 blockout=0 team=P1 look=P1 ring=1
2026.09.30-11.34.01 SHOT figure fighter=f-0-sk1 bbox=(926,288,994,381) ringR=22.23 art=1 blockout=0 team=P1 look=P1 ring=1
2026.09.30-11.34.01 SHOT figure fighter=f-0-sk2 bbox=(765,409,840,504) ringR=22.23 art=1 blockout=0 team=P1 look=P1 ring=1
2026.09.30-11.34.01 SHOT figure fighter=f-1-hero bbox=(747,513,847,644) ringR=28.50 art=1 blockout=0 team=P2 look=P2 ring=1
2026.09.30-11.34.01 SHOT figure fighter=f-1-sk0 bbox=(1084,531,1161,635) ringR=22.23 art=1 blockout=0 team=P2 look=P2 ring=1
2026.09.30-11.34.01 SHOT request file=s09-combat-result.png frame=877
2026.09.30-11.34.01 SHOT requested: FScreenshotRequest(bShowUI) -> C:\Users\ren\AppData\Local\Temp\s09-combat-20260930-163323-20236\joiner/s09-combat-result.png
2026.09.30-11.34.01 ARTPREVIEW combat marker fighter=Medusa attacker=0 target=0 icon=0 targetMesh=SM_Marker_TargetRing iconMode=screen
2026.09.30-11.34.01 ARTPREVIEW combat marker fighter=King Arthur attacker=0 target=0 icon=0 targetMesh=SM_Marker_TargetRing iconMode=screen
2026.09.30-11.34.01 RESOLVE panel revealed: A3+B0 vs D1
2026.09.30-11.34.01 closed mode=
2026.09.30-11.34.01 MODE seq=25 mode=0 combat=0 pending=0
2026.09.30-11.34.01 HUD seq=25 phase=ACTION_MANEUVER turn=you hand=7 oppHand=6(hidden) oppDeck=20~ deck=21~ discard=3
2026.09.30-11.34.01 ARTPREVIEW fighter=Medusa hero=1 eligible=0 visual=1 mesh=SK_Medusa_H2LD
2026.09.30-11.34.01 FIGHTERS synced n=6 alive=6 own=2 enemy=4
2026.09.30-11.34.01 ARTPREVIEW damage-number fighter=f-1-hero amount=3 seq=25 cell=(1,3)
2026.09.30-11.34.01 ARTPREVIEW anim fighter=f-1-hero clip=HitReact len=0.417 event=damaged loop=0 phase=0.0000 seq=25 asset=AM_KingArthur_HitReact
2026.09.30-11.34.01 S09AUTO damage-combat scheduled fighter=f-1-hero amount=3 seq=25 source=cue-on-closed-combat-target combatResultSeq=25
2026.09.30-11.34.01 CUE damage f-1-hero -3 seq=25
2026.09.30-11.34.01 WS seq=25 phase=ACTION_MANEUVER (apply)
2026.09.30-11.34.01 SHOT late begin file=s09-combat-result.png frame=877 requestFrame=877
2026.09.30-11.34.01 SHOT icon fighter=f-1-hero bbox=(850,543,882,575) size=32 src=combat planned=(850,543,882,575) geom=painted visible=1 anchor=right fallback=0 overlapPx2=0 texture=/Game/ArtTests/ARTMarkers/Textures/T_UI_Action_AttackToken_32 frame=877
2026.09.30-11.34.01 SHOT widget id=icon impl=umg state=combat fighter=f-1-hero bbox=(850,543,882,575) geom=painted visible=1 twin=0 source=/Game/S08/UI/ArtHud/WBP_S08ArtIcon frame=877
2026.09.30-11.34.01 SHOT widget id=board.tag impl=umg state=compact fighter=f-0-hero bbox=(909,493,1011,515) geom=painted visible=1 twin=0 source=/Game/S08/UI/ArtHud/WBP_S08ArtTag mode=compact look=P1 shape=circle placement=above ring=0 order=4 bound=1 softPx2=0 planned=(909,493,1011,515) frame=877
2026.09.30-11.34.01 SHOT widget id=board.tag.hp impl=umg state=compact fighter=f-0-hero bbox=(965,495,1007,513) geom=painted visible=1 twin=0 source=/Game/S08/UI/ArtHud/WBP_S08ArtTag mode=compact look=P1 shape=circle placement=above ring=0 order=4 bound=1 softPx2=0 planned=(909,493,1011,515) frame=877 font=11
2026.09.30-11.34.01 SHOT widget id=board.tag.bar impl=umg state=compact fighter=f-0-hero bbox=(928,502,962,507) geom=painted visible=1 twin=0 source=/Game/S08/UI/ArtHud/WBP_S08ArtTag mode=compact look=P1 shape=circle placement=above ring=0 order=4 bound=1 softPx2=0 planned=(909,493,1011,515) frame=877
2026.09.30-11.34.01 SHOT widget id=board.tag.chip impl=umg state=compact fighter=f-0-hero bbox=(913,498,925,510) geom=painted visible=1 twin=0 source=/Game/S08/UI/ArtHud/WBP_S08ArtTag mode=compact look=P1 shape=circle placement=above ring=0 order=4 bound=1 softPx2=0 planned=(909,493,1011,515) frame=877
2026.09.30-11.34.01 SHOT widget id=board.tag impl=umg state=compact fighter=f-0-sk0 bbox=(1232,385,1316,407) geom=painted visible=1 twin=0 source=/Game/S08/UI/ArtHud/WBP_S08ArtTag mode=compact look=P1 shape=circle placement=above ring=0 order=3 bound=1 softPx2=0 planned=(1232,385,1316,407) frame=877
2026.09.30-11.34.01 SHOT widget id=board.tag.hp impl=umg state=compact fighter=f-0-sk0 bbox=(1288,387,1312,405) geom=painted visible=1 twin=0 source=/Game/S08/UI/ArtHud/WBP_S08ArtTag mode=compact look=P1 shape=circle placement=above ring=0 order=3 bound=1 softPx2=0 planned=(1232,385,1316,407) frame=877 font=11
2026.09.30-11.34.01 SHOT widget id=board.tag.bar impl=umg state=compact fighter=f-0-sk0 bbox=(1251,394,1285,399) geom=painted visible=1 twin=0 source=/Game/S08/UI/ArtHud/WBP_S08ArtTag mode=compact look=P1 shape=circle placement=above ring=0 order=3 bound=1 softPx2=0 planned=(1232,385,1316,407) frame=877
2026.09.30-11.34.01 SHOT widget id=board.tag.chip impl=umg state=compact fighter=f-0-sk0 bbox=(1236,390,1248,402) geom=painted visible=1 twin=0 source=/Game/S08/UI/ArtHud/WBP_S08ArtTag mode=compact look=P1 shape=circle placement=above ring=0 order=3 bound=1 softPx2=0 planned=(1232,385,1316,407) frame=877
2026.09.30-11.34.01 SHOT widget id=board.tag impl=umg state=compact fighter=f-0-sk1 bbox=(918,264,1002,286) geom=painted visible=1 twin=0 source=/Game/S08/UI/ArtHud/WBP_S08ArtTag mode=compact look=P1 shape=circle placement=above ring=0 order=1 bound=1 softPx2=0 planned=(918,264,1002,286) frame=877
2026.09.30-11.34.01 SHOT widget id=board.tag.hp impl=umg state=compact fighter=f-0-sk1 bbox=(974,266,998,284) geom=painted visible=1 twin=0 source=/Game/S08/UI/ArtHud/WBP_S08ArtTag mode=compact look=P1 shape=circle placement=above ring=0 order=1 bound=1 softPx2=0 planned=(918,264,1002,286) frame=877 font=11
2026.09.30-11.34.01 SHOT widget id=board.tag.bar impl=umg state=compact fighter=f-0-sk1 bbox=(937,273,971,278) geom=painted visible=1 twin=0 source=/Game/S08/UI/ArtHud/WBP_S08ArtTag mode=compact look=P1 shape=circle placement=above ring=0 order=1 bound=1 softPx2=0 planned=(918,264,1002,286) frame=877
2026.09.30-11.34.01 SHOT widget id=board.tag.chip impl=umg state=compact fighter=f-0-sk1 bbox=(922,269,934,281) geom=painted visible=1 twin=0 source=/Game/S08/UI/ArtHud/WBP_S08ArtTag mode=compact look=P1 shape=circle placement=above ring=0 order=1 bound=1 softPx2=0 planned=(918,264,1002,286) frame=877
2026.09.30-11.34.01 SHOT widget id=board.tag impl=umg state=compact fighter=f-0-sk2 bbox=(761,385,845,407) geom=painted visible=1 twin=0 source=/Game/S08/UI/ArtHud/WBP_S08ArtTag mode=compact look=P1 shape=circle placement=above ring=0 order=2 bound=1 softPx2=0 planned=(761,385,845,407) frame=877
2026.09.30-11.34.01 SHOT widget id=board.tag.hp impl=umg state=compact fighter=f-0-sk2 bbox=(817,387,841,405) geom=painted visible=1 twin=0 source=/Game/S08/UI/ArtHud/WBP_S08ArtTag mode=compact look=P1 shape=circle placement=above ring=0 order=2 bound=1 softPx2=0 planned=(761,385,845,407) frame=877 font=11
2026.09.30-11.34.01 SHOT widget id=board.tag.bar impl=umg state=compact fighter=f-0-sk2 bbox=(780,394,814,399) geom=painted visible=1 twin=0 source=/Game/S08/UI/ArtHud/WBP_S08ArtTag mode=compact look=P1 shape=circle placement=above ring=0 order=2 bound=1 softPx2=0 planned=(761,385,845,407) frame=877
2026.09.30-11.34.01 SHOT widget id=board.tag.chip impl=umg state=compact fighter=f-0-sk2 bbox=(765,390,777,402) geom=painted visible=1 twin=0 source=/Game/S08/UI/ArtHud/WBP_S08ArtTag mode=compact look=P1 shape=circle placement=above ring=0 order=2 bound=1 softPx2=0 planned=(761,385,845,407) frame=877
2026.09.30-11.34.01 SHOT widget id=board.tag impl=umg state=compact fighter=f-1-hero bbox=(643,513,745,535) geom=painted visible=1 twin=0 source=/Game/S08/UI/ArtHud/WBP_S08ArtTag mode=compact look=P2 shape=hex placement=left ring=0 order=0 bound=1 softPx2=0 planned=(643,513,745,535) frame=877
2026.09.30-11.34.01 SHOT widget id=board.tag.hp impl=umg state=compact fighter=f-1-hero bbox=(699,515,741,533) geom=painted visible=1 twin=0 source=/Game/S08/UI/ArtHud/WBP_S08ArtTag mode=compact look=P2 shape=hex placement=left ring=0 order=0 bound=1 softPx2=0 planned=(643,513,745,535) frame=877 font=11
2026.09.30-11.34.01 SHOT widget id=board.tag.bar impl=umg state=compact fighter=f-1-hero bbox=(662,522,696,527) geom=painted visible=1 twin=0 source=/Game/S08/UI/ArtHud/WBP_S08ArtTag mode=compact look=P2 shape=hex placement=left ring=0 order=0 bound=1 softPx2=0 planned=(643,513,745,535) frame=877
2026.09.30-11.34.01 SHOT widget id=board.tag.chip impl=umg state=compact fighter=f-1-hero bbox=(647,518,659,530) geom=painted visible=1 twin=0 source=/Game/S08/UI/ArtHud/WBP_S08ArtTag mode=compact look=P2 shape=hex placement=left ring=0 order=0 bound=1 softPx2=0 planned=(643,513,745,535) frame=877
2026.09.30-11.34.01 SHOT widget id=board.tag impl=umg state=compact fighter=f-1-sk0 bbox=(1080,507,1164,529) geom=painted visible=1 twin=0 source=/Game/S08/UI/ArtHud/WBP_S08ArtTag mode=compact look=P2 shape=hex placement=above ring=0 order=5 bound=1 softPx2=0 planned=(1080,507,1164,529) frame=877
2026.09.30-11.34.01 SHOT widget id=board.tag.hp impl=umg state=compact fighter=f-1-sk0 bbox=(1136,509,1160,527) geom=painted visible=1 twin=0 source=/Game/S08/UI/ArtHud/WBP_S08ArtTag mode=compact look=P2 shape=hex placement=above ring=0 order=5 bound=1 softPx2=0 planned=(1080,507,1164,529) frame=877 font=11
2026.09.30-11.34.01 SHOT widget id=board.tag.bar impl=umg state=compact fighter=f-1-sk0 bbox=(1099,516,1133,521) geom=painted visible=1 twin=0 source=/Game/S08/UI/ArtHud/WBP_S08ArtTag mode=compact look=P2 shape=hex placement=above ring=0 order=5 bound=1 softPx2=0 planned=(1080,507,1164,529) frame=877
2026.09.30-11.34.01 SHOT widget id=board.tag.chip impl=umg state=compact fighter=f-1-sk0 bbox=(1084,512,1096,524) geom=painted visible=1 twin=0 source=/Game/S08/UI/ArtHud/WBP_S08ArtTag mode=compact look=P2 shape=hex placement=above ring=0 order=5 bound=1 softPx2=0 planned=(1080,507,1164,529) frame=877
2026.09.30-11.34.01 SHOT panel id=hud.command bbox=(0,0,698,278) geom=painted visible=1 frame=877
2026.09.30-11.34.01 SHOT panel id=hud.side bbox=(1431,0,1920,121) geom=painted visible=1 frame=877
2026.09.30-11.34.01 SHOT panel id=hud.hand bbox=(377,985,1543,1080) geom=painted visible=1 frame=877
2026.09.30-11.34.01 SHOT late end file=s09-combat-result.png frame=877
2026.09.30-11.34.01 TAG fighter=f-0-hero bbox=(909,493,1011,515) mode=compact look=P1 placement=above ring=0 hardPx2=0 softPx2=0 order=4 bound=1
2026.09.30-11.34.01 TAG fighter=f-0-sk0 bbox=(1232,385,1316,407) mode=compact look=P1 placement=above ring=0 hardPx2=0 softPx2=0 order=3 bound=1
2026.09.30-11.34.01 TAG fighter=f-0-sk1 bbox=(918,264,1002,286) mode=compact look=P1 placement=above ring=0 hardPx2=0 softPx2=0 order=1 bound=1
2026.09.30-11.34.01 TAG fighter=f-0-sk2 bbox=(761,385,845,407) mode=compact look=P1 placement=above ring=0 hardPx2=0 softPx2=0 order=2 bound=1
2026.09.30-11.34.01 TAG fighter=f-1-hero bbox=(643,513,745,535) mode=compact look=P2 placement=left ring=0 hardPx2=0 softPx2=0 order=0 bound=1
2026.09.30-11.34.01 TAG fighter=f-1-sk0 bbox=(1080,507,1164,529) mode=compact look=P2 placement=above ring=0 hardPx2=0 softPx2=0 order=5 bound=1
2026.09.30-11.34.01 HUD icon hidden fighter=f-1-hero
2026.09.30-11.34.01 DAMAGE fighter=f-1-hero bbox=(674,483,714,511) amount=3 seq=25 placement=above ring=0 hardPx2=0 softPx2=0
2026.09.30-11.34.01 SHOT captured file=s09-combat-result.png frame=878 px=1920x1080 sha256=6b6737059e7f42582811a60b93378daa43bcc9d3bfe62eb4e236f88048b8c2cc order=BGRA saved=1
2026.09.30-11.34.01 SHOT late begin file=s09-combat-result.png frame=878 requestFrame=877
2026.09.30-11.34.01 SHOT iconstate visible=0 lastFighter=none frame=878
2026.09.30-11.34.01 SHOT widget id=board.tag impl=umg state=compact fighter=f-0-hero bbox=(909,493,1011,515) geom=painted visible=1 twin=0 source=/Game/S08/UI/ArtHud/WBP_S08ArtTag mode=compact look=P1 shape=circle placement=above ring=0 order=4 bound=1 softPx2=0 planned=(909,493,1011,515) frame=878
2026.09.30-11.34.01 SHOT widget id=board.tag.hp impl=umg state=compact fighter=f-0-hero bbox=(965,495,1007,513) geom=painted visible=1 twin=0 source=/Game/S08/UI/ArtHud/WBP_S08ArtTag mode=compact look=P1 shape=circle placement=above ring=0 order=4 bound=1 softPx2=0 planned=(909,493,1011,515) frame=878 font=11
2026.09.30-11.34.01 SHOT widget id=board.tag.bar impl=umg state=compact fighter=f-0-hero bbox=(928,502,962,507) geom=painted visible=1 twin=0 source=/Game/S08/UI/ArtHud/WBP_S08ArtTag mode=compact look=P1 shape=circle placement=above ring=0 order=4 bound=1 softPx2=0 planned=(909,493,1011,515) frame=878
2026.09.30-11.34.01 SHOT widget id=board.tag.chip impl=umg state=compact fighter=f-0-hero bbox=(913,498,925,510) geom=painted visible=1 twin=0 source=/Game/S08/UI/ArtHud/WBP_S08ArtTag mode=compact look=P1 shape=circle placement=above ring=0 order=4 bound=1 softPx2=0 planned=(909,493,1011,515) frame=878
2026.09.30-11.34.01 SHOT widget id=board.tag impl=umg state=compact fighter=f-0-sk0 bbox=(1232,385,1316,407) geom=painted visible=1 twin=0 source=/Game/S08/UI/ArtHud/WBP_S08ArtTag mode=compact look=P1 shape=circle placement=above ring=0 order=3 bound=1 softPx2=0 planned=(1232,385,1316,407) frame=878
2026.09.30-11.34.01 SHOT widget id=board.tag.hp impl=umg state=compact fighter=f-0-sk0 bbox=(1288,387,1312,405) geom=painted visible=1 twin=0 source=/Game/S08/UI/ArtHud/WBP_S08ArtTag mode=compact look=P1 shape=circle placement=above ring=0 order=3 bound=1 softPx2=0 planned=(1232,385,1316,407) frame=878 font=11
2026.09.30-11.34.01 SHOT widget id=board.tag.bar impl=umg state=compact fighter=f-0-sk0 bbox=(1251,394,1285,399) geom=painted visible=1 twin=0 source=/Game/S08/UI/ArtHud/WBP_S08ArtTag mode=compact look=P1 shape=circle placement=above ring=0 order=3 bound=1 softPx2=0 planned=(1232,385,1316,407) frame=878
2026.09.30-11.34.01 SHOT widget id=board.tag.chip impl=umg state=compact fighter=f-0-sk0 bbox=(1236,390,1248,402) geom=painted visible=1 twin=0 source=/Game/S08/UI/ArtHud/WBP_S08ArtTag mode=compact look=P1 shape=circle placement=above ring=0 order=3 bound=1 softPx2=0 planned=(1232,385,1316,407) frame=878
2026.09.30-11.34.01 SHOT widget id=board.tag impl=umg state=compact fighter=f-0-sk1 bbox=(918,264,1002,286) geom=painted visible=1 twin=0 source=/Game/S08/UI/ArtHud/WBP_S08ArtTag mode=compact look=P1 shape=circle placement=above ring=0 order=1 bound=1 softPx2=0 planned=(918,264,1002,286) frame=878
2026.09.30-11.34.01 SHOT widget id=board.tag.hp impl=umg state=compact fighter=f-0-sk1 bbox=(974,266,998,284) geom=painted visible=1 twin=0 source=/Game/S08/UI/ArtHud/WBP_S08ArtTag mode=compact look=P1 shape=circle placement=above ring=0 order=1 bound=1 softPx2=0 planned=(918,264,1002,286) frame=878 font=11
2026.09.30-11.34.01 SHOT widget id=board.tag.bar impl=umg state=compact fighter=f-0-sk1 bbox=(937,273,971,278) geom=painted visible=1 twin=0 source=/Game/S08/UI/ArtHud/WBP_S08ArtTag mode=compact look=P1 shape=circle placement=above ring=0 order=1 bound=1 softPx2=0 planned=(918,264,1002,286) frame=878
2026.09.30-11.34.01 SHOT widget id=board.tag.chip impl=umg state=compact fighter=f-0-sk1 bbox=(922,269,934,281) geom=painted visible=1 twin=0 source=/Game/S08/UI/ArtHud/WBP_S08ArtTag mode=compact look=P1 shape=circle placement=above ring=0 order=1 bound=1 softPx2=0 planned=(918,264,1002,286) frame=878
2026.09.30-11.34.01 SHOT widget id=board.tag impl=umg state=compact fighter=f-0-sk2 bbox=(761,385,845,407) geom=painted visible=1 twin=0 source=/Game/S08/UI/ArtHud/WBP_S08ArtTag mode=compact look=P1 shape=circle placement=above ring=0 order=2 bound=1 softPx2=0 planned=(761,385,845,407) frame=878
2026.09.30-11.34.01 SHOT widget id=board.tag.hp impl=umg state=compact fighter=f-0-sk2 bbox=(817,387,841,405) geom=painted visible=1 twin=0 source=/Game/S08/UI/ArtHud/WBP_S08ArtTag mode=compact look=P1 shape=circle placement=above ring=0 order=2 bound=1 softPx2=0 planned=(761,385,845,407) frame=878 font=11
2026.09.30-11.34.01 SHOT widget id=board.tag.bar impl=umg state=compact fighter=f-0-sk2 bbox=(780,394,814,399) geom=painted visible=1 twin=0 source=/Game/S08/UI/ArtHud/WBP_S08ArtTag mode=compact look=P1 shape=circle placement=above ring=0 order=2 bound=1 softPx2=0 planned=(761,385,845,407) frame=878
2026.09.30-11.34.01 SHOT widget id=board.tag.chip impl=umg state=compact fighter=f-0-sk2 bbox=(765,390,777,402) geom=painted visible=1 twin=0 source=/Game/S08/UI/ArtHud/WBP_S08ArtTag mode=compact look=P1 shape=circle placement=above ring=0 order=2 bound=1 softPx2=0 planned=(761,385,845,407) frame=878
2026.09.30-11.34.01 SHOT widget id=board.tag impl=umg state=compact fighter=f-1-hero bbox=(643,513,745,535) geom=painted visible=1 twin=0 source=/Game/S08/UI/ArtHud/WBP_S08ArtTag mode=compact look=P2 shape=hex placement=left ring=0 order=0 bound=1 softPx2=0 planned=(643,513,745,535) frame=878
2026.09.30-11.34.01 SHOT widget id=board.tag.hp impl=umg state=compact fighter=f-1-hero bbox=(699,515,741,533) geom=painted visible=1 twin=0 source=/Game/S08/UI/ArtHud/WBP_S08ArtTag mode=compact look=P2 shape=hex placement=left ring=0 order=0 bound=1 softPx2=0 planned=(643,513,745,535) frame=878 font=11
2026.09.30-11.34.01 SHOT widget id=board.tag.bar impl=umg state=compact fighter=f-1-hero bbox=(662,522,696,527) geom=painted visible=1 twin=0 source=/Game/S08/UI/ArtHud/WBP_S08ArtTag mode=compact look=P2 shape=hex placement=left ring=0 order=0 bound=1 softPx2=0 planned=(643,513,745,535) frame=878
2026.09.30-11.34.01 SHOT widget id=board.tag.chip impl=umg state=compact fighter=f-1-hero bbox=(647,518,659,530) geom=painted visible=1 twin=0 source=/Game/S08/UI/ArtHud/WBP_S08ArtTag mode=compact look=P2 shape=hex placement=left ring=0 order=0 bound=1 softPx2=0 planned=(643,513,745,535) frame=878
2026.09.30-11.34.01 SHOT widget id=board.tag impl=umg state=compact fighter=f-1-sk0 bbox=(1080,507,1164,529) geom=painted visible=1 twin=0 source=/Game/S08/UI/ArtHud/WBP_S08ArtTag mode=compact look=P2 shape=hex placement=above ring=0 order=5 bound=1 softPx2=0 planned=(1080,507,1164,529) frame=878
2026.09.30-11.34.01 SHOT widget id=board.tag.hp impl=umg state=compact fighter=f-1-sk0 bbox=(1136,509,1160,527) geom=painted visible=1 twin=0 source=/Game/S08/UI/ArtHud/WBP_S08ArtTag mode=compact look=P2 shape=hex placement=above ring=0 order=5 bound=1 softPx2=0 planned=(1080,507,1164,529) frame=878 font=11
2026.09.30-11.34.01 SHOT widget id=board.tag.bar impl=umg state=compact fighter=f-1-sk0 bbox=(1099,516,1133,521) geom=painted visible=1 twin=0 source=/Game/S08/UI/ArtHud/WBP_S08ArtTag mode=compact look=P2 shape=hex placement=above ring=0 order=5 bound=1 softPx2=0 planned=(1080,507,1164,529) frame=878
2026.09.30-11.34.01 SHOT widget id=board.tag.chip impl=umg state=compact fighter=f-1-sk0 bbox=(1084,512,1096,524) geom=painted visible=1 twin=0 source=/Game/S08/UI/ArtHud/WBP_S08ArtTag mode=compact look=P2 shape=hex placement=above ring=0 order=5 bound=1 softPx2=0 planned=(1080,507,1164,529) frame=878
2026.09.30-11.34.01 SHOT widget id=board.damage impl=umg state=damage fighter=f-1-hero bbox=(674,483,714,511) geom=painted visible=1 twin=0 source=/Game/S08/UI/ArtHud/WBP_S08ArtDamage amount=3 seq=25 placement=above_ring=0_hardPx2=0_softPx2=0 stableFrames=0 planned=(674,483,714,511) frame=878
2026.09.30-11.34.01 SHOT widget id=board.damage.text impl=umg state=damage fighter=f-1-hero bbox=(682,483,706,511) geom=painted visible=1 twin=0 source=/Game/S08/UI/ArtHud/WBP_S08ArtDamage amount=3 seq=25 placement=above_ring=0_hardPx2=0_softPx2=0 stableFrames=0 planned=(674,483,714,511) frame=878 font=18
2026.09.30-11.34.01 SHOT damage fighter=f-1-hero bbox=(674,483,714,511) frame=878
2026.09.30-11.34.01 SHOT panel id=hud.command bbox=(0,0,713,209) geom=painted visible=1 frame=878
2026.09.30-11.34.01 SHOT panel id=hud.side bbox=(1421,0,1920,121) geom=painted visible=1 frame=878
2026.09.30-11.34.01 SHOT panel id=hud.hand bbox=(263,985,1658,1080) geom=painted visible=1 frame=878
2026.09.30-11.34.01 SHOT late end file=s09-combat-result.png frame=878
2026.09.30-11.34.01 S09AUTO drive mode=0 plan=[defend+resolve] phase=ACTION_MANEUVER turn=cmukie57j0001wiaofr67k2vd
2026.09.30-11.34.01 S09AUTO own turn #2 (turnCount=6)
2026.09.30-11.34.01 TAG fighter=f-0-hero bbox=(909,493,1011,515) mode=compact look=P1 placement=above ring=0 hardPx2=0 softPx2=0 order=4 bound=1
2026.09.30-11.34.01 TAG fighter=f-0-sk0 bbox=(1232,385,1316,407) mode=compact look=P1 placement=above ring=0 hardPx2=0 softPx2=0 order=3 bound=1
2026.09.30-11.34.01 TAG fighter=f-0-sk1 bbox=(918,264,1002,286) mode=compact look=P1 placement=above ring=0 hardPx2=0 softPx2=0 order=1 bound=1
2026.09.30-11.34.01 TAG fighter=f-0-sk2 bbox=(761,385,845,407) mode=compact look=P1 placement=above ring=0 hardPx2=0 softPx2=0 order=2 bound=1
2026.09.30-11.34.01 TAG fighter=f-1-hero bbox=(643,513,745,535) mode=compact look=P2 placement=left ring=0 hardPx2=0 softPx2=0 order=0 bound=1
2026.09.30-11.34.01 TAG fighter=f-1-sk0 bbox=(1080,507,1164,529) mode=compact look=P2 placement=above ring=0 hardPx2=0 softPx2=0 order=5 bound=1
2026.09.30-11.34.01 S09AUTO damage-number shot stableFrames=2
2026.09.30-11.34.01 SHOT ctx viewport=1920x1080 viewTarget=CameraActor_2147482348 cam=(0,1107,1582) rot=(-55,-90,0)
2026.09.30-11.34.01 RENDER tag=SHOT rhi=D3D12 featureLevel=SM6 shaderPlatform=PCD3D_SM6 lumenPlatform=1 gi=lumen giMethod=1 refl=lumen reflMethod=1 shadows=csm vsmEnable=0 sg.res=100 sg.view=2 sg.aa=2 sg.shadow=2 sg.gi=2 sg.refl=2 sg.pp=2 sg.tex=2 sg.fx=2 sg.foliage=2 sg.shading=2 sg.landscape=2 preset=High screenPct=100.0 screenPctMode=0 aa=TSR aaMethod=4 exposure=fixed-histogram expMin=4.14106 expMax=4.14106 expBias=0.000 ev100=2.05 lightUnits=candelas sky=1 skyIntensity=11.200 keyShadow=csm-3000uu-2c-contact0.000 shadowCasters=1 profile=cobble-probe profilesSha256=1ecc1e9281845655acf8b31f1dcf52a7510abfc8ba8505525ad72ee8f4ce3c4c profilesSource=pak legacyRender=0 gameLayer=unlit-eyeadaptinv tMaxFPS=30.0 vsync=0 frameRateLimit=60.0 substrate=0 nanite=1 meshDF=1 viewport=1920x1080 reference=1
2026.09.30-11.34.01 SHOT fighter f-0-hero pos=(2,3) world=(0,50,0) screen=(960,606) projected=1 alive=1
2026.09.30-11.34.01 SHOT fighter f-0-sk0 pos=(4,2) world=(200,-50,0) screen=(1271,476) projected=1 alive=1
2026.09.30-11.34.01 SHOT fighter f-0-sk1 pos=(2,1) world=(0,-150,0) screen=(960,355) projected=1 alive=1
2026.09.30-11.34.01 SHOT fighter f-0-sk2 pos=(1,2) world=(-100,-50,0) screen=(805,476) projected=1 alive=1
2026.09.30-11.34.01 SHOT fighter f-1-hero pos=(1,3) world=(-100,50,0) screen=(800,606) projected=1 alive=1
2026.09.30-11.34.01 SHOT fighter f-1-sk0 pos=(3,3) world=(100,50,0) screen=(1120,606) projected=1 alive=1
2026.09.30-11.34.01 SHOT camera dist=1930.8 target=1930.8 overview=1930.8 errPct=0.000 focusErr=0.00 settled=1 zoom=1.00
2026.09.30-11.34.01 SHOT head fighter=f-0-hero socket=Head mesh=SK_Medusa_H2LD world=(0.3,48.7,47.1) screen=(960.5,561.1) top=(960.5,555.5) bottom=(960.5,566.6) headPx=11.1 projected=1
2026.09.30-11.34.01 SHOT head fighter=f-0-sk0 socket=Head mesh=SK_Harpy_H3LD world=(200.0,-44.8,34.2) screen=(1275.8,451.2) top=(1276.6,445.5) bottom=(1275.0,456.8) headPx=11.4 projected=1
2026.09.30-11.34.01 SHOT head fighter=f-0-sk1 socket=Head mesh=SK_Harpy_H3LD world=(-0.5,-145.0,34.3) screen=(959.2,327.7) top=(959.2,321.9) bottom=(959.2,333.5) headPx=11.6 projected=1
2026.09.30-11.34.01 SHOT head fighter=f-0-sk2 socket=Head mesh=SK_Harpy_H3LD world=(-100.6,-44.7,34.0) screen=(801.1,451.4) top=(800.7,445.8) bottom=(801.5,457.1) headPx=11.3 projected=1
2026.09.30-11.34.01 SHOT head fighter=f-1-hero socket=Head mesh=SK_KingArthur_H2LD world=(-100.5,53.2,49.4) screen=(795.4,564.9) top=(795.0,559.3) bottom=(795.8,570.5) headPx=11.2 projected=1
2026.09.30-11.34.01 SHOT head fighter=f-1-sk0 socket=Head mesh=SK_Merlin_H2LD world=(100.2,47.3,36.7) screen=(1122.9,568.8) top=(1123.3,563.2) bottom=(1122.5,574.3) headPx=11.1 projected=1
2026.09.30-11.34.01 SHOT figure fighter=f-0-hero bbox=(913,517,1007,644) ringR=28.50 art=1 blockout=0 team=P1 look=P1 ring=1
2026.09.30-11.34.01 SHOT figure fighter=f-0-sk0 bbox=(1234,409,1314,504) ringR=22.23 art=1 blockout=0 team=P1 look=P1 ring=1
2026.09.30-11.34.01 SHOT figure fighter=f-0-sk1 bbox=(926,288,994,381) ringR=22.23 art=1 blockout=0 team=P1 look=P1 ring=1
2026.09.30-11.34.01 SHOT figure fighter=f-0-sk2 bbox=(765,409,840,504) ringR=22.23 art=1 blockout=0 team=P1 look=P1 ring=1
2026.09.30-11.34.01 SHOT figure fighter=f-1-hero bbox=(747,513,847,644) ringR=28.50 art=1 blockout=0 team=P2 look=P2 ring=1
2026.09.30-11.34.01 SHOT figure fighter=f-1-sk0 bbox=(1084,531,1161,635) ringR=22.23 art=1 blockout=0 team=P2 look=P2 ring=1
2026.09.30-11.34.01 SHOT request file=s09-damage-number.png frame=881
2026.09.30-11.34.01 SHOT requested: FScreenshotRequest(bShowUI) -> C:\Users\ren\AppData\Local\Temp\s09-combat-20260930-163323-20236\joiner/s09-damage-number.png
2026.09.30-11.34.01 SHOT captured file=s09-damage-number.png frame=881 px=1920x1080 sha256=f5f7657684c62a6a3fafb8e3550cba76a6c7fc0ace1f30c543edb0e9884efb7f order=BGRA saved=1
2026.09.30-11.34.01 SHOT late begin file=s09-damage-number.png frame=881 requestFrame=881
2026.09.30-11.34.01 SHOT iconstate visible=0 lastFighter=none frame=881
2026.09.30-11.34.01 SHOT widget id=board.tag impl=umg state=compact fighter=f-0-hero bbox=(909,493,1011,515) geom=painted visible=1 twin=0 source=/Game/S08/UI/ArtHud/WBP_S08ArtTag mode=compact look=P1 shape=circle placement=above ring=0 order=4 bound=1 softPx2=0 planned=(909,493,1011,515) frame=881
2026.09.30-11.34.01 SHOT widget id=board.tag.hp impl=umg state=compact fighter=f-0-hero bbox=(965,495,1007,513) geom=painted visible=1 twin=0 source=/Game/S08/UI/ArtHud/WBP_S08ArtTag mode=compact look=P1 shape=circle placement=above ring=0 order=4 bound=1 softPx2=0 planned=(909,493,1011,515) frame=881 font=11
2026.09.30-11.34.01 SHOT widget id=board.tag.bar impl=umg state=compact fighter=f-0-hero bbox=(928,502,962,507) geom=painted visible=1 twin=0 source=/Game/S08/UI/ArtHud/WBP_S08ArtTag mode=compact look=P1 shape=circle placement=above ring=0 order=4 bound=1 softPx2=0 planned=(909,493,1011,515) frame=881
2026.09.30-11.34.01 SHOT widget id=board.tag.chip impl=umg state=compact fighter=f-0-hero bbox=(913,498,925,510) geom=painted visible=1 twin=0 source=/Game/S08/UI/ArtHud/WBP_S08ArtTag mode=compact look=P1 shape=circle placement=above ring=0 order=4 bound=1 softPx2=0 planned=(909,493,1011,515) frame=881
2026.09.30-11.34.01 SHOT widget id=board.tag impl=umg state=compact fighter=f-0-sk0 bbox=(1232,385,1316,407) geom=painted visible=1 twin=0 source=/Game/S08/UI/ArtHud/WBP_S08ArtTag mode=compact look=P1 shape=circle placement=above ring=0 order=3 bound=1 softPx2=0 planned=(1232,385,1316,407) frame=881
2026.09.30-11.34.01 SHOT widget id=board.tag.hp impl=umg state=compact fighter=f-0-sk0 bbox=(1288,387,1312,405) geom=painted visible=1 twin=0 source=/Game/S08/UI/ArtHud/WBP_S08ArtTag mode=compact look=P1 shape=circle placement=above ring=0 order=3 bound=1 softPx2=0 planned=(1232,385,1316,407) frame=881 font=11
2026.09.30-11.34.01 SHOT widget id=board.tag.bar impl=umg state=compact fighter=f-0-sk0 bbox=(1251,394,1285,399) geom=painted visible=1 twin=0 source=/Game/S08/UI/ArtHud/WBP_S08ArtTag mode=compact look=P1 shape=circle placement=above ring=0 order=3 bound=1 softPx2=0 planned=(1232,385,1316,407) frame=881
2026.09.30-11.34.01 SHOT widget id=board.tag.chip impl=umg state=compact fighter=f-0-sk0 bbox=(1236,390,1248,402) geom=painted visible=1 twin=0 source=/Game/S08/UI/ArtHud/WBP_S08ArtTag mode=compact look=P1 shape=circle placement=above ring=0 order=3 bound=1 softPx2=0 planned=(1232,385,1316,407) frame=881
2026.09.30-11.34.01 SHOT widget id=board.tag impl=umg state=compact fighter=f-0-sk1 bbox=(918,264,1002,286) geom=painted visible=1 twin=0 source=/Game/S08/UI/ArtHud/WBP_S08ArtTag mode=compact look=P1 shape=circle placement=above ring=0 order=1 bound=1 softPx2=0 planned=(918,264,1002,286) frame=881
2026.09.30-11.34.01 SHOT widget id=board.tag.hp impl=umg state=compact fighter=f-0-sk1 bbox=(974,266,998,284) geom=painted visible=1 twin=0 source=/Game/S08/UI/ArtHud/WBP_S08ArtTag mode=compact look=P1 shape=circle placement=above ring=0 order=1 bound=1 softPx2=0 planned=(918,264,1002,286) frame=881 font=11
2026.09.30-11.34.01 SHOT widget id=board.tag.bar impl=umg state=compact fighter=f-0-sk1 bbox=(937,273,971,278) geom=painted visible=1 twin=0 source=/Game/S08/UI/ArtHud/WBP_S08ArtTag mode=compact look=P1 shape=circle placement=above ring=0 order=1 bound=1 softPx2=0 planned=(918,264,1002,286) frame=881
2026.09.30-11.34.01 SHOT widget id=board.tag.chip impl=umg state=compact fighter=f-0-sk1 bbox=(922,269,934,281) geom=painted visible=1 twin=0 source=/Game/S08/UI/ArtHud/WBP_S08ArtTag mode=compact look=P1 shape=circle placement=above ring=0 order=1 bound=1 softPx2=0 planned=(918,264,1002,286) frame=881
2026.09.30-11.34.01 SHOT widget id=board.tag impl=umg state=compact fighter=f-0-sk2 bbox=(761,385,845,407) geom=painted visible=1 twin=0 source=/Game/S08/UI/ArtHud/WBP_S08ArtTag mode=compact look=P1 shape=circle placement=above ring=0 order=2 bound=1 softPx2=0 planned=(761,385,845,407) frame=881
2026.09.30-11.34.01 SHOT widget id=board.tag.hp impl=umg state=compact fighter=f-0-sk2 bbox=(817,387,841,405) geom=painted visible=1 twin=0 source=/Game/S08/UI/ArtHud/WBP_S08ArtTag mode=compact look=P1 shape=circle placement=above ring=0 order=2 bound=1 softPx2=0 planned=(761,385,845,407) frame=881 font=11
2026.09.30-11.34.01 SHOT widget id=board.tag.bar impl=umg state=compact fighter=f-0-sk2 bbox=(780,394,814,399) geom=painted visible=1 twin=0 source=/Game/S08/UI/ArtHud/WBP_S08ArtTag mode=compact look=P1 shape=circle placement=above ring=0 order=2 bound=1 softPx2=0 planned=(761,385,845,407) frame=881
2026.09.30-11.34.01 SHOT widget id=board.tag.chip impl=umg state=compact fighter=f-0-sk2 bbox=(765,390,777,402) geom=painted visible=1 twin=0 source=/Game/S08/UI/ArtHud/WBP_S08ArtTag mode=compact look=P1 shape=circle placement=above ring=0 order=2 bound=1 softPx2=0 planned=(761,385,845,407) frame=881
2026.09.30-11.34.01 SHOT widget id=board.tag impl=umg state=compact fighter=f-1-hero bbox=(643,513,745,535) geom=painted visible=1 twin=0 source=/Game/S08/UI/ArtHud/WBP_S08ArtTag mode=compact look=P2 shape=hex placement=left ring=0 order=0 bound=1 softPx2=0 planned=(643,513,745,535) frame=881
2026.09.30-11.34.01 SHOT widget id=board.tag.hp impl=umg state=compact fighter=f-1-hero bbox=(699,515,741,533) geom=painted visible=1 twin=0 source=/Game/S08/UI/ArtHud/WBP_S08ArtTag mode=compact look=P2 shape=hex placement=left ring=0 order=0 bound=1 softPx2=0 planned=(643,513,745,535) frame=881 font=11
2026.09.30-11.34.01 SHOT widget id=board.tag.bar impl=umg state=compact fighter=f-1-hero bbox=(662,522,696,527) geom=painted visible=1 twin=0 source=/Game/S08/UI/ArtHud/WBP_S08ArtTag mode=compact look=P2 shape=hex placement=left ring=0 order=0 bound=1 softPx2=0 planned=(643,513,745,535) frame=881
2026.09.30-11.34.01 SHOT widget id=board.tag.chip impl=umg state=compact fighter=f-1-hero bbox=(647,518,659,530) geom=painted visible=1 twin=0 source=/Game/S08/UI/ArtHud/WBP_S08ArtTag mode=compact look=P2 shape=hex placement=left ring=0 order=0 bound=1 softPx2=0 planned=(643,513,745,535) frame=881
2026.09.30-11.34.01 SHOT widget id=board.tag impl=umg state=compact fighter=f-1-sk0 bbox=(1080,507,1164,529) geom=painted visible=1 twin=0 source=/Game/S08/UI/ArtHud/WBP_S08ArtTag mode=compact look=P2 shape=hex placement=above ring=0 order=5 bound=1 softPx2=0 planned=(1080,507,1164,529) frame=881
2026.09.30-11.34.01 SHOT widget id=board.tag.hp impl=umg state=compact fighter=f-1-sk0 bbox=(1136,509,1160,527) geom=painted visible=1 twin=0 source=/Game/S08/UI/ArtHud/WBP_S08ArtTag mode=compact look=P2 shape=hex placement=above ring=0 order=5 bound=1 softPx2=0 planned=(1080,507,1164,529) frame=881 font=11
2026.09.30-11.34.01 SHOT widget id=board.tag.bar impl=umg state=compact fighter=f-1-sk0 bbox=(1099,516,1133,521) geom=painted visible=1 twin=0 source=/Game/S08/UI/ArtHud/WBP_S08ArtTag mode=compact look=P2 shape=hex placement=above ring=0 order=5 bound=1 softPx2=0 planned=(1080,507,1164,529) frame=881
2026.09.30-11.34.01 SHOT widget id=board.tag.chip impl=umg state=compact fighter=f-1-sk0 bbox=(1084,512,1096,524) geom=painted visible=1 twin=0 source=/Game/S08/UI/ArtHud/WBP_S08ArtTag mode=compact look=P2 shape=hex placement=above ring=0 order=5 bound=1 softPx2=0 planned=(1080,507,1164,529) frame=881
2026.09.30-11.34.01 SHOT widget id=board.damage impl=umg state=damage fighter=f-1-hero bbox=(674,483,714,511) geom=painted visible=1 twin=0 source=/Game/S08/UI/ArtHud/WBP_S08ArtDamage amount=3 seq=25 placement=above_ring=0_hardPx2=0_softPx2=0 stableFrames=3 planned=(674,483,714,511) frame=881
2026.09.30-11.34.01 SHOT widget id=board.damage.text impl=umg state=damage fighter=f-1-hero bbox=(682,483,706,511) geom=painted visible=1 twin=0 source=/Game/S08/UI/ArtHud/WBP_S08ArtDamage amount=3 seq=25 placement=above_ring=0_hardPx2=0_softPx2=0 stableFrames=3 planned=(674,483,714,511) frame=881 font=18
2026.09.30-11.34.01 SHOT damage fighter=f-1-hero bbox=(674,483,714,511) frame=881
2026.09.30-11.34.01 SHOT panel id=hud.command bbox=(0,0,713,209) geom=painted visible=1 frame=881
2026.09.30-11.34.01 SHOT panel id=hud.side bbox=(1421,0,1920,121) geom=painted visible=1 frame=881
2026.09.30-11.34.01 SHOT panel id=hud.hand bbox=(263,985,1658,1080) geom=painted visible=1 frame=881
2026.09.30-11.34.01 SHOT late end file=s09-damage-number.png frame=881
2026.09.30-11.34.01 SNAPSHOT applied seq=26 phase=ACTION_MANEUVER
2026.09.30-11.34.01 HANDLE_APPLIED #36 seq=26 decision=2 fightersValid=1 boardValid=1
2026.09.30-11.34.01 MANEUVER-DRAFT mode=maneuver:6:25
2026.09.30-11.34.01 DRAFT-OPEN draw committed (resume instead of begin)
2026.09.30-11.34.01 MODE seq=26 mode=1 combat=0 pending=0
2026.09.30-11.34.01 HUD seq=26 phase=ACTION_MANEUVER turn=you hand=8 oppHand=6(hidden) oppDeck=20 deck=19 discard=3
2026.09.30-11.34.01 ARTPREVIEW fighter=Medusa hero=1 eligible=0 visual=1 mesh=SK_Medusa_H2LD
2026.09.30-11.34.01 FIGHTERS synced n=6 alive=6 own=2 enemy=4
2026.09.30-11.34.01 MANEUVER begin seq=26 (apply) pending=maneuver:6:25
2026.09.30-11.34.01 SNAPSHOT applied seq=26 phase=ACTION_MANEUVER
2026.09.30-11.34.01 HANDLE_APPLIED #37 seq=26 decision=1 fightersValid=1 boardValid=1
2026.09.30-11.34.01 MODE seq=26 mode=1 combat=0 pending=0
2026.09.30-11.34.01 HUD seq=26 phase=ACTION_MANEUVER turn=you hand=8 oppHand=6(hidden) oppDeck=20 deck=19 discard=3
2026.09.30-11.34.01 ARTPREVIEW fighter=Medusa hero=1 eligible=0 visual=1 mesh=SK_Medusa_H2LD
2026.09.30-11.34.01 FIGHTERS synced n=6 alive=6 own=2 enemy=4
2026.09.30-11.34.01 WS seq=26 phase=ACTION_MANEUVER (merge)
2026.09.30-11.34.01 S09AUTO damage-combat shot fighter=f-1-hero stableFrames=3
2026.09.30-11.34.01 SHOT ctx viewport=1920x1080 viewTarget=CameraActor_2147482348 cam=(0,1107,1582) rot=(-55,-90,0)
2026.09.30-11.34.01 RENDER tag=SHOT rhi=D3D12 featureLevel=SM6 shaderPlatform=PCD3D_SM6 lumenPlatform=1 gi=lumen giMethod=1 refl=lumen reflMethod=1 shadows=csm vsmEnable=0 sg.res=100 sg.view=2 sg.aa=2 sg.shadow=2 sg.gi=2 sg.refl=2 sg.pp=2 sg.tex=2 sg.fx=2 sg.foliage=2 sg.shading=2 sg.landscape=2 preset=High screenPct=100.0 screenPctMode=0 aa=TSR aaMethod=4 exposure=fixed-histogram expMin=4.14106 expMax=4.14106 expBias=0.000 ev100=2.05 lightUnits=candelas sky=1 skyIntensity=11.200 keyShadow=csm-3000uu-2c-contact0.000 shadowCasters=1 profile=cobble-probe profilesSha256=1ecc1e9281845655acf8b31f1dcf52a7510abfc8ba8505525ad72ee8f4ce3c4c profilesSource=pak legacyRender=0 gameLayer=unlit-eyeadaptinv tMaxFPS=30.0 vsync=0 frameRateLimit=60.0 substrate=0 nanite=1 meshDF=1 viewport=1920x1080 reference=1
2026.09.30-11.34.01 SHOT fighter f-0-hero pos=(2,3) world=(0,50,0) screen=(960,606) projected=1 alive=1
2026.09.30-11.34.01 SHOT fighter f-0-sk0 pos=(4,2) world=(200,-50,0) screen=(1271,476) projected=1 alive=1
2026.09.30-11.34.01 SHOT fighter f-0-sk1 pos=(2,1) world=(0,-150,0) screen=(960,355) projected=1 alive=1
2026.09.30-11.34.01 SHOT fighter f-0-sk2 pos=(1,2) world=(-100,-50,0) screen=(805,476) projected=1 alive=1
2026.09.30-11.34.01 SHOT fighter f-1-hero pos=(1,3) world=(-100,50,0) screen=(800,606) projected=1 alive=1
2026.09.30-11.34.01 SHOT fighter f-1-sk0 pos=(3,3) world=(100,50,0) screen=(1120,606) projected=1 alive=1
2026.09.30-11.34.01 SHOT camera dist=1930.8 target=1930.8 overview=1930.8 errPct=0.000 focusErr=0.00 settled=1 zoom=1.00
2026.09.30-11.34.01 SHOT head fighter=f-0-hero socket=Head mesh=SK_Medusa_H2LD world=(0.4,48.7,47.1) screen=(960.6,561.1) top=(960.6,555.5) bottom=(960.6,566.7) headPx=11.1 projected=1
2026.09.30-11.34.01 SHOT head fighter=f-0-sk0 socket=Head mesh=SK_Harpy_H3LD world=(200.0,-44.8,34.2) screen=(1275.7,451.1) top=(1276.5,445.4) bottom=(1274.9,456.7) headPx=11.4 projected=1
2026.09.30-11.34.01 SHOT head fighter=f-0-sk1 socket=Head mesh=SK_Harpy_H3LD world=(-0.6,-145.0,34.2) screen=(959.1,327.8) top=(959.1,322.0) bottom=(959.2,333.6) headPx=11.6 projected=1
2026.09.30-11.34.01 SHOT head fighter=f-0-sk2 socket=Head mesh=SK_Harpy_H3LD world=(-100.6,-44.7,34.0) screen=(801.2,451.4) top=(800.8,445.7) bottom=(801.6,457.1) headPx=11.3 projected=1
2026.09.30-11.34.01 SHOT head fighter=f-1-hero socket=Head mesh=SK_KingArthur_H2LD world=(-100.2,51.7,49.8) screen=(796.1,562.5) top=(795.6,556.9) bottom=(796.5,568.1) headPx=11.2 projected=1
2026.09.30-11.34.01 SHOT head fighter=f-1-sk0 socket=Head mesh=SK_Merlin_H2LD world=(100.2,47.3,36.7) screen=(1122.9,568.8) top=(1123.3,563.2) bottom=(1122.4,574.3) headPx=11.1 projected=1
2026.09.30-11.34.01 SHOT figure fighter=f-0-hero bbox=(913,517,1007,644) ringR=28.50 art=1 blockout=0 team=P1 look=P1 ring=1
2026.09.30-11.34.01 SHOT figure fighter=f-0-sk0 bbox=(1234,409,1314,504) ringR=22.23 art=1 blockout=0 team=P1 look=P1 ring=1
2026.09.30-11.34.01 SHOT figure fighter=f-0-sk1 bbox=(926,288,994,381) ringR=22.23 art=1 blockout=0 team=P1 look=P1 ring=1
2026.09.30-11.34.01 SHOT figure fighter=f-0-sk2 bbox=(765,409,840,504) ringR=22.23 art=1 blockout=0 team=P1 look=P1 ring=1
2026.09.30-11.34.01 SHOT figure fighter=f-1-hero bbox=(747,513,847,644) ringR=28.50 art=1 blockout=0 team=P2 look=P2 ring=1
2026.09.30-11.34.01 SHOT figure fighter=f-1-sk0 bbox=(1084,531,1161,635) ringR=22.23 art=1 blockout=0 team=P2 look=P2 ring=1
2026.09.30-11.34.01 SHOT request file=s09-damage-combat.png frame=882
2026.09.30-11.34.01 SHOT requested: FScreenshotRequest(bShowUI) -> C:\Users\ren\AppData\Local\Temp\s09-combat-20260930-163323-20236\joiner/s09-damage-combat.png
2026.09.30-11.34.01 S09AUTO drive mode=1 plan=[defend+resolve] phase=ACTION_MANEUVER turn=cmukie57j0001wiaofr67k2vd
2026.09.30-11.34.01 S09AUTO multi-fighter moves=2
2026.09.30-11.34.01 MANEUVER-CONFIRM moves=2 boost=none
2026.09.30-11.34.01 HUD plate content fighter=f-1-sk0 name=Merlin hp=7/7 team=own statuses=SIDEKICK  |  RANGED teamSlot=P2 look=P2 shape=hexagon chip=#5786A8
2026.09.30-11.34.01 PLATE fighter=f-1-sk0 bbox=(1226,825,1398,879) overlapReachable=0 placement=below ring=23 gap=200 selection=f-1-sk0 destinations=8 clean=1 softPx2=0 tested=4848 bound=1
2026.09.30-11.34.01 TAG fighter=f-0-hero bbox=(909,493,1011,515) mode=compact look=P1 placement=above ring=0 hardPx2=0 softPx2=0 order=4 bound=1
2026.09.30-11.34.01 TAG fighter=f-0-sk0 bbox=(1232,385,1316,407) mode=compact look=P1 placement=above ring=0 hardPx2=0 softPx2=0 order=3 bound=1
2026.09.30-11.34.01 TAG fighter=f-0-sk1 bbox=(918,264,1002,286) mode=compact look=P1 placement=above ring=0 hardPx2=0 softPx2=0 order=1 bound=1
2026.09.30-11.34.01 TAG fighter=f-0-sk2 bbox=(761,385,845,407) mode=compact look=P1 placement=above ring=0 hardPx2=0 softPx2=0 order=2 bound=1
2026.09.30-11.34.01 TAG fighter=f-1-hero bbox=(643,513,745,535) mode=compact look=P2 placement=left ring=0 hardPx2=0 softPx2=0 order=0 bound=1
2026.09.30-11.34.01 ARTPREVIEW anim fighter=f-1-hero clip=Idle len=2.500 event=clipFinished loop=1 phase=0.3470 seq=-1 asset=AM_KingArthur_Idle
2026.09.30-11.34.02 SHOT captured file=s09-damage-combat.png frame=882 px=1920x1080 sha256=2217d8cd6f73ca3d4207eb6d381f87958f5e8d88d27ec3256aef280e7038e8de order=BGRA saved=1
2026.09.30-11.34.02 SHOT late begin file=s09-damage-combat.png frame=882 requestFrame=882
2026.09.30-11.34.02 SHOT iconstate visible=0 lastFighter=none frame=882
2026.09.30-11.34.02 SHOT widget id=plate impl=umg state=own fighter=f-1-sk0 bbox=(0,0,0,0) geom=unpainted visible=1 twin=0 source=/Game/S08/UI/ArtHud/WBP_S08ArtPlate frame=882
2026.09.30-11.34.02 SHOT widget id=plate.marker impl=umg state=own fighter=f-1-sk0 bbox=(0,0,0,0) geom=unpainted visible=1 twin=0 source=/Game/S08/UI/ArtHud/WBP_S08ArtPlate frame=882
2026.09.30-11.34.02 SHOT widget id=plate.name impl=umg state=own fighter=f-1-sk0 bbox=(0,0,0,0) geom=unpainted visible=1 twin=0 source=/Game/S08/UI/ArtHud/WBP_S08ArtPlate frame=882
2026.09.30-11.34.02 SHOT widget id=plate.team impl=umg state=own fighter=f-1-sk0 bbox=(0,0,0,0) geom=unpainted visible=1 twin=0 source=/Game/S08/UI/ArtHud/WBP_S08ArtPlate frame=882
2026.09.30-11.34.02 SHOT widget id=plate.hpbar impl=umg state=own fighter=f-1-sk0 bbox=(0,0,0,0) geom=unpainted visible=1 twin=0 source=/Game/S08/UI/ArtHud/WBP_S08ArtPlate frame=882
2026.09.30-11.34.02 SHOT widget id=plate.hpfill impl=umg state=own fighter=f-1-sk0 bbox=(0,0,0,0) geom=unpainted visible=1 twin=0 source=/Game/S08/UI/ArtHud/WBP_S08ArtPlate frame=882
2026.09.30-11.34.02 SHOT widget id=plate.hp impl=umg state=own fighter=f-1-sk0 bbox=(0,0,0,0) geom=unpainted visible=1 twin=0 source=/Game/S08/UI/ArtHud/WBP_S08ArtPlate frame=882
2026.09.30-11.34.02 SHOT widget id=plate.status impl=umg state=own fighter=f-1-sk0 bbox=(0,0,0,0) geom=unpainted visible=1 twin=0 source=/Game/S08/UI/ArtHud/WBP_S08ArtPlate frame=882
2026.09.30-11.34.02 SHOT widget id=plate.teamshape impl=umg state=own fighter=f-1-sk0 bbox=(0,0,0,0) geom=unpainted visible=1 twin=0 source=/Game/S08/UI/ArtHud/WBP_S08ArtPlate frame=882
2026.09.30-11.34.02 SHOT widget id=board.tag impl=umg state=compact fighter=f-0-hero bbox=(909,493,1011,515) geom=painted visible=1 twin=0 source=/Game/S08/UI/ArtHud/WBP_S08ArtTag mode=compact look=P1 shape=circle placement=above ring=0 order=4 bound=1 softPx2=0 planned=(909,493,1011,515) frame=882
2026.09.30-11.34.02 SHOT widget id=board.tag.hp impl=umg state=compact fighter=f-0-hero bbox=(965,495,1007,513) geom=painted visible=1 twin=0 source=/Game/S08/UI/ArtHud/WBP_S08ArtTag mode=compact look=P1 shape=circle placement=above ring=0 order=4 bound=1 softPx2=0 planned=(909,493,1011,515) frame=882 font=11
2026.09.30-11.34.02 SHOT widget id=board.tag.bar impl=umg state=compact fighter=f-0-hero bbox=(928,502,962,507) geom=painted visible=1 twin=0 source=/Game/S08/UI/ArtHud/WBP_S08ArtTag mode=compact look=P1 shape=circle placement=above ring=0 order=4 bound=1 softPx2=0 planned=(909,493,1011,515) frame=882
2026.09.30-11.34.02 SHOT widget id=board.tag.chip impl=umg state=compact fighter=f-0-hero bbox=(913,498,925,510) geom=painted visible=1 twin=0 source=/Game/S08/UI/ArtHud/WBP_S08ArtTag mode=compact look=P1 shape=circle placement=above ring=0 order=4 bound=1 softPx2=0 planned=(909,493,1011,515) frame=882
2026.09.30-11.34.02 SHOT widget id=board.tag impl=umg state=compact fighter=f-0-sk0 bbox=(1232,385,1316,407) geom=painted visible=1 twin=0 source=/Game/S08/UI/ArtHud/WBP_S08ArtTag mode=compact look=P1 shape=circle placement=above ring=0 order=3 bound=1 softPx2=0 planned=(1232,385,1316,407) frame=882
2026.09.30-11.34.02 SHOT widget id=board.tag.hp impl=umg state=compact fighter=f-0-sk0 bbox=(1288,387,1312,405) geom=painted visible=1 twin=0 source=/Game/S08/UI/ArtHud/WBP_S08ArtTag mode=compact look=P1 shape=circle placement=above ring=0 order=3 bound=1 softPx2=0 planned=(1232,385,1316,407) frame=882 font=11
2026.09.30-11.34.02 SHOT widget id=board.tag.bar impl=umg state=compact fighter=f-0-sk0 bbox=(1251,394,1285,399) geom=painted visible=1 twin=0 source=/Game/S08/UI/ArtHud/WBP_S08ArtTag mode=compact look=P1 shape=circle placement=above ring=0 order=3 bound=1 softPx2=0 planned=(1232,385,1316,407) frame=882
2026.09.30-11.34.02 SHOT widget id=board.tag.chip impl=umg state=compact fighter=f-0-sk0 bbox=(1236,390,1248,402) geom=painted visible=1 twin=0 source=/Game/S08/UI/ArtHud/WBP_S08ArtTag mode=compact look=P1 shape=circle placement=above ring=0 order=3 bound=1 softPx2=0 planned=(1232,385,1316,407) frame=882
2026.09.30-11.34.02 SHOT widget id=board.tag impl=umg state=compact fighter=f-0-sk1 bbox=(918,264,1002,286) geom=painted visible=1 twin=0 source=/Game/S08/UI/ArtHud/WBP_S08ArtTag mode=compact look=P1 shape=circle placement=above ring=0 order=1 bound=1 softPx2=0 planned=(918,264,1002,286) frame=882
2026.09.30-11.34.02 SHOT widget id=board.tag.hp impl=umg state=compact fighter=f-0-sk1 bbox=(974,266,998,284) geom=painted visible=1 twin=0 source=/Game/S08/UI/ArtHud/WBP_S08ArtTag mode=compact look=P1 shape=circle placement=above ring=0 order=1 bound=1 softPx2=0 planned=(918,264,1002,286) frame=882 font=11
2026.09.30-11.34.02 SHOT widget id=board.tag.bar impl=umg state=compact fighter=f-0-sk1 bbox=(937,273,971,278) geom=painted visible=1 twin=0 source=/Game/S08/UI/ArtHud/WBP_S08ArtTag mode=compact look=P1 shape=circle placement=above ring=0 order=1 bound=1 softPx2=0 planned=(918,264,1002,286) frame=882
2026.09.30-11.34.02 SHOT widget id=board.tag.chip impl=umg state=compact fighter=f-0-sk1 bbox=(922,269,934,281) geom=painted visible=1 twin=0 source=/Game/S08/UI/ArtHud/WBP_S08ArtTag mode=compact look=P1 shape=circle placement=above ring=0 order=1 bound=1 softPx2=0 planned=(918,264,1002,286) frame=882
2026.09.30-11.34.02 SHOT widget id=board.tag impl=umg state=compact fighter=f-0-sk2 bbox=(761,385,845,407) geom=painted visible=1 twin=0 source=/Game/S08/UI/ArtHud/WBP_S08ArtTag mode=compact look=P1 shape=circle placement=above ring=0 order=2 bound=1 softPx2=0 planned=(761,385,845,407) frame=882
2026.09.30-11.34.02 SHOT widget id=board.tag.hp impl=umg state=compact fighter=f-0-sk2 bbox=(817,387,841,405) geom=painted visible=1 twin=0 source=/Game/S08/UI/ArtHud/WBP_S08ArtTag mode=compact look=P1 shape=circle placement=above ring=0 order=2 bound=1 softPx2=0 planned=(761,385,845,407) frame=882 font=11
2026.09.30-11.34.02 SHOT widget id=board.tag.bar impl=umg state=compact fighter=f-0-sk2 bbox=(780,394,814,399) geom=painted visible=1 twin=0 source=/Game/S08/UI/ArtHud/WBP_S08ArtTag mode=compact look=P1 shape=circle placement=above ring=0 order=2 bound=1 softPx2=0 planned=(761,385,845,407) frame=882
2026.09.30-11.34.02 SHOT widget id=board.tag.chip impl=umg state=compact fighter=f-0-sk2 bbox=(765,390,777,402) geom=painted visible=1 twin=0 source=/Game/S08/UI/ArtHud/WBP_S08ArtTag mode=compact look=P1 shape=circle placement=above ring=0 order=2 bound=1 softPx2=0 planned=(761,385,845,407) frame=882
2026.09.30-11.34.02 SHOT widget id=board.tag impl=umg state=compact fighter=f-1-hero bbox=(643,513,745,535) geom=painted visible=1 twin=0 source=/Game/S08/UI/ArtHud/WBP_S08ArtTag mode=compact look=P2 shape=hex placement=left ring=0 order=0 bound=1 softPx2=0 planned=(643,513,745,535) frame=882
2026.09.30-11.34.02 SHOT widget id=board.tag.hp impl=umg state=compact fighter=f-1-hero bbox=(699,515,741,533) geom=painted visible=1 twin=0 source=/Game/S08/UI/ArtHud/WBP_S08ArtTag mode=compact look=P2 shape=hex placement=left ring=0 order=0 bound=1 softPx2=0 planned=(643,513,745,535) frame=882 font=11
2026.09.30-11.34.02 SHOT widget id=board.tag.bar impl=umg state=compact fighter=f-1-hero bbox=(662,522,696,527) geom=painted visible=1 twin=0 source=/Game/S08/UI/ArtHud/WBP_S08ArtTag mode=compact look=P2 shape=hex placement=left ring=0 order=0 bound=1 softPx2=0 planned=(643,513,745,535) frame=882
2026.09.30-11.34.02 SHOT widget id=board.tag.chip impl=umg state=compact fighter=f-1-hero bbox=(647,518,659,530) geom=painted visible=1 twin=0 source=/Game/S08/UI/ArtHud/WBP_S08ArtTag mode=compact look=P2 shape=hex placement=left ring=0 order=0 bound=1 softPx2=0 planned=(643,513,745,535) frame=882
2026.09.30-11.34.02 SHOT widget id=board.tag impl=umg state=hidden fighter=f-1-sk0 bbox=(0,0,0,0) geom=unpainted visible=0 twin=0 source=/Game/S08/UI/ArtHud/WBP_S08ArtTag mode=hidden look=P2 shape=hex placement=above ring=0 order=5 bound=1 softPx2=0 planned=(1080,507,1164,529) frame=882
2026.09.30-11.34.02 SHOT widget id=board.tag.hp impl=umg state=hidden fighter=f-1-sk0 bbox=(0,0,0,0) geom=unpainted visible=0 twin=0 source=/Game/S08/UI/ArtHud/WBP_S08ArtTag mode=hidden look=P2 shape=hex placement=above ring=0 order=5 bound=1 softPx2=0 planned=(1080,507,1164,529) frame=882 font=11
2026.09.30-11.34.02 SHOT widget id=board.tag.bar impl=umg state=hidden fighter=f-1-sk0 bbox=(0,0,0,0) geom=unpainted visible=0 twin=0 source=/Game/S08/UI/ArtHud/WBP_S08ArtTag mode=hidden look=P2 shape=hex placement=above ring=0 order=5 bound=1 softPx2=0 planned=(1080,507,1164,529) frame=882
2026.09.30-11.34.02 SHOT widget id=board.tag.chip impl=umg state=hidden fighter=f-1-sk0 bbox=(0,0,0,0) geom=unpainted visible=0 twin=0 source=/Game/S08/UI/ArtHud/WBP_S08ArtTag mode=hidden look=P2 shape=hex placement=above ring=0 order=5 bound=1 softPx2=0 planned=(1080,507,1164,529) frame=882
2026.09.30-11.34.02 SHOT widget id=board.damage impl=umg state=damage fighter=f-1-hero bbox=(674,483,714,511) geom=painted visible=1 twin=0 source=/Game/S08/UI/ArtHud/WBP_S08ArtDamage amount=3 seq=25 placement=above_ring=0_hardPx2=0_softPx2=0 stableFrames=4 planned=(674,483,714,511) frame=882
2026.09.30-11.34.02 SHOT widget id=board.damage.text impl=umg state=damage fighter=f-1-hero bbox=(682,483,706,511) geom=painted visible=1 twin=0 source=/Game/S08/UI/ArtHud/WBP_S08ArtDamage amount=3 seq=25 placement=above_ring=0_hardPx2=0_softPx2=0 stableFrames=4 planned=(674,483,714,511) frame=882 font=18
2026.09.30-11.34.02 SHOT damage fighter=f-1-hero bbox=(674,483,714,511) frame=882
2026.09.30-11.34.02 SHOT panel id=hud.command bbox=(0,0,703,156) geom=painted visible=1 frame=882
2026.09.30-11.34.02 SHOT panel id=hud.side bbox=(1421,0,1920,121) geom=painted visible=1 frame=882
2026.09.30-11.34.02 SHOT panel id=hud.hand bbox=(175,985,1746,1080) geom=painted visible=1 frame=882
2026.09.30-11.34.02 SHOT late end file=s09-damage-combat.png frame=882
2026.09.30-11.34.02 SNAPSHOT applied seq=27 phase=ACTION_MANEUVER
2026.09.30-11.34.02 HANDLE_APPLIED #38 seq=27 decision=2 fightersValid=1 boardValid=1
2026.09.30-11.34.02 closed mode=
2026.09.30-11.34.02 MODE seq=27 mode=0 combat=0 pending=0
2026.09.30-11.34.02 HUD seq=27 phase=ACTION_MANEUVER turn=you hand=8 oppHand=6(hidden) oppDeck=20 deck=19 discard=3
2026.09.30-11.34.02 ARTPREVIEW fighter=Medusa hero=1 eligible=0 visual=1 mesh=SK_Medusa_H2LD
2026.09.30-11.34.02 FIGHTERS synced n=6 alive=6 own=2 enemy=4
2026.09.30-11.34.02 CUE move f-1-hero (1,3)->(0,3) seq=27
2026.09.30-11.34.02 CUE move f-1-sk0 (3,3)->(4,3) seq=27
2026.09.30-11.34.02 MANEUVER done seq=27 (apply) fighters=6 boost=no
2026.09.30-11.34.02 SNAPSHOT applied seq=27 phase=ACTION_MANEUVER
2026.09.30-11.34.02 HANDLE_APPLIED #39 seq=27 decision=1 fightersValid=1 boardValid=1
2026.09.30-11.34.02 MODE seq=27 mode=0 combat=0 pending=0
2026.09.30-11.34.02 HUD seq=27 phase=ACTION_MANEUVER turn=you hand=8 oppHand=6(hidden) oppDeck=20 deck=19 discard=3
2026.09.30-11.34.02 ARTPREVIEW fighter=Medusa hero=1 eligible=0 visual=1 mesh=SK_Medusa_H2LD
2026.09.30-11.34.02 FIGHTERS synced n=6 alive=6 own=2 enemy=4
2026.09.30-11.34.02 WS seq=27 phase=ACTION_MANEUVER (merge)
2026.09.30-11.34.02 PLATE hidden fighter=f-1-sk0
2026.09.30-11.34.02 TAG fighter=f-0-hero bbox=(909,493,1011,515) mode=compact look=P1 placement=above ring=0 hardPx2=0 softPx2=0 order=4 bound=1
2026.09.30-11.34.02 TAG fighter=f-0-sk0 bbox=(1232,385,1316,407) mode=compact look=P1 placement=above ring=0 hardPx2=0 softPx2=0 order=3 bound=1
2026.09.30-11.34.02 TAG fighter=f-0-sk1 bbox=(918,264,1002,286) mode=compact look=P1 placement=above ring=0 hardPx2=0 softPx2=0 order=1 bound=1
2026.09.30-11.34.02 TAG fighter=f-0-sk2 bbox=(761,385,845,407) mode=compact look=P1 placement=above ring=0 hardPx2=0 softPx2=0 order=2 bound=1
2026.09.30-11.34.02 TAG fighter=f-1-hero bbox=(583,489,685,511) mode=compact look=P2 placement=above ring=0 hardPx2=0 softPx2=0 order=0 bound=1
2026.09.30-11.34.02 TAG fighter=f-1-sk0 bbox=(1242,507,1326,529) mode=compact look=P2 placement=above ring=0 hardPx2=0 softPx2=0 order=5 bound=1
2026.09.30-11.34.02 DAMAGE fighter=f-1-hero bbox=(614,459,654,487) amount=3 seq=25 placement=above ring=0 hardPx2=0 softPx2=0
2026.09.30-11.34.02 TAG fighter=f-0-hero bbox=(909,493,1011,515) mode=compact look=P1 placement=above ring=0 hardPx2=0 softPx2=0 order=4 bound=1
2026.09.30-11.34.02 TAG fighter=f-0-sk0 bbox=(1232,385,1316,407) mode=compact look=P1 placement=above ring=0 hardPx2=0 softPx2=0 order=3 bound=1
2026.09.30-11.34.02 TAG fighter=f-0-sk1 bbox=(918,264,1002,286) mode=compact look=P1 placement=above ring=0 hardPx2=0 softPx2=0 order=1 bound=1
2026.09.30-11.34.02 TAG fighter=f-0-sk2 bbox=(761,385,845,407) mode=compact look=P1 placement=above ring=0 hardPx2=0 softPx2=0 order=2 bound=1
2026.09.30-11.34.02 TAG fighter=f-1-hero bbox=(583,489,685,511) mode=compact look=P2 placement=above ring=0 hardPx2=0 softPx2=0 order=0 bound=1
2026.09.30-11.34.02 TAG fighter=f-1-sk0 bbox=(1242,507,1326,529) mode=compact look=P2 placement=above ring=0 hardPx2=0 softPx2=0 order=5 bound=1
2026.09.30-11.34.02 TAG fighter=f-0-hero bbox=(909,493,1011,515) mode=compact look=P1 placement=above ring=0 hardPx2=0 softPx2=0 order=4 bound=1
2026.09.30-11.34.02 TAG fighter=f-0-sk0 bbox=(1232,385,1316,407) mode=compact look=P1 placement=above ring=0 hardPx2=0 softPx2=0 order=2 bound=1
2026.09.30-11.34.02 TAG fighter=f-0-sk1 bbox=(918,264,1002,286) mode=compact look=P1 placement=above ring=0 hardPx2=0 softPx2=0 order=0 bound=1
2026.09.30-11.34.02 TAG fighter=f-0-sk2 bbox=(761,385,845,407) mode=compact look=P1 placement=above ring=0 hardPx2=0 softPx2=0 order=1 bound=1
2026.09.30-11.34.02 TAG fighter=f-1-hero bbox=(583,489,685,511) mode=compact look=P2 placement=above ring=0 hardPx2=0 softPx2=0 order=3 bound=1
2026.09.30-11.34.02 TAG fighter=f-1-sk0 bbox=(1242,507,1326,529) mode=compact look=P2 placement=above ring=0 hardPx2=0 softPx2=0 order=5 bound=1
2026.09.30-11.34.03 S09AUTO drive mode=0 plan=[defend+resolve] phase=ACTION_MANEUVER turn=cmukie57j0001wiaofr67k2vd
2026.09.30-11.34.03 SNAPSHOT applied seq=28 phase=ACTION_MANEUVER
2026.09.30-11.34.03 HANDLE_APPLIED #40 seq=28 decision=2 fightersValid=1 boardValid=1
2026.09.30-11.34.03 MANEUVER-DRAFT mode=maneuver:6:27
2026.09.30-11.34.03 DRAFT-OPEN draw committed (resume instead of begin)
2026.09.30-11.34.03 MODE seq=28 mode=1 combat=0 pending=0
2026.09.30-11.34.03 HUD seq=28 phase=ACTION_MANEUVER turn=you hand=9 oppHand=6(hidden) oppDeck=20 deck=18 discard=3
2026.09.30-11.34.03 ARTPREVIEW fighter=Medusa hero=1 eligible=0 visual=1 mesh=SK_Medusa_H2LD
2026.09.30-11.34.03 FIGHTERS synced n=6 alive=6 own=2 enemy=4
2026.09.30-11.34.03 MANEUVER begin seq=28 (apply) pending=maneuver:6:27
2026.09.30-11.34.03 SNAPSHOT applied seq=28 phase=ACTION_MANEUVER
2026.09.30-11.34.03 HANDLE_APPLIED #41 seq=28 decision=1 fightersValid=1 boardValid=1
2026.09.30-11.34.03 MODE seq=28 mode=1 combat=0 pending=0
2026.09.30-11.34.03 HUD seq=28 phase=ACTION_MANEUVER turn=you hand=9 oppHand=6(hidden) oppDeck=20 deck=18 discard=3
2026.09.30-11.34.03 ARTPREVIEW fighter=Medusa hero=1 eligible=0 visual=1 mesh=SK_Medusa_H2LD
2026.09.30-11.34.03 FIGHTERS synced n=6 alive=6 own=2 enemy=4
2026.09.30-11.34.03 WS seq=28 phase=ACTION_MANEUVER (merge)
2026.09.30-11.34.03 S09AUTO drive mode=1 plan=[defend+resolve] phase=ACTION_MANEUVER turn=cmukie57j0001wiaofr67k2vd
2026.09.30-11.34.03 MANEUVER-CONFIRM moves=1 boost=none
2026.09.30-11.34.03 HUD plate content fighter=f-1-hero name=King Arthur hp=15/18 team=own statuses=HERO  |  MELEE teamSlot=P2 look=P2 shape=hexagon chip=#5786A8
2026.09.30-11.34.03 PLATE fighter=f-1-hero bbox=(403,549,575,603) overlapReachable=0 placement=left ring=0 gap=6 selection=f-1-hero destinations=6 clean=1 softPx2=0 tested=124 bound=1
2026.09.30-11.34.03 TAG fighter=f-0-hero bbox=(909,493,1011,515) mode=compact look=P1 placement=above ring=0 hardPx2=0 softPx2=0 order=3 bound=1
2026.09.30-11.34.03 TAG fighter=f-0-sk0 bbox=(1232,385,1316,407) mode=compact look=P1 placement=above ring=0 hardPx2=0 softPx2=0 order=2 bound=1
2026.09.30-11.34.03 TAG fighter=f-0-sk1 bbox=(918,264,1002,286) mode=compact look=P1 placement=above ring=0 hardPx2=0 softPx2=0 order=0 bound=1
2026.09.30-11.34.03 TAG fighter=f-0-sk2 bbox=(761,385,845,407) mode=compact look=P1 placement=above ring=0 hardPx2=0 softPx2=0 order=1 bound=1
2026.09.30-11.34.03 TAG fighter=f-1-sk0 bbox=(1242,507,1326,529) mode=compact look=P2 placement=above ring=0 hardPx2=0 softPx2=0 order=4 bound=1
2026.09.30-11.34.03 TAG fighter=f-0-hero bbox=(909,493,1011,515) mode=compact look=P1 placement=above ring=0 hardPx2=0 softPx2=0 order=3 bound=1
2026.09.30-11.34.03 TAG fighter=f-0-sk0 bbox=(1232,385,1316,407) mode=compact look=P1 placement=above ring=0 hardPx2=0 softPx2=0 order=2 bound=1
2026.09.30-11.34.03 TAG fighter=f-0-sk1 bbox=(918,264,1002,286) mode=compact look=P1 placement=above ring=0 hardPx2=0 softPx2=0 order=0 bound=1
2026.09.30-11.34.03 TAG fighter=f-0-sk2 bbox=(761,385,845,407) mode=compact look=P1 placement=above ring=0 hardPx2=0 softPx2=0 order=1 bound=1
2026.09.30-11.34.03 TAG fighter=f-1-sk0 bbox=(1242,507,1326,529) mode=compact look=P2 placement=above ring=0 hardPx2=0 softPx2=0 order=4 bound=1
2026.09.30-11.34.03 SNAPSHOT applied seq=29 phase=TURN_END
2026.09.30-11.34.03 HANDLE_APPLIED #42 seq=29 decision=2 fightersValid=1 boardValid=1
2026.09.30-11.34.03 DISCARD-DRAFT count=2 pending=discard:6:29
2026.09.30-11.34.03 MODE seq=29 mode=2 combat=0 pending=0
2026.09.30-11.34.03 HUD seq=29 phase=TURN_END turn=you hand=9 oppHand=6(hidden) oppDeck=20 deck=18 discard=3 pendingDiscard=2
2026.09.30-11.34.03 ARTPREVIEW fighter=Medusa hero=1 eligible=0 visual=1 mesh=SK_Medusa_H2LD
2026.09.30-11.34.03 FIGHTERS synced n=6 alive=6 own=2 enemy=4
2026.09.30-11.34.03 CUE move f-1-hero (0,3)->(1,3) seq=29
2026.09.30-11.34.03 MANEUVER done seq=29 (apply) fighters=6 boost=no
2026.09.30-11.34.03 SNAPSHOT applied seq=29 phase=TURN_END
2026.09.30-11.34.03 HANDLE_APPLIED #43 seq=29 decision=1 fightersValid=1 boardValid=1
2026.09.30-11.34.03 MODE seq=29 mode=2 combat=0 pending=0
2026.09.30-11.34.03 HUD seq=29 phase=TURN_END turn=you hand=9 oppHand=6(hidden) oppDeck=20 deck=18 discard=3 pendingDiscard=2
2026.09.30-11.34.03 ARTPREVIEW fighter=Medusa hero=1 eligible=0 visual=1 mesh=SK_Medusa_H2LD
2026.09.30-11.34.03 FIGHTERS synced n=6 alive=6 own=2 enemy=4
2026.09.30-11.34.03 WS seq=29 phase=TURN_END (merge)
2026.09.30-11.34.03 PLATE hidden fighter=f-1-hero
2026.09.30-11.34.03 TAG fighter=f-0-hero bbox=(909,493,1011,515) mode=compact look=P1 placement=above ring=0 hardPx2=0 softPx2=0 order=4 bound=1
2026.09.30-11.34.03 TAG fighter=f-0-sk0 bbox=(1232,385,1316,407) mode=compact look=P1 placement=above ring=0 hardPx2=0 softPx2=0 order=2 bound=1
2026.09.30-11.34.03 TAG fighter=f-0-sk1 bbox=(918,264,1002,286) mode=compact look=P1 placement=above ring=0 hardPx2=0 softPx2=0 order=0 bound=1
2026.09.30-11.34.03 TAG fighter=f-0-sk2 bbox=(761,385,845,407) mode=compact look=P1 placement=above ring=0 hardPx2=0 softPx2=0 order=1 bound=1
2026.09.30-11.34.03 TAG fighter=f-1-hero bbox=(643,513,745,535) mode=compact look=P2 placement=left ring=0 hardPx2=0 softPx2=0 order=3 bound=1
2026.09.30-11.34.03 TAG fighter=f-1-sk0 bbox=(1242,507,1326,529) mode=compact look=P2 placement=above ring=0 hardPx2=0 softPx2=0 order=5 bound=1
2026.09.30-11.34.03 TAG fighter=f-0-hero bbox=(909,493,1011,515) mode=compact look=P1 placement=above ring=0 hardPx2=0 softPx2=0 order=4 bound=1
2026.09.30-11.34.03 TAG fighter=f-0-sk0 bbox=(1232,385,1316,407) mode=compact look=P1 placement=above ring=0 hardPx2=0 softPx2=0 order=2 bound=1
2026.09.30-11.34.03 TAG fighter=f-0-sk1 bbox=(918,264,1002,286) mode=compact look=P1 placement=above ring=0 hardPx2=0 softPx2=0 order=0 bound=1
2026.09.30-11.34.03 TAG fighter=f-0-sk2 bbox=(761,385,845,407) mode=compact look=P1 placement=above ring=0 hardPx2=0 softPx2=0 order=1 bound=1
2026.09.30-11.34.03 TAG fighter=f-1-hero bbox=(643,513,745,535) mode=compact look=P2 placement=left ring=0 hardPx2=0 softPx2=0 order=3 bound=1
2026.09.30-11.34.03 TAG fighter=f-1-sk0 bbox=(1242,507,1326,529) mode=compact look=P2 placement=above ring=0 hardPx2=0 softPx2=0 order=5 bound=1
2026.09.30-11.34.04 game -> room=cmuo11ar100ubwiwwv3dxqwgm code=<redacted> status=IN_PROGRESS
2026.09.30-11.34.04 S09AUTO drive mode=2 plan=[defend+resolve] phase=TURN_END turn=cmukie57j0001wiaofr67k2vd
2026.09.30-11.34.04 S09AUTO discard picks=2
2026.09.30-11.34.04 DISCARD-CONFIRM pending=discard:6:29 count=2 ids=cmuhgvgi700p2wi9ggby5v41n::0,cmuhgvgi800p4wi9greokvfle::0
2026.09.30-11.34.04 TAG fighter=f-0-hero bbox=(909,493,1011,515) mode=compact look=P1 placement=above ring=0 hardPx2=0 softPx2=0 order=4 bound=1
2026.09.30-11.34.04 TAG fighter=f-0-sk0 bbox=(1232,385,1316,407) mode=compact look=P1 placement=above ring=0 hardPx2=0 softPx2=0 order=2 bound=1
2026.09.30-11.34.04 TAG fighter=f-0-sk1 bbox=(918,264,1002,286) mode=compact look=P1 placement=above ring=0 hardPx2=0 softPx2=0 order=0 bound=1
2026.09.30-11.34.04 TAG fighter=f-0-sk2 bbox=(761,385,845,407) mode=compact look=P1 placement=above ring=0 hardPx2=0 softPx2=0 order=1 bound=1
2026.09.30-11.34.04 TAG fighter=f-1-hero bbox=(643,513,745,535) mode=compact look=P2 placement=left ring=0 hardPx2=0 softPx2=0 order=3 bound=1
2026.09.30-11.34.04 TAG fighter=f-1-sk0 bbox=(1242,507,1326,529) mode=compact look=P2 placement=above ring=0 hardPx2=0 softPx2=0 order=5 bound=1
2026.09.30-11.34.04 SNAPSHOT applied seq=30 phase=ACTION_MANEUVER
2026.09.30-11.34.04 HANDLE_APPLIED #44 seq=30 decision=2 fightersValid=1 boardValid=1
2026.09.30-11.34.04 closed mode=
2026.09.30-11.34.04 MODE seq=30 mode=0 combat=0 pending=1
2026.09.30-11.34.04 HUD seq=30 phase=ACTION_MANEUVER turn=opp hand=7 oppHand=6(hidden) oppDeck=20 deck=18 discard=5
2026.09.30-11.34.04 ARTPREVIEW fighter=Medusa hero=1 eligible=0 visual=1 mesh=SK_Medusa_H2LD
2026.09.30-11.34.04 FIGHTERS synced n=6 alive=6 own=2 enemy=4
2026.09.30-11.34.04 DISCARD done seq=30 phase=ACTION_MANEUVER count=2
2026.09.30-11.34.04 SNAPSHOT applied seq=30 phase=ACTION_MANEUVER
2026.09.30-11.34.04 HANDLE_APPLIED #45 seq=30 decision=1 fightersValid=1 boardValid=1
2026.09.30-11.34.04 MODE seq=30 mode=0 combat=0 pending=1
2026.09.30-11.34.04 HUD seq=30 phase=ACTION_MANEUVER turn=opp hand=7 oppHand=6(hidden) oppDeck=20 deck=18 discard=5
2026.09.30-11.34.04 ARTPREVIEW fighter=Medusa hero=1 eligible=0 visual=1 mesh=SK_Medusa_H2LD
2026.09.30-11.34.04 FIGHTERS synced n=6 alive=6 own=2 enemy=4
2026.09.30-11.34.04 WS seq=30 phase=ACTION_MANEUVER (merge)
2026.09.30-11.34.04 TAG fighter=f-0-hero bbox=(909,493,1011,515) mode=compact look=P1 placement=above ring=0 hardPx2=0 softPx2=0 order=4 bound=1
2026.09.30-11.34.04 TAG fighter=f-0-sk0 bbox=(1232,385,1316,407) mode=compact look=P1 placement=above ring=0 hardPx2=0 softPx2=0 order=2 bound=1
2026.09.30-11.34.04 TAG fighter=f-0-sk1 bbox=(918,264,1002,286) mode=compact look=P1 placement=above ring=0 hardPx2=0 softPx2=0 order=0 bound=1
2026.09.30-11.34.04 TAG fighter=f-0-sk2 bbox=(761,385,845,407) mode=compact look=P1 placement=above ring=0 hardPx2=0 softPx2=0 order=1 bound=1
2026.09.30-11.34.04 TAG fighter=f-1-hero bbox=(643,513,745,535) mode=compact look=P2 placement=left ring=0 hardPx2=0 softPx2=0 order=3 bound=1
2026.09.30-11.34.04 TAG fighter=f-1-sk0 bbox=(1242,507,1326,529) mode=compact look=P2 placement=above ring=0 hardPx2=0 softPx2=0 order=5 bound=1
2026.09.30-11.34.04 SNAPSHOT applied seq=31 phase=ACTION_MANEUVER
2026.09.30-11.34.04 HANDLE_APPLIED #46 seq=31 decision=2 fightersValid=1 boardValid=1
2026.09.30-11.34.04 MODE seq=31 mode=0 combat=0 pending=0
2026.09.30-11.34.04 HUD seq=31 phase=ACTION_MANEUVER turn=opp hand=7 oppHand=6(hidden) oppDeck=20~ deck=18~ discard=5
2026.09.30-11.34.04 ARTPREVIEW fighter=Medusa hero=1 eligible=0 visual=1 mesh=SK_Medusa_H2LD
2026.09.30-11.34.04 FIGHTERS synced n=6 alive=6 own=2 enemy=4
2026.09.30-11.34.04 ARTPREVIEW damage-number fighter=f-1-hero amount=1 seq=31 cell=(1,3)
2026.09.30-11.34.04 ARTPREVIEW anim fighter=f-1-hero clip=HitReact len=0.417 event=damaged loop=0 phase=0.0000 seq=31 asset=AM_KingArthur_HitReact
2026.09.30-11.34.04 CUE damage f-1-hero -1 seq=31
2026.09.30-11.34.04 WS seq=31 phase=ACTION_MANEUVER (apply)
2026.09.30-11.34.04 TAG fighter=f-0-hero bbox=(909,493,1011,515) mode=compact look=P1 placement=above ring=0 hardPx2=0 softPx2=0 order=4 bound=1
2026.09.30-11.34.04 TAG fighter=f-0-sk0 bbox=(1232,385,1316,407) mode=compact look=P1 placement=above ring=0 hardPx2=0 softPx2=0 order=3 bound=1
2026.09.30-11.34.04 TAG fighter=f-0-sk1 bbox=(918,264,1002,286) mode=compact look=P1 placement=above ring=0 hardPx2=0 softPx2=0 order=1 bound=1
2026.09.30-11.34.04 TAG fighter=f-0-sk2 bbox=(761,385,845,407) mode=compact look=P1 placement=above ring=0 hardPx2=0 softPx2=0 order=2 bound=1
2026.09.30-11.34.04 TAG fighter=f-1-hero bbox=(643,513,745,535) mode=compact look=P2 placement=left ring=0 hardPx2=0 softPx2=0 order=0 bound=1
2026.09.30-11.34.04 TAG fighter=f-1-sk0 bbox=(1242,507,1326,529) mode=compact look=P2 placement=above ring=0 hardPx2=0 softPx2=0 order=5 bound=1
2026.09.30-11.34.04 DAMAGE fighter=f-1-hero bbox=(674,483,714,511) amount=1 seq=31 placement=above ring=0 hardPx2=0 softPx2=0
2026.09.30-11.34.05 SNAPSHOT applied seq=32 phase=ACTION_MANEUVER
2026.09.30-11.34.05 HANDLE_APPLIED #47 seq=32 decision=2 fightersValid=1 boardValid=1
2026.09.30-11.34.05 MODE seq=32 mode=0 combat=0 pending=0
2026.09.30-11.34.05 HUD seq=32 phase=ACTION_MANEUVER turn=opp hand=7 oppHand=7(hidden) oppDeck=20~ deck=18~ discard=5
2026.09.30-11.34.05 ARTPREVIEW fighter=Medusa hero=1 eligible=0 visual=1 mesh=SK_Medusa_H2LD
2026.09.30-11.34.05 FIGHTERS synced n=6 alive=6 own=2 enemy=4
2026.09.30-11.34.05 WS seq=32 phase=ACTION_MANEUVER (apply)
2026.09.30-11.34.05 SNAPSHOT applied seq=33 phase=ACTION_MANEUVER
2026.09.30-11.34.05 HANDLE_APPLIED #48 seq=33 decision=2 fightersValid=1 boardValid=1
2026.09.30-11.34.05 MODE seq=33 mode=0 combat=0 pending=0
2026.09.30-11.34.05 HUD seq=33 phase=ACTION_MANEUVER turn=opp hand=7 oppHand=7(hidden) oppDeck=20~ deck=18~ discard=5
2026.09.30-11.34.05 ARTPREVIEW fighter=Medusa hero=1 eligible=0 visual=1 mesh=SK_Medusa_H2LD
2026.09.30-11.34.05 FIGHTERS synced n=6 alive=6 own=2 enemy=4
2026.09.30-11.34.05 WS seq=33 phase=ACTION_MANEUVER (apply)
2026.09.30-11.34.05 ARTPREVIEW anim fighter=f-1-hero clip=Idle len=2.500 event=clipFinished loop=1 phase=0.3470 seq=-1 asset=AM_KingArthur_Idle
2026.09.30-11.34.05 S09AUTO drive mode=0 plan=[defend+resolve] phase=ACTION_MANEUVER turn=cmukie55u0000wiao06h107t9
2026.09.30-11.34.05 TAG fighter=f-0-hero bbox=(909,493,1011,515) mode=compact look=P1 placement=above ring=0 hardPx2=0 softPx2=0 order=4 bound=1
2026.09.30-11.34.05 TAG fighter=f-0-sk0 bbox=(1232,385,1316,407) mode=compact look=P1 placement=above ring=0 hardPx2=0 softPx2=0 order=2 bound=1
2026.09.30-11.34.05 TAG fighter=f-0-sk1 bbox=(918,264,1002,286) mode=compact look=P1 placement=above ring=0 hardPx2=0 softPx2=0 order=0 bound=1
2026.09.30-11.34.05 TAG fighter=f-0-sk2 bbox=(761,385,845,407) mode=compact look=P1 placement=above ring=0 hardPx2=0 softPx2=0 order=1 bound=1
2026.09.30-11.34.05 TAG fighter=f-1-hero bbox=(643,513,745,535) mode=compact look=P2 placement=left ring=0 hardPx2=0 softPx2=0 order=3 bound=1
2026.09.30-11.34.05 TAG fighter=f-1-sk0 bbox=(1242,507,1326,529) mode=compact look=P2 placement=above ring=0 hardPx2=0 softPx2=0 order=5 bound=1
2026.09.30-11.34.06 SNAPSHOT applied seq=34 phase=ACTION_MANEUVER
2026.09.30-11.34.06 HANDLE_APPLIED #49 seq=34 decision=2 fightersValid=1 boardValid=1
2026.09.30-11.34.06 MODE seq=34 mode=0 combat=0 pending=0
2026.09.30-11.34.06 HUD seq=34 phase=ACTION_MANEUVER turn=opp hand=7 oppHand=8(hidden) oppDeck=20~ deck=18~ discard=5
2026.09.30-11.34.06 ARTPREVIEW fighter=Medusa hero=1 eligible=0 visual=1 mesh=SK_Medusa_H2LD
2026.09.30-11.34.06 FIGHTERS synced n=6 alive=6 own=2 enemy=4
2026.09.30-11.34.06 WS seq=34 phase=ACTION_MANEUVER (apply)
2026.09.30-11.34.06 PERF window t=30.1-35.1 frames=138 fps=27.50 frameMs avg=36.36 p50=33.33 p95=33.34 p99=173.35 max=188.55 hitches50=3 gpuMs avg=1.89 p50=1.87 p95=2.10 gameMs avg=5.66 p95=17.37 renderMs avg=3.22 p95=4.09
2026.09.30-11.34.06 SNAPSHOT applied seq=35 phase=TURN_END
2026.09.30-11.34.06 HANDLE_APPLIED #50 seq=35 decision=2 fightersValid=1 boardValid=1
2026.09.30-11.34.06 MODE seq=35 mode=0 combat=0 pending=0
2026.09.30-11.34.06 HUD seq=35 phase=TURN_END turn=opp hand=7 oppHand=8(hidden) oppDeck=20~ deck=18~ discard=5 pendingDiscard=1
2026.09.30-11.34.06 ARTPREVIEW fighter=Medusa hero=1 eligible=0 visual=1 mesh=SK_Medusa_H2LD
2026.09.30-11.34.06 FIGHTERS synced n=6 alive=6 own=2 enemy=4
2026.09.30-11.34.06 WS seq=35 phase=TURN_END (apply)
2026.09.30-11.34.06 TAG fighter=f-0-hero bbox=(909,493,1011,515) mode=compact look=P1 placement=above ring=0 hardPx2=0 softPx2=0 order=4 bound=1
2026.09.30-11.34.06 TAG fighter=f-0-sk0 bbox=(1232,385,1316,407) mode=compact look=P1 placement=above ring=0 hardPx2=0 softPx2=0 order=2 bound=1
2026.09.30-11.34.06 TAG fighter=f-0-sk1 bbox=(918,264,1002,286) mode=compact look=P1 placement=above ring=0 hardPx2=0 softPx2=0 order=0 bound=1
2026.09.30-11.34.06 TAG fighter=f-0-sk2 bbox=(761,385,845,407) mode=compact look=P1 placement=above ring=0 hardPx2=0 softPx2=0 order=1 bound=1
2026.09.30-11.34.06 TAG fighter=f-1-hero bbox=(643,513,745,535) mode=compact look=P2 placement=left ring=0 hardPx2=0 softPx2=0 order=3 bound=1
2026.09.30-11.34.06 TAG fighter=f-1-sk0 bbox=(1242,507,1326,529) mode=compact look=P2 placement=above ring=0 hardPx2=0 softPx2=0 order=5 bound=1
2026.09.30-11.34.07 game -> room=cmuo11ar100ubwiwwv3dxqwgm code=<redacted> status=IN_PROGRESS
2026.09.30-11.34.07 SNAPSHOT applied seq=36 phase=ACTION_MANEUVER
2026.09.30-11.34.07 HANDLE_APPLIED #51 seq=36 decision=2 fightersValid=1 boardValid=1
2026.09.30-11.34.07 MODE seq=36 mode=0 combat=0 pending=0
2026.09.30-11.34.07 HUD seq=36 phase=ACTION_MANEUVER turn=you hand=7 oppHand=7(hidden) oppDeck=20~ deck=18~ discard=5
2026.09.30-11.34.07 ARTPREVIEW fighter=Medusa hero=1 eligible=0 visual=1 mesh=SK_Medusa_H2LD
2026.09.30-11.34.07 FIGHTERS synced n=6 alive=6 own=2 enemy=4
2026.09.30-11.34.07 WS seq=36 phase=ACTION_MANEUVER (apply)
2026.09.30-11.34.07 S09AUTO own turn #3 (turnCount=8)
2026.09.30-11.34.07 TAG fighter=f-0-hero bbox=(909,493,1011,515) mode=compact look=P1 placement=above ring=0 hardPx2=0 softPx2=0 order=4 bound=1
2026.09.30-11.34.07 TAG fighter=f-0-sk0 bbox=(1232,385,1316,407) mode=compact look=P1 placement=above ring=0 hardPx2=0 softPx2=0 order=2 bound=1
2026.09.30-11.34.07 TAG fighter=f-0-sk1 bbox=(918,264,1002,286) mode=compact look=P1 placement=above ring=0 hardPx2=0 softPx2=0 order=0 bound=1
2026.09.30-11.34.07 TAG fighter=f-0-sk2 bbox=(761,385,845,407) mode=compact look=P1 placement=above ring=0 hardPx2=0 softPx2=0 order=1 bound=1
2026.09.30-11.34.07 TAG fighter=f-1-hero bbox=(643,513,745,535) mode=compact look=P2 placement=left ring=0 hardPx2=0 softPx2=0 order=3 bound=1
2026.09.30-11.34.07 TAG fighter=f-1-sk0 bbox=(1242,507,1326,529) mode=compact look=P2 placement=above ring=0 hardPx2=0 softPx2=0 order=5 bound=1
2026.09.30-11.34.07 SNAPSHOT applied seq=37 phase=ACTION_MANEUVER
2026.09.30-11.34.07 HANDLE_APPLIED #52 seq=37 decision=2 fightersValid=1 boardValid=1
2026.09.30-11.34.07 MANEUVER-DRAFT mode=maneuver:8:36
2026.09.30-11.34.07 DRAFT-OPEN draw committed (resume instead of begin)
2026.09.30-11.34.07 MODE seq=37 mode=1 combat=0 pending=0
2026.09.30-11.34.07 HUD seq=37 phase=ACTION_MANEUVER turn=you hand=8 oppHand=7(hidden) oppDeck=18 deck=17 discard=5
2026.09.30-11.34.07 ARTPREVIEW fighter=Medusa hero=1 eligible=0 visual=1 mesh=SK_Medusa_H2LD
2026.09.30-11.34.07 FIGHTERS synced n=6 alive=6 own=2 enemy=4
2026.09.30-11.34.07 MANEUVER begin seq=37 (apply) pending=maneuver:8:36
2026.09.30-11.34.07 SNAPSHOT applied seq=37 phase=ACTION_MANEUVER
2026.09.30-11.34.07 HANDLE_APPLIED #53 seq=37 decision=1 fightersValid=1 boardValid=1
2026.09.30-11.34.07 MODE seq=37 mode=1 combat=0 pending=0
2026.09.30-11.34.07 HUD seq=37 phase=ACTION_MANEUVER turn=you hand=8 oppHand=7(hidden) oppDeck=18 deck=17 discard=5
2026.09.30-11.34.07 ARTPREVIEW fighter=Medusa hero=1 eligible=0 visual=1 mesh=SK_Medusa_H2LD
2026.09.30-11.34.07 FIGHTERS synced n=6 alive=6 own=2 enemy=4
2026.09.30-11.34.07 WS seq=37 phase=ACTION_MANEUVER (merge)
2026.09.30-11.34.07 S09AUTO drive mode=1 plan=[defend+resolve] phase=ACTION_MANEUVER turn=cmukie57j0001wiaofr67k2vd
2026.09.30-11.34.07 MANEUVER-CONFIRM moves=1 boost=none
2026.09.30-11.34.07 HUD plate content fighter=f-1-hero name=King Arthur hp=14/18 team=own statuses=HERO  |  MELEE teamSlot=P2 look=P2 shape=hexagon chip=#5786A8
2026.09.30-11.34.07 PLATE fighter=f-1-hero bbox=(849,453,1021,507) overlapReachable=0 placement=above ring=0 gap=6 selection=f-1-hero destinations=6 clean=1 softPx2=0 tested=122 bound=1
2026.09.30-11.34.07 TAG fighter=f-0-hero bbox=(1009,517,1111,539) mode=compact look=P1 placement=right ring=0 hardPx2=0 softPx2=0 order=3 bound=1
2026.09.30-11.34.07 TAG fighter=f-0-sk0 bbox=(1232,385,1316,407) mode=compact look=P1 placement=above ring=0 hardPx2=0 softPx2=0 order=2 bound=1
2026.09.30-11.34.07 TAG fighter=f-0-sk1 bbox=(918,264,1002,286) mode=compact look=P1 placement=above ring=0 hardPx2=0 softPx2=0 order=0 bound=1
2026.09.30-11.34.07 TAG fighter=f-0-sk2 bbox=(761,385,845,407) mode=compact look=P1 placement=above ring=0 hardPx2=0 softPx2=0 order=1 bound=1
2026.09.30-11.34.07 TAG fighter=f-1-sk0 bbox=(1242,507,1326,529) mode=compact look=P2 placement=above ring=0 hardPx2=0 softPx2=0 order=4 bound=1
2026.09.30-11.34.07 TAG fighter=f-0-hero bbox=(1009,517,1111,539) mode=compact look=P1 placement=right ring=0 hardPx2=0 softPx2=0 order=3 bound=1
2026.09.30-11.34.07 TAG fighter=f-0-sk0 bbox=(1232,385,1316,407) mode=compact look=P1 placement=above ring=0 hardPx2=0 softPx2=0 order=2 bound=1
2026.09.30-11.34.07 TAG fighter=f-0-sk1 bbox=(918,264,1002,286) mode=compact look=P1 placement=above ring=0 hardPx2=0 softPx2=0 order=0 bound=1
2026.09.30-11.34.07 TAG fighter=f-0-sk2 bbox=(761,385,845,407) mode=compact look=P1 placement=above ring=0 hardPx2=0 softPx2=0 order=1 bound=1
2026.09.30-11.34.07 TAG fighter=f-1-sk0 bbox=(1242,507,1326,529) mode=compact look=P2 placement=above ring=0 hardPx2=0 softPx2=0 order=4 bound=1
2026.09.30-11.34.07 SNAPSHOT applied seq=38 phase=ACTION_MANEUVER
2026.09.30-11.34.07 HANDLE_APPLIED #54 seq=38 decision=2 fightersValid=1 boardValid=1
2026.09.30-11.34.07 closed mode=
2026.09.30-11.34.07 MODE seq=38 mode=0 combat=0 pending=0
2026.09.30-11.34.07 HUD seq=38 phase=ACTION_MANEUVER turn=you hand=8 oppHand=7(hidden) oppDeck=18 deck=17 discard=5
2026.09.30-11.34.07 ARTPREVIEW fighter=Medusa hero=1 eligible=0 visual=1 mesh=SK_Medusa_H2LD
2026.09.30-11.34.07 FIGHTERS synced n=6 alive=6 own=2 enemy=4
2026.09.30-11.34.07 CUE move f-1-hero (1,3)->(0,3) seq=38
2026.09.30-11.34.07 MANEUVER done seq=38 (apply) fighters=6 boost=no
2026.09.30-11.34.07 SNAPSHOT applied seq=38 phase=ACTION_MANEUVER
2026.09.30-11.34.07 HANDLE_APPLIED #55 seq=38 decision=1 fightersValid=1 boardValid=1
2026.09.30-11.34.07 MODE seq=38 mode=0 combat=0 pending=0
2026.09.30-11.34.07 HUD seq=38 phase=ACTION_MANEUVER turn=you hand=8 oppHand=7(hidden) oppDeck=18 deck=17 discard=5
2026.09.30-11.34.07 ARTPREVIEW fighter=Medusa hero=1 eligible=0 visual=1 mesh=SK_Medusa_H2LD
2026.09.30-11.34.07 FIGHTERS synced n=6 alive=6 own=2 enemy=4
2026.09.30-11.34.07 WS seq=38 phase=ACTION_MANEUVER (merge)
2026.09.30-11.34.07 PLATE hidden fighter=f-1-hero
2026.09.30-11.34.07 TAG fighter=f-0-hero bbox=(909,493,1011,515) mode=compact look=P1 placement=above ring=0 hardPx2=0 softPx2=0 order=4 bound=1
2026.09.30-11.34.07 TAG fighter=f-0-sk0 bbox=(1232,385,1316,407) mode=compact look=P1 placement=above ring=0 hardPx2=0 softPx2=0 order=2 bound=1
2026.09.30-11.34.07 TAG fighter=f-0-sk1 bbox=(918,264,1002,286) mode=compact look=P1 placement=above ring=0 hardPx2=0 softPx2=0 order=0 bound=1
2026.09.30-11.34.07 TAG fighter=f-0-sk2 bbox=(761,385,845,407) mode=compact look=P1 placement=above ring=0 hardPx2=0 softPx2=0 order=1 bound=1
2026.09.30-11.34.07 TAG fighter=f-1-hero bbox=(583,489,685,511) mode=compact look=P2 placement=above ring=0 hardPx2=0 softPx2=0 order=3 bound=1
2026.09.30-11.34.07 TAG fighter=f-1-sk0 bbox=(1242,507,1326,529) mode=compact look=P2 placement=above ring=0 hardPx2=0 softPx2=0 order=5 bound=1
2026.09.30-11.34.07 TAG fighter=f-0-hero bbox=(909,493,1011,515) mode=compact look=P1 placement=above ring=0 hardPx2=0 softPx2=0 order=4 bound=1
2026.09.30-11.34.07 TAG fighter=f-0-sk0 bbox=(1232,385,1316,407) mode=compact look=P1 placement=above ring=0 hardPx2=0 softPx2=0 order=2 bound=1
2026.09.30-11.34.07 TAG fighter=f-0-sk1 bbox=(918,264,1002,286) mode=compact look=P1 placement=above ring=0 hardPx2=0 softPx2=0 order=0 bound=1
2026.09.30-11.34.07 TAG fighter=f-0-sk2 bbox=(761,385,845,407) mode=compact look=P1 placement=above ring=0 hardPx2=0 softPx2=0 order=1 bound=1
2026.09.30-11.34.07 TAG fighter=f-1-hero bbox=(583,489,685,511) mode=compact look=P2 placement=above ring=0 hardPx2=0 softPx2=0 order=3 bound=1
2026.09.30-11.34.07 TAG fighter=f-1-sk0 bbox=(1242,507,1326,529) mode=compact look=P2 placement=above ring=0 hardPx2=0 softPx2=0 order=5 bound=1
2026.09.30-11.34.09 S09AUTO drive mode=0 plan=[defend+resolve] phase=ACTION_MANEUVER turn=cmukie57j0001wiaofr67k2vd
2026.09.30-11.34.09 SNAPSHOT applied seq=39 phase=ACTION_MANEUVER
2026.09.30-11.34.09 HANDLE_APPLIED #56 seq=39 decision=2 fightersValid=1 boardValid=1
2026.09.30-11.34.09 MANEUVER-DRAFT mode=maneuver:8:38
2026.09.30-11.34.09 DRAFT-OPEN draw committed (resume instead of begin)
2026.09.30-11.34.09 MODE seq=39 mode=1 combat=0 pending=0
2026.09.30-11.34.09 HUD seq=39 phase=ACTION_MANEUVER turn=you hand=9 oppHand=7(hidden) oppDeck=18 deck=16 discard=5
2026.09.30-11.34.09 ARTPREVIEW fighter=Medusa hero=1 eligible=0 visual=1 mesh=SK_Medusa_H2LD
2026.09.30-11.34.09 FIGHTERS synced n=6 alive=6 own=2 enemy=4
2026.09.30-11.34.09 MANEUVER begin seq=39 (apply) pending=maneuver:8:38
2026.09.30-11.34.09 SNAPSHOT applied seq=39 phase=ACTION_MANEUVER
2026.09.30-11.34.09 HANDLE_APPLIED #57 seq=39 decision=1 fightersValid=1 boardValid=1
2026.09.30-11.34.09 MODE seq=39 mode=1 combat=0 pending=0
2026.09.30-11.34.09 HUD seq=39 phase=ACTION_MANEUVER turn=you hand=9 oppHand=7(hidden) oppDeck=18 deck=16 discard=5
2026.09.30-11.34.09 ARTPREVIEW fighter=Medusa hero=1 eligible=0 visual=1 mesh=SK_Medusa_H2LD
2026.09.30-11.34.09 FIGHTERS synced n=6 alive=6 own=2 enemy=4
2026.09.30-11.34.09 WS seq=39 phase=ACTION_MANEUVER (merge)
2026.09.30-11.34.09 S09AUTO drive mode=1 plan=[defend+resolve] phase=ACTION_MANEUVER turn=cmukie57j0001wiaofr67k2vd
2026.09.30-11.34.09 MANEUVER-CONFIRM moves=1 boost=none
2026.09.30-11.34.09 PLATE fighter=f-1-hero bbox=(403,549,575,603) overlapReachable=0 placement=left ring=0 gap=6 selection=f-1-hero destinations=6 clean=1 softPx2=0 tested=124 bound=1
2026.09.30-11.34.09 TAG fighter=f-0-hero bbox=(909,493,1011,515) mode=compact look=P1 placement=above ring=0 hardPx2=0 softPx2=0 order=3 bound=1
2026.09.30-11.34.09 TAG fighter=f-0-sk0 bbox=(1232,385,1316,407) mode=compact look=P1 placement=above ring=0 hardPx2=0 softPx2=0 order=2 bound=1
2026.09.30-11.34.09 TAG fighter=f-0-sk1 bbox=(918,264,1002,286) mode=compact look=P1 placement=above ring=0 hardPx2=0 softPx2=0 order=0 bound=1
2026.09.30-11.34.09 TAG fighter=f-0-sk2 bbox=(761,385,845,407) mode=compact look=P1 placement=above ring=0 hardPx2=0 softPx2=0 order=1 bound=1
2026.09.30-11.34.09 TAG fighter=f-1-sk0 bbox=(1242,507,1326,529) mode=compact look=P2 placement=above ring=0 hardPx2=0 softPx2=0 order=4 bound=1
2026.09.30-11.34.09 TAG fighter=f-0-hero bbox=(909,493,1011,515) mode=compact look=P1 placement=above ring=0 hardPx2=0 softPx2=0 order=3 bound=1
2026.09.30-11.34.09 TAG fighter=f-0-sk0 bbox=(1232,385,1316,407) mode=compact look=P1 placement=above ring=0 hardPx2=0 softPx2=0 order=2 bound=1
2026.09.30-11.34.09 TAG fighter=f-0-sk1 bbox=(918,264,1002,286) mode=compact look=P1 placement=above ring=0 hardPx2=0 softPx2=0 order=0 bound=1
2026.09.30-11.34.09 TAG fighter=f-0-sk2 bbox=(761,385,845,407) mode=compact look=P1 placement=above ring=0 hardPx2=0 softPx2=0 order=1 bound=1
2026.09.30-11.34.09 TAG fighter=f-1-sk0 bbox=(1242,507,1326,529) mode=compact look=P2 placement=above ring=0 hardPx2=0 softPx2=0 order=4 bound=1
2026.09.30-11.34.09 SNAPSHOT applied seq=40 phase=TURN_END
2026.09.30-11.34.09 HANDLE_APPLIED #58 seq=40 decision=2 fightersValid=1 boardValid=1
2026.09.30-11.34.09 DISCARD-DRAFT count=2 pending=discard:8:40
2026.09.30-11.34.09 MODE seq=40 mode=2 combat=0 pending=0
2026.09.30-11.34.09 HUD seq=40 phase=TURN_END turn=you hand=9 oppHand=7(hidden) oppDeck=18 deck=16 discard=5 pendingDiscard=2
2026.09.30-11.34.09 ARTPREVIEW fighter=Medusa hero=1 eligible=0 visual=1 mesh=SK_Medusa_H2LD
2026.09.30-11.34.09 FIGHTERS synced n=6 alive=6 own=2 enemy=4
2026.09.30-11.34.09 CUE move f-1-hero (0,3)->(1,3) seq=40
2026.09.30-11.34.09 MANEUVER done seq=40 (apply) fighters=6 boost=no
2026.09.30-11.34.09 SNAPSHOT applied seq=40 phase=TURN_END
2026.09.30-11.34.09 HANDLE_APPLIED #59 seq=40 decision=1 fightersValid=1 boardValid=1
2026.09.30-11.34.09 MODE seq=40 mode=2 combat=0 pending=0
2026.09.30-11.34.09 HUD seq=40 phase=TURN_END turn=you hand=9 oppHand=7(hidden) oppDeck=18 deck=16 discard=5 pendingDiscard=2
2026.09.30-11.34.09 ARTPREVIEW fighter=Medusa hero=1 eligible=0 visual=1 mesh=SK_Medusa_H2LD
2026.09.30-11.34.09 FIGHTERS synced n=6 alive=6 own=2 enemy=4
2026.09.30-11.34.09 WS seq=40 phase=TURN_END (merge)
2026.09.30-11.34.09 PLATE hidden fighter=f-1-hero
2026.09.30-11.34.09 TAG fighter=f-0-hero bbox=(909,493,1011,515) mode=compact look=P1 placement=above ring=0 hardPx2=0 softPx2=0 order=4 bound=1
2026.09.30-11.34.09 TAG fighter=f-0-sk0 bbox=(1232,385,1316,407) mode=compact look=P1 placement=above ring=0 hardPx2=0 softPx2=0 order=2 bound=1
2026.09.30-11.34.09 TAG fighter=f-0-sk1 bbox=(918,264,1002,286) mode=compact look=P1 placement=above ring=0 hardPx2=0 softPx2=0 order=0 bound=1
2026.09.30-11.34.09 TAG fighter=f-0-sk2 bbox=(761,385,845,407) mode=compact look=P1 placement=above ring=0 hardPx2=0 softPx2=0 order=1 bound=1
2026.09.30-11.34.09 TAG fighter=f-1-hero bbox=(643,513,745,535) mode=compact look=P2 placement=left ring=0 hardPx2=0 softPx2=0 order=3 bound=1
2026.09.30-11.34.09 TAG fighter=f-1-sk0 bbox=(1242,507,1326,529) mode=compact look=P2 placement=above ring=0 hardPx2=0 softPx2=0 order=5 bound=1
2026.09.30-11.34.09 TAG fighter=f-0-hero bbox=(909,493,1011,515) mode=compact look=P1 placement=above ring=0 hardPx2=0 softPx2=0 order=4 bound=1
2026.09.30-11.34.09 TAG fighter=f-0-sk0 bbox=(1232,385,1316,407) mode=compact look=P1 placement=above ring=0 hardPx2=0 softPx2=0 order=2 bound=1
2026.09.30-11.34.09 TAG fighter=f-0-sk1 bbox=(918,264,1002,286) mode=compact look=P1 placement=above ring=0 hardPx2=0 softPx2=0 order=0 bound=1
2026.09.30-11.34.09 TAG fighter=f-0-sk2 bbox=(761,385,845,407) mode=compact look=P1 placement=above ring=0 hardPx2=0 softPx2=0 order=1 bound=1
2026.09.30-11.34.09 TAG fighter=f-1-hero bbox=(643,513,745,535) mode=compact look=P2 placement=left ring=0 hardPx2=0 softPx2=0 order=3 bound=1
2026.09.30-11.34.09 TAG fighter=f-1-sk0 bbox=(1242,507,1326,529) mode=compact look=P2 placement=above ring=0 hardPx2=0 softPx2=0 order=5 bound=1
2026.09.30-11.34.10 S09AUTO drive mode=2 plan=[defend+resolve] phase=TURN_END turn=cmukie57j0001wiaofr67k2vd
2026.09.30-11.34.10 S09AUTO discard picks=2
2026.09.30-11.34.10 DISCARD-CONFIRM pending=discard:8:40 count=2 ids=cmuhgvgi400ouwi9gf4p16bon::0,cmuhgvghy00oiwi9gajndiaba::0
2026.09.30-11.34.10 TAG fighter=f-0-hero bbox=(909,493,1011,515) mode=compact look=P1 placement=above ring=0 hardPx2=0 softPx2=0 order=4 bound=1
2026.09.30-11.34.10 TAG fighter=f-0-sk0 bbox=(1232,385,1316,407) mode=compact look=P1 placement=above ring=0 hardPx2=0 softPx2=0 order=2 bound=1
2026.09.30-11.34.10 TAG fighter=f-0-sk1 bbox=(918,264,1002,286) mode=compact look=P1 placement=above ring=0 hardPx2=0 softPx2=0 order=0 bound=1
2026.09.30-11.34.10 TAG fighter=f-0-sk2 bbox=(761,385,845,407) mode=compact look=P1 placement=above ring=0 hardPx2=0 softPx2=0 order=1 bound=1
2026.09.30-11.34.10 TAG fighter=f-1-hero bbox=(643,513,745,535) mode=compact look=P2 placement=left ring=0 hardPx2=0 softPx2=0 order=3 bound=1
2026.09.30-11.34.10 TAG fighter=f-1-sk0 bbox=(1242,507,1326,529) mode=compact look=P2 placement=above ring=0 hardPx2=0 softPx2=0 order=5 bound=1
2026.09.30-11.34.10 SNAPSHOT applied seq=41 phase=ACTION_MANEUVER
2026.09.30-11.34.10 HANDLE_APPLIED #60 seq=41 decision=2 fightersValid=1 boardValid=1
2026.09.30-11.34.10 closed mode=
2026.09.30-11.34.10 MODE seq=41 mode=0 combat=0 pending=1
2026.09.30-11.34.10 HUD seq=41 phase=ACTION_MANEUVER turn=opp hand=7 oppHand=7(hidden) oppDeck=18 deck=16 discard=7
2026.09.30-11.34.10 ARTPREVIEW fighter=Medusa hero=1 eligible=0 visual=1 mesh=SK_Medusa_H2LD
2026.09.30-11.34.10 FIGHTERS synced n=6 alive=6 own=2 enemy=4
2026.09.30-11.34.10 DISCARD done seq=41 phase=ACTION_MANEUVER count=2
2026.09.30-11.34.10 SNAPSHOT applied seq=41 phase=ACTION_MANEUVER
2026.09.30-11.34.10 HANDLE_APPLIED #61 seq=41 decision=1 fightersValid=1 boardValid=1
2026.09.30-11.34.10 MODE seq=41 mode=0 combat=0 pending=1
2026.09.30-11.34.10 HUD seq=41 phase=ACTION_MANEUVER turn=opp hand=7 oppHand=7(hidden) oppDeck=18 deck=16 discard=7
2026.09.30-11.34.10 ARTPREVIEW fighter=Medusa hero=1 eligible=0 visual=1 mesh=SK_Medusa_H2LD
2026.09.30-11.34.10 FIGHTERS synced n=6 alive=6 own=2 enemy=4
2026.09.30-11.34.10 WS seq=41 phase=ACTION_MANEUVER (merge)
2026.09.30-11.34.10 game -> room=cmuo11ar100ubwiwwv3dxqwgm code=<redacted> status=IN_PROGRESS
2026.09.30-11.34.10 TAG fighter=f-0-hero bbox=(909,493,1011,515) mode=compact look=P1 placement=above ring=0 hardPx2=0 softPx2=0 order=4 bound=1
2026.09.30-11.34.10 TAG fighter=f-0-sk0 bbox=(1232,385,1316,407) mode=compact look=P1 placement=above ring=0 hardPx2=0 softPx2=0 order=2 bound=1
2026.09.30-11.34.10 TAG fighter=f-0-sk1 bbox=(918,264,1002,286) mode=compact look=P1 placement=above ring=0 hardPx2=0 softPx2=0 order=0 bound=1
2026.09.30-11.34.10 TAG fighter=f-0-sk2 bbox=(761,385,845,407) mode=compact look=P1 placement=above ring=0 hardPx2=0 softPx2=0 order=1 bound=1
2026.09.30-11.34.10 TAG fighter=f-1-hero bbox=(643,513,745,535) mode=compact look=P2 placement=left ring=0 hardPx2=0 softPx2=0 order=3 bound=1
2026.09.30-11.34.10 TAG fighter=f-1-sk0 bbox=(1242,507,1326,529) mode=compact look=P2 placement=above ring=0 hardPx2=0 softPx2=0 order=5 bound=1
2026.09.30-11.34.10 SNAPSHOT applied seq=42 phase=ACTION_MANEUVER
2026.09.30-11.34.10 HANDLE_APPLIED #62 seq=42 decision=2 fightersValid=1 boardValid=1
2026.09.30-11.34.10 MODE seq=42 mode=0 combat=0 pending=0
2026.09.30-11.34.10 HUD seq=42 phase=ACTION_MANEUVER turn=opp hand=7 oppHand=7(hidden) oppDeck=18~ deck=16~ discard=7
2026.09.30-11.34.10 ARTPREVIEW fighter=Medusa hero=1 eligible=0 visual=1 mesh=SK_Medusa_H2LD
2026.09.30-11.34.10 FIGHTERS synced n=6 alive=6 own=2 enemy=4
2026.09.30-11.34.10 ARTPREVIEW damage-number fighter=f-1-hero amount=1 seq=42 cell=(1,3)
2026.09.30-11.34.10 ARTPREVIEW anim fighter=f-1-hero clip=HitReact len=0.417 event=damaged loop=0 phase=0.0000 seq=42 asset=AM_KingArthur_HitReact
2026.09.30-11.34.10 CUE damage f-1-hero -1 seq=42
2026.09.30-11.34.10 WS seq=42 phase=ACTION_MANEUVER (apply)
2026.09.30-11.34.10 TAG fighter=f-0-hero bbox=(909,493,1011,515) mode=compact look=P1 placement=above ring=0 hardPx2=0 softPx2=0 order=4 bound=1
2026.09.30-11.34.10 TAG fighter=f-0-sk0 bbox=(1232,385,1316,407) mode=compact look=P1 placement=above ring=0 hardPx2=0 softPx2=0 order=3 bound=1
2026.09.30-11.34.10 TAG fighter=f-0-sk1 bbox=(918,264,1002,286) mode=compact look=P1 placement=above ring=0 hardPx2=0 softPx2=0 order=1 bound=1
2026.09.30-11.34.10 TAG fighter=f-0-sk2 bbox=(761,385,845,407) mode=compact look=P1 placement=above ring=0 hardPx2=0 softPx2=0 order=2 bound=1
2026.09.30-11.34.10 TAG fighter=f-1-hero bbox=(643,513,745,535) mode=compact look=P2 placement=left ring=0 hardPx2=0 softPx2=0 order=0 bound=1
2026.09.30-11.34.10 TAG fighter=f-1-sk0 bbox=(1242,507,1326,529) mode=compact look=P2 placement=above ring=0 hardPx2=0 softPx2=0 order=5 bound=1
2026.09.30-11.34.10 DAMAGE fighter=f-1-hero bbox=(674,483,714,511) amount=1 seq=42 placement=above ring=0 hardPx2=0 softPx2=0
2026.09.30-11.34.10 SNAPSHOT applied seq=43 phase=ACTION_MANEUVER
2026.09.30-11.34.10 HANDLE_APPLIED #63 seq=43 decision=2 fightersValid=1 boardValid=1
2026.09.30-11.34.10 MODE seq=43 mode=0 combat=0 pending=0
2026.09.30-11.34.10 HUD seq=43 phase=ACTION_MANEUVER turn=opp hand=7 oppHand=8(hidden) oppDeck=18~ deck=16~ discard=7
2026.09.30-11.34.10 ARTPREVIEW fighter=Medusa hero=1 eligible=0 visual=1 mesh=SK_Medusa_H2LD
2026.09.30-11.34.10 FIGHTERS synced n=6 alive=6 own=2 enemy=4
2026.09.30-11.34.10 WS seq=43 phase=ACTION_MANEUVER (apply)
2026.09.30-11.34.10 SNAPSHOT applied seq=44 phase=ACTION_MANEUVER
2026.09.30-11.34.10 HANDLE_APPLIED #64 seq=44 decision=2 fightersValid=1 boardValid=1
2026.09.30-11.34.10 MODE seq=44 mode=0 combat=0 pending=0
2026.09.30-11.34.10 HUD seq=44 phase=ACTION_MANEUVER turn=opp hand=7 oppHand=8(hidden) oppDeck=18~ deck=16~ discard=7
2026.09.30-11.34.10 ARTPREVIEW fighter=Medusa hero=1 eligible=0 visual=1 mesh=SK_Medusa_H2LD
2026.09.30-11.34.10 FIGHTERS synced n=6 alive=6 own=2 enemy=4
2026.09.30-11.34.10 WS seq=44 phase=ACTION_MANEUVER (apply)
2026.09.30-11.34.10 ARTPREVIEW anim fighter=f-1-hero clip=Idle len=2.500 event=clipFinished loop=1 phase=0.3470 seq=-1 asset=AM_KingArthur_Idle
2026.09.30-11.34.11 PERF window t=35.1-40.1 frames=151 fps=30.00 frameMs avg=33.33 p50=33.33 p95=33.33 p99=33.34 max=33.35 hitches50=0 gpuMs avg=1.89 p50=1.85 p95=2.11 gameMs avg=2.78 p95=12.14 renderMs avg=3.25 p95=4.34
2026.09.30-11.34.11 TAG fighter=f-0-hero bbox=(909,493,1011,515) mode=compact look=P1 placement=above ring=0 hardPx2=0 softPx2=0 order=4 bound=1
2026.09.30-11.34.11 TAG fighter=f-0-sk0 bbox=(1232,385,1316,407) mode=compact look=P1 placement=above ring=0 hardPx2=0 softPx2=0 order=2 bound=1
2026.09.30-11.34.11 TAG fighter=f-0-sk1 bbox=(918,264,1002,286) mode=compact look=P1 placement=above ring=0 hardPx2=0 softPx2=0 order=0 bound=1
2026.09.30-11.34.11 TAG fighter=f-0-sk2 bbox=(761,385,845,407) mode=compact look=P1 placement=above ring=0 hardPx2=0 softPx2=0 order=1 bound=1
2026.09.30-11.34.11 TAG fighter=f-1-hero bbox=(643,513,745,535) mode=compact look=P2 placement=left ring=0 hardPx2=0 softPx2=0 order=3 bound=1
2026.09.30-11.34.11 TAG fighter=f-1-sk0 bbox=(1242,507,1326,529) mode=compact look=P2 placement=above ring=0 hardPx2=0 softPx2=0 order=5 bound=1
2026.09.30-11.34.11 S09AUTO drive mode=0 plan=[defend+resolve] phase=ACTION_MANEUVER turn=cmukie55u0000wiao06h107t9
2026.09.30-11.34.11 SNAPSHOT applied seq=45 phase=ACTION_MANEUVER
2026.09.30-11.34.11 HANDLE_APPLIED #65 seq=45 decision=2 fightersValid=1 boardValid=1
2026.09.30-11.34.11 MODE seq=45 mode=0 combat=0 pending=0
2026.09.30-11.34.11 HUD seq=45 phase=ACTION_MANEUVER turn=opp hand=7 oppHand=9(hidden) oppDeck=18~ deck=16~ discard=7
2026.09.30-11.34.11 ARTPREVIEW fighter=Medusa hero=1 eligible=0 visual=1 mesh=SK_Medusa_H2LD
2026.09.30-11.34.11 FIGHTERS synced n=6 alive=6 own=2 enemy=4
2026.09.30-11.34.11 WS seq=45 phase=ACTION_MANEUVER (apply)
2026.09.30-11.34.11 SNAPSHOT applied seq=46 phase=TURN_END
2026.09.30-11.34.11 HANDLE_APPLIED #66 seq=46 decision=2 fightersValid=1 boardValid=1
2026.09.30-11.34.11 MODE seq=46 mode=0 combat=0 pending=0
2026.09.30-11.34.11 HUD seq=46 phase=TURN_END turn=opp hand=7 oppHand=9(hidden) oppDeck=18~ deck=16~ discard=7 pendingDiscard=2
2026.09.30-11.34.11 ARTPREVIEW fighter=Medusa hero=1 eligible=0 visual=1 mesh=SK_Medusa_H2LD
2026.09.30-11.34.11 FIGHTERS synced n=6 alive=6 own=2 enemy=4
2026.09.30-11.34.11 WS seq=46 phase=TURN_END (apply)
2026.09.30-11.34.12 TAG fighter=f-0-hero bbox=(909,493,1011,515) mode=compact look=P1 placement=above ring=0 hardPx2=0 softPx2=0 order=4 bound=1
2026.09.30-11.34.12 TAG fighter=f-0-sk0 bbox=(1232,385,1316,407) mode=compact look=P1 placement=above ring=0 hardPx2=0 softPx2=0 order=2 bound=1
2026.09.30-11.34.12 TAG fighter=f-0-sk1 bbox=(918,264,1002,286) mode=compact look=P1 placement=above ring=0 hardPx2=0 softPx2=0 order=0 bound=1
2026.09.30-11.34.12 TAG fighter=f-0-sk2 bbox=(761,385,845,407) mode=compact look=P1 placement=above ring=0 hardPx2=0 softPx2=0 order=1 bound=1
2026.09.30-11.34.12 TAG fighter=f-1-hero bbox=(643,513,745,535) mode=compact look=P2 placement=left ring=0 hardPx2=0 softPx2=0 order=3 bound=1
2026.09.30-11.34.12 TAG fighter=f-1-sk0 bbox=(1242,507,1326,529) mode=compact look=P2 placement=above ring=0 hardPx2=0 softPx2=0 order=5 bound=1
2026.09.30-11.34.13 SNAPSHOT applied seq=47 phase=ACTION_MANEUVER
2026.09.30-11.34.13 HANDLE_APPLIED #67 seq=47 decision=2 fightersValid=1 boardValid=1
2026.09.30-11.34.13 MODE seq=47 mode=0 combat=0 pending=0
2026.09.30-11.34.13 HUD seq=47 phase=ACTION_MANEUVER turn=you hand=7 oppHand=7(hidden) oppDeck=18~ deck=16~ discard=7
2026.09.30-11.34.13 ARTPREVIEW fighter=Medusa hero=1 eligible=0 visual=1 mesh=SK_Medusa_H2LD
2026.09.30-11.34.13 FIGHTERS synced n=6 alive=6 own=2 enemy=4
2026.09.30-11.34.13 WS seq=47 phase=ACTION_MANEUVER (apply)
2026.09.30-11.34.13 S09AUTO own turn #4 (turnCount=10)
2026.09.30-11.34.13 TAG fighter=f-0-hero bbox=(909,493,1011,515) mode=compact look=P1 placement=above ring=0 hardPx2=0 softPx2=0 order=4 bound=1
2026.09.30-11.34.13 TAG fighter=f-0-sk0 bbox=(1232,385,1316,407) mode=compact look=P1 placement=above ring=0 hardPx2=0 softPx2=0 order=2 bound=1
2026.09.30-11.34.13 TAG fighter=f-0-sk1 bbox=(918,264,1002,286) mode=compact look=P1 placement=above ring=0 hardPx2=0 softPx2=0 order=0 bound=1
2026.09.30-11.34.13 TAG fighter=f-0-sk2 bbox=(761,385,845,407) mode=compact look=P1 placement=above ring=0 hardPx2=0 softPx2=0 order=1 bound=1
2026.09.30-11.34.13 TAG fighter=f-1-hero bbox=(643,513,745,535) mode=compact look=P2 placement=left ring=0 hardPx2=0 softPx2=0 order=3 bound=1
2026.09.30-11.34.13 TAG fighter=f-1-sk0 bbox=(1242,507,1326,529) mode=compact look=P2 placement=above ring=0 hardPx2=0 softPx2=0 order=5 bound=1
2026.09.30-11.34.13 SNAPSHOT applied seq=48 phase=ACTION_MANEUVER
2026.09.30-11.34.13 HANDLE_APPLIED #68 seq=48 decision=2 fightersValid=1 boardValid=1
2026.09.30-11.34.13 MANEUVER-DRAFT mode=maneuver:10:47
2026.09.30-11.34.13 DRAFT-OPEN draw committed (resume instead of begin)
2026.09.30-11.34.13 MODE seq=48 mode=1 combat=0 pending=0
2026.09.30-11.34.13 HUD seq=48 phase=ACTION_MANEUVER turn=you hand=8 oppHand=7(hidden) oppDeck=16 deck=15 discard=7
2026.09.30-11.34.13 ARTPREVIEW fighter=Medusa hero=1 eligible=0 visual=1 mesh=SK_Medusa_H2LD
2026.09.30-11.34.13 FIGHTERS synced n=6 alive=6 own=2 enemy=4
2026.09.30-11.34.13 MANEUVER begin seq=48 (apply) pending=maneuver:10:47
2026.09.30-11.34.13 SNAPSHOT applied seq=48 phase=ACTION_MANEUVER
2026.09.30-11.34.13 HANDLE_APPLIED #69 seq=48 decision=1 fightersValid=1 boardValid=1
2026.09.30-11.34.13 MODE seq=48 mode=1 combat=0 pending=0
2026.09.30-11.34.13 HUD seq=48 phase=ACTION_MANEUVER turn=you hand=8 oppHand=7(hidden) oppDeck=16 deck=15 discard=7
2026.09.30-11.34.13 ARTPREVIEW fighter=Medusa hero=1 eligible=0 visual=1 mesh=SK_Medusa_H2LD
2026.09.30-11.34.13 FIGHTERS synced n=6 alive=6 own=2 enemy=4
2026.09.30-11.34.13 WS seq=48 phase=ACTION_MANEUVER (merge)
2026.09.30-11.34.13 S09AUTO drive mode=1 plan=[defend+resolve] phase=ACTION_MANEUVER turn=cmukie57j0001wiaofr67k2vd
2026.09.30-11.34.13 MANEUVER-CONFIRM moves=1 boost=none
2026.09.30-11.34.13 HUD plate content fighter=f-1-hero name=King Arthur hp=13/18 team=own statuses=HERO  |  MELEE teamSlot=P2 look=P2 shape=hexagon chip=#5786A8
2026.09.30-11.34.13 PLATE fighter=f-1-hero bbox=(849,453,1021,507) overlapReachable=0 placement=above ring=0 gap=6 selection=f-1-hero destinations=6 clean=1 softPx2=0 tested=122 bound=1
2026.09.30-11.34.13 TAG fighter=f-0-hero bbox=(1009,517,1111,539) mode=compact look=P1 placement=right ring=0 hardPx2=0 softPx2=0 order=3 bound=1
2026.09.30-11.34.13 TAG fighter=f-0-sk0 bbox=(1232,385,1316,407) mode=compact look=P1 placement=above ring=0 hardPx2=0 softPx2=0 order=2 bound=1
2026.09.30-11.34.13 TAG fighter=f-0-sk1 bbox=(918,264,1002,286) mode=compact look=P1 placement=above ring=0 hardPx2=0 softPx2=0 order=0 bound=1
2026.09.30-11.34.13 TAG fighter=f-0-sk2 bbox=(761,385,845,407) mode=compact look=P1 placement=above ring=0 hardPx2=0 softPx2=0 order=1 bound=1
2026.09.30-11.34.13 TAG fighter=f-1-sk0 bbox=(1242,507,1326,529) mode=compact look=P2 placement=above ring=0 hardPx2=0 softPx2=0 order=4 bound=1
2026.09.30-11.34.13 TAG fighter=f-0-hero bbox=(1009,517,1111,539) mode=compact look=P1 placement=right ring=0 hardPx2=0 softPx2=0 order=3 bound=1
2026.09.30-11.34.13 TAG fighter=f-0-sk0 bbox=(1232,385,1316,407) mode=compact look=P1 placement=above ring=0 hardPx2=0 softPx2=0 order=2 bound=1
2026.09.30-11.34.13 TAG fighter=f-0-sk1 bbox=(918,264,1002,286) mode=compact look=P1 placement=above ring=0 hardPx2=0 softPx2=0 order=0 bound=1
2026.09.30-11.34.13 TAG fighter=f-0-sk2 bbox=(761,385,845,407) mode=compact look=P1 placement=above ring=0 hardPx2=0 softPx2=0 order=1 bound=1
2026.09.30-11.34.13 TAG fighter=f-1-sk0 bbox=(1242,507,1326,529) mode=compact look=P2 placement=above ring=0 hardPx2=0 softPx2=0 order=4 bound=1
2026.09.30-11.34.13 SNAPSHOT applied seq=49 phase=ACTION_MANEUVER
2026.09.30-11.34.13 HANDLE_APPLIED #70 seq=49 decision=2 fightersValid=1 boardValid=1
2026.09.30-11.34.13 closed mode=
2026.09.30-11.34.13 MODE seq=49 mode=0 combat=0 pending=0
2026.09.30-11.34.13 HUD seq=49 phase=ACTION_MANEUVER turn=you hand=8 oppHand=7(hidden) oppDeck=16 deck=15 discard=7
2026.09.30-11.34.13 ARTPREVIEW fighter=Medusa hero=1 eligible=0 visual=1 mesh=SK_Medusa_H2LD
2026.09.30-11.34.13 FIGHTERS synced n=6 alive=6 own=2 enemy=4
2026.09.30-11.34.13 CUE move f-1-hero (1,3)->(0,3) seq=49
2026.09.30-11.34.13 MANEUVER done seq=49 (apply) fighters=6 boost=no
2026.09.30-11.34.13 SNAPSHOT applied seq=49 phase=ACTION_MANEUVER
2026.09.30-11.34.13 HANDLE_APPLIED #71 seq=49 decision=1 fightersValid=1 boardValid=1
2026.09.30-11.34.13 MODE seq=49 mode=0 combat=0 pending=0
2026.09.30-11.34.13 HUD seq=49 phase=ACTION_MANEUVER turn=you hand=8 oppHand=7(hidden) oppDeck=16 deck=15 discard=7
2026.09.30-11.34.13 ARTPREVIEW fighter=Medusa hero=1 eligible=0 visual=1 mesh=SK_Medusa_H2LD
2026.09.30-11.34.13 FIGHTERS synced n=6 alive=6 own=2 enemy=4
2026.09.30-11.34.13 WS seq=49 phase=ACTION_MANEUVER (merge)
2026.09.30-11.34.13 PLATE hidden fighter=f-1-hero
2026.09.30-11.34.13 TAG fighter=f-0-hero bbox=(909,493,1011,515) mode=compact look=P1 placement=above ring=0 hardPx2=0 softPx2=0 order=4 bound=1
2026.09.30-11.34.13 TAG fighter=f-0-sk0 bbox=(1232,385,1316,407) mode=compact look=P1 placement=above ring=0 hardPx2=0 softPx2=0 order=2 bound=1
2026.09.30-11.34.13 TAG fighter=f-0-sk1 bbox=(918,264,1002,286) mode=compact look=P1 placement=above ring=0 hardPx2=0 softPx2=0 order=0 bound=1
2026.09.30-11.34.13 TAG fighter=f-0-sk2 bbox=(761,385,845,407) mode=compact look=P1 placement=above ring=0 hardPx2=0 softPx2=0 order=1 bound=1
2026.09.30-11.34.13 TAG fighter=f-1-hero bbox=(583,489,685,511) mode=compact look=P2 placement=above ring=0 hardPx2=0 softPx2=0 order=3 bound=1
2026.09.30-11.34.13 TAG fighter=f-1-sk0 bbox=(1242,507,1326,529) mode=compact look=P2 placement=above ring=0 hardPx2=0 softPx2=0 order=5 bound=1
2026.09.30-11.34.13 game -> room=cmuo11ar100ubwiwwv3dxqwgm code=<redacted> status=IN_PROGRESS
2026.09.30-11.34.13 TAG fighter=f-0-hero bbox=(909,493,1011,515) mode=compact look=P1 placement=above ring=0 hardPx2=0 softPx2=0 order=4 bound=1
2026.09.30-11.34.13 TAG fighter=f-0-sk0 bbox=(1232,385,1316,407) mode=compact look=P1 placement=above ring=0 hardPx2=0 softPx2=0 order=2 bound=1
2026.09.30-11.34.13 TAG fighter=f-0-sk1 bbox=(918,264,1002,286) mode=compact look=P1 placement=above ring=0 hardPx2=0 softPx2=0 order=0 bound=1
2026.09.30-11.34.13 TAG fighter=f-0-sk2 bbox=(761,385,845,407) mode=compact look=P1 placement=above ring=0 hardPx2=0 softPx2=0 order=1 bound=1
2026.09.30-11.34.13 TAG fighter=f-1-hero bbox=(583,489,685,511) mode=compact look=P2 placement=above ring=0 hardPx2=0 softPx2=0 order=3 bound=1
2026.09.30-11.34.13 TAG fighter=f-1-sk0 bbox=(1242,507,1326,529) mode=compact look=P2 placement=above ring=0 hardPx2=0 softPx2=0 order=5 bound=1
2026.09.30-11.34.14 S09AUTO drive mode=0 plan=[defend+resolve] phase=ACTION_MANEUVER turn=cmukie57j0001wiaofr67k2vd
2026.09.30-11.34.14 SNAPSHOT applied seq=50 phase=ACTION_MANEUVER
2026.09.30-11.34.14 HANDLE_APPLIED #72 seq=50 decision=2 fightersValid=1 boardValid=1
2026.09.30-11.34.14 MANEUVER-DRAFT mode=maneuver:10:49
2026.09.30-11.34.14 DRAFT-OPEN draw committed (resume instead of begin)
2026.09.30-11.34.14 MODE seq=50 mode=1 combat=0 pending=0
2026.09.30-11.34.14 HUD seq=50 phase=ACTION_MANEUVER turn=you hand=9 oppHand=7(hidden) oppDeck=16 deck=14 discard=7
2026.09.30-11.34.14 ARTPREVIEW fighter=Medusa hero=1 eligible=0 visual=1 mesh=SK_Medusa_H2LD
2026.09.30-11.34.14 FIGHTERS synced n=6 alive=6 own=2 enemy=4
2026.09.30-11.34.14 MANEUVER begin seq=50 (apply) pending=maneuver:10:49
2026.09.30-11.34.14 SNAPSHOT applied seq=50 phase=ACTION_MANEUVER
2026.09.30-11.34.14 HANDLE_APPLIED #73 seq=50 decision=1 fightersValid=1 boardValid=1
2026.09.30-11.34.14 MODE seq=50 mode=1 combat=0 pending=0
2026.09.30-11.34.14 HUD seq=50 phase=ACTION_MANEUVER turn=you hand=9 oppHand=7(hidden) oppDeck=16 deck=14 discard=7
2026.09.30-11.34.14 ARTPREVIEW fighter=Medusa hero=1 eligible=0 visual=1 mesh=SK_Medusa_H2LD
2026.09.30-11.34.14 FIGHTERS synced n=6 alive=6 own=2 enemy=4
2026.09.30-11.34.14 WS seq=50 phase=ACTION_MANEUVER (merge)
2026.09.30-11.34.14 S09AUTO drive mode=1 plan=[defend+resolve] phase=ACTION_MANEUVER turn=cmukie57j0001wiaofr67k2vd
2026.09.30-11.34.14 MANEUVER-CONFIRM moves=1 boost=none
2026.09.30-11.34.14 PLATE fighter=f-1-hero bbox=(403,549,575,603) overlapReachable=0 placement=left ring=0 gap=6 selection=f-1-hero destinations=6 clean=1 softPx2=0 tested=124 bound=1
2026.09.30-11.34.14 TAG fighter=f-0-hero bbox=(909,493,1011,515) mode=compact look=P1 placement=above ring=0 hardPx2=0 softPx2=0 order=3 bound=1
2026.09.30-11.34.14 TAG fighter=f-0-sk0 bbox=(1232,385,1316,407) mode=compact look=P1 placement=above ring=0 hardPx2=0 softPx2=0 order=2 bound=1
2026.09.30-11.34.14 TAG fighter=f-0-sk1 bbox=(918,264,1002,286) mode=compact look=P1 placement=above ring=0 hardPx2=0 softPx2=0 order=0 bound=1
2026.09.30-11.34.14 TAG fighter=f-0-sk2 bbox=(761,385,845,407) mode=compact look=P1 placement=above ring=0 hardPx2=0 softPx2=0 order=1 bound=1
2026.09.30-11.34.14 TAG fighter=f-1-sk0 bbox=(1242,507,1326,529) mode=compact look=P2 placement=above ring=0 hardPx2=0 softPx2=0 order=4 bound=1
2026.09.30-11.34.14 TAG fighter=f-0-hero bbox=(909,493,1011,515) mode=compact look=P1 placement=above ring=0 hardPx2=0 softPx2=0 order=3 bound=1
2026.09.30-11.34.14 TAG fighter=f-0-sk0 bbox=(1232,385,1316,407) mode=compact look=P1 placement=above ring=0 hardPx2=0 softPx2=0 order=2 bound=1
2026.09.30-11.34.14 TAG fighter=f-0-sk1 bbox=(918,264,1002,286) mode=compact look=P1 placement=above ring=0 hardPx2=0 softPx2=0 order=0 bound=1
2026.09.30-11.34.14 TAG fighter=f-0-sk2 bbox=(761,385,845,407) mode=compact look=P1 placement=above ring=0 hardPx2=0 softPx2=0 order=1 bound=1
2026.09.30-11.34.14 TAG fighter=f-1-sk0 bbox=(1242,507,1326,529) mode=compact look=P2 placement=above ring=0 hardPx2=0 softPx2=0 order=4 bound=1
2026.09.30-11.34.14 SNAPSHOT applied seq=51 phase=TURN_END
2026.09.30-11.34.14 HANDLE_APPLIED #74 seq=51 decision=2 fightersValid=1 boardValid=1
2026.09.30-11.34.14 DISCARD-DRAFT count=2 pending=discard:10:51
2026.09.30-11.34.14 MODE seq=51 mode=2 combat=0 pending=0
2026.09.30-11.34.14 HUD seq=51 phase=TURN_END turn=you hand=9 oppHand=7(hidden) oppDeck=16 deck=14 discard=7 pendingDiscard=2
2026.09.30-11.34.14 ARTPREVIEW fighter=Medusa hero=1 eligible=0 visual=1 mesh=SK_Medusa_H2LD
2026.09.30-11.34.14 FIGHTERS synced n=6 alive=6 own=2 enemy=4
2026.09.30-11.34.14 CUE move f-1-hero (0,3)->(1,3) seq=51
2026.09.30-11.34.14 MANEUVER done seq=51 (apply) fighters=6 boost=no
2026.09.30-11.34.14 SNAPSHOT applied seq=51 phase=TURN_END
2026.09.30-11.34.14 HANDLE_APPLIED #75 seq=51 decision=1 fightersValid=1 boardValid=1
2026.09.30-11.34.14 MODE seq=51 mode=2 combat=0 pending=0
2026.09.30-11.34.14 HUD seq=51 phase=TURN_END turn=you hand=9 oppHand=7(hidden) oppDeck=16 deck=14 discard=7 pendingDiscard=2
2026.09.30-11.34.14 ARTPREVIEW fighter=Medusa hero=1 eligible=0 visual=1 mesh=SK_Medusa_H2LD
2026.09.30-11.34.14 FIGHTERS synced n=6 alive=6 own=2 enemy=4
2026.09.30-11.34.14 WS seq=51 phase=TURN_END (merge)
2026.09.30-11.34.14 PLATE hidden fighter=f-1-hero
2026.09.30-11.34.14 TAG fighter=f-0-hero bbox=(909,493,1011,515) mode=compact look=P1 placement=above ring=0 hardPx2=0 softPx2=0 order=4 bound=1
2026.09.30-11.34.14 TAG fighter=f-0-sk0 bbox=(1232,385,1316,407) mode=compact look=P1 placement=above ring=0 hardPx2=0 softPx2=0 order=2 bound=1
2026.09.30-11.34.14 TAG fighter=f-0-sk1 bbox=(918,264,1002,286) mode=compact look=P1 placement=above ring=0 hardPx2=0 softPx2=0 order=0 bound=1
2026.09.30-11.34.14 TAG fighter=f-0-sk2 bbox=(761,385,845,407) mode=compact look=P1 placement=above ring=0 hardPx2=0 softPx2=0 order=1 bound=1
2026.09.30-11.34.14 TAG fighter=f-1-hero bbox=(643,513,745,535) mode=compact look=P2 placement=left ring=0 hardPx2=0 softPx2=0 order=3 bound=1
2026.09.30-11.34.14 TAG fighter=f-1-sk0 bbox=(1242,507,1326,529) mode=compact look=P2 placement=above ring=0 hardPx2=0 softPx2=0 order=5 bound=1
2026.09.30-11.34.14 TAG fighter=f-0-hero bbox=(909,493,1011,515) mode=compact look=P1 placement=above ring=0 hardPx2=0 softPx2=0 order=4 bound=1
2026.09.30-11.34.14 TAG fighter=f-0-sk0 bbox=(1232,385,1316,407) mode=compact look=P1 placement=above ring=0 hardPx2=0 softPx2=0 order=2 bound=1
2026.09.30-11.34.14 TAG fighter=f-0-sk1 bbox=(918,264,1002,286) mode=compact look=P1 placement=above ring=0 hardPx2=0 softPx2=0 order=0 bound=1
2026.09.30-11.34.14 TAG fighter=f-0-sk2 bbox=(761,385,845,407) mode=compact look=P1 placement=above ring=0 hardPx2=0 softPx2=0 order=1 bound=1
2026.09.30-11.34.14 TAG fighter=f-1-hero bbox=(643,513,745,535) mode=compact look=P2 placement=left ring=0 hardPx2=0 softPx2=0 order=3 bound=1
2026.09.30-11.34.14 TAG fighter=f-1-sk0 bbox=(1242,507,1326,529) mode=compact look=P2 placement=above ring=0 hardPx2=0 softPx2=0 order=5 bound=1
2026.09.30-11.34.15 S09AUTO drive mode=2 plan=[defend+resolve] phase=TURN_END turn=cmukie57j0001wiaofr67k2vd
2026.09.30-11.34.15 S09AUTO discard picks=2
2026.09.30-11.34.15 DISCARD-CONFIRM pending=discard:10:51 count=2 ids=cmuhgvgi500oywi9gchz8vt4l::2,cmuhgvgi800p4wi9greokvfle::2
2026.09.30-11.34.15 TAG fighter=f-0-hero bbox=(909,493,1011,515) mode=compact look=P1 placement=above ring=0 hardPx2=0 softPx2=0 order=4 bound=1
2026.09.30-11.34.15 TAG fighter=f-0-sk0 bbox=(1232,385,1316,407) mode=compact look=P1 placement=above ring=0 hardPx2=0 softPx2=0 order=2 bound=1
2026.09.30-11.34.15 TAG fighter=f-0-sk1 bbox=(918,264,1002,286) mode=compact look=P1 placement=above ring=0 hardPx2=0 softPx2=0 order=0 bound=1
2026.09.30-11.34.15 TAG fighter=f-0-sk2 bbox=(761,385,845,407) mode=compact look=P1 placement=above ring=0 hardPx2=0 softPx2=0 order=1 bound=1
2026.09.30-11.34.15 TAG fighter=f-1-hero bbox=(643,513,745,535) mode=compact look=P2 placement=left ring=0 hardPx2=0 softPx2=0 order=3 bound=1
2026.09.30-11.34.15 TAG fighter=f-1-sk0 bbox=(1242,507,1326,529) mode=compact look=P2 placement=above ring=0 hardPx2=0 softPx2=0 order=5 bound=1
2026.09.30-11.34.16 SNAPSHOT applied seq=52 phase=ACTION_MANEUVER
2026.09.30-11.34.16 HANDLE_APPLIED #76 seq=52 decision=2 fightersValid=1 boardValid=1
2026.09.30-11.34.16 closed mode=
2026.09.30-11.34.16 MODE seq=52 mode=0 combat=0 pending=1
2026.09.30-11.34.16 HUD seq=52 phase=ACTION_MANEUVER turn=opp hand=7 oppHand=7(hidden) oppDeck=16 deck=14 discard=9
2026.09.30-11.34.16 ARTPREVIEW fighter=Medusa hero=1 eligible=0 visual=1 mesh=SK_Medusa_H2LD
2026.09.30-11.34.16 FIGHTERS synced n=6 alive=6 own=2 enemy=4
2026.09.30-11.34.16 DISCARD done seq=52 phase=ACTION_MANEUVER count=2
2026.09.30-11.34.16 SNAPSHOT applied seq=52 phase=ACTION_MANEUVER
2026.09.30-11.34.16 HANDLE_APPLIED #77 seq=52 decision=1 fightersValid=1 boardValid=1
2026.09.30-11.34.16 MODE seq=52 mode=0 combat=0 pending=1
2026.09.30-11.34.16 HUD seq=52 phase=ACTION_MANEUVER turn=opp hand=7 oppHand=7(hidden) oppDeck=16 deck=14 discard=9
2026.09.30-11.34.16 ARTPREVIEW fighter=Medusa hero=1 eligible=0 visual=1 mesh=SK_Medusa_H2LD
2026.09.30-11.34.16 FIGHTERS synced n=6 alive=6 own=2 enemy=4
2026.09.30-11.34.16 WS seq=52 phase=ACTION_MANEUVER (merge)
2026.09.30-11.34.16 TAG fighter=f-0-hero bbox=(909,493,1011,515) mode=compact look=P1 placement=above ring=0 hardPx2=0 softPx2=0 order=4 bound=1
2026.09.30-11.34.16 TAG fighter=f-0-sk0 bbox=(1232,385,1316,407) mode=compact look=P1 placement=above ring=0 hardPx2=0 softPx2=0 order=2 bound=1
2026.09.30-11.34.16 TAG fighter=f-0-sk1 bbox=(918,264,1002,286) mode=compact look=P1 placement=above ring=0 hardPx2=0 softPx2=0 order=0 bound=1
2026.09.30-11.34.16 TAG fighter=f-0-sk2 bbox=(761,385,845,407) mode=compact look=P1 placement=above ring=0 hardPx2=0 softPx2=0 order=1 bound=1
2026.09.30-11.34.16 TAG fighter=f-1-hero bbox=(643,513,745,535) mode=compact look=P2 placement=left ring=0 hardPx2=0 softPx2=0 order=3 bound=1
2026.09.30-11.34.16 TAG fighter=f-1-sk0 bbox=(1242,507,1326,529) mode=compact look=P2 placement=above ring=0 hardPx2=0 softPx2=0 order=5 bound=1
2026.09.30-11.34.16 SNAPSHOT applied seq=53 phase=ACTION_MANEUVER
2026.09.30-11.34.16 HANDLE_APPLIED #78 seq=53 decision=2 fightersValid=1 boardValid=1
2026.09.30-11.34.16 MODE seq=53 mode=0 combat=0 pending=0
2026.09.30-11.34.16 HUD seq=53 phase=ACTION_MANEUVER turn=opp hand=7 oppHand=7(hidden) oppDeck=16~ deck=14~ discard=9
2026.09.30-11.34.16 ARTPREVIEW fighter=Medusa hero=1 eligible=0 visual=1 mesh=SK_Medusa_H2LD
2026.09.30-11.34.16 FIGHTERS synced n=6 alive=6 own=2 enemy=4
2026.09.30-11.34.16 ARTPREVIEW damage-number fighter=f-1-hero amount=1 seq=53 cell=(1,3)
2026.09.30-11.34.16 ARTPREVIEW anim fighter=f-1-hero clip=HitReact len=0.417 event=damaged loop=0 phase=0.0000 seq=53 asset=AM_KingArthur_HitReact
2026.09.30-11.34.16 CUE damage f-1-hero -1 seq=53
2026.09.30-11.34.16 WS seq=53 phase=ACTION_MANEUVER (apply)
2026.09.30-11.34.16 TAG fighter=f-0-hero bbox=(909,493,1011,515) mode=compact look=P1 placement=above ring=0 hardPx2=0 softPx2=0 order=4 bound=1
2026.09.30-11.34.16 TAG fighter=f-0-sk0 bbox=(1232,385,1316,407) mode=compact look=P1 placement=above ring=0 hardPx2=0 softPx2=0 order=3 bound=1
2026.09.30-11.34.16 TAG fighter=f-0-sk1 bbox=(918,264,1002,286) mode=compact look=P1 placement=above ring=0 hardPx2=0 softPx2=0 order=1 bound=1
2026.09.30-11.34.16 TAG fighter=f-0-sk2 bbox=(761,385,845,407) mode=compact look=P1 placement=above ring=0 hardPx2=0 softPx2=0 order=2 bound=1
2026.09.30-11.34.16 TAG fighter=f-1-hero bbox=(643,513,745,535) mode=compact look=P2 placement=left ring=0 hardPx2=0 softPx2=0 order=0 bound=1
2026.09.30-11.34.16 TAG fighter=f-1-sk0 bbox=(1242,507,1326,529) mode=compact look=P2 placement=above ring=0 hardPx2=0 softPx2=0 order=5 bound=1
2026.09.30-11.34.16 DAMAGE fighter=f-1-hero bbox=(674,483,714,511) amount=1 seq=53 placement=above ring=0 hardPx2=0 softPx2=0
2026.09.30-11.34.16 SNAPSHOT applied seq=54 phase=ACTION_MANEUVER
2026.09.30-11.34.16 HANDLE_APPLIED #79 seq=54 decision=2 fightersValid=1 boardValid=1
2026.09.30-11.34.16 MODE seq=54 mode=0 combat=0 pending=0
2026.09.30-11.34.16 HUD seq=54 phase=ACTION_MANEUVER turn=opp hand=7 oppHand=8(hidden) oppDeck=16~ deck=14~ discard=9
2026.09.30-11.34.16 ARTPREVIEW fighter=Medusa hero=1 eligible=0 visual=1 mesh=SK_Medusa_H2LD
2026.09.30-11.34.16 FIGHTERS synced n=6 alive=6 own=2 enemy=4
2026.09.30-11.34.16 WS seq=54 phase=ACTION_MANEUVER (apply)
2026.09.30-11.34.16 SNAPSHOT applied seq=55 phase=ACTION_MANEUVER
2026.09.30-11.34.16 HANDLE_APPLIED #80 seq=55 decision=2 fightersValid=1 boardValid=1
2026.09.30-11.34.16 MODE seq=55 mode=0 combat=0 pending=0
2026.09.30-11.34.16 HUD seq=55 phase=ACTION_MANEUVER turn=opp hand=7 oppHand=8(hidden) oppDeck=16~ deck=14~ discard=9
2026.09.30-11.34.16 ARTPREVIEW fighter=Medusa hero=1 eligible=0 visual=1 mesh=SK_Medusa_H2LD
2026.09.30-11.34.16 FIGHTERS synced n=6 alive=6 own=2 enemy=4
2026.09.30-11.34.16 WS seq=55 phase=ACTION_MANEUVER (apply)
2026.09.30-11.34.16 PERF window t=40.1-45.2 frames=151 fps=30.00 frameMs avg=33.33 p50=33.33 p95=33.33 p99=33.34 max=33.34 hitches50=0 gpuMs avg=1.93 p50=1.91 p95=2.16 gameMs avg=2.73 p95=13.52 renderMs avg=3.22 p95=4.00
2026.09.30-11.34.16 game -> room=cmuo11ar100ubwiwwv3dxqwgm code=<redacted> status=IN_PROGRESS
2026.09.30-11.34.16 ARTPREVIEW anim fighter=f-1-hero clip=Idle len=2.500 event=clipFinished loop=1 phase=0.3470 seq=-1 asset=AM_KingArthur_Idle
2026.09.30-11.34.17 TAG fighter=f-0-hero bbox=(909,493,1011,515) mode=compact look=P1 placement=above ring=0 hardPx2=0 softPx2=0 order=4 bound=1
2026.09.30-11.34.17 TAG fighter=f-0-sk0 bbox=(1232,385,1316,407) mode=compact look=P1 placement=above ring=0 hardPx2=0 softPx2=0 order=2 bound=1
2026.09.30-11.34.17 TAG fighter=f-0-sk1 bbox=(918,264,1002,286) mode=compact look=P1 placement=above ring=0 hardPx2=0 softPx2=0 order=0 bound=1
2026.09.30-11.34.17 TAG fighter=f-0-sk2 bbox=(761,385,845,407) mode=compact look=P1 placement=above ring=0 hardPx2=0 softPx2=0 order=1 bound=1
2026.09.30-11.34.17 TAG fighter=f-1-hero bbox=(643,513,745,535) mode=compact look=P2 placement=left ring=0 hardPx2=0 softPx2=0 order=3 bound=1
2026.09.30-11.34.17 TAG fighter=f-1-sk0 bbox=(1242,507,1326,529) mode=compact look=P2 placement=above ring=0 hardPx2=0 softPx2=0 order=5 bound=1
2026.09.30-11.34.17 S09AUTO drive mode=0 plan=[defend+resolve] phase=ACTION_MANEUVER turn=cmukie55u0000wiao06h107t9
2026.09.30-11.34.17 SNAPSHOT applied seq=56 phase=ACTION_MANEUVER
2026.09.30-11.34.17 HANDLE_APPLIED #81 seq=56 decision=2 fightersValid=1 boardValid=1
2026.09.30-11.34.17 MODE seq=56 mode=0 combat=0 pending=0
2026.09.30-11.34.17 HUD seq=56 phase=ACTION_MANEUVER turn=opp hand=7 oppHand=9(hidden) oppDeck=16~ deck=14~ discard=9
2026.09.30-11.34.17 ARTPREVIEW fighter=Medusa hero=1 eligible=0 visual=1 mesh=SK_Medusa_H2LD
2026.09.30-11.34.17 FIGHTERS synced n=6 alive=6 own=2 enemy=4
2026.09.30-11.34.17 WS seq=56 phase=ACTION_MANEUVER (apply)
2026.09.30-11.34.17 SNAPSHOT applied seq=57 phase=TURN_END
2026.09.30-11.34.17 HANDLE_APPLIED #82 seq=57 decision=2 fightersValid=1 boardValid=1
2026.09.30-11.34.17 MODE seq=57 mode=0 combat=0 pending=0
2026.09.30-11.34.17 HUD seq=57 phase=TURN_END turn=opp hand=7 oppHand=9(hidden) oppDeck=16~ deck=14~ discard=9 pendingDiscard=2
2026.09.30-11.34.17 ARTPREVIEW fighter=Medusa hero=1 eligible=0 visual=1 mesh=SK_Medusa_H2LD
2026.09.30-11.34.17 FIGHTERS synced n=6 alive=6 own=2 enemy=4
2026.09.30-11.34.17 WS seq=57 phase=TURN_END (apply)
2026.09.30-11.34.17 TAG fighter=f-0-hero bbox=(909,493,1011,515) mode=compact look=P1 placement=above ring=0 hardPx2=0 softPx2=0 order=4 bound=1
2026.09.30-11.34.17 TAG fighter=f-0-sk0 bbox=(1232,385,1316,407) mode=compact look=P1 placement=above ring=0 hardPx2=0 softPx2=0 order=2 bound=1
2026.09.30-11.34.17 TAG fighter=f-0-sk1 bbox=(918,264,1002,286) mode=compact look=P1 placement=above ring=0 hardPx2=0 softPx2=0 order=0 bound=1
2026.09.30-11.34.17 TAG fighter=f-0-sk2 bbox=(761,385,845,407) mode=compact look=P1 placement=above ring=0 hardPx2=0 softPx2=0 order=1 bound=1
2026.09.30-11.34.17 TAG fighter=f-1-hero bbox=(643,513,745,535) mode=compact look=P2 placement=left ring=0 hardPx2=0 softPx2=0 order=3 bound=1
2026.09.30-11.34.17 TAG fighter=f-1-sk0 bbox=(1242,507,1326,529) mode=compact look=P2 placement=above ring=0 hardPx2=0 softPx2=0 order=5 bound=1
2026.09.30-11.34.18 SNAPSHOT applied seq=58 phase=ACTION_MANEUVER
2026.09.30-11.34.18 HANDLE_APPLIED #83 seq=58 decision=2 fightersValid=1 boardValid=1
2026.09.30-11.34.18 MODE seq=58 mode=0 combat=0 pending=0
2026.09.30-11.34.18 HUD seq=58 phase=ACTION_MANEUVER turn=you hand=7 oppHand=7(hidden) oppDeck=16~ deck=14~ discard=9
2026.09.30-11.34.18 ARTPREVIEW fighter=Medusa hero=1 eligible=0 visual=1 mesh=SK_Medusa_H2LD
2026.09.30-11.34.18 FIGHTERS synced n=6 alive=6 own=2 enemy=4
2026.09.30-11.34.18 WS seq=58 phase=ACTION_MANEUVER (apply)
2026.09.30-11.34.18 S09AUTO own turn #5 (turnCount=12)
2026.09.30-11.34.19 TAG fighter=f-0-hero bbox=(909,493,1011,515) mode=compact look=P1 placement=above ring=0 hardPx2=0 softPx2=0 order=4 bound=1
2026.09.30-11.34.19 TAG fighter=f-0-sk0 bbox=(1232,385,1316,407) mode=compact look=P1 placement=above ring=0 hardPx2=0 softPx2=0 order=2 bound=1
2026.09.30-11.34.19 TAG fighter=f-0-sk1 bbox=(918,264,1002,286) mode=compact look=P1 placement=above ring=0 hardPx2=0 softPx2=0 order=0 bound=1
2026.09.30-11.34.19 TAG fighter=f-0-sk2 bbox=(761,385,845,407) mode=compact look=P1 placement=above ring=0 hardPx2=0 softPx2=0 order=1 bound=1
2026.09.30-11.34.19 TAG fighter=f-1-hero bbox=(643,513,745,535) mode=compact look=P2 placement=left ring=0 hardPx2=0 softPx2=0 order=3 bound=1
2026.09.30-11.34.19 TAG fighter=f-1-sk0 bbox=(1242,507,1326,529) mode=compact look=P2 placement=above ring=0 hardPx2=0 softPx2=0 order=5 bound=1
2026.09.30-11.34.19 SNAPSHOT applied seq=59 phase=ACTION_MANEUVER
2026.09.30-11.34.19 HANDLE_APPLIED #84 seq=59 decision=2 fightersValid=1 boardValid=1
2026.09.30-11.34.19 MANEUVER-DRAFT mode=maneuver:12:58
2026.09.30-11.34.19 DRAFT-OPEN draw committed (resume instead of begin)
2026.09.30-11.34.19 MODE seq=59 mode=1 combat=0 pending=0
2026.09.30-11.34.19 HUD seq=59 phase=ACTION_MANEUVER turn=you hand=8 oppHand=7(hidden) oppDeck=14 deck=13 discard=9
2026.09.30-11.34.19 ARTPREVIEW fighter=Medusa hero=1 eligible=0 visual=1 mesh=SK_Medusa_H2LD
2026.09.30-11.34.19 FIGHTERS synced n=6 alive=6 own=2 enemy=4
2026.09.30-11.34.19 MANEUVER begin seq=59 (apply) pending=maneuver:12:58
2026.09.30-11.34.19 SNAPSHOT applied seq=59 phase=ACTION_MANEUVER
2026.09.30-11.34.19 HANDLE_APPLIED #85 seq=59 decision=1 fightersValid=1 boardValid=1
2026.09.30-11.34.19 MODE seq=59 mode=1 combat=0 pending=0
2026.09.30-11.34.19 HUD seq=59 phase=ACTION_MANEUVER turn=you hand=8 oppHand=7(hidden) oppDeck=14 deck=13 discard=9
2026.09.30-11.34.19 ARTPREVIEW fighter=Medusa hero=1 eligible=0 visual=1 mesh=SK_Medusa_H2LD
2026.09.30-11.34.19 FIGHTERS synced n=6 alive=6 own=2 enemy=4
2026.09.30-11.34.19 WS seq=59 phase=ACTION_MANEUVER (merge)
2026.09.30-11.34.19 S09AUTO drive mode=1 plan=[defend+resolve] phase=ACTION_MANEUVER turn=cmukie57j0001wiaofr67k2vd
2026.09.30-11.34.19 MANEUVER-CONFIRM moves=1 boost=none
2026.09.30-11.34.19 HUD plate content fighter=f-1-hero name=King Arthur hp=12/18 team=own statuses=HERO  |  MELEE teamSlot=P2 look=P2 shape=hexagon chip=#5786A8
2026.09.30-11.34.19 PLATE fighter=f-1-hero bbox=(849,453,1021,507) overlapReachable=0 placement=above ring=0 gap=6 selection=f-1-hero destinations=6 clean=1 softPx2=0 tested=122 bound=1
2026.09.30-11.34.19 TAG fighter=f-0-hero bbox=(1009,517,1111,539) mode=compact look=P1 placement=right ring=0 hardPx2=0 softPx2=0 order=3 bound=1
2026.09.30-11.34.19 TAG fighter=f-0-sk0 bbox=(1232,385,1316,407) mode=compact look=P1 placement=above ring=0 hardPx2=0 softPx2=0 order=2 bound=1
2026.09.30-11.34.19 TAG fighter=f-0-sk1 bbox=(918,264,1002,286) mode=compact look=P1 placement=above ring=0 hardPx2=0 softPx2=0 order=0 bound=1
2026.09.30-11.34.19 TAG fighter=f-0-sk2 bbox=(761,385,845,407) mode=compact look=P1 placement=above ring=0 hardPx2=0 softPx2=0 order=1 bound=1
2026.09.30-11.34.19 TAG fighter=f-1-sk0 bbox=(1242,507,1326,529) mode=compact look=P2 placement=above ring=0 hardPx2=0 softPx2=0 order=4 bound=1
2026.09.30-11.34.19 TAG fighter=f-0-hero bbox=(1009,517,1111,539) mode=compact look=P1 placement=right ring=0 hardPx2=0 softPx2=0 order=3 bound=1
2026.09.30-11.34.19 TAG fighter=f-0-sk0 bbox=(1232,385,1316,407) mode=compact look=P1 placement=above ring=0 hardPx2=0 softPx2=0 order=2 bound=1
2026.09.30-11.34.19 TAG fighter=f-0-sk1 bbox=(918,264,1002,286) mode=compact look=P1 placement=above ring=0 hardPx2=0 softPx2=0 order=0 bound=1
2026.09.30-11.34.19 TAG fighter=f-0-sk2 bbox=(761,385,845,407) mode=compact look=P1 placement=above ring=0 hardPx2=0 softPx2=0 order=1 bound=1
2026.09.30-11.34.19 TAG fighter=f-1-sk0 bbox=(1242,507,1326,529) mode=compact look=P2 placement=above ring=0 hardPx2=0 softPx2=0 order=4 bound=1
2026.09.30-11.34.19 SNAPSHOT applied seq=60 phase=ACTION_MANEUVER
2026.09.30-11.34.19 HANDLE_APPLIED #86 seq=60 decision=2 fightersValid=1 boardValid=1
2026.09.30-11.34.19 closed mode=
2026.09.30-11.34.19 MODE seq=60 mode=0 combat=0 pending=0
2026.09.30-11.34.19 HUD seq=60 phase=ACTION_MANEUVER turn=you hand=8 oppHand=7(hidden) oppDeck=14 deck=13 discard=9
2026.09.30-11.34.19 ARTPREVIEW fighter=Medusa hero=1 eligible=0 visual=1 mesh=SK_Medusa_H2LD
2026.09.30-11.34.19 FIGHTERS synced n=6 alive=6 own=2 enemy=4
2026.09.30-11.34.19 CUE move f-1-hero (1,3)->(0,3) seq=60
2026.09.30-11.34.19 MANEUVER done seq=60 (apply) fighters=6 boost=no
2026.09.30-11.34.19 SNAPSHOT applied seq=60 phase=ACTION_MANEUVER
2026.09.30-11.34.19 HANDLE_APPLIED #87 seq=60 decision=1 fightersValid=1 boardValid=1
2026.09.30-11.34.19 MODE seq=60 mode=0 combat=0 pending=0
2026.09.30-11.34.19 HUD seq=60 phase=ACTION_MANEUVER turn=you hand=8 oppHand=7(hidden) oppDeck=14 deck=13 discard=9
2026.09.30-11.34.19 ARTPREVIEW fighter=Medusa hero=1 eligible=0 visual=1 mesh=SK_Medusa_H2LD
2026.09.30-11.34.19 FIGHTERS synced n=6 alive=6 own=2 enemy=4
2026.09.30-11.34.19 WS seq=60 phase=ACTION_MANEUVER (merge)
2026.09.30-11.34.19 PLATE hidden fighter=f-1-hero
2026.09.30-11.34.19 TAG fighter=f-0-hero bbox=(909,493,1011,515) mode=compact look=P1 placement=above ring=0 hardPx2=0 softPx2=0 order=4 bound=1
2026.09.30-11.34.19 TAG fighter=f-0-sk0 bbox=(1232,385,1316,407) mode=compact look=P1 placement=above ring=0 hardPx2=0 softPx2=0 order=2 bound=1
2026.09.30-11.34.19 TAG fighter=f-0-sk1 bbox=(918,264,1002,286) mode=compact look=P1 placement=above ring=0 hardPx2=0 softPx2=0 order=0 bound=1
2026.09.30-11.34.19 TAG fighter=f-0-sk2 bbox=(761,385,845,407) mode=compact look=P1 placement=above ring=0 hardPx2=0 softPx2=0 order=1 bound=1
2026.09.30-11.34.19 TAG fighter=f-1-hero bbox=(583,489,685,511) mode=compact look=P2 placement=above ring=0 hardPx2=0 softPx2=0 order=3 bound=1
2026.09.30-11.34.19 TAG fighter=f-1-sk0 bbox=(1242,507,1326,529) mode=compact look=P2 placement=above ring=0 hardPx2=0 softPx2=0 order=5 bound=1
2026.09.30-11.34.19 TAG fighter=f-0-hero bbox=(909,493,1011,515) mode=compact look=P1 placement=above ring=0 hardPx2=0 softPx2=0 order=4 bound=1
2026.09.30-11.34.19 TAG fighter=f-0-sk0 bbox=(1232,385,1316,407) mode=compact look=P1 placement=above ring=0 hardPx2=0 softPx2=0 order=2 bound=1
2026.09.30-11.34.19 TAG fighter=f-0-sk1 bbox=(918,264,1002,286) mode=compact look=P1 placement=above ring=0 hardPx2=0 softPx2=0 order=0 bound=1
2026.09.30-11.34.19 TAG fighter=f-0-sk2 bbox=(761,385,845,407) mode=compact look=P1 placement=above ring=0 hardPx2=0 softPx2=0 order=1 bound=1
2026.09.30-11.34.19 TAG fighter=f-1-hero bbox=(583,489,685,511) mode=compact look=P2 placement=above ring=0 hardPx2=0 softPx2=0 order=3 bound=1
2026.09.30-11.34.19 TAG fighter=f-1-sk0 bbox=(1242,507,1326,529) mode=compact look=P2 placement=above ring=0 hardPx2=0 softPx2=0 order=5 bound=1
2026.09.30-11.34.19 game -> room=cmuo11ar100ubwiwwv3dxqwgm code=<redacted> status=IN_PROGRESS
2026.09.30-11.34.20 S09AUTO drive mode=0 plan=[defend+resolve] phase=ACTION_MANEUVER turn=cmukie57j0001wiaofr67k2vd
2026.09.30-11.34.20 SNAPSHOT applied seq=61 phase=ACTION_MANEUVER
2026.09.30-11.34.20 HANDLE_APPLIED #88 seq=61 decision=2 fightersValid=1 boardValid=1
2026.09.30-11.34.20 MANEUVER-DRAFT mode=maneuver:12:60
2026.09.30-11.34.20 DRAFT-OPEN draw committed (resume instead of begin)
2026.09.30-11.34.20 MODE seq=61 mode=1 combat=0 pending=0
2026.09.30-11.34.20 HUD seq=61 phase=ACTION_MANEUVER turn=you hand=9 oppHand=7(hidden) oppDeck=14 deck=12 discard=9
2026.09.30-11.34.20 ARTPREVIEW fighter=Medusa hero=1 eligible=0 visual=1 mesh=SK_Medusa_H2LD
2026.09.30-11.34.20 FIGHTERS synced n=6 alive=6 own=2 enemy=4
2026.09.30-11.34.20 MANEUVER begin seq=61 (apply) pending=maneuver:12:60
2026.09.30-11.34.20 SNAPSHOT applied seq=61 phase=ACTION_MANEUVER
2026.09.30-11.34.20 HANDLE_APPLIED #89 seq=61 decision=1 fightersValid=1 boardValid=1
2026.09.30-11.34.20 MODE seq=61 mode=1 combat=0 pending=0
2026.09.30-11.34.20 HUD seq=61 phase=ACTION_MANEUVER turn=you hand=9 oppHand=7(hidden) oppDeck=14 deck=12 discard=9
2026.09.30-11.34.20 ARTPREVIEW fighter=Medusa hero=1 eligible=0 visual=1 mesh=SK_Medusa_H2LD
2026.09.30-11.34.20 FIGHTERS synced n=6 alive=6 own=2 enemy=4
2026.09.30-11.34.20 WS seq=61 phase=ACTION_MANEUVER (merge)
2026.09.30-11.34.20 S09AUTO drive mode=1 plan=[defend+resolve] phase=ACTION_MANEUVER turn=cmukie57j0001wiaofr67k2vd
2026.09.30-11.34.20 MANEUVER-CONFIRM moves=1 boost=none
2026.09.30-11.34.20 PLATE fighter=f-1-hero bbox=(403,549,575,603) overlapReachable=0 placement=left ring=0 gap=6 selection=f-1-hero destinations=6 clean=1 softPx2=0 tested=124 bound=1
2026.09.30-11.34.20 TAG fighter=f-0-hero bbox=(909,493,1011,515) mode=compact look=P1 placement=above ring=0 hardPx2=0 softPx2=0 order=3 bound=1
2026.09.30-11.34.20 TAG fighter=f-0-sk0 bbox=(1232,385,1316,407) mode=compact look=P1 placement=above ring=0 hardPx2=0 softPx2=0 order=2 bound=1
2026.09.30-11.34.20 TAG fighter=f-0-sk1 bbox=(918,264,1002,286) mode=compact look=P1 placement=above ring=0 hardPx2=0 softPx2=0 order=0 bound=1
2026.09.30-11.34.20 TAG fighter=f-0-sk2 bbox=(761,385,845,407) mode=compact look=P1 placement=above ring=0 hardPx2=0 softPx2=0 order=1 bound=1
2026.09.30-11.34.20 TAG fighter=f-1-sk0 bbox=(1242,507,1326,529) mode=compact look=P2 placement=above ring=0 hardPx2=0 softPx2=0 order=4 bound=1
2026.09.30-11.34.20 TAG fighter=f-0-hero bbox=(909,493,1011,515) mode=compact look=P1 placement=above ring=0 hardPx2=0 softPx2=0 order=3 bound=1
2026.09.30-11.34.20 TAG fighter=f-0-sk0 bbox=(1232,385,1316,407) mode=compact look=P1 placement=above ring=0 hardPx2=0 softPx2=0 order=2 bound=1
2026.09.30-11.34.20 TAG fighter=f-0-sk1 bbox=(918,264,1002,286) mode=compact look=P1 placement=above ring=0 hardPx2=0 softPx2=0 order=0 bound=1
2026.09.30-11.34.20 TAG fighter=f-0-sk2 bbox=(761,385,845,407) mode=compact look=P1 placement=above ring=0 hardPx2=0 softPx2=0 order=1 bound=1
2026.09.30-11.34.20 TAG fighter=f-1-sk0 bbox=(1242,507,1326,529) mode=compact look=P2 placement=above ring=0 hardPx2=0 softPx2=0 order=4 bound=1
2026.09.30-11.34.20 SNAPSHOT applied seq=62 phase=TURN_END
2026.09.30-11.34.20 HANDLE_APPLIED #90 seq=62 decision=2 fightersValid=1 boardValid=1
2026.09.30-11.34.20 DISCARD-DRAFT count=2 pending=discard:12:62
2026.09.30-11.34.20 MODE seq=62 mode=2 combat=0 pending=0
2026.09.30-11.34.20 HUD seq=62 phase=TURN_END turn=you hand=9 oppHand=7(hidden) oppDeck=14 deck=12 discard=9 pendingDiscard=2
2026.09.30-11.34.20 ARTPREVIEW fighter=Medusa hero=1 eligible=0 visual=1 mesh=SK_Medusa_H2LD
2026.09.30-11.34.20 FIGHTERS synced n=6 alive=6 own=2 enemy=4
2026.09.30-11.34.20 CUE move f-1-hero (0,3)->(1,3) seq=62
2026.09.30-11.34.20 MANEUVER done seq=62 (apply) fighters=6 boost=no
2026.09.30-11.34.20 SNAPSHOT applied seq=62 phase=TURN_END
2026.09.30-11.34.20 HANDLE_APPLIED #91 seq=62 decision=1 fightersValid=1 boardValid=1
2026.09.30-11.34.20 MODE seq=62 mode=2 combat=0 pending=0
2026.09.30-11.34.20 HUD seq=62 phase=TURN_END turn=you hand=9 oppHand=7(hidden) oppDeck=14 deck=12 discard=9 pendingDiscard=2
2026.09.30-11.34.20 ARTPREVIEW fighter=Medusa hero=1 eligible=0 visual=1 mesh=SK_Medusa_H2LD
2026.09.30-11.34.20 FIGHTERS synced n=6 alive=6 own=2 enemy=4
2026.09.30-11.34.20 WS seq=62 phase=TURN_END (merge)
2026.09.30-11.34.20 PLATE hidden fighter=f-1-hero
2026.09.30-11.34.20 TAG fighter=f-0-hero bbox=(909,493,1011,515) mode=compact look=P1 placement=above ring=0 hardPx2=0 softPx2=0 order=4 bound=1
2026.09.30-11.34.20 TAG fighter=f-0-sk0 bbox=(1232,385,1316,407) mode=compact look=P1 placement=above ring=0 hardPx2=0 softPx2=0 order=2 bound=1
2026.09.30-11.34.20 TAG fighter=f-0-sk1 bbox=(918,264,1002,286) mode=compact look=P1 placement=above ring=0 hardPx2=0 softPx2=0 order=0 bound=1
2026.09.30-11.34.20 TAG fighter=f-0-sk2 bbox=(761,385,845,407) mode=compact look=P1 placement=above ring=0 hardPx2=0 softPx2=0 order=1 bound=1
2026.09.30-11.34.20 TAG fighter=f-1-hero bbox=(643,513,745,535) mode=compact look=P2 placement=left ring=0 hardPx2=0 softPx2=0 order=3 bound=1
2026.09.30-11.34.20 TAG fighter=f-1-sk0 bbox=(1242,507,1326,529) mode=compact look=P2 placement=above ring=0 hardPx2=0 softPx2=0 order=5 bound=1
2026.09.30-11.34.20 TAG fighter=f-0-hero bbox=(909,493,1011,515) mode=compact look=P1 placement=above ring=0 hardPx2=0 softPx2=0 order=4 bound=1
2026.09.30-11.34.20 TAG fighter=f-0-sk0 bbox=(1232,385,1316,407) mode=compact look=P1 placement=above ring=0 hardPx2=0 softPx2=0 order=2 bound=1
2026.09.30-11.34.20 TAG fighter=f-0-sk1 bbox=(918,264,1002,286) mode=compact look=P1 placement=above ring=0 hardPx2=0 softPx2=0 order=0 bound=1
2026.09.30-11.34.20 TAG fighter=f-0-sk2 bbox=(761,385,845,407) mode=compact look=P1 placement=above ring=0 hardPx2=0 softPx2=0 order=1 bound=1
2026.09.30-11.34.20 TAG fighter=f-1-hero bbox=(643,513,745,535) mode=compact look=P2 placement=left ring=0 hardPx2=0 softPx2=0 order=3 bound=1
2026.09.30-11.34.20 TAG fighter=f-1-sk0 bbox=(1242,507,1326,529) mode=compact look=P2 placement=above ring=0 hardPx2=0 softPx2=0 order=5 bound=1
2026.09.30-11.34.21 PERF window t=45.2-50.2 frames=151 fps=30.00 frameMs avg=33.33 p50=33.33 p95=33.33 p99=33.34 max=33.35 hitches50=0 gpuMs avg=1.92 p50=1.90 p95=2.18 gameMs avg=2.51 p95=13.48 renderMs avg=3.17 p95=4.31
2026.09.30-11.34.21 S09AUTO drive mode=2 plan=[defend+resolve] phase=TURN_END turn=cmukie57j0001wiaofr67k2vd
2026.09.30-11.34.21 S09AUTO discard picks=2
2026.09.30-11.34.21 DISCARD-CONFIRM pending=discard:12:62 count=2 ids=cmuhgvgi200oqwi9ginqxairz::0,cmuhgvghx00ogwi9g6yhna6m8::0
2026.09.30-11.34.21 TAG fighter=f-0-hero bbox=(909,493,1011,515) mode=compact look=P1 placement=above ring=0 hardPx2=0 softPx2=0 order=4 bound=1
2026.09.30-11.34.21 TAG fighter=f-0-sk0 bbox=(1232,385,1316,407) mode=compact look=P1 placement=above ring=0 hardPx2=0 softPx2=0 order=2 bound=1
2026.09.30-11.34.21 TAG fighter=f-0-sk1 bbox=(918,264,1002,286) mode=compact look=P1 placement=above ring=0 hardPx2=0 softPx2=0 order=0 bound=1
2026.09.30-11.34.21 TAG fighter=f-0-sk2 bbox=(761,385,845,407) mode=compact look=P1 placement=above ring=0 hardPx2=0 softPx2=0 order=1 bound=1
2026.09.30-11.34.21 TAG fighter=f-1-hero bbox=(643,513,745,535) mode=compact look=P2 placement=left ring=0 hardPx2=0 softPx2=0 order=3 bound=1
2026.09.30-11.34.21 TAG fighter=f-1-sk0 bbox=(1242,507,1326,529) mode=compact look=P2 placement=above ring=0 hardPx2=0 softPx2=0 order=5 bound=1
2026.09.30-11.34.21 SNAPSHOT applied seq=63 phase=ACTION_MANEUVER
2026.09.30-11.34.21 HANDLE_APPLIED #92 seq=63 decision=2 fightersValid=1 boardValid=1
2026.09.30-11.34.21 closed mode=
2026.09.30-11.34.21 MODE seq=63 mode=0 combat=0 pending=1
2026.09.30-11.34.21 HUD seq=63 phase=ACTION_MANEUVER turn=opp hand=7 oppHand=7(hidden) oppDeck=14 deck=12 discard=11
2026.09.30-11.34.21 ARTPREVIEW fighter=Medusa hero=1 eligible=0 visual=1 mesh=SK_Medusa_H2LD
2026.09.30-11.34.21 FIGHTERS synced n=6 alive=6 own=2 enemy=4
2026.09.30-11.34.21 DISCARD done seq=63 phase=ACTION_MANEUVER count=2
2026.09.30-11.34.21 SNAPSHOT applied seq=63 phase=ACTION_MANEUVER
2026.09.30-11.34.21 HANDLE_APPLIED #93 seq=63 decision=1 fightersValid=1 boardValid=1
2026.09.30-11.34.21 MODE seq=63 mode=0 combat=0 pending=1
2026.09.30-11.34.21 HUD seq=63 phase=ACTION_MANEUVER turn=opp hand=7 oppHand=7(hidden) oppDeck=14 deck=12 discard=11
2026.09.30-11.34.21 ARTPREVIEW fighter=Medusa hero=1 eligible=0 visual=1 mesh=SK_Medusa_H2LD
2026.09.30-11.34.21 FIGHTERS synced n=6 alive=6 own=2 enemy=4
2026.09.30-11.34.21 WS seq=63 phase=ACTION_MANEUVER (merge)
2026.09.30-11.34.21 TAG fighter=f-0-hero bbox=(909,493,1011,515) mode=compact look=P1 placement=above ring=0 hardPx2=0 softPx2=0 order=4 bound=1
2026.09.30-11.34.21 TAG fighter=f-0-sk0 bbox=(1232,385,1316,407) mode=compact look=P1 placement=above ring=0 hardPx2=0 softPx2=0 order=2 bound=1
2026.09.30-11.34.21 TAG fighter=f-0-sk1 bbox=(918,264,1002,286) mode=compact look=P1 placement=above ring=0 hardPx2=0 softPx2=0 order=0 bound=1
2026.09.30-11.34.21 TAG fighter=f-0-sk2 bbox=(761,385,845,407) mode=compact look=P1 placement=above ring=0 hardPx2=0 softPx2=0 order=1 bound=1
2026.09.30-11.34.21 TAG fighter=f-1-hero bbox=(643,513,745,535) mode=compact look=P2 placement=left ring=0 hardPx2=0 softPx2=0 order=3 bound=1
2026.09.30-11.34.21 TAG fighter=f-1-sk0 bbox=(1242,507,1326,529) mode=compact look=P2 placement=above ring=0 hardPx2=0 softPx2=0 order=5 bound=1
2026.09.30-11.34.21 SNAPSHOT applied seq=64 phase=ACTION_MANEUVER
2026.09.30-11.34.21 HANDLE_APPLIED #94 seq=64 decision=2 fightersValid=1 boardValid=1
2026.09.30-11.34.21 MODE seq=64 mode=0 combat=0 pending=0
2026.09.30-11.34.21 HUD seq=64 phase=ACTION_MANEUVER turn=opp hand=7 oppHand=7(hidden) oppDeck=14~ deck=12~ discard=11
2026.09.30-11.34.21 ARTPREVIEW fighter=Medusa hero=1 eligible=0 visual=1 mesh=SK_Medusa_H2LD
2026.09.30-11.34.21 FIGHTERS synced n=6 alive=6 own=2 enemy=4
2026.09.30-11.34.21 ARTPREVIEW damage-number fighter=f-1-hero amount=1 seq=64 cell=(1,3)
2026.09.30-11.34.21 ARTPREVIEW anim fighter=f-1-hero clip=HitReact len=0.417 event=damaged loop=0 phase=0.0000 seq=64 asset=AM_KingArthur_HitReact
2026.09.30-11.34.21 CUE damage f-1-hero -1 seq=64
2026.09.30-11.34.21 WS seq=64 phase=ACTION_MANEUVER (apply)
2026.09.30-11.34.21 TAG fighter=f-0-hero bbox=(909,493,1011,515) mode=compact look=P1 placement=above ring=0 hardPx2=0 softPx2=0 order=4 bound=1
2026.09.30-11.34.21 TAG fighter=f-0-sk0 bbox=(1232,385,1316,407) mode=compact look=P1 placement=above ring=0 hardPx2=0 softPx2=0 order=3 bound=1
2026.09.30-11.34.21 TAG fighter=f-0-sk1 bbox=(918,264,1002,286) mode=compact look=P1 placement=above ring=0 hardPx2=0 softPx2=0 order=1 bound=1
2026.09.30-11.34.21 TAG fighter=f-0-sk2 bbox=(761,385,845,407) mode=compact look=P1 placement=above ring=0 hardPx2=0 softPx2=0 order=2 bound=1
2026.09.30-11.34.21 TAG fighter=f-1-hero bbox=(643,513,745,535) mode=compact look=P2 placement=left ring=0 hardPx2=0 softPx2=0 order=0 bound=1
2026.09.30-11.34.21 TAG fighter=f-1-sk0 bbox=(1242,507,1326,529) mode=compact look=P2 placement=above ring=0 hardPx2=0 softPx2=0 order=5 bound=1
2026.09.30-11.34.21 DAMAGE fighter=f-1-hero bbox=(674,483,714,511) amount=1 seq=64 placement=above ring=0 hardPx2=0 softPx2=0
2026.09.30-11.34.21 TAG fighter=f-0-hero bbox=(909,493,1011,515) mode=compact look=P1 placement=above ring=0 hardPx2=0 softPx2=0 order=4 bound=1
2026.09.30-11.34.21 TAG fighter=f-0-sk0 bbox=(1232,385,1316,407) mode=compact look=P1 placement=above ring=0 hardPx2=0 softPx2=0 order=3 bound=1
2026.09.30-11.34.21 TAG fighter=f-0-sk1 bbox=(918,264,1002,286) mode=compact look=P1 placement=above ring=0 hardPx2=0 softPx2=0 order=1 bound=1
2026.09.30-11.34.21 TAG fighter=f-0-sk2 bbox=(761,385,845,407) mode=compact look=P1 placement=above ring=0 hardPx2=0 softPx2=0 order=2 bound=1
2026.09.30-11.34.21 TAG fighter=f-1-hero bbox=(643,513,745,535) mode=compact look=P2 placement=left ring=0 hardPx2=0 softPx2=0 order=0 bound=1
2026.09.30-11.34.21 TAG fighter=f-1-sk0 bbox=(1242,507,1326,529) mode=compact look=P2 placement=above ring=0 hardPx2=0 softPx2=0 order=5 bound=1
2026.09.30-11.34.21 SNAPSHOT applied seq=65 phase=ACTION_MANEUVER
2026.09.30-11.34.21 HANDLE_APPLIED #95 seq=65 decision=2 fightersValid=1 boardValid=1
2026.09.30-11.34.21 MODE seq=65 mode=0 combat=0 pending=0
2026.09.30-11.34.21 HUD seq=65 phase=ACTION_MANEUVER turn=opp hand=7 oppHand=8(hidden) oppDeck=14~ deck=12~ discard=11
2026.09.30-11.34.21 ARTPREVIEW fighter=Medusa hero=1 eligible=0 visual=1 mesh=SK_Medusa_H2LD
2026.09.30-11.34.21 FIGHTERS synced n=6 alive=6 own=2 enemy=4
2026.09.30-11.34.21 WS seq=65 phase=ACTION_MANEUVER (apply)
2026.09.30-11.34.22 SNAPSHOT applied seq=66 phase=ACTION_MANEUVER
2026.09.30-11.34.22 HANDLE_APPLIED #96 seq=66 decision=2 fightersValid=1 boardValid=1
2026.09.30-11.34.22 MODE seq=66 mode=0 combat=0 pending=0
2026.09.30-11.34.22 HUD seq=66 phase=ACTION_MANEUVER turn=opp hand=7 oppHand=8(hidden) oppDeck=14~ deck=12~ discard=11
2026.09.30-11.34.22 ARTPREVIEW fighter=Medusa hero=1 eligible=0 visual=1 mesh=SK_Medusa_H2LD
2026.09.30-11.34.22 FIGHTERS synced n=6 alive=6 own=2 enemy=4
2026.09.30-11.34.22 WS seq=66 phase=ACTION_MANEUVER (apply)
2026.09.30-11.34.22 ARTPREVIEW anim fighter=f-1-hero clip=Idle len=2.500 event=clipFinished loop=1 phase=0.3470 seq=-1 asset=AM_KingArthur_Idle
2026.09.30-11.34.22 game -> room=cmuo11ar100ubwiwwv3dxqwgm code=<redacted> status=IN_PROGRESS
2026.09.30-11.34.22 TAG fighter=f-0-hero bbox=(909,493,1011,515) mode=compact look=P1 placement=above ring=0 hardPx2=0 softPx2=0 order=4 bound=1
2026.09.30-11.34.22 TAG fighter=f-0-sk0 bbox=(1232,385,1316,407) mode=compact look=P1 placement=above ring=0 hardPx2=0 softPx2=0 order=2 bound=1
2026.09.30-11.34.22 TAG fighter=f-0-sk1 bbox=(918,264,1002,286) mode=compact look=P1 placement=above ring=0 hardPx2=0 softPx2=0 order=0 bound=1
2026.09.30-11.34.22 TAG fighter=f-0-sk2 bbox=(761,385,845,407) mode=compact look=P1 placement=above ring=0 hardPx2=0 softPx2=0 order=1 bound=1
2026.09.30-11.34.22 TAG fighter=f-1-hero bbox=(643,513,745,535) mode=compact look=P2 placement=left ring=0 hardPx2=0 softPx2=0 order=3 bound=1
2026.09.30-11.34.22 TAG fighter=f-1-sk0 bbox=(1242,507,1326,529) mode=compact look=P2 placement=above ring=0 hardPx2=0 softPx2=0 order=5 bound=1
2026.09.30-11.34.22 S09AUTO drive mode=0 plan=[defend+resolve] phase=ACTION_MANEUVER turn=cmukie55u0000wiao06h107t9
2026.09.30-11.34.23 SNAPSHOT applied seq=67 phase=ACTION_MANEUVER
2026.09.30-11.34.23 HANDLE_APPLIED #97 seq=67 decision=2 fightersValid=1 boardValid=1
2026.09.30-11.34.23 MODE seq=67 mode=0 combat=0 pending=0
2026.09.30-11.34.23 HUD seq=67 phase=ACTION_MANEUVER turn=opp hand=7 oppHand=9(hidden) oppDeck=14~ deck=12~ discard=11
2026.09.30-11.34.23 ARTPREVIEW fighter=Medusa hero=1 eligible=0 visual=1 mesh=SK_Medusa_H2LD
2026.09.30-11.34.23 FIGHTERS synced n=6 alive=6 own=2 enemy=4
2026.09.30-11.34.23 WS seq=67 phase=ACTION_MANEUVER (apply)
2026.09.30-11.34.23 SNAPSHOT applied seq=68 phase=TURN_END
2026.09.30-11.34.23 HANDLE_APPLIED #98 seq=68 decision=2 fightersValid=1 boardValid=1
2026.09.30-11.34.23 MODE seq=68 mode=0 combat=0 pending=0
2026.09.30-11.34.23 HUD seq=68 phase=TURN_END turn=opp hand=7 oppHand=9(hidden) oppDeck=14~ deck=12~ discard=11 pendingDiscard=2
2026.09.30-11.34.23 ARTPREVIEW fighter=Medusa hero=1 eligible=0 visual=1 mesh=SK_Medusa_H2LD
2026.09.30-11.34.23 FIGHTERS synced n=6 alive=6 own=2 enemy=4
2026.09.30-11.34.23 WS seq=68 phase=TURN_END (apply)
2026.09.30-11.34.23 TAG fighter=f-0-hero bbox=(909,493,1011,515) mode=compact look=P1 placement=above ring=0 hardPx2=0 softPx2=0 order=4 bound=1
2026.09.30-11.34.23 TAG fighter=f-0-sk0 bbox=(1232,385,1316,407) mode=compact look=P1 placement=above ring=0 hardPx2=0 softPx2=0 order=2 bound=1
2026.09.30-11.34.23 TAG fighter=f-0-sk1 bbox=(918,264,1002,286) mode=compact look=P1 placement=above ring=0 hardPx2=0 softPx2=0 order=0 bound=1
2026.09.30-11.34.23 TAG fighter=f-0-sk2 bbox=(761,385,845,407) mode=compact look=P1 placement=above ring=0 hardPx2=0 softPx2=0 order=1 bound=1
2026.09.30-11.34.23 TAG fighter=f-1-hero bbox=(643,513,745,535) mode=compact look=P2 placement=left ring=0 hardPx2=0 softPx2=0 order=3 bound=1
2026.09.30-11.34.23 TAG fighter=f-1-sk0 bbox=(1242,507,1326,529) mode=compact look=P2 placement=above ring=0 hardPx2=0 softPx2=0 order=5 bound=1
2026.09.30-11.34.24 SNAPSHOT applied seq=69 phase=ACTION_MANEUVER
2026.09.30-11.34.24 HANDLE_APPLIED #99 seq=69 decision=2 fightersValid=1 boardValid=1
2026.09.30-11.34.24 MODE seq=69 mode=0 combat=0 pending=0
2026.09.30-11.34.24 HUD seq=69 phase=ACTION_MANEUVER turn=you hand=7 oppHand=7(hidden) oppDeck=14~ deck=12~ discard=11
2026.09.30-11.34.24 ARTPREVIEW fighter=Medusa hero=1 eligible=0 visual=1 mesh=SK_Medusa_H2LD
2026.09.30-11.34.24 FIGHTERS synced n=6 alive=6 own=2 enemy=4
2026.09.30-11.34.24 WS seq=69 phase=ACTION_MANEUVER (apply)
2026.09.30-11.34.24 S09AUTO own turn #6 (turnCount=14)
2026.09.30-11.34.24 TAG fighter=f-0-hero bbox=(909,493,1011,515) mode=compact look=P1 placement=above ring=0 hardPx2=0 softPx2=0 order=4 bound=1
2026.09.30-11.34.24 TAG fighter=f-0-sk0 bbox=(1232,385,1316,407) mode=compact look=P1 placement=above ring=0 hardPx2=0 softPx2=0 order=2 bound=1
2026.09.30-11.34.24 TAG fighter=f-0-sk1 bbox=(918,264,1002,286) mode=compact look=P1 placement=above ring=0 hardPx2=0 softPx2=0 order=0 bound=1
2026.09.30-11.34.24 TAG fighter=f-0-sk2 bbox=(761,385,845,407) mode=compact look=P1 placement=above ring=0 hardPx2=0 softPx2=0 order=1 bound=1
2026.09.30-11.34.24 TAG fighter=f-1-hero bbox=(643,513,745,535) mode=compact look=P2 placement=left ring=0 hardPx2=0 softPx2=0 order=3 bound=1
2026.09.30-11.34.24 TAG fighter=f-1-sk0 bbox=(1242,507,1326,529) mode=compact look=P2 placement=above ring=0 hardPx2=0 softPx2=0 order=5 bound=1
2026.09.30-11.34.24 SNAPSHOT applied seq=70 phase=ACTION_MANEUVER
2026.09.30-11.34.24 HANDLE_APPLIED #100 seq=70 decision=2 fightersValid=1 boardValid=1
2026.09.30-11.34.24 MANEUVER-DRAFT mode=maneuver:14:69
2026.09.30-11.34.24 DRAFT-OPEN draw committed (resume instead of begin)
2026.09.30-11.34.24 MODE seq=70 mode=1 combat=0 pending=0
2026.09.30-11.34.24 HUD seq=70 phase=ACTION_MANEUVER turn=you hand=8 oppHand=7(hidden) oppDeck=14~ deck=12~ discard=11
2026.09.30-11.34.24 ARTPREVIEW fighter=Medusa hero=1 eligible=0 visual=1 mesh=SK_Medusa_H2LD
2026.09.30-11.34.24 FIGHTERS synced n=6 alive=6 own=2 enemy=4
2026.09.30-11.34.24 WS seq=70 phase=ACTION_MANEUVER (apply)
2026.09.30-11.34.24 TAG fighter=f-0-hero bbox=(909,493,1011,515) mode=compact look=P1 placement=above ring=0 hardPx2=0 softPx2=0 order=4 bound=1
2026.09.30-11.34.24 TAG fighter=f-0-sk0 bbox=(1232,385,1316,407) mode=compact look=P1 placement=above ring=0 hardPx2=0 softPx2=0 order=2 bound=1
2026.09.30-11.34.24 TAG fighter=f-0-sk1 bbox=(918,264,1002,286) mode=compact look=P1 placement=above ring=0 hardPx2=0 softPx2=0 order=0 bound=1
2026.09.30-11.34.24 TAG fighter=f-0-sk2 bbox=(761,385,845,407) mode=compact look=P1 placement=above ring=0 hardPx2=0 softPx2=0 order=1 bound=1
2026.09.30-11.34.24 TAG fighter=f-1-hero bbox=(643,513,745,535) mode=compact look=P2 placement=left ring=0 hardPx2=0 softPx2=0 order=3 bound=1
2026.09.30-11.34.24 TAG fighter=f-1-sk0 bbox=(1242,507,1326,529) mode=compact look=P2 placement=above ring=0 hardPx2=0 softPx2=0 order=5 bound=1
2026.09.30-11.34.24 SNAPSHOT applied seq=70 phase=ACTION_MANEUVER
2026.09.30-11.34.24 HANDLE_APPLIED #101 seq=70 decision=1 fightersValid=1 boardValid=1
2026.09.30-11.34.24 MODE seq=70 mode=1 combat=0 pending=0
2026.09.30-11.34.24 HUD seq=70 phase=ACTION_MANEUVER turn=you hand=8 oppHand=7(hidden) oppDeck=12 deck=11 discard=11
2026.09.30-11.34.24 ARTPREVIEW fighter=Medusa hero=1 eligible=0 visual=1 mesh=SK_Medusa_H2LD
2026.09.30-11.34.24 FIGHTERS synced n=6 alive=6 own=2 enemy=4
2026.09.30-11.34.24 MANEUVER begin seq=70 (merge) pending=maneuver:14:69
2026.09.30-11.34.24 S09AUTO drive mode=1 plan=[defend+resolve] phase=ACTION_MANEUVER turn=cmukie57j0001wiaofr67k2vd
2026.09.30-11.34.24 MANEUVER-CONFIRM moves=1 boost=none
2026.09.30-11.34.24 HUD plate content fighter=f-1-hero name=King Arthur hp=11/18 team=own statuses=HERO  |  MELEE teamSlot=P2 look=P2 shape=hexagon chip=#5786A8
2026.09.30-11.34.24 PLATE fighter=f-1-hero bbox=(849,453,1021,507) overlapReachable=0 placement=above ring=0 gap=6 selection=f-1-hero destinations=6 clean=1 softPx2=0 tested=122 bound=1
2026.09.30-11.34.24 TAG fighter=f-0-hero bbox=(1009,517,1111,539) mode=compact look=P1 placement=right ring=0 hardPx2=0 softPx2=0 order=3 bound=1
2026.09.30-11.34.24 TAG fighter=f-0-sk0 bbox=(1232,385,1316,407) mode=compact look=P1 placement=above ring=0 hardPx2=0 softPx2=0 order=2 bound=1
2026.09.30-11.34.24 TAG fighter=f-0-sk1 bbox=(918,264,1002,286) mode=compact look=P1 placement=above ring=0 hardPx2=0 softPx2=0 order=0 bound=1
2026.09.30-11.34.24 TAG fighter=f-0-sk2 bbox=(761,385,845,407) mode=compact look=P1 placement=above ring=0 hardPx2=0 softPx2=0 order=1 bound=1
2026.09.30-11.34.24 TAG fighter=f-1-sk0 bbox=(1242,507,1326,529) mode=compact look=P2 placement=above ring=0 hardPx2=0 softPx2=0 order=4 bound=1
2026.09.30-11.34.24 SNAPSHOT applied seq=71 phase=ACTION_MANEUVER
2026.09.30-11.34.24 HANDLE_APPLIED #102 seq=71 decision=2 fightersValid=1 boardValid=1
2026.09.30-11.34.24 closed mode=
2026.09.30-11.34.24 MODE seq=71 mode=0 combat=0 pending=0
2026.09.30-11.34.24 HUD seq=71 phase=ACTION_MANEUVER turn=you hand=8 oppHand=7(hidden) oppDeck=12 deck=11 discard=11
2026.09.30-11.34.24 ARTPREVIEW fighter=Medusa hero=1 eligible=0 visual=1 mesh=SK_Medusa_H2LD
2026.09.30-11.34.24 FIGHTERS synced n=6 alive=6 own=2 enemy=4
2026.09.30-11.34.24 CUE move f-1-hero (1,3)->(0,3) seq=71
2026.09.30-11.34.24 MANEUVER done seq=71 (apply) fighters=6 boost=no
2026.09.30-11.34.24 SNAPSHOT applied seq=71 phase=ACTION_MANEUVER
2026.09.30-11.34.24 HANDLE_APPLIED #103 seq=71 decision=1 fightersValid=1 boardValid=1
2026.09.30-11.34.24 MODE seq=71 mode=0 combat=0 pending=0
2026.09.30-11.34.24 HUD seq=71 phase=ACTION_MANEUVER turn=you hand=8 oppHand=7(hidden) oppDeck=12 deck=11 discard=11
2026.09.30-11.34.24 ARTPREVIEW fighter=Medusa hero=1 eligible=0 visual=1 mesh=SK_Medusa_H2LD
2026.09.30-11.34.24 FIGHTERS synced n=6 alive=6 own=2 enemy=4
2026.09.30-11.34.24 WS seq=71 phase=ACTION_MANEUVER (merge)
2026.09.30-11.34.24 PLATE hidden fighter=f-1-hero
2026.09.30-11.34.24 TAG fighter=f-0-hero bbox=(909,493,1011,515) mode=compact look=P1 placement=above ring=0 hardPx2=0 softPx2=0 order=4 bound=1
2026.09.30-11.34.24 TAG fighter=f-0-sk0 bbox=(1232,385,1316,407) mode=compact look=P1 placement=above ring=0 hardPx2=0 softPx2=0 order=2 bound=1
2026.09.30-11.34.24 TAG fighter=f-0-sk1 bbox=(918,264,1002,286) mode=compact look=P1 placement=above ring=0 hardPx2=0 softPx2=0 order=0 bound=1
2026.09.30-11.34.24 TAG fighter=f-0-sk2 bbox=(761,385,845,407) mode=compact look=P1 placement=above ring=0 hardPx2=0 softPx2=0 order=1 bound=1
2026.09.30-11.34.24 TAG fighter=f-1-hero bbox=(583,489,685,511) mode=compact look=P2 placement=above ring=0 hardPx2=0 softPx2=0 order=3 bound=1
2026.09.30-11.34.24 TAG fighter=f-1-sk0 bbox=(1242,507,1326,529) mode=compact look=P2 placement=above ring=0 hardPx2=0 softPx2=0 order=5 bound=1
2026.09.30-11.34.24 TAG fighter=f-0-hero bbox=(909,493,1011,515) mode=compact look=P1 placement=above ring=0 hardPx2=0 softPx2=0 order=4 bound=1
2026.09.30-11.34.24 TAG fighter=f-0-sk0 bbox=(1232,385,1316,407) mode=compact look=P1 placement=above ring=0 hardPx2=0 softPx2=0 order=2 bound=1
2026.09.30-11.34.24 TAG fighter=f-0-sk1 bbox=(918,264,1002,286) mode=compact look=P1 placement=above ring=0 hardPx2=0 softPx2=0 order=0 bound=1
2026.09.30-11.34.24 TAG fighter=f-0-sk2 bbox=(761,385,845,407) mode=compact look=P1 placement=above ring=0 hardPx2=0 softPx2=0 order=1 bound=1
2026.09.30-11.34.24 TAG fighter=f-1-hero bbox=(583,489,685,511) mode=compact look=P2 placement=above ring=0 hardPx2=0 softPx2=0 order=3 bound=1
2026.09.30-11.34.24 TAG fighter=f-1-sk0 bbox=(1242,507,1326,529) mode=compact look=P2 placement=above ring=0 hardPx2=0 softPx2=0 order=5 bound=1
2026.09.30-11.34.25 game -> room=cmuo11ar100ubwiwwv3dxqwgm code=<redacted> status=IN_PROGRESS
2026.09.30-11.34.25 S09AUTO drive mode=0 plan=[defend+resolve] phase=ACTION_MANEUVER turn=cmukie57j0001wiaofr67k2vd
2026.09.30-11.34.26 SNAPSHOT applied seq=72 phase=ACTION_MANEUVER
2026.09.30-11.34.26 HANDLE_APPLIED #104 seq=72 decision=2 fightersValid=1 boardValid=1
2026.09.30-11.34.26 MANEUVER-DRAFT mode=maneuver:14:71
2026.09.30-11.34.26 DRAFT-OPEN draw committed (resume instead of begin)
2026.09.30-11.34.26 MODE seq=72 mode=1 combat=0 pending=0
2026.09.30-11.34.26 HUD seq=72 phase=ACTION_MANEUVER turn=you hand=9 oppHand=7(hidden) oppDeck=12 deck=10 discard=11
2026.09.30-11.34.26 ARTPREVIEW fighter=Medusa hero=1 eligible=0 visual=1 mesh=SK_Medusa_H2LD
2026.09.30-11.34.26 FIGHTERS synced n=6 alive=6 own=2 enemy=4
2026.09.30-11.34.26 MANEUVER begin seq=72 (apply) pending=maneuver:14:71
2026.09.30-11.34.26 SNAPSHOT applied seq=72 phase=ACTION_MANEUVER
2026.09.30-11.34.26 HANDLE_APPLIED #105 seq=72 decision=1 fightersValid=1 boardValid=1
2026.09.30-11.34.26 MODE seq=72 mode=1 combat=0 pending=0
2026.09.30-11.34.26 HUD seq=72 phase=ACTION_MANEUVER turn=you hand=9 oppHand=7(hidden) oppDeck=12 deck=10 discard=11
2026.09.30-11.34.26 ARTPREVIEW fighter=Medusa hero=1 eligible=0 visual=1 mesh=SK_Medusa_H2LD
2026.09.30-11.34.26 FIGHTERS synced n=6 alive=6 own=2 enemy=4
2026.09.30-11.34.26 WS seq=72 phase=ACTION_MANEUVER (merge)
2026.09.30-11.34.26 S09AUTO drive mode=1 plan=[defend+resolve] phase=ACTION_MANEUVER turn=cmukie57j0001wiaofr67k2vd
2026.09.30-11.34.26 MANEUVER-CONFIRM moves=1 boost=none
2026.09.30-11.34.26 PLATE fighter=f-1-hero bbox=(403,549,575,603) overlapReachable=0 placement=left ring=0 gap=6 selection=f-1-hero destinations=6 clean=1 softPx2=0 tested=124 bound=1
2026.09.30-11.34.26 TAG fighter=f-0-hero bbox=(909,493,1011,515) mode=compact look=P1 placement=above ring=0 hardPx2=0 softPx2=0 order=3 bound=1
2026.09.30-11.34.26 TAG fighter=f-0-sk0 bbox=(1232,385,1316,407) mode=compact look=P1 placement=above ring=0 hardPx2=0 softPx2=0 order=2 bound=1
2026.09.30-11.34.26 TAG fighter=f-0-sk1 bbox=(918,264,1002,286) mode=compact look=P1 placement=above ring=0 hardPx2=0 softPx2=0 order=0 bound=1
2026.09.30-11.34.26 TAG fighter=f-0-sk2 bbox=(761,385,845,407) mode=compact look=P1 placement=above ring=0 hardPx2=0 softPx2=0 order=1 bound=1
2026.09.30-11.34.26 TAG fighter=f-1-sk0 bbox=(1242,507,1326,529) mode=compact look=P2 placement=above ring=0 hardPx2=0 softPx2=0 order=4 bound=1
2026.09.30-11.34.26 TAG fighter=f-0-hero bbox=(909,493,1011,515) mode=compact look=P1 placement=above ring=0 hardPx2=0 softPx2=0 order=3 bound=1
2026.09.30-11.34.26 TAG fighter=f-0-sk0 bbox=(1232,385,1316,407) mode=compact look=P1 placement=above ring=0 hardPx2=0 softPx2=0 order=2 bound=1
2026.09.30-11.34.26 TAG fighter=f-0-sk1 bbox=(918,264,1002,286) mode=compact look=P1 placement=above ring=0 hardPx2=0 softPx2=0 order=0 bound=1
2026.09.30-11.34.26 TAG fighter=f-0-sk2 bbox=(761,385,845,407) mode=compact look=P1 placement=above ring=0 hardPx2=0 softPx2=0 order=1 bound=1
2026.09.30-11.34.26 TAG fighter=f-1-sk0 bbox=(1242,507,1326,529) mode=compact look=P2 placement=above ring=0 hardPx2=0 softPx2=0 order=4 bound=1
2026.09.30-11.34.26 SNAPSHOT applied seq=73 phase=TURN_END
2026.09.30-11.34.26 HANDLE_APPLIED #106 seq=73 decision=2 fightersValid=1 boardValid=1
2026.09.30-11.34.26 DISCARD-DRAFT count=2 pending=discard:14:73
2026.09.30-11.34.26 MODE seq=73 mode=2 combat=0 pending=0
2026.09.30-11.34.26 HUD seq=73 phase=TURN_END turn=you hand=9 oppHand=7(hidden) oppDeck=12~ deck=10~ discard=11 pendingDiscard=2
2026.09.30-11.34.26 ARTPREVIEW fighter=Medusa hero=1 eligible=0 visual=1 mesh=SK_Medusa_H2LD
2026.09.30-11.34.26 FIGHTERS synced n=6 alive=6 own=2 enemy=4
2026.09.30-11.34.26 CUE move f-1-hero (0,3)->(1,3) seq=73
2026.09.30-11.34.26 WS seq=73 phase=TURN_END (apply)
2026.09.30-11.34.26 PLATE hidden fighter=f-1-hero
2026.09.30-11.34.26 TAG fighter=f-0-hero bbox=(909,493,1011,515) mode=compact look=P1 placement=above ring=0 hardPx2=0 softPx2=0 order=4 bound=1
2026.09.30-11.34.26 TAG fighter=f-0-sk0 bbox=(1232,385,1316,407) mode=compact look=P1 placement=above ring=0 hardPx2=0 softPx2=0 order=2 bound=1
2026.09.30-11.34.26 TAG fighter=f-0-sk1 bbox=(918,264,1002,286) mode=compact look=P1 placement=above ring=0 hardPx2=0 softPx2=0 order=0 bound=1
2026.09.30-11.34.26 TAG fighter=f-0-sk2 bbox=(761,385,845,407) mode=compact look=P1 placement=above ring=0 hardPx2=0 softPx2=0 order=1 bound=1
2026.09.30-11.34.26 TAG fighter=f-1-hero bbox=(643,513,745,535) mode=compact look=P2 placement=left ring=0 hardPx2=0 softPx2=0 order=3 bound=1
2026.09.30-11.34.26 TAG fighter=f-1-sk0 bbox=(1242,507,1326,529) mode=compact look=P2 placement=above ring=0 hardPx2=0 softPx2=0 order=5 bound=1
2026.09.30-11.34.26 TAG fighter=f-0-hero bbox=(909,493,1011,515) mode=compact look=P1 placement=above ring=0 hardPx2=0 softPx2=0 order=4 bound=1
2026.09.30-11.34.26 TAG fighter=f-0-sk0 bbox=(1232,385,1316,407) mode=compact look=P1 placement=above ring=0 hardPx2=0 softPx2=0 order=2 bound=1
2026.09.30-11.34.26 TAG fighter=f-0-sk1 bbox=(918,264,1002,286) mode=compact look=P1 placement=above ring=0 hardPx2=0 softPx2=0 order=0 bound=1
2026.09.30-11.34.26 TAG fighter=f-0-sk2 bbox=(761,385,845,407) mode=compact look=P1 placement=above ring=0 hardPx2=0 softPx2=0 order=1 bound=1
2026.09.30-11.34.26 TAG fighter=f-1-hero bbox=(643,513,745,535) mode=compact look=P2 placement=left ring=0 hardPx2=0 softPx2=0 order=3 bound=1
2026.09.30-11.34.26 TAG fighter=f-1-sk0 bbox=(1242,507,1326,529) mode=compact look=P2 placement=above ring=0 hardPx2=0 softPx2=0 order=5 bound=1
2026.09.30-11.34.26 SNAPSHOT applied seq=73 phase=TURN_END
2026.09.30-11.34.26 HANDLE_APPLIED #107 seq=73 decision=1 fightersValid=1 boardValid=1
2026.09.30-11.34.26 MODE seq=73 mode=2 combat=0 pending=0
2026.09.30-11.34.26 HUD seq=73 phase=TURN_END turn=you hand=9 oppHand=7(hidden) oppDeck=12 deck=10 discard=11 pendingDiscard=2
2026.09.30-11.34.26 ARTPREVIEW fighter=Medusa hero=1 eligible=0 visual=1 mesh=SK_Medusa_H2LD
2026.09.30-11.34.26 FIGHTERS synced n=6 alive=6 own=2 enemy=4
2026.09.30-11.34.26 MANEUVER done seq=73 (merge) fighters=6 boost=no
2026.09.30-11.34.26 TAG fighter=f-0-hero bbox=(909,493,1011,515) mode=compact look=P1 placement=above ring=0 hardPx2=0 softPx2=0 order=4 bound=1
2026.09.30-11.34.26 TAG fighter=f-0-sk0 bbox=(1232,385,1316,407) mode=compact look=P1 placement=above ring=0 hardPx2=0 softPx2=0 order=2 bound=1
2026.09.30-11.34.26 TAG fighter=f-0-sk1 bbox=(918,264,1002,286) mode=compact look=P1 placement=above ring=0 hardPx2=0 softPx2=0 order=0 bound=1
2026.09.30-11.34.26 TAG fighter=f-0-sk2 bbox=(761,385,845,407) mode=compact look=P1 placement=above ring=0 hardPx2=0 softPx2=0 order=1 bound=1
2026.09.30-11.34.26 TAG fighter=f-1-hero bbox=(643,513,745,535) mode=compact look=P2 placement=left ring=0 hardPx2=0 softPx2=0 order=3 bound=1
2026.09.30-11.34.26 TAG fighter=f-1-sk0 bbox=(1242,507,1326,529) mode=compact look=P2 placement=above ring=0 hardPx2=0 softPx2=0 order=5 bound=1
2026.09.30-11.34.26 PERF window t=50.2-55.2 frames=151 fps=30.00 frameMs avg=33.33 p50=33.33 p95=33.33 p99=33.34 max=33.37 hitches50=0 gpuMs avg=1.86 p50=1.84 p95=2.02 gameMs avg=3.05 p95=15.15 renderMs avg=3.25 p95=4.29
2026.09.30-11.34.27 S09AUTO drive mode=2 plan=[defend+resolve] phase=TURN_END turn=cmukie57j0001wiaofr67k2vd
2026.09.30-11.34.27 S09AUTO discard picks=2
2026.09.30-11.34.27 DISCARD-CONFIRM pending=discard:14:73 count=2 ids=cmuhgvghz00okwi9gtzou83ty::2,cmuhgvghz00okwi9gtzou83ty::1
2026.09.30-11.34.27 TAG fighter=f-0-hero bbox=(909,493,1011,515) mode=compact look=P1 placement=above ring=0 hardPx2=0 softPx2=0 order=4 bound=1
2026.09.30-11.34.27 TAG fighter=f-0-sk0 bbox=(1232,385,1316,407) mode=compact look=P1 placement=above ring=0 hardPx2=0 softPx2=0 order=2 bound=1
2026.09.30-11.34.27 TAG fighter=f-0-sk1 bbox=(918,264,1002,286) mode=compact look=P1 placement=above ring=0 hardPx2=0 softPx2=0 order=0 bound=1
2026.09.30-11.34.27 TAG fighter=f-0-sk2 bbox=(761,385,845,407) mode=compact look=P1 placement=above ring=0 hardPx2=0 softPx2=0 order=1 bound=1
2026.09.30-11.34.27 TAG fighter=f-1-hero bbox=(643,513,745,535) mode=compact look=P2 placement=left ring=0 hardPx2=0 softPx2=0 order=3 bound=1
2026.09.30-11.34.27 TAG fighter=f-1-sk0 bbox=(1242,507,1326,529) mode=compact look=P2 placement=above ring=0 hardPx2=0 softPx2=0 order=5 bound=1
2026.09.30-11.34.27 SNAPSHOT applied seq=74 phase=ACTION_MANEUVER
2026.09.30-11.34.27 HANDLE_APPLIED #108 seq=74 decision=2 fightersValid=1 boardValid=1
2026.09.30-11.34.27 closed mode=
2026.09.30-11.34.27 MODE seq=74 mode=0 combat=0 pending=1
2026.09.30-11.34.27 HUD seq=74 phase=ACTION_MANEUVER turn=opp hand=7 oppHand=7(hidden) oppDeck=12 deck=10 discard=13
2026.09.30-11.34.27 ARTPREVIEW fighter=Medusa hero=1 eligible=0 visual=1 mesh=SK_Medusa_H2LD
2026.09.30-11.34.27 FIGHTERS synced n=6 alive=6 own=2 enemy=4
2026.09.30-11.34.27 DISCARD done seq=74 phase=ACTION_MANEUVER count=2
2026.09.30-11.34.27 SNAPSHOT applied seq=74 phase=ACTION_MANEUVER
2026.09.30-11.34.27 HANDLE_APPLIED #109 seq=74 decision=1 fightersValid=1 boardValid=1
2026.09.30-11.34.27 MODE seq=74 mode=0 combat=0 pending=1
2026.09.30-11.34.27 HUD seq=74 phase=ACTION_MANEUVER turn=opp hand=7 oppHand=7(hidden) oppDeck=12 deck=10 discard=13
2026.09.30-11.34.27 ARTPREVIEW fighter=Medusa hero=1 eligible=0 visual=1 mesh=SK_Medusa_H2LD
2026.09.30-11.34.27 FIGHTERS synced n=6 alive=6 own=2 enemy=4
2026.09.30-11.34.27 WS seq=74 phase=ACTION_MANEUVER (merge)
2026.09.30-11.34.27 TAG fighter=f-0-hero bbox=(909,493,1011,515) mode=compact look=P1 placement=above ring=0 hardPx2=0 softPx2=0 order=4 bound=1
2026.09.30-11.34.27 TAG fighter=f-0-sk0 bbox=(1232,385,1316,407) mode=compact look=P1 placement=above ring=0 hardPx2=0 softPx2=0 order=2 bound=1
2026.09.30-11.34.27 TAG fighter=f-0-sk1 bbox=(918,264,1002,286) mode=compact look=P1 placement=above ring=0 hardPx2=0 softPx2=0 order=0 bound=1
2026.09.30-11.34.27 TAG fighter=f-0-sk2 bbox=(761,385,845,407) mode=compact look=P1 placement=above ring=0 hardPx2=0 softPx2=0 order=1 bound=1
2026.09.30-11.34.27 TAG fighter=f-1-hero bbox=(643,513,745,535) mode=compact look=P2 placement=left ring=0 hardPx2=0 softPx2=0 order=3 bound=1
2026.09.30-11.34.27 TAG fighter=f-1-sk0 bbox=(1242,507,1326,529) mode=compact look=P2 placement=above ring=0 hardPx2=0 softPx2=0 order=5 bound=1
2026.09.30-11.34.27 SNAPSHOT applied seq=75 phase=ACTION_MANEUVER
2026.09.30-11.34.27 HANDLE_APPLIED #110 seq=75 decision=2 fightersValid=1 boardValid=1
2026.09.30-11.34.27 MODE seq=75 mode=0 combat=0 pending=0
2026.09.30-11.34.27 HUD seq=75 phase=ACTION_MANEUVER turn=opp hand=7 oppHand=7(hidden) oppDeck=12~ deck=10~ discard=13
2026.09.30-11.34.27 ARTPREVIEW fighter=Medusa hero=1 eligible=0 visual=1 mesh=SK_Medusa_H2LD
2026.09.30-11.34.27 FIGHTERS synced n=6 alive=6 own=2 enemy=4
2026.09.30-11.34.27 ARTPREVIEW damage-number fighter=f-1-hero amount=1 seq=75 cell=(1,3)
2026.09.30-11.34.27 ARTPREVIEW anim fighter=f-1-hero clip=HitReact len=0.417 event=damaged loop=0 phase=0.0000 seq=75 asset=AM_KingArthur_HitReact
2026.09.30-11.34.27 CUE damage f-1-hero -1 seq=75
2026.09.30-11.34.27 WS seq=75 phase=ACTION_MANEUVER (apply)
2026.09.30-11.34.27 TAG fighter=f-0-hero bbox=(909,493,1011,515) mode=compact look=P1 placement=above ring=0 hardPx2=0 softPx2=0 order=4 bound=1
2026.09.30-11.34.27 TAG fighter=f-0-sk0 bbox=(1232,385,1316,407) mode=compact look=P1 placement=above ring=0 hardPx2=0 softPx2=0 order=3 bound=1
2026.09.30-11.34.27 TAG fighter=f-0-sk1 bbox=(918,264,1002,286) mode=compact look=P1 placement=above ring=0 hardPx2=0 softPx2=0 order=1 bound=1
2026.09.30-11.34.27 TAG fighter=f-0-sk2 bbox=(761,385,845,407) mode=compact look=P1 placement=above ring=0 hardPx2=0 softPx2=0 order=2 bound=1
2026.09.30-11.34.27 TAG fighter=f-1-hero bbox=(643,513,745,535) mode=compact look=P2 placement=left ring=0 hardPx2=0 softPx2=0 order=0 bound=1
2026.09.30-11.34.27 TAG fighter=f-1-sk0 bbox=(1242,507,1326,529) mode=compact look=P2 placement=above ring=0 hardPx2=0 softPx2=0 order=5 bound=1
2026.09.30-11.34.27 DAMAGE fighter=f-1-hero bbox=(674,483,714,511) amount=1 seq=75 placement=above ring=0 hardPx2=0 softPx2=0
2026.09.30-11.34.27 TAG fighter=f-0-hero bbox=(909,493,1011,515) mode=compact look=P1 placement=above ring=0 hardPx2=0 softPx2=0 order=4 bound=1
2026.09.30-11.34.27 TAG fighter=f-0-sk0 bbox=(1232,385,1316,407) mode=compact look=P1 placement=above ring=0 hardPx2=0 softPx2=0 order=3 bound=1
2026.09.30-11.34.27 TAG fighter=f-0-sk1 bbox=(918,264,1002,286) mode=compact look=P1 placement=above ring=0 hardPx2=0 softPx2=0 order=1 bound=1
2026.09.30-11.34.27 TAG fighter=f-0-sk2 bbox=(761,385,845,407) mode=compact look=P1 placement=above ring=0 hardPx2=0 softPx2=0 order=2 bound=1
2026.09.30-11.34.27 TAG fighter=f-1-hero bbox=(643,513,745,535) mode=compact look=P2 placement=left ring=0 hardPx2=0 softPx2=0 order=0 bound=1
2026.09.30-11.34.27 TAG fighter=f-1-sk0 bbox=(1242,507,1326,529) mode=compact look=P2 placement=above ring=0 hardPx2=0 softPx2=0 order=5 bound=1
2026.09.30-11.34.27 SNAPSHOT applied seq=76 phase=ACTION_MANEUVER
2026.09.30-11.34.27 HANDLE_APPLIED #111 seq=76 decision=2 fightersValid=1 boardValid=1
2026.09.30-11.34.27 MODE seq=76 mode=0 combat=0 pending=0
2026.09.30-11.34.27 HUD seq=76 phase=ACTION_MANEUVER turn=opp hand=7 oppHand=8(hidden) oppDeck=12~ deck=10~ discard=13
2026.09.30-11.34.27 ARTPREVIEW fighter=Medusa hero=1 eligible=0 visual=1 mesh=SK_Medusa_H2LD
2026.09.30-11.34.27 FIGHTERS synced n=6 alive=6 own=2 enemy=4
2026.09.30-11.34.27 WS seq=76 phase=ACTION_MANEUVER (apply)
2026.09.30-11.34.27 SNAPSHOT applied seq=77 phase=ACTION_MANEUVER
2026.09.30-11.34.27 HANDLE_APPLIED #112 seq=77 decision=2 fightersValid=1 boardValid=1
2026.09.30-11.34.27 MODE seq=77 mode=0 combat=0 pending=0
2026.09.30-11.34.27 HUD seq=77 phase=ACTION_MANEUVER turn=opp hand=7 oppHand=8(hidden) oppDeck=12~ deck=10~ discard=13
2026.09.30-11.34.27 ARTPREVIEW fighter=Medusa hero=1 eligible=0 visual=1 mesh=SK_Medusa_H2LD
2026.09.30-11.34.27 FIGHTERS synced n=6 alive=6 own=2 enemy=4
2026.09.30-11.34.27 WS seq=77 phase=ACTION_MANEUVER (apply)
2026.09.30-11.34.27 ARTPREVIEW anim fighter=f-1-hero clip=Idle len=2.500 event=clipFinished loop=1 phase=0.3470 seq=-1 asset=AM_KingArthur_Idle
2026.09.30-11.34.28 TAG fighter=f-0-hero bbox=(909,493,1011,515) mode=compact look=P1 placement=above ring=0 hardPx2=0 softPx2=0 order=4 bound=1
2026.09.30-11.34.28 TAG fighter=f-0-sk0 bbox=(1232,385,1316,407) mode=compact look=P1 placement=above ring=0 hardPx2=0 softPx2=0 order=2 bound=1
2026.09.30-11.34.28 TAG fighter=f-0-sk1 bbox=(918,264,1002,286) mode=compact look=P1 placement=above ring=0 hardPx2=0 softPx2=0 order=0 bound=1
2026.09.30-11.34.28 TAG fighter=f-0-sk2 bbox=(761,385,845,407) mode=compact look=P1 placement=above ring=0 hardPx2=0 softPx2=0 order=1 bound=1
2026.09.30-11.34.28 TAG fighter=f-1-hero bbox=(643,513,745,535) mode=compact look=P2 placement=left ring=0 hardPx2=0 softPx2=0 order=3 bound=1
2026.09.30-11.34.28 TAG fighter=f-1-sk0 bbox=(1242,507,1326,529) mode=compact look=P2 placement=above ring=0 hardPx2=0 softPx2=0 order=5 bound=1
2026.09.30-11.34.28 game -> room=cmuo11ar100ubwiwwv3dxqwgm code=<redacted> status=IN_PROGRESS
2026.09.30-11.34.28 S09AUTO drive mode=0 plan=[defend+resolve] phase=ACTION_MANEUVER turn=cmukie55u0000wiao06h107t9
2026.09.30-11.34.28 SNAPSHOT applied seq=78 phase=ACTION_MANEUVER
2026.09.30-11.34.28 HANDLE_APPLIED #113 seq=78 decision=2 fightersValid=1 boardValid=1
2026.09.30-11.34.28 MODE seq=78 mode=0 combat=0 pending=0
2026.09.30-11.34.28 HUD seq=78 phase=ACTION_MANEUVER turn=opp hand=7 oppHand=9(hidden) oppDeck=12~ deck=10~ discard=13
2026.09.30-11.34.28 ARTPREVIEW fighter=Medusa hero=1 eligible=0 visual=1 mesh=SK_Medusa_H2LD
2026.09.30-11.34.28 FIGHTERS synced n=6 alive=6 own=2 enemy=4
2026.09.30-11.34.28 WS seq=78 phase=ACTION_MANEUVER (apply)
2026.09.30-11.34.28 SNAPSHOT applied seq=79 phase=TURN_END
2026.09.30-11.34.28 HANDLE_APPLIED #114 seq=79 decision=2 fightersValid=1 boardValid=1
2026.09.30-11.34.28 MODE seq=79 mode=0 combat=0 pending=0
2026.09.30-11.34.28 HUD seq=79 phase=TURN_END turn=opp hand=7 oppHand=9(hidden) oppDeck=12~ deck=10~ discard=13 pendingDiscard=2
2026.09.30-11.34.28 ARTPREVIEW fighter=Medusa hero=1 eligible=0 visual=1 mesh=SK_Medusa_H2LD
2026.09.30-11.34.28 FIGHTERS synced n=6 alive=6 own=2 enemy=4
2026.09.30-11.34.28 WS seq=79 phase=TURN_END (apply)
2026.09.30-11.34.29 TAG fighter=f-0-hero bbox=(909,493,1011,515) mode=compact look=P1 placement=above ring=0 hardPx2=0 softPx2=0 order=4 bound=1
2026.09.30-11.34.29 TAG fighter=f-0-sk0 bbox=(1232,385,1316,407) mode=compact look=P1 placement=above ring=0 hardPx2=0 softPx2=0 order=2 bound=1
2026.09.30-11.34.29 TAG fighter=f-0-sk1 bbox=(918,264,1002,286) mode=compact look=P1 placement=above ring=0 hardPx2=0 softPx2=0 order=0 bound=1
2026.09.30-11.34.29 TAG fighter=f-0-sk2 bbox=(761,385,845,407) mode=compact look=P1 placement=above ring=0 hardPx2=0 softPx2=0 order=1 bound=1
2026.09.30-11.34.29 TAG fighter=f-1-hero bbox=(643,513,745,535) mode=compact look=P2 placement=left ring=0 hardPx2=0 softPx2=0 order=3 bound=1
2026.09.30-11.34.29 TAG fighter=f-1-sk0 bbox=(1242,507,1326,529) mode=compact look=P2 placement=above ring=0 hardPx2=0 softPx2=0 order=5 bound=1
2026.09.30-11.34.30 SNAPSHOT applied seq=80 phase=ACTION_MANEUVER
2026.09.30-11.34.30 HANDLE_APPLIED #115 seq=80 decision=2 fightersValid=1 boardValid=1
2026.09.30-11.34.30 MODE seq=80 mode=0 combat=0 pending=0
2026.09.30-11.34.30 HUD seq=80 phase=ACTION_MANEUVER turn=you hand=7 oppHand=7(hidden) oppDeck=12~ deck=10~ discard=13
2026.09.30-11.34.30 ARTPREVIEW fighter=Medusa hero=1 eligible=0 visual=1 mesh=SK_Medusa_H2LD
2026.09.30-11.34.30 FIGHTERS synced n=6 alive=6 own=2 enemy=4
2026.09.30-11.34.30 WS seq=80 phase=ACTION_MANEUVER (apply)
2026.09.30-11.34.30 S09AUTO own turn #7 (turnCount=16)
2026.09.30-11.34.30 TAG fighter=f-0-hero bbox=(909,493,1011,515) mode=compact look=P1 placement=above ring=0 hardPx2=0 softPx2=0 order=4 bound=1
2026.09.30-11.34.30 TAG fighter=f-0-sk0 bbox=(1232,385,1316,407) mode=compact look=P1 placement=above ring=0 hardPx2=0 softPx2=0 order=2 bound=1
2026.09.30-11.34.30 TAG fighter=f-0-sk1 bbox=(918,264,1002,286) mode=compact look=P1 placement=above ring=0 hardPx2=0 softPx2=0 order=0 bound=1
2026.09.30-11.34.30 TAG fighter=f-0-sk2 bbox=(761,385,845,407) mode=compact look=P1 placement=above ring=0 hardPx2=0 softPx2=0 order=1 bound=1
2026.09.30-11.34.30 TAG fighter=f-1-hero bbox=(643,513,745,535) mode=compact look=P2 placement=left ring=0 hardPx2=0 softPx2=0 order=3 bound=1
2026.09.30-11.34.30 TAG fighter=f-1-sk0 bbox=(1242,507,1326,529) mode=compact look=P2 placement=above ring=0 hardPx2=0 softPx2=0 order=5 bound=1
2026.09.30-11.34.30 SNAPSHOT applied seq=81 phase=ACTION_MANEUVER
2026.09.30-11.34.30 HANDLE_APPLIED #116 seq=81 decision=2 fightersValid=1 boardValid=1
2026.09.30-11.34.30 MANEUVER-DRAFT mode=maneuver:16:80
2026.09.30-11.34.30 DRAFT-OPEN draw committed (resume instead of begin)
2026.09.30-11.34.30 MODE seq=81 mode=1 combat=0 pending=0
2026.09.30-11.34.30 HUD seq=81 phase=ACTION_MANEUVER turn=you hand=8 oppHand=7(hidden) oppDeck=10 deck=9 discard=13
2026.09.30-11.34.30 ARTPREVIEW fighter=Medusa hero=1 eligible=0 visual=1 mesh=SK_Medusa_H2LD
2026.09.30-11.34.30 FIGHTERS synced n=6 alive=6 own=2 enemy=4
2026.09.30-11.34.30 MANEUVER begin seq=81 (apply) pending=maneuver:16:80
2026.09.30-11.34.30 SNAPSHOT applied seq=81 phase=ACTION_MANEUVER
2026.09.30-11.34.30 HANDLE_APPLIED #117 seq=81 decision=1 fightersValid=1 boardValid=1
2026.09.30-11.34.30 MODE seq=81 mode=1 combat=0 pending=0
2026.09.30-11.34.30 HUD seq=81 phase=ACTION_MANEUVER turn=you hand=8 oppHand=7(hidden) oppDeck=10 deck=9 discard=13
2026.09.30-11.34.30 ARTPREVIEW fighter=Medusa hero=1 eligible=0 visual=1 mesh=SK_Medusa_H2LD
2026.09.30-11.34.30 FIGHTERS synced n=6 alive=6 own=2 enemy=4
2026.09.30-11.34.30 WS seq=81 phase=ACTION_MANEUVER (merge)
2026.09.30-11.34.30 S09AUTO drive mode=1 plan=[defend+resolve] phase=ACTION_MANEUVER turn=cmukie57j0001wiaofr67k2vd
2026.09.30-11.34.30 MANEUVER-CONFIRM moves=1 boost=none
2026.09.30-11.34.30 HUD plate content fighter=f-1-hero name=King Arthur hp=10/18 team=own statuses=HERO  |  MELEE teamSlot=P2 look=P2 shape=hexagon chip=#5786A8
2026.09.30-11.34.30 PLATE fighter=f-1-hero bbox=(849,453,1021,507) overlapReachable=0 placement=above ring=0 gap=6 selection=f-1-hero destinations=6 clean=1 softPx2=0 tested=122 bound=1
2026.09.30-11.34.30 TAG fighter=f-0-hero bbox=(1009,517,1111,539) mode=compact look=P1 placement=right ring=0 hardPx2=0 softPx2=0 order=3 bound=1
2026.09.30-11.34.30 TAG fighter=f-0-sk0 bbox=(1232,385,1316,407) mode=compact look=P1 placement=above ring=0 hardPx2=0 softPx2=0 order=2 bound=1
2026.09.30-11.34.30 TAG fighter=f-0-sk1 bbox=(918,264,1002,286) mode=compact look=P1 placement=above ring=0 hardPx2=0 softPx2=0 order=0 bound=1
2026.09.30-11.34.30 TAG fighter=f-0-sk2 bbox=(761,385,845,407) mode=compact look=P1 placement=above ring=0 hardPx2=0 softPx2=0 order=1 bound=1
2026.09.30-11.34.30 TAG fighter=f-1-sk0 bbox=(1242,507,1326,529) mode=compact look=P2 placement=above ring=0 hardPx2=0 softPx2=0 order=4 bound=1
2026.09.30-11.34.30 TAG fighter=f-0-hero bbox=(1009,517,1111,539) mode=compact look=P1 placement=right ring=0 hardPx2=0 softPx2=0 order=3 bound=1
2026.09.30-11.34.30 TAG fighter=f-0-sk0 bbox=(1232,385,1316,407) mode=compact look=P1 placement=above ring=0 hardPx2=0 softPx2=0 order=2 bound=1
2026.09.30-11.34.30 TAG fighter=f-0-sk1 bbox=(918,264,1002,286) mode=compact look=P1 placement=above ring=0 hardPx2=0 softPx2=0 order=0 bound=1
2026.09.30-11.34.30 TAG fighter=f-0-sk2 bbox=(761,385,845,407) mode=compact look=P1 placement=above ring=0 hardPx2=0 softPx2=0 order=1 bound=1
2026.09.30-11.34.30 TAG fighter=f-1-sk0 bbox=(1242,507,1326,529) mode=compact look=P2 placement=above ring=0 hardPx2=0 softPx2=0 order=4 bound=1
2026.09.30-11.34.30 SNAPSHOT applied seq=82 phase=ACTION_MANEUVER
2026.09.30-11.34.30 HANDLE_APPLIED #118 seq=82 decision=2 fightersValid=1 boardValid=1
2026.09.30-11.34.30 closed mode=
2026.09.30-11.34.30 MODE seq=82 mode=0 combat=0 pending=0
2026.09.30-11.34.30 HUD seq=82 phase=ACTION_MANEUVER turn=you hand=8 oppHand=7(hidden) oppDeck=10~ deck=9~ discard=13
2026.09.30-11.34.30 ARTPREVIEW fighter=Medusa hero=1 eligible=0 visual=1 mesh=SK_Medusa_H2LD
2026.09.30-11.34.30 FIGHTERS synced n=6 alive=6 own=2 enemy=4
2026.09.30-11.34.30 CUE move f-1-hero (1,3)->(0,3) seq=82
2026.09.30-11.34.30 WS seq=82 phase=ACTION_MANEUVER (apply)
2026.09.30-11.34.30 PLATE hidden fighter=f-1-hero
2026.09.30-11.34.30 TAG fighter=f-0-hero bbox=(909,493,1011,515) mode=compact look=P1 placement=above ring=0 hardPx2=0 softPx2=0 order=4 bound=1
2026.09.30-11.34.30 TAG fighter=f-0-sk0 bbox=(1232,385,1316,407) mode=compact look=P1 placement=above ring=0 hardPx2=0 softPx2=0 order=2 bound=1
2026.09.30-11.34.30 TAG fighter=f-0-sk1 bbox=(918,264,1002,286) mode=compact look=P1 placement=above ring=0 hardPx2=0 softPx2=0 order=0 bound=1
2026.09.30-11.34.30 TAG fighter=f-0-sk2 bbox=(761,385,845,407) mode=compact look=P1 placement=above ring=0 hardPx2=0 softPx2=0 order=1 bound=1
2026.09.30-11.34.30 TAG fighter=f-1-hero bbox=(583,489,685,511) mode=compact look=P2 placement=above ring=0 hardPx2=0 softPx2=0 order=3 bound=1
2026.09.30-11.34.30 TAG fighter=f-1-sk0 bbox=(1242,507,1326,529) mode=compact look=P2 placement=above ring=0 hardPx2=0 softPx2=0 order=5 bound=1
2026.09.30-11.34.30 TAG fighter=f-0-hero bbox=(909,493,1011,515) mode=compact look=P1 placement=above ring=0 hardPx2=0 softPx2=0 order=4 bound=1
2026.09.30-11.34.30 TAG fighter=f-0-sk0 bbox=(1232,385,1316,407) mode=compact look=P1 placement=above ring=0 hardPx2=0 softPx2=0 order=2 bound=1
2026.09.30-11.34.30 TAG fighter=f-0-sk1 bbox=(918,264,1002,286) mode=compact look=P1 placement=above ring=0 hardPx2=0 softPx2=0 order=0 bound=1
2026.09.30-11.34.30 TAG fighter=f-0-sk2 bbox=(761,385,845,407) mode=compact look=P1 placement=above ring=0 hardPx2=0 softPx2=0 order=1 bound=1
2026.09.30-11.34.30 TAG fighter=f-1-hero bbox=(583,489,685,511) mode=compact look=P2 placement=above ring=0 hardPx2=0 softPx2=0 order=3 bound=1
2026.09.30-11.34.30 TAG fighter=f-1-sk0 bbox=(1242,507,1326,529) mode=compact look=P2 placement=above ring=0 hardPx2=0 softPx2=0 order=5 bound=1
2026.09.30-11.34.30 SNAPSHOT applied seq=82 phase=ACTION_MANEUVER
2026.09.30-11.34.30 HANDLE_APPLIED #119 seq=82 decision=1 fightersValid=1 boardValid=1
2026.09.30-11.34.30 MODE seq=82 mode=0 combat=0 pending=0
2026.09.30-11.34.30 HUD seq=82 phase=ACTION_MANEUVER turn=you hand=8 oppHand=7(hidden) oppDeck=10 deck=9 discard=13
2026.09.30-11.34.30 ARTPREVIEW fighter=Medusa hero=1 eligible=0 visual=1 mesh=SK_Medusa_H2LD
2026.09.30-11.34.30 FIGHTERS synced n=6 alive=6 own=2 enemy=4
2026.09.30-11.34.30 MANEUVER done seq=82 (merge) fighters=6 boost=no
2026.09.30-11.34.30 TAG fighter=f-0-hero bbox=(909,493,1011,515) mode=compact look=P1 placement=above ring=0 hardPx2=0 softPx2=0 order=4 bound=1
2026.09.30-11.34.30 TAG fighter=f-0-sk0 bbox=(1232,385,1316,407) mode=compact look=P1 placement=above ring=0 hardPx2=0 softPx2=0 order=2 bound=1
2026.09.30-11.34.30 TAG fighter=f-0-sk1 bbox=(918,264,1002,286) mode=compact look=P1 placement=above ring=0 hardPx2=0 softPx2=0 order=0 bound=1
2026.09.30-11.34.30 TAG fighter=f-0-sk2 bbox=(761,385,845,407) mode=compact look=P1 placement=above ring=0 hardPx2=0 softPx2=0 order=1 bound=1
2026.09.30-11.34.30 TAG fighter=f-1-hero bbox=(583,489,685,511) mode=compact look=P2 placement=above ring=0 hardPx2=0 softPx2=0 order=3 bound=1
2026.09.30-11.34.30 TAG fighter=f-1-sk0 bbox=(1242,507,1326,529) mode=compact look=P2 placement=above ring=0 hardPx2=0 softPx2=0 order=5 bound=1
2026.09.30-11.34.31 game -> room=cmuo11ar100ubwiwwv3dxqwgm code=<redacted> status=IN_PROGRESS
2026.09.30-11.34.31 PERF window t=55.2-60.2 frames=150 fps=30.00 frameMs avg=33.33 p50=33.33 p95=33.33 p99=33.36 max=33.43 hitches50=0 gpuMs avg=1.89 p50=1.88 p95=2.08 gameMs avg=2.71 p95=15.00 renderMs avg=3.42 p95=4.46
2026.09.30-11.34.31 S09AUTO drive mode=0 plan=[defend+resolve] phase=ACTION_MANEUVER turn=cmukie57j0001wiaofr67k2vd
2026.09.30-11.34.31 SNAPSHOT applied seq=83 phase=ACTION_MANEUVER
2026.09.30-11.34.31 HANDLE_APPLIED #120 seq=83 decision=2 fightersValid=1 boardValid=1
2026.09.30-11.34.31 MANEUVER-DRAFT mode=maneuver:16:82
2026.09.30-11.34.31 DRAFT-OPEN draw committed (resume instead of begin)
2026.09.30-11.34.31 MODE seq=83 mode=1 combat=0 pending=0
2026.09.30-11.34.31 HUD seq=83 phase=ACTION_MANEUVER turn=you hand=9 oppHand=7(hidden) oppDeck=10 deck=8 discard=13
2026.09.30-11.34.31 ARTPREVIEW fighter=Medusa hero=1 eligible=0 visual=1 mesh=SK_Medusa_H2LD
2026.09.30-11.34.31 FIGHTERS synced n=6 alive=6 own=2 enemy=4
2026.09.30-11.34.31 MANEUVER begin seq=83 (apply) pending=maneuver:16:82
2026.09.30-11.34.31 SNAPSHOT applied seq=83 phase=ACTION_MANEUVER
2026.09.30-11.34.31 HANDLE_APPLIED #121 seq=83 decision=1 fightersValid=1 boardValid=1
2026.09.30-11.34.31 MODE seq=83 mode=1 combat=0 pending=0
2026.09.30-11.34.31 HUD seq=83 phase=ACTION_MANEUVER turn=you hand=9 oppHand=7(hidden) oppDeck=10 deck=8 discard=13
2026.09.30-11.34.31 ARTPREVIEW fighter=Medusa hero=1 eligible=0 visual=1 mesh=SK_Medusa_H2LD
2026.09.30-11.34.31 FIGHTERS synced n=6 alive=6 own=2 enemy=4
2026.09.30-11.34.31 WS seq=83 phase=ACTION_MANEUVER (merge)
2026.09.30-11.34.31 S09AUTO drive mode=1 plan=[defend+resolve] phase=ACTION_MANEUVER turn=cmukie57j0001wiaofr67k2vd
2026.09.30-11.34.31 MANEUVER-CONFIRM moves=1 boost=none
2026.09.30-11.34.31 PLATE fighter=f-1-hero bbox=(403,549,575,603) overlapReachable=0 placement=left ring=0 gap=6 selection=f-1-hero destinations=6 clean=1 softPx2=0 tested=124 bound=1
2026.09.30-11.34.31 TAG fighter=f-0-hero bbox=(909,493,1011,515) mode=compact look=P1 placement=above ring=0 hardPx2=0 softPx2=0 order=3 bound=1
2026.09.30-11.34.31 TAG fighter=f-0-sk0 bbox=(1232,385,1316,407) mode=compact look=P1 placement=above ring=0 hardPx2=0 softPx2=0 order=2 bound=1
2026.09.30-11.34.31 TAG fighter=f-0-sk1 bbox=(918,264,1002,286) mode=compact look=P1 placement=above ring=0 hardPx2=0 softPx2=0 order=0 bound=1
2026.09.30-11.34.31 TAG fighter=f-0-sk2 bbox=(761,385,845,407) mode=compact look=P1 placement=above ring=0 hardPx2=0 softPx2=0 order=1 bound=1
2026.09.30-11.34.31 TAG fighter=f-1-sk0 bbox=(1242,507,1326,529) mode=compact look=P2 placement=above ring=0 hardPx2=0 softPx2=0 order=4 bound=1
2026.09.30-11.34.31 TAG fighter=f-0-hero bbox=(909,493,1011,515) mode=compact look=P1 placement=above ring=0 hardPx2=0 softPx2=0 order=3 bound=1
2026.09.30-11.34.31 TAG fighter=f-0-sk0 bbox=(1232,385,1316,407) mode=compact look=P1 placement=above ring=0 hardPx2=0 softPx2=0 order=2 bound=1
2026.09.30-11.34.31 TAG fighter=f-0-sk1 bbox=(918,264,1002,286) mode=compact look=P1 placement=above ring=0 hardPx2=0 softPx2=0 order=0 bound=1
2026.09.30-11.34.31 TAG fighter=f-0-sk2 bbox=(761,385,845,407) mode=compact look=P1 placement=above ring=0 hardPx2=0 softPx2=0 order=1 bound=1
2026.09.30-11.34.31 TAG fighter=f-1-sk0 bbox=(1242,507,1326,529) mode=compact look=P2 placement=above ring=0 hardPx2=0 softPx2=0 order=4 bound=1
2026.09.30-11.34.31 SNAPSHOT applied seq=84 phase=TURN_END
2026.09.30-11.34.31 HANDLE_APPLIED #122 seq=84 decision=2 fightersValid=1 boardValid=1
2026.09.30-11.34.31 DISCARD-DRAFT count=2 pending=discard:16:84
2026.09.30-11.34.31 MODE seq=84 mode=2 combat=0 pending=0
2026.09.30-11.34.31 HUD seq=84 phase=TURN_END turn=you hand=9 oppHand=7(hidden) oppDeck=10 deck=8 discard=13 pendingDiscard=2
2026.09.30-11.34.31 ARTPREVIEW fighter=Medusa hero=1 eligible=0 visual=1 mesh=SK_Medusa_H2LD
2026.09.30-11.34.31 FIGHTERS synced n=6 alive=6 own=2 enemy=4
2026.09.30-11.34.31 CUE move f-1-hero (0,3)->(1,3) seq=84
2026.09.30-11.34.31 MANEUVER done seq=84 (apply) fighters=6 boost=no
2026.09.30-11.34.31 SNAPSHOT applied seq=84 phase=TURN_END
2026.09.30-11.34.31 HANDLE_APPLIED #123 seq=84 decision=1 fightersValid=1 boardValid=1
2026.09.30-11.34.31 MODE seq=84 mode=2 combat=0 pending=0
2026.09.30-11.34.31 HUD seq=84 phase=TURN_END turn=you hand=9 oppHand=7(hidden) oppDeck=10 deck=8 discard=13 pendingDiscard=2
2026.09.30-11.34.31 ARTPREVIEW fighter=Medusa hero=1 eligible=0 visual=1 mesh=SK_Medusa_H2LD
2026.09.30-11.34.31 FIGHTERS synced n=6 alive=6 own=2 enemy=4
2026.09.30-11.34.31 WS seq=84 phase=TURN_END (merge)
2026.09.30-11.34.31 PLATE hidden fighter=f-1-hero
2026.09.30-11.34.31 TAG fighter=f-0-hero bbox=(909,493,1011,515) mode=compact look=P1 placement=above ring=0 hardPx2=0 softPx2=0 order=4 bound=1
2026.09.30-11.34.31 TAG fighter=f-0-sk0 bbox=(1232,385,1316,407) mode=compact look=P1 placement=above ring=0 hardPx2=0 softPx2=0 order=2 bound=1
2026.09.30-11.34.31 TAG fighter=f-0-sk1 bbox=(918,264,1002,286) mode=compact look=P1 placement=above ring=0 hardPx2=0 softPx2=0 order=0 bound=1
2026.09.30-11.34.31 TAG fighter=f-0-sk2 bbox=(761,385,845,407) mode=compact look=P1 placement=above ring=0 hardPx2=0 softPx2=0 order=1 bound=1
2026.09.30-11.34.31 TAG fighter=f-1-hero bbox=(643,513,745,535) mode=compact look=P2 placement=left ring=0 hardPx2=0 softPx2=0 order=3 bound=1
2026.09.30-11.34.31 TAG fighter=f-1-sk0 bbox=(1242,507,1326,529) mode=compact look=P2 placement=above ring=0 hardPx2=0 softPx2=0 order=5 bound=1
2026.09.30-11.34.31 TAG fighter=f-0-hero bbox=(909,493,1011,515) mode=compact look=P1 placement=above ring=0 hardPx2=0 softPx2=0 order=4 bound=1
2026.09.30-11.34.31 TAG fighter=f-0-sk0 bbox=(1232,385,1316,407) mode=compact look=P1 placement=above ring=0 hardPx2=0 softPx2=0 order=2 bound=1
2026.09.30-11.34.31 TAG fighter=f-0-sk1 bbox=(918,264,1002,286) mode=compact look=P1 placement=above ring=0 hardPx2=0 softPx2=0 order=0 bound=1
2026.09.30-11.34.31 TAG fighter=f-0-sk2 bbox=(761,385,845,407) mode=compact look=P1 placement=above ring=0 hardPx2=0 softPx2=0 order=1 bound=1
2026.09.30-11.34.31 TAG fighter=f-1-hero bbox=(643,513,745,535) mode=compact look=P2 placement=left ring=0 hardPx2=0 softPx2=0 order=3 bound=1
2026.09.30-11.34.31 TAG fighter=f-1-sk0 bbox=(1242,507,1326,529) mode=compact look=P2 placement=above ring=0 hardPx2=0 softPx2=0 order=5 bound=1
2026.09.30-11.34.32 S09AUTO drive mode=2 plan=[defend+resolve] phase=TURN_END turn=cmukie57j0001wiaofr67k2vd
2026.09.30-11.34.32 S09AUTO discard picks=2
2026.09.30-11.34.32 DISCARD-CONFIRM pending=discard:16:84 count=2 ids=cmuhgvghw00oewi9gm7pt0c36::0,cmuhgvgi500oywi9gchz8vt4l::0
2026.09.30-11.34.32 TAG fighter=f-0-hero bbox=(909,493,1011,515) mode=compact look=P1 placement=above ring=0 hardPx2=0 softPx2=0 order=4 bound=1
2026.09.30-11.34.32 TAG fighter=f-0-sk0 bbox=(1232,385,1316,407) mode=compact look=P1 placement=above ring=0 hardPx2=0 softPx2=0 order=2 bound=1
2026.09.30-11.34.32 TAG fighter=f-0-sk1 bbox=(918,264,1002,286) mode=compact look=P1 placement=above ring=0 hardPx2=0 softPx2=0 order=0 bound=1
2026.09.30-11.34.32 TAG fighter=f-0-sk2 bbox=(761,385,845,407) mode=compact look=P1 placement=above ring=0 hardPx2=0 softPx2=0 order=1 bound=1
2026.09.30-11.34.32 TAG fighter=f-1-hero bbox=(643,513,745,535) mode=compact look=P2 placement=left ring=0 hardPx2=0 softPx2=0 order=3 bound=1
2026.09.30-11.34.32 TAG fighter=f-1-sk0 bbox=(1242,507,1326,529) mode=compact look=P2 placement=above ring=0 hardPx2=0 softPx2=0 order=5 bound=1
2026.09.30-11.34.32 SNAPSHOT applied seq=85 phase=ACTION_MANEUVER
2026.09.30-11.34.32 HANDLE_APPLIED #124 seq=85 decision=2 fightersValid=1 boardValid=1
2026.09.30-11.34.32 closed mode=
2026.09.30-11.34.32 MODE seq=85 mode=0 combat=0 pending=1
2026.09.30-11.34.32 HUD seq=85 phase=ACTION_MANEUVER turn=opp hand=7 oppHand=7(hidden) oppDeck=10 deck=8 discard=15
2026.09.30-11.34.32 ARTPREVIEW fighter=Medusa hero=1 eligible=0 visual=1 mesh=SK_Medusa_H2LD
2026.09.30-11.34.32 FIGHTERS synced n=6 alive=6 own=2 enemy=4
2026.09.30-11.34.32 DISCARD done seq=85 phase=ACTION_MANEUVER count=2
2026.09.30-11.34.32 SNAPSHOT applied seq=85 phase=ACTION_MANEUVER
2026.09.30-11.34.32 HANDLE_APPLIED #125 seq=85 decision=1 fightersValid=1 boardValid=1
2026.09.30-11.34.32 MODE seq=85 mode=0 combat=0 pending=1
2026.09.30-11.34.32 HUD seq=85 phase=ACTION_MANEUVER turn=opp hand=7 oppHand=7(hidden) oppDeck=10 deck=8 discard=15
2026.09.30-11.34.32 ARTPREVIEW fighter=Medusa hero=1 eligible=0 visual=1 mesh=SK_Medusa_H2LD
2026.09.30-11.34.32 FIGHTERS synced n=6 alive=6 own=2 enemy=4
2026.09.30-11.34.32 WS seq=85 phase=ACTION_MANEUVER (merge)
2026.09.30-11.34.33 TAG fighter=f-0-hero bbox=(909,493,1011,515) mode=compact look=P1 placement=above ring=0 hardPx2=0 softPx2=0 order=4 bound=1
2026.09.30-11.34.33 TAG fighter=f-0-sk0 bbox=(1232,385,1316,407) mode=compact look=P1 placement=above ring=0 hardPx2=0 softPx2=0 order=2 bound=1
2026.09.30-11.34.33 TAG fighter=f-0-sk1 bbox=(918,264,1002,286) mode=compact look=P1 placement=above ring=0 hardPx2=0 softPx2=0 order=0 bound=1
2026.09.30-11.34.33 TAG fighter=f-0-sk2 bbox=(761,385,845,407) mode=compact look=P1 placement=above ring=0 hardPx2=0 softPx2=0 order=1 bound=1
2026.09.30-11.34.33 TAG fighter=f-1-hero bbox=(643,513,745,535) mode=compact look=P2 placement=left ring=0 hardPx2=0 softPx2=0 order=3 bound=1
2026.09.30-11.34.33 TAG fighter=f-1-sk0 bbox=(1242,507,1326,529) mode=compact look=P2 placement=above ring=0 hardPx2=0 softPx2=0 order=5 bound=1
2026.09.30-11.34.33 SNAPSHOT applied seq=86 phase=ACTION_MANEUVER
2026.09.30-11.34.33 HANDLE_APPLIED #126 seq=86 decision=2 fightersValid=1 boardValid=1
2026.09.30-11.34.33 MODE seq=86 mode=0 combat=0 pending=0
2026.09.30-11.34.33 HUD seq=86 phase=ACTION_MANEUVER turn=opp hand=7 oppHand=7(hidden) oppDeck=10~ deck=8~ discard=15
2026.09.30-11.34.33 ARTPREVIEW fighter=Medusa hero=1 eligible=0 visual=1 mesh=SK_Medusa_H2LD
2026.09.30-11.34.33 FIGHTERS synced n=6 alive=6 own=2 enemy=4
2026.09.30-11.34.33 ARTPREVIEW damage-number fighter=f-1-hero amount=1 seq=86 cell=(1,3)
2026.09.30-11.34.33 ARTPREVIEW anim fighter=f-1-hero clip=HitReact len=0.417 event=damaged loop=0 phase=0.0000 seq=86 asset=AM_KingArthur_HitReact
2026.09.30-11.34.33 CUE damage f-1-hero -1 seq=86
2026.09.30-11.34.33 WS seq=86 phase=ACTION_MANEUVER (apply)
2026.09.30-11.34.33 TAG fighter=f-0-hero bbox=(909,493,1011,515) mode=compact look=P1 placement=above ring=0 hardPx2=0 softPx2=0 order=4 bound=1
2026.09.30-11.34.33 TAG fighter=f-0-sk0 bbox=(1232,385,1316,407) mode=compact look=P1 placement=above ring=0 hardPx2=0 softPx2=0 order=3 bound=1
2026.09.30-11.34.33 TAG fighter=f-0-sk1 bbox=(918,264,1002,286) mode=compact look=P1 placement=above ring=0 hardPx2=0 softPx2=0 order=1 bound=1
2026.09.30-11.34.33 TAG fighter=f-0-sk2 bbox=(761,385,845,407) mode=compact look=P1 placement=above ring=0 hardPx2=0 softPx2=0 order=2 bound=1
2026.09.30-11.34.33 TAG fighter=f-1-hero bbox=(652,513,745,535) mode=compact look=P2 placement=left ring=0 hardPx2=0 softPx2=0 order=0 bound=1
2026.09.30-11.34.33 TAG fighter=f-1-sk0 bbox=(1242,507,1326,529) mode=compact look=P2 placement=above ring=0 hardPx2=0 softPx2=0 order=5 bound=1
2026.09.30-11.34.33 DAMAGE fighter=f-1-hero bbox=(679,483,719,511) amount=1 seq=86 placement=above ring=0 hardPx2=0 softPx2=0
2026.09.30-11.34.33 TAG fighter=f-0-hero bbox=(909,493,1011,515) mode=compact look=P1 placement=above ring=0 hardPx2=0 softPx2=0 order=4 bound=1
2026.09.30-11.34.33 TAG fighter=f-0-sk0 bbox=(1232,385,1316,407) mode=compact look=P1 placement=above ring=0 hardPx2=0 softPx2=0 order=3 bound=1
2026.09.30-11.34.33 TAG fighter=f-0-sk1 bbox=(918,264,1002,286) mode=compact look=P1 placement=above ring=0 hardPx2=0 softPx2=0 order=1 bound=1
2026.09.30-11.34.33 TAG fighter=f-0-sk2 bbox=(761,385,845,407) mode=compact look=P1 placement=above ring=0 hardPx2=0 softPx2=0 order=2 bound=1
2026.09.30-11.34.33 TAG fighter=f-1-hero bbox=(652,513,745,535) mode=compact look=P2 placement=left ring=0 hardPx2=0 softPx2=0 order=0 bound=1
2026.09.30-11.34.33 TAG fighter=f-1-sk0 bbox=(1242,507,1326,529) mode=compact look=P2 placement=above ring=0 hardPx2=0 softPx2=0 order=5 bound=1
2026.09.30-11.34.33 SNAPSHOT applied seq=87 phase=COMBAT
2026.09.30-11.34.33 HANDLE_APPLIED #127 seq=87 decision=2 fightersValid=1 boardValid=1
2026.09.30-11.34.33 closed mode=
2026.09.30-11.34.33 MODE seq=87 mode=4 combat=1 pending=0
2026.09.30-11.34.33 HUD seq=87 phase=COMBAT turn=opp hand=7 oppHand=6(hidden) oppDeck=10~ deck=8~ discard=15
2026.09.30-11.34.33 ARTPREVIEW combat marker fighter=Medusa attacker=1 target=0 icon=0 targetMesh=SM_Marker_TargetRing iconMode=screen
2026.09.30-11.34.33 ARTPREVIEW combat marker fighter=King Arthur attacker=0 target=1 icon=1 targetMesh=SM_Marker_TargetRing iconMode=screen
2026.09.30-11.34.33 ARTPREVIEW fighter=Medusa hero=1 eligible=0 visual=1 mesh=SK_Medusa_H2LD
2026.09.30-11.34.33 FIGHTERS synced n=6 alive=6 own=2 enemy=4
2026.09.30-11.34.33 WS seq=87 phase=COMBAT (apply)
2026.09.30-11.34.33 TAG fighter=f-0-hero bbox=(909,493,1011,515) mode=compact look=P1 placement=above ring=0 hardPx2=0 softPx2=0 order=4 bound=1
2026.09.30-11.34.33 TAG fighter=f-0-sk0 bbox=(1232,385,1316,407) mode=compact look=P1 placement=above ring=0 hardPx2=0 softPx2=0 order=3 bound=1
2026.09.30-11.34.33 TAG fighter=f-0-sk1 bbox=(918,264,1002,286) mode=compact look=P1 placement=above ring=0 hardPx2=0 softPx2=0 order=1 bound=1
2026.09.30-11.34.33 TAG fighter=f-0-sk2 bbox=(761,385,845,407) mode=compact look=P1 placement=above ring=0 hardPx2=0 softPx2=0 order=2 bound=1
2026.09.30-11.34.33 TAG fighter=f-1-hero bbox=(652,513,745,535) mode=compact look=P2 placement=left ring=0 hardPx2=0 softPx2=0 order=0 bound=1
2026.09.30-11.34.33 TAG fighter=f-1-sk0 bbox=(1242,507,1326,529) mode=compact look=P2 placement=above ring=0 hardPx2=0 softPx2=0 order=5 bound=1
2026.09.30-11.34.33 ICON fighter=f-1-hero bbox=(850,543,882,575) size=32 src=combat anchor=right fallback=0 overlapPx2=0 texture=/Game/ArtTests/ARTMarkers/Textures/T_UI_Action_AttackToken_32
2026.09.30-11.34.33 TAG fighter=f-0-hero bbox=(909,493,1011,515) mode=compact look=P1 placement=above ring=0 hardPx2=0 softPx2=0 order=4 bound=1
2026.09.30-11.34.33 TAG fighter=f-0-sk0 bbox=(1232,385,1316,407) mode=compact look=P1 placement=above ring=0 hardPx2=0 softPx2=0 order=3 bound=1
2026.09.30-11.34.33 TAG fighter=f-0-sk1 bbox=(918,264,1002,286) mode=compact look=P1 placement=above ring=0 hardPx2=0 softPx2=0 order=1 bound=1
2026.09.30-11.34.33 TAG fighter=f-0-sk2 bbox=(761,385,845,407) mode=compact look=P1 placement=above ring=0 hardPx2=0 softPx2=0 order=2 bound=1
2026.09.30-11.34.33 TAG fighter=f-1-hero bbox=(652,513,745,535) mode=compact look=P2 placement=left ring=0 hardPx2=0 softPx2=0 order=0 bound=1
2026.09.30-11.34.33 TAG fighter=f-1-sk0 bbox=(1242,507,1326,529) mode=compact look=P2 placement=above ring=0 hardPx2=0 softPx2=0 order=5 bound=1
2026.09.30-11.34.33 ICON fighter=f-1-hero bbox=(850,543,882,575) size=32 src=combat anchor=right fallback=0 overlapPx2=0 texture=/Game/ArtTests/ARTMarkers/Textures/T_UI_Action_AttackToken_32
2026.09.30-11.34.33 ARTPREVIEW anim fighter=f-1-hero clip=Idle len=2.500 event=clipFinished loop=1 phase=0.3470 seq=-1 asset=AM_KingArthur_Idle
2026.09.30-11.34.33 TAG fighter=f-0-hero bbox=(909,493,1011,515) mode=compact look=P1 placement=above ring=0 hardPx2=0 softPx2=0 order=4 bound=1
2026.09.30-11.34.33 TAG fighter=f-0-sk0 bbox=(1232,385,1316,407) mode=compact look=P1 placement=above ring=0 hardPx2=0 softPx2=0 order=3 bound=1
2026.09.30-11.34.33 TAG fighter=f-0-sk1 bbox=(918,264,1002,286) mode=compact look=P1 placement=above ring=0 hardPx2=0 softPx2=0 order=1 bound=1
2026.09.30-11.34.33 TAG fighter=f-0-sk2 bbox=(761,385,845,407) mode=compact look=P1 placement=above ring=0 hardPx2=0 softPx2=0 order=2 bound=1
2026.09.30-11.34.33 TAG fighter=f-1-hero bbox=(652,513,745,535) mode=compact look=P2 placement=left ring=0 hardPx2=0 softPx2=0 order=0 bound=1
2026.09.30-11.34.33 TAG fighter=f-1-sk0 bbox=(1242,507,1326,529) mode=compact look=P2 placement=above ring=0 hardPx2=0 softPx2=0 order=5 bound=1
2026.09.30-11.34.33 ICON fighter=f-1-hero bbox=(850,543,882,575) size=32 src=combat anchor=right fallback=0 overlapPx2=0 texture=/Game/ArtTests/ARTMarkers/Textures/T_UI_Action_AttackToken_32
2026.09.30-11.34.34 S09AUTO drive mode=4 plan=[defend+resolve] phase=COMBAT turn=cmukie55u0000wiao06h107t9
2026.09.30-11.34.34 S09AUTO defense card picked
2026.09.30-11.34.34 DEFENSE sent
2026.09.30-11.34.34 TAG fighter=f-0-hero bbox=(909,493,1011,515) mode=compact look=P1 placement=above ring=0 hardPx2=0 softPx2=0 order=4 bound=1
2026.09.30-11.34.34 TAG fighter=f-0-sk0 bbox=(1232,385,1316,407) mode=compact look=P1 placement=above ring=0 hardPx2=0 softPx2=0 order=3 bound=1
2026.09.30-11.34.34 TAG fighter=f-0-sk1 bbox=(918,264,1002,286) mode=compact look=P1 placement=above ring=0 hardPx2=0 softPx2=0 order=1 bound=1
2026.09.30-11.34.34 TAG fighter=f-0-sk2 bbox=(761,385,845,407) mode=compact look=P1 placement=above ring=0 hardPx2=0 softPx2=0 order=2 bound=1
2026.09.30-11.34.34 TAG fighter=f-1-hero bbox=(652,513,745,535) mode=compact look=P2 placement=left ring=0 hardPx2=0 softPx2=0 order=0 bound=1
2026.09.30-11.34.34 TAG fighter=f-1-sk0 bbox=(1242,507,1326,529) mode=compact look=P2 placement=above ring=0 hardPx2=0 softPx2=0 order=5 bound=1
2026.09.30-11.34.34 ICON fighter=f-1-hero bbox=(850,543,882,575) size=32 src=combat anchor=right fallback=0 overlapPx2=0 texture=/Game/ArtTests/ARTMarkers/Textures/T_UI_Action_AttackToken_32
2026.09.30-11.34.34 SNAPSHOT applied seq=88 phase=COMBAT_RESOLVE
2026.09.30-11.34.34 HANDLE_APPLIED #128 seq=88 decision=2 fightersValid=1 boardValid=1
2026.09.30-11.34.34 ARTPREVIEW anim fighter=f-0-hero clip=LungeAttack len=0.583 event=attack loop=0 phase=0.0000 seq=88 asset=AM_Medusa_LungeAttack
2026.09.30-11.34.34 closed mode=
2026.09.30-11.34.34 MODE seq=88 mode=5 combat=1 pending=0
2026.09.30-11.34.34 HUD seq=88 phase=COMBAT_RESOLVE turn=opp hand=6 oppHand=6(hidden) oppDeck=10 deck=8 discard=16
2026.09.30-11.34.34 ARTPREVIEW fighter=Medusa hero=1 eligible=0 visual=1 mesh=SK_Medusa_H2LD
2026.09.30-11.34.34 FIGHTERS synced n=6 alive=6 own=2 enemy=4
2026.09.30-11.34.34 DEFENSE done seq=88 (apply) phase=COMBAT_RESOLVE
2026.09.30-11.34.34 SNAPSHOT applied seq=88 phase=COMBAT_RESOLVE
2026.09.30-11.34.34 HANDLE_APPLIED #129 seq=88 decision=1 fightersValid=1 boardValid=1
2026.09.30-11.34.34 MODE seq=88 mode=5 combat=1 pending=0
2026.09.30-11.34.34 HUD seq=88 phase=COMBAT_RESOLVE turn=opp hand=6 oppHand=6(hidden) oppDeck=10 deck=8 discard=16
2026.09.30-11.34.34 ARTPREVIEW fighter=Medusa hero=1 eligible=0 visual=1 mesh=SK_Medusa_H2LD
2026.09.30-11.34.34 FIGHTERS synced n=6 alive=6 own=2 enemy=4
2026.09.30-11.34.34 WS seq=88 phase=COMBAT_RESOLVE (merge)
2026.09.30-11.34.34 S09AUTO drive mode=5 plan=[defend+resolve] phase=COMBAT_RESOLVE turn=cmukie55u0000wiao06h107t9
2026.09.30-11.34.34 S09AUTO resolve
2026.09.30-11.34.34 RESOLVE sent
2026.09.30-11.34.34 TAG fighter=f-0-hero bbox=(909,493,1011,515) mode=compact look=P1 placement=above ring=0 hardPx2=0 softPx2=0 order=4 bound=1
2026.09.30-11.34.34 TAG fighter=f-0-sk0 bbox=(1232,385,1316,407) mode=compact look=P1 placement=above ring=0 hardPx2=0 softPx2=0 order=3 bound=1
2026.09.30-11.34.34 TAG fighter=f-0-sk1 bbox=(918,264,1002,286) mode=compact look=P1 placement=above ring=0 hardPx2=0 softPx2=0 order=1 bound=1
2026.09.30-11.34.34 TAG fighter=f-0-sk2 bbox=(761,385,845,407) mode=compact look=P1 placement=above ring=0 hardPx2=0 softPx2=0 order=2 bound=1
2026.09.30-11.34.34 TAG fighter=f-1-hero bbox=(652,513,745,535) mode=compact look=P2 placement=left ring=0 hardPx2=0 softPx2=0 order=0 bound=1
2026.09.30-11.34.34 TAG fighter=f-1-sk0 bbox=(1242,507,1326,529) mode=compact look=P2 placement=above ring=0 hardPx2=0 softPx2=0 order=5 bound=1
2026.09.30-11.34.34 ICON fighter=f-1-hero bbox=(850,543,882,575) size=32 src=combat anchor=right fallback=0 overlapPx2=0 texture=/Game/ArtTests/ARTMarkers/Textures/T_UI_Action_AttackToken_32
2026.09.30-11.34.34 SNAPSHOT applied seq=89 phase=ACTION_MANEUVER
2026.09.30-11.34.34 HANDLE_APPLIED #130 seq=89 decision=2 fightersValid=1 boardValid=1
2026.09.30-11.34.34 COMBAT-RESULT seq=89 damage=2 role=defended
2026.09.30-11.34.34 ARTPREVIEW combat marker fighter=Medusa attacker=0 target=0 icon=0 targetMesh=SM_Marker_TargetRing iconMode=screen
2026.09.30-11.34.34 ARTPREVIEW combat marker fighter=King Arthur attacker=0 target=0 icon=0 targetMesh=SM_Marker_TargetRing iconMode=screen
2026.09.30-11.34.34 closed mode=
2026.09.30-11.34.34 MODE seq=89 mode=0 combat=0 pending=0
2026.09.30-11.34.34 HUD seq=89 phase=ACTION_MANEUVER turn=opp hand=7 oppHand=7(hidden) oppDeck=9 deck=7 discard=16
2026.09.30-11.34.34 ARTPREVIEW fighter=Medusa hero=1 eligible=0 visual=1 mesh=SK_Medusa_H2LD
2026.09.30-11.34.34 FIGHTERS synced n=6 alive=6 own=2 enemy=4
2026.09.30-11.34.34 ARTPREVIEW damage-number fighter=f-1-hero amount=2 seq=89 cell=(1,3)
2026.09.30-11.34.34 ARTPREVIEW anim fighter=f-1-hero clip=HitReact len=0.417 event=damaged loop=0 phase=0.0000 seq=89 asset=AM_KingArthur_HitReact
2026.09.30-11.34.34 CUE damage f-1-hero -2 seq=89
2026.09.30-11.34.34 RESOLVE done seq=89 (apply) phase=ACTION_MANEUVER
2026.09.30-11.34.34 SNAPSHOT applied seq=89 phase=ACTION_MANEUVER
2026.09.30-11.34.34 HANDLE_APPLIED #131 seq=89 decision=1 fightersValid=1 boardValid=1
2026.09.30-11.34.34 MODE seq=89 mode=0 combat=0 pending=0
2026.09.30-11.34.34 HUD seq=89 phase=ACTION_MANEUVER turn=opp hand=7 oppHand=7(hidden) oppDeck=9 deck=7 discard=16
2026.09.30-11.34.34 ARTPREVIEW fighter=Medusa hero=1 eligible=0 visual=1 mesh=SK_Medusa_H2LD
2026.09.30-11.34.34 FIGHTERS synced n=6 alive=6 own=2 enemy=4
2026.09.30-11.34.34 WS seq=89 phase=ACTION_MANEUVER (merge)
2026.09.30-11.34.34 S09AUTO drive mode=0 plan=[defend+resolve] phase=ACTION_MANEUVER turn=cmukie55u0000wiao06h107t9
2026.09.30-11.34.34 TAG fighter=f-0-hero bbox=(909,493,1011,515) mode=compact look=P1 placement=above ring=0 hardPx2=0 softPx2=0 order=4 bound=1
2026.09.30-11.34.34 TAG fighter=f-0-sk0 bbox=(1232,385,1316,407) mode=compact look=P1 placement=above ring=0 hardPx2=0 softPx2=0 order=3 bound=1
2026.09.30-11.34.34 TAG fighter=f-0-sk1 bbox=(918,264,1002,286) mode=compact look=P1 placement=above ring=0 hardPx2=0 softPx2=0 order=1 bound=1
2026.09.30-11.34.34 TAG fighter=f-0-sk2 bbox=(761,385,845,407) mode=compact look=P1 placement=above ring=0 hardPx2=0 softPx2=0 order=2 bound=1
2026.09.30-11.34.34 TAG fighter=f-1-hero bbox=(652,513,745,535) mode=compact look=P2 placement=left ring=0 hardPx2=0 softPx2=0 order=0 bound=1
2026.09.30-11.34.34 TAG fighter=f-1-sk0 bbox=(1242,507,1326,529) mode=compact look=P2 placement=above ring=0 hardPx2=0 softPx2=0 order=5 bound=1
2026.09.30-11.34.34 HUD icon hidden fighter=f-1-hero
2026.09.30-11.34.34 DAMAGE fighter=f-1-hero bbox=(679,483,719,511) amount=2 seq=89 placement=above ring=0 hardPx2=0 softPx2=0
2026.09.30-11.34.34 TAG fighter=f-0-hero bbox=(909,493,1011,515) mode=compact look=P1 placement=above ring=0 hardPx2=0 softPx2=0 order=4 bound=1
2026.09.30-11.34.34 TAG fighter=f-0-sk0 bbox=(1232,385,1316,407) mode=compact look=P1 placement=above ring=0 hardPx2=0 softPx2=0 order=3 bound=1
2026.09.30-11.34.34 TAG fighter=f-0-sk1 bbox=(918,264,1002,286) mode=compact look=P1 placement=above ring=0 hardPx2=0 softPx2=0 order=1 bound=1
2026.09.30-11.34.34 TAG fighter=f-0-sk2 bbox=(761,385,845,407) mode=compact look=P1 placement=above ring=0 hardPx2=0 softPx2=0 order=2 bound=1
2026.09.30-11.34.34 TAG fighter=f-1-hero bbox=(652,513,745,535) mode=compact look=P2 placement=left ring=0 hardPx2=0 softPx2=0 order=0 bound=1
2026.09.30-11.34.34 TAG fighter=f-1-sk0 bbox=(1242,507,1326,529) mode=compact look=P2 placement=above ring=0 hardPx2=0 softPx2=0 order=5 bound=1
2026.09.30-11.34.34 SNAPSHOT applied seq=90 phase=COMBAT
2026.09.30-11.34.34 HANDLE_APPLIED #132 seq=90 decision=2 fightersValid=1 boardValid=1
2026.09.30-11.34.34 closed mode=
2026.09.30-11.34.34 MODE seq=90 mode=4 combat=1 pending=0
2026.09.30-11.34.34 HUD seq=90 phase=COMBAT turn=opp hand=7 oppHand=6(hidden) oppDeck=9~ deck=7~ discard=16
2026.09.30-11.34.34 ARTPREVIEW combat marker fighter=Medusa attacker=1 target=0 icon=0 targetMesh=SM_Marker_TargetRing iconMode=screen
2026.09.30-11.34.34 ARTPREVIEW combat marker fighter=King Arthur attacker=0 target=1 icon=1 targetMesh=SM_Marker_TargetRing iconMode=screen
2026.09.30-11.34.34 ARTPREVIEW fighter=Medusa hero=1 eligible=0 visual=1 mesh=SK_Medusa_H2LD
2026.09.30-11.34.34 FIGHTERS synced n=6 alive=6 own=2 enemy=4
2026.09.30-11.34.34 WS seq=90 phase=COMBAT (apply)
2026.09.30-11.34.34 S09AUTO drive mode=4 plan=[defend+resolve] phase=COMBAT turn=cmukie55u0000wiao06h107t9
2026.09.30-11.34.34 S09AUTO defense card picked
2026.09.30-11.34.34 DEFENSE sent
2026.09.30-11.34.34 TAG fighter=f-0-hero bbox=(909,493,1011,515) mode=compact look=P1 placement=above ring=0 hardPx2=0 softPx2=0 order=4 bound=1
2026.09.30-11.34.34 TAG fighter=f-0-sk0 bbox=(1232,385,1316,407) mode=compact look=P1 placement=above ring=0 hardPx2=0 softPx2=0 order=3 bound=1
2026.09.30-11.34.34 TAG fighter=f-0-sk1 bbox=(918,264,1002,286) mode=compact look=P1 placement=above ring=0 hardPx2=0 softPx2=0 order=1 bound=1
2026.09.30-11.34.34 TAG fighter=f-0-sk2 bbox=(761,385,845,407) mode=compact look=P1 placement=above ring=0 hardPx2=0 softPx2=0 order=2 bound=1
2026.09.30-11.34.34 TAG fighter=f-1-hero bbox=(652,513,745,535) mode=compact look=P2 placement=left ring=0 hardPx2=0 softPx2=0 order=0 bound=1
2026.09.30-11.34.34 TAG fighter=f-1-sk0 bbox=(1242,507,1326,529) mode=compact look=P2 placement=above ring=0 hardPx2=0 softPx2=0 order=5 bound=1
2026.09.30-11.34.34 ICON fighter=f-1-hero bbox=(850,543,882,575) size=32 src=combat anchor=right fallback=0 overlapPx2=0 texture=/Game/ArtTests/ARTMarkers/Textures/T_UI_Action_AttackToken_32
2026.09.30-11.34.34 TAG fighter=f-0-hero bbox=(909,493,1011,515) mode=compact look=P1 placement=above ring=0 hardPx2=0 softPx2=0 order=4 bound=1
2026.09.30-11.34.34 TAG fighter=f-0-sk0 bbox=(1232,385,1316,407) mode=compact look=P1 placement=above ring=0 hardPx2=0 softPx2=0 order=3 bound=1
2026.09.30-11.34.34 TAG fighter=f-0-sk1 bbox=(918,264,1002,286) mode=compact look=P1 placement=above ring=0 hardPx2=0 softPx2=0 order=1 bound=1
2026.09.30-11.34.34 TAG fighter=f-0-sk2 bbox=(761,385,845,407) mode=compact look=P1 placement=above ring=0 hardPx2=0 softPx2=0 order=2 bound=1
2026.09.30-11.34.34 TAG fighter=f-1-hero bbox=(652,513,745,535) mode=compact look=P2 placement=left ring=0 hardPx2=0 softPx2=0 order=0 bound=1
2026.09.30-11.34.34 TAG fighter=f-1-sk0 bbox=(1242,507,1326,529) mode=compact look=P2 placement=above ring=0 hardPx2=0 softPx2=0 order=5 bound=1
2026.09.30-11.34.34 ICON fighter=f-1-hero bbox=(850,543,882,575) size=32 src=combat anchor=right fallback=0 overlapPx2=0 texture=/Game/ArtTests/ARTMarkers/Textures/T_UI_Action_AttackToken_32
2026.09.30-11.34.34 game -> room=cmuo11ar100ubwiwwv3dxqwgm code=<redacted> status=IN_PROGRESS
2026.09.30-11.34.34 SNAPSHOT applied seq=91 phase=COMBAT_RESOLVE
2026.09.30-11.34.34 HANDLE_APPLIED #133 seq=91 decision=2 fightersValid=1 boardValid=1
2026.09.30-11.34.34 ARTPREVIEW anim fighter=f-0-hero clip=LungeAttack len=0.583 event=attack loop=0 phase=0.0000 seq=91 asset=AM_Medusa_LungeAttack
2026.09.30-11.34.34 closed mode=
2026.09.30-11.34.34 MODE seq=91 mode=5 combat=1 pending=0
2026.09.30-11.34.34 HUD seq=91 phase=COMBAT_RESOLVE turn=opp hand=6 oppHand=6(hidden) oppDeck=9~ deck=7~ discard=17
2026.09.30-11.34.34 ARTPREVIEW fighter=Medusa hero=1 eligible=0 visual=1 mesh=SK_Medusa_H2LD
2026.09.30-11.34.34 FIGHTERS synced n=6 alive=6 own=2 enemy=4
2026.09.30-11.34.34 WS seq=91 phase=COMBAT_RESOLVE (apply)
2026.09.30-11.34.34 TAG fighter=f-0-hero bbox=(909,493,1011,515) mode=compact look=P1 placement=above ring=0 hardPx2=0 softPx2=0 order=4 bound=1
2026.09.30-11.34.34 TAG fighter=f-0-sk0 bbox=(1232,385,1316,407) mode=compact look=P1 placement=above ring=0 hardPx2=0 softPx2=0 order=3 bound=1
2026.09.30-11.34.34 TAG fighter=f-0-sk1 bbox=(918,264,1002,286) mode=compact look=P1 placement=above ring=0 hardPx2=0 softPx2=0 order=1 bound=1
2026.09.30-11.34.34 TAG fighter=f-0-sk2 bbox=(761,385,845,407) mode=compact look=P1 placement=above ring=0 hardPx2=0 softPx2=0 order=2 bound=1
2026.09.30-11.34.34 TAG fighter=f-1-hero bbox=(652,513,745,535) mode=compact look=P2 placement=left ring=0 hardPx2=0 softPx2=0 order=0 bound=1
2026.09.30-11.34.34 TAG fighter=f-1-sk0 bbox=(1242,507,1326,529) mode=compact look=P2 placement=above ring=0 hardPx2=0 softPx2=0 order=5 bound=1
2026.09.30-11.34.34 ICON fighter=f-1-hero bbox=(850,543,882,575) size=32 src=combat anchor=right fallback=0 overlapPx2=0 texture=/Game/ArtTests/ARTMarkers/Textures/T_UI_Action_AttackToken_32
2026.09.30-11.34.34 SNAPSHOT applied seq=91 phase=COMBAT_RESOLVE
2026.09.30-11.34.34 HANDLE_APPLIED #134 seq=91 decision=1 fightersValid=1 boardValid=1
2026.09.30-11.34.34 MODE seq=91 mode=5 combat=1 pending=0
2026.09.30-11.34.34 HUD seq=91 phase=COMBAT_RESOLVE turn=opp hand=6 oppHand=6(hidden) oppDeck=9 deck=7 discard=17
2026.09.30-11.34.34 ARTPREVIEW fighter=Medusa hero=1 eligible=0 visual=1 mesh=SK_Medusa_H2LD
2026.09.30-11.34.34 FIGHTERS synced n=6 alive=6 own=2 enemy=4
2026.09.30-11.34.34 DEFENSE done seq=91 (merge) phase=COMBAT_RESOLVE
2026.09.30-11.34.34 S09AUTO drive mode=5 plan=[defend+resolve] phase=COMBAT_RESOLVE turn=cmukie55u0000wiao06h107t9
2026.09.30-11.34.34 S09AUTO resolve
2026.09.30-11.34.34 RESOLVE sent
2026.09.30-11.34.34 SNAPSHOT applied seq=92 phase=COMBAT_RESOLVE
2026.09.30-11.34.34 HANDLE_APPLIED #135 seq=92 decision=2 fightersValid=1 boardValid=1
2026.09.30-11.34.34 MODE seq=92 mode=5 combat=1 pending=1
2026.09.30-11.34.34 HUD seq=92 phase=COMBAT_RESOLVE turn=opp hand=6 oppHand=6(hidden) oppDeck=9 deck=7 discard=17
2026.09.30-11.34.34 RESOLVE panel revealed: A3+B0 vs D3
2026.09.30-11.34.34 RESOLVE panel blocked by pending (type=BOOST_CHOICE id=cmuhgvgkf00smwi9gaeymh3ur-during-0-boost-91)
2026.09.30-11.34.34 ARTPREVIEW fighter=Medusa hero=1 eligible=0 visual=1 mesh=SK_Medusa_H2LD
2026.09.30-11.34.34 FIGHTERS synced n=6 alive=6 own=2 enemy=4
2026.09.30-11.34.34 RESOLVE done seq=92 (apply) phase=COMBAT_RESOLVE
2026.09.30-11.34.34 SNAPSHOT applied seq=92 phase=COMBAT_RESOLVE
2026.09.30-11.34.34 HANDLE_APPLIED #136 seq=92 decision=1 fightersValid=1 boardValid=1
2026.09.30-11.34.34 MODE seq=92 mode=5 combat=1 pending=1
2026.09.30-11.34.34 HUD seq=92 phase=COMBAT_RESOLVE turn=opp hand=6 oppHand=6(hidden) oppDeck=9 deck=7 discard=17
2026.09.30-11.34.34 ARTPREVIEW fighter=Medusa hero=1 eligible=0 visual=1 mesh=SK_Medusa_H2LD
2026.09.30-11.34.34 FIGHTERS synced n=6 alive=6 own=2 enemy=4
2026.09.30-11.34.34 WS seq=92 phase=COMBAT_RESOLVE (merge)
2026.09.30-11.34.34 S09AUTO resolve-blocked shot (type=BOOST_CHOICE)
2026.09.30-11.34.34 SHOT ctx viewport=1920x1080 viewTarget=CameraActor_2147482348 cam=(0,1107,1582) rot=(-55,-90,0)
2026.09.30-11.34.34 RENDER tag=SHOT rhi=D3D12 featureLevel=SM6 shaderPlatform=PCD3D_SM6 lumenPlatform=1 gi=lumen giMethod=1 refl=lumen reflMethod=1 shadows=csm vsmEnable=0 sg.res=100 sg.view=2 sg.aa=2 sg.shadow=2 sg.gi=2 sg.refl=2 sg.pp=2 sg.tex=2 sg.fx=2 sg.foliage=2 sg.shading=2 sg.landscape=2 preset=High screenPct=100.0 screenPctMode=0 aa=TSR aaMethod=4 exposure=fixed-histogram expMin=4.14106 expMax=4.14106 expBias=0.000 ev100=2.05 lightUnits=candelas sky=1 skyIntensity=11.200 keyShadow=csm-3000uu-2c-contact0.000 shadowCasters=1 profile=cobble-probe profilesSha256=1ecc1e9281845655acf8b31f1dcf52a7510abfc8ba8505525ad72ee8f4ce3c4c profilesSource=pak legacyRender=0 gameLayer=unlit-eyeadaptinv tMaxFPS=30.0 vsync=0 frameRateLimit=60.0 substrate=0 nanite=1 meshDF=1 viewport=1920x1080 reference=1
2026.09.30-11.34.34 SHOT fighter f-0-hero pos=(2,3) world=(0,50,0) screen=(960,606) projected=1 alive=1
2026.09.30-11.34.34 SHOT fighter f-0-sk0 pos=(4,2) world=(200,-50,0) screen=(1271,476) projected=1 alive=1
2026.09.30-11.34.34 SHOT fighter f-0-sk1 pos=(2,1) world=(0,-150,0) screen=(960,355) projected=1 alive=1
2026.09.30-11.34.34 SHOT fighter f-0-sk2 pos=(1,2) world=(-100,-50,0) screen=(805,476) projected=1 alive=1
2026.09.30-11.34.34 SHOT fighter f-1-hero pos=(1,3) world=(-100,50,0) screen=(800,606) projected=1 alive=1
2026.09.30-11.34.34 SHOT fighter f-1-sk0 pos=(4,3) world=(200,50,0) screen=(1280,606) projected=1 alive=1
2026.09.30-11.34.34 SHOT camera dist=1930.8 target=1930.8 overview=1930.8 errPct=0.000 focusErr=0.00 settled=1 zoom=1.00
2026.09.30-11.34.34 SHOT head fighter=f-0-hero socket=Head mesh=SK_Medusa_H2LD world=(0.4,49.8,47.0) screen=(960.6,562.6) top=(960.6,557.0) bottom=(960.6,568.2) headPx=11.1 projected=1
2026.09.30-11.34.34 SHOT head fighter=f-0-sk0 socket=Head mesh=SK_Harpy_H3LD world=(199.3,-44.7,34.0) screen=(1274.7,451.4) top=(1275.5,445.8) bottom=(1273.9,457.1) headPx=11.4 projected=1
2026.09.30-11.34.34 SHOT head fighter=f-0-sk1 socket=Head mesh=SK_Harpy_H3LD world=(-0.1,-144.7,33.9) screen=(959.8,328.4) top=(959.8,322.6) bottom=(959.8,334.2) headPx=11.6 projected=1
2026.09.30-11.34.34 SHOT head fighter=f-0-sk2 socket=Head mesh=SK_Harpy_H3LD world=(-100.0,-44.8,34.2) screen=(802.0,451.0) top=(801.6,445.4) bottom=(802.4,456.7) headPx=11.3 projected=1
2026.09.30-11.34.34 SHOT head fighter=f-1-hero socket=Head mesh=SK_KingArthur_H2LD world=(-100.0,50.3,50.1) screen=(796.3,560.4) top=(795.9,554.8) bottom=(796.8,566.0) headPx=11.2 projected=1
2026.09.30-11.34.34 SHOT head fighter=f-1-sk0 socket=Head mesh=SK_Merlin_H2LD world=(200.2,47.3,36.7) screen=(1285.4,568.8) top=(1286.3,563.2) bottom=(1284.5,574.3) headPx=11.2 projected=1
2026.09.30-11.34.34 SHOT figure fighter=f-0-hero bbox=(913,517,1007,644) ringR=28.50 art=1 blockout=0 team=P1 look=P1 ring=1
2026.09.30-11.34.34 SHOT figure fighter=f-0-sk0 bbox=(1234,409,1314,504) ringR=22.23 art=1 blockout=0 team=P1 look=P1 ring=1
2026.09.30-11.34.34 SHOT figure fighter=f-0-sk1 bbox=(926,288,994,381) ringR=22.23 art=1 blockout=0 team=P1 look=P1 ring=1
2026.09.30-11.34.34 SHOT figure fighter=f-0-sk2 bbox=(765,409,840,504) ringR=22.23 art=1 blockout=0 team=P1 look=P1 ring=1
2026.09.30-11.34.34 SHOT figure fighter=f-1-hero bbox=(747,513,847,644) ringR=28.50 art=1 blockout=0 team=P2 look=P2 ring=1
2026.09.30-11.34.34 SHOT figure fighter=f-1-sk0 bbox=(1243,531,1326,635) ringR=22.23 art=1 blockout=0 team=P2 look=P2 ring=1
2026.09.30-11.34.34 SHOT request file=s09-resolve-blocked-BOOST_CHOICE.png frame=1862
2026.09.30-11.34.34 SHOT requested: FScreenshotRequest(bShowUI) -> C:\Users\ren\AppData\Local\Temp\s09-combat-20260930-163323-20236\joiner/s09-resolve-blocked-BOOST_CHOICE.png
2026.09.30-11.34.34 ARTPREVIEW anim fighter=f-1-hero clip=Idle len=2.500 event=clipFinished loop=1 phase=0.3470 seq=-1 asset=AM_KingArthur_Idle
2026.09.30-11.34.34 SHOT captured file=s09-resolve-blocked-BOOST_CHOICE.png frame=1862 px=1920x1080 sha256=c025389b1992bc0b7232308175bd707d2f63b11cf6c467b851f99ae71a772722 order=BGRA saved=1
2026.09.30-11.34.34 SHOT late begin file=s09-resolve-blocked-BOOST_CHOICE.png frame=1862 requestFrame=1862
2026.09.30-11.34.34 SHOT icon fighter=f-1-hero bbox=(850,543,882,575) size=32 src=combat planned=(850,543,882,575) geom=painted visible=1 anchor=right fallback=0 overlapPx2=0 texture=/Game/ArtTests/ARTMarkers/Textures/T_UI_Action_AttackToken_32 frame=1862
2026.09.30-11.34.34 SHOT widget id=icon impl=umg state=combat fighter=f-1-hero bbox=(850,543,882,575) geom=painted visible=1 twin=0 source=/Game/S08/UI/ArtHud/WBP_S08ArtIcon frame=1862
2026.09.30-11.34.34 SHOT widget id=board.tag impl=umg state=compact fighter=f-0-hero bbox=(909,493,1011,515) geom=painted visible=1 twin=0 source=/Game/S08/UI/ArtHud/WBP_S08ArtTag mode=compact look=P1 shape=circle placement=above ring=0 order=4 bound=1 softPx2=0 planned=(909,493,1011,515) frame=1862
2026.09.30-11.34.34 SHOT widget id=board.tag.hp impl=umg state=compact fighter=f-0-hero bbox=(965,495,1007,513) geom=painted visible=1 twin=0 source=/Game/S08/UI/ArtHud/WBP_S08ArtTag mode=compact look=P1 shape=circle placement=above ring=0 order=4 bound=1 softPx2=0 planned=(909,493,1011,515) frame=1862 font=11
2026.09.30-11.34.34 SHOT widget id=board.tag.bar impl=umg state=compact fighter=f-0-hero bbox=(928,502,962,507) geom=painted visible=1 twin=0 source=/Game/S08/UI/ArtHud/WBP_S08ArtTag mode=compact look=P1 shape=circle placement=above ring=0 order=4 bound=1 softPx2=0 planned=(909,493,1011,515) frame=1862
2026.09.30-11.34.34 SHOT widget id=board.tag.chip impl=umg state=compact fighter=f-0-hero bbox=(913,498,925,510) geom=painted visible=1 twin=0 source=/Game/S08/UI/ArtHud/WBP_S08ArtTag mode=compact look=P1 shape=circle placement=above ring=0 order=4 bound=1 softPx2=0 planned=(909,493,1011,515) frame=1862
2026.09.30-11.34.34 SHOT widget id=board.tag impl=umg state=compact fighter=f-0-sk0 bbox=(1232,385,1316,407) geom=painted visible=1 twin=0 source=/Game/S08/UI/ArtHud/WBP_S08ArtTag mode=compact look=P1 shape=circle placement=above ring=0 order=3 bound=1 softPx2=0 planned=(1232,385,1316,407) frame=1862
2026.09.30-11.34.34 SHOT widget id=board.tag.hp impl=umg state=compact fighter=f-0-sk0 bbox=(1288,387,1312,405) geom=painted visible=1 twin=0 source=/Game/S08/UI/ArtHud/WBP_S08ArtTag mode=compact look=P1 shape=circle placement=above ring=0 order=3 bound=1 softPx2=0 planned=(1232,385,1316,407) frame=1862 font=11
2026.09.30-11.34.34 SHOT widget id=board.tag.bar impl=umg state=compact fighter=f-0-sk0 bbox=(1251,394,1285,399) geom=painted visible=1 twin=0 source=/Game/S08/UI/ArtHud/WBP_S08ArtTag mode=compact look=P1 shape=circle placement=above ring=0 order=3 bound=1 softPx2=0 planned=(1232,385,1316,407) frame=1862
2026.09.30-11.34.34 SHOT widget id=board.tag.chip impl=umg state=compact fighter=f-0-sk0 bbox=(1236,390,1248,402) geom=painted visible=1 twin=0 source=/Game/S08/UI/ArtHud/WBP_S08ArtTag mode=compact look=P1 shape=circle placement=above ring=0 order=3 bound=1 softPx2=0 planned=(1232,385,1316,407) frame=1862
2026.09.30-11.34.34 SHOT widget id=board.tag impl=umg state=compact fighter=f-0-sk1 bbox=(918,264,1002,286) geom=painted visible=1 twin=0 source=/Game/S08/UI/ArtHud/WBP_S08ArtTag mode=compact look=P1 shape=circle placement=above ring=0 order=1 bound=1 softPx2=0 planned=(918,264,1002,286) frame=1862
2026.09.30-11.34.34 SHOT widget id=board.tag.hp impl=umg state=compact fighter=f-0-sk1 bbox=(974,266,998,284) geom=painted visible=1 twin=0 source=/Game/S08/UI/ArtHud/WBP_S08ArtTag mode=compact look=P1 shape=circle placement=above ring=0 order=1 bound=1 softPx2=0 planned=(918,264,1002,286) frame=1862 font=11
2026.09.30-11.34.34 SHOT widget id=board.tag.bar impl=umg state=compact fighter=f-0-sk1 bbox=(937,273,971,278) geom=painted visible=1 twin=0 source=/Game/S08/UI/ArtHud/WBP_S08ArtTag mode=compact look=P1 shape=circle placement=above ring=0 order=1 bound=1 softPx2=0 planned=(918,264,1002,286) frame=1862
2026.09.30-11.34.34 SHOT widget id=board.tag.chip impl=umg state=compact fighter=f-0-sk1 bbox=(922,269,934,281) geom=painted visible=1 twin=0 source=/Game/S08/UI/ArtHud/WBP_S08ArtTag mode=compact look=P1 shape=circle placement=above ring=0 order=1 bound=1 softPx2=0 planned=(918,264,1002,286) frame=1862
2026.09.30-11.34.34 SHOT widget id=board.tag impl=umg state=compact fighter=f-0-sk2 bbox=(761,385,845,407) geom=painted visible=1 twin=0 source=/Game/S08/UI/ArtHud/WBP_S08ArtTag mode=compact look=P1 shape=circle placement=above ring=0 order=2 bound=1 softPx2=0 planned=(761,385,845,407) frame=1862
2026.09.30-11.34.34 SHOT widget id=board.tag.hp impl=umg state=compact fighter=f-0-sk2 bbox=(817,387,841,405) geom=painted visible=1 twin=0 source=/Game/S08/UI/ArtHud/WBP_S08ArtTag mode=compact look=P1 shape=circle placement=above ring=0 order=2 bound=1 softPx2=0 planned=(761,385,845,407) frame=1862 font=11
2026.09.30-11.34.34 SHOT widget id=board.tag.bar impl=umg state=compact fighter=f-0-sk2 bbox=(780,394,814,399) geom=painted visible=1 twin=0 source=/Game/S08/UI/ArtHud/WBP_S08ArtTag mode=compact look=P1 shape=circle placement=above ring=0 order=2 bound=1 softPx2=0 planned=(761,385,845,407) frame=1862
2026.09.30-11.34.34 SHOT widget id=board.tag.chip impl=umg state=compact fighter=f-0-sk2 bbox=(765,390,777,402) geom=painted visible=1 twin=0 source=/Game/S08/UI/ArtHud/WBP_S08ArtTag mode=compact look=P1 shape=circle placement=above ring=0 order=2 bound=1 softPx2=0 planned=(761,385,845,407) frame=1862
2026.09.30-11.34.34 SHOT widget id=board.tag impl=umg state=compact fighter=f-1-hero bbox=(652,513,745,535) geom=painted visible=1 twin=0 source=/Game/S08/UI/ArtHud/WBP_S08ArtTag mode=compact look=P2 shape=hex placement=left ring=0 order=0 bound=1 softPx2=0 planned=(652,513,745,535) frame=1862
2026.09.30-11.34.34 SHOT widget id=board.tag.hp impl=umg state=compact fighter=f-1-hero bbox=(708,515,741,533) geom=painted visible=1 twin=0 source=/Game/S08/UI/ArtHud/WBP_S08ArtTag mode=compact look=P2 shape=hex placement=left ring=0 order=0 bound=1 softPx2=0 planned=(652,513,745,535) frame=1862 font=11
2026.09.30-11.34.34 SHOT widget id=board.tag.bar impl=umg state=compact fighter=f-1-hero bbox=(671,522,705,527) geom=painted visible=1 twin=0 source=/Game/S08/UI/ArtHud/WBP_S08ArtTag mode=compact look=P2 shape=hex placement=left ring=0 order=0 bound=1 softPx2=0 planned=(652,513,745,535) frame=1862
2026.09.30-11.34.34 SHOT widget id=board.tag.chip impl=umg state=compact fighter=f-1-hero bbox=(656,518,668,530) geom=painted visible=1 twin=0 source=/Game/S08/UI/ArtHud/WBP_S08ArtTag mode=compact look=P2 shape=hex placement=left ring=0 order=0 bound=1 softPx2=0 planned=(652,513,745,535) frame=1862
2026.09.30-11.34.34 SHOT widget id=board.tag impl=umg state=compact fighter=f-1-sk0 bbox=(1242,507,1326,529) geom=painted visible=1 twin=0 source=/Game/S08/UI/ArtHud/WBP_S08ArtTag mode=compact look=P2 shape=hex placement=above ring=0 order=5 bound=1 softPx2=0 planned=(1242,507,1326,529) frame=1862
2026.09.30-11.34.34 SHOT widget id=board.tag.hp impl=umg state=compact fighter=f-1-sk0 bbox=(1298,509,1322,527) geom=painted visible=1 twin=0 source=/Game/S08/UI/ArtHud/WBP_S08ArtTag mode=compact look=P2 shape=hex placement=above ring=0 order=5 bound=1 softPx2=0 planned=(1242,507,1326,529) frame=1862 font=11
2026.09.30-11.34.34 SHOT widget id=board.tag.bar impl=umg state=compact fighter=f-1-sk0 bbox=(1261,516,1295,521) geom=painted visible=1 twin=0 source=/Game/S08/UI/ArtHud/WBP_S08ArtTag mode=compact look=P2 shape=hex placement=above ring=0 order=5 bound=1 softPx2=0 planned=(1242,507,1326,529) frame=1862
2026.09.30-11.34.34 SHOT widget id=board.tag.chip impl=umg state=compact fighter=f-1-sk0 bbox=(1246,512,1258,524) geom=painted visible=1 twin=0 source=/Game/S08/UI/ArtHud/WBP_S08ArtTag mode=compact look=P2 shape=hex placement=above ring=0 order=5 bound=1 softPx2=0 planned=(1242,507,1326,529) frame=1862
2026.09.30-11.34.34 SHOT widget id=board.damage impl=umg state=damage fighter=f-1-hero bbox=(679,483,719,511) geom=painted visible=1 twin=0 source=/Game/S08/UI/ArtHud/WBP_S08ArtDamage amount=2 seq=89 placement=above_ring=0_hardPx2=0_softPx2=0 stableFrames=12 planned=(679,483,719,511) frame=1862
2026.09.30-11.34.34 SHOT widget id=board.damage.text impl=umg state=damage fighter=f-1-hero bbox=(687,483,711,511) geom=painted visible=1 twin=0 source=/Game/S08/UI/ArtHud/WBP_S08ArtDamage amount=2 seq=89 placement=above_ring=0_hardPx2=0_softPx2=0 stableFrames=12 planned=(679,483,719,511) frame=1862 font=18
2026.09.30-11.34.34 SHOT damage fighter=f-1-hero bbox=(679,483,719,511) frame=1862
2026.09.30-11.34.34 SHOT panel id=hud.command bbox=(0,0,698,278) geom=painted visible=1 frame=1862
2026.09.30-11.34.34 SHOT panel id=hud.side bbox=(1431,0,1920,121) geom=painted visible=1 frame=1862
2026.09.30-11.34.34 SHOT panel id=hud.hand bbox=(277,985,1644,1080) geom=painted visible=1 frame=1862
2026.09.30-11.34.34 SHOT late end file=s09-resolve-blocked-BOOST_CHOICE.png frame=1862
2026.09.30-11.34.34 TAG fighter=f-0-hero bbox=(909,493,1011,515) mode=compact look=P1 placement=above ring=0 hardPx2=0 softPx2=0 order=4 bound=1
2026.09.30-11.34.34 TAG fighter=f-0-sk0 bbox=(1232,385,1316,407) mode=compact look=P1 placement=above ring=0 hardPx2=0 softPx2=0 order=3 bound=1
2026.09.30-11.34.34 TAG fighter=f-0-sk1 bbox=(918,264,1002,286) mode=compact look=P1 placement=above ring=0 hardPx2=0 softPx2=0 order=1 bound=1
2026.09.30-11.34.34 TAG fighter=f-0-sk2 bbox=(761,385,845,407) mode=compact look=P1 placement=above ring=0 hardPx2=0 softPx2=0 order=2 bound=1
2026.09.30-11.34.34 TAG fighter=f-1-hero bbox=(652,513,745,535) mode=compact look=P2 placement=left ring=0 hardPx2=0 softPx2=0 order=0 bound=1
2026.09.30-11.34.34 TAG fighter=f-1-sk0 bbox=(1242,507,1326,529) mode=compact look=P2 placement=above ring=0 hardPx2=0 softPx2=0 order=5 bound=1
2026.09.30-11.34.34 ICON fighter=f-1-hero bbox=(850,543,882,575) size=32 src=combat anchor=right fallback=0 overlapPx2=0 texture=/Game/ArtTests/ARTMarkers/Textures/T_UI_Action_AttackToken_32
2026.09.30-11.34.35 ARTPREVIEW anim fighter=f-0-hero clip=Idle len=2.333 event=clipFinished loop=1 phase=0.8071 seq=-1 asset=AM_Medusa_Idle
2026.09.30-11.34.35 TAG fighter=f-0-hero bbox=(909,493,1011,515) mode=compact look=P1 placement=above ring=0 hardPx2=0 softPx2=0 order=4 bound=1
2026.09.30-11.34.35 TAG fighter=f-0-sk0 bbox=(1232,385,1316,407) mode=compact look=P1 placement=above ring=0 hardPx2=0 softPx2=0 order=3 bound=1
2026.09.30-11.34.35 TAG fighter=f-0-sk1 bbox=(918,264,1002,286) mode=compact look=P1 placement=above ring=0 hardPx2=0 softPx2=0 order=1 bound=1
2026.09.30-11.34.35 TAG fighter=f-0-sk2 bbox=(761,385,845,407) mode=compact look=P1 placement=above ring=0 hardPx2=0 softPx2=0 order=2 bound=1
2026.09.30-11.34.35 TAG fighter=f-1-hero bbox=(652,513,745,535) mode=compact look=P2 placement=left ring=0 hardPx2=0 softPx2=0 order=0 bound=1
2026.09.30-11.34.35 TAG fighter=f-1-sk0 bbox=(1242,507,1326,529) mode=compact look=P2 placement=above ring=0 hardPx2=0 softPx2=0 order=5 bound=1
2026.09.30-11.34.35 ICON fighter=f-1-hero bbox=(850,543,882,575) size=32 src=combat anchor=right fallback=0 overlapPx2=0 texture=/Game/ArtTests/ARTMarkers/Textures/T_UI_Action_AttackToken_32
2026.09.30-11.34.36 PERF window t=60.2-65.2 frames=146 fps=29.17 frameMs avg=34.28 p50=33.33 p95=33.33 p99=33.35 max=172.00 hitches50=1 gpuMs avg=1.91 p50=1.89 p95=2.06 gameMs avg=4.34 p95=16.08 renderMs avg=3.32 p95=4.41
2026.09.30-11.34.37 game -> room=cmuo11ar100ubwiwwv3dxqwgm code=<redacted> status=IN_PROGRESS
2026.09.30-11.34.38 SNAPSHOT applied seq=93 phase=COMBAT_RESOLVE
2026.09.30-11.34.38 HANDLE_APPLIED #137 seq=93 decision=2 fightersValid=1 boardValid=1
2026.09.30-11.34.38 closed mode=
2026.09.30-11.34.38 MODE seq=93 mode=6 combat=1 pending=1
2026.09.30-11.34.38 HUD seq=93 phase=COMBAT_RESOLVE turn=opp hand=6 oppHand=5(hidden) oppDeck=9~ deck=7~ discard=17
2026.09.30-11.34.38 PENDING panel revealed: attack A3+B3 vs D3
2026.09.30-11.34.38 ARTPREVIEW fighter=Medusa hero=1 eligible=0 visual=1 mesh=SK_Medusa_H2LD
2026.09.30-11.34.38 FIGHTERS synced n=6 alive=6 own=2 enemy=4
2026.09.30-11.34.38 ARTPREVIEW damage-number fighter=f-1-hero amount=3 seq=93 cell=(1,3)
2026.09.30-11.34.38 ARTPREVIEW anim fighter=f-1-hero clip=HitReact len=0.417 event=damaged loop=0 phase=0.0000 seq=93 asset=AM_KingArthur_HitReact
2026.09.30-11.34.38 CUE damage f-1-hero -3 seq=93
2026.09.30-11.34.38 WS seq=93 phase=COMBAT_RESOLVE (apply)
2026.09.30-11.34.38 S09AUTO drive mode=6 plan=[defend+resolve] phase=COMBAT_RESOLVE turn=cmukie55u0000wiao06h107t9
2026.09.30-11.34.38 S09AUTO pending-open shot (type=MOVE stage=0 mode=)
2026.09.30-11.34.38 SHOT ctx viewport=1920x1080 viewTarget=CameraActor_2147482348 cam=(0,1107,1582) rot=(-55,-90,0)
2026.09.30-11.34.38 RENDER tag=SHOT rhi=D3D12 featureLevel=SM6 shaderPlatform=PCD3D_SM6 lumenPlatform=1 gi=lumen giMethod=1 refl=lumen reflMethod=1 shadows=csm vsmEnable=0 sg.res=100 sg.view=2 sg.aa=2 sg.shadow=2 sg.gi=2 sg.refl=2 sg.pp=2 sg.tex=2 sg.fx=2 sg.foliage=2 sg.shading=2 sg.landscape=2 preset=High screenPct=100.0 screenPctMode=0 aa=TSR aaMethod=4 exposure=fixed-histogram expMin=4.14106 expMax=4.14106 expBias=0.000 ev100=2.05 lightUnits=candelas sky=1 skyIntensity=11.200 keyShadow=csm-3000uu-2c-contact0.000 shadowCasters=1 profile=cobble-probe profilesSha256=1ecc1e9281845655acf8b31f1dcf52a7510abfc8ba8505525ad72ee8f4ce3c4c profilesSource=pak legacyRender=0 gameLayer=unlit-eyeadaptinv tMaxFPS=30.0 vsync=0 frameRateLimit=60.0 substrate=0 nanite=1 meshDF=1 viewport=1920x1080 reference=1
2026.09.30-11.34.38 SHOT fighter f-0-hero pos=(2,3) world=(0,50,0) screen=(960,606) projected=1 alive=1
2026.09.30-11.34.38 SHOT fighter f-0-sk0 pos=(4,2) world=(200,-50,0) screen=(1271,476) projected=1 alive=1
2026.09.30-11.34.38 SHOT fighter f-0-sk1 pos=(2,1) world=(0,-150,0) screen=(960,355) projected=1 alive=1
2026.09.30-11.34.38 SHOT fighter f-0-sk2 pos=(1,2) world=(-100,-50,0) screen=(805,476) projected=1 alive=1
2026.09.30-11.34.38 SHOT fighter f-1-hero pos=(1,3) world=(-100,50,0) screen=(800,606) projected=1 alive=1
2026.09.30-11.34.38 SHOT fighter f-1-sk0 pos=(4,3) world=(200,50,0) screen=(1280,606) projected=1 alive=1
2026.09.30-11.34.38 SHOT camera dist=1930.8 target=1930.8 overview=1930.8 errPct=0.000 focusErr=0.00 settled=1 zoom=1.00
2026.09.30-11.34.38 SHOT head fighter=f-0-hero socket=Head mesh=SK_Medusa_H2LD world=(-0.4,48.8,47.1) screen=(959.3,561.1) top=(959.3,555.6) bottom=(959.3,566.7) headPx=11.1 projected=1
2026.09.30-11.34.38 SHOT head fighter=f-0-sk0 socket=Head mesh=SK_Harpy_H3LD world=(199.4,-44.7,34.0) screen=(1274.8,451.4) top=(1275.6,445.7) bottom=(1274.0,457.0) headPx=11.4 projected=1
2026.09.30-11.34.38 SHOT head fighter=f-0-sk1 socket=Head mesh=SK_Harpy_H3LD world=(-0.0,-144.6,34.0) screen=(960.0,328.5) top=(960.0,322.7) bottom=(960.0,334.3) headPx=11.6 projected=1
2026.09.30-11.34.38 SHOT head fighter=f-0-sk2 socket=Head mesh=SK_Harpy_H3LD world=(-100.2,-45.0,34.3) screen=(801.9,450.8) top=(801.5,445.1) bottom=(802.3,456.5) headPx=11.4 projected=1
2026.09.30-11.34.38 SHOT head fighter=f-1-hero socket=Head mesh=SK_KingArthur_H2LD world=(-100.1,50.3,50.1) screen=(796.2,560.4) top=(795.8,554.8) bottom=(796.6,566.0) headPx=11.2 projected=1
2026.09.30-11.34.38 SHOT head fighter=f-1-sk0 socket=Head mesh=SK_Merlin_H2LD world=(199.8,46.9,36.5) screen=(1284.6,568.4) top=(1285.5,562.9) bottom=(1283.8,573.9) headPx=11.2 projected=1
2026.09.30-11.34.38 SHOT figure fighter=f-0-hero bbox=(913,517,1007,644) ringR=28.50 art=1 blockout=0 team=P1 look=P1 ring=1
2026.09.30-11.34.38 SHOT figure fighter=f-0-sk0 bbox=(1234,409,1314,504) ringR=22.23 art=1 blockout=0 team=P1 look=P1 ring=1
2026.09.30-11.34.38 SHOT figure fighter=f-0-sk1 bbox=(926,288,994,381) ringR=22.23 art=1 blockout=0 team=P1 look=P1 ring=1
2026.09.30-11.34.38 SHOT figure fighter=f-0-sk2 bbox=(765,409,840,504) ringR=22.23 art=1 blockout=0 team=P1 look=P1 ring=1
2026.09.30-11.34.38 SHOT figure fighter=f-1-hero bbox=(747,513,847,644) ringR=28.50 art=1 blockout=0 team=P2 look=P2 ring=1
2026.09.30-11.34.38 SHOT figure fighter=f-1-sk0 bbox=(1243,531,1326,635) ringR=22.23 art=1 blockout=0 team=P2 look=P2 ring=1
2026.09.30-11.34.38 SHOT request file=s09-pending-MOVE.png frame=1981
2026.09.30-11.34.38 SHOT requested: FScreenshotRequest(bShowUI) -> C:\Users\ren\AppData\Local\Temp\s09-combat-20260930-163323-20236\joiner/s09-pending-MOVE.png
2026.09.30-11.34.38 TAG fighter=f-0-hero bbox=(909,493,1011,515) mode=compact look=P1 placement=above ring=0 hardPx2=0 softPx2=0 order=4 bound=1
2026.09.30-11.34.38 TAG fighter=f-0-sk0 bbox=(1232,385,1316,407) mode=compact look=P1 placement=above ring=0 hardPx2=0 softPx2=0 order=3 bound=1
2026.09.30-11.34.38 TAG fighter=f-0-sk1 bbox=(918,264,1002,286) mode=compact look=P1 placement=above ring=0 hardPx2=0 softPx2=0 order=1 bound=1
2026.09.30-11.34.38 TAG fighter=f-0-sk2 bbox=(761,385,845,407) mode=compact look=P1 placement=above ring=0 hardPx2=0 softPx2=0 order=2 bound=1
2026.09.30-11.34.38 TAG fighter=f-1-hero bbox=(652,513,745,535) mode=compact look=P2 placement=left ring=0 hardPx2=0 softPx2=0 order=0 bound=1
2026.09.30-11.34.38 TAG fighter=f-1-sk0 bbox=(1242,507,1326,529) mode=compact look=P2 placement=above ring=0 hardPx2=0 softPx2=0 order=5 bound=1
2026.09.30-11.34.38 ICON fighter=f-1-hero bbox=(850,543,882,575) size=32 src=combat anchor=right fallback=0 overlapPx2=0 texture=/Game/ArtTests/ARTMarkers/Textures/T_UI_Action_AttackToken_32
2026.09.30-11.34.38 DAMAGE fighter=f-1-hero bbox=(679,483,719,511) amount=3 seq=93 placement=above ring=0 hardPx2=0 softPx2=0
2026.09.30-11.34.38 SHOT captured file=s09-pending-MOVE.png frame=1981 px=1920x1080 sha256=7af67364bdd0220e0a4b66b906294f567aaa3684098e200fcbd5014d70bc667a order=BGRA saved=1
2026.09.30-11.34.38 SHOT late begin file=s09-pending-MOVE.png frame=1981 requestFrame=1981
2026.09.30-11.34.38 SHOT icon fighter=f-1-hero bbox=(850,543,882,575) size=32 src=combat planned=(850,543,882,575) geom=painted visible=1 anchor=right fallback=0 overlapPx2=0 texture=/Game/ArtTests/ARTMarkers/Textures/T_UI_Action_AttackToken_32 frame=1981
2026.09.30-11.34.38 SHOT widget id=icon impl=umg state=combat fighter=f-1-hero bbox=(850,543,882,575) geom=painted visible=1 twin=0 source=/Game/S08/UI/ArtHud/WBP_S08ArtIcon frame=1981
2026.09.30-11.34.38 SHOT widget id=board.tag impl=umg state=compact fighter=f-0-hero bbox=(909,493,1011,515) geom=painted visible=1 twin=0 source=/Game/S08/UI/ArtHud/WBP_S08ArtTag mode=compact look=P1 shape=circle placement=above ring=0 order=4 bound=1 softPx2=0 planned=(909,493,1011,515) frame=1981
2026.09.30-11.34.38 SHOT widget id=board.tag.hp impl=umg state=compact fighter=f-0-hero bbox=(965,495,1007,513) geom=painted visible=1 twin=0 source=/Game/S08/UI/ArtHud/WBP_S08ArtTag mode=compact look=P1 shape=circle placement=above ring=0 order=4 bound=1 softPx2=0 planned=(909,493,1011,515) frame=1981 font=11
2026.09.30-11.34.38 SHOT widget id=board.tag.bar impl=umg state=compact fighter=f-0-hero bbox=(928,502,962,507) geom=painted visible=1 twin=0 source=/Game/S08/UI/ArtHud/WBP_S08ArtTag mode=compact look=P1 shape=circle placement=above ring=0 order=4 bound=1 softPx2=0 planned=(909,493,1011,515) frame=1981
2026.09.30-11.34.38 SHOT widget id=board.tag.chip impl=umg state=compact fighter=f-0-hero bbox=(913,498,925,510) geom=painted visible=1 twin=0 source=/Game/S08/UI/ArtHud/WBP_S08ArtTag mode=compact look=P1 shape=circle placement=above ring=0 order=4 bound=1 softPx2=0 planned=(909,493,1011,515) frame=1981
2026.09.30-11.34.38 SHOT widget id=board.tag impl=umg state=compact fighter=f-0-sk0 bbox=(1232,385,1316,407) geom=painted visible=1 twin=0 source=/Game/S08/UI/ArtHud/WBP_S08ArtTag mode=compact look=P1 shape=circle placement=above ring=0 order=3 bound=1 softPx2=0 planned=(1232,385,1316,407) frame=1981
2026.09.30-11.34.38 SHOT widget id=board.tag.hp impl=umg state=compact fighter=f-0-sk0 bbox=(1288,387,1312,405) geom=painted visible=1 twin=0 source=/Game/S08/UI/ArtHud/WBP_S08ArtTag mode=compact look=P1 shape=circle placement=above ring=0 order=3 bound=1 softPx2=0 planned=(1232,385,1316,407) frame=1981 font=11
2026.09.30-11.34.38 SHOT widget id=board.tag.bar impl=umg state=compact fighter=f-0-sk0 bbox=(1251,394,1285,399) geom=painted visible=1 twin=0 source=/Game/S08/UI/ArtHud/WBP_S08ArtTag mode=compact look=P1 shape=circle placement=above ring=0 order=3 bound=1 softPx2=0 planned=(1232,385,1316,407) frame=1981
2026.09.30-11.34.38 SHOT widget id=board.tag.chip impl=umg state=compact fighter=f-0-sk0 bbox=(1236,390,1248,402) geom=painted visible=1 twin=0 source=/Game/S08/UI/ArtHud/WBP_S08ArtTag mode=compact look=P1 shape=circle placement=above ring=0 order=3 bound=1 softPx2=0 planned=(1232,385,1316,407) frame=1981
2026.09.30-11.34.38 SHOT widget id=board.tag impl=umg state=compact fighter=f-0-sk1 bbox=(918,264,1002,286) geom=painted visible=1 twin=0 source=/Game/S08/UI/ArtHud/WBP_S08ArtTag mode=compact look=P1 shape=circle placement=above ring=0 order=1 bound=1 softPx2=0 planned=(918,264,1002,286) frame=1981
2026.09.30-11.34.38 SHOT widget id=board.tag.hp impl=umg state=compact fighter=f-0-sk1 bbox=(974,266,998,284) geom=painted visible=1 twin=0 source=/Game/S08/UI/ArtHud/WBP_S08ArtTag mode=compact look=P1 shape=circle placement=above ring=0 order=1 bound=1 softPx2=0 planned=(918,264,1002,286) frame=1981 font=11
2026.09.30-11.34.38 SHOT widget id=board.tag.bar impl=umg state=compact fighter=f-0-sk1 bbox=(937,273,971,278) geom=painted visible=1 twin=0 source=/Game/S08/UI/ArtHud/WBP_S08ArtTag mode=compact look=P1 shape=circle placement=above ring=0 order=1 bound=1 softPx2=0 planned=(918,264,1002,286) frame=1981
2026.09.30-11.34.38 SHOT widget id=board.tag.chip impl=umg state=compact fighter=f-0-sk1 bbox=(922,269,934,281) geom=painted visible=1 twin=0 source=/Game/S08/UI/ArtHud/WBP_S08ArtTag mode=compact look=P1 shape=circle placement=above ring=0 order=1 bound=1 softPx2=0 planned=(918,264,1002,286) frame=1981
2026.09.30-11.34.38 SHOT widget id=board.tag impl=umg state=compact fighter=f-0-sk2 bbox=(761,385,845,407) geom=painted visible=1 twin=0 source=/Game/S08/UI/ArtHud/WBP_S08ArtTag mode=compact look=P1 shape=circle placement=above ring=0 order=2 bound=1 softPx2=0 planned=(761,385,845,407) frame=1981
2026.09.30-11.34.38 SHOT widget id=board.tag.hp impl=umg state=compact fighter=f-0-sk2 bbox=(817,387,841,405) geom=painted visible=1 twin=0 source=/Game/S08/UI/ArtHud/WBP_S08ArtTag mode=compact look=P1 shape=circle placement=above ring=0 order=2 bound=1 softPx2=0 planned=(761,385,845,407) frame=1981 font=11
2026.09.30-11.34.38 SHOT widget id=board.tag.bar impl=umg state=compact fighter=f-0-sk2 bbox=(780,394,814,399) geom=painted visible=1 twin=0 source=/Game/S08/UI/ArtHud/WBP_S08ArtTag mode=compact look=P1 shape=circle placement=above ring=0 order=2 bound=1 softPx2=0 planned=(761,385,845,407) frame=1981
2026.09.30-11.34.38 SHOT widget id=board.tag.chip impl=umg state=compact fighter=f-0-sk2 bbox=(765,390,777,402) geom=painted visible=1 twin=0 source=/Game/S08/UI/ArtHud/WBP_S08ArtTag mode=compact look=P1 shape=circle placement=above ring=0 order=2 bound=1 softPx2=0 planned=(761,385,845,407) frame=1981
2026.09.30-11.34.38 SHOT widget id=board.tag impl=umg state=compact fighter=f-1-hero bbox=(652,513,745,535) geom=painted visible=1 twin=0 source=/Game/S08/UI/ArtHud/WBP_S08ArtTag mode=compact look=P2 shape=hex placement=left ring=0 order=0 bound=1 softPx2=0 planned=(652,513,745,535) frame=1981
2026.09.30-11.34.38 SHOT widget id=board.tag.hp impl=umg state=compact fighter=f-1-hero bbox=(708,515,741,533) geom=painted visible=1 twin=0 source=/Game/S08/UI/ArtHud/WBP_S08ArtTag mode=compact look=P2 shape=hex placement=left ring=0 order=0 bound=1 softPx2=0 planned=(652,513,745,535) frame=1981 font=11
2026.09.30-11.34.38 SHOT widget id=board.tag.bar impl=umg state=compact fighter=f-1-hero bbox=(671,522,705,527) geom=painted visible=1 twin=0 source=/Game/S08/UI/ArtHud/WBP_S08ArtTag mode=compact look=P2 shape=hex placement=left ring=0 order=0 bound=1 softPx2=0 planned=(652,513,745,535) frame=1981
2026.09.30-11.34.38 SHOT widget id=board.tag.chip impl=umg state=compact fighter=f-1-hero bbox=(656,518,668,530) geom=painted visible=1 twin=0 source=/Game/S08/UI/ArtHud/WBP_S08ArtTag mode=compact look=P2 shape=hex placement=left ring=0 order=0 bound=1 softPx2=0 planned=(652,513,745,535) frame=1981
2026.09.30-11.34.38 SHOT widget id=board.tag impl=umg state=compact fighter=f-1-sk0 bbox=(1242,507,1326,529) geom=painted visible=1 twin=0 source=/Game/S08/UI/ArtHud/WBP_S08ArtTag mode=compact look=P2 shape=hex placement=above ring=0 order=5 bound=1 softPx2=0 planned=(1242,507,1326,529) frame=1981
2026.09.30-11.34.38 SHOT widget id=board.tag.hp impl=umg state=compact fighter=f-1-sk0 bbox=(1298,509,1322,527) geom=painted visible=1 twin=0 source=/Game/S08/UI/ArtHud/WBP_S08ArtTag mode=compact look=P2 shape=hex placement=above ring=0 order=5 bound=1 softPx2=0 planned=(1242,507,1326,529) frame=1981 font=11
2026.09.30-11.34.38 SHOT widget id=board.tag.bar impl=umg state=compact fighter=f-1-sk0 bbox=(1261,516,1295,521) geom=painted visible=1 twin=0 source=/Game/S08/UI/ArtHud/WBP_S08ArtTag mode=compact look=P2 shape=hex placement=above ring=0 order=5 bound=1 softPx2=0 planned=(1242,507,1326,529) frame=1981
2026.09.30-11.34.38 SHOT widget id=board.tag.chip impl=umg state=compact fighter=f-1-sk0 bbox=(1246,512,1258,524) geom=painted visible=1 twin=0 source=/Game/S08/UI/ArtHud/WBP_S08ArtTag mode=compact look=P2 shape=hex placement=above ring=0 order=5 bound=1 softPx2=0 planned=(1242,507,1326,529) frame=1981
2026.09.30-11.34.38 SHOT widget id=board.damage impl=umg state=damage fighter=f-1-hero bbox=(679,483,719,511) geom=painted visible=1 twin=0 source=/Game/S08/UI/ArtHud/WBP_S08ArtDamage amount=3 seq=93 placement=above_ring=0_hardPx2=0_softPx2=0 stableFrames=0 planned=(679,483,719,511) frame=1981
2026.09.30-11.34.38 SHOT widget id=board.damage.text impl=umg state=damage fighter=f-1-hero bbox=(687,483,711,511) geom=painted visible=1 twin=0 source=/Game/S08/UI/ArtHud/WBP_S08ArtDamage amount=3 seq=93 placement=above_ring=0_hardPx2=0_softPx2=0 stableFrames=0 planned=(679,483,719,511) frame=1981 font=18
2026.09.30-11.34.38 SHOT damage fighter=f-1-hero bbox=(679,483,719,511) frame=1981
2026.09.30-11.34.38 SHOT panel id=hud.command bbox=(0,0,722,222) geom=painted visible=1 frame=1981
2026.09.30-11.34.38 SHOT panel id=hud.side bbox=(1431,0,1920,121) geom=painted visible=1 frame=1981
2026.09.30-11.34.38 SHOT panel id=hud.hand bbox=(277,985,1644,1080) geom=painted visible=1 frame=1981
2026.09.30-11.34.38 SHOT late end file=s09-pending-MOVE.png frame=1981
2026.09.30-11.34.38 PEND-RESOLVE sent type=MOVE stage=0 id=cmuhgvgi500owwi9gnmn59wun-after-0-p0
2026.09.30-11.34.38 S09AUTO pending picked (type=MOVE stage=0)
2026.09.30-11.34.38 HUD plate content fighter=f-1-hero name=King Arthur hp=4/18 team=own statuses=HERO  |  MELEE  |  TARGET teamSlot=P2 look=P2 shape=hexagon chip=#5786A8
2026.09.30-11.34.38 PLATE fighter=f-1-hero bbox=(705,650,877,704) overlapReachable=0 placement=below ring=0 gap=6 selection=f-1-hero destinations=0 clean=1 softPx2=0 tested=122 bound=1
2026.09.30-11.34.38 TAG fighter=f-0-hero bbox=(909,493,1011,515) mode=compact look=P1 placement=above ring=0 hardPx2=0 softPx2=0 order=3 bound=1
2026.09.30-11.34.38 TAG fighter=f-0-sk0 bbox=(1232,385,1316,407) mode=compact look=P1 placement=above ring=0 hardPx2=0 softPx2=0 order=2 bound=1
2026.09.30-11.34.38 TAG fighter=f-0-sk1 bbox=(918,264,1002,286) mode=compact look=P1 placement=above ring=0 hardPx2=0 softPx2=0 order=0 bound=1
2026.09.30-11.34.38 TAG fighter=f-0-sk2 bbox=(761,385,845,407) mode=compact look=P1 placement=above ring=0 hardPx2=0 softPx2=0 order=1 bound=1
2026.09.30-11.34.38 TAG fighter=f-1-sk0 bbox=(1242,507,1326,529) mode=compact look=P2 placement=above ring=0 hardPx2=0 softPx2=0 order=4 bound=1
2026.09.30-11.34.38 ICON fighter=f-1-hero bbox=(850,543,882,575) size=32 src=combat anchor=right fallback=0 overlapPx2=0 texture=/Game/ArtTests/ARTMarkers/Textures/T_UI_Action_AttackToken_32
2026.09.30-11.34.38 DAMAGE fighter=f-1-hero bbox=(705,513,745,541) amount=3 seq=93 placement=left ring=0 hardPx2=0 softPx2=0
2026.09.30-11.34.39 SNAPSHOT applied seq=94 phase=ACTION_MANEUVER
2026.09.30-11.34.39 HANDLE_APPLIED #138 seq=94 decision=2 fightersValid=1 boardValid=1
2026.09.30-11.34.39 COMBAT-RESULT seq=94 damage=3 role=defended
2026.09.30-11.34.39 ARTPREVIEW combat marker fighter=Medusa attacker=0 target=0 icon=0 targetMesh=SM_Marker_TargetRing iconMode=screen
2026.09.30-11.34.39 ARTPREVIEW combat marker fighter=King Arthur attacker=0 target=0 icon=0 targetMesh=SM_Marker_TargetRing iconMode=screen
2026.09.30-11.34.39 PENDING panel revealed: attack A3+B3 vs D3
2026.09.30-11.34.39 closed mode=
2026.09.30-11.34.39 MODE seq=94 mode=0 combat=0 pending=0
2026.09.30-11.34.39 HUD seq=94 phase=ACTION_MANEUVER turn=you hand=6 oppHand=5(hidden) oppDeck=9 deck=7 discard=17
2026.09.30-11.34.39 ARTPREVIEW fighter=Medusa hero=1 eligible=0 visual=1 mesh=SK_Medusa_H2LD
2026.09.30-11.34.39 FIGHTERS synced n=6 alive=6 own=2 enemy=4
2026.09.30-11.34.39 PEND resolve done seq=94 (apply) phase=ACTION_MANEUVER
2026.09.30-11.34.39 SNAPSHOT applied seq=94 phase=ACTION_MANEUVER
2026.09.30-11.34.39 HANDLE_APPLIED #139 seq=94 decision=1 fightersValid=1 boardValid=1
2026.09.30-11.34.39 MODE seq=94 mode=0 combat=0 pending=0
2026.09.30-11.34.39 HUD seq=94 phase=ACTION_MANEUVER turn=you hand=6 oppHand=5(hidden) oppDeck=9 deck=7 discard=17
2026.09.30-11.34.39 ARTPREVIEW fighter=Medusa hero=1 eligible=0 visual=1 mesh=SK_Medusa_H2LD
2026.09.30-11.34.39 FIGHTERS synced n=6 alive=6 own=2 enemy=4
2026.09.30-11.34.39 WS seq=94 phase=ACTION_MANEUVER (merge)
2026.09.30-11.34.39 S09AUTO drive mode=0 plan=[defend+resolve] phase=ACTION_MANEUVER turn=cmukie57j0001wiaofr67k2vd
2026.09.30-11.34.39 S09AUTO own turn #8 (turnCount=18)
2026.09.30-11.34.39 PLATE hidden fighter=f-1-hero
2026.09.30-11.34.39 TAG fighter=f-0-hero bbox=(909,493,1011,515) mode=compact look=P1 placement=above ring=0 hardPx2=0 softPx2=0 order=4 bound=1
2026.09.30-11.34.39 TAG fighter=f-0-sk0 bbox=(1232,385,1316,407) mode=compact look=P1 placement=above ring=0 hardPx2=0 softPx2=0 order=3 bound=1
2026.09.30-11.34.39 TAG fighter=f-0-sk1 bbox=(918,264,1002,286) mode=compact look=P1 placement=above ring=0 hardPx2=0 softPx2=0 order=1 bound=1
2026.09.30-11.34.39 TAG fighter=f-0-sk2 bbox=(761,385,845,407) mode=compact look=P1 placement=above ring=0 hardPx2=0 softPx2=0 order=2 bound=1
2026.09.30-11.34.39 TAG fighter=f-1-hero bbox=(652,513,745,535) mode=compact look=P2 placement=left ring=0 hardPx2=0 softPx2=0 order=0 bound=1
2026.09.30-11.34.39 TAG fighter=f-1-sk0 bbox=(1242,507,1326,529) mode=compact look=P2 placement=above ring=0 hardPx2=0 softPx2=0 order=5 bound=1
2026.09.30-11.34.39 HUD icon hidden fighter=f-1-hero
2026.09.30-11.34.39 DAMAGE fighter=f-1-hero bbox=(679,483,719,511) amount=3 seq=93 placement=above ring=0 hardPx2=0 softPx2=0
2026.09.30-11.34.39 TAG fighter=f-0-hero bbox=(909,493,1011,515) mode=compact look=P1 placement=above ring=0 hardPx2=0 softPx2=0 order=4 bound=1
2026.09.30-11.34.39 TAG fighter=f-0-sk0 bbox=(1232,385,1316,407) mode=compact look=P1 placement=above ring=0 hardPx2=0 softPx2=0 order=3 bound=1
2026.09.30-11.34.39 TAG fighter=f-0-sk1 bbox=(918,264,1002,286) mode=compact look=P1 placement=above ring=0 hardPx2=0 softPx2=0 order=1 bound=1
2026.09.30-11.34.39 TAG fighter=f-0-sk2 bbox=(761,385,845,407) mode=compact look=P1 placement=above ring=0 hardPx2=0 softPx2=0 order=2 bound=1
2026.09.30-11.34.39 TAG fighter=f-1-hero bbox=(652,513,745,535) mode=compact look=P2 placement=left ring=0 hardPx2=0 softPx2=0 order=0 bound=1
2026.09.30-11.34.39 TAG fighter=f-1-sk0 bbox=(1242,507,1326,529) mode=compact look=P2 placement=above ring=0 hardPx2=0 softPx2=0 order=5 bound=1
2026.09.30-11.34.39 SNAPSHOT applied seq=95 phase=ACTION_MANEUVER
2026.09.30-11.34.39 HANDLE_APPLIED #140 seq=95 decision=2 fightersValid=1 boardValid=1
2026.09.30-11.34.39 MANEUVER-DRAFT mode=maneuver:18:94
2026.09.30-11.34.39 DRAFT-OPEN draw committed (resume instead of begin)
2026.09.30-11.34.39 MODE seq=95 mode=1 combat=0 pending=0
2026.09.30-11.34.39 HUD seq=95 phase=ACTION_MANEUVER turn=you hand=7 oppHand=5(hidden) oppDeck=9 deck=6 discard=17
2026.09.30-11.34.39 ARTPREVIEW fighter=Medusa hero=1 eligible=0 visual=1 mesh=SK_Medusa_H2LD
2026.09.30-11.34.39 FIGHTERS synced n=6 alive=6 own=2 enemy=4
2026.09.30-11.34.39 MANEUVER begin seq=95 (apply) pending=maneuver:18:94
2026.09.30-11.34.39 SNAPSHOT applied seq=95 phase=ACTION_MANEUVER
2026.09.30-11.34.39 HANDLE_APPLIED #141 seq=95 decision=1 fightersValid=1 boardValid=1
2026.09.30-11.34.39 MODE seq=95 mode=1 combat=0 pending=0
2026.09.30-11.34.39 HUD seq=95 phase=ACTION_MANEUVER turn=you hand=7 oppHand=5(hidden) oppDeck=9 deck=6 discard=17
2026.09.30-11.34.39 ARTPREVIEW fighter=Medusa hero=1 eligible=0 visual=1 mesh=SK_Medusa_H2LD
2026.09.30-11.34.39 FIGHTERS synced n=6 alive=6 own=2 enemy=4
2026.09.30-11.34.39 WS seq=95 phase=ACTION_MANEUVER (merge)
2026.09.30-11.34.39 S09AUTO drive mode=1 plan=[defend+resolve] phase=ACTION_MANEUVER turn=cmukie57j0001wiaofr67k2vd
2026.09.30-11.34.39 MANEUVER-CONFIRM moves=1 boost=none
2026.09.30-11.34.39 HUD plate content fighter=f-1-hero name=King Arthur hp=4/18 team=own statuses=HERO  |  MELEE teamSlot=P2 look=P2 shape=hexagon chip=#5786A8
2026.09.30-11.34.39 PLATE fighter=f-1-hero bbox=(849,453,1021,507) overlapReachable=0 placement=above ring=0 gap=6 selection=f-1-hero destinations=6 clean=1 softPx2=0 tested=122 bound=1
2026.09.30-11.34.39 TAG fighter=f-0-hero bbox=(1009,517,1111,539) mode=compact look=P1 placement=right ring=0 hardPx2=0 softPx2=0 order=3 bound=1
2026.09.30-11.34.39 TAG fighter=f-0-sk0 bbox=(1232,385,1316,407) mode=compact look=P1 placement=above ring=0 hardPx2=0 softPx2=0 order=2 bound=1
2026.09.30-11.34.39 TAG fighter=f-0-sk1 bbox=(918,264,1002,286) mode=compact look=P1 placement=above ring=0 hardPx2=0 softPx2=0 order=0 bound=1
2026.09.30-11.34.39 TAG fighter=f-0-sk2 bbox=(761,385,845,407) mode=compact look=P1 placement=above ring=0 hardPx2=0 softPx2=0 order=1 bound=1
2026.09.30-11.34.39 TAG fighter=f-1-sk0 bbox=(1242,507,1326,529) mode=compact look=P2 placement=above ring=0 hardPx2=0 softPx2=0 order=4 bound=1
2026.09.30-11.34.39 DAMAGE fighter=f-1-hero bbox=(849,564,889,592) amount=3 seq=93 placement=right ring=0 hardPx2=0 softPx2=0
2026.09.30-11.34.39 TAG fighter=f-0-hero bbox=(1009,517,1111,539) mode=compact look=P1 placement=right ring=0 hardPx2=0 softPx2=0 order=3 bound=1
2026.09.30-11.34.39 TAG fighter=f-0-sk0 bbox=(1232,385,1316,407) mode=compact look=P1 placement=above ring=0 hardPx2=0 softPx2=0 order=2 bound=1
2026.09.30-11.34.39 TAG fighter=f-0-sk1 bbox=(918,264,1002,286) mode=compact look=P1 placement=above ring=0 hardPx2=0 softPx2=0 order=0 bound=1
2026.09.30-11.34.39 TAG fighter=f-0-sk2 bbox=(761,385,845,407) mode=compact look=P1 placement=above ring=0 hardPx2=0 softPx2=0 order=1 bound=1
2026.09.30-11.34.39 TAG fighter=f-1-sk0 bbox=(1242,507,1326,529) mode=compact look=P2 placement=above ring=0 hardPx2=0 softPx2=0 order=4 bound=1
2026.09.30-11.34.39 ARTPREVIEW anim fighter=f-1-hero clip=Idle len=2.500 event=clipFinished loop=1 phase=0.3470 seq=-1 asset=AM_KingArthur_Idle
2026.09.30-11.34.39 SNAPSHOT applied seq=96 phase=ACTION_MANEUVER
2026.09.30-11.34.39 HANDLE_APPLIED #142 seq=96 decision=2 fightersValid=1 boardValid=1
2026.09.30-11.34.39 closed mode=
2026.09.30-11.34.39 MODE seq=96 mode=0 combat=0 pending=0
2026.09.30-11.34.39 HUD seq=96 phase=ACTION_MANEUVER turn=you hand=7 oppHand=5(hidden) oppDeck=9 deck=6 discard=17
2026.09.30-11.34.39 ARTPREVIEW fighter=Medusa hero=1 eligible=0 visual=1 mesh=SK_Medusa_H2LD
2026.09.30-11.34.39 FIGHTERS synced n=6 alive=6 own=2 enemy=4
2026.09.30-11.34.39 CUE move f-1-hero (1,3)->(0,3) seq=96
2026.09.30-11.34.39 MANEUVER done seq=96 (apply) fighters=6 boost=no
2026.09.30-11.34.39 SNAPSHOT applied seq=96 phase=ACTION_MANEUVER
2026.09.30-11.34.39 HANDLE_APPLIED #143 seq=96 decision=1 fightersValid=1 boardValid=1
2026.09.30-11.34.39 MODE seq=96 mode=0 combat=0 pending=0
2026.09.30-11.34.39 HUD seq=96 phase=ACTION_MANEUVER turn=you hand=7 oppHand=5(hidden) oppDeck=9 deck=6 discard=17
2026.09.30-11.34.39 ARTPREVIEW fighter=Medusa hero=1 eligible=0 visual=1 mesh=SK_Medusa_H2LD
2026.09.30-11.34.39 FIGHTERS synced n=6 alive=6 own=2 enemy=4
2026.09.30-11.34.39 WS seq=96 phase=ACTION_MANEUVER (merge)
2026.09.30-11.34.39 PLATE hidden fighter=f-1-hero
2026.09.30-11.34.39 TAG fighter=f-0-hero bbox=(909,493,1011,515) mode=compact look=P1 placement=above ring=0 hardPx2=0 softPx2=0 order=4 bound=1
2026.09.30-11.34.39 TAG fighter=f-0-sk0 bbox=(1232,385,1316,407) mode=compact look=P1 placement=above ring=0 hardPx2=0 softPx2=0 order=3 bound=1
2026.09.30-11.34.39 TAG fighter=f-0-sk1 bbox=(918,264,1002,286) mode=compact look=P1 placement=above ring=0 hardPx2=0 softPx2=0 order=1 bound=1
2026.09.30-11.34.39 TAG fighter=f-0-sk2 bbox=(761,385,845,407) mode=compact look=P1 placement=above ring=0 hardPx2=0 softPx2=0 order=2 bound=1
2026.09.30-11.34.39 TAG fighter=f-1-hero bbox=(588,489,681,511) mode=compact look=P2 placement=above ring=0 hardPx2=0 softPx2=0 order=0 bound=1
2026.09.30-11.34.39 TAG fighter=f-1-sk0 bbox=(1242,507,1326,529) mode=compact look=P2 placement=above ring=0 hardPx2=0 softPx2=0 order=5 bound=1
2026.09.30-11.34.39 DAMAGE fighter=f-1-hero bbox=(615,459,655,487) amount=3 seq=93 placement=above ring=0 hardPx2=0 softPx2=0
2026.09.30-11.34.39 TAG fighter=f-0-hero bbox=(909,493,1011,515) mode=compact look=P1 placement=above ring=0 hardPx2=0 softPx2=0 order=4 bound=1
2026.09.30-11.34.39 TAG fighter=f-0-sk0 bbox=(1232,385,1316,407) mode=compact look=P1 placement=above ring=0 hardPx2=0 softPx2=0 order=3 bound=1
2026.09.30-11.34.39 TAG fighter=f-0-sk1 bbox=(918,264,1002,286) mode=compact look=P1 placement=above ring=0 hardPx2=0 softPx2=0 order=1 bound=1
2026.09.30-11.34.39 TAG fighter=f-0-sk2 bbox=(761,385,845,407) mode=compact look=P1 placement=above ring=0 hardPx2=0 softPx2=0 order=2 bound=1
2026.09.30-11.34.39 TAG fighter=f-1-hero bbox=(588,489,681,511) mode=compact look=P2 placement=above ring=0 hardPx2=0 softPx2=0 order=0 bound=1
2026.09.30-11.34.39 TAG fighter=f-1-sk0 bbox=(1242,507,1326,529) mode=compact look=P2 placement=above ring=0 hardPx2=0 softPx2=0 order=5 bound=1
2026.09.30-11.34.39 TAG fighter=f-0-hero bbox=(909,493,1011,515) mode=compact look=P1 placement=above ring=0 hardPx2=0 softPx2=0 order=4 bound=1
2026.09.30-11.34.39 TAG fighter=f-0-sk0 bbox=(1232,385,1316,407) mode=compact look=P1 placement=above ring=0 hardPx2=0 softPx2=0 order=2 bound=1
2026.09.30-11.34.39 TAG fighter=f-0-sk1 bbox=(918,264,1002,286) mode=compact look=P1 placement=above ring=0 hardPx2=0 softPx2=0 order=0 bound=1
2026.09.30-11.34.39 TAG fighter=f-0-sk2 bbox=(761,385,845,407) mode=compact look=P1 placement=above ring=0 hardPx2=0 softPx2=0 order=1 bound=1
2026.09.30-11.34.39 TAG fighter=f-1-hero bbox=(588,489,681,511) mode=compact look=P2 placement=above ring=0 hardPx2=0 softPx2=0 order=3 bound=1
2026.09.30-11.34.39 TAG fighter=f-1-sk0 bbox=(1242,507,1326,529) mode=compact look=P2 placement=above ring=0 hardPx2=0 softPx2=0 order=5 bound=1
2026.09.30-11.34.40 S09AUTO drive mode=0 plan=[defend+resolve] phase=ACTION_MANEUVER turn=cmukie57j0001wiaofr67k2vd
2026.09.30-11.34.40 game -> room=cmuo11ar100ubwiwwv3dxqwgm code=<redacted> status=IN_PROGRESS
2026.09.30-11.34.40 SNAPSHOT applied seq=97 phase=ACTION_MANEUVER
2026.09.30-11.34.40 HANDLE_APPLIED #144 seq=97 decision=2 fightersValid=1 boardValid=1
2026.09.30-11.34.40 MANEUVER-DRAFT mode=maneuver:18:96
2026.09.30-11.34.40 DRAFT-OPEN draw committed (resume instead of begin)
2026.09.30-11.34.40 MODE seq=97 mode=1 combat=0 pending=0
2026.09.30-11.34.40 HUD seq=97 phase=ACTION_MANEUVER turn=you hand=8 oppHand=5(hidden) oppDeck=9 deck=5 discard=17
2026.09.30-11.34.40 ARTPREVIEW fighter=Medusa hero=1 eligible=0 visual=1 mesh=SK_Medusa_H2LD
2026.09.30-11.34.40 FIGHTERS synced n=6 alive=6 own=2 enemy=4
2026.09.30-11.34.40 MANEUVER begin seq=97 (apply) pending=maneuver:18:96
2026.09.30-11.34.40 SNAPSHOT applied seq=97 phase=ACTION_MANEUVER
2026.09.30-11.34.40 HANDLE_APPLIED #145 seq=97 decision=1 fightersValid=1 boardValid=1
2026.09.30-11.34.40 MODE seq=97 mode=1 combat=0 pending=0
2026.09.30-11.34.40 HUD seq=97 phase=ACTION_MANEUVER turn=you hand=8 oppHand=5(hidden) oppDeck=9 deck=5 discard=17
2026.09.30-11.34.40 ARTPREVIEW fighter=Medusa hero=1 eligible=0 visual=1 mesh=SK_Medusa_H2LD
2026.09.30-11.34.40 FIGHTERS synced n=6 alive=6 own=2 enemy=4
2026.09.30-11.34.40 WS seq=97 phase=ACTION_MANEUVER (merge)
2026.09.30-11.34.40 S09AUTO drive mode=1 plan=[defend+resolve] phase=ACTION_MANEUVER turn=cmukie57j0001wiaofr67k2vd
2026.09.30-11.34.40 MANEUVER-CONFIRM moves=1 boost=none
2026.09.30-11.34.40 PLATE fighter=f-1-hero bbox=(403,549,575,603) overlapReachable=0 placement=left ring=0 gap=6 selection=f-1-hero destinations=6 clean=1 softPx2=0 tested=124 bound=1
2026.09.30-11.34.40 TAG fighter=f-0-hero bbox=(909,493,1011,515) mode=compact look=P1 placement=above ring=0 hardPx2=0 softPx2=0 order=3 bound=1
2026.09.30-11.34.40 TAG fighter=f-0-sk0 bbox=(1232,385,1316,407) mode=compact look=P1 placement=above ring=0 hardPx2=0 softPx2=0 order=2 bound=1
2026.09.30-11.34.40 TAG fighter=f-0-sk1 bbox=(918,264,1002,286) mode=compact look=P1 placement=above ring=0 hardPx2=0 softPx2=0 order=0 bound=1
2026.09.30-11.34.40 TAG fighter=f-0-sk2 bbox=(761,385,845,407) mode=compact look=P1 placement=above ring=0 hardPx2=0 softPx2=0 order=1 bound=1
2026.09.30-11.34.40 TAG fighter=f-1-sk0 bbox=(1242,507,1326,529) mode=compact look=P2 placement=above ring=0 hardPx2=0 softPx2=0 order=4 bound=1
2026.09.30-11.34.40 TAG fighter=f-0-hero bbox=(909,493,1011,515) mode=compact look=P1 placement=above ring=0 hardPx2=0 softPx2=0 order=3 bound=1
2026.09.30-11.34.40 TAG fighter=f-0-sk0 bbox=(1232,385,1316,407) mode=compact look=P1 placement=above ring=0 hardPx2=0 softPx2=0 order=2 bound=1
2026.09.30-11.34.40 TAG fighter=f-0-sk1 bbox=(918,264,1002,286) mode=compact look=P1 placement=above ring=0 hardPx2=0 softPx2=0 order=0 bound=1
2026.09.30-11.34.40 TAG fighter=f-0-sk2 bbox=(761,385,845,407) mode=compact look=P1 placement=above ring=0 hardPx2=0 softPx2=0 order=1 bound=1
2026.09.30-11.34.40 TAG fighter=f-1-sk0 bbox=(1242,507,1326,529) mode=compact look=P2 placement=above ring=0 hardPx2=0 softPx2=0 order=4 bound=1
2026.09.30-11.34.40 SNAPSHOT applied seq=98 phase=TURN_END
2026.09.30-11.34.40 HANDLE_APPLIED #146 seq=98 decision=2 fightersValid=1 boardValid=1
2026.09.30-11.34.40 DISCARD-DRAFT count=1 pending=discard:18:98
2026.09.30-11.34.40 MODE seq=98 mode=2 combat=0 pending=0
2026.09.30-11.34.40 HUD seq=98 phase=TURN_END turn=you hand=8 oppHand=5(hidden) oppDeck=9 deck=5 discard=17 pendingDiscard=1
2026.09.30-11.34.40 ARTPREVIEW fighter=Medusa hero=1 eligible=0 visual=1 mesh=SK_Medusa_H2LD
2026.09.30-11.34.40 FIGHTERS synced n=6 alive=6 own=2 enemy=4
2026.09.30-11.34.40 CUE move f-1-hero (0,3)->(1,3) seq=98
2026.09.30-11.34.40 MANEUVER done seq=98 (apply) fighters=6 boost=no
2026.09.30-11.34.40 SNAPSHOT applied seq=98 phase=TURN_END
2026.09.30-11.34.40 HANDLE_APPLIED #147 seq=98 decision=1 fightersValid=1 boardValid=1
2026.09.30-11.34.40 MODE seq=98 mode=2 combat=0 pending=0
2026.09.30-11.34.40 HUD seq=98 phase=TURN_END turn=you hand=8 oppHand=5(hidden) oppDeck=9 deck=5 discard=17 pendingDiscard=1
2026.09.30-11.34.40 ARTPREVIEW fighter=Medusa hero=1 eligible=0 visual=1 mesh=SK_Medusa_H2LD
2026.09.30-11.34.40 FIGHTERS synced n=6 alive=6 own=2 enemy=4
2026.09.30-11.34.40 WS seq=98 phase=TURN_END (merge)
2026.09.30-11.34.40 PLATE hidden fighter=f-1-hero
2026.09.30-11.34.40 TAG fighter=f-0-hero bbox=(909,493,1011,515) mode=compact look=P1 placement=above ring=0 hardPx2=0 softPx2=0 order=4 bound=1
2026.09.30-11.34.40 TAG fighter=f-0-sk0 bbox=(1232,385,1316,407) mode=compact look=P1 placement=above ring=0 hardPx2=0 softPx2=0 order=2 bound=1
2026.09.30-11.34.40 TAG fighter=f-0-sk1 bbox=(918,264,1002,286) mode=compact look=P1 placement=above ring=0 hardPx2=0 softPx2=0 order=0 bound=1
2026.09.30-11.34.40 TAG fighter=f-0-sk2 bbox=(761,385,845,407) mode=compact look=P1 placement=above ring=0 hardPx2=0 softPx2=0 order=1 bound=1
2026.09.30-11.34.40 TAG fighter=f-1-hero bbox=(652,513,745,535) mode=compact look=P2 placement=left ring=0 hardPx2=0 softPx2=0 order=3 bound=1
2026.09.30-11.34.40 TAG fighter=f-1-sk0 bbox=(1242,507,1326,529) mode=compact look=P2 placement=above ring=0 hardPx2=0 softPx2=0 order=5 bound=1
2026.09.30-11.34.40 TAG fighter=f-0-hero bbox=(909,493,1011,515) mode=compact look=P1 placement=above ring=0 hardPx2=0 softPx2=0 order=4 bound=1
2026.09.30-11.34.40 TAG fighter=f-0-sk0 bbox=(1232,385,1316,407) mode=compact look=P1 placement=above ring=0 hardPx2=0 softPx2=0 order=2 bound=1
2026.09.30-11.34.40 TAG fighter=f-0-sk1 bbox=(918,264,1002,286) mode=compact look=P1 placement=above ring=0 hardPx2=0 softPx2=0 order=0 bound=1
2026.09.30-11.34.40 TAG fighter=f-0-sk2 bbox=(761,385,845,407) mode=compact look=P1 placement=above ring=0 hardPx2=0 softPx2=0 order=1 bound=1
2026.09.30-11.34.40 TAG fighter=f-1-hero bbox=(652,513,745,535) mode=compact look=P2 placement=left ring=0 hardPx2=0 softPx2=0 order=3 bound=1
2026.09.30-11.34.40 TAG fighter=f-1-sk0 bbox=(1242,507,1326,529) mode=compact look=P2 placement=above ring=0 hardPx2=0 softPx2=0 order=5 bound=1
2026.09.30-11.34.41 PERF window t=65.2-70.3 frames=147 fps=29.22 frameMs avg=34.22 p50=33.33 p95=33.33 p99=33.36 max=163.84 hitches50=1 gpuMs avg=1.91 p50=1.87 p95=2.14 gameMs avg=3.77 p95=7.88 renderMs avg=3.47 p95=4.64
2026.09.30-11.34.41 S09AUTO drive mode=2 plan=[defend+resolve] phase=TURN_END turn=cmukie57j0001wiaofr67k2vd
2026.09.30-11.34.41 S09AUTO discard picks=1
2026.09.30-11.34.41 DISCARD-CONFIRM pending=discard:18:98 count=1 ids=cmuhgvgi000omwi9gbn3wr8kb::0
2026.09.30-11.34.41 TAG fighter=f-0-hero bbox=(909,493,1011,515) mode=compact look=P1 placement=above ring=0 hardPx2=0 softPx2=0 order=4 bound=1
2026.09.30-11.34.41 TAG fighter=f-0-sk0 bbox=(1232,385,1316,407) mode=compact look=P1 placement=above ring=0 hardPx2=0 softPx2=0 order=2 bound=1
2026.09.30-11.34.41 TAG fighter=f-0-sk1 bbox=(918,264,1002,286) mode=compact look=P1 placement=above ring=0 hardPx2=0 softPx2=0 order=0 bound=1
2026.09.30-11.34.41 TAG fighter=f-0-sk2 bbox=(761,385,845,407) mode=compact look=P1 placement=above ring=0 hardPx2=0 softPx2=0 order=1 bound=1
2026.09.30-11.34.41 TAG fighter=f-1-hero bbox=(652,513,745,535) mode=compact look=P2 placement=left ring=0 hardPx2=0 softPx2=0 order=3 bound=1
2026.09.30-11.34.41 TAG fighter=f-1-sk0 bbox=(1242,507,1326,529) mode=compact look=P2 placement=above ring=0 hardPx2=0 softPx2=0 order=5 bound=1
2026.09.30-11.34.41 SNAPSHOT applied seq=99 phase=ACTION_MANEUVER
2026.09.30-11.34.41 HANDLE_APPLIED #148 seq=99 decision=2 fightersValid=1 boardValid=1
2026.09.30-11.34.41 closed mode=
2026.09.30-11.34.41 MODE seq=99 mode=0 combat=0 pending=1
2026.09.30-11.34.41 HUD seq=99 phase=ACTION_MANEUVER turn=opp hand=7 oppHand=5(hidden) oppDeck=9 deck=5 discard=18
2026.09.30-11.34.41 ARTPREVIEW fighter=Medusa hero=1 eligible=0 visual=1 mesh=SK_Medusa_H2LD
2026.09.30-11.34.41 FIGHTERS synced n=6 alive=6 own=2 enemy=4
2026.09.30-11.34.41 DISCARD done seq=99 phase=ACTION_MANEUVER count=1
2026.09.30-11.34.41 SNAPSHOT applied seq=99 phase=ACTION_MANEUVER
2026.09.30-11.34.41 HANDLE_APPLIED #149 seq=99 decision=1 fightersValid=1 boardValid=1
2026.09.30-11.34.41 MODE seq=99 mode=0 combat=0 pending=1
2026.09.30-11.34.41 HUD seq=99 phase=ACTION_MANEUVER turn=opp hand=7 oppHand=5(hidden) oppDeck=9 deck=5 discard=18
2026.09.30-11.34.41 ARTPREVIEW fighter=Medusa hero=1 eligible=0 visual=1 mesh=SK_Medusa_H2LD
2026.09.30-11.34.41 FIGHTERS synced n=6 alive=6 own=2 enemy=4
2026.09.30-11.34.41 WS seq=99 phase=ACTION_MANEUVER (merge)
2026.09.30-11.34.41 TAG fighter=f-0-hero bbox=(909,493,1011,515) mode=compact look=P1 placement=above ring=0 hardPx2=0 softPx2=0 order=4 bound=1
2026.09.30-11.34.41 TAG fighter=f-0-sk0 bbox=(1232,385,1316,407) mode=compact look=P1 placement=above ring=0 hardPx2=0 softPx2=0 order=2 bound=1
2026.09.30-11.34.41 TAG fighter=f-0-sk1 bbox=(918,264,1002,286) mode=compact look=P1 placement=above ring=0 hardPx2=0 softPx2=0 order=0 bound=1
2026.09.30-11.34.41 TAG fighter=f-0-sk2 bbox=(761,385,845,407) mode=compact look=P1 placement=above ring=0 hardPx2=0 softPx2=0 order=1 bound=1
2026.09.30-11.34.41 TAG fighter=f-1-hero bbox=(652,513,745,535) mode=compact look=P2 placement=left ring=0 hardPx2=0 softPx2=0 order=3 bound=1
2026.09.30-11.34.41 TAG fighter=f-1-sk0 bbox=(1242,507,1326,529) mode=compact look=P2 placement=above ring=0 hardPx2=0 softPx2=0 order=5 bound=1
2026.09.30-11.34.41 SNAPSHOT applied seq=100 phase=ACTION_MANEUVER
2026.09.30-11.34.41 HANDLE_APPLIED #150 seq=100 decision=2 fightersValid=1 boardValid=1
2026.09.30-11.34.41 MODE seq=100 mode=0 combat=0 pending=0
2026.09.30-11.34.41 HUD seq=100 phase=ACTION_MANEUVER turn=opp hand=7 oppHand=5(hidden) oppDeck=9~ deck=5~ discard=18
2026.09.30-11.34.41 ARTPREVIEW fighter=Medusa hero=1 eligible=0 visual=1 mesh=SK_Medusa_H2LD
2026.09.30-11.34.41 FIGHTERS synced n=6 alive=6 own=2 enemy=4
2026.09.30-11.34.41 ARTPREVIEW damage-number fighter=f-1-hero amount=1 seq=100 cell=(1,3)
2026.09.30-11.34.41 ARTPREVIEW anim fighter=f-1-hero clip=HitReact len=0.417 event=damaged loop=0 phase=0.0000 seq=100 asset=AM_KingArthur_HitReact
2026.09.30-11.34.41 CUE damage f-1-hero -1 seq=100
2026.09.30-11.34.41 WS seq=100 phase=ACTION_MANEUVER (apply)
2026.09.30-11.34.41 TAG fighter=f-0-hero bbox=(909,493,1011,515) mode=compact look=P1 placement=above ring=0 hardPx2=0 softPx2=0 order=4 bound=1
2026.09.30-11.34.41 TAG fighter=f-0-sk0 bbox=(1232,385,1316,407) mode=compact look=P1 placement=above ring=0 hardPx2=0 softPx2=0 order=3 bound=1
2026.09.30-11.34.41 TAG fighter=f-0-sk1 bbox=(918,264,1002,286) mode=compact look=P1 placement=above ring=0 hardPx2=0 softPx2=0 order=1 bound=1
2026.09.30-11.34.41 TAG fighter=f-0-sk2 bbox=(761,385,845,407) mode=compact look=P1 placement=above ring=0 hardPx2=0 softPx2=0 order=2 bound=1
2026.09.30-11.34.41 TAG fighter=f-1-hero bbox=(652,513,745,535) mode=compact look=P2 placement=left ring=0 hardPx2=0 softPx2=0 order=0 bound=1
2026.09.30-11.34.41 TAG fighter=f-1-sk0 bbox=(1242,507,1326,529) mode=compact look=P2 placement=above ring=0 hardPx2=0 softPx2=0 order=5 bound=1
2026.09.30-11.34.41 DAMAGE fighter=f-1-hero bbox=(679,483,719,511) amount=1 seq=100 placement=above ring=0 hardPx2=0 softPx2=0
2026.09.30-11.34.41 TAG fighter=f-0-hero bbox=(909,493,1011,515) mode=compact look=P1 placement=above ring=0 hardPx2=0 softPx2=0 order=4 bound=1
2026.09.30-11.34.41 TAG fighter=f-0-sk0 bbox=(1232,385,1316,407) mode=compact look=P1 placement=above ring=0 hardPx2=0 softPx2=0 order=3 bound=1
2026.09.30-11.34.41 TAG fighter=f-0-sk1 bbox=(918,264,1002,286) mode=compact look=P1 placement=above ring=0 hardPx2=0 softPx2=0 order=1 bound=1
2026.09.30-11.34.41 TAG fighter=f-0-sk2 bbox=(761,385,845,407) mode=compact look=P1 placement=above ring=0 hardPx2=0 softPx2=0 order=2 bound=1
2026.09.30-11.34.41 TAG fighter=f-1-hero bbox=(652,513,745,535) mode=compact look=P2 placement=left ring=0 hardPx2=0 softPx2=0 order=0 bound=1
2026.09.30-11.34.41 TAG fighter=f-1-sk0 bbox=(1242,507,1326,529) mode=compact look=P2 placement=above ring=0 hardPx2=0 softPx2=0 order=5 bound=1
2026.09.30-11.34.42 SNAPSHOT applied seq=101 phase=COMBAT
2026.09.30-11.34.42 HANDLE_APPLIED #151 seq=101 decision=2 fightersValid=1 boardValid=1
2026.09.30-11.34.42 closed mode=
2026.09.30-11.34.42 MODE seq=101 mode=4 combat=1 pending=0
2026.09.30-11.34.42 HUD seq=101 phase=COMBAT turn=opp hand=7 oppHand=4(hidden) oppDeck=9~ deck=5~ discard=18
2026.09.30-11.34.42 ARTPREVIEW combat marker fighter=Medusa attacker=1 target=0 icon=0 targetMesh=SM_Marker_TargetRing iconMode=screen
2026.09.30-11.34.42 ARTPREVIEW combat marker fighter=King Arthur attacker=0 target=1 icon=1 targetMesh=SM_Marker_TargetRing iconMode=screen
2026.09.30-11.34.42 ARTPREVIEW fighter=Medusa hero=1 eligible=0 visual=1 mesh=SK_Medusa_H2LD
2026.09.30-11.34.42 FIGHTERS synced n=6 alive=6 own=2 enemy=4
2026.09.30-11.34.42 WS seq=101 phase=COMBAT (apply)
2026.09.30-11.34.42 TAG fighter=f-0-hero bbox=(909,493,1011,515) mode=compact look=P1 placement=above ring=0 hardPx2=0 softPx2=0 order=4 bound=1
2026.09.30-11.34.42 TAG fighter=f-0-sk0 bbox=(1232,385,1316,407) mode=compact look=P1 placement=above ring=0 hardPx2=0 softPx2=0 order=3 bound=1
2026.09.30-11.34.42 TAG fighter=f-0-sk1 bbox=(918,264,1002,286) mode=compact look=P1 placement=above ring=0 hardPx2=0 softPx2=0 order=1 bound=1
2026.09.30-11.34.42 TAG fighter=f-0-sk2 bbox=(761,385,845,407) mode=compact look=P1 placement=above ring=0 hardPx2=0 softPx2=0 order=2 bound=1
2026.09.30-11.34.42 TAG fighter=f-1-hero bbox=(652,513,745,535) mode=compact look=P2 placement=left ring=0 hardPx2=0 softPx2=0 order=0 bound=1
2026.09.30-11.34.42 TAG fighter=f-1-sk0 bbox=(1242,507,1326,529) mode=compact look=P2 placement=above ring=0 hardPx2=0 softPx2=0 order=5 bound=1
2026.09.30-11.34.42 ICON fighter=f-1-hero bbox=(850,543,882,575) size=32 src=combat anchor=right fallback=0 overlapPx2=0 texture=/Game/ArtTests/ARTMarkers/Textures/T_UI_Action_AttackToken_32
2026.09.30-11.34.42 TAG fighter=f-0-hero bbox=(909,493,1011,515) mode=compact look=P1 placement=above ring=0 hardPx2=0 softPx2=0 order=4 bound=1
2026.09.30-11.34.42 TAG fighter=f-0-sk0 bbox=(1232,385,1316,407) mode=compact look=P1 placement=above ring=0 hardPx2=0 softPx2=0 order=3 bound=1
2026.09.30-11.34.42 TAG fighter=f-0-sk1 bbox=(918,264,1002,286) mode=compact look=P1 placement=above ring=0 hardPx2=0 softPx2=0 order=1 bound=1
2026.09.30-11.34.42 TAG fighter=f-0-sk2 bbox=(761,385,845,407) mode=compact look=P1 placement=above ring=0 hardPx2=0 softPx2=0 order=2 bound=1
2026.09.30-11.34.42 TAG fighter=f-1-hero bbox=(652,513,745,535) mode=compact look=P2 placement=left ring=0 hardPx2=0 softPx2=0 order=0 bound=1
2026.09.30-11.34.42 TAG fighter=f-1-sk0 bbox=(1242,507,1326,529) mode=compact look=P2 placement=above ring=0 hardPx2=0 softPx2=0 order=5 bound=1
2026.09.30-11.34.42 ICON fighter=f-1-hero bbox=(850,543,882,575) size=32 src=combat anchor=right fallback=0 overlapPx2=0 texture=/Game/ArtTests/ARTMarkers/Textures/T_UI_Action_AttackToken_32
2026.09.30-11.34.42 ARTPREVIEW anim fighter=f-1-hero clip=Idle len=2.500 event=clipFinished loop=1 phase=0.3470 seq=-1 asset=AM_KingArthur_Idle
2026.09.30-11.34.42 TAG fighter=f-0-hero bbox=(909,493,1011,515) mode=compact look=P1 placement=above ring=0 hardPx2=0 softPx2=0 order=4 bound=1
2026.09.30-11.34.42 TAG fighter=f-0-sk0 bbox=(1232,385,1316,407) mode=compact look=P1 placement=above ring=0 hardPx2=0 softPx2=0 order=3 bound=1
2026.09.30-11.34.42 TAG fighter=f-0-sk1 bbox=(918,264,1002,286) mode=compact look=P1 placement=above ring=0 hardPx2=0 softPx2=0 order=1 bound=1
2026.09.30-11.34.42 TAG fighter=f-0-sk2 bbox=(761,385,845,407) mode=compact look=P1 placement=above ring=0 hardPx2=0 softPx2=0 order=2 bound=1
2026.09.30-11.34.42 TAG fighter=f-1-hero bbox=(652,513,745,535) mode=compact look=P2 placement=left ring=0 hardPx2=0 softPx2=0 order=0 bound=1
2026.09.30-11.34.42 TAG fighter=f-1-sk0 bbox=(1242,507,1326,529) mode=compact look=P2 placement=above ring=0 hardPx2=0 softPx2=0 order=5 bound=1
2026.09.30-11.34.42 ICON fighter=f-1-hero bbox=(850,543,882,575) size=32 src=combat anchor=right fallback=0 overlapPx2=0 texture=/Game/ArtTests/ARTMarkers/Textures/T_UI_Action_AttackToken_32
2026.09.30-11.34.42 S09AUTO drive mode=4 plan=[defend+resolve] phase=COMBAT turn=cmukie55u0000wiao06h107t9
2026.09.30-11.34.42 S09AUTO defense card picked
2026.09.30-11.34.42 DEFENSE sent
2026.09.30-11.34.43 TAG fighter=f-0-hero bbox=(909,493,1011,515) mode=compact look=P1 placement=above ring=0 hardPx2=0 softPx2=0 order=4 bound=1
2026.09.30-11.34.43 TAG fighter=f-0-sk0 bbox=(1232,385,1316,407) mode=compact look=P1 placement=above ring=0 hardPx2=0 softPx2=0 order=3 bound=1
2026.09.30-11.34.43 TAG fighter=f-0-sk1 bbox=(918,264,1002,286) mode=compact look=P1 placement=above ring=0 hardPx2=0 softPx2=0 order=1 bound=1
2026.09.30-11.34.43 TAG fighter=f-0-sk2 bbox=(761,385,845,407) mode=compact look=P1 placement=above ring=0 hardPx2=0 softPx2=0 order=2 bound=1
2026.09.30-11.34.43 TAG fighter=f-1-hero bbox=(652,513,745,535) mode=compact look=P2 placement=left ring=0 hardPx2=0 softPx2=0 order=0 bound=1
2026.09.30-11.34.43 TAG fighter=f-1-sk0 bbox=(1242,507,1326,529) mode=compact look=P2 placement=above ring=0 hardPx2=0 softPx2=0 order=5 bound=1
2026.09.30-11.34.43 ICON fighter=f-1-hero bbox=(850,543,882,575) size=32 src=combat anchor=right fallback=0 overlapPx2=0 texture=/Game/ArtTests/ARTMarkers/Textures/T_UI_Action_AttackToken_32
2026.09.30-11.34.43 SNAPSHOT applied seq=102 phase=COMBAT_RESOLVE
2026.09.30-11.34.43 HANDLE_APPLIED #152 seq=102 decision=2 fightersValid=1 boardValid=1
2026.09.30-11.34.43 ARTPREVIEW anim fighter=f-0-hero clip=LungeAttack len=0.583 event=attack loop=0 phase=0.0000 seq=102 asset=AM_Medusa_LungeAttack
2026.09.30-11.34.43 closed mode=
2026.09.30-11.34.43 MODE seq=102 mode=5 combat=1 pending=0
2026.09.30-11.34.43 HUD seq=102 phase=COMBAT_RESOLVE turn=opp hand=6 oppHand=4(hidden) oppDeck=9 deck=5 discard=19
2026.09.30-11.34.43 ARTPREVIEW fighter=Medusa hero=1 eligible=0 visual=1 mesh=SK_Medusa_H2LD
2026.09.30-11.34.43 FIGHTERS synced n=6 alive=6 own=2 enemy=4
2026.09.30-11.34.43 DEFENSE done seq=102 (apply) phase=COMBAT_RESOLVE
2026.09.30-11.34.43 SNAPSHOT applied seq=102 phase=COMBAT_RESOLVE
2026.09.30-11.34.43 HANDLE_APPLIED #153 seq=102 decision=1 fightersValid=1 boardValid=1
2026.09.30-11.34.43 MODE seq=102 mode=5 combat=1 pending=0
2026.09.30-11.34.43 HUD seq=102 phase=COMBAT_RESOLVE turn=opp hand=6 oppHand=4(hidden) oppDeck=9 deck=5 discard=19
2026.09.30-11.34.43 ARTPREVIEW fighter=Medusa hero=1 eligible=0 visual=1 mesh=SK_Medusa_H2LD
2026.09.30-11.34.43 FIGHTERS synced n=6 alive=6 own=2 enemy=4
2026.09.30-11.34.43 WS seq=102 phase=COMBAT_RESOLVE (merge)
2026.09.30-11.34.43 S09AUTO drive mode=5 plan=[defend+resolve] phase=COMBAT_RESOLVE turn=cmukie55u0000wiao06h107t9
2026.09.30-11.34.43 S09AUTO resolve
2026.09.30-11.34.43 RESOLVE sent
2026.09.30-11.34.43 TAG fighter=f-0-hero bbox=(909,493,1011,515) mode=compact look=P1 placement=above ring=0 hardPx2=0 softPx2=0 order=4 bound=1
2026.09.30-11.34.43 TAG fighter=f-0-sk0 bbox=(1232,385,1316,407) mode=compact look=P1 placement=above ring=0 hardPx2=0 softPx2=0 order=3 bound=1
2026.09.30-11.34.43 TAG fighter=f-0-sk1 bbox=(918,264,1002,286) mode=compact look=P1 placement=above ring=0 hardPx2=0 softPx2=0 order=1 bound=1
2026.09.30-11.34.43 TAG fighter=f-0-sk2 bbox=(761,385,845,407) mode=compact look=P1 placement=above ring=0 hardPx2=0 softPx2=0 order=2 bound=1
2026.09.30-11.34.43 TAG fighter=f-1-hero bbox=(652,513,745,535) mode=compact look=P2 placement=left ring=0 hardPx2=0 softPx2=0 order=0 bound=1
2026.09.30-11.34.43 TAG fighter=f-1-sk0 bbox=(1242,507,1326,529) mode=compact look=P2 placement=above ring=0 hardPx2=0 softPx2=0 order=5 bound=1
2026.09.30-11.34.43 ICON fighter=f-1-hero bbox=(850,543,882,575) size=32 src=combat anchor=right fallback=0 overlapPx2=0 texture=/Game/ArtTests/ARTMarkers/Textures/T_UI_Action_AttackToken_32
2026.09.30-11.34.43 SNAPSHOT applied seq=103 phase=COMBAT_RESOLVE
2026.09.30-11.34.43 HANDLE_APPLIED #154 seq=103 decision=2 fightersValid=1 boardValid=1
2026.09.30-11.34.43 MODE seq=103 mode=5 combat=1 pending=1
2026.09.30-11.34.43 HUD seq=103 phase=COMBAT_RESOLVE turn=opp hand=6 oppHand=4(hidden) oppDeck=9 deck=5 discard=19
2026.09.30-11.34.43 RESOLVE panel revealed: A3+B0 vs D1
2026.09.30-11.34.43 RESOLVE panel blocked by pending (type=MOVE id=cmuhgvgko00t6wi9gliac8gv6-after-0-p0)
2026.09.30-11.34.43 ARTPREVIEW fighter=Medusa hero=1 eligible=0 visual=1 mesh=SK_Medusa_H2LD
2026.09.30-11.34.43 FIGHTERS synced n=6 alive=6 own=2 enemy=4
2026.09.30-11.34.43 RESOLVE done seq=103 (apply) phase=COMBAT_RESOLVE
2026.09.30-11.34.43 SNAPSHOT applied seq=103 phase=COMBAT_RESOLVE
2026.09.30-11.34.43 HANDLE_APPLIED #155 seq=103 decision=1 fightersValid=1 boardValid=1
2026.09.30-11.34.43 MODE seq=103 mode=5 combat=1 pending=1
2026.09.30-11.34.43 HUD seq=103 phase=COMBAT_RESOLVE turn=opp hand=6 oppHand=4(hidden) oppDeck=9 deck=5 discard=19
2026.09.30-11.34.43 ARTPREVIEW fighter=Medusa hero=1 eligible=0 visual=1 mesh=SK_Medusa_H2LD
2026.09.30-11.34.43 FIGHTERS synced n=6 alive=6 own=2 enemy=4
2026.09.30-11.34.43 WS seq=103 phase=COMBAT_RESOLVE (merge)
2026.09.30-11.34.43 S09AUTO resolve-blocked shot (type=MOVE)
2026.09.30-11.34.43 SHOT ctx viewport=1920x1080 viewTarget=CameraActor_2147482348 cam=(0,1107,1582) rot=(-55,-90,0)
2026.09.30-11.34.43 RENDER tag=SHOT rhi=D3D12 featureLevel=SM6 shaderPlatform=PCD3D_SM6 lumenPlatform=1 gi=lumen giMethod=1 refl=lumen reflMethod=1 shadows=csm vsmEnable=0 sg.res=100 sg.view=2 sg.aa=2 sg.shadow=2 sg.gi=2 sg.refl=2 sg.pp=2 sg.tex=2 sg.fx=2 sg.foliage=2 sg.shading=2 sg.landscape=2 preset=High screenPct=100.0 screenPctMode=0 aa=TSR aaMethod=4 exposure=fixed-histogram expMin=4.14106 expMax=4.14106 expBias=0.000 ev100=2.05 lightUnits=candelas sky=1 skyIntensity=11.200 keyShadow=csm-3000uu-2c-contact0.000 shadowCasters=1 profile=cobble-probe profilesSha256=1ecc1e9281845655acf8b31f1dcf52a7510abfc8ba8505525ad72ee8f4ce3c4c profilesSource=pak legacyRender=0 gameLayer=unlit-eyeadaptinv tMaxFPS=30.0 vsync=0 frameRateLimit=60.0 substrate=0 nanite=1 meshDF=1 viewport=1920x1080 reference=1
2026.09.30-11.34.43 SHOT fighter f-0-hero pos=(2,3) world=(0,50,0) screen=(960,606) projected=1 alive=1
2026.09.30-11.34.43 SHOT fighter f-0-sk0 pos=(4,2) world=(200,-50,0) screen=(1271,476) projected=1 alive=1
2026.09.30-11.34.43 SHOT fighter f-0-sk1 pos=(2,1) world=(0,-150,0) screen=(960,355) projected=1 alive=1
2026.09.30-11.34.43 SHOT fighter f-0-sk2 pos=(1,2) world=(-100,-50,0) screen=(805,476) projected=1 alive=1
2026.09.30-11.34.43 SHOT fighter f-1-hero pos=(1,3) world=(-100,50,0) screen=(800,606) projected=1 alive=1
2026.09.30-11.34.43 SHOT fighter f-1-sk0 pos=(4,3) world=(200,50,0) screen=(1280,606) projected=1 alive=1
2026.09.30-11.34.43 SHOT camera dist=1930.8 target=1930.8 overview=1930.8 errPct=0.000 focusErr=0.00 settled=1 zoom=1.00
2026.09.30-11.34.43 SHOT head fighter=f-0-hero socket=Head mesh=SK_Medusa_H2LD world=(0.2,50.0,47.1) screen=(960.3,562.7) top=(960.3,557.1) bottom=(960.3,568.3) headPx=11.1 projected=1
2026.09.30-11.34.43 SHOT head fighter=f-0-sk0 socket=Head mesh=SK_Harpy_H3LD world=(199.9,-44.7,33.9) screen=(1275.5,451.5) top=(1276.3,445.8) bottom=(1274.7,457.1) headPx=11.4 projected=1
2026.09.30-11.34.43 SHOT head fighter=f-0-sk1 socket=Head mesh=SK_Harpy_H3LD world=(0.0,-144.7,34.1) screen=(960.1,328.2) top=(960.1,322.4) bottom=(960.1,334.0) headPx=11.6 projected=1
2026.09.30-11.34.43 SHOT head fighter=f-0-sk2 socket=Head mesh=SK_Harpy_H3LD world=(-100.6,-45.0,34.2) screen=(801.2,450.8) top=(800.8,445.1) bottom=(801.6,456.4) headPx=11.4 projected=1
2026.09.30-11.34.43 SHOT head fighter=f-1-hero socket=Head mesh=SK_KingArthur_H2LD world=(-100.5,49.2,50.1) screen=(795.6,559.0) top=(795.1,553.4) bottom=(796.0,564.5) headPx=11.2 projected=1
2026.09.30-11.34.43 SHOT head fighter=f-1-sk0 socket=Head mesh=SK_Merlin_H2LD world=(200.4,47.0,36.5) screen=(1285.6,568.5) top=(1286.4,563.0) bottom=(1284.7,574.0) headPx=11.2 projected=1
2026.09.30-11.34.43 SHOT figure fighter=f-0-hero bbox=(913,517,1007,644) ringR=28.50 art=1 blockout=0 team=P1 look=P1 ring=1
2026.09.30-11.34.43 SHOT figure fighter=f-0-sk0 bbox=(1234,409,1314,504) ringR=22.23 art=1 blockout=0 team=P1 look=P1 ring=1
2026.09.30-11.34.43 SHOT figure fighter=f-0-sk1 bbox=(926,288,994,381) ringR=22.23 art=1 blockout=0 team=P1 look=P1 ring=1
2026.09.30-11.34.43 SHOT figure fighter=f-0-sk2 bbox=(765,409,840,504) ringR=22.23 art=1 blockout=0 team=P1 look=P1 ring=1
2026.09.30-11.34.43 SHOT figure fighter=f-1-hero bbox=(747,513,847,644) ringR=28.50 art=1 blockout=0 team=P2 look=P2 ring=1
2026.09.30-11.34.43 SHOT figure fighter=f-1-sk0 bbox=(1243,531,1326,635) ringR=22.23 art=1 blockout=0 team=P2 look=P2 ring=1
2026.09.30-11.34.43 SHOT request file=s09-resolve-blocked-MOVE.png frame=2108
2026.09.30-11.34.43 SHOT requested: FScreenshotRequest(bShowUI) -> C:\Users\ren\AppData\Local\Temp\s09-combat-20260930-163323-20236\joiner/s09-resolve-blocked-MOVE.png
2026.09.30-11.34.43 TAG fighter=f-0-hero bbox=(909,493,1011,515) mode=compact look=P1 placement=above ring=0 hardPx2=0 softPx2=0 order=4 bound=1
2026.09.30-11.34.43 TAG fighter=f-0-sk0 bbox=(1232,385,1316,407) mode=compact look=P1 placement=above ring=0 hardPx2=0 softPx2=0 order=3 bound=1
2026.09.30-11.34.43 TAG fighter=f-0-sk1 bbox=(918,264,1002,286) mode=compact look=P1 placement=above ring=0 hardPx2=0 softPx2=0 order=1 bound=1
2026.09.30-11.34.43 TAG fighter=f-0-sk2 bbox=(761,385,845,407) mode=compact look=P1 placement=above ring=0 hardPx2=0 softPx2=0 order=2 bound=1
2026.09.30-11.34.43 TAG fighter=f-1-hero bbox=(652,513,745,535) mode=compact look=P2 placement=left ring=0 hardPx2=0 softPx2=0 order=0 bound=1
2026.09.30-11.34.43 TAG fighter=f-1-sk0 bbox=(1242,507,1326,529) mode=compact look=P2 placement=above ring=0 hardPx2=0 softPx2=0 order=5 bound=1
2026.09.30-11.34.43 ICON fighter=f-1-hero bbox=(850,543,882,575) size=32 src=combat anchor=right fallback=0 overlapPx2=0 texture=/Game/ArtTests/ARTMarkers/Textures/T_UI_Action_AttackToken_32
2026.09.30-11.34.43 SHOT captured file=s09-resolve-blocked-MOVE.png frame=2108 px=1920x1080 sha256=b414d90097f8f5827351115336a01e0be05be95a5e8784f161b8cf6a7c0d36cd order=BGRA saved=1
2026.09.30-11.34.43 SHOT late begin file=s09-resolve-blocked-MOVE.png frame=2108 requestFrame=2108
2026.09.30-11.34.43 SHOT icon fighter=f-1-hero bbox=(850,543,882,575) size=32 src=combat planned=(850,543,882,575) geom=painted visible=1 anchor=right fallback=0 overlapPx2=0 texture=/Game/ArtTests/ARTMarkers/Textures/T_UI_Action_AttackToken_32 frame=2108
2026.09.30-11.34.43 SHOT widget id=icon impl=umg state=combat fighter=f-1-hero bbox=(850,543,882,575) geom=painted visible=1 twin=0 source=/Game/S08/UI/ArtHud/WBP_S08ArtIcon frame=2108
2026.09.30-11.34.43 SHOT widget id=board.tag impl=umg state=compact fighter=f-0-hero bbox=(909,493,1011,515) geom=painted visible=1 twin=0 source=/Game/S08/UI/ArtHud/WBP_S08ArtTag mode=compact look=P1 shape=circle placement=above ring=0 order=4 bound=1 softPx2=0 planned=(909,493,1011,515) frame=2108
2026.09.30-11.34.43 SHOT widget id=board.tag.hp impl=umg state=compact fighter=f-0-hero bbox=(965,495,1007,513) geom=painted visible=1 twin=0 source=/Game/S08/UI/ArtHud/WBP_S08ArtTag mode=compact look=P1 shape=circle placement=above ring=0 order=4 bound=1 softPx2=0 planned=(909,493,1011,515) frame=2108 font=11
2026.09.30-11.34.43 SHOT widget id=board.tag.bar impl=umg state=compact fighter=f-0-hero bbox=(928,502,962,507) geom=painted visible=1 twin=0 source=/Game/S08/UI/ArtHud/WBP_S08ArtTag mode=compact look=P1 shape=circle placement=above ring=0 order=4 bound=1 softPx2=0 planned=(909,493,1011,515) frame=2108
2026.09.30-11.34.43 SHOT widget id=board.tag.chip impl=umg state=compact fighter=f-0-hero bbox=(913,498,925,510) geom=painted visible=1 twin=0 source=/Game/S08/UI/ArtHud/WBP_S08ArtTag mode=compact look=P1 shape=circle placement=above ring=0 order=4 bound=1 softPx2=0 planned=(909,493,1011,515) frame=2108
2026.09.30-11.34.43 SHOT widget id=board.tag impl=umg state=compact fighter=f-0-sk0 bbox=(1232,385,1316,407) geom=painted visible=1 twin=0 source=/Game/S08/UI/ArtHud/WBP_S08ArtTag mode=compact look=P1 shape=circle placement=above ring=0 order=3 bound=1 softPx2=0 planned=(1232,385,1316,407) frame=2108
2026.09.30-11.34.43 SHOT widget id=board.tag.hp impl=umg state=compact fighter=f-0-sk0 bbox=(1288,387,1312,405) geom=painted visible=1 twin=0 source=/Game/S08/UI/ArtHud/WBP_S08ArtTag mode=compact look=P1 shape=circle placement=above ring=0 order=3 bound=1 softPx2=0 planned=(1232,385,1316,407) frame=2108 font=11
2026.09.30-11.34.43 SHOT widget id=board.tag.bar impl=umg state=compact fighter=f-0-sk0 bbox=(1251,394,1285,399) geom=painted visible=1 twin=0 source=/Game/S08/UI/ArtHud/WBP_S08ArtTag mode=compact look=P1 shape=circle placement=above ring=0 order=3 bound=1 softPx2=0 planned=(1232,385,1316,407) frame=2108
2026.09.30-11.34.43 SHOT widget id=board.tag.chip impl=umg state=compact fighter=f-0-sk0 bbox=(1236,390,1248,402) geom=painted visible=1 twin=0 source=/Game/S08/UI/ArtHud/WBP_S08ArtTag mode=compact look=P1 shape=circle placement=above ring=0 order=3 bound=1 softPx2=0 planned=(1232,385,1316,407) frame=2108
2026.09.30-11.34.43 SHOT widget id=board.tag impl=umg state=compact fighter=f-0-sk1 bbox=(918,264,1002,286) geom=painted visible=1 twin=0 source=/Game/S08/UI/ArtHud/WBP_S08ArtTag mode=compact look=P1 shape=circle placement=above ring=0 order=1 bound=1 softPx2=0 planned=(918,264,1002,286) frame=2108
2026.09.30-11.34.43 SHOT widget id=board.tag.hp impl=umg state=compact fighter=f-0-sk1 bbox=(974,266,998,284) geom=painted visible=1 twin=0 source=/Game/S08/UI/ArtHud/WBP_S08ArtTag mode=compact look=P1 shape=circle placement=above ring=0 order=1 bound=1 softPx2=0 planned=(918,264,1002,286) frame=2108 font=11
2026.09.30-11.34.43 SHOT widget id=board.tag.bar impl=umg state=compact fighter=f-0-sk1 bbox=(937,273,971,278) geom=painted visible=1 twin=0 source=/Game/S08/UI/ArtHud/WBP_S08ArtTag mode=compact look=P1 shape=circle placement=above ring=0 order=1 bound=1 softPx2=0 planned=(918,264,1002,286) frame=2108
2026.09.30-11.34.43 SHOT widget id=board.tag.chip impl=umg state=compact fighter=f-0-sk1 bbox=(922,269,934,281) geom=painted visible=1 twin=0 source=/Game/S08/UI/ArtHud/WBP_S08ArtTag mode=compact look=P1 shape=circle placement=above ring=0 order=1 bound=1 softPx2=0 planned=(918,264,1002,286) frame=2108
2026.09.30-11.34.43 SHOT widget id=board.tag impl=umg state=compact fighter=f-0-sk2 bbox=(761,385,845,407) geom=painted visible=1 twin=0 source=/Game/S08/UI/ArtHud/WBP_S08ArtTag mode=compact look=P1 shape=circle placement=above ring=0 order=2 bound=1 softPx2=0 planned=(761,385,845,407) frame=2108
2026.09.30-11.34.43 SHOT widget id=board.tag.hp impl=umg state=compact fighter=f-0-sk2 bbox=(817,387,841,405) geom=painted visible=1 twin=0 source=/Game/S08/UI/ArtHud/WBP_S08ArtTag mode=compact look=P1 shape=circle placement=above ring=0 order=2 bound=1 softPx2=0 planned=(761,385,845,407) frame=2108 font=11
2026.09.30-11.34.43 SHOT widget id=board.tag.bar impl=umg state=compact fighter=f-0-sk2 bbox=(780,394,814,399) geom=painted visible=1 twin=0 source=/Game/S08/UI/ArtHud/WBP_S08ArtTag mode=compact look=P1 shape=circle placement=above ring=0 order=2 bound=1 softPx2=0 planned=(761,385,845,407) frame=2108
2026.09.30-11.34.43 SHOT widget id=board.tag.chip impl=umg state=compact fighter=f-0-sk2 bbox=(765,390,777,402) geom=painted visible=1 twin=0 source=/Game/S08/UI/ArtHud/WBP_S08ArtTag mode=compact look=P1 shape=circle placement=above ring=0 order=2 bound=1 softPx2=0 planned=(761,385,845,407) frame=2108
2026.09.30-11.34.43 SHOT widget id=board.tag impl=umg state=compact fighter=f-1-hero bbox=(652,513,745,535) geom=painted visible=1 twin=0 source=/Game/S08/UI/ArtHud/WBP_S08ArtTag mode=compact look=P2 shape=hex placement=left ring=0 order=0 bound=1 softPx2=0 planned=(652,513,745,535) frame=2108
2026.09.30-11.34.43 SHOT widget id=board.tag.hp impl=umg state=compact fighter=f-1-hero bbox=(708,515,741,533) geom=painted visible=1 twin=0 source=/Game/S08/UI/ArtHud/WBP_S08ArtTag mode=compact look=P2 shape=hex placement=left ring=0 order=0 bound=1 softPx2=0 planned=(652,513,745,535) frame=2108 font=11
2026.09.30-11.34.43 SHOT widget id=board.tag.bar impl=umg state=compact fighter=f-1-hero bbox=(671,522,705,527) geom=painted visible=1 twin=0 source=/Game/S08/UI/ArtHud/WBP_S08ArtTag mode=compact look=P2 shape=hex placement=left ring=0 order=0 bound=1 softPx2=0 planned=(652,513,745,535) frame=2108
2026.09.30-11.34.43 SHOT widget id=board.tag.chip impl=umg state=compact fighter=f-1-hero bbox=(656,518,668,530) geom=painted visible=1 twin=0 source=/Game/S08/UI/ArtHud/WBP_S08ArtTag mode=compact look=P2 shape=hex placement=left ring=0 order=0 bound=1 softPx2=0 planned=(652,513,745,535) frame=2108
2026.09.30-11.34.43 SHOT widget id=board.tag impl=umg state=compact fighter=f-1-sk0 bbox=(1242,507,1326,529) geom=painted visible=1 twin=0 source=/Game/S08/UI/ArtHud/WBP_S08ArtTag mode=compact look=P2 shape=hex placement=above ring=0 order=5 bound=1 softPx2=0 planned=(1242,507,1326,529) frame=2108
2026.09.30-11.34.43 SHOT widget id=board.tag.hp impl=umg state=compact fighter=f-1-sk0 bbox=(1298,509,1322,527) geom=painted visible=1 twin=0 source=/Game/S08/UI/ArtHud/WBP_S08ArtTag mode=compact look=P2 shape=hex placement=above ring=0 order=5 bound=1 softPx2=0 planned=(1242,507,1326,529) frame=2108 font=11
2026.09.30-11.34.43 SHOT widget id=board.tag.bar impl=umg state=compact fighter=f-1-sk0 bbox=(1261,516,1295,521) geom=painted visible=1 twin=0 source=/Game/S08/UI/ArtHud/WBP_S08ArtTag mode=compact look=P2 shape=hex placement=above ring=0 order=5 bound=1 softPx2=0 planned=(1242,507,1326,529) frame=2108
2026.09.30-11.34.43 SHOT widget id=board.tag.chip impl=umg state=compact fighter=f-1-sk0 bbox=(1246,512,1258,524) geom=painted visible=1 twin=0 source=/Game/S08/UI/ArtHud/WBP_S08ArtTag mode=compact look=P2 shape=hex placement=above ring=0 order=5 bound=1 softPx2=0 planned=(1242,507,1326,529) frame=2108
2026.09.30-11.34.43 SHOT panel id=hud.command bbox=(0,0,615,278) geom=painted visible=1 frame=2108
2026.09.30-11.34.43 SHOT panel id=hud.side bbox=(1420,0,1920,121) geom=painted visible=1 frame=2108
2026.09.30-11.34.43 SHOT panel id=hud.hand bbox=(237,985,1684,1080) geom=painted visible=1 frame=2108
2026.09.30-11.34.43 SHOT late end file=s09-resolve-blocked-MOVE.png frame=2108
2026.09.30-11.34.43 TAG fighter=f-0-hero bbox=(909,493,1011,515) mode=compact look=P1 placement=above ring=0 hardPx2=0 softPx2=0 order=4 bound=1
2026.09.30-11.34.43 TAG fighter=f-0-sk0 bbox=(1232,385,1316,407) mode=compact look=P1 placement=above ring=0 hardPx2=0 softPx2=0 order=3 bound=1
2026.09.30-11.34.43 TAG fighter=f-0-sk1 bbox=(918,264,1002,286) mode=compact look=P1 placement=above ring=0 hardPx2=0 softPx2=0 order=1 bound=1
2026.09.30-11.34.43 TAG fighter=f-0-sk2 bbox=(761,385,845,407) mode=compact look=P1 placement=above ring=0 hardPx2=0 softPx2=0 order=2 bound=1
2026.09.30-11.34.43 TAG fighter=f-1-hero bbox=(652,513,745,535) mode=compact look=P2 placement=left ring=0 hardPx2=0 softPx2=0 order=0 bound=1
2026.09.30-11.34.43 TAG fighter=f-1-sk0 bbox=(1242,507,1326,529) mode=compact look=P2 placement=above ring=0 hardPx2=0 softPx2=0 order=5 bound=1
2026.09.30-11.34.43 ICON fighter=f-1-hero bbox=(850,543,882,575) size=32 src=combat anchor=right fallback=0 overlapPx2=0 texture=/Game/ArtTests/ARTMarkers/Textures/T_UI_Action_AttackToken_32
2026.09.30-11.34.43 SNAPSHOT applied seq=104 phase=ACTION_MANEUVER
2026.09.30-11.34.43 HANDLE_APPLIED #156 seq=104 decision=2 fightersValid=1 boardValid=1
2026.09.30-11.34.43 COMBAT-RESULT seq=104 damage=0 role=defended
2026.09.30-11.34.43 ARTPREVIEW combat marker fighter=Medusa attacker=0 target=0 icon=0 targetMesh=SM_Marker_TargetRing iconMode=screen
2026.09.30-11.34.43 ARTPREVIEW combat marker fighter=King Arthur attacker=0 target=0 icon=0 targetMesh=SM_Marker_TargetRing iconMode=screen
2026.09.30-11.34.43 RESOLVE panel revealed: A3+B0 vs D1
2026.09.30-11.34.43 closed mode=
2026.09.30-11.34.43 MODE seq=104 mode=0 combat=0 pending=0
2026.09.30-11.34.43 HUD seq=104 phase=ACTION_MANEUVER turn=opp hand=6 oppHand=4(hidden) oppDeck=9~ deck=5~ discard=19
2026.09.30-11.34.43 ARTPREVIEW fighter=Medusa hero=1 eligible=0 visual=1 mesh=SK_Medusa_H2LD
2026.09.30-11.34.43 FIGHTERS synced n=6 alive=6 own=2 enemy=4
2026.09.30-11.34.43 WS seq=104 phase=ACTION_MANEUVER (apply)
2026.09.30-11.34.43 S09AUTO drive mode=0 plan=[defend+resolve] phase=ACTION_MANEUVER turn=cmukie55u0000wiao06h107t9
2026.09.30-11.34.43 TAG fighter=f-0-hero bbox=(909,493,1011,515) mode=compact look=P1 placement=above ring=0 hardPx2=0 softPx2=0 order=4 bound=1
2026.09.30-11.34.43 TAG fighter=f-0-sk0 bbox=(1232,385,1316,407) mode=compact look=P1 placement=above ring=0 hardPx2=0 softPx2=0 order=2 bound=1
2026.09.30-11.34.43 TAG fighter=f-0-sk1 bbox=(918,264,1002,286) mode=compact look=P1 placement=above ring=0 hardPx2=0 softPx2=0 order=0 bound=1
2026.09.30-11.34.43 TAG fighter=f-0-sk2 bbox=(761,385,845,407) mode=compact look=P1 placement=above ring=0 hardPx2=0 softPx2=0 order=1 bound=1
2026.09.30-11.34.43 TAG fighter=f-1-hero bbox=(652,513,745,535) mode=compact look=P2 placement=left ring=0 hardPx2=0 softPx2=0 order=3 bound=1
2026.09.30-11.34.43 TAG fighter=f-1-sk0 bbox=(1242,507,1326,529) mode=compact look=P2 placement=above ring=0 hardPx2=0 softPx2=0 order=5 bound=1
2026.09.30-11.34.43 HUD icon hidden fighter=f-1-hero
2026.09.30-11.34.43 TAG fighter=f-0-hero bbox=(909,493,1011,515) mode=compact look=P1 placement=above ring=0 hardPx2=0 softPx2=0 order=4 bound=1
2026.09.30-11.34.43 TAG fighter=f-0-sk0 bbox=(1232,385,1316,407) mode=compact look=P1 placement=above ring=0 hardPx2=0 softPx2=0 order=2 bound=1
2026.09.30-11.34.43 TAG fighter=f-0-sk1 bbox=(918,264,1002,286) mode=compact look=P1 placement=above ring=0 hardPx2=0 softPx2=0 order=0 bound=1
2026.09.30-11.34.43 TAG fighter=f-0-sk2 bbox=(761,385,845,407) mode=compact look=P1 placement=above ring=0 hardPx2=0 softPx2=0 order=1 bound=1
2026.09.30-11.34.43 TAG fighter=f-1-hero bbox=(652,513,745,535) mode=compact look=P2 placement=left ring=0 hardPx2=0 softPx2=0 order=3 bound=1
2026.09.30-11.34.43 TAG fighter=f-1-sk0 bbox=(1242,507,1326,529) mode=compact look=P2 placement=above ring=0 hardPx2=0 softPx2=0 order=5 bound=1
2026.09.30-11.34.43 game -> room=cmuo11ar100ubwiwwv3dxqwgm code=<redacted> status=IN_PROGRESS
2026.09.30-11.34.43 SNAPSHOT applied seq=105 phase=COMBAT
2026.09.30-11.34.43 HANDLE_APPLIED #157 seq=105 decision=2 fightersValid=1 boardValid=1
2026.09.30-11.34.43 closed mode=
2026.09.30-11.34.43 MODE seq=105 mode=4 combat=1 pending=0
2026.09.30-11.34.43 HUD seq=105 phase=COMBAT turn=opp hand=6 oppHand=3(hidden) oppDeck=9~ deck=5~ discard=19
2026.09.30-11.34.43 ARTPREVIEW combat marker fighter=Medusa attacker=1 target=0 icon=0 targetMesh=SM_Marker_TargetRing iconMode=screen
2026.09.30-11.34.43 ARTPREVIEW combat marker fighter=King Arthur attacker=0 target=1 icon=1 targetMesh=SM_Marker_TargetRing iconMode=screen
2026.09.30-11.34.43 ARTPREVIEW fighter=Medusa hero=1 eligible=0 visual=1 mesh=SK_Medusa_H2LD
2026.09.30-11.34.43 FIGHTERS synced n=6 alive=6 own=2 enemy=4
2026.09.30-11.34.43 WS seq=105 phase=COMBAT (apply)
2026.09.30-11.34.43 S09AUTO drive mode=4 plan=[defend+resolve] phase=COMBAT turn=cmukie55u0000wiao06h107t9
2026.09.30-11.34.43 S09AUTO no legal defense card - falling back to no-defense
2026.09.30-11.34.43 NO-DEFENSE sent (defender closes the window)
2026.09.30-11.34.43 TAG fighter=f-0-hero bbox=(909,493,1011,515) mode=compact look=P1 placement=above ring=0 hardPx2=0 softPx2=0 order=4 bound=1
2026.09.30-11.34.43 TAG fighter=f-0-sk0 bbox=(1232,385,1316,407) mode=compact look=P1 placement=above ring=0 hardPx2=0 softPx2=0 order=3 bound=1
2026.09.30-11.34.43 TAG fighter=f-0-sk1 bbox=(918,264,1002,286) mode=compact look=P1 placement=above ring=0 hardPx2=0 softPx2=0 order=1 bound=1
2026.09.30-11.34.43 TAG fighter=f-0-sk2 bbox=(761,385,845,407) mode=compact look=P1 placement=above ring=0 hardPx2=0 softPx2=0 order=2 bound=1
2026.09.30-11.34.43 TAG fighter=f-1-hero bbox=(652,513,745,535) mode=compact look=P2 placement=left ring=0 hardPx2=0 softPx2=0 order=0 bound=1
2026.09.30-11.34.43 TAG fighter=f-1-sk0 bbox=(1242,507,1326,529) mode=compact look=P2 placement=above ring=0 hardPx2=0 softPx2=0 order=5 bound=1
2026.09.30-11.34.43 ICON fighter=f-1-hero bbox=(850,543,882,575) size=32 src=combat anchor=right fallback=0 overlapPx2=0 texture=/Game/ArtTests/ARTMarkers/Textures/T_UI_Action_AttackToken_32
2026.09.30-11.34.43 TAG fighter=f-0-hero bbox=(909,493,1011,515) mode=compact look=P1 placement=above ring=0 hardPx2=0 softPx2=0 order=4 bound=1
2026.09.30-11.34.43 TAG fighter=f-0-sk0 bbox=(1232,385,1316,407) mode=compact look=P1 placement=above ring=0 hardPx2=0 softPx2=0 order=3 bound=1
2026.09.30-11.34.43 TAG fighter=f-0-sk1 bbox=(918,264,1002,286) mode=compact look=P1 placement=above ring=0 hardPx2=0 softPx2=0 order=1 bound=1
2026.09.30-11.34.43 TAG fighter=f-0-sk2 bbox=(761,385,845,407) mode=compact look=P1 placement=above ring=0 hardPx2=0 softPx2=0 order=2 bound=1
2026.09.30-11.34.43 TAG fighter=f-1-hero bbox=(652,513,745,535) mode=compact look=P2 placement=left ring=0 hardPx2=0 softPx2=0 order=0 bound=1
2026.09.30-11.34.43 TAG fighter=f-1-sk0 bbox=(1242,507,1326,529) mode=compact look=P2 placement=above ring=0 hardPx2=0 softPx2=0 order=5 bound=1
2026.09.30-11.34.43 ICON fighter=f-1-hero bbox=(850,543,882,575) size=32 src=combat anchor=right fallback=0 overlapPx2=0 texture=/Game/ArtTests/ARTMarkers/Textures/T_UI_Action_AttackToken_32
2026.09.30-11.34.43 SNAPSHOT applied seq=106 phase=COMBAT_RESOLVE
2026.09.30-11.34.43 HANDLE_APPLIED #158 seq=106 decision=2 fightersValid=1 boardValid=1
2026.09.30-11.34.43 ARTPREVIEW anim fighter=f-0-hero clip=LungeAttack len=0.583 event=attack loop=0 phase=0.0000 seq=106 asset=AM_Medusa_LungeAttack
2026.09.30-11.34.43 closed mode=
2026.09.30-11.34.43 MODE seq=106 mode=5 combat=1 pending=1
2026.09.30-11.34.43 HUD seq=106 phase=COMBAT_RESOLVE turn=opp hand=6 oppHand=3(hidden) oppDeck=9 deck=5 discard=19
2026.09.30-11.34.43 ARTPREVIEW fighter=Medusa hero=1 eligible=0 visual=1 mesh=SK_Medusa_H2LD
2026.09.30-11.34.43 FIGHTERS synced n=6 alive=6 own=2 enemy=4
2026.09.30-11.34.43 ARTPREVIEW damage-number fighter=f-1-hero amount=3 seq=106 cell=(1,3)
2026.09.30-11.34.43 ARTPREVIEW anim fighter=f-1-hero clip=HitReact len=0.417 event=damaged loop=0 phase=0.0000 seq=106 asset=AM_KingArthur_HitReact
2026.09.30-11.34.43 CUE damage f-1-hero -3 seq=106
2026.09.30-11.34.43 RESOLVE done seq=106 (apply) phase=COMBAT_RESOLVE
2026.09.30-11.34.43 SNAPSHOT applied seq=106 phase=COMBAT_RESOLVE
2026.09.30-11.34.43 HANDLE_APPLIED #159 seq=106 decision=1 fightersValid=1 boardValid=1
2026.09.30-11.34.43 MODE seq=106 mode=5 combat=1 pending=1
2026.09.30-11.34.43 HUD seq=106 phase=COMBAT_RESOLVE turn=opp hand=6 oppHand=3(hidden) oppDeck=9 deck=5 discard=19
2026.09.30-11.34.43 ARTPREVIEW fighter=Medusa hero=1 eligible=0 visual=1 mesh=SK_Medusa_H2LD
2026.09.30-11.34.43 FIGHTERS synced n=6 alive=6 own=2 enemy=4
2026.09.30-11.34.43 WS seq=106 phase=COMBAT_RESOLVE (merge)
2026.09.30-11.34.43 S09AUTO drive mode=5 plan=[defend+resolve] phase=COMBAT_RESOLVE turn=cmukie55u0000wiao06h107t9
2026.09.30-11.34.43 S09AUTO resolve
2026.09.30-11.34.43 TAG fighter=f-0-hero bbox=(909,493,1011,515) mode=compact look=P1 placement=above ring=0 hardPx2=0 softPx2=0 order=4 bound=1
2026.09.30-11.34.43 TAG fighter=f-0-sk0 bbox=(1232,385,1316,407) mode=compact look=P1 placement=above ring=0 hardPx2=0 softPx2=0 order=3 bound=1
2026.09.30-11.34.43 TAG fighter=f-0-sk1 bbox=(918,264,1002,286) mode=compact look=P1 placement=above ring=0 hardPx2=0 softPx2=0 order=1 bound=1
2026.09.30-11.34.43 TAG fighter=f-0-sk2 bbox=(761,385,845,407) mode=compact look=P1 placement=above ring=0 hardPx2=0 softPx2=0 order=2 bound=1
2026.09.30-11.34.43 TAG fighter=f-1-hero bbox=(652,513,745,535) mode=compact look=P2 placement=left ring=0 hardPx2=0 softPx2=0 order=0 bound=1
2026.09.30-11.34.43 TAG fighter=f-1-sk0 bbox=(1242,507,1326,529) mode=compact look=P2 placement=above ring=0 hardPx2=0 softPx2=0 order=5 bound=1
2026.09.30-11.34.43 ICON fighter=f-1-hero bbox=(850,543,882,575) size=32 src=combat anchor=right fallback=0 overlapPx2=0 texture=/Game/ArtTests/ARTMarkers/Textures/T_UI_Action_AttackToken_32
2026.09.30-11.34.43 DAMAGE fighter=f-1-hero bbox=(679,483,719,511) amount=3 seq=106 placement=above ring=0 hardPx2=0 softPx2=0
2026.09.30-11.34.43 S09AUTO resolve
2026.09.30-11.34.43 TAG fighter=f-0-hero bbox=(909,493,1011,515) mode=compact look=P1 placement=above ring=0 hardPx2=0 softPx2=0 order=4 bound=1
2026.09.30-11.34.43 TAG fighter=f-0-sk0 bbox=(1232,385,1316,407) mode=compact look=P1 placement=above ring=0 hardPx2=0 softPx2=0 order=3 bound=1
2026.09.30-11.34.43 TAG fighter=f-0-sk1 bbox=(918,264,1002,286) mode=compact look=P1 placement=above ring=0 hardPx2=0 softPx2=0 order=1 bound=1
2026.09.30-11.34.43 TAG fighter=f-0-sk2 bbox=(761,385,845,407) mode=compact look=P1 placement=above ring=0 hardPx2=0 softPx2=0 order=2 bound=1
2026.09.30-11.34.43 TAG fighter=f-1-hero bbox=(652,513,745,535) mode=compact look=P2 placement=left ring=0 hardPx2=0 softPx2=0 order=0 bound=1
2026.09.30-11.34.43 TAG fighter=f-1-sk0 bbox=(1242,507,1326,529) mode=compact look=P2 placement=above ring=0 hardPx2=0 softPx2=0 order=5 bound=1
2026.09.30-11.34.43 ICON fighter=f-1-hero bbox=(850,543,882,575) size=32 src=combat anchor=right fallback=0 overlapPx2=0 texture=/Game/ArtTests/ARTMarkers/Textures/T_UI_Action_AttackToken_32
2026.09.30-11.34.43 S09AUTO resolve
2026.09.30-11.34.43 SNAPSHOT applied seq=107 phase=ACTION_MANEUVER
2026.09.30-11.34.43 HANDLE_APPLIED #160 seq=107 decision=2 fightersValid=1 boardValid=1
2026.09.30-11.34.43 COMBAT-RESULT seq=107 damage=3 role=defended
2026.09.30-11.34.43 ARTPREVIEW combat marker fighter=Medusa attacker=0 target=0 icon=0 targetMesh=SM_Marker_TargetRing iconMode=screen
2026.09.30-11.34.43 ARTPREVIEW combat marker fighter=King Arthur attacker=0 target=0 icon=0 targetMesh=SM_Marker_TargetRing iconMode=screen
2026.09.30-11.34.43 closed mode=
2026.09.30-11.34.43 MODE seq=107 mode=0 combat=0 pending=0
2026.09.30-11.34.43 HUD seq=107 phase=ACTION_MANEUVER turn=you hand=6 oppHand=3(hidden) oppDeck=9~ deck=5~ discard=19
2026.09.30-11.34.43 ARTPREVIEW fighter=Medusa hero=1 eligible=0 visual=1 mesh=SK_Medusa_H2LD
2026.09.30-11.34.43 FIGHTERS synced n=6 alive=6 own=2 enemy=4
2026.09.30-11.34.43 WS seq=107 phase=ACTION_MANEUVER (apply)
2026.09.30-11.34.43 S09AUTO drive mode=0 plan=[defend+resolve] phase=ACTION_MANEUVER turn=cmukie57j0001wiaofr67k2vd
2026.09.30-11.34.43 S09AUTO own turn #9 (turnCount=20)
2026.09.30-11.34.43 TAG fighter=f-0-hero bbox=(909,493,1011,515) mode=compact look=P1 placement=above ring=0 hardPx2=0 softPx2=0 order=4 bound=1
2026.09.30-11.34.43 TAG fighter=f-0-sk0 bbox=(1232,385,1316,407) mode=compact look=P1 placement=above ring=0 hardPx2=0 softPx2=0 order=3 bound=1
2026.09.30-11.34.43 TAG fighter=f-0-sk1 bbox=(918,264,1002,286) mode=compact look=P1 placement=above ring=0 hardPx2=0 softPx2=0 order=1 bound=1
2026.09.30-11.34.43 TAG fighter=f-0-sk2 bbox=(761,385,845,407) mode=compact look=P1 placement=above ring=0 hardPx2=0 softPx2=0 order=2 bound=1
2026.09.30-11.34.43 TAG fighter=f-1-hero bbox=(652,513,745,535) mode=compact look=P2 placement=left ring=0 hardPx2=0 softPx2=0 order=0 bound=1
2026.09.30-11.34.43 TAG fighter=f-1-sk0 bbox=(1242,507,1326,529) mode=compact look=P2 placement=above ring=0 hardPx2=0 softPx2=0 order=5 bound=1
2026.09.30-11.34.43 HUD icon hidden fighter=f-1-hero
2026.09.30-11.34.43 TAG fighter=f-0-hero bbox=(909,493,1011,515) mode=compact look=P1 placement=above ring=0 hardPx2=0 softPx2=0 order=4 bound=1
2026.09.30-11.34.43 TAG fighter=f-0-sk0 bbox=(1232,385,1316,407) mode=compact look=P1 placement=above ring=0 hardPx2=0 softPx2=0 order=3 bound=1
2026.09.30-11.34.43 TAG fighter=f-0-sk1 bbox=(918,264,1002,286) mode=compact look=P1 placement=above ring=0 hardPx2=0 softPx2=0 order=1 bound=1
2026.09.30-11.34.43 TAG fighter=f-0-sk2 bbox=(761,385,845,407) mode=compact look=P1 placement=above ring=0 hardPx2=0 softPx2=0 order=2 bound=1
2026.09.30-11.34.43 TAG fighter=f-1-hero bbox=(652,513,745,535) mode=compact look=P2 placement=left ring=0 hardPx2=0 softPx2=0 order=0 bound=1
2026.09.30-11.34.43 TAG fighter=f-1-sk0 bbox=(1242,507,1326,529) mode=compact look=P2 placement=above ring=0 hardPx2=0 softPx2=0 order=5 bound=1
2026.09.30-11.34.43 SNAPSHOT applied seq=108 phase=ACTION_MANEUVER
2026.09.30-11.34.43 HANDLE_APPLIED #161 seq=108 decision=2 fightersValid=1 boardValid=1
2026.09.30-11.34.43 MANEUVER-DRAFT mode=maneuver:20:107
2026.09.30-11.34.43 DRAFT-OPEN draw committed (resume instead of begin)
2026.09.30-11.34.43 MODE seq=108 mode=1 combat=0 pending=0
2026.09.30-11.34.43 HUD seq=108 phase=ACTION_MANEUVER turn=you hand=7 oppHand=3(hidden) oppDeck=9 deck=4 discard=19
2026.09.30-11.34.43 ARTPREVIEW fighter=Medusa hero=1 eligible=0 visual=1 mesh=SK_Medusa_H2LD
2026.09.30-11.34.43 FIGHTERS synced n=6 alive=6 own=2 enemy=4
2026.09.30-11.34.43 MANEUVER begin seq=108 (apply) pending=maneuver:20:107
2026.09.30-11.34.43 SNAPSHOT applied seq=108 phase=ACTION_MANEUVER
2026.09.30-11.34.43 HANDLE_APPLIED #162 seq=108 decision=1 fightersValid=1 boardValid=1
2026.09.30-11.34.43 MODE seq=108 mode=1 combat=0 pending=0
2026.09.30-11.34.43 HUD seq=108 phase=ACTION_MANEUVER turn=you hand=7 oppHand=3(hidden) oppDeck=9 deck=4 discard=19
2026.09.30-11.34.43 ARTPREVIEW fighter=Medusa hero=1 eligible=0 visual=1 mesh=SK_Medusa_H2LD
2026.09.30-11.34.43 FIGHTERS synced n=6 alive=6 own=2 enemy=4
2026.09.30-11.34.43 WS seq=108 phase=ACTION_MANEUVER (merge)
2026.09.30-11.34.43 S09AUTO drive mode=1 plan=[defend+resolve] phase=ACTION_MANEUVER turn=cmukie57j0001wiaofr67k2vd
2026.09.30-11.34.43 MANEUVER-CONFIRM moves=1 boost=none
2026.09.30-11.34.43 HUD plate content fighter=f-1-hero name=King Arthur hp=5/18 team=own statuses=HERO  |  MELEE teamSlot=P2 look=P2 shape=hexagon chip=#5786A8
2026.09.30-11.34.43 PLATE fighter=f-1-hero bbox=(849,453,1021,507) overlapReachable=0 placement=above ring=0 gap=6 selection=f-1-hero destinations=6 clean=1 softPx2=0 tested=122 bound=1
2026.09.30-11.34.43 TAG fighter=f-0-hero bbox=(1009,517,1111,539) mode=compact look=P1 placement=right ring=0 hardPx2=0 softPx2=0 order=3 bound=1
2026.09.30-11.34.43 TAG fighter=f-0-sk0 bbox=(1232,385,1316,407) mode=compact look=P1 placement=above ring=0 hardPx2=0 softPx2=0 order=2 bound=1
2026.09.30-11.34.43 TAG fighter=f-0-sk1 bbox=(918,264,1002,286) mode=compact look=P1 placement=above ring=0 hardPx2=0 softPx2=0 order=0 bound=1
2026.09.30-11.34.43 TAG fighter=f-0-sk2 bbox=(761,385,845,407) mode=compact look=P1 placement=above ring=0 hardPx2=0 softPx2=0 order=1 bound=1
2026.09.30-11.34.43 TAG fighter=f-1-sk0 bbox=(1242,507,1326,529) mode=compact look=P2 placement=above ring=0 hardPx2=0 softPx2=0 order=4 bound=1
2026.09.30-11.34.43 DAMAGE fighter=f-1-hero bbox=(849,564,889,592) amount=3 seq=106 placement=right ring=0 hardPx2=0 softPx2=0
2026.09.30-11.34.43 TAG fighter=f-0-hero bbox=(1009,517,1111,539) mode=compact look=P1 placement=right ring=0 hardPx2=0 softPx2=0 order=3 bound=1
2026.09.30-11.34.43 TAG fighter=f-0-sk0 bbox=(1232,385,1316,407) mode=compact look=P1 placement=above ring=0 hardPx2=0 softPx2=0 order=2 bound=1
2026.09.30-11.34.43 TAG fighter=f-0-sk1 bbox=(918,264,1002,286) mode=compact look=P1 placement=above ring=0 hardPx2=0 softPx2=0 order=0 bound=1
2026.09.30-11.34.43 TAG fighter=f-0-sk2 bbox=(761,385,845,407) mode=compact look=P1 placement=above ring=0 hardPx2=0 softPx2=0 order=1 bound=1
2026.09.30-11.34.43 TAG fighter=f-1-sk0 bbox=(1242,507,1326,529) mode=compact look=P2 placement=above ring=0 hardPx2=0 softPx2=0 order=4 bound=1
2026.09.30-11.34.43 SNAPSHOT applied seq=109 phase=ACTION_MANEUVER
2026.09.30-11.34.43 HANDLE_APPLIED #163 seq=109 decision=2 fightersValid=1 boardValid=1
2026.09.30-11.34.43 closed mode=
2026.09.30-11.34.43 MODE seq=109 mode=0 combat=0 pending=0
2026.09.30-11.34.43 HUD seq=109 phase=ACTION_MANEUVER turn=you hand=7 oppHand=3(hidden) oppDeck=9 deck=4 discard=19
2026.09.30-11.34.43 ARTPREVIEW fighter=Medusa hero=1 eligible=0 visual=1 mesh=SK_Medusa_H2LD
2026.09.30-11.34.43 FIGHTERS synced n=6 alive=6 own=2 enemy=4
2026.09.30-11.34.43 CUE move f-1-hero (1,3)->(0,3) seq=109
2026.09.30-11.34.43 MANEUVER done seq=109 (apply) fighters=6 boost=no
2026.09.30-11.34.43 SNAPSHOT applied seq=109 phase=ACTION_MANEUVER
2026.09.30-11.34.43 HANDLE_APPLIED #164 seq=109 decision=1 fightersValid=1 boardValid=1
2026.09.30-11.34.43 MODE seq=109 mode=0 combat=0 pending=0
2026.09.30-11.34.43 HUD seq=109 phase=ACTION_MANEUVER turn=you hand=7 oppHand=3(hidden) oppDeck=9 deck=4 discard=19
2026.09.30-11.34.43 ARTPREVIEW fighter=Medusa hero=1 eligible=0 visual=1 mesh=SK_Medusa_H2LD
2026.09.30-11.34.43 FIGHTERS synced n=6 alive=6 own=2 enemy=4
2026.09.30-11.34.43 WS seq=109 phase=ACTION_MANEUVER (merge)
2026.09.30-11.34.43 PLATE hidden fighter=f-1-hero
2026.09.30-11.34.43 TAG fighter=f-0-hero bbox=(909,493,1011,515) mode=compact look=P1 placement=above ring=0 hardPx2=0 softPx2=0 order=4 bound=1
2026.09.30-11.34.43 TAG fighter=f-0-sk0 bbox=(1232,385,1316,407) mode=compact look=P1 placement=above ring=0 hardPx2=0 softPx2=0 order=3 bound=1
2026.09.30-11.34.43 TAG fighter=f-0-sk1 bbox=(918,264,1002,286) mode=compact look=P1 placement=above ring=0 hardPx2=0 softPx2=0 order=1 bound=1
2026.09.30-11.34.43 TAG fighter=f-0-sk2 bbox=(761,385,845,407) mode=compact look=P1 placement=above ring=0 hardPx2=0 softPx2=0 order=2 bound=1
2026.09.30-11.34.43 TAG fighter=f-1-hero bbox=(588,489,681,511) mode=compact look=P2 placement=above ring=0 hardPx2=0 softPx2=0 order=0 bound=1
2026.09.30-11.34.43 TAG fighter=f-1-sk0 bbox=(1242,507,1326,529) mode=compact look=P2 placement=above ring=0 hardPx2=0 softPx2=0 order=5 bound=1
2026.09.30-11.34.43 DAMAGE fighter=f-1-hero bbox=(615,459,655,487) amount=3 seq=106 placement=above ring=0 hardPx2=0 softPx2=0
2026.09.30-11.34.43 TAG fighter=f-0-hero bbox=(909,493,1011,515) mode=compact look=P1 placement=above ring=0 hardPx2=0 softPx2=0 order=4 bound=1
2026.09.30-11.34.43 TAG fighter=f-0-sk0 bbox=(1232,385,1316,407) mode=compact look=P1 placement=above ring=0 hardPx2=0 softPx2=0 order=3 bound=1
2026.09.30-11.34.43 TAG fighter=f-0-sk1 bbox=(918,264,1002,286) mode=compact look=P1 placement=above ring=0 hardPx2=0 softPx2=0 order=1 bound=1
2026.09.30-11.34.43 TAG fighter=f-0-sk2 bbox=(761,385,845,407) mode=compact look=P1 placement=above ring=0 hardPx2=0 softPx2=0 order=2 bound=1
2026.09.30-11.34.43 TAG fighter=f-1-hero bbox=(588,489,681,511) mode=compact look=P2 placement=above ring=0 hardPx2=0 softPx2=0 order=0 bound=1
2026.09.30-11.34.43 TAG fighter=f-1-sk0 bbox=(1242,507,1326,529) mode=compact look=P2 placement=above ring=0 hardPx2=0 softPx2=0 order=5 bound=1
2026.09.30-11.34.44 ARTPREVIEW anim fighter=f-1-hero clip=Idle len=2.500 event=clipFinished loop=1 phase=0.3470 seq=-1 asset=AM_KingArthur_Idle
2026.09.30-11.34.44 ARTPREVIEW anim fighter=f-0-hero clip=Idle len=2.333 event=clipFinished loop=1 phase=0.8071 seq=-1 asset=AM_Medusa_Idle
2026.09.30-11.34.44 TAG fighter=f-0-hero bbox=(909,493,1011,515) mode=compact look=P1 placement=above ring=0 hardPx2=0 softPx2=0 order=4 bound=1
2026.09.30-11.34.44 TAG fighter=f-0-sk0 bbox=(1232,385,1316,407) mode=compact look=P1 placement=above ring=0 hardPx2=0 softPx2=0 order=2 bound=1
2026.09.30-11.34.44 TAG fighter=f-0-sk1 bbox=(918,264,1002,286) mode=compact look=P1 placement=above ring=0 hardPx2=0 softPx2=0 order=0 bound=1
2026.09.30-11.34.44 TAG fighter=f-0-sk2 bbox=(761,385,845,407) mode=compact look=P1 placement=above ring=0 hardPx2=0 softPx2=0 order=1 bound=1
2026.09.30-11.34.44 TAG fighter=f-1-hero bbox=(588,489,681,511) mode=compact look=P2 placement=above ring=0 hardPx2=0 softPx2=0 order=3 bound=1
2026.09.30-11.34.44 TAG fighter=f-1-sk0 bbox=(1242,507,1326,529) mode=compact look=P2 placement=above ring=0 hardPx2=0 softPx2=0 order=5 bound=1
2026.09.30-11.34.45 S09AUTO drive mode=0 plan=[defend+resolve] phase=ACTION_MANEUVER turn=cmukie57j0001wiaofr67k2vd
2026.09.30-11.34.45 SNAPSHOT applied seq=110 phase=ACTION_MANEUVER
2026.09.30-11.34.45 HANDLE_APPLIED #165 seq=110 decision=2 fightersValid=1 boardValid=1
2026.09.30-11.34.45 MANEUVER-DRAFT mode=maneuver:20:109
2026.09.30-11.34.45 DRAFT-OPEN draw committed (resume instead of begin)
2026.09.30-11.34.45 MODE seq=110 mode=1 combat=0 pending=0
2026.09.30-11.34.45 HUD seq=110 phase=ACTION_MANEUVER turn=you hand=8 oppHand=3(hidden) oppDeck=9 deck=3 discard=19
2026.09.30-11.34.45 ARTPREVIEW fighter=Medusa hero=1 eligible=0 visual=1 mesh=SK_Medusa_H2LD
2026.09.30-11.34.45 FIGHTERS synced n=6 alive=6 own=2 enemy=4
2026.09.30-11.34.45 MANEUVER begin seq=110 (apply) pending=maneuver:20:109
2026.09.30-11.34.45 SNAPSHOT applied seq=110 phase=ACTION_MANEUVER
2026.09.30-11.34.45 HANDLE_APPLIED #166 seq=110 decision=1 fightersValid=1 boardValid=1
2026.09.30-11.34.45 MODE seq=110 mode=1 combat=0 pending=0
2026.09.30-11.34.45 HUD seq=110 phase=ACTION_MANEUVER turn=you hand=8 oppHand=3(hidden) oppDeck=9 deck=3 discard=19
2026.09.30-11.34.45 ARTPREVIEW fighter=Medusa hero=1 eligible=0 visual=1 mesh=SK_Medusa_H2LD
2026.09.30-11.34.45 FIGHTERS synced n=6 alive=6 own=2 enemy=4
2026.09.30-11.34.45 WS seq=110 phase=ACTION_MANEUVER (merge)
2026.09.30-11.34.45 S09AUTO drive mode=1 plan=[defend+resolve] phase=ACTION_MANEUVER turn=cmukie57j0001wiaofr67k2vd
2026.09.30-11.34.45 MANEUVER-CONFIRM moves=1 boost=none
2026.09.30-11.34.45 PLATE fighter=f-1-hero bbox=(403,549,575,603) overlapReachable=0 placement=left ring=0 gap=6 selection=f-1-hero destinations=6 clean=1 softPx2=0 tested=124 bound=1
2026.09.30-11.34.45 TAG fighter=f-0-hero bbox=(909,493,1011,515) mode=compact look=P1 placement=above ring=0 hardPx2=0 softPx2=0 order=3 bound=1
2026.09.30-11.34.45 TAG fighter=f-0-sk0 bbox=(1232,385,1316,407) mode=compact look=P1 placement=above ring=0 hardPx2=0 softPx2=0 order=2 bound=1
2026.09.30-11.34.45 TAG fighter=f-0-sk1 bbox=(918,264,1002,286) mode=compact look=P1 placement=above ring=0 hardPx2=0 softPx2=0 order=0 bound=1
2026.09.30-11.34.45 TAG fighter=f-0-sk2 bbox=(761,385,845,407) mode=compact look=P1 placement=above ring=0 hardPx2=0 softPx2=0 order=1 bound=1
2026.09.30-11.34.45 TAG fighter=f-1-sk0 bbox=(1242,507,1326,529) mode=compact look=P2 placement=above ring=0 hardPx2=0 softPx2=0 order=4 bound=1
2026.09.30-11.34.45 TAG fighter=f-0-hero bbox=(909,493,1011,515) mode=compact look=P1 placement=above ring=0 hardPx2=0 softPx2=0 order=3 bound=1
2026.09.30-11.34.45 TAG fighter=f-0-sk0 bbox=(1232,385,1316,407) mode=compact look=P1 placement=above ring=0 hardPx2=0 softPx2=0 order=2 bound=1
2026.09.30-11.34.45 TAG fighter=f-0-sk1 bbox=(918,264,1002,286) mode=compact look=P1 placement=above ring=0 hardPx2=0 softPx2=0 order=0 bound=1
2026.09.30-11.34.45 TAG fighter=f-0-sk2 bbox=(761,385,845,407) mode=compact look=P1 placement=above ring=0 hardPx2=0 softPx2=0 order=1 bound=1
2026.09.30-11.34.45 TAG fighter=f-1-sk0 bbox=(1242,507,1326,529) mode=compact look=P2 placement=above ring=0 hardPx2=0 softPx2=0 order=4 bound=1
2026.09.30-11.34.45 SNAPSHOT applied seq=111 phase=TURN_END
2026.09.30-11.34.45 HANDLE_APPLIED #167 seq=111 decision=2 fightersValid=1 boardValid=1
2026.09.30-11.34.45 DISCARD-DRAFT count=1 pending=discard:20:111
2026.09.30-11.34.45 MODE seq=111 mode=2 combat=0 pending=0
2026.09.30-11.34.45 HUD seq=111 phase=TURN_END turn=you hand=8 oppHand=3(hidden) oppDeck=9 deck=3 discard=19 pendingDiscard=1
2026.09.30-11.34.45 ARTPREVIEW fighter=Medusa hero=1 eligible=0 visual=1 mesh=SK_Medusa_H2LD
2026.09.30-11.34.45 FIGHTERS synced n=6 alive=6 own=2 enemy=4
2026.09.30-11.34.45 CUE move f-1-hero (0,3)->(1,3) seq=111
2026.09.30-11.34.45 MANEUVER done seq=111 (apply) fighters=6 boost=no
2026.09.30-11.34.45 SNAPSHOT applied seq=111 phase=TURN_END
2026.09.30-11.34.45 HANDLE_APPLIED #168 seq=111 decision=1 fightersValid=1 boardValid=1
2026.09.30-11.34.45 MODE seq=111 mode=2 combat=0 pending=0
2026.09.30-11.34.45 HUD seq=111 phase=TURN_END turn=you hand=8 oppHand=3(hidden) oppDeck=9 deck=3 discard=19 pendingDiscard=1
2026.09.30-11.34.45 ARTPREVIEW fighter=Medusa hero=1 eligible=0 visual=1 mesh=SK_Medusa_H2LD
2026.09.30-11.34.45 FIGHTERS synced n=6 alive=6 own=2 enemy=4
2026.09.30-11.34.45 WS seq=111 phase=TURN_END (merge)
2026.09.30-11.34.45 PLATE hidden fighter=f-1-hero
2026.09.30-11.34.45 TAG fighter=f-0-hero bbox=(909,493,1011,515) mode=compact look=P1 placement=above ring=0 hardPx2=0 softPx2=0 order=4 bound=1
2026.09.30-11.34.45 TAG fighter=f-0-sk0 bbox=(1232,385,1316,407) mode=compact look=P1 placement=above ring=0 hardPx2=0 softPx2=0 order=2 bound=1
2026.09.30-11.34.45 TAG fighter=f-0-sk1 bbox=(918,264,1002,286) mode=compact look=P1 placement=above ring=0 hardPx2=0 softPx2=0 order=0 bound=1
2026.09.30-11.34.45 TAG fighter=f-0-sk2 bbox=(761,385,845,407) mode=compact look=P1 placement=above ring=0 hardPx2=0 softPx2=0 order=1 bound=1
2026.09.30-11.34.45 TAG fighter=f-1-hero bbox=(652,513,745,535) mode=compact look=P2 placement=left ring=0 hardPx2=0 softPx2=0 order=3 bound=1
2026.09.30-11.34.45 TAG fighter=f-1-sk0 bbox=(1242,507,1326,529) mode=compact look=P2 placement=above ring=0 hardPx2=0 softPx2=0 order=5 bound=1
2026.09.30-11.34.45 TAG fighter=f-0-hero bbox=(909,493,1011,515) mode=compact look=P1 placement=above ring=0 hardPx2=0 softPx2=0 order=4 bound=1
2026.09.30-11.34.45 TAG fighter=f-0-sk0 bbox=(1232,385,1316,407) mode=compact look=P1 placement=above ring=0 hardPx2=0 softPx2=0 order=2 bound=1
2026.09.30-11.34.45 TAG fighter=f-0-sk1 bbox=(918,264,1002,286) mode=compact look=P1 placement=above ring=0 hardPx2=0 softPx2=0 order=0 bound=1
2026.09.30-11.34.45 TAG fighter=f-0-sk2 bbox=(761,385,845,407) mode=compact look=P1 placement=above ring=0 hardPx2=0 softPx2=0 order=1 bound=1
2026.09.30-11.34.45 TAG fighter=f-1-hero bbox=(652,513,745,535) mode=compact look=P2 placement=left ring=0 hardPx2=0 softPx2=0 order=3 bound=1
2026.09.30-11.34.45 TAG fighter=f-1-sk0 bbox=(1242,507,1326,529) mode=compact look=P2 placement=above ring=0 hardPx2=0 softPx2=0 order=5 bound=1
2026.09.30-11.34.46 S09AUTO drive mode=2 plan=[defend+resolve] phase=TURN_END turn=cmukie57j0001wiaofr67k2vd
2026.09.30-11.34.46 S09AUTO discard picks=1
2026.09.30-11.34.46 DISCARD-CONFIRM pending=discard:20:111 count=1 ids=cmuhgvgi300oswi9gm8lj3wbw::0
2026.09.30-11.34.46 TAG fighter=f-0-hero bbox=(909,493,1011,515) mode=compact look=P1 placement=above ring=0 hardPx2=0 softPx2=0 order=4 bound=1
2026.09.30-11.34.46 TAG fighter=f-0-sk0 bbox=(1232,385,1316,407) mode=compact look=P1 placement=above ring=0 hardPx2=0 softPx2=0 order=2 bound=1
2026.09.30-11.34.46 TAG fighter=f-0-sk1 bbox=(918,264,1002,286) mode=compact look=P1 placement=above ring=0 hardPx2=0 softPx2=0 order=0 bound=1
2026.09.30-11.34.46 TAG fighter=f-0-sk2 bbox=(761,385,845,407) mode=compact look=P1 placement=above ring=0 hardPx2=0 softPx2=0 order=1 bound=1
2026.09.30-11.34.46 TAG fighter=f-1-hero bbox=(652,513,745,535) mode=compact look=P2 placement=left ring=0 hardPx2=0 softPx2=0 order=3 bound=1
2026.09.30-11.34.46 TAG fighter=f-1-sk0 bbox=(1242,507,1326,529) mode=compact look=P2 placement=above ring=0 hardPx2=0 softPx2=0 order=5 bound=1
2026.09.30-11.34.46 SNAPSHOT applied seq=112 phase=ACTION_MANEUVER
2026.09.30-11.34.46 HANDLE_APPLIED #169 seq=112 decision=2 fightersValid=1 boardValid=1
2026.09.30-11.34.46 closed mode=
2026.09.30-11.34.46 MODE seq=112 mode=0 combat=0 pending=1
2026.09.30-11.34.46 HUD seq=112 phase=ACTION_MANEUVER turn=opp hand=7 oppHand=3(hidden) oppDeck=9 deck=3 discard=20
2026.09.30-11.34.46 ARTPREVIEW fighter=Medusa hero=1 eligible=0 visual=1 mesh=SK_Medusa_H2LD
2026.09.30-11.34.46 FIGHTERS synced n=6 alive=6 own=2 enemy=4
2026.09.30-11.34.46 DISCARD done seq=112 phase=ACTION_MANEUVER count=1
2026.09.30-11.34.46 SNAPSHOT applied seq=112 phase=ACTION_MANEUVER
2026.09.30-11.34.46 HANDLE_APPLIED #170 seq=112 decision=1 fightersValid=1 boardValid=1
2026.09.30-11.34.46 MODE seq=112 mode=0 combat=0 pending=1
2026.09.30-11.34.46 HUD seq=112 phase=ACTION_MANEUVER turn=opp hand=7 oppHand=3(hidden) oppDeck=9 deck=3 discard=20
2026.09.30-11.34.46 ARTPREVIEW fighter=Medusa hero=1 eligible=0 visual=1 mesh=SK_Medusa_H2LD
2026.09.30-11.34.46 FIGHTERS synced n=6 alive=6 own=2 enemy=4
2026.09.30-11.34.46 WS seq=112 phase=ACTION_MANEUVER (merge)
2026.09.30-11.34.46 TAG fighter=f-0-hero bbox=(909,493,1011,515) mode=compact look=P1 placement=above ring=0 hardPx2=0 softPx2=0 order=4 bound=1
2026.09.30-11.34.46 TAG fighter=f-0-sk0 bbox=(1232,385,1316,407) mode=compact look=P1 placement=above ring=0 hardPx2=0 softPx2=0 order=2 bound=1
2026.09.30-11.34.46 TAG fighter=f-0-sk1 bbox=(918,264,1002,286) mode=compact look=P1 placement=above ring=0 hardPx2=0 softPx2=0 order=0 bound=1
2026.09.30-11.34.46 TAG fighter=f-0-sk2 bbox=(761,385,845,407) mode=compact look=P1 placement=above ring=0 hardPx2=0 softPx2=0 order=1 bound=1
2026.09.30-11.34.46 TAG fighter=f-1-hero bbox=(652,513,745,535) mode=compact look=P2 placement=left ring=0 hardPx2=0 softPx2=0 order=3 bound=1
2026.09.30-11.34.46 TAG fighter=f-1-sk0 bbox=(1242,507,1326,529) mode=compact look=P2 placement=above ring=0 hardPx2=0 softPx2=0 order=5 bound=1
2026.09.30-11.34.46 game -> room=cmuo11ar100ubwiwwv3dxqwgm code=<redacted> status=IN_PROGRESS
2026.09.30-11.34.46 PERF window t=70.3-75.3 frames=147 fps=29.21 frameMs avg=34.24 p50=33.33 p95=33.33 p99=33.35 max=166.62 hitches50=1 gpuMs avg=1.91 p50=1.89 p95=2.13 gameMs avg=4.55 p95=23.90 renderMs avg=3.24 p95=4.09
2026.09.30-11.34.46 SNAPSHOT applied seq=113 phase=ACTION_MANEUVER
2026.09.30-11.34.46 HANDLE_APPLIED #171 seq=113 decision=2 fightersValid=1 boardValid=1
2026.09.30-11.34.46 MODE seq=113 mode=0 combat=0 pending=0
2026.09.30-11.34.46 HUD seq=113 phase=ACTION_MANEUVER turn=opp hand=7 oppHand=3(hidden) oppDeck=9~ deck=3~ discard=20
2026.09.30-11.34.46 ARTPREVIEW fighter=Medusa hero=1 eligible=0 visual=1 mesh=SK_Medusa_H2LD
2026.09.30-11.34.46 FIGHTERS synced n=6 alive=6 own=2 enemy=4
2026.09.30-11.34.46 ARTPREVIEW damage-number fighter=f-1-hero amount=1 seq=113 cell=(1,3)
2026.09.30-11.34.46 ARTPREVIEW anim fighter=f-1-hero clip=HitReact len=0.417 event=damaged loop=0 phase=0.0000 seq=113 asset=AM_KingArthur_HitReact
2026.09.30-11.34.46 CUE damage f-1-hero -1 seq=113
2026.09.30-11.34.46 WS seq=113 phase=ACTION_MANEUVER (apply)
2026.09.30-11.34.46 TAG fighter=f-0-hero bbox=(909,493,1011,515) mode=compact look=P1 placement=above ring=0 hardPx2=0 softPx2=0 order=4 bound=1
2026.09.30-11.34.46 TAG fighter=f-0-sk0 bbox=(1232,385,1316,407) mode=compact look=P1 placement=above ring=0 hardPx2=0 softPx2=0 order=3 bound=1
2026.09.30-11.34.46 TAG fighter=f-0-sk1 bbox=(918,264,1002,286) mode=compact look=P1 placement=above ring=0 hardPx2=0 softPx2=0 order=1 bound=1
2026.09.30-11.34.46 TAG fighter=f-0-sk2 bbox=(761,385,845,407) mode=compact look=P1 placement=above ring=0 hardPx2=0 softPx2=0 order=2 bound=1
2026.09.30-11.34.46 TAG fighter=f-1-hero bbox=(652,513,745,535) mode=compact look=P2 placement=left ring=0 hardPx2=0 softPx2=0 order=0 bound=1
2026.09.30-11.34.46 TAG fighter=f-1-sk0 bbox=(1242,507,1326,529) mode=compact look=P2 placement=above ring=0 hardPx2=0 softPx2=0 order=5 bound=1
2026.09.30-11.34.46 DAMAGE fighter=f-1-hero bbox=(679,483,719,511) amount=1 seq=113 placement=above ring=0 hardPx2=0 softPx2=0
2026.09.30-11.34.46 SNAPSHOT applied seq=114 phase=ACTION_MANEUVER
2026.09.30-11.34.46 HANDLE_APPLIED #172 seq=114 decision=2 fightersValid=1 boardValid=1
2026.09.30-11.34.46 MODE seq=114 mode=0 combat=0 pending=0
2026.09.30-11.34.46 HUD seq=114 phase=ACTION_MANEUVER turn=opp hand=7 oppHand=4(hidden) oppDeck=9~ deck=3~ discard=20
2026.09.30-11.34.46 ARTPREVIEW fighter=Medusa hero=1 eligible=0 visual=1 mesh=SK_Medusa_H2LD
2026.09.30-11.34.46 FIGHTERS synced n=6 alive=6 own=2 enemy=4
2026.09.30-11.34.46 WS seq=114 phase=ACTION_MANEUVER (apply)
2026.09.30-11.34.46 SNAPSHOT applied seq=115 phase=ACTION_MANEUVER
2026.09.30-11.34.46 HANDLE_APPLIED #173 seq=115 decision=2 fightersValid=1 boardValid=1
2026.09.30-11.34.46 MODE seq=115 mode=0 combat=0 pending=0
2026.09.30-11.34.46 HUD seq=115 phase=ACTION_MANEUVER turn=opp hand=7 oppHand=4(hidden) oppDeck=9~ deck=3~ discard=20
2026.09.30-11.34.46 ARTPREVIEW fighter=Medusa hero=1 eligible=0 visual=1 mesh=SK_Medusa_H2LD
2026.09.30-11.34.46 FIGHTERS synced n=6 alive=6 own=2 enemy=4
2026.09.30-11.34.46 WS seq=115 phase=ACTION_MANEUVER (apply)
2026.09.30-11.34.46 ARTPREVIEW anim fighter=f-1-hero clip=Idle len=2.500 event=clipFinished loop=1 phase=0.3470 seq=-1 asset=AM_KingArthur_Idle
2026.09.30-11.34.47 TAG fighter=f-0-hero bbox=(909,493,1011,515) mode=compact look=P1 placement=above ring=0 hardPx2=0 softPx2=0 order=4 bound=1
2026.09.30-11.34.47 TAG fighter=f-0-sk0 bbox=(1232,385,1316,407) mode=compact look=P1 placement=above ring=0 hardPx2=0 softPx2=0 order=2 bound=1
2026.09.30-11.34.47 TAG fighter=f-0-sk1 bbox=(918,264,1002,286) mode=compact look=P1 placement=above ring=0 hardPx2=0 softPx2=0 order=0 bound=1
2026.09.30-11.34.47 TAG fighter=f-0-sk2 bbox=(761,385,845,407) mode=compact look=P1 placement=above ring=0 hardPx2=0 softPx2=0 order=1 bound=1
2026.09.30-11.34.47 TAG fighter=f-1-hero bbox=(652,513,745,535) mode=compact look=P2 placement=left ring=0 hardPx2=0 softPx2=0 order=3 bound=1
2026.09.30-11.34.47 TAG fighter=f-1-sk0 bbox=(1242,507,1326,529) mode=compact look=P2 placement=above ring=0 hardPx2=0 softPx2=0 order=5 bound=1
2026.09.30-11.34.47 S09AUTO drive mode=0 plan=[defend+resolve] phase=ACTION_MANEUVER turn=cmukie55u0000wiao06h107t9
2026.09.30-11.34.47 SNAPSHOT applied seq=116 phase=ACTION_MANEUVER
2026.09.30-11.34.47 HANDLE_APPLIED #174 seq=116 decision=2 fightersValid=1 boardValid=1
2026.09.30-11.34.47 MODE seq=116 mode=0 combat=0 pending=0
2026.09.30-11.34.47 HUD seq=116 phase=ACTION_MANEUVER turn=opp hand=7 oppHand=5(hidden) oppDeck=9~ deck=3~ discard=20
2026.09.30-11.34.47 ARTPREVIEW fighter=Medusa hero=1 eligible=0 visual=1 mesh=SK_Medusa_H2LD
2026.09.30-11.34.47 FIGHTERS synced n=6 alive=6 own=2 enemy=4
2026.09.30-11.34.47 WS seq=116 phase=ACTION_MANEUVER (apply)
2026.09.30-11.34.48 SNAPSHOT applied seq=117 phase=ACTION_MANEUVER
2026.09.30-11.34.48 HANDLE_APPLIED #175 seq=117 decision=2 fightersValid=1 boardValid=1
2026.09.30-11.34.48 MODE seq=117 mode=0 combat=0 pending=0
2026.09.30-11.34.48 HUD seq=117 phase=ACTION_MANEUVER turn=you hand=7 oppHand=5(hidden) oppDeck=9~ deck=3~ discard=20
2026.09.30-11.34.48 ARTPREVIEW fighter=Medusa hero=1 eligible=0 visual=1 mesh=SK_Medusa_H2LD
2026.09.30-11.34.48 FIGHTERS synced n=6 alive=6 own=2 enemy=4
2026.09.30-11.34.48 WS seq=117 phase=ACTION_MANEUVER (apply)
2026.09.30-11.34.48 S09AUTO own turn #10 (turnCount=22)
2026.09.30-11.34.48 TAG fighter=f-0-hero bbox=(909,493,1011,515) mode=compact look=P1 placement=above ring=0 hardPx2=0 softPx2=0 order=4 bound=1
2026.09.30-11.34.48 TAG fighter=f-0-sk0 bbox=(1232,385,1316,407) mode=compact look=P1 placement=above ring=0 hardPx2=0 softPx2=0 order=2 bound=1
2026.09.30-11.34.48 TAG fighter=f-0-sk1 bbox=(918,264,1002,286) mode=compact look=P1 placement=above ring=0 hardPx2=0 softPx2=0 order=0 bound=1
2026.09.30-11.34.48 TAG fighter=f-0-sk2 bbox=(761,385,845,407) mode=compact look=P1 placement=above ring=0 hardPx2=0 softPx2=0 order=1 bound=1
2026.09.30-11.34.48 TAG fighter=f-1-hero bbox=(652,513,745,535) mode=compact look=P2 placement=left ring=0 hardPx2=0 softPx2=0 order=3 bound=1
2026.09.30-11.34.48 TAG fighter=f-1-sk0 bbox=(1242,507,1326,529) mode=compact look=P2 placement=above ring=0 hardPx2=0 softPx2=0 order=5 bound=1
2026.09.30-11.34.48 SNAPSHOT applied seq=118 phase=ACTION_MANEUVER
2026.09.30-11.34.48 HANDLE_APPLIED #176 seq=118 decision=2 fightersValid=1 boardValid=1
2026.09.30-11.34.48 MANEUVER-DRAFT mode=maneuver:22:117
2026.09.30-11.34.48 DRAFT-OPEN draw committed (resume instead of begin)
2026.09.30-11.34.48 MODE seq=118 mode=1 combat=0 pending=0
2026.09.30-11.34.48 HUD seq=118 phase=ACTION_MANEUVER turn=you hand=8 oppHand=5(hidden) oppDeck=9~ deck=3~ discard=20
2026.09.30-11.34.48 ARTPREVIEW fighter=Medusa hero=1 eligible=0 visual=1 mesh=SK_Medusa_H2LD
2026.09.30-11.34.48 FIGHTERS synced n=6 alive=6 own=2 enemy=4
2026.09.30-11.34.48 WS seq=118 phase=ACTION_MANEUVER (apply)
2026.09.30-11.34.48 SNAPSHOT applied seq=118 phase=ACTION_MANEUVER
2026.09.30-11.34.48 HANDLE_APPLIED #177 seq=118 decision=1 fightersValid=1 boardValid=1
2026.09.30-11.34.48 MODE seq=118 mode=1 combat=0 pending=0
2026.09.30-11.34.48 HUD seq=118 phase=ACTION_MANEUVER turn=you hand=8 oppHand=5(hidden) oppDeck=7 deck=2 discard=20
2026.09.30-11.34.48 ARTPREVIEW fighter=Medusa hero=1 eligible=0 visual=1 mesh=SK_Medusa_H2LD
2026.09.30-11.34.48 FIGHTERS synced n=6 alive=6 own=2 enemy=4
2026.09.30-11.34.48 MANEUVER begin seq=118 (merge) pending=maneuver:22:117
2026.09.30-11.34.48 S09AUTO drive mode=1 plan=[defend+resolve] phase=ACTION_MANEUVER turn=cmukie57j0001wiaofr67k2vd
2026.09.30-11.34.48 MANEUVER-CONFIRM moves=1 boost=none
2026.09.30-11.34.48 HUD plate content fighter=f-1-hero name=King Arthur hp=4/18 team=own statuses=HERO  |  MELEE teamSlot=P2 look=P2 shape=hexagon chip=#5786A8
2026.09.30-11.34.48 PLATE fighter=f-1-hero bbox=(849,453,1021,507) overlapReachable=0 placement=above ring=0 gap=6 selection=f-1-hero destinations=6 clean=1 softPx2=0 tested=122 bound=1
2026.09.30-11.34.48 TAG fighter=f-0-hero bbox=(1009,517,1111,539) mode=compact look=P1 placement=right ring=0 hardPx2=0 softPx2=0 order=3 bound=1
2026.09.30-11.34.48 TAG fighter=f-0-sk0 bbox=(1232,385,1316,407) mode=compact look=P1 placement=above ring=0 hardPx2=0 softPx2=0 order=2 bound=1
2026.09.30-11.34.48 TAG fighter=f-0-sk1 bbox=(918,264,1002,286) mode=compact look=P1 placement=above ring=0 hardPx2=0 softPx2=0 order=0 bound=1
2026.09.30-11.34.48 TAG fighter=f-0-sk2 bbox=(761,385,845,407) mode=compact look=P1 placement=above ring=0 hardPx2=0 softPx2=0 order=1 bound=1
2026.09.30-11.34.48 TAG fighter=f-1-sk0 bbox=(1242,507,1326,529) mode=compact look=P2 placement=above ring=0 hardPx2=0 softPx2=0 order=4 bound=1
2026.09.30-11.34.48 SNAPSHOT applied seq=119 phase=ACTION_MANEUVER
2026.09.30-11.34.48 HANDLE_APPLIED #178 seq=119 decision=2 fightersValid=1 boardValid=1
2026.09.30-11.34.48 closed mode=
2026.09.30-11.34.48 MODE seq=119 mode=0 combat=0 pending=0
2026.09.30-11.34.48 HUD seq=119 phase=ACTION_MANEUVER turn=you hand=8 oppHand=5(hidden) oppDeck=7 deck=2 discard=20
2026.09.30-11.34.48 ARTPREVIEW fighter=Medusa hero=1 eligible=0 visual=1 mesh=SK_Medusa_H2LD
2026.09.30-11.34.48 FIGHTERS synced n=6 alive=6 own=2 enemy=4
2026.09.30-11.34.48 CUE move f-1-hero (1,3)->(0,3) seq=119
2026.09.30-11.34.48 MANEUVER done seq=119 (apply) fighters=6 boost=no
2026.09.30-11.34.48 SNAPSHOT applied seq=119 phase=ACTION_MANEUVER
2026.09.30-11.34.48 HANDLE_APPLIED #179 seq=119 decision=1 fightersValid=1 boardValid=1
2026.09.30-11.34.48 MODE seq=119 mode=0 combat=0 pending=0
2026.09.30-11.34.48 HUD seq=119 phase=ACTION_MANEUVER turn=you hand=8 oppHand=5(hidden) oppDeck=7 deck=2 discard=20
2026.09.30-11.34.48 ARTPREVIEW fighter=Medusa hero=1 eligible=0 visual=1 mesh=SK_Medusa_H2LD
2026.09.30-11.34.48 FIGHTERS synced n=6 alive=6 own=2 enemy=4
2026.09.30-11.34.48 WS seq=119 phase=ACTION_MANEUVER (merge)
2026.09.30-11.34.48 PLATE hidden fighter=f-1-hero
2026.09.30-11.34.48 TAG fighter=f-0-hero bbox=(909,493,1011,515) mode=compact look=P1 placement=above ring=0 hardPx2=0 softPx2=0 order=4 bound=1
2026.09.30-11.34.48 TAG fighter=f-0-sk0 bbox=(1232,385,1316,407) mode=compact look=P1 placement=above ring=0 hardPx2=0 softPx2=0 order=2 bound=1
2026.09.30-11.34.48 TAG fighter=f-0-sk1 bbox=(918,264,1002,286) mode=compact look=P1 placement=above ring=0 hardPx2=0 softPx2=0 order=0 bound=1
2026.09.30-11.34.48 TAG fighter=f-0-sk2 bbox=(761,385,845,407) mode=compact look=P1 placement=above ring=0 hardPx2=0 softPx2=0 order=1 bound=1
2026.09.30-11.34.48 TAG fighter=f-1-hero bbox=(588,489,681,511) mode=compact look=P2 placement=above ring=0 hardPx2=0 softPx2=0 order=3 bound=1
2026.09.30-11.34.48 TAG fighter=f-1-sk0 bbox=(1242,507,1326,529) mode=compact look=P2 placement=above ring=0 hardPx2=0 softPx2=0 order=5 bound=1
2026.09.30-11.34.48 TAG fighter=f-0-hero bbox=(909,493,1011,515) mode=compact look=P1 placement=above ring=0 hardPx2=0 softPx2=0 order=4 bound=1
2026.09.30-11.34.48 TAG fighter=f-0-sk0 bbox=(1232,385,1316,407) mode=compact look=P1 placement=above ring=0 hardPx2=0 softPx2=0 order=2 bound=1
2026.09.30-11.34.48 TAG fighter=f-0-sk1 bbox=(918,264,1002,286) mode=compact look=P1 placement=above ring=0 hardPx2=0 softPx2=0 order=0 bound=1
2026.09.30-11.34.48 TAG fighter=f-0-sk2 bbox=(761,385,845,407) mode=compact look=P1 placement=above ring=0 hardPx2=0 softPx2=0 order=1 bound=1
2026.09.30-11.34.48 TAG fighter=f-1-hero bbox=(588,489,681,511) mode=compact look=P2 placement=above ring=0 hardPx2=0 softPx2=0 order=3 bound=1
2026.09.30-11.34.48 TAG fighter=f-1-sk0 bbox=(1242,507,1326,529) mode=compact look=P2 placement=above ring=0 hardPx2=0 softPx2=0 order=5 bound=1
2026.09.30-11.34.49 S09AUTO drive mode=0 plan=[defend+resolve] phase=ACTION_MANEUVER turn=cmukie57j0001wiaofr67k2vd
2026.09.30-11.34.49 game -> room=cmuo11ar100ubwiwwv3dxqwgm code=<redacted> status=IN_PROGRESS
2026.09.30-11.34.49 SNAPSHOT applied seq=120 phase=ACTION_MANEUVER
2026.09.30-11.34.49 HANDLE_APPLIED #180 seq=120 decision=2 fightersValid=1 boardValid=1
2026.09.30-11.34.49 MANEUVER-DRAFT mode=maneuver:22:119
2026.09.30-11.34.49 DRAFT-OPEN draw committed (resume instead of begin)
2026.09.30-11.34.49 MODE seq=120 mode=1 combat=0 pending=0
2026.09.30-11.34.49 HUD seq=120 phase=ACTION_MANEUVER turn=you hand=9 oppHand=5(hidden) oppDeck=7 deck=1 discard=20
2026.09.30-11.34.49 ARTPREVIEW fighter=Medusa hero=1 eligible=0 visual=1 mesh=SK_Medusa_H2LD
2026.09.30-11.34.49 FIGHTERS synced n=6 alive=6 own=2 enemy=4
2026.09.30-11.34.49 MANEUVER begin seq=120 (apply) pending=maneuver:22:119
2026.09.30-11.34.49 SNAPSHOT applied seq=120 phase=ACTION_MANEUVER
2026.09.30-11.34.49 HANDLE_APPLIED #181 seq=120 decision=1 fightersValid=1 boardValid=1
2026.09.30-11.34.49 MODE seq=120 mode=1 combat=0 pending=0
2026.09.30-11.34.49 HUD seq=120 phase=ACTION_MANEUVER turn=you hand=9 oppHand=5(hidden) oppDeck=7 deck=1 discard=20
2026.09.30-11.34.49 ARTPREVIEW fighter=Medusa hero=1 eligible=0 visual=1 mesh=SK_Medusa_H2LD
2026.09.30-11.34.49 FIGHTERS synced n=6 alive=6 own=2 enemy=4
2026.09.30-11.34.49 WS seq=120 phase=ACTION_MANEUVER (merge)
2026.09.30-11.34.49 S09AUTO drive mode=1 plan=[defend+resolve] phase=ACTION_MANEUVER turn=cmukie57j0001wiaofr67k2vd
2026.09.30-11.34.49 MANEUVER-CONFIRM moves=1 boost=none
2026.09.30-11.34.49 PLATE fighter=f-1-hero bbox=(403,549,575,603) overlapReachable=0 placement=left ring=0 gap=6 selection=f-1-hero destinations=6 clean=1 softPx2=0 tested=124 bound=1
2026.09.30-11.34.49 TAG fighter=f-0-hero bbox=(909,493,1011,515) mode=compact look=P1 placement=above ring=0 hardPx2=0 softPx2=0 order=3 bound=1
2026.09.30-11.34.49 TAG fighter=f-0-sk0 bbox=(1232,385,1316,407) mode=compact look=P1 placement=above ring=0 hardPx2=0 softPx2=0 order=2 bound=1
2026.09.30-11.34.49 TAG fighter=f-0-sk1 bbox=(918,264,1002,286) mode=compact look=P1 placement=above ring=0 hardPx2=0 softPx2=0 order=0 bound=1
2026.09.30-11.34.49 TAG fighter=f-0-sk2 bbox=(761,385,845,407) mode=compact look=P1 placement=above ring=0 hardPx2=0 softPx2=0 order=1 bound=1
2026.09.30-11.34.49 TAG fighter=f-1-sk0 bbox=(1242,507,1326,529) mode=compact look=P2 placement=above ring=0 hardPx2=0 softPx2=0 order=4 bound=1
2026.09.30-11.34.49 TAG fighter=f-0-hero bbox=(909,493,1011,515) mode=compact look=P1 placement=above ring=0 hardPx2=0 softPx2=0 order=3 bound=1
2026.09.30-11.34.49 TAG fighter=f-0-sk0 bbox=(1232,385,1316,407) mode=compact look=P1 placement=above ring=0 hardPx2=0 softPx2=0 order=2 bound=1
2026.09.30-11.34.49 TAG fighter=f-0-sk1 bbox=(918,264,1002,286) mode=compact look=P1 placement=above ring=0 hardPx2=0 softPx2=0 order=0 bound=1
2026.09.30-11.34.49 TAG fighter=f-0-sk2 bbox=(761,385,845,407) mode=compact look=P1 placement=above ring=0 hardPx2=0 softPx2=0 order=1 bound=1
2026.09.30-11.34.49 TAG fighter=f-1-sk0 bbox=(1242,507,1326,529) mode=compact look=P2 placement=above ring=0 hardPx2=0 softPx2=0 order=4 bound=1
2026.09.30-11.34.49 SNAPSHOT applied seq=121 phase=TURN_END
2026.09.30-11.34.49 HANDLE_APPLIED #182 seq=121 decision=2 fightersValid=1 boardValid=1
2026.09.30-11.34.49 DISCARD-DRAFT count=2 pending=discard:22:121
2026.09.30-11.34.49 MODE seq=121 mode=2 combat=0 pending=0
2026.09.30-11.34.49 HUD seq=121 phase=TURN_END turn=you hand=9 oppHand=5(hidden) oppDeck=7 deck=1 discard=20 pendingDiscard=2
2026.09.30-11.34.49 ARTPREVIEW fighter=Medusa hero=1 eligible=0 visual=1 mesh=SK_Medusa_H2LD
2026.09.30-11.34.49 FIGHTERS synced n=6 alive=6 own=2 enemy=4
2026.09.30-11.34.49 CUE move f-1-hero (0,3)->(1,3) seq=121
2026.09.30-11.34.49 MANEUVER done seq=121 (apply) fighters=6 boost=no
2026.09.30-11.34.49 SNAPSHOT applied seq=121 phase=TURN_END
2026.09.30-11.34.49 HANDLE_APPLIED #183 seq=121 decision=1 fightersValid=1 boardValid=1
2026.09.30-11.34.49 MODE seq=121 mode=2 combat=0 pending=0
2026.09.30-11.34.49 HUD seq=121 phase=TURN_END turn=you hand=9 oppHand=5(hidden) oppDeck=7 deck=1 discard=20 pendingDiscard=2
2026.09.30-11.34.49 ARTPREVIEW fighter=Medusa hero=1 eligible=0 visual=1 mesh=SK_Medusa_H2LD
2026.09.30-11.34.49 FIGHTERS synced n=6 alive=6 own=2 enemy=4
2026.09.30-11.34.49 WS seq=121 phase=TURN_END (merge)
2026.09.30-11.34.49 PLATE hidden fighter=f-1-hero
2026.09.30-11.34.49 TAG fighter=f-0-hero bbox=(909,493,1011,515) mode=compact look=P1 placement=above ring=0 hardPx2=0 softPx2=0 order=4 bound=1
2026.09.30-11.34.49 TAG fighter=f-0-sk0 bbox=(1232,385,1316,407) mode=compact look=P1 placement=above ring=0 hardPx2=0 softPx2=0 order=2 bound=1
2026.09.30-11.34.49 TAG fighter=f-0-sk1 bbox=(918,264,1002,286) mode=compact look=P1 placement=above ring=0 hardPx2=0 softPx2=0 order=0 bound=1
2026.09.30-11.34.49 TAG fighter=f-0-sk2 bbox=(761,385,845,407) mode=compact look=P1 placement=above ring=0 hardPx2=0 softPx2=0 order=1 bound=1
2026.09.30-11.34.49 TAG fighter=f-1-hero bbox=(652,513,745,535) mode=compact look=P2 placement=left ring=0 hardPx2=0 softPx2=0 order=3 bound=1
2026.09.30-11.34.49 TAG fighter=f-1-sk0 bbox=(1242,507,1326,529) mode=compact look=P2 placement=above ring=0 hardPx2=0 softPx2=0 order=5 bound=1
2026.09.30-11.34.49 TAG fighter=f-0-hero bbox=(909,493,1011,515) mode=compact look=P1 placement=above ring=0 hardPx2=0 softPx2=0 order=4 bound=1
2026.09.30-11.34.49 TAG fighter=f-0-sk0 bbox=(1232,385,1316,407) mode=compact look=P1 placement=above ring=0 hardPx2=0 softPx2=0 order=2 bound=1
2026.09.30-11.34.49 TAG fighter=f-0-sk1 bbox=(918,264,1002,286) mode=compact look=P1 placement=above ring=0 hardPx2=0 softPx2=0 order=0 bound=1
2026.09.30-11.34.49 TAG fighter=f-0-sk2 bbox=(761,385,845,407) mode=compact look=P1 placement=above ring=0 hardPx2=0 softPx2=0 order=1 bound=1
2026.09.30-11.34.49 TAG fighter=f-1-hero bbox=(652,513,745,535) mode=compact look=P2 placement=left ring=0 hardPx2=0 softPx2=0 order=3 bound=1
2026.09.30-11.34.49 TAG fighter=f-1-sk0 bbox=(1242,507,1326,529) mode=compact look=P2 placement=above ring=0 hardPx2=0 softPx2=0 order=5 bound=1
2026.09.30-11.34.50 S09AUTO drive mode=2 plan=[defend+resolve] phase=TURN_END turn=cmukie57j0001wiaofr67k2vd
2026.09.30-11.34.50 S09AUTO discard picks=2
2026.09.30-11.34.50 DISCARD-CONFIRM pending=discard:22:121 count=2 ids=cmuhgvgi600p0wi9gzhz8rkin::0,cmuhgvghv00ocwi9gjsemjpqr::0
2026.09.30-11.34.50 TAG fighter=f-0-hero bbox=(909,493,1011,515) mode=compact look=P1 placement=above ring=0 hardPx2=0 softPx2=0 order=4 bound=1
2026.09.30-11.34.50 TAG fighter=f-0-sk0 bbox=(1232,385,1316,407) mode=compact look=P1 placement=above ring=0 hardPx2=0 softPx2=0 order=2 bound=1
2026.09.30-11.34.50 TAG fighter=f-0-sk1 bbox=(918,264,1002,286) mode=compact look=P1 placement=above ring=0 hardPx2=0 softPx2=0 order=0 bound=1
2026.09.30-11.34.50 TAG fighter=f-0-sk2 bbox=(761,385,845,407) mode=compact look=P1 placement=above ring=0 hardPx2=0 softPx2=0 order=1 bound=1
2026.09.30-11.34.50 TAG fighter=f-1-hero bbox=(652,513,745,535) mode=compact look=P2 placement=left ring=0 hardPx2=0 softPx2=0 order=3 bound=1
2026.09.30-11.34.50 TAG fighter=f-1-sk0 bbox=(1242,507,1326,529) mode=compact look=P2 placement=above ring=0 hardPx2=0 softPx2=0 order=5 bound=1
2026.09.30-11.34.50 SNAPSHOT applied seq=122 phase=ACTION_MANEUVER
2026.09.30-11.34.50 HANDLE_APPLIED #184 seq=122 decision=2 fightersValid=1 boardValid=1
2026.09.30-11.34.50 closed mode=
2026.09.30-11.34.50 MODE seq=122 mode=0 combat=0 pending=1
2026.09.30-11.34.50 HUD seq=122 phase=ACTION_MANEUVER turn=opp hand=7 oppHand=5(hidden) oppDeck=7 deck=1 discard=22
2026.09.30-11.34.50 ARTPREVIEW fighter=Medusa hero=1 eligible=0 visual=1 mesh=SK_Medusa_H2LD
2026.09.30-11.34.50 FIGHTERS synced n=6 alive=6 own=2 enemy=4
2026.09.30-11.34.50 DISCARD done seq=122 phase=ACTION_MANEUVER count=2
2026.09.30-11.34.50 SNAPSHOT applied seq=122 phase=ACTION_MANEUVER
2026.09.30-11.34.50 HANDLE_APPLIED #185 seq=122 decision=1 fightersValid=1 boardValid=1
2026.09.30-11.34.50 MODE seq=122 mode=0 combat=0 pending=1
2026.09.30-11.34.50 HUD seq=122 phase=ACTION_MANEUVER turn=opp hand=7 oppHand=5(hidden) oppDeck=7 deck=1 discard=22
2026.09.30-11.34.50 ARTPREVIEW fighter=Medusa hero=1 eligible=0 visual=1 mesh=SK_Medusa_H2LD
2026.09.30-11.34.50 FIGHTERS synced n=6 alive=6 own=2 enemy=4
2026.09.30-11.34.50 WS seq=122 phase=ACTION_MANEUVER (merge)
2026.09.30-11.34.50 TAG fighter=f-0-hero bbox=(909,493,1011,515) mode=compact look=P1 placement=above ring=0 hardPx2=0 softPx2=0 order=4 bound=1
2026.09.30-11.34.50 TAG fighter=f-0-sk0 bbox=(1232,385,1316,407) mode=compact look=P1 placement=above ring=0 hardPx2=0 softPx2=0 order=2 bound=1
2026.09.30-11.34.50 TAG fighter=f-0-sk1 bbox=(918,264,1002,286) mode=compact look=P1 placement=above ring=0 hardPx2=0 softPx2=0 order=0 bound=1
2026.09.30-11.34.50 TAG fighter=f-0-sk2 bbox=(761,385,845,407) mode=compact look=P1 placement=above ring=0 hardPx2=0 softPx2=0 order=1 bound=1
2026.09.30-11.34.50 TAG fighter=f-1-hero bbox=(652,513,745,535) mode=compact look=P2 placement=left ring=0 hardPx2=0 softPx2=0 order=3 bound=1
2026.09.30-11.34.50 TAG fighter=f-1-sk0 bbox=(1242,507,1326,529) mode=compact look=P2 placement=above ring=0 hardPx2=0 softPx2=0 order=5 bound=1
2026.09.30-11.34.50 SNAPSHOT applied seq=123 phase=ACTION_MANEUVER
2026.09.30-11.34.50 HANDLE_APPLIED #186 seq=123 decision=2 fightersValid=1 boardValid=1
2026.09.30-11.34.50 MODE seq=123 mode=0 combat=0 pending=0
2026.09.30-11.34.50 HUD seq=123 phase=ACTION_MANEUVER turn=opp hand=7 oppHand=5(hidden) oppDeck=7~ deck=1~ discard=22
2026.09.30-11.34.50 ARTPREVIEW fighter=Medusa hero=1 eligible=0 visual=1 mesh=SK_Medusa_H2LD
2026.09.30-11.34.50 FIGHTERS synced n=6 alive=6 own=2 enemy=4
2026.09.30-11.34.50 ARTPREVIEW damage-number fighter=f-1-hero amount=1 seq=123 cell=(1,3)
2026.09.30-11.34.50 ARTPREVIEW anim fighter=f-1-hero clip=HitReact len=0.417 event=damaged loop=0 phase=0.0000 seq=123 asset=AM_KingArthur_HitReact
2026.09.30-11.34.50 CUE damage f-1-hero -1 seq=123
2026.09.30-11.34.50 WS seq=123 phase=ACTION_MANEUVER (apply)
2026.09.30-11.34.51 TAG fighter=f-0-hero bbox=(909,493,1011,515) mode=compact look=P1 placement=above ring=0 hardPx2=0 softPx2=0 order=4 bound=1
2026.09.30-11.34.51 TAG fighter=f-0-sk0 bbox=(1232,385,1316,407) mode=compact look=P1 placement=above ring=0 hardPx2=0 softPx2=0 order=3 bound=1
2026.09.30-11.34.51 TAG fighter=f-0-sk1 bbox=(918,264,1002,286) mode=compact look=P1 placement=above ring=0 hardPx2=0 softPx2=0 order=1 bound=1
2026.09.30-11.34.51 TAG fighter=f-0-sk2 bbox=(761,385,845,407) mode=compact look=P1 placement=above ring=0 hardPx2=0 softPx2=0 order=2 bound=1
2026.09.30-11.34.51 TAG fighter=f-1-hero bbox=(652,513,745,535) mode=compact look=P2 placement=left ring=0 hardPx2=0 softPx2=0 order=0 bound=1
2026.09.30-11.34.51 TAG fighter=f-1-sk0 bbox=(1242,507,1326,529) mode=compact look=P2 placement=above ring=0 hardPx2=0 softPx2=0 order=5 bound=1
2026.09.30-11.34.51 DAMAGE fighter=f-1-hero bbox=(679,483,719,511) amount=1 seq=123 placement=above ring=0 hardPx2=0 softPx2=0
2026.09.30-11.34.51 SNAPSHOT applied seq=124 phase=COMBAT
2026.09.30-11.34.51 HANDLE_APPLIED #187 seq=124 decision=2 fightersValid=1 boardValid=1
2026.09.30-11.34.51 closed mode=
2026.09.30-11.34.51 MODE seq=124 mode=4 combat=1 pending=0
2026.09.30-11.34.51 HUD seq=124 phase=COMBAT turn=opp hand=7 oppHand=4(hidden) oppDeck=7~ deck=1~ discard=22
2026.09.30-11.34.51 ARTPREVIEW combat marker fighter=Medusa attacker=1 target=0 icon=0 targetMesh=SM_Marker_TargetRing iconMode=screen
2026.09.30-11.34.51 ARTPREVIEW combat marker fighter=King Arthur attacker=0 target=1 icon=1 targetMesh=SM_Marker_TargetRing iconMode=screen
2026.09.30-11.34.51 ARTPREVIEW fighter=Medusa hero=1 eligible=0 visual=1 mesh=SK_Medusa_H2LD
2026.09.30-11.34.51 FIGHTERS synced n=6 alive=6 own=2 enemy=4
2026.09.30-11.34.51 WS seq=124 phase=COMBAT (apply)
2026.09.30-11.34.51 TAG fighter=f-0-hero bbox=(909,493,1011,515) mode=compact look=P1 placement=above ring=0 hardPx2=0 softPx2=0 order=4 bound=1
2026.09.30-11.34.51 TAG fighter=f-0-sk0 bbox=(1232,385,1316,407) mode=compact look=P1 placement=above ring=0 hardPx2=0 softPx2=0 order=3 bound=1
2026.09.30-11.34.51 TAG fighter=f-0-sk1 bbox=(918,264,1002,286) mode=compact look=P1 placement=above ring=0 hardPx2=0 softPx2=0 order=1 bound=1
2026.09.30-11.34.51 TAG fighter=f-0-sk2 bbox=(761,385,845,407) mode=compact look=P1 placement=above ring=0 hardPx2=0 softPx2=0 order=2 bound=1
2026.09.30-11.34.51 TAG fighter=f-1-hero bbox=(652,513,745,535) mode=compact look=P2 placement=left ring=0 hardPx2=0 softPx2=0 order=0 bound=1
2026.09.30-11.34.51 TAG fighter=f-1-sk0 bbox=(1242,507,1326,529) mode=compact look=P2 placement=above ring=0 hardPx2=0 softPx2=0 order=5 bound=1
2026.09.30-11.34.51 ICON fighter=f-1-hero bbox=(850,543,882,575) size=32 src=combat anchor=right fallback=0 overlapPx2=0 texture=/Game/ArtTests/ARTMarkers/Textures/T_UI_Action_AttackToken_32
2026.09.30-11.34.51 TAG fighter=f-0-hero bbox=(909,493,1011,515) mode=compact look=P1 placement=above ring=0 hardPx2=0 softPx2=0 order=4 bound=1
2026.09.30-11.34.51 TAG fighter=f-0-sk0 bbox=(1232,385,1316,407) mode=compact look=P1 placement=above ring=0 hardPx2=0 softPx2=0 order=3 bound=1
2026.09.30-11.34.51 TAG fighter=f-0-sk1 bbox=(918,264,1002,286) mode=compact look=P1 placement=above ring=0 hardPx2=0 softPx2=0 order=1 bound=1
2026.09.30-11.34.51 TAG fighter=f-0-sk2 bbox=(761,385,845,407) mode=compact look=P1 placement=above ring=0 hardPx2=0 softPx2=0 order=2 bound=1
2026.09.30-11.34.51 TAG fighter=f-1-hero bbox=(652,513,745,535) mode=compact look=P2 placement=left ring=0 hardPx2=0 softPx2=0 order=0 bound=1
2026.09.30-11.34.51 TAG fighter=f-1-sk0 bbox=(1242,507,1326,529) mode=compact look=P2 placement=above ring=0 hardPx2=0 softPx2=0 order=5 bound=1
2026.09.30-11.34.51 ICON fighter=f-1-hero bbox=(850,543,882,575) size=32 src=combat anchor=right fallback=0 overlapPx2=0 texture=/Game/ArtTests/ARTMarkers/Textures/T_UI_Action_AttackToken_32
2026.09.30-11.34.51 ARTPREVIEW anim fighter=f-1-hero clip=Idle len=2.500 event=clipFinished loop=1 phase=0.3470 seq=-1 asset=AM_KingArthur_Idle
2026.09.30-11.34.51 PERF window t=75.3-80.3 frames=151 fps=30.00 frameMs avg=33.33 p50=33.33 p95=33.33 p99=33.33 max=33.34 hitches50=0 gpuMs avg=1.91 p50=1.89 p95=2.11 gameMs avg=3.08 p95=17.74 renderMs avg=3.22 p95=4.39
2026.09.30-11.34.51 TAG fighter=f-0-hero bbox=(909,493,1011,515) mode=compact look=P1 placement=above ring=0 hardPx2=0 softPx2=0 order=4 bound=1
2026.09.30-11.34.51 TAG fighter=f-0-sk0 bbox=(1232,385,1316,407) mode=compact look=P1 placement=above ring=0 hardPx2=0 softPx2=0 order=3 bound=1
2026.09.30-11.34.51 TAG fighter=f-0-sk1 bbox=(918,264,1002,286) mode=compact look=P1 placement=above ring=0 hardPx2=0 softPx2=0 order=1 bound=1
2026.09.30-11.34.51 TAG fighter=f-0-sk2 bbox=(761,385,845,407) mode=compact look=P1 placement=above ring=0 hardPx2=0 softPx2=0 order=2 bound=1
2026.09.30-11.34.51 TAG fighter=f-1-hero bbox=(652,513,745,535) mode=compact look=P2 placement=left ring=0 hardPx2=0 softPx2=0 order=0 bound=1
2026.09.30-11.34.51 TAG fighter=f-1-sk0 bbox=(1242,507,1326,529) mode=compact look=P2 placement=above ring=0 hardPx2=0 softPx2=0 order=5 bound=1
2026.09.30-11.34.51 ICON fighter=f-1-hero bbox=(850,543,882,575) size=32 src=combat anchor=right fallback=0 overlapPx2=0 texture=/Game/ArtTests/ARTMarkers/Textures/T_UI_Action_AttackToken_32
2026.09.30-11.34.52 S09AUTO drive mode=4 plan=[defend+resolve] phase=COMBAT turn=cmukie55u0000wiao06h107t9
2026.09.30-11.34.52 S09AUTO defense card picked
2026.09.30-11.34.52 DEFENSE sent
2026.09.30-11.34.52 TAG fighter=f-0-hero bbox=(909,493,1011,515) mode=compact look=P1 placement=above ring=0 hardPx2=0 softPx2=0 order=4 bound=1
2026.09.30-11.34.52 TAG fighter=f-0-sk0 bbox=(1232,385,1316,407) mode=compact look=P1 placement=above ring=0 hardPx2=0 softPx2=0 order=3 bound=1
2026.09.30-11.34.52 TAG fighter=f-0-sk1 bbox=(918,264,1002,286) mode=compact look=P1 placement=above ring=0 hardPx2=0 softPx2=0 order=1 bound=1
2026.09.30-11.34.52 TAG fighter=f-0-sk2 bbox=(761,385,845,407) mode=compact look=P1 placement=above ring=0 hardPx2=0 softPx2=0 order=2 bound=1
2026.09.30-11.34.52 TAG fighter=f-1-hero bbox=(652,513,745,535) mode=compact look=P2 placement=left ring=0 hardPx2=0 softPx2=0 order=0 bound=1
2026.09.30-11.34.52 TAG fighter=f-1-sk0 bbox=(1242,507,1326,529) mode=compact look=P2 placement=above ring=0 hardPx2=0 softPx2=0 order=5 bound=1
2026.09.30-11.34.52 ICON fighter=f-1-hero bbox=(850,543,882,575) size=32 src=combat anchor=right fallback=0 overlapPx2=0 texture=/Game/ArtTests/ARTMarkers/Textures/T_UI_Action_AttackToken_32
2026.09.30-11.34.52 SNAPSHOT applied seq=125 phase=COMBAT_RESOLVE
2026.09.30-11.34.52 HANDLE_APPLIED #188 seq=125 decision=2 fightersValid=1 boardValid=1
2026.09.30-11.34.52 ARTPREVIEW anim fighter=f-0-hero clip=LungeAttack len=0.583 event=attack loop=0 phase=0.0000 seq=125 asset=AM_Medusa_LungeAttack
2026.09.30-11.34.52 closed mode=
2026.09.30-11.34.52 MODE seq=125 mode=5 combat=1 pending=0
2026.09.30-11.34.52 HUD seq=125 phase=COMBAT_RESOLVE turn=opp hand=6 oppHand=4(hidden) oppDeck=7 deck=1 discard=23
2026.09.30-11.34.52 ARTPREVIEW fighter=Medusa hero=1 eligible=0 visual=1 mesh=SK_Medusa_H2LD
2026.09.30-11.34.52 FIGHTERS synced n=6 alive=6 own=2 enemy=4
2026.09.30-11.34.52 DEFENSE done seq=125 (apply) phase=COMBAT_RESOLVE
2026.09.30-11.34.52 SNAPSHOT applied seq=125 phase=COMBAT_RESOLVE
2026.09.30-11.34.52 HANDLE_APPLIED #189 seq=125 decision=1 fightersValid=1 boardValid=1
2026.09.30-11.34.52 MODE seq=125 mode=5 combat=1 pending=0
2026.09.30-11.34.52 HUD seq=125 phase=COMBAT_RESOLVE turn=opp hand=6 oppHand=4(hidden) oppDeck=7 deck=1 discard=23
2026.09.30-11.34.52 ARTPREVIEW fighter=Medusa hero=1 eligible=0 visual=1 mesh=SK_Medusa_H2LD
2026.09.30-11.34.52 FIGHTERS synced n=6 alive=6 own=2 enemy=4
2026.09.30-11.34.52 WS seq=125 phase=COMBAT_RESOLVE (merge)
2026.09.30-11.34.52 S09AUTO drive mode=5 plan=[defend+resolve] phase=COMBAT_RESOLVE turn=cmukie55u0000wiao06h107t9
2026.09.30-11.34.52 S09AUTO resolve
2026.09.30-11.34.52 RESOLVE sent
2026.09.30-11.34.52 TAG fighter=f-0-hero bbox=(909,493,1011,515) mode=compact look=P1 placement=above ring=0 hardPx2=0 softPx2=0 order=4 bound=1
2026.09.30-11.34.52 TAG fighter=f-0-sk0 bbox=(1232,385,1316,407) mode=compact look=P1 placement=above ring=0 hardPx2=0 softPx2=0 order=3 bound=1
2026.09.30-11.34.52 TAG fighter=f-0-sk1 bbox=(918,264,1002,286) mode=compact look=P1 placement=above ring=0 hardPx2=0 softPx2=0 order=1 bound=1
2026.09.30-11.34.52 TAG fighter=f-0-sk2 bbox=(761,385,845,407) mode=compact look=P1 placement=above ring=0 hardPx2=0 softPx2=0 order=2 bound=1
2026.09.30-11.34.52 TAG fighter=f-1-hero bbox=(652,513,745,535) mode=compact look=P2 placement=left ring=0 hardPx2=0 softPx2=0 order=0 bound=1
2026.09.30-11.34.52 TAG fighter=f-1-sk0 bbox=(1242,507,1326,529) mode=compact look=P2 placement=above ring=0 hardPx2=0 softPx2=0 order=5 bound=1
2026.09.30-11.34.52 ICON fighter=f-1-hero bbox=(850,543,882,575) size=32 src=combat anchor=right fallback=0 overlapPx2=0 texture=/Game/ArtTests/ARTMarkers/Textures/T_UI_Action_AttackToken_32
2026.09.30-11.34.52 SNAPSHOT applied seq=126 phase=ACTION_MANEUVER
2026.09.30-11.34.52 HANDLE_APPLIED #190 seq=126 decision=2 fightersValid=1 boardValid=1
2026.09.30-11.34.52 COMBAT-RESULT seq=126 damage=0 role=defended
2026.09.30-11.34.52 ARTPREVIEW combat marker fighter=Medusa attacker=0 target=0 icon=0 targetMesh=SM_Marker_TargetRing iconMode=screen
2026.09.30-11.34.52 ARTPREVIEW combat marker fighter=King Arthur attacker=0 target=0 icon=0 targetMesh=SM_Marker_TargetRing iconMode=screen
2026.09.30-11.34.52 closed mode=
2026.09.30-11.34.52 MODE seq=126 mode=0 combat=0 pending=0
2026.09.30-11.34.52 HUD seq=126 phase=ACTION_MANEUVER turn=opp hand=6 oppHand=4(hidden) oppDeck=7 deck=1 discard=23
2026.09.30-11.34.52 ARTPREVIEW fighter=Medusa hero=1 eligible=0 visual=1 mesh=SK_Medusa_H2LD
2026.09.30-11.34.52 FIGHTERS synced n=6 alive=6 own=2 enemy=4
2026.09.30-11.34.52 RESOLVE done seq=126 (apply) phase=ACTION_MANEUVER
2026.09.30-11.34.52 SNAPSHOT applied seq=126 phase=ACTION_MANEUVER
2026.09.30-11.34.52 HANDLE_APPLIED #191 seq=126 decision=1 fightersValid=1 boardValid=1
2026.09.30-11.34.52 MODE seq=126 mode=0 combat=0 pending=0
2026.09.30-11.34.52 HUD seq=126 phase=ACTION_MANEUVER turn=opp hand=6 oppHand=4(hidden) oppDeck=7 deck=1 discard=23
2026.09.30-11.34.52 ARTPREVIEW fighter=Medusa hero=1 eligible=0 visual=1 mesh=SK_Medusa_H2LD
2026.09.30-11.34.52 FIGHTERS synced n=6 alive=6 own=2 enemy=4
2026.09.30-11.34.52 WS seq=126 phase=ACTION_MANEUVER (merge)
2026.09.30-11.34.52 S09AUTO drive mode=0 plan=[defend+resolve] phase=ACTION_MANEUVER turn=cmukie55u0000wiao06h107t9
2026.09.30-11.34.52 TAG fighter=f-0-hero bbox=(909,493,1011,515) mode=compact look=P1 placement=above ring=0 hardPx2=0 softPx2=0 order=4 bound=1
2026.09.30-11.34.52 TAG fighter=f-0-sk0 bbox=(1232,385,1316,407) mode=compact look=P1 placement=above ring=0 hardPx2=0 softPx2=0 order=2 bound=1
2026.09.30-11.34.52 TAG fighter=f-0-sk1 bbox=(918,264,1002,286) mode=compact look=P1 placement=above ring=0 hardPx2=0 softPx2=0 order=0 bound=1
2026.09.30-11.34.52 TAG fighter=f-0-sk2 bbox=(761,385,845,407) mode=compact look=P1 placement=above ring=0 hardPx2=0 softPx2=0 order=1 bound=1
2026.09.30-11.34.52 TAG fighter=f-1-hero bbox=(652,513,745,535) mode=compact look=P2 placement=left ring=0 hardPx2=0 softPx2=0 order=3 bound=1
2026.09.30-11.34.52 TAG fighter=f-1-sk0 bbox=(1242,507,1326,529) mode=compact look=P2 placement=above ring=0 hardPx2=0 softPx2=0 order=5 bound=1
2026.09.30-11.34.52 HUD icon hidden fighter=f-1-hero
2026.09.30-11.34.52 TAG fighter=f-0-hero bbox=(909,493,1011,515) mode=compact look=P1 placement=above ring=0 hardPx2=0 softPx2=0 order=4 bound=1
2026.09.30-11.34.52 TAG fighter=f-0-sk0 bbox=(1232,385,1316,407) mode=compact look=P1 placement=above ring=0 hardPx2=0 softPx2=0 order=2 bound=1
2026.09.30-11.34.52 TAG fighter=f-0-sk1 bbox=(918,264,1002,286) mode=compact look=P1 placement=above ring=0 hardPx2=0 softPx2=0 order=0 bound=1
2026.09.30-11.34.52 TAG fighter=f-0-sk2 bbox=(761,385,845,407) mode=compact look=P1 placement=above ring=0 hardPx2=0 softPx2=0 order=1 bound=1
2026.09.30-11.34.52 TAG fighter=f-1-hero bbox=(652,513,745,535) mode=compact look=P2 placement=left ring=0 hardPx2=0 softPx2=0 order=3 bound=1
2026.09.30-11.34.52 TAG fighter=f-1-sk0 bbox=(1242,507,1326,529) mode=compact look=P2 placement=above ring=0 hardPx2=0 softPx2=0 order=5 bound=1
2026.09.30-11.34.52 SNAPSHOT applied seq=127 phase=ACTION_MANEUVER
2026.09.30-11.34.52 HANDLE_APPLIED #192 seq=127 decision=2 fightersValid=1 boardValid=1
2026.09.30-11.34.52 MODE seq=127 mode=0 combat=0 pending=0
2026.09.30-11.34.52 HUD seq=127 phase=ACTION_MANEUVER turn=opp hand=6 oppHand=5(hidden) oppDeck=7~ deck=1~ discard=23
2026.09.30-11.34.52 ARTPREVIEW fighter=Medusa hero=1 eligible=0 visual=1 mesh=SK_Medusa_H2LD
2026.09.30-11.34.52 FIGHTERS synced n=6 alive=6 own=2 enemy=4
2026.09.30-11.34.52 WS seq=127 phase=ACTION_MANEUVER (apply)
2026.09.30-11.34.52 SNAPSHOT applied seq=128 phase=ACTION_MANEUVER
2026.09.30-11.34.52 HANDLE_APPLIED #193 seq=128 decision=2 fightersValid=1 boardValid=1
2026.09.30-11.34.52 MODE seq=128 mode=0 combat=0 pending=0
2026.09.30-11.34.52 HUD seq=128 phase=ACTION_MANEUVER turn=you hand=6 oppHand=5(hidden) oppDeck=7~ deck=1~ discard=23
2026.09.30-11.34.52 ARTPREVIEW fighter=Medusa hero=1 eligible=0 visual=1 mesh=SK_Medusa_H2LD
2026.09.30-11.34.52 FIGHTERS synced n=6 alive=6 own=2 enemy=4
2026.09.30-11.34.52 WS seq=128 phase=ACTION_MANEUVER (apply)
2026.09.30-11.34.52 S09AUTO own turn #11 (turnCount=24)
2026.09.30-11.34.52 TAG fighter=f-0-hero bbox=(909,493,1011,515) mode=compact look=P1 placement=above ring=0 hardPx2=0 softPx2=0 order=4 bound=1
2026.09.30-11.34.52 TAG fighter=f-0-sk0 bbox=(1232,385,1316,407) mode=compact look=P1 placement=above ring=0 hardPx2=0 softPx2=0 order=2 bound=1
2026.09.30-11.34.52 TAG fighter=f-0-sk1 bbox=(918,264,1002,286) mode=compact look=P1 placement=above ring=0 hardPx2=0 softPx2=0 order=0 bound=1
2026.09.30-11.34.52 TAG fighter=f-0-sk2 bbox=(761,385,845,407) mode=compact look=P1 placement=above ring=0 hardPx2=0 softPx2=0 order=1 bound=1
2026.09.30-11.34.52 TAG fighter=f-1-hero bbox=(652,513,745,535) mode=compact look=P2 placement=left ring=0 hardPx2=0 softPx2=0 order=3 bound=1
2026.09.30-11.34.52 TAG fighter=f-1-sk0 bbox=(1242,507,1326,529) mode=compact look=P2 placement=above ring=0 hardPx2=0 softPx2=0 order=5 bound=1
2026.09.30-11.34.52 game -> room=cmuo11ar100ubwiwwv3dxqwgm code=<redacted> status=IN_PROGRESS
2026.09.30-11.34.52 SNAPSHOT applied seq=129 phase=ACTION_MANEUVER
2026.09.30-11.34.52 HANDLE_APPLIED #194 seq=129 decision=2 fightersValid=1 boardValid=1
2026.09.30-11.34.52 MANEUVER-DRAFT mode=maneuver:24:128
2026.09.30-11.34.52 DRAFT-OPEN draw committed (resume instead of begin)
2026.09.30-11.34.52 MODE seq=129 mode=1 combat=0 pending=0
2026.09.30-11.34.52 HUD seq=129 phase=ACTION_MANEUVER turn=you hand=7 oppHand=5(hidden) oppDeck=6 deck=0 discard=23
2026.09.30-11.34.52 ARTPREVIEW fighter=Medusa hero=1 eligible=0 visual=1 mesh=SK_Medusa_H2LD
2026.09.30-11.34.52 FIGHTERS synced n=6 alive=6 own=2 enemy=4
2026.09.30-11.34.52 MANEUVER begin seq=129 (apply) pending=maneuver:24:128
2026.09.30-11.34.52 SNAPSHOT applied seq=129 phase=ACTION_MANEUVER
2026.09.30-11.34.52 HANDLE_APPLIED #195 seq=129 decision=1 fightersValid=1 boardValid=1
2026.09.30-11.34.52 MODE seq=129 mode=1 combat=0 pending=0
2026.09.30-11.34.52 HUD seq=129 phase=ACTION_MANEUVER turn=you hand=7 oppHand=5(hidden) oppDeck=6 deck=0 discard=23
2026.09.30-11.34.52 ARTPREVIEW fighter=Medusa hero=1 eligible=0 visual=1 mesh=SK_Medusa_H2LD
2026.09.30-11.34.52 FIGHTERS synced n=6 alive=6 own=2 enemy=4
2026.09.30-11.34.52 WS seq=129 phase=ACTION_MANEUVER (merge)
2026.09.30-11.34.52 S09AUTO drive mode=1 plan=[defend+resolve] phase=ACTION_MANEUVER turn=cmukie57j0001wiaofr67k2vd
2026.09.30-11.34.52 MANEUVER-CONFIRM moves=1 boost=none
2026.09.30-11.34.52 HUD plate content fighter=f-1-hero name=King Arthur hp=3/18 team=own statuses=HERO  |  MELEE teamSlot=P2 look=P2 shape=hexagon chip=#5786A8
2026.09.30-11.34.52 PLATE fighter=f-1-hero bbox=(849,453,1021,507) overlapReachable=0 placement=above ring=0 gap=6 selection=f-1-hero destinations=6 clean=1 softPx2=0 tested=122 bound=1
2026.09.30-11.34.52 TAG fighter=f-0-hero bbox=(1009,517,1111,539) mode=compact look=P1 placement=right ring=0 hardPx2=0 softPx2=0 order=3 bound=1
2026.09.30-11.34.52 TAG fighter=f-0-sk0 bbox=(1232,385,1316,407) mode=compact look=P1 placement=above ring=0 hardPx2=0 softPx2=0 order=2 bound=1
2026.09.30-11.34.52 TAG fighter=f-0-sk1 bbox=(918,264,1002,286) mode=compact look=P1 placement=above ring=0 hardPx2=0 softPx2=0 order=0 bound=1
2026.09.30-11.34.52 TAG fighter=f-0-sk2 bbox=(761,385,845,407) mode=compact look=P1 placement=above ring=0 hardPx2=0 softPx2=0 order=1 bound=1
2026.09.30-11.34.52 TAG fighter=f-1-sk0 bbox=(1242,507,1326,529) mode=compact look=P2 placement=above ring=0 hardPx2=0 softPx2=0 order=4 bound=1
2026.09.30-11.34.52 TAG fighter=f-0-hero bbox=(1009,517,1111,539) mode=compact look=P1 placement=right ring=0 hardPx2=0 softPx2=0 order=3 bound=1
2026.09.30-11.34.52 TAG fighter=f-0-sk0 bbox=(1232,385,1316,407) mode=compact look=P1 placement=above ring=0 hardPx2=0 softPx2=0 order=2 bound=1
2026.09.30-11.34.52 TAG fighter=f-0-sk1 bbox=(918,264,1002,286) mode=compact look=P1 placement=above ring=0 hardPx2=0 softPx2=0 order=0 bound=1
2026.09.30-11.34.52 TAG fighter=f-0-sk2 bbox=(761,385,845,407) mode=compact look=P1 placement=above ring=0 hardPx2=0 softPx2=0 order=1 bound=1
2026.09.30-11.34.52 TAG fighter=f-1-sk0 bbox=(1242,507,1326,529) mode=compact look=P2 placement=above ring=0 hardPx2=0 softPx2=0 order=4 bound=1
2026.09.30-11.34.52 SNAPSHOT applied seq=130 phase=ACTION_MANEUVER
2026.09.30-11.34.52 HANDLE_APPLIED #196 seq=130 decision=2 fightersValid=1 boardValid=1
2026.09.30-11.34.52 closed mode=
2026.09.30-11.34.52 MODE seq=130 mode=0 combat=0 pending=0
2026.09.30-11.34.52 HUD seq=130 phase=ACTION_MANEUVER turn=you hand=7 oppHand=5(hidden) oppDeck=6 deck=0 discard=23
2026.09.30-11.34.52 ARTPREVIEW fighter=Medusa hero=1 eligible=0 visual=1 mesh=SK_Medusa_H2LD
2026.09.30-11.34.52 FIGHTERS synced n=6 alive=6 own=2 enemy=4
2026.09.30-11.34.52 CUE move f-1-hero (1,3)->(0,3) seq=130
2026.09.30-11.34.52 MANEUVER done seq=130 (apply) fighters=6 boost=no
2026.09.30-11.34.52 SNAPSHOT applied seq=130 phase=ACTION_MANEUVER
2026.09.30-11.34.52 HANDLE_APPLIED #197 seq=130 decision=1 fightersValid=1 boardValid=1
2026.09.30-11.34.52 MODE seq=130 mode=0 combat=0 pending=0
2026.09.30-11.34.52 HUD seq=130 phase=ACTION_MANEUVER turn=you hand=7 oppHand=5(hidden) oppDeck=6 deck=0 discard=23
2026.09.30-11.34.52 ARTPREVIEW fighter=Medusa hero=1 eligible=0 visual=1 mesh=SK_Medusa_H2LD
2026.09.30-11.34.52 FIGHTERS synced n=6 alive=6 own=2 enemy=4
2026.09.30-11.34.52 WS seq=130 phase=ACTION_MANEUVER (merge)
2026.09.30-11.34.52 PLATE hidden fighter=f-1-hero
2026.09.30-11.34.52 TAG fighter=f-0-hero bbox=(909,493,1011,515) mode=compact look=P1 placement=above ring=0 hardPx2=0 softPx2=0 order=4 bound=1
2026.09.30-11.34.52 TAG fighter=f-0-sk0 bbox=(1232,385,1316,407) mode=compact look=P1 placement=above ring=0 hardPx2=0 softPx2=0 order=2 bound=1
2026.09.30-11.34.52 TAG fighter=f-0-sk1 bbox=(918,264,1002,286) mode=compact look=P1 placement=above ring=0 hardPx2=0 softPx2=0 order=0 bound=1
2026.09.30-11.34.52 TAG fighter=f-0-sk2 bbox=(761,385,845,407) mode=compact look=P1 placement=above ring=0 hardPx2=0 softPx2=0 order=1 bound=1
2026.09.30-11.34.52 TAG fighter=f-1-hero bbox=(588,489,681,511) mode=compact look=P2 placement=above ring=0 hardPx2=0 softPx2=0 order=3 bound=1
2026.09.30-11.34.52 TAG fighter=f-1-sk0 bbox=(1242,507,1326,529) mode=compact look=P2 placement=above ring=0 hardPx2=0 softPx2=0 order=5 bound=1
2026.09.30-11.34.52 TAG fighter=f-0-hero bbox=(909,493,1011,515) mode=compact look=P1 placement=above ring=0 hardPx2=0 softPx2=0 order=4 bound=1
2026.09.30-11.34.52 TAG fighter=f-0-sk0 bbox=(1232,385,1316,407) mode=compact look=P1 placement=above ring=0 hardPx2=0 softPx2=0 order=2 bound=1
2026.09.30-11.34.52 TAG fighter=f-0-sk1 bbox=(918,264,1002,286) mode=compact look=P1 placement=above ring=0 hardPx2=0 softPx2=0 order=0 bound=1
2026.09.30-11.34.52 TAG fighter=f-0-sk2 bbox=(761,385,845,407) mode=compact look=P1 placement=above ring=0 hardPx2=0 softPx2=0 order=1 bound=1
2026.09.30-11.34.52 TAG fighter=f-1-hero bbox=(588,489,681,511) mode=compact look=P2 placement=above ring=0 hardPx2=0 softPx2=0 order=3 bound=1
2026.09.30-11.34.52 TAG fighter=f-1-sk0 bbox=(1242,507,1326,529) mode=compact look=P2 placement=above ring=0 hardPx2=0 softPx2=0 order=5 bound=1
2026.09.30-11.34.52 ARTPREVIEW anim fighter=f-0-hero clip=Idle len=2.333 event=clipFinished loop=1 phase=0.8071 seq=-1 asset=AM_Medusa_Idle
2026.09.30-11.34.53 S09AUTO drive mode=0 plan=[defend+resolve] phase=ACTION_MANEUVER turn=cmukie57j0001wiaofr67k2vd
2026.09.30-11.34.53 SNAPSHOT applied seq=131 phase=ACTION_MANEUVER
2026.09.30-11.34.53 HANDLE_APPLIED #198 seq=131 decision=2 fightersValid=1 boardValid=1
2026.09.30-11.34.53 MANEUVER-DRAFT mode=maneuver:24:130
2026.09.30-11.34.53 DRAFT-OPEN draw committed (resume instead of begin)
2026.09.30-11.34.53 MODE seq=131 mode=1 combat=0 pending=0
2026.09.30-11.34.53 HUD seq=131 phase=ACTION_MANEUVER turn=you hand=7 oppHand=5(hidden) oppDeck=6 deck=0 discard=23
2026.09.30-11.34.53 ARTPREVIEW fighter=Medusa hero=1 eligible=0 visual=1 mesh=SK_Medusa_H2LD
2026.09.30-11.34.53 FIGHTERS synced n=6 alive=6 own=2 enemy=4
2026.09.30-11.34.53 ARTPREVIEW damage-number fighter=f-1-hero amount=2 seq=131 cell=(0,3)
2026.09.30-11.34.53 ARTPREVIEW anim fighter=f-1-hero clip=HitReact len=0.417 event=damaged loop=0 phase=0.0000 seq=131 asset=AM_KingArthur_HitReact
2026.09.30-11.34.53 CUE damage f-1-hero -2 seq=131
2026.09.30-11.34.53 ARTPREVIEW damage-number fighter=f-1-sk0 amount=2 seq=131 cell=(4,3)
2026.09.30-11.34.53 ARTPREVIEW anim fighter=f-1-sk0 clip=HitReact len=0.417 event=damaged loop=0 phase=0.0000 seq=131 asset=AM_Merlin_HitReact
2026.09.30-11.34.53 CUE damage f-1-sk0 -2 seq=131
2026.09.30-11.34.53 MANEUVER begin seq=131 (apply) pending=maneuver:24:130
2026.09.30-11.34.53 SNAPSHOT applied seq=131 phase=ACTION_MANEUVER
2026.09.30-11.34.53 HANDLE_APPLIED #199 seq=131 decision=1 fightersValid=1 boardValid=1
2026.09.30-11.34.53 MODE seq=131 mode=1 combat=0 pending=0
2026.09.30-11.34.53 HUD seq=131 phase=ACTION_MANEUVER turn=you hand=7 oppHand=5(hidden) oppDeck=6 deck=0 discard=23
2026.09.30-11.34.53 ARTPREVIEW fighter=Medusa hero=1 eligible=0 visual=1 mesh=SK_Medusa_H2LD
2026.09.30-11.34.53 FIGHTERS synced n=6 alive=6 own=2 enemy=4
2026.09.30-11.34.53 WS seq=131 phase=ACTION_MANEUVER (merge)
2026.09.30-11.34.53 S09AUTO drive mode=1 plan=[defend+resolve] phase=ACTION_MANEUVER turn=cmukie57j0001wiaofr67k2vd
2026.09.30-11.34.53 MANEUVER-CONFIRM moves=1 boost=none
2026.09.30-11.34.53 HUD plate content fighter=f-1-hero name=King Arthur hp=1/18 team=own statuses=HERO  |  MELEE teamSlot=P2 look=P2 shape=hexagon chip=#5786A8
2026.09.30-11.34.53 PLATE fighter=f-1-hero bbox=(403,549,575,603) overlapReachable=0 placement=left ring=0 gap=6 selection=f-1-hero destinations=6 clean=1 softPx2=0 tested=124 bound=1
2026.09.30-11.34.53 TAG fighter=f-0-hero bbox=(909,493,1011,515) mode=compact look=P1 placement=above ring=0 hardPx2=0 softPx2=0 order=3 bound=1
2026.09.30-11.34.53 TAG fighter=f-0-sk0 bbox=(1232,385,1316,407) mode=compact look=P1 placement=above ring=0 hardPx2=0 softPx2=0 order=2 bound=1
2026.09.30-11.34.53 TAG fighter=f-0-sk1 bbox=(918,264,1002,286) mode=compact look=P1 placement=above ring=0 hardPx2=0 softPx2=0 order=0 bound=1
2026.09.30-11.34.53 TAG fighter=f-0-sk2 bbox=(761,385,845,407) mode=compact look=P1 placement=above ring=0 hardPx2=0 softPx2=0 order=1 bound=1
2026.09.30-11.34.53 TAG fighter=f-1-sk0 bbox=(1242,507,1326,529) mode=compact look=P2 placement=above ring=0 hardPx2=0 softPx2=0 order=4 bound=1
2026.09.30-11.34.53 DAMAGE fighter=f-1-hero bbox=(690,564,730,592) amount=2 seq=131 placement=right ring=0 hardPx2=0 softPx2=0
2026.09.30-11.34.53 TAG fighter=f-0-hero bbox=(909,493,1011,515) mode=compact look=P1 placement=above ring=0 hardPx2=0 softPx2=0 order=3 bound=1
2026.09.30-11.34.53 TAG fighter=f-0-sk0 bbox=(1232,385,1316,407) mode=compact look=P1 placement=above ring=0 hardPx2=0 softPx2=0 order=2 bound=1
2026.09.30-11.34.53 TAG fighter=f-0-sk1 bbox=(918,264,1002,286) mode=compact look=P1 placement=above ring=0 hardPx2=0 softPx2=0 order=0 bound=1
2026.09.30-11.34.53 TAG fighter=f-0-sk2 bbox=(761,385,845,407) mode=compact look=P1 placement=above ring=0 hardPx2=0 softPx2=0 order=1 bound=1
2026.09.30-11.34.53 TAG fighter=f-1-sk0 bbox=(1242,507,1326,529) mode=compact look=P2 placement=above ring=0 hardPx2=0 softPx2=0 order=4 bound=1
2026.09.30-11.34.54 SNAPSHOT applied seq=132 phase=ACTION_MANEUVER
2026.09.30-11.34.54 HANDLE_APPLIED #200 seq=132 decision=2 fightersValid=1 boardValid=1
2026.09.30-11.34.54 closed mode=
2026.09.30-11.34.54 MODE seq=132 mode=0 combat=0 pending=1
2026.09.30-11.34.54 HUD seq=132 phase=ACTION_MANEUVER turn=opp hand=7 oppHand=5(hidden) oppDeck=6 deck=0 discard=23
2026.09.30-11.34.54 ARTPREVIEW fighter=Medusa hero=1 eligible=0 visual=1 mesh=SK_Medusa_H2LD
2026.09.30-11.34.54 FIGHTERS synced n=6 alive=6 own=2 enemy=4
2026.09.30-11.34.54 CUE move f-1-hero (0,3)->(1,3) seq=132
2026.09.30-11.34.54 MANEUVER done seq=132 (apply) fighters=6 boost=no
2026.09.30-11.34.54 SNAPSHOT applied seq=132 phase=ACTION_MANEUVER
2026.09.30-11.34.54 HANDLE_APPLIED #201 seq=132 decision=1 fightersValid=1 boardValid=1
2026.09.30-11.34.54 MODE seq=132 mode=0 combat=0 pending=1
2026.09.30-11.34.54 HUD seq=132 phase=ACTION_MANEUVER turn=opp hand=7 oppHand=5(hidden) oppDeck=6 deck=0 discard=23
2026.09.30-11.34.54 ARTPREVIEW fighter=Medusa hero=1 eligible=0 visual=1 mesh=SK_Medusa_H2LD
2026.09.30-11.34.54 FIGHTERS synced n=6 alive=6 own=2 enemy=4
2026.09.30-11.34.54 WS seq=132 phase=ACTION_MANEUVER (merge)
2026.09.30-11.34.54 PLATE hidden fighter=f-1-hero
2026.09.30-11.34.54 TAG fighter=f-0-hero bbox=(909,493,1011,515) mode=compact look=P1 placement=above ring=0 hardPx2=0 softPx2=0 order=4 bound=1
2026.09.30-11.34.54 TAG fighter=f-0-sk0 bbox=(1232,385,1316,407) mode=compact look=P1 placement=above ring=0 hardPx2=0 softPx2=0 order=3 bound=1
2026.09.30-11.34.54 TAG fighter=f-0-sk1 bbox=(918,264,1002,286) mode=compact look=P1 placement=above ring=0 hardPx2=0 softPx2=0 order=1 bound=1
2026.09.30-11.34.54 TAG fighter=f-0-sk2 bbox=(761,385,845,407) mode=compact look=P1 placement=above ring=0 hardPx2=0 softPx2=0 order=2 bound=1
2026.09.30-11.34.54 TAG fighter=f-1-hero bbox=(652,513,745,535) mode=compact look=P2 placement=left ring=0 hardPx2=0 softPx2=0 order=0 bound=1
2026.09.30-11.34.54 TAG fighter=f-1-sk0 bbox=(1242,507,1326,529) mode=compact look=P2 placement=above ring=0 hardPx2=0 softPx2=0 order=5 bound=1
2026.09.30-11.34.54 DAMAGE fighter=f-1-hero bbox=(679,483,719,511) amount=2 seq=131 placement=above ring=0 hardPx2=0 softPx2=0
2026.09.30-11.34.54 TAG fighter=f-0-hero bbox=(909,493,1011,515) mode=compact look=P1 placement=above ring=0 hardPx2=0 softPx2=0 order=4 bound=1
2026.09.30-11.34.54 TAG fighter=f-0-sk0 bbox=(1232,385,1316,407) mode=compact look=P1 placement=above ring=0 hardPx2=0 softPx2=0 order=3 bound=1
2026.09.30-11.34.54 TAG fighter=f-0-sk1 bbox=(918,264,1002,286) mode=compact look=P1 placement=above ring=0 hardPx2=0 softPx2=0 order=1 bound=1
2026.09.30-11.34.54 TAG fighter=f-0-sk2 bbox=(761,385,845,407) mode=compact look=P1 placement=above ring=0 hardPx2=0 softPx2=0 order=2 bound=1
2026.09.30-11.34.54 TAG fighter=f-1-hero bbox=(652,513,745,535) mode=compact look=P2 placement=left ring=0 hardPx2=0 softPx2=0 order=0 bound=1
2026.09.30-11.34.54 TAG fighter=f-1-sk0 bbox=(1242,507,1326,529) mode=compact look=P2 placement=above ring=0 hardPx2=0 softPx2=0 order=5 bound=1
2026.09.30-11.34.54 SNAPSHOT applied seq=133 phase=GAME_OVER
2026.09.30-11.34.54 HANDLE_APPLIED #202 seq=133 decision=2 fightersValid=1 boardValid=1
2026.09.30-11.34.54 MODE seq=133 mode=0 combat=0 pending=1
2026.09.30-11.34.54 RESULT seq=133 outcome=DEFEAT winner=Medusa
2026.09.30-11.34.54 HUD seq=133 phase=GAME_OVER turn=opp hand=7 oppHand=5(hidden) oppDeck=6~ deck=0~ discard=23
2026.09.30-11.34.54 ARTPREVIEW fighter=Medusa hero=1 eligible=0 visual=1 mesh=SK_Medusa_H2LD
2026.09.30-11.34.54 ARTPREVIEW anim fighter=f-1-hero clip=DeathSettle len=0.875 event=defeated loop=0 phase=0.0000 seq=-1 asset=AM_KingArthur_DeathSettle
2026.09.30-11.34.54 ARTPREVIEW anim fighter=f-1-hero death hold=2.875
2026.09.30-11.34.54 FIGHTERS synced n=6 alive=5 own=1 enemy=4
2026.09.30-11.34.54 ARTPREVIEW damage-number fighter=f-1-hero amount=1 seq=133 cell=(1,3)
2026.09.30-11.34.54 CUE damage f-1-hero -1 seq=133
2026.09.30-11.34.54 WS seq=133 phase=GAME_OVER (apply)
2026.09.30-11.34.54 ARTPREVIEW anim fighter=f-1-sk0 clip=Idle len=3.000 event=clipFinished loop=1 phase=0.8028 seq=-1 asset=AM_Merlin_Idle
2026.09.30-11.34.55 game -> room=cmuo11ar100ubwiwwv3dxqwgm code=<redacted> status=FINISHED
2026.09.30-11.34.56 S09AUTO result-screen shot
2026.09.30-11.34.56 SHOT ctx viewport=1920x1080 viewTarget=CameraActor_2147482348 cam=(0,1107,1582) rot=(-55,-90,0)
2026.09.30-11.34.56 RENDER tag=SHOT rhi=D3D12 featureLevel=SM6 shaderPlatform=PCD3D_SM6 lumenPlatform=1 gi=lumen giMethod=1 refl=lumen reflMethod=1 shadows=csm vsmEnable=0 sg.res=100 sg.view=2 sg.aa=2 sg.shadow=2 sg.gi=2 sg.refl=2 sg.pp=2 sg.tex=2 sg.fx=2 sg.foliage=2 sg.shading=2 sg.landscape=2 preset=High screenPct=100.0 screenPctMode=0 aa=TSR aaMethod=4 exposure=fixed-histogram expMin=4.14106 expMax=4.14106 expBias=0.000 ev100=2.05 lightUnits=candelas sky=1 skyIntensity=11.200 keyShadow=csm-3000uu-2c-contact0.000 shadowCasters=1 profile=cobble-probe profilesSha256=1ecc1e9281845655acf8b31f1dcf52a7510abfc8ba8505525ad72ee8f4ce3c4c profilesSource=pak legacyRender=0 gameLayer=unlit-eyeadaptinv tMaxFPS=30.0 vsync=0 frameRateLimit=60.0 substrate=0 nanite=1 meshDF=1 viewport=1920x1080 reference=1
2026.09.30-11.34.56 SHOT fighter f-0-hero pos=(2,3) world=(0,50,0) screen=(960,606) projected=1 alive=1
2026.09.30-11.34.56 SHOT fighter f-0-sk0 pos=(4,2) world=(200,-50,0) screen=(1271,476) projected=1 alive=1
2026.09.30-11.34.56 SHOT fighter f-0-sk1 pos=(2,1) world=(0,-150,0) screen=(960,355) projected=1 alive=1
2026.09.30-11.34.56 SHOT fighter f-0-sk2 pos=(1,2) world=(-100,-50,0) screen=(805,476) projected=1 alive=1
2026.09.30-11.34.56 SHOT fighter f-1-hero pos=(1,3) world=(-100,50,0) screen=(800,606) projected=1 alive=0
2026.09.30-11.34.56 SHOT fighter f-1-sk0 pos=(4,3) world=(200,50,0) screen=(1280,606) projected=1 alive=1
2026.09.30-11.34.56 SHOT camera dist=1930.8 target=1930.8 overview=1930.8 errPct=0.000 focusErr=0.00 settled=1 zoom=1.00
2026.09.30-11.34.56 SHOT head fighter=f-0-hero socket=Head mesh=SK_Medusa_H2LD world=(-0.7,48.9,47.0) screen=(958.9,561.4) top=(958.9,555.8) bottom=(958.9,566.9) headPx=11.1 projected=1
2026.09.30-11.34.56 SHOT head fighter=f-0-sk0 socket=Head mesh=SK_Harpy_H3LD world=(199.4,-45.0,34.2) screen=(1274.8,450.8) top=(1275.6,445.2) bottom=(1274.0,456.5) headPx=11.4 projected=1
2026.09.30-11.34.56 SHOT head fighter=f-0-sk1 socket=Head mesh=SK_Harpy_H3LD world=(-0.7,-144.7,34.0) screen=(959.0,328.4) top=(959.0,322.6) bottom=(959.0,334.2) headPx=11.6 projected=1
2026.09.30-11.34.56 SHOT head fighter=f-0-sk2 socket=Head mesh=SK_Harpy_H3LD world=(-100.0,-44.6,34.0) screen=(802.1,451.5) top=(801.7,445.9) bottom=(802.5,457.2) headPx=11.3 projected=1
2026.09.30-11.34.56 SHOT head fighter=f-1-hero socket=Head mesh=SK_KingArthur_H2LD world=(-90.2,38.8,45.5) screen=(813.2,549.3) top=(812.8,543.7) bottom=(813.6,554.8) headPx=11.2 projected=1
2026.09.30-11.34.56 SHOT head fighter=f-1-sk0 socket=Head mesh=SK_Merlin_H2LD world=(200.0,46.6,36.4) screen=(1284.9,568.2) top=(1285.7,562.6) bottom=(1284.0,573.7) headPx=11.2 projected=1
2026.09.30-11.34.56 SHOT figure fighter=f-0-hero bbox=(913,517,1007,644) ringR=28.50 art=1 blockout=0 team=P1 look=P1 ring=1
2026.09.30-11.34.56 SHOT figure fighter=f-0-sk0 bbox=(1234,409,1314,504) ringR=22.23 art=1 blockout=0 team=P1 look=P1 ring=1
2026.09.30-11.34.56 SHOT figure fighter=f-0-sk1 bbox=(926,288,994,381) ringR=22.23 art=1 blockout=0 team=P1 look=P1 ring=1
2026.09.30-11.34.56 SHOT figure fighter=f-0-sk2 bbox=(765,409,840,504) ringR=22.23 art=1 blockout=0 team=P1 look=P1 ring=1
2026.09.30-11.34.56 SHOT figure fighter=f-1-sk0 bbox=(1243,531,1326,635) ringR=22.23 art=1 blockout=0 team=P2 look=P2 ring=1
2026.09.30-11.34.56 SHOT request file=s09-result-screen.png frame=2496
2026.09.30-11.34.56 SHOT requested: FScreenshotRequest(bShowUI) -> C:\Users\ren\AppData\Local\Temp\s09-combat-20260930-163323-20236\joiner/s09-result-screen.png
2026.09.30-11.34.56 SHOT captured file=s09-result-screen.png frame=2496 px=1920x1080 sha256=f745b139073a4762c99abf285dd43452987d26931fc29cc5063606c895a96840 order=BGRA saved=1
2026.09.30-11.34.56 SHOT late begin file=s09-result-screen.png frame=2496 requestFrame=2496
2026.09.30-11.34.56 SHOT iconstate visible=0 lastFighter=none frame=2496
2026.09.30-11.34.56 SHOT panel id=hud.command bbox=(0,0,554,236) geom=painted visible=1 frame=2496
2026.09.30-11.34.56 SHOT panel id=hud.side bbox=(1884,0,1920,28) geom=painted visible=1 frame=2496
2026.09.30-11.34.56 SHOT panel id=hud.hand bbox=(950,1060,970,1080) geom=painted visible=1 frame=2496
2026.09.30-11.34.56 SHOT late end file=s09-result-screen.png frame=2496
2026.09.30-11.34.56 RESULT lobby-return sent (leaveGame)
2026.09.30-11.34.56 LEFT room=cmuo11ar100ubwiwwv3dxqwgm
2026.09.30-11.34.56 GAMEPLAY HUD cleared (left Started)
2026.09.30-11.34.56 STREAM torn down (left match)
2026.09.30-11.34.56 PERF window t=80.3-85.4 frames=146 fps=29.10 frameMs avg=34.37 p50=33.33 p95=33.33 p99=33.34 max=184.16 hitches50=1 gpuMs avg=1.94 p50=1.93 p95=2.19 gameMs avg=4.24 p95=23.59 renderMs avg=3.31 p95=4.75
2026.09.30-11.35.00 S09AUTO lobby-return shot
2026.09.30-11.35.00 SHOT ctx viewport=1920x1080 viewTarget=CameraActor_2147482348 cam=(0,1107,1582) rot=(-55,-90,0)
2026.09.30-11.35.00 RENDER tag=SHOT rhi=D3D12 featureLevel=SM6 shaderPlatform=PCD3D_SM6 lumenPlatform=1 gi=lumen giMethod=1 refl=lumen reflMethod=1 shadows=csm vsmEnable=0 sg.res=100 sg.view=2 sg.aa=2 sg.shadow=2 sg.gi=2 sg.refl=2 sg.pp=2 sg.tex=2 sg.fx=2 sg.foliage=2 sg.shading=2 sg.landscape=2 preset=High screenPct=100.0 screenPctMode=0 aa=TSR aaMethod=4 exposure=engine-default expMin=1.00000 expMax=1.00000 expBias=1.000 ev100=0.00 lightUnits=- sky=0 skyIntensity=0.000 keyShadow=- shadowCasters=0 profile=- profilesSha256=- profilesSource=- legacyRender=0 gameLayer=unlit-eyeadaptinv tMaxFPS=30.0 vsync=0 frameRateLimit=60.0 substrate=0 nanite=1 meshDF=1 viewport=1920x1080 reference=0 notReference=noArtProfile,exposure,lightUnits,profilesSource
2026.09.30-11.35.00 SHOT request file=s09-lobby-return.png frame=2618
2026.09.30-11.35.00 SHOT requested: FScreenshotRequest(bShowUI) -> C:\Users\ren\AppData\Local\Temp\s09-combat-20260930-163323-20236\joiner/s09-lobby-return.png
2026.09.30-11.35.00 SHOT captured file=s09-lobby-return.png frame=2618 px=1920x1080 sha256=8232e2db1a4800c4bae23c2ef6905bad781fae4683c87fc53cfa363a98967348 order=BGRA saved=1
2026.09.30-11.35.00 SHOT late begin file=s09-lobby-return.png frame=2618 requestFrame=2618
2026.09.30-11.35.00 SHOT late end file=s09-lobby-return.png frame=2618
2026.09.30-11.35.00 S09AUTO duel flow complete (GAME_OVER -> result shown -> lobby return) - exiting
2026.09.30-11.35.00 --- S08 trace close ---
