Type,Name,Source Path,Target Frame,Width,Height,Tags
Avatars,,heroes/avatars/-1FXUHpFLUrM-dvg9KNzT.webp,/avatars,150,150,Historical
Avatars,,heroes/avatars/-DwDeg2R2JA3DQDeTlT1K.webp,/avatars,150,150,Historical
Avatars,0ciitdm6rzni7yul,heroes/avatars/0ciiTDm6RZnI7Yul_t3oN.webp,0ciitdm6rzni7yul/avatars,150,150,Historical
Avatars,1p5p0hatpvhwuvwjupyac,heroes/avatars/1P5P0HatPvHwUvwJuPyAc.webp,1p5p0hatpvhwuvwjupyac/avatars,150,150,Historical
Avatars,2riccbvu5tk09amvsf6bo,heroes/avatars/2RiCcBVu5Tk09amVSf6BO.webp,2riccbvu5tk09amvsf6bo/avatars,150,150,Historical
Avatars,3g9v5x3jhxmz4g5h3kk7s,heroes/avatars/3G9V5x3JHXMZ4G5H3Kk7s.webp,3g9v5x3jhxmz4g5h3kk7s/avatars,150,150,Historical
Avatars,4d2vqezlfz2w5j6ouw1jg,heroes/avatars/4D2VQezlfz2w5J6oUW1JG.webp,4d2vqezlfz2w5j6ouw1jg/avatars,150,150,Historical
Avatars,5httyxcgymwkevuqu0mpl,heroes/avatars/5HttYXcGYMWKEVUqu0MpL.webp,5httyxcgymwkevuqu0mpl/avatars,150,150,Historical
Avatars,5pgekj8v9jmcsajxonaph,heroes/avatars/5PGekj8V9JmcSaJxoNAph.webp,5pgekj8v9jmcsajxonaph/avatars,150,150,Historical
Avatars,5w,heroes/avatars/5W_7-ObJntAkPZUG1JMUF.webp,5w/avatars,150,150,Historical
Avatars,6s5btmtugngrbcgx8,heroes/avatars/6S5BtmTUgNgRBCGX8_jZ6.webp,6s5btmtugngrbcgx8/avatars,150,150,Historical
Avatars,7jeerqntw8kztvkd513ow,heroes/avatars/7JeeRqntW8KzTvkd513Ow.webp,7jeerqntw8kztvkd513ow/avatars,150,150,Historical
Avatars,8cbbz,heroes/avatars/8cbBz-sTKxOpJJZEqo_yA.webp,8cbbz/avatars,150,150,Historical
Avatars,9z9iayfxdqpstwdftty0r,heroes/avatars/9z9iaYFxdQpstwDftty0r.webp,9z9iayfxdqpstwdftty0r/avatars,150,150,Historical
Avatars,Afgv0jsj73ob,heroes/avatars/aFgv0JsJ73OB_9iPmmd-5.webp,Afgv0jsj73ob/avatars,150,150,Historical
Avatars,Anedh,heroes/avatars/aNeDH_jPkjmrXA74EGDId.webp,Anedh/avatars,150,150,Historical
Avatars,Bi206lutjuqru,heroes/avatars/bI206lUtJUQru-FOD8A74.webp,Bi206lutjuqru/avatars,150,150,Historical
Avatars,Bigrbhvsywtxjeeytgqov,heroes/avatars/biGrBHVsYWTXjeEYTGqov.webp,Bigrbhvsywtxjeeytgqov/avatars,150,150,Historical
Avatars,Cde8k9n6i,heroes/avatars/CDE8K9N6i_bdh-kwzJv7w.webp,Cde8k9n6i/avatars,150,150,Historical
Avatars,Cjxor9gdcrrfzl2euxubq,heroes/avatars/CJXoR9gdcRrfzl2EUxUBq.webp,Cjxor9gdcrrfzl2euxubq/avatars,150,150,Historical
Avatars,D0g6g1igwbxz5sgu4m7kn,heroes/avatars/d0g6G1igwbxZ5sgU4M7Kn.webp,D0g6g1igwbxz5sgu4m7kn/avatars,150,150,Historical
Avatars,Dbfy8,heroes/avatars/DbfY8-lCHoqT9PCFqn1Xw.webp,Dbfy8/avatars,150,150,Historical
Avatars,Dgwiaej9v,heroes/avatars/dgwIAej9v-Omrn0sSVs5i.webp,Dgwiaej9v/avatars,150,150,Historical
Avatars,Dolizzwshpy4co8j4b2xn,heroes/avatars/DOliZZWSHpy4co8J4b2xN.webp,Dolizzwshpy4co8j4b2xn/avatars,150,150,Historical
Avatars,E5u2qn0pwk86gjvdsaeun,heroes/avatars/e5U2QN0Pwk86GjvdSaEUn.webp,E5u2qn0pwk86gjvdsaeun/avatars,150,150,Historical
Avatars,Eiycbxk4zladi4stdxa6c,heroes/avatars/eIYCBXK4zLADI4StdxA6C.webp,Eiycbxk4zladi4stdxa6c/avatars,150,150,Historical
Avatars,Ewl7lgi3yl3g8swnamecz,heroes/avatars/eWl7lGi3yl3G8SWnAMEcZ.webp,Ewl7lgi3yl3g8swnamecz/avatars,150,150,Historical
Avatars,F3t3llgwf,heroes/avatars/f3T3lLGwf__cTV6fVg4VR.webp,F3t3llgwf/avatars,150,150,Historical
Avatars,Fo35ilps,heroes/avatars/fo35ilpS_ZI8OIcVkOGgC.webp,Fo35ilps/avatars,150,150,Historical
Avatars,Gvuvfvllonust8,heroes/avatars/GVUVfvLlonuST8-fUwbnU.webp,Gvuvfvllonust8/avatars,150,150,Historical
Avatars,Gygpayd5l2iz,heroes/avatars/GYGpAYD5L2iZ-eHRL2nU6.webp,Gygpayd5l2iz/avatars,150,150,Historical
Avatars,H,heroes/avatars/h-FwDp4pP8-fp8TD8Cl-w.webp,H/avatars,150,150,Historical
Avatars,H,heroes/avatars/h_TeY_o2t6e1Hc0PuUHq9.webp,H/avatars,150,150,Historical
Avatars,Jicu8ycms8ooe,heroes/avatars/JIcU8ycMS8OoE-uGNyC8L.webp,Jicu8ycms8ooe/avatars,150,150,Historical
Avatars,Jwcnl3oj8sh6onpthex8q,heroes/avatars/JwCNL3Oj8Sh6ONpthEx8Q.webp,Jwcnl3oj8sh6onpthex8q/avatars,150,150,Historical
Avatars,Kzquve8tqicvmvuc,heroes/avatars/kZQUve8tqIcvmVUC-bGge.webp,Kzquve8tqicvmvuc/avatars,150,150,Historical
Avatars,L6yxygilb5dt88e,heroes/avatars/L6YXygILb5dt88E-NXXyI.webp,L6yxygilb5dt88e/avatars,150,150,Historical
Avatars,M61,heroes/avatars/M61_bBineukElgyyqqSFu.webp,M61/avatars,150,150,Historical
Avatars,Muid6ngk5qxzjqczm0d6c,heroes/avatars/mUid6ngk5qXZJQcZM0d6C.webp,Muid6ngk5qxzjqczm0d6c/avatars,150,150,Historical
Avatars,N7n9szcj5wyywlonnmkuc,heroes/avatars/n7N9sZCj5WyYWLoNnmKUC.webp,N7n9szcj5wyywlonnmkuc/avatars,150,150,Historical
Avatars,Nbc4pnpcx3gi2eruj7q,heroes/avatars/nbc4pNpcX3gi2ERUJ7q_T.webp,Nbc4pnpcx3gi2eruj7q/avatars,150,150,Historical
Avatars,Pacry1zorq8sg7kwlvb2l,heroes/avatars/PAcRY1ZoRQ8SG7KwlvB2L.webp,Pacry1zorq8sg7kwlvb2l/avatars,150,150,Historical
Avatars,Pskwb0nf06v,heroes/avatars/PsKwB0NF06V_U3gRQdzQY.webp,Pskwb0nf06v/avatars,150,150,Historical
Avatars,R3uokimjegdyneau7cjz3,heroes/avatars/r3uOkimJegDYnEAu7cjz3.webp,R3uokimjegdyneau7cjz3/avatars,150,150,Historical
Avatars,Sb6fsi180cfxcw6poi5bg,heroes/avatars/Sb6FSI180CfXcw6POi5BG.webp,Sb6fsi180cfxcw6poi5bg/avatars,150,150,Historical
Avatars,Sn0f,heroes/avatars/Sn0F_zfNmlLomR4uemo5d.webp,Sn0f/avatars,150,150,Historical
Avatars,Svxsfa2sbzql8pbslss,heroes/avatars/SVXSFa2SbzqL8PbsLSs-x.webp,Svxsfa2sbzql8pbslss/avatars,150,150,Historical
Avatars,Tbqkuergacu,heroes/avatars/tbqkuERgacU-HxLsb_uOt.webp,Tbqkuergacu/avatars,150,150,Historical
Avatars,Tmzhqx7mbmq4qbduseikb,heroes/avatars/TMzhqx7mBmq4qBDUSeikB.webp,Tmzhqx7mbmq4qbduseikb/avatars,150,150,Historical
Avatars,U4gps771423imcudwgtmu,heroes/avatars/u4Gps771423IMcUDwGtmU.webp,U4gps771423imcudwgtmu/avatars,150,150,Historical
Avatars,Ugqvittp,heroes/avatars/UgQvitTp_2xoOdzIwMdaK.webp,Ugqvittp/avatars,150,150,Historical
Avatars,Uj0ax4luynhannq,heroes/avatars/uJ0Ax4lUynHaNnQ_Ivt-O.webp,Uj0ax4luynhannq/avatars,150,150,Historical
Avatars,Uloq6rgnuep9r,heroes/avatars/uloq6RgnueP9r-U8B8Aji.webp,Uloq6rgnuep9r/avatars,150,150,Historical
Avatars,Vawzj9iyk4ssg83p9mvdl,heroes/avatars/vawZJ9iyk4ssG83p9mVdL.webp,Vawzj9iyk4ssg83p9mvdl/avatars,150,150,Historical
Avatars,Vklrzxvv8vyjg4k9effvj,heroes/avatars/VKLRzXVv8vyJg4k9effvj.webp,Vklrzxvv8vyjg4k9effvj/avatars,150,150,Historical
Avatars,V,heroes/avatars/v_3vwYEyLg8jmgaTz-3mp.webp,V/avatars,150,150,Historical
Avatars,W03sz0,heroes/avatars/W03sz0_dGlPDN4M67p2nj.webp,W03sz0/avatars,150,150,Historical
Avatars,Wctyroemrsmgs0ewqekoe,heroes/avatars/wCTyrOeMRsMgS0ewqEKoe.webp,Wctyroemrsmgs0ewqekoe/avatars,150,150,Historical
Avatars,Xk60vlqzy,heroes/avatars/XK60vlQzY_BhoHHrmyzzu.webp,Xk60vlqzy/avatars,150,150,Historical
Avatars,Y3flcktxbzc9fkhe0bnjj,heroes/avatars/Y3FlCKtXBzC9fKHe0bNjj.webp,Y3flcktxbzc9fkhe0bnjj/avatars,150,150,Historical
Avatars,Y7wkjkahxc3v2pdv8tkev,heroes/avatars/y7WkJkAhxC3V2PDV8tKev.webp,Y7wkjkahxc3v2pdv8tkev/avatars,150,150,Historical
Avatars,Ygwpoteia9ihnwuqijr,heroes/avatars/YGWpoTEIA9IhNwuqiJR_V.webp,Ygwpoteia9ihnwuqijr/avatars,150,150,Historical
Avatars,Z4lcyo,heroes/avatars/Z4LCYo_MOeJ9S2nkJMsL1.webp,Z4lcyo/avatars,150,150,Historical
Avatars,Zhn4brhip,heroes/avatars/Zhn4BRhIP_U1sAdFadtMG.webp,Zhn4brhip/avatars,150,150,Historical
Avatars,Zl3s54qv25uc4mxj4sysy,heroes/avatars/Zl3S54qv25uC4MxJ4sysy.webp,Zl3s54qv25uc4mxj4sysy/avatars,150,150,Historical
Avatars,Zoc040epren1l73zkghto,heroes/avatars/zOc040ePREN1L73zKghTo.webp,Zoc040epren1l73zkghto/avatars,150,150,Historical
Avatars,Zq4oy,heroes/avatars/zq4oY_7de7uSfLrgPvaud.webp,Zq4oy/avatars,150,150,Historical
Avatars,Zqe5lxxdx,heroes/avatars/ZQE5LXXDX-LOR3y-mbMGL.webp,Zqe5lxxdx/avatars,150,150,Historical
Avatars,Zuxnqlrtgvpl4wqqzgp1,heroes/avatars/ZuxNqlRtGvpl4wQqZGP1_.webp,Zuxnqlrtgvpl4wqqzgp1/avatars,150,150,Historical
Avatars,,heroes/avatars/_UIzkUXnfQrxwluuBs2oJ.webp,/avatars,150,150,Historical
Cardcovers,2pgzlsmj7oymshbtvrxzu,heroes/card-covers/2pgzlSmJ7oYmSHBTVRXzU.webp,2pgzlsmj7oymshbtvrxzu/cardcovers,300,420,Historical
Cardcovers,3anzq,heroes/card-covers/3aNzQ_wquoFTEB8gvWQ_0.webp,3anzq/cardcovers,300,420,Historical
Cardcovers,591be1ij7pvn6uzsqucd1,heroes/card-covers/591BE1ij7PVn6uzsqucd1.webp,591be1ij7pvn6uzsqucd1/cardcovers,300,420,Historical
Cardcovers,5eoggywjkvj,heroes/card-covers/5eoggYWJKVJ_PNs8bQOCr.webp,5eoggywjkvj/cardcovers,300,420,Historical
Cardcovers,5u0kpijx,heroes/card-covers/5U0kpiJx-RzRDYQ-FulgJ.webp,5u0kpijx/cardcovers,300,420,Historical
Cardcovers,8p9zi,heroes/card-covers/8P9zI-HHRr-qgJASxttfi.webp,8p9zi/cardcovers,300,420,Historical
Cardcovers,8typvxaqscvjydfmupeyk,heroes/card-covers/8TYpVxAqscVJYDfMuPeyk.webp,8typvxaqscvjydfmupeyk/cardcovers,300,420,Historical
Cardcovers,8uec00oarzstz9ontmkpw,heroes/card-covers/8uec00oaRZstZ9ontmkPw.webp,8uec00oarzstz9ontmkpw/cardcovers,300,420,Historical
Cardcovers,9fluf82o6l7,heroes/card-covers/9Fluf82O6L7-685G-EosQ.webp,9fluf82o6l7/cardcovers,300,420,Historical
Cardcovers,A,heroes/card-covers/A-XrmwVNY2Gf9TvYj6FES.webp,A/cardcovers,300,420,Historical
Cardcovers,A891p2gl7ipp2,heroes/card-covers/A891P2gL7IPp2_Kjk3P7b.webp,A891p2gl7ipp2/cardcovers,300,420,Historical
Cardcovers,Alef6sbxvea3kuujeb3gb,heroes/card-covers/ALEF6sBXvEA3kUuJEb3gb.png,Alef6sbxvea3kuujeb3gb/cardcovers,300,420,Historical
Cardcovers,B0qnkxzyog3klwrnvksrg,heroes/card-covers/B0qnKxZyoG3KLwRNvKsrG.webp,B0qnkxzyog3klwrnvksrg/cardcovers,300,420,Historical
Cardcovers,Bg3s8iedb07ylbfjqsgs5,heroes/card-covers/bg3s8IEdB07YlbFJQSGS5.webp,Bg3s8iedb07ylbfjqsgs5/cardcovers,300,420,Historical
Cardcovers,Bic5illqu,heroes/card-covers/BiC5iLlqu_RyyelKidLWp.webp,Bic5illqu/cardcovers,300,420,Historical
Cardcovers,Byq,heroes/card-covers/byq-c3l_HktvangjGc33q.webp,Byq/cardcovers,300,420,Historical
Cardcovers,Cnnth,heroes/card-covers/CNnTH-5_N8SAAWXV_RSZV.webp,Cnnth/cardcovers,300,420,Historical
Cardcovers,Cvsgmamfob3jnz9ofojga,heroes/card-covers/CvsgmaMFob3JNZ9OFOjgA.webp,Cvsgmamfob3jnz9ofojga/cardcovers,300,420,Historical
Cardcovers,Dfiv68elgn0gf,heroes/card-covers/dfiv68ElGn0Gf-G0Il-Vy.webp,Dfiv68elgn0gf/cardcovers,300,420,Historical
Cardcovers,Eodlc4pnqsqst9akf5nvn,heroes/card-covers/EoDLc4PNqSqST9akf5nVn.jpg,Eodlc4pnqsqst9akf5nvn/cardcovers,300,420,Historical
Cardcovers,Epuasizcbo09q,heroes/card-covers/epUAsiZCbo09Q_Tew3OxK.webp,Epuasizcbo09q/cardcovers,300,420,Historical
Cardcovers,Hkwpbbhkumb,heroes/card-covers/HkwPbbhKUMb_XWpndh6DN.webp,Hkwpbbhkumb/cardcovers,300,420,Historical
Cardcovers,Hq3qeqjwxr1uicst9aikw,heroes/card-covers/hq3qeQJWxR1UIcSt9aIkw.webp,Hq3qeqjwxr1uicst9aikw/cardcovers,300,420,Historical
Cardcovers,Inwx,heroes/card-covers/INWx-zVx8tsyrlQD4gFE2.gif,Inwx/cardcovers,300,420,Historical
Cardcovers,Ix3r40hap80xj,heroes/card-covers/iX3R40hAP80XJ-UalPt6E.png,Ix3r40hap80xj/cardcovers,300,420,Historical
Cardcovers,Izi7obfoz34yyva1qg28u,heroes/card-covers/iZi7oBFoZ34YyVa1Qg28u.webp,Izi7obfoz34yyva1qg28u/cardcovers,300,420,Historical
Cardcovers,J5fbzhwgc6ddmp7j5r5xe,heroes/card-covers/j5FBZhwgc6DDMP7J5R5xE.webp,J5fbzhwgc6ddmp7j5r5xe/cardcovers,300,420,Historical
Cardcovers,Jq74ijwvi4urkqfrxje2i,heroes/card-covers/jQ74IjwVi4uRKQfRxjE2i.webp,Jq74ijwvi4urkqfrxje2i/cardcovers,300,420,Historical
Cardcovers,Jxkgaavqqudqjjk1ec8ua,heroes/card-covers/JxKGaAvQQUDqjJK1ec8Ua.webp,Jxkgaavqqudqjjk1ec8ua/cardcovers,300,420,Historical
Cardcovers,Kngv,heroes/card-covers/Kngv_p0P1hdxfOANliL7Y.webp,Kngv/cardcovers,300,420,Historical
Cardcovers,Lruz2yid8471dntgfm1,heroes/card-covers/LRuz2YID8471dnTGfM1_b.webp,Lruz2yid8471dntgfm1/cardcovers,300,420,Historical
Cardcovers,Mbjf8pursj8aykalodyxa,heroes/card-covers/mbjF8pursj8AYkalODyXa.jpg,Mbjf8pursj8aykalodyxa/cardcovers,300,420,Historical
Cardcovers,Mf,heroes/card-covers/mF-7XGbmp7eHQrbMSaX6v.webp,Mf/cardcovers,300,420,Historical
Cardcovers,Mfiqb6grysbnnywr,heroes/card-covers/MFiQb6grYsbNNYwR_hoh1.webp,Mfiqb6grysbnnywr/cardcovers,300,420,Historical
Cardcovers,Mjd5h903vrgcg7sxx8lul,heroes/card-covers/MJd5h903VRGcg7SXx8lUl.webp,Mjd5h903vrgcg7sxx8lul/cardcovers,300,420,Historical
Cardcovers,Murpefdw,heroes/card-covers/mURpEFDw_zxQRn19mYXgG.webp,Murpefdw/cardcovers,300,420,Historical
Cardcovers,Nh0wyjvp6hysrgy8hs47c,heroes/card-covers/nh0wyjVp6hYSrGY8HS47C.webp,Nh0wyjvp6hysrgy8hs47c/cardcovers,300,420,Historical
Cardcovers,Nk3qs9ku2ysv7herd,heroes/card-covers/NK3Qs9KU2YSv7HERD-zm4.webp,Nk3qs9ku2ysv7herd/cardcovers,300,420,Historical
Cardcovers,Ntldla5mkj,heroes/card-covers/nTLDla5Mkj_Hc2DfFQULj.jpg,Ntldla5mkj/cardcovers,300,420,Historical
Cardcovers,Nv6hmlxvda7kf4abbw26y,heroes/card-covers/nV6hmlXVda7Kf4ABbW26Y.webp,Nv6hmlxvda7kf4abbw26y/cardcovers,300,420,Historical
Cardcovers,Pqypwbvpq9hp,heroes/card-covers/pqYPwbvPq9hp_RtpsQB5B.webp,Pqypwbvpq9hp/cardcovers,300,420,Historical
Cardcovers,Qqfafcmj,heroes/card-covers/QQfafCmj_R9Qhz1-XKvhr.jpg,Qqfafcmj/cardcovers,300,420,Historical
Cardcovers,Rbfxkmtmiq,heroes/card-covers/RBfXKmTmIQ_rAq7TjQ1bV.webp,Rbfxkmtmiq/cardcovers,300,420,Historical
Cardcovers,Rosmo3sri6jh1o7s,heroes/card-covers/ROSMO3sRi6Jh1o7S_riGI.png,Rosmo3sri6jh1o7s/cardcovers,300,420,Historical
Cardcovers,Rsxapjemhngg8mz,heroes/card-covers/rsxAPjEmhngg8mZ-yXDIk.webp,Rsxapjemhngg8mz/cardcovers,300,420,Historical
Cardcovers,S3i7t0mdelqnymn5kzv3r,heroes/card-covers/s3I7T0MDElqnYmN5Kzv3r.webp,S3i7t0mdelqnymn5kzv3r/cardcovers,300,420,Historical
Cardcovers,Skgrem3sdo9x2agiumuao,heroes/card-covers/SkGReM3sdO9x2AGIumUao.webp,Skgrem3sdo9x2agiumuao/cardcovers,300,420,Historical
Cardcovers,Sr7i7s,heroes/card-covers/sr7i7S_M7FHSAVuqn21jE.webp,Sr7i7s/cardcovers,300,420,Historical
Cardcovers,Tm1nfezimpsbo,heroes/card-covers/tM1nfezImPsBo-Dnd6wNG.webp,Tm1nfezimpsbo/cardcovers,300,420,Historical
Cardcovers,U0,heroes/card-covers/u0_PFJIp0z0ITwRgpitzx.webp,U0/cardcovers,300,420,Historical
Cardcovers,U1pg5qadtgqcyk,heroes/card-covers/U1PG5qadTGQCyk-DQTe3y.jpg,U1pg5qadtgqcyk/cardcovers,300,420,Historical
Cardcovers,Uaf,heroes/card-covers/UaF-LncvMygaqpZvmecew.png,Uaf/cardcovers,300,420,Historical
Cardcovers,Uqlftsr,heroes/card-covers/UQLFTSR_LuIMa60bOFMPl.webp,Uqlftsr/cardcovers,300,420,Historical
Cardcovers,Uyrtrfseyltwqkpnksius,heroes/card-covers/UyRTRFSeylTWqKpnkSIus.png,Uyrtrfseyltwqkpnksius/cardcovers,300,420,Historical
Cardcovers,Vi43lyv3aaggua9vfv,heroes/card-covers/vI43Lyv3aAGgUa9vfv-uT.png,Vi43lyv3aaggua9vfv/cardcovers,300,420,Historical
Cardcovers,Vuff0fgwy,heroes/card-covers/VuFF0FGwy-spBM3-5NfDA.webp,Vuff0fgwy/cardcovers,300,420,Historical
Cardcovers,Wk4ldtmpbv8ctvuzxvbzv,heroes/card-covers/WK4lDtMPBv8cTVuZXVBzv.webp,Wk4ldtmpbv8ctvuzxvbzv/cardcovers,300,420,Historical
Cardcovers,Wlwum83dpkqpdy0tfjecm,heroes/card-covers/wlWum83DPKQPdY0TfJEcm.webp,Wlwum83dpkqpdy0tfjecm/cardcovers,300,420,Historical
Cardcovers,Wtmkelyd9i8efb3lvqsnt,heroes/card-covers/wTmKelYD9i8eFB3LvQsNt.webp,Wtmkelyd9i8efb3lvqsnt/cardcovers,300,420,Historical
Cardcovers,Wwzu16befgsedu5nsmbmi,heroes/card-covers/WWzu16BEFGsEdu5NsMbMI.png,Wwzu16befgsedu5nsmbmi/cardcovers,300,420,Historical
Cardcovers,Wyf2xehmahy,heroes/card-covers/wyF2xEhMaHY_hYfRIkWWv.webp,Wyf2xehmahy/cardcovers,300,420,Historical
Cardcovers,Xlyd7qzskyz94f,heroes/card-covers/xLyD7qzSKyz94f_F6QtEi.webp,Xlyd7qzskyz94f/cardcovers,300,420,Historical
Cardcovers,Xrt,heroes/card-covers/xrt_5GcTzDQd9Bb0P2Z56.webp,Xrt/cardcovers,300,420,Historical
Cardcovers,Y,heroes/card-covers/y-rllviOUoiq6y6RZrAEC.webp,Y/cardcovers,300,420,Historical
Cardcovers,Zeihzod0ydlap,heroes/card-covers/ZeiHZOD0yDLap-wB9yF_x.webp,Zeihzod0ydlap/cardcovers,300,420,Historical
Cardcovers,Zon8wp6ucooiz4afxz5rb,heroes/card-covers/zOn8WP6ucoOiZ4aFxZ5Rb.webp,Zon8wp6ucooiz4afxz5rb/cardcovers,300,420,Historical
Cardcovers,Zts8b3iyqhabue3aexhf,heroes/card-covers/ZTs8B3IyqHabuE3aeXHF_.png,Zts8b3iyqhabue3aexhf/cardcovers,300,420,Historical
Cardcovers,,heroes/card-covers/_hVP2Ah-uMSD_kH5-LUol.webp,/cardcovers,300,420,Historical
Cardcovers,,heroes/card-covers/_R8K6Xw1JWJfBSOOfhB9t.gif,/cardcovers,300,420,Historical
Minis,,heroes/minis/-VPrUIqa3AJ2RoglkAqQk.webp,/minis,100,100,Historical
Minis,1,heroes/minis/1-1EOCUYmO8In4O1qxX60.png,1/minis,100,100,Historical
Minis,1rew9r1rqppltttkkby6u,heroes/minis/1Rew9R1rQPplTttKkBY6U.png,1rew9r1rqppltttkkby6u/minis,100,100,Historical
Minis,3viq8qvrdl13hnrs4v4pp,heroes/minis/3VIQ8QVRDl13HnRS4v4pp.webp,3viq8qvrdl13hnrs4v4pp/minis,100,100,Historical
Minis,3y5nfd4u4i4qvcrmgmpub,heroes/minis/3Y5Nfd4U4I4QvCrmgMPuB.webp,3y5nfd4u4i4qvcrmgmpub/minis,100,100,Historical
Minis,7is0tmxsqna0jpxy,heroes/minis/7Is0TMXsQNA0jPXY-Idhk.webp,7is0tmxsqna0jpxy/minis,100,100,Historical
Minis,7jj,heroes/minis/7Jj-_I5v6Pc1xCWUkZkwo.webp,7jj/minis,100,100,Historical
Minis,7zy0whm8tnqjlzwatp8sj,heroes/minis/7Zy0wHm8tnQjlzwatp8sj.webp,7zy0whm8tnqjlzwatp8sj/minis,100,100,Historical
Minis,9psnw7q8f10phh20h1opw,heroes/minis/9pSNW7Q8f10Phh20h1oPw.webp,9psnw7q8f10phh20h1opw/minis,100,100,Historical
Minis,Brwr67vg0d2h,heroes/minis/bRwR67vg0D2H_RRkrxLU0.png,Brwr67vg0d2h/minis,100,100,Historical
Minis,Ccnlbhg6vmxocq,heroes/minis/ccNLBHg6vMXOcQ_beQQtg.webp,Ccnlbhg6vmxocq/minis,100,100,Historical
Minis,Dghjfo7bw9,heroes/minis/Dghjfo7bw9_VXryAQ6Kck.webp,Dghjfo7bw9/minis,100,100,Historical
Minis,Dqce0fglwcxiifaxfdrul,heroes/minis/dqce0fgLWcxiifaXfdRUL.webp,Dqce0fglwcxiifaxfdrul/minis,100,100,Historical
Minis,Dw70vqfiwntwuwhbhrnxz,heroes/minis/Dw70vqFIwNtWUWHbHRnxZ.webp,Dw70vqfiwntwuwhbhrnxz/minis,100,100,Historical
Minis,Ee,heroes/minis/Ee_-ka3SXBQZV6njNIO04.png,Ee/minis,100,100,Historical
Minis,Ejakhz1v9snnpyk2vwjxa,heroes/minis/EJAkHz1V9SnnPyK2vwjxa.webp,Ejakhz1v9snnpyk2vwjxa/minis,100,100,Historical
Minis,Evapwvmczbexq1lyvzafq,heroes/minis/EvAPWVmCZBEXQ1LyvzAfq.webp,Evapwvmczbexq1lyvzafq/minis,100,100,Historical
Minis,Ex0r0j4c4nfoscgwu6fbv,heroes/minis/Ex0R0j4c4NFOsCGwU6fBV.webp,Ex0r0j4c4nfoscgwu6fbv/minis,100,100,Historical
Minis,Fv5btltr43tnzccjdli36,heroes/minis/Fv5BTLtr43tNZcCjdli36.webp,Fv5btltr43tnzccjdli36/minis,100,100,Historical
Minis,G5tyunp2ifqw22nwxj8h6,heroes/minis/g5TYUnp2IFQW22nwxj8h6.webp,G5tyunp2ifqw22nwxj8h6/minis,100,100,Historical
Minis,Gwhncnajz,heroes/minis/gwHNCnAJz-IQeacafU2Yt.png,Gwhncnajz/minis,100,100,Historical
Minis,Hemr,heroes/minis/heMR-dVjfavjBxRwETZw7.webp,Hemr/minis,100,100,Historical
Minis,Imabujpp,heroes/minis/iMAbujPP_IIC91h7pwYzd.webp,Imabujpp/minis,100,100,Historical
Minis,Isoiy9oosxala2s6,heroes/minis/isOIY9ooSXalA2S6--qNv.webp,Isoiy9oosxala2s6/minis,100,100,Historical
Minis,J33gvzbyolhsvmtl,heroes/minis/J33GVzbyOLhSVmtl-7D_q.png,J33gvzbyolhsvmtl/minis,100,100,Historical
Minis,Jhgwbg00y5so,heroes/minis/jhgwbg00y5So-428_BJm9.png,Jhgwbg00y5so/minis,100,100,Historical
Minis,Jvq4sp,heroes/minis/JVq4SP-7r90WtQ4n8e2eZ.webp,Jvq4sp/minis,100,100,Historical
Minis,Kcw4jwth3wkcn6go9yvm2,heroes/minis/KCW4JwtH3WkcN6gO9YvM2.webp,Kcw4jwth3wkcn6go9yvm2/minis,100,100,Historical
Minis,Krxa571,heroes/minis/KRXa571-K5TXNVerrHLjE.webp,Krxa571/minis,100,100,Historical
Minis,Kzqertjowluzm4apruhke,heroes/minis/kzQeRTJOWLUZm4apRUHkE.png,Kzqertjowluzm4apruhke/minis,100,100,Historical
Minis,Mbmhijawdsgfztg,heroes/minis/MBmHiJAwDSgFZTG-aUKSQ.webp,Mbmhijawdsgfztg/minis,100,100,Historical
Minis,Mf3mfdhaiv1c5nkhlg28f,heroes/minis/Mf3mfDHaIv1C5NKHLG28f.webp,Mf3mfdhaiv1c5nkhlg28f/minis,100,100,Historical
Minis,Mufejxx9tp7wa1mupzypj,heroes/minis/muFEJXX9TP7Wa1MupzYpJ.webp,Mufejxx9tp7wa1mupzypj/minis,100,100,Historical
Minis,Mx,heroes/minis/Mx_3FAv1rokmDyyyufSLu.webp,Mx/minis,100,100,Historical
Minis,Ngbt8ama,heroes/minis/NgBt8ama_QbEh8TaPBIUf.webp,Ngbt8ama/minis,100,100,Historical
Minis,Npoqqadotshinzpya0igz,heroes/minis/NpoqqaDotShInZPyA0iGz.png,Npoqqadotshinzpya0igz/minis,100,100,Historical
Minis,Nqpghutfbmiywr6x7jk5s,heroes/minis/NqpGHuTfbMIyWr6X7Jk5S.webp,Nqpghutfbmiywr6x7jk5s/minis,100,100,Historical
Minis,Nskpheyxxl0amvcxop8bn,heroes/minis/NskPhEYxXL0AmVcxOp8Bn.webp,Nskpheyxxl0amvcxop8bn/minis,100,100,Historical
Minis,Oks,heroes/minis/OkS_VNxzdYn5EiVtS2AIF.png,Oks/minis,100,100,Historical
Minis,Olzemajc1b1wewfvjdx1e,heroes/minis/olZeMAjc1b1WeWfVjdX1E.webp,Olzemajc1b1wewfvjdx1e/minis,100,100,Historical
Minis,Pl2zodycowbpnyzjdbhlc,heroes/minis/PL2zOdyCoWbpnYzjDbHLc.webp,Pl2zodycowbpnyzjdbhlc/minis,100,100,Historical
Minis,Pngg2orgykepzoowakvec,heroes/minis/PnGG2OrgYkePzoOwAKveC.webp,Pngg2orgykepzoowakvec/minis,100,100,Historical
Minis,Q2p9k10o3vhfetym77rtx,heroes/minis/q2P9K10o3vHFETym77rtX.png,Q2p9k10o3vhfetym77rtx/minis,100,100,Historical
Minis,Qosobv0hvowcff53rst7s,heroes/minis/QOSObv0hvowcFf53RsT7S.webp,Qosobv0hvowcff53rst7s/minis,100,100,Historical
Minis,Qqn3yioubxhe6j3jaqwj3,heroes/minis/Qqn3YiouBXhe6j3JaqWj3.webp,Qqn3yioubxhe6j3jaqwj3/minis,100,100,Historical
Minis,Q,heroes/minis/q_zeVnJBynCZ-s6Jq4QF8.webp,Q/minis,100,100,Historical
Minis,R9zw0gpnd8xv35ay13,heroes/minis/r9zw0GPND8xV35Ay13-KV.png,R9zw0gpnd8xv35ay13/minis,100,100,Historical
Minis,Sab2,heroes/minis/sAb2-6ADLLjYckLhnvliJ.webp,Sab2/minis,100,100,Historical
Minis,Sjveiu,heroes/minis/SjVEiU_LpTHT5lWsStVXT.webp,Sjveiu/minis,100,100,Historical
Minis,Svntwjcy7hvt3mxubcixg,heroes/minis/SvNtWjcY7hVT3mxUbCIxG.webp,Svntwjcy7hvt3mxubcixg/minis,100,100,Historical
Minis,Tjrw0zutkvjbd,heroes/minis/tJRw0ZUTKvJbd--1kl60e.webp,Tjrw0zutkvjbd/minis,100,100,Historical
Minis,Tmquzqi2isoak5hcf3neo,heroes/minis/TMqUZQi2isOak5hcf3neO.webp,Tmquzqi2isoak5hcf3neo/minis,100,100,Historical
Minis,Tx4mc2ufjsi,heroes/minis/tX4mC2uFjsi-ZAXbCM1KK.png,Tx4mc2ufjsi/minis,100,100,Historical
Minis,Ty4,heroes/minis/tY4_VEwTN35tX3g_siVOj.webp,Ty4/minis,100,100,Historical
Minis,Ui4nxwdyvykjpvmel,heroes/minis/Ui4NxwdyvYkJPVMel-xUb.png,Ui4nxwdyvykjpvmel/minis,100,100,Historical
Minis,Uisptditsyt0i3wgg7lsq,heroes/minis/UiSptDItsyT0i3wGg7lsQ.png,Uisptditsyt0i3wgg7lsq/minis,100,100,Historical
Minis,Uo8xf5,heroes/minis/uo8XF5-fxB71_cKMXaUsU.webp,Uo8xf5/minis,100,100,Historical
Minis,Vavm8onqz6jztv5ulfgu4,heroes/minis/VAVM8oNQz6jztV5uLFgU4.webp,Vavm8onqz6jztv5ulfgu4/minis,100,100,Historical
Minis,W,heroes/minis/w-c5wvLOZYCYK0udNG-DV.webp,W/minis,100,100,Historical
Minis,Wdwjkv6796seeqyxhovkn,heroes/minis/WdWjKv6796SEeqYxHOvkN.png,Wdwjkv6796seeqyxhovkn/minis,100,100,Historical
Minis,Wtjg3lz2fb7ngw,heroes/minis/wTjG3LZ2FB7Ngw_4c-LRq.webp,Wtjg3lz2fb7ngw/minis,100,100,Historical
Minis,Wtqqhw1m7pxp494ptrk8g,heroes/minis/WtQqhW1m7pXp494PtRk8G.webp,Wtqqhw1m7pxp494ptrk8g/minis,100,100,Historical
Minis,Ww2xi,heroes/minis/wW2Xi-Mb9UiucKxO_xB5c.webp,Ww2xi/minis,100,100,Historical
Minis,Xli5fhpkhpmbjpvqy,heroes/minis/XLi5fhPKhpMBJpvQY-jc2.webp,Xli5fhpkhpmbjpvqy/minis,100,100,Historical
Minis,Xtr7qarl3pqlpoodhdkon,heroes/minis/Xtr7QarL3PqLpOodHDKon.webp,Xtr7qarl3pqlpoodhdkon/minis,100,100,Historical
Minis,Xzt3zmnbe54rjtxyq5j7u,heroes/minis/xZt3ZMNBE54rJTXyQ5j7U.webp,Xzt3zmnbe54rjtxyq5j7u/minis,100,100,Historical
Minis,Ymjxepnxdlqxjee9hqluj,heroes/minis/YmjxePNXdlQxJeE9hqluj.webp,Ymjxepnxdlqxjee9hqluj/minis,100,100,Historical
Minis,Yqjrayl82g7hgato,heroes/minis/yqJRaYL82G7hGAto_rdNS.webp,Yqjrayl82g7hgato/minis,100,100,Historical
Minis,Yusg,heroes/minis/YUsg_JtOmIRozkTV2O5jD.webp,Yusg/minis,100,100,Historical
Minis,Yycsddbtwo0iltgf,heroes/minis/YYCSdDbtWO0ILTgF_m5nV.webp,Yycsddbtwo0iltgf/minis,100,100,Historical
Minis,Zaksjjbh,heroes/minis/zAkSjJBH-iA6jsfrSNg4g.webp,Zaksjjbh/minis,100,100,Historical
Minis,Zj6ovuurvt5ybznynfxs2,heroes/minis/Zj6oVuurvT5yBZNyNfxs2.png,Zj6ovuurvt5ybznynfxs2/minis,100,100,Historical
Minis,Zxfsrlxlxeeinvgfbma9y,heroes/minis/ZxFSRLXLxEeinvGfBma9Y.webp,Zxfsrlxlxeeinvgfbma9y/minis,100,100,Historical
Minis,,heroes/minis/_mLRNfHYPM4a_A5XzT_ij.webp,/minis,100,100,Historical
Minis,,heroes/minis/_n9W_ZqFRU6x8h0NCyCvN.png,/minis,100,100,Historical
Minis,,heroes/minis/_WMxDMON-QXj4OdGBU3SE.png,/minis,100,100,Historical
Minis,,heroes/minis/_yMu4Yc9LeQ6ipWoH-aSJ.webp,/minis,100,100,Historical
Deck,,decks/-05aruis4rhEh7psaXnea.webp,/deck,300,420,Historical
Deck,,decks/-2l_tgJ3KQ96xHcNAu5Uk.webp,/deck,300,420,Historical
Deck,,decks/-7RmJX59FiCwgH7noOlWl.webp,/deck,300,420,Historical
Deck,,decks/-9L7IAIcsjlxylX10RjX8.webp,/deck,300,420,Historical
Deck,,decks/-AqLokkLHwsJbCt9n3wrs.webp,/deck,300,420,Historical
Deck,,decks/-b96_4tulg10vnm5_5y4V.webp,/deck,300,420,Historical
Deck,,decks/-bOmg30ev8VVKo8vGKAZ8.webp,/deck,300,420,Historical
Deck,,decks/-e6qw9WSBZl3lbFn4U-55.webp,/deck,300,420,Historical
Deck,,decks/-GaTw_eq1gfLo3ruXsZNk.webp,/deck,300,420,Historical
Deck,,decks/-HOqGq0vPBFm7JNFfP6z5.webp,/deck,300,420,Historical
Deck,,decks/-I6uSn1ntpdXPRPJSZcou.webp,/deck,300,420,Historical
Deck,,decks/-jB2GmzAJ2zj1oz1thUpf.webp,/deck,300,420,Historical
Deck,,decks/-l2lChbj56ehhRklyj3nv.webp,/deck,300,420,Historical
Deck,,decks/-mQYkiNXQQeIFTm22NdXx.webp,/deck,300,420,Historical
Deck,,decks/-nxpWOXb9_zrPrWBiZq9R.webp,/deck,300,420,Historical
Deck,,decks/-QJa0OJgROfHj0TvzOLog.webp,/deck,300,420,Historical
Deck,,decks/-R1X4Bw__Kk0in-fudnZ8.webp,/deck,300,420,Historical
Deck,,decks/-reNDDVaozTirKUsI8xp4.webp,/deck,300,420,Historical
Deck,,decks/-SMbA9BYslU4xEq2LN5VP.webp,/deck,300,420,Historical
Deck,,decks/-T_gZKCrMbW9dePvmbO11.webp,/deck,300,420,Historical
Deck,,decks/-wG8cqKBFFht6-kdEtOLg.webp,/deck,300,420,Historical
Deck,,decks/-YLCuvjenp4uUIYOSGEtP.webp,/deck,300,420,Historical
Deck,,decks/-ZLZQs8e1ANqlrACkGBi4.webp,/deck,300,420,Historical
Deck,0,decks/0-rSDxkZMI3zuFpNs3S4M.webp,0/deck,300,420,Historical
Deck,008dyiv8v0rep181,decks/008dYIV8V0ReP181_cdxX.webp,008dyiv8v0rep181/deck,300,420,Historical
Deck,06jlzh3z6j1lxv7qtpeij,decks/06Jlzh3Z6J1lXv7Qtpeij.webp,06jlzh3z6j1lxv7qtpeij/deck,300,420,Historical
Deck,08i2fvzikph1x5lhavpo3,decks/08i2fVZIkPh1x5lHavpo3.webp,08i2fvzikph1x5lhavpo3/deck,300,420,Historical
Deck,08sxllq1plvwwn2op0ivj,decks/08SXlLQ1PLVwWN2oP0IVJ.webp,08sxllq1plvwwn2op0ivj/deck,300,420,Historical
Deck,0cv49cxcurdgsy,decks/0CV49CxcurdGSy_iFfzx8.webp,0cv49cxcurdgsy/deck,300,420,Historical
Deck,0dbe0wgsehv4c6djgnxp1,decks/0Dbe0wgsehv4C6djGnxp1.webp,0dbe0wgsehv4c6djgnxp1/deck,300,420,Historical
Deck,0dm2u,decks/0dm2U_XHsVx5W6CsW7YCr.webp,0dm2u/deck,300,420,Historical
Deck,0gi6lb1x0npkvagmyuo4b,decks/0gi6Lb1X0NPKvAgMYUO4b.webp,0gi6lb1x0npkvagmyuo4b/deck,300,420,Historical
Deck,0gui0,decks/0gui0-mh_ewPLiy03QHTH.webp,0gui0/deck,300,420,Historical
Deck,0kzvie1ewqv1e0irufzfh,decks/0KzvIe1EWQv1e0IRufzFH.webp,0kzvie1ewqv1e0irufzfh/deck,300,420,Historical
Deck,0lsa6bdiawpgrlsuoigbc,decks/0lSA6bdiAwPGRLsuoIGbc.webp,0lsa6bdiawpgrlsuoigbc/deck,300,420,Historical
Deck,0mhkvr0nau8uzaag,decks/0Mhkvr0NAu8uzaag-dnjj.webp,0mhkvr0nau8uzaag/deck,300,420,Historical
Deck,0ohaawo26wnuvitsc4nto,decks/0OHaAwO26wNuVItsc4NTo.webp,0ohaawo26wnuvitsc4nto/deck,300,420,Historical
Deck,0v,decks/0v-Jh_XE-wW26INn1QRq_.webp,0v/deck,300,420,Historical
Deck,0x80gsjefxaikw2pjxlgw,decks/0x80GSjEFxAiKW2pjXLGw.webp,0x80gsjefxaikw2pjxlgw/deck,300,420,Historical
Deck,0xmmcuefymdutbrdqfu9f,decks/0XMmCuefYmduTbRDqfu9f.webp,0xmmcuefymdutbrdqfu9f/deck,300,420,Historical
Deck,0zwkcai8ipcpvxqyufeiq,decks/0ZWKCaI8IPCPvxQyUFeiq.webp,0zwkcai8ipcpvxqyufeiq/deck,300,420,Historical
Deck,0,decks/0_16_4PutDbK1SC0gToGK.webp,0/deck,300,420,Historical
Deck,11lx0vqrqb8ydqdji4skd,decks/11Lx0VQrqb8YDqdJI4sKd.webp,11lx0vqrqb8ydqdji4skd/deck,300,420,Historical
Deck,17qymqutkqof6ybysyduu,decks/17qymqUTkQoF6YbySYDUU.webp,17qymqutkqof6ybysyduu/deck,300,420,Historical
Deck,17,decks/17_7K1-jWYUdaSV0tKjO2.webp,17/deck,300,420,Historical
Deck,1bmrtalhdxxwjnaox1ljl,decks/1bMRTalhDxXWjnAox1LJl.webp,1bmrtalhdxxwjnaox1ljl/deck,300,420,Historical
Deck,1czxujmnihiyxvtjflne8,decks/1CZXujMNIHiYxvTJfLNe8.webp,1czxujmnihiyxvtjflne8/deck,300,420,Historical
Deck,1eiavi4zvy8qpjpsdadiq,decks/1eiAvI4Zvy8QPjpSdAdiq.webp,1eiavi4zvy8qpjpsdadiq/deck,300,420,Historical
Deck,1fpxyvpytzu7amk0woel,decks/1FPxyvPytZu7AmK0woEL-.webp,1fpxyvpytzu7amk0woel/deck,300,420,Historical
Deck,1gqbra,decks/1gQBra_7sLYDz8o4d0c8K.webp,1gqbra/deck,300,420,Historical
Deck,1gsw8ochodi5l6kelu272,decks/1GSW8ochoDI5l6KeLU272.webp,1gsw8ochodi5l6kelu272/deck,300,420,Historical
Deck,1jz38bojoyakwqfgn5oih,decks/1jZ38boJoyakWQFgn5Oih.webp,1jz38bojoyakwqfgn5oih/deck,300,420,Historical
Deck,1kad058wicr0xckjwlmuv,decks/1kad058wicr0XckJWLmuv.webp,1kad058wicr0xckjwlmuv/deck,300,420,Historical
Deck,1kbu8tw37ednhevnvwiev,decks/1KbU8tw37EDnHEvnVWiev.webp,1kbu8tw37ednhevnvwiev/deck,300,420,Historical
Deck,1mjbzrgo5b7falc1sqdth,decks/1mJbzrGO5b7faLc1sqDTH.webp,1mjbzrgo5b7falc1sqdth/deck,300,420,Historical
Deck,1nmizdvv3pti44nkkk38p,decks/1NmIZdvV3ptI44nkKK38P.webp,1nmizdvv3pti44nkkk38p/deck,300,420,Historical
Deck,1nna7sjhu,decks/1nNA7SJHU_4lSYCDsOxYW.webp,1nna7sjhu/deck,300,420,Historical
Deck,1pydcaploenhdveyo1ttj,decks/1pYdCAplOenHdVeyo1tTJ.webp,1pydcaploenhdveyo1ttj/deck,300,420,Historical
Deck,1rjzwmo,decks/1RJzwMo_7NUp2I4ay-Ry3.png,1rjzwmo/deck,300,420,Historical
Deck,1rxhzvn7oyk6jj0lfthw2,decks/1RXhZVN7Oyk6jJ0LfTHW2.webp,1rxhzvn7oyk6jj0lfthw2/deck,300,420,Historical
Deck,1t0abvnyqnmvmubgcjkma,decks/1t0abvnyQnmVMUBGcjkMA.webp,1t0abvnyqnmvmubgcjkma/deck,300,420,Historical
Deck,1t3zvp72mywgwzx8qhhye,decks/1t3ZVP72MyWGWZx8QHhYe.png,1t3zvp72mywgwzx8qhhye/deck,300,420,Historical
Deck,1tn0pmpewoddvhnyggsxo,decks/1tN0PMPEWodDvhNyggSXO.webp,1tn0pmpewoddvhnyggsxo/deck,300,420,Historical
Deck,1uhzabvlcebqugmrdxila,decks/1UhZaBVLCebQugmrdXILA.webp,1uhzabvlcebqugmrdxila/deck,300,420,Historical
Deck,1uy7cweatkndo1jqnywi1,decks/1uY7CWeatkndo1jqNYwi1.webp,1uy7cweatkndo1jqnywi1/deck,300,420,Historical
Deck,1vhzncxhna0rzhsichlpf,decks/1vhznCXhnA0RzhSiChlPf.webp,1vhzncxhna0rzhsichlpf/deck,300,420,Historical
Deck,1w6ptpgnmwhhkd56hser3,decks/1w6ptPgNMWhHKd56hser3.webp,1w6ptpgnmwhhkd56hser3/deck,300,420,Historical
Deck,1x52ai2g432bmmepygb2k,decks/1X52aI2G432BMMepygB2k.webp,1x52ai2g432bmmepygb2k/deck,300,420,Historical
Deck,1xjkiae4srqpxtvgxs4k6,decks/1XjkIAe4srQpXtVgxS4K6.webp,1xjkiae4srqpxtvgxs4k6/deck,300,420,Historical
Deck,1,decks/1_jb0HFp8T3e8hX5Z7-pm.webp,1/deck,300,420,Historical
Deck,1,decks/1_SNkepgrMYwEQw7v6vOD.webp,1/deck,300,420,Historical
Deck,29brixldluvuawsiiolrh,decks/29bRixLDLUvuawSIiolrH.webp,29brixldluvuawsiiolrh/deck,300,420,Historical
Deck,2biwcxdhcjdp5jqbycc,decks/2BiWcxdhcJdP5JqBycC-4.webp,2biwcxdhcjdp5jqbycc/deck,300,420,Historical
Deck,2dirhtswou5qxdfpl,decks/2diRHtSwoU5QXDfpl_yvm.webp,2dirhtswou5qxdfpl/deck,300,420,Historical
Deck,2drzmhqavwykczl7cnucf,decks/2dRzMhQavwYKCZL7cnUCf.webp,2drzmhqavwykczl7cnucf/deck,300,420,Historical
Deck,2e7kiri2kc,decks/2E7Kiri2Kc-0JbrvyQKVP.webp,2e7kiri2kc/deck,300,420,Historical
Deck,2eblrzaktc8g2a1ktkia7,decks/2EblRZAkTc8G2A1kTKIA7.webp,2eblrzaktc8g2a1ktkia7/deck,300,420,Historical
Deck,2ftdbo,decks/2FtDbo-hHCl_KYCx-VnZ7.webp,2ftdbo/deck,300,420,Historical
Deck,2gozddi4qlorsqra6dpuu,decks/2gOzDDi4qLORSqRA6dpUu.webp,2gozddi4qlorsqra6dpuu/deck,300,420,Historical
Deck,2guz9api7b4icrs9poqu,decks/2GuZ9aPi7b4ICrS9PoqU_.webp,2guz9api7b4icrs9poqu/deck,300,420,Historical
Deck,2hm9u,decks/2hM9U-X2zA9y99SNIhq0W.webp,2hm9u/deck,300,420,Historical
Deck,2jwarwvzud,decks/2jWArWvzUD_TQnsP5q6O9.webp,2jwarwvzud/deck,300,420,Historical
Deck,2jzussluu2aajstvdngr,decks/2jZusSluU2AAJstvdNGR_.webp,2jzussluu2aajstvdngr/deck,300,420,Historical
Deck,2k3jiwu4kw4ysemtymivo,decks/2k3JIwU4kw4YSemTYmIvO.webp,2k3jiwu4kw4ysemtymivo/deck,300,420,Historical
Deck,2kyerwqoico5nzhzeou6x,decks/2kYErwQoIco5nzHzEOU6X.webp,2kyerwqoico5nzhzeou6x/deck,300,420,Historical
Deck,2lqgc7q31lrnjzm8is,decks/2LQGc7Q31LRNJzm8is_B4.webp,2lqgc7q31lrnjzm8is/deck,300,420,Historical
Deck,2mzjzrfdetxzc9mvawflp,decks/2MzjZRfDeTXzc9mvawflp.png,2mzjzrfdetxzc9mvawflp/deck,300,420,Historical
Deck,2odfa,decks/2oDFa-zKOTme_vk5XB9-g.webp,2odfa/deck,300,420,Historical
Deck,2ou8,decks/2ou8-vB4R9QgyUQb-2OVK.webp,2ou8/deck,300,420,Historical
Deck,2svmxdpq2m8r32ctjygu1,decks/2SVmXdPq2m8r32CtjYgU1.webp,2svmxdpq2m8r32ctjygu1/deck,300,420,Historical
Deck,2vcmvee84nrclmmxqeoge,decks/2vcmVEe84NRcLmmxQeoge.webp,2vcmvee84nrclmmxqeoge/deck,300,420,Historical
Deck,2xcuffcgto9a8xfv2eymr,decks/2XCuffcGtO9A8XFv2eyMr.webp,2xcuffcgto9a8xfv2eymr/deck,300,420,Historical
Deck,2x,decks/2X_Gy8RwmSFVnfLe5tGml.webp,2x/deck,300,420,Historical
Deck,2zevtutey5fqrmsrovvrr,decks/2ZEVTutEY5FqrmsrOvvRR.png,2zevtutey5fqrmsrovvrr/deck,300,420,Historical
Deck,3,decks/3--YMTS_EEUizxKFnK8Bh.webp,3/deck,300,420,Historical
Deck,30l,decks/30L_RV5ehZDz7QxlO2oHC.png,30l/deck,300,420,Historical
Deck,31euhpzocggfpaumjwkab,decks/31euhPzOcGgFPAUmjWKAB.webp,31euhpzocggfpaumjwkab/deck,300,420,Historical
Deck,32krmhwo7,decks/32kRmhWO7_z5yWLhN4cPt.webp,32krmhwo7/deck,300,420,Historical
Deck,33wm4dtplync9vuw2i0iw,decks/33wM4dtPLYNc9VUW2I0IW.webp,33wm4dtplync9vuw2i0iw/deck,300,420,Historical
Deck,352bwzspueuu,decks/352bwzSPueUu-8gPfSC_1.webp,352bwzspueuu/deck,300,420,Historical
Deck,36bc3tinpt4k8jdbxvwbd,decks/36bC3tINpT4K8JDBXvWBD.webp,36bc3tinpt4k8jdbxvwbd/deck,300,420,Historical
Deck,39cfgh50ojaxdss66gbom,decks/39cFgH50OJaXDSS66GBoM.webp,39cfgh50ojaxdss66gbom/deck,300,420,Historical
Deck,3ea1xtyfrpwllnoxzlmcg,decks/3Ea1XtYfrPWLlnOxzLMcg.webp,3ea1xtyfrpwllnoxzlmcg/deck,300,420,Historical
Deck,3f0g91ylq1euwm9oq1ws0,decks/3f0G91YlQ1euWM9Oq1ws0.webp,3f0g91ylq1euwm9oq1ws0/deck,300,420,Historical
Deck,3grck0o9ievncra7ahvf9,decks/3grck0o9iEVNCRA7AhVF9.webp,3grck0o9ievncra7ahvf9/deck,300,420,Historical
Deck,3jrv4jmdltq3xr30x9esh,decks/3JRV4jmdLTq3xr30x9Esh.webp,3jrv4jmdltq3xr30x9esh/deck,300,420,Historical
Deck,3ofcdq,decks/3OFcdQ_ho2dlU5-ztdZkX.webp,3ofcdq/deck,300,420,Historical
Deck,3sc1udg17xm45ggzanxwk,decks/3sc1UdG17XM45GGzANxWk.webp,3sc1udg17xm45ggzanxwk/deck,300,420,Historical
Deck,3u0sptmrlkk1vecvouu37,decks/3u0sPTMRLkk1VeCvOuu37.webp,3u0sptmrlkk1vecvouu37/deck,300,420,Historical
Deck,3ulvkx0s6,decks/3ULvkX0S6_XKQqnnCfhOs.webp,3ulvkx0s6/deck,300,420,Historical
Deck,3vpewj6wg6mraxotggd5,decks/3vPEwj6WG6MRAxOTGGd5-.webp,3vpewj6wg6mraxotggd5/deck,300,420,Historical
Deck,3wjoklb1qc3apc0bqtvqa,decks/3WJoKlb1qC3ApC0BqTvQa.webp,3wjoklb1qc3apc0bqtvqa/deck,300,420,Historical
Deck,3x9hqclv68,decks/3X9hQClV68-EDuSE9Fw41.webp,3x9hqclv68/deck,300,420,Historical
Deck,3xtfcfon7dj2gigzlbfkj,decks/3xTfCfon7DJ2GigZlbFkJ.webp,3xtfcfon7dj2gigzlbfkj/deck,300,420,Historical
Deck,3yr2wqfbqwjab5ol,decks/3Yr2WQfBQwJab5OL-A3xD.webp,3yr2wqfbqwjab5ol/deck,300,420,Historical
Deck,3y,decks/3y_XA0OkFGzidRdVRHu6O.webp,3y/deck,300,420,Historical
Deck,3,decks/3_qUTLTF8i6wmW7AUDfXB.png,3/deck,300,420,Historical
Deck,4,decks/4-_VFs2yx3kOGdQYItAFh.webp,4/deck,300,420,Historical
Deck,41bzhdvtuscagli9ckpbz,decks/41BzhdvTuscaglI9CKpBz.webp,41bzhdvtuscagli9ckpbz/deck,300,420,Historical
Deck,47qecaz3tk8zghndpos4h,decks/47qeCAz3tk8ZgHnDpoS4H.webp,47qecaz3tk8zghndpos4h/deck,300,420,Historical
Deck,48qnkgk5z1t3jomyexvqs,decks/48qNkGk5Z1T3jOMYExVqs.webp,48qnkgk5z1t3jomyexvqs/deck,300,420,Historical
Deck,4affdqntxcnwm0ghxcpxj,decks/4affdqNtxcnWM0GhxCPxJ.webp,4affdqntxcnwm0ghxcpxj/deck,300,420,Historical
Deck,4a,decks/4A_yZDGX1qNVjfoIwh6up.webp,4a/deck,300,420,Historical
Deck,4b5pcvobaffu1rdaubd5n,decks/4B5PcVOBaFfu1RDAubd5N.webp,4b5pcvobaffu1rdaubd5n/deck,300,420,Historical
Deck,4ejcidt0ckdb6yeawd,decks/4ejcIdT0ckDB6yEAwD_Ly.webp,4ejcidt0ckdb6yeawd/deck,300,420,Historical
Deck,4f5axjzf0nuniuorsb7lp,decks/4F5axjzf0NUnIuorSB7lp.webp,4f5axjzf0nuniuorsb7lp/deck,300,420,Historical
Deck,4fpi4ajtlb4eauiwquprg,decks/4FPi4AjtLB4eaUIWqUPRG.webp,4fpi4ajtlb4eauiwquprg/deck,300,420,Historical
Deck,4hkfg38ajp79qqbk9igk5,decks/4hkFG38AJP79qqbK9iGK5.webp,4hkfg38ajp79qqbk9igk5/deck,300,420,Historical
Deck,4ht9iuq8ketlv4yi2153i,decks/4hT9iuQ8ketLv4yi2153I.webp,4ht9iuq8ketlv4yi2153i/deck,300,420,Historical
Deck,4krvo4gsobw1k4wixedez,decks/4kRVO4gSOBw1K4WIxEdeZ.webp,4krvo4gsobw1k4wixedez/deck,300,420,Historical
Deck,4nf4dfjic15xytxaop5ir,decks/4nf4DFjic15XYtxAop5Ir.webp,4nf4dfjic15xytxaop5ir/deck,300,420,Historical
Deck,4orirwiem17,decks/4ORiRWiEM17-6itzTfcuI.webp,4orirwiem17/deck,300,420,Historical
Deck,4pxf,decks/4PxF-jwp44Tst7GqY-PPD.webp,4pxf/deck,300,420,Historical
Deck,4py9bbt8bnzjfnbkcfam2,decks/4PY9bbT8bNzjFnBKCFaM2.webp,4py9bbt8bnzjfnbkcfam2/deck,300,420,Historical
Deck,4rgh5yivjfrv7vwpvlg1i,decks/4rgh5YIVjfRV7VwPVlg1I.webp,4rgh5yivjfrv7vwpvlg1i/deck,300,420,Historical
Deck,4sk9hriaast4f7errpt6f,decks/4Sk9hrIaAsT4F7ErrPt6f.webp,4sk9hriaast4f7errpt6f/deck,300,420,Historical
Deck,4trtvkmq0ytuzeopjcpdb,decks/4tRtvKmQ0YTuzEOpjcpdb.webp,4trtvkmq0ytuzeopjcpdb/deck,300,420,Historical
Deck,4u5jblwtigq5psnwtfdbu,decks/4U5jblwtiGq5psNwTfDBU.webp,4u5jblwtigq5psnwtfdbu/deck,300,420,Historical
Deck,4vx9ns8ebdxg42wv0akn,decks/4vx9nS8ebDxg42wv0AKN_.webp,4vx9ns8ebdxg42wv0akn/deck,300,420,Historical
Deck,4z0bluwjjnz0a6fqqarpk,decks/4Z0BluwjJNZ0a6fQQARpK.webp,4z0bluwjjnz0a6fqqarpk/deck,300,420,Historical
Deck,4,decks/4_D0ZOWYDrjzEjl38-TYA.webp,4/deck,300,420,Historical
Deck,50vfhwgmio47nl,decks/50vfHWgmiO47NL_rAeRIu.webp,50vfhwgmio47nl/deck,300,420,Historical
Deck,51rsm4felqscwixbkaxex,decks/51RSM4FELqscwiXBKaXEX.webp,51rsm4felqscwixbkaxex/deck,300,420,Historical
Deck,53dbnzqnovhxuznnawoen,decks/53DBnZQNovHxUzNnawOEN.png,53dbnzqnovhxuznnawoen/deck,300,420,Historical
Deck,54dy2ztjlawi,decks/54dy2ZTjlAWi_947t0I0-.webp,54dy2ztjlawi/deck,300,420,Historical
Deck,54,decks/54_2tlYADIbVdvNOcHzQK.webp,54/deck,300,420,Historical
Deck,589htovaoq3pfu6bwsufr,decks/589HToVAoq3PFu6bWsUFR.webp,589htovaoq3pfu6bwsufr/deck,300,420,Historical
Deck,59ml8jvaxvqccsz46d2wx,decks/59mL8jvaxVqcCSz46D2wx.webp,59ml8jvaxvqccsz46d2wx/deck,300,420,Historical
Deck,5eupjemwnwid2n150gf,decks/5eUPjEMwnwID2N150Gf_0.webp,5eupjemwnwid2n150gf/deck,300,420,Historical
Deck,5fgncfnxrpn3,decks/5FGNCFNxRpN3_K8l7Rrvk.webp,5fgncfnxrpn3/deck,300,420,Historical
Deck,5gyhshvuamcwdqdu3zc17,decks/5GYhShVUamcwDqdu3ZC17.webp,5gyhshvuamcwdqdu3zc17/deck,300,420,Historical
Deck,5helnpsexng3iw3mppdww,decks/5HeLnpsEXng3iW3MPPdWW.webp,5helnpsexng3iw3mppdww/deck,300,420,Historical
Deck,5jff3pqc,decks/5JfF3PQc-XaYAm9a8Ey69.webp,5jff3pqc/deck,300,420,Historical
Deck,5mb,decks/5Mb_7mhjwJT6xy2GNv0B_.webp,5mb/deck,300,420,Historical
Deck,5n,decks/5n-4QQezaGGqlV2W1fAAq.webp,5n/deck,300,420,Historical
Deck,5o4yx8ik5g0rrbxtmtblk,decks/5o4YX8ik5g0rRbXtMtBLK.webp,5o4yx8ik5g0rrbxtmtblk/deck,300,420,Historical
Deck,5otdi6j4mqn,decks/5oTdi6J4MQn-2qaHi3uJK.png,5otdi6j4mqn/deck,300,420,Historical
Deck,5p,decks/5P-iN2SYdB0-kjbS0Ihbs.webp,5p/deck,300,420,Historical
Deck,5sueu7xou7,decks/5SuEU7XoU7-Hhd_ycvPYU.webp,5sueu7xou7/deck,300,420,Historical
Deck,5uhvlpcgr1pv2qvjxaahs,decks/5uHvLPCgR1PV2QVJxaahS.webp,5uhvlpcgr1pv2qvjxaahs/deck,300,420,Historical
Deck,5uifojn4,decks/5UIFoJN4-2gpDNF48jVzH.webp,5uifojn4/deck,300,420,Historical
Deck,5uprgnarnxdnsg,decks/5UPrgNaRNxdNsG-s4aqdk.webp,5uprgnarnxdnsg/deck,300,420,Historical
Deck,5woggh27nra3lt7ids6wb,decks/5woGgh27nra3lt7iDS6wB.webp,5woggh27nra3lt7ids6wb/deck,300,420,Historical
Deck,5xnhk3h5xuca9ygduqknx,decks/5xnhK3H5xuCa9yGdUQKNx.webp,5xnhk3h5xuca9ygduqknx/deck,300,420,Historical
Deck,5yipzbcxqlogyvdyplnww,decks/5YIPZbcXQLOgyvdYpLNWw.webp,5yipzbcxqlogyvdyplnww/deck,300,420,Historical
Deck,5yz2eme1zjnq7e5tmgjok,decks/5Yz2eME1ZJNq7E5tmGJoK.png,5yz2eme1zjnq7e5tmgjok/deck,300,420,Historical
Deck,5z3enpyyx0nerjpf8tqas,decks/5Z3eNpYYX0nErJpf8TqaS.webp,5z3enpyyx0nerjpf8tqas/deck,300,420,Historical
Deck,5zeend84rizdqp4qeegwb,decks/5ZEEND84rIzdQP4qEeGWB.webp,5zeend84rizdqp4qeegwb/deck,300,420,Historical
Deck,5zgrvlaykcpx6ajd,decks/5ZgrvLAyKCpx6aJd-D_b_.webp,5zgrvlaykcpx6ajd/deck,300,420,Historical
Deck,600cnsfsqoa3pmf03smvd,decks/600cnSFSQOa3PmF03SMvd.webp,600cnsfsqoa3pmf03smvd/deck,300,420,Historical
Deck,63sytue1smmb3ynvhri2x,decks/63SyTUe1SMMB3yNVHrI2X.png,63sytue1smmb3ynvhri2x/deck,300,420,Historical
Deck,650w,decks/650w-gCKdbT0Y6B_lz4U1.webp,650w/deck,300,420,Historical
Deck,65jj52uswfv3pmjoncdeu,decks/65JJ52usWfv3pMJoNCdEU.webp,65jj52uswfv3pmjoncdeu/deck,300,420,Historical
Deck,66fgswn4oi30kj3,decks/66FgsWN4OI30kJ3-M-ZLB.webp,66fgswn4oi30kj3/deck,300,420,Historical
Deck,6af4o9lji2ljmqpri,decks/6Af4o9ljI2lJmqprI-vU4.webp,6af4o9lji2ljmqpri/deck,300,420,Historical
Deck,6bp08cn7nslpcsfsszmh7,decks/6BP08cn7nsLPcSfsszMH7.webp,6bp08cn7nslpcsfsszmh7/deck,300,420,Historical
Deck,6bphevw8ayj6wcvq1f,decks/6bPhEvW8AyJ6wCvQ1f_tI.webp,6bphevw8ayj6wcvq1f/deck,300,420,Historical
Deck,6d69xvw0qd6sotm6,decks/6D69xVw0Qd6SotM6_IaAe.png,6d69xvw0qd6sotm6/deck,300,420,Historical
Deck,6estagm,decks/6EstAGM-5RwDubSyvFlpq.webp,6estagm/deck,300,420,Historical
Deck,6fceljog09cr5ntdpw,decks/6FcELjOg09cR5NTDpw-Nw.webp,6fceljog09cr5ntdpw/deck,300,420,Historical
Deck,6h4xafv8rqbbzrl6dwdqg,decks/6h4XaFv8RQBbzrL6DWdqG.png,6h4xafv8rqbbzrl6dwdqg/deck,300,420,Historical
Deck,6i5jvgaii9izfos3w9o9h,decks/6i5jvgaIi9izfoS3W9o9h.webp,6i5jvgaii9izfos3w9o9h/deck,300,420,Historical
Deck,6ihelntsat9vpivb0q2iv,decks/6IhElntsAT9VpIvb0Q2iV.webp,6ihelntsat9vpivb0q2iv/deck,300,420,Historical
Deck,6juf2uokwvrkyzlu6wiw,decks/6JuF2UOKWvRKyzlu6wiW_.webp,6juf2uokwvrkyzlu6wiw/deck,300,420,Historical
Deck,6mhhmiynarqpj6ozrosyn,decks/6MHhMiYnarQPJ6ozROSYN.webp,6mhhmiynarqpj6ozrosyn/deck,300,420,Historical
Deck,6nyae0xot9ozkvl65qzst,decks/6NYAE0XoT9OzkvL65qZSt.webp,6nyae0xot9ozkvl65qzst/deck,300,420,Historical
Deck,6pxgtnvst42fbgpy3sz75,decks/6PxGTnvST42FBgPy3sz75.webp,6pxgtnvst42fbgpy3sz75/deck,300,420,Historical
Deck,6pzlg4pkkybxsz1qmyu7c,decks/6PZlG4PKKybxsz1QmYU7C.webp,6pzlg4pkkybxsz1qmyu7c/deck,300,420,Historical
Deck,6qddavzsiidsrsshodjw6,decks/6qddavzsIIDSRsSHODJW6.webp,6qddavzsiidsrsshodjw6/deck,300,420,Historical
Deck,6t6yqmqu,decks/6t6yQmqU-_y1SBbHEjipR.webp,6t6yqmqu/deck,300,420,Historical
Deck,6urj09ppc8gtejpul8m7c,decks/6urJ09PpC8gteJPul8M7C.webp,6urj09ppc8gtejpul8m7c/deck,300,420,Historical
Deck,6w,decks/6w-oNSqiPtkeo_z7vOPKZ.webp,6w/deck,300,420,Historical
Deck,6xl4z2zbvgh707wamzlzb,decks/6Xl4z2ZbvgH707wAmzlZB.webp,6xl4z2zbvgh707wamzlzb/deck,300,420,Historical
Deck,6xq1fxlgha0dnxabrdyva,decks/6xq1FxlgHa0DNXAbrdYvA.webp,6xq1fxlgha0dnxabrdyva/deck,300,420,Historical
Deck,6,decks/6_lpDsj46BKKxocZ3BJLK.webp,6/deck,300,420,Historical
Deck,6,decks/6_S95FYkC-E9IonAOaRV7.webp,6/deck,300,420,Historical
Deck,7dpqgpeujwy,decks/7dpqgpEujWY-Cfm4UxfLK.webp,7dpqgpeujwy/deck,300,420,Historical
Deck,7eamiyqyih,decks/7EAMIyQYIh-pixQp9hs0K.webp,7eamiyqyih/deck,300,420,Historical
Deck,7fcfeqvdd4rndztzmmoeq,decks/7fCFeqVdD4rNDztZmMoeQ.webp,7fcfeqvdd4rndztzmmoeq/deck,300,420,Historical
Deck,7fl03iki0x2xmaa,decks/7FL03IkI0x2xMaa-LPHK8.webp,7fl03iki0x2xmaa/deck,300,420,Historical
Deck,7flvdsva6qlrwrjphyfxr,decks/7flVdsvA6qLrWRJpHYFXR.webp,7flvdsva6qlrwrjphyfxr/deck,300,420,Historical
Deck,7jvt,decks/7JvT-2OX-GpvLzzmaIzU9.webp,7jvt/deck,300,420,Historical
Deck,7n7wtoflilgkuodanpghu,decks/7n7wToFliLgKUoDAnpGhu.webp,7n7wtoflilgkuodanpghu/deck,300,420,Historical
Deck,7plva7le3n9wrxxvwe,decks/7pLva7LE3N9WrXXVwE_d_.webp,7plva7le3n9wrxxvwe/deck,300,420,Historical
Deck,7qgj,decks/7QGj-Nt5Q9RWKKtmqSs2V.webp,7qgj/deck,300,420,Historical
Deck,7r77d6pzmwxdsdfkpdvkf,decks/7r77d6pzmwXdsdfkpDVkf.webp,7r77d6pzmwxdsdfkpdvkf/deck,300,420,Historical
Deck,7trlc7f1i10lk91xoqqid,decks/7TrLc7F1i10LK91xoQqID.webp,7trlc7f1i10lk91xoqqid/deck,300,420,Historical
Deck,7uhlxi769tkiolbzufxbl,decks/7UHLxi769tkIolbzUFXBl.webp,7uhlxi769tkiolbzufxbl/deck,300,420,Historical
Deck,7usb,decks/7usb_t-a_yrG8tmH3kaQF.webp,7usb/deck,300,420,Historical
Deck,7wuifqr99rvaoigneonb3,decks/7WuifQr99rVaOIGnEOnb3.webp,7wuifqr99rvaoigneonb3/deck,300,420,Historical
Deck,7x7zt3ggdkcrzomsxndhy,decks/7X7Zt3gGdKcrzoMsxNdhy.webp,7x7zt3ggdkcrzomsxndhy/deck,300,420,Historical
Deck,7xyl8vv3wx0ibx,decks/7Xyl8VV3wx0IBx_WjlSTT.webp,7xyl8vv3wx0ibx/deck,300,420,Historical
Deck,85wvv1wh5znitmhnrof3k,decks/85wVv1WH5zNitmhnrof3k.webp,85wvv1wh5znitmhnrof3k/deck,300,420,Historical
Deck,87siu0mzfhngltj4cvu2s,decks/87SiU0MzFhngLTj4cVU2S.webp,87siu0mzfhngltj4cvu2s/deck,300,420,Historical
Deck,89eyarbdub3mwfs41homf,decks/89eyARbdUb3mWFs41homf.webp,89eyarbdub3mwfs41homf/deck,300,420,Historical
Deck,89s9hcxoomfjet85bni9t,decks/89S9HCXoOmFjET85BNi9t.webp,89s9hcxoomfjet85bni9t/deck,300,420,Historical
Deck,8bnxgevmec4cd7ellfqwa,decks/8BnxGEvMec4CD7EllfqwA.png,8bnxgevmec4cd7ellfqwa/deck,300,420,Historical
Deck,8gvrk4ageaph5cwwa0gx,decks/8gvRk4aGEAPh5cwWA0gX-.webp,8gvrk4ageaph5cwwa0gx/deck,300,420,Historical
Deck,8hbi,decks/8hbI-Wa1MNVhsQ4GyPI4U.webp,8hbi/deck,300,420,Historical
Deck,8lfliihrohb67gv6asv4q,decks/8lFliihrohb67gV6AsV4Q.webp,8lfliihrohb67gv6asv4q/deck,300,420,Historical
Deck,8lglshodsaqbyzspfx8nb,decks/8lGlsHoDSAQbyzspfX8NB.webp,8lglshodsaqbyzspfx8nb/deck,300,420,Historical
Deck,8nxu51dpofda,decks/8Nxu51dpoFDa_UXc05dyp.webp,8nxu51dpofda/deck,300,420,Historical
Deck,8p10yrt9dghynjlns6dtx,decks/8p10YRt9DghYNJLNS6DTx.webp,8p10yrt9dghynjlns6dtx/deck,300,420,Historical
Deck,8qtw6rnconamgvhzioxqd,decks/8qTW6rNcONaMGVHZIOXQd.webp,8qtw6rnconamgvhzioxqd/deck,300,420,Historical
Deck,8qvhr7y9ltaxd8aqswwd6,decks/8qvHR7y9ltAXd8aqsWwD6.webp,8qvhr7y9ltaxd8aqswwd6/deck,300,420,Historical
Deck,8sf0uxnz3wvbq6xow0umo,decks/8sF0UXNz3WvBq6xOW0Umo.webp,8sf0uxnz3wvbq6xow0umo/deck,300,420,Historical
Deck,8soywr4qj0e,decks/8SoyWr4Qj0e-uN8MqmYrX.webp,8soywr4qj0e/deck,300,420,Historical
Deck,8tazyu0mf,decks/8tazyU0mF-BbeosCr2mYe.webp,8tazyu0mf/deck,300,420,Historical
Deck,8yvt75yuuexiavaer74nb,decks/8yVt75YUuexIavAER74NB.png,8yvt75yuuexiavaer74nb/deck,300,420,Historical
Deck,8,decks/8_GCXv2DLvPKz4TkIjNLR.webp,8/deck,300,420,Historical
Deck,8,decks/8_gOzhg8os8vtjKAJaVOp.webp,8/deck,300,420,Historical
Deck,907p5tyehh,decks/907P5tYEhh_UMpy7BI2i0.webp,907p5tyehh/deck,300,420,Historical
Deck,97hu8irey42nb9kewcnog,decks/97hU8IREy42NB9KEWcNOg.webp,97hu8irey42nb9kewcnog/deck,300,420,Historical
Deck,9ceace,decks/9CeaCE_fv0lG7sQiaawYe.webp,9ceace/deck,300,420,Historical
Deck,9f4r2oq,decks/9f4r2OQ_zOYkwcVYqZkRv.webp,9f4r2oq/deck,300,420,Historical
Deck,9hicspeqnph4yalrwnmxw,decks/9hicspEQnPH4YalRwNMxw.webp,9hicspeqnph4yalrwnmxw/deck,300,420,Historical
Deck,9huflp19jfx8rhu4nrms2,decks/9huFLP19JFX8rhU4NrMs2.webp,9huflp19jfx8rhu4nrms2/deck,300,420,Historical
Deck,9k7egvhpu0zgbigjigvc4,decks/9k7EGVhPU0ZgbIGJiGvc4.webp,9k7egvhpu0zgbigjigvc4/deck,300,420,Historical
Deck,9lkdrf0ijjprskebulzwk,decks/9lkDrf0iJJpRSkeBUlZWK.webp,9lkdrf0ijjprskebulzwk/deck,300,420,Historical
Deck,9nsb3hkj,decks/9NSb3HkJ-FawN-cK2mRZH.webp,9nsb3hkj/deck,300,420,Historical
Deck,9ovmcqqaeo3r6j5njitqj,decks/9oVmcQqaEO3R6J5nJITqj.webp,9ovmcqqaeo3r6j5njitqj/deck,300,420,Historical
Deck,9ptwlffh,decks/9pTWlFFh_b-g0lKgTej0s.webp,9ptwlffh/deck,300,420,Historical
Deck,9rhyelddpfgndntxu,decks/9rhyeLDdpFgNDNTxU_6bC.webp,9rhyelddpfgndntxu/deck,300,420,Historical
Deck,9rmbqnlsi,decks/9rMbQNlsI_7-iqlkrPAAM.webp,9rmbqnlsi/deck,300,420,Historical
Deck,9xeruteceb14tmbyq1jlw,decks/9xEruteCEb14TMByq1JLw.png,9xeruteceb14tmbyq1jlw/deck,300,420,Historical
Deck,9xjzgggpjkpkkpbuvlhtd,decks/9XjzGGgpjkpKKPBUvlHTd.webp,9xjzgggpjkpkkpbuvlhtd/deck,300,420,Historical
Deck,9xzveds1hrerlptrfasyh,decks/9XzveDs1hreRLPTrFaSyH.webp,9xzveds1hrerlptrfasyh/deck,300,420,Historical
Deck,9y9acb3e17noctb8nhlzd,decks/9y9AcB3E17NoCtB8NHlZD.webp,9y9acb3e17noctb8nhlzd/deck,300,420,Historical
Deck,9ypthx4kvac3ptckdrpu5,decks/9YPtHx4kvac3PtCkdrPu5.webp,9ypthx4kvac3ptckdrpu5/deck,300,420,Historical
Deck,9yquifdgleq0,decks/9YquIfdGlEq0_BTfZiZrP.webp,9yquifdgleq0/deck,300,420,Historical
Deck,9,decks/9_yLO1cMqoV2iQG0MKpIj.webp,9/deck,300,420,Historical
Deck,A,decks/a-O-alZYPaLpWL0GOdFnV.webp,A/deck,300,420,Historical
Deck,A0h7d3mebkfiny6agecbi,decks/A0h7d3mEbkFiNY6ageCbi.webp,A0h7d3mebkfiny6agecbi/deck,300,420,Historical
Deck,A1pgyc2jonlwieabkecjp,decks/a1pgYC2jOnLWieAbkECJp.webp,A1pgyc2jonlwieabkecjp/deck,300,420,Historical
Deck,A267dsm,decks/A267dSM_7tzg9zNdWuvYc.webp,A267dsm/deck,300,420,Historical
Deck,A2b90d8ltnmy1jadyu2sl,decks/A2b90D8ltnMy1JaDyU2sl.webp,A2b90d8ltnmy1jadyu2sl/deck,300,420,Historical
Deck,A4unm4bk1cdgrdyn8v7jm,decks/A4UNM4bK1CDGrDyN8v7jM.webp,A4unm4bk1cdgrdyn8v7jm/deck,300,420,Historical
Deck,A5tkia0vlruq9nlhzbtxk,decks/a5TkIa0VlruQ9NLhzBtxK.webp,A5tkia0vlruq9nlhzbtxk/deck,300,420,Historical
Deck,A741stmoxycz9ujflenmq,decks/A741stmoxycZ9UjflenMq.webp,A741stmoxycz9ujflenmq/deck,300,420,Historical
Deck,A8mbs0kw,decks/a8MbS0KW-0hbw9dbX2EEW.webp,A8mbs0kw/deck,300,420,Historical
Deck,Aai7ymlk2ihvxntduuxis,decks/aai7ymLk2IhvXntDUuxiS.webp,Aai7ymlk2ihvxntduuxis/deck,300,420,Historical
Deck,Aapfowpzobqo4fjtsrv0b,decks/aAPfowPZobqo4FJtSrV0b.webp,Aapfowpzobqo4fjtsrv0b/deck,300,420,Historical
Deck,Abljhoxrdmsio2rhq1pod,decks/ABlJhoxRDmsIO2RHQ1poD.webp,Abljhoxrdmsio2rhq1pod/deck,300,420,Historical
Deck,Ablnq6ibgigz,decks/AbLnq6iBGiGz-drGc52d5.webp,Ablnq6ibgigz/deck,300,420,Historical
Deck,Aboklv4ysko05axv,decks/aBOklV4YSko05aXV_hIMv.webp,Aboklv4ysko05axv/deck,300,420,Historical
Deck,Abomi4fvnxtrysprbo6n2,decks/AbomI4FVNXTryspRbO6n2.webp,Abomi4fvnxtrysprbo6n2/deck,300,420,Historical
Deck,Ab,decks/Ab_Ptl-ihtBrATm1G4L90.webp,Ab/deck,300,420,Historical
Deck,Ac,decks/aC-6RDbTy8P-DHn0teKnI.webp,Ac/deck,300,420,Historical
Deck,Acaqsfhavgcyrto9bmmag,decks/AcaqsfHavGcyRTo9BmMAG.webp,Acaqsfhavgcyrto9bmmag/deck,300,420,Historical
Deck,Aceoowmwf7g8rv2yjtj4v,decks/AcEoowMwF7g8rv2yJtj4V.png,Aceoowmwf7g8rv2yjtj4v/deck,300,420,Historical
Deck,Ackkjfe3q54ueq6t6,decks/aCkKjFe3Q54UEq6T6-vr1.webp,Ackkjfe3q54ueq6t6/deck,300,420,Historical
Deck,Aelhhbg5yksc6,decks/aElHhbG5yKsC6_hFX_qUu.webp,Aelhhbg5yksc6/deck,300,420,Historical
Deck,Aeotllmbtzjezslff0bpn,decks/AeOTlLMbTzJeZSLFf0BpN.webp,Aeotllmbtzjezslff0bpn/deck,300,420,Historical
Deck,Aeqz69bpvhf9wf7f,decks/aeqz69bPVHf9Wf7f_ulgq.webp,Aeqz69bpvhf9wf7f/deck,300,420,Historical
Deck,Afccssrg,decks/AfCCssrG_YOyxMWX01ka7.webp,Afccssrg/deck,300,420,Historical
Deck,Afeqkadz7wpgt05iqhbsl,decks/AFeqKAdz7WPgt05iQHbSL.webp,Afeqkadz7wpgt05iqhbsl/deck,300,420,Historical
Deck,Afsduphlmwv4cxinfeu67,decks/aFSduPhLmwv4CXINfEu67.webp,Afsduphlmwv4cxinfeu67/deck,300,420,Historical
Deck,Ahurnr4,decks/ahURnR4-7pIVYHr7EmFDC.webp,Ahurnr4/deck,300,420,Historical
Deck,Aibefptua8vma1ugozhy,decks/aiBEfPtUa8vMA1UgozHy_.webp,Aibefptua8vma1ugozhy/deck,300,420,Historical
Deck,Ais83lhi7bhtbqyq1mi9o,decks/aiS83lHi7bhTbQyq1MI9O.webp,Ais83lhi7bhtbqyq1mi9o/deck,300,420,Historical
Deck,Akeba8z,decks/AkeBA8Z-FnNaEV4ikDReE.webp,Akeba8z/deck,300,420,Historical
Deck,Akq4agvwlp,decks/akq4AgvwLp__jlR0Cy5S7.webp,Akq4agvwlp/deck,300,420,Historical
Deck,Akzuxvmcok18xfvmoxgu0,decks/AkZUXVmcOk18xfVMoXgu0.webp,Akzuxvmcok18xfvmoxgu0/deck,300,420,Historical
Deck,Alel0dfcu2oro23kvlvnd,decks/AlEL0DFCU2Oro23kVlVNd.webp,Alel0dfcu2oro23kvlvnd/deck,300,420,Historical
Deck,Alo92becsgawg9w33p60z,decks/alo92bECsgAwg9W33P60z.webp,Alo92becsgawg9w33p60z/deck,300,420,Historical
Deck,Amcbdubfpb6zm,decks/AmcbDubfPb6zM_EZSSigq.webp,Amcbdubfpb6zm/deck,300,420,Historical
Deck,Amd9zffsqxqmjb,decks/AMd9ZfFSQxQmjB_91gmGL.webp,Amd9zffsqxqmjb/deck,300,420,Historical
Deck,Amsxw4afydrapirzba79r,decks/AMsxW4afyDRAPirzBa79r.webp,Amsxw4afydrapirzba79r/deck,300,420,Historical
Deck,Anfm7me,decks/ANFM7mE-ZA8gcAqAnbchM.webp,Anfm7me/deck,300,420,Historical
Deck,Ans2y7a,decks/anS2Y7A_VQGos_ARTBq1M.webp,Ans2y7a/deck,300,420,Historical
Deck,Ansq3j1m7eiwvyih1euom,decks/aNSq3j1M7eIwVyih1EuoM.webp,Ansq3j1m7eiwvyih1euom/deck,300,420,Historical
Deck,Ao0f3gyru6sl1q5sig46y,decks/AO0F3gyru6Sl1Q5sig46y.webp,Ao0f3gyru6sl1q5sig46y/deck,300,420,Historical
Deck,Aob3ncbykctzsq48udzya,decks/aoB3NcbYkCTZSq48uDZya.webp,Aob3ncbykctzsq48udzya/deck,300,420,Historical
Deck,Aq3ovdgofqlvijklexufg,decks/aQ3OVdgofqLVijklEXUFG.webp,Aq3ovdgofqlvijklexufg/deck,300,420,Historical
Deck,Aq781zsk1mryo2f0kkcsg,decks/Aq781zSk1MrYo2f0KkcSG.webp,Aq781zsk1mryo2f0kkcsg/deck,300,420,Historical
Deck,Aqtoptt1dutavjpmbldec,decks/AqTopTT1dutAvjPmBLdEC.webp,Aqtoptt1dutavjpmbldec/deck,300,420,Historical
Deck,Ar7zmsqh6xscrhvdew7sa,decks/AR7zmsqh6XsCrHVDew7sa.webp,Ar7zmsqh6xscrhvdew7sa/deck,300,420,Historical
Deck,Arfbs85aheepaoqamk0bj,decks/ArfBS85AHEePaoqAMk0Bj.webp,Arfbs85aheepaoqamk0bj/deck,300,420,Historical
Deck,Arqmixalim8cfxrbb,decks/ArqMiXaLiM8CFxRBB-Xtm.webp,Arqmixalim8cfxrbb/deck,300,420,Historical
Deck,As8q,decks/As8Q-KC4SYzvOkpVfg0na.webp,As8q/deck,300,420,Historical
Deck,Asyxzk9lqwvc3k,decks/aSYXzk9lqWVC3k_jkP2Kk.webp,Asyxzk9lqwvc3k/deck,300,420,Historical
Deck,Aszwnjipvbosaxsoltkki,decks/aszwnJIpVBOSaxsOLtKKI.webp,Aszwnjipvbosaxsoltkki/deck,300,420,Historical
Deck,Auh5cm3bftia8u3ymlabm,decks/auH5Cm3BFTIA8U3YmlABM.png,Auh5cm3bftia8u3ymlabm/deck,300,420,Historical
Deck,Avperhe3tbf8jusw4w7v4,decks/avPeRHe3tBF8JusW4W7V4.webp,Avperhe3tbf8jusw4w7v4/deck,300,420,Historical
Deck,Aw1usgqsktxb7p5dj1qko,decks/aW1UsGQsktXB7P5dj1qko.webp,Aw1usgqsktxb7p5dj1qko/deck,300,420,Historical
Deck,Awpbwn8bamhetewz3puew,decks/awpBWn8baMHeTEWz3PUeW.webp,Awpbwn8bamhetewz3puew/deck,300,420,Historical
Deck,Ayxrh5g83xstarpuz4pjl,decks/ayXrH5G83xSTARpUZ4PjL.webp,Ayxrh5g83xstarpuz4pjl/deck,300,420,Historical
Deck,Azdi2mhcdfutc5ik8dtdj,decks/AzDI2MhcdfuTc5iK8dTDJ.webp,Azdi2mhcdfutc5ik8dtdj/deck,300,420,Historical
Deck,Azprtaxdbhuknmqmalktr,decks/azprtaxdbhUKNMQmAlKtR.webp,Azprtaxdbhuknmqmalktr/deck,300,420,Historical
Deck,B0xyalewqxxk6coluqvs0,decks/b0XyaLEwQxxK6coluQVs0.webp,B0xyalewqxxk6coluqvs0/deck,300,420,Historical
Deck,B1gktwtx71q7cfi9g0jdj,decks/B1gktwtX71Q7CFI9g0JDJ.png,B1gktwtx71q7cfi9g0jdj/deck,300,420,Historical
Deck,B4f7p2kc9int7pwrzucw1,decks/b4F7P2kc9iNT7pWRZuCW1.webp,B4f7p2kc9int7pwrzucw1/deck,300,420,Historical
Deck,B6iiqej09cp6k4za9j,decks/B6IiqEj09CP6k4ZA9J-kc.webp,B6iiqej09cp6k4za9j/deck,300,420,Historical
Deck,B6zo3yuvlzy3qcsi3nhg0,decks/b6ZO3YuvlZy3qCSI3NhG0.webp,B6zo3yuvlzy3qcsi3nhg0/deck,300,420,Historical
Deck,B7mkmb491ga,decks/B7mKmB491GA_iqCXE7W4w.webp,B7mkmb491ga/deck,300,420,Historical
Deck,B8xknvt0j,decks/b8xKNVt0J-jS1b_kjmfue.webp,B8xknvt0j/deck,300,420,Historical
Deck,B9o098mzgzpzwps3xwz,decks/b9o098mZGZPzwpS3xWz-Q.webp,B9o098mzgzpzwps3xwz/deck,300,420,Historical
Deck,Bajpg23pexs3,decks/BAjpg23PeXs3_km7Gw4T_.webp,Bajpg23pexs3/deck,300,420,Historical
Deck,Bbfswtnhnh57nuneiskvg,decks/BBFSwtNhnH57NUnEIskvg.webp,Bbfswtnhnh57nuneiskvg/deck,300,420,Historical
Deck,Bbwh1ukgo2t3bf,decks/BBWh1UkGO2t3bf-SDqJpb.webp,Bbwh1ukgo2t3bf/deck,300,420,Historical
Deck,Bc5jeaelkh9vipivrd,decks/bC5jEaElKH9vIpIVRd_Jq.webp,Bc5jeaelkh9vipivrd/deck,300,420,Historical
Deck,Bccbixy5ygmv5,decks/BCcbIXY5YgMv5-W2hBAft.webp,Bccbixy5ygmv5/deck,300,420,Historical
Deck,Bcin6tq,decks/BcIN6TQ-hxGklRtpUavwR.webp,Bcin6tq/deck,300,420,Historical
Deck,Bdtm5pxwktxcexznpzp4m,decks/bDTm5PxWKTXceXZNpzP4M.webp,Bdtm5pxwktxcexznpzp4m/deck,300,420,Historical
Deck,Bdvpo6ncg8xrn4xpuy45p,decks/BDvpo6NCG8XrN4XpUY45p.webp,Bdvpo6ncg8xrn4xpuy45p/deck,300,420,Historical
Deck,Bejy5adnxdknqlab71mf3,decks/BeJY5AdNXdKNQLab71Mf3.webp,Bejy5adnxdknqlab71mf3/deck,300,420,Historical
Deck,Bes,decks/BeS-JgAcnCcnMraopEwCF.webp,Bes/deck,300,420,Historical
Deck,Bhdtuxe4attm1hzvz0awo,decks/bHDTUxE4aTtM1HZvz0AwO.webp,Bhdtuxe4attm1hzvz0awo/deck,300,420,Historical
Deck,Bl4cb4q,decks/Bl4cb4q-s8l6NF7-rT8Sa.webp,Bl4cb4q/deck,300,420,Historical
Deck,Blxznsd718yce9ex486i9,decks/blxzNsD718YCE9EX486I9.webp,Blxznsd718yce9ex486i9/deck,300,420,Historical
Deck,Bmuv1opevb9cxkapqk2ci,decks/BMuV1OpEVB9CxKAPqK2Ci.webp,Bmuv1opevb9cxkapqk2ci/deck,300,420,Historical
Deck,Bn3t67fvxzmj3ngakt,decks/Bn3T67fVxZmj3nGakT-0f.webp,Bn3t67fvxzmj3ngakt/deck,300,420,Historical
Deck,Bnum0lhxx1xswqznh,decks/BNuM0lHxX1xswQznH_2_m.webp,Bnum0lhxx1xswqznh/deck,300,420,Historical
Deck,Bokonlmcr8d5vryhtblgp,decks/BOkONLMCr8D5vRYhtBlgP.webp,Bokonlmcr8d5vryhtblgp/deck,300,420,Historical
Deck,Bpc9ryxyf2mybved0tmbi,decks/bpc9RYxYf2myBVEd0Tmbi.webp,Bpc9ryxyf2mybved0tmbi/deck,300,420,Historical
Deck,Bqvkqylekngeolzrk3xgg,decks/bqVKQyLEKNgeOlzrk3XGg.webp,Bqvkqylekngeolzrk3xgg/deck,300,420,Historical
Deck,Br6b6urxk7ousrod,decks/bR6b6urXk7ouSRod_iv2b.webp,Br6b6urxk7ousrod/deck,300,420,Historical
Deck,Brag5vkan0hcr3ylxdo38,decks/BrAG5vkAN0HCR3yLXDO38.webp,Brag5vkan0hcr3ylxdo38/deck,300,420,Historical
Deck,Bsomtz,decks/bsOMTZ-wH-F8AcSMGJgkF.webp,Bsomtz/deck,300,420,Historical
Deck,Btuj0k,decks/BtuJ0K-SNVzhwr6wISodx.webp,Btuj0k/deck,300,420,Historical
Deck,Bud1g5,decks/buD1g5_KlRmYTeRHa3_aq.webp,Bud1g5/deck,300,420,Historical
Deck,Bw34a8esa9vwrq1myehwo,decks/Bw34A8eSA9vWRq1MYEhwO.webp,Bw34a8esa9vwrq1myehwo/deck,300,420,Historical
Deck,Bwassamwk0gcebko0xnla,decks/bwAsSamwK0GCEbkO0XnlA.webp,Bwassamwk0gcebko0xnla/deck,300,420,Historical
Deck,Bx3nzmsb0u4jpi2lnww2h,decks/Bx3NzmsB0U4JpI2lNww2h.webp,Bx3nzmsb0u4jpi2lnww2h/deck,300,420,Historical
Deck,Bxjl6urnyqwntw,decks/bxjl6UrnyqwNtW_Qy1Oqh.webp,Bxjl6urnyqwntw/deck,300,420,Historical
Deck,Bzwjgl6nhgqzuhchao9rl,decks/BzWJgL6NhGQzUhCHao9rL.webp,Bzwjgl6nhgqzuhchao9rl/deck,300,420,Historical
Deck,Bz,decks/bZ_2InTU7elCGo1wxbAoW.webp,Bz/deck,300,420,Historical
Deck,C3iaf7vf8ww0l1a2eu9n8,decks/c3IaF7vF8Ww0l1a2Eu9N8.webp,C3iaf7vf8ww0l1a2eu9n8/deck,300,420,Historical
Deck,C4g9hdt8v5z07ynlcd,decks/C4G9hdt8v5z07YnLCD_ed.webp,C4g9hdt8v5z07ynlcd/deck,300,420,Historical
Deck,C5tlywqqg5,decks/c5TlywQQg5-3YV_jdzXJz.webp,C5tlywqqg5/deck,300,420,Historical
Deck,C5z7oycrwi8bciorbzuqk,decks/C5Z7OYcrwI8bCIOrBzuqk.webp,C5z7oycrwi8bciorbzuqk/deck,300,420,Historical
Deck,Calicnwo5kgwj8zqnnv,decks/CalicNwo5KgWj8ZQnNv-H.webp,Calicnwo5kgwj8zqnnv/deck,300,420,Historical
Deck,Can559rcyk30pestwig3i,decks/CaN559rCyk30pEstwIg3i.webp,Can559rcyk30pestwig3i/deck,300,420,Historical
Deck,Ccogcmarxhcuv403skyza,decks/CcOgcMaRXhCUv403SkYZa.webp,Ccogcmarxhcuv403skyza/deck,300,420,Historical
Deck,Cdj9jvoz,decks/CDJ9JVoZ-npsQygZ21g0p.webp,Cdj9jvoz/deck,300,420,Historical
Deck,Cdsswidsxcujtp1,decks/cDSswIdsXCUjtp1_D2I-_.webp,Cdsswidsxcujtp1/deck,300,420,Historical
Deck,Cga,decks/cGA-vDrB57IoqqO5U0oU3.webp,Cga/deck,300,420,Historical
Deck,Ch6tj9lgg2qx0,decks/cH6tJ9lGG2qx0_HVctoTn.webp,Ch6tj9lgg2qx0/deck,300,420,Historical
Deck,Cibrczdshs8vsay5lrhui,decks/CIBRcZdSHs8VSay5LrHuI.webp,Cibrczdshs8vsay5lrhui/deck,300,420,Historical
Deck,Cictlsa,decks/CicTLSa_gO21BUk_Te-0-.webp,Cictlsa/deck,300,420,Historical
Deck,Cidmqbiuynhdhdlhezrrk,decks/cIdMQbiuYnhdHDlhEZrrK.webp,Cidmqbiuynhdhdlhezrrk/deck,300,420,Historical
Deck,Cirxvxgao2ba5xxx7hc,decks/cIrXVXgao2ba5XXx7hC-a.webp,Cirxvxgao2ba5xxx7hc/deck,300,420,Historical
Deck,Cjqehkmmko5fvackavzo7,decks/CjqEHKmMKo5fvaCkAVZo7.webp,Cjqehkmmko5fvackavzo7/deck,300,420,Historical
Deck,Ckhmpjcxgdonzdnyava7f,decks/ckHmpJCXgdONZdNYAvA7F.webp,Ckhmpjcxgdonzdnyava7f/deck,300,420,Historical
Deck,Cls7ow,decks/clS7OW-VsK3I3bc4R75dM.png,Cls7ow/deck,300,420,Historical
Deck,Cmblrv34aoo2b4bc2ygzp,decks/Cmblrv34AOO2B4BC2yGZP.webp,Cmblrv34aoo2b4bc2ygzp/deck,300,420,Historical
Deck,Cmlznribxukeidawyskvk,decks/CMlZNrIBXuKEIdaWysKVk.webp,Cmlznribxukeidawyskvk/deck,300,420,Historical
Deck,Cmq0pgjla22nhwzmmcy,decks/Cmq0PgjLA22NhWzmmCY-0.webp,Cmq0pgjla22nhwzmmcy/deck,300,420,Historical
Deck,Cnfb5fnydwl4hbfq8eq0i,decks/CNfB5fnYdWl4hBFq8eq0i.webp,Cnfb5fnydwl4hbfq8eq0i/deck,300,420,Historical
Deck,Cntn6sylw5fuqabjixgrv,decks/CnTn6SYlw5FuQAbjIxGRV.webp,Cntn6sylw5fuqabjixgrv/deck,300,420,Historical
Deck,Coje6qocw3kecx9,decks/CoJe6qOCw3kEcX9_lhf1j.webp,Coje6qocw3kecx9/deck,300,420,Historical
Deck,Com9uzzaq,decks/COm9UZzAQ-FWoWPUTM5ye.webp,Com9uzzaq/deck,300,420,Historical
Deck,Covxof9b439ezxlezfikf,decks/cOvxOF9B439EZxLEzfikf.webp,Covxof9b439ezxlezfikf/deck,300,420,Historical
Deck,Cpue6awr9pdwx4ubxgwdr,decks/CpuE6AwR9PdwX4UBxGWDR.webp,Cpue6awr9pdwx4ubxgwdr/deck,300,420,Historical
Deck,Cqfwnpkitpph,decks/cQFwNpKITPPH__N5dsDtl.webp,Cqfwnpkitpph/deck,300,420,Historical
Deck,Crdhqophzdn7x,decks/crDhqOPHzDN7x-IFlLuVb.webp,Crdhqophzdn7x/deck,300,420,Historical
Deck,Crke81v8u,decks/CrkE81V8U-YHUjV0tNdbp.webp,Crke81v8u/deck,300,420,Historical
Deck,Csns,decks/cSns_twgpOW20lVd-5BKj.webp,Csns/deck,300,420,Historical
Deck,Csopeumi81yrnzovojsou,decks/csopeUMi81YRNZoVOJsOu.webp,Csopeumi81yrnzovojsou/deck,300,420,Historical
Deck,Csygbkbpqdxvdtfmrr,decks/cSyGBkBPqDXVDtFmrr-w3.webp,Csygbkbpqdxvdtfmrr/deck,300,420,Historical
Deck,Cu2fguq42mj8tbe3m4lsf,decks/Cu2FGuq42MJ8tBe3m4lSF.webp,Cu2fguq42mj8tbe3m4lsf/deck,300,420,Historical
Deck,Cvd,decks/cVd_xMXMEKkQizwOel6Xp.webp,Cvd/deck,300,420,Historical
Deck,Cwezqvzv6bvsxskrch1b8,decks/cweZQvZV6bVsXskrCh1B8.webp,Cwezqvzv6bvsxskrch1b8/deck,300,420,Historical
Deck,Cx1mt0,decks/cX1MT0_YBkw3AqNA0_Hlb.webp,Cx1mt0/deck,300,420,Historical
Deck,Cxleaqeesrq6uxd1cq6ub,decks/cXlEaqEesrq6UxD1Cq6UB.webp,Cxleaqeesrq6uxd1cq6ub/deck,300,420,Historical
Deck,Cxmilumj4r24alsql3g11,decks/cXmiLUMJ4R24ALSQl3G11.webp,Cxmilumj4r24alsql3g11/deck,300,420,Historical
Deck,Cyf4cqkcredodcyquzf1e,decks/cYf4cQKcREDodcYquZF1e.webp,Cyf4cqkcredodcyquzf1e/deck,300,420,Historical
Deck,Czvwpb02rarvbkyoin,decks/cZvWPB02rArVBkyOIn_3l.webp,Czvwpb02rarvbkyoin/deck,300,420,Historical
Deck,Czxcjc,decks/cZxCJC_P8X6G8dVUeVf2r.webp,Czxcjc/deck,300,420,Historical
Deck,D16ruvjpkd,decks/D16ruvjPKD_H_zHrjxZBn.webp,D16ruvjpkd/deck,300,420,Historical
Deck,D1a8gwvo629aaa0u1ogzv,decks/D1a8GwVO629aAa0u1OGZV.webp,D1a8gwvo629aaa0u1ogzv/deck,300,420,Historical
Deck,D1rcgm4jwuucrkqarn1eh,decks/d1rCgM4jWuucRkQARn1eH.webp,D1rcgm4jwuucrkqarn1eh/deck,300,420,Historical
Deck,D5ked71wf1czyzjox2qfb,decks/D5kEd71Wf1CzYzjOX2QFB.webp,D5ked71wf1czyzjox2qfb/deck,300,420,Historical
Deck,D6zy8fki5tsmu1,decks/d6zy8Fki5tsMU1-ZysvsI.webp,D6zy8fki5tsmu1/deck,300,420,Historical
Deck,D6,decks/D6_JHBJ2EoyxzIUME3jED.webp,D6/deck,300,420,Historical
Deck,D7h4qepe,decks/D7h4qepE_gc7nrlhDarwW.webp,D7h4qepe/deck,300,420,Historical
Deck,Da,decks/Da-C2JyC0vex8pmbJ8Kpq.webp,Da/deck,300,420,Historical
Deck,Daydwauntf33fthi,decks/dAYDwaUnTf33FtHi-zd8l.webp,Daydwauntf33fthi/deck,300,420,Historical
Deck,Dbeocfjncofv,decks/DbEocFJNcofv_3mY6uE_U.webp,Dbeocfjncofv/deck,300,420,Historical
Deck,Dd0kzpchtds9psdyx08mh,decks/DD0KZPchtdS9PSdYx08MH.webp,Dd0kzpchtds9psdyx08mh/deck,300,420,Historical
Deck,Ddklffrqcu3lsvzul9bp4,decks/dDKLFFrQCU3LSvzUl9bp4.png,Ddklffrqcu3lsvzul9bp4/deck,300,420,Historical
Deck,Ddxu0cgcpjdklrlqbicms,decks/ddxu0CgcPJDklrLqBiCmS.webp,Ddxu0cgcpjdklrlqbicms/deck,300,420,Historical
Deck,Dd,decks/dd_fZclrtscNMkJqGq-DO.webp,Dd/deck,300,420,Historical
Deck,Deekkf0twnzdxbqazma5k,decks/DeekkF0TwNZdXBqaZMa5K.webp,Deekkf0twnzdxbqazma5k/deck,300,420,Historical
Deck,Df94wm56zvwkigdicm4hx,decks/Df94WM56zVWkigDICm4Hx.webp,Df94wm56zvwkigdicm4hx/deck,300,420,Historical
Deck,Dfjwrt4itl662y3tuw,decks/DfJwRt4ItL662y3tuw_r8.webp,Dfjwrt4itl662y3tuw/deck,300,420,Historical
Deck,Dg0pjbirnmcv9wlijsutl,decks/dG0pJbirNMCv9wLIjSuTL.webp,Dg0pjbirnmcv9wlijsutl/deck,300,420,Historical
Deck,Dg51wxueq,decks/dG51wxUeQ_w1Y1RE76aIk.webp,Dg51wxueq/deck,300,420,Historical
Deck,Dg5wouxfocuvc4sbhqok7,decks/Dg5WOUxfoCUVc4sBhQOK7.webp,Dg5wouxfocuvc4sbhqok7/deck,300,420,Historical
Deck,Dg8l,decks/Dg8L_5-zQDlovlgJ3fVx2.webp,Dg8l/deck,300,420,Historical
Deck,Dglr0,decks/DGLr0-XWTaGOKHopFdzYq.webp,Dglr0/deck,300,420,Historical
Deck,Dgukg8zagg5hshq2efqrc,decks/DgUkG8ZagG5HShQ2EFQrC.webp,Dgukg8zagg5hshq2efqrc/deck,300,420,Historical
Deck,Djhuv683kmk5cx7,decks/DJhUv683Kmk5cx7_WD6ZE.webp,Djhuv683kmk5cx7/deck,300,420,Historical
Deck,Djp2tfskx4ni7lqhqaqqb,decks/djP2tfskX4ni7lqhQAqQB.webp,Djp2tfskx4ni7lqhqaqqb/deck,300,420,Historical
Deck,Dk8uzzhyerx3,decks/dk8uzZhYErX3-AU6p6DO2.webp,Dk8uzzhyerx3/deck,300,420,Historical
Deck,Dmrzk6jctfljsk9xpyf0c,decks/dmrZK6jctFlJSk9xPyf0c.webp,Dmrzk6jctfljsk9xpyf0c/deck,300,420,Historical
Deck,Dpsyue,decks/dPSYUe-d57U2gYRrMWAlb.webp,Dpsyue/deck,300,420,Historical
Deck,Dpvi6,decks/dPvI6-59SCNm2IYWif6s_.webp,Dpvi6/deck,300,420,Historical
Deck,Dpz6mfv7fn2rsji,decks/dpZ6MFV7fN2RSji-meCH3.webp,Dpz6mfv7fn2rsji/deck,300,420,Historical
Deck,Dqly1ls6uftjddr8oylkq,decks/dQLY1lS6ufTJddR8oYLkq.webp,Dqly1ls6uftjddr8oylkq/deck,300,420,Historical
Deck,Dqnfigvmmx,decks/DqNFIgvmmX-HwKv-NgGym.webp,Dqnfigvmmx/deck,300,420,Historical
Deck,Dshcd,decks/Dshcd-roza2eO3a_X8ik4.webp,Dshcd/deck,300,420,Historical
Deck,Dtmsclvrpqeqf5xq1ltx6,decks/dtMsCLvrPQEqf5Xq1LTX6.webp,Dtmsclvrpqeqf5xq1ltx6/deck,300,420,Historical
Deck,Dujisutunybub51zpcdq9,decks/DuJisutuNYBuB51zPCDq9.png,Dujisutunybub51zpcdq9/deck,300,420,Historical
Deck,Dvw4sgfx44ezbsxkfzujn,decks/dvW4SgFX44eZbsXkfZUJN.png,Dvw4sgfx44ezbsxkfzujn/deck,300,420,Historical
Deck,Dwg3jjk4cutbmxgxpdvhv,decks/dwG3jJk4cUTbMxGXPDvHV.webp,Dwg3jjk4cutbmxgxpdvhv/deck,300,420,Historical
Deck,Dwypj0haettirahl0yrbs,decks/dWyPJ0haeTtiraHL0yrBs.webp,Dwypj0haettirahl0yrbs/deck,300,420,Historical
Deck,Dxhd8z,decks/Dxhd8Z_ZvoINpJKjd79zZ.webp,Dxhd8z/deck,300,420,Historical
Deck,Dz0xxp4k7aksfbs2,decks/DZ0xXp4k7AksfbS2-fXt0.webp,Dz0xxp4k7aksfbs2/deck,300,420,Historical
Deck,Dz34deaebxi43wkif2yw3,decks/DZ34DeAEBXI43wKIf2yW3.webp,Dz34deaebxi43wkif2yw3/deck,300,420,Historical
Deck,Dzd86ywnpqwqlj1yj7qsd,decks/Dzd86YwnpQWqLj1yj7qSd.webp,Dzd86ywnpqwqlj1yj7qsd/deck,300,420,Historical
Deck,E,decks/E-z0hoqaFlH4ujMFuvOTA.webp,E/deck,300,420,Historical
Deck,E0n6,decks/E0n6_j53oTFkytb4AYzNU.webp,E0n6/deck,300,420,Historical
Deck,E1k3afoggetunrzu43hql,decks/E1k3aFoGgETUNrzu43HQl.webp,E1k3afoggetunrzu43hql/deck,300,420,Historical
Deck,E4rgpw,decks/e4rGPW_LtTf8CRfn91asr.webp,E4rgpw/deck,300,420,Historical
Deck,E5y2heeofubulxp0noozm,decks/E5Y2hEeOFubuLxP0NoOZm.webp,E5y2heeofubulxp0noozm/deck,300,420,Historical
Deck,E8x,decks/E8x-i0nxG4IdnvMYNLXed.webp,E8x/deck,300,420,Historical
Deck,Eazqdiwfil6k9pqjata37,decks/EAZqDIWFIL6K9PQjatA37.webp,Eazqdiwfil6k9pqjata37/deck,300,420,Historical
Deck,Ect,decks/ECt_MyzOBNLLkw0yyZQOv.webp,Ect/deck,300,420,Historical
Deck,Edeqoirceonq4zqqgymzw,decks/EDeQOirCeonQ4zqQGYMZW.webp,Edeqoirceonq4zqqgymzw/deck,300,420,Historical
Deck,Edhbyeh0zgxs3llddfl7f,decks/EDHByeh0zGXS3LLDdfL7F.webp,Edhbyeh0zgxs3llddfl7f/deck,300,420,Historical
Deck,Eeyajsgsplndhftuqoyh2,decks/eEYajsgspLNDHftUQoyh2.webp,Eeyajsgsplndhftuqoyh2/deck,300,420,Historical
Deck,Efa6o0fcacszniy4etlsy,decks/EfA6o0fCaCSzNiY4ETLSY.webp,Efa6o0fcacszniy4etlsy/deck,300,420,Historical
Deck,Egs681bvhg3szcn,decks/Egs681BVHG3sZCn_-s8MN.webp,Egs681bvhg3szcn/deck,300,420,Historical
Deck,Ehlc3zejv9a4t,decks/ehlc3zejv9A4T_SJO5iQ0.webp,Ehlc3zejv9a4t/deck,300,420,Historical
Deck,Ei1yhaubwvcaqk4kcq8uq,decks/Ei1yHAUbwVCAQk4kcQ8uq.webp,Ei1yhaubwvcaqk4kcq8uq/deck,300,420,Historical
Deck,Ei6au,decks/ei6au-ZKlIX2oEpViuL-G.webp,Ei6au/deck,300,420,Historical
Deck,Ek8qpyqgi5,decks/ek8QpyQGI5_kJBW4lxzGy.webp,Ek8qpyqgi5/deck,300,420,Historical
Deck,Ekxxnzwbcfbu9ny,decks/eKXXnZwbcfbu9NY-qiiln.webp,Ekxxnzwbcfbu9ny/deck,300,420,Historical
Deck,Elfatvjetqau8xjklxqft,decks/ElfaTvjEtQAu8xjKLXqfT.webp,Elfatvjetqau8xjklxqft/deck,300,420,Historical
Deck,Elsh,decks/ELsH_WhayW_vpgOhKUSRN.webp,Elsh/deck,300,420,Historical
Deck,Emafwic1c9lgwhxc2oxoq,decks/EMAFWIC1c9LGWHXC2OXOQ.webp,Emafwic1c9lgwhxc2oxoq/deck,300,420,Historical
Deck,Entbrmauh,decks/eNtbRMAuH_m4Rod5SiE6K.webp,Entbrmauh/deck,300,420,Historical
Deck,Enzb14d,decks/eNZb14D_I3dBSARU_2ozD.webp,Enzb14d/deck,300,420,Historical
Deck,Eosss7f,decks/eossS7f_AwbKC5AAP93gi.webp,Eosss7f/deck,300,420,Historical
Deck,Epgahqll6xftyiqk3zv,decks/ePGahQLl6XFtYIqk3zV_k.webp,Epgahqll6xftyiqk3zv/deck,300,420,Historical
Deck,Eqq9aw0r1jofgfvxvkkmk,decks/eQq9Aw0R1JOfGfvXVkKmk.webp,Eqq9aw0r1jofgfvxvkkmk/deck,300,420,Historical
Deck,Erd,decks/eRD_CbK7I4H1_4w5L84jd.webp,Erd/deck,300,420,Historical
Deck,Et3h,decks/et3H-ZtJEcGNK4ghJjnh1.webp,Et3h/deck,300,420,Historical
Deck,Ete6rrvr,decks/eTe6rRVr_al55gULLONSC.webp,Ete6rrvr/deck,300,420,Historical
Deck,Ev3a1aumgve,decks/ev3a1AUmGve_jlx2PhXVx.webp,Ev3a1aumgve/deck,300,420,Historical
Deck,Evbc7x2wjq5cf6n,decks/eVBC7X2wJq5cF6N_gCOAq.webp,Evbc7x2wjq5cf6n/deck,300,420,Historical
Deck,Evqpmpdwvzroacwzn,decks/EVqpMpdWvzroaCwzN-V7i.webp,Evqpmpdwvzroacwzn/deck,300,420,Historical
Deck,Ew4jrfvf2mxcnslnwb8nv,decks/EW4jRFVf2mxCnslnWB8nv.webp,Ew4jrfvf2mxcnslnwb8nv/deck,300,420,Historical
Deck,Ewaijmklnk0oce,decks/ewAiJmKlnK0oCE-r1JebU.webp,Ewaijmklnk0oce/deck,300,420,Historical
Deck,Ewgc,decks/EwGC-EW5zisaK9jFOlLkU.webp,Ewgc/deck,300,420,Historical
Deck,Ewo05whanqqxlcj6zqaru,decks/ewo05whANQqXlCJ6zQARu.webp,Ewo05whanqqxlcj6zqaru/deck,300,420,Historical
Deck,Exflq3lcprfcems0wlquy,decks/exFLq3lcprfceMS0WLQuy.webp,Exflq3lcprfcems0wlquy/deck,300,420,Historical
Deck,Eybpn6hkzvz,decks/EYBpn6HKZVz_KzL5gyorJ.webp,Eybpn6hkzvz/deck,300,420,Historical
Deck,Eynwqh9,decks/eYnwQh9_q86pXbQWoBm1f.webp,Eynwqh9/deck,300,420,Historical
Deck,Ezzf9ofrridlu8krl7upe,decks/eZZF9OFRRidLU8kRl7UpE.webp,Ezzf9ofrridlu8krl7upe/deck,300,420,Historical
Deck,E,decks/E_BmN7arVDTjflZpXlA0T.webp,E/deck,300,420,Historical
Deck,F,decks/f-KAs6driTWu7ngRTxahG.webp,F/deck,300,420,Historical
Deck,F0pvvmsqsfllxpfompitn,decks/F0PVvMsQSFllXpfOmpITn.webp,F0pvvmsqsfllxpfompitn/deck,300,420,Historical
Deck,F0q87jl,decks/F0q87jl_w3XEtSeESrjjC.webp,F0q87jl/deck,300,420,Historical
Deck,F1fylvrugsjzqu5ap8ule,decks/F1fyLVrUGSJzqu5Ap8ULe.webp,F1fylvrugsjzqu5ap8ule/deck,300,420,Historical
Deck,F20rupcwu4xkor9gzssxi,decks/F20rUpcWu4xKor9GzSSXI.webp,F20rupcwu4xkor9gzssxi/deck,300,420,Historical
Deck,F4xtydgvlcdnxzxdzc1rk,decks/f4xTYdGvlcdNxZxdZc1rK.webp,F4xtydgvlcdnxzxdzc1rk/deck,300,420,Historical
Deck,F6,decks/F6-9I5MYtNc20epQAJNeX.webp,F6/deck,300,420,Historical
Deck,F6qxvfzik93wudgcuq0xu,decks/F6qxVFzik93WuDGCuQ0xU.webp,F6qxvfzik93wudgcuq0xu/deck,300,420,Historical
Deck,F7lnpzbis9mpsxqgp1fvx,decks/F7lNPZbIs9mPSXQgp1fvX.webp,F7lnpzbis9mpsxqgp1fvx/deck,300,420,Historical
Deck,F8gz0fyys8ln,decks/f8gZ0fYYS8ln_xOieYBTG.webp,F8gz0fyys8ln/deck,300,420,Historical
Deck,F8oknz1vntu8apgzzbszc,decks/f8oKnz1VNTU8apGZzBSzc.webp,F8oknz1vntu8apgzzbszc/deck,300,420,Historical
Deck,Fac00yzmomnhf4q7ion4o,decks/fAC00YZMOmnHF4Q7ion4o.webp,Fac00yzmomnhf4q7ion4o/deck,300,420,Historical
Deck,Fadwuedkzmvqdkqcf0dj,decks/fadwUedKzMvQdkQCf0dj_.webp,Fadwuedkzmvqdkqcf0dj/deck,300,420,Historical
Deck,Fbhje3hmaam71jmff4jzm,decks/FBhjE3hMaam71JmFf4JZM.webp,Fbhje3hmaam71jmff4jzm/deck,300,420,Historical
Deck,Fclkugkv,decks/fCLkugKv_pHXvahSjFFUg.webp,Fclkugkv/deck,300,420,Historical
Deck,Fcrz,decks/fCrz_yRzBhWOZ1kR799zH.png,Fcrz/deck,300,420,Historical
Deck,Fd2ca88ls5lyeggwfitjc,decks/fd2CA88LS5LYEgGWfitjc.webp,Fd2ca88ls5lyeggwfitjc/deck,300,420,Historical
Deck,Fd3mtfqnemqeguoigumrs,decks/fD3MtFQnEmQEguoigUmRS.webp,Fd3mtfqnemqeguoigumrs/deck,300,420,Historical
Deck,Fdrxsznci3qycediqheom,decks/fDrxsznCi3qYCediQHeom.png,Fdrxsznci3qycediqheom/deck,300,420,Historical
Deck,Fdwz4r,decks/fdwz4r-sinwbmWjIJM4gl.webp,Fdwz4r/deck,300,420,Historical
Deck,Feal59zxax05vief4fkac,decks/fEaL59ZXAx05VIef4fkAC.webp,Feal59zxax05vief4fkac/deck,300,420,Historical
Deck,Feoswlti7todhojqbaukz,decks/fEOSwLTi7todHOjqbaUKz.webp,Feoswlti7todhojqbaukz/deck,300,420,Historical
Deck,Fet0quq9jv7bvnipphxml,decks/fET0QUQ9Jv7bVnipPhxMl.webp,Fet0quq9jv7bvnipphxml/deck,300,420,Historical
Deck,Feudcohwgpkcou81gkmnj,decks/fEuDcOhWGpkcoU81gKMnj.webp,Feudcohwgpkcou81gkmnj/deck,300,420,Historical
Deck,Feythgcw1dnax0q27,decks/FEYthGCw1DnAx0Q27-rDE.png,Feythgcw1dnax0q27/deck,300,420,Historical
Deck,Ff0ngties8yf5ijxhg3qx,decks/FF0nGtIES8Yf5Ijxhg3Qx.webp,Ff0ngties8yf5ijxhg3qx/deck,300,420,Historical
Deck,Fgajtobqzlg3epsrik1z9,decks/fgAJTObQzlg3EPsriK1z9.webp,Fgajtobqzlg3epsrik1z9/deck,300,420,Historical
Deck,Fhixw37lc,decks/FHiXw37LC-CHIrYVNdvyh.webp,Fhixw37lc/deck,300,420,Historical
Deck,Fhudyrvtn,decks/fhUdyrvTn_Zb5lTyVzWEa.png,Fhudyrvtn/deck,300,420,Historical
Deck,Fhvfrcd3k646i6ea6kxfa,decks/fhvfrCd3K646i6ea6kXFA.webp,Fhvfrcd3k646i6ea6kxfa/deck,300,420,Historical
Deck,Fik460yp41go0sl40p3zg,decks/FIk460yP41GO0SL40p3Zg.webp,Fik460yp41go0sl40p3zg/deck,300,420,Historical
Deck,Filqj3bt,decks/FilQJ3BT-l-B2PHbygMBW.webp,Filqj3bt/deck,300,420,Historical
Deck,Fimg3va4kzqtytdeepj6x,decks/fiMG3va4KZqtytdeEpJ6X.webp,Fimg3va4kzqtytdeepj6x/deck,300,420,Historical
Deck,Fjnre61tnk,decks/FJNre61tnk_w2KIn0EniE.webp,Fjnre61tnk/deck,300,420,Historical
Deck,Fjydhkbry44u7mv9xdpxb,decks/FjYDhkbRY44u7Mv9xdpXb.webp,Fjydhkbry44u7mv9xdpxb/deck,300,420,Historical
Deck,Fkect,decks/FkeCt-wfra6AZ4LF6Zjfp.webp,Fkect/deck,300,420,Historical
Deck,Fksg7y8gkldmwox1rizy,decks/FkSG7y8GkLdMwOx1rIzY_.webp,Fksg7y8gkldmwox1rizy/deck,300,420,Historical
Deck,Fluulea7myhacib6qwwem,decks/fLuuLEa7MYHacib6qWwEM.webp,Fluulea7myhacib6qwwem/deck,300,420,Historical
Deck,Flw3vlcdldb5yr6oatblm,decks/FLW3vlcDLdB5YR6oaTBLm.webp,Flw3vlcdldb5yr6oatblm/deck,300,420,Historical
Deck,Fmnqkvdoh1,decks/fMnQKVDOh1_vUSLb0a_qD.webp,Fmnqkvdoh1/deck,300,420,Historical
Deck,Fnjth6fbj7m7fym5cc1uf,decks/fnJth6Fbj7M7fYM5CC1Uf.webp,Fnjth6fbj7m7fym5cc1uf/deck,300,420,Historical
Deck,Fnsamluy,decks/FNsAmlUY_-2DlKl1fUDQ7.webp,Fnsamluy/deck,300,420,Historical
Deck,Fokajnfyzmbsrhvljr0o7,decks/fOKajnfyzmbsRHvLJR0O7.webp,Fokajnfyzmbsrhvljr0o7/deck,300,420,Historical
Deck,Fpmv32wj4ttxvu,decks/FpmV32WJ4tTXVU-yZ8vdY.webp,Fpmv32wj4ttxvu/deck,300,420,Historical
Deck,Fq4d,decks/Fq4d_LyPhgWAqkJCFxWvZ.webp,Fq4d/deck,300,420,Historical
Deck,Fqtcnofqr,decks/fqtcnofqr-RU3KScZ7mwb.webp,Fqtcnofqr/deck,300,420,Historical
Deck,Fqzqpul4zadnsoyxd8oa6,decks/FQZqPul4zadnSOyxd8OA6.webp,Fqzqpul4zadnsoyxd8oa6/deck,300,420,Historical
Deck,Fr,decks/fr-zf4b55WWXorzpE2TjL.webp,Fr/deck,300,420,Historical
Deck,Frawnazemfyhyn,decks/FRAwNAzemfyHYN__gpmBm.webp,Frawnazemfyhyn/deck,300,420,Historical
Deck,Fri9w8n0xppnrflxfmp,decks/Fri9w8N0XppNrFlxfmP-1.webp,Fri9w8n0xppnrflxfmp/deck,300,420,Historical
Deck,Frk4sjkjfhefwek5jocwf,decks/frK4SjKJfHEFwek5JocWf.webp,Frk4sjkjfhefwek5jocwf/deck,300,420,Historical
Deck,Froqti7tnllgwdcomnptz,decks/FROqtI7tNLLGWdCOMNPtZ.webp,Froqti7tnllgwdcomnptz/deck,300,420,Historical
Deck,Fruakuo5nus,decks/fRuakUo5NUs-ATLiwyEXR.png,Fruakuo5nus/deck,300,420,Historical
Deck,Frxcysnvsja51kq8iigjt,decks/fRXcYSnVsjA51kQ8iIGjT.webp,Frxcysnvsja51kq8iigjt/deck,300,420,Historical
Deck,Fsi,decks/fsi_117U5vJ1V7NkYmDsj.webp,Fsi/deck,300,420,Historical
Deck,Fsv7wvddir3k2iattx9h7,decks/FSV7wVDdir3K2IaTtx9h7.webp,Fsv7wvddir3k2iattx9h7/deck,300,420,Historical
Deck,Ftcinbb4oomngh,decks/FTcInBb4oOMNGh_XfljJv.webp,Ftcinbb4oomngh/deck,300,420,Historical
Deck,Fto6zrnquygjvx2iz7oe,decks/ftO6zRNquyGjvX2Iz7OE_.webp,Fto6zrnquygjvx2iz7oe/deck,300,420,Historical
Deck,Fua3ijcp1mof,decks/FUA3iJCp1moF_xFPHnNXM.webp,Fua3ijcp1mof/deck,300,420,Historical
Deck,Fucweczd4ilunt3,decks/FuCWEcZD4ilunt3-MnYaD.webp,Fucweczd4ilunt3/deck,300,420,Historical
Deck,Fvecsj1cgatet3bz5zh66,decks/fVECsJ1cgaTET3BZ5zh66.webp,Fvecsj1cgatet3bz5zh66/deck,300,420,Historical
Deck,Fvsvey9jv9cykvenl6m6n,decks/fVSvEy9JV9CykVEnL6M6n.webp,Fvsvey9jv9cykvenl6m6n/deck,300,420,Historical
Deck,Fwzmlp1clmqbju1oqbkm2,decks/FwzMLP1ClMqbJU1oqbkm2.webp,Fwzmlp1clmqbju1oqbkm2/deck,300,420,Historical
Deck,Fy,decks/FY_17xGC_Cl9Vm68btcGa.webp,Fy/deck,300,420,Historical
Deck,Fy,decks/FY_cE6FEKz6nepYQXDo-7.webp,Fy/deck,300,420,Historical
Deck,Fzdetaryttrwq1jvngcmq,decks/fZDETaRYTtRWq1JVNgCMQ.png,Fzdetaryttrwq1jvngcmq/deck,300,420,Historical
Deck,G,decks/G-W_tQ4hxMM8etHZ1TV2D.webp,G/deck,300,420,Historical
Deck,G02a,decks/G02A_Og3IqMNrw7PC6ROc.webp,G02a/deck,300,420,Historical
Deck,G0hvahzi4ukwyijlh8qwq,decks/g0HvAhzi4ukWyIjLh8QwQ.webp,G0hvahzi4ukwyijlh8qwq/deck,300,420,Historical
Deck,G0qidwnbh1u71n1guu,decks/g0qiDwNbh1u71N1Guu_bS.webp,G0qidwnbh1u71n1guu/deck,300,420,Historical
Deck,G1arkwrtk,decks/G1ArkwrtK-TxW5fPHyrLb.webp,G1arkwrtk/deck,300,420,Historical
Deck,G1usmlcrbixcyzd3avhjp,decks/G1usmlcrBixcYZd3AvhJp.webp,G1usmlcrbixcyzd3avhjp/deck,300,420,Historical
Deck,G2qnkfmmaobop5slp,decks/G2qNKfmmAOBop5Slp_e0u.webp,G2qnkfmmaobop5slp/deck,300,420,Historical
Deck,G2x8lhdeqkag5aqiazn6s,decks/g2X8lHDEqkAG5AqIazn6S.webp,G2x8lhdeqkag5aqiazn6s/deck,300,420,Historical
Deck,G30vk1mowc8icbur3wutr,decks/g30Vk1moWC8IcBur3wutr.webp,G30vk1mowc8icbur3wutr/deck,300,420,Historical
Deck,G3qztshtd,decks/G3qztsHtd_ZfKCJaFDfR6.webp,G3qztshtd/deck,300,420,Historical
Deck,G4ufhmbiaujtdxt4nwpaz,decks/g4uFHMbiAujtDXt4nWPaz.png,G4ufhmbiaujtdxt4nwpaz/deck,300,420,Historical
Deck,G4uimor0yopd6dltfgg00,decks/g4uiMoR0YOPd6dltFgg00.webp,G4uimor0yopd6dltfgg00/deck,300,420,Historical
Deck,G6v38iu8armu5myzq5pav,decks/G6V38iu8ARMU5MyZq5Pav.webp,G6v38iu8armu5myzq5pav/deck,300,420,Historical
Deck,G7eka6ea5vlrv2ipmqlkz,decks/g7EKa6ea5VlRv2iPmqLKZ.png,G7eka6ea5vlrv2ipmqlkz/deck,300,420,Historical
Deck,G7gx35zhcasrashubtwff,decks/g7gx35ZhCAsRAsHUBtwFf.webp,G7gx35zhcasrashubtwff/deck,300,420,Historical
Deck,G7saqm65npcjpbhnjyuey,decks/G7SaqM65NPCJPBhNjyueY.webp,G7saqm65npcjpbhnjyuey/deck,300,420,Historical
Deck,G7zvvacia008bvrvc,decks/G7zvVAcIa008BvrVc-Z6U.webp,G7zvvacia008bvrvc/deck,300,420,Historical
Deck,G978pk6sasccdnzyypzsr,decks/g978Pk6sASCcDNzYYPZsR.webp,G978pk6sasccdnzyypzsr/deck,300,420,Historical
Deck,Galgnnyz8hfa2bikxxtdm,decks/galgNnYZ8hFA2BIKXxTdM.webp,Galgnnyz8hfa2bikxxtdm/deck,300,420,Historical
Deck,Gbympfesnn,decks/GbyMpFesnn_8N4vr0fVRI.webp,Gbympfesnn/deck,300,420,Historical
Deck,Gcvjw2oojmk4ool0isxpm,decks/GcvJw2oOJMK4OOl0isxPm.webp,Gcvjw2oojmk4ool0isxpm/deck,300,420,Historical
Deck,Gdiaag0cdwg5hoe6scczc,decks/GDIAAG0cdWG5hOe6Scczc.webp,Gdiaag0cdwg5hoe6scczc/deck,300,420,Historical
Deck,Gdkc78874lan55frh9lls,decks/GDkC78874Lan55frH9LLs.webp,Gdkc78874lan55frh9lls/deck,300,420,Historical
Deck,Gdvzxs9u8vwrvafqtd,decks/gDvZXS9u8vwrVafqtd-GJ.webp,Gdvzxs9u8vwrvafqtd/deck,300,420,Historical
Deck,Gedwjhc2j89uic7osdp9j,decks/GedWJHc2J89uic7Osdp9J.webp,Gedwjhc2j89uic7osdp9j/deck,300,420,Historical
Deck,Gensl8bydtvnf3jmr4pfv,decks/geNSl8BYdtvNF3JMr4Pfv.webp,Gensl8bydtvnf3jmr4pfv/deck,300,420,Historical
Deck,Gftss5v9z45u6qirxj5jm,decks/gFTss5v9z45U6qIRXJ5Jm.webp,Gftss5v9z45u6qirxj5jm/deck,300,420,Historical
Deck,Gha7mti,decks/GhA7mtI-_5EUZStNj51v9.webp,Gha7mti/deck,300,420,Historical
Deck,Ghnbryf6orwu5yx92vsp9,decks/GHNbryf6oRwu5Yx92vsP9.webp,Ghnbryf6orwu5yx92vsp9/deck,300,420,Historical
Deck,Gixbyv3zlcf3oegyxjmlz,decks/gIXbyV3zLCF3oEGYXJmlz.png,Gixbyv3zlcf3oegyxjmlz/deck,300,420,Historical
Deck,Gixdmqluoreemfb7exuba,decks/GIxDmqlUorEEMfB7eXUbA.webp,Gixdmqluoreemfb7exuba/deck,300,420,Historical
Deck,Gjyk,decks/GJYK-1F1J9iEfOSWXJzH1.webp,Gjyk/deck,300,420,Historical
Deck,Gkxct3cauiwenqikuptgz,decks/gKxCT3CaUIWeNQiKuptGZ.webp,Gkxct3cauiwenqikuptgz/deck,300,420,Historical
Deck,Gmvanrva5,decks/gMvanRVa5_4dsReKVNFCj.webp,Gmvanrva5/deck,300,420,Historical
Deck,Gndmwaioivzqgkpkthpjy,decks/gnDmwAIOIvZQgKPKtHPJY.webp,Gndmwaioivzqgkpkthpjy/deck,300,420,Historical
Deck,Gnxzpazndrshtd7rotdhl,decks/gnxZpaznDRshtd7RotdhL.webp,Gnxzpazndrshtd7rotdhl/deck,300,420,Historical
Deck,Go31lbq8qew2eumx9yfzu,decks/gO31lbq8Qew2EUmx9yFzU.webp,Go31lbq8qew2eumx9yfzu/deck,300,420,Historical
Deck,Goag7mg38agtcd5x8foqc,decks/GOag7mG38AgTCD5X8FOQC.webp,Goag7mg38agtcd5x8foqc/deck,300,420,Historical
Deck,Gp7dkafb1o4tlp,decks/Gp7Dkafb1O4tlP_eTOqZZ.webp,Gp7dkafb1o4tlp/deck,300,420,Historical
Deck,Gq6s5o6kwapatj3syg77p,decks/gq6S5O6kwApaTJ3SyG77P.webp,Gq6s5o6kwapatj3syg77p/deck,300,420,Historical
Deck,Gqssz0k2mjt1kj7dox2ym,decks/Gqssz0K2MJT1kj7DOX2Ym.webp,Gqssz0k2mjt1kj7dox2ym/deck,300,420,Historical
Deck,Gt9ah0zcz,decks/Gt9ah0Zcz_mWJFkTqbjt7.webp,Gt9ah0zcz/deck,300,420,Historical
Deck,Gui,decks/GUi_CthmT75xrR1lUHQSs.webp,Gui/deck,300,420,Historical
Deck,Gupvk9tqfrgrbqjmufuo9,decks/gupVK9TQFrGrBQJmuFUO9.webp,Gupvk9tqfrgrbqjmufuo9/deck,300,420,Historical
Deck,Gv8fmt4wcsrv,decks/GV8FMT4wcSRV-xLRKJ46h.webp,Gv8fmt4wcsrv/deck,300,420,Historical
Deck,Gvc7jwnkgctyuznwri4nt,decks/GvC7JWNKgCTyUZNWRi4nT.webp,Gvc7jwnkgctyuznwri4nt/deck,300,420,Historical
Deck,Gvcrx3xlqpir8rxkexrb6,decks/gvCrx3XLqPIR8RXkexrb6.webp,Gvcrx3xlqpir8rxkexrb6/deck,300,420,Historical
Deck,Gwqmfuzdy9soe1xwallv9,decks/gwQMfuzdy9soE1xWaLlV9.webp,Gwqmfuzdy9soe1xwallv9/deck,300,420,Historical
Deck,Gxaolimydmr66cajlbme4,decks/GXaOlIMYdmr66CajlBme4.webp,Gxaolimydmr66cajlbme4/deck,300,420,Historical
Deck,Gy5ekl8izjewmgilonjyu,decks/Gy5ekl8izJewmGIlonjyu.webp,Gy5ekl8izjewmgilonjyu/deck,300,420,Historical
Deck,H,decks/H-bX_sYc8pUbhHYW4tCmJ.webp,H/deck,300,420,Historical
Deck,H,decks/H-gP6Oh2wFJgWmt66SB5s.webp,H/deck,300,420,Historical
Deck,H,decks/h-NM2MOpLI3J5BFqoVNXg.webp,H/deck,300,420,Historical
Deck,H1q7aupwvyxava7ctsba1,decks/H1q7AupwvyXAVa7cTsBa1.webp,H1q7aupwvyxava7ctsba1/deck,300,420,Historical
Deck,H2qrwrlhu99,decks/h2qRwrlhu99_GIqWKjnUF.webp,H2qrwrlhu99/deck,300,420,Historical
Deck,H2xjptwelaxn3mxgbx3md,decks/H2XJPTwElaXN3mxgbx3mD.webp,H2xjptwelaxn3mxgbx3md/deck,300,420,Historical
Deck,H2z7iwfe98umupnaczkme,decks/H2z7Iwfe98UmUpnaczkME.webp,H2z7iwfe98umupnaczkme/deck,300,420,Historical
Deck,H3c4pgcrhlr0mtxo3jn0w,decks/H3C4pGcrhLr0MtXo3jn0w.webp,H3c4pgcrhlr0mtxo3jn0w/deck,300,420,Historical
Deck,H5mz7qxtffszwsyy1bkea,decks/h5Mz7qXTFFszwSYY1BkeA.webp,H5mz7qxtffszwsyy1bkea/deck,300,420,Historical
Deck,H68qua6qoxne59mpe4j5m,decks/h68QUA6qoxnE59MPE4J5M.png,H68qua6qoxne59mpe4j5m/deck,300,420,Historical
Deck,H7c2x,decks/h7C2X_iVweVJUHVh0p0rh.webp,H7c2x/deck,300,420,Historical
Deck,H7fsvowbznns6gxxnq4yc,decks/H7FsVOwBZnnS6gxxnQ4yC.webp,H7fsvowbznns6gxxnq4yc/deck,300,420,Historical
Deck,H7lsnmyxlhe68vhtwc5x6,decks/H7lSNMYXLHe68VHtwc5x6.webp,H7lsnmyxlhe68vhtwc5x6/deck,300,420,Historical
Deck,H8hwbfyz88ljn5ibixcvf,decks/H8hwBfYZ88Ljn5ibIXCVF.webp,H8hwbfyz88ljn5ibixcvf/deck,300,420,Historical
Deck,H9wxqjey4cay7ohcvolf1,decks/H9wxqJEY4cay7ohCvOlf1.webp,H9wxqjey4cay7ohcvolf1/deck,300,420,Historical
Deck,Hadr,decks/hAdR-iTl7JeNEh5te36rR.webp,Hadr/deck,300,420,Historical
Deck,Haiqt6f7h29j,decks/Haiqt6F7H29j_dSGMysNh.webp,Haiqt6f7h29j/deck,300,420,Historical
Deck,Hbh3h,decks/Hbh3H_nPsUm-YRo7svlt9.webp,Hbh3h/deck,300,420,Historical
Deck,Hbjt0nnoiryqc6b39nswi,decks/HBjt0NNoiRyQc6B39nSWI.webp,Hbjt0nnoiryqc6b39nswi/deck,300,420,Historical
Deck,Hbjvzdn2fflqwfr,decks/hbJVZdN2fflqWfr-qKidR.webp,Hbjvzdn2fflqwfr/deck,300,420,Historical
Deck,Hcaf9nvlzhc7fiptzee8e,decks/hcaf9nvLZhC7fIPtZeE8E.webp,Hcaf9nvlzhc7fiptzee8e/deck,300,420,Historical
Deck,Hca,decks/HcA_MAgJVyUIIqNIUofGw.webp,Hca/deck,300,420,Historical
Deck,Hcxt3c6w0resgn1zi,decks/Hcxt3c6W0ResgN1ZI-z7w.webp,Hcxt3c6w0resgn1zi/deck,300,420,Historical
Deck,Herk6sibik34dn1bfuswp,decks/HErK6siBIk34DN1BFUSwP.webp,Herk6sibik34dn1bfuswp/deck,300,420,Historical
Deck,Hez0d0cnnswypl1w3eggn,decks/HeZ0d0cnnSWyPL1W3EggN.webp,Hez0d0cnnswypl1w3eggn/deck,300,420,Historical
Deck,Hfix6kizxiaqwthmuwmhq,decks/hFiX6KizXiAQWthmUWMhq.webp,Hfix6kizxiaqwthmuwmhq/deck,300,420,Historical
Deck,Hg9qlvgfyo1frtghz,decks/Hg9qlVGFyO1FRTghz-eMf.webp,Hg9qlvgfyo1frtghz/deck,300,420,Historical
Deck,Hgobcqwi7amtm91yrpbso,decks/HGObcQWI7AmTM91YRpBSo.webp,Hgobcqwi7amtm91yrpbso/deck,300,420,Historical
Deck,Hgzhv1a7b02uchkxlu8y6,decks/hGZHv1A7b02UcHKXlu8y6.webp,Hgzhv1a7b02uchkxlu8y6/deck,300,420,Historical
Deck,Hheyr2ftfrmq,decks/hhEYr2ftFrMq_nWQWJV4F.webp,Hheyr2ftfrmq/deck,300,420,Historical
Deck,Hhkws3mug8soh2zb8ruaj,decks/HHKWs3MuG8SOh2zB8RuAj.webp,Hhkws3mug8soh2zb8ruaj/deck,300,420,Historical
Deck,Hiclrxe0o6eucd6m,decks/hIClRxe0O6Eucd6M-xY53.webp,Hiclrxe0o6eucd6m/deck,300,420,Historical
Deck,Hiimejxrykfwlkyybpsby,decks/HIIMEJxRykFwLkyybpSBY.webp,Hiimejxrykfwlkyybpsby/deck,300,420,Historical
Deck,Hijj,decks/hIJj-oXRSRN_DjyZr69ru.webp,Hijj/deck,300,420,Historical
Deck,Hiohn7excvd9,decks/hIOhN7EXcVd9-L_j-B6c4.webp,Hiohn7excvd9/deck,300,420,Historical
Deck,Hja2cfxiwv23qipfuo4b5,decks/HJa2cfxiWV23qipfUO4B5.webp,Hja2cfxiwv23qipfuo4b5/deck,300,420,Historical
Deck,Hjuapohfnqj80mb6tzaqn,decks/hJuapOHFNQJ80MB6tzAQN.webp,Hjuapohfnqj80mb6tzaqn/deck,300,420,Historical
Deck,Hkiothihlphfn1e4jzlr9,decks/HkIoTHIHLphfN1E4Jzlr9.webp,Hkiothihlphfn1e4jzlr9/deck,300,420,Historical
Deck,Hkj2oftldyo5uxp,decks/HKj2OFTldYO5uxp_dxRIF.webp,Hkj2oftldyo5uxp/deck,300,420,Historical
Deck,Hl65fiykunt78n6a3qasw,decks/Hl65fiyKUNT78n6a3qasW.webp,Hl65fiykunt78n6a3qasw/deck,300,420,Historical
Deck,Hlldkcyzpcfshbhjzwwr0,decks/hLLdkcyzpCfsHBHjZwwr0.webp,Hlldkcyzpcfshbhjzwwr0/deck,300,420,Historical
Deck,Hm8lsnlkgxuyc0c5gmkfn,decks/hM8lsNlKgXuyc0c5gmKFN.webp,Hm8lsnlkgxuyc0c5gmkfn/deck,300,420,Historical
Deck,Hmc00pujkwdqiwxj3smku,decks/HMC00pUJKwDqIwxj3SmKu.png,Hmc00pujkwdqiwxj3smku/deck,300,420,Historical
Deck,Hnregauyfs6galxcjtrn,decks/HNrEGAUYFs6gALXCjtrn-.webp,Hnregauyfs6galxcjtrn/deck,300,420,Historical
Deck,Ho6xwecds8fw9azgfrymt,decks/Ho6xWecdS8Fw9aZGFrymt.webp,Ho6xwecds8fw9azgfrymt/deck,300,420,Historical
Deck,Hoq,decks/HOQ-sOXfoUNQ1J47Cx8lJ.webp,Hoq/deck,300,420,Historical
Deck,Hovky5ptzndix5bfmffj1,decks/HOVky5pTZndIx5bFMFFj1.webp,Hovky5ptzndix5bfmffj1/deck,300,420,Historical
Deck,Hpmnzhgh2z4cjjdhlc,decks/HpmNZhgh2Z4cJjdhLc_Qw.webp,Hpmnzhgh2z4cjjdhlc/deck,300,420,Historical
Deck,Hq158vxxw4xgjxsbovii5,decks/hq158vxxW4XGJXSbovii5.webp,Hq158vxxw4xgjxsbovii5/deck,300,420,Historical
Deck,Hq3a7lj5bjsljfz05qwfx,decks/hq3a7lj5bJsljfZ05qwFx.webp,Hq3a7lj5bjsljfz05qwfx/deck,300,420,Historical
Deck,Hqkgc99rh7gz1yacf4,decks/HQkGc99rh7gz1YACF4_UM.webp,Hqkgc99rh7gz1yacf4/deck,300,420,Historical
Deck,Hqsanz9sci8yyg24egmpp,decks/hQsanz9scI8YYG24EgMpP.webp,Hqsanz9sci8yyg24egmpp/deck,300,420,Historical
Deck,Hqvyncrmwqg,decks/HqVYncrmwQG-vfDIYAE6L.webp,Hqvyncrmwqg/deck,300,420,Historical
Deck,Hre0l6igungfcosnki8q5,decks/hrE0l6IGUNGfCOSnKI8q5.webp,Hre0l6igungfcosnki8q5/deck,300,420,Historical
Deck,Hsrn4rpimwbhjjc1umswb,decks/hSRn4RPImWBHjJC1uMswb.webp,Hsrn4rpimwbhjjc1umswb/deck,300,420,Historical
Deck,Htpkdraqf2gta8amldn,decks/HTpkDRAqf2GtA8amlDn-4.webp,Htpkdraqf2gta8amldn/deck,300,420,Historical
Deck,Huragwzdhxmz,decks/hURAgWzdhXMZ_u1Sn_oRx.webp,Huragwzdhxmz/deck,300,420,Historical
Deck,Hv2oazse26xklxv7p0piq,decks/hV2oaZsE26XklXv7P0PiQ.webp,Hv2oazse26xklxv7p0piq/deck,300,420,Historical
Deck,Hv83kdb4fql6oluk,decks/hV83kDB4fql6OluK_sqj2.webp,Hv83kdb4fql6oluk/deck,300,420,Historical
Deck,Hvcsb4ejdw4,decks/HVcSB4eJDW4-tPUdj7hia.webp,Hvcsb4ejdw4/deck,300,420,Historical
Deck,Hvmkzvi6rdoqkzthdaxtr,decks/HvmKzVi6rdoqkZthdAXTR.webp,Hvmkzvi6rdoqkzthdaxtr/deck,300,420,Historical
Deck,Hvzsfkdezmul71llsmz,decks/hvZsfkDEZmul71LlSmz-B.webp,Hvzsfkdezmul71llsmz/deck,300,420,Historical
Deck,Hw,decks/Hw-xqs7CJv20nc1UUpaZe.webp,Hw/deck,300,420,Historical
Deck,Hwdrz,decks/HwDrz-Ce1kmqSzUQcUQbm.png,Hwdrz/deck,300,420,Historical
Deck,Hwnjonyezgbgspxgt8k4k,decks/hwNJONYEzGBGspxGT8k4k.webp,Hwnjonyezgbgspxgt8k4k/deck,300,420,Historical
Deck,Hwqbjn2luhs15lxl9ue43,decks/HwqbJN2LUhS15lxL9Ue43.webp,Hwqbjn2luhs15lxl9ue43/deck,300,420,Historical
Deck,Hx48e,decks/hX48E_mXnlsnvgsLdtamW.webp,Hx48e/deck,300,420,Historical
Deck,Hyomcct0hlksq4,decks/hYOmCcT0hLkSQ4-6QvAWL.webp,Hyomcct0hlksq4/deck,300,420,Historical
Deck,Hyywt9y5cq0,decks/hyYwT9y5cQ0-WyFQY8MWn.webp,Hyywt9y5cq0/deck,300,420,Historical
Deck,Hzh8rgmf68,decks/hzH8rGmf68_id0lLZRVcr.webp,Hzh8rgmf68/deck,300,420,Historical
Deck,H,decks/h_G0iZx89gwzMktgkpoGH.webp,H/deck,300,420,Historical
Deck,I1wxcyakcmtg1ji7ctk32,decks/i1WXCyAKCMTg1ji7Ctk32.webp,I1wxcyakcmtg1ji7ctk32/deck,300,420,Historical
Deck,I3glbdgfa3maohketg7ex,decks/i3gLbDgfA3MaohKETG7EX.webp,I3glbdgfa3maohketg7ex/deck,300,420,Historical
Deck,I6nql3codxmt,decks/i6Nql3cODxmT_gUtzx_WG.webp,I6nql3codxmt/deck,300,420,Historical
Deck,I8z5kq,decks/I8z5kq_3tcuZtIWetEZzQ.webp,I8z5kq/deck,300,420,Historical
Deck,Iblmjzhuvz0nv1dbhnyir,decks/iBLmJzhuVz0nV1dbHnyIr.webp,Iblmjzhuvz0nv1dbhnyir/deck,300,420,Historical
Deck,Ic7,decks/IC7_GLYlRW_hDbduLD4Jr.webp,Ic7/deck,300,420,Historical
Deck,Ievijuq,decks/ieVijUQ-C9s35pHjWEgFZ.webp,Ievijuq/deck,300,420,Historical
Deck,Iexo8sgmywvmplx,decks/iEXo8SGmYwvMPlx_ehoch.webp,Iexo8sgmywvmplx/deck,300,420,Historical
Deck,Ifzfhnxey,decks/IFzfhNXeY-MwIf9GnHRyI.webp,Ifzfhnxey/deck,300,420,Historical
Deck,Igcwpw6wy4opu,decks/IGCWpw6WY4oPu-AjoH790.webp,Igcwpw6wy4opu/deck,300,420,Historical
Deck,Iijzhdn,decks/IiJZHdn-raXM5wg4gDAj4.webp,Iijzhdn/deck,300,420,Historical
Deck,Ijw79fvnbrdm5b2lmvumm,decks/IJW79FVNBRDM5b2LMvUmm.webp,Ijw79fvnbrdm5b2lmvumm/deck,300,420,Historical
Deck,Ijz,decks/IJZ-AAchFZLaGLcVO_IiI.png,Ijz/deck,300,420,Historical
Deck,Ijz92m34fdp,decks/IJz92M34fdp-jCcy1EMIE.webp,Ijz92m34fdp/deck,300,420,Historical
Deck,Ikqoa6motaipyg5qegyaj,decks/IKqOa6MOTaipyG5qEGyAj.webp,Ikqoa6motaipyg5qegyaj/deck,300,420,Historical
Deck,Ildknuf,decks/ildknUF_12a15pdfcX6IY.png,Ildknuf/deck,300,420,Historical
Deck,Ilmrkjcuhtcradzbpk,decks/ILmRkJcUhTcrAdZbpK-8x.png,Ilmrkjcuhtcradzbpk/deck,300,420,Historical
Deck,Ilsnf1sj,decks/ILsnF1SJ_-m9iG9aq1h98.webp,Ilsnf1sj/deck,300,420,Historical
Deck,Imy6pmaroue6vjyssgpq8,decks/IMy6pMArOUe6vjysSGPq8.webp,Imy6pmaroue6vjyssgpq8/deck,300,420,Historical
Deck,Iodynhgdc6febyokjg2u,decks/iOdynhGdc6fEBYOkjg2u-.webp,Iodynhgdc6febyokjg2u/deck,300,420,Historical
Deck,Ipaked,decks/IPakEd-Z5GQTF6JQ3Bpbp.png,Ipaked/deck,300,420,Historical
Deck,Ipjeh4lefywmw7i,decks/IpJEH4lefYwmW7I-nRhLf.webp,Ipjeh4lefywmw7i/deck,300,420,Historical
Deck,Ipsjrw3xdlw76mqxgq3xg,decks/iPsJRW3xDlw76mQxGQ3Xg.webp,Ipsjrw3xdlw76mqxgq3xg/deck,300,420,Historical
Deck,Ipxvbbk5yqagtiztk7oly,decks/IPXVbBk5YqaGtIZTk7OlY.webp,Ipxvbbk5yqagtiztk7oly/deck,300,420,Historical
Deck,Iqrex6ahggp4mwxk,decks/IqRex6AhGgP4mWXK-mVkh.webp,Iqrex6ahggp4mwxk/deck,300,420,Historical
Deck,Ispscg,decks/iSPscG_5sqg4xNQ7XPHNI.webp,Ispscg/deck,300,420,Historical
Deck,Istfihvvm8nvnx1hdqfv9,decks/istfiHvvM8nVnx1HDQfv9.webp,Istfihvvm8nvnx1hdqfv9/deck,300,420,Historical
Deck,Iu9wwa,decks/iU9WWa-Tu5eikNlsYyDGy.webp,Iu9wwa/deck,300,420,Historical
Deck,Iujpbwkamsrge53utneni,decks/IuJpBWkAMSRgE53UTnEni.webp,Iujpbwkamsrge53utneni/deck,300,420,Historical
Deck,Iusffxzep7cer3ohpoxuq,decks/iUSffxzep7ceR3ohPoXuq.webp,Iusffxzep7cer3ohpoxuq/deck,300,420,Historical
Deck,Ive3ctm,decks/iVe3CtM-BeTwnrCwapu_2.webp,Ive3ctm/deck,300,420,Historical
Deck,Ivgzwjeacrltyedczktpl,decks/iVGzWjEaCrltyEDCZKTpl.webp,Ivgzwjeacrltyedczktpl/deck,300,420,Historical
Deck,Iwdlimrnjdps8fbhcfo,decks/IWdliMRNJdPs8fbhcfO_8.png,Iwdlimrnjdps8fbhcfo/deck,300,420,Historical
Deck,Ixyx,decks/ixYx-aN0Sq76KAPM3tM9Q.webp,Ixyx/deck,300,420,Historical
Deck,I,decks/I_1FC1vRIylzK9kLO-ogW.webp,I/deck,300,420,Historical
Deck,I,decks/i_5u-R44fPv4At3tQM59C.webp,I/deck,300,420,Historical
Deck,J,decks/J-zxcnEG1O8CVBMlJC1H9.webp,J/deck,300,420,Historical
Deck,J1imxqllmwxpzcyozk,decks/j1imxqLLMwxPZCyoZK-0a.webp,J1imxqllmwxpzcyozk/deck,300,420,Historical
Deck,J272iscgkmmh69u,decks/j272IsCGKMmH69U_h2m8b.webp,J272iscgkmmh69u/deck,300,420,Historical
Deck,J44hsozdgckjif7f7zfis,decks/J44hsOzDgckJiF7F7ZfiS.webp,J44hsozdgckjif7f7zfis/deck,300,420,Historical
Deck,J5nbuneaobnmqyzvv5jec,decks/J5nBuneaOBNMqYZVv5jeC.webp,J5nbuneaobnmqyzvv5jec/deck,300,420,Historical
Deck,J7iinz9kfwvjkjk2ovd3h,decks/j7iInz9KFWVjKJK2oVD3H.webp,J7iinz9kfwvjkjk2ovd3h/deck,300,420,Historical
Deck,Janeh,decks/jAnEH-S7_7dcTbSxAbupt.webp,Janeh/deck,300,420,Historical
Deck,Jb3ombat1ebvv7ik8crfz,decks/jb3OmBaT1ebvV7IK8crfz.webp,Jb3ombat1ebvv7ik8crfz/deck,300,420,Historical
Deck,Jbfsmf7ggrp,decks/JBFsMF7GgRp_C6MPm56Vh.webp,Jbfsmf7ggrp/deck,300,420,Historical
Deck,Jcx76vowar9fdvc,decks/JCx76VOwAr9fDVC_ND6TC.webp,Jcx76vowar9fdvc/deck,300,420,Historical
Deck,Jdnhgaugc9zqndreaxgcr,decks/jdNHgAUGc9ZqNdReaXgcR.webp,Jdnhgaugc9zqndreaxgcr/deck,300,420,Historical
Deck,Jdxwyooqwns82rv8yzgei,decks/JdxwYooqWNS82rv8YzgeI.webp,Jdxwyooqwns82rv8yzgei/deck,300,420,Historical
Deck,Je8vnegmdylx587uours1,decks/jE8VnEGMDyLx587uOurs1.webp,Je8vnegmdylx587uours1/deck,300,420,Historical
Deck,Jfgeeyhzco3gdj4ye300j,decks/JfGeEyhZco3gdJ4ye300j.webp,Jfgeeyhzco3gdj4ye300j/deck,300,420,Historical
Deck,Jipottcvrm,decks/JIpOttCvrm-NCka3ft5-v.webp,Jipottcvrm/deck,300,420,Historical
Deck,Jjroholqssgmwgmjgcxsz,decks/jJRoHOLQsSGMwGmjGcxsz.webp,Jjroholqssgmwgmjgcxsz/deck,300,420,Historical
Deck,Jjxs1gpk2nf6,decks/jJxS1gPK2Nf6_KuG-ztRh.webp,Jjxs1gpk2nf6/deck,300,420,Historical
Deck,Jlt0iwb84b3,decks/jLT0Iwb84b3-xClJP2oSw.webp,Jlt0iwb84b3/deck,300,420,Historical
Deck,Jmdrbclbye0nwlsr,decks/JmdrBClBye0nWLSR-9NKU.webp,Jmdrbclbye0nwlsr/deck,300,420,Historical
Deck,Jmkhym4rh75mo2hjetvo0,decks/jMKhYm4rh75mo2HJETvo0.webp,Jmkhym4rh75mo2hjetvo0/deck,300,420,Historical
Deck,Jmlmjapyc33nh8t9y7w4j,decks/jMlmJapyc33nH8t9Y7W4j.webp,Jmlmjapyc33nh8t9y7w4j/deck,300,420,Historical
Deck,Jmx1wep4b1dpard8qwx1s,decks/jmx1wep4b1DPaRd8qwX1S.webp,Jmx1wep4b1dpard8qwx1s/deck,300,420,Historical
Deck,Jn7vdwlfrr,decks/Jn7vDWlFrr-jhOFFby-mn.webp,Jn7vdwlfrr/deck,300,420,Historical
Deck,Jnxiadwzksb,decks/jnxIADWzKsB-J-jJoSgNt.webp,Jnxiadwzksb/deck,300,420,Historical
Deck,Jo6dwkhbrxbgjwpahx7ta,decks/jo6DWKHBRXbGJwpahX7ta.webp,Jo6dwkhbrxbgjwpahx7ta/deck,300,420,Historical
Deck,Jrcvaqibto7jdnaswke71,decks/JrcvaqibTo7jDNAsWKE71.webp,Jrcvaqibto7jdnaswke71/deck,300,420,Historical
Deck,Jrqwubz0xox6vjysbxfon,decks/JRQwuBZ0xoX6vjysbXfON.webp,Jrqwubz0xox6vjysbxfon/deck,300,420,Historical
Deck,Jryeyxqhkdgge0ypjj4cv,decks/JRyEYxQHKdGGE0ypJJ4cV.webp,Jryeyxqhkdgge0ypjj4cv/deck,300,420,Historical
Deck,Jtdnoy8y4y6bnvmjaywtw,decks/jTDnOy8Y4y6BnVMJayWTW.webp,Jtdnoy8y4y6bnvmjaywtw/deck,300,420,Historical
Deck,Jtjfduzd6yiwqkdwvssxj,decks/JtJFDUZd6yIwQkDWVSSXj.webp,Jtjfduzd6yiwqkdwvssxj/deck,300,420,Historical
Deck,Jv5flehrl52enhubishie,decks/jv5fLeHrL52eNhuBISHie.webp,Jv5flehrl52enhubishie/deck,300,420,Historical
Deck,Jvlir75n,decks/JVLIR75n_WAqqKlB7vdT5.webp,Jvlir75n/deck,300,420,Historical
Deck,Jvqw,decks/JVqW_q9gm5a4DNZTIazO5.webp,Jvqw/deck,300,420,Historical
Deck,Jwadoc3yhfixxoi1gqhms,decks/JWADoC3yhFiXXOI1gQhMs.webp,Jwadoc3yhfixxoi1gqhms/deck,300,420,Historical
Deck,Jwv7nplszfll,decks/JwV7NpLSZfLl_si19Nq7z.webp,Jwv7nplszfll/deck,300,420,Historical
Deck,Jwwuioag3sujjf7kxbpdu,decks/jwWuIOAG3suJjf7KxbPdu.webp,Jwwuioag3sujjf7kxbpdu/deck,300,420,Historical
Deck,Jyrzqngtay1dbkvvbpamu,decks/JyrZQngTAy1DbKvvBPaMU.webp,Jyrzqngtay1dbkvvbpamu/deck,300,420,Historical
Deck,J,decks/J_UcmqMstuOa08e5vLEFO.webp,J/deck,300,420,Historical
Deck,J,decks/j_w3_EKE0CstC96rUWaF-.webp,J/deck,300,420,Historical
Deck,J,decks/j_WUcHjvd89JEEzK97MwI.webp,J/deck,300,420,Historical
Deck,K,decks/K-COKV71z7oL1ZbOKcMKT.webp,K/deck,300,420,Historical
Deck,K,decks/K-roL1d66lEJtuWLuayIG.webp,K/deck,300,420,Historical
Deck,K,decks/K-T70Fh6ygr5ohjhj0rEr.webp,K/deck,300,420,Historical
Deck,K1mvw2gg26gxbfo3vvt,decks/k1MVW2GG26gxbFO3vvT-N.webp,K1mvw2gg26gxbfo3vvt/deck,300,420,Historical
Deck,K2qaaxxpws660jwkppzs,decks/k2QaaxxPwS660jwKPPzS-.webp,K2qaaxxpws660jwkppzs/deck,300,420,Historical
Deck,K3z9i6kzfwcimu3sqiq0d,decks/k3Z9i6kzFWCiMu3sQIQ0d.webp,K3z9i6kzfwcimu3sqiq0d/deck,300,420,Historical
Deck,K4xj6r8r2qlfwxs0xhhzx,decks/K4xJ6R8r2QLfWxS0XHHZX.webp,K4xj6r8r2qlfwxs0xhhzx/deck,300,420,Historical
Deck,K6hidtup8azmp,decks/K6hIDTup8azmp_pUP9E3A.webp,K6hidtup8azmp/deck,300,420,Historical
Deck,K6qeeywnmznjxitchztwi,decks/k6QeEYwNmzNJXItchzTwi.png,K6qeeywnmznjxitchztwi/deck,300,420,Historical
Deck,K6y4ewzurgelxj1btseyb,decks/k6Y4eWzUrgElxJ1bTSEyB.webp,K6y4ewzurgelxj1btseyb/deck,300,420,Historical
Deck,K7okdyxyhrgxv2hrxmetv,decks/K7OKDyXyhRGXV2HrXMetV.webp,K7okdyxyhrgxv2hrxmetv/deck,300,420,Historical
Deck,Ka,decks/kA-_xR9tkSkZBJzf1RwF2.webp,Ka/deck,300,420,Historical
Deck,Kat5fbrgnyooolbnh3ihj,decks/kAt5fbRGnyOOoLbnH3IHj.webp,Kat5fbrgnyooolbnh3ihj/deck,300,420,Historical
Deck,Kbpchc98x9ruerf8i91af,decks/KbPcHc98X9rUerf8I91aF.webp,Kbpchc98x9ruerf8i91af/deck,300,420,Historical
Deck,Kbvjfjx8qavfhsqmm8g6y,decks/kBvJfJX8qAvFHSQMm8g6y.png,Kbvjfjx8qavfhsqmm8g6y/deck,300,420,Historical
Deck,Kb,decks/Kb_FR2fj8m2Ln9rTh36AQ.webp,Kb/deck,300,420,Historical
Deck,Kcuosmlkjcj7s0er9ieex,decks/KCUosMLkjcJ7s0er9ieeX.webp,Kcuosmlkjcj7s0er9ieex/deck,300,420,Historical
Deck,Kdvavfkq7,decks/kdvAvFkq7_JZT5ivdgvvA.webp,Kdvavfkq7/deck,300,420,Historical
Deck,Kdxumqy2whlztqvurenot,decks/KdxUMqY2WHLZTqvUreNOT.webp,Kdxumqy2whlztqvurenot/deck,300,420,Historical
Deck,Kedfhoa7jo,decks/KEDFHOa7jo-NxTMyQU4Oa.webp,Kedfhoa7jo/deck,300,420,Historical
Deck,Kfkwdzkni9qm6k2k5uqmc,decks/kfkWDzKNi9QM6K2k5Uqmc.webp,Kfkwdzkni9qm6k2k5uqmc/deck,300,420,Historical
Deck,Kfniufrg1ztyggf2vpqlc,decks/KFniufRG1zTYggf2VpQLc.webp,Kfniufrg1ztyggf2vpqlc/deck,300,420,Historical
Deck,Kfpzjjr5minne5ts,decks/kFpZJjR5MINNE5Ts-JtXm.webp,Kfpzjjr5minne5ts/deck,300,420,Historical
Deck,Kg93tomcnxngwd106ki6b,decks/KG93tomCnXNGwD106ki6b.webp,Kg93tomcnxngwd106ki6b/deck,300,420,Historical
Deck,Kgk6gv,decks/kGk6gv_W5xhZ5x7jLQ_sA.webp,Kgk6gv/deck,300,420,Historical
Deck,Kh1gimmpn1urfpjlkff7b,decks/KH1gimmPN1URFpJLKfF7b.webp,Kh1gimmpn1urfpjlkff7b/deck,300,420,Historical
Deck,Khh2bu85z6phbagoxh7ev,decks/kHh2Bu85Z6pHBAGoXH7EV.webp,Khh2bu85z6phbagoxh7ev/deck,300,420,Historical
Deck,Kimkaqv0abitdywekefpb,decks/KimkaQv0abiTdYWEKeFPb.webp,Kimkaqv0abitdywekefpb/deck,300,420,Historical
Deck,Kinfrhe7hjbydjgueunpc,decks/kiNfRhe7HJBYDjgueUnPc.webp,Kinfrhe7hjbydjgueunpc/deck,300,420,Historical
Deck,Kiqdzz,decks/kIqDzz-Q00UDTGATlKfFZ.webp,Kiqdzz/deck,300,420,Historical
Deck,Kiwkhedvvtlzfh6mxeosv,decks/kiwkHeDvVtlZfH6mXEoSV.webp,Kiwkhedvvtlzfh6mxeosv/deck,300,420,Historical
Deck,Kixtdtpcfruz0rjbidovf,decks/kiXTdTPCFRUZ0RJbiDovf.webp,Kixtdtpcfruz0rjbidovf/deck,300,420,Historical
Deck,Kjj1b3i2aua2swoo,decks/Kjj1B3I2AUa2SWOo-cMtr.webp,Kjj1b3i2aua2swoo/deck,300,420,Historical
Deck,Kks,decks/kKS_WbKKk3xwUnG9ExqPm.webp,Kks/deck,300,420,Historical
Deck,Km5,decks/kM5-2Yxx3lQfgT8GZyrp7.webp,Km5/deck,300,420,Historical
Deck,Kmbfeb9u3sievnj3h6nl3,decks/kmBFeB9U3SiEvNj3h6NL3.webp,Kmbfeb9u3sievnj3h6nl3/deck,300,420,Historical
Deck,Kmj1lz9divvxfipwl3pao,decks/kmJ1lz9divvxfiPwL3pao.webp,Kmj1lz9divvxfipwl3pao/deck,300,420,Historical
Deck,Kmnvp3t4op5kygknb5hrb,decks/kMNvP3T4OP5KygKNB5Hrb.webp,Kmnvp3t4op5kygknb5hrb/deck,300,420,Historical
Deck,Kmotwj7x,decks/kMOTWj7x_npPi4v3_kbSh.webp,Kmotwj7x/deck,300,420,Historical
Deck,Kmxetklszgtqzgpinuogw,decks/KmxeTklszgtQzGPInUOgW.webp,Kmxetklszgtqzgpinuogw/deck,300,420,Historical
Deck,Knhc68pglrhg9,decks/KNhc68pgLRHG9-HAjWe9M.webp,Knhc68pglrhg9/deck,300,420,Historical
Deck,Kp4aijxi,decks/kp4aijXi-2bZvz20-RToz.webp,Kp4aijxi/deck,300,420,Historical
Deck,Kpjp,decks/KpjP_WMcoHi2D9kyd1Ke1.webp,Kpjp/deck,300,420,Historical
Deck,Kpr93n81ukjsqhqy0d9ud,decks/kPR93n81ukjSQhQY0D9UD.webp,Kpr93n81ukjsqhqy0d9ud/deck,300,420,Historical
Deck,Kq,decks/kQ-oI4koGbbE-2hz54Ygb.webp,Kq/deck,300,420,Historical
Deck,Krsnmmfwghm3biy1,decks/krSnMMFwGhm3biy1-243k.webp,Krsnmmfwghm3biy1/deck,300,420,Historical
Deck,Ks,decks/KS_Kym1Zkb7p1Eb30l0fv.webp,Ks/deck,300,420,Historical
Deck,Kt39yat3ahyfduwv,decks/kT39yAt3AHYfDuWV_0UHN.webp,Kt39yat3ahyfduwv/deck,300,420,Historical
Deck,Kumhdgvo3ipaznhherjkt,decks/KuMHDGvO3IpAZNhHErJkt.webp,Kumhdgvo3ipaznhherjkt/deck,300,420,Historical
Deck,Kurkw,decks/kURKW_2qRxAB9tjA3p6kP.webp,Kurkw/deck,300,420,Historical
Deck,Kvfdqzluolg5uln2scptv,decks/KVfdQzLUOLG5UlN2sCpTv.webp,Kvfdqzluolg5uln2scptv/deck,300,420,Historical
Deck,Kvju7dtx3qlzbg18t5ub1,decks/KVJu7dtX3QLZbG18t5ub1.webp,Kvju7dtx3qlzbg18t5ub1/deck,300,420,Historical
Deck,Kw9ij5wfnxxjqsirkgun9,decks/Kw9ij5WFnxXJqsiRKgUN9.webp,Kw9ij5wfnxxjqsirkgun9/deck,300,420,Historical
Deck,Kz9fwh6onlnrmjzr,decks/kz9fwh6onLnRMjzr-Y1tH.webp,Kz9fwh6onlnrmjzr/deck,300,420,Historical
Deck,Kze01cnc9i3jogzhzzwmt,decks/kZE01cnc9i3JoGzHzZwmT.webp,Kze01cnc9i3jogzhzzwmt/deck,300,420,Historical
Deck,L,decks/L-6rYQ0xMZG5ps1HEDcRy.webp,L/deck,300,420,Historical
Deck,L0anpa,decks/l0aNPA_6GX2XStz4J8RSr.webp,L0anpa/deck,300,420,Historical
Deck,L0sjrewtr69rbotns1neq,decks/L0sJReWTR69RboTnS1NEq.webp,L0sjrewtr69rbotns1neq/deck,300,420,Historical
Deck,L3tpvackn0zqyateigpyn,decks/L3TpvaCkn0ZQyAtEiGPyN.webp,L3tpvackn0zqyateigpyn/deck,300,420,Historical
Deck,L4avlysw1abzatu6z1z7s,decks/l4AvLySW1ABzATU6Z1Z7s.webp,L4avlysw1abzatu6z1z7s/deck,300,420,Historical
Deck,L4w9h4rhqtr44bseihb5r,decks/l4w9h4RHqtr44BSEiHb5r.png,L4w9h4rhqtr44bseihb5r/deck,300,420,Historical
Deck,L55xeh16xnlokk,decks/l55xeh16xNlokk_ncOenW.png,L55xeh16xnlokk/deck,300,420,Historical
Deck,L7vwneubirwo8o6iuuags,decks/l7vWneubirWo8o6IUUAgs.webp,L7vwneubirwo8o6iuuags/deck,300,420,Historical
Deck,L8mwu,decks/L8MWu-QhtYu-R3Y3d02Lo.webp,L8mwu/deck,300,420,Historical
Deck,L8zjovhqy3oyzsu00szqd,decks/l8ZjoVHqY3OYzSU00SzQd.webp,L8zjovhqy3oyzsu00szqd/deck,300,420,Historical
Deck,L9rm8mwi8njq4ugysmjll,decks/L9rm8mwi8njq4UgySmJll.webp,L9rm8mwi8njq4ugysmjll/deck,300,420,Historical
Deck,L9tt57o,decks/l9tt57o_CnKf0wddK4X-2.webp,L9tt57o/deck,300,420,Historical
Deck,Latqj80c9gttebj4ypkv5,decks/LATQJ80c9gTTEbJ4Ypkv5.webp,Latqj80c9gttebj4ypkv5/deck,300,420,Historical
Deck,Lb,decks/lB_wRdJ7O6vaMggLV7Myp.webp,Lb/deck,300,420,Historical
Deck,Lfgia0pohzgnhnnf9jjof,decks/LFGia0pOHzgnhnnF9JJOF.webp,Lfgia0pohzgnhnnf9jjof/deck,300,420,Historical
Deck,Lgfbmsjmj9ysbkbdg0rif,decks/lgFbMSjmJ9YsBKBdG0RIf.webp,Lgfbmsjmj9ysbkbdg0rif/deck,300,420,Historical
Deck,Lgutu76,decks/LGUtU76_s8BECWZSlO8Fp.webp,Lgutu76/deck,300,420,Historical
Deck,Ljgj2ymnhvpvk1ztuviho,decks/lJgJ2yMNhvpvK1ztuviho.webp,Ljgj2ymnhvpvk1ztuviho/deck,300,420,Historical
Deck,Lj,decks/lj_SILudFZ155b8FO-NyB.png,Lj/deck,300,420,Historical
Deck,Lkgzxf2kqubdagfvsz1ku,decks/lKGzXF2kQuBdagfvsz1KU.webp,Lkgzxf2kqubdagfvsz1ku/deck,300,420,Historical
Deck,Llg9mx2szxiotlxcpwsg8,decks/llg9mx2SzxiOtlXcPwSG8.webp,Llg9mx2szxiotlxcpwsg8/deck,300,420,Historical
Deck,Lllmkqxxvjy4dnbcxpnj4,decks/lLlMKqxxvjY4dnbCxPnj4.webp,Lllmkqxxvjy4dnbcxpnj4/deck,300,420,Historical
Deck,Llydje6kjntmr3l6fmwnn,decks/lLYDje6kJNTMr3L6fMwNN.webp,Llydje6kjntmr3l6fmwnn/deck,300,420,Historical
Deck,Lm0wkzh55ur5v5kkqzgjz,decks/lM0WKzH55Ur5v5KkqZgjZ.webp,Lm0wkzh55ur5v5kkqzgjz/deck,300,420,Historical
Deck,Lmkhh4wjqty7ydq5fddy9,decks/lMKHH4wJqTY7ydQ5FDDy9.webp,Lmkhh4wjqty7ydq5fddy9/deck,300,420,Historical
Deck,Lnvms4bdilqe2viglztvf,decks/LnVmS4bdiLqE2viGLZtvf.webp,Lnvms4bdilqe2viglztvf/deck,300,420,Historical
Deck,Lo0qn3c7ob,decks/lo0qN3c7Ob_rEtQMyYd-l.webp,Lo0qn3c7ob/deck,300,420,Historical
Deck,Lpxxqdiykqjcpwj8zoof,decks/lPXXQDIYkQjcpwj8zOOF_.webp,Lpxxqdiykqjcpwj8zoof/deck,300,420,Historical
Deck,Lq6m1g104ajncklfl7vo5,decks/LQ6m1g104AjNCkLFl7vO5.webp,Lq6m1g104ajncklfl7vo5/deck,300,420,Historical
Deck,Lqbqqgu7hvan2cthiibvg,decks/LQBqQGu7HVAN2CtHiiBvG.png,Lqbqqgu7hvan2cthiibvg/deck,300,420,Historical
Deck,Lqkkdwi4z3vkysmyebugy,decks/LQkKDWI4Z3vKYsMYeBugY.webp,Lqkkdwi4z3vkysmyebugy/deck,300,420,Historical
Deck,Lqqd3rqxit5e9cv9fr4y0,decks/lqqd3RQXIT5e9cv9Fr4Y0.webp,Lqqd3rqxit5e9cv9fr4y0/deck,300,420,Historical
Deck,Lqurytipakauojmvtstjj,decks/LqURYTipAKauojMVtstJJ.webp,Lqurytipakauojmvtstjj/deck,300,420,Historical
Deck,Lr,decks/Lr-9qPnvTUPtSeGoxxI_w.webp,Lr/deck,300,420,Historical
Deck,Lraqfx,decks/LrAQFX-RbZbQpWWJIlp9s.webp,Lraqfx/deck,300,420,Historical
Deck,Lruubnuppomiia7rar23w,decks/lruUbNUppoMiIA7rAR23W.webp,Lruubnuppomiia7rar23w/deck,300,420,Historical
Deck,Lrwdcstm92aq4lrggbuss,decks/LRwdCsTm92AQ4lrGGbUsS.webp,Lrwdcstm92aq4lrggbuss/deck,300,420,Historical
Deck,Lsemometxnxzp6mlxcnbr,decks/LsEmoMeTXNxZp6mLxcNbR.png,Lsemometxnxzp6mlxcnbr/deck,300,420,Historical
Deck,Lvj9vopeadgttbjcinp7d,decks/LvJ9voPeAdgTtbjciNP7d.webp,Lvj9vopeadgttbjcinp7d/deck,300,420,Historical
Deck,Lwqd0vrqus8,decks/lWQd0VrquS8_wx1ChOu0R.webp,Lwqd0vrqus8/deck,300,420,Historical
Deck,Lwycrr5mtpszdcmhjq935,decks/LWycrR5mTPszdcMhjq935.webp,Lwycrr5mtpszdcmhjq935/deck,300,420,Historical
Deck,Lxljh5,decks/lXlJh5-4OXVtOqgf72YUf.webp,Lxljh5/deck,300,420,Historical
Deck,Lyzm2,decks/lYZM2_bQL3jjCCwUj4ILq.webp,Lyzm2/deck,300,420,Historical
Deck,Ly,decks/Ly_Dx8ATHwTKTZWmHWEWi.webp,Ly/deck,300,420,Historical
Deck,Lzn4zbvhbytibhlvhpgrl,decks/lzn4zBvHbyTibHlvhpGrl.webp,Lzn4zbvhbytibhlvhpgrl/deck,300,420,Historical
Deck,L,decks/L_aLpO2FvTQm-yQ3LjyCZ.webp,L/deck,300,420,Historical
Deck,M01dib04cifqa28p8e,decks/m01Dib04cIfqA28P8E-nU.webp,M01dib04cifqa28p8e/deck,300,420,Historical
Deck,M2ladhfuj0qjo,decks/m2LAdhFuj0QJo-paWNrw6.webp,M2ladhfuj0qjo/deck,300,420,Historical
Deck,M3ebgcsyxlveoapfh05qw,decks/M3EBGcSYxlVEOAPfH05Qw.webp,M3ebgcsyxlveoapfh05qw/deck,300,420,Historical
Deck,M5i,decks/M5i-7JOiE9nH2q323EJGS.webp,M5i/deck,300,420,Historical
Deck,M6cbvaytbzaewjtvikpbw,decks/M6cBvaytBZAeWJTVIKPBw.webp,M6cbvaytbzaewjtvikpbw/deck,300,420,Historical
Deck,M6cvkxlnoyjeg68qawgxz,decks/m6cVkxlnOyjeG68qawGxZ.png,M6cvkxlnoyjeg68qawgxz/deck,300,420,Historical
Deck,M83bmq1ujugrmtuhfrhm1,decks/M83bmq1ujUgRMTuhFrHm1.webp,M83bmq1ujugrmtuhfrhm1/deck,300,420,Historical
Deck,M87hvx3tz4dije2hl08xg,decks/m87hvX3TZ4DIjE2HL08XG.webp,M87hvx3tz4dije2hl08xg/deck,300,420,Historical
Deck,M8ntsfvu2gx,decks/m8nTSFvU2gX-GWedp5ehA.webp,M8ntsfvu2gx/deck,300,420,Historical
Deck,Maf53ckmlelzcho3jmreg,decks/maf53cKMLeLZCho3JmReg.webp,Maf53ckmlelzcho3jmreg/deck,300,420,Historical
Deck,Maj,decks/MAj_wVl6MkTdOb2DvDolH.webp,Maj/deck,300,420,Historical
Deck,Mb2nidrbcwx,decks/mb2niDRbCwX-mmOTaa8qz.webp,Mb2nidrbcwx/deck,300,420,Historical
Deck,Mbtqelahmgwjontqn9wpd,decks/mbTqElaHmGWjOntQn9WPd.webp,Mbtqelahmgwjontqn9wpd/deck,300,420,Historical
Deck,Mdced5vfeplbbqim,decks/mdcED5VFeplBBQIM-ZFRm.webp,Mdced5vfeplbbqim/deck,300,420,Historical
Deck,Mdpx69oyy5e11i6lwdkps,decks/mDPX69OyY5e11I6lWdkpS.webp,Mdpx69oyy5e11i6lwdkps/deck,300,420,Historical
Deck,Mdwcq12hmjsfzrnsxlqer,decks/mdwcQ12hMJSfzRnsXlqer.png,Mdwcq12hmjsfzrnsxlqer/deck,300,420,Historical
Deck,Mdxxml2nus4vgj2c3fgt,decks/mdxxmL2NUs4vgJ2C3fGT_.webp,Mdxxml2nus4vgj2c3fgt/deck,300,420,Historical
Deck,Mesae1vwr7,decks/mesAe1VwR7_9SSsmyzNzu.webp,Mesae1vwr7/deck,300,420,Historical
Deck,Mfk,decks/MFk-_yPhM6jcizrUuYdYu.webp,Mfk/deck,300,420,Historical
Deck,Mgm28ookszefvkphdhtuu,decks/MGm28OoKSZefvkPhdHtuU.webp,Mgm28ookszefvkphdhtuu/deck,300,420,Historical
Deck,Mgzvkbtbgt2obfgmvt3oq,decks/MGZVKbTbGt2OBfGMVt3Oq.webp,Mgzvkbtbgt2obfgmvt3oq/deck,300,420,Historical
Deck,Mi74ujonrkxnx,decks/MI74UjoNRKxNx_5YMwEBp.webp,Mi74ujonrkxnx/deck,300,420,Historical
Deck,Miy3tlz4cabeqgmtjgv2v,decks/MIy3TLZ4cAbEQgmtJGV2v.webp,Miy3tlz4cabeqgmtjgv2v/deck,300,420,Historical
Deck,Mjgc1ialu2ke,decks/MjgC1IAlU2kE_f_DGo20C.webp,Mjgc1ialu2ke/deck,300,420,Historical
Deck,Mjizayqjglxew,decks/mJiZAYQJGlXEW-rm_2-Mg.webp,Mjizayqjglxew/deck,300,420,Historical
Deck,Mkuwbkmw6z6,decks/mKUWbKMw6Z6-JBs-Zt1on.webp,Mkuwbkmw6z6/deck,300,420,Historical
Deck,Mkvaacu7eotq7rj5jkaul,decks/mKvaaCu7eoTq7RJ5JkaUL.webp,Mkvaacu7eotq7rj5jkaul/deck,300,420,Historical
Deck,Mkvnwjpz5hebwramqw0uu,decks/mKvNwjPZ5hEbWraMqw0uu.webp,Mkvnwjpz5hebwramqw0uu/deck,300,420,Historical
Deck,Ml,decks/ML-m4XPPc76F-oWhIkqlt.webp,Ml/deck,300,420,Historical
Deck,Mlkzgfgyjy3hloncffse1,decks/MLkZgfGYJy3hLOnCFFse1.webp,Mlkzgfgyjy3hloncffse1/deck,300,420,Historical
Deck,Mlqdpogqqsw1bgabah9wn,decks/MlqDPOgqqsw1bGAbaH9Wn.webp,Mlqdpogqqsw1bgabah9wn/deck,300,420,Historical
Deck,Mq,decks/Mq_ojZd32FK4A3VB8CAXX.webp,Mq/deck,300,420,Historical
Deck,Mrea07xmwlu1hclqyocc2,decks/mREa07xmWlu1HclQYOcc2.webp,Mrea07xmwlu1hclqyocc2/deck,300,420,Historical
Deck,Mr,decks/MR_sYiTW_9Eg1tcOPDrBf.webp,Mr/deck,300,420,Historical
Deck,Msjekik5zhojx,decks/msjeKiK5zHoJx-UXVyWZi.webp,Msjekik5zhojx/deck,300,420,Historical
Deck,Msrftkqrt8dxcvks3wtdw,decks/MsrFtkqRT8DXcVKS3wtdW.webp,Msrftkqrt8dxcvks3wtdw/deck,300,420,Historical
Deck,Mt3ll7akcaazmlvlteq96,decks/mT3ll7AkCaAZmLvLTeQ96.webp,Mt3ll7akcaazmlvlteq96/deck,300,420,Historical
Deck,Mug5eqgekpvo7blzzlg2b,decks/MUg5EqgEkpVO7BlZzLg2b.png,Mug5eqgekpvo7blzzlg2b/deck,300,420,Historical
Deck,Muskpgten2xwyslg27x5j,decks/MuSKPGTEn2xWYsLG27X5J.webp,Muskpgten2xwyslg27x5j/deck,300,420,Historical
Deck,Mv5xvpgizqpm1c4ejktus,decks/mV5XVpgIZqpM1c4EjKTus.webp,Mv5xvpgizqpm1c4ejktus/deck,300,420,Historical
Deck,Mvd5p5uq5b,decks/mvd5p5Uq5b-FbQs1BsimA.webp,Mvd5p5uq5b/deck,300,420,Historical
Deck,Mwstqkhdfuiuqvactsr78,decks/mwSTqkhdfUiuqvaCtsr78.webp,Mwstqkhdfuiuqvactsr78/deck,300,420,Historical
Deck,Mxhcu2xytzaqweyo1mct0,decks/MxHcU2xYTZaqweyO1mcT0.webp,Mxhcu2xytzaqweyo1mct0/deck,300,420,Historical
Deck,Myb4spcqkohfbz1wn9o8n,decks/myB4spCQkOhfBZ1WN9O8N.webp,Myb4spcqkohfbz1wn9o8n/deck,300,420,Historical
Deck,Myovqdfm9hvav1bx6qdsm,decks/mYOVqdfM9hvAv1bx6qDsM.webp,Myovqdfm9hvav1bx6qdsm/deck,300,420,Historical
Deck,Myrmjqdgrpc60kkbqyysu,decks/myrmJQDgRPC60kKbQYysu.webp,Myrmjqdgrpc60kkbqyysu/deck,300,420,Historical
Deck,Myrytpijapgp44,decks/MyrytPIJApgp44_4bk18c.webp,Myrytpijapgp44/deck,300,420,Historical
Deck,Mysosqoejakowlmmly8g7,decks/mySoSqoEJaKOWlMMLY8G7.webp,Mysosqoejakowlmmly8g7/deck,300,420,Historical
Deck,Mzfh4n9s13lk5dxkwh0i,decks/MZfH4N9s13LK5dXKWh0I-.webp,Mzfh4n9s13lk5dxkwh0i/deck,300,420,Historical
Deck,M,decks/m_hsi7eHVu2XUL8ZoauxT.webp,M/deck,300,420,Historical
Deck,M,decks/m_XWrkFd9LL9xbL3LQAIW.png,M/deck,300,420,Historical
Deck,N,decks/N-pIVMeHHhXNS_36iHbRd.webp,N/deck,300,420,Historical
Deck,N0i32m4jnpshce5qgiaah,decks/n0i32M4JNpShcE5QGIAaH.webp,N0i32m4jnpshce5qgiaah/deck,300,420,Historical
Deck,N2cgr0mjdvlbo46dd,decks/N2cgR0MJdVlbO46Dd-W74.webp,N2cgr0mjdvlbo46dd/deck,300,420,Historical
Deck,N3u0lbdulqh04,decks/N3u0lbDULQh04_qEjT5oF.webp,N3u0lbdulqh04/deck,300,420,Historical
Deck,N44l,decks/N44l_AitKobUyBHeZYfFM.webp,N44l/deck,300,420,Historical
Deck,N47k3qtsygbhp1bsnoir2,decks/N47k3qtsyGBHp1bSNOIr2.webp,N47k3qtsygbhp1bsnoir2/deck,300,420,Historical
Deck,N6sl4emc9i4eouiv0sccq,decks/N6sL4emc9i4Eouiv0ScCQ.webp,N6sl4emc9i4eouiv0sccq/deck,300,420,Historical
Deck,N8jpnxv3c6hzh6gykjvek,decks/n8jPNxV3C6hZh6GykjVek.webp,N8jpnxv3c6hzh6gykjvek/deck,300,420,Historical
Deck,Nb,decks/nB-oYYhgaZlN8OufJztXX.webp,Nb/deck,300,420,Historical
Deck,Nceqnsnxafzny,decks/NcEQNsNXaFZny_WJeKGps.webp,Nceqnsnxafzny/deck,300,420,Historical
Deck,Ncicds7yczmjlsiqmph1h,decks/NCIcds7YCzmJLsiQmpH1H.webp,Ncicds7yczmjlsiqmph1h/deck,300,420,Historical
Deck,Ncixixcxrwpu1feqjkmwm,decks/ncixixcxRwPu1fEQJkmwM.webp,Ncixixcxrwpu1feqjkmwm/deck,300,420,Historical
Deck,Ncnenwsf,decks/nCnenWSf-vQdtzu66wMUQ.webp,Ncnenwsf/deck,300,420,Historical
Deck,Nc,decks/nC_MokLYZU2a804Ls96H-.webp,Nc/deck,300,420,Historical
Deck,Ndc166sq74xodhtncvvxs,decks/NDc166SQ74xodhtncVvXs.webp,Ndc166sq74xodhtncvvxs/deck,300,420,Historical
Deck,Nddef7wox,decks/NDdEf7wOX_9BeYBV5_Jkl.png,Nddef7wox/deck,300,420,Historical
Deck,Ndguylxcndvlqu0zjil2y,decks/NdgUyLxcnDvLqu0ZjIL2y.webp,Ndguylxcndvlqu0zjil2y/deck,300,420,Historical
Deck,Ne4zvslgo849urxntjxob,decks/NE4zvSLGO849UrxntjXOB.webp,Ne4zvslgo849urxntjxob/deck,300,420,Historical
Deck,Ne7tcj8ffp5k,decks/nE7TcJ8fFP5K__d_kIXke.webp,Ne7tcj8ffp5k/deck,300,420,Historical
Deck,Nesdv0q1laymrublewqxt,decks/NESDv0Q1LAYmruBLewqXt.webp,Nesdv0q1laymrublewqxt/deck,300,420,Historical
Deck,Nfdavxah,decks/nfDAvXAh-FWfNMkZMWyQo.webp,Nfdavxah/deck,300,420,Historical
Deck,Nfqgarzfwv,decks/nFqGarzfWv-sVaf3uexlM.webp,Nfqgarzfwv/deck,300,420,Historical
Deck,Nfyhbwxfynpthe6knax,decks/nFYHBWxFYnPtHe6knaX_l.webp,Nfyhbwxfynpthe6knax/deck,300,420,Historical
Deck,Ng7fx6bjz6l951hscdfsq,decks/nG7FX6bJz6l951hsCdfsq.webp,Ng7fx6bjz6l951hscdfsq/deck,300,420,Historical
Deck,Ngezrq6gzupdetfflp1qe,decks/ngeZrQ6gZUpdEtFFlP1qE.webp,Ngezrq6gzupdetfflp1qe/deck,300,420,Historical
Deck,Nh2wdqz43qjnrhj3gnuit,decks/nH2WDQz43QJnRhj3gNUiT.webp,Nh2wdqz43qjnrhj3gnuit/deck,300,420,Historical
Deck,Ni,decks/nI_yqdKDHh6ihNfUSODd4.webp,Ni/deck,300,420,Historical
Deck,Njqhtnxuuwjnpsjb5kqdb,decks/NjqHtNXuuWJNPSjb5kqdB.webp,Njqhtnxuuwjnpsjb5kqdb/deck,300,420,Historical
Deck,Nk6tjbahqvaveqqfqvxlt,decks/NK6tjbAhQvAVEQQFqvXlt.webp,Nk6tjbahqvaveqqfqvxlt/deck,300,420,Historical
Deck,Nmj7uny,decks/nMj7UNy_-lzk7n8o09Y5H.webp,Nmj7uny/deck,300,420,Historical
Deck,Nmkhgmnrd36zo6owxemyp,decks/nmkHGmNRD36ZO6OwxEmyp.webp,Nmkhgmnrd36zo6owxemyp/deck,300,420,Historical
Deck,Nmyr614n9trmnoiu42lox,decks/nMYR614N9trMNOiU42lOx.webp,Nmyr614n9trmnoiu42lox/deck,300,420,Historical
Deck,Nn6nsp5npgtw8rnku2ebb,decks/nN6NsP5nPGTW8rnkU2ebb.png,Nn6nsp5npgtw8rnku2ebb/deck,300,420,Historical
Deck,Novg4avtxelh61xl44kwt,decks/NovG4AVTXelh61Xl44kWt.webp,Novg4avtxelh61xl44kwt/deck,300,420,Historical
Deck,Novsp3n1gzdocg5,decks/NoVSP3N1gzdocG5_a99JT.webp,Novsp3n1gzdocg5/deck,300,420,Historical
Deck,Npwhmkfthe95jh0zpqk1r,decks/NPWHMKfThE95jh0zpqK1R.webp,Npwhmkfthe95jh0zpqk1r/deck,300,420,Historical
Deck,Nqdk0razq,decks/NQDk0raZq_A9qsFMb_pxL.webp,Nqdk0razq/deck,300,420,Historical
Deck,Nqhtc4pnx,decks/NqHTC4pNX-L1aq1lgzSm2.webp,Nqhtc4pnx/deck,300,420,Historical
Deck,Nqtvnpjwfhnq19l44ky62,decks/nQtvnpJWFhNq19L44KY62.webp,Nqtvnpjwfhnq19l44ky62/deck,300,420,Historical
Deck,Nrpkvhu3dyp,decks/NrpKvhU3DYP-pVwBfVaS2.webp,Nrpkvhu3dyp/deck,300,420,Historical
Deck,Nslagndpkjoqtnblega,decks/NslagnDPkJoqTnBLeGA-n.webp,Nslagndpkjoqtnblega/deck,300,420,Historical
Deck,Nsuklcaryvysqczisic9q,decks/nSuKLCaRYvYSQcZiSIc9q.webp,Nsuklcaryvysqczisic9q/deck,300,420,Historical
Deck,Nsyprhebbnto5xdu5sm,decks/nSyprHEBbNTo5Xdu5SM-Y.webp,Nsyprhebbnto5xdu5sm/deck,300,420,Historical
Deck,Ntkhc1f7,decks/nTKHC1f7_tiLL8FUayzSW.webp,Ntkhc1f7/deck,300,420,Historical
Deck,Nu3jnpj6e4lpt4ovbwqb9,decks/nu3JnPj6e4lpt4OVbwqB9.webp,Nu3jnpj6e4lpt4ovbwqb9/deck,300,420,Historical
Deck,Nujfv2n56,decks/NUjFV2N56_QK8N4VGLM4t.webp,Nujfv2n56/deck,300,420,Historical
Deck,Nvi9,decks/NVI9_gqDYkZWMzUzk6k3D.webp,Nvi9/deck,300,420,Historical
Deck,Nvupkqrsfnbtgcmf1sjda,decks/NVUPKQrsFnbtGcmF1sJDa.webp,Nvupkqrsfnbtgcmf1sjda/deck,300,420,Historical
Deck,Nwe71ijcn8nxlnizugv0c,decks/NWe71iJcN8NXlnizUgv0c.webp,Nwe71ijcn8nxlnizugv0c/deck,300,420,Historical
Deck,Nxbasreddhfh8h6p93vqr,decks/NXBaSREDDhFH8H6P93VqR.webp,Nxbasreddhfh8h6p93vqr/deck,300,420,Historical
Deck,Nxg,decks/Nxg_Fz26OZSfss4JERGsm.webp,Nxg/deck,300,420,Historical
Deck,Nxnyl4htwrr0vpvtmhglw,decks/nXNYL4htwrr0vpvtMhglW.webp,Nxnyl4htwrr0vpvtmhglw/deck,300,420,Historical
Deck,Nxxfuz23btdgzokd4pqgy,decks/nXXfUZ23bTDgzOkd4PqGY.webp,Nxxfuz23btdgzokd4pqgy/deck,300,420,Historical
Deck,Nzhk2vpqgx69vfxovckvn,decks/Nzhk2vpqgx69vfXovcKvN.webp,Nzhk2vpqgx69vfxovckvn/deck,300,420,Historical
Deck,Nzian,decks/nzIaN_mtwD3j7VMhxI738.webp,Nzian/deck,300,420,Historical
Deck,O,decks/o-Qa5cR-ot1T94970KoDu.webp,O/deck,300,420,Historical
Deck,O0yhirbaixcjrqgtc5z89,decks/o0yhiRbAixCjRQGtc5z89.webp,O0yhirbaixcjrqgtc5z89/deck,300,420,Historical
Deck,O2dd3h8d32jliezpxnnhc,decks/O2dD3h8D32jliezpXnnHc.webp,O2dd3h8d32jliezpxnnhc/deck,300,420,Historical
Deck,O2vpwbjar,decks/O2VPwbJAR_WcpSj4fCGpS.webp,O2vpwbjar/deck,300,420,Historical
Deck,O2,decks/O2_JGSYt-WCqkqDxhSdq9.webp,O2/deck,300,420,Historical
Deck,O4av8k2cdnfa632fsqn8c,decks/o4AV8k2CdNfa632fSQn8C.webp,O4av8k2cdnfa632fsqn8c/deck,300,420,Historical
Deck,O5e4x9eee,decks/o5E4x9EEE_ohlxnrZE6Cs.webp,O5e4x9eee/deck,300,420,Historical
Deck,O5o1yxzbce1,decks/o5O1yxZBcE1_9shQH8EyQ.webp,O5o1yxzbce1/deck,300,420,Historical
Deck,O6fnk7,decks/O6FNk7_ruX2HopEbw_a9I.webp,O6fnk7/deck,300,420,Historical
Deck,O7zfxwpibctizd1dyki6z,decks/O7zFxwpibCTIzD1dYKI6Z.webp,O7zfxwpibctizd1dyki6z/deck,300,420,Historical
Deck,O8ioqj2alw,decks/O8ioQJ2Alw_Gu5v0o4QOu.webp,O8ioqj2alw/deck,300,420,Historical
Deck,O9oclc1bzptjfzbu,decks/O9OclC1BZptJFzbu--wty.webp,O9oclc1bzptjfzbu/deck,300,420,Historical
Deck,Oafeeco9eyoatb4nwahsm,decks/oaFEeco9EyoATB4nwaHsM.webp,Oafeeco9eyoatb4nwahsm/deck,300,420,Historical
Deck,Oarri8yknua,decks/OarRi8YkNua-BCnPqH3Oz.webp,Oarri8yknua/deck,300,420,Historical
Deck,Oaympm3vk0rqijgxxp8ia,decks/oAYMpm3vK0RQiJGxXp8iA.webp,Oaympm3vk0rqijgxxp8ia/deck,300,420,Historical
Deck,Obcs8cic0kerxqqfklpdv,decks/oBCS8CiC0KErXqQFKlpdv.webp,Obcs8cic0kerxqqfklpdv/deck,300,420,Historical
Deck,Oblvurx1l,decks/OblvuRX1L_XVD5WDdAboh.webp,Oblvurx1l/deck,300,420,Historical
Deck,Obuwoj1,decks/OBuWoJ1_SONAm7gW5eYKu.webp,Obuwoj1/deck,300,420,Historical
Deck,Oc5yz2rscap3wecxfgpd8,decks/oC5YZ2RscAp3WecXfGpd8.webp,Oc5yz2rscap3wecxfgpd8/deck,300,420,Historical
Deck,Ocdma,decks/Ocdma-VPOfr2yE14_073u.webp,Ocdma/deck,300,420,Historical
Deck,Ocu2so6rfd0sut0oqsc3s,decks/OcU2sO6rFD0sut0OQSc3s.webp,Ocu2so6rfd0sut0oqsc3s/deck,300,420,Historical
Deck,Odlq3fgvrxiuo,decks/odlQ3FgVrxIuo_xmzAIvJ.webp,Odlq3fgvrxiuo/deck,300,420,Historical
Deck,Ofta6,decks/OFta6_Uqqah1tMm6o8vUs.webp,Ofta6/deck,300,420,Historical
Deck,Og0izz4v53tkrlfjtjl7s,decks/og0Izz4v53tkRLfJtjL7s.webp,Og0izz4v53tkrlfjtjl7s/deck,300,420,Historical
Deck,Ogdkk,decks/OGdKk-Q5euituX_25VYHM.webp,Ogdkk/deck,300,420,Historical
Deck,Ogfti3u6hownqptos,decks/OGFti3U6hoWnqptOS-kTC.webp,Ogfti3u6hownqptos/deck,300,420,Historical
Deck,Oh8lxj0ozvxdguhuw2oho,decks/oH8lxj0ozvXdGuhUW2OhO.webp,Oh8lxj0ozvxdguhuw2oho/deck,300,420,Historical
Deck,Ohrdtftvusw8h1vk,decks/ohrdTFtVusW8h1Vk-tKD6.webp,Ohrdtftvusw8h1vk/deck,300,420,Historical
Deck,Oj5,decks/OJ5-928DVbFYMUVT8rWYC.webp,Oj5/deck,300,420,Historical
Deck,Ojdcsbnivj3cvt3jzs84k,decks/OJDcsBNIvJ3CvT3Jzs84k.webp,Ojdcsbnivj3cvt3jzs84k/deck,300,420,Historical
Deck,Ojthj5hgn8rcvvmkmeb,decks/ojThj5Hgn8RcVvMKMeb-G.webp,Ojthj5hgn8rcvvmkmeb/deck,300,420,Historical
Deck,Ojwnizcqnvxxlpa5kojf9,decks/OjWniZcqNvxXlpa5KOjf9.webp,Ojwnizcqnvxxlpa5kojf9/deck,300,420,Historical
Deck,Ojyfudonggcikmcgnrkmh,decks/ojYfUDOnggCikmcgNrKMh.webp,Ojyfudonggcikmcgnrkmh/deck,300,420,Historical
Deck,Okokeh9gdajau,decks/okOkeh9GDajAu_W6fD2VP.webp,Okokeh9gdajau/deck,300,420,Historical
Deck,Omnvsykkdgb9yos,decks/OMNVSykkDGb9yOS_5yxmI.webp,Omnvsykkdgb9yos/deck,300,420,Historical
Deck,Omusf,decks/OMusf_JMit49MVXbQ-KWU.webp,Omusf/deck,300,420,Historical
Deck,Oplf8mkyaphqkjyndk3ox,decks/OPLf8MkyAphQKJYNDk3ox.webp,Oplf8mkyaphqkjyndk3ox/deck,300,420,Historical
Deck,Oqkapxgu2sp6iu,decks/OQkaPXGu2SP6Iu_G7wDZZ.webp,Oqkapxgu2sp6iu/deck,300,420,Historical
Deck,Orpfo5sc7wuu,decks/ORpfO5sc7wUU_6t9-c59X.webp,Orpfo5sc7wuu/deck,300,420,Historical
Deck,Os,decks/os--kq7ybewh7Db9l2kE9.webp,Os/deck,300,420,Historical
Deck,Os97rtobo2gecciloxe4j,decks/Os97RtObO2GeCcIlOXE4j.webp,Os97rtobo2gecciloxe4j/deck,300,420,Historical
Deck,Oshtme04xbxrvh1ltkbuv,decks/oShTme04XBxRVh1LTKbUV.webp,Oshtme04xbxrvh1ltkbuv/deck,300,420,Historical
Deck,Ossrdkkaqoh2shr4dh6hr,decks/OsSrDKKaQoH2Shr4dh6hR.webp,Ossrdkkaqoh2shr4dh6hr/deck,300,420,Historical
Deck,Osuk7hl4nrpleygzizstb,decks/osuk7hL4NrPLeygziZsTB.webp,Osuk7hl4nrpleygzizstb/deck,300,420,Historical
Deck,Ouw6zd,decks/ouW6zD-4eiSKsw1H4mjDQ.webp,Ouw6zd/deck,300,420,Historical
Deck,Ov6fgyfgq5t0mnsvvwsw1,decks/ov6fgYfgq5T0mnSVVwsw1.webp,Ov6fgyfgq5t0mnsvvwsw1/deck,300,420,Historical
Deck,Ovbra4hezdlbioobnuiio,decks/oVbRA4HeZdLbiOobnuiIo.png,Ovbra4hezdlbioobnuiio/deck,300,420,Historical
Deck,Ovpcqrdcfephp5c0kuno5,decks/oVPCqrDcFepHp5c0kUNO5.webp,Ovpcqrdcfephp5c0kuno5/deck,300,420,Historical
Deck,Ovtmezf7mmgw2qdsr,decks/oVTMEzf7MMgw2qDsr-9Aq.webp,Ovtmezf7mmgw2qdsr/deck,300,420,Historical
Deck,Ow5e1zjncnniwbtdaqlby,decks/oW5E1ZjncnnIWBtdaQlBy.webp,Ow5e1zjncnniwbtdaqlby/deck,300,420,Historical
Deck,Oxrfnqkf5hnghls2i8lz,decks/OxrfNqKf5hngHLS2i8lZ_.webp,Oxrfnqkf5hnghls2i8lz/deck,300,420,Historical
Deck,Oyqzu,decks/oYQZu_R1MV3NFB_K-2I-f.webp,Oyqzu/deck,300,420,Historical
Deck,P1v,decks/P1V-QkRNJcYVhvl-y9YTP.webp,P1v/deck,300,420,Historical
Deck,P5mkuysafv7t2ehkx3ndf,decks/p5MKuySaFv7T2EHKx3NDf.webp,P5mkuysafv7t2ehkx3ndf/deck,300,420,Historical
Deck,P6yixnjrmcvdy3a8db7ly,decks/p6YixnJRmCvDy3a8DB7Ly.webp,P6yixnjrmcvdy3a8db7ly/deck,300,420,Historical
Deck,Pafjtafmjrdtosfekdbxs,decks/pAfjtAfmjrdToSfekDBXS.webp,Pafjtafmjrdtosfekdbxs/deck,300,420,Historical
Deck,Pah8fknbdzsydnmaqsmzu,decks/paH8fKnbdzsYdnMAQsmZu.webp,Pah8fknbdzsydnmaqsmzu/deck,300,420,Historical
Deck,Pakf9dswi6nhocihzhvmo,decks/Pakf9DSwi6nhocIhzHvmo.webp,Pakf9dswi6nhocihzhvmo/deck,300,420,Historical
Deck,Pattyuc7oid,decks/pATtyUC7oID-yiF-6G23f.webp,Pattyuc7oid/deck,300,420,Historical
Deck,Pc026cusew58oov1kkdpv,decks/pc026CUSEW58OOv1KkdPv.webp,Pc026cusew58oov1kkdpv/deck,300,420,Historical
Deck,Pcskdcsm4ykysyt8i,decks/pcSkdcsM4yKySYT8I_fyQ.webp,Pcskdcsm4ykysyt8i/deck,300,420,Historical
Deck,Pd1xist9swwyiql,decks/pD1xIST9SWWYIQL_CcJTt.webp,Pd1xist9swwyiql/deck,300,420,Historical
Deck,Pdcso7bem048fw1phdaiv,decks/Pdcso7bEm048FW1PHDaiv.webp,Pdcso7bem048fw1phdaiv/deck,300,420,Historical
Deck,Pehk8hwusimt,decks/Pehk8HWusiMt_uAGwMSR9.webp,Pehk8hwusimt/deck,300,420,Historical
Deck,Peqz5j,decks/PEqz5J-CNdEtJjTm1CSnZ.webp,Peqz5j/deck,300,420,Historical
Deck,Pfcxddc0qk86obvf66omv,decks/pFCxDDC0qK86obvF66oMV.webp,Pfcxddc0qk86obvf66omv/deck,300,420,Historical
Deck,Pfvslhgixhf9guwwazxca,decks/pfVslHGiXhF9guWWazxca.webp,Pfvslhgixhf9guwwazxca/deck,300,420,Historical
Deck,Pgygqsy9o1pib8br,decks/pGYGQSy9O1PiB8BR-6WEP.webp,Pgygqsy9o1pib8br/deck,300,420,Historical
Deck,Phft0wbvv8uwoh7zggpxp,decks/phFt0WBVv8uwOH7ZggPxp.webp,Phft0wbvv8uwoh7zggpxp/deck,300,420,Historical
Deck,Phnutkss9qyef8hroohx6,decks/pHnUTKsS9QYef8HrooHX6.webp,Phnutkss9qyef8hroohx6/deck,300,420,Historical
Deck,Pir5t6dj,decks/pIr5t6Dj-iMqes8nVZKs_.webp,Pir5t6dj/deck,300,420,Historical
Deck,Piveap9ohmhlquoghlt44,decks/PIVEaP9OhMHLQuOGHlT44.webp,Piveap9ohmhlquoghlt44/deck,300,420,Historical
Deck,Pivuhposcarj0g0iagped,decks/pIVuhposCArJ0G0IaGped.webp,Pivuhposcarj0g0iagped/deck,300,420,Historical
Deck,Pkpldjafw802mfitqsn,decks/PKpLdJafW802mFItqsn_u.webp,Pkpldjafw802mfitqsn/deck,300,420,Historical
Deck,Pm42ywlyomleobikctnl1,decks/pM42yWlyomLEObIkCtnL1.webp,Pm42ywlyomleobikctnl1/deck,300,420,Historical
Deck,Pm9c38p3,decks/Pm9C38p3-uf2TLKXGijk2.webp,Pm9c38p3/deck,300,420,Historical
Deck,Pmer,decks/pmeR-m-RMmayJnFtEpY6T.webp,Pmer/deck,300,420,Historical
Deck,Pmmvkf03nerxkfa4h2,decks/PmmVkf03nERxkFA4h2_Y1.webp,Pmmvkf03nerxkfa4h2/deck,300,420,Historical
Deck,Poqbfow6kmil2z6mybx7c,decks/pOqBfow6KMIl2Z6mYBX7c.webp,Poqbfow6kmil2z6mybx7c/deck,300,420,Historical
Deck,Poyy,decks/poyy_JOHZwOX7sBluePPt.webp,Poyy/deck,300,420,Historical
Deck,Ppj88i7ooea0kuudwm42s,decks/ppJ88I7OOEa0kuUdwm42s.webp,Ppj88i7ooea0kuudwm42s/deck,300,420,Historical
Deck,Pqd6ibetp2aykfquai,decks/pQD6iBETP2AyKfquai-ow.webp,Pqd6ibetp2aykfquai/deck,300,420,Historical
Deck,Praq,decks/PraQ_oWgEPOwy5HpQ_o9C.webp,Praq/deck,300,420,Historical
Deck,Pse,decks/PSe-FEbf8S_Rfg_QuRyEr.webp,Pse/deck,300,420,Historical
Deck,Pt83yibhhdaa7p7ihst,decks/Pt83YIBHHDAA7P7ihst_q.webp,Pt83yibhhdaa7p7ihst/deck,300,420,Historical
Deck,Putmng,decks/PuTmng-J-ea711s5d7owr.webp,Putmng/deck,300,420,Historical
Deck,Py6jonkpr3n,decks/PY6jOnkPR3n-uyLBnlocP.webp,Py6jonkpr3n/deck,300,420,Historical
Deck,Pyinmmqbcqczd0lwom22x,decks/pYinMMQBcQczd0lwom22X.png,Pyinmmqbcqczd0lwom22x/deck,300,420,Historical
Deck,Pyzp0,decks/Pyzp0_1sYcCSnTNQRfUVv.webp,Pyzp0/deck,300,420,Historical
Deck,Pzxmu7x1xmxebzlroajv9,decks/pzxMu7x1XmXebzLROaJV9.webp,Pzxmu7x1xmxebzlroajv9/deck,300,420,Historical
Deck,Q,decks/q-7g2ML6B8oxGuDPJTsY0.webp,Q/deck,300,420,Historical
Deck,Q,decks/Q-cRapUigZYJ-pVJZ3c7e.webp,Q/deck,300,420,Historical
Deck,Q,decks/Q-N4hjLRKYvizLcnmzNIM.png,Q/deck,300,420,Historical
Deck,Q2c,decks/Q2c-IsXTp74RCqxG_UXX7.webp,Q2c/deck,300,420,Historical
Deck,Q3kwtxak4h6y53hukihxd,decks/q3KwtxAk4H6Y53hUkIhXD.webp,Q3kwtxak4h6y53hukihxd/deck,300,420,Historical
Deck,Q4vlt42a8w6,decks/q4vlt42a8w6-5sArYQ7eh.webp,Q4vlt42a8w6/deck,300,420,Historical
Deck,Q5kkkdt7up0ilcgpygcrd,decks/q5kKkdT7UP0IlCgpYgcRd.webp,Q5kkkdt7up0ilcgpygcrd/deck,300,420,Historical
Deck,Q5t5p3pspmmhe6oa5n41b,decks/Q5T5p3pspMMHe6oa5N41b.png,Q5t5p3pspmmhe6oa5n41b/deck,300,420,Historical
Deck,Q5yjc57thw0g9,decks/q5yJC57tHW0g9-xChRBgD.webp,Q5yjc57thw0g9/deck,300,420,Historical
Deck,Q6ntm2a0w6u2efgw9ryeq,decks/Q6NtM2a0W6u2eFgw9RyEQ.webp,Q6ntm2a0w6u2efgw9ryeq/deck,300,420,Historical
Deck,Q7gjkf0exhrrbhdiv8xiq,decks/q7Gjkf0ExHrrBhDiv8xIQ.webp,Q7gjkf0exhrrbhdiv8xiq/deck,300,420,Historical
Deck,Q7j77smtm,decks/Q7J77smtM-WkQNT5oP8yt.webp,Q7j77smtm/deck,300,420,Historical
Deck,Q8vmxdeb4vhyc4gapiao4,decks/q8vMxDEb4VHyC4GapIAO4.webp,Q8vmxdeb4vhyc4gapiao4/deck,300,420,Historical
Deck,Qalnvyxz2,decks/QaLnVYXz2_m917vyRMUvh.png,Qalnvyxz2/deck,300,420,Historical
Deck,Qba2mq4fu,decks/qba2MQ4FU-UxXpvWxhTu4.webp,Qba2mq4fu/deck,300,420,Historical
Deck,Qbdobhv1502dals4qyrbi,decks/qBDobHV1502DaLs4qyRbi.webp,Qbdobhv1502dals4qyrbi/deck,300,420,Historical
Deck,Qbs7s25crsvg9dlkbcfiu,decks/qbS7s25cRSVG9DlkbCfiu.webp,Qbs7s25crsvg9dlkbcfiu/deck,300,420,Historical
Deck,Qdpy2vqrgcde8hqfhuwcc,decks/QDPY2vqrgCde8hqFhuWCc.png,Qdpy2vqrgcde8hqfhuwcc/deck,300,420,Historical
Deck,Qdrtf0f2kkbovirew3om,decks/QDRTF0F2kKbOvIreW3om-.webp,Qdrtf0f2kkbovirew3om/deck,300,420,Historical
Deck,Qekn89cekhw1lhgosogjs,decks/QekN89cekHW1LHgOsogjS.webp,Qekn89cekhw1lhgosogjs/deck,300,420,Historical
Deck,Qexdbibwkz7qiew0r,decks/QeXdbIbwKZ7QiEw0r_5Bi.webp,Qexdbibwkz7qiew0r/deck,300,420,Historical
Deck,Qf3rwf9pzxjlswyuvqffy,decks/qF3rwF9PZXJlswYUvqfFy.webp,Qf3rwf9pzxjlswyuvqffy/deck,300,420,Historical
Deck,Qfa7quaxwjs40snmtxzpz,decks/QFa7qUaxwJS40SNMtXZpZ.webp,Qfa7quaxwjs40snmtxzpz/deck,300,420,Historical
Deck,Qite,decks/QIte-pjADz99FJ-RB_L4L.webp,Qite/deck,300,420,Historical
Deck,Qk0ivpj1fb75ywdwuie3n,decks/Qk0iVpJ1FB75ywDWUIE3n.webp,Qk0ivpj1fb75ywdwuie3n/deck,300,420,Historical
Deck,Qlckqrvjqey5gvyxt4zks,decks/QLCkqRvJQey5Gvyxt4Zks.webp,Qlckqrvjqey5gvyxt4zks/deck,300,420,Historical
Deck,Qm20v1wr9omcgxcimh1lo,decks/QM20v1wR9OmCgXcimH1LO.webp,Qm20v1wr9omcgxcimh1lo/deck,300,420,Historical
Deck,Qmwnpyfb,decks/QmWnpYfB_h5HNgj-Sw61s.webp,Qmwnpyfb/deck,300,420,Historical
Deck,Qmwnxh2kitadof2sfdpid,decks/QMwnXh2kitadoF2SfDpiD.webp,Qmwnxh2kitadof2sfdpid/deck,300,420,Historical
Deck,Qnca9udh8mfkaaeqketlr,decks/qncA9UDH8MFkAaeQkeTLR.webp,Qnca9udh8mfkaaeqketlr/deck,300,420,Historical
Deck,Qnixxjuv17,decks/qNIxXJuV17-hSxzRzk87W.webp,Qnixxjuv17/deck,300,420,Historical
Deck,Qnvgu63l1wokx,decks/QnVgu63l1WOKx_EycWFVt.webp,Qnvgu63l1wokx/deck,300,420,Historical
Deck,Qo7chz2ls5,decks/qO7CHz2lS5_f5zOmpbNE-.webp,Qo7chz2ls5/deck,300,420,Historical
Deck,Qozvz7aqr0n,decks/qoZvz7AQR0N_jYMZcEF5-.webp,Qozvz7aqr0n/deck,300,420,Historical
Deck,Qpi5cnwlaimv2rtdahz,decks/qPi5CnWLAIMV2rtDAhZ-d.webp,Qpi5cnwlaimv2rtdahz/deck,300,420,Historical
Deck,Qqekbyr,decks/qQEKbyR_66ytl4i2r8KWx.webp,Qqekbyr/deck,300,420,Historical
Deck,Qqqbqxj4frmxfa8w,decks/QqqbQXj4frmxfa8w-zJTV.webp,Qqqbqxj4frmxfa8w/deck,300,420,Historical
Deck,Qre7tfvmmq68angoscefw,decks/Qre7TFvmMq68AngOsCeFw.png,Qre7tfvmmq68angoscefw/deck,300,420,Historical
Deck,Qrmew,decks/qRMEW-IqobZFiTLvzOWY2.webp,Qrmew/deck,300,420,Historical
Deck,Qs6xlldxwu,decks/QS6XLldxWu_PM5-87C94s.png,Qs6xlldxwu/deck,300,420,Historical
Deck,Qsno3f7b1sde1p8kq6zt,decks/Qsno3F7b1sdE1p8kq6Zt_.webp,Qsno3f7b1sde1p8kq6zt/deck,300,420,Historical
Deck,Qtnfi1iytpumkmtoq9r3b,decks/qtnfi1IYtpUmkmtoq9R3B.webp,Qtnfi1iytpumkmtoq9r3b/deck,300,420,Historical
Deck,Qtzz7ga,decks/Qtzz7Ga-wDX1UX7XuPg0D.webp,Qtzz7ga/deck,300,420,Historical
Deck,Qugebxxizjn2lagcmvicd,decks/QuGebXxizjN2LAGcmvIcD.webp,Qugebxxizjn2lagcmvicd/deck,300,420,Historical
Deck,Qurw5hoingirxxwdnityt,decks/QuRw5HoInGirXXwdnItyT.webp,Qurw5hoingirxxwdnityt/deck,300,420,Historical
Deck,Quuhxazfbcp0okv7hx3,decks/quUHxAZFBcp0okV7HX3-I.webp,Quuhxazfbcp0okv7hx3/deck,300,420,Historical
Deck,Qvi5dbpxqq8xu,decks/qVI5dBPXqq8xU_xpQCITG.webp,Qvi5dbpxqq8xu/deck,300,420,Historical
Deck,Qx8jicnwwchg0lh4,decks/QX8jIcNWWchG0LH4-Wx2A.png,Qx8jicnwwchg0lh4/deck,300,420,Historical
Deck,Qxe1ry3veuco8z3w3uunl,decks/qXE1RY3vEUcO8z3W3UUnL.webp,Qxe1ry3veuco8z3w3uunl/deck,300,420,Historical
Deck,Qxx1mobk576h,decks/qxX1mOBK576h-HZ7Kr0dV.webp,Qxx1mobk576h/deck,300,420,Historical
Deck,Qyffw4dgucpebrrdaiedm,decks/qyfFw4dGUCPebrRdaiedm.webp,Qyffw4dgucpebrrdaiedm/deck,300,420,Historical
Deck,Qysqtk9qhf8gruwkg7,decks/qysqTk9Qhf8gruWkg7-2B.webp,Qysqtk9qhf8gruwkg7/deck,300,420,Historical
Deck,Qzojyjttnky4i4,decks/QZojyJTtNKY4I4-Dw8SMu.webp,Qzojyjttnky4i4/deck,300,420,Historical
Deck,Qztcuowe5fefitwjtjsju,decks/QZtCuOwE5FeFItWjTjSJU.webp,Qztcuowe5fefitwjtjsju/deck,300,420,Historical
Deck,R,decks/R-ThgWTrK26E3eKjXgeyh.webp,R/deck,300,420,Historical
Deck,R,decks/R-_OYWXsKrEhRy1dhbCxz.webp,R/deck,300,420,Historical
Deck,R0g,decks/R0G_c23-MGkGE7fKhFG-u.webp,R0g/deck,300,420,Historical
Deck,R4qyt9zzjxnuvi,decks/r4QYT9ZzjxnUvI_Tgck7e.webp,R4qyt9zzjxnuvi/deck,300,420,Historical
Deck,R4zpzzdqpnqgoxlzl2czc,decks/r4ZpZZDQpnqGOXlzl2czc.webp,R4zpzzdqpnqgoxlzl2czc/deck,300,420,Historical
Deck,R54wwsvx1w,decks/r54WWSVX1w-KCPOWEF8nY.webp,R54wwsvx1w/deck,300,420,Historical
Deck,R5ycxjmlggrrijqobl,decks/R5YcXJMlgGRriJqObl_tj.webp,R5ycxjmlggrrijqobl/deck,300,420,Historical
Deck,R6mcfixzxhs7eqsjcat1b,decks/r6McfixzXHs7eqSJCAT1B.webp,R6mcfixzxhs7eqsjcat1b/deck,300,420,Historical
Deck,R6u5u1z2zawihu7td3unz,decks/R6u5u1z2ZAwIhu7TD3unZ.webp,R6u5u1z2zawihu7td3unz/deck,300,420,Historical
Deck,R7id0dm0dlyq8zkidrhxh,decks/R7id0Dm0DLYq8zkIDrHxh.webp,R7id0dm0dlyq8zkidrhxh/deck,300,420,Historical
Deck,R8mtfsptpim9tm3lg,decks/r8mTfsPTPIM9Tm3LG_ejL.webp,R8mtfsptpim9tm3lg/deck,300,420,Historical
Deck,R8tdjga,decks/r8TdjGa-YQjtEaeQny78U.webp,R8tdjga/deck,300,420,Historical
Deck,Ra43vntvvsq5lyefcqra2,decks/rA43vNTVVsq5lyEfCQra2.webp,Ra43vntvvsq5lyefcqra2/deck,300,420,Historical
Deck,Rarsajj4qohm5zdbxogcy,decks/RArSaJj4QohM5zdBXoGCY.webp,Rarsajj4qohm5zdbxogcy/deck,300,420,Historical
Deck,Rat,decks/raT-9xEd3tbddEsm0-N0u.webp,Rat/deck,300,420,Historical
Deck,Rbfjyayycjv8l,decks/rBFJyAYYcJv8l_mG4E3p0.webp,Rbfjyayycjv8l/deck,300,420,Historical
Deck,Rc5bp9sg9bxwj4lypjur5,decks/rC5bp9SG9BXWj4lyPJuR5.webp,Rc5bp9sg9bxwj4lypjur5/deck,300,420,Historical
Deck,Rdvzugvlk,decks/rDvZuGVLk_MKT7bdDiStH.webp,Rdvzugvlk/deck,300,420,Historical
Deck,Rdz7oxxihanl53fj5x,decks/Rdz7OXXIHanL53fj5x-Y7.webp,Rdz7oxxihanl53fj5x/deck,300,420,Historical
Deck,Rho5xm5xofizvxdtuxzem,decks/RHO5Xm5xOFiZVXdtuXZEm.webp,Rho5xm5xofizvxdtuxzem/deck,300,420,Historical
Deck,Rhq,decks/Rhq_V_cO8UDvi6lPzIw6u.webp,Rhq/deck,300,420,Historical
Deck,Rimotpktenlphi3vnykvu,decks/RImoTPkteNLphI3VnYKVu.webp,Rimotpktenlphi3vnykvu/deck,300,420,Historical
Deck,Riufkrizkw0mesdm0p9t,decks/rIUfKRiZKw0Mesdm0p9T-.webp,Riufkrizkw0mesdm0p9t/deck,300,420,Historical
Deck,Rkethbb1byikdwdyrvfcf,decks/rKetHbB1ByikdwDyrvfcf.webp,Rkethbb1byikdwdyrvfcf/deck,300,420,Historical
Deck,Rm3617kfto636t9jjf1yo,decks/rm3617KFTO636t9JjF1yo.webp,Rm3617kfto636t9jjf1yo/deck,300,420,Historical
Deck,Rmtepiu1xh8ydzienaunv,decks/rMTepIU1xH8yDzienauNv.webp,Rmtepiu1xh8ydzienaunv/deck,300,420,Historical
Deck,Rnmlempd4cszpw491zz1b,decks/RNmlEmpd4cSZPW491Zz1b.webp,Rnmlempd4cszpw491zz1b/deck,300,420,Historical
Deck,Rnqvsmmlw3b3coewg6lxk,decks/rNqvSmmlw3b3cOewg6LxK.webp,Rnqvsmmlw3b3coewg6lxk/deck,300,420,Historical
Deck,Rpopo82ztwtayvqf,decks/rPOpO82ZTwtayVqf__lLg.webp,Rpopo82ztwtayvqf/deck,300,420,Historical
Deck,Rptl8g,decks/RPTL8G_6VzkcElnrfkdW6.webp,Rptl8g/deck,300,420,Historical
Deck,Rptlllmalk4dyvb4ypue7,decks/RPTLllmalk4DYvb4ypUE7.webp,Rptlllmalk4dyvb4ypue7/deck,300,420,Historical
Deck,Rrhdlthfrrnh2dlidpuqi,decks/RrHDlthFrrnh2dLidPuQi.webp,Rrhdlthfrrnh2dlidpuqi/deck,300,420,Historical
Deck,Rt8ni9qgwd2sdvgugujgd,decks/rt8ni9QGwd2SDVgUgUjGD.webp,Rt8ni9qgwd2sdvgugujgd/deck,300,420,Historical
Deck,Rtlopvpyolrqyrjumep8t,decks/rTLOPVPYoLRQyRjuMeP8T.webp,Rtlopvpyolrqyrjumep8t/deck,300,420,Historical
Deck,Rubpxy,decks/rubpxy_L4Zkw-D4fwYYlK.webp,Rubpxy/deck,300,420,Historical
Deck,Rudpm9b9ako83x78itviv,decks/RuDpm9b9ako83x78iTVIV.webp,Rudpm9b9ako83x78itviv/deck,300,420,Historical
Deck,Rvk6e0kiyrxog9j,decks/RvK6e0KIyRXoG9j-_0g61.webp,Rvk6e0kiyrxog9j/deck,300,420,Historical
Deck,Rwng9oleo70mv3rrbtj59,decks/RWng9oLeo70mv3rRbtJ59.webp,Rwng9oleo70mv3rrbtj59/deck,300,420,Historical
Deck,Rxfquy6lhkb8guvh8ugxw,decks/rXFqUY6lHkb8GuVH8UGXW.webp,Rxfquy6lhkb8guvh8ugxw/deck,300,420,Historical
Deck,Rycqtax7koecpg5rfeqpt,decks/RycQtAx7kOeCpg5Rfeqpt.webp,Rycqtax7koecpg5rfeqpt/deck,300,420,Historical
Deck,Rz0w1wtfpejbjsqqsggou,decks/RZ0w1wtfPeJBjSqQSgGOU.webp,Rz0w1wtfpejbjsqqsggou/deck,300,420,Historical
Deck,Rz1p,decks/rz1p-2gE-HpYBCuXfEup8.webp,Rz1p/deck,300,420,Historical
Deck,Rze997ybr1qg9pvmcrhyq,decks/RzE997ybR1qG9pvMCrhyq.webp,Rze997ybr1qg9pvmcrhyq/deck,300,420,Historical
Deck,Rzgrv,decks/rzGRv-n5NZunSKgnpISG-.webp,Rzgrv/deck,300,420,Historical
Deck,Rzs4bw4mx9a0bhex7qe,decks/RzS4Bw4mx9a0BHex7qE_t.webp,Rzs4bw4mx9a0bhex7qe/deck,300,420,Historical
Deck,S,decks/s-gA7Ro2a_D9dsMvBqPun.webp,S/deck,300,420,Historical
Deck,S,decks/S-kTdRxoshezIfMY6DWUS.webp,S/deck,300,420,Historical
Deck,S5dn2uoty2m1llmqmcm,decks/S5dn2uotY2M1llMQMcM_o.webp,S5dn2uoty2m1llmqmcm/deck,300,420,Historical
Deck,S5x9y45z4mzat1b6l6kae,decks/S5X9y45Z4mzAT1b6L6kaE.webp,S5x9y45z4mzat1b6l6kae/deck,300,420,Historical
Deck,S6n5yn14hckxwjch4h3ov,decks/s6n5Yn14HcKXWjcH4H3Ov.png,S6n5yn14hckxwjch4h3ov/deck,300,420,Historical
Deck,S7edd,decks/S7EdD-aJm5hfoYKEE9rpC.webp,S7edd/deck,300,420,Historical
Deck,S7lvv2jenckuwhtcwkjyy,decks/S7LVV2JEncKuWhTcwkjyy.webp,S7lvv2jenckuwhtcwkjyy/deck,300,420,Historical
Deck,S8done6zompheaz9r5tfw,decks/S8DONe6zoMpheAZ9R5tfw.webp,S8done6zompheaz9r5tfw/deck,300,420,Historical
Deck,S8n8siqotco3kgxz7omgv,decks/s8N8SIQotcO3kGxz7omgV.png,S8n8siqotco3kgxz7omgv/deck,300,420,Historical
Deck,S9ij3hohs988ywrxr41kw,decks/S9iJ3hOHS988ywrxR41KW.webp,S9ij3hohs988ywrxr41kw/deck,300,420,Historical
Deck,Sachf2gy,decks/SAcHF2gY_3VKKlWl2F8pl.webp,Sachf2gy/deck,300,420,Historical
Deck,Safpeypbicd6lw7wqph1x,decks/sAfPEYPbICD6lw7WQPh1x.webp,Safpeypbicd6lw7wqph1x/deck,300,420,Historical
Deck,Sani82iqfq67xh13jzzl7,decks/saNi82IqfQ67Xh13Jzzl7.webp,Sani82iqfq67xh13jzzl7/deck,300,420,Historical
Deck,Sbt9,decks/sBt9_WfiTk3SWSI9an6Qu.webp,Sbt9/deck,300,420,Historical
Deck,Scprvi5glzj99cyfevjaw,decks/SCPrVi5GlZj99cYFEVjaW.webp,Scprvi5glzj99cyfevjaw/deck,300,420,Historical
Deck,Sf5jgthj8oj,decks/sf5JgTHJ8OJ_f7s8Tbi_B.png,Sf5jgthj8oj/deck,300,420,Historical
Deck,Sfpwnarhr,decks/sfPWnArhr_HaylqJ7Ejg4.webp,Sfpwnarhr/deck,300,420,Historical
Deck,Sg3pgxfcxtj7it3mnfnv0,decks/sG3PgXFcxtJ7IT3MNfNv0.webp,Sg3pgxfcxtj7it3mnfnv0/deck,300,420,Historical
Deck,Sgoncm9zbkzxq8zxs5hx3,decks/SgOncM9zbKzxQ8zxs5Hx3.webp,Sgoncm9zbkzxq8zxs5hx3/deck,300,420,Historical
Deck,Sgqpk14ucrxghknlyxqyv,decks/sgQpk14uCrxGhknlyXQyV.webp,Sgqpk14ucrxghknlyxqyv/deck,300,420,Historical
Deck,Shqc6en,decks/SHqc6en_BjbyegcjDQnjn.webp,Shqc6en/deck,300,420,Historical
Deck,Si,decks/Si_z-YZTGnXFikezVHyFl.webp,Si/deck,300,420,Historical
Deck,Sk5nbdgxm88tfi4kjeamz,decks/SK5nBDGxM88tfi4KJeamZ.webp,Sk5nbdgxm88tfi4kjeamz/deck,300,420,Historical
Deck,Skoyfxqk3qg,decks/sKoyfXqK3QG-F6WcXUQ4A.webp,Skoyfxqk3qg/deck,300,420,Historical
Deck,Slacd1vok67vxsjj3ha9j,decks/slACD1vOK67VxsjJ3ha9J.webp,Slacd1vok67vxsjj3ha9j/deck,300,420,Historical
Deck,Slhn8krf8r3pvovjmyano,decks/SlHn8kRF8R3PVovjmyAnO.webp,Slhn8krf8r3pvovjmyano/deck,300,420,Historical
Deck,Sljrhevsnty,decks/SLJRHEvsNtY_qPdmIp6t-.webp,Sljrhevsnty/deck,300,420,Historical
Deck,Slzimgbw6gmo0wyb8jcih,decks/SLzimGBw6gMO0WyB8JCih.webp,Slzimgbw6gmo0wyb8jcih/deck,300,420,Historical
Deck,Smjhejepbwrmk6ocgy0sk,decks/smjheJEPbwRmK6Ocgy0sk.webp,Smjhejepbwrmk6ocgy0sk/deck,300,420,Historical
Deck,Smjsjmmtrb26qi2rhsq4n,decks/sMJsJMmTrb26QI2RhSQ4N.webp,Smjsjmmtrb26qi2rhsq4n/deck,300,420,Historical
Deck,Smlyrujzalrnk7fbeknkz,decks/sMlyrUjzaLrNk7fBEKnkZ.webp,Smlyrujzalrnk7fbeknkz/deck,300,420,Historical
Deck,Snahnv8mwn52ises1lses,decks/sNahNv8MWn52iSes1LSES.webp,Snahnv8mwn52ises1lses/deck,300,420,Historical
Deck,Snzxdl2fymujuh4x72sk8,decks/SnZxdl2FymuJuH4x72SK8.webp,Snzxdl2fymujuh4x72sk8/deck,300,420,Historical
Deck,Soi5p,decks/soi5p-r-IaEHYvVY4K9qz.webp,Soi5p/deck,300,420,Historical
Deck,Spo1ucbs,decks/Spo1uCbs_5H7qrXOnJHMz.webp,Spo1ucbs/deck,300,420,Historical
Deck,Sr9znk,decks/sr9znK-93OjuRi0O7zVhP.webp,Sr9znk/deck,300,420,Historical
Deck,Srsjqierues4mbrjr,decks/Srsjqierues4MbrJR_rwD.webp,Srsjqierues4mbrjr/deck,300,420,Historical
Deck,Sr,decks/sR_SSa9foen2RnbabhJgU.webp,Sr/deck,300,420,Historical
Deck,Sshywjckcy3chudztqr,decks/ssHYwjCKcy3chudZTQr_H.webp,Sshywjckcy3chudztqr/deck,300,420,Historical
Deck,Stzwcrjew3hmnpi76lc3e,decks/StzWcrJew3hmnPi76LC3e.webp,Stzwcrjew3hmnpi76lc3e/deck,300,420,Historical
Deck,Suhhdzotksyplk7eeq4pq,decks/suhhDzoTkSyplK7EeQ4pQ.webp,Suhhdzotksyplk7eeq4pq/deck,300,420,Historical
Deck,Sulgc58vkuo5v,decks/sulgc58vKUO5v_3XwH0nL.webp,Sulgc58vkuo5v/deck,300,420,Historical
Deck,Suuzconq5ogudsdwtgk4z,decks/suUZCoNq5oGUDSdWTgK4z.webp,Suuzconq5ogudsdwtgk4z/deck,300,420,Historical
Deck,Svkvqgzbims0,decks/SVkVqgZbImS0-6-zqyI2z.webp,Svkvqgzbims0/deck,300,420,Historical
Deck,Swcv1ldi1b6shf0dnvrav,decks/SWCv1ldI1B6sHF0DnVRAv.webp,Swcv1ldi1b6shf0dnvrav/deck,300,420,Historical
Deck,Swdlptuoaiuwphszojcpr,decks/sWDlpTUoAIUwPHSZOjCPR.webp,Swdlptuoaiuwphszojcpr/deck,300,420,Historical
Deck,Sxmkdcwib9fsgclkhh5qy,decks/SXMkDCWIb9fSGCLKHh5QY.webp,Sxmkdcwib9fsgclkhh5qy/deck,300,420,Historical
Deck,Szk2f1xlujba8rnnx3r,decks/sZk2f1XlUJBA8RnNX3r_m.webp,Szk2f1xlujba8rnnx3r/deck,300,420,Historical
Deck,S,decks/s_C9ocTF-K7c0y6roAZpL.webp,S/deck,300,420,Historical
Deck,S,decks/S_OePRE0EtBNNFaxEWaIJ.webp,S/deck,300,420,Historical
Deck,T2eglclzqjlqm,decks/t2EgLCLzQjlQm_iy1Aeql.webp,T2eglclzqjlqm/deck,300,420,Historical
Deck,T2gxesnosnoj2uruj92cc,decks/T2GXesnoSNOj2urUj92CC.webp,T2gxesnosnoj2uruj92cc/deck,300,420,Historical
Deck,T2j3nlye93bmu3xicdkbm,decks/T2j3Nlye93bMU3xiCdKbm.webp,T2j3nlye93bmu3xicdkbm/deck,300,420,Historical
Deck,T3ulq0ga28oiofty8tjwx,decks/T3uLq0GA28OIoFtY8TJwx.webp,T3ulq0ga28oiofty8tjwx/deck,300,420,Historical
Deck,T8xelosqxi617zakvjfra,decks/T8XELosQxI617ZAkVJFra.webp,T8xelosqxi617zakvjfra/deck,300,420,Historical
Deck,Takvllr,decks/tAkvLLR_ROEm6VXw6fB_G.png,Takvllr/deck,300,420,Historical
Deck,Tawyrzefqn,decks/tAWYrZefqn_wzOw2GDIdC.webp,Tawyrzefqn/deck,300,420,Historical
Deck,Taxcnxe7qgp1bhfcfu1x8,decks/taxCNXe7QGp1BHfcFU1X8.webp,Taxcnxe7qgp1bhfcfu1x8/deck,300,420,Historical
Deck,Tdgqrlvqyjytg2fistflj,decks/TDgQrLVQYJytg2fistFLj.webp,Tdgqrlvqyjytg2fistflj/deck,300,420,Historical
Deck,Tdyfnwuyv92p2xsbhtfom,decks/tDyfNWUyv92p2xsbhTFOM.webp,Tdyfnwuyv92p2xsbhtfom/deck,300,420,Historical
Deck,Te4drypjno4,decks/Te4drypJnO4_tBRHuE92A.webp,Te4drypjno4/deck,300,420,Historical
Deck,Teyjfghbei4e7bnlrkuw3,decks/tEYjfghbEI4e7bNLRKUW3.webp,Teyjfghbei4e7bnlrkuw3/deck,300,420,Historical
Deck,Tfafiojwnue3u9v3ikjat,decks/tfAFIOJWNUE3u9v3ikjAt.webp,Tfafiojwnue3u9v3ikjat/deck,300,420,Historical
Deck,Tj,decks/Tj-oaihkna4-7Hf3NfNwU.webp,Tj/deck,300,420,Historical
Deck,Tjvctvdy3,decks/TjVCTvDy3_6KXjy0fbC_o.webp,Tjvctvdy3/deck,300,420,Historical
Deck,Tkpgt6f,decks/tkpgt6F_U9xTOVO2v8x4E.webp,Tkpgt6f/deck,300,420,Historical
Deck,Tla9qrj6u6h,decks/TlA9QrJ6u6H_Jk0q8aXhi.webp,Tla9qrj6u6h/deck,300,420,Historical
Deck,Tlw79bhtrprk4zngohv4,decks/tlW79bhtrprK4ZnGOhv4-.webp,Tlw79bhtrprk4zngohv4/deck,300,420,Historical
Deck,Tmn,decks/tMn-Qj6hEIQKIx9jQyklL.png,Tmn/deck,300,420,Historical
Deck,Tmrqhze,decks/TmrqhZE_0eC875YJwDEDe.webp,Tmrqhze/deck,300,420,Historical
Deck,Tnom66hiilb4l426,decks/tnom66HIIlb4l426_LTPi.webp,Tnom66hiilb4l426/deck,300,420,Historical
Deck,Toakjpmm7qtkplear9mvr,decks/TOaKjpmm7Qtkplear9MvR.webp,Toakjpmm7qtkplear9mvr/deck,300,420,Historical
Deck,Tofaajr1jow172,decks/TofaAjr1joW172-NCHVWy.webp,Tofaajr1jow172/deck,300,420,Historical
Deck,Touuly68aa33h14svv9sa,decks/TOUUly68AA33H14svV9sa.webp,Touuly68aa33h14svv9sa/deck,300,420,Historical
Deck,Tp7aswdpyxra0nlhswxv2,decks/TP7asWDpYXrA0nlHswXv2.png,Tp7aswdpyxra0nlhswxv2/deck,300,420,Historical
Deck,Tpfnzameawa1pgbxyminp,decks/tPfnzAmEAwa1pgBXymiNP.webp,Tpfnzameawa1pgbxyminp/deck,300,420,Historical
Deck,Tpjupoba,decks/TPjUPOBa-Wh_hjZ1SkQAB.webp,Tpjupoba/deck,300,420,Historical
Deck,Tpwxtarvd97sma0qnhrak,decks/tPwXTaRvd97smA0qNHRAK.webp,Tpwxtarvd97sma0qnhrak/deck,300,420,Historical
Deck,Tpzwcicnkntuh9mjxlu6y,decks/TpZwCICNkntuH9MJxlU6Y.webp,Tpzwcicnkntuh9mjxlu6y/deck,300,420,Historical
Deck,Tr9enjfrqanf9jv6ma,decks/Tr9eNjfRqaNF9JV6ma_e5.webp,Tr9enjfrqanf9jv6ma/deck,300,420,Historical
Deck,Tsua2c7flionmnm9ljsuw,decks/tsUa2C7FlIONMnm9LJsUW.webp,Tsua2c7flionmnm9ljsuw/deck,300,420,Historical
Deck,Ttpc7jluxr9rv4,decks/TTPC7JLuxR9rV4_039MAV.webp,Ttpc7jluxr9rv4/deck,300,420,Historical
Deck,Tucnpjxiy460vok6e3mmr,decks/tucNPjXiY460vOk6E3mMr.webp,Tucnpjxiy460vok6e3mmr/deck,300,420,Historical
Deck,Tufs6ifk9rsxagrb2hg,decks/tuFs6ifk9rSxAGrB2Hg_i.webp,Tufs6ifk9rsxagrb2hg/deck,300,420,Historical
Deck,Tvicszm8rtkyouofbwofr,decks/TvicSZM8rtKyouoFbwoFR.webp,Tvicszm8rtkyouofbwofr/deck,300,420,Historical
Deck,Twbicnccj8jenbqjluhum,decks/twbICNcCJ8JenbQjluHUM.webp,Twbicnccj8jenbqjluhum/deck,300,420,Historical
Deck,Twxpagdq20fw2tu0,decks/twXpagDQ20FW2Tu0-iqge.webp,Twxpagdq20fw2tu0/deck,300,420,Historical
Deck,Txwzivg9k,decks/TxWZIVg9K-WB-2n7x7ZRV.webp,Txwzivg9k/deck,300,420,Historical
Deck,Ty,decks/tY-lspSZIttrJp8Sc-W84.webp,Ty/deck,300,420,Historical
Deck,U,decks/U-vq_L18kOtmI3dmcNkYN.webp,U/deck,300,420,Historical
Deck,U0rkv9mwmkw,decks/U0rkV9MWMKw_RWT1jcij0.webp,U0rkv9mwmkw/deck,300,420,Historical
Deck,U10slzukusjhnigco2jlv,decks/u10SlZUKUsjhNiGCO2jLv.webp,U10slzukusjhnigco2jlv/deck,300,420,Historical
Deck,U1zhr3,decks/U1zhR3-_EnVka43Tbuim_.webp,U1zhr3/deck,300,420,Historical
Deck,U3r4z,decks/U3r4z-4rdtomWxxLiPmti.webp,U3r4z/deck,300,420,Historical
Deck,U3stuih6siksbahe1tf96,decks/u3STuIH6siKSBahE1tF96.webp,U3stuih6siksbahe1tf96/deck,300,420,Historical
Deck,U4eil,decks/u4EIl-QkbvWJ9zlhduf2A.webp,U4eil/deck,300,420,Historical
Deck,U4qjurlrdk9iwddeyolbi,decks/U4qjURLrDK9IWddeyOlbi.webp,U4qjurlrdk9iwddeyolbi/deck,300,420,Historical
Deck,U5iy,decks/u5IY_D8EeGWgzlVOazb3P.webp,U5iy/deck,300,420,Historical
Deck,U6s39kqnbuwjd,decks/u6S39kqNbuwjd-n4Ig35E.webp,U6s39kqnbuwjd/deck,300,420,Historical
Deck,U7glkx7r2di,decks/u7glkX7r2dI_sIeqaQ2mj.webp,U7glkx7r2di/deck,300,420,Historical
Deck,U7vxf,decks/u7vXf-HMH1N-Ons7ta4iG.webp,U7vxf/deck,300,420,Historical
Deck,U8,decks/u8-MCLPxJspCRkK57JlAo.webp,U8/deck,300,420,Historical
Deck,U9cvvtmtibyln765b1mic,decks/u9cvvtmTiByln765B1mic.png,U9cvvtmtibyln765b1mic/deck,300,420,Historical
Deck,U9zlebcw8dtnei2yxxkks,decks/U9ZLEBCw8DTnEi2YxXKKs.webp,U9zlebcw8dtnei2yxxkks/deck,300,420,Historical
Deck,Ub7ywafsuzp7pu,decks/uB7YWAfSuZP7PU-wA134P.webp,Ub7ywafsuzp7pu/deck,300,420,Historical
Deck,Ubactsxgyb0omqfsban6w,decks/UbACTSxGYB0OmQfSBan6w.webp,Ubactsxgyb0omqfsban6w/deck,300,420,Historical
Deck,Ud,decks/Ud-KzSzXrDtCyR4fQlDIP.webp,Ud/deck,300,420,Historical
Deck,Uedk4yizesdt8mq9kka5i,decks/UEdk4YIzesDT8Mq9kka5i.webp,Uedk4yizesdt8mq9kka5i/deck,300,420,Historical
Deck,Uez92xmoldjp5ofwnrhql,decks/uEz92XMOlDjP5oFWNrHqL.webp,Uez92xmoldjp5ofwnrhql/deck,300,420,Historical
Deck,Ufpkkkoqkpcpi4hwlo1vl,decks/uFpkKKOqKpCpi4hWLO1vL.webp,Ufpkkkoqkpcpi4hwlo1vl/deck,300,420,Historical
Deck,Ufprpr1p2ylyldnzcr,decks/UFprpR1p2YlYldNZCR-gt.webp,Ufprpr1p2ylyldnzcr/deck,300,420,Historical
Deck,Ugm7zpaivodivkvhcnaav,decks/UGm7ZPaIVodIVkvHcnaaV.webp,Ugm7zpaivodivkvhcnaav/deck,300,420,Historical
Deck,Ugrpv8c4ppqpeeualssvq,decks/UgrPV8C4PpQpEEualSSVQ.webp,Ugrpv8c4ppqpeeualssvq/deck,300,420,Historical
Deck,Uhgclmxbba4i5wpjntgjv,decks/uHgcLMxBbA4i5wPjNtGjv.webp,Uhgclmxbba4i5wpjntgjv/deck,300,420,Historical
Deck,Uhioy25vlbjzq08eyzxu8,decks/uHiOy25VlBJZQ08EYZXu8.webp,Uhioy25vlbjzq08eyzxu8/deck,300,420,Historical
Deck,Uhkxu0nnjw,decks/UHkxu0Nnjw_tkEu66joRk.webp,Uhkxu0nnjw/deck,300,420,Historical
Deck,Uhlufxr74l339pm2pdggz,decks/UhlUFXr74L339Pm2PdGgz.png,Uhlufxr74l339pm2pdggz/deck,300,420,Historical
Deck,Uijntqa1c,decks/UiJNtQa1c-PcxyLe9ztZi.webp,Uijntqa1c/deck,300,420,Historical
Deck,Ujfnp7oxujnmpi,decks/Ujfnp7oXuJnMpi_nEsx1f.webp,Ujfnp7oxujnmpi/deck,300,420,Historical
Deck,Ujn7qg9x2s,decks/uJn7QG9x2S-DO0FR1lDfq.webp,Ujn7qg9x2s/deck,300,420,Historical
Deck,Ukreyfryz1vy0a2ef2hp2,decks/ukreYFrYz1VY0A2EF2hp2.webp,Ukreyfryz1vy0a2ef2hp2/deck,300,420,Historical
Deck,Ulow5,decks/uLoW5_8Mm30zPo6gX-5j6.webp,Ulow5/deck,300,420,Historical
Deck,Umi,decks/UMI_jVZOFbJvcRIgeNTdM.webp,Umi/deck,300,420,Historical
Deck,Umkkjxu84,decks/uMkkJxU84_PNcQXrL_OSh.webp,Umkkjxu84/deck,300,420,Historical
Deck,Umlgfxclxlaqnx8ynf3wz,decks/UMlgFXCLxLAqNX8YNF3wz.webp,Umlgfxclxlaqnx8ynf3wz/deck,300,420,Historical
Deck,Unvexezoggyfekw0cwfo9,decks/UnveXEzOGGYfEKW0cwFO9.webp,Unvexezoggyfekw0cwfo9/deck,300,420,Historical
Deck,Upxkx9grsftgaupw34kpf,decks/UPXKx9GRsFtGAUpw34KpF.webp,Upxkx9grsftgaupw34kpf/deck,300,420,Historical
Deck,Uq1feryqurgnmxojarpis,decks/uQ1feRYQURGNmxOJarPIs.png,Uq1feryqurgnmxojarpis/deck,300,420,Historical
Deck,Uq75ukwod7bmxnvaqx6x4,decks/uQ75ukwOd7bMxNvAqX6x4.webp,Uq75ukwod7bmxnvaqx6x4/deck,300,420,Historical
Deck,Uql0lc11lc2vr0bqpmywx,decks/Uql0lc11lc2vr0bQpmyWx.webp,Uql0lc11lc2vr0bqpmywx/deck,300,420,Historical
Deck,Uqp4bofqugiso5zyf,decks/uqp4BOfqUgISO5zyf_I_r.webp,Uqp4bofqugiso5zyf/deck,300,420,Historical
Deck,Ur2c2x3zvri,decks/Ur2C2X3ZvRi_alTWIDBHl.webp,Ur2c2x3zvri/deck,300,420,Historical
Deck,Urod8,decks/uRoD8_REuYkJUVYW1m-wo.webp,Urod8/deck,300,420,Historical
Deck,Uselezoxp6dw,decks/USelEZoxP6dw_zfUbxw0A.webp,Uselezoxp6dw/deck,300,420,Historical
Deck,Ustzq58l1dhvcmntvlazb,decks/usTzQ58L1dHVCmNTvlAZb.webp,Ustzq58l1dhvcmntvlazb/deck,300,420,Historical
Deck,Usvp2ngol0iwmktt03lah,decks/usvP2nGol0IwMKTT03lAH.png,Usvp2ngol0iwmktt03lah/deck,300,420,Historical
Deck,Uvciwm4esom3pot5cn64w,decks/uVciwM4esom3pOT5cn64w.webp,Uvciwm4esom3pot5cn64w/deck,300,420,Historical
Deck,Uvz2hpcts9bhxtlthnh33,decks/uVz2hpCTs9bHXtLthnH33.webp,Uvz2hpcts9bhxtlthnh33/deck,300,420,Historical
Deck,Uxekhvrfdx2rcsli7qjhx,decks/uxEKHVRFdX2RCSli7QjhX.webp,Uxekhvrfdx2rcsli7qjhx/deck,300,420,Historical
Deck,Uxlxhqhkx2clwelynazm,decks/UXLXhQhKX2cLWElyNazm_.webp,Uxlxhqhkx2clwelynazm/deck,300,420,Historical
Deck,Uyah3z6veoc8lxwh6wiys,decks/UyAh3Z6veoC8lxWH6Wiys.webp,Uyah3z6veoc8lxwh6wiys/deck,300,420,Historical
Deck,V,decks/v-BwibQbY9Rtnc1rxDetj.webp,V/deck,300,420,Historical
Deck,V0e1tiaokoqbc3mp715ud,decks/v0e1tiaOkOqbc3mP715Ud.webp,V0e1tiaokoqbc3mp715ud/deck,300,420,Historical
Deck,V1km7ojgil,decks/v1KM7ojGIl-QSxznAZQ73.webp,V1km7ojgil/deck,300,420,Historical
Deck,V4hg9url8nt9hf9ytu0ao,decks/v4hG9Url8Nt9hF9YTU0Ao.webp,V4hg9url8nt9hf9ytu0ao/deck,300,420,Historical
Deck,V5i,decks/v5i_AdcgSSay1rOHrF-W_.webp,V5i/deck,300,420,Historical
Deck,V671yfxglvbhixe2jkgfk,decks/V671yFXGLvBhixe2JKgFK.webp,V671yfxglvbhixe2jkgfk/deck,300,420,Historical
Deck,V6bzx5z1kddhr3wjbosml,decks/V6Bzx5z1KDDhR3WjBOsmL.webp,V6bzx5z1kddhr3wjbosml/deck,300,420,Historical
Deck,V6i,decks/v6I_FSsvRYqYuvx5ONKZc.webp,V6i/deck,300,420,Historical
Deck,V7bs,decks/V7bS-8uB7ihfsDeiF9dfh.webp,V7bs/deck,300,420,Historical
Deck,Va2tldzeqwqublietucvq,decks/vA2TldzEqwqUblieTUcvQ.webp,Va2tldzeqwqublietucvq/deck,300,420,Historical
Deck,Vajqs0ye534l6q6qkd,decks/vaJQs0ye534L6q6QKd-n7.webp,Vajqs0ye534l6q6qkd/deck,300,420,Historical
Deck,Vapkwl2ocsg,decks/vApKWl2oCSg_jDwd6WErQ.webp,Vapkwl2ocsg/deck,300,420,Historical
Deck,Vbgfnhf4tjmlulhpnt1i8,decks/vBGFnhF4TJmLUlhpNT1I8.webp,Vbgfnhf4tjmlulhpnt1i8/deck,300,420,Historical
Deck,Vbkwx205nwpi0udjwxfs2,decks/VbkWX205NWPI0UDJWXfS2.webp,Vbkwx205nwpi0udjwxfs2/deck,300,420,Historical
Deck,Vbx7p9dhd6dqiejgttqmi,decks/vBx7p9DHD6DQiejgttQmI.webp,Vbx7p9dhd6dqiejgttqmi/deck,300,420,Historical
Deck,Vcan1hwzvhdu1k34cw,decks/Vcan1hwzVhdu1k34cw_iQ.webp,Vcan1hwzvhdu1k34cw/deck,300,420,Historical
Deck,Vczwng7cmzt9rqhhlukfl,decks/VCZWnG7cmzT9rQHhlUkFl.webp,Vczwng7cmzt9rqhhlukfl/deck,300,420,Historical
Deck,Vfhm4dsykgoklv,decks/vFHm4dsYKGOKlV_QEF715.png,Vfhm4dsykgoklv/deck,300,420,Historical
Deck,Vfoaksp,decks/vFOakSP-u8yvwkAfx2ERk.webp,Vfoaksp/deck,300,420,Historical
Deck,Vfqkujwg2tc19ltcomjia,decks/VFqKujwg2TC19LTCOmJia.webp,Vfqkujwg2tc19ltcomjia/deck,300,420,Historical
Deck,Vfr43caiutesuonalejhu,decks/vFr43cAiuTeSuonALEjhU.png,Vfr43caiutesuonalejhu/deck,300,420,Historical
Deck,Vfytdnjsj3tlwsot5vwe,decks/VfytdNjSJ3tlwsOt5Vwe_.webp,Vfytdnjsj3tlwsot5vwe/deck,300,420,Historical
Deck,Vg3fecgxx5rjrhmnbetpa,decks/vg3fecGXx5rJRHmNBEtPa.webp,Vg3fecgxx5rjrhmnbetpa/deck,300,420,Historical
Deck,Vgh0,decks/vgh0_Hn0b5zQC1SwnyhOw.webp,Vgh0/deck,300,420,Historical
Deck,Vgwmidgwggnkyywinljdh,decks/VgwmIdgWGgNkYYWinlJdH.webp,Vgwmidgwggnkyywinljdh/deck,300,420,Historical
Deck,Vgxmqekn4mo91ws,decks/VgxMQeKN4Mo91Ws-lrwz8.png,Vgxmqekn4mo91ws/deck,300,420,Historical
Deck,Viejgvi8zre7bivkq,decks/viEjGvi8ZRe7bivkQ_ihe.webp,Viejgvi8zre7bivkq/deck,300,420,Historical
Deck,Vjs554ftcv9dojti0sx5a,decks/vjS554fTCV9DoJTi0sX5a.webp,Vjs554ftcv9dojti0sx5a/deck,300,420,Historical
Deck,Vjxo9js52h2farpvsjeup,decks/vjXO9jS52h2fArpVsJeUP.png,Vjxo9js52h2farpvsjeup/deck,300,420,Historical
Deck,Vjzuxxmsbllapbuhc4zcy,decks/vJZuXXmSbLlapBuHc4zcY.webp,Vjzuxxmsbllapbuhc4zcy/deck,300,420,Historical
Deck,Vj,decks/VJ_bFSDdIomgL_84jMW9M.webp,Vj/deck,300,420,Historical
Deck,Vkcbqzxwenxndztekouer,decks/VKCBQZXWenxnDzTEkoUer.webp,Vkcbqzxwenxndztekouer/deck,300,420,Historical
Deck,Vkllx9cwvdakk,decks/VkLlX9cWvdaKK_YmH52yk.webp,Vkllx9cwvdakk/deck,300,420,Historical
Deck,Vlfvvpfkapvug5vjwsl0j,decks/VLFvvPFkApvUG5VJWSL0j.webp,Vlfvvpfkapvug5vjwsl0j/deck,300,420,Historical
Deck,Vlyekwppvir2wihkchlwt,decks/VLyEKwPpVIr2wiHKChLWt.webp,Vlyekwppvir2wihkchlwt/deck,300,420,Historical
Deck,Vm8xdqrxok179,decks/Vm8XDQRxok179_Xb3WPzZ.webp,Vm8xdqrxok179/deck,300,420,Historical
Deck,Vmzctxifx5eqllpjjw9qt,decks/vmzcTxifx5eQLlPjJW9Qt.webp,Vmzctxifx5eqllpjjw9qt/deck,300,420,Historical
Deck,Voe,decks/VoE_Y6t3SWp5AvhbMFnus.webp,Voe/deck,300,420,Historical
Deck,Vozmhww6bz7b3,decks/VoZmhww6BZ7B3_P39_eRB.webp,Vozmhww6bz7b3/deck,300,420,Historical
Deck,Vp0,decks/vp0-RSKTDoCKhk0oHarys.webp,Vp0/deck,300,420,Historical
Deck,Vpetf0li75qh1t2i6,decks/vpeTF0lI75Qh1T2I6-5Pl.webp,Vpetf0li75qh1t2i6/deck,300,420,Historical
Deck,Vpkkargmm4hpprxpomv8e,decks/vpkkarGMm4HPPrXpomV8E.webp,Vpkkargmm4hpprxpomv8e/deck,300,420,Historical
Deck,Vpyv04xezemq3et,decks/vPyV04xezeMQ3ET_EdzbP.webp,Vpyv04xezemq3et/deck,300,420,Historical
Deck,Vqehls35y9tkn4ne,decks/VQEhlS35Y9TKn4Ne_xNQC.webp,Vqehls35y9tkn4ne/deck,300,420,Historical
Deck,Vqrdox9ejdbfckv1lrwjg,decks/vqRdoX9EJdBFCKv1LRWJg.webp,Vqrdox9ejdbfckv1lrwjg/deck,300,420,Historical
Deck,Vqytpfebo8tigx8wd1izh,decks/vQytPFEBo8TIGx8wd1Izh.webp,Vqytpfebo8tigx8wd1izh/deck,300,420,Historical
Deck,Vr0rd1mh0dftq,decks/VR0RD1mh0DFTq-BjnGSip.webp,Vr0rd1mh0dftq/deck,300,420,Historical
Deck,Vrelaqfy7qcodigmoje7z,decks/vrelAQFy7qCODigMoJe7z.webp,Vrelaqfy7qcodigmoje7z/deck,300,420,Historical
Deck,Vrepyfatu,decks/VRepYfATU_1C3l5epPeLw.webp,Vrepyfatu/deck,300,420,Historical
Deck,Vsylv6hrpk6,decks/VSylv6HRPK6_ncyn4KEdA.webp,Vsylv6hrpk6/deck,300,420,Historical
Deck,Vuiovipbavwbdvhiwz1ct,decks/vuIoVIPBavwBdvhIwZ1ct.webp,Vuiovipbavwbdvhiwz1ct/deck,300,420,Historical
Deck,Vuqd9ha6hn1pcjlz,decks/VUQd9ha6HN1pCjLZ-vMVN.webp,Vuqd9ha6hn1pcjlz/deck,300,420,Historical
Deck,Vv92gxgguu7y4umvttwud,decks/Vv92GxGGUu7Y4uMvtTWuD.webp,Vv92gxgguu7y4umvttwud/deck,300,420,Historical
Deck,Vvevrsvli,decks/vveVRSvLi-A1qhAGhucKw.webp,Vvevrsvli/deck,300,420,Historical
Deck,Vvsxlxblsjbzwzkwqhial,decks/vVSxlXBlSjbZwZKwqhiAl.webp,Vvsxlxblsjbzwzkwqhial/deck,300,420,Historical
Deck,Vw3xhxdzoifgknr4u,decks/vw3xhXdzOIfGKNr4u_F77.webp,Vw3xhxdzoifgknr4u/deck,300,420,Historical
Deck,Vwamhyyjkrhjwwqvyjgbl,decks/vwAMHyYJkRHjWwQvyJGBL.webp,Vwamhyyjkrhjwwqvyjgbl/deck,300,420,Historical
Deck,Vwfilmmcunojpbhk63jit,decks/VwfiLMmcunOJPbhK63jit.webp,Vwfilmmcunojpbhk63jit/deck,300,420,Historical
Deck,Vwiaokff5mbu3pqxpqrer,decks/vwiaOKFF5mbU3PqXPqRER.webp,Vwiaokff5mbu3pqxpqrer/deck,300,420,Historical
Deck,Vwr7g7d3dvlygtk7m9gkl,decks/Vwr7G7D3DVlYGTk7m9Gkl.webp,Vwr7g7d3dvlygtk7m9gkl/deck,300,420,Historical
Deck,Vxdbsurj7g80vns2nr,decks/VxdbsUrj7G80VNS2nR-7L.png,Vxdbsurj7g80vns2nr/deck,300,420,Historical
Deck,Vxecwxo5,decks/vxEcWXo5_aEbQhOxOBs-9.webp,Vxecwxo5/deck,300,420,Historical
Deck,Vxgpb848aj014ijiwehgl,decks/vXGpb848aJ014iJiWEhGl.webp,Vxgpb848aj014ijiwehgl/deck,300,420,Historical
Deck,Vyxn4ho9plgw3djpn3zug,decks/vyxn4Ho9plgW3Djpn3ZuG.webp,Vyxn4ho9plgw3djpn3zug/deck,300,420,Historical
Deck,W,decks/W-EZNibnMpVfe3XgXZn5a.webp,W/deck,300,420,Historical
Deck,W,decks/w-KDKMXFIuT9w9iyhxKVZ.webp,W/deck,300,420,Historical
Deck,W,decks/W-q5C2Yj49mkhhhOi1h1h.webp,W/deck,300,420,Historical
Deck,W0,decks/w0-M7-72Z94o98yBKB4U1.webp,W0/deck,300,420,Historical
Deck,W0cw6kb,decks/w0Cw6kB_ycG3kfCVinqDM.webp,W0cw6kb/deck,300,420,Historical
Deck,W1ov8a6ymlivxzjyvz86w,decks/w1Ov8A6ymLIvXZJyvZ86W.webp,W1ov8a6ymlivxzjyvz86w/deck,300,420,Historical
Deck,W4ezz2cahb7eyr679oyf2,decks/W4ezz2cAhB7eyr679oyF2.webp,W4ezz2cahb7eyr679oyf2/deck,300,420,Historical
Deck,W4gpmizek9gwmvy1ehaov,decks/w4GpMIZEk9GwMVy1EHaov.webp,W4gpmizek9gwmvy1ehaov/deck,300,420,Historical
Deck,W5h,decks/w5H_B6WdHqHXyF4--e7Vl.webp,W5h/deck,300,420,Historical
Deck,W5izj6onxvwecb9lapw7m,decks/W5Izj6OnXVWEcB9lapW7m.webp,W5izj6onxvwecb9lapw7m/deck,300,420,Historical
Deck,W71xy2reclevxu5yudgct,decks/w71XY2RecLevxU5YuDgCt.webp,W71xy2reclevxu5yudgct/deck,300,420,Historical
Deck,W8zynzuuft9inshfll7u3,decks/w8zyNZuufT9inSHFlL7U3.webp,W8zynzuuft9inshfll7u3/deck,300,420,Historical
Deck,W9ewydvw7cmllhbdtgd8p,decks/w9ewYDVW7cmLlHBDTGd8p.webp,W9ewydvw7cmllhbdtgd8p/deck,300,420,Historical
Deck,Wbfzeoxgdopc2qlbujymq,decks/WbFZeoXgdoPc2qLBUJyMQ.webp,Wbfzeoxgdopc2qlbujymq/deck,300,420,Historical
Deck,Wbtlr51m,decks/WbtLR51M_rpoy2WMV2yzd.webp,Wbtlr51m/deck,300,420,Historical
Deck,Wdadwuylz63hf2,decks/WdaDwuYLz63HF2_J2l0n-.webp,Wdadwuylz63hf2/deck,300,420,Historical
Deck,Wekdupcniopoemrbt9a9f,decks/wEkdUpCniOpoeMRBT9a9f.webp,Wekdupcniopoemrbt9a9f/deck,300,420,Historical
Deck,Weporgahdlhahy4mf25h1,decks/wepOrGaHDlHahY4Mf25h1.webp,Weporgahdlhahy4mf25h1/deck,300,420,Historical
Deck,Wesr7v48q,decks/wEsr7v48q-K9vt3DSun1Q.webp,Wesr7v48q/deck,300,420,Historical
Deck,Wfhpztdsja5adcotesqvw,decks/WfhPztdsJa5adCOtEsQvw.webp,Wfhpztdsja5adcotesqvw/deck,300,420,Historical
Deck,Wfn,decks/Wfn-v4PRqQZRNiPafGjRJ.webp,Wfn/deck,300,420,Historical
Deck,Wft4t3hctrwivdmfm84jz,decks/wFt4t3hCtrwiVdMfm84Jz.webp,Wft4t3hctrwivdmfm84jz/deck,300,420,Historical
Deck,Wfw5gtcvpaa1hvfk8tiyv,decks/WFW5GTcVpaa1Hvfk8TIyV.webp,Wfw5gtcvpaa1hvfk8tiyv/deck,300,420,Historical
Deck,Wg2kikceczcqa5lghogib,decks/WG2KiKcEcZCQa5LGhogIb.webp,Wg2kikceczcqa5lghogib/deck,300,420,Historical
Deck,Wgihqsuiaadgjoildhp3v,decks/wgIhQsUiaADgjOiLDhP3v.webp,Wgihqsuiaadgjoildhp3v/deck,300,420,Historical
Deck,Wg,decks/WG_bEQBZOV_JVABgO9LgI.webp,Wg/deck,300,420,Historical
Deck,Whejscxvijwv0wgcwddcj,decks/WHeJscXVIjWV0wGCwddcJ.webp,Whejscxvijwv0wgcwddcj/deck,300,420,Historical
Deck,Whjz1vn42q,decks/WHjZ1Vn42Q-5LowEPC7x3.webp,Whjz1vn42q/deck,300,420,Historical
Deck,Wjcwabslcd8leg,decks/wjCwabslcD8Leg-V1MHVn.webp,Wjcwabslcd8leg/deck,300,420,Historical
Deck,Wjhr5vxqfhijrwkqtspj4,decks/wjHR5VXQFHiJrWKQtSPj4.webp,Wjhr5vxqfhijrwkqtspj4/deck,300,420,Historical
Deck,Wk0gjy7wagt7yhdheyfoy,decks/wk0GJY7WaGT7yhDHeyfoy.webp,Wk0gjy7wagt7yhdheyfoy/deck,300,420,Historical
Deck,Wkmwqza,decks/WkmwQza-TsZZcXQFe_9Fp.webp,Wkmwqza/deck,300,420,Historical
Deck,Wkou2qlsbjocr84jh6csk,decks/WKOU2qLSBJoCr84jH6CsK.webp,Wkou2qlsbjocr84jh6csk/deck,300,420,Historical
Deck,Wlfnawi0cpgrxkwaltw8m,decks/wLfNaWi0CpGRXkwAltw8M.webp,Wlfnawi0cpgrxkwaltw8m/deck,300,420,Historical
Deck,Wmaey7lji0esqivf59sim,decks/wmAey7LjI0ESqivf59sIM.webp,Wmaey7lji0esqivf59sim/deck,300,420,Historical
Deck,Wn6ycdi0fcmayjbfhci71,decks/WN6ycdi0fcmAYJbFhCI71.webp,Wn6ycdi0fcmayjbfhci71/deck,300,420,Historical
Deck,Woy3qcv98zuxjwpvc1,decks/wOY3qcv98zuxJWpVC1_K8.webp,Woy3qcv98zuxjwpvc1/deck,300,420,Historical
Deck,Wpaaalmd94hnlax3euofy,decks/WPAaaLmD94hnlAX3EuofY.webp,Wpaaalmd94hnlax3euofy/deck,300,420,Historical
Deck,Wphnfqps0jrmoguf8p4,decks/Wphnfqps0JrMOGuF8p4_A.png,Wphnfqps0jrmoguf8p4/deck,300,420,Historical
Deck,Wptxusnjynvbz0fjbi6m5,decks/wPTXuSNJyNVbZ0FJbi6m5.webp,Wptxusnjynvbz0fjbi6m5/deck,300,420,Historical
Deck,Wr3qzgitbmnk8gkuhgd0t,decks/Wr3QzGiTbmnk8gkuhgd0T.webp,Wr3qzgitbmnk8gkuhgd0t/deck,300,420,Historical
Deck,Wruq,decks/WrUq-mFscFBuc00jN4HW5.webp,Wruq/deck,300,420,Historical
Deck,Wsjlpgg3nuz,decks/WSjLpGG3nuz_lejw7qh1Y.png,Wsjlpgg3nuz/deck,300,420,Historical
Deck,Wuexz,decks/wuEXZ-KlUH5LPkVoYgEvz.webp,Wuexz/deck,300,420,Historical
Deck,Wufai9syizxf3vedsmgby,decks/wuFAi9syiZXf3VEdsMgBy.webp,Wufai9syizxf3vedsmgby/deck,300,420,Historical
Deck,Wv00f950,decks/WV00f950_H-_wuVcBsAAA.webp,Wv00f950/deck,300,420,Historical
Deck,Wvnsf89q6,decks/wvNsf89q6_fpwLe7uuJn1.webp,Wvnsf89q6/deck,300,420,Historical
Deck,Wvt9dwaavplixdbl9tre7,decks/Wvt9DwaaVPLixDBl9Tre7.webp,Wvt9dwaavplixdbl9tre7/deck,300,420,Historical
Deck,Wx,decks/WX-zT5B00aBwYjCKrQcNY.webp,Wx/deck,300,420,Historical
Deck,Wxyw83m,decks/wxyW83M_j2kgKKq0ib2OW.webp,Wxyw83m/deck,300,420,Historical
Deck,Wy2af1esighrei63xhs4v,decks/Wy2Af1esighREI63XHs4v.webp,Wy2af1esighrei63xhs4v/deck,300,420,Historical
Deck,Wy2lpckq7fq8faetbe,decks/wY2lPCKq7Fq8FAETbE-hA.png,Wy2lpckq7fq8faetbe/deck,300,420,Historical
Deck,Wyu1u5p1hsscd0wpw6zkt,decks/wYu1u5p1hSScD0WpW6ZKT.png,Wyu1u5p1hsscd0wpw6zkt/deck,300,420,Historical
Deck,Wz8xb1b8b34vnuwh4,decks/Wz8Xb1b8b34VNUwh4-C9P.webp,Wz8xb1b8b34vnuwh4/deck,300,420,Historical
Deck,Wz9yjjlf2srtidazl1fgm,decks/wz9yJJLf2srTiDazL1Fgm.webp,Wz9yjjlf2srtidazl1fgm/deck,300,420,Historical
Deck,Wzblknejcs7bui9vcensm,decks/WZBLkNeJcS7bui9VCenSm.webp,Wzblknejcs7bui9vcensm/deck,300,420,Historical
Deck,Wzh7yfwqpnzpj5cslkqeh,decks/WZH7yfWQPNzpj5csLKQeH.webp,Wzh7yfwqpnzpj5cslkqeh/deck,300,420,Historical
Deck,X,decks/x-EHN2-kF9SKS1I8nTjcG.webp,X/deck,300,420,Historical
Deck,X2k6gvuhdha32p7nyshhc,decks/x2K6gVUhdhA32p7nYSHhc.webp,X2k6gvuhdha32p7nyshhc/deck,300,420,Historical
Deck,X3dmsc1t6rrccqhpuqs89,decks/x3dmsC1t6RRCCQhpuqS89.webp,X3dmsc1t6rrccqhpuqs89/deck,300,420,Historical
Deck,X3z5krfdamtlfqko5qk4k,decks/X3Z5krfDaMtlfQKo5Qk4K.webp,X3z5krfdamtlfqko5qk4k/deck,300,420,Historical
Deck,X4hovsartpufsimtc7tu5,decks/x4HovsaRTPuFsImtc7TU5.webp,X4hovsartpufsimtc7tu5/deck,300,420,Historical
Deck,X5pmmfhdlk,decks/X5pmMfhDlK-MV5I_G1j30.webp,X5pmmfhdlk/deck,300,420,Historical
Deck,X61yb23,decks/x61YB23_wMANvCVeHdLL_.webp,X61yb23/deck,300,420,Historical
Deck,X7tqoe6zxzcnukeoxdicv,decks/X7tQoe6ZXzcnukeoXdIcV.webp,X7tqoe6zxzcnukeoxdicv/deck,300,420,Historical
Deck,X8fbj1g,decks/X8FBj1g_4HGRZeQhmjp6d.webp,X8fbj1g/deck,300,420,Historical
Deck,Xabukpk5uz1o9qqmbeyt7,decks/XAbukpK5Uz1O9qQmBeyt7.webp,Xabukpk5uz1o9qqmbeyt7/deck,300,420,Historical
Deck,Xaqdo0n6jj9t,decks/xAQdo0n6jj9T-VA0hPRCp.webp,Xaqdo0n6jj9t/deck,300,420,Historical
Deck,Xbj,decks/XBj-Dfl4Hap0l6b4wrLB6.webp,Xbj/deck,300,420,Historical
Deck,Xbsbumdgom25dsydg9xf8,decks/xBsbumdgom25DsydG9Xf8.webp,Xbsbumdgom25dsydg9xf8/deck,300,420,Historical
Deck,Xb,decks/xB_OgYUID7KflnOHEtYHF.webp,Xb/deck,300,420,Historical
Deck,Xcltgxmwuaklvp9npjbjn,decks/xCltgXMwuakLVP9NPJBJN.webp,Xcltgxmwuaklvp9npjbjn/deck,300,420,Historical
Deck,Xd1j7aj6el9jplstibrkt,decks/Xd1j7aJ6EL9JplstiBRKT.webp,Xd1j7aj6el9jplstibrkt/deck,300,420,Historical
Deck,Xdywidg2pg4tsirrhiwkk,decks/xdyWidG2Pg4tsiRrHiwKk.webp,Xdywidg2pg4tsirrhiwkk/deck,300,420,Historical
Deck,Xebhoiyxd1qadgoxltjp1,decks/xEBHOIYXD1qADGOxLtJp1.webp,Xebhoiyxd1qadgoxltjp1/deck,300,420,Historical
Deck,Xenotxc9uxdqle9gs7wwe,decks/XeNotXc9UXDQle9GS7wwe.webp,Xenotxc9uxdqle9gs7wwe/deck,300,420,Historical
Deck,Xffyl2td,decks/XffyL2td-ugyv5U0u9Aax.webp,Xffyl2td/deck,300,420,Historical
Deck,Xgjsie5aoevqe2qbtgfo0,decks/XgjsIE5aoEVQe2QBTGfO0.webp,Xgjsie5aoevqe2qbtgfo0/deck,300,420,Historical
Deck,Xglsmbyto7yonat3ra45a,decks/xGLsMbYto7YoNAt3RA45A.png,Xglsmbyto7yonat3ra45a/deck,300,420,Historical
Deck,Xg,decks/xG_glJvc_rwZkwIRxk-dQ.webp,Xg/deck,300,420,Historical
Deck,Xicdlvumj,decks/xICdLVuMJ_O5jEl3UwAcu.webp,Xicdlvumj/deck,300,420,Historical
Deck,Xj,decks/xj-thp0ukQrakhO2SFMh5.webp,Xj/deck,300,420,Historical
Deck,Xltenbyt6jzezu,decks/xLtenBYt6Jzezu_6DkFEd.webp,Xltenbyt6jzezu/deck,300,420,Historical
Deck,Xm92zzffqz4k,decks/XM92zzfFQZ4K-FdTdDX6b.webp,Xm92zzffqz4k/deck,300,420,Historical
Deck,Xmdwg57bm7czj824f,decks/XMDWg57bm7CZj824F_fwv.webp,Xmdwg57bm7czj824f/deck,300,420,Historical
Deck,Xni7yxu,decks/xNI7yxu_FE8mCW_D6D4li.webp,Xni7yxu/deck,300,420,Historical
Deck,Xnqwqtkwy0os9xbfwijtq,decks/xnqwqTkWY0oS9xbFwIjTq.webp,Xnqwqtkwy0os9xbfwijtq/deck,300,420,Historical
Deck,Xn,decks/xn_HCHjKamkYxeDnTeN6n.webp,Xn/deck,300,420,Historical
Deck,Xpamriqonempfmc2r,decks/xpamrIQonEMpfmc2r-4H4.webp,Xpamriqonempfmc2r/deck,300,420,Historical
Deck,Xpzul1afijiuaemx0jwhg,decks/xPzUL1afiJiuAEmX0JWhG.webp,Xpzul1afijiuaemx0jwhg/deck,300,420,Historical
Deck,Xrljzwc2l,decks/xRLJzwc2L_Zxr6N2Wb5wV.webp,Xrljzwc2l/deck,300,420,Historical
Deck,Xrswcg1mngcecduh3xde8,decks/xrSWcG1MngCeCDuh3Xde8.png,Xrswcg1mngcecduh3xde8/deck,300,420,Historical
Deck,Xshv1nkns6vvefkeszmf3,decks/Xshv1NknS6vVefKESzmF3.webp,Xshv1nkns6vvefkeszmf3/deck,300,420,Historical
Deck,Xsjgi5zkcuupo5zfgnp2p,decks/xSJGi5zKCuupo5zFgnp2p.webp,Xsjgi5zkcuupo5zfgnp2p/deck,300,420,Historical
Deck,Xslievgqds7vzj7,decks/xSLiEVGQDS7vZJ7-Ld7HC.webp,Xslievgqds7vzj7/deck,300,420,Historical
Deck,Xslm86crq,decks/XslM86crQ-ICUC8oLj6_Y.webp,Xslm86crq/deck,300,420,Historical
Deck,Xsmma5eihtqpgevh4vqno,decks/xSmmA5eIHTqPgevh4vqno.webp,Xsmma5eihtqpgevh4vqno/deck,300,420,Historical
Deck,Xsrrbdm6qnko6tyrwmars,decks/xsRRBDm6QNkO6tyRwmArS.webp,Xsrrbdm6qnko6tyrwmars/deck,300,420,Historical
Deck,Xsvtgdlzpjrvgjr,decks/XSVtGdLZpjRVgjR-3Pg2x.webp,Xsvtgdlzpjrvgjr/deck,300,420,Historical
Deck,Xtgephqgimiztuzjcggf4,decks/xtgEPHqgIMiztUzjcGGf4.png,Xtgephqgimiztuzjcggf4/deck,300,420,Historical
Deck,Xutniybjkuqlmw,decks/XuTnIYBJkuQLMW-9FDCnm.webp,Xutniybjkuqlmw/deck,300,420,Historical
Deck,Xvdytl1j7ylhhvr3iboag,decks/XVDyTL1J7ylhhvR3IBoAg.webp,Xvdytl1j7ylhhvr3iboag/deck,300,420,Historical
Deck,Xvmyq20mnmvfpc1gvah9j,decks/XvmYQ20mnMvFPC1gvaH9J.webp,Xvmyq20mnmvfpc1gvah9j/deck,300,420,Historical
Deck,Xx1ghsrzo0jyvqs7jxrig,decks/XX1GhSrzo0JyVQs7jxRig.webp,Xx1ghsrzo0jyvqs7jxrig/deck,300,420,Historical
Deck,Xxfy3fpnunj86tbirycyx,decks/XxfY3fPNUNJ86TBiRyCyX.webp,Xxfy3fpnunj86tbirycyx/deck,300,420,Historical
Deck,Xxx5l7rkkdvypyapwnoja,decks/xxx5l7rKKdvypYApWNoja.webp,Xxx5l7rkkdvypyapwnoja/deck,300,420,Historical
Deck,Xz1hdgrrdlwbtxxz1qsyu,decks/Xz1hDgRRDlwBtXXZ1qsYu.webp,Xz1hdgrrdlwbtxxz1qsyu/deck,300,420,Historical
Deck,Y,decks/y-YLWF04SEe2SwBqATStn.png,Y/deck,300,420,Historical
Deck,Y0zogza04n31huyw5uzxy,decks/Y0zOgza04N31huYW5UZxy.webp,Y0zogza04n31huyw5uzxy/deck,300,420,Historical
Deck,Y1tiwbwhaazyv45njeyry,decks/y1TIWBwHaAzyV45NjEyRy.webp,Y1tiwbwhaazyv45njeyry/deck,300,420,Historical
Deck,Y3b,decks/y3B_3Zu9nIxiOjbxqf1aG.webp,Y3b/deck,300,420,Historical
Deck,Y42afra,decks/Y42Afra-oa5NJfGshei7B.webp,Y42afra/deck,300,420,Historical
Deck,Y44ml12a50,decks/y44mL12A50-CDuuqkKL23.webp,Y44ml12a50/deck,300,420,Historical
Deck,Y5kahmpsakejotozbjekn,decks/y5KAhmpsAKeJOtoZBJekn.webp,Y5kahmpsakejotozbjekn/deck,300,420,Historical
Deck,Y5wop2yki8vueowh9tyvb,decks/y5WOp2YKI8vUEoWh9TYVb.webp,Y5wop2yki8vueowh9tyvb/deck,300,420,Historical
Deck,Y9dzvkfysbrun3qvfvelf,decks/Y9dZvkFYSbrUN3QvfveLf.webp,Y9dzvkfysbrun3qvfvelf/deck,300,420,Historical
Deck,Yci8jl4jwzfo063of6fk6,decks/Yci8JL4jwzFO063oF6fk6.webp,Yci8jl4jwzfo063of6fk6/deck,300,420,Historical
Deck,Yebqdrlo6bue9bw68z6b7,decks/yEbqDRlo6BUE9bw68Z6b7.webp,Yebqdrlo6bue9bw68z6b7/deck,300,420,Historical
Deck,Yfasgswptdz,decks/yFASgSWptDz_d2SkfToJS.webp,Yfasgswptdz/deck,300,420,Historical
Deck,Yfazfmnfzkhyimj1vflue,decks/YFAZFMNfzKhYiMj1vFLUE.webp,Yfazfmnfzkhyimj1vflue/deck,300,420,Historical
Deck,Yfkwvnbyazivp60qrof0c,decks/YfKwvNbyAZivP60QROf0C.png,Yfkwvnbyazivp60qrof0c/deck,300,420,Historical
Deck,Ygeps2xbvsx6,decks/YGepS2xBvsx6_5z7bYavT.webp,Ygeps2xbvsx6/deck,300,420,Historical
Deck,Yic2w5fv,decks/Yic2W5FV-k5cW-hmiRRhB.webp,Yic2w5fv/deck,300,420,Historical
Deck,Yjiw79x2,decks/YjIW79x2-7sGq7y0c0MmC.webp,Yjiw79x2/deck,300,420,Historical
Deck,Yjjpugftbkuavastz44dw,decks/YjjPUGfTBKuAVasTZ44DW.webp,Yjjpugftbkuavastz44dw/deck,300,420,Historical
Deck,Yjyldr,decks/yjyLDR_hVirOmOQryVcXd.webp,Yjyldr/deck,300,420,Historical
Deck,Yk36urufxewrhrwnpmuat,decks/yK36uRufXewRHRwnpmUAT.webp,Yk36urufxewrhrwnpmuat/deck,300,420,Historical
Deck,Yl8m2rtnr,decks/yl8m2rtNR-3_ceH2ypSQ5.webp,Yl8m2rtnr/deck,300,420,Historical
Deck,Ylkvcbuag2yjpcjsp,decks/YlkVCbUag2YJpCjsp_x44.webp,Ylkvcbuag2yjpcjsp/deck,300,420,Historical
Deck,Ylocv2olhxjtym50x6bzo,decks/yLocv2OlHXjtym50x6BzO.webp,Ylocv2olhxjtym50x6bzo/deck,300,420,Historical
Deck,Ylpthx,decks/ylpThx-_V6hDiEyzh5CuT.webp,Ylpthx/deck,300,420,Historical
Deck,Yod3bk00s,decks/YOd3Bk00s_yEKOB4iPqW7.webp,Yod3bk00s/deck,300,420,Historical
Deck,Yoqikokn8pnbgg25d7j2q,decks/YOQikOKN8PNBGG25D7j2q.webp,Yoqikokn8pnbgg25d7j2q/deck,300,420,Historical
Deck,Yp40rjtponltmdqcmogru,decks/yp40RjtpONLtmDqcmogRu.webp,Yp40rjtponltmdqcmogru/deck,300,420,Historical
Deck,Ypfn6g6gt4itgwlxhn2tg,decks/ypfn6g6gt4iTgwLXhn2tG.webp,Ypfn6g6gt4itgwlxhn2tg/deck,300,420,Historical
Deck,Ypp6bfleymq9flvot,decks/YpP6BFLEYmq9FLVoT-L8H.webp,Ypp6bfleymq9flvot/deck,300,420,Historical
Deck,Yqdznq,decks/yQdZNQ-3al6mkbPyvKU1s.webp,Yqdznq/deck,300,420,Historical
Deck,Yqtbwdvklpo1npdq7xj1e,decks/yqtBWdvkLPO1npdQ7Xj1E.webp,Yqtbwdvklpo1npdq7xj1e/deck,300,420,Historical
Deck,Yqvup1gwefbkjni6dwcx4,decks/yqvUp1gweFbKjnI6Dwcx4.webp,Yqvup1gwefbkjni6dwcx4/deck,300,420,Historical
Deck,Yr8u6kzyzkut0mcokenkw,decks/YR8U6KZYzkuT0mCOkEnkw.webp,Yr8u6kzyzkut0mcokenkw/deck,300,420,Historical
Deck,Ytwtsb,decks/YtWTSB-VbV1qvbgzhQf0C.webp,Ytwtsb/deck,300,420,Historical
Deck,Yu0kao9i85dfwyfmxb9np,decks/YU0Kao9i85dfwyFmxB9nP.webp,Yu0kao9i85dfwyfmxb9np/deck,300,420,Historical
Deck,Yuj2mdj,decks/yuj2mdj_emrcoqFZnclMk.webp,Yuj2mdj/deck,300,420,Historical
Deck,Yvizovnv5mpljyfo2bwrt,decks/yVIzOvnv5mplJyFO2bwRT.webp,Yvizovnv5mpljyfo2bwrt/deck,300,420,Historical
Deck,Yvtyvgr0kuc,decks/yvtyVgr0KUc-jFdyi3wF0.webp,Yvtyvgr0kuc/deck,300,420,Historical
Deck,Yxrlk,decks/YXrlk_bcK5JUPkxK-zFv4.webp,Yxrlk/deck,300,420,Historical
Deck,Yxvcrktmpjtaorn8s5d,decks/yXVcrKtMpjtaORN8S5d-F.webp,Yxvcrktmpjtaorn8s5d/deck,300,420,Historical
Deck,Yyyipteht9ysfu,decks/yyYipteHT9ysfU_iuQvf3.webp,Yyyipteht9ysfu/deck,300,420,Historical
Deck,Z,decks/z-A_jHFhJ-ah9OIcmwjDi.webp,Z/deck,300,420,Historical
Deck,Z1hidrogc49pxbj7ehyeb,decks/Z1hidROGC49pxBJ7eHYeB.webp,Z1hidrogc49pxbj7ehyeb/deck,300,420,Historical
Deck,Z3xlxnogftjldyh7v9s8e,decks/Z3xlXNogftJLDYH7v9s8e.webp,Z3xlxnogftjldyh7v9s8e/deck,300,420,Historical
Deck,Z5ef2,decks/Z5eF2_MXtzo4oS3b-vM4X.webp,Z5ef2/deck,300,420,Historical
Deck,Z6kn3nl1jmahwmar5emkd,decks/z6kN3nl1jmAhWMAR5emKd.png,Z6kn3nl1jmahwmar5emkd/deck,300,420,Historical
Deck,Z6xitszwa2jlyrqjapk1b,decks/z6xitSZWA2JlYRqjapK1B.webp,Z6xitszwa2jlyrqjapk1b/deck,300,420,Historical
Deck,Z73bggnrp95lakisu4h1g,decks/Z73bGGnRP95LAKiSu4H1g.webp,Z73bggnrp95lakisu4h1g/deck,300,420,Historical
Deck,Z7knbt2onfhe0iaave3ac,decks/Z7kNBt2onFHE0IaAvE3Ac.webp,Z7knbt2onfhe0iaave3ac/deck,300,420,Historical
Deck,Z7zoahkvkj7zlutxyznjp,decks/z7ZOahKvKJ7zluTXyznjP.webp,Z7zoahkvkj7zlutxyznjp/deck,300,420,Historical
Deck,Z9gqt,decks/Z9GQt_mVDK1p8BWdxULyS.webp,Z9gqt/deck,300,420,Historical
Deck,Z9xdoitwmopknbbsllcba,decks/Z9xDOITWmOpKnbbSllcBa.webp,Z9xdoitwmopknbbsllcba/deck,300,420,Historical
Deck,Zapfmzh0u,decks/zaPFmZH0U_F8FzZ8ZQMBV.webp,Zapfmzh0u/deck,300,420,Historical
Deck,Zb1daf8z2yfz57dyvtv3v,decks/zB1DAf8Z2yfZ57DyVTV3v.webp,Zb1daf8z2yfz57dyvtv3v/deck,300,420,Historical
Deck,Zbacsas,decks/ZBAcSas_s4McwOaffxNyb.webp,Zbacsas/deck,300,420,Historical
Deck,Zbd7lganix3dnm9klznx2,decks/ZBD7lganIX3DNM9KlznX2.png,Zbd7lganix3dnm9klznx2/deck,300,420,Historical
Deck,Zbor2pw7iucurrmuxbhlp,decks/zbor2pw7IucurrmUXBHLP.webp,Zbor2pw7iucurrmuxbhlp/deck,300,420,Historical
Deck,Zbvy4lqnrvwc,decks/ZBvY4lqNRVWC__zjPAoKw.webp,Zbvy4lqnrvwc/deck,300,420,Historical
Deck,Zcwyyb4xlq5xfbafueahk,decks/zCwYyB4XLQ5xfbAfUEAhk.webp,Zcwyyb4xlq5xfbafueahk/deck,300,420,Historical
Deck,Zd9u8bsianwanoqrijvsd,decks/ZD9U8bSiANWAnoqRIJVsd.png,Zd9u8bsianwanoqrijvsd/deck,300,420,Historical
Deck,Zdf,decks/zDF-OwMovcQHKxYG3w2ng.webp,Zdf/deck,300,420,Historical
Deck,Zdfodtm9fhsyqvczkqszi,decks/Zdfodtm9FHSyQvczkqSzi.webp,Zdfodtm9fhsyqvczkqszi/deck,300,420,Historical
Deck,Ze7vkd4bdz0goi3,decks/Ze7VKd4bdZ0GoI3-rVPMX.webp,Ze7vkd4bdz0goi3/deck,300,420,Historical
Deck,Zez7nuzig3v1ndqjslnbf,decks/zez7NUZIG3V1ndqjsLNBF.webp,Zez7nuzig3v1ndqjslnbf/deck,300,420,Historical
Deck,Ze,decks/zE_IqHq4E4ifJ47tRM4Wz.webp,Ze/deck,300,420,Historical
Deck,Zfbmrvtbnyqdjwksszzhw,decks/zfbmRVTbnYqDJWkSSZzHw.webp,Zfbmrvtbnyqdjwksszzhw/deck,300,420,Historical
Deck,Zfedeh9nsprfg9xj,decks/ZfeDeh9nspRFg9Xj-rFTo.webp,Zfedeh9nsprfg9xj/deck,300,420,Historical
Deck,Zfixiy6c,decks/zFiXIy6c_ro4J77SL0tB7.webp,Zfixiy6c/deck,300,420,Historical
Deck,Zgd9,decks/zGD9-xY8FsRqg8AMIZxss.webp,Zgd9/deck,300,420,Historical
Deck,Zgllh5w2vwlrarhgucjb3,decks/ZGlLH5w2vWlRarHgucjb3.webp,Zgllh5w2vwlrarhgucjb3/deck,300,420,Historical
Deck,Zhf2fhococqyzx7grtswq,decks/ZhF2FHoCOcQYZX7GRtSWQ.webp,Zhf2fhococqyzx7grtswq/deck,300,420,Historical
Deck,Zhgq6anq8n8zr8fxoh5qp,decks/ZHGq6AnQ8n8Zr8fxOh5qP.webp,Zhgq6anq8n8zr8fxoh5qp/deck,300,420,Historical
Deck,Zi7t743sznxjq0pwego8n,decks/Zi7t743SZNXjq0pWegO8n.webp,Zi7t743sznxjq0pwego8n/deck,300,420,Historical
Deck,Ziiaim83p5ajqb4p,decks/ziIAIm83p5AjQb4P_h40Y.webp,Ziiaim83p5ajqb4p/deck,300,420,Historical
Deck,Zinmdv,decks/ZiNMDv_W7CNW8-PK2pvt2.webp,Zinmdv/deck,300,420,Historical
Deck,Zir1bqdw1yua7xwzpxl1q,decks/zIr1BqDw1Yua7XwZPXl1q.webp,Zir1bqdw1yua7xwzpxl1q/deck,300,420,Historical
Deck,Zjleiufktcze,decks/zJLeiUfKtCZe-YtXpRcuy.webp,Zjleiufktcze/deck,300,420,Historical
Deck,Zj,decks/zJ_aVOSH5Zy6SYLzosy4T.webp,Zj/deck,300,420,Historical
Deck,Zlkidbj1th3qmmzv7witd,decks/ZLkIdBj1tH3qmMZv7WITd.webp,Zlkidbj1th3qmmzv7witd/deck,300,420,Historical
Deck,Zlwhnh011ekujgrmsrsrx,decks/zLwHNh011ekUjGRmSrsrx.webp,Zlwhnh011ekujgrmsrsrx/deck,300,420,Historical
Deck,Zmamhfcvdpnfwtspooxbb,decks/ZmAmHfcvDPNfwtSPoOXbb.webp,Zmamhfcvdpnfwtspooxbb/deck,300,420,Historical
Deck,Zmbn,decks/ZMbN_odGHLfSG0SDmhhHH.webp,Zmbn/deck,300,420,Historical
Deck,Zmgjkuff,decks/ZmGjkuFF-3XiM5XWlyYMA.png,Zmgjkuff/deck,300,420,Historical
Deck,Zmltrxmott0eg,decks/ZmltRXMott0eG_fXLpD3n.webp,Zmltrxmott0eg/deck,300,420,Historical
Deck,Zmmgnocxietd512eit0wg,decks/ZMMgnoCxIETD512eIT0Wg.webp,Zmmgnocxietd512eit0wg/deck,300,420,Historical
Deck,Zmqqphu9m9ogvgl0,decks/ZmqqPHU9M9oGVgl0-dH5i.webp,Zmqqphu9m9ogvgl0/deck,300,420,Historical
Deck,Zndzcnjmmq3bht3o9,decks/ZnDzcNjMMQ3BHt3O9-tek.webp,Zndzcnjmmq3bht3o9/deck,300,420,Historical
Deck,Znor5u3ymyuchtzpyidic,decks/Znor5U3YmyuCHTzPyIDiC.webp,Znor5u3ymyuchtzpyidic/deck,300,420,Historical
Deck,Zo7ngd4snartpbcq4,decks/ZO7NGd4SnARTpBcq4-KV-.png,Zo7ngd4snartpbcq4/deck,300,420,Historical
Deck,Zqangwkuzt05qzuuymcdy,decks/ZQANGWkuzt05qZUuymcDy.png,Zqangwkuzt05qzuuymcdy/deck,300,420,Historical
Deck,Zqdlk,decks/zQdLk_2PxaM_y9bqFdq-C.webp,Zqdlk/deck,300,420,Historical
Deck,Zrfzqex6b4v44gsav,decks/ZrFZqEX6b4V44GSAV-ZqP.webp,Zrfzqex6b4v44gsav/deck,300,420,Historical
Deck,Zscpddrq2270jghu7zixj,decks/zscPddRQ2270jgHU7ZIxj.webp,Zscpddrq2270jghu7zixj/deck,300,420,Historical
Deck,Zshov4upixxz,decks/ZsHOv4UpIxxz_23vBYwKD.webp,Zshov4upixxz/deck,300,420,Historical
Deck,Zt4ayarpjplnsel23rbaj,decks/zT4aYArpJPlNSEL23RBAj.webp,Zt4ayarpjplnsel23rbaj/deck,300,420,Historical
Deck,Zt,decks/zt_cRPzsFWFm30H2TAsTg.webp,Zt/deck,300,420,Historical
Deck,Zuxejoqjnicp545d61g4r,decks/zUXeJoQJNIcp545d61G4r.webp,Zuxejoqjnicp545d61g4r/deck,300,420,Historical
Deck,Zu,decks/ZU_-V-Uoc5F6yciCXjQdW.webp,Zu/deck,300,420,Historical
Deck,Zzjo,decks/zzJo-941acJOZhW4OguXU.webp,Zzjo/deck,300,420,Historical
Deck,Z,decks/Z_DD4Lst_yNhW4gIyLHO9.png,Z/deck,300,420,Historical
Deck,Z,decks/Z_vhyAWFFIwqE5Y9JHiHi.webp,Z/deck,300,420,Historical
Deck,Z,decks/Z_XEeMtV027k2ZfAO0rz2.webp,Z/deck,300,420,Historical
Deck,,decks/_05O4y9zGZWMZonM8rK9R.webp,/deck,300,420,Historical
Deck,,decks/_1RkHmln41tou8-qhdRMS.webp,/deck,300,420,Historical
Deck,,decks/_2Bh1B2kqhnI25LN1rbGo.webp,/deck,300,420,Historical
Deck,,decks/_3t9dqYEL1V3jRQygpM94.webp,/deck,300,420,Historical
Deck,,decks/_4dVLIKDDtguJhPouZPpE.webp,/deck,300,420,Historical
Deck,,decks/_64qLfFqGXa19u_kTo6J5.webp,/deck,300,420,Historical
Deck,,decks/_7YImENFtkQ6xou-1pQ9G.webp,/deck,300,420,Historical
Deck,,decks/_azsAi3WQy4uNXFs70WN0.webp,/deck,300,420,Historical
Deck,,decks/_c92wypz2NSFPYR3dX_Ls.webp,/deck,300,420,Historical
Deck,,decks/_chadVspDT5NR_K9gm239.webp,/deck,300,420,Historical
Deck,,decks/_cSnaMXnYEo1ZDZrLUjIx.png,/deck,300,420,Historical
Deck,,decks/_dvbSyaH6BMkKQ2geMOLS.webp,/deck,300,420,Historical
Deck,,decks/_eszmAouO7_exiyhChddK.webp,/deck,300,420,Historical
Deck,,decks/_FsCudH2UV-lt9L8Kf6dW.webp,/deck,300,420,Historical
Deck,,decks/_hCeIBEozVld7V8DH8XbJ.webp,/deck,300,420,Historical
Deck,,decks/_HVDHecogEsaccNxtE2v6.webp,/deck,300,420,Historical
Deck,,decks/_jpB9222Bw2GwzjnvTBFj.png,/deck,300,420,Historical
Deck,,decks/_K-04NPknr9xuX2qhKJxs.webp,/deck,300,420,Historical
Deck,,decks/_Kd1QYUETWYQCTf6S6_q5.webp,/deck,300,420,Historical
Deck,,decks/_kLsFmhVRZiQ3D-mT8RHd.webp,/deck,300,420,Historical
Deck,,decks/_l7ayPCOa4QYpOV49uRdf.webp,/deck,300,420,Historical
Deck,,decks/_OEKsdDX1N523--2KLWcO.webp,/deck,300,420,Historical
Deck,,decks/_owFHHlUOi4ELD_tlwIkI.webp,/deck,300,420,Historical
Deck,,decks/_q3aaEKDpjNXYCCy8gvJ1.webp,/deck,300,420,Historical
Deck,,decks/_UjQWLFU10zuJigd2dXV7.webp,/deck,300,420,Historical
Deck,,decks/_uRX9GZXjYI1kacXUV8xQ.webp,/deck,300,420,Historical
Deck,,decks/_vab3Jr_pqB3uLUnLewAW.webp,/deck,300,420,Historical
Deck,,decks/_VbQcT4mEpsnZhYTRfC_f.png,/deck,300,420,Historical
Deck,,decks/_xvhyb8QehP6KppQmboZf.webp,/deck,300,420,Historical
Deck,,decks/_xYDvIvfe8wjguv7nTe5e.webp,/deck,300,420,Historical
