2026.09.28-14.43.47 --- S08 trace open 2026.09.28-14.43.47 ---
2026.09.28-14.43.47 HUD icon texture size=32 ready=1 path=/Game/ArtTests/ARTMarkers/Textures/T_UI_Action_Attack_32 texture=32x32 probe=0 plate=1
2026.09.28-14.43.47 S09AUTO config flow=1 boost=0 shotDir=C:\Users\ren\AppData\Local\Temp\s09-combat-20260928-194340-47580\joiner
2026.09.28-14.43.47 LOGIN ok user=art-preview-joiner
2026.09.28-14.43.50 HEROES loaded 84
2026.09.28-14.43.50 CODE resolved -> cmulcyak100hxwip412x34a7o
2026.09.28-14.43.50 joinGame -> room=cmulcyak100hxwip412x34a7o code=<redacted> status=LOBBY
2026.09.28-14.43.53 game -> room=cmulcyak100hxwip412x34a7o code=<redacted> status=LOBBY
2026.09.28-14.43.53 selectHero -> room=cmulcyak100hxwip412x34a7o code=<redacted> status=LOBBY
2026.09.28-14.43.56 game -> room=cmulcyak100hxwip412x34a7o code=<redacted> status=LOBBY
2026.09.28-14.43.56 toggleReady -> room=cmulcyak100hxwip412x34a7o code=<redacted> status=LOBBY
2026.09.28-14.43.59 game -> room=cmulcyak100hxwip412x34a7o code=<redacted> status=LOBBY
2026.09.28-14.44.02 game -> room=cmulcyak100hxwip412x34a7o code=<redacted> status=IN_PROGRESS
2026.09.28-14.44.02 S09AUTO drive mode=0 plan=[defend+resolve] phase= turn=
2026.09.28-14.44.02 SNAPSHOT applied seq=3 phase=ACTION_MANEUVER
2026.09.28-14.44.02 HANDLE_APPLIED #1 seq=3 decision=2 fightersValid=1 boardValid=1
2026.09.28-14.44.02 MODE seq=3 mode=0 combat=0 pending=0
2026.09.28-14.44.02 HUD seq=3 phase=ACTION_MANEUVER turn=opp hand=5 oppHand=6(hidden) oppDeck=24 deck=25 discard=0
2026.09.28-14.44.02 ARTPREVIEW board profiles loaded=1 revision=1 boards=3 zoneStyles=11 lightProfiles=3 errors=0 path=Config/ArtBoards/S08ArtBoardProfiles.json
2026.09.28-14.44.02 ARTPREVIEW Cobble assets ready
2026.09.28-14.44.02 ARTPREVIEW board assets ready cobbleMesh=1 tiles=1 zoneMaterials=2
2026.09.28-14.44.02 ARTPREVIEW medusa candidate variant=face-neck-v2 mesh=SK_Medusa_FaceNeck_v2Candidate requested=face-neck-v2
2026.09.28-14.44.02 ARTPREVIEW board profile=cobble-city match=boardId board=5x6 boardId=cmuhgs4b2001mwik4f2b2xtf8 surface=cobble-5x6-mesh light=cobble-probe artFixture=0
2026.09.28-14.44.02 ARTPREVIEW light profile=cobble-probe name=key role=key kind=directional at=(-350,-150,600) intensity=4.5 radius=0 color=(1.00,1.00,1.00) shadow=1
2026.09.28-14.44.02 ARTPREVIEW light profile=cobble-probe name=fill role=fill kind=point at=(0,-100,550) intensity=700 radius=1800 color=(1.00,1.00,1.00) shadow=0
2026.09.28-14.44.02 ARTPREVIEW light profile=cobble-probe name=warm role=warm kind=point at=(260,-300,250) intensity=85 radius=450 color=(1.00,1.00,1.00) shadow=0
2026.09.28-14.44.02 ARTPREVIEW lights applied profile=cobble-probe directional=1 shadow=1 points=2 pointShadows=0 budgetOk=1
2026.09.28-14.44.02 ARTPREVIEW Cobble probe lights key=4.5 fill=700 warm=85
2026.09.28-14.44.02 ARTPREVIEW Cobble active 5x6 zones=30 blue=15 red=15 blueMarks=15 redMarks=45
2026.09.28-14.44.02 ARTPREVIEW board active profile=cobble-city 5x6 surface=cobble-5x6-mesh cells=30 zoneCells=30 multizone=0 triple=0 obstacles=0 zoneKeys=2 strokes=60 glyphs=45 surfaceParts=0 glyphMaterial=review expectOk=1
2026.09.28-14.44.02 ARTPREVIEW board zone key=blue cells=15 stroke=solid glyph=diamond material=M_ART005_BlueSection_Review ismUsage=0 strokePieces=15 glyphPieces=15 fallback=0
2026.09.28-14.44.02 ARTPREVIEW board zone key=red cells=15 stroke=dash3 glyph=bars2 material=M_ART005_RedSection_Review ismUsage=0 strokePieces=45 glyphPieces=30 fallback=0
2026.09.28-14.44.02 ARTPREVIEW board multizone cells=0 zonesListed=0 zonesMarked=0
2026.09.28-14.44.02 CAMERA dist=1931 loc=(0,1107,1582) pitch=-55 yaw=-90
2026.09.28-14.44.02 CAMERA config overview=1930.8 nearest=300.0 farthest=2970.4 zoomRange=0.65-6.44 minDist=300.0 outRatio=0.650 step=1.250 animMs=200 returnMs=300 followFrom=1.20 source=defaults issues=0
2026.09.28-14.44.02 BOARD 5x6 cells | control points: (0,0)=(-200,-250,0) (4,5)=(200,250,0) | neighbor pair (dist 100 uu)
2026.09.28-14.44.02 ARTPREVIEW click capsule fighter=f-0-hero mesh=SK_Medusa_FaceNeck_v2Candidate physicsAsset=0 radius=12.5 halfHeight=27.5 top=55.0 bodyCollision=0 source=meshBounds
2026.09.28-14.44.02 ARTPREVIEW fighter=Medusa hero=1 eligible=1 visual=1 mesh=SK_Medusa_FaceNeck_v2Candidate
2026.09.28-14.44.02 ARTPREVIEW click capsule fighter=f-0-sk0 mesh=SM_ART003_Harpy physicsAsset=0 radius=20.0 halfHeight=21.0 top=42.0 bodyCollision=0 source=meshBounds
2026.09.28-14.44.02 ARTPREVIEW click capsule fighter=f-0-sk1 mesh=SM_ART003_Harpy physicsAsset=0 radius=20.0 halfHeight=21.0 top=42.0 bodyCollision=0 source=meshBounds
2026.09.28-14.44.02 ARTPREVIEW click capsule fighter=f-0-sk2 mesh=SM_ART003_Harpy physicsAsset=0 radius=20.0 halfHeight=21.0 top=42.0 bodyCollision=0 source=meshBounds
2026.09.28-14.44.02 ARTPREVIEW click capsule fighter=f-1-hero mesh=SM_ART003_Arthur physicsAsset=0 radius=17.8 halfHeight=28.0 top=56.0 bodyCollision=0 source=meshBounds
2026.09.28-14.44.02 ARTPREVIEW click capsule fighter=f-1-sk0 mesh=SM_ART003_Merlin physicsAsset=0 radius=14.7 halfHeight=30.8 top=61.5 bodyCollision=0 source=meshBounds
2026.09.28-14.44.02 FIGHTERS synced n=6 alive=6 own=2 enemy=4
2026.09.28-14.44.02 STATE seq=3 -> apply
2026.09.28-14.44.02 HUD art layer plate=1 iconSize=32 iconTexture=1 iconProbe=0 plan=0
2026.09.28-14.44.02 SUBSCRIBED gameStateUpdated since=3
2026.09.28-14.44.02 SNAPSHOT applied seq=3 phase=ACTION_MANEUVER
2026.09.28-14.44.02 HANDLE_APPLIED #2 seq=3 decision=1 fightersValid=1 boardValid=1
2026.09.28-14.44.02 MODE seq=3 mode=0 combat=0 pending=0
2026.09.28-14.44.02 HUD seq=3 phase=ACTION_MANEUVER turn=opp hand=5 oppHand=6(hidden) oppDeck=24 deck=25 discard=0
2026.09.28-14.44.02 ARTPREVIEW fighter=Medusa hero=1 eligible=1 visual=1 mesh=SK_Medusa_FaceNeck_v2Candidate
2026.09.28-14.44.02 FIGHTERS synced n=6 alive=6 own=2 enemy=4
2026.09.28-14.44.02 WS seq=3 phase=ACTION_MANEUVER (merge)
2026.09.28-14.44.03 SNAPSHOT applied seq=4 phase=ACTION_MANEUVER
2026.09.28-14.44.03 HANDLE_APPLIED #3 seq=4 decision=2 fightersValid=1 boardValid=1
2026.09.28-14.44.03 MODE seq=4 mode=0 combat=0 pending=0
2026.09.28-14.44.03 HUD seq=4 phase=ACTION_MANEUVER turn=opp hand=5 oppHand=7(hidden) oppDeck=24~ deck=25~ discard=0
2026.09.28-14.44.03 ARTPREVIEW fighter=Medusa hero=1 eligible=1 visual=1 mesh=SK_Medusa_FaceNeck_v2Candidate
2026.09.28-14.44.03 FIGHTERS synced n=6 alive=6 own=2 enemy=4
2026.09.28-14.44.03 WS seq=4 phase=ACTION_MANEUVER (apply)
2026.09.28-14.44.03 SNAPSHOT applied seq=5 phase=ACTION_MANEUVER
2026.09.28-14.44.03 HANDLE_APPLIED #4 seq=5 decision=2 fightersValid=1 boardValid=1
2026.09.28-14.44.03 MODE seq=5 mode=0 combat=0 pending=0
2026.09.28-14.44.03 HUD seq=5 phase=ACTION_MANEUVER turn=you hand=5 oppHand=7(hidden) oppDeck=24~ deck=25~ discard=0
2026.09.28-14.44.03 ARTPREVIEW fighter=Medusa hero=1 eligible=1 visual=1 mesh=SK_Medusa_FaceNeck_v2Candidate
2026.09.28-14.44.03 FIGHTERS synced n=6 alive=6 own=2 enemy=4
2026.09.28-14.44.03 WS seq=5 phase=ACTION_MANEUVER (apply)
2026.09.28-14.44.03 S09AUTO own turn #0 (turnCount=2)
2026.09.28-14.44.03 SNAPSHOT applied seq=6 phase=ACTION_MANEUVER
2026.09.28-14.44.03 HANDLE_APPLIED #5 seq=6 decision=2 fightersValid=1 boardValid=1
2026.09.28-14.44.03 MANEUVER-DRAFT mode=maneuver:2:5
2026.09.28-14.44.03 DRAFT-OPEN draw committed (resume instead of begin)
2026.09.28-14.44.03 MODE seq=6 mode=1 combat=0 pending=0
2026.09.28-14.44.03 HUD seq=6 phase=ACTION_MANEUVER turn=you hand=6 oppHand=7(hidden) oppDeck=23 deck=24 discard=0
2026.09.28-14.44.03 ARTPREVIEW fighter=Medusa hero=1 eligible=1 visual=1 mesh=SK_Medusa_FaceNeck_v2Candidate
2026.09.28-14.44.03 FIGHTERS synced n=6 alive=6 own=2 enemy=4
2026.09.28-14.44.03 MANEUVER begin seq=6 (apply) pending=maneuver:2:5
2026.09.28-14.44.03 SNAPSHOT applied seq=6 phase=ACTION_MANEUVER
2026.09.28-14.44.03 HANDLE_APPLIED #6 seq=6 decision=1 fightersValid=1 boardValid=1
2026.09.28-14.44.03 MODE seq=6 mode=1 combat=0 pending=0
2026.09.28-14.44.03 HUD seq=6 phase=ACTION_MANEUVER turn=you hand=6 oppHand=7(hidden) oppDeck=23 deck=24 discard=0
2026.09.28-14.44.03 ARTPREVIEW fighter=Medusa hero=1 eligible=1 visual=1 mesh=SK_Medusa_FaceNeck_v2Candidate
2026.09.28-14.44.03 FIGHTERS synced n=6 alive=6 own=2 enemy=4
2026.09.28-14.44.03 WS seq=6 phase=ACTION_MANEUVER (merge)
2026.09.28-14.44.03 S09AUTO drive mode=1 plan=[defend+resolve] phase=ACTION_MANEUVER turn=cmukie57j0001wiaofr67k2vd
2026.09.28-14.44.04 S09AUTO draft-open shot (maneuver marker live)
2026.09.28-14.44.04 SHOT ctx viewport=1920x1080 viewTarget=CameraActor_2147482371 cam=(0,1107,1582) rot=(-55,-90,0)
2026.09.28-14.44.04 SHOT fighter f-0-hero pos=(2,2) world=(0,-50,0) screen=(960,476) projected=1 alive=1
2026.09.28-14.44.04 SHOT fighter f-0-sk0 pos=(3,2) world=(100,-50,0) screen=(1115,476) projected=1 alive=1
2026.09.28-14.44.04 SHOT fighter f-0-sk1 pos=(2,1) world=(0,-150,0) screen=(960,355) projected=1 alive=1
2026.09.28-14.44.04 SHOT fighter f-0-sk2 pos=(1,2) world=(-100,-50,0) screen=(805,476) projected=1 alive=1
2026.09.28-14.44.04 SHOT fighter f-1-hero pos=(2,3) world=(0,50,0) screen=(960,606) projected=1 alive=1
2026.09.28-14.44.04 SHOT fighter f-1-sk0 pos=(3,3) world=(100,50,0) screen=(1120,606) projected=1 alive=1
2026.09.28-14.44.04 SHOT camera dist=1930.8 target=1930.8 overview=1930.8 errPct=0.000 focusErr=0.00 settled=1 zoom=1.00
2026.09.28-14.44.04 SHOT head fighter=f-0-hero socket=Head mesh=SK_Medusa_FaceNeck_v2Candidate world=(0.0,-46.0,38.5) screen=(960.0,445.5) top=(960.0,439.8) bottom=(960.0,451.2) headPx=11.4 projected=1
2026.09.28-14.44.04 SHOT label fighter=f-0-hero mode=full bbox=(916,381,1004,414)
2026.09.28-14.44.04 SHOT label fighter=f-0-sk0 mode=full bbox=(1072,399,1169,428)
2026.09.28-14.44.04 SHOT label fighter=f-0-sk1 mode=full bbox=(914,276,1006,305)
2026.09.28-14.44.04 SHOT label fighter=f-0-sk2 mode=full bbox=(751,399,848,428)
2026.09.28-14.44.04 SHOT label fighter=f-1-hero mode=full bbox=(913,517,1007,545)
2026.09.28-14.44.04 SHOT label fighter=f-1-sk0 mode=full bbox=(1088,529,1162,558)
2026.09.28-14.44.04 SHOT requested: FScreenshotRequest(bShowUI) -> C:\Users\ren\AppData\Local\Temp\s09-combat-20260928-194340-47580\joiner/s09-maneuver-draft-open.png
2026.09.28-14.44.04 MANEUVER-CONFIRM moves=1 boost=none
2026.09.28-14.44.04 HUD plate content fighter=f-1-hero name=King Arthur hp=18/18 team=own statuses=HERO  |  MELEE
2026.09.28-14.44.04 PLATE fighter=f-1-hero bbox=(741,340,913,394) overlapReachable=0 placement=above ring=16 gap=134 selection=f-1-hero destinations=7 clean=1 softPx2=0 tested=2924
2026.09.28-14.44.04 PLATE fighter=f-1-hero bbox=(1037,340,1209,394) overlapReachable=0 placement=above ring=16 gap=141 selection=f-1-hero destinations=7 clean=1 softPx2=0 tested=2924
2026.09.28-14.44.04 SNAPSHOT applied seq=7 phase=ACTION_MANEUVER
2026.09.28-14.44.04 HANDLE_APPLIED #7 seq=7 decision=2 fightersValid=1 boardValid=1
2026.09.28-14.44.04 closed mode=
2026.09.28-14.44.04 MODE seq=7 mode=0 combat=0 pending=0
2026.09.28-14.44.04 HUD seq=7 phase=ACTION_MANEUVER turn=you hand=6 oppHand=7(hidden) oppDeck=23~ deck=24~ discard=0
2026.09.28-14.44.04 ARTPREVIEW fighter=Medusa hero=1 eligible=1 visual=1 mesh=SK_Medusa_FaceNeck_v2Candidate
2026.09.28-14.44.04 FIGHTERS synced n=6 alive=6 own=2 enemy=4
2026.09.28-14.44.04 CUE move f-1-hero (2,3)->(1,3) seq=7
2026.09.28-14.44.04 WS seq=7 phase=ACTION_MANEUVER (apply)
2026.09.28-14.44.04 PLATE hidden fighter=f-1-hero
2026.09.28-14.44.04 SNAPSHOT applied seq=7 phase=ACTION_MANEUVER
2026.09.28-14.44.04 HANDLE_APPLIED #8 seq=7 decision=1 fightersValid=1 boardValid=1
2026.09.28-14.44.04 MODE seq=7 mode=0 combat=0 pending=0
2026.09.28-14.44.04 HUD seq=7 phase=ACTION_MANEUVER turn=you hand=6 oppHand=7(hidden) oppDeck=23 deck=24 discard=0
2026.09.28-14.44.04 ARTPREVIEW fighter=Medusa hero=1 eligible=1 visual=1 mesh=SK_Medusa_FaceNeck_v2Candidate
2026.09.28-14.44.04 FIGHTERS synced n=6 alive=6 own=2 enemy=4
2026.09.28-14.44.04 MANEUVER done seq=7 (merge) fighters=6 boost=no
2026.09.28-14.44.05 game -> room=cmulcyak100hxwip412x34a7o code=<redacted> status=IN_PROGRESS
2026.09.28-14.44.05 SHOT ctx viewport=1920x1080 viewTarget=CameraActor_2147482371 cam=(0,1107,1582) rot=(-55,-90,0)
2026.09.28-14.44.05 SHOT fighter f-0-hero pos=(2,2) world=(0,-50,0) screen=(960,476) projected=1 alive=1
2026.09.28-14.44.05 SHOT fighter f-0-sk0 pos=(3,2) world=(100,-50,0) screen=(1115,476) projected=1 alive=1
2026.09.28-14.44.05 SHOT fighter f-0-sk1 pos=(2,1) world=(0,-150,0) screen=(960,355) projected=1 alive=1
2026.09.28-14.44.05 SHOT fighter f-0-sk2 pos=(1,2) world=(-100,-50,0) screen=(805,476) projected=1 alive=1
2026.09.28-14.44.05 SHOT fighter f-1-hero pos=(1,3) world=(-100,50,0) screen=(800,606) projected=1 alive=1
2026.09.28-14.44.05 SHOT fighter f-1-sk0 pos=(3,3) world=(100,50,0) screen=(1120,606) projected=1 alive=1
2026.09.28-14.44.05 SHOT camera dist=1930.8 target=1930.8 overview=1930.8 errPct=0.000 focusErr=0.00 settled=1 zoom=1.00
2026.09.28-14.44.05 SHOT head fighter=f-0-hero socket=Head mesh=SK_Medusa_FaceNeck_v2Candidate world=(0.0,-46.0,38.5) screen=(960.0,445.5) top=(960.0,439.8) bottom=(960.0,451.2) headPx=11.4 projected=1
2026.09.28-14.44.05 SHOT label fighter=f-0-hero mode=full bbox=(916,381,1004,414)
2026.09.28-14.44.05 SHOT label fighter=f-0-sk0 mode=full bbox=(1072,399,1169,428)
2026.09.28-14.44.05 SHOT label fighter=f-0-sk1 mode=full bbox=(914,276,1006,305)
2026.09.28-14.44.05 SHOT label fighter=f-0-sk2 mode=full bbox=(751,399,848,428)
2026.09.28-14.44.05 SHOT label fighter=f-1-hero mode=full bbox=(746,517,842,545)
2026.09.28-14.44.05 SHOT label fighter=f-1-sk0 mode=full bbox=(1088,529,1162,558)
2026.09.28-14.44.05 SHOT requested: FScreenshotRequest(bShowUI) -> C:\Users\ren\AppData\Local\Temp\s09-combat-20260928-194340-47580\joiner/s09-hud-after-first-maneuver.png
2026.09.28-14.44.05 S09AUTO drive mode=0 plan=[defend+resolve] phase=ACTION_MANEUVER turn=cmukie57j0001wiaofr67k2vd
2026.09.28-14.44.05 SNAPSHOT applied seq=8 phase=ACTION_MANEUVER
2026.09.28-14.44.05 HANDLE_APPLIED #9 seq=8 decision=2 fightersValid=1 boardValid=1
2026.09.28-14.44.05 MANEUVER-DRAFT mode=maneuver:2:7
2026.09.28-14.44.05 DRAFT-OPEN draw committed (resume instead of begin)
2026.09.28-14.44.05 MODE seq=8 mode=1 combat=0 pending=0
2026.09.28-14.44.05 HUD seq=8 phase=ACTION_MANEUVER turn=you hand=7 oppHand=7(hidden) oppDeck=23 deck=23 discard=0
2026.09.28-14.44.05 ARTPREVIEW fighter=Medusa hero=1 eligible=1 visual=1 mesh=SK_Medusa_FaceNeck_v2Candidate
2026.09.28-14.44.05 FIGHTERS synced n=6 alive=6 own=2 enemy=4
2026.09.28-14.44.05 MANEUVER begin seq=8 (apply) pending=maneuver:2:7
2026.09.28-14.44.05 SNAPSHOT applied seq=8 phase=ACTION_MANEUVER
2026.09.28-14.44.05 HANDLE_APPLIED #10 seq=8 decision=1 fightersValid=1 boardValid=1
2026.09.28-14.44.05 MODE seq=8 mode=1 combat=0 pending=0
2026.09.28-14.44.05 HUD seq=8 phase=ACTION_MANEUVER turn=you hand=7 oppHand=7(hidden) oppDeck=23 deck=23 discard=0
2026.09.28-14.44.05 ARTPREVIEW fighter=Medusa hero=1 eligible=1 visual=1 mesh=SK_Medusa_FaceNeck_v2Candidate
2026.09.28-14.44.05 FIGHTERS synced n=6 alive=6 own=2 enemy=4
2026.09.28-14.44.05 WS seq=8 phase=ACTION_MANEUVER (merge)
2026.09.28-14.44.05 S09AUTO drive mode=1 plan=[defend+resolve] phase=ACTION_MANEUVER turn=cmukie57j0001wiaofr67k2vd
2026.09.28-14.44.05 MANEUVER-CONFIRM moves=1 boost=none
2026.09.28-14.44.05 PLATE fighter=f-1-hero bbox=(576,356,748,410) overlapReachable=0 placement=above ring=14 gap=119 selection=f-1-hero destinations=7 clean=1 softPx2=0 tested=2460
2026.09.28-14.44.05 PLATE fighter=f-1-hero bbox=(560,356,732,410) overlapReachable=0 placement=above ring=14 gap=121 selection=f-1-hero destinations=7 clean=1 softPx2=0 tested=2460
2026.09.28-14.44.05 SNAPSHOT applied seq=9 phase=ACTION_MANEUVER
2026.09.28-14.44.05 HANDLE_APPLIED #11 seq=9 decision=2 fightersValid=1 boardValid=1
2026.09.28-14.44.05 closed mode=
2026.09.28-14.44.05 MODE seq=9 mode=0 combat=0 pending=0
2026.09.28-14.44.05 HUD seq=9 phase=ACTION_MANEUVER turn=opp hand=7 oppHand=7(hidden) oppDeck=23~ deck=23~ discard=0
2026.09.28-14.44.05 ARTPREVIEW fighter=Medusa hero=1 eligible=1 visual=1 mesh=SK_Medusa_FaceNeck_v2Candidate
2026.09.28-14.44.05 FIGHTERS synced n=6 alive=6 own=2 enemy=4
2026.09.28-14.44.05 CUE move f-1-hero (1,3)->(2,3) seq=9
2026.09.28-14.44.05 WS seq=9 phase=ACTION_MANEUVER (apply)
2026.09.28-14.44.05 PLATE hidden fighter=f-1-hero
2026.09.28-14.44.05 SNAPSHOT applied seq=9 phase=ACTION_MANEUVER
2026.09.28-14.44.05 HANDLE_APPLIED #12 seq=9 decision=1 fightersValid=1 boardValid=1
2026.09.28-14.44.05 MODE seq=9 mode=0 combat=0 pending=0
2026.09.28-14.44.05 HUD seq=9 phase=ACTION_MANEUVER turn=opp hand=7 oppHand=7(hidden) oppDeck=23 deck=23 discard=0
2026.09.28-14.44.05 ARTPREVIEW fighter=Medusa hero=1 eligible=1 visual=1 mesh=SK_Medusa_FaceNeck_v2Candidate
2026.09.28-14.44.05 FIGHTERS synced n=6 alive=6 own=2 enemy=4
2026.09.28-14.44.05 MANEUVER done seq=9 (merge) fighters=6 boost=no
2026.09.28-14.44.06 SNAPSHOT applied seq=10 phase=ACTION_MANEUVER
2026.09.28-14.44.06 HANDLE_APPLIED #13 seq=10 decision=2 fightersValid=1 boardValid=1
2026.09.28-14.44.06 MODE seq=10 mode=0 combat=0 pending=0
2026.09.28-14.44.06 HUD seq=10 phase=ACTION_MANEUVER turn=opp hand=7 oppHand=8(hidden) oppDeck=23~ deck=23~ discard=0
2026.09.28-14.44.06 ARTPREVIEW fighter=Medusa hero=1 eligible=1 visual=1 mesh=SK_Medusa_FaceNeck_v2Candidate
2026.09.28-14.44.06 FIGHTERS synced n=6 alive=6 own=2 enemy=4
2026.09.28-14.44.06 WS seq=10 phase=ACTION_MANEUVER (apply)
2026.09.28-14.44.06 SNAPSHOT applied seq=11 phase=ACTION_MANEUVER
2026.09.28-14.44.06 HANDLE_APPLIED #14 seq=11 decision=2 fightersValid=1 boardValid=1
2026.09.28-14.44.06 MODE seq=11 mode=0 combat=0 pending=0
2026.09.28-14.44.06 HUD seq=11 phase=ACTION_MANEUVER turn=opp hand=7 oppHand=8(hidden) oppDeck=23~ deck=23~ discard=0
2026.09.28-14.44.06 ARTPREVIEW fighter=Medusa hero=1 eligible=1 visual=1 mesh=SK_Medusa_FaceNeck_v2Candidate
2026.09.28-14.44.06 FIGHTERS synced n=6 alive=6 own=2 enemy=4
2026.09.28-14.44.06 WS seq=11 phase=ACTION_MANEUVER (apply)
2026.09.28-14.44.07 S09AUTO drive mode=0 plan=[defend+resolve] phase=ACTION_MANEUVER turn=cmukie55u0000wiao06h107t9
2026.09.28-14.44.07 SNAPSHOT applied seq=12 phase=ACTION_MANEUVER
2026.09.28-14.44.07 HANDLE_APPLIED #15 seq=12 decision=2 fightersValid=1 boardValid=1
2026.09.28-14.44.07 MODE seq=12 mode=0 combat=0 pending=0
2026.09.28-14.44.07 HUD seq=12 phase=ACTION_MANEUVER turn=opp hand=7 oppHand=9(hidden) oppDeck=23~ deck=23~ discard=0
2026.09.28-14.44.07 ARTPREVIEW fighter=Medusa hero=1 eligible=1 visual=1 mesh=SK_Medusa_FaceNeck_v2Candidate
2026.09.28-14.44.07 FIGHTERS synced n=6 alive=6 own=2 enemy=4
2026.09.28-14.44.07 WS seq=12 phase=ACTION_MANEUVER (apply)
2026.09.28-14.44.07 SNAPSHOT applied seq=13 phase=TURN_END
2026.09.28-14.44.07 HANDLE_APPLIED #16 seq=13 decision=2 fightersValid=1 boardValid=1
2026.09.28-14.44.07 MODE seq=13 mode=0 combat=0 pending=0
2026.09.28-14.44.07 HUD seq=13 phase=TURN_END turn=opp hand=7 oppHand=9(hidden) oppDeck=23~ deck=23~ discard=0 pendingDiscard=2
2026.09.28-14.44.07 ARTPREVIEW fighter=Medusa hero=1 eligible=1 visual=1 mesh=SK_Medusa_FaceNeck_v2Candidate
2026.09.28-14.44.07 FIGHTERS synced n=6 alive=6 own=2 enemy=4
2026.09.28-14.44.07 WS seq=13 phase=TURN_END (apply)
2026.09.28-14.44.08 game -> room=cmulcyak100hxwip412x34a7o code=<redacted> status=IN_PROGRESS
2026.09.28-14.44.08 SNAPSHOT applied seq=14 phase=ACTION_MANEUVER
2026.09.28-14.44.08 HANDLE_APPLIED #17 seq=14 decision=2 fightersValid=1 boardValid=1
2026.09.28-14.44.08 MODE seq=14 mode=0 combat=0 pending=0
2026.09.28-14.44.08 HUD seq=14 phase=ACTION_MANEUVER turn=you hand=7 oppHand=7(hidden) oppDeck=23~ deck=23~ discard=0
2026.09.28-14.44.08 ARTPREVIEW fighter=Medusa hero=1 eligible=1 visual=1 mesh=SK_Medusa_FaceNeck_v2Candidate
2026.09.28-14.44.08 FIGHTERS synced n=6 alive=6 own=2 enemy=4
2026.09.28-14.44.08 WS seq=14 phase=ACTION_MANEUVER (apply)
2026.09.28-14.44.08 S09AUTO own turn #1 (turnCount=4)
2026.09.28-14.44.08 SNAPSHOT applied seq=15 phase=ACTION_MANEUVER
2026.09.28-14.44.08 HANDLE_APPLIED #18 seq=15 decision=2 fightersValid=1 boardValid=1
2026.09.28-14.44.08 MANEUVER-DRAFT mode=maneuver:4:14
2026.09.28-14.44.08 DRAFT-OPEN draw committed (resume instead of begin)
2026.09.28-14.44.08 MODE seq=15 mode=1 combat=0 pending=0
2026.09.28-14.44.08 HUD seq=15 phase=ACTION_MANEUVER turn=you hand=8 oppHand=7(hidden) oppDeck=21 deck=22 discard=0
2026.09.28-14.44.08 ARTPREVIEW fighter=Medusa hero=1 eligible=1 visual=1 mesh=SK_Medusa_FaceNeck_v2Candidate
2026.09.28-14.44.08 FIGHTERS synced n=6 alive=6 own=2 enemy=4
2026.09.28-14.44.08 MANEUVER begin seq=15 (apply) pending=maneuver:4:14
2026.09.28-14.44.08 SNAPSHOT applied seq=15 phase=ACTION_MANEUVER
2026.09.28-14.44.08 HANDLE_APPLIED #19 seq=15 decision=1 fightersValid=1 boardValid=1
2026.09.28-14.44.08 MODE seq=15 mode=1 combat=0 pending=0
2026.09.28-14.44.08 HUD seq=15 phase=ACTION_MANEUVER turn=you hand=8 oppHand=7(hidden) oppDeck=21 deck=22 discard=0
2026.09.28-14.44.08 ARTPREVIEW fighter=Medusa hero=1 eligible=1 visual=1 mesh=SK_Medusa_FaceNeck_v2Candidate
2026.09.28-14.44.08 FIGHTERS synced n=6 alive=6 own=2 enemy=4
2026.09.28-14.44.08 WS seq=15 phase=ACTION_MANEUVER (merge)
2026.09.28-14.44.08 S09AUTO drive mode=1 plan=[defend+resolve] phase=ACTION_MANEUVER turn=cmukie57j0001wiaofr67k2vd
2026.09.28-14.44.08 S09AUTO zero-move confirm (draw only, no movement)
2026.09.28-14.44.08 MANEUVER-CONFIRM moves=0 boost=none
2026.09.28-14.44.08 SNAPSHOT applied seq=16 phase=ACTION_MANEUVER
2026.09.28-14.44.08 HANDLE_APPLIED #20 seq=16 decision=2 fightersValid=1 boardValid=1
2026.09.28-14.44.08 closed mode=
2026.09.28-14.44.08 MODE seq=16 mode=0 combat=0 pending=0
2026.09.28-14.44.08 HUD seq=16 phase=ACTION_MANEUVER turn=you hand=8 oppHand=7(hidden) oppDeck=21 deck=22 discard=0
2026.09.28-14.44.08 ARTPREVIEW fighter=Medusa hero=1 eligible=1 visual=1 mesh=SK_Medusa_FaceNeck_v2Candidate
2026.09.28-14.44.08 FIGHTERS synced n=6 alive=6 own=2 enemy=4
2026.09.28-14.44.08 MANEUVER done seq=16 (apply) fighters=6 boost=no
2026.09.28-14.44.08 SNAPSHOT applied seq=16 phase=ACTION_MANEUVER
2026.09.28-14.44.08 HANDLE_APPLIED #21 seq=16 decision=1 fightersValid=1 boardValid=1
2026.09.28-14.44.08 MODE seq=16 mode=0 combat=0 pending=0
2026.09.28-14.44.08 HUD seq=16 phase=ACTION_MANEUVER turn=you hand=8 oppHand=7(hidden) oppDeck=21 deck=22 discard=0
2026.09.28-14.44.08 ARTPREVIEW fighter=Medusa hero=1 eligible=1 visual=1 mesh=SK_Medusa_FaceNeck_v2Candidate
2026.09.28-14.44.08 FIGHTERS synced n=6 alive=6 own=2 enemy=4
2026.09.28-14.44.08 WS seq=16 phase=ACTION_MANEUVER (merge)
2026.09.28-14.44.10 S09AUTO drive mode=0 plan=[defend+resolve] phase=ACTION_MANEUVER turn=cmukie57j0001wiaofr67k2vd
2026.09.28-14.44.10 SNAPSHOT applied seq=17 phase=ACTION_MANEUVER
2026.09.28-14.44.10 HANDLE_APPLIED #22 seq=17 decision=2 fightersValid=1 boardValid=1
2026.09.28-14.44.10 MANEUVER-DRAFT mode=maneuver:4:16
2026.09.28-14.44.10 DRAFT-OPEN draw committed (resume instead of begin)
2026.09.28-14.44.10 MODE seq=17 mode=1 combat=0 pending=0
2026.09.28-14.44.10 HUD seq=17 phase=ACTION_MANEUVER turn=you hand=9 oppHand=7(hidden) oppDeck=21 deck=21 discard=0
2026.09.28-14.44.10 ARTPREVIEW fighter=Medusa hero=1 eligible=1 visual=1 mesh=SK_Medusa_FaceNeck_v2Candidate
2026.09.28-14.44.10 FIGHTERS synced n=6 alive=6 own=2 enemy=4
2026.09.28-14.44.10 MANEUVER begin seq=17 (apply) pending=maneuver:4:16
2026.09.28-14.44.10 SNAPSHOT applied seq=17 phase=ACTION_MANEUVER
2026.09.28-14.44.10 HANDLE_APPLIED #23 seq=17 decision=1 fightersValid=1 boardValid=1
2026.09.28-14.44.10 MODE seq=17 mode=1 combat=0 pending=0
2026.09.28-14.44.10 HUD seq=17 phase=ACTION_MANEUVER turn=you hand=9 oppHand=7(hidden) oppDeck=21 deck=21 discard=0
2026.09.28-14.44.10 ARTPREVIEW fighter=Medusa hero=1 eligible=1 visual=1 mesh=SK_Medusa_FaceNeck_v2Candidate
2026.09.28-14.44.10 FIGHTERS synced n=6 alive=6 own=2 enemy=4
2026.09.28-14.44.10 WS seq=17 phase=ACTION_MANEUVER (merge)
2026.09.28-14.44.10 S09AUTO drive mode=1 plan=[defend+resolve] phase=ACTION_MANEUVER turn=cmukie57j0001wiaofr67k2vd
2026.09.28-14.44.10 MANEUVER-CONFIRM moves=1 boost=none
2026.09.28-14.44.10 PLATE fighter=f-1-hero bbox=(741,340,913,394) overlapReachable=0 placement=above ring=16 gap=134 selection=f-1-hero destinations=7 clean=1 softPx2=0 tested=2924
2026.09.28-14.44.10 PLATE fighter=f-1-hero bbox=(1037,340,1209,394) overlapReachable=0 placement=above ring=16 gap=141 selection=f-1-hero destinations=7 clean=1 softPx2=0 tested=2924
2026.09.28-14.44.10 SNAPSHOT applied seq=18 phase=TURN_END
2026.09.28-14.44.10 HANDLE_APPLIED #24 seq=18 decision=2 fightersValid=1 boardValid=1
2026.09.28-14.44.10 DISCARD-DRAFT count=2 pending=discard:4:18
2026.09.28-14.44.10 MODE seq=18 mode=2 combat=0 pending=0
2026.09.28-14.44.10 HUD seq=18 phase=TURN_END turn=you hand=9 oppHand=7(hidden) oppDeck=21~ deck=21~ discard=0 pendingDiscard=2
2026.09.28-14.44.10 ARTPREVIEW fighter=Medusa hero=1 eligible=1 visual=1 mesh=SK_Medusa_FaceNeck_v2Candidate
2026.09.28-14.44.10 FIGHTERS synced n=6 alive=6 own=2 enemy=4
2026.09.28-14.44.10 CUE move f-1-hero (2,3)->(1,3) seq=18
2026.09.28-14.44.10 WS seq=18 phase=TURN_END (apply)
2026.09.28-14.44.10 PLATE hidden fighter=f-1-hero
2026.09.28-14.44.10 SNAPSHOT applied seq=18 phase=TURN_END
2026.09.28-14.44.10 HANDLE_APPLIED #25 seq=18 decision=1 fightersValid=1 boardValid=1
2026.09.28-14.44.10 MODE seq=18 mode=2 combat=0 pending=0
2026.09.28-14.44.10 HUD seq=18 phase=TURN_END turn=you hand=9 oppHand=7(hidden) oppDeck=21 deck=21 discard=0 pendingDiscard=2
2026.09.28-14.44.10 ARTPREVIEW fighter=Medusa hero=1 eligible=1 visual=1 mesh=SK_Medusa_FaceNeck_v2Candidate
2026.09.28-14.44.10 FIGHTERS synced n=6 alive=6 own=2 enemy=4
2026.09.28-14.44.10 MANEUVER done seq=18 (merge) fighters=6 boost=no
2026.09.28-14.44.11 SHOT ctx viewport=1920x1080 viewTarget=CameraActor_2147482371 cam=(0,1107,1582) rot=(-55,-90,0)
2026.09.28-14.44.11 SHOT fighter f-0-hero pos=(2,2) world=(0,-50,0) screen=(960,476) projected=1 alive=1
2026.09.28-14.44.11 SHOT fighter f-0-sk0 pos=(3,2) world=(100,-50,0) screen=(1115,476) projected=1 alive=1
2026.09.28-14.44.11 SHOT fighter f-0-sk1 pos=(2,1) world=(0,-150,0) screen=(960,355) projected=1 alive=1
2026.09.28-14.44.11 SHOT fighter f-0-sk2 pos=(1,2) world=(-100,-50,0) screen=(805,476) projected=1 alive=1
2026.09.28-14.44.11 SHOT fighter f-1-hero pos=(1,3) world=(-100,50,0) screen=(800,606) projected=1 alive=1
2026.09.28-14.44.11 SHOT fighter f-1-sk0 pos=(3,3) world=(100,50,0) screen=(1120,606) projected=1 alive=1
2026.09.28-14.44.11 SHOT camera dist=1930.8 target=1930.8 overview=1930.8 errPct=0.000 focusErr=0.00 settled=1 zoom=1.00
2026.09.28-14.44.11 SHOT head fighter=f-0-hero socket=Head mesh=SK_Medusa_FaceNeck_v2Candidate world=(0.0,-46.0,38.5) screen=(960.0,445.5) top=(960.0,439.8) bottom=(960.0,451.2) headPx=11.4 projected=1
2026.09.28-14.44.11 SHOT label fighter=f-0-hero mode=full bbox=(916,381,1004,414)
2026.09.28-14.44.11 SHOT label fighter=f-0-sk0 mode=full bbox=(1072,399,1169,428)
2026.09.28-14.44.11 SHOT label fighter=f-0-sk1 mode=full bbox=(914,276,1006,305)
2026.09.28-14.44.11 SHOT label fighter=f-0-sk2 mode=full bbox=(751,399,848,428)
2026.09.28-14.44.11 SHOT label fighter=f-1-hero mode=full bbox=(746,517,842,545)
2026.09.28-14.44.11 SHOT label fighter=f-1-sk0 mode=full bbox=(1088,529,1162,558)
2026.09.28-14.44.11 SHOT requested: FScreenshotRequest(bShowUI) -> C:\Users\ren\AppData\Local\Temp\s09-combat-20260928-194340-47580\joiner/s09-discard-open.png
2026.09.28-14.44.11 S09AUTO drive mode=2 plan=[defend+resolve] phase=TURN_END turn=cmukie57j0001wiaofr67k2vd
2026.09.28-14.44.11 S09AUTO discard picks=2
2026.09.28-14.44.11 DISCARD-CONFIRM pending=discard:4:18 count=2 ids=cmuhgvghw00oewi9gm7pt0c36::0,cmuhgvghz00okwi9gtzou83ty::1
2026.09.28-14.44.11 SNAPSHOT applied seq=19 phase=ACTION_MANEUVER
2026.09.28-14.44.11 HANDLE_APPLIED #26 seq=19 decision=2 fightersValid=1 boardValid=1
2026.09.28-14.44.11 closed mode=
2026.09.28-14.44.11 MODE seq=19 mode=0 combat=0 pending=0
2026.09.28-14.44.11 HUD seq=19 phase=ACTION_MANEUVER turn=opp hand=7 oppHand=7(hidden) oppDeck=21 deck=21 discard=2
2026.09.28-14.44.11 ARTPREVIEW fighter=Medusa hero=1 eligible=1 visual=1 mesh=SK_Medusa_FaceNeck_v2Candidate
2026.09.28-14.44.11 FIGHTERS synced n=6 alive=6 own=2 enemy=4
2026.09.28-14.44.11 DISCARD done seq=19 phase=ACTION_MANEUVER count=2
2026.09.28-14.44.11 SNAPSHOT applied seq=19 phase=ACTION_MANEUVER
2026.09.28-14.44.11 HANDLE_APPLIED #27 seq=19 decision=1 fightersValid=1 boardValid=1
2026.09.28-14.44.11 MODE seq=19 mode=0 combat=0 pending=0
2026.09.28-14.44.11 HUD seq=19 phase=ACTION_MANEUVER turn=opp hand=7 oppHand=7(hidden) oppDeck=21 deck=21 discard=2
2026.09.28-14.44.11 ARTPREVIEW fighter=Medusa hero=1 eligible=1 visual=1 mesh=SK_Medusa_FaceNeck_v2Candidate
2026.09.28-14.44.11 FIGHTERS synced n=6 alive=6 own=2 enemy=4
2026.09.28-14.44.11 WS seq=19 phase=ACTION_MANEUVER (merge)
2026.09.28-14.44.11 game -> room=cmulcyak100hxwip412x34a7o code=<redacted> status=IN_PROGRESS
2026.09.28-14.44.11 SNAPSHOT applied seq=20 phase=ACTION_MANEUVER
2026.09.28-14.44.11 HANDLE_APPLIED #28 seq=20 decision=2 fightersValid=1 boardValid=1
2026.09.28-14.44.11 MODE seq=20 mode=0 combat=0 pending=0
2026.09.28-14.44.11 HUD seq=20 phase=ACTION_MANEUVER turn=opp hand=7 oppHand=8(hidden) oppDeck=21~ deck=21~ discard=2
2026.09.28-14.44.11 ARTPREVIEW fighter=Medusa hero=1 eligible=1 visual=1 mesh=SK_Medusa_FaceNeck_v2Candidate
2026.09.28-14.44.11 FIGHTERS synced n=6 alive=6 own=2 enemy=4
2026.09.28-14.44.11 WS seq=20 phase=ACTION_MANEUVER (apply)
2026.09.28-14.44.11 SNAPSHOT applied seq=21 phase=ACTION_MANEUVER
2026.09.28-14.44.11 HANDLE_APPLIED #29 seq=21 decision=2 fightersValid=1 boardValid=1
2026.09.28-14.44.11 MODE seq=21 mode=0 combat=0 pending=0
2026.09.28-14.44.11 HUD seq=21 phase=ACTION_MANEUVER turn=opp hand=7 oppHand=8(hidden) oppDeck=21~ deck=21~ discard=2
2026.09.28-14.44.11 ARTPREVIEW fighter=Medusa hero=1 eligible=1 visual=1 mesh=SK_Medusa_FaceNeck_v2Candidate
2026.09.28-14.44.11 FIGHTERS synced n=6 alive=6 own=2 enemy=4
2026.09.28-14.44.11 CUE move f-0-hero (2,2)->(2,3) seq=21
2026.09.28-14.44.11 CUE move f-0-sk0 (3,2)->(4,2) seq=21
2026.09.28-14.44.11 WS seq=21 phase=ACTION_MANEUVER (apply)
2026.09.28-14.44.12 S09AUTO drive mode=0 plan=[defend+resolve] phase=ACTION_MANEUVER turn=cmukie55u0000wiao06h107t9
2026.09.28-14.44.12 SNAPSHOT applied seq=22 phase=ACTION_MANEUVER
2026.09.28-14.44.12 HANDLE_APPLIED #30 seq=22 decision=2 fightersValid=1 boardValid=1
2026.09.28-14.44.12 MODE seq=22 mode=0 combat=0 pending=0
2026.09.28-14.44.12 HUD seq=22 phase=ACTION_MANEUVER turn=opp hand=7 oppHand=9(hidden) oppDeck=21~ deck=21~ discard=2
2026.09.28-14.44.12 ARTPREVIEW fighter=Medusa hero=1 eligible=1 visual=1 mesh=SK_Medusa_FaceNeck_v2Candidate
2026.09.28-14.44.12 FIGHTERS synced n=6 alive=6 own=2 enemy=4
2026.09.28-14.44.12 WS seq=22 phase=ACTION_MANEUVER (apply)
2026.09.28-14.44.13 SNAPSHOT applied seq=23 phase=TURN_END
2026.09.28-14.44.13 HANDLE_APPLIED #31 seq=23 decision=2 fightersValid=1 boardValid=1
2026.09.28-14.44.13 MODE seq=23 mode=0 combat=0 pending=0
2026.09.28-14.44.13 HUD seq=23 phase=TURN_END turn=opp hand=7 oppHand=9(hidden) oppDeck=21~ deck=21~ discard=2 pendingDiscard=2
2026.09.28-14.44.13 ARTPREVIEW fighter=Medusa hero=1 eligible=1 visual=1 mesh=SK_Medusa_FaceNeck_v2Candidate
2026.09.28-14.44.13 FIGHTERS synced n=6 alive=6 own=2 enemy=4
2026.09.28-14.44.13 CUE move f-0-hero (2,3)->(2,4) seq=23
2026.09.28-14.44.13 WS seq=23 phase=TURN_END (apply)
2026.09.28-14.44.14 SNAPSHOT applied seq=24 phase=ACTION_MANEUVER
2026.09.28-14.44.14 HANDLE_APPLIED #32 seq=24 decision=2 fightersValid=1 boardValid=1
2026.09.28-14.44.14 MODE seq=24 mode=0 combat=0 pending=0
2026.09.28-14.44.14 HUD seq=24 phase=ACTION_MANEUVER turn=you hand=7 oppHand=7(hidden) oppDeck=21~ deck=21~ discard=2
2026.09.28-14.44.14 ARTPREVIEW fighter=Medusa hero=1 eligible=1 visual=1 mesh=SK_Medusa_FaceNeck_v2Candidate
2026.09.28-14.44.14 FIGHTERS synced n=6 alive=6 own=2 enemy=4
2026.09.28-14.44.14 WS seq=24 phase=ACTION_MANEUVER (apply)
2026.09.28-14.44.14 S09AUTO own turn #2 (turnCount=6)
2026.09.28-14.44.14 SNAPSHOT applied seq=25 phase=ACTION_MANEUVER
2026.09.28-14.44.14 HANDLE_APPLIED #33 seq=25 decision=2 fightersValid=1 boardValid=1
2026.09.28-14.44.14 MANEUVER-DRAFT mode=maneuver:6:24
2026.09.28-14.44.14 DRAFT-OPEN draw committed (resume instead of begin)
2026.09.28-14.44.14 MODE seq=25 mode=1 combat=0 pending=0
2026.09.28-14.44.14 HUD seq=25 phase=ACTION_MANEUVER turn=you hand=8 oppHand=7(hidden) oppDeck=19 deck=20 discard=2
2026.09.28-14.44.14 ARTPREVIEW fighter=Medusa hero=1 eligible=1 visual=1 mesh=SK_Medusa_FaceNeck_v2Candidate
2026.09.28-14.44.14 FIGHTERS synced n=6 alive=6 own=2 enemy=4
2026.09.28-14.44.14 MANEUVER begin seq=25 (apply) pending=maneuver:6:24
2026.09.28-14.44.14 SNAPSHOT applied seq=25 phase=ACTION_MANEUVER
2026.09.28-14.44.14 HANDLE_APPLIED #34 seq=25 decision=1 fightersValid=1 boardValid=1
2026.09.28-14.44.14 MODE seq=25 mode=1 combat=0 pending=0
2026.09.28-14.44.14 HUD seq=25 phase=ACTION_MANEUVER turn=you hand=8 oppHand=7(hidden) oppDeck=19 deck=20 discard=2
2026.09.28-14.44.14 ARTPREVIEW fighter=Medusa hero=1 eligible=1 visual=1 mesh=SK_Medusa_FaceNeck_v2Candidate
2026.09.28-14.44.14 FIGHTERS synced n=6 alive=6 own=2 enemy=4
2026.09.28-14.44.14 WS seq=25 phase=ACTION_MANEUVER (merge)
2026.09.28-14.44.14 S09AUTO drive mode=1 plan=[defend+resolve] phase=ACTION_MANEUVER turn=cmukie57j0001wiaofr67k2vd
2026.09.28-14.44.14 S09AUTO multi-fighter moves=2
2026.09.28-14.44.14 MANEUVER-CONFIRM moves=2 boost=none
2026.09.28-14.44.14 HUD plate content fighter=f-1-sk0 name=Merlin hp=7/7 team=own statuses=SIDEKICK  |  RANGED
2026.09.28-14.44.14 PLATE fighter=f-1-sk0 bbox=(1196,340,1368,394) overlapReachable=0 placement=above ring=16 gap=141 selection=f-1-sk0 destinations=8 clean=1 softPx2=0 tested=2856
2026.09.28-14.44.14 SNAPSHOT applied seq=26 phase=ACTION_MANEUVER
2026.09.28-14.44.14 HANDLE_APPLIED #35 seq=26 decision=2 fightersValid=1 boardValid=1
2026.09.28-14.44.14 closed mode=
2026.09.28-14.44.14 MODE seq=26 mode=0 combat=0 pending=0
2026.09.28-14.44.14 HUD seq=26 phase=ACTION_MANEUVER turn=you hand=8 oppHand=7(hidden) oppDeck=19 deck=20 discard=2
2026.09.28-14.44.14 ARTPREVIEW fighter=Medusa hero=1 eligible=1 visual=1 mesh=SK_Medusa_FaceNeck_v2Candidate
2026.09.28-14.44.14 FIGHTERS synced n=6 alive=6 own=2 enemy=4
2026.09.28-14.44.14 CUE move f-1-hero (1,3)->(2,3) seq=26
2026.09.28-14.44.14 CUE move f-1-sk0 (3,3)->(4,3) seq=26
2026.09.28-14.44.14 MANEUVER done seq=26 (apply) fighters=6 boost=no
2026.09.28-14.44.14 SNAPSHOT applied seq=26 phase=ACTION_MANEUVER
2026.09.28-14.44.14 HANDLE_APPLIED #36 seq=26 decision=1 fightersValid=1 boardValid=1
2026.09.28-14.44.14 MODE seq=26 mode=0 combat=0 pending=0
2026.09.28-14.44.14 HUD seq=26 phase=ACTION_MANEUVER turn=you hand=8 oppHand=7(hidden) oppDeck=19 deck=20 discard=2
2026.09.28-14.44.14 ARTPREVIEW fighter=Medusa hero=1 eligible=1 visual=1 mesh=SK_Medusa_FaceNeck_v2Candidate
2026.09.28-14.44.14 FIGHTERS synced n=6 alive=6 own=2 enemy=4
2026.09.28-14.44.14 WS seq=26 phase=ACTION_MANEUVER (merge)
2026.09.28-14.44.14 PLATE hidden fighter=f-1-sk0
2026.09.28-14.44.14 game -> room=cmulcyak100hxwip412x34a7o code=<redacted> status=IN_PROGRESS
2026.09.28-14.44.15 S09AUTO drive mode=0 plan=[defend+resolve] phase=ACTION_MANEUVER turn=cmukie57j0001wiaofr67k2vd
2026.09.28-14.44.15 SNAPSHOT applied seq=27 phase=ACTION_MANEUVER
2026.09.28-14.44.15 HANDLE_APPLIED #37 seq=27 decision=2 fightersValid=1 boardValid=1
2026.09.28-14.44.15 MANEUVER-DRAFT mode=maneuver:6:26
2026.09.28-14.44.15 DRAFT-OPEN draw committed (resume instead of begin)
2026.09.28-14.44.15 MODE seq=27 mode=1 combat=0 pending=0
2026.09.28-14.44.15 HUD seq=27 phase=ACTION_MANEUVER turn=you hand=9 oppHand=7(hidden) oppDeck=19 deck=19 discard=2
2026.09.28-14.44.15 ARTPREVIEW fighter=Medusa hero=1 eligible=1 visual=1 mesh=SK_Medusa_FaceNeck_v2Candidate
2026.09.28-14.44.15 FIGHTERS synced n=6 alive=6 own=2 enemy=4
2026.09.28-14.44.15 MANEUVER begin seq=27 (apply) pending=maneuver:6:26
2026.09.28-14.44.15 SNAPSHOT applied seq=27 phase=ACTION_MANEUVER
2026.09.28-14.44.15 HANDLE_APPLIED #38 seq=27 decision=1 fightersValid=1 boardValid=1
2026.09.28-14.44.15 MODE seq=27 mode=1 combat=0 pending=0
2026.09.28-14.44.15 HUD seq=27 phase=ACTION_MANEUVER turn=you hand=9 oppHand=7(hidden) oppDeck=19 deck=19 discard=2
2026.09.28-14.44.15 ARTPREVIEW fighter=Medusa hero=1 eligible=1 visual=1 mesh=SK_Medusa_FaceNeck_v2Candidate
2026.09.28-14.44.15 FIGHTERS synced n=6 alive=6 own=2 enemy=4
2026.09.28-14.44.15 WS seq=27 phase=ACTION_MANEUVER (merge)
2026.09.28-14.44.15 S09AUTO drive mode=1 plan=[defend+resolve] phase=ACTION_MANEUVER turn=cmukie57j0001wiaofr67k2vd
2026.09.28-14.44.15 MANEUVER-CONFIRM moves=1 boost=none
2026.09.28-14.44.15 HUD plate content fighter=f-1-hero name=King Arthur hp=18/18 team=own statuses=HERO  |  MELEE
2026.09.28-14.44.15 PLATE fighter=f-1-hero bbox=(989,356,1161,410) overlapReachable=0 placement=above ring=14 gap=118 selection=f-1-hero destinations=7 clean=1 softPx2=0 tested=2460
2026.09.28-14.44.15 SNAPSHOT applied seq=28 phase=TURN_END
2026.09.28-14.44.15 HANDLE_APPLIED #39 seq=28 decision=2 fightersValid=1 boardValid=1
2026.09.28-14.44.15 DISCARD-DRAFT count=2 pending=discard:6:28
2026.09.28-14.44.15 MODE seq=28 mode=2 combat=0 pending=0
2026.09.28-14.44.15 HUD seq=28 phase=TURN_END turn=you hand=9 oppHand=7(hidden) oppDeck=19~ deck=19~ discard=2 pendingDiscard=2
2026.09.28-14.44.15 ARTPREVIEW fighter=Medusa hero=1 eligible=1 visual=1 mesh=SK_Medusa_FaceNeck_v2Candidate
2026.09.28-14.44.15 FIGHTERS synced n=6 alive=6 own=2 enemy=4
2026.09.28-14.44.15 CUE move f-1-hero (2,3)->(3,3) seq=28
2026.09.28-14.44.15 WS seq=28 phase=TURN_END (apply)
2026.09.28-14.44.15 PLATE hidden fighter=f-1-hero
2026.09.28-14.44.15 SNAPSHOT applied seq=28 phase=TURN_END
2026.09.28-14.44.15 HANDLE_APPLIED #40 seq=28 decision=1 fightersValid=1 boardValid=1
2026.09.28-14.44.15 MODE seq=28 mode=2 combat=0 pending=0
2026.09.28-14.44.15 HUD seq=28 phase=TURN_END turn=you hand=9 oppHand=7(hidden) oppDeck=19 deck=19 discard=2 pendingDiscard=2
2026.09.28-14.44.15 ARTPREVIEW fighter=Medusa hero=1 eligible=1 visual=1 mesh=SK_Medusa_FaceNeck_v2Candidate
2026.09.28-14.44.15 FIGHTERS synced n=6 alive=6 own=2 enemy=4
2026.09.28-14.44.15 MANEUVER done seq=28 (merge) fighters=6 boost=no
2026.09.28-14.44.16 S09AUTO drive mode=2 plan=[defend+resolve] phase=TURN_END turn=cmukie57j0001wiaofr67k2vd
2026.09.28-14.44.16 S09AUTO discard picks=2
2026.09.28-14.44.16 DISCARD-CONFIRM pending=discard:6:28 count=2 ids=cmuhgvgi300oswi9gm8lj3wbw::0,cmuhgvgi500oywi9gchz8vt4l::1
2026.09.28-14.44.17 SNAPSHOT applied seq=29 phase=ACTION_MANEUVER
2026.09.28-14.44.17 HANDLE_APPLIED #41 seq=29 decision=2 fightersValid=1 boardValid=1
2026.09.28-14.44.17 closed mode=
2026.09.28-14.44.17 MODE seq=29 mode=0 combat=0 pending=1
2026.09.28-14.44.17 HUD seq=29 phase=ACTION_MANEUVER turn=opp hand=7 oppHand=7(hidden) oppDeck=19 deck=19 discard=4
2026.09.28-14.44.17 ARTPREVIEW fighter=Medusa hero=1 eligible=1 visual=1 mesh=SK_Medusa_FaceNeck_v2Candidate
2026.09.28-14.44.17 FIGHTERS synced n=6 alive=6 own=2 enemy=4
2026.09.28-14.44.17 DISCARD done seq=29 phase=ACTION_MANEUVER count=2
2026.09.28-14.44.17 SNAPSHOT applied seq=29 phase=ACTION_MANEUVER
2026.09.28-14.44.17 HANDLE_APPLIED #42 seq=29 decision=1 fightersValid=1 boardValid=1
2026.09.28-14.44.17 MODE seq=29 mode=0 combat=0 pending=1
2026.09.28-14.44.17 HUD seq=29 phase=ACTION_MANEUVER turn=opp hand=7 oppHand=7(hidden) oppDeck=19 deck=19 discard=4
2026.09.28-14.44.17 ARTPREVIEW fighter=Medusa hero=1 eligible=1 visual=1 mesh=SK_Medusa_FaceNeck_v2Candidate
2026.09.28-14.44.17 FIGHTERS synced n=6 alive=6 own=2 enemy=4
2026.09.28-14.44.17 WS seq=29 phase=ACTION_MANEUVER (merge)
2026.09.28-14.44.17 SNAPSHOT applied seq=30 phase=ACTION_MANEUVER
2026.09.28-14.44.17 HANDLE_APPLIED #43 seq=30 decision=2 fightersValid=1 boardValid=1
2026.09.28-14.44.17 MODE seq=30 mode=0 combat=0 pending=0
2026.09.28-14.44.17 HUD seq=30 phase=ACTION_MANEUVER turn=opp hand=7 oppHand=7(hidden) oppDeck=19~ deck=19~ discard=4
2026.09.28-14.44.17 ARTPREVIEW fighter=Medusa hero=1 eligible=1 visual=1 mesh=SK_Medusa_FaceNeck_v2Candidate
2026.09.28-14.44.17 FIGHTERS synced n=6 alive=6 own=2 enemy=4
2026.09.28-14.44.17 ARTPREVIEW damage-number fighter=f-1-hero amount=1 seq=30 cell=(3,3)
2026.09.28-14.44.17 CUE damage f-1-hero -1 seq=30
2026.09.28-14.44.17 WS seq=30 phase=ACTION_MANEUVER (apply)
2026.09.28-14.44.17 SNAPSHOT applied seq=31 phase=ACTION_MANEUVER
2026.09.28-14.44.17 HANDLE_APPLIED #44 seq=31 decision=2 fightersValid=1 boardValid=1
2026.09.28-14.44.17 MODE seq=31 mode=0 combat=0 pending=0
2026.09.28-14.44.17 HUD seq=31 phase=ACTION_MANEUVER turn=opp hand=7 oppHand=8(hidden) oppDeck=19~ deck=19~ discard=4
2026.09.28-14.44.17 ARTPREVIEW fighter=Medusa hero=1 eligible=1 visual=1 mesh=SK_Medusa_FaceNeck_v2Candidate
2026.09.28-14.44.17 FIGHTERS synced n=6 alive=6 own=2 enemy=4
2026.09.28-14.44.17 WS seq=31 phase=ACTION_MANEUVER (apply)
2026.09.28-14.44.17 game -> room=cmulcyak100hxwip412x34a7o code=<redacted> status=IN_PROGRESS
2026.09.28-14.44.17 SNAPSHOT applied seq=32 phase=ACTION_MANEUVER
2026.09.28-14.44.17 HANDLE_APPLIED #45 seq=32 decision=2 fightersValid=1 boardValid=1
2026.09.28-14.44.17 MODE seq=32 mode=0 combat=0 pending=0
2026.09.28-14.44.17 HUD seq=32 phase=ACTION_MANEUVER turn=opp hand=7 oppHand=8(hidden) oppDeck=19~ deck=19~ discard=4
2026.09.28-14.44.17 ARTPREVIEW fighter=Medusa hero=1 eligible=1 visual=1 mesh=SK_Medusa_FaceNeck_v2Candidate
2026.09.28-14.44.17 FIGHTERS synced n=6 alive=6 own=2 enemy=4
2026.09.28-14.44.17 CUE move f-0-hero (2,4)->(3,4) seq=32
2026.09.28-14.44.17 WS seq=32 phase=ACTION_MANEUVER (apply)
2026.09.28-14.44.17 S09AUTO damage-number shot
2026.09.28-14.44.17 SHOT ctx viewport=1920x1080 viewTarget=CameraActor_2147482371 cam=(0,1107,1582) rot=(-55,-90,0)
2026.09.28-14.44.17 SHOT fighter f-0-hero pos=(3,4) world=(100,150,0) screen=(1125,743) projected=1 alive=1
2026.09.28-14.44.17 SHOT fighter f-0-sk0 pos=(4,2) world=(200,-50,0) screen=(1271,476) projected=1 alive=1
2026.09.28-14.44.17 SHOT fighter f-0-sk1 pos=(2,1) world=(0,-150,0) screen=(960,355) projected=1 alive=1
2026.09.28-14.44.17 SHOT fighter f-0-sk2 pos=(1,2) world=(-100,-50,0) screen=(805,476) projected=1 alive=1
2026.09.28-14.44.17 SHOT fighter f-1-hero pos=(3,3) world=(100,50,0) screen=(1120,606) projected=1 alive=1
2026.09.28-14.44.17 SHOT fighter f-1-sk0 pos=(4,3) world=(200,50,0) screen=(1280,606) projected=1 alive=1
2026.09.28-14.44.17 SHOT camera dist=1930.8 target=1930.8 overview=1930.8 errPct=0.000 focusErr=0.00 settled=1 zoom=1.00
2026.09.28-14.44.17 SHOT head fighter=f-0-hero socket=Head mesh=SK_Medusa_FaceNeck_v2Candidate world=(100.0,146.0,38.5) screen=(1127.7,703.5) top=(1128.2,698.2) bottom=(1127.3,708.9) headPx=10.7 projected=1
2026.09.28-14.44.17 SHOT label fighter=f-0-hero mode=full bbox=(1084,653,1179,685)
2026.09.28-14.44.17 SHOT label fighter=f-0-sk0 mode=full bbox=(1230,399,1329,428)
2026.09.28-14.44.17 SHOT label fighter=f-0-sk1 mode=full bbox=(914,276,1006,305)
2026.09.28-14.44.17 SHOT label fighter=f-0-sk2 mode=full bbox=(751,399,848,428)
2026.09.28-14.44.17 SHOT label fighter=f-1-hero mode=full bbox=(1078,517,1174,545)
2026.09.28-14.44.17 SHOT label fighter=f-1-sk0 mode=full bbox=(1252,529,1328,558)
2026.09.28-14.44.17 SHOT damage fighter=f-1-hero bbox=(1146,539,1184,563)
2026.09.28-14.44.17 SHOT requested: FScreenshotRequest(bShowUI) -> C:\Users\ren\AppData\Local\Temp\s09-combat-20260928-194340-47580\joiner/s09-damage-number.png
2026.09.28-14.44.18 S09AUTO drive mode=0 plan=[defend+resolve] phase=ACTION_MANEUVER turn=cmukie55u0000wiao06h107t9
2026.09.28-14.44.18 SNAPSHOT applied seq=33 phase=ACTION_MANEUVER
2026.09.28-14.44.18 HANDLE_APPLIED #46 seq=33 decision=2 fightersValid=1 boardValid=1
2026.09.28-14.44.18 MODE seq=33 mode=0 combat=0 pending=0
2026.09.28-14.44.18 HUD seq=33 phase=ACTION_MANEUVER turn=opp hand=7 oppHand=9(hidden) oppDeck=19~ deck=19~ discard=4
2026.09.28-14.44.18 ARTPREVIEW fighter=Medusa hero=1 eligible=1 visual=1 mesh=SK_Medusa_FaceNeck_v2Candidate
2026.09.28-14.44.18 FIGHTERS synced n=6 alive=6 own=2 enemy=4
2026.09.28-14.44.18 WS seq=33 phase=ACTION_MANEUVER (apply)
2026.09.28-14.44.18 SNAPSHOT applied seq=34 phase=TURN_END
2026.09.28-14.44.18 HANDLE_APPLIED #47 seq=34 decision=2 fightersValid=1 boardValid=1
2026.09.28-14.44.18 MODE seq=34 mode=0 combat=0 pending=0
2026.09.28-14.44.18 HUD seq=34 phase=TURN_END turn=opp hand=7 oppHand=9(hidden) oppDeck=19~ deck=19~ discard=4 pendingDiscard=2
2026.09.28-14.44.18 ARTPREVIEW fighter=Medusa hero=1 eligible=1 visual=1 mesh=SK_Medusa_FaceNeck_v2Candidate
2026.09.28-14.44.18 FIGHTERS synced n=6 alive=6 own=2 enemy=4
2026.09.28-14.44.18 CUE move f-0-hero (3,4)->(4,4) seq=34
2026.09.28-14.44.18 WS seq=34 phase=TURN_END (apply)
2026.09.28-14.44.20 SNAPSHOT applied seq=35 phase=ACTION_MANEUVER
2026.09.28-14.44.20 HANDLE_APPLIED #48 seq=35 decision=2 fightersValid=1 boardValid=1
2026.09.28-14.44.20 MODE seq=35 mode=0 combat=0 pending=0
2026.09.28-14.44.20 HUD seq=35 phase=ACTION_MANEUVER turn=you hand=7 oppHand=7(hidden) oppDeck=19~ deck=19~ discard=4
2026.09.28-14.44.20 ARTPREVIEW fighter=Medusa hero=1 eligible=1 visual=1 mesh=SK_Medusa_FaceNeck_v2Candidate
2026.09.28-14.44.20 FIGHTERS synced n=6 alive=6 own=2 enemy=4
2026.09.28-14.44.20 WS seq=35 phase=ACTION_MANEUVER (apply)
2026.09.28-14.44.20 S09AUTO own turn #3 (turnCount=8)
2026.09.28-14.44.20 SNAPSHOT applied seq=36 phase=ACTION_MANEUVER
2026.09.28-14.44.20 HANDLE_APPLIED #49 seq=36 decision=2 fightersValid=1 boardValid=1
2026.09.28-14.44.20 MANEUVER-DRAFT mode=maneuver:8:35
2026.09.28-14.44.20 DRAFT-OPEN draw committed (resume instead of begin)
2026.09.28-14.44.20 MODE seq=36 mode=1 combat=0 pending=0
2026.09.28-14.44.20 HUD seq=36 phase=ACTION_MANEUVER turn=you hand=8 oppHand=7(hidden) oppDeck=17 deck=18 discard=4
2026.09.28-14.44.20 ARTPREVIEW fighter=Medusa hero=1 eligible=1 visual=1 mesh=SK_Medusa_FaceNeck_v2Candidate
2026.09.28-14.44.20 FIGHTERS synced n=6 alive=6 own=2 enemy=4
2026.09.28-14.44.20 MANEUVER begin seq=36 (apply) pending=maneuver:8:35
2026.09.28-14.44.20 SNAPSHOT applied seq=36 phase=ACTION_MANEUVER
2026.09.28-14.44.20 HANDLE_APPLIED #50 seq=36 decision=1 fightersValid=1 boardValid=1
2026.09.28-14.44.20 MODE seq=36 mode=1 combat=0 pending=0
2026.09.28-14.44.20 HUD seq=36 phase=ACTION_MANEUVER turn=you hand=8 oppHand=7(hidden) oppDeck=17 deck=18 discard=4
2026.09.28-14.44.20 ARTPREVIEW fighter=Medusa hero=1 eligible=1 visual=1 mesh=SK_Medusa_FaceNeck_v2Candidate
2026.09.28-14.44.20 FIGHTERS synced n=6 alive=6 own=2 enemy=4
2026.09.28-14.44.20 WS seq=36 phase=ACTION_MANEUVER (merge)
2026.09.28-14.44.20 S09AUTO drive mode=1 plan=[defend+resolve] phase=ACTION_MANEUVER turn=cmukie57j0001wiaofr67k2vd
2026.09.28-14.44.20 MANEUVER-CONFIRM moves=1 boost=none
2026.09.28-14.44.20 HUD plate content fighter=f-1-hero name=King Arthur hp=17/18 team=own statuses=HERO  |  MELEE
2026.09.28-14.44.20 PLATE fighter=f-1-hero bbox=(1197,340,1369,394) overlapReachable=0 placement=above ring=16 gap=139 selection=f-1-hero destinations=8 clean=1 softPx2=0 tested=2924
2026.09.28-14.44.20 SNAPSHOT applied seq=37 phase=ACTION_MANEUVER
2026.09.28-14.44.20 HANDLE_APPLIED #51 seq=37 decision=2 fightersValid=1 boardValid=1
2026.09.28-14.44.20 closed mode=
2026.09.28-14.44.20 MODE seq=37 mode=0 combat=0 pending=0
2026.09.28-14.44.20 HUD seq=37 phase=ACTION_MANEUVER turn=you hand=8 oppHand=7(hidden) oppDeck=17 deck=18 discard=4
2026.09.28-14.44.20 ARTPREVIEW fighter=Medusa hero=1 eligible=1 visual=1 mesh=SK_Medusa_FaceNeck_v2Candidate
2026.09.28-14.44.20 FIGHTERS synced n=6 alive=6 own=2 enemy=4
2026.09.28-14.44.20 CUE move f-1-hero (3,3)->(2,3) seq=37
2026.09.28-14.44.20 MANEUVER done seq=37 (apply) fighters=6 boost=no
2026.09.28-14.44.20 SNAPSHOT applied seq=37 phase=ACTION_MANEUVER
2026.09.28-14.44.20 HANDLE_APPLIED #52 seq=37 decision=1 fightersValid=1 boardValid=1
2026.09.28-14.44.20 MODE seq=37 mode=0 combat=0 pending=0
2026.09.28-14.44.20 HUD seq=37 phase=ACTION_MANEUVER turn=you hand=8 oppHand=7(hidden) oppDeck=17 deck=18 discard=4
2026.09.28-14.44.20 ARTPREVIEW fighter=Medusa hero=1 eligible=1 visual=1 mesh=SK_Medusa_FaceNeck_v2Candidate
2026.09.28-14.44.20 FIGHTERS synced n=6 alive=6 own=2 enemy=4
2026.09.28-14.44.20 WS seq=37 phase=ACTION_MANEUVER (merge)
2026.09.28-14.44.20 PLATE hidden fighter=f-1-hero
2026.09.28-14.44.20 game -> room=cmulcyak100hxwip412x34a7o code=<redacted> status=IN_PROGRESS
2026.09.28-14.44.21 S09AUTO drive mode=0 plan=[defend+resolve] phase=ACTION_MANEUVER turn=cmukie57j0001wiaofr67k2vd
2026.09.28-14.44.21 SNAPSHOT applied seq=38 phase=ACTION_MANEUVER
2026.09.28-14.44.21 HANDLE_APPLIED #53 seq=38 decision=2 fightersValid=1 boardValid=1
2026.09.28-14.44.21 MANEUVER-DRAFT mode=maneuver:8:37
2026.09.28-14.44.21 DRAFT-OPEN draw committed (resume instead of begin)
2026.09.28-14.44.21 MODE seq=38 mode=1 combat=0 pending=0
2026.09.28-14.44.21 HUD seq=38 phase=ACTION_MANEUVER turn=you hand=9 oppHand=7(hidden) oppDeck=17 deck=17 discard=4
2026.09.28-14.44.21 ARTPREVIEW fighter=Medusa hero=1 eligible=1 visual=1 mesh=SK_Medusa_FaceNeck_v2Candidate
2026.09.28-14.44.21 FIGHTERS synced n=6 alive=6 own=2 enemy=4
2026.09.28-14.44.21 MANEUVER begin seq=38 (apply) pending=maneuver:8:37
2026.09.28-14.44.21 SNAPSHOT applied seq=38 phase=ACTION_MANEUVER
2026.09.28-14.44.21 HANDLE_APPLIED #54 seq=38 decision=1 fightersValid=1 boardValid=1
2026.09.28-14.44.21 MODE seq=38 mode=1 combat=0 pending=0
2026.09.28-14.44.21 HUD seq=38 phase=ACTION_MANEUVER turn=you hand=9 oppHand=7(hidden) oppDeck=17 deck=17 discard=4
2026.09.28-14.44.21 ARTPREVIEW fighter=Medusa hero=1 eligible=1 visual=1 mesh=SK_Medusa_FaceNeck_v2Candidate
2026.09.28-14.44.21 FIGHTERS synced n=6 alive=6 own=2 enemy=4
2026.09.28-14.44.21 WS seq=38 phase=ACTION_MANEUVER (merge)
2026.09.28-14.44.21 S09AUTO drive mode=1 plan=[defend+resolve] phase=ACTION_MANEUVER turn=cmukie57j0001wiaofr67k2vd
2026.09.28-14.44.21 MANEUVER-CONFIRM moves=1 boost=none
2026.09.28-14.44.21 PLATE fighter=f-1-hero bbox=(989,356,1161,410) overlapReachable=0 placement=above ring=14 gap=118 selection=f-1-hero destinations=9 clean=1 softPx2=0 tested=2460
2026.09.28-14.44.21 SNAPSHOT applied seq=39 phase=TURN_END
2026.09.28-14.44.21 HANDLE_APPLIED #55 seq=39 decision=2 fightersValid=1 boardValid=1
2026.09.28-14.44.21 DISCARD-DRAFT count=2 pending=discard:8:39
2026.09.28-14.44.21 MODE seq=39 mode=2 combat=0 pending=0
2026.09.28-14.44.21 HUD seq=39 phase=TURN_END turn=you hand=9 oppHand=7(hidden) oppDeck=17 deck=17 discard=4 pendingDiscard=2
2026.09.28-14.44.21 ARTPREVIEW fighter=Medusa hero=1 eligible=1 visual=1 mesh=SK_Medusa_FaceNeck_v2Candidate
2026.09.28-14.44.21 FIGHTERS synced n=6 alive=6 own=2 enemy=4
2026.09.28-14.44.21 CUE move f-1-hero (2,3)->(3,3) seq=39
2026.09.28-14.44.21 MANEUVER done seq=39 (apply) fighters=6 boost=no
2026.09.28-14.44.21 SNAPSHOT applied seq=39 phase=TURN_END
2026.09.28-14.44.21 HANDLE_APPLIED #56 seq=39 decision=1 fightersValid=1 boardValid=1
2026.09.28-14.44.21 MODE seq=39 mode=2 combat=0 pending=0
2026.09.28-14.44.21 HUD seq=39 phase=TURN_END turn=you hand=9 oppHand=7(hidden) oppDeck=17 deck=17 discard=4 pendingDiscard=2
2026.09.28-14.44.21 ARTPREVIEW fighter=Medusa hero=1 eligible=1 visual=1 mesh=SK_Medusa_FaceNeck_v2Candidate
2026.09.28-14.44.21 FIGHTERS synced n=6 alive=6 own=2 enemy=4
2026.09.28-14.44.21 WS seq=39 phase=TURN_END (merge)
2026.09.28-14.44.21 PLATE hidden fighter=f-1-hero
2026.09.28-14.44.22 S09AUTO drive mode=2 plan=[defend+resolve] phase=TURN_END turn=cmukie57j0001wiaofr67k2vd
2026.09.28-14.44.22 S09AUTO discard picks=2
2026.09.28-14.44.22 DISCARD-CONFIRM pending=discard:8:39 count=2 ids=cmuhgvgi600p0wi9gzhz8rkin::2,cmuhgvgi500owwi9gnmn59wun::1
2026.09.28-14.44.22 SNAPSHOT applied seq=40 phase=ACTION_MANEUVER
2026.09.28-14.44.22 HANDLE_APPLIED #57 seq=40 decision=2 fightersValid=1 boardValid=1
2026.09.28-14.44.22 closed mode=
2026.09.28-14.44.22 MODE seq=40 mode=0 combat=0 pending=1
2026.09.28-14.44.22 HUD seq=40 phase=ACTION_MANEUVER turn=opp hand=7 oppHand=7(hidden) oppDeck=17 deck=17 discard=6
2026.09.28-14.44.22 ARTPREVIEW fighter=Medusa hero=1 eligible=1 visual=1 mesh=SK_Medusa_FaceNeck_v2Candidate
2026.09.28-14.44.22 FIGHTERS synced n=6 alive=6 own=2 enemy=4
2026.09.28-14.44.22 DISCARD done seq=40 phase=ACTION_MANEUVER count=2
2026.09.28-14.44.22 SNAPSHOT applied seq=40 phase=ACTION_MANEUVER
2026.09.28-14.44.22 HANDLE_APPLIED #58 seq=40 decision=1 fightersValid=1 boardValid=1
2026.09.28-14.44.22 MODE seq=40 mode=0 combat=0 pending=1
2026.09.28-14.44.22 HUD seq=40 phase=ACTION_MANEUVER turn=opp hand=7 oppHand=7(hidden) oppDeck=17 deck=17 discard=6
2026.09.28-14.44.22 ARTPREVIEW fighter=Medusa hero=1 eligible=1 visual=1 mesh=SK_Medusa_FaceNeck_v2Candidate
2026.09.28-14.44.22 FIGHTERS synced n=6 alive=6 own=2 enemy=4
2026.09.28-14.44.22 WS seq=40 phase=ACTION_MANEUVER (merge)
2026.09.28-14.44.22 SNAPSHOT applied seq=41 phase=ACTION_MANEUVER
2026.09.28-14.44.22 HANDLE_APPLIED #59 seq=41 decision=2 fightersValid=1 boardValid=1
2026.09.28-14.44.22 MODE seq=41 mode=0 combat=0 pending=0
2026.09.28-14.44.22 HUD seq=41 phase=ACTION_MANEUVER turn=opp hand=7 oppHand=7(hidden) oppDeck=17~ deck=17~ discard=6
2026.09.28-14.44.22 ARTPREVIEW fighter=Medusa hero=1 eligible=1 visual=1 mesh=SK_Medusa_FaceNeck_v2Candidate
2026.09.28-14.44.22 FIGHTERS synced n=6 alive=6 own=2 enemy=4
2026.09.28-14.44.22 ARTPREVIEW damage-number fighter=f-1-hero amount=1 seq=41 cell=(3,3)
2026.09.28-14.44.22 CUE damage f-1-hero -1 seq=41
2026.09.28-14.44.22 WS seq=41 phase=ACTION_MANEUVER (apply)
2026.09.28-14.44.23 SNAPSHOT applied seq=42 phase=ACTION_MANEUVER
2026.09.28-14.44.23 HANDLE_APPLIED #60 seq=42 decision=2 fightersValid=1 boardValid=1
2026.09.28-14.44.23 MODE seq=42 mode=0 combat=0 pending=0
2026.09.28-14.44.23 HUD seq=42 phase=ACTION_MANEUVER turn=opp hand=7 oppHand=8(hidden) oppDeck=17~ deck=17~ discard=6
2026.09.28-14.44.23 ARTPREVIEW fighter=Medusa hero=1 eligible=1 visual=1 mesh=SK_Medusa_FaceNeck_v2Candidate
2026.09.28-14.44.23 FIGHTERS synced n=6 alive=6 own=2 enemy=4
2026.09.28-14.44.23 WS seq=42 phase=ACTION_MANEUVER (apply)
2026.09.28-14.44.23 SNAPSHOT applied seq=43 phase=ACTION_MANEUVER
2026.09.28-14.44.23 HANDLE_APPLIED #61 seq=43 decision=2 fightersValid=1 boardValid=1
2026.09.28-14.44.23 MODE seq=43 mode=0 combat=0 pending=0
2026.09.28-14.44.23 HUD seq=43 phase=ACTION_MANEUVER turn=opp hand=7 oppHand=8(hidden) oppDeck=17~ deck=17~ discard=6
2026.09.28-14.44.23 ARTPREVIEW fighter=Medusa hero=1 eligible=1 visual=1 mesh=SK_Medusa_FaceNeck_v2Candidate
2026.09.28-14.44.23 FIGHTERS synced n=6 alive=6 own=2 enemy=4
2026.09.28-14.44.23 CUE move f-0-hero (4,4)->(3,4) seq=43
2026.09.28-14.44.23 WS seq=43 phase=ACTION_MANEUVER (apply)
2026.09.28-14.44.23 game -> room=cmulcyak100hxwip412x34a7o code=<redacted> status=IN_PROGRESS
2026.09.28-14.44.24 S09AUTO drive mode=0 plan=[defend+resolve] phase=ACTION_MANEUVER turn=cmukie55u0000wiao06h107t9
2026.09.28-14.44.24 SNAPSHOT applied seq=44 phase=ACTION_MANEUVER
2026.09.28-14.44.24 HANDLE_APPLIED #62 seq=44 decision=2 fightersValid=1 boardValid=1
2026.09.28-14.44.24 MODE seq=44 mode=0 combat=0 pending=0
2026.09.28-14.44.24 HUD seq=44 phase=ACTION_MANEUVER turn=opp hand=7 oppHand=9(hidden) oppDeck=17~ deck=17~ discard=6
2026.09.28-14.44.24 ARTPREVIEW fighter=Medusa hero=1 eligible=1 visual=1 mesh=SK_Medusa_FaceNeck_v2Candidate
2026.09.28-14.44.24 FIGHTERS synced n=6 alive=6 own=2 enemy=4
2026.09.28-14.44.24 WS seq=44 phase=ACTION_MANEUVER (apply)
2026.09.28-14.44.24 SNAPSHOT applied seq=45 phase=TURN_END
2026.09.28-14.44.24 HANDLE_APPLIED #63 seq=45 decision=2 fightersValid=1 boardValid=1
2026.09.28-14.44.24 MODE seq=45 mode=0 combat=0 pending=0
2026.09.28-14.44.24 HUD seq=45 phase=TURN_END turn=opp hand=7 oppHand=9(hidden) oppDeck=17~ deck=17~ discard=6 pendingDiscard=2
2026.09.28-14.44.24 ARTPREVIEW fighter=Medusa hero=1 eligible=1 visual=1 mesh=SK_Medusa_FaceNeck_v2Candidate
2026.09.28-14.44.24 FIGHTERS synced n=6 alive=6 own=2 enemy=4
2026.09.28-14.44.24 CUE move f-0-hero (3,4)->(4,4) seq=45
2026.09.28-14.44.24 WS seq=45 phase=TURN_END (apply)
2026.09.28-14.44.25 SNAPSHOT applied seq=46 phase=ACTION_MANEUVER
2026.09.28-14.44.25 HANDLE_APPLIED #64 seq=46 decision=2 fightersValid=1 boardValid=1
2026.09.28-14.44.25 MODE seq=46 mode=0 combat=0 pending=0
2026.09.28-14.44.25 HUD seq=46 phase=ACTION_MANEUVER turn=you hand=7 oppHand=7(hidden) oppDeck=17~ deck=17~ discard=6
2026.09.28-14.44.25 ARTPREVIEW fighter=Medusa hero=1 eligible=1 visual=1 mesh=SK_Medusa_FaceNeck_v2Candidate
2026.09.28-14.44.25 FIGHTERS synced n=6 alive=6 own=2 enemy=4
2026.09.28-14.44.25 WS seq=46 phase=ACTION_MANEUVER (apply)
2026.09.28-14.44.25 S09AUTO own turn #4 (turnCount=10)
2026.09.28-14.44.26 SNAPSHOT applied seq=47 phase=ACTION_MANEUVER
2026.09.28-14.44.26 HANDLE_APPLIED #65 seq=47 decision=2 fightersValid=1 boardValid=1
2026.09.28-14.44.26 MANEUVER-DRAFT mode=maneuver:10:46
2026.09.28-14.44.26 DRAFT-OPEN draw committed (resume instead of begin)
2026.09.28-14.44.26 MODE seq=47 mode=1 combat=0 pending=0
2026.09.28-14.44.26 HUD seq=47 phase=ACTION_MANEUVER turn=you hand=8 oppHand=7(hidden) oppDeck=15 deck=16 discard=6
2026.09.28-14.44.26 ARTPREVIEW fighter=Medusa hero=1 eligible=1 visual=1 mesh=SK_Medusa_FaceNeck_v2Candidate
2026.09.28-14.44.26 FIGHTERS synced n=6 alive=6 own=2 enemy=4
2026.09.28-14.44.26 MANEUVER begin seq=47 (apply) pending=maneuver:10:46
2026.09.28-14.44.26 SNAPSHOT applied seq=47 phase=ACTION_MANEUVER
2026.09.28-14.44.26 HANDLE_APPLIED #66 seq=47 decision=1 fightersValid=1 boardValid=1
2026.09.28-14.44.26 MODE seq=47 mode=1 combat=0 pending=0
2026.09.28-14.44.26 HUD seq=47 phase=ACTION_MANEUVER turn=you hand=8 oppHand=7(hidden) oppDeck=15 deck=16 discard=6
2026.09.28-14.44.26 ARTPREVIEW fighter=Medusa hero=1 eligible=1 visual=1 mesh=SK_Medusa_FaceNeck_v2Candidate
2026.09.28-14.44.26 FIGHTERS synced n=6 alive=6 own=2 enemy=4
2026.09.28-14.44.26 WS seq=47 phase=ACTION_MANEUVER (merge)
2026.09.28-14.44.26 S09AUTO drive mode=1 plan=[defend+resolve] phase=ACTION_MANEUVER turn=cmukie57j0001wiaofr67k2vd
2026.09.28-14.44.26 MANEUVER-CONFIRM moves=1 boost=none
2026.09.28-14.44.26 HUD plate content fighter=f-1-hero name=King Arthur hp=16/18 team=own statuses=HERO  |  MELEE
2026.09.28-14.44.26 PLATE fighter=f-1-hero bbox=(1197,340,1369,394) overlapReachable=0 placement=above ring=16 gap=139 selection=f-1-hero destinations=8 clean=1 softPx2=0 tested=2924
2026.09.28-14.44.26 SNAPSHOT applied seq=48 phase=ACTION_MANEUVER
2026.09.28-14.44.26 HANDLE_APPLIED #67 seq=48 decision=2 fightersValid=1 boardValid=1
2026.09.28-14.44.26 closed mode=
2026.09.28-14.44.26 MODE seq=48 mode=0 combat=0 pending=0
2026.09.28-14.44.26 HUD seq=48 phase=ACTION_MANEUVER turn=you hand=8 oppHand=7(hidden) oppDeck=15~ deck=16~ discard=6
2026.09.28-14.44.26 ARTPREVIEW fighter=Medusa hero=1 eligible=1 visual=1 mesh=SK_Medusa_FaceNeck_v2Candidate
2026.09.28-14.44.26 FIGHTERS synced n=6 alive=6 own=2 enemy=4
2026.09.28-14.44.26 CUE move f-1-hero (3,3)->(2,3) seq=48
2026.09.28-14.44.26 WS seq=48 phase=ACTION_MANEUVER (apply)
2026.09.28-14.44.26 PLATE hidden fighter=f-1-hero
2026.09.28-14.44.26 SNAPSHOT applied seq=48 phase=ACTION_MANEUVER
2026.09.28-14.44.26 HANDLE_APPLIED #68 seq=48 decision=1 fightersValid=1 boardValid=1
2026.09.28-14.44.26 MODE seq=48 mode=0 combat=0 pending=0
2026.09.28-14.44.26 HUD seq=48 phase=ACTION_MANEUVER turn=you hand=8 oppHand=7(hidden) oppDeck=15 deck=16 discard=6
2026.09.28-14.44.26 ARTPREVIEW fighter=Medusa hero=1 eligible=1 visual=1 mesh=SK_Medusa_FaceNeck_v2Candidate
2026.09.28-14.44.26 FIGHTERS synced n=6 alive=6 own=2 enemy=4
2026.09.28-14.44.26 MANEUVER done seq=48 (merge) fighters=6 boost=no
2026.09.28-14.44.26 game -> room=cmulcyak100hxwip412x34a7o code=<redacted> status=IN_PROGRESS
2026.09.28-14.44.27 S09AUTO drive mode=0 plan=[defend+resolve] phase=ACTION_MANEUVER turn=cmukie57j0001wiaofr67k2vd
2026.09.28-14.44.27 SNAPSHOT applied seq=49 phase=ACTION_MANEUVER
2026.09.28-14.44.27 HANDLE_APPLIED #69 seq=49 decision=2 fightersValid=1 boardValid=1
2026.09.28-14.44.27 MANEUVER-DRAFT mode=maneuver:10:48
2026.09.28-14.44.27 DRAFT-OPEN draw committed (resume instead of begin)
2026.09.28-14.44.27 MODE seq=49 mode=1 combat=0 pending=0
2026.09.28-14.44.27 HUD seq=49 phase=ACTION_MANEUVER turn=you hand=9 oppHand=7(hidden) oppDeck=15 deck=15 discard=6
2026.09.28-14.44.27 ARTPREVIEW fighter=Medusa hero=1 eligible=1 visual=1 mesh=SK_Medusa_FaceNeck_v2Candidate
2026.09.28-14.44.27 FIGHTERS synced n=6 alive=6 own=2 enemy=4
2026.09.28-14.44.27 MANEUVER begin seq=49 (apply) pending=maneuver:10:48
2026.09.28-14.44.27 SNAPSHOT applied seq=49 phase=ACTION_MANEUVER
2026.09.28-14.44.27 HANDLE_APPLIED #70 seq=49 decision=1 fightersValid=1 boardValid=1
2026.09.28-14.44.27 MODE seq=49 mode=1 combat=0 pending=0
2026.09.28-14.44.27 HUD seq=49 phase=ACTION_MANEUVER turn=you hand=9 oppHand=7(hidden) oppDeck=15 deck=15 discard=6
2026.09.28-14.44.27 ARTPREVIEW fighter=Medusa hero=1 eligible=1 visual=1 mesh=SK_Medusa_FaceNeck_v2Candidate
2026.09.28-14.44.27 FIGHTERS synced n=6 alive=6 own=2 enemy=4
2026.09.28-14.44.27 WS seq=49 phase=ACTION_MANEUVER (merge)
2026.09.28-14.44.27 S09AUTO drive mode=1 plan=[defend+resolve] phase=ACTION_MANEUVER turn=cmukie57j0001wiaofr67k2vd
2026.09.28-14.44.27 MANEUVER-CONFIRM moves=1 boost=none
2026.09.28-14.44.27 PLATE fighter=f-1-hero bbox=(989,356,1161,410) overlapReachable=0 placement=above ring=14 gap=118 selection=f-1-hero destinations=9 clean=1 softPx2=0 tested=2460
2026.09.28-14.44.27 SNAPSHOT applied seq=50 phase=TURN_END
2026.09.28-14.44.27 HANDLE_APPLIED #71 seq=50 decision=2 fightersValid=1 boardValid=1
2026.09.28-14.44.27 DISCARD-DRAFT count=2 pending=discard:10:50
2026.09.28-14.44.27 MODE seq=50 mode=2 combat=0 pending=0
2026.09.28-14.44.27 HUD seq=50 phase=TURN_END turn=you hand=9 oppHand=7(hidden) oppDeck=15~ deck=15~ discard=6 pendingDiscard=2
2026.09.28-14.44.27 ARTPREVIEW fighter=Medusa hero=1 eligible=1 visual=1 mesh=SK_Medusa_FaceNeck_v2Candidate
2026.09.28-14.44.27 FIGHTERS synced n=6 alive=6 own=2 enemy=4
2026.09.28-14.44.27 CUE move f-1-hero (2,3)->(3,3) seq=50
2026.09.28-14.44.27 WS seq=50 phase=TURN_END (apply)
2026.09.28-14.44.27 PLATE hidden fighter=f-1-hero
2026.09.28-14.44.27 SNAPSHOT applied seq=50 phase=TURN_END
2026.09.28-14.44.27 HANDLE_APPLIED #72 seq=50 decision=1 fightersValid=1 boardValid=1
2026.09.28-14.44.27 MODE seq=50 mode=2 combat=0 pending=0
2026.09.28-14.44.27 HUD seq=50 phase=TURN_END turn=you hand=9 oppHand=7(hidden) oppDeck=15 deck=15 discard=6 pendingDiscard=2
2026.09.28-14.44.27 ARTPREVIEW fighter=Medusa hero=1 eligible=1 visual=1 mesh=SK_Medusa_FaceNeck_v2Candidate
2026.09.28-14.44.27 FIGHTERS synced n=6 alive=6 own=2 enemy=4
2026.09.28-14.44.27 MANEUVER done seq=50 (merge) fighters=6 boost=no
2026.09.28-14.44.28 S09AUTO drive mode=2 plan=[defend+resolve] phase=TURN_END turn=cmukie57j0001wiaofr67k2vd
2026.09.28-14.44.28 S09AUTO discard picks=2
2026.09.28-14.44.28 DISCARD-CONFIRM pending=discard:10:50 count=2 ids=cmuhgvghz00okwi9gtzou83ty::0,cmuhgvgi200oqwi9ginqxairz::0
2026.09.28-14.44.28 SNAPSHOT applied seq=51 phase=ACTION_MANEUVER
2026.09.28-14.44.28 HANDLE_APPLIED #73 seq=51 decision=2 fightersValid=1 boardValid=1
2026.09.28-14.44.28 closed mode=
2026.09.28-14.44.28 MODE seq=51 mode=0 combat=0 pending=1
2026.09.28-14.44.28 HUD seq=51 phase=ACTION_MANEUVER turn=opp hand=7 oppHand=7(hidden) oppDeck=15~ deck=15~ discard=8
2026.09.28-14.44.28 ARTPREVIEW fighter=Medusa hero=1 eligible=1 visual=1 mesh=SK_Medusa_FaceNeck_v2Candidate
2026.09.28-14.44.28 FIGHTERS synced n=6 alive=6 own=2 enemy=4
2026.09.28-14.44.28 WS seq=51 phase=ACTION_MANEUVER (apply)
2026.09.28-14.44.28 SNAPSHOT applied seq=51 phase=ACTION_MANEUVER
2026.09.28-14.44.28 HANDLE_APPLIED #74 seq=51 decision=1 fightersValid=1 boardValid=1
2026.09.28-14.44.28 MODE seq=51 mode=0 combat=0 pending=1
2026.09.28-14.44.28 HUD seq=51 phase=ACTION_MANEUVER turn=opp hand=7 oppHand=7(hidden) oppDeck=15 deck=15 discard=8
2026.09.28-14.44.28 ARTPREVIEW fighter=Medusa hero=1 eligible=1 visual=1 mesh=SK_Medusa_FaceNeck_v2Candidate
2026.09.28-14.44.28 FIGHTERS synced n=6 alive=6 own=2 enemy=4
2026.09.28-14.44.28 DISCARD done seq=51 phase=ACTION_MANEUVER count=2
2026.09.28-14.44.28 SNAPSHOT applied seq=52 phase=ACTION_MANEUVER
2026.09.28-14.44.28 HANDLE_APPLIED #75 seq=52 decision=2 fightersValid=1 boardValid=1
2026.09.28-14.44.28 MODE seq=52 mode=0 combat=0 pending=0
2026.09.28-14.44.28 HUD seq=52 phase=ACTION_MANEUVER turn=opp hand=7 oppHand=7(hidden) oppDeck=15~ deck=15~ discard=8
2026.09.28-14.44.28 ARTPREVIEW fighter=Medusa hero=1 eligible=1 visual=1 mesh=SK_Medusa_FaceNeck_v2Candidate
2026.09.28-14.44.28 FIGHTERS synced n=6 alive=6 own=2 enemy=4
2026.09.28-14.44.28 ARTPREVIEW damage-number fighter=f-1-hero amount=1 seq=52 cell=(3,3)
2026.09.28-14.44.28 CUE damage f-1-hero -1 seq=52
2026.09.28-14.44.28 WS seq=52 phase=ACTION_MANEUVER (apply)
2026.09.28-14.44.29 SNAPSHOT applied seq=53 phase=COMBAT
2026.09.28-14.44.29 HANDLE_APPLIED #76 seq=53 decision=2 fightersValid=1 boardValid=1
2026.09.28-14.44.29 closed mode=
2026.09.28-14.44.29 MODE seq=53 mode=4 combat=1 pending=0
2026.09.28-14.44.29 HUD seq=53 phase=COMBAT turn=opp hand=7 oppHand=6(hidden) oppDeck=15~ deck=15~ discard=8
2026.09.28-14.44.29 ARTPREVIEW combat marker fighter=Medusa attacker=1 target=0 icon=0 targetMesh=SM_Marker_TargetRing iconMode=screen
2026.09.28-14.44.29 ARTPREVIEW combat marker fighter=Merlin attacker=0 target=1 icon=1 targetMesh=SM_Marker_TargetRing iconMode=screen
2026.09.28-14.44.29 ARTPREVIEW fighter=Medusa hero=1 eligible=1 visual=1 mesh=SK_Medusa_FaceNeck_v2Candidate
2026.09.28-14.44.29 FIGHTERS synced n=6 alive=6 own=2 enemy=4
2026.09.28-14.44.29 WS seq=53 phase=COMBAT (apply)
2026.09.28-14.44.29 ICON fighter=f-1-sk0 bbox=(1269,490,1301,522) size=32 src=combat labelAvoid=0 hudAvoid=0
2026.09.28-14.44.29 game -> room=cmulcyak100hxwip412x34a7o code=<redacted> status=IN_PROGRESS
2026.09.28-14.44.29 S09AUTO drive mode=4 plan=[defend+resolve] phase=COMBAT turn=cmukie55u0000wiao06h107t9
2026.09.28-14.44.29 S09AUTO defense-window shot
2026.09.28-14.44.29 SHOT ctx viewport=1920x1080 viewTarget=CameraActor_2147482371 cam=(0,1107,1582) rot=(-55,-90,0)
2026.09.28-14.44.29 SHOT fighter f-0-hero pos=(4,4) world=(200,150,0) screen=(1290,743) projected=1 alive=1
2026.09.28-14.44.29 SHOT fighter f-0-sk0 pos=(4,2) world=(200,-50,0) screen=(1271,476) projected=1 alive=1
2026.09.28-14.44.29 SHOT fighter f-0-sk1 pos=(2,1) world=(0,-150,0) screen=(960,355) projected=1 alive=1
2026.09.28-14.44.29 SHOT fighter f-0-sk2 pos=(1,2) world=(-100,-50,0) screen=(805,476) projected=1 alive=1
2026.09.28-14.44.29 SHOT fighter f-1-hero pos=(3,3) world=(100,50,0) screen=(1120,606) projected=1 alive=1
2026.09.28-14.44.29 SHOT fighter f-1-sk0 pos=(4,3) world=(200,50,0) screen=(1280,606) projected=1 alive=1
2026.09.28-14.44.29 SHOT camera dist=1930.8 target=1930.8 overview=1930.8 errPct=0.000 focusErr=0.00 settled=1 zoom=1.00
2026.09.28-14.44.29 SHOT head fighter=f-0-hero socket=Head mesh=SK_Medusa_FaceNeck_v2Candidate world=(200.0,146.0,38.5) screen=(1295.4,703.5) top=(1296.3,698.2) bottom=(1294.5,708.9) headPx=10.8 projected=1
2026.09.28-14.44.29 SHOT icon fighter=f-1-sk0 bbox=(1269,490,1301,522) size=32 src=combat planned=(1269,490,1301,522) geom=painted
2026.09.28-14.44.29 SHOT label fighter=f-0-hero mode=full bbox=(1254,653,1352,685)
2026.09.28-14.44.29 SHOT label fighter=f-0-sk0 mode=full bbox=(1230,399,1329,428)
2026.09.28-14.44.29 SHOT label fighter=f-0-sk1 mode=full bbox=(914,276,1006,305)
2026.09.28-14.44.29 SHOT label fighter=f-0-sk2 mode=full bbox=(751,399,848,428)
2026.09.28-14.44.29 SHOT label fighter=f-1-hero mode=full bbox=(1078,517,1174,545)
2026.09.28-14.44.29 SHOT label fighter=f-1-sk0 mode=full bbox=(1252,529,1328,558)
2026.09.28-14.44.29 SHOT requested: FScreenshotRequest(bShowUI) -> C:\Users\ren\AppData\Local\Temp\s09-combat-20260928-194340-47580\joiner/s09-combat-defense-open.png
2026.09.28-14.44.30 S09AUTO defense card picked
2026.09.28-14.44.30 DEFENSE sent
2026.09.28-14.44.30 SNAPSHOT applied seq=54 phase=COMBAT_RESOLVE
2026.09.28-14.44.30 HANDLE_APPLIED #77 seq=54 decision=2 fightersValid=1 boardValid=1
2026.09.28-14.44.30 closed mode=
2026.09.28-14.44.30 MODE seq=54 mode=5 combat=1 pending=0
2026.09.28-14.44.30 HUD seq=54 phase=COMBAT_RESOLVE turn=opp hand=6 oppHand=6(hidden) oppDeck=15 deck=15 discard=9
2026.09.28-14.44.30 ARTPREVIEW fighter=Medusa hero=1 eligible=1 visual=1 mesh=SK_Medusa_FaceNeck_v2Candidate
2026.09.28-14.44.30 FIGHTERS synced n=6 alive=6 own=2 enemy=4
2026.09.28-14.44.30 DEFENSE done seq=54 (apply) phase=COMBAT_RESOLVE
2026.09.28-14.44.30 SNAPSHOT applied seq=54 phase=COMBAT_RESOLVE
2026.09.28-14.44.30 HANDLE_APPLIED #78 seq=54 decision=1 fightersValid=1 boardValid=1
2026.09.28-14.44.30 MODE seq=54 mode=5 combat=1 pending=0
2026.09.28-14.44.30 HUD seq=54 phase=COMBAT_RESOLVE turn=opp hand=6 oppHand=6(hidden) oppDeck=15 deck=15 discard=9
2026.09.28-14.44.30 ARTPREVIEW fighter=Medusa hero=1 eligible=1 visual=1 mesh=SK_Medusa_FaceNeck_v2Candidate
2026.09.28-14.44.30 FIGHTERS synced n=6 alive=6 own=2 enemy=4
2026.09.28-14.44.30 WS seq=54 phase=COMBAT_RESOLVE (merge)
2026.09.28-14.44.30 S09AUTO drive mode=5 plan=[defend+resolve] phase=COMBAT_RESOLVE turn=cmukie55u0000wiao06h107t9
2026.09.28-14.44.30 S09AUTO resolve-window shot
2026.09.28-14.44.30 SHOT ctx viewport=1920x1080 viewTarget=CameraActor_2147482371 cam=(0,1107,1582) rot=(-55,-90,0)
2026.09.28-14.44.30 SHOT fighter f-0-hero pos=(4,4) world=(200,150,0) screen=(1290,743) projected=1 alive=1
2026.09.28-14.44.30 SHOT fighter f-0-sk0 pos=(4,2) world=(200,-50,0) screen=(1271,476) projected=1 alive=1
2026.09.28-14.44.30 SHOT fighter f-0-sk1 pos=(2,1) world=(0,-150,0) screen=(960,355) projected=1 alive=1
2026.09.28-14.44.30 SHOT fighter f-0-sk2 pos=(1,2) world=(-100,-50,0) screen=(805,476) projected=1 alive=1
2026.09.28-14.44.30 SHOT fighter f-1-hero pos=(3,3) world=(100,50,0) screen=(1120,606) projected=1 alive=1
2026.09.28-14.44.30 SHOT fighter f-1-sk0 pos=(4,3) world=(200,50,0) screen=(1280,606) projected=1 alive=1
2026.09.28-14.44.30 SHOT camera dist=1930.8 target=1930.8 overview=1930.8 errPct=0.000 focusErr=0.00 settled=1 zoom=1.00
2026.09.28-14.44.30 SHOT head fighter=f-0-hero socket=Head mesh=SK_Medusa_FaceNeck_v2Candidate world=(200.0,146.0,38.5) screen=(1295.4,703.5) top=(1296.3,698.2) bottom=(1294.5,708.9) headPx=10.8 projected=1
2026.09.28-14.44.30 SHOT icon fighter=f-1-sk0 bbox=(1269,490,1301,522) size=32 src=combat planned=(1269,490,1301,522) geom=painted
2026.09.28-14.44.30 SHOT label fighter=f-0-hero mode=full bbox=(1254,653,1352,685)
2026.09.28-14.44.30 SHOT label fighter=f-0-sk0 mode=full bbox=(1230,399,1329,428)
2026.09.28-14.44.30 SHOT label fighter=f-0-sk1 mode=full bbox=(914,276,1006,305)
2026.09.28-14.44.30 SHOT label fighter=f-0-sk2 mode=full bbox=(751,399,848,428)
2026.09.28-14.44.30 SHOT label fighter=f-1-hero mode=full bbox=(1078,517,1174,545)
2026.09.28-14.44.30 SHOT label fighter=f-1-sk0 mode=full bbox=(1252,529,1328,558)
2026.09.28-14.44.30 SHOT requested: FScreenshotRequest(bShowUI) -> C:\Users\ren\AppData\Local\Temp\s09-combat-20260928-194340-47580\joiner/s09-combat-resolve-window.png
2026.09.28-14.44.30 S09AUTO resolve
2026.09.28-14.44.30 RESOLVE sent
2026.09.28-14.44.30 SNAPSHOT applied seq=55 phase=COMBAT_RESOLVE
2026.09.28-14.44.30 HANDLE_APPLIED #79 seq=55 decision=2 fightersValid=1 boardValid=1
2026.09.28-14.44.30 MODE seq=55 mode=5 combat=1 pending=1
2026.09.28-14.44.30 HUD seq=55 phase=COMBAT_RESOLVE turn=opp hand=6 oppHand=6(hidden) oppDeck=15 deck=15 discard=9
2026.09.28-14.44.30 RESOLVE panel revealed: A3+B0 vs D1
2026.09.28-14.44.30 RESOLVE panel blocked by pending (type=BOOST_CHOICE id=cmuhgvgkf00smwi9gaeymh3ur-during-0-boost-54)
2026.09.28-14.44.30 ARTPREVIEW fighter=Medusa hero=1 eligible=1 visual=1 mesh=SK_Medusa_FaceNeck_v2Candidate
2026.09.28-14.44.30 FIGHTERS synced n=6 alive=6 own=2 enemy=4
2026.09.28-14.44.30 RESOLVE done seq=55 (apply) phase=COMBAT_RESOLVE
2026.09.28-14.44.30 SNAPSHOT applied seq=55 phase=COMBAT_RESOLVE
2026.09.28-14.44.30 HANDLE_APPLIED #80 seq=55 decision=1 fightersValid=1 boardValid=1
2026.09.28-14.44.30 MODE seq=55 mode=5 combat=1 pending=1
2026.09.28-14.44.30 HUD seq=55 phase=COMBAT_RESOLVE turn=opp hand=6 oppHand=6(hidden) oppDeck=15 deck=15 discard=9
2026.09.28-14.44.30 ARTPREVIEW fighter=Medusa hero=1 eligible=1 visual=1 mesh=SK_Medusa_FaceNeck_v2Candidate
2026.09.28-14.44.30 FIGHTERS synced n=6 alive=6 own=2 enemy=4
2026.09.28-14.44.30 WS seq=55 phase=COMBAT_RESOLVE (merge)
2026.09.28-14.44.30 S09AUTO resolve-revealed shot
2026.09.28-14.44.30 SHOT ctx viewport=1920x1080 viewTarget=CameraActor_2147482371 cam=(0,1107,1582) rot=(-55,-90,0)
2026.09.28-14.44.30 SHOT fighter f-0-hero pos=(4,4) world=(200,150,0) screen=(1290,743) projected=1 alive=1
2026.09.28-14.44.30 SHOT fighter f-0-sk0 pos=(4,2) world=(200,-50,0) screen=(1271,476) projected=1 alive=1
2026.09.28-14.44.30 SHOT fighter f-0-sk1 pos=(2,1) world=(0,-150,0) screen=(960,355) projected=1 alive=1
2026.09.28-14.44.30 SHOT fighter f-0-sk2 pos=(1,2) world=(-100,-50,0) screen=(805,476) projected=1 alive=1
2026.09.28-14.44.30 SHOT fighter f-1-hero pos=(3,3) world=(100,50,0) screen=(1120,606) projected=1 alive=1
2026.09.28-14.44.30 SHOT fighter f-1-sk0 pos=(4,3) world=(200,50,0) screen=(1280,606) projected=1 alive=1
2026.09.28-14.44.30 SHOT camera dist=1930.8 target=1930.8 overview=1930.8 errPct=0.000 focusErr=0.00 settled=1 zoom=1.00
2026.09.28-14.44.30 SHOT head fighter=f-0-hero socket=Head mesh=SK_Medusa_FaceNeck_v2Candidate world=(200.0,146.0,38.5) screen=(1295.4,703.5) top=(1296.3,698.2) bottom=(1294.5,708.9) headPx=10.8 projected=1
2026.09.28-14.44.30 SHOT icon fighter=f-1-sk0 bbox=(1269,490,1301,522) size=32 src=combat planned=(1269,490,1301,522) geom=painted
2026.09.28-14.44.30 SHOT label fighter=f-0-hero mode=full bbox=(1254,653,1352,685)
2026.09.28-14.44.30 SHOT label fighter=f-0-sk0 mode=full bbox=(1230,399,1329,428)
2026.09.28-14.44.30 SHOT label fighter=f-0-sk1 mode=full bbox=(914,276,1006,305)
2026.09.28-14.44.30 SHOT label fighter=f-0-sk2 mode=full bbox=(751,399,848,428)
2026.09.28-14.44.30 SHOT label fighter=f-1-hero mode=full bbox=(1078,517,1174,545)
2026.09.28-14.44.30 SHOT label fighter=f-1-sk0 mode=full bbox=(1252,529,1328,558)
2026.09.28-14.44.30 SHOT requested: FScreenshotRequest(bShowUI) -> C:\Users\ren\AppData\Local\Temp\s09-combat-20260928-194340-47580\joiner/s09-combat-resolve-revealed.png
2026.09.28-14.44.30 S09AUTO resolve-blocked shot (type=BOOST_CHOICE)
2026.09.28-14.44.30 SHOT ctx viewport=1920x1080 viewTarget=CameraActor_2147482371 cam=(0,1107,1582) rot=(-55,-90,0)
2026.09.28-14.44.30 SHOT fighter f-0-hero pos=(4,4) world=(200,150,0) screen=(1290,743) projected=1 alive=1
2026.09.28-14.44.30 SHOT fighter f-0-sk0 pos=(4,2) world=(200,-50,0) screen=(1271,476) projected=1 alive=1
2026.09.28-14.44.30 SHOT fighter f-0-sk1 pos=(2,1) world=(0,-150,0) screen=(960,355) projected=1 alive=1
2026.09.28-14.44.30 SHOT fighter f-0-sk2 pos=(1,2) world=(-100,-50,0) screen=(805,476) projected=1 alive=1
2026.09.28-14.44.30 SHOT fighter f-1-hero pos=(3,3) world=(100,50,0) screen=(1120,606) projected=1 alive=1
2026.09.28-14.44.30 SHOT fighter f-1-sk0 pos=(4,3) world=(200,50,0) screen=(1280,606) projected=1 alive=1
2026.09.28-14.44.30 SHOT camera dist=1930.8 target=1930.8 overview=1930.8 errPct=0.000 focusErr=0.00 settled=1 zoom=1.00
2026.09.28-14.44.30 SHOT head fighter=f-0-hero socket=Head mesh=SK_Medusa_FaceNeck_v2Candidate world=(200.0,146.0,38.5) screen=(1295.4,703.5) top=(1296.3,698.2) bottom=(1294.5,708.9) headPx=10.8 projected=1
2026.09.28-14.44.30 SHOT icon fighter=f-1-sk0 bbox=(1269,490,1301,522) size=32 src=combat planned=(1269,490,1301,522) geom=painted
2026.09.28-14.44.30 SHOT label fighter=f-0-hero mode=full bbox=(1254,653,1352,685)
2026.09.28-14.44.30 SHOT label fighter=f-0-sk0 mode=full bbox=(1230,399,1329,428)
2026.09.28-14.44.30 SHOT label fighter=f-0-sk1 mode=full bbox=(914,276,1006,305)
2026.09.28-14.44.30 SHOT label fighter=f-0-sk2 mode=full bbox=(751,399,848,428)
2026.09.28-14.44.30 SHOT label fighter=f-1-hero mode=full bbox=(1078,517,1174,545)
2026.09.28-14.44.30 SHOT label fighter=f-1-sk0 mode=full bbox=(1252,529,1328,558)
2026.09.28-14.44.30 SHOT requested: FScreenshotRequest(bShowUI) -> C:\Users\ren\AppData\Local\Temp\s09-combat-20260928-194340-47580\joiner/s09-resolve-blocked-BOOST_CHOICE.png
2026.09.28-14.44.32 game -> room=cmulcyak100hxwip412x34a7o code=<redacted> status=IN_PROGRESS
2026.09.28-14.44.34 SNAPSHOT applied seq=56 phase=ACTION_MANEUVER
2026.09.28-14.44.34 HANDLE_APPLIED #81 seq=56 decision=2 fightersValid=1 boardValid=1
2026.09.28-14.44.34 COMBAT-RESULT seq=56 damage=4 role=defended
2026.09.28-14.44.34 S09AUTO combat-result shot
2026.09.28-14.44.34 SHOT ctx viewport=1920x1080 viewTarget=CameraActor_2147482371 cam=(0,1107,1582) rot=(-55,-90,0)
2026.09.28-14.44.34 SHOT fighter f-0-hero pos=(4,4) world=(200,150,0) screen=(1290,743) projected=1 alive=1
2026.09.28-14.44.34 SHOT fighter f-0-sk0 pos=(4,2) world=(200,-50,0) screen=(1271,476) projected=1 alive=1
2026.09.28-14.44.34 SHOT fighter f-0-sk1 pos=(2,1) world=(0,-150,0) screen=(960,355) projected=1 alive=1
2026.09.28-14.44.34 SHOT fighter f-0-sk2 pos=(1,2) world=(-100,-50,0) screen=(805,476) projected=1 alive=1
2026.09.28-14.44.34 SHOT fighter f-1-hero pos=(3,3) world=(100,50,0) screen=(1120,606) projected=1 alive=1
2026.09.28-14.44.34 SHOT fighter f-1-sk0 pos=(4,3) world=(200,50,0) screen=(1280,606) projected=1 alive=1
2026.09.28-14.44.34 SHOT camera dist=1930.8 target=1930.8 overview=1930.8 errPct=0.000 focusErr=0.00 settled=1 zoom=1.00
2026.09.28-14.44.34 SHOT head fighter=f-0-hero socket=Head mesh=SK_Medusa_FaceNeck_v2Candidate world=(200.0,146.0,38.5) screen=(1295.4,703.5) top=(1296.3,698.2) bottom=(1294.5,708.9) headPx=10.8 projected=1
2026.09.28-14.44.34 SHOT icon fighter=f-1-sk0 bbox=(1269,490,1301,522) size=32 src=combat planned=(1269,490,1301,522) geom=painted
2026.09.28-14.44.34 SHOT label fighter=f-0-hero mode=full bbox=(1254,653,1352,685)
2026.09.28-14.44.34 SHOT label fighter=f-0-sk0 mode=full bbox=(1230,399,1329,428)
2026.09.28-14.44.34 SHOT label fighter=f-0-sk1 mode=full bbox=(914,276,1006,305)
2026.09.28-14.44.34 SHOT label fighter=f-0-sk2 mode=full bbox=(751,399,848,428)
2026.09.28-14.44.34 SHOT label fighter=f-1-hero mode=full bbox=(1078,517,1174,545)
2026.09.28-14.44.34 SHOT label fighter=f-1-sk0 mode=full bbox=(1252,529,1328,558)
2026.09.28-14.44.34 SHOT requested: FScreenshotRequest(bShowUI) -> C:\Users\ren\AppData\Local\Temp\s09-combat-20260928-194340-47580\joiner/s09-combat-result.png
2026.09.28-14.44.34 ARTPREVIEW combat marker fighter=Medusa attacker=0 target=0 icon=0 targetMesh=SM_Marker_TargetRing iconMode=screen
2026.09.28-14.44.34 ARTPREVIEW combat marker fighter=Merlin attacker=0 target=0 icon=0 targetMesh=SM_Marker_TargetRing iconMode=screen
2026.09.28-14.44.34 RESOLVE panel revealed: A3+B0 vs D1
2026.09.28-14.44.34 closed mode=
2026.09.28-14.44.34 MODE seq=56 mode=0 combat=0 pending=0
2026.09.28-14.44.34 HUD seq=56 phase=ACTION_MANEUVER turn=opp hand=7 oppHand=5(hidden) oppDeck=15~ deck=15~ discard=9
2026.09.28-14.44.34 ARTPREVIEW fighter=Medusa hero=1 eligible=1 visual=1 mesh=SK_Medusa_FaceNeck_v2Candidate
2026.09.28-14.44.34 FIGHTERS synced n=6 alive=6 own=2 enemy=4
2026.09.28-14.44.34 ARTPREVIEW damage-number fighter=f-1-sk0 amount=4 seq=56 cell=(4,3)
2026.09.28-14.44.34 CUE damage f-1-sk0 -4 seq=56
2026.09.28-14.44.34 WS seq=56 phase=ACTION_MANEUVER (apply)
2026.09.28-14.44.34 HUD icon hidden fighter=f-1-sk0
2026.09.28-14.44.35 S09AUTO drive mode=0 plan=[defend+resolve] phase=ACTION_MANEUVER turn=cmukie55u0000wiao06h107t9
2026.09.28-14.44.35 SNAPSHOT applied seq=57 phase=ACTION_MANEUVER
2026.09.28-14.44.35 HANDLE_APPLIED #82 seq=57 decision=2 fightersValid=1 boardValid=1
2026.09.28-14.44.35 MODE seq=57 mode=0 combat=0 pending=0
2026.09.28-14.44.35 HUD seq=57 phase=ACTION_MANEUVER turn=opp hand=7 oppHand=6(hidden) oppDeck=15~ deck=15~ discard=9
2026.09.28-14.44.35 ARTPREVIEW fighter=Medusa hero=1 eligible=1 visual=1 mesh=SK_Medusa_FaceNeck_v2Candidate
2026.09.28-14.44.35 FIGHTERS synced n=6 alive=6 own=2 enemy=4
2026.09.28-14.44.35 WS seq=57 phase=ACTION_MANEUVER (apply)
2026.09.28-14.44.35 SNAPSHOT applied seq=58 phase=ACTION_MANEUVER
2026.09.28-14.44.35 HANDLE_APPLIED #83 seq=58 decision=2 fightersValid=1 boardValid=1
2026.09.28-14.44.35 MODE seq=58 mode=0 combat=0 pending=0
2026.09.28-14.44.35 HUD seq=58 phase=ACTION_MANEUVER turn=you hand=7 oppHand=6(hidden) oppDeck=15~ deck=15~ discard=9
2026.09.28-14.44.35 ARTPREVIEW fighter=Medusa hero=1 eligible=1 visual=1 mesh=SK_Medusa_FaceNeck_v2Candidate
2026.09.28-14.44.35 FIGHTERS synced n=6 alive=6 own=2 enemy=4
2026.09.28-14.44.35 CUE move f-0-hero (4,4)->(3,4) seq=58
2026.09.28-14.44.35 WS seq=58 phase=ACTION_MANEUVER (apply)
2026.09.28-14.44.35 S09AUTO own turn #5 (turnCount=12)
2026.09.28-14.44.35 SNAPSHOT applied seq=59 phase=ACTION_MANEUVER
2026.09.28-14.44.35 HANDLE_APPLIED #84 seq=59 decision=2 fightersValid=1 boardValid=1
2026.09.28-14.44.35 MANEUVER-DRAFT mode=maneuver:12:58
2026.09.28-14.44.35 DRAFT-OPEN draw committed (resume instead of begin)
2026.09.28-14.44.35 MODE seq=59 mode=1 combat=0 pending=0
2026.09.28-14.44.35 HUD seq=59 phase=ACTION_MANEUVER turn=you hand=8 oppHand=6(hidden) oppDeck=15~ deck=15~ discard=9
2026.09.28-14.44.35 ARTPREVIEW fighter=Medusa hero=1 eligible=1 visual=1 mesh=SK_Medusa_FaceNeck_v2Candidate
2026.09.28-14.44.35 FIGHTERS synced n=6 alive=6 own=2 enemy=4
2026.09.28-14.44.35 WS seq=59 phase=ACTION_MANEUVER (apply)
2026.09.28-14.44.35 SNAPSHOT applied seq=59 phase=ACTION_MANEUVER
2026.09.28-14.44.35 HANDLE_APPLIED #85 seq=59 decision=1 fightersValid=1 boardValid=1
2026.09.28-14.44.35 MODE seq=59 mode=1 combat=0 pending=0
2026.09.28-14.44.35 HUD seq=59 phase=ACTION_MANEUVER turn=you hand=8 oppHand=6(hidden) oppDeck=14 deck=13 discard=9
2026.09.28-14.44.35 ARTPREVIEW fighter=Medusa hero=1 eligible=1 visual=1 mesh=SK_Medusa_FaceNeck_v2Candidate
2026.09.28-14.44.35 FIGHTERS synced n=6 alive=6 own=2 enemy=4
2026.09.28-14.44.35 MANEUVER begin seq=59 (merge) pending=maneuver:12:58
2026.09.28-14.44.35 S09AUTO drive mode=1 plan=[defend+resolve] phase=ACTION_MANEUVER turn=cmukie57j0001wiaofr67k2vd
2026.09.28-14.44.35 MANEUVER-CONFIRM moves=1 boost=none
2026.09.28-14.44.35 HUD plate content fighter=f-1-hero name=King Arthur hp=15/18 team=own statuses=HERO  |  MELEE
2026.09.28-14.44.35 PLATE fighter=f-1-hero bbox=(1197,340,1369,394) overlapReachable=0 placement=above ring=16 gap=139 selection=f-1-hero destinations=7 clean=1 softPx2=0 tested=2924
2026.09.28-14.44.35 SNAPSHOT applied seq=60 phase=ACTION_MANEUVER
2026.09.28-14.44.35 HANDLE_APPLIED #86 seq=60 decision=2 fightersValid=1 boardValid=1
2026.09.28-14.44.35 closed mode=
2026.09.28-14.44.35 MODE seq=60 mode=0 combat=0 pending=0
2026.09.28-14.44.35 HUD seq=60 phase=ACTION_MANEUVER turn=you hand=8 oppHand=6(hidden) oppDeck=14 deck=13 discard=9
2026.09.28-14.44.35 ARTPREVIEW fighter=Medusa hero=1 eligible=1 visual=1 mesh=SK_Medusa_FaceNeck_v2Candidate
2026.09.28-14.44.35 FIGHTERS synced n=6 alive=6 own=2 enemy=4
2026.09.28-14.44.35 CUE move f-1-hero (3,3)->(2,3) seq=60
2026.09.28-14.44.35 MANEUVER done seq=60 (apply) fighters=6 boost=no
2026.09.28-14.44.35 SNAPSHOT applied seq=60 phase=ACTION_MANEUVER
2026.09.28-14.44.35 HANDLE_APPLIED #87 seq=60 decision=1 fightersValid=1 boardValid=1
2026.09.28-14.44.35 MODE seq=60 mode=0 combat=0 pending=0
2026.09.28-14.44.35 HUD seq=60 phase=ACTION_MANEUVER turn=you hand=8 oppHand=6(hidden) oppDeck=14 deck=13 discard=9
2026.09.28-14.44.35 ARTPREVIEW fighter=Medusa hero=1 eligible=1 visual=1 mesh=SK_Medusa_FaceNeck_v2Candidate
2026.09.28-14.44.35 FIGHTERS synced n=6 alive=6 own=2 enemy=4
2026.09.28-14.44.35 WS seq=60 phase=ACTION_MANEUVER (merge)
2026.09.28-14.44.35 PLATE hidden fighter=f-1-hero
2026.09.28-14.44.35 game -> room=cmulcyak100hxwip412x34a7o code=<redacted> status=IN_PROGRESS
2026.09.28-14.44.36 S09AUTO drive mode=0 plan=[defend+resolve] phase=ACTION_MANEUVER turn=cmukie57j0001wiaofr67k2vd
2026.09.28-14.44.36 SNAPSHOT applied seq=61 phase=ACTION_MANEUVER
2026.09.28-14.44.36 HANDLE_APPLIED #88 seq=61 decision=2 fightersValid=1 boardValid=1
2026.09.28-14.44.36 MANEUVER-DRAFT mode=maneuver:12:60
2026.09.28-14.44.36 DRAFT-OPEN draw committed (resume instead of begin)
2026.09.28-14.44.36 MODE seq=61 mode=1 combat=0 pending=0
2026.09.28-14.44.36 HUD seq=61 phase=ACTION_MANEUVER turn=you hand=9 oppHand=6(hidden) oppDeck=14 deck=12 discard=9
2026.09.28-14.44.36 ARTPREVIEW fighter=Medusa hero=1 eligible=1 visual=1 mesh=SK_Medusa_FaceNeck_v2Candidate
2026.09.28-14.44.36 FIGHTERS synced n=6 alive=6 own=2 enemy=4
2026.09.28-14.44.36 MANEUVER begin seq=61 (apply) pending=maneuver:12:60
2026.09.28-14.44.36 SNAPSHOT applied seq=61 phase=ACTION_MANEUVER
2026.09.28-14.44.36 HANDLE_APPLIED #89 seq=61 decision=1 fightersValid=1 boardValid=1
2026.09.28-14.44.36 MODE seq=61 mode=1 combat=0 pending=0
2026.09.28-14.44.36 HUD seq=61 phase=ACTION_MANEUVER turn=you hand=9 oppHand=6(hidden) oppDeck=14 deck=12 discard=9
2026.09.28-14.44.36 ARTPREVIEW fighter=Medusa hero=1 eligible=1 visual=1 mesh=SK_Medusa_FaceNeck_v2Candidate
2026.09.28-14.44.36 FIGHTERS synced n=6 alive=6 own=2 enemy=4
2026.09.28-14.44.36 WS seq=61 phase=ACTION_MANEUVER (merge)
2026.09.28-14.44.36 S09AUTO drive mode=1 plan=[defend+resolve] phase=ACTION_MANEUVER turn=cmukie57j0001wiaofr67k2vd
2026.09.28-14.44.36 MANEUVER-CONFIRM moves=1 boost=none
2026.09.28-14.44.36 PLATE fighter=f-1-hero bbox=(989,356,1161,410) overlapReachable=0 placement=above ring=14 gap=118 selection=f-1-hero destinations=8 clean=1 softPx2=0 tested=2460
2026.09.28-14.44.36 SNAPSHOT applied seq=62 phase=TURN_END
2026.09.28-14.44.36 HANDLE_APPLIED #90 seq=62 decision=2 fightersValid=1 boardValid=1
2026.09.28-14.44.36 DISCARD-DRAFT count=2 pending=discard:12:62
2026.09.28-14.44.36 MODE seq=62 mode=2 combat=0 pending=0
2026.09.28-14.44.36 HUD seq=62 phase=TURN_END turn=you hand=9 oppHand=6(hidden) oppDeck=14~ deck=12~ discard=9 pendingDiscard=2
2026.09.28-14.44.36 ARTPREVIEW fighter=Medusa hero=1 eligible=1 visual=1 mesh=SK_Medusa_FaceNeck_v2Candidate
2026.09.28-14.44.36 FIGHTERS synced n=6 alive=6 own=2 enemy=4
2026.09.28-14.44.36 CUE move f-1-hero (2,3)->(3,3) seq=62
2026.09.28-14.44.36 WS seq=62 phase=TURN_END (apply)
2026.09.28-14.44.36 PLATE hidden fighter=f-1-hero
2026.09.28-14.44.36 SNAPSHOT applied seq=62 phase=TURN_END
2026.09.28-14.44.36 HANDLE_APPLIED #91 seq=62 decision=1 fightersValid=1 boardValid=1
2026.09.28-14.44.36 MODE seq=62 mode=2 combat=0 pending=0
2026.09.28-14.44.36 HUD seq=62 phase=TURN_END turn=you hand=9 oppHand=6(hidden) oppDeck=14 deck=12 discard=9 pendingDiscard=2
2026.09.28-14.44.36 ARTPREVIEW fighter=Medusa hero=1 eligible=1 visual=1 mesh=SK_Medusa_FaceNeck_v2Candidate
2026.09.28-14.44.36 FIGHTERS synced n=6 alive=6 own=2 enemy=4
2026.09.28-14.44.36 MANEUVER done seq=62 (merge) fighters=6 boost=no
2026.09.28-14.44.38 S09AUTO drive mode=2 plan=[defend+resolve] phase=TURN_END turn=cmukie57j0001wiaofr67k2vd
2026.09.28-14.44.38 S09AUTO discard picks=2
2026.09.28-14.44.38 DISCARD-CONFIRM pending=discard:12:62 count=2 ids=cmuhgvgi700p2wi9ggby5v41n::0,cmuhgvgi400ouwi9gf4p16bon::0
2026.09.28-14.44.38 SNAPSHOT applied seq=63 phase=ACTION_MANEUVER
2026.09.28-14.44.38 HANDLE_APPLIED #92 seq=63 decision=2 fightersValid=1 boardValid=1
2026.09.28-14.44.38 closed mode=
2026.09.28-14.44.38 MODE seq=63 mode=0 combat=0 pending=1
2026.09.28-14.44.38 HUD seq=63 phase=ACTION_MANEUVER turn=opp hand=7 oppHand=6(hidden) oppDeck=14~ deck=12~ discard=11
2026.09.28-14.44.38 ARTPREVIEW fighter=Medusa hero=1 eligible=1 visual=1 mesh=SK_Medusa_FaceNeck_v2Candidate
2026.09.28-14.44.38 FIGHTERS synced n=6 alive=6 own=2 enemy=4
2026.09.28-14.44.38 WS seq=63 phase=ACTION_MANEUVER (apply)
2026.09.28-14.44.38 SNAPSHOT applied seq=63 phase=ACTION_MANEUVER
2026.09.28-14.44.38 HANDLE_APPLIED #93 seq=63 decision=1 fightersValid=1 boardValid=1
2026.09.28-14.44.38 MODE seq=63 mode=0 combat=0 pending=1
2026.09.28-14.44.38 HUD seq=63 phase=ACTION_MANEUVER turn=opp hand=7 oppHand=6(hidden) oppDeck=14 deck=12 discard=11
2026.09.28-14.44.38 ARTPREVIEW fighter=Medusa hero=1 eligible=1 visual=1 mesh=SK_Medusa_FaceNeck_v2Candidate
2026.09.28-14.44.38 FIGHTERS synced n=6 alive=6 own=2 enemy=4
2026.09.28-14.44.38 DISCARD done seq=63 phase=ACTION_MANEUVER count=2
2026.09.28-14.44.38 SNAPSHOT applied seq=64 phase=ACTION_MANEUVER
2026.09.28-14.44.38 HANDLE_APPLIED #94 seq=64 decision=2 fightersValid=1 boardValid=1
2026.09.28-14.44.38 MODE seq=64 mode=0 combat=0 pending=0
2026.09.28-14.44.38 HUD seq=64 phase=ACTION_MANEUVER turn=opp hand=7 oppHand=6(hidden) oppDeck=14~ deck=12~ discard=11
2026.09.28-14.44.38 ARTPREVIEW fighter=Medusa hero=1 eligible=1 visual=1 mesh=SK_Medusa_FaceNeck_v2Candidate
2026.09.28-14.44.38 FIGHTERS synced n=6 alive=6 own=2 enemy=4
2026.09.28-14.44.38 ARTPREVIEW damage-number fighter=f-1-hero amount=1 seq=64 cell=(3,3)
2026.09.28-14.44.38 CUE damage f-1-hero -1 seq=64
2026.09.28-14.44.38 WS seq=64 phase=ACTION_MANEUVER (apply)
2026.09.28-14.44.38 SNAPSHOT applied seq=65 phase=ACTION_MANEUVER
2026.09.28-14.44.38 HANDLE_APPLIED #95 seq=65 decision=2 fightersValid=1 boardValid=1
2026.09.28-14.44.38 MODE seq=65 mode=0 combat=0 pending=0
2026.09.28-14.44.38 HUD seq=65 phase=ACTION_MANEUVER turn=opp hand=7 oppHand=7(hidden) oppDeck=14~ deck=12~ discard=11
2026.09.28-14.44.38 ARTPREVIEW fighter=Medusa hero=1 eligible=1 visual=1 mesh=SK_Medusa_FaceNeck_v2Candidate
2026.09.28-14.44.38 FIGHTERS synced n=6 alive=6 own=2 enemy=4
2026.09.28-14.44.38 WS seq=65 phase=ACTION_MANEUVER (apply)
2026.09.28-14.44.38 SNAPSHOT applied seq=66 phase=ACTION_MANEUVER
2026.09.28-14.44.38 HANDLE_APPLIED #96 seq=66 decision=2 fightersValid=1 boardValid=1
2026.09.28-14.44.38 MODE seq=66 mode=0 combat=0 pending=0
2026.09.28-14.44.38 HUD seq=66 phase=ACTION_MANEUVER turn=opp hand=7 oppHand=7(hidden) oppDeck=14~ deck=12~ discard=11
2026.09.28-14.44.38 ARTPREVIEW fighter=Medusa hero=1 eligible=1 visual=1 mesh=SK_Medusa_FaceNeck_v2Candidate
2026.09.28-14.44.38 FIGHTERS synced n=6 alive=6 own=2 enemy=4
2026.09.28-14.44.38 CUE move f-0-hero (3,4)->(4,4) seq=66
2026.09.28-14.44.38 WS seq=66 phase=ACTION_MANEUVER (apply)
2026.09.28-14.44.38 game -> room=cmulcyak100hxwip412x34a7o code=<redacted> status=IN_PROGRESS
2026.09.28-14.44.39 S09AUTO drive mode=0 plan=[defend+resolve] phase=ACTION_MANEUVER turn=cmukie55u0000wiao06h107t9
2026.09.28-14.44.39 SNAPSHOT applied seq=67 phase=ACTION_MANEUVER
2026.09.28-14.44.39 HANDLE_APPLIED #97 seq=67 decision=2 fightersValid=1 boardValid=1
2026.09.28-14.44.39 MODE seq=67 mode=0 combat=0 pending=0
2026.09.28-14.44.39 HUD seq=67 phase=ACTION_MANEUVER turn=opp hand=7 oppHand=8(hidden) oppDeck=14~ deck=12~ discard=11
2026.09.28-14.44.39 ARTPREVIEW fighter=Medusa hero=1 eligible=1 visual=1 mesh=SK_Medusa_FaceNeck_v2Candidate
2026.09.28-14.44.39 FIGHTERS synced n=6 alive=6 own=2 enemy=4
2026.09.28-14.44.39 WS seq=67 phase=ACTION_MANEUVER (apply)
2026.09.28-14.44.39 SNAPSHOT applied seq=68 phase=TURN_END
2026.09.28-14.44.39 HANDLE_APPLIED #98 seq=68 decision=2 fightersValid=1 boardValid=1
2026.09.28-14.44.39 MODE seq=68 mode=0 combat=0 pending=0
2026.09.28-14.44.39 HUD seq=68 phase=TURN_END turn=opp hand=7 oppHand=8(hidden) oppDeck=14~ deck=12~ discard=11 pendingDiscard=1
2026.09.28-14.44.39 ARTPREVIEW fighter=Medusa hero=1 eligible=1 visual=1 mesh=SK_Medusa_FaceNeck_v2Candidate
2026.09.28-14.44.39 FIGHTERS synced n=6 alive=6 own=2 enemy=4
2026.09.28-14.44.39 CUE move f-0-hero (4,4)->(3,4) seq=68
2026.09.28-14.44.39 WS seq=68 phase=TURN_END (apply)
2026.09.28-14.44.41 SNAPSHOT applied seq=69 phase=ACTION_MANEUVER
2026.09.28-14.44.41 HANDLE_APPLIED #99 seq=69 decision=2 fightersValid=1 boardValid=1
2026.09.28-14.44.41 MODE seq=69 mode=0 combat=0 pending=0
2026.09.28-14.44.41 HUD seq=69 phase=ACTION_MANEUVER turn=you hand=7 oppHand=7(hidden) oppDeck=14~ deck=12~ discard=11
2026.09.28-14.44.41 ARTPREVIEW fighter=Medusa hero=1 eligible=1 visual=1 mesh=SK_Medusa_FaceNeck_v2Candidate
2026.09.28-14.44.41 FIGHTERS synced n=6 alive=6 own=2 enemy=4
2026.09.28-14.44.41 WS seq=69 phase=ACTION_MANEUVER (apply)
2026.09.28-14.44.41 S09AUTO own turn #6 (turnCount=14)
2026.09.28-14.44.41 SNAPSHOT applied seq=70 phase=ACTION_MANEUVER
2026.09.28-14.44.41 HANDLE_APPLIED #100 seq=70 decision=2 fightersValid=1 boardValid=1
2026.09.28-14.44.41 MANEUVER-DRAFT mode=maneuver:14:69
2026.09.28-14.44.41 DRAFT-OPEN draw committed (resume instead of begin)
2026.09.28-14.44.41 MODE seq=70 mode=1 combat=0 pending=0
2026.09.28-14.44.41 HUD seq=70 phase=ACTION_MANEUVER turn=you hand=8 oppHand=7(hidden) oppDeck=14~ deck=12~ discard=11
2026.09.28-14.44.41 ARTPREVIEW fighter=Medusa hero=1 eligible=1 visual=1 mesh=SK_Medusa_FaceNeck_v2Candidate
2026.09.28-14.44.41 FIGHTERS synced n=6 alive=6 own=2 enemy=4
2026.09.28-14.44.41 WS seq=70 phase=ACTION_MANEUVER (apply)
2026.09.28-14.44.41 SNAPSHOT applied seq=70 phase=ACTION_MANEUVER
2026.09.28-14.44.41 HANDLE_APPLIED #101 seq=70 decision=1 fightersValid=1 boardValid=1
2026.09.28-14.44.41 MODE seq=70 mode=1 combat=0 pending=0
2026.09.28-14.44.41 HUD seq=70 phase=ACTION_MANEUVER turn=you hand=8 oppHand=7(hidden) oppDeck=12 deck=11 discard=11
2026.09.28-14.44.41 ARTPREVIEW fighter=Medusa hero=1 eligible=1 visual=1 mesh=SK_Medusa_FaceNeck_v2Candidate
2026.09.28-14.44.41 FIGHTERS synced n=6 alive=6 own=2 enemy=4
2026.09.28-14.44.41 MANEUVER begin seq=70 (merge) pending=maneuver:14:69
2026.09.28-14.44.41 S09AUTO drive mode=1 plan=[defend+resolve] phase=ACTION_MANEUVER turn=cmukie57j0001wiaofr67k2vd
2026.09.28-14.44.41 MANEUVER-CONFIRM moves=1 boost=none
2026.09.28-14.44.41 HUD plate content fighter=f-1-hero name=King Arthur hp=14/18 team=own statuses=HERO  |  MELEE
2026.09.28-14.44.41 PLATE fighter=f-1-hero bbox=(1197,340,1369,394) overlapReachable=0 placement=above ring=16 gap=139 selection=f-1-hero destinations=7 clean=1 softPx2=0 tested=2924
2026.09.28-14.44.41 SNAPSHOT applied seq=71 phase=ACTION_MANEUVER
2026.09.28-14.44.41 HANDLE_APPLIED #102 seq=71 decision=2 fightersValid=1 boardValid=1
2026.09.28-14.44.41 closed mode=
2026.09.28-14.44.41 MODE seq=71 mode=0 combat=0 pending=0
2026.09.28-14.44.41 HUD seq=71 phase=ACTION_MANEUVER turn=you hand=8 oppHand=7(hidden) oppDeck=12 deck=11 discard=11
2026.09.28-14.44.41 ARTPREVIEW fighter=Medusa hero=1 eligible=1 visual=1 mesh=SK_Medusa_FaceNeck_v2Candidate
2026.09.28-14.44.41 FIGHTERS synced n=6 alive=6 own=2 enemy=4
2026.09.28-14.44.41 CUE move f-1-hero (3,3)->(2,3) seq=71
2026.09.28-14.44.41 MANEUVER done seq=71 (apply) fighters=6 boost=no
2026.09.28-14.44.41 SNAPSHOT applied seq=71 phase=ACTION_MANEUVER
2026.09.28-14.44.41 HANDLE_APPLIED #103 seq=71 decision=1 fightersValid=1 boardValid=1
2026.09.28-14.44.41 MODE seq=71 mode=0 combat=0 pending=0
2026.09.28-14.44.41 HUD seq=71 phase=ACTION_MANEUVER turn=you hand=8 oppHand=7(hidden) oppDeck=12 deck=11 discard=11
2026.09.28-14.44.41 ARTPREVIEW fighter=Medusa hero=1 eligible=1 visual=1 mesh=SK_Medusa_FaceNeck_v2Candidate
2026.09.28-14.44.41 FIGHTERS synced n=6 alive=6 own=2 enemy=4
2026.09.28-14.44.41 WS seq=71 phase=ACTION_MANEUVER (merge)
2026.09.28-14.44.41 PLATE hidden fighter=f-1-hero
2026.09.28-14.44.41 game -> room=cmulcyak100hxwip412x34a7o code=<redacted> status=IN_PROGRESS
2026.09.28-14.44.42 S09AUTO drive mode=0 plan=[defend+resolve] phase=ACTION_MANEUVER turn=cmukie57j0001wiaofr67k2vd
2026.09.28-14.44.42 SNAPSHOT applied seq=72 phase=ACTION_MANEUVER
2026.09.28-14.44.42 HANDLE_APPLIED #104 seq=72 decision=2 fightersValid=1 boardValid=1
2026.09.28-14.44.42 MANEUVER-DRAFT mode=maneuver:14:71
2026.09.28-14.44.42 DRAFT-OPEN draw committed (resume instead of begin)
2026.09.28-14.44.42 MODE seq=72 mode=1 combat=0 pending=0
2026.09.28-14.44.42 HUD seq=72 phase=ACTION_MANEUVER turn=you hand=9 oppHand=7(hidden) oppDeck=12 deck=10 discard=11
2026.09.28-14.44.42 ARTPREVIEW fighter=Medusa hero=1 eligible=1 visual=1 mesh=SK_Medusa_FaceNeck_v2Candidate
2026.09.28-14.44.42 FIGHTERS synced n=6 alive=6 own=2 enemy=4
2026.09.28-14.44.42 MANEUVER begin seq=72 (apply) pending=maneuver:14:71
2026.09.28-14.44.42 SNAPSHOT applied seq=72 phase=ACTION_MANEUVER
2026.09.28-14.44.42 HANDLE_APPLIED #105 seq=72 decision=1 fightersValid=1 boardValid=1
2026.09.28-14.44.42 MODE seq=72 mode=1 combat=0 pending=0
2026.09.28-14.44.42 HUD seq=72 phase=ACTION_MANEUVER turn=you hand=9 oppHand=7(hidden) oppDeck=12 deck=10 discard=11
2026.09.28-14.44.42 ARTPREVIEW fighter=Medusa hero=1 eligible=1 visual=1 mesh=SK_Medusa_FaceNeck_v2Candidate
2026.09.28-14.44.42 FIGHTERS synced n=6 alive=6 own=2 enemy=4
2026.09.28-14.44.42 WS seq=72 phase=ACTION_MANEUVER (merge)
2026.09.28-14.44.42 S09AUTO drive mode=1 plan=[defend+resolve] phase=ACTION_MANEUVER turn=cmukie57j0001wiaofr67k2vd
2026.09.28-14.44.42 MANEUVER-CONFIRM moves=1 boost=none
2026.09.28-14.44.42 PLATE fighter=f-1-hero bbox=(989,356,1161,410) overlapReachable=0 placement=above ring=14 gap=118 selection=f-1-hero destinations=8 clean=1 softPx2=0 tested=2460
2026.09.28-14.44.42 SNAPSHOT applied seq=73 phase=TURN_END
2026.09.28-14.44.42 HANDLE_APPLIED #106 seq=73 decision=2 fightersValid=1 boardValid=1
2026.09.28-14.44.42 DISCARD-DRAFT count=2 pending=discard:14:73
2026.09.28-14.44.42 MODE seq=73 mode=2 combat=0 pending=0
2026.09.28-14.44.42 HUD seq=73 phase=TURN_END turn=you hand=9 oppHand=7(hidden) oppDeck=12 deck=10 discard=11 pendingDiscard=2
2026.09.28-14.44.42 ARTPREVIEW fighter=Medusa hero=1 eligible=1 visual=1 mesh=SK_Medusa_FaceNeck_v2Candidate
2026.09.28-14.44.42 FIGHTERS synced n=6 alive=6 own=2 enemy=4
2026.09.28-14.44.42 CUE move f-1-hero (2,3)->(3,3) seq=73
2026.09.28-14.44.42 MANEUVER done seq=73 (apply) fighters=6 boost=no
2026.09.28-14.44.42 SNAPSHOT applied seq=73 phase=TURN_END
2026.09.28-14.44.42 HANDLE_APPLIED #107 seq=73 decision=1 fightersValid=1 boardValid=1
2026.09.28-14.44.42 MODE seq=73 mode=2 combat=0 pending=0
2026.09.28-14.44.42 HUD seq=73 phase=TURN_END turn=you hand=9 oppHand=7(hidden) oppDeck=12 deck=10 discard=11 pendingDiscard=2
2026.09.28-14.44.42 ARTPREVIEW fighter=Medusa hero=1 eligible=1 visual=1 mesh=SK_Medusa_FaceNeck_v2Candidate
2026.09.28-14.44.42 FIGHTERS synced n=6 alive=6 own=2 enemy=4
2026.09.28-14.44.42 WS seq=73 phase=TURN_END (merge)
2026.09.28-14.44.42 PLATE hidden fighter=f-1-hero
2026.09.28-14.44.43 S09AUTO drive mode=2 plan=[defend+resolve] phase=TURN_END turn=cmukie57j0001wiaofr67k2vd
2026.09.28-14.44.43 S09AUTO discard picks=2
2026.09.28-14.44.43 DISCARD-CONFIRM pending=discard:14:73 count=2 ids=cmuhgvgi500oywi9gchz8vt4l::0,cmuhgvgi100oowi9gxm86n50b::0
2026.09.28-14.44.43 SNAPSHOT applied seq=74 phase=ACTION_MANEUVER
2026.09.28-14.44.43 HANDLE_APPLIED #108 seq=74 decision=2 fightersValid=1 boardValid=1
2026.09.28-14.44.43 closed mode=
2026.09.28-14.44.43 MODE seq=74 mode=0 combat=0 pending=1
2026.09.28-14.44.43 HUD seq=74 phase=ACTION_MANEUVER turn=opp hand=7 oppHand=7(hidden) oppDeck=12 deck=10 discard=13
2026.09.28-14.44.43 ARTPREVIEW fighter=Medusa hero=1 eligible=1 visual=1 mesh=SK_Medusa_FaceNeck_v2Candidate
2026.09.28-14.44.43 FIGHTERS synced n=6 alive=6 own=2 enemy=4
2026.09.28-14.44.43 DISCARD done seq=74 phase=ACTION_MANEUVER count=2
2026.09.28-14.44.43 SNAPSHOT applied seq=74 phase=ACTION_MANEUVER
2026.09.28-14.44.43 HANDLE_APPLIED #109 seq=74 decision=1 fightersValid=1 boardValid=1
2026.09.28-14.44.43 MODE seq=74 mode=0 combat=0 pending=1
2026.09.28-14.44.43 HUD seq=74 phase=ACTION_MANEUVER turn=opp hand=7 oppHand=7(hidden) oppDeck=12 deck=10 discard=13
2026.09.28-14.44.43 ARTPREVIEW fighter=Medusa hero=1 eligible=1 visual=1 mesh=SK_Medusa_FaceNeck_v2Candidate
2026.09.28-14.44.43 FIGHTERS synced n=6 alive=6 own=2 enemy=4
2026.09.28-14.44.43 WS seq=74 phase=ACTION_MANEUVER (merge)
2026.09.28-14.44.43 SNAPSHOT applied seq=75 phase=ACTION_MANEUVER
2026.09.28-14.44.43 HANDLE_APPLIED #110 seq=75 decision=2 fightersValid=1 boardValid=1
2026.09.28-14.44.43 MODE seq=75 mode=0 combat=0 pending=0
2026.09.28-14.44.43 HUD seq=75 phase=ACTION_MANEUVER turn=opp hand=7 oppHand=7(hidden) oppDeck=12~ deck=10~ discard=13
2026.09.28-14.44.43 ARTPREVIEW fighter=Medusa hero=1 eligible=1 visual=1 mesh=SK_Medusa_FaceNeck_v2Candidate
2026.09.28-14.44.43 FIGHTERS synced n=6 alive=6 own=2 enemy=4
2026.09.28-14.44.43 ARTPREVIEW damage-number fighter=f-1-hero amount=1 seq=75 cell=(3,3)
2026.09.28-14.44.43 CUE damage f-1-hero -1 seq=75
2026.09.28-14.44.43 WS seq=75 phase=ACTION_MANEUVER (apply)
2026.09.28-14.44.44 SNAPSHOT applied seq=76 phase=ACTION_MANEUVER
2026.09.28-14.44.44 HANDLE_APPLIED #111 seq=76 decision=2 fightersValid=1 boardValid=1
2026.09.28-14.44.44 MODE seq=76 mode=0 combat=0 pending=0
2026.09.28-14.44.44 HUD seq=76 phase=ACTION_MANEUVER turn=opp hand=7 oppHand=8(hidden) oppDeck=12~ deck=10~ discard=13
2026.09.28-14.44.44 ARTPREVIEW fighter=Medusa hero=1 eligible=1 visual=1 mesh=SK_Medusa_FaceNeck_v2Candidate
2026.09.28-14.44.44 FIGHTERS synced n=6 alive=6 own=2 enemy=4
2026.09.28-14.44.44 WS seq=76 phase=ACTION_MANEUVER (apply)
2026.09.28-14.44.44 SNAPSHOT applied seq=77 phase=ACTION_MANEUVER
2026.09.28-14.44.44 HANDLE_APPLIED #112 seq=77 decision=2 fightersValid=1 boardValid=1
2026.09.28-14.44.44 MODE seq=77 mode=0 combat=0 pending=0
2026.09.28-14.44.44 HUD seq=77 phase=ACTION_MANEUVER turn=opp hand=7 oppHand=8(hidden) oppDeck=12~ deck=10~ discard=13
2026.09.28-14.44.44 ARTPREVIEW fighter=Medusa hero=1 eligible=1 visual=1 mesh=SK_Medusa_FaceNeck_v2Candidate
2026.09.28-14.44.44 FIGHTERS synced n=6 alive=6 own=2 enemy=4
2026.09.28-14.44.44 CUE move f-0-hero (3,4)->(4,4) seq=77
2026.09.28-14.44.44 WS seq=77 phase=ACTION_MANEUVER (apply)
2026.09.28-14.44.44 game -> room=cmulcyak100hxwip412x34a7o code=<redacted> status=IN_PROGRESS
2026.09.28-14.44.45 S09AUTO drive mode=0 plan=[defend+resolve] phase=ACTION_MANEUVER turn=cmukie55u0000wiao06h107t9
2026.09.28-14.44.45 SNAPSHOT applied seq=78 phase=COMBAT
2026.09.28-14.44.45 HANDLE_APPLIED #113 seq=78 decision=2 fightersValid=1 boardValid=1
2026.09.28-14.44.45 closed mode=
2026.09.28-14.44.45 MODE seq=78 mode=4 combat=1 pending=0
2026.09.28-14.44.45 HUD seq=78 phase=COMBAT turn=opp hand=7 oppHand=7(hidden) oppDeck=12~ deck=10~ discard=13
2026.09.28-14.44.45 ARTPREVIEW combat marker fighter=Medusa attacker=1 target=0 icon=0 targetMesh=SM_Marker_TargetRing iconMode=screen
2026.09.28-14.44.45 ARTPREVIEW combat marker fighter=Merlin attacker=0 target=1 icon=1 targetMesh=SM_Marker_TargetRing iconMode=screen
2026.09.28-14.44.45 ARTPREVIEW fighter=Medusa hero=1 eligible=1 visual=1 mesh=SK_Medusa_FaceNeck_v2Candidate
2026.09.28-14.44.45 FIGHTERS synced n=6 alive=6 own=2 enemy=4
2026.09.28-14.44.45 WS seq=78 phase=COMBAT (apply)
2026.09.28-14.44.45 S09AUTO drive mode=4 plan=[defend+resolve] phase=COMBAT turn=cmukie55u0000wiao06h107t9
2026.09.28-14.44.45 S09AUTO defense card picked
2026.09.28-14.44.45 DEFENSE sent
2026.09.28-14.44.45 ICON fighter=f-1-sk0 bbox=(1269,490,1301,522) size=32 src=combat labelAvoid=0 hudAvoid=0
2026.09.28-14.44.45 SNAPSHOT applied seq=79 phase=COMBAT_RESOLVE
2026.09.28-14.44.45 HANDLE_APPLIED #114 seq=79 decision=2 fightersValid=1 boardValid=1
2026.09.28-14.44.45 closed mode=
2026.09.28-14.44.45 MODE seq=79 mode=5 combat=1 pending=0
2026.09.28-14.44.45 HUD seq=79 phase=COMBAT_RESOLVE turn=opp hand=6 oppHand=7(hidden) oppDeck=12~ deck=10~ discard=14
2026.09.28-14.44.45 ARTPREVIEW fighter=Medusa hero=1 eligible=1 visual=1 mesh=SK_Medusa_FaceNeck_v2Candidate
2026.09.28-14.44.45 FIGHTERS synced n=6 alive=6 own=2 enemy=4
2026.09.28-14.44.45 WS seq=79 phase=COMBAT_RESOLVE (apply)
2026.09.28-14.44.45 SNAPSHOT applied seq=79 phase=COMBAT_RESOLVE
2026.09.28-14.44.45 HANDLE_APPLIED #115 seq=79 decision=1 fightersValid=1 boardValid=1
2026.09.28-14.44.45 MODE seq=79 mode=5 combat=1 pending=0
2026.09.28-14.44.45 HUD seq=79 phase=COMBAT_RESOLVE turn=opp hand=6 oppHand=7(hidden) oppDeck=11 deck=10 discard=14
2026.09.28-14.44.45 ARTPREVIEW fighter=Medusa hero=1 eligible=1 visual=1 mesh=SK_Medusa_FaceNeck_v2Candidate
2026.09.28-14.44.45 FIGHTERS synced n=6 alive=6 own=2 enemy=4
2026.09.28-14.44.45 DEFENSE done seq=79 (merge) phase=COMBAT_RESOLVE
2026.09.28-14.44.45 S09AUTO drive mode=5 plan=[defend+resolve] phase=COMBAT_RESOLVE turn=cmukie55u0000wiao06h107t9
2026.09.28-14.44.45 S09AUTO resolve
2026.09.28-14.44.45 RESOLVE sent
2026.09.28-14.44.45 SNAPSHOT applied seq=80 phase=COMBAT_RESOLVE
2026.09.28-14.44.45 HANDLE_APPLIED #116 seq=80 decision=2 fightersValid=1 boardValid=1
2026.09.28-14.44.45 MODE seq=80 mode=5 combat=1 pending=1
2026.09.28-14.44.45 HUD seq=80 phase=COMBAT_RESOLVE turn=opp hand=6 oppHand=7(hidden) oppDeck=11~ deck=10~ discard=14
2026.09.28-14.44.45 RESOLVE panel revealed: A3+B0 vs D4
2026.09.28-14.44.45 RESOLVE panel blocked by pending (type=BOOST_CHOICE id=cmuhgvgkf00smwi9gaeymh3ur-during-0-boost-79)
2026.09.28-14.44.45 ARTPREVIEW fighter=Medusa hero=1 eligible=1 visual=1 mesh=SK_Medusa_FaceNeck_v2Candidate
2026.09.28-14.44.45 FIGHTERS synced n=6 alive=6 own=2 enemy=4
2026.09.28-14.44.45 WS seq=80 phase=COMBAT_RESOLVE (apply)
2026.09.28-14.44.45 SNAPSHOT applied seq=80 phase=COMBAT_RESOLVE
2026.09.28-14.44.45 HANDLE_APPLIED #117 seq=80 decision=1 fightersValid=1 boardValid=1
2026.09.28-14.44.45 MODE seq=80 mode=5 combat=1 pending=1
2026.09.28-14.44.45 HUD seq=80 phase=COMBAT_RESOLVE turn=opp hand=6 oppHand=7(hidden) oppDeck=11 deck=10 discard=14
2026.09.28-14.44.45 ARTPREVIEW fighter=Medusa hero=1 eligible=1 visual=1 mesh=SK_Medusa_FaceNeck_v2Candidate
2026.09.28-14.44.45 FIGHTERS synced n=6 alive=6 own=2 enemy=4
2026.09.28-14.44.45 RESOLVE done seq=80 (merge) phase=COMBAT_RESOLVE
2026.09.28-14.44.45 S09AUTO resolve-blocked shot (type=BOOST_CHOICE)
2026.09.28-14.44.45 SHOT ctx viewport=1920x1080 viewTarget=CameraActor_2147482371 cam=(0,1107,1582) rot=(-55,-90,0)
2026.09.28-14.44.45 SHOT fighter f-0-hero pos=(4,4) world=(200,150,0) screen=(1290,743) projected=1 alive=1
2026.09.28-14.44.45 SHOT fighter f-0-sk0 pos=(4,2) world=(200,-50,0) screen=(1271,476) projected=1 alive=1
2026.09.28-14.44.45 SHOT fighter f-0-sk1 pos=(2,1) world=(0,-150,0) screen=(960,355) projected=1 alive=1
2026.09.28-14.44.45 SHOT fighter f-0-sk2 pos=(1,2) world=(-100,-50,0) screen=(805,476) projected=1 alive=1
2026.09.28-14.44.45 SHOT fighter f-1-hero pos=(3,3) world=(100,50,0) screen=(1120,606) projected=1 alive=1
2026.09.28-14.44.45 SHOT fighter f-1-sk0 pos=(4,3) world=(200,50,0) screen=(1280,606) projected=1 alive=1
2026.09.28-14.44.45 SHOT camera dist=1930.8 target=1930.8 overview=1930.8 errPct=0.000 focusErr=0.00 settled=1 zoom=1.00
2026.09.28-14.44.45 SHOT head fighter=f-0-hero socket=Head mesh=SK_Medusa_FaceNeck_v2Candidate world=(200.0,146.0,38.5) screen=(1295.4,703.5) top=(1296.3,698.2) bottom=(1294.5,708.9) headPx=10.8 projected=1
2026.09.28-14.44.45 SHOT icon fighter=f-1-sk0 bbox=(1269,490,1301,522) size=32 src=combat planned=(1269,490,1301,522) geom=painted
2026.09.28-14.44.45 SHOT label fighter=f-0-hero mode=full bbox=(1254,653,1352,685)
2026.09.28-14.44.45 SHOT label fighter=f-0-sk0 mode=full bbox=(1230,399,1329,428)
2026.09.28-14.44.45 SHOT label fighter=f-0-sk1 mode=full bbox=(914,276,1006,305)
2026.09.28-14.44.45 SHOT label fighter=f-0-sk2 mode=full bbox=(751,399,848,428)
2026.09.28-14.44.45 SHOT label fighter=f-1-hero mode=full bbox=(1078,517,1174,545)
2026.09.28-14.44.45 SHOT label fighter=f-1-sk0 mode=full bbox=(1252,529,1328,558)
2026.09.28-14.44.45 SHOT requested: FScreenshotRequest(bShowUI) -> C:\Users\ren\AppData\Local\Temp\s09-combat-20260928-194340-47580\joiner/s09-resolve-blocked-BOOST_CHOICE.png
2026.09.28-14.44.47 game -> room=cmulcyak100hxwip412x34a7o code=<redacted> status=IN_PROGRESS
2026.09.28-14.44.49 SNAPSHOT applied seq=81 phase=ACTION_MANEUVER
2026.09.28-14.44.49 HANDLE_APPLIED #118 seq=81 decision=2 fightersValid=1 boardValid=1
2026.09.28-14.44.49 COMBAT-RESULT seq=81 damage=1 role=defended
2026.09.28-14.44.49 ARTPREVIEW combat marker fighter=Medusa attacker=0 target=0 icon=0 targetMesh=SM_Marker_TargetRing iconMode=screen
2026.09.28-14.44.49 ARTPREVIEW combat marker fighter=Merlin attacker=0 target=0 icon=0 targetMesh=SM_Marker_TargetRing iconMode=screen
2026.09.28-14.44.49 RESOLVE panel revealed: A3+B0 vs D4
2026.09.28-14.44.49 closed mode=
2026.09.28-14.44.49 MODE seq=81 mode=0 combat=0 pending=0
2026.09.28-14.44.49 HUD seq=81 phase=ACTION_MANEUVER turn=you hand=6 oppHand=6(hidden) oppDeck=11~ deck=10~ discard=14
2026.09.28-14.44.49 ARTPREVIEW fighter=Medusa hero=1 eligible=1 visual=1 mesh=SK_Medusa_FaceNeck_v2Candidate
2026.09.28-14.44.49 FIGHTERS synced n=6 alive=6 own=2 enemy=4
2026.09.28-14.44.49 ARTPREVIEW damage-number fighter=f-1-sk0 amount=1 seq=81 cell=(4,3)
2026.09.28-14.44.49 CUE damage f-1-sk0 -1 seq=81
2026.09.28-14.44.49 WS seq=81 phase=ACTION_MANEUVER (apply)
2026.09.28-14.44.49 S09AUTO drive mode=0 plan=[defend+resolve] phase=ACTION_MANEUVER turn=cmukie57j0001wiaofr67k2vd
2026.09.28-14.44.49 S09AUTO own turn #7 (turnCount=16)
2026.09.28-14.44.49 HUD icon hidden fighter=f-1-sk0
2026.09.28-14.44.49 SNAPSHOT applied seq=82 phase=ACTION_MANEUVER
2026.09.28-14.44.49 HANDLE_APPLIED #119 seq=82 decision=2 fightersValid=1 boardValid=1
2026.09.28-14.44.49 MANEUVER-DRAFT mode=maneuver:16:81
2026.09.28-14.44.49 DRAFT-OPEN draw committed (resume instead of begin)
2026.09.28-14.44.49 MODE seq=82 mode=1 combat=0 pending=0
2026.09.28-14.44.49 HUD seq=82 phase=ACTION_MANEUVER turn=you hand=7 oppHand=6(hidden) oppDeck=11 deck=9 discard=14
2026.09.28-14.44.49 ARTPREVIEW fighter=Medusa hero=1 eligible=1 visual=1 mesh=SK_Medusa_FaceNeck_v2Candidate
2026.09.28-14.44.49 FIGHTERS synced n=6 alive=6 own=2 enemy=4
2026.09.28-14.44.49 MANEUVER begin seq=82 (apply) pending=maneuver:16:81
2026.09.28-14.44.49 SNAPSHOT applied seq=82 phase=ACTION_MANEUVER
2026.09.28-14.44.49 HANDLE_APPLIED #120 seq=82 decision=1 fightersValid=1 boardValid=1
2026.09.28-14.44.49 MODE seq=82 mode=1 combat=0 pending=0
2026.09.28-14.44.49 HUD seq=82 phase=ACTION_MANEUVER turn=you hand=7 oppHand=6(hidden) oppDeck=11 deck=9 discard=14
2026.09.28-14.44.49 ARTPREVIEW fighter=Medusa hero=1 eligible=1 visual=1 mesh=SK_Medusa_FaceNeck_v2Candidate
2026.09.28-14.44.49 FIGHTERS synced n=6 alive=6 own=2 enemy=4
2026.09.28-14.44.49 WS seq=82 phase=ACTION_MANEUVER (merge)
2026.09.28-14.44.50 S09AUTO drive mode=1 plan=[defend+resolve] phase=ACTION_MANEUVER turn=cmukie57j0001wiaofr67k2vd
2026.09.28-14.44.50 MANEUVER-CONFIRM moves=1 boost=none
2026.09.28-14.44.50 HUD plate content fighter=f-1-hero name=King Arthur hp=13/18 team=own statuses=HERO  |  MELEE
2026.09.28-14.44.50 PLATE fighter=f-1-hero bbox=(1197,340,1369,394) overlapReachable=0 placement=above ring=16 gap=139 selection=f-1-hero destinations=8 clean=1 softPx2=0 tested=2924
2026.09.28-14.44.50 SNAPSHOT applied seq=83 phase=ACTION_MANEUVER
2026.09.28-14.44.50 HANDLE_APPLIED #121 seq=83 decision=2 fightersValid=1 boardValid=1
2026.09.28-14.44.50 closed mode=
2026.09.28-14.44.50 MODE seq=83 mode=0 combat=0 pending=0
2026.09.28-14.44.50 HUD seq=83 phase=ACTION_MANEUVER turn=you hand=7 oppHand=6(hidden) oppDeck=11~ deck=9~ discard=14
2026.09.28-14.44.50 ARTPREVIEW fighter=Medusa hero=1 eligible=1 visual=1 mesh=SK_Medusa_FaceNeck_v2Candidate
2026.09.28-14.44.50 FIGHTERS synced n=6 alive=6 own=2 enemy=4
2026.09.28-14.44.50 CUE move f-1-hero (3,3)->(2,3) seq=83
2026.09.28-14.44.50 WS seq=83 phase=ACTION_MANEUVER (apply)
2026.09.28-14.44.50 PLATE hidden fighter=f-1-hero
2026.09.28-14.44.50 SNAPSHOT applied seq=83 phase=ACTION_MANEUVER
2026.09.28-14.44.50 HANDLE_APPLIED #122 seq=83 decision=1 fightersValid=1 boardValid=1
2026.09.28-14.44.50 MODE seq=83 mode=0 combat=0 pending=0
2026.09.28-14.44.50 HUD seq=83 phase=ACTION_MANEUVER turn=you hand=7 oppHand=6(hidden) oppDeck=11 deck=9 discard=14
2026.09.28-14.44.50 ARTPREVIEW fighter=Medusa hero=1 eligible=1 visual=1 mesh=SK_Medusa_FaceNeck_v2Candidate
2026.09.28-14.44.50 FIGHTERS synced n=6 alive=6 own=2 enemy=4
2026.09.28-14.44.50 MANEUVER done seq=83 (merge) fighters=6 boost=no
2026.09.28-14.44.50 game -> room=cmulcyak100hxwip412x34a7o code=<redacted> status=IN_PROGRESS
2026.09.28-14.44.51 S09AUTO drive mode=0 plan=[defend+resolve] phase=ACTION_MANEUVER turn=cmukie57j0001wiaofr67k2vd
2026.09.28-14.44.51 SNAPSHOT applied seq=84 phase=ACTION_MANEUVER
2026.09.28-14.44.51 HANDLE_APPLIED #123 seq=84 decision=2 fightersValid=1 boardValid=1
2026.09.28-14.44.51 MANEUVER-DRAFT mode=maneuver:16:83
2026.09.28-14.44.51 DRAFT-OPEN draw committed (resume instead of begin)
2026.09.28-14.44.51 MODE seq=84 mode=1 combat=0 pending=0
2026.09.28-14.44.51 HUD seq=84 phase=ACTION_MANEUVER turn=you hand=8 oppHand=6(hidden) oppDeck=11 deck=8 discard=14
2026.09.28-14.44.51 ARTPREVIEW fighter=Medusa hero=1 eligible=1 visual=1 mesh=SK_Medusa_FaceNeck_v2Candidate
2026.09.28-14.44.51 FIGHTERS synced n=6 alive=6 own=2 enemy=4
2026.09.28-14.44.51 MANEUVER begin seq=84 (apply) pending=maneuver:16:83
2026.09.28-14.44.51 SNAPSHOT applied seq=84 phase=ACTION_MANEUVER
2026.09.28-14.44.51 HANDLE_APPLIED #124 seq=84 decision=1 fightersValid=1 boardValid=1
2026.09.28-14.44.51 MODE seq=84 mode=1 combat=0 pending=0
2026.09.28-14.44.51 HUD seq=84 phase=ACTION_MANEUVER turn=you hand=8 oppHand=6(hidden) oppDeck=11 deck=8 discard=14
2026.09.28-14.44.51 ARTPREVIEW fighter=Medusa hero=1 eligible=1 visual=1 mesh=SK_Medusa_FaceNeck_v2Candidate
2026.09.28-14.44.51 FIGHTERS synced n=6 alive=6 own=2 enemy=4
2026.09.28-14.44.51 WS seq=84 phase=ACTION_MANEUVER (merge)
2026.09.28-14.44.51 S09AUTO drive mode=1 plan=[defend+resolve] phase=ACTION_MANEUVER turn=cmukie57j0001wiaofr67k2vd
2026.09.28-14.44.51 MANEUVER-CONFIRM moves=1 boost=none
2026.09.28-14.44.51 PLATE fighter=f-1-hero bbox=(989,356,1161,410) overlapReachable=0 placement=above ring=14 gap=118 selection=f-1-hero destinations=9 clean=1 softPx2=0 tested=2460
2026.09.28-14.44.51 SNAPSHOT applied seq=85 phase=TURN_END
2026.09.28-14.44.51 HANDLE_APPLIED #125 seq=85 decision=2 fightersValid=1 boardValid=1
2026.09.28-14.44.51 DISCARD-DRAFT count=1 pending=discard:16:85
2026.09.28-14.44.51 MODE seq=85 mode=2 combat=0 pending=0
2026.09.28-14.44.51 HUD seq=85 phase=TURN_END turn=you hand=8 oppHand=6(hidden) oppDeck=11~ deck=8~ discard=14 pendingDiscard=1
2026.09.28-14.44.51 ARTPREVIEW fighter=Medusa hero=1 eligible=1 visual=1 mesh=SK_Medusa_FaceNeck_v2Candidate
2026.09.28-14.44.51 FIGHTERS synced n=6 alive=6 own=2 enemy=4
2026.09.28-14.44.51 CUE move f-1-hero (2,3)->(3,3) seq=85
2026.09.28-14.44.51 WS seq=85 phase=TURN_END (apply)
2026.09.28-14.44.51 PLATE hidden fighter=f-1-hero
2026.09.28-14.44.51 SNAPSHOT applied seq=85 phase=TURN_END
2026.09.28-14.44.51 HANDLE_APPLIED #126 seq=85 decision=1 fightersValid=1 boardValid=1
2026.09.28-14.44.51 MODE seq=85 mode=2 combat=0 pending=0
2026.09.28-14.44.51 HUD seq=85 phase=TURN_END turn=you hand=8 oppHand=6(hidden) oppDeck=11 deck=8 discard=14 pendingDiscard=1
2026.09.28-14.44.51 ARTPREVIEW fighter=Medusa hero=1 eligible=1 visual=1 mesh=SK_Medusa_FaceNeck_v2Candidate
2026.09.28-14.44.51 FIGHTERS synced n=6 alive=6 own=2 enemy=4
2026.09.28-14.44.51 MANEUVER done seq=85 (merge) fighters=6 boost=no
2026.09.28-14.44.52 S09AUTO drive mode=2 plan=[defend+resolve] phase=TURN_END turn=cmukie57j0001wiaofr67k2vd
2026.09.28-14.44.52 S09AUTO discard picks=1
2026.09.28-14.44.52 DISCARD-CONFIRM pending=discard:16:85 count=1 ids=cmuhgvghy00oiwi9gajndiaba::0
2026.09.28-14.44.52 SNAPSHOT applied seq=86 phase=ACTION_MANEUVER
2026.09.28-14.44.52 HANDLE_APPLIED #127 seq=86 decision=2 fightersValid=1 boardValid=1
2026.09.28-14.44.52 closed mode=
2026.09.28-14.44.52 MODE seq=86 mode=0 combat=0 pending=1
2026.09.28-14.44.52 HUD seq=86 phase=ACTION_MANEUVER turn=opp hand=7 oppHand=6(hidden) oppDeck=11 deck=8 discard=15
2026.09.28-14.44.52 ARTPREVIEW fighter=Medusa hero=1 eligible=1 visual=1 mesh=SK_Medusa_FaceNeck_v2Candidate
2026.09.28-14.44.52 FIGHTERS synced n=6 alive=6 own=2 enemy=4
2026.09.28-14.44.52 DISCARD done seq=86 phase=ACTION_MANEUVER count=1
2026.09.28-14.44.52 SNAPSHOT applied seq=86 phase=ACTION_MANEUVER
2026.09.28-14.44.52 HANDLE_APPLIED #128 seq=86 decision=1 fightersValid=1 boardValid=1
2026.09.28-14.44.52 MODE seq=86 mode=0 combat=0 pending=1
2026.09.28-14.44.52 HUD seq=86 phase=ACTION_MANEUVER turn=opp hand=7 oppHand=6(hidden) oppDeck=11 deck=8 discard=15
2026.09.28-14.44.52 ARTPREVIEW fighter=Medusa hero=1 eligible=1 visual=1 mesh=SK_Medusa_FaceNeck_v2Candidate
2026.09.28-14.44.52 FIGHTERS synced n=6 alive=6 own=2 enemy=4
2026.09.28-14.44.52 WS seq=86 phase=ACTION_MANEUVER (merge)
2026.09.28-14.44.52 SNAPSHOT applied seq=87 phase=ACTION_MANEUVER
2026.09.28-14.44.52 HANDLE_APPLIED #129 seq=87 decision=2 fightersValid=1 boardValid=1
2026.09.28-14.44.52 MODE seq=87 mode=0 combat=0 pending=0
2026.09.28-14.44.52 HUD seq=87 phase=ACTION_MANEUVER turn=opp hand=7 oppHand=6(hidden) oppDeck=11~ deck=8~ discard=15
2026.09.28-14.44.52 ARTPREVIEW fighter=Medusa hero=1 eligible=1 visual=1 mesh=SK_Medusa_FaceNeck_v2Candidate
2026.09.28-14.44.52 FIGHTERS synced n=6 alive=6 own=2 enemy=4
2026.09.28-14.44.52 ARTPREVIEW damage-number fighter=f-1-hero amount=1 seq=87 cell=(3,3)
2026.09.28-14.44.52 CUE damage f-1-hero -1 seq=87
2026.09.28-14.44.52 WS seq=87 phase=ACTION_MANEUVER (apply)
2026.09.28-14.44.52 SNAPSHOT applied seq=88 phase=COMBAT
2026.09.28-14.44.52 HANDLE_APPLIED #130 seq=88 decision=2 fightersValid=1 boardValid=1
2026.09.28-14.44.52 closed mode=
2026.09.28-14.44.52 MODE seq=88 mode=4 combat=1 pending=0
2026.09.28-14.44.52 HUD seq=88 phase=COMBAT turn=opp hand=7 oppHand=5(hidden) oppDeck=11~ deck=8~ discard=15
2026.09.28-14.44.52 ARTPREVIEW combat marker fighter=Medusa attacker=1 target=0 icon=0 targetMesh=SM_Marker_TargetRing iconMode=screen
2026.09.28-14.44.52 ARTPREVIEW combat marker fighter=Merlin attacker=0 target=1 icon=1 targetMesh=SM_Marker_TargetRing iconMode=screen
2026.09.28-14.44.52 ARTPREVIEW fighter=Medusa hero=1 eligible=1 visual=1 mesh=SK_Medusa_FaceNeck_v2Candidate
2026.09.28-14.44.52 FIGHTERS synced n=6 alive=6 own=2 enemy=4
2026.09.28-14.44.52 WS seq=88 phase=COMBAT (apply)
2026.09.28-14.44.52 ICON fighter=f-1-sk0 bbox=(1269,490,1301,522) size=32 src=combat labelAvoid=0 hudAvoid=0
2026.09.28-14.44.53 game -> room=cmulcyak100hxwip412x34a7o code=<redacted> status=IN_PROGRESS
2026.09.28-14.44.53 S09AUTO drive mode=4 plan=[defend+resolve] phase=COMBAT turn=cmukie55u0000wiao06h107t9
2026.09.28-14.44.53 S09AUTO defense card picked
2026.09.28-14.44.53 DEFENSE sent
2026.09.28-14.44.53 SNAPSHOT applied seq=89 phase=COMBAT_RESOLVE
2026.09.28-14.44.53 HANDLE_APPLIED #131 seq=89 decision=2 fightersValid=1 boardValid=1
2026.09.28-14.44.53 closed mode=
2026.09.28-14.44.53 MODE seq=89 mode=5 combat=1 pending=0
2026.09.28-14.44.53 HUD seq=89 phase=COMBAT_RESOLVE turn=opp hand=6 oppHand=5(hidden) oppDeck=11 deck=8 discard=16
2026.09.28-14.44.53 ARTPREVIEW fighter=Medusa hero=1 eligible=1 visual=1 mesh=SK_Medusa_FaceNeck_v2Candidate
2026.09.28-14.44.53 FIGHTERS synced n=6 alive=6 own=2 enemy=4
2026.09.28-14.44.53 DEFENSE done seq=89 (apply) phase=COMBAT_RESOLVE
2026.09.28-14.44.53 SNAPSHOT applied seq=89 phase=COMBAT_RESOLVE
2026.09.28-14.44.53 HANDLE_APPLIED #132 seq=89 decision=1 fightersValid=1 boardValid=1
2026.09.28-14.44.53 MODE seq=89 mode=5 combat=1 pending=0
2026.09.28-14.44.53 HUD seq=89 phase=COMBAT_RESOLVE turn=opp hand=6 oppHand=5(hidden) oppDeck=11 deck=8 discard=16
2026.09.28-14.44.53 ARTPREVIEW fighter=Medusa hero=1 eligible=1 visual=1 mesh=SK_Medusa_FaceNeck_v2Candidate
2026.09.28-14.44.53 FIGHTERS synced n=6 alive=6 own=2 enemy=4
2026.09.28-14.44.53 WS seq=89 phase=COMBAT_RESOLVE (merge)
2026.09.28-14.44.53 S09AUTO drive mode=5 plan=[defend+resolve] phase=COMBAT_RESOLVE turn=cmukie55u0000wiao06h107t9
2026.09.28-14.44.53 S09AUTO resolve
2026.09.28-14.44.53 RESOLVE sent
2026.09.28-14.44.53 SNAPSHOT applied seq=90 phase=ACTION_MANEUVER
2026.09.28-14.44.53 HANDLE_APPLIED #133 seq=90 decision=2 fightersValid=1 boardValid=1
2026.09.28-14.44.53 COMBAT-RESULT seq=90 damage=2 role=defended
2026.09.28-14.44.53 ARTPREVIEW combat marker fighter=Medusa attacker=0 target=0 icon=0 targetMesh=SM_Marker_TargetRing iconMode=screen
2026.09.28-14.44.53 ARTPREVIEW combat marker fighter=Merlin attacker=0 target=0 icon=0 targetMesh=SM_Marker_TargetRing iconMode=screen
2026.09.28-14.44.53 closed mode=
2026.09.28-14.44.53 MODE seq=90 mode=0 combat=0 pending=0
2026.09.28-14.44.53 HUD seq=90 phase=ACTION_MANEUVER turn=opp hand=7 oppHand=6(hidden) oppDeck=11~ deck=8~ discard=16
2026.09.28-14.44.53 ARTPREVIEW fighter=Medusa hero=1 eligible=1 visual=1 mesh=SK_Medusa_FaceNeck_v2Candidate
2026.09.28-14.44.53 FIGHTERS synced n=6 alive=5 own=1 enemy=4
2026.09.28-14.44.53 ARTPREVIEW damage-number fighter=f-1-sk0 amount=2 seq=90 cell=(4,3)
2026.09.28-14.44.53 CUE damage f-1-sk0 -2 seq=90
2026.09.28-14.44.53 WS seq=90 phase=ACTION_MANEUVER (apply)
2026.09.28-14.44.53 HUD icon hidden fighter=f-1-sk0
2026.09.28-14.44.53 SNAPSHOT applied seq=90 phase=ACTION_MANEUVER
2026.09.28-14.44.53 HANDLE_APPLIED #134 seq=90 decision=1 fightersValid=1 boardValid=1
2026.09.28-14.44.53 MODE seq=90 mode=0 combat=0 pending=0
2026.09.28-14.44.53 HUD seq=90 phase=ACTION_MANEUVER turn=opp hand=7 oppHand=6(hidden) oppDeck=10 deck=7 discard=16
2026.09.28-14.44.53 ARTPREVIEW fighter=Medusa hero=1 eligible=1 visual=1 mesh=SK_Medusa_FaceNeck_v2Candidate
2026.09.28-14.44.53 FIGHTERS synced n=6 alive=5 own=1 enemy=4
2026.09.28-14.44.53 RESOLVE done seq=90 (merge) phase=ACTION_MANEUVER
2026.09.28-14.44.54 S09AUTO drive mode=0 plan=[defend+resolve] phase=ACTION_MANEUVER turn=cmukie55u0000wiao06h107t9
2026.09.28-14.44.54 SNAPSHOT applied seq=91 phase=ACTION_MANEUVER
2026.09.28-14.44.54 HANDLE_APPLIED #135 seq=91 decision=2 fightersValid=1 boardValid=1
2026.09.28-14.44.54 MODE seq=91 mode=0 combat=0 pending=0
2026.09.28-14.44.54 HUD seq=91 phase=ACTION_MANEUVER turn=opp hand=7 oppHand=7(hidden) oppDeck=10~ deck=7~ discard=16
2026.09.28-14.44.54 ARTPREVIEW fighter=Medusa hero=1 eligible=1 visual=1 mesh=SK_Medusa_FaceNeck_v2Candidate
2026.09.28-14.44.54 FIGHTERS synced n=6 alive=5 own=1 enemy=4
2026.09.28-14.44.54 WS seq=91 phase=ACTION_MANEUVER (apply)
2026.09.28-14.44.54 SNAPSHOT applied seq=92 phase=ACTION_MANEUVER
2026.09.28-14.44.54 HANDLE_APPLIED #136 seq=92 decision=2 fightersValid=1 boardValid=1
2026.09.28-14.44.54 MODE seq=92 mode=0 combat=0 pending=0
2026.09.28-14.44.54 HUD seq=92 phase=ACTION_MANEUVER turn=you hand=7 oppHand=7(hidden) oppDeck=10~ deck=7~ discard=16
2026.09.28-14.44.54 ARTPREVIEW fighter=Medusa hero=1 eligible=1 visual=1 mesh=SK_Medusa_FaceNeck_v2Candidate
2026.09.28-14.44.54 FIGHTERS synced n=6 alive=5 own=1 enemy=4
2026.09.28-14.44.54 CUE move f-0-hero (4,4)->(3,4) seq=92
2026.09.28-14.44.54 WS seq=92 phase=ACTION_MANEUVER (apply)
2026.09.28-14.44.54 S09AUTO own turn #8 (turnCount=18)
2026.09.28-14.44.54 SNAPSHOT applied seq=93 phase=ACTION_MANEUVER
2026.09.28-14.44.54 HANDLE_APPLIED #137 seq=93 decision=2 fightersValid=1 boardValid=1
2026.09.28-14.44.54 MANEUVER-DRAFT mode=maneuver:18:92
2026.09.28-14.44.54 DRAFT-OPEN draw committed (resume instead of begin)
2026.09.28-14.44.54 MODE seq=93 mode=1 combat=0 pending=0
2026.09.28-14.44.54 HUD seq=93 phase=ACTION_MANEUVER turn=you hand=8 oppHand=7(hidden) oppDeck=9 deck=6 discard=16
2026.09.28-14.44.54 ARTPREVIEW fighter=Medusa hero=1 eligible=1 visual=1 mesh=SK_Medusa_FaceNeck_v2Candidate
2026.09.28-14.44.54 FIGHTERS synced n=6 alive=5 own=1 enemy=4
2026.09.28-14.44.54 MANEUVER begin seq=93 (apply) pending=maneuver:18:92
2026.09.28-14.44.54 SNAPSHOT applied seq=93 phase=ACTION_MANEUVER
2026.09.28-14.44.54 HANDLE_APPLIED #138 seq=93 decision=1 fightersValid=1 boardValid=1
2026.09.28-14.44.54 MODE seq=93 mode=1 combat=0 pending=0
2026.09.28-14.44.54 HUD seq=93 phase=ACTION_MANEUVER turn=you hand=8 oppHand=7(hidden) oppDeck=9 deck=6 discard=16
2026.09.28-14.44.54 ARTPREVIEW fighter=Medusa hero=1 eligible=1 visual=1 mesh=SK_Medusa_FaceNeck_v2Candidate
2026.09.28-14.44.54 FIGHTERS synced n=6 alive=5 own=1 enemy=4
2026.09.28-14.44.54 WS seq=93 phase=ACTION_MANEUVER (merge)
2026.09.28-14.44.54 S09AUTO drive mode=1 plan=[defend+resolve] phase=ACTION_MANEUVER turn=cmukie57j0001wiaofr67k2vd
2026.09.28-14.44.54 MANEUVER-CONFIRM moves=1 boost=none
2026.09.28-14.44.54 HUD plate content fighter=f-1-hero name=King Arthur hp=12/18 team=own statuses=HERO  |  MELEE
2026.09.28-14.44.54 PLATE fighter=f-1-hero bbox=(1197,340,1369,394) overlapReachable=0 placement=above ring=16 gap=139 selection=f-1-hero destinations=8 clean=1 softPx2=0 tested=2924
2026.09.28-14.44.54 SNAPSHOT applied seq=94 phase=ACTION_MANEUVER
2026.09.28-14.44.54 HANDLE_APPLIED #139 seq=94 decision=2 fightersValid=1 boardValid=1
2026.09.28-14.44.54 closed mode=
2026.09.28-14.44.54 MODE seq=94 mode=0 combat=0 pending=0
2026.09.28-14.44.54 HUD seq=94 phase=ACTION_MANEUVER turn=you hand=8 oppHand=7(hidden) oppDeck=9 deck=6 discard=16
2026.09.28-14.44.54 ARTPREVIEW fighter=Medusa hero=1 eligible=1 visual=1 mesh=SK_Medusa_FaceNeck_v2Candidate
2026.09.28-14.44.54 FIGHTERS synced n=6 alive=5 own=1 enemy=4
2026.09.28-14.44.54 CUE move f-1-hero (3,3)->(4,3) seq=94
2026.09.28-14.44.54 MANEUVER done seq=94 (apply) fighters=6 boost=no
2026.09.28-14.44.54 SNAPSHOT applied seq=94 phase=ACTION_MANEUVER
2026.09.28-14.44.54 HANDLE_APPLIED #140 seq=94 decision=1 fightersValid=1 boardValid=1
2026.09.28-14.44.54 MODE seq=94 mode=0 combat=0 pending=0
2026.09.28-14.44.54 HUD seq=94 phase=ACTION_MANEUVER turn=you hand=8 oppHand=7(hidden) oppDeck=9 deck=6 discard=16
2026.09.28-14.44.54 ARTPREVIEW fighter=Medusa hero=1 eligible=1 visual=1 mesh=SK_Medusa_FaceNeck_v2Candidate
2026.09.28-14.44.54 FIGHTERS synced n=6 alive=5 own=1 enemy=4
2026.09.28-14.44.54 WS seq=94 phase=ACTION_MANEUVER (merge)
2026.09.28-14.44.54 PLATE hidden fighter=f-1-hero
2026.09.28-14.44.55 S09AUTO drive mode=0 plan=[defend+resolve] phase=ACTION_MANEUVER turn=cmukie57j0001wiaofr67k2vd
2026.09.28-14.44.55 SNAPSHOT applied seq=95 phase=ACTION_MANEUVER
2026.09.28-14.44.55 HANDLE_APPLIED #141 seq=95 decision=2 fightersValid=1 boardValid=1
2026.09.28-14.44.55 MANEUVER-DRAFT mode=maneuver:18:94
2026.09.28-14.44.55 DRAFT-OPEN draw committed (resume instead of begin)
2026.09.28-14.44.55 MODE seq=95 mode=1 combat=0 pending=0
2026.09.28-14.44.55 HUD seq=95 phase=ACTION_MANEUVER turn=you hand=9 oppHand=7(hidden) oppDeck=9~ deck=6~ discard=16
2026.09.28-14.44.55 ARTPREVIEW fighter=Medusa hero=1 eligible=1 visual=1 mesh=SK_Medusa_FaceNeck_v2Candidate
2026.09.28-14.44.55 FIGHTERS synced n=6 alive=5 own=1 enemy=4
2026.09.28-14.44.55 WS seq=95 phase=ACTION_MANEUVER (apply)
2026.09.28-14.44.55 SNAPSHOT applied seq=95 phase=ACTION_MANEUVER
2026.09.28-14.44.55 HANDLE_APPLIED #142 seq=95 decision=1 fightersValid=1 boardValid=1
2026.09.28-14.44.55 MODE seq=95 mode=1 combat=0 pending=0
2026.09.28-14.44.55 HUD seq=95 phase=ACTION_MANEUVER turn=you hand=9 oppHand=7(hidden) oppDeck=9 deck=5 discard=16
2026.09.28-14.44.55 ARTPREVIEW fighter=Medusa hero=1 eligible=1 visual=1 mesh=SK_Medusa_FaceNeck_v2Candidate
2026.09.28-14.44.55 FIGHTERS synced n=6 alive=5 own=1 enemy=4
2026.09.28-14.44.55 MANEUVER begin seq=95 (merge) pending=maneuver:18:94
2026.09.28-14.44.55 S09AUTO drive mode=1 plan=[defend+resolve] phase=ACTION_MANEUVER turn=cmukie57j0001wiaofr67k2vd
2026.09.28-14.44.55 MANEUVER-CONFIRM moves=1 boost=none
2026.09.28-14.44.55 PLATE fighter=f-1-hero bbox=(1329,548,1501,602) overlapReachable=0 placement=right ring=0 gap=6 selection=f-1-hero destinations=5 clean=1 softPx2=0 tested=110
2026.09.28-14.44.55 SNAPSHOT applied seq=96 phase=TURN_END
2026.09.28-14.44.55 HANDLE_APPLIED #143 seq=96 decision=2 fightersValid=1 boardValid=1
2026.09.28-14.44.55 DISCARD-DRAFT count=2 pending=discard:18:96
2026.09.28-14.44.55 MODE seq=96 mode=2 combat=0 pending=0
2026.09.28-14.44.55 HUD seq=96 phase=TURN_END turn=you hand=9 oppHand=7(hidden) oppDeck=9~ deck=5~ discard=16 pendingDiscard=2
2026.09.28-14.44.55 ARTPREVIEW fighter=Medusa hero=1 eligible=1 visual=1 mesh=SK_Medusa_FaceNeck_v2Candidate
2026.09.28-14.44.55 FIGHTERS synced n=6 alive=5 own=1 enemy=4
2026.09.28-14.44.55 CUE move f-1-hero (4,3)->(3,3) seq=96
2026.09.28-14.44.55 WS seq=96 phase=TURN_END (apply)
2026.09.28-14.44.55 PLATE hidden fighter=f-1-hero
2026.09.28-14.44.55 SNAPSHOT applied seq=96 phase=TURN_END
2026.09.28-14.44.55 HANDLE_APPLIED #144 seq=96 decision=1 fightersValid=1 boardValid=1
2026.09.28-14.44.55 MODE seq=96 mode=2 combat=0 pending=0
2026.09.28-14.44.55 HUD seq=96 phase=TURN_END turn=you hand=9 oppHand=7(hidden) oppDeck=9 deck=5 discard=16 pendingDiscard=2
2026.09.28-14.44.55 ARTPREVIEW fighter=Medusa hero=1 eligible=1 visual=1 mesh=SK_Medusa_FaceNeck_v2Candidate
2026.09.28-14.44.55 FIGHTERS synced n=6 alive=5 own=1 enemy=4
2026.09.28-14.44.55 MANEUVER done seq=96 (merge) fighters=6 boost=no
2026.09.28-14.44.56 game -> room=cmulcyak100hxwip412x34a7o code=<redacted> status=IN_PROGRESS
2026.09.28-14.44.56 S09AUTO drive mode=2 plan=[defend+resolve] phase=TURN_END turn=cmukie57j0001wiaofr67k2vd
2026.09.28-14.44.56 S09AUTO discard picks=2
2026.09.28-14.44.56 DISCARD-CONFIRM pending=discard:18:96 count=2 ids=cmuhgvgi600p0wi9gzhz8rkin::0,cmuhgvgi600p0wi9gzhz8rkin::1
2026.09.28-14.44.57 SNAPSHOT applied seq=97 phase=ACTION_MANEUVER
2026.09.28-14.44.57 HANDLE_APPLIED #145 seq=97 decision=2 fightersValid=1 boardValid=1
2026.09.28-14.44.57 closed mode=
2026.09.28-14.44.57 MODE seq=97 mode=0 combat=0 pending=1
2026.09.28-14.44.57 HUD seq=97 phase=ACTION_MANEUVER turn=opp hand=7 oppHand=7(hidden) oppDeck=9 deck=5 discard=18
2026.09.28-14.44.57 ARTPREVIEW fighter=Medusa hero=1 eligible=1 visual=1 mesh=SK_Medusa_FaceNeck_v2Candidate
2026.09.28-14.44.57 FIGHTERS synced n=6 alive=5 own=1 enemy=4
2026.09.28-14.44.57 DISCARD done seq=97 phase=ACTION_MANEUVER count=2
2026.09.28-14.44.57 SNAPSHOT applied seq=97 phase=ACTION_MANEUVER
2026.09.28-14.44.57 HANDLE_APPLIED #146 seq=97 decision=1 fightersValid=1 boardValid=1
2026.09.28-14.44.57 MODE seq=97 mode=0 combat=0 pending=1
2026.09.28-14.44.57 HUD seq=97 phase=ACTION_MANEUVER turn=opp hand=7 oppHand=7(hidden) oppDeck=9 deck=5 discard=18
2026.09.28-14.44.57 ARTPREVIEW fighter=Medusa hero=1 eligible=1 visual=1 mesh=SK_Medusa_FaceNeck_v2Candidate
2026.09.28-14.44.57 FIGHTERS synced n=6 alive=5 own=1 enemy=4
2026.09.28-14.44.57 WS seq=97 phase=ACTION_MANEUVER (merge)
2026.09.28-14.44.57 SNAPSHOT applied seq=98 phase=ACTION_MANEUVER
2026.09.28-14.44.57 HANDLE_APPLIED #147 seq=98 decision=2 fightersValid=1 boardValid=1
2026.09.28-14.44.57 MODE seq=98 mode=0 combat=0 pending=0
2026.09.28-14.44.57 HUD seq=98 phase=ACTION_MANEUVER turn=opp hand=7 oppHand=7(hidden) oppDeck=9~ deck=5~ discard=18
2026.09.28-14.44.57 ARTPREVIEW fighter=Medusa hero=1 eligible=1 visual=1 mesh=SK_Medusa_FaceNeck_v2Candidate
2026.09.28-14.44.57 FIGHTERS synced n=6 alive=5 own=1 enemy=4
2026.09.28-14.44.57 ARTPREVIEW damage-number fighter=f-1-hero amount=1 seq=98 cell=(3,3)
2026.09.28-14.44.57 CUE damage f-1-hero -1 seq=98
2026.09.28-14.44.57 WS seq=98 phase=ACTION_MANEUVER (apply)
2026.09.28-14.44.57 SNAPSHOT applied seq=99 phase=COMBAT
2026.09.28-14.44.57 HANDLE_APPLIED #148 seq=99 decision=2 fightersValid=1 boardValid=1
2026.09.28-14.44.57 closed mode=
2026.09.28-14.44.57 MODE seq=99 mode=4 combat=1 pending=0
2026.09.28-14.44.57 HUD seq=99 phase=COMBAT turn=opp hand=7 oppHand=6(hidden) oppDeck=9~ deck=5~ discard=18
2026.09.28-14.44.57 ARTPREVIEW combat marker fighter=Medusa attacker=1 target=0 icon=0 targetMesh=SM_Marker_TargetRing iconMode=screen
2026.09.28-14.44.57 ARTPREVIEW combat marker fighter=King Arthur attacker=0 target=1 icon=1 targetMesh=SM_Marker_TargetRing iconMode=screen
2026.09.28-14.44.57 ARTPREVIEW fighter=Medusa hero=1 eligible=1 visual=1 mesh=SK_Medusa_FaceNeck_v2Candidate
2026.09.28-14.44.57 FIGHTERS synced n=6 alive=5 own=1 enemy=4
2026.09.28-14.44.57 WS seq=99 phase=COMBAT (apply)
2026.09.28-14.44.57 ICON fighter=f-1-hero bbox=(1107,481,1139,513) size=32 src=combat labelAvoid=1 hudAvoid=0
2026.09.28-14.44.58 S09AUTO drive mode=4 plan=[defend+resolve] phase=COMBAT turn=cmukie55u0000wiao06h107t9
2026.09.28-14.44.58 S09AUTO defense card picked
2026.09.28-14.44.58 DEFENSE sent
2026.09.28-14.44.58 SNAPSHOT applied seq=100 phase=COMBAT_RESOLVE
2026.09.28-14.44.58 HANDLE_APPLIED #149 seq=100 decision=2 fightersValid=1 boardValid=1
2026.09.28-14.44.58 closed mode=
2026.09.28-14.44.58 MODE seq=100 mode=5 combat=1 pending=0
2026.09.28-14.44.58 HUD seq=100 phase=COMBAT_RESOLVE turn=opp hand=6 oppHand=6(hidden) oppDeck=9~ deck=5~ discard=19
2026.09.28-14.44.58 ARTPREVIEW fighter=Medusa hero=1 eligible=1 visual=1 mesh=SK_Medusa_FaceNeck_v2Candidate
2026.09.28-14.44.58 FIGHTERS synced n=6 alive=5 own=1 enemy=4
2026.09.28-14.44.58 WS seq=100 phase=COMBAT_RESOLVE (apply)
2026.09.28-14.44.58 SNAPSHOT applied seq=100 phase=COMBAT_RESOLVE
2026.09.28-14.44.58 HANDLE_APPLIED #150 seq=100 decision=1 fightersValid=1 boardValid=1
2026.09.28-14.44.58 MODE seq=100 mode=5 combat=1 pending=0
2026.09.28-14.44.58 HUD seq=100 phase=COMBAT_RESOLVE turn=opp hand=6 oppHand=6(hidden) oppDeck=9 deck=5 discard=19
2026.09.28-14.44.58 ARTPREVIEW fighter=Medusa hero=1 eligible=1 visual=1 mesh=SK_Medusa_FaceNeck_v2Candidate
2026.09.28-14.44.58 FIGHTERS synced n=6 alive=5 own=1 enemy=4
2026.09.28-14.44.58 DEFENSE done seq=100 (merge) phase=COMBAT_RESOLVE
2026.09.28-14.44.58 S09AUTO drive mode=5 plan=[defend+resolve] phase=COMBAT_RESOLVE turn=cmukie55u0000wiao06h107t9
2026.09.28-14.44.58 S09AUTO resolve
2026.09.28-14.44.58 RESOLVE sent
2026.09.28-14.44.58 SNAPSHOT applied seq=101 phase=COMBAT_RESOLVE
2026.09.28-14.44.58 HANDLE_APPLIED #151 seq=101 decision=2 fightersValid=1 boardValid=1
2026.09.28-14.44.58 MODE seq=101 mode=5 combat=1 pending=1
2026.09.28-14.44.58 HUD seq=101 phase=COMBAT_RESOLVE turn=opp hand=6 oppHand=6(hidden) oppDeck=9 deck=5 discard=19
2026.09.28-14.44.58 RESOLVE panel revealed: A3+B0 vs D3
2026.09.28-14.44.58 RESOLVE panel blocked by pending (type=BOOST_CHOICE id=cmuhgvgkf00smwi9gaeymh3ur-during-0-boost-100)
2026.09.28-14.44.58 ARTPREVIEW fighter=Medusa hero=1 eligible=1 visual=1 mesh=SK_Medusa_FaceNeck_v2Candidate
2026.09.28-14.44.58 FIGHTERS synced n=6 alive=5 own=1 enemy=4
2026.09.28-14.44.58 RESOLVE done seq=101 (apply) phase=COMBAT_RESOLVE
2026.09.28-14.44.58 SNAPSHOT applied seq=101 phase=COMBAT_RESOLVE
2026.09.28-14.44.58 HANDLE_APPLIED #152 seq=101 decision=1 fightersValid=1 boardValid=1
2026.09.28-14.44.58 MODE seq=101 mode=5 combat=1 pending=1
2026.09.28-14.44.58 HUD seq=101 phase=COMBAT_RESOLVE turn=opp hand=6 oppHand=6(hidden) oppDeck=9 deck=5 discard=19
2026.09.28-14.44.58 ARTPREVIEW fighter=Medusa hero=1 eligible=1 visual=1 mesh=SK_Medusa_FaceNeck_v2Candidate
2026.09.28-14.44.58 FIGHTERS synced n=6 alive=5 own=1 enemy=4
2026.09.28-14.44.58 WS seq=101 phase=COMBAT_RESOLVE (merge)
2026.09.28-14.44.58 S09AUTO resolve-blocked shot (type=BOOST_CHOICE)
2026.09.28-14.44.58 SHOT ctx viewport=1920x1080 viewTarget=CameraActor_2147482371 cam=(0,1107,1582) rot=(-55,-90,0)
2026.09.28-14.44.58 SHOT fighter f-0-hero pos=(3,4) world=(100,150,0) screen=(1125,743) projected=1 alive=1
2026.09.28-14.44.58 SHOT fighter f-0-sk0 pos=(4,2) world=(200,-50,0) screen=(1271,476) projected=1 alive=1
2026.09.28-14.44.58 SHOT fighter f-0-sk1 pos=(2,1) world=(0,-150,0) screen=(960,355) projected=1 alive=1
2026.09.28-14.44.58 SHOT fighter f-0-sk2 pos=(1,2) world=(-100,-50,0) screen=(805,476) projected=1 alive=1
2026.09.28-14.44.58 SHOT fighter f-1-hero pos=(3,3) world=(100,50,0) screen=(1120,606) projected=1 alive=1
2026.09.28-14.44.58 SHOT fighter f-1-sk0 pos=(4,3) world=(200,50,0) screen=(1280,606) projected=1 alive=0
2026.09.28-14.44.58 SHOT camera dist=1930.8 target=1930.8 overview=1930.8 errPct=0.000 focusErr=0.00 settled=1 zoom=1.00
2026.09.28-14.44.58 SHOT head fighter=f-0-hero socket=Head mesh=SK_Medusa_FaceNeck_v2Candidate world=(100.0,146.0,38.5) screen=(1127.7,703.5) top=(1128.2,698.2) bottom=(1127.3,708.9) headPx=10.7 projected=1
2026.09.28-14.44.58 SHOT icon fighter=f-1-hero bbox=(1107,481,1139,513) size=32 src=combat planned=(1107,481,1139,513) geom=painted
2026.09.28-14.44.58 SHOT label fighter=f-0-hero mode=full bbox=(1084,653,1179,685)
2026.09.28-14.44.58 SHOT label fighter=f-0-sk0 mode=full bbox=(1230,399,1329,428)
2026.09.28-14.44.58 SHOT label fighter=f-0-sk1 mode=full bbox=(914,276,1006,305)
2026.09.28-14.44.58 SHOT label fighter=f-0-sk2 mode=full bbox=(751,399,848,428)
2026.09.28-14.44.58 SHOT label fighter=f-1-hero mode=full bbox=(1078,517,1174,545)
2026.09.28-14.44.58 SHOT requested: FScreenshotRequest(bShowUI) -> C:\Users\ren\AppData\Local\Temp\s09-combat-20260928-194340-47580\joiner/s09-resolve-blocked-BOOST_CHOICE.png
2026.09.28-14.44.59 game -> room=cmulcyak100hxwip412x34a7o code=<redacted> status=IN_PROGRESS
2026.09.28-14.45.02 SNAPSHOT applied seq=102 phase=COMBAT_RESOLVE
2026.09.28-14.45.02 HANDLE_APPLIED #153 seq=102 decision=2 fightersValid=1 boardValid=1
2026.09.28-14.45.02 closed mode=
2026.09.28-14.45.02 MODE seq=102 mode=6 combat=1 pending=1
2026.09.28-14.45.02 HUD seq=102 phase=COMBAT_RESOLVE turn=opp hand=6 oppHand=5(hidden) oppDeck=9~ deck=5~ discard=19
2026.09.28-14.45.02 PENDING panel revealed: attack A3+B3 vs D3
2026.09.28-14.45.02 ARTPREVIEW fighter=Medusa hero=1 eligible=1 visual=1 mesh=SK_Medusa_FaceNeck_v2Candidate
2026.09.28-14.45.02 FIGHTERS synced n=6 alive=5 own=1 enemy=4
2026.09.28-14.45.02 ARTPREVIEW damage-number fighter=f-1-hero amount=3 seq=102 cell=(3,3)
2026.09.28-14.45.02 CUE damage f-1-hero -3 seq=102
2026.09.28-14.45.02 WS seq=102 phase=COMBAT_RESOLVE (apply)
2026.09.28-14.45.02 S09AUTO drive mode=6 plan=[defend+resolve] phase=COMBAT_RESOLVE turn=cmukie55u0000wiao06h107t9
2026.09.28-14.45.02 S09AUTO pending-open shot (type=MOVE stage=0 mode=)
2026.09.28-14.45.02 SHOT ctx viewport=1920x1080 viewTarget=CameraActor_2147482371 cam=(0,1107,1582) rot=(-55,-90,0)
2026.09.28-14.45.02 SHOT fighter f-0-hero pos=(3,4) world=(100,150,0) screen=(1125,743) projected=1 alive=1
2026.09.28-14.45.02 SHOT fighter f-0-sk0 pos=(4,2) world=(200,-50,0) screen=(1271,476) projected=1 alive=1
2026.09.28-14.45.02 SHOT fighter f-0-sk1 pos=(2,1) world=(0,-150,0) screen=(960,355) projected=1 alive=1
2026.09.28-14.45.02 SHOT fighter f-0-sk2 pos=(1,2) world=(-100,-50,0) screen=(805,476) projected=1 alive=1
2026.09.28-14.45.02 SHOT fighter f-1-hero pos=(3,3) world=(100,50,0) screen=(1120,606) projected=1 alive=1
2026.09.28-14.45.02 SHOT fighter f-1-sk0 pos=(4,3) world=(200,50,0) screen=(1280,606) projected=1 alive=0
2026.09.28-14.45.02 SHOT camera dist=1930.8 target=1930.8 overview=1930.8 errPct=0.000 focusErr=0.00 settled=1 zoom=1.00
2026.09.28-14.45.02 SHOT head fighter=f-0-hero socket=Head mesh=SK_Medusa_FaceNeck_v2Candidate world=(100.0,146.0,38.5) screen=(1127.7,703.5) top=(1128.2,698.2) bottom=(1127.3,708.9) headPx=10.7 projected=1
2026.09.28-14.45.02 SHOT icon fighter=f-1-hero bbox=(1107,481,1139,513) size=32 src=combat planned=(1107,481,1139,513) geom=painted
2026.09.28-14.45.02 SHOT label fighter=f-0-hero mode=full bbox=(1084,653,1179,685)
2026.09.28-14.45.02 SHOT label fighter=f-0-sk0 mode=full bbox=(1230,399,1329,428)
2026.09.28-14.45.02 SHOT label fighter=f-0-sk1 mode=full bbox=(914,276,1006,305)
2026.09.28-14.45.02 SHOT label fighter=f-0-sk2 mode=full bbox=(751,399,848,428)
2026.09.28-14.45.02 SHOT label fighter=f-1-hero mode=full bbox=(1078,517,1174,545)
2026.09.28-14.45.02 SHOT damage fighter=f-1-hero bbox=(1146,539,1184,563)
2026.09.28-14.45.02 SHOT requested: FScreenshotRequest(bShowUI) -> C:\Users\ren\AppData\Local\Temp\s09-combat-20260928-194340-47580\joiner/s09-pending-MOVE.png
2026.09.28-14.45.02 PEND-RESOLVE sent type=MOVE stage=0 id=cmuhgvgi500owwi9gnmn59wun-after-0-p0
2026.09.28-14.45.02 S09AUTO pending picked (type=MOVE stage=0)
2026.09.28-14.45.02 HUD plate content fighter=f-1-hero name=King Arthur hp=8/18 team=own statuses=HERO  |  MELEE  |  TARGET
2026.09.28-14.45.02 PLATE fighter=f-1-hero bbox=(909,548,1081,602) overlapReachable=0 placement=left ring=0 gap=6 selection=f-1-hero destinations=0 clean=1 softPx2=0 tested=108
2026.09.28-14.45.02 ICON fighter=f-1-hero bbox=(1107,490,1139,522) size=32 src=combat labelAvoid=0 hudAvoid=0
2026.09.28-14.45.02 game -> room=cmulcyak100hxwip412x34a7o code=<redacted> status=IN_PROGRESS
2026.09.28-14.45.02 SNAPSHOT applied seq=103 phase=ACTION_MANEUVER
2026.09.28-14.45.02 HANDLE_APPLIED #154 seq=103 decision=2 fightersValid=1 boardValid=1
2026.09.28-14.45.02 COMBAT-RESULT seq=103 damage=3 role=defended
2026.09.28-14.45.02 ARTPREVIEW combat marker fighter=Medusa attacker=0 target=0 icon=0 targetMesh=SM_Marker_TargetRing iconMode=screen
2026.09.28-14.45.02 ARTPREVIEW combat marker fighter=King Arthur attacker=0 target=0 icon=0 targetMesh=SM_Marker_TargetRing iconMode=screen
2026.09.28-14.45.02 PENDING panel revealed: attack A3+B3 vs D3
2026.09.28-14.45.02 closed mode=
2026.09.28-14.45.02 MODE seq=103 mode=0 combat=0 pending=0
2026.09.28-14.45.02 HUD seq=103 phase=ACTION_MANEUVER turn=opp hand=6 oppHand=5(hidden) oppDeck=9 deck=5 discard=19
2026.09.28-14.45.02 ARTPREVIEW fighter=Medusa hero=1 eligible=1 visual=1 mesh=SK_Medusa_FaceNeck_v2Candidate
2026.09.28-14.45.02 FIGHTERS synced n=6 alive=5 own=1 enemy=4
2026.09.28-14.45.02 PEND resolve done seq=103 (apply) phase=ACTION_MANEUVER
2026.09.28-14.45.02 SNAPSHOT applied seq=103 phase=ACTION_MANEUVER
2026.09.28-14.45.02 HANDLE_APPLIED #155 seq=103 decision=1 fightersValid=1 boardValid=1
2026.09.28-14.45.02 MODE seq=103 mode=0 combat=0 pending=0
2026.09.28-14.45.02 HUD seq=103 phase=ACTION_MANEUVER turn=opp hand=6 oppHand=5(hidden) oppDeck=9 deck=5 discard=19
2026.09.28-14.45.02 ARTPREVIEW fighter=Medusa hero=1 eligible=1 visual=1 mesh=SK_Medusa_FaceNeck_v2Candidate
2026.09.28-14.45.02 FIGHTERS synced n=6 alive=5 own=1 enemy=4
2026.09.28-14.45.02 WS seq=103 phase=ACTION_MANEUVER (merge)
2026.09.28-14.45.02 S09AUTO drive mode=0 plan=[defend+resolve] phase=ACTION_MANEUVER turn=cmukie55u0000wiao06h107t9
2026.09.28-14.45.02 HUD icon hidden fighter=f-1-hero
2026.09.28-14.45.02 PLATE hidden fighter=f-1-hero
2026.09.28-14.45.03 SNAPSHOT applied seq=104 phase=COMBAT
2026.09.28-14.45.03 HANDLE_APPLIED #156 seq=104 decision=2 fightersValid=1 boardValid=1
2026.09.28-14.45.03 closed mode=
2026.09.28-14.45.03 MODE seq=104 mode=4 combat=1 pending=0
2026.09.28-14.45.03 HUD seq=104 phase=COMBAT turn=opp hand=6 oppHand=4(hidden) oppDeck=9~ deck=5~ discard=19
2026.09.28-14.45.03 ARTPREVIEW combat marker fighter=Medusa attacker=1 target=0 icon=0 targetMesh=SM_Marker_TargetRing iconMode=screen
2026.09.28-14.45.03 ARTPREVIEW combat marker fighter=King Arthur attacker=0 target=1 icon=1 targetMesh=SM_Marker_TargetRing iconMode=screen
2026.09.28-14.45.03 ARTPREVIEW fighter=Medusa hero=1 eligible=1 visual=1 mesh=SK_Medusa_FaceNeck_v2Candidate
2026.09.28-14.45.03 FIGHTERS synced n=6 alive=5 own=1 enemy=4
2026.09.28-14.45.03 WS seq=104 phase=COMBAT (apply)
2026.09.28-14.45.03 S09AUTO drive mode=4 plan=[defend+resolve] phase=COMBAT turn=cmukie55u0000wiao06h107t9
2026.09.28-14.45.03 S09AUTO defense card picked
2026.09.28-14.45.03 DEFENSE sent
2026.09.28-14.45.03 ICON fighter=f-1-hero bbox=(1107,481,1139,513) size=32 src=combat labelAvoid=1 hudAvoid=0
2026.09.28-14.45.03 SNAPSHOT applied seq=105 phase=COMBAT_RESOLVE
2026.09.28-14.45.03 HANDLE_APPLIED #157 seq=105 decision=2 fightersValid=1 boardValid=1
2026.09.28-14.45.03 closed mode=
2026.09.28-14.45.03 MODE seq=105 mode=5 combat=1 pending=0
2026.09.28-14.45.03 HUD seq=105 phase=COMBAT_RESOLVE turn=opp hand=5 oppHand=4(hidden) oppDeck=9~ deck=5~ discard=20
2026.09.28-14.45.03 ARTPREVIEW fighter=Medusa hero=1 eligible=1 visual=1 mesh=SK_Medusa_FaceNeck_v2Candidate
2026.09.28-14.45.03 FIGHTERS synced n=6 alive=5 own=1 enemy=4
2026.09.28-14.45.03 WS seq=105 phase=COMBAT_RESOLVE (apply)
2026.09.28-14.45.03 SNAPSHOT applied seq=105 phase=COMBAT_RESOLVE
2026.09.28-14.45.03 HANDLE_APPLIED #158 seq=105 decision=1 fightersValid=1 boardValid=1
2026.09.28-14.45.03 MODE seq=105 mode=5 combat=1 pending=0
2026.09.28-14.45.03 HUD seq=105 phase=COMBAT_RESOLVE turn=opp hand=5 oppHand=4(hidden) oppDeck=9 deck=5 discard=20
2026.09.28-14.45.03 ARTPREVIEW fighter=Medusa hero=1 eligible=1 visual=1 mesh=SK_Medusa_FaceNeck_v2Candidate
2026.09.28-14.45.03 FIGHTERS synced n=6 alive=5 own=1 enemy=4
2026.09.28-14.45.03 DEFENSE done seq=105 (merge) phase=COMBAT_RESOLVE
2026.09.28-14.45.03 S09AUTO drive mode=5 plan=[defend+resolve] phase=COMBAT_RESOLVE turn=cmukie55u0000wiao06h107t9
2026.09.28-14.45.03 S09AUTO resolve
2026.09.28-14.45.03 RESOLVE sent
2026.09.28-14.45.03 SNAPSHOT applied seq=106 phase=COMBAT_RESOLVE
2026.09.28-14.45.03 HANDLE_APPLIED #159 seq=106 decision=2 fightersValid=1 boardValid=1
2026.09.28-14.45.03 closed mode=
2026.09.28-14.45.03 MODE seq=106 mode=6 combat=1 pending=1
2026.09.28-14.45.03 HUD seq=106 phase=COMBAT_RESOLVE turn=opp hand=5 oppHand=4(hidden) oppDeck=9 deck=5 discard=20
2026.09.28-14.45.03 PENDING panel revealed: attack A2+B0 vs D4
2026.09.28-14.45.03 ARTPREVIEW fighter=Medusa hero=1 eligible=1 visual=1 mesh=SK_Medusa_FaceNeck_v2Candidate
2026.09.28-14.45.03 FIGHTERS synced n=6 alive=5 own=1 enemy=4
2026.09.28-14.45.03 RESOLVE done seq=106 (apply) phase=COMBAT_RESOLVE
2026.09.28-14.45.03 SNAPSHOT applied seq=106 phase=COMBAT_RESOLVE
2026.09.28-14.45.03 HANDLE_APPLIED #160 seq=106 decision=1 fightersValid=1 boardValid=1
2026.09.28-14.45.03 MODE seq=106 mode=6 combat=1 pending=1
2026.09.28-14.45.03 HUD seq=106 phase=COMBAT_RESOLVE turn=opp hand=5 oppHand=4(hidden) oppDeck=9 deck=5 discard=20
2026.09.28-14.45.03 ARTPREVIEW fighter=Medusa hero=1 eligible=1 visual=1 mesh=SK_Medusa_FaceNeck_v2Candidate
2026.09.28-14.45.03 FIGHTERS synced n=6 alive=5 own=1 enemy=4
2026.09.28-14.45.03 WS seq=106 phase=COMBAT_RESOLVE (merge)
2026.09.28-14.45.03 S09AUTO drive mode=6 plan=[defend+resolve] phase=COMBAT_RESOLVE turn=cmukie55u0000wiao06h107t9
2026.09.28-14.45.03 PEND-RESOLVE sent type=MOVE stage=0 id=cmuhgvgi800p4wi9greokvfle-after-0-p0
2026.09.28-14.45.03 S09AUTO pending picked (type=MOVE stage=0)
2026.09.28-14.45.03 HUD plate content fighter=f-0-hero name=Medusa hp=16/16 team=enemy statuses=HERO  |  MELEE  |  ATTACKER
2026.09.28-14.45.03 PLATE fighter=f-0-hero bbox=(1033,777,1205,831) overlapReachable=0 placement=below ring=0 gap=6 selection=f-0-hero destinations=0 clean=1 softPx2=0 tested=110
2026.09.28-14.45.03 ICON fighter=f-1-hero bbox=(1107,483,1139,515) size=32 src=combat labelAvoid=1 hudAvoid=0
2026.09.28-14.45.03 SNAPSHOT applied seq=107 phase=ACTION_MANEUVER
2026.09.28-14.45.03 HANDLE_APPLIED #161 seq=107 decision=2 fightersValid=1 boardValid=1
2026.09.28-14.45.03 COMBAT-RESULT seq=107 damage=0 role=defended
2026.09.28-14.45.03 ARTPREVIEW combat marker fighter=Medusa attacker=0 target=0 icon=0 targetMesh=SM_Marker_TargetRing iconMode=screen
2026.09.28-14.45.03 ARTPREVIEW combat marker fighter=King Arthur attacker=0 target=0 icon=0 targetMesh=SM_Marker_TargetRing iconMode=screen
2026.09.28-14.45.03 PENDING panel revealed: attack A2+B0 vs D4
2026.09.28-14.45.03 closed mode=
2026.09.28-14.45.03 MODE seq=107 mode=0 combat=0 pending=0
2026.09.28-14.45.03 HUD seq=107 phase=ACTION_MANEUVER turn=you hand=5 oppHand=4(hidden) oppDeck=9 deck=5 discard=20
2026.09.28-14.45.03 ARTPREVIEW fighter=Medusa hero=1 eligible=1 visual=1 mesh=SK_Medusa_FaceNeck_v2Candidate
2026.09.28-14.45.03 FIGHTERS synced n=6 alive=5 own=1 enemy=4
2026.09.28-14.45.03 PEND resolve done seq=107 (apply) phase=ACTION_MANEUVER
2026.09.28-14.45.03 SNAPSHOT applied seq=107 phase=ACTION_MANEUVER
2026.09.28-14.45.03 HANDLE_APPLIED #162 seq=107 decision=1 fightersValid=1 boardValid=1
2026.09.28-14.45.03 MODE seq=107 mode=0 combat=0 pending=0
2026.09.28-14.45.03 HUD seq=107 phase=ACTION_MANEUVER turn=you hand=5 oppHand=4(hidden) oppDeck=9 deck=5 discard=20
2026.09.28-14.45.03 ARTPREVIEW fighter=Medusa hero=1 eligible=1 visual=1 mesh=SK_Medusa_FaceNeck_v2Candidate
2026.09.28-14.45.03 FIGHTERS synced n=6 alive=5 own=1 enemy=4
2026.09.28-14.45.03 WS seq=107 phase=ACTION_MANEUVER (merge)
2026.09.28-14.45.03 S09AUTO drive mode=0 plan=[defend+resolve] phase=ACTION_MANEUVER turn=cmukie57j0001wiaofr67k2vd
2026.09.28-14.45.03 S09AUTO own turn #9 (turnCount=20)
2026.09.28-14.45.03 HUD icon hidden fighter=f-1-hero
2026.09.28-14.45.03 PLATE hidden fighter=f-0-hero
2026.09.28-14.45.03 SNAPSHOT applied seq=108 phase=ACTION_MANEUVER
2026.09.28-14.45.03 HANDLE_APPLIED #163 seq=108 decision=2 fightersValid=1 boardValid=1
2026.09.28-14.45.03 MANEUVER-DRAFT mode=maneuver:20:107
2026.09.28-14.45.03 DRAFT-OPEN draw committed (resume instead of begin)
2026.09.28-14.45.03 MODE seq=108 mode=1 combat=0 pending=0
2026.09.28-14.45.03 HUD seq=108 phase=ACTION_MANEUVER turn=you hand=6 oppHand=4(hidden) oppDeck=9 deck=4 discard=20
2026.09.28-14.45.03 ARTPREVIEW fighter=Medusa hero=1 eligible=1 visual=1 mesh=SK_Medusa_FaceNeck_v2Candidate
2026.09.28-14.45.03 FIGHTERS synced n=6 alive=5 own=1 enemy=4
2026.09.28-14.45.03 MANEUVER begin seq=108 (apply) pending=maneuver:20:107
2026.09.28-14.45.03 SNAPSHOT applied seq=108 phase=ACTION_MANEUVER
2026.09.28-14.45.03 HANDLE_APPLIED #164 seq=108 decision=1 fightersValid=1 boardValid=1
2026.09.28-14.45.03 MODE seq=108 mode=1 combat=0 pending=0
2026.09.28-14.45.03 HUD seq=108 phase=ACTION_MANEUVER turn=you hand=6 oppHand=4(hidden) oppDeck=9 deck=4 discard=20
2026.09.28-14.45.03 ARTPREVIEW fighter=Medusa hero=1 eligible=1 visual=1 mesh=SK_Medusa_FaceNeck_v2Candidate
2026.09.28-14.45.03 FIGHTERS synced n=6 alive=5 own=1 enemy=4
2026.09.28-14.45.03 WS seq=108 phase=ACTION_MANEUVER (merge)
2026.09.28-14.45.03 S09AUTO drive mode=1 plan=[defend+resolve] phase=ACTION_MANEUVER turn=cmukie57j0001wiaofr67k2vd
2026.09.28-14.45.03 MANEUVER-CONFIRM moves=1 boost=none
2026.09.28-14.45.03 HUD plate content fighter=f-1-hero name=King Arthur hp=8/18 team=own statuses=HERO  |  MELEE
2026.09.28-14.45.03 PLATE fighter=f-1-hero bbox=(1197,340,1369,394) overlapReachable=0 placement=above ring=16 gap=139 selection=f-1-hero destinations=8 clean=1 softPx2=0 tested=2924
2026.09.28-14.45.03 SNAPSHOT applied seq=109 phase=ACTION_MANEUVER
2026.09.28-14.45.03 HANDLE_APPLIED #165 seq=109 decision=2 fightersValid=1 boardValid=1
2026.09.28-14.45.03 closed mode=
2026.09.28-14.45.03 MODE seq=109 mode=0 combat=0 pending=0
2026.09.28-14.45.03 HUD seq=109 phase=ACTION_MANEUVER turn=you hand=6 oppHand=4(hidden) oppDeck=9 deck=4 discard=20
2026.09.28-14.45.03 ARTPREVIEW fighter=Medusa hero=1 eligible=1 visual=1 mesh=SK_Medusa_FaceNeck_v2Candidate
2026.09.28-14.45.03 FIGHTERS synced n=6 alive=5 own=1 enemy=4
2026.09.28-14.45.03 CUE move f-1-hero (3,3)->(4,3) seq=109
2026.09.28-14.45.03 MANEUVER done seq=109 (apply) fighters=6 boost=no
2026.09.28-14.45.03 SNAPSHOT applied seq=109 phase=ACTION_MANEUVER
2026.09.28-14.45.03 HANDLE_APPLIED #166 seq=109 decision=1 fightersValid=1 boardValid=1
2026.09.28-14.45.03 MODE seq=109 mode=0 combat=0 pending=0
2026.09.28-14.45.03 HUD seq=109 phase=ACTION_MANEUVER turn=you hand=6 oppHand=4(hidden) oppDeck=9 deck=4 discard=20
2026.09.28-14.45.03 ARTPREVIEW fighter=Medusa hero=1 eligible=1 visual=1 mesh=SK_Medusa_FaceNeck_v2Candidate
2026.09.28-14.45.03 FIGHTERS synced n=6 alive=5 own=1 enemy=4
2026.09.28-14.45.03 WS seq=109 phase=ACTION_MANEUVER (merge)
2026.09.28-14.45.03 PLATE hidden fighter=f-1-hero
2026.09.28-14.45.04 S09AUTO drive mode=0 plan=[defend+resolve] phase=ACTION_MANEUVER turn=cmukie57j0001wiaofr67k2vd
2026.09.28-14.45.04 SNAPSHOT applied seq=110 phase=ACTION_MANEUVER
2026.09.28-14.45.04 HANDLE_APPLIED #167 seq=110 decision=2 fightersValid=1 boardValid=1
2026.09.28-14.45.04 MANEUVER-DRAFT mode=maneuver:20:109
2026.09.28-14.45.04 DRAFT-OPEN draw committed (resume instead of begin)
2026.09.28-14.45.04 MODE seq=110 mode=1 combat=0 pending=0
2026.09.28-14.45.04 HUD seq=110 phase=ACTION_MANEUVER turn=you hand=7 oppHand=4(hidden) oppDeck=9 deck=3 discard=20
2026.09.28-14.45.04 ARTPREVIEW fighter=Medusa hero=1 eligible=1 visual=1 mesh=SK_Medusa_FaceNeck_v2Candidate
2026.09.28-14.45.04 FIGHTERS synced n=6 alive=5 own=1 enemy=4
2026.09.28-14.45.04 MANEUVER begin seq=110 (apply) pending=maneuver:20:109
2026.09.28-14.45.04 SNAPSHOT applied seq=110 phase=ACTION_MANEUVER
2026.09.28-14.45.04 HANDLE_APPLIED #168 seq=110 decision=1 fightersValid=1 boardValid=1
2026.09.28-14.45.04 MODE seq=110 mode=1 combat=0 pending=0
2026.09.28-14.45.04 HUD seq=110 phase=ACTION_MANEUVER turn=you hand=7 oppHand=4(hidden) oppDeck=9 deck=3 discard=20
2026.09.28-14.45.04 ARTPREVIEW fighter=Medusa hero=1 eligible=1 visual=1 mesh=SK_Medusa_FaceNeck_v2Candidate
2026.09.28-14.45.04 FIGHTERS synced n=6 alive=5 own=1 enemy=4
2026.09.28-14.45.04 WS seq=110 phase=ACTION_MANEUVER (merge)
2026.09.28-14.45.04 S09AUTO drive mode=1 plan=[defend+resolve] phase=ACTION_MANEUVER turn=cmukie57j0001wiaofr67k2vd
2026.09.28-14.45.04 MANEUVER-CONFIRM moves=1 boost=none
2026.09.28-14.45.04 PLATE fighter=f-1-hero bbox=(1329,548,1501,602) overlapReachable=0 placement=right ring=0 gap=6 selection=f-1-hero destinations=5 clean=1 softPx2=0 tested=110
2026.09.28-14.45.05 SNAPSHOT applied seq=111 phase=ACTION_MANEUVER
2026.09.28-14.45.05 HANDLE_APPLIED #169 seq=111 decision=2 fightersValid=1 boardValid=1
2026.09.28-14.45.05 closed mode=
2026.09.28-14.45.05 MODE seq=111 mode=0 combat=0 pending=1
2026.09.28-14.45.05 HUD seq=111 phase=ACTION_MANEUVER turn=opp hand=7 oppHand=4(hidden) oppDeck=9 deck=3 discard=20
2026.09.28-14.45.05 ARTPREVIEW fighter=Medusa hero=1 eligible=1 visual=1 mesh=SK_Medusa_FaceNeck_v2Candidate
2026.09.28-14.45.05 FIGHTERS synced n=6 alive=5 own=1 enemy=4
2026.09.28-14.45.05 CUE move f-1-hero (4,3)->(3,3) seq=111
2026.09.28-14.45.05 MANEUVER done seq=111 (apply) fighters=6 boost=no
2026.09.28-14.45.05 SNAPSHOT applied seq=111 phase=ACTION_MANEUVER
2026.09.28-14.45.05 HANDLE_APPLIED #170 seq=111 decision=1 fightersValid=1 boardValid=1
2026.09.28-14.45.05 MODE seq=111 mode=0 combat=0 pending=1
2026.09.28-14.45.05 HUD seq=111 phase=ACTION_MANEUVER turn=opp hand=7 oppHand=4(hidden) oppDeck=9 deck=3 discard=20
2026.09.28-14.45.05 ARTPREVIEW fighter=Medusa hero=1 eligible=1 visual=1 mesh=SK_Medusa_FaceNeck_v2Candidate
2026.09.28-14.45.05 FIGHTERS synced n=6 alive=5 own=1 enemy=4
2026.09.28-14.45.05 WS seq=111 phase=ACTION_MANEUVER (merge)
2026.09.28-14.45.05 PLATE hidden fighter=f-1-hero
2026.09.28-14.45.05 SNAPSHOT applied seq=112 phase=ACTION_MANEUVER
2026.09.28-14.45.05 HANDLE_APPLIED #171 seq=112 decision=2 fightersValid=1 boardValid=1
2026.09.28-14.45.05 MODE seq=112 mode=0 combat=0 pending=0
2026.09.28-14.45.05 HUD seq=112 phase=ACTION_MANEUVER turn=opp hand=7 oppHand=4(hidden) oppDeck=9~ deck=3~ discard=20
2026.09.28-14.45.05 ARTPREVIEW fighter=Medusa hero=1 eligible=1 visual=1 mesh=SK_Medusa_FaceNeck_v2Candidate
2026.09.28-14.45.05 FIGHTERS synced n=6 alive=5 own=1 enemy=4
2026.09.28-14.45.05 ARTPREVIEW damage-number fighter=f-1-hero amount=1 seq=112 cell=(3,3)
2026.09.28-14.45.05 CUE damage f-1-hero -1 seq=112
2026.09.28-14.45.05 WS seq=112 phase=ACTION_MANEUVER (apply)
2026.09.28-14.45.05 SNAPSHOT applied seq=113 phase=COMBAT
2026.09.28-14.45.05 HANDLE_APPLIED #172 seq=113 decision=2 fightersValid=1 boardValid=1
2026.09.28-14.45.05 closed mode=
2026.09.28-14.45.05 MODE seq=113 mode=4 combat=1 pending=0
2026.09.28-14.45.05 HUD seq=113 phase=COMBAT turn=opp hand=7 oppHand=3(hidden) oppDeck=9~ deck=3~ discard=20
2026.09.28-14.45.05 ARTPREVIEW combat marker fighter=Medusa attacker=1 target=0 icon=0 targetMesh=SM_Marker_TargetRing iconMode=screen
2026.09.28-14.45.05 ARTPREVIEW combat marker fighter=King Arthur attacker=0 target=1 icon=1 targetMesh=SM_Marker_TargetRing iconMode=screen
2026.09.28-14.45.05 ARTPREVIEW fighter=Medusa hero=1 eligible=1 visual=1 mesh=SK_Medusa_FaceNeck_v2Candidate
2026.09.28-14.45.05 FIGHTERS synced n=6 alive=5 own=1 enemy=4
2026.09.28-14.45.05 WS seq=113 phase=COMBAT (apply)
2026.09.28-14.45.05 ICON fighter=f-1-hero bbox=(1107,481,1139,513) size=32 src=combat labelAvoid=1 hudAvoid=0
2026.09.28-14.45.05 game -> room=cmulcyak100hxwip412x34a7o code=<redacted> status=IN_PROGRESS
2026.09.28-14.45.06 S09AUTO drive mode=4 plan=[defend+resolve] phase=COMBAT turn=cmukie55u0000wiao06h107t9
2026.09.28-14.45.06 S09AUTO defense card picked
2026.09.28-14.45.06 DEFENSE sent
2026.09.28-14.45.06 SNAPSHOT applied seq=114 phase=COMBAT_RESOLVE
2026.09.28-14.45.06 HANDLE_APPLIED #173 seq=114 decision=2 fightersValid=1 boardValid=1
2026.09.28-14.45.06 closed mode=
2026.09.28-14.45.06 MODE seq=114 mode=5 combat=1 pending=0
2026.09.28-14.45.06 HUD seq=114 phase=COMBAT_RESOLVE turn=opp hand=6 oppHand=3(hidden) oppDeck=9~ deck=3~ discard=21
2026.09.28-14.45.06 ARTPREVIEW fighter=Medusa hero=1 eligible=1 visual=1 mesh=SK_Medusa_FaceNeck_v2Candidate
2026.09.28-14.45.06 FIGHTERS synced n=6 alive=5 own=1 enemy=4
2026.09.28-14.45.06 WS seq=114 phase=COMBAT_RESOLVE (apply)
2026.09.28-14.45.06 SNAPSHOT applied seq=114 phase=COMBAT_RESOLVE
2026.09.28-14.45.06 HANDLE_APPLIED #174 seq=114 decision=1 fightersValid=1 boardValid=1
2026.09.28-14.45.06 MODE seq=114 mode=5 combat=1 pending=0
2026.09.28-14.45.06 HUD seq=114 phase=COMBAT_RESOLVE turn=opp hand=6 oppHand=3(hidden) oppDeck=9 deck=3 discard=21
2026.09.28-14.45.06 ARTPREVIEW fighter=Medusa hero=1 eligible=1 visual=1 mesh=SK_Medusa_FaceNeck_v2Candidate
2026.09.28-14.45.06 FIGHTERS synced n=6 alive=5 own=1 enemy=4
2026.09.28-14.45.06 DEFENSE done seq=114 (merge) phase=COMBAT_RESOLVE
2026.09.28-14.45.06 S09AUTO drive mode=5 plan=[defend+resolve] phase=COMBAT_RESOLVE turn=cmukie55u0000wiao06h107t9
2026.09.28-14.45.06 S09AUTO resolve
2026.09.28-14.45.06 RESOLVE sent
2026.09.28-14.45.06 SNAPSHOT applied seq=115 phase=ACTION_MANEUVER
2026.09.28-14.45.06 HANDLE_APPLIED #175 seq=115 decision=2 fightersValid=1 boardValid=1
2026.09.28-14.45.06 COMBAT-RESULT seq=115 damage=0 role=defended
2026.09.28-14.45.06 ARTPREVIEW combat marker fighter=Medusa attacker=0 target=0 icon=0 targetMesh=SM_Marker_TargetRing iconMode=screen
2026.09.28-14.45.06 ARTPREVIEW combat marker fighter=King Arthur attacker=0 target=0 icon=0 targetMesh=SM_Marker_TargetRing iconMode=screen
2026.09.28-14.45.06 closed mode=
2026.09.28-14.45.06 MODE seq=115 mode=0 combat=0 pending=0
2026.09.28-14.45.06 HUD seq=115 phase=ACTION_MANEUVER turn=opp hand=6 oppHand=3(hidden) oppDeck=9~ deck=3~ discard=21
2026.09.28-14.45.06 ARTPREVIEW fighter=Medusa hero=1 eligible=1 visual=1 mesh=SK_Medusa_FaceNeck_v2Candidate
2026.09.28-14.45.06 FIGHTERS synced n=6 alive=5 own=1 enemy=4
2026.09.28-14.45.06 WS seq=115 phase=ACTION_MANEUVER (apply)
2026.09.28-14.45.06 HUD icon hidden fighter=f-1-hero
2026.09.28-14.45.06 SNAPSHOT applied seq=115 phase=ACTION_MANEUVER
2026.09.28-14.45.06 HANDLE_APPLIED #176 seq=115 decision=1 fightersValid=1 boardValid=1
2026.09.28-14.45.06 MODE seq=115 mode=0 combat=0 pending=0
2026.09.28-14.45.06 HUD seq=115 phase=ACTION_MANEUVER turn=opp hand=6 oppHand=3(hidden) oppDeck=9 deck=3 discard=21
2026.09.28-14.45.06 ARTPREVIEW fighter=Medusa hero=1 eligible=1 visual=1 mesh=SK_Medusa_FaceNeck_v2Candidate
2026.09.28-14.45.06 FIGHTERS synced n=6 alive=5 own=1 enemy=4
2026.09.28-14.45.06 RESOLVE done seq=115 (merge) phase=ACTION_MANEUVER
2026.09.28-14.45.06 S09AUTO drive mode=0 plan=[defend+resolve] phase=ACTION_MANEUVER turn=cmukie55u0000wiao06h107t9
2026.09.28-14.45.06 SNAPSHOT applied seq=116 phase=ACTION_MANEUVER
2026.09.28-14.45.06 HANDLE_APPLIED #177 seq=116 decision=2 fightersValid=1 boardValid=1
2026.09.28-14.45.06 MODE seq=116 mode=0 combat=0 pending=0
2026.09.28-14.45.06 HUD seq=116 phase=ACTION_MANEUVER turn=opp hand=6 oppHand=4(hidden) oppDeck=9~ deck=3~ discard=21
2026.09.28-14.45.06 ARTPREVIEW fighter=Medusa hero=1 eligible=1 visual=1 mesh=SK_Medusa_FaceNeck_v2Candidate
2026.09.28-14.45.06 FIGHTERS synced n=6 alive=5 own=1 enemy=4
2026.09.28-14.45.06 WS seq=116 phase=ACTION_MANEUVER (apply)
2026.09.28-14.45.06 SNAPSHOT applied seq=117 phase=ACTION_MANEUVER
2026.09.28-14.45.06 HANDLE_APPLIED #178 seq=117 decision=2 fightersValid=1 boardValid=1
2026.09.28-14.45.06 MODE seq=117 mode=0 combat=0 pending=0
2026.09.28-14.45.06 HUD seq=117 phase=ACTION_MANEUVER turn=you hand=6 oppHand=4(hidden) oppDeck=9~ deck=3~ discard=21
2026.09.28-14.45.06 ARTPREVIEW fighter=Medusa hero=1 eligible=1 visual=1 mesh=SK_Medusa_FaceNeck_v2Candidate
2026.09.28-14.45.06 FIGHTERS synced n=6 alive=5 own=1 enemy=4
2026.09.28-14.45.06 CUE move f-0-hero (3,4)->(4,4) seq=117
2026.09.28-14.45.06 WS seq=117 phase=ACTION_MANEUVER (apply)
2026.09.28-14.45.06 S09AUTO own turn #10 (turnCount=22)
2026.09.28-14.45.06 SNAPSHOT applied seq=118 phase=ACTION_MANEUVER
2026.09.28-14.45.06 HANDLE_APPLIED #179 seq=118 decision=2 fightersValid=1 boardValid=1
2026.09.28-14.45.06 MANEUVER-DRAFT mode=maneuver:22:117
2026.09.28-14.45.06 DRAFT-OPEN draw committed (resume instead of begin)
2026.09.28-14.45.06 MODE seq=118 mode=1 combat=0 pending=0
2026.09.28-14.45.06 HUD seq=118 phase=ACTION_MANEUVER turn=you hand=7 oppHand=4(hidden) oppDeck=9~ deck=3~ discard=21
2026.09.28-14.45.06 ARTPREVIEW fighter=Medusa hero=1 eligible=1 visual=1 mesh=SK_Medusa_FaceNeck_v2Candidate
2026.09.28-14.45.06 FIGHTERS synced n=6 alive=5 own=1 enemy=4
2026.09.28-14.45.06 WS seq=118 phase=ACTION_MANEUVER (apply)
2026.09.28-14.45.06 SNAPSHOT applied seq=118 phase=ACTION_MANEUVER
2026.09.28-14.45.06 HANDLE_APPLIED #180 seq=118 decision=1 fightersValid=1 boardValid=1
2026.09.28-14.45.06 MODE seq=118 mode=1 combat=0 pending=0
2026.09.28-14.45.06 HUD seq=118 phase=ACTION_MANEUVER turn=you hand=7 oppHand=4(hidden) oppDeck=8 deck=2 discard=21
2026.09.28-14.45.06 ARTPREVIEW fighter=Medusa hero=1 eligible=1 visual=1 mesh=SK_Medusa_FaceNeck_v2Candidate
2026.09.28-14.45.06 FIGHTERS synced n=6 alive=5 own=1 enemy=4
2026.09.28-14.45.06 MANEUVER begin seq=118 (merge) pending=maneuver:22:117
2026.09.28-14.45.06 S09AUTO drive mode=1 plan=[defend+resolve] phase=ACTION_MANEUVER turn=cmukie57j0001wiaofr67k2vd
2026.09.28-14.45.06 MANEUVER-CONFIRM moves=1 boost=none
2026.09.28-14.45.06 HUD plate content fighter=f-1-hero name=King Arthur hp=7/18 team=own statuses=HERO  |  MELEE
2026.09.28-14.45.06 PLATE fighter=f-1-hero bbox=(1197,340,1369,394) overlapReachable=0 placement=above ring=16 gap=139 selection=f-1-hero destinations=9 clean=1 softPx2=0 tested=2924
2026.09.28-14.45.06 SNAPSHOT applied seq=119 phase=ACTION_MANEUVER
2026.09.28-14.45.06 HANDLE_APPLIED #181 seq=119 decision=2 fightersValid=1 boardValid=1
2026.09.28-14.45.06 closed mode=
2026.09.28-14.45.06 MODE seq=119 mode=0 combat=0 pending=0
2026.09.28-14.45.06 HUD seq=119 phase=ACTION_MANEUVER turn=you hand=7 oppHand=4(hidden) oppDeck=8 deck=2 discard=21
2026.09.28-14.45.06 ARTPREVIEW fighter=Medusa hero=1 eligible=1 visual=1 mesh=SK_Medusa_FaceNeck_v2Candidate
2026.09.28-14.45.06 FIGHTERS synced n=6 alive=5 own=1 enemy=4
2026.09.28-14.45.06 CUE move f-1-hero (3,3)->(4,3) seq=119
2026.09.28-14.45.06 MANEUVER done seq=119 (apply) fighters=6 boost=no
2026.09.28-14.45.06 SNAPSHOT applied seq=119 phase=ACTION_MANEUVER
2026.09.28-14.45.06 HANDLE_APPLIED #182 seq=119 decision=1 fightersValid=1 boardValid=1
2026.09.28-14.45.06 MODE seq=119 mode=0 combat=0 pending=0
2026.09.28-14.45.06 HUD seq=119 phase=ACTION_MANEUVER turn=you hand=7 oppHand=4(hidden) oppDeck=8 deck=2 discard=21
2026.09.28-14.45.06 ARTPREVIEW fighter=Medusa hero=1 eligible=1 visual=1 mesh=SK_Medusa_FaceNeck_v2Candidate
2026.09.28-14.45.06 FIGHTERS synced n=6 alive=5 own=1 enemy=4
2026.09.28-14.45.06 WS seq=119 phase=ACTION_MANEUVER (merge)
2026.09.28-14.45.06 PLATE hidden fighter=f-1-hero
2026.09.28-14.45.08 S09AUTO drive mode=0 plan=[defend+resolve] phase=ACTION_MANEUVER turn=cmukie57j0001wiaofr67k2vd
2026.09.28-14.45.08 SNAPSHOT applied seq=120 phase=ACTION_MANEUVER
2026.09.28-14.45.08 HANDLE_APPLIED #183 seq=120 decision=2 fightersValid=1 boardValid=1
2026.09.28-14.45.08 MANEUVER-DRAFT mode=maneuver:22:119
2026.09.28-14.45.08 DRAFT-OPEN draw committed (resume instead of begin)
2026.09.28-14.45.08 MODE seq=120 mode=1 combat=0 pending=0
2026.09.28-14.45.08 HUD seq=120 phase=ACTION_MANEUVER turn=you hand=8 oppHand=4(hidden) oppDeck=8 deck=1 discard=21
2026.09.28-14.45.08 ARTPREVIEW fighter=Medusa hero=1 eligible=1 visual=1 mesh=SK_Medusa_FaceNeck_v2Candidate
2026.09.28-14.45.08 FIGHTERS synced n=6 alive=5 own=1 enemy=4
2026.09.28-14.45.08 MANEUVER begin seq=120 (apply) pending=maneuver:22:119
2026.09.28-14.45.08 SNAPSHOT applied seq=120 phase=ACTION_MANEUVER
2026.09.28-14.45.08 HANDLE_APPLIED #184 seq=120 decision=1 fightersValid=1 boardValid=1
2026.09.28-14.45.08 MODE seq=120 mode=1 combat=0 pending=0
2026.09.28-14.45.08 HUD seq=120 phase=ACTION_MANEUVER turn=you hand=8 oppHand=4(hidden) oppDeck=8 deck=1 discard=21
2026.09.28-14.45.08 ARTPREVIEW fighter=Medusa hero=1 eligible=1 visual=1 mesh=SK_Medusa_FaceNeck_v2Candidate
2026.09.28-14.45.08 FIGHTERS synced n=6 alive=5 own=1 enemy=4
2026.09.28-14.45.08 WS seq=120 phase=ACTION_MANEUVER (merge)
2026.09.28-14.45.08 S09AUTO drive mode=1 plan=[defend+resolve] phase=ACTION_MANEUVER turn=cmukie57j0001wiaofr67k2vd
2026.09.28-14.45.08 MANEUVER-CONFIRM moves=1 boost=none
2026.09.28-14.45.08 PLATE fighter=f-1-hero bbox=(1329,548,1501,602) overlapReachable=0 placement=right ring=0 gap=6 selection=f-1-hero destinations=4 clean=1 softPx2=0 tested=110
2026.09.28-14.45.08 SNAPSHOT applied seq=121 phase=TURN_END
2026.09.28-14.45.08 HANDLE_APPLIED #185 seq=121 decision=2 fightersValid=1 boardValid=1
2026.09.28-14.45.08 DISCARD-DRAFT count=1 pending=discard:22:121
2026.09.28-14.45.08 MODE seq=121 mode=2 combat=0 pending=0
2026.09.28-14.45.08 HUD seq=121 phase=TURN_END turn=you hand=8 oppHand=4(hidden) oppDeck=8 deck=1 discard=21 pendingDiscard=1
2026.09.28-14.45.08 ARTPREVIEW fighter=Medusa hero=1 eligible=1 visual=1 mesh=SK_Medusa_FaceNeck_v2Candidate
2026.09.28-14.45.08 FIGHTERS synced n=6 alive=5 own=1 enemy=4
2026.09.28-14.45.08 CUE move f-1-hero (4,3)->(3,3) seq=121
2026.09.28-14.45.08 MANEUVER done seq=121 (apply) fighters=6 boost=no
2026.09.28-14.45.08 SNAPSHOT applied seq=121 phase=TURN_END
2026.09.28-14.45.08 HANDLE_APPLIED #186 seq=121 decision=1 fightersValid=1 boardValid=1
2026.09.28-14.45.08 MODE seq=121 mode=2 combat=0 pending=0
2026.09.28-14.45.08 HUD seq=121 phase=TURN_END turn=you hand=8 oppHand=4(hidden) oppDeck=8 deck=1 discard=21 pendingDiscard=1
2026.09.28-14.45.08 ARTPREVIEW fighter=Medusa hero=1 eligible=1 visual=1 mesh=SK_Medusa_FaceNeck_v2Candidate
2026.09.28-14.45.08 FIGHTERS synced n=6 alive=5 own=1 enemy=4
2026.09.28-14.45.08 WS seq=121 phase=TURN_END (merge)
2026.09.28-14.45.08 PLATE hidden fighter=f-1-hero
2026.09.28-14.45.08 game -> room=cmulcyak100hxwip412x34a7o code=<redacted> status=IN_PROGRESS
2026.09.28-14.45.09 S09AUTO drive mode=2 plan=[defend+resolve] phase=TURN_END turn=cmukie57j0001wiaofr67k2vd
2026.09.28-14.45.09 S09AUTO discard picks=1
2026.09.28-14.45.09 DISCARD-CONFIRM pending=discard:22:121 count=1 ids=cmuhgvgi000omwi9gbn3wr8kb::0
2026.09.28-14.45.09 SNAPSHOT applied seq=122 phase=ACTION_MANEUVER
2026.09.28-14.45.09 HANDLE_APPLIED #187 seq=122 decision=2 fightersValid=1 boardValid=1
2026.09.28-14.45.09 closed mode=
2026.09.28-14.45.09 MODE seq=122 mode=0 combat=0 pending=1
2026.09.28-14.45.09 HUD seq=122 phase=ACTION_MANEUVER turn=opp hand=7 oppHand=4(hidden) oppDeck=8~ deck=1~ discard=22
2026.09.28-14.45.09 ARTPREVIEW fighter=Medusa hero=1 eligible=1 visual=1 mesh=SK_Medusa_FaceNeck_v2Candidate
2026.09.28-14.45.09 FIGHTERS synced n=6 alive=5 own=1 enemy=4
2026.09.28-14.45.09 WS seq=122 phase=ACTION_MANEUVER (apply)
2026.09.28-14.45.09 SNAPSHOT applied seq=122 phase=ACTION_MANEUVER
2026.09.28-14.45.09 HANDLE_APPLIED #188 seq=122 decision=1 fightersValid=1 boardValid=1
2026.09.28-14.45.09 MODE seq=122 mode=0 combat=0 pending=1
2026.09.28-14.45.09 HUD seq=122 phase=ACTION_MANEUVER turn=opp hand=7 oppHand=4(hidden) oppDeck=8 deck=1 discard=22
2026.09.28-14.45.09 ARTPREVIEW fighter=Medusa hero=1 eligible=1 visual=1 mesh=SK_Medusa_FaceNeck_v2Candidate
2026.09.28-14.45.09 FIGHTERS synced n=6 alive=5 own=1 enemy=4
2026.09.28-14.45.09 DISCARD done seq=122 phase=ACTION_MANEUVER count=1
2026.09.28-14.45.09 SNAPSHOT applied seq=123 phase=ACTION_MANEUVER
2026.09.28-14.45.09 HANDLE_APPLIED #189 seq=123 decision=2 fightersValid=1 boardValid=1
2026.09.28-14.45.09 MODE seq=123 mode=0 combat=0 pending=0
2026.09.28-14.45.09 HUD seq=123 phase=ACTION_MANEUVER turn=opp hand=7 oppHand=4(hidden) oppDeck=8~ deck=1~ discard=22
2026.09.28-14.45.09 ARTPREVIEW fighter=Medusa hero=1 eligible=1 visual=1 mesh=SK_Medusa_FaceNeck_v2Candidate
2026.09.28-14.45.09 FIGHTERS synced n=6 alive=5 own=1 enemy=4
2026.09.28-14.45.09 ARTPREVIEW damage-number fighter=f-1-hero amount=1 seq=123 cell=(3,3)
2026.09.28-14.45.09 CUE damage f-1-hero -1 seq=123
2026.09.28-14.45.09 WS seq=123 phase=ACTION_MANEUVER (apply)
2026.09.28-14.45.09 SNAPSHOT applied seq=124 phase=ACTION_MANEUVER
2026.09.28-14.45.09 HANDLE_APPLIED #190 seq=124 decision=2 fightersValid=1 boardValid=1
2026.09.28-14.45.09 MODE seq=124 mode=0 combat=0 pending=0
2026.09.28-14.45.09 HUD seq=124 phase=ACTION_MANEUVER turn=opp hand=7 oppHand=5(hidden) oppDeck=8~ deck=1~ discard=22
2026.09.28-14.45.09 ARTPREVIEW fighter=Medusa hero=1 eligible=1 visual=1 mesh=SK_Medusa_FaceNeck_v2Candidate
2026.09.28-14.45.09 FIGHTERS synced n=6 alive=5 own=1 enemy=4
2026.09.28-14.45.09 WS seq=124 phase=ACTION_MANEUVER (apply)
2026.09.28-14.45.09 SNAPSHOT applied seq=125 phase=ACTION_MANEUVER
2026.09.28-14.45.09 HANDLE_APPLIED #191 seq=125 decision=2 fightersValid=1 boardValid=1
2026.09.28-14.45.09 MODE seq=125 mode=0 combat=0 pending=0
2026.09.28-14.45.09 HUD seq=125 phase=ACTION_MANEUVER turn=opp hand=7 oppHand=5(hidden) oppDeck=8~ deck=1~ discard=22
2026.09.28-14.45.09 ARTPREVIEW fighter=Medusa hero=1 eligible=1 visual=1 mesh=SK_Medusa_FaceNeck_v2Candidate
2026.09.28-14.45.09 FIGHTERS synced n=6 alive=5 own=1 enemy=4
2026.09.28-14.45.09 CUE move f-0-hero (4,4)->(3,4) seq=125
2026.09.28-14.45.09 WS seq=125 phase=ACTION_MANEUVER (apply)
2026.09.28-14.45.10 S09AUTO drive mode=0 plan=[defend+resolve] phase=ACTION_MANEUVER turn=cmukie55u0000wiao06h107t9
2026.09.28-14.45.10 SNAPSHOT applied seq=126 phase=COMBAT
2026.09.28-14.45.10 HANDLE_APPLIED #192 seq=126 decision=2 fightersValid=1 boardValid=1
2026.09.28-14.45.10 closed mode=
2026.09.28-14.45.10 MODE seq=126 mode=4 combat=1 pending=0
2026.09.28-14.45.10 HUD seq=126 phase=COMBAT turn=opp hand=7 oppHand=4(hidden) oppDeck=8~ deck=1~ discard=22
2026.09.28-14.45.10 ARTPREVIEW combat marker fighter=Medusa attacker=1 target=0 icon=0 targetMesh=SM_Marker_TargetRing iconMode=screen
2026.09.28-14.45.10 ARTPREVIEW combat marker fighter=King Arthur attacker=0 target=1 icon=1 targetMesh=SM_Marker_TargetRing iconMode=screen
2026.09.28-14.45.10 ARTPREVIEW fighter=Medusa hero=1 eligible=1 visual=1 mesh=SK_Medusa_FaceNeck_v2Candidate
2026.09.28-14.45.10 FIGHTERS synced n=6 alive=5 own=1 enemy=4
2026.09.28-14.45.10 WS seq=126 phase=COMBAT (apply)
2026.09.28-14.45.11 S09AUTO drive mode=4 plan=[defend+resolve] phase=COMBAT turn=cmukie55u0000wiao06h107t9
2026.09.28-14.45.11 S09AUTO defense card picked
2026.09.28-14.45.11 DEFENSE sent
2026.09.28-14.45.11 ICON fighter=f-1-hero bbox=(1107,481,1139,513) size=32 src=combat labelAvoid=1 hudAvoid=0
2026.09.28-14.45.11 SNAPSHOT applied seq=127 phase=COMBAT_RESOLVE
2026.09.28-14.45.11 HANDLE_APPLIED #193 seq=127 decision=2 fightersValid=1 boardValid=1
2026.09.28-14.45.11 closed mode=
2026.09.28-14.45.11 MODE seq=127 mode=5 combat=1 pending=0
2026.09.28-14.45.11 HUD seq=127 phase=COMBAT_RESOLVE turn=opp hand=6 oppHand=4(hidden) oppDeck=7 deck=1 discard=23
2026.09.28-14.45.11 ARTPREVIEW fighter=Medusa hero=1 eligible=1 visual=1 mesh=SK_Medusa_FaceNeck_v2Candidate
2026.09.28-14.45.11 FIGHTERS synced n=6 alive=5 own=1 enemy=4
2026.09.28-14.45.11 DEFENSE done seq=127 (apply) phase=COMBAT_RESOLVE
2026.09.28-14.45.11 SNAPSHOT applied seq=127 phase=COMBAT_RESOLVE
2026.09.28-14.45.11 HANDLE_APPLIED #194 seq=127 decision=1 fightersValid=1 boardValid=1
2026.09.28-14.45.11 MODE seq=127 mode=5 combat=1 pending=0
2026.09.28-14.45.11 HUD seq=127 phase=COMBAT_RESOLVE turn=opp hand=6 oppHand=4(hidden) oppDeck=7 deck=1 discard=23
2026.09.28-14.45.11 ARTPREVIEW fighter=Medusa hero=1 eligible=1 visual=1 mesh=SK_Medusa_FaceNeck_v2Candidate
2026.09.28-14.45.11 FIGHTERS synced n=6 alive=5 own=1 enemy=4
2026.09.28-14.45.11 WS seq=127 phase=COMBAT_RESOLVE (merge)
2026.09.28-14.45.11 S09AUTO drive mode=5 plan=[defend+resolve] phase=COMBAT_RESOLVE turn=cmukie55u0000wiao06h107t9
2026.09.28-14.45.11 S09AUTO resolve
2026.09.28-14.45.11 RESOLVE sent
2026.09.28-14.45.11 SNAPSHOT applied seq=128 phase=COMBAT_RESOLVE
2026.09.28-14.45.11 HANDLE_APPLIED #195 seq=128 decision=2 fightersValid=1 boardValid=1
2026.09.28-14.45.11 MODE seq=128 mode=5 combat=1 pending=1
2026.09.28-14.45.11 HUD seq=128 phase=COMBAT_RESOLVE turn=opp hand=6 oppHand=4(hidden) oppDeck=7 deck=1 discard=23
2026.09.28-14.45.11 RESOLVE panel revealed: A3+B0 vs D3
2026.09.28-14.45.11 RESOLVE panel blocked by pending (type=MOVE id=cmuhgvgko00t6wi9gliac8gv6-after-0-p0)
2026.09.28-14.45.11 ARTPREVIEW fighter=Medusa hero=1 eligible=1 visual=1 mesh=SK_Medusa_FaceNeck_v2Candidate
2026.09.28-14.45.11 FIGHTERS synced n=6 alive=5 own=1 enemy=4
2026.09.28-14.45.11 RESOLVE done seq=128 (apply) phase=COMBAT_RESOLVE
2026.09.28-14.45.11 SNAPSHOT applied seq=128 phase=COMBAT_RESOLVE
2026.09.28-14.45.11 HANDLE_APPLIED #196 seq=128 decision=1 fightersValid=1 boardValid=1
2026.09.28-14.45.11 MODE seq=128 mode=5 combat=1 pending=1
2026.09.28-14.45.11 HUD seq=128 phase=COMBAT_RESOLVE turn=opp hand=6 oppHand=4(hidden) oppDeck=7 deck=1 discard=23
2026.09.28-14.45.11 ARTPREVIEW fighter=Medusa hero=1 eligible=1 visual=1 mesh=SK_Medusa_FaceNeck_v2Candidate
2026.09.28-14.45.11 FIGHTERS synced n=6 alive=5 own=1 enemy=4
2026.09.28-14.45.11 WS seq=128 phase=COMBAT_RESOLVE (merge)
2026.09.28-14.45.11 S09AUTO resolve-blocked shot (type=MOVE)
2026.09.28-14.45.11 SHOT ctx viewport=1920x1080 viewTarget=CameraActor_2147482371 cam=(0,1107,1582) rot=(-55,-90,0)
2026.09.28-14.45.11 SHOT fighter f-0-hero pos=(3,4) world=(100,150,0) screen=(1125,743) projected=1 alive=1
2026.09.28-14.45.11 SHOT fighter f-0-sk0 pos=(4,2) world=(200,-50,0) screen=(1271,476) projected=1 alive=1
2026.09.28-14.45.11 SHOT fighter f-0-sk1 pos=(2,1) world=(0,-150,0) screen=(960,355) projected=1 alive=1
2026.09.28-14.45.11 SHOT fighter f-0-sk2 pos=(1,2) world=(-100,-50,0) screen=(805,476) projected=1 alive=1
2026.09.28-14.45.11 SHOT fighter f-1-hero pos=(3,3) world=(100,50,0) screen=(1120,606) projected=1 alive=1
2026.09.28-14.45.11 SHOT fighter f-1-sk0 pos=(4,3) world=(200,50,0) screen=(1280,606) projected=1 alive=0
2026.09.28-14.45.11 SHOT camera dist=1930.8 target=1930.8 overview=1930.8 errPct=0.000 focusErr=0.00 settled=1 zoom=1.00
2026.09.28-14.45.11 SHOT head fighter=f-0-hero socket=Head mesh=SK_Medusa_FaceNeck_v2Candidate world=(100.0,146.0,38.5) screen=(1127.7,703.5) top=(1128.2,698.2) bottom=(1127.3,708.9) headPx=10.7 projected=1
2026.09.28-14.45.11 SHOT icon fighter=f-1-hero bbox=(1107,481,1139,513) size=32 src=combat planned=(1107,481,1139,513) geom=painted
2026.09.28-14.45.11 SHOT label fighter=f-0-hero mode=full bbox=(1084,653,1179,685)
2026.09.28-14.45.11 SHOT label fighter=f-0-sk0 mode=full bbox=(1230,399,1329,428)
2026.09.28-14.45.11 SHOT label fighter=f-0-sk1 mode=full bbox=(914,276,1006,305)
2026.09.28-14.45.11 SHOT label fighter=f-0-sk2 mode=full bbox=(751,399,848,428)
2026.09.28-14.45.11 SHOT label fighter=f-1-hero mode=full bbox=(1078,517,1174,545)
2026.09.28-14.45.11 SHOT requested: FScreenshotRequest(bShowUI) -> C:\Users\ren\AppData\Local\Temp\s09-combat-20260928-194340-47580\joiner/s09-resolve-blocked-MOVE.png
2026.09.28-14.45.11 SNAPSHOT applied seq=129 phase=ACTION_MANEUVER
2026.09.28-14.45.11 HANDLE_APPLIED #197 seq=129 decision=2 fightersValid=1 boardValid=1
2026.09.28-14.45.11 COMBAT-RESULT seq=129 damage=0 role=defended
2026.09.28-14.45.11 ARTPREVIEW combat marker fighter=Medusa attacker=0 target=0 icon=0 targetMesh=SM_Marker_TargetRing iconMode=screen
2026.09.28-14.45.11 ARTPREVIEW combat marker fighter=King Arthur attacker=0 target=0 icon=0 targetMesh=SM_Marker_TargetRing iconMode=screen
2026.09.28-14.45.11 RESOLVE panel revealed: A3+B0 vs D3
2026.09.28-14.45.11 closed mode=
2026.09.28-14.45.11 MODE seq=129 mode=0 combat=0 pending=0
2026.09.28-14.45.11 HUD seq=129 phase=ACTION_MANEUVER turn=you hand=6 oppHand=4(hidden) oppDeck=7~ deck=1~ discard=23
2026.09.28-14.45.11 ARTPREVIEW fighter=Medusa hero=1 eligible=1 visual=1 mesh=SK_Medusa_FaceNeck_v2Candidate
2026.09.28-14.45.11 FIGHTERS synced n=6 alive=5 own=1 enemy=4
2026.09.28-14.45.11 WS seq=129 phase=ACTION_MANEUVER (apply)
2026.09.28-14.45.11 S09AUTO drive mode=0 plan=[defend+resolve] phase=ACTION_MANEUVER turn=cmukie57j0001wiaofr67k2vd
2026.09.28-14.45.11 S09AUTO own turn #11 (turnCount=24)
2026.09.28-14.45.11 HUD icon hidden fighter=f-1-hero
2026.09.28-14.45.11 SNAPSHOT applied seq=130 phase=ACTION_MANEUVER
2026.09.28-14.45.11 HANDLE_APPLIED #198 seq=130 decision=2 fightersValid=1 boardValid=1
2026.09.28-14.45.11 MANEUVER-DRAFT mode=maneuver:24:129
2026.09.28-14.45.11 DRAFT-OPEN draw committed (resume instead of begin)
2026.09.28-14.45.11 MODE seq=130 mode=1 combat=0 pending=0
2026.09.28-14.45.11 HUD seq=130 phase=ACTION_MANEUVER turn=you hand=7 oppHand=4(hidden) oppDeck=7 deck=0 discard=23
2026.09.28-14.45.11 ARTPREVIEW fighter=Medusa hero=1 eligible=1 visual=1 mesh=SK_Medusa_FaceNeck_v2Candidate
2026.09.28-14.45.11 FIGHTERS synced n=6 alive=5 own=1 enemy=4
2026.09.28-14.45.11 MANEUVER begin seq=130 (apply) pending=maneuver:24:129
2026.09.28-14.45.11 SNAPSHOT applied seq=130 phase=ACTION_MANEUVER
2026.09.28-14.45.11 HANDLE_APPLIED #199 seq=130 decision=1 fightersValid=1 boardValid=1
2026.09.28-14.45.11 MODE seq=130 mode=1 combat=0 pending=0
2026.09.28-14.45.11 HUD seq=130 phase=ACTION_MANEUVER turn=you hand=7 oppHand=4(hidden) oppDeck=7 deck=0 discard=23
2026.09.28-14.45.11 ARTPREVIEW fighter=Medusa hero=1 eligible=1 visual=1 mesh=SK_Medusa_FaceNeck_v2Candidate
2026.09.28-14.45.11 FIGHTERS synced n=6 alive=5 own=1 enemy=4
2026.09.28-14.45.11 WS seq=130 phase=ACTION_MANEUVER (merge)
2026.09.28-14.45.11 S09AUTO drive mode=1 plan=[defend+resolve] phase=ACTION_MANEUVER turn=cmukie57j0001wiaofr67k2vd
2026.09.28-14.45.11 MANEUVER-CONFIRM moves=1 boost=none
2026.09.28-14.45.11 HUD plate content fighter=f-1-hero name=King Arthur hp=6/18 team=own statuses=HERO  |  MELEE
2026.09.28-14.45.11 PLATE fighter=f-1-hero bbox=(1197,340,1369,394) overlapReachable=0 placement=above ring=16 gap=139 selection=f-1-hero destinations=8 clean=1 softPx2=0 tested=2924
2026.09.28-14.45.11 game -> room=cmulcyak100hxwip412x34a7o code=<redacted> status=IN_PROGRESS
2026.09.28-14.45.11 SNAPSHOT applied seq=131 phase=ACTION_MANEUVER
2026.09.28-14.45.11 HANDLE_APPLIED #200 seq=131 decision=2 fightersValid=1 boardValid=1
2026.09.28-14.45.11 closed mode=
2026.09.28-14.45.11 MODE seq=131 mode=0 combat=0 pending=0
2026.09.28-14.45.11 HUD seq=131 phase=ACTION_MANEUVER turn=you hand=7 oppHand=4(hidden) oppDeck=7~ deck=0~ discard=23
2026.09.28-14.45.11 ARTPREVIEW fighter=Medusa hero=1 eligible=1 visual=1 mesh=SK_Medusa_FaceNeck_v2Candidate
2026.09.28-14.45.11 FIGHTERS synced n=6 alive=5 own=1 enemy=4
2026.09.28-14.45.11 CUE move f-1-hero (3,3)->(4,3) seq=131
2026.09.28-14.45.11 WS seq=131 phase=ACTION_MANEUVER (apply)
2026.09.28-14.45.11 PLATE hidden fighter=f-1-hero
2026.09.28-14.45.11 SNAPSHOT applied seq=131 phase=ACTION_MANEUVER
2026.09.28-14.45.11 HANDLE_APPLIED #201 seq=131 decision=1 fightersValid=1 boardValid=1
2026.09.28-14.45.11 MODE seq=131 mode=0 combat=0 pending=0
2026.09.28-14.45.11 HUD seq=131 phase=ACTION_MANEUVER turn=you hand=7 oppHand=4(hidden) oppDeck=7 deck=0 discard=23
2026.09.28-14.45.11 ARTPREVIEW fighter=Medusa hero=1 eligible=1 visual=1 mesh=SK_Medusa_FaceNeck_v2Candidate
2026.09.28-14.45.11 FIGHTERS synced n=6 alive=5 own=1 enemy=4
2026.09.28-14.45.11 MANEUVER done seq=131 (merge) fighters=6 boost=no
2026.09.28-14.45.12 S09AUTO drive mode=0 plan=[defend+resolve] phase=ACTION_MANEUVER turn=cmukie57j0001wiaofr67k2vd
2026.09.28-14.45.13 SNAPSHOT applied seq=132 phase=ACTION_MANEUVER
2026.09.28-14.45.13 HANDLE_APPLIED #202 seq=132 decision=2 fightersValid=1 boardValid=1
2026.09.28-14.45.13 MANEUVER-DRAFT mode=maneuver:24:131
2026.09.28-14.45.13 DRAFT-OPEN draw committed (resume instead of begin)
2026.09.28-14.45.13 MODE seq=132 mode=1 combat=0 pending=0
2026.09.28-14.45.13 HUD seq=132 phase=ACTION_MANEUVER turn=you hand=7 oppHand=4(hidden) oppDeck=7 deck=0 discard=23
2026.09.28-14.45.13 ARTPREVIEW fighter=Medusa hero=1 eligible=1 visual=1 mesh=SK_Medusa_FaceNeck_v2Candidate
2026.09.28-14.45.13 FIGHTERS synced n=6 alive=5 own=1 enemy=4
2026.09.28-14.45.13 ARTPREVIEW damage-number fighter=f-1-hero amount=2 seq=132 cell=(4,3)
2026.09.28-14.45.13 CUE damage f-1-hero -2 seq=132
2026.09.28-14.45.13 MANEUVER begin seq=132 (apply) pending=maneuver:24:131
2026.09.28-14.45.13 SNAPSHOT applied seq=132 phase=ACTION_MANEUVER
2026.09.28-14.45.13 HANDLE_APPLIED #203 seq=132 decision=1 fightersValid=1 boardValid=1
2026.09.28-14.45.13 MODE seq=132 mode=1 combat=0 pending=0
2026.09.28-14.45.13 HUD seq=132 phase=ACTION_MANEUVER turn=you hand=7 oppHand=4(hidden) oppDeck=7 deck=0 discard=23
2026.09.28-14.45.13 ARTPREVIEW fighter=Medusa hero=1 eligible=1 visual=1 mesh=SK_Medusa_FaceNeck_v2Candidate
2026.09.28-14.45.13 FIGHTERS synced n=6 alive=5 own=1 enemy=4
2026.09.28-14.45.13 WS seq=132 phase=ACTION_MANEUVER (merge)
2026.09.28-14.45.13 S09AUTO drive mode=1 plan=[defend+resolve] phase=ACTION_MANEUVER turn=cmukie57j0001wiaofr67k2vd
2026.09.28-14.45.13 MANEUVER-CONFIRM moves=1 boost=none
2026.09.28-14.45.13 HUD plate content fighter=f-1-hero name=King Arthur hp=4/18 team=own statuses=HERO  |  MELEE
2026.09.28-14.45.13 PLATE fighter=f-1-hero bbox=(1329,548,1501,602) overlapReachable=0 placement=right ring=0 gap=6 selection=f-1-hero destinations=5 clean=1 softPx2=0 tested=110
2026.09.28-14.45.13 SNAPSHOT applied seq=133 phase=ACTION_MANEUVER
2026.09.28-14.45.13 HANDLE_APPLIED #204 seq=133 decision=2 fightersValid=1 boardValid=1
2026.09.28-14.45.13 closed mode=
2026.09.28-14.45.13 MODE seq=133 mode=0 combat=0 pending=1
2026.09.28-14.45.13 HUD seq=133 phase=ACTION_MANEUVER turn=opp hand=7 oppHand=4(hidden) oppDeck=7 deck=0 discard=23
2026.09.28-14.45.13 ARTPREVIEW fighter=Medusa hero=1 eligible=1 visual=1 mesh=SK_Medusa_FaceNeck_v2Candidate
2026.09.28-14.45.13 FIGHTERS synced n=6 alive=5 own=1 enemy=4
2026.09.28-14.45.13 CUE move f-1-hero (4,3)->(3,3) seq=133
2026.09.28-14.45.13 MANEUVER done seq=133 (apply) fighters=6 boost=no
2026.09.28-14.45.13 SNAPSHOT applied seq=133 phase=ACTION_MANEUVER
2026.09.28-14.45.13 HANDLE_APPLIED #205 seq=133 decision=1 fightersValid=1 boardValid=1
2026.09.28-14.45.13 MODE seq=133 mode=0 combat=0 pending=1
2026.09.28-14.45.13 HUD seq=133 phase=ACTION_MANEUVER turn=opp hand=7 oppHand=4(hidden) oppDeck=7 deck=0 discard=23
2026.09.28-14.45.13 ARTPREVIEW fighter=Medusa hero=1 eligible=1 visual=1 mesh=SK_Medusa_FaceNeck_v2Candidate
2026.09.28-14.45.13 FIGHTERS synced n=6 alive=5 own=1 enemy=4
2026.09.28-14.45.13 WS seq=133 phase=ACTION_MANEUVER (merge)
2026.09.28-14.45.13 PLATE hidden fighter=f-1-hero
2026.09.28-14.45.13 SNAPSHOT applied seq=134 phase=ACTION_MANEUVER
2026.09.28-14.45.13 HANDLE_APPLIED #206 seq=134 decision=2 fightersValid=1 boardValid=1
2026.09.28-14.45.13 MODE seq=134 mode=0 combat=0 pending=0
2026.09.28-14.45.13 HUD seq=134 phase=ACTION_MANEUVER turn=opp hand=7 oppHand=4(hidden) oppDeck=7~ deck=0~ discard=23
2026.09.28-14.45.13 ARTPREVIEW fighter=Medusa hero=1 eligible=1 visual=1 mesh=SK_Medusa_FaceNeck_v2Candidate
2026.09.28-14.45.13 FIGHTERS synced n=6 alive=5 own=1 enemy=4
2026.09.28-14.45.13 ARTPREVIEW damage-number fighter=f-1-hero amount=1 seq=134 cell=(3,3)
2026.09.28-14.45.13 CUE damage f-1-hero -1 seq=134
2026.09.28-14.45.13 WS seq=134 phase=ACTION_MANEUVER (apply)
2026.09.28-14.45.13 SNAPSHOT applied seq=135 phase=ACTION_MANEUVER
2026.09.28-14.45.13 HANDLE_APPLIED #207 seq=135 decision=2 fightersValid=1 boardValid=1
2026.09.28-14.45.13 MODE seq=135 mode=0 combat=0 pending=0
2026.09.28-14.45.13 HUD seq=135 phase=ACTION_MANEUVER turn=opp hand=7 oppHand=5(hidden) oppDeck=7~ deck=0~ discard=23
2026.09.28-14.45.13 ARTPREVIEW fighter=Medusa hero=1 eligible=1 visual=1 mesh=SK_Medusa_FaceNeck_v2Candidate
2026.09.28-14.45.13 FIGHTERS synced n=6 alive=5 own=1 enemy=4
2026.09.28-14.45.13 WS seq=135 phase=ACTION_MANEUVER (apply)
2026.09.28-14.45.13 SNAPSHOT applied seq=136 phase=ACTION_MANEUVER
2026.09.28-14.45.13 HANDLE_APPLIED #208 seq=136 decision=2 fightersValid=1 boardValid=1
2026.09.28-14.45.13 MODE seq=136 mode=0 combat=0 pending=0
2026.09.28-14.45.13 HUD seq=136 phase=ACTION_MANEUVER turn=opp hand=7 oppHand=5(hidden) oppDeck=7~ deck=0~ discard=23
2026.09.28-14.45.13 ARTPREVIEW fighter=Medusa hero=1 eligible=1 visual=1 mesh=SK_Medusa_FaceNeck_v2Candidate
2026.09.28-14.45.13 FIGHTERS synced n=6 alive=5 own=1 enemy=4
2026.09.28-14.45.13 CUE move f-0-hero (3,4)->(4,4) seq=136
2026.09.28-14.45.13 WS seq=136 phase=ACTION_MANEUVER (apply)
2026.09.28-14.45.14 S09AUTO drive mode=0 plan=[defend+resolve] phase=ACTION_MANEUVER turn=cmukie55u0000wiao06h107t9
2026.09.28-14.45.14 SNAPSHOT applied seq=137 phase=ACTION_MANEUVER
2026.09.28-14.45.14 HANDLE_APPLIED #209 seq=137 decision=2 fightersValid=1 boardValid=1
2026.09.28-14.45.14 MODE seq=137 mode=0 combat=0 pending=0
2026.09.28-14.45.14 HUD seq=137 phase=ACTION_MANEUVER turn=opp hand=7 oppHand=6(hidden) oppDeck=7~ deck=0~ discard=23
2026.09.28-14.45.14 ARTPREVIEW fighter=Medusa hero=1 eligible=1 visual=1 mesh=SK_Medusa_FaceNeck_v2Candidate
2026.09.28-14.45.14 FIGHTERS synced n=6 alive=5 own=1 enemy=4
2026.09.28-14.45.14 WS seq=137 phase=ACTION_MANEUVER (apply)
2026.09.28-14.45.14 game -> room=cmulcyak100hxwip412x34a7o code=<redacted> status=IN_PROGRESS
2026.09.28-14.45.14 SNAPSHOT applied seq=138 phase=ACTION_MANEUVER
2026.09.28-14.45.14 HANDLE_APPLIED #210 seq=138 decision=2 fightersValid=1 boardValid=1
2026.09.28-14.45.14 MODE seq=138 mode=0 combat=0 pending=0
2026.09.28-14.45.14 HUD seq=138 phase=ACTION_MANEUVER turn=you hand=7 oppHand=6(hidden) oppDeck=7~ deck=0~ discard=23
2026.09.28-14.45.14 ARTPREVIEW fighter=Medusa hero=1 eligible=1 visual=1 mesh=SK_Medusa_FaceNeck_v2Candidate
2026.09.28-14.45.14 FIGHTERS synced n=6 alive=5 own=1 enemy=4
2026.09.28-14.45.14 CUE move f-0-hero (4,4)->(3,4) seq=138
2026.09.28-14.45.14 WS seq=138 phase=ACTION_MANEUVER (apply)
2026.09.28-14.45.14 S09AUTO own turn #12 (turnCount=26)
2026.09.28-14.45.14 SNAPSHOT applied seq=139 phase=ACTION_MANEUVER
2026.09.28-14.45.14 HANDLE_APPLIED #211 seq=139 decision=2 fightersValid=1 boardValid=1
2026.09.28-14.45.14 MANEUVER-DRAFT mode=maneuver:26:138
2026.09.28-14.45.14 DRAFT-OPEN draw committed (resume instead of begin)
2026.09.28-14.45.14 MODE seq=139 mode=1 combat=0 pending=0
2026.09.28-14.45.14 HUD seq=139 phase=ACTION_MANEUVER turn=you hand=7 oppHand=6(hidden) oppDeck=5 deck=0 discard=23
2026.09.28-14.45.14 ARTPREVIEW fighter=Medusa hero=1 eligible=1 visual=1 mesh=SK_Medusa_FaceNeck_v2Candidate
2026.09.28-14.45.14 FIGHTERS synced n=6 alive=5 own=1 enemy=4
2026.09.28-14.45.14 ARTPREVIEW damage-number fighter=f-1-hero amount=2 seq=139 cell=(3,3)
2026.09.28-14.45.14 CUE damage f-1-hero -2 seq=139
2026.09.28-14.45.14 MANEUVER begin seq=139 (apply) pending=maneuver:26:138
2026.09.28-14.45.14 SNAPSHOT applied seq=139 phase=ACTION_MANEUVER
2026.09.28-14.45.14 HANDLE_APPLIED #212 seq=139 decision=1 fightersValid=1 boardValid=1
2026.09.28-14.45.14 MODE seq=139 mode=1 combat=0 pending=0
2026.09.28-14.45.14 HUD seq=139 phase=ACTION_MANEUVER turn=you hand=7 oppHand=6(hidden) oppDeck=5 deck=0 discard=23
2026.09.28-14.45.14 ARTPREVIEW fighter=Medusa hero=1 eligible=1 visual=1 mesh=SK_Medusa_FaceNeck_v2Candidate
2026.09.28-14.45.14 FIGHTERS synced n=6 alive=5 own=1 enemy=4
2026.09.28-14.45.14 WS seq=139 phase=ACTION_MANEUVER (merge)
2026.09.28-14.45.14 S09AUTO drive mode=1 plan=[defend+resolve] phase=ACTION_MANEUVER turn=cmukie57j0001wiaofr67k2vd
2026.09.28-14.45.14 MANEUVER-CONFIRM moves=1 boost=none
2026.09.28-14.45.14 HUD plate content fighter=f-1-hero name=King Arthur hp=1/18 team=own statuses=HERO  |  MELEE
2026.09.28-14.45.14 PLATE fighter=f-1-hero bbox=(1197,340,1369,394) overlapReachable=0 placement=above ring=16 gap=139 selection=f-1-hero destinations=8 clean=1 softPx2=0 tested=2924
2026.09.28-14.45.15 SNAPSHOT applied seq=140 phase=ACTION_MANEUVER
2026.09.28-14.45.15 HANDLE_APPLIED #213 seq=140 decision=2 fightersValid=1 boardValid=1
2026.09.28-14.45.15 closed mode=
2026.09.28-14.45.15 MODE seq=140 mode=0 combat=0 pending=0
2026.09.28-14.45.15 HUD seq=140 phase=ACTION_MANEUVER turn=you hand=7 oppHand=6(hidden) oppDeck=5 deck=0 discard=23
2026.09.28-14.45.15 ARTPREVIEW fighter=Medusa hero=1 eligible=1 visual=1 mesh=SK_Medusa_FaceNeck_v2Candidate
2026.09.28-14.45.15 FIGHTERS synced n=6 alive=5 own=1 enemy=4
2026.09.28-14.45.15 CUE move f-1-hero (3,3)->(4,3) seq=140
2026.09.28-14.45.15 MANEUVER done seq=140 (apply) fighters=6 boost=no
2026.09.28-14.45.15 SNAPSHOT applied seq=140 phase=ACTION_MANEUVER
2026.09.28-14.45.15 HANDLE_APPLIED #214 seq=140 decision=1 fightersValid=1 boardValid=1
2026.09.28-14.45.15 MODE seq=140 mode=0 combat=0 pending=0
2026.09.28-14.45.15 HUD seq=140 phase=ACTION_MANEUVER turn=you hand=7 oppHand=6(hidden) oppDeck=5 deck=0 discard=23
2026.09.28-14.45.15 ARTPREVIEW fighter=Medusa hero=1 eligible=1 visual=1 mesh=SK_Medusa_FaceNeck_v2Candidate
2026.09.28-14.45.15 FIGHTERS synced n=6 alive=5 own=1 enemy=4
2026.09.28-14.45.15 WS seq=140 phase=ACTION_MANEUVER (merge)
2026.09.28-14.45.15 PLATE hidden fighter=f-1-hero
2026.09.28-14.45.16 S09AUTO drive mode=0 plan=[defend+resolve] phase=ACTION_MANEUVER turn=cmukie57j0001wiaofr67k2vd
2026.09.28-14.45.16 SNAPSHOT applied seq=141 phase=GAME_OVER
2026.09.28-14.45.16 HANDLE_APPLIED #215 seq=141 decision=2 fightersValid=1 boardValid=1
2026.09.28-14.45.16 MODE seq=141 mode=0 combat=0 pending=0
2026.09.28-14.45.16 RESULT seq=141 outcome=DEFEAT winner=Medusa
2026.09.28-14.45.16 HUD seq=141 phase=GAME_OVER turn=you hand=7 oppHand=6(hidden) oppDeck=5 deck=0 discard=23
2026.09.28-14.45.16 ARTPREVIEW fighter=Medusa hero=1 eligible=1 visual=1 mesh=SK_Medusa_FaceNeck_v2Candidate
2026.09.28-14.45.16 FIGHTERS synced n=6 alive=4 own=0 enemy=4
2026.09.28-14.45.16 ARTPREVIEW damage-number fighter=f-1-hero amount=1 seq=141 cell=(4,3)
2026.09.28-14.45.16 CUE damage f-1-hero -1 seq=141
2026.09.28-14.45.16 MANEUVER begin seq=141 (apply) pending=
2026.09.28-14.45.16 SNAPSHOT applied seq=141 phase=GAME_OVER
2026.09.28-14.45.16 HANDLE_APPLIED #216 seq=141 decision=1 fightersValid=1 boardValid=1
2026.09.28-14.45.16 MODE seq=141 mode=0 combat=0 pending=0
2026.09.28-14.45.16 HUD seq=141 phase=GAME_OVER turn=you hand=7 oppHand=6(hidden) oppDeck=5 deck=0 discard=23
2026.09.28-14.45.16 ARTPREVIEW fighter=Medusa hero=1 eligible=1 visual=1 mesh=SK_Medusa_FaceNeck_v2Candidate
2026.09.28-14.45.16 FIGHTERS synced n=6 alive=4 own=0 enemy=4
2026.09.28-14.45.16 WS seq=141 phase=GAME_OVER (merge)
2026.09.28-14.45.17 game -> room=cmulcyak100hxwip412x34a7o code=<redacted> status=FINISHED
2026.09.28-14.45.18 S09AUTO result-screen shot
2026.09.28-14.45.18 SHOT ctx viewport=1920x1080 viewTarget=CameraActor_2147482371 cam=(0,1107,1582) rot=(-55,-90,0)
2026.09.28-14.45.18 SHOT fighter f-0-hero pos=(3,4) world=(100,150,0) screen=(1125,743) projected=1 alive=1
2026.09.28-14.45.18 SHOT fighter f-0-sk0 pos=(4,2) world=(200,-50,0) screen=(1271,476) projected=1 alive=1
2026.09.28-14.45.18 SHOT fighter f-0-sk1 pos=(2,1) world=(0,-150,0) screen=(960,355) projected=1 alive=1
2026.09.28-14.45.18 SHOT fighter f-0-sk2 pos=(1,2) world=(-100,-50,0) screen=(805,476) projected=1 alive=1
2026.09.28-14.45.18 SHOT fighter f-1-hero pos=(4,3) world=(200,50,0) screen=(1280,606) projected=1 alive=0
2026.09.28-14.45.18 SHOT fighter f-1-sk0 pos=(4,3) world=(200,50,0) screen=(1280,606) projected=1 alive=0
2026.09.28-14.45.18 SHOT camera dist=1930.8 target=1930.8 overview=1930.8 errPct=0.000 focusErr=0.00 settled=1 zoom=1.00
2026.09.28-14.45.18 SHOT head fighter=f-0-hero socket=Head mesh=SK_Medusa_FaceNeck_v2Candidate world=(100.0,146.0,38.5) screen=(1127.7,703.5) top=(1128.2,698.2) bottom=(1127.3,708.9) headPx=10.7 projected=1
2026.09.28-14.45.18 SHOT label fighter=f-0-hero mode=full bbox=(1084,653,1179,685)
2026.09.28-14.45.18 SHOT label fighter=f-0-sk0 mode=full bbox=(1230,399,1329,428)
2026.09.28-14.45.18 SHOT label fighter=f-0-sk1 mode=full bbox=(914,276,1006,305)
2026.09.28-14.45.18 SHOT label fighter=f-0-sk2 mode=full bbox=(751,399,848,428)
2026.09.28-14.45.18 SHOT requested: FScreenshotRequest(bShowUI) -> C:\Users\ren\AppData\Local\Temp\s09-combat-20260928-194340-47580\joiner/s09-result-screen.png
2026.09.28-14.45.18 RESULT lobby-return sent (leaveGame)
2026.09.28-14.45.18 LEFT room=cmulcyak100hxwip412x34a7o
2026.09.28-14.45.18 GAMEPLAY HUD cleared (left Started)
2026.09.28-14.45.18 STREAM torn down (left match)
2026.09.28-14.45.22 S09AUTO lobby-return shot
2026.09.28-14.45.22 SHOT ctx viewport=1920x1080 viewTarget=CameraActor_2147482371 cam=(0,1107,1582) rot=(-55,-90,0)
2026.09.28-14.45.22 SHOT requested: FScreenshotRequest(bShowUI) -> C:\Users\ren\AppData\Local\Temp\s09-combat-20260928-194340-47580\joiner/s09-lobby-return.png
2026.09.28-14.45.22 S09AUTO duel flow complete (GAME_OVER -> result shown -> lobby return) - exiting
2026.09.28-14.45.22 --- S08 trace close ---
