2026.10.06-02.17.59 --- S08 trace open 2026.10.06-02.17.59 ---
2026.10.06-02.17.59 MS-ANIM settings reduced=0 speed=normal shake=1 saved=1 hop=0.000 lean=10.0 leanIn=60 turn=120 settle=150 ease=0
2026.10.06-02.17.59 SETTINGS saved speed=normal reduced=0 shake=1 ruleHints=1 master=100 masterMute=0 ambience=60 ambienceMute=0 music=60 sfx=80 ui=80 vo=80 subtitles=1 describeSounds=0 combatSpeed=1.00 audioApplied=1
2026.10.06-02.17.59 CUE audio master=100 master_mute=0 ambience=60 ambience_mute=0 gain_master=1.00 gain_ambience=0.60 music=60 sfx=80 ui=80 vo=80 subtitles=1 t=0 applied=start
2026.10.06-02.17.59 AUDIO-MIX limiter ceiling=-1.5 lookahead=5 makeup=5.0
2026.10.06-02.17.59 CATCHUP config queued=3 lagMs=1500
2026.10.06-02.17.59 HUD team chips ready=1 mode=absolute tagNames=rule
2026.10.06-02.17.59 HUD icon texture size=32 ready=1 path=/Game/ArtTests/ARTMarkers/Textures/T_UI_Action_AttackToken_32 texture=32x32 probe=0 plate=1
2026.10.06-02.17.59 HUD art widget tag impl=umg source=/Game/S08/UI/ArtHud/WBP_S08ArtTag class=/Game/S08/UI/ArtHud/WBP_S08ArtTag.WBP_S08ArtTag_C count=8 missing=- codeDefaultTree=0
2026.10.06-02.17.59 HUD art widget plate impl=umg source=/Game/S08/UI/ArtHud/WBP_S08ArtPlate class=/Game/S08/UI/ArtHud/WBP_S08ArtPlate.WBP_S08ArtPlate_C parts=1 missing=- codeDefaultTree=0
2026.10.06-02.17.59 HUD art widget icon impl=umg source=icon-motion-v3 class=/Script/Unmatched.S08AnimatedIconWidget parts=1 missing=- codeDefaultTree=1
2026.10.06-02.17.59 HUD art widget damage impl=umg source=/Game/S08/UI/ArtHud/WBP_S08ArtDamage class=/Game/S08/UI/ArtHud/WBP_S08ArtDamage.WBP_S08ArtDamage_C parts=1 missing=- codeDefaultTree=0
2026.10.06-02.17.59 HUD-HINT config ruleHints=1 saved=1 limitDefault=7
2026.10.06-02.17.59 HUD-TURN config portraits=1 ring=marker-turn-ring heartGlow=1 tracker=de cross=1 ringIcon=1 banner=600
2026.10.06-02.17.59 HUD-SLOT config fly=200 oppHold=1500 own=500 min=1000 fade=250 cap=30000 lowerSu=60 slide=120
2026.10.06-02.17.59 RENDER preset applied=High flag=S08RenderPreset
2026.10.06-02.17.59 S09AUTO config flow=1 boost=0 shotDir=C:\Users\ren\AppData\Local\Temp\s09-combat-20261006-071758-37616\host
2026.10.06-02.17.59 SETTINGS changed speed=normal reduced=0 shake=1 ruleHints=1 master=100 masterMute=0 ambience=60 ambienceMute=0 music=60 sfx=80 ui=80 vo=80 subtitles=1 describeSounds=0 motionChanged=0
2026.10.06-02.18.00 LOGIN ok user=s09-gd034-host
2026.10.06-02.18.02 CREATE boardId=c7fa64a26c29a0835f2383e63 source=ArtPreviewBoardId
2026.10.06-02.18.02 HEROES loaded 84
2026.10.06-02.18.03 SFX bank=UI-LOGIN-OK tag=login class=UI t=3236 sound=SW_UI_LOGIN_OK_01 gain=0.80
2026.10.06-02.18.03 MUSIC state=lobby theme=MUS-MENU t=3236
2026.10.06-02.18.03 createGame -> room=cmuw1u4nq0561t84m7cuv93yr code=<redacted> status=LOBBY
2026.10.06-02.18.03 SFX bank=UI-ROOM-CREATE tag=room class=UI t=3236 sound=SW_UI_ROOM_CREATE_01 gain=0.80
2026.10.06-02.18.03 MUSIC theme=MUS-MENU t=3269 l1=ok l2=ok
2026.10.06-02.18.05 game -> room=cmuw1u4nq0561t84m7cuv93yr code=<redacted> status=LOBBY
2026.10.06-02.18.05 selectHero -> room=cmuw1u4nq0561t84m7cuv93yr code=<redacted> status=LOBBY
2026.10.06-02.18.08 game -> room=cmuw1u4nq0561t84m7cuv93yr code=<redacted> status=LOBBY
2026.10.06-02.18.08 SFX bank=UI-ROOM-JOIN tag=room class=UI t=9036 sound=SW_UI_ROOM_JOIN_01 gain=0.80
2026.10.06-02.18.08 toggleReady -> room=cmuw1u4nq0561t84m7cuv93yr code=<redacted> status=LOBBY
2026.10.06-02.18.08 SFX bank=UI-ROOM-READY tag=room class=UI t=9036 sound=SW_UI_ROOM_READY_01 gain=0.80
2026.10.06-02.18.11 game -> room=cmuw1u4nq0561t84m7cuv93yr code=<redacted> status=LOBBY
2026.10.06-02.18.14 game -> room=cmuw1u4nq0561t84m7cuv93yr code=<redacted> status=LOBBY
2026.10.06-02.18.14 SFX bank=UI-ROOM-READY tag=room class=UI t=15036 sound=SW_UI_ROOM_READY_01 gain=0.80
2026.10.06-02.18.17 game -> room=cmuw1u4nq0561t84m7cuv93yr code=<redacted> status=LOBBY
2026.10.06-02.18.18 startGame -> room=cmuw1u4nq0561t84m7cuv93yr code=<redacted> status=IN_PROGRESS
2026.10.06-02.18.18 SFX bank=UI-ROOM-COUNT-GO tag=room class=UI t=18303 sound=SW_UI_ROOM_COUNT_GO_01 gain=0.80
2026.10.06-02.18.18 S09AUTO drive mode=0 plan=[attack+scheme] phase= turn=
2026.10.06-02.18.18 SNAPSHOT applied seq=1 phase=ACTION_MANEUVER
2026.10.06-02.18.18 HANDLE_APPLIED #1 seq=1 decision=2 fightersValid=1 boardValid=1
2026.10.06-02.18.18 TURN-INPUT open seq=1 frame=550 gate=none
2026.10.06-02.18.18 MODE seq=1 mode=0 combat=0 pending=0
2026.10.06-02.18.18 MS-TRACK own=0/2 opp=0/2 oppVisible=0 seq=1
2026.10.06-02.18.18 HUD-TURN seq=1 turn=own initial=1 ring=marker-turn-ring flash=0 banner=0 reduced=0
2026.10.06-02.18.18 AUDIO-REC start t=18336 file=C:\tmp\au-live\aus5g-sarpedon\host.wav master=1.00
2026.10.06-02.18.18 MUSIC state=intro theme=MUS-MAP-SARPEDON t=18336 sting=STG-MATCH-START
2026.10.06-02.18.18 AMB map=SARPEDON beds=5 spots=3 t=18336
2026.10.06-02.18.18 HUD seq=1 phase=ACTION_MANEUVER turn=you hand=5 oppHand=5(hidden) oppDeck=25 deck=25 discard=0
2026.10.06-02.18.18 DECKLIST request game=cmuw1u4nq0561t84m7cuv93yr
2026.10.06-02.18.18 MS-STATUS seq=1 text="Syncing…"
2026.10.06-02.18.18 ARTLOOK art=1 source=default heroes=v2 tray=on env=on review=1 legacyRender=0 aliases=-ArtPreviewHeroesV2 hud=ring:marker-turn-ring,glow:on,tracker:de,cross:on
2026.10.06-02.18.18 ARTPREVIEW diorama requested mesh=/Game/PipelineCandidates/TableBase/20260928-table-base-tripo-h31/Meshes/SM_TableBase.SM_TableBase mi=MI_TableBase_Candidate
2026.10.06-02.18.18 ARTPREVIEW envlayout enabled dir=Config/ArtBoards/EnvLayouts source=pak files=2 names=marmoreal.layout.json+sarpedon.layout.json overlays=marmoreal.concept.layout.json+marmoreal.user.layout.json+sarpedon.concept.layout.json+sarpedon.scene.layout.json+sarpedon.user.layout.json
2026.10.06-02.18.18 ARTPREVIEW board profiles loaded=1 revision=22 boards=2 zoneStyles=11 lightProfiles=2 errors=0 path=Config/ArtBoards/S08ArtBoardProfiles.json
2026.10.06-02.18.18 ARTPREVIEW board profiles source=pak sha256=0a3417258f46ad3d99620bcbabd1b37615192b7a59f090c77515189845b33bb7
2026.10.06-02.18.18 ARTPREVIEW zone content instances=12/12 glyphMeshes=11/11
2026.10.06-02.18.18 ARTPREVIEW zone keyline content mi=MI_ART005_Zone_Keyline glyphKeyMeshes=11/11 color=#111317
2026.10.06-02.18.18 ARTPREVIEW game layer material=M_S08_GameLayerUnlit unlitEyeAdaptInv=1 legacyRender=0
2026.10.06-02.18.18 ARTPREVIEW board assets ready tiles=1 zoneMaterials=2
2026.10.06-02.18.18 ARTPREVIEW medusa candidate variant=face-neck-v2 mesh=SK_Medusa_FaceNeck_v2Candidate requested=(default)
2026.10.06-02.18.18 ARTPREVIEW map-image assets map=Sarpedon mi=MI_Sarpedon_MapBoard material=M_MapBoard bc=T_Sarpedon_Map_BC_4K mask=T_Sarpedon_Map_GameMask_4K boundBc=1 boundMask=1 sdf=-1 id=-1
2026.10.06-02.18.18 ARTPREVIEW board profile=sarpedon-original match=boardId board=9x6 boardId=c7fa64a26c29a0835f2383e63 surface=map-image light=sarpedon-night artFixture=0 map=Sarpedon
2026.10.06-02.18.18 ARTPREVIEW light profile=sarpedon-night name=key role=key kind=directional at=(-350,-150,600) intensity=3.5 units=lux radius=0 color=(0.60,0.71,0.97) shadow=1
2026.10.06-02.18.18 ARTPREVIEW light profile=sarpedon-night name=moon-pool role=cool kind=point at=(0,0,750) intensity=260 units=candelas radius=1250 color=(0.82,0.88,1.00) shadow=0
2026.10.06-02.18.18 ARTPREVIEW sky profile=sarpedon-night cubemap=/Game/S08/Render/TC_S08_AmbientDome loaded=1 spawned=1 intensity=3 color=(0.58,0.70,1.00) lowerBlack=0
2026.10.06-02.18.18 ARTPREVIEW fog profile=sarpedon-night spawned=1 color=(0.2000,0.2550,0.4600) density=0.32 falloff=0.2 heightZ=-400 start=2900 end=6000 maxOpacity=1.00 volumetric=0
2026.10.06-02.18.18 ARTPREVIEW exposure profile=sarpedon-night method=histogram-fixed min=4.14106 max=4.14106 bias=0.000 ev100=2.05 volume=1
2026.10.06-02.18.18 ARTPREVIEW lights applied profile=sarpedon-night directional=1 shadow=1 points=1 pointShadows=0 budgetOk=1
2026.10.06-02.18.18 ARTPREVIEW render profile=sarpedon-night units=candelas sky=1 exposure=1 keyShadow=csm-3600uu-2c-contact0.000 shadowCasters=1 legacyRender=0
2026.10.06-02.18.18 ARTPREVIEW map grade profile=sarpedon-night source=profile nightEV=-0.35 nightSaturation=0.75 lift=1.70 nightTint=(0.9700,1.0000,1.0500) maskSaturation=1.07 liftSaturation=1.10 maskInverseTint=(1.0500,0.9960,0.8910) graph=v2 maskTerms=1
2026.10.06-02.18.18 ARTPREVIEW map frame wood=frame-wood material=M_MapFrameWood valueScaleSrgb=0.70 valueScaleLinear=0.4563 saturation=0.75
2026.10.06-02.18.18 ARTPREVIEW map frame kit=frame-002 parts=20 corner=4 a=4 b=8 mid=4 segments=5x3 stretch=1.000000x1.000000 exactFit=1 woodSlots=20/20 ironSlots=8 wood=MID_M_MapFrameWood_2147482271 iron=MI_MapFrame002_Iron ironProudUU=2.0 replaces=bars+corners
2026.10.06-02.18.18 ARTPREVIEW board active profile=sarpedon-original 9x6 surface=map-image map=Sarpedon spaces=38 links=61 starts=4 zoneKeys=6 multizone=4 triple=2 obstacles=16 size=891.3x577.3 src=1337x866 uuPerPx=0.6666667 frameUU=24 surfaceParts=0 corners=0 zoneMarks=0 lattice=0 pick=445.7x288.7 mi=MI_Sarpedon_MapBoard wood=1 expectOk=1
2026.10.06-02.18.18 ARTPREVIEW board map zone key=blue spaces=6 (painted, no zone marks)
2026.10.06-02.18.18 ARTPREVIEW board map zone key=brown spaces=5 (painted, no zone marks)
2026.10.06-02.18.18 ARTPREVIEW board map zone key=green spaces=8 (painted, no zone marks)
2026.10.06-02.18.18 ARTPREVIEW board map zone key=purple spaces=11 (painted, no zone marks)
2026.10.06-02.18.18 ARTPREVIEW board map zone key=red spaces=6 (painted, no zone marks)
2026.10.06-02.18.18 ARTPREVIEW board map zone key=yellow spaces=8 (painted, no zone marks)
2026.10.06-02.18.18 ARTPREVIEW envlayout variant=scene map=sarpedon status=ok file=sarpedon.scene.layout.json sha256=34742d7ddabf44a165379029dc370bb01c83500e254f5568073c1c768dfb3818 propsRemoved=54 propsReplaced=0 propsAdded=88 fxRemoved=1 fxRemovedWithAnchor=5 fxReplaced=2 fxAdded=17 errors=0
2026.10.06-02.18.18 ARTPREVIEW envlayout prop id=scene-island mesh=SM_Env_S_Island loc=(0.0,-700.0,0.0) yaw=0.0 scale=1.000 shadow=1 size=2197.7x1723.9x347.7 bounds=(-1401.9,-1146.3,-332.6)..(795.8,577.7,15.2) overMap=1 onTray=0
2026.10.06-02.18.18 ARTPREVIEW envlayout prop id=scene-ship mesh=SM_Env_S_Ship loc=(850.5,-32.3,0.0) yaw=0.0 scale=1.000 shadow=1 size=752.6x859.2x1008.8 bounds=(508.4,-407.3,-330.0)..(1261.1,451.9,678.8) overMap=0 onTray=0
2026.10.06-02.18.18 ARTPREVIEW envlayout prop id=scene-fort mesh=SM_Env_S_Fort loc=(-457.6,-447.2,-12.7) yaw=0.0 scale=1.000 shadow=1 size=244.4x141.7x226.5 bounds=(-580.7,-499.4,-12.7)..(-336.3,-357.7,213.8) overMap=0 onTray=1
2026.10.06-02.18.18 ARTPREVIEW envlayout prop id=scene-palisade mesh=SM_Env_S_Palisade loc=(-734.5,131.0,0.0) yaw=0.0 scale=1.000 shadow=1 size=480.6x776.0x323.2 bounds=(-754.4,-502.5,-65.2)..(-273.8,273.5,258.0) overMap=1 onTray=1
2026.10.06-02.18.18 ARTPREVIEW envlayout prop id=scene-piles mesh=SM_Env_S_Piles loc=(-164.8,-469.9,0.0) yaw=0.0 scale=1.000 shadow=0 size=1024.8x959.9x619.8 bounds=(-629.1,-501.9,-131.4)..(395.8,458.1,488.4) overMap=1 onTray=1
2026.10.06-02.18.18 ARTPREVIEW envlayout prop id=scene-frameband mesh=SM_Env_S_FrameBand loc=(0.0,330.0,0.0) yaw=0.0 scale=1.000 shadow=1 size=1008.4x684.7x51.8 bounds=(-503.2,-327.6,-39.7)..(505.2,357.1,12.1) overMap=1 onTray=1
2026.10.06-02.18.18 ARTPREVIEW envlayout prop id=scene-cascade mesh=SM_Env_S_Cascade loc=(-114.0,420.0,0.0) yaw=0.0 scale=1.000 shadow=0 size=307.9x237.2x256.7 bounds=(-268.0,357.5,-299.0)..(39.9,594.7,-42.3) overMap=0 onTray=1
2026.10.06-02.18.18 ARTPREVIEW envlayout prop id=scene-cascadefoam mesh=SM_Env_S_CascadeFoam loc=(-114.0,420.0,0.0) yaw=0.0 scale=1.000 shadow=0 size=328.4x259.4x230.8 bounds=(-277.0,387.1,-297.8)..(51.3,646.6,-67.0) overMap=0 onTray=1
2026.10.06-02.18.18 ARTPREVIEW envlayout prop id=rock-foot-w1 mesh=SM_Env_RockOutcrop loc=(-706.0,262.0,-300.0) yaw=25.0 scale=1.700 shadow=0 size=152.4x168.2x119.0 bounds=(-782.2,177.9,-300.0)..(-629.8,346.1,-181.0) overMap=0 onTray=1 material=MI_EnvScene_Proj_RockWetx1
2026.10.06-02.18.18 ARTPREVIEW envlayout prop id=rock-foot-w2 mesh=SM_Env_RockOutcrop loc=(-702.0,352.0,-300.0) yaw=140.0 scale=1.600 shadow=0 size=158.0x161.8x112.0 bounds=(-781.0,271.1,-300.0)..(-623.0,432.9,-188.0) overMap=0 onTray=1 material=MI_EnvScene_Proj_RockWetx1
2026.10.06-02.18.18 ARTPREVIEW envlayout prop id=rock-falls-tl mesh=SM_EnvFab_RockWet loc=(-262.0,410.0,-75.0) yaw=20.0 scale=0.220 shadow=0 size=75.8x73.2x45.5 bounds=(-300.6,375.4,-93.4)..(-224.8,448.6,-47.9) overMap=0 onTray=1 material=MI_EnvScene_Proj_RockWetx1
2026.10.06-02.18.18 ARTPREVIEW envlayout prop id=rock-falls-tr mesh=SM_EnvFab_RockWet loc=(34.0,415.0,-80.0) yaw=200.0 scale=0.220 shadow=0 size=75.8x73.2x45.5 bounds=(-3.2,376.4,-98.4)..(72.6,449.6,-52.9) overMap=0 onTray=1 material=MI_EnvScene_Proj_RockWetx1
2026.10.06-02.18.18 ARTPREVIEW envlayout prop id=rock-falls-m2 mesh=SM_EnvFab_RockWet loc=(-150.0,470.0,-148.0) yaw=75.0 scale=0.140 shadow=0 size=44.3x46.3x28.9 bounds=(-173.5,447.2,-159.7)..(-129.2,493.5,-130.8) overMap=0 onTray=0 material=MI_EnvScene_Proj_RockWetx1
2026.10.06-02.18.18 ARTPREVIEW envlayout prop id=rock-falls-m3 mesh=SM_EnvFab_RockWet loc=(-80.0,532.0,-232.0) yaw=130.0 scale=0.160 shadow=0 size=59.4x59.8x33.1 bounds=(-110.9,501.1,-245.4)..(-51.5,560.9,-212.3) overMap=0 onTray=0 material=MI_EnvScene_Proj_RockWetx1
2026.10.06-02.18.18 ARTPREVIEW envlayout prop id=rock-falls-bl mesh=SM_EnvFab_RockWet loc=(-255.0,540.0,-235.0) yaw=250.0 scale=0.200 shadow=0 size=66.5x68.9x41.3 bounds=(-286.4,504.9,-251.7)..(-219.9,573.8,-210.4) overMap=0 onTray=0 material=MI_EnvScene_Proj_RockWetx1
2026.10.06-02.18.18 ARTPREVIEW envlayout prop id=rock-falls-br mesh=SM_EnvFab_RockWet loc=(28.0,545.0,-235.0) yaw=310.0 scale=0.200 shadow=0 size=74.2x74.7x41.3 bounds=(-7.6,508.9,-251.7)..(66.6,583.6,-210.4) overMap=0 onTray=0 material=MI_EnvScene_Proj_RockWetx1
2026.10.06-02.18.18 ARTPREVIEW envlayout prop id=rock-falls-sl mesh=SM_EnvFab_RockWet loc=(-200.0,610.0,-300.0) yaw=40.0 scale=0.250 shadow=0 size=93.4x92.7x51.7 bounds=(-248.2,565.5,-320.9)..(-154.9,658.2,-269.2) overMap=0 onTray=0 material=MI_EnvScene_Proj_RockWetx1
2026.10.06-02.18.18 ARTPREVIEW envlayout prop id=rock-falls-sr mesh=SM_EnvFab_RockWet loc=(0.0,615.0,-300.0) yaw=160.0 scale=0.250 shadow=0 size=86.2x83.1x51.7 bounds=(-43.9,571.2,-320.9)..(42.3,654.3,-269.2) overMap=0 onTray=0 material=MI_EnvScene_Proj_RockWetx1
2026.10.06-02.18.18 ARTPREVIEW envlayout prop id=tree-00 mesh=SM_EnvFab_OakDark loc=(-663.4,-358.7,6.0) yaw=351.5 scale=0.144 shadow=0 size=196.3x165.0x202.7 bounds=(-757.1,-437.7,6.0)..(-560.9,-272.7,208.7) overMap=0 onTray=1 material=MI_EnvScene_Proj_Foliagex2
2026.10.06-02.18.18 ARTPREVIEW envlayout prop id=tree-01 mesh=SM_EnvFab_ForestRound loc=(-374.6,-632.0,-7.0) yaw=206.6 scale=0.207 shadow=1 size=199.8x185.9x260.6 bounds=(-468.9,-725.3,-7.0)..(-269.1,-539.4,253.7) overMap=0 onTray=0 material=MI_EnvScene_Proj_Foliagex2
2026.10.06-02.18.18 ARTPREVIEW envlayout prop id=tree-02 mesh=SM_EnvFab_ForestNarrow loc=(-718.0,-76.9,7.0) yaw=119.4 scale=0.250 shadow=1 size=153.0x148.7x326.2 bounds=(-799.1,-148.7,7.0)..(-646.1,-0.1,333.2) overMap=0 onTray=1 material=MI_EnvScene_Proj_Foliagex2
2026.10.06-02.18.18 ARTPREVIEW envlayout prop id=tree-03 mesh=SM_EnvFab_ForestSmall loc=(-526.9,-569.7,-7.0) yaw=11.7 scale=0.217 shadow=1 size=144.2x130.4x260.0 bounds=(-594.0,-633.0,-7.0)..(-449.8,-502.6,253.0) overMap=0 onTray=0 material=MI_EnvScene_Proj_Foliagex2
2026.10.06-02.18.18 ARTPREVIEW envlayout prop id=tree-04 mesh=SM_EnvFab_OakDark loc=(-788.7,35.6,6.9) yaw=87.0 scale=0.085 shadow=1 size=88.3x109.0x119.6 bounds=(-835.1,-16.6,6.9)..(-746.8,92.4,126.5) overMap=0 onTray=0 material=MI_EnvScene_Proj_Foliagex2
2026.10.06-02.18.18 ARTPREVIEW envlayout prop id=tree-05 mesh=SM_EnvFab_ForestRound loc=(-809.1,-120.4,9.1) yaw=346.9 scale=0.135 shadow=1 size=120.1x105.0x170.0 bounds=(-871.8,-170.5,9.1)..(-751.7,-65.5,179.0) overMap=0 onTray=0 material=MI_EnvScene_Proj_Foliagex2
2026.10.06-02.18.18 ARTPREVIEW envlayout prop id=tree-06 mesh=SM_EnvFab_ForestNarrow loc=(-456.0,-642.4,-6.9) yaw=214.1 scale=0.226 shadow=1 size=137.6x140.4x294.9 bounds=(-526.7,-716.9,-6.9)..(-389.1,-576.5,288.0) overMap=0 onTray=0 material=MI_EnvScene_Proj_Foliagex2
2026.10.06-02.18.18 ARTPREVIEW envlayout prop id=tree-07 mesh=SM_EnvFab_ForestSmall loc=(-685.4,-166.4,5.1) yaw=33.3 scale=0.169 shadow=1 size=127.3x123.3x202.5 bounds=(-745.9,-225.3,5.1)..(-618.6,-102.0,207.6) overMap=0 onTray=1 material=MI_EnvScene_Proj_Foliagex2
2026.10.06-02.18.18 ARTPREVIEW envlayout prop id=tree-08 mesh=SM_EnvFab_OakDark loc=(-821.2,-294.6,9.5) yaw=331.4 scale=0.084 shadow=1 size=130.1x121.4x118.2 bounds=(-883.2,-354.3,9.5)..(-753.1,-232.8,127.7) overMap=0 onTray=0 material=MI_EnvScene_Proj_Foliagex2
2026.10.06-02.18.18 ARTPREVIEW envlayout prop id=tree-09 mesh=SM_EnvFab_ForestRound loc=(-1033.3,-60.5,4.7) yaw=274.8 scale=0.115 shadow=1 size=78.3x94.1x144.8 bounds=(-1071.2,-104.7,4.7)..(-992.9,-10.6,149.4) overMap=0 onTray=0 material=MI_EnvScene_Proj_Foliagex2
2026.10.06-02.18.18 ARTPREVIEW envlayout prop id=tree-10 mesh=SM_EnvFab_ForestNarrow loc=(-812.6,-1.2,8.3) yaw=281.6 scale=0.165 shadow=1 size=89.2x83.3x215.3 bounds=(-854.8,-45.4,8.3)..(-765.6,38.0,223.6) overMap=0 onTray=0 material=MI_EnvScene_Proj_Foliagex2
2026.10.06-02.18.18 ARTPREVIEW envlayout prop id=tree-11 mesh=SM_EnvFab_ForestSmall loc=(-600.2,-581.8,-0.1) yaw=62.2 scale=0.153 shadow=1 size=108.1x113.3x183.3 bounds=(-652.9,-634.8,-0.1)..(-544.9,-521.6,183.3) overMap=0 onTray=0 material=MI_EnvScene_Proj_Foliagex2
2026.10.06-02.18.18 ARTPREVIEW envlayout prop id=tree-12 mesh=SM_EnvFab_OakDark loc=(-758.2,-358.4,9.4) yaw=308.7 scale=0.080 shadow=1 size=122.5x125.7x112.6 bounds=(-816.3,-421.5,9.4)..(-693.8,-295.8,122.0) overMap=0 onTray=1 material=MI_EnvScene_Proj_Foliagex2
2026.10.06-02.18.18 ARTPREVIEW envlayout prop id=tree-13 mesh=SM_EnvFab_ForestRound loc=(-703.7,-286.7,9.8) yaw=251.8 scale=0.105 shadow=1 size=87.0x97.1x132.2 bounds=(-745.1,-333.4,9.8)..(-658.1,-236.3,142.0) overMap=0 onTray=1 material=MI_EnvScene_Proj_Foliagex2
2026.10.06-02.18.18 ARTPREVIEW envlayout prop id=tree-14 mesh=SM_EnvFab_ForestNarrow loc=(-853.1,-272.5,8.2) yaw=15.9 scale=0.161 shadow=1 size=85.6x90.7x210.1 bounds=(-893.6,-315.3,8.2)..(-808.0,-224.7,218.3) overMap=0 onTray=0 material=MI_EnvScene_Proj_Foliagex2
2026.10.06-02.18.18 ARTPREVIEW envlayout prop id=tree-15 mesh=SM_EnvFab_ForestSmall loc=(-640.2,-554.1,4.6) yaw=301.5 scale=0.140 shadow=1 size=101.2x105.0x167.8 bounds=(-688.6,-609.3,4.6)..(-587.4,-504.3,172.4) overMap=0 onTray=0 material=MI_EnvScene_Proj_Foliagex2
2026.10.06-02.18.18 ARTPREVIEW envlayout prop id=tree-16 mesh=SM_EnvFab_OakDark loc=(-674.0,-145.1,3.4) yaw=31.7 scale=0.080 shadow=1 size=124.8x118.1x112.6 bounds=(-735.9,-201.2,3.4)..(-611.0,-83.0,116.0) overMap=0 onTray=1 material=MI_EnvScene_Proj_Foliagex2
2026.10.06-02.18.18 ARTPREVIEW envlayout prop id=bush-17 mesh=SM_EnvFab_Bush loc=(-625.4,-731.2,3.5) yaw=336.8 scale=0.345 shadow=1 size=99.8x97.4x62.3 bounds=(-677.0,-778.0,-0.4)..(-577.3,-680.6,61.9) overMap=0 onTray=0 material=MI_EnvScene_Proj_Foliagex1
2026.10.06-02.18.18 ARTPREVIEW envlayout prop id=bush-18 mesh=SM_EnvFab_Bush loc=(-904.4,11.5,-63.6) yaw=257.7 scale=0.302 shadow=1 size=76.7x79.7x54.6 bounds=(-941.5,-26.6,-67.1)..(-864.7,53.2,-12.5) overMap=0 onTray=0 material=MI_EnvScene_Proj_Foliagex1
2026.10.06-02.18.18 ARTPREVIEW envlayout prop id=bush-19 mesh=SM_EnvFab_Bush loc=(-744.6,-100.7,9.0) yaw=291.7 scale=0.292 shadow=1 size=81.5x83.6x52.8 bounds=(-785.3,-140.3,5.7)..(-703.8,-56.7,58.5) overMap=0 onTray=1 material=MI_EnvScene_Proj_Foliagex1
2026.10.06-02.18.18 ARTPREVIEW envlayout prop id=rock-00 mesh=SM_EnvFab_RockWet loc=(701.8,2.3,-62.0) yaw=57.4 scale=0.252 shadow=1 size=91.2x92.7x52.1 bounds=(654.1,-42.7,-83.0)..(745.3,50.0,-31.0) overMap=0 onTray=1 material=MI_EnvScene_Proj_Rockx1
2026.10.06-02.18.18 ARTPREVIEW envlayout prop id=rock-01 mesh=SM_Env_RockOutcrop loc=(746.2,124.8,-168.8) yaw=70.5 scale=0.903 shadow=1 size=87.1x76.5x63.2 bounds=(702.7,86.6,-168.8)..(789.7,163.1,-105.6) overMap=0 onTray=1 material=MI_EnvScene_Proj_RockWetx1
2026.10.06-02.18.18 ARTPREVIEW envlayout prop id=rock-02 mesh=SM_EnvFab_RockWet loc=(648.2,502.2,-235.4) yaw=118.1 scale=0.190 shadow=1 size=67.1x68.7x39.3 bounds=(613.1,467.0,-251.2)..(680.2,535.7,-212.0) overMap=0 onTray=0 material=MI_EnvScene_Proj_RockWetx1
2026.10.06-02.18.18 ARTPREVIEW envlayout prop id=rock-03 mesh=SM_Env_RockOutcrop loc=(468.0,386.8,-69.2) yaw=146.5 scale=0.538 shadow=1 size=51.4x54.4x37.7 bounds=(442.3,359.6,-69.2)..(493.8,414.0,-31.5) overMap=0 onTray=1 material=MI_EnvScene_Proj_Rockx1
2026.10.06-02.18.18 ARTPREVIEW envlayout prop id=rock-04 mesh=SM_EnvFab_RockWet loc=(218.9,425.9,-68.5) yaw=162.4 scale=0.138 shadow=1 size=46.7x44.9x28.5 bounds=(195.2,402.2,-80.0)..(241.9,447.1,-51.5) overMap=0 onTray=0 material=MI_EnvScene_Proj_Rockx1
2026.10.06-02.18.18 ARTPREVIEW envlayout prop id=rock-05 mesh=SM_Env_RockOutcrop loc=(93.9,473.4,-161.6) yaw=110.7 scale=0.736 shadow=1 size=71.4x63.2x51.5 bounds=(58.2,441.8,-161.6)..(129.6,505.0,-110.1) overMap=0 onTray=0 material=MI_EnvScene_Proj_RockWetx1
2026.10.06-02.18.18 ARTPREVIEW envlayout prop id=rock-06 mesh=SM_EnvFab_RockWet loc=(-285.4,542.8,-230.0) yaw=224.7 scale=0.253 shadow=1 size=94.5x94.5x52.3 bounds=(-330.9,493.8,-251.1)..(-236.4,588.3,-198.9) overMap=0 onTray=0 material=MI_EnvScene_Proj_RockWetx1
2026.10.06-02.18.18 ARTPREVIEW envlayout prop id=rock-07 mesh=SM_Env_RockOutcrop loc=(-412.2,391.4,-66.0) yaw=142.8 scale=0.897 shadow=1 size=87.5x90.8x62.8 bounds=(-456.0,345.9,-66.0)..(-368.4,436.8,-3.2) overMap=0 onTray=1 material=MI_EnvScene_Proj_Rockx1
2026.10.06-02.18.18 ARTPREVIEW envlayout prop id=rock-08 mesh=SM_EnvFab_RockWet loc=(-561.1,363.0,-67.4) yaw=104.8 scale=0.259 shadow=1 size=81.8x85.5x53.5 bounds=(-604.4,319.6,-89.0)..(-522.6,405.1,-35.5) overMap=0 onTray=1 material=MI_EnvScene_Proj_Rockx1
2026.10.06-02.18.18 ARTPREVIEW envlayout prop id=rock-09 mesh=SM_Env_RockOutcrop loc=(-652.7,272.9,-170.4) yaw=136.1 scale=0.976 shadow=1 size=97.6x98.2x68.3 bounds=(-701.5,223.8,-170.4)..(-603.9,322.0,-102.1) overMap=0 onTray=1 material=MI_EnvScene_Proj_RockWetx1
2026.10.06-02.18.18 ARTPREVIEW envlayout prop id=rock-10 mesh=SM_EnvFab_RockWet loc=(-745.1,187.3,-230.3) yaw=109.7 scale=0.193 shadow=1 size=64.0x66.4x39.9 bounds=(-778.9,153.5,-246.4)..(-714.9,219.9,-206.5) overMap=0 onTray=1 material=MI_EnvScene_Proj_RockWetx1
2026.10.06-02.18.18 ARTPREVIEW envlayout prop id=rock-x0 mesh=SM_EnvFab_RockWet loc=(-204.0,-675.6,4.1) yaw=203.4 scale=0.187 shadow=1 size=65.9x64.0x38.6 bounds=(-236.3,-709.2,-11.5)..(-170.3,-645.2,27.1) overMap=0 onTray=0 material=MI_EnvScene_Proj_Rockx1
2026.10.06-02.18.18 ARTPREVIEW envlayout prop id=rock-x1 mesh=SM_EnvFab_RockWet loc=(-128.5,-718.4,6.9) yaw=185.2 scale=0.243 shadow=1 size=72.0x67.6x50.2 bounds=(-164.3,-754.5,-13.4)..(-92.3,-686.9,36.8) overMap=0 onTray=0 material=MI_EnvScene_Proj_Rockx1
2026.10.06-02.18.18 ARTPREVIEW envlayout prop id=rock-x2 mesh=SM_EnvFab_RockWet loc=(-80.9,-631.3,6.1) yaw=280.1 scale=0.188 shadow=1 size=56.1x59.1x38.8 bounds=(-107.1,-660.5,-9.6)..(-51.1,-601.4,29.3) overMap=0 onTray=0 material=MI_EnvScene_Proj_Rockx1
2026.10.06-02.18.18 ARTPREVIEW envlayout prop id=rock-x3 mesh=SM_EnvFab_RockWet loc=(-242.1,-617.8,8.8) yaw=24.5 scale=0.256 shadow=1 size=90.9x88.3x52.9 bounds=(-288.5,-659.7,-12.6)..(-197.7,-571.4,40.3) overMap=0 onTray=0 material=MI_EnvScene_Proj_Rockx1
2026.10.06-02.18.18 ARTPREVIEW envlayout prop id=rock-x4 mesh=SM_EnvFab_RockWet loc=(261.1,-397.4,7.0) yaw=318.8 scale=0.210 shadow=1 size=78.5x78.1x43.4 bounds=(223.2,-434.9,-10.5)..(301.7,-356.8,32.9) overMap=0 onTray=1 material=MI_EnvScene_Proj_Rockx1
2026.10.06-02.18.18 ARTPREVIEW envlayout prop id=rock-p00 mesh=SM_EnvFab_RockWet loc=(-563.3,-158.8,5.5) yaw=271.2 scale=0.192 shadow=1 size=49.9x53.7x39.7 bounds=(-586.4,-185.6,-10.6)..(-536.5,-131.9,29.1) overMap=0 onTray=1 material=MI_EnvScene_Proj_Rockx1
2026.10.06-02.18.18 ARTPREVIEW envlayout prop id=rock-p01 mesh=SM_EnvFab_RockWet loc=(272.1,-367.4,3.9) yaw=168.8 scale=0.180 shadow=1 size=57.3x54.5x37.2 bounds=(243.1,-396.4,-11.1)..(300.4,-341.9,26.1) overMap=0 onTray=1 material=MI_EnvScene_Proj_Rockx1
2026.10.06-02.18.18 ARTPREVIEW envlayout prop id=rock-p02 mesh=SM_EnvFab_RockWet loc=(-487.7,312.0,2.8) yaw=355.0 scale=0.156 shadow=1 size=46.1x43.2x32.2 bounds=(-510.6,291.9,-10.2)..(-464.5,335.1,22.0) overMap=0 onTray=1 material=MI_EnvScene_Proj_Rockx1
2026.10.06-02.18.18 ARTPREVIEW envlayout prop id=rock-p03 mesh=SM_EnvFab_RockWet loc=(-297.2,-368.5,3.2) yaw=354.3 scale=0.169 shadow=1 size=50.4x47.3x34.9 bounds=(-322.2,-390.6,-10.9)..(-271.9,-343.2,24.0) overMap=0 onTray=1 material=MI_EnvScene_Proj_Rockx1
2026.10.06-02.18.18 ARTPREVIEW envlayout prop id=rock-p04 mesh=SM_EnvFab_RockWet loc=(-555.8,-15.0,3.4) yaw=221.9 scale=0.155 shadow=1 size=57.9x57.7x32.0 bounds=(-583.8,-45.0,-9.5)..(-525.8,12.8,22.5) overMap=0 onTray=1 material=MI_EnvScene_Proj_Rockx1
2026.10.06-02.18.18 ARTPREVIEW envlayout prop id=rock-p05 mesh=SM_EnvFab_RockWet loc=(-253.2,-373.9,3.1) yaw=32.1 scale=0.166 shadow=1 size=61.0x59.9x34.3 bounds=(-284.6,-402.5,-10.7)..(-223.6,-342.6,23.6) overMap=0 onTray=1 material=MI_EnvScene_Proj_Rockx1
2026.10.06-02.18.18 ARTPREVIEW envlayout prop id=rock-p06 mesh=SM_EnvFab_RockWet loc=(244.8,-399.8,3.3) yaw=243.8 scale=0.155 shadow=1 size=54.1x55.5x32.0 bounds=(219.1,-428.2,-9.6)..(273.2,-372.7,22.4) overMap=0 onTray=1 material=MI_EnvScene_Proj_Rockx1
2026.10.06-02.18.18 ARTPREVIEW envlayout prop id=rock-p07 mesh=SM_EnvFab_RockWet loc=(-155.2,-379.9,2.7) yaw=239.3 scale=0.154 shadow=1 size=55.2x56.3x31.8 bounds=(-181.5,-408.9,-10.2)..(-126.3,-352.6,21.6) overMap=0 onTray=1 material=MI_EnvScene_Proj_Rockx1
2026.10.06-02.18.18 ARTPREVIEW envlayout prop id=rock-p08 mesh=SM_EnvFab_RockWet loc=(-486.8,273.9,2.0) yaw=189.2 scale=0.132 shadow=1 size=41.1x38.9x27.3 bounds=(-507.2,253.2,-9.0)..(-466.1,292.0,18.2) overMap=0 onTray=1 material=MI_EnvScene_Proj_Rockx1
2026.10.06-02.18.18 ARTPREVIEW envlayout prop id=rock-p09 mesh=SM_EnvFab_RockWet loc=(-567.2,97.0,2.6) yaw=322.2 scale=0.132 shadow=1 size=49.2x48.7x27.3 bounds=(-591.0,73.6,-8.4)..(-541.8,122.3,18.9) overMap=0 onTray=1 material=MI_EnvScene_Proj_Rockx1
2026.10.06-02.18.18 ARTPREVIEW envlayout prop id=rock-p10 mesh=SM_EnvFab_RockWet loc=(-204.3,-403.1,1.4) yaw=18.0 scale=0.124 shadow=1 size=42.1x40.5x25.6 bounds=(-225.7,-422.2,-9.0)..(-183.7,-381.7,16.6) overMap=0 onTray=1 material=MI_EnvScene_Proj_Rockx1
2026.10.06-02.18.18 ARTPREVIEW envlayout prop id=rock-p11 mesh=SM_EnvFab_RockWet loc=(-529.3,-33.8,1.7) yaw=210.7 scale=0.120 shadow=1 size=43.9x43.0x24.8 bounds=(-550.7,-56.3,-8.3)..(-506.8,-13.2,16.5) overMap=0 onTray=1 material=MI_EnvScene_Proj_Rockx1
2026.10.06-02.18.18 ARTPREVIEW envlayout prop id=crate-deck-n mesh=SM_Env_CrateStack loc=(566.5,-134.6,-4.5) yaw=140.1 scale=2.300 shadow=1 size=111.6x119.4x103.5 bounds=(510.7,-194.3,-4.5)..(622.2,-74.8,99.0) overMap=0 onTray=1 material=MI_EnvScene_Proj_Woodx1
2026.10.06-02.18.18 ARTPREVIEW envlayout prop id=crate-deck-mid mesh=SM_Env_CrateStack loc=(682.2,104.9,-3.3) yaw=140.1 scale=2.300 shadow=1 size=111.6x119.4x103.5 bounds=(626.5,45.2,-3.3)..(738.0,164.6,100.2) overMap=0 onTray=1 material=MI_EnvScene_Proj_Woodx1
2026.10.06-02.18.18 ARTPREVIEW envlayout prop id=crate-deck-se mesh=SM_Env_CrateStack loc=(649.5,230.8,-4.5) yaw=128.0 scale=2.300 shadow=1 size=120.5x109.7x103.5 bounds=(589.3,175.9,-4.5)..(709.8,285.6,99.0) overMap=0 onTray=1 material=MI_EnvScene_Proj_Woodx1
2026.10.06-02.18.18 ARTPREVIEW envlayout prop id=barrel-dock-1 mesh=SM_Env_Barrel loc=(630.8,-46.3,-4.2) yaw=150.6 scale=2.300 shadow=1 size=67.1x67.1x64.4 bounds=(597.2,-79.8,-4.2)..(664.4,-12.7,60.2) overMap=0 onTray=1 material=MI_EnvScene_Proj_Woodx1
2026.10.06-02.18.18 ARTPREVIEW envlayout prop id=barrel-dock-2 mesh=SM_Env_Barrel loc=(713.2,153.6,-7.8) yaw=297.7 scale=2.300 shadow=1 size=66.5x66.5x64.4 bounds=(679.9,120.3,-7.8)..(746.5,186.8,56.6) overMap=0 onTray=1 material=MI_EnvScene_Proj_Woodx1
2026.10.06-02.18.18 ARTPREVIEW envlayout prop id=coil-dock mesh=SM_Env_Rope loc=(571.2,265.2,-4.1) yaw=282.9 scale=3.500 shadow=1 size=91.7x89.9x36.6 bounds=(525.3,220.3,-4.1)..(617.0,310.2,32.6) overMap=0 onTray=1 material=MI_EnvScene_Proj_Woodx1
2026.10.06-02.18.18 ARTPREVIEW envlayout prop id=crate-ne mesh=SM_Env_CrateStack loc=(335.7,-351.7,-4.0) yaw=100.0 scale=1.404 shadow=1 size=73.5x42.5x63.2 bounds=(299.0,-372.9,-4.0)..(372.5,-330.4,59.2) overMap=0 onTray=1 material=MI_EnvScene_Proj_Woodx1
2026.10.06-02.18.18 ARTPREVIEW envlayout prop id=barrel-beach mesh=SM_Env_Barrel loc=(-90.0,-397.6,-3.9) yaw=341.1 scale=1.807 shadow=1 size=49.2x49.2x50.6 bounds=(-114.6,-422.2,-3.9)..(-65.4,-373.0,46.7) overMap=0 onTray=1 material=MI_EnvScene_Proj_Woodx1
2026.10.06-02.18.18 ARTPREVIEW envlayout prop id=barrel-fort mesh=SM_Env_Barrel loc=(-404.3,-444.4,-5.7) yaw=182.6 scale=1.824 shadow=1 size=40.8x40.8x51.1 bounds=(-424.7,-464.8,-5.7)..(-383.9,-424.0,45.4) overMap=0 onTray=1 material=MI_EnvScene_Proj_Woodx1
2026.10.06-02.18.18 ARTPREVIEW envlayout prop id=barrel-ship-1 mesh=SM_Env_Barrel loc=(620.5,-298.6,198.6) yaw=20.0 scale=3.000 shadow=1 size=82.4x82.4x84.0 bounds=(579.3,-339.8,198.6)..(661.7,-257.5,282.6) overMap=0 onTray=1 material=MI_EnvScene_Proj_Woodx1
2026.10.06-02.18.18 ARTPREVIEW envlayout prop id=barrel-ship-2 mesh=SM_Env_Barrel loc=(788.6,-78.0,200.4) yaw=75.0 scale=3.000 shadow=1 size=78.7x78.7x84.0 bounds=(749.3,-117.3,200.4)..(828.0,-38.6,284.4) overMap=0 onTray=0 material=MI_EnvScene_Proj_Woodx1
2026.10.06-02.18.18 ARTPREVIEW envlayout prop id=lantern-bay mesh=SM_EnvCP_LanternHead loc=(-134.5,-455.6,106.8) yaw=90.0 scale=2.595 shadow=0 size=48.2x40.0x98.9 bounds=(-158.6,-475.6,106.8)..(-110.4,-435.5,205.7) overMap=0 onTray=1 material=MI_EnvScene_LanternHeadx1
2026.10.06-02.18.18 ARTPREVIEW envlayout prop id=lantern-left mesh=SM_EnvCP_LanternHead loc=(-550.1,3.0,189.6) yaw=90.0 scale=2.389 shadow=0 size=44.4x36.9x91.0 bounds=(-572.3,-15.5,189.6)..(-527.9,21.4,280.7) overMap=0 onTray=1 material=MI_EnvScene_LanternHeadx1
2026.10.06-02.18.18 ARTPREVIEW envlayout prop id=lantern-stern mesh=SM_EnvCP_LanternHead loc=(416.1,-419.2,126.1) yaw=90.0 scale=2.358 shadow=0 size=43.8x36.4x89.9 bounds=(394.2,-437.4,126.1)..(438.0,-401.0,215.9) overMap=0 onTray=1 material=MI_EnvScene_LanternHeadx1
2026.10.06-02.18.18 ARTPREVIEW envlayout prop id=lantern-rail mesh=SM_EnvCP_LanternHead loc=(659.2,-33.4,330.6) yaw=90.0 scale=2.651 shadow=0 size=49.3x40.9x101.0 bounds=(634.5,-53.9,330.6)..(683.8,-12.9,431.6) overMap=0 onTray=1 material=MI_EnvScene_LanternHeadx1
2026.10.06-02.18.18 ARTPREVIEW envlayout prop id=lantern-deck-n mesh=SM_EnvCP_LanternHead loc=(505.6,-102.5,124.1) yaw=90.0 scale=2.305 shadow=0 size=42.9x35.6x87.8 bounds=(484.2,-120.3,124.1)..(527.0,-84.7,212.0) overMap=0 onTray=1 material=MI_EnvScene_LanternHeadx1
2026.10.06-02.18.18 ARTPREVIEW envlayout prop id=lantern-deck-se mesh=SM_EnvCP_LanternHead loc=(606.7,263.4,125.5) yaw=90.0 scale=2.911 shadow=0 size=54.1x44.9x110.9 bounds=(579.6,241.0,125.4)..(633.7,285.9,236.4) overMap=0 onTray=1 material=MI_EnvScene_LanternHeadx1
2026.10.06-02.18.18 ARTPREVIEW envlayout prop id=cannon-1 mesh=SM_EnvCP_Cannon loc=(565.6,-250.0,89.8) yaw=140.1 scale=3.044 shadow=1 size=166.8x161.7x81.7 bounds=(482.2,-330.8,89.8)..(649.1,-169.1,171.5) overMap=0 onTray=1
2026.10.06-02.18.18 ARTPREVIEW envlayout prop id=cannon-2 mesh=SM_EnvCP_Cannon loc=(636.5,-164.3,68.9) yaw=140.1 scale=3.009 shadow=1 size=164.9x159.8x80.8 bounds=(554.0,-244.3,68.9)..(718.9,-84.4,149.7) overMap=0 onTray=1
2026.10.06-02.18.18 ARTPREVIEW envlayout prop id=cannon-3 mesh=SM_EnvCP_Cannon loc=(737.3,-52.3,-24.2) yaw=140.1 scale=3.353 shadow=1 size=183.8x178.1x90.0 bounds=(645.4,-141.4,-24.2)..(829.2,36.7,65.7) overMap=0 onTray=1
2026.10.06-02.18.18 ARTPREVIEW envlayout prop id=banner-ship mesh=SM_Env_S_Banner loc=(745.3,41.4,273.8) yaw=140.1 scale=2.000 shadow=1 size=69.4x80.2x325.6 bounds=(708.4,3.2,-51.8)..(777.8,83.3,273.8) overMap=0 onTray=1
2026.10.06-02.18.18 ARTPREVIEW envlayout prop id=fire-fort-pit mesh=SM_Env_Campfire loc=(-492.5,-428.2,-5.0) yaw=0.0 scale=1.400 shadow=0 size=56.0x55.8x23.6 bounds=(-520.5,-456.1,-5.0)..(-464.5,-400.3,18.6) overMap=0 onTray=1 material=MI_EnvScene_Proj_Rockx1
2026.10.06-02.18.18 ARTPREVIEW envlayout light id=campfire-nw kind=point at=(-548.0,-352.0,60.0) intensity=65 units=candelas radius=460 color=#FF8A3D shadow=0
2026.10.06-02.18.18 ARTPREVIEW envlayout light id=campfire-w kind=point at=(-560.0,85.0,60.0) intensity=55 units=candelas radius=420 color=#FF9A4A shadow=0
2026.10.06-02.18.18 ARTPREVIEW envlayout light id=ship-lantern-n kind=point at=(598.0,-225.0,150.0) intensity=95 units=candelas radius=420 color=#FFA552 shadow=0
2026.10.06-02.18.18 ARTPREVIEW envlayout light id=ship-lantern-s kind=point at=(592.0,0.0,145.0) intensity=90 units=candelas radius=400 color=#FFA552 shadow=0
2026.10.06-02.18.18 ARTPREVIEW envlayout light id=ship-lantern-stern kind=point at=(585.0,225.0,140.0) intensity=75 units=candelas radius=380 color=#FFA552 shadow=0
2026.10.06-02.18.18 ARTPREVIEW envlayout ground map=sarpedon mode=runtime strips=4 material=MI_EnvGround_Sarpedon z=-1.0 outer=(-780.0,-515.0)..(780.0,425.0) hole=(-467.7,-310.7)..(467.7,310.7) splatRect=(-820.0,-560.0)..(820.0,470.0) splatCovers=1 areaUU2=885246 falls=1/1 fallCards=1 status=ok fallMeshes=1 fallMeshParts=3 sea=ok
2026.10.06-02.18.18 ARTPREVIEW envlayout fx id=fireflies-forest-n system=NS_Env_Fireflies anchor=- at=(-707.6,-118.9,150.0) yaw=0.0 scale=1.000 seed=1725416364 warmup=3.50s ticks=105 mode=live particles=14 emitters=1 gpuEmitters=0 deterministic=1 nearBand=0 user=-
2026.10.06-02.18.18 ARTPREVIEW envlayout fx id=fireflies-forest-s system=NS_Env_Fireflies anchor=- at=(-695.2,125.2,150.0) yaw=0.0 scale=1.000 seed=97628021 warmup=3.50s ticks=105 mode=live particles=13 emitters=1 gpuEmitters=0 deterministic=1 nearBand=0 user=-
2026.10.06-02.18.18 ARTPREVIEW envlayout fx id=flame-lantern-bay system=NS_Env_LanternFlame anchor=lantern-bay at=(-133.7,-457.9,134.2) yaw=90.0 scale=2.595 seed=2080362060 warmup=1.50s ticks=45 mode=live particles=46 emitters=3 gpuEmitters=0 deterministic=1 nearBand=0 user=-
2026.10.06-02.18.18 ARTPREVIEW envlayout fx id=flame-lantern-left system=NS_Env_LanternFlame anchor=lantern-left at=(-549.4,0.8,214.8) yaw=90.0 scale=2.389 seed=1350007212 warmup=1.50s ticks=45 mode=live particles=44 emitters=3 gpuEmitters=0 deterministic=1 nearBand=0 user=-
2026.10.06-02.18.18 ARTPREVIEW envlayout fx id=flame-lantern-stern system=NS_Env_LanternFlame anchor=lantern-stern at=(416.8,-421.3,150.9) yaw=90.0 scale=2.358 seed=2041647646 warmup=1.50s ticks=45 mode=live particles=48 emitters=3 gpuEmitters=0 deterministic=1 nearBand=0 user=-
2026.10.06-02.18.18 ARTPREVIEW envlayout fx id=flame-lantern-rail system=NS_Env_LanternFlame anchor=lantern-rail at=(659.9,-35.8,358.5) yaw=90.0 scale=2.651 seed=1934390597 warmup=1.50s ticks=45 mode=live particles=43 emitters=3 gpuEmitters=0 deterministic=1 nearBand=0 user=-
2026.10.06-02.18.18 ARTPREVIEW envlayout fx id=flame-lantern-deck-n system=NS_Env_LanternFlame anchor=lantern-deck-n at=(506.3,-104.6,148.4) yaw=90.0 scale=2.305 seed=744847447 warmup=1.50s ticks=45 mode=live particles=47 emitters=3 gpuEmitters=0 deterministic=1 nearBand=0 user=-
2026.10.06-02.18.18 ARTPREVIEW envlayout fx id=flame-lantern-deck-se system=NS_Env_LanternFlame anchor=lantern-deck-se at=(607.5,260.8,156.1) yaw=90.0 scale=2.911 seed=1704310633 warmup=1.50s ticks=45 mode=live particles=48 emitters=3 gpuEmitters=0 deterministic=1 nearBand=0 user=-
2026.10.06-02.18.18 ARTPREVIEW envlayout fx id=fire-brazier-core system=NS_Env_FireCore anchor=- at=(-577.3,139.8,27.8) yaw=0.0 scale=1.000 seed=824559950 warmup=1.50s ticks=45 mode=live particles=102 emitters=3 gpuEmitters=0 deterministic=1 nearBand=0 user=-
2026.10.06-02.18.18 ARTPREVIEW envlayout fx id=fire-brazier-tongues system=NS_Env_FireTongues anchor=- at=(-577.3,139.8,28.8) yaw=0.0 scale=1.000 seed=2057684158 warmup=1.50s ticks=45 mode=live particles=35 emitters=4 gpuEmitters=0 deterministic=1 nearBand=0 user=-
2026.10.06-02.18.18 ARTPREVIEW envlayout fx id=fire-brazier-embers system=NS_Env_FireEmbers anchor=- at=(-577.3,139.8,41.8) yaw=0.0 scale=1.000 seed=1696491349 warmup=1.50s ticks=45 mode=live particles=14 emitters=1 gpuEmitters=0 deterministic=1 nearBand=0 user=-
2026.10.06-02.18.18 ARTPREVIEW envlayout fx id=fire-brazier-smoke system=NS_Env_FireSmoke anchor=- at=(-577.3,139.8,53.8) yaw=0.0 scale=1.000 seed=1050374560 warmup=1.50s ticks=45 mode=live particles=36 emitters=3 gpuEmitters=0 deterministic=1 nearBand=0 user=-
2026.10.06-02.18.18 ARTPREVIEW envlayout fx id=fire-fort-core system=NS_Env_FireCore anchor=- at=(-492.1,-426.4,0.0) yaw=0.0 scale=1.200 seed=1107146133 warmup=1.50s ticks=45 mode=live particles=98 emitters=3 gpuEmitters=0 deterministic=1 nearBand=0 user=-
2026.10.06-02.18.18 ARTPREVIEW envlayout fx id=fire-fort-tongues system=NS_Env_FireTongues anchor=- at=(-492.1,-426.4,1.0) yaw=45.0 scale=1.200 seed=1895526915 warmup=1.50s ticks=45 mode=live particles=34 emitters=4 gpuEmitters=0 deterministic=1 nearBand=0 user=-
2026.10.06-02.18.18 ARTPREVIEW envlayout fx id=fire-fort-embers system=NS_Env_FireEmbers anchor=- at=(-492.1,-426.4,14.0) yaw=0.0 scale=1.200 seed=1583429198 warmup=1.50s ticks=45 mode=live particles=15 emitters=1 gpuEmitters=0 deterministic=1 nearBand=0 user=-
2026.10.06-02.18.18 ARTPREVIEW envlayout fx id=fire-fort-smoke system=NS_Env_FireSmoke anchor=- at=(-492.1,-426.4,28.0) yaw=0.0 scale=1.200 seed=803906176 warmup=1.50s ticks=45 mode=live particles=36 emitters=3 gpuEmitters=0 deterministic=1 nearBand=0 user=-
2026.10.06-02.18.18 ARTPREVIEW envlayout fx id=falls-mist-1 system=NS_Env_FallsSpray anchor=- at=(-115.8,401.1,-69.2) yaw=0.0 scale=0.600 seed=722961037 warmup=1.50s ticks=45 mode=live particles=48 emitters=1 gpuEmitters=0 deterministic=1 nearBand=1 user=-
2026.10.06-02.18.18 ARTPREVIEW envlayout fx id=falls-mist-2 system=NS_Env_FallsSpray anchor=- at=(-115.7,457.7,-144.8) yaw=0.0 scale=0.800 seed=840880951 warmup=1.50s ticks=45 mode=live particles=49 emitters=1 gpuEmitters=0 deterministic=1 nearBand=1 user=-
2026.10.06-02.18.18 ARTPREVIEW envlayout fx id=falls-mist-3 system=NS_Env_FallsSpray anchor=- at=(-115.7,520.1,-231.3) yaw=0.0 scale=1.000 seed=1159324577 warmup=1.50s ticks=45 mode=live particles=45 emitters=1 gpuEmitters=0 deterministic=1 nearBand=1 user=-
2026.10.06-02.18.18 ARTPREVIEW envlayout fx map=sarpedon fx=19 layoutFx=19 missingSystems=0 skippedMissing=0 skippedDisabled=0 skippedAnchor=0 skippedInsideMap=0 skippedLightRenderer=0 nearBand=3 gpuEmitters=0 nonDeterministic=0 particles=815 userSet=0 userMissing=0 mode=live still=0
2026.10.06-02.18.18 ARTPREVIEW envlayout map=sarpedon props=88 lights=5 missingMeshes=0 layoutProps=88 layoutLights=5 skippedMissing=0 skippedInsideMap=0 intrusions=4 outsideTray=30 outsideKit=9 shadowCasters=67 profilePoints=1 combinedPoints=6 combinedBudgetOk=1 tray=layout trayApronMismatch=0 profile=sarpedon-original boardId=c7fa64a26c29a0835f2383e63 file=Config/ArtBoards/EnvLayouts/sarpedon.layout.json sha256=89a3cfb965c134557d7a5e2733bd89562321ddf1c61d428dc8952d7fc4006c78 source=pak status=ok
2026.10.06-02.18.18 ARTPREVIEW concept-paste mode=on profile=sarpedon-original map=sarpedon reason=default default=on flag=- cmdVariant=- envVariant=scene:ok overlay=sarpedon.scene.layout.json overlaySha256=34742d7ddabf44a165379029dc370bb01c83500e254f5568073c1c768dfb3818 spec=tools/art/concept_paste/sarpedon.paste.json manifest=tools/art/concept_scene/manifest.sarpedon.json hide=tray+ground+waterfalls+backdrop+fog+baseProps+baseFx+layoutLights kind=lit3d
2026.10.06-02.18.18 ARTPREVIEW concept-scene sky profile=sarpedon-original plate=T_Sarpedon_ConceptSea z=-300..600 centre=(0,-45) radius=1900 segments=48 unlit=1
2026.10.06-02.18.18 ARTPREVIEW concept-scene light id=fire-fort kind=point at=(-492.3,-427.3,54.0) intensity=40 units=candelas radius=460 color=#FF8A3D shadow=0 flicker=0.18@6.0Hz
2026.10.06-02.18.18 ARTPREVIEW concept-scene light id=fire-brazier kind=point at=(-600.0,139.9,90.0) intensity=80 units=candelas radius=180 color=#FF9A4A shadow=0 flicker=0.25@1.6Hz
2026.10.06-02.18.18 ARTPREVIEW concept-scene light id=lantern-left kind=point at=(-565.9,-46.1,154.3) intensity=30 units=candelas radius=300 color=#FFA552 shadow=0 flicker=0.04@4.0Hz
2026.10.06-02.18.18 ARTPREVIEW concept-scene light id=lantern-bay kind=point at=(-129.7,-397.7,150.0) intensity=95 units=candelas radius=420 color=#FFA552 shadow=0 flicker=0.08@4.5Hz
2026.10.06-02.18.18 ARTPREVIEW concept-scene light id=lantern-deck-se kind=point at=(622.9,228.1,104.0) intensity=60 units=candelas radius=400 color=#FFA552 shadow=0 flicker=0.08@5.0Hz
2026.10.06-02.18.18 ARTPREVIEW concept-scene status=ok profile=sarpedon-original mode=lit3d variant=scene required=2 sky=48 lights=5 manifest=tools/art/concept_scene/manifest.sarpedon.json collection=MPC_EnvScene lit=1
2026.10.06-02.18.18 ARTPREVIEW concept-paste hide profile=sarpedon-original props=0 fx=0 layoutLights=5 ground=4 sea=0 waterfalls=4 fog=1 backdrop=0 overlayProps=88 overlayFx=19
2026.10.06-02.18.18 ARTPREVIEW concept-scene apply profile=sarpedon-original overlayProps=88 shadowsOn=67 lumenGI=88 casters=4/4 giOff=0/0 unmatched=- sea=z-300(1) falls=3 scaleZ=2.50
2026.10.06-02.18.18 ARTPREVIEW concept-scene collection=live path=/Game/EnvMaps/Scene/MPC_EnvScene
2026.10.06-02.18.18 ARTPREVIEW concept-paste budget profile=sarpedon-original profilePoints=1 conceptLights=5 layoutLightsVisible=0 combinedPoints=6 combinedBudgetOk=1
2026.10.06-02.18.18 ARTPREVIEW concept-paste anim profile=sarpedon-original mode=live flickers=5 sways=1 winds=21/21 missingProps=0
2026.10.06-02.18.18 ARTPREVIEW envlayout tray map=sarpedon source=layout outerHalf=780.0x470.0 offsetY=-45.0 frameHalf=469.7x312.7 mesh=T2 t2Top=780.0x470.0 mismatchUU=0.0
2026.10.06-02.18.18 ARTPREVIEW diorama tray-t2 loaded mesh=/Game/PipelineCandidates/TableBase/T2b/SM_TableBase_T2b mi=MI_TableBase_T2b_Sarpedon kind=T2b
2026.10.06-02.18.18 ARTPREVIEW diorama tray=/Game/PipelineCandidates/TableBase/T2b/SM_TableBase_T2b.SM_TableBase_T2b mi=MI_TableBase_T2b_Sarpedon surface=map-image yaw=0.0 scale=1.000x1.000x1.000 bounds=(-815.7,-546.3,-215.7)..(815.7,456.3,1.7) size=1631.4x1002.6x217.5 topZ=-3.0 boardHalf=469.7x312.7 rimUU=112.3 collision=none kind=T2b topHalf=780.0x470.0 layoutHalf=780.0x470.0 offset=(0.0,-45.0) source=layout mismatchUU=0.0 match=1 anisotropy=1.000 lipTopZ=1.7 lipBandUU=20.0
2026.10.06-02.18.18 ARTPREVIEW concept-paste tray hidden profile=sarpedon-original mesh=SM_TableBase_T2b (the painted island replaces it)
2026.10.06-02.18.18 CAMERA extents source=map-image half=445.7x288.7 dist=2340.2 fit=1872.2 k1Mul=1.250
2026.10.06-02.18.18 CAMERA dist=2340 loc=(0,1342,1917) pitch=-55 yaw=-90
2026.10.06-02.18.18 CAMERA config overview=2340.2 nearest=300.0 farthest=2880.2 zoomRange=0.81-7.80 fit=1872.2 k1Mul=1.250 minDist=300.0 outRatio=0.650 step=1.250 animMs=200 returnMs=300 followFrom=1.20 source=defaults issues=0
2026.10.06-02.18.18 BOARD 9x6 cells | control points: (0,0)=(-393,-219,0) (8,5)=(400,250,0) | neighbor pair (dist 140 uu)
2026.10.06-02.18.18 BOARD topology spaces=38 links=61 starts=3:S03,4:S14,1:S20,2:S32 frame=1337x866px uuPerPx=0.6667 radius=42.0uu (default)
2026.10.06-02.18.18 ARTPREVIEW team mapping mode=absolute source=seatOrder viewerTeam=P1 p1=f-0-hero,f-0-sk0,f-0-sk1,f-0-sk2 p2=f-1-hero,f-1-sk0
2026.10.06-02.18.18 ARTPREVIEW heroesV2 fighter=f-0-hero mesh=/Game/PipelineCandidates/Medusa/H2LD/Meshes/SK_Medusa_H2LD mi=/Game/PipelineCandidates/Medusa/H2LD/Materials/MI_Medusa_H2LD_P1 yaw=90.0 scale=0.9998 name=Medusa hero=1 look=P1 base=/Game/PipelineCandidates/Medusa/H2LD/Meshes/SM_Medusa_H2LD_Base baseMi=/Game/PipelineCandidates/Medusa/H2LD/Materials/MI_Medusa_H2LD_Base_P1 skeleton=/Game/PipelineCandidates/Medusa/Rig/SK_Medusa_Skeleton.SK_Medusa_Skeleton clips=4/4 boundsTop=55.00 figureTop=55.00 budget=55.0
2026.10.06-02.18.18 ARTPREVIEW click capsule fighter=f-0-hero mesh=SK_Medusa_H2LD physicsAsset=0 radius=11.6 halfHeight=27.5 top=55.0 bodyCollision=0 source=meshBounds
2026.10.06-02.18.18 ARTPREVIEW fighter=Medusa hero=1 eligible=0 visual=1 mesh=SK_Medusa_H2LD
2026.10.06-02.18.18 ARTPREVIEW team ring fighter=f-0-hero team=P1 look=P1 mode=absolute shape=circle shown=1 mesh=SM_Marker_TeamRing_P1 fill=#E8C06A keyline=#111317 fillLinear=(0.8070,0.5271,0.1441) zMin=0.60 zMax=1.20 scale=1.00 base=hidden blockout=0 art=1 rim=#FFFFFF
2026.10.06-02.18.18 ARTPREVIEW anim fighter=f-0-hero clip=Idle len=2.333 event=spawn loop=1 phase=0.8071 seq=-1 asset=AM_Medusa_Idle rate=1.00
2026.10.06-02.18.18 ARTPREVIEW readability contact shadow material=/Game/EnvMaps/M_MapContactShadow.M_MapContactShadow loaded=1
2026.10.06-02.18.18 ARTPREVIEW readability fighter=f-0-hero hero=1 contactShadow=1 diameterUU=52.0 strength=0.25 leaderPip=1 look=P1 ringScale=1.00
2026.10.06-02.18.18 ARTPREVIEW heroesV2 fighter=f-0-sk0 mesh=/Game/PipelineCandidates/Harpy/H3LD/Meshes/SK_Harpy_H3LD mi=/Game/PipelineCandidates/Harpy/H3LD/Materials/MI_Harpy_H3LD_P1 yaw=270.0 scale=1.0000 name=Harpies hero=0 look=P1 base=/Game/PipelineCandidates/Harpy/H3LD/Meshes/SM_Harpy_H3LD_Base baseMi=/Game/PipelineCandidates/Harpy/H3LD/Materials/MI_Harpy_H3LD_Base_P1 skeleton=/Game/PipelineCandidates/Harpy/Rig/SK_Harpy_Skeleton.SK_Harpy_Skeleton clips=4/4 boundsTop=42.00 figureTop=42.00 budget=42.0
2026.10.06-02.18.18 ARTPREVIEW click capsule fighter=f-0-sk0 mesh=SK_Harpy_H3LD physicsAsset=0 radius=20.0 halfHeight=21.0 top=42.0 bodyCollision=0 source=meshBounds
2026.10.06-02.18.18 ARTPREVIEW team ring fighter=f-0-sk0 team=P1 look=P1 mode=absolute shape=circle shown=1 mesh=SM_Marker_TeamRing_P1 fill=#E8C06A keyline=#111317 fillLinear=(0.8070,0.5271,0.1441) zMin=0.60 zMax=1.20 scale=0.78 base=hidden blockout=0 art=1 rim=#FFFFFF
2026.10.06-02.18.18 ARTPREVIEW anim fighter=f-0-sk0 clip=Idle len=2.000 event=spawn loop=1 phase=0.6635 seq=-1 asset=AM_Harpy_Idle rate=1.00
2026.10.06-02.18.18 ARTPREVIEW readability fighter=f-0-sk0 hero=0 contactShadow=1 diameterUU=40.6 strength=0.25 leaderPip=0 look=P1 ringScale=0.78
2026.10.06-02.18.18 ARTPREVIEW heroesV2 fighter=f-0-sk1 mesh=/Game/PipelineCandidates/Harpy/H3LD/Meshes/SK_Harpy_H3LD mi=/Game/PipelineCandidates/Harpy/H3LD/Materials/MI_Harpy_H3LD_P1 yaw=90.0 scale=1.0000 name=Harpies hero=0 look=P1 base=/Game/PipelineCandidates/Harpy/H3LD/Meshes/SM_Harpy_H3LD_Base baseMi=/Game/PipelineCandidates/Harpy/H3LD/Materials/MI_Harpy_H3LD_Base_P1 skeleton=/Game/PipelineCandidates/Harpy/Rig/SK_Harpy_Skeleton.SK_Harpy_Skeleton clips=4/4 boundsTop=42.00 figureTop=42.00 budget=42.0
2026.10.06-02.18.18 ARTPREVIEW click capsule fighter=f-0-sk1 mesh=SK_Harpy_H3LD physicsAsset=0 radius=20.0 halfHeight=21.0 top=42.0 bodyCollision=0 source=meshBounds
2026.10.06-02.18.18 ARTPREVIEW team ring fighter=f-0-sk1 team=P1 look=P1 mode=absolute shape=circle shown=1 mesh=SM_Marker_TeamRing_P1 fill=#E8C06A keyline=#111317 fillLinear=(0.8070,0.5271,0.1441) zMin=0.60 zMax=1.20 scale=0.78 base=hidden blockout=0 art=1 rim=#FFFFFF
2026.10.06-02.18.18 ARTPREVIEW anim fighter=f-0-sk1 clip=Idle len=2.000 event=spawn loop=1 phase=0.9016 seq=-1 asset=AM_Harpy_Idle rate=1.00
2026.10.06-02.18.18 ARTPREVIEW readability fighter=f-0-sk1 hero=0 contactShadow=1 diameterUU=40.6 strength=0.25 leaderPip=0 look=P1 ringScale=0.78
2026.10.06-02.18.18 ARTPREVIEW heroesV2 fighter=f-0-sk2 mesh=/Game/PipelineCandidates/Harpy/H3LD/Meshes/SK_Harpy_H3LD mi=/Game/PipelineCandidates/Harpy/H3LD/Materials/MI_Harpy_H3LD_P1 yaw=270.0 scale=1.0000 name=Harpies hero=0 look=P1 base=/Game/PipelineCandidates/Harpy/H3LD/Meshes/SM_Harpy_H3LD_Base baseMi=/Game/PipelineCandidates/Harpy/H3LD/Materials/MI_Harpy_H3LD_Base_P1 skeleton=/Game/PipelineCandidates/Harpy/Rig/SK_Harpy_Skeleton.SK_Harpy_Skeleton clips=4/4 boundsTop=42.00 figureTop=42.00 budget=42.0
2026.10.06-02.18.18 ARTPREVIEW click capsule fighter=f-0-sk2 mesh=SK_Harpy_H3LD physicsAsset=0 radius=20.0 halfHeight=21.0 top=42.0 bodyCollision=0 source=meshBounds
2026.10.06-02.18.18 ARTPREVIEW team ring fighter=f-0-sk2 team=P1 look=P1 mode=absolute shape=circle shown=1 mesh=SM_Marker_TeamRing_P1 fill=#E8C06A keyline=#111317 fillLinear=(0.8070,0.5271,0.1441) zMin=0.60 zMax=1.20 scale=0.78 base=hidden blockout=0 art=1 rim=#FFFFFF
2026.10.06-02.18.18 ARTPREVIEW anim fighter=f-0-sk2 clip=Idle len=2.000 event=spawn loop=1 phase=0.1873 seq=-1 asset=AM_Harpy_Idle rate=1.00
2026.10.06-02.18.18 ARTPREVIEW readability fighter=f-0-sk2 hero=0 contactShadow=1 diameterUU=40.6 strength=0.25 leaderPip=0 look=P1 ringScale=0.78
2026.10.06-02.18.18 ARTPREVIEW heroesV2 fighter=f-1-hero mesh=/Game/PipelineCandidates/KingArthur/H2LD/Meshes/SK_KingArthur_H2LD mi=/Game/PipelineCandidates/KingArthur/H2LD/Materials/MI_KingArthur_H2LD_P2 yaw=270.0 scale=1.0000 name=King Arthur hero=1 look=P2 base=/Game/PipelineCandidates/KingArthur/H2LD/Meshes/SM_KingArthur_H2LD_Base baseMi=/Game/PipelineCandidates/KingArthur/H2LD/Materials/MI_KingArthur_H2LD_Base_P2 skeleton=/Game/PipelineCandidates/KingArthur/Rig/SK_KingArthur_Skeleton.SK_KingArthur_Skeleton clips=4/4 boundsTop=60.06 figureTop=55.00 budget=55.0
2026.10.06-02.18.18 ARTPREVIEW click capsule fighter=f-1-hero mesh=SK_KingArthur_H2LD physicsAsset=0 radius=12.8 halfHeight=30.0 top=60.1 bodyCollision=0 source=meshBounds
2026.10.06-02.18.18 ARTPREVIEW team ring fighter=f-1-hero team=P2 look=P2 mode=absolute shape=hexagon shown=1 mesh=SM_Marker_TeamRing_P2 fill=#5A7F9F keyline=#111317 fillLinear=(0.1022,0.2122,0.3467) zMin=0.60 zMax=1.20 scale=1.00 base=hidden blockout=0 art=1 rim=#FFFFFF
2026.10.06-02.18.18 ARTPREVIEW anim fighter=f-1-hero clip=Idle len=2.500 event=spawn loop=1 phase=0.3470 seq=-1 asset=AM_KingArthur_Idle rate=1.00
2026.10.06-02.18.18 ARTPREVIEW readability fighter=f-1-hero hero=1 contactShadow=1 diameterUU=52.0 strength=0.25 leaderPip=1 look=P2 ringScale=1.00
2026.10.06-02.18.18 ARTPREVIEW heroesV2 fighter=f-1-sk0 mesh=/Game/PipelineCandidates/Merlin/H2LD/Meshes/SK_Merlin_H2LD mi=/Game/PipelineCandidates/Merlin/H2LD/Materials/MI_Merlin_H2LD_P2 yaw=270.0 scale=1.0003 name=Merlin hero=0 look=P2 base=/Game/PipelineCandidates/Merlin/H2LD/Meshes/SM_Merlin_H2LD_Base baseMi=/Game/PipelineCandidates/Merlin/H2LD/Materials/MI_Merlin_H2LD_Base_P2 skeleton=/Game/PipelineCandidates/Merlin/Rig/SK_Merlin_Skeleton.SK_Merlin_Skeleton clips=4/4 boundsTop=49.44 figureTop=45.00 budget=45.0
2026.10.06-02.18.18 ARTPREVIEW click capsule fighter=f-1-sk0 mesh=SK_Merlin_H2LD physicsAsset=0 radius=10.5 halfHeight=24.7 top=49.4 bodyCollision=0 source=meshBounds
2026.10.06-02.18.18 ARTPREVIEW team ring fighter=f-1-sk0 team=P2 look=P2 mode=absolute shape=hexagon shown=1 mesh=SM_Marker_TeamRing_P2 fill=#5A7F9F keyline=#111317 fillLinear=(0.1022,0.2122,0.3467) zMin=0.60 zMax=1.20 scale=0.78 base=hidden blockout=0 art=1 rim=#FFFFFF
2026.10.06-02.18.18 ARTPREVIEW anim fighter=f-1-sk0 clip=Idle len=3.000 event=spawn loop=1 phase=0.8028 seq=-1 asset=AM_Merlin_Idle rate=1.00
2026.10.06-02.18.18 ARTPREVIEW readability fighter=f-1-sk0 hero=0 contactShadow=1 diameterUU=40.6 strength=0.25 leaderPip=0 look=P2 ringScale=0.78
2026.10.06-02.18.18 ARTPREVIEW hero-light rig fighter=f-0-hero layers=2 height=55.0 channel=1 shadowMaps=0 indirect=0 translucency=0 pedestal=0 key=7.00lux rim=3.50lux key=(-103,60,138)d160/17.984cd/r353/cone22-32/#FFF0E0/spec0.50/contact0.100 rim=(-16,-59,55)d66/1.528cd/r132/cone16-30/#A8C0FF/spec0.80/contact0.000
2026.10.06-02.18.18 ARTPREVIEW hero-light fighter=f-0-hero state=idle layers=2 lightsOn=2 keyCd=17.984 rimCd=1.528 mul=1.000 pulse=none
2026.10.06-02.18.18 ARTPREVIEW hero-light rig fighter=f-0-sk0 layers=2 height=42.0 channel=1 shadowMaps=0 indirect=0 translucency=0 pedestal=0 key=7.00lux rim=3.50lux key=(-79,45,105)d122/10.487cd/r269/cone22-32/#FFF0E0/spec0.50/contact0.100 rim=(-12,-45,42)d50/0.891cd/r101/cone16-30/#A8C0FF/spec0.80/contact0.000
2026.10.06-02.18.18 ARTPREVIEW hero-light fighter=f-0-sk0 state=idle layers=2 lightsOn=2 keyCd=10.487 rimCd=0.891 mul=1.000 pulse=none
2026.10.06-02.18.18 ARTPREVIEW hero-light rig fighter=f-0-sk1 layers=2 height=42.0 channel=1 shadowMaps=0 indirect=0 translucency=0 pedestal=0 key=7.00lux rim=3.50lux key=(-79,45,105)d122/10.487cd/r269/cone22-32/#FFF0E0/spec0.50/contact0.100 rim=(-12,-45,42)d50/0.891cd/r101/cone16-30/#A8C0FF/spec0.80/contact0.000
2026.10.06-02.18.18 ARTPREVIEW hero-light fighter=f-0-sk1 state=idle layers=2 lightsOn=2 keyCd=10.487 rimCd=0.891 mul=1.000 pulse=none
2026.10.06-02.18.18 ARTPREVIEW hero-light rig fighter=f-0-sk2 layers=2 height=42.0 channel=1 shadowMaps=0 indirect=0 translucency=0 pedestal=0 key=7.00lux rim=3.50lux key=(-79,45,105)d122/10.487cd/r269/cone22-32/#FFF0E0/spec0.50/contact0.100 rim=(-12,-45,42)d50/0.891cd/r101/cone16-30/#A8C0FF/spec0.80/contact0.000
2026.10.06-02.18.18 ARTPREVIEW hero-light fighter=f-0-sk2 state=idle layers=2 lightsOn=2 keyCd=10.487 rimCd=0.891 mul=1.000 pulse=none
2026.10.06-02.18.18 ARTPREVIEW hero-light rig fighter=f-1-hero layers=2 height=60.1 channel=1 shadowMaps=0 indirect=0 translucency=0 pedestal=0 key=7.00lux rim=3.50lux key=(-113,65,150)d175/21.443cd/r385/cone22-32/#FFF0E0/spec0.50/contact0.100 rim=(-17,-65,60)d72/1.822cd/r144/cone16-30/#A8C0FF/spec0.80/contact0.000
2026.10.06-02.18.18 ARTPREVIEW hero-light fighter=f-1-hero state=idle layers=2 lightsOn=2 keyCd=21.443 rimCd=1.822 mul=1.000 pulse=none
2026.10.06-02.18.18 ARTPREVIEW hero-light rig fighter=f-1-sk0 layers=2 height=49.4 channel=1 shadowMaps=0 indirect=0 translucency=0 pedestal=0 key=7.00lux rim=3.50lux key=(-93,54,124)d144/14.530cd/r317/cone22-32/#FFF0E0/spec0.50/contact0.100 rim=(-14,-53,49)d59/1.234cd/r119/cone16-30/#A8C0FF/spec0.80/contact0.000
2026.10.06-02.18.18 ARTPREVIEW hero-light fighter=f-1-sk0 state=idle layers=2 lightsOn=2 keyCd=14.530 rimCd=1.234 mul=1.000 pulse=none
2026.10.06-02.18.18 ARTPREVIEW hero-light board profile=sarpedon-original light=sarpedon-night on=1 reason=profile fighters=6 litFigures=6 layers=2 lightsOn=12 budget=12/14 perFigure<=2 channel=1 frozen=0
2026.10.06-02.18.18 ARTPREVIEW heroesV2 summary fighters=6 mapped=6 v2=6
2026.10.06-02.18.18 FIGHTERS synced n=6 alive=6 own=4 enemy=2
2026.10.06-02.18.18 STATE seq=1 -> apply
2026.10.06-02.18.18 MUSIC theme=MUS-MAP-SARPEDON t=18512 l1=ok l2=ok
2026.10.06-02.18.18 SFX bank=STG-MATCH-START tag=sting class=Music t=18512 sound=SW_STG_MATCH_START gain=0.60
2026.10.06-02.18.18 HUD-TRACK own=0/2 server=0 local=0 opp=0/2 oppVisible=0 anim=reset/reset seq=1 frame=551
2026.10.06-02.18.18 S09AUTO own turn #0 (turnCount=1)
2026.10.06-02.18.18 S09AUTO attack deferred - command gate closed (live stream is reconnecting - commands wait until the state stream is back); retrying when the stream is ready
2026.10.06-02.18.18 HUD art layer plate=1 iconSize=32 iconTexture=1 iconProbe=0 plan=0
2026.10.06-02.18.18 HUD art impl=umg plateViews=umg:/Game/S08/UI/ArtHud/WBP_S08ArtPlate iconViews=umg-motion:S08AnimatedIconWidget:action-attack-token textTable=S08ArtHud entries=13 missingKeys=0
2026.10.06-02.18.18 HUD tags boardPlate=1 hardPadPx=3 profile=sarpedon-original
2026.10.06-02.18.18 TAG fighter=f-1-hero bbox=(1404,62,1506,84) mode=compact look=P2 placement=left ring=0 hardPx2=0 softPx2=0 order=0 bound=1
2026.10.06-02.18.18 TAG fighter=f-1-sk0 bbox=(1172,255,1256,277) mode=compact look=P2 placement=above ring=0 hardPx2=0 softPx2=0 order=1 bound=1
2026.10.06-02.18.18 ARTPREVIEW screen labels=1 (world TextRender labels and damage text hidden)
2026.10.06-02.18.18 DECKLIST loaded game=cmuw1u4nq0561t84m7cuv93yr lists=2
2026.10.06-02.18.18 SUBSCRIBED gameStateUpdated since=1
2026.10.06-02.18.18 HUD-HAND layout left=485 panel=950 canvas=1920 columnRight=271 gutter=12 shifted=0 wrap=1601
2026.10.06-02.18.18 TAG fighter=f-0-hero bbox=(623,430,725,452) mode=compact look=P1 placement=above ring=0 hardPx2=0 softPx2=0 order=0 bound=1
2026.10.06-02.18.18 TAG fighter=f-0-sk0 bbox=(509,496,593,518) mode=compact look=P1 placement=above ring=0 hardPx2=0 softPx2=0 order=2 bound=1
2026.10.06-02.18.18 TAG fighter=f-0-sk1 bbox=(396,458,480,480) mode=compact look=P1 placement=above ring=0 hardPx2=0 softPx2=0 order=1 bound=1
2026.10.06-02.18.18 TAG fighter=f-0-sk2 bbox=(308,584,392,606) mode=compact look=P1 placement=left ring=0 hardPx2=0 softPx2=0 order=4 bound=1
2026.10.06-02.18.18 TAG fighter=f-1-hero bbox=(977,619,1079,641) mode=compact look=P2 placement=left ring=0 hardPx2=0 softPx2=0 order=5 bound=1
2026.10.06-02.18.18 TAG fighter=f-1-sk0 bbox=(1130,510,1214,532) mode=compact look=P2 placement=above ring=0 hardPx2=0 softPx2=0 order=3 bound=1
2026.10.06-02.18.18 SNAPSHOT applied seq=1 phase=ACTION_MANEUVER
2026.10.06-02.18.18 HANDLE_APPLIED #2 seq=1 decision=1 fightersValid=1 boardValid=1
2026.10.06-02.18.18 MODE seq=1 mode=0 combat=0 pending=0
2026.10.06-02.18.18 HUD seq=1 phase=ACTION_MANEUVER turn=you hand=5 oppHand=5(hidden) oppDeck=25 deck=25 discard=0
2026.10.06-02.18.18 MS-STATUS seq=1 text="Choose an action: maneuver (M), attack (A) or scheme (G)"
2026.10.06-02.18.18 ARTPREVIEW fighter=Medusa hero=1 eligible=0 visual=1 mesh=SK_Medusa_H2LD
2026.10.06-02.18.18 FIGHTERS synced n=6 alive=6 own=4 enemy=2
2026.10.06-02.18.18 WS seq=1 phase=ACTION_MANEUVER (merge)
2026.10.06-02.18.18 S09AUTO attack deferred - no may-boost card in hand (turn#0 elapsed=19s)
2026.10.06-02.18.18 HUD-TRACK chosen=maneuver seq=1 spent=0
2026.10.06-02.18.18 MS-STATUS seq=1 text="Syncing…"
2026.10.06-02.18.18 TOAST text="begin maneuver sent (server draws 1 card)"
2026.10.06-02.18.18 HUD-TRACK own=1/2 server=0 local=1 opp=0/2 oppVisible=0 anim=spend/- seq=1 frame=554
2026.10.06-02.18.18 TAG fighter=f-0-hero bbox=(623,430,725,452) mode=compact look=P1 placement=above ring=0 hardPx2=0 softPx2=0 order=0 bound=1
2026.10.06-02.18.18 TAG fighter=f-0-sk0 bbox=(509,496,593,518) mode=compact look=P1 placement=above ring=0 hardPx2=0 softPx2=0 order=2 bound=1
2026.10.06-02.18.18 TAG fighter=f-0-sk1 bbox=(396,458,480,480) mode=compact look=P1 placement=above ring=0 hardPx2=0 softPx2=0 order=1 bound=1
2026.10.06-02.18.18 TAG fighter=f-0-sk2 bbox=(308,584,392,606) mode=compact look=P1 placement=left ring=0 hardPx2=0 softPx2=0 order=4 bound=1
2026.10.06-02.18.18 TAG fighter=f-1-hero bbox=(977,619,1079,641) mode=compact look=P2 placement=left ring=0 hardPx2=0 softPx2=0 order=5 bound=1
2026.10.06-02.18.18 TAG fighter=f-1-sk0 bbox=(1130,510,1214,532) mode=compact look=P2 placement=above ring=0 hardPx2=0 softPx2=0 order=3 bound=1
2026.10.06-02.18.18 SFX bank=BRD-SETUP tag=setup class=SFX t=18645 sound=SW_BRD_SETUP_01 gain=0.80
2026.10.06-02.18.18 SNAPSHOT applied seq=2 phase=ACTION_MANEUVER
2026.10.06-02.18.18 HANDLE_APPLIED #3 seq=2 decision=2 fightersValid=1 boardValid=1
2026.10.06-02.18.18 MS-DRAFT op=candidates rev=1 src=snapshot n=4 ids=f-0-hero,f-0-sk0,f-0-sk1,f-0-sk2 autoselect=-
2026.10.06-02.18.18 MANEUVER-DRAFT mode=maneuver:1:1
2026.10.06-02.18.18 DRAFT-OPEN draw committed (resume instead of begin)
2026.10.06-02.18.18 SFX bank=BRD-CANDIDATES tag=candidates class=SFX t=18679 sound=SW_BRD_CANDIDATES_01 gain=0.80
2026.10.06-02.18.18 MODE seq=2 mode=1 combat=0 pending=0
2026.10.06-02.18.18 MS-TRACK own=1/2 opp=0/2 oppVisible=0 seq=2
2026.10.06-02.18.18 CUE sound id=CUE-005 point=cue subject=hand.own seq=2 t=18679 event_t=18679 dt=0 class=SFX sound=SW_CRD_DRAW_03 gain=0.80 result=played
2026.10.06-02.18.18 HUD seq=2 phase=ACTION_MANEUVER turn=you hand=6 oppHand=5(hidden) oppDeck=25 deck=24 discard=0
2026.10.06-02.18.18 MS-STATUS seq=2 text="Choose a fighter to move"
2026.10.06-02.18.18 ARTPREVIEW fighter=Medusa hero=1 eligible=0 visual=1 mesh=SK_Medusa_H2LD
2026.10.06-02.18.18 FIGHTERS synced n=6 alive=6 own=4 enemy=2
2026.10.06-02.18.18 MANEUVER begin seq=2 (apply) pending=maneuver:1:1
2026.10.06-02.18.18 SNAPSHOT applied seq=2 phase=ACTION_MANEUVER
2026.10.06-02.18.18 HANDLE_APPLIED #4 seq=2 decision=1 fightersValid=1 boardValid=1
2026.10.06-02.18.18 MODE seq=2 mode=1 combat=0 pending=0
2026.10.06-02.18.18 HUD seq=2 phase=ACTION_MANEUVER turn=you hand=6 oppHand=5(hidden) oppDeck=25 deck=24 discard=0
2026.10.06-02.18.18 ARTPREVIEW fighter=Medusa hero=1 eligible=0 visual=1 mesh=SK_Medusa_H2LD
2026.10.06-02.18.18 FIGHTERS synced n=6 alive=6 own=4 enemy=2
2026.10.06-02.18.18 WS seq=2 phase=ACTION_MANEUVER (merge)
2026.10.06-02.18.18 HUD-TRACK own=1/2 server=1 local=0 opp=0/2 oppVisible=0 anim=-/- seq=2 frame=557
2026.10.06-02.18.18 S09AUTO drive mode=1 plan=[attack+scheme] phase=ACTION_MANEUVER turn=cmuhntivg0000wib0anhqyswc
2026.10.06-02.18.18 TAG fighter=f-0-hero bbox=(623,430,725,452) mode=compact look=P1 placement=above ring=0 hardPx2=0 softPx2=0 order=0 bound=1
2026.10.06-02.18.18 TAG fighter=f-0-sk0 bbox=(509,496,593,518) mode=compact look=P1 placement=above ring=0 hardPx2=0 softPx2=0 order=2 bound=1
2026.10.06-02.18.18 TAG fighter=f-0-sk1 bbox=(396,458,480,480) mode=compact look=P1 placement=above ring=0 hardPx2=0 softPx2=0 order=1 bound=1
2026.10.06-02.18.18 TAG fighter=f-0-sk2 bbox=(308,584,392,606) mode=compact look=P1 placement=left ring=0 hardPx2=0 softPx2=0 order=4 bound=1
2026.10.06-02.18.18 TAG fighter=f-1-hero bbox=(977,619,1079,641) mode=compact look=P2 placement=left ring=0 hardPx2=0 softPx2=0 order=5 bound=1
2026.10.06-02.18.18 TAG fighter=f-1-sk0 bbox=(1130,510,1214,532) mode=compact look=P2 placement=above ring=0 hardPx2=0 softPx2=0 order=3 bound=1
2026.10.06-02.18.18 SFX bank=BRD-SETUP tag=setup class=SFX t=18779 sound=SW_BRD_SETUP_02 gain=0.80
2026.10.06-02.18.18 SFX bank=BRD-SETUP tag=setup class=SFX t=18945 sound=SW_BRD_SETUP_03 gain=0.80
2026.10.06-02.18.19 SFX bank=BRD-SETUP tag=setup class=SFX t=19079 sound=SW_BRD_SETUP_01 gain=0.80
2026.10.06-02.18.19 SFX bank=BRD-SETUP tag=setup class=SFX t=19212 sound=SW_BRD_SETUP_02 gain=0.80
2026.10.06-02.18.19 SFX bank=BRD-SETUP tag=setup class=SFX t=19345 sound=SW_BRD_SETUP_03 gain=0.80
2026.10.06-02.18.19 S09AUTO draft-open shot (maneuver marker live)
2026.10.06-02.18.19 SHOT ctx viewport=1920x1080 viewTarget=CameraActor_2147482025 cam=(0,1342,1917) rot=(-55,-90,0)
2026.10.06-02.18.19 RENDER tag=SHOT rhi=D3D12 featureLevel=SM6 shaderPlatform=PCD3D_SM6 lumenPlatform=1 gi=lumen giMethod=1 refl=lumen reflMethod=1 shadows=csm vsmEnable=0 sg.res=100 sg.view=2 sg.aa=2 sg.shadow=2 sg.gi=2 sg.refl=2 sg.pp=2 sg.tex=2 sg.fx=2 sg.foliage=2 sg.shading=2 sg.landscape=2 preset=High screenPct=100.0 screenPctMode=0 aa=TSR aaMethod=4 exposure=fixed-histogram expMin=4.14106 expMax=4.14106 expBias=0.000 ev100=2.05 lightUnits=candelas sky=1 skyIntensity=3.000 keyShadow=csm-3600uu-2c-contact0.000 shadowCasters=1 profile=sarpedon-night profilesSha256=0a3417258f46ad3d99620bcbabd1b37615192b7a59f090c77515189845b33bb7 profilesSource=pak legacyRender=0 gameLayer=unlit-eyeadaptinv tMaxFPS=30.0 vsync=0 frameRateLimit=60.0 substrate=0 nanite=1 meshDF=1 viewport=1920x1080 reference=1
2026.10.06-02.18.19 SHOT fighter f-0-hero pos=(2,2) world=(-218,-13,0) screen=(678,527) projected=1 alive=1
2026.10.06-02.18.19 SHOT fighter f-0-sk0 pos=(1,3) world=(-309,33,0) screen=(555,576) projected=1 alive=1
2026.10.06-02.18.19 SHOT fighter f-0-sk1 pos=(0,2) world=(-398,-3,0) screen=(442,537) projected=1 alive=1
2026.10.06-02.18.19 SHOT fighter f-0-sk2 pos=(0,3) world=(-394,92,0) screen=(435,640) projected=1 alive=1
2026.10.06-02.18.19 SHOT fighter f-1-hero pos=(5,4) world=(119,141,0) screen=(1120,695) projected=1 alive=1
2026.10.06-02.18.19 SHOT fighter f-1-sk0 pos=(6,3) world=(159,52,0) screen=(1169,596) projected=1 alive=1
2026.10.06-02.18.19 SHOT camera dist=2340.2 target=2340.2 overview=2340.2 errPct=0.000 focusErr=0.00 settled=1 zoom=1.00
2026.10.06-02.18.19 SHOT head fighter=f-0-hero socket=Head mesh=SK_Medusa_H2LD world=(-217.2,-11.4,47.1) screen=(673.4,492.1) top=(672.8,487.4) bottom=(674.0,496.7) headPx=9.4 projected=1
2026.10.06-02.18.19 SHOT head fighter=f-0-sk0 socket=Head mesh=SK_Harpy_H3LD world=(-309.0,28.1,34.2) screen=(550.3,544.6) top=(549.4,540.0) bottom=(551.1,549.1) headPx=9.3 projected=1
2026.10.06-02.18.19 SHOT head fighter=f-0-sk1 socket=Head mesh=SK_Harpy_H3LD world=(-398.9,2.3,34.3) screen=(434.5,516.6) top=(433.3,512.0) bottom=(435.6,521.2) headPx=9.4 projected=1
2026.10.06-02.18.19 SHOT head fighter=f-0-sk2 socket=Head mesh=SK_Harpy_H3LD world=(-393.7,86.7,33.9) screen=(430.2,609.4) top=(429.1,604.9) bottom=(431.4,613.9) headPx=9.3 projected=1
2026.10.06-02.18.19 SHOT head fighter=f-1-hero socket=Head mesh=SK_KingArthur_H2LD world=(118.6,140.8,50.0) screen=(1122.8,658.9) top=(1123.2,654.4) bottom=(1122.5,663.3) headPx=8.9 projected=1
2026.10.06-02.18.19 SHOT head fighter=f-1-sk0 socket=Head mesh=SK_Merlin_H2LD world=(158.6,48.7,36.5) screen=(1171.6,565.3) top=(1172.1,560.8) bottom=(1171.2,569.9) headPx=9.1 projected=1
2026.10.06-02.18.19 SHOT figure fighter=f-0-hero bbox=(632,454,716,557) ringR=28.50 art=1 blockout=0 team=P1 look=P1 ring=1
2026.10.06-02.18.19 SHOT figure fighter=f-0-sk0 bbox=(516,520,586,600) ringR=22.23 art=1 blockout=0 team=P1 look=P1 ring=1
2026.10.06-02.18.19 SHOT figure fighter=f-0-sk1 bbox=(402,482,474,561) ringR=22.23 art=1 blockout=0 team=P1 look=P1 ring=1
2026.10.06-02.18.19 SHOT figure fighter=f-0-sk2 bbox=(394,584,467,665) ringR=22.23 art=1 blockout=0 team=P1 look=P1 ring=1
2026.10.06-02.18.19 SHOT figure fighter=f-1-hero bbox=(1081,619,1165,728) ringR=28.50 art=1 blockout=0 team=P2 look=P2 ring=1
2026.10.06-02.18.19 SHOT figure fighter=f-1-sk0 bbox=(1139,534,1204,620) ringR=22.23 art=1 blockout=0 team=P2 look=P2 ring=1
2026.10.06-02.18.19 SHOT request file=s09-maneuver-draft-open.png frame=588
2026.10.06-02.18.19 SHOT requested: FScreenshotRequest(bShowUI) -> C:\Users\ren\AppData\Local\Temp\s09-combat-20261006-071758-37616\host/s09-maneuver-draft-open.png
2026.10.06-02.18.19 SHOT captured file=s09-maneuver-draft-open.png frame=588 px=1920x1080 sha256=3b93d48c9b2c0a400e5f461ed5a006505a522f916aa1e3cec570e793980220ae order=BGRA saved=1
2026.10.06-02.18.19 SHOT late begin file=s09-maneuver-draft-open.png frame=588 requestFrame=588
2026.10.06-02.18.19 SHOT iconstate visible=0 lastFighter=none frame=588
2026.10.06-02.18.19 SHOT widget id=board.tag impl=umg state=compact fighter=f-0-hero bbox=(623,430,725,452) geom=painted visible=1 twin=0 source=/Game/S08/UI/ArtHud/WBP_S08ArtTag mode=compact look=P1 shape=circle placement=above ring=0 order=0 bound=1 softPx2=0 planned=(623,430,725,452) frame=588
2026.10.06-02.18.19 SHOT widget id=board.tag.hp impl=umg state=compact fighter=f-0-hero bbox=(679,432,721,450) geom=painted visible=1 twin=0 source=/Game/S08/UI/ArtHud/WBP_S08ArtTag mode=compact look=P1 shape=circle placement=above ring=0 order=0 bound=1 softPx2=0 planned=(623,430,725,452) frame=588 font=11
2026.10.06-02.18.19 SHOT widget id=board.tag.bar impl=umg state=compact fighter=f-0-hero bbox=(642,439,676,444) geom=painted visible=1 twin=0 source=/Game/S08/UI/ArtHud/WBP_S08ArtTag mode=compact look=P1 shape=circle placement=above ring=0 order=0 bound=1 softPx2=0 planned=(623,430,725,452) frame=588
2026.10.06-02.18.19 SHOT widget id=board.tag.chip impl=umg state=compact fighter=f-0-hero bbox=(627,435,639,447) geom=painted visible=1 twin=0 source=/Game/S08/UI/ArtHud/WBP_S08ArtTag mode=compact look=P1 shape=circle placement=above ring=0 order=0 bound=1 softPx2=0 planned=(623,430,725,452) frame=588
2026.10.06-02.18.19 SHOT widget id=board.tag impl=umg state=compact fighter=f-0-sk0 bbox=(509,496,593,518) geom=painted visible=1 twin=0 source=/Game/S08/UI/ArtHud/WBP_S08ArtTag mode=compact look=P1 shape=circle placement=above ring=0 order=2 bound=1 softPx2=0 planned=(509,496,593,518) frame=588
2026.10.06-02.18.19 SHOT widget id=board.tag.hp impl=umg state=compact fighter=f-0-sk0 bbox=(565,498,589,516) geom=painted visible=1 twin=0 source=/Game/S08/UI/ArtHud/WBP_S08ArtTag mode=compact look=P1 shape=circle placement=above ring=0 order=2 bound=1 softPx2=0 planned=(509,496,593,518) frame=588 font=11
2026.10.06-02.18.19 SHOT widget id=board.tag.bar impl=umg state=compact fighter=f-0-sk0 bbox=(528,505,562,510) geom=painted visible=1 twin=0 source=/Game/S08/UI/ArtHud/WBP_S08ArtTag mode=compact look=P1 shape=circle placement=above ring=0 order=2 bound=1 softPx2=0 planned=(509,496,593,518) frame=588
2026.10.06-02.18.19 SHOT widget id=board.tag.chip impl=umg state=compact fighter=f-0-sk0 bbox=(513,501,525,513) geom=painted visible=1 twin=0 source=/Game/S08/UI/ArtHud/WBP_S08ArtTag mode=compact look=P1 shape=circle placement=above ring=0 order=2 bound=1 softPx2=0 planned=(509,496,593,518) frame=588
2026.10.06-02.18.19 SHOT widget id=board.tag impl=umg state=compact fighter=f-0-sk1 bbox=(396,458,480,480) geom=painted visible=1 twin=0 source=/Game/S08/UI/ArtHud/WBP_S08ArtTag mode=compact look=P1 shape=circle placement=above ring=0 order=1 bound=1 softPx2=0 planned=(396,458,480,480) frame=588
2026.10.06-02.18.19 SHOT widget id=board.tag.hp impl=umg state=compact fighter=f-0-sk1 bbox=(452,460,476,478) geom=painted visible=1 twin=0 source=/Game/S08/UI/ArtHud/WBP_S08ArtTag mode=compact look=P1 shape=circle placement=above ring=0 order=1 bound=1 softPx2=0 planned=(396,458,480,480) frame=588 font=11
2026.10.06-02.18.19 SHOT widget id=board.tag.bar impl=umg state=compact fighter=f-0-sk1 bbox=(415,467,449,472) geom=painted visible=1 twin=0 source=/Game/S08/UI/ArtHud/WBP_S08ArtTag mode=compact look=P1 shape=circle placement=above ring=0 order=1 bound=1 softPx2=0 planned=(396,458,480,480) frame=588
2026.10.06-02.18.19 SHOT widget id=board.tag.chip impl=umg state=compact fighter=f-0-sk1 bbox=(400,463,412,475) geom=painted visible=1 twin=0 source=/Game/S08/UI/ArtHud/WBP_S08ArtTag mode=compact look=P1 shape=circle placement=above ring=0 order=1 bound=1 softPx2=0 planned=(396,458,480,480) frame=588
2026.10.06-02.18.19 SHOT widget id=board.tag impl=umg state=compact fighter=f-0-sk2 bbox=(308,584,392,606) geom=painted visible=1 twin=0 source=/Game/S08/UI/ArtHud/WBP_S08ArtTag mode=compact look=P1 shape=circle placement=left ring=0 order=4 bound=1 softPx2=0 planned=(308,584,392,606) frame=588
2026.10.06-02.18.19 SHOT widget id=board.tag.hp impl=umg state=compact fighter=f-0-sk2 bbox=(364,586,388,604) geom=painted visible=1 twin=0 source=/Game/S08/UI/ArtHud/WBP_S08ArtTag mode=compact look=P1 shape=circle placement=left ring=0 order=4 bound=1 softPx2=0 planned=(308,584,392,606) frame=588 font=11
2026.10.06-02.18.19 SHOT widget id=board.tag.bar impl=umg state=compact fighter=f-0-sk2 bbox=(327,593,361,598) geom=painted visible=1 twin=0 source=/Game/S08/UI/ArtHud/WBP_S08ArtTag mode=compact look=P1 shape=circle placement=left ring=0 order=4 bound=1 softPx2=0 planned=(308,584,392,606) frame=588
2026.10.06-02.18.19 SHOT widget id=board.tag.chip impl=umg state=compact fighter=f-0-sk2 bbox=(312,589,324,601) geom=painted visible=1 twin=0 source=/Game/S08/UI/ArtHud/WBP_S08ArtTag mode=compact look=P1 shape=circle placement=left ring=0 order=4 bound=1 softPx2=0 planned=(308,584,392,606) frame=588
2026.10.06-02.18.19 SHOT widget id=board.tag impl=umg state=compact fighter=f-1-hero bbox=(977,619,1079,641) geom=painted visible=1 twin=0 source=/Game/S08/UI/ArtHud/WBP_S08ArtTag mode=compact look=P2 shape=hex placement=left ring=0 order=5 bound=1 softPx2=0 planned=(977,619,1079,641) frame=588
2026.10.06-02.18.19 SHOT widget id=board.tag.hp impl=umg state=compact fighter=f-1-hero bbox=(1033,621,1075,639) geom=painted visible=1 twin=0 source=/Game/S08/UI/ArtHud/WBP_S08ArtTag mode=compact look=P2 shape=hex placement=left ring=0 order=5 bound=1 softPx2=0 planned=(977,619,1079,641) frame=588 font=11
2026.10.06-02.18.19 SHOT widget id=board.tag.bar impl=umg state=compact fighter=f-1-hero bbox=(996,628,1030,633) geom=painted visible=1 twin=0 source=/Game/S08/UI/ArtHud/WBP_S08ArtTag mode=compact look=P2 shape=hex placement=left ring=0 order=5 bound=1 softPx2=0 planned=(977,619,1079,641) frame=588
2026.10.06-02.18.19 SHOT widget id=board.tag.chip impl=umg state=compact fighter=f-1-hero bbox=(981,624,993,636) geom=painted visible=1 twin=0 source=/Game/S08/UI/ArtHud/WBP_S08ArtTag mode=compact look=P2 shape=hex placement=left ring=0 order=5 bound=1 softPx2=0 planned=(977,619,1079,641) frame=588
2026.10.06-02.18.19 SHOT widget id=board.tag impl=umg state=compact fighter=f-1-sk0 bbox=(1130,510,1214,532) geom=painted visible=1 twin=0 source=/Game/S08/UI/ArtHud/WBP_S08ArtTag mode=compact look=P2 shape=hex placement=above ring=0 order=3 bound=1 softPx2=0 planned=(1130,510,1214,532) frame=588
2026.10.06-02.18.19 SHOT widget id=board.tag.hp impl=umg state=compact fighter=f-1-sk0 bbox=(1186,512,1210,530) geom=painted visible=1 twin=0 source=/Game/S08/UI/ArtHud/WBP_S08ArtTag mode=compact look=P2 shape=hex placement=above ring=0 order=3 bound=1 softPx2=0 planned=(1130,510,1214,532) frame=588 font=11
2026.10.06-02.18.19 SHOT widget id=board.tag.bar impl=umg state=compact fighter=f-1-sk0 bbox=(1149,519,1183,524) geom=painted visible=1 twin=0 source=/Game/S08/UI/ArtHud/WBP_S08ArtTag mode=compact look=P2 shape=hex placement=above ring=0 order=3 bound=1 softPx2=0 planned=(1130,510,1214,532) frame=588
2026.10.06-02.18.19 SHOT widget id=board.tag.chip impl=umg state=compact fighter=f-1-sk0 bbox=(1134,515,1146,527) geom=painted visible=1 twin=0 source=/Game/S08/UI/ArtHud/WBP_S08ArtTag mode=compact look=P2 shape=hex placement=above ring=0 order=3 bound=1 softPx2=0 planned=(1130,510,1214,532) frame=588
2026.10.06-02.18.19 SHOT panel id=hud.command bbox=(0,0,772,156) geom=painted visible=1 frame=588
2026.10.06-02.18.19 SHOT panel id=hud.side bbox=(1432,0,1920,153) geom=painted visible=1 frame=588
2026.10.06-02.18.19 SHOT panel id=hud.hand bbox=(287,951,1633,1080) geom=painted visible=1 frame=588
2026.10.06-02.18.19 SHOT late end file=s09-maneuver-draft-open.png frame=588
2026.10.06-02.18.19 MS-DRAFT op=assign rev=4 src=auto fighter=f-0-hero dest=S35 order=1 status=ok required=0 boost=0 moves=1 ok=1 needboost=0 conflict=0
2026.10.06-02.18.19 MS-PATH fighter=f-0-hero steps=3 allowance=3 key=canonical cells=S20>S21>S31>S35
2026.10.06-02.18.19 S09AUTO approach fighter=f-0-hero from=(2,2) to=(4,4) steps=3 allowance=3 enemyDist=5->2
2026.10.06-02.18.19 MANEUVER-CONFIRM moves=1 boost=none
2026.10.06-02.18.19 MS-STATUS seq=2 text="Syncing…"
2026.10.06-02.18.19 HUD plate content fighter=f-0-hero name=Medusa hp=16/16 team=own statuses=HERO  |  RANGED teamSlot=P1 look=P1 shape=circle chip=#DAC576
2026.10.06-02.18.19 PLATE fighter=f-0-hero bbox=(366,210,538,264) overlapReachable=0 placement=above ring=23 gap=212 selection=f-0-hero destinations=19 clean=1 softPx2=0 tested=4896 bound=1
2026.10.06-02.18.19 TAG fighter=f-0-sk0 bbox=(509,496,593,518) mode=compact look=P1 placement=above ring=0 hardPx2=0 softPx2=0 order=1 bound=1
2026.10.06-02.18.19 TAG fighter=f-0-sk1 bbox=(396,458,480,480) mode=compact look=P1 placement=above ring=0 hardPx2=0 softPx2=0 order=0 bound=1
2026.10.06-02.18.19 TAG fighter=f-0-sk2 bbox=(308,584,392,606) mode=compact look=P1 placement=left ring=0 hardPx2=0 softPx2=0 order=3 bound=1
2026.10.06-02.18.19 TAG fighter=f-1-hero bbox=(977,619,1079,641) mode=compact look=P2 placement=left ring=0 hardPx2=0 softPx2=0 order=4 bound=1
2026.10.06-02.18.19 TAG fighter=f-1-sk0 bbox=(1130,510,1214,532) mode=compact look=P2 placement=above ring=0 hardPx2=0 softPx2=0 order=2 bound=1
2026.10.06-02.18.19 HUD-HAND lower=1 pick=cell cursor=board preview=hidden seq=2
2026.10.06-02.18.20 TAG fighter=f-0-sk0 bbox=(509,496,593,518) mode=compact look=P1 placement=above ring=0 hardPx2=0 softPx2=0 order=1 bound=1
2026.10.06-02.18.20 TAG fighter=f-0-sk1 bbox=(396,458,480,480) mode=compact look=P1 placement=above ring=0 hardPx2=0 softPx2=0 order=0 bound=1
2026.10.06-02.18.20 TAG fighter=f-0-sk2 bbox=(308,584,392,606) mode=compact look=P1 placement=left ring=0 hardPx2=0 softPx2=0 order=3 bound=1
2026.10.06-02.18.20 TAG fighter=f-1-hero bbox=(977,619,1079,641) mode=compact look=P2 placement=left ring=0 hardPx2=0 softPx2=0 order=4 bound=1
2026.10.06-02.18.20 TAG fighter=f-1-sk0 bbox=(1130,510,1214,532) mode=compact look=P2 placement=above ring=0 hardPx2=0 softPx2=0 order=2 bound=1
2026.10.06-02.18.20 SNAPSHOT applied seq=3 phase=ACTION_MANEUVER
2026.10.06-02.18.20 HANDLE_APPLIED #5 seq=3 decision=2 fightersValid=1 boardValid=1
2026.10.06-02.18.20 closed mode=
2026.10.06-02.18.20 MODE seq=3 mode=0 combat=0 pending=0
2026.10.06-02.18.20 MS-LAST enter seq=3 player=cmuhntivg0000wib0anhqyswc source=MANEUVER moves=1 boost=-1
2026.10.06-02.18.20 HUD seq=3 phase=ACTION_MANEUVER turn=you hand=6 oppHand=5(hidden) oppDeck=25 deck=24 discard=0
2026.10.06-02.18.20 MS-STATUS seq=3 text="Choose an action: maneuver (M), attack (A) or scheme (G)"
2026.10.06-02.18.20 ARTPREVIEW heroesV2 fighter=f-0-hero mesh=/Game/PipelineCandidates/Medusa/H2LD/Meshes/SK_Medusa_H2LD mi=/Game/PipelineCandidates/Medusa/H2LD/Materials/MI_Medusa_H2LD_P1 yaw=270.0 scale=0.9998 name=Medusa hero=1 look=P1 base=/Game/PipelineCandidates/Medusa/H2LD/Meshes/SM_Medusa_H2LD_Base baseMi=/Game/PipelineCandidates/Medusa/H2LD/Materials/MI_Medusa_H2LD_Base_P1 skeleton=/Game/PipelineCandidates/Medusa/Rig/SK_Medusa_Skeleton.SK_Medusa_Skeleton clips=4/4 boundsTop=55.00 figureTop=55.00 budget=55.0
2026.10.06-02.18.20 ARTPREVIEW fighter=Medusa hero=1 eligible=0 visual=1 mesh=SK_Medusa_H2LD
2026.10.06-02.18.20 FIGHTERS synced n=6 alive=6 own=4 enemy=2
2026.10.06-02.18.20 MS-CUE move seq=3 fighter=f-0-hero order=0 of=1 kind=move steps=3 source=trail start=0 ms=840 snapped=0 path=S20>S21>S31>S35 speed=normal reduced=0
2026.10.06-02.18.20 CUE sound id=CUE-007 point=step subject=f-0-hero seq=3 t=20095 event_t=20095 dt=0 class=SFX sound=SW_BRD_STEP_01 gain=0.80 result=played edge=1/3 due=20095
2026.10.06-02.18.20 MS-ANIM play seq=3 moves=1 animated=1 speed=normal reduced=0 end=990
2026.10.06-02.18.20 CUE move f-0-hero (2,2)->(4,4) seq=3
2026.10.06-02.18.20 MANEUVER done seq=3 (apply) fighters=6 boost=no
2026.10.06-02.18.20 SNAPSHOT applied seq=3 phase=ACTION_MANEUVER
2026.10.06-02.18.20 HANDLE_APPLIED #6 seq=3 decision=1 fightersValid=1 boardValid=1
2026.10.06-02.18.20 MODE seq=3 mode=0 combat=0 pending=0
2026.10.06-02.18.20 HUD seq=3 phase=ACTION_MANEUVER turn=you hand=6 oppHand=5(hidden) oppDeck=25 deck=24 discard=0
2026.10.06-02.18.20 ARTPREVIEW fighter=Medusa hero=1 eligible=0 visual=1 mesh=SK_Medusa_H2LD
2026.10.06-02.18.20 FIGHTERS synced n=6 alive=6 own=4 enemy=2
2026.10.06-02.18.20 WS seq=3 phase=ACTION_MANEUVER (merge)
2026.10.06-02.18.20 HUD-HAND lower=0 pick=none cursor=board preview=shown seq=3
2026.10.06-02.18.20 PLATE hidden fighter=f-0-hero
2026.10.06-02.18.20 TAG fighter=f-0-hero bbox=(643,429,745,451) mode=compact look=P1 placement=above ring=0 hardPx2=0 softPx2=0 order=0 bound=1
2026.10.06-02.18.20 TAG fighter=f-0-sk0 bbox=(509,496,593,518) mode=compact look=P1 placement=above ring=0 hardPx2=0 softPx2=0 order=2 bound=1
2026.10.06-02.18.20 TAG fighter=f-0-sk1 bbox=(396,458,480,480) mode=compact look=P1 placement=above ring=0 hardPx2=0 softPx2=0 order=1 bound=1
2026.10.06-02.18.20 TAG fighter=f-0-sk2 bbox=(308,584,392,606) mode=compact look=P1 placement=left ring=0 hardPx2=0 softPx2=0 order=4 bound=1
2026.10.06-02.18.20 TAG fighter=f-1-hero bbox=(977,619,1079,641) mode=compact look=P2 placement=left ring=0 hardPx2=0 softPx2=0 order=5 bound=1
2026.10.06-02.18.20 TAG fighter=f-1-sk0 bbox=(1130,510,1214,532) mode=compact look=P2 placement=above ring=0 hardPx2=0 softPx2=0 order=3 bound=1
2026.10.06-02.18.20 TAG fighter=f-0-hero bbox=(663,428,765,450) mode=compact look=P1 placement=above ring=0 hardPx2=0 softPx2=0 order=0 bound=1
2026.10.06-02.18.20 TAG fighter=f-0-sk0 bbox=(509,496,593,518) mode=compact look=P1 placement=above ring=0 hardPx2=0 softPx2=0 order=2 bound=1
2026.10.06-02.18.20 TAG fighter=f-0-sk1 bbox=(396,458,480,480) mode=compact look=P1 placement=above ring=0 hardPx2=0 softPx2=0 order=1 bound=1
2026.10.06-02.18.20 TAG fighter=f-0-sk2 bbox=(308,584,392,606) mode=compact look=P1 placement=left ring=0 hardPx2=0 softPx2=0 order=4 bound=1
2026.10.06-02.18.20 TAG fighter=f-1-hero bbox=(977,619,1079,641) mode=compact look=P2 placement=left ring=0 hardPx2=0 softPx2=0 order=5 bound=1
2026.10.06-02.18.20 TAG fighter=f-1-sk0 bbox=(1130,510,1214,532) mode=compact look=P2 placement=above ring=0 hardPx2=0 softPx2=0 order=3 bound=1
2026.10.06-02.18.20 TAG fighter=f-0-hero bbox=(684,427,786,449) mode=compact look=P1 placement=above ring=0 hardPx2=0 softPx2=0 order=0 bound=1
2026.10.06-02.18.20 TAG fighter=f-0-sk0 bbox=(509,496,593,518) mode=compact look=P1 placement=above ring=0 hardPx2=0 softPx2=0 order=2 bound=1
2026.10.06-02.18.20 TAG fighter=f-0-sk1 bbox=(396,458,480,480) mode=compact look=P1 placement=above ring=0 hardPx2=0 softPx2=0 order=1 bound=1
2026.10.06-02.18.20 TAG fighter=f-0-sk2 bbox=(308,584,392,606) mode=compact look=P1 placement=left ring=0 hardPx2=0 softPx2=0 order=4 bound=1
2026.10.06-02.18.20 TAG fighter=f-1-hero bbox=(977,619,1079,641) mode=compact look=P2 placement=left ring=0 hardPx2=0 softPx2=0 order=5 bound=1
2026.10.06-02.18.20 TAG fighter=f-1-sk0 bbox=(1130,510,1214,532) mode=compact look=P2 placement=above ring=0 hardPx2=0 softPx2=0 order=3 bound=1
2026.10.06-02.18.20 TAG fighter=f-0-hero bbox=(703,426,805,448) mode=compact look=P1 placement=above ring=0 hardPx2=0 softPx2=0 order=0 bound=1
2026.10.06-02.18.20 TAG fighter=f-0-sk0 bbox=(509,496,593,518) mode=compact look=P1 placement=above ring=0 hardPx2=0 softPx2=0 order=2 bound=1
2026.10.06-02.18.20 TAG fighter=f-0-sk1 bbox=(396,458,480,480) mode=compact look=P1 placement=above ring=0 hardPx2=0 softPx2=0 order=1 bound=1
2026.10.06-02.18.20 TAG fighter=f-0-sk2 bbox=(308,584,392,606) mode=compact look=P1 placement=left ring=0 hardPx2=0 softPx2=0 order=4 bound=1
2026.10.06-02.18.20 TAG fighter=f-1-hero bbox=(977,619,1079,641) mode=compact look=P2 placement=left ring=0 hardPx2=0 softPx2=0 order=5 bound=1
2026.10.06-02.18.20 TAG fighter=f-1-sk0 bbox=(1130,510,1214,532) mode=compact look=P2 placement=above ring=0 hardPx2=0 softPx2=0 order=3 bound=1
2026.10.06-02.18.20 TAG fighter=f-0-hero bbox=(723,425,825,447) mode=compact look=P1 placement=above ring=0 hardPx2=0 softPx2=0 order=0 bound=1
2026.10.06-02.18.20 TAG fighter=f-0-sk0 bbox=(509,496,593,518) mode=compact look=P1 placement=above ring=0 hardPx2=0 softPx2=0 order=2 bound=1
2026.10.06-02.18.20 TAG fighter=f-0-sk1 bbox=(396,458,480,480) mode=compact look=P1 placement=above ring=0 hardPx2=0 softPx2=0 order=1 bound=1
2026.10.06-02.18.20 TAG fighter=f-0-sk2 bbox=(308,584,392,606) mode=compact look=P1 placement=left ring=0 hardPx2=0 softPx2=0 order=4 bound=1
2026.10.06-02.18.20 TAG fighter=f-1-hero bbox=(977,619,1079,641) mode=compact look=P2 placement=left ring=0 hardPx2=0 softPx2=0 order=5 bound=1
2026.10.06-02.18.20 TAG fighter=f-1-sk0 bbox=(1130,510,1214,532) mode=compact look=P2 placement=above ring=0 hardPx2=0 softPx2=0 order=3 bound=1
2026.10.06-02.18.20 TAG fighter=f-0-hero bbox=(744,423,846,445) mode=compact look=P1 placement=above ring=0 hardPx2=0 softPx2=0 order=0 bound=1
2026.10.06-02.18.20 TAG fighter=f-0-sk0 bbox=(509,496,593,518) mode=compact look=P1 placement=above ring=0 hardPx2=0 softPx2=0 order=2 bound=1
2026.10.06-02.18.20 TAG fighter=f-0-sk1 bbox=(396,458,480,480) mode=compact look=P1 placement=above ring=0 hardPx2=0 softPx2=0 order=1 bound=1
2026.10.06-02.18.20 TAG fighter=f-0-sk2 bbox=(308,584,392,606) mode=compact look=P1 placement=left ring=0 hardPx2=0 softPx2=0 order=4 bound=1
2026.10.06-02.18.20 TAG fighter=f-1-hero bbox=(977,619,1079,641) mode=compact look=P2 placement=left ring=0 hardPx2=0 softPx2=0 order=5 bound=1
2026.10.06-02.18.20 TAG fighter=f-1-sk0 bbox=(1130,510,1214,532) mode=compact look=P2 placement=above ring=0 hardPx2=0 softPx2=0 order=3 bound=1
2026.10.06-02.18.20 TAG fighter=f-0-hero bbox=(764,422,866,444) mode=compact look=P1 placement=above ring=0 hardPx2=0 softPx2=0 order=0 bound=1
2026.10.06-02.18.20 TAG fighter=f-0-sk0 bbox=(509,496,593,518) mode=compact look=P1 placement=above ring=0 hardPx2=0 softPx2=0 order=2 bound=1
2026.10.06-02.18.20 TAG fighter=f-0-sk1 bbox=(396,458,480,480) mode=compact look=P1 placement=above ring=0 hardPx2=0 softPx2=0 order=1 bound=1
2026.10.06-02.18.20 TAG fighter=f-0-sk2 bbox=(308,584,392,606) mode=compact look=P1 placement=left ring=0 hardPx2=0 softPx2=0 order=4 bound=1
2026.10.06-02.18.20 TAG fighter=f-1-hero bbox=(977,619,1079,641) mode=compact look=P2 placement=left ring=0 hardPx2=0 softPx2=0 order=5 bound=1
2026.10.06-02.18.20 TAG fighter=f-1-sk0 bbox=(1130,510,1214,532) mode=compact look=P2 placement=above ring=0 hardPx2=0 softPx2=0 order=3 bound=1
2026.10.06-02.18.20 TAG fighter=f-0-hero bbox=(783,421,885,443) mode=compact look=P1 placement=above ring=0 hardPx2=0 softPx2=0 order=0 bound=1
2026.10.06-02.18.20 TAG fighter=f-0-sk0 bbox=(509,496,593,518) mode=compact look=P1 placement=above ring=0 hardPx2=0 softPx2=0 order=2 bound=1
2026.10.06-02.18.20 TAG fighter=f-0-sk1 bbox=(396,458,480,480) mode=compact look=P1 placement=above ring=0 hardPx2=0 softPx2=0 order=1 bound=1
2026.10.06-02.18.20 TAG fighter=f-0-sk2 bbox=(308,584,392,606) mode=compact look=P1 placement=left ring=0 hardPx2=0 softPx2=0 order=4 bound=1
2026.10.06-02.18.20 TAG fighter=f-1-hero bbox=(977,619,1079,641) mode=compact look=P2 placement=left ring=0 hardPx2=0 softPx2=0 order=5 bound=1
2026.10.06-02.18.20 TAG fighter=f-1-sk0 bbox=(1130,510,1214,532) mode=compact look=P2 placement=above ring=0 hardPx2=0 softPx2=0 order=3 bound=1
2026.10.06-02.18.20 CUE sound id=CUE-007 point=step subject=f-0-hero seq=3 t=20395 event_t=20395 dt=0 class=SFX sound=SW_BRD_STEP_05 gain=0.80 result=played edge=2/3 due=20375
2026.10.06-02.18.20 TAG fighter=f-0-hero bbox=(794,432,896,454) mode=compact look=P1 placement=above ring=0 hardPx2=0 softPx2=0 order=0 bound=1
2026.10.06-02.18.20 TAG fighter=f-0-sk0 bbox=(509,496,593,518) mode=compact look=P1 placement=above ring=0 hardPx2=0 softPx2=0 order=2 bound=1
2026.10.06-02.18.20 TAG fighter=f-0-sk1 bbox=(396,458,480,480) mode=compact look=P1 placement=above ring=0 hardPx2=0 softPx2=0 order=1 bound=1
2026.10.06-02.18.20 TAG fighter=f-0-sk2 bbox=(308,584,392,606) mode=compact look=P1 placement=left ring=0 hardPx2=0 softPx2=0 order=4 bound=1
2026.10.06-02.18.20 TAG fighter=f-1-hero bbox=(977,619,1079,641) mode=compact look=P2 placement=left ring=0 hardPx2=0 softPx2=0 order=5 bound=1
2026.10.06-02.18.20 TAG fighter=f-1-sk0 bbox=(1130,510,1214,532) mode=compact look=P2 placement=above ring=0 hardPx2=0 softPx2=0 order=3 bound=1
2026.10.06-02.18.20 TAG fighter=f-0-hero bbox=(798,452,900,474) mode=compact look=P1 placement=above ring=0 hardPx2=0 softPx2=0 order=0 bound=1
2026.10.06-02.18.20 TAG fighter=f-0-sk0 bbox=(509,496,593,518) mode=compact look=P1 placement=above ring=0 hardPx2=0 softPx2=0 order=2 bound=1
2026.10.06-02.18.20 TAG fighter=f-0-sk1 bbox=(396,458,480,480) mode=compact look=P1 placement=above ring=0 hardPx2=0 softPx2=0 order=1 bound=1
2026.10.06-02.18.20 TAG fighter=f-0-sk2 bbox=(308,584,392,606) mode=compact look=P1 placement=left ring=0 hardPx2=0 softPx2=0 order=4 bound=1
2026.10.06-02.18.20 TAG fighter=f-1-hero bbox=(977,619,1079,641) mode=compact look=P2 placement=left ring=0 hardPx2=0 softPx2=0 order=5 bound=1
2026.10.06-02.18.20 TAG fighter=f-1-sk0 bbox=(1130,510,1214,532) mode=compact look=P2 placement=above ring=0 hardPx2=0 softPx2=0 order=3 bound=1
2026.10.06-02.18.20 TAG fighter=f-0-hero bbox=(801,471,903,493) mode=compact look=P1 placement=above ring=0 hardPx2=0 softPx2=0 order=1 bound=1
2026.10.06-02.18.20 TAG fighter=f-0-sk0 bbox=(509,496,593,518) mode=compact look=P1 placement=above ring=0 hardPx2=0 softPx2=0 order=2 bound=1
2026.10.06-02.18.20 TAG fighter=f-0-sk1 bbox=(396,458,480,480) mode=compact look=P1 placement=above ring=0 hardPx2=0 softPx2=0 order=0 bound=1
2026.10.06-02.18.20 TAG fighter=f-0-sk2 bbox=(308,584,392,606) mode=compact look=P1 placement=left ring=0 hardPx2=0 softPx2=0 order=4 bound=1
2026.10.06-02.18.20 TAG fighter=f-1-hero bbox=(977,619,1079,641) mode=compact look=P2 placement=left ring=0 hardPx2=0 softPx2=0 order=5 bound=1
2026.10.06-02.18.20 TAG fighter=f-1-sk0 bbox=(1130,510,1214,532) mode=compact look=P2 placement=above ring=0 hardPx2=0 softPx2=0 order=3 bound=1
2026.10.06-02.18.20 TAG fighter=f-0-hero bbox=(805,491,907,513) mode=compact look=P1 placement=above ring=0 hardPx2=0 softPx2=0 order=1 bound=1
2026.10.06-02.18.20 TAG fighter=f-0-sk0 bbox=(509,496,593,518) mode=compact look=P1 placement=above ring=0 hardPx2=0 softPx2=0 order=2 bound=1
2026.10.06-02.18.20 TAG fighter=f-0-sk1 bbox=(396,458,480,480) mode=compact look=P1 placement=above ring=0 hardPx2=0 softPx2=0 order=0 bound=1
2026.10.06-02.18.20 TAG fighter=f-0-sk2 bbox=(308,584,392,606) mode=compact look=P1 placement=left ring=0 hardPx2=0 softPx2=0 order=4 bound=1
2026.10.06-02.18.20 TAG fighter=f-1-hero bbox=(977,619,1079,641) mode=compact look=P2 placement=left ring=0 hardPx2=0 softPx2=0 order=5 bound=1
2026.10.06-02.18.20 TAG fighter=f-1-sk0 bbox=(1130,510,1214,532) mode=compact look=P2 placement=above ring=0 hardPx2=0 softPx2=0 order=3 bound=1
2026.10.06-02.18.20 TAG fighter=f-0-hero bbox=(809,511,911,533) mode=compact look=P1 placement=above ring=0 hardPx2=0 softPx2=0 order=3 bound=1
2026.10.06-02.18.20 TAG fighter=f-0-sk0 bbox=(509,496,593,518) mode=compact look=P1 placement=above ring=0 hardPx2=0 softPx2=0 order=1 bound=1
2026.10.06-02.18.20 TAG fighter=f-0-sk1 bbox=(396,458,480,480) mode=compact look=P1 placement=above ring=0 hardPx2=0 softPx2=0 order=0 bound=1
2026.10.06-02.18.20 TAG fighter=f-0-sk2 bbox=(308,584,392,606) mode=compact look=P1 placement=left ring=0 hardPx2=0 softPx2=0 order=4 bound=1
2026.10.06-02.18.20 TAG fighter=f-1-hero bbox=(977,619,1079,641) mode=compact look=P2 placement=left ring=0 hardPx2=0 softPx2=0 order=5 bound=1
2026.10.06-02.18.20 TAG fighter=f-1-sk0 bbox=(1130,510,1214,532) mode=compact look=P2 placement=above ring=0 hardPx2=0 softPx2=0 order=2 bound=1
2026.10.06-02.18.20 TAG fighter=f-0-hero bbox=(813,531,915,553) mode=compact look=P1 placement=above ring=0 hardPx2=0 softPx2=0 order=3 bound=1
2026.10.06-02.18.20 TAG fighter=f-0-sk0 bbox=(509,496,593,518) mode=compact look=P1 placement=above ring=0 hardPx2=0 softPx2=0 order=1 bound=1
2026.10.06-02.18.20 TAG fighter=f-0-sk1 bbox=(396,458,480,480) mode=compact look=P1 placement=above ring=0 hardPx2=0 softPx2=0 order=0 bound=1
2026.10.06-02.18.20 TAG fighter=f-0-sk2 bbox=(308,584,392,606) mode=compact look=P1 placement=left ring=0 hardPx2=0 softPx2=0 order=4 bound=1
2026.10.06-02.18.20 TAG fighter=f-1-hero bbox=(977,619,1079,641) mode=compact look=P2 placement=left ring=0 hardPx2=0 softPx2=0 order=5 bound=1
2026.10.06-02.18.20 TAG fighter=f-1-sk0 bbox=(1130,510,1214,532) mode=compact look=P2 placement=above ring=0 hardPx2=0 softPx2=0 order=2 bound=1
2026.10.06-02.18.20 TAG fighter=f-0-hero bbox=(817,552,919,574) mode=compact look=P1 placement=above ring=0 hardPx2=0 softPx2=0 order=3 bound=1
2026.10.06-02.18.20 TAG fighter=f-0-sk0 bbox=(509,496,593,518) mode=compact look=P1 placement=above ring=0 hardPx2=0 softPx2=0 order=1 bound=1
2026.10.06-02.18.20 TAG fighter=f-0-sk1 bbox=(396,458,480,480) mode=compact look=P1 placement=above ring=0 hardPx2=0 softPx2=0 order=0 bound=1
2026.10.06-02.18.20 TAG fighter=f-0-sk2 bbox=(308,584,392,606) mode=compact look=P1 placement=left ring=0 hardPx2=0 softPx2=0 order=4 bound=1
2026.10.06-02.18.20 TAG fighter=f-1-hero bbox=(977,619,1079,641) mode=compact look=P2 placement=left ring=0 hardPx2=0 softPx2=0 order=5 bound=1
2026.10.06-02.18.20 TAG fighter=f-1-sk0 bbox=(1130,510,1214,532) mode=compact look=P2 placement=above ring=0 hardPx2=0 softPx2=0 order=2 bound=1
2026.10.06-02.18.20 TAG fighter=f-0-hero bbox=(820,572,922,594) mode=compact look=P1 placement=above ring=0 hardPx2=0 softPx2=0 order=4 bound=1
2026.10.06-02.18.20 TAG fighter=f-0-sk0 bbox=(509,496,593,518) mode=compact look=P1 placement=above ring=0 hardPx2=0 softPx2=0 order=1 bound=1
2026.10.06-02.18.20 TAG fighter=f-0-sk1 bbox=(396,458,480,480) mode=compact look=P1 placement=above ring=0 hardPx2=0 softPx2=0 order=0 bound=1
2026.10.06-02.18.20 TAG fighter=f-0-sk2 bbox=(308,584,392,606) mode=compact look=P1 placement=left ring=0 hardPx2=0 softPx2=0 order=3 bound=1
2026.10.06-02.18.20 TAG fighter=f-1-hero bbox=(977,619,1079,641) mode=compact look=P2 placement=left ring=0 hardPx2=0 softPx2=0 order=5 bound=1
2026.10.06-02.18.20 TAG fighter=f-1-sk0 bbox=(1130,510,1214,532) mode=compact look=P2 placement=above ring=0 hardPx2=0 softPx2=0 order=2 bound=1
2026.10.06-02.18.20 CUE sound id=CUE-007 point=step subject=f-0-hero seq=3 t=20661 event_t=20661 dt=0 class=SFX sound=SW_BRD_STEP_02 gain=0.80 result=played edge=3/3 due=20655
2026.10.06-02.18.20 TAG fighter=f-0-hero bbox=(826,591,928,613) mode=compact look=P1 placement=above ring=0 hardPx2=0 softPx2=0 order=4 bound=1
2026.10.06-02.18.20 TAG fighter=f-0-sk0 bbox=(509,496,593,518) mode=compact look=P1 placement=above ring=0 hardPx2=0 softPx2=0 order=1 bound=1
2026.10.06-02.18.20 TAG fighter=f-0-sk1 bbox=(396,458,480,480) mode=compact look=P1 placement=above ring=0 hardPx2=0 softPx2=0 order=0 bound=1
2026.10.06-02.18.20 TAG fighter=f-0-sk2 bbox=(308,584,392,606) mode=compact look=P1 placement=left ring=0 hardPx2=0 softPx2=0 order=3 bound=1
2026.10.06-02.18.20 TAG fighter=f-1-hero bbox=(977,619,1079,641) mode=compact look=P2 placement=left ring=0 hardPx2=0 softPx2=0 order=5 bound=1
2026.10.06-02.18.20 TAG fighter=f-1-sk0 bbox=(1130,510,1214,532) mode=compact look=P2 placement=above ring=0 hardPx2=0 softPx2=0 order=2 bound=1
2026.10.06-02.18.20 TAG fighter=f-0-hero bbox=(839,598,941,620) mode=compact look=P1 placement=above ring=0 hardPx2=0 softPx2=0 order=5 bound=1
2026.10.06-02.18.20 TAG fighter=f-0-sk0 bbox=(509,496,593,518) mode=compact look=P1 placement=above ring=0 hardPx2=0 softPx2=0 order=1 bound=1
2026.10.06-02.18.20 TAG fighter=f-0-sk1 bbox=(396,458,480,480) mode=compact look=P1 placement=above ring=0 hardPx2=0 softPx2=0 order=0 bound=1
2026.10.06-02.18.20 TAG fighter=f-0-sk2 bbox=(308,584,392,606) mode=compact look=P1 placement=left ring=0 hardPx2=0 softPx2=0 order=3 bound=1
2026.10.06-02.18.20 TAG fighter=f-1-hero bbox=(977,619,1079,641) mode=compact look=P2 placement=left ring=0 hardPx2=0 softPx2=0 order=4 bound=1
2026.10.06-02.18.20 TAG fighter=f-1-sk0 bbox=(1130,510,1214,532) mode=compact look=P2 placement=above ring=0 hardPx2=0 softPx2=0 order=2 bound=1
2026.10.06-02.18.20 TAG fighter=f-0-hero bbox=(851,606,953,628) mode=compact look=P1 placement=above ring=0 hardPx2=0 softPx2=0 order=5 bound=1
2026.10.06-02.18.20 TAG fighter=f-0-sk0 bbox=(509,496,593,518) mode=compact look=P1 placement=above ring=0 hardPx2=0 softPx2=0 order=1 bound=1
2026.10.06-02.18.20 TAG fighter=f-0-sk1 bbox=(396,458,480,480) mode=compact look=P1 placement=above ring=0 hardPx2=0 softPx2=0 order=0 bound=1
2026.10.06-02.18.20 TAG fighter=f-0-sk2 bbox=(308,584,392,606) mode=compact look=P1 placement=left ring=0 hardPx2=0 softPx2=0 order=3 bound=1
2026.10.06-02.18.20 TAG fighter=f-1-hero bbox=(977,619,1079,641) mode=compact look=P2 placement=left ring=0 hardPx2=0 softPx2=0 order=4 bound=1
2026.10.06-02.18.20 TAG fighter=f-1-sk0 bbox=(1130,510,1214,532) mode=compact look=P2 placement=above ring=0 hardPx2=0 softPx2=0 order=2 bound=1
2026.10.06-02.18.20 TAG fighter=f-0-hero bbox=(864,614,966,636) mode=compact look=P1 placement=above ring=0 hardPx2=0 softPx2=0 order=5 bound=1
2026.10.06-02.18.20 TAG fighter=f-0-sk0 bbox=(509,496,593,518) mode=compact look=P1 placement=above ring=0 hardPx2=0 softPx2=0 order=1 bound=1
2026.10.06-02.18.20 TAG fighter=f-0-sk1 bbox=(396,458,480,480) mode=compact look=P1 placement=above ring=0 hardPx2=0 softPx2=0 order=0 bound=1
2026.10.06-02.18.20 TAG fighter=f-0-sk2 bbox=(308,584,392,606) mode=compact look=P1 placement=left ring=0 hardPx2=0 softPx2=0 order=3 bound=1
2026.10.06-02.18.20 TAG fighter=f-1-hero bbox=(977,619,1079,641) mode=compact look=P2 placement=left ring=0 hardPx2=0 softPx2=0 order=4 bound=1
2026.10.06-02.18.20 TAG fighter=f-1-sk0 bbox=(1130,510,1214,532) mode=compact look=P2 placement=above ring=0 hardPx2=0 softPx2=0 order=2 bound=1
2026.10.06-02.18.20 TAG fighter=f-0-hero bbox=(970,646,1072,668) mode=compact look=P1 placement=right ring=0 hardPx2=0 softPx2=0 order=5 bound=1
2026.10.06-02.18.20 TAG fighter=f-0-sk0 bbox=(509,496,593,518) mode=compact look=P1 placement=above ring=0 hardPx2=0 softPx2=0 order=1 bound=1
2026.10.06-02.18.20 TAG fighter=f-0-sk1 bbox=(396,458,480,480) mode=compact look=P1 placement=above ring=0 hardPx2=0 softPx2=0 order=0 bound=1
2026.10.06-02.18.20 TAG fighter=f-0-sk2 bbox=(308,584,392,606) mode=compact look=P1 placement=left ring=0 hardPx2=0 softPx2=0 order=3 bound=1
2026.10.06-02.18.20 TAG fighter=f-1-hero bbox=(977,619,1079,641) mode=compact look=P2 placement=left ring=0 hardPx2=0 softPx2=0 order=4 bound=1
2026.10.06-02.18.20 TAG fighter=f-1-sk0 bbox=(1130,510,1214,532) mode=compact look=P2 placement=above ring=0 hardPx2=0 softPx2=0 order=2 bound=1
2026.10.06-02.18.20 TAG fighter=f-0-hero bbox=(890,629,992,651) mode=compact look=P1 placement=above ring=0 hardPx2=0 softPx2=0 order=5 bound=1
2026.10.06-02.18.20 TAG fighter=f-0-sk0 bbox=(509,496,593,518) mode=compact look=P1 placement=above ring=0 hardPx2=0 softPx2=0 order=1 bound=1
2026.10.06-02.18.20 TAG fighter=f-0-sk1 bbox=(396,458,480,480) mode=compact look=P1 placement=above ring=0 hardPx2=0 softPx2=0 order=0 bound=1
2026.10.06-02.18.20 TAG fighter=f-0-sk2 bbox=(308,584,392,606) mode=compact look=P1 placement=left ring=0 hardPx2=0 softPx2=0 order=3 bound=1
2026.10.06-02.18.20 TAG fighter=f-1-hero bbox=(1072,730,1174,752) mode=compact look=P2 placement=below ring=0 hardPx2=0 softPx2=0 order=4 bound=1
2026.10.06-02.18.20 TAG fighter=f-1-sk0 bbox=(1130,510,1214,532) mode=compact look=P2 placement=above ring=0 hardPx2=0 softPx2=0 order=2 bound=1
2026.10.06-02.18.20 TAG fighter=f-0-hero bbox=(903,637,1005,659) mode=compact look=P1 placement=above ring=0 hardPx2=0 softPx2=0 order=5 bound=1
2026.10.06-02.18.20 TAG fighter=f-0-sk0 bbox=(509,496,593,518) mode=compact look=P1 placement=above ring=0 hardPx2=0 softPx2=0 order=1 bound=1
2026.10.06-02.18.20 TAG fighter=f-0-sk1 bbox=(396,458,480,480) mode=compact look=P1 placement=above ring=0 hardPx2=0 softPx2=0 order=0 bound=1
2026.10.06-02.18.20 TAG fighter=f-0-sk2 bbox=(308,584,392,606) mode=compact look=P1 placement=left ring=0 hardPx2=0 softPx2=0 order=3 bound=1
2026.10.06-02.18.20 TAG fighter=f-1-hero bbox=(1072,730,1174,752) mode=compact look=P2 placement=below ring=0 hardPx2=0 softPx2=0 order=4 bound=1
2026.10.06-02.18.20 TAG fighter=f-1-sk0 bbox=(1130,510,1214,532) mode=compact look=P2 placement=above ring=0 hardPx2=0 softPx2=0 order=2 bound=1
2026.10.06-02.18.20 TAG fighter=f-0-hero bbox=(916,645,1018,667) mode=compact look=P1 placement=above ring=0 hardPx2=0 softPx2=0 order=5 bound=1
2026.10.06-02.18.20 TAG fighter=f-0-sk0 bbox=(509,496,593,518) mode=compact look=P1 placement=above ring=0 hardPx2=0 softPx2=0 order=1 bound=1
2026.10.06-02.18.20 TAG fighter=f-0-sk1 bbox=(396,458,480,480) mode=compact look=P1 placement=above ring=0 hardPx2=0 softPx2=0 order=0 bound=1
2026.10.06-02.18.20 TAG fighter=f-0-sk2 bbox=(308,584,392,606) mode=compact look=P1 placement=left ring=0 hardPx2=0 softPx2=0 order=3 bound=1
2026.10.06-02.18.20 TAG fighter=f-1-hero bbox=(1072,730,1174,752) mode=compact look=P2 placement=below ring=0 hardPx2=0 softPx2=0 order=4 bound=1
2026.10.06-02.18.20 TAG fighter=f-1-sk0 bbox=(1130,510,1214,532) mode=compact look=P2 placement=above ring=0 hardPx2=0 softPx2=0 order=2 bound=1
2026.10.06-02.18.20 TAG fighter=f-0-hero bbox=(929,653,1031,675) mode=compact look=P1 placement=above ring=0 hardPx2=0 softPx2=0 order=5 bound=1
2026.10.06-02.18.20 TAG fighter=f-0-sk0 bbox=(509,496,593,518) mode=compact look=P1 placement=above ring=0 hardPx2=0 softPx2=0 order=1 bound=1
2026.10.06-02.18.20 TAG fighter=f-0-sk1 bbox=(396,458,480,480) mode=compact look=P1 placement=above ring=0 hardPx2=0 softPx2=0 order=0 bound=1
2026.10.06-02.18.20 TAG fighter=f-0-sk2 bbox=(308,584,392,606) mode=compact look=P1 placement=left ring=0 hardPx2=0 softPx2=0 order=3 bound=1
2026.10.06-02.18.20 TAG fighter=f-1-hero bbox=(1072,730,1174,752) mode=compact look=P2 placement=below ring=0 hardPx2=0 softPx2=0 order=4 bound=1
2026.10.06-02.18.20 TAG fighter=f-1-sk0 bbox=(1130,510,1214,532) mode=compact look=P2 placement=above ring=0 hardPx2=0 softPx2=0 order=2 bound=1
2026.10.06-02.18.20 VO event=MATCH-START speaker=MEDUSA t=20961 result=played line=MEDUSA-MATCH-START-01 prio=2
2026.10.06-02.18.20 VO subtitle line=MEDUSA-MATCH-START-01 until=23538
2026.10.06-02.18.20 TAG fighter=f-0-hero bbox=(932,654,1034,676) mode=compact look=P1 placement=above ring=0 hardPx2=0 softPx2=0 order=5 bound=1
2026.10.06-02.18.20 TAG fighter=f-0-sk0 bbox=(509,496,593,518) mode=compact look=P1 placement=above ring=0 hardPx2=0 softPx2=0 order=1 bound=1
2026.10.06-02.18.20 TAG fighter=f-0-sk1 bbox=(396,458,480,480) mode=compact look=P1 placement=above ring=0 hardPx2=0 softPx2=0 order=0 bound=1
2026.10.06-02.18.20 TAG fighter=f-0-sk2 bbox=(308,584,392,606) mode=compact look=P1 placement=left ring=0 hardPx2=0 softPx2=0 order=3 bound=1
2026.10.06-02.18.20 TAG fighter=f-1-hero bbox=(1072,730,1174,752) mode=compact look=P2 placement=below ring=0 hardPx2=0 softPx2=0 order=4 bound=1
2026.10.06-02.18.20 TAG fighter=f-1-sk0 bbox=(1130,510,1214,532) mode=compact look=P2 placement=above ring=0 hardPx2=0 softPx2=0 order=2 bound=1
2026.10.06-02.18.21 game -> room=cmuw1u4nq0561t84m7cuv93yr code=<redacted> status=IN_PROGRESS
2026.10.06-02.18.21 MS-LAST show seq=3 mode=anim player=cmuhntivg0000wib0anhqyswc from=2,2 to=4,4
2026.10.06-02.18.21 MS-LOG seq=3 moves=1 truncated=0 text="Medusa: maneuver: Medusa S20→S35"
2026.10.06-02.18.21 TAG fighter=f-0-hero bbox=(932,654,1034,676) mode=compact look=P1 placement=above ring=0 hardPx2=0 softPx2=0 order=5 bound=1
2026.10.06-02.18.21 TAG fighter=f-0-sk0 bbox=(509,496,593,518) mode=compact look=P1 placement=above ring=0 hardPx2=0 softPx2=0 order=1 bound=1
2026.10.06-02.18.21 TAG fighter=f-0-sk1 bbox=(396,458,480,480) mode=compact look=P1 placement=above ring=0 hardPx2=0 softPx2=0 order=0 bound=1
2026.10.06-02.18.21 TAG fighter=f-0-sk2 bbox=(308,584,392,606) mode=compact look=P1 placement=left ring=0 hardPx2=0 softPx2=0 order=3 bound=1
2026.10.06-02.18.21 TAG fighter=f-1-hero bbox=(1072,730,1174,752) mode=compact look=P2 placement=below ring=0 hardPx2=0 softPx2=0 order=4 bound=1
2026.10.06-02.18.21 TAG fighter=f-1-sk0 bbox=(1130,510,1214,532) mode=compact look=P2 placement=above ring=0 hardPx2=0 softPx2=0 order=2 bound=1
2026.10.06-02.18.21 SHOT ctx viewport=1920x1080 viewTarget=CameraActor_2147482025 cam=(0,1342,1917) rot=(-55,-90,0)
2026.10.06-02.18.21 RENDER tag=SHOT rhi=D3D12 featureLevel=SM6 shaderPlatform=PCD3D_SM6 lumenPlatform=1 gi=lumen giMethod=1 refl=lumen reflMethod=1 shadows=csm vsmEnable=0 sg.res=100 sg.view=2 sg.aa=2 sg.shadow=2 sg.gi=2 sg.refl=2 sg.pp=2 sg.tex=2 sg.fx=2 sg.foliage=2 sg.shading=2 sg.landscape=2 preset=High screenPct=100.0 screenPctMode=0 aa=TSR aaMethod=4 exposure=fixed-histogram expMin=4.14106 expMax=4.14106 expBias=0.000 ev100=2.05 lightUnits=candelas sky=1 skyIntensity=3.000 keyShadow=csm-3600uu-2c-contact0.000 shadowCasters=1 profile=sarpedon-night profilesSha256=0a3417258f46ad3d99620bcbabd1b37615192b7a59f090c77515189845b33bb7 profilesSource=pak legacyRender=0 gameLayer=unlit-eyeadaptinv tMaxFPS=30.0 vsync=0 frameRateLimit=60.0 substrate=0 nanite=1 meshDF=1 viewport=1920x1080 reference=1
2026.10.06-02.18.21 SHOT fighter f-0-hero pos=(4,4) world=(16,189,0) screen=(982,752) projected=1 alive=1
2026.10.06-02.18.21 SHOT fighter f-0-sk0 pos=(1,3) world=(-309,33,0) screen=(555,576) projected=1 alive=1
2026.10.06-02.18.21 SHOT fighter f-0-sk1 pos=(0,2) world=(-398,-3,0) screen=(442,537) projected=1 alive=1
2026.10.06-02.18.21 SHOT fighter f-0-sk2 pos=(0,3) world=(-394,92,0) screen=(435,640) projected=1 alive=1
2026.10.06-02.18.21 SHOT fighter f-1-hero pos=(5,4) world=(119,141,0) screen=(1120,695) projected=1 alive=1
2026.10.06-02.18.21 SHOT fighter f-1-sk0 pos=(6,3) world=(159,52,0) screen=(1169,596) projected=1 alive=1
2026.10.06-02.18.21 SHOT camera dist=2340.2 target=2340.2 overview=2340.2 errPct=0.000 focusErr=0.00 settled=1 zoom=1.00
2026.10.06-02.18.21 SHOT head fighter=f-0-hero socket=Head mesh=SK_Medusa_H2LD world=(16.3,188.9,47.2) screen=(982.7,717.3) top=(982.7,712.9) bottom=(982.6,721.6) headPx=8.8 projected=1
2026.10.06-02.18.21 SHOT head fighter=f-0-sk0 socket=Head mesh=SK_Harpy_H3LD world=(-308.8,28.1,33.9) screen=(550.6,544.7) top=(549.7,540.1) bottom=(551.4,549.2) headPx=9.3 projected=1
2026.10.06-02.18.21 SHOT head fighter=f-0-sk1 socket=Head mesh=SK_Harpy_H3LD world=(-398.3,2.7,34.1) screen=(435.2,517.1) top=(434.1,512.5) bottom=(436.3,521.7) headPx=9.4 projected=1
2026.10.06-02.18.21 SHOT head fighter=f-0-sk2 socket=Head mesh=SK_Harpy_H3LD world=(-393.8,87.0,34.3) screen=(430.0,609.5) top=(428.8,605.0) bottom=(431.1,614.0) headPx=9.3 projected=1
2026.10.06-02.18.21 SHOT head fighter=f-1-hero socket=Head mesh=SK_KingArthur_H2LD world=(119.1,139.7,50.1) screen=(1123.4,657.6) top=(1123.8,653.1) bottom=(1123.1,662.0) headPx=9.0 projected=1
2026.10.06-02.18.21 SHOT head fighter=f-1-sk0 socket=Head mesh=SK_Merlin_H2LD world=(159.2,48.7,36.5) screen=(1172.4,565.3) top=(1172.9,560.8) bottom=(1172.0,569.9) headPx=9.1 projected=1
2026.10.06-02.18.21 SHOT figure fighter=f-0-hero bbox=(943,678,1023,785) ringR=28.50 art=1 blockout=0 team=P1 look=P1 ring=1
2026.10.06-02.18.21 SHOT figure fighter=f-0-sk0 bbox=(516,520,586,600) ringR=22.23 art=1 blockout=0 team=P1 look=P1 ring=1
2026.10.06-02.18.21 SHOT figure fighter=f-0-sk1 bbox=(402,482,474,561) ringR=22.23 art=1 blockout=0 team=P1 look=P1 ring=1
2026.10.06-02.18.21 SHOT figure fighter=f-0-sk2 bbox=(394,584,467,665) ringR=22.23 art=1 blockout=0 team=P1 look=P1 ring=1
2026.10.06-02.18.21 SHOT figure fighter=f-1-hero bbox=(1081,619,1165,728) ringR=28.50 art=1 blockout=0 team=P2 look=P2 ring=1
2026.10.06-02.18.21 SHOT figure fighter=f-1-sk0 bbox=(1139,534,1204,620) ringR=22.23 art=1 blockout=0 team=P2 look=P2 ring=1
2026.10.06-02.18.21 SHOT request file=s09-hud-after-first-maneuver.png frame=624
2026.10.06-02.18.21 SHOT requested: FScreenshotRequest(bShowUI) -> C:\Users\ren\AppData\Local\Temp\s09-combat-20261006-071758-37616\host/s09-hud-after-first-maneuver.png
2026.10.06-02.18.21 SHOT captured file=s09-hud-after-first-maneuver.png frame=624 px=1920x1080 sha256=8922b6e981e34cd9a226fa89f0bc7f46c8e89475cb3ec6b991c3d9205be7d0ad order=BGRA saved=1
2026.10.06-02.18.21 SHOT late begin file=s09-hud-after-first-maneuver.png frame=624 requestFrame=624
2026.10.06-02.18.21 SHOT iconstate visible=0 lastFighter=none frame=624
2026.10.06-02.18.21 SHOT widget id=board.tag impl=umg state=compact fighter=f-0-hero bbox=(932,654,1034,676) geom=painted visible=1 twin=0 source=/Game/S08/UI/ArtHud/WBP_S08ArtTag mode=compact look=P1 shape=circle placement=above ring=0 order=5 bound=1 softPx2=0 planned=(932,654,1034,676) frame=624
2026.10.06-02.18.21 SHOT widget id=board.tag.hp impl=umg state=compact fighter=f-0-hero bbox=(988,656,1030,674) geom=painted visible=1 twin=0 source=/Game/S08/UI/ArtHud/WBP_S08ArtTag mode=compact look=P1 shape=circle placement=above ring=0 order=5 bound=1 softPx2=0 planned=(932,654,1034,676) frame=624 font=11
2026.10.06-02.18.21 SHOT widget id=board.tag.bar impl=umg state=compact fighter=f-0-hero bbox=(951,663,985,668) geom=painted visible=1 twin=0 source=/Game/S08/UI/ArtHud/WBP_S08ArtTag mode=compact look=P1 shape=circle placement=above ring=0 order=5 bound=1 softPx2=0 planned=(932,654,1034,676) frame=624
2026.10.06-02.18.21 SHOT widget id=board.tag.chip impl=umg state=compact fighter=f-0-hero bbox=(936,659,948,671) geom=painted visible=1 twin=0 source=/Game/S08/UI/ArtHud/WBP_S08ArtTag mode=compact look=P1 shape=circle placement=above ring=0 order=5 bound=1 softPx2=0 planned=(932,654,1034,676) frame=624
2026.10.06-02.18.21 SHOT widget id=board.tag impl=umg state=compact fighter=f-0-sk0 bbox=(509,496,593,518) geom=painted visible=1 twin=0 source=/Game/S08/UI/ArtHud/WBP_S08ArtTag mode=compact look=P1 shape=circle placement=above ring=0 order=1 bound=1 softPx2=0 planned=(509,496,593,518) frame=624
2026.10.06-02.18.21 SHOT widget id=board.tag.hp impl=umg state=compact fighter=f-0-sk0 bbox=(565,498,589,516) geom=painted visible=1 twin=0 source=/Game/S08/UI/ArtHud/WBP_S08ArtTag mode=compact look=P1 shape=circle placement=above ring=0 order=1 bound=1 softPx2=0 planned=(509,496,593,518) frame=624 font=11
2026.10.06-02.18.21 SHOT widget id=board.tag.bar impl=umg state=compact fighter=f-0-sk0 bbox=(528,505,562,510) geom=painted visible=1 twin=0 source=/Game/S08/UI/ArtHud/WBP_S08ArtTag mode=compact look=P1 shape=circle placement=above ring=0 order=1 bound=1 softPx2=0 planned=(509,496,593,518) frame=624
2026.10.06-02.18.21 SHOT widget id=board.tag.chip impl=umg state=compact fighter=f-0-sk0 bbox=(513,501,525,513) geom=painted visible=1 twin=0 source=/Game/S08/UI/ArtHud/WBP_S08ArtTag mode=compact look=P1 shape=circle placement=above ring=0 order=1 bound=1 softPx2=0 planned=(509,496,593,518) frame=624
2026.10.06-02.18.21 SHOT widget id=board.tag impl=umg state=compact fighter=f-0-sk1 bbox=(396,458,480,480) geom=painted visible=1 twin=0 source=/Game/S08/UI/ArtHud/WBP_S08ArtTag mode=compact look=P1 shape=circle placement=above ring=0 order=0 bound=1 softPx2=0 planned=(396,458,480,480) frame=624
2026.10.06-02.18.21 SHOT widget id=board.tag.hp impl=umg state=compact fighter=f-0-sk1 bbox=(452,460,476,478) geom=painted visible=1 twin=0 source=/Game/S08/UI/ArtHud/WBP_S08ArtTag mode=compact look=P1 shape=circle placement=above ring=0 order=0 bound=1 softPx2=0 planned=(396,458,480,480) frame=624 font=11
2026.10.06-02.18.21 SHOT widget id=board.tag.bar impl=umg state=compact fighter=f-0-sk1 bbox=(415,467,449,472) geom=painted visible=1 twin=0 source=/Game/S08/UI/ArtHud/WBP_S08ArtTag mode=compact look=P1 shape=circle placement=above ring=0 order=0 bound=1 softPx2=0 planned=(396,458,480,480) frame=624
2026.10.06-02.18.21 SHOT widget id=board.tag.chip impl=umg state=compact fighter=f-0-sk1 bbox=(400,463,412,475) geom=painted visible=1 twin=0 source=/Game/S08/UI/ArtHud/WBP_S08ArtTag mode=compact look=P1 shape=circle placement=above ring=0 order=0 bound=1 softPx2=0 planned=(396,458,480,480) frame=624
2026.10.06-02.18.21 SHOT widget id=board.tag impl=umg state=compact fighter=f-0-sk2 bbox=(308,584,392,606) geom=painted visible=1 twin=0 source=/Game/S08/UI/ArtHud/WBP_S08ArtTag mode=compact look=P1 shape=circle placement=left ring=0 order=3 bound=1 softPx2=0 planned=(308,584,392,606) frame=624
2026.10.06-02.18.21 SHOT widget id=board.tag.hp impl=umg state=compact fighter=f-0-sk2 bbox=(364,586,388,604) geom=painted visible=1 twin=0 source=/Game/S08/UI/ArtHud/WBP_S08ArtTag mode=compact look=P1 shape=circle placement=left ring=0 order=3 bound=1 softPx2=0 planned=(308,584,392,606) frame=624 font=11
2026.10.06-02.18.21 SHOT widget id=board.tag.bar impl=umg state=compact fighter=f-0-sk2 bbox=(327,593,361,598) geom=painted visible=1 twin=0 source=/Game/S08/UI/ArtHud/WBP_S08ArtTag mode=compact look=P1 shape=circle placement=left ring=0 order=3 bound=1 softPx2=0 planned=(308,584,392,606) frame=624
2026.10.06-02.18.21 SHOT widget id=board.tag.chip impl=umg state=compact fighter=f-0-sk2 bbox=(312,589,324,601) geom=painted visible=1 twin=0 source=/Game/S08/UI/ArtHud/WBP_S08ArtTag mode=compact look=P1 shape=circle placement=left ring=0 order=3 bound=1 softPx2=0 planned=(308,584,392,606) frame=624
2026.10.06-02.18.21 SHOT widget id=board.tag impl=umg state=compact fighter=f-1-hero bbox=(1072,730,1174,752) geom=painted visible=1 twin=0 source=/Game/S08/UI/ArtHud/WBP_S08ArtTag mode=compact look=P2 shape=hex placement=below ring=0 order=4 bound=1 softPx2=0 planned=(1072,730,1174,752) frame=624
2026.10.06-02.18.21 SHOT widget id=board.tag.hp impl=umg state=compact fighter=f-1-hero bbox=(1128,732,1170,750) geom=painted visible=1 twin=0 source=/Game/S08/UI/ArtHud/WBP_S08ArtTag mode=compact look=P2 shape=hex placement=below ring=0 order=4 bound=1 softPx2=0 planned=(1072,730,1174,752) frame=624 font=11
2026.10.06-02.18.21 SHOT widget id=board.tag.bar impl=umg state=compact fighter=f-1-hero bbox=(1091,739,1125,744) geom=painted visible=1 twin=0 source=/Game/S08/UI/ArtHud/WBP_S08ArtTag mode=compact look=P2 shape=hex placement=below ring=0 order=4 bound=1 softPx2=0 planned=(1072,730,1174,752) frame=624
2026.10.06-02.18.21 SHOT widget id=board.tag.chip impl=umg state=compact fighter=f-1-hero bbox=(1076,735,1088,747) geom=painted visible=1 twin=0 source=/Game/S08/UI/ArtHud/WBP_S08ArtTag mode=compact look=P2 shape=hex placement=below ring=0 order=4 bound=1 softPx2=0 planned=(1072,730,1174,752) frame=624
2026.10.06-02.18.21 SHOT widget id=board.tag impl=umg state=compact fighter=f-1-sk0 bbox=(1130,510,1214,532) geom=painted visible=1 twin=0 source=/Game/S08/UI/ArtHud/WBP_S08ArtTag mode=compact look=P2 shape=hex placement=above ring=0 order=2 bound=1 softPx2=0 planned=(1130,510,1214,532) frame=624
2026.10.06-02.18.21 SHOT widget id=board.tag.hp impl=umg state=compact fighter=f-1-sk0 bbox=(1186,512,1210,530) geom=painted visible=1 twin=0 source=/Game/S08/UI/ArtHud/WBP_S08ArtTag mode=compact look=P2 shape=hex placement=above ring=0 order=2 bound=1 softPx2=0 planned=(1130,510,1214,532) frame=624 font=11
2026.10.06-02.18.21 SHOT widget id=board.tag.bar impl=umg state=compact fighter=f-1-sk0 bbox=(1149,519,1183,524) geom=painted visible=1 twin=0 source=/Game/S08/UI/ArtHud/WBP_S08ArtTag mode=compact look=P2 shape=hex placement=above ring=0 order=2 bound=1 softPx2=0 planned=(1130,510,1214,532) frame=624
2026.10.06-02.18.21 SHOT widget id=board.tag.chip impl=umg state=compact fighter=f-1-sk0 bbox=(1134,515,1146,527) geom=painted visible=1 twin=0 source=/Game/S08/UI/ArtHud/WBP_S08ArtTag mode=compact look=P2 shape=hex placement=above ring=0 order=2 bound=1 softPx2=0 planned=(1130,510,1214,532) frame=624
2026.10.06-02.18.21 SHOT panel id=hud.command bbox=(0,0,601,138) geom=painted visible=1 frame=624
2026.10.06-02.18.21 SHOT panel id=hud.side bbox=(1432,0,1920,153) geom=painted visible=1 frame=624
2026.10.06-02.18.21 SHOT panel id=hud.hand bbox=(318,929,1602,1080) geom=painted visible=1 frame=624
2026.10.06-02.18.21 SHOT late end file=s09-hud-after-first-maneuver.png frame=624
2026.10.06-02.18.21 S09AUTO drive mode=0 plan=[attack+scheme] phase=ACTION_MANEUVER turn=cmuhntivg0000wib0anhqyswc
2026.10.06-02.18.21 S09AUTO ranged target attacker=f-0-hero at=S35 target=f-1-hero at=S32 via=shared-zone (not linked)
2026.10.06-02.18.21 S09AUTO attack (attacker=f-0-hero target-set card-set)
2026.10.06-02.18.21 ATTACK sent ability=none
2026.10.06-02.18.21 HUD-TRACK chosen=attack seq=3 spent=1
2026.10.06-02.18.21 ARTPREVIEW hero-light fighter=f-0-hero state=active layers=2 lightsOn=2 keyCd=20.293 rimCd=1.724 mul=1.128 pulse=0.40Hz+-4%
2026.10.06-02.18.21 ARTPREVIEW combat marker fighter=Medusa attacker=1 target=0 icon=0 targetMesh=SM_Marker_TargetRing iconMode=screen targetArcScaleXY=0.920
2026.10.06-02.18.21 ARTPREVIEW combat marker fighter=King Arthur attacker=0 target=1 icon=1 targetMesh=SM_Marker_TargetRing iconMode=screen targetArcScaleXY=0.920
2026.10.06-02.18.21 MS-STATUS seq=3 text="Syncing…"
2026.10.06-02.18.21 TOAST text="attack sent"
2026.10.06-02.18.21 TAG fighter=f-0-hero bbox=(932,654,1034,676) mode=compact look=P1 placement=above ring=0 hardPx2=0 softPx2=0 order=5 bound=1
2026.10.06-02.18.21 TAG fighter=f-0-sk0 bbox=(509,496,593,518) mode=compact look=P1 placement=above ring=0 hardPx2=0 softPx2=0 order=2 bound=1
2026.10.06-02.18.21 TAG fighter=f-0-sk1 bbox=(396,458,480,480) mode=compact look=P1 placement=above ring=0 hardPx2=0 softPx2=0 order=1 bound=1
2026.10.06-02.18.21 TAG fighter=f-0-sk2 bbox=(308,584,392,606) mode=compact look=P1 placement=left ring=0 hardPx2=0 softPx2=0 order=4 bound=1
2026.10.06-02.18.21 TAG fighter=f-1-hero bbox=(1072,730,1174,752) mode=compact look=P2 placement=below ring=0 hardPx2=0 softPx2=0 order=0 bound=1
2026.10.06-02.18.21 TAG fighter=f-1-sk0 bbox=(1130,510,1214,532) mode=compact look=P2 placement=above ring=0 hardPx2=0 softPx2=0 order=3 bound=1
2026.10.06-02.18.21 ICON fighter=f-1-hero bbox=(1168,641,1200,673) size=32 src=combat anchor=right fallback=0 overlapPx2=0 texture=/Game/S08/UI/IconsV3/T_IV3_action_attack_token_32.T_IV3_action_attack_token_32
2026.10.06-02.18.21 HUD-TRACK own=2/2 server=1 local=1 opp=0/2 oppVisible=0 anim=spend/- seq=3 frame=626
2026.10.06-02.18.21 TAG fighter=f-0-hero bbox=(932,654,1034,676) mode=compact look=P1 placement=above ring=0 hardPx2=0 softPx2=0 order=5 bound=1
2026.10.06-02.18.21 TAG fighter=f-0-sk0 bbox=(509,496,593,518) mode=compact look=P1 placement=above ring=0 hardPx2=0 softPx2=0 order=2 bound=1
2026.10.06-02.18.21 TAG fighter=f-0-sk1 bbox=(396,458,480,480) mode=compact look=P1 placement=above ring=0 hardPx2=0 softPx2=0 order=1 bound=1
2026.10.06-02.18.21 TAG fighter=f-0-sk2 bbox=(308,584,392,606) mode=compact look=P1 placement=left ring=0 hardPx2=0 softPx2=0 order=4 bound=1
2026.10.06-02.18.21 TAG fighter=f-1-hero bbox=(1072,730,1174,752) mode=compact look=P2 placement=below ring=0 hardPx2=0 softPx2=0 order=0 bound=1
2026.10.06-02.18.21 TAG fighter=f-1-sk0 bbox=(1130,510,1214,532) mode=compact look=P2 placement=above ring=0 hardPx2=0 softPx2=0 order=3 bound=1
2026.10.06-02.18.21 ICON fighter=f-1-hero bbox=(1168,641,1200,673) size=32 src=combat anchor=right fallback=0 overlapPx2=0 texture=/Game/S08/UI/IconsV3/T_IV3_action_attack_token_32.T_IV3_action_attack_token_32
2026.10.06-02.18.21 SNAPSHOT applied seq=4 phase=COMBAT
2026.10.06-02.18.21 HANDLE_APPLIED #7 seq=4 decision=2 fightersValid=1 boardValid=1
2026.10.06-02.18.21 MUSIC state=combat theme=MUS-MAP-SARPEDON t=21494
2026.10.06-02.18.21 CUE sound id=CUE-008 point=cue subject=f-0-hero seq=4 t=21494 event_t=21494 dt=0 class=SFX sound=SW_CMB_ATTACK_DECLARE_01 gain=0.80 result=played
2026.10.06-02.18.21 VO event=ATTACK speaker=MEDUSA t=21494 result=skipped line=- prio=3 reason=busy
2026.10.06-02.18.21 CUE fx id=CUE-008 subject=f-0-hero seq=4 t=21494 vfx=missing sfx=missing clip=none mat=none socket=Weapon reduced=0 result=fallback
2026.10.06-02.18.21 closed mode=
2026.10.06-02.18.21 MODE seq=4 mode=0 combat=1 pending=0
2026.10.06-02.18.21 MS-OPP verb=defend seq=4
2026.10.06-02.18.21 MS-TRACK own=2/2 opp=0/2 oppVisible=0 seq=4
2026.10.06-02.18.21 HUD seq=4 phase=COMBAT turn=you hand=5 oppHand=5(hidden) oppDeck=25 deck=24 discard=1
2026.10.06-02.18.21 MS-STATUS seq=4 text="Waiting for the defender"
2026.10.06-02.18.21 ARTPREVIEW fighter=Medusa hero=1 eligible=0 visual=1 mesh=SK_Medusa_H2LD
2026.10.06-02.18.21 FIGHTERS synced n=6 alive=6 own=4 enemy=2
2026.10.06-02.18.21 ATTACK done seq=4 (apply) phase=COMBAT
2026.10.06-02.18.21 SNAPSHOT applied seq=4 phase=COMBAT
2026.10.06-02.18.21 HANDLE_APPLIED #8 seq=4 decision=1 fightersValid=1 boardValid=1
2026.10.06-02.18.21 MODE seq=4 mode=0 combat=1 pending=0
2026.10.06-02.18.21 HUD seq=4 phase=COMBAT turn=you hand=5 oppHand=5(hidden) oppDeck=25 deck=24 discard=1
2026.10.06-02.18.21 ARTPREVIEW fighter=Medusa hero=1 eligible=0 visual=1 mesh=SK_Medusa_H2LD
2026.10.06-02.18.21 FIGHTERS synced n=6 alive=6 own=4 enemy=2
2026.10.06-02.18.21 WS seq=4 phase=COMBAT (merge)
2026.10.06-02.18.21 HUD-TRACK own=2/2 server=2 local=0 opp=0/2 oppVisible=0 anim=-/- seq=4 frame=629
2026.10.06-02.18.21 TAG fighter=f-0-hero bbox=(932,654,1034,676) mode=compact look=P1 placement=above ring=0 hardPx2=0 softPx2=0 order=5 bound=1
2026.10.06-02.18.21 TAG fighter=f-0-sk0 bbox=(509,496,593,518) mode=compact look=P1 placement=above ring=0 hardPx2=0 softPx2=0 order=2 bound=1
2026.10.06-02.18.21 TAG fighter=f-0-sk1 bbox=(396,458,480,480) mode=compact look=P1 placement=above ring=0 hardPx2=0 softPx2=0 order=1 bound=1
2026.10.06-02.18.21 TAG fighter=f-0-sk2 bbox=(308,584,392,606) mode=compact look=P1 placement=left ring=0 hardPx2=0 softPx2=0 order=4 bound=1
2026.10.06-02.18.21 TAG fighter=f-1-hero bbox=(1072,730,1174,752) mode=compact look=P2 placement=below ring=0 hardPx2=0 softPx2=0 order=0 bound=1
2026.10.06-02.18.21 TAG fighter=f-1-sk0 bbox=(1130,510,1214,532) mode=compact look=P2 placement=above ring=0 hardPx2=0 softPx2=0 order=3 bound=1
2026.10.06-02.18.21 ICON fighter=f-1-hero bbox=(1168,641,1200,673) size=32 src=combat anchor=right fallback=0 overlapPx2=0 texture=/Game/S08/UI/IconsV3/T_IV3_action_attack_token_32.T_IV3_action_attack_token_32
2026.10.06-02.18.21 SNAPSHOT applied seq=5 phase=COMBAT_RESOLVE
2026.10.06-02.18.21 HANDLE_APPLIED #9 seq=5 decision=2 fightersValid=1 boardValid=1
2026.10.06-02.18.21 CUE sound id=CUE-009 point=cue subject=f-1-hero seq=5 t=21827 event_t=21827 dt=0 class=SFX sound=SW_CMB_DEFENSE_PLAYED_01 gain=0.80 result=played
2026.10.06-02.18.21 VO event=DEFEND speaker=ARTHUR t=21827 result=skipped line=- prio=4 reason=busy
2026.10.06-02.18.21 CUE fx done id=CUE-008 subject=f-0-hero seq=4 t=21827 ms=333 cut=interrupt
2026.10.06-02.18.21 CUE fx id=CUE-009 subject=f-1-hero seq=5 t=21827 vfx=missing sfx=missing clip=none mat=FxFlash socket=Head reduced=0 result=fallback
2026.10.06-02.18.21 closed mode=
2026.10.06-02.18.21 MODE seq=5 mode=5 combat=1 pending=0
2026.10.06-02.18.21 HUD seq=5 phase=COMBAT_RESOLVE turn=you hand=5 oppHand=4(hidden) oppDeck=25~ deck=24~ discard=1
2026.10.06-02.18.21 MS-STATUS seq=5 text="Resolve the combat (R)"
2026.10.06-02.18.21 ARTPREVIEW fighter=Medusa hero=1 eligible=0 visual=1 mesh=SK_Medusa_H2LD
2026.10.06-02.18.21 FIGHTERS synced n=6 alive=6 own=4 enemy=2
2026.10.06-02.18.21 WS seq=5 phase=COMBAT_RESOLVE (apply)
2026.10.06-02.18.21 S09AUTO drive mode=5 plan=[attack+scheme] phase=COMBAT_RESOLVE turn=cmuhntivg0000wib0anhqyswc
2026.10.06-02.18.21 TAG fighter=f-0-hero bbox=(932,654,1034,676) mode=compact look=P1 placement=above ring=0 hardPx2=0 softPx2=0 order=5 bound=1
2026.10.06-02.18.21 TAG fighter=f-0-sk0 bbox=(509,496,593,518) mode=compact look=P1 placement=above ring=0 hardPx2=0 softPx2=0 order=2 bound=1
2026.10.06-02.18.21 TAG fighter=f-0-sk1 bbox=(396,458,480,480) mode=compact look=P1 placement=above ring=0 hardPx2=0 softPx2=0 order=1 bound=1
2026.10.06-02.18.21 TAG fighter=f-0-sk2 bbox=(308,584,392,606) mode=compact look=P1 placement=left ring=0 hardPx2=0 softPx2=0 order=4 bound=1
2026.10.06-02.18.21 TAG fighter=f-1-hero bbox=(1072,730,1174,752) mode=compact look=P2 placement=below ring=0 hardPx2=0 softPx2=0 order=0 bound=1
2026.10.06-02.18.21 TAG fighter=f-1-sk0 bbox=(1130,510,1214,532) mode=compact look=P2 placement=above ring=0 hardPx2=0 softPx2=0 order=3 bound=1
2026.10.06-02.18.21 ICON fighter=f-1-hero bbox=(1168,641,1200,673) size=32 src=combat anchor=right fallback=0 overlapPx2=0 texture=/Game/S08/UI/IconsV3/T_IV3_action_attack_token_32.T_IV3_action_attack_token_32
2026.10.06-02.18.22 SNAPSHOT applied seq=6 phase=COMBAT_RESOLVE
2026.10.06-02.18.22 HANDLE_APPLIED #10 seq=6 decision=2 fightersValid=1 boardValid=1
2026.10.06-02.18.22 closed mode=
2026.10.06-02.18.22 MODE seq=6 mode=6 combat=1 pending=1
2026.10.06-02.18.22 MS-PENDING present=modal id=cmq7d7b4100rawi746oxx1hsf-during-0-boost-5 opens=0 collapsed=0 type=BOOST_CHOICE
2026.10.06-02.18.22 MS-OPP verb=none seq=6
2026.10.06-02.18.22 HUD seq=6 phase=COMBAT_RESOLVE turn=you hand=5 oppHand=4(hidden) oppDeck=25~ deck=24~ discard=1
2026.10.06-02.18.22 MS-STATUS seq=6 text="Make your choice: You may BOOST this attack."
2026.10.06-02.18.22 PENDING panel revealed: attack A3+B0 vs D3
2026.10.06-02.18.22 ARTPREVIEW fighter=Medusa hero=1 eligible=0 visual=1 mesh=SK_Medusa_H2LD
2026.10.06-02.18.22 FIGHTERS synced n=6 alive=6 own=4 enemy=2
2026.10.06-02.18.22 WS seq=6 phase=COMBAT_RESOLVE (apply)
2026.10.06-02.18.22 S09AUTO drive mode=6 plan=[attack+scheme] phase=COMBAT_RESOLVE turn=cmuhntivg0000wib0anhqyswc
2026.10.06-02.18.22 S09AUTO pending-open shot (type=BOOST_CHOICE stage=0 mode=)
2026.10.06-02.18.22 SHOT ctx viewport=1920x1080 viewTarget=CameraActor_2147482025 cam=(0,1342,1917) rot=(-55,-90,0)
2026.10.06-02.18.22 RENDER tag=SHOT rhi=D3D12 featureLevel=SM6 shaderPlatform=PCD3D_SM6 lumenPlatform=1 gi=lumen giMethod=1 refl=lumen reflMethod=1 shadows=csm vsmEnable=0 sg.res=100 sg.view=2 sg.aa=2 sg.shadow=2 sg.gi=2 sg.refl=2 sg.pp=2 sg.tex=2 sg.fx=2 sg.foliage=2 sg.shading=2 sg.landscape=2 preset=High screenPct=100.0 screenPctMode=0 aa=TSR aaMethod=4 exposure=fixed-histogram expMin=4.14106 expMax=4.14106 expBias=0.000 ev100=2.05 lightUnits=candelas sky=1 skyIntensity=3.000 keyShadow=csm-3600uu-2c-contact0.000 shadowCasters=1 profile=sarpedon-night profilesSha256=0a3417258f46ad3d99620bcbabd1b37615192b7a59f090c77515189845b33bb7 profilesSource=pak legacyRender=0 gameLayer=unlit-eyeadaptinv tMaxFPS=30.0 vsync=0 frameRateLimit=60.0 substrate=0 nanite=1 meshDF=1 viewport=1920x1080 reference=1
2026.10.06-02.18.22 SHOT fighter f-0-hero pos=(4,4) world=(16,189,0) screen=(982,752) projected=1 alive=1
2026.10.06-02.18.22 SHOT fighter f-0-sk0 pos=(1,3) world=(-309,33,0) screen=(555,576) projected=1 alive=1
2026.10.06-02.18.22 SHOT fighter f-0-sk1 pos=(0,2) world=(-398,-3,0) screen=(442,537) projected=1 alive=1
2026.10.06-02.18.22 SHOT fighter f-0-sk2 pos=(0,3) world=(-394,92,0) screen=(435,640) projected=1 alive=1
2026.10.06-02.18.22 SHOT fighter f-1-hero pos=(5,4) world=(119,141,0) screen=(1120,695) projected=1 alive=1
2026.10.06-02.18.22 SHOT fighter f-1-sk0 pos=(6,3) world=(159,52,0) screen=(1169,596) projected=1 alive=1
2026.10.06-02.18.22 SHOT camera dist=2340.2 target=2340.2 overview=2340.2 errPct=0.000 focusErr=0.00 settled=1 zoom=1.00
2026.10.06-02.18.22 SHOT head fighter=f-0-hero socket=Head mesh=SK_Medusa_H2LD world=(16.2,188.0,47.1) screen=(982.5,716.3) top=(982.6,711.9) bottom=(982.5,720.7) headPx=8.8 projected=1
2026.10.06-02.18.22 SHOT head fighter=f-0-sk0 socket=Head mesh=SK_Harpy_H3LD world=(-308.4,28.3,34.2) screen=(551.0,544.7) top=(550.1,540.2) bottom=(551.8,549.3) headPx=9.3 projected=1
2026.10.06-02.18.22 SHOT head fighter=f-0-sk1 socket=Head mesh=SK_Harpy_H3LD world=(-399.0,2.6,34.0) screen=(434.3,517.2) top=(433.2,512.6) bottom=(435.4,521.8) headPx=9.4 projected=1
2026.10.06-02.18.22 SHOT head fighter=f-0-sk2 socket=Head mesh=SK_Harpy_H3LD world=(-394.3,86.6,34.0) screen=(429.4,609.3) top=(428.3,604.8) bottom=(430.6,613.8) headPx=9.3 projected=1
2026.10.06-02.18.22 SHOT head fighter=f-1-hero socket=Head mesh=SK_KingArthur_H2LD world=(118.7,140.8,50.0) screen=(1122.9,658.9) top=(1123.2,654.4) bottom=(1122.5,663.3) headPx=8.9 projected=1
2026.10.06-02.18.22 SHOT head fighter=f-1-sk0 socket=Head mesh=SK_Merlin_H2LD world=(158.8,49.1,36.7) screen=(1171.9,565.5) top=(1172.4,561.0) bottom=(1171.5,570.1) headPx=9.1 projected=1
2026.10.06-02.18.22 SHOT figure fighter=f-0-hero bbox=(943,678,1023,785) ringR=28.50 art=1 blockout=0 team=P1 look=P1 ring=1
2026.10.06-02.18.22 SHOT figure fighter=f-0-sk0 bbox=(516,520,586,600) ringR=22.23 art=1 blockout=0 team=P1 look=P1 ring=1
2026.10.06-02.18.22 SHOT figure fighter=f-0-sk1 bbox=(402,482,474,561) ringR=22.23 art=1 blockout=0 team=P1 look=P1 ring=1
2026.10.06-02.18.22 SHOT figure fighter=f-0-sk2 bbox=(394,584,467,665) ringR=22.23 art=1 blockout=0 team=P1 look=P1 ring=1
2026.10.06-02.18.22 SHOT figure fighter=f-1-hero bbox=(1081,619,1165,728) ringR=28.50 art=1 blockout=0 team=P2 look=P2 ring=1
2026.10.06-02.18.22 SHOT figure fighter=f-1-sk0 bbox=(1139,534,1204,620) ringR=22.23 art=1 blockout=0 team=P2 look=P2 ring=1
2026.10.06-02.18.22 SHOT request file=s09-pending-BOOST_CHOICE.png frame=651
2026.10.06-02.18.22 SHOT requested: FScreenshotRequest(bShowUI) -> C:\Users\ren\AppData\Local\Temp\s09-combat-20261006-071758-37616\host/s09-pending-BOOST_CHOICE.png
2026.10.06-02.18.22 SHOT captured file=s09-pending-BOOST_CHOICE.png frame=651 px=1920x1080 sha256=efc9592d770373d6ec7dc2906a3739c2736eab49ea57263ede65ca8eeaaa53fb order=BGRA saved=1
2026.10.06-02.18.22 SHOT late begin file=s09-pending-BOOST_CHOICE.png frame=651 requestFrame=651
2026.10.06-02.18.22 SHOT icon fighter=f-1-hero bbox=(1168,641,1200,673) size=32 src=combat planned=(1168,641,1200,673) geom=painted visible=1 anchor=right fallback=0 overlapPx2=0 texture=/Game/S08/UI/IconsV3/T_IV3_action_attack_token_32.T_IV3_action_attack_token_32 frame=651
2026.10.06-02.18.22 SHOT widget id=icon impl=umg-motion state=combat fighter=f-1-hero bbox=(1168,641,1200,673) geom=painted visible=1 twin=0 source=S08AnimatedIconWidget:action-attack-token frame=651
2026.10.06-02.18.22 SHOT widget id=board.tag impl=umg state=compact fighter=f-0-hero bbox=(932,654,1034,676) geom=painted visible=1 twin=0 source=/Game/S08/UI/ArtHud/WBP_S08ArtTag mode=compact look=P1 shape=circle placement=above ring=0 order=5 bound=1 softPx2=0 planned=(932,654,1034,676) frame=651
2026.10.06-02.18.22 SHOT widget id=board.tag.hp impl=umg state=compact fighter=f-0-hero bbox=(988,656,1030,674) geom=painted visible=1 twin=0 source=/Game/S08/UI/ArtHud/WBP_S08ArtTag mode=compact look=P1 shape=circle placement=above ring=0 order=5 bound=1 softPx2=0 planned=(932,654,1034,676) frame=651 font=11
2026.10.06-02.18.22 SHOT widget id=board.tag.bar impl=umg state=compact fighter=f-0-hero bbox=(951,663,985,668) geom=painted visible=1 twin=0 source=/Game/S08/UI/ArtHud/WBP_S08ArtTag mode=compact look=P1 shape=circle placement=above ring=0 order=5 bound=1 softPx2=0 planned=(932,654,1034,676) frame=651
2026.10.06-02.18.22 SHOT widget id=board.tag.chip impl=umg state=compact fighter=f-0-hero bbox=(936,659,948,671) geom=painted visible=1 twin=0 source=/Game/S08/UI/ArtHud/WBP_S08ArtTag mode=compact look=P1 shape=circle placement=above ring=0 order=5 bound=1 softPx2=0 planned=(932,654,1034,676) frame=651
2026.10.06-02.18.22 SHOT widget id=board.tag impl=umg state=compact fighter=f-0-sk0 bbox=(509,496,593,518) geom=painted visible=1 twin=0 source=/Game/S08/UI/ArtHud/WBP_S08ArtTag mode=compact look=P1 shape=circle placement=above ring=0 order=2 bound=1 softPx2=0 planned=(509,496,593,518) frame=651
2026.10.06-02.18.22 SHOT widget id=board.tag.hp impl=umg state=compact fighter=f-0-sk0 bbox=(565,498,589,516) geom=painted visible=1 twin=0 source=/Game/S08/UI/ArtHud/WBP_S08ArtTag mode=compact look=P1 shape=circle placement=above ring=0 order=2 bound=1 softPx2=0 planned=(509,496,593,518) frame=651 font=11
2026.10.06-02.18.22 SHOT widget id=board.tag.bar impl=umg state=compact fighter=f-0-sk0 bbox=(528,505,562,510) geom=painted visible=1 twin=0 source=/Game/S08/UI/ArtHud/WBP_S08ArtTag mode=compact look=P1 shape=circle placement=above ring=0 order=2 bound=1 softPx2=0 planned=(509,496,593,518) frame=651
2026.10.06-02.18.22 SHOT widget id=board.tag.chip impl=umg state=compact fighter=f-0-sk0 bbox=(513,501,525,513) geom=painted visible=1 twin=0 source=/Game/S08/UI/ArtHud/WBP_S08ArtTag mode=compact look=P1 shape=circle placement=above ring=0 order=2 bound=1 softPx2=0 planned=(509,496,593,518) frame=651
2026.10.06-02.18.22 SHOT widget id=board.tag impl=umg state=compact fighter=f-0-sk1 bbox=(396,458,480,480) geom=painted visible=1 twin=0 source=/Game/S08/UI/ArtHud/WBP_S08ArtTag mode=compact look=P1 shape=circle placement=above ring=0 order=1 bound=1 softPx2=0 planned=(396,458,480,480) frame=651
2026.10.06-02.18.22 SHOT widget id=board.tag.hp impl=umg state=compact fighter=f-0-sk1 bbox=(452,460,476,478) geom=painted visible=1 twin=0 source=/Game/S08/UI/ArtHud/WBP_S08ArtTag mode=compact look=P1 shape=circle placement=above ring=0 order=1 bound=1 softPx2=0 planned=(396,458,480,480) frame=651 font=11
2026.10.06-02.18.22 SHOT widget id=board.tag.bar impl=umg state=compact fighter=f-0-sk1 bbox=(415,467,449,472) geom=painted visible=1 twin=0 source=/Game/S08/UI/ArtHud/WBP_S08ArtTag mode=compact look=P1 shape=circle placement=above ring=0 order=1 bound=1 softPx2=0 planned=(396,458,480,480) frame=651
2026.10.06-02.18.22 SHOT widget id=board.tag.chip impl=umg state=compact fighter=f-0-sk1 bbox=(400,463,412,475) geom=painted visible=1 twin=0 source=/Game/S08/UI/ArtHud/WBP_S08ArtTag mode=compact look=P1 shape=circle placement=above ring=0 order=1 bound=1 softPx2=0 planned=(396,458,480,480) frame=651
2026.10.06-02.18.22 SHOT widget id=board.tag impl=umg state=compact fighter=f-0-sk2 bbox=(308,584,392,606) geom=painted visible=1 twin=0 source=/Game/S08/UI/ArtHud/WBP_S08ArtTag mode=compact look=P1 shape=circle placement=left ring=0 order=4 bound=1 softPx2=0 planned=(308,584,392,606) frame=651
2026.10.06-02.18.22 SHOT widget id=board.tag.hp impl=umg state=compact fighter=f-0-sk2 bbox=(364,586,388,604) geom=painted visible=1 twin=0 source=/Game/S08/UI/ArtHud/WBP_S08ArtTag mode=compact look=P1 shape=circle placement=left ring=0 order=4 bound=1 softPx2=0 planned=(308,584,392,606) frame=651 font=11
2026.10.06-02.18.22 SHOT widget id=board.tag.bar impl=umg state=compact fighter=f-0-sk2 bbox=(327,593,361,598) geom=painted visible=1 twin=0 source=/Game/S08/UI/ArtHud/WBP_S08ArtTag mode=compact look=P1 shape=circle placement=left ring=0 order=4 bound=1 softPx2=0 planned=(308,584,392,606) frame=651
2026.10.06-02.18.22 SHOT widget id=board.tag.chip impl=umg state=compact fighter=f-0-sk2 bbox=(312,589,324,601) geom=painted visible=1 twin=0 source=/Game/S08/UI/ArtHud/WBP_S08ArtTag mode=compact look=P1 shape=circle placement=left ring=0 order=4 bound=1 softPx2=0 planned=(308,584,392,606) frame=651
2026.10.06-02.18.22 SHOT widget id=board.tag impl=umg state=compact fighter=f-1-hero bbox=(1072,730,1174,752) geom=painted visible=1 twin=0 source=/Game/S08/UI/ArtHud/WBP_S08ArtTag mode=compact look=P2 shape=hex placement=below ring=0 order=0 bound=1 softPx2=0 planned=(1072,730,1174,752) frame=651
2026.10.06-02.18.22 SHOT widget id=board.tag.hp impl=umg state=compact fighter=f-1-hero bbox=(1128,732,1170,750) geom=painted visible=1 twin=0 source=/Game/S08/UI/ArtHud/WBP_S08ArtTag mode=compact look=P2 shape=hex placement=below ring=0 order=0 bound=1 softPx2=0 planned=(1072,730,1174,752) frame=651 font=11
2026.10.06-02.18.22 SHOT widget id=board.tag.bar impl=umg state=compact fighter=f-1-hero bbox=(1091,739,1125,744) geom=painted visible=1 twin=0 source=/Game/S08/UI/ArtHud/WBP_S08ArtTag mode=compact look=P2 shape=hex placement=below ring=0 order=0 bound=1 softPx2=0 planned=(1072,730,1174,752) frame=651
2026.10.06-02.18.22 SHOT widget id=board.tag.chip impl=umg state=compact fighter=f-1-hero bbox=(1076,735,1088,747) geom=painted visible=1 twin=0 source=/Game/S08/UI/ArtHud/WBP_S08ArtTag mode=compact look=P2 shape=hex placement=below ring=0 order=0 bound=1 softPx2=0 planned=(1072,730,1174,752) frame=651
2026.10.06-02.18.22 SHOT widget id=board.tag impl=umg state=compact fighter=f-1-sk0 bbox=(1130,510,1214,532) geom=painted visible=1 twin=0 source=/Game/S08/UI/ArtHud/WBP_S08ArtTag mode=compact look=P2 shape=hex placement=above ring=0 order=3 bound=1 softPx2=0 planned=(1130,510,1214,532) frame=651
2026.10.06-02.18.22 SHOT widget id=board.tag.hp impl=umg state=compact fighter=f-1-sk0 bbox=(1186,512,1210,530) geom=painted visible=1 twin=0 source=/Game/S08/UI/ArtHud/WBP_S08ArtTag mode=compact look=P2 shape=hex placement=above ring=0 order=3 bound=1 softPx2=0 planned=(1130,510,1214,532) frame=651 font=11
2026.10.06-02.18.22 SHOT widget id=board.tag.bar impl=umg state=compact fighter=f-1-sk0 bbox=(1149,519,1183,524) geom=painted visible=1 twin=0 source=/Game/S08/UI/ArtHud/WBP_S08ArtTag mode=compact look=P2 shape=hex placement=above ring=0 order=3 bound=1 softPx2=0 planned=(1130,510,1214,532) frame=651
2026.10.06-02.18.22 SHOT widget id=board.tag.chip impl=umg state=compact fighter=f-1-sk0 bbox=(1134,515,1146,527) geom=painted visible=1 twin=0 source=/Game/S08/UI/ArtHud/WBP_S08ArtTag mode=compact look=P2 shape=hex placement=above ring=0 order=3 bound=1 softPx2=0 planned=(1130,510,1214,532) frame=651
2026.10.06-02.18.22 SHOT panel id=hud.command bbox=(0,0,708,200) geom=painted visible=1 frame=651
2026.10.06-02.18.22 SHOT panel id=hud.side bbox=(1443,0,1920,153) geom=painted visible=1 frame=651
2026.10.06-02.18.22 SHOT panel id=hud.hand bbox=(421,929,1500,1080) geom=painted visible=1 frame=651
2026.10.06-02.18.22 SHOT late end file=s09-pending-BOOST_CHOICE.png frame=651
2026.10.06-02.18.22 CUE fx done id=CUE-009 subject=f-1-hero seq=5 t=22327 ms=500 cut=0
2026.10.06-02.18.22 S09AUTO boost choice - holding 4s for the other seat's reveal capture
2026.10.06-02.18.22 TAG fighter=f-0-hero bbox=(932,654,1034,676) mode=compact look=P1 placement=above ring=0 hardPx2=0 softPx2=0 order=5 bound=1
2026.10.06-02.18.22 TAG fighter=f-0-sk0 bbox=(509,496,593,518) mode=compact look=P1 placement=above ring=0 hardPx2=0 softPx2=0 order=2 bound=1
2026.10.06-02.18.22 TAG fighter=f-0-sk1 bbox=(396,458,480,480) mode=compact look=P1 placement=above ring=0 hardPx2=0 softPx2=0 order=1 bound=1
2026.10.06-02.18.22 TAG fighter=f-0-sk2 bbox=(308,584,392,606) mode=compact look=P1 placement=left ring=0 hardPx2=0 softPx2=0 order=4 bound=1
2026.10.06-02.18.22 TAG fighter=f-1-hero bbox=(1072,730,1174,752) mode=compact look=P2 placement=below ring=0 hardPx2=0 softPx2=0 order=0 bound=1
2026.10.06-02.18.22 TAG fighter=f-1-sk0 bbox=(1130,510,1214,532) mode=compact look=P2 placement=above ring=0 hardPx2=0 softPx2=0 order=3 bound=1
2026.10.06-02.18.22 ICON fighter=f-1-hero bbox=(1168,641,1200,673) size=32 src=combat anchor=right fallback=0 overlapPx2=0 texture=/Game/S08/UI/IconsV3/T_IV3_action_attack_token_32.T_IV3_action_attack_token_32
2026.10.06-02.18.23 VO event=MATCH-START speaker=ARTHUR t=23543 result=played line=ARTHUR-MATCH-START-03 prio=2
2026.10.06-02.18.23 VO subtitle line=ARTHUR-MATCH-START-03 until=25859
2026.10.06-02.18.24 game -> room=cmuw1u4nq0561t84m7cuv93yr code=<redacted> status=IN_PROGRESS
2026.10.06-02.18.26 PEND-RESOLVE sent type=BOOST_CHOICE stage=0 id=cmq7d7b4100rawi746oxx1hsf-during-0-boost-5
2026.10.06-02.18.26 MS-STATUS seq=6 text="Syncing…"
2026.10.06-02.18.26 S09AUTO pending picked (type=BOOST_CHOICE stage=0)
2026.10.06-02.18.26 TOAST text="choice sent"
2026.10.06-02.18.26 TAG fighter=f-0-hero bbox=(932,654,1034,676) mode=compact look=P1 placement=above ring=0 hardPx2=0 softPx2=0 order=5 bound=1
2026.10.06-02.18.26 TAG fighter=f-0-sk0 bbox=(509,496,593,518) mode=compact look=P1 placement=above ring=0 hardPx2=0 softPx2=0 order=2 bound=1
2026.10.06-02.18.26 TAG fighter=f-0-sk1 bbox=(396,458,480,480) mode=compact look=P1 placement=above ring=0 hardPx2=0 softPx2=0 order=1 bound=1
2026.10.06-02.18.26 TAG fighter=f-0-sk2 bbox=(308,584,392,606) mode=compact look=P1 placement=left ring=0 hardPx2=0 softPx2=0 order=4 bound=1
2026.10.06-02.18.26 TAG fighter=f-1-hero bbox=(1072,730,1174,752) mode=compact look=P2 placement=below ring=0 hardPx2=0 softPx2=0 order=0 bound=1
2026.10.06-02.18.26 TAG fighter=f-1-sk0 bbox=(1130,510,1214,532) mode=compact look=P2 placement=above ring=0 hardPx2=0 softPx2=0 order=3 bound=1
2026.10.06-02.18.26 ICON fighter=f-1-hero bbox=(1168,641,1200,673) size=32 src=combat anchor=right fallback=0 overlapPx2=0 texture=/Game/S08/UI/IconsV3/T_IV3_action_attack_token_32.T_IV3_action_attack_token_32
2026.10.06-02.18.26 SNAPSHOT applied seq=7 phase=ACTION_MANEUVER
2026.10.06-02.18.26 HANDLE_APPLIED #11 seq=7 decision=2 fightersValid=1 boardValid=1
2026.10.06-02.18.26 COMBAT-RESULT seq=7 damage=2 role=attacked
2026.10.06-02.18.26 COMBAT-LOG seq=7 log=7 n=1 entries=1 lines=1 src=log outcomes=CHOICE:1
2026.10.06-02.18.26 CUE combat seq=7 stage=start t=26576 attacker=f-0-hero target=f-1-hero text=1 lines=1 damage=2 lethal=0 shown=0 speed=1.00 flip=620 contact=333 src=notify a=3 d=3 outcome=win
2026.10.06-02.18.26 CUE fx id=CUE-010 subject=scene seq=7 t=26576 vfx=none sfx=missing clip=none mat=none socket=- reduced=0 result=fallback
2026.10.06-02.18.26 CUE sound id=CUE-010 point=cue subject=card.attack seq=7 t=26576 event_t=26576 dt=0 class=SFX sound=SW_CRD_FLIP_01 gain=0.80 result=played
2026.10.06-02.18.26 CUE sound id=CUE-010 point=cue subject=card.defense seq=7 t=26576 event_t=26576 dt=0 class=SFX sound=SW_CRD_FLIP_02 gain=0.80 result=played
2026.10.06-02.18.26 S09AUTO combat-result shot
2026.10.06-02.18.26 SHOT ctx viewport=1920x1080 viewTarget=CameraActor_2147482025 cam=(0,1342,1917) rot=(-55,-90,0)
2026.10.06-02.18.26 RENDER tag=SHOT rhi=D3D12 featureLevel=SM6 shaderPlatform=PCD3D_SM6 lumenPlatform=1 gi=lumen giMethod=1 refl=lumen reflMethod=1 shadows=csm vsmEnable=0 sg.res=100 sg.view=2 sg.aa=2 sg.shadow=2 sg.gi=2 sg.refl=2 sg.pp=2 sg.tex=2 sg.fx=2 sg.foliage=2 sg.shading=2 sg.landscape=2 preset=High screenPct=100.0 screenPctMode=0 aa=TSR aaMethod=4 exposure=fixed-histogram expMin=4.14106 expMax=4.14106 expBias=0.000 ev100=2.05 lightUnits=candelas sky=1 skyIntensity=3.000 keyShadow=csm-3600uu-2c-contact0.000 shadowCasters=1 profile=sarpedon-night profilesSha256=0a3417258f46ad3d99620bcbabd1b37615192b7a59f090c77515189845b33bb7 profilesSource=pak legacyRender=0 gameLayer=unlit-eyeadaptinv tMaxFPS=30.0 vsync=0 frameRateLimit=60.0 substrate=0 nanite=1 meshDF=1 viewport=1920x1080 reference=1
2026.10.06-02.18.26 SHOT fighter f-0-hero pos=(4,4) world=(16,189,0) screen=(982,752) projected=1 alive=1
2026.10.06-02.18.26 SHOT fighter f-0-sk0 pos=(1,3) world=(-309,33,0) screen=(555,576) projected=1 alive=1
2026.10.06-02.18.26 SHOT fighter f-0-sk1 pos=(0,2) world=(-398,-3,0) screen=(442,537) projected=1 alive=1
2026.10.06-02.18.26 SHOT fighter f-0-sk2 pos=(0,3) world=(-394,92,0) screen=(435,640) projected=1 alive=1
2026.10.06-02.18.26 SHOT fighter f-1-hero pos=(5,4) world=(119,141,0) screen=(1120,695) projected=1 alive=1
2026.10.06-02.18.26 SHOT fighter f-1-sk0 pos=(6,3) world=(159,52,0) screen=(1169,596) projected=1 alive=1
2026.10.06-02.18.26 SHOT camera dist=2340.2 target=2340.2 overview=2340.2 errPct=0.000 focusErr=0.00 settled=1 zoom=1.00
2026.10.06-02.18.26 SHOT head fighter=f-0-hero socket=Head mesh=SK_Medusa_H2LD world=(15.7,188.1,47.0) screen=(981.8,716.5) top=(981.9,712.1) bottom=(981.8,720.8) headPx=8.8 projected=1
2026.10.06-02.18.26 SHOT head fighter=f-0-sk0 socket=Head mesh=SK_Harpy_H3LD world=(-308.3,28.0,34.0) screen=(551.3,544.6) top=(550.4,540.0) bottom=(552.1,549.1) headPx=9.3 projected=1
2026.10.06-02.18.26 SHOT head fighter=f-0-sk1 socket=Head mesh=SK_Harpy_H3LD world=(-398.6,2.6,34.0) screen=(434.8,517.1) top=(433.7,512.5) bottom=(435.9,521.7) headPx=9.4 projected=1
2026.10.06-02.18.26 SHOT head fighter=f-0-sk2 socket=Head mesh=SK_Harpy_H3LD world=(-394.4,86.7,34.1) screen=(429.3,609.2) top=(428.1,604.7) bottom=(430.4,613.7) headPx=9.3 projected=1
2026.10.06-02.18.26 SHOT head fighter=f-1-hero socket=Head mesh=SK_KingArthur_H2LD world=(118.5,139.8,50.1) screen=(1122.6,657.7) top=(1123.0,653.3) bottom=(1122.3,662.2) headPx=9.0 projected=1
2026.10.06-02.18.26 SHOT head fighter=f-1-sk0 socket=Head mesh=SK_Merlin_H2LD world=(159.1,48.4,36.4) screen=(1172.2,565.1) top=(1172.6,560.5) bottom=(1171.7,569.6) headPx=9.1 projected=1
2026.10.06-02.18.26 SHOT figure fighter=f-0-hero bbox=(943,678,1023,785) ringR=28.50 art=1 blockout=0 team=P1 look=P1 ring=1
2026.10.06-02.18.26 SHOT figure fighter=f-0-sk0 bbox=(516,520,586,600) ringR=22.23 art=1 blockout=0 team=P1 look=P1 ring=1
2026.10.06-02.18.26 SHOT figure fighter=f-0-sk1 bbox=(402,482,474,561) ringR=22.23 art=1 blockout=0 team=P1 look=P1 ring=1
2026.10.06-02.18.26 SHOT figure fighter=f-0-sk2 bbox=(394,584,467,665) ringR=22.23 art=1 blockout=0 team=P1 look=P1 ring=1
2026.10.06-02.18.26 SHOT figure fighter=f-1-hero bbox=(1081,619,1165,728) ringR=28.50 art=1 blockout=0 team=P2 look=P2 ring=1
2026.10.06-02.18.26 SHOT figure fighter=f-1-sk0 bbox=(1139,534,1204,620) ringR=22.23 art=1 blockout=0 team=P2 look=P2 ring=1
2026.10.06-02.18.26 SHOT request file=s09-combat-result.png frame=774
2026.10.06-02.18.26 SHOT requested: FScreenshotRequest(bShowUI) -> C:\Users\ren\AppData\Local\Temp\s09-combat-20261006-071758-37616\host/s09-combat-result.png
2026.10.06-02.18.26 closed mode=
2026.10.06-02.18.26 MODE seq=7 mode=0 combat=0 pending=0
2026.10.06-02.18.26 MS-OPP verb=turn seq=7
2026.10.06-02.18.26 MS-TRACK own=0/2 opp=0/2 oppVisible=1 seq=7
2026.10.06-02.18.26 MS-LAST fade seq=3 at=7 ms=300
2026.10.06-02.18.26 CUE sound id=CUE-015 point=turn subject=- seq=7 t=26576 event_t=26576 dt=0 class=UI sound=none gain=0.80 result=silent turn=opp reason=opponent
2026.10.06-02.18.26 HUD-TURN seq=7 turn=opp initial=0 ring=marker-turn-ring flash=1000 banner=0 reduced=0
2026.10.06-02.18.26 HUD seq=7 phase=ACTION_MANEUVER turn=opp hand=4 oppHand=4(hidden) oppDeck=25 deck=24 discard=2
2026.10.06-02.18.26 MS-STATUS seq=7 text="King Arthur — Opponent is choosing an action"
2026.10.06-02.18.26 ARTPREVIEW fighter=Medusa hero=1 eligible=0 visual=1 mesh=SK_Medusa_H2LD
2026.10.06-02.18.26 FIGHTERS synced n=6 alive=6 own=4 enemy=2
2026.10.06-02.18.26 CUE damage f-1-hero -2 seq=7 staged=contact
2026.10.06-02.18.26 PEND resolve done seq=7 (apply) phase=ACTION_MANEUVER
2026.10.06-02.18.26 SNAPSHOT applied seq=7 phase=ACTION_MANEUVER
2026.10.06-02.18.26 HANDLE_APPLIED #12 seq=7 decision=1 fightersValid=1 boardValid=1
2026.10.06-02.18.26 MODE seq=7 mode=0 combat=0 pending=0
2026.10.06-02.18.26 HUD seq=7 phase=ACTION_MANEUVER turn=opp hand=4 oppHand=4(hidden) oppDeck=25 deck=24 discard=2
2026.10.06-02.18.26 ARTPREVIEW fighter=Medusa hero=1 eligible=0 visual=1 mesh=SK_Medusa_H2LD
2026.10.06-02.18.26 FIGHTERS synced n=6 alive=6 own=4 enemy=2
2026.10.06-02.18.26 WS seq=7 phase=ACTION_MANEUVER (merge)
2026.10.06-02.18.26 SHOT late begin file=s09-combat-result.png frame=774 requestFrame=774
2026.10.06-02.18.26 SHOT icon fighter=f-1-hero bbox=(1168,641,1200,673) size=32 src=combat planned=(1168,641,1200,673) geom=painted visible=1 anchor=right fallback=0 overlapPx2=0 texture=/Game/S08/UI/IconsV3/T_IV3_action_attack_token_32.T_IV3_action_attack_token_32 frame=774
2026.10.06-02.18.26 SHOT widget id=icon impl=umg-motion state=combat fighter=f-1-hero bbox=(1168,641,1200,673) geom=painted visible=1 twin=0 source=S08AnimatedIconWidget:action-attack-token frame=774
2026.10.06-02.18.26 SHOT widget id=board.tag impl=umg state=compact fighter=f-0-hero bbox=(932,654,1034,676) geom=painted visible=1 twin=0 source=/Game/S08/UI/ArtHud/WBP_S08ArtTag mode=compact look=P1 shape=circle placement=above ring=0 order=5 bound=1 softPx2=0 planned=(932,654,1034,676) frame=774
2026.10.06-02.18.26 SHOT widget id=board.tag.hp impl=umg state=compact fighter=f-0-hero bbox=(988,656,1030,674) geom=painted visible=1 twin=0 source=/Game/S08/UI/ArtHud/WBP_S08ArtTag mode=compact look=P1 shape=circle placement=above ring=0 order=5 bound=1 softPx2=0 planned=(932,654,1034,676) frame=774 font=11
2026.10.06-02.18.26 SHOT widget id=board.tag.bar impl=umg state=compact fighter=f-0-hero bbox=(951,663,985,668) geom=painted visible=1 twin=0 source=/Game/S08/UI/ArtHud/WBP_S08ArtTag mode=compact look=P1 shape=circle placement=above ring=0 order=5 bound=1 softPx2=0 planned=(932,654,1034,676) frame=774
2026.10.06-02.18.26 SHOT widget id=board.tag.chip impl=umg state=compact fighter=f-0-hero bbox=(936,659,948,671) geom=painted visible=1 twin=0 source=/Game/S08/UI/ArtHud/WBP_S08ArtTag mode=compact look=P1 shape=circle placement=above ring=0 order=5 bound=1 softPx2=0 planned=(932,654,1034,676) frame=774
2026.10.06-02.18.26 SHOT widget id=board.tag impl=umg state=compact fighter=f-0-sk0 bbox=(509,496,593,518) geom=painted visible=1 twin=0 source=/Game/S08/UI/ArtHud/WBP_S08ArtTag mode=compact look=P1 shape=circle placement=above ring=0 order=2 bound=1 softPx2=0 planned=(509,496,593,518) frame=774
2026.10.06-02.18.26 SHOT widget id=board.tag.hp impl=umg state=compact fighter=f-0-sk0 bbox=(565,498,589,516) geom=painted visible=1 twin=0 source=/Game/S08/UI/ArtHud/WBP_S08ArtTag mode=compact look=P1 shape=circle placement=above ring=0 order=2 bound=1 softPx2=0 planned=(509,496,593,518) frame=774 font=11
2026.10.06-02.18.26 SHOT widget id=board.tag.bar impl=umg state=compact fighter=f-0-sk0 bbox=(528,505,562,510) geom=painted visible=1 twin=0 source=/Game/S08/UI/ArtHud/WBP_S08ArtTag mode=compact look=P1 shape=circle placement=above ring=0 order=2 bound=1 softPx2=0 planned=(509,496,593,518) frame=774
2026.10.06-02.18.26 SHOT widget id=board.tag.chip impl=umg state=compact fighter=f-0-sk0 bbox=(513,501,525,513) geom=painted visible=1 twin=0 source=/Game/S08/UI/ArtHud/WBP_S08ArtTag mode=compact look=P1 shape=circle placement=above ring=0 order=2 bound=1 softPx2=0 planned=(509,496,593,518) frame=774
2026.10.06-02.18.26 SHOT widget id=board.tag impl=umg state=compact fighter=f-0-sk1 bbox=(396,458,480,480) geom=painted visible=1 twin=0 source=/Game/S08/UI/ArtHud/WBP_S08ArtTag mode=compact look=P1 shape=circle placement=above ring=0 order=1 bound=1 softPx2=0 planned=(396,458,480,480) frame=774
2026.10.06-02.18.26 SHOT widget id=board.tag.hp impl=umg state=compact fighter=f-0-sk1 bbox=(452,460,476,478) geom=painted visible=1 twin=0 source=/Game/S08/UI/ArtHud/WBP_S08ArtTag mode=compact look=P1 shape=circle placement=above ring=0 order=1 bound=1 softPx2=0 planned=(396,458,480,480) frame=774 font=11
2026.10.06-02.18.26 SHOT widget id=board.tag.bar impl=umg state=compact fighter=f-0-sk1 bbox=(415,467,449,472) geom=painted visible=1 twin=0 source=/Game/S08/UI/ArtHud/WBP_S08ArtTag mode=compact look=P1 shape=circle placement=above ring=0 order=1 bound=1 softPx2=0 planned=(396,458,480,480) frame=774
2026.10.06-02.18.26 SHOT widget id=board.tag.chip impl=umg state=compact fighter=f-0-sk1 bbox=(400,463,412,475) geom=painted visible=1 twin=0 source=/Game/S08/UI/ArtHud/WBP_S08ArtTag mode=compact look=P1 shape=circle placement=above ring=0 order=1 bound=1 softPx2=0 planned=(396,458,480,480) frame=774
2026.10.06-02.18.26 SHOT widget id=board.tag impl=umg state=compact fighter=f-0-sk2 bbox=(308,584,392,606) geom=painted visible=1 twin=0 source=/Game/S08/UI/ArtHud/WBP_S08ArtTag mode=compact look=P1 shape=circle placement=left ring=0 order=4 bound=1 softPx2=0 planned=(308,584,392,606) frame=774
2026.10.06-02.18.26 SHOT widget id=board.tag.hp impl=umg state=compact fighter=f-0-sk2 bbox=(364,586,388,604) geom=painted visible=1 twin=0 source=/Game/S08/UI/ArtHud/WBP_S08ArtTag mode=compact look=P1 shape=circle placement=left ring=0 order=4 bound=1 softPx2=0 planned=(308,584,392,606) frame=774 font=11
2026.10.06-02.18.26 SHOT widget id=board.tag.bar impl=umg state=compact fighter=f-0-sk2 bbox=(327,593,361,598) geom=painted visible=1 twin=0 source=/Game/S08/UI/ArtHud/WBP_S08ArtTag mode=compact look=P1 shape=circle placement=left ring=0 order=4 bound=1 softPx2=0 planned=(308,584,392,606) frame=774
2026.10.06-02.18.26 SHOT widget id=board.tag.chip impl=umg state=compact fighter=f-0-sk2 bbox=(312,589,324,601) geom=painted visible=1 twin=0 source=/Game/S08/UI/ArtHud/WBP_S08ArtTag mode=compact look=P1 shape=circle placement=left ring=0 order=4 bound=1 softPx2=0 planned=(308,584,392,606) frame=774
2026.10.06-02.18.26 SHOT widget id=board.tag impl=umg state=compact fighter=f-1-hero bbox=(1072,730,1174,752) geom=painted visible=1 twin=0 source=/Game/S08/UI/ArtHud/WBP_S08ArtTag mode=compact look=P2 shape=hex placement=below ring=0 order=0 bound=1 softPx2=0 planned=(1072,730,1174,752) frame=774
2026.10.06-02.18.26 SHOT widget id=board.tag.hp impl=umg state=compact fighter=f-1-hero bbox=(1128,732,1170,750) geom=painted visible=1 twin=0 source=/Game/S08/UI/ArtHud/WBP_S08ArtTag mode=compact look=P2 shape=hex placement=below ring=0 order=0 bound=1 softPx2=0 planned=(1072,730,1174,752) frame=774 font=11
2026.10.06-02.18.26 SHOT widget id=board.tag.bar impl=umg state=compact fighter=f-1-hero bbox=(1091,739,1125,744) geom=painted visible=1 twin=0 source=/Game/S08/UI/ArtHud/WBP_S08ArtTag mode=compact look=P2 shape=hex placement=below ring=0 order=0 bound=1 softPx2=0 planned=(1072,730,1174,752) frame=774
2026.10.06-02.18.26 SHOT widget id=board.tag.chip impl=umg state=compact fighter=f-1-hero bbox=(1076,735,1088,747) geom=painted visible=1 twin=0 source=/Game/S08/UI/ArtHud/WBP_S08ArtTag mode=compact look=P2 shape=hex placement=below ring=0 order=0 bound=1 softPx2=0 planned=(1072,730,1174,752) frame=774
2026.10.06-02.18.26 SHOT widget id=board.tag impl=umg state=compact fighter=f-1-sk0 bbox=(1130,510,1214,532) geom=painted visible=1 twin=0 source=/Game/S08/UI/ArtHud/WBP_S08ArtTag mode=compact look=P2 shape=hex placement=above ring=0 order=3 bound=1 softPx2=0 planned=(1130,510,1214,532) frame=774
2026.10.06-02.18.26 SHOT widget id=board.tag.hp impl=umg state=compact fighter=f-1-sk0 bbox=(1186,512,1210,530) geom=painted visible=1 twin=0 source=/Game/S08/UI/ArtHud/WBP_S08ArtTag mode=compact look=P2 shape=hex placement=above ring=0 order=3 bound=1 softPx2=0 planned=(1130,510,1214,532) frame=774 font=11
2026.10.06-02.18.26 SHOT widget id=board.tag.bar impl=umg state=compact fighter=f-1-sk0 bbox=(1149,519,1183,524) geom=painted visible=1 twin=0 source=/Game/S08/UI/ArtHud/WBP_S08ArtTag mode=compact look=P2 shape=hex placement=above ring=0 order=3 bound=1 softPx2=0 planned=(1130,510,1214,532) frame=774
2026.10.06-02.18.26 SHOT widget id=board.tag.chip impl=umg state=compact fighter=f-1-sk0 bbox=(1134,515,1146,527) geom=painted visible=1 twin=0 source=/Game/S08/UI/ArtHud/WBP_S08ArtTag mode=compact look=P2 shape=hex placement=above ring=0 order=3 bound=1 softPx2=0 planned=(1130,510,1214,532) frame=774
2026.10.06-02.18.26 SHOT panel id=hud.command bbox=(0,0,708,200) geom=painted visible=1 frame=774
2026.10.06-02.18.26 SHOT panel id=hud.side bbox=(1443,0,1920,153) geom=painted visible=1 frame=774
2026.10.06-02.18.26 SHOT panel id=hud.hand bbox=(387,929,1534,1080) geom=painted visible=1 frame=774
2026.10.06-02.18.26 SHOT late end file=s09-combat-result.png frame=774
2026.10.06-02.18.26 HUD-TRACK own=0/2 server=0 local=0 opp=0/2 oppVisible=1 anim=reset/reset seq=7 frame=775
2026.10.06-02.18.26 SHOT captured file=s09-combat-result.png frame=775 px=1920x1080 sha256=405bf424253acd0659f4c1c7c68a967ca62fe089f3804e3a72da1a9ee2381356 order=BGRA saved=1
2026.10.06-02.18.26 SHOT late begin file=s09-combat-result.png frame=775 requestFrame=774
2026.10.06-02.18.26 SHOT icon fighter=f-1-hero bbox=(1168,641,1200,673) size=32 src=combat planned=(1168,641,1200,673) geom=painted visible=1 anchor=right fallback=0 overlapPx2=0 texture=/Game/S08/UI/IconsV3/T_IV3_action_attack_token_32.T_IV3_action_attack_token_32 frame=775
2026.10.06-02.18.26 SHOT widget id=icon impl=umg-motion state=combat fighter=f-1-hero bbox=(1168,641,1200,673) geom=painted visible=1 twin=0 source=S08AnimatedIconWidget:action-attack-token frame=775
2026.10.06-02.18.26 SHOT widget id=board.tag impl=umg state=compact fighter=f-0-hero bbox=(932,654,1034,676) geom=painted visible=1 twin=0 source=/Game/S08/UI/ArtHud/WBP_S08ArtTag mode=compact look=P1 shape=circle placement=above ring=0 order=5 bound=1 softPx2=0 planned=(932,654,1034,676) frame=775
2026.10.06-02.18.26 SHOT widget id=board.tag.hp impl=umg state=compact fighter=f-0-hero bbox=(988,656,1030,674) geom=painted visible=1 twin=0 source=/Game/S08/UI/ArtHud/WBP_S08ArtTag mode=compact look=P1 shape=circle placement=above ring=0 order=5 bound=1 softPx2=0 planned=(932,654,1034,676) frame=775 font=11
2026.10.06-02.18.26 SHOT widget id=board.tag.bar impl=umg state=compact fighter=f-0-hero bbox=(951,663,985,668) geom=painted visible=1 twin=0 source=/Game/S08/UI/ArtHud/WBP_S08ArtTag mode=compact look=P1 shape=circle placement=above ring=0 order=5 bound=1 softPx2=0 planned=(932,654,1034,676) frame=775
2026.10.06-02.18.26 SHOT widget id=board.tag.chip impl=umg state=compact fighter=f-0-hero bbox=(936,659,948,671) geom=painted visible=1 twin=0 source=/Game/S08/UI/ArtHud/WBP_S08ArtTag mode=compact look=P1 shape=circle placement=above ring=0 order=5 bound=1 softPx2=0 planned=(932,654,1034,676) frame=775
2026.10.06-02.18.26 SHOT widget id=board.tag impl=umg state=compact fighter=f-0-sk0 bbox=(509,496,593,518) geom=painted visible=1 twin=0 source=/Game/S08/UI/ArtHud/WBP_S08ArtTag mode=compact look=P1 shape=circle placement=above ring=0 order=2 bound=1 softPx2=0 planned=(509,496,593,518) frame=775
2026.10.06-02.18.26 SHOT widget id=board.tag.hp impl=umg state=compact fighter=f-0-sk0 bbox=(565,498,589,516) geom=painted visible=1 twin=0 source=/Game/S08/UI/ArtHud/WBP_S08ArtTag mode=compact look=P1 shape=circle placement=above ring=0 order=2 bound=1 softPx2=0 planned=(509,496,593,518) frame=775 font=11
2026.10.06-02.18.26 SHOT widget id=board.tag.bar impl=umg state=compact fighter=f-0-sk0 bbox=(528,505,562,510) geom=painted visible=1 twin=0 source=/Game/S08/UI/ArtHud/WBP_S08ArtTag mode=compact look=P1 shape=circle placement=above ring=0 order=2 bound=1 softPx2=0 planned=(509,496,593,518) frame=775
2026.10.06-02.18.26 SHOT widget id=board.tag.chip impl=umg state=compact fighter=f-0-sk0 bbox=(513,501,525,513) geom=painted visible=1 twin=0 source=/Game/S08/UI/ArtHud/WBP_S08ArtTag mode=compact look=P1 shape=circle placement=above ring=0 order=2 bound=1 softPx2=0 planned=(509,496,593,518) frame=775
2026.10.06-02.18.26 SHOT widget id=board.tag impl=umg state=compact fighter=f-0-sk1 bbox=(396,458,480,480) geom=painted visible=1 twin=0 source=/Game/S08/UI/ArtHud/WBP_S08ArtTag mode=compact look=P1 shape=circle placement=above ring=0 order=1 bound=1 softPx2=0 planned=(396,458,480,480) frame=775
2026.10.06-02.18.26 SHOT widget id=board.tag.hp impl=umg state=compact fighter=f-0-sk1 bbox=(452,460,476,478) geom=painted visible=1 twin=0 source=/Game/S08/UI/ArtHud/WBP_S08ArtTag mode=compact look=P1 shape=circle placement=above ring=0 order=1 bound=1 softPx2=0 planned=(396,458,480,480) frame=775 font=11
2026.10.06-02.18.26 SHOT widget id=board.tag.bar impl=umg state=compact fighter=f-0-sk1 bbox=(415,467,449,472) geom=painted visible=1 twin=0 source=/Game/S08/UI/ArtHud/WBP_S08ArtTag mode=compact look=P1 shape=circle placement=above ring=0 order=1 bound=1 softPx2=0 planned=(396,458,480,480) frame=775
2026.10.06-02.18.26 SHOT widget id=board.tag.chip impl=umg state=compact fighter=f-0-sk1 bbox=(400,463,412,475) geom=painted visible=1 twin=0 source=/Game/S08/UI/ArtHud/WBP_S08ArtTag mode=compact look=P1 shape=circle placement=above ring=0 order=1 bound=1 softPx2=0 planned=(396,458,480,480) frame=775
2026.10.06-02.18.26 SHOT widget id=board.tag impl=umg state=compact fighter=f-0-sk2 bbox=(308,584,392,606) geom=painted visible=1 twin=0 source=/Game/S08/UI/ArtHud/WBP_S08ArtTag mode=compact look=P1 shape=circle placement=left ring=0 order=4 bound=1 softPx2=0 planned=(308,584,392,606) frame=775
2026.10.06-02.18.26 SHOT widget id=board.tag.hp impl=umg state=compact fighter=f-0-sk2 bbox=(364,586,388,604) geom=painted visible=1 twin=0 source=/Game/S08/UI/ArtHud/WBP_S08ArtTag mode=compact look=P1 shape=circle placement=left ring=0 order=4 bound=1 softPx2=0 planned=(308,584,392,606) frame=775 font=11
2026.10.06-02.18.26 SHOT widget id=board.tag.bar impl=umg state=compact fighter=f-0-sk2 bbox=(327,593,361,598) geom=painted visible=1 twin=0 source=/Game/S08/UI/ArtHud/WBP_S08ArtTag mode=compact look=P1 shape=circle placement=left ring=0 order=4 bound=1 softPx2=0 planned=(308,584,392,606) frame=775
2026.10.06-02.18.26 SHOT widget id=board.tag.chip impl=umg state=compact fighter=f-0-sk2 bbox=(312,589,324,601) geom=painted visible=1 twin=0 source=/Game/S08/UI/ArtHud/WBP_S08ArtTag mode=compact look=P1 shape=circle placement=left ring=0 order=4 bound=1 softPx2=0 planned=(308,584,392,606) frame=775
2026.10.06-02.18.26 SHOT widget id=board.tag impl=umg state=compact fighter=f-1-hero bbox=(1072,730,1174,752) geom=painted visible=1 twin=0 source=/Game/S08/UI/ArtHud/WBP_S08ArtTag mode=compact look=P2 shape=hex placement=below ring=0 order=0 bound=1 softPx2=0 planned=(1072,730,1174,752) frame=775
2026.10.06-02.18.26 SHOT widget id=board.tag.hp impl=umg state=compact fighter=f-1-hero bbox=(1128,732,1170,750) geom=painted visible=1 twin=0 source=/Game/S08/UI/ArtHud/WBP_S08ArtTag mode=compact look=P2 shape=hex placement=below ring=0 order=0 bound=1 softPx2=0 planned=(1072,730,1174,752) frame=775 font=11
2026.10.06-02.18.26 SHOT widget id=board.tag.bar impl=umg state=compact fighter=f-1-hero bbox=(1091,739,1125,744) geom=painted visible=1 twin=0 source=/Game/S08/UI/ArtHud/WBP_S08ArtTag mode=compact look=P2 shape=hex placement=below ring=0 order=0 bound=1 softPx2=0 planned=(1072,730,1174,752) frame=775
2026.10.06-02.18.26 SHOT widget id=board.tag.chip impl=umg state=compact fighter=f-1-hero bbox=(1076,735,1088,747) geom=painted visible=1 twin=0 source=/Game/S08/UI/ArtHud/WBP_S08ArtTag mode=compact look=P2 shape=hex placement=below ring=0 order=0 bound=1 softPx2=0 planned=(1072,730,1174,752) frame=775
2026.10.06-02.18.26 SHOT widget id=board.tag impl=umg state=compact fighter=f-1-sk0 bbox=(1130,510,1214,532) geom=painted visible=1 twin=0 source=/Game/S08/UI/ArtHud/WBP_S08ArtTag mode=compact look=P2 shape=hex placement=above ring=0 order=3 bound=1 softPx2=0 planned=(1130,510,1214,532) frame=775
2026.10.06-02.18.26 SHOT widget id=board.tag.hp impl=umg state=compact fighter=f-1-sk0 bbox=(1186,512,1210,530) geom=painted visible=1 twin=0 source=/Game/S08/UI/ArtHud/WBP_S08ArtTag mode=compact look=P2 shape=hex placement=above ring=0 order=3 bound=1 softPx2=0 planned=(1130,510,1214,532) frame=775 font=11
2026.10.06-02.18.26 SHOT widget id=board.tag.bar impl=umg state=compact fighter=f-1-sk0 bbox=(1149,519,1183,524) geom=painted visible=1 twin=0 source=/Game/S08/UI/ArtHud/WBP_S08ArtTag mode=compact look=P2 shape=hex placement=above ring=0 order=3 bound=1 softPx2=0 planned=(1130,510,1214,532) frame=775
2026.10.06-02.18.26 SHOT widget id=board.tag.chip impl=umg state=compact fighter=f-1-sk0 bbox=(1134,515,1146,527) geom=painted visible=1 twin=0 source=/Game/S08/UI/ArtHud/WBP_S08ArtTag mode=compact look=P2 shape=hex placement=above ring=0 order=3 bound=1 softPx2=0 planned=(1130,510,1214,532) frame=775
2026.10.06-02.18.26 SHOT panel id=hud.command bbox=(0,0,696,140) geom=painted visible=1 frame=775
2026.10.06-02.18.26 SHOT panel id=hud.side bbox=(1431,0,1920,179) geom=painted visible=1 frame=775
2026.10.06-02.18.26 SHOT panel id=hud.hand bbox=(537,929,1383,1080) geom=painted visible=1 frame=775
2026.10.06-02.18.26 SHOT late end file=s09-combat-result.png frame=775
2026.10.06-02.18.26 S09AUTO deck-panel open side=own try=1 discard=2/1
2026.10.06-02.18.26 DECK panel open side=own t=26860 fade=80 why=auto
2026.10.06-02.18.26 S09AUTO drive mode=0 plan=[attack+scheme] phase=ACTION_MANEUVER turn=cmuhntiwu0001wib0z281rpa8
2026.10.06-02.18.26 TAG fighter=f-0-hero bbox=(932,654,1034,676) mode=compact look=P1 placement=above ring=0 hardPx2=0 softPx2=0 order=5 bound=1
2026.10.06-02.18.26 TAG fighter=f-0-sk0 bbox=(509,496,593,518) mode=compact look=P1 placement=above ring=0 hardPx2=0 softPx2=0 order=2 bound=1
2026.10.06-02.18.26 TAG fighter=f-0-sk1 bbox=(396,458,480,480) mode=compact look=P1 placement=above ring=0 hardPx2=0 softPx2=0 order=1 bound=1
2026.10.06-02.18.26 TAG fighter=f-0-sk2 bbox=(308,584,392,606) mode=compact look=P1 placement=left ring=0 hardPx2=0 softPx2=0 order=4 bound=1
2026.10.06-02.18.26 TAG fighter=f-1-hero bbox=(1072,730,1174,752) mode=compact look=P2 placement=below ring=0 hardPx2=0 softPx2=0 order=0 bound=1
2026.10.06-02.18.26 TAG fighter=f-1-sk0 bbox=(1130,510,1214,532) mode=compact look=P2 placement=above ring=0 hardPx2=0 softPx2=0 order=3 bound=1
2026.10.06-02.18.26 ICON fighter=f-1-hero bbox=(1168,641,1200,673) size=32 src=combat anchor=right fallback=0 overlapPx2=0 texture=/Game/S08/UI/IconsV3/T_IV3_action_attack_token_32.T_IV3_action_attack_token_32
2026.10.06-02.18.26 SFX bank=UI-PANEL-OPEN tag=panel class=UI t=26893 sound=SW_UI_PANEL_OPEN_01 gain=0.80
2026.10.06-02.18.26 MS-LAST off seq=3 fade=300
2026.10.06-02.18.26 DECK model side=own list=1 kinds=11 copies=30 deck=24 discard=2 inHand=4 inDiscard=2 left=24 out=0
2026.10.06-02.18.26 SNAPSHOT applied seq=8 phase=ACTION_MANEUVER
2026.10.06-02.18.26 HANDLE_APPLIED #13 seq=8 decision=2 fightersValid=1 boardValid=1
2026.10.06-02.18.26 MODE seq=8 mode=0 combat=0 pending=0
2026.10.06-02.18.26 MS-OPP verb=maneuver seq=8
2026.10.06-02.18.26 MS-TRACK own=0/2 opp=1/2 oppVisible=1 seq=8
2026.10.06-02.18.26 MS-OPP planning=1 seq=8
2026.10.06-02.18.26 CUE sound id=CUE-005 point=cue subject=hand.opp seq=8 t=26960 event_t=26960 dt=0 class=SFX sound=SW_CRD_DRAW_04 gain=0.80 result=played
2026.10.06-02.18.26 HUD seq=8 phase=ACTION_MANEUVER turn=opp hand=4 oppHand=5(hidden) oppDeck=25~ deck=24~ discard=2
2026.10.06-02.18.26 DECK model side=own list=1 kinds=11 copies=30 deck=24~ discard=2 inHand=4 inDiscard=2 left=24 out=-1
2026.10.06-02.18.26 MS-STATUS seq=8 text="King Arthur — Opponent is planning a maneuver"
2026.10.06-02.18.26 ARTPREVIEW fighter=Medusa hero=1 eligible=0 visual=1 mesh=SK_Medusa_H2LD
2026.10.06-02.18.26 FIGHTERS synced n=6 alive=6 own=4 enemy=2
2026.10.06-02.18.26 WS seq=8 phase=ACTION_MANEUVER (apply)
2026.10.06-02.18.26 HUD-TRACK own=0/2 server=0 local=0 opp=1/2 oppVisible=1 anim=-/spend seq=8 frame=780
2026.10.06-02.18.27 game -> room=cmuw1u4nq0561t84m7cuv93yr code=<redacted> status=IN_PROGRESS
2026.10.06-02.18.27 S09AUTO run-f shot s09-deck-own.png
2026.10.06-02.18.27 SHOT ctx viewport=1920x1080 viewTarget=CameraActor_2147482025 cam=(0,1342,1917) rot=(-55,-90,0)
2026.10.06-02.18.27 RENDER tag=SHOT rhi=D3D12 featureLevel=SM6 shaderPlatform=PCD3D_SM6 lumenPlatform=1 gi=lumen giMethod=1 refl=lumen reflMethod=1 shadows=csm vsmEnable=0 sg.res=100 sg.view=2 sg.aa=2 sg.shadow=2 sg.gi=2 sg.refl=2 sg.pp=2 sg.tex=2 sg.fx=2 sg.foliage=2 sg.shading=2 sg.landscape=2 preset=High screenPct=100.0 screenPctMode=0 aa=TSR aaMethod=4 exposure=fixed-histogram expMin=4.14106 expMax=4.14106 expBias=0.000 ev100=2.05 lightUnits=candelas sky=1 skyIntensity=3.000 keyShadow=csm-3600uu-2c-contact0.000 shadowCasters=1 profile=sarpedon-night profilesSha256=0a3417258f46ad3d99620bcbabd1b37615192b7a59f090c77515189845b33bb7 profilesSource=pak legacyRender=0 gameLayer=unlit-eyeadaptinv tMaxFPS=30.0 vsync=0 frameRateLimit=60.0 substrate=0 nanite=1 meshDF=1 viewport=1920x1080 reference=1
2026.10.06-02.18.27 SHOT fighter f-0-hero pos=(4,4) world=(16,189,0) screen=(982,752) projected=1 alive=1
2026.10.06-02.18.27 SHOT fighter f-0-sk0 pos=(1,3) world=(-309,33,0) screen=(555,576) projected=1 alive=1
2026.10.06-02.18.27 SHOT fighter f-0-sk1 pos=(0,2) world=(-398,-3,0) screen=(442,537) projected=1 alive=1
2026.10.06-02.18.27 SHOT fighter f-0-sk2 pos=(0,3) world=(-394,92,0) screen=(435,640) projected=1 alive=1
2026.10.06-02.18.27 SHOT fighter f-1-hero pos=(5,4) world=(119,141,0) screen=(1120,695) projected=1 alive=1
2026.10.06-02.18.27 SHOT fighter f-1-sk0 pos=(6,3) world=(159,52,0) screen=(1169,596) projected=1 alive=1
2026.10.06-02.18.27 SHOT camera dist=2340.2 target=2340.2 overview=2340.2 errPct=0.000 focusErr=0.00 settled=1 zoom=1.00
2026.10.06-02.18.27 SHOT head fighter=f-0-hero socket=Head mesh=SK_Medusa_H2LD world=(17.0,188.3,47.0) screen=(983.6,716.6) top=(983.7,712.2) bottom=(983.6,721.0) headPx=8.8 projected=1
2026.10.06-02.18.27 SHOT head fighter=f-0-sk0 socket=Head mesh=SK_Harpy_H3LD world=(-309.1,27.9,34.0) screen=(550.2,544.5) top=(549.3,539.9) bottom=(551.1,549.0) headPx=9.3 projected=1
2026.10.06-02.18.27 SHOT head fighter=f-0-sk1 socket=Head mesh=SK_Harpy_H3LD world=(-398.6,2.3,34.3) screen=(434.8,516.5) top=(433.7,511.9) bottom=(435.9,521.1) headPx=9.4 projected=1
2026.10.06-02.18.27 SHOT head fighter=f-0-sk2 socket=Head mesh=SK_Harpy_H3LD world=(-393.6,86.7,34.0) screen=(430.4,609.3) top=(429.2,604.8) bottom=(431.5,613.8) headPx=9.3 projected=1
2026.10.06-02.18.27 SHOT head fighter=f-1-hero socket=Head mesh=SK_KingArthur_H2LD world=(119.0,141.0,50.1) screen=(1123.3,659.1) top=(1123.6,654.6) bottom=(1122.9,663.5) headPx=8.9 projected=1
2026.10.06-02.18.27 SHOT head fighter=f-1-sk0 socket=Head mesh=SK_Merlin_H2LD world=(159.2,49.0,36.6) screen=(1172.4,565.5) top=(1172.8,561.0) bottom=(1171.9,570.0) headPx=9.1 projected=1
2026.10.06-02.18.27 SHOT figure fighter=f-0-hero bbox=(943,678,1023,785) ringR=28.50 art=1 blockout=0 team=P1 look=P1 ring=1
2026.10.06-02.18.27 SHOT figure fighter=f-0-sk0 bbox=(516,520,586,600) ringR=22.23 art=1 blockout=0 team=P1 look=P1 ring=1
2026.10.06-02.18.27 SHOT figure fighter=f-0-sk1 bbox=(402,482,474,561) ringR=22.23 art=1 blockout=0 team=P1 look=P1 ring=1
2026.10.06-02.18.27 SHOT figure fighter=f-0-sk2 bbox=(394,584,467,665) ringR=22.23 art=1 blockout=0 team=P1 look=P1 ring=1
2026.10.06-02.18.27 SHOT figure fighter=f-1-hero bbox=(1081,619,1165,728) ringR=28.50 art=1 blockout=0 team=P2 look=P2 ring=1
2026.10.06-02.18.27 SHOT figure fighter=f-1-sk0 bbox=(1139,534,1204,620) ringR=22.23 art=1 blockout=0 team=P2 look=P2 ring=1
2026.10.06-02.18.27 SHOT request file=s09-deck-own.png frame=795
2026.10.06-02.18.27 SHOT requested: FScreenshotRequest(bShowUI) -> C:\Users\ren\AppData\Local\Temp\s09-combat-20261006-071758-37616\host/s09-deck-own.png
2026.10.06-02.18.27 SHOT captured file=s09-deck-own.png frame=795 px=1920x1080 sha256=9b12bf30127f0677a79447dfe3213ff593a4b99a74533b2c12c8cb68160593ba order=BGRA saved=1
2026.10.06-02.18.27 SHOT late begin file=s09-deck-own.png frame=795 requestFrame=795
2026.10.06-02.18.27 SHOT icon fighter=f-1-hero bbox=(1168,641,1200,673) size=32 src=combat planned=(1168,641,1200,673) geom=painted visible=1 anchor=right fallback=0 overlapPx2=0 texture=/Game/S08/UI/IconsV3/T_IV3_action_attack_token_32.T_IV3_action_attack_token_32 frame=795
2026.10.06-02.18.27 SHOT widget id=icon impl=umg-motion state=combat fighter=f-1-hero bbox=(1168,641,1200,673) geom=painted visible=1 twin=0 source=S08AnimatedIconWidget:action-attack-token frame=795
2026.10.06-02.18.27 SHOT widget id=board.tag impl=umg state=compact fighter=f-0-hero bbox=(932,654,1034,676) geom=painted visible=1 twin=0 source=/Game/S08/UI/ArtHud/WBP_S08ArtTag mode=compact look=P1 shape=circle placement=above ring=0 order=5 bound=1 softPx2=0 planned=(932,654,1034,676) frame=795
2026.10.06-02.18.27 SHOT widget id=board.tag.hp impl=umg state=compact fighter=f-0-hero bbox=(988,656,1030,674) geom=painted visible=1 twin=0 source=/Game/S08/UI/ArtHud/WBP_S08ArtTag mode=compact look=P1 shape=circle placement=above ring=0 order=5 bound=1 softPx2=0 planned=(932,654,1034,676) frame=795 font=11
2026.10.06-02.18.27 SHOT widget id=board.tag.bar impl=umg state=compact fighter=f-0-hero bbox=(951,663,985,668) geom=painted visible=1 twin=0 source=/Game/S08/UI/ArtHud/WBP_S08ArtTag mode=compact look=P1 shape=circle placement=above ring=0 order=5 bound=1 softPx2=0 planned=(932,654,1034,676) frame=795
2026.10.06-02.18.27 SHOT widget id=board.tag.chip impl=umg state=compact fighter=f-0-hero bbox=(936,659,948,671) geom=painted visible=1 twin=0 source=/Game/S08/UI/ArtHud/WBP_S08ArtTag mode=compact look=P1 shape=circle placement=above ring=0 order=5 bound=1 softPx2=0 planned=(932,654,1034,676) frame=795
2026.10.06-02.18.27 SHOT widget id=board.tag impl=umg state=compact fighter=f-0-sk0 bbox=(509,496,593,518) geom=painted visible=1 twin=0 source=/Game/S08/UI/ArtHud/WBP_S08ArtTag mode=compact look=P1 shape=circle placement=above ring=0 order=2 bound=1 softPx2=0 planned=(509,496,593,518) frame=795
2026.10.06-02.18.27 SHOT widget id=board.tag.hp impl=umg state=compact fighter=f-0-sk0 bbox=(565,498,589,516) geom=painted visible=1 twin=0 source=/Game/S08/UI/ArtHud/WBP_S08ArtTag mode=compact look=P1 shape=circle placement=above ring=0 order=2 bound=1 softPx2=0 planned=(509,496,593,518) frame=795 font=11
2026.10.06-02.18.27 SHOT widget id=board.tag.bar impl=umg state=compact fighter=f-0-sk0 bbox=(528,505,562,510) geom=painted visible=1 twin=0 source=/Game/S08/UI/ArtHud/WBP_S08ArtTag mode=compact look=P1 shape=circle placement=above ring=0 order=2 bound=1 softPx2=0 planned=(509,496,593,518) frame=795
2026.10.06-02.18.27 SHOT widget id=board.tag.chip impl=umg state=compact fighter=f-0-sk0 bbox=(513,501,525,513) geom=painted visible=1 twin=0 source=/Game/S08/UI/ArtHud/WBP_S08ArtTag mode=compact look=P1 shape=circle placement=above ring=0 order=2 bound=1 softPx2=0 planned=(509,496,593,518) frame=795
2026.10.06-02.18.27 SHOT widget id=board.tag impl=umg state=compact fighter=f-0-sk1 bbox=(396,458,480,480) geom=painted visible=1 twin=0 source=/Game/S08/UI/ArtHud/WBP_S08ArtTag mode=compact look=P1 shape=circle placement=above ring=0 order=1 bound=1 softPx2=0 planned=(396,458,480,480) frame=795
2026.10.06-02.18.27 SHOT widget id=board.tag.hp impl=umg state=compact fighter=f-0-sk1 bbox=(452,460,476,478) geom=painted visible=1 twin=0 source=/Game/S08/UI/ArtHud/WBP_S08ArtTag mode=compact look=P1 shape=circle placement=above ring=0 order=1 bound=1 softPx2=0 planned=(396,458,480,480) frame=795 font=11
2026.10.06-02.18.27 SHOT widget id=board.tag.bar impl=umg state=compact fighter=f-0-sk1 bbox=(415,467,449,472) geom=painted visible=1 twin=0 source=/Game/S08/UI/ArtHud/WBP_S08ArtTag mode=compact look=P1 shape=circle placement=above ring=0 order=1 bound=1 softPx2=0 planned=(396,458,480,480) frame=795
2026.10.06-02.18.27 SHOT widget id=board.tag.chip impl=umg state=compact fighter=f-0-sk1 bbox=(400,463,412,475) geom=painted visible=1 twin=0 source=/Game/S08/UI/ArtHud/WBP_S08ArtTag mode=compact look=P1 shape=circle placement=above ring=0 order=1 bound=1 softPx2=0 planned=(396,458,480,480) frame=795
2026.10.06-02.18.27 SHOT widget id=board.tag impl=umg state=compact fighter=f-0-sk2 bbox=(308,584,392,606) geom=painted visible=1 twin=0 source=/Game/S08/UI/ArtHud/WBP_S08ArtTag mode=compact look=P1 shape=circle placement=left ring=0 order=4 bound=1 softPx2=0 planned=(308,584,392,606) frame=795
2026.10.06-02.18.27 SHOT widget id=board.tag.hp impl=umg state=compact fighter=f-0-sk2 bbox=(364,586,388,604) geom=painted visible=1 twin=0 source=/Game/S08/UI/ArtHud/WBP_S08ArtTag mode=compact look=P1 shape=circle placement=left ring=0 order=4 bound=1 softPx2=0 planned=(308,584,392,606) frame=795 font=11
2026.10.06-02.18.27 SHOT widget id=board.tag.bar impl=umg state=compact fighter=f-0-sk2 bbox=(327,593,361,598) geom=painted visible=1 twin=0 source=/Game/S08/UI/ArtHud/WBP_S08ArtTag mode=compact look=P1 shape=circle placement=left ring=0 order=4 bound=1 softPx2=0 planned=(308,584,392,606) frame=795
2026.10.06-02.18.27 SHOT widget id=board.tag.chip impl=umg state=compact fighter=f-0-sk2 bbox=(312,589,324,601) geom=painted visible=1 twin=0 source=/Game/S08/UI/ArtHud/WBP_S08ArtTag mode=compact look=P1 shape=circle placement=left ring=0 order=4 bound=1 softPx2=0 planned=(308,584,392,606) frame=795
2026.10.06-02.18.27 SHOT widget id=board.tag impl=umg state=compact fighter=f-1-hero bbox=(1072,730,1174,752) geom=painted visible=1 twin=0 source=/Game/S08/UI/ArtHud/WBP_S08ArtTag mode=compact look=P2 shape=hex placement=below ring=0 order=0 bound=1 softPx2=0 planned=(1072,730,1174,752) frame=795
2026.10.06-02.18.27 SHOT widget id=board.tag.hp impl=umg state=compact fighter=f-1-hero bbox=(1128,732,1170,750) geom=painted visible=1 twin=0 source=/Game/S08/UI/ArtHud/WBP_S08ArtTag mode=compact look=P2 shape=hex placement=below ring=0 order=0 bound=1 softPx2=0 planned=(1072,730,1174,752) frame=795 font=11
2026.10.06-02.18.27 SHOT widget id=board.tag.bar impl=umg state=compact fighter=f-1-hero bbox=(1091,739,1125,744) geom=painted visible=1 twin=0 source=/Game/S08/UI/ArtHud/WBP_S08ArtTag mode=compact look=P2 shape=hex placement=below ring=0 order=0 bound=1 softPx2=0 planned=(1072,730,1174,752) frame=795
2026.10.06-02.18.27 SHOT widget id=board.tag.chip impl=umg state=compact fighter=f-1-hero bbox=(1076,735,1088,747) geom=painted visible=1 twin=0 source=/Game/S08/UI/ArtHud/WBP_S08ArtTag mode=compact look=P2 shape=hex placement=below ring=0 order=0 bound=1 softPx2=0 planned=(1072,730,1174,752) frame=795
2026.10.06-02.18.27 SHOT widget id=board.tag impl=umg state=compact fighter=f-1-sk0 bbox=(1130,510,1214,532) geom=painted visible=1 twin=0 source=/Game/S08/UI/ArtHud/WBP_S08ArtTag mode=compact look=P2 shape=hex placement=above ring=0 order=3 bound=1 softPx2=0 planned=(1130,510,1214,532) frame=795
2026.10.06-02.18.27 SHOT widget id=board.tag.hp impl=umg state=compact fighter=f-1-sk0 bbox=(1186,512,1210,530) geom=painted visible=1 twin=0 source=/Game/S08/UI/ArtHud/WBP_S08ArtTag mode=compact look=P2 shape=hex placement=above ring=0 order=3 bound=1 softPx2=0 planned=(1130,510,1214,532) frame=795 font=11
2026.10.06-02.18.27 SHOT widget id=board.tag.bar impl=umg state=compact fighter=f-1-sk0 bbox=(1149,519,1183,524) geom=painted visible=1 twin=0 source=/Game/S08/UI/ArtHud/WBP_S08ArtTag mode=compact look=P2 shape=hex placement=above ring=0 order=3 bound=1 softPx2=0 planned=(1130,510,1214,532) frame=795
2026.10.06-02.18.27 SHOT widget id=board.tag.chip impl=umg state=compact fighter=f-1-sk0 bbox=(1134,515,1146,527) geom=painted visible=1 twin=0 source=/Game/S08/UI/ArtHud/WBP_S08ArtTag mode=compact look=P2 shape=hex placement=above ring=0 order=3 bound=1 softPx2=0 planned=(1130,510,1214,532) frame=795
2026.10.06-02.18.27 SHOT panel id=hud.command bbox=(0,0,696,140) geom=painted visible=1 frame=795
2026.10.06-02.18.27 SHOT panel id=hud.side bbox=(1431,0,1920,179) geom=painted visible=1 frame=795
2026.10.06-02.18.27 SHOT panel id=hud.hand bbox=(537,929,1383,1080) geom=painted visible=1 frame=795
2026.10.06-02.18.27 SHOT late end file=s09-deck-own.png frame=795
2026.10.06-02.18.27 DECK panel open side=opp t=27805 fade=0 why=auto switch=1
2026.10.06-02.18.27 DECK model side=opp list=1 kinds=16 copies=30 deck=25~ discard=1 backs=5 inDiscard=1
2026.10.06-02.18.28 CUE combat seq=7 stage=read t=28196 ms=1000 skipped=0
2026.10.06-02.18.28 S09AUTO run-f shot s09-deck-opp.png
2026.10.06-02.18.28 SHOT ctx viewport=1920x1080 viewTarget=CameraActor_2147482025 cam=(0,1342,1917) rot=(-55,-90,0)
2026.10.06-02.18.28 RENDER tag=SHOT rhi=D3D12 featureLevel=SM6 shaderPlatform=PCD3D_SM6 lumenPlatform=1 gi=lumen giMethod=1 refl=lumen reflMethod=1 shadows=csm vsmEnable=0 sg.res=100 sg.view=2 sg.aa=2 sg.shadow=2 sg.gi=2 sg.refl=2 sg.pp=2 sg.tex=2 sg.fx=2 sg.foliage=2 sg.shading=2 sg.landscape=2 preset=High screenPct=100.0 screenPctMode=0 aa=TSR aaMethod=4 exposure=fixed-histogram expMin=4.14106 expMax=4.14106 expBias=0.000 ev100=2.05 lightUnits=candelas sky=1 skyIntensity=3.000 keyShadow=csm-3600uu-2c-contact0.000 shadowCasters=1 profile=sarpedon-night profilesSha256=0a3417258f46ad3d99620bcbabd1b37615192b7a59f090c77515189845b33bb7 profilesSource=pak legacyRender=0 gameLayer=unlit-eyeadaptinv tMaxFPS=30.0 vsync=0 frameRateLimit=60.0 substrate=0 nanite=1 meshDF=1 viewport=1920x1080 reference=1
2026.10.06-02.18.28 SHOT fighter f-0-hero pos=(4,4) world=(16,189,0) screen=(982,752) projected=1 alive=1
2026.10.06-02.18.28 SHOT fighter f-0-sk0 pos=(1,3) world=(-309,33,0) screen=(555,576) projected=1 alive=1
2026.10.06-02.18.28 SHOT fighter f-0-sk1 pos=(0,2) world=(-398,-3,0) screen=(442,537) projected=1 alive=1
2026.10.06-02.18.28 SHOT fighter f-0-sk2 pos=(0,3) world=(-394,92,0) screen=(435,640) projected=1 alive=1
2026.10.06-02.18.28 SHOT fighter f-1-hero pos=(5,4) world=(119,141,0) screen=(1120,695) projected=1 alive=1
2026.10.06-02.18.28 SHOT fighter f-1-sk0 pos=(6,3) world=(159,52,0) screen=(1169,596) projected=1 alive=1
2026.10.06-02.18.28 SHOT camera dist=2340.2 target=2340.2 overview=2340.2 errPct=0.000 focusErr=0.00 settled=1 zoom=1.00
2026.10.06-02.18.28 SHOT head fighter=f-0-hero socket=Head mesh=SK_Medusa_H2LD world=(15.9,188.7,47.1) screen=(982.0,717.1) top=(982.1,712.7) bottom=(982.0,721.5) headPx=8.8 projected=1
2026.10.06-02.18.28 SHOT head fighter=f-0-sk0 socket=Head mesh=SK_Harpy_H3LD world=(-308.3,28.1,34.1) screen=(551.2,544.6) top=(550.3,540.0) bottom=(552.1,549.2) headPx=9.3 projected=1
2026.10.06-02.18.28 SHOT head fighter=f-0-sk1 socket=Head mesh=SK_Harpy_H3LD world=(-398.8,2.6,33.9) screen=(434.5,517.1) top=(433.4,512.5) bottom=(435.6,521.7) headPx=9.4 projected=1
2026.10.06-02.18.28 SHOT head fighter=f-0-sk2 socket=Head mesh=SK_Harpy_H3LD world=(-394.4,86.6,34.0) screen=(429.3,609.2) top=(428.1,604.7) bottom=(430.4,613.7) headPx=9.3 projected=1
2026.10.06-02.18.28 SHOT head fighter=f-1-hero socket=Head mesh=SK_KingArthur_H2LD world=(119.4,139.8,50.1) screen=(1123.8,657.7) top=(1124.2,653.2) bottom=(1123.4,662.1) headPx=9.0 projected=1
2026.10.06-02.18.28 SHOT head fighter=f-1-sk0 socket=Head mesh=SK_Merlin_H2LD world=(158.7,49.0,36.6) screen=(1171.8,565.5) top=(1172.2,560.9) bottom=(1171.3,570.0) headPx=9.1 projected=1
2026.10.06-02.18.28 SHOT figure fighter=f-0-hero bbox=(943,678,1023,785) ringR=28.50 art=1 blockout=0 team=P1 look=P1 ring=1
2026.10.06-02.18.28 SHOT figure fighter=f-0-sk0 bbox=(516,520,586,600) ringR=22.23 art=1 blockout=0 team=P1 look=P1 ring=1
2026.10.06-02.18.28 SHOT figure fighter=f-0-sk1 bbox=(402,482,474,561) ringR=22.23 art=1 blockout=0 team=P1 look=P1 ring=1
2026.10.06-02.18.28 SHOT figure fighter=f-0-sk2 bbox=(394,584,467,665) ringR=22.23 art=1 blockout=0 team=P1 look=P1 ring=1
2026.10.06-02.18.28 SHOT figure fighter=f-1-hero bbox=(1081,619,1165,728) ringR=28.50 art=1 blockout=0 team=P2 look=P2 ring=1
2026.10.06-02.18.28 SHOT figure fighter=f-1-sk0 bbox=(1139,534,1204,620) ringR=22.23 art=1 blockout=0 team=P2 look=P2 ring=1
2026.10.06-02.18.28 SHOT request file=s09-deck-opp.png frame=818
2026.10.06-02.18.28 SHOT requested: FScreenshotRequest(bShowUI) -> C:\Users\ren\AppData\Local\Temp\s09-combat-20261006-071758-37616\host/s09-deck-opp.png
2026.10.06-02.18.28 SHOT captured file=s09-deck-opp.png frame=818 px=1920x1080 sha256=bfb295039642f9d7a4f4ffd1f630c6899eed5a18bfd938c78a8f141d24f990d0 order=BGRA saved=1
2026.10.06-02.18.28 SHOT late begin file=s09-deck-opp.png frame=818 requestFrame=818
2026.10.06-02.18.28 SHOT icon fighter=f-1-hero bbox=(1168,641,1200,673) size=32 src=combat planned=(1168,641,1200,673) geom=painted visible=1 anchor=right fallback=0 overlapPx2=0 texture=/Game/S08/UI/IconsV3/T_IV3_action_attack_token_32.T_IV3_action_attack_token_32 frame=818
2026.10.06-02.18.28 SHOT widget id=icon impl=umg-motion state=combat fighter=f-1-hero bbox=(1168,641,1200,673) geom=painted visible=1 twin=0 source=S08AnimatedIconWidget:action-attack-token frame=818
2026.10.06-02.18.28 SHOT widget id=board.tag impl=umg state=compact fighter=f-0-hero bbox=(932,654,1034,676) geom=painted visible=1 twin=0 source=/Game/S08/UI/ArtHud/WBP_S08ArtTag mode=compact look=P1 shape=circle placement=above ring=0 order=5 bound=1 softPx2=0 planned=(932,654,1034,676) frame=818
2026.10.06-02.18.28 SHOT widget id=board.tag.hp impl=umg state=compact fighter=f-0-hero bbox=(988,656,1030,674) geom=painted visible=1 twin=0 source=/Game/S08/UI/ArtHud/WBP_S08ArtTag mode=compact look=P1 shape=circle placement=above ring=0 order=5 bound=1 softPx2=0 planned=(932,654,1034,676) frame=818 font=11
2026.10.06-02.18.28 SHOT widget id=board.tag.bar impl=umg state=compact fighter=f-0-hero bbox=(951,663,985,668) geom=painted visible=1 twin=0 source=/Game/S08/UI/ArtHud/WBP_S08ArtTag mode=compact look=P1 shape=circle placement=above ring=0 order=5 bound=1 softPx2=0 planned=(932,654,1034,676) frame=818
2026.10.06-02.18.28 SHOT widget id=board.tag.chip impl=umg state=compact fighter=f-0-hero bbox=(936,659,948,671) geom=painted visible=1 twin=0 source=/Game/S08/UI/ArtHud/WBP_S08ArtTag mode=compact look=P1 shape=circle placement=above ring=0 order=5 bound=1 softPx2=0 planned=(932,654,1034,676) frame=818
2026.10.06-02.18.28 SHOT widget id=board.tag impl=umg state=compact fighter=f-0-sk0 bbox=(509,496,593,518) geom=painted visible=1 twin=0 source=/Game/S08/UI/ArtHud/WBP_S08ArtTag mode=compact look=P1 shape=circle placement=above ring=0 order=2 bound=1 softPx2=0 planned=(509,496,593,518) frame=818
2026.10.06-02.18.28 SHOT widget id=board.tag.hp impl=umg state=compact fighter=f-0-sk0 bbox=(565,498,589,516) geom=painted visible=1 twin=0 source=/Game/S08/UI/ArtHud/WBP_S08ArtTag mode=compact look=P1 shape=circle placement=above ring=0 order=2 bound=1 softPx2=0 planned=(509,496,593,518) frame=818 font=11
2026.10.06-02.18.28 SHOT widget id=board.tag.bar impl=umg state=compact fighter=f-0-sk0 bbox=(528,505,562,510) geom=painted visible=1 twin=0 source=/Game/S08/UI/ArtHud/WBP_S08ArtTag mode=compact look=P1 shape=circle placement=above ring=0 order=2 bound=1 softPx2=0 planned=(509,496,593,518) frame=818
2026.10.06-02.18.28 SHOT widget id=board.tag.chip impl=umg state=compact fighter=f-0-sk0 bbox=(513,501,525,513) geom=painted visible=1 twin=0 source=/Game/S08/UI/ArtHud/WBP_S08ArtTag mode=compact look=P1 shape=circle placement=above ring=0 order=2 bound=1 softPx2=0 planned=(509,496,593,518) frame=818
2026.10.06-02.18.28 SHOT widget id=board.tag impl=umg state=compact fighter=f-0-sk1 bbox=(396,458,480,480) geom=painted visible=1 twin=0 source=/Game/S08/UI/ArtHud/WBP_S08ArtTag mode=compact look=P1 shape=circle placement=above ring=0 order=1 bound=1 softPx2=0 planned=(396,458,480,480) frame=818
2026.10.06-02.18.28 SHOT widget id=board.tag.hp impl=umg state=compact fighter=f-0-sk1 bbox=(452,460,476,478) geom=painted visible=1 twin=0 source=/Game/S08/UI/ArtHud/WBP_S08ArtTag mode=compact look=P1 shape=circle placement=above ring=0 order=1 bound=1 softPx2=0 planned=(396,458,480,480) frame=818 font=11
2026.10.06-02.18.28 SHOT widget id=board.tag.bar impl=umg state=compact fighter=f-0-sk1 bbox=(415,467,449,472) geom=painted visible=1 twin=0 source=/Game/S08/UI/ArtHud/WBP_S08ArtTag mode=compact look=P1 shape=circle placement=above ring=0 order=1 bound=1 softPx2=0 planned=(396,458,480,480) frame=818
2026.10.06-02.18.28 SHOT widget id=board.tag.chip impl=umg state=compact fighter=f-0-sk1 bbox=(400,463,412,475) geom=painted visible=1 twin=0 source=/Game/S08/UI/ArtHud/WBP_S08ArtTag mode=compact look=P1 shape=circle placement=above ring=0 order=1 bound=1 softPx2=0 planned=(396,458,480,480) frame=818
2026.10.06-02.18.28 SHOT widget id=board.tag impl=umg state=compact fighter=f-0-sk2 bbox=(308,584,392,606) geom=painted visible=1 twin=0 source=/Game/S08/UI/ArtHud/WBP_S08ArtTag mode=compact look=P1 shape=circle placement=left ring=0 order=4 bound=1 softPx2=0 planned=(308,584,392,606) frame=818
2026.10.06-02.18.28 SHOT widget id=board.tag.hp impl=umg state=compact fighter=f-0-sk2 bbox=(364,586,388,604) geom=painted visible=1 twin=0 source=/Game/S08/UI/ArtHud/WBP_S08ArtTag mode=compact look=P1 shape=circle placement=left ring=0 order=4 bound=1 softPx2=0 planned=(308,584,392,606) frame=818 font=11
2026.10.06-02.18.28 SHOT widget id=board.tag.bar impl=umg state=compact fighter=f-0-sk2 bbox=(327,593,361,598) geom=painted visible=1 twin=0 source=/Game/S08/UI/ArtHud/WBP_S08ArtTag mode=compact look=P1 shape=circle placement=left ring=0 order=4 bound=1 softPx2=0 planned=(308,584,392,606) frame=818
2026.10.06-02.18.28 SHOT widget id=board.tag.chip impl=umg state=compact fighter=f-0-sk2 bbox=(312,589,324,601) geom=painted visible=1 twin=0 source=/Game/S08/UI/ArtHud/WBP_S08ArtTag mode=compact look=P1 shape=circle placement=left ring=0 order=4 bound=1 softPx2=0 planned=(308,584,392,606) frame=818
2026.10.06-02.18.28 SHOT widget id=board.tag impl=umg state=compact fighter=f-1-hero bbox=(1072,730,1174,752) geom=painted visible=1 twin=0 source=/Game/S08/UI/ArtHud/WBP_S08ArtTag mode=compact look=P2 shape=hex placement=below ring=0 order=0 bound=1 softPx2=0 planned=(1072,730,1174,752) frame=818
2026.10.06-02.18.28 SHOT widget id=board.tag.hp impl=umg state=compact fighter=f-1-hero bbox=(1128,732,1170,750) geom=painted visible=1 twin=0 source=/Game/S08/UI/ArtHud/WBP_S08ArtTag mode=compact look=P2 shape=hex placement=below ring=0 order=0 bound=1 softPx2=0 planned=(1072,730,1174,752) frame=818 font=11
2026.10.06-02.18.28 SHOT widget id=board.tag.bar impl=umg state=compact fighter=f-1-hero bbox=(1091,739,1125,744) geom=painted visible=1 twin=0 source=/Game/S08/UI/ArtHud/WBP_S08ArtTag mode=compact look=P2 shape=hex placement=below ring=0 order=0 bound=1 softPx2=0 planned=(1072,730,1174,752) frame=818
2026.10.06-02.18.28 SHOT widget id=board.tag.chip impl=umg state=compact fighter=f-1-hero bbox=(1076,735,1088,747) geom=painted visible=1 twin=0 source=/Game/S08/UI/ArtHud/WBP_S08ArtTag mode=compact look=P2 shape=hex placement=below ring=0 order=0 bound=1 softPx2=0 planned=(1072,730,1174,752) frame=818
2026.10.06-02.18.28 SHOT widget id=board.tag impl=umg state=compact fighter=f-1-sk0 bbox=(1130,510,1214,532) geom=painted visible=1 twin=0 source=/Game/S08/UI/ArtHud/WBP_S08ArtTag mode=compact look=P2 shape=hex placement=above ring=0 order=3 bound=1 softPx2=0 planned=(1130,510,1214,532) frame=818
2026.10.06-02.18.28 SHOT widget id=board.tag.hp impl=umg state=compact fighter=f-1-sk0 bbox=(1186,512,1210,530) geom=painted visible=1 twin=0 source=/Game/S08/UI/ArtHud/WBP_S08ArtTag mode=compact look=P2 shape=hex placement=above ring=0 order=3 bound=1 softPx2=0 planned=(1130,510,1214,532) frame=818 font=11
2026.10.06-02.18.28 SHOT widget id=board.tag.bar impl=umg state=compact fighter=f-1-sk0 bbox=(1149,519,1183,524) geom=painted visible=1 twin=0 source=/Game/S08/UI/ArtHud/WBP_S08ArtTag mode=compact look=P2 shape=hex placement=above ring=0 order=3 bound=1 softPx2=0 planned=(1130,510,1214,532) frame=818
2026.10.06-02.18.28 SHOT widget id=board.tag.chip impl=umg state=compact fighter=f-1-sk0 bbox=(1134,515,1146,527) geom=painted visible=1 twin=0 source=/Game/S08/UI/ArtHud/WBP_S08ArtTag mode=compact look=P2 shape=hex placement=above ring=0 order=3 bound=1 softPx2=0 planned=(1130,510,1214,532) frame=818
2026.10.06-02.18.28 SHOT panel id=hud.command bbox=(0,0,696,140) geom=painted visible=1 frame=818
2026.10.06-02.18.28 SHOT panel id=hud.side bbox=(1431,0,1920,179) geom=painted visible=1 frame=818
2026.10.06-02.18.28 SHOT panel id=hud.hand bbox=(537,929,1383,1080) geom=painted visible=1 frame=818
2026.10.06-02.18.28 SHOT late end file=s09-deck-opp.png frame=818
2026.10.06-02.18.28 SNAPSHOT applied seq=9 phase=ACTION_MANEUVER
2026.10.06-02.18.28 HANDLE_APPLIED #14 seq=9 decision=2 fightersValid=1 boardValid=1
2026.10.06-02.18.28 MODE seq=9 mode=0 combat=0 pending=0
2026.10.06-02.18.28 MS-OPP verb=turn seq=9
2026.10.06-02.18.28 MS-OPP planning=0 seq=9
2026.10.06-02.18.28 MS-LAST enter seq=9 player=cmuhntiwu0001wib0z281rpa8 source=MANEUVER moves=1 boost=-1
2026.10.06-02.18.28 HUD seq=9 phase=ACTION_MANEUVER turn=opp hand=4 oppHand=5(hidden) oppDeck=25~ deck=24~ discard=2
2026.10.06-02.18.28 MS-STATUS seq=9 text="King Arthur — Opponent is choosing an action"
2026.10.06-02.18.28 ARTPREVIEW fighter=Medusa hero=1 eligible=0 visual=1 mesh=SK_Medusa_H2LD
2026.10.06-02.18.28 FIGHTERS synced n=6 alive=6 own=4 enemy=2
2026.10.06-02.18.28 MS-CUE move seq=9 fighter=f-1-hero order=0 of=1 kind=move steps=1 source=trail start=0 ms=280 snapped=0 path=S32>S36 speed=normal reduced=0
2026.10.06-02.18.28 CUE sound id=CUE-007 point=step subject=f-1-hero seq=9 t=28438 event_t=28438 dt=0 class=SFX sound=SW_BRD_STEP_04 gain=0.80 result=played edge=1/1 due=28438
2026.10.06-02.18.28 MS-ANIM play seq=9 moves=1 animated=1 speed=normal reduced=0 end=430
2026.10.06-02.18.28 S09AUTO opponent-move shot scheduled seq=9 fighter=f-1-hero atMs=140
2026.10.06-02.18.28 CUE move f-1-hero (5,4)->(5,5) seq=9
2026.10.06-02.18.28 WS seq=9 phase=ACTION_MANEUVER (apply)
2026.10.06-02.18.28 CUE combat seq=7 stage=skip t=28674 src=catchup
2026.10.06-02.18.28 CUE combat seq=7 stage=effect t=28674 i=1 ms=478 skipped=1
2026.10.06-02.18.28 CUE combat seq=7 stage=slam t=28674 a=3 d=3 outcome=win
2026.10.06-02.18.28 CATCHUP seq=7 latest=9 queued=2 lag=1714 t=28674 action=hurry reason=lag applied=1
2026.10.06-02.18.28 SFX bank=CMB-EFFECT-LINE tag=effect class=SFX t=28674 sound=SW_CMB_EFFECT_LINE_03 gain=0.80
2026.10.06-02.18.28 CUE sound id=CUE-010 point=cue subject=slam seq=7 t=28674 event_t=28674 dt=0 class=SFX sound=SW_CMB_SLAM_02 gain=0.80 result=played bank=CMB-SLAM
2026.10.06-02.18.28 S09AUTO opponent-move shot
2026.10.06-02.18.28 SHOT ctx viewport=1920x1080 viewTarget=CameraActor_2147482025 cam=(0,1342,1917) rot=(-55,-90,0)
2026.10.06-02.18.28 RENDER tag=SHOT rhi=D3D12 featureLevel=SM6 shaderPlatform=PCD3D_SM6 lumenPlatform=1 gi=lumen giMethod=1 refl=lumen reflMethod=1 shadows=csm vsmEnable=0 sg.res=100 sg.view=2 sg.aa=2 sg.shadow=2 sg.gi=2 sg.refl=2 sg.pp=2 sg.tex=2 sg.fx=2 sg.foliage=2 sg.shading=2 sg.landscape=2 preset=High screenPct=100.0 screenPctMode=0 aa=TSR aaMethod=4 exposure=fixed-histogram expMin=4.14106 expMax=4.14106 expBias=0.000 ev100=2.05 lightUnits=candelas sky=1 skyIntensity=3.000 keyShadow=csm-3600uu-2c-contact0.000 shadowCasters=1 profile=sarpedon-night profilesSha256=0a3417258f46ad3d99620bcbabd1b37615192b7a59f090c77515189845b33bb7 profilesSource=pak legacyRender=0 gameLayer=unlit-eyeadaptinv tMaxFPS=30.0 vsync=0 frameRateLimit=60.0 substrate=0 nanite=1 meshDF=1 viewport=1920x1080 reference=1
2026.10.06-02.18.28 SHOT fighter f-0-hero pos=(4,4) world=(16,189,0) screen=(982,752) projected=1 alive=1
2026.10.06-02.18.28 SHOT fighter f-0-sk0 pos=(1,3) world=(-309,33,0) screen=(555,576) projected=1 alive=1
2026.10.06-02.18.28 SHOT fighter f-0-sk1 pos=(0,2) world=(-398,-3,0) screen=(442,537) projected=1 alive=1
2026.10.06-02.18.28 SHOT fighter f-0-sk2 pos=(0,3) world=(-394,92,0) screen=(435,640) projected=1 alive=1
2026.10.06-02.18.28 SHOT fighter f-1-hero pos=(5,5) world=(104,237,0) screen=(1103,808) projected=1 alive=1
2026.10.06-02.18.28 SHOT fighter f-1-sk0 pos=(6,3) world=(159,52,0) screen=(1169,596) projected=1 alive=1
2026.10.06-02.18.28 SHOT camera dist=2340.2 target=2340.2 overview=2340.2 errPct=0.000 focusErr=0.00 settled=1 zoom=1.00
2026.10.06-02.18.28 SHOT head fighter=f-0-hero socket=Head mesh=SK_Medusa_H2LD world=(15.8,188.7,47.1) screen=(981.9,717.0) top=(982.0,712.7) bottom=(981.9,721.4) headPx=8.8 projected=1
2026.10.06-02.18.28 SHOT head fighter=f-0-sk0 socket=Head mesh=SK_Harpy_H3LD world=(-308.3,28.1,34.1) screen=(551.2,544.6) top=(550.4,540.0) bottom=(552.1,549.1) headPx=9.3 projected=1
2026.10.06-02.18.28 SHOT head fighter=f-0-sk1 socket=Head mesh=SK_Harpy_H3LD world=(-398.8,2.6,34.0) screen=(434.6,517.1) top=(433.5,512.5) bottom=(435.7,521.7) headPx=9.4 projected=1
2026.10.06-02.18.28 SHOT head fighter=f-0-sk2 socket=Head mesh=SK_Harpy_H3LD world=(-394.4,86.6,34.0) screen=(429.2,609.2) top=(428.1,604.7) bottom=(430.4,613.7) headPx=9.3 projected=1
2026.10.06-02.18.28 SHOT head fighter=f-1-hero socket=Head mesh=SK_KingArthur_H2LD world=(104.2,231.0,49.2) screen=(1106.4,766.2) top=(1106.8,761.9) bottom=(1106.1,770.5) headPx=8.7 projected=1
2026.10.06-02.18.28 SHOT head fighter=f-1-sk0 socket=Head mesh=SK_Merlin_H2LD world=(158.7,48.9,36.6) screen=(1171.7,565.5) top=(1172.2,560.9) bottom=(1171.3,570.0) headPx=9.1 projected=1
2026.10.06-02.18.28 SHOT figure fighter=f-0-hero bbox=(943,678,1023,785) ringR=28.50 art=1 blockout=0 team=P1 look=P1 ring=1
2026.10.06-02.18.28 SHOT figure fighter=f-0-sk0 bbox=(516,520,586,600) ringR=22.23 art=1 blockout=0 team=P1 look=P1 ring=1
2026.10.06-02.18.28 SHOT figure fighter=f-0-sk1 bbox=(402,482,474,561) ringR=22.23 art=1 blockout=0 team=P1 look=P1 ring=1
2026.10.06-02.18.28 SHOT figure fighter=f-0-sk2 bbox=(394,584,467,665) ringR=22.23 art=1 blockout=0 team=P1 look=P1 ring=1
2026.10.06-02.18.28 SHOT figure fighter=f-1-hero bbox=(1066,713,1151,824) ringR=28.50 art=1 blockout=0 team=P2 look=P2 ring=1
2026.10.06-02.18.28 SHOT figure fighter=f-1-sk0 bbox=(1139,534,1204,620) ringR=22.23 art=1 blockout=0 team=P2 look=P2 ring=1
2026.10.06-02.18.28 SHOT request file=s09-opponent-move.png frame=819
2026.10.06-02.18.28 SHOT requested: FScreenshotRequest(bShowUI) -> C:\Users\ren\AppData\Local\Temp\s09-combat-20261006-071758-37616\host/s09-opponent-move.png
2026.10.06-02.18.28 TAG fighter=f-0-hero bbox=(932,654,1034,676) mode=compact look=P1 placement=above ring=0 hardPx2=0 softPx2=0 order=5 bound=1
2026.10.06-02.18.28 TAG fighter=f-0-sk0 bbox=(509,496,593,518) mode=compact look=P1 placement=above ring=0 hardPx2=0 softPx2=0 order=2 bound=1
2026.10.06-02.18.28 TAG fighter=f-0-sk1 bbox=(396,458,480,480) mode=compact look=P1 placement=above ring=0 hardPx2=0 softPx2=0 order=1 bound=1
2026.10.06-02.18.28 TAG fighter=f-0-sk2 bbox=(308,584,392,606) mode=compact look=P1 placement=left ring=0 hardPx2=0 softPx2=0 order=4 bound=1
2026.10.06-02.18.28 TAG fighter=f-1-hero bbox=(1057,689,1159,711) mode=compact look=P2 placement=above ring=0 hardPx2=0 softPx2=0 order=0 bound=1
2026.10.06-02.18.28 TAG fighter=f-1-sk0 bbox=(1130,510,1214,532) mode=compact look=P2 placement=above ring=0 hardPx2=0 softPx2=0 order=3 bound=1
2026.10.06-02.18.28 ICON fighter=f-1-hero bbox=(1154,736,1186,768) size=32 src=combat anchor=right fallback=0 overlapPx2=0 texture=/Game/S08/UI/IconsV3/T_IV3_action_attack_token_32.T_IV3_action_attack_token_32
2026.10.06-02.18.28 SHOT captured file=s09-opponent-move.png frame=819 px=1920x1080 sha256=a5a57b86ba719f222d803b79dd17a8f7ed56d204c00d67a718b3a061ff1a61b7 order=BGRA saved=1
2026.10.06-02.18.28 SHOT late begin file=s09-opponent-move.png frame=819 requestFrame=819
2026.10.06-02.18.28 SHOT icon fighter=f-1-hero bbox=(1154,736,1186,768) size=32 src=combat planned=(1154,736,1186,768) geom=painted visible=1 anchor=right fallback=0 overlapPx2=0 texture=/Game/S08/UI/IconsV3/T_IV3_action_attack_token_32.T_IV3_action_attack_token_32 frame=819
2026.10.06-02.18.28 SHOT widget id=icon impl=umg-motion state=combat fighter=f-1-hero bbox=(1154,736,1186,768) geom=painted visible=1 twin=0 source=S08AnimatedIconWidget:action-attack-token frame=819
2026.10.06-02.18.28 SHOT widget id=board.tag impl=umg state=compact fighter=f-0-hero bbox=(932,654,1034,676) geom=painted visible=1 twin=0 source=/Game/S08/UI/ArtHud/WBP_S08ArtTag mode=compact look=P1 shape=circle placement=above ring=0 order=5 bound=1 softPx2=0 planned=(932,654,1034,676) frame=819
2026.10.06-02.18.28 SHOT widget id=board.tag.hp impl=umg state=compact fighter=f-0-hero bbox=(988,656,1030,674) geom=painted visible=1 twin=0 source=/Game/S08/UI/ArtHud/WBP_S08ArtTag mode=compact look=P1 shape=circle placement=above ring=0 order=5 bound=1 softPx2=0 planned=(932,654,1034,676) frame=819 font=11
2026.10.06-02.18.28 SHOT widget id=board.tag.bar impl=umg state=compact fighter=f-0-hero bbox=(951,663,985,668) geom=painted visible=1 twin=0 source=/Game/S08/UI/ArtHud/WBP_S08ArtTag mode=compact look=P1 shape=circle placement=above ring=0 order=5 bound=1 softPx2=0 planned=(932,654,1034,676) frame=819
2026.10.06-02.18.28 SHOT widget id=board.tag.chip impl=umg state=compact fighter=f-0-hero bbox=(936,659,948,671) geom=painted visible=1 twin=0 source=/Game/S08/UI/ArtHud/WBP_S08ArtTag mode=compact look=P1 shape=circle placement=above ring=0 order=5 bound=1 softPx2=0 planned=(932,654,1034,676) frame=819
2026.10.06-02.18.28 SHOT widget id=board.tag impl=umg state=compact fighter=f-0-sk0 bbox=(509,496,593,518) geom=painted visible=1 twin=0 source=/Game/S08/UI/ArtHud/WBP_S08ArtTag mode=compact look=P1 shape=circle placement=above ring=0 order=2 bound=1 softPx2=0 planned=(509,496,593,518) frame=819
2026.10.06-02.18.28 SHOT widget id=board.tag.hp impl=umg state=compact fighter=f-0-sk0 bbox=(565,498,589,516) geom=painted visible=1 twin=0 source=/Game/S08/UI/ArtHud/WBP_S08ArtTag mode=compact look=P1 shape=circle placement=above ring=0 order=2 bound=1 softPx2=0 planned=(509,496,593,518) frame=819 font=11
2026.10.06-02.18.28 SHOT widget id=board.tag.bar impl=umg state=compact fighter=f-0-sk0 bbox=(528,505,562,510) geom=painted visible=1 twin=0 source=/Game/S08/UI/ArtHud/WBP_S08ArtTag mode=compact look=P1 shape=circle placement=above ring=0 order=2 bound=1 softPx2=0 planned=(509,496,593,518) frame=819
2026.10.06-02.18.28 SHOT widget id=board.tag.chip impl=umg state=compact fighter=f-0-sk0 bbox=(513,501,525,513) geom=painted visible=1 twin=0 source=/Game/S08/UI/ArtHud/WBP_S08ArtTag mode=compact look=P1 shape=circle placement=above ring=0 order=2 bound=1 softPx2=0 planned=(509,496,593,518) frame=819
2026.10.06-02.18.28 SHOT widget id=board.tag impl=umg state=compact fighter=f-0-sk1 bbox=(396,458,480,480) geom=painted visible=1 twin=0 source=/Game/S08/UI/ArtHud/WBP_S08ArtTag mode=compact look=P1 shape=circle placement=above ring=0 order=1 bound=1 softPx2=0 planned=(396,458,480,480) frame=819
2026.10.06-02.18.28 SHOT widget id=board.tag.hp impl=umg state=compact fighter=f-0-sk1 bbox=(452,460,476,478) geom=painted visible=1 twin=0 source=/Game/S08/UI/ArtHud/WBP_S08ArtTag mode=compact look=P1 shape=circle placement=above ring=0 order=1 bound=1 softPx2=0 planned=(396,458,480,480) frame=819 font=11
2026.10.06-02.18.28 SHOT widget id=board.tag.bar impl=umg state=compact fighter=f-0-sk1 bbox=(415,467,449,472) geom=painted visible=1 twin=0 source=/Game/S08/UI/ArtHud/WBP_S08ArtTag mode=compact look=P1 shape=circle placement=above ring=0 order=1 bound=1 softPx2=0 planned=(396,458,480,480) frame=819
2026.10.06-02.18.28 SHOT widget id=board.tag.chip impl=umg state=compact fighter=f-0-sk1 bbox=(400,463,412,475) geom=painted visible=1 twin=0 source=/Game/S08/UI/ArtHud/WBP_S08ArtTag mode=compact look=P1 shape=circle placement=above ring=0 order=1 bound=1 softPx2=0 planned=(396,458,480,480) frame=819
2026.10.06-02.18.28 SHOT widget id=board.tag impl=umg state=compact fighter=f-0-sk2 bbox=(308,584,392,606) geom=painted visible=1 twin=0 source=/Game/S08/UI/ArtHud/WBP_S08ArtTag mode=compact look=P1 shape=circle placement=left ring=0 order=4 bound=1 softPx2=0 planned=(308,584,392,606) frame=819
2026.10.06-02.18.28 SHOT widget id=board.tag.hp impl=umg state=compact fighter=f-0-sk2 bbox=(364,586,388,604) geom=painted visible=1 twin=0 source=/Game/S08/UI/ArtHud/WBP_S08ArtTag mode=compact look=P1 shape=circle placement=left ring=0 order=4 bound=1 softPx2=0 planned=(308,584,392,606) frame=819 font=11
2026.10.06-02.18.28 SHOT widget id=board.tag.bar impl=umg state=compact fighter=f-0-sk2 bbox=(327,593,361,598) geom=painted visible=1 twin=0 source=/Game/S08/UI/ArtHud/WBP_S08ArtTag mode=compact look=P1 shape=circle placement=left ring=0 order=4 bound=1 softPx2=0 planned=(308,584,392,606) frame=819
2026.10.06-02.18.28 SHOT widget id=board.tag.chip impl=umg state=compact fighter=f-0-sk2 bbox=(312,589,324,601) geom=painted visible=1 twin=0 source=/Game/S08/UI/ArtHud/WBP_S08ArtTag mode=compact look=P1 shape=circle placement=left ring=0 order=4 bound=1 softPx2=0 planned=(308,584,392,606) frame=819
2026.10.06-02.18.28 SHOT widget id=board.tag impl=umg state=compact fighter=f-1-hero bbox=(1057,689,1159,711) geom=painted visible=1 twin=0 source=/Game/S08/UI/ArtHud/WBP_S08ArtTag mode=compact look=P2 shape=hex placement=above ring=0 order=0 bound=1 softPx2=0 planned=(1057,689,1159,711) frame=819
2026.10.06-02.18.28 SHOT widget id=board.tag.hp impl=umg state=compact fighter=f-1-hero bbox=(1113,691,1155,709) geom=painted visible=1 twin=0 source=/Game/S08/UI/ArtHud/WBP_S08ArtTag mode=compact look=P2 shape=hex placement=above ring=0 order=0 bound=1 softPx2=0 planned=(1057,689,1159,711) frame=819 font=11
2026.10.06-02.18.28 SHOT widget id=board.tag.bar impl=umg state=compact fighter=f-1-hero bbox=(1076,698,1110,703) geom=painted visible=1 twin=0 source=/Game/S08/UI/ArtHud/WBP_S08ArtTag mode=compact look=P2 shape=hex placement=above ring=0 order=0 bound=1 softPx2=0 planned=(1057,689,1159,711) frame=819
2026.10.06-02.18.28 SHOT widget id=board.tag.chip impl=umg state=compact fighter=f-1-hero bbox=(1061,694,1073,706) geom=painted visible=1 twin=0 source=/Game/S08/UI/ArtHud/WBP_S08ArtTag mode=compact look=P2 shape=hex placement=above ring=0 order=0 bound=1 softPx2=0 planned=(1057,689,1159,711) frame=819
2026.10.06-02.18.28 SHOT widget id=board.tag impl=umg state=compact fighter=f-1-sk0 bbox=(1130,510,1214,532) geom=painted visible=1 twin=0 source=/Game/S08/UI/ArtHud/WBP_S08ArtTag mode=compact look=P2 shape=hex placement=above ring=0 order=3 bound=1 softPx2=0 planned=(1130,510,1214,532) frame=819
2026.10.06-02.18.28 SHOT widget id=board.tag.hp impl=umg state=compact fighter=f-1-sk0 bbox=(1186,512,1210,530) geom=painted visible=1 twin=0 source=/Game/S08/UI/ArtHud/WBP_S08ArtTag mode=compact look=P2 shape=hex placement=above ring=0 order=3 bound=1 softPx2=0 planned=(1130,510,1214,532) frame=819 font=11
2026.10.06-02.18.28 SHOT widget id=board.tag.bar impl=umg state=compact fighter=f-1-sk0 bbox=(1149,519,1183,524) geom=painted visible=1 twin=0 source=/Game/S08/UI/ArtHud/WBP_S08ArtTag mode=compact look=P2 shape=hex placement=above ring=0 order=3 bound=1 softPx2=0 planned=(1130,510,1214,532) frame=819
2026.10.06-02.18.28 SHOT widget id=board.tag.chip impl=umg state=compact fighter=f-1-sk0 bbox=(1134,515,1146,527) geom=painted visible=1 twin=0 source=/Game/S08/UI/ArtHud/WBP_S08ArtTag mode=compact look=P2 shape=hex placement=above ring=0 order=3 bound=1 softPx2=0 planned=(1130,510,1214,532) frame=819
2026.10.06-02.18.28 SHOT panel id=hud.command bbox=(0,0,696,140) geom=painted visible=1 frame=819
2026.10.06-02.18.28 SHOT panel id=hud.side bbox=(1431,0,1920,179) geom=painted visible=1 frame=819
2026.10.06-02.18.28 SHOT panel id=hud.hand bbox=(537,929,1383,1080) geom=painted visible=1 frame=819
2026.10.06-02.18.28 SHOT late end file=s09-opponent-move.png frame=819
2026.10.06-02.18.28 MS-LAST show seq=9 mode=anim player=cmuhntiwu0001wib0z281rpa8 from=5,4 to=5,5
2026.10.06-02.18.28 MS-LOG seq=9 moves=1 truncated=0 text="King Arthur: maneuver: King Arthur S32→S36"
2026.10.06-02.18.28 S09AUTO opponent-last-move shot scheduled seq=9
2026.10.06-02.18.28 CUE fx done id=CUE-010 subject=scene seq=7 t=28854 ms=2278 cut=0 hold=1478
2026.10.06-02.18.28 CUE combat seq=7 stage=pause t=28854 ms=0 skipped=1
2026.10.06-02.18.28 CUE combat seq=7 stage=lunge t=28854 attacker=f-0-hero rate=1.00
2026.10.06-02.18.28 SFX bank=CMB-LUNGE-ARROW tag=lunge class=SFX t=28937 sound=SW_CMB_LUNGE_ARROW_02 gain=0.80
2026.10.06-02.18.28 ARTPREVIEW anim fighter=f-0-hero clip=LungeAttack len=0.583 event=attack loop=0 phase=0.0000 seq=7 asset=AM_Medusa_LungeAttack rate=1.00
2026.10.06-02.18.28 TAG fighter=f-0-hero bbox=(932,654,1034,676) mode=compact look=P1 placement=above ring=0 hardPx2=0 softPx2=0 order=5 bound=1
2026.10.06-02.18.28 TAG fighter=f-0-sk0 bbox=(509,496,593,518) mode=compact look=P1 placement=above ring=0 hardPx2=0 softPx2=0 order=2 bound=1
2026.10.06-02.18.28 TAG fighter=f-0-sk1 bbox=(396,458,480,480) mode=compact look=P1 placement=above ring=0 hardPx2=0 softPx2=0 order=1 bound=1
2026.10.06-02.18.28 TAG fighter=f-0-sk2 bbox=(308,584,392,606) mode=compact look=P1 placement=left ring=0 hardPx2=0 softPx2=0 order=4 bound=1
2026.10.06-02.18.28 TAG fighter=f-1-hero bbox=(1055,707,1157,729) mode=compact look=P2 placement=above ring=0 hardPx2=0 softPx2=0 order=0 bound=1
2026.10.06-02.18.28 TAG fighter=f-1-sk0 bbox=(1130,510,1214,532) mode=compact look=P2 placement=above ring=0 hardPx2=0 softPx2=0 order=3 bound=1
2026.10.06-02.18.28 ICON fighter=f-1-hero bbox=(1151,754,1183,786) size=32 src=combat anchor=right fallback=0 overlapPx2=0 texture=/Game/S08/UI/IconsV3/T_IV3_action_attack_token_32.T_IV3_action_attack_token_32
2026.10.06-02.18.28 TAG fighter=f-0-hero bbox=(932,654,1034,676) mode=compact look=P1 placement=above ring=0 hardPx2=0 softPx2=0 order=5 bound=1
2026.10.06-02.18.28 TAG fighter=f-0-sk0 bbox=(509,496,593,518) mode=compact look=P1 placement=above ring=0 hardPx2=0 softPx2=0 order=2 bound=1
2026.10.06-02.18.28 TAG fighter=f-0-sk1 bbox=(396,458,480,480) mode=compact look=P1 placement=above ring=0 hardPx2=0 softPx2=0 order=1 bound=1
2026.10.06-02.18.28 TAG fighter=f-0-sk2 bbox=(308,584,392,606) mode=compact look=P1 placement=left ring=0 hardPx2=0 softPx2=0 order=4 bound=1
2026.10.06-02.18.28 TAG fighter=f-1-hero bbox=(1055,707,1157,729) mode=compact look=P2 placement=above ring=0 hardPx2=0 softPx2=0 order=0 bound=1
2026.10.06-02.18.28 TAG fighter=f-1-sk0 bbox=(1130,510,1214,532) mode=compact look=P2 placement=above ring=0 hardPx2=0 softPx2=0 order=3 bound=1
2026.10.06-02.18.28 ICON fighter=f-1-hero bbox=(1151,754,1183,786) size=32 src=combat anchor=right fallback=0 overlapPx2=0 texture=/Game/S08/UI/IconsV3/T_IV3_action_attack_token_32.T_IV3_action_attack_token_32
2026.10.06-02.18.29 CUE combat seq=7 stage=contact t=29187 offset=333 window=900 src=notify
2026.10.06-02.18.29 CUE fx id=CUE-011 subject=f-1-hero seq=7 t=29187 vfx=missing sfx=missing clip=missing mat=FxFlash socket=Head reduced=0 result=fallback
2026.10.06-02.18.29 CUE combat seq=7 stage=hit t=29187 target=f-1-hero tint=450
2026.10.06-02.18.29 ARTPREVIEW anim fighter=f-1-hero clip=HitReact len=0.417 event=damaged loop=0 phase=0.0000 seq=7 asset=AM_KingArthur_HitReact rate=1.00
2026.10.06-02.18.29 ARTPREVIEW hit-tint fighter=f-1-hero ms=450
2026.10.06-02.18.29 VO event=HURT speaker=ARTHUR t=29204 result=played line=ARTHUR-HURT-03 prio=3
2026.10.06-02.18.29 CUE sound id=CUE-011 point=hit subject=f-1-hero seq=7 t=29204 event_t=29204 dt=0 class=SFX sound=SW_CMB_HIT_ARROW_02 gain=0.80 result=played bank=CMB-HIT-ARROW due=29187
2026.10.06-02.18.29 CUE combat seq=7 stage=minus t=29247 amount=2 life=900
2026.10.06-02.18.29 CUE combat seq=7 stage=hp t=29267 from=18 to=16
2026.10.06-02.18.29 ARTPREVIEW damage-number fighter=f-1-hero amount=2 seq=7 cell=(5,5)
2026.10.06-02.18.29 S09AUTO damage-combat scheduled fighter=f-1-hero amount=2 seq=7 source=cue-on-closed-combat-target combatResultSeq=7
2026.10.06-02.18.29 ARTPREVIEW fighter=Medusa hero=1 eligible=0 visual=1 mesh=SK_Medusa_H2LD
2026.10.06-02.18.29 TAG fighter=f-0-hero bbox=(932,654,1034,676) mode=compact look=P1 placement=above ring=0 hardPx2=0 softPx2=0 order=5 bound=1
2026.10.06-02.18.29 TAG fighter=f-0-sk0 bbox=(509,496,593,518) mode=compact look=P1 placement=above ring=0 hardPx2=0 softPx2=0 order=2 bound=1
2026.10.06-02.18.29 TAG fighter=f-0-sk1 bbox=(396,458,480,480) mode=compact look=P1 placement=above ring=0 hardPx2=0 softPx2=0 order=1 bound=1
2026.10.06-02.18.29 TAG fighter=f-0-sk2 bbox=(308,584,392,606) mode=compact look=P1 placement=left ring=0 hardPx2=0 softPx2=0 order=4 bound=1
2026.10.06-02.18.29 TAG fighter=f-1-hero bbox=(1055,707,1157,729) mode=compact look=P2 placement=above ring=0 hardPx2=0 softPx2=0 order=0 bound=1
2026.10.06-02.18.29 TAG fighter=f-1-sk0 bbox=(1130,510,1214,532) mode=compact look=P2 placement=above ring=0 hardPx2=0 softPx2=0 order=3 bound=1
2026.10.06-02.18.29 ICON fighter=f-1-hero bbox=(1151,754,1183,786) size=32 src=combat anchor=right fallback=0 overlapPx2=0 texture=/Game/S08/UI/IconsV3/T_IV3_action_attack_token_32.T_IV3_action_attack_token_32
2026.10.06-02.18.29 DAMAGE fighter=f-1-hero bbox=(1159,704,1199,732) amount=2 seq=7 placement=right ring=0 hardPx2=0 softPx2=0
2026.10.06-02.18.29 HUD-HEART side=opp hero=f-1-hero hp=16/18 anim=damage glow=1 played=1
2026.10.06-02.18.29 S09AUTO opponent-last-move shot
2026.10.06-02.18.29 SHOT ctx viewport=1920x1080 viewTarget=CameraActor_2147482025 cam=(0,1342,1917) rot=(-55,-90,0)
2026.10.06-02.18.29 RENDER tag=SHOT rhi=D3D12 featureLevel=SM6 shaderPlatform=PCD3D_SM6 lumenPlatform=1 gi=lumen giMethod=1 refl=lumen reflMethod=1 shadows=csm vsmEnable=0 sg.res=100 sg.view=2 sg.aa=2 sg.shadow=2 sg.gi=2 sg.refl=2 sg.pp=2 sg.tex=2 sg.fx=2 sg.foliage=2 sg.shading=2 sg.landscape=2 preset=High screenPct=100.0 screenPctMode=0 aa=TSR aaMethod=4 exposure=fixed-histogram expMin=4.14106 expMax=4.14106 expBias=0.000 ev100=2.05 lightUnits=candelas sky=1 skyIntensity=3.000 keyShadow=csm-3600uu-2c-contact0.000 shadowCasters=1 profile=sarpedon-night profilesSha256=0a3417258f46ad3d99620bcbabd1b37615192b7a59f090c77515189845b33bb7 profilesSource=pak legacyRender=0 gameLayer=unlit-eyeadaptinv tMaxFPS=30.0 vsync=0 frameRateLimit=60.0 substrate=0 nanite=1 meshDF=1 viewport=1920x1080 reference=1
2026.10.06-02.18.29 SHOT fighter f-0-hero pos=(4,4) world=(16,189,0) screen=(982,752) projected=1 alive=1
2026.10.06-02.18.29 SHOT fighter f-0-sk0 pos=(1,3) world=(-309,33,0) screen=(555,576) projected=1 alive=1
2026.10.06-02.18.29 SHOT fighter f-0-sk1 pos=(0,2) world=(-398,-3,0) screen=(442,537) projected=1 alive=1
2026.10.06-02.18.29 SHOT fighter f-0-sk2 pos=(0,3) world=(-394,92,0) screen=(435,640) projected=1 alive=1
2026.10.06-02.18.29 SHOT fighter f-1-hero pos=(5,5) world=(104,237,0) screen=(1103,808) projected=1 alive=1
2026.10.06-02.18.29 SHOT fighter f-1-sk0 pos=(6,3) world=(159,52,0) screen=(1169,596) projected=1 alive=1
2026.10.06-02.18.29 SHOT camera dist=2340.2 target=2340.2 overview=2340.2 errPct=0.000 focusErr=0.00 settled=1 zoom=1.00
2026.10.06-02.18.29 SHOT head fighter=f-0-hero socket=Head mesh=SK_Medusa_H2LD world=(16.6,188.4,47.0) screen=(983.0,716.8) top=(983.1,712.4) bottom=(982.9,721.1) headPx=8.8 projected=1
2026.10.06-02.18.29 SHOT head fighter=f-0-sk0 socket=Head mesh=SK_Harpy_H3LD world=(-309.1,27.9,34.0) screen=(550.2,544.5) top=(549.3,539.9) bottom=(551.1,549.0) headPx=9.3 projected=1
2026.10.06-02.18.29 SHOT head fighter=f-0-sk1 socket=Head mesh=SK_Harpy_H3LD world=(-398.6,2.3,34.3) screen=(434.8,516.6) top=(433.7,512.0) bottom=(436.0,521.1) headPx=9.4 projected=1
2026.10.06-02.18.29 SHOT head fighter=f-0-sk2 socket=Head mesh=SK_Harpy_H3LD world=(-393.6,86.7,34.0) screen=(430.4,609.3) top=(429.2,604.8) bottom=(431.5,613.8) headPx=9.3 projected=1
2026.10.06-02.18.29 SHOT head fighter=f-1-hero socket=Head mesh=SK_KingArthur_H2LD world=(103.3,239.3,49.6) screen=(1105.4,776.0) top=(1105.7,771.7) bottom=(1105.1,780.3) headPx=8.6 projected=1
2026.10.06-02.18.29 SHOT head fighter=f-1-sk0 socket=Head mesh=SK_Merlin_H2LD world=(159.0,48.4,36.4) screen=(1172.1,565.1) top=(1172.5,560.5) bottom=(1171.6,569.6) headPx=9.1 projected=1
2026.10.06-02.18.29 SHOT figure fighter=f-0-hero bbox=(943,678,1023,785) ringR=28.50 art=1 blockout=0 team=P1 look=P1 ring=1
2026.10.06-02.18.29 SHOT figure fighter=f-0-sk0 bbox=(516,520,586,600) ringR=22.23 art=1 blockout=0 team=P1 look=P1 ring=1
2026.10.06-02.18.29 SHOT figure fighter=f-0-sk1 bbox=(402,482,474,561) ringR=22.23 art=1 blockout=0 team=P1 look=P1 ring=1
2026.10.06-02.18.29 SHOT figure fighter=f-0-sk2 bbox=(394,584,467,665) ringR=22.23 art=1 blockout=0 team=P1 look=P1 ring=1
2026.10.06-02.18.29 SHOT figure fighter=f-1-hero bbox=(1063,731,1148,842) ringR=28.50 art=1 blockout=0 team=P2 look=P2 ring=1
2026.10.06-02.18.29 SHOT figure fighter=f-1-sk0 bbox=(1139,534,1204,620) ringR=22.23 art=1 blockout=0 team=P2 look=P2 ring=1
2026.10.06-02.18.29 SHOT request file=s09-opponent-last-move.png frame=836
2026.10.06-02.18.29 SHOT requested: FScreenshotRequest(bShowUI) -> C:\Users\ren\AppData\Local\Temp\s09-combat-20261006-071758-37616\host/s09-opponent-last-move.png
2026.10.06-02.18.29 SHOT captured file=s09-opponent-last-move.png frame=836 px=1920x1080 sha256=0992d20f1685630450fea260ddafd92c95a438279ca82cf84a1765c2684e2781 order=BGRA saved=1
2026.10.06-02.18.29 SHOT late begin file=s09-opponent-last-move.png frame=836 requestFrame=836
2026.10.06-02.18.29 SHOT icon fighter=f-1-hero bbox=(1151,754,1183,786) size=32 src=combat planned=(1151,754,1183,786) geom=painted visible=1 anchor=right fallback=0 overlapPx2=0 texture=/Game/S08/UI/IconsV3/T_IV3_action_attack_token_32.T_IV3_action_attack_token_32 frame=836
2026.10.06-02.18.29 SHOT widget id=icon impl=umg-motion state=combat fighter=f-1-hero bbox=(1151,754,1183,786) geom=painted visible=1 twin=0 source=S08AnimatedIconWidget:action-attack-token frame=836
2026.10.06-02.18.29 SHOT widget id=board.tag impl=umg state=compact fighter=f-0-hero bbox=(932,654,1034,676) geom=painted visible=1 twin=0 source=/Game/S08/UI/ArtHud/WBP_S08ArtTag mode=compact look=P1 shape=circle placement=above ring=0 order=5 bound=1 softPx2=0 planned=(932,654,1034,676) frame=836
2026.10.06-02.18.29 SHOT widget id=board.tag.hp impl=umg state=compact fighter=f-0-hero bbox=(988,656,1030,674) geom=painted visible=1 twin=0 source=/Game/S08/UI/ArtHud/WBP_S08ArtTag mode=compact look=P1 shape=circle placement=above ring=0 order=5 bound=1 softPx2=0 planned=(932,654,1034,676) frame=836 font=11
2026.10.06-02.18.29 SHOT widget id=board.tag.bar impl=umg state=compact fighter=f-0-hero bbox=(951,663,985,668) geom=painted visible=1 twin=0 source=/Game/S08/UI/ArtHud/WBP_S08ArtTag mode=compact look=P1 shape=circle placement=above ring=0 order=5 bound=1 softPx2=0 planned=(932,654,1034,676) frame=836
2026.10.06-02.18.29 SHOT widget id=board.tag.chip impl=umg state=compact fighter=f-0-hero bbox=(936,659,948,671) geom=painted visible=1 twin=0 source=/Game/S08/UI/ArtHud/WBP_S08ArtTag mode=compact look=P1 shape=circle placement=above ring=0 order=5 bound=1 softPx2=0 planned=(932,654,1034,676) frame=836
2026.10.06-02.18.29 SHOT widget id=board.tag impl=umg state=compact fighter=f-0-sk0 bbox=(509,496,593,518) geom=painted visible=1 twin=0 source=/Game/S08/UI/ArtHud/WBP_S08ArtTag mode=compact look=P1 shape=circle placement=above ring=0 order=2 bound=1 softPx2=0 planned=(509,496,593,518) frame=836
2026.10.06-02.18.29 SHOT widget id=board.tag.hp impl=umg state=compact fighter=f-0-sk0 bbox=(565,498,589,516) geom=painted visible=1 twin=0 source=/Game/S08/UI/ArtHud/WBP_S08ArtTag mode=compact look=P1 shape=circle placement=above ring=0 order=2 bound=1 softPx2=0 planned=(509,496,593,518) frame=836 font=11
2026.10.06-02.18.29 SHOT widget id=board.tag.bar impl=umg state=compact fighter=f-0-sk0 bbox=(528,505,562,510) geom=painted visible=1 twin=0 source=/Game/S08/UI/ArtHud/WBP_S08ArtTag mode=compact look=P1 shape=circle placement=above ring=0 order=2 bound=1 softPx2=0 planned=(509,496,593,518) frame=836
2026.10.06-02.18.29 SHOT widget id=board.tag.chip impl=umg state=compact fighter=f-0-sk0 bbox=(513,501,525,513) geom=painted visible=1 twin=0 source=/Game/S08/UI/ArtHud/WBP_S08ArtTag mode=compact look=P1 shape=circle placement=above ring=0 order=2 bound=1 softPx2=0 planned=(509,496,593,518) frame=836
2026.10.06-02.18.29 SHOT widget id=board.tag impl=umg state=compact fighter=f-0-sk1 bbox=(396,458,480,480) geom=painted visible=1 twin=0 source=/Game/S08/UI/ArtHud/WBP_S08ArtTag mode=compact look=P1 shape=circle placement=above ring=0 order=1 bound=1 softPx2=0 planned=(396,458,480,480) frame=836
2026.10.06-02.18.29 SHOT widget id=board.tag.hp impl=umg state=compact fighter=f-0-sk1 bbox=(452,460,476,478) geom=painted visible=1 twin=0 source=/Game/S08/UI/ArtHud/WBP_S08ArtTag mode=compact look=P1 shape=circle placement=above ring=0 order=1 bound=1 softPx2=0 planned=(396,458,480,480) frame=836 font=11
2026.10.06-02.18.29 SHOT widget id=board.tag.bar impl=umg state=compact fighter=f-0-sk1 bbox=(415,467,449,472) geom=painted visible=1 twin=0 source=/Game/S08/UI/ArtHud/WBP_S08ArtTag mode=compact look=P1 shape=circle placement=above ring=0 order=1 bound=1 softPx2=0 planned=(396,458,480,480) frame=836
2026.10.06-02.18.29 SHOT widget id=board.tag.chip impl=umg state=compact fighter=f-0-sk1 bbox=(400,463,412,475) geom=painted visible=1 twin=0 source=/Game/S08/UI/ArtHud/WBP_S08ArtTag mode=compact look=P1 shape=circle placement=above ring=0 order=1 bound=1 softPx2=0 planned=(396,458,480,480) frame=836
2026.10.06-02.18.29 SHOT widget id=board.tag impl=umg state=compact fighter=f-0-sk2 bbox=(308,584,392,606) geom=painted visible=1 twin=0 source=/Game/S08/UI/ArtHud/WBP_S08ArtTag mode=compact look=P1 shape=circle placement=left ring=0 order=4 bound=1 softPx2=0 planned=(308,584,392,606) frame=836
2026.10.06-02.18.29 SHOT widget id=board.tag.hp impl=umg state=compact fighter=f-0-sk2 bbox=(364,586,388,604) geom=painted visible=1 twin=0 source=/Game/S08/UI/ArtHud/WBP_S08ArtTag mode=compact look=P1 shape=circle placement=left ring=0 order=4 bound=1 softPx2=0 planned=(308,584,392,606) frame=836 font=11
2026.10.06-02.18.29 SHOT widget id=board.tag.bar impl=umg state=compact fighter=f-0-sk2 bbox=(327,593,361,598) geom=painted visible=1 twin=0 source=/Game/S08/UI/ArtHud/WBP_S08ArtTag mode=compact look=P1 shape=circle placement=left ring=0 order=4 bound=1 softPx2=0 planned=(308,584,392,606) frame=836
2026.10.06-02.18.29 SHOT widget id=board.tag.chip impl=umg state=compact fighter=f-0-sk2 bbox=(312,589,324,601) geom=painted visible=1 twin=0 source=/Game/S08/UI/ArtHud/WBP_S08ArtTag mode=compact look=P1 shape=circle placement=left ring=0 order=4 bound=1 softPx2=0 planned=(308,584,392,606) frame=836
2026.10.06-02.18.29 SHOT widget id=board.tag impl=umg state=compact fighter=f-1-hero bbox=(1055,707,1157,729) geom=painted visible=1 twin=0 source=/Game/S08/UI/ArtHud/WBP_S08ArtTag mode=compact look=P2 shape=hex placement=above ring=0 order=0 bound=1 softPx2=0 planned=(1055,707,1157,729) frame=836
2026.10.06-02.18.29 SHOT widget id=board.tag.hp impl=umg state=compact fighter=f-1-hero bbox=(1111,709,1153,727) geom=painted visible=1 twin=0 source=/Game/S08/UI/ArtHud/WBP_S08ArtTag mode=compact look=P2 shape=hex placement=above ring=0 order=0 bound=1 softPx2=0 planned=(1055,707,1157,729) frame=836 font=11
2026.10.06-02.18.29 SHOT widget id=board.tag.bar impl=umg state=compact fighter=f-1-hero bbox=(1074,716,1108,721) geom=painted visible=1 twin=0 source=/Game/S08/UI/ArtHud/WBP_S08ArtTag mode=compact look=P2 shape=hex placement=above ring=0 order=0 bound=1 softPx2=0 planned=(1055,707,1157,729) frame=836
2026.10.06-02.18.29 SHOT widget id=board.tag.chip impl=umg state=compact fighter=f-1-hero bbox=(1059,712,1071,724) geom=painted visible=1 twin=0 source=/Game/S08/UI/ArtHud/WBP_S08ArtTag mode=compact look=P2 shape=hex placement=above ring=0 order=0 bound=1 softPx2=0 planned=(1055,707,1157,729) frame=836
2026.10.06-02.18.29 SHOT widget id=board.tag impl=umg state=compact fighter=f-1-sk0 bbox=(1130,510,1214,532) geom=painted visible=1 twin=0 source=/Game/S08/UI/ArtHud/WBP_S08ArtTag mode=compact look=P2 shape=hex placement=above ring=0 order=3 bound=1 softPx2=0 planned=(1130,510,1214,532) frame=836
2026.10.06-02.18.29 SHOT widget id=board.tag.hp impl=umg state=compact fighter=f-1-sk0 bbox=(1186,512,1210,530) geom=painted visible=1 twin=0 source=/Game/S08/UI/ArtHud/WBP_S08ArtTag mode=compact look=P2 shape=hex placement=above ring=0 order=3 bound=1 softPx2=0 planned=(1130,510,1214,532) frame=836 font=11
2026.10.06-02.18.29 SHOT widget id=board.tag.bar impl=umg state=compact fighter=f-1-sk0 bbox=(1149,519,1183,524) geom=painted visible=1 twin=0 source=/Game/S08/UI/ArtHud/WBP_S08ArtTag mode=compact look=P2 shape=hex placement=above ring=0 order=3 bound=1 softPx2=0 planned=(1130,510,1214,532) frame=836
2026.10.06-02.18.29 SHOT widget id=board.tag.chip impl=umg state=compact fighter=f-1-sk0 bbox=(1134,515,1146,527) geom=painted visible=1 twin=0 source=/Game/S08/UI/ArtHud/WBP_S08ArtTag mode=compact look=P2 shape=hex placement=above ring=0 order=3 bound=1 softPx2=0 planned=(1130,510,1214,532) frame=836
2026.10.06-02.18.29 SHOT widget id=board.damage impl=umg state=damage fighter=f-1-hero bbox=(1159,704,1199,732) geom=painted visible=1 twin=0 source=/Game/S08/UI/ArtHud/WBP_S08ArtDamage amount=2 seq=7 placement=right_ring=0_hardPx2=0_softPx2=0 stableFrames=6 planned=(1159,704,1199,732) frame=836
2026.10.06-02.18.29 SHOT widget id=board.damage.text impl=umg state=damage fighter=f-1-hero bbox=(1167,704,1191,732) geom=painted visible=1 twin=0 source=/Game/S08/UI/ArtHud/WBP_S08ArtDamage amount=2 seq=7 placement=right_ring=0_hardPx2=0_softPx2=0 stableFrames=6 planned=(1159,704,1199,732) frame=836 font=18
2026.10.06-02.18.29 SHOT damage fighter=f-1-hero bbox=(1159,704,1199,732) frame=836
2026.10.06-02.18.29 SHOT panel id=hud.command bbox=(0,0,696,140) geom=painted visible=1 frame=836
2026.10.06-02.18.29 SHOT panel id=hud.side bbox=(1431,0,1920,179) geom=painted visible=1 frame=836
2026.10.06-02.18.29 SHOT panel id=hud.hand bbox=(537,907,1383,1080) geom=painted visible=1 frame=836
2026.10.06-02.18.29 SHOT late end file=s09-opponent-last-move.png frame=836
2026.10.06-02.18.29 S09AUTO damage-number shot stableFrames=6
2026.10.06-02.18.29 SHOT ctx viewport=1920x1080 viewTarget=CameraActor_2147482025 cam=(0,1342,1917) rot=(-55,-90,0)
2026.10.06-02.18.29 RENDER tag=SHOT rhi=D3D12 featureLevel=SM6 shaderPlatform=PCD3D_SM6 lumenPlatform=1 gi=lumen giMethod=1 refl=lumen reflMethod=1 shadows=csm vsmEnable=0 sg.res=100 sg.view=2 sg.aa=2 sg.shadow=2 sg.gi=2 sg.refl=2 sg.pp=2 sg.tex=2 sg.fx=2 sg.foliage=2 sg.shading=2 sg.landscape=2 preset=High screenPct=100.0 screenPctMode=0 aa=TSR aaMethod=4 exposure=fixed-histogram expMin=4.14106 expMax=4.14106 expBias=0.000 ev100=2.05 lightUnits=candelas sky=1 skyIntensity=3.000 keyShadow=csm-3600uu-2c-contact0.000 shadowCasters=1 profile=sarpedon-night profilesSha256=0a3417258f46ad3d99620bcbabd1b37615192b7a59f090c77515189845b33bb7 profilesSource=pak legacyRender=0 gameLayer=unlit-eyeadaptinv tMaxFPS=30.0 vsync=0 frameRateLimit=60.0 substrate=0 nanite=1 meshDF=1 viewport=1920x1080 reference=1
2026.10.06-02.18.29 SHOT fighter f-0-hero pos=(4,4) world=(16,189,0) screen=(982,752) projected=1 alive=1
2026.10.06-02.18.29 SHOT fighter f-0-sk0 pos=(1,3) world=(-309,33,0) screen=(555,576) projected=1 alive=1
2026.10.06-02.18.29 SHOT fighter f-0-sk1 pos=(0,2) world=(-398,-3,0) screen=(442,537) projected=1 alive=1
2026.10.06-02.18.29 SHOT fighter f-0-sk2 pos=(0,3) world=(-394,92,0) screen=(435,640) projected=1 alive=1
2026.10.06-02.18.29 SHOT fighter f-1-hero pos=(5,5) world=(104,237,0) screen=(1103,808) projected=1 alive=1
2026.10.06-02.18.29 SHOT fighter f-1-sk0 pos=(6,3) world=(159,52,0) screen=(1169,596) projected=1 alive=1
2026.10.06-02.18.29 SHOT camera dist=2340.2 target=2340.2 overview=2340.2 errPct=0.000 focusErr=0.00 settled=1 zoom=1.00
2026.10.06-02.18.29 SHOT head fighter=f-0-hero socket=Head mesh=SK_Medusa_H2LD world=(16.3,188.9,47.2) screen=(982.7,717.3) top=(982.7,712.9) bottom=(982.6,721.7) headPx=8.8 projected=1
2026.10.06-02.18.29 SHOT head fighter=f-0-sk0 socket=Head mesh=SK_Harpy_H3LD world=(-309.0,28.1,34.1) screen=(550.2,544.5) top=(549.4,540.0) bottom=(551.1,549.1) headPx=9.3 projected=1
2026.10.06-02.18.29 SHOT head fighter=f-0-sk1 socket=Head mesh=SK_Harpy_H3LD world=(-398.8,2.3,34.3) screen=(434.5,516.6) top=(433.4,512.0) bottom=(435.6,521.1) headPx=9.4 projected=1
2026.10.06-02.18.29 SHOT head fighter=f-0-sk2 socket=Head mesh=SK_Harpy_H3LD world=(-393.6,86.7,34.0) screen=(430.4,609.3) top=(429.2,604.8) bottom=(431.5,613.8) headPx=9.3 projected=1
2026.10.06-02.18.29 SHOT head fighter=f-1-hero socket=Head mesh=SK_KingArthur_H2LD world=(103.6,237.0,50.1) screen=(1105.9,772.8) top=(1106.2,768.5) bottom=(1105.5,777.1) headPx=8.7 projected=1
2026.10.06-02.18.29 SHOT head fighter=f-1-sk0 socket=Head mesh=SK_Merlin_H2LD world=(159.1,48.5,36.4) screen=(1172.2,565.1) top=(1172.7,560.6) bottom=(1171.8,569.6) headPx=9.1 projected=1
2026.10.06-02.18.29 SHOT figure fighter=f-0-hero bbox=(943,678,1023,785) ringR=28.50 art=1 blockout=0 team=P1 look=P1 ring=1
2026.10.06-02.18.29 SHOT figure fighter=f-0-sk0 bbox=(516,520,586,600) ringR=22.23 art=1 blockout=0 team=P1 look=P1 ring=1
2026.10.06-02.18.29 SHOT figure fighter=f-0-sk1 bbox=(402,482,474,561) ringR=22.23 art=1 blockout=0 team=P1 look=P1 ring=1
2026.10.06-02.18.29 SHOT figure fighter=f-0-sk2 bbox=(394,584,467,665) ringR=22.23 art=1 blockout=0 team=P1 look=P1 ring=1
2026.10.06-02.18.29 SHOT figure fighter=f-1-hero bbox=(1063,731,1148,842) ringR=28.50 art=1 blockout=0 team=P2 look=P2 ring=1
2026.10.06-02.18.29 SHOT figure fighter=f-1-sk0 bbox=(1139,534,1204,620) ringR=22.23 art=1 blockout=0 team=P2 look=P2 ring=1
2026.10.06-02.18.29 SHOT request file=s09-damage-number.png frame=837
2026.10.06-02.18.29 SHOT requested: FScreenshotRequest(bShowUI) -> C:\Users\ren\AppData\Local\Temp\s09-combat-20261006-071758-37616\host/s09-damage-number.png
2026.10.06-02.18.29 ARTPREVIEW anim fighter=f-0-hero clip=Idle len=2.333 event=clipFinished loop=1 phase=0.8071 seq=-1 asset=AM_Medusa_Idle rate=1.00
2026.10.06-02.18.29 ARTPREVIEW anim fighter=f-1-hero clip=Idle len=2.500 event=clipFinished loop=1 phase=0.3470 seq=-1 asset=AM_KingArthur_Idle rate=1.00
2026.10.06-02.18.29 SHOT captured file=s09-damage-number.png frame=837 px=1920x1080 sha256=1a414a7fa703345d159c76b3707373525c3625512b98223bc264b3c0a9bed45e order=BGRA saved=1
2026.10.06-02.18.29 SHOT late begin file=s09-damage-number.png frame=837 requestFrame=837
2026.10.06-02.18.29 SHOT icon fighter=f-1-hero bbox=(1151,754,1183,786) size=32 src=combat planned=(1151,754,1183,786) geom=painted visible=1 anchor=right fallback=0 overlapPx2=0 texture=/Game/S08/UI/IconsV3/T_IV3_action_attack_token_32.T_IV3_action_attack_token_32 frame=837
2026.10.06-02.18.29 SHOT widget id=icon impl=umg-motion state=combat fighter=f-1-hero bbox=(1151,754,1183,786) geom=painted visible=1 twin=0 source=S08AnimatedIconWidget:action-attack-token frame=837
2026.10.06-02.18.29 SHOT widget id=board.tag impl=umg state=compact fighter=f-0-hero bbox=(932,654,1034,676) geom=painted visible=1 twin=0 source=/Game/S08/UI/ArtHud/WBP_S08ArtTag mode=compact look=P1 shape=circle placement=above ring=0 order=5 bound=1 softPx2=0 planned=(932,654,1034,676) frame=837
2026.10.06-02.18.29 SHOT widget id=board.tag.hp impl=umg state=compact fighter=f-0-hero bbox=(988,656,1030,674) geom=painted visible=1 twin=0 source=/Game/S08/UI/ArtHud/WBP_S08ArtTag mode=compact look=P1 shape=circle placement=above ring=0 order=5 bound=1 softPx2=0 planned=(932,654,1034,676) frame=837 font=11
2026.10.06-02.18.29 SHOT widget id=board.tag.bar impl=umg state=compact fighter=f-0-hero bbox=(951,663,985,668) geom=painted visible=1 twin=0 source=/Game/S08/UI/ArtHud/WBP_S08ArtTag mode=compact look=P1 shape=circle placement=above ring=0 order=5 bound=1 softPx2=0 planned=(932,654,1034,676) frame=837
2026.10.06-02.18.29 SHOT widget id=board.tag.chip impl=umg state=compact fighter=f-0-hero bbox=(936,659,948,671) geom=painted visible=1 twin=0 source=/Game/S08/UI/ArtHud/WBP_S08ArtTag mode=compact look=P1 shape=circle placement=above ring=0 order=5 bound=1 softPx2=0 planned=(932,654,1034,676) frame=837
2026.10.06-02.18.29 SHOT widget id=board.tag impl=umg state=compact fighter=f-0-sk0 bbox=(509,496,593,518) geom=painted visible=1 twin=0 source=/Game/S08/UI/ArtHud/WBP_S08ArtTag mode=compact look=P1 shape=circle placement=above ring=0 order=2 bound=1 softPx2=0 planned=(509,496,593,518) frame=837
2026.10.06-02.18.29 SHOT widget id=board.tag.hp impl=umg state=compact fighter=f-0-sk0 bbox=(565,498,589,516) geom=painted visible=1 twin=0 source=/Game/S08/UI/ArtHud/WBP_S08ArtTag mode=compact look=P1 shape=circle placement=above ring=0 order=2 bound=1 softPx2=0 planned=(509,496,593,518) frame=837 font=11
2026.10.06-02.18.29 SHOT widget id=board.tag.bar impl=umg state=compact fighter=f-0-sk0 bbox=(528,505,562,510) geom=painted visible=1 twin=0 source=/Game/S08/UI/ArtHud/WBP_S08ArtTag mode=compact look=P1 shape=circle placement=above ring=0 order=2 bound=1 softPx2=0 planned=(509,496,593,518) frame=837
2026.10.06-02.18.29 SHOT widget id=board.tag.chip impl=umg state=compact fighter=f-0-sk0 bbox=(513,501,525,513) geom=painted visible=1 twin=0 source=/Game/S08/UI/ArtHud/WBP_S08ArtTag mode=compact look=P1 shape=circle placement=above ring=0 order=2 bound=1 softPx2=0 planned=(509,496,593,518) frame=837
2026.10.06-02.18.29 SHOT widget id=board.tag impl=umg state=compact fighter=f-0-sk1 bbox=(396,458,480,480) geom=painted visible=1 twin=0 source=/Game/S08/UI/ArtHud/WBP_S08ArtTag mode=compact look=P1 shape=circle placement=above ring=0 order=1 bound=1 softPx2=0 planned=(396,458,480,480) frame=837
2026.10.06-02.18.29 SHOT widget id=board.tag.hp impl=umg state=compact fighter=f-0-sk1 bbox=(452,460,476,478) geom=painted visible=1 twin=0 source=/Game/S08/UI/ArtHud/WBP_S08ArtTag mode=compact look=P1 shape=circle placement=above ring=0 order=1 bound=1 softPx2=0 planned=(396,458,480,480) frame=837 font=11
2026.10.06-02.18.29 SHOT widget id=board.tag.bar impl=umg state=compact fighter=f-0-sk1 bbox=(415,467,449,472) geom=painted visible=1 twin=0 source=/Game/S08/UI/ArtHud/WBP_S08ArtTag mode=compact look=P1 shape=circle placement=above ring=0 order=1 bound=1 softPx2=0 planned=(396,458,480,480) frame=837
2026.10.06-02.18.29 SHOT widget id=board.tag.chip impl=umg state=compact fighter=f-0-sk1 bbox=(400,463,412,475) geom=painted visible=1 twin=0 source=/Game/S08/UI/ArtHud/WBP_S08ArtTag mode=compact look=P1 shape=circle placement=above ring=0 order=1 bound=1 softPx2=0 planned=(396,458,480,480) frame=837
2026.10.06-02.18.29 SHOT widget id=board.tag impl=umg state=compact fighter=f-0-sk2 bbox=(308,584,392,606) geom=painted visible=1 twin=0 source=/Game/S08/UI/ArtHud/WBP_S08ArtTag mode=compact look=P1 shape=circle placement=left ring=0 order=4 bound=1 softPx2=0 planned=(308,584,392,606) frame=837
2026.10.06-02.18.29 SHOT widget id=board.tag.hp impl=umg state=compact fighter=f-0-sk2 bbox=(364,586,388,604) geom=painted visible=1 twin=0 source=/Game/S08/UI/ArtHud/WBP_S08ArtTag mode=compact look=P1 shape=circle placement=left ring=0 order=4 bound=1 softPx2=0 planned=(308,584,392,606) frame=837 font=11
2026.10.06-02.18.29 SHOT widget id=board.tag.bar impl=umg state=compact fighter=f-0-sk2 bbox=(327,593,361,598) geom=painted visible=1 twin=0 source=/Game/S08/UI/ArtHud/WBP_S08ArtTag mode=compact look=P1 shape=circle placement=left ring=0 order=4 bound=1 softPx2=0 planned=(308,584,392,606) frame=837
2026.10.06-02.18.29 SHOT widget id=board.tag.chip impl=umg state=compact fighter=f-0-sk2 bbox=(312,589,324,601) geom=painted visible=1 twin=0 source=/Game/S08/UI/ArtHud/WBP_S08ArtTag mode=compact look=P1 shape=circle placement=left ring=0 order=4 bound=1 softPx2=0 planned=(308,584,392,606) frame=837
2026.10.06-02.18.29 SHOT widget id=board.tag impl=umg state=compact fighter=f-1-hero bbox=(1055,707,1157,729) geom=painted visible=1 twin=0 source=/Game/S08/UI/ArtHud/WBP_S08ArtTag mode=compact look=P2 shape=hex placement=above ring=0 order=0 bound=1 softPx2=0 planned=(1055,707,1157,729) frame=837
2026.10.06-02.18.29 SHOT widget id=board.tag.hp impl=umg state=compact fighter=f-1-hero bbox=(1111,709,1153,727) geom=painted visible=1 twin=0 source=/Game/S08/UI/ArtHud/WBP_S08ArtTag mode=compact look=P2 shape=hex placement=above ring=0 order=0 bound=1 softPx2=0 planned=(1055,707,1157,729) frame=837 font=11
2026.10.06-02.18.29 SHOT widget id=board.tag.bar impl=umg state=compact fighter=f-1-hero bbox=(1074,716,1108,721) geom=painted visible=1 twin=0 source=/Game/S08/UI/ArtHud/WBP_S08ArtTag mode=compact look=P2 shape=hex placement=above ring=0 order=0 bound=1 softPx2=0 planned=(1055,707,1157,729) frame=837
2026.10.06-02.18.29 SHOT widget id=board.tag.chip impl=umg state=compact fighter=f-1-hero bbox=(1059,712,1071,724) geom=painted visible=1 twin=0 source=/Game/S08/UI/ArtHud/WBP_S08ArtTag mode=compact look=P2 shape=hex placement=above ring=0 order=0 bound=1 softPx2=0 planned=(1055,707,1157,729) frame=837
2026.10.06-02.18.29 SHOT widget id=board.tag impl=umg state=compact fighter=f-1-sk0 bbox=(1130,510,1214,532) geom=painted visible=1 twin=0 source=/Game/S08/UI/ArtHud/WBP_S08ArtTag mode=compact look=P2 shape=hex placement=above ring=0 order=3 bound=1 softPx2=0 planned=(1130,510,1214,532) frame=837
2026.10.06-02.18.29 SHOT widget id=board.tag.hp impl=umg state=compact fighter=f-1-sk0 bbox=(1186,512,1210,530) geom=painted visible=1 twin=0 source=/Game/S08/UI/ArtHud/WBP_S08ArtTag mode=compact look=P2 shape=hex placement=above ring=0 order=3 bound=1 softPx2=0 planned=(1130,510,1214,532) frame=837 font=11
2026.10.06-02.18.29 SHOT widget id=board.tag.bar impl=umg state=compact fighter=f-1-sk0 bbox=(1149,519,1183,524) geom=painted visible=1 twin=0 source=/Game/S08/UI/ArtHud/WBP_S08ArtTag mode=compact look=P2 shape=hex placement=above ring=0 order=3 bound=1 softPx2=0 planned=(1130,510,1214,532) frame=837
2026.10.06-02.18.29 SHOT widget id=board.tag.chip impl=umg state=compact fighter=f-1-sk0 bbox=(1134,515,1146,527) geom=painted visible=1 twin=0 source=/Game/S08/UI/ArtHud/WBP_S08ArtTag mode=compact look=P2 shape=hex placement=above ring=0 order=3 bound=1 softPx2=0 planned=(1130,510,1214,532) frame=837
2026.10.06-02.18.29 SHOT widget id=board.damage impl=umg state=damage fighter=f-1-hero bbox=(1159,704,1199,732) geom=painted visible=1 twin=0 source=/Game/S08/UI/ArtHud/WBP_S08ArtDamage amount=2 seq=7 placement=right_ring=0_hardPx2=0_softPx2=0 stableFrames=7 planned=(1159,704,1199,732) frame=837
2026.10.06-02.18.29 SHOT widget id=board.damage.text impl=umg state=damage fighter=f-1-hero bbox=(1167,704,1191,732) geom=painted visible=1 twin=0 source=/Game/S08/UI/ArtHud/WBP_S08ArtDamage amount=2 seq=7 placement=right_ring=0_hardPx2=0_softPx2=0 stableFrames=7 planned=(1159,704,1199,732) frame=837 font=18
2026.10.06-02.18.29 SHOT damage fighter=f-1-hero bbox=(1159,704,1199,732) frame=837
2026.10.06-02.18.29 SHOT panel id=hud.command bbox=(0,0,696,140) geom=painted visible=1 frame=837
2026.10.06-02.18.29 SHOT panel id=hud.side bbox=(1431,0,1920,179) geom=painted visible=1 frame=837
2026.10.06-02.18.29 SHOT panel id=hud.hand bbox=(537,907,1383,1080) geom=painted visible=1 frame=837
2026.10.06-02.18.29 SHOT late end file=s09-damage-number.png frame=837
2026.10.06-02.18.29 SNAPSHOT applied seq=10 phase=ACTION_MANEUVER
2026.10.06-02.18.29 HANDLE_APPLIED #15 seq=10 decision=2 fightersValid=1 boardValid=1
2026.10.06-02.18.29 MODE seq=10 mode=0 combat=0 pending=0
2026.10.06-02.18.29 MS-OPP verb=maneuver seq=10
2026.10.06-02.18.29 MS-TRACK own=0/2 opp=2/2 oppVisible=1 seq=10
2026.10.06-02.18.29 MS-OPP planning=1 seq=10
2026.10.06-02.18.29 CUE sound id=CUE-005 point=cue subject=hand.opp seq=10 t=29673 event_t=29673 dt=0 class=SFX sound=SW_CRD_DRAW_01 gain=0.80 result=played
2026.10.06-02.18.29 HUD seq=10 phase=ACTION_MANEUVER turn=opp hand=4 oppHand=6(hidden) oppDeck=25~ deck=24~ discard=2
2026.10.06-02.18.29 DECK model side=opp list=1 kinds=16 copies=30 deck=25~ discard=1 backs=6 inDiscard=1
2026.10.06-02.18.29 MS-STATUS seq=10 text="King Arthur — Opponent is planning a maneuver"
2026.10.06-02.18.29 ARTPREVIEW fighter=Medusa hero=1 eligible=0 visual=1 mesh=SK_Medusa_H2LD
2026.10.06-02.18.29 FIGHTERS synced n=6 alive=6 own=4 enemy=2
2026.10.06-02.18.29 WS seq=10 phase=ACTION_MANEUVER (apply)
2026.10.06-02.18.29 HUD-TRACK own=0/2 server=0 local=0 opp=2/2 oppVisible=1 anim=-/spend seq=10 frame=838
2026.10.06-02.18.29 S09AUTO damage-combat shot fighter=f-1-hero stableFrames=7
2026.10.06-02.18.29 SHOT ctx viewport=1920x1080 viewTarget=CameraActor_2147482025 cam=(0,1342,1917) rot=(-55,-90,0)
2026.10.06-02.18.29 RENDER tag=SHOT rhi=D3D12 featureLevel=SM6 shaderPlatform=PCD3D_SM6 lumenPlatform=1 gi=lumen giMethod=1 refl=lumen reflMethod=1 shadows=csm vsmEnable=0 sg.res=100 sg.view=2 sg.aa=2 sg.shadow=2 sg.gi=2 sg.refl=2 sg.pp=2 sg.tex=2 sg.fx=2 sg.foliage=2 sg.shading=2 sg.landscape=2 preset=High screenPct=100.0 screenPctMode=0 aa=TSR aaMethod=4 exposure=fixed-histogram expMin=4.14106 expMax=4.14106 expBias=0.000 ev100=2.05 lightUnits=candelas sky=1 skyIntensity=3.000 keyShadow=csm-3600uu-2c-contact0.000 shadowCasters=1 profile=sarpedon-night profilesSha256=0a3417258f46ad3d99620bcbabd1b37615192b7a59f090c77515189845b33bb7 profilesSource=pak legacyRender=0 gameLayer=unlit-eyeadaptinv tMaxFPS=30.0 vsync=0 frameRateLimit=60.0 substrate=0 nanite=1 meshDF=1 viewport=1920x1080 reference=1
2026.10.06-02.18.29 SHOT fighter f-0-hero pos=(4,4) world=(16,189,0) screen=(982,752) projected=1 alive=1
2026.10.06-02.18.29 SHOT fighter f-0-sk0 pos=(1,3) world=(-309,33,0) screen=(555,576) projected=1 alive=1
2026.10.06-02.18.29 SHOT fighter f-0-sk1 pos=(0,2) world=(-398,-3,0) screen=(442,537) projected=1 alive=1
2026.10.06-02.18.29 SHOT fighter f-0-sk2 pos=(0,3) world=(-394,92,0) screen=(435,640) projected=1 alive=1
2026.10.06-02.18.29 SHOT fighter f-1-hero pos=(5,5) world=(104,237,0) screen=(1103,808) projected=1 alive=1
2026.10.06-02.18.29 SHOT fighter f-1-sk0 pos=(6,3) world=(159,52,0) screen=(1169,596) projected=1 alive=1
2026.10.06-02.18.29 SHOT camera dist=2340.2 target=2340.2 overview=2340.2 errPct=0.000 focusErr=0.00 settled=1 zoom=1.00
2026.10.06-02.18.29 SHOT head fighter=f-0-hero socket=Head mesh=SK_Medusa_H2LD world=(16.3,188.9,47.2) screen=(982.7,717.3) top=(982.7,712.9) bottom=(982.6,721.7) headPx=8.8 projected=1
2026.10.06-02.18.29 SHOT head fighter=f-0-sk0 socket=Head mesh=SK_Harpy_H3LD world=(-309.0,28.1,34.1) screen=(550.2,544.5) top=(549.4,540.0) bottom=(551.1,549.1) headPx=9.3 projected=1
2026.10.06-02.18.29 SHOT head fighter=f-0-sk1 socket=Head mesh=SK_Harpy_H3LD world=(-398.8,2.3,34.3) screen=(434.5,516.6) top=(433.4,512.0) bottom=(435.6,521.1) headPx=9.4 projected=1
2026.10.06-02.18.29 SHOT head fighter=f-0-sk2 socket=Head mesh=SK_Harpy_H3LD world=(-393.7,86.7,34.0) screen=(430.2,609.4) top=(429.1,604.9) bottom=(431.4,613.8) headPx=9.3 projected=1
2026.10.06-02.18.29 SHOT head fighter=f-1-hero socket=Head mesh=SK_KingArthur_H2LD world=(103.6,237.0,50.1) screen=(1105.9,772.8) top=(1106.2,768.5) bottom=(1105.5,777.1) headPx=8.7 projected=1
2026.10.06-02.18.29 SHOT head fighter=f-1-sk0 socket=Head mesh=SK_Merlin_H2LD world=(159.1,48.5,36.4) screen=(1172.2,565.1) top=(1172.7,560.6) bottom=(1171.8,569.6) headPx=9.1 projected=1
2026.10.06-02.18.29 SHOT figure fighter=f-0-hero bbox=(943,678,1023,785) ringR=28.50 art=1 blockout=0 team=P1 look=P1 ring=1
2026.10.06-02.18.29 SHOT figure fighter=f-0-sk0 bbox=(516,520,586,600) ringR=22.23 art=1 blockout=0 team=P1 look=P1 ring=1
2026.10.06-02.18.29 SHOT figure fighter=f-0-sk1 bbox=(402,482,474,561) ringR=22.23 art=1 blockout=0 team=P1 look=P1 ring=1
2026.10.06-02.18.29 SHOT figure fighter=f-0-sk2 bbox=(394,584,467,665) ringR=22.23 art=1 blockout=0 team=P1 look=P1 ring=1
2026.10.06-02.18.29 SHOT figure fighter=f-1-hero bbox=(1063,731,1148,842) ringR=28.50 art=1 blockout=0 team=P2 look=P2 ring=1
2026.10.06-02.18.29 SHOT figure fighter=f-1-sk0 bbox=(1139,534,1204,620) ringR=22.23 art=1 blockout=0 team=P2 look=P2 ring=1
2026.10.06-02.18.29 SHOT request file=s09-damage-combat.png frame=838
2026.10.06-02.18.29 SHOT requested: FScreenshotRequest(bShowUI) -> C:\Users\ren\AppData\Local\Temp\s09-combat-20261006-071758-37616\host/s09-damage-combat.png
2026.10.06-02.18.30 SHOT captured file=s09-damage-combat.png frame=838 px=1920x1080 sha256=cfdacc047db6e91f9dcf0674a65b3da097b5cb473155c2d32c9902f11d0d41a5 order=BGRA saved=1
2026.10.06-02.18.30 SHOT late begin file=s09-damage-combat.png frame=838 requestFrame=838
2026.10.06-02.18.30 SHOT icon fighter=f-1-hero bbox=(1151,754,1183,786) size=32 src=combat planned=(1151,754,1183,786) geom=painted visible=1 anchor=right fallback=0 overlapPx2=0 texture=/Game/S08/UI/IconsV3/T_IV3_action_attack_token_32.T_IV3_action_attack_token_32 frame=838
2026.10.06-02.18.30 SHOT widget id=icon impl=umg-motion state=combat fighter=f-1-hero bbox=(1151,754,1183,786) geom=painted visible=1 twin=0 source=S08AnimatedIconWidget:action-attack-token frame=838
2026.10.06-02.18.30 SHOT widget id=board.tag impl=umg state=compact fighter=f-0-hero bbox=(932,654,1034,676) geom=painted visible=1 twin=0 source=/Game/S08/UI/ArtHud/WBP_S08ArtTag mode=compact look=P1 shape=circle placement=above ring=0 order=5 bound=1 softPx2=0 planned=(932,654,1034,676) frame=838
2026.10.06-02.18.30 SHOT widget id=board.tag.hp impl=umg state=compact fighter=f-0-hero bbox=(988,656,1030,674) geom=painted visible=1 twin=0 source=/Game/S08/UI/ArtHud/WBP_S08ArtTag mode=compact look=P1 shape=circle placement=above ring=0 order=5 bound=1 softPx2=0 planned=(932,654,1034,676) frame=838 font=11
2026.10.06-02.18.30 SHOT widget id=board.tag.bar impl=umg state=compact fighter=f-0-hero bbox=(951,663,985,668) geom=painted visible=1 twin=0 source=/Game/S08/UI/ArtHud/WBP_S08ArtTag mode=compact look=P1 shape=circle placement=above ring=0 order=5 bound=1 softPx2=0 planned=(932,654,1034,676) frame=838
2026.10.06-02.18.30 SHOT widget id=board.tag.chip impl=umg state=compact fighter=f-0-hero bbox=(936,659,948,671) geom=painted visible=1 twin=0 source=/Game/S08/UI/ArtHud/WBP_S08ArtTag mode=compact look=P1 shape=circle placement=above ring=0 order=5 bound=1 softPx2=0 planned=(932,654,1034,676) frame=838
2026.10.06-02.18.30 SHOT widget id=board.tag impl=umg state=compact fighter=f-0-sk0 bbox=(509,496,593,518) geom=painted visible=1 twin=0 source=/Game/S08/UI/ArtHud/WBP_S08ArtTag mode=compact look=P1 shape=circle placement=above ring=0 order=2 bound=1 softPx2=0 planned=(509,496,593,518) frame=838
2026.10.06-02.18.30 SHOT widget id=board.tag.hp impl=umg state=compact fighter=f-0-sk0 bbox=(565,498,589,516) geom=painted visible=1 twin=0 source=/Game/S08/UI/ArtHud/WBP_S08ArtTag mode=compact look=P1 shape=circle placement=above ring=0 order=2 bound=1 softPx2=0 planned=(509,496,593,518) frame=838 font=11
2026.10.06-02.18.30 SHOT widget id=board.tag.bar impl=umg state=compact fighter=f-0-sk0 bbox=(528,505,562,510) geom=painted visible=1 twin=0 source=/Game/S08/UI/ArtHud/WBP_S08ArtTag mode=compact look=P1 shape=circle placement=above ring=0 order=2 bound=1 softPx2=0 planned=(509,496,593,518) frame=838
2026.10.06-02.18.30 SHOT widget id=board.tag.chip impl=umg state=compact fighter=f-0-sk0 bbox=(513,501,525,513) geom=painted visible=1 twin=0 source=/Game/S08/UI/ArtHud/WBP_S08ArtTag mode=compact look=P1 shape=circle placement=above ring=0 order=2 bound=1 softPx2=0 planned=(509,496,593,518) frame=838
2026.10.06-02.18.30 SHOT widget id=board.tag impl=umg state=compact fighter=f-0-sk1 bbox=(396,458,480,480) geom=painted visible=1 twin=0 source=/Game/S08/UI/ArtHud/WBP_S08ArtTag mode=compact look=P1 shape=circle placement=above ring=0 order=1 bound=1 softPx2=0 planned=(396,458,480,480) frame=838
2026.10.06-02.18.30 SHOT widget id=board.tag.hp impl=umg state=compact fighter=f-0-sk1 bbox=(452,460,476,478) geom=painted visible=1 twin=0 source=/Game/S08/UI/ArtHud/WBP_S08ArtTag mode=compact look=P1 shape=circle placement=above ring=0 order=1 bound=1 softPx2=0 planned=(396,458,480,480) frame=838 font=11
2026.10.06-02.18.30 SHOT widget id=board.tag.bar impl=umg state=compact fighter=f-0-sk1 bbox=(415,467,449,472) geom=painted visible=1 twin=0 source=/Game/S08/UI/ArtHud/WBP_S08ArtTag mode=compact look=P1 shape=circle placement=above ring=0 order=1 bound=1 softPx2=0 planned=(396,458,480,480) frame=838
2026.10.06-02.18.30 SHOT widget id=board.tag.chip impl=umg state=compact fighter=f-0-sk1 bbox=(400,463,412,475) geom=painted visible=1 twin=0 source=/Game/S08/UI/ArtHud/WBP_S08ArtTag mode=compact look=P1 shape=circle placement=above ring=0 order=1 bound=1 softPx2=0 planned=(396,458,480,480) frame=838
2026.10.06-02.18.30 SHOT widget id=board.tag impl=umg state=compact fighter=f-0-sk2 bbox=(308,584,392,606) geom=painted visible=1 twin=0 source=/Game/S08/UI/ArtHud/WBP_S08ArtTag mode=compact look=P1 shape=circle placement=left ring=0 order=4 bound=1 softPx2=0 planned=(308,584,392,606) frame=838
2026.10.06-02.18.30 SHOT widget id=board.tag.hp impl=umg state=compact fighter=f-0-sk2 bbox=(364,586,388,604) geom=painted visible=1 twin=0 source=/Game/S08/UI/ArtHud/WBP_S08ArtTag mode=compact look=P1 shape=circle placement=left ring=0 order=4 bound=1 softPx2=0 planned=(308,584,392,606) frame=838 font=11
2026.10.06-02.18.30 SHOT widget id=board.tag.bar impl=umg state=compact fighter=f-0-sk2 bbox=(327,593,361,598) geom=painted visible=1 twin=0 source=/Game/S08/UI/ArtHud/WBP_S08ArtTag mode=compact look=P1 shape=circle placement=left ring=0 order=4 bound=1 softPx2=0 planned=(308,584,392,606) frame=838
2026.10.06-02.18.30 SHOT widget id=board.tag.chip impl=umg state=compact fighter=f-0-sk2 bbox=(312,589,324,601) geom=painted visible=1 twin=0 source=/Game/S08/UI/ArtHud/WBP_S08ArtTag mode=compact look=P1 shape=circle placement=left ring=0 order=4 bound=1 softPx2=0 planned=(308,584,392,606) frame=838
2026.10.06-02.18.30 SHOT widget id=board.tag impl=umg state=compact fighter=f-1-hero bbox=(1055,707,1157,729) geom=painted visible=1 twin=0 source=/Game/S08/UI/ArtHud/WBP_S08ArtTag mode=compact look=P2 shape=hex placement=above ring=0 order=0 bound=1 softPx2=0 planned=(1055,707,1157,729) frame=838
2026.10.06-02.18.30 SHOT widget id=board.tag.hp impl=umg state=compact fighter=f-1-hero bbox=(1111,709,1153,727) geom=painted visible=1 twin=0 source=/Game/S08/UI/ArtHud/WBP_S08ArtTag mode=compact look=P2 shape=hex placement=above ring=0 order=0 bound=1 softPx2=0 planned=(1055,707,1157,729) frame=838 font=11
2026.10.06-02.18.30 SHOT widget id=board.tag.bar impl=umg state=compact fighter=f-1-hero bbox=(1074,716,1108,721) geom=painted visible=1 twin=0 source=/Game/S08/UI/ArtHud/WBP_S08ArtTag mode=compact look=P2 shape=hex placement=above ring=0 order=0 bound=1 softPx2=0 planned=(1055,707,1157,729) frame=838
2026.10.06-02.18.30 SHOT widget id=board.tag.chip impl=umg state=compact fighter=f-1-hero bbox=(1059,712,1071,724) geom=painted visible=1 twin=0 source=/Game/S08/UI/ArtHud/WBP_S08ArtTag mode=compact look=P2 shape=hex placement=above ring=0 order=0 bound=1 softPx2=0 planned=(1055,707,1157,729) frame=838
2026.10.06-02.18.30 SHOT widget id=board.tag impl=umg state=compact fighter=f-1-sk0 bbox=(1130,510,1214,532) geom=painted visible=1 twin=0 source=/Game/S08/UI/ArtHud/WBP_S08ArtTag mode=compact look=P2 shape=hex placement=above ring=0 order=3 bound=1 softPx2=0 planned=(1130,510,1214,532) frame=838
2026.10.06-02.18.30 SHOT widget id=board.tag.hp impl=umg state=compact fighter=f-1-sk0 bbox=(1186,512,1210,530) geom=painted visible=1 twin=0 source=/Game/S08/UI/ArtHud/WBP_S08ArtTag mode=compact look=P2 shape=hex placement=above ring=0 order=3 bound=1 softPx2=0 planned=(1130,510,1214,532) frame=838 font=11
2026.10.06-02.18.30 SHOT widget id=board.tag.bar impl=umg state=compact fighter=f-1-sk0 bbox=(1149,519,1183,524) geom=painted visible=1 twin=0 source=/Game/S08/UI/ArtHud/WBP_S08ArtTag mode=compact look=P2 shape=hex placement=above ring=0 order=3 bound=1 softPx2=0 planned=(1130,510,1214,532) frame=838
2026.10.06-02.18.30 SHOT widget id=board.tag.chip impl=umg state=compact fighter=f-1-sk0 bbox=(1134,515,1146,527) geom=painted visible=1 twin=0 source=/Game/S08/UI/ArtHud/WBP_S08ArtTag mode=compact look=P2 shape=hex placement=above ring=0 order=3 bound=1 softPx2=0 planned=(1130,510,1214,532) frame=838
2026.10.06-02.18.30 SHOT widget id=board.damage impl=umg state=damage fighter=f-1-hero bbox=(1159,704,1199,732) geom=painted visible=1 twin=0 source=/Game/S08/UI/ArtHud/WBP_S08ArtDamage amount=2 seq=7 placement=right_ring=0_hardPx2=0_softPx2=0 stableFrames=8 planned=(1159,704,1199,732) frame=838
2026.10.06-02.18.30 SHOT widget id=board.damage.text impl=umg state=damage fighter=f-1-hero bbox=(1167,704,1191,732) geom=painted visible=1 twin=0 source=/Game/S08/UI/ArtHud/WBP_S08ArtDamage amount=2 seq=7 placement=right_ring=0_hardPx2=0_softPx2=0 stableFrames=8 planned=(1159,704,1199,732) frame=838 font=18
2026.10.06-02.18.30 SHOT damage fighter=f-1-hero bbox=(1159,704,1199,732) frame=838
2026.10.06-02.18.30 SHOT panel id=hud.command bbox=(0,0,696,140) geom=painted visible=1 frame=838
2026.10.06-02.18.30 SHOT panel id=hud.side bbox=(1420,0,1920,179) geom=painted visible=1 frame=838
2026.10.06-02.18.30 SHOT panel id=hud.hand bbox=(537,907,1383,1080) geom=painted visible=1 frame=838
2026.10.06-02.18.30 SHOT late end file=s09-damage-combat.png frame=838
2026.10.06-02.18.30 CUE fx done id=CUE-011 subject=f-1-hero seq=7 t=30087 ms=900 cut=0
2026.10.06-02.18.30 CUE combat seq=7 stage=end t=30087 total=4111 skipped=1 cut=0
2026.10.06-02.18.30 ARTPREVIEW fighter=Medusa hero=1 eligible=0 visual=1 mesh=SK_Medusa_H2LD
2026.10.06-02.18.30 ARTPREVIEW hero-light fighter=f-0-hero state=idle layers=2 lightsOn=2 keyCd=17.984 rimCd=1.528 mul=1.000 pulse=none
2026.10.06-02.18.30 ARTPREVIEW combat marker fighter=Medusa attacker=0 target=0 icon=0 targetMesh=SM_Marker_TargetRing iconMode=screen targetArcScaleXY=0.920
2026.10.06-02.18.30 ARTPREVIEW combat marker fighter=King Arthur attacker=0 target=0 icon=0 targetMesh=SM_Marker_TargetRing iconMode=screen targetArcScaleXY=0.920
2026.10.06-02.18.30 TAG fighter=f-0-hero bbox=(932,654,1034,676) mode=compact look=P1 placement=above ring=0 hardPx2=0 softPx2=0 order=5 bound=1
2026.10.06-02.18.30 TAG fighter=f-0-sk0 bbox=(509,496,593,518) mode=compact look=P1 placement=above ring=0 hardPx2=0 softPx2=0 order=2 bound=1
2026.10.06-02.18.30 TAG fighter=f-0-sk1 bbox=(396,458,480,480) mode=compact look=P1 placement=above ring=0 hardPx2=0 softPx2=0 order=1 bound=1
2026.10.06-02.18.30 TAG fighter=f-0-sk2 bbox=(308,584,392,606) mode=compact look=P1 placement=left ring=0 hardPx2=0 softPx2=0 order=4 bound=1
2026.10.06-02.18.30 TAG fighter=f-1-hero bbox=(1055,707,1157,729) mode=compact look=P2 placement=above ring=0 hardPx2=0 softPx2=0 order=0 bound=1
2026.10.06-02.18.30 TAG fighter=f-1-sk0 bbox=(1130,510,1214,532) mode=compact look=P2 placement=above ring=0 hardPx2=0 softPx2=0 order=3 bound=1
2026.10.06-02.18.30 HUD icon hidden fighter=f-1-hero
2026.10.06-02.18.30 game -> room=cmuw1u4nq0561t84m7cuv93yr code=<redacted> status=IN_PROGRESS
2026.10.06-02.18.30 SNAPSHOT applied seq=11 phase=ACTION_MANEUVER
2026.10.06-02.18.30 HANDLE_APPLIED #16 seq=11 decision=2 fightersValid=1 boardValid=1
2026.10.06-02.18.30 closed mode=
2026.10.06-02.18.30 TURN-INPUT open seq=11 frame=840 gate=none
2026.10.06-02.18.30 MODE seq=11 mode=6 combat=0 pending=1
2026.10.06-02.18.30 MS-PENDING present=modal id=ability-medusa-target-p0 opens=0 collapsed=0 type=TARGET_FIGHTER
2026.10.06-02.18.30 MS-OPP verb=none seq=11
2026.10.06-02.18.30 MS-TRACK own=0/2 opp=0/2 oppVisible=0 seq=11
2026.10.06-02.18.30 MS-OPP planning=0 seq=11
2026.10.06-02.18.30 MS-LAST fade seq=9 at=11 ms=300
2026.10.06-02.18.30 MS-LAST replace seq=9 by=11
2026.10.06-02.18.30 MS-LAST enter seq=11 player=cmuhntiwu0001wib0z281rpa8 source=MANEUVER moves=1 boost=-1
2026.10.06-02.18.30 CUE sound id=CUE-015 point=turn subject=- seq=11 t=30138 event_t=30138 dt=0 class=UI sound=SW_UI_TURN_CHIME_01 gain=0.80 result=played turn=own
2026.10.06-02.18.30 HUD-TURN seq=11 turn=own initial=0 ring=marker-turn-ring flash=1000 banner=600 reduced=0
2026.10.06-02.18.30 HUD seq=11 phase=ACTION_MANEUVER turn=you hand=4 oppHand=6(hidden) oppDeck=25~ deck=24~ discard=2
2026.10.06-02.18.30 DECK panel close side=opp t=30138 fade=150 why=input:choice
2026.10.06-02.18.30 MS-STATUS seq=11 text="Choose a target (up to 1)"
2026.10.06-02.18.30 MS-PENDING step=target 1/1 n=1 turn=own id=ability-medusa-target-p0
2026.10.06-02.18.30 ARTPREVIEW fighter=Medusa hero=1 eligible=0 visual=1 mesh=SK_Medusa_H2LD
2026.10.06-02.18.30 FIGHTERS synced n=6 alive=6 own=4 enemy=2
2026.10.06-02.18.30 MS-CUE move seq=11 fighter=f-1-hero order=0 of=1 kind=move steps=1 source=trail start=0 ms=280 snapped=0 path=S36>S32 speed=normal reduced=0
2026.10.06-02.18.30 CUE sound id=CUE-007 point=step subject=f-1-hero seq=11 t=30138 event_t=30138 dt=0 class=SFX sound=SW_BRD_STEP_03 gain=0.80 result=played edge=1/1 due=30138
2026.10.06-02.18.30 MS-ANIM play seq=11 moves=1 animated=1 speed=normal reduced=0 end=430
2026.10.06-02.18.30 CUE move f-1-hero (5,5)->(5,4) seq=11
2026.10.06-02.18.30 WS seq=11 phase=ACTION_MANEUVER (apply)
2026.10.06-02.18.30 SFX bank=FX-GAZE-REQUEST tag=gaze class=SFX t=30172 sound=SW_FX_GAZE_REQUEST_01 gain=0.80
2026.10.06-02.18.30 SFX bank=FX-GAZE-REQUEST-VOICE tag=voice class=VO t=30172 sound=SW_FX_GAZE_REQUEST_VOICE gain=0.80
2026.10.06-02.18.30 SFX bank=UI-PANEL-CLOSE tag=panel class=UI t=30172 sound=SW_UI_PANEL_CLOSE_01 gain=0.80
2026.10.06-02.18.30 HUD-TRACK own=0/2 server=0 local=0 opp=0/2 oppVisible=0 anim=reset/reset seq=11 frame=841
2026.10.06-02.18.30 HUD-HAND lower=1 pick=target cursor=board preview=hidden seq=11
2026.10.06-02.18.30 S09AUTO drive mode=6 plan=[attack+scheme] phase=ACTION_MANEUVER turn=cmuhntivg0000wib0anhqyswc
2026.10.06-02.18.30 S09AUTO own turn #1 (turnCount=3)
2026.10.06-02.18.30 S09AUTO pending-open shot (type=TARGET_FIGHTER stage=0 mode=)
2026.10.06-02.18.30 SHOT ctx viewport=1920x1080 viewTarget=CameraActor_2147482025 cam=(0,1342,1917) rot=(-55,-90,0)
2026.10.06-02.18.30 RENDER tag=SHOT rhi=D3D12 featureLevel=SM6 shaderPlatform=PCD3D_SM6 lumenPlatform=1 gi=lumen giMethod=1 refl=lumen reflMethod=1 shadows=csm vsmEnable=0 sg.res=100 sg.view=2 sg.aa=2 sg.shadow=2 sg.gi=2 sg.refl=2 sg.pp=2 sg.tex=2 sg.fx=2 sg.foliage=2 sg.shading=2 sg.landscape=2 preset=High screenPct=100.0 screenPctMode=0 aa=TSR aaMethod=4 exposure=fixed-histogram expMin=4.14106 expMax=4.14106 expBias=0.000 ev100=2.05 lightUnits=candelas sky=1 skyIntensity=3.000 keyShadow=csm-3600uu-2c-contact0.000 shadowCasters=1 profile=sarpedon-night profilesSha256=0a3417258f46ad3d99620bcbabd1b37615192b7a59f090c77515189845b33bb7 profilesSource=pak legacyRender=0 gameLayer=unlit-eyeadaptinv tMaxFPS=30.0 vsync=0 frameRateLimit=60.0 substrate=0 nanite=1 meshDF=1 viewport=1920x1080 reference=1
2026.10.06-02.18.30 SHOT fighter f-0-hero pos=(4,4) world=(16,189,0) screen=(982,752) projected=1 alive=1
2026.10.06-02.18.30 SHOT fighter f-0-sk0 pos=(1,3) world=(-309,33,0) screen=(555,576) projected=1 alive=1
2026.10.06-02.18.30 SHOT fighter f-0-sk1 pos=(0,2) world=(-398,-3,0) screen=(442,537) projected=1 alive=1
2026.10.06-02.18.30 SHOT fighter f-0-sk2 pos=(0,3) world=(-394,92,0) screen=(435,640) projected=1 alive=1
2026.10.06-02.18.30 SHOT fighter f-1-hero pos=(5,4) world=(119,141,0) screen=(1120,695) projected=1 alive=1
2026.10.06-02.18.30 SHOT fighter f-1-sk0 pos=(6,3) world=(159,52,0) screen=(1169,596) projected=1 alive=1
2026.10.06-02.18.30 SHOT camera dist=2340.2 target=2340.2 overview=2340.2 errPct=0.000 focusErr=0.00 settled=1 zoom=1.00
2026.10.06-02.18.30 SHOT head fighter=f-0-hero socket=Head mesh=SK_Medusa_H2LD world=(16.2,188.9,47.2) screen=(982.6,717.3) top=(982.6,712.9) bottom=(982.5,721.6) headPx=8.8 projected=1
2026.10.06-02.18.30 SHOT head fighter=f-0-sk0 socket=Head mesh=SK_Harpy_H3LD world=(-308.5,28.4,34.3) screen=(550.9,544.7) top=(550.0,540.2) bottom=(551.8,549.3) headPx=9.3 projected=1
2026.10.06-02.18.30 SHOT head fighter=f-0-sk1 socket=Head mesh=SK_Harpy_H3LD world=(-399.0,2.6,34.0) screen=(434.2,517.2) top=(433.1,512.6) bottom=(435.3,521.8) headPx=9.4 projected=1
2026.10.06-02.18.30 SHOT head fighter=f-0-sk2 socket=Head mesh=SK_Harpy_H3LD world=(-394.2,86.7,34.0) screen=(429.5,609.3) top=(428.3,604.8) bottom=(430.6,613.8) headPx=9.3 projected=1
2026.10.06-02.18.30 SHOT head fighter=f-1-hero socket=Head mesh=SK_KingArthur_H2LD world=(106.0,219.1,49.7) screen=(1108.4,751.4) top=(1108.8,747.1) bottom=(1108.1,755.7) headPx=8.7 projected=1
2026.10.06-02.18.30 SHOT head fighter=f-1-sk0 socket=Head mesh=SK_Merlin_H2LD world=(159.2,48.8,36.5) screen=(1172.4,565.4) top=(1172.9,560.8) bottom=(1172.0,569.9) headPx=9.1 projected=1
2026.10.06-02.18.30 SHOT figure fighter=f-0-hero bbox=(943,678,1023,785) ringR=28.50 art=1 blockout=0 team=P1 look=P1 ring=1
2026.10.06-02.18.30 SHOT figure fighter=f-0-sk0 bbox=(516,520,586,600) ringR=22.23 art=1 blockout=0 team=P1 look=P1 ring=1
2026.10.06-02.18.30 SHOT figure fighter=f-0-sk1 bbox=(402,482,474,561) ringR=22.23 art=1 blockout=0 team=P1 look=P1 ring=1
2026.10.06-02.18.30 SHOT figure fighter=f-0-sk2 bbox=(394,584,467,665) ringR=22.23 art=1 blockout=0 team=P1 look=P1 ring=1
2026.10.06-02.18.30 SHOT figure fighter=f-1-hero bbox=(1065,717,1150,828) ringR=28.50 art=1 blockout=0 team=P2 look=P2 ring=1
2026.10.06-02.18.30 SHOT figure fighter=f-1-sk0 bbox=(1139,534,1204,620) ringR=22.23 art=1 blockout=0 team=P2 look=P2 ring=1
2026.10.06-02.18.30 SHOT request file=s09-pending-TARGET_FIGHTER.png frame=841
2026.10.06-02.18.30 SHOT requested: FScreenshotRequest(bShowUI) -> C:\Users\ren\AppData\Local\Temp\s09-combat-20261006-071758-37616\host/s09-pending-TARGET_FIGHTER.png
2026.10.06-02.18.30 TAG fighter=f-0-hero bbox=(932,654,1034,676) mode=compact look=P1 placement=above ring=0 hardPx2=0 softPx2=0 order=5 bound=1
2026.10.06-02.18.30 TAG fighter=f-0-sk0 bbox=(509,496,593,518) mode=compact look=P1 placement=above ring=0 hardPx2=0 softPx2=0 order=2 bound=1
2026.10.06-02.18.30 TAG fighter=f-0-sk1 bbox=(396,458,480,480) mode=compact look=P1 placement=above ring=0 hardPx2=0 softPx2=0 order=1 bound=1
2026.10.06-02.18.30 TAG fighter=f-0-sk2 bbox=(308,584,392,606) mode=compact look=P1 placement=left ring=0 hardPx2=0 softPx2=0 order=4 bound=1
2026.10.06-02.18.30 TAG fighter=f-1-hero bbox=(1057,693,1159,715) mode=compact look=P2 placement=above ring=0 hardPx2=0 softPx2=0 order=0 bound=1
2026.10.06-02.18.30 TAG fighter=f-1-sk0 bbox=(1130,510,1214,532) mode=compact look=P2 placement=above ring=0 hardPx2=0 softPx2=0 order=3 bound=1
2026.10.06-02.18.30 DAMAGE fighter=f-1-hero bbox=(1161,690,1201,718) amount=2 seq=7 placement=right ring=0 hardPx2=0 softPx2=0
2026.10.06-02.18.30 SHOT captured file=s09-pending-TARGET_FIGHTER.png frame=841 px=1920x1080 sha256=a44b323cfd14be72f449d51bd0d183fe3f177c821222da07befc132eae7119a6 order=BGRA saved=1
2026.10.06-02.18.30 SHOT late begin file=s09-pending-TARGET_FIGHTER.png frame=841 requestFrame=841
2026.10.06-02.18.30 SHOT iconstate visible=0 lastFighter=none frame=841
2026.10.06-02.18.30 SHOT widget id=board.tag impl=umg state=compact fighter=f-0-hero bbox=(932,654,1034,676) geom=painted visible=1 twin=0 source=/Game/S08/UI/ArtHud/WBP_S08ArtTag mode=compact look=P1 shape=circle placement=above ring=0 order=5 bound=1 softPx2=0 planned=(932,654,1034,676) frame=841
2026.10.06-02.18.30 SHOT widget id=board.tag.hp impl=umg state=compact fighter=f-0-hero bbox=(988,656,1030,674) geom=painted visible=1 twin=0 source=/Game/S08/UI/ArtHud/WBP_S08ArtTag mode=compact look=P1 shape=circle placement=above ring=0 order=5 bound=1 softPx2=0 planned=(932,654,1034,676) frame=841 font=11
2026.10.06-02.18.30 SHOT widget id=board.tag.bar impl=umg state=compact fighter=f-0-hero bbox=(951,663,985,668) geom=painted visible=1 twin=0 source=/Game/S08/UI/ArtHud/WBP_S08ArtTag mode=compact look=P1 shape=circle placement=above ring=0 order=5 bound=1 softPx2=0 planned=(932,654,1034,676) frame=841
2026.10.06-02.18.30 SHOT widget id=board.tag.chip impl=umg state=compact fighter=f-0-hero bbox=(936,659,948,671) geom=painted visible=1 twin=0 source=/Game/S08/UI/ArtHud/WBP_S08ArtTag mode=compact look=P1 shape=circle placement=above ring=0 order=5 bound=1 softPx2=0 planned=(932,654,1034,676) frame=841
2026.10.06-02.18.30 SHOT widget id=board.tag impl=umg state=compact fighter=f-0-sk0 bbox=(509,496,593,518) geom=painted visible=1 twin=0 source=/Game/S08/UI/ArtHud/WBP_S08ArtTag mode=compact look=P1 shape=circle placement=above ring=0 order=2 bound=1 softPx2=0 planned=(509,496,593,518) frame=841
2026.10.06-02.18.30 SHOT widget id=board.tag.hp impl=umg state=compact fighter=f-0-sk0 bbox=(565,498,589,516) geom=painted visible=1 twin=0 source=/Game/S08/UI/ArtHud/WBP_S08ArtTag mode=compact look=P1 shape=circle placement=above ring=0 order=2 bound=1 softPx2=0 planned=(509,496,593,518) frame=841 font=11
2026.10.06-02.18.30 SHOT widget id=board.tag.bar impl=umg state=compact fighter=f-0-sk0 bbox=(528,505,562,510) geom=painted visible=1 twin=0 source=/Game/S08/UI/ArtHud/WBP_S08ArtTag mode=compact look=P1 shape=circle placement=above ring=0 order=2 bound=1 softPx2=0 planned=(509,496,593,518) frame=841
2026.10.06-02.18.30 SHOT widget id=board.tag.chip impl=umg state=compact fighter=f-0-sk0 bbox=(513,501,525,513) geom=painted visible=1 twin=0 source=/Game/S08/UI/ArtHud/WBP_S08ArtTag mode=compact look=P1 shape=circle placement=above ring=0 order=2 bound=1 softPx2=0 planned=(509,496,593,518) frame=841
2026.10.06-02.18.30 SHOT widget id=board.tag impl=umg state=compact fighter=f-0-sk1 bbox=(396,458,480,480) geom=painted visible=1 twin=0 source=/Game/S08/UI/ArtHud/WBP_S08ArtTag mode=compact look=P1 shape=circle placement=above ring=0 order=1 bound=1 softPx2=0 planned=(396,458,480,480) frame=841
2026.10.06-02.18.30 SHOT widget id=board.tag.hp impl=umg state=compact fighter=f-0-sk1 bbox=(452,460,476,478) geom=painted visible=1 twin=0 source=/Game/S08/UI/ArtHud/WBP_S08ArtTag mode=compact look=P1 shape=circle placement=above ring=0 order=1 bound=1 softPx2=0 planned=(396,458,480,480) frame=841 font=11
2026.10.06-02.18.30 SHOT widget id=board.tag.bar impl=umg state=compact fighter=f-0-sk1 bbox=(415,467,449,472) geom=painted visible=1 twin=0 source=/Game/S08/UI/ArtHud/WBP_S08ArtTag mode=compact look=P1 shape=circle placement=above ring=0 order=1 bound=1 softPx2=0 planned=(396,458,480,480) frame=841
2026.10.06-02.18.30 SHOT widget id=board.tag.chip impl=umg state=compact fighter=f-0-sk1 bbox=(400,463,412,475) geom=painted visible=1 twin=0 source=/Game/S08/UI/ArtHud/WBP_S08ArtTag mode=compact look=P1 shape=circle placement=above ring=0 order=1 bound=1 softPx2=0 planned=(396,458,480,480) frame=841
2026.10.06-02.18.30 SHOT widget id=board.tag impl=umg state=compact fighter=f-0-sk2 bbox=(308,584,392,606) geom=painted visible=1 twin=0 source=/Game/S08/UI/ArtHud/WBP_S08ArtTag mode=compact look=P1 shape=circle placement=left ring=0 order=4 bound=1 softPx2=0 planned=(308,584,392,606) frame=841
2026.10.06-02.18.30 SHOT widget id=board.tag.hp impl=umg state=compact fighter=f-0-sk2 bbox=(364,586,388,604) geom=painted visible=1 twin=0 source=/Game/S08/UI/ArtHud/WBP_S08ArtTag mode=compact look=P1 shape=circle placement=left ring=0 order=4 bound=1 softPx2=0 planned=(308,584,392,606) frame=841 font=11
2026.10.06-02.18.30 SHOT widget id=board.tag.bar impl=umg state=compact fighter=f-0-sk2 bbox=(327,593,361,598) geom=painted visible=1 twin=0 source=/Game/S08/UI/ArtHud/WBP_S08ArtTag mode=compact look=P1 shape=circle placement=left ring=0 order=4 bound=1 softPx2=0 planned=(308,584,392,606) frame=841
2026.10.06-02.18.30 SHOT widget id=board.tag.chip impl=umg state=compact fighter=f-0-sk2 bbox=(312,589,324,601) geom=painted visible=1 twin=0 source=/Game/S08/UI/ArtHud/WBP_S08ArtTag mode=compact look=P1 shape=circle placement=left ring=0 order=4 bound=1 softPx2=0 planned=(308,584,392,606) frame=841
2026.10.06-02.18.30 SHOT widget id=board.tag impl=umg state=compact fighter=f-1-hero bbox=(1057,693,1159,715) geom=painted visible=1 twin=0 source=/Game/S08/UI/ArtHud/WBP_S08ArtTag mode=compact look=P2 shape=hex placement=above ring=0 order=0 bound=1 softPx2=0 planned=(1057,693,1159,715) frame=841
2026.10.06-02.18.30 SHOT widget id=board.tag.hp impl=umg state=compact fighter=f-1-hero bbox=(1113,695,1155,713) geom=painted visible=1 twin=0 source=/Game/S08/UI/ArtHud/WBP_S08ArtTag mode=compact look=P2 shape=hex placement=above ring=0 order=0 bound=1 softPx2=0 planned=(1057,693,1159,715) frame=841 font=11
2026.10.06-02.18.30 SHOT widget id=board.tag.bar impl=umg state=compact fighter=f-1-hero bbox=(1076,702,1110,707) geom=painted visible=1 twin=0 source=/Game/S08/UI/ArtHud/WBP_S08ArtTag mode=compact look=P2 shape=hex placement=above ring=0 order=0 bound=1 softPx2=0 planned=(1057,693,1159,715) frame=841
2026.10.06-02.18.30 SHOT widget id=board.tag.chip impl=umg state=compact fighter=f-1-hero bbox=(1061,698,1073,710) geom=painted visible=1 twin=0 source=/Game/S08/UI/ArtHud/WBP_S08ArtTag mode=compact look=P2 shape=hex placement=above ring=0 order=0 bound=1 softPx2=0 planned=(1057,693,1159,715) frame=841
2026.10.06-02.18.30 SHOT widget id=board.tag impl=umg state=compact fighter=f-1-sk0 bbox=(1130,510,1214,532) geom=painted visible=1 twin=0 source=/Game/S08/UI/ArtHud/WBP_S08ArtTag mode=compact look=P2 shape=hex placement=above ring=0 order=3 bound=1 softPx2=0 planned=(1130,510,1214,532) frame=841
2026.10.06-02.18.30 SHOT widget id=board.tag.hp impl=umg state=compact fighter=f-1-sk0 bbox=(1186,512,1210,530) geom=painted visible=1 twin=0 source=/Game/S08/UI/ArtHud/WBP_S08ArtTag mode=compact look=P2 shape=hex placement=above ring=0 order=3 bound=1 softPx2=0 planned=(1130,510,1214,532) frame=841 font=11
2026.10.06-02.18.30 SHOT widget id=board.tag.bar impl=umg state=compact fighter=f-1-sk0 bbox=(1149,519,1183,524) geom=painted visible=1 twin=0 source=/Game/S08/UI/ArtHud/WBP_S08ArtTag mode=compact look=P2 shape=hex placement=above ring=0 order=3 bound=1 softPx2=0 planned=(1130,510,1214,532) frame=841
2026.10.06-02.18.30 SHOT widget id=board.tag.chip impl=umg state=compact fighter=f-1-sk0 bbox=(1134,515,1146,527) geom=painted visible=1 twin=0 source=/Game/S08/UI/ArtHud/WBP_S08ArtTag mode=compact look=P2 shape=hex placement=above ring=0 order=3 bound=1 softPx2=0 planned=(1130,510,1214,532) frame=841
2026.10.06-02.18.30 SHOT widget id=board.damage impl=umg state=damage fighter=f-1-hero bbox=(1161,690,1201,718) geom=painted visible=1 twin=0 source=/Game/S08/UI/ArtHud/WBP_S08ArtDamage amount=2 seq=7 placement=right_ring=0_hardPx2=0_softPx2=0 stableFrames=0 planned=(1161,690,1201,718) frame=841
2026.10.06-02.18.30 SHOT widget id=board.damage.text impl=umg state=damage fighter=f-1-hero bbox=(1169,690,1193,718) geom=painted visible=1 twin=0 source=/Game/S08/UI/ArtHud/WBP_S08ArtDamage amount=2 seq=7 placement=right_ring=0_hardPx2=0_softPx2=0 stableFrames=0 planned=(1161,690,1201,718) frame=841 font=18
2026.10.06-02.18.30 SHOT damage fighter=f-1-hero bbox=(1161,690,1201,718) frame=841
2026.10.06-02.18.30 SHOT panel id=hud.command bbox=(0,0,591,204) geom=painted visible=1 frame=841
2026.10.06-02.18.30 SHOT panel id=hud.side bbox=(1421,0,1920,153) geom=painted visible=1 frame=841
2026.10.06-02.18.30 SHOT panel id=hud.hand bbox=(537,907,1383,1080) geom=painted visible=1 frame=841
2026.10.06-02.18.30 SHOT late end file=s09-pending-TARGET_FIGHTER.png frame=841
2026.10.06-02.18.30 S09AUTO run-e shot s09-turn-banner.png
2026.10.06-02.18.30 SHOT ctx viewport=1920x1080 viewTarget=CameraActor_2147482025 cam=(0,1342,1917) rot=(-55,-90,0)
2026.10.06-02.18.30 RENDER tag=SHOT rhi=D3D12 featureLevel=SM6 shaderPlatform=PCD3D_SM6 lumenPlatform=1 gi=lumen giMethod=1 refl=lumen reflMethod=1 shadows=csm vsmEnable=0 sg.res=100 sg.view=2 sg.aa=2 sg.shadow=2 sg.gi=2 sg.refl=2 sg.pp=2 sg.tex=2 sg.fx=2 sg.foliage=2 sg.shading=2 sg.landscape=2 preset=High screenPct=100.0 screenPctMode=0 aa=TSR aaMethod=4 exposure=fixed-histogram expMin=4.14106 expMax=4.14106 expBias=0.000 ev100=2.05 lightUnits=candelas sky=1 skyIntensity=3.000 keyShadow=csm-3600uu-2c-contact0.000 shadowCasters=1 profile=sarpedon-night profilesSha256=0a3417258f46ad3d99620bcbabd1b37615192b7a59f090c77515189845b33bb7 profilesSource=pak legacyRender=0 gameLayer=unlit-eyeadaptinv tMaxFPS=30.0 vsync=0 frameRateLimit=60.0 substrate=0 nanite=1 meshDF=1 viewport=1920x1080 reference=1
2026.10.06-02.18.30 SHOT fighter f-0-hero pos=(4,4) world=(16,189,0) screen=(982,752) projected=1 alive=1
2026.10.06-02.18.30 SHOT fighter f-0-sk0 pos=(1,3) world=(-309,33,0) screen=(555,576) projected=1 alive=1
2026.10.06-02.18.30 SHOT fighter f-0-sk1 pos=(0,2) world=(-398,-3,0) screen=(442,537) projected=1 alive=1
2026.10.06-02.18.30 SHOT fighter f-0-sk2 pos=(0,3) world=(-394,92,0) screen=(435,640) projected=1 alive=1
2026.10.06-02.18.30 SHOT fighter f-1-hero pos=(5,4) world=(119,141,0) screen=(1120,695) projected=1 alive=1
2026.10.06-02.18.30 SHOT fighter f-1-sk0 pos=(6,3) world=(159,52,0) screen=(1169,596) projected=1 alive=1
2026.10.06-02.18.30 SHOT camera dist=2340.2 target=2340.2 overview=2340.2 errPct=0.000 focusErr=0.00 settled=1 zoom=1.00
2026.10.06-02.18.30 SHOT head fighter=f-0-hero socket=Head mesh=SK_Medusa_H2LD world=(16.2,188.9,47.2) screen=(982.6,717.3) top=(982.6,712.9) bottom=(982.5,721.6) headPx=8.8 projected=1
2026.10.06-02.18.30 SHOT head fighter=f-0-sk0 socket=Head mesh=SK_Harpy_H3LD world=(-308.5,28.4,34.3) screen=(550.9,544.7) top=(550.0,540.2) bottom=(551.8,549.3) headPx=9.3 projected=1
2026.10.06-02.18.30 SHOT head fighter=f-0-sk1 socket=Head mesh=SK_Harpy_H3LD world=(-399.0,2.6,34.0) screen=(434.2,517.2) top=(433.1,512.6) bottom=(435.3,521.8) headPx=9.4 projected=1
2026.10.06-02.18.30 SHOT head fighter=f-0-sk2 socket=Head mesh=SK_Harpy_H3LD world=(-394.2,86.7,34.0) screen=(429.5,609.3) top=(428.3,604.8) bottom=(430.6,613.8) headPx=9.3 projected=1
2026.10.06-02.18.30 SHOT head fighter=f-1-hero socket=Head mesh=SK_KingArthur_H2LD world=(119.9,133.8,49.2) screen=(1124.2,651.5) top=(1124.6,647.0) bottom=(1123.9,656.0) headPx=9.0 projected=1
2026.10.06-02.18.30 SHOT head fighter=f-1-sk0 socket=Head mesh=SK_Merlin_H2LD world=(159.2,48.8,36.5) screen=(1172.4,565.4) top=(1172.9,560.8) bottom=(1172.0,569.9) headPx=9.1 projected=1
2026.10.06-02.18.30 SHOT figure fighter=f-0-hero bbox=(943,678,1023,785) ringR=28.50 art=1 blockout=0 team=P1 look=P1 ring=1
2026.10.06-02.18.30 SHOT figure fighter=f-0-sk0 bbox=(516,520,586,600) ringR=22.23 art=1 blockout=0 team=P1 look=P1 ring=1
2026.10.06-02.18.30 SHOT figure fighter=f-0-sk1 bbox=(402,482,474,561) ringR=22.23 art=1 blockout=0 team=P1 look=P1 ring=1
2026.10.06-02.18.30 SHOT figure fighter=f-0-sk2 bbox=(394,584,467,665) ringR=22.23 art=1 blockout=0 team=P1 look=P1 ring=1
2026.10.06-02.18.30 SHOT figure fighter=f-1-hero bbox=(1081,622,1164,731) ringR=28.50 art=1 blockout=0 team=P2 look=P2 ring=1
2026.10.06-02.18.30 SHOT figure fighter=f-1-sk0 bbox=(1139,534,1204,620) ringR=22.23 art=1 blockout=0 team=P2 look=P2 ring=1
2026.10.06-02.18.30 SHOT request file=s09-turn-banner.png frame=842
2026.10.06-02.18.30 SHOT requested: FScreenshotRequest(bShowUI) -> C:\Users\ren\AppData\Local\Temp\s09-combat-20261006-071758-37616\host/s09-turn-banner.png
2026.10.06-02.18.30 PEND-RESOLVE sent type=TARGET_FIGHTER stage=0 id=ability-medusa-target-p0
2026.10.06-02.18.30 CUE sound id=CUE-014 point=cue subject=f-1-hero seq=11 t=30410 event_t=30410 dt=0 class=SFX sound=SW_FX_GAZE_BEAM_02 gain=0.80 result=played bank=FX-GAZE-BEAM
2026.10.06-02.18.30 MS-STATUS seq=11 text="Syncing…"
2026.10.06-02.18.30 S09AUTO pending picked (type=TARGET_FIGHTER stage=0)
2026.10.06-02.18.30 HUD plate content fighter=f-1-hero name=King Arthur hp=16/18 team=enemy statuses=HERO  |  MELEE teamSlot=P2 look=P2 shape=hexagon chip=#5786A8
2026.10.06-02.18.30 PLATE fighter=f-1-hero bbox=(1031,737,1203,791) overlapReachable=0 placement=below ring=0 gap=6 selection=f-1-hero destinations=0 clean=1 softPx2=0 tested=112 bound=1
2026.10.06-02.18.30 TAG fighter=f-0-hero bbox=(932,654,1034,676) mode=compact look=P1 placement=above ring=0 hardPx2=0 softPx2=0 order=4 bound=1
2026.10.06-02.18.30 TAG fighter=f-0-sk0 bbox=(509,496,593,518) mode=compact look=P1 placement=above ring=0 hardPx2=0 softPx2=0 order=1 bound=1
2026.10.06-02.18.30 TAG fighter=f-0-sk1 bbox=(396,458,480,480) mode=compact look=P1 placement=above ring=0 hardPx2=0 softPx2=0 order=0 bound=1
2026.10.06-02.18.30 TAG fighter=f-0-sk2 bbox=(308,584,392,606) mode=compact look=P1 placement=left ring=0 hardPx2=0 softPx2=0 order=3 bound=1
2026.10.06-02.18.30 TAG fighter=f-1-sk0 bbox=(1130,510,1214,532) mode=compact look=P2 placement=above ring=0 hardPx2=0 softPx2=0 order=2 bound=1
2026.10.06-02.18.30 SHOT captured file=s09-turn-banner.png frame=842 px=1920x1080 sha256=6f9d167547774d4e11730ea937513fd9017ad97dd9079ef77ebb839b3c005140 order=BGRA saved=1
2026.10.06-02.18.30 SHOT late begin file=s09-turn-banner.png frame=842 requestFrame=842
2026.10.06-02.18.30 SHOT iconstate visible=0 lastFighter=none frame=842
2026.10.06-02.18.30 SHOT widget id=plate impl=umg state=enemy fighter=f-1-hero bbox=(0,0,0,0) geom=unpainted visible=1 twin=0 source=/Game/S08/UI/ArtHud/WBP_S08ArtPlate frame=842
2026.10.06-02.18.30 SHOT widget id=plate.marker impl=umg state=enemy fighter=f-1-hero bbox=(0,0,0,0) geom=unpainted visible=1 twin=0 source=/Game/S08/UI/ArtHud/WBP_S08ArtPlate frame=842
2026.10.06-02.18.30 SHOT widget id=plate.name impl=umg state=enemy fighter=f-1-hero bbox=(0,0,0,0) geom=unpainted visible=1 twin=0 source=/Game/S08/UI/ArtHud/WBP_S08ArtPlate frame=842
2026.10.06-02.18.30 SHOT widget id=plate.team impl=umg state=enemy fighter=f-1-hero bbox=(0,0,0,0) geom=unpainted visible=1 twin=0 source=/Game/S08/UI/ArtHud/WBP_S08ArtPlate frame=842
2026.10.06-02.18.30 SHOT widget id=plate.hpbar impl=umg state=enemy fighter=f-1-hero bbox=(0,0,0,0) geom=unpainted visible=1 twin=0 source=/Game/S08/UI/ArtHud/WBP_S08ArtPlate frame=842
2026.10.06-02.18.30 SHOT widget id=plate.hpfill impl=umg state=enemy fighter=f-1-hero bbox=(0,0,0,0) geom=unpainted visible=1 twin=0 source=/Game/S08/UI/ArtHud/WBP_S08ArtPlate frame=842
2026.10.06-02.18.30 SHOT widget id=plate.hp impl=umg state=enemy fighter=f-1-hero bbox=(0,0,0,0) geom=unpainted visible=1 twin=0 source=/Game/S08/UI/ArtHud/WBP_S08ArtPlate frame=842
2026.10.06-02.18.30 SHOT widget id=plate.status impl=umg state=enemy fighter=f-1-hero bbox=(0,0,0,0) geom=unpainted visible=1 twin=0 source=/Game/S08/UI/ArtHud/WBP_S08ArtPlate frame=842
2026.10.06-02.18.30 SHOT widget id=plate.teamshape impl=umg state=enemy fighter=f-1-hero bbox=(0,0,0,0) geom=unpainted visible=1 twin=0 source=/Game/S08/UI/ArtHud/WBP_S08ArtPlate frame=842
2026.10.06-02.18.30 SHOT widget id=board.tag impl=umg state=compact fighter=f-0-hero bbox=(932,654,1034,676) geom=painted visible=1 twin=0 source=/Game/S08/UI/ArtHud/WBP_S08ArtTag mode=compact look=P1 shape=circle placement=above ring=0 order=4 bound=1 softPx2=0 planned=(932,654,1034,676) frame=842
2026.10.06-02.18.30 SHOT widget id=board.tag.hp impl=umg state=compact fighter=f-0-hero bbox=(988,656,1030,674) geom=painted visible=1 twin=0 source=/Game/S08/UI/ArtHud/WBP_S08ArtTag mode=compact look=P1 shape=circle placement=above ring=0 order=4 bound=1 softPx2=0 planned=(932,654,1034,676) frame=842 font=11
2026.10.06-02.18.30 SHOT widget id=board.tag.bar impl=umg state=compact fighter=f-0-hero bbox=(951,663,985,668) geom=painted visible=1 twin=0 source=/Game/S08/UI/ArtHud/WBP_S08ArtTag mode=compact look=P1 shape=circle placement=above ring=0 order=4 bound=1 softPx2=0 planned=(932,654,1034,676) frame=842
2026.10.06-02.18.30 SHOT widget id=board.tag.chip impl=umg state=compact fighter=f-0-hero bbox=(936,659,948,671) geom=painted visible=1 twin=0 source=/Game/S08/UI/ArtHud/WBP_S08ArtTag mode=compact look=P1 shape=circle placement=above ring=0 order=4 bound=1 softPx2=0 planned=(932,654,1034,676) frame=842
2026.10.06-02.18.30 SHOT widget id=board.tag impl=umg state=compact fighter=f-0-sk0 bbox=(509,496,593,518) geom=painted visible=1 twin=0 source=/Game/S08/UI/ArtHud/WBP_S08ArtTag mode=compact look=P1 shape=circle placement=above ring=0 order=1 bound=1 softPx2=0 planned=(509,496,593,518) frame=842
2026.10.06-02.18.30 SHOT widget id=board.tag.hp impl=umg state=compact fighter=f-0-sk0 bbox=(565,498,589,516) geom=painted visible=1 twin=0 source=/Game/S08/UI/ArtHud/WBP_S08ArtTag mode=compact look=P1 shape=circle placement=above ring=0 order=1 bound=1 softPx2=0 planned=(509,496,593,518) frame=842 font=11
2026.10.06-02.18.30 SHOT widget id=board.tag.bar impl=umg state=compact fighter=f-0-sk0 bbox=(528,505,562,510) geom=painted visible=1 twin=0 source=/Game/S08/UI/ArtHud/WBP_S08ArtTag mode=compact look=P1 shape=circle placement=above ring=0 order=1 bound=1 softPx2=0 planned=(509,496,593,518) frame=842
2026.10.06-02.18.30 SHOT widget id=board.tag.chip impl=umg state=compact fighter=f-0-sk0 bbox=(513,501,525,513) geom=painted visible=1 twin=0 source=/Game/S08/UI/ArtHud/WBP_S08ArtTag mode=compact look=P1 shape=circle placement=above ring=0 order=1 bound=1 softPx2=0 planned=(509,496,593,518) frame=842
2026.10.06-02.18.30 SHOT widget id=board.tag impl=umg state=compact fighter=f-0-sk1 bbox=(396,458,480,480) geom=painted visible=1 twin=0 source=/Game/S08/UI/ArtHud/WBP_S08ArtTag mode=compact look=P1 shape=circle placement=above ring=0 order=0 bound=1 softPx2=0 planned=(396,458,480,480) frame=842
2026.10.06-02.18.30 SHOT widget id=board.tag.hp impl=umg state=compact fighter=f-0-sk1 bbox=(452,460,476,478) geom=painted visible=1 twin=0 source=/Game/S08/UI/ArtHud/WBP_S08ArtTag mode=compact look=P1 shape=circle placement=above ring=0 order=0 bound=1 softPx2=0 planned=(396,458,480,480) frame=842 font=11
2026.10.06-02.18.30 SHOT widget id=board.tag.bar impl=umg state=compact fighter=f-0-sk1 bbox=(415,467,449,472) geom=painted visible=1 twin=0 source=/Game/S08/UI/ArtHud/WBP_S08ArtTag mode=compact look=P1 shape=circle placement=above ring=0 order=0 bound=1 softPx2=0 planned=(396,458,480,480) frame=842
2026.10.06-02.18.30 SHOT widget id=board.tag.chip impl=umg state=compact fighter=f-0-sk1 bbox=(400,463,412,475) geom=painted visible=1 twin=0 source=/Game/S08/UI/ArtHud/WBP_S08ArtTag mode=compact look=P1 shape=circle placement=above ring=0 order=0 bound=1 softPx2=0 planned=(396,458,480,480) frame=842
2026.10.06-02.18.30 SHOT widget id=board.tag impl=umg state=compact fighter=f-0-sk2 bbox=(308,584,392,606) geom=painted visible=1 twin=0 source=/Game/S08/UI/ArtHud/WBP_S08ArtTag mode=compact look=P1 shape=circle placement=left ring=0 order=3 bound=1 softPx2=0 planned=(308,584,392,606) frame=842
2026.10.06-02.18.30 SHOT widget id=board.tag.hp impl=umg state=compact fighter=f-0-sk2 bbox=(364,586,388,604) geom=painted visible=1 twin=0 source=/Game/S08/UI/ArtHud/WBP_S08ArtTag mode=compact look=P1 shape=circle placement=left ring=0 order=3 bound=1 softPx2=0 planned=(308,584,392,606) frame=842 font=11
2026.10.06-02.18.30 SHOT widget id=board.tag.bar impl=umg state=compact fighter=f-0-sk2 bbox=(327,593,361,598) geom=painted visible=1 twin=0 source=/Game/S08/UI/ArtHud/WBP_S08ArtTag mode=compact look=P1 shape=circle placement=left ring=0 order=3 bound=1 softPx2=0 planned=(308,584,392,606) frame=842
2026.10.06-02.18.30 SHOT widget id=board.tag.chip impl=umg state=compact fighter=f-0-sk2 bbox=(312,589,324,601) geom=painted visible=1 twin=0 source=/Game/S08/UI/ArtHud/WBP_S08ArtTag mode=compact look=P1 shape=circle placement=left ring=0 order=3 bound=1 softPx2=0 planned=(308,584,392,606) frame=842
2026.10.06-02.18.30 SHOT widget id=board.tag impl=umg state=hidden fighter=f-1-hero bbox=(0,0,0,0) geom=unpainted visible=0 twin=0 source=/Game/S08/UI/ArtHud/WBP_S08ArtTag mode=hidden look=P2 shape=hex placement=above ring=0 order=0 bound=1 softPx2=0 planned=(1057,693,1159,715) frame=842
2026.10.06-02.18.30 SHOT widget id=board.tag.hp impl=umg state=hidden fighter=f-1-hero bbox=(0,0,0,0) geom=unpainted visible=0 twin=0 source=/Game/S08/UI/ArtHud/WBP_S08ArtTag mode=hidden look=P2 shape=hex placement=above ring=0 order=0 bound=1 softPx2=0 planned=(1057,693,1159,715) frame=842 font=11
2026.10.06-02.18.30 SHOT widget id=board.tag.bar impl=umg state=hidden fighter=f-1-hero bbox=(0,0,0,0) geom=unpainted visible=0 twin=0 source=/Game/S08/UI/ArtHud/WBP_S08ArtTag mode=hidden look=P2 shape=hex placement=above ring=0 order=0 bound=1 softPx2=0 planned=(1057,693,1159,715) frame=842
2026.10.06-02.18.30 SHOT widget id=board.tag.chip impl=umg state=hidden fighter=f-1-hero bbox=(0,0,0,0) geom=unpainted visible=0 twin=0 source=/Game/S08/UI/ArtHud/WBP_S08ArtTag mode=hidden look=P2 shape=hex placement=above ring=0 order=0 bound=1 softPx2=0 planned=(1057,693,1159,715) frame=842
2026.10.06-02.18.30 SHOT widget id=board.tag impl=umg state=compact fighter=f-1-sk0 bbox=(1130,510,1214,532) geom=painted visible=1 twin=0 source=/Game/S08/UI/ArtHud/WBP_S08ArtTag mode=compact look=P2 shape=hex placement=above ring=0 order=2 bound=1 softPx2=0 planned=(1130,510,1214,532) frame=842
2026.10.06-02.18.30 SHOT widget id=board.tag.hp impl=umg state=compact fighter=f-1-sk0 bbox=(1186,512,1210,530) geom=painted visible=1 twin=0 source=/Game/S08/UI/ArtHud/WBP_S08ArtTag mode=compact look=P2 shape=hex placement=above ring=0 order=2 bound=1 softPx2=0 planned=(1130,510,1214,532) frame=842 font=11
2026.10.06-02.18.30 SHOT widget id=board.tag.bar impl=umg state=compact fighter=f-1-sk0 bbox=(1149,519,1183,524) geom=painted visible=1 twin=0 source=/Game/S08/UI/ArtHud/WBP_S08ArtTag mode=compact look=P2 shape=hex placement=above ring=0 order=2 bound=1 softPx2=0 planned=(1130,510,1214,532) frame=842
2026.10.06-02.18.30 SHOT widget id=board.tag.chip impl=umg state=compact fighter=f-1-sk0 bbox=(1134,515,1146,527) geom=painted visible=1 twin=0 source=/Game/S08/UI/ArtHud/WBP_S08ArtTag mode=compact look=P2 shape=hex placement=above ring=0 order=2 bound=1 softPx2=0 planned=(1130,510,1214,532) frame=842
2026.10.06-02.18.30 SHOT panel id=hud.command bbox=(0,0,591,204) geom=painted visible=1 frame=842
2026.10.06-02.18.30 SHOT panel id=hud.side bbox=(1421,0,1920,153) geom=painted visible=1 frame=842
2026.10.06-02.18.30 SHOT panel id=hud.hand bbox=(537,967,1383,1140) geom=painted visible=1 frame=842
2026.10.06-02.18.30 SHOT late end file=s09-turn-banner.png frame=842
2026.10.06-02.18.30 SNAPSHOT applied seq=12 phase=ACTION_MANEUVER
2026.10.06-02.18.30 HANDLE_APPLIED #17 seq=12 decision=2 fightersValid=1 boardValid=1
2026.10.06-02.18.30 closed mode=
2026.10.06-02.18.30 MODE seq=12 mode=0 combat=0 pending=0
2026.10.06-02.18.30 MS-LAST off seq=11 at=12 fade=0
2026.10.06-02.18.30 HUD seq=12 phase=ACTION_MANEUVER turn=you hand=4 oppHand=6(hidden) oppDeck=23 deck=24 discard=2
2026.10.06-02.18.30 MS-STATUS seq=12 text="Choose an action: maneuver (M), attack (A) or scheme (G)"
2026.10.06-02.18.30 ARTPREVIEW fighter=Medusa hero=1 eligible=0 visual=1 mesh=SK_Medusa_H2LD
2026.10.06-02.18.30 FIGHTERS synced n=6 alive=6 own=4 enemy=2
2026.10.06-02.18.30 ARTPREVIEW damage-number fighter=f-1-hero amount=1 seq=12 cell=(5,4)
2026.10.06-02.18.30 ARTPREVIEW anim fighter=f-1-hero clip=HitReact len=0.417 event=damaged loop=0 phase=0.0000 seq=12 asset=AM_KingArthur_HitReact rate=1.00
2026.10.06-02.18.30 ARTPREVIEW hit-tint fighter=f-1-hero ms=450
2026.10.06-02.18.30 VO event=HURT speaker=ARTHUR t=30410 result=skipped line=- prio=3 reason=cooldown
2026.10.06-02.18.30 CUE damage f-1-hero -1 seq=12
2026.10.06-02.18.30 PEND resolve done seq=12 (apply) phase=ACTION_MANEUVER
2026.10.06-02.18.30 SNAPSHOT applied seq=12 phase=ACTION_MANEUVER
2026.10.06-02.18.30 HANDLE_APPLIED #18 seq=12 decision=1 fightersValid=1 boardValid=1
2026.10.06-02.18.30 MODE seq=12 mode=0 combat=0 pending=0
2026.10.06-02.18.30 HUD seq=12 phase=ACTION_MANEUVER turn=you hand=4 oppHand=6(hidden) oppDeck=23 deck=24 discard=2
2026.10.06-02.18.30 ARTPREVIEW fighter=Medusa hero=1 eligible=0 visual=1 mesh=SK_Medusa_H2LD
2026.10.06-02.18.30 FIGHTERS synced n=6 alive=6 own=4 enemy=2
2026.10.06-02.18.30 WS seq=12 phase=ACTION_MANEUVER (merge)
2026.10.06-02.18.30 CUE sound id=CUE-011 point=hit subject=f-1-hero seq=12 t=30410 event_t=30410 dt=0 class=SFX sound=SW_CMB_HIT_MAGIC_03 gain=0.80 result=played bank=CMB-HIT-MAGIC
2026.10.06-02.18.30 HUD-HEART side=opp hero=f-1-hero hp=15/18 anim=damage glow=1 played=1
2026.10.06-02.18.30 HUD-HAND lower=0 pick=none cursor=board preview=shown seq=12
2026.10.06-02.18.30 S09AUTO drive mode=0 plan=[attack+scheme] phase=ACTION_MANEUVER turn=cmuhntivg0000wib0anhqyswc
2026.10.06-02.18.30 S09AUTO ranged target attacker=f-0-hero at=S35 target=f-1-hero at=S32 via=shared-zone (not linked)
2026.10.06-02.18.30 S09AUTO attack deferred - no may-boost card in hand (turn#1 elapsed=31s)
2026.10.06-02.18.30 HUD-TRACK chosen=maneuver seq=12 spent=0
2026.10.06-02.18.30 MS-STATUS seq=12 text="Syncing…"
2026.10.06-02.18.30 TOAST text="begin maneuver sent (server draws 1 card)"
2026.10.06-02.18.30 PLATE hidden fighter=f-1-hero
2026.10.06-02.18.30 TAG fighter=f-0-hero bbox=(932,654,1034,676) mode=compact look=P1 placement=above ring=0 hardPx2=0 softPx2=0 order=5 bound=1
2026.10.06-02.18.30 TAG fighter=f-0-sk0 bbox=(509,496,593,518) mode=compact look=P1 placement=above ring=0 hardPx2=0 softPx2=0 order=2 bound=1
2026.10.06-02.18.30 TAG fighter=f-0-sk1 bbox=(396,458,480,480) mode=compact look=P1 placement=above ring=0 hardPx2=0 softPx2=0 order=1 bound=1
2026.10.06-02.18.30 TAG fighter=f-0-sk2 bbox=(308,584,392,606) mode=compact look=P1 placement=left ring=0 hardPx2=0 softPx2=0 order=4 bound=1
2026.10.06-02.18.30 TAG fighter=f-1-hero bbox=(1072,730,1174,752) mode=compact look=P2 placement=below ring=0 hardPx2=0 softPx2=0 order=0 bound=1
2026.10.06-02.18.30 TAG fighter=f-1-sk0 bbox=(1130,510,1214,532) mode=compact look=P2 placement=above ring=0 hardPx2=0 softPx2=0 order=3 bound=1
2026.10.06-02.18.30 DAMAGE fighter=f-1-hero bbox=(1176,727,1216,755) amount=1 seq=12 placement=right ring=0 hardPx2=0 softPx2=0
2026.10.06-02.18.30 HUD-TRACK own=1/2 server=0 local=1 opp=0/2 oppVisible=0 anim=spend/- seq=12 frame=844
2026.10.06-02.18.30 TAG fighter=f-0-hero bbox=(932,654,1034,676) mode=compact look=P1 placement=above ring=0 hardPx2=0 softPx2=0 order=5 bound=1
2026.10.06-02.18.30 TAG fighter=f-0-sk0 bbox=(509,496,593,518) mode=compact look=P1 placement=above ring=0 hardPx2=0 softPx2=0 order=2 bound=1
2026.10.06-02.18.30 TAG fighter=f-0-sk1 bbox=(396,458,480,480) mode=compact look=P1 placement=above ring=0 hardPx2=0 softPx2=0 order=1 bound=1
2026.10.06-02.18.30 TAG fighter=f-0-sk2 bbox=(308,584,392,606) mode=compact look=P1 placement=left ring=0 hardPx2=0 softPx2=0 order=4 bound=1
2026.10.06-02.18.30 TAG fighter=f-1-hero bbox=(1072,730,1174,752) mode=compact look=P2 placement=below ring=0 hardPx2=0 softPx2=0 order=0 bound=1
2026.10.06-02.18.30 TAG fighter=f-1-sk0 bbox=(1130,510,1214,532) mode=compact look=P2 placement=above ring=0 hardPx2=0 softPx2=0 order=3 bound=1
2026.10.06-02.18.30 TAG fighter=f-0-hero bbox=(932,654,1034,676) mode=compact look=P1 placement=above ring=0 hardPx2=0 softPx2=0 order=5 bound=1
2026.10.06-02.18.30 TAG fighter=f-0-sk0 bbox=(509,496,593,518) mode=compact look=P1 placement=above ring=0 hardPx2=0 softPx2=0 order=2 bound=1
2026.10.06-02.18.30 TAG fighter=f-0-sk1 bbox=(396,458,480,480) mode=compact look=P1 placement=above ring=0 hardPx2=0 softPx2=0 order=1 bound=1
2026.10.06-02.18.30 TAG fighter=f-0-sk2 bbox=(308,584,392,606) mode=compact look=P1 placement=left ring=0 hardPx2=0 softPx2=0 order=4 bound=1
2026.10.06-02.18.30 TAG fighter=f-1-hero bbox=(1072,730,1174,752) mode=compact look=P2 placement=below ring=0 hardPx2=0 softPx2=0 order=0 bound=1
2026.10.06-02.18.30 TAG fighter=f-1-sk0 bbox=(1130,510,1214,532) mode=compact look=P2 placement=above ring=0 hardPx2=0 softPx2=0 order=3 bound=1
2026.10.06-02.18.30 SNAPSHOT applied seq=13 phase=ACTION_MANEUVER
2026.10.06-02.18.30 HANDLE_APPLIED #19 seq=13 decision=2 fightersValid=1 boardValid=1
2026.10.06-02.18.30 MS-DRAFT op=candidates rev=6 src=snapshot n=4 ids=f-0-hero,f-0-sk0,f-0-sk1,f-0-sk2 autoselect=-
2026.10.06-02.18.30 MANEUVER-DRAFT mode=maneuver:3:12
2026.10.06-02.18.30 DRAFT-OPEN draw committed (resume instead of begin)
2026.10.06-02.18.30 SFX bank=BRD-CANDIDATES tag=candidates class=SFX t=30731 sound=SW_BRD_CANDIDATES_01 gain=0.80
2026.10.06-02.18.30 MODE seq=13 mode=1 combat=0 pending=0
2026.10.06-02.18.30 MS-TRACK own=1/2 opp=0/2 oppVisible=0 seq=13
2026.10.06-02.18.30 CUE sound id=CUE-005 point=cue subject=hand.own seq=13 t=30731 event_t=30731 dt=0 class=SFX sound=SW_CRD_DRAW_02 gain=0.80 result=played
2026.10.06-02.18.30 HUD seq=13 phase=ACTION_MANEUVER turn=you hand=5 oppHand=6(hidden) oppDeck=23 deck=23 discard=2
2026.10.06-02.18.30 MS-STATUS seq=13 text="Choose a fighter to move"
2026.10.06-02.18.30 ARTPREVIEW fighter=Medusa hero=1 eligible=0 visual=1 mesh=SK_Medusa_H2LD
2026.10.06-02.18.30 FIGHTERS synced n=6 alive=6 own=4 enemy=2
2026.10.06-02.18.30 MANEUVER begin seq=13 (apply) pending=maneuver:3:12
2026.10.06-02.18.30 SNAPSHOT applied seq=13 phase=ACTION_MANEUVER
2026.10.06-02.18.30 HANDLE_APPLIED #20 seq=13 decision=1 fightersValid=1 boardValid=1
2026.10.06-02.18.30 MODE seq=13 mode=1 combat=0 pending=0
2026.10.06-02.18.30 HUD seq=13 phase=ACTION_MANEUVER turn=you hand=5 oppHand=6(hidden) oppDeck=23 deck=23 discard=2
2026.10.06-02.18.30 ARTPREVIEW fighter=Medusa hero=1 eligible=0 visual=1 mesh=SK_Medusa_H2LD
2026.10.06-02.18.30 FIGHTERS synced n=6 alive=6 own=4 enemy=2
2026.10.06-02.18.30 WS seq=13 phase=ACTION_MANEUVER (merge)
2026.10.06-02.18.30 HUD-TRACK own=1/2 server=1 local=0 opp=0/2 oppVisible=0 anim=-/- seq=13 frame=846
2026.10.06-02.18.30 S09AUTO drive mode=1 plan=[attack+scheme] phase=ACTION_MANEUVER turn=cmuhntivg0000wib0anhqyswc
2026.10.06-02.18.30 S09AUTO zero-move confirm (draw only, no movement)
2026.10.06-02.18.30 MANEUVER-CONFIRM moves=0 boost=none
2026.10.06-02.18.30 MS-STATUS seq=13 text="Syncing…"
2026.10.06-02.18.30 TAG fighter=f-0-hero bbox=(932,654,1034,676) mode=compact look=P1 placement=above ring=0 hardPx2=0 softPx2=0 order=5 bound=1
2026.10.06-02.18.30 TAG fighter=f-0-sk0 bbox=(509,496,593,518) mode=compact look=P1 placement=above ring=0 hardPx2=0 softPx2=0 order=2 bound=1
2026.10.06-02.18.30 TAG fighter=f-0-sk1 bbox=(396,458,480,480) mode=compact look=P1 placement=above ring=0 hardPx2=0 softPx2=0 order=1 bound=1
2026.10.06-02.18.30 TAG fighter=f-0-sk2 bbox=(308,584,392,606) mode=compact look=P1 placement=left ring=0 hardPx2=0 softPx2=0 order=4 bound=1
2026.10.06-02.18.30 TAG fighter=f-1-hero bbox=(1072,730,1174,752) mode=compact look=P2 placement=below ring=0 hardPx2=0 softPx2=0 order=0 bound=1
2026.10.06-02.18.30 TAG fighter=f-1-sk0 bbox=(1130,510,1214,532) mode=compact look=P2 placement=above ring=0 hardPx2=0 softPx2=0 order=3 bound=1
2026.10.06-02.18.30 TAG fighter=f-0-hero bbox=(932,654,1034,676) mode=compact look=P1 placement=above ring=0 hardPx2=0 softPx2=0 order=5 bound=1
2026.10.06-02.18.30 TAG fighter=f-0-sk0 bbox=(509,496,593,518) mode=compact look=P1 placement=above ring=0 hardPx2=0 softPx2=0 order=2 bound=1
2026.10.06-02.18.30 TAG fighter=f-0-sk1 bbox=(396,458,480,480) mode=compact look=P1 placement=above ring=0 hardPx2=0 softPx2=0 order=1 bound=1
2026.10.06-02.18.30 TAG fighter=f-0-sk2 bbox=(308,584,392,606) mode=compact look=P1 placement=left ring=0 hardPx2=0 softPx2=0 order=4 bound=1
2026.10.06-02.18.30 TAG fighter=f-1-hero bbox=(1072,730,1174,752) mode=compact look=P2 placement=below ring=0 hardPx2=0 softPx2=0 order=0 bound=1
2026.10.06-02.18.30 TAG fighter=f-1-sk0 bbox=(1130,510,1214,532) mode=compact look=P2 placement=above ring=0 hardPx2=0 softPx2=0 order=3 bound=1
2026.10.06-02.18.30 TAG fighter=f-0-hero bbox=(932,654,1034,676) mode=compact look=P1 placement=above ring=0 hardPx2=0 softPx2=0 order=5 bound=1
2026.10.06-02.18.30 TAG fighter=f-0-sk0 bbox=(509,496,593,518) mode=compact look=P1 placement=above ring=0 hardPx2=0 softPx2=0 order=2 bound=1
2026.10.06-02.18.30 TAG fighter=f-0-sk1 bbox=(396,458,480,480) mode=compact look=P1 placement=above ring=0 hardPx2=0 softPx2=0 order=1 bound=1
2026.10.06-02.18.30 TAG fighter=f-0-sk2 bbox=(308,584,392,606) mode=compact look=P1 placement=left ring=0 hardPx2=0 softPx2=0 order=4 bound=1
2026.10.06-02.18.30 TAG fighter=f-1-hero bbox=(1072,730,1174,752) mode=compact look=P2 placement=below ring=0 hardPx2=0 softPx2=0 order=0 bound=1
2026.10.06-02.18.30 TAG fighter=f-1-sk0 bbox=(1130,510,1214,532) mode=compact look=P2 placement=above ring=0 hardPx2=0 softPx2=0 order=3 bound=1
2026.10.06-02.18.30 ARTPREVIEW anim fighter=f-1-hero clip=Idle len=2.500 event=clipFinished loop=1 phase=0.3470 seq=-1 asset=AM_KingArthur_Idle rate=1.00
2026.10.06-02.18.30 SNAPSHOT applied seq=14 phase=ACTION_MANEUVER
2026.10.06-02.18.30 HANDLE_APPLIED #21 seq=14 decision=2 fightersValid=1 boardValid=1
2026.10.06-02.18.30 closed mode=
2026.10.06-02.18.30 MODE seq=14 mode=0 combat=0 pending=0
2026.10.06-02.18.30 MS-LAST enter seq=14 player=cmuhntivg0000wib0anhqyswc source=MANEUVER moves=0 boost=-1
2026.10.06-02.18.30 HUD seq=14 phase=ACTION_MANEUVER turn=you hand=5 oppHand=6(hidden) oppDeck=23 deck=23 discard=2
2026.10.06-02.18.30 MS-STATUS seq=14 text="Choose an action: maneuver (M), attack (A) or scheme (G)"
2026.10.06-02.18.30 ARTPREVIEW fighter=Medusa hero=1 eligible=0 visual=1 mesh=SK_Medusa_H2LD
2026.10.06-02.18.30 FIGHTERS synced n=6 alive=6 own=4 enemy=2
2026.10.06-02.18.30 MANEUVER done seq=14 (apply) fighters=6 boost=no
2026.10.06-02.18.30 SNAPSHOT applied seq=14 phase=ACTION_MANEUVER
2026.10.06-02.18.30 HANDLE_APPLIED #22 seq=14 decision=1 fightersValid=1 boardValid=1
2026.10.06-02.18.30 MODE seq=14 mode=0 combat=0 pending=0
2026.10.06-02.18.30 HUD seq=14 phase=ACTION_MANEUVER turn=you hand=5 oppHand=6(hidden) oppDeck=23 deck=23 discard=2
2026.10.06-02.18.30 ARTPREVIEW fighter=Medusa hero=1 eligible=0 visual=1 mesh=SK_Medusa_H2LD
2026.10.06-02.18.30 FIGHTERS synced n=6 alive=6 own=4 enemy=2
2026.10.06-02.18.30 WS seq=14 phase=ACTION_MANEUVER (merge)
2026.10.06-02.18.30 MS-LAST show seq=14 mode=restore player=cmuhntivg0000wib0anhqyswc from=- to=-
2026.10.06-02.18.30 MS-LOG seq=14 moves=0 truncated=0 text="Medusa: maneuver: no movement"
2026.10.06-02.18.30 TAG fighter=f-0-hero bbox=(932,654,1034,676) mode=compact look=P1 placement=above ring=0 hardPx2=0 softPx2=0 order=5 bound=1
2026.10.06-02.18.30 TAG fighter=f-0-sk0 bbox=(509,496,593,518) mode=compact look=P1 placement=above ring=0 hardPx2=0 softPx2=0 order=2 bound=1
2026.10.06-02.18.30 TAG fighter=f-0-sk1 bbox=(396,458,480,480) mode=compact look=P1 placement=above ring=0 hardPx2=0 softPx2=0 order=1 bound=1
2026.10.06-02.18.30 TAG fighter=f-0-sk2 bbox=(308,584,392,606) mode=compact look=P1 placement=left ring=0 hardPx2=0 softPx2=0 order=4 bound=1
2026.10.06-02.18.30 TAG fighter=f-1-hero bbox=(1072,730,1174,752) mode=compact look=P2 placement=below ring=0 hardPx2=0 softPx2=0 order=0 bound=1
2026.10.06-02.18.30 TAG fighter=f-1-sk0 bbox=(1130,510,1214,532) mode=compact look=P2 placement=above ring=0 hardPx2=0 softPx2=0 order=3 bound=1
2026.10.06-02.18.31 TAG fighter=f-0-hero bbox=(932,654,1034,676) mode=compact look=P1 placement=above ring=0 hardPx2=0 softPx2=0 order=5 bound=1
2026.10.06-02.18.31 TAG fighter=f-0-sk0 bbox=(509,496,593,518) mode=compact look=P1 placement=above ring=0 hardPx2=0 softPx2=0 order=1 bound=1
2026.10.06-02.18.31 TAG fighter=f-0-sk1 bbox=(396,458,480,480) mode=compact look=P1 placement=above ring=0 hardPx2=0 softPx2=0 order=0 bound=1
2026.10.06-02.18.31 TAG fighter=f-0-sk2 bbox=(308,584,392,606) mode=compact look=P1 placement=left ring=0 hardPx2=0 softPx2=0 order=3 bound=1
2026.10.06-02.18.31 TAG fighter=f-1-hero bbox=(1072,730,1174,752) mode=compact look=P2 placement=below ring=0 hardPx2=0 softPx2=0 order=4 bound=1
2026.10.06-02.18.31 TAG fighter=f-1-sk0 bbox=(1130,510,1214,532) mode=compact look=P2 placement=above ring=0 hardPx2=0 softPx2=0 order=2 bound=1
2026.10.06-02.18.31 S09AUTO drive mode=0 plan=[attack+scheme] phase=ACTION_MANEUVER turn=cmuhntivg0000wib0anhqyswc
2026.10.06-02.18.31 S09AUTO ranged target attacker=f-0-hero at=S35 target=f-1-hero at=S32 via=shared-zone (not linked)
2026.10.06-02.18.31 S09AUTO attack (attacker=f-0-hero target-set card-set)
2026.10.06-02.18.31 ATTACK sent ability=none
2026.10.06-02.18.31 HUD-TRACK chosen=attack seq=14 spent=1
2026.10.06-02.18.31 ARTPREVIEW hero-light fighter=f-0-hero state=active layers=2 lightsOn=2 keyCd=21.390 rimCd=1.817 mul=1.189 pulse=0.40Hz+-4%
2026.10.06-02.18.31 ARTPREVIEW combat marker fighter=Medusa attacker=1 target=0 icon=0 targetMesh=SM_Marker_TargetRing iconMode=screen targetArcScaleXY=0.920
2026.10.06-02.18.31 ARTPREVIEW combat marker fighter=King Arthur attacker=0 target=1 icon=1 targetMesh=SM_Marker_TargetRing iconMode=screen targetArcScaleXY=0.920
2026.10.06-02.18.31 MS-STATUS seq=14 text="Syncing…"
2026.10.06-02.18.31 TOAST text="attack sent"
2026.10.06-02.18.31 TAG fighter=f-0-hero bbox=(932,654,1034,676) mode=compact look=P1 placement=above ring=0 hardPx2=0 softPx2=0 order=5 bound=1
2026.10.06-02.18.31 TAG fighter=f-0-sk0 bbox=(509,496,593,518) mode=compact look=P1 placement=above ring=0 hardPx2=0 softPx2=0 order=2 bound=1
2026.10.06-02.18.31 TAG fighter=f-0-sk1 bbox=(396,458,480,480) mode=compact look=P1 placement=above ring=0 hardPx2=0 softPx2=0 order=1 bound=1
2026.10.06-02.18.31 TAG fighter=f-0-sk2 bbox=(308,584,392,606) mode=compact look=P1 placement=left ring=0 hardPx2=0 softPx2=0 order=4 bound=1
2026.10.06-02.18.31 TAG fighter=f-1-hero bbox=(1072,730,1174,752) mode=compact look=P2 placement=below ring=0 hardPx2=0 softPx2=0 order=0 bound=1
2026.10.06-02.18.31 TAG fighter=f-1-sk0 bbox=(1130,510,1214,532) mode=compact look=P2 placement=above ring=0 hardPx2=0 softPx2=0 order=3 bound=1
2026.10.06-02.18.31 ICON fighter=f-1-hero bbox=(1168,641,1200,673) size=32 src=combat anchor=right fallback=0 overlapPx2=0 texture=/Game/S08/UI/IconsV3/T_IV3_action_attack_token_32.T_IV3_action_attack_token_32
2026.10.06-02.18.31 HUD-TRACK own=2/2 server=1 local=1 opp=0/2 oppVisible=0 anim=spend/- seq=14 frame=884
2026.10.06-02.18.31 TAG fighter=f-0-hero bbox=(932,654,1034,676) mode=compact look=P1 placement=above ring=0 hardPx2=0 softPx2=0 order=5 bound=1
2026.10.06-02.18.31 TAG fighter=f-0-sk0 bbox=(509,496,593,518) mode=compact look=P1 placement=above ring=0 hardPx2=0 softPx2=0 order=2 bound=1
2026.10.06-02.18.31 TAG fighter=f-0-sk1 bbox=(396,458,480,480) mode=compact look=P1 placement=above ring=0 hardPx2=0 softPx2=0 order=1 bound=1
2026.10.06-02.18.31 TAG fighter=f-0-sk2 bbox=(308,584,392,606) mode=compact look=P1 placement=left ring=0 hardPx2=0 softPx2=0 order=4 bound=1
2026.10.06-02.18.31 TAG fighter=f-1-hero bbox=(1072,730,1174,752) mode=compact look=P2 placement=below ring=0 hardPx2=0 softPx2=0 order=0 bound=1
2026.10.06-02.18.31 TAG fighter=f-1-sk0 bbox=(1130,510,1214,532) mode=compact look=P2 placement=above ring=0 hardPx2=0 softPx2=0 order=3 bound=1
2026.10.06-02.18.31 ICON fighter=f-1-hero bbox=(1168,641,1200,673) size=32 src=combat anchor=right fallback=0 overlapPx2=0 texture=/Game/S08/UI/IconsV3/T_IV3_action_attack_token_32.T_IV3_action_attack_token_32
2026.10.06-02.18.32 SNAPSHOT applied seq=15 phase=COMBAT
2026.10.06-02.18.32 HANDLE_APPLIED #23 seq=15 decision=2 fightersValid=1 boardValid=1
2026.10.06-02.18.32 CUE sound id=CUE-008 point=cue subject=f-0-hero seq=15 t=32097 event_t=32097 dt=0 class=SFX sound=SW_CMB_ATTACK_DECLARE_02 gain=0.80 result=played
2026.10.06-02.18.32 VO event=ATTACK speaker=MEDUSA t=32097 result=skipped line=- prio=3 reason=gap
2026.10.06-02.18.32 CUE fx id=CUE-008 subject=f-0-hero seq=15 t=32097 vfx=missing sfx=missing clip=none mat=none socket=Weapon reduced=0 result=fallback
2026.10.06-02.18.32 closed mode=
2026.10.06-02.18.32 MODE seq=15 mode=0 combat=1 pending=0
2026.10.06-02.18.32 MS-OPP verb=defend seq=15
2026.10.06-02.18.32 MS-TRACK own=2/2 opp=0/2 oppVisible=0 seq=15
2026.10.06-02.18.32 HUD seq=15 phase=COMBAT turn=you hand=4 oppHand=6(hidden) oppDeck=23 deck=23 discard=3
2026.10.06-02.18.32 MS-STATUS seq=15 text="Waiting for the defender"
2026.10.06-02.18.32 ARTPREVIEW fighter=Medusa hero=1 eligible=0 visual=1 mesh=SK_Medusa_H2LD
2026.10.06-02.18.32 FIGHTERS synced n=6 alive=6 own=4 enemy=2
2026.10.06-02.18.32 ATTACK done seq=15 (apply) phase=COMBAT
2026.10.06-02.18.32 SNAPSHOT applied seq=15 phase=COMBAT
2026.10.06-02.18.32 HANDLE_APPLIED #24 seq=15 decision=1 fightersValid=1 boardValid=1
2026.10.06-02.18.32 MODE seq=15 mode=0 combat=1 pending=0
2026.10.06-02.18.32 HUD seq=15 phase=COMBAT turn=you hand=4 oppHand=6(hidden) oppDeck=23 deck=23 discard=3
2026.10.06-02.18.32 ARTPREVIEW fighter=Medusa hero=1 eligible=0 visual=1 mesh=SK_Medusa_H2LD
2026.10.06-02.18.32 FIGHTERS synced n=6 alive=6 own=4 enemy=2
2026.10.06-02.18.32 WS seq=15 phase=COMBAT (merge)
2026.10.06-02.18.32 HUD-TRACK own=2/2 server=2 local=0 opp=0/2 oppVisible=0 anim=-/- seq=15 frame=887
2026.10.06-02.18.32 TAG fighter=f-0-hero bbox=(932,654,1034,676) mode=compact look=P1 placement=above ring=0 hardPx2=0 softPx2=0 order=5 bound=1
2026.10.06-02.18.32 TAG fighter=f-0-sk0 bbox=(509,496,593,518) mode=compact look=P1 placement=above ring=0 hardPx2=0 softPx2=0 order=2 bound=1
2026.10.06-02.18.32 TAG fighter=f-0-sk1 bbox=(396,458,480,480) mode=compact look=P1 placement=above ring=0 hardPx2=0 softPx2=0 order=1 bound=1
2026.10.06-02.18.32 TAG fighter=f-0-sk2 bbox=(308,584,392,606) mode=compact look=P1 placement=left ring=0 hardPx2=0 softPx2=0 order=4 bound=1
2026.10.06-02.18.32 TAG fighter=f-1-hero bbox=(1072,730,1174,752) mode=compact look=P2 placement=below ring=0 hardPx2=0 softPx2=0 order=0 bound=1
2026.10.06-02.18.32 TAG fighter=f-1-sk0 bbox=(1130,510,1214,532) mode=compact look=P2 placement=above ring=0 hardPx2=0 softPx2=0 order=3 bound=1
2026.10.06-02.18.32 ICON fighter=f-1-hero bbox=(1168,641,1200,673) size=32 src=combat anchor=right fallback=0 overlapPx2=0 texture=/Game/S08/UI/IconsV3/T_IV3_action_attack_token_32.T_IV3_action_attack_token_32
2026.10.06-02.18.32 SNAPSHOT applied seq=16 phase=COMBAT_RESOLVE
2026.10.06-02.18.32 HANDLE_APPLIED #25 seq=16 decision=2 fightersValid=1 boardValid=1
2026.10.06-02.18.32 CUE sound id=CUE-009 point=cue subject=f-1-hero seq=16 t=32197 event_t=32197 dt=0 class=SFX sound=SW_CMB_DEFENSE_PLAYED_02 gain=0.80 result=played
2026.10.06-02.18.32 VO event=DEFEND speaker=ARTHUR t=32197 result=skipped line=- prio=4 reason=gap
2026.10.06-02.18.32 CUE fx done id=CUE-008 subject=f-0-hero seq=15 t=32197 ms=100 cut=interrupt
2026.10.06-02.18.32 CUE fx id=CUE-009 subject=f-1-hero seq=16 t=32197 vfx=missing sfx=missing clip=none mat=FxFlash socket=Head reduced=0 result=fallback
2026.10.06-02.18.32 closed mode=
2026.10.06-02.18.32 MODE seq=16 mode=5 combat=1 pending=0
2026.10.06-02.18.32 HUD seq=16 phase=COMBAT_RESOLVE turn=you hand=4 oppHand=5(hidden) oppDeck=23~ deck=23~ discard=3
2026.10.06-02.18.32 MS-STATUS seq=16 text="Resolve the combat (R)"
2026.10.06-02.18.32 ARTPREVIEW fighter=Medusa hero=1 eligible=0 visual=1 mesh=SK_Medusa_H2LD
2026.10.06-02.18.32 FIGHTERS synced n=6 alive=6 own=4 enemy=2
2026.10.06-02.18.32 WS seq=16 phase=COMBAT_RESOLVE (apply)
2026.10.06-02.18.32 S09AUTO drive mode=5 plan=[attack+scheme] phase=COMBAT_RESOLVE turn=cmuhntivg0000wib0anhqyswc
2026.10.06-02.18.32 TAG fighter=f-0-hero bbox=(932,654,1034,676) mode=compact look=P1 placement=above ring=0 hardPx2=0 softPx2=0 order=5 bound=1
2026.10.06-02.18.32 TAG fighter=f-0-sk0 bbox=(509,496,593,518) mode=compact look=P1 placement=above ring=0 hardPx2=0 softPx2=0 order=2 bound=1
2026.10.06-02.18.32 TAG fighter=f-0-sk1 bbox=(396,458,480,480) mode=compact look=P1 placement=above ring=0 hardPx2=0 softPx2=0 order=1 bound=1
2026.10.06-02.18.32 TAG fighter=f-0-sk2 bbox=(308,584,392,606) mode=compact look=P1 placement=left ring=0 hardPx2=0 softPx2=0 order=4 bound=1
2026.10.06-02.18.32 TAG fighter=f-1-hero bbox=(1072,730,1174,752) mode=compact look=P2 placement=below ring=0 hardPx2=0 softPx2=0 order=0 bound=1
2026.10.06-02.18.32 TAG fighter=f-1-sk0 bbox=(1130,510,1214,532) mode=compact look=P2 placement=above ring=0 hardPx2=0 softPx2=0 order=3 bound=1
2026.10.06-02.18.32 ICON fighter=f-1-hero bbox=(1168,641,1200,673) size=32 src=combat anchor=right fallback=0 overlapPx2=0 texture=/Game/S08/UI/IconsV3/T_IV3_action_attack_token_32.T_IV3_action_attack_token_32
2026.10.06-02.18.32 SNAPSHOT applied seq=17 phase=COMBAT_RESOLVE
2026.10.06-02.18.32 HANDLE_APPLIED #26 seq=17 decision=2 fightersValid=1 boardValid=1
2026.10.06-02.18.32 closed mode=
2026.10.06-02.18.32 MODE seq=17 mode=6 combat=1 pending=1
2026.10.06-02.18.32 MS-PENDING present=toast id=cmq7d7b4100rawi746oxx1hsf-during-0-boost-16 opens=1 collapsed=0 type=BOOST_CHOICE
2026.10.06-02.18.32 MS-OPP verb=none seq=17
2026.10.06-02.18.32 HUD seq=17 phase=COMBAT_RESOLVE turn=you hand=4 oppHand=5(hidden) oppDeck=23~ deck=23~ discard=3
2026.10.06-02.18.32 MS-STATUS seq=17 text="Make your choice: You may BOOST this attack."
2026.10.06-02.18.32 ARTPREVIEW fighter=Medusa hero=1 eligible=0 visual=1 mesh=SK_Medusa_H2LD
2026.10.06-02.18.32 FIGHTERS synced n=6 alive=6 own=4 enemy=2
2026.10.06-02.18.32 WS seq=17 phase=COMBAT_RESOLVE (apply)
2026.10.06-02.18.32 S09AUTO drive mode=6 plan=[attack+scheme] phase=COMBAT_RESOLVE turn=cmuhntivg0000wib0anhqyswc
2026.10.06-02.18.32 S09AUTO boost choice - holding 4s for the other seat's reveal capture
2026.10.06-02.18.32 TAG fighter=f-0-hero bbox=(932,654,1034,676) mode=compact look=P1 placement=above ring=0 hardPx2=0 softPx2=0 order=5 bound=1
2026.10.06-02.18.32 TAG fighter=f-0-sk0 bbox=(509,496,593,518) mode=compact look=P1 placement=above ring=0 hardPx2=0 softPx2=0 order=2 bound=1
2026.10.06-02.18.32 TAG fighter=f-0-sk1 bbox=(396,458,480,480) mode=compact look=P1 placement=above ring=0 hardPx2=0 softPx2=0 order=1 bound=1
2026.10.06-02.18.32 TAG fighter=f-0-sk2 bbox=(308,584,392,606) mode=compact look=P1 placement=left ring=0 hardPx2=0 softPx2=0 order=4 bound=1
2026.10.06-02.18.32 TAG fighter=f-1-hero bbox=(1072,730,1174,752) mode=compact look=P2 placement=below ring=0 hardPx2=0 softPx2=0 order=0 bound=1
2026.10.06-02.18.32 TAG fighter=f-1-sk0 bbox=(1130,510,1214,532) mode=compact look=P2 placement=above ring=0 hardPx2=0 softPx2=0 order=3 bound=1
2026.10.06-02.18.32 ICON fighter=f-1-hero bbox=(1168,641,1200,673) size=32 src=combat anchor=right fallback=0 overlapPx2=0 texture=/Game/S08/UI/IconsV3/T_IV3_action_attack_token_32.T_IV3_action_attack_token_32
2026.10.06-02.18.32 CUE fx done id=CUE-009 subject=f-1-hero seq=16 t=32697 ms=500 cut=0
2026.10.06-02.18.33 game -> room=cmuw1u4nq0561t84m7cuv93yr code=<redacted> status=IN_PROGRESS
2026.10.06-02.18.36 game -> room=cmuw1u4nq0561t84m7cuv93yr code=<redacted> status=IN_PROGRESS
2026.10.06-02.18.36 PEND-RESOLVE sent type=BOOST_CHOICE stage=0 id=cmq7d7b4100rawi746oxx1hsf-during-0-boost-16
2026.10.06-02.18.36 MS-STATUS seq=17 text="Syncing…"
2026.10.06-02.18.36 S09AUTO pending picked (type=BOOST_CHOICE stage=0)
2026.10.06-02.18.36 TOAST text="choice sent"
2026.10.06-02.18.36 TAG fighter=f-0-hero bbox=(932,654,1034,676) mode=compact look=P1 placement=above ring=0 hardPx2=0 softPx2=0 order=5 bound=1
2026.10.06-02.18.36 TAG fighter=f-0-sk0 bbox=(509,496,593,518) mode=compact look=P1 placement=above ring=0 hardPx2=0 softPx2=0 order=2 bound=1
2026.10.06-02.18.36 TAG fighter=f-0-sk1 bbox=(396,458,480,480) mode=compact look=P1 placement=above ring=0 hardPx2=0 softPx2=0 order=1 bound=1
2026.10.06-02.18.36 TAG fighter=f-0-sk2 bbox=(308,584,392,606) mode=compact look=P1 placement=left ring=0 hardPx2=0 softPx2=0 order=4 bound=1
2026.10.06-02.18.36 TAG fighter=f-1-hero bbox=(1072,730,1174,752) mode=compact look=P2 placement=below ring=0 hardPx2=0 softPx2=0 order=0 bound=1
2026.10.06-02.18.36 TAG fighter=f-1-sk0 bbox=(1130,510,1214,532) mode=compact look=P2 placement=above ring=0 hardPx2=0 softPx2=0 order=3 bound=1
2026.10.06-02.18.36 ICON fighter=f-1-hero bbox=(1168,641,1200,673) size=32 src=combat anchor=right fallback=0 overlapPx2=0 texture=/Game/S08/UI/IconsV3/T_IV3_action_attack_token_32.T_IV3_action_attack_token_32
2026.10.06-02.18.36 SNAPSHOT applied seq=18 phase=COMBAT_RESOLVE
2026.10.06-02.18.36 HANDLE_APPLIED #27 seq=18 decision=2 fightersValid=1 boardValid=1
2026.10.06-02.18.36 closed mode=
2026.10.06-02.18.36 MODE seq=18 mode=5 combat=1 pending=1
2026.10.06-02.18.36 MS-OPP verb=ability seq=18
2026.10.06-02.18.36 HUD seq=18 phase=COMBAT_RESOLVE turn=you hand=3 oppHand=5(hidden) oppDeck=23 deck=23 discard=4
2026.10.06-02.18.36 MS-STATUS seq=18 text="Waiting for the opponent's choice"
2026.10.06-02.18.36 RESOLVE panel revealed: A3+B1 vs D4
2026.10.06-02.18.36 RESOLVE panel blocked by pending (type=MOVE id=cmq7d7b1l00odwi74c2cay62t-after-0-p0)
2026.10.06-02.18.36 ARTPREVIEW fighter=Medusa hero=1 eligible=0 visual=1 mesh=SK_Medusa_H2LD
2026.10.06-02.18.36 FIGHTERS synced n=6 alive=6 own=4 enemy=2
2026.10.06-02.18.36 PEND resolve done seq=18 (apply) phase=COMBAT_RESOLVE
2026.10.06-02.18.36 SNAPSHOT applied seq=18 phase=COMBAT_RESOLVE
2026.10.06-02.18.36 HANDLE_APPLIED #28 seq=18 decision=1 fightersValid=1 boardValid=1
2026.10.06-02.18.36 MODE seq=18 mode=5 combat=1 pending=1
2026.10.06-02.18.36 HUD seq=18 phase=COMBAT_RESOLVE turn=you hand=3 oppHand=5(hidden) oppDeck=23 deck=23 discard=4
2026.10.06-02.18.36 ARTPREVIEW fighter=Medusa hero=1 eligible=0 visual=1 mesh=SK_Medusa_H2LD
2026.10.06-02.18.36 FIGHTERS synced n=6 alive=6 own=4 enemy=2
2026.10.06-02.18.36 WS seq=18 phase=COMBAT_RESOLVE (merge)
2026.10.06-02.18.36 S09AUTO drive mode=5 plan=[attack+scheme] phase=COMBAT_RESOLVE turn=cmuhntivg0000wib0anhqyswc
2026.10.06-02.18.36 S09AUTO resolve-revealed shot
2026.10.06-02.18.36 SHOT ctx viewport=1920x1080 viewTarget=CameraActor_2147482025 cam=(0,1342,1917) rot=(-55,-90,0)
2026.10.06-02.18.36 RENDER tag=SHOT rhi=D3D12 featureLevel=SM6 shaderPlatform=PCD3D_SM6 lumenPlatform=1 gi=lumen giMethod=1 refl=lumen reflMethod=1 shadows=csm vsmEnable=0 sg.res=100 sg.view=2 sg.aa=2 sg.shadow=2 sg.gi=2 sg.refl=2 sg.pp=2 sg.tex=2 sg.fx=2 sg.foliage=2 sg.shading=2 sg.landscape=2 preset=High screenPct=100.0 screenPctMode=0 aa=TSR aaMethod=4 exposure=fixed-histogram expMin=4.14106 expMax=4.14106 expBias=0.000 ev100=2.05 lightUnits=candelas sky=1 skyIntensity=3.000 keyShadow=csm-3600uu-2c-contact0.000 shadowCasters=1 profile=sarpedon-night profilesSha256=0a3417258f46ad3d99620bcbabd1b37615192b7a59f090c77515189845b33bb7 profilesSource=pak legacyRender=0 gameLayer=unlit-eyeadaptinv tMaxFPS=30.0 vsync=0 frameRateLimit=60.0 substrate=0 nanite=1 meshDF=1 viewport=1920x1080 reference=1
2026.10.06-02.18.36 SHOT fighter f-0-hero pos=(4,4) world=(16,189,0) screen=(982,752) projected=1 alive=1
2026.10.06-02.18.36 SHOT fighter f-0-sk0 pos=(1,3) world=(-309,33,0) screen=(555,576) projected=1 alive=1
2026.10.06-02.18.36 SHOT fighter f-0-sk1 pos=(0,2) world=(-398,-3,0) screen=(442,537) projected=1 alive=1
2026.10.06-02.18.36 SHOT fighter f-0-sk2 pos=(0,3) world=(-394,92,0) screen=(435,640) projected=1 alive=1
2026.10.06-02.18.36 SHOT fighter f-1-hero pos=(5,4) world=(119,141,0) screen=(1120,695) projected=1 alive=1
2026.10.06-02.18.36 SHOT fighter f-1-sk0 pos=(6,3) world=(159,52,0) screen=(1169,596) projected=1 alive=1
2026.10.06-02.18.36 SHOT camera dist=2340.2 target=2340.2 overview=2340.2 errPct=0.000 focusErr=0.00 settled=1 zoom=1.00
2026.10.06-02.18.36 SHOT head fighter=f-0-hero socket=Head mesh=SK_Medusa_H2LD world=(17.0,188.3,47.0) screen=(983.7,716.6) top=(983.7,712.2) bottom=(983.6,721.0) headPx=8.8 projected=1
2026.10.06-02.18.36 SHOT head fighter=f-0-sk0 socket=Head mesh=SK_Harpy_H3LD world=(-308.3,28.0,34.0) screen=(551.3,544.6) top=(550.4,540.0) bottom=(552.1,549.1) headPx=9.3 projected=1
2026.10.06-02.18.36 SHOT head fighter=f-0-sk1 socket=Head mesh=SK_Harpy_H3LD world=(-398.7,2.5,34.0) screen=(434.7,517.1) top=(433.6,512.5) bottom=(435.8,521.7) headPx=9.4 projected=1
2026.10.06-02.18.36 SHOT head fighter=f-0-sk2 socket=Head mesh=SK_Harpy_H3LD world=(-394.4,86.6,34.0) screen=(429.3,609.2) top=(428.1,604.7) bottom=(430.4,613.7) headPx=9.3 projected=1
2026.10.06-02.18.36 SHOT head fighter=f-1-hero socket=Head mesh=SK_KingArthur_H2LD world=(118.6,139.8,50.1) screen=(1122.7,657.7) top=(1123.1,653.2) bottom=(1122.4,662.1) headPx=9.0 projected=1
2026.10.06-02.18.36 SHOT head fighter=f-1-sk0 socket=Head mesh=SK_Merlin_H2LD world=(159.2,49.0,36.6) screen=(1172.4,565.5) top=(1172.8,561.0) bottom=(1171.9,570.0) headPx=9.1 projected=1
2026.10.06-02.18.36 SHOT figure fighter=f-0-hero bbox=(943,678,1023,785) ringR=28.50 art=1 blockout=0 team=P1 look=P1 ring=1
2026.10.06-02.18.36 SHOT figure fighter=f-0-sk0 bbox=(516,520,586,600) ringR=22.23 art=1 blockout=0 team=P1 look=P1 ring=1
2026.10.06-02.18.36 SHOT figure fighter=f-0-sk1 bbox=(402,482,474,561) ringR=22.23 art=1 blockout=0 team=P1 look=P1 ring=1
2026.10.06-02.18.36 SHOT figure fighter=f-0-sk2 bbox=(394,584,467,665) ringR=22.23 art=1 blockout=0 team=P1 look=P1 ring=1
2026.10.06-02.18.36 SHOT figure fighter=f-1-hero bbox=(1081,619,1165,728) ringR=28.50 art=1 blockout=0 team=P2 look=P2 ring=1
2026.10.06-02.18.36 SHOT figure fighter=f-1-sk0 bbox=(1139,534,1204,620) ringR=22.23 art=1 blockout=0 team=P2 look=P2 ring=1
2026.10.06-02.18.36 SHOT request file=s09-combat-resolve-revealed.png frame=1019
2026.10.06-02.18.36 SHOT requested: FScreenshotRequest(bShowUI) -> C:\Users\ren\AppData\Local\Temp\s09-combat-20261006-071758-37616\host/s09-combat-resolve-revealed.png
2026.10.06-02.18.36 SHOT captured file=s09-combat-resolve-revealed.png frame=1019 px=1920x1080 sha256=2a7fa185e8eeb699f9124021732652dcd45448d513ff897e16c7e6f49dc6e049 order=BGRA saved=1
2026.10.06-02.18.36 SHOT late begin file=s09-combat-resolve-revealed.png frame=1019 requestFrame=1019
2026.10.06-02.18.36 SHOT icon fighter=f-1-hero bbox=(1168,641,1200,673) size=32 src=combat planned=(1168,641,1200,673) geom=painted visible=1 anchor=right fallback=0 overlapPx2=0 texture=/Game/S08/UI/IconsV3/T_IV3_action_attack_token_32.T_IV3_action_attack_token_32 frame=1019
2026.10.06-02.18.36 SHOT widget id=icon impl=umg-motion state=combat fighter=f-1-hero bbox=(1168,641,1200,673) geom=painted visible=1 twin=0 source=S08AnimatedIconWidget:action-attack-token frame=1019
2026.10.06-02.18.36 SHOT widget id=board.tag impl=umg state=compact fighter=f-0-hero bbox=(932,654,1034,676) geom=painted visible=1 twin=0 source=/Game/S08/UI/ArtHud/WBP_S08ArtTag mode=compact look=P1 shape=circle placement=above ring=0 order=5 bound=1 softPx2=0 planned=(932,654,1034,676) frame=1019
2026.10.06-02.18.36 SHOT widget id=board.tag.hp impl=umg state=compact fighter=f-0-hero bbox=(988,656,1030,674) geom=painted visible=1 twin=0 source=/Game/S08/UI/ArtHud/WBP_S08ArtTag mode=compact look=P1 shape=circle placement=above ring=0 order=5 bound=1 softPx2=0 planned=(932,654,1034,676) frame=1019 font=11
2026.10.06-02.18.36 SHOT widget id=board.tag.bar impl=umg state=compact fighter=f-0-hero bbox=(951,663,985,668) geom=painted visible=1 twin=0 source=/Game/S08/UI/ArtHud/WBP_S08ArtTag mode=compact look=P1 shape=circle placement=above ring=0 order=5 bound=1 softPx2=0 planned=(932,654,1034,676) frame=1019
2026.10.06-02.18.36 SHOT widget id=board.tag.chip impl=umg state=compact fighter=f-0-hero bbox=(936,659,948,671) geom=painted visible=1 twin=0 source=/Game/S08/UI/ArtHud/WBP_S08ArtTag mode=compact look=P1 shape=circle placement=above ring=0 order=5 bound=1 softPx2=0 planned=(932,654,1034,676) frame=1019
2026.10.06-02.18.36 SHOT widget id=board.tag impl=umg state=compact fighter=f-0-sk0 bbox=(509,496,593,518) geom=painted visible=1 twin=0 source=/Game/S08/UI/ArtHud/WBP_S08ArtTag mode=compact look=P1 shape=circle placement=above ring=0 order=2 bound=1 softPx2=0 planned=(509,496,593,518) frame=1019
2026.10.06-02.18.36 SHOT widget id=board.tag.hp impl=umg state=compact fighter=f-0-sk0 bbox=(565,498,589,516) geom=painted visible=1 twin=0 source=/Game/S08/UI/ArtHud/WBP_S08ArtTag mode=compact look=P1 shape=circle placement=above ring=0 order=2 bound=1 softPx2=0 planned=(509,496,593,518) frame=1019 font=11
2026.10.06-02.18.36 SHOT widget id=board.tag.bar impl=umg state=compact fighter=f-0-sk0 bbox=(528,505,562,510) geom=painted visible=1 twin=0 source=/Game/S08/UI/ArtHud/WBP_S08ArtTag mode=compact look=P1 shape=circle placement=above ring=0 order=2 bound=1 softPx2=0 planned=(509,496,593,518) frame=1019
2026.10.06-02.18.36 SHOT widget id=board.tag.chip impl=umg state=compact fighter=f-0-sk0 bbox=(513,501,525,513) geom=painted visible=1 twin=0 source=/Game/S08/UI/ArtHud/WBP_S08ArtTag mode=compact look=P1 shape=circle placement=above ring=0 order=2 bound=1 softPx2=0 planned=(509,496,593,518) frame=1019
2026.10.06-02.18.36 SHOT widget id=board.tag impl=umg state=compact fighter=f-0-sk1 bbox=(396,458,480,480) geom=painted visible=1 twin=0 source=/Game/S08/UI/ArtHud/WBP_S08ArtTag mode=compact look=P1 shape=circle placement=above ring=0 order=1 bound=1 softPx2=0 planned=(396,458,480,480) frame=1019
2026.10.06-02.18.36 SHOT widget id=board.tag.hp impl=umg state=compact fighter=f-0-sk1 bbox=(452,460,476,478) geom=painted visible=1 twin=0 source=/Game/S08/UI/ArtHud/WBP_S08ArtTag mode=compact look=P1 shape=circle placement=above ring=0 order=1 bound=1 softPx2=0 planned=(396,458,480,480) frame=1019 font=11
2026.10.06-02.18.36 SHOT widget id=board.tag.bar impl=umg state=compact fighter=f-0-sk1 bbox=(415,467,449,472) geom=painted visible=1 twin=0 source=/Game/S08/UI/ArtHud/WBP_S08ArtTag mode=compact look=P1 shape=circle placement=above ring=0 order=1 bound=1 softPx2=0 planned=(396,458,480,480) frame=1019
2026.10.06-02.18.36 SHOT widget id=board.tag.chip impl=umg state=compact fighter=f-0-sk1 bbox=(400,463,412,475) geom=painted visible=1 twin=0 source=/Game/S08/UI/ArtHud/WBP_S08ArtTag mode=compact look=P1 shape=circle placement=above ring=0 order=1 bound=1 softPx2=0 planned=(396,458,480,480) frame=1019
2026.10.06-02.18.36 SHOT widget id=board.tag impl=umg state=compact fighter=f-0-sk2 bbox=(308,584,392,606) geom=painted visible=1 twin=0 source=/Game/S08/UI/ArtHud/WBP_S08ArtTag mode=compact look=P1 shape=circle placement=left ring=0 order=4 bound=1 softPx2=0 planned=(308,584,392,606) frame=1019
2026.10.06-02.18.36 SHOT widget id=board.tag.hp impl=umg state=compact fighter=f-0-sk2 bbox=(364,586,388,604) geom=painted visible=1 twin=0 source=/Game/S08/UI/ArtHud/WBP_S08ArtTag mode=compact look=P1 shape=circle placement=left ring=0 order=4 bound=1 softPx2=0 planned=(308,584,392,606) frame=1019 font=11
2026.10.06-02.18.36 SHOT widget id=board.tag.bar impl=umg state=compact fighter=f-0-sk2 bbox=(327,593,361,598) geom=painted visible=1 twin=0 source=/Game/S08/UI/ArtHud/WBP_S08ArtTag mode=compact look=P1 shape=circle placement=left ring=0 order=4 bound=1 softPx2=0 planned=(308,584,392,606) frame=1019
2026.10.06-02.18.36 SHOT widget id=board.tag.chip impl=umg state=compact fighter=f-0-sk2 bbox=(312,589,324,601) geom=painted visible=1 twin=0 source=/Game/S08/UI/ArtHud/WBP_S08ArtTag mode=compact look=P1 shape=circle placement=left ring=0 order=4 bound=1 softPx2=0 planned=(308,584,392,606) frame=1019
2026.10.06-02.18.36 SHOT widget id=board.tag impl=umg state=compact fighter=f-1-hero bbox=(1072,730,1174,752) geom=painted visible=1 twin=0 source=/Game/S08/UI/ArtHud/WBP_S08ArtTag mode=compact look=P2 shape=hex placement=below ring=0 order=0 bound=1 softPx2=0 planned=(1072,730,1174,752) frame=1019
2026.10.06-02.18.36 SHOT widget id=board.tag.hp impl=umg state=compact fighter=f-1-hero bbox=(1128,732,1170,750) geom=painted visible=1 twin=0 source=/Game/S08/UI/ArtHud/WBP_S08ArtTag mode=compact look=P2 shape=hex placement=below ring=0 order=0 bound=1 softPx2=0 planned=(1072,730,1174,752) frame=1019 font=11
2026.10.06-02.18.36 SHOT widget id=board.tag.bar impl=umg state=compact fighter=f-1-hero bbox=(1091,739,1125,744) geom=painted visible=1 twin=0 source=/Game/S08/UI/ArtHud/WBP_S08ArtTag mode=compact look=P2 shape=hex placement=below ring=0 order=0 bound=1 softPx2=0 planned=(1072,730,1174,752) frame=1019
2026.10.06-02.18.36 SHOT widget id=board.tag.chip impl=umg state=compact fighter=f-1-hero bbox=(1076,735,1088,747) geom=painted visible=1 twin=0 source=/Game/S08/UI/ArtHud/WBP_S08ArtTag mode=compact look=P2 shape=hex placement=below ring=0 order=0 bound=1 softPx2=0 planned=(1072,730,1174,752) frame=1019
2026.10.06-02.18.36 SHOT widget id=board.tag impl=umg state=compact fighter=f-1-sk0 bbox=(1130,510,1214,532) geom=painted visible=1 twin=0 source=/Game/S08/UI/ArtHud/WBP_S08ArtTag mode=compact look=P2 shape=hex placement=above ring=0 order=3 bound=1 softPx2=0 planned=(1130,510,1214,532) frame=1019
2026.10.06-02.18.36 SHOT widget id=board.tag.hp impl=umg state=compact fighter=f-1-sk0 bbox=(1186,512,1210,530) geom=painted visible=1 twin=0 source=/Game/S08/UI/ArtHud/WBP_S08ArtTag mode=compact look=P2 shape=hex placement=above ring=0 order=3 bound=1 softPx2=0 planned=(1130,510,1214,532) frame=1019 font=11
2026.10.06-02.18.36 SHOT widget id=board.tag.bar impl=umg state=compact fighter=f-1-sk0 bbox=(1149,519,1183,524) geom=painted visible=1 twin=0 source=/Game/S08/UI/ArtHud/WBP_S08ArtTag mode=compact look=P2 shape=hex placement=above ring=0 order=3 bound=1 softPx2=0 planned=(1130,510,1214,532) frame=1019
2026.10.06-02.18.36 SHOT widget id=board.tag.chip impl=umg state=compact fighter=f-1-sk0 bbox=(1134,515,1146,527) geom=painted visible=1 twin=0 source=/Game/S08/UI/ArtHud/WBP_S08ArtTag mode=compact look=P2 shape=hex placement=above ring=0 order=3 bound=1 softPx2=0 planned=(1130,510,1214,532) frame=1019
2026.10.06-02.18.36 SHOT panel id=hud.command bbox=(0,0,615,278) geom=painted visible=1 frame=1019
2026.10.06-02.18.36 SHOT panel id=hud.side bbox=(1432,0,1920,179) geom=painted visible=1 frame=1019
2026.10.06-02.18.36 SHOT panel id=hud.hand bbox=(606,885,1314,1080) geom=painted visible=1 frame=1019
2026.10.06-02.18.36 SHOT late end file=s09-combat-resolve-revealed.png frame=1019
2026.10.06-02.18.36 S09AUTO resolve-blocked shot (type=MOVE)
2026.10.06-02.18.36 SHOT ctx viewport=1920x1080 viewTarget=CameraActor_2147482025 cam=(0,1342,1917) rot=(-55,-90,0)
2026.10.06-02.18.36 RENDER tag=SHOT rhi=D3D12 featureLevel=SM6 shaderPlatform=PCD3D_SM6 lumenPlatform=1 gi=lumen giMethod=1 refl=lumen reflMethod=1 shadows=csm vsmEnable=0 sg.res=100 sg.view=2 sg.aa=2 sg.shadow=2 sg.gi=2 sg.refl=2 sg.pp=2 sg.tex=2 sg.fx=2 sg.foliage=2 sg.shading=2 sg.landscape=2 preset=High screenPct=100.0 screenPctMode=0 aa=TSR aaMethod=4 exposure=fixed-histogram expMin=4.14106 expMax=4.14106 expBias=0.000 ev100=2.05 lightUnits=candelas sky=1 skyIntensity=3.000 keyShadow=csm-3600uu-2c-contact0.000 shadowCasters=1 profile=sarpedon-night profilesSha256=0a3417258f46ad3d99620bcbabd1b37615192b7a59f090c77515189845b33bb7 profilesSource=pak legacyRender=0 gameLayer=unlit-eyeadaptinv tMaxFPS=30.0 vsync=0 frameRateLimit=60.0 substrate=0 nanite=1 meshDF=1 viewport=1920x1080 reference=1
2026.10.06-02.18.36 SHOT fighter f-0-hero pos=(4,4) world=(16,189,0) screen=(982,752) projected=1 alive=1
2026.10.06-02.18.36 SHOT fighter f-0-sk0 pos=(1,3) world=(-309,33,0) screen=(555,576) projected=1 alive=1
2026.10.06-02.18.36 SHOT fighter f-0-sk1 pos=(0,2) world=(-398,-3,0) screen=(442,537) projected=1 alive=1
2026.10.06-02.18.36 SHOT fighter f-0-sk2 pos=(0,3) world=(-394,92,0) screen=(435,640) projected=1 alive=1
2026.10.06-02.18.36 SHOT fighter f-1-hero pos=(5,4) world=(119,141,0) screen=(1120,695) projected=1 alive=1
2026.10.06-02.18.36 SHOT fighter f-1-sk0 pos=(6,3) world=(159,52,0) screen=(1169,596) projected=1 alive=1
2026.10.06-02.18.36 SHOT camera dist=2340.2 target=2340.2 overview=2340.2 errPct=0.000 focusErr=0.00 settled=1 zoom=1.00
2026.10.06-02.18.36 SHOT head fighter=f-0-hero socket=Head mesh=SK_Medusa_H2LD world=(17.1,188.3,47.0) screen=(983.7,716.7) top=(983.7,712.3) bottom=(983.6,721.0) headPx=8.8 projected=1
2026.10.06-02.18.36 SHOT head fighter=f-0-sk0 socket=Head mesh=SK_Harpy_H3LD world=(-308.3,28.0,34.0) screen=(551.3,544.6) top=(550.4,540.0) bottom=(552.1,549.1) headPx=9.3 projected=1
2026.10.06-02.18.36 SHOT head fighter=f-0-sk1 socket=Head mesh=SK_Harpy_H3LD world=(-398.7,2.6,34.0) screen=(434.7,517.1) top=(433.6,512.5) bottom=(435.8,521.7) headPx=9.4 projected=1
2026.10.06-02.18.36 SHOT head fighter=f-0-sk2 socket=Head mesh=SK_Harpy_H3LD world=(-394.4,86.6,34.1) screen=(429.3,609.2) top=(428.1,604.7) bottom=(430.4,613.7) headPx=9.3 projected=1
2026.10.06-02.18.36 SHOT head fighter=f-1-hero socket=Head mesh=SK_KingArthur_H2LD world=(118.6,139.8,50.1) screen=(1122.7,657.7) top=(1123.1,653.2) bottom=(1122.3,662.1) headPx=9.0 projected=1
2026.10.06-02.18.36 SHOT head fighter=f-1-sk0 socket=Head mesh=SK_Merlin_H2LD world=(159.2,49.0,36.7) screen=(1172.3,565.5) top=(1172.8,561.0) bottom=(1171.9,570.1) headPx=9.1 projected=1
2026.10.06-02.18.36 SHOT figure fighter=f-0-hero bbox=(943,678,1023,785) ringR=28.50 art=1 blockout=0 team=P1 look=P1 ring=1
2026.10.06-02.18.36 SHOT figure fighter=f-0-sk0 bbox=(516,520,586,600) ringR=22.23 art=1 blockout=0 team=P1 look=P1 ring=1
2026.10.06-02.18.36 SHOT figure fighter=f-0-sk1 bbox=(402,482,474,561) ringR=22.23 art=1 blockout=0 team=P1 look=P1 ring=1
2026.10.06-02.18.36 SHOT figure fighter=f-0-sk2 bbox=(394,584,467,665) ringR=22.23 art=1 blockout=0 team=P1 look=P1 ring=1
2026.10.06-02.18.36 SHOT figure fighter=f-1-hero bbox=(1081,619,1165,728) ringR=28.50 art=1 blockout=0 team=P2 look=P2 ring=1
2026.10.06-02.18.36 SHOT figure fighter=f-1-sk0 bbox=(1139,534,1204,620) ringR=22.23 art=1 blockout=0 team=P2 look=P2 ring=1
2026.10.06-02.18.36 SHOT request file=s09-resolve-blocked-MOVE.png frame=1020
2026.10.06-02.18.36 SHOT requested: FScreenshotRequest(bShowUI) -> C:\Users\ren\AppData\Local\Temp\s09-combat-20261006-071758-37616\host/s09-resolve-blocked-MOVE.png
2026.10.06-02.18.36 TAG fighter=f-0-hero bbox=(932,654,1034,676) mode=compact look=P1 placement=above ring=0 hardPx2=0 softPx2=0 order=5 bound=1
2026.10.06-02.18.36 TAG fighter=f-0-sk0 bbox=(509,496,593,518) mode=compact look=P1 placement=above ring=0 hardPx2=0 softPx2=0 order=2 bound=1
2026.10.06-02.18.36 TAG fighter=f-0-sk1 bbox=(396,458,480,480) mode=compact look=P1 placement=above ring=0 hardPx2=0 softPx2=0 order=1 bound=1
2026.10.06-02.18.36 TAG fighter=f-0-sk2 bbox=(308,584,392,606) mode=compact look=P1 placement=left ring=0 hardPx2=0 softPx2=0 order=4 bound=1
2026.10.06-02.18.36 TAG fighter=f-1-hero bbox=(1072,730,1174,752) mode=compact look=P2 placement=below ring=0 hardPx2=0 softPx2=0 order=0 bound=1
2026.10.06-02.18.36 TAG fighter=f-1-sk0 bbox=(1130,510,1214,532) mode=compact look=P2 placement=above ring=0 hardPx2=0 softPx2=0 order=3 bound=1
2026.10.06-02.18.36 ICON fighter=f-1-hero bbox=(1168,641,1200,673) size=32 src=combat anchor=right fallback=0 overlapPx2=0 texture=/Game/S08/UI/IconsV3/T_IV3_action_attack_token_32.T_IV3_action_attack_token_32
2026.10.06-02.18.36 SHOT captured file=s09-resolve-blocked-MOVE.png frame=1020 px=1920x1080 sha256=038ba73a7230044b8a68fbd9e6e5d325197cad25ea516aa014e95c20595fed07 order=BGRA saved=1
2026.10.06-02.18.36 SHOT late begin file=s09-resolve-blocked-MOVE.png frame=1020 requestFrame=1020
2026.10.06-02.18.36 SHOT icon fighter=f-1-hero bbox=(1168,641,1200,673) size=32 src=combat planned=(1168,641,1200,673) geom=painted visible=1 anchor=right fallback=0 overlapPx2=0 texture=/Game/S08/UI/IconsV3/T_IV3_action_attack_token_32.T_IV3_action_attack_token_32 frame=1020
2026.10.06-02.18.36 SHOT widget id=icon impl=umg-motion state=combat fighter=f-1-hero bbox=(1168,641,1200,673) geom=painted visible=1 twin=0 source=S08AnimatedIconWidget:action-attack-token frame=1020
2026.10.06-02.18.36 SHOT widget id=board.tag impl=umg state=compact fighter=f-0-hero bbox=(932,654,1034,676) geom=painted visible=1 twin=0 source=/Game/S08/UI/ArtHud/WBP_S08ArtTag mode=compact look=P1 shape=circle placement=above ring=0 order=5 bound=1 softPx2=0 planned=(932,654,1034,676) frame=1020
2026.10.06-02.18.36 SHOT widget id=board.tag.hp impl=umg state=compact fighter=f-0-hero bbox=(988,656,1030,674) geom=painted visible=1 twin=0 source=/Game/S08/UI/ArtHud/WBP_S08ArtTag mode=compact look=P1 shape=circle placement=above ring=0 order=5 bound=1 softPx2=0 planned=(932,654,1034,676) frame=1020 font=11
2026.10.06-02.18.36 SHOT widget id=board.tag.bar impl=umg state=compact fighter=f-0-hero bbox=(951,663,985,668) geom=painted visible=1 twin=0 source=/Game/S08/UI/ArtHud/WBP_S08ArtTag mode=compact look=P1 shape=circle placement=above ring=0 order=5 bound=1 softPx2=0 planned=(932,654,1034,676) frame=1020
2026.10.06-02.18.36 SHOT widget id=board.tag.chip impl=umg state=compact fighter=f-0-hero bbox=(936,659,948,671) geom=painted visible=1 twin=0 source=/Game/S08/UI/ArtHud/WBP_S08ArtTag mode=compact look=P1 shape=circle placement=above ring=0 order=5 bound=1 softPx2=0 planned=(932,654,1034,676) frame=1020
2026.10.06-02.18.36 SHOT widget id=board.tag impl=umg state=compact fighter=f-0-sk0 bbox=(509,496,593,518) geom=painted visible=1 twin=0 source=/Game/S08/UI/ArtHud/WBP_S08ArtTag mode=compact look=P1 shape=circle placement=above ring=0 order=2 bound=1 softPx2=0 planned=(509,496,593,518) frame=1020
2026.10.06-02.18.36 SHOT widget id=board.tag.hp impl=umg state=compact fighter=f-0-sk0 bbox=(565,498,589,516) geom=painted visible=1 twin=0 source=/Game/S08/UI/ArtHud/WBP_S08ArtTag mode=compact look=P1 shape=circle placement=above ring=0 order=2 bound=1 softPx2=0 planned=(509,496,593,518) frame=1020 font=11
2026.10.06-02.18.36 SHOT widget id=board.tag.bar impl=umg state=compact fighter=f-0-sk0 bbox=(528,505,562,510) geom=painted visible=1 twin=0 source=/Game/S08/UI/ArtHud/WBP_S08ArtTag mode=compact look=P1 shape=circle placement=above ring=0 order=2 bound=1 softPx2=0 planned=(509,496,593,518) frame=1020
2026.10.06-02.18.36 SHOT widget id=board.tag.chip impl=umg state=compact fighter=f-0-sk0 bbox=(513,501,525,513) geom=painted visible=1 twin=0 source=/Game/S08/UI/ArtHud/WBP_S08ArtTag mode=compact look=P1 shape=circle placement=above ring=0 order=2 bound=1 softPx2=0 planned=(509,496,593,518) frame=1020
2026.10.06-02.18.36 SHOT widget id=board.tag impl=umg state=compact fighter=f-0-sk1 bbox=(396,458,480,480) geom=painted visible=1 twin=0 source=/Game/S08/UI/ArtHud/WBP_S08ArtTag mode=compact look=P1 shape=circle placement=above ring=0 order=1 bound=1 softPx2=0 planned=(396,458,480,480) frame=1020
2026.10.06-02.18.36 SHOT widget id=board.tag.hp impl=umg state=compact fighter=f-0-sk1 bbox=(452,460,476,478) geom=painted visible=1 twin=0 source=/Game/S08/UI/ArtHud/WBP_S08ArtTag mode=compact look=P1 shape=circle placement=above ring=0 order=1 bound=1 softPx2=0 planned=(396,458,480,480) frame=1020 font=11
2026.10.06-02.18.36 SHOT widget id=board.tag.bar impl=umg state=compact fighter=f-0-sk1 bbox=(415,467,449,472) geom=painted visible=1 twin=0 source=/Game/S08/UI/ArtHud/WBP_S08ArtTag mode=compact look=P1 shape=circle placement=above ring=0 order=1 bound=1 softPx2=0 planned=(396,458,480,480) frame=1020
2026.10.06-02.18.36 SHOT widget id=board.tag.chip impl=umg state=compact fighter=f-0-sk1 bbox=(400,463,412,475) geom=painted visible=1 twin=0 source=/Game/S08/UI/ArtHud/WBP_S08ArtTag mode=compact look=P1 shape=circle placement=above ring=0 order=1 bound=1 softPx2=0 planned=(396,458,480,480) frame=1020
2026.10.06-02.18.36 SHOT widget id=board.tag impl=umg state=compact fighter=f-0-sk2 bbox=(308,584,392,606) geom=painted visible=1 twin=0 source=/Game/S08/UI/ArtHud/WBP_S08ArtTag mode=compact look=P1 shape=circle placement=left ring=0 order=4 bound=1 softPx2=0 planned=(308,584,392,606) frame=1020
2026.10.06-02.18.36 SHOT widget id=board.tag.hp impl=umg state=compact fighter=f-0-sk2 bbox=(364,586,388,604) geom=painted visible=1 twin=0 source=/Game/S08/UI/ArtHud/WBP_S08ArtTag mode=compact look=P1 shape=circle placement=left ring=0 order=4 bound=1 softPx2=0 planned=(308,584,392,606) frame=1020 font=11
2026.10.06-02.18.36 SHOT widget id=board.tag.bar impl=umg state=compact fighter=f-0-sk2 bbox=(327,593,361,598) geom=painted visible=1 twin=0 source=/Game/S08/UI/ArtHud/WBP_S08ArtTag mode=compact look=P1 shape=circle placement=left ring=0 order=4 bound=1 softPx2=0 planned=(308,584,392,606) frame=1020
2026.10.06-02.18.36 SHOT widget id=board.tag.chip impl=umg state=compact fighter=f-0-sk2 bbox=(312,589,324,601) geom=painted visible=1 twin=0 source=/Game/S08/UI/ArtHud/WBP_S08ArtTag mode=compact look=P1 shape=circle placement=left ring=0 order=4 bound=1 softPx2=0 planned=(308,584,392,606) frame=1020
2026.10.06-02.18.36 SHOT widget id=board.tag impl=umg state=compact fighter=f-1-hero bbox=(1072,730,1174,752) geom=painted visible=1 twin=0 source=/Game/S08/UI/ArtHud/WBP_S08ArtTag mode=compact look=P2 shape=hex placement=below ring=0 order=0 bound=1 softPx2=0 planned=(1072,730,1174,752) frame=1020
2026.10.06-02.18.36 SHOT widget id=board.tag.hp impl=umg state=compact fighter=f-1-hero bbox=(1128,732,1170,750) geom=painted visible=1 twin=0 source=/Game/S08/UI/ArtHud/WBP_S08ArtTag mode=compact look=P2 shape=hex placement=below ring=0 order=0 bound=1 softPx2=0 planned=(1072,730,1174,752) frame=1020 font=11
2026.10.06-02.18.36 SHOT widget id=board.tag.bar impl=umg state=compact fighter=f-1-hero bbox=(1091,739,1125,744) geom=painted visible=1 twin=0 source=/Game/S08/UI/ArtHud/WBP_S08ArtTag mode=compact look=P2 shape=hex placement=below ring=0 order=0 bound=1 softPx2=0 planned=(1072,730,1174,752) frame=1020
2026.10.06-02.18.36 SHOT widget id=board.tag.chip impl=umg state=compact fighter=f-1-hero bbox=(1076,735,1088,747) geom=painted visible=1 twin=0 source=/Game/S08/UI/ArtHud/WBP_S08ArtTag mode=compact look=P2 shape=hex placement=below ring=0 order=0 bound=1 softPx2=0 planned=(1072,730,1174,752) frame=1020
2026.10.06-02.18.36 SHOT widget id=board.tag impl=umg state=compact fighter=f-1-sk0 bbox=(1130,510,1214,532) geom=painted visible=1 twin=0 source=/Game/S08/UI/ArtHud/WBP_S08ArtTag mode=compact look=P2 shape=hex placement=above ring=0 order=3 bound=1 softPx2=0 planned=(1130,510,1214,532) frame=1020
2026.10.06-02.18.36 SHOT widget id=board.tag.hp impl=umg state=compact fighter=f-1-sk0 bbox=(1186,512,1210,530) geom=painted visible=1 twin=0 source=/Game/S08/UI/ArtHud/WBP_S08ArtTag mode=compact look=P2 shape=hex placement=above ring=0 order=3 bound=1 softPx2=0 planned=(1130,510,1214,532) frame=1020 font=11
2026.10.06-02.18.36 SHOT widget id=board.tag.bar impl=umg state=compact fighter=f-1-sk0 bbox=(1149,519,1183,524) geom=painted visible=1 twin=0 source=/Game/S08/UI/ArtHud/WBP_S08ArtTag mode=compact look=P2 shape=hex placement=above ring=0 order=3 bound=1 softPx2=0 planned=(1130,510,1214,532) frame=1020
2026.10.06-02.18.36 SHOT widget id=board.tag.chip impl=umg state=compact fighter=f-1-sk0 bbox=(1134,515,1146,527) geom=painted visible=1 twin=0 source=/Game/S08/UI/ArtHud/WBP_S08ArtTag mode=compact look=P2 shape=hex placement=above ring=0 order=3 bound=1 softPx2=0 planned=(1130,510,1214,532) frame=1020
2026.10.06-02.18.36 SHOT panel id=hud.command bbox=(0,0,615,278) geom=painted visible=1 frame=1020
2026.10.06-02.18.36 SHOT panel id=hud.side bbox=(1432,0,1920,179) geom=painted visible=1 frame=1020
2026.10.06-02.18.36 SHOT panel id=hud.hand bbox=(606,885,1314,1080) geom=painted visible=1 frame=1020
2026.10.06-02.18.36 SHOT late end file=s09-resolve-blocked-MOVE.png frame=1020
2026.10.06-02.18.36 SNAPSHOT applied seq=19 phase=ACTION_MANEUVER
2026.10.06-02.18.36 HANDLE_APPLIED #29 seq=19 decision=2 fightersValid=1 boardValid=1
2026.10.06-02.18.36 COMBAT-RESULT seq=19 damage=0 role=attacked
2026.10.06-02.18.36 COMBAT-LOG seq=19 log=19 n=2 entries=2 lines=2 src=log outcomes=CHOICE:2
2026.10.06-02.18.36 CUE combat seq=19 stage=start t=36764 attacker=f-0-hero target=f-1-hero text=1 lines=2 damage=0 lethal=0 shown=0 speed=1.00 flip=620 contact=333 src=notify a=4 d=4 outcome=hold
2026.10.06-02.18.36 CUE fx id=CUE-010 subject=scene seq=19 t=36764 vfx=none sfx=missing clip=none mat=none socket=- reduced=0 result=fallback
2026.10.06-02.18.36 CUE sound id=CUE-010 point=cue subject=card.attack seq=19 t=36764 event_t=36764 dt=0 class=SFX sound=SW_CRD_FLIP_03 gain=0.80 result=played
2026.10.06-02.18.36 CUE sound id=CUE-010 point=cue subject=card.defense seq=19 t=36764 event_t=36764 dt=0 class=SFX sound=SW_CRD_FLIP_02 gain=0.80 result=played
2026.10.06-02.18.36 RESOLVE panel revealed: A3+B1 vs D4
2026.10.06-02.18.36 closed mode=
2026.10.06-02.18.36 MODE seq=19 mode=0 combat=0 pending=0
2026.10.06-02.18.36 MS-OPP verb=turn seq=19
2026.10.06-02.18.36 MS-TRACK own=0/2 opp=0/2 oppVisible=1 seq=19
2026.10.06-02.18.36 MS-LAST fade seq=14 at=19 ms=300
2026.10.06-02.18.36 MS-LAST replace seq=14 by=19
2026.10.06-02.18.36 MS-LAST enter seq=19 player=cmuhntiwu0001wib0z281rpa8 source=EFFECT moves=0 boost=-1
2026.10.06-02.18.36 CUE sound id=CUE-015 point=turn subject=- seq=19 t=36764 event_t=36764 dt=0 class=UI sound=none gain=0.80 result=silent turn=opp reason=opponent
2026.10.06-02.18.36 HUD-TURN seq=19 turn=opp initial=0 ring=marker-turn-ring flash=1000 banner=0 reduced=0
2026.10.06-02.18.36 HUD seq=19 phase=ACTION_MANEUVER turn=opp hand=3 oppHand=5(hidden) oppDeck=23~ deck=23~ discard=4
2026.10.06-02.18.36 MS-STATUS seq=19 text="King Arthur — Opponent is choosing an action"
2026.10.06-02.18.36 ARTPREVIEW fighter=Medusa hero=1 eligible=0 visual=1 mesh=SK_Medusa_H2LD
2026.10.06-02.18.36 FIGHTERS synced n=6 alive=6 own=4 enemy=2
2026.10.06-02.18.36 WS seq=19 phase=ACTION_MANEUVER (apply)
2026.10.06-02.18.36 SNAPSHOT applied seq=20 phase=ACTION_MANEUVER
2026.10.06-02.18.36 HANDLE_APPLIED #30 seq=20 decision=2 fightersValid=1 boardValid=1
2026.10.06-02.18.36 MODE seq=20 mode=0 combat=0 pending=0
2026.10.06-02.18.36 MS-OPP verb=maneuver seq=20
2026.10.06-02.18.36 MS-TRACK own=0/2 opp=1/2 oppVisible=1 seq=20
2026.10.06-02.18.36 MS-OPP planning=1 seq=20
2026.10.06-02.18.36 CUE sound id=CUE-005 point=cue subject=hand.opp seq=20 t=36764 event_t=36764 dt=0 class=SFX sound=SW_CRD_DRAW_03 gain=0.80 result=played
2026.10.06-02.18.36 HUD seq=20 phase=ACTION_MANEUVER turn=opp hand=3 oppHand=6(hidden) oppDeck=23~ deck=23~ discard=4
2026.10.06-02.18.36 MS-STATUS seq=20 text="King Arthur — Opponent is planning a maneuver"
2026.10.06-02.18.36 ARTPREVIEW fighter=Medusa hero=1 eligible=0 visual=1 mesh=SK_Medusa_H2LD
2026.10.06-02.18.36 FIGHTERS synced n=6 alive=6 own=4 enemy=2
2026.10.06-02.18.36 WS seq=20 phase=ACTION_MANEUVER (apply)
2026.10.06-02.18.36 SNAPSHOT applied seq=21 phase=ACTION_MANEUVER
2026.10.06-02.18.36 HANDLE_APPLIED #31 seq=21 decision=2 fightersValid=1 boardValid=1
2026.10.06-02.18.36 MODE seq=21 mode=0 combat=0 pending=0
2026.10.06-02.18.36 MS-OPP verb=turn seq=21
2026.10.06-02.18.36 MS-OPP planning=0 seq=21
2026.10.06-02.18.36 MS-LAST enter seq=21 player=cmuhntiwu0001wib0z281rpa8 source=MANEUVER moves=0 boost=-1
2026.10.06-02.18.36 HUD seq=21 phase=ACTION_MANEUVER turn=opp hand=3 oppHand=6(hidden) oppDeck=23~ deck=23~ discard=4
2026.10.06-02.18.36 MS-STATUS seq=21 text="King Arthur — Opponent is choosing an action"
2026.10.06-02.18.36 ARTPREVIEW fighter=Medusa hero=1 eligible=0 visual=1 mesh=SK_Medusa_H2LD
2026.10.06-02.18.36 FIGHTERS synced n=6 alive=6 own=4 enemy=2
2026.10.06-02.18.36 WS seq=21 phase=ACTION_MANEUVER (apply)
2026.10.06-02.18.36 MS-LAST show seq=21 mode=restore player=cmuhntiwu0001wib0z281rpa8 from=- to=-
2026.10.06-02.18.36 MS-LOG seq=21 moves=0 truncated=0 text="King Arthur: maneuver: no movement"
2026.10.06-02.18.36 HUD-TRACK own=0/2 server=0 local=0 opp=1/2 oppVisible=1 anim=reset/reset seq=21 frame=1021
2026.10.06-02.18.36 S09AUTO drive mode=0 plan=[attack+scheme] phase=ACTION_MANEUVER turn=cmuhntiwu0001wib0z281rpa8
2026.10.06-02.18.37 TAG fighter=f-0-hero bbox=(932,654,1034,676) mode=compact look=P1 placement=above ring=0 hardPx2=0 softPx2=0 order=5 bound=1
2026.10.06-02.18.37 TAG fighter=f-0-sk0 bbox=(509,496,593,518) mode=compact look=P1 placement=above ring=0 hardPx2=0 softPx2=0 order=2 bound=1
2026.10.06-02.18.37 TAG fighter=f-0-sk1 bbox=(396,458,480,480) mode=compact look=P1 placement=above ring=0 hardPx2=0 softPx2=0 order=1 bound=1
2026.10.06-02.18.37 TAG fighter=f-0-sk2 bbox=(308,584,392,606) mode=compact look=P1 placement=left ring=0 hardPx2=0 softPx2=0 order=4 bound=1
2026.10.06-02.18.37 TAG fighter=f-1-hero bbox=(1072,730,1174,752) mode=compact look=P2 placement=below ring=0 hardPx2=0 softPx2=0 order=0 bound=1
2026.10.06-02.18.37 TAG fighter=f-1-sk0 bbox=(1130,510,1214,532) mode=compact look=P2 placement=above ring=0 hardPx2=0 softPx2=0 order=3 bound=1
2026.10.06-02.18.37 ICON fighter=f-1-hero bbox=(1168,641,1200,673) size=32 src=combat anchor=right fallback=0 overlapPx2=0 texture=/Game/S08/UI/IconsV3/T_IV3_action_attack_token_32.T_IV3_action_attack_token_32
2026.10.06-02.18.38 SNAPSHOT applied seq=22 phase=ACTION_MANEUVER
2026.10.06-02.18.38 HANDLE_APPLIED #32 seq=22 decision=2 fightersValid=1 boardValid=1
2026.10.06-02.18.38 MODE seq=22 mode=0 combat=0 pending=0
2026.10.06-02.18.38 MS-OPP verb=maneuver seq=22
2026.10.06-02.18.38 MS-TRACK own=0/2 opp=2/2 oppVisible=1 seq=22
2026.10.06-02.18.38 MS-OPP planning=1 seq=22
2026.10.06-02.18.38 CUE sound id=CUE-005 point=cue subject=hand.opp seq=22 t=38240 event_t=38240 dt=0 class=SFX sound=SW_CRD_DRAW_04 gain=0.80 result=played
2026.10.06-02.18.38 HUD seq=22 phase=ACTION_MANEUVER turn=opp hand=3 oppHand=7(hidden) oppDeck=23~ deck=23~ discard=4
2026.10.06-02.18.38 MS-STATUS seq=22 text="King Arthur — Opponent is planning a maneuver"
2026.10.06-02.18.38 ARTPREVIEW fighter=Medusa hero=1 eligible=0 visual=1 mesh=SK_Medusa_H2LD
2026.10.06-02.18.38 FIGHTERS synced n=6 alive=6 own=4 enemy=2
2026.10.06-02.18.38 WS seq=22 phase=ACTION_MANEUVER (apply)
2026.10.06-02.18.38 HUD-TRACK own=0/2 server=0 local=0 opp=2/2 oppVisible=1 anim=-/spend seq=22 frame=1058
2026.10.06-02.18.38 CUE combat seq=19 stage=skip t=38273 src=catchup
2026.10.06-02.18.38 CUE combat seq=19 stage=read t=38273 ms=889 skipped=1
2026.10.06-02.18.38 CUE combat seq=19 stage=effect t=38273 i=1 ms=0 skipped=1
2026.10.06-02.18.38 CUE combat seq=19 stage=effect t=38273 i=2 ms=0 skipped=1
2026.10.06-02.18.38 CUE combat seq=19 stage=slam t=38273 a=4 d=4 outcome=hold
2026.10.06-02.18.38 CATCHUP seq=19 latest=22 queued=3 lag=1509 t=38273 action=hurry reason=lag applied=1
2026.10.06-02.18.38 SFX bank=CMB-EFFECT-LINE tag=effect class=SFX t=38273 sound=SW_CMB_EFFECT_LINE_02 gain=0.80
2026.10.06-02.18.38 SFX bank=CMB-EFFECT-LINE tag=effect class=SFX t=38273 sound=SW_CMB_EFFECT_LINE_01 gain=0.80
2026.10.06-02.18.38 CUE sound id=CUE-010 point=cue subject=slam seq=19 t=38273 event_t=38273 dt=0 class=SFX sound=SW_CMB_SLAM_01 gain=0.80 result=played bank=CMB-SLAM
2026.10.06-02.18.38 CUE fx done id=CUE-010 subject=scene seq=19 t=38453 ms=1689 cut=0 hold=889
2026.10.06-02.18.38 CUE combat seq=19 stage=pause t=38453 ms=0 skipped=1
2026.10.06-02.18.38 CUE combat seq=19 stage=lunge t=38453 attacker=f-0-hero rate=1.00
2026.10.06-02.18.38 SFX bank=CMB-LUNGE-ARROW tag=lunge class=SFX t=38473 sound=SW_CMB_LUNGE_ARROW_01 gain=0.80
2026.10.06-02.18.38 ARTPREVIEW anim fighter=f-0-hero clip=LungeAttack len=0.583 event=attack loop=0 phase=0.0000 seq=19 asset=AM_Medusa_LungeAttack rate=1.00
2026.10.06-02.18.38 SNAPSHOT applied seq=23 phase=ACTION_MANEUVER
2026.10.06-02.18.38 HANDLE_APPLIED #33 seq=23 decision=2 fightersValid=1 boardValid=1
2026.10.06-02.18.38 CUE combat seq=19 stage=end t=38773 total=2609 skipped=1 cut=catchup
2026.10.06-02.18.38 CATCHUP seq=19 latest=23 queued=4 lag=2009 t=38773 action=cut reason=queue applied=1
2026.10.06-02.18.38 ARTPREVIEW fighter=Medusa hero=1 eligible=0 visual=1 mesh=SK_Medusa_H2LD
2026.10.06-02.18.38 ARTPREVIEW hero-light fighter=f-0-hero state=idle layers=2 lightsOn=2 keyCd=17.984 rimCd=1.528 mul=1.000 pulse=none
2026.10.06-02.18.38 ARTPREVIEW combat marker fighter=Medusa attacker=0 target=0 icon=0 targetMesh=SM_Marker_TargetRing iconMode=screen targetArcScaleXY=0.920
2026.10.06-02.18.38 ARTPREVIEW combat marker fighter=King Arthur attacker=0 target=0 icon=0 targetMesh=SM_Marker_TargetRing iconMode=screen targetArcScaleXY=0.920
2026.10.06-02.18.38 closed mode=
2026.10.06-02.18.38 TURN-INPUT open seq=23 frame=1073 gate=none
2026.10.06-02.18.38 MODE seq=23 mode=6 combat=0 pending=1
2026.10.06-02.18.38 ARTPREVIEW selection ring shown fighter=King Arthur mesh=SM_Marker_SelectionRing
2026.10.06-02.18.38 ARTPREVIEW hero-light fighter=f-1-hero state=active layers=2 lightsOn=2 keyCd=23.692 rimCd=2.013 mul=1.105 pulse=0.40Hz+-4%
2026.10.06-02.18.38 ARTPREVIEW reachable rings cells=0 placed=1 radiusUU=36 segments=48 style=readability color=#FFC857 stroke=#14110C widthUU=3.50 strokeUU=1.50
2026.10.06-02.18.38 MS-PENDING present=toast id=ability-medusa-target-p0 opens=1 collapsed=0 type=TARGET_FIGHTER remembered=fighter=f-1-hero applied=fighter=f-1-hero
2026.10.06-02.18.38 MS-OPP verb=none seq=23
2026.10.06-02.18.38 MS-TRACK own=0/2 opp=0/2 oppVisible=0 seq=23
2026.10.06-02.18.38 MS-OPP planning=0 seq=23
2026.10.06-02.18.38 MS-LAST fade seq=21 at=23 ms=300
2026.10.06-02.18.38 MS-LAST replace seq=21 by=23
2026.10.06-02.18.38 MS-LAST enter seq=23 player=cmuhntiwu0001wib0z281rpa8 source=MANEUVER moves=1 boost=-1
2026.10.06-02.18.38 CUE sound id=CUE-015 point=turn subject=- seq=23 t=38773 event_t=38773 dt=0 class=UI sound=SW_UI_TURN_CHIME_01 gain=0.80 result=played turn=own
2026.10.06-02.18.38 VO event=TURN-START speaker=MEDUSA t=38773 result=skipped line=- prio=4 reason=chance
2026.10.06-02.18.38 HUD-TURN seq=23 turn=own initial=0 ring=marker-turn-ring flash=1000 banner=600 reduced=0
2026.10.06-02.18.38 HUD seq=23 phase=ACTION_MANEUVER turn=you hand=3 oppHand=7(hidden) oppDeck=23~ deck=23~ discard=4
2026.10.06-02.18.38 MS-STATUS seq=23 text="Choose a target (up to 1)"
2026.10.06-02.18.38 ARTPREVIEW fighter=Medusa hero=1 eligible=0 visual=1 mesh=SK_Medusa_H2LD
2026.10.06-02.18.38 ARTPREVIEW selection ring shown fighter=King Arthur mesh=SM_Marker_SelectionRing
2026.10.06-02.18.38 FIGHTERS synced n=6 alive=6 own=4 enemy=2
2026.10.06-02.18.38 ARTPREVIEW selection ring shown fighter=King Arthur mesh=SM_Marker_SelectionRing
2026.10.06-02.18.38 ARTPREVIEW reachable rings cells=0 placed=1 radiusUU=36 segments=48 style=readability color=#FFC857 stroke=#14110C widthUU=3.50 strokeUU=1.50
2026.10.06-02.18.38 MS-CUE move seq=23 fighter=f-1-hero order=0 of=1 kind=move steps=1 source=trail start=0 ms=280 snapped=0 path=S32>S36 speed=normal reduced=0
2026.10.06-02.18.38 CUE sound id=CUE-007 point=step subject=f-1-hero seq=23 t=38773 event_t=38773 dt=0 class=SFX sound=SW_BRD_STEP_04 gain=0.80 result=played edge=1/1 due=38773
2026.10.06-02.18.38 MS-ANIM play seq=23 moves=1 animated=1 speed=normal reduced=0 end=430
2026.10.06-02.18.38 CUE move f-1-hero (5,4)->(5,5) seq=23
2026.10.06-02.18.38 WS seq=23 phase=ACTION_MANEUVER (apply)
2026.10.06-02.18.38 SFX bank=FX-GAZE-REQUEST tag=gaze class=SFX t=38806 sound=SW_FX_GAZE_REQUEST_01 gain=0.80
2026.10.06-02.18.38 SFX bank=FX-GAZE-REQUEST-VOICE tag=voice class=VO t=38806 sound=SW_FX_GAZE_REQUEST_VOICE gain=0.80
2026.10.06-02.18.38 HUD-TRACK own=0/2 server=0 local=0 opp=0/2 oppVisible=0 anim=reset/reset seq=23 frame=1074
2026.10.06-02.18.38 HUD-HAND lower=1 pick=target cursor=board preview=hidden seq=23
2026.10.06-02.18.38 S09AUTO drive mode=6 plan=[attack+scheme] phase=ACTION_MANEUVER turn=cmuhntivg0000wib0anhqyswc
2026.10.06-02.18.38 S09AUTO own turn #2 (turnCount=5)
2026.10.06-02.18.38 PEND-RESOLVE sent type=TARGET_FIGHTER stage=0 id=ability-medusa-target-p0
2026.10.06-02.18.38 CUE sound id=CUE-014 point=cue subject=f-1-hero seq=23 t=38806 event_t=38806 dt=0 class=SFX sound=SW_FX_GAZE_BEAM_01 gain=0.80 result=played bank=FX-GAZE-BEAM
2026.10.06-02.18.38 MS-STATUS seq=23 text="Syncing…"
2026.10.06-02.18.38 S09AUTO pending picked (type=TARGET_FIGHTER stage=0)
2026.10.06-02.18.38 HUD plate content fighter=f-1-hero name=King Arthur hp=15/18 team=enemy statuses=HERO  |  MELEE teamSlot=P2 look=P2 shape=hexagon chip=#5786A8
2026.10.06-02.18.38 PLATE fighter=f-1-hero bbox=(1029,747,1201,801) overlapReachable=0 placement=below ring=0 gap=6 selection=f-1-hero destinations=0 clean=1 softPx2=0 tested=112 bound=1
2026.10.06-02.18.38 TAG fighter=f-0-hero bbox=(932,654,1034,676) mode=compact look=P1 placement=above ring=0 hardPx2=0 softPx2=0 order=4 bound=1
2026.10.06-02.18.38 TAG fighter=f-0-sk0 bbox=(509,496,593,518) mode=compact look=P1 placement=above ring=0 hardPx2=0 softPx2=0 order=1 bound=1
2026.10.06-02.18.38 TAG fighter=f-0-sk1 bbox=(396,458,480,480) mode=compact look=P1 placement=above ring=0 hardPx2=0 softPx2=0 order=0 bound=1
2026.10.06-02.18.38 TAG fighter=f-0-sk2 bbox=(308,584,392,606) mode=compact look=P1 placement=left ring=0 hardPx2=0 softPx2=0 order=3 bound=1
2026.10.06-02.18.38 TAG fighter=f-1-sk0 bbox=(1130,510,1214,532) mode=compact look=P2 placement=above ring=0 hardPx2=0 softPx2=0 order=2 bound=1
2026.10.06-02.18.38 HUD icon hidden fighter=f-1-hero
2026.10.06-02.18.38 PLATE fighter=f-1-hero bbox=(1035,761,1207,815) overlapReachable=0 placement=below ring=0 gap=6 selection=f-1-hero destinations=0 clean=1 softPx2=0 tested=114 bound=1
2026.10.06-02.18.38 TAG fighter=f-0-hero bbox=(932,654,1034,676) mode=compact look=P1 placement=above ring=0 hardPx2=0 softPx2=0 order=4 bound=1
2026.10.06-02.18.38 TAG fighter=f-0-sk0 bbox=(509,496,593,518) mode=compact look=P1 placement=above ring=0 hardPx2=0 softPx2=0 order=1 bound=1
2026.10.06-02.18.38 TAG fighter=f-0-sk1 bbox=(396,458,480,480) mode=compact look=P1 placement=above ring=0 hardPx2=0 softPx2=0 order=0 bound=1
2026.10.06-02.18.38 TAG fighter=f-0-sk2 bbox=(308,584,392,606) mode=compact look=P1 placement=left ring=0 hardPx2=0 softPx2=0 order=3 bound=1
2026.10.06-02.18.38 TAG fighter=f-1-sk0 bbox=(1130,510,1214,532) mode=compact look=P2 placement=above ring=0 hardPx2=0 softPx2=0 order=2 bound=1
2026.10.06-02.18.38 PLATE fighter=f-1-hero bbox=(1033,774,1205,828) overlapReachable=0 placement=below ring=0 gap=6 selection=f-1-hero destinations=0 clean=1 softPx2=0 tested=114 bound=1
2026.10.06-02.18.38 TAG fighter=f-0-hero bbox=(932,654,1034,676) mode=compact look=P1 placement=above ring=0 hardPx2=0 softPx2=0 order=4 bound=1
2026.10.06-02.18.38 TAG fighter=f-0-sk0 bbox=(509,496,593,518) mode=compact look=P1 placement=above ring=0 hardPx2=0 softPx2=0 order=1 bound=1
2026.10.06-02.18.38 TAG fighter=f-0-sk1 bbox=(396,458,480,480) mode=compact look=P1 placement=above ring=0 hardPx2=0 softPx2=0 order=0 bound=1
2026.10.06-02.18.38 TAG fighter=f-0-sk2 bbox=(308,584,392,606) mode=compact look=P1 placement=left ring=0 hardPx2=0 softPx2=0 order=3 bound=1
2026.10.06-02.18.38 TAG fighter=f-1-sk0 bbox=(1130,510,1214,532) mode=compact look=P2 placement=above ring=0 hardPx2=0 softPx2=0 order=2 bound=1
2026.10.06-02.18.38 SNAPSHOT applied seq=24 phase=ACTION_MANEUVER
2026.10.06-02.18.38 HANDLE_APPLIED #34 seq=24 decision=2 fightersValid=1 boardValid=1
2026.10.06-02.18.38 closed mode=
2026.10.06-02.18.38 MODE seq=24 mode=0 combat=0 pending=0
2026.10.06-02.18.38 MS-LAST off seq=23 at=24 fade=0
2026.10.06-02.18.38 HUD seq=24 phase=ACTION_MANEUVER turn=you hand=3 oppHand=7(hidden) oppDeck=21 deck=23 discard=4
2026.10.06-02.18.38 MS-STATUS seq=24 text="Choose an action: maneuver (M), attack (A) or scheme (G)"
2026.10.06-02.18.38 ARTPREVIEW fighter=Medusa hero=1 eligible=0 visual=1 mesh=SK_Medusa_H2LD
2026.10.06-02.18.38 ARTPREVIEW selection ring shown fighter=King Arthur mesh=SM_Marker_SelectionRing
2026.10.06-02.18.38 FIGHTERS synced n=6 alive=6 own=4 enemy=2
2026.10.06-02.18.38 ARTPREVIEW hero-light fighter=f-1-hero state=idle layers=2 lightsOn=2 keyCd=21.443 rimCd=1.822 mul=1.000 pulse=none
2026.10.06-02.18.38 ARTPREVIEW damage-number fighter=f-1-hero amount=1 seq=24 cell=(5,5)
2026.10.06-02.18.38 ARTPREVIEW anim fighter=f-1-hero clip=HitReact len=0.417 event=damaged loop=0 phase=0.0000 seq=24 asset=AM_KingArthur_HitReact rate=1.00
2026.10.06-02.18.38 ARTPREVIEW hit-tint fighter=f-1-hero ms=450
2026.10.06-02.18.38 VO event=HURT speaker=ARTHUR t=38873 result=skipped line=- prio=3 reason=chance
2026.10.06-02.18.38 CUE damage f-1-hero -1 seq=24
2026.10.06-02.18.38 PEND resolve done seq=24 (apply) phase=ACTION_MANEUVER
2026.10.06-02.18.38 SNAPSHOT applied seq=24 phase=ACTION_MANEUVER
2026.10.06-02.18.38 HANDLE_APPLIED #35 seq=24 decision=1 fightersValid=1 boardValid=1
2026.10.06-02.18.38 MODE seq=24 mode=0 combat=0 pending=0
2026.10.06-02.18.38 HUD seq=24 phase=ACTION_MANEUVER turn=you hand=3 oppHand=7(hidden) oppDeck=21 deck=23 discard=4
2026.10.06-02.18.38 ARTPREVIEW fighter=Medusa hero=1 eligible=0 visual=1 mesh=SK_Medusa_H2LD
2026.10.06-02.18.38 FIGHTERS synced n=6 alive=6 own=4 enemy=2
2026.10.06-02.18.38 WS seq=24 phase=ACTION_MANEUVER (merge)
2026.10.06-02.18.38 CUE sound id=CUE-011 point=hit subject=f-1-hero seq=24 t=38873 event_t=38873 dt=0 class=SFX sound=SW_CMB_HIT_MAGIC_02 gain=0.80 result=played bank=CMB-HIT-MAGIC
2026.10.06-02.18.38 HUD-HEART side=opp hero=f-1-hero hp=14/18 anim=damage glow=1 played=1
2026.10.06-02.18.38 HUD-HAND lower=0 pick=none cursor=board preview=shown seq=24
2026.10.06-02.18.38 S09AUTO drive mode=0 plan=[attack+scheme] phase=ACTION_MANEUVER turn=cmuhntivg0000wib0anhqyswc
2026.10.06-02.18.38 S09AUTO attack (attacker=f-0-hero target-set card-set)
2026.10.06-02.18.38 ATTACK sent ability=none
2026.10.06-02.18.38 HUD-TRACK chosen=attack seq=24 spent=0
2026.10.06-02.18.38 ARTPREVIEW hero-light fighter=f-0-hero state=active layers=2 lightsOn=2 keyCd=20.316 rimCd=1.726 mul=1.130 pulse=0.40Hz+-4%
2026.10.06-02.18.38 ARTPREVIEW combat marker fighter=Medusa attacker=1 target=0 icon=0 targetMesh=SM_Marker_TargetRing iconMode=screen targetArcScaleXY=0.920
2026.10.06-02.18.38 ARTPREVIEW combat marker fighter=King Arthur attacker=0 target=1 icon=1 targetMesh=SM_Marker_TargetRing iconMode=screen targetArcScaleXY=0.920
2026.10.06-02.18.38 MS-STATUS seq=24 text="Syncing…"
2026.10.06-02.18.38 TOAST text="attack sent"
2026.10.06-02.18.38 PLATE hidden fighter=f-1-hero
2026.10.06-02.18.38 TAG fighter=f-0-hero bbox=(932,654,1034,676) mode=compact look=P1 placement=above ring=0 hardPx2=0 softPx2=0 order=5 bound=1
2026.10.06-02.18.38 TAG fighter=f-0-sk0 bbox=(509,496,593,518) mode=compact look=P1 placement=above ring=0 hardPx2=0 softPx2=0 order=2 bound=1
2026.10.06-02.18.38 TAG fighter=f-0-sk1 bbox=(396,458,480,480) mode=compact look=P1 placement=above ring=0 hardPx2=0 softPx2=0 order=1 bound=1
2026.10.06-02.18.38 TAG fighter=f-0-sk2 bbox=(308,584,392,606) mode=compact look=P1 placement=left ring=0 hardPx2=0 softPx2=0 order=4 bound=1
2026.10.06-02.18.38 TAG fighter=f-1-hero bbox=(1064,647,1166,669) mode=compact look=P2 placement=above ring=0 hardPx2=0 softPx2=0 order=0 bound=1
2026.10.06-02.18.38 TAG fighter=f-1-sk0 bbox=(1130,510,1214,532) mode=compact look=P2 placement=above ring=0 hardPx2=0 softPx2=0 order=3 bound=1
2026.10.06-02.18.38 ICON fighter=f-1-hero bbox=(1160,694,1192,726) size=32 src=combat anchor=right fallback=0 overlapPx2=0 texture=/Game/S08/UI/IconsV3/T_IV3_action_attack_token_32.T_IV3_action_attack_token_32
2026.10.06-02.18.38 DAMAGE fighter=f-1-hero bbox=(1168,644,1208,672) amount=1 seq=24 placement=right ring=0 hardPx2=0 softPx2=0
2026.10.06-02.18.38 HUD-TRACK own=1/2 server=0 local=1 opp=0/2 oppVisible=0 anim=spend/- seq=24 frame=1078
2026.10.06-02.18.38 TAG fighter=f-0-hero bbox=(932,654,1034,676) mode=compact look=P1 placement=above ring=0 hardPx2=0 softPx2=0 order=5 bound=1
2026.10.06-02.18.38 TAG fighter=f-0-sk0 bbox=(509,496,593,518) mode=compact look=P1 placement=above ring=0 hardPx2=0 softPx2=0 order=2 bound=1
2026.10.06-02.18.38 TAG fighter=f-0-sk1 bbox=(396,458,480,480) mode=compact look=P1 placement=above ring=0 hardPx2=0 softPx2=0 order=1 bound=1
2026.10.06-02.18.38 TAG fighter=f-0-sk2 bbox=(308,584,392,606) mode=compact look=P1 placement=left ring=0 hardPx2=0 softPx2=0 order=4 bound=1
2026.10.06-02.18.38 TAG fighter=f-1-hero bbox=(1062,661,1164,683) mode=compact look=P2 placement=above ring=0 hardPx2=0 softPx2=0 order=0 bound=1
2026.10.06-02.18.38 TAG fighter=f-1-sk0 bbox=(1130,510,1214,532) mode=compact look=P2 placement=above ring=0 hardPx2=0 softPx2=0 order=3 bound=1
2026.10.06-02.18.38 ICON fighter=f-1-hero bbox=(1158,708,1190,740) size=32 src=combat anchor=right fallback=0 overlapPx2=0 texture=/Game/S08/UI/IconsV3/T_IV3_action_attack_token_32.T_IV3_action_attack_token_32
2026.10.06-02.18.38 DAMAGE fighter=f-1-hero bbox=(1166,658,1206,686) amount=1 seq=24 placement=right ring=0 hardPx2=0 softPx2=0
2026.10.06-02.18.38 TAG fighter=f-0-hero bbox=(932,654,1034,676) mode=compact look=P1 placement=above ring=0 hardPx2=0 softPx2=0 order=5 bound=1
2026.10.06-02.18.38 TAG fighter=f-0-sk0 bbox=(509,496,593,518) mode=compact look=P1 placement=above ring=0 hardPx2=0 softPx2=0 order=2 bound=1
2026.10.06-02.18.38 TAG fighter=f-0-sk1 bbox=(396,458,480,480) mode=compact look=P1 placement=above ring=0 hardPx2=0 softPx2=0 order=1 bound=1
2026.10.06-02.18.38 TAG fighter=f-0-sk2 bbox=(308,584,392,606) mode=compact look=P1 placement=left ring=0 hardPx2=0 softPx2=0 order=4 bound=1
2026.10.06-02.18.38 TAG fighter=f-1-hero bbox=(1060,674,1162,696) mode=compact look=P2 placement=above ring=0 hardPx2=0 softPx2=0 order=0 bound=1
2026.10.06-02.18.38 TAG fighter=f-1-sk0 bbox=(1130,510,1214,532) mode=compact look=P2 placement=above ring=0 hardPx2=0 softPx2=0 order=3 bound=1
2026.10.06-02.18.38 ICON fighter=f-1-hero bbox=(1156,721,1188,753) size=32 src=combat anchor=right fallback=0 overlapPx2=0 texture=/Game/S08/UI/IconsV3/T_IV3_action_attack_token_32.T_IV3_action_attack_token_32
2026.10.06-02.18.38 DAMAGE fighter=f-1-hero bbox=(1164,671,1204,699) amount=1 seq=24 placement=right ring=0 hardPx2=0 softPx2=0
2026.10.06-02.18.38 SNAPSHOT applied seq=25 phase=COMBAT
2026.10.06-02.18.38 HANDLE_APPLIED #36 seq=25 decision=2 fightersValid=1 boardValid=1
2026.10.06-02.18.38 CUE sound id=CUE-008 point=cue subject=f-0-hero seq=25 t=38973 event_t=38973 dt=0 class=SFX sound=SW_CMB_ATTACK_DECLARE_01 gain=0.80 result=played
2026.10.06-02.18.38 VO event=ATTACK speaker=MEDUSA t=38973 result=skipped line=- prio=3 reason=chance
2026.10.06-02.18.38 CUE fx id=CUE-008 subject=f-0-hero seq=25 t=38973 vfx=missing sfx=missing clip=none mat=none socket=Weapon reduced=0 result=fallback
2026.10.06-02.18.38 closed mode=
2026.10.06-02.18.38 MODE seq=25 mode=0 combat=1 pending=0
2026.10.06-02.18.38 MS-OPP verb=defend seq=25
2026.10.06-02.18.38 MS-TRACK own=1/2 opp=0/2 oppVisible=0 seq=25
2026.10.06-02.18.38 HUD seq=25 phase=COMBAT turn=you hand=2 oppHand=7(hidden) oppDeck=21~ deck=23~ discard=5
2026.10.06-02.18.38 ARTPREVIEW fighter=Medusa hero=1 eligible=0 visual=1 mesh=SK_Medusa_H2LD
2026.10.06-02.18.38 FIGHTERS synced n=6 alive=6 own=4 enemy=2
2026.10.06-02.18.38 WS seq=25 phase=COMBAT (apply)
2026.10.06-02.18.38 HUD-TRACK own=1/2 server=1 local=0 opp=0/2 oppVisible=0 anim=-/- seq=25 frame=1080
2026.10.06-02.18.38 TAG fighter=f-0-hero bbox=(932,654,1034,676) mode=compact look=P1 placement=above ring=0 hardPx2=0 softPx2=0 order=5 bound=1
2026.10.06-02.18.38 TAG fighter=f-0-sk0 bbox=(509,496,593,518) mode=compact look=P1 placement=above ring=0 hardPx2=0 softPx2=0 order=2 bound=1
2026.10.06-02.18.38 TAG fighter=f-0-sk1 bbox=(396,458,480,480) mode=compact look=P1 placement=above ring=0 hardPx2=0 softPx2=0 order=1 bound=1
2026.10.06-02.18.38 TAG fighter=f-0-sk2 bbox=(308,584,392,606) mode=compact look=P1 placement=left ring=0 hardPx2=0 softPx2=0 order=4 bound=1
2026.10.06-02.18.38 TAG fighter=f-1-hero bbox=(1058,688,1160,710) mode=compact look=P2 placement=above ring=0 hardPx2=0 softPx2=0 order=0 bound=1
2026.10.06-02.18.38 TAG fighter=f-1-sk0 bbox=(1130,510,1214,532) mode=compact look=P2 placement=above ring=0 hardPx2=0 softPx2=0 order=3 bound=1
2026.10.06-02.18.38 ICON fighter=f-1-hero bbox=(1154,734,1186,766) size=32 src=combat anchor=right fallback=0 overlapPx2=0 texture=/Game/S08/UI/IconsV3/T_IV3_action_attack_token_32.T_IV3_action_attack_token_32
2026.10.06-02.18.38 DAMAGE fighter=f-1-hero bbox=(1162,685,1202,713) amount=1 seq=24 placement=right ring=0 hardPx2=0 softPx2=0
2026.10.06-02.18.38 SNAPSHOT applied seq=25 phase=COMBAT
2026.10.06-02.18.38 HANDLE_APPLIED #37 seq=25 decision=1 fightersValid=1 boardValid=1
2026.10.06-02.18.38 MODE seq=25 mode=0 combat=1 pending=0
2026.10.06-02.18.38 HUD seq=25 phase=COMBAT turn=you hand=2 oppHand=7(hidden) oppDeck=21 deck=23 discard=5
2026.10.06-02.18.38 MS-STATUS seq=25 text="Waiting for the defender"
2026.10.06-02.18.38 ARTPREVIEW fighter=Medusa hero=1 eligible=0 visual=1 mesh=SK_Medusa_H2LD
2026.10.06-02.18.38 FIGHTERS synced n=6 alive=6 own=4 enemy=2
2026.10.06-02.18.38 ATTACK done seq=25 (merge) phase=COMBAT
2026.10.06-02.18.38 TAG fighter=f-0-hero bbox=(932,654,1034,676) mode=compact look=P1 placement=above ring=0 hardPx2=0 softPx2=0 order=5 bound=1
2026.10.06-02.18.38 TAG fighter=f-0-sk0 bbox=(509,496,593,518) mode=compact look=P1 placement=above ring=0 hardPx2=0 softPx2=0 order=2 bound=1
2026.10.06-02.18.38 TAG fighter=f-0-sk1 bbox=(396,458,480,480) mode=compact look=P1 placement=above ring=0 hardPx2=0 softPx2=0 order=1 bound=1
2026.10.06-02.18.38 TAG fighter=f-0-sk2 bbox=(308,584,392,606) mode=compact look=P1 placement=left ring=0 hardPx2=0 softPx2=0 order=4 bound=1
2026.10.06-02.18.38 TAG fighter=f-1-hero bbox=(1055,701,1157,723) mode=compact look=P2 placement=above ring=0 hardPx2=0 softPx2=0 order=0 bound=1
2026.10.06-02.18.38 TAG fighter=f-1-sk0 bbox=(1130,510,1214,532) mode=compact look=P2 placement=above ring=0 hardPx2=0 softPx2=0 order=3 bound=1
2026.10.06-02.18.38 ICON fighter=f-1-hero bbox=(1152,748,1184,780) size=32 src=combat anchor=right fallback=0 overlapPx2=0 texture=/Game/S08/UI/IconsV3/T_IV3_action_attack_token_32.T_IV3_action_attack_token_32
2026.10.06-02.18.38 DAMAGE fighter=f-1-hero bbox=(1159,698,1199,726) amount=1 seq=24 placement=right ring=0 hardPx2=0 softPx2=0
2026.10.06-02.18.39 TAG fighter=f-0-hero bbox=(932,654,1034,676) mode=compact look=P1 placement=above ring=0 hardPx2=0 softPx2=0 order=5 bound=1
2026.10.06-02.18.39 TAG fighter=f-0-sk0 bbox=(509,496,593,518) mode=compact look=P1 placement=above ring=0 hardPx2=0 softPx2=0 order=2 bound=1
2026.10.06-02.18.39 TAG fighter=f-0-sk1 bbox=(396,458,480,480) mode=compact look=P1 placement=above ring=0 hardPx2=0 softPx2=0 order=1 bound=1
2026.10.06-02.18.39 TAG fighter=f-0-sk2 bbox=(308,584,392,606) mode=compact look=P1 placement=left ring=0 hardPx2=0 softPx2=0 order=4 bound=1
2026.10.06-02.18.39 TAG fighter=f-1-hero bbox=(1055,707,1157,729) mode=compact look=P2 placement=above ring=0 hardPx2=0 softPx2=0 order=0 bound=1
2026.10.06-02.18.39 TAG fighter=f-1-sk0 bbox=(1130,510,1214,532) mode=compact look=P2 placement=above ring=0 hardPx2=0 softPx2=0 order=3 bound=1
2026.10.06-02.18.39 ICON fighter=f-1-hero bbox=(1151,754,1183,786) size=32 src=combat anchor=right fallback=0 overlapPx2=0 texture=/Game/S08/UI/IconsV3/T_IV3_action_attack_token_32.T_IV3_action_attack_token_32
2026.10.06-02.18.39 DAMAGE fighter=f-1-hero bbox=(1159,704,1199,732) amount=1 seq=24 placement=right ring=0 hardPx2=0 softPx2=0
2026.10.06-02.18.39 ARTPREVIEW anim fighter=f-0-hero clip=Idle len=2.333 event=clipFinished loop=1 phase=0.8071 seq=-1 asset=AM_Medusa_Idle rate=1.00
2026.10.06-02.18.39 game -> room=cmuw1u4nq0561t84m7cuv93yr code=<redacted> status=IN_PROGRESS
2026.10.06-02.18.39 ARTPREVIEW anim fighter=f-1-hero clip=Idle len=2.500 event=clipFinished loop=1 phase=0.3470 seq=-1 asset=AM_KingArthur_Idle rate=1.00
2026.10.06-02.18.39 CUE fx done id=CUE-008 subject=f-0-hero seq=25 t=39573 ms=600 cut=0
2026.10.06-02.18.39 TAG fighter=f-0-hero bbox=(932,654,1034,676) mode=compact look=P1 placement=above ring=0 hardPx2=0 softPx2=0 order=5 bound=1
2026.10.06-02.18.39 TAG fighter=f-0-sk0 bbox=(509,496,593,518) mode=compact look=P1 placement=above ring=0 hardPx2=0 softPx2=0 order=2 bound=1
2026.10.06-02.18.39 TAG fighter=f-0-sk1 bbox=(396,458,480,480) mode=compact look=P1 placement=above ring=0 hardPx2=0 softPx2=0 order=1 bound=1
2026.10.06-02.18.39 TAG fighter=f-0-sk2 bbox=(308,584,392,606) mode=compact look=P1 placement=left ring=0 hardPx2=0 softPx2=0 order=4 bound=1
2026.10.06-02.18.39 TAG fighter=f-1-hero bbox=(1055,707,1157,729) mode=compact look=P2 placement=above ring=0 hardPx2=0 softPx2=0 order=0 bound=1
2026.10.06-02.18.39 TAG fighter=f-1-sk0 bbox=(1130,510,1214,532) mode=compact look=P2 placement=above ring=0 hardPx2=0 softPx2=0 order=3 bound=1
2026.10.06-02.18.39 ICON fighter=f-1-hero bbox=(1151,754,1183,786) size=32 src=combat anchor=right fallback=0 overlapPx2=0 texture=/Game/S08/UI/IconsV3/T_IV3_action_attack_token_32.T_IV3_action_attack_token_32
2026.10.06-02.18.39 SNAPSHOT applied seq=26 phase=COMBAT_RESOLVE
2026.10.06-02.18.39 HANDLE_APPLIED #38 seq=26 decision=2 fightersValid=1 boardValid=1
2026.10.06-02.18.39 CUE sound id=CUE-009 point=cue subject=f-1-hero seq=26 t=39973 event_t=39973 dt=0 class=SFX sound=SW_CMB_DEFENSE_PLAYED_01 gain=0.80 result=played
2026.10.06-02.18.39 VO event=DEFEND speaker=ARTHUR t=39973 result=played line=ARTHUR-DEFEND-02 prio=4
2026.10.06-02.18.39 VO subtitle line=ARTHUR-DEFEND-02 until=41274
2026.10.06-02.18.39 CUE fx id=CUE-009 subject=f-1-hero seq=26 t=39973 vfx=missing sfx=missing clip=none mat=FxFlash socket=Head reduced=0 result=fallback
2026.10.06-02.18.39 closed mode=
2026.10.06-02.18.39 MODE seq=26 mode=5 combat=1 pending=0
2026.10.06-02.18.39 HUD seq=26 phase=COMBAT_RESOLVE turn=you hand=2 oppHand=6(hidden) oppDeck=21~ deck=23~ discard=5
2026.10.06-02.18.39 MS-STATUS seq=26 text="Resolve the combat (R)"
2026.10.06-02.18.39 ARTPREVIEW fighter=Medusa hero=1 eligible=0 visual=1 mesh=SK_Medusa_H2LD
2026.10.06-02.18.39 FIGHTERS synced n=6 alive=6 own=4 enemy=2
2026.10.06-02.18.39 WS seq=26 phase=COMBAT_RESOLVE (apply)
2026.10.06-02.18.39 S09AUTO drive mode=5 plan=[attack+scheme] phase=COMBAT_RESOLVE turn=cmuhntivg0000wib0anhqyswc
2026.10.06-02.18.39 TAG fighter=f-0-hero bbox=(932,654,1034,676) mode=compact look=P1 placement=above ring=0 hardPx2=0 softPx2=0 order=5 bound=1
2026.10.06-02.18.39 TAG fighter=f-0-sk0 bbox=(509,496,593,518) mode=compact look=P1 placement=above ring=0 hardPx2=0 softPx2=0 order=2 bound=1
2026.10.06-02.18.39 TAG fighter=f-0-sk1 bbox=(396,458,480,480) mode=compact look=P1 placement=above ring=0 hardPx2=0 softPx2=0 order=1 bound=1
2026.10.06-02.18.39 TAG fighter=f-0-sk2 bbox=(308,584,392,606) mode=compact look=P1 placement=left ring=0 hardPx2=0 softPx2=0 order=4 bound=1
2026.10.06-02.18.39 TAG fighter=f-1-hero bbox=(1055,707,1157,729) mode=compact look=P2 placement=above ring=0 hardPx2=0 softPx2=0 order=0 bound=1
2026.10.06-02.18.39 TAG fighter=f-1-sk0 bbox=(1130,510,1214,532) mode=compact look=P2 placement=above ring=0 hardPx2=0 softPx2=0 order=3 bound=1
2026.10.06-02.18.39 ICON fighter=f-1-hero bbox=(1151,754,1183,786) size=32 src=combat anchor=right fallback=0 overlapPx2=0 texture=/Game/S08/UI/IconsV3/T_IV3_action_attack_token_32.T_IV3_action_attack_token_32
2026.10.06-02.18.40 SNAPSHOT applied seq=27 phase=ACTION_MANEUVER
2026.10.06-02.18.40 HANDLE_APPLIED #39 seq=27 decision=2 fightersValid=1 boardValid=1
2026.10.06-02.18.40 COMBAT-RESULT seq=27 damage=1 role=attacked
2026.10.06-02.18.40 COMBAT-LOG seq=27 log=27 n=3 entries=1 lines=1 src=log outcomes=APPLIED:1
2026.10.06-02.18.40 CUE combat seq=27 stage=start t=40073 attacker=f-0-hero target=f-1-hero text=1 lines=1 damage=1 lethal=0 shown=0 speed=1.00 flip=620 contact=333 src=notify a=2 d=1 outcome=win
2026.10.06-02.18.40 CUE fx id=CUE-010 subject=scene seq=27 t=40073 vfx=none sfx=missing clip=none mat=none socket=- reduced=0 result=fallback
2026.10.06-02.18.40 CUE sound id=CUE-010 point=cue subject=card.attack seq=27 t=40073 event_t=40073 dt=0 class=SFX sound=SW_CRD_FLIP_03 gain=0.80 result=played
2026.10.06-02.18.40 CUE sound id=CUE-010 point=cue subject=card.defense seq=27 t=40073 event_t=40073 dt=0 class=SFX sound=SW_CRD_FLIP_01 gain=0.80 result=played
2026.10.06-02.18.40 closed mode=
2026.10.06-02.18.40 MODE seq=27 mode=0 combat=0 pending=0
2026.10.06-02.18.40 MS-OPP verb=none seq=27
2026.10.06-02.18.40 HUD seq=27 phase=ACTION_MANEUVER turn=you hand=2 oppHand=6(hidden) oppDeck=21~ deck=23~ discard=5
2026.10.06-02.18.40 MS-STATUS seq=27 text="Choose an action: maneuver (M), attack (A) or scheme (G)"
2026.10.06-02.18.40 ARTPREVIEW fighter=Medusa hero=1 eligible=0 visual=1 mesh=SK_Medusa_H2LD
2026.10.06-02.18.40 FIGHTERS synced n=6 alive=6 own=4 enemy=2
2026.10.06-02.18.40 CUE damage f-1-hero -1 seq=27 staged=contact
2026.10.06-02.18.40 WS seq=27 phase=ACTION_MANEUVER (apply)
2026.10.06-02.18.40 S09AUTO drive mode=0 plan=[attack+scheme] phase=ACTION_MANEUVER turn=cmuhntivg0000wib0anhqyswc
2026.10.06-02.18.40 S09AUTO attack (attacker=f-0-hero target-set card-set)
2026.10.06-02.18.40 ATTACK sent ability=none
2026.10.06-02.18.40 HUD-TRACK chosen=attack seq=27 spent=1
2026.10.06-02.18.40 MS-STATUS seq=27 text="Syncing…"
2026.10.06-02.18.40 HUD-TRACK own=2/2 server=1 local=1 opp=0/2 oppVisible=0 anim=spend/- seq=27 frame=1114
2026.10.06-02.18.40 TAG fighter=f-0-hero bbox=(932,654,1034,676) mode=compact look=P1 placement=above ring=0 hardPx2=0 softPx2=0 order=5 bound=1
2026.10.06-02.18.40 TAG fighter=f-0-sk0 bbox=(509,496,593,518) mode=compact look=P1 placement=above ring=0 hardPx2=0 softPx2=0 order=2 bound=1
2026.10.06-02.18.40 TAG fighter=f-0-sk1 bbox=(396,458,480,480) mode=compact look=P1 placement=above ring=0 hardPx2=0 softPx2=0 order=1 bound=1
2026.10.06-02.18.40 TAG fighter=f-0-sk2 bbox=(308,584,392,606) mode=compact look=P1 placement=left ring=0 hardPx2=0 softPx2=0 order=4 bound=1
2026.10.06-02.18.40 TAG fighter=f-1-hero bbox=(1055,707,1157,729) mode=compact look=P2 placement=above ring=0 hardPx2=0 softPx2=0 order=0 bound=1
2026.10.06-02.18.40 TAG fighter=f-1-sk0 bbox=(1130,510,1214,532) mode=compact look=P2 placement=above ring=0 hardPx2=0 softPx2=0 order=3 bound=1
2026.10.06-02.18.40 ICON fighter=f-1-hero bbox=(1151,754,1183,786) size=32 src=combat anchor=right fallback=0 overlapPx2=0 texture=/Game/S08/UI/IconsV3/T_IV3_action_attack_token_32.T_IV3_action_attack_token_32
2026.10.06-02.18.40 SNAPSHOT applied seq=28 phase=COMBAT
2026.10.06-02.18.40 HANDLE_APPLIED #40 seq=28 decision=2 fightersValid=1 boardValid=1
2026.10.06-02.18.40 CUE sound id=CUE-008 point=cue subject=f-0-hero seq=28 t=40173 event_t=40173 dt=0 class=SFX sound=SW_CMB_ATTACK_DECLARE_02 gain=0.80 result=played
2026.10.06-02.18.40 VO event=ATTACK speaker=MEDUSA t=40173 result=skipped line=- prio=3 reason=gap
2026.10.06-02.18.40 CUE fx id=CUE-008 subject=f-0-hero seq=28 t=40173 vfx=missing sfx=missing clip=none mat=none socket=Weapon reduced=0 result=fallback
2026.10.06-02.18.40 CUE combat seq=27 stage=skip t=40173 src=catchup
2026.10.06-02.18.40 CATCHUP seq=27 latest=28 queued=1 lag=0 t=40173 action=hurry reason=combat applied=1
2026.10.06-02.18.40 closed mode=
2026.10.06-02.18.40 MODE seq=28 mode=0 combat=1 pending=0
2026.10.06-02.18.40 MS-OPP verb=defend seq=28
2026.10.06-02.18.40 MS-TRACK own=2/2 opp=0/2 oppVisible=0 seq=28
2026.10.06-02.18.40 HUD seq=28 phase=COMBAT turn=you hand=1 oppHand=6(hidden) oppDeck=21 deck=23 discard=6
2026.10.06-02.18.40 MS-STATUS seq=28 text="Waiting for the defender"
2026.10.06-02.18.40 ARTPREVIEW fighter=Medusa hero=1 eligible=0 visual=1 mesh=SK_Medusa_H2LD
2026.10.06-02.18.40 FIGHTERS synced n=6 alive=6 own=4 enemy=2
2026.10.06-02.18.40 ATTACK done seq=28 (apply) phase=COMBAT
2026.10.06-02.18.40 SNAPSHOT applied seq=28 phase=COMBAT
2026.10.06-02.18.40 HANDLE_APPLIED #41 seq=28 decision=1 fightersValid=1 boardValid=1
2026.10.06-02.18.40 MODE seq=28 mode=0 combat=1 pending=0
2026.10.06-02.18.40 HUD seq=28 phase=COMBAT turn=you hand=1 oppHand=6(hidden) oppDeck=21 deck=23 discard=6
2026.10.06-02.18.40 ARTPREVIEW fighter=Medusa hero=1 eligible=0 visual=1 mesh=SK_Medusa_H2LD
2026.10.06-02.18.40 FIGHTERS synced n=6 alive=6 own=4 enemy=2
2026.10.06-02.18.40 WS seq=28 phase=COMBAT (merge)
2026.10.06-02.18.40 HUD-TRACK own=2/2 server=2 local=0 opp=0/2 oppVisible=0 anim=-/- seq=28 frame=1116
2026.10.06-02.18.40 TAG fighter=f-0-hero bbox=(932,654,1034,676) mode=compact look=P1 placement=above ring=0 hardPx2=0 softPx2=0 order=5 bound=1
2026.10.06-02.18.40 TAG fighter=f-0-sk0 bbox=(509,496,593,518) mode=compact look=P1 placement=above ring=0 hardPx2=0 softPx2=0 order=2 bound=1
2026.10.06-02.18.40 TAG fighter=f-0-sk1 bbox=(396,458,480,480) mode=compact look=P1 placement=above ring=0 hardPx2=0 softPx2=0 order=1 bound=1
2026.10.06-02.18.40 TAG fighter=f-0-sk2 bbox=(308,584,392,606) mode=compact look=P1 placement=left ring=0 hardPx2=0 softPx2=0 order=4 bound=1
2026.10.06-02.18.40 TAG fighter=f-1-hero bbox=(1055,707,1157,729) mode=compact look=P2 placement=above ring=0 hardPx2=0 softPx2=0 order=0 bound=1
2026.10.06-02.18.40 TAG fighter=f-1-sk0 bbox=(1130,510,1214,532) mode=compact look=P2 placement=above ring=0 hardPx2=0 softPx2=0 order=3 bound=1
2026.10.06-02.18.40 ICON fighter=f-1-hero bbox=(1151,754,1183,786) size=32 src=combat anchor=right fallback=0 overlapPx2=0 texture=/Game/S08/UI/IconsV3/T_IV3_action_attack_token_32.T_IV3_action_attack_token_32
2026.10.06-02.18.40 SNAPSHOT applied seq=29 phase=COMBAT_RESOLVE
2026.10.06-02.18.40 HANDLE_APPLIED #42 seq=29 decision=2 fightersValid=1 boardValid=1
2026.10.06-02.18.40 CUE sound id=CUE-009 point=cue subject=f-1-hero seq=29 t=40306 event_t=40306 dt=0 class=SFX sound=SW_CMB_DEFENSE_PLAYED_02 gain=0.80 result=played
2026.10.06-02.18.40 VO event=DEFEND speaker=ARTHUR t=40306 result=skipped line=- prio=4 reason=cooldown
2026.10.06-02.18.40 CUE fx done id=CUE-008 subject=f-0-hero seq=28 t=40306 ms=133 cut=interrupt
2026.10.06-02.18.40 CUE fx done id=CUE-009 subject=f-1-hero seq=26 t=40306 ms=333 cut=replace
2026.10.06-02.18.40 CUE fx id=CUE-009 subject=f-1-hero seq=29 t=40306 vfx=missing sfx=missing clip=none mat=FxFlash socket=Head reduced=0 result=fallback
2026.10.06-02.18.40 closed mode=
2026.10.06-02.18.40 MODE seq=29 mode=5 combat=1 pending=0
2026.10.06-02.18.40 HUD seq=29 phase=COMBAT_RESOLVE turn=you hand=1 oppHand=5(hidden) oppDeck=21~ deck=23~ discard=6
2026.10.06-02.18.40 MS-STATUS seq=29 text="Resolve the combat (R)"
2026.10.06-02.18.40 ARTPREVIEW fighter=Medusa hero=1 eligible=0 visual=1 mesh=SK_Medusa_H2LD
2026.10.06-02.18.40 FIGHTERS synced n=6 alive=6 own=4 enemy=2
2026.10.06-02.18.40 WS seq=29 phase=COMBAT_RESOLVE (apply)
2026.10.06-02.18.40 S09AUTO drive mode=5 plan=[attack+scheme] phase=COMBAT_RESOLVE turn=cmuhntivg0000wib0anhqyswc
2026.10.06-02.18.40 TAG fighter=f-0-hero bbox=(932,654,1034,676) mode=compact look=P1 placement=above ring=0 hardPx2=0 softPx2=0 order=5 bound=1
2026.10.06-02.18.40 TAG fighter=f-0-sk0 bbox=(509,496,593,518) mode=compact look=P1 placement=above ring=0 hardPx2=0 softPx2=0 order=2 bound=1
2026.10.06-02.18.40 TAG fighter=f-0-sk1 bbox=(396,458,480,480) mode=compact look=P1 placement=above ring=0 hardPx2=0 softPx2=0 order=1 bound=1
2026.10.06-02.18.40 TAG fighter=f-0-sk2 bbox=(308,584,392,606) mode=compact look=P1 placement=left ring=0 hardPx2=0 softPx2=0 order=4 bound=1
2026.10.06-02.18.40 TAG fighter=f-1-hero bbox=(1055,707,1157,729) mode=compact look=P2 placement=above ring=0 hardPx2=0 softPx2=0 order=0 bound=1
2026.10.06-02.18.40 TAG fighter=f-1-sk0 bbox=(1130,510,1214,532) mode=compact look=P2 placement=above ring=0 hardPx2=0 softPx2=0 order=3 bound=1
2026.10.06-02.18.40 ICON fighter=f-1-hero bbox=(1151,754,1183,786) size=32 src=combat anchor=right fallback=0 overlapPx2=0 texture=/Game/S08/UI/IconsV3/T_IV3_action_attack_token_32.T_IV3_action_attack_token_32
2026.10.06-02.18.40 SNAPSHOT applied seq=30 phase=ACTION_MANEUVER
2026.10.06-02.18.40 HANDLE_APPLIED #43 seq=30 decision=2 fightersValid=1 boardValid=1
2026.10.06-02.18.40 COMBAT-RESULT seq=30 damage=0 role=attacked
2026.10.06-02.18.40 COMBAT-LOG seq=30 log=30 n=4 entries=1 lines=1 src=log outcomes=APPLIED:1
2026.10.06-02.18.40 CUE fx done id=CUE-010 subject=scene seq=27 t=40440 ms=367 cut=replace
2026.10.06-02.18.40 CUE combat seq=27 stage=end t=40440 total=967 skipped=1 cut=replace
2026.10.06-02.18.40 CUE combat seq=30 stage=start t=40440 attacker=f-0-hero target=f-1-hero text=1 lines=1 damage=0 lethal=0 shown=0 speed=1.00 flip=620 contact=333 src=notify a=2 d=2 outcome=hold
2026.10.06-02.18.40 CUE fx id=CUE-010 subject=scene seq=30 t=40440 vfx=none sfx=missing clip=none mat=none socket=- reduced=0 result=fallback
2026.10.06-02.18.40 ARTPREVIEW fighter=Medusa hero=1 eligible=0 visual=1 mesh=SK_Medusa_H2LD
2026.10.06-02.18.40 ARTPREVIEW fighter=Medusa hero=1 eligible=0 visual=1 mesh=SK_Medusa_H2LD
2026.10.06-02.18.40 CUE sound id=CUE-010 point=cue subject=card.attack seq=30 t=40440 event_t=40440 dt=0 class=SFX sound=SW_CRD_FLIP_03 gain=0.80 result=played
2026.10.06-02.18.40 CUE sound id=CUE-010 point=cue subject=card.defense seq=30 t=40440 event_t=40440 dt=0 class=SFX sound=SW_CRD_FLIP_02 gain=0.80 result=played
2026.10.06-02.18.40 closed mode=
2026.10.06-02.18.40 MODE seq=30 mode=0 combat=0 pending=0
2026.10.06-02.18.40 MS-OPP verb=turn seq=30
2026.10.06-02.18.40 MS-TRACK own=0/2 opp=0/2 oppVisible=1 seq=30
2026.10.06-02.18.40 CUE sound id=CUE-015 point=turn subject=- seq=30 t=40440 event_t=40440 dt=0 class=UI sound=none gain=0.80 result=silent turn=opp reason=opponent
2026.10.06-02.18.40 HUD-TURN seq=30 turn=opp initial=0 ring=marker-turn-ring flash=1000 banner=0 reduced=0
2026.10.06-02.18.40 HUD seq=30 phase=ACTION_MANEUVER turn=opp hand=1 oppHand=5(hidden) oppDeck=21~ deck=23~ discard=6
2026.10.06-02.18.40 MS-STATUS seq=30 text="King Arthur — Opponent is choosing an action"
2026.10.06-02.18.40 ARTPREVIEW fighter=Medusa hero=1 eligible=0 visual=1 mesh=SK_Medusa_H2LD
2026.10.06-02.18.40 FIGHTERS synced n=6 alive=6 own=4 enemy=2
2026.10.06-02.18.40 WS seq=30 phase=ACTION_MANEUVER (apply)
2026.10.06-02.18.40 HUD-HEART side=opp hero=f-1-hero hp=13/18 anim=damage glow=1 played=1
2026.10.06-02.18.40 HUD-TRACK own=0/2 server=0 local=0 opp=0/2 oppVisible=1 anim=reset/reset seq=30 frame=1124
2026.10.06-02.18.40 S09AUTO drive mode=0 plan=[attack+scheme] phase=ACTION_MANEUVER turn=cmuhntiwu0001wib0z281rpa8
2026.10.06-02.18.40 TAG fighter=f-0-hero bbox=(932,654,1034,676) mode=compact look=P1 placement=above ring=0 hardPx2=0 softPx2=0 order=5 bound=1
2026.10.06-02.18.40 TAG fighter=f-0-sk0 bbox=(509,496,593,518) mode=compact look=P1 placement=above ring=0 hardPx2=0 softPx2=0 order=2 bound=1
2026.10.06-02.18.40 TAG fighter=f-0-sk1 bbox=(396,458,480,480) mode=compact look=P1 placement=above ring=0 hardPx2=0 softPx2=0 order=1 bound=1
2026.10.06-02.18.40 TAG fighter=f-0-sk2 bbox=(308,584,392,606) mode=compact look=P1 placement=left ring=0 hardPx2=0 softPx2=0 order=4 bound=1
2026.10.06-02.18.40 TAG fighter=f-1-hero bbox=(1055,707,1157,729) mode=compact look=P2 placement=above ring=0 hardPx2=0 softPx2=0 order=0 bound=1
2026.10.06-02.18.40 TAG fighter=f-1-sk0 bbox=(1130,510,1214,532) mode=compact look=P2 placement=above ring=0 hardPx2=0 softPx2=0 order=3 bound=1
2026.10.06-02.18.40 ICON fighter=f-1-hero bbox=(1151,754,1183,786) size=32 src=combat anchor=right fallback=0 overlapPx2=0 texture=/Game/S08/UI/IconsV3/T_IV3_action_attack_token_32.T_IV3_action_attack_token_32
2026.10.06-02.18.40 TAG fighter=f-0-hero bbox=(932,654,1034,676) mode=compact look=P1 placement=above ring=0 hardPx2=0 softPx2=0 order=5 bound=1
2026.10.06-02.18.40 TAG fighter=f-0-sk0 bbox=(509,496,593,518) mode=compact look=P1 placement=above ring=0 hardPx2=0 softPx2=0 order=2 bound=1
2026.10.06-02.18.40 TAG fighter=f-0-sk1 bbox=(396,458,480,480) mode=compact look=P1 placement=above ring=0 hardPx2=0 softPx2=0 order=1 bound=1
2026.10.06-02.18.40 TAG fighter=f-0-sk2 bbox=(308,584,392,606) mode=compact look=P1 placement=left ring=0 hardPx2=0 softPx2=0 order=4 bound=1
2026.10.06-02.18.40 TAG fighter=f-1-hero bbox=(1055,707,1157,729) mode=compact look=P2 placement=above ring=0 hardPx2=0 softPx2=0 order=0 bound=1
2026.10.06-02.18.40 TAG fighter=f-1-sk0 bbox=(1130,510,1214,532) mode=compact look=P2 placement=above ring=0 hardPx2=0 softPx2=0 order=3 bound=1
2026.10.06-02.18.40 ICON fighter=f-1-hero bbox=(1151,754,1183,786) size=32 src=combat anchor=right fallback=0 overlapPx2=0 texture=/Game/S08/UI/IconsV3/T_IV3_action_attack_token_32.T_IV3_action_attack_token_32
2026.10.06-02.18.40 SNAPSHOT applied seq=31 phase=ACTION_MANEUVER
2026.10.06-02.18.40 HANDLE_APPLIED #44 seq=31 decision=2 fightersValid=1 boardValid=1
2026.10.06-02.18.40 MODE seq=31 mode=0 combat=0 pending=0
2026.10.06-02.18.40 MS-OPP verb=maneuver seq=31
2026.10.06-02.18.40 MS-TRACK own=0/2 opp=1/2 oppVisible=1 seq=31
2026.10.06-02.18.40 MS-OPP planning=1 seq=31
2026.10.06-02.18.40 CUE sound id=CUE-005 point=cue subject=hand.opp seq=31 t=40540 event_t=40540 dt=0 class=SFX sound=SW_CRD_DRAW_02 gain=0.80 result=played
2026.10.06-02.18.40 HUD seq=31 phase=ACTION_MANEUVER turn=opp hand=1 oppHand=6(hidden) oppDeck=21~ deck=23~ discard=6
2026.10.06-02.18.40 MS-STATUS seq=31 text="King Arthur — Opponent is planning a maneuver"
2026.10.06-02.18.40 ARTPREVIEW fighter=Medusa hero=1 eligible=0 visual=1 mesh=SK_Medusa_H2LD
2026.10.06-02.18.40 FIGHTERS synced n=6 alive=6 own=4 enemy=2
2026.10.06-02.18.40 WS seq=31 phase=ACTION_MANEUVER (apply)
2026.10.06-02.18.40 HUD-TRACK own=0/2 server=0 local=0 opp=1/2 oppVisible=1 anim=-/spend seq=31 frame=1127
2026.10.06-02.18.40 SNAPSHOT applied seq=32 phase=ACTION_MANEUVER
2026.10.06-02.18.40 HANDLE_APPLIED #45 seq=32 decision=2 fightersValid=1 boardValid=1
2026.10.06-02.18.40 MODE seq=32 mode=0 combat=0 pending=0
2026.10.06-02.18.40 MS-OPP verb=turn seq=32
2026.10.06-02.18.40 MS-OPP planning=0 seq=32
2026.10.06-02.18.40 MS-LAST enter seq=32 player=cmuhntiwu0001wib0z281rpa8 source=MANEUVER moves=2 boost=-1
2026.10.06-02.18.40 HUD seq=32 phase=ACTION_MANEUVER turn=opp hand=1 oppHand=6(hidden) oppDeck=21~ deck=23~ discard=6
2026.10.06-02.18.40 MS-STATUS seq=32 text="King Arthur — Opponent is choosing an action"
2026.10.06-02.18.40 ARTPREVIEW fighter=Medusa hero=1 eligible=0 visual=1 mesh=SK_Medusa_H2LD
2026.10.06-02.18.40 ARTPREVIEW heroesV2 fighter=f-1-sk0 mesh=/Game/PipelineCandidates/Merlin/H2LD/Meshes/SK_Merlin_H2LD mi=/Game/PipelineCandidates/Merlin/H2LD/Materials/MI_Merlin_H2LD_P2 yaw=90.0 scale=1.0003 name=Merlin hero=0 look=P2 base=/Game/PipelineCandidates/Merlin/H2LD/Meshes/SM_Merlin_H2LD_Base baseMi=/Game/PipelineCandidates/Merlin/H2LD/Materials/MI_Merlin_H2LD_Base_P2 skeleton=/Game/PipelineCandidates/Merlin/Rig/SK_Merlin_Skeleton.SK_Merlin_Skeleton clips=4/4 boundsTop=49.44 figureTop=45.00 budget=45.0
2026.10.06-02.18.40 FIGHTERS synced n=6 alive=6 own=4 enemy=2
2026.10.06-02.18.40 MS-CUE move seq=32 fighter=f-1-hero order=0 of=2 kind=move steps=1 source=trail start=0 ms=280 snapped=0 path=S36>S32 speed=normal reduced=0
2026.10.06-02.18.40 MS-CUE move seq=32 fighter=f-1-sk0 order=1 of=2 kind=move steps=1 source=trail start=196 ms=280 snapped=0 path=S25>S22 speed=normal reduced=0
2026.10.06-02.18.40 CUE sound id=CUE-007 point=step subject=f-1-hero seq=32 t=40640 event_t=40640 dt=0 class=SFX sound=SW_BRD_STEP_05 gain=0.80 result=played edge=1/1 due=40640
2026.10.06-02.18.40 MS-ANIM play seq=32 moves=2 animated=2 speed=normal reduced=0 end=626
2026.10.06-02.18.40 CUE move f-1-hero (5,5)->(5,4) seq=32
2026.10.06-02.18.40 CUE move f-1-sk0 (6,3)->(6,2) seq=32
2026.10.06-02.18.40 WS seq=32 phase=ACTION_MANEUVER (apply)
2026.10.06-02.18.40 TAG fighter=f-0-hero bbox=(932,654,1034,676) mode=compact look=P1 placement=above ring=0 hardPx2=0 softPx2=0 order=5 bound=1
2026.10.06-02.18.40 TAG fighter=f-0-sk0 bbox=(509,496,593,518) mode=compact look=P1 placement=above ring=0 hardPx2=0 softPx2=0 order=2 bound=1
2026.10.06-02.18.40 TAG fighter=f-0-sk1 bbox=(396,458,480,480) mode=compact look=P1 placement=above ring=0 hardPx2=0 softPx2=0 order=1 bound=1
2026.10.06-02.18.40 TAG fighter=f-0-sk2 bbox=(308,584,392,606) mode=compact look=P1 placement=left ring=0 hardPx2=0 softPx2=0 order=4 bound=1
2026.10.06-02.18.40 TAG fighter=f-1-hero bbox=(1057,693,1159,715) mode=compact look=P2 placement=above ring=0 hardPx2=0 softPx2=0 order=0 bound=1
2026.10.06-02.18.40 TAG fighter=f-1-sk0 bbox=(1130,510,1214,532) mode=compact look=P2 placement=above ring=0 hardPx2=0 softPx2=0 order=3 bound=1
2026.10.06-02.18.40 ICON fighter=f-1-hero bbox=(1153,740,1185,772) size=32 src=combat anchor=right fallback=0 overlapPx2=0 texture=/Game/S08/UI/IconsV3/T_IV3_action_attack_token_32.T_IV3_action_attack_token_32
2026.10.06-02.18.40 TAG fighter=f-0-hero bbox=(932,654,1034,676) mode=compact look=P1 placement=above ring=0 hardPx2=0 softPx2=0 order=5 bound=1
2026.10.06-02.18.40 TAG fighter=f-0-sk0 bbox=(509,496,593,518) mode=compact look=P1 placement=above ring=0 hardPx2=0 softPx2=0 order=2 bound=1
2026.10.06-02.18.40 TAG fighter=f-0-sk1 bbox=(396,458,480,480) mode=compact look=P1 placement=above ring=0 hardPx2=0 softPx2=0 order=1 bound=1
2026.10.06-02.18.40 TAG fighter=f-0-sk2 bbox=(308,584,392,606) mode=compact look=P1 placement=left ring=0 hardPx2=0 softPx2=0 order=4 bound=1
2026.10.06-02.18.40 TAG fighter=f-1-hero bbox=(1059,680,1161,702) mode=compact look=P2 placement=above ring=0 hardPx2=0 softPx2=0 order=0 bound=1
2026.10.06-02.18.40 TAG fighter=f-1-sk0 bbox=(1130,510,1214,532) mode=compact look=P2 placement=above ring=0 hardPx2=0 softPx2=0 order=3 bound=1
2026.10.06-02.18.40 ICON fighter=f-1-hero bbox=(1155,727,1187,759) size=32 src=combat anchor=right fallback=0 overlapPx2=0 texture=/Game/S08/UI/IconsV3/T_IV3_action_attack_token_32.T_IV3_action_attack_token_32
2026.10.06-02.18.40 TAG fighter=f-0-hero bbox=(932,654,1034,676) mode=compact look=P1 placement=above ring=0 hardPx2=0 softPx2=0 order=5 bound=1
2026.10.06-02.18.40 TAG fighter=f-0-sk0 bbox=(509,496,593,518) mode=compact look=P1 placement=above ring=0 hardPx2=0 softPx2=0 order=2 bound=1
2026.10.06-02.18.40 TAG fighter=f-0-sk1 bbox=(396,458,480,480) mode=compact look=P1 placement=above ring=0 hardPx2=0 softPx2=0 order=1 bound=1
2026.10.06-02.18.40 TAG fighter=f-0-sk2 bbox=(308,584,392,606) mode=compact look=P1 placement=left ring=0 hardPx2=0 softPx2=0 order=4 bound=1
2026.10.06-02.18.40 TAG fighter=f-1-hero bbox=(1061,666,1163,688) mode=compact look=P2 placement=above ring=0 hardPx2=0 softPx2=0 order=0 bound=1
2026.10.06-02.18.40 TAG fighter=f-1-sk0 bbox=(1130,510,1214,532) mode=compact look=P2 placement=above ring=0 hardPx2=0 softPx2=0 order=3 bound=1
2026.10.06-02.18.40 ICON fighter=f-1-hero bbox=(1157,713,1189,745) size=32 src=combat anchor=right fallback=0 overlapPx2=0 texture=/Game/S08/UI/IconsV3/T_IV3_action_attack_token_32.T_IV3_action_attack_token_32
2026.10.06-02.18.40 TAG fighter=f-0-hero bbox=(932,654,1034,676) mode=compact look=P1 placement=above ring=0 hardPx2=0 softPx2=0 order=5 bound=1
2026.10.06-02.18.40 TAG fighter=f-0-sk0 bbox=(509,496,593,518) mode=compact look=P1 placement=above ring=0 hardPx2=0 softPx2=0 order=2 bound=1
2026.10.06-02.18.40 TAG fighter=f-0-sk1 bbox=(396,458,480,480) mode=compact look=P1 placement=above ring=0 hardPx2=0 softPx2=0 order=1 bound=1
2026.10.06-02.18.40 TAG fighter=f-0-sk2 bbox=(308,584,392,606) mode=compact look=P1 placement=left ring=0 hardPx2=0 softPx2=0 order=4 bound=1
2026.10.06-02.18.40 TAG fighter=f-1-hero bbox=(1063,653,1165,675) mode=compact look=P2 placement=above ring=0 hardPx2=0 softPx2=0 order=0 bound=1
2026.10.06-02.18.40 TAG fighter=f-1-sk0 bbox=(1130,510,1214,532) mode=compact look=P2 placement=above ring=0 hardPx2=0 softPx2=0 order=3 bound=1
2026.10.06-02.18.40 ICON fighter=f-1-hero bbox=(1159,699,1191,731) size=32 src=combat anchor=right fallback=0 overlapPx2=0 texture=/Game/S08/UI/IconsV3/T_IV3_action_attack_token_32.T_IV3_action_attack_token_32
2026.10.06-02.18.40 CUE fx done id=CUE-009 subject=f-1-hero seq=29 t=40806 ms=500 cut=0
2026.10.06-02.18.40 TAG fighter=f-0-hero bbox=(932,654,1034,676) mode=compact look=P1 placement=above ring=0 hardPx2=0 softPx2=0 order=5 bound=1
2026.10.06-02.18.40 TAG fighter=f-0-sk0 bbox=(509,496,593,518) mode=compact look=P1 placement=above ring=0 hardPx2=0 softPx2=0 order=2 bound=1
2026.10.06-02.18.40 TAG fighter=f-0-sk1 bbox=(396,458,480,480) mode=compact look=P1 placement=above ring=0 hardPx2=0 softPx2=0 order=1 bound=1
2026.10.06-02.18.40 TAG fighter=f-0-sk2 bbox=(308,584,392,606) mode=compact look=P1 placement=left ring=0 hardPx2=0 softPx2=0 order=4 bound=1
2026.10.06-02.18.40 TAG fighter=f-1-hero bbox=(1065,640,1167,662) mode=compact look=P2 placement=above ring=0 hardPx2=0 softPx2=0 order=0 bound=1
2026.10.06-02.18.40 TAG fighter=f-1-sk0 bbox=(1130,510,1214,532) mode=compact look=P2 placement=above ring=0 hardPx2=0 softPx2=0 order=3 bound=1
2026.10.06-02.18.40 ICON fighter=f-1-hero bbox=(1161,686,1193,718) size=32 src=combat anchor=right fallback=0 overlapPx2=0 texture=/Game/S08/UI/IconsV3/T_IV3_action_attack_token_32.T_IV3_action_attack_token_32
2026.10.06-02.18.40 CUE sound id=CUE-007 point=step subject=f-1-sk0 seq=32 t=40840 event_t=40840 dt=0 class=SFX sound=SW_BRD_STEP_03 gain=0.80 result=played edge=1/1 due=40836
2026.10.06-02.18.40 TAG fighter=f-0-hero bbox=(932,654,1034,676) mode=compact look=P1 placement=above ring=0 hardPx2=0 softPx2=0 order=5 bound=1
2026.10.06-02.18.40 TAG fighter=f-0-sk0 bbox=(509,496,593,518) mode=compact look=P1 placement=above ring=0 hardPx2=0 softPx2=0 order=2 bound=1
2026.10.06-02.18.40 TAG fighter=f-0-sk1 bbox=(396,458,480,480) mode=compact look=P1 placement=above ring=0 hardPx2=0 softPx2=0 order=1 bound=1
2026.10.06-02.18.40 TAG fighter=f-0-sk2 bbox=(308,584,392,606) mode=compact look=P1 placement=left ring=0 hardPx2=0 softPx2=0 order=4 bound=1
2026.10.06-02.18.40 TAG fighter=f-1-hero bbox=(1067,626,1169,648) mode=compact look=P2 placement=above ring=0 hardPx2=0 softPx2=0 order=0 bound=1
2026.10.06-02.18.40 TAG fighter=f-1-sk0 bbox=(1131,509,1215,531) mode=compact look=P2 placement=above ring=0 hardPx2=0 softPx2=0 order=3 bound=1
2026.10.06-02.18.40 ICON fighter=f-1-hero bbox=(1163,673,1195,705) size=32 src=combat anchor=right fallback=0 overlapPx2=0 texture=/Game/S08/UI/IconsV3/T_IV3_action_attack_token_32.T_IV3_action_attack_token_32
2026.10.06-02.18.40 TAG fighter=f-0-hero bbox=(932,654,1034,676) mode=compact look=P1 placement=above ring=0 hardPx2=0 softPx2=0 order=5 bound=1
2026.10.06-02.18.40 TAG fighter=f-0-sk0 bbox=(509,496,593,518) mode=compact look=P1 placement=above ring=0 hardPx2=0 softPx2=0 order=2 bound=1
2026.10.06-02.18.40 TAG fighter=f-0-sk1 bbox=(396,458,480,480) mode=compact look=P1 placement=above ring=0 hardPx2=0 softPx2=0 order=1 bound=1
2026.10.06-02.18.40 TAG fighter=f-0-sk2 bbox=(308,584,392,606) mode=compact look=P1 placement=left ring=0 hardPx2=0 softPx2=0 order=4 bound=1
2026.10.06-02.18.40 TAG fighter=f-1-hero bbox=(1069,613,1171,635) mode=compact look=P2 placement=above ring=0 hardPx2=0 softPx2=0 order=0 bound=1
2026.10.06-02.18.40 TAG fighter=f-1-sk0 bbox=(1139,499,1223,521) mode=compact look=P2 placement=above ring=0 hardPx2=0 softPx2=0 order=3 bound=1
2026.10.06-02.18.40 ICON fighter=f-1-hero bbox=(1165,659,1197,691) size=32 src=combat anchor=right fallback=0 overlapPx2=0 texture=/Game/S08/UI/IconsV3/T_IV3_action_attack_token_32.T_IV3_action_attack_token_32
2026.10.06-02.18.40 TAG fighter=f-0-hero bbox=(932,654,1034,676) mode=compact look=P1 placement=above ring=0 hardPx2=0 softPx2=0 order=5 bound=1
2026.10.06-02.18.40 TAG fighter=f-0-sk0 bbox=(509,496,593,518) mode=compact look=P1 placement=above ring=0 hardPx2=0 softPx2=0 order=3 bound=1
2026.10.06-02.18.40 TAG fighter=f-0-sk1 bbox=(396,458,480,480) mode=compact look=P1 placement=above ring=0 hardPx2=0 softPx2=0 order=1 bound=1
2026.10.06-02.18.40 TAG fighter=f-0-sk2 bbox=(308,584,392,606) mode=compact look=P1 placement=left ring=0 hardPx2=0 softPx2=0 order=4 bound=1
2026.10.06-02.18.40 TAG fighter=f-1-hero bbox=(1071,600,1173,622) mode=compact look=P2 placement=above ring=0 hardPx2=0 softPx2=0 order=0 bound=1
2026.10.06-02.18.40 TAG fighter=f-1-sk0 bbox=(1148,489,1232,511) mode=compact look=P2 placement=above ring=0 hardPx2=0 softPx2=0 order=2 bound=1
2026.10.06-02.18.40 ICON fighter=f-1-hero bbox=(1167,646,1199,678) size=32 src=combat anchor=right fallback=0 overlapPx2=0 texture=/Game/S08/UI/IconsV3/T_IV3_action_attack_token_32.T_IV3_action_attack_token_32
2026.10.06-02.18.40 TAG fighter=f-0-hero bbox=(932,654,1034,676) mode=compact look=P1 placement=above ring=0 hardPx2=0 softPx2=0 order=5 bound=1
2026.10.06-02.18.40 TAG fighter=f-0-sk0 bbox=(509,496,593,518) mode=compact look=P1 placement=above ring=0 hardPx2=0 softPx2=0 order=3 bound=1
2026.10.06-02.18.40 TAG fighter=f-0-sk1 bbox=(396,458,480,480) mode=compact look=P1 placement=above ring=0 hardPx2=0 softPx2=0 order=1 bound=1
2026.10.06-02.18.40 TAG fighter=f-0-sk2 bbox=(308,584,392,606) mode=compact look=P1 placement=left ring=0 hardPx2=0 softPx2=0 order=4 bound=1
2026.10.06-02.18.40 TAG fighter=f-1-hero bbox=(1072,595,1174,617) mode=compact look=P2 placement=above ring=0 hardPx2=0 softPx2=0 order=0 bound=1
2026.10.06-02.18.40 TAG fighter=f-1-sk0 bbox=(1156,479,1240,501) mode=compact look=P2 placement=above ring=0 hardPx2=0 softPx2=0 order=2 bound=1
2026.10.06-02.18.40 ICON fighter=f-1-hero bbox=(1168,641,1200,673) size=32 src=combat anchor=right fallback=0 overlapPx2=0 texture=/Game/S08/UI/IconsV3/T_IV3_action_attack_token_32.T_IV3_action_attack_token_32
2026.10.06-02.18.40 TAG fighter=f-0-hero bbox=(932,654,1034,676) mode=compact look=P1 placement=above ring=0 hardPx2=0 softPx2=0 order=5 bound=1
2026.10.06-02.18.40 TAG fighter=f-0-sk0 bbox=(509,496,593,518) mode=compact look=P1 placement=above ring=0 hardPx2=0 softPx2=0 order=3 bound=1
2026.10.06-02.18.40 TAG fighter=f-0-sk1 bbox=(396,458,480,480) mode=compact look=P1 placement=above ring=0 hardPx2=0 softPx2=0 order=1 bound=1
2026.10.06-02.18.40 TAG fighter=f-0-sk2 bbox=(308,584,392,606) mode=compact look=P1 placement=left ring=0 hardPx2=0 softPx2=0 order=4 bound=1
2026.10.06-02.18.40 TAG fighter=f-1-hero bbox=(1072,595,1174,617) mode=compact look=P2 placement=above ring=0 hardPx2=0 softPx2=0 order=0 bound=1
2026.10.06-02.18.40 TAG fighter=f-1-sk0 bbox=(1165,469,1249,491) mode=compact look=P2 placement=above ring=0 hardPx2=0 softPx2=0 order=2 bound=1
2026.10.06-02.18.40 ICON fighter=f-1-hero bbox=(1168,641,1200,673) size=32 src=combat anchor=right fallback=0 overlapPx2=0 texture=/Game/S08/UI/IconsV3/T_IV3_action_attack_token_32.T_IV3_action_attack_token_32
2026.10.06-02.18.40 TAG fighter=f-0-hero bbox=(932,654,1034,676) mode=compact look=P1 placement=above ring=0 hardPx2=0 softPx2=0 order=5 bound=1
2026.10.06-02.18.40 TAG fighter=f-0-sk0 bbox=(509,496,593,518) mode=compact look=P1 placement=above ring=0 hardPx2=0 softPx2=0 order=3 bound=1
2026.10.06-02.18.40 TAG fighter=f-0-sk1 bbox=(396,458,480,480) mode=compact look=P1 placement=above ring=0 hardPx2=0 softPx2=0 order=1 bound=1
2026.10.06-02.18.40 TAG fighter=f-0-sk2 bbox=(308,584,392,606) mode=compact look=P1 placement=left ring=0 hardPx2=0 softPx2=0 order=4 bound=1
2026.10.06-02.18.40 TAG fighter=f-1-hero bbox=(1072,595,1174,617) mode=compact look=P2 placement=above ring=0 hardPx2=0 softPx2=0 order=0 bound=1
2026.10.06-02.18.40 TAG fighter=f-1-sk0 bbox=(1173,460,1257,482) mode=compact look=P2 placement=above ring=0 hardPx2=0 softPx2=0 order=2 bound=1
2026.10.06-02.18.40 ICON fighter=f-1-hero bbox=(1168,641,1200,673) size=32 src=combat anchor=right fallback=0 overlapPx2=0 texture=/Game/S08/UI/IconsV3/T_IV3_action_attack_token_32.T_IV3_action_attack_token_32
2026.10.06-02.18.40 TAG fighter=f-0-hero bbox=(932,654,1034,676) mode=compact look=P1 placement=above ring=0 hardPx2=0 softPx2=0 order=5 bound=1
2026.10.06-02.18.40 TAG fighter=f-0-sk0 bbox=(509,496,593,518) mode=compact look=P1 placement=above ring=0 hardPx2=0 softPx2=0 order=3 bound=1
2026.10.06-02.18.40 TAG fighter=f-0-sk1 bbox=(396,458,480,480) mode=compact look=P1 placement=above ring=0 hardPx2=0 softPx2=0 order=2 bound=1
2026.10.06-02.18.40 TAG fighter=f-0-sk2 bbox=(308,584,392,606) mode=compact look=P1 placement=left ring=0 hardPx2=0 softPx2=0 order=4 bound=1
2026.10.06-02.18.40 TAG fighter=f-1-hero bbox=(1072,595,1174,617) mode=compact look=P2 placement=above ring=0 hardPx2=0 softPx2=0 order=0 bound=1
2026.10.06-02.18.40 TAG fighter=f-1-sk0 bbox=(1182,449,1266,471) mode=compact look=P2 placement=above ring=0 hardPx2=0 softPx2=0 order=1 bound=1
2026.10.06-02.18.40 ICON fighter=f-1-hero bbox=(1168,641,1200,673) size=32 src=combat anchor=right fallback=0 overlapPx2=0 texture=/Game/S08/UI/IconsV3/T_IV3_action_attack_token_32.T_IV3_action_attack_token_32
2026.10.06-02.18.41 TAG fighter=f-0-hero bbox=(932,654,1034,676) mode=compact look=P1 placement=above ring=0 hardPx2=0 softPx2=0 order=5 bound=1
2026.10.06-02.18.41 TAG fighter=f-0-sk0 bbox=(509,496,593,518) mode=compact look=P1 placement=above ring=0 hardPx2=0 softPx2=0 order=3 bound=1
2026.10.06-02.18.41 TAG fighter=f-0-sk1 bbox=(396,458,480,480) mode=compact look=P1 placement=above ring=0 hardPx2=0 softPx2=0 order=2 bound=1
2026.10.06-02.18.41 TAG fighter=f-0-sk2 bbox=(308,584,392,606) mode=compact look=P1 placement=left ring=0 hardPx2=0 softPx2=0 order=4 bound=1
2026.10.06-02.18.41 TAG fighter=f-1-hero bbox=(1072,595,1174,617) mode=compact look=P2 placement=above ring=0 hardPx2=0 softPx2=0 order=0 bound=1
2026.10.06-02.18.41 TAG fighter=f-1-sk0 bbox=(1190,440,1274,462) mode=compact look=P2 placement=above ring=0 hardPx2=0 softPx2=0 order=1 bound=1
2026.10.06-02.18.41 ICON fighter=f-1-hero bbox=(1168,641,1200,673) size=32 src=combat anchor=right fallback=0 overlapPx2=0 texture=/Game/S08/UI/IconsV3/T_IV3_action_attack_token_32.T_IV3_action_attack_token_32
2026.10.06-02.18.41 TAG fighter=f-0-hero bbox=(932,654,1034,676) mode=compact look=P1 placement=above ring=0 hardPx2=0 softPx2=0 order=5 bound=1
2026.10.06-02.18.41 TAG fighter=f-0-sk0 bbox=(509,496,593,518) mode=compact look=P1 placement=above ring=0 hardPx2=0 softPx2=0 order=3 bound=1
2026.10.06-02.18.41 TAG fighter=f-0-sk1 bbox=(396,458,480,480) mode=compact look=P1 placement=above ring=0 hardPx2=0 softPx2=0 order=2 bound=1
2026.10.06-02.18.41 TAG fighter=f-0-sk2 bbox=(308,584,392,606) mode=compact look=P1 placement=left ring=0 hardPx2=0 softPx2=0 order=4 bound=1
2026.10.06-02.18.41 TAG fighter=f-1-hero bbox=(1072,595,1174,617) mode=compact look=P2 placement=above ring=0 hardPx2=0 softPx2=0 order=0 bound=1
2026.10.06-02.18.41 TAG fighter=f-1-sk0 bbox=(1199,430,1283,452) mode=compact look=P2 placement=above ring=0 hardPx2=0 softPx2=0 order=1 bound=1
2026.10.06-02.18.41 ICON fighter=f-1-hero bbox=(1168,641,1200,673) size=32 src=combat anchor=right fallback=0 overlapPx2=0 texture=/Game/S08/UI/IconsV3/T_IV3_action_attack_token_32.T_IV3_action_attack_token_32
2026.10.06-02.18.41 TAG fighter=f-0-hero bbox=(932,654,1034,676) mode=compact look=P1 placement=above ring=0 hardPx2=0 softPx2=0 order=5 bound=1
2026.10.06-02.18.41 TAG fighter=f-0-sk0 bbox=(509,496,593,518) mode=compact look=P1 placement=above ring=0 hardPx2=0 softPx2=0 order=3 bound=1
2026.10.06-02.18.41 TAG fighter=f-0-sk1 bbox=(396,458,480,480) mode=compact look=P1 placement=above ring=0 hardPx2=0 softPx2=0 order=2 bound=1
2026.10.06-02.18.41 TAG fighter=f-0-sk2 bbox=(308,584,392,606) mode=compact look=P1 placement=left ring=0 hardPx2=0 softPx2=0 order=4 bound=1
2026.10.06-02.18.41 TAG fighter=f-1-hero bbox=(1072,595,1174,617) mode=compact look=P2 placement=above ring=0 hardPx2=0 softPx2=0 order=0 bound=1
2026.10.06-02.18.41 TAG fighter=f-1-sk0 bbox=(1201,427,1285,449) mode=compact look=P2 placement=above ring=0 hardPx2=0 softPx2=0 order=1 bound=1
2026.10.06-02.18.41 ICON fighter=f-1-hero bbox=(1168,641,1200,673) size=32 src=combat anchor=right fallback=0 overlapPx2=0 texture=/Game/S08/UI/IconsV3/T_IV3_action_attack_token_32.T_IV3_action_attack_token_32
2026.10.06-02.18.41 MS-LAST show seq=32 mode=anim player=cmuhntiwu0001wib0z281rpa8 from=5,5>6,3 to=5,4>6,2
2026.10.06-02.18.41 MS-LOG seq=32 moves=2 truncated=0 text="King Arthur: maneuver: King Arthur S36→S32, Merlin S25→S22"
2026.10.06-02.18.41 SNAPSHOT applied seq=33 phase=ACTION_MANEUVER
2026.10.06-02.18.41 HANDLE_APPLIED #46 seq=33 decision=2 fightersValid=1 boardValid=1
2026.10.06-02.18.41 MODE seq=33 mode=0 combat=0 pending=0
2026.10.06-02.18.41 MS-OPP verb=maneuver seq=33
2026.10.06-02.18.41 MS-TRACK own=0/2 opp=2/2 oppVisible=1 seq=33
2026.10.06-02.18.41 MS-OPP planning=1 seq=33
2026.10.06-02.18.41 CUE sound id=CUE-005 point=cue subject=hand.opp seq=33 t=41840 event_t=41840 dt=0 class=SFX sound=SW_CRD_DRAW_01 gain=0.80 result=played
2026.10.06-02.18.41 HUD seq=33 phase=ACTION_MANEUVER turn=opp hand=1 oppHand=7(hidden) oppDeck=21~ deck=23~ discard=6
2026.10.06-02.18.41 MS-STATUS seq=33 text="King Arthur — Opponent is planning a maneuver"
2026.10.06-02.18.41 ARTPREVIEW fighter=Medusa hero=1 eligible=0 visual=1 mesh=SK_Medusa_H2LD
2026.10.06-02.18.41 FIGHTERS synced n=6 alive=6 own=4 enemy=2
2026.10.06-02.18.41 WS seq=33 phase=ACTION_MANEUVER (apply)
2026.10.06-02.18.41 HUD-TRACK own=0/2 server=0 local=0 opp=2/2 oppVisible=1 anim=-/spend seq=33 frame=1166
2026.10.06-02.18.41 SNAPSHOT applied seq=34 phase=ACTION_MANEUVER
2026.10.06-02.18.41 HANDLE_APPLIED #47 seq=34 decision=2 fightersValid=1 boardValid=1
2026.10.06-02.18.41 CUE fx done id=CUE-010 subject=scene seq=30 t=41973 ms=1533 cut=jump hold=1533
2026.10.06-02.18.41 CUE combat seq=30 stage=end t=41973 total=2133 skipped=0 cut=catchup
2026.10.06-02.18.41 CATCHUP seq=30 latest=34 queued=4 lag=1433 t=41973 action=cut reason=queue applied=1
2026.10.06-02.18.41 ARTPREVIEW fighter=Medusa hero=1 eligible=0 visual=1 mesh=SK_Medusa_H2LD
2026.10.06-02.18.41 ARTPREVIEW hero-light fighter=f-0-hero state=idle layers=2 lightsOn=2 keyCd=17.984 rimCd=1.528 mul=1.000 pulse=none
2026.10.06-02.18.41 ARTPREVIEW combat marker fighter=Medusa attacker=0 target=0 icon=0 targetMesh=SM_Marker_TargetRing iconMode=screen targetArcScaleXY=0.920
2026.10.06-02.18.41 ARTPREVIEW combat marker fighter=King Arthur attacker=0 target=0 icon=0 targetMesh=SM_Marker_TargetRing iconMode=screen targetArcScaleXY=0.920
2026.10.06-02.18.41 closed mode=
2026.10.06-02.18.41 TURN-INPUT open seq=34 frame=1169 gate=none
2026.10.06-02.18.41 MODE seq=34 mode=6 combat=0 pending=1
2026.10.06-02.18.41 ARTPREVIEW selection ring shown fighter=King Arthur mesh=SM_Marker_SelectionRing
2026.10.06-02.18.41 ARTPREVIEW hero-light fighter=f-1-hero state=active layers=2 lightsOn=2 keyCd=25.032 rimCd=2.127 mul=1.167 pulse=0.40Hz+-4%
2026.10.06-02.18.41 ARTPREVIEW reachable rings cells=0 placed=1 radiusUU=36 segments=48 style=readability color=#FFC857 stroke=#14110C widthUU=3.50 strokeUU=1.50
2026.10.06-02.18.41 MS-PENDING present=toast id=ability-medusa-target-p0 opens=2 collapsed=0 type=TARGET_FIGHTER remembered=fighter=f-1-hero applied=fighter=f-1-hero
2026.10.06-02.18.41 MS-OPP verb=none seq=34
2026.10.06-02.18.41 MS-TRACK own=0/2 opp=0/2 oppVisible=0 seq=34
2026.10.06-02.18.41 MS-OPP planning=0 seq=34
2026.10.06-02.18.41 MS-LAST fade seq=32 at=34 ms=300
2026.10.06-02.18.41 MS-LAST replace seq=32 by=34
2026.10.06-02.18.41 MS-LAST enter seq=34 player=cmuhntiwu0001wib0z281rpa8 source=MANEUVER moves=1 boost=-1
2026.10.06-02.18.41 CUE sound id=CUE-015 point=turn subject=- seq=34 t=41973 event_t=41973 dt=0 class=UI sound=SW_UI_TURN_CHIME_01 gain=0.80 result=played turn=own
2026.10.06-02.18.41 VO event=TURN-START speaker=MEDUSA t=41973 result=skipped line=- prio=4 reason=gap
2026.10.06-02.18.41 HUD-TURN seq=34 turn=own initial=0 ring=marker-turn-ring flash=1000 banner=600 reduced=0
2026.10.06-02.18.41 HUD seq=34 phase=ACTION_MANEUVER turn=you hand=1 oppHand=7(hidden) oppDeck=21~ deck=23~ discard=6
2026.10.06-02.18.41 MS-STATUS seq=34 text="Choose a target (up to 1)"
2026.10.06-02.18.41 ARTPREVIEW fighter=Medusa hero=1 eligible=0 visual=1 mesh=SK_Medusa_H2LD
2026.10.06-02.18.41 ARTPREVIEW selection ring shown fighter=King Arthur mesh=SM_Marker_SelectionRing
2026.10.06-02.18.41 FIGHTERS synced n=6 alive=6 own=4 enemy=2
2026.10.06-02.18.41 ARTPREVIEW selection ring shown fighter=King Arthur mesh=SM_Marker_SelectionRing
2026.10.06-02.18.41 ARTPREVIEW reachable rings cells=0 placed=1 radiusUU=36 segments=48 style=readability color=#FFC857 stroke=#14110C widthUU=3.50 strokeUU=1.50
2026.10.06-02.18.41 MS-CUE move seq=34 fighter=f-1-hero order=0 of=1 kind=move steps=1 source=trail start=0 ms=280 snapped=0 path=S32>S25 speed=normal reduced=0
2026.10.06-02.18.41 CUE sound id=CUE-007 point=step subject=f-1-hero seq=34 t=41973 event_t=41973 dt=0 class=SFX sound=SW_BRD_STEP_01 gain=0.80 result=played edge=1/1 due=41973
2026.10.06-02.18.41 MS-ANIM play seq=34 moves=1 animated=1 speed=normal reduced=0 end=430
2026.10.06-02.18.41 CUE move f-1-hero (5,4)->(6,3) seq=34
2026.10.06-02.18.41 WS seq=34 phase=ACTION_MANEUVER (apply)
2026.10.06-02.18.41 SFX bank=FX-GAZE-REQUEST tag=gaze class=SFX t=42006 sound=SW_FX_GAZE_REQUEST_01 gain=0.80
2026.10.06-02.18.41 SFX bank=FX-GAZE-REQUEST-VOICE tag=voice class=VO t=42006 sound=SW_FX_GAZE_REQUEST_VOICE gain=0.80
2026.10.06-02.18.41 HUD-TRACK own=0/2 server=0 local=0 opp=0/2 oppVisible=0 anim=reset/reset seq=34 frame=1170
2026.10.06-02.18.41 HUD-HAND lower=1 pick=target cursor=board preview=hidden seq=34
2026.10.06-02.18.41 S09AUTO drive mode=6 plan=[attack+scheme] phase=ACTION_MANEUVER turn=cmuhntivg0000wib0anhqyswc
2026.10.06-02.18.41 S09AUTO own turn #3 (turnCount=7)
2026.10.06-02.18.41 PEND-RESOLVE sent type=TARGET_FIGHTER stage=0 id=ability-medusa-target-p0
2026.10.06-02.18.41 CUE sound id=CUE-014 point=cue subject=f-1-hero seq=34 t=42006 event_t=42006 dt=0 class=SFX sound=SW_FX_GAZE_BEAM_02 gain=0.80 result=played bank=FX-GAZE-BEAM
2026.10.06-02.18.41 MS-STATUS seq=34 text="Syncing…"
2026.10.06-02.18.41 S09AUTO pending picked (type=TARGET_FIGHTER stage=0)
2026.10.06-02.18.41 TOAST text="choice sent"
2026.10.06-02.18.41 HUD plate content fighter=f-1-hero name=King Arthur hp=13/18 team=enemy statuses=HERO  |  MELEE teamSlot=P2 look=P2 shape=hexagon chip=#5786A8
2026.10.06-02.18.41 PLATE fighter=f-1-hero bbox=(1045,547,1217,601) overlapReachable=0 placement=above ring=0 gap=6 selection=f-1-hero destinations=0 clean=1 softPx2=0 tested=112 bound=1
2026.10.06-02.18.41 TAG fighter=f-0-hero bbox=(932,654,1034,676) mode=compact look=P1 placement=above ring=0 hardPx2=0 softPx2=0 order=4 bound=1
2026.10.06-02.18.41 TAG fighter=f-0-sk0 bbox=(509,496,593,518) mode=compact look=P1 placement=above ring=0 hardPx2=0 softPx2=0 order=2 bound=1
2026.10.06-02.18.41 TAG fighter=f-0-sk1 bbox=(396,458,480,480) mode=compact look=P1 placement=above ring=0 hardPx2=0 softPx2=0 order=1 bound=1
2026.10.06-02.18.41 TAG fighter=f-0-sk2 bbox=(308,584,392,606) mode=compact look=P1 placement=left ring=0 hardPx2=0 softPx2=0 order=3 bound=1
2026.10.06-02.18.41 TAG fighter=f-1-sk0 bbox=(1201,427,1285,449) mode=compact look=P2 placement=above ring=0 hardPx2=0 softPx2=0 order=0 bound=1
2026.10.06-02.18.41 HUD icon hidden fighter=f-1-hero
2026.10.06-02.18.41 PLATE fighter=f-1-hero bbox=(1043,710,1215,764) overlapReachable=0 placement=below ring=0 gap=6 selection=f-1-hero destinations=0 clean=1 softPx2=0 tested=112 bound=1
2026.10.06-02.18.41 TAG fighter=f-0-hero bbox=(932,654,1034,676) mode=compact look=P1 placement=above ring=0 hardPx2=0 softPx2=0 order=4 bound=1
2026.10.06-02.18.41 TAG fighter=f-0-sk0 bbox=(509,496,593,518) mode=compact look=P1 placement=above ring=0 hardPx2=0 softPx2=0 order=2 bound=1
2026.10.06-02.18.41 TAG fighter=f-0-sk1 bbox=(396,458,480,480) mode=compact look=P1 placement=above ring=0 hardPx2=0 softPx2=0 order=1 bound=1
2026.10.06-02.18.41 TAG fighter=f-0-sk2 bbox=(308,584,392,606) mode=compact look=P1 placement=left ring=0 hardPx2=0 softPx2=0 order=3 bound=1
2026.10.06-02.18.41 TAG fighter=f-1-sk0 bbox=(1201,427,1285,449) mode=compact look=P2 placement=above ring=0 hardPx2=0 softPx2=0 order=0 bound=1
2026.10.06-02.18.42 PLATE fighter=f-1-hero bbox=(1049,698,1221,752) overlapReachable=0 placement=below ring=0 gap=6 selection=f-1-hero destinations=0 clean=1 softPx2=0 tested=112 bound=1
2026.10.06-02.18.42 TAG fighter=f-0-hero bbox=(932,654,1034,676) mode=compact look=P1 placement=above ring=0 hardPx2=0 softPx2=0 order=4 bound=1
2026.10.06-02.18.42 TAG fighter=f-0-sk0 bbox=(509,496,593,518) mode=compact look=P1 placement=above ring=0 hardPx2=0 softPx2=0 order=2 bound=1
2026.10.06-02.18.42 TAG fighter=f-0-sk1 bbox=(396,458,480,480) mode=compact look=P1 placement=above ring=0 hardPx2=0 softPx2=0 order=1 bound=1
2026.10.06-02.18.42 TAG fighter=f-0-sk2 bbox=(308,584,392,606) mode=compact look=P1 placement=left ring=0 hardPx2=0 softPx2=0 order=3 bound=1
2026.10.06-02.18.42 TAG fighter=f-1-sk0 bbox=(1201,427,1285,449) mode=compact look=P2 placement=above ring=0 hardPx2=0 softPx2=0 order=0 bound=1
2026.10.06-02.18.42 PLATE fighter=f-1-hero bbox=(1055,686,1227,740) overlapReachable=0 placement=below ring=0 gap=6 selection=f-1-hero destinations=0 clean=1 softPx2=0 tested=112 bound=1
2026.10.06-02.18.42 TAG fighter=f-0-hero bbox=(932,654,1034,676) mode=compact look=P1 placement=above ring=0 hardPx2=0 softPx2=0 order=4 bound=1
2026.10.06-02.18.42 TAG fighter=f-0-sk0 bbox=(509,496,593,518) mode=compact look=P1 placement=above ring=0 hardPx2=0 softPx2=0 order=2 bound=1
2026.10.06-02.18.42 TAG fighter=f-0-sk1 bbox=(396,458,480,480) mode=compact look=P1 placement=above ring=0 hardPx2=0 softPx2=0 order=1 bound=1
2026.10.06-02.18.42 TAG fighter=f-0-sk2 bbox=(308,584,392,606) mode=compact look=P1 placement=left ring=0 hardPx2=0 softPx2=0 order=3 bound=1
2026.10.06-02.18.42 TAG fighter=f-1-sk0 bbox=(1201,427,1285,449) mode=compact look=P2 placement=above ring=0 hardPx2=0 softPx2=0 order=0 bound=1
2026.10.06-02.18.42 SNAPSHOT applied seq=35 phase=ACTION_MANEUVER
2026.10.06-02.18.42 HANDLE_APPLIED #48 seq=35 decision=2 fightersValid=1 boardValid=1
2026.10.06-02.18.42 closed mode=
2026.10.06-02.18.42 MODE seq=35 mode=0 combat=0 pending=0
2026.10.06-02.18.42 MS-LAST off seq=34 at=35 fade=0
2026.10.06-02.18.42 HUD seq=35 phase=ACTION_MANEUVER turn=you hand=1 oppHand=7(hidden) oppDeck=19 deck=23 discard=6
2026.10.06-02.18.42 MS-STATUS seq=35 text="Choose an action: maneuver (M), attack (A) or scheme (G)"
2026.10.06-02.18.42 ARTPREVIEW fighter=Medusa hero=1 eligible=0 visual=1 mesh=SK_Medusa_H2LD
2026.10.06-02.18.42 ARTPREVIEW selection ring shown fighter=King Arthur mesh=SM_Marker_SelectionRing
2026.10.06-02.18.42 FIGHTERS synced n=6 alive=6 own=4 enemy=2
2026.10.06-02.18.42 ARTPREVIEW hero-light fighter=f-1-hero state=idle layers=2 lightsOn=2 keyCd=21.443 rimCd=1.822 mul=1.000 pulse=none
2026.10.06-02.18.42 ARTPREVIEW damage-number fighter=f-1-hero amount=1 seq=35 cell=(6,3)
2026.10.06-02.18.42 ARTPREVIEW anim fighter=f-1-hero clip=HitReact len=0.417 event=damaged loop=0 phase=0.0000 seq=35 asset=AM_KingArthur_HitReact rate=1.00
2026.10.06-02.18.42 ARTPREVIEW hit-tint fighter=f-1-hero ms=450
2026.10.06-02.18.42 VO event=HURT speaker=ARTHUR t=42106 result=skipped line=- prio=3 reason=gap
2026.10.06-02.18.42 CUE damage f-1-hero -1 seq=35
2026.10.06-02.18.42 PEND resolve done seq=35 (apply) phase=ACTION_MANEUVER
2026.10.06-02.18.42 SNAPSHOT applied seq=35 phase=ACTION_MANEUVER
2026.10.06-02.18.42 HANDLE_APPLIED #49 seq=35 decision=1 fightersValid=1 boardValid=1
2026.10.06-02.18.42 MODE seq=35 mode=0 combat=0 pending=0
2026.10.06-02.18.42 HUD seq=35 phase=ACTION_MANEUVER turn=you hand=1 oppHand=7(hidden) oppDeck=19 deck=23 discard=6
2026.10.06-02.18.42 ARTPREVIEW fighter=Medusa hero=1 eligible=0 visual=1 mesh=SK_Medusa_H2LD
2026.10.06-02.18.42 FIGHTERS synced n=6 alive=6 own=4 enemy=2
2026.10.06-02.18.42 WS seq=35 phase=ACTION_MANEUVER (merge)
2026.10.06-02.18.42 CUE sound id=CUE-011 point=hit subject=f-1-hero seq=35 t=42106 event_t=42106 dt=0 class=SFX sound=SW_CMB_HIT_MAGIC_01 gain=0.80 result=played bank=CMB-HIT-MAGIC
2026.10.06-02.18.42 HUD-HEART side=opp hero=f-1-hero hp=12/18 anim=damage glow=1 played=1
2026.10.06-02.18.42 HUD-HAND lower=0 pick=none cursor=board preview=shown seq=35
2026.10.06-02.18.42 S09AUTO drive mode=0 plan=[attack+scheme] phase=ACTION_MANEUVER turn=cmuhntivg0000wib0anhqyswc
2026.10.06-02.18.42 S09AUTO ranged target attacker=f-0-hero at=S35 target=f-1-hero at=S25 via=shared-zone (not linked)
2026.10.06-02.18.42 HUD-TRACK chosen=maneuver seq=35 spent=0
2026.10.06-02.18.42 MS-STATUS seq=35 text="Syncing…"
2026.10.06-02.18.42 TOAST text="begin maneuver sent (server draws 1 card)"
2026.10.06-02.18.42 PLATE hidden fighter=f-1-hero
2026.10.06-02.18.42 TAG fighter=f-0-hero bbox=(932,654,1034,676) mode=compact look=P1 placement=above ring=0 hardPx2=0 softPx2=0 order=5 bound=1
2026.10.06-02.18.42 TAG fighter=f-0-sk0 bbox=(509,496,593,518) mode=compact look=P1 placement=above ring=0 hardPx2=0 softPx2=0 order=3 bound=1
2026.10.06-02.18.42 TAG fighter=f-0-sk1 bbox=(396,458,480,480) mode=compact look=P1 placement=above ring=0 hardPx2=0 softPx2=0 order=2 bound=1
2026.10.06-02.18.42 TAG fighter=f-0-sk2 bbox=(308,584,392,606) mode=compact look=P1 placement=left ring=0 hardPx2=0 softPx2=0 order=4 bound=1
2026.10.06-02.18.42 TAG fighter=f-1-hero bbox=(1102,535,1204,557) mode=compact look=P2 placement=above ring=0 hardPx2=0 softPx2=0 order=0 bound=1
2026.10.06-02.18.42 TAG fighter=f-1-sk0 bbox=(1201,427,1285,449) mode=compact look=P2 placement=above ring=0 hardPx2=0 softPx2=0 order=1 bound=1
2026.10.06-02.18.42 DAMAGE fighter=f-1-hero bbox=(1133,505,1173,533) amount=1 seq=35 placement=above ring=0 hardPx2=0 softPx2=0
2026.10.06-02.18.42 HUD-TRACK own=1/2 server=0 local=1 opp=0/2 oppVisible=0 anim=spend/- seq=35 frame=1175
2026.10.06-02.18.42 TAG fighter=f-0-hero bbox=(932,654,1034,676) mode=compact look=P1 placement=above ring=0 hardPx2=0 softPx2=0 order=5 bound=1
2026.10.06-02.18.42 TAG fighter=f-0-sk0 bbox=(509,496,593,518) mode=compact look=P1 placement=above ring=0 hardPx2=0 softPx2=0 order=3 bound=1
2026.10.06-02.18.42 TAG fighter=f-0-sk1 bbox=(396,458,480,480) mode=compact look=P1 placement=above ring=0 hardPx2=0 softPx2=0 order=2 bound=1
2026.10.06-02.18.42 TAG fighter=f-0-sk2 bbox=(308,584,392,606) mode=compact look=P1 placement=left ring=0 hardPx2=0 softPx2=0 order=4 bound=1
2026.10.06-02.18.42 TAG fighter=f-1-hero bbox=(1107,523,1209,545) mode=compact look=P2 placement=above ring=0 hardPx2=0 softPx2=0 order=0 bound=1
2026.10.06-02.18.42 TAG fighter=f-1-sk0 bbox=(1201,427,1285,449) mode=compact look=P2 placement=above ring=0 hardPx2=0 softPx2=0 order=1 bound=1
2026.10.06-02.18.42 DAMAGE fighter=f-1-hero bbox=(1138,493,1178,521) amount=1 seq=35 placement=above ring=0 hardPx2=0 softPx2=0
2026.10.06-02.18.42 game -> room=cmuw1u4nq0561t84m7cuv93yr code=<redacted> status=IN_PROGRESS
2026.10.06-02.18.42 TAG fighter=f-0-hero bbox=(932,654,1034,676) mode=compact look=P1 placement=above ring=0 hardPx2=0 softPx2=0 order=5 bound=1
2026.10.06-02.18.42 TAG fighter=f-0-sk0 bbox=(509,496,593,518) mode=compact look=P1 placement=above ring=0 hardPx2=0 softPx2=0 order=3 bound=1
2026.10.06-02.18.42 TAG fighter=f-0-sk1 bbox=(396,458,480,480) mode=compact look=P1 placement=above ring=0 hardPx2=0 softPx2=0 order=2 bound=1
2026.10.06-02.18.42 TAG fighter=f-0-sk2 bbox=(308,584,392,606) mode=compact look=P1 placement=left ring=0 hardPx2=0 softPx2=0 order=4 bound=1
2026.10.06-02.18.42 TAG fighter=f-1-hero bbox=(1018,536,1120,558) mode=compact look=P2 placement=left ring=0 hardPx2=0 softPx2=0 order=0 bound=1
2026.10.06-02.18.42 TAG fighter=f-1-sk0 bbox=(1201,427,1285,449) mode=compact look=P2 placement=above ring=0 hardPx2=0 softPx2=0 order=1 bound=1
2026.10.06-02.18.42 DAMAGE fighter=f-1-hero bbox=(1049,506,1089,534) amount=1 seq=35 placement=above ring=0 hardPx2=0 softPx2=0
2026.10.06-02.18.42 TAG fighter=f-0-hero bbox=(932,654,1034,676) mode=compact look=P1 placement=above ring=0 hardPx2=0 softPx2=0 order=5 bound=1
2026.10.06-02.18.42 TAG fighter=f-0-sk0 bbox=(509,496,593,518) mode=compact look=P1 placement=above ring=0 hardPx2=0 softPx2=0 order=3 bound=1
2026.10.06-02.18.42 TAG fighter=f-0-sk1 bbox=(396,458,480,480) mode=compact look=P1 placement=above ring=0 hardPx2=0 softPx2=0 order=2 bound=1
2026.10.06-02.18.42 TAG fighter=f-0-sk2 bbox=(308,584,392,606) mode=compact look=P1 placement=left ring=0 hardPx2=0 softPx2=0 order=4 bound=1
2026.10.06-02.18.42 TAG fighter=f-1-hero bbox=(1024,524,1126,546) mode=compact look=P2 placement=left ring=0 hardPx2=0 softPx2=0 order=0 bound=1
2026.10.06-02.18.42 TAG fighter=f-1-sk0 bbox=(1201,427,1285,449) mode=compact look=P2 placement=above ring=0 hardPx2=0 softPx2=0 order=1 bound=1
2026.10.06-02.18.42 DAMAGE fighter=f-1-hero bbox=(1055,494,1095,522) amount=1 seq=35 placement=above ring=0 hardPx2=0 softPx2=0
2026.10.06-02.18.42 TAG fighter=f-0-hero bbox=(932,654,1034,676) mode=compact look=P1 placement=above ring=0 hardPx2=0 softPx2=0 order=5 bound=1
2026.10.06-02.18.42 TAG fighter=f-0-sk0 bbox=(509,496,593,518) mode=compact look=P1 placement=above ring=0 hardPx2=0 softPx2=0 order=3 bound=1
2026.10.06-02.18.42 TAG fighter=f-0-sk1 bbox=(396,458,480,480) mode=compact look=P1 placement=above ring=0 hardPx2=0 softPx2=0 order=2 bound=1
2026.10.06-02.18.42 TAG fighter=f-0-sk2 bbox=(308,584,392,606) mode=compact look=P1 placement=left ring=0 hardPx2=0 softPx2=0 order=4 bound=1
2026.10.06-02.18.42 TAG fighter=f-1-hero bbox=(1027,519,1129,541) mode=compact look=P2 placement=left ring=0 hardPx2=0 softPx2=0 order=0 bound=1
2026.10.06-02.18.42 TAG fighter=f-1-sk0 bbox=(1201,427,1285,449) mode=compact look=P2 placement=above ring=0 hardPx2=0 softPx2=0 order=1 bound=1
2026.10.06-02.18.42 DAMAGE fighter=f-1-hero bbox=(1058,489,1098,517) amount=1 seq=35 placement=above ring=0 hardPx2=0 softPx2=0
2026.10.06-02.18.42 TAG fighter=f-0-hero bbox=(932,654,1034,676) mode=compact look=P1 placement=above ring=0 hardPx2=0 softPx2=0 order=5 bound=1
2026.10.06-02.18.42 TAG fighter=f-0-sk0 bbox=(509,496,593,518) mode=compact look=P1 placement=above ring=0 hardPx2=0 softPx2=0 order=3 bound=1
2026.10.06-02.18.42 TAG fighter=f-0-sk1 bbox=(396,458,480,480) mode=compact look=P1 placement=above ring=0 hardPx2=0 softPx2=0 order=2 bound=1
2026.10.06-02.18.42 TAG fighter=f-0-sk2 bbox=(308,584,392,606) mode=compact look=P1 placement=left ring=0 hardPx2=0 softPx2=0 order=4 bound=1
2026.10.06-02.18.42 TAG fighter=f-1-hero bbox=(1027,519,1129,541) mode=compact look=P2 placement=left ring=0 hardPx2=0 softPx2=0 order=0 bound=1
2026.10.06-02.18.42 TAG fighter=f-1-sk0 bbox=(1201,427,1285,449) mode=compact look=P2 placement=above ring=0 hardPx2=0 softPx2=0 order=1 bound=1
2026.10.06-02.18.42 SNAPSHOT applied seq=36 phase=ACTION_MANEUVER
2026.10.06-02.18.42 HANDLE_APPLIED #50 seq=36 decision=2 fightersValid=1 boardValid=1
2026.10.06-02.18.42 MS-DRAFT op=candidates rev=9 src=snapshot n=4 ids=f-0-hero,f-0-sk0,f-0-sk1,f-0-sk2 autoselect=-
2026.10.06-02.18.42 MANEUVER-DRAFT mode=maneuver:7:35
2026.10.06-02.18.42 DRAFT-OPEN draw committed (resume instead of begin)
2026.10.06-02.18.42 SFX bank=BRD-CANDIDATES tag=candidates class=SFX t=42406 sound=SW_BRD_CANDIDATES_01 gain=0.80
2026.10.06-02.18.42 MODE seq=36 mode=1 combat=0 pending=0
2026.10.06-02.18.42 MS-TRACK own=1/2 opp=0/2 oppVisible=0 seq=36
2026.10.06-02.18.42 CUE sound id=CUE-005 point=cue subject=hand.own seq=36 t=42406 event_t=42406 dt=0 class=SFX sound=SW_CRD_DRAW_02 gain=0.80 result=played
2026.10.06-02.18.42 HUD seq=36 phase=ACTION_MANEUVER turn=you hand=2 oppHand=7(hidden) oppDeck=19 deck=22 discard=6
2026.10.06-02.18.42 MS-STATUS seq=36 text="Choose a fighter to move"
2026.10.06-02.18.42 ARTPREVIEW fighter=Medusa hero=1 eligible=0 visual=1 mesh=SK_Medusa_H2LD
2026.10.06-02.18.42 FIGHTERS synced n=6 alive=6 own=4 enemy=2
2026.10.06-02.18.42 MANEUVER begin seq=36 (apply) pending=maneuver:7:35
2026.10.06-02.18.42 SNAPSHOT applied seq=36 phase=ACTION_MANEUVER
2026.10.06-02.18.42 HANDLE_APPLIED #51 seq=36 decision=1 fightersValid=1 boardValid=1
2026.10.06-02.18.42 MODE seq=36 mode=1 combat=0 pending=0
2026.10.06-02.18.42 HUD seq=36 phase=ACTION_MANEUVER turn=you hand=2 oppHand=7(hidden) oppDeck=19 deck=22 discard=6
2026.10.06-02.18.42 ARTPREVIEW fighter=Medusa hero=1 eligible=0 visual=1 mesh=SK_Medusa_H2LD
2026.10.06-02.18.42 FIGHTERS synced n=6 alive=6 own=4 enemy=2
2026.10.06-02.18.42 WS seq=36 phase=ACTION_MANEUVER (merge)
2026.10.06-02.18.42 HUD-TRACK own=1/2 server=1 local=0 opp=0/2 oppVisible=0 anim=-/- seq=36 frame=1183
2026.10.06-02.18.42 S09AUTO drive mode=1 plan=[attack+scheme] phase=ACTION_MANEUVER turn=cmuhntivg0000wib0anhqyswc
2026.10.06-02.18.42 MS-DRAFT op=assign rev=12 src=auto fighter=f-0-hero dest=S32 order=1 status=ok required=0 boost=0 moves=1 ok=1 needboost=0 conflict=0
2026.10.06-02.18.42 MS-PATH fighter=f-0-hero steps=2 allowance=3 key=canonical cells=S35>S36>S32
2026.10.06-02.18.42 S09AUTO approach fighter=f-0-hero from=(4,4) to=(5,4) steps=2 allowance=3 enemyDist=3->1
2026.10.06-02.18.42 MANEUVER-CONFIRM moves=1 boost=none
2026.10.06-02.18.42 MS-STATUS seq=36 text="Syncing…"
2026.10.06-02.18.42 HUD plate content fighter=f-0-hero name=Medusa hp=16/16 team=own statuses=HERO  |  RANGED teamSlot=P1 look=P1 shape=circle chip=#DAC576
2026.10.06-02.18.42 PLATE fighter=f-0-hero bbox=(853,791,1025,845) overlapReachable=0 placement=below ring=0 gap=6 selection=f-0-hero destinations=13 clean=1 softPx2=0 tested=110 bound=1
2026.10.06-02.18.42 TAG fighter=f-0-sk0 bbox=(509,496,593,518) mode=compact look=P1 placement=above ring=0 hardPx2=0 softPx2=0 order=3 bound=1
2026.10.06-02.18.42 TAG fighter=f-0-sk1 bbox=(396,458,480,480) mode=compact look=P1 placement=above ring=0 hardPx2=0 softPx2=0 order=2 bound=1
2026.10.06-02.18.42 TAG fighter=f-0-sk2 bbox=(308,584,392,606) mode=compact look=P1 placement=left ring=0 hardPx2=0 softPx2=0 order=4 bound=1
2026.10.06-02.18.42 TAG fighter=f-1-hero bbox=(1027,519,1129,541) mode=compact look=P2 placement=left ring=0 hardPx2=0 softPx2=0 order=0 bound=1
2026.10.06-02.18.42 TAG fighter=f-1-sk0 bbox=(1201,427,1285,449) mode=compact look=P2 placement=above ring=0 hardPx2=0 softPx2=0 order=1 bound=1
2026.10.06-02.18.42 HUD-HAND lower=1 pick=cell cursor=board preview=hidden seq=36
2026.10.06-02.18.42 TAG fighter=f-0-sk0 bbox=(509,496,593,518) mode=compact look=P1 placement=above ring=0 hardPx2=0 softPx2=0 order=3 bound=1
2026.10.06-02.18.42 TAG fighter=f-0-sk1 bbox=(396,458,480,480) mode=compact look=P1 placement=above ring=0 hardPx2=0 softPx2=0 order=2 bound=1
2026.10.06-02.18.42 TAG fighter=f-0-sk2 bbox=(308,584,392,606) mode=compact look=P1 placement=left ring=0 hardPx2=0 softPx2=0 order=4 bound=1
2026.10.06-02.18.42 TAG fighter=f-1-hero bbox=(1027,519,1129,541) mode=compact look=P2 placement=left ring=0 hardPx2=0 softPx2=0 order=0 bound=1
2026.10.06-02.18.42 TAG fighter=f-1-sk0 bbox=(1201,427,1285,449) mode=compact look=P2 placement=above ring=0 hardPx2=0 softPx2=0 order=1 bound=1
2026.10.06-02.18.42 SNAPSHOT applied seq=37 phase=ACTION_MANEUVER
2026.10.06-02.18.42 MS-NET gate released by snapshot op=maneuver seq=37 (before the HTTP answer)
2026.10.06-02.18.42 HANDLE_APPLIED #52 seq=37 decision=2 fightersValid=1 boardValid=1
2026.10.06-02.18.42 closed mode=
2026.10.06-02.18.42 MODE seq=37 mode=0 combat=0 pending=0
2026.10.06-02.18.42 MS-LAST enter seq=37 player=cmuhntivg0000wib0anhqyswc source=MANEUVER moves=1 boost=-1
2026.10.06-02.18.42 HUD seq=37 phase=ACTION_MANEUVER turn=you hand=2 oppHand=7(hidden) oppDeck=19~ deck=22~ discard=6
2026.10.06-02.18.42 MS-STATUS seq=37 text="Choose an action: maneuver (M), attack (A) or scheme (G)"
2026.10.06-02.18.42 ARTPREVIEW fighter=Medusa hero=1 eligible=0 visual=1 mesh=SK_Medusa_H2LD
2026.10.06-02.18.42 FIGHTERS synced n=6 alive=6 own=4 enemy=2
2026.10.06-02.18.42 MS-CUE move seq=37 fighter=f-0-hero order=0 of=1 kind=move steps=2 source=trail start=0 ms=560 snapped=0 path=S35>S36>S32 speed=normal reduced=0
2026.10.06-02.18.42 CUE sound id=CUE-007 point=step subject=f-0-hero seq=37 t=42506 event_t=42506 dt=0 class=SFX sound=SW_BRD_STEP_02 gain=0.80 result=played edge=1/2 due=42506
2026.10.06-02.18.42 MS-ANIM play seq=37 moves=1 animated=1 speed=normal reduced=0 end=710
2026.10.06-02.18.42 CUE move f-0-hero (4,4)->(5,4) seq=37
2026.10.06-02.18.42 WS seq=37 phase=ACTION_MANEUVER (apply)
2026.10.06-02.18.42 HUD-HAND lower=0 pick=none cursor=board preview=shown seq=37
2026.10.06-02.18.42 PLATE hidden fighter=f-0-hero
2026.10.06-02.18.42 TAG fighter=f-0-hero bbox=(947,661,1049,683) mode=compact look=P1 placement=above ring=0 hardPx2=0 softPx2=0 order=5 bound=1
2026.10.06-02.18.42 TAG fighter=f-0-sk0 bbox=(509,496,593,518) mode=compact look=P1 placement=above ring=0 hardPx2=0 softPx2=0 order=3 bound=1
2026.10.06-02.18.42 TAG fighter=f-0-sk1 bbox=(396,458,480,480) mode=compact look=P1 placement=above ring=0 hardPx2=0 softPx2=0 order=2 bound=1
2026.10.06-02.18.42 TAG fighter=f-0-sk2 bbox=(308,584,392,606) mode=compact look=P1 placement=left ring=0 hardPx2=0 softPx2=0 order=4 bound=1
2026.10.06-02.18.42 TAG fighter=f-1-hero bbox=(1027,519,1129,541) mode=compact look=P2 placement=left ring=0 hardPx2=0 softPx2=0 order=0 bound=1
2026.10.06-02.18.42 TAG fighter=f-1-sk0 bbox=(1201,427,1285,449) mode=compact look=P2 placement=above ring=0 hardPx2=0 softPx2=0 order=1 bound=1
2026.10.06-02.18.42 ARTPREVIEW anim fighter=f-1-hero clip=Idle len=2.500 event=clipFinished loop=1 phase=0.3470 seq=-1 asset=AM_KingArthur_Idle rate=1.00
2026.10.06-02.18.42 MS-NET late-reply op=maneuver ok=1 settled=snapshot
2026.10.06-02.18.42 SNAPSHOT applied seq=37 phase=ACTION_MANEUVER
2026.10.06-02.18.42 HANDLE_APPLIED #53 seq=37 decision=1 fightersValid=1 boardValid=1
2026.10.06-02.18.42 MODE seq=37 mode=0 combat=0 pending=0
2026.10.06-02.18.42 HUD seq=37 phase=ACTION_MANEUVER turn=you hand=2 oppHand=7(hidden) oppDeck=19 deck=22 discard=6
2026.10.06-02.18.42 ARTPREVIEW fighter=Medusa hero=1 eligible=0 visual=1 mesh=SK_Medusa_H2LD
2026.10.06-02.18.42 FIGHTERS synced n=6 alive=6 own=4 enemy=2
2026.10.06-02.18.42 MS-NET late-reply merged seq=37 (merge)
2026.10.06-02.18.42 TAG fighter=f-0-hero bbox=(961,668,1063,690) mode=compact look=P1 placement=above ring=0 hardPx2=0 softPx2=0 order=5 bound=1
2026.10.06-02.18.42 TAG fighter=f-0-sk0 bbox=(509,496,593,518) mode=compact look=P1 placement=above ring=0 hardPx2=0 softPx2=0 order=3 bound=1
2026.10.06-02.18.42 TAG fighter=f-0-sk1 bbox=(396,458,480,480) mode=compact look=P1 placement=above ring=0 hardPx2=0 softPx2=0 order=2 bound=1
2026.10.06-02.18.42 TAG fighter=f-0-sk2 bbox=(308,584,392,606) mode=compact look=P1 placement=left ring=0 hardPx2=0 softPx2=0 order=4 bound=1
2026.10.06-02.18.42 TAG fighter=f-1-hero bbox=(1027,519,1129,541) mode=compact look=P2 placement=left ring=0 hardPx2=0 softPx2=0 order=0 bound=1
2026.10.06-02.18.42 TAG fighter=f-1-sk0 bbox=(1201,427,1285,449) mode=compact look=P2 placement=above ring=0 hardPx2=0 softPx2=0 order=1 bound=1
2026.10.06-02.18.42 TAG fighter=f-0-hero bbox=(976,674,1078,696) mode=compact look=P1 placement=above ring=0 hardPx2=0 softPx2=0 order=5 bound=1
2026.10.06-02.18.42 TAG fighter=f-0-sk0 bbox=(509,496,593,518) mode=compact look=P1 placement=above ring=0 hardPx2=0 softPx2=0 order=3 bound=1
2026.10.06-02.18.42 TAG fighter=f-0-sk1 bbox=(396,458,480,480) mode=compact look=P1 placement=above ring=0 hardPx2=0 softPx2=0 order=2 bound=1
2026.10.06-02.18.42 TAG fighter=f-0-sk2 bbox=(308,584,392,606) mode=compact look=P1 placement=left ring=0 hardPx2=0 softPx2=0 order=4 bound=1
2026.10.06-02.18.42 TAG fighter=f-1-hero bbox=(1027,519,1129,541) mode=compact look=P2 placement=left ring=0 hardPx2=0 softPx2=0 order=0 bound=1
2026.10.06-02.18.42 TAG fighter=f-1-sk0 bbox=(1201,427,1285,449) mode=compact look=P2 placement=above ring=0 hardPx2=0 softPx2=0 order=1 bound=1
2026.10.06-02.18.42 TAG fighter=f-0-hero bbox=(990,681,1092,703) mode=compact look=P1 placement=above ring=0 hardPx2=0 softPx2=0 order=5 bound=1
2026.10.06-02.18.42 TAG fighter=f-0-sk0 bbox=(509,496,593,518) mode=compact look=P1 placement=above ring=0 hardPx2=0 softPx2=0 order=3 bound=1
2026.10.06-02.18.42 TAG fighter=f-0-sk1 bbox=(396,458,480,480) mode=compact look=P1 placement=above ring=0 hardPx2=0 softPx2=0 order=2 bound=1
2026.10.06-02.18.42 TAG fighter=f-0-sk2 bbox=(308,584,392,606) mode=compact look=P1 placement=left ring=0 hardPx2=0 softPx2=0 order=4 bound=1
2026.10.06-02.18.42 TAG fighter=f-1-hero bbox=(1027,519,1129,541) mode=compact look=P2 placement=left ring=0 hardPx2=0 softPx2=0 order=0 bound=1
2026.10.06-02.18.42 TAG fighter=f-1-sk0 bbox=(1201,427,1285,449) mode=compact look=P2 placement=above ring=0 hardPx2=0 softPx2=0 order=1 bound=1
2026.10.06-02.18.42 TAG fighter=f-0-hero bbox=(1005,688,1107,710) mode=compact look=P1 placement=above ring=0 hardPx2=0 softPx2=0 order=5 bound=1
2026.10.06-02.18.42 TAG fighter=f-0-sk0 bbox=(509,496,593,518) mode=compact look=P1 placement=above ring=0 hardPx2=0 softPx2=0 order=3 bound=1
2026.10.06-02.18.42 TAG fighter=f-0-sk1 bbox=(396,458,480,480) mode=compact look=P1 placement=above ring=0 hardPx2=0 softPx2=0 order=2 bound=1
2026.10.06-02.18.42 TAG fighter=f-0-sk2 bbox=(308,584,392,606) mode=compact look=P1 placement=left ring=0 hardPx2=0 softPx2=0 order=4 bound=1
2026.10.06-02.18.42 TAG fighter=f-1-hero bbox=(1027,519,1129,541) mode=compact look=P2 placement=left ring=0 hardPx2=0 softPx2=0 order=0 bound=1
2026.10.06-02.18.42 TAG fighter=f-1-sk0 bbox=(1201,427,1285,449) mode=compact look=P2 placement=above ring=0 hardPx2=0 softPx2=0 order=1 bound=1
2026.10.06-02.18.42 TAG fighter=f-0-hero bbox=(1019,694,1121,716) mode=compact look=P1 placement=above ring=0 hardPx2=0 softPx2=0 order=5 bound=1
2026.10.06-02.18.42 TAG fighter=f-0-sk0 bbox=(509,496,593,518) mode=compact look=P1 placement=above ring=0 hardPx2=0 softPx2=0 order=3 bound=1
2026.10.06-02.18.42 TAG fighter=f-0-sk1 bbox=(396,458,480,480) mode=compact look=P1 placement=above ring=0 hardPx2=0 softPx2=0 order=2 bound=1
2026.10.06-02.18.42 TAG fighter=f-0-sk2 bbox=(308,584,392,606) mode=compact look=P1 placement=left ring=0 hardPx2=0 softPx2=0 order=4 bound=1
2026.10.06-02.18.42 TAG fighter=f-1-hero bbox=(1027,519,1129,541) mode=compact look=P2 placement=left ring=0 hardPx2=0 softPx2=0 order=0 bound=1
2026.10.06-02.18.42 TAG fighter=f-1-sk0 bbox=(1201,427,1285,449) mode=compact look=P2 placement=above ring=0 hardPx2=0 softPx2=0 order=1 bound=1
2026.10.06-02.18.42 TAG fighter=f-0-hero bbox=(1034,701,1136,723) mode=compact look=P1 placement=above ring=0 hardPx2=0 softPx2=0 order=5 bound=1
2026.10.06-02.18.42 TAG fighter=f-0-sk0 bbox=(509,496,593,518) mode=compact look=P1 placement=above ring=0 hardPx2=0 softPx2=0 order=3 bound=1
2026.10.06-02.18.42 TAG fighter=f-0-sk1 bbox=(396,458,480,480) mode=compact look=P1 placement=above ring=0 hardPx2=0 softPx2=0 order=2 bound=1
2026.10.06-02.18.42 TAG fighter=f-0-sk2 bbox=(308,584,392,606) mode=compact look=P1 placement=left ring=0 hardPx2=0 softPx2=0 order=4 bound=1
2026.10.06-02.18.42 TAG fighter=f-1-hero bbox=(1027,519,1129,541) mode=compact look=P2 placement=left ring=0 hardPx2=0 softPx2=0 order=0 bound=1
2026.10.06-02.18.42 TAG fighter=f-1-sk0 bbox=(1201,427,1285,449) mode=compact look=P2 placement=above ring=0 hardPx2=0 softPx2=0 order=1 bound=1
2026.10.06-02.18.42 TAG fighter=f-0-hero bbox=(1049,708,1151,730) mode=compact look=P1 placement=above ring=0 hardPx2=0 softPx2=0 order=5 bound=1
2026.10.06-02.18.42 TAG fighter=f-0-sk0 bbox=(509,496,593,518) mode=compact look=P1 placement=above ring=0 hardPx2=0 softPx2=0 order=3 bound=1
2026.10.06-02.18.42 TAG fighter=f-0-sk1 bbox=(396,458,480,480) mode=compact look=P1 placement=above ring=0 hardPx2=0 softPx2=0 order=2 bound=1
2026.10.06-02.18.42 TAG fighter=f-0-sk2 bbox=(308,584,392,606) mode=compact look=P1 placement=left ring=0 hardPx2=0 softPx2=0 order=4 bound=1
2026.10.06-02.18.42 TAG fighter=f-1-hero bbox=(1027,519,1129,541) mode=compact look=P2 placement=left ring=0 hardPx2=0 softPx2=0 order=0 bound=1
2026.10.06-02.18.42 TAG fighter=f-1-sk0 bbox=(1201,427,1285,449) mode=compact look=P2 placement=above ring=0 hardPx2=0 softPx2=0 order=1 bound=1
2026.10.06-02.18.42 CUE sound id=CUE-007 point=step subject=f-0-hero seq=37 t=42806 event_t=42806 dt=0 class=SFX sound=SW_BRD_STEP_03 gain=0.80 result=played edge=2/2 due=42786
2026.10.06-02.18.42 TAG fighter=f-0-hero bbox=(1056,702,1158,724) mode=compact look=P1 placement=above ring=0 hardPx2=0 softPx2=0 order=5 bound=1
2026.10.06-02.18.42 TAG fighter=f-0-sk0 bbox=(509,496,593,518) mode=compact look=P1 placement=above ring=0 hardPx2=0 softPx2=0 order=3 bound=1
2026.10.06-02.18.42 TAG fighter=f-0-sk1 bbox=(396,458,480,480) mode=compact look=P1 placement=above ring=0 hardPx2=0 softPx2=0 order=2 bound=1
2026.10.06-02.18.42 TAG fighter=f-0-sk2 bbox=(308,584,392,606) mode=compact look=P1 placement=left ring=0 hardPx2=0 softPx2=0 order=4 bound=1
2026.10.06-02.18.42 TAG fighter=f-1-hero bbox=(1027,519,1129,541) mode=compact look=P2 placement=left ring=0 hardPx2=0 softPx2=0 order=0 bound=1
2026.10.06-02.18.42 TAG fighter=f-1-sk0 bbox=(1201,427,1285,449) mode=compact look=P2 placement=above ring=0 hardPx2=0 softPx2=0 order=1 bound=1
2026.10.06-02.18.42 TAG fighter=f-0-hero bbox=(1058,689,1160,711) mode=compact look=P1 placement=above ring=0 hardPx2=0 softPx2=0 order=5 bound=1
2026.10.06-02.18.42 TAG fighter=f-0-sk0 bbox=(509,496,593,518) mode=compact look=P1 placement=above ring=0 hardPx2=0 softPx2=0 order=3 bound=1
2026.10.06-02.18.42 TAG fighter=f-0-sk1 bbox=(396,458,480,480) mode=compact look=P1 placement=above ring=0 hardPx2=0 softPx2=0 order=2 bound=1
2026.10.06-02.18.42 TAG fighter=f-0-sk2 bbox=(308,584,392,606) mode=compact look=P1 placement=left ring=0 hardPx2=0 softPx2=0 order=4 bound=1
2026.10.06-02.18.42 TAG fighter=f-1-hero bbox=(1027,519,1129,541) mode=compact look=P2 placement=left ring=0 hardPx2=0 softPx2=0 order=0 bound=1
2026.10.06-02.18.42 TAG fighter=f-1-sk0 bbox=(1201,427,1285,449) mode=compact look=P2 placement=above ring=0 hardPx2=0 softPx2=0 order=1 bound=1
2026.10.06-02.18.42 TAG fighter=f-0-hero bbox=(1060,675,1162,697) mode=compact look=P1 placement=above ring=0 hardPx2=0 softPx2=0 order=5 bound=1
2026.10.06-02.18.42 TAG fighter=f-0-sk0 bbox=(509,496,593,518) mode=compact look=P1 placement=above ring=0 hardPx2=0 softPx2=0 order=3 bound=1
2026.10.06-02.18.42 TAG fighter=f-0-sk1 bbox=(396,458,480,480) mode=compact look=P1 placement=above ring=0 hardPx2=0 softPx2=0 order=2 bound=1
2026.10.06-02.18.42 TAG fighter=f-0-sk2 bbox=(308,584,392,606) mode=compact look=P1 placement=left ring=0 hardPx2=0 softPx2=0 order=4 bound=1
2026.10.06-02.18.42 TAG fighter=f-1-hero bbox=(1027,519,1129,541) mode=compact look=P2 placement=left ring=0 hardPx2=0 softPx2=0 order=0 bound=1
2026.10.06-02.18.42 TAG fighter=f-1-sk0 bbox=(1201,427,1285,449) mode=compact look=P2 placement=above ring=0 hardPx2=0 softPx2=0 order=1 bound=1
2026.10.06-02.18.42 TAG fighter=f-0-hero bbox=(1062,662,1164,684) mode=compact look=P1 placement=above ring=0 hardPx2=0 softPx2=0 order=5 bound=1
2026.10.06-02.18.42 TAG fighter=f-0-sk0 bbox=(509,496,593,518) mode=compact look=P1 placement=above ring=0 hardPx2=0 softPx2=0 order=3 bound=1
2026.10.06-02.18.42 TAG fighter=f-0-sk1 bbox=(396,458,480,480) mode=compact look=P1 placement=above ring=0 hardPx2=0 softPx2=0 order=2 bound=1
2026.10.06-02.18.42 TAG fighter=f-0-sk2 bbox=(308,584,392,606) mode=compact look=P1 placement=left ring=0 hardPx2=0 softPx2=0 order=4 bound=1
2026.10.06-02.18.42 TAG fighter=f-1-hero bbox=(1027,519,1129,541) mode=compact look=P2 placement=left ring=0 hardPx2=0 softPx2=0 order=0 bound=1
2026.10.06-02.18.42 TAG fighter=f-1-sk0 bbox=(1201,427,1285,449) mode=compact look=P2 placement=above ring=0 hardPx2=0 softPx2=0 order=1 bound=1
2026.10.06-02.18.42 TAG fighter=f-0-hero bbox=(1064,649,1166,671) mode=compact look=P1 placement=above ring=0 hardPx2=0 softPx2=0 order=5 bound=1
2026.10.06-02.18.42 TAG fighter=f-0-sk0 bbox=(509,496,593,518) mode=compact look=P1 placement=above ring=0 hardPx2=0 softPx2=0 order=3 bound=1
2026.10.06-02.18.42 TAG fighter=f-0-sk1 bbox=(396,458,480,480) mode=compact look=P1 placement=above ring=0 hardPx2=0 softPx2=0 order=2 bound=1
2026.10.06-02.18.42 TAG fighter=f-0-sk2 bbox=(308,584,392,606) mode=compact look=P1 placement=left ring=0 hardPx2=0 softPx2=0 order=4 bound=1
2026.10.06-02.18.42 TAG fighter=f-1-hero bbox=(1027,519,1129,541) mode=compact look=P2 placement=left ring=0 hardPx2=0 softPx2=0 order=0 bound=1
2026.10.06-02.18.42 TAG fighter=f-1-sk0 bbox=(1201,427,1285,449) mode=compact look=P2 placement=above ring=0 hardPx2=0 softPx2=0 order=1 bound=1
2026.10.06-02.18.42 TAG fighter=f-0-hero bbox=(1066,635,1168,657) mode=compact look=P1 placement=above ring=0 hardPx2=0 softPx2=0 order=5 bound=1
2026.10.06-02.18.42 TAG fighter=f-0-sk0 bbox=(509,496,593,518) mode=compact look=P1 placement=above ring=0 hardPx2=0 softPx2=0 order=3 bound=1
2026.10.06-02.18.42 TAG fighter=f-0-sk1 bbox=(396,458,480,480) mode=compact look=P1 placement=above ring=0 hardPx2=0 softPx2=0 order=2 bound=1
2026.10.06-02.18.42 TAG fighter=f-0-sk2 bbox=(308,584,392,606) mode=compact look=P1 placement=left ring=0 hardPx2=0 softPx2=0 order=4 bound=1
2026.10.06-02.18.42 TAG fighter=f-1-hero bbox=(1027,519,1129,541) mode=compact look=P2 placement=left ring=0 hardPx2=0 softPx2=0 order=0 bound=1
2026.10.06-02.18.42 TAG fighter=f-1-sk0 bbox=(1201,427,1285,449) mode=compact look=P2 placement=above ring=0 hardPx2=0 softPx2=0 order=1 bound=1
2026.10.06-02.18.42 TAG fighter=f-0-hero bbox=(973,646,1075,668) mode=compact look=P1 placement=left ring=0 hardPx2=0 softPx2=0 order=5 bound=1
2026.10.06-02.18.42 TAG fighter=f-0-sk0 bbox=(509,496,593,518) mode=compact look=P1 placement=above ring=0 hardPx2=0 softPx2=0 order=3 bound=1
2026.10.06-02.18.42 TAG fighter=f-0-sk1 bbox=(396,458,480,480) mode=compact look=P1 placement=above ring=0 hardPx2=0 softPx2=0 order=2 bound=1
2026.10.06-02.18.42 TAG fighter=f-0-sk2 bbox=(308,584,392,606) mode=compact look=P1 placement=left ring=0 hardPx2=0 softPx2=0 order=4 bound=1
2026.10.06-02.18.42 TAG fighter=f-1-hero bbox=(1027,519,1129,541) mode=compact look=P2 placement=left ring=0 hardPx2=0 softPx2=0 order=0 bound=1
2026.10.06-02.18.42 TAG fighter=f-1-sk0 bbox=(1201,427,1285,449) mode=compact look=P2 placement=above ring=0 hardPx2=0 softPx2=0 order=1 bound=1
2026.10.06-02.18.42 TAG fighter=f-0-hero bbox=(975,633,1077,655) mode=compact look=P1 placement=left ring=0 hardPx2=0 softPx2=0 order=5 bound=1
2026.10.06-02.18.42 TAG fighter=f-0-sk0 bbox=(509,496,593,518) mode=compact look=P1 placement=above ring=0 hardPx2=0 softPx2=0 order=3 bound=1
2026.10.06-02.18.42 TAG fighter=f-0-sk1 bbox=(396,458,480,480) mode=compact look=P1 placement=above ring=0 hardPx2=0 softPx2=0 order=1 bound=1
2026.10.06-02.18.42 TAG fighter=f-0-sk2 bbox=(308,584,392,606) mode=compact look=P1 placement=left ring=0 hardPx2=0 softPx2=0 order=4 bound=1
2026.10.06-02.18.42 TAG fighter=f-1-hero bbox=(1027,519,1129,541) mode=compact look=P2 placement=left ring=0 hardPx2=0 softPx2=0 order=2 bound=1
2026.10.06-02.18.42 TAG fighter=f-1-sk0 bbox=(1201,427,1285,449) mode=compact look=P2 placement=above ring=0 hardPx2=0 softPx2=0 order=0 bound=1
2026.10.06-02.18.43 TAG fighter=f-0-hero bbox=(977,622,1079,644) mode=compact look=P1 placement=left ring=0 hardPx2=0 softPx2=0 order=5 bound=1
2026.10.06-02.18.43 TAG fighter=f-0-sk0 bbox=(509,496,593,518) mode=compact look=P1 placement=above ring=0 hardPx2=0 softPx2=0 order=3 bound=1
2026.10.06-02.18.43 TAG fighter=f-0-sk1 bbox=(396,458,480,480) mode=compact look=P1 placement=above ring=0 hardPx2=0 softPx2=0 order=1 bound=1
2026.10.06-02.18.43 TAG fighter=f-0-sk2 bbox=(308,584,392,606) mode=compact look=P1 placement=left ring=0 hardPx2=0 softPx2=0 order=4 bound=1
2026.10.06-02.18.43 TAG fighter=f-1-hero bbox=(1027,519,1129,541) mode=compact look=P2 placement=left ring=0 hardPx2=0 softPx2=0 order=2 bound=1
2026.10.06-02.18.43 TAG fighter=f-1-sk0 bbox=(1201,427,1285,449) mode=compact look=P2 placement=above ring=0 hardPx2=0 softPx2=0 order=0 bound=1
2026.10.06-02.18.43 MS-LAST show seq=37 mode=anim player=cmuhntivg0000wib0anhqyswc from=4,4 to=5,4
2026.10.06-02.18.43 MS-LOG seq=37 moves=1 truncated=0 text="Medusa: maneuver: Medusa S35→S32"
2026.10.06-02.18.43 S09AUTO drive mode=0 plan=[attack+scheme] phase=ACTION_MANEUVER turn=cmuhntivg0000wib0anhqyswc
2026.10.06-02.18.43 S09AUTO attack (attacker=f-0-hero target-set card-set)
2026.10.06-02.18.43 ATTACK sent ability=none
2026.10.06-02.18.43 HUD-TRACK chosen=attack seq=37 spent=1
2026.10.06-02.18.43 ARTPREVIEW hero-light fighter=f-0-hero state=active layers=2 lightsOn=2 keyCd=19.966 rimCd=1.696 mul=1.110 pulse=0.40Hz+-4%
2026.10.06-02.18.43 ARTPREVIEW combat marker fighter=Medusa attacker=1 target=0 icon=0 targetMesh=SM_Marker_TargetRing iconMode=screen targetArcScaleXY=0.920
2026.10.06-02.18.43 ARTPREVIEW combat marker fighter=King Arthur attacker=0 target=1 icon=1 targetMesh=SM_Marker_TargetRing iconMode=screen targetArcScaleXY=0.920
2026.10.06-02.18.43 MS-STATUS seq=37 text="Syncing…"
2026.10.06-02.18.43 TOAST text="attack sent"
2026.10.06-02.18.43 TAG fighter=f-0-hero bbox=(977,622,1079,644) mode=compact look=P1 placement=left ring=0 hardPx2=0 softPx2=0 order=5 bound=1
2026.10.06-02.18.43 TAG fighter=f-0-sk0 bbox=(509,496,593,518) mode=compact look=P1 placement=above ring=0 hardPx2=0 softPx2=0 order=3 bound=1
2026.10.06-02.18.43 TAG fighter=f-0-sk1 bbox=(396,458,480,480) mode=compact look=P1 placement=above ring=0 hardPx2=0 softPx2=0 order=2 bound=1
2026.10.06-02.18.43 TAG fighter=f-0-sk2 bbox=(308,584,392,606) mode=compact look=P1 placement=left ring=0 hardPx2=0 softPx2=0 order=4 bound=1
2026.10.06-02.18.43 TAG fighter=f-1-hero bbox=(1027,519,1129,541) mode=compact look=P2 placement=left ring=0 hardPx2=0 softPx2=0 order=0 bound=1
2026.10.06-02.18.43 TAG fighter=f-1-sk0 bbox=(1201,427,1285,449) mode=compact look=P2 placement=above ring=0 hardPx2=0 softPx2=0 order=1 bound=1
2026.10.06-02.18.43 ICON fighter=f-1-hero bbox=(1217,541,1249,573) size=32 src=combat anchor=right fallback=0 overlapPx2=0 texture=/Game/S08/UI/IconsV3/T_IV3_action_attack_token_32.T_IV3_action_attack_token_32
2026.10.06-02.18.43 HUD-TRACK own=2/2 server=1 local=1 opp=0/2 oppVisible=0 anim=spend/- seq=37 frame=1221
2026.10.06-02.18.43 TAG fighter=f-0-hero bbox=(977,622,1079,644) mode=compact look=P1 placement=left ring=0 hardPx2=0 softPx2=0 order=5 bound=1
2026.10.06-02.18.43 TAG fighter=f-0-sk0 bbox=(509,496,593,518) mode=compact look=P1 placement=above ring=0 hardPx2=0 softPx2=0 order=3 bound=1
2026.10.06-02.18.43 TAG fighter=f-0-sk1 bbox=(396,458,480,480) mode=compact look=P1 placement=above ring=0 hardPx2=0 softPx2=0 order=2 bound=1
2026.10.06-02.18.43 TAG fighter=f-0-sk2 bbox=(308,584,392,606) mode=compact look=P1 placement=left ring=0 hardPx2=0 softPx2=0 order=4 bound=1
2026.10.06-02.18.43 TAG fighter=f-1-hero bbox=(1027,519,1129,541) mode=compact look=P2 placement=left ring=0 hardPx2=0 softPx2=0 order=0 bound=1
2026.10.06-02.18.43 TAG fighter=f-1-sk0 bbox=(1201,427,1285,449) mode=compact look=P2 placement=above ring=0 hardPx2=0 softPx2=0 order=1 bound=1
2026.10.06-02.18.43 ICON fighter=f-1-hero bbox=(1217,541,1249,573) size=32 src=combat anchor=right fallback=0 overlapPx2=0 texture=/Game/S08/UI/IconsV3/T_IV3_action_attack_token_32.T_IV3_action_attack_token_32
2026.10.06-02.18.43 SNAPSHOT applied seq=38 phase=COMBAT
2026.10.06-02.18.43 HANDLE_APPLIED #54 seq=38 decision=2 fightersValid=1 boardValid=1
2026.10.06-02.18.43 CUE sound id=CUE-008 point=cue subject=f-0-hero seq=38 t=43739 event_t=43739 dt=0 class=SFX sound=SW_CMB_ATTACK_DECLARE_01 gain=0.80 result=played
2026.10.06-02.18.43 VO event=ATTACK speaker=MEDUSA t=43739 result=skipped line=- prio=3 reason=chance
2026.10.06-02.18.43 CUE fx id=CUE-008 subject=f-0-hero seq=38 t=43739 vfx=missing sfx=missing clip=none mat=none socket=Weapon reduced=0 result=fallback
2026.10.06-02.18.43 closed mode=
2026.10.06-02.18.43 MODE seq=38 mode=0 combat=1 pending=0
2026.10.06-02.18.43 MS-OPP verb=defend seq=38
2026.10.06-02.18.43 MS-TRACK own=2/2 opp=0/2 oppVisible=0 seq=38
2026.10.06-02.18.43 HUD seq=38 phase=COMBAT turn=you hand=1 oppHand=7(hidden) oppDeck=19~ deck=22~ discard=7
2026.10.06-02.18.43 ARTPREVIEW fighter=Medusa hero=1 eligible=0 visual=1 mesh=SK_Medusa_H2LD
2026.10.06-02.18.43 FIGHTERS synced n=6 alive=6 own=4 enemy=2
2026.10.06-02.18.43 WS seq=38 phase=COMBAT (apply)
2026.10.06-02.18.43 HUD-TRACK own=2/2 server=2 local=0 opp=0/2 oppVisible=0 anim=-/- seq=38 frame=1223
2026.10.06-02.18.43 SNAPSHOT applied seq=38 phase=COMBAT
2026.10.06-02.18.43 HANDLE_APPLIED #55 seq=38 decision=1 fightersValid=1 boardValid=1
2026.10.06-02.18.43 MODE seq=38 mode=0 combat=1 pending=0
2026.10.06-02.18.43 HUD seq=38 phase=COMBAT turn=you hand=1 oppHand=7(hidden) oppDeck=19 deck=22 discard=7
2026.10.06-02.18.43 MS-STATUS seq=38 text="Waiting for the defender"
2026.10.06-02.18.43 ARTPREVIEW fighter=Medusa hero=1 eligible=0 visual=1 mesh=SK_Medusa_H2LD
2026.10.06-02.18.43 FIGHTERS synced n=6 alive=6 own=4 enemy=2
2026.10.06-02.18.43 ATTACK done seq=38 (merge) phase=COMBAT
2026.10.06-02.18.43 TAG fighter=f-0-hero bbox=(977,622,1079,644) mode=compact look=P1 placement=left ring=0 hardPx2=0 softPx2=0 order=5 bound=1
2026.10.06-02.18.43 TAG fighter=f-0-sk0 bbox=(509,496,593,518) mode=compact look=P1 placement=above ring=0 hardPx2=0 softPx2=0 order=3 bound=1
2026.10.06-02.18.43 TAG fighter=f-0-sk1 bbox=(396,458,480,480) mode=compact look=P1 placement=above ring=0 hardPx2=0 softPx2=0 order=2 bound=1
2026.10.06-02.18.43 TAG fighter=f-0-sk2 bbox=(308,584,392,606) mode=compact look=P1 placement=left ring=0 hardPx2=0 softPx2=0 order=4 bound=1
2026.10.06-02.18.43 TAG fighter=f-1-hero bbox=(1027,519,1129,541) mode=compact look=P2 placement=left ring=0 hardPx2=0 softPx2=0 order=0 bound=1
2026.10.06-02.18.43 TAG fighter=f-1-sk0 bbox=(1201,427,1285,449) mode=compact look=P2 placement=above ring=0 hardPx2=0 softPx2=0 order=1 bound=1
2026.10.06-02.18.43 ICON fighter=f-1-hero bbox=(1217,541,1249,573) size=32 src=combat anchor=right fallback=0 overlapPx2=0 texture=/Game/S08/UI/IconsV3/T_IV3_action_attack_token_32.T_IV3_action_attack_token_32
2026.10.06-02.18.43 TAG fighter=f-0-hero bbox=(977,622,1079,644) mode=compact look=P1 placement=left ring=0 hardPx2=0 softPx2=0 order=5 bound=1
2026.10.06-02.18.43 TAG fighter=f-0-sk0 bbox=(509,496,593,518) mode=compact look=P1 placement=above ring=0 hardPx2=0 softPx2=0 order=3 bound=1
2026.10.06-02.18.43 TAG fighter=f-0-sk1 bbox=(396,458,480,480) mode=compact look=P1 placement=above ring=0 hardPx2=0 softPx2=0 order=2 bound=1
2026.10.06-02.18.43 TAG fighter=f-0-sk2 bbox=(308,584,392,606) mode=compact look=P1 placement=left ring=0 hardPx2=0 softPx2=0 order=4 bound=1
2026.10.06-02.18.43 TAG fighter=f-1-hero bbox=(1027,519,1129,541) mode=compact look=P2 placement=left ring=0 hardPx2=0 softPx2=0 order=0 bound=1
2026.10.06-02.18.43 TAG fighter=f-1-sk0 bbox=(1201,427,1285,449) mode=compact look=P2 placement=above ring=0 hardPx2=0 softPx2=0 order=1 bound=1
2026.10.06-02.18.43 ICON fighter=f-1-hero bbox=(1217,541,1249,573) size=32 src=combat anchor=right fallback=0 overlapPx2=0 texture=/Game/S08/UI/IconsV3/T_IV3_action_attack_token_32.T_IV3_action_attack_token_32
2026.10.06-02.18.43 SNAPSHOT applied seq=39 phase=COMBAT_RESOLVE
2026.10.06-02.18.43 HANDLE_APPLIED #56 seq=39 decision=2 fightersValid=1 boardValid=1
2026.10.06-02.18.43 CUE sound id=CUE-009 point=cue subject=f-1-hero seq=39 t=43873 event_t=43873 dt=0 class=SFX sound=SW_CMB_DEFENSE_PLAYED_01 gain=0.80 result=played
2026.10.06-02.18.43 VO event=DEFEND speaker=ARTHUR t=43873 result=skipped line=- prio=4 reason=cooldown
2026.10.06-02.18.43 CUE fx done id=CUE-008 subject=f-0-hero seq=38 t=43873 ms=134 cut=interrupt
2026.10.06-02.18.43 CUE fx id=CUE-009 subject=f-1-hero seq=39 t=43873 vfx=missing sfx=missing clip=none mat=FxFlash socket=Head reduced=0 result=fallback
2026.10.06-02.18.43 closed mode=
2026.10.06-02.18.43 MODE seq=39 mode=5 combat=1 pending=0
2026.10.06-02.18.43 HUD seq=39 phase=COMBAT_RESOLVE turn=you hand=1 oppHand=6(hidden) oppDeck=19~ deck=22~ discard=7
2026.10.06-02.18.43 MS-STATUS seq=39 text="Resolve the combat (R)"
2026.10.06-02.18.43 ARTPREVIEW fighter=Medusa hero=1 eligible=0 visual=1 mesh=SK_Medusa_H2LD
2026.10.06-02.18.43 FIGHTERS synced n=6 alive=6 own=4 enemy=2
2026.10.06-02.18.43 WS seq=39 phase=COMBAT_RESOLVE (apply)
2026.10.06-02.18.43 S09AUTO drive mode=5 plan=[attack+scheme] phase=COMBAT_RESOLVE turn=cmuhntivg0000wib0anhqyswc
2026.10.06-02.18.43 TAG fighter=f-0-hero bbox=(977,622,1079,644) mode=compact look=P1 placement=left ring=0 hardPx2=0 softPx2=0 order=5 bound=1
2026.10.06-02.18.43 TAG fighter=f-0-sk0 bbox=(509,496,593,518) mode=compact look=P1 placement=above ring=0 hardPx2=0 softPx2=0 order=3 bound=1
2026.10.06-02.18.43 TAG fighter=f-0-sk1 bbox=(396,458,480,480) mode=compact look=P1 placement=above ring=0 hardPx2=0 softPx2=0 order=2 bound=1
2026.10.06-02.18.43 TAG fighter=f-0-sk2 bbox=(308,584,392,606) mode=compact look=P1 placement=left ring=0 hardPx2=0 softPx2=0 order=4 bound=1
2026.10.06-02.18.43 TAG fighter=f-1-hero bbox=(1027,519,1129,541) mode=compact look=P2 placement=left ring=0 hardPx2=0 softPx2=0 order=0 bound=1
2026.10.06-02.18.43 TAG fighter=f-1-sk0 bbox=(1201,427,1285,449) mode=compact look=P2 placement=above ring=0 hardPx2=0 softPx2=0 order=1 bound=1
2026.10.06-02.18.43 ICON fighter=f-1-hero bbox=(1217,541,1249,573) size=32 src=combat anchor=right fallback=0 overlapPx2=0 texture=/Game/S08/UI/IconsV3/T_IV3_action_attack_token_32.T_IV3_action_attack_token_32
2026.10.06-02.18.44 SNAPSHOT applied seq=40 phase=ACTION_MANEUVER
2026.10.06-02.18.44 HANDLE_APPLIED #57 seq=40 decision=2 fightersValid=1 boardValid=1
2026.10.06-02.18.44 COMBAT-RESULT seq=40 damage=0 role=attacked
2026.10.06-02.18.44 COMBAT-LOG seq=40 log=40 n=5 entries=1 lines=1 src=log outcomes=APPLIED:1
2026.10.06-02.18.44 CUE combat seq=40 stage=start t=44139 attacker=f-0-hero target=f-1-hero text=1 lines=1 damage=0 lethal=0 shown=0 speed=1.00 flip=620 contact=333 src=notify a=1 d=3 outcome=hold
2026.10.06-02.18.44 CUE fx id=CUE-010 subject=scene seq=40 t=44139 vfx=none sfx=missing clip=none mat=none socket=- reduced=0 result=fallback
2026.10.06-02.18.44 CUE sound id=CUE-010 point=cue subject=card.attack seq=40 t=44139 event_t=44139 dt=0 class=SFX sound=SW_CRD_FLIP_01 gain=0.80 result=played
2026.10.06-02.18.44 CUE sound id=CUE-010 point=cue subject=card.defense seq=40 t=44139 event_t=44139 dt=0 class=SFX sound=SW_CRD_FLIP_03 gain=0.80 result=played
2026.10.06-02.18.44 closed mode=
2026.10.06-02.18.44 MODE seq=40 mode=0 combat=0 pending=0
2026.10.06-02.18.44 MS-OPP verb=turn seq=40
2026.10.06-02.18.44 MS-TRACK own=0/2 opp=0/2 oppVisible=1 seq=40
2026.10.06-02.18.44 MS-LAST fade seq=37 at=40 ms=300
2026.10.06-02.18.44 CUE sound id=CUE-015 point=turn subject=- seq=40 t=44139 event_t=44139 dt=0 class=UI sound=none gain=0.80 result=silent turn=opp reason=opponent
2026.10.06-02.18.44 HUD-TURN seq=40 turn=opp initial=0 ring=marker-turn-ring flash=1000 banner=0 reduced=0
2026.10.06-02.18.44 CUE sound id=CUE-005 point=cue subject=hand.own seq=40 t=44139 event_t=44139 dt=0 class=SFX sound=SW_CRD_DRAW_03 gain=0.80 result=played
2026.10.06-02.18.44 HUD seq=40 phase=ACTION_MANEUVER turn=opp hand=2 oppHand=6(hidden) oppDeck=19~ deck=22~ discard=7
2026.10.06-02.18.44 MS-STATUS seq=40 text="King Arthur — Opponent is choosing an action"
2026.10.06-02.18.44 ARTPREVIEW fighter=Medusa hero=1 eligible=0 visual=1 mesh=SK_Medusa_H2LD
2026.10.06-02.18.44 FIGHTERS synced n=6 alive=6 own=4 enemy=2
2026.10.06-02.18.44 WS seq=40 phase=ACTION_MANEUVER (apply)
2026.10.06-02.18.44 HUD-TRACK own=0/2 server=0 local=0 opp=0/2 oppVisible=1 anim=reset/reset seq=40 frame=1235
2026.10.06-02.18.44 S09AUTO drive mode=0 plan=[attack+scheme] phase=ACTION_MANEUVER turn=cmuhntiwu0001wib0z281rpa8
2026.10.06-02.18.44 TAG fighter=f-0-hero bbox=(977,622,1079,644) mode=compact look=P1 placement=left ring=0 hardPx2=0 softPx2=0 order=5 bound=1
2026.10.06-02.18.44 TAG fighter=f-0-sk0 bbox=(509,496,593,518) mode=compact look=P1 placement=above ring=0 hardPx2=0 softPx2=0 order=3 bound=1
2026.10.06-02.18.44 TAG fighter=f-0-sk1 bbox=(396,458,480,480) mode=compact look=P1 placement=above ring=0 hardPx2=0 softPx2=0 order=2 bound=1
2026.10.06-02.18.44 TAG fighter=f-0-sk2 bbox=(308,584,392,606) mode=compact look=P1 placement=left ring=0 hardPx2=0 softPx2=0 order=4 bound=1
2026.10.06-02.18.44 TAG fighter=f-1-hero bbox=(1027,519,1129,541) mode=compact look=P2 placement=left ring=0 hardPx2=0 softPx2=0 order=0 bound=1
2026.10.06-02.18.44 TAG fighter=f-1-sk0 bbox=(1201,427,1285,449) mode=compact look=P2 placement=above ring=0 hardPx2=0 softPx2=0 order=1 bound=1
2026.10.06-02.18.44 ICON fighter=f-1-hero bbox=(1217,541,1249,573) size=32 src=combat anchor=right fallback=0 overlapPx2=0 texture=/Game/S08/UI/IconsV3/T_IV3_action_attack_token_32.T_IV3_action_attack_token_32
2026.10.06-02.18.44 SNAPSHOT applied seq=41 phase=ACTION_MANEUVER
2026.10.06-02.18.44 HANDLE_APPLIED #58 seq=41 decision=2 fightersValid=1 boardValid=1
2026.10.06-02.18.44 MODE seq=41 mode=0 combat=0 pending=0
2026.10.06-02.18.44 MS-OPP verb=maneuver seq=41
2026.10.06-02.18.44 MS-TRACK own=0/2 opp=1/2 oppVisible=1 seq=41
2026.10.06-02.18.44 MS-OPP planning=1 seq=41
2026.10.06-02.18.44 CUE sound id=CUE-005 point=cue subject=hand.opp seq=41 t=44273 event_t=44273 dt=0 class=SFX sound=SW_CRD_DRAW_01 gain=0.80 result=played
2026.10.06-02.18.44 HUD seq=41 phase=ACTION_MANEUVER turn=opp hand=2 oppHand=7(hidden) oppDeck=19~ deck=22~ discard=7
2026.10.06-02.18.44 MS-STATUS seq=41 text="King Arthur — Opponent is planning a maneuver"
2026.10.06-02.18.44 ARTPREVIEW fighter=Medusa hero=1 eligible=0 visual=1 mesh=SK_Medusa_H2LD
2026.10.06-02.18.44 FIGHTERS synced n=6 alive=6 own=4 enemy=2
2026.10.06-02.18.44 WS seq=41 phase=ACTION_MANEUVER (apply)
2026.10.06-02.18.44 HUD-TRACK own=0/2 server=0 local=0 opp=1/2 oppVisible=1 anim=-/spend seq=41 frame=1239
2026.10.06-02.18.44 CUE fx done id=CUE-009 subject=f-1-hero seq=39 t=44373 ms=500 cut=0
2026.10.06-02.18.44 SNAPSHOT applied seq=42 phase=ACTION_MANEUVER
2026.10.06-02.18.44 HANDLE_APPLIED #59 seq=42 decision=2 fightersValid=1 boardValid=1
2026.10.06-02.18.44 MODE seq=42 mode=0 combat=0 pending=0
2026.10.06-02.18.44 MS-OPP verb=turn seq=42
2026.10.06-02.18.44 MS-OPP planning=0 seq=42
2026.10.06-02.18.44 MS-LAST replace seq=37 by=42
2026.10.06-02.18.44 MS-LAST enter seq=42 player=cmuhntiwu0001wib0z281rpa8 source=MANEUVER moves=1 boost=-1
2026.10.06-02.18.44 HUD seq=42 phase=ACTION_MANEUVER turn=opp hand=2 oppHand=7(hidden) oppDeck=19~ deck=22~ discard=7
2026.10.06-02.18.44 MS-STATUS seq=42 text="King Arthur — Opponent is choosing an action"
2026.10.06-02.18.44 ARTPREVIEW fighter=Medusa hero=1 eligible=0 visual=1 mesh=SK_Medusa_H2LD
2026.10.06-02.18.44 FIGHTERS synced n=6 alive=6 own=4 enemy=2
2026.10.06-02.18.44 MS-CUE move seq=42 fighter=f-1-hero order=0 of=1 kind=move steps=1 source=trail start=0 ms=280 snapped=0 path=S25>S26 speed=normal reduced=0
2026.10.06-02.18.44 CUE sound id=CUE-007 point=step subject=f-1-hero seq=42 t=44373 event_t=44373 dt=0 class=SFX sound=SW_BRD_STEP_04 gain=0.80 result=played edge=1/1 due=44373
2026.10.06-02.18.44 MS-ANIM play seq=42 moves=1 animated=1 speed=normal reduced=0 end=430
2026.10.06-02.18.44 CUE move f-1-hero (6,3)->(7,3) seq=42
2026.10.06-02.18.44 WS seq=42 phase=ACTION_MANEUVER (apply)
2026.10.06-02.18.44 TAG fighter=f-0-hero bbox=(977,622,1079,644) mode=compact look=P1 placement=left ring=0 hardPx2=0 softPx2=0 order=5 bound=1
2026.10.06-02.18.44 TAG fighter=f-0-sk0 bbox=(509,496,593,518) mode=compact look=P1 placement=above ring=0 hardPx2=0 softPx2=0 order=3 bound=1
2026.10.06-02.18.44 TAG fighter=f-0-sk1 bbox=(396,458,480,480) mode=compact look=P1 placement=above ring=0 hardPx2=0 softPx2=0 order=2 bound=1
2026.10.06-02.18.44 TAG fighter=f-0-sk2 bbox=(308,584,392,606) mode=compact look=P1 placement=left ring=0 hardPx2=0 softPx2=0 order=4 bound=1
2026.10.06-02.18.44 TAG fighter=f-1-hero bbox=(1043,520,1145,542) mode=compact look=P2 placement=left ring=0 hardPx2=0 softPx2=0 order=0 bound=1
2026.10.06-02.18.44 TAG fighter=f-1-sk0 bbox=(1201,427,1285,449) mode=compact look=P2 placement=above ring=0 hardPx2=0 softPx2=0 order=1 bound=1
2026.10.06-02.18.44 ICON fighter=f-1-hero bbox=(1234,542,1266,574) size=32 src=combat anchor=right fallback=0 overlapPx2=0 texture=/Game/S08/UI/IconsV3/T_IV3_action_attack_token_32.T_IV3_action_attack_token_32
2026.10.06-02.18.44 TAG fighter=f-0-hero bbox=(977,622,1079,644) mode=compact look=P1 placement=left ring=0 hardPx2=0 softPx2=0 order=5 bound=1
2026.10.06-02.18.44 TAG fighter=f-0-sk0 bbox=(509,496,593,518) mode=compact look=P1 placement=above ring=0 hardPx2=0 softPx2=0 order=3 bound=1
2026.10.06-02.18.44 TAG fighter=f-0-sk1 bbox=(396,458,480,480) mode=compact look=P1 placement=above ring=0 hardPx2=0 softPx2=0 order=2 bound=1
2026.10.06-02.18.44 TAG fighter=f-0-sk2 bbox=(308,584,392,606) mode=compact look=P1 placement=left ring=0 hardPx2=0 softPx2=0 order=4 bound=1
2026.10.06-02.18.44 TAG fighter=f-1-hero bbox=(1059,521,1161,543) mode=compact look=P2 placement=left ring=0 hardPx2=0 softPx2=0 order=0 bound=1
2026.10.06-02.18.44 TAG fighter=f-1-sk0 bbox=(1201,427,1285,449) mode=compact look=P2 placement=above ring=0 hardPx2=0 softPx2=0 order=1 bound=1
2026.10.06-02.18.44 ICON fighter=f-1-hero bbox=(1251,542,1283,574) size=32 src=combat anchor=right fallback=0 overlapPx2=0 texture=/Game/S08/UI/IconsV3/T_IV3_action_attack_token_32.T_IV3_action_attack_token_32
2026.10.06-02.18.44 TAG fighter=f-0-hero bbox=(1072,598,1174,620) mode=compact look=P1 placement=above ring=0 hardPx2=0 softPx2=0 order=5 bound=1
2026.10.06-02.18.44 TAG fighter=f-0-sk0 bbox=(509,496,593,518) mode=compact look=P1 placement=above ring=0 hardPx2=0 softPx2=0 order=3 bound=1
2026.10.06-02.18.44 TAG fighter=f-0-sk1 bbox=(396,458,480,480) mode=compact look=P1 placement=above ring=0 hardPx2=0 softPx2=0 order=2 bound=1
2026.10.06-02.18.44 TAG fighter=f-0-sk2 bbox=(308,584,392,606) mode=compact look=P1 placement=left ring=0 hardPx2=0 softPx2=0 order=4 bound=1
2026.10.06-02.18.44 TAG fighter=f-1-hero bbox=(1076,521,1178,543) mode=compact look=P2 placement=left ring=0 hardPx2=0 softPx2=0 order=0 bound=1
2026.10.06-02.18.44 TAG fighter=f-1-sk0 bbox=(1201,427,1285,449) mode=compact look=P2 placement=above ring=0 hardPx2=0 softPx2=0 order=1 bound=1
2026.10.06-02.18.44 ICON fighter=f-1-hero bbox=(1268,543,1300,575) size=32 src=combat anchor=right fallback=0 overlapPx2=0 texture=/Game/S08/UI/IconsV3/T_IV3_action_attack_token_32.T_IV3_action_attack_token_32
2026.10.06-02.18.44 TAG fighter=f-0-hero bbox=(1072,598,1174,620) mode=compact look=P1 placement=above ring=0 hardPx2=0 softPx2=0 order=5 bound=1
2026.10.06-02.18.44 TAG fighter=f-0-sk0 bbox=(509,496,593,518) mode=compact look=P1 placement=above ring=0 hardPx2=0 softPx2=0 order=3 bound=1
2026.10.06-02.18.44 TAG fighter=f-0-sk1 bbox=(396,458,480,480) mode=compact look=P1 placement=above ring=0 hardPx2=0 softPx2=0 order=2 bound=1
2026.10.06-02.18.44 TAG fighter=f-0-sk2 bbox=(308,584,392,606) mode=compact look=P1 placement=left ring=0 hardPx2=0 softPx2=0 order=4 bound=1
2026.10.06-02.18.44 TAG fighter=f-1-hero bbox=(1284,522,1386,544) mode=compact look=P2 placement=right ring=0 hardPx2=0 softPx2=0 order=0 bound=1
2026.10.06-02.18.44 TAG fighter=f-1-sk0 bbox=(1201,427,1285,449) mode=compact look=P2 placement=above ring=0 hardPx2=0 softPx2=0 order=1 bound=1
2026.10.06-02.18.44 ICON fighter=f-1-hero bbox=(1161,543,1193,575) size=32 src=combat anchor=left fallback=0 overlapPx2=0 texture=/Game/S08/UI/IconsV3/T_IV3_action_attack_token_32.T_IV3_action_attack_token_32
2026.10.06-02.18.44 TAG fighter=f-0-hero bbox=(1072,598,1174,620) mode=compact look=P1 placement=above ring=0 hardPx2=0 softPx2=0 order=5 bound=1
2026.10.06-02.18.44 TAG fighter=f-0-sk0 bbox=(509,496,593,518) mode=compact look=P1 placement=above ring=0 hardPx2=0 softPx2=0 order=3 bound=1
2026.10.06-02.18.44 TAG fighter=f-0-sk1 bbox=(396,458,480,480) mode=compact look=P1 placement=above ring=0 hardPx2=0 softPx2=0 order=2 bound=1
2026.10.06-02.18.44 TAG fighter=f-0-sk2 bbox=(308,584,392,606) mode=compact look=P1 placement=left ring=0 hardPx2=0 softPx2=0 order=4 bound=1
2026.10.06-02.18.44 TAG fighter=f-1-hero bbox=(1301,522,1403,544) mode=compact look=P2 placement=right ring=0 hardPx2=0 softPx2=0 order=0 bound=1
2026.10.06-02.18.44 TAG fighter=f-1-sk0 bbox=(1201,427,1285,449) mode=compact look=P2 placement=above ring=0 hardPx2=0 softPx2=0 order=1 bound=1
2026.10.06-02.18.44 ICON fighter=f-1-hero bbox=(1302,544,1334,576) size=32 src=combat anchor=right fallback=0 overlapPx2=0 texture=/Game/S08/UI/IconsV3/T_IV3_action_attack_token_32.T_IV3_action_attack_token_32
2026.10.06-02.18.44 TAG fighter=f-0-hero bbox=(1072,598,1174,620) mode=compact look=P1 placement=above ring=0 hardPx2=0 softPx2=0 order=5 bound=1
2026.10.06-02.18.44 TAG fighter=f-0-sk0 bbox=(509,496,593,518) mode=compact look=P1 placement=above ring=0 hardPx2=0 softPx2=0 order=3 bound=1
2026.10.06-02.18.44 TAG fighter=f-0-sk1 bbox=(396,458,480,480) mode=compact look=P1 placement=above ring=0 hardPx2=0 softPx2=0 order=2 bound=1
2026.10.06-02.18.44 TAG fighter=f-0-sk2 bbox=(308,584,392,606) mode=compact look=P1 placement=left ring=0 hardPx2=0 softPx2=0 order=4 bound=1
2026.10.06-02.18.44 TAG fighter=f-1-hero bbox=(1319,523,1421,545) mode=compact look=P2 placement=right ring=0 hardPx2=0 softPx2=0 order=0 bound=1
2026.10.06-02.18.44 TAG fighter=f-1-sk0 bbox=(1201,427,1285,449) mode=compact look=P2 placement=above ring=0 hardPx2=0 softPx2=0 order=1 bound=1
2026.10.06-02.18.44 ICON fighter=f-1-hero bbox=(1194,544,1226,576) size=32 src=combat anchor=left fallback=0 overlapPx2=0 texture=/Game/S08/UI/IconsV3/T_IV3_action_attack_token_32.T_IV3_action_attack_token_32
2026.10.06-02.18.44 TAG fighter=f-0-hero bbox=(1072,598,1174,620) mode=compact look=P1 placement=above ring=0 hardPx2=0 softPx2=0 order=5 bound=1
2026.10.06-02.18.44 TAG fighter=f-0-sk0 bbox=(509,496,593,518) mode=compact look=P1 placement=above ring=0 hardPx2=0 softPx2=0 order=3 bound=1
2026.10.06-02.18.44 TAG fighter=f-0-sk1 bbox=(396,458,480,480) mode=compact look=P1 placement=above ring=0 hardPx2=0 softPx2=0 order=2 bound=1
2026.10.06-02.18.44 TAG fighter=f-0-sk2 bbox=(308,584,392,606) mode=compact look=P1 placement=left ring=0 hardPx2=0 softPx2=0 order=4 bound=1
2026.10.06-02.18.44 TAG fighter=f-1-hero bbox=(1335,523,1437,545) mode=compact look=P2 placement=right ring=0 hardPx2=0 softPx2=0 order=0 bound=1
2026.10.06-02.18.44 TAG fighter=f-1-sk0 bbox=(1201,427,1285,449) mode=compact look=P2 placement=above ring=0 hardPx2=0 softPx2=0 order=1 bound=1
2026.10.06-02.18.44 ICON fighter=f-1-hero bbox=(1336,545,1368,577) size=32 src=combat anchor=right fallback=0 overlapPx2=0 texture=/Game/S08/UI/IconsV3/T_IV3_action_attack_token_32.T_IV3_action_attack_token_32
2026.10.06-02.18.44 TAG fighter=f-0-hero bbox=(1072,598,1174,620) mode=compact look=P1 placement=above ring=0 hardPx2=0 softPx2=0 order=5 bound=1
2026.10.06-02.18.44 TAG fighter=f-0-sk0 bbox=(509,496,593,518) mode=compact look=P1 placement=above ring=0 hardPx2=0 softPx2=0 order=3 bound=1
2026.10.06-02.18.44 TAG fighter=f-0-sk1 bbox=(396,458,480,480) mode=compact look=P1 placement=above ring=0 hardPx2=0 softPx2=0 order=2 bound=1
2026.10.06-02.18.44 TAG fighter=f-0-sk2 bbox=(308,584,392,606) mode=compact look=P1 placement=left ring=0 hardPx2=0 softPx2=0 order=4 bound=1
2026.10.06-02.18.44 TAG fighter=f-1-hero bbox=(1352,524,1454,546) mode=compact look=P2 placement=right ring=0 hardPx2=0 softPx2=0 order=0 bound=1
2026.10.06-02.18.44 TAG fighter=f-1-sk0 bbox=(1201,427,1285,449) mode=compact look=P2 placement=above ring=0 hardPx2=0 softPx2=0 order=1 bound=1
2026.10.06-02.18.44 ICON fighter=f-1-hero bbox=(1353,546,1385,578) size=32 src=combat anchor=right fallback=0 overlapPx2=0 texture=/Game/S08/UI/IconsV3/T_IV3_action_attack_token_32.T_IV3_action_attack_token_32
2026.10.06-02.18.44 TAG fighter=f-0-hero bbox=(1072,598,1174,620) mode=compact look=P1 placement=above ring=0 hardPx2=0 softPx2=0 order=5 bound=1
2026.10.06-02.18.44 TAG fighter=f-0-sk0 bbox=(509,496,593,518) mode=compact look=P1 placement=above ring=0 hardPx2=0 softPx2=0 order=3 bound=1
2026.10.06-02.18.44 TAG fighter=f-0-sk1 bbox=(396,458,480,480) mode=compact look=P1 placement=above ring=0 hardPx2=0 softPx2=0 order=2 bound=1
2026.10.06-02.18.44 TAG fighter=f-0-sk2 bbox=(308,584,392,606) mode=compact look=P1 placement=left ring=0 hardPx2=0 softPx2=0 order=4 bound=1
2026.10.06-02.18.44 TAG fighter=f-1-hero bbox=(1360,524,1462,546) mode=compact look=P2 placement=right ring=0 hardPx2=0 softPx2=0 order=0 bound=1
2026.10.06-02.18.44 TAG fighter=f-1-sk0 bbox=(1201,427,1285,449) mode=compact look=P2 placement=above ring=0 hardPx2=0 softPx2=0 order=1 bound=1
2026.10.06-02.18.44 ICON fighter=f-1-hero bbox=(1361,546,1393,578) size=32 src=combat anchor=right fallback=0 overlapPx2=0 texture=/Game/S08/UI/IconsV3/T_IV3_action_attack_token_32.T_IV3_action_attack_token_32
2026.10.06-02.18.44 MS-LAST show seq=42 mode=anim player=cmuhntiwu0001wib0z281rpa8 from=6,3 to=7,3
2026.10.06-02.18.44 MS-LOG seq=42 moves=1 truncated=0 text="King Arthur: maneuver: King Arthur S25→S26"
2026.10.06-02.18.45 game -> room=cmuw1u4nq0561t84m7cuv93yr code=<redacted> status=IN_PROGRESS
2026.10.06-02.18.45 SNAPSHOT applied seq=43 phase=ACTION_MANEUVER
2026.10.06-02.18.45 HANDLE_APPLIED #60 seq=43 decision=2 fightersValid=1 boardValid=1
2026.10.06-02.18.45 MODE seq=43 mode=0 combat=0 pending=0
2026.10.06-02.18.45 MS-OPP verb=maneuver seq=43
2026.10.06-02.18.45 MS-TRACK own=0/2 opp=2/2 oppVisible=1 seq=43
2026.10.06-02.18.45 MS-OPP planning=1 seq=43
2026.10.06-02.18.45 CUE sound id=CUE-005 point=cue subject=hand.opp seq=43 t=45606 event_t=45606 dt=0 class=SFX sound=SW_CRD_DRAW_04 gain=0.80 result=played
2026.10.06-02.18.45 HUD seq=43 phase=ACTION_MANEUVER turn=opp hand=2 oppHand=8(hidden) oppDeck=19~ deck=22~ discard=7
2026.10.06-02.18.45 MS-STATUS seq=43 text="King Arthur — Opponent is planning a maneuver"
2026.10.06-02.18.45 ARTPREVIEW fighter=Medusa hero=1 eligible=0 visual=1 mesh=SK_Medusa_H2LD
2026.10.06-02.18.45 FIGHTERS synced n=6 alive=6 own=4 enemy=2
2026.10.06-02.18.45 WS seq=43 phase=ACTION_MANEUVER (apply)
2026.10.06-02.18.45 HUD-TRACK own=0/2 server=0 local=0 opp=2/2 oppVisible=1 anim=-/spend seq=43 frame=1279
2026.10.06-02.18.45 SNAPSHOT applied seq=44 phase=TURN_END
2026.10.06-02.18.45 HANDLE_APPLIED #61 seq=44 decision=2 fightersValid=1 boardValid=1
2026.10.06-02.18.45 CUE fx done id=CUE-010 subject=scene seq=40 t=45706 ms=1567 cut=jump hold=1567
2026.10.06-02.18.45 CUE combat seq=40 stage=end t=45706 total=2167 skipped=0 cut=catchup
2026.10.06-02.18.45 CATCHUP seq=40 latest=44 queued=4 lag=1433 t=45706 action=cut reason=queue applied=1
2026.10.06-02.18.45 ARTPREVIEW fighter=Medusa hero=1 eligible=0 visual=1 mesh=SK_Medusa_H2LD
2026.10.06-02.18.45 ARTPREVIEW hero-light fighter=f-0-hero state=idle layers=2 lightsOn=2 keyCd=17.984 rimCd=1.528 mul=1.000 pulse=none
2026.10.06-02.18.45 ARTPREVIEW combat marker fighter=Medusa attacker=0 target=0 icon=0 targetMesh=SM_Marker_TargetRing iconMode=screen targetArcScaleXY=0.920
2026.10.06-02.18.45 ARTPREVIEW combat marker fighter=King Arthur attacker=0 target=0 icon=0 targetMesh=SM_Marker_TargetRing iconMode=screen targetArcScaleXY=0.920
2026.10.06-02.18.45 MODE seq=44 mode=0 combat=0 pending=0
2026.10.06-02.18.45 MS-OPP verb=card seq=44
2026.10.06-02.18.45 MS-OPP planning=0 seq=44
2026.10.06-02.18.45 MS-LAST fade seq=42 at=44 ms=300
2026.10.06-02.18.45 MS-LAST replace seq=42 by=44
2026.10.06-02.18.45 MS-LAST enter seq=44 player=cmuhntiwu0001wib0z281rpa8 source=MANEUVER moves=1 boost=-1
2026.10.06-02.18.45 HUD seq=44 phase=TURN_END turn=opp hand=2 oppHand=8(hidden) oppDeck=19~ deck=22~ discard=7 pendingDiscard=1
2026.10.06-02.18.45 MS-STATUS seq=44 text="King Arthur — Opponent is choosing a card"
2026.10.06-02.18.45 ARTPREVIEW fighter=Medusa hero=1 eligible=0 visual=1 mesh=SK_Medusa_H2LD
2026.10.06-02.18.45 FIGHTERS synced n=6 alive=6 own=4 enemy=2
2026.10.06-02.18.45 MS-CUE move seq=44 fighter=f-1-hero order=0 of=1 kind=move steps=1 source=trail start=0 ms=280 snapped=0 path=S26>S25 speed=normal reduced=0
2026.10.06-02.18.45 CUE sound id=CUE-007 point=step subject=f-1-hero seq=44 t=45706 event_t=45706 dt=0 class=SFX sound=SW_BRD_STEP_01 gain=0.80 result=played edge=1/1 due=45706
2026.10.06-02.18.45 MS-ANIM play seq=44 moves=1 animated=1 speed=normal reduced=0 end=430
2026.10.06-02.18.45 CUE move f-1-hero (7,3)->(6,3) seq=44
2026.10.06-02.18.45 WS seq=44 phase=TURN_END (apply)
2026.10.06-02.18.45 TAG fighter=f-0-hero bbox=(1072,598,1174,620) mode=compact look=P1 placement=above ring=0 hardPx2=0 softPx2=0 order=5 bound=1
2026.10.06-02.18.45 TAG fighter=f-0-sk0 bbox=(509,496,593,518) mode=compact look=P1 placement=above ring=0 hardPx2=0 softPx2=0 order=2 bound=1
2026.10.06-02.18.45 TAG fighter=f-0-sk1 bbox=(396,458,480,480) mode=compact look=P1 placement=above ring=0 hardPx2=0 softPx2=0 order=1 bound=1
2026.10.06-02.18.45 TAG fighter=f-0-sk2 bbox=(308,584,392,606) mode=compact look=P1 placement=left ring=0 hardPx2=0 softPx2=0 order=4 bound=1
2026.10.06-02.18.45 TAG fighter=f-1-hero bbox=(1343,524,1445,546) mode=compact look=P2 placement=right ring=0 hardPx2=0 softPx2=0 order=3 bound=1
2026.10.06-02.18.45 TAG fighter=f-1-sk0 bbox=(1201,427,1285,449) mode=compact look=P2 placement=above ring=0 hardPx2=0 softPx2=0 order=0 bound=1
2026.10.06-02.18.45 HUD icon hidden fighter=f-1-hero
2026.10.06-02.18.45 TAG fighter=f-0-hero bbox=(1072,598,1174,620) mode=compact look=P1 placement=above ring=0 hardPx2=0 softPx2=0 order=5 bound=1
2026.10.06-02.18.45 TAG fighter=f-0-sk0 bbox=(509,496,593,518) mode=compact look=P1 placement=above ring=0 hardPx2=0 softPx2=0 order=2 bound=1
2026.10.06-02.18.45 TAG fighter=f-0-sk1 bbox=(396,458,480,480) mode=compact look=P1 placement=above ring=0 hardPx2=0 softPx2=0 order=1 bound=1
2026.10.06-02.18.45 TAG fighter=f-0-sk2 bbox=(308,584,392,606) mode=compact look=P1 placement=left ring=0 hardPx2=0 softPx2=0 order=4 bound=1
2026.10.06-02.18.45 TAG fighter=f-1-hero bbox=(1325,523,1427,545) mode=compact look=P2 placement=right ring=0 hardPx2=0 softPx2=0 order=3 bound=1
2026.10.06-02.18.45 TAG fighter=f-1-sk0 bbox=(1201,427,1285,449) mode=compact look=P2 placement=above ring=0 hardPx2=0 softPx2=0 order=0 bound=1
2026.10.06-02.18.45 TAG fighter=f-0-hero bbox=(1072,598,1174,620) mode=compact look=P1 placement=above ring=0 hardPx2=0 softPx2=0 order=5 bound=1
2026.10.06-02.18.45 TAG fighter=f-0-sk0 bbox=(509,496,593,518) mode=compact look=P1 placement=above ring=0 hardPx2=0 softPx2=0 order=2 bound=1
2026.10.06-02.18.45 TAG fighter=f-0-sk1 bbox=(396,458,480,480) mode=compact look=P1 placement=above ring=0 hardPx2=0 softPx2=0 order=1 bound=1
2026.10.06-02.18.45 TAG fighter=f-0-sk2 bbox=(308,584,392,606) mode=compact look=P1 placement=left ring=0 hardPx2=0 softPx2=0 order=4 bound=1
2026.10.06-02.18.45 TAG fighter=f-1-hero bbox=(1308,522,1410,544) mode=compact look=P2 placement=right ring=0 hardPx2=0 softPx2=0 order=3 bound=1
2026.10.06-02.18.45 TAG fighter=f-1-sk0 bbox=(1201,427,1285,449) mode=compact look=P2 placement=above ring=0 hardPx2=0 softPx2=0 order=0 bound=1
2026.10.06-02.18.45 TAG fighter=f-0-hero bbox=(1072,598,1174,620) mode=compact look=P1 placement=above ring=0 hardPx2=0 softPx2=0 order=5 bound=1
2026.10.06-02.18.45 TAG fighter=f-0-sk0 bbox=(509,496,593,518) mode=compact look=P1 placement=above ring=0 hardPx2=0 softPx2=0 order=2 bound=1
2026.10.06-02.18.45 TAG fighter=f-0-sk1 bbox=(396,458,480,480) mode=compact look=P1 placement=above ring=0 hardPx2=0 softPx2=0 order=1 bound=1
2026.10.06-02.18.45 TAG fighter=f-0-sk2 bbox=(308,584,392,606) mode=compact look=P1 placement=left ring=0 hardPx2=0 softPx2=0 order=4 bound=1
2026.10.06-02.18.45 TAG fighter=f-1-hero bbox=(1291,522,1393,544) mode=compact look=P2 placement=right ring=0 hardPx2=0 softPx2=0 order=3 bound=1
2026.10.06-02.18.45 TAG fighter=f-1-sk0 bbox=(1201,427,1285,449) mode=compact look=P2 placement=above ring=0 hardPx2=0 softPx2=0 order=0 bound=1
2026.10.06-02.18.45 TAG fighter=f-0-hero bbox=(1072,598,1174,620) mode=compact look=P1 placement=above ring=0 hardPx2=0 softPx2=0 order=5 bound=1
2026.10.06-02.18.45 TAG fighter=f-0-sk0 bbox=(509,496,593,518) mode=compact look=P1 placement=above ring=0 hardPx2=0 softPx2=0 order=2 bound=1
2026.10.06-02.18.45 TAG fighter=f-0-sk1 bbox=(396,458,480,480) mode=compact look=P1 placement=above ring=0 hardPx2=0 softPx2=0 order=1 bound=1
2026.10.06-02.18.45 TAG fighter=f-0-sk2 bbox=(308,584,392,606) mode=compact look=P1 placement=left ring=0 hardPx2=0 softPx2=0 order=4 bound=1
2026.10.06-02.18.45 TAG fighter=f-1-hero bbox=(1082,521,1184,543) mode=compact look=P2 placement=left ring=0 hardPx2=0 softPx2=0 order=3 bound=1
2026.10.06-02.18.45 TAG fighter=f-1-sk0 bbox=(1201,427,1285,449) mode=compact look=P2 placement=above ring=0 hardPx2=0 softPx2=0 order=0 bound=1
2026.10.06-02.18.45 TAG fighter=f-0-hero bbox=(977,622,1079,644) mode=compact look=P1 placement=left ring=0 hardPx2=0 softPx2=0 order=5 bound=1
2026.10.06-02.18.45 TAG fighter=f-0-sk0 bbox=(509,496,593,518) mode=compact look=P1 placement=above ring=0 hardPx2=0 softPx2=0 order=2 bound=1
2026.10.06-02.18.45 TAG fighter=f-0-sk1 bbox=(396,458,480,480) mode=compact look=P1 placement=above ring=0 hardPx2=0 softPx2=0 order=1 bound=1
2026.10.06-02.18.45 TAG fighter=f-0-sk2 bbox=(308,584,392,606) mode=compact look=P1 placement=left ring=0 hardPx2=0 softPx2=0 order=4 bound=1
2026.10.06-02.18.45 TAG fighter=f-1-hero bbox=(1066,521,1168,543) mode=compact look=P2 placement=left ring=0 hardPx2=0 softPx2=0 order=3 bound=1
2026.10.06-02.18.45 TAG fighter=f-1-sk0 bbox=(1201,427,1285,449) mode=compact look=P2 placement=above ring=0 hardPx2=0 softPx2=0 order=0 bound=1
2026.10.06-02.18.45 TAG fighter=f-0-hero bbox=(977,622,1079,644) mode=compact look=P1 placement=left ring=0 hardPx2=0 softPx2=0 order=5 bound=1
2026.10.06-02.18.45 TAG fighter=f-0-sk0 bbox=(509,496,593,518) mode=compact look=P1 placement=above ring=0 hardPx2=0 softPx2=0 order=2 bound=1
2026.10.06-02.18.45 TAG fighter=f-0-sk1 bbox=(396,458,480,480) mode=compact look=P1 placement=above ring=0 hardPx2=0 softPx2=0 order=1 bound=1
2026.10.06-02.18.45 TAG fighter=f-0-sk2 bbox=(308,584,392,606) mode=compact look=P1 placement=left ring=0 hardPx2=0 softPx2=0 order=4 bound=1
2026.10.06-02.18.45 TAG fighter=f-1-hero bbox=(1050,520,1152,542) mode=compact look=P2 placement=left ring=0 hardPx2=0 softPx2=0 order=3 bound=1
2026.10.06-02.18.45 TAG fighter=f-1-sk0 bbox=(1201,427,1285,449) mode=compact look=P2 placement=above ring=0 hardPx2=0 softPx2=0 order=0 bound=1
2026.10.06-02.18.45 TAG fighter=f-0-hero bbox=(977,622,1079,644) mode=compact look=P1 placement=left ring=0 hardPx2=0 softPx2=0 order=5 bound=1
2026.10.06-02.18.45 TAG fighter=f-0-sk0 bbox=(509,496,593,518) mode=compact look=P1 placement=above ring=0 hardPx2=0 softPx2=0 order=3 bound=1
2026.10.06-02.18.45 TAG fighter=f-0-sk1 bbox=(396,458,480,480) mode=compact look=P1 placement=above ring=0 hardPx2=0 softPx2=0 order=1 bound=1
2026.10.06-02.18.45 TAG fighter=f-0-sk2 bbox=(308,584,392,606) mode=compact look=P1 placement=left ring=0 hardPx2=0 softPx2=0 order=4 bound=1
2026.10.06-02.18.45 TAG fighter=f-1-hero bbox=(1033,520,1135,542) mode=compact look=P2 placement=left ring=0 hardPx2=0 softPx2=0 order=2 bound=1
2026.10.06-02.18.45 TAG fighter=f-1-sk0 bbox=(1201,427,1285,449) mode=compact look=P2 placement=above ring=0 hardPx2=0 softPx2=0 order=0 bound=1
2026.10.06-02.18.45 TAG fighter=f-0-hero bbox=(977,622,1079,644) mode=compact look=P1 placement=left ring=0 hardPx2=0 softPx2=0 order=5 bound=1
2026.10.06-02.18.45 TAG fighter=f-0-sk0 bbox=(509,496,593,518) mode=compact look=P1 placement=above ring=0 hardPx2=0 softPx2=0 order=3 bound=1
2026.10.06-02.18.45 TAG fighter=f-0-sk1 bbox=(396,458,480,480) mode=compact look=P1 placement=above ring=0 hardPx2=0 softPx2=0 order=1 bound=1
2026.10.06-02.18.45 TAG fighter=f-0-sk2 bbox=(308,584,392,606) mode=compact look=P1 placement=left ring=0 hardPx2=0 softPx2=0 order=4 bound=1
2026.10.06-02.18.45 TAG fighter=f-1-hero bbox=(1027,519,1129,541) mode=compact look=P2 placement=left ring=0 hardPx2=0 softPx2=0 order=2 bound=1
2026.10.06-02.18.45 TAG fighter=f-1-sk0 bbox=(1201,427,1285,449) mode=compact look=P2 placement=above ring=0 hardPx2=0 softPx2=0 order=0 bound=1
2026.10.06-02.18.46 MS-LAST show seq=44 mode=anim player=cmuhntiwu0001wib0z281rpa8 from=7,3 to=6,3
2026.10.06-02.18.46 MS-LOG seq=44 moves=1 truncated=0 text="King Arthur: maneuver: King Arthur S26→S25"
2026.10.06-02.18.47 SNAPSHOT applied seq=45 phase=ACTION_MANEUVER
2026.10.06-02.18.47 HANDLE_APPLIED #62 seq=45 decision=2 fightersValid=1 boardValid=1
2026.10.06-02.18.47 closed mode=
2026.10.06-02.18.47 TURN-INPUT open seq=45 frame=1322 gate=none
2026.10.06-02.18.47 MODE seq=45 mode=6 combat=0 pending=1
2026.10.06-02.18.47 ARTPREVIEW selection ring shown fighter=King Arthur mesh=SM_Marker_SelectionRing
2026.10.06-02.18.47 ARTPREVIEW hero-light fighter=f-1-hero state=active layers=2 lightsOn=2 keyCd=25.248 rimCd=2.145 mul=1.177 pulse=0.40Hz+-4%
2026.10.06-02.18.47 ARTPREVIEW reachable rings cells=0 placed=1 radiusUU=36 segments=48 style=readability color=#FFC857 stroke=#14110C widthUU=3.50 strokeUU=1.50
2026.10.06-02.18.47 MS-PENDING present=toast id=ability-medusa-target-p0 opens=3 collapsed=0 type=TARGET_FIGHTER remembered=fighter=f-1-hero applied=fighter=f-1-hero
2026.10.06-02.18.47 MS-OPP verb=none seq=45
2026.10.06-02.18.47 MS-TRACK own=0/2 opp=0/2 oppVisible=0 seq=45
2026.10.06-02.18.47 MS-LAST fade seq=44 at=45 ms=300
2026.10.06-02.18.47 CUE sound id=CUE-015 point=turn subject=- seq=45 t=47073 event_t=47073 dt=0 class=UI sound=SW_UI_TURN_CHIME_01 gain=0.80 result=played turn=own
2026.10.06-02.18.47 VO event=TURN-START speaker=MEDUSA t=47073 result=skipped line=- prio=4 reason=chance
2026.10.06-02.18.47 HUD-TURN seq=45 turn=own initial=0 ring=marker-turn-ring flash=1000 banner=600 reduced=0
2026.10.06-02.18.47 HUD-SLOT show seq=45 ribbon=discarded owner=opp card="Aid the Chosen One" count=1 fly=200 hold=0 min=1000 reduced=0
2026.10.06-02.18.47 SFX bank=CRD-DISCARD tag=discard class=SFX t=47073 sound=SW_CRD_DISCARD_03 gain=0.80
2026.10.06-02.18.47 HUD seq=45 phase=ACTION_MANEUVER turn=you hand=2 oppHand=7(hidden) oppDeck=19~ deck=22~ discard=7
2026.10.06-02.18.47 MS-STATUS seq=45 text="Choose a target (up to 1)"
2026.10.06-02.18.47 ARTPREVIEW fighter=Medusa hero=1 eligible=0 visual=1 mesh=SK_Medusa_H2LD
2026.10.06-02.18.47 ARTPREVIEW selection ring shown fighter=King Arthur mesh=SM_Marker_SelectionRing
2026.10.06-02.18.47 FIGHTERS synced n=6 alive=6 own=4 enemy=2
2026.10.06-02.18.47 ARTPREVIEW selection ring shown fighter=King Arthur mesh=SM_Marker_SelectionRing
2026.10.06-02.18.47 ARTPREVIEW reachable rings cells=0 placed=1 radiusUU=36 segments=48 style=readability color=#FFC857 stroke=#14110C widthUU=3.50 strokeUU=1.50
2026.10.06-02.18.47 WS seq=45 phase=ACTION_MANEUVER (apply)
2026.10.06-02.18.47 SFX bank=FX-GAZE-REQUEST tag=gaze class=SFX t=47106 sound=SW_FX_GAZE_REQUEST_01 gain=0.80
2026.10.06-02.18.47 SFX bank=FX-GAZE-REQUEST-VOICE tag=voice class=VO t=47106 sound=SW_FX_GAZE_REQUEST_VOICE gain=0.80
2026.10.06-02.18.47 HUD-TRACK own=0/2 server=0 local=0 opp=0/2 oppVisible=0 anim=reset/reset seq=45 frame=1323
2026.10.06-02.18.47 HUD-HAND lower=1 pick=target cursor=board preview=hidden seq=45
2026.10.06-02.18.47 S09AUTO drive mode=6 plan=[attack+scheme] phase=ACTION_MANEUVER turn=cmuhntivg0000wib0anhqyswc
2026.10.06-02.18.47 S09AUTO own turn #4 (turnCount=9)
2026.10.06-02.18.47 PEND-RESOLVE sent type=TARGET_FIGHTER stage=0 id=ability-medusa-target-p0
2026.10.06-02.18.47 CUE sound id=CUE-014 point=cue subject=f-1-hero seq=45 t=47106 event_t=47106 dt=0 class=SFX sound=SW_FX_GAZE_BEAM_01 gain=0.80 result=played bank=FX-GAZE-BEAM
2026.10.06-02.18.47 MS-STATUS seq=45 text="Syncing…"
2026.10.06-02.18.47 S09AUTO pending picked (type=TARGET_FIGHTER stage=0)
2026.10.06-02.18.47 TOAST text="choice sent"
2026.10.06-02.18.47 HUD plate content fighter=f-1-hero name=King Arthur hp=12/18 team=enemy statuses=HERO  |  MELEE teamSlot=P2 look=P2 shape=hexagon chip=#5786A8
2026.10.06-02.18.47 PLATE fighter=f-1-hero bbox=(1025,459,1197,513) overlapReachable=0 placement=above ring=0 gap=6 selection=f-1-hero destinations=0 clean=1 softPx2=0 tested=112 bound=1
2026.10.06-02.18.47 TAG fighter=f-0-hero bbox=(977,622,1079,644) mode=compact look=P1 placement=left ring=0 hardPx2=0 softPx2=0 order=4 bound=1
2026.10.06-02.18.47 TAG fighter=f-0-sk0 bbox=(509,496,593,518) mode=compact look=P1 placement=above ring=0 hardPx2=0 softPx2=0 order=2 bound=1
2026.10.06-02.18.47 TAG fighter=f-0-sk1 bbox=(396,458,480,480) mode=compact look=P1 placement=above ring=0 hardPx2=0 softPx2=0 order=1 bound=1
2026.10.06-02.18.47 TAG fighter=f-0-sk2 bbox=(308,584,392,606) mode=compact look=P1 placement=left ring=0 hardPx2=0 softPx2=0 order=3 bound=1
2026.10.06-02.18.47 TAG fighter=f-1-sk0 bbox=(1201,427,1285,449) mode=compact look=P2 placement=above ring=0 hardPx2=0 softPx2=0 order=0 bound=1
2026.10.06-02.18.47 TAG fighter=f-0-hero bbox=(977,622,1079,644) mode=compact look=P1 placement=left ring=0 hardPx2=0 softPx2=0 order=4 bound=1
2026.10.06-02.18.47 TAG fighter=f-0-sk0 bbox=(509,496,593,518) mode=compact look=P1 placement=above ring=0 hardPx2=0 softPx2=0 order=2 bound=1
2026.10.06-02.18.47 TAG fighter=f-0-sk1 bbox=(396,458,480,480) mode=compact look=P1 placement=above ring=0 hardPx2=0 softPx2=0 order=1 bound=1
2026.10.06-02.18.47 TAG fighter=f-0-sk2 bbox=(308,584,392,606) mode=compact look=P1 placement=left ring=0 hardPx2=0 softPx2=0 order=3 bound=1
2026.10.06-02.18.47 TAG fighter=f-1-sk0 bbox=(1201,427,1285,449) mode=compact look=P2 placement=above ring=0 hardPx2=0 softPx2=0 order=0 bound=1
2026.10.06-02.18.47 TAG fighter=f-0-hero bbox=(977,622,1079,644) mode=compact look=P1 placement=left ring=0 hardPx2=0 softPx2=0 order=4 bound=1
2026.10.06-02.18.47 TAG fighter=f-0-sk0 bbox=(509,496,593,518) mode=compact look=P1 placement=above ring=0 hardPx2=0 softPx2=0 order=2 bound=1
2026.10.06-02.18.47 TAG fighter=f-0-sk1 bbox=(396,458,480,480) mode=compact look=P1 placement=above ring=0 hardPx2=0 softPx2=0 order=1 bound=1
2026.10.06-02.18.47 TAG fighter=f-0-sk2 bbox=(308,584,392,606) mode=compact look=P1 placement=left ring=0 hardPx2=0 softPx2=0 order=3 bound=1
2026.10.06-02.18.47 TAG fighter=f-1-sk0 bbox=(1201,427,1285,449) mode=compact look=P2 placement=above ring=0 hardPx2=0 softPx2=0 order=0 bound=1
2026.10.06-02.18.47 SNAPSHOT applied seq=46 phase=ACTION_MANEUVER
2026.10.06-02.18.47 HANDLE_APPLIED #63 seq=46 decision=2 fightersValid=1 boardValid=1
2026.10.06-02.18.47 closed mode=
2026.10.06-02.18.47 MODE seq=46 mode=0 combat=0 pending=0
2026.10.06-02.18.47 HUD seq=46 phase=ACTION_MANEUVER turn=you hand=2 oppHand=7(hidden) oppDeck=17 deck=21 discard=7
2026.10.06-02.18.47 MS-STATUS seq=46 text="Choose an action: maneuver (M), attack (A) or scheme (G)"
2026.10.06-02.18.47 ARTPREVIEW fighter=Medusa hero=1 eligible=0 visual=1 mesh=SK_Medusa_H2LD
2026.10.06-02.18.47 ARTPREVIEW selection ring shown fighter=King Arthur mesh=SM_Marker_SelectionRing
2026.10.06-02.18.47 FIGHTERS synced n=6 alive=6 own=4 enemy=2
2026.10.06-02.18.47 ARTPREVIEW hero-light fighter=f-1-hero state=idle layers=2 lightsOn=2 keyCd=21.443 rimCd=1.822 mul=1.000 pulse=none
2026.10.06-02.18.47 ARTPREVIEW damage-number fighter=f-1-hero amount=1 seq=46 cell=(6,3)
2026.10.06-02.18.47 ARTPREVIEW anim fighter=f-1-hero clip=HitReact len=0.417 event=damaged loop=0 phase=0.0000 seq=46 asset=AM_KingArthur_HitReact rate=1.00
2026.10.06-02.18.47 ARTPREVIEW hit-tint fighter=f-1-hero ms=450
2026.10.06-02.18.47 VO event=HURT speaker=ARTHUR t=47173 result=skipped line=- prio=3 reason=chance
2026.10.06-02.18.47 CUE damage f-1-hero -1 seq=46
2026.10.06-02.18.47 PEND resolve done seq=46 (apply) phase=ACTION_MANEUVER
2026.10.06-02.18.47 SNAPSHOT applied seq=46 phase=ACTION_MANEUVER
2026.10.06-02.18.47 HANDLE_APPLIED #64 seq=46 decision=1 fightersValid=1 boardValid=1
2026.10.06-02.18.47 MODE seq=46 mode=0 combat=0 pending=0
2026.10.06-02.18.47 HUD seq=46 phase=ACTION_MANEUVER turn=you hand=2 oppHand=7(hidden) oppDeck=17 deck=21 discard=7
2026.10.06-02.18.47 ARTPREVIEW fighter=Medusa hero=1 eligible=0 visual=1 mesh=SK_Medusa_H2LD
2026.10.06-02.18.47 FIGHTERS synced n=6 alive=6 own=4 enemy=2
2026.10.06-02.18.47 WS seq=46 phase=ACTION_MANEUVER (merge)
2026.10.06-02.18.47 CUE sound id=CUE-011 point=hit subject=f-1-hero seq=46 t=47173 event_t=47173 dt=0 class=SFX sound=SW_CMB_HIT_MAGIC_02 gain=0.80 result=played bank=CMB-HIT-MAGIC
2026.10.06-02.18.47 HUD-HEART side=opp hero=f-1-hero hp=11/18 anim=damage glow=1 played=1
2026.10.06-02.18.47 HUD-HAND lower=0 pick=none cursor=board preview=shown seq=46
2026.10.06-02.18.47 S09AUTO drive mode=0 plan=[attack+scheme] phase=ACTION_MANEUVER turn=cmuhntivg0000wib0anhqyswc
2026.10.06-02.18.47 S09AUTO attack (attacker=f-0-hero target-set card-set)
2026.10.06-02.18.47 ATTACK sent ability=none
2026.10.06-02.18.47 HUD-TRACK chosen=attack seq=46 spent=0
2026.10.06-02.18.47 ARTPREVIEW hero-light fighter=f-0-hero state=active layers=2 lightsOn=2 keyCd=21.508 rimCd=1.827 mul=1.196 pulse=0.40Hz+-4%
2026.10.06-02.18.47 ARTPREVIEW combat marker fighter=Medusa attacker=1 target=0 icon=0 targetMesh=SM_Marker_TargetRing iconMode=screen targetArcScaleXY=0.920
2026.10.06-02.18.47 ARTPREVIEW combat marker fighter=King Arthur attacker=0 target=1 icon=1 targetMesh=SM_Marker_TargetRing iconMode=screen targetArcScaleXY=0.920
2026.10.06-02.18.47 MS-STATUS seq=46 text="Syncing…"
2026.10.06-02.18.47 TOAST text="attack sent"
2026.10.06-02.18.47 PLATE hidden fighter=f-1-hero
2026.10.06-02.18.47 TAG fighter=f-0-hero bbox=(977,622,1079,644) mode=compact look=P1 placement=left ring=0 hardPx2=0 softPx2=0 order=5 bound=1
2026.10.06-02.18.47 TAG fighter=f-0-sk0 bbox=(509,496,593,518) mode=compact look=P1 placement=above ring=0 hardPx2=0 softPx2=0 order=3 bound=1
2026.10.06-02.18.47 TAG fighter=f-0-sk1 bbox=(396,458,480,480) mode=compact look=P1 placement=above ring=0 hardPx2=0 softPx2=0 order=2 bound=1
2026.10.06-02.18.47 TAG fighter=f-0-sk2 bbox=(308,584,392,606) mode=compact look=P1 placement=left ring=0 hardPx2=0 softPx2=0 order=4 bound=1
2026.10.06-02.18.47 TAG fighter=f-1-hero bbox=(1027,519,1129,541) mode=compact look=P2 placement=left ring=0 hardPx2=0 softPx2=0 order=0 bound=1
2026.10.06-02.18.47 TAG fighter=f-1-sk0 bbox=(1201,427,1285,449) mode=compact look=P2 placement=above ring=0 hardPx2=0 softPx2=0 order=1 bound=1
2026.10.06-02.18.47 ICON fighter=f-1-hero bbox=(1217,541,1249,573) size=32 src=combat anchor=right fallback=0 overlapPx2=0 texture=/Game/S08/UI/IconsV3/T_IV3_action_attack_token_32.T_IV3_action_attack_token_32
2026.10.06-02.18.47 DAMAGE fighter=f-1-hero bbox=(1058,489,1098,517) amount=1 seq=46 placement=above ring=0 hardPx2=0 softPx2=0
2026.10.06-02.18.47 HUD-TRACK own=1/2 server=0 local=1 opp=0/2 oppVisible=0 anim=spend/- seq=46 frame=1327
2026.10.06-02.18.47 TAG fighter=f-0-hero bbox=(977,622,1079,644) mode=compact look=P1 placement=left ring=0 hardPx2=0 softPx2=0 order=5 bound=1
2026.10.06-02.18.47 TAG fighter=f-0-sk0 bbox=(509,496,593,518) mode=compact look=P1 placement=above ring=0 hardPx2=0 softPx2=0 order=3 bound=1
2026.10.06-02.18.47 TAG fighter=f-0-sk1 bbox=(396,458,480,480) mode=compact look=P1 placement=above ring=0 hardPx2=0 softPx2=0 order=2 bound=1
2026.10.06-02.18.47 TAG fighter=f-0-sk2 bbox=(308,584,392,606) mode=compact look=P1 placement=left ring=0 hardPx2=0 softPx2=0 order=4 bound=1
2026.10.06-02.18.47 TAG fighter=f-1-hero bbox=(1027,519,1129,541) mode=compact look=P2 placement=left ring=0 hardPx2=0 softPx2=0 order=0 bound=1
2026.10.06-02.18.47 TAG fighter=f-1-sk0 bbox=(1201,427,1285,449) mode=compact look=P2 placement=above ring=0 hardPx2=0 softPx2=0 order=1 bound=1
2026.10.06-02.18.47 ICON fighter=f-1-hero bbox=(1217,541,1249,573) size=32 src=combat anchor=right fallback=0 overlapPx2=0 texture=/Game/S08/UI/IconsV3/T_IV3_action_attack_token_32.T_IV3_action_attack_token_32
2026.10.06-02.18.47 TAG fighter=f-0-hero bbox=(977,622,1079,644) mode=compact look=P1 placement=left ring=0 hardPx2=0 softPx2=0 order=5 bound=1
2026.10.06-02.18.47 TAG fighter=f-0-sk0 bbox=(509,496,593,518) mode=compact look=P1 placement=above ring=0 hardPx2=0 softPx2=0 order=3 bound=1
2026.10.06-02.18.47 TAG fighter=f-0-sk1 bbox=(396,458,480,480) mode=compact look=P1 placement=above ring=0 hardPx2=0 softPx2=0 order=2 bound=1
2026.10.06-02.18.47 TAG fighter=f-0-sk2 bbox=(308,584,392,606) mode=compact look=P1 placement=left ring=0 hardPx2=0 softPx2=0 order=4 bound=1
2026.10.06-02.18.47 TAG fighter=f-1-hero bbox=(1027,519,1129,541) mode=compact look=P2 placement=left ring=0 hardPx2=0 softPx2=0 order=0 bound=1
2026.10.06-02.18.47 TAG fighter=f-1-sk0 bbox=(1201,427,1285,449) mode=compact look=P2 placement=above ring=0 hardPx2=0 softPx2=0 order=1 bound=1
2026.10.06-02.18.47 ICON fighter=f-1-hero bbox=(1217,541,1249,573) size=32 src=combat anchor=right fallback=0 overlapPx2=0 texture=/Game/S08/UI/IconsV3/T_IV3_action_attack_token_32.T_IV3_action_attack_token_32
2026.10.06-02.18.47 TAG fighter=f-0-hero bbox=(977,622,1079,644) mode=compact look=P1 placement=left ring=0 hardPx2=0 softPx2=0 order=5 bound=1
2026.10.06-02.18.47 TAG fighter=f-0-sk0 bbox=(509,496,593,518) mode=compact look=P1 placement=above ring=0 hardPx2=0 softPx2=0 order=3 bound=1
2026.10.06-02.18.47 TAG fighter=f-0-sk1 bbox=(396,458,480,480) mode=compact look=P1 placement=above ring=0 hardPx2=0 softPx2=0 order=2 bound=1
2026.10.06-02.18.47 TAG fighter=f-0-sk2 bbox=(308,584,392,606) mode=compact look=P1 placement=left ring=0 hardPx2=0 softPx2=0 order=4 bound=1
2026.10.06-02.18.47 TAG fighter=f-1-hero bbox=(1027,519,1129,541) mode=compact look=P2 placement=left ring=0 hardPx2=0 softPx2=0 order=0 bound=1
2026.10.06-02.18.47 TAG fighter=f-1-sk0 bbox=(1201,427,1285,449) mode=compact look=P2 placement=above ring=0 hardPx2=0 softPx2=0 order=1 bound=1
2026.10.06-02.18.47 ICON fighter=f-1-hero bbox=(1217,541,1249,573) size=32 src=combat anchor=right fallback=0 overlapPx2=0 texture=/Game/S08/UI/IconsV3/T_IV3_action_attack_token_32.T_IV3_action_attack_token_32
2026.10.06-02.18.47 SNAPSHOT applied seq=47 phase=COMBAT
2026.10.06-02.18.47 HANDLE_APPLIED #65 seq=47 decision=2 fightersValid=1 boardValid=1
2026.10.06-02.18.47 CUE sound id=CUE-008 point=cue subject=f-0-hero seq=47 t=47306 event_t=47306 dt=0 class=SFX sound=SW_CMB_ATTACK_DECLARE_02 gain=0.80 result=played
2026.10.06-02.18.47 VO event=ATTACK speaker=MEDUSA t=47306 result=played line=MEDUSA-ATTACK-04 prio=3
2026.10.06-02.18.47 VO subtitle line=MEDUSA-ATTACK-04 until=49537
2026.10.06-02.18.47 CUE fx id=CUE-008 subject=f-0-hero seq=47 t=47306 vfx=missing sfx=missing clip=none mat=none socket=Weapon reduced=0 result=fallback
2026.10.06-02.18.47 closed mode=
2026.10.06-02.18.47 MODE seq=47 mode=0 combat=1 pending=0
2026.10.06-02.18.47 MS-OPP verb=defend seq=47
2026.10.06-02.18.47 MS-TRACK own=1/2 opp=0/2 oppVisible=0 seq=47
2026.10.06-02.18.47 HUD seq=47 phase=COMBAT turn=you hand=1 oppHand=7(hidden) oppDeck=17 deck=21 discard=8
2026.10.06-02.18.47 MS-STATUS seq=47 text="Waiting for the defender"
2026.10.06-02.18.47 ARTPREVIEW fighter=Medusa hero=1 eligible=0 visual=1 mesh=SK_Medusa_H2LD
2026.10.06-02.18.47 FIGHTERS synced n=6 alive=6 own=4 enemy=2
2026.10.06-02.18.47 ATTACK done seq=47 (apply) phase=COMBAT
2026.10.06-02.18.47 SNAPSHOT applied seq=47 phase=COMBAT
2026.10.06-02.18.47 HANDLE_APPLIED #66 seq=47 decision=1 fightersValid=1 boardValid=1
2026.10.06-02.18.47 MODE seq=47 mode=0 combat=1 pending=0
2026.10.06-02.18.47 HUD seq=47 phase=COMBAT turn=you hand=1 oppHand=7(hidden) oppDeck=17 deck=21 discard=8
2026.10.06-02.18.47 ARTPREVIEW fighter=Medusa hero=1 eligible=0 visual=1 mesh=SK_Medusa_H2LD
2026.10.06-02.18.47 FIGHTERS synced n=6 alive=6 own=4 enemy=2
2026.10.06-02.18.47 WS seq=47 phase=COMBAT (merge)
2026.10.06-02.18.47 HUD-TRACK own=1/2 server=1 local=0 opp=0/2 oppVisible=0 anim=-/- seq=47 frame=1330
2026.10.06-02.18.47 TAG fighter=f-0-hero bbox=(977,622,1079,644) mode=compact look=P1 placement=left ring=0 hardPx2=0 softPx2=0 order=5 bound=1
2026.10.06-02.18.47 TAG fighter=f-0-sk0 bbox=(509,496,593,518) mode=compact look=P1 placement=above ring=0 hardPx2=0 softPx2=0 order=3 bound=1
2026.10.06-02.18.47 TAG fighter=f-0-sk1 bbox=(396,458,480,480) mode=compact look=P1 placement=above ring=0 hardPx2=0 softPx2=0 order=2 bound=1
2026.10.06-02.18.47 TAG fighter=f-0-sk2 bbox=(308,584,392,606) mode=compact look=P1 placement=left ring=0 hardPx2=0 softPx2=0 order=4 bound=1
2026.10.06-02.18.47 TAG fighter=f-1-hero bbox=(1027,519,1129,541) mode=compact look=P2 placement=left ring=0 hardPx2=0 softPx2=0 order=0 bound=1
2026.10.06-02.18.47 TAG fighter=f-1-sk0 bbox=(1201,427,1285,449) mode=compact look=P2 placement=above ring=0 hardPx2=0 softPx2=0 order=1 bound=1
2026.10.06-02.18.47 ICON fighter=f-1-hero bbox=(1217,541,1249,573) size=32 src=combat anchor=right fallback=0 overlapPx2=0 texture=/Game/S08/UI/IconsV3/T_IV3_action_attack_token_32.T_IV3_action_attack_token_32
2026.10.06-02.18.47 MS-LAST off seq=44 fade=300
2026.10.06-02.18.47 TAG fighter=f-0-hero bbox=(977,622,1079,644) mode=compact look=P1 placement=left ring=0 hardPx2=0 softPx2=0 order=5 bound=1
2026.10.06-02.18.47 TAG fighter=f-0-sk0 bbox=(509,496,593,518) mode=compact look=P1 placement=above ring=0 hardPx2=0 softPx2=0 order=3 bound=1
2026.10.06-02.18.47 TAG fighter=f-0-sk1 bbox=(396,458,480,480) mode=compact look=P1 placement=above ring=0 hardPx2=0 softPx2=0 order=2 bound=1
2026.10.06-02.18.47 TAG fighter=f-0-sk2 bbox=(308,584,392,606) mode=compact look=P1 placement=left ring=0 hardPx2=0 softPx2=0 order=4 bound=1
2026.10.06-02.18.47 TAG fighter=f-1-hero bbox=(1027,519,1129,541) mode=compact look=P2 placement=left ring=0 hardPx2=0 softPx2=0 order=0 bound=1
2026.10.06-02.18.47 TAG fighter=f-1-sk0 bbox=(1201,427,1285,449) mode=compact look=P2 placement=above ring=0 hardPx2=0 softPx2=0 order=1 bound=1
2026.10.06-02.18.47 ICON fighter=f-1-hero bbox=(1217,541,1249,573) size=32 src=combat anchor=right fallback=0 overlapPx2=0 texture=/Game/S08/UI/IconsV3/T_IV3_action_attack_token_32.T_IV3_action_attack_token_32
2026.10.06-02.18.47 SFX bank=AMB-SARPEDON-RIGGING tag=spot class=Ambience t=47473 sound=SW_AMB_SARPEDON_RIGGING_01 gain=0.38
2026.10.06-02.18.47 AMB spot=AMB-SARPEDON-RIGGING t=47473
2026.10.06-02.18.47 S09AUTO run-e shot s09-card-slot-opp.png
2026.10.06-02.18.47 SHOT ctx viewport=1920x1080 viewTarget=CameraActor_2147482025 cam=(0,1342,1917) rot=(-55,-90,0)
2026.10.06-02.18.47 RENDER tag=SHOT rhi=D3D12 featureLevel=SM6 shaderPlatform=PCD3D_SM6 lumenPlatform=1 gi=lumen giMethod=1 refl=lumen reflMethod=1 shadows=csm vsmEnable=0 sg.res=100 sg.view=2 sg.aa=2 sg.shadow=2 sg.gi=2 sg.refl=2 sg.pp=2 sg.tex=2 sg.fx=2 sg.foliage=2 sg.shading=2 sg.landscape=2 preset=High screenPct=100.0 screenPctMode=0 aa=TSR aaMethod=4 exposure=fixed-histogram expMin=4.14106 expMax=4.14106 expBias=0.000 ev100=2.05 lightUnits=candelas sky=1 skyIntensity=3.000 keyShadow=csm-3600uu-2c-contact0.000 shadowCasters=1 profile=sarpedon-night profilesSha256=0a3417258f46ad3d99620bcbabd1b37615192b7a59f090c77515189845b33bb7 profilesSource=pak legacyRender=0 gameLayer=unlit-eyeadaptinv tMaxFPS=30.0 vsync=0 frameRateLimit=60.0 substrate=0 nanite=1 meshDF=1 viewport=1920x1080 reference=1
2026.10.06-02.18.47 SHOT fighter f-0-hero pos=(5,4) world=(119,141,0) screen=(1120,695) projected=1 alive=1
2026.10.06-02.18.47 SHOT fighter f-0-sk0 pos=(1,3) world=(-309,33,0) screen=(555,576) projected=1 alive=1
2026.10.06-02.18.47 SHOT fighter f-0-sk1 pos=(0,2) world=(-398,-3,0) screen=(442,537) projected=1 alive=1
2026.10.06-02.18.47 SHOT fighter f-0-sk2 pos=(0,3) world=(-394,92,0) screen=(435,640) projected=1 alive=1
2026.10.06-02.18.47 SHOT fighter f-1-hero pos=(6,3) world=(159,52,0) screen=(1169,596) projected=1 alive=1
2026.10.06-02.18.47 SHOT fighter f-1-sk0 pos=(6,2) world=(217,-26,0) screen=(1240,512) projected=1 alive=1
2026.10.06-02.18.47 SHOT camera dist=2340.2 target=2340.2 overview=2340.2 errPct=0.000 focusErr=0.00 settled=1 zoom=1.00
2026.10.06-02.18.47 SHOT head fighter=f-0-hero socket=Head mesh=SK_Medusa_H2LD world=(118.7,139.4,47.1) screen=(1122.6,659.5) top=(1123.0,655.0) bottom=(1122.3,663.9) headPx=8.9 projected=1
2026.10.06-02.18.47 SHOT head fighter=f-0-sk0 socket=Head mesh=SK_Harpy_H3LD world=(-309.1,27.9,34.0) screen=(550.2,544.4) top=(549.3,539.9) bottom=(551.0,549.0) headPx=9.3 projected=1
2026.10.06-02.18.47 SHOT head fighter=f-0-sk1 socket=Head mesh=SK_Harpy_H3LD world=(-398.6,2.3,34.3) screen=(434.8,516.5) top=(433.6,511.9) bottom=(435.9,521.1) headPx=9.4 projected=1
2026.10.06-02.18.47 SHOT head fighter=f-0-sk2 socket=Head mesh=SK_Harpy_H3LD world=(-393.6,86.7,34.0) screen=(430.4,609.3) top=(429.2,604.8) bottom=(431.5,613.8) headPx=9.3 projected=1
2026.10.06-02.18.47 SHOT head fighter=f-1-hero socket=Head mesh=SK_KingArthur_H2LD world=(158.9,52.0,50.1) screen=(1173.2,558.6) top=(1173.6,554.0) bottom=(1172.7,563.2) headPx=9.2 projected=1
2026.10.06-02.18.47 SHOT head fighter=f-1-sk0 socket=Head mesh=SK_Merlin_H2LD world=(216.5,-22.7,36.4) screen=(1243.7,488.3) top=(1244.3,483.7) bottom=(1243.1,492.9) headPx=9.3 projected=1
2026.10.06-02.18.47 SHOT figure fighter=f-0-hero bbox=(1081,622,1164,728) ringR=28.50 art=1 blockout=0 team=P1 look=P1 ring=1
2026.10.06-02.18.47 SHOT figure fighter=f-0-sk0 bbox=(516,520,586,600) ringR=22.23 art=1 blockout=0 team=P1 look=P1 ring=1
2026.10.06-02.18.47 SHOT figure fighter=f-0-sk1 bbox=(402,482,474,561) ringR=22.23 art=1 blockout=0 team=P1 look=P1 ring=1
2026.10.06-02.18.47 SHOT figure fighter=f-0-sk2 bbox=(394,584,467,665) ringR=22.23 art=1 blockout=0 team=P1 look=P1 ring=1
2026.10.06-02.18.47 SHOT figure fighter=f-1-hero bbox=(1131,519,1214,627) ringR=28.50 art=1 blockout=0 team=P2 look=P2 ring=1
2026.10.06-02.18.47 SHOT figure fighter=f-1-sk0 bbox=(1210,451,1276,536) ringR=22.23 art=1 blockout=0 team=P2 look=P2 ring=1
2026.10.06-02.18.47 SHOT request file=s09-card-slot-opp.png frame=1336
2026.10.06-02.18.47 SHOT requested: FScreenshotRequest(bShowUI) -> C:\Users\ren\AppData\Local\Temp\s09-combat-20261006-071758-37616\host/s09-card-slot-opp.png
2026.10.06-02.18.47 SHOT captured file=s09-card-slot-opp.png frame=1336 px=1920x1080 sha256=184431b9b77807537f65542525bbb42161869b413e4fde3caceb07f6bee4e983 order=BGRA saved=1
2026.10.06-02.18.47 SHOT late begin file=s09-card-slot-opp.png frame=1336 requestFrame=1336
2026.10.06-02.18.47 SHOT icon fighter=f-1-hero bbox=(1217,541,1249,573) size=32 src=combat planned=(1217,541,1249,573) geom=painted visible=1 anchor=right fallback=0 overlapPx2=0 texture=/Game/S08/UI/IconsV3/T_IV3_action_attack_token_32.T_IV3_action_attack_token_32 frame=1336
2026.10.06-02.18.47 SHOT widget id=icon impl=umg-motion state=combat fighter=f-1-hero bbox=(1217,541,1249,573) geom=painted visible=1 twin=0 source=S08AnimatedIconWidget:action-attack-token frame=1336
2026.10.06-02.18.47 SHOT widget id=board.tag impl=umg state=compact fighter=f-0-hero bbox=(977,622,1079,644) geom=painted visible=1 twin=0 source=/Game/S08/UI/ArtHud/WBP_S08ArtTag mode=compact look=P1 shape=circle placement=left ring=0 order=5 bound=1 softPx2=0 planned=(977,622,1079,644) frame=1336
2026.10.06-02.18.47 SHOT widget id=board.tag.hp impl=umg state=compact fighter=f-0-hero bbox=(1033,624,1075,642) geom=painted visible=1 twin=0 source=/Game/S08/UI/ArtHud/WBP_S08ArtTag mode=compact look=P1 shape=circle placement=left ring=0 order=5 bound=1 softPx2=0 planned=(977,622,1079,644) frame=1336 font=11
2026.10.06-02.18.47 SHOT widget id=board.tag.bar impl=umg state=compact fighter=f-0-hero bbox=(996,631,1030,636) geom=painted visible=1 twin=0 source=/Game/S08/UI/ArtHud/WBP_S08ArtTag mode=compact look=P1 shape=circle placement=left ring=0 order=5 bound=1 softPx2=0 planned=(977,622,1079,644) frame=1336
2026.10.06-02.18.47 SHOT widget id=board.tag.chip impl=umg state=compact fighter=f-0-hero bbox=(981,627,993,639) geom=painted visible=1 twin=0 source=/Game/S08/UI/ArtHud/WBP_S08ArtTag mode=compact look=P1 shape=circle placement=left ring=0 order=5 bound=1 softPx2=0 planned=(977,622,1079,644) frame=1336
2026.10.06-02.18.47 SHOT widget id=board.tag impl=umg state=compact fighter=f-0-sk0 bbox=(509,496,593,518) geom=painted visible=1 twin=0 source=/Game/S08/UI/ArtHud/WBP_S08ArtTag mode=compact look=P1 shape=circle placement=above ring=0 order=3 bound=1 softPx2=0 planned=(509,496,593,518) frame=1336
2026.10.06-02.18.47 SHOT widget id=board.tag.hp impl=umg state=compact fighter=f-0-sk0 bbox=(565,498,589,516) geom=painted visible=1 twin=0 source=/Game/S08/UI/ArtHud/WBP_S08ArtTag mode=compact look=P1 shape=circle placement=above ring=0 order=3 bound=1 softPx2=0 planned=(509,496,593,518) frame=1336 font=11
2026.10.06-02.18.47 SHOT widget id=board.tag.bar impl=umg state=compact fighter=f-0-sk0 bbox=(528,505,562,510) geom=painted visible=1 twin=0 source=/Game/S08/UI/ArtHud/WBP_S08ArtTag mode=compact look=P1 shape=circle placement=above ring=0 order=3 bound=1 softPx2=0 planned=(509,496,593,518) frame=1336
2026.10.06-02.18.47 SHOT widget id=board.tag.chip impl=umg state=compact fighter=f-0-sk0 bbox=(513,501,525,513) geom=painted visible=1 twin=0 source=/Game/S08/UI/ArtHud/WBP_S08ArtTag mode=compact look=P1 shape=circle placement=above ring=0 order=3 bound=1 softPx2=0 planned=(509,496,593,518) frame=1336
2026.10.06-02.18.47 SHOT widget id=board.tag impl=umg state=compact fighter=f-0-sk1 bbox=(396,458,480,480) geom=painted visible=1 twin=0 source=/Game/S08/UI/ArtHud/WBP_S08ArtTag mode=compact look=P1 shape=circle placement=above ring=0 order=2 bound=1 softPx2=0 planned=(396,458,480,480) frame=1336
2026.10.06-02.18.47 SHOT widget id=board.tag.hp impl=umg state=compact fighter=f-0-sk1 bbox=(452,460,476,478) geom=painted visible=1 twin=0 source=/Game/S08/UI/ArtHud/WBP_S08ArtTag mode=compact look=P1 shape=circle placement=above ring=0 order=2 bound=1 softPx2=0 planned=(396,458,480,480) frame=1336 font=11
2026.10.06-02.18.47 SHOT widget id=board.tag.bar impl=umg state=compact fighter=f-0-sk1 bbox=(415,467,449,472) geom=painted visible=1 twin=0 source=/Game/S08/UI/ArtHud/WBP_S08ArtTag mode=compact look=P1 shape=circle placement=above ring=0 order=2 bound=1 softPx2=0 planned=(396,458,480,480) frame=1336
2026.10.06-02.18.47 SHOT widget id=board.tag.chip impl=umg state=compact fighter=f-0-sk1 bbox=(400,463,412,475) geom=painted visible=1 twin=0 source=/Game/S08/UI/ArtHud/WBP_S08ArtTag mode=compact look=P1 shape=circle placement=above ring=0 order=2 bound=1 softPx2=0 planned=(396,458,480,480) frame=1336
2026.10.06-02.18.47 SHOT widget id=board.tag impl=umg state=compact fighter=f-0-sk2 bbox=(308,584,392,606) geom=painted visible=1 twin=0 source=/Game/S08/UI/ArtHud/WBP_S08ArtTag mode=compact look=P1 shape=circle placement=left ring=0 order=4 bound=1 softPx2=0 planned=(308,584,392,606) frame=1336
2026.10.06-02.18.47 SHOT widget id=board.tag.hp impl=umg state=compact fighter=f-0-sk2 bbox=(364,586,388,604) geom=painted visible=1 twin=0 source=/Game/S08/UI/ArtHud/WBP_S08ArtTag mode=compact look=P1 shape=circle placement=left ring=0 order=4 bound=1 softPx2=0 planned=(308,584,392,606) frame=1336 font=11
2026.10.06-02.18.47 SHOT widget id=board.tag.bar impl=umg state=compact fighter=f-0-sk2 bbox=(327,593,361,598) geom=painted visible=1 twin=0 source=/Game/S08/UI/ArtHud/WBP_S08ArtTag mode=compact look=P1 shape=circle placement=left ring=0 order=4 bound=1 softPx2=0 planned=(308,584,392,606) frame=1336
2026.10.06-02.18.47 SHOT widget id=board.tag.chip impl=umg state=compact fighter=f-0-sk2 bbox=(312,589,324,601) geom=painted visible=1 twin=0 source=/Game/S08/UI/ArtHud/WBP_S08ArtTag mode=compact look=P1 shape=circle placement=left ring=0 order=4 bound=1 softPx2=0 planned=(308,584,392,606) frame=1336
2026.10.06-02.18.47 SHOT widget id=board.tag impl=umg state=compact fighter=f-1-hero bbox=(1027,519,1129,541) geom=painted visible=1 twin=0 source=/Game/S08/UI/ArtHud/WBP_S08ArtTag mode=compact look=P2 shape=hex placement=left ring=0 order=0 bound=1 softPx2=0 planned=(1027,519,1129,541) frame=1336
2026.10.06-02.18.47 SHOT widget id=board.tag.hp impl=umg state=compact fighter=f-1-hero bbox=(1083,521,1125,539) geom=painted visible=1 twin=0 source=/Game/S08/UI/ArtHud/WBP_S08ArtTag mode=compact look=P2 shape=hex placement=left ring=0 order=0 bound=1 softPx2=0 planned=(1027,519,1129,541) frame=1336 font=11
2026.10.06-02.18.47 SHOT widget id=board.tag.bar impl=umg state=compact fighter=f-1-hero bbox=(1046,528,1080,533) geom=painted visible=1 twin=0 source=/Game/S08/UI/ArtHud/WBP_S08ArtTag mode=compact look=P2 shape=hex placement=left ring=0 order=0 bound=1 softPx2=0 planned=(1027,519,1129,541) frame=1336
2026.10.06-02.18.47 SHOT widget id=board.tag.chip impl=umg state=compact fighter=f-1-hero bbox=(1031,524,1043,536) geom=painted visible=1 twin=0 source=/Game/S08/UI/ArtHud/WBP_S08ArtTag mode=compact look=P2 shape=hex placement=left ring=0 order=0 bound=1 softPx2=0 planned=(1027,519,1129,541) frame=1336
2026.10.06-02.18.47 SHOT widget id=board.tag impl=umg state=compact fighter=f-1-sk0 bbox=(1201,427,1285,449) geom=painted visible=1 twin=0 source=/Game/S08/UI/ArtHud/WBP_S08ArtTag mode=compact look=P2 shape=hex placement=above ring=0 order=1 bound=1 softPx2=0 planned=(1201,427,1285,449) frame=1336
2026.10.06-02.18.47 SHOT widget id=board.tag.hp impl=umg state=compact fighter=f-1-sk0 bbox=(1257,429,1281,447) geom=painted visible=1 twin=0 source=/Game/S08/UI/ArtHud/WBP_S08ArtTag mode=compact look=P2 shape=hex placement=above ring=0 order=1 bound=1 softPx2=0 planned=(1201,427,1285,449) frame=1336 font=11
2026.10.06-02.18.47 SHOT widget id=board.tag.bar impl=umg state=compact fighter=f-1-sk0 bbox=(1220,436,1254,441) geom=painted visible=1 twin=0 source=/Game/S08/UI/ArtHud/WBP_S08ArtTag mode=compact look=P2 shape=hex placement=above ring=0 order=1 bound=1 softPx2=0 planned=(1201,427,1285,449) frame=1336
2026.10.06-02.18.47 SHOT widget id=board.tag.chip impl=umg state=compact fighter=f-1-sk0 bbox=(1205,432,1217,444) geom=painted visible=1 twin=0 source=/Game/S08/UI/ArtHud/WBP_S08ArtTag mode=compact look=P2 shape=hex placement=above ring=0 order=1 bound=1 softPx2=0 planned=(1201,427,1285,449) frame=1336
2026.10.06-02.18.47 SHOT widget id=board.damage impl=umg state=damage fighter=f-1-hero bbox=(1058,489,1098,517) geom=painted visible=1 twin=0 source=/Game/S08/UI/ArtHud/WBP_S08ArtDamage amount=1 seq=46 placement=above_ring=0_hardPx2=0_softPx2=0 stableFrames=10 planned=(1058,489,1098,517) frame=1336
2026.10.06-02.18.47 SHOT widget id=board.damage.text impl=umg state=damage fighter=f-1-hero bbox=(1066,489,1090,517) geom=painted visible=1 twin=0 source=/Game/S08/UI/ArtHud/WBP_S08ArtDamage amount=1 seq=46 placement=above_ring=0_hardPx2=0_softPx2=0 stableFrames=10 planned=(1058,489,1098,517) frame=1336 font=18
2026.10.06-02.18.47 SHOT damage fighter=f-1-hero bbox=(1058,489,1098,517) frame=1336
2026.10.06-02.18.47 SHOT panel id=hud.command bbox=(0,0,707,209) geom=painted visible=1 frame=1336
2026.10.06-02.18.47 SHOT panel id=hud.side bbox=(1502,0,1920,179) geom=painted visible=1 frame=1336
2026.10.06-02.18.47 SHOT panel id=hud.hand bbox=(669,885,1252,1080) geom=painted visible=1 frame=1336
2026.10.06-02.18.47 SHOT late end file=s09-card-slot-opp.png frame=1336
2026.10.06-02.18.47 ARTPREVIEW anim fighter=f-1-hero clip=Idle len=2.500 event=clipFinished loop=1 phase=0.3470 seq=-1 asset=AM_KingArthur_Idle rate=1.00
2026.10.06-02.18.47 CUE fx done id=CUE-008 subject=f-0-hero seq=47 t=47906 ms=600 cut=0
2026.10.06-02.18.48 TAG fighter=f-0-hero bbox=(977,622,1079,644) mode=compact look=P1 placement=left ring=0 hardPx2=0 softPx2=0 order=5 bound=1
2026.10.06-02.18.48 TAG fighter=f-0-sk0 bbox=(509,496,593,518) mode=compact look=P1 placement=above ring=0 hardPx2=0 softPx2=0 order=3 bound=1
2026.10.06-02.18.48 TAG fighter=f-0-sk1 bbox=(396,458,480,480) mode=compact look=P1 placement=above ring=0 hardPx2=0 softPx2=0 order=2 bound=1
2026.10.06-02.18.48 TAG fighter=f-0-sk2 bbox=(308,584,392,606) mode=compact look=P1 placement=left ring=0 hardPx2=0 softPx2=0 order=4 bound=1
2026.10.06-02.18.48 TAG fighter=f-1-hero bbox=(1027,519,1129,541) mode=compact look=P2 placement=left ring=0 hardPx2=0 softPx2=0 order=0 bound=1
2026.10.06-02.18.48 TAG fighter=f-1-sk0 bbox=(1201,427,1285,449) mode=compact look=P2 placement=above ring=0 hardPx2=0 softPx2=0 order=1 bound=1
2026.10.06-02.18.48 ICON fighter=f-1-hero bbox=(1217,541,1249,573) size=32 src=combat anchor=right fallback=0 overlapPx2=0 texture=/Game/S08/UI/IconsV3/T_IV3_action_attack_token_32.T_IV3_action_attack_token_32
2026.10.06-02.18.48 game -> room=cmuw1u4nq0561t84m7cuv93yr code=<redacted> status=IN_PROGRESS
2026.10.06-02.18.48 SNAPSHOT applied seq=48 phase=COMBAT_RESOLVE
2026.10.06-02.18.48 HANDLE_APPLIED #67 seq=48 decision=2 fightersValid=1 boardValid=1
2026.10.06-02.18.48 CUE sound id=CUE-009 point=cue subject=f-1-hero seq=48 t=48279 event_t=48279 dt=0 class=SFX sound=SW_CMB_DEFENSE_PLAYED_02 gain=0.80 result=played
2026.10.06-02.18.48 VO event=DEFEND speaker=ARTHUR t=48279 result=skipped line=- prio=4 reason=cooldown
2026.10.06-02.18.48 CUE fx id=CUE-009 subject=f-1-hero seq=48 t=48279 vfx=missing sfx=missing clip=none mat=FxFlash socket=Head reduced=0 result=fallback
2026.10.06-02.18.48 closed mode=
2026.10.06-02.18.48 MODE seq=48 mode=5 combat=1 pending=0
2026.10.06-02.18.48 HUD seq=48 phase=COMBAT_RESOLVE turn=you hand=1 oppHand=6(hidden) oppDeck=17~ deck=21~ discard=8
2026.10.06-02.18.48 MS-STATUS seq=48 text="Resolve the combat (R)"
2026.10.06-02.18.48 ARTPREVIEW fighter=Medusa hero=1 eligible=0 visual=1 mesh=SK_Medusa_H2LD
2026.10.06-02.18.48 FIGHTERS synced n=6 alive=6 own=4 enemy=2
2026.10.06-02.18.48 WS seq=48 phase=COMBAT_RESOLVE (apply)
2026.10.06-02.18.48 S09AUTO drive mode=5 plan=[attack+scheme] phase=COMBAT_RESOLVE turn=cmuhntivg0000wib0anhqyswc
2026.10.06-02.18.48 HUD-SLOT off seq=45 ribbon=discarded shown=1272 reason=done
2026.10.06-02.18.48 TAG fighter=f-0-hero bbox=(977,622,1079,644) mode=compact look=P1 placement=left ring=0 hardPx2=0 softPx2=0 order=5 bound=1
2026.10.06-02.18.48 TAG fighter=f-0-sk0 bbox=(509,496,593,518) mode=compact look=P1 placement=above ring=0 hardPx2=0 softPx2=0 order=3 bound=1
2026.10.06-02.18.48 TAG fighter=f-0-sk1 bbox=(396,458,480,480) mode=compact look=P1 placement=above ring=0 hardPx2=0 softPx2=0 order=2 bound=1
2026.10.06-02.18.48 TAG fighter=f-0-sk2 bbox=(308,584,392,606) mode=compact look=P1 placement=left ring=0 hardPx2=0 softPx2=0 order=4 bound=1
2026.10.06-02.18.48 TAG fighter=f-1-hero bbox=(1027,519,1129,541) mode=compact look=P2 placement=left ring=0 hardPx2=0 softPx2=0 order=0 bound=1
2026.10.06-02.18.48 TAG fighter=f-1-sk0 bbox=(1201,427,1285,449) mode=compact look=P2 placement=above ring=0 hardPx2=0 softPx2=0 order=1 bound=1
2026.10.06-02.18.48 ICON fighter=f-1-hero bbox=(1217,541,1249,573) size=32 src=combat anchor=right fallback=0 overlapPx2=0 texture=/Game/S08/UI/IconsV3/T_IV3_action_attack_token_32.T_IV3_action_attack_token_32
2026.10.06-02.18.48 SNAPSHOT applied seq=49 phase=COMBAT_RESOLVE
2026.10.06-02.18.48 HANDLE_APPLIED #68 seq=49 decision=2 fightersValid=1 boardValid=1
2026.10.06-02.18.48 MS-PENDING open id=cmq7d7b4b00ruwi74zyil05so-after-0-p0 type=MOVE value=3 optional=1 fighter=f-0-hero owner=own legal=1 targets=5 stay=1 decline=1
2026.10.06-02.18.48 closed mode=
2026.10.06-02.18.48 MODE seq=49 mode=6 combat=1 pending=1
2026.10.06-02.18.48 MS-PENDING present=modal id=cmq7d7b4b00ruwi74zyil05so-after-0-p0 opens=0 collapsed=0 type=MOVE
2026.10.06-02.18.48 MS-OPP verb=none seq=49
2026.10.06-02.18.48 HUD seq=49 phase=COMBAT_RESOLVE turn=you hand=1 oppHand=6(hidden) oppDeck=17~ deck=21~ discard=8
2026.10.06-02.18.48 MS-STATUS seq=49 text="Choose a target (up to 3)"
2026.10.06-02.18.48 MS-PENDING step=target 2/2 n=3 turn=own id=cmq7d7b4b00ruwi74zyil05so-after-0-p0
2026.10.06-02.18.48 PENDING panel revealed: attack A3+B0 vs D1
2026.10.06-02.18.48 ARTPREVIEW fighter=Medusa hero=1 eligible=0 visual=1 mesh=SK_Medusa_H2LD
2026.10.06-02.18.48 FIGHTERS synced n=6 alive=6 own=4 enemy=2
2026.10.06-02.18.48 ARTPREVIEW selection ring shown fighter=Medusa mesh=SM_Marker_SelectionRing
2026.10.06-02.18.48 ARTPREVIEW reachable rings cells=5 placed=1 radiusUU=36 segments=48 style=readability color=#FFC857 stroke=#14110C widthUU=3.50 strokeUU=1.50
2026.10.06-02.18.48 ARTPREVIEW damage-number fighter=f-1-hero amount=2 seq=49 cell=(6,3)
2026.10.06-02.18.48 ARTPREVIEW anim fighter=f-1-hero clip=HitReact len=0.417 event=damaged loop=0 phase=0.0000 seq=49 asset=AM_KingArthur_HitReact rate=1.00
2026.10.06-02.18.48 ARTPREVIEW hit-tint fighter=f-1-hero ms=450
2026.10.06-02.18.48 VO event=HURT speaker=ARTHUR t=48412 result=skipped line=- prio=3 reason=busy
2026.10.06-02.18.48 CUE damage f-1-hero -2 seq=49
2026.10.06-02.18.48 WS seq=49 phase=COMBAT_RESOLVE (apply)
2026.10.06-02.18.48 CUE sound id=CUE-011 point=hit subject=f-1-hero seq=49 t=48412 event_t=48412 dt=0 class=SFX sound=SW_CMB_HIT_MAGIC_01 gain=0.80 result=played bank=CMB-HIT-MAGIC
2026.10.06-02.18.48 HUD-HEART side=opp hero=f-1-hero hp=9/18 anim=damage glow=1 played=1
2026.10.06-02.18.48 HUD-HAND lower=1 pick=cell cursor=board preview=hidden seq=49
2026.10.06-02.18.48 S09AUTO drive mode=6 plan=[attack+scheme] phase=COMBAT_RESOLVE turn=cmuhntivg0000wib0anhqyswc
2026.10.06-02.18.48 S09AUTO pending-open shot (type=MOVE stage=0 mode=)
2026.10.06-02.18.48 SHOT ctx viewport=1920x1080 viewTarget=CameraActor_2147482025 cam=(0,1342,1917) rot=(-55,-90,0)
2026.10.06-02.18.48 RENDER tag=SHOT rhi=D3D12 featureLevel=SM6 shaderPlatform=PCD3D_SM6 lumenPlatform=1 gi=lumen giMethod=1 refl=lumen reflMethod=1 shadows=csm vsmEnable=0 sg.res=100 sg.view=2 sg.aa=2 sg.shadow=2 sg.gi=2 sg.refl=2 sg.pp=2 sg.tex=2 sg.fx=2 sg.foliage=2 sg.shading=2 sg.landscape=2 preset=High screenPct=100.0 screenPctMode=0 aa=TSR aaMethod=4 exposure=fixed-histogram expMin=4.14106 expMax=4.14106 expBias=0.000 ev100=2.05 lightUnits=candelas sky=1 skyIntensity=3.000 keyShadow=csm-3600uu-2c-contact0.000 shadowCasters=1 profile=sarpedon-night profilesSha256=0a3417258f46ad3d99620bcbabd1b37615192b7a59f090c77515189845b33bb7 profilesSource=pak legacyRender=0 gameLayer=unlit-eyeadaptinv tMaxFPS=30.0 vsync=0 frameRateLimit=60.0 substrate=0 nanite=1 meshDF=1 viewport=1920x1080 reference=1
2026.10.06-02.18.48 SHOT fighter f-0-hero pos=(5,4) world=(119,141,0) screen=(1120,695) projected=1 alive=1
2026.10.06-02.18.48 SHOT fighter f-0-sk0 pos=(1,3) world=(-309,33,0) screen=(555,576) projected=1 alive=1
2026.10.06-02.18.48 SHOT fighter f-0-sk1 pos=(0,2) world=(-398,-3,0) screen=(442,537) projected=1 alive=1
2026.10.06-02.18.48 SHOT fighter f-0-sk2 pos=(0,3) world=(-394,92,0) screen=(435,640) projected=1 alive=1
2026.10.06-02.18.48 SHOT fighter f-1-hero pos=(6,3) world=(159,52,0) screen=(1169,596) projected=1 alive=1
2026.10.06-02.18.48 SHOT fighter f-1-sk0 pos=(6,2) world=(217,-26,0) screen=(1240,512) projected=1 alive=1
2026.10.06-02.18.48 SHOT camera dist=2340.2 target=2340.2 overview=2340.2 errPct=0.000 focusErr=0.00 settled=1 zoom=1.00
2026.10.06-02.18.48 SHOT head fighter=f-0-hero socket=Head mesh=SK_Medusa_H2LD world=(119.7,139.9,47.1) screen=(1124.0,660.0) top=(1124.4,655.6) bottom=(1123.7,664.5) headPx=8.9 projected=1
2026.10.06-02.18.48 SHOT head fighter=f-0-sk0 socket=Head mesh=SK_Harpy_H3LD world=(-308.3,28.1,34.1) screen=(551.2,544.6) top=(550.3,540.0) bottom=(552.1,549.2) headPx=9.3 projected=1
2026.10.06-02.18.48 SHOT head fighter=f-0-sk1 socket=Head mesh=SK_Harpy_H3LD world=(-398.8,2.6,33.9) screen=(434.5,517.1) top=(433.4,512.5) bottom=(435.7,521.7) headPx=9.4 projected=1
2026.10.06-02.18.48 SHOT head fighter=f-0-sk2 socket=Head mesh=SK_Harpy_H3LD world=(-394.4,86.6,34.0) screen=(429.3,609.2) top=(428.1,604.7) bottom=(430.4,613.7) headPx=9.3 projected=1
2026.10.06-02.18.48 SHOT head fighter=f-1-hero socket=Head mesh=SK_KingArthur_H2LD world=(158.5,50.9,50.1) screen=(1172.6,557.4) top=(1173.1,552.8) bottom=(1172.1,561.9) headPx=9.2 projected=1
2026.10.06-02.18.48 SHOT head fighter=f-1-sk0 socket=Head mesh=SK_Merlin_H2LD world=(216.3,-23.2,36.6) screen=(1243.5,487.6) top=(1244.1,482.9) bottom=(1242.9,492.2) headPx=9.3 projected=1
2026.10.06-02.18.48 SHOT selection fighter=f-0-hero ownCell=(5,4) legal=6 destinations=5 ownCellExcluded=1 plateFighter=none
2026.10.06-02.18.48 SHOT reachable fighter=f-0-hero n=5 cells=(3,4)(4,4)(5,5)(6,5)(7,5)
2026.10.06-02.18.48 SHOT figure fighter=f-0-hero bbox=(1081,622,1164,728) ringR=28.50 art=1 blockout=0 team=P1 look=P1 ring=1
2026.10.06-02.18.48 SHOT figure fighter=f-0-sk0 bbox=(516,520,586,600) ringR=22.23 art=1 blockout=0 team=P1 look=P1 ring=1
2026.10.06-02.18.48 SHOT figure fighter=f-0-sk1 bbox=(402,482,474,561) ringR=22.23 art=1 blockout=0 team=P1 look=P1 ring=1
2026.10.06-02.18.48 SHOT figure fighter=f-0-sk2 bbox=(394,584,467,665) ringR=22.23 art=1 blockout=0 team=P1 look=P1 ring=1
2026.10.06-02.18.48 SHOT figure fighter=f-1-hero bbox=(1131,519,1214,627) ringR=28.50 art=1 blockout=0 team=P2 look=P2 ring=1
2026.10.06-02.18.48 SHOT figure fighter=f-1-sk0 bbox=(1210,451,1276,536) ringR=22.23 art=1 blockout=0 team=P2 look=P2 ring=1
2026.10.06-02.18.48 SHOT request file=s09-pending-MOVE.png frame=1357
2026.10.06-02.18.48 SHOT requested: FScreenshotRequest(bShowUI) -> C:\Users\ren\AppData\Local\Temp\s09-combat-20261006-071758-37616\host/s09-pending-MOVE.png
2026.10.06-02.18.48 HUD plate content fighter=f-0-hero name=Medusa hp=16/16 team=own statuses=HERO  |  RANGED  |  ATTACKER teamSlot=P1 look=P1 shape=circle chip=#DAC576
2026.10.06-02.18.48 PLATE fighter=f-0-hero bbox=(951,562,1123,616) overlapReachable=0 placement=above ring=0 gap=6 selection=f-0-hero destinations=5 clean=1 softPx2=0 tested=112 bound=1
2026.10.06-02.18.48 TAG fighter=f-0-sk0 bbox=(509,496,593,518) mode=compact look=P1 placement=above ring=0 hardPx2=0 softPx2=0 order=3 bound=1
2026.10.06-02.18.48 TAG fighter=f-0-sk1 bbox=(396,458,480,480) mode=compact look=P1 placement=above ring=0 hardPx2=0 softPx2=0 order=2 bound=1
2026.10.06-02.18.48 TAG fighter=f-0-sk2 bbox=(308,584,392,606) mode=compact look=P1 placement=left ring=0 hardPx2=0 softPx2=0 order=4 bound=1
2026.10.06-02.18.48 TAG fighter=f-1-hero bbox=(1036,519,1129,541) mode=compact look=P2 placement=left ring=0 hardPx2=0 softPx2=0 order=0 bound=1
2026.10.06-02.18.48 TAG fighter=f-1-sk0 bbox=(1201,427,1285,449) mode=compact look=P2 placement=above ring=0 hardPx2=0 softPx2=0 order=1 bound=1
2026.10.06-02.18.48 ICON fighter=f-1-hero bbox=(1217,541,1249,573) size=32 src=combat anchor=right fallback=0 overlapPx2=0 texture=/Game/S08/UI/IconsV3/T_IV3_action_attack_token_32.T_IV3_action_attack_token_32
2026.10.06-02.18.48 DAMAGE fighter=f-1-hero bbox=(1063,489,1103,517) amount=2 seq=49 placement=above ring=0 hardPx2=0 softPx2=0
2026.10.06-02.18.48 SHOT captured file=s09-pending-MOVE.png frame=1357 px=1920x1080 sha256=fea34520ca1d50dcc00a4fb984e31624a8645527bab74c5b0701018e6558361f order=BGRA saved=1
2026.10.06-02.18.48 SHOT late begin file=s09-pending-MOVE.png frame=1357 requestFrame=1357
2026.10.06-02.18.48 SHOT icon fighter=f-1-hero bbox=(1217,541,1249,573) size=32 src=combat planned=(1217,541,1249,573) geom=painted visible=1 anchor=right fallback=0 overlapPx2=0 texture=/Game/S08/UI/IconsV3/T_IV3_action_attack_token_32.T_IV3_action_attack_token_32 frame=1357
2026.10.06-02.18.48 SHOT widget id=plate impl=umg state=own fighter=f-0-hero bbox=(0,0,0,0) geom=unpainted visible=1 twin=0 source=/Game/S08/UI/ArtHud/WBP_S08ArtPlate frame=1357
2026.10.06-02.18.48 SHOT widget id=plate.marker impl=umg state=own fighter=f-0-hero bbox=(0,0,0,0) geom=unpainted visible=1 twin=0 source=/Game/S08/UI/ArtHud/WBP_S08ArtPlate frame=1357
2026.10.06-02.18.48 SHOT widget id=plate.name impl=umg state=own fighter=f-0-hero bbox=(0,0,0,0) geom=unpainted visible=1 twin=0 source=/Game/S08/UI/ArtHud/WBP_S08ArtPlate frame=1357
2026.10.06-02.18.48 SHOT widget id=plate.team impl=umg state=own fighter=f-0-hero bbox=(0,0,0,0) geom=unpainted visible=1 twin=0 source=/Game/S08/UI/ArtHud/WBP_S08ArtPlate frame=1357
2026.10.06-02.18.48 SHOT widget id=plate.hpbar impl=umg state=own fighter=f-0-hero bbox=(0,0,0,0) geom=unpainted visible=1 twin=0 source=/Game/S08/UI/ArtHud/WBP_S08ArtPlate frame=1357
2026.10.06-02.18.48 SHOT widget id=plate.hpfill impl=umg state=own fighter=f-0-hero bbox=(0,0,0,0) geom=unpainted visible=1 twin=0 source=/Game/S08/UI/ArtHud/WBP_S08ArtPlate frame=1357
2026.10.06-02.18.48 SHOT widget id=plate.hp impl=umg state=own fighter=f-0-hero bbox=(0,0,0,0) geom=unpainted visible=1 twin=0 source=/Game/S08/UI/ArtHud/WBP_S08ArtPlate frame=1357
2026.10.06-02.18.48 SHOT widget id=plate.status impl=umg state=own fighter=f-0-hero bbox=(0,0,0,0) geom=unpainted visible=1 twin=0 source=/Game/S08/UI/ArtHud/WBP_S08ArtPlate frame=1357
2026.10.06-02.18.48 SHOT widget id=plate.teamshape impl=umg state=own fighter=f-0-hero bbox=(0,0,0,0) geom=unpainted visible=1 twin=0 source=/Game/S08/UI/ArtHud/WBP_S08ArtPlate frame=1357
2026.10.06-02.18.48 SHOT widget id=icon impl=umg-motion state=combat fighter=f-1-hero bbox=(1217,541,1249,573) geom=painted visible=1 twin=0 source=S08AnimatedIconWidget:action-attack-token frame=1357
2026.10.06-02.18.48 SHOT widget id=board.tag impl=umg state=hidden fighter=f-0-hero bbox=(0,0,0,0) geom=unpainted visible=0 twin=0 source=/Game/S08/UI/ArtHud/WBP_S08ArtTag mode=hidden look=P1 shape=circle placement=left ring=0 order=5 bound=1 softPx2=0 planned=(977,622,1079,644) frame=1357
2026.10.06-02.18.48 SHOT widget id=board.tag.hp impl=umg state=hidden fighter=f-0-hero bbox=(0,0,0,0) geom=unpainted visible=0 twin=0 source=/Game/S08/UI/ArtHud/WBP_S08ArtTag mode=hidden look=P1 shape=circle placement=left ring=0 order=5 bound=1 softPx2=0 planned=(977,622,1079,644) frame=1357 font=11
2026.10.06-02.18.48 SHOT widget id=board.tag.bar impl=umg state=hidden fighter=f-0-hero bbox=(0,0,0,0) geom=unpainted visible=0 twin=0 source=/Game/S08/UI/ArtHud/WBP_S08ArtTag mode=hidden look=P1 shape=circle placement=left ring=0 order=5 bound=1 softPx2=0 planned=(977,622,1079,644) frame=1357
2026.10.06-02.18.48 SHOT widget id=board.tag.chip impl=umg state=hidden fighter=f-0-hero bbox=(0,0,0,0) geom=unpainted visible=0 twin=0 source=/Game/S08/UI/ArtHud/WBP_S08ArtTag mode=hidden look=P1 shape=circle placement=left ring=0 order=5 bound=1 softPx2=0 planned=(977,622,1079,644) frame=1357
2026.10.06-02.18.48 SHOT widget id=board.tag impl=umg state=compact fighter=f-0-sk0 bbox=(509,496,593,518) geom=painted visible=1 twin=0 source=/Game/S08/UI/ArtHud/WBP_S08ArtTag mode=compact look=P1 shape=circle placement=above ring=0 order=3 bound=1 softPx2=0 planned=(509,496,593,518) frame=1357
2026.10.06-02.18.48 SHOT widget id=board.tag.hp impl=umg state=compact fighter=f-0-sk0 bbox=(565,498,589,516) geom=painted visible=1 twin=0 source=/Game/S08/UI/ArtHud/WBP_S08ArtTag mode=compact look=P1 shape=circle placement=above ring=0 order=3 bound=1 softPx2=0 planned=(509,496,593,518) frame=1357 font=11
2026.10.06-02.18.48 SHOT widget id=board.tag.bar impl=umg state=compact fighter=f-0-sk0 bbox=(528,505,562,510) geom=painted visible=1 twin=0 source=/Game/S08/UI/ArtHud/WBP_S08ArtTag mode=compact look=P1 shape=circle placement=above ring=0 order=3 bound=1 softPx2=0 planned=(509,496,593,518) frame=1357
2026.10.06-02.18.48 SHOT widget id=board.tag.chip impl=umg state=compact fighter=f-0-sk0 bbox=(513,501,525,513) geom=painted visible=1 twin=0 source=/Game/S08/UI/ArtHud/WBP_S08ArtTag mode=compact look=P1 shape=circle placement=above ring=0 order=3 bound=1 softPx2=0 planned=(509,496,593,518) frame=1357
2026.10.06-02.18.48 SHOT widget id=board.tag impl=umg state=compact fighter=f-0-sk1 bbox=(396,458,480,480) geom=painted visible=1 twin=0 source=/Game/S08/UI/ArtHud/WBP_S08ArtTag mode=compact look=P1 shape=circle placement=above ring=0 order=2 bound=1 softPx2=0 planned=(396,458,480,480) frame=1357
2026.10.06-02.18.48 SHOT widget id=board.tag.hp impl=umg state=compact fighter=f-0-sk1 bbox=(452,460,476,478) geom=painted visible=1 twin=0 source=/Game/S08/UI/ArtHud/WBP_S08ArtTag mode=compact look=P1 shape=circle placement=above ring=0 order=2 bound=1 softPx2=0 planned=(396,458,480,480) frame=1357 font=11
2026.10.06-02.18.48 SHOT widget id=board.tag.bar impl=umg state=compact fighter=f-0-sk1 bbox=(415,467,449,472) geom=painted visible=1 twin=0 source=/Game/S08/UI/ArtHud/WBP_S08ArtTag mode=compact look=P1 shape=circle placement=above ring=0 order=2 bound=1 softPx2=0 planned=(396,458,480,480) frame=1357
2026.10.06-02.18.48 SHOT widget id=board.tag.chip impl=umg state=compact fighter=f-0-sk1 bbox=(400,463,412,475) geom=painted visible=1 twin=0 source=/Game/S08/UI/ArtHud/WBP_S08ArtTag mode=compact look=P1 shape=circle placement=above ring=0 order=2 bound=1 softPx2=0 planned=(396,458,480,480) frame=1357
2026.10.06-02.18.48 SHOT widget id=board.tag impl=umg state=compact fighter=f-0-sk2 bbox=(308,584,392,606) geom=painted visible=1 twin=0 source=/Game/S08/UI/ArtHud/WBP_S08ArtTag mode=compact look=P1 shape=circle placement=left ring=0 order=4 bound=1 softPx2=0 planned=(308,584,392,606) frame=1357
2026.10.06-02.18.48 SHOT widget id=board.tag.hp impl=umg state=compact fighter=f-0-sk2 bbox=(364,586,388,604) geom=painted visible=1 twin=0 source=/Game/S08/UI/ArtHud/WBP_S08ArtTag mode=compact look=P1 shape=circle placement=left ring=0 order=4 bound=1 softPx2=0 planned=(308,584,392,606) frame=1357 font=11
2026.10.06-02.18.48 SHOT widget id=board.tag.bar impl=umg state=compact fighter=f-0-sk2 bbox=(327,593,361,598) geom=painted visible=1 twin=0 source=/Game/S08/UI/ArtHud/WBP_S08ArtTag mode=compact look=P1 shape=circle placement=left ring=0 order=4 bound=1 softPx2=0 planned=(308,584,392,606) frame=1357
2026.10.06-02.18.48 SHOT widget id=board.tag.chip impl=umg state=compact fighter=f-0-sk2 bbox=(312,589,324,601) geom=painted visible=1 twin=0 source=/Game/S08/UI/ArtHud/WBP_S08ArtTag mode=compact look=P1 shape=circle placement=left ring=0 order=4 bound=1 softPx2=0 planned=(308,584,392,606) frame=1357
2026.10.06-02.18.48 SHOT widget id=board.tag impl=umg state=compact fighter=f-1-hero bbox=(1036,519,1129,541) geom=painted visible=1 twin=0 source=/Game/S08/UI/ArtHud/WBP_S08ArtTag mode=compact look=P2 shape=hex placement=left ring=0 order=0 bound=1 softPx2=0 planned=(1036,519,1129,541) frame=1357
2026.10.06-02.18.48 SHOT widget id=board.tag.hp impl=umg state=compact fighter=f-1-hero bbox=(1092,521,1125,539) geom=painted visible=1 twin=0 source=/Game/S08/UI/ArtHud/WBP_S08ArtTag mode=compact look=P2 shape=hex placement=left ring=0 order=0 bound=1 softPx2=0 planned=(1036,519,1129,541) frame=1357 font=11
2026.10.06-02.18.48 SHOT widget id=board.tag.bar impl=umg state=compact fighter=f-1-hero bbox=(1055,528,1089,533) geom=painted visible=1 twin=0 source=/Game/S08/UI/ArtHud/WBP_S08ArtTag mode=compact look=P2 shape=hex placement=left ring=0 order=0 bound=1 softPx2=0 planned=(1036,519,1129,541) frame=1357
2026.10.06-02.18.48 SHOT widget id=board.tag.chip impl=umg state=compact fighter=f-1-hero bbox=(1040,524,1052,536) geom=painted visible=1 twin=0 source=/Game/S08/UI/ArtHud/WBP_S08ArtTag mode=compact look=P2 shape=hex placement=left ring=0 order=0 bound=1 softPx2=0 planned=(1036,519,1129,541) frame=1357
2026.10.06-02.18.48 SHOT widget id=board.tag impl=umg state=compact fighter=f-1-sk0 bbox=(1201,427,1285,449) geom=painted visible=1 twin=0 source=/Game/S08/UI/ArtHud/WBP_S08ArtTag mode=compact look=P2 shape=hex placement=above ring=0 order=1 bound=1 softPx2=0 planned=(1201,427,1285,449) frame=1357
2026.10.06-02.18.48 SHOT widget id=board.tag.hp impl=umg state=compact fighter=f-1-sk0 bbox=(1257,429,1281,447) geom=painted visible=1 twin=0 source=/Game/S08/UI/ArtHud/WBP_S08ArtTag mode=compact look=P2 shape=hex placement=above ring=0 order=1 bound=1 softPx2=0 planned=(1201,427,1285,449) frame=1357 font=11
2026.10.06-02.18.48 SHOT widget id=board.tag.bar impl=umg state=compact fighter=f-1-sk0 bbox=(1220,436,1254,441) geom=painted visible=1 twin=0 source=/Game/S08/UI/ArtHud/WBP_S08ArtTag mode=compact look=P2 shape=hex placement=above ring=0 order=1 bound=1 softPx2=0 planned=(1201,427,1285,449) frame=1357
2026.10.06-02.18.48 SHOT widget id=board.tag.chip impl=umg state=compact fighter=f-1-sk0 bbox=(1205,432,1217,444) geom=painted visible=1 twin=0 source=/Game/S08/UI/ArtHud/WBP_S08ArtTag mode=compact look=P2 shape=hex placement=above ring=0 order=1 bound=1 softPx2=0 planned=(1201,427,1285,449) frame=1357
2026.10.06-02.18.48 SHOT widget id=board.damage impl=umg state=damage fighter=f-1-hero bbox=(1063,489,1103,517) geom=painted visible=1 twin=0 source=/Game/S08/UI/ArtHud/WBP_S08ArtDamage amount=2 seq=49 placement=above_ring=0_hardPx2=0_softPx2=0 stableFrames=0 planned=(1063,489,1103,517) frame=1357
2026.10.06-02.18.48 SHOT widget id=board.damage.text impl=umg state=damage fighter=f-1-hero bbox=(1071,489,1095,517) geom=painted visible=1 twin=0 source=/Game/S08/UI/ArtHud/WBP_S08ArtDamage amount=2 seq=49 placement=above_ring=0_hardPx2=0_softPx2=0 stableFrames=0 planned=(1063,489,1103,517) frame=1357 font=18
2026.10.06-02.18.48 SHOT damage fighter=f-1-hero bbox=(1063,489,1103,517) frame=1357
2026.10.06-02.18.48 SHOT panel id=hud.command bbox=(0,0,752,274) geom=painted visible=1 frame=1357
2026.10.06-02.18.48 SHOT panel id=hud.side bbox=(1432,0,1920,153) geom=painted visible=1 frame=1357
2026.10.06-02.18.48 SHOT panel id=hud.hand bbox=(669,885,1252,1080) geom=painted visible=1 frame=1357
2026.10.06-02.18.48 SHOT late end file=s09-pending-MOVE.png frame=1357
2026.10.06-02.18.48 PEND-RESOLVE sent type=MOVE stage=0 id=cmq7d7b4b00ruwi74zyil05so-after-0-p0
2026.10.06-02.18.48 MS-STATUS seq=49 text="Syncing…"
2026.10.06-02.18.48 S09AUTO pending picked (type=MOVE stage=0)
2026.10.06-02.18.48 TOAST text="choice sent"
2026.10.06-02.18.48 TAG fighter=f-0-sk0 bbox=(509,496,593,518) mode=compact look=P1 placement=above ring=0 hardPx2=0 softPx2=0 order=3 bound=1
2026.10.06-02.18.48 TAG fighter=f-0-sk1 bbox=(396,458,480,480) mode=compact look=P1 placement=above ring=0 hardPx2=0 softPx2=0 order=2 bound=1
2026.10.06-02.18.48 TAG fighter=f-0-sk2 bbox=(308,584,392,606) mode=compact look=P1 placement=left ring=0 hardPx2=0 softPx2=0 order=4 bound=1
2026.10.06-02.18.48 TAG fighter=f-1-hero bbox=(1036,519,1129,541) mode=compact look=P2 placement=left ring=0 hardPx2=0 softPx2=0 order=0 bound=1
2026.10.06-02.18.48 TAG fighter=f-1-sk0 bbox=(1201,427,1285,449) mode=compact look=P2 placement=above ring=0 hardPx2=0 softPx2=0 order=1 bound=1
2026.10.06-02.18.48 ICON fighter=f-1-hero bbox=(1217,541,1249,573) size=32 src=combat anchor=right fallback=0 overlapPx2=0 texture=/Game/S08/UI/IconsV3/T_IV3_action_attack_token_32.T_IV3_action_attack_token_32
2026.10.06-02.18.48 TAG fighter=f-0-sk0 bbox=(509,496,593,518) mode=compact look=P1 placement=above ring=0 hardPx2=0 softPx2=0 order=3 bound=1
2026.10.06-02.18.48 TAG fighter=f-0-sk1 bbox=(396,458,480,480) mode=compact look=P1 placement=above ring=0 hardPx2=0 softPx2=0 order=2 bound=1
2026.10.06-02.18.48 TAG fighter=f-0-sk2 bbox=(308,584,392,606) mode=compact look=P1 placement=left ring=0 hardPx2=0 softPx2=0 order=4 bound=1
2026.10.06-02.18.48 TAG fighter=f-1-hero bbox=(1036,519,1129,541) mode=compact look=P2 placement=left ring=0 hardPx2=0 softPx2=0 order=0 bound=1
2026.10.06-02.18.48 TAG fighter=f-1-sk0 bbox=(1201,427,1285,449) mode=compact look=P2 placement=above ring=0 hardPx2=0 softPx2=0 order=1 bound=1
2026.10.06-02.18.48 ICON fighter=f-1-hero bbox=(1217,541,1249,573) size=32 src=combat anchor=right fallback=0 overlapPx2=0 texture=/Game/S08/UI/IconsV3/T_IV3_action_attack_token_32.T_IV3_action_attack_token_32
2026.10.06-02.18.48 SNAPSHOT applied seq=50 phase=ACTION_MANEUVER
2026.10.06-02.18.48 HANDLE_APPLIED #69 seq=50 decision=2 fightersValid=1 boardValid=1
2026.10.06-02.18.48 COMBAT-RESULT seq=50 damage=2 role=attacked
2026.10.06-02.18.48 COMBAT-LOG seq=50 log=50 n=6 entries=2 lines=2 src=log outcomes=APPLIED:1,CHOICE:1
2026.10.06-02.18.48 CUE combat seq=50 stage=start t=48747 attacker=f-0-hero target=f-1-hero text=1 lines=2 damage=2 lethal=0 shown=1 speed=1.00 flip=620 contact=333 src=notify a=3 d=1 outcome=win
2026.10.06-02.18.48 CUE fx id=CUE-010 subject=scene seq=50 t=48747 vfx=none sfx=missing clip=none mat=none socket=- reduced=0 result=fallback
2026.10.06-02.18.48 CUE sound id=CUE-010 point=cue subject=card.attack seq=50 t=48747 event_t=48747 dt=0 class=SFX sound=SW_CRD_FLIP_01 gain=0.80 result=played
2026.10.06-02.18.48 CUE sound id=CUE-010 point=cue subject=card.defense seq=50 t=48747 event_t=48747 dt=0 class=SFX sound=SW_CRD_FLIP_02 gain=0.80 result=played
2026.10.06-02.18.48 closed mode=
2026.10.06-02.18.48 MODE seq=50 mode=0 combat=0 pending=0
2026.10.06-02.18.48 MS-LAST enter seq=50 player=cmuhntivg0000wib0anhqyswc source=EFFECT moves=0 boost=-1
2026.10.06-02.18.48 HUD seq=50 phase=ACTION_MANEUVER turn=you hand=1 oppHand=6(hidden) oppDeck=17 deck=21 discard=8
2026.10.06-02.18.48 MS-STATUS seq=50 text="Choose an action: maneuver (M), attack (A) or scheme (G)"
2026.10.06-02.18.48 ARTPREVIEW fighter=Medusa hero=1 eligible=0 visual=1 mesh=SK_Medusa_H2LD
2026.10.06-02.18.48 ARTPREVIEW selection ring shown fighter=Medusa mesh=SM_Marker_SelectionRing
2026.10.06-02.18.48 FIGHTERS synced n=6 alive=6 own=4 enemy=2
2026.10.06-02.18.48 PEND resolve done seq=50 (apply) phase=ACTION_MANEUVER
2026.10.06-02.18.48 SNAPSHOT applied seq=50 phase=ACTION_MANEUVER
2026.10.06-02.18.48 HANDLE_APPLIED #70 seq=50 decision=1 fightersValid=1 boardValid=1
2026.10.06-02.18.48 MODE seq=50 mode=0 combat=0 pending=0
2026.10.06-02.18.48 HUD seq=50 phase=ACTION_MANEUVER turn=you hand=1 oppHand=6(hidden) oppDeck=17 deck=21 discard=8
2026.10.06-02.18.48 ARTPREVIEW fighter=Medusa hero=1 eligible=0 visual=1 mesh=SK_Medusa_H2LD
2026.10.06-02.18.48 FIGHTERS synced n=6 alive=6 own=4 enemy=2
2026.10.06-02.18.48 WS seq=50 phase=ACTION_MANEUVER (merge)
2026.10.06-02.18.48 MS-LAST show seq=50 mode=restore player=cmuhntivg0000wib0anhqyswc from=- to=-
2026.10.06-02.18.48 MS-LOG seq=50 moves=0 truncated=0 text="Medusa: Dash effect: no movement"
2026.10.06-02.18.48 HUD-HAND lower=0 pick=none cursor=board preview=shown seq=50
2026.10.06-02.18.48 CUE fx done id=CUE-009 subject=f-1-hero seq=48 t=48779 ms=500 cut=0
2026.10.06-02.18.48 S09AUTO drive mode=0 plan=[attack+scheme] phase=ACTION_MANEUVER turn=cmuhntivg0000wib0anhqyswc
2026.10.06-02.18.48 HUD-TRACK chosen=maneuver seq=50 spent=1
2026.10.06-02.18.48 MS-STATUS seq=50 text="Syncing…"
2026.10.06-02.18.48 TOAST text="begin maneuver sent (server draws 1 card)"
2026.10.06-02.18.48 PLATE hidden fighter=f-0-hero
2026.10.06-02.18.48 TAG fighter=f-0-hero bbox=(977,622,1079,644) mode=compact look=P1 placement=left ring=0 hardPx2=0 softPx2=0 order=5 bound=1
2026.10.06-02.18.48 TAG fighter=f-0-sk0 bbox=(509,496,593,518) mode=compact look=P1 placement=above ring=0 hardPx2=0 softPx2=0 order=3 bound=1
2026.10.06-02.18.48 TAG fighter=f-0-sk1 bbox=(396,458,480,480) mode=compact look=P1 placement=above ring=0 hardPx2=0 softPx2=0 order=2 bound=1
2026.10.06-02.18.48 TAG fighter=f-0-sk2 bbox=(308,584,392,606) mode=compact look=P1 placement=left ring=0 hardPx2=0 softPx2=0 order=4 bound=1
2026.10.06-02.18.48 TAG fighter=f-1-hero bbox=(1036,519,1129,541) mode=compact look=P2 placement=left ring=0 hardPx2=0 softPx2=0 order=0 bound=1
2026.10.06-02.18.48 TAG fighter=f-1-sk0 bbox=(1201,427,1285,449) mode=compact look=P2 placement=above ring=0 hardPx2=0 softPx2=0 order=1 bound=1
2026.10.06-02.18.48 ICON fighter=f-1-hero bbox=(1217,541,1249,573) size=32 src=combat anchor=right fallback=0 overlapPx2=0 texture=/Game/S08/UI/IconsV3/T_IV3_action_attack_token_32.T_IV3_action_attack_token_32
2026.10.06-02.18.48 HUD-TRACK own=2/2 server=1 local=1 opp=0/2 oppVisible=0 anim=spend/- seq=50 frame=1362
2026.10.06-02.18.48 TAG fighter=f-0-hero bbox=(977,622,1079,644) mode=compact look=P1 placement=left ring=0 hardPx2=0 softPx2=0 order=5 bound=1
2026.10.06-02.18.48 TAG fighter=f-0-sk0 bbox=(509,496,593,518) mode=compact look=P1 placement=above ring=0 hardPx2=0 softPx2=0 order=3 bound=1
2026.10.06-02.18.48 TAG fighter=f-0-sk1 bbox=(396,458,480,480) mode=compact look=P1 placement=above ring=0 hardPx2=0 softPx2=0 order=2 bound=1
2026.10.06-02.18.48 TAG fighter=f-0-sk2 bbox=(308,584,392,606) mode=compact look=P1 placement=left ring=0 hardPx2=0 softPx2=0 order=4 bound=1
2026.10.06-02.18.48 TAG fighter=f-1-hero bbox=(1036,519,1129,541) mode=compact look=P2 placement=left ring=0 hardPx2=0 softPx2=0 order=0 bound=1
2026.10.06-02.18.48 TAG fighter=f-1-sk0 bbox=(1201,427,1285,449) mode=compact look=P2 placement=above ring=0 hardPx2=0 softPx2=0 order=1 bound=1
2026.10.06-02.18.48 ICON fighter=f-1-hero bbox=(1217,541,1249,573) size=32 src=combat anchor=right fallback=0 overlapPx2=0 texture=/Game/S08/UI/IconsV3/T_IV3_action_attack_token_32.T_IV3_action_attack_token_32
2026.10.06-02.18.48 TAG fighter=f-0-hero bbox=(977,622,1079,644) mode=compact look=P1 placement=left ring=0 hardPx2=0 softPx2=0 order=5 bound=1
2026.10.06-02.18.48 TAG fighter=f-0-sk0 bbox=(509,496,593,518) mode=compact look=P1 placement=above ring=0 hardPx2=0 softPx2=0 order=3 bound=1
2026.10.06-02.18.48 TAG fighter=f-0-sk1 bbox=(396,458,480,480) mode=compact look=P1 placement=above ring=0 hardPx2=0 softPx2=0 order=2 bound=1
2026.10.06-02.18.48 TAG fighter=f-0-sk2 bbox=(308,584,392,606) mode=compact look=P1 placement=left ring=0 hardPx2=0 softPx2=0 order=4 bound=1
2026.10.06-02.18.48 TAG fighter=f-1-hero bbox=(1036,519,1129,541) mode=compact look=P2 placement=left ring=0 hardPx2=0 softPx2=0 order=0 bound=1
2026.10.06-02.18.48 TAG fighter=f-1-sk0 bbox=(1201,427,1285,449) mode=compact look=P2 placement=above ring=0 hardPx2=0 softPx2=0 order=1 bound=1
2026.10.06-02.18.48 ICON fighter=f-1-hero bbox=(1217,541,1249,573) size=32 src=combat anchor=right fallback=0 overlapPx2=0 texture=/Game/S08/UI/IconsV3/T_IV3_action_attack_token_32.T_IV3_action_attack_token_32
2026.10.06-02.18.48 ARTPREVIEW anim fighter=f-1-hero clip=Idle len=2.500 event=clipFinished loop=1 phase=0.3470 seq=-1 asset=AM_KingArthur_Idle rate=1.00
2026.10.06-02.18.48 SNAPSHOT applied seq=51 phase=ACTION_MANEUVER
2026.10.06-02.18.48 MS-NET gate released by snapshot op=begin seq=51 (before the HTTP answer)
2026.10.06-02.18.48 HANDLE_APPLIED #71 seq=51 decision=2 fightersValid=1 boardValid=1
2026.10.06-02.18.48 MS-DRAFT op=candidates rev=14 src=snapshot n=4 ids=f-0-hero,f-0-sk0,f-0-sk1,f-0-sk2 autoselect=-
2026.10.06-02.18.48 MANEUVER-DRAFT mode=maneuver:9:50
2026.10.06-02.18.48 DRAFT-OPEN draw committed (resume instead of begin)
2026.10.06-02.18.48 SFX bank=BRD-CANDIDATES tag=candidates class=SFX t=48847 sound=SW_BRD_CANDIDATES_01 gain=0.80
2026.10.06-02.18.48 MODE seq=51 mode=1 combat=0 pending=0
2026.10.06-02.18.48 MS-TRACK own=2/2 opp=0/2 oppVisible=0 seq=51
2026.10.06-02.18.48 CUE sound id=CUE-005 point=cue subject=hand.own seq=51 t=48847 event_t=48847 dt=0 class=SFX sound=SW_CRD_DRAW_01 gain=0.80 result=played
2026.10.06-02.18.48 HUD seq=51 phase=ACTION_MANEUVER turn=you hand=2 oppHand=6(hidden) oppDeck=17~ deck=21~ discard=8
2026.10.06-02.18.48 MS-STATUS seq=51 text="Choose a fighter to move"
2026.10.06-02.18.48 ARTPREVIEW fighter=Medusa hero=1 eligible=0 visual=1 mesh=SK_Medusa_H2LD
2026.10.06-02.18.48 FIGHTERS synced n=6 alive=6 own=4 enemy=2
2026.10.06-02.18.48 WS seq=51 phase=ACTION_MANEUVER (apply)
2026.10.06-02.18.48 HUD-TRACK own=2/2 server=2 local=0 opp=0/2 oppVisible=0 anim=-/- seq=51 frame=1364
2026.10.06-02.18.48 S09AUTO drive mode=1 plan=[attack+scheme] phase=ACTION_MANEUVER turn=cmuhntivg0000wib0anhqyswc
2026.10.06-02.18.48 S09AUTO approach: no improving legal step
2026.10.06-02.18.48 MANEUVER-CONFIRM moves=0 boost=none
2026.10.06-02.18.48 MS-STATUS seq=51 text="Syncing…"
2026.10.06-02.18.48 HUD plate content fighter=f-0-hero name=Medusa hp=16/16 team=own statuses=HERO  |  RANGED teamSlot=P1 look=P1 shape=circle chip=#DAC576
2026.10.06-02.18.48 PLATE fighter=f-0-hero bbox=(951,562,1123,616) overlapReachable=0 placement=above ring=0 gap=6 selection=f-0-hero destinations=5 clean=1 softPx2=0 tested=112 bound=1
2026.10.06-02.18.48 TAG fighter=f-0-sk0 bbox=(509,496,593,518) mode=compact look=P1 placement=above ring=0 hardPx2=0 softPx2=0 order=3 bound=1
2026.10.06-02.18.48 TAG fighter=f-0-sk1 bbox=(396,458,480,480) mode=compact look=P1 placement=above ring=0 hardPx2=0 softPx2=0 order=2 bound=1
2026.10.06-02.18.48 TAG fighter=f-0-sk2 bbox=(308,584,392,606) mode=compact look=P1 placement=left ring=0 hardPx2=0 softPx2=0 order=4 bound=1
2026.10.06-02.18.48 TAG fighter=f-1-hero bbox=(1036,519,1129,541) mode=compact look=P2 placement=left ring=0 hardPx2=0 softPx2=0 order=0 bound=1
2026.10.06-02.18.48 TAG fighter=f-1-sk0 bbox=(1201,427,1285,449) mode=compact look=P2 placement=above ring=0 hardPx2=0 softPx2=0 order=1 bound=1
2026.10.06-02.18.48 ICON fighter=f-1-hero bbox=(1217,541,1249,573) size=32 src=combat anchor=right fallback=0 overlapPx2=0 texture=/Game/S08/UI/IconsV3/T_IV3_action_attack_token_32.T_IV3_action_attack_token_32
2026.10.06-02.18.48 MS-NET late-reply op=begin ok=1 settled=snapshot
2026.10.06-02.18.48 SNAPSHOT applied seq=51 phase=ACTION_MANEUVER
2026.10.06-02.18.48 HANDLE_APPLIED #72 seq=51 decision=1 fightersValid=1 boardValid=1
2026.10.06-02.18.48 MODE seq=51 mode=1 combat=0 pending=0
2026.10.06-02.18.48 HUD seq=51 phase=ACTION_MANEUVER turn=you hand=2 oppHand=6(hidden) oppDeck=17 deck=20 discard=8
2026.10.06-02.18.48 ARTPREVIEW fighter=Medusa hero=1 eligible=0 visual=1 mesh=SK_Medusa_H2LD
2026.10.06-02.18.48 FIGHTERS synced n=6 alive=6 own=4 enemy=2
2026.10.06-02.18.48 ARTPREVIEW selection ring shown fighter=Medusa mesh=SM_Marker_SelectionRing
2026.10.06-02.18.48 ARTPREVIEW reachable rings cells=5 placed=1 radiusUU=36 segments=48 style=readability color=#FFC857 stroke=#14110C widthUU=3.50 strokeUU=1.50
2026.10.06-02.18.48 MS-NET late-reply merged seq=51 (merge)
2026.10.06-02.18.48 HUD-HAND lower=1 pick=cell cursor=board preview=hidden seq=51
2026.10.06-02.18.48 TAG fighter=f-0-sk0 bbox=(509,496,593,518) mode=compact look=P1 placement=above ring=0 hardPx2=0 softPx2=0 order=3 bound=1
2026.10.06-02.18.48 TAG fighter=f-0-sk1 bbox=(396,458,480,480) mode=compact look=P1 placement=above ring=0 hardPx2=0 softPx2=0 order=2 bound=1
2026.10.06-02.18.48 TAG fighter=f-0-sk2 bbox=(308,584,392,606) mode=compact look=P1 placement=left ring=0 hardPx2=0 softPx2=0 order=4 bound=1
2026.10.06-02.18.48 TAG fighter=f-1-hero bbox=(1036,519,1129,541) mode=compact look=P2 placement=left ring=0 hardPx2=0 softPx2=0 order=0 bound=1
2026.10.06-02.18.48 TAG fighter=f-1-sk0 bbox=(1201,427,1285,449) mode=compact look=P2 placement=above ring=0 hardPx2=0 softPx2=0 order=1 bound=1
2026.10.06-02.18.48 ICON fighter=f-1-hero bbox=(1217,541,1249,573) size=32 src=combat anchor=right fallback=0 overlapPx2=0 texture=/Game/S08/UI/IconsV3/T_IV3_action_attack_token_32.T_IV3_action_attack_token_32
2026.10.06-02.18.48 TAG fighter=f-0-sk0 bbox=(509,496,593,518) mode=compact look=P1 placement=above ring=0 hardPx2=0 softPx2=0 order=3 bound=1
2026.10.06-02.18.48 TAG fighter=f-0-sk1 bbox=(396,458,480,480) mode=compact look=P1 placement=above ring=0 hardPx2=0 softPx2=0 order=2 bound=1
2026.10.06-02.18.48 TAG fighter=f-0-sk2 bbox=(308,584,392,606) mode=compact look=P1 placement=left ring=0 hardPx2=0 softPx2=0 order=4 bound=1
2026.10.06-02.18.48 TAG fighter=f-1-hero bbox=(1036,519,1129,541) mode=compact look=P2 placement=left ring=0 hardPx2=0 softPx2=0 order=0 bound=1
2026.10.06-02.18.48 TAG fighter=f-1-sk0 bbox=(1201,427,1285,449) mode=compact look=P2 placement=above ring=0 hardPx2=0 softPx2=0 order=1 bound=1
2026.10.06-02.18.48 ICON fighter=f-1-hero bbox=(1217,541,1249,573) size=32 src=combat anchor=right fallback=0 overlapPx2=0 texture=/Game/S08/UI/IconsV3/T_IV3_action_attack_token_32.T_IV3_action_attack_token_32
2026.10.06-02.18.48 SNAPSHOT applied seq=52 phase=ACTION_MANEUVER
2026.10.06-02.18.48 HANDLE_APPLIED #73 seq=52 decision=2 fightersValid=1 boardValid=1
2026.10.06-02.18.48 closed mode=
2026.10.06-02.18.48 MODE seq=52 mode=0 combat=0 pending=0
2026.10.06-02.18.48 MS-OPP verb=turn seq=52
2026.10.06-02.18.48 MS-TRACK own=0/2 opp=0/2 oppVisible=1 seq=52
2026.10.06-02.18.48 MS-LAST fade seq=50 at=52 ms=300
2026.10.06-02.18.48 MS-LAST replace seq=50 by=52
2026.10.06-02.18.48 MS-LAST enter seq=52 player=cmuhntivg0000wib0anhqyswc source=MANEUVER moves=0 boost=-1
2026.10.06-02.18.48 CUE sound id=CUE-015 point=turn subject=- seq=52 t=48947 event_t=48947 dt=0 class=UI sound=none gain=0.80 result=silent turn=opp reason=opponent
2026.10.06-02.18.48 HUD-TURN seq=52 turn=opp initial=0 ring=marker-turn-ring flash=1000 banner=0 reduced=0
2026.10.06-02.18.48 HUD seq=52 phase=ACTION_MANEUVER turn=opp hand=2 oppHand=6(hidden) oppDeck=17 deck=20 discard=8
2026.10.06-02.18.48 MS-STATUS seq=52 text="King Arthur — Opponent is choosing an action"
2026.10.06-02.18.48 ARTPREVIEW fighter=Medusa hero=1 eligible=0 visual=1 mesh=SK_Medusa_H2LD
2026.10.06-02.18.48 ARTPREVIEW selection ring shown fighter=Medusa mesh=SM_Marker_SelectionRing
2026.10.06-02.18.48 FIGHTERS synced n=6 alive=6 own=4 enemy=2
2026.10.06-02.18.48 MANEUVER done seq=52 (apply) fighters=6 boost=no
2026.10.06-02.18.48 SNAPSHOT applied seq=52 phase=ACTION_MANEUVER
2026.10.06-02.18.48 HANDLE_APPLIED #74 seq=52 decision=1 fightersValid=1 boardValid=1
2026.10.06-02.18.48 MODE seq=52 mode=0 combat=0 pending=0
2026.10.06-02.18.48 HUD seq=52 phase=ACTION_MANEUVER turn=opp hand=2 oppHand=6(hidden) oppDeck=17 deck=20 discard=8
2026.10.06-02.18.48 ARTPREVIEW fighter=Medusa hero=1 eligible=0 visual=1 mesh=SK_Medusa_H2LD
2026.10.06-02.18.48 FIGHTERS synced n=6 alive=6 own=4 enemy=2
2026.10.06-02.18.48 WS seq=52 phase=ACTION_MANEUVER (merge)
2026.10.06-02.18.48 MS-LAST show seq=52 mode=restore player=cmuhntivg0000wib0anhqyswc from=- to=-
2026.10.06-02.18.48 MS-LOG seq=52 moves=0 truncated=0 text="Medusa: maneuver: no movement"
2026.10.06-02.18.48 HUD-TRACK own=0/2 server=0 local=0 opp=0/2 oppVisible=1 anim=reset/reset seq=52 frame=1367
2026.10.06-02.18.48 HUD-HAND lower=0 pick=none cursor=board preview=shown seq=52
2026.10.06-02.18.48 PLATE hidden fighter=f-0-hero
2026.10.06-02.18.48 TAG fighter=f-0-hero bbox=(977,622,1079,644) mode=compact look=P1 placement=left ring=0 hardPx2=0 softPx2=0 order=5 bound=1
2026.10.06-02.18.48 TAG fighter=f-0-sk0 bbox=(509,496,593,518) mode=compact look=P1 placement=above ring=0 hardPx2=0 softPx2=0 order=3 bound=1
2026.10.06-02.18.48 TAG fighter=f-0-sk1 bbox=(396,458,480,480) mode=compact look=P1 placement=above ring=0 hardPx2=0 softPx2=0 order=2 bound=1
2026.10.06-02.18.48 TAG fighter=f-0-sk2 bbox=(308,584,392,606) mode=compact look=P1 placement=left ring=0 hardPx2=0 softPx2=0 order=4 bound=1
2026.10.06-02.18.48 TAG fighter=f-1-hero bbox=(1036,519,1129,541) mode=compact look=P2 placement=left ring=0 hardPx2=0 softPx2=0 order=0 bound=1
2026.10.06-02.18.48 TAG fighter=f-1-sk0 bbox=(1201,427,1285,449) mode=compact look=P2 placement=above ring=0 hardPx2=0 softPx2=0 order=1 bound=1
2026.10.06-02.18.48 ICON fighter=f-1-hero bbox=(1217,541,1249,573) size=32 src=combat anchor=right fallback=0 overlapPx2=0 texture=/Game/S08/UI/IconsV3/T_IV3_action_attack_token_32.T_IV3_action_attack_token_32
2026.10.06-02.18.48 TAG fighter=f-0-hero bbox=(977,622,1079,644) mode=compact look=P1 placement=left ring=0 hardPx2=0 softPx2=0 order=5 bound=1
2026.10.06-02.18.48 TAG fighter=f-0-sk0 bbox=(509,496,593,518) mode=compact look=P1 placement=above ring=0 hardPx2=0 softPx2=0 order=3 bound=1
2026.10.06-02.18.48 TAG fighter=f-0-sk1 bbox=(396,458,480,480) mode=compact look=P1 placement=above ring=0 hardPx2=0 softPx2=0 order=2 bound=1
2026.10.06-02.18.48 TAG fighter=f-0-sk2 bbox=(308,584,392,606) mode=compact look=P1 placement=left ring=0 hardPx2=0 softPx2=0 order=4 bound=1
2026.10.06-02.18.48 TAG fighter=f-1-hero bbox=(1036,519,1129,541) mode=compact look=P2 placement=left ring=0 hardPx2=0 softPx2=0 order=0 bound=1
2026.10.06-02.18.48 TAG fighter=f-1-sk0 bbox=(1201,427,1285,449) mode=compact look=P2 placement=above ring=0 hardPx2=0 softPx2=0 order=1 bound=1
2026.10.06-02.18.48 ICON fighter=f-1-hero bbox=(1217,541,1249,573) size=32 src=combat anchor=right fallback=0 overlapPx2=0 texture=/Game/S08/UI/IconsV3/T_IV3_action_attack_token_32.T_IV3_action_attack_token_32
2026.10.06-02.18.48 TAG fighter=f-0-hero bbox=(977,622,1079,644) mode=compact look=P1 placement=left ring=0 hardPx2=0 softPx2=0 order=5 bound=1
2026.10.06-02.18.48 TAG fighter=f-0-sk0 bbox=(509,496,593,518) mode=compact look=P1 placement=above ring=0 hardPx2=0 softPx2=0 order=3 bound=1
2026.10.06-02.18.48 TAG fighter=f-0-sk1 bbox=(396,458,480,480) mode=compact look=P1 placement=above ring=0 hardPx2=0 softPx2=0 order=2 bound=1
2026.10.06-02.18.48 TAG fighter=f-0-sk2 bbox=(308,584,392,606) mode=compact look=P1 placement=left ring=0 hardPx2=0 softPx2=0 order=4 bound=1
2026.10.06-02.18.48 TAG fighter=f-1-hero bbox=(1036,519,1129,541) mode=compact look=P2 placement=left ring=0 hardPx2=0 softPx2=0 order=0 bound=1
2026.10.06-02.18.48 TAG fighter=f-1-sk0 bbox=(1201,427,1285,449) mode=compact look=P2 placement=above ring=0 hardPx2=0 softPx2=0 order=1 bound=1
2026.10.06-02.18.48 ICON fighter=f-1-hero bbox=(1217,541,1249,573) size=32 src=combat anchor=right fallback=0 overlapPx2=0 texture=/Game/S08/UI/IconsV3/T_IV3_action_attack_token_32.T_IV3_action_attack_token_32
2026.10.06-02.18.49 TAG fighter=f-0-hero bbox=(977,622,1079,644) mode=compact look=P1 placement=left ring=0 hardPx2=0 softPx2=0 order=5 bound=1
2026.10.06-02.18.49 TAG fighter=f-0-sk0 bbox=(509,496,593,518) mode=compact look=P1 placement=above ring=0 hardPx2=0 softPx2=0 order=3 bound=1
2026.10.06-02.18.49 TAG fighter=f-0-sk1 bbox=(396,458,480,480) mode=compact look=P1 placement=above ring=0 hardPx2=0 softPx2=0 order=2 bound=1
2026.10.06-02.18.49 TAG fighter=f-0-sk2 bbox=(308,584,392,606) mode=compact look=P1 placement=left ring=0 hardPx2=0 softPx2=0 order=4 bound=1
2026.10.06-02.18.49 TAG fighter=f-1-hero bbox=(1036,519,1129,541) mode=compact look=P2 placement=left ring=0 hardPx2=0 softPx2=0 order=0 bound=1
2026.10.06-02.18.49 TAG fighter=f-1-sk0 bbox=(1201,427,1285,449) mode=compact look=P2 placement=above ring=0 hardPx2=0 softPx2=0 order=1 bound=1
2026.10.06-02.18.49 ICON fighter=f-1-hero bbox=(1217,541,1249,573) size=32 src=combat anchor=right fallback=0 overlapPx2=0 texture=/Game/S08/UI/IconsV3/T_IV3_action_attack_token_32.T_IV3_action_attack_token_32
2026.10.06-02.18.49 SNAPSHOT applied seq=53 phase=ACTION_MANEUVER
2026.10.06-02.18.49 HANDLE_APPLIED #75 seq=53 decision=2 fightersValid=1 boardValid=1
2026.10.06-02.18.49 MODE seq=53 mode=0 combat=0 pending=0
2026.10.06-02.18.49 MS-OPP verb=maneuver seq=53
2026.10.06-02.18.49 MS-TRACK own=0/2 opp=1/2 oppVisible=1 seq=53
2026.10.06-02.18.49 MS-OPP planning=1 seq=53
2026.10.06-02.18.49 CUE sound id=CUE-005 point=cue subject=hand.opp seq=53 t=49080 event_t=49080 dt=0 class=SFX sound=SW_CRD_DRAW_02 gain=0.80 result=played
2026.10.06-02.18.49 HUD seq=53 phase=ACTION_MANEUVER turn=opp hand=2 oppHand=7(hidden) oppDeck=17~ deck=20~ discard=8
2026.10.06-02.18.49 MS-STATUS seq=53 text="King Arthur — Opponent is planning a maneuver"
2026.10.06-02.18.49 ARTPREVIEW fighter=Medusa hero=1 eligible=0 visual=1 mesh=SK_Medusa_H2LD
2026.10.06-02.18.49 FIGHTERS synced n=6 alive=6 own=4 enemy=2
2026.10.06-02.18.49 WS seq=53 phase=ACTION_MANEUVER (apply)
2026.10.06-02.18.49 HUD-TRACK own=0/2 server=0 local=0 opp=1/2 oppVisible=1 anim=-/spend seq=53 frame=1371
2026.10.06-02.18.49 TAG fighter=f-0-hero bbox=(977,622,1079,644) mode=compact look=P1 placement=left ring=0 hardPx2=0 softPx2=0 order=5 bound=1
2026.10.06-02.18.49 TAG fighter=f-0-sk0 bbox=(509,496,593,518) mode=compact look=P1 placement=above ring=0 hardPx2=0 softPx2=0 order=3 bound=1
2026.10.06-02.18.49 TAG fighter=f-0-sk1 bbox=(396,458,480,480) mode=compact look=P1 placement=above ring=0 hardPx2=0 softPx2=0 order=2 bound=1
2026.10.06-02.18.49 TAG fighter=f-0-sk2 bbox=(308,584,392,606) mode=compact look=P1 placement=left ring=0 hardPx2=0 softPx2=0 order=4 bound=1
2026.10.06-02.18.49 TAG fighter=f-1-hero bbox=(1036,519,1129,541) mode=compact look=P2 placement=left ring=0 hardPx2=0 softPx2=0 order=0 bound=1
2026.10.06-02.18.49 TAG fighter=f-1-sk0 bbox=(1201,427,1285,449) mode=compact look=P2 placement=above ring=0 hardPx2=0 softPx2=0 order=1 bound=1
2026.10.06-02.18.49 ICON fighter=f-1-hero bbox=(1217,541,1249,573) size=32 src=combat anchor=right fallback=0 overlapPx2=0 texture=/Game/S08/UI/IconsV3/T_IV3_action_attack_token_32.T_IV3_action_attack_token_32
2026.10.06-02.18.49 TAG fighter=f-0-hero bbox=(977,622,1079,644) mode=compact look=P1 placement=left ring=0 hardPx2=0 softPx2=0 order=5 bound=1
2026.10.06-02.18.49 TAG fighter=f-0-sk0 bbox=(509,496,593,518) mode=compact look=P1 placement=above ring=0 hardPx2=0 softPx2=0 order=3 bound=1
2026.10.06-02.18.49 TAG fighter=f-0-sk1 bbox=(396,458,480,480) mode=compact look=P1 placement=above ring=0 hardPx2=0 softPx2=0 order=2 bound=1
2026.10.06-02.18.49 TAG fighter=f-0-sk2 bbox=(308,584,392,606) mode=compact look=P1 placement=left ring=0 hardPx2=0 softPx2=0 order=4 bound=1
2026.10.06-02.18.49 TAG fighter=f-1-hero bbox=(1036,519,1129,541) mode=compact look=P2 placement=left ring=0 hardPx2=0 softPx2=0 order=0 bound=1
2026.10.06-02.18.49 TAG fighter=f-1-sk0 bbox=(1201,427,1285,449) mode=compact look=P2 placement=above ring=0 hardPx2=0 softPx2=0 order=1 bound=1
2026.10.06-02.18.49 ICON fighter=f-1-hero bbox=(1217,541,1249,573) size=32 src=combat anchor=right fallback=0 overlapPx2=0 texture=/Game/S08/UI/IconsV3/T_IV3_action_attack_token_32.T_IV3_action_attack_token_32
2026.10.06-02.18.49 SNAPSHOT applied seq=54 phase=ACTION_MANEUVER
2026.10.06-02.18.49 HANDLE_APPLIED #76 seq=54 decision=2 fightersValid=1 boardValid=1
2026.10.06-02.18.49 CUE fx done id=CUE-010 subject=scene seq=50 t=49213 ms=466 cut=jump hold=466
2026.10.06-02.18.49 CUE combat seq=50 stage=end t=49213 total=1066 skipped=0 cut=catchup
2026.10.06-02.18.49 CATCHUP seq=50 latest=54 queued=4 lag=366 t=49213 action=cut reason=queue applied=1
2026.10.06-02.18.49 ARTPREVIEW fighter=Medusa hero=1 eligible=0 visual=1 mesh=SK_Medusa_H2LD
2026.10.06-02.18.49 ARTPREVIEW hero-light fighter=f-0-hero state=idle layers=2 lightsOn=2 keyCd=17.984 rimCd=1.528 mul=1.000 pulse=none
2026.10.06-02.18.49 ARTPREVIEW combat marker fighter=Medusa attacker=0 target=0 icon=0 targetMesh=SM_Marker_TargetRing iconMode=screen targetArcScaleXY=0.920
2026.10.06-02.18.49 ARTPREVIEW combat marker fighter=King Arthur attacker=0 target=0 icon=0 targetMesh=SM_Marker_TargetRing iconMode=screen targetArcScaleXY=0.920
2026.10.06-02.18.49 MODE seq=54 mode=0 combat=0 pending=0
2026.10.06-02.18.49 MS-OPP verb=turn seq=54
2026.10.06-02.18.49 MS-OPP planning=0 seq=54
2026.10.06-02.18.49 MS-LAST fade seq=52 at=54 ms=300
2026.10.06-02.18.49 MS-LAST replace seq=52 by=54
2026.10.06-02.18.49 MS-LAST enter seq=54 player=cmuhntiwu0001wib0z281rpa8 source=MANEUVER moves=1 boost=-1
2026.10.06-02.18.49 HUD seq=54 phase=ACTION_MANEUVER turn=opp hand=2 oppHand=7(hidden) oppDeck=17~ deck=20~ discard=8
2026.10.06-02.18.49 MS-STATUS seq=54 text="King Arthur — Opponent is choosing an action"
2026.10.06-02.18.49 ARTPREVIEW fighter=Medusa hero=1 eligible=0 visual=1 mesh=SK_Medusa_H2LD
2026.10.06-02.18.49 FIGHTERS synced n=6 alive=6 own=4 enemy=2
2026.10.06-02.18.49 MS-CUE move seq=54 fighter=f-1-hero order=0 of=1 kind=move steps=1 source=trail start=0 ms=280 snapped=0 path=S25>S26 speed=normal reduced=0
2026.10.06-02.18.49 CUE sound id=CUE-007 point=step subject=f-1-hero seq=54 t=49213 event_t=49213 dt=0 class=SFX sound=SW_BRD_STEP_05 gain=0.80 result=played edge=1/1 due=49213
2026.10.06-02.18.49 MS-ANIM play seq=54 moves=1 animated=1 speed=normal reduced=0 end=430
2026.10.06-02.18.49 CUE move f-1-hero (6,3)->(7,3) seq=54
2026.10.06-02.18.49 WS seq=54 phase=ACTION_MANEUVER (apply)
2026.10.06-02.18.49 TAG fighter=f-0-hero bbox=(977,622,1079,644) mode=compact look=P1 placement=left ring=0 hardPx2=0 softPx2=0 order=5 bound=1
2026.10.06-02.18.49 TAG fighter=f-0-sk0 bbox=(509,496,593,518) mode=compact look=P1 placement=above ring=0 hardPx2=0 softPx2=0 order=3 bound=1
2026.10.06-02.18.49 TAG fighter=f-0-sk1 bbox=(396,458,480,480) mode=compact look=P1 placement=above ring=0 hardPx2=0 softPx2=0 order=2 bound=1
2026.10.06-02.18.49 TAG fighter=f-0-sk2 bbox=(308,584,392,606) mode=compact look=P1 placement=left ring=0 hardPx2=0 softPx2=0 order=4 bound=1
2026.10.06-02.18.49 TAG fighter=f-1-hero bbox=(1052,520,1145,542) mode=compact look=P2 placement=left ring=0 hardPx2=0 softPx2=0 order=0 bound=1
2026.10.06-02.18.49 TAG fighter=f-1-sk0 bbox=(1201,427,1285,449) mode=compact look=P2 placement=above ring=0 hardPx2=0 softPx2=0 order=1 bound=1
2026.10.06-02.18.49 HUD icon hidden fighter=f-1-hero
2026.10.06-02.18.49 DAMAGE fighter=f-1-hero bbox=(1079,490,1119,518) amount=2 seq=49 placement=above ring=0 hardPx2=0 softPx2=0
2026.10.06-02.18.49 TAG fighter=f-0-hero bbox=(977,622,1079,644) mode=compact look=P1 placement=left ring=0 hardPx2=0 softPx2=0 order=5 bound=1
2026.10.06-02.18.49 TAG fighter=f-0-sk0 bbox=(509,496,593,518) mode=compact look=P1 placement=above ring=0 hardPx2=0 softPx2=0 order=3 bound=1
2026.10.06-02.18.49 TAG fighter=f-0-sk1 bbox=(396,458,480,480) mode=compact look=P1 placement=above ring=0 hardPx2=0 softPx2=0 order=2 bound=1
2026.10.06-02.18.49 TAG fighter=f-0-sk2 bbox=(308,584,392,606) mode=compact look=P1 placement=left ring=0 hardPx2=0 softPx2=0 order=4 bound=1
2026.10.06-02.18.49 TAG fighter=f-1-hero bbox=(1069,521,1162,543) mode=compact look=P2 placement=left ring=0 hardPx2=0 softPx2=0 order=0 bound=1
2026.10.06-02.18.49 TAG fighter=f-1-sk0 bbox=(1201,427,1285,449) mode=compact look=P2 placement=above ring=0 hardPx2=0 softPx2=0 order=1 bound=1
2026.10.06-02.18.49 DAMAGE fighter=f-1-hero bbox=(1096,491,1136,519) amount=2 seq=49 placement=above ring=0 hardPx2=0 softPx2=0
2026.10.06-02.18.49 TAG fighter=f-0-hero bbox=(1072,598,1174,620) mode=compact look=P1 placement=above ring=0 hardPx2=0 softPx2=0 order=5 bound=1
2026.10.06-02.18.49 TAG fighter=f-0-sk0 bbox=(509,496,593,518) mode=compact look=P1 placement=above ring=0 hardPx2=0 softPx2=0 order=3 bound=1
2026.10.06-02.18.49 TAG fighter=f-0-sk1 bbox=(396,458,480,480) mode=compact look=P1 placement=above ring=0 hardPx2=0 softPx2=0 order=2 bound=1
2026.10.06-02.18.49 TAG fighter=f-0-sk2 bbox=(308,584,392,606) mode=compact look=P1 placement=left ring=0 hardPx2=0 softPx2=0 order=4 bound=1
2026.10.06-02.18.49 TAG fighter=f-1-hero bbox=(1085,521,1178,543) mode=compact look=P2 placement=left ring=0 hardPx2=0 softPx2=0 order=0 bound=1
2026.10.06-02.18.49 TAG fighter=f-1-sk0 bbox=(1201,427,1285,449) mode=compact look=P2 placement=above ring=0 hardPx2=0 softPx2=0 order=1 bound=1
2026.10.06-02.18.49 DAMAGE fighter=f-1-hero bbox=(1112,491,1152,519) amount=2 seq=49 placement=above ring=0 hardPx2=0 softPx2=0
2026.10.06-02.18.49 TAG fighter=f-0-hero bbox=(1072,598,1174,620) mode=compact look=P1 placement=above ring=0 hardPx2=0 softPx2=0 order=5 bound=1
2026.10.06-02.18.49 TAG fighter=f-0-sk0 bbox=(509,496,593,518) mode=compact look=P1 placement=above ring=0 hardPx2=0 softPx2=0 order=2 bound=1
2026.10.06-02.18.49 TAG fighter=f-0-sk1 bbox=(396,458,480,480) mode=compact look=P1 placement=above ring=0 hardPx2=0 softPx2=0 order=1 bound=1
2026.10.06-02.18.49 TAG fighter=f-0-sk2 bbox=(308,584,392,606) mode=compact look=P1 placement=left ring=0 hardPx2=0 softPx2=0 order=4 bound=1
2026.10.06-02.18.49 TAG fighter=f-1-hero bbox=(1285,522,1378,544) mode=compact look=P2 placement=right ring=0 hardPx2=0 softPx2=0 order=3 bound=1
2026.10.06-02.18.49 TAG fighter=f-1-sk0 bbox=(1201,427,1285,449) mode=compact look=P2 placement=above ring=0 hardPx2=0 softPx2=0 order=0 bound=1
2026.10.06-02.18.49 TAG fighter=f-0-hero bbox=(1072,598,1174,620) mode=compact look=P1 placement=above ring=0 hardPx2=0 softPx2=0 order=5 bound=1
2026.10.06-02.18.49 TAG fighter=f-0-sk0 bbox=(509,496,593,518) mode=compact look=P1 placement=above ring=0 hardPx2=0 softPx2=0 order=2 bound=1
2026.10.06-02.18.49 TAG fighter=f-0-sk1 bbox=(396,458,480,480) mode=compact look=P1 placement=above ring=0 hardPx2=0 softPx2=0 order=1 bound=1
2026.10.06-02.18.49 TAG fighter=f-0-sk2 bbox=(308,584,392,606) mode=compact look=P1 placement=left ring=0 hardPx2=0 softPx2=0 order=4 bound=1
2026.10.06-02.18.49 TAG fighter=f-1-hero bbox=(1302,522,1395,544) mode=compact look=P2 placement=right ring=0 hardPx2=0 softPx2=0 order=3 bound=1
2026.10.06-02.18.49 TAG fighter=f-1-sk0 bbox=(1201,427,1285,449) mode=compact look=P2 placement=above ring=0 hardPx2=0 softPx2=0 order=0 bound=1
2026.10.06-02.18.49 TAG fighter=f-0-hero bbox=(1072,598,1174,620) mode=compact look=P1 placement=above ring=0 hardPx2=0 softPx2=0 order=5 bound=1
2026.10.06-02.18.49 TAG fighter=f-0-sk0 bbox=(509,496,593,518) mode=compact look=P1 placement=above ring=0 hardPx2=0 softPx2=0 order=2 bound=1
2026.10.06-02.18.49 TAG fighter=f-0-sk1 bbox=(396,458,480,480) mode=compact look=P1 placement=above ring=0 hardPx2=0 softPx2=0 order=1 bound=1
2026.10.06-02.18.49 TAG fighter=f-0-sk2 bbox=(308,584,392,606) mode=compact look=P1 placement=left ring=0 hardPx2=0 softPx2=0 order=4 bound=1
2026.10.06-02.18.49 TAG fighter=f-1-hero bbox=(1319,523,1412,545) mode=compact look=P2 placement=right ring=0 hardPx2=0 softPx2=0 order=3 bound=1
2026.10.06-02.18.49 TAG fighter=f-1-sk0 bbox=(1201,427,1285,449) mode=compact look=P2 placement=above ring=0 hardPx2=0 softPx2=0 order=0 bound=1
2026.10.06-02.18.49 TAG fighter=f-0-hero bbox=(1072,598,1174,620) mode=compact look=P1 placement=above ring=0 hardPx2=0 softPx2=0 order=5 bound=1
2026.10.06-02.18.49 TAG fighter=f-0-sk0 bbox=(509,496,593,518) mode=compact look=P1 placement=above ring=0 hardPx2=0 softPx2=0 order=2 bound=1
2026.10.06-02.18.49 TAG fighter=f-0-sk1 bbox=(396,458,480,480) mode=compact look=P1 placement=above ring=0 hardPx2=0 softPx2=0 order=1 bound=1
2026.10.06-02.18.49 TAG fighter=f-0-sk2 bbox=(308,584,392,606) mode=compact look=P1 placement=left ring=0 hardPx2=0 softPx2=0 order=4 bound=1
2026.10.06-02.18.49 TAG fighter=f-1-hero bbox=(1336,523,1429,545) mode=compact look=P2 placement=right ring=0 hardPx2=0 softPx2=0 order=3 bound=1
2026.10.06-02.18.49 TAG fighter=f-1-sk0 bbox=(1201,427,1285,449) mode=compact look=P2 placement=above ring=0 hardPx2=0 softPx2=0 order=0 bound=1
2026.10.06-02.18.49 TAG fighter=f-0-hero bbox=(1072,598,1174,620) mode=compact look=P1 placement=above ring=0 hardPx2=0 softPx2=0 order=5 bound=1
2026.10.06-02.18.49 TAG fighter=f-0-sk0 bbox=(509,496,593,518) mode=compact look=P1 placement=above ring=0 hardPx2=0 softPx2=0 order=2 bound=1
2026.10.06-02.18.49 TAG fighter=f-0-sk1 bbox=(396,458,480,480) mode=compact look=P1 placement=above ring=0 hardPx2=0 softPx2=0 order=1 bound=1
2026.10.06-02.18.49 TAG fighter=f-0-sk2 bbox=(308,584,392,606) mode=compact look=P1 placement=left ring=0 hardPx2=0 softPx2=0 order=4 bound=1
2026.10.06-02.18.49 TAG fighter=f-1-hero bbox=(1353,524,1446,546) mode=compact look=P2 placement=right ring=0 hardPx2=0 softPx2=0 order=3 bound=1
2026.10.06-02.18.49 TAG fighter=f-1-sk0 bbox=(1201,427,1285,449) mode=compact look=P2 placement=above ring=0 hardPx2=0 softPx2=0 order=0 bound=1
2026.10.06-02.18.49 TAG fighter=f-0-hero bbox=(1072,598,1174,620) mode=compact look=P1 placement=above ring=0 hardPx2=0 softPx2=0 order=5 bound=1
2026.10.06-02.18.49 TAG fighter=f-0-sk0 bbox=(509,496,593,518) mode=compact look=P1 placement=above ring=0 hardPx2=0 softPx2=0 order=2 bound=1
2026.10.06-02.18.49 TAG fighter=f-0-sk1 bbox=(396,458,480,480) mode=compact look=P1 placement=above ring=0 hardPx2=0 softPx2=0 order=1 bound=1
2026.10.06-02.18.49 TAG fighter=f-0-sk2 bbox=(308,584,392,606) mode=compact look=P1 placement=left ring=0 hardPx2=0 softPx2=0 order=4 bound=1
2026.10.06-02.18.49 TAG fighter=f-1-hero bbox=(1360,524,1453,546) mode=compact look=P2 placement=right ring=0 hardPx2=0 softPx2=0 order=3 bound=1
2026.10.06-02.18.49 TAG fighter=f-1-sk0 bbox=(1201,427,1285,449) mode=compact look=P2 placement=above ring=0 hardPx2=0 softPx2=0 order=0 bound=1
2026.10.06-02.18.49 MS-LAST show seq=54 mode=anim player=cmuhntiwu0001wib0z281rpa8 from=6,3 to=7,3
2026.10.06-02.18.49 MS-LOG seq=54 moves=1 truncated=0 text="King Arthur: maneuver: King Arthur S25→S26"
2026.10.06-02.18.50 S09AUTO drive mode=0 plan=[attack+scheme] phase=ACTION_MANEUVER turn=cmuhntiwu0001wib0z281rpa8
2026.10.06-02.18.50 SNAPSHOT applied seq=55 phase=ACTION_MANEUVER
2026.10.06-02.18.50 HANDLE_APPLIED #77 seq=55 decision=2 fightersValid=1 boardValid=1
2026.10.06-02.18.50 MODE seq=55 mode=0 combat=0 pending=0
2026.10.06-02.18.50 MS-OPP verb=maneuver seq=55
2026.10.06-02.18.50 MS-TRACK own=0/2 opp=2/2 oppVisible=1 seq=55
2026.10.06-02.18.50 MS-OPP planning=1 seq=55
2026.10.06-02.18.50 CUE sound id=CUE-005 point=cue subject=hand.opp seq=55 t=50447 event_t=50447 dt=0 class=SFX sound=SW_CRD_DRAW_03 gain=0.80 result=played
2026.10.06-02.18.50 HUD seq=55 phase=ACTION_MANEUVER turn=opp hand=2 oppHand=8(hidden) oppDeck=17~ deck=20~ discard=8
2026.10.06-02.18.50 MS-STATUS seq=55 text="King Arthur — Opponent is planning a maneuver"
2026.10.06-02.18.50 ARTPREVIEW fighter=Medusa hero=1 eligible=0 visual=1 mesh=SK_Medusa_H2LD
2026.10.06-02.18.50 FIGHTERS synced n=6 alive=6 own=4 enemy=2
2026.10.06-02.18.50 WS seq=55 phase=ACTION_MANEUVER (apply)
2026.10.06-02.18.50 HUD-TRACK own=0/2 server=0 local=0 opp=2/2 oppVisible=1 anim=-/spend seq=55 frame=1412
2026.10.06-02.18.50 SNAPSHOT applied seq=56 phase=TURN_END
2026.10.06-02.18.50 HANDLE_APPLIED #78 seq=56 decision=2 fightersValid=1 boardValid=1
2026.10.06-02.18.50 MODE seq=56 mode=0 combat=0 pending=0
2026.10.06-02.18.50 MS-OPP verb=card seq=56
2026.10.06-02.18.50 MS-OPP planning=0 seq=56
2026.10.06-02.18.50 MS-LAST fade seq=54 at=56 ms=300
2026.10.06-02.18.50 MS-LAST replace seq=54 by=56
2026.10.06-02.18.50 MS-LAST enter seq=56 player=cmuhntiwu0001wib0z281rpa8 source=MANEUVER moves=1 boost=-1
2026.10.06-02.18.50 HUD seq=56 phase=TURN_END turn=opp hand=2 oppHand=8(hidden) oppDeck=17~ deck=20~ discard=8 pendingDiscard=1
2026.10.06-02.18.50 MS-STATUS seq=56 text="King Arthur — Opponent is choosing a card"
2026.10.06-02.18.50 ARTPREVIEW fighter=Medusa hero=1 eligible=0 visual=1 mesh=SK_Medusa_H2LD
2026.10.06-02.18.50 FIGHTERS synced n=6 alive=6 own=4 enemy=2
2026.10.06-02.18.50 MS-CUE move seq=56 fighter=f-1-hero order=0 of=1 kind=move steps=1 source=trail start=0 ms=280 snapped=0 path=S26>S25 speed=normal reduced=0
2026.10.06-02.18.50 CUE sound id=CUE-007 point=step subject=f-1-hero seq=56 t=50547 event_t=50547 dt=0 class=SFX sound=SW_BRD_STEP_02 gain=0.80 result=played edge=1/1 due=50547
2026.10.06-02.18.50 MS-ANIM play seq=56 moves=1 animated=1 speed=normal reduced=0 end=430
2026.10.06-02.18.50 CUE move f-1-hero (7,3)->(6,3) seq=56
2026.10.06-02.18.50 WS seq=56 phase=TURN_END (apply)
2026.10.06-02.18.50 TAG fighter=f-0-hero bbox=(1072,598,1174,620) mode=compact look=P1 placement=above ring=0 hardPx2=0 softPx2=0 order=5 bound=1
2026.10.06-02.18.50 TAG fighter=f-0-sk0 bbox=(509,496,593,518) mode=compact look=P1 placement=above ring=0 hardPx2=0 softPx2=0 order=2 bound=1
2026.10.06-02.18.50 TAG fighter=f-0-sk1 bbox=(396,458,480,480) mode=compact look=P1 placement=above ring=0 hardPx2=0 softPx2=0 order=1 bound=1
2026.10.06-02.18.50 TAG fighter=f-0-sk2 bbox=(308,584,392,606) mode=compact look=P1 placement=left ring=0 hardPx2=0 softPx2=0 order=4 bound=1
2026.10.06-02.18.50 TAG fighter=f-1-hero bbox=(1343,524,1436,546) mode=compact look=P2 placement=right ring=0 hardPx2=0 softPx2=0 order=3 bound=1
2026.10.06-02.18.50 TAG fighter=f-1-sk0 bbox=(1201,427,1285,449) mode=compact look=P2 placement=above ring=0 hardPx2=0 softPx2=0 order=0 bound=1
2026.10.06-02.18.50 TAG fighter=f-0-hero bbox=(1072,598,1174,620) mode=compact look=P1 placement=above ring=0 hardPx2=0 softPx2=0 order=5 bound=1
2026.10.06-02.18.50 TAG fighter=f-0-sk0 bbox=(509,496,593,518) mode=compact look=P1 placement=above ring=0 hardPx2=0 softPx2=0 order=2 bound=1
2026.10.06-02.18.50 TAG fighter=f-0-sk1 bbox=(396,458,480,480) mode=compact look=P1 placement=above ring=0 hardPx2=0 softPx2=0 order=1 bound=1
2026.10.06-02.18.50 TAG fighter=f-0-sk2 bbox=(308,584,392,606) mode=compact look=P1 placement=left ring=0 hardPx2=0 softPx2=0 order=4 bound=1
2026.10.06-02.18.50 TAG fighter=f-1-hero bbox=(1326,523,1419,545) mode=compact look=P2 placement=right ring=0 hardPx2=0 softPx2=0 order=3 bound=1
2026.10.06-02.18.50 TAG fighter=f-1-sk0 bbox=(1201,427,1285,449) mode=compact look=P2 placement=above ring=0 hardPx2=0 softPx2=0 order=0 bound=1
2026.10.06-02.18.50 TAG fighter=f-0-hero bbox=(1072,598,1174,620) mode=compact look=P1 placement=above ring=0 hardPx2=0 softPx2=0 order=5 bound=1
2026.10.06-02.18.50 TAG fighter=f-0-sk0 bbox=(509,496,593,518) mode=compact look=P1 placement=above ring=0 hardPx2=0 softPx2=0 order=2 bound=1
2026.10.06-02.18.50 TAG fighter=f-0-sk1 bbox=(396,458,480,480) mode=compact look=P1 placement=above ring=0 hardPx2=0 softPx2=0 order=1 bound=1
2026.10.06-02.18.50 TAG fighter=f-0-sk2 bbox=(308,584,392,606) mode=compact look=P1 placement=left ring=0 hardPx2=0 softPx2=0 order=4 bound=1
2026.10.06-02.18.50 TAG fighter=f-1-hero bbox=(1308,522,1401,544) mode=compact look=P2 placement=right ring=0 hardPx2=0 softPx2=0 order=3 bound=1
2026.10.06-02.18.50 TAG fighter=f-1-sk0 bbox=(1201,427,1285,449) mode=compact look=P2 placement=above ring=0 hardPx2=0 softPx2=0 order=0 bound=1
2026.10.06-02.18.50 TAG fighter=f-0-hero bbox=(1072,598,1174,620) mode=compact look=P1 placement=above ring=0 hardPx2=0 softPx2=0 order=5 bound=1
2026.10.06-02.18.50 TAG fighter=f-0-sk0 bbox=(509,496,593,518) mode=compact look=P1 placement=above ring=0 hardPx2=0 softPx2=0 order=2 bound=1
2026.10.06-02.18.50 TAG fighter=f-0-sk1 bbox=(396,458,480,480) mode=compact look=P1 placement=above ring=0 hardPx2=0 softPx2=0 order=1 bound=1
2026.10.06-02.18.50 TAG fighter=f-0-sk2 bbox=(308,584,392,606) mode=compact look=P1 placement=left ring=0 hardPx2=0 softPx2=0 order=4 bound=1
2026.10.06-02.18.50 TAG fighter=f-1-hero bbox=(1291,522,1384,544) mode=compact look=P2 placement=right ring=0 hardPx2=0 softPx2=0 order=3 bound=1
2026.10.06-02.18.50 TAG fighter=f-1-sk0 bbox=(1201,427,1285,449) mode=compact look=P2 placement=above ring=0 hardPx2=0 softPx2=0 order=0 bound=1
2026.10.06-02.18.50 TAG fighter=f-0-hero bbox=(1072,598,1174,620) mode=compact look=P1 placement=above ring=0 hardPx2=0 softPx2=0 order=5 bound=1
2026.10.06-02.18.50 TAG fighter=f-0-sk0 bbox=(509,496,593,518) mode=compact look=P1 placement=above ring=0 hardPx2=0 softPx2=0 order=2 bound=1
2026.10.06-02.18.50 TAG fighter=f-0-sk1 bbox=(396,458,480,480) mode=compact look=P1 placement=above ring=0 hardPx2=0 softPx2=0 order=1 bound=1
2026.10.06-02.18.50 TAG fighter=f-0-sk2 bbox=(308,584,392,606) mode=compact look=P1 placement=left ring=0 hardPx2=0 softPx2=0 order=4 bound=1
2026.10.06-02.18.50 TAG fighter=f-1-hero bbox=(1092,521,1185,543) mode=compact look=P2 placement=left ring=0 hardPx2=0 softPx2=0 order=3 bound=1
2026.10.06-02.18.50 TAG fighter=f-1-sk0 bbox=(1201,427,1285,449) mode=compact look=P2 placement=above ring=0 hardPx2=0 softPx2=0 order=0 bound=1
2026.10.06-02.18.50 TAG fighter=f-0-hero bbox=(977,622,1079,644) mode=compact look=P1 placement=left ring=0 hardPx2=0 softPx2=0 order=5 bound=1
2026.10.06-02.18.50 TAG fighter=f-0-sk0 bbox=(509,496,593,518) mode=compact look=P1 placement=above ring=0 hardPx2=0 softPx2=0 order=2 bound=1
2026.10.06-02.18.50 TAG fighter=f-0-sk1 bbox=(396,458,480,480) mode=compact look=P1 placement=above ring=0 hardPx2=0 softPx2=0 order=1 bound=1
2026.10.06-02.18.50 TAG fighter=f-0-sk2 bbox=(308,584,392,606) mode=compact look=P1 placement=left ring=0 hardPx2=0 softPx2=0 order=4 bound=1
2026.10.06-02.18.50 TAG fighter=f-1-hero bbox=(1075,521,1168,543) mode=compact look=P2 placement=left ring=0 hardPx2=0 softPx2=0 order=3 bound=1
2026.10.06-02.18.50 TAG fighter=f-1-sk0 bbox=(1201,427,1285,449) mode=compact look=P2 placement=above ring=0 hardPx2=0 softPx2=0 order=0 bound=1
2026.10.06-02.18.50 TAG fighter=f-0-hero bbox=(977,622,1079,644) mode=compact look=P1 placement=left ring=0 hardPx2=0 softPx2=0 order=5 bound=1
2026.10.06-02.18.50 TAG fighter=f-0-sk0 bbox=(509,496,593,518) mode=compact look=P1 placement=above ring=0 hardPx2=0 softPx2=0 order=2 bound=1
2026.10.06-02.18.50 TAG fighter=f-0-sk1 bbox=(396,458,480,480) mode=compact look=P1 placement=above ring=0 hardPx2=0 softPx2=0 order=1 bound=1
2026.10.06-02.18.50 TAG fighter=f-0-sk2 bbox=(308,584,392,606) mode=compact look=P1 placement=left ring=0 hardPx2=0 softPx2=0 order=4 bound=1
2026.10.06-02.18.50 TAG fighter=f-1-hero bbox=(1059,520,1152,542) mode=compact look=P2 placement=left ring=0 hardPx2=0 softPx2=0 order=3 bound=1
2026.10.06-02.18.50 TAG fighter=f-1-sk0 bbox=(1201,427,1285,449) mode=compact look=P2 placement=above ring=0 hardPx2=0 softPx2=0 order=0 bound=1
2026.10.06-02.18.50 TAG fighter=f-0-hero bbox=(977,622,1079,644) mode=compact look=P1 placement=left ring=0 hardPx2=0 softPx2=0 order=5 bound=1
2026.10.06-02.18.50 TAG fighter=f-0-sk0 bbox=(509,496,593,518) mode=compact look=P1 placement=above ring=0 hardPx2=0 softPx2=0 order=3 bound=1
2026.10.06-02.18.50 TAG fighter=f-0-sk1 bbox=(396,458,480,480) mode=compact look=P1 placement=above ring=0 hardPx2=0 softPx2=0 order=1 bound=1
2026.10.06-02.18.50 TAG fighter=f-0-sk2 bbox=(308,584,392,606) mode=compact look=P1 placement=left ring=0 hardPx2=0 softPx2=0 order=4 bound=1
2026.10.06-02.18.50 TAG fighter=f-1-hero bbox=(1042,520,1135,542) mode=compact look=P2 placement=left ring=0 hardPx2=0 softPx2=0 order=2 bound=1
2026.10.06-02.18.50 TAG fighter=f-1-sk0 bbox=(1201,427,1285,449) mode=compact look=P2 placement=above ring=0 hardPx2=0 softPx2=0 order=0 bound=1
2026.10.06-02.18.50 TAG fighter=f-0-hero bbox=(977,622,1079,644) mode=compact look=P1 placement=left ring=0 hardPx2=0 softPx2=0 order=5 bound=1
2026.10.06-02.18.50 TAG fighter=f-0-sk0 bbox=(509,496,593,518) mode=compact look=P1 placement=above ring=0 hardPx2=0 softPx2=0 order=3 bound=1
2026.10.06-02.18.50 TAG fighter=f-0-sk1 bbox=(396,458,480,480) mode=compact look=P1 placement=above ring=0 hardPx2=0 softPx2=0 order=1 bound=1
2026.10.06-02.18.50 TAG fighter=f-0-sk2 bbox=(308,584,392,606) mode=compact look=P1 placement=left ring=0 hardPx2=0 softPx2=0 order=4 bound=1
2026.10.06-02.18.50 TAG fighter=f-1-hero bbox=(1036,519,1129,541) mode=compact look=P2 placement=left ring=0 hardPx2=0 softPx2=0 order=2 bound=1
2026.10.06-02.18.50 TAG fighter=f-1-sk0 bbox=(1201,427,1285,449) mode=compact look=P2 placement=above ring=0 hardPx2=0 softPx2=0 order=0 bound=1
2026.10.06-02.18.50 MS-LAST show seq=56 mode=anim player=cmuhntiwu0001wib0z281rpa8 from=7,3 to=6,3
2026.10.06-02.18.50 MS-LOG seq=56 moves=1 truncated=0 text="King Arthur: maneuver: King Arthur S26→S25"
2026.10.06-02.18.51 game -> room=cmuw1u4nq0561t84m7cuv93yr code=<redacted> status=IN_PROGRESS
2026.10.06-02.18.51 SNAPSHOT applied seq=57 phase=ACTION_MANEUVER
2026.10.06-02.18.51 HANDLE_APPLIED #79 seq=57 decision=2 fightersValid=1 boardValid=1
2026.10.06-02.18.51 closed mode=
2026.10.06-02.18.51 TURN-INPUT open seq=57 frame=1451 gate=none
2026.10.06-02.18.51 MODE seq=57 mode=6 combat=0 pending=1
2026.10.06-02.18.51 ARTPREVIEW selection ring shown fighter=King Arthur mesh=SM_Marker_SelectionRing
2026.10.06-02.18.51 ARTPREVIEW hero-light fighter=f-1-hero state=active layers=2 lightsOn=2 keyCd=24.564 rimCd=2.087 mul=1.146 pulse=0.40Hz+-4%
2026.10.06-02.18.51 ARTPREVIEW reachable rings cells=0 placed=1 radiusUU=36 segments=48 style=readability color=#FFC857 stroke=#14110C widthUU=3.50 strokeUU=1.50
2026.10.06-02.18.51 MS-PENDING present=toast id=ability-medusa-target-p0 opens=4 collapsed=0 type=TARGET_FIGHTER remembered=fighter=f-1-hero applied=fighter=f-1-hero
2026.10.06-02.18.51 MS-OPP verb=none seq=57
2026.10.06-02.18.51 MS-TRACK own=0/2 opp=0/2 oppVisible=0 seq=57
2026.10.06-02.18.51 MS-LAST fade seq=56 at=57 ms=300
2026.10.06-02.18.51 CUE sound id=CUE-015 point=turn subject=- seq=57 t=51780 event_t=51780 dt=0 class=UI sound=SW_UI_TURN_CHIME_01 gain=0.80 result=played turn=own
2026.10.06-02.18.51 VO event=TURN-START speaker=MEDUSA t=51780 result=played line=MEDUSA-TURN-START-01 prio=4
2026.10.06-02.18.51 VO subtitle line=MEDUSA-TURN-START-01 until=53313
2026.10.06-02.18.51 HUD-TURN seq=57 turn=own initial=0 ring=marker-turn-ring flash=1000 banner=600 reduced=0
2026.10.06-02.18.51 HUD-SLOT show seq=57 ribbon=discarded owner=opp card="Swift Strike" count=1 fly=200 hold=0 min=1000 reduced=0
2026.10.06-02.18.51 SFX bank=CRD-DISCARD tag=discard class=SFX t=51780 sound=SW_CRD_DISCARD_02 gain=0.80
2026.10.06-02.18.51 HUD seq=57 phase=ACTION_MANEUVER turn=you hand=2 oppHand=7(hidden) oppDeck=17~ deck=20~ discard=8
2026.10.06-02.18.51 MS-STATUS seq=57 text="Choose a target (up to 1)"
2026.10.06-02.18.51 ARTPREVIEW fighter=Medusa hero=1 eligible=0 visual=1 mesh=SK_Medusa_H2LD
2026.10.06-02.18.51 ARTPREVIEW selection ring shown fighter=King Arthur mesh=SM_Marker_SelectionRing
2026.10.06-02.18.51 FIGHTERS synced n=6 alive=6 own=4 enemy=2
2026.10.06-02.18.51 ARTPREVIEW selection ring shown fighter=King Arthur mesh=SM_Marker_SelectionRing
2026.10.06-02.18.51 ARTPREVIEW reachable rings cells=0 placed=1 radiusUU=36 segments=48 style=readability color=#FFC857 stroke=#14110C widthUU=3.50 strokeUU=1.50
2026.10.06-02.18.51 WS seq=57 phase=ACTION_MANEUVER (apply)
2026.10.06-02.18.51 SFX bank=FX-GAZE-REQUEST tag=gaze class=SFX t=51813 sound=SW_FX_GAZE_REQUEST_01 gain=0.80
2026.10.06-02.18.51 SFX bank=FX-GAZE-REQUEST-VOICE tag=voice class=VO t=51813 sound=SW_FX_GAZE_REQUEST_VOICE gain=0.80
2026.10.06-02.18.51 HUD-TRACK own=0/2 server=0 local=0 opp=0/2 oppVisible=0 anim=reset/reset seq=57 frame=1452
2026.10.06-02.18.51 HUD-HAND lower=1 pick=target cursor=board preview=hidden seq=57
2026.10.06-02.18.51 S09AUTO drive mode=6 plan=[attack+scheme] phase=ACTION_MANEUVER turn=cmuhntivg0000wib0anhqyswc
2026.10.06-02.18.51 S09AUTO own turn #5 (turnCount=11)
2026.10.06-02.18.51 PEND-RESOLVE sent type=TARGET_FIGHTER stage=0 id=ability-medusa-target-p0
2026.10.06-02.18.51 CUE sound id=CUE-014 point=cue subject=f-1-hero seq=57 t=51813 event_t=51813 dt=0 class=SFX sound=SW_FX_GAZE_BEAM_02 gain=0.80 result=played bank=FX-GAZE-BEAM
2026.10.06-02.18.51 MS-STATUS seq=57 text="Syncing…"
2026.10.06-02.18.51 S09AUTO pending picked (type=TARGET_FIGHTER stage=0)
2026.10.06-02.18.51 TOAST text="choice sent"
2026.10.06-02.18.51 HUD plate content fighter=f-1-hero name=King Arthur hp=9/18 team=enemy statuses=HERO  |  MELEE teamSlot=P2 look=P2 shape=hexagon chip=#5786A8
2026.10.06-02.18.51 PLATE fighter=f-1-hero bbox=(1025,459,1197,513) overlapReachable=0 placement=above ring=0 gap=6 selection=f-1-hero destinations=0 clean=1 softPx2=0 tested=112 bound=1
2026.10.06-02.18.51 TAG fighter=f-0-hero bbox=(977,622,1079,644) mode=compact look=P1 placement=left ring=0 hardPx2=0 softPx2=0 order=4 bound=1
2026.10.06-02.18.51 TAG fighter=f-0-sk0 bbox=(509,496,593,518) mode=compact look=P1 placement=above ring=0 hardPx2=0 softPx2=0 order=2 bound=1
2026.10.06-02.18.51 TAG fighter=f-0-sk1 bbox=(396,458,480,480) mode=compact look=P1 placement=above ring=0 hardPx2=0 softPx2=0 order=1 bound=1
2026.10.06-02.18.51 TAG fighter=f-0-sk2 bbox=(308,584,392,606) mode=compact look=P1 placement=left ring=0 hardPx2=0 softPx2=0 order=3 bound=1
2026.10.06-02.18.51 TAG fighter=f-1-sk0 bbox=(1201,427,1285,449) mode=compact look=P2 placement=above ring=0 hardPx2=0 softPx2=0 order=0 bound=1
2026.10.06-02.18.51 TAG fighter=f-0-hero bbox=(977,622,1079,644) mode=compact look=P1 placement=left ring=0 hardPx2=0 softPx2=0 order=4 bound=1
2026.10.06-02.18.51 TAG fighter=f-0-sk0 bbox=(509,496,593,518) mode=compact look=P1 placement=above ring=0 hardPx2=0 softPx2=0 order=2 bound=1
2026.10.06-02.18.51 TAG fighter=f-0-sk1 bbox=(396,458,480,480) mode=compact look=P1 placement=above ring=0 hardPx2=0 softPx2=0 order=1 bound=1
2026.10.06-02.18.51 TAG fighter=f-0-sk2 bbox=(308,584,392,606) mode=compact look=P1 placement=left ring=0 hardPx2=0 softPx2=0 order=3 bound=1
2026.10.06-02.18.51 TAG fighter=f-1-sk0 bbox=(1201,427,1285,449) mode=compact look=P2 placement=above ring=0 hardPx2=0 softPx2=0 order=0 bound=1
2026.10.06-02.18.51 TAG fighter=f-0-hero bbox=(977,622,1079,644) mode=compact look=P1 placement=left ring=0 hardPx2=0 softPx2=0 order=4 bound=1
2026.10.06-02.18.51 TAG fighter=f-0-sk0 bbox=(509,496,593,518) mode=compact look=P1 placement=above ring=0 hardPx2=0 softPx2=0 order=2 bound=1
2026.10.06-02.18.51 TAG fighter=f-0-sk1 bbox=(396,458,480,480) mode=compact look=P1 placement=above ring=0 hardPx2=0 softPx2=0 order=1 bound=1
2026.10.06-02.18.51 TAG fighter=f-0-sk2 bbox=(308,584,392,606) mode=compact look=P1 placement=left ring=0 hardPx2=0 softPx2=0 order=3 bound=1
2026.10.06-02.18.51 TAG fighter=f-1-sk0 bbox=(1201,427,1285,449) mode=compact look=P2 placement=above ring=0 hardPx2=0 softPx2=0 order=0 bound=1
2026.10.06-02.18.51 SNAPSHOT applied seq=58 phase=ACTION_MANEUVER
2026.10.06-02.18.51 HANDLE_APPLIED #80 seq=58 decision=2 fightersValid=1 boardValid=1
2026.10.06-02.18.51 closed mode=
2026.10.06-02.18.51 MODE seq=58 mode=0 combat=0 pending=0
2026.10.06-02.18.51 HUD seq=58 phase=ACTION_MANEUVER turn=you hand=2 oppHand=7(hidden) oppDeck=17~ deck=20~ discard=8
2026.10.06-02.18.51 ARTPREVIEW fighter=Medusa hero=1 eligible=0 visual=1 mesh=SK_Medusa_H2LD
2026.10.06-02.18.51 ARTPREVIEW selection ring shown fighter=King Arthur mesh=SM_Marker_SelectionRing
2026.10.06-02.18.51 FIGHTERS synced n=6 alive=6 own=4 enemy=2
2026.10.06-02.18.51 ARTPREVIEW hero-light fighter=f-1-hero state=idle layers=2 lightsOn=2 keyCd=21.443 rimCd=1.822 mul=1.000 pulse=none
2026.10.06-02.18.51 ARTPREVIEW damage-number fighter=f-1-hero amount=1 seq=58 cell=(6,3)
2026.10.06-02.18.51 ARTPREVIEW anim fighter=f-1-hero clip=HitReact len=0.417 event=damaged loop=0 phase=0.0000 seq=58 asset=AM_KingArthur_HitReact rate=1.00
2026.10.06-02.18.51 ARTPREVIEW hit-tint fighter=f-1-hero ms=450
2026.10.06-02.18.51 VO event=HURT speaker=ARTHUR t=51880 result=skipped line=- prio=3 reason=gap
2026.10.06-02.18.51 CUE damage f-1-hero -1 seq=58
2026.10.06-02.18.51 WS seq=58 phase=ACTION_MANEUVER (apply)
2026.10.06-02.18.51 CUE sound id=CUE-011 point=hit subject=f-1-hero seq=58 t=51880 event_t=51880 dt=0 class=SFX sound=SW_CMB_HIT_MAGIC_03 gain=0.80 result=played bank=CMB-HIT-MAGIC
2026.10.06-02.18.51 HUD-HEART side=opp hero=f-1-hero hp=8/18 anim=damage glow=1 played=1
2026.10.06-02.18.51 HUD-HAND lower=0 pick=none cursor=board preview=shown seq=58
2026.10.06-02.18.51 PLATE hidden fighter=f-1-hero
2026.10.06-02.18.51 TAG fighter=f-0-hero bbox=(977,622,1079,644) mode=compact look=P1 placement=left ring=0 hardPx2=0 softPx2=0 order=5 bound=1
2026.10.06-02.18.51 TAG fighter=f-0-sk0 bbox=(509,496,593,518) mode=compact look=P1 placement=above ring=0 hardPx2=0 softPx2=0 order=3 bound=1
2026.10.06-02.18.51 TAG fighter=f-0-sk1 bbox=(396,458,480,480) mode=compact look=P1 placement=above ring=0 hardPx2=0 softPx2=0 order=2 bound=1
2026.10.06-02.18.51 TAG fighter=f-0-sk2 bbox=(308,584,392,606) mode=compact look=P1 placement=left ring=0 hardPx2=0 softPx2=0 order=4 bound=1
2026.10.06-02.18.51 TAG fighter=f-1-hero bbox=(1036,519,1129,541) mode=compact look=P2 placement=left ring=0 hardPx2=0 softPx2=0 order=0 bound=1
2026.10.06-02.18.51 TAG fighter=f-1-sk0 bbox=(1201,427,1285,449) mode=compact look=P2 placement=above ring=0 hardPx2=0 softPx2=0 order=1 bound=1
2026.10.06-02.18.51 DAMAGE fighter=f-1-hero bbox=(1063,489,1103,517) amount=1 seq=58 placement=above ring=0 hardPx2=0 softPx2=0
2026.10.06-02.18.51 SNAPSHOT applied seq=58 phase=ACTION_MANEUVER
2026.10.06-02.18.51 HANDLE_APPLIED #81 seq=58 decision=1 fightersValid=1 boardValid=1
2026.10.06-02.18.51 MODE seq=58 mode=0 combat=0 pending=0
2026.10.06-02.18.51 HUD seq=58 phase=ACTION_MANEUVER turn=you hand=2 oppHand=7(hidden) oppDeck=15 deck=20 discard=8
2026.10.06-02.18.51 MS-STATUS seq=58 text="Choose an action: maneuver (M), attack (A) or scheme (G)"
2026.10.06-02.18.51 ARTPREVIEW fighter=Medusa hero=1 eligible=0 visual=1 mesh=SK_Medusa_H2LD
2026.10.06-02.18.51 FIGHTERS synced n=6 alive=6 own=4 enemy=2
2026.10.06-02.18.51 PEND resolve done seq=58 (merge) phase=ACTION_MANEUVER
2026.10.06-02.18.51 S09AUTO drive mode=0 plan=[attack+scheme] phase=ACTION_MANEUVER turn=cmuhntivg0000wib0anhqyswc
2026.10.06-02.18.51 S09AUTO attack (attacker=f-0-hero target-set card-set)
2026.10.06-02.18.51 ATTACK sent ability=none
2026.10.06-02.18.51 HUD-TRACK chosen=attack seq=58 spent=0
2026.10.06-02.18.51 ARTPREVIEW hero-light fighter=f-0-hero state=active layers=2 lightsOn=2 keyCd=21.330 rimCd=1.812 mul=1.186 pulse=0.40Hz+-4%
2026.10.06-02.18.51 ARTPREVIEW combat marker fighter=Medusa attacker=1 target=0 icon=0 targetMesh=SM_Marker_TargetRing iconMode=screen targetArcScaleXY=0.920
2026.10.06-02.18.51 ARTPREVIEW combat marker fighter=King Arthur attacker=0 target=1 icon=1 targetMesh=SM_Marker_TargetRing iconMode=screen targetArcScaleXY=0.920
2026.10.06-02.18.51 MS-STATUS seq=58 text="Syncing…"
2026.10.06-02.18.51 TOAST text="attack sent"
2026.10.06-02.18.51 TAG fighter=f-0-hero bbox=(977,622,1079,644) mode=compact look=P1 placement=left ring=0 hardPx2=0 softPx2=0 order=5 bound=1
2026.10.06-02.18.51 TAG fighter=f-0-sk0 bbox=(509,496,593,518) mode=compact look=P1 placement=above ring=0 hardPx2=0 softPx2=0 order=3 bound=1
2026.10.06-02.18.51 TAG fighter=f-0-sk1 bbox=(396,458,480,480) mode=compact look=P1 placement=above ring=0 hardPx2=0 softPx2=0 order=2 bound=1
2026.10.06-02.18.51 TAG fighter=f-0-sk2 bbox=(308,584,392,606) mode=compact look=P1 placement=left ring=0 hardPx2=0 softPx2=0 order=4 bound=1
2026.10.06-02.18.51 TAG fighter=f-1-hero bbox=(1036,519,1129,541) mode=compact look=P2 placement=left ring=0 hardPx2=0 softPx2=0 order=0 bound=1
2026.10.06-02.18.51 TAG fighter=f-1-sk0 bbox=(1201,427,1285,449) mode=compact look=P2 placement=above ring=0 hardPx2=0 softPx2=0 order=1 bound=1
2026.10.06-02.18.51 ICON fighter=f-1-hero bbox=(1217,541,1249,573) size=32 src=combat anchor=right fallback=0 overlapPx2=0 texture=/Game/S08/UI/IconsV3/T_IV3_action_attack_token_32.T_IV3_action_attack_token_32
2026.10.06-02.18.51 HUD-TRACK own=1/2 server=0 local=1 opp=0/2 oppVisible=0 anim=spend/- seq=58 frame=1457
2026.10.06-02.18.51 TAG fighter=f-0-hero bbox=(977,622,1079,644) mode=compact look=P1 placement=left ring=0 hardPx2=0 softPx2=0 order=5 bound=1
2026.10.06-02.18.51 TAG fighter=f-0-sk0 bbox=(509,496,593,518) mode=compact look=P1 placement=above ring=0 hardPx2=0 softPx2=0 order=3 bound=1
2026.10.06-02.18.51 TAG fighter=f-0-sk1 bbox=(396,458,480,480) mode=compact look=P1 placement=above ring=0 hardPx2=0 softPx2=0 order=2 bound=1
2026.10.06-02.18.51 TAG fighter=f-0-sk2 bbox=(308,584,392,606) mode=compact look=P1 placement=left ring=0 hardPx2=0 softPx2=0 order=4 bound=1
2026.10.06-02.18.51 TAG fighter=f-1-hero bbox=(1036,519,1129,541) mode=compact look=P2 placement=left ring=0 hardPx2=0 softPx2=0 order=0 bound=1
2026.10.06-02.18.51 TAG fighter=f-1-sk0 bbox=(1201,427,1285,449) mode=compact look=P2 placement=above ring=0 hardPx2=0 softPx2=0 order=1 bound=1
2026.10.06-02.18.51 ICON fighter=f-1-hero bbox=(1217,541,1249,573) size=32 src=combat anchor=right fallback=0 overlapPx2=0 texture=/Game/S08/UI/IconsV3/T_IV3_action_attack_token_32.T_IV3_action_attack_token_32
2026.10.06-02.18.51 TAG fighter=f-0-hero bbox=(977,622,1079,644) mode=compact look=P1 placement=left ring=0 hardPx2=0 softPx2=0 order=5 bound=1
2026.10.06-02.18.51 TAG fighter=f-0-sk0 bbox=(509,496,593,518) mode=compact look=P1 placement=above ring=0 hardPx2=0 softPx2=0 order=3 bound=1
2026.10.06-02.18.51 TAG fighter=f-0-sk1 bbox=(396,458,480,480) mode=compact look=P1 placement=above ring=0 hardPx2=0 softPx2=0 order=2 bound=1
2026.10.06-02.18.51 TAG fighter=f-0-sk2 bbox=(308,584,392,606) mode=compact look=P1 placement=left ring=0 hardPx2=0 softPx2=0 order=4 bound=1
2026.10.06-02.18.51 TAG fighter=f-1-hero bbox=(1036,519,1129,541) mode=compact look=P2 placement=left ring=0 hardPx2=0 softPx2=0 order=0 bound=1
2026.10.06-02.18.51 TAG fighter=f-1-sk0 bbox=(1201,427,1285,449) mode=compact look=P2 placement=above ring=0 hardPx2=0 softPx2=0 order=1 bound=1
2026.10.06-02.18.51 ICON fighter=f-1-hero bbox=(1217,541,1249,573) size=32 src=combat anchor=right fallback=0 overlapPx2=0 texture=/Game/S08/UI/IconsV3/T_IV3_action_attack_token_32.T_IV3_action_attack_token_32
2026.10.06-02.18.51 SNAPSHOT applied seq=59 phase=COMBAT
2026.10.06-02.18.51 HANDLE_APPLIED #82 seq=59 decision=2 fightersValid=1 boardValid=1
2026.10.06-02.18.51 CUE sound id=CUE-008 point=cue subject=f-0-hero seq=59 t=52013 event_t=52013 dt=0 class=SFX sound=SW_CMB_ATTACK_DECLARE_01 gain=0.80 result=played
2026.10.06-02.18.51 VO event=ATTACK speaker=MEDUSA t=52013 result=skipped line=- prio=3 reason=cooldown
2026.10.06-02.18.51 CUE fx id=CUE-008 subject=f-0-hero seq=59 t=52013 vfx=missing sfx=missing clip=none mat=none socket=Weapon reduced=0 result=fallback
2026.10.06-02.18.51 closed mode=
2026.10.06-02.18.51 MODE seq=59 mode=0 combat=1 pending=0
2026.10.06-02.18.51 MS-OPP verb=defend seq=59
2026.10.06-02.18.51 MS-TRACK own=1/2 opp=0/2 oppVisible=0 seq=59
2026.10.06-02.18.51 HUD seq=59 phase=COMBAT turn=you hand=1 oppHand=7(hidden) oppDeck=15~ deck=20~ discard=9
2026.10.06-02.18.51 ARTPREVIEW fighter=Medusa hero=1 eligible=0 visual=1 mesh=SK_Medusa_H2LD
2026.10.06-02.18.51 FIGHTERS synced n=6 alive=6 own=4 enemy=2
2026.10.06-02.18.51 WS seq=59 phase=COMBAT (apply)
2026.10.06-02.18.51 HUD-TRACK own=1/2 server=1 local=0 opp=0/2 oppVisible=0 anim=-/- seq=59 frame=1459
2026.10.06-02.18.51 TAG fighter=f-0-hero bbox=(977,622,1079,644) mode=compact look=P1 placement=left ring=0 hardPx2=0 softPx2=0 order=5 bound=1
2026.10.06-02.18.51 TAG fighter=f-0-sk0 bbox=(509,496,593,518) mode=compact look=P1 placement=above ring=0 hardPx2=0 softPx2=0 order=3 bound=1
2026.10.06-02.18.51 TAG fighter=f-0-sk1 bbox=(396,458,480,480) mode=compact look=P1 placement=above ring=0 hardPx2=0 softPx2=0 order=2 bound=1
2026.10.06-02.18.51 TAG fighter=f-0-sk2 bbox=(308,584,392,606) mode=compact look=P1 placement=left ring=0 hardPx2=0 softPx2=0 order=4 bound=1
2026.10.06-02.18.51 TAG fighter=f-1-hero bbox=(1036,519,1129,541) mode=compact look=P2 placement=left ring=0 hardPx2=0 softPx2=0 order=0 bound=1
2026.10.06-02.18.51 TAG fighter=f-1-sk0 bbox=(1201,427,1285,449) mode=compact look=P2 placement=above ring=0 hardPx2=0 softPx2=0 order=1 bound=1
2026.10.06-02.18.51 ICON fighter=f-1-hero bbox=(1217,541,1249,573) size=32 src=combat anchor=right fallback=0 overlapPx2=0 texture=/Game/S08/UI/IconsV3/T_IV3_action_attack_token_32.T_IV3_action_attack_token_32
2026.10.06-02.18.51 SNAPSHOT applied seq=59 phase=COMBAT
2026.10.06-02.18.52 HANDLE_APPLIED #83 seq=59 decision=1 fightersValid=1 boardValid=1
2026.10.06-02.18.52 MODE seq=59 mode=0 combat=1 pending=0
2026.10.06-02.18.52 HUD seq=59 phase=COMBAT turn=you hand=1 oppHand=7(hidden) oppDeck=15 deck=20 discard=9
2026.10.06-02.18.52 MS-STATUS seq=59 text="Waiting for the defender"
2026.10.06-02.18.52 ARTPREVIEW fighter=Medusa hero=1 eligible=0 visual=1 mesh=SK_Medusa_H2LD
2026.10.06-02.18.52 FIGHTERS synced n=6 alive=6 own=4 enemy=2
2026.10.06-02.18.52 ATTACK done seq=59 (merge) phase=COMBAT
2026.10.06-02.18.52 MS-LAST off seq=56 fade=300
2026.10.06-02.18.52 TAG fighter=f-0-hero bbox=(977,622,1079,644) mode=compact look=P1 placement=left ring=0 hardPx2=0 softPx2=0 order=5 bound=1
2026.10.06-02.18.52 TAG fighter=f-0-sk0 bbox=(509,496,593,518) mode=compact look=P1 placement=above ring=0 hardPx2=0 softPx2=0 order=3 bound=1
2026.10.06-02.18.52 TAG fighter=f-0-sk1 bbox=(396,458,480,480) mode=compact look=P1 placement=above ring=0 hardPx2=0 softPx2=0 order=2 bound=1
2026.10.06-02.18.52 TAG fighter=f-0-sk2 bbox=(308,584,392,606) mode=compact look=P1 placement=left ring=0 hardPx2=0 softPx2=0 order=4 bound=1
2026.10.06-02.18.52 TAG fighter=f-1-hero bbox=(1036,519,1129,541) mode=compact look=P2 placement=left ring=0 hardPx2=0 softPx2=0 order=0 bound=1
2026.10.06-02.18.52 TAG fighter=f-1-sk0 bbox=(1201,427,1285,449) mode=compact look=P2 placement=above ring=0 hardPx2=0 softPx2=0 order=1 bound=1
2026.10.06-02.18.52 ICON fighter=f-1-hero bbox=(1217,541,1249,573) size=32 src=combat anchor=right fallback=0 overlapPx2=0 texture=/Game/S08/UI/IconsV3/T_IV3_action_attack_token_32.T_IV3_action_attack_token_32
2026.10.06-02.18.52 TAG fighter=f-0-hero bbox=(977,622,1079,644) mode=compact look=P1 placement=left ring=0 hardPx2=0 softPx2=0 order=5 bound=1
2026.10.06-02.18.52 TAG fighter=f-0-sk0 bbox=(509,496,593,518) mode=compact look=P1 placement=above ring=0 hardPx2=0 softPx2=0 order=3 bound=1
2026.10.06-02.18.52 TAG fighter=f-0-sk1 bbox=(396,458,480,480) mode=compact look=P1 placement=above ring=0 hardPx2=0 softPx2=0 order=2 bound=1
2026.10.06-02.18.52 TAG fighter=f-0-sk2 bbox=(308,584,392,606) mode=compact look=P1 placement=left ring=0 hardPx2=0 softPx2=0 order=4 bound=1
2026.10.06-02.18.52 TAG fighter=f-1-hero bbox=(1036,519,1129,541) mode=compact look=P2 placement=left ring=0 hardPx2=0 softPx2=0 order=0 bound=1
2026.10.06-02.18.52 TAG fighter=f-1-sk0 bbox=(1201,427,1285,449) mode=compact look=P2 placement=above ring=0 hardPx2=0 softPx2=0 order=1 bound=1
2026.10.06-02.18.52 ICON fighter=f-1-hero bbox=(1217,541,1249,573) size=32 src=combat anchor=right fallback=0 overlapPx2=0 texture=/Game/S08/UI/IconsV3/T_IV3_action_attack_token_32.T_IV3_action_attack_token_32
2026.10.06-02.18.52 ARTPREVIEW anim fighter=f-1-hero clip=Idle len=2.500 event=clipFinished loop=1 phase=0.3470 seq=-1 asset=AM_KingArthur_Idle rate=1.00
2026.10.06-02.18.52 CUE fx done id=CUE-008 subject=f-0-hero seq=59 t=52613 ms=600 cut=0
2026.10.06-02.18.52 TAG fighter=f-0-hero bbox=(977,622,1079,644) mode=compact look=P1 placement=left ring=0 hardPx2=0 softPx2=0 order=5 bound=1
2026.10.06-02.18.52 TAG fighter=f-0-sk0 bbox=(509,496,593,518) mode=compact look=P1 placement=above ring=0 hardPx2=0 softPx2=0 order=3 bound=1
2026.10.06-02.18.52 TAG fighter=f-0-sk1 bbox=(396,458,480,480) mode=compact look=P1 placement=above ring=0 hardPx2=0 softPx2=0 order=2 bound=1
2026.10.06-02.18.52 TAG fighter=f-0-sk2 bbox=(308,584,392,606) mode=compact look=P1 placement=left ring=0 hardPx2=0 softPx2=0 order=4 bound=1
2026.10.06-02.18.52 TAG fighter=f-1-hero bbox=(1036,519,1129,541) mode=compact look=P2 placement=left ring=0 hardPx2=0 softPx2=0 order=0 bound=1
2026.10.06-02.18.52 TAG fighter=f-1-sk0 bbox=(1201,427,1285,449) mode=compact look=P2 placement=above ring=0 hardPx2=0 softPx2=0 order=1 bound=1
2026.10.06-02.18.52 ICON fighter=f-1-hero bbox=(1217,541,1249,573) size=32 src=combat anchor=right fallback=0 overlapPx2=0 texture=/Game/S08/UI/IconsV3/T_IV3_action_attack_token_32.T_IV3_action_attack_token_32
2026.10.06-02.18.52 SNAPSHOT applied seq=60 phase=COMBAT_RESOLVE
2026.10.06-02.18.52 HANDLE_APPLIED #84 seq=60 decision=2 fightersValid=1 boardValid=1
2026.10.06-02.18.52 CUE sound id=CUE-009 point=cue subject=f-1-hero seq=60 t=53013 event_t=53013 dt=0 class=SFX sound=SW_CMB_DEFENSE_PLAYED_01 gain=0.80 result=played
2026.10.06-02.18.52 VO event=DEFEND speaker=ARTHUR t=53013 result=skipped line=- prio=4 reason=cooldown
2026.10.06-02.18.52 CUE fx id=CUE-009 subject=f-1-hero seq=60 t=53013 vfx=missing sfx=missing clip=none mat=FxFlash socket=Head reduced=0 result=fallback
2026.10.06-02.18.52 closed mode=
2026.10.06-02.18.52 MODE seq=60 mode=5 combat=1 pending=0
2026.10.06-02.18.52 HUD seq=60 phase=COMBAT_RESOLVE turn=you hand=1 oppHand=6(hidden) oppDeck=15~ deck=20~ discard=9
2026.10.06-02.18.52 MS-STATUS seq=60 text="Resolve the combat (R)"
2026.10.06-02.18.52 ARTPREVIEW fighter=Medusa hero=1 eligible=0 visual=1 mesh=SK_Medusa_H2LD
2026.10.06-02.18.52 FIGHTERS synced n=6 alive=6 own=4 enemy=2
2026.10.06-02.18.52 WS seq=60 phase=COMBAT_RESOLVE (apply)
2026.10.06-02.18.52 HUD-SLOT off seq=57 ribbon=discarded shown=1267 reason=done
2026.10.06-02.18.52 S09AUTO drive mode=5 plan=[attack+scheme] phase=COMBAT_RESOLVE turn=cmuhntivg0000wib0anhqyswc
2026.10.06-02.18.53 TAG fighter=f-0-hero bbox=(977,622,1079,644) mode=compact look=P1 placement=left ring=0 hardPx2=0 softPx2=0 order=5 bound=1
2026.10.06-02.18.53 TAG fighter=f-0-sk0 bbox=(509,496,593,518) mode=compact look=P1 placement=above ring=0 hardPx2=0 softPx2=0 order=3 bound=1
2026.10.06-02.18.53 TAG fighter=f-0-sk1 bbox=(396,458,480,480) mode=compact look=P1 placement=above ring=0 hardPx2=0 softPx2=0 order=2 bound=1
2026.10.06-02.18.53 TAG fighter=f-0-sk2 bbox=(308,584,392,606) mode=compact look=P1 placement=left ring=0 hardPx2=0 softPx2=0 order=4 bound=1
2026.10.06-02.18.53 TAG fighter=f-1-hero bbox=(1036,519,1129,541) mode=compact look=P2 placement=left ring=0 hardPx2=0 softPx2=0 order=0 bound=1
2026.10.06-02.18.53 TAG fighter=f-1-sk0 bbox=(1201,427,1285,449) mode=compact look=P2 placement=above ring=0 hardPx2=0 softPx2=0 order=1 bound=1
2026.10.06-02.18.53 ICON fighter=f-1-hero bbox=(1217,541,1249,573) size=32 src=combat anchor=right fallback=0 overlapPx2=0 texture=/Game/S08/UI/IconsV3/T_IV3_action_attack_token_32.T_IV3_action_attack_token_32
2026.10.06-02.18.53 SNAPSHOT applied seq=61 phase=ACTION_MANEUVER
2026.10.06-02.18.53 HANDLE_APPLIED #85 seq=61 decision=2 fightersValid=1 boardValid=1
2026.10.06-02.18.53 COMBAT-RESULT seq=61 damage=1 role=attacked
2026.10.06-02.18.53 COMBAT-LOG seq=61 log=61 n=7 entries=1 lines=1 src=log outcomes=APPLIED:1
2026.10.06-02.18.53 CUE combat seq=61 stage=start t=53147 attacker=f-0-hero target=f-1-hero text=1 lines=1 damage=1 lethal=0 shown=0 speed=1.00 flip=620 contact=333 src=notify a=3 d=2 outcome=win
2026.10.06-02.18.53 CUE fx id=CUE-010 subject=scene seq=61 t=53147 vfx=none sfx=missing clip=none mat=none socket=- reduced=0 result=fallback
2026.10.06-02.18.53 CUE sound id=CUE-010 point=cue subject=card.attack seq=61 t=53147 event_t=53147 dt=0 class=SFX sound=SW_CRD_FLIP_01 gain=0.80 result=played
2026.10.06-02.18.53 CUE sound id=CUE-010 point=cue subject=card.defense seq=61 t=53147 event_t=53147 dt=0 class=SFX sound=SW_CRD_FLIP_03 gain=0.80 result=played
2026.10.06-02.18.53 closed mode=
2026.10.06-02.18.53 MODE seq=61 mode=0 combat=0 pending=0
2026.10.06-02.18.53 MS-OPP verb=none seq=61
2026.10.06-02.18.53 HUD seq=61 phase=ACTION_MANEUVER turn=you hand=1 oppHand=6(hidden) oppDeck=15~ deck=20~ discard=9
2026.10.06-02.18.53 MS-STATUS seq=61 text="Choose an action: maneuver (M), attack (A) or scheme (G)"
2026.10.06-02.18.53 ARTPREVIEW fighter=Medusa hero=1 eligible=0 visual=1 mesh=SK_Medusa_H2LD
2026.10.06-02.18.53 FIGHTERS synced n=6 alive=6 own=4 enemy=2
2026.10.06-02.18.53 CUE damage f-1-hero -1 seq=61 staged=contact
2026.10.06-02.18.53 WS seq=61 phase=ACTION_MANEUVER (apply)
2026.10.06-02.18.53 S09AUTO drive mode=0 plan=[attack+scheme] phase=ACTION_MANEUVER turn=cmuhntivg0000wib0anhqyswc
2026.10.06-02.18.53 HUD-TRACK chosen=maneuver seq=61 spent=1
2026.10.06-02.18.53 MS-STATUS seq=61 text="Syncing…"
2026.10.06-02.18.53 TOAST text="begin maneuver sent (server draws 1 card)"
2026.10.06-02.18.53 HUD-TRACK own=2/2 server=1 local=1 opp=0/2 oppVisible=0 anim=spend/- seq=61 frame=1494
2026.10.06-02.18.53 TAG fighter=f-0-hero bbox=(977,622,1079,644) mode=compact look=P1 placement=left ring=0 hardPx2=0 softPx2=0 order=5 bound=1
2026.10.06-02.18.53 TAG fighter=f-0-sk0 bbox=(509,496,593,518) mode=compact look=P1 placement=above ring=0 hardPx2=0 softPx2=0 order=3 bound=1
2026.10.06-02.18.53 TAG fighter=f-0-sk1 bbox=(396,458,480,480) mode=compact look=P1 placement=above ring=0 hardPx2=0 softPx2=0 order=2 bound=1
2026.10.06-02.18.53 TAG fighter=f-0-sk2 bbox=(308,584,392,606) mode=compact look=P1 placement=left ring=0 hardPx2=0 softPx2=0 order=4 bound=1
2026.10.06-02.18.53 TAG fighter=f-1-hero bbox=(1036,519,1129,541) mode=compact look=P2 placement=left ring=0 hardPx2=0 softPx2=0 order=0 bound=1
2026.10.06-02.18.53 TAG fighter=f-1-sk0 bbox=(1201,427,1285,449) mode=compact look=P2 placement=above ring=0 hardPx2=0 softPx2=0 order=1 bound=1
2026.10.06-02.18.53 ICON fighter=f-1-hero bbox=(1217,541,1249,573) size=32 src=combat anchor=right fallback=0 overlapPx2=0 texture=/Game/S08/UI/IconsV3/T_IV3_action_attack_token_32.T_IV3_action_attack_token_32
2026.10.06-02.18.53 SNAPSHOT applied seq=62 phase=ACTION_MANEUVER
2026.10.06-02.18.53 HANDLE_APPLIED #86 seq=62 decision=2 fightersValid=1 boardValid=1
2026.10.06-02.18.53 MS-DRAFT op=candidates rev=18 src=snapshot n=4 ids=f-0-hero,f-0-sk0,f-0-sk1,f-0-sk2 autoselect=-
2026.10.06-02.18.53 MANEUVER-DRAFT mode=maneuver:11:61
2026.10.06-02.18.53 DRAFT-OPEN draw committed (resume instead of begin)
2026.10.06-02.18.53 SFX bank=BRD-CANDIDATES tag=candidates class=SFX t=53280 sound=SW_BRD_CANDIDATES_01 gain=0.80
2026.10.06-02.18.53 MODE seq=62 mode=1 combat=0 pending=0
2026.10.06-02.18.53 MS-TRACK own=2/2 opp=0/2 oppVisible=0 seq=62
2026.10.06-02.18.53 CUE sound id=CUE-005 point=cue subject=hand.own seq=62 t=53280 event_t=53280 dt=0 class=SFX sound=SW_CRD_DRAW_04 gain=0.80 result=played
2026.10.06-02.18.53 HUD seq=62 phase=ACTION_MANEUVER turn=you hand=2 oppHand=6(hidden) oppDeck=15 deck=19 discard=9
2026.10.06-02.18.53 MS-STATUS seq=62 text="Choose a fighter to move"
2026.10.06-02.18.53 ARTPREVIEW fighter=Medusa hero=1 eligible=0 visual=1 mesh=SK_Medusa_H2LD
2026.10.06-02.18.53 FIGHTERS synced n=6 alive=6 own=4 enemy=2
2026.10.06-02.18.53 MANEUVER begin seq=62 (apply) pending=maneuver:11:61
2026.10.06-02.18.53 SNAPSHOT applied seq=62 phase=ACTION_MANEUVER
2026.10.06-02.18.53 HANDLE_APPLIED #87 seq=62 decision=1 fightersValid=1 boardValid=1
2026.10.06-02.18.53 MODE seq=62 mode=1 combat=0 pending=0
2026.10.06-02.18.53 HUD seq=62 phase=ACTION_MANEUVER turn=you hand=2 oppHand=6(hidden) oppDeck=15 deck=19 discard=9
2026.10.06-02.18.53 ARTPREVIEW fighter=Medusa hero=1 eligible=0 visual=1 mesh=SK_Medusa_H2LD
2026.10.06-02.18.53 FIGHTERS synced n=6 alive=6 own=4 enemy=2
2026.10.06-02.18.53 WS seq=62 phase=ACTION_MANEUVER (merge)
2026.10.06-02.18.53 HUD-TRACK own=2/2 server=2 local=0 opp=0/2 oppVisible=0 anim=-/- seq=62 frame=1497
2026.10.06-02.18.53 S09AUTO drive mode=1 plan=[attack+scheme] phase=ACTION_MANEUVER turn=cmuhntivg0000wib0anhqyswc
2026.10.06-02.18.53 S09AUTO approach: no improving legal step
2026.10.06-02.18.53 MANEUVER-CONFIRM moves=0 boost=none
2026.10.06-02.18.53 MS-STATUS seq=62 text="Syncing…"
2026.10.06-02.18.53 HUD plate content fighter=f-0-hero name=Medusa hp=16/16 team=own statuses=HERO  |  RANGED teamSlot=P1 look=P1 shape=circle chip=#DAC576
2026.10.06-02.18.53 PLATE fighter=f-0-hero bbox=(951,562,1123,616) overlapReachable=0 placement=above ring=0 gap=6 selection=f-0-hero destinations=5 clean=1 softPx2=0 tested=112 bound=1
2026.10.06-02.18.53 TAG fighter=f-0-sk0 bbox=(509,496,593,518) mode=compact look=P1 placement=above ring=0 hardPx2=0 softPx2=0 order=3 bound=1
2026.10.06-02.18.53 TAG fighter=f-0-sk1 bbox=(396,458,480,480) mode=compact look=P1 placement=above ring=0 hardPx2=0 softPx2=0 order=2 bound=1
2026.10.06-02.18.53 TAG fighter=f-0-sk2 bbox=(308,584,392,606) mode=compact look=P1 placement=left ring=0 hardPx2=0 softPx2=0 order=4 bound=1
2026.10.06-02.18.53 TAG fighter=f-1-hero bbox=(1036,519,1129,541) mode=compact look=P2 placement=left ring=0 hardPx2=0 softPx2=0 order=0 bound=1
2026.10.06-02.18.53 TAG fighter=f-1-sk0 bbox=(1201,427,1285,449) mode=compact look=P2 placement=above ring=0 hardPx2=0 softPx2=0 order=1 bound=1
2026.10.06-02.18.53 ICON fighter=f-1-hero bbox=(1217,541,1249,573) size=32 src=combat anchor=right fallback=0 overlapPx2=0 texture=/Game/S08/UI/IconsV3/T_IV3_action_attack_token_32.T_IV3_action_attack_token_32
2026.10.06-02.18.53 HUD-HAND lower=1 pick=cell cursor=board preview=hidden seq=62
2026.10.06-02.18.53 TAG fighter=f-0-sk0 bbox=(509,496,593,518) mode=compact look=P1 placement=above ring=0 hardPx2=0 softPx2=0 order=3 bound=1
2026.10.06-02.18.53 TAG fighter=f-0-sk1 bbox=(396,458,480,480) mode=compact look=P1 placement=above ring=0 hardPx2=0 softPx2=0 order=2 bound=1
2026.10.06-02.18.53 TAG fighter=f-0-sk2 bbox=(308,584,392,606) mode=compact look=P1 placement=left ring=0 hardPx2=0 softPx2=0 order=4 bound=1
2026.10.06-02.18.53 TAG fighter=f-1-hero bbox=(1036,519,1129,541) mode=compact look=P2 placement=left ring=0 hardPx2=0 softPx2=0 order=0 bound=1
2026.10.06-02.18.53 TAG fighter=f-1-sk0 bbox=(1201,427,1285,449) mode=compact look=P2 placement=above ring=0 hardPx2=0 softPx2=0 order=1 bound=1
2026.10.06-02.18.53 ICON fighter=f-1-hero bbox=(1217,541,1249,573) size=32 src=combat anchor=right fallback=0 overlapPx2=0 texture=/Game/S08/UI/IconsV3/T_IV3_action_attack_token_32.T_IV3_action_attack_token_32
2026.10.06-02.18.53 TAG fighter=f-0-sk0 bbox=(509,496,593,518) mode=compact look=P1 placement=above ring=0 hardPx2=0 softPx2=0 order=3 bound=1
2026.10.06-02.18.53 TAG fighter=f-0-sk1 bbox=(396,458,480,480) mode=compact look=P1 placement=above ring=0 hardPx2=0 softPx2=0 order=2 bound=1
2026.10.06-02.18.53 TAG fighter=f-0-sk2 bbox=(308,584,392,606) mode=compact look=P1 placement=left ring=0 hardPx2=0 softPx2=0 order=4 bound=1
2026.10.06-02.18.53 TAG fighter=f-1-hero bbox=(1036,519,1129,541) mode=compact look=P2 placement=left ring=0 hardPx2=0 softPx2=0 order=0 bound=1
2026.10.06-02.18.53 TAG fighter=f-1-sk0 bbox=(1201,427,1285,449) mode=compact look=P2 placement=above ring=0 hardPx2=0 softPx2=0 order=1 bound=1
2026.10.06-02.18.53 ICON fighter=f-1-hero bbox=(1217,541,1249,573) size=32 src=combat anchor=right fallback=0 overlapPx2=0 texture=/Game/S08/UI/IconsV3/T_IV3_action_attack_token_32.T_IV3_action_attack_token_32
2026.10.06-02.18.53 SNAPSHOT applied seq=63 phase=ACTION_MANEUVER
2026.10.06-02.18.53 HANDLE_APPLIED #88 seq=63 decision=2 fightersValid=1 boardValid=1
2026.10.06-02.18.53 closed mode=
2026.10.06-02.18.53 MODE seq=63 mode=0 combat=0 pending=0
2026.10.06-02.18.53 MS-OPP verb=turn seq=63
2026.10.06-02.18.53 MS-TRACK own=0/2 opp=0/2 oppVisible=1 seq=63
2026.10.06-02.18.53 MS-LAST enter seq=63 player=cmuhntivg0000wib0anhqyswc source=MANEUVER moves=0 boost=-1
2026.10.06-02.18.53 CUE sound id=CUE-015 point=turn subject=- seq=63 t=53413 event_t=53413 dt=0 class=UI sound=none gain=0.80 result=silent turn=opp reason=opponent
2026.10.06-02.18.53 HUD-TURN seq=63 turn=opp initial=0 ring=marker-turn-ring flash=1000 banner=0 reduced=0
2026.10.06-02.18.53 HUD seq=63 phase=ACTION_MANEUVER turn=opp hand=2 oppHand=6(hidden) oppDeck=15 deck=19 discard=9
2026.10.06-02.18.53 MS-STATUS seq=63 text="King Arthur — Opponent is choosing an action"
2026.10.06-02.18.53 ARTPREVIEW fighter=Medusa hero=1 eligible=0 visual=1 mesh=SK_Medusa_H2LD
2026.10.06-02.18.53 FIGHTERS synced n=6 alive=6 own=4 enemy=2
2026.10.06-02.18.53 MANEUVER done seq=63 (apply) fighters=6 boost=no
2026.10.06-02.18.53 SNAPSHOT applied seq=63 phase=ACTION_MANEUVER
2026.10.06-02.18.53 HANDLE_APPLIED #89 seq=63 decision=1 fightersValid=1 boardValid=1
2026.10.06-02.18.53 MODE seq=63 mode=0 combat=0 pending=0
2026.10.06-02.18.53 HUD seq=63 phase=ACTION_MANEUVER turn=opp hand=2 oppHand=6(hidden) oppDeck=15 deck=19 discard=9
2026.10.06-02.18.53 ARTPREVIEW fighter=Medusa hero=1 eligible=0 visual=1 mesh=SK_Medusa_H2LD
2026.10.06-02.18.53 FIGHTERS synced n=6 alive=6 own=4 enemy=2
2026.10.06-02.18.53 WS seq=63 phase=ACTION_MANEUVER (merge)
2026.10.06-02.18.53 MS-LAST show seq=63 mode=restore player=cmuhntivg0000wib0anhqyswc from=- to=-
2026.10.06-02.18.53 MS-LOG seq=63 moves=0 truncated=0 text="Medusa: maneuver: no movement"
2026.10.06-02.18.53 HUD-TRACK own=0/2 server=0 local=0 opp=0/2 oppVisible=1 anim=reset/reset seq=63 frame=1501
2026.10.06-02.18.53 HUD-HAND lower=0 pick=none cursor=board preview=shown seq=63
2026.10.06-02.18.53 PLATE hidden fighter=f-0-hero
2026.10.06-02.18.53 TAG fighter=f-0-hero bbox=(977,622,1079,644) mode=compact look=P1 placement=left ring=0 hardPx2=0 softPx2=0 order=5 bound=1
2026.10.06-02.18.53 TAG fighter=f-0-sk0 bbox=(509,496,593,518) mode=compact look=P1 placement=above ring=0 hardPx2=0 softPx2=0 order=3 bound=1
2026.10.06-02.18.53 TAG fighter=f-0-sk1 bbox=(396,458,480,480) mode=compact look=P1 placement=above ring=0 hardPx2=0 softPx2=0 order=2 bound=1
2026.10.06-02.18.53 TAG fighter=f-0-sk2 bbox=(308,584,392,606) mode=compact look=P1 placement=left ring=0 hardPx2=0 softPx2=0 order=4 bound=1
2026.10.06-02.18.53 TAG fighter=f-1-hero bbox=(1036,519,1129,541) mode=compact look=P2 placement=left ring=0 hardPx2=0 softPx2=0 order=0 bound=1
2026.10.06-02.18.53 TAG fighter=f-1-sk0 bbox=(1201,427,1285,449) mode=compact look=P2 placement=above ring=0 hardPx2=0 softPx2=0 order=1 bound=1
2026.10.06-02.18.53 ICON fighter=f-1-hero bbox=(1217,541,1249,573) size=32 src=combat anchor=right fallback=0 overlapPx2=0 texture=/Game/S08/UI/IconsV3/T_IV3_action_attack_token_32.T_IV3_action_attack_token_32
2026.10.06-02.18.53 TAG fighter=f-0-hero bbox=(977,622,1079,644) mode=compact look=P1 placement=left ring=0 hardPx2=0 softPx2=0 order=5 bound=1
2026.10.06-02.18.53 TAG fighter=f-0-sk0 bbox=(509,496,593,518) mode=compact look=P1 placement=above ring=0 hardPx2=0 softPx2=0 order=3 bound=1
2026.10.06-02.18.53 TAG fighter=f-0-sk1 bbox=(396,458,480,480) mode=compact look=P1 placement=above ring=0 hardPx2=0 softPx2=0 order=2 bound=1
2026.10.06-02.18.53 TAG fighter=f-0-sk2 bbox=(308,584,392,606) mode=compact look=P1 placement=left ring=0 hardPx2=0 softPx2=0 order=4 bound=1
2026.10.06-02.18.53 TAG fighter=f-1-hero bbox=(1036,519,1129,541) mode=compact look=P2 placement=left ring=0 hardPx2=0 softPx2=0 order=0 bound=1
2026.10.06-02.18.53 TAG fighter=f-1-sk0 bbox=(1201,427,1285,449) mode=compact look=P2 placement=above ring=0 hardPx2=0 softPx2=0 order=1 bound=1
2026.10.06-02.18.53 ICON fighter=f-1-hero bbox=(1217,541,1249,573) size=32 src=combat anchor=right fallback=0 overlapPx2=0 texture=/Game/S08/UI/IconsV3/T_IV3_action_attack_token_32.T_IV3_action_attack_token_32
2026.10.06-02.18.53 CUE fx done id=CUE-009 subject=f-1-hero seq=60 t=53513 ms=500 cut=0
2026.10.06-02.18.53 TAG fighter=f-0-hero bbox=(977,622,1079,644) mode=compact look=P1 placement=left ring=0 hardPx2=0 softPx2=0 order=5 bound=1
2026.10.06-02.18.53 TAG fighter=f-0-sk0 bbox=(509,496,593,518) mode=compact look=P1 placement=above ring=0 hardPx2=0 softPx2=0 order=3 bound=1
2026.10.06-02.18.53 TAG fighter=f-0-sk1 bbox=(396,458,480,480) mode=compact look=P1 placement=above ring=0 hardPx2=0 softPx2=0 order=2 bound=1
2026.10.06-02.18.53 TAG fighter=f-0-sk2 bbox=(308,584,392,606) mode=compact look=P1 placement=left ring=0 hardPx2=0 softPx2=0 order=4 bound=1
2026.10.06-02.18.53 TAG fighter=f-1-hero bbox=(1036,519,1129,541) mode=compact look=P2 placement=left ring=0 hardPx2=0 softPx2=0 order=0 bound=1
2026.10.06-02.18.53 TAG fighter=f-1-sk0 bbox=(1201,427,1285,449) mode=compact look=P2 placement=above ring=0 hardPx2=0 softPx2=0 order=1 bound=1
2026.10.06-02.18.53 ICON fighter=f-1-hero bbox=(1217,541,1249,573) size=32 src=combat anchor=right fallback=0 overlapPx2=0 texture=/Game/S08/UI/IconsV3/T_IV3_action_attack_token_32.T_IV3_action_attack_token_32
2026.10.06-02.18.53 SNAPSHOT applied seq=64 phase=ACTION_MANEUVER
2026.10.06-02.18.53 HANDLE_APPLIED #90 seq=64 decision=2 fightersValid=1 boardValid=1
2026.10.06-02.18.53 MODE seq=64 mode=0 combat=0 pending=0
2026.10.06-02.18.53 MS-OPP verb=maneuver seq=64
2026.10.06-02.18.53 MS-TRACK own=0/2 opp=1/2 oppVisible=1 seq=64
2026.10.06-02.18.53 MS-OPP planning=1 seq=64
2026.10.06-02.18.53 CUE sound id=CUE-005 point=cue subject=hand.opp seq=64 t=53513 event_t=53513 dt=0 class=SFX sound=SW_CRD_DRAW_01 gain=0.80 result=played
2026.10.06-02.18.53 HUD seq=64 phase=ACTION_MANEUVER turn=opp hand=2 oppHand=7(hidden) oppDeck=15~ deck=19~ discard=9
2026.10.06-02.18.53 MS-STATUS seq=64 text="King Arthur — Opponent is planning a maneuver"
2026.10.06-02.18.53 ARTPREVIEW fighter=Medusa hero=1 eligible=0 visual=1 mesh=SK_Medusa_H2LD
2026.10.06-02.18.53 FIGHTERS synced n=6 alive=6 own=4 enemy=2
2026.10.06-02.18.53 WS seq=64 phase=ACTION_MANEUVER (apply)
2026.10.06-02.18.53 HUD-TRACK own=0/2 server=0 local=0 opp=1/2 oppVisible=1 anim=-/spend seq=64 frame=1504
2026.10.06-02.18.53 TAG fighter=f-0-hero bbox=(977,622,1079,644) mode=compact look=P1 placement=left ring=0 hardPx2=0 softPx2=0 order=5 bound=1
2026.10.06-02.18.53 TAG fighter=f-0-sk0 bbox=(509,496,593,518) mode=compact look=P1 placement=above ring=0 hardPx2=0 softPx2=0 order=3 bound=1
2026.10.06-02.18.53 TAG fighter=f-0-sk1 bbox=(396,458,480,480) mode=compact look=P1 placement=above ring=0 hardPx2=0 softPx2=0 order=2 bound=1
2026.10.06-02.18.53 TAG fighter=f-0-sk2 bbox=(308,584,392,606) mode=compact look=P1 placement=left ring=0 hardPx2=0 softPx2=0 order=4 bound=1
2026.10.06-02.18.53 TAG fighter=f-1-hero bbox=(1036,519,1129,541) mode=compact look=P2 placement=left ring=0 hardPx2=0 softPx2=0 order=0 bound=1
2026.10.06-02.18.53 TAG fighter=f-1-sk0 bbox=(1201,427,1285,449) mode=compact look=P2 placement=above ring=0 hardPx2=0 softPx2=0 order=1 bound=1
2026.10.06-02.18.53 ICON fighter=f-1-hero bbox=(1217,541,1249,573) size=32 src=combat anchor=right fallback=0 overlapPx2=0 texture=/Game/S08/UI/IconsV3/T_IV3_action_attack_token_32.T_IV3_action_attack_token_32
2026.10.06-02.18.53 TAG fighter=f-0-hero bbox=(977,622,1079,644) mode=compact look=P1 placement=left ring=0 hardPx2=0 softPx2=0 order=5 bound=1
2026.10.06-02.18.53 TAG fighter=f-0-sk0 bbox=(509,496,593,518) mode=compact look=P1 placement=above ring=0 hardPx2=0 softPx2=0 order=3 bound=1
2026.10.06-02.18.53 TAG fighter=f-0-sk1 bbox=(396,458,480,480) mode=compact look=P1 placement=above ring=0 hardPx2=0 softPx2=0 order=2 bound=1
2026.10.06-02.18.53 TAG fighter=f-0-sk2 bbox=(308,584,392,606) mode=compact look=P1 placement=left ring=0 hardPx2=0 softPx2=0 order=4 bound=1
2026.10.06-02.18.53 TAG fighter=f-1-hero bbox=(1036,519,1129,541) mode=compact look=P2 placement=left ring=0 hardPx2=0 softPx2=0 order=0 bound=1
2026.10.06-02.18.53 TAG fighter=f-1-sk0 bbox=(1201,427,1285,449) mode=compact look=P2 placement=above ring=0 hardPx2=0 softPx2=0 order=1 bound=1
2026.10.06-02.18.53 ICON fighter=f-1-hero bbox=(1217,541,1249,573) size=32 src=combat anchor=right fallback=0 overlapPx2=0 texture=/Game/S08/UI/IconsV3/T_IV3_action_attack_token_32.T_IV3_action_attack_token_32
2026.10.06-02.18.53 TAG fighter=f-0-hero bbox=(977,622,1079,644) mode=compact look=P1 placement=left ring=0 hardPx2=0 softPx2=0 order=5 bound=1
2026.10.06-02.18.53 TAG fighter=f-0-sk0 bbox=(509,496,593,518) mode=compact look=P1 placement=above ring=0 hardPx2=0 softPx2=0 order=3 bound=1
2026.10.06-02.18.53 TAG fighter=f-0-sk1 bbox=(396,458,480,480) mode=compact look=P1 placement=above ring=0 hardPx2=0 softPx2=0 order=2 bound=1
2026.10.06-02.18.53 TAG fighter=f-0-sk2 bbox=(308,584,392,606) mode=compact look=P1 placement=left ring=0 hardPx2=0 softPx2=0 order=4 bound=1
2026.10.06-02.18.53 TAG fighter=f-1-hero bbox=(1036,519,1129,541) mode=compact look=P2 placement=left ring=0 hardPx2=0 softPx2=0 order=0 bound=1
2026.10.06-02.18.53 TAG fighter=f-1-sk0 bbox=(1201,427,1285,449) mode=compact look=P2 placement=above ring=0 hardPx2=0 softPx2=0 order=1 bound=1
2026.10.06-02.18.53 ICON fighter=f-1-hero bbox=(1217,541,1249,573) size=32 src=combat anchor=right fallback=0 overlapPx2=0 texture=/Game/S08/UI/IconsV3/T_IV3_action_attack_token_32.T_IV3_action_attack_token_32
2026.10.06-02.18.53 SNAPSHOT applied seq=65 phase=ACTION_MANEUVER
2026.10.06-02.18.53 HANDLE_APPLIED #91 seq=65 decision=2 fightersValid=1 boardValid=1
2026.10.06-02.18.53 CUE fx done id=CUE-010 subject=scene seq=61 t=53647 ms=500 cut=jump hold=500
2026.10.06-02.18.53 CUE combat seq=61 stage=end t=53647 total=1100 skipped=0 cut=catchup
2026.10.06-02.18.53 CATCHUP seq=61 latest=65 queued=4 lag=367 t=53647 action=cut reason=queue applied=1
2026.10.06-02.18.53 ARTPREVIEW fighter=Medusa hero=1 eligible=0 visual=1 mesh=SK_Medusa_H2LD
2026.10.06-02.18.53 ARTPREVIEW hero-light fighter=f-0-hero state=idle layers=2 lightsOn=2 keyCd=17.984 rimCd=1.528 mul=1.000 pulse=none
2026.10.06-02.18.53 ARTPREVIEW combat marker fighter=Medusa attacker=0 target=0 icon=0 targetMesh=SM_Marker_TargetRing iconMode=screen targetArcScaleXY=0.920
2026.10.06-02.18.53 ARTPREVIEW combat marker fighter=King Arthur attacker=0 target=0 icon=0 targetMesh=SM_Marker_TargetRing iconMode=screen targetArcScaleXY=0.920
2026.10.06-02.18.53 ARTPREVIEW fighter=Medusa hero=1 eligible=0 visual=1 mesh=SK_Medusa_H2LD
2026.10.06-02.18.53 MODE seq=65 mode=0 combat=0 pending=0
2026.10.06-02.18.53 MS-OPP verb=turn seq=65
2026.10.06-02.18.53 MS-OPP planning=0 seq=65
2026.10.06-02.18.53 MS-LAST fade seq=63 at=65 ms=300
2026.10.06-02.18.53 MS-LAST replace seq=63 by=65
2026.10.06-02.18.53 MS-LAST enter seq=65 player=cmuhntiwu0001wib0z281rpa8 source=MANEUVER moves=1 boost=-1
2026.10.06-02.18.53 HUD seq=65 phase=ACTION_MANEUVER turn=opp hand=2 oppHand=7(hidden) oppDeck=15~ deck=19~ discard=9
2026.10.06-02.18.53 MS-STATUS seq=65 text="King Arthur — Opponent is choosing an action"
2026.10.06-02.18.53 ARTPREVIEW fighter=Medusa hero=1 eligible=0 visual=1 mesh=SK_Medusa_H2LD
2026.10.06-02.18.53 FIGHTERS synced n=6 alive=6 own=4 enemy=2
2026.10.06-02.18.53 MS-CUE move seq=65 fighter=f-1-hero order=0 of=1 kind=move steps=1 source=trail start=0 ms=280 snapped=0 path=S25>S26 speed=normal reduced=0
2026.10.06-02.18.53 CUE sound id=CUE-007 point=step subject=f-1-hero seq=65 t=53647 event_t=53647 dt=0 class=SFX sound=SW_BRD_STEP_04 gain=0.80 result=played edge=1/1 due=53647
2026.10.06-02.18.53 MS-ANIM play seq=65 moves=1 animated=1 speed=normal reduced=0 end=430
2026.10.06-02.18.53 CUE move f-1-hero (6,3)->(7,3) seq=65
2026.10.06-02.18.53 WS seq=65 phase=ACTION_MANEUVER (apply)
2026.10.06-02.18.53 HUD-HEART side=opp hero=f-1-hero hp=7/18 anim=damage glow=1 played=1
2026.10.06-02.18.53 TAG fighter=f-0-hero bbox=(977,622,1079,644) mode=compact look=P1 placement=left ring=0 hardPx2=0 softPx2=0 order=5 bound=1
2026.10.06-02.18.53 TAG fighter=f-0-sk0 bbox=(509,496,593,518) mode=compact look=P1 placement=above ring=0 hardPx2=0 softPx2=0 order=3 bound=1
2026.10.06-02.18.53 TAG fighter=f-0-sk1 bbox=(396,458,480,480) mode=compact look=P1 placement=above ring=0 hardPx2=0 softPx2=0 order=1 bound=1
2026.10.06-02.18.53 TAG fighter=f-0-sk2 bbox=(308,584,392,606) mode=compact look=P1 placement=left ring=0 hardPx2=0 softPx2=0 order=4 bound=1
2026.10.06-02.18.53 TAG fighter=f-1-hero bbox=(1052,520,1145,542) mode=compact look=P2 placement=left ring=0 hardPx2=0 softPx2=0 order=2 bound=1
2026.10.06-02.18.53 TAG fighter=f-1-sk0 bbox=(1201,427,1285,449) mode=compact look=P2 placement=above ring=0 hardPx2=0 softPx2=0 order=0 bound=1
2026.10.06-02.18.53 HUD icon hidden fighter=f-1-hero
2026.10.06-02.18.53 TAG fighter=f-0-hero bbox=(977,622,1079,644) mode=compact look=P1 placement=left ring=0 hardPx2=0 softPx2=0 order=5 bound=1
2026.10.06-02.18.53 TAG fighter=f-0-sk0 bbox=(509,496,593,518) mode=compact look=P1 placement=above ring=0 hardPx2=0 softPx2=0 order=2 bound=1
2026.10.06-02.18.53 TAG fighter=f-0-sk1 bbox=(396,458,480,480) mode=compact look=P1 placement=above ring=0 hardPx2=0 softPx2=0 order=1 bound=1
2026.10.06-02.18.53 TAG fighter=f-0-sk2 bbox=(308,584,392,606) mode=compact look=P1 placement=left ring=0 hardPx2=0 softPx2=0 order=4 bound=1
2026.10.06-02.18.53 TAG fighter=f-1-hero bbox=(1068,521,1161,543) mode=compact look=P2 placement=left ring=0 hardPx2=0 softPx2=0 order=3 bound=1
2026.10.06-02.18.53 TAG fighter=f-1-sk0 bbox=(1201,427,1285,449) mode=compact look=P2 placement=above ring=0 hardPx2=0 softPx2=0 order=0 bound=1
2026.10.06-02.18.53 TAG fighter=f-0-hero bbox=(1072,598,1174,620) mode=compact look=P1 placement=above ring=0 hardPx2=0 softPx2=0 order=5 bound=1
2026.10.06-02.18.53 TAG fighter=f-0-sk0 bbox=(509,496,593,518) mode=compact look=P1 placement=above ring=0 hardPx2=0 softPx2=0 order=2 bound=1
2026.10.06-02.18.53 TAG fighter=f-0-sk1 bbox=(396,458,480,480) mode=compact look=P1 placement=above ring=0 hardPx2=0 softPx2=0 order=1 bound=1
2026.10.06-02.18.53 TAG fighter=f-0-sk2 bbox=(308,584,392,606) mode=compact look=P1 placement=left ring=0 hardPx2=0 softPx2=0 order=4 bound=1
2026.10.06-02.18.53 TAG fighter=f-1-hero bbox=(1085,521,1178,543) mode=compact look=P2 placement=left ring=0 hardPx2=0 softPx2=0 order=3 bound=1
2026.10.06-02.18.53 TAG fighter=f-1-sk0 bbox=(1201,427,1285,449) mode=compact look=P2 placement=above ring=0 hardPx2=0 softPx2=0 order=0 bound=1
2026.10.06-02.18.53 TAG fighter=f-0-hero bbox=(1072,598,1174,620) mode=compact look=P1 placement=above ring=0 hardPx2=0 softPx2=0 order=5 bound=1
2026.10.06-02.18.53 TAG fighter=f-0-sk0 bbox=(509,496,593,518) mode=compact look=P1 placement=above ring=0 hardPx2=0 softPx2=0 order=2 bound=1
2026.10.06-02.18.53 TAG fighter=f-0-sk1 bbox=(396,458,480,480) mode=compact look=P1 placement=above ring=0 hardPx2=0 softPx2=0 order=1 bound=1
2026.10.06-02.18.53 TAG fighter=f-0-sk2 bbox=(308,584,392,606) mode=compact look=P1 placement=left ring=0 hardPx2=0 softPx2=0 order=4 bound=1
2026.10.06-02.18.53 TAG fighter=f-1-hero bbox=(1284,522,1377,544) mode=compact look=P2 placement=right ring=0 hardPx2=0 softPx2=0 order=3 bound=1
2026.10.06-02.18.53 TAG fighter=f-1-sk0 bbox=(1201,427,1285,449) mode=compact look=P2 placement=above ring=0 hardPx2=0 softPx2=0 order=0 bound=1
2026.10.06-02.18.53 TAG fighter=f-0-hero bbox=(1072,598,1174,620) mode=compact look=P1 placement=above ring=0 hardPx2=0 softPx2=0 order=5 bound=1
2026.10.06-02.18.53 TAG fighter=f-0-sk0 bbox=(509,496,593,518) mode=compact look=P1 placement=above ring=0 hardPx2=0 softPx2=0 order=2 bound=1
2026.10.06-02.18.53 TAG fighter=f-0-sk1 bbox=(396,458,480,480) mode=compact look=P1 placement=above ring=0 hardPx2=0 softPx2=0 order=1 bound=1
2026.10.06-02.18.53 TAG fighter=f-0-sk2 bbox=(308,584,392,606) mode=compact look=P1 placement=left ring=0 hardPx2=0 softPx2=0 order=4 bound=1
2026.10.06-02.18.53 TAG fighter=f-1-hero bbox=(1301,522,1394,544) mode=compact look=P2 placement=right ring=0 hardPx2=0 softPx2=0 order=3 bound=1
2026.10.06-02.18.53 TAG fighter=f-1-sk0 bbox=(1201,427,1285,449) mode=compact look=P2 placement=above ring=0 hardPx2=0 softPx2=0 order=0 bound=1
2026.10.06-02.18.53 TAG fighter=f-0-hero bbox=(1072,598,1174,620) mode=compact look=P1 placement=above ring=0 hardPx2=0 softPx2=0 order=5 bound=1
2026.10.06-02.18.53 TAG fighter=f-0-sk0 bbox=(509,496,593,518) mode=compact look=P1 placement=above ring=0 hardPx2=0 softPx2=0 order=2 bound=1
2026.10.06-02.18.53 TAG fighter=f-0-sk1 bbox=(396,458,480,480) mode=compact look=P1 placement=above ring=0 hardPx2=0 softPx2=0 order=1 bound=1
2026.10.06-02.18.53 TAG fighter=f-0-sk2 bbox=(308,584,392,606) mode=compact look=P1 placement=left ring=0 hardPx2=0 softPx2=0 order=4 bound=1
2026.10.06-02.18.53 TAG fighter=f-1-hero bbox=(1319,523,1412,545) mode=compact look=P2 placement=right ring=0 hardPx2=0 softPx2=0 order=3 bound=1
2026.10.06-02.18.53 TAG fighter=f-1-sk0 bbox=(1201,427,1285,449) mode=compact look=P2 placement=above ring=0 hardPx2=0 softPx2=0 order=0 bound=1
2026.10.06-02.18.53 TAG fighter=f-0-hero bbox=(1072,598,1174,620) mode=compact look=P1 placement=above ring=0 hardPx2=0 softPx2=0 order=5 bound=1
2026.10.06-02.18.53 TAG fighter=f-0-sk0 bbox=(509,496,593,518) mode=compact look=P1 placement=above ring=0 hardPx2=0 softPx2=0 order=2 bound=1
2026.10.06-02.18.53 TAG fighter=f-0-sk1 bbox=(396,458,480,480) mode=compact look=P1 placement=above ring=0 hardPx2=0 softPx2=0 order=1 bound=1
2026.10.06-02.18.53 TAG fighter=f-0-sk2 bbox=(308,584,392,606) mode=compact look=P1 placement=left ring=0 hardPx2=0 softPx2=0 order=4 bound=1
2026.10.06-02.18.53 TAG fighter=f-1-hero bbox=(1335,523,1428,545) mode=compact look=P2 placement=right ring=0 hardPx2=0 softPx2=0 order=3 bound=1
2026.10.06-02.18.53 TAG fighter=f-1-sk0 bbox=(1201,427,1285,449) mode=compact look=P2 placement=above ring=0 hardPx2=0 softPx2=0 order=0 bound=1
2026.10.06-02.18.53 TAG fighter=f-0-hero bbox=(1072,598,1174,620) mode=compact look=P1 placement=above ring=0 hardPx2=0 softPx2=0 order=5 bound=1
2026.10.06-02.18.53 TAG fighter=f-0-sk0 bbox=(509,496,593,518) mode=compact look=P1 placement=above ring=0 hardPx2=0 softPx2=0 order=2 bound=1
2026.10.06-02.18.53 TAG fighter=f-0-sk1 bbox=(396,458,480,480) mode=compact look=P1 placement=above ring=0 hardPx2=0 softPx2=0 order=1 bound=1
2026.10.06-02.18.53 TAG fighter=f-0-sk2 bbox=(308,584,392,606) mode=compact look=P1 placement=left ring=0 hardPx2=0 softPx2=0 order=4 bound=1
2026.10.06-02.18.53 TAG fighter=f-1-hero bbox=(1352,524,1445,546) mode=compact look=P2 placement=right ring=0 hardPx2=0 softPx2=0 order=3 bound=1
2026.10.06-02.18.53 TAG fighter=f-1-sk0 bbox=(1201,427,1285,449) mode=compact look=P2 placement=above ring=0 hardPx2=0 softPx2=0 order=0 bound=1
2026.10.06-02.18.53 TAG fighter=f-0-hero bbox=(1072,598,1174,620) mode=compact look=P1 placement=above ring=0 hardPx2=0 softPx2=0 order=5 bound=1
2026.10.06-02.18.53 TAG fighter=f-0-sk0 bbox=(509,496,593,518) mode=compact look=P1 placement=above ring=0 hardPx2=0 softPx2=0 order=2 bound=1
2026.10.06-02.18.53 TAG fighter=f-0-sk1 bbox=(396,458,480,480) mode=compact look=P1 placement=above ring=0 hardPx2=0 softPx2=0 order=1 bound=1
2026.10.06-02.18.53 TAG fighter=f-0-sk2 bbox=(308,584,392,606) mode=compact look=P1 placement=left ring=0 hardPx2=0 softPx2=0 order=4 bound=1
2026.10.06-02.18.53 TAG fighter=f-1-hero bbox=(1360,524,1453,546) mode=compact look=P2 placement=right ring=0 hardPx2=0 softPx2=0 order=3 bound=1
2026.10.06-02.18.53 TAG fighter=f-1-sk0 bbox=(1201,427,1285,449) mode=compact look=P2 placement=above ring=0 hardPx2=0 softPx2=0 order=0 bound=1
2026.10.06-02.18.54 MS-LAST show seq=65 mode=anim player=cmuhntiwu0001wib0z281rpa8 from=6,3 to=7,3
2026.10.06-02.18.54 MS-LOG seq=65 moves=1 truncated=0 text="King Arthur: maneuver: King Arthur S25→S26"
2026.10.06-02.18.54 game -> room=cmuw1u4nq0561t84m7cuv93yr code=<redacted> status=IN_PROGRESS
2026.10.06-02.18.54 S09AUTO drive mode=0 plan=[attack+scheme] phase=ACTION_MANEUVER turn=cmuhntiwu0001wib0z281rpa8
2026.10.06-02.18.54 SNAPSHOT applied seq=66 phase=ACTION_MANEUVER
2026.10.06-02.18.54 HANDLE_APPLIED #92 seq=66 decision=2 fightersValid=1 boardValid=1
2026.10.06-02.18.54 MODE seq=66 mode=0 combat=0 pending=0
2026.10.06-02.18.54 MS-OPP verb=maneuver seq=66
2026.10.06-02.18.54 MS-TRACK own=0/2 opp=2/2 oppVisible=1 seq=66
2026.10.06-02.18.54 MS-OPP planning=1 seq=66
2026.10.06-02.18.54 CUE sound id=CUE-005 point=cue subject=hand.opp seq=66 t=54880 event_t=54880 dt=0 class=SFX sound=SW_CRD_DRAW_04 gain=0.80 result=played
2026.10.06-02.18.54 HUD seq=66 phase=ACTION_MANEUVER turn=opp hand=2 oppHand=8(hidden) oppDeck=15~ deck=19~ discard=9
2026.10.06-02.18.54 MS-STATUS seq=66 text="King Arthur — Opponent is planning a maneuver"
2026.10.06-02.18.54 ARTPREVIEW fighter=Medusa hero=1 eligible=0 visual=1 mesh=SK_Medusa_H2LD
2026.10.06-02.18.54 FIGHTERS synced n=6 alive=6 own=4 enemy=2
2026.10.06-02.18.54 WS seq=66 phase=ACTION_MANEUVER (apply)
2026.10.06-02.18.54 HUD-TRACK own=0/2 server=0 local=0 opp=2/2 oppVisible=1 anim=-/spend seq=66 frame=1545
2026.10.06-02.18.54 SNAPSHOT applied seq=67 phase=TURN_END
2026.10.06-02.18.54 HANDLE_APPLIED #93 seq=67 decision=2 fightersValid=1 boardValid=1
2026.10.06-02.18.54 MODE seq=67 mode=0 combat=0 pending=0
2026.10.06-02.18.54 MS-OPP verb=card seq=67
2026.10.06-02.18.54 MS-OPP planning=0 seq=67
2026.10.06-02.18.54 MS-LAST fade seq=65 at=67 ms=300
2026.10.06-02.18.54 MS-LAST replace seq=65 by=67
2026.10.06-02.18.54 MS-LAST enter seq=67 player=cmuhntiwu0001wib0z281rpa8 source=MANEUVER moves=1 boost=-1
2026.10.06-02.18.54 HUD seq=67 phase=TURN_END turn=opp hand=2 oppHand=8(hidden) oppDeck=15~ deck=19~ discard=9 pendingDiscard=1
2026.10.06-02.18.54 MS-STATUS seq=67 text="King Arthur — Opponent is choosing a card"
2026.10.06-02.18.54 ARTPREVIEW fighter=Medusa hero=1 eligible=0 visual=1 mesh=SK_Medusa_H2LD
2026.10.06-02.18.54 FIGHTERS synced n=6 alive=6 own=4 enemy=2
2026.10.06-02.18.54 MS-CUE move seq=67 fighter=f-1-hero order=0 of=1 kind=move steps=1 source=trail start=0 ms=280 snapped=0 path=S26>S25 speed=normal reduced=0
2026.10.06-02.18.54 CUE sound id=CUE-007 point=step subject=f-1-hero seq=67 t=54980 event_t=54980 dt=0 class=SFX sound=SW_BRD_STEP_02 gain=0.80 result=played edge=1/1 due=54980
2026.10.06-02.18.54 MS-ANIM play seq=67 moves=1 animated=1 speed=normal reduced=0 end=430
2026.10.06-02.18.54 CUE move f-1-hero (7,3)->(6,3) seq=67
2026.10.06-02.18.54 WS seq=67 phase=TURN_END (apply)
2026.10.06-02.18.54 TAG fighter=f-0-hero bbox=(1072,598,1174,620) mode=compact look=P1 placement=above ring=0 hardPx2=0 softPx2=0 order=5 bound=1
2026.10.06-02.18.54 TAG fighter=f-0-sk0 bbox=(509,496,593,518) mode=compact look=P1 placement=above ring=0 hardPx2=0 softPx2=0 order=2 bound=1
2026.10.06-02.18.54 TAG fighter=f-0-sk1 bbox=(396,458,480,480) mode=compact look=P1 placement=above ring=0 hardPx2=0 softPx2=0 order=1 bound=1
2026.10.06-02.18.54 TAG fighter=f-0-sk2 bbox=(308,584,392,606) mode=compact look=P1 placement=left ring=0 hardPx2=0 softPx2=0 order=4 bound=1
2026.10.06-02.18.54 TAG fighter=f-1-hero bbox=(1343,524,1436,546) mode=compact look=P2 placement=right ring=0 hardPx2=0 softPx2=0 order=3 bound=1
2026.10.06-02.18.54 TAG fighter=f-1-sk0 bbox=(1201,427,1285,449) mode=compact look=P2 placement=above ring=0 hardPx2=0 softPx2=0 order=0 bound=1
2026.10.06-02.18.54 TAG fighter=f-0-hero bbox=(1072,598,1174,620) mode=compact look=P1 placement=above ring=0 hardPx2=0 softPx2=0 order=5 bound=1
2026.10.06-02.18.54 TAG fighter=f-0-sk0 bbox=(509,496,593,518) mode=compact look=P1 placement=above ring=0 hardPx2=0 softPx2=0 order=2 bound=1
2026.10.06-02.18.54 TAG fighter=f-0-sk1 bbox=(396,458,480,480) mode=compact look=P1 placement=above ring=0 hardPx2=0 softPx2=0 order=1 bound=1
2026.10.06-02.18.54 TAG fighter=f-0-sk2 bbox=(308,584,392,606) mode=compact look=P1 placement=left ring=0 hardPx2=0 softPx2=0 order=4 bound=1
2026.10.06-02.18.54 TAG fighter=f-1-hero bbox=(1325,523,1418,545) mode=compact look=P2 placement=right ring=0 hardPx2=0 softPx2=0 order=3 bound=1
2026.10.06-02.18.54 TAG fighter=f-1-sk0 bbox=(1201,427,1285,449) mode=compact look=P2 placement=above ring=0 hardPx2=0 softPx2=0 order=0 bound=1
2026.10.06-02.18.55 TAG fighter=f-0-hero bbox=(1072,598,1174,620) mode=compact look=P1 placement=above ring=0 hardPx2=0 softPx2=0 order=5 bound=1
2026.10.06-02.18.55 TAG fighter=f-0-sk0 bbox=(509,496,593,518) mode=compact look=P1 placement=above ring=0 hardPx2=0 softPx2=0 order=2 bound=1
2026.10.06-02.18.55 TAG fighter=f-0-sk1 bbox=(396,458,480,480) mode=compact look=P1 placement=above ring=0 hardPx2=0 softPx2=0 order=1 bound=1
2026.10.06-02.18.55 TAG fighter=f-0-sk2 bbox=(308,584,392,606) mode=compact look=P1 placement=left ring=0 hardPx2=0 softPx2=0 order=4 bound=1
2026.10.06-02.18.55 TAG fighter=f-1-hero bbox=(1308,522,1401,544) mode=compact look=P2 placement=right ring=0 hardPx2=0 softPx2=0 order=3 bound=1
2026.10.06-02.18.55 TAG fighter=f-1-sk0 bbox=(1201,427,1285,449) mode=compact look=P2 placement=above ring=0 hardPx2=0 softPx2=0 order=0 bound=1
2026.10.06-02.18.55 TAG fighter=f-0-hero bbox=(1072,598,1174,620) mode=compact look=P1 placement=above ring=0 hardPx2=0 softPx2=0 order=5 bound=1
2026.10.06-02.18.55 TAG fighter=f-0-sk0 bbox=(509,496,593,518) mode=compact look=P1 placement=above ring=0 hardPx2=0 softPx2=0 order=2 bound=1
2026.10.06-02.18.55 TAG fighter=f-0-sk1 bbox=(396,458,480,480) mode=compact look=P1 placement=above ring=0 hardPx2=0 softPx2=0 order=1 bound=1
2026.10.06-02.18.55 TAG fighter=f-0-sk2 bbox=(308,584,392,606) mode=compact look=P1 placement=left ring=0 hardPx2=0 softPx2=0 order=4 bound=1
2026.10.06-02.18.55 TAG fighter=f-1-hero bbox=(1291,522,1384,544) mode=compact look=P2 placement=right ring=0 hardPx2=0 softPx2=0 order=3 bound=1
2026.10.06-02.18.55 TAG fighter=f-1-sk0 bbox=(1201,427,1285,449) mode=compact look=P2 placement=above ring=0 hardPx2=0 softPx2=0 order=0 bound=1
2026.10.06-02.18.55 TAG fighter=f-0-hero bbox=(1072,598,1174,620) mode=compact look=P1 placement=above ring=0 hardPx2=0 softPx2=0 order=5 bound=1
2026.10.06-02.18.55 TAG fighter=f-0-sk0 bbox=(509,496,593,518) mode=compact look=P1 placement=above ring=0 hardPx2=0 softPx2=0 order=2 bound=1
2026.10.06-02.18.55 TAG fighter=f-0-sk1 bbox=(396,458,480,480) mode=compact look=P1 placement=above ring=0 hardPx2=0 softPx2=0 order=1 bound=1
2026.10.06-02.18.55 TAG fighter=f-0-sk2 bbox=(308,584,392,606) mode=compact look=P1 placement=left ring=0 hardPx2=0 softPx2=0 order=4 bound=1
2026.10.06-02.18.55 TAG fighter=f-1-hero bbox=(1091,521,1184,543) mode=compact look=P2 placement=left ring=0 hardPx2=0 softPx2=0 order=3 bound=1
2026.10.06-02.18.55 TAG fighter=f-1-sk0 bbox=(1201,427,1285,449) mode=compact look=P2 placement=above ring=0 hardPx2=0 softPx2=0 order=0 bound=1
2026.10.06-02.18.55 TAG fighter=f-0-hero bbox=(977,622,1079,644) mode=compact look=P1 placement=left ring=0 hardPx2=0 softPx2=0 order=5 bound=1
2026.10.06-02.18.55 TAG fighter=f-0-sk0 bbox=(509,496,593,518) mode=compact look=P1 placement=above ring=0 hardPx2=0 softPx2=0 order=2 bound=1
2026.10.06-02.18.55 TAG fighter=f-0-sk1 bbox=(396,458,480,480) mode=compact look=P1 placement=above ring=0 hardPx2=0 softPx2=0 order=1 bound=1
2026.10.06-02.18.55 TAG fighter=f-0-sk2 bbox=(308,584,392,606) mode=compact look=P1 placement=left ring=0 hardPx2=0 softPx2=0 order=4 bound=1
2026.10.06-02.18.55 TAG fighter=f-1-hero bbox=(1075,521,1168,543) mode=compact look=P2 placement=left ring=0 hardPx2=0 softPx2=0 order=3 bound=1
2026.10.06-02.18.55 TAG fighter=f-1-sk0 bbox=(1201,427,1285,449) mode=compact look=P2 placement=above ring=0 hardPx2=0 softPx2=0 order=0 bound=1
2026.10.06-02.18.55 TAG fighter=f-0-hero bbox=(977,622,1079,644) mode=compact look=P1 placement=left ring=0 hardPx2=0 softPx2=0 order=5 bound=1
2026.10.06-02.18.55 TAG fighter=f-0-sk0 bbox=(509,496,593,518) mode=compact look=P1 placement=above ring=0 hardPx2=0 softPx2=0 order=2 bound=1
2026.10.06-02.18.55 TAG fighter=f-0-sk1 bbox=(396,458,480,480) mode=compact look=P1 placement=above ring=0 hardPx2=0 softPx2=0 order=1 bound=1
2026.10.06-02.18.55 TAG fighter=f-0-sk2 bbox=(308,584,392,606) mode=compact look=P1 placement=left ring=0 hardPx2=0 softPx2=0 order=4 bound=1
2026.10.06-02.18.55 TAG fighter=f-1-hero bbox=(1059,520,1152,542) mode=compact look=P2 placement=left ring=0 hardPx2=0 softPx2=0 order=3 bound=1
2026.10.06-02.18.55 TAG fighter=f-1-sk0 bbox=(1201,427,1285,449) mode=compact look=P2 placement=above ring=0 hardPx2=0 softPx2=0 order=0 bound=1
2026.10.06-02.18.55 TAG fighter=f-0-hero bbox=(977,622,1079,644) mode=compact look=P1 placement=left ring=0 hardPx2=0 softPx2=0 order=5 bound=1
2026.10.06-02.18.55 TAG fighter=f-0-sk0 bbox=(509,496,593,518) mode=compact look=P1 placement=above ring=0 hardPx2=0 softPx2=0 order=3 bound=1
2026.10.06-02.18.55 TAG fighter=f-0-sk1 bbox=(396,458,480,480) mode=compact look=P1 placement=above ring=0 hardPx2=0 softPx2=0 order=1 bound=1
2026.10.06-02.18.55 TAG fighter=f-0-sk2 bbox=(308,584,392,606) mode=compact look=P1 placement=left ring=0 hardPx2=0 softPx2=0 order=4 bound=1
2026.10.06-02.18.55 TAG fighter=f-1-hero bbox=(1042,520,1135,542) mode=compact look=P2 placement=left ring=0 hardPx2=0 softPx2=0 order=2 bound=1
2026.10.06-02.18.55 TAG fighter=f-1-sk0 bbox=(1201,427,1285,449) mode=compact look=P2 placement=above ring=0 hardPx2=0 softPx2=0 order=0 bound=1
2026.10.06-02.18.55 TAG fighter=f-0-hero bbox=(977,622,1079,644) mode=compact look=P1 placement=left ring=0 hardPx2=0 softPx2=0 order=5 bound=1
2026.10.06-02.18.55 TAG fighter=f-0-sk0 bbox=(509,496,593,518) mode=compact look=P1 placement=above ring=0 hardPx2=0 softPx2=0 order=3 bound=1
2026.10.06-02.18.55 TAG fighter=f-0-sk1 bbox=(396,458,480,480) mode=compact look=P1 placement=above ring=0 hardPx2=0 softPx2=0 order=1 bound=1
2026.10.06-02.18.55 TAG fighter=f-0-sk2 bbox=(308,584,392,606) mode=compact look=P1 placement=left ring=0 hardPx2=0 softPx2=0 order=4 bound=1
2026.10.06-02.18.55 TAG fighter=f-1-hero bbox=(1036,519,1129,541) mode=compact look=P2 placement=left ring=0 hardPx2=0 softPx2=0 order=2 bound=1
2026.10.06-02.18.55 TAG fighter=f-1-sk0 bbox=(1201,427,1285,449) mode=compact look=P2 placement=above ring=0 hardPx2=0 softPx2=0 order=0 bound=1
2026.10.06-02.18.55 MS-LAST show seq=67 mode=anim player=cmuhntiwu0001wib0z281rpa8 from=7,3 to=6,3
2026.10.06-02.18.55 MS-LOG seq=67 moves=1 truncated=0 text="King Arthur: maneuver: King Arthur S26→S25"
2026.10.06-02.18.56 SNAPSHOT applied seq=68 phase=ACTION_MANEUVER
2026.10.06-02.18.56 HANDLE_APPLIED #94 seq=68 decision=2 fightersValid=1 boardValid=1
2026.10.06-02.18.56 closed mode=
2026.10.06-02.18.56 TURN-INPUT open seq=68 frame=1584 gate=none
2026.10.06-02.18.56 MODE seq=68 mode=6 combat=0 pending=1
2026.10.06-02.18.56 ARTPREVIEW selection ring shown fighter=King Arthur mesh=SM_Marker_SelectionRing
2026.10.06-02.18.56 ARTPREVIEW hero-light fighter=f-1-hero state=active layers=2 lightsOn=2 keyCd=23.674 rimCd=2.011 mul=1.104 pulse=0.40Hz+-4%
2026.10.06-02.18.56 ARTPREVIEW reachable rings cells=0 placed=1 radiusUU=36 segments=48 style=readability color=#FFC857 stroke=#14110C widthUU=3.50 strokeUU=1.50
2026.10.06-02.18.56 MS-PENDING present=toast id=ability-medusa-target-p0 opens=5 collapsed=0 type=TARGET_FIGHTER remembered=fighter=f-1-hero applied=fighter=f-1-hero
2026.10.06-02.18.56 MS-OPP verb=none seq=68
2026.10.06-02.18.56 MS-TRACK own=0/2 opp=0/2 oppVisible=0 seq=68
2026.10.06-02.18.56 MS-LAST fade seq=67 at=68 ms=300
2026.10.06-02.18.56 CUE sound id=CUE-015 point=turn subject=- seq=68 t=56213 event_t=56213 dt=0 class=UI sound=SW_UI_TURN_CHIME_01 gain=0.80 result=played turn=own
2026.10.06-02.18.56 VO event=TURN-START speaker=MEDUSA t=56213 result=skipped line=- prio=4 reason=chance
2026.10.06-02.18.56 HUD-TURN seq=68 turn=own initial=0 ring=marker-turn-ring flash=1000 banner=600 reduced=0
2026.10.06-02.18.56 HUD-SLOT show seq=68 ribbon=discarded owner=opp card="Noble Sacrifice" count=1 fly=200 hold=0 min=1000 reduced=0
2026.10.06-02.18.56 SFX bank=CRD-DISCARD tag=discard class=SFX t=56213 sound=SW_CRD_DISCARD_01 gain=0.80
2026.10.06-02.18.56 HUD seq=68 phase=ACTION_MANEUVER turn=you hand=2 oppHand=7(hidden) oppDeck=15~ deck=19~ discard=9
2026.10.06-02.18.56 MS-STATUS seq=68 text="Choose a target (up to 1)"
2026.10.06-02.18.56 ARTPREVIEW fighter=Medusa hero=1 eligible=0 visual=1 mesh=SK_Medusa_H2LD
2026.10.06-02.18.56 ARTPREVIEW selection ring shown fighter=King Arthur mesh=SM_Marker_SelectionRing
2026.10.06-02.18.56 FIGHTERS synced n=6 alive=6 own=4 enemy=2
2026.10.06-02.18.56 ARTPREVIEW selection ring shown fighter=King Arthur mesh=SM_Marker_SelectionRing
2026.10.06-02.18.56 ARTPREVIEW reachable rings cells=0 placed=1 radiusUU=36 segments=48 style=readability color=#FFC857 stroke=#14110C widthUU=3.50 strokeUU=1.50
2026.10.06-02.18.56 WS seq=68 phase=ACTION_MANEUVER (apply)
2026.10.06-02.18.56 SFX bank=FX-GAZE-REQUEST tag=gaze class=SFX t=56247 sound=SW_FX_GAZE_REQUEST_01 gain=0.80
2026.10.06-02.18.56 SFX bank=FX-GAZE-REQUEST-VOICE tag=voice class=VO t=56247 sound=SW_FX_GAZE_REQUEST_VOICE gain=0.80
2026.10.06-02.18.56 HUD-TRACK own=0/2 server=0 local=0 opp=0/2 oppVisible=0 anim=reset/reset seq=68 frame=1585
2026.10.06-02.18.56 HUD-HAND lower=1 pick=target cursor=board preview=hidden seq=68
2026.10.06-02.18.56 S09AUTO drive mode=6 plan=[attack+scheme] phase=ACTION_MANEUVER turn=cmuhntivg0000wib0anhqyswc
2026.10.06-02.18.56 S09AUTO own turn #6 (turnCount=13)
2026.10.06-02.18.56 PEND-RESOLVE sent type=TARGET_FIGHTER stage=0 id=ability-medusa-target-p0
2026.10.06-02.18.56 CUE sound id=CUE-014 point=cue subject=f-1-hero seq=68 t=56247 event_t=56247 dt=0 class=SFX sound=SW_FX_GAZE_BEAM_01 gain=0.80 result=played bank=FX-GAZE-BEAM
2026.10.06-02.18.56 MS-STATUS seq=68 text="Syncing…"
2026.10.06-02.18.56 S09AUTO pending picked (type=TARGET_FIGHTER stage=0)
2026.10.06-02.18.56 TOAST text="choice sent"
2026.10.06-02.18.56 HUD plate content fighter=f-1-hero name=King Arthur hp=7/18 team=enemy statuses=HERO  |  MELEE teamSlot=P2 look=P2 shape=hexagon chip=#5786A8
2026.10.06-02.18.56 PLATE fighter=f-1-hero bbox=(1025,459,1197,513) overlapReachable=0 placement=above ring=0 gap=6 selection=f-1-hero destinations=0 clean=1 softPx2=0 tested=112 bound=1
2026.10.06-02.18.56 TAG fighter=f-0-hero bbox=(977,622,1079,644) mode=compact look=P1 placement=left ring=0 hardPx2=0 softPx2=0 order=4 bound=1
2026.10.06-02.18.56 TAG fighter=f-0-sk0 bbox=(509,496,593,518) mode=compact look=P1 placement=above ring=0 hardPx2=0 softPx2=0 order=2 bound=1
2026.10.06-02.18.56 TAG fighter=f-0-sk1 bbox=(396,458,480,480) mode=compact look=P1 placement=above ring=0 hardPx2=0 softPx2=0 order=1 bound=1
2026.10.06-02.18.56 TAG fighter=f-0-sk2 bbox=(308,584,392,606) mode=compact look=P1 placement=left ring=0 hardPx2=0 softPx2=0 order=3 bound=1
2026.10.06-02.18.56 TAG fighter=f-1-sk0 bbox=(1201,427,1285,449) mode=compact look=P2 placement=above ring=0 hardPx2=0 softPx2=0 order=0 bound=1
2026.10.06-02.18.56 TAG fighter=f-0-hero bbox=(977,622,1079,644) mode=compact look=P1 placement=left ring=0 hardPx2=0 softPx2=0 order=4 bound=1
2026.10.06-02.18.56 TAG fighter=f-0-sk0 bbox=(509,496,593,518) mode=compact look=P1 placement=above ring=0 hardPx2=0 softPx2=0 order=2 bound=1
2026.10.06-02.18.56 TAG fighter=f-0-sk1 bbox=(396,458,480,480) mode=compact look=P1 placement=above ring=0 hardPx2=0 softPx2=0 order=1 bound=1
2026.10.06-02.18.56 TAG fighter=f-0-sk2 bbox=(308,584,392,606) mode=compact look=P1 placement=left ring=0 hardPx2=0 softPx2=0 order=3 bound=1
2026.10.06-02.18.56 TAG fighter=f-1-sk0 bbox=(1201,427,1285,449) mode=compact look=P2 placement=above ring=0 hardPx2=0 softPx2=0 order=0 bound=1
2026.10.06-02.18.56 TAG fighter=f-0-hero bbox=(977,622,1079,644) mode=compact look=P1 placement=left ring=0 hardPx2=0 softPx2=0 order=4 bound=1
2026.10.06-02.18.56 TAG fighter=f-0-sk0 bbox=(509,496,593,518) mode=compact look=P1 placement=above ring=0 hardPx2=0 softPx2=0 order=2 bound=1
2026.10.06-02.18.56 TAG fighter=f-0-sk1 bbox=(396,458,480,480) mode=compact look=P1 placement=above ring=0 hardPx2=0 softPx2=0 order=1 bound=1
2026.10.06-02.18.56 TAG fighter=f-0-sk2 bbox=(308,584,392,606) mode=compact look=P1 placement=left ring=0 hardPx2=0 softPx2=0 order=3 bound=1
2026.10.06-02.18.56 TAG fighter=f-1-sk0 bbox=(1201,427,1285,449) mode=compact look=P2 placement=above ring=0 hardPx2=0 softPx2=0 order=0 bound=1
2026.10.06-02.18.56 TAG fighter=f-0-hero bbox=(977,622,1079,644) mode=compact look=P1 placement=left ring=0 hardPx2=0 softPx2=0 order=4 bound=1
2026.10.06-02.18.56 TAG fighter=f-0-sk0 bbox=(509,496,593,518) mode=compact look=P1 placement=above ring=0 hardPx2=0 softPx2=0 order=2 bound=1
2026.10.06-02.18.56 TAG fighter=f-0-sk1 bbox=(396,458,480,480) mode=compact look=P1 placement=above ring=0 hardPx2=0 softPx2=0 order=1 bound=1
2026.10.06-02.18.56 TAG fighter=f-0-sk2 bbox=(308,584,392,606) mode=compact look=P1 placement=left ring=0 hardPx2=0 softPx2=0 order=3 bound=1
2026.10.06-02.18.56 TAG fighter=f-1-sk0 bbox=(1201,427,1285,449) mode=compact look=P2 placement=above ring=0 hardPx2=0 softPx2=0 order=0 bound=1
2026.10.06-02.18.56 SNAPSHOT applied seq=69 phase=ACTION_MANEUVER
2026.10.06-02.18.56 HANDLE_APPLIED #95 seq=69 decision=2 fightersValid=1 boardValid=1
2026.10.06-02.18.56 closed mode=
2026.10.06-02.18.56 MODE seq=69 mode=0 combat=0 pending=0
2026.10.06-02.18.56 HUD seq=69 phase=ACTION_MANEUVER turn=you hand=2 oppHand=7(hidden) oppDeck=13 deck=19 discard=9
2026.10.06-02.18.56 MS-STATUS seq=69 text="Choose an action: maneuver (M), attack (A) or scheme (G)"
2026.10.06-02.18.56 ARTPREVIEW fighter=Medusa hero=1 eligible=0 visual=1 mesh=SK_Medusa_H2LD
2026.10.06-02.18.56 ARTPREVIEW selection ring shown fighter=King Arthur mesh=SM_Marker_SelectionRing
2026.10.06-02.18.56 FIGHTERS synced n=6 alive=6 own=4 enemy=2
2026.10.06-02.18.56 ARTPREVIEW hero-light fighter=f-1-hero state=idle layers=2 lightsOn=2 keyCd=21.443 rimCd=1.822 mul=1.000 pulse=none
2026.10.06-02.18.56 ARTPREVIEW damage-number fighter=f-1-hero amount=1 seq=69 cell=(6,3)
2026.10.06-02.18.56 ARTPREVIEW anim fighter=f-1-hero clip=HitReact len=0.417 event=damaged loop=0 phase=0.0000 seq=69 asset=AM_KingArthur_HitReact rate=1.00
2026.10.06-02.18.56 ARTPREVIEW hit-tint fighter=f-1-hero ms=450
2026.10.06-02.18.56 VO event=HURT speaker=ARTHUR t=56347 result=skipped line=- prio=3 reason=chance
2026.10.06-02.18.56 CUE damage f-1-hero -1 seq=69
2026.10.06-02.18.56 PEND resolve done seq=69 (apply) phase=ACTION_MANEUVER
2026.10.06-02.18.56 SNAPSHOT applied seq=69 phase=ACTION_MANEUVER
2026.10.06-02.18.56 HANDLE_APPLIED #96 seq=69 decision=1 fightersValid=1 boardValid=1
2026.10.06-02.18.56 MODE seq=69 mode=0 combat=0 pending=0
2026.10.06-02.18.56 HUD seq=69 phase=ACTION_MANEUVER turn=you hand=2 oppHand=7(hidden) oppDeck=13 deck=19 discard=9
2026.10.06-02.18.56 ARTPREVIEW fighter=Medusa hero=1 eligible=0 visual=1 mesh=SK_Medusa_H2LD
2026.10.06-02.18.56 FIGHTERS synced n=6 alive=6 own=4 enemy=2
2026.10.06-02.18.56 WS seq=69 phase=ACTION_MANEUVER (merge)
2026.10.06-02.18.56 CUE sound id=CUE-011 point=hit subject=f-1-hero seq=69 t=56347 event_t=56347 dt=0 class=SFX sound=SW_CMB_HIT_MAGIC_02 gain=0.80 result=played bank=CMB-HIT-MAGIC
2026.10.06-02.18.56 HUD-HEART side=opp hero=f-1-hero hp=6/18 anim=damage glow=1 played=1
2026.10.06-02.18.56 HUD-HAND lower=0 pick=none cursor=board preview=shown seq=69
2026.10.06-02.18.56 S09AUTO drive mode=0 plan=[attack+scheme] phase=ACTION_MANEUVER turn=cmuhntivg0000wib0anhqyswc
2026.10.06-02.18.56 S09AUTO attack (attacker=f-0-hero target-set card-set)
2026.10.06-02.18.56 ATTACK sent ability=none
2026.10.06-02.18.56 HUD-TRACK chosen=attack seq=69 spent=0
2026.10.06-02.18.56 ARTPREVIEW hero-light fighter=f-0-hero state=active layers=2 lightsOn=2 keyCd=20.269 rimCd=1.722 mul=1.127 pulse=0.40Hz+-4%
2026.10.06-02.18.56 ARTPREVIEW combat marker fighter=Medusa attacker=1 target=0 icon=0 targetMesh=SM_Marker_TargetRing iconMode=screen targetArcScaleXY=0.920
2026.10.06-02.18.56 ARTPREVIEW combat marker fighter=King Arthur attacker=0 target=1 icon=1 targetMesh=SM_Marker_TargetRing iconMode=screen targetArcScaleXY=0.920
2026.10.06-02.18.56 MS-STATUS seq=69 text="Syncing…"
2026.10.06-02.18.56 TOAST text="attack sent"
2026.10.06-02.18.56 PLATE hidden fighter=f-1-hero
2026.10.06-02.18.56 TAG fighter=f-0-hero bbox=(977,622,1079,644) mode=compact look=P1 placement=left ring=0 hardPx2=0 softPx2=0 order=5 bound=1
2026.10.06-02.18.56 TAG fighter=f-0-sk0 bbox=(509,496,593,518) mode=compact look=P1 placement=above ring=0 hardPx2=0 softPx2=0 order=3 bound=1
2026.10.06-02.18.56 TAG fighter=f-0-sk1 bbox=(396,458,480,480) mode=compact look=P1 placement=above ring=0 hardPx2=0 softPx2=0 order=2 bound=1
2026.10.06-02.18.56 TAG fighter=f-0-sk2 bbox=(308,584,392,606) mode=compact look=P1 placement=left ring=0 hardPx2=0 softPx2=0 order=4 bound=1
2026.10.06-02.18.56 TAG fighter=f-1-hero bbox=(1036,519,1129,541) mode=compact look=P2 placement=left ring=0 hardPx2=0 softPx2=0 order=0 bound=1
2026.10.06-02.18.56 TAG fighter=f-1-sk0 bbox=(1201,427,1285,449) mode=compact look=P2 placement=above ring=0 hardPx2=0 softPx2=0 order=1 bound=1
2026.10.06-02.18.56 ICON fighter=f-1-hero bbox=(1217,541,1249,573) size=32 src=combat anchor=right fallback=0 overlapPx2=0 texture=/Game/S08/UI/IconsV3/T_IV3_action_attack_token_32.T_IV3_action_attack_token_32
2026.10.06-02.18.56 DAMAGE fighter=f-1-hero bbox=(1063,489,1103,517) amount=1 seq=69 placement=above ring=0 hardPx2=0 softPx2=0
2026.10.06-02.18.56 HUD-TRACK own=1/2 server=0 local=1 opp=0/2 oppVisible=0 anim=spend/- seq=69 frame=1590
2026.10.06-02.18.56 TAG fighter=f-0-hero bbox=(977,622,1079,644) mode=compact look=P1 placement=left ring=0 hardPx2=0 softPx2=0 order=5 bound=1
2026.10.06-02.18.56 TAG fighter=f-0-sk0 bbox=(509,496,593,518) mode=compact look=P1 placement=above ring=0 hardPx2=0 softPx2=0 order=3 bound=1
2026.10.06-02.18.56 TAG fighter=f-0-sk1 bbox=(396,458,480,480) mode=compact look=P1 placement=above ring=0 hardPx2=0 softPx2=0 order=2 bound=1
2026.10.06-02.18.56 TAG fighter=f-0-sk2 bbox=(308,584,392,606) mode=compact look=P1 placement=left ring=0 hardPx2=0 softPx2=0 order=4 bound=1
2026.10.06-02.18.56 TAG fighter=f-1-hero bbox=(1036,519,1129,541) mode=compact look=P2 placement=left ring=0 hardPx2=0 softPx2=0 order=0 bound=1
2026.10.06-02.18.56 TAG fighter=f-1-sk0 bbox=(1201,427,1285,449) mode=compact look=P2 placement=above ring=0 hardPx2=0 softPx2=0 order=1 bound=1
2026.10.06-02.18.56 ICON fighter=f-1-hero bbox=(1217,541,1249,573) size=32 src=combat anchor=right fallback=0 overlapPx2=0 texture=/Game/S08/UI/IconsV3/T_IV3_action_attack_token_32.T_IV3_action_attack_token_32
2026.10.06-02.18.56 TAG fighter=f-0-hero bbox=(977,622,1079,644) mode=compact look=P1 placement=left ring=0 hardPx2=0 softPx2=0 order=5 bound=1
2026.10.06-02.18.56 TAG fighter=f-0-sk0 bbox=(509,496,593,518) mode=compact look=P1 placement=above ring=0 hardPx2=0 softPx2=0 order=3 bound=1
2026.10.06-02.18.56 TAG fighter=f-0-sk1 bbox=(396,458,480,480) mode=compact look=P1 placement=above ring=0 hardPx2=0 softPx2=0 order=2 bound=1
2026.10.06-02.18.56 TAG fighter=f-0-sk2 bbox=(308,584,392,606) mode=compact look=P1 placement=left ring=0 hardPx2=0 softPx2=0 order=4 bound=1
2026.10.06-02.18.56 TAG fighter=f-1-hero bbox=(1036,519,1129,541) mode=compact look=P2 placement=left ring=0 hardPx2=0 softPx2=0 order=0 bound=1
2026.10.06-02.18.56 TAG fighter=f-1-sk0 bbox=(1201,427,1285,449) mode=compact look=P2 placement=above ring=0 hardPx2=0 softPx2=0 order=1 bound=1
2026.10.06-02.18.56 ICON fighter=f-1-hero bbox=(1217,541,1249,573) size=32 src=combat anchor=right fallback=0 overlapPx2=0 texture=/Game/S08/UI/IconsV3/T_IV3_action_attack_token_32.T_IV3_action_attack_token_32
2026.10.06-02.18.56 SNAPSHOT applied seq=70 phase=COMBAT
2026.10.06-02.18.56 HANDLE_APPLIED #97 seq=70 decision=2 fightersValid=1 boardValid=1
2026.10.06-02.18.56 CUE sound id=CUE-008 point=cue subject=f-0-hero seq=70 t=56447 event_t=56447 dt=0 class=SFX sound=SW_CMB_ATTACK_DECLARE_02 gain=0.80 result=played
2026.10.06-02.18.56 VO event=ATTACK speaker=MEDUSA t=56447 result=skipped line=- prio=3 reason=cooldown
2026.10.06-02.18.56 CUE fx id=CUE-008 subject=f-0-hero seq=70 t=56447 vfx=missing sfx=missing clip=none mat=none socket=Weapon reduced=0 result=fallback
2026.10.06-02.18.56 closed mode=
2026.10.06-02.18.56 MODE seq=70 mode=0 combat=1 pending=0
2026.10.06-02.18.56 MS-OPP verb=defend seq=70
2026.10.06-02.18.56 MS-TRACK own=1/2 opp=0/2 oppVisible=0 seq=70
2026.10.06-02.18.56 HUD seq=70 phase=COMBAT turn=you hand=1 oppHand=7(hidden) oppDeck=13~ deck=19~ discard=10
2026.10.06-02.18.56 ARTPREVIEW fighter=Medusa hero=1 eligible=0 visual=1 mesh=SK_Medusa_H2LD
2026.10.06-02.18.56 FIGHTERS synced n=6 alive=6 own=4 enemy=2
2026.10.06-02.18.56 WS seq=70 phase=COMBAT (apply)
2026.10.06-02.18.56 HUD-TRACK own=1/2 server=1 local=0 opp=0/2 oppVisible=0 anim=-/- seq=70 frame=1592
2026.10.06-02.18.56 TAG fighter=f-0-hero bbox=(977,622,1079,644) mode=compact look=P1 placement=left ring=0 hardPx2=0 softPx2=0 order=5 bound=1
2026.10.06-02.18.56 TAG fighter=f-0-sk0 bbox=(509,496,593,518) mode=compact look=P1 placement=above ring=0 hardPx2=0 softPx2=0 order=3 bound=1
2026.10.06-02.18.56 TAG fighter=f-0-sk1 bbox=(396,458,480,480) mode=compact look=P1 placement=above ring=0 hardPx2=0 softPx2=0 order=2 bound=1
2026.10.06-02.18.56 TAG fighter=f-0-sk2 bbox=(308,584,392,606) mode=compact look=P1 placement=left ring=0 hardPx2=0 softPx2=0 order=4 bound=1
2026.10.06-02.18.56 TAG fighter=f-1-hero bbox=(1036,519,1129,541) mode=compact look=P2 placement=left ring=0 hardPx2=0 softPx2=0 order=0 bound=1
2026.10.06-02.18.56 TAG fighter=f-1-sk0 bbox=(1201,427,1285,449) mode=compact look=P2 placement=above ring=0 hardPx2=0 softPx2=0 order=1 bound=1
2026.10.06-02.18.56 ICON fighter=f-1-hero bbox=(1217,541,1249,573) size=32 src=combat anchor=right fallback=0 overlapPx2=0 texture=/Game/S08/UI/IconsV3/T_IV3_action_attack_token_32.T_IV3_action_attack_token_32
2026.10.06-02.18.56 SNAPSHOT applied seq=70 phase=COMBAT
2026.10.06-02.18.56 HANDLE_APPLIED #98 seq=70 decision=1 fightersValid=1 boardValid=1
2026.10.06-02.18.56 MODE seq=70 mode=0 combat=1 pending=0
2026.10.06-02.18.56 HUD seq=70 phase=COMBAT turn=you hand=1 oppHand=7(hidden) oppDeck=13 deck=19 discard=10
2026.10.06-02.18.56 MS-STATUS seq=70 text="Waiting for the defender"
2026.10.06-02.18.56 ARTPREVIEW fighter=Medusa hero=1 eligible=0 visual=1 mesh=SK_Medusa_H2LD
2026.10.06-02.18.56 FIGHTERS synced n=6 alive=6 own=4 enemy=2
2026.10.06-02.18.56 ATTACK done seq=70 (merge) phase=COMBAT
2026.10.06-02.18.56 MS-LAST off seq=67 fade=300
2026.10.06-02.18.56 TAG fighter=f-0-hero bbox=(977,622,1079,644) mode=compact look=P1 placement=left ring=0 hardPx2=0 softPx2=0 order=5 bound=1
2026.10.06-02.18.56 TAG fighter=f-0-sk0 bbox=(509,496,593,518) mode=compact look=P1 placement=above ring=0 hardPx2=0 softPx2=0 order=3 bound=1
2026.10.06-02.18.56 TAG fighter=f-0-sk1 bbox=(396,458,480,480) mode=compact look=P1 placement=above ring=0 hardPx2=0 softPx2=0 order=2 bound=1
2026.10.06-02.18.56 TAG fighter=f-0-sk2 bbox=(308,584,392,606) mode=compact look=P1 placement=left ring=0 hardPx2=0 softPx2=0 order=4 bound=1
2026.10.06-02.18.56 TAG fighter=f-1-hero bbox=(1036,519,1129,541) mode=compact look=P2 placement=left ring=0 hardPx2=0 softPx2=0 order=0 bound=1
2026.10.06-02.18.56 TAG fighter=f-1-sk0 bbox=(1201,427,1285,449) mode=compact look=P2 placement=above ring=0 hardPx2=0 softPx2=0 order=1 bound=1
2026.10.06-02.18.56 ICON fighter=f-1-hero bbox=(1217,541,1249,573) size=32 src=combat anchor=right fallback=0 overlapPx2=0 texture=/Game/S08/UI/IconsV3/T_IV3_action_attack_token_32.T_IV3_action_attack_token_32
2026.10.06-02.18.56 TAG fighter=f-0-hero bbox=(977,622,1079,644) mode=compact look=P1 placement=left ring=0 hardPx2=0 softPx2=0 order=5 bound=1
2026.10.06-02.18.56 TAG fighter=f-0-sk0 bbox=(509,496,593,518) mode=compact look=P1 placement=above ring=0 hardPx2=0 softPx2=0 order=3 bound=1
2026.10.06-02.18.56 TAG fighter=f-0-sk1 bbox=(396,458,480,480) mode=compact look=P1 placement=above ring=0 hardPx2=0 softPx2=0 order=2 bound=1
2026.10.06-02.18.56 TAG fighter=f-0-sk2 bbox=(308,584,392,606) mode=compact look=P1 placement=left ring=0 hardPx2=0 softPx2=0 order=4 bound=1
2026.10.06-02.18.56 TAG fighter=f-1-hero bbox=(1036,519,1129,541) mode=compact look=P2 placement=left ring=0 hardPx2=0 softPx2=0 order=0 bound=1
2026.10.06-02.18.56 TAG fighter=f-1-sk0 bbox=(1201,427,1285,449) mode=compact look=P2 placement=above ring=0 hardPx2=0 softPx2=0 order=1 bound=1
2026.10.06-02.18.56 ICON fighter=f-1-hero bbox=(1217,541,1249,573) size=32 src=combat anchor=right fallback=0 overlapPx2=0 texture=/Game/S08/UI/IconsV3/T_IV3_action_attack_token_32.T_IV3_action_attack_token_32
2026.10.06-02.18.56 ARTPREVIEW anim fighter=f-1-hero clip=Idle len=2.500 event=clipFinished loop=1 phase=0.3470 seq=-1 asset=AM_KingArthur_Idle rate=1.00
2026.10.06-02.18.56 CUE fx done id=CUE-008 subject=f-0-hero seq=70 t=57047 ms=600 cut=0
2026.10.06-02.18.57 game -> room=cmuw1u4nq0561t84m7cuv93yr code=<redacted> status=IN_PROGRESS
2026.10.06-02.18.57 TAG fighter=f-0-hero bbox=(977,622,1079,644) mode=compact look=P1 placement=left ring=0 hardPx2=0 softPx2=0 order=5 bound=1
2026.10.06-02.18.57 TAG fighter=f-0-sk0 bbox=(509,496,593,518) mode=compact look=P1 placement=above ring=0 hardPx2=0 softPx2=0 order=3 bound=1
2026.10.06-02.18.57 TAG fighter=f-0-sk1 bbox=(396,458,480,480) mode=compact look=P1 placement=above ring=0 hardPx2=0 softPx2=0 order=2 bound=1
2026.10.06-02.18.57 TAG fighter=f-0-sk2 bbox=(308,584,392,606) mode=compact look=P1 placement=left ring=0 hardPx2=0 softPx2=0 order=4 bound=1
2026.10.06-02.18.57 TAG fighter=f-1-hero bbox=(1036,519,1129,541) mode=compact look=P2 placement=left ring=0 hardPx2=0 softPx2=0 order=0 bound=1
2026.10.06-02.18.57 TAG fighter=f-1-sk0 bbox=(1201,427,1285,449) mode=compact look=P2 placement=above ring=0 hardPx2=0 softPx2=0 order=1 bound=1
2026.10.06-02.18.57 ICON fighter=f-1-hero bbox=(1217,541,1249,573) size=32 src=combat anchor=right fallback=0 overlapPx2=0 texture=/Game/S08/UI/IconsV3/T_IV3_action_attack_token_32.T_IV3_action_attack_token_32
2026.10.06-02.18.57 SNAPSHOT applied seq=71 phase=COMBAT_RESOLVE
2026.10.06-02.18.57 HANDLE_APPLIED #99 seq=71 decision=2 fightersValid=1 boardValid=1
2026.10.06-02.18.57 CUE sound id=CUE-009 point=cue subject=f-1-hero seq=71 t=57447 event_t=57447 dt=0 class=SFX sound=SW_CMB_DEFENSE_PLAYED_02 gain=0.80 result=played
2026.10.06-02.18.57 VO event=DEFEND speaker=ARTHUR t=57447 result=skipped line=- prio=4 reason=chance
2026.10.06-02.18.57 CUE fx id=CUE-009 subject=f-1-hero seq=71 t=57447 vfx=missing sfx=missing clip=none mat=FxFlash socket=Head reduced=0 result=fallback
2026.10.06-02.18.57 closed mode=
2026.10.06-02.18.57 MODE seq=71 mode=5 combat=1 pending=0
2026.10.06-02.18.57 HUD seq=71 phase=COMBAT_RESOLVE turn=you hand=1 oppHand=6(hidden) oppDeck=13~ deck=19~ discard=10
2026.10.06-02.18.57 MS-STATUS seq=71 text="Resolve the combat (R)"
2026.10.06-02.18.57 ARTPREVIEW fighter=Medusa hero=1 eligible=0 visual=1 mesh=SK_Medusa_H2LD
2026.10.06-02.18.57 FIGHTERS synced n=6 alive=6 own=4 enemy=2
2026.10.06-02.18.57 WS seq=71 phase=COMBAT_RESOLVE (apply)
2026.10.06-02.18.57 HUD-SLOT off seq=68 ribbon=discarded shown=1267 reason=done
2026.10.06-02.18.57 S09AUTO drive mode=5 plan=[attack+scheme] phase=COMBAT_RESOLVE turn=cmuhntivg0000wib0anhqyswc
2026.10.06-02.18.57 TAG fighter=f-0-hero bbox=(977,622,1079,644) mode=compact look=P1 placement=left ring=0 hardPx2=0 softPx2=0 order=5 bound=1
2026.10.06-02.18.57 TAG fighter=f-0-sk0 bbox=(509,496,593,518) mode=compact look=P1 placement=above ring=0 hardPx2=0 softPx2=0 order=3 bound=1
2026.10.06-02.18.57 TAG fighter=f-0-sk1 bbox=(396,458,480,480) mode=compact look=P1 placement=above ring=0 hardPx2=0 softPx2=0 order=2 bound=1
2026.10.06-02.18.57 TAG fighter=f-0-sk2 bbox=(308,584,392,606) mode=compact look=P1 placement=left ring=0 hardPx2=0 softPx2=0 order=4 bound=1
2026.10.06-02.18.57 TAG fighter=f-1-hero bbox=(1036,519,1129,541) mode=compact look=P2 placement=left ring=0 hardPx2=0 softPx2=0 order=0 bound=1
2026.10.06-02.18.57 TAG fighter=f-1-sk0 bbox=(1201,427,1285,449) mode=compact look=P2 placement=above ring=0 hardPx2=0 softPx2=0 order=1 bound=1
2026.10.06-02.18.57 ICON fighter=f-1-hero bbox=(1217,541,1249,573) size=32 src=combat anchor=right fallback=0 overlapPx2=0 texture=/Game/S08/UI/IconsV3/T_IV3_action_attack_token_32.T_IV3_action_attack_token_32
2026.10.06-02.18.57 SNAPSHOT applied seq=72 phase=COMBAT_RESOLVE
2026.10.06-02.18.57 HANDLE_APPLIED #100 seq=72 decision=2 fightersValid=1 boardValid=1
2026.10.06-02.18.57 MODE seq=72 mode=5 combat=1 pending=1
2026.10.06-02.18.57 MS-OPP verb=ability seq=72
2026.10.06-02.18.57 HUD seq=72 phase=COMBAT_RESOLVE turn=you hand=1 oppHand=6(hidden) oppDeck=13~ deck=19~ discard=10
2026.10.06-02.18.57 MS-STATUS seq=72 text="Waiting for the opponent's choice"
2026.10.06-02.18.57 RESOLVE panel revealed: A2+B0 vs D3
2026.10.06-02.18.57 RESOLVE panel blocked by pending (type=MOVE id=cmq7d7b1e00o5wi74xmy8zb0v-after-0-p0)
2026.10.06-02.18.57 ARTPREVIEW fighter=Medusa hero=1 eligible=0 visual=1 mesh=SK_Medusa_H2LD
2026.10.06-02.18.57 FIGHTERS synced n=6 alive=6 own=4 enemy=2
2026.10.06-02.18.57 WS seq=72 phase=COMBAT_RESOLVE (apply)
2026.10.06-02.18.57 S09AUTO resolve-blocked shot (type=MOVE)
2026.10.06-02.18.57 SHOT ctx viewport=1920x1080 viewTarget=CameraActor_2147482025 cam=(0,1342,1917) rot=(-55,-90,0)
2026.10.06-02.18.57 RENDER tag=SHOT rhi=D3D12 featureLevel=SM6 shaderPlatform=PCD3D_SM6 lumenPlatform=1 gi=lumen giMethod=1 refl=lumen reflMethod=1 shadows=csm vsmEnable=0 sg.res=100 sg.view=2 sg.aa=2 sg.shadow=2 sg.gi=2 sg.refl=2 sg.pp=2 sg.tex=2 sg.fx=2 sg.foliage=2 sg.shading=2 sg.landscape=2 preset=High screenPct=100.0 screenPctMode=0 aa=TSR aaMethod=4 exposure=fixed-histogram expMin=4.14106 expMax=4.14106 expBias=0.000 ev100=2.05 lightUnits=candelas sky=1 skyIntensity=3.000 keyShadow=csm-3600uu-2c-contact0.000 shadowCasters=1 profile=sarpedon-night profilesSha256=0a3417258f46ad3d99620bcbabd1b37615192b7a59f090c77515189845b33bb7 profilesSource=pak legacyRender=0 gameLayer=unlit-eyeadaptinv tMaxFPS=30.0 vsync=0 frameRateLimit=60.0 substrate=0 nanite=1 meshDF=1 viewport=1920x1080 reference=1
2026.10.06-02.18.57 SHOT fighter f-0-hero pos=(5,4) world=(119,141,0) screen=(1120,695) projected=1 alive=1
2026.10.06-02.18.57 SHOT fighter f-0-sk0 pos=(1,3) world=(-309,33,0) screen=(555,576) projected=1 alive=1
2026.10.06-02.18.57 SHOT fighter f-0-sk1 pos=(0,2) world=(-398,-3,0) screen=(442,537) projected=1 alive=1
2026.10.06-02.18.57 SHOT fighter f-0-sk2 pos=(0,3) world=(-394,92,0) screen=(435,640) projected=1 alive=1
2026.10.06-02.18.57 SHOT fighter f-1-hero pos=(6,3) world=(159,52,0) screen=(1169,596) projected=1 alive=1
2026.10.06-02.18.57 SHOT fighter f-1-sk0 pos=(6,2) world=(217,-26,0) screen=(1240,512) projected=1 alive=1
2026.10.06-02.18.57 SHOT camera dist=2340.2 target=2340.2 overview=2340.2 errPct=0.000 focusErr=0.00 settled=1 zoom=1.00
2026.10.06-02.18.57 SHOT head fighter=f-0-hero socket=Head mesh=SK_Medusa_H2LD world=(119.7,139.6,47.0) screen=(1124.1,659.8) top=(1124.4,655.3) bottom=(1123.7,664.2) headPx=8.9 projected=1
2026.10.06-02.18.57 SHOT head fighter=f-0-sk0 socket=Head mesh=SK_Harpy_H3LD world=(-309.1,27.9,34.1) screen=(550.2,544.5) top=(549.3,539.9) bottom=(551.1,549.0) headPx=9.3 projected=1
2026.10.06-02.18.57 SHOT head fighter=f-0-sk1 socket=Head mesh=SK_Harpy_H3LD world=(-398.7,2.2,34.3) screen=(434.7,516.5) top=(433.6,511.9) bottom=(435.8,521.1) headPx=9.4 projected=1
2026.10.06-02.18.57 SHOT head fighter=f-0-sk2 socket=Head mesh=SK_Harpy_H3LD world=(-393.6,86.7,34.0) screen=(430.4,609.3) top=(429.2,604.8) bottom=(431.5,613.8) headPx=9.3 projected=1
2026.10.06-02.18.57 SHOT head fighter=f-1-hero socket=Head mesh=SK_KingArthur_H2LD world=(158.4,51.0,50.1) screen=(1172.4,557.5) top=(1172.9,552.9) bottom=(1172.0,562.0) headPx=9.2 projected=1
2026.10.06-02.18.57 SHOT head fighter=f-1-sk0 socket=Head mesh=SK_Merlin_H2LD world=(216.4,-23.3,36.7) screen=(1243.5,487.4) top=(1244.1,482.8) bottom=(1242.9,492.0) headPx=9.3 projected=1
2026.10.06-02.18.57 SHOT figure fighter=f-0-hero bbox=(1081,622,1164,728) ringR=28.50 art=1 blockout=0 team=P1 look=P1 ring=1
2026.10.06-02.18.57 SHOT figure fighter=f-0-sk0 bbox=(516,520,586,600) ringR=22.23 art=1 blockout=0 team=P1 look=P1 ring=1
2026.10.06-02.18.57 SHOT figure fighter=f-0-sk1 bbox=(402,482,474,561) ringR=22.23 art=1 blockout=0 team=P1 look=P1 ring=1
2026.10.06-02.18.57 SHOT figure fighter=f-0-sk2 bbox=(394,584,467,665) ringR=22.23 art=1 blockout=0 team=P1 look=P1 ring=1
2026.10.06-02.18.57 SHOT figure fighter=f-1-hero bbox=(1131,519,1214,627) ringR=28.50 art=1 blockout=0 team=P2 look=P2 ring=1
2026.10.06-02.18.57 SHOT figure fighter=f-1-sk0 bbox=(1210,451,1276,536) ringR=22.23 art=1 blockout=0 team=P2 look=P2 ring=1
2026.10.06-02.18.57 SHOT request file=s09-resolve-blocked-MOVE.png frame=1625
2026.10.06-02.18.57 SHOT requested: FScreenshotRequest(bShowUI) -> C:\Users\ren\AppData\Local\Temp\s09-combat-20261006-071758-37616\host/s09-resolve-blocked-MOVE.png
2026.10.06-02.18.57 SHOT captured file=s09-resolve-blocked-MOVE.png frame=1625 px=1920x1080 sha256=0a5d5ae569daa65c966d067f2af2b26c457583fd595dd2ae2a37419e6d3c98f5 order=BGRA saved=1
2026.10.06-02.18.57 SHOT late begin file=s09-resolve-blocked-MOVE.png frame=1625 requestFrame=1625
2026.10.06-02.18.57 SHOT icon fighter=f-1-hero bbox=(1217,541,1249,573) size=32 src=combat planned=(1217,541,1249,573) geom=painted visible=1 anchor=right fallback=0 overlapPx2=0 texture=/Game/S08/UI/IconsV3/T_IV3_action_attack_token_32.T_IV3_action_attack_token_32 frame=1625
2026.10.06-02.18.57 SHOT widget id=icon impl=umg-motion state=combat fighter=f-1-hero bbox=(1217,541,1249,573) geom=painted visible=1 twin=0 source=S08AnimatedIconWidget:action-attack-token frame=1625
2026.10.06-02.18.57 SHOT widget id=board.tag impl=umg state=compact fighter=f-0-hero bbox=(977,622,1079,644) geom=painted visible=1 twin=0 source=/Game/S08/UI/ArtHud/WBP_S08ArtTag mode=compact look=P1 shape=circle placement=left ring=0 order=5 bound=1 softPx2=0 planned=(977,622,1079,644) frame=1625
2026.10.06-02.18.57 SHOT widget id=board.tag.hp impl=umg state=compact fighter=f-0-hero bbox=(1033,624,1075,642) geom=painted visible=1 twin=0 source=/Game/S08/UI/ArtHud/WBP_S08ArtTag mode=compact look=P1 shape=circle placement=left ring=0 order=5 bound=1 softPx2=0 planned=(977,622,1079,644) frame=1625 font=11
2026.10.06-02.18.57 SHOT widget id=board.tag.bar impl=umg state=compact fighter=f-0-hero bbox=(996,631,1030,636) geom=painted visible=1 twin=0 source=/Game/S08/UI/ArtHud/WBP_S08ArtTag mode=compact look=P1 shape=circle placement=left ring=0 order=5 bound=1 softPx2=0 planned=(977,622,1079,644) frame=1625
2026.10.06-02.18.57 SHOT widget id=board.tag.chip impl=umg state=compact fighter=f-0-hero bbox=(981,627,993,639) geom=painted visible=1 twin=0 source=/Game/S08/UI/ArtHud/WBP_S08ArtTag mode=compact look=P1 shape=circle placement=left ring=0 order=5 bound=1 softPx2=0 planned=(977,622,1079,644) frame=1625
2026.10.06-02.18.57 SHOT widget id=board.tag impl=umg state=compact fighter=f-0-sk0 bbox=(509,496,593,518) geom=painted visible=1 twin=0 source=/Game/S08/UI/ArtHud/WBP_S08ArtTag mode=compact look=P1 shape=circle placement=above ring=0 order=3 bound=1 softPx2=0 planned=(509,496,593,518) frame=1625
2026.10.06-02.18.57 SHOT widget id=board.tag.hp impl=umg state=compact fighter=f-0-sk0 bbox=(565,498,589,516) geom=painted visible=1 twin=0 source=/Game/S08/UI/ArtHud/WBP_S08ArtTag mode=compact look=P1 shape=circle placement=above ring=0 order=3 bound=1 softPx2=0 planned=(509,496,593,518) frame=1625 font=11
2026.10.06-02.18.57 SHOT widget id=board.tag.bar impl=umg state=compact fighter=f-0-sk0 bbox=(528,505,562,510) geom=painted visible=1 twin=0 source=/Game/S08/UI/ArtHud/WBP_S08ArtTag mode=compact look=P1 shape=circle placement=above ring=0 order=3 bound=1 softPx2=0 planned=(509,496,593,518) frame=1625
2026.10.06-02.18.57 SHOT widget id=board.tag.chip impl=umg state=compact fighter=f-0-sk0 bbox=(513,501,525,513) geom=painted visible=1 twin=0 source=/Game/S08/UI/ArtHud/WBP_S08ArtTag mode=compact look=P1 shape=circle placement=above ring=0 order=3 bound=1 softPx2=0 planned=(509,496,593,518) frame=1625
2026.10.06-02.18.57 SHOT widget id=board.tag impl=umg state=compact fighter=f-0-sk1 bbox=(396,458,480,480) geom=painted visible=1 twin=0 source=/Game/S08/UI/ArtHud/WBP_S08ArtTag mode=compact look=P1 shape=circle placement=above ring=0 order=2 bound=1 softPx2=0 planned=(396,458,480,480) frame=1625
2026.10.06-02.18.57 SHOT widget id=board.tag.hp impl=umg state=compact fighter=f-0-sk1 bbox=(452,460,476,478) geom=painted visible=1 twin=0 source=/Game/S08/UI/ArtHud/WBP_S08ArtTag mode=compact look=P1 shape=circle placement=above ring=0 order=2 bound=1 softPx2=0 planned=(396,458,480,480) frame=1625 font=11
2026.10.06-02.18.57 SHOT widget id=board.tag.bar impl=umg state=compact fighter=f-0-sk1 bbox=(415,467,449,472) geom=painted visible=1 twin=0 source=/Game/S08/UI/ArtHud/WBP_S08ArtTag mode=compact look=P1 shape=circle placement=above ring=0 order=2 bound=1 softPx2=0 planned=(396,458,480,480) frame=1625
2026.10.06-02.18.57 SHOT widget id=board.tag.chip impl=umg state=compact fighter=f-0-sk1 bbox=(400,463,412,475) geom=painted visible=1 twin=0 source=/Game/S08/UI/ArtHud/WBP_S08ArtTag mode=compact look=P1 shape=circle placement=above ring=0 order=2 bound=1 softPx2=0 planned=(396,458,480,480) frame=1625
2026.10.06-02.18.57 SHOT widget id=board.tag impl=umg state=compact fighter=f-0-sk2 bbox=(308,584,392,606) geom=painted visible=1 twin=0 source=/Game/S08/UI/ArtHud/WBP_S08ArtTag mode=compact look=P1 shape=circle placement=left ring=0 order=4 bound=1 softPx2=0 planned=(308,584,392,606) frame=1625
2026.10.06-02.18.57 SHOT widget id=board.tag.hp impl=umg state=compact fighter=f-0-sk2 bbox=(364,586,388,604) geom=painted visible=1 twin=0 source=/Game/S08/UI/ArtHud/WBP_S08ArtTag mode=compact look=P1 shape=circle placement=left ring=0 order=4 bound=1 softPx2=0 planned=(308,584,392,606) frame=1625 font=11
2026.10.06-02.18.57 SHOT widget id=board.tag.bar impl=umg state=compact fighter=f-0-sk2 bbox=(327,593,361,598) geom=painted visible=1 twin=0 source=/Game/S08/UI/ArtHud/WBP_S08ArtTag mode=compact look=P1 shape=circle placement=left ring=0 order=4 bound=1 softPx2=0 planned=(308,584,392,606) frame=1625
2026.10.06-02.18.57 SHOT widget id=board.tag.chip impl=umg state=compact fighter=f-0-sk2 bbox=(312,589,324,601) geom=painted visible=1 twin=0 source=/Game/S08/UI/ArtHud/WBP_S08ArtTag mode=compact look=P1 shape=circle placement=left ring=0 order=4 bound=1 softPx2=0 planned=(308,584,392,606) frame=1625
2026.10.06-02.18.57 SHOT widget id=board.tag impl=umg state=compact fighter=f-1-hero bbox=(1036,519,1129,541) geom=painted visible=1 twin=0 source=/Game/S08/UI/ArtHud/WBP_S08ArtTag mode=compact look=P2 shape=hex placement=left ring=0 order=0 bound=1 softPx2=0 planned=(1036,519,1129,541) frame=1625
2026.10.06-02.18.57 SHOT widget id=board.tag.hp impl=umg state=compact fighter=f-1-hero bbox=(1092,521,1125,539) geom=painted visible=1 twin=0 source=/Game/S08/UI/ArtHud/WBP_S08ArtTag mode=compact look=P2 shape=hex placement=left ring=0 order=0 bound=1 softPx2=0 planned=(1036,519,1129,541) frame=1625 font=11
2026.10.06-02.18.57 SHOT widget id=board.tag.bar impl=umg state=compact fighter=f-1-hero bbox=(1055,528,1089,533) geom=painted visible=1 twin=0 source=/Game/S08/UI/ArtHud/WBP_S08ArtTag mode=compact look=P2 shape=hex placement=left ring=0 order=0 bound=1 softPx2=0 planned=(1036,519,1129,541) frame=1625
2026.10.06-02.18.57 SHOT widget id=board.tag.chip impl=umg state=compact fighter=f-1-hero bbox=(1040,524,1052,536) geom=painted visible=1 twin=0 source=/Game/S08/UI/ArtHud/WBP_S08ArtTag mode=compact look=P2 shape=hex placement=left ring=0 order=0 bound=1 softPx2=0 planned=(1036,519,1129,541) frame=1625
2026.10.06-02.18.57 SHOT widget id=board.tag impl=umg state=compact fighter=f-1-sk0 bbox=(1201,427,1285,449) geom=painted visible=1 twin=0 source=/Game/S08/UI/ArtHud/WBP_S08ArtTag mode=compact look=P2 shape=hex placement=above ring=0 order=1 bound=1 softPx2=0 planned=(1201,427,1285,449) frame=1625
2026.10.06-02.18.57 SHOT widget id=board.tag.hp impl=umg state=compact fighter=f-1-sk0 bbox=(1257,429,1281,447) geom=painted visible=1 twin=0 source=/Game/S08/UI/ArtHud/WBP_S08ArtTag mode=compact look=P2 shape=hex placement=above ring=0 order=1 bound=1 softPx2=0 planned=(1201,427,1285,449) frame=1625 font=11
2026.10.06-02.18.57 SHOT widget id=board.tag.bar impl=umg state=compact fighter=f-1-sk0 bbox=(1220,436,1254,441) geom=painted visible=1 twin=0 source=/Game/S08/UI/ArtHud/WBP_S08ArtTag mode=compact look=P2 shape=hex placement=above ring=0 order=1 bound=1 softPx2=0 planned=(1201,427,1285,449) frame=1625
2026.10.06-02.18.57 SHOT widget id=board.tag.chip impl=umg state=compact fighter=f-1-sk0 bbox=(1205,432,1217,444) geom=painted visible=1 twin=0 source=/Game/S08/UI/ArtHud/WBP_S08ArtTag mode=compact look=P2 shape=hex placement=above ring=0 order=1 bound=1 softPx2=0 planned=(1201,427,1285,449) frame=1625
2026.10.06-02.18.57 SHOT panel id=hud.command bbox=(0,0,615,278) geom=painted visible=1 frame=1625
2026.10.06-02.18.57 SHOT panel id=hud.side bbox=(1432,0,1920,179) geom=painted visible=1 frame=1625
2026.10.06-02.18.57 SHOT panel id=hud.hand bbox=(669,885,1252,1080) geom=painted visible=1 frame=1625
2026.10.06-02.18.57 SHOT late end file=s09-resolve-blocked-MOVE.png frame=1625
2026.10.06-02.18.57 SNAPSHOT applied seq=73 phase=ACTION_MANEUVER
2026.10.06-02.18.57 HANDLE_APPLIED #101 seq=73 decision=2 fightersValid=1 boardValid=1
2026.10.06-02.18.57 COMBAT-RESULT seq=73 damage=0 role=attacked
2026.10.06-02.18.57 COMBAT-LOG seq=73 log=73 n=8 entries=1 lines=1 src=log outcomes=CHOICE:1
2026.10.06-02.18.57 CUE combat seq=73 stage=start t=57580 attacker=f-0-hero target=f-1-hero text=1 lines=1 damage=0 lethal=0 shown=0 speed=1.00 flip=620 contact=333 src=notify a=2 d=3 outcome=hold
2026.10.06-02.18.57 CUE fx id=CUE-010 subject=scene seq=73 t=57580 vfx=none sfx=missing clip=none mat=none socket=- reduced=0 result=fallback
2026.10.06-02.18.57 CUE sound id=CUE-010 point=cue subject=card.attack seq=73 t=57580 event_t=57580 dt=0 class=SFX sound=SW_CRD_FLIP_02 gain=0.80 result=played
2026.10.06-02.18.57 CUE sound id=CUE-010 point=cue subject=card.defense seq=73 t=57580 event_t=57580 dt=0 class=SFX sound=SW_CRD_FLIP_03 gain=0.80 result=played
2026.10.06-02.18.57 RESOLVE panel revealed: A2+B0 vs D3
2026.10.06-02.18.57 closed mode=
2026.10.06-02.18.57 MODE seq=73 mode=0 combat=0 pending=0
2026.10.06-02.18.57 MS-OPP verb=none seq=73
2026.10.06-02.18.57 MS-LAST enter seq=73 player=cmuhntiwu0001wib0z281rpa8 source=EFFECT moves=0 boost=-1
2026.10.06-02.18.57 HUD seq=73 phase=ACTION_MANEUVER turn=you hand=1 oppHand=6(hidden) oppDeck=13~ deck=19~ discard=10
2026.10.06-02.18.57 MS-STATUS seq=73 text="Choose an action: maneuver (M), attack (A) or scheme (G)"
2026.10.06-02.18.57 ARTPREVIEW fighter=Medusa hero=1 eligible=0 visual=1 mesh=SK_Medusa_H2LD
2026.10.06-02.18.57 FIGHTERS synced n=6 alive=6 own=4 enemy=2
2026.10.06-02.18.57 WS seq=73 phase=ACTION_MANEUVER (apply)
2026.10.06-02.18.57 MS-LAST show seq=73 mode=restore player=cmuhntiwu0001wib0z281rpa8 from=- to=-
2026.10.06-02.18.57 MS-LOG seq=73 moves=0 truncated=0 text="King Arthur: Divine Intervention effect: no movement"
2026.10.06-02.18.57 S09AUTO drive mode=0 plan=[attack+scheme] phase=ACTION_MANEUVER turn=cmuhntivg0000wib0anhqyswc
2026.10.06-02.18.57 HUD-TRACK chosen=maneuver seq=73 spent=1
2026.10.06-02.18.57 MS-STATUS seq=73 text="Syncing…"
2026.10.06-02.18.57 TOAST text="begin maneuver sent (server draws 1 card)"
2026.10.06-02.18.57 TAG fighter=f-0-hero bbox=(977,622,1079,644) mode=compact look=P1 placement=left ring=0 hardPx2=0 softPx2=0 order=5 bound=1
2026.10.06-02.18.57 TAG fighter=f-0-sk0 bbox=(509,496,593,518) mode=compact look=P1 placement=above ring=0 hardPx2=0 softPx2=0 order=3 bound=1
2026.10.06-02.18.57 TAG fighter=f-0-sk1 bbox=(396,458,480,480) mode=compact look=P1 placement=above ring=0 hardPx2=0 softPx2=0 order=2 bound=1
2026.10.06-02.18.57 TAG fighter=f-0-sk2 bbox=(308,584,392,606) mode=compact look=P1 placement=left ring=0 hardPx2=0 softPx2=0 order=4 bound=1
2026.10.06-02.18.57 TAG fighter=f-1-hero bbox=(1036,519,1129,541) mode=compact look=P2 placement=left ring=0 hardPx2=0 softPx2=0 order=0 bound=1
2026.10.06-02.18.57 TAG fighter=f-1-sk0 bbox=(1201,427,1285,449) mode=compact look=P2 placement=above ring=0 hardPx2=0 softPx2=0 order=1 bound=1
2026.10.06-02.18.57 ICON fighter=f-1-hero bbox=(1217,541,1249,573) size=32 src=combat anchor=right fallback=0 overlapPx2=0 texture=/Game/S08/UI/IconsV3/T_IV3_action_attack_token_32.T_IV3_action_attack_token_32
2026.10.06-02.18.57 HUD-TRACK own=2/2 server=1 local=1 opp=0/2 oppVisible=0 anim=spend/- seq=73 frame=1627
2026.10.06-02.18.57 TAG fighter=f-0-hero bbox=(977,622,1079,644) mode=compact look=P1 placement=left ring=0 hardPx2=0 softPx2=0 order=5 bound=1
2026.10.06-02.18.57 TAG fighter=f-0-sk0 bbox=(509,496,593,518) mode=compact look=P1 placement=above ring=0 hardPx2=0 softPx2=0 order=3 bound=1
2026.10.06-02.18.57 TAG fighter=f-0-sk1 bbox=(396,458,480,480) mode=compact look=P1 placement=above ring=0 hardPx2=0 softPx2=0 order=2 bound=1
2026.10.06-02.18.57 TAG fighter=f-0-sk2 bbox=(308,584,392,606) mode=compact look=P1 placement=left ring=0 hardPx2=0 softPx2=0 order=4 bound=1
2026.10.06-02.18.57 TAG fighter=f-1-hero bbox=(1036,519,1129,541) mode=compact look=P2 placement=left ring=0 hardPx2=0 softPx2=0 order=0 bound=1
2026.10.06-02.18.57 TAG fighter=f-1-sk0 bbox=(1201,427,1285,449) mode=compact look=P2 placement=above ring=0 hardPx2=0 softPx2=0 order=1 bound=1
2026.10.06-02.18.57 ICON fighter=f-1-hero bbox=(1217,541,1249,573) size=32 src=combat anchor=right fallback=0 overlapPx2=0 texture=/Game/S08/UI/IconsV3/T_IV3_action_attack_token_32.T_IV3_action_attack_token_32
2026.10.06-02.18.57 SNAPSHOT applied seq=74 phase=ACTION_MANEUVER
2026.10.06-02.18.57 HANDLE_APPLIED #102 seq=74 decision=2 fightersValid=1 boardValid=1
2026.10.06-02.18.57 MS-DRAFT op=candidates rev=22 src=snapshot n=4 ids=f-0-hero,f-0-sk0,f-0-sk1,f-0-sk2 autoselect=-
2026.10.06-02.18.57 MANEUVER-DRAFT mode=maneuver:13:73
2026.10.06-02.18.57 DRAFT-OPEN draw committed (resume instead of begin)
2026.10.06-02.18.57 SFX bank=BRD-CANDIDATES tag=candidates class=SFX t=57905 sound=SW_BRD_CANDIDATES_01 gain=0.80
2026.10.06-02.18.57 MODE seq=74 mode=1 combat=0 pending=0
2026.10.06-02.18.57 MS-TRACK own=2/2 opp=0/2 oppVisible=0 seq=74
2026.10.06-02.18.57 CUE sound id=CUE-005 point=cue subject=hand.own seq=74 t=57905 event_t=57905 dt=0 class=SFX sound=SW_CRD_DRAW_02 gain=0.80 result=played
2026.10.06-02.18.57 HUD seq=74 phase=ACTION_MANEUVER turn=you hand=2 oppHand=6(hidden) oppDeck=13 deck=18 discard=10
2026.10.06-02.18.57 MS-STATUS seq=74 text="Choose a fighter to move"
2026.10.06-02.18.57 ARTPREVIEW fighter=Medusa hero=1 eligible=0 visual=1 mesh=SK_Medusa_H2LD
2026.10.06-02.18.57 FIGHTERS synced n=6 alive=6 own=4 enemy=2
2026.10.06-02.18.57 MANEUVER begin seq=74 (apply) pending=maneuver:13:73
2026.10.06-02.18.57 SNAPSHOT applied seq=74 phase=ACTION_MANEUVER
2026.10.06-02.18.57 HANDLE_APPLIED #103 seq=74 decision=1 fightersValid=1 boardValid=1
2026.10.06-02.18.57 MODE seq=74 mode=1 combat=0 pending=0
2026.10.06-02.18.57 HUD seq=74 phase=ACTION_MANEUVER turn=you hand=2 oppHand=6(hidden) oppDeck=13 deck=18 discard=10
2026.10.06-02.18.57 ARTPREVIEW fighter=Medusa hero=1 eligible=0 visual=1 mesh=SK_Medusa_H2LD
2026.10.06-02.18.57 FIGHTERS synced n=6 alive=6 own=4 enemy=2
2026.10.06-02.18.57 WS seq=74 phase=ACTION_MANEUVER (merge)
2026.10.06-02.18.57 HUD-TRACK own=2/2 server=2 local=0 opp=0/2 oppVisible=0 anim=-/- seq=74 frame=1629
2026.10.06-02.18.57 S09AUTO drive mode=1 plan=[attack+scheme] phase=ACTION_MANEUVER turn=cmuhntivg0000wib0anhqyswc
2026.10.06-02.18.57 S09AUTO approach: no improving legal step
2026.10.06-02.18.57 MANEUVER-CONFIRM moves=0 boost=none
2026.10.06-02.18.57 MS-STATUS seq=74 text="Syncing…"
2026.10.06-02.18.57 HUD plate content fighter=f-0-hero name=Medusa hp=16/16 team=own statuses=HERO  |  RANGED teamSlot=P1 look=P1 shape=circle chip=#DAC576
2026.10.06-02.18.57 PLATE fighter=f-0-hero bbox=(951,562,1123,616) overlapReachable=0 placement=above ring=0 gap=6 selection=f-0-hero destinations=5 clean=1 softPx2=0 tested=112 bound=1
2026.10.06-02.18.57 TAG fighter=f-0-sk0 bbox=(509,496,593,518) mode=compact look=P1 placement=above ring=0 hardPx2=0 softPx2=0 order=3 bound=1
2026.10.06-02.18.57 TAG fighter=f-0-sk1 bbox=(396,458,480,480) mode=compact look=P1 placement=above ring=0 hardPx2=0 softPx2=0 order=2 bound=1
2026.10.06-02.18.57 TAG fighter=f-0-sk2 bbox=(308,584,392,606) mode=compact look=P1 placement=left ring=0 hardPx2=0 softPx2=0 order=4 bound=1
2026.10.06-02.18.57 TAG fighter=f-1-hero bbox=(1036,519,1129,541) mode=compact look=P2 placement=left ring=0 hardPx2=0 softPx2=0 order=0 bound=1
2026.10.06-02.18.57 TAG fighter=f-1-sk0 bbox=(1201,427,1285,449) mode=compact look=P2 placement=above ring=0 hardPx2=0 softPx2=0 order=1 bound=1
2026.10.06-02.18.57 ICON fighter=f-1-hero bbox=(1217,541,1249,573) size=32 src=combat anchor=right fallback=0 overlapPx2=0 texture=/Game/S08/UI/IconsV3/T_IV3_action_attack_token_32.T_IV3_action_attack_token_32
2026.10.06-02.18.57 HUD-HAND lower=1 pick=cell cursor=board preview=hidden seq=74
2026.10.06-02.18.57 CUE fx done id=CUE-009 subject=f-1-hero seq=71 t=57947 ms=500 cut=0
2026.10.06-02.18.57 TAG fighter=f-0-sk0 bbox=(509,496,593,518) mode=compact look=P1 placement=above ring=0 hardPx2=0 softPx2=0 order=3 bound=1
2026.10.06-02.18.57 TAG fighter=f-0-sk1 bbox=(396,458,480,480) mode=compact look=P1 placement=above ring=0 hardPx2=0 softPx2=0 order=2 bound=1
2026.10.06-02.18.57 TAG fighter=f-0-sk2 bbox=(308,584,392,606) mode=compact look=P1 placement=left ring=0 hardPx2=0 softPx2=0 order=4 bound=1
2026.10.06-02.18.57 TAG fighter=f-1-hero bbox=(1036,519,1129,541) mode=compact look=P2 placement=left ring=0 hardPx2=0 softPx2=0 order=0 bound=1
2026.10.06-02.18.57 TAG fighter=f-1-sk0 bbox=(1201,427,1285,449) mode=compact look=P2 placement=above ring=0 hardPx2=0 softPx2=0 order=1 bound=1
2026.10.06-02.18.57 ICON fighter=f-1-hero bbox=(1217,541,1249,573) size=32 src=combat anchor=right fallback=0 overlapPx2=0 texture=/Game/S08/UI/IconsV3/T_IV3_action_attack_token_32.T_IV3_action_attack_token_32
2026.10.06-02.18.57 TAG fighter=f-0-sk0 bbox=(509,496,593,518) mode=compact look=P1 placement=above ring=0 hardPx2=0 softPx2=0 order=3 bound=1
2026.10.06-02.18.57 TAG fighter=f-0-sk1 bbox=(396,458,480,480) mode=compact look=P1 placement=above ring=0 hardPx2=0 softPx2=0 order=2 bound=1
2026.10.06-02.18.57 TAG fighter=f-0-sk2 bbox=(308,584,392,606) mode=compact look=P1 placement=left ring=0 hardPx2=0 softPx2=0 order=4 bound=1
2026.10.06-02.18.57 TAG fighter=f-1-hero bbox=(1036,519,1129,541) mode=compact look=P2 placement=left ring=0 hardPx2=0 softPx2=0 order=0 bound=1
2026.10.06-02.18.57 TAG fighter=f-1-sk0 bbox=(1201,427,1285,449) mode=compact look=P2 placement=above ring=0 hardPx2=0 softPx2=0 order=1 bound=1
2026.10.06-02.18.57 ICON fighter=f-1-hero bbox=(1217,541,1249,573) size=32 src=combat anchor=right fallback=0 overlapPx2=0 texture=/Game/S08/UI/IconsV3/T_IV3_action_attack_token_32.T_IV3_action_attack_token_32
2026.10.06-02.18.57 SNAPSHOT applied seq=75 phase=ACTION_MANEUVER
2026.10.06-02.18.57 HANDLE_APPLIED #104 seq=75 decision=2 fightersValid=1 boardValid=1
2026.10.06-02.18.57 closed mode=
2026.10.06-02.18.57 MODE seq=75 mode=0 combat=0 pending=0
2026.10.06-02.18.57 MS-OPP verb=turn seq=75
2026.10.06-02.18.57 MS-TRACK own=0/2 opp=0/2 oppVisible=1 seq=75
2026.10.06-02.18.57 MS-LAST fade seq=73 at=75 ms=300
2026.10.06-02.18.57 MS-LAST replace seq=73 by=75
2026.10.06-02.18.57 MS-LAST enter seq=75 player=cmuhntivg0000wib0anhqyswc source=MANEUVER moves=0 boost=-1
2026.10.06-02.18.57 CUE sound id=CUE-015 point=turn subject=- seq=75 t=58038 event_t=58038 dt=0 class=UI sound=none gain=0.80 result=silent turn=opp reason=opponent
2026.10.06-02.18.57 HUD-TURN seq=75 turn=opp initial=0 ring=marker-turn-ring flash=1000 banner=0 reduced=0
2026.10.06-02.18.57 HUD seq=75 phase=ACTION_MANEUVER turn=opp hand=2 oppHand=6(hidden) oppDeck=13 deck=18 discard=10
2026.10.06-02.18.57 MS-STATUS seq=75 text="King Arthur — Opponent is choosing an action"
2026.10.06-02.18.57 ARTPREVIEW fighter=Medusa hero=1 eligible=0 visual=1 mesh=SK_Medusa_H2LD
2026.10.06-02.18.57 FIGHTERS synced n=6 alive=6 own=4 enemy=2
2026.10.06-02.18.58 MANEUVER done seq=75 (apply) fighters=6 boost=no
2026.10.06-02.18.58 SNAPSHOT applied seq=75 phase=ACTION_MANEUVER
2026.10.06-02.18.58 HANDLE_APPLIED #105 seq=75 decision=1 fightersValid=1 boardValid=1
2026.10.06-02.18.58 MODE seq=75 mode=0 combat=0 pending=0
2026.10.06-02.18.58 HUD seq=75 phase=ACTION_MANEUVER turn=opp hand=2 oppHand=6(hidden) oppDeck=13 deck=18 discard=10
2026.10.06-02.18.58 ARTPREVIEW fighter=Medusa hero=1 eligible=0 visual=1 mesh=SK_Medusa_H2LD
2026.10.06-02.18.58 FIGHTERS synced n=6 alive=6 own=4 enemy=2
2026.10.06-02.18.58 WS seq=75 phase=ACTION_MANEUVER (merge)
2026.10.06-02.18.58 MS-LAST show seq=75 mode=restore player=cmuhntivg0000wib0anhqyswc from=- to=-
2026.10.06-02.18.58 MS-LOG seq=75 moves=0 truncated=0 text="Medusa: maneuver: no movement"
2026.10.06-02.18.58 HUD-TRACK own=0/2 server=0 local=0 opp=0/2 oppVisible=1 anim=reset/reset seq=75 frame=1633
2026.10.06-02.18.58 HUD-HAND lower=0 pick=none cursor=board preview=shown seq=75
2026.10.06-02.18.58 PLATE hidden fighter=f-0-hero
2026.10.06-02.18.58 TAG fighter=f-0-hero bbox=(977,622,1079,644) mode=compact look=P1 placement=left ring=0 hardPx2=0 softPx2=0 order=5 bound=1
2026.10.06-02.18.58 TAG fighter=f-0-sk0 bbox=(509,496,593,518) mode=compact look=P1 placement=above ring=0 hardPx2=0 softPx2=0 order=3 bound=1
2026.10.06-02.18.58 TAG fighter=f-0-sk1 bbox=(396,458,480,480) mode=compact look=P1 placement=above ring=0 hardPx2=0 softPx2=0 order=2 bound=1
2026.10.06-02.18.58 TAG fighter=f-0-sk2 bbox=(308,584,392,606) mode=compact look=P1 placement=left ring=0 hardPx2=0 softPx2=0 order=4 bound=1
2026.10.06-02.18.58 TAG fighter=f-1-hero bbox=(1036,519,1129,541) mode=compact look=P2 placement=left ring=0 hardPx2=0 softPx2=0 order=0 bound=1
2026.10.06-02.18.58 TAG fighter=f-1-sk0 bbox=(1201,427,1285,449) mode=compact look=P2 placement=above ring=0 hardPx2=0 softPx2=0 order=1 bound=1
2026.10.06-02.18.58 ICON fighter=f-1-hero bbox=(1217,541,1249,573) size=32 src=combat anchor=right fallback=0 overlapPx2=0 texture=/Game/S08/UI/IconsV3/T_IV3_action_attack_token_32.T_IV3_action_attack_token_32
2026.10.06-02.18.58 TAG fighter=f-0-hero bbox=(977,622,1079,644) mode=compact look=P1 placement=left ring=0 hardPx2=0 softPx2=0 order=5 bound=1
2026.10.06-02.18.58 TAG fighter=f-0-sk0 bbox=(509,496,593,518) mode=compact look=P1 placement=above ring=0 hardPx2=0 softPx2=0 order=3 bound=1
2026.10.06-02.18.58 TAG fighter=f-0-sk1 bbox=(396,458,480,480) mode=compact look=P1 placement=above ring=0 hardPx2=0 softPx2=0 order=2 bound=1
2026.10.06-02.18.58 TAG fighter=f-0-sk2 bbox=(308,584,392,606) mode=compact look=P1 placement=left ring=0 hardPx2=0 softPx2=0 order=4 bound=1
2026.10.06-02.18.58 TAG fighter=f-1-hero bbox=(1036,519,1129,541) mode=compact look=P2 placement=left ring=0 hardPx2=0 softPx2=0 order=0 bound=1
2026.10.06-02.18.58 TAG fighter=f-1-sk0 bbox=(1201,427,1285,449) mode=compact look=P2 placement=above ring=0 hardPx2=0 softPx2=0 order=1 bound=1
2026.10.06-02.18.58 ICON fighter=f-1-hero bbox=(1217,541,1249,573) size=32 src=combat anchor=right fallback=0 overlapPx2=0 texture=/Game/S08/UI/IconsV3/T_IV3_action_attack_token_32.T_IV3_action_attack_token_32
2026.10.06-02.18.58 TAG fighter=f-0-hero bbox=(977,622,1079,644) mode=compact look=P1 placement=left ring=0 hardPx2=0 softPx2=0 order=5 bound=1
2026.10.06-02.18.58 TAG fighter=f-0-sk0 bbox=(509,496,593,518) mode=compact look=P1 placement=above ring=0 hardPx2=0 softPx2=0 order=3 bound=1
2026.10.06-02.18.58 TAG fighter=f-0-sk1 bbox=(396,458,480,480) mode=compact look=P1 placement=above ring=0 hardPx2=0 softPx2=0 order=2 bound=1
2026.10.06-02.18.58 TAG fighter=f-0-sk2 bbox=(308,584,392,606) mode=compact look=P1 placement=left ring=0 hardPx2=0 softPx2=0 order=4 bound=1
2026.10.06-02.18.58 TAG fighter=f-1-hero bbox=(1036,519,1129,541) mode=compact look=P2 placement=left ring=0 hardPx2=0 softPx2=0 order=0 bound=1
2026.10.06-02.18.58 TAG fighter=f-1-sk0 bbox=(1201,427,1285,449) mode=compact look=P2 placement=above ring=0 hardPx2=0 softPx2=0 order=1 bound=1
2026.10.06-02.18.58 ICON fighter=f-1-hero bbox=(1217,541,1249,573) size=32 src=combat anchor=right fallback=0 overlapPx2=0 texture=/Game/S08/UI/IconsV3/T_IV3_action_attack_token_32.T_IV3_action_attack_token_32
2026.10.06-02.18.58 SNAPSHOT applied seq=76 phase=ACTION_MANEUVER
2026.10.06-02.18.58 HANDLE_APPLIED #106 seq=76 decision=2 fightersValid=1 boardValid=1
2026.10.06-02.18.58 MODE seq=76 mode=0 combat=0 pending=0
2026.10.06-02.18.58 MS-OPP verb=maneuver seq=76
2026.10.06-02.18.58 MS-TRACK own=0/2 opp=1/2 oppVisible=1 seq=76
2026.10.06-02.18.58 MS-OPP planning=1 seq=76
2026.10.06-02.18.58 CUE sound id=CUE-005 point=cue subject=hand.opp seq=76 t=58138 event_t=58138 dt=0 class=SFX sound=SW_CRD_DRAW_03 gain=0.80 result=played
2026.10.06-02.18.58 HUD seq=76 phase=ACTION_MANEUVER turn=opp hand=2 oppHand=7(hidden) oppDeck=13~ deck=18~ discard=10
2026.10.06-02.18.58 MS-STATUS seq=76 text="King Arthur — Opponent is planning a maneuver"
2026.10.06-02.18.58 ARTPREVIEW fighter=Medusa hero=1 eligible=0 visual=1 mesh=SK_Medusa_H2LD
2026.10.06-02.18.58 FIGHTERS synced n=6 alive=6 own=4 enemy=2
2026.10.06-02.18.58 WS seq=76 phase=ACTION_MANEUVER (apply)
2026.10.06-02.18.58 HUD-TRACK own=0/2 server=0 local=0 opp=1/2 oppVisible=1 anim=-/spend seq=76 frame=1636
2026.10.06-02.18.58 TAG fighter=f-0-hero bbox=(977,622,1079,644) mode=compact look=P1 placement=left ring=0 hardPx2=0 softPx2=0 order=5 bound=1
2026.10.06-02.18.58 TAG fighter=f-0-sk0 bbox=(509,496,593,518) mode=compact look=P1 placement=above ring=0 hardPx2=0 softPx2=0 order=3 bound=1
2026.10.06-02.18.58 TAG fighter=f-0-sk1 bbox=(396,458,480,480) mode=compact look=P1 placement=above ring=0 hardPx2=0 softPx2=0 order=2 bound=1
2026.10.06-02.18.58 TAG fighter=f-0-sk2 bbox=(308,584,392,606) mode=compact look=P1 placement=left ring=0 hardPx2=0 softPx2=0 order=4 bound=1
2026.10.06-02.18.58 TAG fighter=f-1-hero bbox=(1036,519,1129,541) mode=compact look=P2 placement=left ring=0 hardPx2=0 softPx2=0 order=0 bound=1
2026.10.06-02.18.58 TAG fighter=f-1-sk0 bbox=(1201,427,1285,449) mode=compact look=P2 placement=above ring=0 hardPx2=0 softPx2=0 order=1 bound=1
2026.10.06-02.18.58 ICON fighter=f-1-hero bbox=(1217,541,1249,573) size=32 src=combat anchor=right fallback=0 overlapPx2=0 texture=/Game/S08/UI/IconsV3/T_IV3_action_attack_token_32.T_IV3_action_attack_token_32
2026.10.06-02.18.58 TAG fighter=f-0-hero bbox=(977,622,1079,644) mode=compact look=P1 placement=left ring=0 hardPx2=0 softPx2=0 order=5 bound=1
2026.10.06-02.18.58 TAG fighter=f-0-sk0 bbox=(509,496,593,518) mode=compact look=P1 placement=above ring=0 hardPx2=0 softPx2=0 order=3 bound=1
2026.10.06-02.18.58 TAG fighter=f-0-sk1 bbox=(396,458,480,480) mode=compact look=P1 placement=above ring=0 hardPx2=0 softPx2=0 order=2 bound=1
2026.10.06-02.18.58 TAG fighter=f-0-sk2 bbox=(308,584,392,606) mode=compact look=P1 placement=left ring=0 hardPx2=0 softPx2=0 order=4 bound=1
2026.10.06-02.18.58 TAG fighter=f-1-hero bbox=(1036,519,1129,541) mode=compact look=P2 placement=left ring=0 hardPx2=0 softPx2=0 order=0 bound=1
2026.10.06-02.18.58 TAG fighter=f-1-sk0 bbox=(1201,427,1285,449) mode=compact look=P2 placement=above ring=0 hardPx2=0 softPx2=0 order=1 bound=1
2026.10.06-02.18.58 ICON fighter=f-1-hero bbox=(1217,541,1249,573) size=32 src=combat anchor=right fallback=0 overlapPx2=0 texture=/Game/S08/UI/IconsV3/T_IV3_action_attack_token_32.T_IV3_action_attack_token_32
2026.10.06-02.18.58 TAG fighter=f-0-hero bbox=(977,622,1079,644) mode=compact look=P1 placement=left ring=0 hardPx2=0 softPx2=0 order=5 bound=1
2026.10.06-02.18.58 TAG fighter=f-0-sk0 bbox=(509,496,593,518) mode=compact look=P1 placement=above ring=0 hardPx2=0 softPx2=0 order=3 bound=1
2026.10.06-02.18.58 TAG fighter=f-0-sk1 bbox=(396,458,480,480) mode=compact look=P1 placement=above ring=0 hardPx2=0 softPx2=0 order=2 bound=1
2026.10.06-02.18.58 TAG fighter=f-0-sk2 bbox=(308,584,392,606) mode=compact look=P1 placement=left ring=0 hardPx2=0 softPx2=0 order=4 bound=1
2026.10.06-02.18.58 TAG fighter=f-1-hero bbox=(1036,519,1129,541) mode=compact look=P2 placement=left ring=0 hardPx2=0 softPx2=0 order=0 bound=1
2026.10.06-02.18.58 TAG fighter=f-1-sk0 bbox=(1201,427,1285,449) mode=compact look=P2 placement=above ring=0 hardPx2=0 softPx2=0 order=1 bound=1
2026.10.06-02.18.58 ICON fighter=f-1-hero bbox=(1217,541,1249,573) size=32 src=combat anchor=right fallback=0 overlapPx2=0 texture=/Game/S08/UI/IconsV3/T_IV3_action_attack_token_32.T_IV3_action_attack_token_32
2026.10.06-02.18.58 SNAPSHOT applied seq=77 phase=ACTION_MANEUVER
2026.10.06-02.18.58 HANDLE_APPLIED #107 seq=77 decision=2 fightersValid=1 boardValid=1
2026.10.06-02.18.58 CUE fx done id=CUE-010 subject=scene seq=73 t=58272 ms=692 cut=jump hold=692
2026.10.06-02.18.58 CUE combat seq=73 stage=end t=58272 total=1292 skipped=0 cut=catchup
2026.10.06-02.18.58 CATCHUP seq=73 latest=77 queued=4 lag=367 t=58272 action=cut reason=queue applied=1
2026.10.06-02.18.58 ARTPREVIEW fighter=Medusa hero=1 eligible=0 visual=1 mesh=SK_Medusa_H2LD
2026.10.06-02.18.58 ARTPREVIEW hero-light fighter=f-0-hero state=idle layers=2 lightsOn=2 keyCd=17.984 rimCd=1.528 mul=1.000 pulse=none
2026.10.06-02.18.58 ARTPREVIEW combat marker fighter=Medusa attacker=0 target=0 icon=0 targetMesh=SM_Marker_TargetRing iconMode=screen targetArcScaleXY=0.920
2026.10.06-02.18.58 ARTPREVIEW combat marker fighter=King Arthur attacker=0 target=0 icon=0 targetMesh=SM_Marker_TargetRing iconMode=screen targetArcScaleXY=0.920
2026.10.06-02.18.58 MODE seq=77 mode=0 combat=0 pending=0
2026.10.06-02.18.58 MS-OPP verb=turn seq=77
2026.10.06-02.18.58 MS-OPP planning=0 seq=77
2026.10.06-02.18.58 MS-LAST fade seq=75 at=77 ms=300
2026.10.06-02.18.58 MS-LAST replace seq=75 by=77
2026.10.06-02.18.58 MS-LAST enter seq=77 player=cmuhntiwu0001wib0z281rpa8 source=MANEUVER moves=1 boost=-1
2026.10.06-02.18.58 HUD seq=77 phase=ACTION_MANEUVER turn=opp hand=2 oppHand=7(hidden) oppDeck=13~ deck=18~ discard=10
2026.10.06-02.18.58 MS-STATUS seq=77 text="King Arthur — Opponent is choosing an action"
2026.10.06-02.18.58 ARTPREVIEW fighter=Medusa hero=1 eligible=0 visual=1 mesh=SK_Medusa_H2LD
2026.10.06-02.18.58 FIGHTERS synced n=6 alive=6 own=4 enemy=2
2026.10.06-02.18.58 MS-CUE move seq=77 fighter=f-1-hero order=0 of=1 kind=move steps=1 source=trail start=0 ms=280 snapped=0 path=S25>S26 speed=normal reduced=0
2026.10.06-02.18.58 CUE sound id=CUE-007 point=step subject=f-1-hero seq=77 t=58272 event_t=58272 dt=0 class=SFX sound=SW_BRD_STEP_03 gain=0.80 result=played edge=1/1 due=58272
2026.10.06-02.18.58 MS-ANIM play seq=77 moves=1 animated=1 speed=normal reduced=0 end=430
2026.10.06-02.18.58 CUE move f-1-hero (6,3)->(7,3) seq=77
2026.10.06-02.18.58 WS seq=77 phase=ACTION_MANEUVER (apply)
2026.10.06-02.18.58 TAG fighter=f-0-hero bbox=(977,622,1079,644) mode=compact look=P1 placement=left ring=0 hardPx2=0 softPx2=0 order=5 bound=1
2026.10.06-02.18.58 TAG fighter=f-0-sk0 bbox=(509,496,593,518) mode=compact look=P1 placement=above ring=0 hardPx2=0 softPx2=0 order=3 bound=1
2026.10.06-02.18.58 TAG fighter=f-0-sk1 bbox=(396,458,480,480) mode=compact look=P1 placement=above ring=0 hardPx2=0 softPx2=0 order=1 bound=1
2026.10.06-02.18.58 TAG fighter=f-0-sk2 bbox=(308,584,392,606) mode=compact look=P1 placement=left ring=0 hardPx2=0 softPx2=0 order=4 bound=1
2026.10.06-02.18.58 TAG fighter=f-1-hero bbox=(1052,520,1145,542) mode=compact look=P2 placement=left ring=0 hardPx2=0 softPx2=0 order=2 bound=1
2026.10.06-02.18.58 TAG fighter=f-1-sk0 bbox=(1201,427,1285,449) mode=compact look=P2 placement=above ring=0 hardPx2=0 softPx2=0 order=0 bound=1
2026.10.06-02.18.58 HUD icon hidden fighter=f-1-hero
2026.10.06-02.18.58 TAG fighter=f-0-hero bbox=(977,622,1079,644) mode=compact look=P1 placement=left ring=0 hardPx2=0 softPx2=0 order=5 bound=1
2026.10.06-02.18.58 TAG fighter=f-0-sk0 bbox=(509,496,593,518) mode=compact look=P1 placement=above ring=0 hardPx2=0 softPx2=0 order=2 bound=1
2026.10.06-02.18.58 TAG fighter=f-0-sk1 bbox=(396,458,480,480) mode=compact look=P1 placement=above ring=0 hardPx2=0 softPx2=0 order=1 bound=1
2026.10.06-02.18.58 TAG fighter=f-0-sk2 bbox=(308,584,392,606) mode=compact look=P1 placement=left ring=0 hardPx2=0 softPx2=0 order=4 bound=1
2026.10.06-02.18.58 TAG fighter=f-1-hero bbox=(1068,521,1161,543) mode=compact look=P2 placement=left ring=0 hardPx2=0 softPx2=0 order=3 bound=1
2026.10.06-02.18.58 TAG fighter=f-1-sk0 bbox=(1201,427,1285,449) mode=compact look=P2 placement=above ring=0 hardPx2=0 softPx2=0 order=0 bound=1
2026.10.06-02.18.58 TAG fighter=f-0-hero bbox=(1072,598,1174,620) mode=compact look=P1 placement=above ring=0 hardPx2=0 softPx2=0 order=5 bound=1
2026.10.06-02.18.58 TAG fighter=f-0-sk0 bbox=(509,496,593,518) mode=compact look=P1 placement=above ring=0 hardPx2=0 softPx2=0 order=2 bound=1
2026.10.06-02.18.58 TAG fighter=f-0-sk1 bbox=(396,458,480,480) mode=compact look=P1 placement=above ring=0 hardPx2=0 softPx2=0 order=1 bound=1
2026.10.06-02.18.58 TAG fighter=f-0-sk2 bbox=(308,584,392,606) mode=compact look=P1 placement=left ring=0 hardPx2=0 softPx2=0 order=4 bound=1
2026.10.06-02.18.58 TAG fighter=f-1-hero bbox=(1085,521,1178,543) mode=compact look=P2 placement=left ring=0 hardPx2=0 softPx2=0 order=3 bound=1
2026.10.06-02.18.58 TAG fighter=f-1-sk0 bbox=(1201,427,1285,449) mode=compact look=P2 placement=above ring=0 hardPx2=0 softPx2=0 order=0 bound=1
2026.10.06-02.18.58 TAG fighter=f-0-hero bbox=(1072,598,1174,620) mode=compact look=P1 placement=above ring=0 hardPx2=0 softPx2=0 order=5 bound=1
2026.10.06-02.18.58 TAG fighter=f-0-sk0 bbox=(509,496,593,518) mode=compact look=P1 placement=above ring=0 hardPx2=0 softPx2=0 order=2 bound=1
2026.10.06-02.18.58 TAG fighter=f-0-sk1 bbox=(396,458,480,480) mode=compact look=P1 placement=above ring=0 hardPx2=0 softPx2=0 order=1 bound=1
2026.10.06-02.18.58 TAG fighter=f-0-sk2 bbox=(308,584,392,606) mode=compact look=P1 placement=left ring=0 hardPx2=0 softPx2=0 order=4 bound=1
2026.10.06-02.18.58 TAG fighter=f-1-hero bbox=(1284,522,1377,544) mode=compact look=P2 placement=right ring=0 hardPx2=0 softPx2=0 order=3 bound=1
2026.10.06-02.18.58 TAG fighter=f-1-sk0 bbox=(1201,427,1285,449) mode=compact look=P2 placement=above ring=0 hardPx2=0 softPx2=0 order=0 bound=1
2026.10.06-02.18.58 TAG fighter=f-0-hero bbox=(1072,598,1174,620) mode=compact look=P1 placement=above ring=0 hardPx2=0 softPx2=0 order=5 bound=1
2026.10.06-02.18.58 TAG fighter=f-0-sk0 bbox=(509,496,593,518) mode=compact look=P1 placement=above ring=0 hardPx2=0 softPx2=0 order=2 bound=1
2026.10.06-02.18.58 TAG fighter=f-0-sk1 bbox=(396,458,480,480) mode=compact look=P1 placement=above ring=0 hardPx2=0 softPx2=0 order=1 bound=1
2026.10.06-02.18.58 TAG fighter=f-0-sk2 bbox=(308,584,392,606) mode=compact look=P1 placement=left ring=0 hardPx2=0 softPx2=0 order=4 bound=1
2026.10.06-02.18.58 TAG fighter=f-1-hero bbox=(1301,522,1394,544) mode=compact look=P2 placement=right ring=0 hardPx2=0 softPx2=0 order=3 bound=1
2026.10.06-02.18.58 TAG fighter=f-1-sk0 bbox=(1201,427,1285,449) mode=compact look=P2 placement=above ring=0 hardPx2=0 softPx2=0 order=0 bound=1
2026.10.06-02.18.58 TAG fighter=f-0-hero bbox=(1072,598,1174,620) mode=compact look=P1 placement=above ring=0 hardPx2=0 softPx2=0 order=5 bound=1
2026.10.06-02.18.58 TAG fighter=f-0-sk0 bbox=(509,496,593,518) mode=compact look=P1 placement=above ring=0 hardPx2=0 softPx2=0 order=2 bound=1
2026.10.06-02.18.58 TAG fighter=f-0-sk1 bbox=(396,458,480,480) mode=compact look=P1 placement=above ring=0 hardPx2=0 softPx2=0 order=1 bound=1
2026.10.06-02.18.58 TAG fighter=f-0-sk2 bbox=(308,584,392,606) mode=compact look=P1 placement=left ring=0 hardPx2=0 softPx2=0 order=4 bound=1
2026.10.06-02.18.58 TAG fighter=f-1-hero bbox=(1319,523,1412,545) mode=compact look=P2 placement=right ring=0 hardPx2=0 softPx2=0 order=3 bound=1
2026.10.06-02.18.58 TAG fighter=f-1-sk0 bbox=(1201,427,1285,449) mode=compact look=P2 placement=above ring=0 hardPx2=0 softPx2=0 order=0 bound=1
2026.10.06-02.18.58 TAG fighter=f-0-hero bbox=(1072,598,1174,620) mode=compact look=P1 placement=above ring=0 hardPx2=0 softPx2=0 order=5 bound=1
2026.10.06-02.18.58 TAG fighter=f-0-sk0 bbox=(509,496,593,518) mode=compact look=P1 placement=above ring=0 hardPx2=0 softPx2=0 order=2 bound=1
2026.10.06-02.18.58 TAG fighter=f-0-sk1 bbox=(396,458,480,480) mode=compact look=P1 placement=above ring=0 hardPx2=0 softPx2=0 order=1 bound=1
2026.10.06-02.18.58 TAG fighter=f-0-sk2 bbox=(308,584,392,606) mode=compact look=P1 placement=left ring=0 hardPx2=0 softPx2=0 order=4 bound=1
2026.10.06-02.18.58 TAG fighter=f-1-hero bbox=(1335,523,1428,545) mode=compact look=P2 placement=right ring=0 hardPx2=0 softPx2=0 order=3 bound=1
2026.10.06-02.18.58 TAG fighter=f-1-sk0 bbox=(1201,427,1285,449) mode=compact look=P2 placement=above ring=0 hardPx2=0 softPx2=0 order=0 bound=1
2026.10.06-02.18.58 TAG fighter=f-0-hero bbox=(1072,598,1174,620) mode=compact look=P1 placement=above ring=0 hardPx2=0 softPx2=0 order=5 bound=1
2026.10.06-02.18.58 TAG fighter=f-0-sk0 bbox=(509,496,593,518) mode=compact look=P1 placement=above ring=0 hardPx2=0 softPx2=0 order=2 bound=1
2026.10.06-02.18.58 TAG fighter=f-0-sk1 bbox=(396,458,480,480) mode=compact look=P1 placement=above ring=0 hardPx2=0 softPx2=0 order=1 bound=1
2026.10.06-02.18.58 TAG fighter=f-0-sk2 bbox=(308,584,392,606) mode=compact look=P1 placement=left ring=0 hardPx2=0 softPx2=0 order=4 bound=1
2026.10.06-02.18.58 TAG fighter=f-1-hero bbox=(1352,524,1445,546) mode=compact look=P2 placement=right ring=0 hardPx2=0 softPx2=0 order=3 bound=1
2026.10.06-02.18.58 TAG fighter=f-1-sk0 bbox=(1201,427,1285,449) mode=compact look=P2 placement=above ring=0 hardPx2=0 softPx2=0 order=0 bound=1
2026.10.06-02.18.58 TAG fighter=f-0-hero bbox=(1072,598,1174,620) mode=compact look=P1 placement=above ring=0 hardPx2=0 softPx2=0 order=5 bound=1
2026.10.06-02.18.58 TAG fighter=f-0-sk0 bbox=(509,496,593,518) mode=compact look=P1 placement=above ring=0 hardPx2=0 softPx2=0 order=2 bound=1
2026.10.06-02.18.58 TAG fighter=f-0-sk1 bbox=(396,458,480,480) mode=compact look=P1 placement=above ring=0 hardPx2=0 softPx2=0 order=1 bound=1
2026.10.06-02.18.58 TAG fighter=f-0-sk2 bbox=(308,584,392,606) mode=compact look=P1 placement=left ring=0 hardPx2=0 softPx2=0 order=4 bound=1
2026.10.06-02.18.58 TAG fighter=f-1-hero bbox=(1360,524,1453,546) mode=compact look=P2 placement=right ring=0 hardPx2=0 softPx2=0 order=3 bound=1
2026.10.06-02.18.58 TAG fighter=f-1-sk0 bbox=(1201,427,1285,449) mode=compact look=P2 placement=above ring=0 hardPx2=0 softPx2=0 order=0 bound=1
2026.10.06-02.18.58 MS-LAST show seq=77 mode=anim player=cmuhntiwu0001wib0z281rpa8 from=6,3 to=7,3
2026.10.06-02.18.58 MS-LOG seq=77 moves=1 truncated=0 text="King Arthur: maneuver: King Arthur S25→S26"
2026.10.06-02.18.59 S09AUTO drive mode=0 plan=[attack+scheme] phase=ACTION_MANEUVER turn=cmuhntiwu0001wib0z281rpa8
2026.10.06-02.18.59 SNAPSHOT applied seq=78 phase=ACTION_MANEUVER
2026.10.06-02.18.59 HANDLE_APPLIED #108 seq=78 decision=2 fightersValid=1 boardValid=1
2026.10.06-02.18.59 MODE seq=78 mode=0 combat=0 pending=0
2026.10.06-02.18.59 MS-OPP verb=maneuver seq=78
2026.10.06-02.18.59 MS-TRACK own=0/2 opp=2/2 oppVisible=1 seq=78
2026.10.06-02.18.59 MS-OPP planning=1 seq=78
2026.10.06-02.18.59 CUE sound id=CUE-005 point=cue subject=hand.opp seq=78 t=59472 event_t=59472 dt=0 class=SFX sound=SW_CRD_DRAW_01 gain=0.80 result=played
2026.10.06-02.18.59 HUD seq=78 phase=ACTION_MANEUVER turn=opp hand=2 oppHand=8(hidden) oppDeck=13~ deck=18~ discard=10
2026.10.06-02.18.59 MS-STATUS seq=78 text="King Arthur — Opponent is planning a maneuver"
2026.10.06-02.18.59 ARTPREVIEW fighter=Medusa hero=1 eligible=0 visual=1 mesh=SK_Medusa_H2LD
2026.10.06-02.18.59 FIGHTERS synced n=6 alive=6 own=4 enemy=2
2026.10.06-02.18.59 WS seq=78 phase=ACTION_MANEUVER (apply)
2026.10.06-02.18.59 HUD-TRACK own=0/2 server=0 local=0 opp=2/2 oppVisible=1 anim=-/spend seq=78 frame=1676
2026.10.06-02.18.59 SNAPSHOT applied seq=79 phase=TURN_END
2026.10.06-02.18.59 HANDLE_APPLIED #109 seq=79 decision=2 fightersValid=1 boardValid=1
2026.10.06-02.18.59 MODE seq=79 mode=0 combat=0 pending=0
2026.10.06-02.18.59 MS-OPP verb=card seq=79
2026.10.06-02.18.59 MS-OPP planning=0 seq=79
2026.10.06-02.18.59 MS-LAST fade seq=77 at=79 ms=300
2026.10.06-02.18.59 MS-LAST replace seq=77 by=79
2026.10.06-02.18.59 MS-LAST enter seq=79 player=cmuhntiwu0001wib0z281rpa8 source=MANEUVER moves=1 boost=-1
2026.10.06-02.18.59 HUD seq=79 phase=TURN_END turn=opp hand=2 oppHand=8(hidden) oppDeck=13~ deck=18~ discard=10 pendingDiscard=1
2026.10.06-02.18.59 MS-STATUS seq=79 text="King Arthur — Opponent is choosing a card"
2026.10.06-02.18.59 ARTPREVIEW fighter=Medusa hero=1 eligible=0 visual=1 mesh=SK_Medusa_H2LD
2026.10.06-02.18.59 FIGHTERS synced n=6 alive=6 own=4 enemy=2
2026.10.06-02.18.59 MS-CUE move seq=79 fighter=f-1-hero order=0 of=1 kind=move steps=1 source=trail start=0 ms=280 snapped=0 path=S26>S25 speed=normal reduced=0
2026.10.06-02.18.59 CUE sound id=CUE-007 point=step subject=f-1-hero seq=79 t=59605 event_t=59605 dt=0 class=SFX sound=SW_BRD_STEP_05 gain=0.80 result=played edge=1/1 due=59605
2026.10.06-02.18.59 MS-ANIM play seq=79 moves=1 animated=1 speed=normal reduced=0 end=430
2026.10.06-02.18.59 CUE move f-1-hero (7,3)->(6,3) seq=79
2026.10.06-02.18.59 WS seq=79 phase=TURN_END (apply)
2026.10.06-02.18.59 TAG fighter=f-0-hero bbox=(1072,598,1174,620) mode=compact look=P1 placement=above ring=0 hardPx2=0 softPx2=0 order=5 bound=1
2026.10.06-02.18.59 TAG fighter=f-0-sk0 bbox=(509,496,593,518) mode=compact look=P1 placement=above ring=0 hardPx2=0 softPx2=0 order=2 bound=1
2026.10.06-02.18.59 TAG fighter=f-0-sk1 bbox=(396,458,480,480) mode=compact look=P1 placement=above ring=0 hardPx2=0 softPx2=0 order=1 bound=1
2026.10.06-02.18.59 TAG fighter=f-0-sk2 bbox=(308,584,392,606) mode=compact look=P1 placement=left ring=0 hardPx2=0 softPx2=0 order=4 bound=1
2026.10.06-02.18.59 TAG fighter=f-1-hero bbox=(1343,524,1436,546) mode=compact look=P2 placement=right ring=0 hardPx2=0 softPx2=0 order=3 bound=1
2026.10.06-02.18.59 TAG fighter=f-1-sk0 bbox=(1201,427,1285,449) mode=compact look=P2 placement=above ring=0 hardPx2=0 softPx2=0 order=0 bound=1
2026.10.06-02.18.59 TAG fighter=f-0-hero bbox=(1072,598,1174,620) mode=compact look=P1 placement=above ring=0 hardPx2=0 softPx2=0 order=5 bound=1
2026.10.06-02.18.59 TAG fighter=f-0-sk0 bbox=(509,496,593,518) mode=compact look=P1 placement=above ring=0 hardPx2=0 softPx2=0 order=2 bound=1
2026.10.06-02.18.59 TAG fighter=f-0-sk1 bbox=(396,458,480,480) mode=compact look=P1 placement=above ring=0 hardPx2=0 softPx2=0 order=1 bound=1
2026.10.06-02.18.59 TAG fighter=f-0-sk2 bbox=(308,584,392,606) mode=compact look=P1 placement=left ring=0 hardPx2=0 softPx2=0 order=4 bound=1
2026.10.06-02.18.59 TAG fighter=f-1-hero bbox=(1325,523,1418,545) mode=compact look=P2 placement=right ring=0 hardPx2=0 softPx2=0 order=3 bound=1
2026.10.06-02.18.59 TAG fighter=f-1-sk0 bbox=(1201,427,1285,449) mode=compact look=P2 placement=above ring=0 hardPx2=0 softPx2=0 order=0 bound=1
2026.10.06-02.18.59 TAG fighter=f-0-hero bbox=(1072,598,1174,620) mode=compact look=P1 placement=above ring=0 hardPx2=0 softPx2=0 order=5 bound=1
2026.10.06-02.18.59 TAG fighter=f-0-sk0 bbox=(509,496,593,518) mode=compact look=P1 placement=above ring=0 hardPx2=0 softPx2=0 order=2 bound=1
2026.10.06-02.18.59 TAG fighter=f-0-sk1 bbox=(396,458,480,480) mode=compact look=P1 placement=above ring=0 hardPx2=0 softPx2=0 order=1 bound=1
2026.10.06-02.18.59 TAG fighter=f-0-sk2 bbox=(308,584,392,606) mode=compact look=P1 placement=left ring=0 hardPx2=0 softPx2=0 order=4 bound=1
2026.10.06-02.18.59 TAG fighter=f-1-hero bbox=(1308,522,1401,544) mode=compact look=P2 placement=right ring=0 hardPx2=0 softPx2=0 order=3 bound=1
2026.10.06-02.18.59 TAG fighter=f-1-sk0 bbox=(1201,427,1285,449) mode=compact look=P2 placement=above ring=0 hardPx2=0 softPx2=0 order=0 bound=1
2026.10.06-02.18.59 TAG fighter=f-0-hero bbox=(1072,598,1174,620) mode=compact look=P1 placement=above ring=0 hardPx2=0 softPx2=0 order=5 bound=1
2026.10.06-02.18.59 TAG fighter=f-0-sk0 bbox=(509,496,593,518) mode=compact look=P1 placement=above ring=0 hardPx2=0 softPx2=0 order=2 bound=1
2026.10.06-02.18.59 TAG fighter=f-0-sk1 bbox=(396,458,480,480) mode=compact look=P1 placement=above ring=0 hardPx2=0 softPx2=0 order=1 bound=1
2026.10.06-02.18.59 TAG fighter=f-0-sk2 bbox=(308,584,392,606) mode=compact look=P1 placement=left ring=0 hardPx2=0 softPx2=0 order=4 bound=1
2026.10.06-02.18.59 TAG fighter=f-1-hero bbox=(1291,522,1384,544) mode=compact look=P2 placement=right ring=0 hardPx2=0 softPx2=0 order=3 bound=1
2026.10.06-02.18.59 TAG fighter=f-1-sk0 bbox=(1201,427,1285,449) mode=compact look=P2 placement=above ring=0 hardPx2=0 softPx2=0 order=0 bound=1
2026.10.06-02.18.59 TAG fighter=f-0-hero bbox=(1072,598,1174,620) mode=compact look=P1 placement=above ring=0 hardPx2=0 softPx2=0 order=5 bound=1
2026.10.06-02.18.59 TAG fighter=f-0-sk0 bbox=(509,496,593,518) mode=compact look=P1 placement=above ring=0 hardPx2=0 softPx2=0 order=2 bound=1
2026.10.06-02.18.59 TAG fighter=f-0-sk1 bbox=(396,458,480,480) mode=compact look=P1 placement=above ring=0 hardPx2=0 softPx2=0 order=1 bound=1
2026.10.06-02.18.59 TAG fighter=f-0-sk2 bbox=(308,584,392,606) mode=compact look=P1 placement=left ring=0 hardPx2=0 softPx2=0 order=4 bound=1
2026.10.06-02.18.59 TAG fighter=f-1-hero bbox=(1091,521,1184,543) mode=compact look=P2 placement=left ring=0 hardPx2=0 softPx2=0 order=3 bound=1
2026.10.06-02.18.59 TAG fighter=f-1-sk0 bbox=(1201,427,1285,449) mode=compact look=P2 placement=above ring=0 hardPx2=0 softPx2=0 order=0 bound=1
2026.10.06-02.18.59 TAG fighter=f-0-hero bbox=(977,622,1079,644) mode=compact look=P1 placement=left ring=0 hardPx2=0 softPx2=0 order=5 bound=1
2026.10.06-02.18.59 TAG fighter=f-0-sk0 bbox=(509,496,593,518) mode=compact look=P1 placement=above ring=0 hardPx2=0 softPx2=0 order=2 bound=1
2026.10.06-02.18.59 TAG fighter=f-0-sk1 bbox=(396,458,480,480) mode=compact look=P1 placement=above ring=0 hardPx2=0 softPx2=0 order=1 bound=1
2026.10.06-02.18.59 TAG fighter=f-0-sk2 bbox=(308,584,392,606) mode=compact look=P1 placement=left ring=0 hardPx2=0 softPx2=0 order=4 bound=1
2026.10.06-02.18.59 TAG fighter=f-1-hero bbox=(1075,521,1168,543) mode=compact look=P2 placement=left ring=0 hardPx2=0 softPx2=0 order=3 bound=1
2026.10.06-02.18.59 TAG fighter=f-1-sk0 bbox=(1201,427,1285,449) mode=compact look=P2 placement=above ring=0 hardPx2=0 softPx2=0 order=0 bound=1
2026.10.06-02.18.59 TAG fighter=f-0-hero bbox=(977,622,1079,644) mode=compact look=P1 placement=left ring=0 hardPx2=0 softPx2=0 order=5 bound=1
2026.10.06-02.18.59 TAG fighter=f-0-sk0 bbox=(509,496,593,518) mode=compact look=P1 placement=above ring=0 hardPx2=0 softPx2=0 order=2 bound=1
2026.10.06-02.18.59 TAG fighter=f-0-sk1 bbox=(396,458,480,480) mode=compact look=P1 placement=above ring=0 hardPx2=0 softPx2=0 order=1 bound=1
2026.10.06-02.18.59 TAG fighter=f-0-sk2 bbox=(308,584,392,606) mode=compact look=P1 placement=left ring=0 hardPx2=0 softPx2=0 order=4 bound=1
2026.10.06-02.18.59 TAG fighter=f-1-hero bbox=(1059,520,1152,542) mode=compact look=P2 placement=left ring=0 hardPx2=0 softPx2=0 order=3 bound=1
2026.10.06-02.18.59 TAG fighter=f-1-sk0 bbox=(1201,427,1285,449) mode=compact look=P2 placement=above ring=0 hardPx2=0 softPx2=0 order=0 bound=1
2026.10.06-02.18.59 TAG fighter=f-0-hero bbox=(977,622,1079,644) mode=compact look=P1 placement=left ring=0 hardPx2=0 softPx2=0 order=5 bound=1
2026.10.06-02.18.59 TAG fighter=f-0-sk0 bbox=(509,496,593,518) mode=compact look=P1 placement=above ring=0 hardPx2=0 softPx2=0 order=3 bound=1
2026.10.06-02.18.59 TAG fighter=f-0-sk1 bbox=(396,458,480,480) mode=compact look=P1 placement=above ring=0 hardPx2=0 softPx2=0 order=1 bound=1
2026.10.06-02.18.59 TAG fighter=f-0-sk2 bbox=(308,584,392,606) mode=compact look=P1 placement=left ring=0 hardPx2=0 softPx2=0 order=4 bound=1
2026.10.06-02.18.59 TAG fighter=f-1-hero bbox=(1042,520,1135,542) mode=compact look=P2 placement=left ring=0 hardPx2=0 softPx2=0 order=2 bound=1
2026.10.06-02.18.59 TAG fighter=f-1-sk0 bbox=(1201,427,1285,449) mode=compact look=P2 placement=above ring=0 hardPx2=0 softPx2=0 order=0 bound=1
2026.10.06-02.18.59 TAG fighter=f-0-hero bbox=(977,622,1079,644) mode=compact look=P1 placement=left ring=0 hardPx2=0 softPx2=0 order=5 bound=1
2026.10.06-02.18.59 TAG fighter=f-0-sk0 bbox=(509,496,593,518) mode=compact look=P1 placement=above ring=0 hardPx2=0 softPx2=0 order=3 bound=1
2026.10.06-02.18.59 TAG fighter=f-0-sk1 bbox=(396,458,480,480) mode=compact look=P1 placement=above ring=0 hardPx2=0 softPx2=0 order=1 bound=1
2026.10.06-02.18.59 TAG fighter=f-0-sk2 bbox=(308,584,392,606) mode=compact look=P1 placement=left ring=0 hardPx2=0 softPx2=0 order=4 bound=1
2026.10.06-02.18.59 TAG fighter=f-1-hero bbox=(1036,519,1129,541) mode=compact look=P2 placement=left ring=0 hardPx2=0 softPx2=0 order=2 bound=1
2026.10.06-02.18.59 TAG fighter=f-1-sk0 bbox=(1201,427,1285,449) mode=compact look=P2 placement=above ring=0 hardPx2=0 softPx2=0 order=0 bound=1
2026.10.06-02.18.59 MS-LAST show seq=79 mode=anim player=cmuhntiwu0001wib0z281rpa8 from=7,3 to=6,3
2026.10.06-02.18.59 MS-LOG seq=79 moves=1 truncated=0 text="King Arthur: maneuver: King Arthur S26→S25"
2026.10.06-02.19.00 game -> room=cmuw1u4nq0561t84m7cuv93yr code=<redacted> status=IN_PROGRESS
2026.10.06-02.19.00 SNAPSHOT applied seq=80 phase=ACTION_MANEUVER
2026.10.06-02.19.00 HANDLE_APPLIED #110 seq=80 decision=2 fightersValid=1 boardValid=1
2026.10.06-02.19.00 closed mode=
2026.10.06-02.19.00 TURN-INPUT open seq=80 frame=1715 gate=none
2026.10.06-02.19.00 MODE seq=80 mode=6 combat=0 pending=1
2026.10.06-02.19.00 ARTPREVIEW selection ring shown fighter=King Arthur mesh=SM_Marker_SelectionRing
2026.10.06-02.19.00 ARTPREVIEW hero-light fighter=f-1-hero state=active layers=2 lightsOn=2 keyCd=24.106 rimCd=2.048 mul=1.124 pulse=0.40Hz+-4%
2026.10.06-02.19.00 ARTPREVIEW reachable rings cells=0 placed=1 radiusUU=36 segments=48 style=readability color=#FFC857 stroke=#14110C widthUU=3.50 strokeUU=1.50
2026.10.06-02.19.00 MS-PENDING present=toast id=ability-medusa-target-p0 opens=6 collapsed=0 type=TARGET_FIGHTER remembered=fighter=f-1-hero applied=fighter=f-1-hero
2026.10.06-02.19.00 MS-OPP verb=none seq=80
2026.10.06-02.19.00 MS-TRACK own=0/2 opp=0/2 oppVisible=0 seq=80
2026.10.06-02.19.00 MS-LAST fade seq=79 at=80 ms=300
2026.10.06-02.19.00 CUE sound id=CUE-015 point=turn subject=- seq=80 t=60805 event_t=60805 dt=0 class=UI sound=SW_UI_TURN_CHIME_01 gain=0.80 result=played turn=own
2026.10.06-02.19.00 VO event=TURN-START speaker=MEDUSA t=60805 result=played line=MEDUSA-TURN-START-03 prio=4
2026.10.06-02.19.00 VO subtitle line=MEDUSA-TURN-START-03 until=62637
2026.10.06-02.19.00 HUD-TURN seq=80 turn=own initial=0 ring=marker-turn-ring flash=1000 banner=600 reduced=0
2026.10.06-02.19.00 HUD-SLOT show seq=80 ribbon=discarded owner=opp card="Excalibur" count=1 fly=200 hold=0 min=1000 reduced=0
2026.10.06-02.19.00 SFX bank=CRD-DISCARD tag=discard class=SFX t=60805 sound=SW_CRD_DISCARD_02 gain=0.80
2026.10.06-02.19.00 HUD seq=80 phase=ACTION_MANEUVER turn=you hand=2 oppHand=7(hidden) oppDeck=13~ deck=18~ discard=10
2026.10.06-02.19.00 MS-STATUS seq=80 text="Choose a target (up to 1)"
2026.10.06-02.19.00 ARTPREVIEW fighter=Medusa hero=1 eligible=0 visual=1 mesh=SK_Medusa_H2LD
2026.10.06-02.19.00 ARTPREVIEW selection ring shown fighter=King Arthur mesh=SM_Marker_SelectionRing
2026.10.06-02.19.00 FIGHTERS synced n=6 alive=6 own=4 enemy=2
2026.10.06-02.19.00 ARTPREVIEW selection ring shown fighter=King Arthur mesh=SM_Marker_SelectionRing
2026.10.06-02.19.00 ARTPREVIEW reachable rings cells=0 placed=1 radiusUU=36 segments=48 style=readability color=#FFC857 stroke=#14110C widthUU=3.50 strokeUU=1.50
2026.10.06-02.19.00 WS seq=80 phase=ACTION_MANEUVER (apply)
2026.10.06-02.19.00 SFX bank=FX-GAZE-REQUEST tag=gaze class=SFX t=60838 sound=SW_FX_GAZE_REQUEST_01 gain=0.80
2026.10.06-02.19.00 SFX bank=FX-GAZE-REQUEST-VOICE tag=voice class=VO t=60838 sound=SW_FX_GAZE_REQUEST_VOICE gain=0.80
2026.10.06-02.19.00 HUD-TRACK own=0/2 server=0 local=0 opp=0/2 oppVisible=0 anim=reset/reset seq=80 frame=1716
2026.10.06-02.19.00 HUD-HAND lower=1 pick=target cursor=board preview=hidden seq=80
2026.10.06-02.19.00 S09AUTO drive mode=6 plan=[attack+scheme] phase=ACTION_MANEUVER turn=cmuhntivg0000wib0anhqyswc
2026.10.06-02.19.00 S09AUTO own turn #7 (turnCount=15)
2026.10.06-02.19.00 PEND-RESOLVE sent type=TARGET_FIGHTER stage=0 id=ability-medusa-target-p0
2026.10.06-02.19.00 CUE sound id=CUE-014 point=cue subject=f-1-hero seq=80 t=60838 event_t=60838 dt=0 class=SFX sound=SW_FX_GAZE_BEAM_02 gain=0.80 result=played bank=FX-GAZE-BEAM
2026.10.06-02.19.00 MS-STATUS seq=80 text="Syncing…"
2026.10.06-02.19.00 S09AUTO pending picked (type=TARGET_FIGHTER stage=0)
2026.10.06-02.19.00 TOAST text="choice sent"
2026.10.06-02.19.00 HUD plate content fighter=f-1-hero name=King Arthur hp=6/18 team=enemy statuses=HERO  |  MELEE teamSlot=P2 look=P2 shape=hexagon chip=#5786A8
2026.10.06-02.19.00 PLATE fighter=f-1-hero bbox=(1025,459,1197,513) overlapReachable=0 placement=above ring=0 gap=6 selection=f-1-hero destinations=0 clean=1 softPx2=0 tested=112 bound=1
2026.10.06-02.19.00 TAG fighter=f-0-hero bbox=(977,622,1079,644) mode=compact look=P1 placement=left ring=0 hardPx2=0 softPx2=0 order=4 bound=1
2026.10.06-02.19.00 TAG fighter=f-0-sk0 bbox=(509,496,593,518) mode=compact look=P1 placement=above ring=0 hardPx2=0 softPx2=0 order=2 bound=1
2026.10.06-02.19.00 TAG fighter=f-0-sk1 bbox=(396,458,480,480) mode=compact look=P1 placement=above ring=0 hardPx2=0 softPx2=0 order=1 bound=1
2026.10.06-02.19.00 TAG fighter=f-0-sk2 bbox=(308,584,392,606) mode=compact look=P1 placement=left ring=0 hardPx2=0 softPx2=0 order=3 bound=1
2026.10.06-02.19.00 TAG fighter=f-1-sk0 bbox=(1201,427,1285,449) mode=compact look=P2 placement=above ring=0 hardPx2=0 softPx2=0 order=0 bound=1
2026.10.06-02.19.00 TAG fighter=f-0-hero bbox=(977,622,1079,644) mode=compact look=P1 placement=left ring=0 hardPx2=0 softPx2=0 order=4 bound=1
2026.10.06-02.19.00 TAG fighter=f-0-sk0 bbox=(509,496,593,518) mode=compact look=P1 placement=above ring=0 hardPx2=0 softPx2=0 order=2 bound=1
2026.10.06-02.19.00 TAG fighter=f-0-sk1 bbox=(396,458,480,480) mode=compact look=P1 placement=above ring=0 hardPx2=0 softPx2=0 order=1 bound=1
2026.10.06-02.19.00 TAG fighter=f-0-sk2 bbox=(308,584,392,606) mode=compact look=P1 placement=left ring=0 hardPx2=0 softPx2=0 order=3 bound=1
2026.10.06-02.19.00 TAG fighter=f-1-sk0 bbox=(1201,427,1285,449) mode=compact look=P2 placement=above ring=0 hardPx2=0 softPx2=0 order=0 bound=1
2026.10.06-02.19.00 TAG fighter=f-0-hero bbox=(977,622,1079,644) mode=compact look=P1 placement=left ring=0 hardPx2=0 softPx2=0 order=4 bound=1
2026.10.06-02.19.00 TAG fighter=f-0-sk0 bbox=(509,496,593,518) mode=compact look=P1 placement=above ring=0 hardPx2=0 softPx2=0 order=2 bound=1
2026.10.06-02.19.00 TAG fighter=f-0-sk1 bbox=(396,458,480,480) mode=compact look=P1 placement=above ring=0 hardPx2=0 softPx2=0 order=1 bound=1
2026.10.06-02.19.00 TAG fighter=f-0-sk2 bbox=(308,584,392,606) mode=compact look=P1 placement=left ring=0 hardPx2=0 softPx2=0 order=3 bound=1
2026.10.06-02.19.00 TAG fighter=f-1-sk0 bbox=(1201,427,1285,449) mode=compact look=P2 placement=above ring=0 hardPx2=0 softPx2=0 order=0 bound=1
2026.10.06-02.19.00 TAG fighter=f-0-hero bbox=(977,622,1079,644) mode=compact look=P1 placement=left ring=0 hardPx2=0 softPx2=0 order=4 bound=1
2026.10.06-02.19.00 TAG fighter=f-0-sk0 bbox=(509,496,593,518) mode=compact look=P1 placement=above ring=0 hardPx2=0 softPx2=0 order=2 bound=1
2026.10.06-02.19.00 TAG fighter=f-0-sk1 bbox=(396,458,480,480) mode=compact look=P1 placement=above ring=0 hardPx2=0 softPx2=0 order=1 bound=1
2026.10.06-02.19.00 TAG fighter=f-0-sk2 bbox=(308,584,392,606) mode=compact look=P1 placement=left ring=0 hardPx2=0 softPx2=0 order=3 bound=1
2026.10.06-02.19.00 TAG fighter=f-1-sk0 bbox=(1201,427,1285,449) mode=compact look=P2 placement=above ring=0 hardPx2=0 softPx2=0 order=0 bound=1
2026.10.06-02.19.00 SNAPSHOT applied seq=81 phase=ACTION_MANEUVER
2026.10.06-02.19.00 HANDLE_APPLIED #111 seq=81 decision=2 fightersValid=1 boardValid=1
2026.10.06-02.19.00 closed mode=
2026.10.06-02.19.00 MODE seq=81 mode=0 combat=0 pending=0
2026.10.06-02.19.00 HUD seq=81 phase=ACTION_MANEUVER turn=you hand=2 oppHand=7(hidden) oppDeck=11 deck=18 discard=10
2026.10.06-02.19.00 MS-STATUS seq=81 text="Choose an action: maneuver (M), attack (A) or scheme (G)"
2026.10.06-02.19.00 ARTPREVIEW fighter=Medusa hero=1 eligible=0 visual=1 mesh=SK_Medusa_H2LD
2026.10.06-02.19.00 ARTPREVIEW selection ring shown fighter=King Arthur mesh=SM_Marker_SelectionRing
2026.10.06-02.19.00 FIGHTERS synced n=6 alive=6 own=4 enemy=2
2026.10.06-02.19.00 ARTPREVIEW hero-light fighter=f-1-hero state=idle layers=2 lightsOn=2 keyCd=21.443 rimCd=1.822 mul=1.000 pulse=none
2026.10.06-02.19.00 ARTPREVIEW damage-number fighter=f-1-hero amount=1 seq=81 cell=(6,3)
2026.10.06-02.19.00 ARTPREVIEW anim fighter=f-1-hero clip=HitReact len=0.417 event=damaged loop=0 phase=0.0000 seq=81 asset=AM_KingArthur_HitReact rate=1.00
2026.10.06-02.19.00 ARTPREVIEW hit-tint fighter=f-1-hero ms=450
2026.10.06-02.19.00 VO event=HURT speaker=ARTHUR t=60938 result=skipped line=- prio=3 reason=gap
2026.10.06-02.19.00 CUE damage f-1-hero -1 seq=81
2026.10.06-02.19.00 PEND resolve done seq=81 (apply) phase=ACTION_MANEUVER
2026.10.06-02.19.00 SNAPSHOT applied seq=81 phase=ACTION_MANEUVER
2026.10.06-02.19.00 HANDLE_APPLIED #112 seq=81 decision=1 fightersValid=1 boardValid=1
2026.10.06-02.19.00 MODE seq=81 mode=0 combat=0 pending=0
2026.10.06-02.19.00 HUD seq=81 phase=ACTION_MANEUVER turn=you hand=2 oppHand=7(hidden) oppDeck=11 deck=18 discard=10
2026.10.06-02.19.00 ARTPREVIEW fighter=Medusa hero=1 eligible=0 visual=1 mesh=SK_Medusa_H2LD
2026.10.06-02.19.00 FIGHTERS synced n=6 alive=6 own=4 enemy=2
2026.10.06-02.19.00 WS seq=81 phase=ACTION_MANEUVER (merge)
2026.10.06-02.19.00 CUE sound id=CUE-011 point=hit subject=f-1-hero seq=81 t=60938 event_t=60938 dt=0 class=SFX sound=SW_CMB_HIT_MAGIC_01 gain=0.80 result=played bank=CMB-HIT-MAGIC
2026.10.06-02.19.00 HUD-HEART side=opp hero=f-1-hero hp=5/18 anim=damage glow=1 played=1
2026.10.06-02.19.00 HUD-HAND lower=0 pick=none cursor=board preview=shown seq=81
2026.10.06-02.19.00 S09AUTO drive mode=0 plan=[attack+scheme] phase=ACTION_MANEUVER turn=cmuhntivg0000wib0anhqyswc
2026.10.06-02.19.00 S09AUTO attack (attacker=f-0-hero target-set card-set)
2026.10.06-02.19.00 ATTACK sent ability=none
2026.10.06-02.19.00 HUD-TRACK chosen=attack seq=81 spent=0
2026.10.06-02.19.00 ARTPREVIEW hero-light fighter=f-0-hero state=active layers=2 lightsOn=2 keyCd=19.854 rimCd=1.687 mul=1.104 pulse=0.40Hz+-4%
2026.10.06-02.19.00 ARTPREVIEW combat marker fighter=Medusa attacker=1 target=0 icon=0 targetMesh=SM_Marker_TargetRing iconMode=screen targetArcScaleXY=0.920
2026.10.06-02.19.00 ARTPREVIEW combat marker fighter=King Arthur attacker=0 target=1 icon=1 targetMesh=SM_Marker_TargetRing iconMode=screen targetArcScaleXY=0.920
2026.10.06-02.19.00 MS-STATUS seq=81 text="Syncing…"
2026.10.06-02.19.00 TOAST text="attack sent"
2026.10.06-02.19.00 PLATE hidden fighter=f-1-hero
2026.10.06-02.19.00 TAG fighter=f-0-hero bbox=(977,622,1079,644) mode=compact look=P1 placement=left ring=0 hardPx2=0 softPx2=0 order=5 bound=1
2026.10.06-02.19.00 TAG fighter=f-0-sk0 bbox=(509,496,593,518) mode=compact look=P1 placement=above ring=0 hardPx2=0 softPx2=0 order=3 bound=1
2026.10.06-02.19.00 TAG fighter=f-0-sk1 bbox=(396,458,480,480) mode=compact look=P1 placement=above ring=0 hardPx2=0 softPx2=0 order=2 bound=1
2026.10.06-02.19.00 TAG fighter=f-0-sk2 bbox=(308,584,392,606) mode=compact look=P1 placement=left ring=0 hardPx2=0 softPx2=0 order=4 bound=1
2026.10.06-02.19.00 TAG fighter=f-1-hero bbox=(1036,519,1129,541) mode=compact look=P2 placement=left ring=0 hardPx2=0 softPx2=0 order=0 bound=1
2026.10.06-02.19.00 TAG fighter=f-1-sk0 bbox=(1201,427,1285,449) mode=compact look=P2 placement=above ring=0 hardPx2=0 softPx2=0 order=1 bound=1
2026.10.06-02.19.00 ICON fighter=f-1-hero bbox=(1217,541,1249,573) size=32 src=combat anchor=right fallback=0 overlapPx2=0 texture=/Game/S08/UI/IconsV3/T_IV3_action_attack_token_32.T_IV3_action_attack_token_32
2026.10.06-02.19.00 DAMAGE fighter=f-1-hero bbox=(1063,489,1103,517) amount=1 seq=81 placement=above ring=0 hardPx2=0 softPx2=0
2026.10.06-02.19.00 HUD-TRACK own=1/2 server=0 local=1 opp=0/2 oppVisible=0 anim=spend/- seq=81 frame=1721
2026.10.06-02.19.00 TAG fighter=f-0-hero bbox=(977,622,1079,644) mode=compact look=P1 placement=left ring=0 hardPx2=0 softPx2=0 order=5 bound=1
2026.10.06-02.19.00 TAG fighter=f-0-sk0 bbox=(509,496,593,518) mode=compact look=P1 placement=above ring=0 hardPx2=0 softPx2=0 order=3 bound=1
2026.10.06-02.19.00 TAG fighter=f-0-sk1 bbox=(396,458,480,480) mode=compact look=P1 placement=above ring=0 hardPx2=0 softPx2=0 order=2 bound=1
2026.10.06-02.19.00 TAG fighter=f-0-sk2 bbox=(308,584,392,606) mode=compact look=P1 placement=left ring=0 hardPx2=0 softPx2=0 order=4 bound=1
2026.10.06-02.19.00 TAG fighter=f-1-hero bbox=(1036,519,1129,541) mode=compact look=P2 placement=left ring=0 hardPx2=0 softPx2=0 order=0 bound=1
2026.10.06-02.19.00 TAG fighter=f-1-sk0 bbox=(1201,427,1285,449) mode=compact look=P2 placement=above ring=0 hardPx2=0 softPx2=0 order=1 bound=1
2026.10.06-02.19.00 ICON fighter=f-1-hero bbox=(1217,541,1249,573) size=32 src=combat anchor=right fallback=0 overlapPx2=0 texture=/Game/S08/UI/IconsV3/T_IV3_action_attack_token_32.T_IV3_action_attack_token_32
2026.10.06-02.19.00 TAG fighter=f-0-hero bbox=(977,622,1079,644) mode=compact look=P1 placement=left ring=0 hardPx2=0 softPx2=0 order=5 bound=1
2026.10.06-02.19.00 TAG fighter=f-0-sk0 bbox=(509,496,593,518) mode=compact look=P1 placement=above ring=0 hardPx2=0 softPx2=0 order=3 bound=1
2026.10.06-02.19.00 TAG fighter=f-0-sk1 bbox=(396,458,480,480) mode=compact look=P1 placement=above ring=0 hardPx2=0 softPx2=0 order=2 bound=1
2026.10.06-02.19.00 TAG fighter=f-0-sk2 bbox=(308,584,392,606) mode=compact look=P1 placement=left ring=0 hardPx2=0 softPx2=0 order=4 bound=1
2026.10.06-02.19.00 TAG fighter=f-1-hero bbox=(1036,519,1129,541) mode=compact look=P2 placement=left ring=0 hardPx2=0 softPx2=0 order=0 bound=1
2026.10.06-02.19.00 TAG fighter=f-1-sk0 bbox=(1201,427,1285,449) mode=compact look=P2 placement=above ring=0 hardPx2=0 softPx2=0 order=1 bound=1
2026.10.06-02.19.00 ICON fighter=f-1-hero bbox=(1217,541,1249,573) size=32 src=combat anchor=right fallback=0 overlapPx2=0 texture=/Game/S08/UI/IconsV3/T_IV3_action_attack_token_32.T_IV3_action_attack_token_32
2026.10.06-02.19.00 SNAPSHOT applied seq=82 phase=COMBAT
2026.10.06-02.19.00 HANDLE_APPLIED #113 seq=82 decision=2 fightersValid=1 boardValid=1
2026.10.06-02.19.00 CUE sound id=CUE-008 point=cue subject=f-0-hero seq=82 t=61038 event_t=61038 dt=0 class=SFX sound=SW_CMB_ATTACK_DECLARE_01 gain=0.80 result=played
2026.10.06-02.19.00 VO event=ATTACK speaker=MEDUSA t=61038 result=skipped line=- prio=3 reason=cooldown
2026.10.06-02.19.00 CUE fx id=CUE-008 subject=f-0-hero seq=82 t=61038 vfx=missing sfx=missing clip=none mat=none socket=Weapon reduced=0 result=fallback
2026.10.06-02.19.00 closed mode=
2026.10.06-02.19.00 MODE seq=82 mode=0 combat=1 pending=0
2026.10.06-02.19.00 MS-OPP verb=defend seq=82
2026.10.06-02.19.00 MS-TRACK own=1/2 opp=0/2 oppVisible=0 seq=82
2026.10.06-02.19.00 HUD seq=82 phase=COMBAT turn=you hand=1 oppHand=7(hidden) oppDeck=11 deck=18 discard=11
2026.10.06-02.19.00 MS-STATUS seq=82 text="Waiting for the defender"
2026.10.06-02.19.00 ARTPREVIEW fighter=Medusa hero=1 eligible=0 visual=1 mesh=SK_Medusa_H2LD
2026.10.06-02.19.00 FIGHTERS synced n=6 alive=6 own=4 enemy=2
2026.10.06-02.19.00 ATTACK done seq=82 (apply) phase=COMBAT
2026.10.06-02.19.01 SNAPSHOT applied seq=82 phase=COMBAT
2026.10.06-02.19.01 HANDLE_APPLIED #114 seq=82 decision=1 fightersValid=1 boardValid=1
2026.10.06-02.19.01 MODE seq=82 mode=0 combat=1 pending=0
2026.10.06-02.19.01 HUD seq=82 phase=COMBAT turn=you hand=1 oppHand=7(hidden) oppDeck=11 deck=18 discard=11
2026.10.06-02.19.01 ARTPREVIEW fighter=Medusa hero=1 eligible=0 visual=1 mesh=SK_Medusa_H2LD
2026.10.06-02.19.01 FIGHTERS synced n=6 alive=6 own=4 enemy=2
2026.10.06-02.19.01 WS seq=82 phase=COMBAT (merge)
2026.10.06-02.19.01 HUD-TRACK own=1/2 server=1 local=0 opp=0/2 oppVisible=0 anim=-/- seq=82 frame=1723
2026.10.06-02.19.01 TAG fighter=f-0-hero bbox=(977,622,1079,644) mode=compact look=P1 placement=left ring=0 hardPx2=0 softPx2=0 order=5 bound=1
2026.10.06-02.19.01 TAG fighter=f-0-sk0 bbox=(509,496,593,518) mode=compact look=P1 placement=above ring=0 hardPx2=0 softPx2=0 order=3 bound=1
2026.10.06-02.19.01 TAG fighter=f-0-sk1 bbox=(396,458,480,480) mode=compact look=P1 placement=above ring=0 hardPx2=0 softPx2=0 order=2 bound=1
2026.10.06-02.19.01 TAG fighter=f-0-sk2 bbox=(308,584,392,606) mode=compact look=P1 placement=left ring=0 hardPx2=0 softPx2=0 order=4 bound=1
2026.10.06-02.19.01 TAG fighter=f-1-hero bbox=(1036,519,1129,541) mode=compact look=P2 placement=left ring=0 hardPx2=0 softPx2=0 order=0 bound=1
2026.10.06-02.19.01 TAG fighter=f-1-sk0 bbox=(1201,427,1285,449) mode=compact look=P2 placement=above ring=0 hardPx2=0 softPx2=0 order=1 bound=1
2026.10.06-02.19.01 ICON fighter=f-1-hero bbox=(1217,541,1249,573) size=32 src=combat anchor=right fallback=0 overlapPx2=0 texture=/Game/S08/UI/IconsV3/T_IV3_action_attack_token_32.T_IV3_action_attack_token_32
2026.10.06-02.19.01 MS-LAST off seq=79 fade=300
2026.10.06-02.19.01 TAG fighter=f-0-hero bbox=(977,622,1079,644) mode=compact look=P1 placement=left ring=0 hardPx2=0 softPx2=0 order=5 bound=1
2026.10.06-02.19.01 TAG fighter=f-0-sk0 bbox=(509,496,593,518) mode=compact look=P1 placement=above ring=0 hardPx2=0 softPx2=0 order=3 bound=1
2026.10.06-02.19.01 TAG fighter=f-0-sk1 bbox=(396,458,480,480) mode=compact look=P1 placement=above ring=0 hardPx2=0 softPx2=0 order=2 bound=1
2026.10.06-02.19.01 TAG fighter=f-0-sk2 bbox=(308,584,392,606) mode=compact look=P1 placement=left ring=0 hardPx2=0 softPx2=0 order=4 bound=1
2026.10.06-02.19.01 TAG fighter=f-1-hero bbox=(1036,519,1129,541) mode=compact look=P2 placement=left ring=0 hardPx2=0 softPx2=0 order=0 bound=1
2026.10.06-02.19.01 TAG fighter=f-1-sk0 bbox=(1201,427,1285,449) mode=compact look=P2 placement=above ring=0 hardPx2=0 softPx2=0 order=1 bound=1
2026.10.06-02.19.01 ICON fighter=f-1-hero bbox=(1217,541,1249,573) size=32 src=combat anchor=right fallback=0 overlapPx2=0 texture=/Game/S08/UI/IconsV3/T_IV3_action_attack_token_32.T_IV3_action_attack_token_32
2026.10.06-02.19.01 TAG fighter=f-0-hero bbox=(977,622,1079,644) mode=compact look=P1 placement=left ring=0 hardPx2=0 softPx2=0 order=5 bound=1
2026.10.06-02.19.01 TAG fighter=f-0-sk0 bbox=(509,496,593,518) mode=compact look=P1 placement=above ring=0 hardPx2=0 softPx2=0 order=3 bound=1
2026.10.06-02.19.01 TAG fighter=f-0-sk1 bbox=(396,458,480,480) mode=compact look=P1 placement=above ring=0 hardPx2=0 softPx2=0 order=2 bound=1
2026.10.06-02.19.01 TAG fighter=f-0-sk2 bbox=(308,584,392,606) mode=compact look=P1 placement=left ring=0 hardPx2=0 softPx2=0 order=4 bound=1
2026.10.06-02.19.01 TAG fighter=f-1-hero bbox=(1036,519,1129,541) mode=compact look=P2 placement=left ring=0 hardPx2=0 softPx2=0 order=0 bound=1
2026.10.06-02.19.01 TAG fighter=f-1-sk0 bbox=(1201,427,1285,449) mode=compact look=P2 placement=above ring=0 hardPx2=0 softPx2=0 order=1 bound=1
2026.10.06-02.19.01 ICON fighter=f-1-hero bbox=(1217,541,1249,573) size=32 src=combat anchor=right fallback=0 overlapPx2=0 texture=/Game/S08/UI/IconsV3/T_IV3_action_attack_token_32.T_IV3_action_attack_token_32
2026.10.06-02.19.01 ARTPREVIEW anim fighter=f-1-hero clip=Idle len=2.500 event=clipFinished loop=1 phase=0.3470 seq=-1 asset=AM_KingArthur_Idle rate=1.00
2026.10.06-02.19.01 CUE fx done id=CUE-008 subject=f-0-hero seq=82 t=61638 ms=600 cut=0
2026.10.06-02.19.01 TAG fighter=f-0-hero bbox=(977,622,1079,644) mode=compact look=P1 placement=left ring=0 hardPx2=0 softPx2=0 order=5 bound=1
2026.10.06-02.19.01 TAG fighter=f-0-sk0 bbox=(509,496,593,518) mode=compact look=P1 placement=above ring=0 hardPx2=0 softPx2=0 order=3 bound=1
2026.10.06-02.19.01 TAG fighter=f-0-sk1 bbox=(396,458,480,480) mode=compact look=P1 placement=above ring=0 hardPx2=0 softPx2=0 order=2 bound=1
2026.10.06-02.19.01 TAG fighter=f-0-sk2 bbox=(308,584,392,606) mode=compact look=P1 placement=left ring=0 hardPx2=0 softPx2=0 order=4 bound=1
2026.10.06-02.19.01 TAG fighter=f-1-hero bbox=(1036,519,1129,541) mode=compact look=P2 placement=left ring=0 hardPx2=0 softPx2=0 order=0 bound=1
2026.10.06-02.19.01 TAG fighter=f-1-sk0 bbox=(1201,427,1285,449) mode=compact look=P2 placement=above ring=0 hardPx2=0 softPx2=0 order=1 bound=1
2026.10.06-02.19.01 ICON fighter=f-1-hero bbox=(1217,541,1249,573) size=32 src=combat anchor=right fallback=0 overlapPx2=0 texture=/Game/S08/UI/IconsV3/T_IV3_action_attack_token_32.T_IV3_action_attack_token_32
2026.10.06-02.19.01 SNAPSHOT applied seq=83 phase=COMBAT_RESOLVE
2026.10.06-02.19.01 HANDLE_APPLIED #115 seq=83 decision=2 fightersValid=1 boardValid=1
2026.10.06-02.19.01 CUE sound id=CUE-009 point=cue subject=f-1-hero seq=83 t=62038 event_t=62038 dt=0 class=SFX sound=SW_CMB_DEFENSE_PLAYED_01 gain=0.80 result=played
2026.10.06-02.19.01 VO event=DEFEND speaker=ARTHUR t=62038 result=skipped line=- prio=4 reason=busy
2026.10.06-02.19.01 CUE fx id=CUE-009 subject=f-1-hero seq=83 t=62038 vfx=missing sfx=missing clip=none mat=FxFlash socket=Head reduced=0 result=fallback
2026.10.06-02.19.01 closed mode=
2026.10.06-02.19.01 MODE seq=83 mode=5 combat=1 pending=0
2026.10.06-02.19.01 HUD seq=83 phase=COMBAT_RESOLVE turn=you hand=1 oppHand=6(hidden) oppDeck=11~ deck=18~ discard=11
2026.10.06-02.19.01 MS-STATUS seq=83 text="Resolve the combat (R)"
2026.10.06-02.19.01 ARTPREVIEW fighter=Medusa hero=1 eligible=0 visual=1 mesh=SK_Medusa_H2LD
2026.10.06-02.19.01 FIGHTERS synced n=6 alive=6 own=4 enemy=2
2026.10.06-02.19.01 WS seq=83 phase=COMBAT_RESOLVE (apply)
2026.10.06-02.19.02 HUD-SLOT off seq=80 ribbon=discarded shown=1267 reason=done
2026.10.06-02.19.02 S09AUTO drive mode=5 plan=[attack+scheme] phase=COMBAT_RESOLVE turn=cmuhntivg0000wib0anhqyswc
2026.10.06-02.19.02 TAG fighter=f-0-hero bbox=(977,622,1079,644) mode=compact look=P1 placement=left ring=0 hardPx2=0 softPx2=0 order=5 bound=1
2026.10.06-02.19.02 TAG fighter=f-0-sk0 bbox=(509,496,593,518) mode=compact look=P1 placement=above ring=0 hardPx2=0 softPx2=0 order=3 bound=1
2026.10.06-02.19.02 TAG fighter=f-0-sk1 bbox=(396,458,480,480) mode=compact look=P1 placement=above ring=0 hardPx2=0 softPx2=0 order=2 bound=1
2026.10.06-02.19.02 TAG fighter=f-0-sk2 bbox=(308,584,392,606) mode=compact look=P1 placement=left ring=0 hardPx2=0 softPx2=0 order=4 bound=1
2026.10.06-02.19.02 TAG fighter=f-1-hero bbox=(1036,519,1129,541) mode=compact look=P2 placement=left ring=0 hardPx2=0 softPx2=0 order=0 bound=1
2026.10.06-02.19.02 TAG fighter=f-1-sk0 bbox=(1201,427,1285,449) mode=compact look=P2 placement=above ring=0 hardPx2=0 softPx2=0 order=1 bound=1
2026.10.06-02.19.02 ICON fighter=f-1-hero bbox=(1217,541,1249,573) size=32 src=combat anchor=right fallback=0 overlapPx2=0 texture=/Game/S08/UI/IconsV3/T_IV3_action_attack_token_32.T_IV3_action_attack_token_32
2026.10.06-02.19.02 SNAPSHOT applied seq=84 phase=ACTION_MANEUVER
2026.10.06-02.19.02 HANDLE_APPLIED #116 seq=84 decision=2 fightersValid=1 boardValid=1
2026.10.06-02.19.02 COMBAT-RESULT seq=84 damage=0 role=attacked
2026.10.06-02.19.02 COMBAT-LOG seq=84 log=84 n=9 entries=1 lines=1 src=log outcomes=APPLIED:1
2026.10.06-02.19.02 CUE combat seq=84 stage=start t=62172 attacker=f-0-hero target=f-1-hero text=1 lines=1 damage=0 lethal=0 shown=0 speed=1.00 flip=620 contact=333 src=notify a=1 d=2 outcome=hold
2026.10.06-02.19.02 CUE fx id=CUE-010 subject=scene seq=84 t=62172 vfx=none sfx=missing clip=none mat=none socket=- reduced=0 result=fallback
2026.10.06-02.19.02 CUE sound id=CUE-010 point=cue subject=card.attack seq=84 t=62172 event_t=62172 dt=0 class=SFX sound=SW_CRD_FLIP_02 gain=0.80 result=played
2026.10.06-02.19.02 CUE sound id=CUE-010 point=cue subject=card.defense seq=84 t=62172 event_t=62172 dt=0 class=SFX sound=SW_CRD_FLIP_01 gain=0.80 result=played
2026.10.06-02.19.02 closed mode=
2026.10.06-02.19.02 MODE seq=84 mode=0 combat=0 pending=0
2026.10.06-02.19.02 MS-OPP verb=none seq=84
2026.10.06-02.19.02 HUD seq=84 phase=ACTION_MANEUVER turn=you hand=1 oppHand=6(hidden) oppDeck=11~ deck=18~ discard=11
2026.10.06-02.19.02 MS-STATUS seq=84 text="Choose an action: maneuver (M), attack (A) or scheme (G)"
2026.10.06-02.19.02 ARTPREVIEW fighter=Medusa hero=1 eligible=0 visual=1 mesh=SK_Medusa_H2LD
2026.10.06-02.19.02 FIGHTERS synced n=6 alive=6 own=4 enemy=2
2026.10.06-02.19.02 WS seq=84 phase=ACTION_MANEUVER (apply)
2026.10.06-02.19.02 S09AUTO drive mode=0 plan=[attack+scheme] phase=ACTION_MANEUVER turn=cmuhntivg0000wib0anhqyswc
2026.10.06-02.19.02 HUD-TRACK chosen=maneuver seq=84 spent=1
2026.10.06-02.19.02 MS-STATUS seq=84 text="Syncing…"
2026.10.06-02.19.02 TOAST text="begin maneuver sent (server draws 1 card)"
2026.10.06-02.19.02 HUD-TRACK own=2/2 server=1 local=1 opp=0/2 oppVisible=0 anim=spend/- seq=84 frame=1758
2026.10.06-02.19.02 TAG fighter=f-0-hero bbox=(977,622,1079,644) mode=compact look=P1 placement=left ring=0 hardPx2=0 softPx2=0 order=5 bound=1
2026.10.06-02.19.02 TAG fighter=f-0-sk0 bbox=(509,496,593,518) mode=compact look=P1 placement=above ring=0 hardPx2=0 softPx2=0 order=3 bound=1
2026.10.06-02.19.02 TAG fighter=f-0-sk1 bbox=(396,458,480,480) mode=compact look=P1 placement=above ring=0 hardPx2=0 softPx2=0 order=2 bound=1
2026.10.06-02.19.02 TAG fighter=f-0-sk2 bbox=(308,584,392,606) mode=compact look=P1 placement=left ring=0 hardPx2=0 softPx2=0 order=4 bound=1
2026.10.06-02.19.02 TAG fighter=f-1-hero bbox=(1036,519,1129,541) mode=compact look=P2 placement=left ring=0 hardPx2=0 softPx2=0 order=0 bound=1
2026.10.06-02.19.02 TAG fighter=f-1-sk0 bbox=(1201,427,1285,449) mode=compact look=P2 placement=above ring=0 hardPx2=0 softPx2=0 order=1 bound=1
2026.10.06-02.19.02 ICON fighter=f-1-hero bbox=(1217,541,1249,573) size=32 src=combat anchor=right fallback=0 overlapPx2=0 texture=/Game/S08/UI/IconsV3/T_IV3_action_attack_token_32.T_IV3_action_attack_token_32
2026.10.06-02.19.02 SNAPSHOT applied seq=85 phase=ACTION_MANEUVER
2026.10.06-02.19.02 HANDLE_APPLIED #117 seq=85 decision=2 fightersValid=1 boardValid=1
2026.10.06-02.19.02 MS-DRAFT op=candidates rev=26 src=snapshot n=4 ids=f-0-hero,f-0-sk0,f-0-sk1,f-0-sk2 autoselect=-
2026.10.06-02.19.02 MANEUVER-DRAFT mode=maneuver:15:84
2026.10.06-02.19.02 DRAFT-OPEN draw committed (resume instead of begin)
2026.10.06-02.19.02 SFX bank=BRD-CANDIDATES tag=candidates class=SFX t=62305 sound=SW_BRD_CANDIDATES_01 gain=0.80
2026.10.06-02.19.02 MODE seq=85 mode=1 combat=0 pending=0
2026.10.06-02.19.02 MS-TRACK own=2/2 opp=0/2 oppVisible=0 seq=85
2026.10.06-02.19.02 CUE sound id=CUE-005 point=cue subject=hand.own seq=85 t=62305 event_t=62305 dt=0 class=SFX sound=SW_CRD_DRAW_03 gain=0.80 result=played
2026.10.06-02.19.02 HUD seq=85 phase=ACTION_MANEUVER turn=you hand=2 oppHand=6(hidden) oppDeck=11 deck=17 discard=11
2026.10.06-02.19.02 MS-STATUS seq=85 text="Choose a fighter to move"
2026.10.06-02.19.02 ARTPREVIEW fighter=Medusa hero=1 eligible=0 visual=1 mesh=SK_Medusa_H2LD
2026.10.06-02.19.02 FIGHTERS synced n=6 alive=6 own=4 enemy=2
2026.10.06-02.19.02 MANEUVER begin seq=85 (apply) pending=maneuver:15:84
2026.10.06-02.19.02 SNAPSHOT applied seq=85 phase=ACTION_MANEUVER
2026.10.06-02.19.02 HANDLE_APPLIED #118 seq=85 decision=1 fightersValid=1 boardValid=1
2026.10.06-02.19.02 MODE seq=85 mode=1 combat=0 pending=0
2026.10.06-02.19.02 HUD seq=85 phase=ACTION_MANEUVER turn=you hand=2 oppHand=6(hidden) oppDeck=11 deck=17 discard=11
2026.10.06-02.19.02 ARTPREVIEW fighter=Medusa hero=1 eligible=0 visual=1 mesh=SK_Medusa_H2LD
2026.10.06-02.19.02 FIGHTERS synced n=6 alive=6 own=4 enemy=2
2026.10.06-02.19.02 WS seq=85 phase=ACTION_MANEUVER (merge)
2026.10.06-02.19.02 HUD-TRACK own=2/2 server=2 local=0 opp=0/2 oppVisible=0 anim=-/- seq=85 frame=1761
2026.10.06-02.19.02 S09AUTO drive mode=1 plan=[attack+scheme] phase=ACTION_MANEUVER turn=cmuhntivg0000wib0anhqyswc
2026.10.06-02.19.02 S09AUTO approach: no improving legal step
2026.10.06-02.19.02 MANEUVER-CONFIRM moves=0 boost=none
2026.10.06-02.19.02 MS-STATUS seq=85 text="Syncing…"
2026.10.06-02.19.02 HUD plate content fighter=f-0-hero name=Medusa hp=16/16 team=own statuses=HERO  |  RANGED teamSlot=P1 look=P1 shape=circle chip=#DAC576
2026.10.06-02.19.02 PLATE fighter=f-0-hero bbox=(951,562,1123,616) overlapReachable=0 placement=above ring=0 gap=6 selection=f-0-hero destinations=5 clean=1 softPx2=0 tested=112 bound=1
2026.10.06-02.19.02 TAG fighter=f-0-sk0 bbox=(509,496,593,518) mode=compact look=P1 placement=above ring=0 hardPx2=0 softPx2=0 order=3 bound=1
2026.10.06-02.19.02 TAG fighter=f-0-sk1 bbox=(396,458,480,480) mode=compact look=P1 placement=above ring=0 hardPx2=0 softPx2=0 order=2 bound=1
2026.10.06-02.19.02 TAG fighter=f-0-sk2 bbox=(308,584,392,606) mode=compact look=P1 placement=left ring=0 hardPx2=0 softPx2=0 order=4 bound=1
2026.10.06-02.19.02 TAG fighter=f-1-hero bbox=(1036,519,1129,541) mode=compact look=P2 placement=left ring=0 hardPx2=0 softPx2=0 order=0 bound=1
2026.10.06-02.19.02 TAG fighter=f-1-sk0 bbox=(1201,427,1285,449) mode=compact look=P2 placement=above ring=0 hardPx2=0 softPx2=0 order=1 bound=1
2026.10.06-02.19.02 ICON fighter=f-1-hero bbox=(1217,541,1249,573) size=32 src=combat anchor=right fallback=0 overlapPx2=0 texture=/Game/S08/UI/IconsV3/T_IV3_action_attack_token_32.T_IV3_action_attack_token_32
2026.10.06-02.19.02 HUD-HAND lower=1 pick=cell cursor=board preview=hidden seq=85
2026.10.06-02.19.02 TAG fighter=f-0-sk0 bbox=(509,496,593,518) mode=compact look=P1 placement=above ring=0 hardPx2=0 softPx2=0 order=3 bound=1
2026.10.06-02.19.02 TAG fighter=f-0-sk1 bbox=(396,458,480,480) mode=compact look=P1 placement=above ring=0 hardPx2=0 softPx2=0 order=2 bound=1
2026.10.06-02.19.02 TAG fighter=f-0-sk2 bbox=(308,584,392,606) mode=compact look=P1 placement=left ring=0 hardPx2=0 softPx2=0 order=4 bound=1
2026.10.06-02.19.02 TAG fighter=f-1-hero bbox=(1036,519,1129,541) mode=compact look=P2 placement=left ring=0 hardPx2=0 softPx2=0 order=0 bound=1
2026.10.06-02.19.02 TAG fighter=f-1-sk0 bbox=(1201,427,1285,449) mode=compact look=P2 placement=above ring=0 hardPx2=0 softPx2=0 order=1 bound=1
2026.10.06-02.19.02 ICON fighter=f-1-hero bbox=(1217,541,1249,573) size=32 src=combat anchor=right fallback=0 overlapPx2=0 texture=/Game/S08/UI/IconsV3/T_IV3_action_attack_token_32.T_IV3_action_attack_token_32
2026.10.06-02.19.02 SNAPSHOT applied seq=86 phase=ACTION_MANEUVER
2026.10.06-02.19.02 MS-NET gate released by snapshot op=maneuver seq=86 (before the HTTP answer)
2026.10.06-02.19.02 HANDLE_APPLIED #119 seq=86 decision=2 fightersValid=1 boardValid=1
2026.10.06-02.19.02 closed mode=
2026.10.06-02.19.02 MODE seq=86 mode=0 combat=0 pending=0
2026.10.06-02.19.02 MS-OPP verb=turn seq=86
2026.10.06-02.19.02 MS-TRACK own=0/2 opp=0/2 oppVisible=1 seq=86
2026.10.06-02.19.02 MS-LAST enter seq=86 player=cmuhntivg0000wib0anhqyswc source=MANEUVER moves=0 boost=-1
2026.10.06-02.19.02 CUE sound id=CUE-015 point=turn subject=- seq=86 t=62405 event_t=62405 dt=0 class=UI sound=none gain=0.80 result=silent turn=opp reason=opponent
2026.10.06-02.19.02 HUD-TURN seq=86 turn=opp initial=0 ring=marker-turn-ring flash=1000 banner=0 reduced=0
2026.10.06-02.19.02 HUD seq=86 phase=ACTION_MANEUVER turn=opp hand=2 oppHand=6(hidden) oppDeck=11~ deck=17~ discard=11
2026.10.06-02.19.02 MS-STATUS seq=86 text="King Arthur — Opponent is choosing an action"
2026.10.06-02.19.02 ARTPREVIEW fighter=Medusa hero=1 eligible=0 visual=1 mesh=SK_Medusa_H2LD
2026.10.06-02.19.02 FIGHTERS synced n=6 alive=6 own=4 enemy=2
2026.10.06-02.19.02 WS seq=86 phase=ACTION_MANEUVER (apply)
2026.10.06-02.19.02 MS-LAST show seq=86 mode=restore player=cmuhntivg0000wib0anhqyswc from=- to=-
2026.10.06-02.19.02 MS-LOG seq=86 moves=0 truncated=0 text="Medusa: maneuver: no movement"
2026.10.06-02.19.02 HUD-TRACK own=0/2 server=0 local=0 opp=0/2 oppVisible=1 anim=reset/reset seq=86 frame=1764
2026.10.06-02.19.02 HUD-HAND lower=0 pick=none cursor=board preview=shown seq=86
2026.10.06-02.19.02 PLATE hidden fighter=f-0-hero
2026.10.06-02.19.02 TAG fighter=f-0-hero bbox=(977,622,1079,644) mode=compact look=P1 placement=left ring=0 hardPx2=0 softPx2=0 order=5 bound=1
2026.10.06-02.19.02 TAG fighter=f-0-sk0 bbox=(509,496,593,518) mode=compact look=P1 placement=above ring=0 hardPx2=0 softPx2=0 order=3 bound=1
2026.10.06-02.19.02 TAG fighter=f-0-sk1 bbox=(396,458,480,480) mode=compact look=P1 placement=above ring=0 hardPx2=0 softPx2=0 order=2 bound=1
2026.10.06-02.19.02 TAG fighter=f-0-sk2 bbox=(308,584,392,606) mode=compact look=P1 placement=left ring=0 hardPx2=0 softPx2=0 order=4 bound=1
2026.10.06-02.19.02 TAG fighter=f-1-hero bbox=(1036,519,1129,541) mode=compact look=P2 placement=left ring=0 hardPx2=0 softPx2=0 order=0 bound=1
2026.10.06-02.19.02 TAG fighter=f-1-sk0 bbox=(1201,427,1285,449) mode=compact look=P2 placement=above ring=0 hardPx2=0 softPx2=0 order=1 bound=1
2026.10.06-02.19.02 ICON fighter=f-1-hero bbox=(1217,541,1249,573) size=32 src=combat anchor=right fallback=0 overlapPx2=0 texture=/Game/S08/UI/IconsV3/T_IV3_action_attack_token_32.T_IV3_action_attack_token_32
2026.10.06-02.19.02 MS-NET late-reply op=maneuver ok=1 settled=snapshot
2026.10.06-02.19.02 SNAPSHOT applied seq=86 phase=ACTION_MANEUVER
2026.10.06-02.19.02 HANDLE_APPLIED #120 seq=86 decision=1 fightersValid=1 boardValid=1
2026.10.06-02.19.02 MODE seq=86 mode=0 combat=0 pending=0
2026.10.06-02.19.02 HUD seq=86 phase=ACTION_MANEUVER turn=opp hand=2 oppHand=6(hidden) oppDeck=11 deck=17 discard=11
2026.10.06-02.19.02 ARTPREVIEW fighter=Medusa hero=1 eligible=0 visual=1 mesh=SK_Medusa_H2LD
2026.10.06-02.19.02 FIGHTERS synced n=6 alive=6 own=4 enemy=2
2026.10.06-02.19.02 MS-NET late-reply merged seq=86 (merge)
2026.10.06-02.19.02 TAG fighter=f-0-hero bbox=(977,622,1079,644) mode=compact look=P1 placement=left ring=0 hardPx2=0 softPx2=0 order=5 bound=1
2026.10.06-02.19.02 TAG fighter=f-0-sk0 bbox=(509,496,593,518) mode=compact look=P1 placement=above ring=0 hardPx2=0 softPx2=0 order=3 bound=1
2026.10.06-02.19.02 TAG fighter=f-0-sk1 bbox=(396,458,480,480) mode=compact look=P1 placement=above ring=0 hardPx2=0 softPx2=0 order=2 bound=1
2026.10.06-02.19.02 TAG fighter=f-0-sk2 bbox=(308,584,392,606) mode=compact look=P1 placement=left ring=0 hardPx2=0 softPx2=0 order=4 bound=1
2026.10.06-02.19.02 TAG fighter=f-1-hero bbox=(1036,519,1129,541) mode=compact look=P2 placement=left ring=0 hardPx2=0 softPx2=0 order=0 bound=1
2026.10.06-02.19.02 TAG fighter=f-1-sk0 bbox=(1201,427,1285,449) mode=compact look=P2 placement=above ring=0 hardPx2=0 softPx2=0 order=1 bound=1
2026.10.06-02.19.02 ICON fighter=f-1-hero bbox=(1217,541,1249,573) size=32 src=combat anchor=right fallback=0 overlapPx2=0 texture=/Game/S08/UI/IconsV3/T_IV3_action_attack_token_32.T_IV3_action_attack_token_32
2026.10.06-02.19.02 TAG fighter=f-0-hero bbox=(977,622,1079,644) mode=compact look=P1 placement=left ring=0 hardPx2=0 softPx2=0 order=5 bound=1
2026.10.06-02.19.02 TAG fighter=f-0-sk0 bbox=(509,496,593,518) mode=compact look=P1 placement=above ring=0 hardPx2=0 softPx2=0 order=3 bound=1
2026.10.06-02.19.02 TAG fighter=f-0-sk1 bbox=(396,458,480,480) mode=compact look=P1 placement=above ring=0 hardPx2=0 softPx2=0 order=2 bound=1
2026.10.06-02.19.02 TAG fighter=f-0-sk2 bbox=(308,584,392,606) mode=compact look=P1 placement=left ring=0 hardPx2=0 softPx2=0 order=4 bound=1
2026.10.06-02.19.02 TAG fighter=f-1-hero bbox=(1036,519,1129,541) mode=compact look=P2 placement=left ring=0 hardPx2=0 softPx2=0 order=0 bound=1
2026.10.06-02.19.02 TAG fighter=f-1-sk0 bbox=(1201,427,1285,449) mode=compact look=P2 placement=above ring=0 hardPx2=0 softPx2=0 order=1 bound=1
2026.10.06-02.19.02 ICON fighter=f-1-hero bbox=(1217,541,1249,573) size=32 src=combat anchor=right fallback=0 overlapPx2=0 texture=/Game/S08/UI/IconsV3/T_IV3_action_attack_token_32.T_IV3_action_attack_token_32
2026.10.06-02.19.02 CUE fx done id=CUE-009 subject=f-1-hero seq=83 t=62538 ms=500 cut=0
2026.10.06-02.19.02 TAG fighter=f-0-hero bbox=(977,622,1079,644) mode=compact look=P1 placement=left ring=0 hardPx2=0 softPx2=0 order=5 bound=1
2026.10.06-02.19.02 TAG fighter=f-0-sk0 bbox=(509,496,593,518) mode=compact look=P1 placement=above ring=0 hardPx2=0 softPx2=0 order=3 bound=1
2026.10.06-02.19.02 TAG fighter=f-0-sk1 bbox=(396,458,480,480) mode=compact look=P1 placement=above ring=0 hardPx2=0 softPx2=0 order=2 bound=1
2026.10.06-02.19.02 TAG fighter=f-0-sk2 bbox=(308,584,392,606) mode=compact look=P1 placement=left ring=0 hardPx2=0 softPx2=0 order=4 bound=1
2026.10.06-02.19.02 TAG fighter=f-1-hero bbox=(1036,519,1129,541) mode=compact look=P2 placement=left ring=0 hardPx2=0 softPx2=0 order=0 bound=1
2026.10.06-02.19.02 TAG fighter=f-1-sk0 bbox=(1201,427,1285,449) mode=compact look=P2 placement=above ring=0 hardPx2=0 softPx2=0 order=1 bound=1
2026.10.06-02.19.02 ICON fighter=f-1-hero bbox=(1217,541,1249,573) size=32 src=combat anchor=right fallback=0 overlapPx2=0 texture=/Game/S08/UI/IconsV3/T_IV3_action_attack_token_32.T_IV3_action_attack_token_32
2026.10.06-02.19.02 SNAPSHOT applied seq=87 phase=ACTION_MANEUVER
2026.10.06-02.19.02 HANDLE_APPLIED #121 seq=87 decision=2 fightersValid=1 boardValid=1
2026.10.06-02.19.02 MODE seq=87 mode=0 combat=0 pending=0
2026.10.06-02.19.02 MS-OPP verb=maneuver seq=87
2026.10.06-02.19.02 MS-TRACK own=0/2 opp=1/2 oppVisible=1 seq=87
2026.10.06-02.19.02 MS-OPP planning=1 seq=87
2026.10.06-02.19.02 CUE sound id=CUE-005 point=cue subject=hand.opp seq=87 t=62538 event_t=62538 dt=0 class=SFX sound=SW_CRD_DRAW_04 gain=0.80 result=played
2026.10.06-02.19.02 HUD seq=87 phase=ACTION_MANEUVER turn=opp hand=2 oppHand=7(hidden) oppDeck=11~ deck=17~ discard=11
2026.10.06-02.19.02 MS-STATUS seq=87 text="King Arthur — Opponent is planning a maneuver"
2026.10.06-02.19.02 ARTPREVIEW fighter=Medusa hero=1 eligible=0 visual=1 mesh=SK_Medusa_H2LD
2026.10.06-02.19.02 FIGHTERS synced n=6 alive=6 own=4 enemy=2
2026.10.06-02.19.02 WS seq=87 phase=ACTION_MANEUVER (apply)
2026.10.06-02.19.02 HUD-TRACK own=0/2 server=0 local=0 opp=1/2 oppVisible=1 anim=-/spend seq=87 frame=1768
2026.10.06-02.19.02 TAG fighter=f-0-hero bbox=(977,622,1079,644) mode=compact look=P1 placement=left ring=0 hardPx2=0 softPx2=0 order=5 bound=1
2026.10.06-02.19.02 TAG fighter=f-0-sk0 bbox=(509,496,593,518) mode=compact look=P1 placement=above ring=0 hardPx2=0 softPx2=0 order=3 bound=1
2026.10.06-02.19.02 TAG fighter=f-0-sk1 bbox=(396,458,480,480) mode=compact look=P1 placement=above ring=0 hardPx2=0 softPx2=0 order=2 bound=1
2026.10.06-02.19.02 TAG fighter=f-0-sk2 bbox=(308,584,392,606) mode=compact look=P1 placement=left ring=0 hardPx2=0 softPx2=0 order=4 bound=1
2026.10.06-02.19.02 TAG fighter=f-1-hero bbox=(1036,519,1129,541) mode=compact look=P2 placement=left ring=0 hardPx2=0 softPx2=0 order=0 bound=1
2026.10.06-02.19.02 TAG fighter=f-1-sk0 bbox=(1201,427,1285,449) mode=compact look=P2 placement=above ring=0 hardPx2=0 softPx2=0 order=1 bound=1
2026.10.06-02.19.02 ICON fighter=f-1-hero bbox=(1217,541,1249,573) size=32 src=combat anchor=right fallback=0 overlapPx2=0 texture=/Game/S08/UI/IconsV3/T_IV3_action_attack_token_32.T_IV3_action_attack_token_32
2026.10.06-02.19.02 TAG fighter=f-0-hero bbox=(977,622,1079,644) mode=compact look=P1 placement=left ring=0 hardPx2=0 softPx2=0 order=5 bound=1
2026.10.06-02.19.02 TAG fighter=f-0-sk0 bbox=(509,496,593,518) mode=compact look=P1 placement=above ring=0 hardPx2=0 softPx2=0 order=3 bound=1
2026.10.06-02.19.02 TAG fighter=f-0-sk1 bbox=(396,458,480,480) mode=compact look=P1 placement=above ring=0 hardPx2=0 softPx2=0 order=2 bound=1
2026.10.06-02.19.02 TAG fighter=f-0-sk2 bbox=(308,584,392,606) mode=compact look=P1 placement=left ring=0 hardPx2=0 softPx2=0 order=4 bound=1
2026.10.06-02.19.02 TAG fighter=f-1-hero bbox=(1036,519,1129,541) mode=compact look=P2 placement=left ring=0 hardPx2=0 softPx2=0 order=0 bound=1
2026.10.06-02.19.02 TAG fighter=f-1-sk0 bbox=(1201,427,1285,449) mode=compact look=P2 placement=above ring=0 hardPx2=0 softPx2=0 order=1 bound=1
2026.10.06-02.19.02 ICON fighter=f-1-hero bbox=(1217,541,1249,573) size=32 src=combat anchor=right fallback=0 overlapPx2=0 texture=/Game/S08/UI/IconsV3/T_IV3_action_attack_token_32.T_IV3_action_attack_token_32
2026.10.06-02.19.02 SNAPSHOT applied seq=88 phase=ACTION_MANEUVER
2026.10.06-02.19.02 HANDLE_APPLIED #122 seq=88 decision=2 fightersValid=1 boardValid=1
2026.10.06-02.19.02 CUE fx done id=CUE-010 subject=scene seq=84 t=62672 ms=500 cut=jump hold=500
2026.10.06-02.19.02 CUE combat seq=84 stage=end t=62672 total=1100 skipped=0 cut=catchup
2026.10.06-02.19.02 CATCHUP seq=84 latest=88 queued=4 lag=367 t=62672 action=cut reason=queue applied=1
2026.10.06-02.19.02 ARTPREVIEW fighter=Medusa hero=1 eligible=0 visual=1 mesh=SK_Medusa_H2LD
2026.10.06-02.19.02 ARTPREVIEW hero-light fighter=f-0-hero state=idle layers=2 lightsOn=2 keyCd=17.984 rimCd=1.528 mul=1.000 pulse=none
2026.10.06-02.19.02 ARTPREVIEW combat marker fighter=Medusa attacker=0 target=0 icon=0 targetMesh=SM_Marker_TargetRing iconMode=screen targetArcScaleXY=0.920
2026.10.06-02.19.02 ARTPREVIEW combat marker fighter=King Arthur attacker=0 target=0 icon=0 targetMesh=SM_Marker_TargetRing iconMode=screen targetArcScaleXY=0.920
2026.10.06-02.19.02 MODE seq=88 mode=0 combat=0 pending=0
2026.10.06-02.19.02 MS-OPP verb=turn seq=88
2026.10.06-02.19.02 MS-OPP planning=0 seq=88
2026.10.06-02.19.02 MS-LAST fade seq=86 at=88 ms=300
2026.10.06-02.19.02 MS-LAST replace seq=86 by=88
2026.10.06-02.19.02 MS-LAST enter seq=88 player=cmuhntiwu0001wib0z281rpa8 source=MANEUVER moves=1 boost=-1
2026.10.06-02.19.02 HUD seq=88 phase=ACTION_MANEUVER turn=opp hand=2 oppHand=7(hidden) oppDeck=11~ deck=17~ discard=11
2026.10.06-02.19.02 MS-STATUS seq=88 text="King Arthur — Opponent is choosing an action"
2026.10.06-02.19.02 ARTPREVIEW fighter=Medusa hero=1 eligible=0 visual=1 mesh=SK_Medusa_H2LD
2026.10.06-02.19.02 FIGHTERS synced n=6 alive=6 own=4 enemy=2
2026.10.06-02.19.02 MS-CUE move seq=88 fighter=f-1-hero order=0 of=1 kind=move steps=1 source=trail start=0 ms=280 snapped=0 path=S25>S26 speed=normal reduced=0
2026.10.06-02.19.02 CUE sound id=CUE-007 point=step subject=f-1-hero seq=88 t=62672 event_t=62672 dt=0 class=SFX sound=SW_BRD_STEP_01 gain=0.80 result=played edge=1/1 due=62672
2026.10.06-02.19.02 MS-ANIM play seq=88 moves=1 animated=1 speed=normal reduced=0 end=430
2026.10.06-02.19.02 CUE move f-1-hero (6,3)->(7,3) seq=88
2026.10.06-02.19.02 WS seq=88 phase=ACTION_MANEUVER (apply)
2026.10.06-02.19.02 TAG fighter=f-0-hero bbox=(977,622,1079,644) mode=compact look=P1 placement=left ring=0 hardPx2=0 softPx2=0 order=5 bound=1
2026.10.06-02.19.02 TAG fighter=f-0-sk0 bbox=(509,496,593,518) mode=compact look=P1 placement=above ring=0 hardPx2=0 softPx2=0 order=3 bound=1
2026.10.06-02.19.02 TAG fighter=f-0-sk1 bbox=(396,458,480,480) mode=compact look=P1 placement=above ring=0 hardPx2=0 softPx2=0 order=1 bound=1
2026.10.06-02.19.02 TAG fighter=f-0-sk2 bbox=(308,584,392,606) mode=compact look=P1 placement=left ring=0 hardPx2=0 softPx2=0 order=4 bound=1
2026.10.06-02.19.02 TAG fighter=f-1-hero bbox=(1052,520,1145,542) mode=compact look=P2 placement=left ring=0 hardPx2=0 softPx2=0 order=2 bound=1
2026.10.06-02.19.02 TAG fighter=f-1-sk0 bbox=(1201,427,1285,449) mode=compact look=P2 placement=above ring=0 hardPx2=0 softPx2=0 order=0 bound=1
2026.10.06-02.19.02 HUD icon hidden fighter=f-1-hero
2026.10.06-02.19.02 TAG fighter=f-0-hero bbox=(977,622,1079,644) mode=compact look=P1 placement=left ring=0 hardPx2=0 softPx2=0 order=5 bound=1
2026.10.06-02.19.02 TAG fighter=f-0-sk0 bbox=(509,496,593,518) mode=compact look=P1 placement=above ring=0 hardPx2=0 softPx2=0 order=2 bound=1
2026.10.06-02.19.02 TAG fighter=f-0-sk1 bbox=(396,458,480,480) mode=compact look=P1 placement=above ring=0 hardPx2=0 softPx2=0 order=1 bound=1
2026.10.06-02.19.02 TAG fighter=f-0-sk2 bbox=(308,584,392,606) mode=compact look=P1 placement=left ring=0 hardPx2=0 softPx2=0 order=4 bound=1
2026.10.06-02.19.02 TAG fighter=f-1-hero bbox=(1068,521,1161,543) mode=compact look=P2 placement=left ring=0 hardPx2=0 softPx2=0 order=3 bound=1
2026.10.06-02.19.02 TAG fighter=f-1-sk0 bbox=(1201,427,1285,449) mode=compact look=P2 placement=above ring=0 hardPx2=0 softPx2=0 order=0 bound=1
2026.10.06-02.19.02 TAG fighter=f-0-hero bbox=(1072,598,1174,620) mode=compact look=P1 placement=above ring=0 hardPx2=0 softPx2=0 order=5 bound=1
2026.10.06-02.19.02 TAG fighter=f-0-sk0 bbox=(509,496,593,518) mode=compact look=P1 placement=above ring=0 hardPx2=0 softPx2=0 order=2 bound=1
2026.10.06-02.19.02 TAG fighter=f-0-sk1 bbox=(396,458,480,480) mode=compact look=P1 placement=above ring=0 hardPx2=0 softPx2=0 order=1 bound=1
2026.10.06-02.19.02 TAG fighter=f-0-sk2 bbox=(308,584,392,606) mode=compact look=P1 placement=left ring=0 hardPx2=0 softPx2=0 order=4 bound=1
2026.10.06-02.19.02 TAG fighter=f-1-hero bbox=(1085,521,1178,543) mode=compact look=P2 placement=left ring=0 hardPx2=0 softPx2=0 order=3 bound=1
2026.10.06-02.19.02 TAG fighter=f-1-sk0 bbox=(1201,427,1285,449) mode=compact look=P2 placement=above ring=0 hardPx2=0 softPx2=0 order=0 bound=1
2026.10.06-02.19.02 TAG fighter=f-0-hero bbox=(1072,598,1174,620) mode=compact look=P1 placement=above ring=0 hardPx2=0 softPx2=0 order=5 bound=1
2026.10.06-02.19.02 TAG fighter=f-0-sk0 bbox=(509,496,593,518) mode=compact look=P1 placement=above ring=0 hardPx2=0 softPx2=0 order=2 bound=1
2026.10.06-02.19.02 TAG fighter=f-0-sk1 bbox=(396,458,480,480) mode=compact look=P1 placement=above ring=0 hardPx2=0 softPx2=0 order=1 bound=1
2026.10.06-02.19.02 TAG fighter=f-0-sk2 bbox=(308,584,392,606) mode=compact look=P1 placement=left ring=0 hardPx2=0 softPx2=0 order=4 bound=1
2026.10.06-02.19.02 TAG fighter=f-1-hero bbox=(1284,522,1377,544) mode=compact look=P2 placement=right ring=0 hardPx2=0 softPx2=0 order=3 bound=1
2026.10.06-02.19.02 TAG fighter=f-1-sk0 bbox=(1201,427,1285,449) mode=compact look=P2 placement=above ring=0 hardPx2=0 softPx2=0 order=0 bound=1
2026.10.06-02.19.02 TAG fighter=f-0-hero bbox=(1072,598,1174,620) mode=compact look=P1 placement=above ring=0 hardPx2=0 softPx2=0 order=5 bound=1
2026.10.06-02.19.02 TAG fighter=f-0-sk0 bbox=(509,496,593,518) mode=compact look=P1 placement=above ring=0 hardPx2=0 softPx2=0 order=2 bound=1
2026.10.06-02.19.02 TAG fighter=f-0-sk1 bbox=(396,458,480,480) mode=compact look=P1 placement=above ring=0 hardPx2=0 softPx2=0 order=1 bound=1
2026.10.06-02.19.02 TAG fighter=f-0-sk2 bbox=(308,584,392,606) mode=compact look=P1 placement=left ring=0 hardPx2=0 softPx2=0 order=4 bound=1
2026.10.06-02.19.02 TAG fighter=f-1-hero bbox=(1301,522,1394,544) mode=compact look=P2 placement=right ring=0 hardPx2=0 softPx2=0 order=3 bound=1
2026.10.06-02.19.02 TAG fighter=f-1-sk0 bbox=(1201,427,1285,449) mode=compact look=P2 placement=above ring=0 hardPx2=0 softPx2=0 order=0 bound=1
2026.10.06-02.19.02 TAG fighter=f-0-hero bbox=(1072,598,1174,620) mode=compact look=P1 placement=above ring=0 hardPx2=0 softPx2=0 order=5 bound=1
2026.10.06-02.19.02 TAG fighter=f-0-sk0 bbox=(509,496,593,518) mode=compact look=P1 placement=above ring=0 hardPx2=0 softPx2=0 order=2 bound=1
2026.10.06-02.19.02 TAG fighter=f-0-sk1 bbox=(396,458,480,480) mode=compact look=P1 placement=above ring=0 hardPx2=0 softPx2=0 order=1 bound=1
2026.10.06-02.19.02 TAG fighter=f-0-sk2 bbox=(308,584,392,606) mode=compact look=P1 placement=left ring=0 hardPx2=0 softPx2=0 order=4 bound=1
2026.10.06-02.19.02 TAG fighter=f-1-hero bbox=(1319,523,1412,545) mode=compact look=P2 placement=right ring=0 hardPx2=0 softPx2=0 order=3 bound=1
2026.10.06-02.19.02 TAG fighter=f-1-sk0 bbox=(1201,427,1285,449) mode=compact look=P2 placement=above ring=0 hardPx2=0 softPx2=0 order=0 bound=1
2026.10.06-02.19.02 TAG fighter=f-0-hero bbox=(1072,598,1174,620) mode=compact look=P1 placement=above ring=0 hardPx2=0 softPx2=0 order=5 bound=1
2026.10.06-02.19.02 TAG fighter=f-0-sk0 bbox=(509,496,593,518) mode=compact look=P1 placement=above ring=0 hardPx2=0 softPx2=0 order=2 bound=1
2026.10.06-02.19.02 TAG fighter=f-0-sk1 bbox=(396,458,480,480) mode=compact look=P1 placement=above ring=0 hardPx2=0 softPx2=0 order=1 bound=1
2026.10.06-02.19.02 TAG fighter=f-0-sk2 bbox=(308,584,392,606) mode=compact look=P1 placement=left ring=0 hardPx2=0 softPx2=0 order=4 bound=1
2026.10.06-02.19.02 TAG fighter=f-1-hero bbox=(1335,523,1428,545) mode=compact look=P2 placement=right ring=0 hardPx2=0 softPx2=0 order=3 bound=1
2026.10.06-02.19.02 TAG fighter=f-1-sk0 bbox=(1201,427,1285,449) mode=compact look=P2 placement=above ring=0 hardPx2=0 softPx2=0 order=0 bound=1
2026.10.06-02.19.02 TAG fighter=f-0-hero bbox=(1072,598,1174,620) mode=compact look=P1 placement=above ring=0 hardPx2=0 softPx2=0 order=5 bound=1
2026.10.06-02.19.02 TAG fighter=f-0-sk0 bbox=(509,496,593,518) mode=compact look=P1 placement=above ring=0 hardPx2=0 softPx2=0 order=2 bound=1
2026.10.06-02.19.02 TAG fighter=f-0-sk1 bbox=(396,458,480,480) mode=compact look=P1 placement=above ring=0 hardPx2=0 softPx2=0 order=1 bound=1
2026.10.06-02.19.02 TAG fighter=f-0-sk2 bbox=(308,584,392,606) mode=compact look=P1 placement=left ring=0 hardPx2=0 softPx2=0 order=4 bound=1
2026.10.06-02.19.02 TAG fighter=f-1-hero bbox=(1352,524,1445,546) mode=compact look=P2 placement=right ring=0 hardPx2=0 softPx2=0 order=3 bound=1
2026.10.06-02.19.02 TAG fighter=f-1-sk0 bbox=(1201,427,1285,449) mode=compact look=P2 placement=above ring=0 hardPx2=0 softPx2=0 order=0 bound=1
2026.10.06-02.19.02 TAG fighter=f-0-hero bbox=(1072,598,1174,620) mode=compact look=P1 placement=above ring=0 hardPx2=0 softPx2=0 order=5 bound=1
2026.10.06-02.19.02 TAG fighter=f-0-sk0 bbox=(509,496,593,518) mode=compact look=P1 placement=above ring=0 hardPx2=0 softPx2=0 order=2 bound=1
2026.10.06-02.19.02 TAG fighter=f-0-sk1 bbox=(396,458,480,480) mode=compact look=P1 placement=above ring=0 hardPx2=0 softPx2=0 order=1 bound=1
2026.10.06-02.19.02 TAG fighter=f-0-sk2 bbox=(308,584,392,606) mode=compact look=P1 placement=left ring=0 hardPx2=0 softPx2=0 order=4 bound=1
2026.10.06-02.19.02 TAG fighter=f-1-hero bbox=(1360,524,1453,546) mode=compact look=P2 placement=right ring=0 hardPx2=0 softPx2=0 order=3 bound=1
2026.10.06-02.19.02 TAG fighter=f-1-sk0 bbox=(1201,427,1285,449) mode=compact look=P2 placement=above ring=0 hardPx2=0 softPx2=0 order=0 bound=1
2026.10.06-02.19.03 MS-LAST show seq=88 mode=anim player=cmuhntiwu0001wib0z281rpa8 from=6,3 to=7,3
2026.10.06-02.19.03 MS-LOG seq=88 moves=1 truncated=0 text="King Arthur: maneuver: King Arthur S25→S26"
2026.10.06-02.19.03 game -> room=cmuw1u4nq0561t84m7cuv93yr code=<redacted> status=IN_PROGRESS
2026.10.06-02.19.03 S09AUTO drive mode=0 plan=[attack+scheme] phase=ACTION_MANEUVER turn=cmuhntiwu0001wib0z281rpa8
2026.10.06-02.19.03 SNAPSHOT applied seq=89 phase=ACTION_MANEUVER
2026.10.06-02.19.03 HANDLE_APPLIED #123 seq=89 decision=2 fightersValid=1 boardValid=1
2026.10.06-02.19.03 MODE seq=89 mode=0 combat=0 pending=0
2026.10.06-02.19.03 MS-OPP verb=maneuver seq=89
2026.10.06-02.19.03 MS-TRACK own=0/2 opp=2/2 oppVisible=1 seq=89
2026.10.06-02.19.03 MS-OPP planning=1 seq=89
2026.10.06-02.19.03 CUE sound id=CUE-005 point=cue subject=hand.opp seq=89 t=63905 event_t=63905 dt=0 class=SFX sound=SW_CRD_DRAW_02 gain=0.80 result=played
2026.10.06-02.19.03 HUD seq=89 phase=ACTION_MANEUVER turn=opp hand=2 oppHand=8(hidden) oppDeck=11~ deck=17~ discard=11
2026.10.06-02.19.03 MS-STATUS seq=89 text="King Arthur — Opponent is planning a maneuver"
2026.10.06-02.19.03 ARTPREVIEW fighter=Medusa hero=1 eligible=0 visual=1 mesh=SK_Medusa_H2LD
2026.10.06-02.19.03 FIGHTERS synced n=6 alive=6 own=4 enemy=2
2026.10.06-02.19.03 WS seq=89 phase=ACTION_MANEUVER (apply)
2026.10.06-02.19.03 HUD-TRACK own=0/2 server=0 local=0 opp=2/2 oppVisible=1 anim=-/spend seq=89 frame=1809
2026.10.06-02.19.03 SNAPSHOT applied seq=90 phase=TURN_END
2026.10.06-02.19.03 HANDLE_APPLIED #124 seq=90 decision=2 fightersValid=1 boardValid=1
2026.10.06-02.19.03 MODE seq=90 mode=0 combat=0 pending=0
2026.10.06-02.19.03 MS-OPP verb=card seq=90
2026.10.06-02.19.03 MS-OPP planning=0 seq=90
2026.10.06-02.19.03 MS-LAST fade seq=88 at=90 ms=300
2026.10.06-02.19.03 MS-LAST replace seq=88 by=90
2026.10.06-02.19.03 MS-LAST enter seq=90 player=cmuhntiwu0001wib0z281rpa8 source=MANEUVER moves=1 boost=-1
2026.10.06-02.19.03 HUD seq=90 phase=TURN_END turn=opp hand=2 oppHand=8(hidden) oppDeck=11~ deck=17~ discard=11 pendingDiscard=1
2026.10.06-02.19.03 MS-STATUS seq=90 text="King Arthur — Opponent is choosing a card"
2026.10.06-02.19.03 ARTPREVIEW fighter=Medusa hero=1 eligible=0 visual=1 mesh=SK_Medusa_H2LD
2026.10.06-02.19.03 FIGHTERS synced n=6 alive=6 own=4 enemy=2
2026.10.06-02.19.03 MS-CUE move seq=90 fighter=f-1-hero order=0 of=1 kind=move steps=1 source=trail start=0 ms=280 snapped=0 path=S26>S25 speed=normal reduced=0
2026.10.06-02.19.04 CUE sound id=CUE-007 point=step subject=f-1-hero seq=90 t=64038 event_t=64038 dt=0 class=SFX sound=SW_BRD_STEP_05 gain=0.80 result=played edge=1/1 due=64038
2026.10.06-02.19.04 MS-ANIM play seq=90 moves=1 animated=1 speed=normal reduced=0 end=430
2026.10.06-02.19.04 CUE move f-1-hero (7,3)->(6,3) seq=90
2026.10.06-02.19.04 WS seq=90 phase=TURN_END (apply)
2026.10.06-02.19.04 TAG fighter=f-0-hero bbox=(1072,598,1174,620) mode=compact look=P1 placement=above ring=0 hardPx2=0 softPx2=0 order=5 bound=1
2026.10.06-02.19.04 TAG fighter=f-0-sk0 bbox=(509,496,593,518) mode=compact look=P1 placement=above ring=0 hardPx2=0 softPx2=0 order=2 bound=1
2026.10.06-02.19.04 TAG fighter=f-0-sk1 bbox=(396,458,480,480) mode=compact look=P1 placement=above ring=0 hardPx2=0 softPx2=0 order=1 bound=1
2026.10.06-02.19.04 TAG fighter=f-0-sk2 bbox=(308,584,392,606) mode=compact look=P1 placement=left ring=0 hardPx2=0 softPx2=0 order=4 bound=1
2026.10.06-02.19.04 TAG fighter=f-1-hero bbox=(1342,523,1435,545) mode=compact look=P2 placement=right ring=0 hardPx2=0 softPx2=0 order=3 bound=1
2026.10.06-02.19.04 TAG fighter=f-1-sk0 bbox=(1201,427,1285,449) mode=compact look=P2 placement=above ring=0 hardPx2=0 softPx2=0 order=0 bound=1
2026.10.06-02.19.04 TAG fighter=f-0-hero bbox=(1072,598,1174,620) mode=compact look=P1 placement=above ring=0 hardPx2=0 softPx2=0 order=5 bound=1
2026.10.06-02.19.04 TAG fighter=f-0-sk0 bbox=(509,496,593,518) mode=compact look=P1 placement=above ring=0 hardPx2=0 softPx2=0 order=2 bound=1
2026.10.06-02.19.04 TAG fighter=f-0-sk1 bbox=(396,458,480,480) mode=compact look=P1 placement=above ring=0 hardPx2=0 softPx2=0 order=1 bound=1
2026.10.06-02.19.04 TAG fighter=f-0-sk2 bbox=(308,584,392,606) mode=compact look=P1 placement=left ring=0 hardPx2=0 softPx2=0 order=4 bound=1
2026.10.06-02.19.04 TAG fighter=f-1-hero bbox=(1325,523,1418,545) mode=compact look=P2 placement=right ring=0 hardPx2=0 softPx2=0 order=3 bound=1
2026.10.06-02.19.04 TAG fighter=f-1-sk0 bbox=(1201,427,1285,449) mode=compact look=P2 placement=above ring=0 hardPx2=0 softPx2=0 order=0 bound=1
2026.10.06-02.19.04 TAG fighter=f-0-hero bbox=(1072,598,1174,620) mode=compact look=P1 placement=above ring=0 hardPx2=0 softPx2=0 order=5 bound=1
2026.10.06-02.19.04 TAG fighter=f-0-sk0 bbox=(509,496,593,518) mode=compact look=P1 placement=above ring=0 hardPx2=0 softPx2=0 order=2 bound=1
2026.10.06-02.19.04 TAG fighter=f-0-sk1 bbox=(396,458,480,480) mode=compact look=P1 placement=above ring=0 hardPx2=0 softPx2=0 order=1 bound=1
2026.10.06-02.19.04 TAG fighter=f-0-sk2 bbox=(308,584,392,606) mode=compact look=P1 placement=left ring=0 hardPx2=0 softPx2=0 order=4 bound=1
2026.10.06-02.19.04 TAG fighter=f-1-hero bbox=(1308,522,1401,544) mode=compact look=P2 placement=right ring=0 hardPx2=0 softPx2=0 order=3 bound=1
2026.10.06-02.19.04 TAG fighter=f-1-sk0 bbox=(1201,427,1285,449) mode=compact look=P2 placement=above ring=0 hardPx2=0 softPx2=0 order=0 bound=1
2026.10.06-02.19.04 TAG fighter=f-0-hero bbox=(1072,598,1174,620) mode=compact look=P1 placement=above ring=0 hardPx2=0 softPx2=0 order=5 bound=1
2026.10.06-02.19.04 TAG fighter=f-0-sk0 bbox=(509,496,593,518) mode=compact look=P1 placement=above ring=0 hardPx2=0 softPx2=0 order=2 bound=1
2026.10.06-02.19.04 TAG fighter=f-0-sk1 bbox=(396,458,480,480) mode=compact look=P1 placement=above ring=0 hardPx2=0 softPx2=0 order=1 bound=1
2026.10.06-02.19.04 TAG fighter=f-0-sk2 bbox=(308,584,392,606) mode=compact look=P1 placement=left ring=0 hardPx2=0 softPx2=0 order=4 bound=1
2026.10.06-02.19.04 TAG fighter=f-1-hero bbox=(1291,522,1384,544) mode=compact look=P2 placement=right ring=0 hardPx2=0 softPx2=0 order=3 bound=1
2026.10.06-02.19.04 TAG fighter=f-1-sk0 bbox=(1201,427,1285,449) mode=compact look=P2 placement=above ring=0 hardPx2=0 softPx2=0 order=0 bound=1
2026.10.06-02.19.04 TAG fighter=f-0-hero bbox=(1072,598,1174,620) mode=compact look=P1 placement=above ring=0 hardPx2=0 softPx2=0 order=5 bound=1
2026.10.06-02.19.04 TAG fighter=f-0-sk0 bbox=(509,496,593,518) mode=compact look=P1 placement=above ring=0 hardPx2=0 softPx2=0 order=2 bound=1
2026.10.06-02.19.04 TAG fighter=f-0-sk1 bbox=(396,458,480,480) mode=compact look=P1 placement=above ring=0 hardPx2=0 softPx2=0 order=1 bound=1
2026.10.06-02.19.04 TAG fighter=f-0-sk2 bbox=(308,584,392,606) mode=compact look=P1 placement=left ring=0 hardPx2=0 softPx2=0 order=4 bound=1
2026.10.06-02.19.04 TAG fighter=f-1-hero bbox=(1091,521,1184,543) mode=compact look=P2 placement=left ring=0 hardPx2=0 softPx2=0 order=3 bound=1
2026.10.06-02.19.04 TAG fighter=f-1-sk0 bbox=(1201,427,1285,449) mode=compact look=P2 placement=above ring=0 hardPx2=0 softPx2=0 order=0 bound=1
2026.10.06-02.19.04 TAG fighter=f-0-hero bbox=(977,622,1079,644) mode=compact look=P1 placement=left ring=0 hardPx2=0 softPx2=0 order=5 bound=1
2026.10.06-02.19.04 TAG fighter=f-0-sk0 bbox=(509,496,593,518) mode=compact look=P1 placement=above ring=0 hardPx2=0 softPx2=0 order=2 bound=1
2026.10.06-02.19.04 TAG fighter=f-0-sk1 bbox=(396,458,480,480) mode=compact look=P1 placement=above ring=0 hardPx2=0 softPx2=0 order=1 bound=1
2026.10.06-02.19.04 TAG fighter=f-0-sk2 bbox=(308,584,392,606) mode=compact look=P1 placement=left ring=0 hardPx2=0 softPx2=0 order=4 bound=1
2026.10.06-02.19.04 TAG fighter=f-1-hero bbox=(1075,521,1168,543) mode=compact look=P2 placement=left ring=0 hardPx2=0 softPx2=0 order=3 bound=1
2026.10.06-02.19.04 TAG fighter=f-1-sk0 bbox=(1201,427,1285,449) mode=compact look=P2 placement=above ring=0 hardPx2=0 softPx2=0 order=0 bound=1
2026.10.06-02.19.04 TAG fighter=f-0-hero bbox=(977,622,1079,644) mode=compact look=P1 placement=left ring=0 hardPx2=0 softPx2=0 order=5 bound=1
2026.10.06-02.19.04 TAG fighter=f-0-sk0 bbox=(509,496,593,518) mode=compact look=P1 placement=above ring=0 hardPx2=0 softPx2=0 order=2 bound=1
2026.10.06-02.19.04 TAG fighter=f-0-sk1 bbox=(396,458,480,480) mode=compact look=P1 placement=above ring=0 hardPx2=0 softPx2=0 order=1 bound=1
2026.10.06-02.19.04 TAG fighter=f-0-sk2 bbox=(308,584,392,606) mode=compact look=P1 placement=left ring=0 hardPx2=0 softPx2=0 order=4 bound=1
2026.10.06-02.19.04 TAG fighter=f-1-hero bbox=(1058,520,1151,542) mode=compact look=P2 placement=left ring=0 hardPx2=0 softPx2=0 order=3 bound=1
2026.10.06-02.19.04 TAG fighter=f-1-sk0 bbox=(1201,427,1285,449) mode=compact look=P2 placement=above ring=0 hardPx2=0 softPx2=0 order=0 bound=1
2026.10.06-02.19.04 TAG fighter=f-0-hero bbox=(977,622,1079,644) mode=compact look=P1 placement=left ring=0 hardPx2=0 softPx2=0 order=5 bound=1
2026.10.06-02.19.04 TAG fighter=f-0-sk0 bbox=(509,496,593,518) mode=compact look=P1 placement=above ring=0 hardPx2=0 softPx2=0 order=3 bound=1
2026.10.06-02.19.04 TAG fighter=f-0-sk1 bbox=(396,458,480,480) mode=compact look=P1 placement=above ring=0 hardPx2=0 softPx2=0 order=1 bound=1
2026.10.06-02.19.04 TAG fighter=f-0-sk2 bbox=(308,584,392,606) mode=compact look=P1 placement=left ring=0 hardPx2=0 softPx2=0 order=4 bound=1
2026.10.06-02.19.04 TAG fighter=f-1-hero bbox=(1042,520,1135,542) mode=compact look=P2 placement=left ring=0 hardPx2=0 softPx2=0 order=2 bound=1
2026.10.06-02.19.04 TAG fighter=f-1-sk0 bbox=(1201,427,1285,449) mode=compact look=P2 placement=above ring=0 hardPx2=0 softPx2=0 order=0 bound=1
2026.10.06-02.19.04 TAG fighter=f-0-hero bbox=(977,622,1079,644) mode=compact look=P1 placement=left ring=0 hardPx2=0 softPx2=0 order=5 bound=1
2026.10.06-02.19.04 TAG fighter=f-0-sk0 bbox=(509,496,593,518) mode=compact look=P1 placement=above ring=0 hardPx2=0 softPx2=0 order=3 bound=1
2026.10.06-02.19.04 TAG fighter=f-0-sk1 bbox=(396,458,480,480) mode=compact look=P1 placement=above ring=0 hardPx2=0 softPx2=0 order=1 bound=1
2026.10.06-02.19.04 TAG fighter=f-0-sk2 bbox=(308,584,392,606) mode=compact look=P1 placement=left ring=0 hardPx2=0 softPx2=0 order=4 bound=1
2026.10.06-02.19.04 TAG fighter=f-1-hero bbox=(1036,519,1129,541) mode=compact look=P2 placement=left ring=0 hardPx2=0 softPx2=0 order=2 bound=1
2026.10.06-02.19.04 TAG fighter=f-1-sk0 bbox=(1201,427,1285,449) mode=compact look=P2 placement=above ring=0 hardPx2=0 softPx2=0 order=0 bound=1
2026.10.06-02.19.04 MS-LAST show seq=90 mode=anim player=cmuhntiwu0001wib0z281rpa8 from=7,3 to=6,3
2026.10.06-02.19.04 MS-LOG seq=90 moves=1 truncated=0 text="King Arthur: maneuver: King Arthur S26→S25"
2026.10.06-02.19.05 SNAPSHOT applied seq=91 phase=ACTION_MANEUVER
2026.10.06-02.19.05 HANDLE_APPLIED #125 seq=91 decision=2 fightersValid=1 boardValid=1
2026.10.06-02.19.05 closed mode=
2026.10.06-02.19.05 TURN-INPUT open seq=91 frame=1849 gate=none
2026.10.06-02.19.05 MODE seq=91 mode=6 combat=0 pending=1
2026.10.06-02.19.05 ARTPREVIEW selection ring shown fighter=King Arthur mesh=SM_Marker_SelectionRing
2026.10.06-02.19.05 ARTPREVIEW hero-light fighter=f-1-hero state=active layers=2 lightsOn=2 keyCd=25.328 rimCd=2.152 mul=1.181 pulse=0.40Hz+-4%
2026.10.06-02.19.05 ARTPREVIEW reachable rings cells=0 placed=1 radiusUU=36 segments=48 style=readability color=#FFC857 stroke=#14110C widthUU=3.50 strokeUU=1.50
2026.10.06-02.19.05 MS-PENDING present=toast id=ability-medusa-target-p0 opens=7 collapsed=0 type=TARGET_FIGHTER remembered=fighter=f-1-hero applied=fighter=f-1-hero
2026.10.06-02.19.05 MS-OPP verb=none seq=91
2026.10.06-02.19.05 MS-TRACK own=0/2 opp=0/2 oppVisible=0 seq=91
2026.10.06-02.19.05 MS-LAST fade seq=90 at=91 ms=300
2026.10.06-02.19.05 CUE sound id=CUE-015 point=turn subject=- seq=91 t=65272 event_t=65272 dt=0 class=UI sound=SW_UI_TURN_CHIME_01 gain=0.80 result=played turn=own
2026.10.06-02.19.05 VO event=TURN-START speaker=MEDUSA t=65272 result=skipped line=- prio=4 reason=chance
2026.10.06-02.19.05 HUD-TURN seq=91 turn=own initial=0 ring=marker-turn-ring flash=1000 banner=600 reduced=0
2026.10.06-02.19.05 HUD-SLOT show seq=91 ribbon=discarded owner=opp card="Prophecy" count=1 fly=200 hold=0 min=1000 reduced=0
2026.10.06-02.19.05 SFX bank=CRD-DISCARD tag=discard class=SFX t=65272 sound=SW_CRD_DISCARD_01 gain=0.80
2026.10.06-02.19.05 HUD seq=91 phase=ACTION_MANEUVER turn=you hand=2 oppHand=7(hidden) oppDeck=11~ deck=17~ discard=11
2026.10.06-02.19.05 MS-STATUS seq=91 text="Choose a target (up to 1)"
2026.10.06-02.19.05 ARTPREVIEW fighter=Medusa hero=1 eligible=0 visual=1 mesh=SK_Medusa_H2LD
2026.10.06-02.19.05 ARTPREVIEW selection ring shown fighter=King Arthur mesh=SM_Marker_SelectionRing
2026.10.06-02.19.05 FIGHTERS synced n=6 alive=6 own=4 enemy=2
2026.10.06-02.19.05 ARTPREVIEW selection ring shown fighter=King Arthur mesh=SM_Marker_SelectionRing
2026.10.06-02.19.05 ARTPREVIEW reachable rings cells=0 placed=1 radiusUU=36 segments=48 style=readability color=#FFC857 stroke=#14110C widthUU=3.50 strokeUU=1.50
2026.10.06-02.19.05 WS seq=91 phase=ACTION_MANEUVER (apply)
2026.10.06-02.19.05 SFX bank=FX-GAZE-REQUEST tag=gaze class=SFX t=65305 sound=SW_FX_GAZE_REQUEST_01 gain=0.80
2026.10.06-02.19.05 SFX bank=FX-GAZE-REQUEST-VOICE tag=voice class=VO t=65305 sound=SW_FX_GAZE_REQUEST_VOICE gain=0.80
2026.10.06-02.19.05 HUD-TRACK own=0/2 server=0 local=0 opp=0/2 oppVisible=0 anim=reset/reset seq=91 frame=1850
2026.10.06-02.19.05 HUD-HAND lower=1 pick=target cursor=board preview=hidden seq=91
2026.10.06-02.19.05 S09AUTO drive mode=6 plan=[attack+scheme] phase=ACTION_MANEUVER turn=cmuhntivg0000wib0anhqyswc
2026.10.06-02.19.05 S09AUTO own turn #8 (turnCount=17)
2026.10.06-02.19.05 PEND-RESOLVE sent type=TARGET_FIGHTER stage=0 id=ability-medusa-target-p0
2026.10.06-02.19.05 CUE sound id=CUE-014 point=cue subject=f-1-hero seq=91 t=65305 event_t=65305 dt=0 class=SFX sound=SW_FX_GAZE_BEAM_01 gain=0.80 result=played bank=FX-GAZE-BEAM
2026.10.06-02.19.05 MS-STATUS seq=91 text="Syncing…"
2026.10.06-02.19.05 S09AUTO pending picked (type=TARGET_FIGHTER stage=0)
2026.10.06-02.19.05 TOAST text="choice sent"
2026.10.06-02.19.05 HUD plate content fighter=f-1-hero name=King Arthur hp=5/18 team=enemy statuses=HERO  |  MELEE teamSlot=P2 look=P2 shape=hexagon chip=#5786A8
2026.10.06-02.19.05 PLATE fighter=f-1-hero bbox=(1025,459,1197,513) overlapReachable=0 placement=above ring=0 gap=6 selection=f-1-hero destinations=0 clean=1 softPx2=0 tested=112 bound=1
2026.10.06-02.19.05 TAG fighter=f-0-hero bbox=(977,622,1079,644) mode=compact look=P1 placement=left ring=0 hardPx2=0 softPx2=0 order=4 bound=1
2026.10.06-02.19.05 TAG fighter=f-0-sk0 bbox=(509,496,593,518) mode=compact look=P1 placement=above ring=0 hardPx2=0 softPx2=0 order=2 bound=1
2026.10.06-02.19.05 TAG fighter=f-0-sk1 bbox=(396,458,480,480) mode=compact look=P1 placement=above ring=0 hardPx2=0 softPx2=0 order=1 bound=1
2026.10.06-02.19.05 TAG fighter=f-0-sk2 bbox=(308,584,392,606) mode=compact look=P1 placement=left ring=0 hardPx2=0 softPx2=0 order=3 bound=1
2026.10.06-02.19.05 TAG fighter=f-1-sk0 bbox=(1201,427,1285,449) mode=compact look=P2 placement=above ring=0 hardPx2=0 softPx2=0 order=0 bound=1
2026.10.06-02.19.05 TAG fighter=f-0-hero bbox=(977,622,1079,644) mode=compact look=P1 placement=left ring=0 hardPx2=0 softPx2=0 order=4 bound=1
2026.10.06-02.19.05 TAG fighter=f-0-sk0 bbox=(509,496,593,518) mode=compact look=P1 placement=above ring=0 hardPx2=0 softPx2=0 order=2 bound=1
2026.10.06-02.19.05 TAG fighter=f-0-sk1 bbox=(396,458,480,480) mode=compact look=P1 placement=above ring=0 hardPx2=0 softPx2=0 order=1 bound=1
2026.10.06-02.19.05 TAG fighter=f-0-sk2 bbox=(308,584,392,606) mode=compact look=P1 placement=left ring=0 hardPx2=0 softPx2=0 order=3 bound=1
2026.10.06-02.19.05 TAG fighter=f-1-sk0 bbox=(1201,427,1285,449) mode=compact look=P2 placement=above ring=0 hardPx2=0 softPx2=0 order=0 bound=1
2026.10.06-02.19.05 TAG fighter=f-0-hero bbox=(977,622,1079,644) mode=compact look=P1 placement=left ring=0 hardPx2=0 softPx2=0 order=4 bound=1
2026.10.06-02.19.05 TAG fighter=f-0-sk0 bbox=(509,496,593,518) mode=compact look=P1 placement=above ring=0 hardPx2=0 softPx2=0 order=2 bound=1
2026.10.06-02.19.05 TAG fighter=f-0-sk1 bbox=(396,458,480,480) mode=compact look=P1 placement=above ring=0 hardPx2=0 softPx2=0 order=1 bound=1
2026.10.06-02.19.05 TAG fighter=f-0-sk2 bbox=(308,584,392,606) mode=compact look=P1 placement=left ring=0 hardPx2=0 softPx2=0 order=3 bound=1
2026.10.06-02.19.05 TAG fighter=f-1-sk0 bbox=(1201,427,1285,449) mode=compact look=P2 placement=above ring=0 hardPx2=0 softPx2=0 order=0 bound=1
2026.10.06-02.19.05 SNAPSHOT applied seq=92 phase=ACTION_MANEUVER
2026.10.06-02.19.05 HANDLE_APPLIED #126 seq=92 decision=2 fightersValid=1 boardValid=1
2026.10.06-02.19.05 closed mode=
2026.10.06-02.19.05 MODE seq=92 mode=0 combat=0 pending=0
2026.10.06-02.19.05 HUD seq=92 phase=ACTION_MANEUVER turn=you hand=2 oppHand=7(hidden) oppDeck=9 deck=17 discard=11
2026.10.06-02.19.05 MS-STATUS seq=92 text="Choose an action: maneuver (M), attack (A) or scheme (G)"
2026.10.06-02.19.05 ARTPREVIEW fighter=Medusa hero=1 eligible=0 visual=1 mesh=SK_Medusa_H2LD
2026.10.06-02.19.05 ARTPREVIEW selection ring shown fighter=King Arthur mesh=SM_Marker_SelectionRing
2026.10.06-02.19.05 FIGHTERS synced n=6 alive=6 own=4 enemy=2
2026.10.06-02.19.05 ARTPREVIEW hero-light fighter=f-1-hero state=idle layers=2 lightsOn=2 keyCd=21.443 rimCd=1.822 mul=1.000 pulse=none
2026.10.06-02.19.05 ARTPREVIEW damage-number fighter=f-1-hero amount=1 seq=92 cell=(6,3)
2026.10.06-02.19.05 ARTPREVIEW anim fighter=f-1-hero clip=HitReact len=0.417 event=damaged loop=0 phase=0.0000 seq=92 asset=AM_KingArthur_HitReact rate=1.00
2026.10.06-02.19.05 ARTPREVIEW hit-tint fighter=f-1-hero ms=450
2026.10.06-02.19.05 VO event=HURT speaker=ARTHUR t=65372 result=skipped line=- prio=3 reason=chance
2026.10.06-02.19.05 MUSIC state=final_stand theme=MUS-MAP-SARPEDON t=65372
2026.10.06-02.19.05 VO event=LOW-HP speaker=ARTHUR t=65372 result=played line=ARTHUR-LOW-HP-02 prio=1
2026.10.06-02.19.05 VO subtitle line=ARTHUR-LOW-HP-02 until=68192
2026.10.06-02.19.05 CUE damage f-1-hero -1 seq=92
2026.10.06-02.19.05 PEND resolve done seq=92 (apply) phase=ACTION_MANEUVER
2026.10.06-02.19.05 SNAPSHOT applied seq=92 phase=ACTION_MANEUVER
2026.10.06-02.19.05 HANDLE_APPLIED #127 seq=92 decision=1 fightersValid=1 boardValid=1
2026.10.06-02.19.05 MODE seq=92 mode=0 combat=0 pending=0
2026.10.06-02.19.05 HUD seq=92 phase=ACTION_MANEUVER turn=you hand=2 oppHand=7(hidden) oppDeck=9 deck=17 discard=11
2026.10.06-02.19.05 ARTPREVIEW fighter=Medusa hero=1 eligible=0 visual=1 mesh=SK_Medusa_H2LD
2026.10.06-02.19.05 FIGHTERS synced n=6 alive=6 own=4 enemy=2
2026.10.06-02.19.05 WS seq=92 phase=ACTION_MANEUVER (merge)
2026.10.06-02.19.05 CUE sound id=CUE-011 point=hit subject=f-1-hero seq=92 t=65372 event_t=65372 dt=0 class=SFX sound=SW_CMB_HIT_MAGIC_03 gain=0.80 result=played bank=CMB-HIT-MAGIC
2026.10.06-02.19.05 HUD-HEART side=opp hero=f-1-hero hp=4/18 anim=damage glow=1 played=1
2026.10.06-02.19.05 HUD-HAND lower=0 pick=none cursor=board preview=shown seq=92
2026.10.06-02.19.05 S09AUTO drive mode=0 plan=[attack+scheme] phase=ACTION_MANEUVER turn=cmuhntivg0000wib0anhqyswc
2026.10.06-02.19.05 S09AUTO attack (attacker=f-0-hero target-set card-set)
2026.10.06-02.19.05 ATTACK sent ability=none
2026.10.06-02.19.05 HUD-TRACK chosen=attack seq=92 spent=0
2026.10.06-02.19.05 ARTPREVIEW hero-light fighter=f-0-hero state=active layers=2 lightsOn=2 keyCd=20.542 rimCd=1.745 mul=1.142 pulse=0.40Hz+-4%
2026.10.06-02.19.05 ARTPREVIEW combat marker fighter=Medusa attacker=1 target=0 icon=0 targetMesh=SM_Marker_TargetRing iconMode=screen targetArcScaleXY=0.920
2026.10.06-02.19.05 ARTPREVIEW combat marker fighter=King Arthur attacker=0 target=1 icon=1 targetMesh=SM_Marker_TargetRing iconMode=screen targetArcScaleXY=0.920
2026.10.06-02.19.05 MS-STATUS seq=92 text="Syncing…"
2026.10.06-02.19.05 TOAST text="attack sent"
2026.10.06-02.19.05 PLATE hidden fighter=f-1-hero
2026.10.06-02.19.05 TAG fighter=f-0-hero bbox=(977,622,1079,644) mode=compact look=P1 placement=left ring=0 hardPx2=0 softPx2=0 order=5 bound=1
2026.10.06-02.19.05 TAG fighter=f-0-sk0 bbox=(509,496,593,518) mode=compact look=P1 placement=above ring=0 hardPx2=0 softPx2=0 order=3 bound=1
2026.10.06-02.19.05 TAG fighter=f-0-sk1 bbox=(396,458,480,480) mode=compact look=P1 placement=above ring=0 hardPx2=0 softPx2=0 order=2 bound=1
2026.10.06-02.19.05 TAG fighter=f-0-sk2 bbox=(308,584,392,606) mode=compact look=P1 placement=left ring=0 hardPx2=0 softPx2=0 order=4 bound=1
2026.10.06-02.19.05 TAG fighter=f-1-hero bbox=(1036,519,1129,541) mode=compact look=P2 placement=left ring=0 hardPx2=0 softPx2=0 order=0 bound=1
2026.10.06-02.19.05 TAG fighter=f-1-sk0 bbox=(1201,427,1285,449) mode=compact look=P2 placement=above ring=0 hardPx2=0 softPx2=0 order=1 bound=1
2026.10.06-02.19.05 ICON fighter=f-1-hero bbox=(1217,541,1249,573) size=32 src=combat anchor=right fallback=0 overlapPx2=0 texture=/Game/S08/UI/IconsV3/T_IV3_action_attack_token_32.T_IV3_action_attack_token_32
2026.10.06-02.19.05 DAMAGE fighter=f-1-hero bbox=(1063,489,1103,517) amount=1 seq=92 placement=above ring=0 hardPx2=0 softPx2=0
2026.10.06-02.19.05 HUD-TRACK own=1/2 server=0 local=1 opp=0/2 oppVisible=0 anim=spend/- seq=92 frame=1854
2026.10.06-02.19.05 TAG fighter=f-0-hero bbox=(977,622,1079,644) mode=compact look=P1 placement=left ring=0 hardPx2=0 softPx2=0 order=5 bound=1
2026.10.06-02.19.05 TAG fighter=f-0-sk0 bbox=(509,496,593,518) mode=compact look=P1 placement=above ring=0 hardPx2=0 softPx2=0 order=3 bound=1
2026.10.06-02.19.05 TAG fighter=f-0-sk1 bbox=(396,458,480,480) mode=compact look=P1 placement=above ring=0 hardPx2=0 softPx2=0 order=2 bound=1
2026.10.06-02.19.05 TAG fighter=f-0-sk2 bbox=(308,584,392,606) mode=compact look=P1 placement=left ring=0 hardPx2=0 softPx2=0 order=4 bound=1
2026.10.06-02.19.05 TAG fighter=f-1-hero bbox=(1036,519,1129,541) mode=compact look=P2 placement=left ring=0 hardPx2=0 softPx2=0 order=0 bound=1
2026.10.06-02.19.05 TAG fighter=f-1-sk0 bbox=(1201,427,1285,449) mode=compact look=P2 placement=above ring=0 hardPx2=0 softPx2=0 order=1 bound=1
2026.10.06-02.19.05 ICON fighter=f-1-hero bbox=(1217,541,1249,573) size=32 src=combat anchor=right fallback=0 overlapPx2=0 texture=/Game/S08/UI/IconsV3/T_IV3_action_attack_token_32.T_IV3_action_attack_token_32
2026.10.06-02.19.05 TAG fighter=f-0-hero bbox=(977,622,1079,644) mode=compact look=P1 placement=left ring=0 hardPx2=0 softPx2=0 order=5 bound=1
2026.10.06-02.19.05 TAG fighter=f-0-sk0 bbox=(509,496,593,518) mode=compact look=P1 placement=above ring=0 hardPx2=0 softPx2=0 order=3 bound=1
2026.10.06-02.19.05 TAG fighter=f-0-sk1 bbox=(396,458,480,480) mode=compact look=P1 placement=above ring=0 hardPx2=0 softPx2=0 order=2 bound=1
2026.10.06-02.19.05 TAG fighter=f-0-sk2 bbox=(308,584,392,606) mode=compact look=P1 placement=left ring=0 hardPx2=0 softPx2=0 order=4 bound=1
2026.10.06-02.19.05 TAG fighter=f-1-hero bbox=(1036,519,1129,541) mode=compact look=P2 placement=left ring=0 hardPx2=0 softPx2=0 order=0 bound=1
2026.10.06-02.19.05 TAG fighter=f-1-sk0 bbox=(1201,427,1285,449) mode=compact look=P2 placement=above ring=0 hardPx2=0 softPx2=0 order=1 bound=1
2026.10.06-02.19.05 ICON fighter=f-1-hero bbox=(1217,541,1249,573) size=32 src=combat anchor=right fallback=0 overlapPx2=0 texture=/Game/S08/UI/IconsV3/T_IV3_action_attack_token_32.T_IV3_action_attack_token_32
2026.10.06-02.19.05 SNAPSHOT applied seq=93 phase=COMBAT
2026.10.06-02.19.05 HANDLE_APPLIED #128 seq=93 decision=2 fightersValid=1 boardValid=1
2026.10.06-02.19.05 CUE sound id=CUE-008 point=cue subject=f-0-hero seq=93 t=65472 event_t=65472 dt=0 class=SFX sound=SW_CMB_ATTACK_DECLARE_02 gain=0.80 result=played
2026.10.06-02.19.05 VO event=ATTACK speaker=MEDUSA t=65472 result=skipped line=- prio=3 reason=busy
2026.10.06-02.19.05 CUE fx id=CUE-008 subject=f-0-hero seq=93 t=65472 vfx=missing sfx=missing clip=none mat=none socket=Weapon reduced=0 result=fallback
2026.10.06-02.19.05 closed mode=
2026.10.06-02.19.05 MODE seq=93 mode=0 combat=1 pending=0
2026.10.06-02.19.05 MS-OPP verb=defend seq=93
2026.10.06-02.19.05 MS-TRACK own=1/2 opp=0/2 oppVisible=0 seq=93
2026.10.06-02.19.05 HUD seq=93 phase=COMBAT turn=you hand=1 oppHand=7(hidden) oppDeck=9~ deck=17~ discard=12
2026.10.06-02.19.05 ARTPREVIEW fighter=Medusa hero=1 eligible=0 visual=1 mesh=SK_Medusa_H2LD
2026.10.06-02.19.05 FIGHTERS synced n=6 alive=6 own=4 enemy=2
2026.10.06-02.19.05 WS seq=93 phase=COMBAT (apply)
2026.10.06-02.19.05 HUD-TRACK own=1/2 server=1 local=0 opp=0/2 oppVisible=0 anim=-/- seq=93 frame=1856
2026.10.06-02.19.05 TAG fighter=f-0-hero bbox=(977,622,1079,644) mode=compact look=P1 placement=left ring=0 hardPx2=0 softPx2=0 order=5 bound=1
2026.10.06-02.19.05 TAG fighter=f-0-sk0 bbox=(509,496,593,518) mode=compact look=P1 placement=above ring=0 hardPx2=0 softPx2=0 order=3 bound=1
2026.10.06-02.19.05 TAG fighter=f-0-sk1 bbox=(396,458,480,480) mode=compact look=P1 placement=above ring=0 hardPx2=0 softPx2=0 order=2 bound=1
2026.10.06-02.19.05 TAG fighter=f-0-sk2 bbox=(308,584,392,606) mode=compact look=P1 placement=left ring=0 hardPx2=0 softPx2=0 order=4 bound=1
2026.10.06-02.19.05 TAG fighter=f-1-hero bbox=(1036,519,1129,541) mode=compact look=P2 placement=left ring=0 hardPx2=0 softPx2=0 order=0 bound=1
2026.10.06-02.19.05 TAG fighter=f-1-sk0 bbox=(1201,427,1285,449) mode=compact look=P2 placement=above ring=0 hardPx2=0 softPx2=0 order=1 bound=1
2026.10.06-02.19.05 ICON fighter=f-1-hero bbox=(1217,541,1249,573) size=32 src=combat anchor=right fallback=0 overlapPx2=0 texture=/Game/S08/UI/IconsV3/T_IV3_action_attack_token_32.T_IV3_action_attack_token_32
2026.10.06-02.19.05 SNAPSHOT applied seq=93 phase=COMBAT
2026.10.06-02.19.05 HANDLE_APPLIED #129 seq=93 decision=1 fightersValid=1 boardValid=1
2026.10.06-02.19.05 MODE seq=93 mode=0 combat=1 pending=0
2026.10.06-02.19.05 HUD seq=93 phase=COMBAT turn=you hand=1 oppHand=7(hidden) oppDeck=9 deck=17 discard=12
2026.10.06-02.19.05 MS-STATUS seq=93 text="Waiting for the defender"
2026.10.06-02.19.05 ARTPREVIEW fighter=Medusa hero=1 eligible=0 visual=1 mesh=SK_Medusa_H2LD
2026.10.06-02.19.05 FIGHTERS synced n=6 alive=6 own=4 enemy=2
2026.10.06-02.19.05 ATTACK done seq=93 (merge) phase=COMBAT
2026.10.06-02.19.05 TAG fighter=f-0-hero bbox=(977,622,1079,644) mode=compact look=P1 placement=left ring=0 hardPx2=0 softPx2=0 order=5 bound=1
2026.10.06-02.19.05 TAG fighter=f-0-sk0 bbox=(509,496,593,518) mode=compact look=P1 placement=above ring=0 hardPx2=0 softPx2=0 order=3 bound=1
2026.10.06-02.19.05 TAG fighter=f-0-sk1 bbox=(396,458,480,480) mode=compact look=P1 placement=above ring=0 hardPx2=0 softPx2=0 order=2 bound=1
2026.10.06-02.19.05 TAG fighter=f-0-sk2 bbox=(308,584,392,606) mode=compact look=P1 placement=left ring=0 hardPx2=0 softPx2=0 order=4 bound=1
2026.10.06-02.19.05 TAG fighter=f-1-hero bbox=(1036,519,1129,541) mode=compact look=P2 placement=left ring=0 hardPx2=0 softPx2=0 order=0 bound=1
2026.10.06-02.19.05 TAG fighter=f-1-sk0 bbox=(1201,427,1285,449) mode=compact look=P2 placement=above ring=0 hardPx2=0 softPx2=0 order=1 bound=1
2026.10.06-02.19.05 ICON fighter=f-1-hero bbox=(1217,541,1249,573) size=32 src=combat anchor=right fallback=0 overlapPx2=0 texture=/Game/S08/UI/IconsV3/T_IV3_action_attack_token_32.T_IV3_action_attack_token_32
2026.10.06-02.19.05 MS-LAST off seq=90 fade=300
2026.10.06-02.19.05 TAG fighter=f-0-hero bbox=(977,622,1079,644) mode=compact look=P1 placement=left ring=0 hardPx2=0 softPx2=0 order=5 bound=1
2026.10.06-02.19.05 TAG fighter=f-0-sk0 bbox=(509,496,593,518) mode=compact look=P1 placement=above ring=0 hardPx2=0 softPx2=0 order=3 bound=1
2026.10.06-02.19.05 TAG fighter=f-0-sk1 bbox=(396,458,480,480) mode=compact look=P1 placement=above ring=0 hardPx2=0 softPx2=0 order=2 bound=1
2026.10.06-02.19.05 TAG fighter=f-0-sk2 bbox=(308,584,392,606) mode=compact look=P1 placement=left ring=0 hardPx2=0 softPx2=0 order=4 bound=1
2026.10.06-02.19.05 TAG fighter=f-1-hero bbox=(1036,519,1129,541) mode=compact look=P2 placement=left ring=0 hardPx2=0 softPx2=0 order=0 bound=1
2026.10.06-02.19.05 TAG fighter=f-1-sk0 bbox=(1201,427,1285,449) mode=compact look=P2 placement=above ring=0 hardPx2=0 softPx2=0 order=1 bound=1
2026.10.06-02.19.05 ICON fighter=f-1-hero bbox=(1217,541,1249,573) size=32 src=combat anchor=right fallback=0 overlapPx2=0 texture=/Game/S08/UI/IconsV3/T_IV3_action_attack_token_32.T_IV3_action_attack_token_32
2026.10.06-02.19.05 ARTPREVIEW anim fighter=f-1-hero clip=Idle len=2.500 event=clipFinished loop=1 phase=0.3470 seq=-1 asset=AM_KingArthur_Idle rate=1.00
2026.10.06-02.19.06 CUE fx done id=CUE-008 subject=f-0-hero seq=93 t=66072 ms=600 cut=0
2026.10.06-02.19.06 game -> room=cmuw1u4nq0561t84m7cuv93yr code=<redacted> status=IN_PROGRESS
2026.10.06-02.19.06 TAG fighter=f-0-hero bbox=(977,622,1079,644) mode=compact look=P1 placement=left ring=0 hardPx2=0 softPx2=0 order=5 bound=1
2026.10.06-02.19.06 TAG fighter=f-0-sk0 bbox=(509,496,593,518) mode=compact look=P1 placement=above ring=0 hardPx2=0 softPx2=0 order=3 bound=1
2026.10.06-02.19.06 TAG fighter=f-0-sk1 bbox=(396,458,480,480) mode=compact look=P1 placement=above ring=0 hardPx2=0 softPx2=0 order=2 bound=1
2026.10.06-02.19.06 TAG fighter=f-0-sk2 bbox=(308,584,392,606) mode=compact look=P1 placement=left ring=0 hardPx2=0 softPx2=0 order=4 bound=1
2026.10.06-02.19.06 TAG fighter=f-1-hero bbox=(1036,519,1129,541) mode=compact look=P2 placement=left ring=0 hardPx2=0 softPx2=0 order=0 bound=1
2026.10.06-02.19.06 TAG fighter=f-1-sk0 bbox=(1201,427,1285,449) mode=compact look=P2 placement=above ring=0 hardPx2=0 softPx2=0 order=1 bound=1
2026.10.06-02.19.06 ICON fighter=f-1-hero bbox=(1217,541,1249,573) size=32 src=combat anchor=right fallback=0 overlapPx2=0 texture=/Game/S08/UI/IconsV3/T_IV3_action_attack_token_32.T_IV3_action_attack_token_32
2026.10.06-02.19.06 SNAPSHOT applied seq=94 phase=COMBAT_RESOLVE
2026.10.06-02.19.06 HANDLE_APPLIED #130 seq=94 decision=2 fightersValid=1 boardValid=1
2026.10.06-02.19.06 CUE sound id=CUE-009 point=cue subject=f-1-hero seq=94 t=66505 event_t=66505 dt=0 class=SFX sound=SW_CMB_DEFENSE_PLAYED_02 gain=0.80 result=played
2026.10.06-02.19.06 VO event=DEFEND speaker=ARTHUR t=66505 result=skipped line=- prio=4 reason=busy
2026.10.06-02.19.06 CUE fx id=CUE-009 subject=f-1-hero seq=94 t=66505 vfx=missing sfx=missing clip=none mat=FxFlash socket=Head reduced=0 result=fallback
2026.10.06-02.19.06 closed mode=
2026.10.06-02.19.06 MODE seq=94 mode=5 combat=1 pending=0
2026.10.06-02.19.06 HUD seq=94 phase=COMBAT_RESOLVE turn=you hand=1 oppHand=6(hidden) oppDeck=9~ deck=17~ discard=12
2026.10.06-02.19.06 MS-STATUS seq=94 text="Resolve the combat (R)"
2026.10.06-02.19.06 ARTPREVIEW fighter=Medusa hero=1 eligible=0 visual=1 mesh=SK_Medusa_H2LD
2026.10.06-02.19.06 FIGHTERS synced n=6 alive=6 own=4 enemy=2
2026.10.06-02.19.06 WS seq=94 phase=COMBAT_RESOLVE (apply)
2026.10.06-02.19.06 HUD-SLOT off seq=91 ribbon=discarded shown=1266 reason=done
2026.10.06-02.19.06 S09AUTO drive mode=5 plan=[attack+scheme] phase=COMBAT_RESOLVE turn=cmuhntivg0000wib0anhqyswc
2026.10.06-02.19.06 TAG fighter=f-0-hero bbox=(977,622,1079,644) mode=compact look=P1 placement=left ring=0 hardPx2=0 softPx2=0 order=5 bound=1
2026.10.06-02.19.06 TAG fighter=f-0-sk0 bbox=(509,496,593,518) mode=compact look=P1 placement=above ring=0 hardPx2=0 softPx2=0 order=3 bound=1
2026.10.06-02.19.06 TAG fighter=f-0-sk1 bbox=(396,458,480,480) mode=compact look=P1 placement=above ring=0 hardPx2=0 softPx2=0 order=2 bound=1
2026.10.06-02.19.06 TAG fighter=f-0-sk2 bbox=(308,584,392,606) mode=compact look=P1 placement=left ring=0 hardPx2=0 softPx2=0 order=4 bound=1
2026.10.06-02.19.06 TAG fighter=f-1-hero bbox=(1036,519,1129,541) mode=compact look=P2 placement=left ring=0 hardPx2=0 softPx2=0 order=0 bound=1
2026.10.06-02.19.06 TAG fighter=f-1-sk0 bbox=(1201,427,1285,449) mode=compact look=P2 placement=above ring=0 hardPx2=0 softPx2=0 order=1 bound=1
2026.10.06-02.19.06 ICON fighter=f-1-hero bbox=(1217,541,1249,573) size=32 src=combat anchor=right fallback=0 overlapPx2=0 texture=/Game/S08/UI/IconsV3/T_IV3_action_attack_token_32.T_IV3_action_attack_token_32
2026.10.06-02.19.06 SNAPSHOT applied seq=95 phase=COMBAT_RESOLVE
2026.10.06-02.19.06 HANDLE_APPLIED #131 seq=95 decision=2 fightersValid=1 boardValid=1
2026.10.06-02.19.06 MODE seq=95 mode=5 combat=1 pending=1
2026.10.06-02.19.06 MS-OPP verb=ability seq=95
2026.10.06-02.19.06 HUD seq=95 phase=COMBAT_RESOLVE turn=you hand=1 oppHand=6(hidden) oppDeck=9~ deck=17~ discard=12
2026.10.06-02.19.06 MS-STATUS seq=95 text="Waiting for the opponent's choice"
2026.10.06-02.19.06 RESOLVE panel revealed: A3+B0 vs D4
2026.10.06-02.19.06 RESOLVE panel blocked by pending (type=MOVE id=cmq7d7b1l00odwi74c2cay62t-after-0-p0)
2026.10.06-02.19.06 ARTPREVIEW fighter=Medusa hero=1 eligible=0 visual=1 mesh=SK_Medusa_H2LD
2026.10.06-02.19.06 FIGHTERS synced n=6 alive=6 own=4 enemy=2
2026.10.06-02.19.06 WS seq=95 phase=COMBAT_RESOLVE (apply)
2026.10.06-02.19.06 TAG fighter=f-0-hero bbox=(977,622,1079,644) mode=compact look=P1 placement=left ring=0 hardPx2=0 softPx2=0 order=5 bound=1
2026.10.06-02.19.06 TAG fighter=f-0-sk0 bbox=(509,496,593,518) mode=compact look=P1 placement=above ring=0 hardPx2=0 softPx2=0 order=3 bound=1
2026.10.06-02.19.06 TAG fighter=f-0-sk1 bbox=(396,458,480,480) mode=compact look=P1 placement=above ring=0 hardPx2=0 softPx2=0 order=2 bound=1
2026.10.06-02.19.06 TAG fighter=f-0-sk2 bbox=(308,584,392,606) mode=compact look=P1 placement=left ring=0 hardPx2=0 softPx2=0 order=4 bound=1
2026.10.06-02.19.06 TAG fighter=f-1-hero bbox=(1036,519,1129,541) mode=compact look=P2 placement=left ring=0 hardPx2=0 softPx2=0 order=0 bound=1
2026.10.06-02.19.06 TAG fighter=f-1-sk0 bbox=(1201,427,1285,449) mode=compact look=P2 placement=above ring=0 hardPx2=0 softPx2=0 order=1 bound=1
2026.10.06-02.19.06 ICON fighter=f-1-hero bbox=(1217,541,1249,573) size=32 src=combat anchor=right fallback=0 overlapPx2=0 texture=/Game/S08/UI/IconsV3/T_IV3_action_attack_token_32.T_IV3_action_attack_token_32
2026.10.06-02.19.06 SNAPSHOT applied seq=96 phase=ACTION_MANEUVER
2026.10.06-02.19.06 HANDLE_APPLIED #132 seq=96 decision=2 fightersValid=1 boardValid=1
2026.10.06-02.19.06 COMBAT-RESULT seq=96 damage=0 role=attacked
2026.10.06-02.19.06 COMBAT-LOG seq=96 log=96 n=10 entries=2 lines=2 src=log outcomes=APPLIED:1,CHOICE:1
2026.10.06-02.19.06 CUE combat seq=96 stage=start t=66738 attacker=f-0-hero target=f-1-hero text=1 lines=2 damage=0 lethal=0 shown=0 speed=1.00 flip=620 contact=333 src=notify a=3 d=4 outcome=hold
2026.10.06-02.19.06 CUE fx id=CUE-010 subject=scene seq=96 t=66738 vfx=none sfx=missing clip=none mat=none socket=- reduced=0 result=fallback
2026.10.06-02.19.06 CUE sound id=CUE-010 point=cue subject=card.attack seq=96 t=66738 event_t=66738 dt=0 class=SFX sound=SW_CRD_FLIP_02 gain=0.80 result=played
2026.10.06-02.19.06 CUE sound id=CUE-010 point=cue subject=card.defense seq=96 t=66738 event_t=66738 dt=0 class=SFX sound=SW_CRD_FLIP_03 gain=0.80 result=played
2026.10.06-02.19.06 RESOLVE panel revealed: A3+B0 vs D4
2026.10.06-02.19.06 closed mode=
2026.10.06-02.19.06 MODE seq=96 mode=0 combat=0 pending=0
2026.10.06-02.19.06 MS-OPP verb=none seq=96
2026.10.06-02.19.06 MS-LAST enter seq=96 player=cmuhntiwu0001wib0z281rpa8 source=EFFECT moves=0 boost=-1
2026.10.06-02.19.06 CUE sound id=CUE-005 point=cue subject=hand.own seq=96 t=66738 event_t=66738 dt=0 class=SFX sound=SW_CRD_DRAW_01 gain=0.80 result=played
2026.10.06-02.19.06 HUD seq=96 phase=ACTION_MANEUVER turn=you hand=2 oppHand=6(hidden) oppDeck=9~ deck=17~ discard=12
2026.10.06-02.19.06 MS-STATUS seq=96 text="Choose an action: maneuver (M), attack (A) or scheme (G)"
2026.10.06-02.19.06 ARTPREVIEW fighter=Medusa hero=1 eligible=0 visual=1 mesh=SK_Medusa_H2LD
2026.10.06-02.19.06 FIGHTERS synced n=6 alive=6 own=4 enemy=2
2026.10.06-02.19.06 WS seq=96 phase=ACTION_MANEUVER (apply)
2026.10.06-02.19.06 MS-LAST show seq=96 mode=restore player=cmuhntiwu0001wib0z281rpa8 from=- to=-
2026.10.06-02.19.06 MS-LOG seq=96 moves=0 truncated=0 text="King Arthur: Skirmish effect: no movement"
2026.10.06-02.19.06 S09AUTO drive mode=0 plan=[attack+scheme] phase=ACTION_MANEUVER turn=cmuhntivg0000wib0anhqyswc
2026.10.06-02.19.06 S09AUTO attack (attacker=f-0-hero target-set card-set)
2026.10.06-02.19.06 ATTACK sent ability=none
2026.10.06-02.19.06 HUD-TRACK chosen=attack seq=96 spent=1
2026.10.06-02.19.06 MS-STATUS seq=96 text="Syncing…"
2026.10.06-02.19.06 HUD-TRACK own=2/2 server=1 local=1 opp=0/2 oppVisible=0 anim=spend/- seq=96 frame=1895
2026.10.06-02.19.06 TAG fighter=f-0-hero bbox=(977,622,1079,644) mode=compact look=P1 placement=left ring=0 hardPx2=0 softPx2=0 order=5 bound=1
2026.10.06-02.19.06 TAG fighter=f-0-sk0 bbox=(509,496,593,518) mode=compact look=P1 placement=above ring=0 hardPx2=0 softPx2=0 order=3 bound=1
2026.10.06-02.19.06 TAG fighter=f-0-sk1 bbox=(396,458,480,480) mode=compact look=P1 placement=above ring=0 hardPx2=0 softPx2=0 order=2 bound=1
2026.10.06-02.19.06 TAG fighter=f-0-sk2 bbox=(308,584,392,606) mode=compact look=P1 placement=left ring=0 hardPx2=0 softPx2=0 order=4 bound=1
2026.10.06-02.19.06 TAG fighter=f-1-hero bbox=(1036,519,1129,541) mode=compact look=P2 placement=left ring=0 hardPx2=0 softPx2=0 order=0 bound=1
2026.10.06-02.19.06 TAG fighter=f-1-sk0 bbox=(1201,427,1285,449) mode=compact look=P2 placement=above ring=0 hardPx2=0 softPx2=0 order=1 bound=1
2026.10.06-02.19.06 ICON fighter=f-1-hero bbox=(1217,541,1249,573) size=32 src=combat anchor=right fallback=0 overlapPx2=0 texture=/Game/S08/UI/IconsV3/T_IV3_action_attack_token_32.T_IV3_action_attack_token_32
2026.10.06-02.19.06 SNAPSHOT applied seq=97 phase=COMBAT
2026.10.06-02.19.06 HANDLE_APPLIED #133 seq=97 decision=2 fightersValid=1 boardValid=1
2026.10.06-02.19.06 CUE sound id=CUE-008 point=cue subject=f-0-hero seq=97 t=66838 event_t=66838 dt=0 class=SFX sound=SW_CMB_ATTACK_DECLARE_01 gain=0.80 result=played
2026.10.06-02.19.06 VO event=ATTACK speaker=MEDUSA t=66838 result=skipped line=- prio=3 reason=busy
2026.10.06-02.19.06 CUE fx id=CUE-008 subject=f-0-hero seq=97 t=66838 vfx=missing sfx=missing clip=none mat=none socket=Weapon reduced=0 result=fallback
2026.10.06-02.19.06 CUE combat seq=96 stage=skip t=66838 src=catchup
2026.10.06-02.19.06 CATCHUP seq=96 latest=97 queued=1 lag=0 t=66838 action=hurry reason=combat applied=1
2026.10.06-02.19.06 closed mode=
2026.10.06-02.19.06 MODE seq=97 mode=0 combat=1 pending=0
2026.10.06-02.19.06 MS-OPP verb=defend seq=97
2026.10.06-02.19.06 MS-TRACK own=2/2 opp=0/2 oppVisible=0 seq=97
2026.10.06-02.19.06 HUD seq=97 phase=COMBAT turn=you hand=1 oppHand=6(hidden) oppDeck=9~ deck=17~ discard=13
2026.10.06-02.19.06 ARTPREVIEW fighter=Medusa hero=1 eligible=0 visual=1 mesh=SK_Medusa_H2LD
2026.10.06-02.19.06 FIGHTERS synced n=6 alive=6 own=4 enemy=2
2026.10.06-02.19.06 WS seq=97 phase=COMBAT (apply)
2026.10.06-02.19.06 HUD-TRACK own=2/2 server=2 local=0 opp=0/2 oppVisible=0 anim=-/- seq=97 frame=1897
2026.10.06-02.19.06 SNAPSHOT applied seq=97 phase=COMBAT
2026.10.06-02.19.06 HANDLE_APPLIED #134 seq=97 decision=1 fightersValid=1 boardValid=1
2026.10.06-02.19.06 MODE seq=97 mode=0 combat=1 pending=0
2026.10.06-02.19.06 HUD seq=97 phase=COMBAT turn=you hand=1 oppHand=6(hidden) oppDeck=9 deck=16 discard=13
2026.10.06-02.19.06 MS-STATUS seq=97 text="Waiting for the defender"
2026.10.06-02.19.06 ARTPREVIEW fighter=Medusa hero=1 eligible=0 visual=1 mesh=SK_Medusa_H2LD
2026.10.06-02.19.06 FIGHTERS synced n=6 alive=6 own=4 enemy=2
2026.10.06-02.19.06 ATTACK done seq=97 (merge) phase=COMBAT
2026.10.06-02.19.06 TAG fighter=f-0-hero bbox=(977,622,1079,644) mode=compact look=P1 placement=left ring=0 hardPx2=0 softPx2=0 order=5 bound=1
2026.10.06-02.19.06 TAG fighter=f-0-sk0 bbox=(509,496,593,518) mode=compact look=P1 placement=above ring=0 hardPx2=0 softPx2=0 order=3 bound=1
2026.10.06-02.19.06 TAG fighter=f-0-sk1 bbox=(396,458,480,480) mode=compact look=P1 placement=above ring=0 hardPx2=0 softPx2=0 order=2 bound=1
2026.10.06-02.19.06 TAG fighter=f-0-sk2 bbox=(308,584,392,606) mode=compact look=P1 placement=left ring=0 hardPx2=0 softPx2=0 order=4 bound=1
2026.10.06-02.19.06 TAG fighter=f-1-hero bbox=(1036,519,1129,541) mode=compact look=P2 placement=left ring=0 hardPx2=0 softPx2=0 order=0 bound=1
2026.10.06-02.19.06 TAG fighter=f-1-sk0 bbox=(1201,427,1285,449) mode=compact look=P2 placement=above ring=0 hardPx2=0 softPx2=0 order=1 bound=1
2026.10.06-02.19.06 ICON fighter=f-1-hero bbox=(1217,541,1249,573) size=32 src=combat anchor=right fallback=0 overlapPx2=0 texture=/Game/S08/UI/IconsV3/T_IV3_action_attack_token_32.T_IV3_action_attack_token_32
2026.10.06-02.19.06 TAG fighter=f-0-hero bbox=(977,622,1079,644) mode=compact look=P1 placement=left ring=0 hardPx2=0 softPx2=0 order=5 bound=1
2026.10.06-02.19.06 TAG fighter=f-0-sk0 bbox=(509,496,593,518) mode=compact look=P1 placement=above ring=0 hardPx2=0 softPx2=0 order=3 bound=1
2026.10.06-02.19.06 TAG fighter=f-0-sk1 bbox=(396,458,480,480) mode=compact look=P1 placement=above ring=0 hardPx2=0 softPx2=0 order=2 bound=1
2026.10.06-02.19.06 TAG fighter=f-0-sk2 bbox=(308,584,392,606) mode=compact look=P1 placement=left ring=0 hardPx2=0 softPx2=0 order=4 bound=1
2026.10.06-02.19.06 TAG fighter=f-1-hero bbox=(1036,519,1129,541) mode=compact look=P2 placement=left ring=0 hardPx2=0 softPx2=0 order=0 bound=1
2026.10.06-02.19.06 TAG fighter=f-1-sk0 bbox=(1201,427,1285,449) mode=compact look=P2 placement=above ring=0 hardPx2=0 softPx2=0 order=1 bound=1
2026.10.06-02.19.06 ICON fighter=f-1-hero bbox=(1217,541,1249,573) size=32 src=combat anchor=right fallback=0 overlapPx2=0 texture=/Game/S08/UI/IconsV3/T_IV3_action_attack_token_32.T_IV3_action_attack_token_32
2026.10.06-02.19.06 SNAPSHOT applied seq=98 phase=COMBAT_RESOLVE
2026.10.06-02.19.06 HANDLE_APPLIED #135 seq=98 decision=2 fightersValid=1 boardValid=1
2026.10.06-02.19.06 CUE sound id=CUE-009 point=cue subject=f-1-hero seq=98 t=66972 event_t=66972 dt=0 class=SFX sound=SW_CMB_DEFENSE_PLAYED_01 gain=0.80 result=played
2026.10.06-02.19.06 VO event=DEFEND speaker=ARTHUR t=66972 result=skipped line=- prio=4 reason=busy
2026.10.06-02.19.06 CUE fx done id=CUE-008 subject=f-0-hero seq=97 t=66972 ms=134 cut=interrupt
2026.10.06-02.19.06 CUE fx done id=CUE-009 subject=f-1-hero seq=94 t=66972 ms=467 cut=replace
2026.10.06-02.19.06 CUE fx id=CUE-009 subject=f-1-hero seq=98 t=66972 vfx=missing sfx=missing clip=none mat=FxFlash socket=Head reduced=0 result=fallback
2026.10.06-02.19.06 closed mode=
2026.10.06-02.19.06 MODE seq=98 mode=5 combat=1 pending=0
2026.10.06-02.19.06 HUD seq=98 phase=COMBAT_RESOLVE turn=you hand=1 oppHand=5(hidden) oppDeck=9~ deck=16~ discard=13
2026.10.06-02.19.06 MS-STATUS seq=98 text="Resolve the combat (R)"
2026.10.06-02.19.06 ARTPREVIEW fighter=Medusa hero=1 eligible=0 visual=1 mesh=SK_Medusa_H2LD
2026.10.06-02.19.06 FIGHTERS synced n=6 alive=6 own=4 enemy=2
2026.10.06-02.19.06 WS seq=98 phase=COMBAT_RESOLVE (apply)
2026.10.06-02.19.06 S09AUTO drive mode=5 plan=[attack+scheme] phase=COMBAT_RESOLVE turn=cmuhntivg0000wib0anhqyswc
2026.10.06-02.19.06 TAG fighter=f-0-hero bbox=(977,622,1079,644) mode=compact look=P1 placement=left ring=0 hardPx2=0 softPx2=0 order=5 bound=1
2026.10.06-02.19.06 TAG fighter=f-0-sk0 bbox=(509,496,593,518) mode=compact look=P1 placement=above ring=0 hardPx2=0 softPx2=0 order=3 bound=1
2026.10.06-02.19.06 TAG fighter=f-0-sk1 bbox=(396,458,480,480) mode=compact look=P1 placement=above ring=0 hardPx2=0 softPx2=0 order=2 bound=1
2026.10.06-02.19.06 TAG fighter=f-0-sk2 bbox=(308,584,392,606) mode=compact look=P1 placement=left ring=0 hardPx2=0 softPx2=0 order=4 bound=1
2026.10.06-02.19.06 TAG fighter=f-1-hero bbox=(1036,519,1129,541) mode=compact look=P2 placement=left ring=0 hardPx2=0 softPx2=0 order=0 bound=1
2026.10.06-02.19.06 TAG fighter=f-1-sk0 bbox=(1201,427,1285,449) mode=compact look=P2 placement=above ring=0 hardPx2=0 softPx2=0 order=1 bound=1
2026.10.06-02.19.06 ICON fighter=f-1-hero bbox=(1217,541,1249,573) size=32 src=combat anchor=right fallback=0 overlapPx2=0 texture=/Game/S08/UI/IconsV3/T_IV3_action_attack_token_32.T_IV3_action_attack_token_32
2026.10.06-02.19.07 SNAPSHOT applied seq=99 phase=ACTION_MANEUVER
2026.10.06-02.19.07 HANDLE_APPLIED #136 seq=99 decision=2 fightersValid=1 boardValid=1
2026.10.06-02.19.07 COMBAT-RESULT seq=99 damage=0 role=attacked
2026.10.06-02.19.07 COMBAT-LOG seq=99 log=99 n=11 entries=1 lines=1 src=log outcomes=APPLIED:1
2026.10.06-02.19.07 CUE fx done id=CUE-010 subject=scene seq=96 t=67105 ms=367 cut=replace
2026.10.06-02.19.07 CUE combat seq=96 stage=end t=67105 total=967 skipped=1 cut=replace
2026.10.06-02.19.07 CUE combat seq=99 stage=start t=67105 attacker=f-0-hero target=f-1-hero text=1 lines=1 damage=0 lethal=0 shown=0 speed=1.00 flip=620 contact=333 src=notify a=3 d=3 outcome=hold
2026.10.06-02.19.07 CUE fx id=CUE-010 subject=scene seq=99 t=67105 vfx=none sfx=missing clip=none mat=none socket=- reduced=0 result=fallback
2026.10.06-02.19.07 ARTPREVIEW fighter=Medusa hero=1 eligible=0 visual=1 mesh=SK_Medusa_H2LD
2026.10.06-02.19.07 CUE sound id=CUE-010 point=cue subject=card.attack seq=99 t=67105 event_t=67105 dt=0 class=SFX sound=SW_CRD_FLIP_01 gain=0.80 result=played
2026.10.06-02.19.07 CUE sound id=CUE-010 point=cue subject=card.defense seq=99 t=67105 event_t=67105 dt=0 class=SFX sound=SW_CRD_FLIP_02 gain=0.80 result=played
2026.10.06-02.19.07 closed mode=
2026.10.06-02.19.07 MODE seq=99 mode=0 combat=0 pending=0
2026.10.06-02.19.07 MS-OPP verb=turn seq=99
2026.10.06-02.19.07 MS-TRACK own=0/2 opp=0/2 oppVisible=1 seq=99
2026.10.06-02.19.07 MS-LAST fade seq=96 at=99 ms=300
2026.10.06-02.19.07 CUE sound id=CUE-015 point=turn subject=- seq=99 t=67105 event_t=67105 dt=0 class=UI sound=none gain=0.80 result=silent turn=opp reason=opponent
2026.10.06-02.19.07 HUD-TURN seq=99 turn=opp initial=0 ring=marker-turn-ring flash=1000 banner=0 reduced=0
2026.10.06-02.19.07 CUE sound id=CUE-005 point=cue subject=hand.own seq=99 t=67105 event_t=67105 dt=0 class=SFX sound=SW_CRD_DRAW_04 gain=0.80 result=played
2026.10.06-02.19.07 HUD seq=99 phase=ACTION_MANEUVER turn=opp hand=2 oppHand=5(hidden) oppDeck=9~ deck=16~ discard=13
2026.10.06-02.19.07 MS-STATUS seq=99 text="King Arthur — Opponent is choosing an action"
2026.10.06-02.19.07 ARTPREVIEW fighter=Medusa hero=1 eligible=0 visual=1 mesh=SK_Medusa_H2LD
2026.10.06-02.19.07 FIGHTERS synced n=6 alive=6 own=4 enemy=2
2026.10.06-02.19.07 WS seq=99 phase=ACTION_MANEUVER (apply)
2026.10.06-02.19.07 HUD-TRACK own=0/2 server=0 local=0 opp=0/2 oppVisible=1 anim=reset/reset seq=99 frame=1905
2026.10.06-02.19.07 S09AUTO drive mode=0 plan=[attack+scheme] phase=ACTION_MANEUVER turn=cmuhntiwu0001wib0z281rpa8
2026.10.06-02.19.07 TAG fighter=f-0-hero bbox=(977,622,1079,644) mode=compact look=P1 placement=left ring=0 hardPx2=0 softPx2=0 order=5 bound=1
2026.10.06-02.19.07 TAG fighter=f-0-sk0 bbox=(509,496,593,518) mode=compact look=P1 placement=above ring=0 hardPx2=0 softPx2=0 order=3 bound=1
2026.10.06-02.19.07 TAG fighter=f-0-sk1 bbox=(396,458,480,480) mode=compact look=P1 placement=above ring=0 hardPx2=0 softPx2=0 order=2 bound=1
2026.10.06-02.19.07 TAG fighter=f-0-sk2 bbox=(308,584,392,606) mode=compact look=P1 placement=left ring=0 hardPx2=0 softPx2=0 order=4 bound=1
2026.10.06-02.19.07 TAG fighter=f-1-hero bbox=(1036,519,1129,541) mode=compact look=P2 placement=left ring=0 hardPx2=0 softPx2=0 order=0 bound=1
2026.10.06-02.19.07 TAG fighter=f-1-sk0 bbox=(1201,427,1285,449) mode=compact look=P2 placement=above ring=0 hardPx2=0 softPx2=0 order=1 bound=1
2026.10.06-02.19.07 ICON fighter=f-1-hero bbox=(1217,541,1249,573) size=32 src=combat anchor=right fallback=0 overlapPx2=0 texture=/Game/S08/UI/IconsV3/T_IV3_action_attack_token_32.T_IV3_action_attack_token_32
2026.10.06-02.19.07 SNAPSHOT applied seq=100 phase=ACTION_MANEUVER
2026.10.06-02.19.07 HANDLE_APPLIED #137 seq=100 decision=2 fightersValid=1 boardValid=1
2026.10.06-02.19.07 MODE seq=100 mode=0 combat=0 pending=0
2026.10.06-02.19.07 MS-OPP verb=maneuver seq=100
2026.10.06-02.19.07 MS-TRACK own=0/2 opp=1/2 oppVisible=1 seq=100
2026.10.06-02.19.07 MS-OPP planning=1 seq=100
2026.10.06-02.19.07 CUE sound id=CUE-005 point=cue subject=hand.opp seq=100 t=67238 event_t=67238 dt=0 class=SFX sound=SW_CRD_DRAW_03 gain=0.80 result=played
2026.10.06-02.19.07 HUD seq=100 phase=ACTION_MANEUVER turn=opp hand=2 oppHand=6(hidden) oppDeck=9~ deck=16~ discard=13
2026.10.06-02.19.07 MS-STATUS seq=100 text="King Arthur — Opponent is planning a maneuver"
2026.10.06-02.19.07 ARTPREVIEW fighter=Medusa hero=1 eligible=0 visual=1 mesh=SK_Medusa_H2LD
2026.10.06-02.19.07 FIGHTERS synced n=6 alive=6 own=4 enemy=2
2026.10.06-02.19.07 WS seq=100 phase=ACTION_MANEUVER (apply)
2026.10.06-02.19.07 HUD-TRACK own=0/2 server=0 local=0 opp=1/2 oppVisible=1 anim=-/spend seq=100 frame=1909
2026.10.06-02.19.07 TAG fighter=f-0-hero bbox=(977,622,1079,644) mode=compact look=P1 placement=left ring=0 hardPx2=0 softPx2=0 order=5 bound=1
2026.10.06-02.19.07 TAG fighter=f-0-sk0 bbox=(509,496,593,518) mode=compact look=P1 placement=above ring=0 hardPx2=0 softPx2=0 order=3 bound=1
2026.10.06-02.19.07 TAG fighter=f-0-sk1 bbox=(396,458,480,480) mode=compact look=P1 placement=above ring=0 hardPx2=0 softPx2=0 order=2 bound=1
2026.10.06-02.19.07 TAG fighter=f-0-sk2 bbox=(308,584,392,606) mode=compact look=P1 placement=left ring=0 hardPx2=0 softPx2=0 order=4 bound=1
2026.10.06-02.19.07 TAG fighter=f-1-hero bbox=(1036,519,1129,541) mode=compact look=P2 placement=left ring=0 hardPx2=0 softPx2=0 order=0 bound=1
2026.10.06-02.19.07 TAG fighter=f-1-sk0 bbox=(1201,427,1285,449) mode=compact look=P2 placement=above ring=0 hardPx2=0 softPx2=0 order=1 bound=1
2026.10.06-02.19.07 ICON fighter=f-1-hero bbox=(1217,541,1249,573) size=32 src=combat anchor=right fallback=0 overlapPx2=0 texture=/Game/S08/UI/IconsV3/T_IV3_action_attack_token_32.T_IV3_action_attack_token_32
2026.10.06-02.19.07 SNAPSHOT applied seq=101 phase=ACTION_MANEUVER
2026.10.06-02.19.07 HANDLE_APPLIED #138 seq=101 decision=2 fightersValid=1 boardValid=1
2026.10.06-02.19.07 MODE seq=101 mode=0 combat=0 pending=0
2026.10.06-02.19.07 MS-OPP verb=turn seq=101
2026.10.06-02.19.07 MS-OPP planning=0 seq=101
2026.10.06-02.19.07 MS-LAST replace seq=96 by=101
2026.10.06-02.19.07 MS-LAST enter seq=101 player=cmuhntiwu0001wib0z281rpa8 source=MANEUVER moves=1 boost=-1
2026.10.06-02.19.07 HUD seq=101 phase=ACTION_MANEUVER turn=opp hand=2 oppHand=6(hidden) oppDeck=9~ deck=16~ discard=13
2026.10.06-02.19.07 MS-STATUS seq=101 text="King Arthur — Opponent is choosing an action"
2026.10.06-02.19.07 ARTPREVIEW fighter=Medusa hero=1 eligible=0 visual=1 mesh=SK_Medusa_H2LD
2026.10.06-02.19.07 FIGHTERS synced n=6 alive=6 own=4 enemy=2
2026.10.06-02.19.07 MS-CUE move seq=101 fighter=f-1-hero order=0 of=1 kind=move steps=1 source=trail start=0 ms=280 snapped=0 path=S25>S26 speed=normal reduced=0
2026.10.06-02.19.07 CUE sound id=CUE-007 point=step subject=f-1-hero seq=101 t=67338 event_t=67338 dt=0 class=SFX sound=SW_BRD_STEP_01 gain=0.80 result=played edge=1/1 due=67338
2026.10.06-02.19.07 MS-ANIM play seq=101 moves=1 animated=1 speed=normal reduced=0 end=430
2026.10.06-02.19.07 CUE move f-1-hero (6,3)->(7,3) seq=101
2026.10.06-02.19.07 WS seq=101 phase=ACTION_MANEUVER (apply)
2026.10.06-02.19.07 TAG fighter=f-0-hero bbox=(977,622,1079,644) mode=compact look=P1 placement=left ring=0 hardPx2=0 softPx2=0 order=5 bound=1
2026.10.06-02.19.07 TAG fighter=f-0-sk0 bbox=(509,496,593,518) mode=compact look=P1 placement=above ring=0 hardPx2=0 softPx2=0 order=3 bound=1
2026.10.06-02.19.07 TAG fighter=f-0-sk1 bbox=(396,458,480,480) mode=compact look=P1 placement=above ring=0 hardPx2=0 softPx2=0 order=2 bound=1
2026.10.06-02.19.07 TAG fighter=f-0-sk2 bbox=(308,584,392,606) mode=compact look=P1 placement=left ring=0 hardPx2=0 softPx2=0 order=4 bound=1
2026.10.06-02.19.07 TAG fighter=f-1-hero bbox=(1052,520,1145,542) mode=compact look=P2 placement=left ring=0 hardPx2=0 softPx2=0 order=0 bound=1
2026.10.06-02.19.07 TAG fighter=f-1-sk0 bbox=(1201,427,1285,449) mode=compact look=P2 placement=above ring=0 hardPx2=0 softPx2=0 order=1 bound=1
2026.10.06-02.19.07 ICON fighter=f-1-hero bbox=(1235,542,1267,574) size=32 src=combat anchor=right fallback=0 overlapPx2=0 texture=/Game/S08/UI/IconsV3/T_IV3_action_attack_token_32.T_IV3_action_attack_token_32
2026.10.06-02.19.07 TAG fighter=f-0-hero bbox=(977,622,1079,644) mode=compact look=P1 placement=left ring=0 hardPx2=0 softPx2=0 order=5 bound=1
2026.10.06-02.19.07 TAG fighter=f-0-sk0 bbox=(509,496,593,518) mode=compact look=P1 placement=above ring=0 hardPx2=0 softPx2=0 order=3 bound=1
2026.10.06-02.19.07 TAG fighter=f-0-sk1 bbox=(396,458,480,480) mode=compact look=P1 placement=above ring=0 hardPx2=0 softPx2=0 order=2 bound=1
2026.10.06-02.19.07 TAG fighter=f-0-sk2 bbox=(308,584,392,606) mode=compact look=P1 placement=left ring=0 hardPx2=0 softPx2=0 order=4 bound=1
2026.10.06-02.19.07 TAG fighter=f-1-hero bbox=(1069,521,1162,543) mode=compact look=P2 placement=left ring=0 hardPx2=0 softPx2=0 order=0 bound=1
2026.10.06-02.19.07 TAG fighter=f-1-sk0 bbox=(1201,427,1285,449) mode=compact look=P2 placement=above ring=0 hardPx2=0 softPx2=0 order=1 bound=1
2026.10.06-02.19.07 ICON fighter=f-1-hero bbox=(1251,542,1283,574) size=32 src=combat anchor=right fallback=0 overlapPx2=0 texture=/Game/S08/UI/IconsV3/T_IV3_action_attack_token_32.T_IV3_action_attack_token_32
2026.10.06-02.19.07 TAG fighter=f-0-hero bbox=(1072,598,1174,620) mode=compact look=P1 placement=above ring=0 hardPx2=0 softPx2=0 order=5 bound=1
2026.10.06-02.19.07 TAG fighter=f-0-sk0 bbox=(509,496,593,518) mode=compact look=P1 placement=above ring=0 hardPx2=0 softPx2=0 order=3 bound=1
2026.10.06-02.19.07 TAG fighter=f-0-sk1 bbox=(396,458,480,480) mode=compact look=P1 placement=above ring=0 hardPx2=0 softPx2=0 order=2 bound=1
2026.10.06-02.19.07 TAG fighter=f-0-sk2 bbox=(308,584,392,606) mode=compact look=P1 placement=left ring=0 hardPx2=0 softPx2=0 order=4 bound=1
2026.10.06-02.19.07 TAG fighter=f-1-hero bbox=(1085,521,1178,543) mode=compact look=P2 placement=left ring=0 hardPx2=0 softPx2=0 order=0 bound=1
2026.10.06-02.19.07 TAG fighter=f-1-sk0 bbox=(1201,427,1285,449) mode=compact look=P2 placement=above ring=0 hardPx2=0 softPx2=0 order=1 bound=1
2026.10.06-02.19.07 ICON fighter=f-1-hero bbox=(1268,543,1300,575) size=32 src=combat anchor=right fallback=0 overlapPx2=0 texture=/Game/S08/UI/IconsV3/T_IV3_action_attack_token_32.T_IV3_action_attack_token_32
2026.10.06-02.19.07 CUE fx done id=CUE-009 subject=f-1-hero seq=98 t=67472 ms=500 cut=0
2026.10.06-02.19.07 TAG fighter=f-0-hero bbox=(1072,598,1174,620) mode=compact look=P1 placement=above ring=0 hardPx2=0 softPx2=0 order=5 bound=1
2026.10.06-02.19.07 TAG fighter=f-0-sk0 bbox=(509,496,593,518) mode=compact look=P1 placement=above ring=0 hardPx2=0 softPx2=0 order=3 bound=1
2026.10.06-02.19.07 TAG fighter=f-0-sk1 bbox=(396,458,480,480) mode=compact look=P1 placement=above ring=0 hardPx2=0 softPx2=0 order=2 bound=1
2026.10.06-02.19.07 TAG fighter=f-0-sk2 bbox=(308,584,392,606) mode=compact look=P1 placement=left ring=0 hardPx2=0 softPx2=0 order=4 bound=1
2026.10.06-02.19.07 TAG fighter=f-1-hero bbox=(1285,522,1378,544) mode=compact look=P2 placement=right ring=0 hardPx2=0 softPx2=0 order=0 bound=1
2026.10.06-02.19.07 TAG fighter=f-1-sk0 bbox=(1201,427,1285,449) mode=compact look=P2 placement=above ring=0 hardPx2=0 softPx2=0 order=1 bound=1
2026.10.06-02.19.07 ICON fighter=f-1-hero bbox=(1162,543,1194,575) size=32 src=combat anchor=left fallback=0 overlapPx2=0 texture=/Game/S08/UI/IconsV3/T_IV3_action_attack_token_32.T_IV3_action_attack_token_32
2026.10.06-02.19.07 TAG fighter=f-0-hero bbox=(1072,598,1174,620) mode=compact look=P1 placement=above ring=0 hardPx2=0 softPx2=0 order=5 bound=1
2026.10.06-02.19.07 TAG fighter=f-0-sk0 bbox=(509,496,593,518) mode=compact look=P1 placement=above ring=0 hardPx2=0 softPx2=0 order=3 bound=1
2026.10.06-02.19.07 TAG fighter=f-0-sk1 bbox=(396,458,480,480) mode=compact look=P1 placement=above ring=0 hardPx2=0 softPx2=0 order=2 bound=1
2026.10.06-02.19.07 TAG fighter=f-0-sk2 bbox=(308,584,392,606) mode=compact look=P1 placement=left ring=0 hardPx2=0 softPx2=0 order=4 bound=1
2026.10.06-02.19.07 TAG fighter=f-1-hero bbox=(1302,522,1395,544) mode=compact look=P2 placement=right ring=0 hardPx2=0 softPx2=0 order=0 bound=1
2026.10.06-02.19.07 TAG fighter=f-1-sk0 bbox=(1201,427,1285,449) mode=compact look=P2 placement=above ring=0 hardPx2=0 softPx2=0 order=1 bound=1
2026.10.06-02.19.07 ICON fighter=f-1-hero bbox=(1303,544,1335,576) size=32 src=combat anchor=right fallback=0 overlapPx2=0 texture=/Game/S08/UI/IconsV3/T_IV3_action_attack_token_32.T_IV3_action_attack_token_32
2026.10.06-02.19.07 TAG fighter=f-0-hero bbox=(1072,598,1174,620) mode=compact look=P1 placement=above ring=0 hardPx2=0 softPx2=0 order=5 bound=1
2026.10.06-02.19.07 TAG fighter=f-0-sk0 bbox=(509,496,593,518) mode=compact look=P1 placement=above ring=0 hardPx2=0 softPx2=0 order=3 bound=1
2026.10.06-02.19.07 TAG fighter=f-0-sk1 bbox=(396,458,480,480) mode=compact look=P1 placement=above ring=0 hardPx2=0 softPx2=0 order=2 bound=1
2026.10.06-02.19.07 TAG fighter=f-0-sk2 bbox=(308,584,392,606) mode=compact look=P1 placement=left ring=0 hardPx2=0 softPx2=0 order=4 bound=1
2026.10.06-02.19.07 TAG fighter=f-1-hero bbox=(1319,523,1412,545) mode=compact look=P2 placement=right ring=0 hardPx2=0 softPx2=0 order=0 bound=1
2026.10.06-02.19.07 TAG fighter=f-1-sk0 bbox=(1201,427,1285,449) mode=compact look=P2 placement=above ring=0 hardPx2=0 softPx2=0 order=1 bound=1
2026.10.06-02.19.07 ICON fighter=f-1-hero bbox=(1194,544,1226,576) size=32 src=combat anchor=left fallback=0 overlapPx2=0 texture=/Game/S08/UI/IconsV3/T_IV3_action_attack_token_32.T_IV3_action_attack_token_32
2026.10.06-02.19.07 TAG fighter=f-0-hero bbox=(1072,598,1174,620) mode=compact look=P1 placement=above ring=0 hardPx2=0 softPx2=0 order=5 bound=1
2026.10.06-02.19.07 TAG fighter=f-0-sk0 bbox=(509,496,593,518) mode=compact look=P1 placement=above ring=0 hardPx2=0 softPx2=0 order=3 bound=1
2026.10.06-02.19.07 TAG fighter=f-0-sk1 bbox=(396,458,480,480) mode=compact look=P1 placement=above ring=0 hardPx2=0 softPx2=0 order=2 bound=1
2026.10.06-02.19.07 TAG fighter=f-0-sk2 bbox=(308,584,392,606) mode=compact look=P1 placement=left ring=0 hardPx2=0 softPx2=0 order=4 bound=1
2026.10.06-02.19.07 TAG fighter=f-1-hero bbox=(1336,523,1429,545) mode=compact look=P2 placement=right ring=0 hardPx2=0 softPx2=0 order=0 bound=1
2026.10.06-02.19.07 TAG fighter=f-1-sk0 bbox=(1201,427,1285,449) mode=compact look=P2 placement=above ring=0 hardPx2=0 softPx2=0 order=1 bound=1
2026.10.06-02.19.07 ICON fighter=f-1-hero bbox=(1337,545,1369,577) size=32 src=combat anchor=right fallback=0 overlapPx2=0 texture=/Game/S08/UI/IconsV3/T_IV3_action_attack_token_32.T_IV3_action_attack_token_32
2026.10.06-02.19.07 TAG fighter=f-0-hero bbox=(1072,598,1174,620) mode=compact look=P1 placement=above ring=0 hardPx2=0 softPx2=0 order=5 bound=1
2026.10.06-02.19.07 TAG fighter=f-0-sk0 bbox=(509,496,593,518) mode=compact look=P1 placement=above ring=0 hardPx2=0 softPx2=0 order=3 bound=1
2026.10.06-02.19.07 TAG fighter=f-0-sk1 bbox=(396,458,480,480) mode=compact look=P1 placement=above ring=0 hardPx2=0 softPx2=0 order=2 bound=1
2026.10.06-02.19.07 TAG fighter=f-0-sk2 bbox=(308,584,392,606) mode=compact look=P1 placement=left ring=0 hardPx2=0 softPx2=0 order=4 bound=1
2026.10.06-02.19.07 TAG fighter=f-1-hero bbox=(1353,524,1446,546) mode=compact look=P2 placement=right ring=0 hardPx2=0 softPx2=0 order=0 bound=1
2026.10.06-02.19.07 TAG fighter=f-1-sk0 bbox=(1201,427,1285,449) mode=compact look=P2 placement=above ring=0 hardPx2=0 softPx2=0 order=1 bound=1
2026.10.06-02.19.07 ICON fighter=f-1-hero bbox=(1354,546,1386,578) size=32 src=combat anchor=right fallback=0 overlapPx2=0 texture=/Game/S08/UI/IconsV3/T_IV3_action_attack_token_32.T_IV3_action_attack_token_32
2026.10.06-02.19.07 TAG fighter=f-0-hero bbox=(1072,598,1174,620) mode=compact look=P1 placement=above ring=0 hardPx2=0 softPx2=0 order=5 bound=1
2026.10.06-02.19.07 TAG fighter=f-0-sk0 bbox=(509,496,593,518) mode=compact look=P1 placement=above ring=0 hardPx2=0 softPx2=0 order=3 bound=1
2026.10.06-02.19.07 TAG fighter=f-0-sk1 bbox=(396,458,480,480) mode=compact look=P1 placement=above ring=0 hardPx2=0 softPx2=0 order=2 bound=1
2026.10.06-02.19.07 TAG fighter=f-0-sk2 bbox=(308,584,392,606) mode=compact look=P1 placement=left ring=0 hardPx2=0 softPx2=0 order=4 bound=1
2026.10.06-02.19.07 TAG fighter=f-1-hero bbox=(1360,524,1453,546) mode=compact look=P2 placement=right ring=0 hardPx2=0 softPx2=0 order=0 bound=1
2026.10.06-02.19.07 TAG fighter=f-1-sk0 bbox=(1201,427,1285,449) mode=compact look=P2 placement=above ring=0 hardPx2=0 softPx2=0 order=1 bound=1
2026.10.06-02.19.07 ICON fighter=f-1-hero bbox=(1361,546,1393,578) size=32 src=combat anchor=right fallback=0 overlapPx2=0 texture=/Game/S08/UI/IconsV3/T_IV3_action_attack_token_32.T_IV3_action_attack_token_32
2026.10.06-02.19.07 MS-LAST show seq=101 mode=anim player=cmuhntiwu0001wib0z281rpa8 from=6,3 to=7,3
2026.10.06-02.19.07 MS-LOG seq=101 moves=1 truncated=0 text="King Arthur: maneuver: King Arthur S25→S26"
2026.10.06-02.19.07 VO event=ALLY-LOW speaker=MERLIN t=67972 result=skipped line=- prio=2 reason=gap
2026.10.06-02.19.08 SNAPSHOT applied seq=102 phase=ACTION_MANEUVER
2026.10.06-02.19.08 HANDLE_APPLIED #139 seq=102 decision=2 fightersValid=1 boardValid=1
2026.10.06-02.19.08 MODE seq=102 mode=0 combat=0 pending=0
2026.10.06-02.19.08 MS-OPP verb=maneuver seq=102
2026.10.06-02.19.08 MS-TRACK own=0/2 opp=2/2 oppVisible=1 seq=102
2026.10.06-02.19.08 MS-OPP planning=1 seq=102
2026.10.06-02.19.08 CUE sound id=CUE-005 point=cue subject=hand.opp seq=102 t=68538 event_t=68538 dt=0 class=SFX sound=SW_CRD_DRAW_02 gain=0.80 result=played
2026.10.06-02.19.08 HUD seq=102 phase=ACTION_MANEUVER turn=opp hand=2 oppHand=7(hidden) oppDeck=9~ deck=16~ discard=13
2026.10.06-02.19.08 MS-STATUS seq=102 text="King Arthur — Opponent is planning a maneuver"
2026.10.06-02.19.08 ARTPREVIEW fighter=Medusa hero=1 eligible=0 visual=1 mesh=SK_Medusa_H2LD
2026.10.06-02.19.08 FIGHTERS synced n=6 alive=6 own=4 enemy=2
2026.10.06-02.19.08 WS seq=102 phase=ACTION_MANEUVER (apply)
2026.10.06-02.19.08 HUD-TRACK own=0/2 server=0 local=0 opp=2/2 oppVisible=1 anim=-/spend seq=102 frame=1948
2026.10.06-02.19.08 SNAPSHOT applied seq=103 phase=ACTION_MANEUVER
2026.10.06-02.19.08 HANDLE_APPLIED #140 seq=103 decision=2 fightersValid=1 boardValid=1
2026.10.06-02.19.08 CUE fx done id=CUE-010 subject=scene seq=99 t=68638 ms=1533 cut=jump hold=1533
2026.10.06-02.19.08 CUE combat seq=99 stage=end t=68638 total=2133 skipped=0 cut=catchup
2026.10.06-02.19.08 CATCHUP seq=99 latest=103 queued=4 lag=1400 t=68638 action=cut reason=queue applied=1
2026.10.06-02.19.08 ARTPREVIEW fighter=Medusa hero=1 eligible=0 visual=1 mesh=SK_Medusa_H2LD
2026.10.06-02.19.08 ARTPREVIEW hero-light fighter=f-0-hero state=idle layers=2 lightsOn=2 keyCd=17.984 rimCd=1.528 mul=1.000 pulse=none
2026.10.06-02.19.08 ARTPREVIEW combat marker fighter=Medusa attacker=0 target=0 icon=0 targetMesh=SM_Marker_TargetRing iconMode=screen targetArcScaleXY=0.920
2026.10.06-02.19.08 ARTPREVIEW combat marker fighter=King Arthur attacker=0 target=0 icon=0 targetMesh=SM_Marker_TargetRing iconMode=screen targetArcScaleXY=0.920
2026.10.06-02.19.08 closed mode=
2026.10.06-02.19.08 TURN-INPUT open seq=103 frame=1950 gate=none
2026.10.06-02.19.08 MODE seq=103 mode=6 combat=0 pending=1
2026.10.06-02.19.08 ARTPREVIEW selection ring shown fighter=King Arthur mesh=SM_Marker_SelectionRing
2026.10.06-02.19.08 ARTPREVIEW hero-light fighter=f-1-hero state=active layers=2 lightsOn=2 keyCd=23.682 rimCd=2.012 mul=1.104 pulse=0.40Hz+-4%
2026.10.06-02.19.08 ARTPREVIEW reachable rings cells=0 placed=1 radiusUU=36 segments=48 style=readability color=#FFC857 stroke=#14110C widthUU=3.50 strokeUU=1.50
2026.10.06-02.19.08 MS-PENDING present=toast id=ability-medusa-target-p0 opens=8 collapsed=0 type=TARGET_FIGHTER remembered=fighter=f-1-hero applied=fighter=f-1-hero
2026.10.06-02.19.08 MS-OPP verb=none seq=103
2026.10.06-02.19.08 MS-TRACK own=0/2 opp=0/2 oppVisible=0 seq=103
2026.10.06-02.19.08 MS-OPP planning=0 seq=103
2026.10.06-02.19.08 MS-LAST fade seq=101 at=103 ms=300
2026.10.06-02.19.08 MS-LAST replace seq=101 by=103
2026.10.06-02.19.08 MS-LAST enter seq=103 player=cmuhntiwu0001wib0z281rpa8 source=MANEUVER moves=1 boost=-1
2026.10.06-02.19.08 CUE sound id=CUE-015 point=turn subject=- seq=103 t=68638 event_t=68638 dt=0 class=UI sound=SW_UI_TURN_CHIME_01 gain=0.80 result=played turn=own
2026.10.06-02.19.08 VO event=TURN-START speaker=MEDUSA t=68638 result=skipped line=- prio=4 reason=chance
2026.10.06-02.19.08 HUD-TURN seq=103 turn=own initial=0 ring=marker-turn-ring flash=1000 banner=600 reduced=0
2026.10.06-02.19.08 HUD seq=103 phase=ACTION_MANEUVER turn=you hand=2 oppHand=7(hidden) oppDeck=9~ deck=16~ discard=13
2026.10.06-02.19.08 MS-STATUS seq=103 text="Choose a target (up to 1)"
2026.10.06-02.19.08 ARTPREVIEW fighter=Medusa hero=1 eligible=0 visual=1 mesh=SK_Medusa_H2LD
2026.10.06-02.19.08 ARTPREVIEW selection ring shown fighter=King Arthur mesh=SM_Marker_SelectionRing
2026.10.06-02.19.08 FIGHTERS synced n=6 alive=6 own=4 enemy=2
2026.10.06-02.19.08 ARTPREVIEW selection ring shown fighter=King Arthur mesh=SM_Marker_SelectionRing
2026.10.06-02.19.08 ARTPREVIEW reachable rings cells=0 placed=1 radiusUU=36 segments=48 style=readability color=#FFC857 stroke=#14110C widthUU=3.50 strokeUU=1.50
2026.10.06-02.19.08 MS-CUE move seq=103 fighter=f-1-hero order=0 of=1 kind=move steps=1 source=trail start=0 ms=280 snapped=0 path=S26>S25 speed=normal reduced=0
2026.10.06-02.19.08 CUE sound id=CUE-007 point=step subject=f-1-hero seq=103 t=68638 event_t=68638 dt=0 class=SFX sound=SW_BRD_STEP_04 gain=0.80 result=played edge=1/1 due=68638
2026.10.06-02.19.08 MS-ANIM play seq=103 moves=1 animated=1 speed=normal reduced=0 end=430
2026.10.06-02.19.08 CUE move f-1-hero (7,3)->(6,3) seq=103
2026.10.06-02.19.08 WS seq=103 phase=ACTION_MANEUVER (apply)
2026.10.06-02.19.08 SFX bank=FX-GAZE-REQUEST tag=gaze class=SFX t=68672 sound=SW_FX_GAZE_REQUEST_01 gain=0.80
2026.10.06-02.19.08 SFX bank=FX-GAZE-REQUEST-VOICE tag=voice class=VO t=68672 sound=SW_FX_GAZE_REQUEST_VOICE gain=0.80
2026.10.06-02.19.08 HUD-TRACK own=0/2 server=0 local=0 opp=0/2 oppVisible=0 anim=reset/reset seq=103 frame=1951
2026.10.06-02.19.08 HUD-HAND lower=1 pick=target cursor=board preview=hidden seq=103
2026.10.06-02.19.08 S09AUTO drive mode=6 plan=[attack+scheme] phase=ACTION_MANEUVER turn=cmuhntivg0000wib0anhqyswc
2026.10.06-02.19.08 S09AUTO own turn #9 (turnCount=19)
2026.10.06-02.19.08 PEND-RESOLVE sent type=TARGET_FIGHTER stage=0 id=ability-medusa-target-p0
2026.10.06-02.19.08 CUE sound id=CUE-014 point=cue subject=f-1-hero seq=103 t=68672 event_t=68672 dt=0 class=SFX sound=SW_FX_GAZE_BEAM_02 gain=0.80 result=played bank=FX-GAZE-BEAM
2026.10.06-02.19.08 MS-STATUS seq=103 text="Syncing…"
2026.10.06-02.19.08 S09AUTO pending picked (type=TARGET_FIGHTER stage=0)
2026.10.06-02.19.08 TOAST text="choice sent"
2026.10.06-02.19.08 HUD plate content fighter=f-1-hero name=King Arthur hp=4/18 team=enemy statuses=HERO  |  MELEE teamSlot=P2 look=P2 shape=hexagon chip=#5786A8
2026.10.06-02.19.08 PLATE fighter=f-1-hero bbox=(1202,637,1374,691) overlapReachable=0 placement=below ring=0 gap=6 selection=f-1-hero destinations=0 clean=1 softPx2=0 tested=114 bound=1
2026.10.06-02.19.08 TAG fighter=f-0-hero bbox=(1072,598,1174,620) mode=compact look=P1 placement=above ring=0 hardPx2=0 softPx2=0 order=4 bound=1
2026.10.06-02.19.08 TAG fighter=f-0-sk0 bbox=(509,496,593,518) mode=compact look=P1 placement=above ring=0 hardPx2=0 softPx2=0 order=2 bound=1
2026.10.06-02.19.08 TAG fighter=f-0-sk1 bbox=(396,458,480,480) mode=compact look=P1 placement=above ring=0 hardPx2=0 softPx2=0 order=1 bound=1
2026.10.06-02.19.08 TAG fighter=f-0-sk2 bbox=(308,584,392,606) mode=compact look=P1 placement=left ring=0 hardPx2=0 softPx2=0 order=3 bound=1
2026.10.06-02.19.08 TAG fighter=f-1-sk0 bbox=(1201,427,1285,449) mode=compact look=P2 placement=above ring=0 hardPx2=0 softPx2=0 order=0 bound=1
2026.10.06-02.19.08 HUD icon hidden fighter=f-1-hero
2026.10.06-02.19.08 PLATE fighter=f-1-hero bbox=(1186,637,1358,691) overlapReachable=0 placement=below ring=0 gap=6 selection=f-1-hero destinations=0 clean=1 softPx2=0 tested=112 bound=1
2026.10.06-02.19.08 TAG fighter=f-0-hero bbox=(1072,598,1174,620) mode=compact look=P1 placement=above ring=0 hardPx2=0 softPx2=0 order=4 bound=1
2026.10.06-02.19.08 TAG fighter=f-0-sk0 bbox=(509,496,593,518) mode=compact look=P1 placement=above ring=0 hardPx2=0 softPx2=0 order=2 bound=1
2026.10.06-02.19.08 TAG fighter=f-0-sk1 bbox=(396,458,480,480) mode=compact look=P1 placement=above ring=0 hardPx2=0 softPx2=0 order=1 bound=1
2026.10.06-02.19.08 TAG fighter=f-0-sk2 bbox=(308,584,392,606) mode=compact look=P1 placement=left ring=0 hardPx2=0 softPx2=0 order=3 bound=1
2026.10.06-02.19.08 TAG fighter=f-1-sk0 bbox=(1201,427,1285,449) mode=compact look=P2 placement=above ring=0 hardPx2=0 softPx2=0 order=0 bound=1
2026.10.06-02.19.08 PLATE fighter=f-1-hero bbox=(1177,636,1349,690) overlapReachable=0 placement=below ring=0 gap=6 selection=f-1-hero destinations=0 clean=1 softPx2=0 tested=112 bound=1
2026.10.06-02.19.08 TAG fighter=f-0-hero bbox=(1072,598,1174,620) mode=compact look=P1 placement=above ring=0 hardPx2=0 softPx2=0 order=4 bound=1
2026.10.06-02.19.08 TAG fighter=f-0-sk0 bbox=(509,496,593,518) mode=compact look=P1 placement=above ring=0 hardPx2=0 softPx2=0 order=2 bound=1
2026.10.06-02.19.08 TAG fighter=f-0-sk1 bbox=(396,458,480,480) mode=compact look=P1 placement=above ring=0 hardPx2=0 softPx2=0 order=1 bound=1
2026.10.06-02.19.08 TAG fighter=f-0-sk2 bbox=(308,584,392,606) mode=compact look=P1 placement=left ring=0 hardPx2=0 softPx2=0 order=3 bound=1
2026.10.06-02.19.08 TAG fighter=f-1-sk0 bbox=(1201,427,1285,449) mode=compact look=P2 placement=above ring=0 hardPx2=0 softPx2=0 order=0 bound=1
2026.10.06-02.19.08 TAG fighter=f-0-hero bbox=(1072,598,1174,620) mode=compact look=P1 placement=above ring=0 hardPx2=0 softPx2=0 order=4 bound=1
2026.10.06-02.19.08 TAG fighter=f-0-sk0 bbox=(509,496,593,518) mode=compact look=P1 placement=above ring=0 hardPx2=0 softPx2=0 order=2 bound=1
2026.10.06-02.19.08 TAG fighter=f-0-sk1 bbox=(396,458,480,480) mode=compact look=P1 placement=above ring=0 hardPx2=0 softPx2=0 order=1 bound=1
2026.10.06-02.19.08 TAG fighter=f-0-sk2 bbox=(308,584,392,606) mode=compact look=P1 placement=left ring=0 hardPx2=0 softPx2=0 order=3 bound=1
2026.10.06-02.19.08 TAG fighter=f-1-sk0 bbox=(1201,427,1285,449) mode=compact look=P2 placement=above ring=0 hardPx2=0 softPx2=0 order=0 bound=1
2026.10.06-02.19.08 SNAPSHOT applied seq=104 phase=ACTION_MANEUVER
2026.10.06-02.19.08 HANDLE_APPLIED #141 seq=104 decision=2 fightersValid=1 boardValid=1
2026.10.06-02.19.08 closed mode=
2026.10.06-02.19.08 MODE seq=104 mode=0 combat=0 pending=0
2026.10.06-02.19.08 MS-LAST off seq=103 at=104 fade=0
2026.10.06-02.19.08 HUD seq=104 phase=ACTION_MANEUVER turn=you hand=2 oppHand=7(hidden) oppDeck=7 deck=15 discard=13
2026.10.06-02.19.08 MS-STATUS seq=104 text="Choose an action: maneuver (M), attack (A) or scheme (G)"
2026.10.06-02.19.08 ARTPREVIEW fighter=Medusa hero=1 eligible=0 visual=1 mesh=SK_Medusa_H2LD
2026.10.06-02.19.08 ARTPREVIEW selection ring shown fighter=King Arthur mesh=SM_Marker_SelectionRing
2026.10.06-02.19.08 FIGHTERS synced n=6 alive=6 own=4 enemy=2
2026.10.06-02.19.08 ARTPREVIEW hero-light fighter=f-1-hero state=idle layers=2 lightsOn=2 keyCd=21.443 rimCd=1.822 mul=1.000 pulse=none
2026.10.06-02.19.08 ARTPREVIEW damage-number fighter=f-1-hero amount=1 seq=104 cell=(6,3)
2026.10.06-02.19.08 ARTPREVIEW anim fighter=f-1-hero clip=HitReact len=0.417 event=damaged loop=0 phase=0.0000 seq=104 asset=AM_KingArthur_HitReact rate=1.00
2026.10.06-02.19.08 ARTPREVIEW hit-tint fighter=f-1-hero ms=450
2026.10.06-02.19.08 VO event=HURT speaker=ARTHUR t=68772 result=skipped line=- prio=3 reason=chance
2026.10.06-02.19.08 CUE damage f-1-hero -1 seq=104
2026.10.06-02.19.08 PEND resolve done seq=104 (apply) phase=ACTION_MANEUVER
2026.10.06-02.19.08 SNAPSHOT applied seq=104 phase=ACTION_MANEUVER
2026.10.06-02.19.08 HANDLE_APPLIED #142 seq=104 decision=1 fightersValid=1 boardValid=1
2026.10.06-02.19.08 MODE seq=104 mode=0 combat=0 pending=0
2026.10.06-02.19.08 HUD seq=104 phase=ACTION_MANEUVER turn=you hand=2 oppHand=7(hidden) oppDeck=7 deck=15 discard=13
2026.10.06-02.19.08 ARTPREVIEW fighter=Medusa hero=1 eligible=0 visual=1 mesh=SK_Medusa_H2LD
2026.10.06-02.19.08 FIGHTERS synced n=6 alive=6 own=4 enemy=2
2026.10.06-02.19.08 WS seq=104 phase=ACTION_MANEUVER (merge)
2026.10.06-02.19.08 CUE sound id=CUE-011 point=hit subject=f-1-hero seq=104 t=68772 event_t=68772 dt=0 class=SFX sound=SW_CMB_HIT_MAGIC_02 gain=0.80 result=played bank=CMB-HIT-MAGIC
2026.10.06-02.19.08 HUD-HEART side=opp hero=f-1-hero hp=3/18 anim=damage glow=1 played=1
2026.10.06-02.19.08 HUD-HAND lower=0 pick=none cursor=board preview=shown seq=104
2026.10.06-02.19.08 S09AUTO drive mode=0 plan=[attack+scheme] phase=ACTION_MANEUVER turn=cmuhntivg0000wib0anhqyswc
2026.10.06-02.19.08 S09AUTO attack (attacker=f-0-hero target-set card-set)
2026.10.06-02.19.08 ATTACK sent ability=none
2026.10.06-02.19.08 HUD-TRACK chosen=attack seq=104 spent=0
2026.10.06-02.19.08 ARTPREVIEW hero-light fighter=f-0-hero state=active layers=2 lightsOn=2 keyCd=20.142 rimCd=1.711 mul=1.120 pulse=0.40Hz+-4%
2026.10.06-02.19.08 ARTPREVIEW combat marker fighter=Medusa attacker=1 target=0 icon=0 targetMesh=SM_Marker_TargetRing iconMode=screen targetArcScaleXY=0.920
2026.10.06-02.19.08 ARTPREVIEW combat marker fighter=King Arthur attacker=0 target=1 icon=1 targetMesh=SM_Marker_TargetRing iconMode=screen targetArcScaleXY=0.920
2026.10.06-02.19.08 MS-STATUS seq=104 text="Syncing…"
2026.10.06-02.19.08 TOAST text="attack sent"
2026.10.06-02.19.08 PLATE hidden fighter=f-1-hero
2026.10.06-02.19.08 TAG fighter=f-0-hero bbox=(1072,598,1174,620) mode=compact look=P1 placement=above ring=0 hardPx2=0 softPx2=0 order=5 bound=1
2026.10.06-02.19.08 TAG fighter=f-0-sk0 bbox=(509,496,593,518) mode=compact look=P1 placement=above ring=0 hardPx2=0 softPx2=0 order=3 bound=1
2026.10.06-02.19.08 TAG fighter=f-0-sk1 bbox=(396,458,480,480) mode=compact look=P1 placement=above ring=0 hardPx2=0 softPx2=0 order=2 bound=1
2026.10.06-02.19.08 TAG fighter=f-0-sk2 bbox=(308,584,392,606) mode=compact look=P1 placement=left ring=0 hardPx2=0 softPx2=0 order=4 bound=1
2026.10.06-02.19.08 TAG fighter=f-1-hero bbox=(1091,521,1184,543) mode=compact look=P2 placement=left ring=0 hardPx2=0 softPx2=0 order=0 bound=1
2026.10.06-02.19.08 TAG fighter=f-1-sk0 bbox=(1201,427,1285,449) mode=compact look=P2 placement=above ring=0 hardPx2=0 softPx2=0 order=1 bound=1
2026.10.06-02.19.08 ICON fighter=f-1-hero bbox=(1275,543,1307,575) size=32 src=combat anchor=right fallback=0 overlapPx2=0 texture=/Game/S08/UI/IconsV3/T_IV3_action_attack_token_32.T_IV3_action_attack_token_32
2026.10.06-02.19.08 DAMAGE fighter=f-1-hero bbox=(1118,491,1158,519) amount=1 seq=104 placement=above ring=0 hardPx2=0 softPx2=0
2026.10.06-02.19.08 HUD-TRACK own=1/2 server=0 local=1 opp=0/2 oppVisible=0 anim=spend/- seq=104 frame=1956
2026.10.06-02.19.08 TAG fighter=f-0-hero bbox=(977,622,1079,644) mode=compact look=P1 placement=left ring=0 hardPx2=0 softPx2=0 order=5 bound=1
2026.10.06-02.19.08 TAG fighter=f-0-sk0 bbox=(509,496,593,518) mode=compact look=P1 placement=above ring=0 hardPx2=0 softPx2=0 order=3 bound=1
2026.10.06-02.19.08 TAG fighter=f-0-sk1 bbox=(396,458,480,480) mode=compact look=P1 placement=above ring=0 hardPx2=0 softPx2=0 order=2 bound=1
2026.10.06-02.19.08 TAG fighter=f-0-sk2 bbox=(308,584,392,606) mode=compact look=P1 placement=left ring=0 hardPx2=0 softPx2=0 order=4 bound=1
2026.10.06-02.19.08 TAG fighter=f-1-hero bbox=(1075,521,1168,543) mode=compact look=P2 placement=left ring=0 hardPx2=0 softPx2=0 order=0 bound=1
2026.10.06-02.19.08 TAG fighter=f-1-sk0 bbox=(1201,427,1285,449) mode=compact look=P2 placement=above ring=0 hardPx2=0 softPx2=0 order=1 bound=1
2026.10.06-02.19.08 ICON fighter=f-1-hero bbox=(1258,543,1290,575) size=32 src=combat anchor=right fallback=0 overlapPx2=0 texture=/Game/S08/UI/IconsV3/T_IV3_action_attack_token_32.T_IV3_action_attack_token_32
2026.10.06-02.19.08 DAMAGE fighter=f-1-hero bbox=(1102,491,1142,519) amount=1 seq=104 placement=above ring=0 hardPx2=0 softPx2=0
2026.10.06-02.19.08 TAG fighter=f-0-hero bbox=(977,622,1079,644) mode=compact look=P1 placement=left ring=0 hardPx2=0 softPx2=0 order=5 bound=1
2026.10.06-02.19.08 TAG fighter=f-0-sk0 bbox=(509,496,593,518) mode=compact look=P1 placement=above ring=0 hardPx2=0 softPx2=0 order=3 bound=1
2026.10.06-02.19.08 TAG fighter=f-0-sk1 bbox=(396,458,480,480) mode=compact look=P1 placement=above ring=0 hardPx2=0 softPx2=0 order=2 bound=1
2026.10.06-02.19.08 TAG fighter=f-0-sk2 bbox=(308,584,392,606) mode=compact look=P1 placement=left ring=0 hardPx2=0 softPx2=0 order=4 bound=1
2026.10.06-02.19.08 TAG fighter=f-1-hero bbox=(1058,520,1151,542) mode=compact look=P2 placement=left ring=0 hardPx2=0 softPx2=0 order=0 bound=1
2026.10.06-02.19.08 TAG fighter=f-1-sk0 bbox=(1201,427,1285,449) mode=compact look=P2 placement=above ring=0 hardPx2=0 softPx2=0 order=1 bound=1
2026.10.06-02.19.08 ICON fighter=f-1-hero bbox=(1241,542,1273,574) size=32 src=combat anchor=right fallback=0 overlapPx2=0 texture=/Game/S08/UI/IconsV3/T_IV3_action_attack_token_32.T_IV3_action_attack_token_32
2026.10.06-02.19.08 DAMAGE fighter=f-1-hero bbox=(1085,490,1125,518) amount=1 seq=104 placement=above ring=0 hardPx2=0 softPx2=0
2026.10.06-02.19.08 SNAPSHOT applied seq=105 phase=COMBAT
2026.10.06-02.19.08 HANDLE_APPLIED #143 seq=105 decision=2 fightersValid=1 boardValid=1
2026.10.06-02.19.08 CUE sound id=CUE-008 point=cue subject=f-0-hero seq=105 t=68872 event_t=68872 dt=0 class=SFX sound=SW_CMB_ATTACK_DECLARE_02 gain=0.80 result=played
2026.10.06-02.19.08 VO event=ATTACK speaker=MEDUSA t=68872 result=skipped line=- prio=3 reason=chance
2026.10.06-02.19.08 CUE fx id=CUE-008 subject=f-0-hero seq=105 t=68872 vfx=missing sfx=missing clip=none mat=none socket=Weapon reduced=0 result=fallback
2026.10.06-02.19.08 closed mode=
2026.10.06-02.19.08 MODE seq=105 mode=0 combat=1 pending=0
2026.10.06-02.19.08 MS-OPP verb=defend seq=105
2026.10.06-02.19.08 MS-TRACK own=1/2 opp=0/2 oppVisible=0 seq=105
2026.10.06-02.19.08 HUD seq=105 phase=COMBAT turn=you hand=1 oppHand=7(hidden) oppDeck=7~ deck=15~ discard=14
2026.10.06-02.19.08 ARTPREVIEW fighter=Medusa hero=1 eligible=0 visual=1 mesh=SK_Medusa_H2LD
2026.10.06-02.19.08 FIGHTERS synced n=6 alive=6 own=4 enemy=2
2026.10.06-02.19.08 WS seq=105 phase=COMBAT (apply)
2026.10.06-02.19.08 HUD-TRACK own=1/2 server=1 local=0 opp=0/2 oppVisible=0 anim=-/- seq=105 frame=1958
2026.10.06-02.19.08 TAG fighter=f-0-hero bbox=(977,622,1079,644) mode=compact look=P1 placement=left ring=0 hardPx2=0 softPx2=0 order=5 bound=1
2026.10.06-02.19.08 TAG fighter=f-0-sk0 bbox=(509,496,593,518) mode=compact look=P1 placement=above ring=0 hardPx2=0 softPx2=0 order=3 bound=1
2026.10.06-02.19.08 TAG fighter=f-0-sk1 bbox=(396,458,480,480) mode=compact look=P1 placement=above ring=0 hardPx2=0 softPx2=0 order=2 bound=1
2026.10.06-02.19.08 TAG fighter=f-0-sk2 bbox=(308,584,392,606) mode=compact look=P1 placement=left ring=0 hardPx2=0 softPx2=0 order=4 bound=1
2026.10.06-02.19.08 TAG fighter=f-1-hero bbox=(1042,520,1135,542) mode=compact look=P2 placement=left ring=0 hardPx2=0 softPx2=0 order=0 bound=1
2026.10.06-02.19.08 TAG fighter=f-1-sk0 bbox=(1201,427,1285,449) mode=compact look=P2 placement=above ring=0 hardPx2=0 softPx2=0 order=1 bound=1
2026.10.06-02.19.08 ICON fighter=f-1-hero bbox=(1224,541,1256,573) size=32 src=combat anchor=right fallback=0 overlapPx2=0 texture=/Game/S08/UI/IconsV3/T_IV3_action_attack_token_32.T_IV3_action_attack_token_32
2026.10.06-02.19.08 DAMAGE fighter=f-1-hero bbox=(1069,490,1109,518) amount=1 seq=104 placement=above ring=0 hardPx2=0 softPx2=0
2026.10.06-02.19.08 SNAPSHOT applied seq=105 phase=COMBAT
2026.10.06-02.19.08 HANDLE_APPLIED #144 seq=105 decision=1 fightersValid=1 boardValid=1
2026.10.06-02.19.08 MODE seq=105 mode=0 combat=1 pending=0
2026.10.06-02.19.08 HUD seq=105 phase=COMBAT turn=you hand=1 oppHand=7(hidden) oppDeck=7 deck=15 discard=14
2026.10.06-02.19.08 MS-STATUS seq=105 text="Waiting for the defender"
2026.10.06-02.19.08 ARTPREVIEW fighter=Medusa hero=1 eligible=0 visual=1 mesh=SK_Medusa_H2LD
2026.10.06-02.19.08 FIGHTERS synced n=6 alive=6 own=4 enemy=2
2026.10.06-02.19.08 ATTACK done seq=105 (merge) phase=COMBAT
2026.10.06-02.19.08 TAG fighter=f-0-hero bbox=(977,622,1079,644) mode=compact look=P1 placement=left ring=0 hardPx2=0 softPx2=0 order=5 bound=1
2026.10.06-02.19.08 TAG fighter=f-0-sk0 bbox=(509,496,593,518) mode=compact look=P1 placement=above ring=0 hardPx2=0 softPx2=0 order=3 bound=1
2026.10.06-02.19.08 TAG fighter=f-0-sk1 bbox=(396,458,480,480) mode=compact look=P1 placement=above ring=0 hardPx2=0 softPx2=0 order=2 bound=1
2026.10.06-02.19.08 TAG fighter=f-0-sk2 bbox=(308,584,392,606) mode=compact look=P1 placement=left ring=0 hardPx2=0 softPx2=0 order=4 bound=1
2026.10.06-02.19.08 TAG fighter=f-1-hero bbox=(1036,519,1129,541) mode=compact look=P2 placement=left ring=0 hardPx2=0 softPx2=0 order=0 bound=1
2026.10.06-02.19.08 TAG fighter=f-1-sk0 bbox=(1201,427,1285,449) mode=compact look=P2 placement=above ring=0 hardPx2=0 softPx2=0 order=1 bound=1
2026.10.06-02.19.08 ICON fighter=f-1-hero bbox=(1217,541,1249,573) size=32 src=combat anchor=right fallback=0 overlapPx2=0 texture=/Game/S08/UI/IconsV3/T_IV3_action_attack_token_32.T_IV3_action_attack_token_32
2026.10.06-02.19.08 DAMAGE fighter=f-1-hero bbox=(1063,489,1103,517) amount=1 seq=104 placement=above ring=0 hardPx2=0 softPx2=0
2026.10.06-02.19.08 TAG fighter=f-0-hero bbox=(977,622,1079,644) mode=compact look=P1 placement=left ring=0 hardPx2=0 softPx2=0 order=5 bound=1
2026.10.06-02.19.08 TAG fighter=f-0-sk0 bbox=(509,496,593,518) mode=compact look=P1 placement=above ring=0 hardPx2=0 softPx2=0 order=3 bound=1
2026.10.06-02.19.08 TAG fighter=f-0-sk1 bbox=(396,458,480,480) mode=compact look=P1 placement=above ring=0 hardPx2=0 softPx2=0 order=2 bound=1
2026.10.06-02.19.08 TAG fighter=f-0-sk2 bbox=(308,584,392,606) mode=compact look=P1 placement=left ring=0 hardPx2=0 softPx2=0 order=4 bound=1
2026.10.06-02.19.08 TAG fighter=f-1-hero bbox=(1036,519,1129,541) mode=compact look=P2 placement=left ring=0 hardPx2=0 softPx2=0 order=0 bound=1
2026.10.06-02.19.08 TAG fighter=f-1-sk0 bbox=(1201,427,1285,449) mode=compact look=P2 placement=above ring=0 hardPx2=0 softPx2=0 order=1 bound=1
2026.10.06-02.19.08 ICON fighter=f-1-hero bbox=(1217,541,1249,573) size=32 src=combat anchor=right fallback=0 overlapPx2=0 texture=/Game/S08/UI/IconsV3/T_IV3_action_attack_token_32.T_IV3_action_attack_token_32
2026.10.06-02.19.09 ARTPREVIEW anim fighter=f-1-hero clip=Idle len=2.500 event=clipFinished loop=1 phase=0.3470 seq=-1 asset=AM_KingArthur_Idle rate=1.00
2026.10.06-02.19.09 game -> room=cmuw1u4nq0561t84m7cuv93yr code=<redacted> status=IN_PROGRESS
2026.10.06-02.19.09 CUE fx done id=CUE-008 subject=f-0-hero seq=105 t=69472 ms=600 cut=0
2026.10.06-02.19.09 TAG fighter=f-0-hero bbox=(977,622,1079,644) mode=compact look=P1 placement=left ring=0 hardPx2=0 softPx2=0 order=5 bound=1
2026.10.06-02.19.09 TAG fighter=f-0-sk0 bbox=(509,496,593,518) mode=compact look=P1 placement=above ring=0 hardPx2=0 softPx2=0 order=3 bound=1
2026.10.06-02.19.09 TAG fighter=f-0-sk1 bbox=(396,458,480,480) mode=compact look=P1 placement=above ring=0 hardPx2=0 softPx2=0 order=2 bound=1
2026.10.06-02.19.09 TAG fighter=f-0-sk2 bbox=(308,584,392,606) mode=compact look=P1 placement=left ring=0 hardPx2=0 softPx2=0 order=4 bound=1
2026.10.06-02.19.09 TAG fighter=f-1-hero bbox=(1036,519,1129,541) mode=compact look=P2 placement=left ring=0 hardPx2=0 softPx2=0 order=0 bound=1
2026.10.06-02.19.09 TAG fighter=f-1-sk0 bbox=(1201,427,1285,449) mode=compact look=P2 placement=above ring=0 hardPx2=0 softPx2=0 order=1 bound=1
2026.10.06-02.19.09 ICON fighter=f-1-hero bbox=(1217,541,1249,573) size=32 src=combat anchor=right fallback=0 overlapPx2=0 texture=/Game/S08/UI/IconsV3/T_IV3_action_attack_token_32.T_IV3_action_attack_token_32
2026.10.06-02.19.09 SNAPSHOT applied seq=106 phase=COMBAT_RESOLVE
2026.10.06-02.19.09 HANDLE_APPLIED #145 seq=106 decision=2 fightersValid=1 boardValid=1
2026.10.06-02.19.09 CUE sound id=CUE-009 point=cue subject=f-1-hero seq=106 t=69838 event_t=69838 dt=0 class=SFX sound=SW_CMB_DEFENSE_PLAYED_02 gain=0.80 result=played
2026.10.06-02.19.09 VO event=DEFEND speaker=ARTHUR t=69838 result=skipped line=- prio=4 reason=chance
2026.10.06-02.19.09 CUE fx id=CUE-009 subject=f-1-hero seq=106 t=69838 vfx=missing sfx=missing clip=none mat=FxFlash socket=Head reduced=0 result=fallback
2026.10.06-02.19.09 closed mode=
2026.10.06-02.19.09 MODE seq=106 mode=5 combat=1 pending=0
2026.10.06-02.19.09 HUD seq=106 phase=COMBAT_RESOLVE turn=you hand=1 oppHand=6(hidden) oppDeck=7~ deck=15~ discard=14
2026.10.06-02.19.09 MS-STATUS seq=106 text="Resolve the combat (R)"
2026.10.06-02.19.09 ARTPREVIEW fighter=Medusa hero=1 eligible=0 visual=1 mesh=SK_Medusa_H2LD
2026.10.06-02.19.09 FIGHTERS synced n=6 alive=6 own=4 enemy=2
2026.10.06-02.19.09 WS seq=106 phase=COMBAT_RESOLVE (apply)
2026.10.06-02.19.09 S09AUTO drive mode=5 plan=[attack+scheme] phase=COMBAT_RESOLVE turn=cmuhntivg0000wib0anhqyswc
2026.10.06-02.19.09 TAG fighter=f-0-hero bbox=(977,622,1079,644) mode=compact look=P1 placement=left ring=0 hardPx2=0 softPx2=0 order=5 bound=1
2026.10.06-02.19.09 TAG fighter=f-0-sk0 bbox=(509,496,593,518) mode=compact look=P1 placement=above ring=0 hardPx2=0 softPx2=0 order=3 bound=1
2026.10.06-02.19.09 TAG fighter=f-0-sk1 bbox=(396,458,480,480) mode=compact look=P1 placement=above ring=0 hardPx2=0 softPx2=0 order=2 bound=1
2026.10.06-02.19.09 TAG fighter=f-0-sk2 bbox=(308,584,392,606) mode=compact look=P1 placement=left ring=0 hardPx2=0 softPx2=0 order=4 bound=1
2026.10.06-02.19.09 TAG fighter=f-1-hero bbox=(1036,519,1129,541) mode=compact look=P2 placement=left ring=0 hardPx2=0 softPx2=0 order=0 bound=1
2026.10.06-02.19.09 TAG fighter=f-1-sk0 bbox=(1201,427,1285,449) mode=compact look=P2 placement=above ring=0 hardPx2=0 softPx2=0 order=1 bound=1
2026.10.06-02.19.09 ICON fighter=f-1-hero bbox=(1217,541,1249,573) size=32 src=combat anchor=right fallback=0 overlapPx2=0 texture=/Game/S08/UI/IconsV3/T_IV3_action_attack_token_32.T_IV3_action_attack_token_32
2026.10.06-02.19.09 SNAPSHOT applied seq=107 phase=COMBAT_RESOLVE
2026.10.06-02.19.09 HANDLE_APPLIED #146 seq=107 decision=2 fightersValid=1 boardValid=1
2026.10.06-02.19.09 MODE seq=107 mode=5 combat=1 pending=1
2026.10.06-02.19.09 MS-OPP verb=ability seq=107
2026.10.06-02.19.09 HUD seq=107 phase=COMBAT_RESOLVE turn=you hand=1 oppHand=6(hidden) oppDeck=7~ deck=15~ discard=14
2026.10.06-02.19.09 MS-STATUS seq=107 text="Waiting for the opponent's choice"
2026.10.06-02.19.09 RESOLVE panel revealed: A1+B0 vs D3
2026.10.06-02.19.09 RESOLVE panel blocked by pending (type=MOVE id=cmq7d7b1e00o5wi74xmy8zb0v-after-0-p0)
2026.10.06-02.19.09 ARTPREVIEW fighter=Medusa hero=1 eligible=0 visual=1 mesh=SK_Medusa_H2LD
2026.10.06-02.19.09 FIGHTERS synced n=6 alive=6 own=4 enemy=2
2026.10.06-02.19.09 WS seq=107 phase=COMBAT_RESOLVE (apply)
2026.10.06-02.19.09 TAG fighter=f-0-hero bbox=(977,622,1079,644) mode=compact look=P1 placement=left ring=0 hardPx2=0 softPx2=0 order=5 bound=1
2026.10.06-02.19.09 TAG fighter=f-0-sk0 bbox=(509,496,593,518) mode=compact look=P1 placement=above ring=0 hardPx2=0 softPx2=0 order=3 bound=1
2026.10.06-02.19.09 TAG fighter=f-0-sk1 bbox=(396,458,480,480) mode=compact look=P1 placement=above ring=0 hardPx2=0 softPx2=0 order=2 bound=1
2026.10.06-02.19.09 TAG fighter=f-0-sk2 bbox=(308,584,392,606) mode=compact look=P1 placement=left ring=0 hardPx2=0 softPx2=0 order=4 bound=1
2026.10.06-02.19.09 TAG fighter=f-1-hero bbox=(1036,519,1129,541) mode=compact look=P2 placement=left ring=0 hardPx2=0 softPx2=0 order=0 bound=1
2026.10.06-02.19.09 TAG fighter=f-1-sk0 bbox=(1201,427,1285,449) mode=compact look=P2 placement=above ring=0 hardPx2=0 softPx2=0 order=1 bound=1
2026.10.06-02.19.09 ICON fighter=f-1-hero bbox=(1217,541,1249,573) size=32 src=combat anchor=right fallback=0 overlapPx2=0 texture=/Game/S08/UI/IconsV3/T_IV3_action_attack_token_32.T_IV3_action_attack_token_32
2026.10.06-02.19.10 SNAPSHOT applied seq=108 phase=ACTION_MANEUVER
2026.10.06-02.19.10 HANDLE_APPLIED #147 seq=108 decision=2 fightersValid=1 boardValid=1
2026.10.06-02.19.10 COMBAT-RESULT seq=108 damage=0 role=attacked
2026.10.06-02.19.10 COMBAT-LOG seq=108 log=108 n=12 entries=2 lines=2 src=log outcomes=APPLIED:1,CHOICE:1
2026.10.06-02.19.10 CUE combat seq=108 stage=start t=70072 attacker=f-0-hero target=f-1-hero text=1 lines=2 damage=0 lethal=0 shown=0 speed=1.00 flip=620 contact=333 src=notify a=1 d=3 outcome=hold
2026.10.06-02.19.10 CUE fx id=CUE-010 subject=scene seq=108 t=70072 vfx=none sfx=missing clip=none mat=none socket=- reduced=0 result=fallback
2026.10.06-02.19.10 CUE sound id=CUE-010 point=cue subject=card.attack seq=108 t=70072 event_t=70072 dt=0 class=SFX sound=SW_CRD_FLIP_03 gain=0.80 result=played
2026.10.06-02.19.10 CUE sound id=CUE-010 point=cue subject=card.defense seq=108 t=70072 event_t=70072 dt=0 class=SFX sound=SW_CRD_FLIP_01 gain=0.80 result=played
2026.10.06-02.19.10 RESOLVE panel revealed: A1+B0 vs D3
2026.10.06-02.19.10 closed mode=
2026.10.06-02.19.10 MODE seq=108 mode=0 combat=0 pending=0
2026.10.06-02.19.10 MS-OPP verb=none seq=108
2026.10.06-02.19.10 MS-LAST enter seq=108 player=cmuhntiwu0001wib0z281rpa8 source=EFFECT moves=0 boost=-1
2026.10.06-02.19.10 CUE sound id=CUE-005 point=cue subject=hand.own seq=108 t=70072 event_t=70072 dt=0 class=SFX sound=SW_CRD_DRAW_03 gain=0.80 result=played
2026.10.06-02.19.10 HUD seq=108 phase=ACTION_MANEUVER turn=you hand=2 oppHand=6(hidden) oppDeck=7~ deck=15~ discard=14
2026.10.06-02.19.10 MS-STATUS seq=108 text="Choose an action: maneuver (M), attack (A) or scheme (G)"
2026.10.06-02.19.10 ARTPREVIEW fighter=Medusa hero=1 eligible=0 visual=1 mesh=SK_Medusa_H2LD
2026.10.06-02.19.10 FIGHTERS synced n=6 alive=6 own=4 enemy=2
2026.10.06-02.19.10 WS seq=108 phase=ACTION_MANEUVER (apply)
2026.10.06-02.19.10 MS-LAST show seq=108 mode=restore player=cmuhntiwu0001wib0z281rpa8 from=- to=-
2026.10.06-02.19.10 MS-LOG seq=108 moves=0 truncated=0 text="King Arthur: Divine Intervention effect: no movement"
2026.10.06-02.19.10 S09AUTO drive mode=0 plan=[attack+scheme] phase=ACTION_MANEUVER turn=cmuhntivg0000wib0anhqyswc
2026.10.06-02.19.10 S09AUTO scheme
2026.10.06-02.19.10 HUD-TRACK chosen=scheme seq=108 spent=1
2026.10.06-02.19.10 HUD-TRACK own=2/2 server=1 local=1 opp=0/2 oppVisible=0 anim=spend/- seq=108 frame=1995
2026.10.06-02.19.10 TAG fighter=f-0-hero bbox=(977,622,1079,644) mode=compact look=P1 placement=left ring=0 hardPx2=0 softPx2=0 order=5 bound=1
2026.10.06-02.19.10 TAG fighter=f-0-sk0 bbox=(509,496,593,518) mode=compact look=P1 placement=above ring=0 hardPx2=0 softPx2=0 order=3 bound=1
2026.10.06-02.19.10 TAG fighter=f-0-sk1 bbox=(396,458,480,480) mode=compact look=P1 placement=above ring=0 hardPx2=0 softPx2=0 order=2 bound=1
2026.10.06-02.19.10 TAG fighter=f-0-sk2 bbox=(308,584,392,606) mode=compact look=P1 placement=left ring=0 hardPx2=0 softPx2=0 order=4 bound=1
2026.10.06-02.19.10 TAG fighter=f-1-hero bbox=(1036,519,1129,541) mode=compact look=P2 placement=left ring=0 hardPx2=0 softPx2=0 order=0 bound=1
2026.10.06-02.19.10 TAG fighter=f-1-sk0 bbox=(1201,427,1285,449) mode=compact look=P2 placement=above ring=0 hardPx2=0 softPx2=0 order=1 bound=1
2026.10.06-02.19.10 ICON fighter=f-1-hero bbox=(1217,541,1249,573) size=32 src=combat anchor=right fallback=0 overlapPx2=0 texture=/Game/S08/UI/IconsV3/T_IV3_action_attack_token_32.T_IV3_action_attack_token_32
2026.10.06-02.19.10 SNAPSHOT applied seq=109 phase=ACTION_MANEUVER
2026.10.06-02.19.10 HANDLE_APPLIED #148 seq=109 decision=2 fightersValid=1 boardValid=1
2026.10.06-02.19.10 closed mode=
2026.10.06-02.19.10 MODE seq=109 mode=6 combat=0 pending=1
2026.10.06-02.19.10 MS-PENDING present=modal id=cmq7d7b4200rcwi74qgawzf62-fullText-0-p0 opens=0 collapsed=0 type=TARGET_FIGHTER
2026.10.06-02.19.10 MS-TRACK own=2/2 opp=0/2 oppVisible=0 seq=109
2026.10.06-02.19.10 HUD-SLOT show seq=109 ribbon=scheme owner=own card="A Momentary Glance" count=1 fly=200 hold=0 min=700 reduced=0
2026.10.06-02.19.10 CUE sound id=CUE-006 point=cue subject=cmuhntivg0000wib0anhqyswc seq=109 t=70205 event_t=70205 dt=0 class=SFX sound=SW_CRD_SCHEME_01 gain=0.80 result=played bank=CRD-SCHEME
2026.10.06-02.19.10 VO event=CARD-GLANCE speaker=MEDUSA t=70205 result=skipped line=- prio=2 reason=chance
2026.10.06-02.19.10 HUD seq=109 phase=ACTION_MANEUVER turn=you hand=1 oppHand=6(hidden) oppDeck=7 deck=14 discard=15
2026.10.06-02.19.10 MS-STATUS seq=109 text="Choose a target (up to 1)"
2026.10.06-02.19.10 ARTPREVIEW fighter=Medusa hero=1 eligible=0 visual=1 mesh=SK_Medusa_H2LD
2026.10.06-02.19.10 FIGHTERS synced n=6 alive=6 own=4 enemy=2
2026.10.06-02.19.10 SCHEME done seq=109 (apply) phase=ACTION_MANEUVER
2026.10.06-02.19.10 SNAPSHOT applied seq=109 phase=ACTION_MANEUVER
2026.10.06-02.19.10 HANDLE_APPLIED #149 seq=109 decision=1 fightersValid=1 boardValid=1
2026.10.06-02.19.10 MODE seq=109 mode=6 combat=0 pending=1
2026.10.06-02.19.10 HUD seq=109 phase=ACTION_MANEUVER turn=you hand=1 oppHand=6(hidden) oppDeck=7 deck=14 discard=15
2026.10.06-02.19.10 ARTPREVIEW fighter=Medusa hero=1 eligible=0 visual=1 mesh=SK_Medusa_H2LD
2026.10.06-02.19.10 FIGHTERS synced n=6 alive=6 own=4 enemy=2
2026.10.06-02.19.10 WS seq=109 phase=ACTION_MANEUVER (merge)
2026.10.06-02.19.10 HUD-TRACK own=2/2 server=2 local=0 opp=0/2 oppVisible=0 anim=-/- seq=109 frame=1998
2026.10.06-02.19.10 HUD-HAND lower=1 pick=target cursor=board preview=hidden seq=109
2026.10.06-02.19.10 TAG fighter=f-0-hero bbox=(977,622,1079,644) mode=compact look=P1 placement=left ring=0 hardPx2=0 softPx2=0 order=5 bound=1
2026.10.06-02.19.10 TAG fighter=f-0-sk0 bbox=(509,496,593,518) mode=compact look=P1 placement=above ring=0 hardPx2=0 softPx2=0 order=3 bound=1
2026.10.06-02.19.10 TAG fighter=f-0-sk1 bbox=(396,458,480,480) mode=compact look=P1 placement=above ring=0 hardPx2=0 softPx2=0 order=2 bound=1
2026.10.06-02.19.10 TAG fighter=f-0-sk2 bbox=(308,584,392,606) mode=compact look=P1 placement=left ring=0 hardPx2=0 softPx2=0 order=4 bound=1
2026.10.06-02.19.10 TAG fighter=f-1-hero bbox=(1036,519,1129,541) mode=compact look=P2 placement=left ring=0 hardPx2=0 softPx2=0 order=0 bound=1
2026.10.06-02.19.10 TAG fighter=f-1-sk0 bbox=(1201,427,1285,449) mode=compact look=P2 placement=above ring=0 hardPx2=0 softPx2=0 order=1 bound=1
2026.10.06-02.19.10 ICON fighter=f-1-hero bbox=(1217,541,1249,573) size=32 src=combat anchor=right fallback=0 overlapPx2=0 texture=/Game/S08/UI/IconsV3/T_IV3_action_attack_token_32.T_IV3_action_attack_token_32
2026.10.06-02.19.10 TAG fighter=f-0-hero bbox=(977,622,1079,644) mode=compact look=P1 placement=left ring=0 hardPx2=0 softPx2=0 order=5 bound=1
2026.10.06-02.19.10 TAG fighter=f-0-sk0 bbox=(509,496,593,518) mode=compact look=P1 placement=above ring=0 hardPx2=0 softPx2=0 order=3 bound=1
2026.10.06-02.19.10 TAG fighter=f-0-sk1 bbox=(396,458,480,480) mode=compact look=P1 placement=above ring=0 hardPx2=0 softPx2=0 order=2 bound=1
2026.10.06-02.19.10 TAG fighter=f-0-sk2 bbox=(308,584,392,606) mode=compact look=P1 placement=left ring=0 hardPx2=0 softPx2=0 order=4 bound=1
2026.10.06-02.19.10 TAG fighter=f-1-hero bbox=(1036,519,1129,541) mode=compact look=P2 placement=left ring=0 hardPx2=0 softPx2=0 order=0 bound=1
2026.10.06-02.19.10 TAG fighter=f-1-sk0 bbox=(1201,427,1285,449) mode=compact look=P2 placement=above ring=0 hardPx2=0 softPx2=0 order=1 bound=1
2026.10.06-02.19.10 ICON fighter=f-1-hero bbox=(1217,541,1249,573) size=32 src=combat anchor=right fallback=0 overlapPx2=0 texture=/Game/S08/UI/IconsV3/T_IV3_action_attack_token_32.T_IV3_action_attack_token_32
2026.10.06-02.19.10 CUE fx done id=CUE-009 subject=f-1-hero seq=106 t=70338 ms=500 cut=0
2026.10.06-02.19.10 TAG fighter=f-0-hero bbox=(977,622,1079,644) mode=compact look=P1 placement=left ring=0 hardPx2=0 softPx2=0 order=5 bound=1
2026.10.06-02.19.10 TAG fighter=f-0-sk0 bbox=(509,496,593,518) mode=compact look=P1 placement=above ring=0 hardPx2=0 softPx2=0 order=3 bound=1
2026.10.06-02.19.10 TAG fighter=f-0-sk1 bbox=(396,458,480,480) mode=compact look=P1 placement=above ring=0 hardPx2=0 softPx2=0 order=2 bound=1
2026.10.06-02.19.10 TAG fighter=f-0-sk2 bbox=(308,584,392,606) mode=compact look=P1 placement=left ring=0 hardPx2=0 softPx2=0 order=4 bound=1
2026.10.06-02.19.10 TAG fighter=f-1-hero bbox=(1036,519,1129,541) mode=compact look=P2 placement=left ring=0 hardPx2=0 softPx2=0 order=0 bound=1
2026.10.06-02.19.10 TAG fighter=f-1-sk0 bbox=(1201,427,1285,449) mode=compact look=P2 placement=above ring=0 hardPx2=0 softPx2=0 order=1 bound=1
2026.10.06-02.19.10 ICON fighter=f-1-hero bbox=(1217,541,1249,573) size=32 src=combat anchor=right fallback=0 overlapPx2=0 texture=/Game/S08/UI/IconsV3/T_IV3_action_attack_token_32.T_IV3_action_attack_token_32
2026.10.06-02.19.10 TAG fighter=f-0-hero bbox=(977,622,1079,644) mode=compact look=P1 placement=left ring=0 hardPx2=0 softPx2=0 order=5 bound=1
2026.10.06-02.19.10 TAG fighter=f-0-sk0 bbox=(509,496,593,518) mode=compact look=P1 placement=above ring=0 hardPx2=0 softPx2=0 order=3 bound=1
2026.10.06-02.19.10 TAG fighter=f-0-sk1 bbox=(396,458,480,480) mode=compact look=P1 placement=above ring=0 hardPx2=0 softPx2=0 order=2 bound=1
2026.10.06-02.19.10 TAG fighter=f-0-sk2 bbox=(308,584,392,606) mode=compact look=P1 placement=left ring=0 hardPx2=0 softPx2=0 order=4 bound=1
2026.10.06-02.19.10 TAG fighter=f-1-hero bbox=(1036,519,1129,541) mode=compact look=P2 placement=left ring=0 hardPx2=0 softPx2=0 order=0 bound=1
2026.10.06-02.19.10 TAG fighter=f-1-sk0 bbox=(1201,427,1285,449) mode=compact look=P2 placement=above ring=0 hardPx2=0 softPx2=0 order=1 bound=1
2026.10.06-02.19.10 ICON fighter=f-1-hero bbox=(1217,541,1249,573) size=32 src=combat anchor=right fallback=0 overlapPx2=0 texture=/Game/S08/UI/IconsV3/T_IV3_action_attack_token_32.T_IV3_action_attack_token_32
2026.10.06-02.19.10 TAG fighter=f-0-hero bbox=(977,622,1079,644) mode=compact look=P1 placement=left ring=0 hardPx2=0 softPx2=0 order=5 bound=1
2026.10.06-02.19.10 TAG fighter=f-0-sk0 bbox=(509,496,593,518) mode=compact look=P1 placement=above ring=0 hardPx2=0 softPx2=0 order=3 bound=1
2026.10.06-02.19.10 TAG fighter=f-0-sk1 bbox=(396,458,480,480) mode=compact look=P1 placement=above ring=0 hardPx2=0 softPx2=0 order=2 bound=1
2026.10.06-02.19.10 TAG fighter=f-0-sk2 bbox=(308,584,392,606) mode=compact look=P1 placement=left ring=0 hardPx2=0 softPx2=0 order=4 bound=1
2026.10.06-02.19.10 TAG fighter=f-1-hero bbox=(1036,519,1129,541) mode=compact look=P2 placement=left ring=0 hardPx2=0 softPx2=0 order=0 bound=1
2026.10.06-02.19.10 TAG fighter=f-1-sk0 bbox=(1201,427,1285,449) mode=compact look=P2 placement=above ring=0 hardPx2=0 softPx2=0 order=1 bound=1
2026.10.06-02.19.10 ICON fighter=f-1-hero bbox=(1217,541,1249,573) size=32 src=combat anchor=right fallback=0 overlapPx2=0 texture=/Game/S08/UI/IconsV3/T_IV3_action_attack_token_32.T_IV3_action_attack_token_32
2026.10.06-02.19.10 SFX bank=FX-GAZE-BEAM tag=scheme class=SFX t=70681 sound=SW_FX_GAZE_BEAM_01 gain=0.80
2026.10.06-02.19.10 S09AUTO run-e shot s09-card-slot-own.png
2026.10.06-02.19.10 SHOT ctx viewport=1920x1080 viewTarget=CameraActor_2147482025 cam=(0,1342,1917) rot=(-55,-90,0)
2026.10.06-02.19.10 RENDER tag=SHOT rhi=D3D12 featureLevel=SM6 shaderPlatform=PCD3D_SM6 lumenPlatform=1 gi=lumen giMethod=1 refl=lumen reflMethod=1 shadows=csm vsmEnable=0 sg.res=100 sg.view=2 sg.aa=2 sg.shadow=2 sg.gi=2 sg.refl=2 sg.pp=2 sg.tex=2 sg.fx=2 sg.foliage=2 sg.shading=2 sg.landscape=2 preset=High screenPct=100.0 screenPctMode=0 aa=TSR aaMethod=4 exposure=fixed-histogram expMin=4.14106 expMax=4.14106 expBias=0.000 ev100=2.05 lightUnits=candelas sky=1 skyIntensity=3.000 keyShadow=csm-3600uu-2c-contact0.000 shadowCasters=1 profile=sarpedon-night profilesSha256=0a3417258f46ad3d99620bcbabd1b37615192b7a59f090c77515189845b33bb7 profilesSource=pak legacyRender=0 gameLayer=unlit-eyeadaptinv tMaxFPS=30.0 vsync=0 frameRateLimit=60.0 substrate=0 nanite=1 meshDF=1 viewport=1920x1080 reference=1
2026.10.06-02.19.10 SHOT fighter f-0-hero pos=(5,4) world=(119,141,0) screen=(1120,695) projected=1 alive=1
2026.10.06-02.19.10 SHOT fighter f-0-sk0 pos=(1,3) world=(-309,33,0) screen=(555,576) projected=1 alive=1
2026.10.06-02.19.10 SHOT fighter f-0-sk1 pos=(0,2) world=(-398,-3,0) screen=(442,537) projected=1 alive=1
2026.10.06-02.19.10 SHOT fighter f-0-sk2 pos=(0,3) world=(-394,92,0) screen=(435,640) projected=1 alive=1
2026.10.06-02.19.10 SHOT fighter f-1-hero pos=(6,3) world=(159,52,0) screen=(1169,596) projected=1 alive=1
2026.10.06-02.19.10 SHOT fighter f-1-sk0 pos=(6,2) world=(217,-26,0) screen=(1240,512) projected=1 alive=1
2026.10.06-02.19.10 SHOT camera dist=2340.2 target=2340.2 overview=2340.2 errPct=0.000 focusErr=0.00 settled=1 zoom=1.00
2026.10.06-02.19.10 SHOT head fighter=f-0-hero socket=Head mesh=SK_Medusa_H2LD world=(118.4,139.5,47.0) screen=(1122.3,659.6) top=(1122.7,655.1) bottom=(1122.0,664.0) headPx=8.9 projected=1
2026.10.06-02.19.10 SHOT head fighter=f-0-sk0 socket=Head mesh=SK_Harpy_H3LD world=(-308.3,28.0,34.0) screen=(551.2,544.6) top=(550.3,540.1) bottom=(552.1,549.2) headPx=9.3 projected=1
2026.10.06-02.19.10 SHOT head fighter=f-0-sk1 socket=Head mesh=SK_Harpy_H3LD world=(-398.5,2.6,33.9) screen=(435.0,517.2) top=(433.8,512.6) bottom=(436.1,521.8) headPx=9.4 projected=1
2026.10.06-02.19.10 SHOT head fighter=f-0-sk2 socket=Head mesh=SK_Harpy_H3LD world=(-394.3,86.8,34.2) screen=(429.3,609.3) top=(428.2,604.8) bottom=(430.5,613.8) headPx=9.3 projected=1
2026.10.06-02.19.10 SHOT head fighter=f-1-hero socket=Head mesh=SK_KingArthur_H2LD world=(158.6,52.0,50.0) screen=(1172.8,558.6) top=(1173.2,554.0) bottom=(1172.3,563.2) headPx=9.2 projected=1
2026.10.06-02.19.10 SHOT head fighter=f-1-sk0 socket=Head mesh=SK_Merlin_H2LD world=(216.9,-23.1,36.5) screen=(1244.2,487.8) top=(1244.8,483.2) bottom=(1243.6,492.4) headPx=9.3 projected=1
2026.10.06-02.19.10 SHOT figure fighter=f-0-hero bbox=(1081,622,1164,728) ringR=28.50 art=1 blockout=0 team=P1 look=P1 ring=1
2026.10.06-02.19.10 SHOT figure fighter=f-0-sk0 bbox=(516,520,586,600) ringR=22.23 art=1 blockout=0 team=P1 look=P1 ring=1
2026.10.06-02.19.10 SHOT figure fighter=f-0-sk1 bbox=(402,482,474,561) ringR=22.23 art=1 blockout=0 team=P1 look=P1 ring=1
2026.10.06-02.19.10 SHOT figure fighter=f-0-sk2 bbox=(394,584,467,665) ringR=22.23 art=1 blockout=0 team=P1 look=P1 ring=1
2026.10.06-02.19.10 SHOT figure fighter=f-1-hero bbox=(1131,519,1214,627) ringR=28.50 art=1 blockout=0 team=P2 look=P2 ring=1
2026.10.06-02.19.10 SHOT figure fighter=f-1-sk0 bbox=(1210,451,1276,536) ringR=22.23 art=1 blockout=0 team=P2 look=P2 ring=1
2026.10.06-02.19.10 SHOT request file=s09-card-slot-own.png frame=2011
2026.10.06-02.19.10 SHOT requested: FScreenshotRequest(bShowUI) -> C:\Users\ren\AppData\Local\Temp\s09-combat-20261006-071758-37616\host/s09-card-slot-own.png
2026.10.06-02.19.10 SHOT captured file=s09-card-slot-own.png frame=2011 px=1920x1080 sha256=d3a978cbbee50a80b8c5d50aa9779cc491dc06758a69c823072fb3297ea2fdca order=BGRA saved=1
2026.10.06-02.19.10 SHOT late begin file=s09-card-slot-own.png frame=2011 requestFrame=2011
2026.10.06-02.19.10 SHOT icon fighter=f-1-hero bbox=(1217,541,1249,573) size=32 src=combat planned=(1217,541,1249,573) geom=painted visible=1 anchor=right fallback=0 overlapPx2=0 texture=/Game/S08/UI/IconsV3/T_IV3_action_attack_token_32.T_IV3_action_attack_token_32 frame=2011
2026.10.06-02.19.10 SHOT widget id=icon impl=umg-motion state=combat fighter=f-1-hero bbox=(1217,541,1249,573) geom=painted visible=1 twin=0 source=S08AnimatedIconWidget:action-attack-token frame=2011
2026.10.06-02.19.10 SHOT widget id=board.tag impl=umg state=compact fighter=f-0-hero bbox=(977,622,1079,644) geom=painted visible=1 twin=0 source=/Game/S08/UI/ArtHud/WBP_S08ArtTag mode=compact look=P1 shape=circle placement=left ring=0 order=5 bound=1 softPx2=0 planned=(977,622,1079,644) frame=2011
2026.10.06-02.19.10 SHOT widget id=board.tag.hp impl=umg state=compact fighter=f-0-hero bbox=(1033,624,1075,642) geom=painted visible=1 twin=0 source=/Game/S08/UI/ArtHud/WBP_S08ArtTag mode=compact look=P1 shape=circle placement=left ring=0 order=5 bound=1 softPx2=0 planned=(977,622,1079,644) frame=2011 font=11
2026.10.06-02.19.10 SHOT widget id=board.tag.bar impl=umg state=compact fighter=f-0-hero bbox=(996,631,1030,636) geom=painted visible=1 twin=0 source=/Game/S08/UI/ArtHud/WBP_S08ArtTag mode=compact look=P1 shape=circle placement=left ring=0 order=5 bound=1 softPx2=0 planned=(977,622,1079,644) frame=2011
2026.10.06-02.19.10 SHOT widget id=board.tag.chip impl=umg state=compact fighter=f-0-hero bbox=(981,627,993,639) geom=painted visible=1 twin=0 source=/Game/S08/UI/ArtHud/WBP_S08ArtTag mode=compact look=P1 shape=circle placement=left ring=0 order=5 bound=1 softPx2=0 planned=(977,622,1079,644) frame=2011
2026.10.06-02.19.10 SHOT widget id=board.tag impl=umg state=compact fighter=f-0-sk0 bbox=(509,496,593,518) geom=painted visible=1 twin=0 source=/Game/S08/UI/ArtHud/WBP_S08ArtTag mode=compact look=P1 shape=circle placement=above ring=0 order=3 bound=1 softPx2=0 planned=(509,496,593,518) frame=2011
2026.10.06-02.19.10 SHOT widget id=board.tag.hp impl=umg state=compact fighter=f-0-sk0 bbox=(565,498,589,516) geom=painted visible=1 twin=0 source=/Game/S08/UI/ArtHud/WBP_S08ArtTag mode=compact look=P1 shape=circle placement=above ring=0 order=3 bound=1 softPx2=0 planned=(509,496,593,518) frame=2011 font=11
2026.10.06-02.19.10 SHOT widget id=board.tag.bar impl=umg state=compact fighter=f-0-sk0 bbox=(528,505,562,510) geom=painted visible=1 twin=0 source=/Game/S08/UI/ArtHud/WBP_S08ArtTag mode=compact look=P1 shape=circle placement=above ring=0 order=3 bound=1 softPx2=0 planned=(509,496,593,518) frame=2011
2026.10.06-02.19.10 SHOT widget id=board.tag.chip impl=umg state=compact fighter=f-0-sk0 bbox=(513,501,525,513) geom=painted visible=1 twin=0 source=/Game/S08/UI/ArtHud/WBP_S08ArtTag mode=compact look=P1 shape=circle placement=above ring=0 order=3 bound=1 softPx2=0 planned=(509,496,593,518) frame=2011
2026.10.06-02.19.10 SHOT widget id=board.tag impl=umg state=compact fighter=f-0-sk1 bbox=(396,458,480,480) geom=painted visible=1 twin=0 source=/Game/S08/UI/ArtHud/WBP_S08ArtTag mode=compact look=P1 shape=circle placement=above ring=0 order=2 bound=1 softPx2=0 planned=(396,458,480,480) frame=2011
2026.10.06-02.19.10 SHOT widget id=board.tag.hp impl=umg state=compact fighter=f-0-sk1 bbox=(452,460,476,478) geom=painted visible=1 twin=0 source=/Game/S08/UI/ArtHud/WBP_S08ArtTag mode=compact look=P1 shape=circle placement=above ring=0 order=2 bound=1 softPx2=0 planned=(396,458,480,480) frame=2011 font=11
2026.10.06-02.19.10 SHOT widget id=board.tag.bar impl=umg state=compact fighter=f-0-sk1 bbox=(415,467,449,472) geom=painted visible=1 twin=0 source=/Game/S08/UI/ArtHud/WBP_S08ArtTag mode=compact look=P1 shape=circle placement=above ring=0 order=2 bound=1 softPx2=0 planned=(396,458,480,480) frame=2011
2026.10.06-02.19.10 SHOT widget id=board.tag.chip impl=umg state=compact fighter=f-0-sk1 bbox=(400,463,412,475) geom=painted visible=1 twin=0 source=/Game/S08/UI/ArtHud/WBP_S08ArtTag mode=compact look=P1 shape=circle placement=above ring=0 order=2 bound=1 softPx2=0 planned=(396,458,480,480) frame=2011
2026.10.06-02.19.10 SHOT widget id=board.tag impl=umg state=compact fighter=f-0-sk2 bbox=(308,584,392,606) geom=painted visible=1 twin=0 source=/Game/S08/UI/ArtHud/WBP_S08ArtTag mode=compact look=P1 shape=circle placement=left ring=0 order=4 bound=1 softPx2=0 planned=(308,584,392,606) frame=2011
2026.10.06-02.19.10 SHOT widget id=board.tag.hp impl=umg state=compact fighter=f-0-sk2 bbox=(364,586,388,604) geom=painted visible=1 twin=0 source=/Game/S08/UI/ArtHud/WBP_S08ArtTag mode=compact look=P1 shape=circle placement=left ring=0 order=4 bound=1 softPx2=0 planned=(308,584,392,606) frame=2011 font=11
2026.10.06-02.19.10 SHOT widget id=board.tag.bar impl=umg state=compact fighter=f-0-sk2 bbox=(327,593,361,598) geom=painted visible=1 twin=0 source=/Game/S08/UI/ArtHud/WBP_S08ArtTag mode=compact look=P1 shape=circle placement=left ring=0 order=4 bound=1 softPx2=0 planned=(308,584,392,606) frame=2011
2026.10.06-02.19.10 SHOT widget id=board.tag.chip impl=umg state=compact fighter=f-0-sk2 bbox=(312,589,324,601) geom=painted visible=1 twin=0 source=/Game/S08/UI/ArtHud/WBP_S08ArtTag mode=compact look=P1 shape=circle placement=left ring=0 order=4 bound=1 softPx2=0 planned=(308,584,392,606) frame=2011
2026.10.06-02.19.10 SHOT widget id=board.tag impl=umg state=compact fighter=f-1-hero bbox=(1036,519,1129,541) geom=painted visible=1 twin=0 source=/Game/S08/UI/ArtHud/WBP_S08ArtTag mode=compact look=P2 shape=hex placement=left ring=0 order=0 bound=1 softPx2=0 planned=(1036,519,1129,541) frame=2011
2026.10.06-02.19.10 SHOT widget id=board.tag.hp impl=umg state=compact fighter=f-1-hero bbox=(1092,521,1125,539) geom=painted visible=1 twin=0 source=/Game/S08/UI/ArtHud/WBP_S08ArtTag mode=compact look=P2 shape=hex placement=left ring=0 order=0 bound=1 softPx2=0 planned=(1036,519,1129,541) frame=2011 font=11
2026.10.06-02.19.10 SHOT widget id=board.tag.bar impl=umg state=compact fighter=f-1-hero bbox=(1055,528,1089,533) geom=painted visible=1 twin=0 source=/Game/S08/UI/ArtHud/WBP_S08ArtTag mode=compact look=P2 shape=hex placement=left ring=0 order=0 bound=1 softPx2=0 planned=(1036,519,1129,541) frame=2011
2026.10.06-02.19.10 SHOT widget id=board.tag.chip impl=umg state=compact fighter=f-1-hero bbox=(1040,524,1052,536) geom=painted visible=1 twin=0 source=/Game/S08/UI/ArtHud/WBP_S08ArtTag mode=compact look=P2 shape=hex placement=left ring=0 order=0 bound=1 softPx2=0 planned=(1036,519,1129,541) frame=2011
2026.10.06-02.19.10 SHOT widget id=board.tag impl=umg state=compact fighter=f-1-sk0 bbox=(1201,427,1285,449) geom=painted visible=1 twin=0 source=/Game/S08/UI/ArtHud/WBP_S08ArtTag mode=compact look=P2 shape=hex placement=above ring=0 order=1 bound=1 softPx2=0 planned=(1201,427,1285,449) frame=2011
2026.10.06-02.19.10 SHOT widget id=board.tag.hp impl=umg state=compact fighter=f-1-sk0 bbox=(1257,429,1281,447) geom=painted visible=1 twin=0 source=/Game/S08/UI/ArtHud/WBP_S08ArtTag mode=compact look=P2 shape=hex placement=above ring=0 order=1 bound=1 softPx2=0 planned=(1201,427,1285,449) frame=2011 font=11
2026.10.06-02.19.10 SHOT widget id=board.tag.bar impl=umg state=compact fighter=f-1-sk0 bbox=(1220,436,1254,441) geom=painted visible=1 twin=0 source=/Game/S08/UI/ArtHud/WBP_S08ArtTag mode=compact look=P2 shape=hex placement=above ring=0 order=1 bound=1 softPx2=0 planned=(1201,427,1285,449) frame=2011
2026.10.06-02.19.10 SHOT widget id=board.tag.chip impl=umg state=compact fighter=f-1-sk0 bbox=(1205,432,1217,444) geom=painted visible=1 twin=0 source=/Game/S08/UI/ArtHud/WBP_S08ArtTag mode=compact look=P2 shape=hex placement=above ring=0 order=1 bound=1 softPx2=0 planned=(1201,427,1285,449) frame=2011
2026.10.06-02.19.10 SHOT panel id=hud.command bbox=(0,0,731,87) geom=painted visible=1 frame=2011
2026.10.06-02.19.10 SHOT panel id=hud.side bbox=(1410,0,1920,153) geom=painted visible=1 frame=2011
2026.10.06-02.19.10 SHOT panel id=hud.hand bbox=(669,945,1252,1140) geom=painted visible=1 frame=2011
2026.10.06-02.19.10 SHOT late end file=s09-card-slot-own.png frame=2011
2026.10.06-02.19.11 S09AUTO drive mode=6 plan=[attack+scheme] phase=ACTION_MANEUVER turn=cmuhntivg0000wib0anhqyswc
2026.10.06-02.19.11 PEND-RESOLVE sent type=TARGET_FIGHTER stage=0 id=cmq7d7b4200rcwi74qgawzf62-fullText-0-p0
2026.10.06-02.19.11 MS-STATUS seq=109 text="Syncing…"
2026.10.06-02.19.11 S09AUTO pending picked (type=TARGET_FIGHTER stage=0)
2026.10.06-02.19.11 TOAST text="choice sent"
2026.10.06-02.19.11 HUD plate content fighter=f-0-hero name=Medusa hp=16/16 team=own statuses=HERO  |  RANGED teamSlot=P1 look=P1 shape=circle chip=#DAC576
2026.10.06-02.19.11 PLATE fighter=f-0-hero bbox=(1031,734,1203,788) overlapReachable=0 placement=below ring=0 gap=6 selection=f-0-hero destinations=0 clean=1 softPx2=0 tested=112 bound=1
2026.10.06-02.19.11 TAG fighter=f-0-sk0 bbox=(509,496,593,518) mode=compact look=P1 placement=above ring=0 hardPx2=0 softPx2=0 order=3 bound=1
2026.10.06-02.19.11 TAG fighter=f-0-sk1 bbox=(396,458,480,480) mode=compact look=P1 placement=above ring=0 hardPx2=0 softPx2=0 order=2 bound=1
2026.10.06-02.19.11 TAG fighter=f-0-sk2 bbox=(308,584,392,606) mode=compact look=P1 placement=left ring=0 hardPx2=0 softPx2=0 order=4 bound=1
2026.10.06-02.19.11 TAG fighter=f-1-hero bbox=(1036,519,1129,541) mode=compact look=P2 placement=left ring=0 hardPx2=0 softPx2=0 order=0 bound=1
2026.10.06-02.19.11 TAG fighter=f-1-sk0 bbox=(1201,427,1285,449) mode=compact look=P2 placement=above ring=0 hardPx2=0 softPx2=0 order=1 bound=1
2026.10.06-02.19.11 ICON fighter=f-1-hero bbox=(1217,541,1249,573) size=32 src=combat anchor=right fallback=0 overlapPx2=0 texture=/Game/S08/UI/IconsV3/T_IV3_action_attack_token_32.T_IV3_action_attack_token_32
2026.10.06-02.19.11 SNAPSHOT applied seq=110 phase=ACTION_MANEUVER
2026.10.06-02.19.11 HANDLE_APPLIED #150 seq=110 decision=2 fightersValid=1 boardValid=1
2026.10.06-02.19.11 closed mode=
2026.10.06-02.19.11 MODE seq=110 mode=0 combat=0 pending=0
2026.10.06-02.19.11 MS-OPP verb=turn seq=110
2026.10.06-02.19.11 MS-TRACK own=0/2 opp=0/2 oppVisible=1 seq=110
2026.10.06-02.19.11 MS-LAST fade seq=108 at=110 ms=300
2026.10.06-02.19.11 CUE sound id=CUE-015 point=turn subject=- seq=110 t=71383 event_t=71383 dt=0 class=UI sound=none gain=0.80 result=silent turn=opp reason=opponent
2026.10.06-02.19.11 HUD-TURN seq=110 turn=opp initial=0 ring=marker-turn-ring flash=1000 banner=0 reduced=0
2026.10.06-02.19.11 HUD seq=110 phase=ACTION_MANEUVER turn=opp hand=1 oppHand=6(hidden) oppDeck=7~ deck=14~ discard=15
2026.10.06-02.19.11 ARTPREVIEW fighter=Medusa hero=1 eligible=0 visual=1 mesh=SK_Medusa_H2LD
2026.10.06-02.19.11 FIGHTERS synced n=6 alive=6 own=4 enemy=2
2026.10.06-02.19.11 ARTPREVIEW damage-number fighter=f-0-hero amount=2 seq=110 cell=(5,4)
2026.10.06-02.19.11 ARTPREVIEW anim fighter=f-0-hero clip=HitReact len=0.417 event=damaged loop=0 phase=0.0000 seq=110 asset=AM_Medusa_HitReact rate=1.00
2026.10.06-02.19.11 ARTPREVIEW hit-tint fighter=f-0-hero ms=450
2026.10.06-02.19.11 VO event=HURT speaker=MEDUSA t=71383 result=played line=MEDUSA-HURT-01 prio=3
2026.10.06-02.19.11 CUE damage f-0-hero -2 seq=110
2026.10.06-02.19.11 WS seq=110 phase=ACTION_MANEUVER (apply)
2026.10.06-02.19.11 CUE sound id=CUE-011 point=hit subject=f-0-hero seq=110 t=71383 event_t=71383 dt=0 class=SFX sound=SW_CMB_HIT_MAGIC_03 gain=0.80 result=played bank=CMB-HIT-MAGIC
2026.10.06-02.19.11 HUD-HEART side=own hero=f-0-hero hp=14/16 anim=damage glow=1 played=1
2026.10.06-02.19.11 HUD-TRACK own=0/2 server=0 local=0 opp=0/2 oppVisible=1 anim=reset/reset seq=110 frame=2025
2026.10.06-02.19.11 HUD-SLOT off seq=109 ribbon=scheme shown=1212 reason=done
2026.10.06-02.19.11 HUD-HAND lower=0 pick=none cursor=board preview=shown seq=110
2026.10.06-02.19.11 PLATE hidden fighter=f-0-hero
2026.10.06-02.19.11 TAG fighter=f-0-hero bbox=(977,622,1079,644) mode=compact look=P1 placement=left ring=0 hardPx2=0 softPx2=0 order=1 bound=1
2026.10.06-02.19.11 TAG fighter=f-0-sk0 bbox=(509,496,593,518) mode=compact look=P1 placement=above ring=0 hardPx2=0 softPx2=0 order=4 bound=1
2026.10.06-02.19.11 TAG fighter=f-0-sk1 bbox=(396,458,480,480) mode=compact look=P1 placement=above ring=0 hardPx2=0 softPx2=0 order=3 bound=1
2026.10.06-02.19.11 TAG fighter=f-0-sk2 bbox=(308,584,392,606) mode=compact look=P1 placement=left ring=0 hardPx2=0 softPx2=0 order=5 bound=1
2026.10.06-02.19.11 TAG fighter=f-1-hero bbox=(1036,519,1129,541) mode=compact look=P2 placement=left ring=0 hardPx2=0 softPx2=0 order=0 bound=1
2026.10.06-02.19.11 TAG fighter=f-1-sk0 bbox=(1201,427,1285,449) mode=compact look=P2 placement=above ring=0 hardPx2=0 softPx2=0 order=2 bound=1
2026.10.06-02.19.11 ICON fighter=f-1-hero bbox=(1217,541,1249,573) size=32 src=combat anchor=right fallback=0 overlapPx2=0 texture=/Game/S08/UI/IconsV3/T_IV3_action_attack_token_32.T_IV3_action_attack_token_32
2026.10.06-02.19.11 DAMAGE fighter=f-0-hero bbox=(1008,592,1048,620) amount=2 seq=110 placement=above ring=0 hardPx2=0 softPx2=0
2026.10.06-02.19.11 SNAPSHOT applied seq=110 phase=ACTION_MANEUVER
2026.10.06-02.19.11 HANDLE_APPLIED #151 seq=110 decision=1 fightersValid=1 boardValid=1
2026.10.06-02.19.11 MODE seq=110 mode=0 combat=0 pending=0
2026.10.06-02.19.11 HUD seq=110 phase=ACTION_MANEUVER turn=opp hand=1 oppHand=6(hidden) oppDeck=7 deck=14 discard=15
2026.10.06-02.19.11 MS-STATUS seq=110 text="King Arthur — Opponent is choosing an action"
2026.10.06-02.19.11 ARTPREVIEW fighter=Medusa hero=1 eligible=0 visual=1 mesh=SK_Medusa_H2LD
2026.10.06-02.19.11 FIGHTERS synced n=6 alive=6 own=4 enemy=2
2026.10.06-02.19.11 PEND resolve done seq=110 (merge) phase=ACTION_MANEUVER
2026.10.06-02.19.11 S09AUTO drive mode=0 plan=[attack+scheme] phase=ACTION_MANEUVER turn=cmuhntiwu0001wib0z281rpa8
2026.10.06-02.19.11 TAG fighter=f-0-hero bbox=(977,622,1079,644) mode=compact look=P1 placement=left ring=0 hardPx2=0 softPx2=0 order=1 bound=1
2026.10.06-02.19.11 TAG fighter=f-0-sk0 bbox=(509,496,593,518) mode=compact look=P1 placement=above ring=0 hardPx2=0 softPx2=0 order=4 bound=1
2026.10.06-02.19.11 TAG fighter=f-0-sk1 bbox=(396,458,480,480) mode=compact look=P1 placement=above ring=0 hardPx2=0 softPx2=0 order=3 bound=1
2026.10.06-02.19.11 TAG fighter=f-0-sk2 bbox=(308,584,392,606) mode=compact look=P1 placement=left ring=0 hardPx2=0 softPx2=0 order=5 bound=1
2026.10.06-02.19.11 TAG fighter=f-1-hero bbox=(1036,519,1129,541) mode=compact look=P2 placement=left ring=0 hardPx2=0 softPx2=0 order=0 bound=1
2026.10.06-02.19.11 TAG fighter=f-1-sk0 bbox=(1201,427,1285,449) mode=compact look=P2 placement=above ring=0 hardPx2=0 softPx2=0 order=2 bound=1
2026.10.06-02.19.11 ICON fighter=f-1-hero bbox=(1217,541,1249,573) size=32 src=combat anchor=right fallback=0 overlapPx2=0 texture=/Game/S08/UI/IconsV3/T_IV3_action_attack_token_32.T_IV3_action_attack_token_32
2026.10.06-02.19.11 TAG fighter=f-0-hero bbox=(977,622,1079,644) mode=compact look=P1 placement=left ring=0 hardPx2=0 softPx2=0 order=1 bound=1
2026.10.06-02.19.11 TAG fighter=f-0-sk0 bbox=(509,496,593,518) mode=compact look=P1 placement=above ring=0 hardPx2=0 softPx2=0 order=4 bound=1
2026.10.06-02.19.11 TAG fighter=f-0-sk1 bbox=(396,458,480,480) mode=compact look=P1 placement=above ring=0 hardPx2=0 softPx2=0 order=3 bound=1
2026.10.06-02.19.11 TAG fighter=f-0-sk2 bbox=(308,584,392,606) mode=compact look=P1 placement=left ring=0 hardPx2=0 softPx2=0 order=5 bound=1
2026.10.06-02.19.11 TAG fighter=f-1-hero bbox=(1036,519,1129,541) mode=compact look=P2 placement=left ring=0 hardPx2=0 softPx2=0 order=0 bound=1
2026.10.06-02.19.11 TAG fighter=f-1-sk0 bbox=(1201,427,1285,449) mode=compact look=P2 placement=above ring=0 hardPx2=0 softPx2=0 order=2 bound=1
2026.10.06-02.19.11 ICON fighter=f-1-hero bbox=(1217,541,1249,573) size=32 src=combat anchor=right fallback=0 overlapPx2=0 texture=/Game/S08/UI/IconsV3/T_IV3_action_attack_token_32.T_IV3_action_attack_token_32
2026.10.06-02.19.11 TAG fighter=f-0-hero bbox=(977,622,1079,644) mode=compact look=P1 placement=left ring=0 hardPx2=0 softPx2=0 order=1 bound=1
2026.10.06-02.19.11 TAG fighter=f-0-sk0 bbox=(509,496,593,518) mode=compact look=P1 placement=above ring=0 hardPx2=0 softPx2=0 order=4 bound=1
2026.10.06-02.19.11 TAG fighter=f-0-sk1 bbox=(396,458,480,480) mode=compact look=P1 placement=above ring=0 hardPx2=0 softPx2=0 order=3 bound=1
2026.10.06-02.19.11 TAG fighter=f-0-sk2 bbox=(308,584,392,606) mode=compact look=P1 placement=left ring=0 hardPx2=0 softPx2=0 order=5 bound=1
2026.10.06-02.19.11 TAG fighter=f-1-hero bbox=(1036,519,1129,541) mode=compact look=P2 placement=left ring=0 hardPx2=0 softPx2=0 order=0 bound=1
2026.10.06-02.19.11 TAG fighter=f-1-sk0 bbox=(1201,427,1285,449) mode=compact look=P2 placement=above ring=0 hardPx2=0 softPx2=0 order=2 bound=1
2026.10.06-02.19.11 ICON fighter=f-1-hero bbox=(1217,541,1249,573) size=32 src=combat anchor=right fallback=0 overlapPx2=0 texture=/Game/S08/UI/IconsV3/T_IV3_action_attack_token_32.T_IV3_action_attack_token_32
2026.10.06-02.19.11 SNAPSHOT applied seq=111 phase=ACTION_MANEUVER
2026.10.06-02.19.11 HANDLE_APPLIED #152 seq=111 decision=2 fightersValid=1 boardValid=1
2026.10.06-02.19.11 MODE seq=111 mode=0 combat=0 pending=0
2026.10.06-02.19.11 MS-OPP verb=maneuver seq=111
2026.10.06-02.19.11 MS-TRACK own=0/2 opp=1/2 oppVisible=1 seq=111
2026.10.06-02.19.11 MS-OPP planning=1 seq=111
2026.10.06-02.19.11 CUE sound id=CUE-005 point=cue subject=hand.opp seq=111 t=71517 event_t=71517 dt=0 class=SFX sound=SW_CRD_DRAW_01 gain=0.80 result=played
2026.10.06-02.19.11 HUD seq=111 phase=ACTION_MANEUVER turn=opp hand=1 oppHand=7(hidden) oppDeck=7~ deck=14~ discard=15
2026.10.06-02.19.11 MS-STATUS seq=111 text="King Arthur — Opponent is planning a maneuver"
2026.10.06-02.19.11 ARTPREVIEW fighter=Medusa hero=1 eligible=0 visual=1 mesh=SK_Medusa_H2LD
2026.10.06-02.19.11 FIGHTERS synced n=6 alive=6 own=4 enemy=2
2026.10.06-02.19.11 WS seq=111 phase=ACTION_MANEUVER (apply)
2026.10.06-02.19.11 HUD-TRACK own=0/2 server=0 local=0 opp=1/2 oppVisible=1 anim=-/spend seq=111 frame=2029
2026.10.06-02.19.11 TAG fighter=f-0-hero bbox=(977,622,1079,644) mode=compact look=P1 placement=left ring=0 hardPx2=0 softPx2=0 order=1 bound=1
2026.10.06-02.19.11 TAG fighter=f-0-sk0 bbox=(509,496,593,518) mode=compact look=P1 placement=above ring=0 hardPx2=0 softPx2=0 order=4 bound=1
2026.10.06-02.19.11 TAG fighter=f-0-sk1 bbox=(396,458,480,480) mode=compact look=P1 placement=above ring=0 hardPx2=0 softPx2=0 order=3 bound=1
2026.10.06-02.19.11 TAG fighter=f-0-sk2 bbox=(308,584,392,606) mode=compact look=P1 placement=left ring=0 hardPx2=0 softPx2=0 order=5 bound=1
2026.10.06-02.19.11 TAG fighter=f-1-hero bbox=(1036,519,1129,541) mode=compact look=P2 placement=left ring=0 hardPx2=0 softPx2=0 order=0 bound=1
2026.10.06-02.19.11 TAG fighter=f-1-sk0 bbox=(1201,427,1285,449) mode=compact look=P2 placement=above ring=0 hardPx2=0 softPx2=0 order=2 bound=1
2026.10.06-02.19.11 ICON fighter=f-1-hero bbox=(1217,541,1249,573) size=32 src=combat anchor=right fallback=0 overlapPx2=0 texture=/Game/S08/UI/IconsV3/T_IV3_action_attack_token_32.T_IV3_action_attack_token_32
2026.10.06-02.19.11 TAG fighter=f-0-hero bbox=(977,622,1079,644) mode=compact look=P1 placement=left ring=0 hardPx2=0 softPx2=0 order=1 bound=1
2026.10.06-02.19.11 TAG fighter=f-0-sk0 bbox=(509,496,593,518) mode=compact look=P1 placement=above ring=0 hardPx2=0 softPx2=0 order=4 bound=1
2026.10.06-02.19.11 TAG fighter=f-0-sk1 bbox=(396,458,480,480) mode=compact look=P1 placement=above ring=0 hardPx2=0 softPx2=0 order=3 bound=1
2026.10.06-02.19.11 TAG fighter=f-0-sk2 bbox=(308,584,392,606) mode=compact look=P1 placement=left ring=0 hardPx2=0 softPx2=0 order=5 bound=1
2026.10.06-02.19.11 TAG fighter=f-1-hero bbox=(1036,519,1129,541) mode=compact look=P2 placement=left ring=0 hardPx2=0 softPx2=0 order=0 bound=1
2026.10.06-02.19.11 TAG fighter=f-1-sk0 bbox=(1201,427,1285,449) mode=compact look=P2 placement=above ring=0 hardPx2=0 softPx2=0 order=2 bound=1
2026.10.06-02.19.11 ICON fighter=f-1-hero bbox=(1217,541,1249,573) size=32 src=combat anchor=right fallback=0 overlapPx2=0 texture=/Game/S08/UI/IconsV3/T_IV3_action_attack_token_32.T_IV3_action_attack_token_32
2026.10.06-02.19.11 SNAPSHOT applied seq=112 phase=ACTION_MANEUVER
2026.10.06-02.19.11 HANDLE_APPLIED #153 seq=112 decision=2 fightersValid=1 boardValid=1
2026.10.06-02.19.11 CUE fx done id=CUE-010 subject=scene seq=108 t=71617 ms=1545 cut=jump hold=1545
2026.10.06-02.19.11 CUE combat seq=108 stage=end t=71617 total=2145 skipped=0 cut=catchup
2026.10.06-02.19.11 CATCHUP seq=108 latest=112 queued=4 lag=1412 t=71617 action=cut reason=queue applied=1
2026.10.06-02.19.11 ARTPREVIEW fighter=Medusa hero=1 eligible=0 visual=1 mesh=SK_Medusa_H2LD
2026.10.06-02.19.11 ARTPREVIEW hero-light fighter=f-0-hero state=idle layers=2 lightsOn=2 keyCd=17.984 rimCd=1.528 mul=1.000 pulse=none
2026.10.06-02.19.11 ARTPREVIEW combat marker fighter=Medusa attacker=0 target=0 icon=0 targetMesh=SM_Marker_TargetRing iconMode=screen targetArcScaleXY=0.920
2026.10.06-02.19.11 ARTPREVIEW combat marker fighter=King Arthur attacker=0 target=0 icon=0 targetMesh=SM_Marker_TargetRing iconMode=screen targetArcScaleXY=0.920
2026.10.06-02.19.11 MODE seq=112 mode=0 combat=0 pending=0
2026.10.06-02.19.11 MS-OPP verb=turn seq=112
2026.10.06-02.19.11 MS-OPP planning=0 seq=112
2026.10.06-02.19.11 MS-LAST replace seq=108 by=112
2026.10.06-02.19.11 MS-LAST enter seq=112 player=cmuhntiwu0001wib0z281rpa8 source=MANEUVER moves=1 boost=-1
2026.10.06-02.19.11 HUD seq=112 phase=ACTION_MANEUVER turn=opp hand=1 oppHand=7(hidden) oppDeck=7~ deck=14~ discard=15
2026.10.06-02.19.11 MS-STATUS seq=112 text="King Arthur — Opponent is choosing an action"
2026.10.06-02.19.11 ARTPREVIEW fighter=Medusa hero=1 eligible=0 visual=1 mesh=SK_Medusa_H2LD
2026.10.06-02.19.11 FIGHTERS synced n=6 alive=6 own=4 enemy=2
2026.10.06-02.19.11 MS-CUE move seq=112 fighter=f-1-hero order=0 of=1 kind=move steps=1 source=trail start=0 ms=280 snapped=0 path=S25>S26 speed=normal reduced=0
2026.10.06-02.19.11 CUE sound id=CUE-007 point=step subject=f-1-hero seq=112 t=71617 event_t=71617 dt=0 class=SFX sound=SW_BRD_STEP_03 gain=0.80 result=played edge=1/1 due=71617
2026.10.06-02.19.11 MS-ANIM play seq=112 moves=1 animated=1 speed=normal reduced=0 end=430
2026.10.06-02.19.11 CUE move f-1-hero (6,3)->(7,3) seq=112
2026.10.06-02.19.11 WS seq=112 phase=ACTION_MANEUVER (apply)
2026.10.06-02.19.11 TAG fighter=f-0-hero bbox=(977,622,1079,644) mode=compact look=P1 placement=left ring=0 hardPx2=0 softPx2=0 order=0 bound=1
2026.10.06-02.19.11 TAG fighter=f-0-sk0 bbox=(509,496,593,518) mode=compact look=P1 placement=above ring=0 hardPx2=0 softPx2=0 order=4 bound=1
2026.10.06-02.19.11 TAG fighter=f-0-sk1 bbox=(396,458,480,480) mode=compact look=P1 placement=above ring=0 hardPx2=0 softPx2=0 order=2 bound=1
2026.10.06-02.19.11 TAG fighter=f-0-sk2 bbox=(308,584,392,606) mode=compact look=P1 placement=left ring=0 hardPx2=0 softPx2=0 order=5 bound=1
2026.10.06-02.19.11 TAG fighter=f-1-hero bbox=(1052,520,1145,542) mode=compact look=P2 placement=left ring=0 hardPx2=0 softPx2=0 order=3 bound=1
2026.10.06-02.19.11 TAG fighter=f-1-sk0 bbox=(1201,427,1285,449) mode=compact look=P2 placement=above ring=0 hardPx2=0 softPx2=0 order=1 bound=1
2026.10.06-02.19.11 HUD icon hidden fighter=f-1-hero
2026.10.06-02.19.11 TAG fighter=f-0-hero bbox=(977,622,1079,644) mode=compact look=P1 placement=left ring=0 hardPx2=0 softPx2=0 order=0 bound=1
2026.10.06-02.19.11 TAG fighter=f-0-sk0 bbox=(509,496,593,518) mode=compact look=P1 placement=above ring=0 hardPx2=0 softPx2=0 order=3 bound=1
2026.10.06-02.19.11 TAG fighter=f-0-sk1 bbox=(396,458,480,480) mode=compact look=P1 placement=above ring=0 hardPx2=0 softPx2=0 order=2 bound=1
2026.10.06-02.19.11 TAG fighter=f-0-sk2 bbox=(308,584,392,606) mode=compact look=P1 placement=left ring=0 hardPx2=0 softPx2=0 order=5 bound=1
2026.10.06-02.19.11 TAG fighter=f-1-hero bbox=(1068,521,1161,543) mode=compact look=P2 placement=left ring=0 hardPx2=0 softPx2=0 order=4 bound=1
2026.10.06-02.19.11 TAG fighter=f-1-sk0 bbox=(1201,427,1285,449) mode=compact look=P2 placement=above ring=0 hardPx2=0 softPx2=0 order=1 bound=1
2026.10.06-02.19.11 TAG fighter=f-0-hero bbox=(1072,598,1174,620) mode=compact look=P1 placement=above ring=0 hardPx2=0 softPx2=0 order=0 bound=1
2026.10.06-02.19.11 TAG fighter=f-0-sk0 bbox=(509,496,593,518) mode=compact look=P1 placement=above ring=0 hardPx2=0 softPx2=0 order=3 bound=1
2026.10.06-02.19.11 TAG fighter=f-0-sk1 bbox=(396,458,480,480) mode=compact look=P1 placement=above ring=0 hardPx2=0 softPx2=0 order=2 bound=1
2026.10.06-02.19.11 TAG fighter=f-0-sk2 bbox=(308,584,392,606) mode=compact look=P1 placement=left ring=0 hardPx2=0 softPx2=0 order=5 bound=1
2026.10.06-02.19.11 TAG fighter=f-1-hero bbox=(1085,521,1178,543) mode=compact look=P2 placement=left ring=0 hardPx2=0 softPx2=0 order=4 bound=1
2026.10.06-02.19.11 TAG fighter=f-1-sk0 bbox=(1201,427,1285,449) mode=compact look=P2 placement=above ring=0 hardPx2=0 softPx2=0 order=1 bound=1
2026.10.06-02.19.11 DAMAGE fighter=f-0-hero bbox=(1103,568,1143,596) amount=2 seq=110 placement=above ring=0 hardPx2=0 softPx2=0
2026.10.06-02.19.11 TAG fighter=f-0-hero bbox=(1072,598,1174,620) mode=compact look=P1 placement=above ring=0 hardPx2=0 softPx2=0 order=0 bound=1
2026.10.06-02.19.11 TAG fighter=f-0-sk0 bbox=(509,496,593,518) mode=compact look=P1 placement=above ring=0 hardPx2=0 softPx2=0 order=3 bound=1
2026.10.06-02.19.11 TAG fighter=f-0-sk1 bbox=(396,458,480,480) mode=compact look=P1 placement=above ring=0 hardPx2=0 softPx2=0 order=2 bound=1
2026.10.06-02.19.11 TAG fighter=f-0-sk2 bbox=(308,584,392,606) mode=compact look=P1 placement=left ring=0 hardPx2=0 softPx2=0 order=5 bound=1
2026.10.06-02.19.11 TAG fighter=f-1-hero bbox=(1284,522,1377,544) mode=compact look=P2 placement=right ring=0 hardPx2=0 softPx2=0 order=4 bound=1
2026.10.06-02.19.11 TAG fighter=f-1-sk0 bbox=(1201,427,1285,449) mode=compact look=P2 placement=above ring=0 hardPx2=0 softPx2=0 order=1 bound=1
2026.10.06-02.19.11 TAG fighter=f-0-hero bbox=(1072,598,1174,620) mode=compact look=P1 placement=above ring=0 hardPx2=0 softPx2=0 order=0 bound=1
2026.10.06-02.19.11 TAG fighter=f-0-sk0 bbox=(509,496,593,518) mode=compact look=P1 placement=above ring=0 hardPx2=0 softPx2=0 order=3 bound=1
2026.10.06-02.19.11 TAG fighter=f-0-sk1 bbox=(396,458,480,480) mode=compact look=P1 placement=above ring=0 hardPx2=0 softPx2=0 order=2 bound=1
2026.10.06-02.19.11 TAG fighter=f-0-sk2 bbox=(308,584,392,606) mode=compact look=P1 placement=left ring=0 hardPx2=0 softPx2=0 order=5 bound=1
2026.10.06-02.19.11 TAG fighter=f-1-hero bbox=(1301,522,1394,544) mode=compact look=P2 placement=right ring=0 hardPx2=0 softPx2=0 order=4 bound=1
2026.10.06-02.19.11 TAG fighter=f-1-sk0 bbox=(1201,427,1285,449) mode=compact look=P2 placement=above ring=0 hardPx2=0 softPx2=0 order=1 bound=1
2026.10.06-02.19.11 TAG fighter=f-0-hero bbox=(1072,598,1174,620) mode=compact look=P1 placement=above ring=0 hardPx2=0 softPx2=0 order=0 bound=1
2026.10.06-02.19.11 TAG fighter=f-0-sk0 bbox=(509,496,593,518) mode=compact look=P1 placement=above ring=0 hardPx2=0 softPx2=0 order=3 bound=1
2026.10.06-02.19.11 TAG fighter=f-0-sk1 bbox=(396,458,480,480) mode=compact look=P1 placement=above ring=0 hardPx2=0 softPx2=0 order=2 bound=1
2026.10.06-02.19.11 TAG fighter=f-0-sk2 bbox=(308,584,392,606) mode=compact look=P1 placement=left ring=0 hardPx2=0 softPx2=0 order=5 bound=1
2026.10.06-02.19.11 TAG fighter=f-1-hero bbox=(1319,523,1412,545) mode=compact look=P2 placement=right ring=0 hardPx2=0 softPx2=0 order=4 bound=1
2026.10.06-02.19.11 TAG fighter=f-1-sk0 bbox=(1201,427,1285,449) mode=compact look=P2 placement=above ring=0 hardPx2=0 softPx2=0 order=1 bound=1
2026.10.06-02.19.11 ARTPREVIEW anim fighter=f-0-hero clip=Idle len=2.333 event=clipFinished loop=1 phase=0.8071 seq=-1 asset=AM_Medusa_Idle rate=1.00
2026.10.06-02.19.11 TAG fighter=f-0-hero bbox=(1072,598,1174,620) mode=compact look=P1 placement=above ring=0 hardPx2=0 softPx2=0 order=0 bound=1
2026.10.06-02.19.11 TAG fighter=f-0-sk0 bbox=(509,496,593,518) mode=compact look=P1 placement=above ring=0 hardPx2=0 softPx2=0 order=3 bound=1
2026.10.06-02.19.11 TAG fighter=f-0-sk1 bbox=(396,458,480,480) mode=compact look=P1 placement=above ring=0 hardPx2=0 softPx2=0 order=2 bound=1
2026.10.06-02.19.11 TAG fighter=f-0-sk2 bbox=(308,584,392,606) mode=compact look=P1 placement=left ring=0 hardPx2=0 softPx2=0 order=5 bound=1
2026.10.06-02.19.11 TAG fighter=f-1-hero bbox=(1335,523,1428,545) mode=compact look=P2 placement=right ring=0 hardPx2=0 softPx2=0 order=4 bound=1
2026.10.06-02.19.11 TAG fighter=f-1-sk0 bbox=(1201,427,1285,449) mode=compact look=P2 placement=above ring=0 hardPx2=0 softPx2=0 order=1 bound=1
2026.10.06-02.19.11 DAMAGE fighter=f-0-hero bbox=(1176,595,1216,623) amount=2 seq=110 placement=right ring=0 hardPx2=0 softPx2=0
2026.10.06-02.19.11 TAG fighter=f-0-hero bbox=(1072,598,1174,620) mode=compact look=P1 placement=above ring=0 hardPx2=0 softPx2=0 order=0 bound=1
2026.10.06-02.19.11 TAG fighter=f-0-sk0 bbox=(509,496,593,518) mode=compact look=P1 placement=above ring=0 hardPx2=0 softPx2=0 order=3 bound=1
2026.10.06-02.19.11 TAG fighter=f-0-sk1 bbox=(396,458,480,480) mode=compact look=P1 placement=above ring=0 hardPx2=0 softPx2=0 order=2 bound=1
2026.10.06-02.19.11 TAG fighter=f-0-sk2 bbox=(308,584,392,606) mode=compact look=P1 placement=left ring=0 hardPx2=0 softPx2=0 order=5 bound=1
2026.10.06-02.19.11 TAG fighter=f-1-hero bbox=(1352,524,1445,546) mode=compact look=P2 placement=right ring=0 hardPx2=0 softPx2=0 order=4 bound=1
2026.10.06-02.19.11 TAG fighter=f-1-sk0 bbox=(1201,427,1285,449) mode=compact look=P2 placement=above ring=0 hardPx2=0 softPx2=0 order=1 bound=1
2026.10.06-02.19.11 TAG fighter=f-0-hero bbox=(1072,598,1174,620) mode=compact look=P1 placement=above ring=0 hardPx2=0 softPx2=0 order=0 bound=1
2026.10.06-02.19.11 TAG fighter=f-0-sk0 bbox=(509,496,593,518) mode=compact look=P1 placement=above ring=0 hardPx2=0 softPx2=0 order=3 bound=1
2026.10.06-02.19.11 TAG fighter=f-0-sk1 bbox=(396,458,480,480) mode=compact look=P1 placement=above ring=0 hardPx2=0 softPx2=0 order=2 bound=1
2026.10.06-02.19.11 TAG fighter=f-0-sk2 bbox=(308,584,392,606) mode=compact look=P1 placement=left ring=0 hardPx2=0 softPx2=0 order=5 bound=1
2026.10.06-02.19.11 TAG fighter=f-1-hero bbox=(1360,524,1453,546) mode=compact look=P2 placement=right ring=0 hardPx2=0 softPx2=0 order=4 bound=1
2026.10.06-02.19.11 TAG fighter=f-1-sk0 bbox=(1201,427,1285,449) mode=compact look=P2 placement=above ring=0 hardPx2=0 softPx2=0 order=1 bound=1
2026.10.06-02.19.11 MS-LAST show seq=112 mode=anim player=cmuhntiwu0001wib0z281rpa8 from=6,3 to=7,3
2026.10.06-02.19.11 MS-LOG seq=112 moves=1 truncated=0 text="King Arthur: maneuver: King Arthur S25→S26"
2026.10.06-02.19.12 game -> room=cmuw1u4nq0561t84m7cuv93yr code=<redacted> status=IN_PROGRESS
2026.10.06-02.19.12 TAG fighter=f-0-hero bbox=(1072,598,1174,620) mode=compact look=P1 placement=above ring=0 hardPx2=0 softPx2=0 order=5 bound=1
2026.10.06-02.19.12 TAG fighter=f-0-sk0 bbox=(509,496,593,518) mode=compact look=P1 placement=above ring=0 hardPx2=0 softPx2=0 order=2 bound=1
2026.10.06-02.19.12 TAG fighter=f-0-sk1 bbox=(396,458,480,480) mode=compact look=P1 placement=above ring=0 hardPx2=0 softPx2=0 order=1 bound=1
2026.10.06-02.19.12 TAG fighter=f-0-sk2 bbox=(308,584,392,606) mode=compact look=P1 placement=left ring=0 hardPx2=0 softPx2=0 order=4 bound=1
2026.10.06-02.19.12 TAG fighter=f-1-hero bbox=(1360,524,1453,546) mode=compact look=P2 placement=right ring=0 hardPx2=0 softPx2=0 order=3 bound=1
2026.10.06-02.19.12 TAG fighter=f-1-sk0 bbox=(1201,427,1285,449) mode=compact look=P2 placement=above ring=0 hardPx2=0 softPx2=0 order=0 bound=1
2026.10.06-02.19.12 SNAPSHOT applied seq=113 phase=ACTION_MANEUVER
2026.10.06-02.19.12 HANDLE_APPLIED #154 seq=113 decision=2 fightersValid=1 boardValid=1
2026.10.06-02.19.12 MODE seq=113 mode=0 combat=0 pending=0
2026.10.06-02.19.12 MS-OPP verb=maneuver seq=113
2026.10.06-02.19.12 MS-TRACK own=0/2 opp=2/2 oppVisible=1 seq=113
2026.10.06-02.19.12 MS-OPP planning=1 seq=113
2026.10.06-02.19.12 CUE sound id=CUE-005 point=cue subject=hand.opp seq=113 t=72850 event_t=72850 dt=0 class=SFX sound=SW_CRD_DRAW_02 gain=0.80 result=played
2026.10.06-02.19.12 HUD seq=113 phase=ACTION_MANEUVER turn=opp hand=1 oppHand=8(hidden) oppDeck=7~ deck=14~ discard=15
2026.10.06-02.19.12 MS-STATUS seq=113 text="King Arthur — Opponent is planning a maneuver"
2026.10.06-02.19.12 ARTPREVIEW fighter=Medusa hero=1 eligible=0 visual=1 mesh=SK_Medusa_H2LD
2026.10.06-02.19.12 FIGHTERS synced n=6 alive=6 own=4 enemy=2
2026.10.06-02.19.12 WS seq=113 phase=ACTION_MANEUVER (apply)
2026.10.06-02.19.12 HUD-TRACK own=0/2 server=0 local=0 opp=2/2 oppVisible=1 anim=-/spend seq=113 frame=2069
2026.10.06-02.19.12 SNAPSHOT applied seq=114 phase=TURN_END
2026.10.06-02.19.12 HANDLE_APPLIED #155 seq=114 decision=2 fightersValid=1 boardValid=1
2026.10.06-02.19.12 MODE seq=114 mode=0 combat=0 pending=0
2026.10.06-02.19.12 MS-OPP verb=card seq=114
2026.10.06-02.19.12 MS-OPP planning=0 seq=114
2026.10.06-02.19.12 MS-LAST fade seq=112 at=114 ms=300
2026.10.06-02.19.12 MS-LAST replace seq=112 by=114
2026.10.06-02.19.12 MS-LAST enter seq=114 player=cmuhntiwu0001wib0z281rpa8 source=MANEUVER moves=1 boost=-1
2026.10.06-02.19.12 HUD seq=114 phase=TURN_END turn=opp hand=1 oppHand=8(hidden) oppDeck=7~ deck=14~ discard=15 pendingDiscard=1
2026.10.06-02.19.12 MS-STATUS seq=114 text="King Arthur — Opponent is choosing a card"
2026.10.06-02.19.12 ARTPREVIEW fighter=Medusa hero=1 eligible=0 visual=1 mesh=SK_Medusa_H2LD
2026.10.06-02.19.12 FIGHTERS synced n=6 alive=6 own=4 enemy=2
2026.10.06-02.19.12 MS-CUE move seq=114 fighter=f-1-hero order=0 of=1 kind=move steps=1 source=trail start=0 ms=280 snapped=0 path=S26>S25 speed=normal reduced=0
2026.10.06-02.19.12 CUE sound id=CUE-007 point=step subject=f-1-hero seq=114 t=72950 event_t=72950 dt=0 class=SFX sound=SW_BRD_STEP_02 gain=0.80 result=played edge=1/1 due=72950
2026.10.06-02.19.12 MS-ANIM play seq=114 moves=1 animated=1 speed=normal reduced=0 end=430
2026.10.06-02.19.12 CUE move f-1-hero (7,3)->(6,3) seq=114
2026.10.06-02.19.12 WS seq=114 phase=TURN_END (apply)
2026.10.06-02.19.12 TAG fighter=f-0-hero bbox=(1072,598,1174,620) mode=compact look=P1 placement=above ring=0 hardPx2=0 softPx2=0 order=5 bound=1
2026.10.06-02.19.12 TAG fighter=f-0-sk0 bbox=(509,496,593,518) mode=compact look=P1 placement=above ring=0 hardPx2=0 softPx2=0 order=2 bound=1
2026.10.06-02.19.12 TAG fighter=f-0-sk1 bbox=(396,458,480,480) mode=compact look=P1 placement=above ring=0 hardPx2=0 softPx2=0 order=1 bound=1
2026.10.06-02.19.12 TAG fighter=f-0-sk2 bbox=(308,584,392,606) mode=compact look=P1 placement=left ring=0 hardPx2=0 softPx2=0 order=4 bound=1
2026.10.06-02.19.12 TAG fighter=f-1-hero bbox=(1342,523,1435,545) mode=compact look=P2 placement=right ring=0 hardPx2=0 softPx2=0 order=3 bound=1
2026.10.06-02.19.12 TAG fighter=f-1-sk0 bbox=(1201,427,1285,449) mode=compact look=P2 placement=above ring=0 hardPx2=0 softPx2=0 order=0 bound=1
2026.10.06-02.19.12 TAG fighter=f-0-hero bbox=(1072,598,1174,620) mode=compact look=P1 placement=above ring=0 hardPx2=0 softPx2=0 order=5 bound=1
2026.10.06-02.19.12 TAG fighter=f-0-sk0 bbox=(509,496,593,518) mode=compact look=P1 placement=above ring=0 hardPx2=0 softPx2=0 order=2 bound=1
2026.10.06-02.19.12 TAG fighter=f-0-sk1 bbox=(396,458,480,480) mode=compact look=P1 placement=above ring=0 hardPx2=0 softPx2=0 order=1 bound=1
2026.10.06-02.19.12 TAG fighter=f-0-sk2 bbox=(308,584,392,606) mode=compact look=P1 placement=left ring=0 hardPx2=0 softPx2=0 order=4 bound=1
2026.10.06-02.19.12 TAG fighter=f-1-hero bbox=(1325,523,1418,545) mode=compact look=P2 placement=right ring=0 hardPx2=0 softPx2=0 order=3 bound=1
2026.10.06-02.19.12 TAG fighter=f-1-sk0 bbox=(1201,427,1285,449) mode=compact look=P2 placement=above ring=0 hardPx2=0 softPx2=0 order=0 bound=1
2026.10.06-02.19.12 TAG fighter=f-0-hero bbox=(1072,598,1174,620) mode=compact look=P1 placement=above ring=0 hardPx2=0 softPx2=0 order=5 bound=1
2026.10.06-02.19.12 TAG fighter=f-0-sk0 bbox=(509,496,593,518) mode=compact look=P1 placement=above ring=0 hardPx2=0 softPx2=0 order=2 bound=1
2026.10.06-02.19.12 TAG fighter=f-0-sk1 bbox=(396,458,480,480) mode=compact look=P1 placement=above ring=0 hardPx2=0 softPx2=0 order=1 bound=1
2026.10.06-02.19.12 TAG fighter=f-0-sk2 bbox=(308,584,392,606) mode=compact look=P1 placement=left ring=0 hardPx2=0 softPx2=0 order=4 bound=1
2026.10.06-02.19.12 TAG fighter=f-1-hero bbox=(1308,522,1401,544) mode=compact look=P2 placement=right ring=0 hardPx2=0 softPx2=0 order=3 bound=1
2026.10.06-02.19.12 TAG fighter=f-1-sk0 bbox=(1201,427,1285,449) mode=compact look=P2 placement=above ring=0 hardPx2=0 softPx2=0 order=0 bound=1
2026.10.06-02.19.13 TAG fighter=f-0-hero bbox=(1072,598,1174,620) mode=compact look=P1 placement=above ring=0 hardPx2=0 softPx2=0 order=5 bound=1
2026.10.06-02.19.13 TAG fighter=f-0-sk0 bbox=(509,496,593,518) mode=compact look=P1 placement=above ring=0 hardPx2=0 softPx2=0 order=2 bound=1
2026.10.06-02.19.13 TAG fighter=f-0-sk1 bbox=(396,458,480,480) mode=compact look=P1 placement=above ring=0 hardPx2=0 softPx2=0 order=1 bound=1
2026.10.06-02.19.13 TAG fighter=f-0-sk2 bbox=(308,584,392,606) mode=compact look=P1 placement=left ring=0 hardPx2=0 softPx2=0 order=4 bound=1
2026.10.06-02.19.13 TAG fighter=f-1-hero bbox=(1291,522,1384,544) mode=compact look=P2 placement=right ring=0 hardPx2=0 softPx2=0 order=3 bound=1
2026.10.06-02.19.13 TAG fighter=f-1-sk0 bbox=(1201,427,1285,449) mode=compact look=P2 placement=above ring=0 hardPx2=0 softPx2=0 order=0 bound=1
2026.10.06-02.19.13 TAG fighter=f-0-hero bbox=(1072,598,1174,620) mode=compact look=P1 placement=above ring=0 hardPx2=0 softPx2=0 order=5 bound=1
2026.10.06-02.19.13 TAG fighter=f-0-sk0 bbox=(509,496,593,518) mode=compact look=P1 placement=above ring=0 hardPx2=0 softPx2=0 order=2 bound=1
2026.10.06-02.19.13 TAG fighter=f-0-sk1 bbox=(396,458,480,480) mode=compact look=P1 placement=above ring=0 hardPx2=0 softPx2=0 order=1 bound=1
2026.10.06-02.19.13 TAG fighter=f-0-sk2 bbox=(308,584,392,606) mode=compact look=P1 placement=left ring=0 hardPx2=0 softPx2=0 order=4 bound=1
2026.10.06-02.19.13 TAG fighter=f-1-hero bbox=(1091,521,1184,543) mode=compact look=P2 placement=left ring=0 hardPx2=0 softPx2=0 order=3 bound=1
2026.10.06-02.19.13 TAG fighter=f-1-sk0 bbox=(1201,427,1285,449) mode=compact look=P2 placement=above ring=0 hardPx2=0 softPx2=0 order=0 bound=1
2026.10.06-02.19.13 TAG fighter=f-0-hero bbox=(977,622,1079,644) mode=compact look=P1 placement=left ring=0 hardPx2=0 softPx2=0 order=5 bound=1
2026.10.06-02.19.13 TAG fighter=f-0-sk0 bbox=(509,496,593,518) mode=compact look=P1 placement=above ring=0 hardPx2=0 softPx2=0 order=2 bound=1
2026.10.06-02.19.13 TAG fighter=f-0-sk1 bbox=(396,458,480,480) mode=compact look=P1 placement=above ring=0 hardPx2=0 softPx2=0 order=1 bound=1
2026.10.06-02.19.13 TAG fighter=f-0-sk2 bbox=(308,584,392,606) mode=compact look=P1 placement=left ring=0 hardPx2=0 softPx2=0 order=4 bound=1
2026.10.06-02.19.13 TAG fighter=f-1-hero bbox=(1075,521,1168,543) mode=compact look=P2 placement=left ring=0 hardPx2=0 softPx2=0 order=3 bound=1
2026.10.06-02.19.13 TAG fighter=f-1-sk0 bbox=(1201,427,1285,449) mode=compact look=P2 placement=above ring=0 hardPx2=0 softPx2=0 order=0 bound=1
2026.10.06-02.19.13 TAG fighter=f-0-hero bbox=(977,622,1079,644) mode=compact look=P1 placement=left ring=0 hardPx2=0 softPx2=0 order=5 bound=1
2026.10.06-02.19.13 TAG fighter=f-0-sk0 bbox=(509,496,593,518) mode=compact look=P1 placement=above ring=0 hardPx2=0 softPx2=0 order=2 bound=1
2026.10.06-02.19.13 TAG fighter=f-0-sk1 bbox=(396,458,480,480) mode=compact look=P1 placement=above ring=0 hardPx2=0 softPx2=0 order=1 bound=1
2026.10.06-02.19.13 TAG fighter=f-0-sk2 bbox=(308,584,392,606) mode=compact look=P1 placement=left ring=0 hardPx2=0 softPx2=0 order=4 bound=1
2026.10.06-02.19.13 TAG fighter=f-1-hero bbox=(1059,520,1152,542) mode=compact look=P2 placement=left ring=0 hardPx2=0 softPx2=0 order=3 bound=1
2026.10.06-02.19.13 TAG fighter=f-1-sk0 bbox=(1201,427,1285,449) mode=compact look=P2 placement=above ring=0 hardPx2=0 softPx2=0 order=0 bound=1
2026.10.06-02.19.13 TAG fighter=f-0-hero bbox=(977,622,1079,644) mode=compact look=P1 placement=left ring=0 hardPx2=0 softPx2=0 order=5 bound=1
2026.10.06-02.19.13 TAG fighter=f-0-sk0 bbox=(509,496,593,518) mode=compact look=P1 placement=above ring=0 hardPx2=0 softPx2=0 order=3 bound=1
2026.10.06-02.19.13 TAG fighter=f-0-sk1 bbox=(396,458,480,480) mode=compact look=P1 placement=above ring=0 hardPx2=0 softPx2=0 order=1 bound=1
2026.10.06-02.19.13 TAG fighter=f-0-sk2 bbox=(308,584,392,606) mode=compact look=P1 placement=left ring=0 hardPx2=0 softPx2=0 order=4 bound=1
2026.10.06-02.19.13 TAG fighter=f-1-hero bbox=(1042,520,1135,542) mode=compact look=P2 placement=left ring=0 hardPx2=0 softPx2=0 order=2 bound=1
2026.10.06-02.19.13 TAG fighter=f-1-sk0 bbox=(1201,427,1285,449) mode=compact look=P2 placement=above ring=0 hardPx2=0 softPx2=0 order=0 bound=1
2026.10.06-02.19.13 TAG fighter=f-0-hero bbox=(977,622,1079,644) mode=compact look=P1 placement=left ring=0 hardPx2=0 softPx2=0 order=5 bound=1
2026.10.06-02.19.13 TAG fighter=f-0-sk0 bbox=(509,496,593,518) mode=compact look=P1 placement=above ring=0 hardPx2=0 softPx2=0 order=3 bound=1
2026.10.06-02.19.13 TAG fighter=f-0-sk1 bbox=(396,458,480,480) mode=compact look=P1 placement=above ring=0 hardPx2=0 softPx2=0 order=1 bound=1
2026.10.06-02.19.13 TAG fighter=f-0-sk2 bbox=(308,584,392,606) mode=compact look=P1 placement=left ring=0 hardPx2=0 softPx2=0 order=4 bound=1
2026.10.06-02.19.13 TAG fighter=f-1-hero bbox=(1036,519,1129,541) mode=compact look=P2 placement=left ring=0 hardPx2=0 softPx2=0 order=2 bound=1
2026.10.06-02.19.13 TAG fighter=f-1-sk0 bbox=(1201,427,1285,449) mode=compact look=P2 placement=above ring=0 hardPx2=0 softPx2=0 order=0 bound=1
2026.10.06-02.19.13 MS-LAST show seq=114 mode=anim player=cmuhntiwu0001wib0z281rpa8 from=7,3 to=6,3
2026.10.06-02.19.13 MS-LOG seq=114 moves=1 truncated=0 text="King Arthur: maneuver: King Arthur S26→S25"
2026.10.06-02.19.14 SNAPSHOT applied seq=115 phase=ACTION_MANEUVER
2026.10.06-02.19.14 HANDLE_APPLIED #156 seq=115 decision=2 fightersValid=1 boardValid=1
2026.10.06-02.19.14 closed mode=
2026.10.06-02.19.14 TURN-INPUT open seq=115 frame=2108 gate=none
2026.10.06-02.19.14 MODE seq=115 mode=6 combat=0 pending=1
2026.10.06-02.19.14 ARTPREVIEW selection ring shown fighter=King Arthur mesh=SM_Marker_SelectionRing
2026.10.06-02.19.14 ARTPREVIEW hero-light fighter=f-1-hero state=active layers=2 lightsOn=2 keyCd=24.332 rimCd=2.067 mul=1.135 pulse=0.40Hz+-4%
2026.10.06-02.19.14 ARTPREVIEW reachable rings cells=0 placed=1 radiusUU=36 segments=48 style=readability color=#FFC857 stroke=#14110C widthUU=3.50 strokeUU=1.50
2026.10.06-02.19.14 MS-PENDING present=toast id=ability-medusa-target-p0 opens=9 collapsed=0 type=TARGET_FIGHTER remembered=fighter=f-1-hero applied=fighter=f-1-hero
2026.10.06-02.19.14 MS-OPP verb=none seq=115
2026.10.06-02.19.14 MS-TRACK own=0/2 opp=0/2 oppVisible=0 seq=115
2026.10.06-02.19.14 MS-LAST fade seq=114 at=115 ms=300
2026.10.06-02.19.14 CUE sound id=CUE-015 point=turn subject=- seq=115 t=74183 event_t=74183 dt=0 class=UI sound=SW_UI_TURN_CHIME_01 gain=0.80 result=played turn=own
2026.10.06-02.19.14 VO event=TURN-START speaker=MEDUSA t=74183 result=skipped line=- prio=4 reason=gap
2026.10.06-02.19.14 HUD-TURN seq=115 turn=own initial=0 ring=marker-turn-ring flash=1000 banner=600 reduced=0
2026.10.06-02.19.14 HUD-SLOT show seq=115 ribbon=discarded owner=opp card="Swift Strike" count=1 fly=200 hold=0 min=1000 reduced=0
2026.10.06-02.19.14 SFX bank=CRD-DISCARD tag=discard class=SFX t=74183 sound=SW_CRD_DISCARD_03 gain=0.80
2026.10.06-02.19.14 HUD seq=115 phase=ACTION_MANEUVER turn=you hand=1 oppHand=7(hidden) oppDeck=7~ deck=14~ discard=15
2026.10.06-02.19.14 MS-STATUS seq=115 text="Choose a target (up to 1)"
2026.10.06-02.19.14 ARTPREVIEW fighter=Medusa hero=1 eligible=0 visual=1 mesh=SK_Medusa_H2LD
2026.10.06-02.19.14 ARTPREVIEW selection ring shown fighter=King Arthur mesh=SM_Marker_SelectionRing
2026.10.06-02.19.14 FIGHTERS synced n=6 alive=6 own=4 enemy=2
2026.10.06-02.19.14 ARTPREVIEW selection ring shown fighter=King Arthur mesh=SM_Marker_SelectionRing
2026.10.06-02.19.14 ARTPREVIEW reachable rings cells=0 placed=1 radiusUU=36 segments=48 style=readability color=#FFC857 stroke=#14110C widthUU=3.50 strokeUU=1.50
2026.10.06-02.19.14 WS seq=115 phase=ACTION_MANEUVER (apply)
2026.10.06-02.19.14 SFX bank=FX-GAZE-REQUEST tag=gaze class=SFX t=74217 sound=SW_FX_GAZE_REQUEST_01 gain=0.80
2026.10.06-02.19.14 SFX bank=FX-GAZE-REQUEST-VOICE tag=voice class=VO t=74217 sound=SW_FX_GAZE_REQUEST_VOICE gain=0.80
2026.10.06-02.19.14 HUD-TRACK own=0/2 server=0 local=0 opp=0/2 oppVisible=0 anim=reset/reset seq=115 frame=2109
2026.10.06-02.19.14 HUD-HAND lower=1 pick=target cursor=board preview=hidden seq=115
2026.10.06-02.19.14 S09AUTO drive mode=6 plan=[attack+scheme] phase=ACTION_MANEUVER turn=cmuhntivg0000wib0anhqyswc
2026.10.06-02.19.14 S09AUTO own turn #10 (turnCount=21)
2026.10.06-02.19.14 PEND-RESOLVE sent type=TARGET_FIGHTER stage=0 id=ability-medusa-target-p0
2026.10.06-02.19.14 CUE sound id=CUE-014 point=cue subject=f-1-hero seq=115 t=74217 event_t=74217 dt=0 class=SFX sound=SW_FX_GAZE_BEAM_02 gain=0.80 result=played bank=FX-GAZE-BEAM
2026.10.06-02.19.14 MS-STATUS seq=115 text="Syncing…"
2026.10.06-02.19.14 S09AUTO pending picked (type=TARGET_FIGHTER stage=0)
2026.10.06-02.19.14 HUD plate content fighter=f-1-hero name=King Arthur hp=3/18 team=enemy statuses=HERO  |  MELEE teamSlot=P2 look=P2 shape=hexagon chip=#5786A8
2026.10.06-02.19.14 PLATE fighter=f-1-hero bbox=(1025,459,1197,513) overlapReachable=0 placement=above ring=0 gap=6 selection=f-1-hero destinations=0 clean=1 softPx2=0 tested=112 bound=1
2026.10.06-02.19.14 TAG fighter=f-0-hero bbox=(977,622,1079,644) mode=compact look=P1 placement=left ring=0 hardPx2=0 softPx2=0 order=4 bound=1
2026.10.06-02.19.14 TAG fighter=f-0-sk0 bbox=(509,496,593,518) mode=compact look=P1 placement=above ring=0 hardPx2=0 softPx2=0 order=2 bound=1
2026.10.06-02.19.14 TAG fighter=f-0-sk1 bbox=(396,458,480,480) mode=compact look=P1 placement=above ring=0 hardPx2=0 softPx2=0 order=1 bound=1
2026.10.06-02.19.14 TAG fighter=f-0-sk2 bbox=(308,584,392,606) mode=compact look=P1 placement=left ring=0 hardPx2=0 softPx2=0 order=3 bound=1
2026.10.06-02.19.14 TAG fighter=f-1-sk0 bbox=(1201,427,1285,449) mode=compact look=P2 placement=above ring=0 hardPx2=0 softPx2=0 order=0 bound=1
2026.10.06-02.19.14 TAG fighter=f-0-hero bbox=(977,622,1079,644) mode=compact look=P1 placement=left ring=0 hardPx2=0 softPx2=0 order=4 bound=1
2026.10.06-02.19.14 TAG fighter=f-0-sk0 bbox=(509,496,593,518) mode=compact look=P1 placement=above ring=0 hardPx2=0 softPx2=0 order=2 bound=1
2026.10.06-02.19.14 TAG fighter=f-0-sk1 bbox=(396,458,480,480) mode=compact look=P1 placement=above ring=0 hardPx2=0 softPx2=0 order=1 bound=1
2026.10.06-02.19.14 TAG fighter=f-0-sk2 bbox=(308,584,392,606) mode=compact look=P1 placement=left ring=0 hardPx2=0 softPx2=0 order=3 bound=1
2026.10.06-02.19.14 TAG fighter=f-1-sk0 bbox=(1201,427,1285,449) mode=compact look=P2 placement=above ring=0 hardPx2=0 softPx2=0 order=0 bound=1
2026.10.06-02.19.14 TAG fighter=f-0-hero bbox=(977,622,1079,644) mode=compact look=P1 placement=left ring=0 hardPx2=0 softPx2=0 order=4 bound=1
2026.10.06-02.19.14 TAG fighter=f-0-sk0 bbox=(509,496,593,518) mode=compact look=P1 placement=above ring=0 hardPx2=0 softPx2=0 order=2 bound=1
2026.10.06-02.19.14 TAG fighter=f-0-sk1 bbox=(396,458,480,480) mode=compact look=P1 placement=above ring=0 hardPx2=0 softPx2=0 order=1 bound=1
2026.10.06-02.19.14 TAG fighter=f-0-sk2 bbox=(308,584,392,606) mode=compact look=P1 placement=left ring=0 hardPx2=0 softPx2=0 order=3 bound=1
2026.10.06-02.19.14 TAG fighter=f-1-sk0 bbox=(1201,427,1285,449) mode=compact look=P2 placement=above ring=0 hardPx2=0 softPx2=0 order=0 bound=1
2026.10.06-02.19.14 SNAPSHOT applied seq=116 phase=ACTION_MANEUVER
2026.10.06-02.19.14 HANDLE_APPLIED #157 seq=116 decision=2 fightersValid=1 boardValid=1
2026.10.06-02.19.14 closed mode=
2026.10.06-02.19.14 MODE seq=116 mode=0 combat=0 pending=0
2026.10.06-02.19.14 HUD seq=116 phase=ACTION_MANEUVER turn=you hand=1 oppHand=7(hidden) oppDeck=5 deck=14 discard=15
2026.10.06-02.19.14 MS-STATUS seq=116 text="Choose an action: maneuver (M), attack (A) or scheme (G)"
2026.10.06-02.19.14 ARTPREVIEW fighter=Medusa hero=1 eligible=0 visual=1 mesh=SK_Medusa_H2LD
2026.10.06-02.19.14 ARTPREVIEW selection ring shown fighter=King Arthur mesh=SM_Marker_SelectionRing
2026.10.06-02.19.14 FIGHTERS synced n=6 alive=6 own=4 enemy=2
2026.10.06-02.19.14 ARTPREVIEW hero-light fighter=f-1-hero state=idle layers=2 lightsOn=2 keyCd=21.443 rimCd=1.822 mul=1.000 pulse=none
2026.10.06-02.19.14 ARTPREVIEW damage-number fighter=f-1-hero amount=1 seq=116 cell=(6,3)
2026.10.06-02.19.14 ARTPREVIEW anim fighter=f-1-hero clip=HitReact len=0.417 event=damaged loop=0 phase=0.0000 seq=116 asset=AM_KingArthur_HitReact rate=1.00
2026.10.06-02.19.14 ARTPREVIEW hit-tint fighter=f-1-hero ms=450
2026.10.06-02.19.14 VO event=HURT speaker=ARTHUR t=74283 result=skipped line=- prio=3 reason=gap
2026.10.06-02.19.14 CUE damage f-1-hero -1 seq=116
2026.10.06-02.19.14 PEND resolve done seq=116 (apply) phase=ACTION_MANEUVER
2026.10.06-02.19.14 SNAPSHOT applied seq=116 phase=ACTION_MANEUVER
2026.10.06-02.19.14 HANDLE_APPLIED #158 seq=116 decision=1 fightersValid=1 boardValid=1
2026.10.06-02.19.14 MODE seq=116 mode=0 combat=0 pending=0
2026.10.06-02.19.14 HUD seq=116 phase=ACTION_MANEUVER turn=you hand=1 oppHand=7(hidden) oppDeck=5 deck=14 discard=15
2026.10.06-02.19.14 ARTPREVIEW fighter=Medusa hero=1 eligible=0 visual=1 mesh=SK_Medusa_H2LD
2026.10.06-02.19.14 FIGHTERS synced n=6 alive=6 own=4 enemy=2
2026.10.06-02.19.14 WS seq=116 phase=ACTION_MANEUVER (merge)
2026.10.06-02.19.14 CUE sound id=CUE-011 point=hit subject=f-1-hero seq=116 t=74283 event_t=74283 dt=0 class=SFX sound=SW_CMB_HIT_MAGIC_01 gain=0.80 result=played bank=CMB-HIT-MAGIC
2026.10.06-02.19.14 HUD-HEART side=opp hero=f-1-hero hp=2/18 anim=damage glow=1 played=1
2026.10.06-02.19.14 HUD-HAND lower=0 pick=none cursor=board preview=shown seq=116
2026.10.06-02.19.14 S09AUTO drive mode=0 plan=[attack+scheme] phase=ACTION_MANEUVER turn=cmuhntivg0000wib0anhqyswc
2026.10.06-02.19.14 HUD-TRACK chosen=maneuver seq=116 spent=0
2026.10.06-02.19.14 MS-STATUS seq=116 text="Syncing…"
2026.10.06-02.19.14 TOAST text="begin maneuver sent (server draws 1 card)"
2026.10.06-02.19.14 PLATE hidden fighter=f-1-hero
2026.10.06-02.19.14 TAG fighter=f-0-hero bbox=(977,622,1079,644) mode=compact look=P1 placement=left ring=0 hardPx2=0 softPx2=0 order=5 bound=1
2026.10.06-02.19.14 TAG fighter=f-0-sk0 bbox=(509,496,593,518) mode=compact look=P1 placement=above ring=0 hardPx2=0 softPx2=0 order=3 bound=1
2026.10.06-02.19.14 TAG fighter=f-0-sk1 bbox=(396,458,480,480) mode=compact look=P1 placement=above ring=0 hardPx2=0 softPx2=0 order=2 bound=1
2026.10.06-02.19.14 TAG fighter=f-0-sk2 bbox=(308,584,392,606) mode=compact look=P1 placement=left ring=0 hardPx2=0 softPx2=0 order=4 bound=1
2026.10.06-02.19.14 TAG fighter=f-1-hero bbox=(1036,519,1129,541) mode=compact look=P2 placement=left ring=0 hardPx2=0 softPx2=0 order=0 bound=1
2026.10.06-02.19.14 TAG fighter=f-1-sk0 bbox=(1201,427,1285,449) mode=compact look=P2 placement=above ring=0 hardPx2=0 softPx2=0 order=1 bound=1
2026.10.06-02.19.14 DAMAGE fighter=f-1-hero bbox=(1063,489,1103,517) amount=1 seq=116 placement=above ring=0 hardPx2=0 softPx2=0
2026.10.06-02.19.14 HUD-TRACK own=1/2 server=0 local=1 opp=0/2 oppVisible=0 anim=spend/- seq=116 frame=2113
2026.10.06-02.19.14 TAG fighter=f-0-hero bbox=(977,622,1079,644) mode=compact look=P1 placement=left ring=0 hardPx2=0 softPx2=0 order=5 bound=1
2026.10.06-02.19.14 TAG fighter=f-0-sk0 bbox=(509,496,593,518) mode=compact look=P1 placement=above ring=0 hardPx2=0 softPx2=0 order=3 bound=1
2026.10.06-02.19.14 TAG fighter=f-0-sk1 bbox=(396,458,480,480) mode=compact look=P1 placement=above ring=0 hardPx2=0 softPx2=0 order=2 bound=1
2026.10.06-02.19.14 TAG fighter=f-0-sk2 bbox=(308,584,392,606) mode=compact look=P1 placement=left ring=0 hardPx2=0 softPx2=0 order=4 bound=1
2026.10.06-02.19.14 TAG fighter=f-1-hero bbox=(1036,519,1129,541) mode=compact look=P2 placement=left ring=0 hardPx2=0 softPx2=0 order=0 bound=1
2026.10.06-02.19.14 TAG fighter=f-1-sk0 bbox=(1201,427,1285,449) mode=compact look=P2 placement=above ring=0 hardPx2=0 softPx2=0 order=1 bound=1
2026.10.06-02.19.14 TAG fighter=f-0-hero bbox=(977,622,1079,644) mode=compact look=P1 placement=left ring=0 hardPx2=0 softPx2=0 order=5 bound=1
2026.10.06-02.19.14 TAG fighter=f-0-sk0 bbox=(509,496,593,518) mode=compact look=P1 placement=above ring=0 hardPx2=0 softPx2=0 order=3 bound=1
2026.10.06-02.19.14 TAG fighter=f-0-sk1 bbox=(396,458,480,480) mode=compact look=P1 placement=above ring=0 hardPx2=0 softPx2=0 order=2 bound=1
2026.10.06-02.19.14 TAG fighter=f-0-sk2 bbox=(308,584,392,606) mode=compact look=P1 placement=left ring=0 hardPx2=0 softPx2=0 order=4 bound=1
2026.10.06-02.19.14 TAG fighter=f-1-hero bbox=(1036,519,1129,541) mode=compact look=P2 placement=left ring=0 hardPx2=0 softPx2=0 order=0 bound=1
2026.10.06-02.19.14 TAG fighter=f-1-sk0 bbox=(1201,427,1285,449) mode=compact look=P2 placement=above ring=0 hardPx2=0 softPx2=0 order=1 bound=1
2026.10.06-02.19.14 SNAPSHOT applied seq=117 phase=ACTION_MANEUVER
2026.10.06-02.19.14 MS-NET gate released by snapshot op=begin seq=117 (before the HTTP answer)
2026.10.06-02.19.14 HANDLE_APPLIED #159 seq=117 decision=2 fightersValid=1 boardValid=1
2026.10.06-02.19.14 MS-DRAFT op=candidates rev=30 src=snapshot n=4 ids=f-0-hero,f-0-sk0,f-0-sk1,f-0-sk2 autoselect=-
2026.10.06-02.19.14 MANEUVER-DRAFT mode=maneuver:21:116
2026.10.06-02.19.14 DRAFT-OPEN draw committed (resume instead of begin)
2026.10.06-02.19.14 SFX bank=BRD-CANDIDATES tag=candidates class=SFX t=74383 sound=SW_BRD_CANDIDATES_01 gain=0.80
2026.10.06-02.19.14 MODE seq=117 mode=1 combat=0 pending=0
2026.10.06-02.19.14 MS-TRACK own=1/2 opp=0/2 oppVisible=0 seq=117
2026.10.06-02.19.14 CUE sound id=CUE-005 point=cue subject=hand.own seq=117 t=74383 event_t=74383 dt=0 class=SFX sound=SW_CRD_DRAW_04 gain=0.80 result=played
2026.10.06-02.19.14 HUD seq=117 phase=ACTION_MANEUVER turn=you hand=2 oppHand=7(hidden) oppDeck=5~ deck=14~ discard=15
2026.10.06-02.19.14 MS-STATUS seq=117 text="Choose a fighter to move"
2026.10.06-02.19.14 ARTPREVIEW fighter=Medusa hero=1 eligible=0 visual=1 mesh=SK_Medusa_H2LD
2026.10.06-02.19.14 FIGHTERS synced n=6 alive=6 own=4 enemy=2
2026.10.06-02.19.14 WS seq=117 phase=ACTION_MANEUVER (apply)
2026.10.06-02.19.14 HUD-TRACK own=1/2 server=1 local=0 opp=0/2 oppVisible=0 anim=-/- seq=117 frame=2115
2026.10.06-02.19.14 S09AUTO drive mode=1 plan=[attack+scheme] phase=ACTION_MANEUVER turn=cmuhntivg0000wib0anhqyswc
2026.10.06-02.19.14 S09AUTO approach: no improving legal step
2026.10.06-02.19.14 MANEUVER-CONFIRM moves=0 boost=none
2026.10.06-02.19.14 MS-STATUS seq=117 text="Syncing…"
2026.10.06-02.19.14 HUD plate content fighter=f-0-hero name=Medusa hp=14/16 team=own statuses=HERO  |  RANGED teamSlot=P1 look=P1 shape=circle chip=#DAC576
2026.10.06-02.19.14 PLATE fighter=f-0-hero bbox=(951,562,1123,616) overlapReachable=0 placement=above ring=0 gap=6 selection=f-0-hero destinations=5 clean=1 softPx2=0 tested=112 bound=1
2026.10.06-02.19.14 TAG fighter=f-0-sk0 bbox=(509,496,593,518) mode=compact look=P1 placement=above ring=0 hardPx2=0 softPx2=0 order=3 bound=1
2026.10.06-02.19.14 TAG fighter=f-0-sk1 bbox=(396,458,480,480) mode=compact look=P1 placement=above ring=0 hardPx2=0 softPx2=0 order=2 bound=1
2026.10.06-02.19.14 TAG fighter=f-0-sk2 bbox=(308,584,392,606) mode=compact look=P1 placement=left ring=0 hardPx2=0 softPx2=0 order=4 bound=1
2026.10.06-02.19.14 TAG fighter=f-1-hero bbox=(1036,519,1129,541) mode=compact look=P2 placement=left ring=0 hardPx2=0 softPx2=0 order=0 bound=1
2026.10.06-02.19.14 TAG fighter=f-1-sk0 bbox=(1201,427,1285,449) mode=compact look=P2 placement=above ring=0 hardPx2=0 softPx2=0 order=1 bound=1
2026.10.06-02.19.14 MS-NET late-reply op=begin ok=1 settled=snapshot
2026.10.06-02.19.14 SNAPSHOT applied seq=117 phase=ACTION_MANEUVER
2026.10.06-02.19.14 HANDLE_APPLIED #160 seq=117 decision=1 fightersValid=1 boardValid=1
2026.10.06-02.19.14 MODE seq=117 mode=1 combat=0 pending=0
2026.10.06-02.19.14 HUD seq=117 phase=ACTION_MANEUVER turn=you hand=2 oppHand=7(hidden) oppDeck=5 deck=13 discard=15
2026.10.06-02.19.14 ARTPREVIEW fighter=Medusa hero=1 eligible=0 visual=1 mesh=SK_Medusa_H2LD
2026.10.06-02.19.14 FIGHTERS synced n=6 alive=6 own=4 enemy=2
2026.10.06-02.19.14 ARTPREVIEW selection ring shown fighter=Medusa mesh=SM_Marker_SelectionRing
2026.10.06-02.19.14 ARTPREVIEW hero-light fighter=f-0-hero state=active layers=2 lightsOn=2 keyCd=21.291 rimCd=1.809 mul=1.184 pulse=0.40Hz+-4%
2026.10.06-02.19.14 ARTPREVIEW reachable rings cells=5 placed=1 radiusUU=36 segments=48 style=readability color=#FFC857 stroke=#14110C widthUU=3.50 strokeUU=1.50
2026.10.06-02.19.14 MS-NET late-reply merged seq=117 (merge)
2026.10.06-02.19.14 HUD-HAND lower=1 pick=cell cursor=board preview=hidden seq=117
2026.10.06-02.19.14 TAG fighter=f-0-sk0 bbox=(509,496,593,518) mode=compact look=P1 placement=above ring=0 hardPx2=0 softPx2=0 order=3 bound=1
2026.10.06-02.19.14 TAG fighter=f-0-sk1 bbox=(396,458,480,480) mode=compact look=P1 placement=above ring=0 hardPx2=0 softPx2=0 order=2 bound=1
2026.10.06-02.19.14 TAG fighter=f-0-sk2 bbox=(308,584,392,606) mode=compact look=P1 placement=left ring=0 hardPx2=0 softPx2=0 order=4 bound=1
2026.10.06-02.19.14 TAG fighter=f-1-hero bbox=(1036,519,1129,541) mode=compact look=P2 placement=left ring=0 hardPx2=0 softPx2=0 order=0 bound=1
2026.10.06-02.19.14 TAG fighter=f-1-sk0 bbox=(1201,427,1285,449) mode=compact look=P2 placement=above ring=0 hardPx2=0 softPx2=0 order=1 bound=1
2026.10.06-02.19.14 MS-LAST off seq=114 fade=300
2026.10.06-02.19.14 TAG fighter=f-0-sk0 bbox=(509,496,593,518) mode=compact look=P1 placement=above ring=0 hardPx2=0 softPx2=0 order=3 bound=1
2026.10.06-02.19.14 TAG fighter=f-0-sk1 bbox=(396,458,480,480) mode=compact look=P1 placement=above ring=0 hardPx2=0 softPx2=0 order=2 bound=1
2026.10.06-02.19.14 TAG fighter=f-0-sk2 bbox=(308,584,392,606) mode=compact look=P1 placement=left ring=0 hardPx2=0 softPx2=0 order=4 bound=1
2026.10.06-02.19.14 TAG fighter=f-1-hero bbox=(1036,519,1129,541) mode=compact look=P2 placement=left ring=0 hardPx2=0 softPx2=0 order=0 bound=1
2026.10.06-02.19.14 TAG fighter=f-1-sk0 bbox=(1201,427,1285,449) mode=compact look=P2 placement=above ring=0 hardPx2=0 softPx2=0 order=1 bound=1
2026.10.06-02.19.14 SNAPSHOT applied seq=118 phase=ACTION_MANEUVER
2026.10.06-02.19.14 MS-NET gate released by snapshot op=maneuver seq=118 (before the HTTP answer)
2026.10.06-02.19.14 HANDLE_APPLIED #161 seq=118 decision=2 fightersValid=1 boardValid=1
2026.10.06-02.19.14 closed mode=
2026.10.06-02.19.14 MODE seq=118 mode=0 combat=0 pending=0
2026.10.06-02.19.14 MS-LAST enter seq=118 player=cmuhntivg0000wib0anhqyswc source=MANEUVER moves=0 boost=-1
2026.10.06-02.19.14 HUD seq=118 phase=ACTION_MANEUVER turn=you hand=2 oppHand=7(hidden) oppDeck=5~ deck=13~ discard=15
2026.10.06-02.19.14 MS-STATUS seq=118 text="Choose an action: maneuver (M), attack (A) or scheme (G)"
2026.10.06-02.19.14 ARTPREVIEW fighter=Medusa hero=1 eligible=0 visual=1 mesh=SK_Medusa_H2LD
2026.10.06-02.19.14 ARTPREVIEW selection ring shown fighter=Medusa mesh=SM_Marker_SelectionRing
2026.10.06-02.19.14 FIGHTERS synced n=6 alive=6 own=4 enemy=2
2026.10.06-02.19.14 ARTPREVIEW hero-light fighter=f-0-hero state=idle layers=2 lightsOn=2 keyCd=17.984 rimCd=1.528 mul=1.000 pulse=none
2026.10.06-02.19.14 WS seq=118 phase=ACTION_MANEUVER (apply)
2026.10.06-02.19.14 MS-LAST show seq=118 mode=restore player=cmuhntivg0000wib0anhqyswc from=- to=-
2026.10.06-02.19.14 MS-LOG seq=118 moves=0 truncated=0 text="Medusa: maneuver: no movement"
2026.10.06-02.19.14 HUD-HAND lower=0 pick=none cursor=board preview=shown seq=118
2026.10.06-02.19.14 PLATE hidden fighter=f-0-hero
2026.10.06-02.19.14 TAG fighter=f-0-hero bbox=(977,622,1079,644) mode=compact look=P1 placement=left ring=0 hardPx2=0 softPx2=0 order=5 bound=1
2026.10.06-02.19.14 TAG fighter=f-0-sk0 bbox=(509,496,593,518) mode=compact look=P1 placement=above ring=0 hardPx2=0 softPx2=0 order=3 bound=1
2026.10.06-02.19.14 TAG fighter=f-0-sk1 bbox=(396,458,480,480) mode=compact look=P1 placement=above ring=0 hardPx2=0 softPx2=0 order=2 bound=1
2026.10.06-02.19.14 TAG fighter=f-0-sk2 bbox=(308,584,392,606) mode=compact look=P1 placement=left ring=0 hardPx2=0 softPx2=0 order=4 bound=1
2026.10.06-02.19.14 TAG fighter=f-1-hero bbox=(1036,519,1129,541) mode=compact look=P2 placement=left ring=0 hardPx2=0 softPx2=0 order=0 bound=1
2026.10.06-02.19.14 TAG fighter=f-1-sk0 bbox=(1201,427,1285,449) mode=compact look=P2 placement=above ring=0 hardPx2=0 softPx2=0 order=1 bound=1
2026.10.06-02.19.14 MS-NET late-reply op=maneuver ok=1 settled=snapshot
2026.10.06-02.19.14 SNAPSHOT applied seq=118 phase=ACTION_MANEUVER
2026.10.06-02.19.14 HANDLE_APPLIED #162 seq=118 decision=1 fightersValid=1 boardValid=1
2026.10.06-02.19.14 MODE seq=118 mode=0 combat=0 pending=0
2026.10.06-02.19.14 HUD seq=118 phase=ACTION_MANEUVER turn=you hand=2 oppHand=7(hidden) oppDeck=5 deck=13 discard=15
2026.10.06-02.19.14 ARTPREVIEW fighter=Medusa hero=1 eligible=0 visual=1 mesh=SK_Medusa_H2LD
2026.10.06-02.19.14 FIGHTERS synced n=6 alive=6 own=4 enemy=2
2026.10.06-02.19.14 MS-NET late-reply merged seq=118 (merge)
2026.10.06-02.19.14 TAG fighter=f-0-hero bbox=(977,622,1079,644) mode=compact look=P1 placement=left ring=0 hardPx2=0 softPx2=0 order=5 bound=1
2026.10.06-02.19.14 TAG fighter=f-0-sk0 bbox=(509,496,593,518) mode=compact look=P1 placement=above ring=0 hardPx2=0 softPx2=0 order=3 bound=1
2026.10.06-02.19.14 TAG fighter=f-0-sk1 bbox=(396,458,480,480) mode=compact look=P1 placement=above ring=0 hardPx2=0 softPx2=0 order=2 bound=1
2026.10.06-02.19.14 TAG fighter=f-0-sk2 bbox=(308,584,392,606) mode=compact look=P1 placement=left ring=0 hardPx2=0 softPx2=0 order=4 bound=1
2026.10.06-02.19.14 TAG fighter=f-1-hero bbox=(1036,519,1129,541) mode=compact look=P2 placement=left ring=0 hardPx2=0 softPx2=0 order=0 bound=1
2026.10.06-02.19.14 TAG fighter=f-1-sk0 bbox=(1201,427,1285,449) mode=compact look=P2 placement=above ring=0 hardPx2=0 softPx2=0 order=1 bound=1
2026.10.06-02.19.14 TAG fighter=f-0-hero bbox=(977,622,1079,644) mode=compact look=P1 placement=left ring=0 hardPx2=0 softPx2=0 order=5 bound=1
2026.10.06-02.19.14 TAG fighter=f-0-sk0 bbox=(509,496,593,518) mode=compact look=P1 placement=above ring=0 hardPx2=0 softPx2=0 order=3 bound=1
2026.10.06-02.19.14 TAG fighter=f-0-sk1 bbox=(396,458,480,480) mode=compact look=P1 placement=above ring=0 hardPx2=0 softPx2=0 order=2 bound=1
2026.10.06-02.19.14 TAG fighter=f-0-sk2 bbox=(308,584,392,606) mode=compact look=P1 placement=left ring=0 hardPx2=0 softPx2=0 order=4 bound=1
2026.10.06-02.19.14 TAG fighter=f-1-hero bbox=(1036,519,1129,541) mode=compact look=P2 placement=left ring=0 hardPx2=0 softPx2=0 order=0 bound=1
2026.10.06-02.19.14 TAG fighter=f-1-sk0 bbox=(1201,427,1285,449) mode=compact look=P2 placement=above ring=0 hardPx2=0 softPx2=0 order=1 bound=1
2026.10.06-02.19.14 TAG fighter=f-0-hero bbox=(977,622,1079,644) mode=compact look=P1 placement=left ring=0 hardPx2=0 softPx2=0 order=5 bound=1
2026.10.06-02.19.14 TAG fighter=f-0-sk0 bbox=(509,496,593,518) mode=compact look=P1 placement=above ring=0 hardPx2=0 softPx2=0 order=3 bound=1
2026.10.06-02.19.14 TAG fighter=f-0-sk1 bbox=(396,458,480,480) mode=compact look=P1 placement=above ring=0 hardPx2=0 softPx2=0 order=2 bound=1
2026.10.06-02.19.14 TAG fighter=f-0-sk2 bbox=(308,584,392,606) mode=compact look=P1 placement=left ring=0 hardPx2=0 softPx2=0 order=4 bound=1
2026.10.06-02.19.14 TAG fighter=f-1-hero bbox=(1036,519,1129,541) mode=compact look=P2 placement=left ring=0 hardPx2=0 softPx2=0 order=0 bound=1
2026.10.06-02.19.14 TAG fighter=f-1-sk0 bbox=(1201,427,1285,449) mode=compact look=P2 placement=above ring=0 hardPx2=0 softPx2=0 order=1 bound=1
2026.10.06-02.19.14 TAG fighter=f-0-hero bbox=(977,622,1079,644) mode=compact look=P1 placement=left ring=0 hardPx2=0 softPx2=0 order=5 bound=1
2026.10.06-02.19.14 TAG fighter=f-0-sk0 bbox=(509,496,593,518) mode=compact look=P1 placement=above ring=0 hardPx2=0 softPx2=0 order=3 bound=1
2026.10.06-02.19.14 TAG fighter=f-0-sk1 bbox=(396,458,480,480) mode=compact look=P1 placement=above ring=0 hardPx2=0 softPx2=0 order=2 bound=1
2026.10.06-02.19.14 TAG fighter=f-0-sk2 bbox=(308,584,392,606) mode=compact look=P1 placement=left ring=0 hardPx2=0 softPx2=0 order=4 bound=1
2026.10.06-02.19.14 TAG fighter=f-1-hero bbox=(1036,519,1129,541) mode=compact look=P2 placement=left ring=0 hardPx2=0 softPx2=0 order=0 bound=1
2026.10.06-02.19.14 TAG fighter=f-1-sk0 bbox=(1201,427,1285,449) mode=compact look=P2 placement=above ring=0 hardPx2=0 softPx2=0 order=1 bound=1
2026.10.06-02.19.14 TAG fighter=f-0-hero bbox=(977,622,1079,644) mode=compact look=P1 placement=left ring=0 hardPx2=0 softPx2=0 order=5 bound=1
2026.10.06-02.19.14 TAG fighter=f-0-sk0 bbox=(509,496,593,518) mode=compact look=P1 placement=above ring=0 hardPx2=0 softPx2=0 order=3 bound=1
2026.10.06-02.19.14 TAG fighter=f-0-sk1 bbox=(396,458,480,480) mode=compact look=P1 placement=above ring=0 hardPx2=0 softPx2=0 order=2 bound=1
2026.10.06-02.19.14 TAG fighter=f-0-sk2 bbox=(308,584,392,606) mode=compact look=P1 placement=left ring=0 hardPx2=0 softPx2=0 order=4 bound=1
2026.10.06-02.19.14 TAG fighter=f-1-hero bbox=(1036,519,1129,541) mode=compact look=P2 placement=left ring=0 hardPx2=0 softPx2=0 order=0 bound=1
2026.10.06-02.19.14 TAG fighter=f-1-sk0 bbox=(1201,427,1285,449) mode=compact look=P2 placement=above ring=0 hardPx2=0 softPx2=0 order=1 bound=1
2026.10.06-02.19.14 ARTPREVIEW anim fighter=f-1-hero clip=Idle len=2.500 event=clipFinished loop=1 phase=0.3470 seq=-1 asset=AM_KingArthur_Idle rate=1.00
2026.10.06-02.19.15 TAG fighter=f-0-hero bbox=(977,622,1079,644) mode=compact look=P1 placement=left ring=0 hardPx2=0 softPx2=0 order=5 bound=1
2026.10.06-02.19.15 TAG fighter=f-0-sk0 bbox=(509,496,593,518) mode=compact look=P1 placement=above ring=0 hardPx2=0 softPx2=0 order=3 bound=1
2026.10.06-02.19.15 TAG fighter=f-0-sk1 bbox=(396,458,480,480) mode=compact look=P1 placement=above ring=0 hardPx2=0 softPx2=0 order=1 bound=1
2026.10.06-02.19.15 TAG fighter=f-0-sk2 bbox=(308,584,392,606) mode=compact look=P1 placement=left ring=0 hardPx2=0 softPx2=0 order=4 bound=1
2026.10.06-02.19.15 TAG fighter=f-1-hero bbox=(1036,519,1129,541) mode=compact look=P2 placement=left ring=0 hardPx2=0 softPx2=0 order=2 bound=1
2026.10.06-02.19.15 TAG fighter=f-1-sk0 bbox=(1201,427,1285,449) mode=compact look=P2 placement=above ring=0 hardPx2=0 softPx2=0 order=0 bound=1
2026.10.06-02.19.15 game -> room=cmuw1u4nq0561t84m7cuv93yr code=<redacted> status=IN_PROGRESS
2026.10.06-02.19.15 HUD-SLOT off seq=115 ribbon=discarded shown=1267 reason=done
2026.10.06-02.19.15 S09AUTO drive mode=0 plan=[attack+scheme] phase=ACTION_MANEUVER turn=cmuhntivg0000wib0anhqyswc
2026.10.06-02.19.15 S09AUTO attack (attacker=f-0-hero target-set card-set)
2026.10.06-02.19.15 ATTACK sent ability=none
2026.10.06-02.19.15 HUD-TRACK chosen=attack seq=118 spent=1
2026.10.06-02.19.15 ARTPREVIEW hero-light fighter=f-0-hero state=active layers=2 lightsOn=2 keyCd=20.147 rimCd=1.712 mul=1.120 pulse=0.40Hz+-4%
2026.10.06-02.19.15 ARTPREVIEW combat marker fighter=Medusa attacker=1 target=0 icon=0 targetMesh=SM_Marker_TargetRing iconMode=screen targetArcScaleXY=0.920
2026.10.06-02.19.15 ARTPREVIEW combat marker fighter=King Arthur attacker=0 target=1 icon=1 targetMesh=SM_Marker_TargetRing iconMode=screen targetArcScaleXY=0.920
2026.10.06-02.19.15 MS-STATUS seq=118 text="Syncing…"
2026.10.06-02.19.15 TOAST text="attack sent"
2026.10.06-02.19.15 TAG fighter=f-0-hero bbox=(977,622,1079,644) mode=compact look=P1 placement=left ring=0 hardPx2=0 softPx2=0 order=5 bound=1
2026.10.06-02.19.15 TAG fighter=f-0-sk0 bbox=(509,496,593,518) mode=compact look=P1 placement=above ring=0 hardPx2=0 softPx2=0 order=3 bound=1
2026.10.06-02.19.15 TAG fighter=f-0-sk1 bbox=(396,458,480,480) mode=compact look=P1 placement=above ring=0 hardPx2=0 softPx2=0 order=2 bound=1
2026.10.06-02.19.15 TAG fighter=f-0-sk2 bbox=(308,584,392,606) mode=compact look=P1 placement=left ring=0 hardPx2=0 softPx2=0 order=4 bound=1
2026.10.06-02.19.15 TAG fighter=f-1-hero bbox=(1036,519,1129,541) mode=compact look=P2 placement=left ring=0 hardPx2=0 softPx2=0 order=0 bound=1
2026.10.06-02.19.15 TAG fighter=f-1-sk0 bbox=(1201,427,1285,449) mode=compact look=P2 placement=above ring=0 hardPx2=0 softPx2=0 order=1 bound=1
2026.10.06-02.19.15 ICON fighter=f-1-hero bbox=(1217,541,1249,573) size=32 src=combat anchor=right fallback=0 overlapPx2=0 texture=/Game/S08/UI/IconsV3/T_IV3_action_attack_token_32.T_IV3_action_attack_token_32
2026.10.06-02.19.15 HUD-TRACK own=2/2 server=1 local=1 opp=0/2 oppVisible=0 anim=spend/- seq=118 frame=2152
2026.10.06-02.19.15 TAG fighter=f-0-hero bbox=(977,622,1079,644) mode=compact look=P1 placement=left ring=0 hardPx2=0 softPx2=0 order=5 bound=1
2026.10.06-02.19.15 TAG fighter=f-0-sk0 bbox=(509,496,593,518) mode=compact look=P1 placement=above ring=0 hardPx2=0 softPx2=0 order=3 bound=1
2026.10.06-02.19.15 TAG fighter=f-0-sk1 bbox=(396,458,480,480) mode=compact look=P1 placement=above ring=0 hardPx2=0 softPx2=0 order=2 bound=1
2026.10.06-02.19.15 TAG fighter=f-0-sk2 bbox=(308,584,392,606) mode=compact look=P1 placement=left ring=0 hardPx2=0 softPx2=0 order=4 bound=1
2026.10.06-02.19.15 TAG fighter=f-1-hero bbox=(1036,519,1129,541) mode=compact look=P2 placement=left ring=0 hardPx2=0 softPx2=0 order=0 bound=1
2026.10.06-02.19.15 TAG fighter=f-1-sk0 bbox=(1201,427,1285,449) mode=compact look=P2 placement=above ring=0 hardPx2=0 softPx2=0 order=1 bound=1
2026.10.06-02.19.15 ICON fighter=f-1-hero bbox=(1217,541,1249,573) size=32 src=combat anchor=right fallback=0 overlapPx2=0 texture=/Game/S08/UI/IconsV3/T_IV3_action_attack_token_32.T_IV3_action_attack_token_32
2026.10.06-02.19.15 SNAPSHOT applied seq=119 phase=COMBAT
2026.10.06-02.19.15 HANDLE_APPLIED #163 seq=119 decision=2 fightersValid=1 boardValid=1
2026.10.06-02.19.15 MUSIC state=combat theme=MUS-MAP-SARPEDON t=75684
2026.10.06-02.19.15 CUE sound id=CUE-008 point=cue subject=f-0-hero seq=119 t=75684 event_t=75684 dt=0 class=SFX sound=SW_CMB_ATTACK_DECLARE_01 gain=0.80 result=played
2026.10.06-02.19.15 VO event=ATTACK speaker=MEDUSA t=75684 result=played line=MEDUSA-ATTACK-01 prio=3
2026.10.06-02.19.15 VO subtitle line=MEDUSA-ATTACK-01 until=77521
2026.10.06-02.19.15 CUE fx id=CUE-008 subject=f-0-hero seq=119 t=75684 vfx=missing sfx=missing clip=none mat=none socket=Weapon reduced=0 result=fallback
2026.10.06-02.19.15 closed mode=
2026.10.06-02.19.15 MODE seq=119 mode=0 combat=1 pending=0
2026.10.06-02.19.15 MS-OPP verb=defend seq=119
2026.10.06-02.19.15 MS-TRACK own=2/2 opp=0/2 oppVisible=0 seq=119
2026.10.06-02.19.15 HUD seq=119 phase=COMBAT turn=you hand=1 oppHand=7(hidden) oppDeck=5 deck=13 discard=16
2026.10.06-02.19.15 MS-STATUS seq=119 text="Waiting for the defender"
2026.10.06-02.19.15 ARTPREVIEW fighter=Medusa hero=1 eligible=0 visual=1 mesh=SK_Medusa_H2LD
2026.10.06-02.19.15 FIGHTERS synced n=6 alive=6 own=4 enemy=2
2026.10.06-02.19.15 ATTACK done seq=119 (apply) phase=COMBAT
2026.10.06-02.19.15 SNAPSHOT applied seq=119 phase=COMBAT
2026.10.06-02.19.15 HANDLE_APPLIED #164 seq=119 decision=1 fightersValid=1 boardValid=1
2026.10.06-02.19.15 MODE seq=119 mode=0 combat=1 pending=0
2026.10.06-02.19.15 HUD seq=119 phase=COMBAT turn=you hand=1 oppHand=7(hidden) oppDeck=5 deck=13 discard=16
2026.10.06-02.19.15 ARTPREVIEW fighter=Medusa hero=1 eligible=0 visual=1 mesh=SK_Medusa_H2LD
2026.10.06-02.19.15 FIGHTERS synced n=6 alive=6 own=4 enemy=2
2026.10.06-02.19.15 WS seq=119 phase=COMBAT (merge)
2026.10.06-02.19.15 HUD-TRACK own=2/2 server=2 local=0 opp=0/2 oppVisible=0 anim=-/- seq=119 frame=2154
2026.10.06-02.19.15 TAG fighter=f-0-hero bbox=(977,622,1079,644) mode=compact look=P1 placement=left ring=0 hardPx2=0 softPx2=0 order=5 bound=1
2026.10.06-02.19.15 TAG fighter=f-0-sk0 bbox=(509,496,593,518) mode=compact look=P1 placement=above ring=0 hardPx2=0 softPx2=0 order=3 bound=1
2026.10.06-02.19.15 TAG fighter=f-0-sk1 bbox=(396,458,480,480) mode=compact look=P1 placement=above ring=0 hardPx2=0 softPx2=0 order=2 bound=1
2026.10.06-02.19.15 TAG fighter=f-0-sk2 bbox=(308,584,392,606) mode=compact look=P1 placement=left ring=0 hardPx2=0 softPx2=0 order=4 bound=1
2026.10.06-02.19.15 TAG fighter=f-1-hero bbox=(1036,519,1129,541) mode=compact look=P2 placement=left ring=0 hardPx2=0 softPx2=0 order=0 bound=1
2026.10.06-02.19.15 TAG fighter=f-1-sk0 bbox=(1201,427,1285,449) mode=compact look=P2 placement=above ring=0 hardPx2=0 softPx2=0 order=1 bound=1
2026.10.06-02.19.15 ICON fighter=f-1-hero bbox=(1217,541,1249,573) size=32 src=combat anchor=right fallback=0 overlapPx2=0 texture=/Game/S08/UI/IconsV3/T_IV3_action_attack_token_32.T_IV3_action_attack_token_32
2026.10.06-02.19.15 SNAPSHOT applied seq=120 phase=COMBAT_RESOLVE
2026.10.06-02.19.15 HANDLE_APPLIED #165 seq=120 decision=2 fightersValid=1 boardValid=1
2026.10.06-02.19.15 CUE sound id=CUE-009 point=cue subject=f-1-hero seq=120 t=75817 event_t=75817 dt=0 class=SFX sound=SW_CMB_DEFENSE_PLAYED_01 gain=0.80 result=played
2026.10.06-02.19.15 VO event=DEFEND speaker=ARTHUR t=75817 result=skipped line=- prio=4 reason=busy
2026.10.06-02.19.15 CUE fx done id=CUE-008 subject=f-0-hero seq=119 t=75817 ms=133 cut=interrupt
2026.10.06-02.19.15 CUE fx id=CUE-009 subject=f-1-hero seq=120 t=75817 vfx=missing sfx=missing clip=none mat=FxFlash socket=Head reduced=0 result=fallback
2026.10.06-02.19.15 closed mode=
2026.10.06-02.19.15 MODE seq=120 mode=5 combat=1 pending=0
2026.10.06-02.19.15 HUD seq=120 phase=COMBAT_RESOLVE turn=you hand=1 oppHand=6(hidden) oppDeck=5~ deck=13~ discard=16
2026.10.06-02.19.15 MS-STATUS seq=120 text="Resolve the combat (R)"
2026.10.06-02.19.15 ARTPREVIEW fighter=Medusa hero=1 eligible=0 visual=1 mesh=SK_Medusa_H2LD
2026.10.06-02.19.15 FIGHTERS synced n=6 alive=6 own=4 enemy=2
2026.10.06-02.19.15 WS seq=120 phase=COMBAT_RESOLVE (apply)
2026.10.06-02.19.15 S09AUTO drive mode=5 plan=[attack+scheme] phase=COMBAT_RESOLVE turn=cmuhntivg0000wib0anhqyswc
2026.10.06-02.19.15 TAG fighter=f-0-hero bbox=(977,622,1079,644) mode=compact look=P1 placement=left ring=0 hardPx2=0 softPx2=0 order=5 bound=1
2026.10.06-02.19.15 TAG fighter=f-0-sk0 bbox=(509,496,593,518) mode=compact look=P1 placement=above ring=0 hardPx2=0 softPx2=0 order=3 bound=1
2026.10.06-02.19.15 TAG fighter=f-0-sk1 bbox=(396,458,480,480) mode=compact look=P1 placement=above ring=0 hardPx2=0 softPx2=0 order=2 bound=1
2026.10.06-02.19.15 TAG fighter=f-0-sk2 bbox=(308,584,392,606) mode=compact look=P1 placement=left ring=0 hardPx2=0 softPx2=0 order=4 bound=1
2026.10.06-02.19.15 TAG fighter=f-1-hero bbox=(1036,519,1129,541) mode=compact look=P2 placement=left ring=0 hardPx2=0 softPx2=0 order=0 bound=1
2026.10.06-02.19.15 TAG fighter=f-1-sk0 bbox=(1201,427,1285,449) mode=compact look=P2 placement=above ring=0 hardPx2=0 softPx2=0 order=1 bound=1
2026.10.06-02.19.15 ICON fighter=f-1-hero bbox=(1217,541,1249,573) size=32 src=combat anchor=right fallback=0 overlapPx2=0 texture=/Game/S08/UI/IconsV3/T_IV3_action_attack_token_32.T_IV3_action_attack_token_32
2026.10.06-02.19.15 SNAPSHOT applied seq=121 phase=ACTION_MANEUVER
2026.10.06-02.19.15 HANDLE_APPLIED #166 seq=121 decision=2 fightersValid=1 boardValid=1
2026.10.06-02.19.15 COMBAT-RESULT seq=121 damage=1 role=attacked
2026.10.06-02.19.15 COMBAT-LOG seq=121 log=121 n=13 entries=1 lines=1 src=log outcomes=APPLIED:1
2026.10.06-02.19.15 CUE combat seq=121 stage=start t=75917 attacker=f-0-hero target=f-1-hero text=1 lines=1 damage=1 lethal=0 shown=0 speed=1.00 flip=620 contact=333 src=notify a=2 d=1 outcome=win
2026.10.06-02.19.15 CUE fx id=CUE-010 subject=scene seq=121 t=75917 vfx=none sfx=missing clip=none mat=none socket=- reduced=0 result=fallback
2026.10.06-02.19.15 CUE sound id=CUE-010 point=cue subject=card.attack seq=121 t=75917 event_t=75917 dt=0 class=SFX sound=SW_CRD_FLIP_03 gain=0.80 result=played
2026.10.06-02.19.15 CUE sound id=CUE-010 point=cue subject=card.defense seq=121 t=75917 event_t=75917 dt=0 class=SFX sound=SW_CRD_FLIP_02 gain=0.80 result=played
2026.10.06-02.19.15 closed mode=
2026.10.06-02.19.15 MODE seq=121 mode=0 combat=0 pending=0
2026.10.06-02.19.15 MS-OPP verb=turn seq=121
2026.10.06-02.19.15 MS-TRACK own=0/2 opp=0/2 oppVisible=1 seq=121
2026.10.06-02.19.15 MS-LAST fade seq=118 at=121 ms=300
2026.10.06-02.19.15 CUE sound id=CUE-015 point=turn subject=- seq=121 t=75917 event_t=75917 dt=0 class=UI sound=none gain=0.80 result=silent turn=opp reason=opponent
2026.10.06-02.19.15 HUD-TURN seq=121 turn=opp initial=0 ring=marker-turn-ring flash=1000 banner=0 reduced=0
2026.10.06-02.19.15 HUD seq=121 phase=ACTION_MANEUVER turn=opp hand=1 oppHand=6(hidden) oppDeck=5~ deck=13~ discard=16
2026.10.06-02.19.15 MS-STATUS seq=121 text="King Arthur — Opponent is choosing an action"
2026.10.06-02.19.15 ARTPREVIEW fighter=Medusa hero=1 eligible=0 visual=1 mesh=SK_Medusa_H2LD
2026.10.06-02.19.15 FIGHTERS synced n=6 alive=6 own=4 enemy=2
2026.10.06-02.19.15 CUE damage f-1-hero -1 seq=121 staged=contact
2026.10.06-02.19.15 WS seq=121 phase=ACTION_MANEUVER (apply)
2026.10.06-02.19.15 HUD-TRACK own=0/2 server=0 local=0 opp=0/2 oppVisible=1 anim=reset/reset seq=121 frame=2161
2026.10.06-02.19.15 S09AUTO drive mode=0 plan=[attack+scheme] phase=ACTION_MANEUVER turn=cmuhntiwu0001wib0z281rpa8
2026.10.06-02.19.15 TAG fighter=f-0-hero bbox=(977,622,1079,644) mode=compact look=P1 placement=left ring=0 hardPx2=0 softPx2=0 order=5 bound=1
2026.10.06-02.19.15 TAG fighter=f-0-sk0 bbox=(509,496,593,518) mode=compact look=P1 placement=above ring=0 hardPx2=0 softPx2=0 order=3 bound=1
2026.10.06-02.19.15 TAG fighter=f-0-sk1 bbox=(396,458,480,480) mode=compact look=P1 placement=above ring=0 hardPx2=0 softPx2=0 order=2 bound=1
2026.10.06-02.19.15 TAG fighter=f-0-sk2 bbox=(308,584,392,606) mode=compact look=P1 placement=left ring=0 hardPx2=0 softPx2=0 order=4 bound=1
2026.10.06-02.19.15 TAG fighter=f-1-hero bbox=(1036,519,1129,541) mode=compact look=P2 placement=left ring=0 hardPx2=0 softPx2=0 order=0 bound=1
2026.10.06-02.19.15 TAG fighter=f-1-sk0 bbox=(1201,427,1285,449) mode=compact look=P2 placement=above ring=0 hardPx2=0 softPx2=0 order=1 bound=1
2026.10.06-02.19.15 ICON fighter=f-1-hero bbox=(1217,541,1249,573) size=32 src=combat anchor=right fallback=0 overlapPx2=0 texture=/Game/S08/UI/IconsV3/T_IV3_action_attack_token_32.T_IV3_action_attack_token_32
2026.10.06-02.19.15 SNAPSHOT applied seq=122 phase=ACTION_MANEUVER
2026.10.06-02.19.15 HANDLE_APPLIED #167 seq=122 decision=2 fightersValid=1 boardValid=1
2026.10.06-02.19.15 MODE seq=122 mode=0 combat=0 pending=0
2026.10.06-02.19.15 MS-OPP verb=maneuver seq=122
2026.10.06-02.19.15 MS-TRACK own=0/2 opp=1/2 oppVisible=1 seq=122
2026.10.06-02.19.15 MS-OPP planning=1 seq=122
2026.10.06-02.19.15 CUE sound id=CUE-005 point=cue subject=hand.opp seq=122 t=76017 event_t=76017 dt=0 class=SFX sound=SW_CRD_DRAW_02 gain=0.80 result=played
2026.10.06-02.19.15 HUD seq=122 phase=ACTION_MANEUVER turn=opp hand=1 oppHand=7(hidden) oppDeck=5~ deck=13~ discard=16
2026.10.06-02.19.15 MS-STATUS seq=122 text="King Arthur — Opponent is planning a maneuver"
2026.10.06-02.19.15 ARTPREVIEW fighter=Medusa hero=1 eligible=0 visual=1 mesh=SK_Medusa_H2LD
2026.10.06-02.19.15 FIGHTERS synced n=6 alive=6 own=4 enemy=2
2026.10.06-02.19.15 WS seq=122 phase=ACTION_MANEUVER (apply)
2026.10.06-02.19.15 HUD-TRACK own=0/2 server=0 local=0 opp=1/2 oppVisible=1 anim=-/spend seq=122 frame=2164
2026.10.06-02.19.16 SNAPSHOT applied seq=123 phase=ACTION_MANEUVER
2026.10.06-02.19.16 HANDLE_APPLIED #168 seq=123 decision=2 fightersValid=1 boardValid=1
2026.10.06-02.19.16 MODE seq=123 mode=0 combat=0 pending=0
2026.10.06-02.19.16 MS-OPP verb=turn seq=123
2026.10.06-02.19.16 MS-OPP planning=0 seq=123
2026.10.06-02.19.16 MS-LAST replace seq=118 by=123
2026.10.06-02.19.16 MS-LAST enter seq=123 player=cmuhntiwu0001wib0z281rpa8 source=MANEUVER moves=1 boost=-1
2026.10.06-02.19.16 HUD seq=123 phase=ACTION_MANEUVER turn=opp hand=1 oppHand=7(hidden) oppDeck=5~ deck=13~ discard=16
2026.10.06-02.19.16 MS-STATUS seq=123 text="King Arthur — Opponent is choosing an action"
2026.10.06-02.19.16 ARTPREVIEW fighter=Medusa hero=1 eligible=0 visual=1 mesh=SK_Medusa_H2LD
2026.10.06-02.19.16 FIGHTERS synced n=6 alive=6 own=4 enemy=2
2026.10.06-02.19.16 MS-CUE move seq=123 fighter=f-1-hero order=0 of=1 kind=move steps=1 source=trail start=0 ms=280 snapped=0 path=S25>S26 speed=normal reduced=0
2026.10.06-02.19.16 CUE sound id=CUE-007 point=step subject=f-1-hero seq=123 t=76117 event_t=76117 dt=0 class=SFX sound=SW_BRD_STEP_03 gain=0.80 result=played edge=1/1 due=76117
2026.10.06-02.19.16 MS-ANIM play seq=123 moves=1 animated=1 speed=normal reduced=0 end=430
2026.10.06-02.19.16 CUE move f-1-hero (6,3)->(7,3) seq=123
2026.10.06-02.19.16 WS seq=123 phase=ACTION_MANEUVER (apply)
2026.10.06-02.19.16 TAG fighter=f-0-hero bbox=(977,622,1079,644) mode=compact look=P1 placement=left ring=0 hardPx2=0 softPx2=0 order=5 bound=1
2026.10.06-02.19.16 TAG fighter=f-0-sk0 bbox=(509,496,593,518) mode=compact look=P1 placement=above ring=0 hardPx2=0 softPx2=0 order=3 bound=1
2026.10.06-02.19.16 TAG fighter=f-0-sk1 bbox=(396,458,480,480) mode=compact look=P1 placement=above ring=0 hardPx2=0 softPx2=0 order=2 bound=1
2026.10.06-02.19.16 TAG fighter=f-0-sk2 bbox=(308,584,392,606) mode=compact look=P1 placement=left ring=0 hardPx2=0 softPx2=0 order=4 bound=1
2026.10.06-02.19.16 TAG fighter=f-1-hero bbox=(1052,520,1145,542) mode=compact look=P2 placement=left ring=0 hardPx2=0 softPx2=0 order=0 bound=1
2026.10.06-02.19.16 TAG fighter=f-1-sk0 bbox=(1201,427,1285,449) mode=compact look=P2 placement=above ring=0 hardPx2=0 softPx2=0 order=1 bound=1
2026.10.06-02.19.16 ICON fighter=f-1-hero bbox=(1234,542,1266,574) size=32 src=combat anchor=right fallback=0 overlapPx2=0 texture=/Game/S08/UI/IconsV3/T_IV3_action_attack_token_32.T_IV3_action_attack_token_32
2026.10.06-02.19.16 TAG fighter=f-0-hero bbox=(977,622,1079,644) mode=compact look=P1 placement=left ring=0 hardPx2=0 softPx2=0 order=5 bound=1
2026.10.06-02.19.16 TAG fighter=f-0-sk0 bbox=(509,496,593,518) mode=compact look=P1 placement=above ring=0 hardPx2=0 softPx2=0 order=3 bound=1
2026.10.06-02.19.16 TAG fighter=f-0-sk1 bbox=(396,458,480,480) mode=compact look=P1 placement=above ring=0 hardPx2=0 softPx2=0 order=2 bound=1
2026.10.06-02.19.16 TAG fighter=f-0-sk2 bbox=(308,584,392,606) mode=compact look=P1 placement=left ring=0 hardPx2=0 softPx2=0 order=4 bound=1
2026.10.06-02.19.16 TAG fighter=f-1-hero bbox=(1068,521,1161,543) mode=compact look=P2 placement=left ring=0 hardPx2=0 softPx2=0 order=0 bound=1
2026.10.06-02.19.16 TAG fighter=f-1-sk0 bbox=(1201,427,1285,449) mode=compact look=P2 placement=above ring=0 hardPx2=0 softPx2=0 order=1 bound=1
2026.10.06-02.19.16 ICON fighter=f-1-hero bbox=(1251,542,1283,574) size=32 src=combat anchor=right fallback=0 overlapPx2=0 texture=/Game/S08/UI/IconsV3/T_IV3_action_attack_token_32.T_IV3_action_attack_token_32
2026.10.06-02.19.16 TAG fighter=f-0-hero bbox=(1072,598,1174,620) mode=compact look=P1 placement=above ring=0 hardPx2=0 softPx2=0 order=5 bound=1
2026.10.06-02.19.16 TAG fighter=f-0-sk0 bbox=(509,496,593,518) mode=compact look=P1 placement=above ring=0 hardPx2=0 softPx2=0 order=3 bound=1
2026.10.06-02.19.16 TAG fighter=f-0-sk1 bbox=(396,458,480,480) mode=compact look=P1 placement=above ring=0 hardPx2=0 softPx2=0 order=2 bound=1
2026.10.06-02.19.16 TAG fighter=f-0-sk2 bbox=(308,584,392,606) mode=compact look=P1 placement=left ring=0 hardPx2=0 softPx2=0 order=4 bound=1
2026.10.06-02.19.16 TAG fighter=f-1-hero bbox=(1085,521,1178,543) mode=compact look=P2 placement=left ring=0 hardPx2=0 softPx2=0 order=0 bound=1
2026.10.06-02.19.16 TAG fighter=f-1-sk0 bbox=(1201,427,1285,449) mode=compact look=P2 placement=above ring=0 hardPx2=0 softPx2=0 order=1 bound=1
2026.10.06-02.19.16 ICON fighter=f-1-hero bbox=(1268,543,1300,575) size=32 src=combat anchor=right fallback=0 overlapPx2=0 texture=/Game/S08/UI/IconsV3/T_IV3_action_attack_token_32.T_IV3_action_attack_token_32
2026.10.06-02.19.16 TAG fighter=f-0-hero bbox=(1072,598,1174,620) mode=compact look=P1 placement=above ring=0 hardPx2=0 softPx2=0 order=5 bound=1
2026.10.06-02.19.16 TAG fighter=f-0-sk0 bbox=(509,496,593,518) mode=compact look=P1 placement=above ring=0 hardPx2=0 softPx2=0 order=3 bound=1
2026.10.06-02.19.16 TAG fighter=f-0-sk1 bbox=(396,458,480,480) mode=compact look=P1 placement=above ring=0 hardPx2=0 softPx2=0 order=2 bound=1
2026.10.06-02.19.16 TAG fighter=f-0-sk2 bbox=(308,584,392,606) mode=compact look=P1 placement=left ring=0 hardPx2=0 softPx2=0 order=4 bound=1
2026.10.06-02.19.16 TAG fighter=f-1-hero bbox=(1284,522,1377,544) mode=compact look=P2 placement=right ring=0 hardPx2=0 softPx2=0 order=0 bound=1
2026.10.06-02.19.16 TAG fighter=f-1-sk0 bbox=(1201,427,1285,449) mode=compact look=P2 placement=above ring=0 hardPx2=0 softPx2=0 order=1 bound=1
2026.10.06-02.19.16 ICON fighter=f-1-hero bbox=(1161,543,1193,575) size=32 src=combat anchor=left fallback=0 overlapPx2=0 texture=/Game/S08/UI/IconsV3/T_IV3_action_attack_token_32.T_IV3_action_attack_token_32
2026.10.06-02.19.16 TAG fighter=f-0-hero bbox=(1072,598,1174,620) mode=compact look=P1 placement=above ring=0 hardPx2=0 softPx2=0 order=5 bound=1
2026.10.06-02.19.16 TAG fighter=f-0-sk0 bbox=(509,496,593,518) mode=compact look=P1 placement=above ring=0 hardPx2=0 softPx2=0 order=3 bound=1
2026.10.06-02.19.16 TAG fighter=f-0-sk1 bbox=(396,458,480,480) mode=compact look=P1 placement=above ring=0 hardPx2=0 softPx2=0 order=2 bound=1
2026.10.06-02.19.16 TAG fighter=f-0-sk2 bbox=(308,584,392,606) mode=compact look=P1 placement=left ring=0 hardPx2=0 softPx2=0 order=4 bound=1
2026.10.06-02.19.16 TAG fighter=f-1-hero bbox=(1301,522,1394,544) mode=compact look=P2 placement=right ring=0 hardPx2=0 softPx2=0 order=0 bound=1
2026.10.06-02.19.16 TAG fighter=f-1-sk0 bbox=(1201,427,1285,449) mode=compact look=P2 placement=above ring=0 hardPx2=0 softPx2=0 order=1 bound=1
2026.10.06-02.19.16 ICON fighter=f-1-hero bbox=(1302,544,1334,576) size=32 src=combat anchor=right fallback=0 overlapPx2=0 texture=/Game/S08/UI/IconsV3/T_IV3_action_attack_token_32.T_IV3_action_attack_token_32
2026.10.06-02.19.16 CUE fx done id=CUE-009 subject=f-1-hero seq=120 t=76317 ms=500 cut=0
2026.10.06-02.19.16 TAG fighter=f-0-hero bbox=(1072,598,1174,620) mode=compact look=P1 placement=above ring=0 hardPx2=0 softPx2=0 order=5 bound=1
2026.10.06-02.19.16 TAG fighter=f-0-sk0 bbox=(509,496,593,518) mode=compact look=P1 placement=above ring=0 hardPx2=0 softPx2=0 order=3 bound=1
2026.10.06-02.19.16 TAG fighter=f-0-sk1 bbox=(396,458,480,480) mode=compact look=P1 placement=above ring=0 hardPx2=0 softPx2=0 order=2 bound=1
2026.10.06-02.19.16 TAG fighter=f-0-sk2 bbox=(308,584,392,606) mode=compact look=P1 placement=left ring=0 hardPx2=0 softPx2=0 order=4 bound=1
2026.10.06-02.19.16 TAG fighter=f-1-hero bbox=(1319,523,1412,545) mode=compact look=P2 placement=right ring=0 hardPx2=0 softPx2=0 order=0 bound=1
2026.10.06-02.19.16 TAG fighter=f-1-sk0 bbox=(1201,427,1285,449) mode=compact look=P2 placement=above ring=0 hardPx2=0 softPx2=0 order=1 bound=1
2026.10.06-02.19.16 ICON fighter=f-1-hero bbox=(1194,544,1226,576) size=32 src=combat anchor=left fallback=0 overlapPx2=0 texture=/Game/S08/UI/IconsV3/T_IV3_action_attack_token_32.T_IV3_action_attack_token_32
2026.10.06-02.19.16 TAG fighter=f-0-hero bbox=(1072,598,1174,620) mode=compact look=P1 placement=above ring=0 hardPx2=0 softPx2=0 order=5 bound=1
2026.10.06-02.19.16 TAG fighter=f-0-sk0 bbox=(509,496,593,518) mode=compact look=P1 placement=above ring=0 hardPx2=0 softPx2=0 order=3 bound=1
2026.10.06-02.19.16 TAG fighter=f-0-sk1 bbox=(396,458,480,480) mode=compact look=P1 placement=above ring=0 hardPx2=0 softPx2=0 order=2 bound=1
2026.10.06-02.19.16 TAG fighter=f-0-sk2 bbox=(308,584,392,606) mode=compact look=P1 placement=left ring=0 hardPx2=0 softPx2=0 order=4 bound=1
2026.10.06-02.19.16 TAG fighter=f-1-hero bbox=(1335,523,1428,545) mode=compact look=P2 placement=right ring=0 hardPx2=0 softPx2=0 order=0 bound=1
2026.10.06-02.19.16 TAG fighter=f-1-sk0 bbox=(1201,427,1285,449) mode=compact look=P2 placement=above ring=0 hardPx2=0 softPx2=0 order=1 bound=1
2026.10.06-02.19.16 ICON fighter=f-1-hero bbox=(1336,545,1368,577) size=32 src=combat anchor=right fallback=0 overlapPx2=0 texture=/Game/S08/UI/IconsV3/T_IV3_action_attack_token_32.T_IV3_action_attack_token_32
2026.10.06-02.19.16 TAG fighter=f-0-hero bbox=(1072,598,1174,620) mode=compact look=P1 placement=above ring=0 hardPx2=0 softPx2=0 order=5 bound=1
2026.10.06-02.19.16 TAG fighter=f-0-sk0 bbox=(509,496,593,518) mode=compact look=P1 placement=above ring=0 hardPx2=0 softPx2=0 order=3 bound=1
2026.10.06-02.19.16 TAG fighter=f-0-sk1 bbox=(396,458,480,480) mode=compact look=P1 placement=above ring=0 hardPx2=0 softPx2=0 order=2 bound=1
2026.10.06-02.19.16 TAG fighter=f-0-sk2 bbox=(308,584,392,606) mode=compact look=P1 placement=left ring=0 hardPx2=0 softPx2=0 order=4 bound=1
2026.10.06-02.19.16 TAG fighter=f-1-hero bbox=(1352,524,1445,546) mode=compact look=P2 placement=right ring=0 hardPx2=0 softPx2=0 order=0 bound=1
2026.10.06-02.19.16 TAG fighter=f-1-sk0 bbox=(1201,427,1285,449) mode=compact look=P2 placement=above ring=0 hardPx2=0 softPx2=0 order=1 bound=1
2026.10.06-02.19.16 ICON fighter=f-1-hero bbox=(1353,546,1385,578) size=32 src=combat anchor=right fallback=0 overlapPx2=0 texture=/Game/S08/UI/IconsV3/T_IV3_action_attack_token_32.T_IV3_action_attack_token_32
2026.10.06-02.19.16 TAG fighter=f-0-hero bbox=(1072,598,1174,620) mode=compact look=P1 placement=above ring=0 hardPx2=0 softPx2=0 order=5 bound=1
2026.10.06-02.19.16 TAG fighter=f-0-sk0 bbox=(509,496,593,518) mode=compact look=P1 placement=above ring=0 hardPx2=0 softPx2=0 order=3 bound=1
2026.10.06-02.19.16 TAG fighter=f-0-sk1 bbox=(396,458,480,480) mode=compact look=P1 placement=above ring=0 hardPx2=0 softPx2=0 order=2 bound=1
2026.10.06-02.19.16 TAG fighter=f-0-sk2 bbox=(308,584,392,606) mode=compact look=P1 placement=left ring=0 hardPx2=0 softPx2=0 order=4 bound=1
2026.10.06-02.19.16 TAG fighter=f-1-hero bbox=(1360,524,1453,546) mode=compact look=P2 placement=right ring=0 hardPx2=0 softPx2=0 order=0 bound=1
2026.10.06-02.19.16 TAG fighter=f-1-sk0 bbox=(1201,427,1285,449) mode=compact look=P2 placement=above ring=0 hardPx2=0 softPx2=0 order=1 bound=1
2026.10.06-02.19.16 ICON fighter=f-1-hero bbox=(1361,546,1393,578) size=32 src=combat anchor=right fallback=0 overlapPx2=0 texture=/Game/S08/UI/IconsV3/T_IV3_action_attack_token_32.T_IV3_action_attack_token_32
2026.10.06-02.19.16 MS-LAST show seq=123 mode=anim player=cmuhntiwu0001wib0z281rpa8 from=6,3 to=7,3
2026.10.06-02.19.16 MS-LOG seq=123 moves=1 truncated=0 text="King Arthur: maneuver: King Arthur S25→S26"
2026.10.06-02.19.17 SNAPSHOT applied seq=124 phase=ACTION_MANEUVER
2026.10.06-02.19.17 HANDLE_APPLIED #169 seq=124 decision=2 fightersValid=1 boardValid=1
2026.10.06-02.19.17 MODE seq=124 mode=0 combat=0 pending=0
2026.10.06-02.19.17 MS-OPP verb=maneuver seq=124
2026.10.06-02.19.17 MS-TRACK own=0/2 opp=2/2 oppVisible=1 seq=124
2026.10.06-02.19.17 MS-OPP planning=1 seq=124
2026.10.06-02.19.17 CUE sound id=CUE-005 point=cue subject=hand.opp seq=124 t=77350 event_t=77350 dt=0 class=SFX sound=SW_CRD_DRAW_01 gain=0.80 result=played
2026.10.06-02.19.17 HUD seq=124 phase=ACTION_MANEUVER turn=opp hand=1 oppHand=8(hidden) oppDeck=5~ deck=13~ discard=16
2026.10.06-02.19.17 MS-STATUS seq=124 text="King Arthur — Opponent is planning a maneuver"
2026.10.06-02.19.17 ARTPREVIEW fighter=Medusa hero=1 eligible=0 visual=1 mesh=SK_Medusa_H2LD
2026.10.06-02.19.17 FIGHTERS synced n=6 alive=6 own=4 enemy=2
2026.10.06-02.19.17 WS seq=124 phase=ACTION_MANEUVER (apply)
2026.10.06-02.19.17 HUD-TRACK own=0/2 server=0 local=0 opp=2/2 oppVisible=1 anim=-/spend seq=124 frame=2204
2026.10.06-02.19.17 SNAPSHOT applied seq=125 phase=TURN_END
2026.10.06-02.19.17 HANDLE_APPLIED #170 seq=125 decision=2 fightersValid=1 boardValid=1
2026.10.06-02.19.17 CUE fx done id=CUE-010 subject=scene seq=121 t=77450 ms=1533 cut=jump hold=1533
2026.10.06-02.19.17 CUE combat seq=121 stage=end t=77450 total=2133 skipped=0 cut=catchup
2026.10.06-02.19.17 CATCHUP seq=121 latest=125 queued=4 lag=1433 t=77450 action=cut reason=queue applied=1
2026.10.06-02.19.17 ARTPREVIEW fighter=Medusa hero=1 eligible=0 visual=1 mesh=SK_Medusa_H2LD
2026.10.06-02.19.17 ARTPREVIEW hero-light fighter=f-0-hero state=idle layers=2 lightsOn=2 keyCd=17.984 rimCd=1.528 mul=1.000 pulse=none
2026.10.06-02.19.17 ARTPREVIEW combat marker fighter=Medusa attacker=0 target=0 icon=0 targetMesh=SM_Marker_TargetRing iconMode=screen targetArcScaleXY=0.920
2026.10.06-02.19.17 ARTPREVIEW combat marker fighter=King Arthur attacker=0 target=0 icon=0 targetMesh=SM_Marker_TargetRing iconMode=screen targetArcScaleXY=0.920
2026.10.06-02.19.17 ARTPREVIEW fighter=Medusa hero=1 eligible=0 visual=1 mesh=SK_Medusa_H2LD
2026.10.06-02.19.17 MODE seq=125 mode=0 combat=0 pending=0
2026.10.06-02.19.17 MS-OPP verb=card seq=125
2026.10.06-02.19.17 MS-OPP planning=0 seq=125
2026.10.06-02.19.17 MS-LAST fade seq=123 at=125 ms=300
2026.10.06-02.19.17 MS-LAST replace seq=123 by=125
2026.10.06-02.19.17 MS-LAST enter seq=125 player=cmuhntiwu0001wib0z281rpa8 source=MANEUVER moves=1 boost=-1
2026.10.06-02.19.17 HUD seq=125 phase=TURN_END turn=opp hand=1 oppHand=8(hidden) oppDeck=5~ deck=13~ discard=16 pendingDiscard=1
2026.10.06-02.19.17 MS-STATUS seq=125 text="King Arthur — Opponent is choosing a card"
2026.10.06-02.19.17 ARTPREVIEW fighter=Medusa hero=1 eligible=0 visual=1 mesh=SK_Medusa_H2LD
2026.10.06-02.19.17 FIGHTERS synced n=6 alive=6 own=4 enemy=2
2026.10.06-02.19.17 MS-CUE move seq=125 fighter=f-1-hero order=0 of=1 kind=move steps=1 source=trail start=0 ms=280 snapped=0 path=S26>S25 speed=normal reduced=0
2026.10.06-02.19.17 CUE sound id=CUE-007 point=step subject=f-1-hero seq=125 t=77450 event_t=77450 dt=0 class=SFX sound=SW_BRD_STEP_05 gain=0.80 result=played edge=1/1 due=77450
2026.10.06-02.19.17 MS-ANIM play seq=125 moves=1 animated=1 speed=normal reduced=0 end=430
2026.10.06-02.19.17 CUE move f-1-hero (7,3)->(6,3) seq=125
2026.10.06-02.19.17 WS seq=125 phase=TURN_END (apply)
2026.10.06-02.19.17 HUD-HEART side=opp hero=f-1-hero hp=1/18 anim=damage glow=1 played=1
2026.10.06-02.19.17 TAG fighter=f-0-hero bbox=(1072,598,1174,620) mode=compact look=P1 placement=above ring=0 hardPx2=0 softPx2=0 order=5 bound=1
2026.10.06-02.19.17 TAG fighter=f-0-sk0 bbox=(509,496,593,518) mode=compact look=P1 placement=above ring=0 hardPx2=0 softPx2=0 order=2 bound=1
2026.10.06-02.19.17 TAG fighter=f-0-sk1 bbox=(396,458,480,480) mode=compact look=P1 placement=above ring=0 hardPx2=0 softPx2=0 order=1 bound=1
2026.10.06-02.19.17 TAG fighter=f-0-sk2 bbox=(308,584,392,606) mode=compact look=P1 placement=left ring=0 hardPx2=0 softPx2=0 order=4 bound=1
2026.10.06-02.19.17 TAG fighter=f-1-hero bbox=(1343,524,1436,546) mode=compact look=P2 placement=right ring=0 hardPx2=0 softPx2=0 order=3 bound=1
2026.10.06-02.19.17 TAG fighter=f-1-sk0 bbox=(1201,427,1285,449) mode=compact look=P2 placement=above ring=0 hardPx2=0 softPx2=0 order=0 bound=1
2026.10.06-02.19.17 HUD icon hidden fighter=f-1-hero
2026.10.06-02.19.17 TAG fighter=f-0-hero bbox=(1072,598,1174,620) mode=compact look=P1 placement=above ring=0 hardPx2=0 softPx2=0 order=5 bound=1
2026.10.06-02.19.17 TAG fighter=f-0-sk0 bbox=(509,496,593,518) mode=compact look=P1 placement=above ring=0 hardPx2=0 softPx2=0 order=2 bound=1
2026.10.06-02.19.17 TAG fighter=f-0-sk1 bbox=(396,458,480,480) mode=compact look=P1 placement=above ring=0 hardPx2=0 softPx2=0 order=1 bound=1
2026.10.06-02.19.17 TAG fighter=f-0-sk2 bbox=(308,584,392,606) mode=compact look=P1 placement=left ring=0 hardPx2=0 softPx2=0 order=4 bound=1
2026.10.06-02.19.17 TAG fighter=f-1-hero bbox=(1325,523,1418,545) mode=compact look=P2 placement=right ring=0 hardPx2=0 softPx2=0 order=3 bound=1
2026.10.06-02.19.17 TAG fighter=f-1-sk0 bbox=(1201,427,1285,449) mode=compact look=P2 placement=above ring=0 hardPx2=0 softPx2=0 order=0 bound=1
2026.10.06-02.19.17 TAG fighter=f-0-hero bbox=(1072,598,1174,620) mode=compact look=P1 placement=above ring=0 hardPx2=0 softPx2=0 order=5 bound=1
2026.10.06-02.19.17 TAG fighter=f-0-sk0 bbox=(509,496,593,518) mode=compact look=P1 placement=above ring=0 hardPx2=0 softPx2=0 order=2 bound=1
2026.10.06-02.19.17 TAG fighter=f-0-sk1 bbox=(396,458,480,480) mode=compact look=P1 placement=above ring=0 hardPx2=0 softPx2=0 order=1 bound=1
2026.10.06-02.19.17 TAG fighter=f-0-sk2 bbox=(308,584,392,606) mode=compact look=P1 placement=left ring=0 hardPx2=0 softPx2=0 order=4 bound=1
2026.10.06-02.19.17 TAG fighter=f-1-hero bbox=(1308,522,1401,544) mode=compact look=P2 placement=right ring=0 hardPx2=0 softPx2=0 order=3 bound=1
2026.10.06-02.19.17 TAG fighter=f-1-sk0 bbox=(1201,427,1285,449) mode=compact look=P2 placement=above ring=0 hardPx2=0 softPx2=0 order=0 bound=1
2026.10.06-02.19.17 TAG fighter=f-0-hero bbox=(1072,598,1174,620) mode=compact look=P1 placement=above ring=0 hardPx2=0 softPx2=0 order=5 bound=1
2026.10.06-02.19.17 TAG fighter=f-0-sk0 bbox=(509,496,593,518) mode=compact look=P1 placement=above ring=0 hardPx2=0 softPx2=0 order=2 bound=1
2026.10.06-02.19.17 TAG fighter=f-0-sk1 bbox=(396,458,480,480) mode=compact look=P1 placement=above ring=0 hardPx2=0 softPx2=0 order=1 bound=1
2026.10.06-02.19.17 TAG fighter=f-0-sk2 bbox=(308,584,392,606) mode=compact look=P1 placement=left ring=0 hardPx2=0 softPx2=0 order=4 bound=1
2026.10.06-02.19.17 TAG fighter=f-1-hero bbox=(1291,522,1384,544) mode=compact look=P2 placement=right ring=0 hardPx2=0 softPx2=0 order=3 bound=1
2026.10.06-02.19.17 TAG fighter=f-1-sk0 bbox=(1201,427,1285,449) mode=compact look=P2 placement=above ring=0 hardPx2=0 softPx2=0 order=0 bound=1
2026.10.06-02.19.17 TAG fighter=f-0-hero bbox=(1072,598,1174,620) mode=compact look=P1 placement=above ring=0 hardPx2=0 softPx2=0 order=5 bound=1
2026.10.06-02.19.17 TAG fighter=f-0-sk0 bbox=(509,496,593,518) mode=compact look=P1 placement=above ring=0 hardPx2=0 softPx2=0 order=2 bound=1
2026.10.06-02.19.17 TAG fighter=f-0-sk1 bbox=(396,458,480,480) mode=compact look=P1 placement=above ring=0 hardPx2=0 softPx2=0 order=1 bound=1
2026.10.06-02.19.17 TAG fighter=f-0-sk2 bbox=(308,584,392,606) mode=compact look=P1 placement=left ring=0 hardPx2=0 softPx2=0 order=4 bound=1
2026.10.06-02.19.17 TAG fighter=f-1-hero bbox=(1091,521,1184,543) mode=compact look=P2 placement=left ring=0 hardPx2=0 softPx2=0 order=3 bound=1
2026.10.06-02.19.17 TAG fighter=f-1-sk0 bbox=(1201,427,1285,449) mode=compact look=P2 placement=above ring=0 hardPx2=0 softPx2=0 order=0 bound=1
2026.10.06-02.19.17 TAG fighter=f-0-hero bbox=(977,622,1079,644) mode=compact look=P1 placement=left ring=0 hardPx2=0 softPx2=0 order=5 bound=1
2026.10.06-02.19.17 TAG fighter=f-0-sk0 bbox=(509,496,593,518) mode=compact look=P1 placement=above ring=0 hardPx2=0 softPx2=0 order=2 bound=1
2026.10.06-02.19.17 TAG fighter=f-0-sk1 bbox=(396,458,480,480) mode=compact look=P1 placement=above ring=0 hardPx2=0 softPx2=0 order=1 bound=1
2026.10.06-02.19.17 TAG fighter=f-0-sk2 bbox=(308,584,392,606) mode=compact look=P1 placement=left ring=0 hardPx2=0 softPx2=0 order=4 bound=1
2026.10.06-02.19.17 TAG fighter=f-1-hero bbox=(1075,521,1168,543) mode=compact look=P2 placement=left ring=0 hardPx2=0 softPx2=0 order=3 bound=1
2026.10.06-02.19.17 TAG fighter=f-1-sk0 bbox=(1201,427,1285,449) mode=compact look=P2 placement=above ring=0 hardPx2=0 softPx2=0 order=0 bound=1
2026.10.06-02.19.17 TAG fighter=f-0-hero bbox=(977,622,1079,644) mode=compact look=P1 placement=left ring=0 hardPx2=0 softPx2=0 order=5 bound=1
2026.10.06-02.19.17 TAG fighter=f-0-sk0 bbox=(509,496,593,518) mode=compact look=P1 placement=above ring=0 hardPx2=0 softPx2=0 order=2 bound=1
2026.10.06-02.19.17 TAG fighter=f-0-sk1 bbox=(396,458,480,480) mode=compact look=P1 placement=above ring=0 hardPx2=0 softPx2=0 order=1 bound=1
2026.10.06-02.19.17 TAG fighter=f-0-sk2 bbox=(308,584,392,606) mode=compact look=P1 placement=left ring=0 hardPx2=0 softPx2=0 order=4 bound=1
2026.10.06-02.19.17 TAG fighter=f-1-hero bbox=(1059,520,1152,542) mode=compact look=P2 placement=left ring=0 hardPx2=0 softPx2=0 order=3 bound=1
2026.10.06-02.19.17 TAG fighter=f-1-sk0 bbox=(1201,427,1285,449) mode=compact look=P2 placement=above ring=0 hardPx2=0 softPx2=0 order=0 bound=1
2026.10.06-02.19.17 TAG fighter=f-0-hero bbox=(977,622,1079,644) mode=compact look=P1 placement=left ring=0 hardPx2=0 softPx2=0 order=5 bound=1
2026.10.06-02.19.17 TAG fighter=f-0-sk0 bbox=(509,496,593,518) mode=compact look=P1 placement=above ring=0 hardPx2=0 softPx2=0 order=3 bound=1
2026.10.06-02.19.17 TAG fighter=f-0-sk1 bbox=(396,458,480,480) mode=compact look=P1 placement=above ring=0 hardPx2=0 softPx2=0 order=1 bound=1
2026.10.06-02.19.17 TAG fighter=f-0-sk2 bbox=(308,584,392,606) mode=compact look=P1 placement=left ring=0 hardPx2=0 softPx2=0 order=4 bound=1
2026.10.06-02.19.17 TAG fighter=f-1-hero bbox=(1042,520,1135,542) mode=compact look=P2 placement=left ring=0 hardPx2=0 softPx2=0 order=2 bound=1
2026.10.06-02.19.17 TAG fighter=f-1-sk0 bbox=(1201,427,1285,449) mode=compact look=P2 placement=above ring=0 hardPx2=0 softPx2=0 order=0 bound=1
2026.10.06-02.19.17 TAG fighter=f-0-hero bbox=(977,622,1079,644) mode=compact look=P1 placement=left ring=0 hardPx2=0 softPx2=0 order=5 bound=1
2026.10.06-02.19.17 TAG fighter=f-0-sk0 bbox=(509,496,593,518) mode=compact look=P1 placement=above ring=0 hardPx2=0 softPx2=0 order=3 bound=1
2026.10.06-02.19.17 TAG fighter=f-0-sk1 bbox=(396,458,480,480) mode=compact look=P1 placement=above ring=0 hardPx2=0 softPx2=0 order=1 bound=1
2026.10.06-02.19.17 TAG fighter=f-0-sk2 bbox=(308,584,392,606) mode=compact look=P1 placement=left ring=0 hardPx2=0 softPx2=0 order=4 bound=1
2026.10.06-02.19.17 TAG fighter=f-1-hero bbox=(1036,519,1129,541) mode=compact look=P2 placement=left ring=0 hardPx2=0 softPx2=0 order=2 bound=1
2026.10.06-02.19.17 TAG fighter=f-1-sk0 bbox=(1201,427,1285,449) mode=compact look=P2 placement=above ring=0 hardPx2=0 softPx2=0 order=0 bound=1
2026.10.06-02.19.17 MS-LAST show seq=125 mode=anim player=cmuhntiwu0001wib0z281rpa8 from=7,3 to=6,3
2026.10.06-02.19.17 MS-LOG seq=125 moves=1 truncated=0 text="King Arthur: maneuver: King Arthur S26→S25"
2026.10.06-02.19.18 game -> room=cmuw1u4nq0561t84m7cuv93yr code=<redacted> status=IN_PROGRESS
2026.10.06-02.19.18 SNAPSHOT applied seq=126 phase=ACTION_MANEUVER
2026.10.06-02.19.18 HANDLE_APPLIED #171 seq=126 decision=2 fightersValid=1 boardValid=1
2026.10.06-02.19.18 closed mode=
2026.10.06-02.19.18 TURN-INPUT open seq=126 frame=2243 gate=none
2026.10.06-02.19.18 MODE seq=126 mode=6 combat=0 pending=1
2026.10.06-02.19.18 ARTPREVIEW selection ring shown fighter=King Arthur mesh=SM_Marker_SelectionRing
2026.10.06-02.19.18 ARTPREVIEW hero-light fighter=f-1-hero state=active layers=2 lightsOn=2 keyCd=23.673 rimCd=2.011 mul=1.104 pulse=0.40Hz+-4%
2026.10.06-02.19.18 ARTPREVIEW reachable rings cells=0 placed=1 radiusUU=36 segments=48 style=readability color=#FFC857 stroke=#14110C widthUU=3.50 strokeUU=1.50
2026.10.06-02.19.18 MS-PENDING present=toast id=ability-medusa-target-p0 opens=10 collapsed=0 type=TARGET_FIGHTER remembered=fighter=f-1-hero applied=fighter=f-1-hero
2026.10.06-02.19.18 MS-OPP verb=none seq=126
2026.10.06-02.19.18 MS-TRACK own=0/2 opp=0/2 oppVisible=0 seq=126
2026.10.06-02.19.18 MS-LAST fade seq=125 at=126 ms=300
2026.10.06-02.19.18 CUE sound id=CUE-015 point=turn subject=- seq=126 t=78683 event_t=78683 dt=0 class=UI sound=SW_UI_TURN_CHIME_01 gain=0.80 result=played turn=own
2026.10.06-02.19.18 VO event=TURN-START speaker=MEDUSA t=78683 result=skipped line=- prio=4 reason=gap
2026.10.06-02.19.18 HUD-TURN seq=126 turn=own initial=0 ring=marker-turn-ring flash=1000 banner=600 reduced=0
2026.10.06-02.19.18 HUD-SLOT show seq=126 ribbon=discarded owner=opp card="Bewilderment" count=1 fly=200 hold=0 min=1000 reduced=0
2026.10.06-02.19.18 SFX bank=CRD-DISCARD tag=discard class=SFX t=78683 sound=SW_CRD_DISCARD_01 gain=0.80
2026.10.06-02.19.18 HUD seq=126 phase=ACTION_MANEUVER turn=you hand=1 oppHand=7(hidden) oppDeck=5~ deck=13~ discard=16
2026.10.06-02.19.18 MS-STATUS seq=126 text="Choose a target (up to 1)"
2026.10.06-02.19.18 ARTPREVIEW fighter=Medusa hero=1 eligible=0 visual=1 mesh=SK_Medusa_H2LD
2026.10.06-02.19.18 ARTPREVIEW selection ring shown fighter=King Arthur mesh=SM_Marker_SelectionRing
2026.10.06-02.19.18 FIGHTERS synced n=6 alive=6 own=4 enemy=2
2026.10.06-02.19.18 ARTPREVIEW selection ring shown fighter=King Arthur mesh=SM_Marker_SelectionRing
2026.10.06-02.19.18 ARTPREVIEW reachable rings cells=0 placed=1 radiusUU=36 segments=48 style=readability color=#FFC857 stroke=#14110C widthUU=3.50 strokeUU=1.50
2026.10.06-02.19.18 WS seq=126 phase=ACTION_MANEUVER (apply)
2026.10.06-02.19.18 SFX bank=FX-GAZE-REQUEST tag=gaze class=SFX t=78717 sound=SW_FX_GAZE_REQUEST_01 gain=0.80
2026.10.06-02.19.18 SFX bank=FX-GAZE-REQUEST-VOICE tag=voice class=VO t=78717 sound=SW_FX_GAZE_REQUEST_VOICE gain=0.80
2026.10.06-02.19.18 HUD-TRACK own=0/2 server=0 local=0 opp=0/2 oppVisible=0 anim=reset/reset seq=126 frame=2244
2026.10.06-02.19.18 HUD-HAND lower=1 pick=target cursor=board preview=hidden seq=126
2026.10.06-02.19.18 S09AUTO drive mode=6 plan=[attack+scheme] phase=ACTION_MANEUVER turn=cmuhntivg0000wib0anhqyswc
2026.10.06-02.19.18 S09AUTO own turn #11 (turnCount=23)
2026.10.06-02.19.18 PEND-RESOLVE sent type=TARGET_FIGHTER stage=0 id=ability-medusa-target-p0
2026.10.06-02.19.18 CUE sound id=CUE-014 point=cue subject=f-1-hero seq=126 t=78717 event_t=78717 dt=0 class=SFX sound=SW_FX_GAZE_BEAM_01 gain=0.80 result=played bank=FX-GAZE-BEAM
2026.10.06-02.19.18 MS-STATUS seq=126 text="Syncing…"
2026.10.06-02.19.18 S09AUTO pending picked (type=TARGET_FIGHTER stage=0)
2026.10.06-02.19.18 TOAST text="choice sent"
2026.10.06-02.19.18 HUD plate content fighter=f-1-hero name=King Arthur hp=1/18 team=enemy statuses=HERO  |  MELEE teamSlot=P2 look=P2 shape=hexagon chip=#5786A8
2026.10.06-02.19.18 PLATE fighter=f-1-hero bbox=(1025,459,1197,513) overlapReachable=0 placement=above ring=0 gap=6 selection=f-1-hero destinations=0 clean=1 softPx2=0 tested=112 bound=1
2026.10.06-02.19.18 TAG fighter=f-0-hero bbox=(977,622,1079,644) mode=compact look=P1 placement=left ring=0 hardPx2=0 softPx2=0 order=4 bound=1
2026.10.06-02.19.18 TAG fighter=f-0-sk0 bbox=(509,496,593,518) mode=compact look=P1 placement=above ring=0 hardPx2=0 softPx2=0 order=2 bound=1
2026.10.06-02.19.18 TAG fighter=f-0-sk1 bbox=(396,458,480,480) mode=compact look=P1 placement=above ring=0 hardPx2=0 softPx2=0 order=1 bound=1
2026.10.06-02.19.18 TAG fighter=f-0-sk2 bbox=(308,584,392,606) mode=compact look=P1 placement=left ring=0 hardPx2=0 softPx2=0 order=3 bound=1
2026.10.06-02.19.18 TAG fighter=f-1-sk0 bbox=(1201,427,1285,449) mode=compact look=P2 placement=above ring=0 hardPx2=0 softPx2=0 order=0 bound=1
2026.10.06-02.19.18 TAG fighter=f-0-hero bbox=(977,622,1079,644) mode=compact look=P1 placement=left ring=0 hardPx2=0 softPx2=0 order=4 bound=1
2026.10.06-02.19.18 TAG fighter=f-0-sk0 bbox=(509,496,593,518) mode=compact look=P1 placement=above ring=0 hardPx2=0 softPx2=0 order=2 bound=1
2026.10.06-02.19.18 TAG fighter=f-0-sk1 bbox=(396,458,480,480) mode=compact look=P1 placement=above ring=0 hardPx2=0 softPx2=0 order=1 bound=1
2026.10.06-02.19.18 TAG fighter=f-0-sk2 bbox=(308,584,392,606) mode=compact look=P1 placement=left ring=0 hardPx2=0 softPx2=0 order=3 bound=1
2026.10.06-02.19.18 TAG fighter=f-1-sk0 bbox=(1201,427,1285,449) mode=compact look=P2 placement=above ring=0 hardPx2=0 softPx2=0 order=0 bound=1
2026.10.06-02.19.18 TAG fighter=f-0-hero bbox=(977,622,1079,644) mode=compact look=P1 placement=left ring=0 hardPx2=0 softPx2=0 order=4 bound=1
2026.10.06-02.19.18 TAG fighter=f-0-sk0 bbox=(509,496,593,518) mode=compact look=P1 placement=above ring=0 hardPx2=0 softPx2=0 order=2 bound=1
2026.10.06-02.19.18 TAG fighter=f-0-sk1 bbox=(396,458,480,480) mode=compact look=P1 placement=above ring=0 hardPx2=0 softPx2=0 order=1 bound=1
2026.10.06-02.19.18 TAG fighter=f-0-sk2 bbox=(308,584,392,606) mode=compact look=P1 placement=left ring=0 hardPx2=0 softPx2=0 order=3 bound=1
2026.10.06-02.19.18 TAG fighter=f-1-sk0 bbox=(1201,427,1285,449) mode=compact look=P2 placement=above ring=0 hardPx2=0 softPx2=0 order=0 bound=1
2026.10.06-02.19.18 TAG fighter=f-0-hero bbox=(977,622,1079,644) mode=compact look=P1 placement=left ring=0 hardPx2=0 softPx2=0 order=4 bound=1
2026.10.06-02.19.18 TAG fighter=f-0-sk0 bbox=(509,496,593,518) mode=compact look=P1 placement=above ring=0 hardPx2=0 softPx2=0 order=2 bound=1
2026.10.06-02.19.18 TAG fighter=f-0-sk1 bbox=(396,458,480,480) mode=compact look=P1 placement=above ring=0 hardPx2=0 softPx2=0 order=1 bound=1
2026.10.06-02.19.18 TAG fighter=f-0-sk2 bbox=(308,584,392,606) mode=compact look=P1 placement=left ring=0 hardPx2=0 softPx2=0 order=3 bound=1
2026.10.06-02.19.18 TAG fighter=f-1-sk0 bbox=(1201,427,1285,449) mode=compact look=P2 placement=above ring=0 hardPx2=0 softPx2=0 order=0 bound=1
2026.10.06-02.19.18 SNAPSHOT applied seq=127 phase=GAME_OVER
2026.10.06-02.19.18 HANDLE_APPLIED #172 seq=127 decision=2 fightersValid=1 boardValid=1
2026.10.06-02.19.18 closed mode=
2026.10.06-02.19.18 MODE seq=127 mode=0 combat=0 pending=1
2026.10.06-02.19.18 HUD-TURN seq=127 turn=over initial=0 ring=marker-turn-ring flash=0 banner=0 reduced=0
2026.10.06-02.19.18 HUD-SLOT off seq=126 ribbon=discarded shown=134 reason=gameover
2026.10.06-02.19.18 RESULT seq=127 outcome=VICTORY winner=Medusa
2026.10.06-02.19.18 HUD seq=127 phase=GAME_OVER turn=you hand=1 oppHand=7(hidden) oppDeck=3 deck=13 discard=16
2026.10.06-02.19.18 ARTPREVIEW fighter=Medusa hero=1 eligible=0 visual=1 mesh=SK_Medusa_H2LD
2026.10.06-02.19.18 ARTPREVIEW anim fighter=f-1-hero clip=DeathSettle len=0.875 event=defeated loop=0 phase=0.0000 seq=-1 asset=AM_KingArthur_DeathSettle rate=1.00
2026.10.06-02.19.18 ARTPREVIEW hero-light fighter=f-1-hero state=defeated layers=2 lightsOn=0 keyCd=0.000 rimCd=0.000 mul=0.000 pulse=none
2026.10.06-02.19.18 ARTPREVIEW anim fighter=f-1-hero death hold=1.675 settle=0.875 still=0.300 dissolve=0.500 style=fade mi=MI_KingArthur_H2LD_P2_Dissolve
2026.10.06-02.19.18 ARTPREVIEW hero-light board profile=sarpedon-original light=sarpedon-night on=1 reason=profile fighters=6 litFigures=6 layers=2 lightsOn=10 budget=12/14 perFigure<=2 channel=1 frozen=0
2026.10.06-02.19.18 CUE sound id=CUE-013 point=cue subject=f-1-hero seq=127 t=78817 event_t=78817 dt=0 class=SFX sound=SW_DTH_ARTHUR_01 gain=0.80 result=played bank=DTH-ARTHUR
2026.10.06-02.19.18 VO event=DEATH speaker=ARTHUR t=78817 result=played line=ARTHUR-DEATH-01 prio=1
2026.10.06-02.19.18 MUSIC state=hero_fallen theme=MUS-MAP-SARPEDON t=78817
2026.10.06-02.19.18 CUE death seq=127 stage=fall t=78817 fighter=f-1-hero hero=1 staged=0 settle=875 still=300 dissolve=500 style=fade gone=80492
2026.10.06-02.19.18 CUE fx id=CUE-013 subject=f-1-hero seq=127 t=78817 vfx=missing sfx=missing clip=missing mat=Fade socket=- reduced=0 result=fallback
2026.10.06-02.19.18 FIGHTERS synced n=6 alive=5 own=4 enemy=1
2026.10.06-02.19.18 ARTPREVIEW damage-number fighter=f-1-hero amount=1 seq=127 cell=(6,3)
2026.10.06-02.19.18 ARTPREVIEW hit-tint fighter=f-1-hero ms=450
2026.10.06-02.19.18 CUE damage f-1-hero -1 seq=127
2026.10.06-02.19.18 PEND resolve done seq=127 (apply) phase=GAME_OVER
2026.10.06-02.19.18 SNAPSHOT applied seq=127 phase=GAME_OVER
2026.10.06-02.19.18 HANDLE_APPLIED #173 seq=127 decision=1 fightersValid=1 boardValid=1
2026.10.06-02.19.18 MODE seq=127 mode=0 combat=0 pending=1
2026.10.06-02.19.18 HUD seq=127 phase=GAME_OVER turn=you hand=1 oppHand=7(hidden) oppDeck=3 deck=13 discard=16
2026.10.06-02.19.18 ARTPREVIEW fighter=Medusa hero=1 eligible=0 visual=1 mesh=SK_Medusa_H2LD
2026.10.06-02.19.18 FIGHTERS synced n=6 alive=5 own=4 enemy=1
2026.10.06-02.19.18 WS seq=127 phase=GAME_OVER (merge)
2026.10.06-02.19.18 CUE sound id=CUE-011 point=hit subject=f-1-hero seq=127 t=78817 event_t=78817 dt=0 class=SFX sound=SW_CMB_HIT_MAGIC_03 gain=0.80 result=played bank=CMB-HIT-MAGIC
2026.10.06-02.19.18 HUD-HEART side=opp hero=f-1-hero hp=0/18 anim=deplete glow=1 played=1
2026.10.06-02.19.18 HUD-HAND lower=0 pick=none cursor=board preview=shown seq=127
2026.10.06-02.19.18 PLATE hidden fighter=f-1-hero
2026.10.06-02.19.18 TAG fighter=f-0-hero bbox=(1072,598,1174,620) mode=compact look=P1 placement=above ring=0 hardPx2=0 softPx2=0 order=4 bound=1
2026.10.06-02.19.18 TAG fighter=f-0-sk0 bbox=(509,496,593,518) mode=compact look=P1 placement=above ring=0 hardPx2=0 softPx2=0 order=2 bound=1
2026.10.06-02.19.18 TAG fighter=f-0-sk1 bbox=(396,458,480,480) mode=compact look=P1 placement=above ring=0 hardPx2=0 softPx2=0 order=1 bound=1
2026.10.06-02.19.18 TAG fighter=f-0-sk2 bbox=(308,584,392,606) mode=compact look=P1 placement=left ring=0 hardPx2=0 softPx2=0 order=3 bound=1
2026.10.06-02.19.18 TAG fighter=f-1-sk0 bbox=(1201,427,1285,449) mode=compact look=P2 placement=above ring=0 hardPx2=0 softPx2=0 order=0 bound=1
2026.10.06-02.19.18 DAMAGE fighter=f-1-hero bbox=(1201,557,1241,585) amount=1 seq=127 placement=right ring=0 hardPx2=0 softPx2=0
2026.10.06-02.19.18 TAG fighter=f-0-hero bbox=(1072,598,1174,620) mode=compact look=P1 placement=above ring=0 hardPx2=0 softPx2=0 order=4 bound=1
2026.10.06-02.19.18 TAG fighter=f-0-sk0 bbox=(509,496,593,518) mode=compact look=P1 placement=above ring=0 hardPx2=0 softPx2=0 order=2 bound=1
2026.10.06-02.19.18 TAG fighter=f-0-sk1 bbox=(396,458,480,480) mode=compact look=P1 placement=above ring=0 hardPx2=0 softPx2=0 order=1 bound=1
2026.10.06-02.19.18 TAG fighter=f-0-sk2 bbox=(308,584,392,606) mode=compact look=P1 placement=left ring=0 hardPx2=0 softPx2=0 order=3 bound=1
2026.10.06-02.19.18 TAG fighter=f-1-sk0 bbox=(1201,427,1285,449) mode=compact look=P2 placement=above ring=0 hardPx2=0 softPx2=0 order=0 bound=1
2026.10.06-02.19.18 TAG fighter=f-0-hero bbox=(1072,598,1174,620) mode=compact look=P1 placement=above ring=0 hardPx2=0 softPx2=0 order=4 bound=1
2026.10.06-02.19.18 TAG fighter=f-0-sk0 bbox=(509,496,593,518) mode=compact look=P1 placement=above ring=0 hardPx2=0 softPx2=0 order=2 bound=1
2026.10.06-02.19.18 TAG fighter=f-0-sk1 bbox=(396,458,480,480) mode=compact look=P1 placement=above ring=0 hardPx2=0 softPx2=0 order=1 bound=1
2026.10.06-02.19.18 TAG fighter=f-0-sk2 bbox=(308,584,392,606) mode=compact look=P1 placement=left ring=0 hardPx2=0 softPx2=0 order=3 bound=1
2026.10.06-02.19.18 TAG fighter=f-1-sk0 bbox=(1201,427,1285,449) mode=compact look=P2 placement=above ring=0 hardPx2=0 softPx2=0 order=0 bound=1
2026.10.06-02.19.18 TAG fighter=f-0-hero bbox=(1072,598,1174,620) mode=compact look=P1 placement=above ring=0 hardPx2=0 softPx2=0 order=4 bound=1
2026.10.06-02.19.18 TAG fighter=f-0-sk0 bbox=(509,496,593,518) mode=compact look=P1 placement=above ring=0 hardPx2=0 softPx2=0 order=2 bound=1
2026.10.06-02.19.18 TAG fighter=f-0-sk1 bbox=(396,458,480,480) mode=compact look=P1 placement=above ring=0 hardPx2=0 softPx2=0 order=1 bound=1
2026.10.06-02.19.18 TAG fighter=f-0-sk2 bbox=(308,584,392,606) mode=compact look=P1 placement=left ring=0 hardPx2=0 softPx2=0 order=3 bound=1
2026.10.06-02.19.18 TAG fighter=f-1-sk0 bbox=(1201,427,1285,449) mode=compact look=P2 placement=above ring=0 hardPx2=0 softPx2=0 order=0 bound=1
2026.10.06-02.19.18 MS-LAST off seq=125 fade=300
2026.10.06-02.19.18 TAG fighter=f-0-hero bbox=(1072,598,1174,620) mode=compact look=P1 placement=above ring=0 hardPx2=0 softPx2=0 order=4 bound=1
2026.10.06-02.19.18 TAG fighter=f-0-sk0 bbox=(509,496,593,518) mode=compact look=P1 placement=above ring=0 hardPx2=0 softPx2=0 order=2 bound=1
2026.10.06-02.19.18 TAG fighter=f-0-sk1 bbox=(396,458,480,480) mode=compact look=P1 placement=above ring=0 hardPx2=0 softPx2=0 order=1 bound=1
2026.10.06-02.19.18 TAG fighter=f-0-sk2 bbox=(308,584,392,606) mode=compact look=P1 placement=left ring=0 hardPx2=0 softPx2=0 order=3 bound=1
2026.10.06-02.19.18 TAG fighter=f-1-sk0 bbox=(1201,427,1285,449) mode=compact look=P2 placement=above ring=0 hardPx2=0 softPx2=0 order=0 bound=1
2026.10.06-02.19.18 TAG fighter=f-0-hero bbox=(1072,598,1174,620) mode=compact look=P1 placement=above ring=0 hardPx2=0 softPx2=0 order=4 bound=1
2026.10.06-02.19.18 TAG fighter=f-0-sk0 bbox=(509,496,593,518) mode=compact look=P1 placement=above ring=0 hardPx2=0 softPx2=0 order=2 bound=1
2026.10.06-02.19.18 TAG fighter=f-0-sk1 bbox=(396,458,480,480) mode=compact look=P1 placement=above ring=0 hardPx2=0 softPx2=0 order=1 bound=1
2026.10.06-02.19.18 TAG fighter=f-0-sk2 bbox=(308,584,392,606) mode=compact look=P1 placement=left ring=0 hardPx2=0 softPx2=0 order=3 bound=1
2026.10.06-02.19.18 TAG fighter=f-1-sk0 bbox=(1201,427,1285,449) mode=compact look=P2 placement=above ring=0 hardPx2=0 softPx2=0 order=0 bound=1
2026.10.06-02.19.19 HUD-HEART side=opp hero=f-1-hero anim=fallen glyph=cross played=1
2026.10.06-02.19.19 CUE death seq=127 stage=mark t=79467 fighter=f-1-hero heart=crossed
2026.10.06-02.19.19 TAG fighter=f-0-hero bbox=(1072,598,1174,620) mode=compact look=P1 placement=above ring=0 hardPx2=0 softPx2=0 order=4 bound=1
2026.10.06-02.19.19 TAG fighter=f-0-sk0 bbox=(509,496,593,518) mode=compact look=P1 placement=above ring=0 hardPx2=0 softPx2=0 order=2 bound=1
2026.10.06-02.19.19 TAG fighter=f-0-sk1 bbox=(396,458,480,480) mode=compact look=P1 placement=above ring=0 hardPx2=0 softPx2=0 order=1 bound=1
2026.10.06-02.19.19 TAG fighter=f-0-sk2 bbox=(308,584,392,606) mode=compact look=P1 placement=left ring=0 hardPx2=0 softPx2=0 order=3 bound=1
2026.10.06-02.19.19 TAG fighter=f-1-sk0 bbox=(1201,427,1285,449) mode=compact look=P2 placement=above ring=0 hardPx2=0 softPx2=0 order=0 bound=1
2026.10.06-02.19.19 CUE fx done id=CUE-013 subject=f-1-hero seq=127 t=79767 ms=950 cut=0
2026.10.06-02.19.19 SFX bank=DTH-DISSOLVE tag=dissolve class=SFX t=80017 sound=SW_DTH_DISSOLVE_02 gain=0.80
2026.10.06-02.19.19 CUE death seq=127 stage=dissolve t=79992 fighter=f-1-hero ms=500 style=fade
2026.10.06-02.19.19 ARTPREVIEW anim fighter=f-1-hero death dissolve ms=500 style=fade mi=MI_KingArthur_H2LD_P2_Dissolve
2026.10.06-02.19.20 CUE death seq=127 stage=gone t=80492 fighter=f-1-hero
2026.10.06-02.19.20 ARTPREVIEW anim fighter=f-1-hero death hidden=1 afterFall=1.700 plan=1.675
2026.10.06-02.19.21 game -> room=cmuw1u4nq0561t84m7cuv93yr code=<redacted> status=FINISHED
2026.10.06-02.19.21 RESULT screen seq=127 t=81517 due=81492 gameOver=78850 heroGone=80492 wait=2667
2026.10.06-02.19.21 MUSIC state=result theme=MUS-MAP-SARPEDON t=81517 sting=STG-WIN-MEDUSA
2026.10.06-02.19.21 CUE sound id=CUE-016 point=result subject=- seq=127 t=81517 event_t=81517 dt=0 class=Music sound=SW_STG_WIN_MEDUSA gain=0.60 result=played bank=STG-WIN-MEDUSA
2026.10.06-02.19.21 RESULT summary outcome=VICTORY winnerHero=Medusa loserHero=King_Arthur reason=hp0 turn=23 duration=60 left=viewer silhouette=1
2026.10.06-02.19.21 RESULT view mode=results t=81517 intro=500 fade=0 why=open
2026.10.06-02.19.23 S09AUTO result-screen shot
2026.10.06-02.19.23 SHOT ctx viewport=1920x1080 viewTarget=CameraActor_2147482025 cam=(0,1342,1917) rot=(-55,-90,0)
2026.10.06-02.19.23 RENDER tag=SHOT rhi=D3D12 featureLevel=SM6 shaderPlatform=PCD3D_SM6 lumenPlatform=1 gi=lumen giMethod=1 refl=lumen reflMethod=1 shadows=csm vsmEnable=0 sg.res=100 sg.view=2 sg.aa=2 sg.shadow=2 sg.gi=2 sg.refl=2 sg.pp=2 sg.tex=2 sg.fx=2 sg.foliage=2 sg.shading=2 sg.landscape=2 preset=High screenPct=100.0 screenPctMode=0 aa=TSR aaMethod=4 exposure=fixed-histogram expMin=4.14106 expMax=4.14106 expBias=0.000 ev100=2.05 lightUnits=candelas sky=1 skyIntensity=3.000 keyShadow=csm-3600uu-2c-contact0.000 shadowCasters=1 profile=sarpedon-night profilesSha256=0a3417258f46ad3d99620bcbabd1b37615192b7a59f090c77515189845b33bb7 profilesSource=pak legacyRender=0 gameLayer=unlit-eyeadaptinv tMaxFPS=30.0 vsync=0 frameRateLimit=60.0 substrate=0 nanite=1 meshDF=1 viewport=1920x1080 reference=1
2026.10.06-02.19.23 SHOT fighter f-0-hero pos=(5,4) world=(119,141,0) screen=(1120,695) projected=1 alive=1
2026.10.06-02.19.23 SHOT fighter f-0-sk0 pos=(1,3) world=(-309,33,0) screen=(555,576) projected=1 alive=1
2026.10.06-02.19.23 SHOT fighter f-0-sk1 pos=(0,2) world=(-398,-3,0) screen=(442,537) projected=1 alive=1
2026.10.06-02.19.23 SHOT fighter f-0-sk2 pos=(0,3) world=(-394,92,0) screen=(435,640) projected=1 alive=1
2026.10.06-02.19.23 SHOT fighter f-1-hero pos=(6,3) world=(159,52,0) screen=(1169,596) projected=1 alive=0
2026.10.06-02.19.23 SHOT fighter f-1-sk0 pos=(6,2) world=(217,-26,0) screen=(1240,512) projected=1 alive=1
2026.10.06-02.19.23 SHOT camera dist=2340.2 target=2340.2 overview=2340.2 errPct=0.000 focusErr=0.00 settled=1 zoom=1.00
2026.10.06-02.19.23 SHOT head fighter=f-0-hero socket=Head mesh=SK_Medusa_H2LD world=(119.6,139.9,47.1) screen=(1123.9,660.1) top=(1124.3,655.6) bottom=(1123.6,664.5) headPx=8.9 projected=1
2026.10.06-02.19.23 SHOT head fighter=f-0-sk0 socket=Head mesh=SK_Harpy_H3LD world=(-309.1,28.0,34.1) screen=(550.2,544.5) top=(549.3,539.9) bottom=(551.1,549.0) headPx=9.3 projected=1
2026.10.06-02.19.23 SHOT head fighter=f-0-sk1 socket=Head mesh=SK_Harpy_H3LD world=(-398.7,2.2,34.3) screen=(434.7,516.5) top=(433.6,511.9) bottom=(435.8,521.1) headPx=9.4 projected=1
2026.10.06-02.19.23 SHOT head fighter=f-0-sk2 socket=Head mesh=SK_Harpy_H3LD world=(-393.6,86.7,34.0) screen=(430.4,609.3) top=(429.2,604.8) bottom=(431.5,613.8) headPx=9.3 projected=1
2026.10.06-02.19.23 SHOT head fighter=f-1-hero socket=Head mesh=SK_KingArthur_H2LD world=(168.7,40.6,45.5) screen=(1185.3,549.6) top=(1185.7,545.0) bottom=(1184.8,554.1) headPx=9.2 projected=1
2026.10.06-02.19.23 SHOT head fighter=f-1-sk0 socket=Head mesh=SK_Merlin_H2LD world=(216.5,-22.7,36.4) screen=(1243.7,488.3) top=(1244.3,483.7) bottom=(1243.1,492.9) headPx=9.3 projected=1
2026.10.06-02.19.23 SHOT figure fighter=f-0-hero bbox=(1081,622,1164,728) ringR=28.50 art=1 blockout=0 team=P1 look=P1 ring=1
2026.10.06-02.19.23 SHOT figure fighter=f-0-sk0 bbox=(516,520,586,600) ringR=22.23 art=1 blockout=0 team=P1 look=P1 ring=1
2026.10.06-02.19.23 SHOT figure fighter=f-0-sk1 bbox=(402,482,474,561) ringR=22.23 art=1 blockout=0 team=P1 look=P1 ring=1
2026.10.06-02.19.23 SHOT figure fighter=f-0-sk2 bbox=(394,584,467,665) ringR=22.23 art=1 blockout=0 team=P1 look=P1 ring=1
2026.10.06-02.19.23 SHOT figure fighter=f-1-sk0 bbox=(1210,451,1276,536) ringR=22.23 art=1 blockout=0 team=P2 look=P2 ring=1
2026.10.06-02.19.23 SHOT request file=s09-result-screen.png frame=2389
2026.10.06-02.19.23 SHOT requested: FScreenshotRequest(bShowUI) -> C:\Users\ren\AppData\Local\Temp\s09-combat-20261006-071758-37616\host/s09-result-screen.png
2026.10.06-02.19.23 SHOT captured file=s09-result-screen.png frame=2389 px=1920x1080 sha256=074a59c90356c3c03e1311e54057b7d5557199e9971e06c0ed15d16518851be4 order=BGRA saved=1
2026.10.06-02.19.23 SHOT late begin file=s09-result-screen.png frame=2389 requestFrame=2389
2026.10.06-02.19.23 SHOT iconstate visible=0 lastFighter=none frame=2389
2026.10.06-02.19.23 SHOT panel id=hud.command bbox=(0,0,0,0) geom=unpainted visible=0 frame=2389
2026.10.06-02.19.23 SHOT panel id=hud.side bbox=(0,0,0,0) geom=unpainted visible=0 frame=2389
2026.10.06-02.19.23 SHOT panel id=hud.hand bbox=(0,0,0,0) geom=unpainted visible=0 frame=2389
2026.10.06-02.19.23 SHOT late end file=s09-result-screen.png frame=2389
2026.10.06-02.19.23 RESULT view mode=board t=83778 intro=0 fade=250 why=auto
2026.10.06-02.19.24 S09AUTO run-f shot s09-result-board.png
2026.10.06-02.19.24 SHOT ctx viewport=1920x1080 viewTarget=CameraActor_2147482025 cam=(0,1342,1917) rot=(-55,-90,0)
2026.10.06-02.19.24 RENDER tag=SHOT rhi=D3D12 featureLevel=SM6 shaderPlatform=PCD3D_SM6 lumenPlatform=1 gi=lumen giMethod=1 refl=lumen reflMethod=1 shadows=csm vsmEnable=0 sg.res=100 sg.view=2 sg.aa=2 sg.shadow=2 sg.gi=2 sg.refl=2 sg.pp=2 sg.tex=2 sg.fx=2 sg.foliage=2 sg.shading=2 sg.landscape=2 preset=High screenPct=100.0 screenPctMode=0 aa=TSR aaMethod=4 exposure=fixed-histogram expMin=4.14106 expMax=4.14106 expBias=0.000 ev100=2.05 lightUnits=candelas sky=1 skyIntensity=3.000 keyShadow=csm-3600uu-2c-contact0.000 shadowCasters=1 profile=sarpedon-night profilesSha256=0a3417258f46ad3d99620bcbabd1b37615192b7a59f090c77515189845b33bb7 profilesSource=pak legacyRender=0 gameLayer=unlit-eyeadaptinv tMaxFPS=30.0 vsync=0 frameRateLimit=60.0 substrate=0 nanite=1 meshDF=1 viewport=1920x1080 reference=1
2026.10.06-02.19.24 SHOT fighter f-0-hero pos=(5,4) world=(119,141,0) screen=(1120,695) projected=1 alive=1
2026.10.06-02.19.24 SHOT fighter f-0-sk0 pos=(1,3) world=(-309,33,0) screen=(555,576) projected=1 alive=1
2026.10.06-02.19.24 SHOT fighter f-0-sk1 pos=(0,2) world=(-398,-3,0) screen=(442,537) projected=1 alive=1
2026.10.06-02.19.24 SHOT fighter f-0-sk2 pos=(0,3) world=(-394,92,0) screen=(435,640) projected=1 alive=1
2026.10.06-02.19.24 SHOT fighter f-1-hero pos=(6,3) world=(159,52,0) screen=(1169,596) projected=1 alive=0
2026.10.06-02.19.24 SHOT fighter f-1-sk0 pos=(6,2) world=(217,-26,0) screen=(1240,512) projected=1 alive=1
2026.10.06-02.19.24 SHOT camera dist=2340.2 target=2340.2 overview=2340.2 errPct=0.000 focusErr=0.00 settled=1 zoom=1.00
2026.10.06-02.19.24 SHOT head fighter=f-0-hero socket=Head mesh=SK_Medusa_H2LD world=(118.4,139.5,47.0) screen=(1122.3,659.6) top=(1122.7,655.1) bottom=(1121.9,664.0) headPx=8.9 projected=1
2026.10.06-02.19.24 SHOT head fighter=f-0-sk0 socket=Head mesh=SK_Harpy_H3LD world=(-308.4,28.0,34.0) screen=(551.1,544.6) top=(550.3,540.1) bottom=(552.0,549.2) headPx=9.3 projected=1
2026.10.06-02.19.24 SHOT head fighter=f-0-sk1 socket=Head mesh=SK_Harpy_H3LD world=(-398.4,2.7,34.0) screen=(435.0,517.2) top=(433.9,512.6) bottom=(436.2,521.8) headPx=9.4 projected=1
2026.10.06-02.19.24 SHOT head fighter=f-0-sk2 socket=Head mesh=SK_Harpy_H3LD world=(-394.2,86.9,34.2) screen=(429.4,609.4) top=(428.3,604.9) bottom=(430.6,613.8) headPx=9.3 projected=1
2026.10.06-02.19.24 SHOT head fighter=f-1-hero socket=Head mesh=SK_KingArthur_H2LD world=(168.7,40.6,45.5) screen=(1185.3,549.6) top=(1185.7,545.0) bottom=(1184.8,554.1) headPx=9.2 projected=1
2026.10.06-02.19.24 SHOT head fighter=f-1-sk0 socket=Head mesh=SK_Merlin_H2LD world=(216.5,-23.4,36.7) screen=(1243.7,487.3) top=(1244.3,482.7) bottom=(1243.1,491.9) headPx=9.3 projected=1
2026.10.06-02.19.24 SHOT figure fighter=f-0-hero bbox=(1081,622,1164,728) ringR=28.50 art=1 blockout=0 team=P1 look=P1 ring=1
2026.10.06-02.19.24 SHOT figure fighter=f-0-sk0 bbox=(516,520,586,600) ringR=22.23 art=1 blockout=0 team=P1 look=P1 ring=1
2026.10.06-02.19.24 SHOT figure fighter=f-0-sk1 bbox=(402,482,474,561) ringR=22.23 art=1 blockout=0 team=P1 look=P1 ring=1
2026.10.06-02.19.24 SHOT figure fighter=f-0-sk2 bbox=(394,584,467,665) ringR=22.23 art=1 blockout=0 team=P1 look=P1 ring=1
2026.10.06-02.19.24 SHOT figure fighter=f-1-sk0 bbox=(1210,451,1276,536) ringR=22.23 art=1 blockout=0 team=P2 look=P2 ring=1
2026.10.06-02.19.24 SHOT request file=s09-result-board.png frame=2420
2026.10.06-02.19.24 SHOT requested: FScreenshotRequest(bShowUI) -> C:\Users\ren\AppData\Local\Temp\s09-combat-20261006-071758-37616\host/s09-result-board.png
2026.10.06-02.19.24 SHOT captured file=s09-result-board.png frame=2420 px=1920x1080 sha256=4202b6bd8afc64e86195ab963e8e46571c4b6afcf19bb4ff5bf5632a01ab032f order=BGRA saved=1
2026.10.06-02.19.24 SHOT late begin file=s09-result-board.png frame=2420 requestFrame=2420
2026.10.06-02.19.24 SHOT iconstate visible=0 lastFighter=none frame=2420
2026.10.06-02.19.24 SHOT panel id=hud.command bbox=(0,0,0,0) geom=unpainted visible=0 frame=2420
2026.10.06-02.19.24 SHOT panel id=hud.side bbox=(0,0,0,0) geom=unpainted visible=0 frame=2420
2026.10.06-02.19.24 SHOT panel id=hud.hand bbox=(0,0,0,0) geom=unpainted visible=0 frame=2420
2026.10.06-02.19.24 SHOT late end file=s09-result-board.png frame=2420
2026.10.06-02.19.24 RESULT lobby-return sent (leaveGame)
2026.10.06-02.19.24 TOAST text="returning to the lobby"
2026.10.06-02.19.24 LEFT room=cmuw1u4nq0561t84m7cuv93yr
2026.10.06-02.19.25 AUDIO-REC stop why=leave ok=1 t=85046 seconds=66.5 channels=2 rate=48000 master=1.00 file=C:/tmp/au-live/aus5g-sarpedon/host.wav
2026.10.06-02.19.25 MUSIC state=menu theme=MUS-MENU t=85046
2026.10.06-02.19.25 GAMEPLAY HUD cleared (left Started)
2026.10.06-02.19.25 STREAM torn down (left match)
2026.10.06-02.19.25 MUSIC theme=MUS-MENU t=85083 l1=ok l2=ok
2026.10.06-02.19.25 VO event=VICTORY speaker=MEDUSA t=85449 result=played line=MEDUSA-VICTORY-02 prio=1
2026.10.06-02.19.25 VO subtitle line=MEDUSA-VICTORY-02 until=88957
2026.10.06-02.19.28 S09AUTO lobby-return shot
2026.10.06-02.19.28 SHOT ctx viewport=1920x1080 viewTarget=CameraActor_2147482025 cam=(0,1342,1917) rot=(-55,-90,0)
2026.10.06-02.19.28 RENDER tag=SHOT rhi=D3D12 featureLevel=SM6 shaderPlatform=PCD3D_SM6 lumenPlatform=1 gi=lumen giMethod=1 refl=lumen reflMethod=1 shadows=csm vsmEnable=0 sg.res=100 sg.view=2 sg.aa=2 sg.shadow=2 sg.gi=2 sg.refl=2 sg.pp=2 sg.tex=2 sg.fx=2 sg.foliage=2 sg.shading=2 sg.landscape=2 preset=High screenPct=100.0 screenPctMode=0 aa=TSR aaMethod=4 exposure=engine-default expMin=1.00000 expMax=1.00000 expBias=1.000 ev100=0.00 lightUnits=- sky=0 skyIntensity=0.000 keyShadow=- shadowCasters=0 profile=- profilesSha256=- profilesSource=- legacyRender=0 gameLayer=unlit-eyeadaptinv tMaxFPS=30.0 vsync=0 frameRateLimit=60.0 substrate=0 nanite=1 meshDF=1 viewport=1920x1080 reference=0 notReference=noArtProfile,exposure,lightUnits,profilesSource
2026.10.06-02.19.28 SHOT request file=s09-lobby-return.png frame=2541
2026.10.06-02.19.28 SHOT requested: FScreenshotRequest(bShowUI) -> C:\Users\ren\AppData\Local\Temp\s09-combat-20261006-071758-37616\host/s09-lobby-return.png
2026.10.06-02.19.29 SHOT captured file=s09-lobby-return.png frame=2541 px=1920x1080 sha256=dc1d4a7273d8ed5fd7b0031b0a974b858fd6e0facdc486130bc5330a150a104d order=BGRA saved=1
2026.10.06-02.19.29 SHOT late begin file=s09-lobby-return.png frame=2541 requestFrame=2541
2026.10.06-02.19.29 SHOT late end file=s09-lobby-return.png frame=2541
2026.10.06-02.19.29 S09AUTO duel flow complete (GAME_OVER -> result shown -> lobby return) - exiting
2026.10.06-02.19.29 --- S08 trace close ---
