id,area,event_or_screen,description,source_tool,format_size,ue_path,rollback_flag,status,acceptance,license,budget,link
T_IV3_state_boost,icon,"HAND (чип BOOST), SLOT, поле V-02/V-04b (MS-T-10)",Диск BOOST «+N». Сейчас только галерея -S08IconGallery. Коммиты: 496b38e2; импорт 1730044f,движок v3 (draw_icons.py),PNG мастер 1024; PNG 16/21/24/32/48/64/96 (+18/36/72 по IC-33); UE 24/32/48/64 (+18/36 по IC-33),"/Game/S08/UI/IconsV3/T_IV3_state_boost_{24,32,48,64}",-S08IconLegacy,художественно принято,"по делегированию 2026-10-03 (ART-011, ВР-42)","свой: движок v3 (pycairo), без генераций",UE: 4 размера BGRA без сжатия ≈ 31 КБ на слой; анимированных значков в кадре ≤ 3 (STYLE-v3 §7),IC-01; IC-33; IC-34; art/imagegen/hud-icons-v3/masters/state-boost.png
T_IV3_state_enemy,icon,поле V-07 (MS-T-08),Враг на пути (пешка). Сейчас только галерея. Коммиты: 496b38e2; импорт 1730044f,движок v3 (draw_icons.py),"PNG мастер 1024; PNG 16/21/24/32/48/64/96 (+18/36/72 по IC-33); UE 24/32/48/64 (+18/36 по IC-33); слои body, glyph в тех же размерах","/Game/S08/UI/IconsV3/T_IV3_state_enemy_{24,32,48,64}",-S08IconLegacy,художественно принято,"по делегированию 2026-10-03 (ART-011, ВР-42)","свой: движок v3 (pycairo), без генераций",UE: 4 размера BGRA без сжатия ≈ 31 КБ на слой; анимированных значков в кадре ≤ 3 (STYLE-v3 §7),IC-02; IC-33; IC-34; art/imagegen/hud-icons-v3/masters/state-enemy.png
T_IV3_state_sent,icon,"кнопка «Отправлено…», V-10",Ход отправлен (песочные часы). Тот же глиф — курсор «занято» (IC-61). Сейчас только галерея. Коммиты: 496b38e2; импорт 1730044f,движок v3 (draw_icons.py),"PNG мастер 1024; PNG 16/21/24/32/48/64/96 (+18/36/72 по IC-33); UE 24/32/48/64 (+18/36 по IC-33); слои body, glyph_f00…f11 в тех же размерах","/Game/S08/UI/IconsV3/T_IV3_state_sent_{24,32,48,64}",-S08IconLegacy,художественно принято,"по делегированию 2026-10-03 (ART-011, ВР-42)","свой: движок v3 (pycairo), без генераций",UE: 4 размера BGRA без сжатия ≈ 31 КБ на слой; анимированных значков в кадре ≤ 3 (STYLE-v3 §7),IC-03; IC-33; IC-34; art/imagegen/hud-icons-v3/masters/state-sent.png
T_IV3_state_pending_move,icon,"PENDING, поле V-11 (MS-T-12)",Выбор цели MOVE. Сейчас только галерея. Коммиты: 496b38e2; импорт 1730044f,движок v3 (draw_icons.py),"PNG мастер 1024; PNG 16/21/24/32/48/64/96 (+18/36/72 по IC-33); UE 24/32/48/64 (+18/36 по IC-33); слои body, glyph в тех же размерах","/Game/S08/UI/IconsV3/T_IV3_state_pending_move_{24,32,48,64}",-S08IconLegacy,художественно принято,"по делегированию 2026-10-03 (ART-011, ВР-42)","свой: движок v3 (pycairo), без генераций",UE: 4 размера BGRA без сжатия ≈ 31 КБ на слой; анимированных значков в кадре ≤ 3 (STYLE-v3 §7),IC-04; IC-33; IC-34; art/imagegen/hud-icons-v3/masters/state-pending-move.png
T_IV3_state_pending_place,icon,"PENDING, поле V-12 (MS-T-12)",Выбор места PLACE. Сейчас только галерея. Коммиты: 496b38e2; импорт 1730044f,движок v3 (draw_icons.py),"PNG мастер 1024; PNG 16/21/24/32/48/64/96 (+18/36/72 по IC-33); UE 24/32/48/64 (+18/36 по IC-33); слои body, space, arrow в тех же размерах","/Game/S08/UI/IconsV3/T_IV3_state_pending_place_{24,32,48,64}",-S08IconLegacy,художественно принято,"по делегированию 2026-10-03 (ART-011, ВР-42)","свой: движок v3 (pycairo), без генераций",UE: 4 размера BGRA без сжатия ≈ 31 КБ на слой; анимированных значков в кадре ≤ 3 (STYLE-v3 §7),IC-05; IC-33; IC-34; art/imagegen/hud-icons-v3/masters/state-pending-place.png
T_IV3_state_hint,icon,поле V-13 (MS-T-22),"Подсказка с рангом, плашка 2 : 1. Сейчас только галерея. Коммиты: 496b38e2; импорт 1730044f",движок v3 (draw_icons.py),"PNG мастер 2048×1024; PNG 16/21/24/32/48/64/96 по высоте (+18/36/72 по IC-33); UE ширина 48/64/96/128; слои body, glyph в тех же размерах","/Game/S08/UI/IconsV3/T_IV3_state_hint_{48,64,96,128}",-S08IconLegacy,художественно принято,"по делегированию 2026-10-03 (ART-011, ВР-42)","свой: движок v3 (pycairo), без генераций",UE: 4 размера BGRA без сжатия ≈ 31 КБ на слой; анимированных значков в кадре ≤ 3 (STYLE-v3 §7),IC-06; IC-33; IC-34; art/imagegen/hud-icons-v3/masters/state-hint.png
T_IV3_state_threat,icon,поле V-16 (MS-T-22),"Угроза: глаз и число; контуры V-16 цветом соперника, не красные. Сейчас только галерея. Коммиты: 496b38e2; импорт 1730044f",движок v3 (draw_icons.py),"PNG мастер 2048×1024; PNG 16/21/24/32/48/64/96 по высоте (+18/36/72 по IC-33); UE ширина 48/64/96/128; слои body, glyph в тех же размерах","/Game/S08/UI/IconsV3/T_IV3_state_threat_{48,64,96,128}",-S08IconLegacy,художественно принято,"по делегированию 2026-10-03 (ART-011, ВР-42)","свой: движок v3 (pycairo), без генераций",UE: 4 размера BGRA без сжатия ≈ 31 КБ на слой; анимированных значков в кадре ≤ 3 (STYLE-v3 §7),IC-07; IC-33; IC-34; art/imagegen/hud-icons-v3/masters/state-threat.png
T_IV3_state_immobilized,icon,подбор хода (MS-T-04),Не может двигаться (якорь). Сейчас только галерея. Коммиты: 496b38e2; импорт 1730044f,движок v3 (draw_icons.py),"PNG мастер 1024; PNG 16/21/24/32/48/64/96 (+18/36/72 по IC-33); UE 24/32/48/64 (+18/36 по IC-33); слои body, glyph в тех же размерах","/Game/S08/UI/IconsV3/T_IV3_state_immobilized_{24,32,48,64}",-S08IconLegacy,художественно принято,"по делегированию 2026-10-03 (ART-011, ВР-42)","свой: движок v3 (pycairo), без генераций",UE: 4 размера BGRA без сжатия ≈ 31 КБ на слой; анимированных значков в кадре ≤ 3 (STYLE-v3 §7),IC-08; IC-33; IC-34; art/imagegen/hud-icons-v3/masters/state-immobilized.png
T_IV3_action_attack,icon,"PANEL-LOC/OPP (трекер DE), ACTIONS",Диск «Атака». В HUD — заливка трекера DE по умолчанию с 99ce5a1b. Коммиты: 496b38e2; импорт 1730044f,движок v3 (draw_icons.py),"PNG мастер 1024; PNG 16/21/24/32/48/64/96 (+18/36/72 по IC-33); UE 24/32/48/64 (+18/36 по IC-33); слои body, glyph в тех же размерах","/Game/S08/UI/IconsV3/T_IV3_action_attack_{24,32,48,64}",-S08TrackerLegacy (трекер); вид -S08IconLegacy,художественно принято,"по делегированию 2026-10-03 (ART-011, ВР-42)","свой: движок v3 (pycairo), без генераций",UE: 4 размера BGRA без сжатия ≈ 31 КБ на слой; анимированных значков в кадре ≤ 3 (STYLE-v3 §7),IC-09; IC-33; IC-34; art/imagegen/hud-icons-v3/masters/action-attack.png; HB-19
T_IV3_action_attack_token,icon,поле: цель атаки (CUE-008),"Жетон цели. По умолчанию с f5d6d740 (анимированный US08AnimatedIconWidget). Мировой спрайт пока mvp-v1, замена — IC-35. Коммиты: 496b38e2; импорт 1730044f",движок v3 (draw_icons.py),PNG мастер 1024; PNG 16/21/24/32/48/64/96 (+18/36/72 по IC-33); UE 24/32/48/64 (+18/36 по IC-33),"/Game/S08/UI/IconsV3/T_IV3_action_attack_token_{24,32,48,64}",-S08IconLegacy,художественно принято,"по делегированию 2026-10-03 (ART-011, ВР-42)","свой: движок v3 (pycairo), без генераций",UE: 4 размера BGRA без сжатия ≈ 31 КБ на слой; анимированных значков в кадре ≤ 3 (STYLE-v3 §7),IC-10; IC-33; IC-34; art/imagegen/hud-icons-v3/masters/action-attack-token.png; IC-35
T_IV3_action_attack_token_glyphmask,icon,анализ читаемости (t53_readability.py),Маска звезды жетона. В UE не импортируется: рантайму не нужна. Коммиты: 496b38e2; импорт 1730044f,движок v3 (draw_icons.py),PNG мастер 1024; PNG 16/21/24/32/48/64/96 (+18/36/72 по IC-33); UE 24/32/48/64 (+18/36 по IC-33),— (в UE не импортируется),—,художественно принято,"по делегированию 2026-10-03 (ART-011, ВР-42)","свой: движок v3 (pycairo), без генераций",— (в UE не импортируется),IC-11; IC-33; IC-34; art/imagegen/hud-icons-v3/masters/action-attack-token-glyphmask.png
T_IV3_action_defense,icon,"PANEL-LOC/OPP (трекер DE), COMBAT-EDGE (слот защиты)",Диск «Защита». В HUD — трекер DE по умолчанию. Коммиты: 496b38e2; импорт 1730044f,движок v3 (draw_icons.py),"PNG мастер 1024; PNG 16/21/24/32/48/64/96 (+18/36/72 по IC-33); UE 24/32/48/64 (+18/36 по IC-33); слои body, glyph в тех же размерах","/Game/S08/UI/IconsV3/T_IV3_action_defense_{24,32,48,64}",-S08TrackerLegacy,художественно принято,"по делегированию 2026-10-03 (ART-011, ВР-42)","свой: движок v3 (pycairo), без генераций",UE: 4 размера BGRA без сжатия ≈ 31 КБ на слой; анимированных значков в кадре ≤ 3 (STYLE-v3 §7),IC-12; IC-33; IC-34; art/imagegen/hud-icons-v3/masters/action-defense.png; HB-19
T_IV3_action_maneuver,icon,"PANEL-LOC/OPP (трекер DE), ACTIONS",Диск «Манёвр» (два ботинка). В HUD — трекер DE по умолчанию. Коммиты: 496b38e2; импорт 1730044f,движок v3 (draw_icons.py),"PNG мастер 1024; PNG 16/21/24/32/48/64/96 (+18/36/72 по IC-33); UE 24/32/48/64 (+18/36 по IC-33); слои body, glyph в тех же размерах","/Game/S08/UI/IconsV3/T_IV3_action_maneuver_{24,32,48,64}",-S08TrackerLegacy,художественно принято,"по делегированию 2026-10-03 (ART-011, ВР-42)","свой: движок v3 (pycairo), без генераций",UE: 4 размера BGRA без сжатия ≈ 31 КБ на слой; анимированных значков в кадре ≤ 3 (STYLE-v3 §7),IC-13; IC-33; IC-34; art/imagegen/hud-icons-v3/masters/action-maneuver.png; HB-19
T_IV3_action_scheme,icon,"PANEL-LOC/OPP (трекер DE), ACTIONS",Диск «Схема» (молния). В HUD — трекер DE по умолчанию. Коммиты: 496b38e2; импорт 1730044f,движок v3 (draw_icons.py),"PNG мастер 1024; PNG 16/21/24/32/48/64/96 (+18/36/72 по IC-33); UE 24/32/48/64 (+18/36 по IC-33); слои body, glyph в тех же размерах","/Game/S08/UI/IconsV3/T_IV3_action_scheme_{24,32,48,64}",-S08TrackerLegacy,художественно принято,"по делегированию 2026-10-03 (ART-011, ВР-42)","свой: движок v3 (pycairo), без генераций",UE: 4 размера BGRA без сжатия ≈ 31 КБ на слой; анимированных значков в кадре ≤ 3 (STYLE-v3 §7),IC-14; IC-33; IC-34; art/imagegen/hud-icons-v3/masters/action-scheme.png; HB-19
T_IV3_marker_status,icon,поле: лента порядка (основа лент),"Лента порядка, основа лент. Сейчас только галерея. Коммиты: 496b38e2; импорт 1730044f",движок v3 (draw_icons.py),"PNG мастер 1024; PNG 16/21/24/32/48/64/96 (+18/36/72 по IC-33); UE 24/32/48/64 (+18/36 по IC-33); слои body, team в тех же размерах","/Game/S08/UI/IconsV3/T_IV3_marker_status_{24,32,48,64}",-S08IconLegacy,художественно принято,"по делегированию 2026-10-03 (ART-011, ВР-42)","свой: движок v3 (pycairo), без генераций",UE: 4 размера BGRA без сжатия ≈ 31 КБ на слой; анимированных значков в кадре ≤ 3 (STYLE-v3 §7),IC-15; IC-33; IC-34; art/imagegen/hud-icons-v3/masters/marker-status.png
T_IV3_loader_spinner,icon,"BOOT, LOGIN, LOADING, карта при загрузке скана",Значок загрузки. Сейчас только галерея. Коммиты: 496b38e2; импорт 1730044f,движок v3 (draw_icons.py),PNG мастер 1024; PNG 16/21/24/32/48/64/96 (+18/36/72 по IC-33); UE 24/32/48/64 (+18/36 по IC-33),"/Game/S08/UI/IconsV3/T_IV3_loader_spinner_{24,32,48,64}",-S08SlateHud=<экран>,художественно принято,"по делегированию 2026-10-03 (ART-011, ВР-42)","свой: движок v3 (pycairo), без генераций",UE: 4 размера BGRA без сжатия ≈ 31 КБ на слой; анимированных значков в кадре ≤ 3 (STYLE-v3 §7),IC-16; IC-33; IC-34; art/imagegen/hud-icons-v3/masters/loader-spinner.png
T_IV3_resource_action_full,icon,PANEL-LOC/OPP (старый трекер),Очко действия. Используется только в откате трекера. Коммиты: 496b38e2; импорт 1730044f,движок v3 (draw_icons.py),PNG мастер 1024; PNG 16/21/24/32/48/64/96 (+18/36/72 по IC-33); UE 24/32/48/64 (+18/36 по IC-33),"/Game/S08/UI/IconsV3/T_IV3_resource_action_full_{24,32,48,64}",живёт только при -S08TrackerLegacy,художественно принято,"по делегированию 2026-10-03 (ART-011, ВР-42)","свой: движок v3 (pycairo), без генераций",UE: 4 размера BGRA без сжатия ≈ 31 КБ на слой; анимированных значков в кадре ≤ 3 (STYLE-v3 §7),IC-17; IC-33; IC-34; art/imagegen/hud-icons-v3/masters/resource-action-full.png
T_IV3_resource_action_empty,icon,PANEL-LOC/OPP (старый трекер),Потраченное действие. Используется только в откате трекера. Коммиты: 496b38e2; импорт 1730044f,движок v3 (draw_icons.py),PNG мастер 1024; PNG 16/21/24/32/48/64/96 (+18/36/72 по IC-33); UE 24/32/48/64 (+18/36 по IC-33),"/Game/S08/UI/IconsV3/T_IV3_resource_action_empty_{24,32,48,64}",живёт только при -S08TrackerLegacy,художественно принято,"по делегированию 2026-10-03 (ART-011, ВР-42)","свой: движок v3 (pycairo), без генераций",UE: 4 размера BGRA без сжатия ≈ 31 КБ на слой; анимированных значков в кадре ≤ 3 (STYLE-v3 §7),IC-18; IC-33; IC-34; art/imagegen/hud-icons-v3/masters/resource-action-empty.png
T_IV3_resource_card,icon,"DECKS (класс S), DECKPANEL",Стопка карт: счётчик и добор. Сейчас только галерея. Коммиты: 496b38e2; импорт 1730044f,движок v3 (draw_icons.py),PNG мастер 1024; PNG 16/21/24/32/48/64/96 (+18/36/72 по IC-33); UE 24/32/48/64 (+18/36 по IC-33),"/Game/S08/UI/IconsV3/T_IV3_resource_card_{24,32,48,64}",-S08SlateHud=decks,художественно принято,"по делегированию 2026-10-03 (ART-011, ВР-42)","свой: движок v3 (pycairo), без генераций",UE: 4 размера BGRA без сжатия ≈ 31 КБ на слой; анимированных значков в кадре ≤ 3 (STYLE-v3 §7),IC-19; IC-33; IC-34; art/imagegen/hud-icons-v3/masters/resource-card.png
T_IV3_resource_connection_online,icon,CONN (UUmConnectionBadge),Связь в порядке. Сейчас только галерея. Коммиты: 496b38e2; импорт 1730044f,движок v3 (draw_icons.py),PNG мастер 1024; PNG 16/21/24/32/48/64/96 (+18/36/72 по IC-33); UE 24/32/48/64 (+18/36 по IC-33),"/Game/S08/UI/IconsV3/T_IV3_resource_connection_online_{24,32,48,64}",-S08SlateHud=top,художественно принято,"по делегированию 2026-10-03 (ART-011, ВР-42)","свой: движок v3 (pycairo), без генераций",UE: 4 размера BGRA без сжатия ≈ 31 КБ на слой; анимированных значков в кадре ≤ 3 (STYLE-v3 §7),IC-20; IC-33; IC-34; art/imagegen/hud-icons-v3/masters/resource-connection-online.png
T_IV3_resource_connection_reconnecting,icon,"CONN, RECONNECT (CUE-017)",Синхронизация и переподключение. Сейчас только галерея. Коммиты: 496b38e2; импорт 1730044f,движок v3 (draw_icons.py),"PNG мастер 1024; PNG 16/21/24/32/48/64/96 (+18/36/72 по IC-33); UE 24/32/48/64 (+18/36 по IC-33); слои bars, sign в тех же размерах","/Game/S08/UI/IconsV3/T_IV3_resource_connection_reconnecting_{24,32,48,64}",-S08SlateHud=top,художественно принято,"по делегированию 2026-10-03 (ART-011, ВР-42)","свой: движок v3 (pycairo), без генераций",UE: 4 размера BGRA без сжатия ≈ 31 КБ на слой; анимированных значков в кадре ≤ 3 (STYLE-v3 §7),IC-21; IC-33; IC-34; art/imagegen/hud-icons-v3/masters/resource-connection-reconnecting.png
T_IV3_resource_connection_lost,icon,"CONN, RECONNECT, ABORTED",Связи нет. Сейчас только галерея. Коммиты: 496b38e2; импорт 1730044f,движок v3 (draw_icons.py),"PNG мастер 1024; PNG 16/21/24/32/48/64/96 (+18/36/72 по IC-33); UE 24/32/48/64 (+18/36 по IC-33); слои bars, sign в тех же размерах","/Game/S08/UI/IconsV3/T_IV3_resource_connection_lost_{24,32,48,64}",-S08SlateHud=top,художественно принято,"по делегированию 2026-10-03 (ART-011, ВР-42)","свой: движок v3 (pycairo), без генераций",UE: 4 размера BGRA без сжатия ≈ 31 КБ на слой; анимированных значков в кадре ≤ 3 (STYLE-v3 §7),IC-22; IC-33; IC-34; art/imagegen/hud-icons-v3/masters/resource-connection-lost.png
T_IV3_resource_hp_full,icon,"PANEL-LOC (сердце HP, 24 su), CUE-011","Своё сердце HP. Слой glow — ореол при уроне (AB-6), по умолчанию с 99ce5a1b. Коммиты: 496b38e2; импорт 1730044f",движок v3 (draw_icons.py),PNG мастер 1024; PNG 16/21/24/32/48/64/96 (+18/36/72 по IC-33); UE 24/32/48/64 (+18/36 по IC-33); слои glow в тех же размерах,"/Game/S08/UI/IconsV3/T_IV3_resource_hp_full_{24,32,48,64}",-S08HeartGlowLegacy (ореол); вид -S08IconLegacy,художественно принято,"по делегированию 2026-10-03 (ART-011, ВР-42); слой glow — лично 2026-10-05 «приемку DE012 я одобряю»","свой: движок v3 (pycairo), без генераций",UE: 4 размера BGRA без сжатия ≈ 31 КБ на слой; анимированных значков в кадре ≤ 3 (STYLE-v3 §7),IC-23; IC-33; IC-34; art/imagegen/hud-icons-v3/masters/resource-hp-full.png; HB-19
T_IV3_resource_hp_empty,icon,PANEL-LOC/OPP,Пустое сердце. Слой under в контракте resource-hp-full; отдельно не подключён. Коммиты: 496b38e2; импорт 1730044f,движок v3 (draw_icons.py),PNG мастер 1024; PNG 16/21/24/32/48/64/96 (+18/36/72 по IC-33); UE 24/32/48/64 (+18/36 по IC-33),"/Game/S08/UI/IconsV3/T_IV3_resource_hp_empty_{24,32,48,64}",-S08IconLegacy,художественно принято,"по делегированию 2026-10-03 (ART-011, ВР-42)","свой: движок v3 (pycairo), без генераций",UE: 4 размера BGRA без сжатия ≈ 31 КБ на слой; анимированных значков в кадре ≤ 3 (STYLE-v3 §7),IC-24; IC-33; IC-34; art/imagegen/hud-icons-v3/masters/resource-hp-empty.png
T_IV3_resource_hp_full_enemy,icon,PANEL-OPP,Чужое сердце HP. Сейчас только галерея. Коммиты: 496b38e2; импорт 1730044f,движок v3 (draw_icons.py),PNG мастер 1024; PNG 16/21/24/32/48/64/96 (+18/36/72 по IC-33); UE 24/32/48/64 (+18/36 по IC-33),"/Game/S08/UI/IconsV3/T_IV3_resource_hp_full_enemy_{24,32,48,64}",-S08IconLegacy,художественно принято,"по делегированию 2026-10-03 (ART-011, ВР-42)","свой: движок v3 (pycairo), без генераций",UE: 4 размера BGRA без сжатия ≈ 31 КБ на слой; анимированных значков в кадре ≤ 3 (STYLE-v3 §7),IC-25; IC-33; IC-34; art/imagegen/hud-icons-v3/masters/resource-hp-full-enemy.png
T_IV3_marker_status_p1,icon,галерея,Превью ленты P1. Только галерея. Коммиты: 496b38e2; импорт 1730044f,движок v3 (draw_icons.py),PNG мастер 1024; PNG 16/21/24/32/48/64/96 (+18/36/72 по IC-33); UE 24/32/48/64 (+18/36 по IC-33),"/Game/S08/UI/IconsV3/T_IV3_marker_status_p1_{24,32,48,64}",—,художественно принято,"по делегированию 2026-10-03 (ART-011, ВР-42)","свой: движок v3 (pycairo), без генераций",UE: 4 размера BGRA без сжатия ≈ 31 КБ на слой; анимированных значков в кадре ≤ 3 (STYLE-v3 §7),IC-26; IC-33; IC-34; art/imagegen/hud-icons-v3/masters/marker-status-p1.png
T_IV3_marker_status_p2,icon,галерея,Превью ленты P2. Только галерея. Коммиты: 496b38e2; импорт 1730044f,движок v3 (draw_icons.py),PNG мастер 1024; PNG 16/21/24/32/48/64/96 (+18/36/72 по IC-33); UE 24/32/48/64 (+18/36 по IC-33),"/Game/S08/UI/IconsV3/T_IV3_marker_status_p2_{24,32,48,64}",—,художественно принято,"по делегированию 2026-10-03 (ART-011, ВР-42)","свой: движок v3 (pycairo), без генераций",UE: 4 размера BGRA без сжатия ≈ 31 КБ на слой; анимированных значков в кадре ≤ 3 (STYLE-v3 §7),IC-27; IC-33; IC-34; art/imagegen/hud-icons-v3/masters/marker-status-p2.png
T_IV3_marker_turn_ring,icon,PANEL-LOC/OPP: кольцо хода (CUE-015),"Тёплое кольцо хода у портрета (AB-5, DE-012): вспышка turn.flash.yellow #F2C14E → turn.flash.orange #E8812C 1000 мс, затем тлеющий обод. Форма Codex перенесена в движок «один в один» (30ade784). По умолчанию с 99ce5a1b. Коммиты: 30ade784, 99ce5a1b","движок v3 (draw_icons.py), форма Codex DE-012","PNG мастер 1024; PNG 16/21/24/32/48/64/96 (+18/36/72 по IC-33); UE 24/32/48/64 (+18/36 по IC-33); слои rim, flash_f00…f06 в тех же размерах","/Game/S08/UI/IconsV3/T_IV3_marker_turn_ring_{24,32,48,64}",-S08TurnRingLegacy; другой вариант — -S08TurnRingIcon=<id>,художественно принято,лично 2026-10-05 «приемку DE012 я одобряю»,"свой: движок v3 (pycairo), без генераций",UE: 4 размера BGRA без сжатия ≈ 31 КБ на слой; анимированных значков в кадре ≤ 3 (STYLE-v3 §7),IC-28; IC-33; IC-34; art/imagegen/hud-icons-v3/masters/marker-turn-ring.png; HB-19; FX-33
T_IV3_resource_hp_fallen,icon,PANEL-LOC/OPP (CUE-013),"Сердце павшего бойца с крестом (AB-8, DE-012). Форма Codex, по умолчанию с 99ce5a1b. Коммиты: 30ade784, 99ce5a1b","движок v3 (draw_icons.py), форма Codex DE-012","PNG мастер 1024; PNG 16/21/24/32/48/64/96 (+18/36/72 по IC-33); UE 24/32/48/64 (+18/36 по IC-33); слои heart, cross в тех же размерах","/Game/S08/UI/IconsV3/T_IV3_resource_hp_fallen_{24,32,48,64}",-S08CrossLegacy,художественно принято,лично 2026-10-05 «приемку DE012 я одобряю»,"свой: движок v3 (pycairo), без генераций",UE: 4 размера BGRA без сжатия ≈ 31 КБ на слой; анимированных значков в кадре ≤ 3 (STYLE-v3 §7),IC-29; IC-33; IC-34; art/imagegen/hud-icons-v3/masters/resource-hp-fallen.png; HB-19
T_IV3_marker_x_stamp,icon,COMBAT-EDGE: штамп «нет защиты»,"Штамп X «нет защиты» (AB-8, DE-012). Красный здесь — знак, не заливка (ВР-21). По умолчанию с 99ce5a1b. Коммиты: 30ade784, 99ce5a1b","движок v3 (draw_icons.py), форма Codex DE-012",PNG мастер 1024; PNG 16/21/24/32/48/64/96 (+18/36/72 по IC-33); UE 24/32/48/64 (+18/36 по IC-33),"/Game/S08/UI/IconsV3/T_IV3_marker_x_stamp_{24,32,48,64}",-S08CrossLegacy,художественно принято,лично 2026-10-05 «приемку DE012 я одобряю»,"свой: движок v3 (pycairo), без генераций",UE: 4 размера BGRA без сжатия ≈ 31 КБ на слой; анимированных значков в кадре ≤ 3 (STYLE-v3 §7),IC-30; IC-33; IC-34; art/imagegen/hud-icons-v3/masters/marker-x-stamp.png; HB-30
T_IV3_marker_action_slot_de,icon,PANEL-LOC/OPP: трекер DE,"Слот трекера DE (AB-7, DE-012). Форма Codex, по умолчанию с 99ce5a1b. Коммиты: 30ade784, 99ce5a1b","движок v3 (draw_icons.py), форма Codex DE-012",PNG мастер 1024; PNG 16/21/24/32/48/64/96 (+18/36/72 по IC-33); UE 24/32/48/64 (+18/36 по IC-33); слои ring в тех же размерах,"/Game/S08/UI/IconsV3/T_IV3_marker_action_slot_de_{24,32,48,64}",-S08TrackerLegacy,художественно принято,лично 2026-10-05 «приемку DE012 я одобряю»,"свой: движок v3 (pycairo), без генераций",UE: 4 размера BGRA без сжатия ≈ 31 КБ на слой; анимированных значков в кадре ≤ 3 (STYLE-v3 §7),IC-31; IC-33; IC-34; art/imagegen/hud-icons-v3/masters/marker-action-slot-de.png; HB-19
T_IV3_marker_turn_ring_team,icon,галерея,Кольцо хода цветом команды. Отклонено выбором AB-5 (лично 2026-10-05). Осталось в галерее и как опция; статус по ВР-RG09. Коммиты: e3fd3450,движок v3 (draw_icons.py),"PNG мастер 1024; PNG 16/21/24/32/48/64/96 (+18/36/72 по IC-33); UE 24/32/48/64 (+18/36 по IC-33); слои rim, flash в тех же размерах","/Game/S08/UI/IconsV3/T_IV3_marker_turn_ring_team_{24,32,48,64}",только -S08IconGallery и -S08TurnRingIcon,технически импортировано,нет,"свой: движок v3 (pycairo), без генераций",UE: 4 размера BGRA без сжатия ≈ 31 КБ на слой; анимированных значков в кадре ≤ 3 (STYLE-v3 §7),IC-32; IC-33; IC-34; art/imagegen/hud-icons-v3/masters/marker-turn-ring-team.png
T_IV3_badge_order,icon,"поле: бейдж порядка хода у клетки (V-04/V-04b, L6)","Бейдж порядка хода P1 (MS-T-10, HI-12). Слои body и team",движок v3 (draw_icons.py),PNG мастер 1024; PNG 16/18/21/24/32/36/48/64/72/96; UE 16/18/21/24/32/36/48/64,"/Game/S08/UI/IconsV3/T_IV3_badge_order_{16,18,21,24,32,36,48,64}",нет (прежнего вида не было),художественно принято,"по делегированию 2026-10-07, лист evidence/VISUAL/IC-38 (VS-2 236658c8)","свой: движок v3 (pycairo), без генераций",3 текстуры × 8 размеров ≈ 121 КБ; до 9 бейджей в кадре,IC-38; IC-33; IC-70; art/imagegen/hud-icons-v3/masters/badge-order.png
T_IV3_badge_order_p2,icon,поле: бейдж порядка хода (P2),Бейдж порядка хода P2. Галерея и запасной вид без тона; рантайм — слои IC-38,движок v3 (draw_icons.py),PNG мастер 1024; PNG 16/18/21/24/32/36/48/64/72/96; UE 16/18/21/24/32/36/48/64,"/Game/S08/UI/IconsV3/T_IV3_badge_order_p2_{16,18,21,24,32,36,48,64}",нет (прежнего вида не было),художественно принято,"по делегированию 2026-10-07, лист evidence/VISUAL/IC-39 (VS-2 236658c8)","свой: движок v3 (pycairo), без генераций",1 текстура × 8 размеров ≈ 40 КБ,IC-39; IC-38; IC-70; art/imagegen/hud-icons-v3/masters/badge-order-p2.png
T_IV3_badge_refuse,icon,"поле V-08, CUE-004; кнопка и тост с причиной",Отказ «так нельзя»: X на плашке. Слои body и glyph. Показ 350 мс,движок v3 (draw_icons.py),PNG мастер 1024; PNG 16/18/21/24/32/36/48/64/72/96; UE 16/18/21/24/32/36/48/64,"/Game/S08/UI/IconsV3/T_IV3_badge_refuse_{16,18,21,24,32,36,48,64}",нет (сейчас только текст причины),художественно принято,"по делегированию 2026-10-07, лист evidence/VISUAL/IC-40 (VS-2 236658c8)","свой: движок v3 (pycairo), без генераций",3 текстуры × 8 размеров ≈ 121 КБ; одновременно ≤ 1,IC-40; IC-33; FX-10; IC-70; art/imagegen/hud-icons-v3/masters/badge-refuse.png
T_IV3_badge_conflict,icon,поле V-09 (нижний якорь клетки),Конфликт хода: «!» на ленте. Слой glyph; тело — слои IC-38,движок v3 (draw_icons.py),PNG мастер 1024; PNG 16/18/21/24/32/36/48/64/72/96; UE 16/18/21/24/32/36/48/64,"/Game/S08/UI/IconsV3/T_IV3_badge_conflict_{16,18,21,24,32,36,48,64}",нет (прежнего вида не было),художественно принято,"по делегированию 2026-10-07, лист evidence/VISUAL/IC-41 (VS-2 236658c8)","свой: движок v3 (pycairo), без генераций",2 текстуры × 8 размеров ≈ 81 КБ,IC-41; IC-38; IC-70; art/imagegen/hud-icons-v3/masters/badge-conflict.png
T_IV3_badge_ally,icon,поле V-06 при наведении,Союзник проходим: шеврон «сквозь». Слои body и glyph,движок v3 (draw_icons.py),PNG мастер 1024; PNG 16/18/21/24/32/36/48/64/72/96; UE 18/24/32/36/48/64,"/Game/S08/UI/IconsV3/T_IV3_badge_ally_{18,24,32,36,48,64}",нет (прежнего вида не было),художественно принято,"по делегированию 2026-10-07, лист evidence/VISUAL/IC-42 (VS-2 236658c8)","свой: движок v3 (pycairo), без генераций",3 текстуры × 6 размеров ≈ 113 КБ,IC-42; IC-33; IC-70; art/imagegen/hud-icons-v3/masters/badge-ally.png
T_IV3_badge_attack_from,icon,поле: левый якорь клетки (L6),"«Отсюда можно атаковать: N»: звезда и число, плашка 2 : 1 (мастер 2048×1024). Слои body и glyph",движок v3 (draw_icons.py),PNG мастер 1024; PNG 16/18/21/24/32/36/48/64/72/96; UE 18/24/32/36/48/64,"/Game/S08/UI/IconsV3/T_IV3_badge_attack_from_{18,24,32,36,48,64}",нет (прежнего вида не было),художественно принято,"по делегированию 2026-10-07, лист evidence/VISUAL/IC-43 (VS-2 236658c8)","свой: движок v3 (pycairo), без генераций",3 текстуры × 6 размеров ≈ 225 КБ,IC-43; IC-33; IC-70; art/imagegen/hud-icons-v3/masters/badge-attack-from.png
T_IV3_team_chip_p1,icon,"тег бойца, плашка, лента карты боя","Чип команды P1: круг. Заменяет T_UI_TeamShape_Circle_12 (mvp-v1). Доп. 9 и 12 px — только лист проверки; в HUD ≥ 24 su (ВР-42, ВР-78)",движок v3 (draw_icons.py),"PNG мастер 1024; PNG 16/18/21/24/32/36/48/64/72/96; доп. 9/12; UE 18/24/32/36/48 (24 su в HUD, ВР-78)","/Game/S08/UI/IconsV3/T_IV3_team_chip_p1_{18,24,32,36,48}",-S08IconLegacy → T_UI_TeamShape_Circle_12; трасса ARTLOOK chips=v3|legacy,художественно принято,"по делегированию 2026-10-07, лист evidence/VISUAL/IC-44 (VS-2 236658c8)","свой: движок v3 (pycairo), без генераций",1 текстура × 6 размеров ≈ 9 КБ; до 9 тегов и 6 строк журнала,IC-44; IC-33; HB-45; HB-30; IC-70; art/imagegen/hud-icons-v3/masters/team-chip-p1.png
T_IV3_team_chip_p2,icon,"тег бойца, плашка, лента карты боя","Чип команды P2: шестигранник с разрывами. Заменяет T_UI_TeamShape_Hex_12. Доп. 9 и 12 px — только лист проверки; в HUD ≥ 24 su (ВР-42, ВР-78)",движок v3 (draw_icons.py),"PNG мастер 1024; PNG 16/18/21/24/32/36/48/64/72/96; доп. 9/12; UE 18/24/32/36/48 (24 su в HUD, ВР-78)","/Game/S08/UI/IconsV3/T_IV3_team_chip_p2_{18,24,32,36,48}",-S08IconLegacy → T_UI_TeamShape_Hex_12; трасса ARTLOOK chips=v3|legacy,художественно принято,"по делегированию 2026-10-07, лист evidence/VISUAL/IC-45 (VS-2 236658c8)","свой: движок v3 (pycairo), без генераций",1 текстура × 6 размеров ≈ 9 КБ,IC-45; IC-33; HB-45; HB-30; IC-70; art/imagegen/hud-icons-v3/masters/team-chip-p2.png
T_IV3_action_end_turn,icon,ACTIONS: «КОНЕЦ ХОДА»,"Диск «Конец хода»: стрелка к черте «→|», тело card.navy. Слои body и glyph","движок v3 (draw_icons.py), по эскизу Codex IC-36",PNG мастер 1024; PNG 16/18/21/24/32/36/48/64/72/96; UE 18/24/32/36/48/64,"/Game/S08/UI/IconsV3/T_IV3_action_end_turn_{18,24,32,36,48,64}",-S08SlateHud=actions (кнопка Slate «END TURN (E)»),художественно принято,"по делегированию 2026-10-07, лист evidence/VISUAL/IC-46 (VS-2 236658c8)","свой: движок v3 (pycairo), без генераций",3 текстуры × 6 размеров ≈ 113 КБ; анимируется ≤ 1 диск,IC-46; IC-33; IC-36; HB-43; IC-70; art/imagegen/hud-icons-v3/masters/action-end-turn.png
T_IV3_state_warning,icon,"TOAST, COMBAT-EDGE (таймер 10 с), рамка карты к сбросу",Предупреждение: треугольник «!» state.warning = turn.flash.orange (ВР-66),движок v3 (draw_icons.py),PNG мастер 1024; PNG 16/18/21/24/32/36/48/64/72/96; UE 18/24/32/36/48/64,"/Game/S08/UI/IconsV3/T_IV3_state_warning_{18,24,32,36,48,64}",-S08SlateHud=toast,художественно принято,"по делегированию 2026-10-07, лист evidence/VISUAL/IC-47 (VS-2 236658c8)","свой: движок v3 (pycairo), без генераций",1 текстура × 6 размеров ≈ 38 КБ,IC-47; IC-33; HB-40; HB-31; IC-70; art/imagegen/hud-icons-v3/masters/state-warning.png
T_IV3_card_drop,icon,HAND: карта уйдёт в сброс,Стрелка вниз в лоток: карта отмечена к сбросу. Слои body и glyph,"движок v3 (draw_icons.py), по эскизу Codex IC-36",PNG мастер 1024; PNG 16/18/21/24/32/36/48/64/72/96; UE 18/24/32/36/48/64,"/Game/S08/UI/IconsV3/T_IV3_card_drop_{18,24,32,36,48,64}",-S08SlateHud=hand,художественно принято,"по делегированию 2026-10-07, лист evidence/VISUAL/IC-48 (VS-2 236658c8)","свой: движок v3 (pycairo), без генераций",3 текстуры × 6 размеров ≈ 113 КБ; до 10 отмеченных карт,IC-48; IC-33; IC-36; CP-19; HB-25; IC-70; art/imagegen/hud-icons-v3/masters/card-drop.png
T_IV3_state_heal,icon,"капсула «+N» над фигурой (CUE-012), reduced motion",«+» лечения для капсулы «+N» при сокращённых анимациях (ВР-67),движок v3 (draw_icons.py),PNG мастер 1024; PNG 16/18/21/24/32/36/48/64/72/96; UE 18/24/32/36/48/64,"/Game/S08/UI/IconsV3/T_IV3_state_heal_{18,24,32,36,48,64}",нет (прежнего вида не было),технически импортировано,"по делегированию 2026-10-08, IC-49 (VS-6 29dcc089)","свой: движок v3 (pycairo), без генераций",1 текстура × 6 размеров ≈ 38 КБ,IC-49; IC-33; FX-22; IC-70; art/imagegen/hud-icons-v3/masters/state-heal.png
T_IV3_marker_slot_scheme,icon,SLOT: лента «СХЕМА»,Лента слота карты-источника: схема,движок v3 (draw_icons.py),PNG мастер 1024; PNG 16/18/21/24/32/36/48/64/72/96; UE 18/24/32/36/48/64,"/Game/S08/UI/IconsV3/T_IV3_marker_slot_scheme_{18,24,32,36,48,64}",-S08SlateHud=slot,художественно принято,"по делегированию 2026-10-07, лист evidence/VISUAL/IC-50 (VS-2 236658c8)","свой: движок v3 (pycairo), без генераций",1 текстура × 6 размеров ≈ 38 КБ,IC-50; IC-33; HB-37; IC-70; art/imagegen/hud-icons-v3/masters/marker-slot-scheme.png
T_IV3_marker_slot_boost,icon,SLOT: лента «BOOST»,Лента слота карты-источника: буст,движок v3 (draw_icons.py),PNG мастер 1024; PNG 16/18/21/24/32/36/48/64/72/96; UE 18/24/32/36/48/64,"/Game/S08/UI/IconsV3/T_IV3_marker_slot_boost_{18,24,32,36,48,64}",-S08SlateHud=slot,художественно принято,"по делегированию 2026-10-07, лист evidence/VISUAL/IC-51 (VS-2 236658c8)","свой: движок v3 (pycairo), без генераций",1 текстура × 6 размеров ≈ 38 КБ,IC-51; IC-33; HB-37; IC-70; art/imagegen/hud-icons-v3/masters/marker-slot-boost.png
T_IV3_marker_slot_discard,icon,SLOT: лента «СБРОС»,Лента слота карты-источника: сброс,движок v3 (draw_icons.py),PNG мастер 1024; PNG 16/18/21/24/32/36/48/64/72/96; UE 18/24/32/36/48/64,"/Game/S08/UI/IconsV3/T_IV3_marker_slot_discard_{18,24,32,36,48,64}",-S08SlateHud=slot,художественно принято,"по делегированию 2026-10-07, лист evidence/VISUAL/IC-52 (VS-2 236658c8)","свой: движок v3 (pycairo), без генераций",1 текстура × 6 размеров ≈ 38 КБ,IC-52; IC-48; HB-37; IC-70; art/imagegen/hud-icons-v3/masters/marker-slot-discard.png
T_IV3_ui_menu,icon,"TOP «≡», шапки LOBBY и ROOM",Глиф кнопки меню «≡»,движок v3 (draw_icons.py),PNG мастер 1024; PNG 16/18/21/24/32/36/48/64/72/96; UE 18/24/32/36/48/64,"/Game/S08/UI/IconsV3/T_IV3_ui_menu_{18,24,32,36,48,64}",-S08SlateHud=top,художественно принято,"по делегированию 2026-10-07, лист evidence/VISUAL/IC-53 (VS-2 236658c8)","свой: движок v3 (pycairo), без генераций",1 текстура × 6 размеров ≈ 38 КБ,IC-53; IC-33; HB-14; IC-70; art/imagegen/hud-icons-v3/masters/ui-menu.png
T_IV3_ui_close,icon,"TOAST «×», INSPECT, DECKPANEL",Глиф «×» закрыть,движок v3 (draw_icons.py),PNG мастер 1024; PNG 16/18/21/24/32/36/48/64/72/96; UE 18/24/32/36/48/64,"/Game/S08/UI/IconsV3/T_IV3_ui_close_{18,24,32,36,48,64}",-S08SlateHud=toast,художественно принято,"по делегированию 2026-10-07, лист evidence/VISUAL/IC-54 (VS-2 236658c8)","свой: движок v3 (pycairo), без генераций",1 текстура × 6 размеров ≈ 38 КБ,IC-54; IC-33; HB-28; HB-40; IC-70; art/imagegen/hud-icons-v3/masters/ui-close.png
T_IV3_ui_log,icon,TOP «Журнал» (класс S),Глиф кнопки «Журнал»,"движок v3 (draw_icons.py), по эскизу Codex IC-36",PNG мастер 1024; PNG 16/18/21/24/32/36/48/64/72/96; UE 18/24/32/36/48/64,"/Game/S08/UI/IconsV3/T_IV3_ui_log_{18,24,32,36,48,64}",-S08SlateHud=top,художественно принято,"по делегированию 2026-10-07, лист evidence/VISUAL/IC-55 (VS-2 236658c8)","свой: движок v3 (pycairo), без генераций",1 текстура × 6 размеров ≈ 38 КБ,IC-55; IC-33; IC-36; HB-14; IC-70; art/imagegen/hud-icons-v3/masters/ui-log.png
T_IV3_ui_step,icon,PENDING: число ▲▼,Глиф «▲» (и «▼» поворотом) выбора числа,движок v3 (draw_icons.py),PNG мастер 1024; PNG 16/18/21/24/32/36/48/64/72/96; UE 18/24/32/36/48/64,"/Game/S08/UI/IconsV3/T_IV3_ui_step_{18,24,32,36,48,64}",-S08SlateHud=pending,художественно принято,"по делегированию 2026-10-07, лист evidence/VISUAL/IC-56 (VS-2 236658c8)","свой: движок v3 (pycairo), без генераций",1 текстура × 6 размеров ≈ 38 КБ,IC-56; IC-33; HB-35; IC-70; art/imagegen/hud-icons-v3/masters/ui-step.png
T_IV3_ui_check,icon,"ROOM «ГОТОВ ✓», флажки PAUSE",Глиф «✓» готовности и выбора,движок v3 (draw_icons.py),PNG мастер 1024; PNG 16/18/21/24/32/36/48/64/72/96; UE 18/24/32/36/48/64,"/Game/S08/UI/IconsV3/T_IV3_ui_check_{18,24,32,36,48,64}",-S08SlateHud=room,художественно принято,"по делегированию 2026-10-08, VS-7 Frames 2026-10-08, пакеты 37042366 / 30e07c84, feat/visual-vs7, не влито; лист evidence/VISUAL/VS-7","свой: движок v3 (pycairo), без генераций",1 текстура × 6 размеров ≈ 38 КБ,IC-57; IC-33; IC-70; art/imagegen/hud-icons-v3/masters/ui-check.png
T_IV3_zone_gray,icon,"поле: значок зоны у клетки при наведении и в инспекторе клетки (HI-06, ВР-32)","Значок зоны «gray»: navy-плашка, диск цвета зоны, глиф «квадрат» (ВР-68). Цвет диска — из профиля доски boards[].zoneIconSrgb. Слои body, disc, glyph",движок v3 (draw_icons.py) по глифу Codex IC-37,PNG мастер 1024; PNG 16/18/21/24/32/36/48/64/72/96; UE 24/32/36/48/64,"/Game/S08/UI/IconsV3/T_IV3_zone_gray_{24,32,36,48,64}",нет (прежнего вида не было),художественно принято,"по делегированию 2026-10-07, IC-62 (VS-4 5c29b75e)","свой: движок v3 (pycairo), без генераций",3 текстуры × 5 размеров; ≤ 3 значка у клетки,IC-62; IC-33; IC-37; IC-70; art/imagegen/hud-icons-v3/masters/zone-gray.png
T_IV3_zone_green,icon,"поле: значок зоны у клетки при наведении и в инспекторе клетки (HI-06, ВР-32)","Значок зоны «green»: navy-плашка, диск цвета зоны, глиф «лист» (ВР-68). Цвет диска — из профиля доски boards[].zoneIconSrgb. Слои glyph; вариант мастера zone-green-sarpedon",движок v3 (draw_icons.py) по глифу Codex IC-37,PNG мастер 1024; PNG 16/18/21/24/32/36/48/64/72/96; UE 24/32/36/48/64,"/Game/S08/UI/IconsV3/T_IV3_zone_green_{24,32,36,48,64}",нет (прежнего вида не было),художественно принято,"по делегированию 2026-10-07, IC-63 (VS-4 5c29b75e)","свой: движок v3 (pycairo), без генераций",1 текстура × 5 размеров; ≤ 3 значка у клетки,IC-63; IC-33; IC-37; IC-70; art/imagegen/hud-icons-v3/masters/zone-green.png
T_IV3_zone_blue,icon,"поле: значок зоны у клетки при наведении и в инспекторе клетки (HI-06, ВР-32)","Значок зоны «blue»: navy-плашка, диск цвета зоны, глиф «волна» (ВР-68). Цвет диска — из профиля доски boards[].zoneIconSrgb. Слои glyph; вариант мастера zone-blue-sarpedon",движок v3 (draw_icons.py) по глифу Codex IC-37,PNG мастер 1024; PNG 16/18/21/24/32/36/48/64/72/96; UE 24/32/36/48/64,"/Game/S08/UI/IconsV3/T_IV3_zone_blue_{24,32,36,48,64}",нет (прежнего вида не было),художественно принято,"по делегированию 2026-10-07, IC-64 (VS-4 5c29b75e)","свой: движок v3 (pycairo), без генераций",1 текстура × 5 размеров; ≤ 3 значка у клетки,IC-64; IC-33; IC-37; IC-70; art/imagegen/hud-icons-v3/masters/zone-blue.png
T_IV3_zone_violet,icon,"поле: значок зоны у клетки при наведении и в инспекторе клетки (HI-06, ВР-32)","Значок зоны «violet»: navy-плашка, диск цвета зоны, глиф «полумесяц» (ВР-68). Цвет диска — из профиля доски boards[].zoneIconSrgb. Слои glyph",движок v3 (draw_icons.py) по глифу Codex IC-37,PNG мастер 1024; PNG 16/18/21/24/32/36/48/64/72/96; UE 24/32/36/48/64,"/Game/S08/UI/IconsV3/T_IV3_zone_violet_{24,32,36,48,64}",нет (прежнего вида не было),художественно принято,"по делегированию 2026-10-07, IC-65 (VS-4 5c29b75e)","свой: движок v3 (pycairo), без генераций",1 текстура × 5 размеров; ≤ 3 значка у клетки,IC-65; IC-33; IC-37; IC-70; art/imagegen/hud-icons-v3/masters/zone-violet.png
T_IV3_zone_purple,icon,"поле: значок зоны у клетки при наведении и в инспекторе клетки (HI-06, ВР-32)","Значок зоны «purple»: navy-плашка, диск цвета зоны, глиф «арка» (ВР-68). Цвет диска — из профиля доски boards[].zoneIconSrgb. Слои glyph; вариант мастера zone-purple-sarpedon",движок v3 (draw_icons.py) по глифу Codex IC-37,PNG мастер 1024; PNG 16/18/21/24/32/36/48/64/72/96; UE 24/32/36/48/64,"/Game/S08/UI/IconsV3/T_IV3_zone_purple_{24,32,36,48,64}",нет (прежнего вида не было),художественно принято,"по делегированию 2026-10-07, IC-66 (VS-4 5c29b75e)","свой: движок v3 (pycairo), без генераций",1 текстура × 5 размеров; ≤ 3 значка у клетки,IC-66; IC-33; IC-37; IC-70; art/imagegen/hud-icons-v3/masters/zone-purple.png
T_IV3_zone_red,icon,"поле: значок зоны у клетки при наведении и в инспекторе клетки (HI-06, ВР-32)","Значок зоны «red»: navy-плашка, диск цвета зоны, глиф «пламя» (ВР-68). Цвет диска — из профиля доски boards[].zoneIconSrgb. Слои glyph; вариант мастера zone-red-sarpedon",движок v3 (draw_icons.py) по глифу Codex IC-37,PNG мастер 1024; PNG 16/18/21/24/32/36/48/64/72/96; UE 24/32/36/48/64,"/Game/S08/UI/IconsV3/T_IV3_zone_red_{24,32,36,48,64}",нет (прежнего вида не было),художественно принято,"по делегированию 2026-10-07, IC-67 (VS-4 5c29b75e)","свой: движок v3 (pycairo), без генераций",1 текстура × 5 размеров; ≤ 3 значка у клетки,IC-67; IC-33; IC-37; IC-70; art/imagegen/hud-icons-v3/masters/zone-red.png
T_IV3_zone_brown,icon,"поле: значок зоны у клетки при наведении и в инспекторе клетки (HI-06, ВР-32)","Значок зоны «brown»: navy-плашка, диск цвета зоны, глиф «холм» (ВР-68). Цвет диска — из профиля доски boards[].zoneIconSrgb. Слои glyph; вариант мастера zone-brown-sarpedon",движок v3 (draw_icons.py) по глифу Codex IC-37,PNG мастер 1024; PNG 16/18/21/24/32/36/48/64/72/96; UE 24/32/36/48/64,"/Game/S08/UI/IconsV3/T_IV3_zone_brown_{24,32,36,48,64}",нет (прежнего вида не было),художественно принято,"по делегированию 2026-10-07, IC-68 (VS-4 5c29b75e)","свой: движок v3 (pycairo), без генераций",1 текстура × 5 размеров; ≤ 3 значка у клетки,IC-68; IC-33; IC-37; IC-70; art/imagegen/hud-icons-v3/masters/zone-brown.png
T_IV3_zone_yellow,icon,"поле: значок зоны у клетки при наведении и в инспекторе клетки (HI-06, ВР-32)","Значок зоны «yellow»: navy-плашка, диск цвета зоны, глиф «три точки «∴»» (ВР-68). Цвет диска — из профиля доски boards[].zoneIconSrgb. Слои glyph; вариант мастера zone-yellow-sarpedon",движок v3 (draw_icons.py) по глифу Codex IC-37,PNG мастер 1024; PNG 16/18/21/24/32/36/48/64/72/96; UE 24/32/36/48/64,"/Game/S08/UI/IconsV3/T_IV3_zone_yellow_{24,32,36,48,64}",нет (прежнего вида не было),художественно принято,"по делегированию 2026-10-07, IC-69 (VS-4 5c29b75e)","свой: движок v3 (pycairo), без генераций",1 текстура × 5 размеров; ≤ 3 значка у клетки,IC-69; IC-33; IC-37; IC-70; art/imagegen/hud-icons-v3/masters/zone-yellow.png
T_IV3_action_attack_token_World,icon,"поле: жетон цели в мире (CUE-008), дуги цели",Мировой спрайт жетона v3 POT 1024 с mip вместо T_UI_Action_AttackConcept (mvp-v1). Маска v3 для анализа читаемости (HI-03),"движок v3 (draw_icons.py), импорт icons_v3_import.py","текстура 1024² с mip, TEXTUREGROUP_World",/Game/S08/UI/IconsV3/T_IV3_action_attack_token_World,-S08IconLegacy (вернёт T_UI_Action_AttackConcept),художественно принято,"по делегированию 2026-10-08, IC-35 (VS-6 29dcc089)","свой: движок v3 (pycairo), без генераций",1 текстура 1024² с mip; 0 новых draw calls,IC-35; FX-15; art/imagegen/hud-icons-v3/ue-import-report.json
hud-icons-vr44-codex,icon,"ACTIONS, HAND, TOP, курсор","Пакет эскизов Codex: формы «конец хода», «сброс карты», «журнал», «курсор-указатель». Финалы рисует движок v3","Codex (image_gen для эскизов, вектор в _tools/)","PNG 1024 и 16/21/24/32/48/64/96, цвет и серый; 8 концептов","— (Codex в UE не пишет; финалы — IC-46, IC-48, IC-55, IC-59)",—,художественно принято,"по делегированию, пакет Codex e80f093a, ревью в README пакета (ВР-VS2-81)",Codex image_gen: условия провайдера и дату записать до генерации; коммерческих прав не заявляем; только LAN-сборка (ВР-05),Codex 1 пакет: 8 генераций (2 на глиф) + 1 доработка; SYNTX 0,IC-36; art/imagegen/hud-icons-vr44-codex/
zone-icons-codex,icon,поле: значок зоны,Пакет глифов Codex для 8 ключей зон Marmoreal и Sarpedon. Финалы рисует движок v3,"Codex (image_gen для эскизов, вектор в _tools/)","PNG 1024 и 16/21/24/32/48/64/96, цвет и серый; 16 концептов",— (Codex в UE не пишет; финалы — IC-62…IC-69),—,предложено,пакет-предложение принят по делегированию (2e62226c); художественная приёмка — лист IC-62…IC-69,Codex image_gen: условия провайдера и дату записать до генерации; коммерческих прав не заявляем; только LAN-сборка (ВР-05),Codex 1 пакет: 16 генераций (2 на ключ) + 1 доработка на ключ; SYNTX 0,IC-37; art/imagegen/zone-icons-codex/
hud-icons-de012-codex,icon,"PANEL-LOC/OPP, COMBAT-EDGE (DE-012)","Пакет Codex DE-012: формы кольца хода, сердца павшего, штампа X, слота трекера. Формы перенесены в движок v3 (30ade784). Папка de011/ — концепты растворения (строка hud-icons-de012-codex/de011)",Codex,"PNG 1024 и рабочие размеры, вектор vector-codex/",— (перенос — T_IV3_marker_turn_ring и др.),—,художественно принято,лично 2026-10-05 «приемку DE012 я одобряю»,Codex image_gen: условия провайдера и дату записать до генерации; коммерческих прав не заявляем; только LAN-сборка (ВР-05),—,DE-012; IC-28; IC-29; IC-30; IC-31; art/imagegen/hud-icons-de012-codex/README.md
hud-icons-v2,icon,—,"Значки v2: 9 масок ImageGen и compose_icons.py. Отклонено лично 2026-10-03 («нарисованы криво», «топорно»), заменено v3. Не используется; статус по ВР-RG09",ImageGen + compose_icons.py,PNG 1024,—,—,предложено,нет,свой: ImageGen (встроенный в Codex); условия провайдера — уточнить: RESEARCH-2026-10-05.md §права,—,art/imagegen/hud-icons-v2/README.md
mvp-v1-ui,icon,—,"UI-набор mvp-v1: 99 PNG (из 304). Заменён: 72 «перерисовать», 19 «заменить», 8 «оставить». В игре живут только T_UI_* ниже",ImageGen (mvp-v1),PNG разные размеры,—,—,предложено,нет,свой: ImageGen (встроенный в Codex); условия провайдера — уточнить: RESEARCH-2026-10-05.md §права,—,art/imagegen/mvp-v1/ui/; docs/unreal/contracts/hud/HUD-AND-ICONS.md
T_UI_Action_AttackConcept,icon,поле: мировой спрайт жетона цели,Мировой спрайт жетона mvp-v1 (S08FighterActor.cpp:171). Заменит T_IV3_action_attack_token_World,ImageGen (mvp-v1),текстура UE,/Game/ArtTests/ARTMarkers/Textures/T_UI_Action_AttackConcept,станет откатом -S08IconLegacy после IC-35,технически импортировано,нет,свой: ImageGen (встроенный в Codex); условия провайдера — уточнить: RESEARCH-2026-10-05.md §права,—,IC-35; ASSET-MARKERS-001.RINGS
T_UI_Action_AttackToken,icon,поле: жетон цели (откат),Жетон цели mvp-v1. Живёт только в откате,ImageGen (mvp-v1),UE 24/32/48,"/Game/ArtTests/ARTMarkers/Textures/T_UI_Action_AttackToken_{24,32,48}",живёт только при -S08IconLegacy,технически импортировано,нет,свой: ImageGen (встроенный в Codex); условия провайдера — уточнить: RESEARCH-2026-10-05.md §права,—,IC-10
T_UI_Action_Attack,icon,WBP_S08ArtIcon (откат),Значок атаки mvp-v1. Живёт только в откате,ImageGen (mvp-v1),UE 24/32/48,"/Game/ArtTests/ARTMarkers/Textures/T_UI_Action_Attack_{24,32,48}",живёт только при -S08IconLegacy,технически импортировано,нет,свой: ImageGen (встроенный в Codex); условия провайдера — уточнить: RESEARCH-2026-10-05.md §права,—,IC-09
T_UI_TeamShape_Circle_12,icon,тег и плашка бойца: чип P1,"Чип команды P1 mvp-v1, по умолчанию сейчас. Заменит T_IV3_team_chip_p1",ImageGen (mvp-v1),UE 12 px,/Game/ArtTests/ARTMarkers/Textures/T_UI_TeamShape_Circle_12,станет откатом -S08IconLegacy после IC-44,технически импортировано,нет,свой: ImageGen (встроенный в Codex); условия провайдера — уточнить: RESEARCH-2026-10-05.md §права,—,IC-44
T_UI_TeamShape_Hex_12,icon,тег и плашка бойца: чип P2,"Чип команды P2 mvp-v1, по умолчанию сейчас. Заменит T_IV3_team_chip_p2",ImageGen (mvp-v1),UE 12 px,/Game/ArtTests/ARTMarkers/Textures/T_UI_TeamShape_Hex_12,станет откатом -S08IconLegacy после IC-45,технически импортировано,нет,свой: ImageGen (встроенный в Codex); условия провайдера — уточнить: RESEARCH-2026-10-05.md §права,—,IC-45
T_Cursor_Default,cursor,везде; системный курсор скрыт,"Обычный курсор: стрелка #FAF8F2 с кромкой #111317, горячая точка (1,1). Путь по IC-58…IC-61, в IconsV3 не идёт (ВР-RG05, по делегированию)",движок v3 (draw_icons.py),"PNG мастер 1024; PNG 16/18/21/24/32/36/48/64/72/96; UE 32 px ×1, _x2 64 px, _24 и _48 (DPI 0,75 и 150 %); горячие точки в cursor-hotspots.json","/Game/S08/UI/Cursors/T_Cursor_Default{,_x2,_24,_48}",-S08SlateHud=cursor (системный курсор),художественно принято,"по делегированию 2026-10-07, лист evidence/VISUAL/IC-58 (VS-2 236658c8)","свой: движок v3 (pycairo), без генераций",1 текстура × 4 размера ≈ 31 КБ,IC-58; IC-33; HB-12; IC-70; art/imagegen/hud-icons-v3/masters/cursor-default.png
T_Cursor_Pointer,cursor,"наведение на кнопку, карту, свою фигуру, клетку (CUE-001)","Указатель «можно нажать»: рука, горячая точка на кончике пальца. Путь по IC-58…IC-61, в IconsV3 не идёт (ВР-RG05, по делегированию)",движок v3 (draw_icons.py),"PNG мастер 1024; PNG 16/18/21/24/32/36/48/64/72/96; UE 32 px ×1, _x2 64 px, _24 и _48 (DPI 0,75 и 150 %); горячие точки в cursor-hotspots.json","/Game/S08/UI/Cursors/T_Cursor_Pointer{,_x2,_24,_48}",-S08SlateHud=cursor (системный курсор),художественно принято,"по делегированию 2026-10-07, лист evidence/VISUAL/IC-59 (VS-2 236658c8)","свой: движок v3 (pycairo), без генераций",1 текстура × 4 размера ≈ 31 КБ,IC-59; IC-33; IC-36; HB-12; IC-70; art/imagegen/hud-icons-v3/masters/cursor-pointer.png
T_Cursor_Denied,cursor,наведение на недоступное (с подсказкой why.*),"Курсор «недоступно»: стрелка с малым X state.error. Путь по IC-58…IC-61, в IconsV3 не идёт (ВР-RG05, по делегированию)",движок v3 (draw_icons.py),"PNG мастер 1024; PNG 16/18/21/24/32/36/48/64/72/96; UE 32 px ×1, _x2 64 px, _24 и _48 (DPI 0,75 и 150 %); горячие точки в cursor-hotspots.json","/Game/S08/UI/Cursors/T_Cursor_Denied{,_x2,_24,_48}",-S08SlateHud=cursor (системный курсор),художественно принято,"по делегированию 2026-10-07, лист evidence/VISUAL/IC-60 (VS-2 236658c8)","свой: движок v3 (pycairo), без генераций",1 текстура × 4 размера ≈ 31 КБ,IC-60; IC-58; HB-12; IC-70; art/imagegen/hud-icons-v3/masters/cursor-unavailable.png
T_Cursor_Busy,cursor,"команда в полёте (V-10, «Отправлено…»)","Курсор «занято»: песочные часы, 8 кадров, цикл 1500 мс (глиф state-sent). Путь по IC-58…IC-61, в IconsV3 не идёт (ВР-RG05, по делегированию)",движок v3 (draw_icons.py),"PNG мастер 1024; PNG 16/18/21/24/32/36/48/64/72/96; UE 32 px ×1, _x2 64 px, _24 и _48 (DPI 0,75 и 150 %); горячие точки в cursor-hotspots.json","/Game/S08/UI/Cursors/T_Cursor_Busy_00…07{,_x2,_24,_48}",-S08SlateHud=cursor (системный курсор),художественно принято,"по делегированию 2026-10-07, лист evidence/VISUAL/IC-61 (VS-2 236658c8)","свой: движок v3 (pycairo), без генераций",8 текстур × 4 размера ≈ 250 КБ,IC-61; IC-33; HB-12; IC-70; art/imagegen/hud-icons-v3/masters/cursor-busy.png
WBP_UmCursor,cursor,везде (software cursor),Виджет курсора UUmCursor: 4 состояния через SetSoftwareCursorWidget,UE (C++ + WBP),WBP,/Game/S08/UI/Common/WBP_UmCursor (UUmCursor),-S08SlateHud=cursor,художественно принято,"по делегированию 2026-10-07, HB-12 (VS-4 5c29b75e)",свой (код и материалы проекта),"≤ 0,01 мс GT",HB-12; IC-58; IC-59; IC-60; IC-61
PROC_Hud_SlateLegacy,hud,GAME: все блоки партии,"Slate-прототип HUD в AS08FlowGameMode: RefreshHud пересобирает панели на каждое событие и каждые 0,25 с в окнах защиты; рука текстовыми кнопками, бой текстовыми плашками, всё на английском. После переноса блоков на UMG остаётся только откатом (ВР-36). Id по ВР-RG02","UE (Slate, C++)",C++ Slate,"AS08FlowGameMode::RefreshHud, BuildHudWidgets (S08FlowGameMode*.cpp)",станет -S08SlateHud (весь или списком блоков) после HB-06,технически импортировано,нет,свой (код и материалы проекта),"уточнить: замер GT Slate-HUD в HB-49 (ΔGT UMG − Slate ≤ 0,3 мс)",HB-06; HB-49; docs/game-design/visual/01-inventory.md §1.2
PROC_Hud_DebugMarkers,hud,"GAME, GAMEOVER: отладка у игрока","13 неоновых маркеров гейтов, 4-цветная полоса результата, «seq= phase=», «deck=24~», эхо команд, AUTO-тосты. По ВР-35 уходят из вида игрока под флаг -S09Markers; гейты переходят на трассы SHOT widget","UE (Slate, C++)",C++ Slate (SColorBlock 220×14),"AS08FlowGameMode (AddMarker, модаль результата)",-S09Markers возвращает отладку (после HB-02),технически импортировано,нет,свой (код и материалы проекта),ΔGT ≤ 0 мс после HB-02 (виджетов меньше),HB-01; HB-02; HB-48
WBP_S08ArtPlate,hud,поле: плашка бойца по наведению и «ЦЕЛЬ»,Плашка бойца над фигурой (UMG). Паритет 0 px со Slate измерен только у плашки. По ВР-07 — только при наведении или выделении; литералы → тема (HB-46),UE (UMG),WBP,/Game/S08/UI/ArtHud/WBP_S08ArtPlate (US08ArtPlateWidget),"-ArtHudImpl=slate, -ArtPreviewNoPlate; после HB-46 — -S08SlateHud=plate",технически импортировано,нет,свой (код и материалы проекта),"≤ 0,02 мс GT p95",HB-46; HB-44; docs/game-design/evidence/ART-004/hud-umg-w4c-2026-09-29.md
WBP_S08ArtTag,hud,поле: тег бойца на токене,"Тег бойца: HP-полоса, чип команды, цифра гарпии. Сейчас теги v2 без имени, у гарпий одинаковое «1/1» (HD-08). По ВР-63 кегль 14 su, по ВР-72 цифра гарпии 1–3",UE (UMG),WBP,/Game/S08/UI/ArtHud/WBP_S08ArtTag (US08ArtTagWidget),-ArtHudImpl=slate; после HB-45 — -S08SlateHud=tag,технически импортировано,нет,свой (код и материалы проекта),"≤ 0,05 мс GT p95 на 6 тегов",HB-45; HB-44; IC-44; IC-45; AN-31
WBP_S08ArtDamage,hud,поле: «−N» (CUE-011) и «+N» (CUE-012),"Числа урона и лечения над фигурой в тёмной капсуле: «−N» 24 su (ВР-63), «+N» fx.heal #8CE69A (ВР-67). Сейчас кегль 18 и фон #161A28",UE (UMG),WBP,/Game/S08/UI/ArtHud/WBP_S08ArtDamage (US08ArtDamageWidget),"-ArtHudImpl=slate; после FX-22 — -S08SlateHud=damage (прежний кегль 18 и фон #161A28, ВР-61)",технически импортировано,нет,свой (код и материалы проекта),"≤ 0,05 мс GT на число; ≤ 4 числа одновременно",FX-22; FX-23; FX-25; IC-49; HB-44
WBP_S08ArtIcon,hud,поле: значок над фигурой (откат),Старый UMG-значок над фигурой. По умолчанию не используется,UE (UMG),WBP,/Game/S08/UI/ArtHud/WBP_S08ArtIcon,живёт только при -S08IconLegacy,технически импортировано,нет,свой (код и материалы проекта),—,T_UI_Action_Attack; docs/game-design/visual/01-inventory.md §1.1
US08TurnPortraitWidget,hud,"PANEL-LOC, PANEL-OPP (DE-023)","Нативный UMG-виджет портретов: диск-монограмма, имя, сердце HP, трекер DE, кольцо хода, ореол, сердце павшего (AB-5…AB-8 по умолчанию с 99ce5a1b). Аватары придут из CP-08…CP-12",UE (C++ UMG),C++ виджет без WBP,US08TurnPortraitWidget (Source/Unmatched/S08/S08TurnPortraitWidget.*),"-S08TurnRingLegacy, -S08HeartGlowLegacy, -S08TrackerLegacy, -S08CrossLegacy",технически импортировано,нет,свой (код и материалы проекта),"уточнить: замер GT панели в HB-18 (≤ 0,05 мс GT p95)",HB-18; HB-19; HB-20; CP-08
US08AnimatedIconWidget,hud,"анимированные значки: жетон, сердце, трекер, галерея","Рантайм движения значков по контракту icon-motion.json; G-ICON |Δ| 0,384 в прогоне I. HB-23 добавит выбор текстуры по DPI и масштабу UI",UE (C++ UMG),C++ виджет,"US08AnimatedIconWidget, S08IconMotion",-S08IconLegacy,технически импортировано,нет,свой (код и материалы проекта),0 мс на кадр вне анимации; ≤ 3 анимированных значка в кадре,HB-23; IC-70; docs/unreal/contracts/hud/icon-motion.json
S08ArtHud,hud,поле: строки слоя над фигурами,StringTable слоя над фигурами (единственная таблица строк сейчас),UE (StringTable CSV),CSV StringTable,"Content/Localization/StringTables/S08ArtHud.csv (CSV-таблица, регистрация в коде)",—,технически импортировано,нет,свой (код и материалы проекта),—,HB-05; unreal/Unmatched/Content/Localization/StringTables/S08ArtHud.csv
Roboto-BoldCondensed,hud,"портреты, баннер, слой над фигурами, часть результата и колоды","Шрифт HUD (HI-07): Roboto Bold Condensed из шрифта Slate по умолчанию (FCoreStyle). Выбран по делегированию 2026-10-03 («Бери любой, который посчитаешь оптимальным»); арт-приёмкой это не считается",UE (шрифт движка),TTF Roboto-BoldCondensed (FCoreStyle),FCoreStyle default font (S08ArtHudStyle.h),—,технически импортировано,нет,"Apache 2.0, текст в unreal/Unmatched/Licenses/THIRD_PARTY_NOTICES.txt",—,HB-05; docs/unreal/contracts/hud/HUD-AND-ICONS.md
F_UM_RobotoBoldCondensed_Offline,hud,поле: цифра гарпии на подставке,Офлайн-шрифт для цифры 1–3 декалью на подставке гарпии (ВР-72),UE (импорт скриптом base_digit_import.py),UFont offline,/Game/UM/Fonts/F_UM_RobotoBoldCondensed_Offline,-S08BaseDigitLegacy,предложено,нет,Apache 2.0 (Roboto),1 шрифт-атлас; ΔGPU в бюджете AN-31,AN-31
hud-style-tokens,hud,"все блоки HUD, значки, поле","Таблица токенов стиля: 82 токена (в описи — 80: 77 «предложено», 2 «измерено», font.card «технически импортировано»; прогон I добавил 2 тёплых тона). Владелец токенов (ВР-45); генератор пишет S08HudTokens.generated.h (ВР-77). Тёплые тона turn.flash.yellow #F2C14E и turn.flash.orange #E8812C — художественно приняты лично (AB-5)",JSON + генератор hud_tokens_codegen.py,JSON 82 токена → C++ заголовок ≤ 30 КБ,S08HudTokens.generated.h (namespace S08HudTokens),—,технически импортировано,"по делегированию, HB-03 (VS-1 f942976a / VS-2 236658c8)",свой (код и материалы проекта),генерация ≤ 1 с; 0 мс на кадр,HB-03; docs/unreal/contracts/hud/hud-style-tokens.json
DA_UmHudTheme,hud,все блоки UMG,"Тема UMG UUmHudTheme из hud-style-tokens.json: цвета, кегли, скины 9-slice, рамки карт","UE (DataAsset, импорт hud_theme_import.py)",DataAsset,/Game/S08/UI/Theme/DA_UmHudTheme (UUmHudTheme),-S08SlateHud (Slate тему не читает),технически импортировано,"по делегированию, HB-04 (VS-1 f942976a / VS-2 236658c8)",свой (код и материалы проекта),загрузка ≤ 5 мс один раз; 0 мс на кадр,HB-04; HB-10; CP-14
ST_Hud,hud,"HUD и экраны (RU по умолчанию, EN)",StringTable: строки HUD партии. RU по умолчанию и EN (ВР-37); новых литералов в коде нет,скрипт hud_strings_build.py,StringTable,/Game/UI/Localization/ST_Hud,-S08SlateHud (Slate со старыми строками),технически импортировано,"по делегированию, HB-05 (VS-1 f942976a / VS-2 236658c8)",свой (код и материалы проекта),таблицы ≤ 200 КБ; 0 аллокаций на кадр,HB-05; docs/unreal/contracts/hud/st-hud.csv
ST_Screens,hud,"HUD и экраны (RU по умолчанию, EN)",StringTable: строки экранов. RU по умолчанию и EN (ВР-37); новых литералов в коде нет,скрипт hud_strings_build.py,StringTable,/Game/UI/Localization/ST_Screens,-S08SlateHud (Slate со старыми строками),технически импортировано,"по делегированию, HB-05 (VS-1 f942976a / VS-2 236658c8)",свой (код и материалы проекта),таблицы ≤ 200 КБ; 0 аллокаций на кадр,HB-05; docs/unreal/contracts/hud/st-hud.csv
ST_Why,hud,"HUD и экраны (RU по умолчанию, EN)",StringTable: 40 причин недоступности why.* (why-reasons.json). RU по умолчанию и EN (ВР-37); новых литералов в коде нет,скрипт hud_strings_build.py,StringTable,/Game/UI/Localization/ST_Why,-S08SlateHud (Slate со старыми строками),технически импортировано,"по делегированию, HB-05 (VS-1 f942976a / VS-2 236658c8)",свой (код и материалы проекта),таблицы ≤ 200 КБ; 0 аллокаций на кадр,HB-05; docs/unreal/contracts/hud/st-hud.csv
ST_Ms,hud,"HUD и экраны (RU по умолчанию, EN)",StringTable: строки подбора хода. RU по умолчанию и EN (ВР-37); новых литералов в коде нет,скрипт hud_strings_build.py,StringTable,/Game/UI/Localization/ST_Ms,-S08SlateHud (Slate со старыми строками),технически импортировано,"по делегированию, HB-05 (VS-1 f942976a / VS-2 236658c8)",свой (код и материалы проекта),таблицы ≤ 200 КБ; 0 аллокаций на кадр,HB-05; docs/unreal/contracts/hud/st-hud.csv
WBP_UmHudRoot,hud,GAME: корень HUD,"Корень HUD UUmHudRoot: раскладка L/S по FIELD, DPI 0,75 при 720p и масштаб UI 75–150 % (ВР-62)",UE (C++ BindWidget + WBP),WBP,/Game/S08/UI/Root/WBP_UmHudRoot (UUmHudRoot),-S08SlateHud,художественно принято,"по делегированию 2026-10-07, лист evidence/VISUAL/HB-06 (VS-2 236658c8)",свой (код и материалы проекта),"≤ 0,05 мс GT p95, ≤ 0,02 мс GPU; весь HUD ≤ 0,5 мс GT p95 и ≤ 0,3 мс GPU при 1080p (П8)",HB-06; HB-09; HB-49; HB-07
WBP_UI_SCR_GAME,hud,GAME,Экран партии UUmGameHud: слоты всех блоков,UE (C++ BindWidget + WBP),WBP,/Game/S08/UI/Hud/WBP_UI_SCR_GAME (UUmGameHud),-S08SlateHud,художественно принято,"по делегированию 2026-10-07, лист evidence/VISUAL/HB-06 (VS-2 236658c8)",свой (код и материалы проекта),"пересчёт раскладки ≤ 0,2 мс только по событию",HB-06; HB-49
WBP_UmButton,hud,все кнопки HUD и экранов,"Кнопка UUmButton: обычная, главная, диск; 6 состояний; причина недоступности; нажатие на отпускании",UE (C++ BindWidget + WBP),WBP,/Game/S08/UI/Common/WBP_UmButton (UUmButton),-S08SlateHud (кнопки Slate MakeHudPress),художественно принято,"по делегированию 2026-10-07, лист evidence/VISUAL/HB-06 (VS-2 236658c8)",свой (код и материалы проекта),"≤ 0,01 мс GT на смену состояния",HB-11; HB-08
WBP_UI_HUD_TOP,hud,TOP,"Верхняя полоса: номер хода, связь, «≡», «Журнал» (класс S)",UE (C++ BindWidget + WBP),WBP,/Game/S08/UI/Hud/WBP_UI_HUD_TOP (UUmHudTop),-S08SlateHud=top,художественно принято,"по делегированию 2026-10-07, лист evidence/VISUAL/HB-14 (VS-2 236658c8)",свой (код и материалы проекта),"≤ 0,02 мс GT p95; ≤ 1 анимированный значок",HB-14; HB-13; IC-53; IC-55
WBP_UmConnectionBadge,hud,"CONN (CUE-017, CUE-018)","Значок связи: в порядке, переподключение, нет связи",UE (C++ BindWidget + WBP),WBP,/Game/S08/UI/Common/WBP_UmConnectionBadge (UUmConnectionBadge),-S08SlateHud=top,художественно принято,"по делегированию 2026-10-07, лист evidence/VISUAL/HB-14 (VS-2 236658c8)",свой (код и материалы проекта),входит в бюджет TOP,HB-14; IC-20; IC-21; IC-22
WBP_UI_HUD_STATUS,hud,STATUS,Строка «что делать сейчас» и глагол соперника,UE (C++ BindWidget + WBP),WBP,/Game/S08/UI/Hud/WBP_UI_HUD_STATUS (UUmHudStatusLine),-S08SlateHud=status,художественно принято,"по делегированию 2026-10-07, лист evidence/VISUAL/HB-15 (VS-2 236658c8)",свой (код и материалы проекта),"≤ 0,03 мс GT p95",HB-15; HB-13
WBP_UI_HUD_BANNER,hud,BANNER (CUE-015),"Баннер «ВАШ ХОД» 600 мс только на свой ход, turn.flash.yellow (ВР-40)",UE (C++ BindWidget + WBP),WBP,/Game/S08/UI/Hud/WBP_UI_HUD_BANNER (UUmHudBanner),-S08SlateHud=banner,художественно принято,"по делегированию 2026-10-07, лист evidence/VISUAL/HB-16 (VS-2 236658c8)",свой (код и материалы проекта),"≤ 0,01 мс GT; вне 600 мс тиков нет",HB-16; HB-13
WBP_UI_HUD_PANEL_LOC,hud,"PANEL-LOC (CUE-011, CUE-013, CUE-015)","Свой портрет слева внизу (ВР-01): аватар 80 su, HP, мини-портреты помощников 40 su, кольцо хода, трекер DE, ореол сердца, сердце павшего",UE (C++ BindWidget + WBP),WBP,"/Game/S08/UI/Hud/WBP_UI_HUD_PANEL_LOC (UUmHudPlayerPanel, Side=Own)","-S08SlateHud=panels; откаты AB: -S08TurnRingLegacy, -S08HeartGlowLegacy, -S08TrackerLegacy, -S08CrossLegacy",художественно принято,"по делегированию 2026-10-07, лист evidence/VISUAL/HB-18 (VS-2 236658c8)",свой (код и материалы проекта),"≤ 0,05 мс GT p95; аватары ≤ 1,5 МБ в паке",HB-18; HB-19; HB-17; CP-08
WBP_UI_HUD_PANEL_OPP,hud,PANEL-OPP,"Портрет соперника справа вверху (диагональ DE), трекер соперника в его ход, «ИИ думает»",UE (C++ BindWidget + WBP),WBP,"/Game/S08/UI/Hud/WBP_UI_HUD_PANEL_OPP (UUmHudPlayerPanel, Side=Opp)",-S08SlateHud=panels,художественно принято,"по делегированию 2026-10-07, лист evidence/VISUAL/HB-20 (VS-2 236658c8)",свой (код и материалы проекта),"≤ 0,05 мс GT p95",HB-20; HB-19; HB-17
WBP_UI_HUD_OPP_HAND,hud,OPP-HAND,Рука соперника рубашками его героя,UE (C++ BindWidget + WBP),WBP,/Game/S08/UI/Hud/WBP_UI_HUD_OPP_HAND (UUmHudOppHand),-S08SlateHud=opphand,художественно принято,"по делегированию 2026-10-07, лист evidence/VISUAL/HB-21 (VS-2 236658c8)",свой (код и материалы проекта),"≤ 0,02 мс GT p95; одна текстура рубашки на героя",HB-21; HB-17; CP-05; CP-06
WBP_UI_HUD_HAND,hud,"HAND (CUE-005, CUE-006)","Рука: ряд и веер, наведение 1,5×, опускание при выборе цели, добор, сброс по лимиту, выбор BOOST. CUE-005 без VFX",UE (C++ BindWidget + WBP),WBP,/Game/S08/UI/Hud/WBP_UI_HUD_HAND (UUmHudHand),-S08SlateHud=hand,художественно принято,"по делегированию 2026-10-07, HB-24 (VS-3 0f5964c6)",свой (код и материалы проекта),"≤ 0,15 мс GT p95 на снапшот с 9 картами; 0 новых виджетов после прогрева",HB-24; HB-25; HB-22; FX-11
WBP_UI_HUD_DECKS,hud,DECKS,Фишки колоды и сброса,UE (C++ BindWidget + WBP),WBP,/Game/S08/UI/Hud/WBP_UI_HUD_DECKS (UUmHudDecks),-S08SlateHud=decks,художественно принято,"по делегированию 2026-10-07, HB-27 (VS-3 0f5964c6)",свой (код и материалы проекта),"≤ 0,02 мс GT p95",HB-27; HB-26; IC-19
WBP_UI_HUD_DECKPANEL,hud,DECKPANEL,"Боковая панель колоды своей и соперника, браузер сброса внутри (F-05)",UE (C++ BindWidget + WBP),WBP,/Game/S08/UI/Hud/WBP_UI_HUD_DECKPANEL (UUmHudDeckPanel),-S08SlateHud=deckpanel,художественно принято,"по делегированию 2026-10-07, HB-28 (VS-3 0f5964c6)",свой (код и материалы проекта),"кадр открытия ≤ 2 мс; открытая ≤ 0,05 мс GT p95",HB-28; HB-26; IC-54
WBP_UI_HUD_COMBAT_EDGE,hud,"COMBAT (CUE-008, CUE-009, CUE-010)","Карты боя у краёв ×2: лента роли, слот защиты в 3 состояниях, кнопки защиты, таймер защиты, переворот на месте, штамп X. CUE-010 без VFX",UE (C++ BindWidget + WBP),WBP,/Game/S08/UI/Hud/WBP_UI_HUD_COMBAT_EDGE (UUmHudCombatEdge ×2),-S08SlateHud=combat; -S08CrossLegacy,художественно принято,"по делегированию 2026-10-07, HB-30 (VS-3 0f5964c6)",свой (код и материалы проекта),"≤ 0,08 мс GT p95 на пару краёв",HB-30; HB-31; HB-32; HB-29; FX-18; CP-20
WBP_UI_HUD_COMBAT,hud,COMBAT (CUE-010),"Центр боя: ожидание, счёт, исход, строки эффектов (F-01)",UE (C++ BindWidget + WBP),WBP,/Game/S08/UI/Hud/WBP_UI_HUD_COMBAT (UUmHudCombatCenter),-S08SlateHud=combat,художественно принято,"по делегированию 2026-10-07, HB-33 (VS-3 0f5964c6)",свой (код и материалы проекта),"≤ 0,05 мс GT p95 в постановке",HB-33; HB-29; FX-18
WBP_UI_HUD_PENDING,hud,PENDING,"Выбор: модаль, компакт на поле, тост-триггер, свёрнуто, сброс, BOOST Arthur, чужой выбор, число ▲▼",UE (C++ BindWidget + WBP),WBP,/Game/S08/UI/Hud/WBP_UI_HUD_PENDING (UUmHudPending),-S08SlateHud=pending,художественно принято,"по делегированию 2026-10-07, HB-35 (VS-4 5c29b75e)",свой (код и материалы проекта),"≤ 0,05 мс GT p95; пересборка шага ≤ 2 мс",HB-35; HB-36; HB-34; IC-56
WBP_UI_HUD_SLOT,hud,SLOT (CUE-006),"Карта-источник: схема, BOOST, сброс; прилёт 200, удержание 1500 (F-10)",UE (C++ BindWidget + WBP),WBP,/Game/S08/UI/Hud/WBP_UI_HUD_SLOT (UUmHudSourceSlot),-S08SlateHud=slot,художественно принято,"по делегированию 2026-10-07, HB-37 (VS-4 5c29b75e)",свой (код и материалы проекта),"≤ 0,02 мс GT p95",HB-37; HB-34; IC-50; IC-51; IC-52
WBP_UI_HUD_LOG,hud,LOG,Журнал событий,UE (C++ BindWidget + WBP),WBP,/Game/S08/UI/Hud/WBP_UI_HUD_LOG (UUmHudLog),-S08SlateHud=log,художественно принято,"по делегированию 2026-10-07, HB-39 (VS-4 5c29b75e)",свой (код и материалы проекта),"≤ 0,03 мс GT p95; пул ≤ 50 строк",HB-39; HB-38
WBP_UI_HUD_TOAST,hud,TOAST,"Стек тостов (≤ 2): отказ, лимит руки, повторный триггер, «Позиции обновлены»",UE (C++ BindWidget + WBP),WBP,/Game/S08/UI/Hud/WBP_UI_HUD_TOAST (UUmToastStack),-S08SlateHud=toast,художественно принято,"по делегированию 2026-10-07, HB-40 (VS-4 5c29b75e)",свой (код и материалы проекта),"≤ 0,02 мс GT p95; ≤ 2 тоста",HB-40; HB-38; SC-41
WBP_UmToast,hud,"TOAST, RECONNECT",Тост и отказ у элемента; тост-резюме после переподключения,UE (C++ BindWidget + WBP),WBP,/Game/S08/UI/Common/WBP_UmToast (UUmToast),-S08SlateHud=toast,художественно принято,"по делегированию 2026-10-07, HB-40 (VS-4 5c29b75e)",свой (код и материалы проекта),входит в бюджет TOAST,HB-40; SC-33; SC-41; IC-47; IC-54
WBP_UI_HUD_SUB,hud,SUB,Субтитры реплик героев (UI-ACC-015),UE (C++ BindWidget + WBP),WBP,/Game/S08/UI/Hud/WBP_UI_HUD_SUB (UUmHudSubtitle),-S08SlateHud=sub,художественно принято,"по делегированию 2026-10-07, HB-41 (VS-4 5c29b75e)",свой (код и материалы проекта),"≤ 0,01 мс GT",HB-41; HB-38
WBP_UI_HUD_ACTIONS,hud,ACTIONS,"Кнопки действий: 4 диска (манёвр, атака, схема, конец хода), чипы клавиш UI-ACC-017 (ВР-39)",UE (C++ BindWidget + WBP),WBP,/Game/S08/UI/Hud/WBP_UI_HUD_ACTIONS (UUmHudActions),-S08SlateHud=actions,художественно принято,"по делегированию 2026-10-07, HB-43 (VS-4 5c29b75e)",свой (код и материалы проекта),"≤ 0,03 мс GT p95",HB-43; HB-42; IC-46
WBP_UmSpinner,hud,лоадеры (ожидание > 300 мс),"Лоадер UUmSpinner, полоса прогресса UmProgressBar, скелет строк UmSkeletonRows",UE (C++ BindWidget + WBP),WBP,/Game/S08/UI/Common/WBP_UmSpinner (UUmSpinner),-S08SlateHud (Slate-строки «Syncing…»),технически импортировано,"по делегированию 2026-10-07, HB-47 (VS-3 0f5964c6)",свой (код и материалы проекта),"≤ 0,01 мс GT на видимый лоадер; 0 тиков у скрытого",HB-47; IC-16
hud-composition-v1-codex,hud,GAME: все блоки,"Макет компоновки GAME на обеих досках, классы L и S: свой ход, ход соперника, окно защиты. На реальных данных: кадры UE обеих настоящих досок, аватары и сканы из скрапа",Codex (без генераций изображений),PNG; 3 состояния × 2 доски × 4 холста = 24 PNG + 24 серых; макеты со сканами — вне git (scraped-data/derived/hud-composition-v1-codex/),"— (макет; числа раскладки → FUmHudLayout, HB-06)",—,художественно принято,"по делегированию, пакет Codex a59af59d, ревью в README пакета (ВР-VS2-81)","свой: пакет Codex по подписке, без генераций изображений; листы с аватарами и сканами вне git (ВР-48)",Codex 1 пакет по подписке; 0 генераций image_gen и SYNTX; пакет без scraped-data ≤ 30 МБ,HB-07; art/imagegen/hud-composition-v1-codex/
hud-topstrip-v1-codex,hud,"TOP, CONN, STATUS, BANNER","Макет верхней полосы: TOP, связь, строка статуса и глагол соперника, баннер «ВАШ ХОД». На реальных данных: кадры UE обеих настоящих досок, аватары и сканы из скрапа",Codex (без генераций изображений),PNG; состояния × 2 доски × 1080p и 720p при 100 и 150 % + серые; макеты со сканами — вне git (scraped-data/derived/hud-topstrip-v1-codex/),"— (макет; итог — WBP_UI_HUD_TOP, WBP_UI_HUD_STATUS, WBP_UI_HUD_BANNER)",—,художественно принято,"по делегированию, пакет Codex 25a0c8d5, ревью в README пакета (ВР-VS2-81)","свой: пакет Codex по подписке, без генераций изображений; листы с аватарами и сканами вне git (ВР-48)",Codex 1 пакет по подписке; 0 генераций image_gen и SYNTX; пакет без scraped-data ≤ 30 МБ,HB-13; art/imagegen/hud-topstrip-v1-codex/
hud-panels-v1-codex,hud,"PANEL-LOC, PANEL-OPP, OPP-HAND","Макет портретов во всех состояниях и лист кадров кольца по времени. На реальных данных: кадры UE обеих настоящих досок, аватары и сканы из скрапа",Codex (без генераций изображений),PNG; состояния × 1080p 100 % и 720p 150 % × 2 доски + серые; макеты со сканами — вне git (scraped-data/derived/hud-panels-v1-codex/),"— (макет; итог — WBP_UI_HUD_PANEL_LOC, WBP_UI_HUD_PANEL_OPP, WBP_UI_HUD_OPP_HAND)",—,художественно принято,"по делегированию, пакет Codex c687d7cb, ревью в README пакета (ВР-VS2-81)","свой: пакет Codex по подписке, без генераций изображений; листы с аватарами и сканами вне git (ВР-48)",Codex 1 пакет по подписке; 0 генераций image_gen и SYNTX; пакет без scraped-data ≤ 30 МБ,HB-17; art/imagegen/hud-panels-v1-codex/
hud-hand-v1-codex,hud,HAND,"Макет руки и карты: состояния карты, веер, опущенная рука, сброс по лимиту, буст. На реальных данных: кадры UE обеих настоящих досок, аватары и сканы из скрапа",Codex (без генераций изображений),PNG; состояния × 1080p и 720p при 100 и 150 % × 2 доски + серые; макеты со сканами — вне git (scraped-data/derived/hud-hand-v1-codex/),— (макет; итог — WBP_UI_HUD_HAND),—,художественно принято,"по делегированию, пакет Codex 0bab4154, ревью в README пакета (ВР-VS2-81)","свой: пакет Codex по подписке, без генераций изображений; листы с аватарами и сканами вне git (ВР-48)",Codex 1 пакет по подписке; 0 генераций image_gen и SYNTX; пакет без scraped-data ≤ 30 МБ,HB-22; art/imagegen/hud-hand-v1-codex/
hud-decks-v1-codex,hud,"DECKS, DECKPANEL","Макет фишек колоды и сброса, боковой панели своей и чужой колоды. На реальных данных: кадры UE обеих настоящих досок, аватары и сканы из скрапа",Codex (без генераций изображений),"PNG; 1080p 100 %, 720p 100 и 150 %, класс S, 2 доски + серые; макеты со сканами — вне git (scraped-data/derived/hud-decks-v1-codex/)","— (макет; итог — WBP_UI_HUD_DECKS, WBP_UI_HUD_DECKPANEL)",—,художественно принято,"по делегированию, пакет Codex f8a6e689, ревью в README пакета (ВР-VS2-81)","свой: пакет Codex по подписке, без генераций изображений; листы с аватарами и сканами вне git (ВР-48)",Codex 1 пакет по подписке; 0 генераций image_gen и SYNTX; пакет без scraped-data ≤ 30 МБ,HB-26; art/imagegen/hud-decks-v1-codex/
hud-combat-v1-codex,hud,COMBAT (CUE-008…CUE-011),"Макет боя: карты у краёв, ленты роли, слот защиты, таймер, центр со счётом и строками эффектов; лист шкалы по времени. На реальных данных: кадры UE обеих настоящих досок, аватары и сканы из скрапа",Codex (без генераций изображений),PNG; состояния × 2 доски × 1080p и 720p при 100 и 150 % + серые; макеты со сканами — вне git (scraped-data/derived/hud-combat-v1-codex/),"— (макет; итог — WBP_UI_HUD_COMBAT_EDGE, WBP_UI_HUD_COMBAT)",—,художественно принято,"по делегированию, пакет Codex f88bffcd, ревью в README пакета (ВР-VS2-81)","свой: пакет Codex по подписке, без генераций изображений; листы с аватарами и сканами вне git (ВР-48)",Codex 1 пакет по подписке; 0 генераций image_gen и SYNTX; пакет без scraped-data ≤ 30 МБ,HB-29; art/imagegen/hud-combat-v1-codex/
hud-pending-v1-codex,hud,"PENDING, SLOT","Макет выбора (модаль, компакт, тост, свёрнуто, сброс, BOOST) и карты-источника. На реальных данных: кадры UE обеих настоящих досок, аватары и сканы из скрапа",Codex (без генераций изображений),PNG; состояния × 2 доски × 1080p 100 % и 720p 150 % + серые; макеты со сканами — вне git (scraped-data/derived/hud-pending-v1-codex/),"— (макет; итог — WBP_UI_HUD_PENDING, WBP_UI_HUD_SLOT)",—,художественно принято,"по делегированию, пакет Codex d736f00c, ревью в README пакета (ВР-VS2-81)","свой: пакет Codex по подписке, без генераций изображений; листы с аватарами и сканами вне git (ВР-48)",Codex 1 пакет по подписке; 0 генераций image_gen и SYNTX; пакет без scraped-data ≤ 30 МБ,HB-34; art/imagegen/hud-pending-v1-codex/
hud-feed-v1-codex,hud,"LOG, TOAST, SUB","Макет журнала, тостов и субтитров. На реальных данных: кадры UE обеих настоящих досок, аватары и сканы из скрапа",Codex (без генераций изображений),"PNG; 2 доски, 1080p 100 %, 720p 100 и 150 %, класс S + серые; макеты со сканами — вне git (scraped-data/derived/hud-feed-v1-codex/)","— (макет; итог — WBP_UI_HUD_LOG, WBP_UI_HUD_TOAST, WBP_UI_HUD_SUB)",—,художественно принято,"по делегированию, пакет Codex 5e1e26fb, ревью в README пакета (ВР-VS2-81)","свой: пакет Codex по подписке, без генераций изображений; листы с аватарами и сканами вне git (ВР-48)",Codex 1 пакет по подписке; 0 генераций image_gen и SYNTX; пакет без scraped-data ≤ 30 МБ,HB-38; art/imagegen/hud-feed-v1-codex/
hud-actions-v1-codex,hud,ACTIONS,"Макет кнопок действий в 6 состояниях и чипов клавиш. На реальных данных: кадры UE обеих настоящих досок, аватары и сканы из скрапа",Codex (без генераций изображений),"PNG; состояния × 2 доски × 1080p 100 % и 720p 150 %, класс S + серые; макеты со сканами — вне git (scraped-data/derived/hud-actions-v1-codex/)",— (макет; итог — WBP_UI_HUD_ACTIONS),—,художественно принято,"по делегированию, пакет Codex ddcf065a, ревью в README пакета (ВР-VS2-81)","свой: пакет Codex по подписке, без генераций изображений; листы с аватарами и сканами вне git (ВР-48)",Codex 1 пакет по подписке; 0 генераций image_gen и SYNTX; пакет без scraped-data ≤ 30 МБ,HB-42; art/imagegen/hud-actions-v1-codex/
hud-world-v1-codex,hud,"поле: тег, плашка, «−N»/«+N», жетон цели","Макет слоя над фигурами: тег, плашка по наведению, «−N» и «+N», жетон цели, цифра гарпии. На реальных данных: кадры UE обеих настоящих досок, аватары и сканы из скрапа",Codex (без генераций изображений),"PNG; 2 доски, K1, 1080p 100 % и 720p 150 % + серые; макеты со сканами — вне git (scraped-data/derived/hud-world-v1-codex/)","— (макет; итог — WBP_S08ArtTag, WBP_S08ArtPlate, WBP_S08ArtDamage)",—,художественно принято,"по делегированию, пакет Codex 161fd02a, ревью в README пакета (ВР-VS2-81)","свой: пакет Codex по подписке, без генераций изображений; листы с аватарами и сканами вне git (ВР-48)",Codex 1 пакет по подписке; 0 генераций image_gen и SYNTX; пакет без scraped-data ≤ 30 МБ,HB-44; art/imagegen/hud-world-v1-codex/
T_Skin_Panel,hud,все панели HUD и экраны,"Панель: panel.bg = card.navy #061623, хайрлайн card.cream 0,45, радиус 6 su. Плоская печать v3, без тени (ВР-01, ВР-46)","Codex (режим skins копии движка v3, без генераций)",PNG 9-slice ×1 и ×2; отступы в slice-margins.json,/Game/S08/UI/Skins/T_Skin_Panel (×1 и ×2) → DA_UmHudTheme.Skins,"-S08SlateHud (до импорта — кисти FSlateRoundedBoxBrush из токенов, ВР-HB06)",художественно принято,"по делегированию, пакет Codex fb2b246c, ревью в README пакета (ВР-VS2-81)","свой: пакет Codex по подписке, без генераций изображений","PNG ×1 ≤ 4 КБ, ×2 ≤ 12 КБ; набор 58 PNG ≤ 1 МБ",HB-08; HB-10; art/imagegen/hud-skins-v1-codex/vector/x1/T_Skin_Panel.png
T_Skin_PanelInset,hud,секции панелей,"Секция внутри панели: panel.bg.inset #15232E. Плоская печать v3, без тени (ВР-01, ВР-46)","Codex (режим skins копии движка v3, без генераций)",PNG 9-slice ×1 и ×2; отступы в slice-margins.json,/Game/S08/UI/Skins/T_Skin_PanelInset (×1 и ×2) → DA_UmHudTheme.Skins,"-S08SlateHud (до импорта — кисти FSlateRoundedBoxBrush из токенов, ВР-HB06)",художественно принято,"по делегированию, пакет Codex fb2b246c, ревью в README пакета (ВР-VS2-81)","свой: пакет Codex по подписке, без генераций изображений","PNG ×1 ≤ 4 КБ, ×2 ≤ 12 КБ; набор 58 PNG ≤ 1 МБ",HB-08; HB-10; art/imagegen/hud-skins-v1-codex/vector/x1/T_Skin_PanelInset.png
T_Skin_Modal,hud,модали экранов,"Модаль: непрозрачная основа, радиус 8 su. Плоская печать v3, без тени (ВР-01, ВР-46)","Codex (режим skins копии движка v3, без генераций)",PNG 9-slice ×1 и ×2; отступы в slice-margins.json,/Game/S08/UI/Skins/T_Skin_Modal (×1 и ×2) → DA_UmHudTheme.Skins,"-S08SlateHud (до импорта — кисти FSlateRoundedBoxBrush из токенов, ВР-HB06)",художественно принято,"по делегированию, пакет Codex fb2b246c, ревью в README пакета (ВР-VS2-81)","свой: пакет Codex по подписке, без генераций изображений","PNG ×1 ≤ 4 КБ, ×2 ≤ 12 КБ; набор 58 PNG ≤ 1 МБ",HB-08; HB-10; art/imagegen/hud-skins-v1-codex/vector/x1/T_Skin_Modal.png
T_Skin_Btn_Normal,hud,кнопки HUD и экранов,"Кнопка обычная, покой. Плоская печать v3, без тени (ВР-01, ВР-46)","Codex (режим skins копии движка v3, без генераций)",PNG 9-slice ×1 и ×2; отступы в slice-margins.json,/Game/S08/UI/Skins/T_Skin_Btn_Normal (×1 и ×2) → DA_UmHudTheme.Skins,"-S08SlateHud (до импорта — кисти FSlateRoundedBoxBrush из токенов, ВР-HB06)",художественно принято,"по делегированию, пакет Codex fb2b246c, ревью в README пакета (ВР-VS2-81)","свой: пакет Codex по подписке, без генераций изображений","PNG ×1 ≤ 4 КБ, ×2 ≤ 12 КБ; набор 58 PNG ≤ 1 МБ",HB-08; HB-10; art/imagegen/hud-skins-v1-codex/vector/x1/T_Skin_Btn_Normal.png
T_Skin_Btn_Hover,hud,кнопки HUD и экранов,"Кнопка обычная, наведение: тело #1E2B35, кромка card.cream 1,0. Плоская печать v3, без тени (ВР-01, ВР-46)","Codex (режим skins копии движка v3, без генераций)",PNG 9-slice ×1 и ×2; отступы в slice-margins.json,/Game/S08/UI/Skins/T_Skin_Btn_Hover (×1 и ×2) → DA_UmHudTheme.Skins,"-S08SlateHud (до импорта — кисти FSlateRoundedBoxBrush из токенов, ВР-HB06)",художественно принято,"по делегированию, пакет Codex fb2b246c, ревью в README пакета (ВР-VS2-81)","свой: пакет Codex по подписке, без генераций изображений","PNG ×1 ≤ 4 КБ, ×2 ≤ 12 КБ; набор 58 PNG ≤ 1 МБ",HB-08; HB-10; art/imagegen/hud-skins-v1-codex/vector/x1/T_Skin_Btn_Hover.png
T_Skin_Btn_Pressed,hud,кнопки HUD и экранов,"Кнопка обычная, нажата: тело #040E17. Плоская печать v3, без тени (ВР-01, ВР-46)","Codex (режим skins копии движка v3, без генераций)",PNG 9-slice ×1 и ×2; отступы в slice-margins.json,/Game/S08/UI/Skins/T_Skin_Btn_Pressed (×1 и ×2) → DA_UmHudTheme.Skins,"-S08SlateHud (до импорта — кисти FSlateRoundedBoxBrush из токенов, ВР-HB06)",художественно принято,"по делегированию, пакет Codex fb2b246c, ревью в README пакета (ВР-VS2-81)","свой: пакет Codex по подписке, без генераций изображений","PNG ×1 ≤ 4 КБ, ×2 ≤ 12 КБ; набор 58 PNG ≤ 1 МБ",HB-08; HB-10; art/imagegen/hud-skins-v1-codex/vector/x1/T_Skin_Btn_Pressed.png
T_Skin_Btn_Disabled,hud,кнопки HUD и экранов,"Кнопка обычная, недоступна: текст #B9B2A6, значок 0,4. Плоская печать v3, без тени (ВР-01, ВР-46)","Codex (режим skins копии движка v3, без генераций)",PNG 9-slice ×1 и ×2; отступы в slice-margins.json,/Game/S08/UI/Skins/T_Skin_Btn_Disabled (×1 и ×2) → DA_UmHudTheme.Skins,"-S08SlateHud (до импорта — кисти FSlateRoundedBoxBrush из токенов, ВР-HB06)",художественно принято,"по делегированию, пакет Codex fb2b246c, ревью в README пакета (ВР-VS2-81)","свой: пакет Codex по подписке, без генераций изображений","PNG ×1 ≤ 4 КБ, ×2 ≤ 12 КБ; набор 58 PNG ≤ 1 МБ",HB-08; HB-10; art/imagegen/hud-skins-v1-codex/vector/x1/T_Skin_Btn_Disabled.png
T_Skin_Btn_Focus,hud,кнопки HUD и экранов,"Кольцо фокуса: белое #FAF8F2 2 su снаружи с зазором 2 su, поверх скина. Плоская печать v3, без тени (ВР-01, ВР-46)","Codex (режим skins копии движка v3, без генераций)",PNG 9-slice ×1 и ×2; отступы в slice-margins.json,/Game/S08/UI/Skins/T_Skin_Btn_Focus (×1 и ×2) → DA_UmHudTheme.Skins,"-S08SlateHud (до импорта — кисти FSlateRoundedBoxBrush из токенов, ВР-HB06)",художественно принято,"по делегированию, пакет Codex fb2b246c, ревью в README пакета (ВР-VS2-81)","свой: пакет Codex по подписке, без генераций изображений","PNG ×1 ≤ 4 КБ, ×2 ≤ 12 КБ; набор 58 PNG ≤ 1 МБ",HB-08; HB-10; art/imagegen/hud-skins-v1-codex/vector/x1/T_Skin_Btn_Focus.png
T_Skin_Btn_Selected,hud,кнопки HUD и экранов,"Кнопка обычная, выбрано: тело state.pending #0D7A89 (ВР-65). Плоская печать v3, без тени (ВР-01, ВР-46)","Codex (режим skins копии движка v3, без генераций)",PNG 9-slice ×1 и ×2; отступы в slice-margins.json,/Game/S08/UI/Skins/T_Skin_Btn_Selected (×1 и ×2) → DA_UmHudTheme.Skins,"-S08SlateHud (до импорта — кисти FSlateRoundedBoxBrush из токенов, ВР-HB06)",художественно принято,"по делегированию, пакет Codex fb2b246c, ревью в README пакета (ВР-VS2-81)","свой: пакет Codex по подписке, без генераций изображений","PNG ×1 ≤ 4 КБ, ×2 ≤ 12 КБ; набор 58 PNG ≤ 1 МБ",HB-08; HB-10; art/imagegen/hud-skins-v1-codex/vector/x1/T_Skin_Btn_Selected.png
T_Skin_BtnPrimary_Normal,hud,"главные кнопки: подтвердить, конец хода","Главная кнопка: тело turn.flash.yellow #F2C14E, текст и кромка card.navy (ВР-65). Плоская печать v3, без тени (ВР-01, ВР-46)","Codex (режим skins копии движка v3, без генераций)",PNG 9-slice ×1 и ×2; отступы в slice-margins.json,/Game/S08/UI/Skins/T_Skin_BtnPrimary_Normal (×1 и ×2) → DA_UmHudTheme.Skins,"-S08SlateHud (до импорта — кисти FSlateRoundedBoxBrush из токенов, ВР-HB06)",художественно принято,"по делегированию, пакет Codex fb2b246c, ревью в README пакета (ВР-VS2-81)","свой: пакет Codex по подписке, без генераций изображений","PNG ×1 ≤ 4 КБ, ×2 ≤ 12 КБ; набор 58 PNG ≤ 1 МБ",HB-08; HB-10; art/imagegen/hud-skins-v1-codex/vector/x1/T_Skin_BtnPrimary_Normal.png
T_Skin_BtnPrimary_Hover,hud,главные кнопки,"Главная кнопка, наведение. Плоская печать v3, без тени (ВР-01, ВР-46)","Codex (режим skins копии движка v3, без генераций)",PNG 9-slice ×1 и ×2; отступы в slice-margins.json,/Game/S08/UI/Skins/T_Skin_BtnPrimary_Hover (×1 и ×2) → DA_UmHudTheme.Skins,"-S08SlateHud (до импорта — кисти FSlateRoundedBoxBrush из токенов, ВР-HB06)",художественно принято,"по делегированию, пакет Codex fb2b246c, ревью в README пакета (ВР-VS2-81)","свой: пакет Codex по подписке, без генераций изображений","PNG ×1 ≤ 4 КБ, ×2 ≤ 12 КБ; набор 58 PNG ≤ 1 МБ",HB-08; HB-10; art/imagegen/hud-skins-v1-codex/vector/x1/T_Skin_BtnPrimary_Hover.png
T_Skin_BtnPrimary_Pressed,hud,главные кнопки,"Главная кнопка, нажата. Плоская печать v3, без тени (ВР-01, ВР-46)","Codex (режим skins копии движка v3, без генераций)",PNG 9-slice ×1 и ×2; отступы в slice-margins.json,/Game/S08/UI/Skins/T_Skin_BtnPrimary_Pressed (×1 и ×2) → DA_UmHudTheme.Skins,"-S08SlateHud (до импорта — кисти FSlateRoundedBoxBrush из токенов, ВР-HB06)",художественно принято,"по делегированию, пакет Codex fb2b246c, ревью в README пакета (ВР-VS2-81)","свой: пакет Codex по подписке, без генераций изображений","PNG ×1 ≤ 4 КБ, ×2 ≤ 12 КБ; набор 58 PNG ≤ 1 МБ",HB-08; HB-10; art/imagegen/hud-skins-v1-codex/vector/x1/T_Skin_BtnPrimary_Pressed.png
T_Skin_BtnPrimary_Disabled,hud,главные кнопки,"Главная кнопка, недоступна. Плоская печать v3, без тени (ВР-01, ВР-46)","Codex (режим skins копии движка v3, без генераций)",PNG 9-slice ×1 и ×2; отступы в slice-margins.json,/Game/S08/UI/Skins/T_Skin_BtnPrimary_Disabled (×1 и ×2) → DA_UmHudTheme.Skins,"-S08SlateHud (до импорта — кисти FSlateRoundedBoxBrush из токенов, ВР-HB06)",художественно принято,"по делегированию, пакет Codex fb2b246c, ревью в README пакета (ВР-VS2-81)","свой: пакет Codex по подписке, без генераций изображений","PNG ×1 ≤ 4 КБ, ×2 ≤ 12 КБ; набор 58 PNG ≤ 1 МБ",HB-08; HB-10; art/imagegen/hud-skins-v1-codex/vector/x1/T_Skin_BtnPrimary_Disabled.png
T_Skin_BtnPrimary_Focus,hud,главные кнопки,"Главная кнопка, фокус. Плоская печать v3, без тени (ВР-01, ВР-46)","Codex (режим skins копии движка v3, без генераций)",PNG 9-slice ×1 и ×2; отступы в slice-margins.json,/Game/S08/UI/Skins/T_Skin_BtnPrimary_Focus (×1 и ×2) → DA_UmHudTheme.Skins,"-S08SlateHud (до импорта — кисти FSlateRoundedBoxBrush из токенов, ВР-HB06)",художественно принято,"по делегированию, пакет Codex fb2b246c, ревью в README пакета (ВР-VS2-81)","свой: пакет Codex по подписке, без генераций изображений","PNG ×1 ≤ 4 КБ, ×2 ≤ 12 КБ; набор 58 PNG ≤ 1 МБ",HB-08; HB-10; art/imagegen/hud-skins-v1-codex/vector/x1/T_Skin_BtnPrimary_Focus.png
T_Skin_Toast,hud,TOAST,"Тост. Плоская печать v3, без тени (ВР-01, ВР-46)","Codex (режим skins копии движка v3, без генераций)",PNG 9-slice ×1 и ×2; отступы в slice-margins.json,/Game/S08/UI/Skins/T_Skin_Toast (×1 и ×2) → DA_UmHudTheme.Skins,"-S08SlateHud (до импорта — кисти FSlateRoundedBoxBrush из токенов, ВР-HB06)",художественно принято,"по делегированию, пакет Codex fb2b246c, ревью в README пакета (ВР-VS2-81)","свой: пакет Codex по подписке, без генераций изображений","PNG ×1 ≤ 4 КБ, ×2 ≤ 12 КБ; набор 58 PNG ≤ 1 МБ",HB-08; HB-10; art/imagegen/hud-skins-v1-codex/vector/x1/T_Skin_Toast.png
T_Skin_ToastWarning,hud,TOAST,"Тост-предупреждение: кромка state.warning #E8812C 2 su (ВР-66). Плоская печать v3, без тени (ВР-01, ВР-46)","Codex (режим skins копии движка v3, без генераций)",PNG 9-slice ×1 и ×2; отступы в slice-margins.json,/Game/S08/UI/Skins/T_Skin_ToastWarning (×1 и ×2) → DA_UmHudTheme.Skins,"-S08SlateHud (до импорта — кисти FSlateRoundedBoxBrush из токенов, ВР-HB06)",художественно принято,"по делегированию, пакет Codex fb2b246c, ревью в README пакета (ВР-VS2-81)","свой: пакет Codex по подписке, без генераций изображений","PNG ×1 ≤ 4 КБ, ×2 ≤ 12 КБ; набор 58 PNG ≤ 1 МБ",HB-08; HB-10; art/imagegen/hud-skins-v1-codex/vector/x1/T_Skin_ToastWarning.png
T_Skin_Capsule,hud,"«−N»/«+N», счётчики","Капсула числа. Плоская печать v3, без тени (ВР-01, ВР-46)","Codex (режим skins копии движка v3, без генераций)",PNG 9-slice ×1 и ×2; отступы в slice-margins.json,/Game/S08/UI/Skins/T_Skin_Capsule (×1 и ×2) → DA_UmHudTheme.Skins,"-S08SlateHud (до импорта — кисти FSlateRoundedBoxBrush из токенов, ВР-HB06)",художественно принято,"по делегированию, пакет Codex fb2b246c, ревью в README пакета (ВР-VS2-81)","свой: пакет Codex по подписке, без генераций изображений","PNG ×1 ≤ 4 КБ, ×2 ≤ 12 КБ; набор 58 PNG ≤ 1 МБ",HB-08; HB-10; art/imagegen/hud-skins-v1-codex/vector/x1/T_Skin_Capsule.png
T_Skin_Tag,hud,поле: тег бойца,"Тег бойца. Плоская печать v3, без тени (ВР-01, ВР-46)","Codex (режим skins копии движка v3, без генераций)",PNG 9-slice ×1 и ×2; отступы в slice-margins.json,/Game/S08/UI/Skins/T_Skin_Tag (×1 и ×2) → DA_UmHudTheme.Skins,"-S08SlateHud (до импорта — кисти FSlateRoundedBoxBrush из токенов, ВР-HB06)",художественно принято,"по делегированию, пакет Codex fb2b246c, ревью в README пакета (ВР-VS2-81)","свой: пакет Codex по подписке, без генераций изображений","PNG ×1 ≤ 4 КБ, ×2 ≤ 12 КБ; набор 58 PNG ≤ 1 МБ",HB-08; HB-10; art/imagegen/hud-skins-v1-codex/vector/x1/T_Skin_Tag.png
T_Skin_Chip,hud,чипы HUD,"Чип. Плоская печать v3, без тени (ВР-01, ВР-46)","Codex (режим skins копии движка v3, без генераций)",PNG 9-slice ×1 и ×2; отступы в slice-margins.json,/Game/S08/UI/Skins/T_Skin_Chip (×1 и ×2) → DA_UmHudTheme.Skins,"-S08SlateHud (до импорта — кисти FSlateRoundedBoxBrush из токенов, ВР-HB06)",художественно принято,"по делегированию, пакет Codex fb2b246c, ревью в README пакета (ВР-VS2-81)","свой: пакет Codex по подписке, без генераций изображений","PNG ×1 ≤ 4 КБ, ×2 ≤ 12 КБ; набор 58 PNG ≤ 1 МБ",HB-08; HB-10; art/imagegen/hud-skins-v1-codex/vector/x1/T_Skin_Chip.png
T_Skin_KeyChip,hud,ACTIONS: чипы клавиш,"Чип клавиши (UI-ACC-017). Плоская печать v3, без тени (ВР-01, ВР-46)","Codex (режим skins копии движка v3, без генераций)",PNG 9-slice ×1 и ×2; отступы в slice-margins.json,/Game/S08/UI/Skins/T_Skin_KeyChip (×1 и ×2) → DA_UmHudTheme.Skins,"-S08SlateHud (до импорта — кисти FSlateRoundedBoxBrush из токенов, ВР-HB06)",художественно принято,"по делегированию, пакет Codex fb2b246c, ревью в README пакета (ВР-VS2-81)","свой: пакет Codex по подписке, без генераций изображений","PNG ×1 ≤ 4 КБ, ×2 ≤ 12 КБ; набор 58 PNG ≤ 1 МБ",HB-08; HB-10; art/imagegen/hud-skins-v1-codex/vector/x1/T_Skin_KeyChip.png
T_Skin_ProgressTrack,hud,"лоадеры, загрузка","Полоса прогресса: трек. Плоская печать v3, без тени (ВР-01, ВР-46)","Codex (режим skins копии движка v3, без генераций)",PNG 9-slice ×1 и ×2; отступы в slice-margins.json,/Game/S08/UI/Skins/T_Skin_ProgressTrack (×1 и ×2) → DA_UmHudTheme.Skins,"-S08SlateHud (до импорта — кисти FSlateRoundedBoxBrush из токенов, ВР-HB06)",художественно принято,"по делегированию, пакет Codex fb2b246c, ревью в README пакета (ВР-VS2-81)","свой: пакет Codex по подписке, без генераций изображений","PNG ×1 ≤ 4 КБ, ×2 ≤ 12 КБ; набор 58 PNG ≤ 1 МБ",HB-08; HB-10; art/imagegen/hud-skins-v1-codex/vector/x1/T_Skin_ProgressTrack.png
T_Skin_ProgressFill,hud,"лоадеры, загрузка","Полоса прогресса: заливка. Плоская печать v3, без тени (ВР-01, ВР-46)","Codex (режим skins копии движка v3, без генераций)",PNG 9-slice ×1 и ×2; отступы в slice-margins.json,/Game/S08/UI/Skins/T_Skin_ProgressFill (×1 и ×2) → DA_UmHudTheme.Skins,"-S08SlateHud (до импорта — кисти FSlateRoundedBoxBrush из токенов, ВР-HB06)",художественно принято,"по делегированию, пакет Codex fb2b246c, ревью в README пакета (ВР-VS2-81)","свой: пакет Codex по подписке, без генераций изображений","PNG ×1 ≤ 4 КБ, ×2 ≤ 12 КБ; набор 58 PNG ≤ 1 МБ",HB-08; HB-10; art/imagegen/hud-skins-v1-codex/vector/x1/T_Skin_ProgressFill.png
T_Skin_SliderTrack,hud,PAUSE: настройки,"Слайдер: трек. Плоская печать v3, без тени (ВР-01, ВР-46)","Codex (режим skins копии движка v3, без генераций)",PNG 9-slice ×1 и ×2; отступы в slice-margins.json,/Game/S08/UI/Skins/T_Skin_SliderTrack (×1 и ×2) → DA_UmHudTheme.Skins,"-S08SlateHud (до импорта — кисти FSlateRoundedBoxBrush из токенов, ВР-HB06)",художественно принято,"по делегированию, пакет Codex fb2b246c, ревью в README пакета (ВР-VS2-81)","свой: пакет Codex по подписке, без генераций изображений","PNG ×1 ≤ 4 КБ, ×2 ≤ 12 КБ; набор 58 PNG ≤ 1 МБ",HB-08; HB-10; art/imagegen/hud-skins-v1-codex/vector/x1/T_Skin_SliderTrack.png
T_Skin_SliderThumb,hud,PAUSE: настройки,"Слайдер: ползунок. Плоская печать v3, без тени (ВР-01, ВР-46)","Codex (режим skins копии движка v3, без генераций)",PNG 9-slice ×1 и ×2; отступы в slice-margins.json,/Game/S08/UI/Skins/T_Skin_SliderThumb (×1 и ×2) → DA_UmHudTheme.Skins,"-S08SlateHud (до импорта — кисти FSlateRoundedBoxBrush из токенов, ВР-HB06)",художественно принято,"по делегированию, пакет Codex fb2b246c, ревью в README пакета (ВР-VS2-81)","свой: пакет Codex по подписке, без генераций изображений","PNG ×1 ≤ 4 КБ, ×2 ≤ 12 КБ; набор 58 PNG ≤ 1 МБ",HB-08; HB-10; art/imagegen/hud-skins-v1-codex/vector/x1/T_Skin_SliderThumb.png
T_Skin_Check_Off,hud,"PAUSE, ROOM","Флажок выключен. Плоская печать v3, без тени (ВР-01, ВР-46)","Codex (режим skins копии движка v3, без генераций)",PNG 9-slice ×1 и ×2; отступы в slice-margins.json,/Game/S08/UI/Skins/T_Skin_Check_Off (×1 и ×2) → DA_UmHudTheme.Skins,"-S08SlateHud (до импорта — кисти FSlateRoundedBoxBrush из токенов, ВР-HB06)",художественно принято,"по делегированию, пакет Codex fb2b246c, ревью в README пакета (ВР-VS2-81)","свой: пакет Codex по подписке, без генераций изображений","PNG ×1 ≤ 4 КБ, ×2 ≤ 12 КБ; набор 58 PNG ≤ 1 МБ",HB-08; HB-10; art/imagegen/hud-skins-v1-codex/vector/x1/T_Skin_Check_Off.png
T_Skin_Check_On,hud,"PAUSE, ROOM","Флажок включён. Плоская печать v3, без тени (ВР-01, ВР-46)","Codex (режим skins копии движка v3, без генераций)",PNG 9-slice ×1 и ×2; отступы в slice-margins.json,/Game/S08/UI/Skins/T_Skin_Check_On (×1 и ×2) → DA_UmHudTheme.Skins,"-S08SlateHud (до импорта — кисти FSlateRoundedBoxBrush из токенов, ВР-HB06)",художественно принято,"по делегированию, пакет Codex fb2b246c, ревью в README пакета (ВР-VS2-81)","свой: пакет Codex по подписке, без генераций изображений","PNG ×1 ≤ 4 КБ, ×2 ≤ 12 КБ; набор 58 PNG ≤ 1 МБ",HB-08; HB-10; art/imagegen/hud-skins-v1-codex/vector/x1/T_Skin_Check_On.png
T_Skin_Input_Normal,hud,"LOGIN, LOBBY (код)","Поле ввода, покой. Плоская печать v3, без тени (ВР-01, ВР-46)","Codex (режим skins копии движка v3, без генераций)",PNG 9-slice ×1 и ×2; отступы в slice-margins.json,/Game/S08/UI/Skins/T_Skin_Input_Normal (×1 и ×2) → DA_UmHudTheme.Skins,"-S08SlateHud (до импорта — кисти FSlateRoundedBoxBrush из токенов, ВР-HB06)",художественно принято,"по делегированию, пакет Codex fb2b246c, ревью в README пакета (ВР-VS2-81)","свой: пакет Codex по подписке, без генераций изображений","PNG ×1 ≤ 4 КБ, ×2 ≤ 12 КБ; набор 58 PNG ≤ 1 МБ",HB-08; HB-10; art/imagegen/hud-skins-v1-codex/vector/x1/T_Skin_Input_Normal.png
T_Skin_Input_Focus,hud,"LOGIN, LOBBY (код)","Поле ввода, фокус. Плоская печать v3, без тени (ВР-01, ВР-46)","Codex (режим skins копии движка v3, без генераций)",PNG 9-slice ×1 и ×2; отступы в slice-margins.json,/Game/S08/UI/Skins/T_Skin_Input_Focus (×1 и ×2) → DA_UmHudTheme.Skins,"-S08SlateHud (до импорта — кисти FSlateRoundedBoxBrush из токенов, ВР-HB06)",художественно принято,"по делегированию, пакет Codex fb2b246c, ревью в README пакета (ВР-VS2-81)","свой: пакет Codex по подписке, без генераций изображений","PNG ×1 ≤ 4 КБ, ×2 ≤ 12 КБ; набор 58 PNG ≤ 1 МБ",HB-08; HB-10; art/imagegen/hud-skins-v1-codex/vector/x1/T_Skin_Input_Focus.png
T_Skin_Input_Error,hud,"LOGIN, LOBBY (код)","Поле ввода, ошибка: знак state.error. Плоская печать v3, без тени (ВР-01, ВР-46)","Codex (режим skins копии движка v3, без генераций)",PNG 9-slice ×1 и ×2; отступы в slice-margins.json,/Game/S08/UI/Skins/T_Skin_Input_Error (×1 и ×2) → DA_UmHudTheme.Skins,"-S08SlateHud (до импорта — кисти FSlateRoundedBoxBrush из токенов, ВР-HB06)",художественно принято,"по делегированию, пакет Codex fb2b246c, ревью в README пакета (ВР-VS2-81)","свой: пакет Codex по подписке, без генераций изображений","PNG ×1 ≤ 4 КБ, ×2 ≤ 12 КБ; набор 58 PNG ≤ 1 МБ",HB-08; HB-10; art/imagegen/hud-skins-v1-codex/vector/x1/T_Skin_Input_Error.png
PROC_Screen_SlateLegacy,screen,"LOGIN, LOBBY, ROOM, GAMEOVER, ABORTED, RECONNECT","Slate-прототипы экранов: серая форма LOGIN с логом трассы, панель LOBBY GD-036, ROOM без выбора героя и доски, модаль GAMEOVER DE-029, строки ABORTED и RECONNECT. Экранов BOOT, PAUSE и загрузки нет. После SC-* — только откат. Id по ВР-RG02","UE (Slate, C++)",C++ Slate,"AS08FlowGameMode (legacy root, S08FlowGameModeResult.cpp)",станет -S08SlateHud=<экран> после переноса,технически импортировано,нет,свой (код и материалы проекта),—,SC-01; docs/game-design/visual/01-inventory.md §1.2
WBP_UmConfirmDialog,screen,любая модаль подтверждения,"Модаль подтверждения UUmConfirmDialog и абстрактные базы UUmScreenBase, UUmModalBase (без своего WBP), съёмка по SHOT",UE (C++ BindWidget + WBP),WBP,/Game/S08/UI/Common/WBP_UmConfirmDialog (UUmConfirmDialog),-S08SlateHud,предложено,нет,свой (код и материалы проекта),"UE ≤ 0,5 мс GT p95 и ≤ 0,3 мс GPU при 1080p (HUD-RULES П8); без Retainer Box и размытия",SC-01
UmMenuBackdrop,screen,"BOOT, LOGIN, LOBBY, ROOM, загрузка","Фон экранов меню: живая сцена Marmoreal K1 без фигур под вуалью panel.bg 0,6, без размытия; сплэш-арта нет (ВР-75)",UE (C++),"C++ компонент, профиль marmoreal-original",UUmMenuBackdrop (Source/Unmatched/S08/UI/UmMenuBackdrop.*),-S08SlateHud=menubg,художественно принято,"по делегированию 2026-10-08, VS-7 Frames 2026-10-08, пакеты 37042366 / 30e07c84, feat/visual-vs7, не влито; лист evidence/VISUAL/VS-7",свой (код и материалы проекта),GPU фона ≤ GPU кадра K1 партии (render_bench.py); 60 FPS; второй копии доски в партии нет,SC-02; EN-13
WBP_UI_SCR_BOOT,screen,BOOT,Загрузка: сессия → каталог героев → доски; ошибка сервера; модаль «Вернуться в партию»,UE (C++ BindWidget + WBP),WBP,/Game/S08/UI/Screens/WBP_UI_SCR_BOOT (UUmScreenBoot),-S08SlateHud=boot,художественно принято,"по делегированию 2026-10-08, VS-7 Frames 2026-10-08, пакеты 37042366 / 30e07c84, feat/visual-vs7, не влито; лист evidence/VISUAL/VS-7",свой (код и материалы проекта),"UE ≤ 0,5 мс GT p95 и ≤ 0,3 мс GPU при 1080p (HUD-RULES П8); без Retainer Box и размытия",SC-03; SC-04; SC-05
WBP_UI_SCR_LOGIN,screen,LOGIN,"Вход: пустая форма, ввод, занято, ошибки; чипы RU/EN",UE (C++ BindWidget + WBP),WBP,/Game/S08/UI/Screens/WBP_UI_SCR_LOGIN (UUmScreenLogin),-S08SlateHud=login,художественно принято,"по делегированию 2026-10-08, VS-7 Frames 2026-10-08, пакеты 37042366 / 30e07c84, feat/visual-vs7, не влито; лист evidence/VISUAL/VS-7",свой (код и материалы проекта),"UE ≤ 0,5 мс GT p95 и ≤ 0,3 мс GPU при 1080p (HUD-RULES П8); без Retainer Box и размытия",SC-06; SC-07; SC-26
WBP_UI_SCR_LOBBY,screen,LOBBY,"Лобби: список игр, создание 1×1 и «Против ИИ» с выбором доски, вход по коду, «Вернуться в мою партию», пусто, ошибка",UE (C++ BindWidget + WBP),WBP,"/Game/S08/UI/Screens/WBP_UI_SCR_LOBBY (UUmScreenLobby, UUmLobbyGameRow, UUmBoardChip)",-S08SlateHud=lobby,художественно принято,"по делегированию 2026-10-08, VS-7 Frames 2026-10-08, пакеты 37042366 / 30e07c84, feat/visual-vs7, не влито; лист evidence/VISUAL/VS-7",свой (код и материалы проекта),"UE ≤ 0,5 мс GT p95 и ≤ 0,3 мс GPU при 1080p (HUD-RULES П8); без Retainer Box и размытия",SC-08; SC-09; SC-10; SC-11; SC-12; SC-13; SC-40
WBP_UI_SCR_ROOM,screen,ROOM,"Комната: выбор героя (4), доска (2), «Просмотр колоды», готовность, отсчёт (ВР-38)",UE (C++ BindWidget + WBP),WBP,"/Game/S08/UI/Screens/WBP_UI_SCR_ROOM (UUmScreenRoom, UUmHeroCard, UUmRoomSlot, UUmBoardCard)",-S08SlateHud=room,художественно принято,"по делегированию 2026-10-08, VS-7 Frames 2026-10-08, пакеты 37042366 / 30e07c84, feat/visual-vs7, не влито; лист evidence/VISUAL/VS-7",свой (код и материалы проекта),"UE ≤ 0,5 мс GT p95 и ≤ 0,3 мс GPU при 1080p (HUD-RULES П8); без Retainer Box и размытия",SC-14; SC-15; SC-16; SC-17; SC-18
WBP_UI_SCR_LOADING,screen,загрузка партии,Загрузка партии: этапы и «не удаётся подключиться»; пост-MVP — подписанные шаги входа (DE-034),UE (C++ BindWidget + WBP),WBP,/Game/S08/UI/Screens/WBP_UI_SCR_LOADING (UUmScreenLoading),-S08SlateHud=loading,художественно принято,"по делегированию 2026-10-08, VS-7 Frames 2026-10-08, пакеты 37042366 / 30e07c84, feat/visual-vs7, не влито; лист evidence/VISUAL/VS-7",свой (код и материалы проекта),"UE ≤ 0,5 мс GT p95 и ≤ 0,3 мс GPU при 1080p (HUD-RULES П8); без Retainer Box и размытия",SC-19; SC-20; SC-39
WBP_UI_SCR_INSPECT,screen,INSPECT,"Инспектор: своя карта крупно ≤ 1,6× (ВР-48), скрытая карта соперника, режим колоды",UE (C++ BindWidget + WBP),WBP,/Game/S08/UI/Screens/WBP_UI_SCR_INSPECT (UUmScreenInspect + UUmCardWidget),-S08SlateHud=inspect,художественно принято,"по делегированию 2026-10-07, SC-21 (VS-4 5c29b75e)",свой (код и материалы проекта),"UE ≤ 0,5 мс GT p95 и ≤ 0,3 мс GPU при 1080p (HUD-RULES П8); без Retainer Box и размытия",SC-21; SC-22; SC-23; CP-22
WBP_UI_SCR_PAUSE,screen,PAUSE и настройки,"Пауза и выход из партии; настройки: звук, язык, масштаб UI, скорость и сокращённые анимации, подсказки, графика",UE (C++ BindWidget + WBP),WBP,"/Game/S08/UI/Screens/WBP_UI_SCR_PAUSE (UUmScreenPause, UUmSettingRow)",-S08SlateHud=pause,художественно принято,"по делегированию 2026-10-08, VS-7 Frames 2026-10-08, пакеты 37042366 / 30e07c84, feat/visual-vs7, не влито; лист evidence/VISUAL/VS-7",свой (код и материалы проекта),"UE ≤ 0,5 мс GT p95 и ≤ 0,3 мс GPU при 1080p (HUD-RULES П8); без Retainer Box и размытия",SC-24; SC-25; SC-26; SC-27; SC-28; SC-29; SC-30
WBP_UI_SCR_RECONNECT,screen,"RECONNECT (CUE-017, CUE-018)","Оверлей переподключения: авто, ручное, сессия истекла, восстановление",UE (C++ BindWidget + WBP),WBP,/Game/S08/UI/Screens/WBP_UI_SCR_RECONNECT (UUmReconnectOverlay),-S08SlateHud=reconnect,художественно принято,"по делегированию 2026-10-08, VS-7 Frames 2026-10-08, пакеты 37042366 / 30e07c84, feat/visual-vs7, не влито; лист evidence/VISUAL/VS-7",свой (код и материалы проекта),"UE ≤ 0,5 мс GT p95 и ≤ 0,3 мс GPU при 1080p (HUD-RULES П8); без Retainer Box и размытия",SC-31; SC-32; SC-33
WBP_UI_SCR_GAMEOVER,screen,GAMEOVER (CUE-016),"Результат: победа, ничья, поражение, «Посмотреть доску», «Сыграть ещё» против ИИ (F-06)",UE (C++ BindWidget + WBP),WBP,/Game/S08/UI/Screens/WBP_UI_SCR_GAMEOVER (UUmScreenGameOver),-S08SlateHud=gameover,художественно принято,"по делегированию 2026-10-08, VS-7 Frames 2026-10-08, пакеты 37042366 / 30e07c84, feat/visual-vs7, не влито; лист evidence/VISUAL/VS-7",свой (код и материалы проекта),"UE ≤ 0,5 мс GT p95 и ≤ 0,3 мс GPU при 1080p (HUD-RULES П8); без Retainer Box и размытия",SC-34; SC-35; SC-36; SC-37
WBP_UI_SCR_ABORTED,screen,ABORTED,Партия прервана: модаль и возврат в лобби,UE (C++ BindWidget + WBP),WBP,/Game/S08/UI/Screens/WBP_UI_SCR_ABORTED (UUmScreenAborted),-S08SlateHud=aborted,художественно принято,"по делегированию 2026-10-08, VS-7 Frames 2026-10-08, пакеты 37042366 / 30e07c84, feat/visual-vs7, не влито; лист evidence/VISUAL/VS-7",свой (код и материалы проекта),"UE ≤ 0,5 мс GT p95 и ≤ 0,3 мс GPU при 1080p (HUD-RULES П8); без Retainer Box и размытия",SC-38
WBP_UI_SCR_HISTORY,screen,HISTORY (пост-MVP),"Экран «История» (DE-037). Пост-MVP, ждёт решения",UE (C++ BindWidget + WBP),WBP,/Game/S08/UI/Screens/WBP_UI_SCR_HISTORY (UUmScreenHistory),ключ history к списку ВР-SC04 после решения,предложено,нет,свой (код и материалы проекта),"UE ≤ 0,5 мс GT p95 и ≤ 0,3 мс GPU при 1080p (HUD-RULES П8); без Retainer Box и размытия",SC-42
PROC_Screen_WinnerCapture,screen,GAMEOVER (пост-MVP),3D-фигура победителя на экране результата через SceneCapture (DE-038). Только по слову пользователя. Id по ВР-RG02,UE (C++),SceneCapture-виджет,UUmScreenGameOver (SceneCapture победителя),-S08SlateHud=gameover,предложено,нет,свой (код и материалы проекта),SceneCapture одной фигуры — замер render_bench.py до включения,SC-43
sc01-screen-base-codex,screen,Основа экранов и модалей,"Макет экрана «Основа экранов и модалей: база макетов, UUmScreenBase, съёмка по SHOT»: состояния base-modal. На реальных данных бэкенда и админки",Codex (без генераций изображений),"PNG 1920×1080 и 1280×720 при 100 и 150 %, цвет и серый; макеты с данными — вне git (scraped-data/derived/sc01-screen-base-codex/)","— (макет; итог — WBP_UmConfirmDialog, UUmScreenBase)",—,предложено,нет,"свой: пакет Codex по подписке, без генераций изображений; листы с аватарами и сканами вне git (ВР-48)",Codex 1 пакет по подписке; SYNTX 0; Tripo 0,SC-01; art/imagegen/sc01-screen-base-codex/
sc03-boot-loading-codex,screen,BOOT,"Макет экрана «BOOT: загрузка»: состояния loading-session, loading-heroes, loading-boards. На реальных данных бэкенда и админки",Codex (без генераций изображений),"PNG 1920×1080 и 1280×720 при 100 и 150 %, цвет и серый; макеты с данными — вне git (scraped-data/derived/sc03-boot-loading-codex/)",— (макет; итог — WBP_UI_SCR_BOOT),—,предложено,нет,"свой: пакет Codex по подписке, без генераций изображений; листы с аватарами и сканами вне git (ВР-48)",Codex 1 пакет по подписке; SYNTX 0; Tripo 0,SC-03; art/imagegen/sc03-boot-loading-codex/
sc04-boot-error-codex,screen,BOOT,"Макет экрана «BOOT: сервер недоступен»: состояния error, retrying. На реальных данных бэкенда и админки",Codex (без генераций изображений),"PNG 1920×1080 и 1280×720 при 100 и 150 %, цвет и серый; макеты с данными — вне git (scraped-data/derived/sc04-boot-error-codex/)",— (макет; итог — WBP_UI_SCR_BOOT),—,предложено,нет,"свой: пакет Codex по подписке, без генераций изображений; листы с аватарами и сканами вне git (ВР-48)",Codex 1 пакет по подписке; SYNTX 0; Tripo 0,SC-04; art/imagegen/sc04-boot-error-codex/
sc05-boot-resume-codex,screen,BOOT,"Макет экрана «BOOT: модаль «Вернуться в партию»»: состояния resume, resuming. На реальных данных бэкенда и админки",Codex (без генераций изображений),"PNG 1920×1080 и 1280×720 при 100 и 150 %, цвет и серый; макеты с данными — вне git (scraped-data/derived/sc05-boot-resume-codex/)",— (макет; итог — WBP_UI_SCR_BOOT),—,предложено,нет,"свой: пакет Codex по подписке, без генераций изображений; листы с аватарами и сканами вне git (ВР-48)",Codex 1 пакет по подписке; SYNTX 0; Tripo 0,SC-05; art/imagegen/sc05-boot-resume-codex/
sc06-login-form-codex,screen,LOGIN,"Макет экрана «LOGIN: пустая форма и ввод»: состояния empty, input. На реальных данных бэкенда и админки",Codex (без генераций изображений),"PNG 1920×1080 и 1280×720 при 100 и 150 %, цвет и серый; макеты с данными — вне git (scraped-data/derived/sc06-login-form-codex/)",— (макет; итог — WBP_UI_SCR_LOGIN),—,предложено,нет,"свой: пакет Codex по подписке, без генераций изображений; листы с аватарами и сканами вне git (ВР-48)",Codex 1 пакет по подписке; SYNTX 0; Tripo 0,SC-06; art/imagegen/sc06-login-form-codex/
sc07-login-errors-codex,screen,LOGIN,"Макет экрана «LOGIN: вход и ошибки»: состояния busy, error-credentials, error-server. На реальных данных бэкенда и админки",Codex (без генераций изображений),"PNG 1920×1080 и 1280×720 при 100 и 150 %, цвет и серый; макеты с данными — вне git (scraped-data/derived/sc07-login-errors-codex/)",— (макет; итог — WBP_UI_SCR_LOGIN),—,предложено,нет,"свой: пакет Codex по подписке, без генераций изображений; листы с аватарами и сканами вне git (ВР-48)",Codex 1 пакет по подписке; SYNTX 0; Tripo 0,SC-07; art/imagegen/sc07-login-errors-codex/
sc08-lobby-list-codex,screen,LOBBY,"Макет экрана «LOBBY: список игр и его загрузка»: состояния loading, list. На реальных данных бэкенда и админки",Codex (без генераций изображений),"PNG 1920×1080 и 1280×720 при 100 и 150 %, цвет и серый; макеты с данными — вне git (scraped-data/derived/sc08-lobby-list-codex/)",— (макет; итог — WBP_UI_SCR_LOBBY),—,предложено,нет,"свой: пакет Codex по подписке, без генераций изображений; листы с аватарами и сканами вне git (ВР-48)",Codex 1 пакет по подписке; SYNTX 0; Tripo 0,SC-08; art/imagegen/sc08-lobby-list-codex/
sc09-lobby-create-codex,screen,LOBBY,"Макет экрана «LOBBY: создать комнату 1×1 с выбором доски»: состояния create-marmoreal, create-sarpedon, busy. На реальных данных бэкенда и админки",Codex (без генераций изображений),"PNG 1920×1080 и 1280×720 при 100 и 150 %, цвет и серый; макеты с данными — вне git (scraped-data/derived/sc09-lobby-create-codex/)",— (макет; итог — WBP_UI_SCR_LOBBY),—,предложено,нет,"свой: пакет Codex по подписке, без генераций изображений; листы с аватарами и сканами вне git (ВР-48)",Codex 1 пакет по подписке; SYNTX 0; Tripo 0,SC-09; art/imagegen/sc09-lobby-create-codex/
sc10-lobby-create-ai-codex,screen,LOBBY,"Макет экрана «LOBBY: создать партию «Против ИИ»»: состояния create-ai, busy. На реальных данных бэкенда и админки",Codex (без генераций изображений),"PNG 1920×1080 и 1280×720 при 100 и 150 %, цвет и серый; макеты с данными — вне git (scraped-data/derived/sc10-lobby-create-ai-codex/)",— (макет; итог — WBP_UI_SCR_LOBBY),—,предложено,нет,"свой: пакет Codex по подписке, без генераций изображений; листы с аватарами и сканами вне git (ВР-48)",Codex 1 пакет по подписке; SYNTX 0; Tripo 0,SC-10; art/imagegen/sc10-lobby-create-ai-codex/
sc11-lobby-code-codex,screen,LOBBY,"Макет экрана «LOBBY: вход по коду и «Вернуться в мою партию»»: состояния code-partial, code-full, code-error-notfound, code-error-full. На реальных данных бэкенда и админки",Codex (без генераций изображений),"PNG 1920×1080 и 1280×720 при 100 и 150 %, цвет и серый; макеты с данными — вне git (scraped-data/derived/sc11-lobby-code-codex/)",— (макет; итог — WBP_UI_SCR_LOBBY),—,предложено,нет,"свой: пакет Codex по подписке, без генераций изображений; листы с аватарами и сканами вне git (ВР-48)",Codex 1 пакет по подписке; SYNTX 0; Tripo 0,SC-11; art/imagegen/sc11-lobby-code-codex/
sc12-lobby-empty-codex,screen,LOBBY,Макет экрана «LOBBY: пустой список»: состояния empty. На реальных данных бэкенда и админки,Codex (без генераций изображений),"PNG 1920×1080 и 1280×720 при 100 и 150 %, цвет и серый; макеты с данными — вне git (scraped-data/derived/sc12-lobby-empty-codex/)",— (макет; итог — WBP_UI_SCR_LOBBY),—,предложено,нет,"свой: пакет Codex по подписке, без генераций изображений; листы с аватарами и сканами вне git (ВР-48)",Codex 1 пакет по подписке; SYNTX 0; Tripo 0,SC-12; art/imagegen/sc12-lobby-empty-codex/
sc13-lobby-error-codex,screen,LOBBY,Макет экрана «LOBBY: ошибка загрузки списка»: состояния error. На реальных данных бэкенда и админки,Codex (без генераций изображений),"PNG 1920×1080 и 1280×720 при 100 и 150 %, цвет и серый; макеты с данными — вне git (scraped-data/derived/sc13-lobby-error-codex/)",— (макет; итог — WBP_UI_SCR_LOBBY),—,предложено,нет,"свой: пакет Codex по подписке, без генераций изображений; листы с аватарами и сканами вне git (ВР-48)",Codex 1 пакет по подписке; SYNTX 0; Tripo 0,SC-13; art/imagegen/sc13-lobby-error-codex/
sc14-room-hero-codex,screen,ROOM,"Макет экрана «ROOM: выбор героя»: состояния waiting, picked, taken. На реальных данных бэкенда и админки",Codex (без генераций изображений),"PNG 1920×1080 и 1280×720 при 100 и 150 %, цвет и серый; макеты с данными — вне git (scraped-data/derived/sc14-room-hero-codex/)",— (макет; итог — WBP_UI_SCR_ROOM),—,предложено,нет,"свой: пакет Codex по подписке, без генераций изображений; листы с аватарами и сканами вне git (ВР-48)",Codex 1 пакет по подписке; SYNTX 0; Tripo 0,SC-14; art/imagegen/sc14-room-hero-codex/
sc15-room-board-codex,screen,ROOM,"Макет экрана «ROOM: доска комнаты»: состояния board-marmoreal, board-sarpedon. На реальных данных бэкенда и админки",Codex (без генераций изображений),"PNG 1920×1080 и 1280×720 при 100 и 150 %, цвет и серый; макеты с данными — вне git (scraped-data/derived/sc15-room-board-codex/)",— (макет; итог — WBP_UI_SCR_ROOM),—,предложено,нет,"свой: пакет Codex по подписке, без генераций изображений; листы с аватарами и сканами вне git (ВР-48)",Codex 1 пакет по подписке; SYNTX 0; Tripo 0,SC-15; art/imagegen/sc15-room-board-codex/
sc16-room-deck-codex,screen,ROOM,"Макет экрана «ROOM: «Просмотр колоды»»: состояния deck-count, deck-open. На реальных данных бэкенда и админки",Codex (без генераций изображений),"PNG 1920×1080 и 1280×720 при 100 и 150 %, цвет и серый; макеты с данными — вне git (scraped-data/derived/sc16-room-deck-codex/)",— (макет; итог — WBP_UI_SCR_ROOM),—,предложено,нет,"свой: пакет Codex по подписке, без генераций изображений; листы с аватарами и сканами вне git (ВР-48)",Codex 1 пакет по подписке; SYNTX 0; Tripo 0,SC-16; art/imagegen/sc16-room-deck-codex/
sc17-room-ready-codex,screen,ROOM,"Макет экрана «ROOM: готовность и старт (1×1 и «Против ИИ»)»: состояния waiting, ready, guest, ai, leave. На реальных данных бэкенда и админки",Codex (без генераций изображений),"PNG 1920×1080 и 1280×720 при 100 и 150 %, цвет и серый; макеты с данными — вне git (scraped-data/derived/sc17-room-ready-codex/)",— (макет; итог — WBP_UI_SCR_ROOM),—,предложено,нет,"свой: пакет Codex по подписке, без генераций изображений; листы с аватарами и сканами вне git (ВР-48)",Codex 1 пакет по подписке; SYNTX 0; Tripo 0,SC-17; art/imagegen/sc17-room-ready-codex/
sc18-room-countdown-codex,screen,ROOM,"Макет экрана «ROOM: отсчёт перед стартом»: состояния countdown-3, starting. На реальных данных бэкенда и админки",Codex (без генераций изображений),"PNG 1920×1080 и 1280×720 при 100 и 150 %, цвет и серый; макеты с данными — вне git (scraped-data/derived/sc18-room-countdown-codex/)",— (макет; итог — WBP_UI_SCR_ROOM),—,предложено,нет,"свой: пакет Codex по подписке, без генераций изображений; листы с аватарами и сканами вне git (ВР-48)",Codex 1 пакет по подписке; SYNTX 0; Tripo 0,SC-18; art/imagegen/sc18-room-countdown-codex/
sc19-loading-codex,screen,Загрузка партии,"Макет экрана «Загрузка партии: этапы»: состояния connect, state, board. На реальных данных бэкенда и админки",Codex (без генераций изображений),"PNG 1920×1080 и 1280×720 при 100 и 150 %, цвет и серый; макеты с данными — вне git (scraped-data/derived/sc19-loading-codex/)",— (макет; итог — WBP_UI_SCR_LOADING),—,предложено,нет,"свой: пакет Codex по подписке, без генераций изображений; листы с аватарами и сканами вне git (ВР-48)",Codex 1 пакет по подписке; SYNTX 0; Tripo 0,SC-19; art/imagegen/sc19-loading-codex/
sc20-loading-error-codex,screen,Загрузка партии,Макет экрана «Загрузка партии: не удаётся подключиться»: состояния error. На реальных данных бэкенда и админки,Codex (без генераций изображений),"PNG 1920×1080 и 1280×720 при 100 и 150 %, цвет и серый; макеты с данными — вне git (scraped-data/derived/sc20-loading-error-codex/)",— (макет; итог — WBP_UI_SCR_LOADING),—,предложено,нет,"свой: пакет Codex по подписке, без генераций изображений; листы с аватарами и сканами вне git (ВР-48)",Codex 1 пакет по подписке; SYNTX 0; Tripo 0,SC-20; art/imagegen/sc20-loading-error-codex/
sc21-inspect-own-codex,screen,INSPECT,"Макет экрана «INSPECT: своя карта крупно»: состояния own, loading. На реальных данных бэкенда и админки",Codex (без генераций изображений),"PNG 1920×1080 и 1280×720 при 100 и 150 %, цвет и серый; макеты с данными — вне git (scraped-data/derived/sc21-inspect-own-codex/)",— (макет; итог — WBP_UI_SCR_INSPECT),—,художественно принято,"по делегированию 2026-10-07, SC-21 (VS-4 5c29b75e)","свой: пакет Codex по подписке, без генераций изображений; листы с аватарами и сканами вне git (ВР-48)",Codex 1 пакет по подписке; SYNTX 0; Tripo 0,SC-21; art/imagegen/sc21-inspect-own-codex/
sc22-inspect-hidden-codex,screen,INSPECT,Макет экрана «INSPECT: скрытая карта соперника»: состояния hidden. На реальных данных бэкенда и админки,Codex (без генераций изображений),"PNG 1920×1080 и 1280×720 при 100 и 150 %, цвет и серый; макеты с данными — вне git (scraped-data/derived/sc22-inspect-hidden-codex/)",— (макет; итог — WBP_UI_SCR_INSPECT),—,художественно принято,"по делегированию 2026-10-07, SC-22 (VS-4 5c29b75e)","свой: пакет Codex по подписке, без генераций изображений; листы с аватарами и сканами вне git (ВР-48)",Codex 1 пакет по подписке; SYNTX 0; Tripo 0,SC-22; art/imagegen/sc22-inspect-hidden-codex/
sc23-inspect-deck-codex,screen,INSPECT,"Макет экрана «INSPECT: режим колоды»: состояния deck, deck-card. На реальных данных бэкенда и админки",Codex (без генераций изображений),"PNG 1920×1080 и 1280×720 при 100 и 150 %, цвет и серый; макеты с данными — вне git (scraped-data/derived/sc23-inspect-deck-codex/)",— (макет; итог — WBP_UI_SCR_INSPECT),—,художественно принято,"по делегированию 2026-10-07, SC-23 (VS-4 5c29b75e)","свой: пакет Codex по подписке, без генераций изображений; листы с аватарами и сканами вне git (ВР-48)",Codex 1 пакет по подписке; SYNTX 0; Tripo 0,SC-23; art/imagegen/sc23-inspect-deck-codex/
sc24-pause-codex,screen,PAUSE,"Макет экрана «PAUSE: меню паузы и выход из партии»: состояния game, game-defense, menu, confirm. На реальных данных бэкенда и админки",Codex (без генераций изображений),"PNG 1920×1080 и 1280×720 при 100 и 150 %, цвет и серый; макеты с данными — вне git (scraped-data/derived/sc24-pause-codex/)",— (макет; итог — WBP_UI_SCR_PAUSE),—,предложено,нет,"свой: пакет Codex по подписке, без генераций изображений; листы с аватарами и сканами вне git (ВР-48)",Codex 1 пакет по подписке; SYNTX 0; Tripo 0,SC-24; art/imagegen/sc24-pause-codex/
sc25-settings-sound-codex,screen,Настройки,Макет экрана «Настройки: звук»: состояния sound. На реальных данных бэкенда и админки,Codex (без генераций изображений),"PNG 1920×1080 и 1280×720 при 100 и 150 %, цвет и серый; макеты с данными — вне git (scraped-data/derived/sc25-settings-sound-codex/)",— (макет; итог — WBP_UI_SCR_PAUSE),—,предложено,нет,"свой: пакет Codex по подписке, без генераций изображений; листы с аватарами и сканами вне git (ВР-48)",Codex 1 пакет по подписке; SYNTX 0; Tripo 0,SC-25; art/imagegen/sc25-settings-sound-codex/
sc26-settings-language-codex,screen,Настройки,"Макет экрана «Настройки: язык RU / EN»: состояния ru, en, pseudo. На реальных данных бэкенда и админки",Codex (без генераций изображений),"PNG 1920×1080 и 1280×720 при 100 и 150 %, цвет и серый; макеты с данными — вне git (scraped-data/derived/sc26-settings-language-codex/)",— (макет; итог — WBP_UI_SCR_PAUSE),—,предложено,нет,"свой: пакет Codex по подписке, без генераций изображений; листы с аватарами и сканами вне git (ВР-48)",Codex 1 пакет по подписке; SYNTX 0; Tripo 0,SC-26; art/imagegen/sc26-settings-language-codex/
sc27-settings-scale-codex,screen,Настройки,"Макет экрана «Настройки: масштаб интерфейса»: состояния scale-75, scale-100, scale-150. На реальных данных бэкенда и админки",Codex (без генераций изображений),"PNG 1920×1080 и 1280×720 при 100 и 150 %, цвет и серый; макеты с данными — вне git (scraped-data/derived/sc27-settings-scale-codex/)",— (макет; итог — WBP_UI_SCR_PAUSE),—,предложено,нет,"свой: пакет Codex по подписке, без генераций изображений; листы с аватарами и сканами вне git (ВР-48)",Codex 1 пакет по подписке; SYNTX 0; Tripo 0,SC-27; art/imagegen/sc27-settings-scale-codex/
sc28-settings-game-codex,screen,Настройки,Макет экрана «Настройки: скорость анимации и сокращённые анимации»: состояния game. На реальных данных бэкенда и админки,Codex (без генераций изображений),"PNG 1920×1080 и 1280×720 при 100 и 150 %, цвет и серый; макеты с данными — вне git (scraped-data/derived/sc28-settings-game-codex/)",— (макет; итог — WBP_UI_SCR_PAUSE),—,предложено,нет,"свой: пакет Codex по подписке, без генераций изображений; листы с аватарами и сканами вне git (ВР-48)",Codex 1 пакет по подписке; SYNTX 0; Tripo 0,SC-28; art/imagegen/sc28-settings-game-codex/
sc29-settings-hints-codex,screen,Настройки,Макет экрана «Настройки: подсказки правил и клавиш»: состояния interface-hints. На реальных данных бэкенда и админки,Codex (без генераций изображений),"PNG 1920×1080 и 1280×720 при 100 и 150 %, цвет и серый; макеты с данными — вне git (scraped-data/derived/sc29-settings-hints-codex/)",— (макет; итог — WBP_UI_SCR_PAUSE),—,предложено,нет,"свой: пакет Codex по подписке, без генераций изображений; листы с аватарами и сканами вне git (ВР-48)",Codex 1 пакет по подписке; SYNTX 0; Tripo 0,SC-29; art/imagegen/sc29-settings-hints-codex/
sc30-settings-graphics-codex,screen,Настройки,Макет экрана «Настройки: качество графики»: состояния graphics. На реальных данных бэкенда и админки,Codex (без генераций изображений),"PNG 1920×1080 и 1280×720 при 100 и 150 %, цвет и серый; макеты с данными — вне git (scraped-data/derived/sc30-settings-graphics-codex/)",— (макет; итог — WBP_UI_SCR_PAUSE),—,предложено,нет,"свой: пакет Codex по подписке, без генераций изображений; листы с аватарами и сканами вне git (ВР-48)",Codex 1 пакет по подписке; SYNTX 0; Tripo 0,SC-30; art/imagegen/sc30-settings-graphics-codex/
sc31-reconnect-auto-codex,screen,RECONNECT,Макет экрана «RECONNECT: автопереподключение»: состояния auto. На реальных данных бэкенда и админки,Codex (без генераций изображений),"PNG 1920×1080 и 1280×720 при 100 и 150 %, цвет и серый; макеты с данными — вне git (scraped-data/derived/sc31-reconnect-auto-codex/)",— (макет; итог — WBP_UI_SCR_RECONNECT),—,предложено,нет,"свой: пакет Codex по подписке, без генераций изображений; листы с аватарами и сканами вне git (ВР-48)",Codex 1 пакет по подписке; SYNTX 0; Tripo 0,SC-31; art/imagegen/sc31-reconnect-auto-codex/
sc32-reconnect-manual-codex,screen,RECONNECT,"Макет экрана «RECONNECT: ручное переподключение и истёкшая сессия»: состояния manual, expired. На реальных данных бэкенда и админки",Codex (без генераций изображений),"PNG 1920×1080 и 1280×720 при 100 и 150 %, цвет и серый; макеты с данными — вне git (scraped-data/derived/sc32-reconnect-manual-codex/)",— (макет; итог — WBP_UI_SCR_RECONNECT),—,предложено,нет,"свой: пакет Codex по подписке, без генераций изображений; листы с аватарами и сканами вне git (ВР-48)",Codex 1 пакет по подписке; SYNTX 0; Tripo 0,SC-32; art/imagegen/sc32-reconnect-manual-codex/
sc33-reconnect-restore-codex,screen,RECONNECT,"Макет экрана «RECONNECT: восстановление и выход из оверлея»: состояния restoring, exit-200ms. На реальных данных бэкенда и админки",Codex (без генераций изображений),"PNG 1920×1080 и 1280×720 при 100 и 150 %, цвет и серый; макеты с данными — вне git (scraped-data/derived/sc33-reconnect-restore-codex/)",— (макет; итог — WBP_UI_SCR_RECONNECT),—,предложено,нет,"свой: пакет Codex по подписке, без генераций изображений; листы с аватарами и сканами вне git (ВР-48)",Codex 1 пакет по подписке; SYNTX 0; Tripo 0,SC-33; art/imagegen/sc33-reconnect-restore-codex/
sc34-gameover-victory-codex,screen,GAMEOVER,"Макет экрана «GAMEOVER: победа»: состояния victory, draw. На реальных данных бэкенда и админки",Codex (без генераций изображений),"PNG 1920×1080 и 1280×720 при 100 и 150 %, цвет и серый; макеты с данными — вне git (scraped-data/derived/sc34-gameover-victory-codex/)",— (макет; итог — WBP_UI_SCR_GAMEOVER),—,предложено,нет,"свой: пакет Codex по подписке, без генераций изображений; листы с аватарами и сканами вне git (ВР-48)",Codex 1 пакет по подписке; SYNTX 0; Tripo 0,SC-34; art/imagegen/sc34-gameover-victory-codex/
sc35-gameover-defeat-codex,screen,GAMEOVER,Макет экрана «GAMEOVER: поражение»: состояния defeat. На реальных данных бэкенда и админки,Codex (без генераций изображений),"PNG 1920×1080 и 1280×720 при 100 и 150 %, цвет и серый; макеты с данными — вне git (scraped-data/derived/sc35-gameover-defeat-codex/)",— (макет; итог — WBP_UI_SCR_GAMEOVER),—,предложено,нет,"свой: пакет Codex по подписке, без генераций изображений; листы с аватарами и сканами вне git (ВР-48)",Codex 1 пакет по подписке; SYNTX 0; Tripo 0,SC-35; art/imagegen/sc35-gameover-defeat-codex/
sc36-gameover-board-codex,screen,GAMEOVER,Макет экрана «GAMEOVER: «Посмотреть доску»»: состояния board. На реальных данных бэкенда и админки,Codex (без генераций изображений),"PNG 1920×1080 и 1280×720 при 100 и 150 %, цвет и серый; макеты с данными — вне git (scraped-data/derived/sc36-gameover-board-codex/)",— (макет; итог — WBP_UI_SCR_GAMEOVER),—,предложено,нет,"свой: пакет Codex по подписке, без генераций изображений; листы с аватарами и сканами вне git (ВР-48)",Codex 1 пакет по подписке; SYNTX 0; Tripo 0,SC-36; art/imagegen/sc36-gameover-board-codex/
sc37-gameover-again-codex,screen,GAMEOVER,"Макет экрана «GAMEOVER: «Сыграть ещё» против ИИ»: состояния again, again-busy. На реальных данных бэкенда и админки",Codex (без генераций изображений),"PNG 1920×1080 и 1280×720 при 100 и 150 %, цвет и серый; макеты с данными — вне git (scraped-data/derived/sc37-gameover-again-codex/)",— (макет; итог — WBP_UI_SCR_GAMEOVER),—,предложено,нет,"свой: пакет Codex по подписке, без генераций изображений; листы с аватарами и сканами вне git (ВР-48)",Codex 1 пакет по подписке; SYNTX 0; Tripo 0,SC-37; art/imagegen/sc37-gameover-again-codex/
sc38-aborted-codex,screen,ABORTED,"Макет экрана «ABORTED: партия прервана»: состояния shown, shown-noname. На реальных данных бэкенда и админки",Codex (без генераций изображений),"PNG 1920×1080 и 1280×720 при 100 и 150 %, цвет и серый; макеты с данными — вне git (scraped-data/derived/sc38-aborted-codex/)",— (макет; итог — WBP_UI_SCR_ABORTED),—,предложено,нет,"свой: пакет Codex по подписке, без генераций изображений; листы с аватарами и сканами вне git (ВР-48)",Codex 1 пакет по подписке; SYNTX 0; Tripo 0,SC-38; art/imagegen/sc38-aborted-codex/
sc39-entry-steps-codex,screen,Пост-MVP,"Макет экрана «Пост-MVP: подписанные шаги входа в партию (DE-034)»: состояния steps, steps-error. На реальных данных бэкенда и админки. Пост-MVP, ждёт решения",Codex (без генераций изображений),"PNG 1920×1080 и 1280×720 при 100 и 150 %, цвет и серый; макеты с данными — вне git (scraped-data/derived/sc39-entry-steps-codex/)",— (макет; итог — WBP_UI_SCR_LOADING),—,предложено,нет,"свой: пакет Codex по подписке, без генераций изображений; листы с аватарами и сканами вне git (ВР-48)",Codex 1 пакет по подписке; SYNTX 0; Tripo 0,SC-39; art/imagegen/sc39-entry-steps-codex/
sc40-lobby-filter-codex,screen,Пост-MVP,"Макет экрана «Пост-MVP: все столы лобби видны по умолчанию (DE-035)»: состояния filter-all. На реальных данных бэкенда и админки. Пост-MVP, ждёт решения",Codex (без генераций изображений),"PNG 1920×1080 и 1280×720 при 100 и 150 %, цвет и серый; макеты с данными — вне git (scraped-data/derived/sc40-lobby-filter-codex/)",— (макет; итог — WBP_UI_SCR_LOBBY),—,предложено,нет,"свой: пакет Codex по подписке, без генераций изображений; листы с аватарами и сканами вне git (ВР-48)",Codex 1 пакет по подписке; SYNTX 0; Tripo 0,SC-40; art/imagegen/sc40-lobby-filter-codex/
sc41-first-hints-codex,screen,Пост-MVP,"Макет экрана «Пост-MVP: подсказки при первом появлении механики (DE-036)»: состояния hint. На реальных данных бэкенда и админки. Пост-MVP, ждёт решения",Codex (без генераций изображений),"PNG 1920×1080 и 1280×720 при 100 и 150 %, цвет и серый; макеты с данными — вне git (scraped-data/derived/sc41-first-hints-codex/)",— (макет; итог — WBP_UI_HUD_TOAST),—,предложено,нет,"свой: пакет Codex по подписке, без генераций изображений; листы с аватарами и сканами вне git (ВР-48)",Codex 1 пакет по подписке; SYNTX 0; Tripo 0,SC-41; art/imagegen/sc41-first-hints-codex/
sc42-history-codex,screen,Пост-MVP,"Макет экрана «Пост-MVP: экран «История» (DE-037)»: состояния history, empty. На реальных данных бэкенда и админки. Пост-MVP, ждёт решения",Codex (без генераций изображений),"PNG 1920×1080 и 1280×720 при 100 и 150 %, цвет и серый; макеты с данными — вне git (scraped-data/derived/sc42-history-codex/)",— (макет; итог — WBP_UI_SCR_HISTORY),—,предложено,нет,"свой: пакет Codex по подписке, без генераций изображений; листы с аватарами и сканами вне git (ВР-48)",Codex 1 пакет по подписке; SYNTX 0; Tripo 0,SC-42; art/imagegen/sc42-history-codex/
T_Card_medusa_a_momentary_glance,card,"HAND, COMBAT-EDGE, SLOT, INSPECT, DECKPANEL, ROOM «Просмотр колоды»","Карта «A Momentary Glance» колоды Medusa. Скан целиком в нашей рамке, текст поверх скана не рисуем (ВР-49); RU-сборка — RU-скан, EN — EN-скан (ВР-51); ИИ-апскейла нет, инспектор ≤ 1,6× (ВР-48). Id по ВР-RG04, статус по ВР-RG10","оригинальный арт (скрап), WebP → PNG скриптом","RU 287×398 WebP, EN 250×349 PNG → PNG RGBA → UE BC7 с mip (512² + 256×512)","/Game/S08/UI/Cards/medusa/T_Card_medusa_a_momentary_glance_{RU,EN}",-S08CardArtLegacy,технически импортировано,"по делегированию 2026-10-07, CP-04 (VS-3 0f5964c6)","оригинальный арт Unmatched (скрап): только внутренняя LAN-сборка, вне git, не распространять (ВР-48, GAP-019)",в паке ≈ 349 КБ RU + 175 КБ EN,CP-04; CP-02; CP-01; CP-15; art/imagegen/mvp-v1/reused-cardart.json (medusa:a-momentary-glance)
T_Card_medusa_clutching_claws,card,"HAND, COMBAT-EDGE, SLOT, INSPECT, DECKPANEL, ROOM «Просмотр колоды»","Карта «Clutching Claws» колоды Medusa. Скан целиком в нашей рамке, текст поверх скана не рисуем (ВР-49); RU-сборка — RU-скан, EN — EN-скан (ВР-51); ИИ-апскейла нет, инспектор ≤ 1,6× (ВР-48). Id по ВР-RG04, статус по ВР-RG10","оригинальный арт (скрап), WebP → PNG скриптом","RU 287×398 WebP, EN 250×349 PNG → PNG RGBA → UE BC7 с mip (512² + 256×512)","/Game/S08/UI/Cards/medusa/T_Card_medusa_clutching_claws_{RU,EN}",-S08CardArtLegacy,технически импортировано,"по делегированию 2026-10-07, CP-04 (VS-3 0f5964c6)","оригинальный арт Unmatched (скрап): только внутренняя LAN-сборка, вне git, не распространять (ВР-48, GAP-019)",в паке ≈ 349 КБ RU + 175 КБ EN,CP-04; CP-02; CP-01; CP-15; art/imagegen/mvp-v1/reused-cardart.json (medusa:clutching-claws)
T_Card_medusa_dash,card,"HAND, COMBAT-EDGE, SLOT, INSPECT, DECKPANEL, ROOM «Просмотр колоды»","Карта «Dash» колоды Medusa. Скан целиком в нашей рамке, текст поверх скана не рисуем (ВР-49); RU-сборка — RU-скан, EN — EN-скан (ВР-51); ИИ-апскейла нет, инспектор ≤ 1,6× (ВР-48). Id по ВР-RG04, статус по ВР-RG10","оригинальный арт (скрап), WebP → PNG скриптом","RU 287×398 WebP, EN 250×349 WebP → PNG RGBA → UE BC7 с mip (512² + 256×512)","/Game/S08/UI/Cards/medusa/T_Card_medusa_dash_{RU,EN}",-S08CardArtLegacy,технически импортировано,"по делегированию 2026-10-07, CP-04 (VS-3 0f5964c6)","оригинальный арт Unmatched (скрап): только внутренняя LAN-сборка, вне git, не распространять (ВР-48, GAP-019)",в паке ≈ 349 КБ RU + 175 КБ EN,CP-04; CP-02; CP-01; CP-15; art/imagegen/mvp-v1/reused-cardart.json (medusa:dash)
T_Card_medusa_feint,card,"HAND, COMBAT-EDGE, SLOT, INSPECT, DECKPANEL, ROOM «Просмотр колоды»","Карта «Feint» колоды Medusa. Скан целиком в нашей рамке, текст поверх скана не рисуем (ВР-49); RU-сборка — RU-скан, EN — EN-скан (ВР-51); ИИ-апскейла нет, инспектор ≤ 1,6× (ВР-48). Id по ВР-RG04, статус по ВР-RG10","оригинальный арт (скрап), WebP → PNG скриптом","RU 287×398 WebP, EN 250×349 PNG → PNG RGBA → UE BC7 с mip (512² + 256×512)","/Game/S08/UI/Cards/medusa/T_Card_medusa_feint_{RU,EN}",-S08CardArtLegacy,технически импортировано,"по делегированию 2026-10-07, CP-04 (VS-3 0f5964c6)","оригинальный арт Unmatched (скрап): только внутренняя LAN-сборка, вне git, не распространять (ВР-48, GAP-019)",в паке ≈ 349 КБ RU + 175 КБ EN,CP-04; CP-02; CP-01; CP-15; art/imagegen/mvp-v1/reused-cardart.json (medusa:feint)
T_Card_medusa_gaze_of_stone,card,"HAND, COMBAT-EDGE, SLOT, INSPECT, DECKPANEL, ROOM «Просмотр колоды»","Карта «Gaze of Stone» колоды Medusa. Скан целиком в нашей рамке, текст поверх скана не рисуем (ВР-49); RU-сборка — RU-скан, EN — EN-скан (ВР-51); ИИ-апскейла нет, инспектор ≤ 1,6× (ВР-48). Id по ВР-RG04, статус по ВР-RG10","оригинальный арт (скрап), WebP → PNG скриптом","RU 287×398 WebP, EN 250×349 PNG → PNG RGBA → UE BC7 с mip (512² + 256×512)","/Game/S08/UI/Cards/medusa/T_Card_medusa_gaze_of_stone_{RU,EN}",-S08CardArtLegacy,технически импортировано,"по делегированию 2026-10-07, CP-04 (VS-3 0f5964c6)","оригинальный арт Unmatched (скрап): только внутренняя LAN-сборка, вне git, не распространять (ВР-48, GAP-019)",в паке ≈ 349 КБ RU + 175 КБ EN,CP-04; CP-02; CP-01; CP-15; art/imagegen/mvp-v1/reused-cardart.json (medusa:gaze-of-stone)
T_Card_medusa_hiss_and_slither,card,"HAND, COMBAT-EDGE, SLOT, INSPECT, DECKPANEL, ROOM «Просмотр колоды»","Карта «Hiss and Slither» колоды Medusa. Скан целиком в нашей рамке, текст поверх скана не рисуем (ВР-49); RU-сборка — RU-скан, EN — EN-скан (ВР-51); ИИ-апскейла нет, инспектор ≤ 1,6× (ВР-48). Id по ВР-RG04, статус по ВР-RG10","оригинальный арт (скрап), WebP → PNG скриптом","RU 287×398 WebP, EN 250×349 PNG → PNG RGBA → UE BC7 с mip (512² + 256×512)","/Game/S08/UI/Cards/medusa/T_Card_medusa_hiss_and_slither_{RU,EN}",-S08CardArtLegacy,технически импортировано,"по делегированию 2026-10-07, CP-04 (VS-3 0f5964c6)","оригинальный арт Unmatched (скрап): только внутренняя LAN-сборка, вне git, не распространять (ВР-48, GAP-019)",в паке ≈ 349 КБ RU + 175 КБ EN,CP-04; CP-02; CP-01; CP-15; art/imagegen/mvp-v1/reused-cardart.json (medusa:hiss-and-slither)
T_Card_medusa_regroup,card,"HAND, COMBAT-EDGE, SLOT, INSPECT, DECKPANEL, ROOM «Просмотр колоды»","Карта «Regroup» колоды Medusa. Скан целиком в нашей рамке, текст поверх скана не рисуем (ВР-49); RU-сборка — RU-скан, EN — EN-скан (ВР-51); ИИ-апскейла нет, инспектор ≤ 1,6× (ВР-48). Id по ВР-RG04, статус по ВР-RG10","оригинальный арт (скрап), WebP → PNG скриптом","RU 287×398 WebP, EN 250×349 PNG → PNG RGBA → UE BC7 с mip (512² + 256×512)","/Game/S08/UI/Cards/medusa/T_Card_medusa_regroup_{RU,EN}",-S08CardArtLegacy,технически импортировано,"по делегированию 2026-10-07, CP-04 (VS-3 0f5964c6)","оригинальный арт Unmatched (скрап): только внутренняя LAN-сборка, вне git, не распространять (ВР-48, GAP-019)",в паке ≈ 349 КБ RU + 175 КБ EN,CP-04; CP-02; CP-01; CP-15; art/imagegen/mvp-v1/reused-cardart.json (medusa:regroup)
T_Card_medusa_second_shot,card,"HAND, COMBAT-EDGE, SLOT, INSPECT, DECKPANEL, ROOM «Просмотр колоды»","Карта «Second Shot» колоды Medusa. Скан целиком в нашей рамке, текст поверх скана не рисуем (ВР-49); RU-сборка — RU-скан, EN — EN-скан (ВР-51); ИИ-апскейла нет, инспектор ≤ 1,6× (ВР-48). Id по ВР-RG04, статус по ВР-RG10","оригинальный арт (скрап), WebP → PNG скриптом","RU 287×398 WebP, EN 250×349 PNG → PNG RGBA → UE BC7 с mip (512² + 256×512)","/Game/S08/UI/Cards/medusa/T_Card_medusa_second_shot_{RU,EN}",-S08CardArtLegacy,технически импортировано,"по делегированию 2026-10-07, CP-04 (VS-3 0f5964c6)","оригинальный арт Unmatched (скрап): только внутренняя LAN-сборка, вне git, не распространять (ВР-48, GAP-019)",в паке ≈ 349 КБ RU + 175 КБ EN,CP-04; CP-02; CP-01; CP-15; art/imagegen/mvp-v1/reused-cardart.json (medusa:second-shot)
T_Card_medusa_snipe,card,"HAND, COMBAT-EDGE, SLOT, INSPECT, DECKPANEL, ROOM «Просмотр колоды»","Карта «Snipe» колоды Medusa. Скан целиком в нашей рамке, текст поверх скана не рисуем (ВР-49); RU-сборка — RU-скан, EN — EN-скан (ВР-51); ИИ-апскейла нет, инспектор ≤ 1,6× (ВР-48). Id по ВР-RG04, статус по ВР-RG10","оригинальный арт (скрап), WebP → PNG скриптом","RU 287×398 WebP, EN 250×349 PNG → PNG RGBA → UE BC7 с mip (512² + 256×512)","/Game/S08/UI/Cards/medusa/T_Card_medusa_snipe_{RU,EN}",-S08CardArtLegacy,технически импортировано,"по делегированию 2026-10-07, CP-04 (VS-3 0f5964c6)","оригинальный арт Unmatched (скрап): только внутренняя LAN-сборка, вне git, не распространять (ВР-48, GAP-019)",в паке ≈ 349 КБ RU + 175 КБ EN,CP-04; CP-02; CP-01; CP-15; art/imagegen/mvp-v1/reused-cardart.json (medusa:snipe)
T_Card_medusa_the_hounds_of_mighty_zeus,card,"HAND, COMBAT-EDGE, SLOT, INSPECT, DECKPANEL, ROOM «Просмотр колоды»","Карта «The Hounds of Mighty Zeus» колоды Medusa. Скан целиком в нашей рамке, текст поверх скана не рисуем (ВР-49); RU-сборка — RU-скан, EN — EN-скан (ВР-51); ИИ-апскейла нет, инспектор ≤ 1,6× (ВР-48). Id по ВР-RG04, статус по ВР-RG10","оригинальный арт (скрап), WebP → PNG скриптом","RU 287×398 WebP, EN 250×349 PNG → PNG RGBA → UE BC7 с mip (512² + 256×512)","/Game/S08/UI/Cards/medusa/T_Card_medusa_the_hounds_of_mighty_zeus_{RU,EN}",-S08CardArtLegacy,технически импортировано,"по делегированию 2026-10-07, CP-04 (VS-3 0f5964c6)","оригинальный арт Unmatched (скрап): только внутренняя LAN-сборка, вне git, не распространять (ВР-48, GAP-019)",в паке ≈ 349 КБ RU + 175 КБ EN,CP-04; CP-02; CP-01; CP-15; art/imagegen/mvp-v1/reused-cardart.json (medusa:the-hounds-of-mighty-zeus)
T_Card_medusa_winged_frenzy,card,"HAND, COMBAT-EDGE, SLOT, INSPECT, DECKPANEL, ROOM «Просмотр колоды»","Карта «Winged Frenzy» колоды Medusa. Скан целиком в нашей рамке, текст поверх скана не рисуем (ВР-49); RU-сборка — RU-скан, EN — EN-скан (ВР-51); ИИ-апскейла нет, инспектор ≤ 1,6× (ВР-48). Id по ВР-RG04, статус по ВР-RG10","оригинальный арт (скрап), WebP → PNG скриптом","RU 287×398 WebP, EN 250×349 PNG → PNG RGBA → UE BC7 с mip (512² + 256×512)","/Game/S08/UI/Cards/medusa/T_Card_medusa_winged_frenzy_{RU,EN}",-S08CardArtLegacy,технически импортировано,"по делегированию 2026-10-07, CP-04 (VS-3 0f5964c6)","оригинальный арт Unmatched (скрап): только внутренняя LAN-сборка, вне git, не распространять (ВР-48, GAP-019)",в паке ≈ 349 КБ RU + 175 КБ EN,CP-04; CP-02; CP-01; CP-15; art/imagegen/mvp-v1/reused-cardart.json (medusa:winged-frenzy)
T_Card_king_arthur_aid_the_chosen_one,card,"HAND, COMBAT-EDGE, SLOT, INSPECT, DECKPANEL, ROOM «Просмотр колоды»","Карта «Aid the Chosen One» колоды King Arthur. Скан целиком в нашей рамке, текст поверх скана не рисуем (ВР-49); RU-сборка — RU-скан, EN — EN-скан (ВР-51); ИИ-апскейла нет, инспектор ≤ 1,6× (ВР-48). Id по ВР-RG04, статус по ВР-RG10","оригинальный арт (скрап), WebP → PNG скриптом","RU 287×398 WebP, EN 250×349 PNG → PNG RGBA → UE BC7 с mip (512² + 256×512)","/Game/S08/UI/Cards/king_arthur/T_Card_king_arthur_aid_the_chosen_one_{RU,EN}",-S08CardArtLegacy,технически импортировано,"по делегированию 2026-10-07, CP-03 (VS-3 0f5964c6)","оригинальный арт Unmatched (скрап): только внутренняя LAN-сборка, вне git, не распространять (ВР-48, GAP-019)",в паке ≈ 349 КБ RU + 175 КБ EN,CP-03; CP-02; CP-01; CP-15; art/imagegen/mvp-v1/reused-cardart.json (king-arthur:aid-the-chosen-one)
T_Card_king_arthur_bewilderment,card,"HAND, COMBAT-EDGE, SLOT, INSPECT, DECKPANEL, ROOM «Просмотр колоды»","Карта «Bewilderment» колоды King Arthur. Скан целиком в нашей рамке, текст поверх скана не рисуем (ВР-49); RU-сборка — RU-скан, EN — EN-скан (ВР-51); ИИ-апскейла нет, инспектор ≤ 1,6× (ВР-48). Id по ВР-RG04, статус по ВР-RG10","оригинальный арт (скрап), WebP → PNG скриптом","RU 287×398 WebP, EN 250×349 PNG → PNG RGBA → UE BC7 с mip (512² + 256×512)","/Game/S08/UI/Cards/king_arthur/T_Card_king_arthur_bewilderment_{RU,EN}",-S08CardArtLegacy,технически импортировано,"по делегированию 2026-10-07, CP-03 (VS-3 0f5964c6)","оригинальный арт Unmatched (скрап): только внутренняя LAN-сборка, вне git, не распространять (ВР-48, GAP-019)",в паке ≈ 349 КБ RU + 175 КБ EN,CP-03; CP-02; CP-01; CP-15; art/imagegen/mvp-v1/reused-cardart.json (king-arthur:bewilderment)
T_Card_king_arthur_command_the_storms,card,"HAND, COMBAT-EDGE, SLOT, INSPECT, DECKPANEL, ROOM «Просмотр колоды»","Карта «Command the Storms» колоды King Arthur. Скан целиком в нашей рамке, текст поверх скана не рисуем (ВР-49); RU-сборка — RU-скан, EN — EN-скан (ВР-51); ИИ-апскейла нет, инспектор ≤ 1,6× (ВР-48). Id по ВР-RG04, статус по ВР-RG10","оригинальный арт (скрап), WebP → PNG скриптом","RU 287×398 WebP, EN 250×349 PNG → PNG RGBA → UE BC7 с mip (512² + 256×512)","/Game/S08/UI/Cards/king_arthur/T_Card_king_arthur_command_the_storms_{RU,EN}",-S08CardArtLegacy,технически импортировано,"по делегированию 2026-10-07, CP-03 (VS-3 0f5964c6)","оригинальный арт Unmatched (скрап): только внутренняя LAN-сборка, вне git, не распространять (ВР-48, GAP-019)",в паке ≈ 349 КБ RU + 175 КБ EN,CP-03; CP-02; CP-01; CP-15; art/imagegen/mvp-v1/reused-cardart.json (king-arthur:command-the-storms)
T_Card_king_arthur_divine_intervention,card,"HAND, COMBAT-EDGE, SLOT, INSPECT, DECKPANEL, ROOM «Просмотр колоды»","Карта «Divine Intervention» колоды King Arthur. Скан целиком в нашей рамке, текст поверх скана не рисуем (ВР-49); RU-сборка — RU-скан, EN — EN-скан (ВР-51); ИИ-апскейла нет, инспектор ≤ 1,6× (ВР-48). Id по ВР-RG04, статус по ВР-RG10","оригинальный арт (скрап), WebP → PNG скриптом","RU 287×398 WebP, EN 250×349 PNG → PNG RGBA → UE BC7 с mip (512² + 256×512)","/Game/S08/UI/Cards/king_arthur/T_Card_king_arthur_divine_intervention_{RU,EN}",-S08CardArtLegacy,технически импортировано,"по делегированию 2026-10-07, CP-03 (VS-3 0f5964c6)","оригинальный арт Unmatched (скрап): только внутренняя LAN-сборка, вне git, не распространять (ВР-48, GAP-019)",в паке ≈ 349 КБ RU + 175 КБ EN,CP-03; CP-02; CP-01; CP-15; art/imagegen/mvp-v1/reused-cardart.json (king-arthur:divine-intervention)
T_Card_king_arthur_excalibur,card,"HAND, COMBAT-EDGE, SLOT, INSPECT, DECKPANEL, ROOM «Просмотр колоды»","Карта «Excalibur» колоды King Arthur. Скан целиком в нашей рамке, текст поверх скана не рисуем (ВР-49); RU-сборка — RU-скан, EN — EN-скан (ВР-51); ИИ-апскейла нет, инспектор ≤ 1,6× (ВР-48). Id по ВР-RG04, статус по ВР-RG10","оригинальный арт (скрап), WebP → PNG скриптом","RU 287×398 WebP, EN 250×349 PNG → PNG RGBA → UE BC7 с mip (512² + 256×512)","/Game/S08/UI/Cards/king_arthur/T_Card_king_arthur_excalibur_{RU,EN}",-S08CardArtLegacy,технически импортировано,"по делегированию 2026-10-07, CP-03 (VS-3 0f5964c6)","оригинальный арт Unmatched (скрап): только внутренняя LAN-сборка, вне git, не распространять (ВР-48, GAP-019)",в паке ≈ 349 КБ RU + 175 КБ EN,CP-03; CP-02; CP-01; CP-15; art/imagegen/mvp-v1/reused-cardart.json (king-arthur:excalibur)
T_Card_king_arthur_feint,card,"HAND, COMBAT-EDGE, SLOT, INSPECT, DECKPANEL, ROOM «Просмотр колоды»","Карта «Feint» колоды King Arthur. Скан целиком в нашей рамке, текст поверх скана не рисуем (ВР-49); RU-сборка — RU-скан, EN — EN-скан (ВР-51); ИИ-апскейла нет, инспектор ≤ 1,6× (ВР-48). Id по ВР-RG04, статус по ВР-RG10","оригинальный арт (скрап), WebP → PNG скриптом","RU 287×398 WebP, EN 250×349 PNG → PNG RGBA → UE BC7 с mip (512² + 256×512)","/Game/S08/UI/Cards/king_arthur/T_Card_king_arthur_feint_{RU,EN}",-S08CardArtLegacy,технически импортировано,"по делегированию 2026-10-07, CP-03 (VS-3 0f5964c6)","оригинальный арт Unmatched (скрап): только внутренняя LAN-сборка, вне git, не распространять (ВР-48, GAP-019)",в паке ≈ 349 КБ RU + 175 КБ EN,CP-03; CP-02; CP-01; CP-15; art/imagegen/mvp-v1/reused-cardart.json (king-arthur:feint)
T_Card_king_arthur_momentous_shift,card,"HAND, COMBAT-EDGE, SLOT, INSPECT, DECKPANEL, ROOM «Просмотр колоды»","Карта «Momentous Shift» колоды King Arthur. Скан целиком в нашей рамке, текст поверх скана не рисуем (ВР-49); RU-сборка — RU-скан, EN — EN-скан (ВР-51); ИИ-апскейла нет, инспектор ≤ 1,6× (ВР-48). Id по ВР-RG04, статус по ВР-RG10","оригинальный арт (скрап), WebP → PNG скриптом","RU 287×398 WebP, EN 250×349 PNG → PNG RGBA → UE BC7 с mip (512² + 256×512)","/Game/S08/UI/Cards/king_arthur/T_Card_king_arthur_momentous_shift_{RU,EN}",-S08CardArtLegacy,технически импортировано,"по делегированию 2026-10-07, CP-03 (VS-3 0f5964c6)","оригинальный арт Unmatched (скрап): только внутренняя LAN-сборка, вне git, не распространять (ВР-48, GAP-019)",в паке ≈ 349 КБ RU + 175 КБ EN,CP-03; CP-02; CP-01; CP-15; art/imagegen/mvp-v1/reused-cardart.json (king-arthur:momentous-shift)
T_Card_king_arthur_noble_sacrifice,card,"HAND, COMBAT-EDGE, SLOT, INSPECT, DECKPANEL, ROOM «Просмотр колоды»","Карта «Noble Sacrifice» колоды King Arthur. Скан целиком в нашей рамке, текст поверх скана не рисуем (ВР-49); RU-сборка — RU-скан, EN — EN-скан (ВР-51); ИИ-апскейла нет, инспектор ≤ 1,6× (ВР-48). Id по ВР-RG04, статус по ВР-RG10","оригинальный арт (скрап), WebP → PNG скриптом","RU 287×398 WebP, EN 250×349 PNG → PNG RGBA → UE BC7 с mip (512² + 256×512)","/Game/S08/UI/Cards/king_arthur/T_Card_king_arthur_noble_sacrifice_{RU,EN}",-S08CardArtLegacy,технически импортировано,"по делегированию 2026-10-07, CP-03 (VS-3 0f5964c6)","оригинальный арт Unmatched (скрап): только внутренняя LAN-сборка, вне git, не распространять (ВР-48, GAP-019)",в паке ≈ 349 КБ RU + 175 КБ EN,CP-03; CP-02; CP-01; CP-15; art/imagegen/mvp-v1/reused-cardart.json (king-arthur:noble-sacrifice)
T_Card_king_arthur_prophecy,card,"HAND, COMBAT-EDGE, SLOT, INSPECT, DECKPANEL, ROOM «Просмотр колоды»","Карта «Prophecy» колоды King Arthur. Скан целиком в нашей рамке, текст поверх скана не рисуем (ВР-49); RU-сборка — RU-скан, EN — EN-скан (ВР-51); ИИ-апскейла нет, инспектор ≤ 1,6× (ВР-48). Id по ВР-RG04, статус по ВР-RG10","оригинальный арт (скрап), WebP → PNG скриптом","RU 287×398 WebP, EN 250×349 PNG → PNG RGBA → UE BC7 с mip (512² + 256×512)","/Game/S08/UI/Cards/king_arthur/T_Card_king_arthur_prophecy_{RU,EN}",-S08CardArtLegacy,технически импортировано,"по делегированию 2026-10-07, CP-03 (VS-3 0f5964c6)","оригинальный арт Unmatched (скрап): только внутренняя LAN-сборка, вне git, не распространять (ВР-48, GAP-019)",в паке ≈ 349 КБ RU + 175 КБ EN,CP-03; CP-02; CP-01; CP-15; art/imagegen/mvp-v1/reused-cardart.json (king-arthur:prophecy)
T_Card_king_arthur_regroup,card,"HAND, COMBAT-EDGE, SLOT, INSPECT, DECKPANEL, ROOM «Просмотр колоды»","Карта «Regroup» колоды King Arthur. Скан целиком в нашей рамке, текст поверх скана не рисуем (ВР-49); RU-сборка — RU-скан, EN — EN-скан (ВР-51); ИИ-апскейла нет, инспектор ≤ 1,6× (ВР-48). Id по ВР-RG04, статус по ВР-RG10","оригинальный арт (скрап), WebP → PNG скриптом","RU 287×398 WebP, EN 250×349 PNG → PNG RGBA → UE BC7 с mip (512² + 256×512)","/Game/S08/UI/Cards/king_arthur/T_Card_king_arthur_regroup_{RU,EN}",-S08CardArtLegacy,технически импортировано,"по делегированию 2026-10-07, CP-03 (VS-3 0f5964c6)","оригинальный арт Unmatched (скрап): только внутренняя LAN-сборка, вне git, не распространять (ВР-48, GAP-019)",в паке ≈ 349 КБ RU + 175 КБ EN,CP-03; CP-02; CP-01; CP-15; art/imagegen/mvp-v1/reused-cardart.json (king-arthur:regroup)
T_Card_king_arthur_restless_spirits,card,"HAND, COMBAT-EDGE, SLOT, INSPECT, DECKPANEL, ROOM «Просмотр колоды»","Карта «Restless Spirits» колоды King Arthur. Скан целиком в нашей рамке, текст поверх скана не рисуем (ВР-49); RU-сборка — RU-скан, EN — EN-скан (ВР-51); ИИ-апскейла нет, инспектор ≤ 1,6× (ВР-48). Id по ВР-RG04, статус по ВР-RG10","оригинальный арт (скрап), WebP → PNG скриптом","RU 287×398 WebP, EN 250×349 PNG → PNG RGBA → UE BC7 с mip (512² + 256×512)","/Game/S08/UI/Cards/king_arthur/T_Card_king_arthur_restless_spirits_{RU,EN}",-S08CardArtLegacy,технически импортировано,"по делегированию 2026-10-07, CP-03 (VS-3 0f5964c6)","оригинальный арт Unmatched (скрап): только внутренняя LAN-сборка, вне git, не распространять (ВР-48, GAP-019)",в паке ≈ 349 КБ RU + 175 КБ EN,CP-03; CP-02; CP-01; CP-15; art/imagegen/mvp-v1/reused-cardart.json (king-arthur:restless-spirits)
T_Card_king_arthur_skirmish,card,"HAND, COMBAT-EDGE, SLOT, INSPECT, DECKPANEL, ROOM «Просмотр колоды»","Карта «Skirmish» колоды King Arthur. Скан целиком в нашей рамке, текст поверх скана не рисуем (ВР-49); RU-сборка — RU-скан, EN — EN-скан (ВР-51); ИИ-апскейла нет, инспектор ≤ 1,6× (ВР-48). Id по ВР-RG04, статус по ВР-RG10","оригинальный арт (скрап), WebP → PNG скриптом","RU 287×398 WebP, EN 250×349 PNG → PNG RGBA → UE BC7 с mip (512² + 256×512)","/Game/S08/UI/Cards/king_arthur/T_Card_king_arthur_skirmish_{RU,EN}",-S08CardArtLegacy,технически импортировано,"по делегированию 2026-10-07, CP-03 (VS-3 0f5964c6)","оригинальный арт Unmatched (скрап): только внутренняя LAN-сборка, вне git, не распространять (ВР-48, GAP-019)",в паке ≈ 349 КБ RU + 175 КБ EN,CP-03; CP-02; CP-01; CP-15; art/imagegen/mvp-v1/reused-cardart.json (king-arthur:skirmish)
T_Card_king_arthur_swift_strike,card,"HAND, COMBAT-EDGE, SLOT, INSPECT, DECKPANEL, ROOM «Просмотр колоды»","Карта «Swift Strike» колоды King Arthur. Скан целиком в нашей рамке, текст поверх скана не рисуем (ВР-49); RU-сборка — RU-скан, EN — EN-скан (ВР-51); ИИ-апскейла нет, инспектор ≤ 1,6× (ВР-48). Id по ВР-RG04, статус по ВР-RG10","оригинальный арт (скрап), WebP → PNG скриптом","RU 287×398 WebP, EN 250×349 PNG → PNG RGBA → UE BC7 с mip (512² + 256×512)","/Game/S08/UI/Cards/king_arthur/T_Card_king_arthur_swift_strike_{RU,EN}",-S08CardArtLegacy,технически импортировано,"по делегированию 2026-10-07, CP-03 (VS-3 0f5964c6)","оригинальный арт Unmatched (скрап): только внутренняя LAN-сборка, вне git, не распространять (ВР-48, GAP-019)",в паке ≈ 349 КБ RU + 175 КБ EN,CP-03; CP-02; CP-01; CP-15; art/imagegen/mvp-v1/reused-cardart.json (king-arthur:swift-strike)
T_Card_king_arthur_the_aid_of_morgana,card,"HAND, COMBAT-EDGE, SLOT, INSPECT, DECKPANEL, ROOM «Просмотр колоды»","Карта «The Aid of Morgana» колоды King Arthur. Скан целиком в нашей рамке, текст поверх скана не рисуем (ВР-49); RU-сборка — RU-скан, EN — EN-скан (ВР-51); ИИ-апскейла нет, инспектор ≤ 1,6× (ВР-48). Id по ВР-RG04, статус по ВР-RG10","оригинальный арт (скрап), WebP → PNG скриптом","RU 287×398 WebP, EN 250×349 PNG → PNG RGBA → UE BC7 с mip (512² + 256×512)","/Game/S08/UI/Cards/king_arthur/T_Card_king_arthur_the_aid_of_morgana_{RU,EN}",-S08CardArtLegacy,технически импортировано,"по делегированию 2026-10-07, CP-03 (VS-3 0f5964c6)","оригинальный арт Unmatched (скрап): только внутренняя LAN-сборка, вне git, не распространять (ВР-48, GAP-019)",в паке ≈ 349 КБ RU + 175 КБ EN,CP-03; CP-02; CP-01; CP-15; art/imagegen/mvp-v1/reused-cardart.json (king-arthur:the-aid-of-morgana)
T_Card_king_arthur_the_holy_grail,card,"HAND, COMBAT-EDGE, SLOT, INSPECT, DECKPANEL, ROOM «Просмотр колоды»","Карта «The Holy Grail» колоды King Arthur. Скан целиком в нашей рамке, текст поверх скана не рисуем (ВР-49); RU-сборка — RU-скан, EN — EN-скан (ВР-51); ИИ-апскейла нет, инспектор ≤ 1,6× (ВР-48). Id по ВР-RG04, статус по ВР-RG10","оригинальный арт (скрап), WebP → PNG скриптом","RU 287×398 WebP, EN 250×349 PNG → PNG RGBA → UE BC7 с mip (512² + 256×512)","/Game/S08/UI/Cards/king_arthur/T_Card_king_arthur_the_holy_grail_{RU,EN}",-S08CardArtLegacy,технически импортировано,"по делегированию 2026-10-07, CP-03 (VS-3 0f5964c6)","оригинальный арт Unmatched (скрап): только внутренняя LAN-сборка, вне git, не распространять (ВР-48, GAP-019)",в паке ≈ 349 КБ RU + 175 КБ EN,CP-03; CP-02; CP-01; CP-15; art/imagegen/mvp-v1/reused-cardart.json (king-arthur:the-holy-grail)
T_Card_king_arthur_the_lady_of_the_lake,card,"HAND, COMBAT-EDGE, SLOT, INSPECT, DECKPANEL, ROOM «Просмотр колоды»","Карта «The Lady of the Lake» колоды King Arthur. Скан целиком в нашей рамке, текст поверх скана не рисуем (ВР-49); RU-сборка — RU-скан, EN — EN-скан (ВР-51); ИИ-апскейла нет, инспектор ≤ 1,6× (ВР-48). Id по ВР-RG04, статус по ВР-RG10","оригинальный арт (скрап), WebP → PNG скриптом","RU 287×398 WebP, EN 250×349 PNG → PNG RGBA → UE BC7 с mip (512² + 256×512)","/Game/S08/UI/Cards/king_arthur/T_Card_king_arthur_the_lady_of_the_lake_{RU,EN}",-S08CardArtLegacy,технически импортировано,"по делегированию 2026-10-07, CP-03 (VS-3 0f5964c6)","оригинальный арт Unmatched (скрап): только внутренняя LAN-сборка, вне git, не распространять (ВР-48, GAP-019)",в паке ≈ 349 КБ RU + 175 КБ EN,CP-03; CP-02; CP-01; CP-15; art/imagegen/mvp-v1/reused-cardart.json (king-arthur:the-lady-of-the-lake)
T_CardBack_king_arthur,card,"OPP-HAND, DECKS, слот защиты, буст рубашкой, INSPECT «Скрытая информация», CUE-010 до переворота","Рубашка карт King Arthur: оригинал по герою (Hero.imageUrl), логотип оставляем (ВР-50). Исходник 768×1051","оригинальный арт (скрап), WebP → PNG скриптом",PNG 768×1051 → UE 1024×2048 BC7,/Game/S08/UI/CardBacks/T_CardBack_king_arthur,-S08CardArtLegacy,технически импортировано,"по делегированию 2026-10-07, CP-05 (VS-3 0f5964c6)","оригинальный арт Unmatched (скрап): только внутренняя LAN-сборка, вне git, не распространять (ВР-48, GAP-019)","1 текстура ≈ 2,8 МБ; рука соперника до 10 рубашек одной текстуры",CP-05; CP-02; CP-01; HB-21
T_CardBack_medusa,card,"OPP-HAND, DECKS, слот защиты, буст рубашкой, INSPECT «Скрытая информация», CUE-010 до переворота","Рубашка карт Medusa: оригинал по герою (Hero.imageUrl), логотип оставляем (ВР-50). Исходник 768×1051","оригинальный арт (скрап), WebP → PNG скриптом",PNG 768×1051 → UE 1024×2048 BC7,/Game/S08/UI/CardBacks/T_CardBack_medusa,-S08CardArtLegacy,технически импортировано,"по делегированию 2026-10-07, CP-06 (VS-3 0f5964c6)","оригинальный арт Unmatched (скрап): только внутренняя LAN-сборка, вне git, не распространять (ВР-48, GAP-019)","1 текстура ≈ 2,8 МБ; рука соперника до 10 рубашек одной текстуры",CP-06; CP-02; CP-01; HB-21
ue-media-v1,card,"вход импорта карт, портретов и рубашек","Производные скрапа вне git: 54 скана карт RU и EN, 2 аватара, 2 картинки помощников, 2 рубашки. WebP → PNG без изменения пикселей (pixelEqual)",скрипт tools/art/cards/convert_card_media.py (оригинальный арт),60 PNG RGBA ≈ 25 МБ (scraped-data/derived/ue-media-v1/),— (вход импорта CP-02),—,технически импортировано,"по делегированию, CP-01 (VS-1 f942976a / VS-2 236658c8)","оригинальный арт Unmatched (скрап): только внутренняя LAN-сборка, вне git, не распространять (ВР-48, GAP-019)",прогон ≤ 30 с,CP-01; CP-02; art/cards-v1/media-convert-report.json
T_UmCardFrame_idle,card,"рука, бой у края, слот","Рамка карты, покой. Скан в окне — contain, пропорция скана ±1 px; подложка card.navy — слой под картой (ВР-VS2-CP-01, ВР-VS2-CP-07)",Codex (без генераций изображений),"PNG 9-slice ×1 и ×2, угол ≤ 13 px при ×1","/Game/S08/UI/Skins/CardFrame/T_UmCardFrame_idle_{x1,x2}","-S08CardArtLegacy; блоками -S08SlateHud=hand,combat,slot",художественно принято,"по делегированию, пакет Codex 95dc94e2, ревью в README пакета (ВР-VS2-81)","свой: пакет Codex по подписке, без генераций изображений",≤ 64 КБ на PNG; 14 PNG набора,CP-13; CP-14; art/imagegen/card-frame-v1-codex/vector/card-frame-idle-x1.png
T_UmCardFrame_hover,card,HAND: наведение,"Рамка карты, наведение. Скан в окне — contain, пропорция скана ±1 px; подложка card.navy — слой под картой (ВР-VS2-CP-01, ВР-VS2-CP-07)",Codex (без генераций изображений),"PNG 9-slice ×1 и ×2, угол ≤ 13 px при ×1","/Game/S08/UI/Skins/CardFrame/T_UmCardFrame_hover_{x1,x2}","-S08CardArtLegacy; блоками -S08SlateHud=hand,combat,slot",художественно принято,"по делегированию, пакет Codex 95dc94e2, ревью в README пакета (ВР-VS2-81)","свой: пакет Codex по подписке, без генераций изображений",≤ 64 КБ на PNG; 14 PNG набора,CP-13; CP-14; art/imagegen/card-frame-v1-codex/vector/card-frame-hover-x1.png
T_UmCardFrame_selected,card,"выбор для атаки, схемы, защиты, буста","Рамка карты, выбрано (бирюза state.pending). Скан в окне — contain, пропорция скана ±1 px; подложка card.navy — слой под картой (ВР-VS2-CP-01, ВР-VS2-CP-07)",Codex (без генераций изображений),"PNG 9-slice ×1 и ×2, угол ≤ 13 px при ×1","/Game/S08/UI/Skins/CardFrame/T_UmCardFrame_selected_{x1,x2}","-S08CardArtLegacy; блоками -S08SlateHud=hand,combat,slot",художественно принято,"по делегированию, пакет Codex 95dc94e2, ревью в README пакета (ВР-VS2-81)","свой: пакет Codex по подписке, без генераций изображений",≤ 64 КБ на PNG; 14 PNG набора,CP-13; CP-14; art/imagegen/card-frame-v1-codex/vector/card-frame-selected-x1.png
T_UmCardFrame_warning,card,сброс по лимиту (CP-19),"Рамка карты к сбросу: кромка state.warning. Скан в окне — contain, пропорция скана ±1 px; подложка card.navy — слой под картой (ВР-VS2-CP-01, ВР-VS2-CP-07)",Codex (без генераций изображений),"PNG 9-slice ×1 и ×2, угол ≤ 13 px при ×1","/Game/S08/UI/Skins/CardFrame/T_UmCardFrame_warning_{x1,x2}","-S08CardArtLegacy; блоками -S08SlateHud=hand,combat,slot",художественно принято,"по делегированию, пакет Codex 95dc94e2, ревью в README пакета (ВР-VS2-81)","свой: пакет Codex по подписке, без генераций изображений",≤ 64 КБ на PNG; 14 PNG набора,CP-13; CP-14; art/imagegen/card-frame-v1-codex/vector/card-frame-warning-x1.png
T_UmCardFrame_flash,card,розыгрыш карты CUE-006 (CP-21),"Рамка карты, вспышка розыгрыша 500 мс (ВР-74). Скан в окне — contain, пропорция скана ±1 px; подложка card.navy — слой под картой (ВР-VS2-CP-01, ВР-VS2-CP-07)",Codex (без генераций изображений),"PNG 9-slice ×1 и ×2, угол ≤ 13 px при ×1","/Game/S08/UI/Skins/CardFrame/T_UmCardFrame_flash_{x1,x2}","-S08CardArtLegacy; блоками -S08SlateHud=hand,combat,slot",художественно принято,"по делегированию, пакет Codex 95dc94e2, ревью в README пакета (ВР-VS2-81)","свой: пакет Codex по подписке, без генераций изображений",≤ 64 КБ на PNG; 14 PNG набора,CP-13; CP-14; art/imagegen/card-frame-v1-codex/vector/card-frame-flash-x1.png
T_UmCardFrame_focus,card,"фокус с клавиатуры, инспектор","Рамка карты, фокус. Скан в окне — contain, пропорция скана ±1 px; подложка card.navy — слой под картой (ВР-VS2-CP-01, ВР-VS2-CP-07)",Codex (без генераций изображений),"PNG 9-slice ×1 и ×2, угол ≤ 13 px при ×1","/Game/S08/UI/Skins/CardFrame/T_UmCardFrame_focus_{x1,x2}","-S08CardArtLegacy; блоками -S08SlateHud=hand,combat,slot",художественно принято,"по делегированию, пакет Codex 95dc94e2, ревью в README пакета (ВР-VS2-81)","свой: пакет Codex по подписке, без генераций изображений",≤ 64 КБ на PNG; 14 PNG набора,CP-13; CP-14; art/imagegen/card-frame-v1-codex/vector/card-frame-focus-x1.png
T_UmCardFrame_mini_idle,card,"мини-карта: фишка колоды, рука соперника","Мини-рамка карты, покой. Скан в окне — contain, пропорция скана ±1 px; подложка card.navy — слой под картой (ВР-VS2-CP-01, ВР-VS2-CP-07)",Codex (без генераций изображений),"PNG 9-slice ×1 и ×2, угол ≤ 13 px при ×1","/Game/S08/UI/Skins/CardFrame/T_UmCardFrame_mini_idle_{x1,x2}","-S08CardArtLegacy; блоками -S08SlateHud=hand,combat,slot",художественно принято,"по делегированию, пакет Codex 95dc94e2, ревью в README пакета (ВР-VS2-81)","свой: пакет Codex по подписке, без генераций изображений",≤ 64 КБ на PNG; 14 PNG набора,CP-13; CP-14; art/imagegen/card-frame-v1-codex/vector/card-frame-mini-idle-x1.png
M_UmCardFace,card,все показы карты,"Материал лица карты: скан в окне рамки, вписывание, затемнение «нельзя сыграть»","UE (материал, procedural)",Material,/Game/S08/UI/Common/M_UmCardFace,-S08CardArtLegacy,технически импортировано,"по делегированию 2026-10-07, CP-14 (VS-3 0f5964c6)",свой (код и материалы проекта),"≤ 25 инструкций пиксельного шейдера, 1 выборка текстуры",CP-14; CP-13
WBP_UmCard,card,"HAND, COMBAT-EDGE, SLOT, INSPECT, DECKPANEL, ROOM, DECKS","Виджет карты UUmCardWidget: показы и вписывание, кэп 1,6×, RU/EN, фолбэк; состояния покоя, наведение, выбор, фокус, буст рубашкой с чипом «+N», сброс по лимиту, переворот при CUE-010, вспышка CUE-006",UE (C++ BindWidget + WBP),WBP,/Game/S08/UI/Common/WBP_UmCard (UUmCardWidget),"-S08CardArtLegacy; блоками -S08SlateHud=hand,combat,slot,inspect",художественно принято,"по делегированию 2026-10-07, CP-15 (VS-3 0f5964c6)",свой (код и материалы проекта),"≤ 4 элемента на карту, рука 10 карт ≤ 40; ΔGT ≤ 0,03 мс на карту; лиц в памяти ≤ 32 ≈ 11 МБ",CP-15; CP-16; CP-17; CP-18; CP-19; CP-20; CP-21; FX-12; IC-01
figma-ready-scrape-copy,card,—,"Копия скрапа в git с 0641577c: 1575 карт, 70 аватаров, 69 рубашек, 77 миниатюр. Не наш объём, не трогаем, история git не переписывается (ВР-52); в игру не идёт",оригинальный арт (скрап),PNG и WebP,—,—,измерено,нет,"оригинальный арт Unmatched (скрап): только внутренняя LAN-сборка, вне git, не распространять (ВР-48, GAP-019); лежит в git вопреки ENV-U3 — решение за владельцем",—,docs/figma/figma-ready/
mvp-v1-card-frames,card,—,"Рамки и рубашки ImageGen mvp-v1 (22 файла, сланец и бронза). Предложение, помечено «перерисовать»; не используется",ImageGen (mvp-v1),PNG,—,—,предложено,нет,свой: ImageGen (встроенный в Codex); условия провайдера — уточнить: RESEARCH-2026-10-05.md §права,—,docs/unreal/contracts/hud/HUD-AND-ICONS.md; art/imagegen/mvp-v1/card-state-jobs.json
ASSET-PROPS-CARDS-001,card,—,Физические 3D-карты на диораме (CardFace/CardBack). Вне MVP: CUE-006 — анимация UMG рамки (ВР-74). Id по ВР-RG03,Blender (заглушка S05),"заглушка 62×86 uu, 24 tris",/Game/S05/Meshes/SM_S05_CardQuad (заглушка),—,предложено,нет,свой (код и материалы проекта),—,ASSET-PROPS-CARDS-001; docs/art-pipeline/asset-registry.json
T_Portrait_king_arthur,portrait,"PANEL-LOC/OPP, ROOM, загрузка, GAMEOVER, LOBBY","Портрет King Arthur из avatarUrl (800²), круг 80 su (ВР-47, ВР-71). Исходник измерен, в UE нет; сейчас монограмма (статус по ВР-RG10)","оригинальный арт (скрап), WebP → PNG скриптом",PNG 800² → UE 1024² BC7 с mip,/Game/S08/UI/Portraits/T_Portrait_king_arthur,-S08PortraitLegacy (монограмма),художественно принято,"по делегированию 2026-10-07, лист evidence/VISUAL/CP-09 (VS-2 236658c8)","оригинальный арт Unmatched (скрап): только внутренняя LAN-сборка, вне git, не распространять (ВР-48, GAP-019)","1 текстура ≈ 1,4 МБ",CP-09; CP-07; CP-08; CP-01; CP-02; HB-18
T_Portrait_king_arthur_merlin,portrait,"PANEL-LOC/OPP, ROOM, загрузка, GAMEOVER, LOBBY","Мини-портрет Merlin из sidekicks[].avatarUrl (128²), круг 40 su. Исходник измерен, в UE нет; сейчас монограмма (статус по ВР-RG10)","оригинальный арт (скрап), WebP → PNG скриптом",PNG 128² → UE 128² BC7 с mip,/Game/S08/UI/Portraits/T_Portrait_king_arthur_merlin,-S08PortraitLegacy (монограмма),художественно принято,"по делегированию 2026-10-07, лист evidence/VISUAL/CP-10 (VS-2 236658c8)","оригинальный арт Unmatched (скрап): только внутренняя LAN-сборка, вне git, не распространять (ВР-48, GAP-019)",1 текстура ≈ 22 КБ,CP-10; CP-07; CP-08; CP-01; CP-02; HB-18
T_Portrait_medusa,portrait,"PANEL-LOC/OPP, ROOM, загрузка, GAMEOVER, LOBBY","Портрет Medusa из avatarUrl (402²), круг 80 su. Исходник измерен, в UE нет; сейчас монограмма (статус по ВР-RG10)","оригинальный арт (скрап), WebP → PNG скриптом",PNG 402² → UE 512² BC7 с mip,/Game/S08/UI/Portraits/T_Portrait_medusa,-S08PortraitLegacy (монограмма),художественно принято,"по делегированию 2026-10-07, лист evidence/VISUAL/CP-11 (VS-2 236658c8)","оригинальный арт Unmatched (скрап): только внутренняя LAN-сборка, вне git, не распространять (ВР-48, GAP-019)","1 текстура ≈ 0,35 МБ",CP-11; CP-07; CP-08; CP-01; CP-02; HB-18
T_Portrait_medusa_harpies,portrait,"PANEL-LOC/OPP, ROOM, загрузка, GAMEOVER, LOBBY","Мини-портрет гарпий: одна картинка на троих (128²) и цифра 1–3 на значке (ВР-47, ВР-72). Исходник измерен, в UE нет; сейчас монограмма (статус по ВР-RG10)","оригинальный арт (скрап), WebP → PNG скриптом",PNG 128² → UE 128² BC7,/Game/S08/UI/Portraits/T_Portrait_medusa_harpies,-S08PortraitLegacy (монограмма),художественно принято,"по делегированию 2026-10-07, лист evidence/VISUAL/CP-12 (VS-2 236658c8)","оригинальный арт Unmatched (скрап): только внутренняя LAN-сборка, вне git, не распространять (ВР-48, GAP-019)",1 текстура ≈ 22 КБ на трёх; 2 элемента на мини-портрет,CP-12; CP-07; CP-08; CP-01; CP-02; HB-18
portrait-edge,portrait,все показы портрета 32…160 su,"Кромка круга портрета в 6 размерах и числа кадрирования portrait-crops.json (cx, cy, d) для 4 аватаров",Codex (без генераций изображений),"PNG portrait-edge-{32,40,64,80,120,160}-{x1,x2}; листы с аватарами вне git",— (числа → Config/Cards/S08CardMedia.json portraits.*.disc),—,художественно принято,"по делегированию, пакет Codex 165c3be7, ревью в README пакета (ВР-VS2-81)","свой: пакет Codex по подписке, без генераций изображений; листы с аватарами вне git (ВР-48)",Codex 1 пакет ≤ 30 МБ без concepts; SYNTX 0,CP-07; art/imagegen/portrait-crop-v1-codex/
M_UmPortraitDisc,portrait,все портреты,Материал круга портрета: аватар в круге; монограмма — фолбэк и откат,"UE (материал, procedural)",Material,/Game/S08/UI/Common/M_UmPortraitDisc,-S08PortraitLegacy,художественно принято,"по делегированию 2026-10-07, лист evidence/VISUAL/CP-08 (VS-2 236658c8)",свой (код и материалы проекта),"1 элемент на портрет (+1 кольцо хода); ≤ 30 инструкций PS; ΔGT ≤ 0,02 мс",CP-08
WBP_UmPortrait,portrait,"PANEL-LOC/OPP, ROOM, загрузка, GAMEOVER, LOBBY","Виджет портрета: круг 80 su героя и 40 su помощника, кольцо хода снаружи (ВР-71)",UE (C++ + WBP),WBP,/Game/S08/UI/Common/WBP_UmPortrait,-S08PortraitLegacy,художественно принято,"по делегированию 2026-10-07, лист evidence/VISUAL/CP-08 (VS-2 236658c8)",свой (код и материалы проекта),"ΔGT ≤ 0,02 мс на портрет",CP-08; HB-18
SK_KingArthur_H2LD,hero,поле: фигура King Arthur (обе доски),"Фигура v2 King Arthur, канон «коллекционная статуэтка» (ВР-08): меш, подставка SM_KingArthur_H2LD_Base, MI команд P1/P2 (акценты одежды и кольцо), риг Rig/SK_KingArthur_Skeleton. Вид по умолчанию по делегированию (GD-058 final 2026-10-03); арт-приёмки нет — лист K1/K2 обеих карт в фазе 3 (ВР-17, ВР-RG07). Хвост: кант плаща P1 сзади сливается с каймой (AN-35)",Tripo Studio → Blender → UE (CLI skeletal-adopt),"SkeletalMesh; текстуры 2K BC, N, ORM, MatID, TeamAccent, EdgeMask; MI ×8",/Game/PipelineCandidates/KingArthur/H2LD/Meshes/SK_KingArthur_H2LD,-S08HeroesLegacy (блок-аут ART-003),технически импортировано,нет,свой: Tripo Studio по своим концептам; условия Tripo — уточнить: аккаунт пользователя Tripo Studio,"LOD0 38 684 tris, 1 LOD, 1 слот, текстуры 2K (asset-registry)",ASSET-KING-ARTHUR-001; ASSET-KING-ARTHUR-001.WEAPON-SWORD; ASSET-KING-ARTHUR-001.ACCESSORIES; AN-23; AN-32; AN-35
SK_Merlin_H2LD,hero,поле: фигура Merlin (обе доски),"Фигура v2 Merlin (помощник Arthur): меш, подставка SM_Merlin_H2LD_Base, MI P1/P2, риг Rig/SK_Merlin_Skeleton. Вид по умолчанию по делегированию (GD-058 final 2026-10-03); арт-приёмки нет — лист K1/K2 обеих карт в фазе 3 (ВР-17, ВР-RG07)",Tripo Studio → Blender → UE (CLI skeletal-adopt),"SkeletalMesh; текстуры 2K BC, N, ORM, MatID, TeamAccent, EdgeMask (+ отладочные ZoneID/ZoneLUT); MI ×9",/Game/PipelineCandidates/Merlin/H2LD/Meshes/SK_Merlin_H2LD,-S08HeroesLegacy (блок-аут ART-003),технически импортировано,нет,свой: Tripo Studio по своим концептам; условия Tripo — уточнить: аккаунт пользователя Tripo Studio,"LOD0 33 967 tris, 1 LOD, 1 слот (asset-registry)",ASSET-MERLIN-001; ASSET-MERLIN-001.WEAPON-STAFF; AN-23; AN-32
SK_Medusa_H2LD,hero,поле: фигура Medusa (обе доски),"Фигура v2 Medusa: меш с луком, подставка SM_Medusa_H2LD_Base, MI P1/P2, риг Rig/SK_Medusa_Skeleton. Вид по умолчанию по делегированию (GD-058 final 2026-10-03); арт-приёмки нет — лист K1/K2 обеих карт в фазе 3 (ВР-17, ВР-RG07). Хвост: лицо на K2 1,6× не читается (голова 17,8 px, GD-058 FAIL) — AN-33",Tripo Studio → Blender → UE (CLI skeletal-adopt),"SkeletalMesh; текстуры 2K BC, N, ORM, MatID, TeamAccent, Edge; MI ×8",/Game/PipelineCandidates/Medusa/H2LD/Meshes/SK_Medusa_H2LD,-S08HeroesLegacy (кандидат Medusa),технически импортировано,нет,свой: Tripo Studio по своим концептам; условия Tripo — уточнить: аккаунт пользователя Tripo Studio,"уточнить: asset-registry.json ASSET-MEDUSA-001, слой H2LD (лук отдельно 1 197 tris)",ASSET-MEDUSA-001; ASSET-MEDUSA-001.WEAPON-BOW; ASSET-MEDUSA-001.ACCESSORIES; AN-23; AN-32; AN-33
SK_Harpy_H3LD,hero,поле: три гарпии (обе доски),"Фигура v2 Harpy: один тип — три экземпляра; подставка SM_Harpy_H3LD_Base, MI P1/P2, риг Rig/SK_Harpy_Skeleton. Номер 1–3 цифрой на подставке и в теге (ВР-07, ВР-72, AN-31). Вид по умолчанию по делегированию (GD-058 final 2026-10-03); арт-приёмки нет — лист K1/K2 обеих карт в фазе 3 (ВР-17, ВР-RG07). Хвост: тёмные маховые на ночном Marmoreal (AN-34)",Tripo Studio → Blender → UE (CLI skeletal-adopt),"SkeletalMesh; текстуры BC, N, ORM, MatID, TeamAccent, Edge; MI ×8",/Game/PipelineCandidates/Harpy/H3LD/Meshes/SK_Harpy_H3LD,-S08HeroesLegacy (блок-аут ART-003),технически импортировано,нет,свой: Tripo Studio по своим концептам; условия Tripo — уточнить: аккаунт пользователя Tripo Studio,LOD0 37 177 tris; подставка 22 × 22 × 5 uu (asset-registry),ASSET-HARPY-001; ASSET-HARPY-001.ACCESSORIES; AN-23; AN-31; AN-32; AN-34
SK_KingArthur_H2,hero,—,Предыдущий слой H2 фигуры King Arthur (TeamMask на всей одежде). Заменён H2LD; в игре не используется,Tripo Studio → Blender → UE,"SkeletalMesh + MI Blue/Red, текстуры BC, N, ORM, TeamMask",/Game/PipelineCandidates/KingArthur/H2/Meshes/SK_KingArthur_H2,—,технически импортировано,нет,свой: Tripo Studio по своим концептам; условия Tripo — уточнить: аккаунт пользователя Tripo Studio,—,ASSET-KING-ARTHUR-001
SK_Merlin_H2,hero,—,Предыдущий слой H2 фигуры Merlin (TeamMask на всей одежде). Заменён H2LD; в игре не используется,Tripo Studio → Blender → UE,"SkeletalMesh + MI Blue/Red, текстуры BC, N, ORM, TeamMask",/Game/PipelineCandidates/Merlin/H2/Meshes/SK_Merlin_H2,—,технически импортировано,нет,свой: Tripo Studio по своим концептам; условия Tripo — уточнить: аккаунт пользователя Tripo Studio,—,ASSET-MERLIN-001
SK_Medusa_FaceNeck_v2Candidate,hero,поле: Medusa (откат),Кандидат Medusa v2 (ArtPreview) с подставкой и MI Blue/Red/P1/P2; рядом эталон /Game/ART004 (вне git). Заменён фигурой v2; только откат,Tripo → Blender → UE,"SkeletalMesh, атлас BC/N/ORM",/Game/ArtPreview/Medusa/Meshes/SK_Medusa_FaceNeck_v2Candidate,живёт только при -S08HeroesLegacy,технически импортировано,нет,свой: Tripo Studio по своим концептам; условия Tripo — уточнить: аккаунт пользователя Tripo Studio,—,ASSET-MEDUSA-001
SM_ART003_<Hero>,hero,поле: фигуры (откат),"Серые блок-ауты ART-003: Arthur, Merlin, Medusa, Harpy. Заменены фигурами v2; только откат. Id-шаблон по ВР-RG06",Blender (блок-аут),StaticMesh ×4,"/Game/ArtTests/ART003/Meshes/SM_ART003_{Arthur,Merlin,Medusa,Harpy}",живёт только при -S08HeroesLegacy,технически импортировано,нет,свой (код и материалы проекта),—,ASSET-KING-ARTHUR-001; ASSET-MERLIN-001; ASSET-MEDUSA-001; ASSET-HARPY-001
ASSET-MARKERS-001.BASES,hero,поле: подставки фигур,Подставки команд SM_Base_Hero_P1/P2 и SM_Base_Sidekick_P1/P2 (576 tris каждая). У фигур v2 свои подставки SM_<Hero>_H2LD_Base; где живут общие подставки — уточнить: S08FighterActor.cpp. Id по ВР-RG03,Blender,StaticMesh ×4,"/Game/ArtTests/ARTMarkers/Meshes/SM_Base_{Hero,Sidekick}_{P1,P2}",—,технически импортировано,нет,свой (код и материалы проекта),576 tris на подставку,ASSET-MARKERS-001.BASES; docs/art-pipeline/asset-registry.json
M_UM_Figure_v2,hero,все фигуры v2,"Мастер фигуры v2.x и шаблон MI_UM_Figure_v2_Template. Каналы CPD: HitTint 12, Dissolve 13, DissolveStyle 14, Fade 11 (подставка). Rim 9–10 и FxFlash 5–8 кодом пока не пишутся (FX-05). Параметры Fix* для правок героев (AN-32)","UE (материал, скрипт ue_v2_master.py)",Material + MI,/Game/UM/Materials/v2/M_UM_Figure_v2,—,технически импортировано,нет,свой (код и материалы проекта),"ΔGPU каналов ≈ 0 (CPD, без доп. прохода)",FX-05; AN-29; AN-32; docs/art-pipeline/material-library/README.md
T_UM_DetailN_Array,hero,все фигуры v2,"Массивы деталей и LUT материалов: T_UM_DetailN_Array, T_UM_DetailRMH_Array, T_UM_MatLUT_Global, T_UM_MatID_Legacy. Собраны из библиотеки материалов UM v1 (22 набора CC0)","CC0 (ambientCG, Poly Haven) → скрипт",Texture2DArray 2K,/Game/UM/Materials/v2/Textures/T_UM_DetailN_Array,—,технически импортировано,нет,CC0: учёт в docs/art-pipeline/material-library/README.md,—,docs/art-pipeline/material-library/README.md
M_UM_Figure,hero,—,"Материалы UM v1: M_UM_Figure, M_UM_BaseMarker, M_UM_GameLayer, T_UM_Default_*, T_UM_Mask_*. Предшественники v2",UE (материал),Material + Texture,/Game/UM/Materials/M_UM_Figure,—,технически импортировано,нет,свой (код и материалы проекта),—,docs/art-pipeline/PIPELINE.md
MI_UM_v2_Test_<Name>,hero,—,"Тестовые MI и текстуры мастера v2 (классы 00–15, чекеры, акценты, сравнения Merlin). В игре не используются. Id-шаблон по ВР-RG06",UE (материал),MI ×66 + 4 текстуры,/Game/UM/Materials/v2/Test/,—,технически импортировано,нет,свой (код и материалы проекта),—,docs/art-pipeline/material-library/README.md
M_UM_BaseDigit,hero,поле: подставка гарпии,Материал диска с цифрой 1–3 на передней кромке подставки гарпии: card.cream на navy (ВР-72),"UE (материал + шрифт, скрипт base_digit_import.py)",Material,/Game/UM/Materials/v2/M_UM_BaseDigit,-S08BaseDigitLegacy,предложено,нет,свой (код и материалы проекта),"+2 примитива на гарпию (6 на три); ΔGPU ≤ 0,05 мс",AN-31
S08HeroLight,hero,поле: свет фигур,"Свет героев P9b (ART-014): key + rim на фигуру, Lighting Channel 1. Гейты D на Marmoreal FAIL; отзыв пользователя 2026-10-02: «Сейчас кажется, что они сильно пересвечены…». Перенастроить под нарисованный Marmoreal (ВР-57)",UE (C++ + профиль lightProfiles.*.heroLight),C++ и JSON профиля,S08HeroLight; lightProfiles.marmoreal-night.heroLight,-NoHeroLight,технически импортировано,нет,свой (код и материалы проекта),"≤ 2 источника на фигуру, ≤ 14 на доску, без теней; H5 ≤ +0,25 мс",AN-36; EN-14; docs/art-pipeline/ENV-HERO-LIGHT.md
ASSET-PLACEHOLDER-MANNEQUIN,hero,—,Серый манекен S05 — запасная фигурка. Id по ВР-RG03,Blender (S05),SkeletalMesh 1228 tris,/Game/S05/Meshes/SM_S05_Mannequin,—,предложено,нет,свой (код и материалы проекта),1228 tris,ASSET-PLACEHOLDER-MANNEQUIN; docs/art-pipeline/asset-registry.json
hero-quality-v1,hero,—,"Концепты look-dev героев (front, side, back): эталон вида «коллекционная статуэтка» (ВР-08)",ImageGen (Codex),PNG,—,—,предложено,нет,свой: ImageGen (встроенный в Codex); условия провайдера — уточнить: RESEARCH-2026-10-05.md §права,—,art/imagegen/hero-quality-v1/; docs/game-design/decisions/2026-09-29-lookdev-v2-decisions.md
mvp-v1-characters,hero,—,Референсы персонажей mvp-v1 (Medusa v5 front/left/back и др.) — вход Tripo,ImageGen (mvp-v1),PNG,—,—,предложено,нет,свой: ImageGen (встроенный в Codex); условия провайдера — уточнить: RESEARCH-2026-10-05.md §права,—,art/imagegen/mvp-v1/characters/
scratch-v1-merlin,hero,—,"Черновой Merlin scratch-v1. Заблокирован: IoU 0,42–0,59 при пороге 0,98",ImageGen,PNG,—,—,предложено,нет,свой: ImageGen (встроенный в Codex); условия провайдера — уточнить: RESEARCH-2026-10-05.md §права,—,art/imagegen/scratch-v1/merlin/
AM_KingArthur_Idle,anim,state:Idle; Idle идёт и при CUE-017,"Клип D-11 «покой» для King Arthur на риге UM_HUMANOID_17_v2, root motion выкл. Сделано (16d0bd69). По умолчанию; арт-приёмки нет — лист K1/K2 в фазе 3 (ВР-17, ВР-RG07)",Blender (H2Anim),"FBX 24 fps, 60 к.; AnimSequence",/Game/PipelineCandidates/KingArthur/H2Anim/AM_KingArthur_Idle,-S08HeroesLegacy,технически импортировано,нет,свой (код и материалы проекта),"2500 мс, 60 к.; 17 костей; ΔGPU 0",AN-01; AN-17; AN-18; ASSET-KING-ARTHUR-001; art/pipeline-candidates/ASSET-KING-ARTHUR-001/20260929-h2anim/export/AM_KingArthur_Idle.fbx
AM_KingArthur_LungeAttack,anim,"событие Lunge стадии боя (F-03), после слэма CUE-010 +300 мс","Клип D-11 «выпад» для King Arthur на риге UM_HUMANOID_17_v2, root motion выкл; AnimNotify Contact (07f606bd). Сделано (16d0bd69). По умолчанию; арт-приёмки нет — лист K1/K2 в фазе 3 (ВР-17, ВР-RG07)",Blender (H2Anim),"FBX 24 fps, 14 к.; AnimSequence",/Game/PipelineCandidates/KingArthur/H2Anim/AM_KingArthur_LungeAttack,-S08HeroesLegacy,технически импортировано,нет,свой (код и материалы проекта),"583 мс, 14 к.; 17 костей; ΔGPU 0",AN-02; AN-17; AN-18; ASSET-KING-ARTHUR-001; art/pipeline-candidates/ASSET-KING-ARTHUR-001/20260929-h2anim/export/AM_KingArthur_LungeAttack.fbx
AM_KingArthur_HitReact,anim,CUE-011: кадр контакта (notify Contact),"Клип D-11 «получение урона» для King Arthur на риге UM_HUMANOID_17_v2, root motion выкл. Сделано (16d0bd69). По умолчанию; арт-приёмки нет — лист K1/K2 в фазе 3 (ВР-17, ВР-RG07)",Blender (H2Anim),"FBX 24 fps, 10 к.; AnimSequence",/Game/PipelineCandidates/KingArthur/H2Anim/AM_KingArthur_HitReact,-S08HeroesLegacy,технически импортировано,нет,свой (код и материалы проекта),"417 мс, 10 к.; 17 костей; ΔGPU 0",AN-03; AN-17; AN-18; ASSET-KING-ARTHUR-001; art/pipeline-candidates/ASSET-KING-ARTHUR-001/20260929-h2anim/export/AM_KingArthur_HitReact.fbx
AM_KingArthur_DeathSettle,anim,"CUE-013: контакт + 450 мс, после HitReact (F-09)","Клип D-11 «смерть: поклон корпусом (ВР-14)» для King Arthur на риге UM_HUMANOID_17_v2, root motion выкл. Сделано (16d0bd69). По умолчанию; арт-приёмки нет — лист K1/K2 в фазе 3 (ВР-17, ВР-RG07)",Blender (H2Anim),"FBX 24 fps, 21 к.; AnimSequence",/Game/PipelineCandidates/KingArthur/H2Anim/AM_KingArthur_DeathSettle,-S08HeroesLegacy,технически импортировано,нет,свой (код и материалы проекта),"875 мс, 21 к.; 17 костей; ΔGPU 0",AN-04; AN-17; AN-18; ASSET-KING-ARTHUR-001; art/pipeline-candidates/ASSET-KING-ARTHUR-001/20260929-h2anim/export/AM_KingArthur_DeathSettle.fbx
AM_Merlin_Idle,anim,state:Idle; Idle идёт и при CUE-017,"Клип D-11 «покой» для Merlin на риге UM_HUMANOID_17_v2, root motion выкл. Сделано (16d0bd69). По умолчанию; арт-приёмки нет — лист K1/K2 в фазе 3 (ВР-17, ВР-RG07)",Blender (H2Anim),"FBX 24 fps, 72 к.; AnimSequence",/Game/PipelineCandidates/Merlin/H2Anim/AM_Merlin_Idle,-S08HeroesLegacy,технически импортировано,нет,свой (код и материалы проекта),"3000 мс, 72 к.; 17 костей; ΔGPU 0",AN-05; AN-17; AN-18; ASSET-MERLIN-001; art/pipeline-candidates/ASSET-MERLIN-001/20260929-h2anim/export/AM_Merlin_Idle.fbx
AM_Merlin_LungeAttack,anim,"событие Lunge стадии боя (F-03), после слэма CUE-010 +300 мс","Клип D-11 «выпад» для Merlin на риге UM_HUMANOID_17_v2, root motion выкл; AnimNotify Contact (07f606bd). Сделано (16d0bd69). По умолчанию; арт-приёмки нет — лист K1/K2 в фазе 3 (ВР-17, ВР-RG07)",Blender (H2Anim),"FBX 24 fps, 14 к.; AnimSequence",/Game/PipelineCandidates/Merlin/H2Anim/AM_Merlin_LungeAttack,-S08HeroesLegacy,технически импортировано,нет,свой (код и материалы проекта),"583 мс, 14 к.; 17 костей; ΔGPU 0",AN-06; AN-17; AN-18; ASSET-MERLIN-001; art/pipeline-candidates/ASSET-MERLIN-001/20260929-h2anim/export/AM_Merlin_LungeAttack.fbx
AM_Merlin_HitReact,anim,CUE-011: кадр контакта (notify Contact),"Клип D-11 «получение урона» для Merlin на риге UM_HUMANOID_17_v2, root motion выкл. Сделано (16d0bd69). По умолчанию; арт-приёмки нет — лист K1/K2 в фазе 3 (ВР-17, ВР-RG07)",Blender (H2Anim),"FBX 24 fps, 10 к.; AnimSequence",/Game/PipelineCandidates/Merlin/H2Anim/AM_Merlin_HitReact,-S08HeroesLegacy,технически импортировано,нет,свой (код и материалы проекта),"417 мс, 10 к.; 17 костей; ΔGPU 0",AN-07; AN-17; AN-18; ASSET-MERLIN-001; art/pipeline-candidates/ASSET-MERLIN-001/20260929-h2anim/export/AM_Merlin_HitReact.fbx
AM_Merlin_DeathSettle,anim,"CUE-013: контакт + 450 мс, после HitReact (F-09)","Клип D-11 «смерть: поклон корпусом (ВР-14)» для Merlin на риге UM_HUMANOID_17_v2, root motion выкл. Сделано (16d0bd69). По умолчанию; арт-приёмки нет — лист K1/K2 в фазе 3 (ВР-17, ВР-RG07)",Blender (H2Anim),"FBX 24 fps, 21 к.; AnimSequence",/Game/PipelineCandidates/Merlin/H2Anim/AM_Merlin_DeathSettle,-S08HeroesLegacy,технически импортировано,нет,свой (код и материалы проекта),"875 мс, 21 к.; 17 костей; ΔGPU 0",AN-08; AN-17; AN-18; ASSET-MERLIN-001; art/pipeline-candidates/ASSET-MERLIN-001/20260929-h2anim/export/AM_Merlin_DeathSettle.fbx
AM_Medusa_Idle,anim,state:Idle; Idle идёт и при CUE-017,"Клип D-11 «покой» для Medusa на риге UM_HUMANOID_17_v2, root motion выкл. Сделано (16d0bd69). По умолчанию; арт-приёмки нет — лист K1/K2 в фазе 3 (ВР-17, ВР-RG07)",Blender (H2Anim),"FBX 24 fps, 56 к.; AnimSequence",/Game/PipelineCandidates/Medusa/H2Anim/AM_Medusa_Idle,-S08HeroesLegacy,технически импортировано,нет,свой (код и материалы проекта),"2333 мс, 56 к.; 17 костей; ΔGPU 0",AN-09; AN-17; AN-18; ASSET-MEDUSA-001; art/pipeline-candidates/ASSET-MEDUSA-001/20260929-h2anim/export/AM_Medusa_Idle.fbx
AM_Medusa_LungeAttack,anim,"событие Lunge стадии боя (F-03), после слэма CUE-010 +300 мс","Клип D-11 «выпад» для Medusa на риге UM_HUMANOID_17_v2, root motion выкл; AnimNotify Contact (07f606bd). Сделано (16d0bd69). По умолчанию; арт-приёмки нет — лист K1/K2 в фазе 3 (ВР-17, ВР-RG07)",Blender (H2Anim),"FBX 24 fps, 14 к.; AnimSequence",/Game/PipelineCandidates/Medusa/H2Anim/AM_Medusa_LungeAttack,-S08HeroesLegacy,технически импортировано,нет,свой (код и материалы проекта),"583 мс, 14 к.; 17 костей; ΔGPU 0",AN-10; AN-17; AN-18; ASSET-MEDUSA-001; art/pipeline-candidates/ASSET-MEDUSA-001/20260929-h2anim/export/AM_Medusa_LungeAttack.fbx
AM_Medusa_HitReact,anim,CUE-011: кадр контакта (notify Contact),"Клип D-11 «получение урона» для Medusa на риге UM_HUMANOID_17_v2, root motion выкл. Сделано (16d0bd69). По умолчанию; арт-приёмки нет — лист K1/K2 в фазе 3 (ВР-17, ВР-RG07)",Blender (H2Anim),"FBX 24 fps, 10 к.; AnimSequence",/Game/PipelineCandidates/Medusa/H2Anim/AM_Medusa_HitReact,-S08HeroesLegacy,технически импортировано,нет,свой (код и материалы проекта),"417 мс, 10 к.; 17 костей; ΔGPU 0",AN-11; AN-17; AN-18; ASSET-MEDUSA-001; art/pipeline-candidates/ASSET-MEDUSA-001/20260929-h2anim/export/AM_Medusa_HitReact.fbx
AM_Medusa_DeathSettle,anim,"CUE-013: контакт + 450 мс, после HitReact (F-09)","Клип D-11 «смерть: поклон корпусом (ВР-14)» для Medusa на риге UM_HUMANOID_17_v2, root motion выкл. Сделано (16d0bd69). По умолчанию; арт-приёмки нет — лист K1/K2 в фазе 3 (ВР-17, ВР-RG07)",Blender (H2Anim),"FBX 24 fps, 21 к.; AnimSequence",/Game/PipelineCandidates/Medusa/H2Anim/AM_Medusa_DeathSettle,-S08HeroesLegacy,технически импортировано,нет,свой (код и материалы проекта),"875 мс, 21 к.; 17 костей; ΔGPU 0",AN-12; AN-17; AN-18; ASSET-MEDUSA-001; art/pipeline-candidates/ASSET-MEDUSA-001/20260929-h2anim/export/AM_Medusa_DeathSettle.fbx
AM_Harpy_Idle,anim,state:Idle; Idle идёт и при CUE-017,"Клип D-11 «покой» для Harpy ×3 на риге UM_HUMANOID_17_v2, root motion выкл. Сделано (16d0bd69). По умолчанию; арт-приёмки нет — лист K1/K2 в фазе 3 (ВР-17, ВР-RG07)",Blender (H2Anim),"FBX 24 fps, 48 к.; AnimSequence",/Game/PipelineCandidates/Harpy/H2Anim/AM_Harpy_Idle,-S08HeroesLegacy,технически импортировано,нет,свой (код и материалы проекта),"2000 мс, 48 к.; 17 костей; ΔGPU 0",AN-13; AN-17; AN-18; ASSET-HARPY-001; art/pipeline-candidates/ASSET-HARPY-001/20260929-h2anim/export/AM_Harpy_Idle.fbx
AM_Harpy_LungeAttack,anim,"событие Lunge стадии боя (F-03), после слэма CUE-010 +300 мс","Клип D-11 «выпад» для Harpy ×3 на риге UM_HUMANOID_17_v2, root motion выкл; AnimNotify Contact (07f606bd). Сделано (16d0bd69). По умолчанию; арт-приёмки нет — лист K1/K2 в фазе 3 (ВР-17, ВР-RG07)",Blender (H2Anim),"FBX 24 fps, 14 к.; AnimSequence",/Game/PipelineCandidates/Harpy/H2Anim/AM_Harpy_LungeAttack,-S08HeroesLegacy,технически импортировано,нет,свой (код и материалы проекта),"583 мс, 14 к.; 17 костей; ΔGPU 0",AN-14; AN-17; AN-18; ASSET-HARPY-001; art/pipeline-candidates/ASSET-HARPY-001/20260929-h2anim/export/AM_Harpy_LungeAttack.fbx
AM_Harpy_HitReact,anim,CUE-011: кадр контакта (notify Contact),"Клип D-11 «получение урона» для Harpy ×3 на риге UM_HUMANOID_17_v2, root motion выкл. Сделано (16d0bd69). По умолчанию; арт-приёмки нет — лист K1/K2 в фазе 3 (ВР-17, ВР-RG07)",Blender (H2Anim),"FBX 24 fps, 10 к.; AnimSequence",/Game/PipelineCandidates/Harpy/H2Anim/AM_Harpy_HitReact,-S08HeroesLegacy,технически импортировано,нет,свой (код и материалы проекта),"417 мс, 10 к.; 17 костей; ΔGPU 0",AN-15; AN-17; AN-18; ASSET-HARPY-001; art/pipeline-candidates/ASSET-HARPY-001/20260929-h2anim/export/AM_Harpy_HitReact.fbx
AM_Harpy_DeathSettle,anim,"CUE-013: контакт + 450 мс, после HitReact (F-09)","Клип D-11 «смерть: поклон корпусом (ВР-14)» для Harpy ×3 на риге UM_HUMANOID_17_v2, root motion выкл. Сделано (16d0bd69). По умолчанию; арт-приёмки нет — лист K1/K2 в фазе 3 (ВР-17, ВР-RG07)",Blender (H2Anim),"FBX 24 fps, 21 к.; AnimSequence",/Game/PipelineCandidates/Harpy/H2Anim/AM_Harpy_DeathSettle,-S08HeroesLegacy,технически импортировано,нет,свой (код и материалы проекта),"875 мс, 21 к.; 17 костей; ΔGPU 0",AN-16; AN-17; AN-18; ASSET-HARPY-001; art/pipeline-candidates/ASSET-HARPY-001/20260929-h2anim/export/AM_Harpy_DeathSettle.fbx
PROC_Anim_StepGlide,anim,CUE-007: перемещение,"Шаг скольжением: 280 мс на ребро, кап 1400 мс на бойца, PLACE 240 мс (F-02, DE-021). Id по ВР-RG02",UE (C++),C++ аналитическая кривая,"FS08MoveAnim, FS08MoveAnimParams (S08MoveAnim.h)",—,технически импортировано,нет,свой (код и материалы проекта),0 мс GT сверх кривой,AN-21; docs/game-design/de-footage/task/01-decisions.md
PROC_Anim_StepHop,anim,CUE-007: перемещение,"Подскок при шаге 0 (ВР-10, ответ на AB-1). Сделано (18593b2b)",UE (C++),параметр C++,FS08MoveAnimParams::HopHeightRel (S08MoveAnim.h),обзорный параметр -S08MoveHop=<rel>,художественно принято,"по делегированию 2026-10-06 (ВР-10, выбор AB-1)",свой (код и материалы проекта),0,AN-19
PROC_Anim_StepLean,anim,CUE-007: перемещение,"Наклон 10° по ходу, вход 60 мс (ВР-11, ответ на AB-2). Сделано (ac66e754, 18593b2b)",UE (C++),параметр C++,FS08MoveAnimParams::TravelLeanDeg (S08MoveAnim.h),обзорный параметр -S08MoveLean=<deg>,художественно принято,"по делегированию 2026-10-06 (ВР-11, выбор AB-2)",свой (код и материалы проекта),0,AN-20
PROC_Anim_StepEase,anim,CUE-007: перемещение,"Ease-in на первом ребре и ease-out на последнем по 80 мс, средние рёбра линейные (ВР-12, ответ на AB-3). Сейчас только A/B -S08MoveEase; по умолчанию станет в AN-21 (статус по ВР-RG08)",UE (C++),параметр C++,"FS08MoveAnimParams, FS08MoveAnim::Sample (S08MoveAnim.h/.cpp)",-S08MoveEaseLegacy (после AN-21),технически импортировано,"по делегированию 2026-10-06 (ВР-12, выбор AB-3)",свой (код и материалы проекта),0 мс GT; длительность пути не меняется,AN-21; AN-22
AN-22-step-sheet,anim,CUE-007: перемещение,"Схема шага: позы и тайминги (560 мс до прибытия, 710 с возвратом, s(80) = 1/6 ребра). Эталон для AN-21",Codex (без генераций изображений),PNG 1920×1080 RGBA + серый,— (Codex в UE не пишет),—,предложено,нет,"свой: пакет Codex по подписке, без генераций изображений",Codex 1 пакет; 0 генераций; SYNTX 0,AN-22; art/imagegen/anim-move-sheet-codex/vector/AN-22-step-sheet.png
PROC_Anim_FacingIdle,anim,поле: покой фигуры,В покое фигура вполоборота к камере (≤ 45° от оси камеры) с наклоном к ближайшему врагу; спиной никогда (ВР-06). Сейчас правило полуполя: часть фигур стоит спиной. Черновик wip/art012-facing-2026-10-04 не берём,UE (C++),C++ процедурно,"S08Facing (новый), AS08FighterActor::ApplyFigureFacing",-S08FacingLegacy,предложено,нет,свой (код и материалы проекта),"≤ 0,01 мс GT на 6 фигур, только по событиям; ΔGPU 0",AN-23; AN-26
PROC_Anim_FaceTarget,anim,бой: событие Face за 120 мс до Lunge,Разворот к цели за 120 мс до выпада внутри паузы «счёт» 300 мс; бой не удлиняется (ВР-06),UE (C++),C++ процедурно,"AS08FighterActor::PlayFaceTarget, FS09CombatStage (событие Face)",-S08FacingLegacy,предложено,нет,свой (код и материалы проекта),"120 мс внутри паузы; ≤ 0,01 мс GT",AN-24; AN-26
PROC_Anim_FaceReturn,anim,бой: конец LungeAttack,Возврат вполоборота за 150 мс после выпада (ВР-06),UE (C++),C++ процедурно,AS08FighterActor::OnHeroClipFinished,-S08FacingLegacy,предложено,нет,свой (код и материалы проекта),"0 мс сверх клипа; ≤ 0,01 мс GT",AN-25; AN-26
AN-26-facing-sheet,anim,поле и бой: поворот,"Схема поворота: покой вполоборота, разворот к цели, возврат. Эталон для AN-23…AN-25",Codex (без генераций изображений),PNG 1920×1080 RGBA + серый,— (Codex в UE не пишет),—,предложено,нет,"свой: пакет Codex по подписке, без генераций изображений",Codex 1 пакет; 0 генераций; SYNTX 0,AN-26; art/imagegen/anim-facing-sheet-codex/vector/AN-26-facing-sheet.png
PROC_Anim_CombatStaging,anim,CUE-010 → CUE-011: стадия боя,"Постановка удара на фигурах: выпад в резолве, контакт по notify, HitReact; бой ≈ 3,9 с (F-01, F-03). Шкала принята по делегированию (прогон C, DE-018); вид удара меняет FX-19. Сделано (c3a12838, 4280bd01)",UE (C++),C++ постановка,"FS09CombatStage, AS08FighterActor::PlayHeroClip / PlayHitTint",нет (принятая шкала F-01),технически импортировано,нет,свой (код и материалы проекта),"бой ≈ 3,9 с + 0,6 с на строку эффекта",AN-27
PROC_Anim_DeathStaging,anim,CUE-013: стадия смерти,"Смерть по этапам от кадра контакта: HitReact 450 → DeathSettle → неподвижность → растворение; удар → экран ≈ 3,1 с, вживую 3167 мс (F-09, DE-019). Шкала принята по делегированию (прогон C). Сделано (38ca9f13, 002bfd01)",UE (C++),C++ постановка,"AS08FighterActor::BeginHeroDeath, S09DeathStage",—,технически импортировано,нет,свой (код и материалы проекта),"удар → экран ≈ 3,1 с",AN-28
AN-30-death-sheet,anim,CUE-013: смерть,Схема смерти по этапам с «пеплом» от кадра контакта. Эталон для AN-29 и NS_FX_AshEmbers,Codex (без генераций изображений),PNG 1920×1080 RGBA + серый,— (Codex в UE не пишет),—,предложено,нет,"свой: пакет Codex по подписке, без генераций изображений",Codex 1 пакет; 0 генераций; SYNTX 0,AN-30; art/imagegen/anim-death-sheet-codex/vector/AN-30-death-sheet.png
animation-refs,anim,—,"24 видео-референса анимаций SYNTX (Kling, Seedance), 157,5 токена. Поля лицензии в manifest нет. Mocap не заводим (ВР-15)","SYNTX (Kling, Seedance)",MP4,—,—,измерено,нет,"SYNTX Kling, Seedance: оферта пп. 9.1, 9.4, 3.3 и условия провайдера — ссылку и дату записать до генерации; коммерческих прав не заявляем; только LAN-сборка (ВР-05); поле лицензии — уточнить: docs/art-pipeline/animation-refs/manifest.json","157,5 токена SYNTX (потрачено)",docs/art-pipeline/animation-refs/manifest.json
mvp-v1-animation-concepts,anim,—,"Концепты анимаций mvp-v1. Предложение, не используется",ImageGen (mvp-v1),PNG,—,—,предложено,нет,свой: ImageGen (встроенный в Codex); условия провайдера — уточнить: RESEARCH-2026-10-05.md §права,—,art/imagegen/mvp-v1/animation-concepts/
M_FX_Print,vfx,"общий материал систем CUE-007, 008, 011, 012, 013, 014","Материал печатного спрайта: плоско, жёсткая кромка, 2–3 тона из токенов fx.*, без бликов (ВР-19, ВР-73). 7 MI систем","UE (материал, procedural; импорт fx_import.py)",Material + 7 MI,/Game/S08/FX/Materials/M_FX_Print,"-S08FxLegacy выключает системы, материал остаётся",предложено,нет,свой (код и материалы проекта),≤ 40 инструкций пикселя; 1 draw call на эмиттер; без доп. проходов,FX-02; FX-01
NET_UM_Combat,vfx,все Niagara CUE,"Тип эффекта UNiagaraEffectType боевых систем (CUE-011…CUE-014) с бюджетом: ≤ 3 боевых систем одновременно, детерминизм и сид (ВР-25)",UE (Niagara effect type),UNiagaraEffectType,/Game/S08/FX/EffectTypes/NET_UM_Combat,-S08FxLegacy,предложено,нет,свой (код и материалы проекта),"прогрев ≤ 300 мс; спавн ≤ 0,05 мс GT на систему; первый показ без кадра > 33 мс",FX-03; FX-04; FX-37
NET_UM_Board,vfx,все Niagara CUE,"Тип эффекта UNiagaraEffectType систем поля (CUE-007, CUE-008) с бюджетом: ≤ 3 боевых систем одновременно, детерминизм и сид (ВР-25)",UE (Niagara effect type),UNiagaraEffectType,/Game/S08/FX/EffectTypes/NET_UM_Board,-S08FxLegacy,предложено,нет,свой (код и материалы проекта),"прогрев ≤ 300 мс; спавн ≤ 0,05 мс GT на систему; первый показ без кадра > 33 мс",FX-03; FX-04; FX-37
NS_FX_Dust,vfx,CUE-007: посадка на последнюю клетку пути,"Пыль из плоских дисков на конечной клетке (ВР-74); материал MI_FX_Dust. Стиль «печатный», ≤ 600 мс, камера неподвижна (ВР-19)","UE Niagara (procedural, Claude)","NiagaraSystem CPU, детерминизм",/Game/S08/FX/Board/NS_FX_Dust,-S08FxLegacy,художественно принято,"по делегированию 2026-10-08, FX-13 (VS-6 29dcc089)",свой (код и материалы проекта),"≤ 5 спрайтов; 1 draw call; ΔGPU ≤ 0,03 мс; худший набор ≤ 1,0 мс (ВР-25)",FX-13; FX-01; FX-03; FX-04; FX-37
NS_FX_AttackChevrons,vfx,CUE-008: объявление атаки,"Три шеврона на земле от атакующего к цели (ВР-74); материал MI_FX_Chevron. Стиль «печатный», ≤ 600 мс, камера неподвижна (ВР-19)","UE Niagara (procedural, Claude)","NiagaraSystem CPU, детерминизм",/Game/S08/FX/Board/NS_FX_AttackChevrons,-S08FxLegacy,художественно принято,"по делегированию 2026-10-08, FX-16 (VS-6 29dcc089)",свой (код и материалы проекта),"3 спрайта; 1 draw call; ΔGPU ≤ 0,02 мс; худший набор ≤ 1,0 мс (ВР-25)",FX-16; FX-01; FX-03; FX-04; FX-37
NS_FX_HitStar,vfx,CUE-011: контакт + 70 мс,"Звезда-всплеск удара: тёплый #FFB45C у точки контакта и кремовый обод 300 мс после белой вспышки (ВР-20); флипбук T_FX_HitStar_4x2, материал MI_FX_HitStar. Стиль «печатный», ≤ 600 мс, камера неподвижна (ВР-19)","UE Niagara (procedural, Claude)","NiagaraSystem CPU, детерминизм",/Game/S08/FX/Combat/NS_FX_HitStar,-S08FxLegacy,художественно принято,"по делегированию 2026-10-08, FX-21 (VS-6 29dcc089)",свой (код и материалы проекта),"≤ 4 спрайта; 1 draw call; ΔGPU ≤ 0,05 мс (две ≤ 0,10); худший набор ≤ 1,0 мс (ВР-25)",FX-21; FX-23; FX-01; FX-03; FX-04; FX-37
NS_FX_HealMotes,vfx,CUE-012: показ лечения,"3–5 поднимающихся точек fx.heal #8CE69A рядом с «+N»; зелёной заливки фигуры нет (ВР-67). Событие CUE-012 сейчас не подаётся — добавит FX-25. Стиль «печатный», ≤ 600 мс, камера неподвижна (ВР-19)","UE Niagara (procedural, Claude)","NiagaraSystem CPU, детерминизм",/Game/S08/FX/Combat/NS_FX_HealMotes,-S08FxLegacy (точки; «+N» остаётся),художественно принято,"по делегированию 2026-10-08, FX-24 (VS-6 29dcc089)",свой (код и материалы проекта),"≤ 5 спрайтов; 1 draw call; ΔGPU ≤ 0,02 мс; худший набор ≤ 1,0 мс (ВР-25)",FX-24; FX-25; FX-01; FX-03; FX-04; FX-37
NS_FX_AshEmbers,vfx,CUE-013: этап растворения,"Угольки «пепла» ≤ 40 частиц, 600 мс (ВР-13); материал MI_FX_Ember. Стиль «печатный», ≤ 600 мс, камера неподвижна (ВР-19)","UE Niagara (procedural, Claude)","NiagaraSystem CPU, детерминизм",/Game/S08/FX/Combat/NS_FX_AshEmbers,"-S08DissolveFade, -S08FxLegacy",художественно принято,"по делегированию 2026-10-08, FX-26 (VS-6 29dcc089)",свой (код и материалы проекта),"≤ 40 частиц; 1 draw call; ΔGPU ≤ 0,05 мс; худший набор ≤ 1,0 мс (ВР-25)",FX-26; FX-27; AN-30; FX-01; FX-03; FX-04; FX-37
NS_FX_MedusaVortex,vfx,CUE-014: способность Medusa,"Вихрь на модели Medusa и вспышка сердца цели; луча нет (ВР-22); флипбук T_FX_MedusaVortex_4x4, MI_FX_Vortex, стадия FS09AbilityStage. Стиль «печатный», ≤ 600 мс, камера неподвижна (ВР-19)","UE Niagara (procedural, Claude)","NiagaraSystem CPU, детерминизм",/Game/S08/FX/Combat/NS_FX_MedusaVortex,-S08FxLegacy,художественно принято,"по делегированию 2026-10-08, FX-30 (VS-6 29dcc089)",свой (код и материалы проекта),"2 спрайта; 1 draw call; ΔGPU ≤ 0,05 мс; худший набор ≤ 1,0 мс (ВР-25)",FX-30; FX-28; FX-01; FX-03; FX-04; FX-37
NS_FX_ArthurArc,vfx,CUE-014: способность Arthur (переворот карты с бустом),"Короткая золотая дуга у меча (ВР-22); флипбук T_FX_ArthurArc_4x4, MI_FX_Arc. Стиль «печатный», ≤ 600 мс, камера неподвижна (ВР-19)","UE Niagara (procedural, Claude)","NiagaraSystem CPU, детерминизм",/Game/S08/FX/Combat/NS_FX_ArthurArc,-S08FxLegacy,художественно принято,"по делегированию 2026-10-08, FX-32 (VS-6 29dcc089)",свой (код и материалы проекта),"1 спрайт; 1 draw call; ΔGPU ≤ 0,03 мс; худший набор ≤ 1,0 мс (ВР-25)",FX-32; FX-28; FX-01; FX-03; FX-04; FX-37
T_FX_HitStar_4x2,vfx,CUE-011,"Флипбук звезды-всплеска 4×2, маска R/G/B под 2–3 тона fx.*. Без мазка кисти и брызг туши (ВР-09)","Codex (≤ 2 генерации image_gen, вектор в _tools/)","PNG 1024×512 RGBA (маска R/G/B) → UE BC7, sRGB off",/Game/S08/FX/Textures/T_FX_HitStar_4x2,-S08FxLegacy,художественно принято,"по делегированию 2026-10-08, FX-20 (VS-6 29dcc089)",Codex image_gen: условия провайдера и дату записать до генерации; коммерческих прав не заявляем; только LAN-сборка (ВР-05),"Codex 1 пакет, ≤ 2 генерации; запас SYNTX gpt-image-2 1K ≤ 2 × 2 токена",FX-20; FX-21; art/imagegen/fx-hitstar-codex/vector/T_FX_HitStar_4x2.png
T_FX_MedusaVortex_4x4,vfx,CUE-014 (Medusa),"Флипбук вихря Medusa 4×4, маска R/G/B; без луча (ВР-22). Без мазка кисти и брызг туши (ВР-09)","Codex (≤ 2 генерации image_gen, вектор в _tools/)","PNG 1024×1024 RGBA (маска R/G/B) → UE BC7, sRGB off",/Game/S08/FX/Textures/T_FX_MedusaVortex_4x4,-S08FxLegacy,художественно принято,"по делегированию 2026-10-08, FX-29 (VS-6 29dcc089)",Codex image_gen: условия провайдера и дату записать до генерации; коммерческих прав не заявляем; только LAN-сборка (ВР-05),"Codex 1 пакет, ≤ 2 генерации; запас SYNTX gpt-image-2 1K ≤ 2 × 2 токена",FX-29; FX-30; art/imagegen/fx-vortex-codex/vector/T_FX_MedusaVortex_4x4.png
T_FX_ArthurArc_4x4,vfx,CUE-014 (Arthur),"Флипбук золотой дуги меча Arthur 4×4, маска R/G/B. Без мазка кисти и брызг туши (ВР-09)","Codex (≤ 2 генерации image_gen, вектор в _tools/)","PNG 1024×1024 RGBA (маска R/G/B) → UE BC7, sRGB off",/Game/S08/FX/Textures/T_FX_ArthurArc_4x4,-S08FxLegacy,художественно принято,"по делегированию 2026-10-08, FX-31 (VS-6 29dcc089)",Codex image_gen: условия провайдера и дату записать до генерации; коммерческих прав не заявляем; только LAN-сборка (ВР-05),"Codex 1 пакет, ≤ 2 генерации; запас SYNTX gpt-image-2 1K ≤ 2 × 2 токена",FX-31; FX-32; art/imagegen/fx-arc-codex/vector/T_FX_ArthurArc_4x4.png
PROC_Vfx_RimHover,vfx,CUE-001: наведение на фигуру,Обод наведения на фигуре через канал Rim 9–10 мастера v2. Клетка без фигуры — подложка MS-T-08. Id по ВР-RG02,UE (C++ + канал материала),CPD Rim,AS08FighterActor::PlayRim; M_UM_Figure_v2 (Rim),-S08FxLegacy,предложено,нет,свой (код и материалы проекта),ΔGPU ≈ 0; 0 draw calls,FX-06; FX-05
PROC_Vfx_DefenseRim,vfx,CUE-009: защита сыграна,Кремовый импульс обода защитника 300 мс плюс слот в HUD (ВР-23). Id по ВР-RG02,UE (C++ + канал материала),CPD Rim,AS08FighterActor::PlayRim (строка CUE-009),-S08FxLegacy,технически импортировано,"по делегированию 2026-10-08, FX-17 (VS-6 29dcc089)",свой (код и материалы проекта),ΔGPU ≈ 0,FX-17; FX-05
PROC_Vfx_HitFlash,vfx,CUE-011: кадр контакта,"Удар: белая вспышка фигуры 70 мс, затем кремовый обод 300 мс (ВР-20). Заменяет красную заливку CPD_HitTint. Id по ВР-RG02",UE (C++ + канал материала),CPD FxFlash,AS08FighterActor::PlayHitFx; M_UM_Figure_v2 (FxFlash),-S08HitTintLegacy (вернёт красную заливку),технически импортировано,"по делегированию 2026-10-08, FX-19 (VS-6 29dcc089)",свой (код и материалы проекта),ΔGPU ≈ 0 (CPD),FX-19; FX-23; FX-05
CPD_HitTint,vfx,CUE-011: урон,"Красная заливка всей фигуры 450/550 мс (DE-010, канал 12). Вид пользователю не показывали; красный плащ Arthur с ней сливается. По ВР-20 уходит в откат",UE (C++ + канал материала),CPD 12,AS08FighterActor::PlayHitTint; M_UM_Figure_v2 (HitTint),станет -S08HitTintLegacy после FX-19,технически импортировано,нет,свой (код и материалы проекта),ΔGPU ≈ 0,FX-19; AN-27
S08CuePostProcess,vfx,"CUE-016, CUE-017, CUE-018","Постпроцесс исхода и связи: CUE-016 грейд 500 мс — тёплый при победе, холодный с −20 % насыщенности при поражении, виньетка 0,25; CUE-017 −30 % насыщенности; CUE-018 возврат цвета (ВР-24). Сейчас при исходе только UI-затемнение",UE (C++),C++ компонент game mode (тонмаппер),S08CuePostProcess (Source/Unmatched/S08/Fx/S08CuePostProcess.*),-S08FxLegacy,художественно принято,"по делегированию 2026-10-08, FX-34 (VS-6 29dcc089)",свой (код и материалы проекта),"ΔGPU ≤ 0,05 мс при 1080p, без доп. прохода",FX-34; FX-35; FX-36
MI_<Key>_<Stage>_<Look>_Dissolve,vfx,CUE-013: растворение фигуры,"8 MIC растворения фигур v2 (по MI тела P1/P2 каждого героя). Сейчас по умолчанию fade, «пепел» — только флагом; AN-29 сделает «пепел» видом по умолчанию (DissolveFrontColor в M_UM_Figure_v2). Сделано (002bfd01). Статус по ВР-RG08, id-шаблон по ВР-RG06","UE (материал, скрипт de011.py)",MIC ×8,/Game/UM/Materials/v2/Dissolve/MI_<Key>_<Stage>_<Look>_Dissolve,-S08DissolveFade (после AN-29; сейчас «пепел» только -S08DissolveAsh),технически импортировано,"по делегированию 2026-10-06 (ВР-13, выбор AB-4 «пепел»)",свой (код и материалы проекта),"ΔGPU «пепла» против fade ≤ 0,1 мс на шести фигурах; с угольками — в бюджете ≤ 1 мс",AN-29; AN-28; FX-27; AN-30
mvp-v1-vfx,vfx,—,"Концепты VFX mvp-v1: 26 файлов, 5 флипбуков; дефекты альфы. Предложение, не используется",ImageGen (mvp-v1),"PNG, флипбуки",—,—,предложено,нет,свой: ImageGen (встроенный в Codex); условия провайдера — уточнить: RESEARCH-2026-10-05.md §права,—,art/imagegen/mvp-v1/vfx/
de011-dissolve-concepts,vfx,CUE-013,"Концепты Codex растворения DE-011: A «пепел» — выбран (ВР-13), B «дым» — не делаем",Codex,PNG,—,—,предложено,нет,Codex image_gen: условия провайдера и дату записать до генерации; коммерческих прав не заявляем; только LAN-сборка (ВР-05),—,art/imagegen/hud-icons-de012-codex/de011/
T_Marmoreal_Map_BC_4K,board,поле партии (доска Marmoreal original),"Иллюстрация карты Marmoreal original на подносе (31 клетка, 42 связи, Board c121b47f8d6eb28daccb76d05): BC 4K, игровая маска, SDF, SpaceID, MI_Marmoreal_MapBoard. Исходник 1337×866 из скрапа, вне git (ENV-U3)","оригинальный арт (скрап), скрипт tools/art/map_surface","Texture 4K: BC, GameMask, GameSDF, SpaceID; MI",/Game/EnvMaps/Marmoreal/T_Marmoreal_Map_BC_4K,-S08GreyBoard (серая доска),технически импортировано,нет,"оригинальный арт Unmatched (скрап): только внутренняя LAN-сборка, вне git, не распространять (ВР-48, GAP-019)",уточнить: VRAM четырёх текстур 4K — tools/art/map_surface/manifest.marmoreal.json,tools/art/map_surface/manifest.marmoreal.json; backend/prisma/fixtures/boards/marmoreal.topology.json
T_Sarpedon_Map_BC_4K,board,поле партии (доска Sarpedon original),"Иллюстрация карты Sarpedon original на подносе (38 клеток, 61 связь, Board c7fa64a26c29a0835f2383e63): BC 4K, игровая маска, SDF, SpaceID, MI_Sarpedon_MapBoard. Исходник 1337×866 из скрапа, вне git (ENV-U3)","оригинальный арт (скрап), скрипт tools/art/map_surface","Texture 4K: BC, GameMask, GameSDF, SpaceID; MI",/Game/EnvMaps/Sarpedon/T_Sarpedon_Map_BC_4K,-S08GreyBoard (серая доска),технически импортировано,нет,"оригинальный арт Unmatched (скрап): только внутренняя LAN-сборка, вне git, не распространять (ВР-48, GAP-019)",уточнить: VRAM четырёх текстур 4K — tools/art/map_surface/manifest.sarpedon.json,tools/art/map_surface/manifest.sarpedon.json; backend/prisma/fixtures/boards/sarpedon.topology.json
M_MapBoard,board,поле обеих карт,Мастер-материал доски-карты,UE (материал),Material,/Game/EnvMaps/M_MapBoard,-S08GreyBoard,технически импортировано,нет,свой (код и материалы проекта),—,unreal/Unmatched/Config/ArtBoards/S08ArtBoardProfiles.json
M_MapContactShadow,board,поле обеих карт,Материал контактной тени на доске,UE (материал),Material,/Game/EnvMaps/M_MapContactShadow,—,технически импортировано,нет,свой (код и материалы проекта),—,unreal/Unmatched/Content/EnvMaps/
M_MapFrameWood,board,рамка карты (фолбэк),"Деревянные бруски рамки — фолбэк, если модули frame-002 не импортированы",UE (материал),Material,/Game/EnvMaps/M_MapFrameWood,живёт только без импорта frame-002,технически импортировано,нет,свой (код и материалы проекта),—,ASSET-MAP-FRAME-002
ASSET-MAP-FRAME-002,board,рамка обеих карт,"Тяжёлая модульная рамка карты frame-002: 20 модулей (угол, сегменты A/B/Mid), железо BC/N/ORM. Ширина выбрана лично 2026-10-01 («4b оставить»); арт-приёмки нет. Id по ВР-RG03",Blender → UE (ue_import_map_frame.py),"StaticMesh ×4 вида, MI_MapFrame002_Iron, текстуры","/Game/EnvMaps/Frame/SM_MapFrame002_{Corner,SegA,SegB,SegMid}",без импорта → бруски M_MapFrameWood,технически импортировано,нет,уточнить: asset-registry.json ASSET-MAP-FRAME-002 (source3d),"модули 584–1030 tris, ≈ 14,4 тыс. на доску",ASSET-MAP-FRAME-002; docs/art-pipeline/asset-registry.json
ASSET-MARKERS-001.RINGS,board,"CUE-002 выбор, CUE-008 цель, статус","Кольцо выбора V-05 SM_Marker_SelectionRing, кольцо цели SM_Marker_TargetRing (сейчас красные дуги, HI-11), маркер статуса SM_Marker_Status. Ромб лидера — уточнить ассет: S08FighterActor.cpp:160-164. Id по ВР-RG03",Blender,StaticMesh ×3,"/Game/ArtTests/ARTMarkers/Meshes/SM_Marker_{SelectionRing,TargetRing,Status}",—,технически импортировано,нет,свой (код и материалы проекта),1 draw call на кольцо,ASSET-MARKERS-001.RINGS; FX-07; FX-15
ASSET-MARKERS-001.TEAMRING,board,поле: кольцо команды под фигурой,"Кольца команд: P1 круг #E8C06A, P2 шестигранник #5A7F9F с разрывами; MI Fill, Keyline, Rim. Место цвета — лично 2026-09-29 («Акценты + кольцо (Recommended)»); форма и hex приняты как есть (ВР-31, ВР-41). Id по ВР-RG03",Blender,StaticMesh ×2 + MI ×3,"/Game/ArtTests/ARTMarkers/Meshes/SM_Marker_TeamRing_{P1,P2}",-S08GreyBoard; A/B -S08TeamColorMode=relative,художественно принято,по делегированию 2026-10-06 (ВР-31),свой (код и материалы проекта),—,ASSET-MARKERS-001.TEAMRING; docs/game-design/decisions/2026-09-29-board-readability-decisions.md
M_UM_MovePlate,board,"манёвр: досягаемость, V-17, PENDING V-11/V-12, CUE-003","Подложки хода MS-T-08 на одной ISM (4 канала, 9c8f92b7): досягаемость #FFC857, выбор бирюза #4CD2DC для V-17, V-11, V-12 (ВР-27), импульс подтверждения CUE-003. Сейчас только -S08MovePlates; станут видом по умолчанию после кадра на обеих досках (ВР-28, MS-T-27)","UE (материал, ue_move_plate_material.py)","Material, ISM",/Game/S08/MoveSelection/M_UM_MovePlate (S08MoveHighlight),-S08MovePlatesLegacy (старое кольцо P4); бирюза — -S08ChoiceLegacy,технически импортировано,нет,свой (код и материалы проекта),"draw calls подложек ≤ 7 (MS-AT-41); ΔGPU ≤ 0,30 мс",FX-08; FX-09; docs/game-design/move-selection/03-ux-spec.md
PROC_Board_ReachRingP4,board,манёвр: досягаемость (сейчас по умолчанию),"Старое кольцо досягаемости ENV P4: #FFC857, обводка #14110C, актор на клетку. Станет откатом подложек (ВР-28). Id по ВР-RG02",UE (C++),акторы колец,S08BoardActor (кольца P4),станет -S08MovePlatesLegacy,технически импортировано,нет,свой (код и материалы проекта),актор на клетку,FX-08; FX-09
SM_LastMoveArrow,board,ход соперника: V-14/V-15,"След последнего хода соперника: пунктир пути и наконечник-стрелка цвета команды соперника, 1,5 с, затем гаснет (ВР-29). Сейчас слабый контур MS-T-17 за флагом",UE (меш + канал LastPath),StaticMesh + канал ISM,/Game/S08/MoveSelection/SM_LastMoveArrow; S08MoveHighlight (LastPath),-S08LastMoveLegacy (контур MS-T-17),художественно принято,"по делегированию 2026-10-08, FX-14 (VS-6 29dcc089)",свой (код и материалы проекта),"draw calls подложек со следом ≤ 7; ΔGPU ≤ 0,05 мс",FX-14
MI_FX_SelectionRing,board,CUE-002: выбор своей фигуры,Кольцо выбора V-05 в языке поля (родитель M_S08_GameLayerUnlit),UE (MI),MaterialInstance,/Game/S08/FX/Materials/MI_FX_SelectionRing,-S08ChoiceLegacy,художественно принято,"по делегированию 2026-10-08, FX-07 (VS-6 29dcc089)",свой (код и материалы проекта),1 draw call; ΔGPU ≈ 0,FX-07
MI_FX_TargetArc,board,CUE-008: цель атаки,"Дуги цели cream #F9EBDB с тёмной кромкой плюс жетон атаки v3; красный у цели убран (ВР-30, HI-11)",UE (MI),MaterialInstance,/Game/S08/FX/Materials/MI_FX_TargetArc,-S08TargetArcLegacy,художественно принято,"по делегированию 2026-10-08, FX-15 (VS-6 29dcc089)",свой (код и материалы проекта),≤ 2 draw calls; ΔGPU ≈ 0,FX-15; IC-35
M_S08_GameLayerUnlit,board,игровой слой поля,Неосвещённый материал игрового слоя поля; родитель MI колец,UE (материал),Material,/Game/S08/Render/M_S08_GameLayerUnlit,—,технически импортировано,нет,свой (код и материалы проекта),—,FX-07; FX-15
MI_ART005_Zone_<Key>,board,поле: кромки и глифы зон,Кромки и штрихи зон (D-4) и меши глифов ключей зон из ART-005. Профиль zoneStyles (11 ключей) ссылается на эти MI и меши. Id-шаблон по ВР-RG06,"UE (MI + StaticMesh, ART-005)","MI ×13, StaticMesh ×22",/Game/ArtTests/ART005/Zones/,—,технически импортировано,нет,свой (код и материалы проекта),—,unreal/Unmatched/Config/ArtBoards/S08ArtBoardProfiles.json; docs/game-design/decisions/2026-09-29-board-readability-decisions.md
ASSET-BOARD-COBBLE-001,board,— (синтетика),"Синтетическая доска Cobble City 5×6, угловые накладки и пробы камня и дерева ART-005. Доказательством не считается, для новых прогонов не используется (AGENTS.md). Id по ВР-RG03",Blender + CC0,"StaticMesh, текстуры 1024",/Game/ArtTests/ART005*/,—,технически импортировано,нет,свой (код и материалы проекта),—,ASSET-BOARD-COBBLE-001; ASSET-BOARD-COBBLE-001.CORNER-BRACKET
M_S08_Tile,board,серая доска (откат),"Серая доска: M_S08_Tile, M_S08_Solid. Только откат",UE (материал),Material ×2,/Game/S08/M_S08_Tile,живёт только при -S08GreyBoard,технически импортировано,нет,свой (код и материалы проекта),—,AGENTS.md
S08Arena,board,уровень партии,"Уровень партии S08: доска, фигуры и окружение собираются кодом по профилю",UE (уровень),UMap,/Game/S08/S08Arena,—,технически импортировано,нет,свой (код и материалы проекта),—,unreal/Unmatched/Content/S08/S08Arena.umap
S05-reference,board,—,"Старый срез S05: Reference.umap, M_DioramaMaster, 22 MI, меши-заглушки, SK_Medusa S05, 4 клипа Medusa и тест root motion. Заменён; не используется",UE / Blender (заглушки),"UMap, Material, MI, StaticMesh, SkeletalMesh",/Game/S05/,—,технически импортировано,нет,свой (код и материалы проекта),—,unreal/Unmatched/Content/S05/
S01-smoke,board,—,"Смоук-тест S01: куб, глиняный материал, карта Smoke. Не используется",UE,"UMap, Material, StaticMesh",/Game/S01/,—,технически импортировано,нет,свой (код и материалы проекта),—,unreal/Unmatched/Content/S01/
move-selection-v1,board,—,"Концепты подбора хода v1 (ImageGen, 9 концептов). Отклонено лично 2026-10-03: «Используй реальные карты и изображения героев из бэкэнда. Они у нас уже есть в админке». Статус по ВР-RG09",ImageGen (Codex),PNG 1536×1024,—,—,предложено,нет,свой: ImageGen (встроенный в Codex); условия провайдера — уточнить: RESEARCH-2026-10-05.md §права,—,art/imagegen/move-selection-v1/README.md
move-selection-v2,board,—,"Макеты подбора хода v2 на реальных данных (PNG вне git). Устарели: нет V-17, Bahnschrift, глифы v2, pending фиолетовый. Не пересобираем (ВР-33)",скрипт card_icons.py,PNG вне git (scraped-data/derived/move-selection/),—,—,предложено,нет,свой (код и материалы проекта); макеты с данными скрапа вне git (ВР-48),—,art/imagegen/move-selection-v2/README.md
SM_TableBase_T2b,env,диорама (только P5c),"Поднос-основание диорамы T2b и земля CC0. В git — кандидат 20260928 (SM_TableBase), T2 и T2b — вне git. Виден только в P5c; глубина выбрана лично 2026-10-01 («4a оставить»). По ВР-56 — только откат",Tripo Studio → Blender → UE,"StaticMesh, текстура 2K PBR",/Game/PipelineCandidates/TableBase/T2b/SM_TableBase_T2b,виден только при -NoConceptPaste (P5c),технически импортировано,нет,свой: Tripo Studio по своим концептам; условия Tripo — уточнить: аккаунт пользователя Tripo Studio,12 774 tris,ASSET-TABLE-BASE-001; docs/art-pipeline/asset-registry.json
ASSET-DECOR-KIT-001.BARREL,env,—,Бочка — кандидат Blender пилота P1.5; в UE не импортирована. Вне очереди P0…P7. Id по ВР-RG03,Tripo Studio → Blender,FBX-кандидат,— (в UE нет),—,измерено,нет,свой: Tripo Studio по своим концептам; условия Tripo — уточнить: аккаунт пользователя Tripo Studio,3 790 tris,ASSET-DECOR-KIT-001.BARREL; docs/art-pipeline/asset-registry.json
ASSET-DECOR-KIT-001.LANTERN,env,—,Фонарь — кандидат Blender; UE-этап отложен. Вне очереди P0…P7. Id по ВР-RG03,Tripo Studio → Blender,FBX-кандидат,— (в UE нет),—,измерено,нет,свой: Tripo Studio по своим концептам; условия Tripo — уточнить: аккаунт пользователя Tripo Studio,4 486 tris,ASSET-DECOR-KIT-001.LANTERN; docs/art-pipeline/asset-registry.json
ASSET-DECOR-KIT-001.FACADES,env,—,"Фасады A/B/C — модульное окружение, кандидат Blender. Вне очереди P0…P7. Id по ВР-RG03",Tripo Studio → Blender,FBX-кандидат,— (в UE нет),—,измерено,нет,свой: Tripo Studio по своим концептам; условия Tripo — уточнить: аккаунт пользователя Tripo Studio,372 / 236 / 264 tris,ASSET-DECOR-KIT-001.FACADES; docs/art-pipeline/asset-registry.json
ASSET-DECOR-KIT-001.CRATE,env,—,Ящик — кандидат Blender. Вне очереди P0…P7. Id по ВР-RG03,Tripo Studio → Blender,FBX-кандидат,— (в UE нет),—,измерено,нет,свой: Tripo Studio по своим концептам; условия Tripo — уточнить: аккаунт пользователя Tripo Studio,3 104 tris,ASSET-DECOR-KIT-001.CRATE; docs/art-pipeline/asset-registry.json
ASSET-ENV-KIT-001,env,окружение P5c обеих карт,"Кит окружения ENV-MAPS: пропсы Tripo по периметру карт (P1 — 14, P5 — 8), земля M_EnvGround со splat-картами, мастер M_EnvProp. Основа раскладок P5c. Id по ВР-RG03",Tripo Studio → Blender → UE,"StaticMesh, MI, текстуры BC/N/ORM","/Game/EnvKit/{Marmoreal,Sarpedon,Ground,Shared}",Marmoreal: только при -NoConceptPaste после EN-13; Sarpedon: -EnvLayoutVariant=p5c,технически импортировано,нет,свой: Tripo Studio по своим концептам; условия Tripo — уточнить: аккаунт пользователя Tripo Studio,уточнить: asset-registry.json ASSET-ENV-KIT-001,ASSET-ENV-KIT-001; EN-24; docs/art-pipeline/asset-registry.json
ASSET-ENV-KIT-001.FAB,env,окружение обеих карт,"Производные паков Fab в раскладках: /Game/EnvKit/Fab (меши, ночные MI) и /Game/EnvKit/FX (Niagara NS_Env_*). Id по ВР-RG03",Fab-паки → скрипты env_kit,"StaticMesh, MI, Niagara",/Game/EnvKit/Fab; /Game/EnvKit/FX,"-ArtPreviewNoFx (только FX, A/B)",технически импортировано,нет,"Fab Standard (личное) и CC BY 4.0 — по пакам, см. строки паков",уточнить: asset-registry.json ASSET-ENV-KIT-001.FAB,ASSET-ENV-KIT-001.FAB; EN-24; docs/art-pipeline/asset-registry.json
ASSET-ENV-KIT-001.USERFAB,env,раскладки *.user (только пользователь),"NoAI-вариант раскладки только для пользователя: Megaplants Yoshino Cherry, камни StyleHex. Агент текстуры и кадры не открывает и в генерацию не подаёт. Id по ВР-RG03",Fab-паки NoAI → скрипты env_kit,"StaticMesh, MI",/Game/EnvKit/UserFab,только раскладки *.user.layout.json,технически импортировано,нет,"Fab Standard, NoAI: не подавать в ИИ (бриф §6)",—,ASSET-ENV-KIT-001.USERFAB; docs/art-pipeline/asset-registry.json
ASSET-ENV-M-BACKWALL-001,env,Marmoreal P5c,"Задняя мраморная стена дворца Marmoreal (BayDoor, BayWindows, Centre), окна светятся эмиссив-маской. Часть P5c: по ВР-56 только откат. Приёмка ENV-U15 заменена ENV-U16. Id по ВР-RG03",Blender → UE,"StaticMesh ×3, MI, текстуры BC/E/N/ORM","/Game/EnvKit/Marmoreal/SM_Env_BackWall_{BayDoor,BayWindows,Centre}",виден только при -NoConceptPaste после EN-13,технически импортировано,нет,уточнить: asset-registry.json ASSET-ENV-M-BACKWALL-001 (source3d),9 408–9 696 tris на модуль,ASSET-ENV-M-BACKWALL-001; docs/art-pipeline/asset-registry.json
ASSET-ENV-S-WATERFALL-001,env,Sarpedon: водопад и море,"Водопад и море Sarpedon: лист, пена, выступ, кольцо моря; материалы M_EnvSea и M_EnvWaterfall на текстурах Water Materials. Id по ВР-RG03",Blender → UE,"StaticMesh ×4, MI ×2","/Game/EnvKit/Ground/Sarpedon/SM_Env_S_{Waterfall,WaterfallFoam,WaterfallLip,SeaRing}",-EnvLayoutVariant=p5c (вид целиком),технически импортировано,нет,CC BY 4.0 (tharlevfx Water Materials): атрибуция в CREDITS-fab.md,"≈ 6,8 тыс. tris",ASSET-ENV-S-WATERFALL-001; EN-19; docs/art-pipeline/asset-registry.json
ASSET-ENV-CONCEPT-PASTE-001,env,вклейка концепта обеих карт,"Вклейка концепта: листы рельефа SM_Sarpedon_ConceptSheet и SM_Marmoreal_ConceptSheet, головы фонарей SM_EnvCP_LanternHead, ткань знамени, железные пушки (светлый вариант MI_EnvCP_CannonIron_Port — EN-23). Id по ВР-RG03",Blender → UE (ue_import_concept_paste.py),"StaticMesh, MI","/Game/EnvKit/ConceptPaste/; /Game/EnvMaps/{Marmoreal,Sarpedon}/ConceptPaste/SM_*_ConceptSheet",-NoConceptPaste; Sarpedon -ConceptPaste=paste,технически импортировано,нет,свой (код и материалы проекта),"SM_Sarpedon_ConceptSheet 10 564 tris, SM_Marmoreal_ConceptSheet 7 486",ASSET-ENV-CONCEPT-PASTE-001; EN-07; EN-21; EN-23; docs/art-pipeline/asset-registry.json
SM_Env_S_Island,env,Sarpedon: остров (lit3d по умолчанию),"Остров Sarpedon (P8, lit3d путь 1): освещённая 3D-масса под de-lit альбедо концепта. Направление — лично 2026-10-04 («lit3d — путь 1»); вид P10 — по делегированию (РД-3), FAIL SSIM корабля 0,442, G2, G4, G6; арт-приёмки нет",Blender → UE (concept_scene),"StaticMesh, MI_Env_S_Island, текстуры BC/N/ORM",/Game/EnvMaps/Sarpedon/Scene/SM_Env_S_Island,"-ConceptPaste=paste, -EnvLayoutVariant=p5c",технически импортировано,нет,свой (код и материалы проекта); альбедо — производная концепта (вне git),16 899 tris,ASSET-ENV-S-ISLAND-001; docs/art-pipeline/asset-registry.json
SM_Env_S_Ship,env,Sarpedon: корабль,"Корабль Sarpedon: корпус из Poly Haven dutch_ship_large_01, мачты собраны по пикселям рисунка; SSIM к концепту 0,442 при пороге 0,45 (EN-23). Направление — лично 2026-10-04 («lit3d — путь 1»); вид P10 — по делегированию (РД-3), FAIL SSIM корабля 0,442, G2, G4, G6; арт-приёмки нет",Poly Haven CC0 → Blender (ship_build.py) → UE,"StaticMesh, MI_Env_S_Ship, текстуры BC/N/ORM",/Game/EnvMaps/Sarpedon/Scene/SM_Env_S_Ship,-EnvLayoutVariant=p5c (вид целиком),технически импортировано,нет,CC0 (Poly Haven dutch_ship_large_01) + свой,5 822 tris (предел ship.maxTris 40 000),ASSET-ENV-S-SHIP-001; EN-23; EN-20; docs/art-pipeline/CREDITS-fab.md
SM_Env_S_Fort,env,Sarpedon: руины форта,"Руины форта Sarpedon: блоки по силуэту рисунка (fort_build.py). Направление — лично 2026-10-04 («lit3d — путь 1»); вид P10 — по делегированию (РД-3), FAIL SSIM корабля 0,442, G2, G4, G6; арт-приёмки нет",Blender (fort_build.py) → UE,"StaticMesh, MI_Env_S_Fort, текстуры BC/N/ORM",/Game/EnvMaps/Sarpedon/Scene/SM_Env_S_Fort,-EnvLayoutVariant=p5c (вид целиком),технически импортировано,нет,свой (код и материалы проекта),1 892 tris,ASSET-ENV-S-FORT-001; docs/art-pipeline/asset-registry.json
ASSET-ENV-S-PROPS-001,env,Sarpedon: пропсы сцены,"Пропсы сцены Sarpedon: частокол, сваи, знамя SM_Env_S_Banner, тёмная полоса рамы, каскад SM_Env_S_Cascade и пена SM_Env_S_CascadeFoam (MI_EnvScene_FallsSheet, _FallsFoam). Хвосты P10: белые струи каскада (EN-19), знамя на 20 % длиннее (EN-20), камни у края (EN-24). Направление — лично 2026-10-04 («lit3d — путь 1»); вид P10 — по делегированию (РД-3), FAIL SSIM корабля 0,442, G2, G4, G6; арт-приёмки нет. Id по ВР-RG03",Blender (concept_scene) → UE,"StaticMesh, MI",/Game/EnvMaps/Sarpedon/Scene/,-EnvLayoutVariant=p5c (вид целиком),технически импортировано,нет,свой (код и материалы проекта),"Palisade 1 286, Piles 3 484, Banner 828 tris; каскад ≤ 12 000",ASSET-ENV-S-PROPS-001; EN-19; EN-20; EN-24; docs/art-pipeline/asset-registry.json
M_EnvScene,env,Sarpedon lit3d,"Мастера сцены lit3d: M_EnvScene, M_EnvScene_Masked, MPC_EnvScene; проекционные MI скал, дерева, листвы",UE (материал),"Material ×2, MPC, MI",/Game/EnvMaps/Scene/M_EnvScene,-EnvLayoutVariant=p5c (вид целиком),технически импортировано,нет,свой (код и материалы проекта),—,ASSET-ENV-S-ISLAND-001
NS_Env_CherryPetals,env,Marmoreal: лепестки сакуры,"Падающие лепестки сакуры (SoftTofu NS_leaf, цвет и масштаб под ночь). В P5c Marmoreal; на нарисованном Marmoreal — 2 системы × ≤ 40 частиц (EN-09, ВР-55). Без источников света",Fab-пак → ue_import_fab_fx.py (производная),NiagaraSystem CPU,/Game/EnvKit/FX/NS_Env_CherryPetals,-ArtPreviewNoFx (A/B); вид целиком — откат карты,технически импортировано,нет,CC BY 4.0 (SoftTofuVFX): атрибуция в CREDITS-fab.md и notices клиента (ВР-26),"2 системы × ≤ 40 частиц, CPU, фиксированный сид; ΔGPU ≤ 0,05 мс на K1",EN-09; EN-15; ASSET-ENV-KIT-001.FAB; tools/art/env_kit/ue_import_fab_fx.py
NS_Env_Fireflies,env,Marmoreal и Sarpedon: светлячки,Светлячки (SoftTofu NS_Sparkling_Animate_2). В P5c обеих карт; на нарисованном Marmoreal — 2 системы × ≤ 24 частиц (EN-11). Без источников света,Fab-пак → ue_import_fab_fx.py (производная),NiagaraSystem CPU,/Game/EnvKit/FX/NS_Env_Fireflies,-ArtPreviewNoFx (A/B); вид целиком — откат карты,технически импортировано,нет,CC BY 4.0 (SoftTofuVFX): атрибуция в CREDITS-fab.md и notices клиента (ВР-26),"2 системы × ≤ 24 частиц; 0 источников света; ΔGPU ≤ 0,03 мс на K1",EN-11; EN-15; ASSET-ENV-KIT-001.FAB; tools/art/env_kit/ue_import_fab_fx.py
NS_Env_LanternFlame,env,фонари обеих карт,"Пламя фонарей (Stylish Fire NS_Stylish_Fire_3). В раскладках P5c, вклейки и lit3d. Без источников света",Fab-пак → ue_import_fab_fx.py (производная),NiagaraSystem CPU,/Game/EnvKit/FX/NS_Env_LanternFlame,-ArtPreviewNoFx (A/B); вид целиком — откат карты,технически импортировано,нет,"Fab Standard, личное: только личное и локальное использование (лично 2026-10-01)",уточнить: tools/art/env_kit/ue_import_fab_fx.py --check,EN-21; ASSET-ENV-KIT-001.FAB; tools/art/env_kit/ue_import_fab_fx.py
NS_Env_Campfire,env,Sarpedon P5c: костры,Костёр (Stylish Fire NS_Stylish_Fire_2). Раскладка P5c Sarpedon. Без источников света,Fab-пак → ue_import_fab_fx.py (производная),NiagaraSystem CPU,/Game/EnvKit/FX/NS_Env_Campfire,-ArtPreviewNoFx (A/B); вид целиком — откат карты,технически импортировано,нет,"Fab Standard, личное: только личное и локальное использование (лично 2026-10-01)",≤ 300 частиц на огонь (--check),ASSET-ENV-KIT-001.FAB; tools/art/env_kit/ue_import_fab_fx.py
NS_Env_ConceptFire,env,Sarpedon вклейка: огонь,Крупный менее насыщенный огонь для вклейки P7 (Stylish Fire NS_Stylish_Fire_2). Без источников света,Fab-пак → ue_import_fab_fx.py (производная),NiagaraSystem CPU,/Game/EnvKit/FX/NS_Env_ConceptFire,-ArtPreviewNoFx (A/B); вид целиком — откат карты,технически импортировано,нет,"Fab Standard, личное: только личное и локальное использование (лично 2026-10-01)",≤ 300 частиц на огонь (--check),ASSET-ENV-KIT-001.FAB; tools/art/env_kit/ue_import_fab_fx.py
NS_Env_FireCore,env,Sarpedon lit3d: ядро огня жаровни и форта,Слоистый огонь P9: ядро (Stylish Fire NS_Stylish_Fire_4). Огонь должен читаться на K1 (EN-22). Без источников света,Fab-пак → ue_import_fab_fx.py (производная),NiagaraSystem CPU,/Game/EnvKit/FX/NS_Env_FireCore,-ArtPreviewNoFx (A/B); вид целиком — откат карты,технически импортировано,нет,"Fab Standard, личное: только личное и локальное использование (лично 2026-10-01)","≤ 300 частиц на огонь; ΔGPU ≤ +0,05 мс на K1",EN-22; ASSET-ENV-KIT-001.FAB; tools/art/env_kit/ue_import_fab_fx.py
NS_Env_FireTongues,env,Sarpedon lit3d: языки огня,Слоистый огонь P9: языки (Stylish Fire NS_Stylish_Fire_1). Без источников света,Fab-пак → ue_import_fab_fx.py (производная),NiagaraSystem CPU,/Game/EnvKit/FX/NS_Env_FireTongues,-ArtPreviewNoFx (A/B); вид целиком — откат карты,технически импортировано,нет,"Fab Standard, личное: только личное и локальное использование (лично 2026-10-01)",≤ 300 частиц на огонь,EN-22; ASSET-ENV-KIT-001.FAB; tools/art/env_kit/ue_import_fab_fx.py
NS_Env_FireSmoke,env,Sarpedon lit3d: дым огня,"Слоистый огонь P9: лёгкий тёмный дым (Stylish Fire NS_Stylish_Fire_2, жизнь ×2). Без источников света",Fab-пак → ue_import_fab_fx.py (производная),NiagaraSystem CPU,/Game/EnvKit/FX/NS_Env_FireSmoke,-ArtPreviewNoFx (A/B); вид целиком — откат карты,технически импортировано,нет,"Fab Standard, личное: только личное и локальное использование (лично 2026-10-01)",≤ 300 частиц на огонь,EN-22; ASSET-ENV-KIT-001.FAB; tools/art/env_kit/ue_import_fab_fx.py
NS_Env_FireEmbers,env,Sarpedon lit3d: угольки огня,"Слоистый огонь P9: угольки (SoftTofu NS_Sparkling_Noise, оранжевые). Без источников света",Fab-пак → ue_import_fab_fx.py (производная),NiagaraSystem CPU,/Game/EnvKit/FX/NS_Env_FireEmbers,-ArtPreviewNoFx (A/B); вид целиком — откат карты,технически импортировано,нет,CC BY 4.0 (SoftTofuVFX): атрибуция в CREDITS-fab.md и notices клиента (ВР-26),≤ 300 частиц на огонь,EN-22; ASSET-ENV-KIT-001.FAB; tools/art/env_kit/ue_import_fab_fx.py
NS_Env_FallsSpray,env,Sarpedon lit3d: брызги каскада,Брызги и туман каскада водопада (SoftTofu NS_Sparkling_Noise). Без источников света,Fab-пак → ue_import_fab_fx.py (производная),NiagaraSystem CPU,/Game/EnvKit/FX/NS_Env_FallsSpray,-ArtPreviewNoFx (A/B); вид целиком — откат карты,технически импортировано,нет,CC BY 4.0 (SoftTofuVFX): атрибуция в CREDITS-fab.md и notices клиента (ВР-26),уточнить: tools/art/env_kit/ue_import_fab_fx.py --check,EN-19; ASSET-ENV-KIT-001.FAB; tools/art/env_kit/ue_import_fab_fx.py
T_Marmoreal_ConceptPlateA,env,Marmoreal: нарисованный задник,"Плита A вклейки Marmoreal: чистая плита ×2 с достройкой 20 % и запечённым слоем нарисованных фонарей (EN-01…EN-04, EN-07). Вид по умолчанию с EN-13 (ENV-U16); лист EN-16: технически PASS, художественно не принято (G-READ кромки HUD, EN-09, D1) — ВР-VS5-50",Codex/SYNTX → cp_bake.py → ue_import_concept_paste.py,Texture 4096×2048 BC7 с mip,/Game/EnvMaps/Marmoreal/ConceptPaste/T_Marmoreal_ConceptPlateA,-NoConceptPaste (P5c),технически импортировано,нет,"производная концепта env-v1 и иллюстрации карты: только LAN-сборка, вне git (ENV-U3, ВР-05)",VRAM ≈ 11 МБ с мипами,EN-07; EN-13; EN-16; docs/game-design/evidence/VISUAL/ENV-U16/README.md; tools/art/concept_paste/marmoreal.paste.json
T_Marmoreal_ConceptPlateB,env,Marmoreal: нарисованный задник (дальний план),"Плита B вклейки Marmoreal. После EN-02 покрывает весь rect B, bake.outsideFrame не нужен",Codex/SYNTX → cp_bake.py → ue_import_concept_paste.py,Texture 2048×1024 BC7,/Game/EnvMaps/Marmoreal/ConceptPaste/T_Marmoreal_ConceptPlateB,-NoConceptPaste (P5c),технически импортировано,нет,"производная концепта env-v1 и иллюстрации карты: только LAN-сборка, вне git (ENV-U3, ВР-05)","VRAM ≈ 2,8 МБ",EN-07; EN-13; EN-16; docs/game-design/evidence/VISUAL/ENV-U16/README.md; tools/art/concept_paste/marmoreal.paste.json
T_Marmoreal_ConceptAnim,env,Marmoreal: анимация задника,"Маска анимации вклейки (линейная): R — свечение фонарей, G — кроны сакур, B — туман у обрыва. В игре по умолчанию с EN-13 (MI_ConceptPaste_Anim), проверено на packaged b4938cab (EN-15 / EN-16)",скрипт build_masks.py → cp_bake.py → UE,Texture 2048×1024 линейная,/Game/EnvMaps/Marmoreal/ConceptPaste/T_Marmoreal_ConceptAnim,нет маски → статичная вклейка; вид -NoConceptPaste,технически импортировано,нет,"производная концепта env-v1 и иллюстрации карты: только LAN-сборка, вне git (ENV-U3, ВР-05)","VRAM ≈ 2,8 МБ",EN-04; EN-07; EN-16; docs/game-design/evidence/VISUAL/ENV-U16/README.md
T_Marmoreal_ConceptSea,env,—,"Слой моря вклейки Marmoreal. На Marmoreal воды нет (ВР-55), слой не используется",cp_bake.py → UE,Texture,/Game/EnvMaps/Marmoreal/ConceptPaste/T_Marmoreal_ConceptSea,—,технически импортировано,нет,"производная концепта env-v1 и иллюстрации карты: только LAN-сборка, вне git (ENV-U3, ВР-05)",—,tools/art/concept_paste/marmoreal.paste.json
T_Sarpedon_ConceptPlateA,env,Sarpedon: вариант paste,Плита A вклейки Sarpedon P7. Работает в варианте -ConceptPaste=paste; в lit3d по умолчанию альбедо — T_Env_S_AlbedoC0. Плиты и промпты лежат только в C:/tmp/envmaps-research,SYNTX/Codex (концепт sarpedon-v2) → cp_bake.py → UE,Texture BC7,/Game/EnvMaps/Sarpedon/ConceptPaste/T_Sarpedon_ConceptPlateA,—,технически импортировано,нет,"производная концепта env-v1 и иллюстрации карты: только LAN-сборка, вне git (ENV-U3, ВР-05)",—,tools/art/concept_paste/manifest.sarpedon.json
T_Sarpedon_ConceptPlateB,env,Sarpedon: вариант paste,Плита B вклейки Sarpedon P7 (дальний план). Работает в варианте -ConceptPaste=paste; в lit3d по умолчанию альбедо — T_Env_S_AlbedoC0. Плиты и промпты лежат только в C:/tmp/envmaps-research,SYNTX/Codex (концепт sarpedon-v2) → cp_bake.py → UE,Texture BC7,/Game/EnvMaps/Sarpedon/ConceptPaste/T_Sarpedon_ConceptPlateB,—,технически импортировано,нет,"производная концепта env-v1 и иллюстрации карты: только LAN-сборка, вне git (ENV-U3, ВР-05)",—,tools/art/concept_paste/manifest.sarpedon.json
T_Sarpedon_ConceptSea,env,Sarpedon: вариант paste,Слой моря вклейки Sarpedon. Работает в варианте -ConceptPaste=paste; в lit3d по умолчанию альбедо — T_Env_S_AlbedoC0. Плиты и промпты лежат только в C:/tmp/envmaps-research,SYNTX/Codex (концепт sarpedon-v2) → cp_bake.py → UE,Texture BC7,/Game/EnvMaps/Sarpedon/ConceptPaste/T_Sarpedon_ConceptSea,—,технически импортировано,нет,"производная концепта env-v1 и иллюстрации карты: только LAN-сборка, вне git (ENV-U3, ВР-05)",—,tools/art/concept_paste/manifest.sarpedon.json
T_Sarpedon_ConceptWater,env,Sarpedon: вариант paste,Маска воды вклейки Sarpedon. Работает в варианте -ConceptPaste=paste; в lit3d по умолчанию альбедо — T_Env_S_AlbedoC0. Плиты и промпты лежат только в C:/tmp/envmaps-research,SYNTX/Codex (концепт sarpedon-v2) → cp_bake.py → UE,Texture BC7,/Game/EnvMaps/Sarpedon/ConceptPaste/T_Sarpedon_ConceptWater,—,технически импортировано,нет,"производная концепта env-v1 и иллюстрации карты: только LAN-сборка, вне git (ENV-U3, ВР-05)",—,tools/art/concept_paste/manifest.sarpedon.json
T_Env_S_AlbedoC0,env,Sarpedon lit3d: альбедо острова,De-lit альбедо концепта sarpedon-v2 с камеры C0 для острова lit3d,cp_bake.py (de-lit) → UE,Texture,/Game/EnvMaps/Sarpedon/Scene/T_Env_S_AlbedoC0,"-ConceptPaste=paste, -EnvLayoutVariant=p5c",технически импортировано,нет,"производная концепта env-v1 и иллюстрации карты: только LAN-сборка, вне git (ENV-U3, ВР-05)",—,ASSET-ENV-S-ISLAND-001; tools/art/concept_paste/manifest.sarpedon.json
M_ConceptPaste,env,вклейка концепта обеих карт,"Материал вклейки: проекция плит с камеры концепта, unlit; каналы анимации (мерцание, ветер, туман) и reduced motion окружения (EN-06, дочерний MI_ConceptPaste_Anim). Цена на packaged (EN-15): вклейка Marmoreal K1 2,14 мс против P5c 2,48","UE (материал, ue_concept_material.py)",Material,/Game/EnvMaps/ConceptPaste/M_ConceptPaste,нет блока anim → статичная вклейка; вид -NoConceptPaste,технически импортировано,нет,свой (код и материалы проекта),"после EN-06: +2 выборки, ≤ 30 ALU, 0 draw calls; ΔGPU анимаций ≤ 0,10 мс на K1",EN-06; EN-10; EN-12; EN-07
T_ConceptPaste_Noise,env,вклейка: шум ветра и тумана,Текстура шума для каналов ветра и тумана вклейки,скрипт ue_concept_material.py,Texture,/Game/EnvMaps/ConceptPaste/T_ConceptPaste_Noise,—,технически импортировано,нет,свой (код и материалы проекта),1 выборка на пиксель листа,EN-06
marmoreal-clean,env,Marmoreal: плита задника (ENV-U16),"Чистая плита Marmoreal ×1 без нарисованных фонарей и пешек: 4 фонаря и 2 бра убраны, поле #808080; основа — композиция marmoreal-v1 (ВР-54). Файл вне git; в git — пакет без картинок",Codex image edit,PNG RGB 1672×941,"— (вход EN-07 → T_Marmoreal_ConceptPlateA/B, T_Marmoreal_ConceptAnim)",—,художественно принято,"по делегированию, пакет Codex e6551744, ревью в README пакета (ВР-VS2-81)",Codex image_gen: условия провайдера и дату записать до генерации; коммерческих прав не заявляем; только LAN-сборка (ВР-05); производная концепта и карты — вне git (ENV-U3),Codex ≤ 4 генерации image edit; SYNTX 0,EN-01; art/imagegen/env-u16-marmoreal-codex/; scraped-data/derived/env-u16-marmoreal-codex/marmoreal-clean.png
marmoreal-edit-masks,env,Marmoreal: плита задника (ENV-U16),"Маски правки ×1: поле, удаление, фонари. Файл вне git; в git — пакет без картинок","Codex (_tools, без генераций)",PNG 8-bit 1672×941 ×3,"— (вход EN-07 → T_Marmoreal_ConceptPlateA/B, T_Marmoreal_ConceptAnim)",—,художественно принято,"по делегированию, пакет Codex e6551744, ревью в README пакета (ВР-VS2-81)","свой: пакет Codex по подписке, без генераций изображений; производная концепта и карты — вне git (ENV-U3)",0 генераций,EN-01; art/imagegen/env-u16-marmoreal-codex/; scraped-data/derived/env-u16-marmoreal-codex/marmoreal-edit-masks.png
marmoreal-clean-ext,env,Marmoreal: плита задника (ENV-U16),Чистая плита с достройкой краёв на 20 %; оригинальная область побайтно равна EN-01. Файл вне git; в git — пакет без картинок,Codex (тайлы outpaint),PNG RGB 2340×1317,"— (вход EN-07 → T_Marmoreal_ConceptPlateA/B, T_Marmoreal_ConceptAnim)",—,предложено,нет,Codex image_gen: условия провайдера и дату записать до генерации; коммерческих прав не заявляем; только LAN-сборка (ВР-05); производная концепта и карты — вне git (ENV-U3),Codex ≤ 6 генераций; запас SYNTX ≤ 6 токенов,EN-02; art/imagegen/env-u16-marmoreal-codex/; scraped-data/derived/env-u16-marmoreal-codex/marmoreal-clean-ext.png
marmoreal-lit-ext,env,Marmoreal: плита задника (ENV-U16),"Достроенная плита, вариант «с фонарями». Файл вне git; в git — пакет без картинок",Codex (тайлы outpaint),PNG RGB 2340×1317,"— (вход EN-07 → T_Marmoreal_ConceptPlateA/B, T_Marmoreal_ConceptAnim)",—,предложено,нет,Codex image_gen: условия провайдера и дату записать до генерации; коммерческих прав не заявляем; только LAN-сборка (ВР-05); производная концепта и карты — вне git (ENV-U3),в бюджете EN-02,EN-02; art/imagegen/env-u16-marmoreal-codex/; scraped-data/derived/env-u16-marmoreal-codex/marmoreal-lit-ext.png
marmoreal-extended-2x,env,Marmoreal: плита задника (ENV-U16),Детализация ×2 чистой достроенной плиты (Magnific precision_v2). Файл вне git; в git — пакет без картинок,SYNTX magnific/precision_v2,PNG RGB 4680×2634,"— (вход EN-07 → T_Marmoreal_ConceptPlateA/B, T_Marmoreal_ConceptAnim)",—,предложено,нет,"SYNTX magnific/precision_v2: оферта пп. 9.1, 9.4, 3.3 и условия провайдера — ссылку и дату записать до генерации; коммерческих прав не заявляем; только LAN-сборка (ВР-05); производная концепта и карты — вне git (ENV-U3)",SYNTX ≤ 12 токенов (из ≤ 24 на EN-03),EN-03; art/imagegen/env-u16-marmoreal-codex/; scraped-data/derived/env-u16-marmoreal-codex/marmoreal-extended-2x.png
marmoreal-lit-extended-2x,env,Marmoreal: плита задника (ENV-U16),Детализация ×2 варианта «с фонарями». Файл вне git; в git — пакет без картинок,SYNTX magnific/precision_v2,PNG RGB 4680×2634,"— (вход EN-07 → T_Marmoreal_ConceptPlateA/B, T_Marmoreal_ConceptAnim)",—,предложено,нет,"SYNTX magnific/precision_v2: оферта пп. 9.1, 9.4, 3.3 и условия провайдера — ссылку и дату записать до генерации; коммерческих прав не заявляем; только LAN-сборка (ВР-05); производная концепта и карты — вне git (ENV-U3)",SYNTX ≤ 12 токенов,EN-03; art/imagegen/env-u16-marmoreal-codex/; scraped-data/derived/env-u16-marmoreal-codex/marmoreal-lit-extended-2x.png
marmoreal-anim-masks-2x,env,Marmoreal: плита задника (ENV-U16),"Маски анимации ×2: альфа и свечение фонарей, сакура, туман, лепестки; lanterns.json — 7 записей. Файл вне git; в git — пакет без картинок",скрипт Codex _tools/build_masks.py (без генераций),PNG 8-bit 4680×2634 ×5,"— (вход EN-07 → T_Marmoreal_ConceptPlateA/B, T_Marmoreal_ConceptAnim)",—,предложено,нет,"свой: пакет Codex по подписке, без генераций изображений; производная концепта и карты — вне git (ENV-U3)",0 генераций; ≤ 60 с на маску,EN-04; art/imagegen/env-u16-marmoreal-codex/; scraped-data/derived/env-u16-marmoreal-codex/marmoreal-anim-masks-2x.png
marmoreal-lanterns-2x,env,Marmoreal: плита задника (ENV-U16),Слой фонарей ×2 для запекания в PlateA и PlateB. Файл вне git; в git — пакет без картинок,скрипт Codex _tools/build_masks.py,PNG RGBA 4680×2634,"— (вход EN-07 → T_Marmoreal_ConceptPlateA/B, T_Marmoreal_ConceptAnim)",—,предложено,нет,"свой: пакет Codex по подписке, без генераций изображений; производная концепта и карты — вне git (ENV-U3)",0 генераций,EN-04; art/imagegen/env-u16-marmoreal-codex/; scraped-data/derived/env-u16-marmoreal-codex/marmoreal-lanterns-2x.png
marmoreal-anim-2x,env,Marmoreal: плита задника (ENV-U16),Слой анимации ×2. Файл вне git; в git — пакет без картинок,скрипт Codex _tools/build_masks.py,PNG RGBA 4680×2634,"— (вход EN-07 → T_Marmoreal_ConceptPlateA/B, T_Marmoreal_ConceptAnim)",—,предложено,нет,"свой: пакет Codex по подписке, без генераций изображений; производная концепта и карты — вне git (ENV-U3)",0 генераций,EN-04; art/imagegen/env-u16-marmoreal-codex/; scraped-data/derived/env-u16-marmoreal-codex/marmoreal-anim-2x.png
PROC_Env_MarmorealLanternFlicker,env,Marmoreal: постоянно в партии,Мерцание 4 фонарей и 2 бра: накладка по маске и 5 точечных источников без теней (ВР-55). Id по ВР-RG02,UE (C++ + профиль),профиль conceptPaste.lights и .anim.lanterns,S08ArtBoardProfiles.json marmoreal-original.conceptPaste; US08ConceptPasteAnimComponent,-NoConceptPaste (свет раскладки P5c),технически импортировано,нет,свой (код и материалы проекта),"5 источников (6 с moon-pool), без теней; 0 draw calls; ΔGPU ≤ 0,05 мс на K1",EN-08; EN-15; EN-16; docs/game-design/evidence/VISUAL/ENV-U16/README.md
PROC_Env_MarmorealWind,env,Marmoreal: постоянно в партии,"Ветер в нарисованных сакурах: UV-искажение по маске G (ВР-55), ampPx 0,4 (ВР-VS5-47: packaged G7 15,7–19,2 %). Id по ВР-RG02",UE (канал материала + профиль),профиль conceptPaste.anim.wind,M_ConceptPaste (WindParams) через профиль marmoreal-original,wind не задан → 0; вид -NoConceptPaste,технически импортировано,нет,свой (код и материалы проекта),"0 draw calls; входит в ΔGPU анимаций ≤ 0,10 мс",EN-10; EN-16; docs/game-design/evidence/VISUAL/ENV-U16/README.md
PROC_Env_MarmorealMist,env,Marmoreal: постоянно в партии,Лёгкий туман у подошвы обрыва: канал материала вклейки по маске B (ВР-55). Id по ВР-RG02,UE (канал материала + профиль),профиль conceptPaste.anim.mist,"M_ConceptPaste (MistParams, MistColor, MistNoise)",mist не задан → тумана нет; вид -NoConceptPaste,технически импортировано,нет,свой (код и материалы проекта),1 выборка шума; 0 draw calls,EN-12; EN-16; docs/game-design/evidence/VISUAL/ENV-U16/README.md
marmoreal.layout,env,Marmoreal P5c,"Раскладка P5c Marmoreal: дворец, деревья Forest, фонари на тумбах, поднос T2b, туман и луна. С EN-13 (8ea9c6c9) — только откат -NoConceptPaste (ВР-56). Приёмка ENV-U15 «1 Принято» (лично 2026-10-01) заменена ENV-U16",скрипты env_kit / concept_paste / concept_scene,JSON раскладки (EnvLayouts),Config/ArtBoards/EnvLayouts/marmoreal.layout.json,"-NoConceptPaste (= -ConceptPaste=0, -EnvLayoutVariant=p5c)",технически импортировано,нет,свой (код и материалы проекта),—,EN-13; unreal/Unmatched/Config/ArtBoards/EnvLayouts/marmoreal.layout.json
marmoreal.concept.layout,env,Marmoreal: нарисованный задник,"Раскладка нарисованного Marmoreal (вклейка kind=paste, ВР-53): лепестки, светлячки, свет фонарей. Вид по умолчанию с EN-13 (8ea9c6c9). Решение пользователя 2026-10-04: «Нарисованный задник»",скрипты env_kit / concept_paste / concept_scene,JSON раскладки (EnvLayouts),Config/ArtBoards/EnvLayouts/marmoreal.concept.layout.json,"-NoConceptPaste (= -ConceptPaste=0, -EnvLayoutVariant=p5c)",технически импортировано,нет,свой (код и материалы проекта),"раскладка Marmoreal: вклейка ≤ P5c + 0,10 мс на K1 (EN-15)",EN-05; EN-07; EN-09; EN-11; EN-13; EN-15; EN-16; EN-17; unreal/Unmatched/Config/ArtBoards/EnvLayouts/marmoreal.concept.layout.json
marmoreal.user.layout,env,Marmoreal: вариант пользователя,NoAI-вариант раскладки Marmoreal только для пользователя (Megaplants),скрипты env_kit / concept_paste / concept_scene,JSON раскладки (EnvLayouts),Config/ArtBoards/EnvLayouts/marmoreal.user.layout.json,только по выбору пользователя,технически импортировано,нет,свой (код и материалы проекта),—,unreal/Unmatched/Config/ArtBoards/EnvLayouts/marmoreal.user.layout.json
sarpedon.layout,env,Sarpedon P5c,"Раскладка P5c Sarpedon: костры, светлячки, фонари, лес Fantasy_Forest",скрипты env_kit / concept_paste / concept_scene,JSON раскладки (EnvLayouts),Config/ArtBoards/EnvLayouts/sarpedon.layout.json,сама является откатом: -EnvLayoutVariant=p5c,технически импортировано,нет,свой (код и материалы проекта),—,unreal/Unmatched/Config/ArtBoards/EnvLayouts/sarpedon.layout.json
sarpedon.concept.layout,env,Sarpedon: вариант paste,Раскладка плоской вклейки P7c Sarpedon,скрипты env_kit / concept_paste / concept_scene,JSON раскладки (EnvLayouts),Config/ArtBoards/EnvLayouts/sarpedon.concept.layout.json,вариант -ConceptPaste=paste,технически импортировано,нет,свой (код и материалы проекта),—,unreal/Unmatched/Config/ArtBoards/EnvLayouts/sarpedon.concept.layout.json
sarpedon.scene.layout,env,Sarpedon lit3d (по умолчанию),"Раскладка lit3d Sarpedon по умолчанию (путь 1): остров, корабль, форт, водопад, слоистый огонь, фонари, знамя. Направление — лично 2026-10-04 («lit3d — путь 1»); вид P10 — по делегированию (РД-3), FAIL SSIM корабля 0,442, G2, G4, G6; арт-приёмки нет",скрипты env_kit / concept_paste / concept_scene,JSON раскладки (EnvLayouts),Config/ArtBoards/EnvLayouts/sarpedon.scene.layout.json,"-ConceptPaste=paste, -EnvLayoutVariant=p5c",технически импортировано,нет,свой (код и материалы проекта),"G8: K1 ≤ 3,5 мс; K2 ×1,6 ≤ 3,8 мс (EN-25)",EN-05; EN-19; EN-20; EN-21; EN-22; EN-23; EN-24; EN-25; unreal/Unmatched/Config/ArtBoards/EnvLayouts/sarpedon.scene.layout.json
sarpedon.user.layout,env,Sarpedon: вариант пользователя,NoAI-вариант раскладки Sarpedon только для пользователя (камни StyleHex),скрипты env_kit / concept_paste / concept_scene,JSON раскладки (EnvLayouts),Config/ArtBoards/EnvLayouts/sarpedon.user.layout.json,только по выбору пользователя,технически импортировано,нет,свой (код и материалы проекта),—,unreal/Unmatched/Config/ArtBoards/EnvLayouts/sarpedon.user.layout.json
_template.paste,env,будущие настоящие карты,"Шаблон paste.json и правило задника для будущих карт: вклейка по умолчанию, lit3d — если вклейка не держит читаемость на K2 (ВР-58)",документ + шаблон,JSON-шаблон и MD ≤ 250 строк,—,—,технически импортировано,"по делегированию 2026-10-08, EN-18 (VS-5 48525449)",свой (код и материалы проекта),—,EN-18; docs/art-pipeline/ENV-BACKDROP-RULES.md; tools/art/concept_paste/_template.paste.json
M_MapBackdropMist,env,задник P5c: туман,Туман задника P5c: 2 слоя с шумом. Во вклейке скрыт (hide fog),"UE (материал, S08MapBackdrop)",Material,/Game/EnvMaps/M_MapBackdropMist,виден только в P5c,технически импортировано,нет,свой (код и материалы проекта),—,unreal/Unmatched/Config/ArtBoards/S08ArtBoardProfiles.json
M_MapBackdropMoon,env,задник P5c: луна,Луна задника P5c. Во вклейке скрыта (hide backdrop),"UE (материал, S08MapBackdrop)",Material,/Game/EnvMaps/M_MapBackdropMoon,виден только в P5c,технически импортировано,нет,свой (код и материалы проекта),—,unreal/Unmatched/Config/ArtBoards/S08ArtBoardProfiles.json
T_Ground_<Set>,env,земля P5c обеих карт,"Наборы земли CC0 для splat-земли M_EnvGround: Grass005, Gravel021, Ground055S, Ground076, Moss002, Planks023A, Tiles143, WaterRipple. Id-шаблон по ВР-RG06",CC0 (ambientCG),Texture BC/N/ORMH 2K,/Game/EnvKit/Ground/Sets/,виден только в P5c,технически импортировано,нет,CC0: учёт в docs/art-pipeline/material-library/README.md,—,ASSET-ENV-KIT-001
TC_S08_AmbientDome,env,свет сцены S08,Кубическая карта окружающего света сцены S08,UE,TextureCube,/Game/S08/Render/TC_S08_AmbientDome,—,технически импортировано,нет,свой (код и материалы проекта),—,unreal/Unmatched/Content/S08/Render/
env-v1-concepts,env,—,"Концепты окружения env-v1 (Codex image edit по рендеру основы и референсу диорамы пользователя): marmoreal-v1/v2, sarpedon-v1/v2. Выбор лично (ENV-U8): marmoreal-v1 и sarpedon-v2 — основа моделирования, не арт-приёмка. Картинки вне git",Codex (встроенный imagegen),PNG вне git (scraped-data/derived/concepts/env-v1/),—,—,предложено,нет,свой: ImageGen (встроенный в Codex); условия провайдера — уточнить: RESEARCH-2026-10-05.md §права,—,art/imagegen/env-v1/concepts/manifest.json
mvp-v1-environment,env,—,"Концепты окружения mvp-v1. Предложение, не используется",ImageGen (mvp-v1),PNG,—,—,предложено,нет,свой: ImageGen (встроенный в Codex); условия провайдера — уточнить: RESEARCH-2026-10-05.md §права,—,art/imagegen/mvp-v1/environment/
StylizedForest,env,сырьё пака (в игре — только производные),"Пак StylizedForest (SilverSet Studios): розовые деревья (сакура Marmoreal P5c), дубы, кусты, заборы, камни","Fab (Epic Games Launcher, аккаунт пользователя)",пак Content,/Game/StylizedForest/ (вне git),—,технически импортировано,нет,"Fab Standard, личное: только личное и локальное использование (лично 2026-10-01)",—,docs/art-pipeline/CREDITS-fab.md
Megaplant_Library,env,сырьё пака (в игре — только производные),Пак Megaplant_Library (Quixel Megaplants): Yoshino Cherry: вариант сакуры только для пользователя,"Fab (Epic Games Launcher, аккаунт пользователя)",пак Content,/Game/Megaplant_Library/ (вне git),—,технически импортировано,нет,"Fab Standard, NoAI: агент не открывает, кадры с ним не подаются ИИ",—,docs/art-pipeline/CREDITS-fab.md
Fantasy_Forest,env,сырьё пака (в игре — только производные),Пак Fantasy_Forest (Gairisa): тёмный лес по кромке Sarpedon,"Fab (Epic Games Launcher, аккаунт пользователя)",пак Content,/Game/Fantasy_Forest/ (вне git),—,технически импортировано,нет,"Fab Standard, личное: только личное и локальное использование (лично 2026-10-01)",—,docs/art-pipeline/CREDITS-fab.md
Vine_Plants,env,сырьё пака (в игре — только производные),"Пак Vine_Plants (Gairisa): плющ и лианы: колоннада, задняя стена, руины форта","Fab (Epic Games Launcher, аккаунт пользователя)",пак Content,/Game/Vine_Plants/ (вне git),—,технически импортировано,нет,"Fab Standard, личное: только личное и локальное использование (лично 2026-10-01)",—,docs/art-pipeline/CREDITS-fab.md
Flowers_Pots,env,сырьё пака (в игре — только производные),Пак Flowers_Pots (Gairisa): цветы в вазонах и клумбы Marmoreal,"Fab (Epic Games Launcher, аккаунт пользователя)",пак Content,/Game/Flowers_Pots/ (вне git),—,технически импортировано,нет,"Fab Standard, личное: только личное и локальное использование (лично 2026-10-01)",—,docs/art-pipeline/CREDITS-fab.md
Stylish_Fire_VFX,env,сырьё пака (в игре — только производные),"Пак Stylish_Fire_VFX (VfxSTOCK): огонь костров, фонарей, слоистый огонь P9 (источник NS_Env_Fire*)","Fab (Epic Games Launcher, аккаунт пользователя)",пак Content,/Game/Stylish_Fire_VFX/ (вне git),—,технически импортировано,нет,"Fab Standard, личное: только личное и локальное использование (лично 2026-10-01)",—,docs/art-pipeline/CREDITS-fab.md
Particles_Wind_Control_System,env,сырьё пака (в игре — только производные),"Пак Particles_Wind_Control_System (Dragon Motion): скачан, в игре не используется: светлячки и свеча добавляют PointLight","Fab (Epic Games Launcher, аккаунт пользователя)",пак Content,/Game/Particles_Wind_Control_System/ (вне git),—,технически импортировано,нет,"бесплатно (Permanent Collection), личное",—,docs/art-pipeline/CREDITS-fab.md
FreeParticle_SoftTofu,env,сырьё пака (в игре — только производные),"Пак FreeParticle_SoftTofu (SoftTofuVFX): лепестки, перья, искры (источник NS_Env_CherryPetals, _Fireflies, _FireEmbers, _FallsSpray)","Fab (Epic Games Launcher, аккаунт пользователя)",пак Content,/Game/FreeParticle_SoftTofu/ (вне git),—,технически импортировано,нет,CC BY 4.0 (SoftTofuVFX): атрибуция в CREDITS-fab.md и notices клиента (ВР-26),—,docs/art-pipeline/CREDITS-fab.md
WaterMaterials,env,сырьё пака (в игре — только производные),Пак WaterMaterials (tharlevfx): текстуры воды для M_EnvSea и M_EnvWaterfall Sarpedon,"Fab (Epic Games Launcher, аккаунт пользователя)",пак Content,/Game/WaterMaterials/ (вне git),—,технически импортировано,нет,CC BY 4.0 (tharlevfx): атрибуция в CREDITS-fab.md,—,docs/art-pipeline/CREDITS-fab.md
StyleHex_Studio,env,сырьё пака (в игре — только производные),Пак StyleHex_Studio (StyleHex Studio): камни: только вариант раскладки пользователя,"Fab (Epic Games Launcher, аккаунт пользователя)",пак Content,/Game/StyleHex_Studio/ (вне git),—,технически импортировано,нет,"Fab Standard, NoAI: агент не открывает, кадры не подаются ИИ",—,docs/art-pipeline/CREDITS-fab.md
